structureRankPerFormula	formulaRank	ConfidenceScore	CSI:FingerIDScore	molecularFormula	adduct	InChIkey2D	InChI	name	smiles	xlogp	pubchemids	links	dbflags
1	1	N/A	-24.37650302581729	C15H24O10	[M - H2O + H]+	XUWSHXDEJOOIND	InChI=1S/C15H24O10/c1-14(21)4-7(17)15(22)2-3-23-13(11(14)15)25-12-10(20)9(19)8(18)6(5-16)24-12/h2-3,6-13,16-22H,4-5H2,1H3	Harpagide	CC1(CC(C2(C1C(OC=C2)OC3C(C(C(C(O3)CO)O)O)O)O)O)O	-3.29999995	93045;4678529;7092968;12310361;10044294;21604821;45783033;51026735;44438955;51694522;51694523;51694524;54748480;98683189;98683190;101286236;101955914;124871106;131707815;133561884;133612270;138107419;138113340;139292155	SuperNatural:(SN00034435 SN00293836 SN00255117 SN00330000 SN00034434 SN00036223 SN00308658 SN00034433 SN00034432 SN00352355 SN00324099);ZINC bio:(ZINC04082157 ZINC35465901 ZINC35465903 ZINC35465905 ZINC35465907);additional;MeSH:(93045 4678529 10044294 44438955 54748480 101286236 133612270 138113340);PubMed;NORMAN:(NS00043280);COCONUT:(CNP0262747);KNApSAcK:(10569);Natural Products:(UNPD83385 UNPD115090 UNPD156971 UNPD76628 UNPD190944 UNPD74236 UNPD29822);PubChem:(93045 4678529 7092968 12310361 10044294 21604821 45783033 51026735 44438955 51694522 51694523 51694524 54748480 98683189 98683190 101286236 101955914 124871106 131707815 133561884 133612270 138107419 138113340 139292155);PubChem class - safety and toxic;Training Set;KEGG Mine	8661033046
2	1	N/A	-52.74504593093245	C15H24O10	[M - H2O + H]+	XPRBGBUKKZEUFV	InChI=1S/C15H24O10/c1-14(21)7(17)4-15(22)2-3-23-13(11(14)15)25-12-10(20)9(19)8(18)6(5-16)24-12/h2-3,6-13,16-22H,4-5H2,1H3	(1S,4aS,6R,7R,7aS)-7-methyl-1-[(2S,3R,4S,5S,6R)-3,4,5-trihydroxy-6-(hydroxymethyl)oxan-2-yl]oxy-1,5,6,7a-tetrahydrocyclopenta[c]pyran-4a,6,7-triol	CC1(C(CC2(C1C(OC=C2)OC3C(C(C(C(O3)CO)O)O)O)O)O)O	-3.29999995	21628747	COCONUT:(CNP0396920);Natural Products:(UNPD42756);PubChem:(21628747);SuperNatural:(SN00354389)	3178498
3	1	N/A	-61.42993372994694	C15H24O10	[M - H2O + H]+	PGXDXRHNNOBDOF	InChI=1S/C15H24O10/c16-4-8-10(19)11(20)12(21)14(24-8)25-13-9-6(1-2-23-13)7(18)3-15(9,22)5-17/h1-2,6-14,16-22H,3-5H2	(2S,3R,4S,5S,6R)-2-[[(1S,4aR,5R,7S,7aS)-5,7-dihydroxy-7-(hydroxymethyl)-4a,5,6,7a-tetrahydro-1H-cyclopenta[c]pyran-1-yl]oxy]-6-(hydroxymethyl)oxane-3,4,5-triol	C1C(C2C=COC(C2C1(CO)O)OC3C(C(C(C(O3)CO)O)O)O)O	-3.20000005	21579560	COCONUT:(CNP0182912);Natural Products:(UNPD129201);PubChem:(21579560);SuperNatural:(SN00346813);KEGG Mine	8593113090
4	1	N/A	-67.92157683097403	C15H24O10	[M - H2O + H]+	IFPSUYBBTSFRGH	InChI=1S/C15H24O10/c1-15(22)7-5(8(17)12(15)21)2-3-23-13(7)25-14-11(20)10(19)9(18)6(4-16)24-14/h2-3,5-14,16-22H,4H2,1H3	(1S,4aR,5R,6S,7R,7aS)-7-methyl-1-[(2S,3R,4S,5S,6R)-3,4,5-trihydroxy-6-(hydroxymethyl)oxan-2-yl]oxy-4a,5,6,7a-tetrahydro-1H-cyclopenta[c]pyran-5,6,7-triol	CC1(C2C(C=COC2OC3C(C(C(C(O3)CO)O)O)O)C(C1O)O)O	-3.20000005	14414191;21604820	COCONUT:(CNP0107035);KNApSAcK:(10659);Natural Products:(UNPD41250 UNPD715);PubChem:(14414191 21604820);SuperNatural:(SN00384231 SN00246584);KEGG Mine	8593113106
5	1	N/A	-114.73373293671006	C15H24O10	[M - H2O + H]+	ONVSLIABOQNOOO	InChI=1S/C15H24O10/c16-4-7-10(19)11(20)12(21)14(24-7)25-13-9-6(1-2-23-13)3-8(18)15(9,22)5-17/h1-2,6-14,16-22H,3-5H2	(2S,3R,4S,5S,6R)-2-[[(1S,4aR,6R,7S,7aS)-6,7-dihydroxy-7-(hydroxymethyl)-4a,5,6,7a-tetrahydro-1H-cyclopenta[c]pyran-1-yl]oxy]-6-(hydroxymethyl)oxane-3,4,5-triol	C1C2C=COC(C2C(C1O)(CO)O)OC3C(C(C(C(O3)CO)O)O)O	-2.70000005	11610255	COCONUT:(CNP0114929);KNApSAcK:(30588);Natural Products:(UNPD25110);PubChem:(11610255);SuperNatural:(SN00283718)	3178514
6	1	N/A	-121.06364308452805	C15H24O10	[M - H2O + H]+	CVJNOWBERCFOTA	InChI=1S/C15H24O10/c16-3-7-10(18)11(19)12(20)14(23-7)25-13-9-5-1-8(24-13)22-4-15(9,21)2-6(5)17/h5-14,16-21H,1-4H2	null	C1C2C(CC3(C2C(OC1OC3)OC4C(C(C(C(O4)CO)O)O)O)O)O	-2.54489446	""	COCONUT:(CNP0279814);Natural Products:(UNPD141841);SuperNatural:(SN00375024)	3178496
7	1	N/A	-160.21852253185304	C15H24O10	[M - H2O + H]+	VSKORLRIJDSSSC	InChI=1S/C15H24O10/c1-13(20)2-3-14(21)4-5-23-12(9(13)14)24-11-8(18)7(17)10(19)15(22,6-16)25-11/h4-5,7-12,16-22H,2-3,6H2,1H3	null	CC1(CCC2(C1C(OC=C2)OC3C(C(C(C(O3)(CO)O)O)O)O)O)O	-3.0999999	90474001;100273144;100273154;100273165;100273176	PubChem:(90474001 100273144 100273154 100273165 100273176);COCONUT:(CNP0076050)	2097154
8	1	N/A	-163.0872057067455	C15H24O10	[M - H2O + H]+	NYCXYIWXBJWWIL	InChI=1S/C15H24O10/c16-3-6-9(19)10(20)11(21)14(23-6)24-13-7-5(1-2-22-13)8(18)12-15(7,4-17)25-12/h5-14,16-21H,1-4H2	Dihydrocatalpol	C1COC(C2C1C(C3C2(O3)CO)O)OC4C(C(C(C(O4)CO)O)O)O	-3.29999995	5705531;4392508;21550289;137322608	COCONUT:(CNP0252874);KNApSAcK:(34480);Natural Products:(UNPD132750);PubChem:(5705531 4392508 21550289 137322608);SuperNatural:(SN00162392 SN00163734 SN00135972);ZINC bio:(ZINC44418123);PubMed	3186770
9	1	N/A	-330.3385107691465	C15H24O10	[M - H2O + H]+	YFLZCQUNBOUPIK	InChI=1S/C15H24O10/c1-9(16)25-15-10(5-19-2)22-6-11(23-7-12(17)20-3)14(15)24-8-13(18)21-4/h10-11,14-15H,5-8H2,1-4H3	4-Aacmg	CC(=O)OC1C(OCC(C1OCC(=O)OC)OCC(=O)OC)COC	-0.600000024	125927;14824433	MeSH:(125927);PubChem:(125927 14824433);PubMed	70
1	1	0.25490662036338324	-18.675649111294614	C15H22O9	[M + H]+	RJWJHRPNHPHBRN	InChI=1S/C15H22O9/c16-4-6-3-8(18)7-1-2-22-14(10(6)7)24-15-13(21)12(20)11(19)9(5-17)23-15/h1-3,7-21H,4-5H2	Aucubin	C1=COC(C2C1C(C=C2CO)O)OC3C(C(C(C(O3)CO)O)O)O	-3.0	91458;348157;372840;2751825;2752068;7098685;12358432;10020493;11110762;11198783;11875891;11887213;11887214;11887215;11887216;11887217;11887218;11887219;16760065;22489711;44202880;92269360;92269361;100806017;100956133;102552753;125040022;125462848;124708021;124708123;124768672;124906526;124916799;124916800;124916801;124350854;138114249;139292051	HMDB:(36562);SuperNatural:(SN00010603 SN00359488 SN00010600 SN00238102 SN00161684 SN00071902 SN00006965 SN00010602 SN00130047 SN00177501 SN00013551 SN00130046 SN00164266 SN00271883 SN00010604 SN00336673 SN00384829 SN00271970 SN00284110 SN00244607 SN00013550 SN00327934 SN00010601);ZINC bio:(ZINC04073951 ZINC04098334 ZINC04268259 ZINC04268261 ZINC04268262 ZINC04268265 ZINC04268352 ZINC04268353 ZINC04268354 ZINC05566519 ZINC05566520);additional;MeSH:(91458);PubMed;NORMAN:(NS00043461);COCONUT:(CNP0242593);KNApSAcK:(3073);Natural Products:(UNPD100419 UNPD83200 UNPD124951 UNPD187612 UNPD19856 UNPD69981 UNPD15122 UNPD162935 UNPD53264 UNPD12516 UNPD53248);PubChem:(91458 348157 372840 2751825 2752068 7098685 12358432 10020493 11110762 11198783 11875891 11887213 11887214 11887215 11887216 11887217 11887218 11887219 16760065 22489711 44202880 92269360 92269361 100806017 100956133 102552753 125040022 125462848 124708021 124708123 124768672 124906526 124916799 124916800 124916801 124350854 138114249 139292051);CHEBI:(69796);PubChem class - bio and metabolites;KEGG:(C09771);PubChem class - safety and toxic;Training Set	87875966
2	1	N/A	-51.9436513003835	C15H22O9	[M + H]+	QZDZJFPCACBGIO	InChI=1S/C15H22O9/c16-5-8-10(18)11(19)12(20)14(23-8)24-13-9-7(2-4-22-13)1-3-15(9,21)6-17/h1-4,7-14,16-21H,5-6H2	null	C1=CC(C2C1C=COC2OC3C(C(C(C(O3)CO)O)O)O)(CO)O	-2.26536322	""	COCONUT:(CNP0116149);KNApSAcK:(10547);Natural Products:(UNPD23088);KEGG Mine	8592064528
3	1	N/A	-65.48260121478684	C15H22O9	[M + H]+	DINMMVOHYZBIQX	InChI=1S/C15H22O9/c1-15-7-5(8(17)12(15)24-15)2-3-21-13(7)23-14-11(20)10(19)9(18)6(4-16)22-14/h2-3,5-14,16-20H,4H2,1H3	null	CC12C3C(C=COC3OC4C(C(C(C(O4)CO)O)O)O)C(C1O2)O	-2.20000005	101928761	COCONUT:(CNP0196108);Natural Products:(UNPD138683 UNPD190850);PubChem:(101928761);SuperNatural:(SN00321883 SN00230107)	3178498
4	1	N/A	-65.82636465298482	C15H22O9	[M + H]+	WOWLZVXPLCQTSV	InChI=1S/C15H22O9/c1-15(21)8(17)4-6-2-3-22-13(9(6)15)24-14-12(20)11(19)10(18)7(5-16)23-14/h2-4,7-14,16-21H,5H2,1H3	null	CC1(C(C=C2C1C(OC=C2)OC3C(C(C(C(O3)CO)O)O)O)O)O	-2.70000005	127043597	COCONUT:(CNP0153205);Natural Products:(UNPD178582 UNPD35414);PubChem:(127043597);SuperNatural:(SN00367467);PubMed	3178562
5	1	N/A	-75.09931458052252	C15H22O9	[M + H]+	RPLYFIDPUPZXQC	InChI=1S/C15H22O9/c16-3-6-5-22-14(7-1-2-8(18)10(6)7)24-15-13(21)12(20)11(19)9(4-17)23-15/h1-2,5,7-21H,3-4H2	null	C1=CC(C2C1C(OC=C2CO)OC3C(C(C(C(O3)CO)O)O)O)O	-3.0	101281308	COCONUT:(CNP0419943);KNApSAcK:(10532);Natural Products:(UNPD115017);PubChem:(101281308);SuperNatural:(SN00260836)	3178514
6	1	N/A	-77.82611278795132	C15H22O9	[M + H]+	ODODCCJADTXAKN	InChI=1S/C15H22O9/c16-5-7-1-2-15(21)3-4-22-13(9(7)15)24-14-12(20)11(19)10(18)8(6-17)23-14/h1,3-4,8-14,16-21H,2,5-6H2	null	C1C=C(C2C1(C=COC2OC3C(C(C(C(O3)CO)O)O)O)O)CO	-2.14666271	""	COCONUT:(CNP0216248);Natural Products:(UNPD103836 UNPD113218);SuperNatural:(SN00387946 SN00265471)	3178496
7	1	N/A	-77.99185735887477	C15H22O9	[M + H]+	RUROMUOJORASTD	InChI=1S/C15H22O9/c1-14-7(24-14)4-15(20)2-3-21-13(11(14)15)23-12-10(19)9(18)8(17)6(5-16)22-12/h2-3,6-13,16-20H,4-5H2,1H3	(2S,3R,4S,5S,6R)-2-[[(1aR,1bS,2S,5aS,6aS)-5a-hydroxy-1a-methyl-1b,2,6,6a-tetrahydrooxireno[1,2]cyclopenta[4,5-b]pyran-2-yl]oxy]-6-(hydroxymethyl)oxane-3,4,5-triol	CC12C(O1)CC3(C2C(OC=C3)OC4C(C(C(C(O4)CO)O)O)O)O	-2.29999995	5259442;21604823	COCONUT:(CNP0260450);KNApSAcK:(10480);Natural Products:(UNPD117567 UNPD141081 UNPD395);PubChem:(5259442 21604823);SuperNatural:(SN00347727 SN00267011)	3178514
8	1	N/A	-89.78205987943802	C15H22O9	[M + H]+	NZUIJGRMABSDPS	InChI=1S/C15H22O9/c1-5-8-6(10(18)9(5)17)2-3-22-14(8)24-15-13(21)12(20)11(19)7(4-16)23-15/h2-3,6-21H,1,4H2	null	C=C1C2C(C=COC2OC3C(C(C(C(O3)CO)O)O)O)C(C1O)O	-2.70000005	102333345	COCONUT:(CNP0156237);KNApSAcK:(35959);Natural Products:(UNPD175864);PubChem:(102333345);SuperNatural:(SN00365165)	3178514
9	1	N/A	-93.3701979735226	C15H22O9	[M + H]+	QSOURIMNVDBNHL	InChI=1S/C15H22O9/c1-4-3-21-14(7-6(4)9(18)13-12(7)23-13)24-15-11(20)10(19)8(17)5(2-16)22-15/h3,5-20H,2H2,1H3	Deutzioside	CC1=COC(C2C1C(C3C2O3)O)OC4C(C(C(C(O4)CO)O)O)O	-2.4000001	443352;4490613	COCONUT:(CNP0120022);KNApSAcK:(10613);Natural Products:(UNPD32835 UNPD95449 UNPD135191);PubChem:(443352 4490613);SuperNatural:(SN00357884 SN00372171 SN00386445);CHEBI:(4458);KEGG:(C11671)	3178802
10	1	N/A	-104.12164520081436	C15H22O9	[M + H]+	PESNXVJICRFESF	InChI=1S/C15H22O9/c16-5-9(19)14(7-1-3-8(18)4-2-7)24-15-13(22)12(21)11(20)10(6-17)23-15/h1-4,9-22H,5-6H2	null	C1=CC(=CC=C1C(C(CO)O)OC2C(C(C(C(O2)CO)O)O)O)O	-1.79616928	""	COCONUT:(CNP0163731);Natural Products:(UNPD70109 UNPD167568);SuperNatural:(SN00320992 SN00395424)	3178496
11	1	N/A	-109.39023365231105	C15H22O9	[M + H]+	NHBYOQPNAVRZAE	InChI=1S/C15H22O9/c16-5-9(11(19)7-1-3-8(18)4-2-7)23-15-14(22)13(21)12(20)10(6-17)24-15/h1-4,9-22H,5-6H2	null	C1=CC(=CC=C1C(C(CO)OC2C(C(C(C(O2)CO)O)O)O)O)O	-2.20000005	51136408;75614524	COCONUT:(CNP0110305);HMDB:(40601);Natural Products:(UNPD34161);PubChem:(51136408 75614524);SuperNatural:(SN00228749 SN00039217 SN00039218 SN00039216 SN00039215);ZINC bio:(ZINC49181768 ZINC49181771 ZINC49181774 ZINC49181777);PubChem class - bio and metabolites	19963914
12	1	N/A	-112.80046639666084	C15H22O9	[M + H]+	DHSHYQJABUIJDG	InChI=1S/C15H22O9/c16-4-7-10(18)11(19)12(20)14(22-7)23-13-9-6(1-2-21-13)3-8-15(9,5-17)24-8/h1-2,6-14,16-20H,3-5H2	(2S,3R,4S,5S,6R)-2-[[(1aS,1bS,2S,5aR,6aS)-1a-(hydroxymethyl)-2,5a,6,6a-tetrahydro-1bH-oxireno[4,5]cyclopenta[2,4-c]pyran-2-yl]oxy]-6-(hydroxymethyl)oxane-3,4,5-triol	C1C2C=COC(C2C3(C1O3)CO)OC4C(C(C(C(O4)CO)O)O)O	-2.20000005	188553;14729927;129011855	COCONUT:(CNP0373457);KNApSAcK:(10517);Natural Products:(UNPD144060 UNPD97288);PubChem:(188553 14729927 129011855);SuperNatural:(SN00232953)	3178514
13	1	N/A	-127.87597448586423	C15H22O9	[M + H]+	PUGXDKPZBZICDX	InChI=1S/C15H22O9/c16-5-10-12(20)13(21)14(22)15(24-10)23-6-9(18)11(19)7-1-3-8(17)4-2-7/h1-4,9-22H,5-6H2	null	C1=CC(=CC=C1C(C(COC2C(C(C(C(O2)CO)O)O)O)O)O)O	-2.20000005	131752861	COCONUT:(CNP0204891);HMDB:(40602);Natural Products:(UNPD6782 UNPD209516 UNPD135536 UNPD83247);PubChem:(131752861);SuperNatural:(SN00229519 SN00328116 SN00240505);PubChem class - bio and metabolites	19955722
14	1	N/A	-132.841446369335	C15H22O9	[M + H]+	ZJCJWENRZLVNQE	InChI=1S/C15H22O9/c16-4-7-8(18)3-6-1-2-22-14(10(6)7)24-15-13(21)12(20)11(19)9(5-17)23-15/h1-2,6-7,9-17,19-21H,3-5H2	null	C1C2C=COC(C2C(C1=O)CO)OC3C(C(C(C(O3)CO)O)O)O	-1.89999998	101937129	COCONUT:(CNP0178112);Natural Products:(UNPD29439);PubChem:(101937129);SuperNatural:(SN00303473)	3178498
15	1	N/A	-140.94958049903144	C15H22O9	[M + H]+	ZUKLFFYDSALIQW	InChI=1S/C15H22O9/c16-5-8-10(17)11(18)12(19)15(23-8)24-14-9-6(3-4-22-14)1-2-7(9)13(20)21/h3-4,6-12,14-19H,1-2,5H2,(H,20,21)	8-epi-Grandifloric acid	C1CC(C2C1C=COC2OC3C(C(C(C(O3)CO)O)O)O)C(=O)O	-1.10000002	636574;6325299;20979870;22297238;22297239;23304423;101202242	COCONUT:(CNP0270884);KNApSAcK:(37307);Natural Products:(UNPD77868 UNPD94475);PubChem:(636574 6325299 20979870 22297238 22297239 23304423 101202242);SuperNatural:(SN00309225 SN00369403);MeSH:(6325299);PubMed	3178582
16	1	N/A	-141.24580846652785	C15H22O9	[M + H]+	MKCKISDMIMMTRV	InChI=1S/C15H22O9/c1-6-4-7-13(22-3-2-15(7,21)12(6)20)24-14-11(19)10(18)9(17)8(5-16)23-14/h2-3,6-11,13-14,16-19,21H,4-5H2,1H3	null	CC1CC2C(OC=CC2(C1=O)O)OC3C(C(C(C(O3)CO)O)O)O	-1.75292337	""	COCONUT:(CNP0357744);Natural Products:(UNPD42326);SuperNatural:(SN00290675)	3178496
17	1	N/A	-146.53311866442309	C15H22O9	[M + H]+	NPRQMRFYHZUOIN	InChI=1S/C15H22O9/c16-4-7-10(17)11(18)12(19)14(22-7)24-13-9-6-1-2-15(9,20)5-21-8(3-6)23-13/h1-2,6-14,16-20H,3-5H2	null	C1C2C=CC3(C2C(OC1OC3)OC4C(C(C(C(O4)CO)O)O)O)O	-2.00380373	""	COCONUT:(CNP0152567);Natural Products:(UNPD128407);SuperNatural:(SN00363424)	3178496
18	1	N/A	-152.15834411033077	C15H22O9	[M + H]+	CEAVUNYMFVXZKB	InChI=1S/C15H22O9/c1-22-9-3-2-7(8(18)5-16)4-10(9)23-15-14(21)13(20)12(19)11(6-17)24-15/h2-4,8,11-21H,5-6H2,1H3	null	COC1=C(C=C(C=C1)C(CO)O)OC2C(C(C(C(O2)CO)O)O)O	-1.32032549	10617551;85207142	COCONUT:(CNP0309878);HMDB:(35057);Natural Products:(UNPD67656);PubChem:(10617551 85207142);SuperNatural:(SN00350174);PubChem class - bio and metabolites	19955722
19	1	N/A	-153.56858704137247	C15H22O9	[M + H]+	RWIINOLFQCPJMH	InChI=1S/C15H22O9/c1-21-8-3-7(5-16)4-9(22-2)14(8)24-15-13(20)12(19)11(18)10(6-17)23-15/h3-4,10-13,15-20H,5-6H2,1-2H3	Di-O-Methylcrenatin	COC1=CC(=CC(=C1OC2C(C(C(C(O2)CO)O)O)O)OC)CO	-0.844481707	10736338;13965334	COCONUT:(CNP0115651);HMDB:(32742);Natural Products:(UNPD42643);PubChem:(10736338 13965334);SuperNatural:(SN00038408);CHEBI:(68338);ZINC bio:(ZINC34430431);PubChem class - bio and metabolites;PubMed	19964010
20	1	N/A	-159.92235981467948	C15H22O9	[M + H]+	NMGLHCRCWAPJGC	InChI=1S/C15H22O9/c1-6-5-22-13(20)7-2-3-21-14(9(6)7)24-15-12(19)11(18)10(17)8(4-16)23-15/h2-3,6-12,14-19H,4-5H2,1H3	null	CC1COC(=O)C2C1C(OC=C2)OC3C(C(C(C(O3)CO)O)O)O	-1.2110889	""	COCONUT:(CNP0380250);Natural Products:(UNPD36668 UNPD190462);SuperNatural:(SN00344773 SN00392341)	3178496
21	1	N/A	-160.9063027925284	C15H22O9	[M + H]+	NBLLRWANAFOKON	InChI=1S/C15H22O9/c1-20-8-4-7(5-9(21-2)14(8)22-3)23-15-13(19)12(18)11(17)10(6-16)24-15/h4-5,10-13,15-19H,6H2,1-3H3	3,4,5-trimethoxyphenyl beta-glucopyranoside	COC1=CC(=CC(=C1OC)OC)OC2C(C(C(C(O2)CO)O)O)O	-0.399493814	636454;13922637;13922638;10382966;15939206;57487848;57997987;70943551;70943575	HMDB:(41189);SuperNatural:(SN00028427 SN00228744);ZINC bio:(ZINC31155414);additional;PubMed;COCONUT:(CNP0210469);KNApSAcK:(34384);Natural Products:(UNPD73257 UNPD159635);PubChem:(636454 13922637 13922638 10382966 15939206 57487848 57997987 70943551 70943575);CHEBI:(68966);PubChem class - bio and metabolites;Training Set	20504698
22	1	N/A	-161.40847597883743	C15H22O9	[M + H]+	VZSGMNVXQXYFPI	InChI=1S/C15H22O9/c1-21-8-3-7(4-9(22-2)11(8)17)6-23-15-14(20)13(19)12(18)10(5-16)24-15/h3-4,10,12-20H,5-6H2,1-2H3	null	COC1=CC(=CC(=C1O)OC)COC2C(C(C(C(O2)CO)O)O)O	-0.844481707	51136354;52316101;52316102;52316103;52316104;57395395;124905170;124905171	COCONUT:(CNP0348802);PubChem:(51136354 52316101 52316102 52316103 52316104 57395395 124905170 124905171);SuperNatural:(SN00039003 SN00039005 SN00039002 SN00039004);ZINC bio:(ZINC49176730 ZINC49176732 ZINC49176734 ZINC49176735);additional;Training Set;PubMed	3694658
23	1	N/A	-162.09168124240446	C15H22O9	[M + H]+	YBNSHGZGFVJIGM	InChI=1S/C15H22O9/c1-20-7-4-8(21-2)14(9(5-7)22-3)24-15-13(19)12(18)11(17)10(6-16)23-15/h4-5,10-13,15-19H,6H2,1-3H3	2,4,6-Trimethoxyphenol 1-O-beta-D-glucopyranoside	COC1=CC(=C(C(=C1)OC)OC2C(C(C(C(O2)CO)O)O)O)OC	-0.399493814	23259943;57997982;74037387;70943556;70943574;126970122	COCONUT:(CNP0152698);Natural Products:(UNPD161091);PubChem:(23259943 57997982 74037387 70943556 70943574 126970122);SuperNatural:(SN00390298)	3178498
24	1	N/A	-164.00770284051825	C15H22O9	[M + H]+	MBDDYZCDLSSYFC	InChI=1S/C15H22O9/c1-21-9-4-7(3-8(17)14(9)22-2)6-23-15-13(20)12(19)11(18)10(5-16)24-15/h3-4,10-13,15-20H,5-6H2,1-2H3	null	COC1=CC(=CC(=C1OC)O)COC2C(C(C(C(O2)CO)O)O)O	-0.844481707	101492674	COCONUT:(CNP0119147);Natural Products:(UNPD225450);PubChem:(101492674)	2129922
25	1	N/A	-170.31822786325534	C15H22O9	[M + H]+	QMBUXWAVZQWFED	InChI=1S/C15H22O9/c1-5-8(17)10(19)11(20)14(22-5)23-13-7-6(2-3-21-13)9(18)12-15(7,4-16)24-12/h2-3,5-14,16-20H,4H2,1H3	(2S,3R,4R,5R,6S)-2-[[(1bS,2S,5aR,6S)-6-hydroxy-1a-(hydroxymethyl)-2,5a,6,6a-tetrahydro-1bH-oxireno[5,6]cyclopenta[1,3-c]pyran-2-yl]oxy]-6-methyloxane-3,4,5-triol	CC1C(C(C(C(O1)OC2C3C(C=CO2)C(C4C3(O4)CO)O)O)O)O	-2.70000005	11968647;21550421;25027213	COCONUT:(CNP0099717);PubChem:(11968647 21550421 25027213);PubMed	2097218
26	1	N/A	-181.66062027999624	C15H22O9	[M + H]+	GSXXDXIJOSPEQP	InChI=1S/C15H22O9/c16-3-6-4-22-15(7-1-2-8(17)10(6)7)23-5-9-11(18)12(19)13(20)14(21)24-9/h1-2,4,7-21H,3,5H2	null	C1=CC(C2C1C(OC=C2CO)OCC3C(C(C(C(O3)O)O)O)O)O	-2.15788603	""	COCONUT:(CNP0309570);Natural Products:(UNPD179820);SuperNatural:(SN00290096)	3178496
27	1	N/A	-197.81278675619038	C15H22O9	[M + H]+	XCHBXOJVNFFCJZ	InChI=1S/C15H22O9/c16-3-5-7(17)9(19)10(20)11(21)12(5)24-15-6-4(1-2-22-15)8(18)14-13(6)23-14/h1-2,4-21H,3H2	null	C1=COC(C2C1C(C3C2O3)O)OC4C(C(C(C(C4O)O)O)O)CO	-2.72991753	""	COCONUT:(CNP0190171);Natural Products:(UNPD104350);SuperNatural:(SN00395207)	3178496
28	1	N/A	-206.7015775055934	C15H22O9	[M + H]+	LEYROQNXDKXGLZ	InChI=1S/C15H22O9/c1-8(16)19-6-11-12(21-10(3)18)13-15(22-11,7-20-9(2)17)24-14(4,5)23-13/h11-13H,6-7H2,1-5H3	[(3aS,5S,6R,6aS)-6-acetyloxy-3a-(acetyloxymethyl)-2,2-dimethyl-6,6a-dihydro-5H-furo[2,3-d][1,3]dioxol-5-yl]methyl acetate	CC(=O)OCC1C(C2C(O1)(OC(O2)(C)C)COC(=O)C)OC(=O)C	-0.100000001	23261807	COCONUT:(CNP0250078);Natural Products:(UNPD6671);PubChem:(23261807)	2129922
29	1	N/A	-214.64027764901104	C15H22O9	[M + H]+	OQHXBOSJZXHGGI	InChI=1S/C15H22O9/c1-8(16)19-7-15(22-10(3)18)13-12(23-14(4,5)24-13)11(6-20-15)21-9(2)17/h11-13H,6-7H2,1-5H3	null	CC(=O)OCC1(C2C(C(CO1)OC(=O)C)OC(O2)(C)C)OC(=O)C	-0.25619337	""	COCONUT:(CNP0174771);Natural Products:(UNPD141884);SuperNatural:(SN00351583)	3178496
30	1	N/A	-221.88974391008392	C15H22O9	[M + H]+	LLTBEOWDOXBOEW	InChI=1S/C15H22O9/c16-3-6-1-9-7(2-11(18)23-9)8(6)5-22-15-14(21)13(20)12(19)10(4-17)24-15/h1,7-10,12-17,19-21H,2-5H2	5-(hydroxymethyl)-4-[[(2R,3R,4S,5S,6R)-3,4,5-trihydroxy-6-(hydroxymethyl)oxan-2-yl]oxymethyl]-3,3a,4,6a-tetrahydrocyclopenta[b]furan-2-one	C1C2C(C=C(C2COC3C(C(C(C(O3)CO)O)O)O)CO)OC1=O	-3.0	5320440	COCONUT:(CNP0351209);Natural Products:(UNPD188214);PubChem:(5320440);SuperNatural:(SN00168047)	3178498
31	1	N/A	-228.89416878581116	C15H22O9	[M + H]+	UNSACEOBUSYVIQ	InChI=1S/C15H22O9/c1-21-9-3-7(4-10(22-2)8(9)5-16)23-14-11(6-17)24-15(20)13(19)12(14)18/h3-4,11-20H,5-6H2,1-2H3	null	COC1=CC(=CC(=C1CO)OC)OC2C(OC(C(C2O)O)O)CO	-0.844481707	""	COCONUT:(CNP0131191);Natural Products:(UNPD205214)	2129920
32	1	N/A	-259.5978514941599	C15H22O9	[M + H]+	SJYYWTQGNZKQHJ	InChI=1S/C15H22O9/c1-20-9-4-7(5-10(21-2)14(9)22-3)23-15-12(19)11(18)13(24-15)8(17)6-16/h4-5,8,11-13,15-19H,6H2,1-3H3	null	COC1=CC(=CC(=C1OC)OC)OC2C(C(C(O2)C(CO)O)O)O	-0.300000012	101348530	COCONUT:(CNP0128421);Natural Products:(UNPD210884);PubChem:(101348530)	2129922
33	1	N/A	-287.6221804899494	C15H22O9	[M + H]+	UTDFQMAXCUGNJR	InChI=1S/C15H22O9/c16-5-9-11(19)12(20)13(21)15(24-9)23-8-3-4-22-14(8)10-6(17)1-2-7(10)18/h3-4,6-7,9-13,15-21H,1-2,5H2	null	C1CC(C(C1O)C2=C(C=CO2)OC3C(C(C(C(O3)CO)O)O)O)O	-1.27029467	""	COCONUT:(CNP0231711);Natural Products:(UNPD182417);SuperNatural:(SN00246446)	3178496
34	1	N/A	-317.4099577803397	C15H22O9	[M + H]+	GNVCGAGVWLLEDN	InChI=1S/C15H22O9/c1-5-21-11(17)8-15(14(20)23-7-3,9-12(18)22-6-2)24-13(19)10(4)16/h5-9H2,1-4H3	triethyl 2-(pyruvoyloxy)propane-1,2,3-tricarboxylate	CCOC(=O)CC(CC(=O)OCC)(C(=O)OCC)OC(=O)C(=O)C	0.5	111813	PubChem:(111813);NORMAN:(NS00036765)	262146