structureRankPerFormula	formulaRank	ConfidenceScore	CSI:FingerIDScore	molecularFormula	adduct	InChIkey2D	InChI	name	smiles	xlogp	pubchemids	links	dbflags
1	2	N/A	-338.0174239360307	C18H18N4O6	[M + Na]+	ZLSAWEWARGDALZ	InChI=1S/C18H18N4O6/c23-17(19-13-5-3-7-15(11-13)21(25)26)9-1-2-10-18(24)20-14-6-4-8-16(12-14)22(27)28/h3-8,11-12H,1-2,9-10H2,(H,19,23)(H,20,24)	N,N''-bis(3-nitrophenyl)hexanediamide	C1=CC(=CC(=C1)[N+](=O)[O-])NC(=O)CCCCC(=O)NC2=CC(=CC=C2)[N+](=O)[O-]	2.20000005	5210118	PubChem:(5210118);PubChem class - safety and toxic	67108866
2	2	N/A	-352.1184616684141	C18H18N4O6	[M + Na]+	DJDBRQZBQLBIOV	InChI=1S/C18H18N4O6/c23-17(19-13-7-1-3-9-15(13)21(25)26)11-5-6-12-18(24)20-14-8-2-4-10-16(14)22(27)28/h1-4,7-10H,5-6,11-12H2,(H,19,23)(H,20,24)	N,N''-bis(2-nitrophenyl)hexanediamide	C1=CC=C(C(=C1)NC(=O)CCCCC(=O)NC2=CC=CC=C2[N+](=O)[O-])[N+](=O)[O-]	3.29999995	4180882	PubChem:(4180882);PubChem class - safety and toxic	67108866
3	2	N/A	-364.55837860606715	C18H18N4O6	[M + Na]+	NDEKGFCRLZPUSI	InChI=1S/C18H18N4O6/c1-27-15-8-5-13(9-16(15)28-2)18(24)19-11-17(23)21-20-10-12-3-6-14(7-4-12)22(25)26/h3-10H,11H2,1-2H3,(H,19,24)(H,21,23)	3,4-dimethoxy-N-[2-[2-[(4-nitrophenyl)methylidene]hydrazinyl]-2-oxoethyl]benzamide	COC1=C(C=C(C=C1)C(=O)NCC(=O)NN=CC2=CC=C(C=C2)[N+](=O)[O-])OC	1.89999998	3487402;5840641;9595397	PubChem:(3487402 5840641 9595397);PubChem class - safety and toxic	67108866
4	2	N/A	-371.6429559877659	C18H18N4O6	[M + Na]+	YGYOZKXBHNFSDI	InChI=1S/C18H18N4O6/c1-27-15-7-6-13(9-16(15)28-2)18(24)19-11-17(23)21-20-10-12-4-3-5-14(8-12)22(25)26/h3-10H,11H2,1-2H3,(H,19,24)(H,21,23)	3,4-dimethoxy-N-[2-[2-[(3-nitrophenyl)methylidene]hydrazinyl]-2-oxoethyl]benzamide	COC1=C(C=C(C=C1)C(=O)NCC(=O)NN=CC2=CC(=CC=C2)[N+](=O)[O-])OC	1.89999998	4404244;6091681;9669035	PubChem:(4404244 6091681 9669035);PubChem class - safety and toxic	67108866
5	2	N/A	-387.34675808298	C18H18N4O6	[M + Na]+	GJQFSSKFQXMFHP	InChI=1S/C18H18N4O6/c1-27-15-8-7-12(9-16(15)28-2)18(24)19-11-17(23)21-20-10-13-5-3-4-6-14(13)22(25)26/h3-10H,11H2,1-2H3,(H,19,24)(H,21,23)	3,4-dimethoxy-N-[2-[2-[(2-nitrophenyl)methylidene]hydrazinyl]-2-oxoethyl]benzamide	COC1=C(C=C(C=C1)C(=O)NCC(=O)NN=CC2=CC=CC=C2[N+](=O)[O-])OC	1.89999998	3804627;5927584;9636811	PubChem:(3804627 5927584 9636811);PubChem class - safety and toxic	67108866
6	2	N/A	-452.54017349905763	C18H18N4O6	[M + Na]+	WHEOHCIKAJUSJC	InChI=1S/C18H18N4O6/c23-13-1-2-14(24)20(13)10-7-19(8-11-21-15(25)3-4-16(21)26)9-12-22-17(27)5-6-18(22)28/h1-6H,7-12H2	null	C1=CC(=O)N(C1=O)CCN(CCN2C(=O)C=CC2=O)CCN3C(=O)C=CC3=O	-2.0	9977418	MeSH:(9977418);PubChem:(9977418);PubMed	70
7	2	N/A	-461.4974362390638	C18H18N4O6	[M + Na]+	OQWQAIRBZGBTBN	InChI=1S/C18H18N4O6/c1-11(23)17(18(24)19-13-6-4-5-7-15(13)27-2)21-20-14-10-12(22(25)26)8-9-16(14)28-3/h4-10,17H,1-3H3,(H,19,24)	null	CC(=O)C(C(=O)NC1=CC=CC=C1OC)N=NC2=C(C=CC(=C2)[N+](=O)[O-])OC	3.29999995	102295954	PubChem:(102295954);NORMAN:(NS00010130)	262146
8	2	N/A	-466.3867664662335	C18H18N4O6	[M + Na]+	ZTISORAUJJGACZ	InChI=1S/C18H18N4O6/c1-11(23)17(18(24)19-13-6-4-5-7-15(13)27-2)21-20-14-9-8-12(22(25)26)10-16(14)28-3/h4-10,17H,1-3H3,(H,19,24)	Luna Yellow	CC(=O)C(C(=O)NC1=CC=CC=C1OC)N=NC2=C(C=C(C=C2)[N+](=O)[O-])OC	3.29999995	22829;76971600;76971601	NORMAN:(NS00009722);PubChem:(22829 76971600 76971601);HSDB:(6358-31-2);MeSH:(22829);PubChem class - safety and toxic;PubMed;PubChem class - drug	100926022
9	2	N/A	-477.8618293719439	C18H18N4O6	[M + Na]+	UFORAEIAYCSGCR	InChI=1S/C18H18N4O6/c1-11(23)17(18(24)19-14-6-4-5-7-16(14)28-3)21-20-13-9-8-12(27-2)10-15(13)22(25)26/h4-10,17H,1-3H3,(H,19,24)	Permanent Yellow Rn	CC(=O)C(C(=O)NC1=CC=CC=C1OC)N=NC2=C(C=C(C=C2)OC)[N+](=O)[O-]	3.29999995	110892;96563695;96563696	PubChem:(110892 96563695 96563696);NORMAN:(NS00003477)	262146
10	2	N/A	-681.8841997697086	C18H18N4O6	[M + Na]+	CVDPCBBUQFSNLL	InChI=1S/C18H18N4O6/c23-10-15-5-4-14(27-15)9-21-8-13(24)7-16(21)18-19-17(20-28-18)11-2-1-3-12(6-11)22(25)26/h1-6,13,16,23-24H,7-10H2	null	C1C(CN(C1C2=NC(=NO2)C3=CC(=CC=C3)[N+](=O)[O-])CC4=CC=C(O4)CO)O	0.800000012	26744315	COCONUT:(CNP0110585);PubChem:(26744315);SuperNatural:(SN00022618);ZINC bio:(ZINC15674845)	3153922
1	3	0.17757748004060217	-190.62738111384968	C19H22O11	[M - H2O + H]+	UDVLOAAWRYIPKO	InChI=1S/C19H22O11/c20-6-5-10(21)15(11-7-8-3-1-2-4-9(8)18(27)28-11)29-19-14(24)12(22)13(23)16(30-19)17(25)26/h1-4,7,10,12-16,19-24H,5-6H2,(H,25,26)	null	C1=CC=C2C(=C1)C=C(OC2=O)C(C(CCO)O)OC3C(C(C(C(O3)C(=O)O)O)O)O	-1.20000005	131836291	HMDB:(130086);PubChem:(131836291);PubChem class - bio and metabolites	16777226
2	3	N/A	-195.9164008469934	C19H22O11	[M - H2O + H]+	OAPUZVNGLAILQY	InChI=1S/C19H22O11/c20-5-11-14(24)16(26)17(27)19(30-11)29-9-2-1-7(22)13-15(25)12-8(23)3-6(21)4-10(12)28-18(9)13/h3-4,7,9,11,14,16-17,19-24,26-27H,1-2,5H2	null	C1CC(C2=C(C1O)C(=O)C3=C(C=C(C=C3O2)O)O)OC4C(C(C(C(O4)CO)O)O)O	-1.39999998	101893971	COCONUT:(CNP0308374);Natural Products:(UNPD226040);PubChem:(101893971)	2129922
3	3	N/A	-197.79515906606582	C19H22O11	[M - H2O + H]+	JIBJAIYLOGZHFI	InChI=1S/C19H22O11/c1-7(20)11(21)15(10-6-8-4-2-3-5-9(8)18(27)28-10)29-19-14(24)12(22)13(23)16(30-19)17(25)26/h2-7,11-16,19-24H,1H3,(H,25,26)	null	CC(C(C(C1=CC2=CC=CC=C2C(=O)O1)OC3C(C(C(C(O3)C(=O)O)O)O)O)O)O	-1.10000002	131836282	HMDB:(130077);PubChem:(131836282);PubChem class - bio and metabolites	16777226
4	3	N/A	-198.11796064338185	C19H22O11	[M - H2O + H]+	SUZVVVLVMNTJBQ	InChI=1S/C19H22O11/c20-5-11-14(24)16(26)17(27)19(30-11)29-9-2-1-7(22)18-13(9)15(25)12-8(23)3-6(21)4-10(12)28-18/h3-4,7,9,11,14,16-17,19-24,26-27H,1-2,5H2	null	C1CC(C2=C(C1O)OC3=CC(=CC(=C3C2=O)O)O)OC4C(C(C(C(O4)CO)O)O)O	-1.39999998	101821170;101821171;122390413	COCONUT:(CNP0305446);Natural Products:(UNPD62386);PubChem:(101821170 101821171 122390413);SuperNatural:(SN00349589)	3178498
5	3	N/A	-200.10093058349833	C19H22O11	[M - H2O + H]+	FFVHMERVZWMPIC	InChI=1S/C19H22O11/c1-7(20)15(29-19-14(24)12(22)13(23)16(30-19)17(25)26)11(21)10-6-8-4-2-3-5-9(8)18(27)28-10/h2-7,11-16,19-24H,1H3,(H,25,26)	null	CC(C(C(C1=CC2=CC=CC=C2C(=O)O1)O)OC3C(C(C(C(O3)C(=O)O)O)O)O)O	-1.10000002	131836283	HMDB:(130078);PubChem:(131836283);PubChem class - bio and metabolites	16777226
6	3	N/A	-200.6942515151648	C19H22O11	[M - H2O + H]+	QDCRLCUCZCUFOO	InChI=1S/C19H22O11/c1-2-9(20)12(21)11-6-8-7(18(27)28-11)4-3-5-10(8)29-19-15(24)13(22)14(23)16(30-19)17(25)26/h3-6,9,12-16,19-24H,2H2,1H3,(H,25,26)	null	CCC(C(C1=CC2=C(C=CC=C2OC3C(C(C(C(O3)C(=O)O)O)O)O)C(=O)O1)O)O	-0.600000024	131836287	HMDB:(130082);PubChem:(131836287);PubChem class - bio and metabolites	16777226
7	3	N/A	-201.3250136916605	C19H22O11	[M - H2O + H]+	QUWRDIOCXVLDMY	InChI=1S/C19H22O11/c20-6-5-10(29-19-15(24)13(22)14(23)16(30-19)17(25)26)12(21)11-7-8-3-1-2-4-9(8)18(27)28-11/h1-4,7,10,12-16,19-24H,5-6H2,(H,25,26)	null	C1=CC=C2C(=C1)C=C(OC2=O)C(C(CCO)OC3C(C(C(C(O3)C(=O)O)O)O)O)O	-1.20000005	131836292	HMDB:(130087);PubChem:(131836292);PubChem class - bio and metabolites	16777226
8	3	N/A	-207.2630215469585	C19H22O11	[M - H2O + H]+	RIKQEJMAPKLXIH	InChI=1S/C19H22O11/c1-7(28-19-15(24)13(22)14(23)16(30-19)17(25)26)11(20)12(21)10-6-8-4-2-3-5-9(8)18(27)29-10/h2-7,11-16,19-24H,1H3,(H,25,26)	null	CC(C(C(C1=CC2=CC=CC=C2C(=O)O1)O)O)OC3C(C(C(C(O3)C(=O)O)O)O)O	-1.10000002	131836281	HMDB:(130076);PubChem:(131836281);PubChem class - bio and metabolites	16777226
9	3	N/A	-209.0620600885941	C19H22O11	[M - H2O + H]+	LYSRWWLDCUPVGA	InChI=1S/C19H22O11/c1-7-11(10-3-9(21)4-12(22)14(10)18(26)29-7)5-28-19-17(25)16(24)15(23)13(30-19)6-27-8(2)20/h3-4,13,15-17,19,21-25H,5-6H2,1-2H3	null	CC1=C(C2=C(C(=CC(=C2)O)O)C(=O)O1)COC3C(C(C(C(O3)COC(=O)C)O)O)O	-0.800000012	71664847	COCONUT:(CNP0147481);Natural Products:(UNPD223383);PubChem:(71664847)	2129922
10	3	N/A	-219.9947708234816	C19H22O11	[M - H2O + H]+	WEPLNPXTLYCTND	InChI=1S/C19H22O11/c1-2-10(20)12(21)11-6-7-5-8(3-4-9(7)18(27)29-11)28-19-15(24)13(22)14(23)16(30-19)17(25)26/h3-6,10,12-16,19-24H,2H2,1H3,(H,25,26)	null	CCC(C(C1=CC2=C(C=CC(=C2)OC3C(C(C(C(O3)C(=O)O)O)O)O)C(=O)O1)O)O	-0.600000024	131836278	HMDB:(130073);PubChem:(131836278);PubChem class - bio and metabolites	16777226
11	3	N/A	-222.44693671785268	C19H22O11	[M - H2O + H]+	UGISJEOKAANYGW	InChI=1S/C19H22O11/c1-2-10(20)12(21)11-5-7-3-4-8(6-9(7)18(27)29-11)28-19-15(24)13(22)14(23)16(30-19)17(25)26/h3-6,10,12-16,19-24H,2H2,1H3,(H,25,26)	null	CCC(C(C1=CC2=C(C=C(C=C2)OC3C(C(C(C(O3)C(=O)O)O)O)O)C(=O)O1)O)O	-0.600000024	131836275	HMDB:(130070);PubChem:(131836275);PubChem class - bio and metabolites	16777226
12	3	N/A	-223.74753960802173	C19H22O11	[M - H2O + H]+	UMWGDDXROMQWGU	InChI=1S/C19H22O11/c20-10(12(21)11-7-8-3-1-2-4-9(8)18(27)29-11)5-6-28-19-15(24)13(22)14(23)16(30-19)17(25)26/h1-4,7,10,12-16,19-24H,5-6H2,(H,25,26)	null	C1=CC=C2C(=C1)C=C(OC2=O)C(C(CCOC3C(C(C(C(O3)C(=O)O)O)O)O)O)O	-1.20000005	131836290	HMDB:(130085);PubChem:(131836290);PubChem class - bio and metabolites	16777226
13	3	N/A	-249.3225653525228	C19H22O11	[M - H2O + H]+	CYEFUTNNSBRMEB	InChI=1S/C19H22O11/c20-11-3-1-9(5-12(11)21)2-4-14(22)28-8-13-16(24)17(25)18(26)19(30-13)29-10-6-15(23)27-7-10/h1-5,10,13,16-21,24-26H,6-8H2	6''-Ocaffeoylgoodyeroside	C1C(COC1=O)OC2C(C(C(C(O2)COC(=O)C=CC3=CC(=C(C=C3)O)O)O)O)O	-1.0	60200858;70693126	COCONUT:(CNP0285838);PubChem:(60200858 70693126);PubMed	2097218