structureRankPerFormula	formulaRank	ConfidenceScore	CSI:FingerIDScore	molecularFormula	adduct	InChIkey2D	InChI	name	smiles	xlogp	pubchemids	links	dbflags
1	2	N/A	-476.99215600570807	C23H26N6O10	[M + H]+	PRXVOZRQJNSLIB	InChI=1S/C23H26N6O10/c1-14(30)24-17-12-20(27(9-7-22(31)38-3)10-8-23(32)39-4)21(37-2)13-18(17)26-25-16-6-5-15(28(33)34)11-19(16)29(35)36/h5-6,11-13H,7-10H2,1-4H3,(H,24,30)	methyl 3-[5-acetamido-4-[(2,4-dinitrophenyl)diazenyl]-2-methoxy-N-(3-methoxy-3-oxopropyl)anilino]propanoate	CC(=O)NC1=CC(=C(C=C1N=NC2=C(C=C(C=C2)[N+](=O)[O-])[N+](=O)[O-])OC)N(CCC(=O)OC)CCC(=O)OC	2.29999995	112800	PubChem:(112800);NORMAN:(NS00034903)	262146
1	3	0.08884148655996084	-156.95604638391202	C27H32O13	[M - H2O + H]+	UVPBNPUZWAOBQX	InChI=1S/C27H32O13/c1-11-20(31)22(33)24(35)26(36-11)40-25-23(34)21(32)18(10-28)39-27(25)37-13-7-14(29)19-15(30)9-16(38-17(19)8-13)12-5-3-2-4-6-12/h2-8,11,16,18,20-29,31-35H,9-10H2,1H3	Pinocembrin 7-rhamnosylglucoside	CC1C(C(C(C(O1)OC2C(C(C(OC2OC3=CC(=C4C(=O)CC(OC4=C3)C5=CC=CC=C5)O)CO)O)O)O)O)O	-0.200000003	442454;3519898;21721943;42607855;53372787	COCONUT:(CNP0130827);KNApSAcK:(993);Natural Products:(UNPD24850 UNPD177033);PubChem:(442454 3519898 21721943 42607855 53372787);SuperNatural:(SN00258443 SN00372481);CHEBI:(8222);KEGG:(C09828)	3178802
2	3	N/A	-157.7681220238034	C27H32O13	[M - H2O + H]+	GMODIFKFVPHXSZ	InChI=1S/C27H32O13/c1-10-20(31)21(32)23(34)27(36-10)40-25-11(2)37-26(24(35)22(25)33)38-14-7-15(29)19-16(30)9-17(39-18(19)8-14)12-3-5-13(28)6-4-12/h3-8,10-11,17,20-29,31-35H,9H2,1-2H3	null	CC1C(C(C(C(O1)OC2C(OC(C(C2O)O)OC3=CC(=C4C(=O)CC(OC4=C3)C5=CC=C(C=C5)O)O)C)O)O)O	0.178036273	""	COCONUT:(CNP0170115);Natural Products:(UNPD161753 UNPD129820);SuperNatural:(SN00254216)	3178496
3	3	N/A	-176.4562727077923	C27H32O13	[M - H2O + H]+	PQLZKKGWODLKAD	InChI=1S/C27H32O13/c1-11-20(30)22(32)24(34)26(37-11)36-10-18-21(31)23(33)25(35)27(40-18)38-13-7-14(28)19-15(29)9-16(39-17(19)8-13)12-5-3-2-4-6-12/h2-8,11,16,18,20-28,30-35H,9-10H2,1H3	Pinocembrin 7-rutinoside	CC1C(C(C(C(O1)OCC2C(C(C(C(O2)OC3=CC(=C4C(=O)CC(OC4=C3)C5=CC=CC=C5)O)O)O)O)O)O)O	-0.699999988	189596;101784408	COCONUT:(CNP0104472);Natural Products:(UNPD61772);PubChem:(189596 101784408);SuperNatural:(SN00253756)	3178498
4	3	N/A	-194.34588768483025	C27H32O13	[M - H2O + H]+	TZTLDJQDIIZKBG	InChI=1S/C27H32O13/c1-11(29)26(2)19-14-6-5-13(30)9-15(14)39-27(40-26,12-7-16(35-3)20(31)17(8-12)36-4)24(19)38-25-23(34)22(33)21(32)18(10-28)37-25/h5-9,18-19,21-25,28,30-34H,10H2,1-4H3	null	CC(=O)C1(C2C(C(O1)(OC3=C2C=CC(=C3)O)C4=CC(=C(C(=C4)OC)O)OC)OC5C(C(C(C(O5)CO)O)O)O)C	-0.124242269	""	YMDB:(1652 1649)	65536
5	3	N/A	-215.24182772670946	C27H32O13	[M - H2O + H]+	SVNWACIHAFUKAJ	InChI=1S/C27H32O13/c1-34-14-7-18(35-2)21-15(28)9-17(39-19(21)8-14)12-3-5-13(6-4-12)38-26-25(33)23(31)20(11-37-26)40-27-24(32)22(30)16(29)10-36-27/h3-8,16-17,20,22-27,29-33H,9-11H2,1-2H3	Naringenin 5,7-dimethyl ether 4''-O-xylosyl-(1->4)-arabinoside	COC1=CC2=C(C(=O)CC(O2)C3=CC=C(C=C3)OC4C(C(C(CO4)OC5C(C(C(CO5)O)O)O)O)O)C(=C1)OC	-0.800000012	42608087	COCONUT:(CNP0359832);KNApSAcK:(8228);PubChem:(42608087)	2097170
6	3	N/A	-215.39717077638696	C27H32O13	[M - H2O + H]+	GQPFUOPPYJYZHE	InChI=1S/C27H32O13/c1-9-5-11-16(26-24(36)22(34)19(31)14(7-28)38-26)10-3-2-4-13(18(10)21(33)17(11)12(30)6-9)39-27-25(37)23(35)20(32)15(8-29)40-27/h2-6,14-16,19-20,22-32,34-37H,7-8H2,1H3	Cascaroside D	CC1=CC2=C(C(=C1)O)C(=O)C3=C(C2C4C(C(C(C(O4)CO)O)O)O)C=CC=C3OC5C(C(C(C(O5)CO)O)O)O	-0.699999988	46173831;46173832;75144746;134733352;134733353	COCONUT:(CNP0223852);HMDB:(35757);KNApSAcK:(31652);Natural Products:(UNPD37113 UNPD45582);PubChem:(46173831 46173832 75144746 134733352 134733353);SuperNatural:(SN00365903 SN00273887);CHEBI:(80737 80738);additional;PubChem class - bio and metabolites;KEGG:(C16800 C16801);Training Set	20496698
7	3	N/A	-223.67490282320728	C27H32O13	[M - H2O + H]+	SKKBURPYMBNPLL	InChI=1S/C27H32O13/c1-10-19(32)21(34)23(36)27(37-10)40-26-22(35)20(33)17(9-28)39-25(26)13-6-7-14(30)18-15(31)8-16(38-24(13)18)11-2-4-12(29)5-3-11/h2-7,10,16-17,19-23,25-30,32-36H,8-9H2,1H3	null	CC1C(C(C(C(O1)OC2C(C(C(OC2C3=C4C(=C(C=C3)O)C(=O)CC(O4)C5=CC=C(C=C5)O)CO)O)O)O)O)O	-0.840531111	""	COCONUT:(CNP0097635);SuperNatural:(SN00178214)	3145728
8	3	N/A	-230.16320114004097	C27H32O13	[M - H2O + H]+	BMRYROKWSINDNV	InChI=1S/C27H32O13/c1-9-5-11-16(26-24(36)22(34)19(31)14(7-28)38-26)10-3-2-4-12(30)17(10)21(33)18(11)13(6-9)39-27-25(37)23(35)20(32)15(8-29)40-27/h2-6,14-16,19-20,22-32,34-37H,7-8H2,1H3	(10R)-8-hydroxy-3-methyl-10-[(2S,3R,4S,5S,6R)-3,4,5-trihydroxy-6-(hydroxymethyl)oxan-2-yl]-1-[(2S,3R,4S,5S,6R)-3,4,5-trihydroxy-6-(hydroxymethyl)oxan-2-yl]oxy-10H-anthracen-9-one	CC1=CC2=C(C(=C1)OC3C(C(C(C(O3)CO)O)O)O)C(=O)C4=C(C2C5C(C(C(C(O5)CO)O)O)O)C=CC=C4O	-0.699999988	21577055	COCONUT:(CNP0265823);Natural Products:(UNPD73594);PubChem:(21577055);SuperNatural:(SN00314249)	3178498
9	3	N/A	-235.21206921674917	C27H32O13	[M - H2O + H]+	TTWQECPYMPCSRC	InChI=1S/C27H32O13/c1-11(2)26(35)36-10-21-22(32)23(33)24(34)27(40-21)38-14-7-17(30)15-9-20(37-12(3)28)25(39-19(15)8-14)13-4-5-16(29)18(31)6-13/h4-8,11,20-25,27,29-34H,9-10H2,1-3H3	null	CC(C)C(=O)OCC1C(C(C(C(O1)OC2=CC(=C3CC(C(OC3=C2)C4=CC(=C(C=C4)O)O)OC(=O)C)O)O)O)O	1.29999995	101499278	COCONUT:(CNP0199843);Natural Products:(UNPD37558);PubChem:(101499278)	2129922
10	3	N/A	-239.11515294931138	C27H32O13	[M - H2O + H]+	XKBFAZSFUFNAPM	InChI=1S/C27H32O13/c1-37-23-13-10-14(19(31)24(23)38-2)15(28)4-3-5-16(29)17(30)9-11-6-7-18(12(13)8-11)39-27-22(34)20(32)21(33)25(40-27)26(35)36/h6-8,10,15,17,20-22,25,27-28,30-34H,3-5,9H2,1-2H3,(H,35,36)	null	COC1=C(C(=C2C=C1C3=C(C=CC(=C3)CC(C(=O)CCCC2O)O)OC4C(C(C(C(O4)C(=O)O)O)O)O)O)OC	0.200000003	131837557	HMDB:(133718);PubChem:(131837557);PubChem class - bio and metabolites	16777226
11	3	N/A	-240.8969021686094	C27H32O13	[M - H2O + H]+	BXMXOCQUGVDELK	InChI=1S/C27H32O13/c1-37-23-14-10-11(18(30)24(23)38-2)5-3-4-6-15(28)19(31)17(29)12-7-8-16(13(14)9-12)39-27-22(34)20(32)21(33)25(40-27)26(35)36/h7-10,17,19-22,25,27,29-34H,3-6H2,1-2H3,(H,35,36)	null	COC1=C2C=C(CCCCC(=O)C(C(C3=CC2=C(C=C3)OC4C(C(C(C(O4)C(=O)O)O)O)O)O)O)C(=C1OC)O	0.400000006	131837553	HMDB:(133714);PubChem:(131837553);PubChem class - bio and metabolites	16777226
12	3	N/A	-241.1155155076159	C27H32O13	[M - H2O + H]+	NZCFINCIGGRNLS	InChI=1S/C27H32O13/c1-37-22-13-10-14(15(28)4-3-5-17(30)18(31)9-11-6-7-16(29)12(13)8-11)23(25(22)38-2)39-27-21(34)19(32)20(33)24(40-27)26(35)36/h6-8,10,15,18-21,24,27-29,31-34H,3-5,9H2,1-2H3,(H,35,36)	null	COC1=C(C(=C2C=C1C3=C(C=CC(=C3)CC(C(=O)CCCC2O)O)O)OC4C(C(C(C(O4)C(=O)O)O)O)O)OC	0.200000003	131837558	HMDB:(133719);PubChem:(131837558);PubChem class - bio and metabolites	16777226
13	3	N/A	-242.89726472691396	C27H32O13	[M - H2O + H]+	ZGIWREILJNBFOP	InChI=1S/C27H32O13/c1-37-23-14-10-12(5-3-4-6-16(29)18(31)17(30)11-7-8-15(28)13(14)9-11)22(25(23)38-2)39-27-21(34)19(32)20(33)24(40-27)26(35)36/h7-10,17-21,24,27-28,30-34H,3-6H2,1-2H3,(H,35,36)	null	COC1=C2C=C(CCCCC(=O)C(C(C3=CC2=C(C=C3)O)O)O)C(=C1OC)OC4C(C(C(C(O4)C(=O)O)O)O)O	0.400000006	131837554	HMDB:(133715);PubChem:(131837554);PubChem class - bio and metabolites	16777226
14	3	N/A	-243.39399321260902	C27H32O13	[M - H2O + H]+	QBKMGAJNGCTGFA	InChI=1S/C27H32O13/c1-35-21(30)12-17-16(10-11-37-20(29)9-8-15-6-4-3-5-7-15)26(38-14-18(17)25(34)36-2)40-27-24(33)23(32)22(31)19(13-28)39-27/h3-10,14,17,19,22-24,26-28,31-33H,11-13H2,1-2H3	null	COC(=O)CC1C(=COC(C1=CCOC(=O)C=CC2=CC=CC=C2)OC3C(C(C(C(O3)CO)O)O)O)C(=O)OC	-0.300000012	45360098	COCONUT:(CNP0349041);PubChem:(45360098);SuperNatural:(SN00040574);ZINC bio:(ZINC67911778);additional;Training Set	3694594
15	3	N/A	-244.67253286972988	C27H32O13	[M - H2O + H]+	PXGWOWJSMRNURR	InChI=1S/C27H32O13/c1-12-25(40-27-23(35)21(33)20(32)19(11-28)39-27)22(34)24(36)26(37-12)38-18-10-15(30)7-8-16(18)17(31)9-4-13-2-5-14(29)6-3-13/h2-10,12,19-30,32-36H,11H2,1H3	Isoliquiritigenin 2''-glucosyl-(1->4)-rhamnoside	CC1C(C(C(C(O1)OC2=C(C=CC(=C2)O)C(=O)C=CC3=CC=C(C=C3)O)O)O)OC4C(C(C(C(O4)CO)O)O)O	-0.300000012	42607523	COCONUT:(CNP0296207);KNApSAcK:(7188);Natural Products:(UNPD166541);PubChem:(42607523);SuperNatural:(SN00400045)	3178514
16	3	N/A	-257.3144067546076	C27H32O13	[M - H2O + H]+	DRGZGYCDOVYZEB	InChI=1S/C27H32O13/c1-36-15-8-13(7-12-6-5-11-3-2-4-14(30)18(11)19(12)15)37-27-25(23(34)21(32)17(10-29)39-27)40-26-24(35)22(33)20(31)16(9-28)38-26/h2-8,16-17,20-35H,9-10H2,1H3	null	COC1=C2C(=CC(=C1)OC3C(C(C(C(O3)CO)O)O)OC4C(C(C(C(O4)CO)O)O)O)C=CC5=C2C(=CC=C5)O	0.300000012	102103820	COCONUT:(CNP0125514);Natural Products:(UNPD215236);PubChem:(102103820)	2129922
17	3	N/A	-260.6914252005194	C27H32O13	[M - H2O + H]+	CYNCEFUDTQYGPC	InChI=1S/C27H32O13/c1-35-14-7-19(36-2)21-15(28)9-18(39-20(21)8-14)12-3-5-13(6-4-12)40-27(25(34)23(32)17(30)11-38-27)26-24(33)22(31)16(29)10-37-26/h3-8,16-18,22-26,29-34H,9-11H2,1-2H3	null	COC1=CC(=C2C(=O)CC(OC2=C1)C3=CC=C(C=C3)OC4(C(C(C(CO4)O)O)O)C5C(C(C(CO5)O)O)O)OC	-0.659615755	""	COCONUT:(CNP0199382);Natural Products:(UNPD196531);SuperNatural:(SN00288315)	3178496
18	3	N/A	-266.2394622787183	C27H32O13	[M - H2O + H]+	ZKFDABCPJJNVQI	InChI=1S/C27H32O13/c1-14(6-7-28)12-38-27-26(40-23(34)11-16-3-5-18(30)20(32)9-16)25(36)24(35)21(39-27)13-37-22(33)10-15-2-4-17(29)19(31)8-15/h2-6,8-9,21,24-32,35-36H,7,10-13H2,1H3	null	CC(=CCO)COC1C(C(C(C(O1)COC(=O)CC2=CC(=C(C=C2)O)O)O)O)OC(=O)CC3=CC(=C(C=C3)O)O	0.600000024	10578852	COCONUT:(CNP0370991);KNApSAcK:(33031);Natural Products:(UNPD20133);PubChem:(10578852);SuperNatural:(SN00232657)	3178514
19	3	N/A	-267.4519698243897	C27H32O13	[M - H2O + H]+	USDAEECLIDISNL	InChI=1S/C27H32O13/c1-36-16-8-14(38-27-25(35)23(33)21(31)18(10-29)40-27)7-12-3-2-11-6-13(4-5-15(11)19(12)16)37-26-24(34)22(32)20(30)17(9-28)39-26/h2-8,17-18,20-35H,9-10H2,1H3	null	COC1=C2C(=CC(=C1)OC3C(C(C(C(O3)CO)O)O)O)C=CC4=C2C=CC(=C4)OC5C(C(C(C(O5)CO)O)O)O	-0.511907995	""	COCONUT:(CNP0203396);KNApSAcK:(15895);Natural Products:(UNPD124164);SuperNatural:(SN00371974)	3178512
20	3	N/A	-267.54398318623873	C27H32O13	[M - H2O + H]+	KPEFKMBFXGPFLY	InChI=1S/C27H32O13/c1-36-15-8-13(7-12-6-5-11-3-2-4-14(29)18(11)19(12)15)38-27-25(35)23(33)21(31)17(40-27)10-37-26-24(34)22(32)20(30)16(9-28)39-26/h2-8,16-17,20-35H,9-10H2,1H3	null	COC1=C2C(=CC(=C1)OC3C(C(C(C(O3)COC4C(C(C(C(O4)CO)O)O)O)O)O)O)C=CC5=C2C(=CC=C5)O	-0.300000012	102103819	COCONUT:(CNP0242234);Natural Products:(UNPD213141);PubChem:(102103819)	2129922
21	3	N/A	-269.4317781943411	C27H32O13	[M - H2O + H]+	BUPDVJFRVYWYEV	InChI=1S/C27H32O13/c1-9-19(31)22(34)25(37)27(39-9)38-8-10-5-12-16(26-24(36)23(35)20(32)15(7-28)40-26)11-3-2-4-13(29)17(11)21(33)18(12)14(30)6-10/h2-6,9,15-16,19-20,22-32,34-37H,7-8H2,1H3	Aloinoside A	CC1C(C(C(C(O1)OCC2=CC3=C(C(=C2)O)C(=O)C4=C(C3C5C(C(C(C(O5)CO)O)O)O)C=CC=C4O)O)O)O	-1.20000005	313324;46173997;46173998;56641172;59601803;70814815	COCONUT:(CNP0184790);HMDB:(35784);Natural Products:(UNPD121974);PubChem:(313324 46173997 46173998 56641172 59601803 70814815);SuperNatural:(SN00305424);CHEBI:(81332 81331);PubChem class - bio and metabolites;KEGG:(C17780 C17779);PubMed	19956074
22	3	N/A	-276.0018000747479	C27H32O13	[M - H2O + H]+	UMWARQXKAJGQSG	InChI=1S/C27H32O13/c28-17-8-6-15(10-18(17)29)7-9-20(30)38-13-27(35)14-39-26(24(27)34)37-12-19-21(31)22(32)23(33)25(40-19)36-11-16-4-2-1-3-5-16/h1-10,19,21-26,28-29,31-35H,11-14H2	null	C1C(C(C(O1)OCC2C(C(C(C(O2)OCC3=CC=CC=C3)O)O)O)O)(COC(=O)C=CC4=CC(=C(C=C4)O)O)O	-0.899999976	10984606	COCONUT:(CNP0373413);KNApSAcK:(32921);Natural Products:(UNPD166955);PubChem:(10984606);SuperNatural:(SN00282492)	3178514
23	3	N/A	-276.9000957250895	C27H32O13	[M - H2O + H]+	ADDKDISNWQJHTB	InChI=1S/C27H32O13/c1-14(6-7-28)13-37-27-26(40-23(35)11-16-3-5-18(31)20(33)9-16)25(24(36)21(12-29)38-27)39-22(34)10-15-2-4-17(30)19(32)8-15/h2-6,8-9,21,24-33,36H,7,10-13H2,1H3	null	CC(=CCO)COC1C(C(C(C(O1)CO)O)OC(=O)CC2=CC(=C(C=C2)O)O)OC(=O)CC3=CC(=C(C=C3)O)O	1.10000002	10793050	COCONUT:(CNP0333077);KNApSAcK:(33028);Natural Products:(UNPD98602);PubChem:(10793050);SuperNatural:(SN00330778)	3178514
24	3	N/A	-291.145706390206	C27H32O13	[M - H2O + H]+	IKAMXSOMOVXQQD	InChI=1S/C27H32O13/c1-13(29)22-17(31)9-16(10-18(22)38-21(33)11-27(2,3)36)37-26-24(35)23(34)25(19(12-28)39-26)40-20(32)8-14-4-6-15(30)7-5-14/h4-7,9-10,19,23-26,28,30-31,34-36H,8,11-12H2,1-3H3	null	CC(=O)C1=C(C=C(C=C1OC(=O)CC(C)(C)O)OC2C(C(C(C(O2)CO)OC(=O)CC3=CC=C(C=C3)O)O)O)O	0.977005005	""	COCONUT:(CNP0103378);Natural Products:(UNPD49514);SuperNatural:(SN00326925)	3178496
25	3	N/A	-322.4311689827278	C27H32O13	[M - H2O + H]+	VBHBNHXZBKWQNO	InChI=1S/C27H32O13/c1-35-15-6-3-13(4-7-15)5-8-19(30)38-17-9-14(10-28)20-21(17)16(25(34)36-2)12-37-26(20)40-27-24(33)23(32)22(31)18(11-29)39-27/h3-9,12,17-18,20-24,26-29,31-33H,10-11H2,1-2H3	E-6-O-p-methoxycinnamoyl scandoside methyl ester	COC1=CC=C(C=C1)C=CC(=O)OC2C=C(C3C2C(=COC3OC4C(C(C(C(O4)CO)O)O)O)C(=O)OC)CO	-0.800000012	5319420;44584781;44584782;46191309	COCONUT:(CNP0272877);Natural Products:(UNPD91812 UNPD193040 UNPD63293 UNPD15049 UNPD196065 UNPD70006);PubChem:(5319420 44584781 44584782 46191309);SuperNatural:(SN00336230 SN00312756 SN00337825 SN00269447 SN00161155 SN00386175 SN00318344);PubMed	3178562
26	3	N/A	-328.7048511499096	C27H32O13	[M - H2O + H]+	AXUMQPYDNWGXBL	InChI=1S/C27H32O13/c1-2-36-25(35)16-12-38-26(40-27-24(34)23(33)22(32)18(10-28)39-27)20-14(9-17(30)21(16)20)11-37-19(31)8-5-13-3-6-15(29)7-4-13/h3-9,12,17-18,20-24,26-30,32-34H,2,10-11H2,1H3	null	CCOC(=O)C1=COC(C2C1C(C=C2COC(=O)C=CC3=CC=C(C=C3)O)O)OC4C(C(C(C(O4)CO)O)O)O	-0.800000012	102384364	COCONUT:(CNP0414155);Natural Products:(UNPD12932);PubChem:(102384364);SuperNatural:(SN00397373)	3178498
27	3	N/A	-335.6659115634871	C27H32O13	[M - H2O + H]+	UYGZHMMKMWSURB	InChI=1S/C27H32O13/c1-35-15-6-3-13(4-7-15)5-8-19(30)37-12-18-22(31)23(32)24(33)27(39-18)40-26-20-14(10-28)9-17(29)21(20)16(11-38-26)25(34)36-2/h3-9,11,17-18,20-24,26-29,31-33H,10,12H2,1-2H3	null	COC1=CC=C(C=C1)C=CC(=O)OCC2C(C(C(C(O2)OC3C4C(C(C=C4CO)O)C(=CO3)C(=O)OC)O)O)O	0.0117847947	""	COCONUT:(CNP0265525);Natural Products:(UNPD4455);SuperNatural:(SN00362375)	3178496
28	3	N/A	-336.96569541348384	C27H32O13	[M - H2O + H]+	JOOCSLKQWYDGRR	InChI=1S/C27H32O13/c1-4-14-15-7-8-36-25(33)16(15)12-37-26(14)40-27-23(32)24(22(31)19(11-28)38-27)39-20(29)6-5-13-9-17(34-2)21(30)18(10-13)35-3/h4-6,9-10,12,14-15,19,22-24,26-28,30-32H,1,7-8,11H2,2-3H3	[(2S,3R,4S,5R,6R)-2-[[(3S,4R,4aS)-4-ethenyl-8-oxo-4,4a,5,6-tetrahydro-3H-pyrano[3,4-c]pyran-3-yl]oxy]-3,5-dihydroxy-6-(hydroxymethyl)oxan-4-yl] (E)-3-(4-hydroxy-3,5-dimethoxyphenyl)prop-2-enoate	COC1=CC(=CC(=C1O)OC)C=CC(=O)OC2C(C(OC(C2O)OC3C(C4CCOC(=O)C4=CO3)C=C)CO)O	1.29999995	21672554	COCONUT:(CNP0342096);Natural Products:(UNPD84292);PubChem:(21672554);SuperNatural:(SN00320917)	3178498
29	3	N/A	-339.28935748291156	C27H32O13	[M - H2O + H]+	HTZKOYZYQWXCEV	InChI=1S/C27H32O13/c1-35-11-14-9-17(38-19(30)8-5-13-3-6-15(29)7-4-13)21-16(25(34)36-2)12-37-26(20(14)21)40-27-24(33)23(32)22(31)18(10-28)39-27/h3-9,12,17-18,20-24,26-29,31-33H,10-11H2,1-2H3	methyl (1S,4aS,5R,7aS)-5-[(E)-3-(4-hydroxyphenyl)prop-2-enoyl]oxy-7-(methoxymethyl)-1-[(2S,3R,4S,5S,6R)-3,4,5-trihydroxy-6-(hydroxymethyl)oxan-2-yl]oxy-1,4a,5,7a-tetrahydrocyclopenta[c]pyran-4-carboxylate	COCC1=CC(C2C1C(OC=C2C(=O)OC)OC3C(C(C(C(O3)CO)O)O)O)OC(=O)C=CC4=CC=C(C=C4)O	-0.600000024	16082016	COCONUT:(CNP0304763);KNApSAcK:(50081);Natural Products:(UNPD1762);PubChem:(16082016);SuperNatural:(SN00162030)	3178514
30	3	N/A	-353.42742365529483	C27H32O13	[M - H2O + H]+	DCVLQGZRIUJCDA	InChI=1S/C27H32O13/c1-35-17-7-3-13(9-18(17)36-2)4-8-20(29)37-11-14-5-6-15-16(25(33)34)12-38-26(21(14)15)40-27-24(32)23(31)22(30)19(10-28)39-27/h3-5,7-9,12,15,19,21-24,26-28,30-32H,6,10-11H2,1-2H3,(H,33,34)	null	COC1=C(C=C(C=C1)C=CC(=O)OCC2=CCC3C2C(OC=C3C(=O)O)OC4C(C(C(C(O4)CO)O)O)O)OC	-0.100000001	10626770;101098642;100953246	COCONUT:(CNP0226999);Natural Products:(UNPD102341);PubChem:(10626770 101098642 100953246)	2129922
31	3	N/A	-368.62857377689295	C27H32O13	[M - H2O + H]+	KAWWUODRABPWGU	InChI=1S/C27H32O13/c1-11-19(30)21(32)22(33)26(36-11)40-24-20(31)17(10-28)39-27(23(24)34)37-14-7-5-12(6-8-14)16-9-13-3-2-4-15(29)18(13)25(35)38-16/h2-8,11,16-17,19-24,26-34H,9-10H2,1H3	4-[(3S)-8-Hydroxy-1-oxo-3,4-dihydro-1H-isochromen-3-yl]phenyl 3-O-(6-deoxy-alpha-L-mannopyranosyl)-beta-D-glucopyranoside	CC1C(C(C(C(O1)OC2C(C(OC(C2O)OC3=CC=C(C=C3)C4CC5=C(C(=CC=C5)O)C(=O)O4)CO)O)O)O)O	0.300000012	53359350	COCONUT:(CNP0085119);PubChem:(53359350);PubMed;CHEBI:(68124)	2097250
32	3	N/A	-406.70115400025804	C27H32O13	[M - H2O + H]+	BQYBYCDXHBOHPI	InChI=1S/C27H32O13/c1-12-20(32)22(34)24(36)26(38-12)27(25(37)23(35)21(33)19(11-28)40-27)39-15-6-2-13(3-7-15)4-9-17(30)16-8-5-14(29)10-18(16)31/h2-10,12,19-26,28-29,31-37H,11H2,1H3	null	CC1C(C(C(C(O1)C2(C(C(C(C(O2)CO)O)O)O)OC3=CC=C(C=C3)C=CC(=O)C4=C(C=C(C=C4)O)O)O)O)O	-0.888538957	""	COCONUT:(CNP0248993);Natural Products:(UNPD180868);SuperNatural:(SN00259293)	3178496
33	3	N/A	-407.56434543479355	C27H32O13	[M - H2O + H]+	WRDUEDCDAVJOLF	InChI=1S/C27H32O13/c1-6-33-23(32)8-7-18-11-19-9-10-34-20(19)12-21(18)39-27-26(38-17(5)31)25(37-16(4)30)24(36-15(3)29)22(40-27)13-35-14(2)28/h9-12,22,24-27H,6-8,13H2,1-5H3	null	CCOC(=O)CCC1=C(C=C2C(=C1)C=CO2)OC3C(C(C(C(O3)COC(=O)C)OC(=O)C)OC(=O)C)OC(=O)C	2.4000001	100989742	COCONUT:(CNP0274380);Natural Products:(UNPD17393);PubChem:(100989742);SuperNatural:(SN00304462)	3178498
34	3	N/A	-464.9467327397479	C27H32O13	[M - H2O + H]+	RDTAYHMYNRHZSL	InChI=1S/C27H32O13/c1-6-33-22(32)10-8-18-7-9-20-19(11-12-34-20)23(18)40-27-26(38-17(5)31)25(37-16(4)30)24(36-15(3)29)21(39-27)13-35-14(2)28/h7,9,11-12,21,24-27H,6,8,10,13H2,1-5H3	null	CCOC(=O)CCC1=C(C2=C(C=C1)OC=C2)OC3C(C(C(C(O3)COC(=O)C)OC(=O)C)OC(=O)C)OC(=O)C	2.4000001	100989743	COCONUT:(CNP0270373);Natural Products:(UNPD176940);PubChem:(100989743);SuperNatural:(SN00390442)	3178498
1	4	N/A	-542.6131215050376	C26H28N4O8	[M + Na]+	PNZUHMALUWDEMC	InChI=1S/C26H28N4O8/c1-15-13-28(24(32)26(4)22(38-26)18-7-11-20(12-8-18)30(35)36)16(2)14-27(15)23(31)25(3)21(37-25)17-5-9-19(10-6-17)29(33)34/h5-12,15-16,21-22H,13-14H2,1-4H3	null	CC1CN(C(CN1C(=O)C2(C(O2)C3=CC=C(C=C3)[N+](=O)[O-])C)C)C(=O)C4(C(O4)C5=CC=C(C=C5)[N+](=O)[O-])C	2.29999995	132515915	COCONUT:(CNP0354628);MeSH:(132515915);PubChem:(132515915);PubMed	2097222
2	4	N/A	-603.0286528543535	C26H28N4O8	[M + Na]+	SBGLENZHMVQDAP	InChI=1S/C26H28N4O8/c1-11-22(34)20(13(3)31)24-21(23(11)35)26(5)16(37-24)10-15(32)19(25(26)36)12(2)27-8-6-17(33)28-9-7-18-29-14(4)30-38-18/h10,27,34-35H,6-9H2,1-5H3,(H,28,33)	null	CC1=C(C(=C2C(=C1O)C3(C(=CC(=O)C(=C(C)NCCC(=O)NCCC4=NC(=NO4)C)C3=O)O2)C)C(=O)C)O	2.5	110207285;133538567	PubChem:(110207285 133538567);COCONUT:(CNP0409028)	2097154
3	4	N/A	-630.6600869206909	C26H28N4O8	[M + Na]+	JLBUKKHXTCOPDO	InChI=1S/C26H28N4O8/c1-10(2)25-29-17(38-30-25)9-28-16(33)8-27-12(4)18-14(32)7-15-26(6,24(18)36)20-22(35)11(3)21(34)19(13(5)31)23(20)37-15/h7,10,27,34-35H,8-9H2,1-6H3,(H,28,33)	null	CC1=C(C(=C2C(=C1O)C3(C(=CC(=O)C(=C(C)NCC(=O)NCC4=NC(=NO4)C(C)C)C3=O)O2)C)C(=O)C)O	2.9000001	110206004;133541522	PubChem:(110206004 133541522);COCONUT:(CNP0407332)	2097154
4	4	N/A	-735.2585180765187	C26H28N4O8	[M + Na]+	WQAZKJPNBIDRNL	InChI=1S/C26H28N4O8/c1-14-23(15-4-7-19-21(11-15)36-10-9-35-19)24(32)17-6-5-16(12-20(17)38-14)37-13-22(31)30-18(25(33)34)3-2-8-29-26(27)28/h4-7,11-12,18H,2-3,8-10,13H2,1H3,(H,30,31)(H,33,34)(H4,27,28,29)	null	CC1=C(C(=O)C2=C(O1)C=C(C=C2)OCC(=O)NC(CCCN=C(N)N)C(=O)O)C3=CC4=C(C=C3)OCCO4	1.39999998	52904403	COCONUT:(CNP0306441);PubChem:(52904403);SuperNatural:(SN00104219);ZINC bio:(ZINC61991189)	3153922