structureRankPerFormula	formulaRank	ConfidenceScore	CSI:FingerIDScore	molecularFormula	adduct	InChIkey2D	InChI	name	smiles	xlogp	pubchemids	links	dbflags
1	1	0.39071459555493293	-43.36006095064784	C16H22O10	[M + Na]+	ZJDOESGVOWAULF	InChI=1S/C16H22O10/c17-3-6-1-2-7-8(14(22)23)5-24-15(10(6)7)26-16-13(21)12(20)11(19)9(4-18)25-16/h1,5,7,9-13,15-21H,2-4H2,(H,22,23)	Geniposidic acid	C1C=C(C2C1C(=COC2OC3C(C(C(C(O3)CO)O)O)O)C(=O)O)CO	-2.70000005	323273;443354;5324103;6325199;12087362;13564418;13564420;10339357;15939127;71774724;90470758;97050366;97050367;97050368;97050369;125041148;125041149;125041150;124511254;129010064;129010420;129362041;129362042;129362043;131698396;131704761;131707480;133612281;138107800	HMDB:(34942);SuperNatural:(SN00377434 SN00007024 SN00177503 SN00298281 SN00300136 SN00166214);ZINC bio:(ZINC04102166);additional;MeSH:(443354);PubMed;COCONUT:(CNP0195240 CNP0305858);KNApSAcK:(10564);Natural Products:(UNPD106583 UNPD162860 UNPD155880);PubChem:(323273 443354 5324103 6325199 12087362 13564418 13564420 10339357 15939127 71774724 90470758 97050366 97050367 97050368 97050369 125041148 125041149 125041150 124511254 129010064 129010420 129362041 129362042 129362043 131698396 131704761 131707480 133612281 138107800);CHEBI:(5301);PubChem class - bio and metabolites;KEGG:(C11673);PubChem class - safety and toxic	87597438
2	1	N/A	-55.66110393778954	C16H22O10	[M + Na]+	HGYUBLMQZDQRSI	InChI=1S/C16H22O10/c1-5-8(18)2-6-7(14(22)23)4-24-15(10(5)6)26-16-13(21)12(20)11(19)9(3-17)25-16/h4-6,9-13,15-17,19-21H,2-3H2,1H3,(H,22,23)	(1S,4aS,7R,7aS)-7-methyl-6-oxo-1-[(2S,3R,4S,5S,6R)-3,4,5-trihydroxy-6-(hydroxymethyl)oxan-2-yl]oxy-4a,5,7,7a-tetrahydro-1H-cyclopenta[c]pyran-4-carboxylic acid	CC1C2C(CC1=O)C(=COC2OC3C(C(C(C(O3)CO)O)O)O)C(=O)O	-2.0	14137244	COCONUT:(CNP0051813 CNP0284240);Natural Products:(UNPD153639);PubChem:(14137244);SuperNatural:(SN00041273 SN00313380);ZINC bio:(ZINC67913641);Training Set;KEGG Mine	8593137666
3	1	N/A	-64.41306823872979	C16H22O10	[M + Na]+	PUEUIRDVQIKCCG	InChI=1S/C16H22O10/c1-2-7-8(3-4-17)9(14(22)23)6-24-15(7)26-16-13(21)12(20)11(19)10(5-18)25-16/h2,4,6-8,10-13,15-16,18-21H,1,3,5H2,(H,22,23)	Secologanate	C=CC1C(C(=COC1OC2C(C(C(C(O2)CO)O)O)O)C(=O)O)CC=O	-1.89999998	439612;4631412;5321213;22524492;25201445;87341130	COCONUT:(CNP0168831 CNP0173207);KNApSAcK:(34978);Natural Products:(UNPD118067 UNPD138269 UNPD88229);PubChem:(439612 4631412 5321213 22524492 25201445 87341130);SuperNatural:(SN00324181 SN00298632 SN00160612 SN00283801);CHEBI:(9075);KEGG:(C01957);Plantcyc:(SECOLOGANATE);PubMed;Biocyc:(SECOLOGANATE)	3311986
4	1	N/A	-85.62372352378812	C16H22O10	[M + Na]+	ZLWWOVLBOTUVGK	InChI=1S/C16H22O10/c17-3-6-1-2-7-8(14(22)23)5-24-15(10(6)7)26-16-13(21)12(20)11(19)9(4-18)25-16/h2,5-6,9-13,15-21H,1,3-4H2,(H,22,23)	null	C1C=C2C(C1CO)C(OC=C2C(=O)O)OC3C(C(C(C(O3)CO)O)O)O	-2.29999995	102252287	COCONUT:(CNP0202942);Natural Products:(UNPD44190);PubChem:(102252287);SuperNatural:(SN00395248)	3178498
5	1	N/A	-87.76807803770501	C16H22O10	[M + Na]+	UJHKVBUVGHLNMO	InChI=1S/C16H22O10/c17-3-6-1-2-7-8(14(22)23)5-24-15(10(6)7)26-16-13(21)12(20)11(19)9(4-18)25-16/h5,7,9,11-13,15-21H,1-4H2,(H,22,23)	(1S,4aS)-7-(hydroxymethyl)-1-[(2S,3R,4S,5S,6R)-3,4,5-trihydroxy-6-(hydroxymethyl)oxan-2-yl]oxy-1,4a,5,6-tetrahydrocyclopenta[c]pyran-4-carboxylic acid	C1CC(=C2C1C(=COC2OC3C(C(C(C(O3)CO)O)O)O)C(=O)O)CO	-2.9000001	21592390;101085817	COCONUT:(CNP0255030);KNApSAcK:(34797);Natural Products:(UNPD103186);PubChem:(21592390 101085817)	2129938
6	1	N/A	-90.62242249332287	C16H22O10	[M + Na]+	VLHNUUYSBSLFOK	InChI=1S/C16H22O10/c1-23-15-11(19)10(18)12(20)16(26-15)25-14-9-6(4-17)2-3-7(9)8(5-24-14)13(21)22/h2,5,7,9-12,14-20H,3-4H2,1H3,(H,21,22)	null	COC1C(C(C(C(O1)OC2C3C(CC=C3CO)C(=CO2)C(=O)O)O)O)O	-1.32879627	""	COCONUT:(CNP0192476);Natural Products:(UNPD19462)	2129920
7	1	N/A	-93.40252105137488	C16H22O10	[M + Na]+	JSKCJJNYSGWZDU	InChI=1S/C16H22O10/c1-5-8(18)2-6-7(14(22)23)4-24-15(10(5)6)26-16-13(21)12(20)11(19)9(3-17)25-16/h4,6,8-13,15-21H,1-3H2,(H,22,23)	Gardoside	C=C1C(CC2C1C(OC=C2C(=O)O)OC3C(C(C(C(O3)CO)O)O)O)O	-2.5	5317530;22524229;23640098;46173850;101350248	COCONUT:(CNP0055362 CNP0170112);KNApSAcK:(10556);Natural Products:(UNPD194156);PubChem:(5317530 22524229 23640098 46173850 101350248);SuperNatural:(SN00166184 SN00280177);CHEBI:(80827);KEGG:(C16963);PubMed	3178866
8	1	N/A	-103.55836843037561	C16H22O10	[M + Na]+	XYYMELWQHNGIOY	InChI=1S/C16H22O10/c1-23-14(22)7-5-24-15(10-6(7)2-3-8(10)18)26-16-13(21)12(20)11(19)9(4-17)25-16/h2-3,5-6,8-13,15-21H,4H2,1H3	null	COC(=O)C1=COC(C2C1C=CC2O)OC3C(C(C(C(O3)CO)O)O)O	-1.89999998	16203752;101836390	COCONUT:(CNP0319989);KNApSAcK:(29978);Natural Products:(UNPD80797);PubChem:(16203752 101836390);SuperNatural:(SN00349794);MeSH:(16203752);PubMed	3178582
9	1	N/A	-125.12286583645557	C16H22O10	[M + Na]+	ONWIFIWSHIQJQH	InChI=1S/C16H22O10/c1-6(18)10-7-2-3-23-14(22)8(7)5-24-15(10)26-16-13(21)12(20)11(19)9(4-17)25-16/h5,7,9-13,15-17,19-21H,2-4H2,1H3	null	CC(=O)C1C2CCOC(=O)C2=COC1OC3C(C(C(C(O3)CO)O)O)O	-2.0999999	101618849	COCONUT:(CNP0191370);Natural Products:(UNPD105240);PubChem:(101618849);SuperNatural:(SN00345877)	3178498
10	1	N/A	-127.82764269755214	C16H22O10	[M + Na]+	HEYZWPRKKUGDCR	InChI=1S/C16H22O10/c1-2-7-14(24-6-8-13(21)23-4-3-16(7,8)22)26-15-12(20)11(19)10(18)9(5-17)25-15/h2,6-7,9-12,14-15,17-20,22H,1,3-5H2	Swertiamarin	C=CC1C(OC=C2C1(CCOC2=O)O)OC3C(C(C(C(O3)CO)O)O)O	-2.0	114700;442435;3515878;6326110;12443156;9951472;23304674;57511435;71730465;72698611;73758648;97043262;97043263;97043264;97043265;125038540;125038541;124519395;124519396;124298533;124300890;124302145;134688812;132399059	SuperNatural:(SN00006969 SN00339875 SN00141614 SN00163463 SN00162802 SN00354994 SN00354849 SN00342100);ZINC bio:(ZINC04098354 ZINC68590454);additional;MeSH:(442435 132399059);PubMed;COCONUT:(CNP0387111);KNApSAcK:(3100);Natural Products:(UNPD58003 UNPD32286 UNPD61068 UNPD70446 UNPD95733 UNPD167309);PubChem:(114700 442435 3515878 6326110 12443156 9951472 23304674 57511435 71730465 72698611 73758648 97043262 97043263 97043264 97043265 125038540 125038541 124519395 124519396 124298533 124300890 124302145 134688812 132399059);CHEBI:(9370);KEGG:(C09800);PubChem class - safety and toxic;Training Set;Biocyc:(CPD-13045)	70838646
11	1	N/A	-137.10334259107714	C16H22O10	[M + Na]+	DYJXNICFFHYULW	InChI=1S/C16H22O10/c1-16-8(26-16)2-5-6(13(21)22)4-23-14(9(5)16)25-15-12(20)11(19)10(18)7(3-17)24-15/h4-5,7-12,14-15,17-20H,2-3H2,1H3,(H,21,22)	null	CC12C(O1)CC3C2C(OC=C3C(=O)O)OC4C(C(C(C(O4)CO)O)O)O	-1.89999998	10761921	COCONUT:(CNP0360045);Natural Products:(UNPD206656 UNPD141797);PubChem:(10761921);SuperNatural:(SN00230028);KEGG Mine	8593113090
12	1	N/A	-141.75335643658389	C16H22O10	[M + Na]+	LCTYGGXMQYUYHL	InChI=1S/C16H22O10/c1-2-6-7-3-10(18)25-14(22)8(7)5-23-15(6)26-16-13(21)12(20)11(19)9(4-17)24-16/h2,5-7,9-13,15-21H,1,3-4H2	null	C=CC1C2CC(OC(=O)C2=COC1OC3C(C(C(C(O3)CO)O)O)O)O	-1.39999998	71505140;71607801;101012643	COCONUT:(CNP0164948);Natural Products:(UNPD68526 UNPD12670);PubChem:(71505140 71607801 101012643);SuperNatural:(SN00239945 SN00161894);KEGG Mine	8593113090
13	1	N/A	-153.41419702548242	C16H22O10	[M + Na]+	QRWNMJBTANFMHA	InChI=1S/C16H22O10/c1-22-8-4-7(5-9(23-2)14(8)24-3)15(21)26-16-13(20)12(19)11(18)10(6-17)25-16/h4-5,10-13,16-20H,6H2,1-3H3	[(2S,3R,4S,5S,6R)-3,4,5-trihydroxy-6-(hydroxymethyl)oxan-2-yl] 3,4,5-trimethoxybenzoate	COC1=CC(=CC(=C1OC)OC)C(=O)OC2C(C(C(C(O2)CO)O)O)O	-0.400000006	5322109;23928103;51543737;51543738;51722829;51722830;124905133;124905134	COCONUT:(CNP0286465);Natural Products:(UNPD86905);PubChem:(5322109 23928103 51543737 51543738 51722829 51722830 124905133 124905134);SuperNatural:(SN00038448 SN00037295 SN00037296 SN00038447 SN00160664);ZINC bio:(ZINC15251354 ZINC15251357 ZINC36374591 ZINC36374594);additional;Training Set	3727362
14	1	N/A	-157.26448524609174	C16H22O10	[M + Na]+	AWNFCMRYPKKIHV	InChI=1S/C16H22O10/c1-6-10(7-2-3-23-14(21)8(7)5-24-6)15(22)26-16-13(20)12(19)11(18)9(4-17)25-16/h2,5-6,9-13,15-20,22H,3-4H2,1H3	null	CC1C(C2=CCOC(=O)C2=CO1)C(O)OC3C(C(C(C(O3)CO)O)O)O	-2.29999995	101306831	PubChem:(101306831);KNApSAcK:(10753)	18
15	1	N/A	-161.08160608869562	C16H22O10	[M + Na]+	OTGGZHYFDGWERE	InChI=1S/C16H22O10/c17-3-8-11(18)12(19)13(20)16(25-8)26-15-10(9-5-23-9)6-1-2-22-14(21)7(6)4-24-15/h4,6,8-13,15-20H,1-3,5H2	null	C1COC(=O)C2=COC(C(C21)C3CO3)OC4C(C(C(C(O4)CO)O)O)O	-1.76039636	""	COCONUT:(CNP0150790);Natural Products:(UNPD69675);SuperNatural:(SN00284733);KEGG Mine	8593113088
16	1	N/A	-163.31182248896164	C16H22O10	[M + Na]+	APHZSLWUGSUBKQ	InChI=1S/C16H22O10/c1-22-8-4-7(15(21)24-3)5-9(23-2)14(8)26-16-13(20)12(19)11(18)10(6-17)25-16/h4-5,10-13,16-20H,6H2,1-3H3	methyl 3,5-dimethoxy-4-[(2S,3R,4S,5S,6R)-3,4,5-trihydroxy-6-(hydroxymethyl)oxan-2-yl]oxybenzoate	COC1=CC(=CC(=C1OC2C(C(C(C(O2)CO)O)O)O)OC)C(=O)OC	-0.502965689	21579142;54575614;53304888	COCONUT:(CNP0251600);Natural Products:(UNPD115401);PubChem:(21579142 54575614 53304888);SuperNatural:(SN00351913)	3178498
17	1	N/A	-196.17032500378326	C16H22O10	[M + Na]+	AZDPGDNGMGSZEZ	InChI=1S/C16H22O10/c1-5-12(26-15-11(20)10(19)9(18)7(2-17)24-15)13-8-6(14(21)25-13)3-23-4-16(5,8)22/h3,5,7-13,15,17-20,22H,2,4H2,1H3	null	CC1C(C2C3C1(COC=C3C(=O)O2)O)OC4C(C(C(C(O4)CO)O)O)O	-2.49953175	""	COCONUT:(CNP0222435);KNApSAcK:(10558);Natural Products:(UNPD134278 UNPD60706);SuperNatural:(SN00370223 SN00230803)	3178512
18	1	N/A	-238.2440590123946	C16H22O10	[M + Na]+	FVNXZBAOGFIURU	InChI=1S/C16H22O10/c1-5-8(2-6-7(14(21)22)4-24-15(23)10(5)6)25-16-13(20)12(19)11(18)9(3-17)26-16/h6-9,11-13,16-20H,2-4H2,1H3,(H,21,22)	null	CC1=C2C(CC1OC3C(C(C(C(O3)CO)O)O)O)C(COC2=O)C(=O)O	-1.75400424	""	COCONUT:(CNP0107661);Natural Products:(UNPD39991);SuperNatural:(SN00375290)	3178496
19	1	N/A	-244.75823422282872	C16H22O10	[M + Na]+	MUNAARMZXLYJIB	InChI=1S/C16H22O10/c1-24-15(23)10(5-7-2-3-8(18)9(19)4-7)25-16-14(22)13(21)12(20)11(6-17)26-16/h2-4,10-14,16-22H,5-6H2,1H3	null	COC(=O)C(CC1=CC(=C(C=C1)O)O)OC2C(C(C(C(O2)CO)O)O)O	-0.945316613	""	COCONUT:(CNP0286005);Natural Products:(UNPD218899)	2129920