structureRankPerFormula	formulaRank	ConfidenceScore	CSI:FingerIDScore	molecularFormula	adduct	InChIkey2D	InChI	name	smiles	xlogp	pubchemids	links	dbflags
1	1	0.1739019713065803	-114.98367430202424	C18H33NO4	[M + H]+	WRADPCFZZWXOTI	InChI=1S/C18H33NO4/c1-2-3-4-5-8-11-14-17(19(22)23)15-12-9-6-7-10-13-16-18(20)21/h15H,2-14,16H2,1H3,(H,20,21)	10-Nitrooleate	CCCCCCCCC(=CCCCCCCCC(=O)O)[N+](=O)[O-]	6.69999981	24836820;49820522;53394576;53442606;117819012;137699803	COCONUT:(CNP0347429);HMDB:(62737);PubChem:(24836820 49820522 53394576 53442606 117819012 137699803);CHEBI:(86285);additional;PubChem class - bio and metabolites;MeSH:(24836820);Training Set;PubMed;PubChem class - drug	52969582
2	1	N/A	-115.71351109074863	C18H33NO4	[M + H]+	CQOAKBVRRVHWKV	InChI=1S/C18H33NO4/c1-2-3-4-5-6-8-11-14-17(19(22)23)15-12-9-7-10-13-16-18(20)21/h14H,2-13,15-16H2,1H3,(H,20,21)	9-Nitrooleate	CCCCCCCCC=C(CCCCCCCC(=O)O)[N+](=O)[O-]	6.69999981	11645581;49820521;53394575;53412232;129900020;137699804	COCONUT:(CNP0098602);HMDB:(62738);PubChem:(11645581 49820521 53394575 53412232 129900020 137699804);CHEBI:(86329);additional;PubChem class - bio and metabolites;Training Set;PubMed	19415146
3	1	N/A	-208.8165677046835	C18H33NO4	[M + H]+	IKQUESGRCDRZTI	InChI=1S/C18H33NO4/c1-2-3-4-5-6-7-8-9-10-11-15(20)14-17(21)19-16-12-13-23-18(16)22/h15-16,20H,2-14H2,1H3,(H,19,21)	N-(3-Hydroxytetradecanoyl)-DL-homoserine lactone	CCCCCCCCCCCC(CC(=O)NC1CCOC1=O)O	5.0999999	10903547;11681427;21337741;93473595;98183926;98183927;138753051	PubChem class - safety and toxic;Training Set;PubChem:(10903547 11681427 21337741 93473595 98183926 98183927 138753051);PubMed	67125314
4	1	N/A	-232.01010537855464	C18H33NO4	[M + H]+	ZAWTZNFCJOLJOO	InChI=1S/C18H33NO4/c1-2-3-4-5-6-7-8-9-10-11-12-16(15-17(20)21)18(22)23-14-13-19/h10-11,16H,2-9,12-15,19H2,1H3,(H,20,21)	(E)-3-(2-aminoethoxycarbonyl)pentadec-5-enoic Acid	CCCCCCCCCC=CCC(CC(=O)O)C(=O)OCCN	1.89999998	3023112;6366331	PubChem:(3023112 6366331);NORMAN:(NS00063633)	262146
5	1	N/A	-234.54247409677498	C18H33NO4	[M + H]+	WWOFIZZYJHZNNI	InChI=1S/C18H33NO4/c1-2-3-4-5-6-7-8-9-10-11-12-16(15-17(21)22)18(23)19-13-14-20/h15,20H,2-14H2,1H3,(H,19,23)(H,21,22)	null	CCCCCCCCCCCCC(=CC(=O)O)C(=O)NCCO	4.80000019	44145406;53436745	PubChem:(44145406 53436745);NORMAN:(NS00062890)	262146
6	1	N/A	-337.83223846465427	C18H33NO4	[M + H]+	QRHOVIGWDUTIHK	InChI=1S/C18H33NO4/c1-2-3-4-5-6-7-8-9-10-11-17(20)23-14-18-12-21-15-19(18)16-22-13-18/h2-16H2,1H3	5-Lauroxymethyl-1-aza-3,7-dioxabicyclo(3.3.0)octane	CCCCCCCCCCCC(=O)OCC12COCN1COC2	4.5999999	118843	PubChem:(118843);NORMAN:(NS00029879)	262146
7	1	N/A	-363.13968643823705	C18H33NO4	[M + H]+	KQYIQWJQJFWGMP	InChI=1S/C18H33NO4/c1-6-12(3)15(11-20)19-16(22)8-9-18(5)17(23-18)13(4)10-14(21)7-2/h8-9,12-15,17,20-21H,6-7,10-11H2,1-5H3,(H,19,22)	curvularide B	CCC(C)C(CO)NC(=O)C=CC1(C(O1)C(C)CC(CC)O)C	2.20000005	49818156;71528806;71588984	COCONUT:(CNP0134198);Natural Products:(UNPD85416 UNPD228825);PubChem:(49818156 71528806 71588984);SuperNatural:(SN00225788);MeSH:(71588984);PubMed	3178566
8	1	N/A	-399.62402888756117	C18H33NO4	[M + H]+	AKQLFHXLRLKXAB	InChI=1S/C18H33NO4/c1-6-12(3)15(11-20)19-16(21)8-9-18(5,22)17-13(4)10-14(7-2)23-17/h8-9,12-15,17,20,22H,6-7,10-11H2,1-5H3,(H,19,21)	null	CCC1CC(C(O1)C(C)(C=CC(=O)NC(CO)C(C)CC)O)C	2.20000005	49818159;71507984;71508058;139586852	COCONUT:(CNP0329061);Natural Products:(UNPD209847 UNPD147087);PubChem:(49818159 71507984 71508058 139586852);SuperNatural:(SN00274125)	3178498
9	1	N/A	-406.3912421712604	C18H33NO4	[M + H]+	VMUODEDOHPQLOD	InChI=1S/C18H33NO4/c1-5-11-19(6-2)12-15-13-22-18(23-15)9-7-14(8-10-18)17(3,4)16(20)21/h14-15H,5-13H2,1-4H3,(H,20,21)	null	CCCN(CC)CC1COC2(O1)CCC(CC2)C(C)(C)C(=O)O	0.699999988	139597481	PubChem:(139597481);NORMAN:(NS00003014)	262146
1	1	N/A	-149.24671574430215	C18H35NO5	[M - H2O + H]+	PJWVTPFASUDOHE	InChI=1S/C18H35NO5/c1-2-3-4-5-6-7-8-9-10-11-12-14-17(24-19(22)23)15-13-16-18(20)21/h17H,2-16H2,1H3,(H,20,21)	5-Nitroxystearic acid	CCCCCCCCCCCCCC(CCCC(=O)O)O[N+](=O)[O-]	7.4000001	20980225;20980226	MeSH:(20980226);PubChem:(20980225 20980226);PubMed	70
2	1	N/A	-161.70094221520094	C18H35NO5	[M - H2O + H]+	WJHMEFKQZOKPMH	InChI=1S/C18H35NO5/c1-5-6-7-8-9-10-11-15(20)12-18(23)24-16(13-17(21)22)14-19(2,3)4/h15-16,20H,5-14H2,1-4H3/p+1	null	CCCCCCCCC(CC(=O)OC(CC(=O)O)C[N+](C)(C)C)O	3.0	131770390;131770391	HMDB:(61637);PubChem:(131770390 131770391);PubChem class - bio and metabolites	16777226
3	1	N/A	-193.8017810269025	C18H35NO5	[M - H2O + H]+	GITKLRWRJMRRKJ	InChI=1S/C18H35NO5/c1-13-17(22)11-9-14(19-13)8-10-15(20)6-4-2-3-5-7-16(21)12-18(23)24/h13-17,19-22H,2-12H2,1H3,(H,23,24)	null	CC1C(CCC([NH2+]1)CCC(CCCCCCC(CC(=O)[O-])O)O)O	0.0	""	COCONUT:(CNP0052234 CNP0119071);SuperNatural:(SN00164273)	3145728
4	1	N/A	-207.98929380030694	C18H35NO5	[M - H2O + H]+	HLJOKJJUFIWVNY	InChI=1S/C18H35NO5/c20-12-8-7-10-14(22)9-5-3-1-2-4-6-11-15-17(23)18(24)16(13-21)19-15/h15-21,23-24H,1-13H2	Broussonetine D	C(CCCCC(=O)CCCCO)CCCC1C(C(C(N1)CO)O)O	1.20000005	177263;11725129	COCONUT:(CNP0245274);KNApSAcK:(27961);Natural Products:(UNPD110449 UNPD88570);PubChem:(177263 11725129);SuperNatural:(SN00400736 SN00283811);MeSH:(177263);PubMed	3178582
5	1	N/A	-222.23760971546986	C18H35NO5	[M - H2O + H]+	QZTNFEXLVDIXEF	InChI=1S/C18H35NO5/c20-12-8-10-14(22)9-6-4-2-1-3-5-7-11-15-17(23)18(24)16(13-21)19-15/h15-21,23-24H,1-13H2	Broussonetine C	C(CCCCC1C(C(C(N1)CO)O)O)CCCCC(=O)CCCO	1.39999998	177267;10450275;10498315;73759465	COCONUT:(CNP0258067);KNApSAcK:(27960);Natural Products:(UNPD99609 UNPD149174);PubChem:(177267 10450275 10498315 73759465);SuperNatural:(SN00249957 SN00336424);PubMed	3178578
6	1	N/A	-245.36948476692692	C18H35NO5	[M - H2O + H]+	JNKVLRPMBOJUOI	InChI=1S/C18H35NO5/c1-6-12(3)15(11-20)19-16(22)8-9-18(5,24)17(23)13(4)10-14(21)7-2/h8-9,12-15,17,20-21,23-24H,6-7,10-11H2,1-5H3,(H,19,22)	null	CCC(C)C(CO)NC(=O)C=CC(C)(C(C(C)CC(CC)O)O)O	1.20000005	49818155	COCONUT:(CNP0265610);Natural Products:(UNPD165827);PubChem:(49818155);SuperNatural:(SN00257773)	3178498