structureRankPerFormula	formulaRank	ConfidenceScore	CSI:FingerIDScore	molecularFormula	adduct	InChIkey2D	InChI	name	smiles	xlogp	pubchemids	links	dbflags
1	1	N/A	-236.06349409565388	C20H31N5O4	[M + H]+	KGSDMHCTZAVBCZ	InChI=1S/C20H31N5O4/c1-12(2)9-15(18(22)27)25-20(29)16(10-14-7-5-4-6-8-14)24-17(26)11-23-19(28)13(3)21/h4-8,12-13,15-16H,9-11,21H2,1-3H3,(H2,22,27)(H,23,28)(H,24,26)(H,25,29)	Des-tal-enkephalinamide	CC(C)CC(C(=O)N)NC(=O)C(CC1=CC=CC=C1)NC(=O)CNC(=O)C(C)N	0.0968542248	134702;53462344	MeSH:(134702);PubChem:(134702 53462344);PubMed	70
2	1	N/A	-482.6434803141797	C20H31N5O4	[M + H]+	DRJKNPWOZOKAMV	InChI=1S/C20H31N5O4/c26-20(24-6-8-27-9-7-24)21-16-12-28-19-17(13-29-18(16)19)25-11-15(22-23-25)10-14-4-2-1-3-5-14/h11,14,16-19H,1-10,12-13H2,(H,21,26)	N-[(3S,3aR,6S,6aR)-6-[4-(cyclohexylmethyl)triazol-1-yl]-2,3,3a,5,6,6a-hexahydrofuro[3,2-b]furan-3-yl]morpholine-4-carboxamide	C1CCC(CC1)CC2=CN(N=N2)C3COC4C3OCC4NC(=O)N5CCOCC5	1.10000002	11911938	COCONUT:(CNP0036803);PubChem:(11911938);SuperNatural:(SN00012097);ZINC bio:(ZINC05409818)	3153922
1	1	N/A	-393.4417510320044	C20H33N5O5	[M - H2O + H]+	WCHFUOSFNPNBCN	InChI=1S/C20H33N5O5/c1-11(2)17(23)19(28)24-14(8-5-12-3-6-13(21)7-4-12)18(27)25-15(20(29)30)9-10-16(22)26/h3-4,6-7,11-15,17H,5,8-10,21,23H2,1-2H3,(H2,22,26)(H,24,28)(H,25,27)(H,29,30)	trans-4-(4-Amino-2,5-cyclohexadien-1-yl)-L-2-aminobutanoyl-L-valyl-L-glutamine	CC(C)C(C(=O)NC(CCC1C=CC(C=C1)N)C(=O)NC(CCC(=O)N)C(=O)O)N	-3.0	3086432	COCONUT:(CNP0114580);Natural Products:(UNPD25673);PubChem class - safety and toxic;PubChem:(3086432);SuperNatural:(SN00330735)	70287362
2	1	N/A	-545.0277992972756	C20H33N5O5	[M - H2O + H]+	PLODZIKGVYVNRF	InChI=1S/C20H33N5O5/c1-30-13-17(26)25-11-10-24(20(29)22-14-6-3-2-4-7-14)12-16(25)19(28)23-15-8-5-9-21-18(15)27/h14-16H,2-13H2,1H3,(H,21,27)(H,22,29)(H,23,28)	null	COCC(=O)N1CCN(CC1C(=O)NC2CCCNC2=O)C(=O)NC3CCCCC3	-0.200000003	40536170	COCONUT:(CNP0066993);PubChem:(40536170);SuperNatural:(SN00013199);ZINC bio:(ZINC05434140)	3153922
3	1	N/A	-550.1711398277898	C20H33N5O5	[M - H2O + H]+	PAIPVGMYBOZGHY	InChI=1S/C20H33N5O5/c1-30-13-17(26)24-10-11-25(20(29)22-14-6-3-2-4-7-14)16(12-24)19(28)23-15-8-5-9-21-18(15)27/h14-16H,2-13H2,1H3,(H,21,27)(H,22,29)(H,23,28)	(2R)-1-N-cyclohexyl-4-(2-methoxyacetyl)-2-N-[(3S)-2-oxopiperidin-3-yl]piperazine-1,2-dicarboxamide	COCC(=O)N1CCN(C(C1)C(=O)NC2CCCNC2=O)C(=O)NC3CCCCC3	-0.200000003	7674578	COCONUT:(CNP0056268);PubChem:(7674578);SuperNatural:(SN00012509);ZINC bio:(ZINC05414751)	3153922
1	2	0.13449825718053765	-213.23777106012076	C18H33N5O4	[M + Na]+	QZQBDQTYFDOVNN	InChI=1S/C18H33N5O4/c1-11(2)15(16(20)25)22-17(26)14-8-6-10-23(14)18(27)13(21-12(3)24)7-4-5-9-19/h11,13-15H,4-10,19H2,1-3H3,(H2,20,25)(H,21,24)(H,22,26)	1-(2-acetamido-6-aminohexanoyl)-N-(1-amino-3-methyl-1-oxobutan-2-yl)pyrrolidine-2-carboxamide	CC(C)C(C(=O)N)NC(=O)C1CCCN1C(=O)C(CCCCN)NC(=O)C	-0.604422092	9209048;9209049;9864830;13892784;70905369;124224305;129362693;129362694;129362695	MeSH:(9209049);PubChem:(9209048 9209049 9864830 13892784 70905369 124224305 129362693 129362694 129362695);PubMed	70
2	2	N/A	-219.62500292259872	C18H33N5O4	[M + Na]+	CNJNALGFQLMBOC	InChI=1S/C18H33N5O4/c1-11(2)20-17(27)21-12-7-8-23(14(25)9-18(3,4)5)15(12)16(26)22(6)10-13(19)24/h11-12,15H,7-10H2,1-6H3,(H2,19,24)(H2,20,21,27)	N-(2-amino-2-oxoethyl)-1-(3,3-dimethylbutanoyl)-N-methyl-3-(propan-2-ylcarbamoylamino)pyrrolidine-2-carboxamide	CC(C)NC(=O)NC1CCN(C1C(=O)N(C)CC(=O)N)C(=O)CC(C)(C)C	0.600000024	3667407;11865814	COCONUT:(CNP0029453);PubChem:(3667407 11865814);SuperNatural:(SN00004018);ZINC bio:(ZINC03839104)	3153922
3	2	N/A	-251.6521897479309	C18H33N5O4	[M + Na]+	OZECPTYZANTUFS	InChI=1S/C18H33N5O4/c1-11(2)20-17(27)21-12-7-13(16(26)22(6)10-14(19)24)23(9-12)15(25)8-18(3,4)5/h11-13H,7-10H2,1-6H3,(H2,19,24)(H2,20,21,27)	1-(3,3-dimethylbutanoyl)-4-{[(1-methylethyl)carbamoyl]amino}prolyl-N2-methylglycinamide	CC(C)NC(=O)NC1CC(N(C1)C(=O)CC(C)(C)C)C(=O)N(C)CC(=O)N	0.0	3728107;7049476	COCONUT:(CNP0376541);PubChem:(3728107 7049476);SuperNatural:(SN00003987);ZINC bio:(ZINC03839045)	3153922