structureRankPerFormula	formulaRank	ConfidenceScore	CSI:FingerIDScore	molecularFormula	adduct	InChIkey2D	InChI	name	smiles	xlogp	pubchemids	links	dbflags
1	1	0.5360689675557347	-156.39895930346975	C15H21NO9	[M + H]+	NIMVDZOWEYJNTR	InChI=1S/C15H21NO9/c16-7(14(22)23)3-6-1-2-8(18)9(4-6)24-15-13(21)12(20)11(19)10(5-17)25-15/h1-2,4,7,10-13,15,17-21H,3,5,16H2,(H,22,23)	2-amino-3-[4-hydroxy-3-[(2R,3R,4S,5S,6R)-3,4,5-trihydroxy-6-(hydroxymethyl)oxan-2-yl]oxyphenyl]propanoic acid	C1=CC(=C(C=C1CC(C(=O)O)N)OC2C(C(C(C(O2)CO)O)O)O)O	-1.93926883	11581260;11494216;72983473	COCONUT:(CNP0271522);HMDB:(29452);PubChem:(11581260 11494216 72983473);PubChem class - bio and metabolites	18874378
2	1	N/A	-254.32093197596112	C15H21NO9	[M + H]+	BLTFFSZSAZRUSC	InChI=1S/C15H21NO9/c1-16-5-8(18)6-2-3-9(7(17)4-6)24-15-12(21)10(19)11(20)13(25-15)14(22)23/h2-4,8,10-13,15-21H,5H2,1H3,(H,22,23)	L-Epinephrine glucuronide	CNCC(C1=CC(=C(C=C1)OC2C(C(C(C(O2)C(=O)O)O)O)O)O)O	-3.9000001	53480450;71316364;95162333;95162334;95162335;95162336	COCONUT:(CNP0002042);HMDB:(10336);PubChem:(53480450 71316364 95162333 95162334 95162335 95162336)	2097162
3	1	N/A	-313.5995585400593	C15H21NO9	[M + H]+	CMJMNLLULOWDQJ	InChI=1S/C15H21NO9/c17-9-2-1-7(4-10(9)18)3-8(14(22)23)16-6-15(24)13(21)12(20)11(19)5-25-15/h1-2,4,8,11-13,16-21,24H,3,5-6H2,(H,22,23)	Desoxyfructo-L-dopa	C1C(C(C(C(O1)(CNC(CC2=CC(=C(C=C2)O)O)C(=O)O)O)O)O)O	-4.0	174242;21125205;53462956	MeSH:(174242);PubChem:(174242 21125205 53462956);PubMed	70
4	1	N/A	-350.4883682577685	C15H21NO9	[M + H]+	BQSRWNRFUSHYFP	InChI=1S/C15H21NO9/c1-16-7-9(17)14(21)10(11(18)19)25-13(15(22,23)12(14)20)24-8-5-3-2-4-6-8/h2-6,9-10,12-13,16-17,20-23H,7H2,1H3,(H,18,19)	beta-D-Glucopyranosiduronic acid, 2-hydroxy-4-(1-hydroxy-2-(methylamino)ethyl)phenyl, (R)-	CNCC(C1(C(OC(C(C1O)(O)O)OC2=CC=CC=C2)C(=O)O)O)O	-3.70000005	171394	COCONUT:(CNP0065913);MeSH:(171394);PubChem:(171394);SuperNatural:(SN00220072);PubMed	3145798
5	1	N/A	-472.3001127542237	C15H21NO9	[M + H]+	QGQMORRUUAXIFQ	InChI=1S/C15H21NO9/c1-15(24,12-10(16)11(20)14(23)25-12)9-6(17)3-2-5(4-7(18)19)8(9)13(21)22/h9-12,14,20,23-24H,2-4,16H2,1H3,(H,18,19)(H,21,22)	beta-D-Altrofuranose, 3-amino-5-C-92-carboxy-3-(carboxymethyl)-6-oxo-2-(cyclohexen-1-yl)-3,6-dideoxy-	CC(C1C(C(C(O1)O)O)N)(C2C(=O)CCC(=C2C(=O)O)CC(=O)O)O	-5.4000001	3081868	MeSH:(3081868);PubChem:(3081868);PubMed	70
6	1	N/A	-500.39796927049775	C15H21NO9	[M + H]+	GLJAEZNTDWDEPX	InChI=1S/C15H21NO9/c1-6(18)15-8(22-3)4-9(19)16(2)14(15)24-12-11(21)10(20)7(5-17)23-13(12)25-15/h4,7,10-14,17,20-21H,5H2,1-3H3	null	CC(=O)C12C(N(C(=O)C=C1OC)C)OC3C(C(C(OC3O2)CO)O)O	-2.40907407	""	COCONUT:(CNP0217755);Natural Products:(UNPD194160);SuperNatural:(SN00287305)	3178496
1	2	N/A	-250.36189840190895	C16H19N5O6	[M - H2O + H]+	OYLTWZIEBYEQGY	InChI=1S/C16H19N5O6/c22-5-9-11(23)12(24)13(25)16(27-9)21-7-20-10-14(18-6-19-15(10)21)17-4-8-2-1-3-26-8/h1-3,6-7,9,11-13,16,22-25H,4-5H2,(H,17,18,19)	kinetin-9-N-glucoside	C1=COC(=C1)CNC2=C3C(=NC=N2)N(C=N3)C4C(C(C(C(O4)CO)O)O)O	-1.1077925	3831;11545314;25203435;131886811	COCONUT:(CNP0001724);HMDB:(12244);PubChem:(3831 11545314 25203435 131886811);CHEBI:(72620);ZINC bio:(ZINC40165547);PubChem class - bio and metabolites;Plantcyc:(CPD-4611 CPDQT-18);PubMed;Biocyc:(CPD-4611)	19015786
2	2	N/A	-264.0650848630346	C16H19N5O6	[M - H2O + H]+	AXJIOWGMASZFOU	InChI=1S/C16H19N5O6/c22-5-9-11(23)12(24)13(25)16(27-9)21-7-20-15-10(21)14(18-6-19-15)17-4-8-2-1-3-26-8/h1-3,6-7,9,11-13,16,22-25H,4-5H2,(H,17,18,19)	kinetin-7-N-glucoside	C1=COC(=C1)CNC2=NC=NC3=C2N(C=N3)C4C(C(C(C(O4)CO)O)O)O	-1.29999995	330022;11740302;25202817	COCONUT:(CNP0001725);HMDB:(12243);PubChem:(330022 11740302 25202817);PubChem class - bio and metabolites;Plantcyc:(CPD0-2386 CPD-4610);PubMed;Biocyc:(CPD-4610)	19007562
3	2	N/A	-347.1900269515506	C16H19N5O6	[M - H2O + H]+	BZHBNLOEUZEUOA	InChI=1S/C16H19N5O6/c1-6-2-8-9(3-7(6)17)21(4-10(23)13(25)11(24)5-22)14-12(18-8)15(26)20-16(27)19-14/h2-3,10-11,13,22-25H,4-5,17H2,1H3,(H,20,26,27)	8-Amino-8-demethylriboflavin	CC1=CC2=C(C=C1N)N(C3=NC(=O)NC(=O)C3=N2)CC(C(C(CO)O)O)O	-1.56650817	193403;360664;89102090;92268617;92268618;92268619;126456460	COCONUT:(CNP0264535);PubChem:(193403 360664 89102090 92268617 92268618 92268619 126456460);CHEBI:(137336 136518);PubChem class - bio and metabolites;MeSH:(193403);KEGG:(C21646);PubMed	18874726
4	2	N/A	-348.7354810951071	C16H19N5O6	[M - H2O + H]+	RVUBUJKUMMZDGJ	InChI=1S/C16H19N5O6/c17-15(26)18-7-3-6-11(14(24)25)19-12(22)8-21-13(23)9-4-1-2-5-10(9)20-16(21)27/h1-2,4-5,11H,3,6-8H2,(H,19,22)(H,20,27)(H,24,25)(H3,17,18,26)	5-(carbamoylamino)-2-[[2-(2,4-dioxo-1H-quinazolin-3-yl)acetyl]amino]pentanoic Acid	C1=CC=C2C(=C1)C(=O)N(C(=O)N2)CC(=O)NC(CCCNC(=O)N)C(=O)O	-0.899999976	1788799;1788800;4836067;51524304	COCONUT:(CNP0236143);PubChem:(1788799 1788800 4836067 51524304);ZINC bio:(ZINC02133503)	2105346
1	2	N/A	-372.43150680810385	C16H17N5O5	[M + H]+	JJZVLVUELJRGGM	InChI=1S/C16H17N5O5/c1-2-19(9-10-22)13-5-3-12(4-6-13)17-18-15-8-7-14(20(23)24)11-16(15)21(25)26/h3-8,11,22H,2,9-10H2,1H3	2-[4-[(2,4-dinitrophenyl)diazenyl]-N-ethylanilino]ethanol	CCN(CCO)C1=CC=C(C=C1)N=NC2=C(C=C(C=C2)[N+](=O)[O-])[N+](=O)[O-]	3.20000005	44092	PubChem:(44092);PubChem class - safety and toxic	67108866
2	2	N/A	-395.8682560947198	C16H17N5O5	[M + H]+	BRQSKLCQNUJXLK	InChI=1S/C16H17N5O5/c1-3-25-13-6-4-12(5-7-13)18-16(20-22)11(2)19-17-10-14-8-9-15(26-14)21(23)24/h4-10,22H,3H2,1-2H3,(H,18,20)	null	CCOC1=CC=C(C=C1)N=C(C(=NN=CC2=CC=C(O2)[N+](=O)[O-])C)NO	2.5999999	135599763;135853838	PubChem:(135599763 135853838);PubChem class - safety and toxic	67108866
3	2	N/A	-443.98534241386477	C16H17N5O5	[M + H]+	BOCRQEFIMUCXEE	InChI=1S/C16H17N5O5/c1-19-13-12(14(23)20(2)16(19)25)21(9-18-13)7-11(22)8-26-15(24)10-4-3-5-17-6-10/h3-6,9,11,22H,7-8H2,1-2H3	Oprea1_837869	CN1C2=C(C(=O)N(C1=O)C)N(C=N2)CC(COC(=O)C3=CN=CC=C3)O	-0.103948101	133400;6977225;6977226	MeSH:(133400);PubChem:(133400 6977225 6977226);PubMed	70