structureRankPerFormula	formulaRank	ConfidenceScore	CSI:FingerIDScore	molecularFormula	adduct	InChIkey2D	InChI	name	smiles	xlogp	pubchemids	links	dbflags
1	1	N/A	-212.1089076566945	C15H16O7	[M + H]+	SBFTZUUHPXPXLH	InChI=1S/C15H16O7/c16-6-10-12(18)13(19)14(20)15(22-10)8-2-1-7-3-4-11(17)21-9(7)5-8/h1-5,10,12-16,18-20H,6H2	null	C1=CC(=CC2=C1C=CC(=O)O2)C3C(C(C(C(O3)CO)O)O)O	-0.600000024	90908114	COCONUT:(CNP0403487);Natural Products:(UNPD53634);PubChem:(90908114);SuperNatural:(SN00395151);PubMed	3178562
2	1	N/A	-242.3648105476791	C15H16O7	[M + H]+	SHRMTKTUPUSTHH	InChI=1S/C15H16O7/c16-9-6-12(19)15(21)13(7-9)22-14(20)4-2-8-1-3-10(17)11(18)5-8/h1-6,12-13,15-19,21H,7H2	null	C1C(C(C(C=C1O)O)O)OC(=O)C=CC2=CC(=C(C=C2)O)O	0.621436	""	COCONUT:(CNP0229345);Natural Products:(UNPD17380);SuperNatural:(SN00341853);KEGG Mine	8593113088
3	1	N/A	-261.5277245024744	C15H16O7	[M + H]+	WQBLQOORXZOQEE	InChI=1S/C15H16O7/c16-8-2-3-9(11(18)6-8)14(21)15(22)13(20)7-1-4-10(17)12(19)5-7/h1-6,13-22H	null	C1=CC(=C(C=C1C(C(C(C2=C(C=C(C=C2)O)O)O)O)O)O)O	0.400000006	71734421;71734513	COCONUT:(CNP0120188);Natural Products:(UNPD227824 UNPD223645);PubChem:(71734421 71734513);KEGG Mine	8592064514
4	1	N/A	-267.3243069723616	C15H16O7	[M + H]+	OEURXIFGOPBMJF	InChI=1S/C15H16O7/c1-2-13(17)20-9-10-22-15(19)12-6-4-3-5-11(12)14(18)21-8-7-16/h2-6,16H,1,7-10H2	2-Acryloyloxyethyl 2-hydroxyethyl phthalate	C=CC(=O)OCCOC(=O)C1=CC=CC=C1C(=O)OCCO	1.49485707	169995	PubChem:(169995);NORMAN:(NS00030325)	262146
5	1	N/A	-275.90048443032015	C15H16O7	[M + H]+	IOMNRWRTECGFQZ	InChI=1S/C15H16O7/c16-8(1-7-2-13(20)15(22)14(21)3-7)4-10-11(18)5-9(17)6-12(10)19/h2-3,5-6,8,16-22H,1,4H2	null	C1=C(C=C(C(=C1O)O)O)CC(CC2=C(C=C(C=C2O)O)O)O	1.39999998	90842264;101127474;101785540	HMDB:(141543);PubChem:(90842264 101127474 101785540);PubMed;PubChem class - bio and metabolites	16777290
6	1	N/A	-285.67642725555396	C15H16O7	[M + H]+	UZGCTULFQVGVNS	InChI=1S/C15H16O7/c1-2-13(16)20-9-3-4-10-21-15(19)22-12-7-5-11(6-8-12)14(17)18/h2,5-8H,1,3-4,9-10H2,(H,17,18)	Benzoic acid, 4-[[[4-[(1-oxo-2-propenyl)oxy]butoxy]carbonyl]oxy]-	C=CC(=O)OCCCCOC(=O)OC1=CC=C(C=C1)C(=O)O	2.79999995	22886662;59547429	PubChem:(22886662 59547429);NORMAN:(NS00007492)	262146
7	1	N/A	-289.5213018052704	C15H16O7	[M + H]+	NCLZQJLWERHXKY	InChI=1S/C15H16O7/c16-8(1-7-2-14(21)15(22)6-11(7)18)3-10-12(19)4-9(17)5-13(10)20/h2,4-6,8,16-22H,1,3H2	null	C1=C(C=C(C(=C1O)CC(CC2=CC(=C(C=C2O)O)O)O)O)O	1.39999998	131834534	HMDB:(128184);PubChem:(131834534);PubChem class - bio and metabolites	16777226
8	1	N/A	-306.8307208936697	C15H16O7	[M + H]+	IGIDNCMLNBKEQM	InChI=1S/C15H16O7/c16-8(3-7-1-2-10(17)12(19)4-7)5-9-11(18)6-13(20)15(22)14(9)21/h1-2,4,6,8,16-22H,3,5H2	null	C1=CC(=C(C=C1CC(CC2=C(C(=C(C=C2O)O)O)O)O)O)O	1.39999998	131834529	HMDB:(128179);PubChem:(131834529);PubChem class - bio and metabolites	16777226
9	1	N/A	-326.8722408193891	C15H16O7	[M + H]+	JWIYLOHVJDJZOQ	InChI=1S/C15H16O7/c1-7-4-12(17)22-11-5-8(2-3-9(7)11)21-15-14(19)13(18)10(16)6-20-15/h2-5,10,13-16,18-19H,6H2,1H3	AmbotzGBB1279	CC1=CC(=O)OC2=C1C=CC(=C2)OC3C(C(C(CO3)O)O)O	0.641843915	92229;688518;191826;3085411;18634901;22879652;21338187;26471009;24802319;24802343;24830108;88488079;90180898;90181845;93982607;91658987;124556177	NORMAN:(NS00036114);PubChem:(92229 688518 191826 3085411 18634901 22879652 21338187 26471009 24802319 24802343 24830108 88488079 90180898 90181845 93982607 91658987 124556177);CHEBI:(90130);ZINC bio:(ZINC04282267 ZINC04556941);MeSH:(92229 191826);PubMed;KEGG Mine	8590205030
10	1	N/A	-340.456140865236	C15H16O7	[M + H]+	ARVQXVLVLVKNDC	InChI=1S/C15H16O7/c1-3-11(17)21-13(9-5-7-10(16)8-6-9)14(15(19)20)22-12(18)4-2/h5-8,16H,3-4H2,1-2H3,(H,19,20)	(E)-3-(4-hydroxyphenyl)-2,3-di(propanoyloxy)prop-2-enoic acid	CCC(=O)OC(=C(C(=O)O)OC(=O)CC)C1=CC=C(C=C1)O	2.0	5318320	COCONUT:(CNP0077439 CNP0247268);Natural Products:(UNPD154039);PubChem:(5318320);SuperNatural:(SN00160314)	3178498
11	1	N/A	-342.05476793846356	C15H16O7	[M + H]+	ZJIDZZXKQOJXMR	InChI=1S/C15H16O7/c1-7-3-2-4-9(17)11(7)15(21)22-14-12(19)8(6-16)5-10(18)13(14)20/h2-5,10,13-14,16-18,20H,6H2,1H3	5,6-dihydroxy-3-(hydroxymethyl)-2-oxocyclohex-3-en-1-yl 2-hydroxy-6-methylbenzoate	CC1=C(C(=CC=C1)O)C(=O)OC2C(C(C=C(C2=O)CO)O)O	0.699999988	638626;22297980;44584656	COCONUT:(CNP0341368);HMDB:(40692);PubChem:(638626 22297980 44584656);PubChem class - bio and metabolites	18874378
12	1	N/A	-367.5412135200238	C15H16O7	[M + H]+	WHXSAEDTQLTZPH	InChI=1S/C15H16O7/c1-19-9-6-8(15(18)22-4)12(16)11-7(9)5-10(20-2)14(21-3)13(11)17/h5-6,16-17H,1-4H3	Busseihydroquinone A	COC1=CC(=C(C2=C(C(=C(C=C12)OC)OC)O)O)C(=O)OC	2.79999995	60201020	COCONUT:(CNP0140133);Natural Products:(UNPD218709);PubChem:(60201020);PubMed	2129986
13	1	N/A	-395.38324557095535	C15H16O7	[M + H]+	XRIDGQVLGQMCMX	InChI=1S/C15H16O7/c1-20-12-6-9(2-4-10(12)16)3-5-14(18)21-8-13-11(17)7-15(19)22-13/h2-6,11,13,16-17H,7-8H2,1H3	null	COC1=C(C=CC(=C1)C=CC(=O)OCC2C(CC(=O)O2)O)O	0.899999976	102251684	COCONUT:(CNP0133583);Natural Products:(UNPD70474);PubChem:(102251684)	2129922
14	1	N/A	-423.11582722748307	C15H16O7	[M + H]+	BWTFBQVCVWAKKQ	InChI=1S/C15H16O7/c1-15(2,18)10(16)6-19-14-12-8(3-4-11(17)22-12)5-9-13(14)21-7-20-9/h3-5,10,16,18H,6-7H2,1-2H3	null	CC(C)(C(COC1=C2C(=CC3=C1OCO3)C=CC(=O)O2)O)O	1.0	101999897	COCONUT:(CNP0237997);Natural Products:(UNPD195109);PubChem:(101999897);SuperNatural:(SN00397414)	3178498
15	1	N/A	-427.21780175037253	C15H16O7	[M + H]+	PVUMOWLOJMWXJT	InChI=1S/C15H16O7/c1-6(17)3-7-8(5-16)14(20)11-9(18)4-10(22-2)15(21)12(11)13(7)19/h4,6,16-17,19-20H,3,5H2,1-2H3	5,8-dihydroxy-6-(hydroxymethyl)-7-(2-hydroxypropyl)-2-methoxynaphthalene-1,4-dione	CC(CC1=C(C(=C2C(=O)C=C(C(=O)C2=C1O)OC)O)CO)O	1.10000002	20039321	COCONUT:(CNP0201480);Natural Products:(UNPD30209 UNPD99235);PubChem:(20039321);SuperNatural:(SN00227467)	3178498
16	1	N/A	-428.4141855921746	C15H16O7	[M + H]+	UEOKCUGZTJHPBW	InChI=1S/C15H16O7/c1-3-6-10-15(22-11(6)16)5-4-7-8(12(17)19-2)13(18)21-14(20-10)9(7)15/h3-5,7-10,13-14,18H,1-2H3	Allamandin	CC=C1C2C3(C=CC4C3C(O2)OC(C4C(=O)OC)O)OC1=O	0.5	429244;5281540;5317341;5375989;5476665;6436806;10447967;20838727;101821043;101937473	COCONUT:(CNP0124809);KNApSAcK:(3069);Natural Products:(UNPD91052 UNPD148419);PubChem:(429244 5281540 5317341 5375989 5476665 6436806 10447967 20838727 101821043 101937473);SuperNatural:(SN00160225 SN00255626);CHEBI:(2592);MeSH:(5281540 5375989 5476665 6436806);KEGG:(C09766);PubMed	3178870
17	1	N/A	-428.58834771919174	C15H16O7	[M + H]+	KFCMRSSDYIZYTA	InChI=1S/C15H16O7/c1-19-8-9-6-11(16)14(18)15(22-9)10(7-13(17)20-2)12-4-3-5-21-12/h3-6,10,18H,7-8H2,1-2H3	null	COCC1=CC(=O)C(=C(O1)C(CC(=O)OC)C2=CC=CO2)O	0.300000012	71827062;97424052;97424053	PubChem:(71827062 97424052 97424053);COCONUT:(CNP0233503)	2097154
18	1	N/A	-429.687723476572	C15H16O7	[M + H]+	FHOZFIROEVROQO	InChI=1S/C15H16O7/c1-6-12-10(15(20,13(6)18)14(19)21-2)11(17)9-7(16)4-3-5-8(9)22-12/h3-6,10,12-13,16,18,20H,1-2H3	Preussochromone D	CC1C2C(C(=O)C3=C(C=CC=C3O2)O)C(C1O)(C(=O)OC)O	1.29999995	57333291;57333292	COCONUT:(CNP0112632);Natural Products:(UNPD207161 UNPD207162);PubChem:(57333291 57333292);PubMed	2129986
19	1	N/A	-440.9791116429775	C15H16O7	[M + H]+	RMYLCIMGXGYTTK	InChI=1S/C15H16O7/c1-6(16)9-11-15(22-13(9)18)4-3-7-8(12(17)19-2)5-20-14(21-11)10(7)15/h3-7,9-11,14,16H,1-2H3	Methyl 3-(1-hydroxyethyl)-2-oxo-3,3a,7a,9b-tetrahydro-2H,4aH-1,4,5-trioxadicyclopenta(a,hi)indene-7-carboxylate	CC(C1C2C3(C=CC4C3C(O2)OC=C4C(=O)OC)OC1=O)O	0.5	317838;5317348;102004577;124938073;124938074;124304975;133561888;134176104	COCONUT:(CNP0242513);KNApSAcK:(10731);Natural Products:(UNPD63681 UNPD120483 UNPD130221 UNPD138534 UNPD105308);PubChem:(317838 5317348 102004577 124938073 124938074 124304975 133561888 134176104);SuperNatural:(SN00331609 SN00333325 SN00162524 SN00281074 SN00379135 SN00363558);KEGG Mine	8593113106
20	1	N/A	-445.13449250130316	C15H16O7	[M + H]+	LYKJAYDNDPZVTH	InChI=1S/C15H16O7/c16-7-3-10(18)13-12(4-7)22-6-8(14(13)20)15(21)2-1-9(17)11(19)5-15/h3-4,6,9,11,16-19,21H,1-2,5H2	null	C1CC(CC(C1O)O)(C2=COC3=CC(=CC(=C3C2=O)O)O)O	0.0	46879794	COCONUT:(CNP0354740);Natural Products:(UNPD43499);PubChem:(46879794);SuperNatural:(SN00341937);PubMed	3178562
21	1	N/A	-448.42913831218897	C15H16O7	[M + H]+	KNMWMTGTRZAAGR	InChI=1S/C15H16O7/c1-7(2)11(17)15(19)22-14-9(20-3)6-8-4-5-10(16)21-13(8)12(14)18/h4-7,11,17-18H,1-3H3	null	CC(C)C(C(=O)OC1=C(C=C2C=CC(=O)OC2=C1O)OC)O	2.10936618	""	COCONUT:(CNP0190789);Natural Products:(UNPD195006);SuperNatural:(SN00242860)	3178496
22	1	N/A	-452.9591123520023	C15H16O7	[M + H]+	RDPGEFVUMRTSBB	InChI=1S/C15H16O7/c1-15(2,18)11(16)6-19-13-8-3-4-12(17)22-9(8)5-10-14(13)21-7-20-10/h3-5,11,16,18H,6-7H2,1-2H3	Sabandinol	CC(C)(C(COC1=C2C=CC(=O)OC2=CC3=C1OCO3)O)O	1.0	179597	COCONUT:(CNP0239640);Natural Products:(UNPD29885);PubChem:(179597);SuperNatural:(SN00399422);PubMed	3178562
23	1	N/A	-457.8196416558159	C15H16O7	[M + H]+	BGDUFPLVHDVFDV	InChI=1S/C15H16O7/c1-15(2,18)11(16)6-19-9-5-10-14(21-7-20-10)13-8(9)3-4-12(17)22-13/h3-5,11,16,18H,6-7H2,1-2H3	null	CC(C)(C(COC1=C2C=CC(=O)OC2=C3C(=C1)OCO3)O)O	1.0	71438113	COCONUT:(CNP0159449);Natural Products:(UNPD172894);PubChem:(71438113);SuperNatural:(SN00319808)	3178498
24	1	N/A	-465.8298085557301	C15H16O7	[M + H]+	PFDQCDLUAZGGCY	InChI=1S/C15H16O7/c1-9-14(15(18)20-6-5-19-2)11-7-10(21-8-13(16)17)3-4-12(11)22-9/h3-4,7H,5-6,8H2,1-2H3,(H,16,17)	2-[[3-(2-methoxyethoxycarbonyl)-2-methyl-1-benzofuran-5-yl]oxy]acetate	CC1=C(C2=C(O1)C=CC(=C2)OCC(=O)O)C(=O)OCCOC	2.0	1586124;1586125	COCONUT:(CNP0263474);PubChem:(1586124 1586125);SuperNatural:(SN00145169);ZINC bio:(ZINC01800830)	3153922
25	1	N/A	-469.98369834311353	C15H16O7	[M + H]+	DCHOCALQKLMFKN	InChI=1S/C15H16O7/c1-15(2,18)11(16)6-19-10-5-9-8(3-4-12(17)22-9)13-14(10)21-7-20-13/h3-5,11,16,18H,6-7H2,1-2H3	null	CC(C)(C(COC1=C2C(=C3C=CC(=O)OC3=C1)OCO2)O)O	1.51698768	""	COCONUT:(CNP0147925);Natural Products:(UNPD111499);SuperNatural:(SN00363429)	3178496
26	1	N/A	-470.72801300769737	C15H16O7	[M + H]+	WNUVTZZRMSEUGI	InChI=1S/C15H16O7/c1-15(2,18)8-6-20-13-12(19-3)10(17)7-4-5-9(16)22-11(7)14(13)21-8/h4-5,8,17-18H,6H2,1-3H3	null	CC(C)(C1COC2=C(C(=C3C=CC(=O)OC3=C2O1)O)OC)O	1.20000005	15287104	COCONUT:(CNP0159628);Natural Products:(UNPD146142);PubChem:(15287104);SuperNatural:(SN00359162)	3178498
27	1	N/A	-485.33425174393705	C15H16O7	[M + H]+	FXOAJOJHPXOYTR	InChI=1S/C15H16O7/c1-15(6-17)12(19)3-8-10(22-15)4-11-13(14(8)20)9(18)2-7(5-16)21-11/h2,4,12,16-17,19-20H,3,5-6H2,1H3	null	CC1(C(CC2=C(O1)C=C3C(=C2O)C(=O)C=C(O3)CO)O)CO	0.422703058	""	COCONUT:(CNP0094865 CNP0111120);SuperNatural:(SN00173806)	3145728
28	1	N/A	-488.08173364633734	C15H16O7	[M + H]+	SGDFGIZQXZAMJD	InChI=1S/C15H16O7/c1-6-10-7(19-11(6)17)4-13(2)5-14(18)12(22-13)20-8-3-9(16)21-15(8,10)14/h7-8,10,12,18H,1,3-5H2,2H3	null	CC12CC3C(C(=C)C(=O)O3)C45C(CC(=O)O4)OC(C5(C1)O)O2	-0.5	21578068	COCONUT:(CNP0398550);KNApSAcK:(43724);Natural Products:(UNPD198573);PubChem:(21578068)	2129938
29	1	N/A	-489.66550042374666	C15H16O7	[M + H]+	LQPXBFCRRISWAQ	InChI=1S/C15H16O7/c1-15(20,6-17)12-3-8-10(22-12)4-11-13(14(8)19)9(18)2-7(5-16)21-11/h2,4,12,16-17,19-20H,3,5-6H2,1H3	6''-Hydroxylangelicain	CC(CO)(C1CC2=C(O1)C=C3C(=C2O)C(=O)C=C(O3)CO)O	-0.200000003	70695365	COCONUT:(CNP0211049);Natural Products:(UNPD227170);PubChem:(70695365);PubMed	2129986
30	1	N/A	-491.2992887179516	C15H16O7	[M + H]+	MXBDPZMHSBWOHR	InChI=1S/C15H16O7/c1-6(16)3-4-7-9(22-2)5-8-10(11(7)17)13(19)15(21)14(20)12(8)18/h5-6,16-17,20-21H,3-4H2,1-2H3	null	CC(CCC1=C(C=C2C(=C1O)C(=O)C(=C(C2=O)O)O)OC)O	1.70000005	135783093;135981330	COCONUT:(CNP0102495);Natural Products:(UNPD51776);PubChem:(135783093 135981330);SuperNatural:(SN00258382)	3178498
31	1	N/A	-501.0250544397408	C15H16O7	[M + H]+	OUOSHWYSMWEYBM	InChI=1S/C15H16O7/c1-7(16)9-5-15(22-13(9)18)4-3-8-10(12(17)20-2)6-21-14(19)11(8)15/h3-8,11,14,16,19H,1-2H3	null	CC(C1=CC2(C=CC3C2C(OC=C3C(=O)OC)O)OC1=O)O	0.178349897	""	COCONUT:(CNP0190719);Natural Products:(UNPD116029 UNPD205555);SuperNatural:(SN00281809);KEGG Mine	8593113088
32	1	N/A	-513.7136748981449	C15H16O7	[M + H]+	PAPGAOZQPFDLRG	InChI=1S/C15H16O7/c1-15(10-2-3-11(18)21-10)14(20)13(19)12-8(17)4-7(6-16)5-9(12)22-15/h4-5,10,14,16-17,20H,2-3,6H2,1H3	Lachnone D	CC1(C(C(=O)C2=C(C=C(C=C2O1)CO)O)O)C3CCC(=O)O3	0.400000006	12003994;11616513	COCONUT:(CNP0131226);Natural Products:(UNPD20516);PubChem:(12003994 11616513);SuperNatural:(SN00262553);PubMed	3178562
33	1	N/A	-515.1210199060268	C15H16O7	[M + H]+	HBIWNAFKEUMYDM	InChI=1S/C15H16O7/c1-6(16)3-4-7-9(22-2)5-8-10(11(7)17)13(19)15(21)14(20)12(8)18/h5-6,16-18,20H,3-4H2,1-2H3	null	CC(CCC1=C(C=C2C(=C1O)C(=O)C(=O)C(=C2O)O)OC)O	1.20000005	137321758	PubChem:(137321758);PubChem class - safety and toxic	67108866
34	1	N/A	-520.8669781587258	C15H16O7	[M + H]+	FCHMCBIMXYENLT	InChI=1S/C15H16O7/c1-4-6(2)12(18)15(3)7-5-8(16)10(13(19)20)11(17)9(7)14(21)22-15/h5-6,16-17H,4H2,1-3H3,(H,19,20)	(1R)-4,6-dihydroxy-1-methyl-1-[(2R)-2-methylbutanoyl]-3-oxo-2-benzofuran-5-carboxylic acid	CCC(C)C(=O)C1(C2=CC(=C(C(=C2C(=O)O1)O)C(=O)O)O)C	2.79999995	11565785;11688124	COCONUT:(CNP0163910);Natural Products:(UNPD16905 UNPD79491);PubChem:(11565785 11688124);SuperNatural:(SN00255379 SN00329327)	3178498
35	1	N/A	-521.5915006142152	C15H16O7	[M + H]+	YQRWOHQUCSTDGH	InChI=1S/C15H16O7/c1-6-7-3-10-15(19)13(18)20-5-14(15,2)9(16)4-8(6)21-11(7)12(17)22-10/h6,8,10,19H,3-5H2,1-2H3	null	CC1C2CC(=O)C3(COC(=O)C3(C4CC1=C(O2)C(=O)O4)O)C	-0.400000006	85470033;101874747;134846159	COCONUT:(CNP0210706);Natural Products:(UNPD228288);PubChem:(85470033 101874747 134846159)	2129922
36	1	N/A	-532.9284469177866	C15H16O7	[M + H]+	VOUNZKWBSKODQS	InChI=1S/C15H16O7/c1-15-13(22-15)12(21-14(15)19)8-5-7(3-4-11(17)18)9(16)6-10(8)20-2/h5-6,12-13,16H,3-4H2,1-2H3,(H,17,18)	null	CC12C(O1)C(OC2=O)C3=C(C=C(C(=C3)CCC(=O)O)O)OC	0.699999988	101673730	COCONUT:(CNP0279829);Natural Products:(UNPD35856 UNPD82873);PubChem:(101673730);SuperNatural:(SN00341698 SN00340016)	3178498
37	1	N/A	-552.4935988698376	C15H16O7	[M + H]+	QAZUIAWXSOSLDF	InChI=1S/C15H16O7/c1-15(20)4-6-7(5-22-15)13(18)10-8(16)3-9(21-2)14(19)11(10)12(6)17/h3,6-7,16,19-20H,4-5H2,1-2H3	4,10-Dihydrofusarubin	CC1(CC2C(CO1)C(=O)C3=C(C2=O)C(=C(C=C3O)OC)O)O	1.20000005	125666;15376606;21120568	COCONUT:(CNP0153893);KNApSAcK:(23702);Natural Products:(UNPD48239 UNPD178111 UNPD69423 UNPD177968);PubChem:(125666 15376606 21120568);SuperNatural:(SN00307966 SN00277810 SN00288128 SN00296405);MeSH:(125666);PubMed	3178582
38	1	N/A	-569.2642631354353	C15H16O7	[M + H]+	SZRZCMLKHDXJRR	InChI=1S/C15H16O7/c1-6-8-9-10-14(21-10,12(17)19-9)4-3-7-13(2,20-7)5-15(8,18)22-11(6)16/h7,9-10,18H,3-5H2,1-2H3	null	CC1=C2C3C4C(O4)(CCC5C(O5)(CC2(OC1=O)O)C)C(=O)O3	-0.699999988	52912462;101781159	COCONUT:(CNP0132320);Natural Products:(UNPD62164 UNPD202994);PubChem:(52912462 101781159);SuperNatural:(SN00281418)	3178498
39	1	N/A	-576.7382433634288	C15H16O7	[M + H]+	IUISDLCKJRHPNM	InChI=1S/C15H16O7/c1-6-7(16)3-8-13(2)5-21-12(19)15(13,20)9-4-14(6,8)10(17)11(18)22-9/h3,6,9-10,17,20H,4-5H2,1-2H3	null	CC1C(=O)C=C2C13CC(C4(C2(COC4=O)C)O)OC(=O)C3O	-0.800000012	11522412;11558609;11659544;11266809;102251626;134954492	COCONUT:(CNP0112759);KNApSAcK:(45145);Natural Products:(UNPD48332);PubChem:(11522412 11558609 11659544 11266809 102251626 134954492);SuperNatural:(SN00404422)	3178514
1	1	0.1270339037266872	-26.568936736042705	C15H18O8	[M - H2O + H]+	GVRIYIMNJGULCZ	InChI=1S/C15H18O8/c16-7-10-12(19)13(20)14(21)15(23-10)22-9-4-2-1-3-8(9)5-6-11(17)18/h1-6,10,12-16,19-21H,7H2,(H,17,18)	Melilotoside	C1=CC=C(C(=C1)C=CC(=O)O)OC2C(C(C(C(O2)CO)O)O)O	-0.391159326	101800;5117619;5280759;5316113;6275271;15560466;22524167;25202776;25796113;40473153;56612793;59950525;90790769;91501158	HMDB:(33581 60077);SuperNatural:(SN00006891 SN00389835 SN00321026 SN00020472);ZINC bio:(ZINC04096644 ZINC13540313);additional;Plantcyc:(CPD-459 CPD-7417);PubMed;COCONUT:(CNP0042952 CNP0356741);Natural Products:(UNPD147115 UNPD230548 UNPD139208);PubChem:(101800 5117619 5280759 5316113 6275271 15560466 22524167 25202776 25796113 40473153 56612793 59950525 90790769 91501158);CHEBI:(62251 62223 58181 17531);PubChem class - bio and metabolites;KEGG:(C05839 C05158);PubChem class - safety and toxic;Training Set;Biocyc:(CPD-7417 CPD-459)	87746922
2	1	N/A	-26.629674663546787	C15H18O8	[M - H2O + H]+	DSNCQKUYZOSARM	InChI=1S/C15H18O8/c16-7-10-12(19)13(20)14(21)15(22-10)23-11(18)6-3-8-1-4-9(17)5-2-8/h1-6,10,12-17,19-21H,7H2	1-p-Coumarylglucose	C1=CC(=CC=C1C=CC(=O)OC2C(C(C(C(O2)CO)O)O)O)O	-0.391159326	14158116;14158117;14158118;15939568;21550923;50906376;56606525;67494429;72727649;89716736;89718966;123186214;123688150;129858048	HMDB:(36936);SuperNatural:(SN00315652 SN00377906 SN00309077 SN00020418);ZINC bio:(ZINC13507867);Plantcyc:(CPD-8674);PubMed;COCONUT:(CNP0225272);KNApSAcK:(32376);Natural Products:(UNPD121336 UNPD224715 UNPD13463 UNPD177482 UNPD215979 UNPD173518);PubChem:(14158116 14158117 14158118 15939568 21550923 50906376 56606525 67494429 72727649 89716736 89718966 123186214 123688150 129858048);CHEBI:(71498);PubChem class - bio and metabolites;KEGG:(C16827);Biocyc:(CPD-8674)	20097402
3	1	N/A	-33.88327486505032	C15H18O8	[M - H2O + H]+	KDNJTHIKZATBIB	InChI=1S/C15H18O8/c16-7-10-12(19)13(20)14(21)15(22-10)23-11(18)6-5-8-3-1-2-4-9(8)17/h1-6,10,12-17,19-21H,7H2	[3,4,5-trihydroxy-6-(hydroxymethyl)oxan-2-yl] 3-(2-hydroxyphenyl)prop-2-enoate	C1=CC=C(C(=C1)C=CC(=O)OC2C(C(C(C(O2)CO)O)O)O)O	-0.300000012	4636294;6171686;40626559;123570824;129676007	COCONUT:(CNP0191344);Natural Products:(UNPD11592);PubChem:(4636294 6171686 40626559 123570824 129676007);SuperNatural:(SN00014153);ZINC bio:(ZINC06567723);additional;Training Set;PubMed;KEGG Mine	8593662018
4	1	N/A	-46.32340100160227	C15H18O8	[M - H2O + H]+	LJFYQZQUAULRDF	InChI=1S/C15H18O8/c16-7-10-12(19)13(20)14(21)15(23-10)22-9-4-1-8(2-5-9)3-6-11(17)18/h1-6,10,12-16,19-21H,7H2,(H,17,18)	4-O-beta-D-glucosyl-4-coumarate	C1=CC(=CC=C1C=CC(=O)O)OC2C(C(C(C(O2)CO)O)O)O	-0.391159326	6398614;10604651;9840292;11068501;13783631;13783633;17756753;17756754;24992651;54036359;67157668;73208527;90946598;101202349;101237131;101354882;129650569;139031345	HMDB:(39509);SuperNatural:(SN00379218 SN00315039 SN00257611 SN00020480 SN00389647);ZINC bio:(ZINC13542698);additional;Plantcyc:(CPD-457);PubMed;COCONUT:(CNP0142351 CNP0209682);KNApSAcK:(31477);Natural Products:(UNPD187755 UNPD48421 UNPD189062 UNPD71082 UNPD228423);PubChem:(6398614 10604651 9840292 11068501 13783631 13783633 17756753 17756754 24992651 54036359 67157668 73208527 90946598 101202349 101237131 101354882 129650569 139031345);CHEBI:(47893 47892 17335 16099 79066 83032);PubChem class - bio and metabolites;KEGG:(C04415 C06739);Training Set;Biocyc:(4-O-BETA-D-GLUCOSYL-CIS-P-COUMARATE CPD-457)	20638074
5	1	N/A	-64.67478198173379	C15H18O8	[M - H2O + H]+	GKUSDFCBGXFHIL	InChI=1S/C15H18O8/c16-9-4-1-8(2-5-9)3-6-11(17)22-7-10-12(18)13(19)14(20)15(21)23-10/h1-6,10,12-16,18-21H,7H2	6-(trans-4-coumaroyl)-beta-D-glucose	C1=CC(=CC=C1C=CC(=O)OCC2C(C(C(C(O2)O)O)O)O)O	-0.800000012	10087731;13915664;13915665;23900072	COCONUT:(CNP0282411);HMDB:(39169);Natural Products:(UNPD207847 UNPD37988 UNPD199681 UNPD211496);PubChem:(10087731 13915664 13915665 23900072);SuperNatural:(SN00237125 SN00028614);YMDB Mine;CHEBI:(76089 76092);ZINC bio:(ZINC31156836);PubChem class - bio and metabolites;PubMed;KEGG Mine	42969636970
6	1	N/A	-71.12111794094365	C15H18O8	[M - H2O + H]+	BYOUHUPERRXZGM	InChI=1S/C15H18O8/c16-7-10-12(19)14(13(20)15(21)22-10)23-11(18)6-3-8-1-4-9(17)5-2-8/h1-6,10,12-17,19-21H,7H2	3-(cis-4-coumaroyl)-beta-D-glucose	C1=CC(=CC=C1C=CC(=O)OC2C(C(OC(C2O)O)CO)O)O	-0.300000012	72551453;72551454	PubChem:(72551453 72551454);CHEBI:(76093 76094)	34
7	1	N/A	-71.4610560207882	C15H18O8	[M - H2O + H]+	ROJVJYZGYUIFEF	InChI=1S/C15H18O8/c16-7-10-12(19)13(20)14(15(21)22-10)23-11(18)6-3-8-1-4-9(17)5-2-8/h1-6,10,12-17,19-21H,7H2	[(3R,4S,5S,6R)-2,4,5-trihydroxy-6-(hydroxymethyl)oxan-3-yl] (E)-3-(4-hydroxyphenyl)prop-2-enoate	C1=CC(=CC=C1C=CC(=O)OC2C(C(C(OC2O)CO)O)O)O	-0.300000012	14034264;135017744	COCONUT:(CNP0135858);HMDB:(39167);Natural Products:(UNPD30342);PubChem:(14034264 135017744);SuperNatural:(SN00255133);PubChem class - bio and metabolites;KEGG Mine	8609890314
8	1	N/A	-80.58994411301065	C15H18O8	[M - H2O + H]+	VZAHCKYRIIDFRU	InChI=1S/C15H18O8/c16-7-10-14(12(19)13(20)15(21)22-10)23-11(18)6-3-8-1-4-9(17)5-2-8/h1-6,10,12-17,19-21H,7H2	null	C1=CC(=CC=C1C=CC(=O)OC2C(OC(C(C2O)O)O)CO)O	-0.800000012	102202715	COCONUT:(CNP0210084);Natural Products:(UNPD4459 UNPD220225);PubChem:(102202715);SuperNatural:(SN00276489)	3178498
9	1	N/A	-82.66579699863782	C15H18O8	[M - H2O + H]+	IFJZNZBKGRGNSP	InChI=1S/C15H18O8/c16-7-10-11(17)12(18)13(19)15(23-10)22-9(14(20)21)6-8-4-2-1-3-5-8/h1-6,10-13,15-19H,7H2,(H,20,21)	null	C1=CC=C(C=C1)C=C(C(=O)O)OC2C(C(C(C(O2)CO)O)O)O	-0.100000001	53913433;53385591;53468995;56961667;56961961;66980268;66980270;66980274;76031018;87223493;91055935;89904421;89910459;102253470	COCONUT:(CNP0062007 CNP0232079);Natural Products:(UNPD220493 UNPD107375);PubChem:(53913433 53385591 53468995 56961667 56961961 66980268 66980270 66980274 76031018 87223493 91055935 89904421 89910459 102253470);SuperNatural:(SN00042157 SN00355503 SN00163647);ZINC bio:(ZINC72320602);Training Set	3203074
10	1	N/A	-107.51879209017669	C15H18O8	[M - H2O + H]+	NAQGPPVLWFBGCW	InChI=1S/C15H18O8/c16-7-3-5-8-4-1-2-6-9(8)22-15-12(19)10(17)11(18)13(23-15)14(20)21/h1-6,10-13,15-19H,7H2,(H,20,21)	null	C1=CC=C(C(=C1)C=CCO)OC2C(C(C(C(O2)C(=O)O)O)O)O	-0.200000003	131837803	PubChem:(131837803);HMDB:(134047)	10
11	1	N/A	-109.77379313718909	C15H18O8	[M - H2O + H]+	BLAKLJDVFMLDKM	InChI=1S/C15H18O8/c16-8-4-1-7(2-5-8)3-6-9(17)23-15-13(21)11(19)10(18)12(20)14(15)22/h1-6,10-16,18-22H	null	C1=CC(=CC=C1C=CC(=O)OC2C(C(C(C(C2O)O)O)O)O)O	-1.39999998	10758473;101586324	COCONUT:(CNP0230487);Natural Products:(UNPD20286 UNPD63384 UNPD113156);PubChem:(10758473 101586324);SuperNatural:(SN00310625 SN00231197)	3178498
12	1	N/A	-111.25365837806825	C15H18O8	[M - H2O + H]+	IHMJMBPCCMPFDW	InChI=1S/C15H18O8/c16-7-10-14(12(19)13(20)15(21)23-10)22-9-4-1-8(2-5-9)3-6-11(17)18/h1-6,10,12-16,19-21H,7H2,(H,17,18)	4-O-[4-(2-carboxyethenyl)phenyl]hexopyranose	C1=CC(=CC=C1C=CC(=O)O)OC2C(OC(C(C2O)O)O)CO	-0.391159326	3363159;5280674;6398609	COCONUT:(CNP0135297);Natural Products:(UNPD19731);PubChem:(3363159 5280674 6398609);SuperNatural:(SN00249364)	3178498
13	1	N/A	-119.82202518680512	C15H18O8	[M - H2O + H]+	SYMOOUNJUJTJAV	InChI=1S/C15H18O8/c16-6-2-4-8-3-1-5-9(7-8)22-15-12(19)10(17)11(18)13(23-15)14(20)21/h1-5,7,10-13,15-19H,6H2,(H,20,21)	null	C1=CC(=CC(=C1)OC2C(C(C(C(O2)C(=O)O)O)O)O)C=CCO	-0.200000003	131838906	HMDB:(135302);PubChem:(131838906);PubChem class - bio and metabolites	16777226
14	1	N/A	-129.70413750021123	C15H18O8	[M - H2O + H]+	MSLQNFGPTVYLTO	InChI=1S/C15H18O8/c16-7-1-2-8-3-5-9(6-4-8)22-15-12(19)10(17)11(18)13(23-15)14(20)21/h1-6,10-13,15-19H,7H2,(H,20,21)	null	C1=CC(=CC=C1C=CCO)OC2C(C(C(C(O2)C(=O)O)O)O)O	-0.200000003	131838909	HMDB:(135305 135655);PubChem:(131838909);KEGG Mine;PubChem class - bio and metabolites	8606711818
15	1	N/A	-157.60587182278638	C15H18O8	[M - H2O + H]+	COSQFIUTHLABQD	InChI=1S/C15H18O8/c16-7-6-9(8-4-2-1-3-5-8)22-15-12(19)10(17)11(18)13(23-15)14(20)21/h1-5,7,9-13,15,17-19H,6H2,(H,20,21)	null	C1=CC=C(C=C1)C(CC=O)OC2C(C(C(C(O2)C(=O)O)O)O)O	-0.800000012	131838900	HMDB:(135296);PubChem:(131838900);PubChem class - bio and metabolites	16777226
16	1	N/A	-160.98709420041368	C15H18O8	[M - H2O + H]+	VTHUCAJSJUNKLH	InChI=1S/C15H18O8/c16-7-9(6-8-4-2-1-3-5-8)22-15-12(19)10(17)11(18)13(23-15)14(20)21/h1-5,7,9-13,15,17-19H,6H2,(H,20,21)	null	C1=CC=C(C=C1)CC(C=O)OC2C(C(C(C(O2)C(=O)O)O)O)O	-0.300000012	131838898	HMDB:(135294);PubChem:(131838898);PubChem class - bio and metabolites	16777226
17	1	N/A	-163.925764667962	C15H18O8	[M - H2O + H]+	RRBFAJWNNUHFMC	InChI=1S/C15H18O8/c1-3-7-4-5-8(9(6-7)21-2)22-15-12(18)10(16)11(17)13(23-15)14(19)20/h3-6,10-13,15-18H,1H2,2H3,(H,19,20)	null	COC1=C(C=CC(=C1)C=C)OC2C(C(C(C(O2)C(=O)O)O)O)O	0.800000012	131834360	HMDB:(127979);PubChem:(131834360);PubChem class - bio and metabolites	16777226
18	1	N/A	-165.24911284529887	C15H18O8	[M - H2O + H]+	GMMRCHNPIMZXJF	InChI=1S/C15H18O8/c1-3-7-4-8(21-2)6-9(5-7)22-15-12(18)10(16)11(17)13(23-15)14(19)20/h3-6,10-13,15-18H,1H2,2H3,(H,19,20)	null	COC1=CC(=CC(=C1)C=C)OC2C(C(C(C(O2)C(=O)O)O)O)O	0.800000012	131834395	HMDB:(128020);PubChem:(131834395);PubChem class - bio and metabolites	16777226
19	1	N/A	-176.21068775799088	C15H18O8	[M - H2O + H]+	TYACITPTYYKIBM	InChI=1S/C15H18O8/c16-7-3-5-8-4-1-2-6-9(8)22-15-12(19)10(17)11(18)13(23-15)14(20)21/h1-2,4,6-7,10-13,15,17-19H,3,5H2,(H,20,21)	null	C1=CC=C(C(=C1)CCC=O)OC2C(C(C(C(O2)C(=O)O)O)O)O	-0.300000012	131837802	HMDB:(134046);PubChem:(131837802);PubChem class - bio and metabolites	16777226
20	1	N/A	-180.3943376135337	C15H18O8	[M - H2O + H]+	SZYJRGMLXAMCNX	InChI=1S/C15H18O8/c1-7(14(20)21)8-2-4-9(5-3-8)22-15-13(19)12(18)11(17)10(6-16)23-15/h2-5,10-13,15-19H,1,6H2,(H,20,21)	null	C=C(C1=CC=C(C=C1)OC2C(C(C(C(O2)CO)O)O)O)C(=O)O	-0.402694106	53348662	COCONUT:(CNP0232056);Natural Products:(UNPD201124);PubChem:(53348662)	2129922
21	1	N/A	-189.40278052655344	C15H18O8	[M - H2O + H]+	BDEXCUQHBTVULQ	InChI=1S/C15H18O8/c1-21-10-6-8(2-4-9(10)16)3-5-12(17)22-7-11-13(18)14(19)15(20)23-11/h2-6,11,13-16,18-20H,7H2,1H3	Epitope ID:150942	COC1=C(C=CC(=C1)C=CC(=O)OCC2C(C(C(O2)O)O)O)O	-0.200000003	23629648;53239757;91219139;91290825;101704579;122219972;129829927	COCONUT:(CNP0241803);Natural Products:(UNPD5999);PubChem:(23629648 53239757 91219139 91290825 101704579 122219972 129829927);SuperNatural:(SN00345557);CHEBI:(62281);PubChem class - bio and metabolites;PubMed	19955810
22	1	N/A	-195.39719949178217	C15H18O8	[M - H2O + H]+	QDYMARWCXAOVGU	InChI=1S/C15H18O8/c16-6-2-4-8-3-1-5-9(7-8)22-15-12(19)10(17)11(18)13(23-15)14(20)21/h1,3,5-7,10-13,15,17-19H,2,4H2,(H,20,21)	null	C1=CC(=CC(=C1)OC2C(C(C(C(O2)C(=O)O)O)O)O)CCC=O	-0.300000012	131838902	HMDB:(135298);PubChem:(131838902);PubChem class - bio and metabolites	16777226
23	1	N/A	-196.16534447165165	C15H18O8	[M - H2O + H]+	NKQBCHTWUYOXAU	InChI=1S/C15H18O8/c1-22-13-6-9(2-4-10(13)18)3-5-14(21)23-15(11(19)7-16)12(20)8-17/h2-7,11-12,15,17-20H,8H2,1H3	5-O-Feruloylarabinose	COC1=C(C=CC(=C1)C=CC(=O)OC(C(CO)O)C(C=O)O)O	-0.5	130608;6439230	MeSH:(6439230);PubChem:(130608 6439230);PubMed	70
24	1	N/A	-197.17738965230657	C15H18O8	[M - H2O + H]+	OKZANUAFFFDGFG	InChI=1S/C15H18O8/c16-7-1-2-8-3-5-9(6-4-8)22-15-12(19)10(17)11(18)13(23-15)14(20)21/h3-7,10-13,15,17-19H,1-2H2,(H,20,21)	null	C1=CC(=CC=C1CCC=O)OC2C(C(C(C(O2)C(=O)O)O)O)O	-0.300000012	131838904	HMDB:(135300);PubChem:(131838904);PubChem class - bio and metabolites	16777226
25	1	N/A	-209.51756850150454	C15H18O8	[M - H2O + H]+	GOMSMXROJXSLEY	InChI=1S/C15H18O8/c16-9-10(17)13(14(19)20)23-15(11(9)18)21-6-8-12(22-8)7-4-2-1-3-5-7/h1-5,8-13,15-18H,6H2,(H,19,20)	null	C1=CC=C(C=C1)C2C(O2)COC3C(C(C(C(O3)C(=O)O)O)O)O	-0.600000024	131838912	HMDB:(135308);PubChem:(131838912);PubChem class - bio and metabolites	16777226
26	1	N/A	-216.41665969346863	C15H18O8	[M - H2O + H]+	GMOLLSCULBTFSI	InChI=1S/C15H18O8/c1-8(17)21-11-5-3-2-4-9(11)15(20)23-13-6-10(18)14(19)12(7-16)22-13/h2-5,10,12-14,16,18-19H,6-7H2,1H3	1-O-(2''-Acetoxy)benzoyl-alpha-deoxyglucopyronse	CC(=O)OC1=CC=CC=C1C(=O)OC2CC(C(C(O2)CO)O)O	0.400000006	189755;21125626	MeSH:(189755);PubChem:(189755 21125626);PubMed	70
27	1	N/A	-217.96810262775463	C15H18O8	[M - H2O + H]+	DIDHICFPPOWXNV	InChI=1S/C15H18O8/c1-22-13-6-9(2-4-10(13)17)3-5-14(20)23-8-12(19)15(21)11(18)7-16/h2-7,11-12,15,17-19,21H,8H2,1H3	null	COC1=C(C=CC(=C1)C=CC(=O)OCC(C(C(C=O)O)O)O)O	-0.5	87515293;91757378;101706275	MeSH:(101706275);PubChem:(87515293 91757378 101706275);PubMed	70
28	1	N/A	-225.89604342640598	C15H18O8	[M - H2O + H]+	UYTQAPPQYJTNSJ	InChI=1S/C15H18O8/c16-9(7-6-8-4-2-1-3-5-8)22-15-12(19)10(17)11(18)13(23-15)14(20)21/h1-5,10-13,15,17-19H,6-7H2,(H,20,21)	null	C1=CC=C(C=C1)CCC(=O)OC2C(C(C(C(O2)C(=O)O)O)O)O	0.100000001	131831704	HMDB:(125172);PubChem:(131831704);PubChem class - bio and metabolites	16777226
29	1	N/A	-232.7922426902672	C15H18O8	[M - H2O + H]+	SMUMUFUQWBKGHU	InChI=1S/C15H18O8/c1-21-11-6-8(2-4-9(11)16)3-5-12(18)23-14-13(19)10(17)7-22-15(14)20/h2-6,10,13-17,19-20H,7H2,1H3	null	COC1=C(C=CC(=C1)C=CC(=O)OC2C(C(COC2O)O)O)O	0.0846844614	""	COCONUT:(CNP0114995);Natural Products:(UNPD153062);SuperNatural:(SN00404537)	3178496
30	1	N/A	-236.60609541896528	C15H18O8	[M - H2O + H]+	YDYDFDAUGYHMIG	InChI=1S/C15H18O8/c1-7(8-5-3-2-4-6-8)14(21)23-15-11(18)9(16)10(17)12(22-15)13(19)20/h2-7,9-12,15-18H,1H3,(H,19,20)	null	CC(C1=CC=CC=C1)C(=O)OC2C(C(C(C(O2)C(=O)O)O)O)O	0.400000006	44179275;44179347;74941634	COCONUT:(CNP0295746);HMDB:(141878);Natural Products:(UNPD114501 UNPD37084);PubChem:(44179275 44179347 74941634);SuperNatural:(SN00290498 SN00346172);PubChem class - bio and metabolites	19955722
31	1	N/A	-238.9184093505688	C15H18O8	[M - H2O + H]+	QFCZAZIEGZQUIA	InChI=1S/C15H18O8/c16-6-10-12(18)13(19)14(20)15(23-10)21-8-3-1-7-2-4-11(17)22-9(7)5-8/h1-4,8,10,12-16,18-20H,5-6H2	null	C1C(C=CC2=C1OC(=O)C=C2)OC3C(C(C(C(O3)CO)O)O)O	-0.819555044	""	COCONUT:(CNP0391014)	2097152
32	1	N/A	-239.37618269846516	C15H18O8	[M - H2O + H]+	IEPQZIWEKIJAOM	InChI=1S/C15H18O8/c1-23-12-6-8(2-4-9(12)17)3-5-10(18)13(20)15(22)14(21)11(19)7-16/h2-6,11,14-17,19,21-22H,7H2,1H3	null	COC1=C(C=CC(=C1)C=CC(=O)C(=O)C(C(C(CO)O)O)O)O	-1.20000005	20782746;53912312;129720491	MeSH:(129720491);PubChem:(20782746 53912312 129720491);PubMed	70
33	1	N/A	-248.95069206043843	C15H18O8	[M - H2O + H]+	PTUNZWVRRAZGFN	InChI=1S/C15H18O8/c1-2-3-7-4-5-9(8(16)6-7)22-15-12(19)10(17)11(18)13(23-15)14(20)21/h2,4-6,10-13,15-19H,1,3H2,(H,20,21)	null	C=CCC1=CC(=C(C=C1)OC2C(C(C(C(O2)C(=O)O)O)O)O)O	0.699999988	131838877	HMDB:(135256);PubChem:(131838877);PubChem class - bio and metabolites	16777226
34	1	N/A	-255.25303080702636	C15H18O8	[M - H2O + H]+	IFMJBDUHDALUJG	InChI=1S/C15H18O8/c1-15(21,14(20)22-2)12(8-16)23-13(19)6-4-9-3-5-10(17)11(18)7-9/h3-7,12,16-18,21H,8H2,1-2H3	null	CC(C(CO)OC(=O)C=CC1=CC(=C(C=C1)O)O)(C(=O)OC)O	0.474070013	""	COCONUT:(CNP0331497);Natural Products:(UNPD168295);SuperNatural:(SN00388186)	3178496
35	1	N/A	-260.95813039528093	C15H18O8	[M - H2O + H]+	JAWMEIYOFQXNOE	InChI=1S/C15H18O8/c1-15(12(19)8-16,14(21)22-2)23-13(20)6-4-9-3-5-10(17)11(18)7-9/h3-7,12,16-19H,8H2,1-2H3	null	CC(C(CO)O)(C(=O)OC)OC(=O)C=CC1=CC(=C(C=C1)O)O	0.474070013	""	COCONUT:(CNP0106175);Natural Products:(UNPD43136)	2129920
36	1	N/A	-331.4638461315871	C15H18O8	[M - H2O + H]+	HKOJVRDYNQSPLM	InChI=1S/C15H18O8/c1-6-4-8(16)5-9(17)10(6)14(20)23-13-7(2)22-15(21-3)12(19)11(13)18/h4-5,7,12-13,15-17,19H,1-3H3	[(2R,3R,5S,6S)-5-hydroxy-6-methoxy-2-methyl-4-oxooxan-3-yl] 2,4-dihydroxy-6-methylbenzoate	CC1C(C(=O)C(C(O1)OC)O)OC(=O)C2=C(C=C(C=C2C)O)O	1.29999995	11616825;73030948	PubChem:(11616825 73030948);COCONUT:(CNP0379389)	2097154
37	1	N/A	-338.62971109376	C15H18O8	[M - H2O + H]+	NIESVUZNUQXFRG	InChI=1S/C15H18O8/c1-6-4-8(16)5-9(17)10(6)14(20)23-13-12(19)11(18)7(2)22-15(13)21-3/h4-5,7,11,13,15-18H,1-3H3	[(2S,3S,5R,6R)-5-hydroxy-2-methoxy-6-methyl-4-oxooxan-3-yl] 2,4-dihydroxy-6-methylbenzoate	CC1C(C(=O)C(C(O1)OC)OC(=O)C2=C(C=C(C=C2C)O)O)O	1.29999995	11544388;73001684	PubChem:(11544388 73001684);COCONUT:(CNP0278732)	2097154
38	1	N/A	-351.543756256152	C15H18O8	[M - H2O + H]+	LHNKBXRFNPMIBR	InChI=1S/C15H18O8/c1-12(2,18)14(19)6-11(17)23-9(14)8-13(3)4(10(16)22-8)5-7(21-5)15(6,13)20/h4-9,18-20H,1-3H3	null	CC12C3C4C(C1(C5C(=O)OC(C2OC3=O)C5(C(C)(C)O)O)O)O4	-1.98457193	""	COCONUT:(CNP0299283);Natural Products:(UNPD126338);SuperNatural:(SN00331885)	3178496
39	1	N/A	-373.6445710168601	C15H18O8	[M - H2O + H]+	VLBNONAQDKTJCU	InChI=1S/C15H18O8/c1-5(16)7-10-15(23-13(7)19)4-3-6-8(11(17)20-2)12(18)22-14(21-10)9(6)15/h3-10,12,14,16,18H,1-2H3	null	CC(C1C2C3(C=CC4C3C(O2)OC(C4C(=O)OC)O)OC1=O)O	0.100000001	90473101	COCONUT:(CNP0253369);KNApSAcK:(10730);Natural Products:(UNPD57950);PubChem:(90473101);SuperNatural:(SN00228797);KEGG Mine	8593113106
40	1	N/A	-412.66460092840435	C15H18O8	[M - H2O + H]+	CVKWZMKSOLCEOF	InChI=1S/C15H18O8/c1-12(19,4-16)6-7-10(17)21-8(6)9-13(2)14(7,20)3-5-15(13,23-5)11(18)22-9/h5-9,16,19-20H,3-4H2,1-2H3	null	CC12C3C4C(C(C1(CC5C2(O5)C(=O)O3)O)C(=O)O4)C(C)(CO)O	-1.89999998	5316822;100966722	COCONUT:(CNP0359397);KNApSAcK:(40948);PubChem:(5316822 100966722);KEGG Mine	8592031762
41	1	N/A	-432.86789412115905	C15H18O8	[M - H2O + H]+	XVTUVYDLNDXGDX	InChI=1S/C15H18O8/c1-11-5-21-10(18)15(11,20)7-3-13(8(16)9(17)22-7)12(2)6(23-12)4-14(11,13)19/h6-8,16,19-20H,3-5H2,1-2H3	null	CC12COC(=O)C1(C3CC4(C2(CC5C4(O5)C)O)C(C(=O)O3)O)O	-1.60000002	101361614	COCONUT:(CNP0307267);Natural Products:(UNPD64636);PubChem:(101361614);SuperNatural:(SN00368440)	3178498
42	1	N/A	-433.1716995169647	C15H18O8	[M - H2O + H]+	GROVRTRSJQFELY	InChI=1S/C15H18O8/c1-21-11-4-7(2-3-9(11)16)8-5-12(18)23-15(8)14(20)13(19)10(17)6-22-15/h2-4,8,10,13-14,16-17,19-20H,5-6H2,1H3	null	COC1=C(C=CC(=C1)C2CC(=O)OC23C(C(C(CO3)O)O)O)O	-0.502637148	""	COCONUT:(CNP0124375);Natural Products:(UNPD216954)	2129920
43	1	N/A	-436.2073242467631	C15H18O8	[M - H2O + H]+	MOLPUWBMSBJXER	InChI=1S/C15H18O8/c1-12(2,3)14(20)4-6-13(5-7(16)21-6)10(19)23-11-15(13,14)8(17)9(18)22-11/h6,8,11,17,20H,4-5H2,1-3H3	Bilobalid	CC(C)(C)C1(CC2C3(C14C(C(=O)OC4OC3=O)O)CC(=O)O2)O	-0.300000012	545839;73581;441297;6543720;6604657;12308750;9949232;11870381;11870382;11875005;10381708;15940184;16219059;25090658;25200033;26339694;28125507;24883646;24883648;29927610;25886432;45358112;45359816;44144323;44353155;59738929;71774432;73758753;71431160;92460633;98047226;101731766;101306935;118024237;124145859;126963541;129010088;129010389;129359789;131704570;134128044;137323730;137323731;138059754;138107786	HMDB:(36735);SuperNatural:(SN00006142 SN00155196 SN00006915 SN00001795 SN00155192 SN00006803 SN00006143 SN00021145 SN00020546);ZINC bio:(ZINC00897062 ZINC03947565 ZINC03947567 ZINC04046842 ZINC04097411 ZINC08679998 ZINC13815747 ZINC13815750 ZINC14859723 ZINC14984521);additional;MeSH:(73581 545839 6543720 11875005 12308750 25090658 44353155 45358112 101306935 126963541 129010088 134128044 138107786);PubMed;NORMAN:(NS00029508);COCONUT:(CNP0148745);KNApSAcK:(11512);Natural Products:(UNPD21786 UNPD182855);PubChem:(545839 73581 441297 6543720 6604657 12308750 9949232 11870381 11870382 11875005 10381708 15940184 16219059 25090658 25200033 26339694 28125507 24883646 24883648 29927610 25886432 45358112 45359816 44144323 44353155 59738929 71774432 73758753 71431160 92460633 98047226 101731766 101306935 118024237 124145859 126963541 129010088 129010389 129359789 131704570 134128044 137323730 137323731 138059754 138107786);CHEBI:(3103);PubChem class - bio and metabolites;KEGG:(C07605);Training Set	20767102
44	1	N/A	-445.0311624765242	C15H18O8	[M - H2O + H]+	BNLUQONOBPMVBG	InChI=1S/C15H18O8/c1-15(21)13(19)12(23-14(15)20)8-5-7(3-4-11(17)18)9(16)6-10(8)22-2/h5-6,12-13,16,19,21H,3-4H2,1-2H3,(H,17,18)	null	CC1(C(C(OC1=O)C2=C(C=C(C(=C2)CCC(=O)O)O)OC)O)O	-0.300000012	38361468;38361477;45360164;51694169;51694171;132586941	COCONUT:(CNP0348893 CNP0404086);PubChem:(38361468 38361477 45360164 51694169 51694171 132586941);SuperNatural:(SN00030097 SN00038133 SN00034024 SN00038132 SN00034023 SN00030098);ZINC bio:(ZINC31167814 ZINC31167817 ZINC31167821 ZINC31167823 ZINC35464772 ZINC35464775);additional;Training Set	3694594
45	1	N/A	-455.4119491816933	C15H18O8	[M - H2O + H]+	KXJGMBLSSWASGG	InChI=1S/C15H18O8/c1-6-7(16)3-14(20)12(2)5-22-11(19)15(12,21)8-4-13(6,14)9(17)10(18)23-8/h6,8-9,17,20-21H,3-5H2,1-2H3	null	CC1C(=O)CC2(C13CC(C4(C2(COC4=O)C)O)OC(=O)C3O)O	-1.70000005	14564520;72203166	COCONUT:(CNP0296456);KNApSAcK:(45175);Natural Products:(UNPD149473 UNPD115044);PubChem:(14564520 72203166);SuperNatural:(SN00240542 SN00328028)	3178514
46	1	N/A	-476.9349780400212	C15H18O8	[M - H2O + H]+	ICEOXHAJZGHJNJ	InChI=1S/C15H18O8/c1-6-5-9(16)15(21,7(2)12(17)18)11-10-14(20,13(19)23-11)4-3-8(6)22-10/h5,7-8,10-11,20-21H,3-4H2,1-2H3,(H,17,18)	null	CC1=CC(=O)C(C2C3C(CCC1O3)(C(=O)O2)O)(C(C)C(=O)O)O	-0.699999988	101996836	COCONUT:(CNP0186888);KNApSAcK:(11734);Natural Products:(UNPD3567);PubChem:(101996836);SuperNatural:(SN00271657);MeSH:(101996836);PubMed	3178582