structureRankPerFormula	formulaRank	ConfidenceScore	CSI:FingerIDScore	molecularFormula	adduct	InChIkey2D	InChI	name	smiles	xlogp	pubchemids	links	dbflags
1	1	0.2119220305418836	-52.16454093992655	C7H13NO2	[M - H2O + H]+	CKTUXQBZPWBFDX	InChI=1S/C7H13NO2/c8-6-3-1-2-5(4-6)7(9)10/h5-6H,1-4,8H2,(H,9,10)	3-Aminocyclohexanecarboxylic acid	C1CC(CC(C1)N)C(=O)O	-2.20000005	544887;3082488;7005074;7005075;7005076;7005077;7005078;7005079;7061778;67383005;118632929;130398349	EcoCyc Mine;MeSH:(544887 3082488 7005079);PubChem class - safety and toxic;PubChem:(544887 3082488 7005074 7005075 7005076 7005077 7005078 7005079 7061778 67383005 118632929 130398349);PubMed	17246978118
2	1	N/A	-57.94497061887379	C7H13NO2	[M - H2O + H]+	WOXWUZCRWJWTRT	InChI=1S/C7H13NO2/c8-7(6(9)10)4-2-1-3-5-7/h1-5,8H2,(H,9,10)	bmse000728	C1CCC(CC1)(C(=O)O)N	0.404149592	1366;450578;3551891;5140695;23290812;90474765	ZINC bio:(ZINC00116197);additional;MeSH:(1366);PubMed;NORMAN:(NS00014645);COCONUT:(CNP0298480);PubChem:(1366 450578 3551891 5140695 23290812 90474765);CHEBI:(86534);PubChem class - bio and metabolites;EcoCyc Mine;PubChem class - safety and toxic;Training Set;KEGG Mine	25856598118
3	1	N/A	-60.43760134692932	C7H13NO2	[M - H2O + H]+	XBPKRVHTESHFAA	InChI=1S/C7H13NO2/c8-6(7(9)10)5-3-1-2-4-5/h5-6H,1-4,8H2,(H,9,10)	AmbotzHAA1016	C1CCC(C1)C(C(=O)O)N	-1.5	224366;10351805;10374564;36690975;38989116;90022075	COCONUT:(CNP0276361);PubChem:(224366 10351805 10374564 36690975 38989116 90022075);PubChem class - bio and metabolites;PubChem class - safety and toxic;Training Set;PubMed	85999682
4	1	N/A	-60.56974063746149	C7H13NO2	[M - H2O + H]+	DRNGLYHKYPNTEA	InChI=1S/C7H13NO2/c8-6-3-1-5(2-4-6)7(9)10/h5-6H,1-4,8H2,(H,9,10)	Oprea1_021616	C1CC(CCC1C(=O)O)N	-2.20000005	171560;4518459;5246024;40482209;131857296	MeSH:(171560);PubChem class - safety and toxic;PubChem:(171560 4518459 5246024 40482209 131857296);PubMed;KEGG Mine	8657043526
5	1	N/A	-64.06799530247218	C7H13NO2	[M - H2O + H]+	RSIDSVRZFUOPFV	InChI=1S/C7H13NO2/c8-7(5-6(9)10)3-1-2-4-7/h1-5,8H2,(H,9,10)	2-(1-aminocyclopentyl)acetate	C1CCC(C1)(CC(=O)O)N	-1.89999998	16212493;19422616	PubChem:(16212493 19422616);PubChem class - safety and toxic	67108866
6	1	N/A	-65.06317922988721	C7H13NO2	[M - H2O + H]+	USQHEVWOPJDAAX	InChI=1S/C7H13NO2/c8-6-4-2-1-3-5(6)7(9)10/h5-6H,1-4,8H2,(H,9,10)	ACMC-20alfd	C1CCC(C(C1)C(=O)O)N	-1.5	151272;2724639;2724640;7128320;7128321;7128322;7128323;7128324;7128325;21969830;67328138;69346880;89035003;131864765	MeSH:(151272 2724640);PubChem class - safety and toxic;PubChem:(151272 2724639 2724640 7128320 7128321 7128322 7128323 7128324 7128325 21969830 67328138 69346880 89035003 131864765);PubMed;KEGG Mine	8657043526
7	1	N/A	-67.78224208329411	C7H13NO2	[M - H2O + H]+	VZQSZPCSJJSCDJ	InChI=1S/C7H13NO2/c8-5-7(6(9)10)3-1-2-4-7/h1-5,8H2,(H,9,10)	1-(aminomethyl)cyclopentanecarboxylic acid	C1CCC(C1)(CN)C(=O)O	-2.0999999	16730047;28064307	PubChem:(16730047 28064307);PubChem class - safety and toxic	67108866
8	1	N/A	-74.74044394322706	C7H13NO2	[M - H2O + H]+	NAKLBXVLJBZSIP	InChI=1S/C7H13NO2/c1-4(5-2-3-5)6(8)7(9)10/h4-6H,2-3,8H2,1H3,(H,9,10)	(2S,3S)-2-amino-3-cyclopropylbutanoic acid	CC(C1CC1)C(C(=O)O)N	0.167363301	10701934;12104253;11263547;55285033;92446502;92446504	COCONUT:(CNP0374571);KNApSAcK:(27723);Natural Products:(UNPD81486);PubChem:(10701934 12104253 11263547 55285033 92446502 92446504);SuperNatural:(SN00347687);ZINC bio:(ZINC13347813 ZINC13347817 ZINC13347821 ZINC13347825);MeSH:(55285033);PubMed	3186774
9	1	N/A	-80.066966812006	C7H13NO2	[M - H2O + H]+	PRNLNZMJMCUWNV	InChI=1S/C7H13NO2/c9-7(10)5-6-3-1-2-4-8-6/h6,8H,1-5H2,(H,9,10)	2-piperidin-2-ylacetate	C1CCNC(C1)CC(=O)O	-2.0999999	2064214;2064215;854351;3164325;6589872;21600571;20489612	PubChem class - safety and toxic;PubChem:(2064214 2064215 854351 3164325 6589872 21600571 20489612);PubMed;KEGG Mine	8657043522
10	1	N/A	-81.66396740495397	C7H13NO2	[M - H2O + H]+	YFNOTMRKVGZZNF	InChI=1S/C7H13NO2/c9-7(10)5-6-1-3-8-4-2-6/h6,8H,1-5H2,(H,9,10)	4-piperidine acetic acid	C1CNCCC1CC(=O)O	-2.20000005	1512593;1512594;35549373	COCONUT:(CNP0062829);PubChem class - safety and toxic;PubChem:(1512593 1512594 35549373);PubMed	69206082
11	1	N/A	-83.82778684228388	C7H13NO2	[M - H2O + H]+	JPTZCXJSCJAXEE	InChI=1S/C7H13NO2/c8-5-7(2-1-3-7)4-6(9)10/h1-5,8H2,(H,9,10)	null	C1CC(C1)(CC(=O)O)CN	-0.0536461622	9794047	PubChem:(9794047);PubChem class - safety and toxic	67108866
12	1	N/A	-104.14521702289632	C7H13NO2	[M - H2O + H]+	SRGOJUDAJKUDAZ	InChI=1S/C7H13NO2/c8-6(7(9)10)4-5-2-1-3-5/h5-6H,1-4,8H2,(H,9,10)	D-3-Cyclobutylalanine	C1CC(C1)CC(C(=O)O)N	-1.39999998	21988066;50999323;50999324	PubChem:(21988066 50999323 50999324);PubChem class - bio and metabolites	16777218
13	1	N/A	-108.63985900792368	C7H13NO2	[M - H2O + H]+	HGFKBSQTLAGTNI	InChI=1S/C7H13NO2/c1-5-3-2-4-7(5,8)6(9)10/h5H,2-4,8H2,1H3,(H,9,10)	1-Amino-2-methylcyclopentanecarboxylic acid	CC1CCCC1(C(=O)O)N	-1.89999998	97735;21604494;21604495;45089125;45089126	PubChem:(97735 21604494 21604495 45089125 45089126);MeSH:(97735)	6
14	1	N/A	-115.49013295366586	C7H13NO2	[M - H2O + H]+	OPFURXRZISKMJV	InChI=1S/C7H13NO2/c9-7(10)6-4-2-1-3-5-8-6/h6,8H,1-5H2,(H,9,10)	2-azepanecarboxylic acid	C1CCC(NCC1)C(=O)O	0.858631015	257788;870730;7078114;7078115;7078116	COCONUT:(CNP0320968);PubChem:(257788 870730 7078114 7078115 7078116);SuperNatural:(SN00068518 SN00068517);PubMed;ZINC bio:(ZINC04028351 ZINC04028352)	3153986
15	1	N/A	-118.82834227090838	C7H13NO2	[M - H2O + H]+	IHLDCUQUFBWSJU	InChI=1S/C7H13NO2/c1-5-3-2-4-6(8-5)7(9)10/h5-6,8H,2-4H2,1H3,(H,9,10)	ACMC-20lhzn	CC1CCCC(N1)C(=O)O	-1.60000002	1040392;1794834;1794835;3815667;7072863;6548581;6575089;6575090;6960508;16396232	COCONUT:(CNP0227209);PubChem:(1040392 1794834 1794835 3815667 7072863 6548581 6575089 6575090 6960508 16396232);SuperNatural:(SN00066083 SN00048284);ZINC bio:(ZINC00712025 ZINC04015911)	3153922
16	1	N/A	-121.39841239669185	C7H13NO2	[M - H2O + H]+	ZJMPUKNPMYTOOX	InChI=1S/C7H13NO2/c1-3-4-5(2)6(8)7(9)10/h6H,2-4,8H2,1H3,(H,9,10)	null	CCCC(=C)C(C(=O)O)N	-1.0	55284284;76223581	COCONUT:(CNP0264403);HMDB:(30410);Natural Products:(UNPD21727);PubChem:(55284284 76223581);SuperNatural:(SN00281545);PubChem class - bio and metabolites	19955722
17	1	N/A	-121.89232138403487	C7H13NO2	[M - H2O + H]+	UQHCHLWYGMSPJC	InChI=1S/C7H13NO2/c1-5-2-3-8-6(4-5)7(9)10/h5-6,8H,2-4H2,1H3,(H,9,10)	trans-4-methylpipecolic acid	CC1CCNC(C1)C(=O)O	-1.60000002	4478243;5288786;11008516;18752973;21031885;21040074;40617425;44631639;54366698;53471554;56976029;58650139;58650170;57838327;88088946	PubChem:(4478243 5288786 11008516 18752973 21031885 21040074 40617425 44631639 54366698 53471554 56976029 58650139 58650170 57838327 88088946);PubChem class - bio and metabolites;MeSH:(56976029);Training Set;PubMed;KEGG Mine	8606728262
18	1	N/A	-123.76041523756712	C7H13NO2	[M - H2O + H]+	APKKGYQCZMFHHP	InChI=1S/C7H13NO2/c1-5-2-3-7(8,4-5)6(9)10/h5H,2-4,8H2,1H3,(H,9,10)	1-Amino-3-methylcyclopentanecarboxylicacid	CC1CCC(C1)(C(=O)O)N	-1.89999998	192936;5244180;45089139;45089140;45089142;55290120	PubChem:(192936 5244180 45089139 45089140 45089142 55290120);MeSH:(192936)	6
19	1	N/A	-127.35812275373553	C7H13NO2	[M - H2O + H]+	NOPOVNWVHYQBOB	InChI=1S/C7H13NO2/c1-3-5(2)4-6(8)7(9)10/h6H,2-4,8H2,1H3,(H,9,10)	4-methylenenorleucine	CCC(=C)CC(C(=O)O)N	-1.20000005	642226;22298442;106702788	COCONUT:(CNP0154290);Natural Products:(UNPD17761);PubChem:(642226 22298442 106702788);SuperNatural:(SN00253043);ZINC bio:(ZINC13354891 ZINC13354895)	3186690
20	1	N/A	-128.94559235624953	C7H13NO2	[M - H2O + H]+	BCNHWZJWSRTHPW	InChI=1S/C7H13NO2/c1-3-5(2)4-6(8)7(9)10/h3,5-6H,1,4,8H2,2H3,(H,9,10)	2-Amino-4-methyl-5-hexenoic acid	CC(CC(C(=O)O)N)C=C	-1.60000002	97401;22859485;55290324;55290325;92162938;92162939	COCONUT:(CNP0160242);MeSH:(97401);Natural Products:(UNPD172108 UNPD76815);PubChem:(97401 22859485 55290324 55290325 92162938 92162939);SuperNatural:(SN00398059 SN00268314)	3178502
21	1	N/A	-137.73560940980826	C7H13NO2	[M - H2O + H]+	RFWDAWXPYZTVSN	InChI=1S/C7H13NO2/c9-7(8-10)6-4-2-1-3-5-6/h6,10H,1-5H2,(H,8,9)	cyclohexanecarbohydroxamic acid	C1CCC(CC1)C(=O)NO	1.10000002	3432579	PubChem:(3432579);PubMed;PubChem class - bio and metabolites	16777282
22	1	N/A	-145.36732976356816	C7H13NO2	[M - H2O + H]+	VVKGXYAEUDTYLC	InChI=1S/C7H13NO2/c8-6(9)7(10)4-2-1-3-5-7/h10H,1-5H2,(H2,8,9)	1-hydroxycyclohexane-1-carboxamide	C1CCC(CC1)(C(=O)N)O	0.100000001	344800	PubChem:(344800);PubChem class - safety and toxic	67108866
23	1	N/A	-148.72548985212003	C7H13NO2	[M - H2O + H]+	GFIRYOYQBKQVOL	InChI=1S/C7H13NO2/c1-4(2)5-3-7(5,8)6(9)10/h4-5H,3,8H2,1-2H3,(H,9,10)	[(1S,2S)-1-carboxy-2-propan-2-ylcyclopropyl]azanium	CC(C)C1CC1(C(=O)O)N	-1.79999995	13416214;13416216;13416218;21671602;21671603;21671604;21671605;53835487	MeSH:(21671605);PubChem:(13416214 13416216 13416218 21671602 21671603 21671604 21671605 53835487);PubMed	70
24	1	N/A	-150.09457541166623	C7H13NO2	[M - H2O + H]+	GVHLQHHQXWSDDM	InChI=1S/C7H13NO2/c1-2-4-9-6-7-10-5-3-8/h1H,3-8H2	null	C#CCOCCOCCN	-0.899999976	55219291;57887486	PubChem:(55219291 57887486);PubChem class - safety and toxic	67108866
25	1	N/A	-153.63015957575664	C7H13NO2	[M - H2O + H]+	OQQXGCLLMDQESN	InChI=1S/C7H13NO2/c9-7(10)8-6-4-2-1-3-5-6/h6,8H,1-5H2,(H,9,10)	Oprea1_680569	C1CCC(CC1)NC(=O)O	1.47920597	88397;5289068	NORMAN:(NS00051476);PubChem:(88397 5289068);PubMed;KEGG Mine;PubChem class - bio and metabolites	8606974018
26	1	N/A	-154.3723014835566	C7H13NO2	[M - H2O + H]+	OYGZAERTQAIZGU	InChI=1S/C7H13NO2/c1-5(2)3-4-6(8)7(9)10/h6H,1,3-4,8H2,2H3,(H,9,10)	2-Amino-5-methyl-5-hexenoic acid	CC(=C)CCC(C(=O)O)N	-1.29999995	153443;331825;103924433	COCONUT:(CNP0300764);Natural Products:(UNPD5682);PubChem:(153443 331825 103924433);SuperNatural:(SN00324052);MeSH:(153443);PubMed	3178566
27	1	N/A	-162.36253166287253	C7H13NO2	[M - H2O + H]+	HENGJKIYGDMCLP	InChI=1S/C7H13NO2/c1-8-7(6(9)10)4-2-3-5-7/h8H,2-5H2,1H3,(H,9,10)	Ambcb4039937	CNC1(CCCC1)C(=O)O	-1.79999995	3028136	PubChem class - safety and toxic;PubChem:(3028136);KEGG Mine	8657043458
28	1	N/A	-164.98832514231256	C7H13NO2	[M - H2O + H]+	XRARHOAIGIRUNR	InChI=1S/C7H13NO2/c1-5(2)3-4-6(8)7(9)10/h3,6H,4,8H2,1-2H3,(H,9,10)	3-(2-Methyl-1-propenyl)alanine	CC(=CCC(C(=O)O)N)C	-1.39999998	14258634;11789317;25759520;25759521;25759522	COCONUT:(CNP0216742);Natural Products:(UNPD180581);PubChem:(14258634 11789317 25759520 25759521 25759522);SuperNatural:(SN00274790);ZINC bio:(ZINC13355160 ZINC13355164)	3186690
29	1	N/A	-168.45851867549152	C7H13NO2	[M - H2O + H]+	BRSKDXVJFXXUKX	InChI=1S/C7H13NO2/c9-7(10)3-6-8-4-1-2-5-8/h1-6H2,(H,9,10)	1-Pyrrolidinepropanoicacid	C1CCN(C1)CCC(=O)O	-2.0	558407;5257151;19608982	PubChem class - safety and toxic;PubChem:(558407 5257151 19608982);PubMed;KEGG Mine	8657043522
30	1	N/A	-170.5610040806962	C7H13NO2	[M - H2O + H]+	VRDBIJCCXDEZJN	InChI=1S/C7H13NO2/c9-7(10)6-8-4-2-1-3-5-8/h1-6H2,(H,9,10)	piperidinoacetic acid	C1CCN(CC1)CC(=O)O	0.662862122	201097;3677697;5249621;18315696	PubChem class - safety and toxic;PubChem:(201097 3677697 5249621 18315696);PubMed	67108930
31	1	N/A	-173.5587276586834	C7H13NO2	[M - H2O + H]+	LACLQAUWSKAKQJ	InChI=1S/C7H13NO2/c9-8(10)7-5-3-1-2-4-6-7/h7H,1-6H2	null	C1CCCC(CC1)[N+](=O)[O-]	2.29999995	4189425	PubChem:(4189425);PubChem class - safety and toxic	67108866
32	1	N/A	-174.52919963094408	C7H13NO2	[M - H2O + H]+	RZVWBASHHLFBJF	InChI=1S/C7H13NO2/c1-10-7(9)6-2-4-8-5-3-6/h6,8H,2-5H2,1H3	Methyl isonipecotate	COC(=O)C1CCNCC1	0.458470523	424914;5152300	PubChem class - safety and toxic;PubChem:(424914 5152300);PubMed	67108930
33	1	N/A	-177.49889860433603	C7H13NO2	[M - H2O + H]+	RGXCCQQWSIEIEF	InChI=1S/C7H13NO2/c1-10-7(9)5-3-2-4-6(5)8/h5-6H,2-4,8H2,1H3	Methyl 2-aminocyclopentanecarboxylate	COC(=O)C1CCCC1N	0.600000024	14698811;14698812;14698813;14698817;39345631;55281002;69722607;131599344	PubChem:(14698811 14698812 14698813 14698817 39345631 55281002 69722607 131599344);PubChem class - safety and toxic	67108866
34	1	N/A	-177.53376596683563	C7H13NO2	[M - H2O + H]+	HCKNAJXCHMACDN	InChI=1S/C7H13NO2/c1-8-4-2-6(3-5-8)7(9)10/h6H,2-5H2,1H3,(H,9,10)	N-Methylisonipecotic acid	CN1CCC(CC1)C(=O)O	-2.0	2736939;7019007;22575039;60020139;58598125	PubChem:(2736939 7019007 22575039 60020139 58598125);PubChem class - safety and toxic	67108866
35	1	N/A	-180.80880389391982	C7H13NO2	[M - H2O + H]+	MPEUOPWWEODARH	InChI=1S/C7H13NO2/c1-2-10-7(9)6-3-4-8-5-6/h6,8H,2-5H2,1H3	ethyl pyrrolidine-3-carboxylate	CCOC(=O)C1CCNC1	0.200000003	12896002;53488454;53488456;86306399;86306400	COCONUT:(CNP0206039);Natural Products:(UNPD80118 UNPD99512);PubChem:(12896002 53488454 53488456 86306399 86306400);SuperNatural:(SN00232389 SN00314605);ZINC bio:(ZINC14684378 ZINC14684379);PubChem class - safety and toxic	70295554
36	1	N/A	-184.98399239429247	C7H13NO2	[M - H2O + H]+	AUELWJRRASQDKI	InChI=1S/C7H13NO2/c8-7(9)10-6-4-2-1-3-5-6/h6H,1-5H2,(H2,8,9)	Cyclohexylurethane	C1CCC(CC1)OC(=O)N	1.39999998	14302	PubChem:(14302);PubChem class - safety and toxic	67108866
37	1	N/A	-187.68720289697632	C7H13NO2	[M - H2O + H]+	GXCZZQGJZNJSBW	InChI=1S/C7H13NO2/c9-5-2-1-4-3-6(10)7(5)8-4/h4-10H,1-3H2	Erycibelline	C1CC(C2C(CC1N2)O)O	-0.699999988	129917;21121210;23279813;55299850;86280504;101544023;101135103;101242462;133630874;133674015;132350828	COCONUT:(CNP0039091 CNP0286503);KNApSAcK:(36479);Natural Products:(UNPD126577 UNPD24768);PubChem:(129917 21121210 23279813 55299850 86280504 101544023 101135103 101242462 133630874 133674015 132350828);SuperNatural:(SN00343603 SN00157390 SN00270430);MeSH:(129917);PubMed	3178582
38	1	N/A	-188.66977941744855	C7H13NO2	[M - H2O + H]+	ZJAGBNLNDKYYNL	InChI=1S/C7H13NO2/c1-3-5(2)4-6(8)7(9)10/h3,6H,4,8H2,1-2H3,(H,9,10)	2-Amino-4-methyl-4-hexenoic acid	CC=C(C)CC(C(=O)O)N	-1.39999998	22326381;53440734;55290727;70268414;133681645	COCONUT:(CNP0271442);Natural Products:(UNPD172571 UNPD94067);PubChem:(22326381 53440734 55290727 70268414 133681645);SuperNatural:(SN00248094 SN00298375);PubMed	3178562
39	1	N/A	-189.25724481086547	C7H13NO2	[M - H2O + H]+	MVUIPZFMWQBRCM	InChI=1S/C7H13NO2/c9-5-1-4-2-7(10)6(3-5)8-4/h4-10H,1-3H2	8-azabicyclo[3.2.1]octane-3,6-diol	C1C2CC(C(N2)CC1O)O	-0.699999988	637042;10942549;11094733;10240917;22297531;55287925;101126930;101135105;101767607	COCONUT:(CNP0046460 CNP0177309);HMDB:(38949);KNApSAcK:(36532);Natural Products:(UNPD55597 UNPD133167 UNPD6807);PubChem:(637042 10942549 11094733 10240917 22297531 55287925 101126930 101135105 101767607);SuperNatural:(SN00160938 SN00268663 SN00402758);PubChem class - bio and metabolites	19955738
40	1	N/A	-194.14292364688322	C7H13NO2	[M - H2O + H]+	KRRIPIPNHUGPJL	InChI=1S/C7H13NO2/c9-5-7-3-1-2-4-8(7)6-10/h6-7,9H,1-5H2	2-(hydroxymethyl)piperidine-1-carbaldehyde	C1CCN(C(C1)CO)C=O	0.0	17905689	PubChem:(17905689);COCONUT:(CNP0303118)	2097154
41	1	N/A	-195.07721469541917	C7H13NO2	[M - H2O + H]+	OEDAMXNBLKMAAL	InChI=1S/C7H13NO2/c9-6-3-4-1-2-5(8-4)7(6)10/h4-10H,1-3H2	null	C1CC2C(C(CC1N2)O)O	-0.699999988	12016152;11126385;51009615;55299851;76225411;101135104;101590225	COCONUT:(CNP0062728 CNP0136254);Natural Products:(UNPD93761 UNPD94633 UNPD15725 UNPD142976);PubChem:(12016152 11126385 51009615 55299851 76225411 101135104 101590225);SuperNatural:(SN00158265 SN00158264 SN00291301 SN00372020 SN00353927 SN00307562)	3178498
42	1	N/A	-196.02760694021615	C7H13NO2	[M - H2O + H]+	WQGHBXNTZFIOSX	InChI=1S/C7H13NO2/c1-8-4-2-3-6(8)5-7(9)10/h6H,2-5H2,1H3,(H,9,10)	Ambcb4004857	CN1CCCC1CC(=O)O	-2.0	14021870;14021871;14021872;14021873;51535438;57822584	COCONUT:(CNP0174997);Natural Products:(UNPD149330);PubChem:(14021870 14021871 14021872 14021873 51535438 57822584);SuperNatural:(SN00281674);ZINC bio:(ZINC14684370 ZINC14684371);MeSH:(14021870);PubMed;KEGG Mine	8593121350
43	1	N/A	-197.11456578084474	C7H13NO2	[M - H2O + H]+	QPFCLGADWIWYFW	InChI=1S/C7H13NO2/c1-4-9-7(3,6-8)10-5-2/h4-5H2,1-3H3	2,2-Diethoxypropionitrile	CCOC(C)(C#N)OCC	0.800000012	566609	PubChem class - safety and toxic;PubChem:(566609);ZINC bio:(ZINC00158257)	67117058
44	1	N/A	-201.73036130601804	C7H13NO2	[M - H2O + H]+	KCFKMNXXKRIIQQ	InChI=1S/C7H13NO2/c1-10-6(9)5-7(8)3-2-4-7/h2-5,8H2,1H3	methyl 2-(1-aminocyclobutyl)acetate	COC(=O)CC1(CCC1)N	0.400000006	71755509	PubChem:(71755509);PubChem class - safety and toxic	67108866
45	1	N/A	-203.91572887344608	C7H13NO2	[M - H2O + H]+	SZGXZOVMAQJBDE	InChI=1S/C7H13NO2/c9-6-2-1-4-7(10)3-5(6)8-4/h4-10H,1-3H2	null	C1CC(C2CC(C1N2)O)O	-0.699999988	14447042;102004951	COCONUT:(CNP0076318);MeSH:(14447042 102004951);PubChem:(14447042 102004951);PubMed	2097222
46	1	N/A	-205.65987196115174	C7H13NO2	[M - H2O + H]+	KPKNTUUIEVXMOH	InChI=1S/C7H13NO2/c1-3-8-4-2-7(1)9-5-6-10-7/h8H,1-6H2	4-Piperidinone ethyl ketal	C1CNCCC12OCCO2	-0.300000012	67435;6997268;21788383;21788384	NORMAN:(NS00025836);PubChem class - safety and toxic;PubChem:(67435 6997268 21788383 21788384);PubMed	67371074
47	1	N/A	-206.92398416837509	C7H13NO2	[M - H2O + H]+	KKWQCCPQBCHJBZ	InChI=1S/C7H13NO2/c1-3-9-4-2-8(1)5-7-6-10-7/h7H,1-6H2	4-(2,3-Epoxypropyl)morpholine	C1COCCN1CC2CO2	-0.400000006	97751;7129244;7129245;6993792;6993793	NORMAN:(NS00043996);PubChem class - safety and toxic;PubChem:(97751 7129244 7129245 6993792 6993793)	67371010
48	1	N/A	-207.16676117720314	C7H13NO2	[M - H2O + H]+	CVDGNRZPDAXOQO	InChI=1S/C7H13NO2/c9-6-2-5-8-4-1-3-7(8)10/h9H,1-6H2	1-(3-Hydroxypropyl)-2-pyrrolidone	C1CC(=O)N(C1)CCCO	-0.5	566744	NORMAN:(NS00034883);PubChem class - safety and toxic;PubChem:(566744)	67371010
49	1	N/A	-207.22069140768073	C7H13NO2	[M - H2O + H]+	QCIGZEVBUMNSPE	InChI=1S/C7H13NO2/c1-4-9-7(3)10-6(2)5-8/h6-7H,4H2,1-3H3	1-Ethoxy-1-(1-cyanoethoxy)ethane	CCOC(C)OC(C)C#N	1.0	103780	PubChem:(103780);PubChem class - safety and toxic	67108866
50	1	N/A	-207.22551385853134	C7H13NO2	[M - H2O + H]+	AYIXGVABNMIOLK	InChI=1S/C7H13NO2/c1-8-4-2-3-6(5-8)7(9)10/h6H,2-5H2,1H3,(H,9,10)	3-Carboxy-1-methylpiperidine	CN1CCCC(C1)C(=O)O	-2.0	2736937;7019008;7019009;7160758;7160759;22030783;101412315	PubChem class - safety and toxic;PubChem:(2736937 7019008 7019009 7160758 7160759 22030783 101412315);YMDB Mine;PubMed;KEGG Mine	43016781890
51	1	N/A	-208.01226382067958	C7H13NO2	[M - H2O + H]+	QPNJHVDIRZNKOX	InChI=1S/C7H13NO2/c1-2-10-7(9)6-4-3-5-8-6/h6,8H,2-5H2,1H3	Ethyl L-prolinate	CCOC(=O)C1CCCN1	0.800973058	550673;79888;11499235;40428043;57143684	NORMAN:(NS00029454);PubChem class - safety and toxic;PubChem:(550673 79888 11499235 40428043 57143684);ZINC bio:(ZINC02556650 ZINC02556651)	67379202
52	1	N/A	-213.94651243611634	C7H13NO2	[M - H2O + H]+	VOZPZBSGYPGXEE	InChI=1S/C7H13NO2/c1-2-10-7(9)5-8-6-3-4-6/h6,8H,2-5H2,1H3	ethyl 2-(cyclopropylamino)acetate	CCOC(=O)CNC1CC1	0.600000024	22476174	PubChem:(22476174);PubChem class - safety and toxic	67108866
53	1	N/A	-213.95058153395271	C7H13NO2	[M - H2O + H]+	WBOXEOCWOCJQNK	InChI=1S/C7H13NO2/c1-3-9-7(5-6-8)10-4-2/h7H,3-5H2,1-2H3	3,3-Diethoxypropionitrile	CCOC(CC#N)OCC	0.5	74851	NORMAN:(NS00026584);PubChem class - safety and toxic;PubChem:(74851)	67371010
54	1	N/A	-219.9371583884887	C7H13NO2	[M - H2O + H]+	WGTHNNRORWFTFA	InChI=1S/C7H13NO2/c1-2-10-7(9)8-5-3-4-6-8/h2-6H2,1H3	N-Carbethoxypyrrolidine	CCOC(=O)N1CCCC1	1.0	79614	PubChem:(79614);NORMAN:(NS00043538)	262146
55	1	N/A	-220.1704290967495	C7H13NO2	[M - H2O + H]+	BYZTUEFZDFUKGN	InChI=1S/C7H13NO2/c9-2-1-8-3-7(4-8)5-10-6-7/h9H,1-6H2	null	C1C2(CN1CCO)COC2	-0.899999976	67974985	PubChem:(67974985);PubChem class - safety and toxic	67108866
56	1	N/A	-226.47517055311673	C7H13NO2	[M - H2O + H]+	KLCGBSXTJWOEJD	InChI=1S/C7H13NO2/c1-6(9)7(10)8-4-2-3-5-8/h6,9H,2-5H2,1H3	ACMC-20afkv	CC(C(=O)N1CCCC1)O	0.0	11051776;14373622;11194401	PubChem class - safety and toxic;PubChem:(11051776 14373622 11194401);KEGG Mine	8657043458
57	1	N/A	-226.68996416536456	C7H13NO2	[M - H2O + H]+	NUJGDVUXOZEPHH	InChI=1S/C7H13NO2/c1-5(2)6-7(9)8-3-4-10-6/h5-6H,3-4H2,1-2H3,(H,8,9)	null	CC(C)C1C(=O)NCCO1	0.600000024	89041690	PubChem:(89041690);COCONUT:(CNP0105827)	2097154
58	1	N/A	-227.68309217410862	C7H13NO2	[M - H2O + H]+	CXQTTWVBUDFUNO	InChI=1S/C7H13NO2/c1-10-7(9)6-4-2-3-5-8-6/h6,8H,2-5H2,1H3	Methyl 2-piperidinecarboxylate	COC(=O)C1CCCCN1	0.819146812	853680;3463753;7408455;7408456;7408678	PubChem:(853680 3463753 7408455 7408456 7408678);YMDB Mine;ZINC bio:(ZINC04899689 ZINC04899844);EcoCyc Mine;PubChem class - safety and toxic;KEGG Mine	60196659202
59	1	N/A	-230.74818011034978	C7H13NO2	[M - H2O + H]+	BPSLZWSRHTULGU	InChI=1S/C7H13NO2/c1-8-5-3-2-4-6(8)7(9)10/h6H,2-5H2,1H3,(H,9,10)	1-Methylpipecolinic Acid	CN1CCCCC1C(=O)O	-1.5	415939;3710595;6993265;6993266;11862129;11286529;126842317	PubChem:(415939 3710595 6993265 6993266 11862129 11286529 126842317);YMDB Mine;ZINC bio:(ZINC01621096 ZINC04886745);EcoCyc Mine;PubChem class - safety and toxic;PubMed;KEGG Mine	60196659266
60	1	N/A	-231.7720793030728	C7H13NO2	[M - H2O + H]+	GWDKXPLSCZJVHP	InChI=1S/C7H13NO2/c1-3-5-6-7(4-2)8(9)10/h6H,3-5H2,1-2H3	3-Heptene, 3-nitro-	CCCC=C(CC)[N+](=O)[O-]	2.70000005	22560;6433475;6508008	PubChem:(22560 6433475 6508008);PubChem class - safety and toxic	67108866
61	1	N/A	-234.03063925189198	C7H13NO2	[M - H2O + H]+	YKFLJYAKACCWMH	InChI=1S/C7H13NO2/c1-10-7(9)8-5-3-2-4-6-8/h2-6H2,1H3	n-methoxycarbonylpiperidine	COC(=O)N1CCCCC1	1.0	232666	MeSH:(232666);PubChem:(232666);PubMed	70
62	1	N/A	-234.87550577113444	C7H13NO2	[M - H2O + H]+	RWKDAFOWKPDYNT	InChI=1S/C7H13NO2/c1-8(2)4-3-6(5-8)7(9)10/h6H,3-5H2,1-2H3/p+1	1,1-dimethylpyrrolidin-1-ium-3-carboxylic acid	C[N+]1(CCC(C1)C(=O)O)C	-0.100000001	14056375	PubChem:(14056375);Natural Products:(UNPD182601)	32770
63	1	N/A	-235.4241477520827	C7H13NO2	[M - H2O + H]+	UIFFSBYMUXSQNX	InChI=1S/C7H13NO2/c9-6-5-8-3-1-7(10)2-4-8/h9H,1-6H2	1-(2-Hydroxyethyl)-4-piperidone	C1CN(CCC1=O)CCO	-1.0	15006446	PubChem:(15006446);NORMAN:(NS00038501)	262146
64	1	N/A	-238.06508751176662	C7H13NO2	[M - H2O + H]+	WXFIFTYQCGZRGR	InChI=1S/C7H13NO2/c1-5(7(8)10)3-4-6(2)9/h3,6,9H,4H2,1-2H3,(H2,8,10)	null	CC(CC=C(C)C(=O)N)O	0.0	86613605;87093934	MeSH:(86613605);PubChem:(86613605 87093934);PubMed	70
65	1	N/A	-238.8698286422962	C7H13NO2	[M - H2O + H]+	VCYHLUUGOMPZTB	InChI=1S/C7H13NO2/c1-3-5-7(6-4-2)8(9)10/h5H,3-4,6H2,1-2H3	4-Nitro-3-heptene	CCCC(=CCC)[N+](=O)[O-]	2.5	22444;6433468;6507988	PubChem:(22444 6433468 6507988);PubChem class - safety and toxic	67108866
66	1	N/A	-241.319218650017	C7H13NO2	[M - H2O + H]+	HZFMUHWDTCSCFI	InChI=1S/C7H13NO2/c1-8-6(5-9)3-2-4-7(8)10/h6,9H,2-5H2,1H3	null	CN1C(CCCC1=O)CO	-0.5	69628603;124604113;124604115	PubChem:(69628603 124604113 124604115);PubChem class - safety and toxic	67108866
67	1	N/A	-242.23324646892453	C7H13NO2	[M - H2O + H]+	LMEAHQQJOVAGSW	InChI=1S/C7H13NO2/c1-5(2)4-7(9)6(3)8-10/h5,10H,4H2,1-3H3	null	CC(C)CC(=O)C(=NO)C	1.70000005	88787535	COCONUT:(CNP0240772);Natural Products:(UNPD52327);PubChem:(88787535);SuperNatural:(SN00225120)	3178498
68	1	N/A	-242.61712755696684	C7H13NO2	[M - H2O + H]+	BWNGEDLBTNTBMD	InChI=1S/C7H13NO2/c1-7(6(9)10)4-3-5-8(7)2/h3-5H2,1-2H3,(H,9,10)	1,2-dimethylpyrrolidine-2-carboxylic acid	CC1(CCCN1C)C(=O)O	-1.70000005	21682858;53302261;53302267	MeSH:(53302261);PubChem:(21682858 53302261 53302267);PubMed	70
69	1	N/A	-243.37632803407243	C7H13NO2	[M - H2O + H]+	HJSYCVYFTIIOPM	InChI=1S/C7H13NO2/c1-6(9)4-3-5-8-7(2)10/h3-5H2,1-2H3,(H,8,10)	Acetamide, N-(4-oxopentyl)-	CC(=O)CCCNC(=O)C	-0.400000006	21389567	COCONUT:(CNP0404524);PubChem:(21389567);YMDB Mine;KEGG Mine	42951770114
70	1	N/A	-244.83188941251433	C7H13NO2	[M - H2O + H]+	DLEWDCPFCNLJEY	InChI=1S/C7H13NO2/c1-2-7(9)8-3-5-10-6-4-8/h2-6H2,1H3	AmbkkkkK490	CCC(=O)N1CCOCC1	-0.200000003	225447	PubChem:(225447);PubChem class - safety and toxic	67108866
71	1	N/A	-245.68162093033118	C7H13NO2	[M - H2O + H]+	QBUDWHWPQWURCC	InChI=1S/C7H13NO2/c9-6-8-5-3-1-2-4-7(8)10/h9H,1-6H2	N-Methylolcaprolactam	C1CCC(=O)N(CC1)CO	0.712387443	83127	NORMAN:(NS00024132);PubChem:(83127);PubMed	262210
72	1	N/A	-246.26368300911145	C7H13NO2	[M - H2O + H]+	FAKNQOZVXKYTPZ	InChI=1S/C7H13NO2/c1-5-3-6(7(9)10)8(2)4-5/h5-6H,3-4H2,1-2H3,(H,9,10)	1,4-dimethylpyrrolidine-2-carboxylic acid	CC1CC(N(C1)C)C(=O)O	-1.5	21341635;53788918;53788919;55301368;56990605;59895205;134129660	COCONUT:(CNP0153651);Natural Products:(UNPD100791);PubChem:(21341635 53788918 53788919 55301368 56990605 59895205 134129660);SuperNatural:(SN00332651)	3178498
73	1	N/A	-254.52743594693234	C7H13NO2	[M - H2O + H]+	JNIOQRWRORXADR	InChI=1S/C7H13NO2/c1-10-5-7-3-2-4-8(7)6-9/h6-7H,2-5H2,1H3	2-(Methoxymethyl)-1-pyrrolidinecarbaldehyde	COCC1CCCN1C=O	0.100000001	143952;12349568;11579148	PubChem:(143952 12349568 11579148);PubChem class - safety and toxic	67108866
74	1	N/A	-255.33562897688606	C7H13NO2	[M - H2O + H]+	VZJZGMRFZOEBAC	InChI=1S/C7H13NO2/c1-4-5-8(6(2)9)7(3)10/h4-5H2,1-3H3	Diacetamide, N-propyl-	CCCN(C(=O)C)C(=O)C	0.400000006	15280	PubChem:(15280);NORMAN:(NS00025076)	262146
75	1	N/A	-256.7922409851206	C7H13NO2	[M - H2O + H]+	HRCNGTBLBDTIMR	InChI=1S/C7H13NO2/c1-2-3-6-10-7(9)8-4-5-8/h2-6H2,1H3	Butyl aziridinylformate	CCCCOC(=O)N1CC1	1.20000005	12641	PubChem:(12641);PubChem class - safety and toxic	67108866
76	1	N/A	-256.9528393905602	C7H13NO2	[M - H2O + H]+	BSAMBMGETTWYCN	InChI=1S/C7H13NO2/c1-3-5-6-7(4-2)8(9)10/h4H,3,5-6H2,1-2H3	3-Nitro-2-heptene	CCCCC(=CC)[N+](=O)[O-]	2.5999999	22445;6433469;6507989	PubChem:(22445 6433469 6507989);PubChem class - safety and toxic	67108866
77	1	N/A	-257.01944689041227	C7H13NO2	[M - H2O + H]+	BNWZAKSMZYYVBQ	InChI=1S/C7H13NO2/c9-5-1-2-8-3-6-10-7-4-8/h5H,1-4,6-7H2	3-Morpholinopropanal	C1COCCN1CCC=O	-0.699999988	11105482	PubChem:(11105482);PubMed;Biocyc:(CPD-16549);KEGG Mine	8589936706
78	1	N/A	-257.64455106973566	C7H13NO2	[M - H2O + H]+	OATTWGKMHVDFLJ	InChI=1S/C7H13NO2/c1-3-4-5-6-7(2)8(9)10/h6H,3-5H2,1-2H3	2-Nitro-2-heptene	CCCCC=C(C)[N+](=O)[O-]	2.79999995	22446;6433470;6507990	PubChem:(22446 6433470 6507990);PubChem class - safety and toxic	67108866
79	1	N/A	-259.78663423629524	C7H13NO2	[M - H2O + H]+	RBAIZUMEBMLVSK	InChI=1S/C7H13NO2/c1-8-4-6(5-9)2-3-7(8)10/h6,9H,2-5H2,1H3	null	CN1CC(CCC1=O)CO	-0.600000024	84648854;124660226;124660228	PubChem:(84648854 124660226 124660228);PubChem class - safety and toxic	67108866
80	1	N/A	-262.73037833888156	C7H13NO2	[M - H2O + H]+	HJVMRLXOYGGMIH	InChI=1S/C7H13NO2/c1-4-7(10)5(2)8-6(3)9/h5H,4H2,1-3H3,(H,8,9)	null	CCC(=O)C(C)NC(=O)C	0.200000003	12234061;55286589;88964473	COCONUT:(CNP0295703);Natural Products:(UNPD165869);PubChem:(12234061 55286589 88964473);SuperNatural:(SN00399617);ZINC bio:(ZINC13356394 ZINC13356398)	3186690
81	1	N/A	-263.41193858105555	C7H13NO2	[M - H2O + H]+	MDFCKGGLIZMOJB	InChI=1S/C7H13NO2/c1-3-5-7(9)6(4-2)8-10/h10H,3-5H2,1-2H3	null	CCCC(=O)C(=NO)CC	1.70000005	85782967;101614769	COCONUT:(CNP0136885);Natural Products:(UNPD195412);PubChem:(85782967 101614769);SuperNatural:(SN00311770)	3178498
82	1	N/A	-264.6245413872928	C7H13NO2	[M - H2O + H]+	QKGBRANQIWBMED	InChI=1S/C7H13NO2/c1-10-6-5-8-4-2-3-7(8)9/h2-6H2,1H3	1-(2-Methoxyethyl)pyrrolidin-2-one	COCCN1CCCC1=O	0.0715270191	103911	PubChem:(103911);NORMAN:(NS00056770)	262146
83	1	N/A	-265.2847731956637	C7H13NO2	[M - H2O + H]+	BMWOSLXYXGTLAR	InChI=1S/C7H13NO2/c1-10-7(9)6-8-4-2-3-5-8/h2-6H2,1H3	Methyl 1-pyrrolidineacetate	COC(=O)CN1CCCC1	0.699999988	30903	PubChem:(30903);PubChem class - safety and toxic	67108866
84	1	N/A	-272.1538621303853	C7H13NO2	[M - H2O + H]+	UUMIQEVZUUGRSH	InChI=1S/C7H13NO2/c1-5(2)4-7(8-10)6(3)9/h5,10H,4H2,1-3H3	2,3-Hexanedione, 5-methyl-, 3-oxime	CC(C)CC(=NO)C(=O)C	1.70000005	10464430;20560373;71443027	COCONUT:(CNP0159889);Natural Products:(UNPD172488);PubChem:(10464430 20560373 71443027);SuperNatural:(SN00283827)	3178498
85	1	N/A	-274.9419227174253	C7H13NO2	[M - H2O + H]+	RWJGITGQDQSWJG	InChI=1S/C7H13NO2/c1-3-7(9)8-5-4-6-10-2/h3H,1,4-6H2,2H3,(H,8,9)	ACMC-20akby	COCCCNC(=O)C=C	0.300000012	10290850	PubChem:(10290850);PubChem class - safety and toxic	67108866
86	1	N/A	-276.0604271606245	C7H13NO2	[M - H2O + H]+	IJEQWFCLXUMQSZ	InChI=1S/C7H13NO2/c1-3-7(2)5-8-6(9)4-10-7/h3-5H2,1-2H3,(H,8,9)	null	CCC1(CNC(=O)CO1)C	0.300000012	117159196	COCONUT:(CNP0130864);Natural Products:(UNPD205859);PubChem:(117159196)	2129922
87	1	N/A	-276.60839849789556	C7H13NO2	[M - H2O + H]+	MHUKXKGWSSWCHA	InChI=1S/C7H13NO2/c1-6(8-3-4-8)5-7(9)10-2/h6H,3-5H2,1-2H3	methyl 3-(aziridin-1-yl)butanoate	CC(CC(=O)OC)N1CC1	0.300000012	107221	PubChem:(107221);NORMAN:(NS00047374)	262146
88	1	N/A	-277.6530209874606	C7H13NO2	[M - H2O + H]+	OUHQWZTZDABZTB	InChI=1S/C7H13NO2/c1-2-10-7(9)3-4-8-5-6-8/h2-6H2,1H3	ethyl 3-(aziridin-1-yl)propanoate	CCOC(=O)CCN1CC1	0.200000003	20009	PubChem:(20009);PubChem class - safety and toxic	67108866
89	1	N/A	-287.1705716628187	C7H13NO2	[M - H2O + H]+	ONMRSDGRLVKJMN	InChI=1S/C7H13NO2/c1-7(2)5-10-6(8-7)4-9-3/h4-5H2,1-3H3	4,4-Dimethyl-2-methoxymethyl-2-oxazoline	CC1(COC(=N1)COC)C	0.300000012	3041075	PubChem:(3041075);PubChem class - safety and toxic	67108866
90	1	N/A	-287.90326535205514	C7H13NO2	[M - H2O + H]+	OKPYIWASQZGASP	InChI=1S/C7H13NO2/c1-5(2)7(10)8-4-6(3)9/h6,9H,1,4H2,2-3H3,(H,8,10)	Duxon	CC(CNC(=O)C(=C)C)O	0.300000012	38622;76968841;76968842;87755917	MeSH:(38622);PubChem:(38622 76968841 76968842 87755917);PubMed	70
91	1	N/A	-288.2036746880473	C7H13NO2	[M - H2O + H]+	WCEGPMFZWQIRAR	InChI=1S/C7H13NO2/c1-5(2)8(6(3)9)7(4)10/h5H,1-4H3	N-Isopropydiacetamide	CC(C)N(C(=O)C)C(=O)C	0.300000012	73809	PubChem:(73809);NORMAN:(NS00047667)	262146
92	1	N/A	-290.05892651739475	C7H13NO2	[M - H2O + H]+	MAERDCGMHNPXAL	InChI=1S/C7H13NO2/c1-2-7-8(3-5-9-7)4-6-10-7/h2-6H2,1H3	7a-ethyl-tetrahydro-2H-[1,3]oxazolo[2,3-b][1,3]oxazole	CCC12N(CCO1)CCO2	0.5	321674	PubChem:(321674);PubChem class - safety and toxic	67108866
93	1	N/A	-292.4379272982136	C7H13NO2	[M - H2O + H]+	CMUNUTVVOOHQPW	InChI=1S/C7H13NO2/c1-8(2)5-3-4-6(8)7(9)10/h6H,3-5H2,1-2H3/p+1	stachydrine	C[N+]1(CCCC1C(=O)O)C	0.400000006	554;555;115244;448301;7016562;7016563;117064720	HMDB:(4827);SuperNatural:(SN00268890 SN00335328 SN00002181 SN00003021);ZINC bio:(ZINC01531692 ZINC02528042);additional;MeSH:(115244);PubMed;NORMAN:(NS00015011);COCONUT:(CNP0076252 CNP0085339 CNP0135211);KNApSAcK:(2074);Natural Products:(UNPD166759 UNPD167034 UNPD68042);PubChem:(554 555 115244 448301 7016562 7016563 117064720);CHEBI:(35280 134398 44813);PubChem class - bio and metabolites;KEGG:(C21514 C10172);Training Set;Biocyc:(CPD-17175 CPD-821)	20769150
94	1	N/A	-296.5989868597471	C7H13NO2	[M - H2O + H]+	CNRDGDCLFLAOFB	InChI=1S/C7H13NO2/c1-6(5-7(2)10)8-3-4-9/h5,8-9H,3-4H2,1-2H3	ACMC-20apnp	CC(=CC(=O)C)NCCO	0.400000006	3506622;5846240;12486193	PubChem:(3506622 5846240 12486193);PubChem class - safety and toxic	67108866
95	1	N/A	-297.5322377743875	C7H13NO2	[M - H2O + H]+	MWJLFRXTGYTJPE	InChI=1S/C7H13NO2/c1-4-10-7(9)8-5-6(2)3/h2,4-5H2,1,3H3,(H,8,9)	Ethyl N-(2-methylprop-2-enyl)carbamate	CCOC(=O)NCC(=C)C	1.60000002	4657383	PubChem:(4657383);PubChem class - safety and toxic	67108866
96	1	N/A	-298.0197932110496	C7H13NO2	[M - H2O + H]+	WKUHGFGTMLOSKM	InChI=1S/C7H13NO2/c1-7(2,3)5-4-10-6(9)8-5/h5H,4H2,1-3H3,(H,8,9)	(R)-4-tert-butyl-2-oxazolidinone	CC(C)(C)C1COC(=O)N1	1.5	2734860;3474206;6950844	COCONUT:(CNP0274649);Natural Products:(UNPD35278);PubChem:(2734860 3474206 6950844);SuperNatural:(SN00248388);ZINC bio:(ZINC00396114 ZINC00396115);PubChem class - safety and toxic;PubMed	70295618
97	1	N/A	-306.26177111497634	C7H13NO2	[M - H2O + H]+	CCNBDZFBJCGDIV	InChI=1S/C7H13NO2/c1-7(6(9)10-2)4-3-5-8-7/h8H,3-5H2,1-2H3	Ambcb4042288	CC1(CCCN1)C(=O)OC	0.400000006	10535362;13595679;68014718	PubChem:(10535362 13595679 68014718);PubChem class - safety and toxic	67108866
98	1	N/A	-306.74224410764066	C7H13NO2	[M - H2O + H]+	WJLADXFPIBROFS	InChI=1S/C7H14NO2/c1-7(9)10-6-5-8(2)3-4-8/h3-6H2,1-2H3/q+1	Acetylcholine mustard aziridinium	CC(=O)OCC[N+]1(CC1)C	-0.100000001	37575	PubChem:(37575);MeSH:(37575)	6
99	1	N/A	-307.0385372767181	C7H13NO2	[M - H2O + H]+	KJIHPJGWDQZKCP	InChI=1S/C7H13NO2/c1-8(2)7(10)5-3-4-6-9/h6H,3-5H2,1-2H3	null	CN(C)C(=O)CCCC=O	-0.600000024	45087990	PubChem:(45087990);PubChem class - safety and toxic	67108866
100	1	N/A	-311.5378045942955	C7H13NO2	[M - H2O + H]+	ZRCMGIXRGFOXNT	InChI=1S/C7H13NO2/c1-2-7-3-9-5-8(7)6-10-4-7/h2-6H2,1H3	Oxaban E	CCC12COCN1COC2	0.5	82190	NORMAN:(NS00008070);MeSH:(82190);PubChem class - safety and toxic;PubChem:(82190);PubMed	67371078
101	1	N/A	-311.54901090312507	C7H13NO2	[M - H2O + H]+	GUYHPGUANSLONG	InChI=1S/C7H13NO2/c1-8(2,3)6-4-5-7(9)10/h4-5H,6H2,1-3H3/p+1	Croton betaine	C[N+](C)(C)CC=CC(=O)O	0.100000001	589;590;5280649;5462194;10654378;10654379;71315008;71315009;92854722;131428949	SuperNatural:(SN00265317 SN00345011);ZINC bio:(ZINC00901939);MeSH:(5462194);PubMed;COCONUT:(CNP0058148 CNP0131239);Natural Products:(UNPD191424 UNPD49566 UNPD211546);PubChem:(589 590 5280649 5462194 10654378 10654379 71315008 71315009 92854722 131428949);YMDB Mine;CHEBI:(11946 17237 48867 1774);KEGG:(C04114);PubChem class - safety and toxic;Biocyc:(CROTONO-BETAINE)	34430036326
102	1	N/A	-318.3342847990778	C7H13NO2	[M - H2O + H]+	FIALIDNIKYJWRU	InChI=1S/C7H13NO2/c1-8(2)5-6-3-4-7(9)10-6/h6H,3-5H2,1-2H3	ACMC-20lopk	CN(C)CC1CCC(=O)O1	0.300000012	13129486;13129487;11051777	COCONUT:(CNP0065459);PubChem:(13129486 13129487 11051777);SuperNatural:(SN00135707);ZINC bio:(ZINC39079066)	3153922
103	1	N/A	-318.3499013926576	C7H13NO2	[M - H2O + H]+	HZGHSXQROPQLCJ	InChI=1S/C7H13NO2/c1-6(9)4-5-7(10)8(2)3/h4-5H2,1-3H3	Levulinamide,N-dimethyl-	CC(=O)CCC(=O)N(C)C	-0.699999988	83488	PubChem:(83488);PubChem class - safety and toxic	67108866
104	1	N/A	-320.2956916741752	C7H13NO2	[M - H2O + H]+	SBVKABQEJSQEOZ	InChI=1S/C7H13NO2/c1-3-6(7(9)10-2)8-4-5-8/h6H,3-5H2,1-2H3	Methyl 2-(1''-aziridinyl)butyrate	CCC(C(=O)OC)N1CC1	0.899999976	107096	PubChem:(107096);NORMAN:(NS00064536)	262146
105	1	N/A	-321.24515403840894	C7H13NO2	[M - H2O + H]+	AFRVEOQRRBJDRI	InChI=1S/C7H13NO2/c1-6-5-8-3-4-9-7(8,2)10-6/h6H,3-5H2,1-2H3	Tetrahydro-2,7a-dimethyl-7aH-oxazolo(2,3-b)oxazole	CC1CN2CCOC2(O1)C	0.400000006	98396;7021347;7021348;6950757;6950758;23270387;23270388	NORMAN:(NS00050998);PubChem class - safety and toxic;PubChem:(98396 7021347 7021348 6950757 6950758 23270387 23270388)	67371010
106	1	N/A	-332.34138354190685	C7H13NO2	[M - H2O + H]+	UTADHIFAFYGZKD	InChI=1S/C7H13NO2/c1-6(2)5(9)8-7(3,4)10-6/h1-4H3,(H,8,9)	2,2,5,5-Tetramethyloxazolidin-4-one	CC1(C(=O)NC(O1)(C)C)C	0.5	81301	PubChem:(81301);NORMAN:(NS00045257)	262146
107	1	N/A	-335.06465457918273	C7H13NO2	[M - H2O + H]+	YCKAGGHNUHZKCL	InChI=1S/C7H13NO2/c1-5(2)10-7(9)4-6(3)8/h4-5H,8H2,1-3H3	Isopropyl 3-aminocrotonate	CC(C)OC(=O)C=C(C)N	1.39999998	3271821;5778885;11137274;56842557;90472909	NORMAN:(NS00004896);PubChem class - safety and toxic;PubChem:(3271821 5778885 11137274 56842557 90472909)	67371010
108	1	N/A	-335.27506092820346	C7H13NO2	[M - H2O + H]+	ZTYZRLKALOHAQG	InChI=1S/C7H13NO2/c1-3-7(2)5-8-6(9)4-10-7/h4,8-9H,3,5H2,1-2H3	null	CCC1(CNC(=CO1)O)C	1.20000005	130016429	PubChem:(130016429);COCONUT:(CNP0105405)	2097154
109	1	N/A	-361.2643509575608	C7H13NO2	[M - H2O + H]+	DPBJAVGHACCNRL	InChI=1S/C7H13NO2/c1-4-7(9)10-6-5-8(2)3/h4H,1,5-6H2,2-3H3	Adame	CN(C)CCOC(=O)C=C	0.599082708	17111;6992613	NORMAN:(NS00001817);PubChem class - safety and toxic;PubChem:(17111 6992613);PubMed;ZINC bio:(ZINC01577266)	67379266
110	1	N/A	-391.95983929814525	C7H13NO2	[M - H2O + H]+	NQGKRGQTHRGEEM	InChI=1S/C7H13NO2/c1-6(8(2)3)5-7(9)10-4/h5H,1-4H3	methyl 3-(dimethylamino)but-2-enoate	CC(=CC(=O)OC)N(C)C	0.899999976	2751252;5705358;5963122	COCONUT:(CNP0034913);PubChem:(2751252 5705358 5963122);SuperNatural:(SN00124973);ZINC bio:(ZINC03846669)	3153922
111	1	N/A	-393.5292010129248	C7H13NO2	[M - H2O + H]+	MVUMJYQUKKUOHO	InChI=1S/C7H13NO2/c1-4-10-7(9)5-6-8(2)3/h5-6H,4H2,1-3H3	ethyl 3-dimethylaminoacrylate	CCOC(=O)C=CN(C)C	0.800000012	121015;5357228;5369162	NORMAN:(NS00020730);COCONUT:(CNP0336666);PubChem:(121015 5357228 5369162);SuperNatural:(SN00159897);PubChem class - safety and toxic;PubMed	70516802
1	1	N/A	-108.69151241881868	C7H11NO	[M + H]+	KQWGXHWJMSMDJJ	InChI=1S/C7H11NO/c9-6-8-7-4-2-1-3-5-7/h7H,1-5H2	Epitope ID:120375	C1CCC(CC1)N=C=O	2.79999995	18502;57107529;91462888	NORMAN:(NS00010287);COCONUT:(CNP0140323);PubChem:(18502 57107529 91462888);CHEBI:(136604);HSDB:(3173-53-3);EcoCyc Mine;MeSH:(18502);PubChem class - safety and toxic;PubMed	17249337958
2	1	N/A	-117.13149939707043	C7H11NO	[M + H]+	GROXSGRIVDMIEN	InChI=1S/C7H11NO/c1-4-5-8-7(9)6(2)3/h4H,1-2,5H2,3H3,(H,8,9)	N-Allylmethacrylamide	CC(=C)C(=O)NCC=C	1.10000002	75139	NORMAN:(NS00026979);PubChem class - safety and toxic;PubChem:(75139)	67371010
3	1	N/A	-119.73899877592373	C7H11NO	[M + H]+	DURRSEGFTCZKMK	InChI=1S/C7H11NO/c1-2-5-8-6-3-4-7(8)9/h2H,1,3-6H2	n-allyl-2-pyrrolidone	C=CCN1CCCC1=O	0.738755345	75897	NORMAN:(NS00028218);PubChem class - safety and toxic;PubChem:(75897)	67371010
4	1	N/A	-130.82645001635663	C7H11NO	[M + H]+	NWVJJSXURDQKFU	InChI=1S/C7H11NO/c1-6(7(2)9)4-3-5-8/h6H,3-4H2,1-2H3	4-methyl-5-oxo-hexanenitrile	CC(CCC#N)C(=O)C	0.5	11564477;29937835;29937840	COCONUT:(CNP0043042);PubChem:(11564477 29937835 29937840);ZINC bio:(ZINC22005401 ZINC22005406)	2105346
5	1	N/A	-134.76234348261426	C7H11NO	[M + H]+	OVNCGQSYSSYBPO	InChI=1S/C7H11NO/c1-2-7(9)6-4-3-5-8-6/h2-5H2,1H3	2-Propionylpyrroline	CCC(=O)C1=NCCC1	0.0	529251;71751792	COCONUT:(CNP0077976);HMDB:(34883);PubChem class - food;PubChem:(529251 71751792);ZINC bio:(ZINC13480221);PubChem class - bio and metabolites;PubMed	153100362
6	1	N/A	-137.23920472493486	C7H11NO	[M + H]+	YCTNTSVMJWIYTQ	InChI=1S/C7H11NO/c1-3-6-5(2)4-8-7(6)9/h3-4H2,1-2H3,(H,8,9)	3-Ethyl-4-methyl-3-pyrrolin-2-one	CCC1=C(CNC1=O)C	0.400000006	854146;71316451	NORMAN:(NS00001469);PubChem class - safety and toxic;PubChem:(854146 71316451);KEGG Mine	8657305602
7	1	N/A	-138.30131534710597	C7H11NO	[M + H]+	GNZWXNKZMHJXNU	InChI=1S/C7H11NO/c1-6(9)7-4-2-3-5-8-7/h2-5H2,1H3	2-Acetyl-3,4,5,6-tetrahydropyridine	CC(=O)C1=NCCCC1	-0.100000001	520300;71313002	COCONUT:(CNP0342346);HMDB:(30345);PubChem:(520300 71313002);CHEBI:(59533);ZINC bio:(ZINC13307107);PubChem class - bio and metabolites;PubMed	18882666
8	1	N/A	-140.79902301580356	C7H11NO	[M + H]+	HCCHMKIFYLZSOQ	InChI=1S/C7H11NO/c9-7(5-1-2-5)8-6-3-4-6/h5-6H,1-4H2,(H,8,9)	N-Cyclopropylcyclopropanecarboxamide	C1CC1C(=O)NC2CC2	0.600000024	351205	PubChem:(351205);PubChem class - safety and toxic	67108866
9	1	N/A	-146.6292204601415	C7H11NO	[M + H]+	PMOWTTQUPBFWRL	InChI=1S/C7H11NO/c9-6-8-7-4-2-1-3-5-7/h4,6H,1-3,5H2,(H,8,9)	N-Cyclohexenylformamide	C1CCC(=CC1)NC=O	1.20000005	4144151	PubChem:(4144151);PubChem class - safety and toxic	67108866
10	1	N/A	-156.19862714792907	C7H11NO	[M + H]+	KSSXTPBFMJHPIR	InChI=1S/C7H11NO/c9-7-4-3-6-2-1-5-8(6)7/h6H,1-5H2	Hexahydropyrrolizin-3-one	C1CC2CCC(=O)N2C1	0.300000012	566402;11040701;13546479	COCONUT:(CNP0336616);PubChem:(566402 11040701 13546479);PubMed	2097218
11	1	N/A	-164.5893206761962	C7H11NO	[M + H]+	AEVSLBGUEKOQEE	InChI=1S/C7H11NO/c9-8-7(5-1-2-5)6-3-4-6/h5-6,9H,1-4H2	Dicyclopropyl ketoxime	C1CC1C(=NO)C2CC2	1.10000002	15072	NORMAN:(NS00024732);PubChem class - safety and toxic;PubChem:(15072)	67371010
12	1	N/A	-172.21059223178938	C7H11NO	[M + H]+	HRAOWRVFLSYJKN	InChI=1S/C7H11NO/c1-6(9)7-4-2-3-5-8-7/h4,8H,2-3,5H2,1H3	2-Acetyltetrahydropyridine	CC(=O)C1=CCCCN1	1.10000002	520194	COCONUT:(CNP0423535);Natural Products:(UNPD56138);PubChem:(520194);SuperNatural:(SN00231847);CHEBI:(59534);MeSH:(520194);PubMed	3178598
13	1	N/A	-173.59346709701063	C7H11NO	[M + H]+	MXZMACXOMZKYHJ	InChI=1S/C7H11NO/c1-7(2,3)6(9)4-5-8/h4H2,1-3H3	cyanopinacolone	CC(C)(C)C(=O)CC#N	1.20000005	108871;58846794;122399214	NORMAN:(NS00034278);PubChem class - safety and toxic;PubChem:(108871 58846794 122399214);PubMed	67371074
14	1	N/A	-175.02447792685612	C7H11NO	[M + H]+	ZFODTVHJGBCNSI	InChI=1S/C7H11NO/c1-6-3-2-4-7(5-6)8-9/h5,9H,2-4H2,1H3	2-Cyclohexen-1-one, 3-methyl-, oxime	CC1=CC(=NO)CCC1	1.10000002	12575944;11804758;73110174	COCONUT:(CNP0170779);Natural Products:(UNPD25395);PubChem:(12575944 11804758 73110174);SuperNatural:(SN00275447);PubMed	3178562
15	1	N/A	-175.59109796146996	C7H11NO	[M + H]+	ZKMZPXWMMSBLNO	InChI=1S/C7H11NO/c9-7-5-8-3-1-6(7)2-4-8/h6H,1-5H2	Quinuclidone	C1CN2CCC1C(=O)C2	0.300000012	19507;5256165;10630495;76974490;131859903	NORMAN:(NS00001279);PubChem:(19507 5256165 10630495 76974490 131859903);ZINC bio:(ZINC00164555);MeSH:(19507);PubChem class - safety and toxic;PubMed	67379270
16	1	N/A	-176.09949579265165	C7H11NO	[M + H]+	VAYKBFIOVFAGDY	InChI=1S/C7H11NO/c1-6(2)3-7(4-8)5-9/h5-7H,3H2,1-2H3	null	CC(C)CC(C=O)C#N	1.29999995	61647518;124425287;124425288	PubChem:(61647518 124425287 124425288);PubChem class - safety and toxic	67108866
17	1	N/A	-185.09852442291174	C7H11NO	[M + H]+	JBCRNGVTLQWOOW	InChI=1S/C7H11NO/c1-8-6-3-2-4-7(9)5-6/h5,8H,2-4H2,1H3	3-(methylamino)cyclohex-2-en-1-one	CNC1=CC(=O)CCC1	0.600000024	2751256	COCONUT:(CNP0160818);PubChem:(2751256);SuperNatural:(SN00133126);ZINC bio:(ZINC13406399)	3153922
18	1	N/A	-193.04567045963563	C7H11NO	[M + H]+	HKJVKIURQSVEQB	InChI=1S/C7H11NO/c1-7(2,6-9)4-3-5-8/h6H,3-4H2,1-2H3	4-Formyl-4-methylvaleronitrile	CC(C)(CCC#N)C=O	0.600000024	80231	NORMAN:(NS00034676);PubChem:(80231);KEGG Mine	8590196738
19	1	N/A	-196.29656923262937	C7H11NO	[M + H]+	BQZQFUAFWCZNSD	InChI=1S/C7H11NO/c9-8-7-3-1-2-5-4-6(5)7/h5-6,9H,1-4H2	2-Norcaranone, oxime	C1CC2CC2C(=NO)C1	1.29999995	199663;5492825;9578370	PubChem:(199663 5492825 9578370);PubChem class - safety and toxic	67108866
20	1	N/A	-198.2361011507931	C7H11NO	[M + H]+	OUTDGRREBULAEH	InChI=1S/C7H11NO/c1-5-2-6(8)4-7(9)3-5/h4-5H,2-3,8H2,1H3	3-Amino-5-methyl-cyclohex-2-enone	CC1CC(=CC(=O)C1)N	0.400000006	3016877;30033435;30033437	NORMAN:(NS00056624);PubChem:(3016877 30033435 30033437);PubMed	262210
21	1	N/A	-200.78342741906533	C7H11NO	[M + H]+	CVVVRVRQWUMYNX	InChI=1S/C7H11NO/c1-3-5-8(7-9)6-4-2/h3-4,7H,1-2,5-6H2	Diallylformamide	C=CCN(CC=C)C=O	1.0	246338	PubChem:(246338);PubChem class - safety and toxic	67108866
22	1	N/A	-208.50284786122657	C7H11NO	[M + H]+	WFYPDOYHAZFTIR	InChI=1S/C7H11NO/c9-7-5-8-3-1-2-6(7)4-8/h6H,1-5H2	1-azabicyclo[3.2.1]octan-6-one	C1CC2CN(C1)CC2=O	0.300000012	418347;14742558;14742559	PubChem:(418347 14742558 14742559);PubChem class - safety and toxic	67108866
23	1	N/A	-227.24850256991834	C7H11NO	[M + H]+	MFPCXQNVYPKUSM	InChI=1S/C7H11NO/c8-5-6-3-1-2-4-7(6)9/h6-7,9H,1-4H2	ACMC-20mrhj	C1CCC(C(C1)C#N)O	1.29999995	543100;2724649;12478723;10975486;11263500;131561683	PubChem:(543100 2724649 12478723 10975486 11263500 131561683);PubChem class - safety and toxic	67108866
24	1	N/A	-233.5837883537751	C7H11NO	[M + H]+	LEIYRDQWDXPNJY	InChI=1S/C7H11NO/c8-5-4-7-3-1-2-6-9-7/h7H,1-4,6H2	2-(oxan-2-yl)acetonitrile	C1CCOC(C1)CC#N	0.699999988	13390176;93204499;93204500	PubChem:(13390176 93204499 93204500);PubChem class - safety and toxic	67108866
25	1	N/A	-236.90250807440648	C7H11NO	[M + H]+	ZDBRPNZOTCHLSP	InChI=1S/C7H11NO/c8-6-7(9)4-2-1-3-5-7/h9H,1-5H2	Cyclohexanone cyanohydrin	C1CCC(CC1)(C#N)O	0.899999976	13610	NORMAN:(NS00039531);PubChem class - safety and toxic;PubChem:(13610)	67371010
26	1	N/A	-242.89876987855672	C7H11NO	[M + H]+	OKDZHAQIKCVKFE	InChI=1S/C7H11NO/c1-2-3-8-4-6-9-7-5-8/h1H,3-7H2	4-prop-2-ynylmorpholine	C#CCN1CCOCC1	0.0	412941;6947645	PubChem class - safety and toxic;PubChem:(412941 6947645);PubMed	67108930
27	1	N/A	-257.4935610132619	C7H11NO	[M + H]+	NOOGOFXIJNDWRH	InChI=1S/C7H11NO/c1-2-3-4-8-7-5-9-6-7/h1,7-8H,3-6H2	null	C#CCCNC1COC1	0.100000001	64086138	PubChem:(64086138);PubChem class - safety and toxic	67108866
28	1	N/A	-259.60961967051287	C7H11NO	[M + H]+	QWYZDNYETGLKEE	InChI=1S/C7H11NO/c1-2-5-3-4-6(8)7(5)9/h8-9H,2-4H2,1H3	null	CCC1=C(C(=N)CC1)O	0.800000012	129720151	COCONUT:(CNP0002638);HMDB:(39583);PubChem:(129720151);PubChem class - bio and metabolites	18874378
29	1	N/A	-286.50695027971875	C7H11NO	[M + H]+	LCYOFVYHDBWYSI	InChI=1S/C7H11NO/c1-4-7-8-5(2)6(3)9-7/h4H2,1-3H3	2-Ethyl-4,5-dimethyloxazole	CCC1=NC(=C(O1)C)C	2.0	62069	NORMAN:(NS00022329);COCONUT:(CNP0177649);HMDB:(37865);PubChem class - food;PubChem:(62069);PubChem class - bio and metabolites;PubChem class - safety and toxic	220463114
30	1	N/A	-290.1299177515059	C7H11NO	[M + H]+	BUOGNIOVIYHMFO	InChI=1S/C7H11NO/c1-3-4-7-8-6(2)5-9-7/h5H,3-4H2,1-2H3	Oxazole, 4-methyl-2-propyl	CCCC1=NC(=CO1)C	1.89999998	528409	COCONUT:(CNP0002751);HMDB:(37854);PubChem:(528409);PubChem class - bio and metabolites	18874378
31	1	N/A	-299.2789433499608	C7H11NO	[M + H]+	YZZBROGKUWYQOL	InChI=1S/C7H11NO/c1-4-7-5(2)9-6(3)8-7/h4H2,1-3H3	2,5-Dimethyl-4-ethyloxazole	CCC1=C(OC(=N1)C)C	2.0	121694	NORMAN:(NS00050341);COCONUT:(CNP0331848);HMDB:(37866);PubChem class - food;PubChem:(121694);PubChem class - bio and metabolites;YMDB:(1499)	153419786
32	1	N/A	-299.4509765935047	C7H11NO	[M + H]+	RNLOKHYLXARFPN	InChI=1S/C7H11NO/c1-3-4-7-5-9-6(2)8-7/h5H,3-4H2,1-2H3	Oxazole, 2-methyl-4-propyl	CCCC1=COC(=N1)C	1.89999998	528406	COCONUT:(CNP0002752);HMDB:(37853);PubChem:(528406);PubChem class - bio and metabolites	18874378
33	1	N/A	-303.1084948969032	C7H11NO	[M + H]+	XOOCKFZHDAFKNK	InChI=1S/C7H11NO/c1-4-7-5(2)8-6(3)9-7/h4H2,1-3H3	2,4-dimethyl-5-ethyloxazole	CCC1=C(N=C(O1)C)C	2.0	525776	COCONUT:(CNP0002748);HMDB:(37867);YMDB:(1500);PubChem:(525776);PubChem class - bio and metabolites	18939914
34	1	N/A	-312.186157682197	C7H11NO	[M + H]+	NZRDFBNIWMSPHP	InChI=1S/C7H11NO/c1-3-4-7-8-5-6(2)9-7/h5H,3-4H2,1-2H3	Oxazole, 5-methyl-2-propyl	CCCC1=NC=C(O1)C	1.89999998	529034	COCONUT:(CNP0183724);HMDB:(37861);PubChem:(529034);PubChem class - bio and metabolites	18874378
35	1	N/A	-318.21933593292385	C7H11NO	[M + H]+	NREHHAUYDCWOQF	InChI=1S/C7H11NO/c1-2-3-4-7-5-9-6-8-7/h5-6H,2-4H2,1H3	4-butyl-1,3-oxazole	CCCCC1=COC=N1	2.0999999	17979794	COCONUT:(CNP0003922);HMDB:(38288);PubChem:(17979794);PubChem class - bio and metabolites	18874378
36	1	N/A	-330.7824708162402	C7H11NO	[M + H]+	OEDUIZIHFYJRDQ	InChI=1S/C7H11NO/c1-3-4-7-6(2)8-5-9-7/h5H,3-4H2,1-2H3	4-Methyl-5-propyloxazole	CCCC1=C(N=CO1)C	1.89999998	214134	PubChem:(214134);PubChem class - safety and toxic	67108866
37	1	N/A	-333.7536181608034	C7H11NO	[M + H]+	DDDRMAQEYHTVNK	InChI=1S/C7H11NO/c1-3-4-7-5-8-6(2)9-7/h5H,3-4H2,1-2H3	Oxazole, 2-methyl-5-propyl	CCCC1=CN=C(O1)C	1.89999998	529029	COCONUT:(CNP0059425);HMDB:(37860);PubChem:(529029);PubChem class - bio and metabolites	18874378
38	1	N/A	-336.7328314927682	C7H11NO	[M + H]+	GHATXKUOUZLMGN	InChI=1S/C7H11NO/c1-6-3-4-7(9-6)5-8-2/h3-4,8H,5H2,1-2H3	Ambcb4004552	CC1=CC=C(O1)CNC	0.800000012	2416531;2416532	PubChem class - safety and toxic;PubChem:(2416531 2416532);PubMed	67108930
39	1	N/A	-338.1951748235114	C7H11NO	[M + H]+	IQWHXRKZJXFLTB	InChI=1S/C7H11NO/c1-3-6-5-8-7(4-2)9-6/h5H,3-4H2,1-2H3	2,5-Diethyloxazole	CCC1=CN=C(O1)CC	2.0	3016237	PubChem:(3016237);NORMAN:(NS00056014)	262146
40	1	N/A	-344.8641307067406	C7H11NO	[M + H]+	OFYZSXCCMHLAMU	InChI=1S/C7H11NO/c1-7(8)5-3-2-4-6(7)9/h2-6,9H,8H2,1H3	6-amino-6-methylcyclohexa-2,4-dien-1-ol	CC1(C=CC=CC1O)N	-0.100000001	19762736	PubChem:(19762736);NORMAN:(NS00056411)	262146
41	1	N/A	-354.30746287811917	C7H11NO	[M + H]+	HVDQDMRCRULNJN	InChI=1S/C7H11NO/c1-2-3-4-7-5-8-6-9-7/h5-6H,2-4H2,1H3	Oxazole, 5-butyl-	CCCCC1=CN=CO1	2.0999999	18000835	COCONUT:(CNP0072036);HMDB:(38289);PubChem:(18000835);PubMed;PubChem class - bio and metabolites	18874442
42	1	N/A	-355.071986106052	C7H11NO	[M + H]+	KOFWQYALAZVVGL	InChI=1S/C7H11NO/c1-6-2-3-7(9-6)4-5-8/h2-3H,4-5,8H2,1H3	Ambcb4004579	CC1=CC=C(O1)CCN	0.699999988	14933778	PubChem:(14933778);PubChem class - safety and toxic	67108866
43	1	N/A	-361.9141496702589	C7H11NO	[M + H]+	AGQXLVABIKZJJG	InChI=1S/C7H11NO/c1-5-3-7(4-8)6(2)9-5/h3H,4,8H2,1-2H3	3-Furanmethanamine,2,5-dimethyl-	CC1=CC(=C(O1)C)CN	0.600000024	2776162;6932007	PubChem:(2776162 6932007);PubChem class - bio and metabolites	16777218
44	1	N/A	-385.3337394166431	C7H11NO	[M + H]+	XEWUTPKFVOPDCL	InChI=1S/C7H11NO/c1-5-3-4-7(9-5)6(2)8/h3-4,6H,8H2,1-2H3	1-(5-methyl-2-furyl)ethanamine	CC1=CC=C(O1)C(C)N	0.699999988	3964808;7047670;7047671;7047672;7047673	PubChem:(3964808 7047670 7047671 7047672 7047673);PubChem class - safety and toxic	67108866
45	1	N/A	-392.54228646293245	C7H11NO	[M + H]+	IDUAQSPIDXGMKI	InChI=1S/C7H11NO/c1-6(8)5-7-3-2-4-9-7/h2-4,6H,5,8H2,1H3	1-(2-furyl)prop-2-ylamine	CC(CC1=CC=CO1)N	0.876902521	2772203;7061610;7061611;7061612;7061613	PubChem class - safety and toxic;PubChem:(2772203 7061610 7061611 7061612 7061613);YMDB Mine;PubMed	34426847298
46	1	N/A	-394.62537382193807	C7H11NO	[M + H]+	QJUUNWWMGCTOEN	InChI=1S/C7H11NO/c1-5-4-9-6(2)7(5)3-8/h4H,3,8H2,1-2H3	(2,4-dimethyl-3-furyl)methylamine	CC1=COC(=C1CN)C	0.600000024	33698446	PubChem:(33698446);PubChem class - safety and toxic	67108866
47	1	N/A	-396.46832127491075	C7H11NO	[M + H]+	ORCXGLCMROHGOM	InChI=1S/C7H11NO/c9-7-3-6-8-4-1-2-5-8/h1-2,4-5,9H,3,6-7H2	1-(3-Hydroxypropyl)pyrrole	C1=CN(C=C1)CCCO	0.300000012	12794991	PubChem:(12794991);PubChem class - safety and toxic	67108866
48	1	N/A	-406.94896971753246	C7H11NO	[M + H]+	VFIAOIVGTFADLM	InChI=1S/C7H11NO/c1-8(2)6-7-4-3-5-9-7/h3-5H,6H2,1-2H3	N,N-dimethyl-2-Furanmethanamine	CN(C)CC1=CC=CO1	0.975596786	84478	PubChem:(84478);NORMAN:(NS00055068)	262146
49	1	N/A	-421.30574586023596	C7H11NO	[M + H]+	GOYSWVUGDCGCPI	InChI=1S/C7H11NO/c1-7(2,3)6-4-5-8-9-6/h4-5H,1-3H3	5-tert-butyl-1,2-oxazole	CC(C)(C)C1=CC=NO1	2.0999999	3304353	PubChem:(3304353);PubChem class - safety and toxic	67108866