structureRankPerFormula	formulaRank	ConfidenceScore	CSI:FingerIDScore	molecularFormula	adduct	InChIkey2D	InChI	name	smiles	xlogp	pubchemids	links	dbflags
1	1	N/A	-309.62526984142823	C13H23N5O4	[M - H2O + H]+	FSNZRWROIZLOHQ	InChI=1S/C13H23N5O4/c1-8(2)7-9(11(14)19)15-12(20)10-5-4-6-18(10)13(21)17(3)16-22/h8-10H,4-7H2,1-3H3,(H2,14,19)(H,15,20)	N-Methyl N-nitrosocarbamoyl L-prolyl L-leucinamide	CC(C)CC(C(=O)N)NC(=O)C1CCCN1C(=O)N(C)N=O	0.653253555	3068453	PubChem:(3068453);PubChem class - safety and toxic	67108866
2	1	N/A	-342.98643749398724	C13H23N5O4	[M - H2O + H]+	QSUZCTIEYRHTJE	InChI=1S/C13H23N5O4/c1-8(2)7-9(11(20)15-4-3-10(14)19)17-13(22)18-6-5-16-12(18)21/h8-9H,3-7H2,1-2H3,(H2,14,19)(H,15,20)(H,16,21)(H,17,22)	null	CC(C)CC(C(=O)NCCC(=O)N)NC(=O)N1CCNC1=O	-0.600000024	126843298	MeSH:(126843298);PubChem:(126843298);PubMed	70
3	1	N/A	-486.055945086353	C13H23N5O4	[M - H2O + H]+	CMYPOPGXUHWIBA	InChI=1S/C13H23N5O4/c14-9-3-4-10(18(7-9)13(21)22)12(20)17-16-11(19)8-2-1-5-15-6-8/h8-10,15H,1-7,14H2,(H,16,19)(H,17,20)(H,21,22)	null	C1CC(CNC1)C(=O)NNC(=O)C2CCC(CN2C(=O)O)N	-3.9000001	134693786	PubChem:(134693786);PubChem class - bio and metabolites	16777218
1	1	0.15549884673406067	-181.5634850841495	C13H21N5O3	[M + H]+	JEFACAYAIKTYII	InChI=1S/C13H21N5O3/c1-4-9(7-19)14-5-6-18-8-15-11-10(18)12(20)17(3)13(21)16(11)2/h8-9,14,19H,4-7H2,1-3H3	ACMC-20dcal	CCC(CO)NCCN1C=NC2=C1C(=O)N(C(=O)N2C)C	-0.0925564468	194800;14211102;14211103	MeSH:(194800);PubChem:(194800 14211102 14211103);PubMed	70
2	1	N/A	-207.2584510348844	C13H21N5O3	[M + H]+	JEIXWSNFABFYFF	InChI=1S/C13H21N5O3/c1-8(2)4-6-18-9-10(15-12(18)14-5-7-19)17(3)13(21)16-11(9)20/h8,19H,4-7H2,1-3H3,(H,14,15)(H,16,20,21)	Oprea1_120982	CC(C)CCN1C2=C(N=C1NCCO)N(C(=O)NC2=O)C	0.600000024	3145100	COCONUT:(CNP0284085);PubChem:(3145100);ZINC bio:(ZINC01902615)	2105346
3	1	N/A	-263.0396034520013	C13H21N5O3	[M + H]+	LIYPIYBPJXKPIV	InChI=1S/C13H21N5O3/c1-15(2)7-6-8-21-12-14-10-9(16(12)3)11(19)18(5)13(20)17(10)4/h6-8H2,1-5H3	65497-24-7 (hydrochloride)	CN1C2=C(N=C1OCCCN(C)C)N(C(=O)N(C2=O)C)C	0.300000012	133294;6992721	COCONUT:(CNP0069771 CNP0215853);PubChem:(133294 6992721);SuperNatural:(SN00085792);ZINC bio:(ZINC12427982);MeSH:(133294);PubMed	3153990
4	1	N/A	-417.1608588379566	C13H21N5O3	[M + H]+	BLZIYDWBKOOBIK	InChI=1S/C13H21N5O3/c19-13(20)11-4-10-3-8(1-2-9(10)5-14-11)6-21-7-12-15-17-18-16-12/h8-11,14H,1-7H2,(H,19,20)(H,15,16,17,18)	6-(2H-tetrazol-5-ylmethoxymethyl)-1,2,3,4,4a,5,6,7,8,8a-decahydroisoquinoline-3-carboxylic acid	C1CC2CNC(CC2CC1COCC3=NNN=N3)C(=O)O	-2.20000005	5311255;9882623;22380551;53689069;57340714;59364514;68540887;91011124	MeSH:(9882623 57340714);PubChem:(5311255 9882623 22380551 53689069 57340714 59364514 68540887 91011124);PubMed	70
5	1	N/A	-423.3991957462412	C13H21N5O3	[M + H]+	MEEUHSCASLJTEB	InChI=1S/C13H21N5O3/c1-8(2)14-5-9(19)6-21-13-16-11-10(12(20)18(13)4)17(3)7-15-11/h7-9,14,19H,5-6H2,1-4H3	2-[2-hydroxy-3-(propan-2-ylamino)propoxy]-1,7-dimethylpurin-6-one	CC(C)NCC(COC1=NC2=C(C(=O)N1C)N(C=N2)C)O	-0.200000003	904713;904714;3717033;3884048;7068040;7068041	COCONUT:(CNP0062274 CNP0407979);PubChem:(904713 904714 3717033 3884048 7068040 7068041);SuperNatural:(SN00064983 SN00064984);ZINC bio:(ZINC03984207 ZINC03984208)	3153922