formulaRank	molecularFormula	adduct	precursorFormula	ZodiacScore	SiriusScore	TreeScore	IsotopeScore	numExplainedPeaks	explainedIntensity	medianMassErrorFragmentPeaks(ppm)	medianAbsoluteMassErrorFragmentPeaks(ppm)	massErrorPrecursor(ppm)	lipidClass
1	C4H8N2O3	[M + K]+	C4H8N2O3	0.971356783919598	4.852562791091226	1.0	3.852562791091226	1	0.0	NaN	NaN	-0.5860022934383509	
2	C7H4N2O2	[M + Na]+	C7H4N2O2	0.020100502512562814	1.0	1.0	0.0	1	0.0	NaN	NaN	0.3036659871096653	
3	C5H9O3P	[M + Na]+	C5H9O3P	0.0050251256281407045	-0.039784143304748554	-0.6094379124341003	0.5696537691293517	1	0.0	NaN	NaN	-9.364462623935141	
4	C6H9ClO2	[M + Na]+	C6H9ClO2	0.0035175879396984926	-0.6094379124341003	-0.6094379124341003	0.0	1	0.0	NaN	NaN	-10.39611716269435	
