structureRankPerFormula	formulaRank	ConfidenceScore	CSI:FingerIDScore	molecularFormula	adduct	InChIkey2D	InChI	name	smiles	xlogp	pubchemids	links	dbflags
1	1	0.34003536078897517	-11.785521488068344	C22H20O12	[M + H]+	GVEZRDBRYNJUDQ	InChI=1S/C22H20O12/c1-31-19-13(33-22-18(28)16(26)17(27)20(34-22)21(29)30)7-12-14(15(19)25)10(24)6-11(32-12)8-2-4-9(23)5-3-8/h2-7,16-18,20,22-23,25-28H,1H3,(H,29,30)	Hispidulin 7-glucuronide	COC1=C(C=C2C(=C1O)C(=O)C=C(O2)C3=CC=C(C=C3)O)OC4C(C(C(C(O4)C(=O)O)O)O)O	1.10000002	5318059;11972365;17981428;21550835;44258434;57131440	COCONUT:(CNP0131952 CNP0149241);HMDB:(128594);KNApSAcK:(4232);Natural Products:(UNPD8078 UNPD63312);PubChem:(5318059 11972365 17981428 21550835 44258434 57131440);SuperNatural:(SN00261995 SN00029091 SN00388966);ZINC bio:(ZINC31160567);additional;PubChem class - bio and metabolites;Training Set;KEGG Mine	8610439194
2	1	N/A	-22.878022726870523	C22H20O12	[M + H]+	WTHYTVWPNNGBRR	InChI=1S/C22H20O12/c1-31-19-14-10(24)6-11(8-2-4-9(23)5-3-8)32-12(14)7-13(15(19)25)33-22-18(28)16(26)17(27)20(34-22)21(29)30/h2-7,16-18,20,22-23,25-28H,1H3,(H,29,30)	null	COC1=C2C(=CC(=C1O)OC3C(C(C(C(O3)C(=O)O)O)O)O)OC(=CC2=O)C4=CC=C(C=C4)O	0.5	131834912	HMDB:(128603);PubChem:(131834912);PubChem class - bio and metabolites	16777226
3	1	N/A	-27.778679124546944	C22H20O12	[M + H]+	DUSDLJYRELRHJJ	InChI=1S/C22H20O12/c1-31-18-13(33-22-17(28)15(26)16(27)20(34-22)21(29)30)7-11(25)14-10(24)6-12(32-19(14)18)8-2-4-9(23)5-3-8/h2-7,15-17,20,22-23,25-28H,1H3,(H,29,30)	null	COC1=C(C=C(C2=C1OC(=CC2=O)C3=CC=C(C=C3)O)O)OC4C(C(C(C(O4)C(=O)O)O)O)O	0.363546669	""	COCONUT:(CNP0131421);Natural Products:(UNPD204689)	2129920
4	1	N/A	-36.09466766075009	C22H20O12	[M + H]+	HAXOQWMFOJFICQ	InChI=1S/C22H20O12/c1-31-19-11(24)7-13-14(15(19)25)10(23)6-12(33-13)8-2-4-9(5-3-8)32-22-18(28)16(26)17(27)20(34-22)21(29)30/h2-7,16-18,20,22,24-28H,1H3,(H,29,30)	null	COC1=C(C2=C(C=C1O)OC(=CC2=O)C3=CC=C(C=C3)OC4C(C(C(C(O4)C(=O)O)O)O)O)O	1.10000002	131834906	HMDB:(128596);PubChem:(131834906);PubChem class - bio and metabolites	16777226
5	1	N/A	-44.57573281314121	C22H20O12	[M + H]+	COHYXLXOTCUVTQ	InChI=1S/C22H20O12/c1-31-9-4-2-8(3-5-9)11-6-10(23)14-12(32-11)7-13(15(24)16(14)25)33-22-19(28)17(26)18(27)20(34-22)21(29)30/h2-7,17-20,22,24-28H,1H3,(H,29,30)	Clerodendroside	COC1=CC=C(C=C1)C2=CC(=O)C3=C(C(=C(C=C3O2)OC4C(C(C(C(O4)C(=O)O)O)O)O)O)O	1.10000002	5315969;11968369;44258462	COCONUT:(CNP0127430 CNP0145803);KNApSAcK:(10279);Natural Products:(UNPD185788 UNPD7413);PubChem:(5315969 11968369 44258462);SuperNatural:(SN00285624 SN00233616 SN00162000)	3178514
6	1	N/A	-44.71939232815818	C22H20O12	[M + H]+	NJNZENQRJSGXPU	InChI=1S/C22H20O12/c1-31-19-14-10(24)6-12(8-2-4-9(23)5-3-8)32-13(14)7-11(25)18(19)33-22-17(28)15(26)16(27)20(34-22)21(29)30/h2-7,15-17,20,22-23,25-28H,1H3,(H,29,30)	null	COC1=C(C(=CC2=C1C(=O)C=C(O2)C3=CC=C(C=C3)O)O)OC4C(C(C(C(O4)C(=O)O)O)O)O	0.5	131834913	HMDB:(128604);PubChem:(131834913);PubChem class - bio and metabolites	16777226
7	1	N/A	-46.948334426185276	C22H20O12	[M + H]+	UOFOUFHUMHCTNI	InChI=1S/C22H20O12/c1-31-18-11(25)7-13-14(10(24)6-12(32-13)8-2-4-9(23)5-3-8)19(18)33-22-17(28)15(26)16(27)20(34-22)21(29)30/h2-7,15-17,20,22-23,25-28H,1H3,(H,29,30)	null	COC1=C(C2=C(C=C1O)OC(=CC2=O)C3=CC=C(C=C3)O)OC4C(C(C(C(O4)C(=O)O)O)O)O	0.5	131834905	HMDB:(128595);PubChem:(131834905);PubChem class - bio and metabolites	16777226
8	1	N/A	-49.448407340457926	C22H20O12	[M + H]+	VLYLVFHVHHGXHX	InChI=1S/C22H20O12/c1-31-14-4-8(2-3-10(14)23)13-7-12(25)16-11(24)5-9(6-15(16)33-13)32-22-19(28)17(26)18(27)20(34-22)21(29)30/h2-7,17-20,22-24,26-28H,1H3,(H,29,30)	Luteolin 3''-methyl ether 7-glucuronide	COC1=C(C=CC(=C1)C2=CC(=O)C3=C(C=C(C=C3O2)OC4C(C(C(C(O4)C(=O)O)O)O)O)O)O	1.10000002	14630703;44559827;44258187	COCONUT:(CNP0182081);KNApSAcK:(4339);Natural Products:(UNPD88822 UNPD120042);PubChem:(14630703 44559827 44258187);SuperNatural:(SN00295415 SN00306189);PubMed;KEGG Mine	8593113170
9	1	N/A	-50.71008972415648	C22H20O12	[M + H]+	KZMZTZKFLKRTMB	InChI=1S/C22H20O12/c1-31-19-13(33-22-18(28)16(26)17(27)20(34-22)21(29)30)7-12-14(15(19)25)10(24)6-11(32-12)8-4-2-3-5-9(8)23/h2-7,16-18,20,22-23,25-28H,1H3,(H,29,30)	null	COC1=C(C=C2C(=C1O)C(=O)C=C(O2)C3=CC=CC=C3O)OC4C(C(C(C(O4)C(=O)O)O)O)O	1.10000002	44715836;75061300	COCONUT:(CNP0063162);HMDB:(137318);PubChem:(44715836 75061300);SuperNatural:(SN00034097);ZINC bio:(ZINC35465016);additional;PubChem class - bio and metabolites	20455434
10	1	N/A	-51.56198469793614	C22H20O12	[M + H]+	XCKMDTYMOHXUHG	InChI=1S/C22H20O12/c1-31-13-3-2-8(4-10(13)23)14-7-12(25)16-11(24)5-9(6-15(16)33-14)32-22-19(28)17(26)18(27)20(34-22)21(29)30/h2-7,17-20,22-24,26-28H,1H3,(H,29,30)	Luteolin 4''-methyl ether 7-glucuronide	COC1=C(C=C(C=C1)C2=CC(=O)C3=C(C=C(C=C3O2)OC4C(C(C(C(O4)C(=O)O)O)O)O)O)O	1.10000002	44258222;54462250;68852783;74977725	COCONUT:(CNP0281291);HMDB:(37452);KNApSAcK:(4358);Natural Products:(UNPD1517 UNPD123857 UNPD153861);PubChem:(44258222 54462250 68852783 74977725);SuperNatural:(SN00257656 SN00396028 SN00254124);PubChem class - bio and metabolites;PubMed;KEGG Mine	8609890394
11	1	N/A	-58.01809837937178	C22H20O12	[M + H]+	RXJIBSHXUHYYPS	InChI=1S/C22H20O12/c1-31-9-4-2-8(3-5-9)12-6-10(23)14-11(24)7-13(15(25)19(14)32-12)33-22-18(28)16(26)17(27)20(34-22)21(29)30/h2-7,16-18,20,22,24-28H,1H3,(H,29,30)	null	COC1=CC=C(C=C1)C2=CC(=O)C3=C(O2)C(=C(C=C3O)OC4C(C(C(C(O4)C(=O)O)O)O)O)O	1.10000002	131836375	HMDB:(130185);PubChem:(131836375);PubChem class - bio and metabolites	16777226
12	1	N/A	-58.078902490655835	C22H20O12	[M + H]+	VATVKLJSQQBZTF	InChI=1S/C22H20O12/c1-31-12-3-2-8(13-7-11(25)16-10(24)5-9(23)6-15(16)32-13)4-14(12)33-22-19(28)17(26)18(27)20(34-22)21(29)30/h2-7,17-20,22-24,26-28H,1H3,(H,29,30)	null	COC1=C(C=C(C=C1)C2=CC(=O)C3=C(C=C(C=C3O2)O)O)OC4C(C(C(C(O4)C(=O)O)O)O)O	1.10000002	102109980;126456553;131837262	HMDB:(133340);PubChem:(102109980 126456553 131837262);PubChem class - bio and metabolites	16777226
13	1	N/A	-61.788066775395485	C22H20O12	[M + H]+	IHCRARJDQDUJQU	InChI=1S/C22H20O12/c1-31-10-5-3-2-4-8(10)11-6-9(23)14-12(32-11)7-13(15(24)16(14)25)33-22-19(28)17(26)18(27)20(34-22)21(29)30/h2-7,17-20,22,24-28H,1H3,(H,29,30)	(2S,3S,4S,5R,6S)-6-[5,6-dihydroxy-2-(2-methoxyphenyl)-4-oxochromen-7-yl]oxy-3,4,5-trihydroxyoxane-2-carboxylic acid	COC1=CC=CC=C1C2=CC(=O)C3=C(C(=C(C=C3O2)OC4C(C(C(C(O4)C(=O)O)O)O)O)O)O	1.10000002	11762528	COCONUT:(CNP0417117);Natural Products:(UNPD105639);PubChem:(11762528);SuperNatural:(SN00375219)	3178498
14	1	N/A	-61.853446613072826	C22H20O12	[M + H]+	VKCSAKLKEPCSFV	InChI=1S/C22H20O12/c1-31-12-3-2-8(4-10(12)24)13-7-11(25)16-14(32-13)5-9(23)6-15(16)33-22-19(28)17(26)18(27)20(34-22)21(29)30/h2-7,17-20,22-24,26-28H,1H3,(H,29,30)	null	COC1=C(C=C(C=C1)C2=CC(=O)C3=C(O2)C=C(C=C3OC4C(C(C(C(O4)C(=O)O)O)O)O)O)O	0.5	68773192;77570265	HMDB:(133339);PubChem:(68773192 77570265);PubChem class - bio and metabolites	16777226
15	1	N/A	-62.42255234650641	C22H20O12	[M + H]+	LPYOOEHZOVSGIO	InChI=1S/C22H20O12/c1-31-18-13(33-22-17(28)15(26)16(27)20(34-22)21(29)30)7-11(25)14-10(24)6-12(32-19(14)18)8-4-2-3-5-9(8)23/h2-7,15-17,20,22-23,25-28H,1H3,(H,29,30)	5,7,2''-Trihydroxy-8-methoxyflavone 7-glucuronide	COC1=C(C=C(C2=C1OC(=CC2=O)C3=CC=CC=C3O)O)OC4C(C(C(C(O4)C(=O)O)O)O)O	1.10000002	12989336;15101163;44258540	COCONUT:(CNP0170132);Natural Products:(UNPD103356);PubChem:(12989336 15101163 44258540);SuperNatural:(SN00343765)	3178498
16	1	N/A	-67.72065026939848	C22H20O12	[M + H]+	ZMYPSKWZWWORAM	InChI=1S/C22H20O12/c1-31-9-4-2-8(3-5-9)13-7-11(24)14-10(23)6-12(25)18(19(14)32-13)33-22-17(28)15(26)16(27)20(34-22)21(29)30/h2-7,15-17,20,22-23,25-28H,1H3,(H,29,30)	Isoscutellarein 4''-methyl ether 8-glucuronide	COC1=CC=C(C=C1)C2=CC(=O)C3=C(O2)C(=C(C=C3O)O)OC4C(C(C(C(O4)C(=O)O)O)O)O	1.10000002	5318666;11968644;22524315;44258573	COCONUT:(CNP0026079 CNP0405122);KNApSAcK:(4251);Natural Products:(UNPD53615 UNPD161117);PubChem:(5318666 11968644 22524315 44258573);SuperNatural:(SN00378891 SN00162001 SN00301691)	3178514
17	1	N/A	-73.06046814678456	C22H20O12	[M + H]+	LNIVUWPCHRNJLG	InChI=1S/C22H20O12/c1-31-21(30)20-18(28)17(27)19(29)22(34-20)33-13-7-12-14(16(26)15(13)25)10(24)6-11(32-12)8-2-4-9(23)5-3-8/h2-7,17-20,22-23,25-29H,1H3	methyl (2S,3S,4S,5R,6S)-6-[5,6-dihydroxy-2-(4-hydroxyphenyl)-4-oxochromen-7-yl]oxy-3,4,5-trihydroxyoxane-2-carboxylate	COC(=O)C1C(C(C(C(O1)OC2=C(C(=C3C(=C2)OC(=CC3=O)C4=CC=C(C=C4)O)O)O)O)O)O	1.10000002	14162694;14162695;126528780	COCONUT:(CNP0123332);Natural Products:(UNPD29153);PubChem:(14162694 14162695 126528780);SuperNatural:(SN00297771)	3178498
18	1	N/A	-75.51768202040569	C22H20O12	[M + H]+	RVOLDXCPVPJVFQ	InChI=1S/C22H20O12/c1-31-10-3-8(2-9(23)4-10)14-7-13(25)16-12(24)5-11(6-15(16)33-14)32-22-19(28)17(26)18(27)20(34-22)21(29)30/h2-7,17-20,22-24,26-28H,1H3,(H,29,30)	null	COC1=CC(=CC(=C1)O)C2=CC(=O)C3=C(C=C(C=C3O2)OC4C(C(C(C(O4)C(=O)O)O)O)O)O	1.10000002	131831478	HMDB:(124901);PubChem:(131831478);PubChem class - bio and metabolites	16777226
19	1	N/A	-76.12091863717377	C22H20O12	[M + H]+	YIMAPPOUMMPZPZ	InChI=1S/C22H20O12/c1-31-19-14-10(23)6-12(33-13(14)7-11(24)15(19)25)8-2-4-9(5-3-8)32-22-18(28)16(26)17(27)20(34-22)21(29)30/h2-7,16-18,20,22,24-28H,1H3,(H,29,30)	null	COC1=C(C(=CC2=C1C(=O)C=C(O2)C3=CC=C(C=C3)OC4C(C(C(C(O4)C(=O)O)O)O)O)O)O	0.5	131834914	HMDB:(128605);PubChem:(131834914);PubChem class - bio and metabolites	16777226
20	1	N/A	-80.36294393386083	C22H20O12	[M + H]+	UDDKPQBVOBXALG	InChI=1S/C22H20O12/c1-31-20-17-11(9(23)7-10(32-17)8-5-3-2-4-6-8)12(24)14(26)18(20)33-22-16(28)13(25)15(27)19(34-22)21(29)30/h2-7,13,15-16,19,22,24-28H,1H3,(H,29,30)/p-1	null	COC1=C2C(=C(C(=C1OC3C(C(C(C(O3)C(=O)[O-])O)O)O)O)O)C(=O)C=C(O2)C4=CC=CC=C4	0.29348591	""	COCONUT:(CNP0171459 CNP0371147 CNP0421514);SuperNatural:(SN00177718)	3145728
21	1	N/A	-80.36586306545392	C22H20O12	[M + H]+	PSZOHDVJVJUNDU	InChI=1S/C22H20O12/c1-31-9-4-2-8(3-5-9)10-7-32-11-6-12(15(24)16(25)13(11)14(10)23)33-22-19(28)17(26)18(27)20(34-22)21(29)30/h2-7,17-20,22,24-28H,1H3,(H,29,30)	null	COC1=CC=C(C=C1)C2=COC3=CC(=C(C(=C3C2=O)O)O)OC4C(C(C(C(O4)C(=O)O)O)O)O	1.10000002	131836182	HMDB:(129969);PubChem:(131836182);PubChem class - bio and metabolites	16777226
22	1	N/A	-82.45238642538318	C22H20O12	[M + H]+	DKWQRYDJKSHULB	InChI=1S/C22H20O12/c1-31-19-14(25)13-11(24)6-10(7-12(13)33-18(19)8-2-4-9(23)5-3-8)32-22-17(28)15(26)16(27)20(34-22)21(29)30/h2-7,15-17,20,22-24,26-28H,1H3,(H,29,30)	Bracteoside	COC1=C(OC2=CC(=CC(=C2C1=O)O)OC3C(C(C(C(O3)C(=O)O)O)O)O)C4=CC=C(C=C4)O	1.29999995	12085822;44259644	COCONUT:(CNP0303800);KNApSAcK:(13809);Natural Products:(UNPD60332);PubChem:(12085822 44259644);SuperNatural:(SN00388550)	3178514
23	1	N/A	-83.45736419034738	C22H20O12	[M + H]+	RVYRIBAZKHLAEB	InChI=1S/C22H20O12/c1-31-11-3-8(2-9(23)4-11)13-7-12(25)16-14(32-13)5-10(24)6-15(16)33-22-19(28)17(26)18(27)20(34-22)21(29)30/h2-7,17-20,22-24,26-28H,1H3,(H,29,30)	null	COC1=CC(=CC(=C1)O)C2=CC(=O)C3=C(O2)C=C(C=C3OC4C(C(C(C(O4)C(=O)O)O)O)O)O	0.5	131831479	HMDB:(124902);PubChem:(131831479);PubChem class - bio and metabolites	16777226
24	1	N/A	-89.50736907234752	C22H20O12	[M + H]+	ISMFPKSAVUUCHG	InChI=1S/C22H20O12/c1-31-10-4-2-3-8(5-10)18-19(14(25)13-11(24)6-9(23)7-12(13)32-18)33-22-17(28)15(26)16(27)20(34-22)21(29)30/h2-7,15-17,20,22-24,26-28H,1H3,(H,29,30)	null	COC1=CC=CC(=C1)C2=C(C(=O)C3=C(C=C(C=C3O2)O)O)OC4C(C(C(C(O4)C(=O)O)O)O)O	1.29999995	131832981	HMDB:(126585);PubChem:(131832981);PubChem class - bio and metabolites	16777226
25	1	N/A	-93.50224880685785	C22H20O12	[M + H]+	HCYCYMUGCUOURD	InChI=1S/C22H20O12/c1-31-10-2-8(14-7-13(25)16-12(24)4-9(23)5-15(16)33-14)3-11(6-10)32-22-19(28)17(26)18(27)20(34-22)21(29)30/h2-7,17-20,22-24,26-28H,1H3,(H,29,30)	null	COC1=CC(=CC(=C1)C2=CC(=O)C3=C(C=C(C=C3O2)O)O)OC4C(C(C(C(O4)C(=O)O)O)O)O	1.10000002	131831480	HMDB:(124903);PubChem:(131831480);PubChem class - bio and metabolites	16777226
26	1	N/A	-94.00480544080727	C22H20O12	[M + H]+	ZEHBXPQYGNJEPO	InChI=1S/C22H20O12/c1-31-9-4-2-3-8(5-9)19-16(26)14(24)13-11(23)6-10(7-12(13)33-19)32-22-18(28)15(25)17(27)20(34-22)21(29)30/h2-7,15,17-18,20,22-23,25-28H,1H3,(H,29,30)	null	COC1=CC=CC(=C1)C2=C(C(=O)C3=C(C=C(C=C3O2)OC4C(C(C(C(O4)C(=O)O)O)O)O)O)O	1.29999995	131832979	HMDB:(126583);PubChem:(131832979);PubChem class - bio and metabolites	16777226
27	1	N/A	-96.20538560304209	C22H20O12	[M + H]+	OBCWIMFOZUOMAM	InChI=1S/C22H20O12/c1-31-21(30)20-16(28)15(27)17(29)22(34-20)33-18-12(26)6-10(24)14-11(25)7-13(32-19(14)18)8-2-4-9(23)5-3-8/h2-7,15-17,20,22-24,26-29H,1H3	null	COC(=O)C1C(C(C(C(O1)OC2=C(C=C(C3=C2OC(=CC3=O)C4=CC=C(C=C4)O)O)O)O)O)O	1.10000002	44566911	COCONUT:(CNP0162296);KNApSAcK:(44825);Natural Products:(UNPD170424);PubChem:(44566911);SuperNatural:(SN00403436);PubMed	3178578
28	1	N/A	-96.76032813739246	C22H20O12	[M + H]+	DJKGSSAYFJWGRJ	InChI=1S/C22H20O12/c1-31-10-6-11(23)13-12(7-10)33-19(16(26)14(13)24)8-3-2-4-9(5-8)32-22-18(28)15(25)17(27)20(34-22)21(29)30/h2-7,15,17-18,20,22-23,25-28H,1H3,(H,29,30)	null	COC1=CC(=C2C(=C1)OC(=C(C2=O)O)C3=CC(=CC=C3)OC4C(C(C(C(O4)C(=O)O)O)O)O)O	1.29999995	131837641	HMDB:(133831);PubChem:(131837641);PubChem class - bio and metabolites	16777226
29	1	N/A	-100.85155631455244	C22H20O12	[M + H]+	FGOHVEYPHSAVIG	InChI=1S/C22H20O12/c1-31-10-4-2-8(3-5-10)18-19(14(25)13-11(24)6-9(23)7-12(13)32-18)33-22-17(28)15(26)16(27)20(34-22)21(29)30/h2-7,15-17,20,22-24,26-28H,1H3,(H,29,30)	Kaempferide 3-glucuronide	COC1=CC=C(C=C1)C2=C(C(=O)C3=C(C=C(C=C3O2)O)O)OC4C(C(C(C(O4)C(=O)O)O)O)O	1.29999995	44259089;132537695	COCONUT:(CNP0383387);HMDB:(127505);KNApSAcK:(5289);Natural Products:(UNPD230151 UNPD176335);PubChem:(44259089 132537695);SuperNatural:(SN00302860);YMDB Mine;PubChem class - bio and metabolites	34379694106
30	1	N/A	-100.89252871347021	C22H20O12	[M + H]+	IEMVRCRQDGVPAL	InChI=1S/C22H20O12/c1-31-10-6-11(24)13-12(7-10)32-18(8-3-2-4-9(23)5-8)19(14(13)25)33-22-17(28)15(26)16(27)20(34-22)21(29)30/h2-7,15-17,20,22-24,26-28H,1H3,(H,29,30)	null	COC1=CC(=C2C(=C1)OC(=C(C2=O)OC3C(C(C(C(O3)C(=O)O)O)O)O)C4=CC(=CC=C4)O)O	1.29999995	131837642	HMDB:(133832);PubChem:(131837642);PubChem class - bio and metabolites	16777226
31	1	N/A	-103.59208976565384	C22H20O12	[M + H]+	YJPDUFUDVOEGKU	InChI=1S/C22H20O12/c1-31-21(30)20-18(28)17(27)19(29)22(34-20)33-14-4-8(2-3-10(14)24)13-7-12(26)16-11(25)5-9(23)6-15(16)32-13/h2-7,17-20,22-25,27-29H,1H3	4H-1-Benzopyran-4-one, 5,7-dihydroxy-2-[4-hydroxy-3-[(6-methyl-b-D-glucopyranuronosyl)oxy]phenyl]-	COC(=O)C1C(C(C(C(O1)OC2=C(C=CC(=C2)C3=CC(=O)C4=C(C=C(C=C4O3)O)O)O)O)O)O	1.10000002	16727713;44439687	COCONUT:(CNP0167095);Natural Products:(UNPD206082 UNPD176530 UNPD130183);PubChem:(16727713 44439687);SuperNatural:(SN00364363 SN00315129);PubMed	3178562
32	1	N/A	-108.28977052686668	C22H20O12	[M + H]+	ACKFWSAAVNOCDD	InChI=1S/C22H20O12/c1-31-10-4-2-3-8(5-10)19-16(26)14(24)13-11(32-19)6-9(23)7-12(13)33-22-18(28)15(25)17(27)20(34-22)21(29)30/h2-7,15,17-18,20,22-23,25-28H,1H3,(H,29,30)	null	COC1=CC=CC(=C1)C2=C(C(=O)C3=C(O2)C=C(C=C3OC4C(C(C(C(O4)C(=O)O)O)O)O)O)O	0.699999988	131832980	HMDB:(126584);PubChem:(131832980);PubChem class - bio and metabolites	16777226
33	1	N/A	-109.16162673530971	C22H20O12	[M + H]+	VQDVPEBDINWLHZ	InChI=1S/C22H20O12/c1-31-21(30)20-18(28)17(27)19(29)22(34-20)32-9-5-12(25)16-13(26)7-14(33-15(16)6-9)8-2-3-10(23)11(24)4-8/h2-7,17-20,22-25,27-29H,1H3	Luteolin 7-methylglucuronide	COC(=O)C1C(C(C(C(O1)OC2=CC(=C3C(=C2)OC(=CC3=O)C4=CC(=C(C=C4)O)O)O)O)O)O	1.10000002	44258070;91129494;91428562	COCONUT:(CNP0087581 CNP0112322);KNApSAcK:(4270);Natural Products:(UNPD119211 UNPD166503);PubChem:(44258070 91129494 91428562);SuperNatural:(SN00161474 SN00391357 SN00281877);PubMed;KEGG Mine	8593113170
34	1	N/A	-110.3376078202326	C22H20O12	[M + H]+	QZBZMHBKELXHBZ	InChI=1S/C22H20O12/c1-31-10-6-11(24)13-12(7-10)32-18(8-2-4-9(23)5-3-8)19(14(13)25)33-22-17(28)15(26)16(27)20(34-22)21(29)30/h2-7,15-17,20,22-24,26-28H,1H3,(H,29,30)	Rhamnocitrin 3-glucuronide	COC1=CC(=C2C(=C1)OC(=C(C2=O)OC3C(C(C(C(O3)C(=O)O)O)O)O)C4=CC=C(C=C4)O)O	1.29999995	44259557	COCONUT:(CNP0247745);KNApSAcK:(5273);Natural Products:(UNPD167897);PubChem:(44259557);SuperNatural:(SN00351248);YMDB Mine	34362916882
35	1	N/A	-112.26477777189541	C22H20O12	[M + H]+	AAPJEZVVNWPTGD	InChI=1S/C22H20O12/c1-31-9-4-2-8(3-5-9)19-16(26)14(24)13-11(23)6-10(7-12(13)33-19)32-22-18(28)15(25)17(27)20(34-22)21(29)30/h2-7,15,17-18,20,22-23,25-28H,1H3,(H,29,30)	null	COC1=CC=C(C=C1)C2=C(C(=O)C3=C(C=C(C=C3O2)OC4C(C(C(C(O4)C(=O)O)O)O)O)O)O	1.29999995	131833842	HMDB:(127503);PubChem:(131833842);PubChem class - bio and metabolites	16777226
36	1	N/A	-115.72562900833589	C22H20O12	[M + H]+	XVRHEWKEVZCMGG	InChI=1S/C22H20O12/c1-31-9-4-2-8(3-5-9)12-6-10(23)14-13(7-11(24)15(25)19(14)32-12)33-22-18(28)16(26)17(27)20(34-22)21(29)30/h2-7,16-18,20,22,24-28H,1H3,(H,29,30)	null	COC1=CC=C(C=C1)C2=CC(=O)C3=C(C=C(C(=C3O2)O)O)OC4C(C(C(C(O4)C(=O)O)O)O)O	0.5	131836374	HMDB:(130184);PubChem:(131836374);PubChem class - bio and metabolites	16777226
37	1	N/A	-118.42638410843293	C22H20O12	[M + H]+	VWFPNPMDRJGBNX	InChI=1S/C22H20O12/c1-31-12-5-4-10(15(24)16(12)25)14-7-11(23)9-3-2-8(6-13(9)33-14)32-22-19(28)17(26)18(27)20(34-22)21(29)30/h2-7,17-20,22,24-28H,1H3,(H,29,30)	null	COC1=C(C(=C(C=C1)C2=CC(=O)C3=C(O2)C=C(C=C3)OC4C(C(C(C(O4)C(=O)O)O)O)O)O)O	0.5	131837255	HMDB:(133332);PubChem:(131837255);PubChem class - bio and metabolites	16777226
38	1	N/A	-119.6643571683577	C22H20O12	[M + H]+	FGXKPOIQALKETF	InChI=1S/C22H20O12/c1-31-21(30)20-18(28)17(27)19(29)22(34-20)33-15-6-9(23)5-14-16(15)12(26)7-13(32-14)8-2-3-10(24)11(25)4-8/h2-7,17-20,22-25,27-29H,1H3	Luteolin 5-glucuronide-6''''-methyl ester	COC(=O)C1C(C(C(C(O1)OC2=CC(=CC3=C2C(=O)C=C(O3)C4=CC(=C(C=C4)O)O)O)O)O)O	0.5	44258130	COCONUT:(CNP0141079);KNApSAcK:(13656);Natural Products:(UNPD190754);PubChem:(44258130)	2129938
39	1	N/A	-120.26185768110952	C22H20O12	[M + H]+	KVZJNSQADXENOF	InChI=1S/C22H20O12/c1-31-13-3-2-8(4-11(13)24)14-6-10(23)9-5-16(12(25)7-15(9)32-14)33-22-19(28)17(26)18(27)20(34-22)21(29)30/h2-7,17-20,22,24-28H,1H3,(H,29,30)	null	COC1=C(C=C(C=C1)C2=CC(=O)C3=CC(=C(C=C3O2)O)OC4C(C(C(C(O4)C(=O)O)O)O)O)O	0.5	131837246	HMDB:(133322);PubChem:(131837246);PubChem class - bio and metabolites	16777226
40	1	N/A	-120.65127732862214	C22H20O12	[M + H]+	FZMPWQPHUKBBSS	InChI=1S/C22H20O12/c1-31-10-6-11-13(14(24)16(26)19(32-11)8-3-2-4-9(23)5-8)12(7-10)33-22-18(28)15(25)17(27)20(34-22)21(29)30/h2-7,15,17-18,20,22-23,25-28H,1H3,(H,29,30)	null	COC1=CC2=C(C(=C1)OC3C(C(C(C(O3)C(=O)O)O)O)O)C(=O)C(=C(O2)C4=CC(=CC=C4)O)O	0.699999988	131837643	HMDB:(133833);PubChem:(131837643);PubChem class - bio and metabolites	16777226
41	1	N/A	-121.30731682418951	C22H20O12	[M + H]+	JLHSCUDZQRBTDM	InChI=1S/C22H20O12/c1-31-13-3-2-8(4-11(13)24)14-6-10(23)9-5-12(25)16(7-15(9)32-14)33-22-19(28)17(26)18(27)20(34-22)21(29)30/h2-7,17-20,22,24-28H,1H3,(H,29,30)	null	COC1=C(C=C(C=C1)C2=CC(=O)C3=CC(=C(C=C3O2)OC4C(C(C(C(O4)C(=O)O)O)O)O)O)O	0.5	131837247	HMDB:(133323);PubChem:(131837247);PubChem class - bio and metabolites	16777226
42	1	N/A	-126.5497428579547	C22H20O12	[M + H]+	PFJDTNNAZUOXKB	InChI=1S/C22H20O12/c1-31-10-4-2-8(3-5-10)19-16(26)14(24)13-11(32-19)6-9(23)7-12(13)33-22-18(28)15(25)17(27)20(34-22)21(29)30/h2-7,15,17-18,20,22-23,25-28H,1H3,(H,29,30)	null	COC1=CC=C(C=C1)C2=C(C(=O)C3=C(O2)C=C(C=C3OC4C(C(C(C(O4)C(=O)O)O)O)O)O)O	0.699999988	131833843	HMDB:(127504);PubChem:(131833843);PubChem class - bio and metabolites	16777226
43	1	N/A	-129.6225275588267	C22H20O12	[M + H]+	FWTWHOKRXLTUAH	InChI=1S/C22H20O12/c1-31-12-5-4-10(14-7-11(24)9-3-2-8(23)6-13(9)32-14)15(25)19(12)33-22-18(28)16(26)17(27)20(34-22)21(29)30/h2-7,16-18,20,22-23,25-28H,1H3,(H,29,30)	null	COC1=C(C(=C(C=C1)C2=CC(=O)C3=C(O2)C=C(C=C3)O)O)OC4C(C(C(C(O4)C(=O)O)O)O)O	0.5	131837256	HMDB:(133333);PubChem:(131837256);PubChem class - bio and metabolites	16777226
44	1	N/A	-132.96594331523522	C22H20O12	[M + H]+	ZTIXKBYXXCUFBV	InChI=1S/C22H20O12/c1-31-12-5-4-10(14-7-11(24)9-3-2-8(23)6-13(9)32-14)19(15(12)25)33-22-18(28)16(26)17(27)20(34-22)21(29)30/h2-7,16-18,20,22-23,25-28H,1H3,(H,29,30)	null	COC1=C(C(=C(C=C1)C2=CC(=O)C3=C(O2)C=C(C=C3)O)OC4C(C(C(C(O4)C(=O)O)O)O)O)O	0.5	131837254	HMDB:(133331);PubChem:(131837254);PubChem class - bio and metabolites	16777226
45	1	N/A	-140.15700029184924	C22H20O12	[M + H]+	DSKYLBMGQQQIJA	InChI=1S/C22H20O12/c1-31-15-7-12(25)10(14-6-11(24)9-3-2-8(23)4-13(9)32-14)5-16(15)33-22-19(28)17(26)18(27)20(34-22)21(29)30/h2-7,17-20,22-23,25-28H,1H3,(H,29,30)	null	COC1=C(C=C(C(=C1)O)C2=CC(=O)C3=C(O2)C=C(C=C3)O)OC4C(C(C(C(O4)C(=O)O)O)O)O	0.5	131837261	HMDB:(133338);PubChem:(131837261);PubChem class - bio and metabolites	16777226
46	1	N/A	-141.068076170261	C22H20O12	[M + H]+	MHVNCXOGYHKDBB	InChI=1S/C22H20O12/c1-31-21(30)20-16(28)15(27)17(29)22(34-20)33-19-14(26)13-11(25)6-10(24)7-12(13)32-18(19)8-2-4-9(23)5-3-8/h2-7,15-17,20,22-25,27-29H,1H3	null	COC(=O)C1C(C(C(C(O1)OC2=C(OC3=CC(=CC(=C3C2=O)O)O)C4=CC=C(C=C4)O)O)O)O	1.29999995	24788283	COCONUT:(CNP0179203);Natural Products:(UNPD121660);PubChem:(24788283);YMDB Mine	34361868290
47	1	N/A	-141.5482151351078	C22H20O12	[M + H]+	FMAUBVTUTNMGSU	InChI=1S/C22H20O12/c1-31-13-3-2-8(14-6-10(23)9-5-11(24)12(25)7-15(9)32-14)4-16(13)33-22-19(28)17(26)18(27)20(34-22)21(29)30/h2-7,17-20,22,24-28H,1H3,(H,29,30)	null	COC1=C(C=C(C=C1)C2=CC(=O)C3=CC(=C(C=C3O2)O)O)OC4C(C(C(C(O4)C(=O)O)O)O)O	0.5	131837248	HMDB:(133324);PubChem:(131837248);PubChem class - bio and metabolites	16777226
48	1	N/A	-141.92180799692477	C22H20O12	[M + H]+	XEBPNCWIPRFZFV	InChI=1S/C22H20O12/c1-31-14-4-8(2-3-10(14)23)13-7-12(25)16-11(24)5-9(6-15(16)33-13)32-22(30)20-18(27)17(26)19(28)21(29)34-20/h2-7,17-21,23-24,26-29H,1H3	null	COC1=C(C=CC(=C1)C2=CC(=O)C3=C(C=C(C=C3O2)OC(=O)C4C(C(C(C(O4)O)O)O)O)O)O	0.363546669	""	COCONUT:(CNP0178932);Natural Products:(UNPD3117);SuperNatural:(SN00385668)	3178496
49	1	N/A	-144.0353853544031	C22H20O12	[M + H]+	IIGBFPUKHIMBER	InChI=1S/C22H20O12/c1-31-13-3-2-8(4-10(13)23)14-7-12(25)16-11(24)5-9(6-15(16)33-14)32-22(30)20-18(27)17(26)19(28)21(29)34-20/h2-7,17-21,23-24,26-29H,1H3	null	COC1=C(C=C(C=C1)C2=CC(=O)C3=C(C=C(C=C3O2)OC(=O)C4C(C(C(C(O4)O)O)O)O)O)O	0.363546669	""	COCONUT:(CNP0170809);Natural Products:(UNPD134977)	2129920
50	1	N/A	-147.62352135014984	C22H20O12	[M + H]+	XJWUVYVAIKBSHJ	InChI=1S/C22H20O12/c1-31-16-7-12(24)10(5-13(16)25)15-6-11(23)9-3-2-8(4-14(9)33-15)32-22-19(28)17(26)18(27)20(34-22)21(29)30/h2-7,17-20,22,24-28H,1H3,(H,29,30)	null	COC1=C(C=C(C(=C1)O)C2=CC(=O)C3=C(O2)C=C(C=C3)OC4C(C(C(C(O4)C(=O)O)O)O)O)O	0.5	131837260	HMDB:(133337);PubChem:(131837260);PubChem class - bio and metabolites	16777226
51	1	N/A	-150.4340168379057	C22H20O12	[M + H]+	PEBSHTGUNSXVEZ	InChI=1S/C22H20O12/c23-6-12-14(25)17(28)18(29)22(33-12)34-21-16(27)13-10(5-11-20(15(13)26)31-7-30-11)32-19(21)8-1-3-9(24)4-2-8/h1-5,12,14,17-18,22-26,28-29H,6-7H2	Gomphrenol 3-glucoside	C1OC2=C(O1)C(=C3C(=C2)OC(=C(C3=O)OC4C(C(C(C(O4)CO)O)O)O)C5=CC=C(C=C5)O)O	0.899999976	14542804;44259738	COCONUT:(CNP0177668);KNApSAcK:(5798);Natural Products:(UNPD180933 UNPD154151);PubChem:(14542804 44259738);SuperNatural:(SN00356948 SN00358075)	3178514
52	1	N/A	-158.92659295334528	C22H20O12	[M + H]+	MPMYTMZZMVQWKF	InChI=1S/C22H20O12/c1-31-16-7-15(33-22-19(28)17(26)18(27)20(34-22)21(29)30)10(5-12(16)25)14-6-11(24)9-3-2-8(23)4-13(9)32-14/h2-7,17-20,22-23,25-28H,1H3,(H,29,30)	null	COC1=C(C=C(C(=C1)OC2C(C(C(C(O2)C(=O)O)O)O)O)C3=CC(=O)C4=C(O3)C=C(C=C4)O)O	0.5	131837259	HMDB:(133336);PubChem:(131837259);PubChem class - bio and metabolites	16777226
53	1	N/A	-162.95699222056544	C22H20O12	[M + H]+	APATTYGRDDYLKW	InChI=1S/C22H20O12/c23-5-14-17(26)19(28)20(29)22(34-14)33-11-2-1-8(3-10(11)24)9-6-30-12-4-13-21(32-7-31-13)18(27)15(12)16(9)25/h1-4,6,14,17,19-20,22-24,26-29H,5,7H2	null	C1OC2=C(O1)C(=C3C(=C2)OC=C(C3=O)C4=CC(=C(C=C4)OC5C(C(C(C(O5)CO)O)O)O)O)O	0.0977705941	""	COCONUT:(CNP0235475);Natural Products:(UNPD211420)	2129920
54	1	N/A	-196.866142213543	C22H20O12	[M + H]+	PBBNQHBZSUCLLZ	InChI=1S/C22H20O12/c1-6-13(23)15(25)16(26)22(31-6)32-10-5-8-12-11-7(21(28)34-19(12)17(10)30-3)4-9(29-2)14(24)18(11)33-20(8)27/h4-6,13,15-16,22-26H,1-3H3	null	CC1C(C(C(C(O1)OC2=C(C3=C4C(=C2)C(=O)OC5=C4C(=CC(=C5O)OC)C(=O)O3)OC)O)O)O	1.12090981	""	COCONUT:(CNP0250329);Natural Products:(UNPD131499);SuperNatural:(SN00249784)	3178496
55	1	N/A	-198.4988327204653	C22H20O12	[M + H]+	KPDPOBDXMGDJQN	InChI=1S/C22H20O12/c1-6-13(24)14(25)15(26)22(31-6)32-10-5-8-12-11-7(20(27)34-19(12)17(10)30-3)4-9(23)16(29-2)18(11)33-21(8)28/h4-6,13-15,22-26H,1-3H3	null	CC1C(C(C(C(O1)OC2=C(C3=C4C(=C2)C(=O)OC5=C4C(=CC(=C5OC)O)C(=O)O3)OC)O)O)O	0.5	102047223;118856027	COCONUT:(CNP0283845);Natural Products:(UNPD124119 UNPD129589 UNPD177870);PubChem:(102047223 118856027);SuperNatural:(SN00231554 SN00368545 SN00338952)	3178498
56	1	N/A	-210.10135940515372	C22H20O12	[M + H]+	LICDTJULNIJVSG	InChI=1S/C22H20O12/c1-6-13(23)15(25)16(26)22(31-6)34-17-10(30-3)5-8-12-11-7(21(28)33-19(12)17)4-9(29-2)14(24)18(11)32-20(8)27/h4-6,13,15-16,22-26H,1-3H3	null	CC1C(C(C(C(O1)OC2=C(C=C3C4=C2OC(=O)C5=CC(=C(C(=C54)OC3=O)O)OC)OC)O)O)O	1.12090981	""	COCONUT:(CNP0133812);Natural Products:(UNPD200200)	2129920
57	1	N/A	-220.57681592725075	C22H20O12	[M + H]+	GCVSUIXSUGPZMN	InChI=1S/C22H20O12/c1-8(23)32-19-13(27)7-31-22(17(19)30)34-20-12(26)6-11(25)14-15(28)16(29)18(33-21(14)20)9-2-4-10(24)5-3-9/h2-6,13,17,19,22,24-27,29-30H,7H2,1H3	Herbacetin 8-(3''''-acetylxyloside)	CC(=O)OC1C(COC(C1O)OC2=C(C=C(C3=C2OC(=C(C3=O)O)C4=CC=C(C=C4)O)O)O)O	1.0	44259951;44259952	COCONUT:(CNP0178532);KNApSAcK:(5940);Natural Products:(UNPD135967 UNPD105496 UNPD86332);PubChem:(44259951 44259952);SuperNatural:(SN00319321 SN00280282 SN00258568)	3178514
58	1	N/A	-228.90381224114122	C22H20O12	[M + H]+	QXQRDKINPINYFD	InChI=1S/C22H20O12/c1-28-10-4-7-12-13-8(21(27)33-18(12)16(10)29-2)5-11(17(30-3)19(13)34-20(7)26)32-22-15(25)14(24)9(23)6-31-22/h4-5,9,14-15,22-25H,6H2,1-3H3	null	COC1=C(C2=C3C(=C1)C(=O)OC4=C3C(=CC(=C4OC)OC5C(C(C(CO5)O)O)O)C(=O)O2)OC	0.300000012	10838304;14841314	COCONUT:(CNP0240445);Natural Products:(UNPD26574);PubChem:(10838304 14841314);SuperNatural:(SN00340502);PubMed	3178562
59	1	N/A	-235.11738289727032	C22H20O12	[M + H]+	HPNXCXAQMYTKDP	InChI=1S/C22H20O12/c23-6-13-17(28)18(29)19(30)22(33-13)34-21(31)15-12(26)5-11(25)14-16(27)10(7-32-20(14)15)8-1-3-9(24)4-2-8/h1-5,7,13,17-19,22-26,28-30H,6H2	null	C1=CC(=CC=C1C2=COC3=C(C2=O)C(=CC(=C3C(=O)OC4C(C(C(C(O4)CO)O)O)O)O)O)O	-0.252952069	""	COCONUT:(CNP0130761);Natural Products:(UNPD206024)	2129920
60	1	N/A	-251.30559784835	C22H20O12	[M + H]+	RXSHFSRFAWYPKN	InChI=1S/C22H20O12/c23-5-13-17(28)18(29)19(30)22(34-13)32-7-3-11(25)14-12(4-7)33-20-8-1-2-10(24)16(27)21(8)31-6-9(20)15(14)26/h1-4,13,17-19,22-25,27-30H,5-6H2	null	C1C2=C(C3=C(O1)C(=C(C=C3)O)O)OC4=CC(=CC(=C4C2=O)O)OC5C(C(C(C(O5)CO)O)O)O	0.100000001	11465690	COCONUT:(CNP0246540);KNApSAcK:(42634);Natural Products:(UNPD133405);PubChem:(11465690);SuperNatural:(SN00323825)	3178514
61	1	N/A	-252.88856035291178	C22H20O12	[M + H]+	BELKTGJXBLMLTC	InChI=1S/C22H20O12/c1-8(23)31-7-15-17(28)19(30)22(33-15)34-21-18(29)16-13(27)5-10(24)6-14(16)32-20(21)9-2-3-11(25)12(26)4-9/h2-6,15,17,19,22,24-28,30H,7H2,1H3	null	CC(=O)OCC1C(C(C(O1)OC2=C(OC3=CC(=CC(=C3C2=O)O)O)C4=CC(=C(C=C4)O)O)O)O	1.0	10457678	COCONUT:(CNP0414653);Natural Products:(UNPD169171);PubChem:(10457678);SuperNatural:(SN00239184)	3178498
62	1	N/A	-265.4027380381019	C22H20O12	[M + H]+	AYRFSQCHVFOISZ	InChI=1S/C22H20O12/c1-8(24)31-21-17(29)15(7-23)33-22(21)34-20-18(30)16-13(28)5-10(25)6-14(16)32-19(20)9-2-3-11(26)12(27)4-9/h2-6,15,17,21-23,25-29H,7H2,1H3	null	CC(=O)OC1C(C(OC1OC2=C(OC3=CC(=CC(=C3C2=O)O)O)C4=CC(=C(C=C4)O)O)CO)O	1.60000002	102047222;102223224	COCONUT:(CNP0133810);Natural Products:(UNPD200201);PubChem:(102047222 102223224)	2129922
63	1	N/A	-267.4039909233944	C22H20O12	[M + H]+	RCFWRYSPIYCQHE	InChI=1S/C22H20O12/c1-8(24)31-20-15(7-23)33-22(18(20)30)34-21-17(29)16-13(28)5-10(25)6-14(16)32-19(21)9-2-3-11(26)12(27)4-9/h2-6,15,18,20,22-23,25-28,30H,7H2,1H3	Quercetin 3-(3''''-acetyl-alpha-L-arabinofuranoside)	CC(=O)OC1C(OC(C1O)OC2=C(OC3=CC(=CC(=C3C2=O)O)O)C4=CC(=C(C=C4)O)O)CO	1.0	44259255;123131991	COCONUT:(CNP0132083);KNApSAcK:(5943);Natural Products:(UNPD42470);PubChem:(44259255 123131991);SuperNatural:(SN00238813);MeSH:(123131991);PubMed	3178582
64	1	N/A	-278.48801984391224	C22H20O12	[M + H]+	BIBVPFSDCMKALO	InChI=1S/C22H20O12/c1-8(23)32-21-15(29)7-31-22(20(21)30)34-17-5-12(26)11(25)4-10(17)16-6-14(28)19-13(27)2-9(24)3-18(19)33-16/h2-6,15,20-22,24-27,29-30H,7H2,1H3	null	CC(=O)OC1C(COC(C1O)OC2=CC(=C(C=C2C3=CC(=O)C4=C(C=C(C=C4O3)O)O)O)O)O	0.435329646	""	COCONUT:(CNP0248354);Natural Products:(UNPD25140);SuperNatural:(SN00325410)	3178496
65	1	N/A	-282.49247970160917	C22H20O12	[M + H]+	QMHVLDTWYGHACW	InChI=1S/C22H20O12/c23-5-13-16(27)18(29)19(30)22(34-13)33-11-2-1-8-9(15(11)26)6-31-21-17(28)14-10(25)3-7(24)4-12(14)32-20(8)21/h1-4,13,16,18-19,22-27,29-30H,5-6H2	null	C1C2=C(C=CC(=C2O)OC3C(C(C(C(O3)CO)O)O)O)C4=C(O1)C(=O)C5=C(C=C(C=C5O4)O)O	-0.256654263	""	COCONUT:(CNP0123417);Natural Products:(UNPD218608)	2129920
66	1	N/A	-287.1424017612012	C22H20O12	[M + H]+	FUGJERGQMXNXND	InChI=1S/C22H20O12/c1-6-13-9(4-11(25)14(6)21(31)32)16(26)8-2-7(3-10(24)15(8)18(13)28)33-22-20(30)19(29)17(27)12(5-23)34-22/h2-4,12,17,19-20,22-25,27,29-30H,5H2,1H3,(H,31,32)	null	CC1=C2C(=CC(=C1C(=O)O)O)C(=O)C3=C(C2=O)C(=CC(=C3)OC4C(C(C(C(O4)CO)O)O)O)O	1.0	45359836;102219718	COCONUT:(CNP0051231);PubChem:(45359836 102219718);SuperNatural:(SN00029566 SN00037925 SN00029565 SN00033594 SN00037926 SN00033595);ZINC bio:(ZINC31164328 ZINC31164332 ZINC31164336 ZINC31164340 ZINC35458762 ZINC35458765)	3153922
67	1	N/A	-290.89350228087613	C22H20O12	[M + H]+	VVSJHRJAOJYBFU	InChI=1S/C22H20O12/c1-30-12-4-8-11(5-9(12)24)32-21-15(8)18(27)16-10(25)2-7(3-13(16)33-21)31-22-20(29)19(28)17(26)14(6-23)34-22/h2-5,14,17,19-20,22-26,28-29H,6H2,1H3	null	COC1=C(C=C2C(=C1)C3=C(O2)OC4=CC(=CC(=C4C3=O)O)OC5C(C(C(C(O5)CO)O)O)O)O	0.567916811	""	COCONUT:(CNP0217088);KNApSAcK:(19432);Natural Products:(UNPD100329 UNPD114685);SuperNatural:(SN00226309)	3178512
68	1	N/A	-294.10324249865187	C22H20O12	[M + H]+	TUOJCDPSHAVURV	InChI=1S/C22H20O12/c1-8(23)32-18-7-31-22(21(30)20(18)29)34-16-5-12(26)11(25)4-10(16)15-6-14(28)19-13(27)2-9(24)3-17(19)33-15/h2-6,18,20-22,24-27,29-30H,7H2,1H3	Isoetin 2''-(4''''-acetylxyloside)	CC(=O)OC1COC(C(C1O)O)OC2=CC(=C(C=C2C3=CC(=O)C4=C(C=C(C=C4O3)O)O)O)O	0.800000012	14841189;44258287	COCONUT:(CNP0326756);KNApSAcK:(4475);Natural Products:(UNPD89923);PubChem:(14841189 44258287);SuperNatural:(SN00331780)	3178514
69	1	N/A	-308.8710362373335	C22H20O12	[M + H]+	LTOSTBGJHNIWGF	InChI=1S/C22H20O12/c23-6-14-16(26)17(27)19(29)22(34-14)32-9-1-2-10-12(5-9)33-20(18(28)15(10)25)8-3-11(24)21-13(4-8)30-7-31-21/h1-5,14,16-17,19,22-24,26-29H,6-7H2	null	C1OC2=CC(=CC(=C2O1)O)C3=C(C(=O)C4=C(O3)C=C(C=C4)OC5C(C(C(C(O5)CO)O)O)O)O	0.300000012	10576557	COCONUT:(CNP0184515);Natural Products:(UNPD107999);PubChem:(10576557)	2129922
70	1	N/A	-310.5634051352461	C22H20O12	[M + H]+	ZBYBUYZJKQWRDO	InChI=1S/C22H20O12/c23-5-13-16(27)18(29)19(30)22(34-13)32-7-3-11(25)14-12(4-7)33-20-8-1-2-10(24)15(26)9(8)6-31-21(20)17(14)28/h1-4,13,16,18-19,22-27,29-30H,5-6H2	3,4,8-Trihydroxy-7-oxo-5,7-dihydroisochromeno[4,3-b]chromen-10-yl beta-D-glucopyranoside	C1C2=C(C=CC(=C2O)O)C3=C(O1)C(=O)C4=C(C=C(C=C4O3)OC5C(C(C(C(O5)CO)O)O)O)O	0.300000012	11454351	COCONUT:(CNP0214351);KNApSAcK:(42807);Natural Products:(UNPD13443);PubChem:(11454351);SuperNatural:(SN00254020);CHEBI:(67936)	3178546
71	1	N/A	-324.85887110564965	C22H20O12	[M + H]+	SGGJZCFOPBWKAS	InChI=1S/C22H20O12/c23-9-3-8-4-10(7-1-2-11(24)12(25)5-7)19(15(27)14(8)13(26)6-9)33-22-18(30)16(28)17(29)20(34-22)21(31)32/h1-3,5-6,16-18,20,22-26,28-30H,4H2,(H,31,32)	null	C1C2=CC(=CC(=C2C(=O)C(=C1C3=CC(=C(C=C3)O)O)OC4C(C(C(C(O4)C(=O)O)O)O)O)O)O	-0.118663073	""	COCONUT:(CNP0203926);Natural Products:(UNPD139766);SuperNatural:(SN00379742)	3178496
1	1	N/A	-118.08617795733112	C22H22O13	[M - H2O + H]+	BXYRUPOLNKJLJO	InChI=1S/C22H22O13/c1-32-21-19-13(10(26)5-11(33-19)7-2-3-8(24)9(25)4-7)15(28)17(30)20(21)35-22-18(31)16(29)14(27)12(6-23)34-22/h2-5,12,14,16,18,22-25,27-31H,6H2,1H3	Pleurostimin 7-glucoside	COC1=C2C(=C(C(=C1OC3C(C(C(C(O3)CO)O)O)O)O)O)C(=O)C=C(O2)C4=CC(=C(C=C4)O)O	0.100000001	44258647	COCONUT:(CNP0292735);Natural Products:(UNPD162232);PubChem:(44258647);SuperNatural:(SN00229855)	3178498
2	1	N/A	-130.6544862479059	C22H22O13	[M - H2O + H]+	ACXKZFDCISQHGW	InChI=1S/C22H22O13/c1-32-21-17(29)13-10(33-20(21)7-2-3-8(24)9(25)4-7)5-11(14(26)16(13)28)34-22-19(31)18(30)15(27)12(6-23)35-22/h2-5,12,15,18-19,22-28,30-31H,6H2,1H3	Quercetagetin 3-methyl ether 7-glucoside	COC1=C(OC2=CC(=C(C(=C2C1=O)O)O)OC3C(C(C(C(O3)CO)O)O)O)C4=CC(=C(C=C4)O)O	0.300000012	21599446;44259798	COCONUT:(CNP0153741);KNApSAcK:(5636);Natural Products:(UNPD197010 UNPD19482 UNPD3894);PubChem:(21599446 44259798);SuperNatural:(SN00339820 SN00356331)	3178514
3	1	N/A	-131.9874431632689	C22H22O13	[M - H2O + H]+	XTWQFJODFQFTIT	InChI=1S/C22H22O13/c1-32-20-11(33-22-18(31)16(29)14(27)12(6-23)34-22)5-10(26)13-15(28)17(30)19(35-21(13)20)7-2-3-8(24)9(25)4-7/h2-5,12,14,16,18,22-27,29-31H,6H2,1H3	null	COC1=C(C=C(C2=C1OC(=C(C2=O)O)C3=CC(=C(C=C3)O)O)O)OC4C(C(C(C(O4)CO)O)O)O	0.300000012	75528773	COCONUT:(CNP0175856);Training Set;PubChem:(75528773);additional	2637826
4	1	N/A	-132.54969591709713	C22H22O13	[M - H2O + H]+	WJYMEDBNOOSKGW	InChI=1S/C22H22O13/c1-32-9-4-7(2-3-8(9)24)21-19(30)17(28)13-10(33-21)5-11(14(25)16(13)27)34-22-20(31)18(29)15(26)12(6-23)35-22/h2-5,12,15,18,20,22-27,29-31H,6H2,1H3	Quercetagetin 3''-methyl ether 7-glucoside	COC1=C(C=CC(=C1)C2=C(C(=O)C3=C(C(=C(C=C3O2)OC4C(C(C(C(O4)CO)O)O)O)O)O)O)O	0.300000012	24069160;44259806;74208821	COCONUT:(CNP0174213);HMDB:(38866);KNApSAcK:(5654);Natural Products:(UNPD124560 UNPD34268);PubChem:(24069160 44259806 74208821);SuperNatural:(SN00311207 SN00353364);PubChem class - bio and metabolites	19955738
5	1	N/A	-133.09449197164042	C22H22O13	[M - H2O + H]+	AFBZFRQNKMLRPU	InChI=1S/C22H22O13/c1-32-20-10(26)5-11-13(15(20)28)16(29)21(19(33-11)7-2-3-8(24)9(25)4-7)35-22-18(31)17(30)14(27)12(6-23)34-22/h2-5,12,14,17-18,22-28,30-31H,6H2,1H3	Patuletin 3-glucoside	COC1=C(C2=C(C=C1O)OC(=C(C2=O)OC3C(C(C(C(O3)CO)O)O)O)C4=CC(=C(C=C4)O)O)O	0.300000012	5320434;11968829;44259776;44259782	COCONUT:(CNP0315685);KNApSAcK:(5638);Natural Products:(UNPD56761 UNPD163391 UNPD23363 UNPD95538);PubChem:(5320434 11968829 44259776 44259782);SuperNatural:(SN00366095 SN00162507 SN00319167 SN00245956 SN00351927);PubMed	3178578
6	1	N/A	-133.22851914907335	C22H22O13	[M - H2O + H]+	AFCDXKGLUDDXCK	InChI=1S/C22H22O13/c1-32-21-11(34-22-19(31)17(29)14(26)12(6-23)35-22)5-10-13(16(21)28)15(27)18(30)20(33-10)7-2-3-8(24)9(25)4-7/h2-5,12,14,17,19,22-26,28-31H,6H2,1H3	Patulitrin	COC1=C(C=C2C(=C1O)C(=O)C(=C(O2)C3=CC(=C(C=C3)O)O)O)OC4C(C(C(C(O4)CO)O)O)O	0.300000012	5320435;5483974;14157911;24720989;44259803;44259804;90659219	NORMAN:(NS00026455);COCONUT:(CNP0188768 CNP0421240);KNApSAcK:(5643);Natural Products:(UNPD129882 UNPD52018 UNPD113566);PubChem:(5320435 5483974 14157911 24720989 44259803 44259804 90659219);SuperNatural:(SN00161549 SN00252708 SN00162506);PubChem class - bio and metabolites;Plantcyc:(CPD-14909);PubMed;Biocyc:(CPD-14909)	20351058
7	1	N/A	-134.3836494091812	C22H22O13	[M - H2O + H]+	HZERVZKWKWJZBZ	InChI=1S/C22H22O13/c1-32-21-16(29)13-11(33-19(21)7-2-3-8(24)9(25)4-7)5-10(26)20(15(13)28)35-22-18(31)17(30)14(27)12(6-23)34-22/h2-5,12,14,17-18,22-28,30-31H,6H2,1H3	Quercetagetin 3-methyl ether 6-glucoside	COC1=C(OC2=C(C1=O)C(=C(C(=C2)O)OC3C(C(C(C(O3)CO)O)O)O)O)C4=CC(=C(C=C4)O)O	0.300000012	44259797	PubChem:(44259797);KNApSAcK:(5635)	18
8	1	N/A	-135.55341456116983	C22H22O13	[M - H2O + H]+	OHSGVBDKNDXXOL	InChI=1S/C22H22O13/c1-32-11-5-10-13(16(27)14(11)25)17(28)19(30)21(33-10)7-2-3-9(8(24)4-7)34-22-20(31)18(29)15(26)12(6-23)35-22/h2-5,12,15,18,20,22-27,29-31H,6H2,1H3	Quercetagetin 7-methyl ether 4''-glucoside	COC1=C(C(=C2C(=C1)OC(=C(C2=O)O)C3=CC(=C(C=C3)OC4C(C(C(C(O4)CO)O)O)O)O)O)O	0.300000012	44259855;100978777	COCONUT:(CNP0258669);KNApSAcK:(13950);Natural Products:(UNPD136020);PubChem:(44259855 100978777);SuperNatural:(SN00296000)	3178514
9	1	N/A	-139.09396971876637	C22H22O13	[M - H2O + H]+	WKICMFGWSYLLKH	InChI=1S/C22H22O13/c1-32-10-4-7(2-3-8(10)24)20-21(35-22-19(31)18(30)15(27)12(6-23)34-22)17(29)13-11(33-20)5-9(25)14(26)16(13)28/h2-5,12,15,18-19,22-28,30-31H,6H2,1H3	Quercetagetin 3''-methyl ether 3-glucoside	COC1=C(C=CC(=C1)C2=C(C(=O)C3=C(O2)C=C(C(=C3O)O)O)OC4C(C(C(C(O4)CO)O)O)O)O	0.300000012	44259778;44259788	COCONUT:(CNP0388802);KNApSAcK:(5652);Natural Products:(UNPD161538 UNPD30829 UNPD76932);PubChem:(44259778 44259788);SuperNatural:(SN00291613 SN00261220);YMDB Mine	34362916882
10	1	N/A	-139.98710049776543	C22H22O13	[M - H2O + H]+	VXAGYKCLEBBUTC	InChI=1S/C22H22O13/c1-32-10-4-7(2-3-8(10)24)20-18(30)16(28)13-9(25)5-11(15(27)21(13)35-20)33-22-19(31)17(29)14(26)12(6-23)34-22/h2-5,12,14,17,19,22-27,29-31H,6H2,1H3	Haploside B	COC1=C(C=CC(=C1)C2=C(C(=O)C3=C(O2)C(=C(C=C3O)OC4C(C(C(C(O4)CO)O)O)O)O)O)O	0.300000012	44260004	COCONUT:(CNP0243474);KNApSAcK:(5708);Natural Products:(UNPD117485 UNPD104906);PubChem:(44260004);SuperNatural:(SN00342669 SN00338723)	3178514
11	1	N/A	-140.031305102709	C22H22O13	[M - H2O + H]+	HBKIRGQPEXVXGB	InChI=1S/C22H22O13/c1-32-19-11(27)5-10(26)13-15(29)21(35-22-17(31)16(30)14(28)12(6-23)33-22)18(34-20(13)19)7-2-3-8(24)9(25)4-7/h2-5,12,14,16-17,22-28,30-31H,6H2,1H3	Corniculatusin 3-glucoside	COC1=C(C=C(C2=C1OC(=C(C2=O)OC3C(C(C(C(O3)CO)O)O)O)C4=CC(=C(C=C4)O)O)O)O	0.300000012	5321870;21722018;22524526;44259976;44259984	COCONUT:(CNP0208385);KNApSAcK:(5704);Natural Products:(UNPD18594 UNPD111452 UNPD116126);PubChem:(5321870 21722018 22524526 44259976 44259984);SuperNatural:(SN00168880 SN00258318 SN00308350)	3178514
12	1	N/A	-141.32046254024985	C22H22O13	[M - H2O + H]+	IWSJENJUUGEQNR	InChI=1S/C22H22O13/c1-32-21-15(29)13-10(26)5-11(27)19(35-22-17(31)16(30)14(28)12(6-23)33-22)20(13)34-18(21)7-2-3-8(24)9(25)4-7/h2-5,12,14,16-17,22-28,30-31H,6H2,1H3	null	COC1=C(OC2=C(C1=O)C(=CC(=C2OC3C(C(C(C(O3)CO)O)O)O)O)O)C4=CC(=C(C=C4)O)O	-0.430212826	""	COCONUT:(CNP0088752 CNP0116370);SuperNatural:(SN00161912);KEGG Mine	8593080320
13	1	N/A	-141.50680371732014	C22H22O13	[M - H2O + H]+	AGKJZAUTPQSZRO	InChI=1S/C22H22O13/c1-32-11-5-10-13(16(28)14(11)26)17(29)21(20(33-10)7-2-3-8(24)9(25)4-7)35-22-19(31)18(30)15(27)12(6-23)34-22/h2-5,12,15,18-19,22-28,30-31H,6H2,1H3	Quercetagetin 7-methyl ether 3-glucoside	COC1=C(C(=C2C(=C1)OC(=C(C2=O)OC3C(C(C(C(O3)CO)O)O)O)C4=CC(=C(C=C4)O)O)O)O	0.300000012	44259787;100978776	COCONUT:(CNP0344050);KNApSAcK:(5651);Natural Products:(UNPD42998 UNPD77444);PubChem:(44259787 100978776);SuperNatural:(SN00314733 SN00252392)	3178514
14	1	N/A	-149.17360766157063	C22H22O13	[M - H2O + H]+	LEOBQMJSFAJIDQ	InChI=1S/C22H22O13/c1-32-11-5-10(26)13-15(28)17(30)19(7-2-3-8(24)9(25)4-7)34-21(13)20(11)35-22-18(31)16(29)14(27)12(6-23)33-22/h2-5,12,14,16,18,22-27,29-31H,6H2,1H3	Ranupenin 8-glucoside	COC1=C(C2=C(C(=C1)O)C(=O)C(=C(O2)C3=CC(=C(C=C3)O)O)O)OC4C(C(C(C(O4)CO)O)O)O	0.300000012	44259982	COCONUT:(CNP0316371);KNApSAcK:(5700);Natural Products:(UNPD75855);PubChem:(44259982);SuperNatural:(SN00332531);KEGG Mine	8593113106
15	1	N/A	-150.41468364737509	C22H22O13	[M - H2O + H]+	BEFLEGLDYKEXPG	InChI=1S/C22H22O13/c1-32-11-5-10-13(15(27)18(30)20(33-10)7-2-3-8(24)9(25)4-7)16(28)21(11)35-22-19(31)17(29)14(26)12(6-23)34-22/h2-5,12,14,17,19,22-26,28-31H,6H2,1H3	Quercetagetin 7-methyl ether 6-glucoside	COC1=C(C(=C2C(=C1)OC(=C(C2=O)O)C3=CC(=C(C=C3)O)O)O)OC4C(C(C(C(O4)CO)O)O)O	0.300000012	44259854;122213617	COCONUT:(CNP0182013);KNApSAcK:(13949);Natural Products:(UNPD228246);PubChem:(44259854 122213617);SuperNatural:(SN00143496)	3178514
16	1	N/A	-151.8219344202764	C22H22O13	[M - H2O + H]+	XHJUTGOKRFRRGS	InChI=1S/C22H22O13/c1-32-11-5-10(26)13-16(29)21(35-22-18(31)17(30)14(27)12(6-23)33-22)19(34-20(13)15(11)28)7-2-3-8(24)9(25)4-7/h2-5,12,14,17-18,22-28,30-31H,6H2,1H3	Ranupenin 3-galactoside	COC1=C(C2=C(C(=C1)O)C(=O)C(=C(O2)C3=CC(=C(C=C3)O)O)OC4C(C(C(C(O4)CO)O)O)O)O	0.300000012	44259974;100997936	COCONUT:(CNP0280791);KNApSAcK:(5698);Natural Products:(UNPD95240 UNPD160587);PubChem:(44259974 100997936);SuperNatural:(SN00400254 SN00346329)	3178514
17	1	N/A	-151.87236678253075	C22H22O13	[M - H2O + H]+	RGKGMHFSTIUBJZ	InChI=1S/C22H22O13/c1-6-13(27)16(30)17(31)22(33-6)35-21-15(29)12-8(23)5-11(26)19(32-2)20(12)34-18(21)7-3-9(24)14(28)10(25)4-7/h3-6,13,16-17,22-28,30-31H,1-2H3	Hibiscetin 8-methyl ether 3-rhamnoside	CC1C(C(C(C(O1)OC2=C(OC3=C(C2=O)C(=CC(=C3OC)O)O)C4=CC(=C(C(=C4)O)O)O)O)O)O	0.5	44260033;101929800	PubChem:(44260033 101929800);KNApSAcK:(5794)	18
18	1	N/A	-153.1794947233491	C22H22O13	[M - H2O + H]+	VILWYXXAYVMNPA	InChI=1S/C22H22O13/c1-6-13(26)17(30)18(31)22(33-6)35-21-16(29)12-8(23)5-11(32-2)15(28)20(12)34-19(21)7-3-9(24)14(27)10(25)4-7/h3-6,13,17-18,22-28,30-31H,1-2H3	null	CC1C(C(C(C(O1)OC2=C(OC3=C(C2=O)C(=CC(=C3O)OC)O)C4=CC(=C(C(=C4)O)O)O)O)O)O	0.5	38357467	COCONUT:(CNP0034418);PubChem:(38357467);SuperNatural:(SN00029528);ZINC bio:(ZINC31164094)	3153922
19	1	N/A	-157.24972449471858	C22H22O13	[M - H2O + H]+	SJRKICDKULXZRW	InChI=1S/C22H22O13/c1-33-19-12(34-22-18(30)16(28)17(29)20(35-22)21(31)32)7-10(24)13(15(19)27)14(26)11(25)6-8-3-2-4-9(23)5-8/h2-5,7,16-18,20,22-24,27-30H,6H2,1H3,(H,31,32)	null	COC1=C(C=C(C(=C1O)C(=O)C(=O)CC2=CC(=CC=C2)O)O)OC3C(C(C(C(O3)C(=O)O)O)O)O	0.400000006	131835135	HMDB:(128838);PubChem:(131835135);PubChem class - bio and metabolites	16777226
20	1	N/A	-158.56976959186164	C22H22O13	[M - H2O + H]+	VMIWGSVHZGYAFP	InChI=1S/C22H22O13/c1-33-19-12(25)7-10(23)13(15(19)27)14(26)11(24)6-8-3-2-4-9(5-8)34-22-18(30)16(28)17(29)20(35-22)21(31)32/h2-5,7,16-18,20,22-23,25,27-30H,6H2,1H3,(H,31,32)	null	COC1=C(C=C(C(=C1O)C(=O)C(=O)CC2=CC(=CC=C2)OC3C(C(C(C(O3)C(=O)O)O)O)O)O)O	0.400000006	131835137	HMDB:(128840);PubChem:(131835137);PubChem class - bio and metabolites	16777226
21	1	N/A	-162.2350178692343	C22H22O13	[M - H2O + H]+	OSMJWZGKMBVBFK	InChI=1S/C22H22O13/c1-32-20-10(26)5-11-13(21(20)35-22-18(31)16(29)14(27)12(6-23)34-22)15(28)17(30)19(33-11)7-2-3-8(24)9(25)4-7/h2-5,12,14,16,18,22-27,29-31H,6H2,1H3	Patuletin 5-glucoside	COC1=C(C2=C(C=C1O)OC(=C(C2=O)O)C3=CC(=C(C=C3)O)O)OC4C(C(C(C(O4)CO)O)O)O	-0.200000003	44259802	COCONUT:(CNP0104587);KNApSAcK:(5642);Natural Products:(UNPD46548);PubChem:(44259802);SuperNatural:(SN00339715)	3178514
22	1	N/A	-163.89851463699057	C22H22O13	[M - H2O + H]+	BWVLOICUZVJWAO	InChI=1S/C22H22O13/c1-32-21-17(29)14-9(25)4-8(24)5-11(14)33-20(21)7-2-10(26)15(27)12(3-7)34-22-19(31)18(30)16(28)13(6-23)35-22/h2-5,13,16,18-19,22-28,30-31H,6H2,1H3	Annulatin 3''-glucoside	COC1=C(OC2=CC(=CC(=C2C1=O)O)O)C3=CC(=C(C(=C3)OC4C(C(C(C(O4)CO)O)O)O)O)O	0.300000012	44259705	COCONUT:(CNP0185955);KNApSAcK:(5752);Natural Products:(UNPD184966 UNPD150863);PubChem:(44259705);SuperNatural:(SN00328270 SN00360866)	3178514
23	1	N/A	-164.5252070683133	C22H22O13	[M - H2O + H]+	SCHVWZLYQPLPJV	InChI=1S/C22H22O13/c1-32-20-10(26)2-7(3-11(20)27)19-21(16(29)14-9(25)4-8(24)5-12(14)33-19)35-22-18(31)17(30)15(28)13(6-23)34-22/h2-5,13,15,17-18,22-28,30-31H,6H2,1H3	Myricetin 4''-methyl ether 3-O-beta-D-galactopyranoside	COC1=C(C=C(C=C1O)C2=C(C(=O)C3=C(C=C(C=C3O2)O)O)OC4C(C(C(C(O4)CO)O)O)O)O	0.300000012	15479950;44259503;73196016;101036024	COCONUT:(CNP0206814 CNP0232196);KNApSAcK:(11180);Natural Products:(UNPD69817 UNPD214466);PubChem:(15479950 44259503 73196016 101036024);SuperNatural:(SN00039549 SN00315368);YMDB Mine;ZINC bio:(ZINC59587489);additional;Training Set	34363465746
24	1	N/A	-165.94741026344033	C22H22O13	[M - H2O + H]+	RUJHFBFKZCYVLZ	InChI=1S/C22H22O13/c1-32-11-2-7(21-19(30)17(28)14-9(25)4-8(24)5-10(14)33-21)3-12(15(11)26)34-22-20(31)18(29)16(27)13(6-23)35-22/h2-5,13,16,18,20,22-27,29-31H,6H2,1H3	Myricomplanoside	COC1=C(C(=CC(=C1)C2=C(C(=O)C3=C(C=C(C=C3O2)O)O)O)OC4C(C(C(C(O4)CO)O)O)O)O	0.300000012	5319987;5487255;44259484	COCONUT:(CNP0096319 CNP0300604);KNApSAcK:(5764);Natural Products:(UNPD8730 UNPD56663);PubChem:(5319987 5487255 44259484);SuperNatural:(SN00160504);MeSH:(5487255);PubMed	3178582
25	1	N/A	-166.0947813854973	C22H22O13	[M - H2O + H]+	MEDDWISTHXWBPP	InChI=1S/C22H22O13/c1-32-20-10(26)5-11-13(15(20)28)16(29)21(19(33-11)8-3-2-7(24)4-9(8)25)35-22-18(31)17(30)14(27)12(6-23)34-22/h2-5,12,14,17-18,22-28,30-31H,6H2,1H3	null	COC1=C(C2=C(C=C1O)OC(=C(C2=O)OC3C(C(C(C(O3)CO)O)O)O)C4=C(C=C(C=C4)O)O)O	0.300000012	16735833;16122899;57853602;68942801	COCONUT:(CNP0173762);Natural Products:(UNPD195799);PubChem:(16735833 16122899 57853602 68942801);SuperNatural:(SN00305842)	3178498
26	1	N/A	-166.40329406971074	C22H22O13	[M - H2O + H]+	RYNAOBGBCUAALB	InChI=1S/C22H22O13/c1-33-9-4-2-8(3-5-9)6-11(24)14(25)13-10(23)7-12(15(26)16(13)27)34-22-19(30)17(28)18(29)20(35-22)21(31)32/h2-5,7,17-20,22-23,26-30H,6H2,1H3,(H,31,32)	null	COC1=CC=C(C=C1)CC(=O)C(=O)C2=C(C(=C(C=C2O)OC3C(C(C(C(O3)C(=O)O)O)O)O)O)O	0.400000006	131833860	HMDB:(127522);PubChem:(131833860);PubChem class - bio and metabolites	16777226
27	1	N/A	-166.9998933882233	C22H22O13	[M - H2O + H]+	QWCIGMJJPZMJFW	InChI=1S/C22H22O13/c1-33-9-4-2-3-8(5-9)6-11(24)14(25)13-10(23)7-12(15(26)16(13)27)34-22-19(30)17(28)18(29)20(35-22)21(31)32/h2-5,7,17-20,22-23,26-30H,6H2,1H3,(H,31,32)	null	COC1=CC=CC(=C1)CC(=O)C(=O)C2=C(C(=C(C=C2O)OC3C(C(C(C(O3)C(=O)O)O)O)O)O)O	0.400000006	131835110	HMDB:(128813);PubChem:(131835110);PubChem class - bio and metabolites	16777226
28	1	N/A	-171.48201824224563	C22H22O13	[M - H2O + H]+	QFCUXEBMDVOUDU	InChI=1S/C22H22O13/c1-32-19-10(34-22-17(29)14(26)16(28)20(35-22)21(30)31)6-9-11(13(19)25)12(24)15(27)18(33-9)7-3-2-4-8(23)5-7/h2-6,14-18,20,22-23,25-29H,1H3,(H,30,31)	null	COC1=C(C=C2C(=C1O)C(=O)C(C(O2)C3=CC(=CC=C3)O)O)OC4C(C(C(C(O4)C(=O)O)O)O)O	0.300000012	131835130	HMDB:(128833);PubChem:(131835130);PubChem class - bio and metabolites	16777226
29	1	N/A	-171.85685337289982	C22H22O13	[M - H2O + H]+	QHMGJOHHGRORIG	InChI=1S/C22H22O13/c1-33-19-11(25)7-12(34-22-18(30)16(28)17(29)20(35-22)21(31)32)13(15(19)27)14(26)10(24)6-8-3-2-4-9(23)5-8/h2-5,7,16-18,20,22-23,25,27-30H,6H2,1H3,(H,31,32)	null	COC1=C(C(=C(C=C1O)OC2C(C(C(C(O2)C(=O)O)O)O)O)C(=O)C(=O)CC3=CC(=CC=C3)O)O	0.400000006	131835136	HMDB:(128839);PubChem:(131835136);PubChem class - bio and metabolites	16777226
30	1	N/A	-173.82442263142244	C22H22O13	[M - H2O + H]+	RHEBLZMGDJLCAS	InChI=1S/C22H22O13/c1-32-8-4-2-7(3-5-8)19-16(27)14(25)11-9(33-19)6-10(12(23)13(11)24)34-22-18(29)15(26)17(28)20(35-22)21(30)31/h2-6,15-20,22-24,26-29H,1H3,(H,30,31)	null	COC1=CC=C(C=C1)C2C(C(=O)C3=C(C(=C(C=C3O2)OC4C(C(C(C(O4)C(=O)O)O)O)O)O)O)O	0.300000012	131833855	HMDB:(127517);PubChem:(131833855);PubChem class - bio and metabolites	16777226
31	1	N/A	-174.3724001854765	C22H22O13	[M - H2O + H]+	BRPFRKIPFWRURO	InChI=1S/C22H22O13/c1-32-8-4-2-3-7(5-8)19-16(27)14(25)11-9(33-19)6-10(12(23)13(11)24)34-22-18(29)15(26)17(28)20(35-22)21(30)31/h2-6,15-20,22-24,26-29H,1H3,(H,30,31)	null	COC1=CC=CC(=C1)C2C(C(=O)C3=C(C(=C(C=C3O2)OC4C(C(C(C(O4)C(=O)O)O)O)O)O)O)O	0.300000012	131835106	HMDB:(128809);PubChem:(131835106);PubChem class - bio and metabolites	16777226
32	1	N/A	-174.69873272478458	C22H22O13	[M - H2O + H]+	ODXINVOINFDDDD	InChI=1S/C22H22O13/c1-32-12-3-7(2-10(26)15(12)27)20-21(17(29)14-9(25)4-8(24)5-11(14)33-20)35-22-19(31)18(30)16(28)13(6-23)34-22/h2-5,13,16,18-19,22-28,30-31H,6H2,1H3	Laricitrin 3-glucoside	COC1=CC(=CC(=C1O)O)C2=C(C(=O)C3=C(C=C(C=C3O2)O)O)OC4C(C(C(C(O4)CO)O)O)O	0.300000012	44259474;44259475;101682256;101416649	COCONUT:(CNP0094878 CNP0204497);KNApSAcK:(5760);Natural Products:(UNPD73305 UNPD154467 UNPD191394 UNPD103758 UNPD154581);PubChem:(44259474 44259475 101682256 101416649);SuperNatural:(SN00379857 SN00225515 SN00370422 SN00163611);YMDB Mine	34362916882
33	1	N/A	-176.44928838180996	C22H22O13	[M - H2O + H]+	KKYVVVMQLVLOBQ	InChI=1S/C22H22O13/c1-32-18-9(24)6-10-11(12(25)14(27)17(33-10)7-3-2-4-8(23)5-7)19(18)34-22-16(29)13(26)15(28)20(35-22)21(30)31/h2-6,13-17,20,22-24,26-29H,1H3,(H,30,31)	null	COC1=C(C2=C(C=C1O)OC(C(C2=O)O)C3=CC(=CC=C3)O)OC4C(C(C(C(O4)C(=O)O)O)O)O	-0.300000012	131835129	HMDB:(128832);PubChem:(131835129);PubChem class - bio and metabolites	16777226
34	1	N/A	-178.28104107590644	C22H22O13	[M - H2O + H]+	RFBGFYTVBQOYEW	InChI=1S/C22H22O13/c1-33-18-12(26)7-10(24)13(14(27)11(25)6-8-3-2-4-9(23)5-8)19(18)34-22-17(30)15(28)16(29)20(35-22)21(31)32/h2-5,7,15-17,20,22-24,26,28-30H,6H2,1H3,(H,31,32)	null	COC1=C(C=C(C(=C1OC2C(C(C(C(O2)C(=O)O)O)O)O)C(=O)C(=O)CC3=CC(=CC=C3)O)O)O	0.400000006	131835134	HMDB:(128837);PubChem:(131835134);PubChem class - bio and metabolites	16777226
35	1	N/A	-180.00040238104782	C22H22O13	[M - H2O + H]+	AXESFYBOLSUXGJ	InChI=1S/C22H22O13/c1-33-9-4-2-8(3-5-9)6-11(24)14(26)13-10(23)7-12(25)19(15(13)27)34-22-18(30)16(28)17(29)20(35-22)21(31)32/h2-5,7,16-18,20,22-23,25,27-30H,6H2,1H3,(H,31,32)	null	COC1=CC=C(C=C1)CC(=O)C(=O)C2=C(C(=C(C=C2O)O)OC3C(C(C(C(O3)C(=O)O)O)O)O)O	0.400000006	131833858	HMDB:(127520);PubChem:(131833858);PubChem class - bio and metabolites	16777226
36	1	N/A	-180.59700169956062	C22H22O13	[M - H2O + H]+	VRUUNVZTFPFMCT	InChI=1S/C22H22O13/c1-33-9-4-2-3-8(5-9)6-11(24)14(26)13-10(23)7-12(25)19(15(13)27)34-22-18(30)16(28)17(29)20(35-22)21(31)32/h2-5,7,16-18,20,22-23,25,27-30H,6H2,1H3,(H,31,32)	null	COC1=CC=CC(=C1)CC(=O)C(=O)C2=C(C(=C(C=C2O)O)OC3C(C(C(C(O3)C(=O)O)O)O)O)O	0.400000006	131835109	HMDB:(128812);PubChem:(131835109);PubChem class - bio and metabolites	16777226
37	1	N/A	-185.14896014053195	C22H22O13	[M - H2O + H]+	YCDIMXDFZQSNTR	InChI=1S/C22H22O13/c1-32-11-4-7(2-3-9(11)23)19-16(27)14(25)13-10(24)5-8(6-12(13)34-19)33-22-18(29)15(26)17(28)20(35-22)21(30)31/h2-6,15-20,22-24,26-29H,1H3,(H,30,31)	null	COC1=C(C=CC(=C1)C2C(C(=O)C3=C(C=C(C=C3O2)OC4C(C(C(C(O4)C(=O)O)O)O)O)O)O)O	0.300000012	131832974	HMDB:(126578);PubChem:(131832974);PubChem class - bio and metabolites	16777226
38	1	N/A	-186.25226852888068	C22H22O13	[M - H2O + H]+	LBICNNYGWPLZRJ	InChI=1S/C22H22O13/c1-32-10-4-7(2-3-9(10)24)19-16(27)14(25)13-11(33-19)5-8(23)6-12(13)34-22-18(29)15(26)17(28)20(35-22)21(30)31/h2-6,15-20,22-24,26-29H,1H3,(H,30,31)	null	COC1=C(C=CC(=C1)C2C(C(=O)C3=C(O2)C=C(C=C3OC4C(C(C(C(O4)C(=O)O)O)O)O)O)O)O	-0.300000012	131832975	HMDB:(126579);PubChem:(131832975);PubChem class - bio and metabolites	16777226
39	1	N/A	-186.68958723233968	C22H22O13	[M - H2O + H]+	LWWDQZSDQLKSBB	InChI=1S/C22H22O13/c1-32-19-9(23)6-10-11(13(19)25)12(24)15(27)18(34-10)7-3-2-4-8(5-7)33-22-17(29)14(26)16(28)20(35-22)21(30)31/h2-6,14-18,20,22-23,25-29H,1H3,(H,30,31)	null	COC1=C(C2=C(C=C1O)OC(C(C2=O)O)C3=CC(=CC=C3)OC4C(C(C(C(O4)C(=O)O)O)O)O)O	0.300000012	131835131	HMDB:(128834);PubChem:(131835131);PubChem class - bio and metabolites	16777226
40	1	N/A	-187.06128020623743	C22H22O13	[M - H2O + H]+	MIXPHKVHUNRPCY	InChI=1S/C22H22O13/c1-32-12-3-7(2-10(25)15(12)26)21-19(30)17(28)14-9(24)4-8(5-11(14)34-21)33-22-20(31)18(29)16(27)13(6-23)35-22/h2-5,13,16,18,20,22-27,29-31H,6H2,1H3	Laricitrin 7-glucoside	COC1=CC(=CC(=C1O)O)C2=C(C(=O)C3=C(C=C(C=C3O2)OC4C(C(C(C(O4)CO)O)O)O)O)O	0.300000012	5491649;44259483	COCONUT:(CNP0143402);KNApSAcK:(5763);Natural Products:(UNPD188152);PubChem:(5491649 44259483);SuperNatural:(SN00277882)	3178514
41	1	N/A	-189.09408317396708	C22H22O13	[M - H2O + H]+	IRVBUNCXQZQIRJ	InChI=1S/C22H22O13/c1-33-9-4-2-8(3-5-9)6-10(23)14(25)13-12(7-11(24)15(26)16(13)27)34-22-19(30)17(28)18(29)20(35-22)21(31)32/h2-5,7,17-20,22,24,26-30H,6H2,1H3,(H,31,32)	null	COC1=CC=C(C=C1)CC(=O)C(=O)C2=C(C=C(C(=C2O)O)O)OC3C(C(C(C(O3)C(=O)O)O)O)O	0.400000006	131833859	HMDB:(127521);PubChem:(131833859);PubChem class - bio and metabolites	16777226
42	1	N/A	-189.69068249247965	C22H22O13	[M - H2O + H]+	LBVBUTZKYKOHJA	InChI=1S/C22H22O13/c1-33-9-4-2-3-8(5-9)6-10(23)14(25)13-12(7-11(24)15(26)16(13)27)34-22-19(30)17(28)18(29)20(35-22)21(31)32/h2-5,7,17-20,22,24,26-30H,6H2,1H3,(H,31,32)	null	COC1=CC=CC(=C1)CC(=O)C(=O)C2=C(C=C(C(=C2O)O)O)OC3C(C(C(C(O3)C(=O)O)O)O)O	0.400000006	131835111	HMDB:(128814);PubChem:(131835111);PubChem class - bio and metabolites	16777226
43	1	N/A	-192.22652574848757	C22H22O13	[M - H2O + H]+	JRIJCTZIZZPYSD	InChI=1S/C22H22O13/c1-32-11-4-8(24)5-12-14(11)17(29)21(20(33-12)7-2-9(25)15(27)10(26)3-7)35-22-19(31)18(30)16(28)13(6-23)34-22/h2-5,13,16,18-19,22-28,30-31H,6H2,1H3	Myricetin 5-methyl ether 3-glucoside	COC1=CC(=CC2=C1C(=O)C(=C(O2)C3=CC(=C(C(=C3)O)O)O)OC4C(C(C(C(O4)CO)O)O)O)O	-0.200000003	44259534;44259535	COCONUT:(CNP0262256);KNApSAcK:(5754);Natural Products:(UNPD175778);PubChem:(44259534 44259535);SuperNatural:(SN00321381);YMDB Mine	34362916882
44	1	N/A	-197.88150370300673	C22H22O13	[M - H2O + H]+	JQEFLNVZELQNEL	InChI=1S/C22H22O13/c1-31-15-3-8(2-12(26)18(15)27)13-6-11(25)17-10(24)4-9(5-14(17)32-13)34-35-22-21(30)20(29)19(28)16(7-23)33-22/h2-6,16,19-24,26-30H,7H2,1H3	null	COC1=CC(=CC(=C1O)O)C2=CC(=O)C3=C(C=C(C=C3O2)OOC4C(C(C(C(O4)CO)O)O)O)O	0.180126503	""	COCONUT:(CNP0080739)	2097152
45	1	N/A	-201.12057993036544	C22H22O13	[M - H2O + H]+	QKNNNKCXAGPLFR	InChI=1S/C22H22O13/c1-32-11-4-7(19-16(27)14(25)13-9(24)5-8(23)6-12(13)33-19)2-3-10(11)34-22-18(29)15(26)17(28)20(35-22)21(30)31/h2-6,15-20,22-24,26-29H,1H3,(H,30,31)	null	COC1=C(C=CC(=C1)C2C(C(=O)C3=C(C=C(C=C3O2)O)O)O)OC4C(C(C(C(O4)C(=O)O)O)O)O	0.300000012	131832976	HMDB:(126580);PubChem:(131832976);PubChem class - bio and metabolites	16777226
46	1	N/A	-201.4457079000988	C22H22O13	[M - H2O + H]+	IVDLSGZJKMFVDZ	InChI=1S/C22H22O13/c1-32-8-4-2-7(3-5-8)18-15(27)13(25)11-10(33-18)6-9(23)12(24)19(11)34-22-17(29)14(26)16(28)20(35-22)21(30)31/h2-6,14-18,20,22-24,26-29H,1H3,(H,30,31)	null	COC1=CC=C(C=C1)C2C(C(=O)C3=C(O2)C=C(C(=C3OC4C(C(C(C(O4)C(=O)O)O)O)O)O)O)O	-0.300000012	131833856	HMDB:(127518);PubChem:(131833856);PubChem class - bio and metabolites	16777226
47	1	N/A	-201.9936854541527	C22H22O13	[M - H2O + H]+	HNXKIYNRKUDGPM	InChI=1S/C22H22O13/c1-32-8-4-2-3-7(5-8)18-15(27)13(25)11-10(33-18)6-9(23)12(24)19(11)34-22-17(29)14(26)16(28)20(35-22)21(30)31/h2-6,14-18,20,22-24,26-29H,1H3,(H,30,31)	null	COC1=CC=CC(=C1)C2C(C(=O)C3=C(O2)C=C(C(=C3OC4C(C(C(C(O4)C(=O)O)O)O)O)O)O)O	-0.300000012	131835104	HMDB:(128807);PubChem:(131835104);PubChem class - bio and metabolites	16777226
48	1	N/A	-202.34692001927587	C22H22O13	[M - H2O + H]+	LJRRKKBGERJUDE	InChI=1S/C22H22O13/c1-32-7-2-3-8(10(23)4-7)9-6-33-11-5-12(15(25)16(26)13(11)14(9)24)34-22-19(29)17(27)18(28)20(35-22)21(30)31/h2-5,9,17-20,22-23,25-29H,6H2,1H3,(H,30,31)	null	COC1=CC(=C(C=C1)C2COC3=CC(=C(C(=C3C2=O)O)O)OC4C(C(C(C(O4)C(=O)O)O)O)O)O	0.600000024	131837655	HMDB:(133847);PubChem:(131837655);PubChem class - bio and metabolites	16777226
49	1	N/A	-203.1300435867191	C22H22O13	[M - H2O + H]+	ADZVQTOLVGOLAN	InChI=1S/C22H22O13/c1-32-11-4-8(33-22-20(31)18(29)16(27)13(6-23)35-22)5-12-14(11)17(28)19(30)21(34-12)7-2-9(24)15(26)10(25)3-7/h2-5,13,16,18,20,22-27,29-31H,6H2,1H3	Myricetin 5-methyl ether 7-glucoside	COC1=CC(=CC2=C1C(=O)C(=C(O2)C3=CC(=C(C(=C3)O)O)O)O)OC4C(C(C(C(O4)CO)O)O)O	-0.200000003	44259537;60052891;57691839	PubChem:(44259537 60052891 57691839);KNApSAcK:(5757)	18
50	1	N/A	-203.3518510890368	C22H22O13	[M - H2O + H]+	ZJQXSFJKLXEZKI	InChI=1S/C22H22O13/c1-33-13-5-8(2-3-10(13)24)4-12(26)16(27)15-11(25)6-9(23)7-14(15)34-22-19(30)17(28)18(29)20(35-22)21(31)32/h2-3,5-7,17-20,22-25,28-30H,4H2,1H3,(H,31,32)	null	COC1=C(C=CC(=C1)CC(=O)C(=O)C2=C(C=C(C=C2OC3C(C(C(C(O3)C(=O)O)O)O)O)O)O)O	0.400000006	131832982	HMDB:(126586);PubChem:(131832982);PubChem class - bio and metabolites	16777226
51	1	N/A	-204.87515962980098	C22H22O13	[M - H2O + H]+	PRTNBNSRKRRRFB	InChI=1S/C22H22O13/c1-33-14-5-8(2-3-10(14)23)4-13(26)16(27)15-11(24)6-9(7-12(15)25)34-22-19(30)17(28)18(29)20(35-22)21(31)32/h2-3,5-7,17-20,22-25,28-30H,4H2,1H3,(H,31,32)	null	COC1=C(C=CC(=C1)CC(=O)C(=O)C2=C(C=C(C=C2O)OC3C(C(C(C(O3)C(=O)O)O)O)O)O)O	0.400000006	131832983	HMDB:(126587);PubChem:(131832983);PubChem class - bio and metabolites	16777226
52	1	N/A	-205.3011887038328	C22H22O13	[M - H2O + H]+	GSLLMQBLSIZDRN	InChI=1S/C22H22O13/c1-32-19-10(25)2-7(3-11(19)26)12-6-9(24)15-13(33-12)4-8(23)5-14(15)34-22-18(29)16(27)17(28)20(35-22)21(30)31/h2-5,12,16-18,20,22-23,25-29H,6H2,1H3,(H,30,31)	null	COC1=C(C=C(C=C1O)C2CC(=O)C3=C(O2)C=C(C=C3OC4C(C(C(C(O4)C(=O)O)O)O)O)O)O	-0.100000001	131831485	HMDB:(124908);PubChem:(131831485);PubChem class - bio and metabolites	16777226
53	1	N/A	-205.84894573228001	C22H22O13	[M - H2O + H]+	APBRKLZTZIEGCZ	InChI=1S/C22H22O13/c1-33-9-4-2-8(3-5-9)6-11(24)14(26)13-10(23)7-12(25)15(27)19(13)34-22-18(30)16(28)17(29)20(35-22)21(31)32/h2-5,7,16-18,20,22-23,25,27-30H,6H2,1H3,(H,31,32)	null	COC1=CC=C(C=C1)CC(=O)C(=O)C2=C(C(=C(C=C2O)O)O)OC3C(C(C(C(O3)C(=O)O)O)O)O	0.400000006	131833861	HMDB:(127523);PubChem:(131833861);PubChem class - bio and metabolites	16777226
54	1	N/A	-206.43924413828333	C22H22O13	[M - H2O + H]+	FFLQVHMLWNWUNK	InChI=1S/C22H22O13/c1-32-19-11(25)2-7(3-12(19)26)13-6-10(24)15-9(23)4-8(5-14(15)34-13)33-22-18(29)16(27)17(28)20(35-22)21(30)31/h2-5,13,16-18,20,22-23,25-29H,6H2,1H3,(H,30,31)	null	COC1=C(C=C(C=C1O)C2CC(=O)C3=C(C=C(C=C3O2)OC4C(C(C(C(O4)C(=O)O)O)O)O)O)O	0.400000006	131831484	HMDB:(124907);PubChem:(131831484);PubChem class - bio and metabolites	16777226
55	1	N/A	-206.44554505079282	C22H22O13	[M - H2O + H]+	KJUVVCOVAYURKE	InChI=1S/C22H22O13/c1-33-9-4-2-3-8(5-9)6-11(24)14(26)13-10(23)7-12(25)15(27)19(13)34-22-18(30)16(28)17(29)20(35-22)21(31)32/h2-5,7,16-18,20,22-23,25,27-30H,6H2,1H3,(H,31,32)	null	COC1=CC=CC(=C1)CC(=O)C(=O)C2=C(C(=C(C=C2O)O)O)OC3C(C(C(C(O3)C(=O)O)O)O)O	0.400000006	131835108	HMDB:(128811);PubChem:(131835108);PubChem class - bio and metabolites	16777226
56	1	N/A	-206.8215583868238	C22H22O13	[M - H2O + H]+	QAQUOCKHGMWZDP	InChI=1S/C22H22O13/c1-31-19-13(27)11-14(28)21(35-22-15(29)12(26)10(25)6-33-22)17(7-3-4-8(23)9(24)5-7)34-18(11)20(32-2)16(19)30/h3-5,10,12,15,22-27,29-30H,6H2,1-2H3	3,5,7,3'',4''-Pentahydroxy-6,8-dimethoxyflavone 3-alpha-L-arabinopyranoside	COC1=C(C(=C2C(=C1O)C(=O)C(=C(O2)C3=CC(=C(C=C3)O)O)OC4C(C(C(CO4)O)O)O)OC)O	0.400000006	44260062	COCONUT:(CNP0183809);KNApSAcK:(5782);Natural Products:(UNPD94428 UNPD12751);PubChem:(44260062);SuperNatural:(SN00282376 SN00393857)	3178514
57	1	N/A	-207.3343754565741	C22H22O13	[M - H2O + H]+	MTDDTBGJODUGBM	InChI=1S/C22H22O13/c1-32-11-3-2-8(15(25)16(11)26)9-6-33-12-5-7(4-10(23)13(12)14(9)24)34-22-19(29)17(27)18(28)20(35-22)21(30)31/h2-5,9,17-20,22-23,25-29H,6H2,1H3,(H,30,31)	null	COC1=C(C(=C(C=C1)C2COC3=CC(=CC(=C3C2=O)O)OC4C(C(C(C(O4)C(=O)O)O)O)O)O)O	0.600000024	131837663	HMDB:(133855);PubChem:(131837663);PubChem class - bio and metabolites	16777226
58	1	N/A	-209.06660548146408	C22H22O13	[M - H2O + H]+	ADYRGDLPWZOODR	InChI=1S/C22H22O13/c1-32-10-3-2-8(15(25)16(10)26)9-6-33-11-4-7(23)5-12(13(11)14(9)24)34-22-19(29)17(27)18(28)20(35-22)21(30)31/h2-5,9,17-20,22-23,25-29H,6H2,1H3,(H,30,31)	null	COC1=C(C(=C(C=C1)C2COC3=C(C2=O)C(=CC(=C3)O)OC4C(C(C(C(O4)C(=O)O)O)O)O)O)O	0.100000001	131837662	HMDB:(133854);PubChem:(131837662);PubChem class - bio and metabolites	16777226
59	1	N/A	-209.65451756846934	C22H22O13	[M - H2O + H]+	KVUQDDXRDVMUBQ	InChI=1S/C22H22O13/c1-32-8-4-2-7(3-5-8)18-15(27)12(24)11-10(33-18)6-9(23)19(13(11)25)34-22-17(29)14(26)16(28)20(35-22)21(30)31/h2-6,14-18,20,22-23,25-29H,1H3,(H,30,31)	null	COC1=CC=C(C=C1)C2C(C(=O)C3=C(O2)C=C(C(=C3O)OC4C(C(C(C(O4)C(=O)O)O)O)O)O)O	0.300000012	131833854	HMDB:(127516);PubChem:(131833854);PubChem class - bio and metabolites	16777226
60	1	N/A	-210.20249512252323	C22H22O13	[M - H2O + H]+	PKZFOXUAVNCTJQ	InChI=1S/C22H22O13/c1-32-8-4-2-3-7(5-8)18-15(27)12(24)11-10(33-18)6-9(23)19(13(11)25)34-22-17(29)14(26)16(28)20(35-22)21(30)31/h2-6,14-18,20,22-23,25-29H,1H3,(H,30,31)	null	COC1=CC=CC(=C1)C2C(C(=O)C3=C(O2)C=C(C(=C3O)OC4C(C(C(C(O4)C(=O)O)O)O)O)O)O	0.300000012	131835105	HMDB:(128808);PubChem:(131835105);PubChem class - bio and metabolites	16777226
61	1	N/A	-212.43034888945581	C22H22O13	[M - H2O + H]+	OMHYRVCNVVHXKI	InChI=1S/C22H22O13/c1-32-8-4-2-7(3-5-8)10-6-9(23)11-12(24)14(26)19(17(29)18(11)33-10)34-22-16(28)13(25)15(27)20(35-22)21(30)31/h2-5,10,13,15-16,20,22,24-29H,6H2,1H3,(H,30,31)	null	COC1=CC=C(C=C1)C2CC(=O)C3=C(C(=C(C(=C3O2)O)OC4C(C(C(C(O4)C(=O)O)O)O)O)O)O	0.400000006	131836404	HMDB:(130218);PubChem:(131836404);PubChem class - bio and metabolites	16777226
62	1	N/A	-213.26386521522664	C22H22O13	[M - H2O + H]+	AGMPVIHPYRJALX	InChI=1S/C22H22O13/c1-32-8-4-9(24)14-12(5-8)33-20(7-2-10(25)15(27)11(26)3-7)21(17(14)29)35-22-19(31)18(30)16(28)13(6-23)34-22/h2-5,13,16,18-19,22-28,30-31H,6H2,1H3	Europetin 3-galactoside	COC1=CC(=C2C(=C1)OC(=C(C2=O)OC3C(C(C(C(O3)CO)O)O)O)C4=CC(=C(C(=C4)O)O)O)O	0.300000012	44259632	KNApSAcK:(5758);PubChem:(44259632);YMDB Mine	34359738386
63	1	N/A	-213.93179560892332	C22H22O13	[M - H2O + H]+	BLIDMIIXYSONGG	InChI=1S/C22H22O13/c1-33-14-5-8(4-12(26)16(27)15-10(24)6-9(23)7-11(15)25)2-3-13(14)34-22-19(30)17(28)18(29)20(35-22)21(31)32/h2-3,5-7,17-20,22-25,28-30H,4H2,1H3,(H,31,32)	null	COC1=C(C=CC(=C1)CC(=O)C(=O)C2=C(C=C(C=C2O)O)O)OC3C(C(C(C(O3)C(=O)O)O)O)O	0.400000006	131832984	HMDB:(126588);PubChem:(131832984);PubChem class - bio and metabolites	16777226
64	1	N/A	-214.8597914996854	C22H22O13	[M - H2O + H]+	DEEPWEQVRSIMBX	InChI=1S/C22H22O13/c1-32-13-2-7(11-6-10(25)15-9(24)4-8(23)5-12(15)33-11)3-14(16(13)26)34-22-19(29)17(27)18(28)20(35-22)21(30)31/h2-5,11,17-20,22-24,26-29H,6H2,1H3,(H,30,31)	null	COC1=C(C(=CC(=C1)C2CC(=O)C3=C(C=C(C=C3O2)O)O)OC4C(C(C(C(O4)C(=O)O)O)O)O)O	0.400000006	131831473	HMDB:(124895);PubChem:(131831473);PubChem class - bio and metabolites	16777226
65	1	N/A	-215.81500353696885	C22H22O13	[M - H2O + H]+	PAJNRXHPOWDBOQ	InChI=1S/C22H22O13/c1-32-8-4-2-7(3-5-8)10-6-9(23)11-18(33-10)14(26)12(24)15(27)19(11)34-22-17(29)13(25)16(28)20(35-22)21(30)31/h2-5,10,13,16-17,20,22,24-29H,6H2,1H3,(H,30,31)	null	COC1=CC=C(C=C1)C2CC(=O)C3=C(O2)C(=C(C(=C3OC4C(C(C(C(O4)C(=O)O)O)O)O)O)O)O	-0.100000001	131836403	HMDB:(130217);PubChem:(131836403);PubChem class - bio and metabolites	16777226
66	1	N/A	-216.31450452034161	C22H22O13	[M - H2O + H]+	SXYXLDBNBRZJSQ	InChI=1S/C22H22O13/c1-32-11-3-2-8(9-6-33-12-5-7(23)4-10(24)13(12)14(9)25)19(15(11)26)34-22-18(29)16(27)17(28)20(35-22)21(30)31/h2-5,9,16-18,20,22-24,26-29H,6H2,1H3,(H,30,31)	null	COC1=C(C(=C(C=C1)C2COC3=CC(=CC(=C3C2=O)O)O)OC4C(C(C(C(O4)C(=O)O)O)O)O)O	0.600000024	131837664	HMDB:(133856);PubChem:(131837664);PubChem class - bio and metabolites	16777226
67	1	N/A	-217.23210202773487	C22H22O13	[M - H2O + H]+	HIUHACSHJBRGDG	InChI=1S/C22H22O13/c1-32-19-11(26)2-7(12-6-10(25)15-9(24)4-8(23)5-13(15)33-12)3-14(19)34-22-18(29)16(27)17(28)20(35-22)21(30)31/h2-5,12,16-18,20,22-24,26-29H,6H2,1H3,(H,30,31)	null	COC1=C(C=C(C=C1OC2C(C(C(C(O2)C(=O)O)O)O)O)C3CC(=O)C4=C(C=C(C=C4O3)O)O)O	0.400000006	131831486	HMDB:(124909);PubChem:(131831486);PubChem class - bio and metabolites	16777226
68	1	N/A	-222.4400378695246	C22H22O13	[M - H2O + H]+	XBIQENZOVWKERZ	InChI=1S/C22H22O13/c1-32-7-2-3-8(9-6-33-12-5-10(23)15(25)16(26)13(12)14(9)24)11(4-7)34-22-19(29)17(27)18(28)20(35-22)21(30)31/h2-5,9,17-20,22-23,25-29H,6H2,1H3,(H,30,31)	null	COC1=CC(=C(C=C1)C2COC3=C(C2=O)C(=C(C(=C3)O)O)O)OC4C(C(C(C(O4)C(=O)O)O)O)O	0.600000024	131837656	HMDB:(133848);PubChem:(131837656);PubChem class - bio and metabolites	16777226
69	1	N/A	-223.26351032015566	C22H22O13	[M - H2O + H]+	DAEXIORWAIMKRV	InChI=1S/C22H22O13/c1-32-14-3-7(2-10(25)16(14)26)11-6-9(24)15-12(33-11)4-8(23)5-13(15)34-22-19(29)17(27)18(28)20(35-22)21(30)31/h2-5,11,17-20,22-23,25-29H,6H2,1H3,(H,30,31)	null	COC1=CC(=CC(=C1O)O)C2CC(=O)C3=C(O2)C=C(C=C3OC4C(C(C(C(O4)C(=O)O)O)O)O)O	-0.100000001	131831471	HMDB:(124893);PubChem:(131831471);PubChem class - bio and metabolites	16777226
70	1	N/A	-223.4279503051483	C22H22O13	[M - H2O + H]+	IYPXWQJYDYOGSS	InChI=1S/C22H22O13/c1-32-14-3-7(2-11(25)16(14)26)12-6-10(24)15-9(23)4-8(5-13(15)34-12)33-22-19(29)17(27)18(28)20(35-22)21(30)31/h2-5,12,17-20,22-23,25-29H,6H2,1H3,(H,30,31)	null	COC1=CC(=CC(=C1O)O)C2CC(=O)C3=C(C=C(C=C3O2)OC4C(C(C(C(O4)C(=O)O)O)O)O)O	0.400000006	131831470	HMDB:(124892);PubChem:(131831470);PubChem class - bio and metabolites	16777226
71	1	N/A	-230.5971269244934	C22H22O13	[M - H2O + H]+	PSFXJZNUKRWYJP	InChI=1S/C22H22O13/c1-32-7-2-3-8(10(23)4-7)9-6-33-12-5-11(24)15(26)19(13(12)14(9)25)34-22-18(29)16(27)17(28)20(35-22)21(30)31/h2-5,9,16-18,20,22-24,26-29H,6H2,1H3,(H,30,31)	null	COC1=CC(=C(C=C1)C2COC3=C(C2=O)C(=C(C(=C3)O)O)OC4C(C(C(C(O4)C(=O)O)O)O)O)O	0.100000001	131837654	HMDB:(133846);PubChem:(131837654);PubChem class - bio and metabolites	16777226
72	1	N/A	-234.04360652730074	C22H22O13	[M - H2O + H]+	OFWLHGMSRVINQJ	InChI=1S/C22H22O13/c1-32-11-3-2-8(9-6-33-12-5-7(23)4-10(24)13(12)14(9)25)15(26)19(11)34-22-18(29)16(27)17(28)20(35-22)21(30)31/h2-5,9,16-18,20,22-24,26-29H,6H2,1H3,(H,30,31)	null	COC1=C(C(=C(C=C1)C2COC3=CC(=CC(=C3C2=O)O)O)O)OC4C(C(C(C(O4)C(=O)O)O)O)O	0.600000024	131837661	HMDB:(133853);PubChem:(131837661);PubChem class - bio and metabolites	16777226
73	1	N/A	-234.90653448468032	C22H22O13	[M - H2O + H]+	LKVWYDWGOHPIMR	InChI=1S/C22H22O13/c1-33-9-5-2-8(3-6-9)4-7-10(23)11-12(24)15(27)19(16(28)13(11)25)34-22-18(30)14(26)17(29)20(35-22)21(31)32/h2-7,14,17-18,20,22,24-30H,1H3,(H,31,32)	null	COC1=CC=C(C=C1)C=CC(=O)C2=C(C(=C(C(=C2O)O)OC3C(C(C(C(O3)C(=O)O)O)O)O)O)O	0.899999976	131836411	PubChem:(131836411);HMDB:(130225)	10
74	1	N/A	-237.2940497385635	C22H22O13	[M - H2O + H]+	AVOFQWCFXQGRJG	InChI=1S/C22H22O13/c1-32-8-4-2-7(3-5-8)10-6-9(23)11-12(24)19(16(28)15(27)18(11)33-10)34-22-17(29)13(25)14(26)20(35-22)21(30)31/h2-5,10,13-14,17,20,22,24-29H,6H2,1H3,(H,30,31)	null	COC1=CC=C(C=C1)C2CC(=O)C3=C(C(=C(C(=C3O2)O)O)OC4C(C(C(C(O4)C(=O)O)O)O)O)O	0.400000006	131836402	HMDB:(130216);PubChem:(131836402);PubChem class - bio and metabolites	16777226
75	1	N/A	-238.62309791003366	C22H22O13	[M - H2O + H]+	WCIKMBXPCSLFSX	InChI=1S/C22H22O13/c1-32-14-3-7(12-6-10(25)15-9(24)4-8(23)5-13(15)33-12)2-11(26)19(14)34-22-18(29)16(27)17(28)20(35-22)21(30)31/h2-5,12,16-18,20,22-24,26-29H,6H2,1H3,(H,30,31)	null	COC1=CC(=CC(=C1OC2C(C(C(C(O2)C(=O)O)O)O)O)O)C3CC(=O)C4=C(C=C(C=C4O3)O)O	0.400000006	131831472	HMDB:(124894);PubChem:(131831472);PubChem class - bio and metabolites	16777226
76	1	N/A	-238.80593659286401	C22H22O13	[M - H2O + H]+	YHJCGYHLTXQCPR	InChI=1S/C22H22O13/c1-32-7-2-3-8(10(23)4-7)9-6-33-12-5-11(24)19(15(26)13(12)14(9)25)34-22-18(29)16(27)17(28)20(35-22)21(30)31/h2-5,9,16-18,20,22-24,26-29H,6H2,1H3,(H,30,31)	null	COC1=CC(=C(C=C1)C2COC3=C(C2=O)C(=C(C(=C3)O)OC4C(C(C(C(O4)C(=O)O)O)O)O)O)O	0.600000024	131837653	HMDB:(133845);PubChem:(131837653);PubChem class - bio and metabolites	16777226
77	1	N/A	-239.1996544066728	C22H22O13	[M - H2O + H]+	NZTVYPOHQKVOBF	InChI=1S/C22H22O13/c1-32-12-3-7(2-10(25)15(12)28)19-21(14(27)9-4-8(24)5-11(26)20(9)34-19)35-22-18(31)17(30)16(29)13(6-23)33-22/h2-5,13,16-18,22-26,28-31H,6H2,1H3	null	COC1=CC(=CC(=C1O)O)C2=C(C(=O)C3=CC(=CC(=C3O2)O)O)OC4C(C(C(C(O4)CO)O)O)O	-0.430212826	""	COCONUT:(CNP0107391);Natural Products:(UNPD40496);SuperNatural:(SN00239045)	3178496
78	1	N/A	-241.18175665353505	C22H22O13	[M - H2O + H]+	KLFIPYJYEFTIOK	InChI=1S/C22H22O13/c1-33-9-5-2-8(3-6-9)4-7-10(23)11-12(24)14(26)16(28)19(13(11)25)34-22-18(30)15(27)17(29)20(35-22)21(31)32/h2-7,15,17-18,20,22,24-30H,1H3,(H,31,32)	null	COC1=CC=C(C=C1)C=CC(=O)C2=C(C(=C(C(=C2O)OC3C(C(C(C(O3)C(=O)O)O)O)O)O)O)O	0.899999976	131836409	PubChem:(131836409);HMDB:(130223)	10
79	1	N/A	-244.06572738723503	C22H22O13	[M - H2O + H]+	LCHIPRCLCHNLCX	InChI=1S/C22H22O13/c1-32-13-5-12(34-22-19(29)17(27)18(28)20(35-22)21(30)31)8(4-10(13)24)9-6-33-14-3-7(23)2-11(25)15(14)16(9)26/h2-5,9,17-20,22-25,27-29H,6H2,1H3,(H,30,31)	null	COC1=C(C=C(C(=C1)OC2C(C(C(C(O2)C(=O)O)O)O)O)C3COC4=CC(=CC(=C4C3=O)O)O)O	0.600000024	131837674	HMDB:(133866);PubChem:(131837674);PubChem class - bio and metabolites	16777226
80	1	N/A	-246.27691388708814	C22H22O13	[M - H2O + H]+	ZGHUWYNRJFLLAJ	InChI=1S/C22H22O13/c1-32-13-5-10(23)8(4-11(13)24)9-6-33-14-3-7(2-12(25)15(14)16(9)26)34-22-19(29)17(27)18(28)20(35-22)21(30)31/h2-5,9,17-20,22-25,27-29H,6H2,1H3,(H,30,31)	null	COC1=C(C=C(C(=C1)O)C2COC3=CC(=CC(=C3C2=O)O)OC4C(C(C(C(O4)C(=O)O)O)O)O)O	0.600000024	131837673	HMDB:(133865);PubChem:(131837673);PubChem class - bio and metabolites	16777226
81	1	N/A	-247.38022227543678	C22H22O13	[M - H2O + H]+	MRSVSRXBVYUGHR	InChI=1S/C22H22O13/c1-32-12-5-10(24)8(4-11(12)25)9-6-33-13-2-7(23)3-14(15(13)16(9)26)34-22-19(29)17(27)18(28)20(35-22)21(30)31/h2-5,9,17-20,22-25,27-29H,6H2,1H3,(H,30,31)	null	COC1=C(C=C(C(=C1)O)C2COC3=C(C2=O)C(=CC(=C3)O)OC4C(C(C(C(O4)C(=O)O)O)O)O)O	0.100000001	131837672	HMDB:(133864);PubChem:(131837672);PubChem class - bio and metabolites	16777226
82	1	N/A	-248.19335572031122	C22H22O13	[M - H2O + H]+	DUDKPSZYIKVVQW	InChI=1S/C22H22O13/c1-33-9-5-2-8(3-6-9)4-7-10(23)11-12(24)13(25)14(26)16(28)19(11)34-22-18(30)15(27)17(29)20(35-22)21(31)32/h2-7,15,17-18,20,22,24-30H,1H3,(H,31,32)	null	COC1=CC=C(C=C1)C=CC(=O)C2=C(C(=C(C(=C2OC3C(C(C(C(O3)C(=O)O)O)O)O)O)O)O)O	0.899999976	131836410	PubChem:(131836410);HMDB:(130224)	10
83	1	N/A	-273.5842258152223	C22H22O13	[M - H2O + H]+	DZKUUKGJFOXGRQ	InChI=1S/C22H22O13/c1-32-12-5-10(24)8(9-6-33-14-3-7(23)2-11(25)15(14)16(9)26)4-13(12)34-22-19(29)17(27)18(28)20(35-22)21(30)31/h2-5,9,17-20,22-25,27-29H,6H2,1H3,(H,30,31)	null	COC1=C(C=C(C(=C1)O)C2COC3=CC(=CC(=C3C2=O)O)O)OC4C(C(C(C(O4)C(=O)O)O)O)O	0.600000024	131837671	HMDB:(133863);PubChem:(131837671);PubChem class - bio and metabolites	16777226
84	1	N/A	-309.33525089899985	C22H22O13	[M - H2O + H]+	ZTUMSEOTWLRUJC	InChI=1S/C22H22O13/c1-31-17-9(23)3-7(4-10(17)24)21(29)33-6-12-14(26)16(28)20-19(34-12)13-8(22(30)35-20)5-11(25)18(32-2)15(13)27/h3-5,12,14,16,19-20,23-28H,6H2,1-2H3	[(2R,3S,4S,4aR,10bS)-3,4,8,10-tetrahydroxy-9-methoxy-6-oxo-3,4,4a,10b-tetrahydro-2H-pyrano[3,2-c]isochromen-2-yl]methyl 3,5-dihydroxy-4-methoxybenzoate	COC1=C(C=C(C=C1O)C(=O)OCC2C(C(C3C(O2)C4=C(C(=C(C=C4C(=O)O3)O)OC)O)O)O)O	0.0	11518852	COCONUT:(CNP0131419);Natural Products:(UNPD182906);PubChem:(11518852);SuperNatural:(SN00401971);KEGG Mine	8593113090
85	1	N/A	-328.79257628333914	C22H22O13	[M - H2O + H]+	OZRNWDQWHRNDOH	InChI=1S/C22H22O13/c1-31-11-4-7(3-9(23)14(11)25)21(29)33-6-12-15(26)17(28)20-19(34-12)13-8(22(30)35-20)5-10(24)18(32-2)16(13)27/h3-5,12,15,17,19-20,23-28H,6H2,1-2H3	null	COC1=CC(=CC(=C1O)O)C(=O)OCC2C(C(C3C(O2)C4=C(C(=C(C=C4C(=O)O3)O)OC)O)O)O	0.0	53253933	COCONUT:(CNP0314509);Natural Products:(UNPD73490);PubChem:(53253933);SuperNatural:(SN00400136);KEGG Mine	8593113090
86	1	N/A	-335.2270842765383	C22H22O13	[M - H2O + H]+	UMIIKEROLULCCZ	InChI=1S/C22H22O13/c1-31-10-3-7(4-11(32-2)15(10)26)21(29)34-19-16(27)12(6-23)33-18-13-8(22(30)35-20(18)19)5-9(24)14(25)17(13)28/h3-5,12,16,18-20,23-28H,6H2,1-2H3	null	COC1=CC(=CC(=C1O)OC)C(=O)OC2C(C(OC3C2OC(=O)C4=CC(=C(C(=C34)O)O)O)CO)O	-0.12355423	""	COCONUT:(CNP0261718)	2097152
87	1	N/A	-357.4606742337742	C22H22O13	[M - H2O + H]+	SZYUZVASEFYUCP	InChI=1S/C22H22O13/c23-11-3-1-9(5-12(11)24)2-4-16(27)35-22-20(31)19(30)18(29)15(34-22)8-33-21(32)10-6-13(25)17(28)14(26)7-10/h1-7,15,18-20,22-26,28-31H,8H2	null	C1=CC(=C(C=C1C=CC(=O)OC2C(C(C(C(O2)COC(=O)C3=CC(=C(C(=C3)O)O)O)O)O)O)O)O	0.0	15126897	COCONUT:(CNP0157362);Natural Products:(UNPD17479);PubChem:(15126897);SuperNatural:(SN00322121)	3178498
88	1	N/A	-383.74693356570384	C22H22O13	[M - H2O + H]+	SBBBRSIXPCDQAG	InChI=1S/C22H22O13/c23-8-15-18(30)20(35-21(32)10-6-13(26)17(29)14(27)7-10)19(31)22(33-15)34-16(28)4-2-9-1-3-11(24)12(25)5-9/h1-7,15,18-20,22-27,29-31H,8H2	[(2S,3R,4S,5R,6R)-2-[(E)-3-(3,4-dihydroxyphenyl)prop-2-enoyl]oxy-3,5-dihydroxy-6-(hydroxymethyl)oxan-4-yl] 3,4,5-trihydroxybenzoate	C1=CC(=C(C=C1C=CC(=O)OC2C(C(C(C(O2)CO)O)OC(=O)C3=CC(=C(C(=C3)O)O)O)O)O)O	0.5	11730725;91069526;102482891	COCONUT:(CNP0221720);Natural Products:(UNPD158547 UNPD47626 UNPD228756);PubChem:(11730725 91069526 102482891);SuperNatural:(SN00327896 SN00376203);PubMed	3178562
89	1	N/A	-384.70737938515964	C22H22O13	[M - H2O + H]+	GFPUDZUPRPFVCH	InChI=1S/C22H22O13/c23-8-15-20(35-21(32)10-6-13(26)17(29)14(27)7-10)18(30)19(31)22(33-15)34-16(28)4-2-9-1-3-11(24)12(25)5-9/h1-7,15,18-20,22-27,29-31H,8H2	null	C1=CC(=C(C=C1C=CC(=O)OC2C(C(C(C(O2)CO)OC(=O)C3=CC(=C(C(=C3)O)O)O)O)O)O)O	0.0	101107021	COCONUT:(CNP0156164);Natural Products:(UNPD161736);PubChem:(101107021)	2129922
90	1	N/A	-395.0700600197002	C22H22O13	[M - H2O + H]+	IBBFQDJMEDTWOD	InChI=1S/C22H22O13/c23-8-15-19(35-21(31)10-6-13(26)17(29)14(27)7-10)20(18(30)22(32)33-15)34-16(28)4-2-9-1-3-11(24)12(25)5-9/h1-7,15,18-20,22-27,29-30,32H,8H2	null	C1=CC(=C(C=C1C=CC(=O)OC2C(C(OC(C2OC(=O)C3=CC(=C(C(=C3)O)O)O)CO)O)O)O)O	0.0	10885519	COCONUT:(CNP0177821);Natural Products:(UNPD134647);PubChem:(10885519);SuperNatural:(SN00270597)	3178498