structureRankPerFormula	formulaRank	ConfidenceScore	CSI:FingerIDScore	molecularFormula	adduct	InChIkey2D	InChI	name	smiles	xlogp	pubchemids	links	dbflags
1	1	0.12303520027778071	-65.53450489834636	C11H14O2	[M + H]+	UCMXTTKAPKCTNV	InChI=1S/C11H14O2/c1-3-9-13-11-8-6-5-7-10(11)12-4-2/h3,5-8H,1,4,9H2,2H3	o-(Allyloxy)phenetole	CCOC1=CC=CC=C1OCC=C	2.81810021	74273	NORMAN:(NS00025452);PubChem:(74273);PubMed	262210
2	1	N/A	-76.75768765603456	C11H14O2	[M + H]+	JLCDSZXBELPBRD	InChI=1S/C11H14O2/c1-3-4-11(12)9-5-7-10(13-2)8-6-9/h5-8H,3-4H2,1-2H3	4-Butyrylanisole	CCCC(=O)C1=CC=C(C=C1)OC	2.69476724	77810	NORMAN:(NS00031011);PubChem class - safety and toxic;PubChem:(77810)	67371010
3	1	N/A	-79.12545159289256	C11H14O2	[M + H]+	NNWHUJCUHAELCL	InChI=1S/C11H14O2/c1-4-5-9-6-7-10(12-2)11(8-9)13-3/h4-8H,1-3H3	Iso-eugenol	CC=CC1=CC(=C(C=C1)OC)OC	2.8052671	7128;1549045;637776;102064466	HMDB:(41553);PubChem class - food;SuperNatural:(SN00158982 SN00001496);ZINC bio:(ZINC00404370 ZINC14680002);MeSH:(7128 637776 1549045);Plantcyc:(ISOMETHYLEUGENOL);PubMed;NORMAN:(NS00012911);COCONUT:(CNP0286991);KNApSAcK:(35131);Natural Products:(UNPD215898 UNPD57961 UNPD125463);PubChem:(7128 1549045 637776 102064466);YMDB Mine;CHEBI:(50550 14469 6877);PubChem class - bio and metabolites;KEGG:(C10478);PubChem class - safety and toxic;Biocyc:(ISOMETHYLEUGENOL)	34581424510
4	1	N/A	-79.27273300903661	C11H14O2	[M + H]+	XGXSLZMKKZHYTA	InChI=1S/C11H14O2/c1-3-10(12)8-9-6-4-5-7-11(9)13-2/h4-7H,3,8H2,1-2H3	1-(2-Methoxyphenyl)butan-2-one	CCC(=O)CC1=CC=CC=C1OC	2.40719199	3015376	PubChem:(3015376);NORMAN:(NS00028303)	262146
5	1	N/A	-82.03052763802366	C11H14O2	[M + H]+	PCBSXBYCASFXTM	InChI=1S/C11H14O2/c1-9(12)3-4-10-5-7-11(13-2)8-6-10/h5-8H,3-4H2,1-2H3	Anisylacetone	CC(=O)CCC1=CC=C(C=C1)OC	2.26340461	61007;135080262	HMDB:(33597);PubChem class - food;SuperNatural:(SN00156096);ZINC bio:(ZINC01235108);additional;PubMed;NORMAN:(NS00012837);COCONUT:(CNP0123166);Natural Products:(UNPD21890);PubChem:(61007 135080262);PubChem class - bio and metabolites;PubChem class - safety and toxic;Training Set	222093386
6	1	N/A	-89.36977250661094	C11H14O2	[M + H]+	HTDQOYWJDUMNHX	InChI=1S/C11H14O2/c1-3-13-11(12)8-10-7-5-4-6-9(10)2/h4-7H,3,8H2,1-2H3	Ethyl o-tolylacetate	CCOC(=O)CC1=CC=CC=C1C	2.80614543	96528	NORMAN:(NS00057469);PubChem class - safety and toxic;PubChem:(96528)	67371010
7	1	N/A	-90.43828761391	C11H14O2	[M + H]+	GKSSPQLFNAMWSE	InChI=1S/C11H14O2/c1-9(12)6-7-10-4-3-5-11(8-10)13-2/h3-5,8H,6-7H2,1-2H3	2-Butanone, 4-(3-methoxyphenyl)-	CC(=O)CCC1=CC(=CC=C1)OC	2.26340461	11423902;135080349	HMDB:(133469);PubChem:(11423902 135080349);PubChem class - bio and metabolites	16777226
8	1	N/A	-91.49866721800068	C11H14O2	[M + H]+	PRHTXAOWJQTLBO	InChI=1S/C11H14O2/c1-8(2)9-5-6-10(12-3)11(7-9)13-4/h5-7H,1H2,2-4H3	Benzene, 1,2-dimethoxy-4-(1-methylethenyl)-	CC(=C)C1=CC(=C(C=C1)OC)OC	2.78774095	13022452	COCONUT:(CNP0310060);Natural Products:(UNPD36640);PubChem:(13022452)	2129922
9	1	N/A	-93.97463190356837	C11H14O2	[M + H]+	KEQISZAPZNSVGM	InChI=1S/C11H14O2/c1-8-6-11(13-3)5-4-10(8)7-9(2)12/h4-6H,7H2,1-3H3	null	CC1=C(C=CC(=C1)OC)CC(=O)C	1.89999998	24721492	PubChem:(24721492);PubChem class - safety and toxic	67108866
10	1	N/A	-95.50644233207703	C11H14O2	[M + H]+	ZYEMGPIYFIJGTP	InChI=1S/C11H14O2/c1-4-5-9-6-7-10(12-2)11(8-9)13-3/h4,6-8H,1,5H2,2-3H3	Allylveratrol	COC1=C(C=C(C=C1)CC=C)OC	2.88861203	7127;101618090;137350232	HMDB:(31864);PubChem class - food;SuperNatural:(SN00045166);ZINC bio:(ZINC00388674);additional;HSDB:(93-15-2);MeSH:(7127);Plantcyc:(CPD-6482);PubMed;NORMAN:(NS00009255);COCONUT:(CNP0137352);KNApSAcK:(50779);Natural Products:(UNPD30490);PubChem:(7127 101618090 137350232);YMDB Mine;CHEBI:(4918);PubChem class - bio and metabolites;KEGG:(C10454);PubChem class - safety and toxic;Training Set;PubChem class - drug;Biocyc:(CPD-6482)	34615520126
11	1	N/A	-96.64492791343153	C11H14O2	[M + H]+	RTYYKCQJSTZADZ	InChI=1S/C11H14O2/c1-3-8-13-11-6-4-10(5-7-11)9(2)12/h4-7H,3,8H2,1-2H3	1-acetyl-4-propoxybenzene	CCCOC1=CC=C(C=C1)C(=O)C	2.53280592	260132	PubChem:(260132);PubChem class - safety and toxic	67108866
12	1	N/A	-96.7604283185046	C11H14O2	[M + H]+	FVUIKLBBHVVLFZ	InChI=1S/C11H14O2/c1-4-6-9-7-5-8-10(12-2)11(9)13-3/h4-8H,1-3H3	3-Propenylveratrole	CC=CC1=C(C(=CC=C1)OC)OC	2.9000001	99861;6051185;21117445	NORMAN:(NS00059088);PubChem:(99861 6051185 21117445);YMDB Mine;ZINC bio:(ZINC01764654)	34360008706
13	1	N/A	-96.95058501372563	C11H14O2	[M + H]+	JAGZUIGGHGTFHO	InChI=1S/C11H14O2/c1-2-13-11(12)9-8-10-6-4-3-5-7-10/h3-7H,2,8-9H2,1H3	Ethyl hydrocinnamate	CCOC(=O)CCC1=CC=CC=C1	2.77198124	16237;12031881;12243321	HMDB:(40411);PubChem class - food;ZINC bio:(ZINC00058257);additional;MeSH:(16237);PubMed;NORMAN:(NS00021817);COCONUT:(CNP0131457);PubChem:(16237 12031881 12243321);PubChem class - bio and metabolites;PubChem class - safety and toxic;Training Set;KEGG Mine	8810946638
14	1	N/A	-98.6048678592813	C11H14O2	[M + H]+	BTRGZBIXPLFVNK	InChI=1S/C11H14O2/c1-3-13-11(12)8-10-6-4-9(2)5-7-10/h4-7H,3,8H2,1-2H3	Ethyl 4-tolylacetate	CCOC(=O)CC1=CC=C(C=C1)C	2.80614543	84175	NORMAN:(NS00024555);PubChem class - safety and toxic;PubChem:(84175)	67371010
15	1	N/A	-99.66532168340751	C11H14O2	[M + H]+	NAFYQPWOHMIWTQ	InChI=1S/C11H14O2/c1-3-4-10-5-7-11(8-6-10)13-9(2)12/h5-8H,3-4H2,1-2H3	p-Propylphenyl acetate	CCCC1=CC=C(C=C1)OC(=O)C	3.14683008	3017292	NORMAN:(NS00034804);PubChem:(3017292);PubMed;ZINC bio:(ZINC14680508)	270402
16	1	N/A	-99.91888195688773	C11H14O2	[M + H]+	FRYMRMPLKQWKEP	InChI=1S/C11H14O2/c1-4-5-9-8-10(12-2)6-7-11(9)13-3/h4,6-8H,1,5H2,2-3H3	1,4-Dimethoxy-2-propenylbenzene	COC1=CC(=C(C=C1)OC)CC=C	2.88861203	92534	PubChem class - safety and toxic;PubChem:(92534);PubMed	67108930
17	1	N/A	-101.69038793554941	C11H14O2	[M + H]+	XRBSUVTUCVHXRB	InChI=1S/C11H14O2/c1-9(2)8-13-11-6-4-3-5-10(11)7-12/h3-7,9H,8H2,1-2H3	2-isobutoxybenzaldehyde	CC(C)COC1=CC=CC=C1C=O	2.67303395	3857528	PubChem:(3857528);PubChem class - safety and toxic	67108866
18	1	N/A	-101.9457500563508	C11H14O2	[M + H]+	LEXYYUGWWDAGQB	InChI=1S/C11H14O2/c1-3-5-9-6-7-10(12)11(8-9)13-4-2/h3,6-8,12H,1,4-5H2,2H3	4-Allyl-2-ethoxyphenol	CCOC1=C(C=CC(=C1)CC=C)O	2.9099226	601250	NORMAN:(NS00046299);COCONUT:(CNP0242687);Natural Products:(UNPD2349);PubChem:(601250)	2392066
19	1	N/A	-102.31292383531235	C11H14O2	[M + H]+	RADIRXJQODWKGQ	InChI=1S/C11H14O2/c1-3-5-9-6-7-11(13-4-2)10(12)8-9/h3,5-8,12H,4H2,1-2H3	Vanitrope	CCOC1=C(C=C(C=C1)C=CC)O	2.9000001	60982;5354280;16666638	NORMAN:(NS00012364);COCONUT:(CNP0359595);HMDB:(40800);PubChem class - food;PubChem:(60982 5354280 16666638);ZINC bio:(ZINC12494739);PubChem class - bio and metabolites;PubChem class - safety and toxic	220471306
20	1	N/A	-103.89480886477544	C11H14O2	[M + H]+	RVIWPVAVHHVQIR	InChI=1S/C11H14O2/c1-3-13-11(12)8-10-6-4-5-9(2)7-10/h4-7H,3,8H2,1-2H3	Ethyl m-tolylacetate	CCOC(=O)CC1=CC=CC(=C1)C	2.80614543	96574	PubChem:(96574);NORMAN:(NS00030716)	262146
21	1	N/A	-104.87875188283267	C11H14O2	[M + H]+	CITAIFOMEIPORB	InChI=1S/C11H14O2/c1-3-5-9-6-7-10(12)11(8-9)13-4-2/h3,5-8,12H,4H2,1-2H3	2-ethoxy-4-[(E)-prop-1-enyl]phenol	CCOC1=C(C=CC(=C1)C=CC)O	2.82657766	6436318	COCONUT:(CNP0328675);Natural Products:(UNPD92505);PubChem:(6436318);SuperNatural:(SN00297187);ZINC bio:(ZINC01995175)	3186690
22	1	N/A	-105.75889889676073	C11H14O2	[M + H]+	UTUVIKZNQWNGIM	InChI=1S/C11H14O2/c1-3-13-11(12)9(2)10-7-5-4-6-8-10/h4-9H,3H2,1-2H3	Ethyl hydratropate	CCOC(=O)C(C)C1=CC=CC=C1	2.69619703	99643;7204861;6933646	NORMAN:(NS00045951);PubChem class - food;PubChem:(99643 7204861 6933646);PubMed	134479938
23	1	N/A	-106.26508139533038	C11H14O2	[M + H]+	UDDCFRISFQHVLR	InChI=1S/C11H14O2/c1-12-9-3-4-10-5-7-11(13-2)8-6-10/h3-8H,9H2,1-2H3	1-methoxy-4-(3-methoxyprop-1-enyl)benzene	COCC=CC1=CC=C(C=C1)OC	2.20000005	10654906;14044886;53446024	COCONUT:(CNP0276419);Natural Products:(UNPD16804);PubChem:(10654906 14044886 53446024);SuperNatural:(SN00249128);ZINC bio:(ZINC14505169)	3186690
24	1	N/A	-107.75736200598246	C11H14O2	[M + H]+	WCIQNYOXLZQQMU	InChI=1S/C11H14O2/c1-3-11(12)13-9(2)10-7-5-4-6-8-10/h4-9H,3H2,1-2H3	Styralyl propionate	CCC(=O)OC(C)C1=CC=CC=C1	2.5	8432;6951696;6951697	HMDB:(40287);PubChem class - food;SuperNatural:(SN00392499);ZINC bio:(ZINC00409238 ZINC00409239);MeSH:(8432);PubMed;NORMAN:(NS00013193);COCONUT:(CNP0247095);Natural Products:(UNPD190378);PubChem:(8432 6951696 6951697);PubChem class - bio and metabolites;PubChem class - safety and toxic	221552718
25	1	N/A	-109.23923671560026	C11H14O2	[M + H]+	HVGZQCSMLUDISR	InChI=1S/C11H14O2/c1-2-11(12)13-9-8-10-6-4-3-5-7-10/h3-7H,2,8-9H2,1H3	Caswell No. 655D	CCC(=O)OCCC1=CC=CC=C1	2.77198124	31225	NORMAN:(NS00003358);COCONUT:(CNP0080166);HMDB:(35013);PubChem class - food;PubChem:(31225);ZINC bio:(ZINC00393781);PubChem class - bio and metabolites;HSDB:(122-70-3);PubChem class - safety and toxic;PubMed	220471882
26	1	N/A	-109.941828822183	C11H14O2	[M + H]+	GFSWFUCBLILOSX	InChI=1S/C11H14O2/c1-2-13-11-7-5-10(6-8-11)4-3-9-12/h3-8,12H,2,9H2,1H3	(E)-3-(4-ethoxyphenyl)prop-2-en-1-ol	CCOC1=CC=C(C=C1)C=CCO	2.0	18539691;53836059	COCONUT:(CNP0418887);Natural Products:(UNPD106001);PubChem:(18539691 53836059);PubMed	2129986
27	1	N/A	-109.95344593322007	C11H14O2	[M + H]+	SSMBXPJYHMZLOJ	InChI=1S/C11H14O2/c1-9(2)13-11(12)8-10-6-4-3-5-7-10/h3-7,9H,8H2,1-2H3	Isopropyl alpha-toluate	CC(C)OC(=O)CC1=CC=CC=C1	2.77528954	62553;101525579	NORMAN:(NS00012768);COCONUT:(CNP0282252);HMDB:(40426);PubChem class - food;PubChem:(62553 101525579);ZINC bio:(ZINC01849853);PubChem class - bio and metabolites;PubChem class - safety and toxic;PubMed	220471370
28	1	N/A	-114.47432098180417	C11H14O2	[M + H]+	PWASYRSZCSTUIW	InChI=1S/C11H14O2/c1-9(2)8-13-11-5-3-10(7-12)4-6-11/h3-7,9H,8H2,1-2H3	4-isobutoxybenzaldehyde	CC(C)COC1=CC=C(C=C1)C=O	2.67303395	249810;59842545	COCONUT:(CNP0310888);PubChem class - safety and toxic;PubChem:(249810 59842545);SuperNatural:(SN00050647);ZINC bio:(ZINC01695179)	70262786
29	1	N/A	-116.77634385592494	C11H14O2	[M + H]+	AQKZSTFCPAOFIV	InChI=1S/C11H14O2/c1-2-9-3-5-10(6-4-9)12-7-11-8-13-11/h3-6,11H,2,7-8H2,1H3	4-Ethylphenyl Glycidyl Ether	CCC1=CC=C(C=C1)OCC2CO2	2.4000001	572429;7004866;7004867	PubChem:(572429 7004866 7004867);PubChem class - safety and toxic	67108866
30	1	N/A	-117.08413001510982	C11H14O2	[M + H]+	VLFBSPUPYFTTNF	InChI=1S/C11H14O2/c1-9(8-12)7-10-3-5-11(13-2)6-4-10/h3-6,8-9H,7H2,1-2H3	Canthoxal	CC(CC1=CC=C(C=C1)OC)C=O	2.20000005	64813;88274396;91810631	NORMAN:(NS00012831);PubChem class - safety and toxic;PubChem:(64813 88274396 91810631)	67371010
31	1	N/A	-117.20534772821827	C11H14O2	[M + H]+	SKWTXGMULLCOGN	InChI=1S/C11H14O2/c1-4-5-9-6-7-10(12-2)8-11(9)13-3/h4-8H,1-3H3	ghl.PD_Mitscher_leg0.56	CC=CC1=C(C=C(C=C1)OC)OC	2.8052671	3013948;5314067;21159018	COCONUT:(CNP0296223);Natural Products:(UNPD166603);PubChem:(3013948 5314067 21159018);SuperNatural:(SN00020862);ZINC bio:(ZINC14680013)	3186690
32	1	N/A	-117.38263451947094	C11H14O2	[M + H]+	MUQCDEGKKWQCAO	InChI=1S/C11H14O2/c1-2-9-3-5-10(6-4-9)7-8-11(12)13/h3-6H,2,7-8H2,1H3,(H,12,13)	3-(4-ethylphenyl)propanoate	CCC1=CC=C(C=C1)CCC(=O)O	2.86380339	2064038;2064039	COCONUT:(CNP0077171);PubChem:(2064038 2064039);PubMed	2097218
33	1	N/A	-118.40105247798968	C11H14O2	[M + H]+	XDJULAUHYAJQBU	InChI=1S/C11H14O2/c1-8-5-4-6-9(2)11(8)13-7-10(3)12/h4-6H,7H2,1-3H3	1-(2,6-Dimethylphenoxy)acetone	CC1=C(C(=CC=C1)C)OCC(=O)C	2.55498743	104378	NORMAN:(NS00006799);PubChem class - safety and toxic;PubChem:(104378);KEGG Mine	8657305602
34	1	N/A	-118.52000096932382	C11H14O2	[M + H]+	RRXBRABFDRJAPX	InChI=1S/C11H14O2/c1-3-4-11(12)13-10-7-5-9(2)6-8-10/h5-8H,3-4H2,1-2H3	p-Cresyl butanoate	CCCC(=O)OC1=CC=C(C=C1)C	3.29061747	84556	NORMAN:(NS00024774);PubChem:(84556);PubMed	262210
35	1	N/A	-120.71013573725173	C11H14O2	[M + H]+	XHWMNHADTZZHGI	InChI=1S/C11H14O2/c1-2-3-8-13-11-6-4-10(9-12)5-7-11/h4-7,9H,2-3,8H2,1H3	4-Butoxybenzaldehyde	CCCCOC1=CC=C(C=C1)C=O	2.89260578	79813	NORMAN:(NS00033700);PubChem class - safety and toxic;PubChem:(79813);PubMed;ZINC bio:(ZINC01603205)	67379266
36	1	N/A	-121.59986607739317	C11H14O2	[M + H]+	HZLYHZSHPUFYAR	InChI=1S/C11H14O2/c1-4-5-9-6-7-10(12-2)8-11(9)13-3/h4,6-8H,1,5H2,2-3H3	1-Allyl-2,4-dimethoxybenzene	COC1=CC(=C(C=C1)CC=C)OC	2.88861203	3083821	COCONUT:(CNP0293522);HMDB:(40356);Natural Products:(UNPD163197);PubChem:(3083821);SuperNatural:(SN00158983);PubChem class - bio and metabolites;PubMed	19955786
37	1	N/A	-121.79745840684745	C11H14O2	[M + H]+	BTOZGSIVAZGXCH	InChI=1S/C11H14O2/c1-10(12)7-8-13-9-11-5-3-2-4-6-11/h2-6H,7-9H2,1H3	4-Benzyloxy-2-butanone	CC(=O)CCOCC1=CC=CC=C1	1.20000005	234511;11332864;11355858;53474077;53474078	PubChem:(234511 11332864 11355858 53474077 53474078);PubChem class - safety and toxic	67108866
38	1	N/A	-122.69769968791542	C11H14O2	[M + H]+	GXXFZZLGPFNITM	InChI=1S/C11H14O2/c1-2-8-13-11(12)9-10-6-4-3-5-7-10/h3-7H,2,8-9H2,1H3	Propyl alpha-toluate	CCCOC(=O)CC1=CC=CC=C1	2.77198124	221641	NORMAN:(NS00013166);COCONUT:(CNP0002493);HMDB:(40425);PubChem class - food;PubChem:(221641);ZINC bio:(ZINC01693657);PubChem class - bio and metabolites	153362442
39	1	N/A	-123.4914126172611	C11H14O2	[M + H]+	XYUPRHVYEKOWCD	InChI=1S/C11H14O2/c1-10(7-12)8-13-9-11-5-3-2-4-6-11/h2-7,10H,8-9H2,1H3	(R,S)-3-(Benzyloxy)-2-methylpropanal	CC(COCC1=CC=CC=C1)C=O	1.60000002	10932000;10080947;10261648	PubChem:(10932000 10080947 10261648);PubChem class - safety and toxic	67108866
40	1	N/A	-124.73550037949869	C11H14O2	[M + H]+	QAHFPRYLZONICJ	InChI=1S/C11H14O2/c1-9(2)7-8-13-11-5-3-10(12)4-6-11/h3-7,12H,8H2,1-2H3	Phenol, 4-[(3-methyl-2-butenyl)oxy]-	CC(=CCOC1=CC=C(C=C1)O)C	3.0	11435274	COCONUT:(CNP0265943);Natural Products:(UNPD218479);PubChem:(11435274)	2129922
41	1	N/A	-125.0310729384075	C11H14O2	[M + H]+	RVPTTWAAIKMYAH	InChI=1S/C11H14O2/c1-9(8-13-10(2)12)11-6-4-3-5-7-11/h3-7,9H,8H2,1-2H3	Hydratropic acetate	CC(COC(=O)C)C1=CC=CC=C1	2.4000001	25239;12356926;10261650	NORMAN:(NS00012624);PubChem:(25239 12356926 10261650);CHEBI:(81259);ZINC bio:(ZINC00410083 ZINC00410084);MeSH:(25239);KEGG:(C17665);PubChem class - safety and toxic;PubMed	67379558
42	1	N/A	-125.47366080313056	C11H14O2	[M + H]+	VQTZONPDOFOTIF	InChI=1S/C11H14O2/c12-9-8-11(13)7-6-10-4-2-1-3-5-10/h1-5,12H,6-9H2	1-hydroxy-5-phenylpentan-3-one	C1=CC=C(C=C1)CCC(=O)CCO	1.10000002	15316212	COCONUT:(CNP0150058);Natural Products:(UNPD181592);PubChem:(15316212);CHEBI:(66037)	2129954
43	1	N/A	-126.34548216245608	C11H14O2	[M + H]+	NOYCNNBWHOVQFR	InChI=1S/C11H14O2/c1-4-5-9-6-10(12-2)8-11(7-9)13-3/h4,6-8H,1,5H2,2-3H3	3,5-Dimethoxyallylbenzene	COC1=CC(=CC(=C1)CC=C)OC	2.9000001	524874	COCONUT:(CNP0132145);Natural Products:(UNPD31761);PubChem:(524874);SuperNatural:(SN00229336);CHEBI:(81334);KEGG:(C17782)	3178786
44	1	N/A	-131.65348586980454	C11H14O2	[M + H]+	ZKCJJGOOPOIZTE	InChI=1S/C11H14O2/c1-2-3-4-11(13)9-5-7-10(12)8-6-9/h5-8,12H,2-4H2,1H3	4-Valerylphenol	CCCCC(=O)C1=CC=C(C=C1)O	2.5999999	75766	NORMAN:(NS00027987);PubChem class - safety and toxic;PubChem:(75766);PubMed	67371074
45	1	N/A	-132.14060781663045	C11H14O2	[M + H]+	SCUDFCWZFYZEAA	InChI=1S/C11H14O2/c1-4-9-5-6-11(13-3)10(7-9)8(2)12/h5-7H,4H2,1-3H3	5-Ethyl-2-methoxyacetophenone	CCC1=CC(=C(C=C1)OC)C(=O)C	2.58514404	2758861	PubChem:(2758861);PubChem class - safety and toxic	67108866
46	1	N/A	-134.21170485806343	C11H14O2	[M + H]+	KYAHWUCUKPTNKW	InChI=1S/C11H14O2/c1-9(2)8-13-11-5-3-4-10(6-11)7-12/h3-7,9H,8H2,1-2H3	3-isobutoxybenzaldehyde	CC(C)COC1=CC=CC(=C1)C=O	2.67303395	2759381	COCONUT:(CNP0399738);PubChem class - safety and toxic;PubChem:(2759381);SuperNatural:(SN00063922);ZINC bio:(ZINC02576200)	70262786
47	1	N/A	-134.72630186638844	C11H14O2	[M + H]+	IMMXELILLOENSZ	InChI=1S/C11H14O2/c1-2-10(12)6-3-9-4-7-11(13)8-5-9/h4-5,7-8,13H,2-3,6H2,1H3	3-Pentanone, 1-(4-hydroxyphenyl)-	CCC(=O)CCC1=CC=C(C=C1)O	2.0	19759940	HMDB:(132981);PubChem:(19759940);PubChem class - bio and metabolites	16777226
48	1	N/A	-135.82741537741802	C11H14O2	[M + H]+	OZNRJDZKCCJUJO	InChI=1S/C11H14O2/c1-7-5-10(9(3)12)6-8(2)11(7)13-4/h5-6H,1-4H3	1-(4-methoxy-3,5-dimethylphenyl)ethanone	CC1=CC(=CC(=C1OC)C)C(=O)C	2.29999995	2758572	COCONUT:(CNP0309261);Natural Products:(UNPD66920);PubChem:(2758572);SuperNatural:(SN00358707);ZINC bio:(ZINC04255635);PubChem class - safety and toxic	70295554
49	1	N/A	-140.44751961351105	C11H14O2	[M + H]+	YESCIRFCEGIMED	InChI=1S/C11H14O2/c1-2-3-7-13-11-6-4-5-10(8-11)9-12/h4-6,8-9H,2-3,7H2,1H3	3-butoxybenzaldehyde	CCCCOC1=CC=CC(=C1)C=O	2.89260578	2757202	PubChem:(2757202);PubChem class - safety and toxic	67108866
50	1	N/A	-140.8375114400158	C11H14O2	[M + H]+	AITACBPBVQDONX	InChI=1S/C11H14O2/c1-2-10(12)8-11(13)9-6-4-3-5-7-9/h3-7,10,12H,2,8H2,1H3	3-hydroxy-1-phenyl-1-pentanone	CCC(CC(=O)C1=CC=CC=C1)O	1.79999995	11116612;71349734	COCONUT:(CNP0116208);Natural Products:(UNPD230575);PubChem:(11116612 71349734)	2129922
51	1	N/A	-141.21686070975358	C11H14O2	[M + H]+	JDTAZEDVMRGLPJ	InChI=1S/C11H14O2/c12-8-10-13-9-4-7-11-5-2-1-3-6-11/h1-3,5-6,8H,4,7,9-10H2	(3-Phenylpropoxy)acetaldehyde	C1=CC=C(C=C1)CCCOCC=O	2.36198664	16205543	PubChem:(16205543);NORMAN:(NS00038701)	262146
52	1	N/A	-142.868804349885	C11H14O2	[M + H]+	LOHDWLZDQXQLJA	InChI=1S/C11H14O2/c1-9(13-10(2)12)8-11-6-4-3-5-7-11/h3-7,9H,8H2,1-2H3	2-Acetoxy-1-phenylpropane	CC(CC1=CC=CC=C1)OC(=O)C	2.63150191	16457;10866908;12423106	NORMAN:(NS00012854);PubChem class - safety and toxic;PubChem:(16457 10866908 12423106);PubMed	67371074
53	1	N/A	-143.44195516762963	C11H14O2	[M + H]+	GKIMVZDPIWPNIU	InChI=1S/C11H14O2/c1-11(2,3)8-4-5-9-10(6-8)13-7-12-9/h4-6H,7H2,1-3H3	5-tert-Butyl-1,3-benzodioxole	CC(C)(C)C1=CC2=C(C=C1)OCO2	3.12684035	81650	MeSH:(81650);PubChem:(81650);PubMed	70
54	1	N/A	-144.87678486395052	C11H14O2	[M + H]+	FDJBDZVTTXWIQM	InChI=1S/C11H14O2/c1-8(2)11(12)13-10-7-5-4-6-9(10)3/h4-8H,1-3H3	o-Tolyl isobutyrate	CC1=CC=CC=C1OC(=O)C(C)C	3.2148335	61954	NORMAN:(NS00022103);COCONUT:(CNP0365706);HMDB:(37680);PubChem class - food;PubChem:(61954);ZINC bio:(ZINC01850500);PubChem class - bio and metabolites	153362442
55	1	N/A	-145.74120088073374	C11H14O2	[M + H]+	UPPSFGGDKACIKP	InChI=1S/C11H14O2/c1-8(2)11(12)13-10-6-4-9(3)5-7-10/h4-8H,1-3H3	p-Tolyl isobutyrate	CC1=CC=C(C=C1)OC(=O)C(C)C	3.2148335	7685	NORMAN:(NS00012129);COCONUT:(CNP0286519);HMDB:(37708);PubChem class - food;PubChem:(7685);ZINC bio:(ZINC00410090);PubChem class - bio and metabolites;PubChem class - safety and toxic	220471306
56	1	N/A	-146.41552842314218	C11H14O2	[M + H]+	JRJGKUTZNBZHNK	InChI=1S/C11H14O2/c1-10(12)13-9-5-8-11-6-3-2-4-7-11/h2-4,6-7H,5,8-9H2,1H3	1-Propanol, acetate	CC(=O)OCCCC1=CC=CC=C1	2.62819362	31226;132274001;132274025	HMDB:(33386);PubChem class - food;ZINC bio:(ZINC01597265);MeSH:(31226);PubMed;NORMAN:(NS00012627);COCONUT:(CNP0266306);PubChem:(31226 132274001 132274025);CHEBI:(81257);PubChem class - bio and metabolites;KEGG:(C17663);PubChem class - safety and toxic	220471662
57	1	N/A	-147.92195378125155	C11H14O2	[M + H]+	RPIWRSVHAHNACM	InChI=1S/C11H14O2/c1-8(2)3-4-9-7-10(12)5-6-11(9)13/h3,5-7,12-13H,4H2,1-2H3	Prenylhydroquinone	CC(=CCC1=C(C=CC(=C1)O)O)C	3.0999999	100485	COCONUT:(CNP0110617);Natural Products:(UNPD3351);PubChem:(100485);SuperNatural:(SN00392357);ZINC bio:(ZINC01568640);PubChem class - bio and metabolites;PubMed;KEGG Mine	8609898562
58	1	N/A	-148.22379218208164	C11H14O2	[M + H]+	NJEKDDOCPZKREE	InChI=1S/C11H14O2/c1-2-9(8-11(12)13)10-6-4-3-5-7-10/h3-7,9H,2,8H2,1H3,(H,12,13)	3-phenylpentanoate	CCC(CC(=O)O)C1=CC=CC=C1	2.61006737	21882;819027;819029;6946669;6946670;22123532	PubChem class - safety and toxic;PubChem:(21882 819027 819029 6946669 6946670 22123532);PubMed	67108930
59	1	N/A	-151.09375126898288	C11H14O2	[M + H]+	CQWMQAKKAHTCSC	InChI=1S/C11H14O2/c1-7-4-8(2)10(6-11(12)13)9(3)5-7/h4-5H,6H2,1-3H3,(H,12,13)	Mesitylacetic acid	CC1=CC(=C(C(=C1)C)CC(=O)O)C	2.5	78123;6933520	NORMAN:(NS00031389);PubChem class - safety and toxic;PubChem:(78123 6933520);PubMed	67371074
60	1	N/A	-151.09439572563087	C11H14O2	[M + H]+	VWSFZYXXQDKXKQ	InChI=1S/C11H14O2/c1-11(2,3)13-10-6-4-9(8-12)5-7-10/h4-8H,1-3H3	4-tert-Butoxybenzaldehyde	CC(C)(C)OC1=CC=C(C=C1)C=O	2.68756557	93774	NORMAN:(NS00033773);PubChem class - safety and toxic;PubChem:(93774)	67371010
61	1	N/A	-151.28632217381727	C11H14O2	[M + H]+	SGFXBRIXZGHPBH	InChI=1S/C11H14O2/c1-8(2)10-4-6-11(7-5-10)13-9(3)12/h4-8H,1-3H3	p-Cumenyl acetate	CC(C)C1=CC=C(C=C1)OC(=O)C	2.92725825	75872	NORMAN:(NS00028141);PubChem:(75872);PubMed	262210
62	1	N/A	-151.62189410045568	C11H14O2	[M + H]+	IXWOVMRDYFFXGI	InChI=1S/C11H14O2/c1-9-5-7-10(8-6-9)3-2-4-11(12)13/h5-8H,2-4H2,1H3,(H,12,13)	4-p-Tolylbutyric acid	CC1=CC=C(C=C1)CCCC(=O)O	2.86380339	78279;6922814	NORMAN:(NS00031499);PubChem class - safety and toxic;PubChem:(78279 6922814);PubMed	67371074
63	1	N/A	-151.7626375533625	C11H14O2	[M + H]+	KNPUGELUZIPXCW	InChI=1S/C11H14O2/c1-8-3-4-10(9(2)7-8)5-6-11(12)13/h3-4,7H,5-6H2,1-2H3,(H,12,13)	Benzenepropanoic acid,2,4-dimethyl-	CC1=CC(=C(C=C1)CCC(=O)O)C	2.4000001	3870217	PubChem:(3870217);PubChem class - safety and toxic	67108866
64	1	N/A	-152.50663495725817	C11H14O2	[M + H]+	DSWKGCIHFICHAC	InChI=1S/C11H14O2/c1-9(8-11(12)13-2)10-6-4-3-5-7-10/h3-7,9H,8H2,1-2H3	ACMC-20akjv	CC(CC(=O)OC)C1=CC=CC=C1	2.57058311	641407;137945;6950531	COCONUT:(CNP0391081);PubChem:(641407 137945 6950531);SuperNatural:(SN00118470 SN00118471);YMDB Mine;ZINC bio:(ZINC00391861 ZINC00391862)	34362892290
65	1	N/A	-152.66595757247364	C11H14O2	[M + H]+	BNWZDXYRMCZZMR	InChI=1S/C11H14O2/c1-8(2)9-4-5-10(7-12)11(6-9)13-3/h4-8H,1-3H3	Benzaldehyde, 2-methoxy-4-(1-methylethyl)-	CC(C)C1=CC(=C(C=C1)C=O)OC	2.5	10932002	COCONUT:(CNP0328050);Natural Products:(UNPD91638);PubChem:(10932002);PubMed;ZINC bio:(ZINC14485550)	2138178
66	1	N/A	-152.68828106995574	C11H14O2	[M + H]+	WLYDVDCMHLCWTF	InChI=1S/C11H14O2/c1-9(12)7-11(13)8-10-5-3-2-4-6-10/h2-6,11,13H,7-8H2,1H3	2-Pentanone, 4-hydroxy-5-phenyl-	CC(=O)CC(CC1=CC=CC=C1)O	1.20000005	71358444;101924926;101943703	COCONUT:(CNP0264298);Natural Products:(UNPD103832);PubChem:(71358444 101924926 101943703);SuperNatural:(SN00360060)	3178498
67	1	N/A	-152.7713192737267	C11H14O2	[M + H]+	SQLIRIQAWQKBFY	InChI=1S/C11H14O2/c1-9-3-5-11(6-4-9)7-8-13-10(2)12/h3-6H,7-8H2,1-2H3	para-Cresyl ethylacetate	CC1=CC=C(C=C1)CCOC(=O)C	2.66235781	89740	NORMAN:(NS00050197);PubChem:(89740);YMDB Mine;KEGG Mine	42949935106
68	1	N/A	-154.87018378489472	C11H14O2	[M + H]+	BJEMPGAZQHXVEH	InChI=1S/C11H14O2/c1-8(9(2)12)6-10-4-3-5-11(13)7-10/h3-5,7-8,13H,6H2,1-2H3	null	CC(CC1=CC(=CC=C1)O)C(=O)C	2.22710466	80100198;118477057	HMDB:(133684);PubChem:(80100198 118477057);PubChem class - bio and metabolites	16777226
69	1	N/A	-154.92073059984043	C11H14O2	[M + H]+	MVIMPQVBUPCHEV	InChI=1S/C11H14O2/c1-2-3-9-11(12)13-10-7-5-4-6-8-10/h4-8H,2-3,9H2,1H3	Phenyl valerate	CCCCC(=O)OC1=CC=CC=C1	3.25645328	29950	NORMAN:(NS00026523);MeSH:(29950);PubChem:(29950);PubMed;ZINC bio:(ZINC02035649)	270406
70	1	N/A	-155.00092383890228	C11H14O2	[M + H]+	DWERFCCYBUXHNJ	InChI=1S/C11H14O2/c1-7-5-8(2)11(13-4)10(6-7)9(3)12/h5-6H,1-4H3	3,5-Dimethyl-2-methoxyacetophenone	CC1=CC(=C(C(=C1)C(=O)C)OC)C	2.29999995	2758571	PubChem:(2758571);PubChem class - safety and toxic	67108866
71	1	N/A	-155.08233307012543	C11H14O2	[M + H]+	QIEPEXBZWZNCAY	InChI=1S/C11H14O2/c1-9(13)11(8-12)7-10-5-3-2-4-6-10/h2-6,11-12H,7-8H2,1H3	null	CC(=O)C(CC1=CC=CC=C1)CO	1.20000005	10866905	HMDB:(133686);PubChem:(10866905);PubChem class - bio and metabolites	16777226
72	1	N/A	-155.4115189152437	C11H14O2	[M + H]+	YJCWZCFEJYVSDU	InChI=1S/C11H14O2/c1-9(12)11-5-3-10(4-6-11)7-8-13-2/h3-6H,7-8H2,1-2H3	1-[4-(2-methoxyethyl)phenyl]ethanone	CC(=O)C1=CC=C(C=C1)CCOC	2.06650758	3022116	PubChem:(3022116);NORMAN:(NS00039532)	262146
73	1	N/A	-157.56623261784188	C11H14O2	[M + H]+	XPMMKIYJJWQFOR	InChI=1S/C11H14O2/c1-9(12)13-11(2,3)10-7-5-4-6-8-10/h4-8H,1-3H3	2-phenylpropan-2-yl acetate	CC(=O)OC(C)(C)C1=CC=CC=C1	2.20000005	76963	NORMAN:(NS00049469);PubChem:(76963);PubMed	262210
74	1	N/A	-157.65941530249836	C11H14O2	[M + H]+	CGLJRLXTVXHOLX	InChI=1S/C11H14O2/c12-8-4-5-9-13-10-11-6-2-1-3-7-11/h1-7,12H,8-10H2	4-phenylmethoxybut-2-en-1-ol	C1=CC=C(C=C1)COCC=CCO	1.20000005	4228274;6042519;11008492;11137721;101086531;101086526;101086534;101086537	PubChem class - safety and toxic;PubChem:(4228274 6042519 11008492 11137721 101086531 101086526 101086534 101086537);PubMed;ZINC bio:(ZINC04521207 ZINC06344280)	67117122
75	1	N/A	-158.6830658902741	C11H14O2	[M + H]+	KPUCACGWLYWKKD	InChI=1S/C11H14O2/c1-3-11(13-9(2)12)10-7-5-4-6-8-10/h4-8,11H,3H2,1-2H3	1-Phenylpropyl acetate	CCC(C1=CC=CC=C1)OC(=O)C	2.5	101134;12518328;12518329	NORMAN:(NS00013148);PubChem:(101134 12518328 12518329);CHEBI:(81260);ZINC bio:(ZINC05923257);KEGG:(C17666);PubMed	270690
76	1	N/A	-158.74172495828233	C11H14O2	[M + H]+	BYHDDXPKOZIZRV	InChI=1S/C11H14O2/c12-11(13)9-5-4-8-10-6-2-1-3-7-10/h1-3,6-7H,4-5,8-9H2,(H,12,13)	5-Phenylvalerate	C1=CC=C(C=C1)CCCCC(=O)O	2.8296392	16757;10654958;6992604;11608074;101854971;134830891	HMDB:(2043);ZINC bio:(ZINC01692494);additional;MeSH:(16757);PubMed;NORMAN:(NS00027241);COCONUT:(CNP0097941);PubChem:(16757 10654958 6992604 11608074 101854971 134830891);CHEBI:(40131);PubChem class - bio and metabolites;PubChem class - safety and toxic;Biocyc:(CPD-14368);KEGG Mine	8676714606
77	1	N/A	-158.7991113322607	C11H14O2	[M + H]+	BLINVGVCILRBBV	InChI=1S/C11H14O2/c1-2-10(12)11(13)8-9-6-4-3-5-7-9/h3-7,11,13H,2,8H2,1H3	2-hydroxy-1-phenyl-3-pentanone	CCC(=O)C(CC1=CC=CC=C1)O	1.79999995	13541726;67569537;67725906	COCONUT:(CNP0117427);Natural Products:(UNPD228239);PubChem:(13541726 67569537 67725906)	2129922
78	1	N/A	-159.0127677408943	C11H14O2	[M + H]+	VONGZNXBKCOUHB	InChI=1S/C11H14O2/c1-2-6-11(12)13-9-10-7-4-3-5-8-10/h3-5,7-8H,2,6,9H2,1H3	benzyl-butyrate	CCCC(=O)OCC1=CC=CC=C1	2.77198124	7650;101161870	NORMAN:(NS00012001);COCONUT:(CNP0362696);HMDB:(33376);PubChem class - food;PubChem:(7650 101161870);ZINC bio:(ZINC00388080);PubChem class - bio and metabolites;PubChem class - safety and toxic;PubMed	220471370
79	1	N/A	-160.84706054624374	C11H14O2	[M + H]+	JTZZMXVIHNHASS	InChI=1S/C11H14O2/c1-11(2,8-10(12)13)9-6-4-3-5-7-9/h3-7H,8H2,1-2H3,(H,12,13)	Ambcb4026266	CC(C)(CC(=O)O)C1=CC=CC=C1	2.5999999	13890;6950647	PubChem:(13890 6950647);PubChem class - safety and toxic	67108866
80	1	N/A	-160.89109291922418	C11H14O2	[M + H]+	MQSMIOKTOYAPHO	InChI=1S/C11H14O2/c12-13-10-6-2-5-9-11-7-3-1-4-8-11/h1,3-5,7-9,12H,2,6,10H2	PHPP solution	C1=CC=C(C=C1)C=CCCCOO	2.5	125126;6438577;124524596	PubChem:(125126 6438577 124524596);additional;MeSH:(125126 6438577);PubChem class - safety and toxic;Training Set;PubMed	67649606
81	1	N/A	-161.88913659016777	C11H14O2	[M + H]+	IRJIWPLWQGRUAY	InChI=1S/C11H14O2/c1-8-4-5-11(9(2)6-8)7-13-10(3)12/h4-6H,7H2,1-3H3	Tufurol acetate	CC1=CC(=C(C=C1)COC(=O)C)C	2.29999995	94602	NORMAN:(NS00012262);MeSH:(94602);PubChem class - safety and toxic;PubChem:(94602);PubMed	67371078
82	1	N/A	-162.55326860660568	C11H14O2	[M + H]+	UIKJRDSCEYGECG	InChI=1S/C11H14O2/c1-9(2)11(12)13-8-10-6-4-3-5-7-10/h3-7,9H,8H2,1-2H3	benzyl-isobutyrate	CC(C)C(=O)OCC1=CC=CC=C1	2.69619703	7646;10821244	NORMAN:(NS00012005);COCONUT:(CNP0039876);HMDB:(31250);PubChem class - food;PubChem:(7646 10821244);ZINC bio:(ZINC01677783);PubChem class - bio and metabolites;PubChem class - safety and toxic;PubMed	220471370
83	1	N/A	-162.5819738205496	C11H14O2	[M + H]+	RERBQXVRXYCGLT	InChI=1S/C11H14O2/c1-8(2)10-5-3-9(4-6-10)7-11(12)13/h3-6,8H,7H2,1-2H3,(H,12,13)	zlchem 1242	CC(C)C1=CC=C(C=C1)CC(=O)O	2.6442318	78230;7010422	NORMAN:(NS00031457);PubChem class - safety and toxic;PubChem:(78230 7010422)	67371010
84	1	N/A	-163.74989974907388	C11H14O2	[M + H]+	CJBVVZBGGFKPDA	InChI=1S/C11H14O2/c1-9(8-11(12)13)7-10-5-3-2-4-6-10/h2-6,9H,7-8H2,1H3,(H,12,13)	3-Methyl-4-phenylbutanoic acid	CC(CC1=CC=CC=C1)CC(=O)O	2.5	23739;12764456;12764457	PubChem:(23739 12764456 12764457);PubChem class - safety and toxic	67108866
85	1	N/A	-164.36623259922482	C11H14O2	[M + H]+	KUFHEKHXFPHIIQ	InChI=1S/C11H14O2/c1-8(2)6-9-4-5-10(13-3)7-11(9)12/h4-7,12H,1-3H3	5-Methoxy-2-(2-methyl-1-propenyl)phenol	CC(=CC1=C(C=C(C=C1)OC)O)C	3.20000005	3022587	PubChem:(3022587);NORMAN:(NS00063557)	262146
86	1	N/A	-164.7273092911281	C11H14O2	[M + H]+	RKONDNYXZKXHAL	InChI=1S/C11H14O2/c1-8(9(2)12)7-10-3-5-11(13)6-4-10/h3-6,8,13H,7H2,1-2H3	(3S)-4-(4-hydroxyphenyl)-3-methylbutan-2-one	CC(CC1=CC=C(C=C1)O)C(=O)C	2.0999999	15274986;22973754	HMDB:(133685);PubChem:(15274986 22973754);PubMed;PubChem class - bio and metabolites	16777290
87	1	N/A	-166.7485247756845	C11H14O2	[M + H]+	OSBUMVWTNSHAAG	InChI=1S/C11H14O2/c1-7-5-10(9(3)12)11(13-4)6-8(7)2/h5-6H,1-4H3	4,5-Dimethyl-2-methoxyacetophenone	CC1=CC(=C(C=C1C)OC)C(=O)C	2.29999995	821101	PubChem:(821101);PubChem class - safety and toxic	67108866
88	1	N/A	-169.5774612332413	C11H14O2	[M + H]+	FLUXMXNLUOSZPT	InChI=1S/C11H14O2/c1-8(2)10-6-9(7-12)4-5-11(10)13-3/h4-8H,1-3H3	3-Isopropyl-4-methoxybenzaldehyde	CC(C)C1=C(C=CC(=C1)C=O)OC	2.72537208	9898990	MeSH:(9898990);PubChem:(9898990);PubMed	70
89	1	N/A	-169.8899926251042	C11H14O2	[M + H]+	AJDXXCWZGWECKS	InChI=1S/C11H14O2/c1-4-5-9-6-7-10(12)11(13-3)8(9)2/h4,6-7,12H,1,5H2,2-3H3	Epitope ID:122689	CC1=C(C=CC(=C1OC)O)CC=C	3.0	15607491	COCONUT:(CNP0138858);PubChem:(15607491);YMDB Mine;CHEBI:(59074);PubMed;KEGG Mine	42951770210
90	1	N/A	-170.78665806778432	C11H14O2	[M + H]+	HHZIHDLTDXMWGF	InChI=1S/C11H14O2/c1-4-5-9-6-7-10(12)11(13-3)8(9)2/h4-7,12H,1-3H3	Epitope ID:122693	CC=CC1=C(C(=C(C=C1)O)OC)C	2.9000001	20975429;21904105	PubChem:(20975429 21904105);YMDB Mine;PubMed;CHEBI:(59083);KEGG Mine	42949673058
91	1	N/A	-171.54201186797133	C11H14O2	[M + H]+	HROZLGRKFUCIJJ	InChI=1S/C11H14O2/c1-4-5-9-6-8(2)11(12)10(7-9)13-3/h4,6-7,12H,1,5H2,2-3H3	6-methyl-eugenol	CC1=CC(=CC(=C1O)OC)CC=C	3.0	45266909	PubChem:(45266909);YMDB Mine;PubMed;CHEBI:(59060);KEGG Mine	42949673058
92	1	N/A	-171.84879955800483	C11H14O2	[M + H]+	UIIMQLPOAXFKFW	InChI=1S/C11H14O2/c1-9(7-8-11(12)13)10-5-3-2-4-6-10/h2-6,9H,7-8H2,1H3,(H,12,13)	4-Phenylvaleric acid	CC(CCC(=O)O)C1=CC=CC=C1	2.4000001	27877;40492826;40492939	COCONUT:(CNP0372042);Natural Products:(UNPD134444);PubChem class - safety and toxic;PubChem:(27877 40492826 40492939);SuperNatural:(SN00247068)	70287362
93	1	N/A	-173.11608031967586	C11H14O2	[M + H]+	CWNAMDTZXWFAQN	InChI=1S/C11H14O2/c1-8(2)6-7-9-4-3-5-10(12)11(9)13/h3-6,12-13H,7H2,1-2H3	3-(all-trans-polyprenyl)catechol	CC(=CCC1=C(C(=CC=C1)O)O)C	3.0999999	23318480	PubChem:(23318480);CHEBI:(62729)	34
94	1	N/A	-173.2803029349942	C11H14O2	[M + H]+	FSVIZUKIXXXTAE	InChI=1S/C11H14O2/c1-11(2,3)9-5-4-8(7-12)6-10(9)13/h4-7,13H,1-3H3	Benzaldehyde, 4-(1,1-dimethylethyl)-3-hydroxy-	CC(C)(C)C1=C(C=C(C=C1)C=O)O	2.70000005	23345345	PubChem:(23345345);PubChem class - safety and toxic	67108866
95	1	N/A	-174.69280143453892	C11H14O2	[M + H]+	CYVVFWBKWGJMNQ	InChI=1S/C11H14O2/c1-2-10(11(12)13)8-9-6-4-3-5-7-9/h3-7,10H,2,8H2,1H3,(H,12,13)	2-benzylbutanoate	CCC(CC1=CC=CC=C1)C(=O)O	2.5999999	21881;12330870;12330871;22595544	PubChem class - safety and toxic;PubChem:(21881 12330870 12330871 22595544);YMDB Mine;PubMed	34426847298
96	1	N/A	-175.04551138698295	C11H14O2	[M + H]+	PPIQQNDMGXNRFA	InChI=1S/C11H14O2/c1-3-10(11(12)13-2)9-7-5-4-6-8-9/h4-8,10H,3H2,1-2H3	Methyl 2-phenylbutyrate	CCC(C1=CC=CC=C1)C(=O)OC	2.5999999	102780;12300215;12300216;71751603	NORMAN:(NS00049896);PubChem:(102780 12300215 12300216 71751603);PubMed	262210
97	1	N/A	-175.0970903492115	C11H14O2	[M + H]+	NJDSRMVYAFOBIZ	InChI=1S/C11H14O2/c1-9-7-8-12-11(13-9)10-5-3-2-4-6-10/h2-6,9,11H,7-8H2,1H3	1, 4-methyl-2-phenyl-	CC1CCOC(O1)C2=CC=CC=C2	2.0999999	95393;12245471;12245472;12245473;11805301;36690474;68152624	PubChem:(95393 12245471 12245472 12245473 11805301 36690474 68152624);NORMAN:(NS00042604)	262146
98	1	N/A	-175.30347475551966	C11H14O2	[M + H]+	BQHWATVEWGHHHF	InChI=1S/C11H14O2/c1-11(2,10(12)13)8-9-6-4-3-5-7-9/h3-7H,8H2,1-2H3,(H,12,13)	Benzyldimethylacetic acid	CC(C)(CC1=CC=CC=C1)C(=O)O	2.5999999	21880;6947002;122215319	PubChem:(21880 6947002 122215319);PubChem class - safety and toxic	67108866
99	1	N/A	-176.40558705285545	C11H14O2	[M + H]+	SATZAQAJSHXNSJ	InChI=1S/C11H14O2/c1-9(11-12-7-8-13-11)10-5-3-2-4-6-10/h2-6,9,11H,7-8H2,1H3	1, 2-(1-phenylethyl)-	CC(C1OCCO1)C2=CC=CC=C2	2.20000005	97785;909964;909965	NORMAN:(NS00011934);PubChem:(97785 909964 909965);CHEBI:(87596)	262178
100	1	N/A	-177.9904399422113	C11H14O2	[M + H]+	RZVWSNLSBMQBSJ	InChI=1S/C11H14O2/c1-3-4-10-7-9(8-12)5-6-11(10)13-2/h3,5-7,12H,1,4,8H2,2H3	(4-methoxy-3-prop-2-enylphenyl)methanol	COC1=C(C=C(C=C1)CO)CC=C	2.0999999	59727795	PubChem:(59727795);PubChem class - safety and toxic	67108866
101	1	N/A	-178.06060146598847	C11H14O2	[M + H]+	PSMPCPHOQAAKLW	InChI=1S/C11H14O2/c1-8(9(2)12)11(13)10-6-4-3-5-7-10/h3-8,11,13H,1-2H3	4-hydroxy-3-methyl-4-phenyl-2-butanone	CC(C(C1=CC=CC=C1)O)C(=O)C	1.29999995	10726005;12644627;12644628;12644629;11309859;121342616;135016464	HMDB:(133683);PubChem:(10726005 12644627 12644628 12644629 11309859 121342616 135016464);PubChem class - bio and metabolites	16777226
102	1	N/A	-178.603557224672	C11H14O2	[M + H]+	IWAIRWGSZFYSES	InChI=1S/C11H14O2/c1-8(2)10-5-4-9(3)6-11(10)13-7-12/h4-8H,1-3H3	null	CC1=CC(=C(C=C1)C(C)C)OC=O	3.36967278	56597779	COCONUT:(CNP0075978);PubChem class - food;PubChem:(56597779);PubMed	136314946
103	1	N/A	-178.78875925785238	C11H14O2	[M + H]+	ROPDJRAWLOUVFU	InChI=1S/C11H14O2/c1-4-5-9-7-11(13-3)10(12)6-8(9)2/h4-7,12H,1-3H3	Epitope ID:122692	CC=CC1=CC(=C(C=C1C)O)OC	2.9000001	45266887;73427323	PubChem:(45266887 73427323);YMDB Mine;PubMed;CHEBI:(59078);KEGG Mine	42949673058
104	1	N/A	-178.91034283185834	C11H14O2	[M + H]+	ZWWPDLKCTGONCK	InChI=1S/C11H14O2/c1-8-3-5-10(6-4-8)9(2)7-11(12)13/h3-6,9H,7H2,1-2H3,(H,12,13)	3-(4-methylphenyl)butanoate	CC1=CC=C(C=C1)C(C)CC(=O)O	2.6442318	98359;641304;4679301;6950653;6950654;6950655	COCONUT:(CNP0075903 CNP0129190);PubChem:(98359 641304 4679301 6950653 6950654 6950655);SuperNatural:(SN00118496 SN00118497);YMDB Mine;ZINC bio:(ZINC00393397 ZINC00393398);PubChem class - safety and toxic	34430001154
105	1	N/A	-178.9684207051531	C11H14O2	[M + H]+	FPZHOBMVPBJNKL	InChI=1S/C11H14O2/c1-8(2)9-4-5-11(13-3)10(6-9)7-12/h4-8H,1-3H3	2-methoxy-5-propan-2-ylbenzaldehyde	CC(C)C1=CC(=C(C=C1)OC)C=O	2.5	7009502	PubChem:(7009502);PubChem class - safety and toxic	67108866
106	1	N/A	-179.38069774269138	C11H14O2	[M + H]+	NRYIIIVJCVRSSH	InChI=1S/C11H14O2/c1-8(9(2)11(12)13)10-6-4-3-5-7-10/h3-9H,1-2H3,(H,12,13)	2-Methyl-3-phenylbutanoic acid	CC(C1=CC=CC=C1)C(C)C(=O)O	2.5999999	29759;12423062;12423063;12423064;92140210;137937935;137938075	PubChem class - safety and toxic;PubChem:(29759 12423062 12423063 12423064 92140210 137937935 137938075);ZINC bio:(ZINC00397795 ZINC00397796 ZINC00397797 ZINC00397798)	67117058
107	1	N/A	-179.60763077413563	C11H14O2	[M + H]+	YWKYLGVKGIAHDU	InChI=1S/C11H14O2/c1-7-4-5-10(11(13)6-7)8(2)9(3)12/h4-6,8,13H,1-3H3	2-Butanone, 3-(2-hydroxy-4-methylphenyl)-	CC1=CC(=C(C=C1)C(C)C(=O)C)O	2.0999999	20472052	COCONUT:(CNP0325970);HMDB:(38179);Natural Products:(UNPD88834);PubChem:(20472052);SuperNatural:(SN00401104);PubChem class - bio and metabolites	19955722
108	1	N/A	-181.0102032060175	C11H14O2	[M + H]+	IHAAVLXHNOZMBC	InChI=1S/C11H14O2/c1-4-13-11(12)10-6-8(2)5-9(3)7-10/h5-7H,4H2,1-3H3	Ethyl 3,5-dimethylbenzoate	CCOC(=O)C1=CC(=CC(=C1)C)C	2.9000001	88834	PubChem:(88834);NORMAN:(NS00026819)	262146
109	1	N/A	-181.29784334919236	C11H14O2	[M + H]+	YQAHXTTZHFQAJF	InChI=1S/C11H14O2/c1-8(2)3-4-9-5-6-10(12)7-11(9)13/h3,5-7,12-13H,4H2,1-2H3	1,3-Benzenediol, 4-(3-methyl-2-butenyl)-	CC(=CCC1=C(C=C(C=C1)O)O)C	2.7833643	12335851	COCONUT:(CNP0130850);HMDB:(133181);PubChem:(12335851);SuperNatural:(SN00158810);PubChem class - bio and metabolites	19922954
110	1	N/A	-181.41476531365973	C11H14O2	[M + H]+	SFXXYKYOGGWUHX	InChI=1S/C11H14O2/c1-2-6-10(11(12)13)9-7-4-3-5-8-9/h3-5,7-8,10H,2,6H2,1H3,(H,12,13)	Enamine_005276	CCCC(C1=CC=CC=C1)C(=O)O	2.9000001	1550866;1550867;1715202;1715203;238995;5249732	PubChem class - safety and toxic;PubChem:(1550866 1550867 1715202 1715203 238995 5249732);PubMed	67108930
111	1	N/A	-181.66665249626584	C11H14O2	[M + H]+	KYZHGEFMXZOSJN	InChI=1S/C11H14O2/c1-9(2)8-13-11(12)10-6-4-3-5-7-10/h3-7,9H,8H2,1-2H3	Isobutyl benzoate	CC(C)COC(=O)C1=CC=CC=C1	2.83998466	61048	HMDB:(40583);PubChem class - food;ZINC bio:(ZINC00406974);MeSH:(61048);PubMed;NORMAN:(NS00012673);COCONUT:(CNP0127742);Natural Products:(UNPD211981);PubChem:(61048);CHEBI:(87500);PubChem class - bio and metabolites;PubChem class - safety and toxic	220504174
112	1	N/A	-182.74419000530798	C11H14O2	[M + H]+	BXGGHJJXFQJIDE	InChI=1S/C11H14O2/c1-13-10-6-4-9(5-7-10)11(12)8-2-3-8/h4-8,11-12H,2-3H2,1H3	cyclopropyl(4-methoxyphenyl)methanol	COC1=CC=C(C=C1)C(C2CC2)O	1.79999995	110901;12742888;41097488	PubChem:(110901 12742888 41097488);NORMAN:(NS00046184)	262146
113	1	N/A	-182.89071713220886	C11H14O2	[M + H]+	HVTGPXYNYDWJHK	InChI=1S/C11H14O2/c1-9-8-12-11(13-9)7-10-5-3-2-4-6-10/h2-6,9,11H,7-8H2,1H3	1, 4-methyl-2-(phenylmethyl)-	CC1COC(O1)CC2=CC=CC=C2	2.29999995	95633;50936913;76956894;76956895;76956896;132532334	NORMAN:(NS00044602);PubChem class - food;PubChem:(95633 50936913 76956894 76956895 76956896 132532334)	134479874
114	1	N/A	-184.51102627312463	C11H14O2	[M + H]+	HSBIHISMDNUECF	InChI=1S/C11H14O2/c1-8(2)6-7-9-10(12)4-3-5-11(9)13/h3-6,12-13H,7H2,1-2H3	null	CC(=CCC1=C(C=CC=C1O)O)C	3.0999999	12335852	HMDB:(126149);PubChem:(12335852);KEGG Mine;PubChem class - bio and metabolites	8606711818
115	1	N/A	-184.799093283772	C11H14O2	[M + H]+	TUUFTILDLOTVRH	InChI=1S/C11H14O2/c1-9(11(13)8-12)7-10-5-3-2-4-6-10/h2-6,9,12H,7-8H2,1H3	null	CC(CC1=CC=CC=C1)C(=O)CO	1.79999995	46916079;101678684;101678685	HMDB:(133687);PubChem:(46916079 101678684 101678685);PubChem class - bio and metabolites	16777226
116	1	N/A	-186.51021943202886	C11H14O2	[M + H]+	KEHUANDJKBFXBA	InChI=1S/C11H14O2/c1-13-11-7-3-4-8-9(11)5-2-6-10(8)12/h3-4,7,10,12H,2,5-6H2,1H3	5-methoxy-1,2,3,4-tetrahydronaphthalen-1-ol	COC1=CC=CC2=C1CCCC2O	1.79999995	4434155;11557377;11708159;131844633	PubChem class - safety and toxic;PubChem:(4434155 11557377 11708159 131844633);PubMed	67108930
117	1	N/A	-186.61372841537934	C11H14O2	[M + H]+	YRLAAFZPUZEKGQ	InChI=1S/C11H14O2/c1-4-5-9-7-11(13-3)10(12)6-8(9)2/h4,6-7,12H,1,5H2,2-3H3	Epitope ID:122688	CC1=CC(=C(C=C1CC=C)OC)O	3.0	15687968	PubChem:(15687968);YMDB Mine;PubMed;CHEBI:(59072);KEGG Mine	42949673058
118	1	N/A	-186.61526277552147	C11H14O2	[M + H]+	UYRSLWPKZKASRB	InChI=1S/C11H14O2/c1-11(2,3)9-5-4-8(7-12)10(13)6-9/h4-7,13H,1-3H3	4-tert-Butylsalicylaldehyde	CC(C)(C)C1=CC(=C(C=C1)C=O)O	3.29999995	13765272	PubChem:(13765272);PubChem class - safety and toxic	67108866
119	1	N/A	-189.67203402037865	C11H14O2	[M + H]+	ROILLNJICXGZQQ	InChI=1S/C11H14O2/c1-11(2,3)9-6-4-5-8(7-12)10(9)13/h4-7,13H,1-3H3	3-tert-Butylsalicylaldehyde	CC(C)(C)C1=CC=CC(=C1O)C=O	3.29999995	3678675	PubChem class - safety and toxic;Training Set;PubChem:(3678675);PubMed;additional	67649602
120	1	N/A	-190.61155264059113	C11H14O2	[M + H]+	YLEYOMRGDXMHSG	InChI=1S/C11H14O2/c1-4-6-10(3)8-13-9-11(12)7-5-2/h4,6H,1,8-9H2,2-3H3	1-(2-methylpenta-2,4-dienoxy)pent-3-yn-2-one	CC#CC(=O)COCC(=CC=C)C	2.70000005	2752444;5705552	COCONUT:(CNP0054131);PubChem:(2752444 5705552);ZINC bio:(ZINC03847543)	2105346
121	1	N/A	-190.68975960757646	C11H14O2	[M + H]+	LEBHHJDUAJKLKG	InChI=1S/C11H14O2/c1-2-4-10(5-3-1)6-7-11-12-8-9-13-11/h1-5,11H,6-9H2	1, 2-phenethyl-	C1COC(O1)CCC2=CC=CC=C2	2.20000005	64811	PubChem:(64811);NORMAN:(NS00031352)	262146
122	1	N/A	-190.80461036040919	C11H14O2	[M + H]+	IDZLDUPVMGWZLD	InChI=1S/C11H14O2/c1-3-11(2,10(12)13)9-7-5-4-6-8-9/h4-8H,3H2,1-2H3,(H,12,13)	2-methyl-2-phenylbutanoate	CCC(C)(C1=CC=CC=C1)C(=O)O	2.70000005	13234;12812229;12812230;17973581;57374128;57374180	PubChem:(13234 12812229 12812230 17973581 57374128 57374180);PubChem class - safety and toxic	67108866
123	1	N/A	-190.87439014272016	C11H14O2	[M + H]+	OCKZHEXBLOOGOC	InChI=1S/C11H14O2/c1-9(11(12)13)7-8-10-5-3-2-4-6-10/h2-6,9H,7-8H2,1H3,(H,12,13)	2-methyl-4-phenylbutanoate	CC(CCC1=CC=CC=C1)C(=O)O	2.75385499	16046;12473713;12473714;21983049	PubChem:(16046 12473713 12473714 21983049);PubChem class - safety and toxic	67108866
124	1	N/A	-191.86824013692421	C11H14O2	[M + H]+	YRYZGVBKMWFWGT	InChI=1S/C11H14O2/c1-13-11(12)9-5-8-10-6-3-2-4-7-10/h2-4,6-7H,5,8-9H2,1H3	Methyl 4-phenylbutyrate	COC(=O)CCCC1=CC=CC=C1	2.79015493	281254;11550084;11651241	NORMAN:(NS00021830);COCONUT:(CNP0068339);HMDB:(36385);PubChem class - food;PubChem:(281254 11550084 11651241);PubChem class - bio and metabolites	153354250
125	1	N/A	-192.06647913487157	C11H14O2	[M + H]+	CFSCYYFRHIBXMS	InChI=1S/C11H14O2/c1-11(2,13-9-12)8-10-6-4-3-5-7-10/h3-7,9H,8H2,1-2H3	Dmbc formate	CC(C)(CC1=CC=CC=C1)OC=O	2.70000005	61464	COCONUT:(CNP0076754);HMDB:(36235);PubChem class - food;PubChem:(61464);PubChem class - bio and metabolites;PubMed	153092170
126	1	N/A	-193.22830824736138	C11H14O2	[M + H]+	WITYUUTUSPKOAB	InChI=1S/C11H14O2/c1-11(2,10(12)13-3)9-7-5-4-6-8-9/h4-8H,1-3H3	Methyl Dimethylbenzeneacetate	CC(C)(C1=CC=CC=C1)C(=O)OC	2.5999999	143498	NORMAN:(NS00007889);COCONUT:(CNP0043298);PubChem:(143498);SuperNatural:(SN00120628);ZINC bio:(ZINC02385221)	3416066
127	1	N/A	-194.22029127535797	C11H14O2	[M + H]+	LSLWNAOQPPLHSW	InChI=1S/C11H14O2/c1-3-9(2)13-11(12)10-7-5-4-6-8-10/h4-9H,3H2,1-2H3	sec-Butyl benzoate	CCC(C)OC(=O)C1=CC=CC=C1	3.06286454	95570;12587381;12587382	NORMAN:(NS00048949);PubChem:(95570 12587381 12587382);ZINC bio:(ZINC04429262 ZINC04824309)	270338
128	1	N/A	-195.6745693064534	C11H14O2	[M + H]+	RJYPOWRKMKNFHH	InChI=1S/C11H14O2/c1-4-13-11(12)10-6-5-8(2)7-9(10)3/h5-7H,4H2,1-3H3	Ethyl 2,4-dimethylbenzoate	CCOC(=O)C1=C(C=C(C=C1)C)C	2.9000001	118492	PubChem:(118492);NORMAN:(NS00029500)	262146
129	1	N/A	-196.5109478803647	C11H14O2	[M + H]+	XSIFPSYPOVKYCO	InChI=1S/C11H14O2/c1-2-3-9-13-11(12)10-7-5-4-6-8-10/h4-8H,2-3,9H2,1H3	Anthrapole AZ	CCCCOC(=O)C1=CC=CC=C1	3.05955625	8698;11994383;122205963	PubChem class - food;ZINC bio:(ZINC01586768);HSDB:(136-60-7);Plantcyc:(CPD-19955);PubMed;NORMAN:(NS00012027);COCONUT:(CNP0250568);Natural Products:(UNPD156189);PubChem:(8698 11994383 122205963);PubChem class - bio and metabolites;PubChem class - safety and toxic;Biocyc:(CPD-19955)	220637762
130	1	N/A	-196.713669191958	C11H14O2	[M + H]+	RYGCRVNKQRUAPU	InChI=1S/C11H14O2/c1-8(2)9-6-4-5-7-10(12)11(9)13-3/h4-8H,1-3H3	2,4,6-Cycloheptatrien-1-one, 2-methoxy-3-(1-methylethyl)-	CC(C)C1=C(C(=O)C=CC=C1)OC	2.5	13931942	PubChem:(13931942);KNApSAcK:(11001)	18
131	1	N/A	-196.9181015818128	C11H14O2	[M + H]+	MBAOABFNWSOOLU	InChI=1S/C11H14O2/c1-12-11(13-2)9-8-10-6-4-3-5-7-10/h3-9,11H,1-2H3	Cinnamaldehyde dimethyl acetyl	COC(C=CC1=CC=CC=C1)OC	2.20000005	20378;5463228	NORMAN:(NS00012091);COCONUT:(CNP0250710);Natural Products:(UNPD146602);PubChem:(20378 5463228);SuperNatural:(SN00258314);ZINC bio:(ZINC14652201);PubChem class - safety and toxic	70557698
132	1	N/A	-197.50667015015384	C11H14O2	[M + H]+	HOKHCDLSYKTSOU	InChI=1S/C11H14O2/c1-8-4-6-11(7-5-8)9(2)13-10(3)12/h4-7,9H,1-3H3	alpha,4-Dimethylbenzyl acetate	CC1=CC=C(C=C1)C(C)OC(=O)C	2.4000001	89214;12732706;11355823	NORMAN:(NS00047631);PubChem:(89214 12732706 11355823);YMDB Mine	34360000514
133	1	N/A	-199.25150564538936	C11H14O2	[M + H]+	JQNKGPKQKHDCRK	InChI=1S/C11H14O2/c1-8(2)6-7-9-10(12)4-3-5-11(9)13/h3-8,12-13H,1-2H3	null	CC(C)C=CC1=C(C=CC=C1O)O	3.0	131832867	HMDB:(126449);PubChem:(131832867);PubChem class - bio and metabolites	16777226
134	1	N/A	-199.266305265395	C11H14O2	[M + H]+	IBZZAKITZYDOFP	InChI=1S/C11H14O2/c1-11(2,3)9-6-8(7-12)4-5-10(9)13/h4-7,13H,1-3H3	3-tert-butyl-4-hydroxybenzaldehyde	CC(C)(C)C1=C(C=CC(=C1)C=O)O	2.60916734	3017618	PubChem:(3017618);NORMAN:(NS00055859)	262146
135	1	N/A	-199.27885424509023	C11H14O2	[M + H]+	GTXUIKILNLXONM	InChI=1S/C11H14O2/c1-4-13-11(12)10-6-5-8(2)9(3)7-10/h5-7H,4H2,1-3H3	ethyl 3,4-dimethylbenzoate	CCOC(=O)C1=CC(=C(C=C1)C)C	2.9000001	141790	PubChem:(141790);PubChem class - safety and toxic	67108866
136	1	N/A	-199.8954507988162	C11H14O2	[M + H]+	RTJXQMWCVNVYIW	InChI=1S/C11H14O2/c1-3-10(11(12)13)9-6-4-8(2)5-7-9/h4-7,10H,3H2,1-2H3,(H,12,13)	2-(p-Tolyl)butyric acid	CCC(C1=CC=C(C=C1)C)C(=O)O	2.70000005	50233;4291627;6997199;6997200;6997201;6997202	COCONUT:(CNP0048930);PubChem class - safety and toxic;PubChem:(50233 4291627 6997199 6997200 6997201 6997202);SuperNatural:(SN00120217 SN00120216);ZINC bio:(ZINC01843538 ZINC01843539)	70262786
137	1	N/A	-202.3584704149256	C11H14O2	[M + H]+	KWWWFTBWCKTBQI	InChI=1S/C11H14O2/c1-8(12)9-4-6-10(7-5-9)11(2,3)13/h4-7,13H,1-3H3	1-[4-(2-hydroxypropan-2-yl)phenyl]ethanone	CC(=O)C1=CC=C(C=C1)C(C)(C)O	1.90095162	41122	NORMAN:(NS00010681);PubChem class - safety and toxic;PubChem:(41122)	67371010
138	1	N/A	-202.37958554797837	C11H14O2	[M + H]+	RHRRJXDOEHPZKW	InChI=1S/C11H14O2/c1-3-4-5-6-7-8-9-10-11(12)13-2/h5-6,9-10H,3-4H2,1-2H3	null	CCCC=CC#CC=CC(=O)OC	3.0	90470397	COCONUT:(CNP0320409);Natural Products:(UNPD81353);PubChem:(90470397)	2129922
139	1	N/A	-202.7045220161556	C11H14O2	[M + H]+	WNRFSDIWIBKOKJ	InChI=1S/C11H14O2/c1-4-5-9-6-8(2)11(12)10(7-9)13-3/h4-7,12H,1-3H3	Epitope ID:122691	CC=CC1=CC(=C(C(=C1)C)O)OC	2.9000001	45266886;57370849;129406422	PubChem:(45266886 57370849 129406422);YMDB Mine;PubMed;CHEBI:(59077);KEGG Mine	42949673058
140	1	N/A	-202.81245388758103	C11H14O2	[M + H]+	NNTRLPYRNXLYPB	InChI=1S/C11H14O2/c12-9-5-6-11(13)10(7-9)8-3-1-2-4-8/h5-8,12-13H,1-4H2	2-Cyclopentylhydroquinone	C1CCC(C1)C2=C(C=CC(=C2)O)O	3.20000005	3017612	PubChem:(3017612);NORMAN:(NS00055407)	262146
141	1	N/A	-203.6085767378363	C11H14O2	[M + H]+	UWMUVCPSXOGVND	InChI=1S/C11H14O2/c1-11(7-8-12-9-13-11)10-5-3-2-4-6-10/h2-6H,7-9H2,1H3	4-Methyl-4-phenyl-1,3-dioxane	CC1(CCOCO1)C2=CC=CC=C2	1.89999998	92875;92140186;92140187	NORMAN:(NS00045305);MeSH:(92875);PubChem class - safety and toxic;PubChem:(92875 92140186 92140187);PubMed	67371078
142	1	N/A	-205.15059803156925	C11H14O2	[M + H]+	DNORQMNGHAZBGW	InChI=1S/C11H14O2/c1-8(2)9-5-4-6-11(13-3)10(12)7-9/h4-8H,1-3H3	null	CC(C)C1=CC(=O)C(=CC=C1)OC	2.5	12542182	COCONUT:(CNP0320865);Natural Products:(UNPD30740);PubChem:(12542182);PubMed	2129986
143	1	N/A	-206.57276960014462	C11H14O2	[M + H]+	LYDRKKWPKKEMNZ	InChI=1S/C11H14O2/c1-11(2,3)13-10(12)9-7-5-4-6-8-9/h4-8H,1-3H3	tert-Butyl benzoate	CC(C)(C)OC(=O)C1=CC=CC=C1	2.79999995	69886;135038599	NORMAN:(NS00037922);COCONUT:(CNP0038467);PubChem:(69886 135038599);SuperNatural:(SN00214616);CHEBI:(34034);ZINC bio:(ZINC01675334);KEGG:(C14709);PubMed	3416418
144	1	N/A	-206.67193218342635	C11H14O2	[M + H]+	ZGSDRBWWICYJBU	InChI=1S/C11H14O2/c12-10-6-11(7-10)13-8-9-4-2-1-3-5-9/h1-5,10-12H,6-8H2	3-(benzyloxy)cyclobutanol	C1C(CC1OCC2=CC=CC=C2)O	1.5	22609921	PubChem:(22609921);PubChem class - safety and toxic	67108866
145	1	N/A	-207.16344068606332	C11H14O2	[M + H]+	MLNOWFFHYALTKS	InChI=1S/C11H14O2/c1-3-9-5-8(7-12)6-10(4-2)11(9)13/h5-7,13H,3-4H2,1-2H3	3,5-Diethyl-4-hydroxybenzaldehyde	CCC1=CC(=CC(=C1O)CC)C=O	3.01859236	3017947	PubChem:(3017947);NORMAN:(NS00061618)	262146
146	1	N/A	-208.22369649691316	C11H14O2	[M + H]+	NOZKCJWTDAQIKC	InChI=1S/C11H14O2/c1-4-11(2,3)9-6-5-8(12)7-10(9)13/h4-7,12-13H,1H2,2-3H3	1,3-Benzenediol, 4-(1,1-dimethyl-2-propenyl)-	CC(C)(C=C)C1=C(C=C(C=C1)O)O	3.20000005	13898120	COCONUT:(CNP0246598);KNApSAcK:(19469);Natural Products:(UNPD8524);PubChem:(13898120);SuperNatural:(SN00281968);ZINC bio:(ZINC15120934)	3186706
147	1	N/A	-208.72574786889822	C11H14O2	[M + H]+	GIGQIHWSNRVTSX	InChI=1S/C11H14O2/c1-3-4-5-6-7-8-9-10-11(12)13-2/h3-4,9-10H2,1-2H3	null	CCCC#CC#CCCC(=O)OC	2.5	10080946	COCONUT:(CNP0131971);Natural Products:(UNPD168260);PubChem:(10080946);KEGG Mine	8592064514
148	1	N/A	-209.21469459383104	C11H14O2	[M + H]+	HDLQGISFYDYWFJ	InChI=1S/C11H14O2/c1-8(2)10(11(12)13)9-6-4-3-5-7-9/h3-8,10H,1-2H3,(H,12,13)	3-methyl-2-phenylbutanoate	CC(C)C(C1=CC=CC=C1)C(=O)O	2.70000005	19024;4177226;7233171;7233172;7290443;7290444	PubChem:(19024 4177226 7233171 7233172 7290443 7290444);PubChem class - safety and toxic	67108866
149	1	N/A	-212.043960137411	C11H14O2	[M + H]+	SHRDVLUJLDYXSO	InChI=1S/C11H14O2/c1-2-6-10(7-3-1)13-11-8-4-5-9-12-11/h1-3,6-7,11H,4-5,8-9H2	2-phenoxyoxane	C1CCOC(C1)OC2=CC=CC=C2	2.79999995	107240;12684587;92177367	PubChem:(107240 12684587 92177367);NORMAN:(NS00049679)	262146
150	1	N/A	-212.16036840076768	C11H14O2	[M + H]+	AFYQBJVTCNGMKK	InChI=1S/C11H14O2/c1-4-7(2)9-5-10(12)8(3)11(13)6-9/h4-6,12-13H,1-3H3	null	CC=C(C)C1=CC(=C(C(=C1)O)C)O	2.81752872	""	COCONUT:(CNP0417299);Natural Products:(UNPD227433)	2129920
151	1	N/A	-212.82213835351772	C11H14O2	[M + H]+	UGCRLXAUNINWGL	InChI=1S/C11H14O2/c1-9-3-5-10(6-4-9)11(2)12-7-8-13-11/h3-6H,7-8H2,1-2H3	2-methyl-2-(4-methylphenyl)-1,3-dioxolane	CC1=CC=C(C=C1)C2(OCCO2)C	1.89999998	2755469	COCONUT:(CNP0379766);PubChem:(2755469);SuperNatural:(SN00127981);ZINC bio:(ZINC03852012)	3153922
152	1	N/A	-213.84059252536815	C11H14O2	[M + H]+	FBCXATUWPYULPO	InChI=1S/C11H14O2/c1-8-5-3-4-6-10(8)11-12-7-9(2)13-11/h3-6,9,11H,7H2,1-2H3	4-methyl-2-(2-methylphenyl)-1,3-dioxolane	CC1COC(O1)C2=CC=CC=C2C	2.0999999	21116988	PubChem:(21116988);NORMAN:(NS00053538)	262146
153	1	N/A	-214.95806150088842	C11H14O2	[M + H]+	DNRMAAJDFACPOV	InChI=1S/C11H14O2/c1-9(12)11(2,13)8-10-6-4-3-5-7-10/h3-7,13H,8H2,1-2H3	2-Butanone, 3-hydroxy-3-methyl-4-phenyl-	CC(=O)C(C)(CC1=CC=CC=C1)O	1.5	13308253;99645689;99645690	HMDB:(133682);PubChem:(13308253 99645689 99645690);PubChem class - bio and metabolites	16777226
154	1	N/A	-218.0410769517422	C11H14O2	[M + H]+	CIHKNVXTQCYONS	InChI=1S/C11H14O2/c1-9-8-12-11(2,13-9)10-6-4-3-5-7-10/h3-7,9H,8H2,1-2H3	2,4-Dimethyl-2-phenyl-1,3-dioxolane	CC1COC(O1)(C)C2=CC=CC=C2	2.0	117603;117604;221640;21119697;21119698	PubChem:(117603 117604 221640 21119697 21119698);NORMAN:(NS00048212)	262146
155	1	N/A	-218.63078838431525	C11H14O2	[M + H]+	FKUWKXIPPULUCW	InChI=1S/C11H14O2/c1-11(2)6-5-8-7-9(12)3-4-10(8)13-11/h3-4,7,12H,5-6H2,1-2H3	2,2-dimethylchroman-6-ol	CC1(CCC2=C(O1)C=CC(=C2)O)C	2.5	150948	COCONUT:(CNP0277498);PubChem:(150948);SuperNatural:(SN00155226);ZINC bio:(ZINC00338213);MeSH:(150948);PubMed	3153990
156	1	N/A	-219.65851020877767	C11H14O2	[M + H]+	SGDUYSKZFFCUOU	InChI=1S/C11H14O2/c1-7(2)9-4-5-11(13)10(6-9)8(3)12/h4-7,13H,1-3H3	Ambap1634-36-2	CC(C)C1=CC(=C(C=C1)O)C(=O)C	2.9000001	11480784	PubChem:(11480784);NORMAN:(NS00008050)	262146
157	1	N/A	-220.5928608758583	C11H14O2	[M + H]+	UZFIDCCOGFHAHO	InChI=1S/C11H14O2/c1-9(2)11-5-3-10(4-6-11)7-13-8-12/h3-6,8-9H,7H2,1-2H3	p-Isopropylbenzyl formate	CC(C)C1=CC=C(C=C1)COC=O	2.79999995	105515	PubChem:(105515);NORMAN:(NS00055831)	262146
158	1	N/A	-224.08461422800252	C11H14O2	[M + H]+	MZGYHGQVVFEMIG	InChI=1S/C11H14O2/c1-7(2)10-5-9(6-12)4-8(3)11(10)13/h4-7,13H,1-3H3	4-hydroxy-3-isopropyl-5-methylbenzaldehyde	CC1=CC(=CC(=C1O)C(C)C)C=O	2.5	82711	PubChem:(82711);NORMAN:(NS00023369)	262146
159	1	N/A	-227.73075905658607	C11H14O2	[M + H]+	RMFKBXSYAGJVQR	InChI=1S/C11H14O2/c1-7-5-10(6-12)8(2)9(3)11(7)13-4/h5-6H,1-4H3	4-methoxy-2,3,5-trimethylbenzaldehyde	CC1=CC(=C(C(=C1OC)C)C)C=O	2.4000001	2752604	COCONUT:(CNP0026346);PubChem:(2752604);SuperNatural:(SN00125704);ZINC bio:(ZINC03847643)	3153922
160	1	N/A	-231.99135658977778	C11H14O2	[M + H]+	ZDFKSZDMHJHQHS	InChI=1S/C11H14O2/c1-11(2,3)9-7-5-4-6-8(9)10(12)13/h4-7H,1-3H3,(H,12,13)	tert-Butylbenzoic acid	CC(C)(C)C1=CC=CC=C1C(=O)O	2.7761178	136850;6992180	NORMAN:(NS00045756);PubChem class - food;PubChem:(136850 6992180)	134479874
161	1	N/A	-236.16381816442507	C11H14O2	[M + H]+	SMNNDVUKAKPGDD	InChI=1S/C11H14O2/c1-2-3-6-9-7-4-5-8-10(9)11(12)13/h4-5,7-8H,2-3,6H2,1H3,(H,12,13)	2-butylbenzoate	CCCCC1=CC=CC=C1C(=O)O	3.15137863	171526;21943927	NORMAN:(NS00054273);PubChem:(171526 21943927);PubMed	262210
162	1	N/A	-236.5855957455532	C11H14O2	[M + H]+	VPBUQMKUEPQXKR	InChI=1S/C11H14O2/c1-8-3-5-10(6-4-8)11-12-7-9(2)13-11/h3-6,9,11H,7H2,1-2H3	1, 4-methyl-2-(4-methylphenyl)-	CC1COC(O1)C2=CC=C(C=C2)C	2.0999999	94001;76963191;76963192;76963193;76963194	PubChem:(94001 76963191 76963192 76963193 76963194);PubChem class - food	134217730
163	1	N/A	-241.38566389287809	C11H14O2	[M + H]+	CAIXHVBUTFNGQL	InChI=1S/C11H14O2/c1-8(2)3-4-9-5-6-10(12)7-11(9)13/h3,5H,4,6-7H2,1-2H3	4-(3-methylbut-2-enyl)cyclohex-4-ene-1,3-dione	CC(=CCC1=CCC(=O)CC1=O)C	2.0999999	5319523	COCONUT:(CNP0179075);Natural Products:(UNPD119046);PubChem:(5319523)	2129922
164	1	N/A	-244.07267708767623	C11H14O2	[M + H]+	MSWNGSGXXVLVPG	InChI=1S/C11H14O2/c1-3-8-5-9(4-2)7-10(6-8)11(12)13/h5-7H,3-4H2,1-2H3,(H,12,13)	3,5-diethylbenzoate	CCC1=CC(=CC(=C1)C(=O)O)CC	3.0	138064	PubChem:(138064);PubChem class - safety and toxic	67108866
165	1	N/A	-245.39951081857754	C11H14O2	[M + H]+	BTOFIDLWQJCUJG	InChI=1S/C11H14O2/c1-7-5-11(13-4)9(3)8(2)10(7)6-12/h5-6H,1-4H3	2,3,6-Trimethyl-p-anisaldehyde	CC1=CC(=C(C(=C1C=O)C)C)OC	2.4000001	824142;45039732	NORMAN:(NS00033056);PubChem class - safety and toxic;PubChem:(824142 45039732)	67371010
166	1	N/A	-249.58941662391726	C11H14O2	[M + H]+	KDVYCTOWXSLNNI	InChI=1S/C11H14O2/c1-11(2,3)9-6-4-8(5-7-9)10(12)13/h4-7H,1-3H3,(H,12,13)	4-tert-butylbenzoate	CC(C)(C)C1=CC=C(C=C1)C(=O)O	2.7761178	7403;6994151;101457548;131708641	SuperNatural:(SN00214509);ZINC bio:(ZINC00388305);HSDB:(98-73-7);MeSH:(7403);PubMed;NORMAN:(NS00006736);COCONUT:(CNP0058800);PubChem:(7403 6994151 101457548 131708641);CHEBI:(34443);PubChem class - bio and metabolites;KEGG:(C14535);PubChem class - safety and toxic	87303014
167	1	N/A	-254.7807080230107	C11H14O2	[M + H]+	YJXMOZYTZIZNQG	InChI=1S/C11H14O2/c12-10-6-7-13-11(10)8-9-4-2-1-3-5-9/h1-5,10-12H,6-8H2	null	C1COC(C1O)CC2=CC=CC=C2	1.60000002	10932004;14943109;85320772;132510466;139587651	PubChem:(10932004 14943109 85320772 132510466 139587651);COCONUT:(CNP0353721)	2097154
168	1	N/A	-255.7372491730038	C11H14O2	[M + H]+	NIHOKFPCYMIIGM	InChI=1S/C11H14O2/c1-3-8-6-5-7-9(4-2)10(8)11(12)13/h5-7H,3-4H2,1-2H3,(H,12,13)	2,6-diethylbenzoate	CCC1=C(C(=CC=C1)CC)C(=O)O	3.0	8167097;8167098	PubChem:(8167097 8167098);PubChem class - safety and toxic	67108866
169	1	N/A	-261.3345625717658	C11H14O2	[M + H]+	PWEJHEZAHNQSHP	InChI=1S/C11H14O2/c1-11(2,3)9-6-4-5-8(7-9)10(12)13/h4-7H,1-3H3,(H,12,13)	3-tert-Butylbenzoic acid	CC(C)(C)C1=CC=CC(=C1)C(=O)O	2.7761178	139037;36688891	PubChem class - safety and toxic;PubChem:(139037 36688891);PubMed	67108930
170	1	N/A	-261.37211264256456	C11H14O2	[M + H]+	JFKUBRAOUZEZSL	InChI=1S/C11H14O2/c1-2-3-4-9-5-7-10(8-6-9)11(12)13/h5-8H,2-4H2,1H3,(H,12,13)	4-butylbenzoate	CCCCC1=CC=C(C=C1)C(=O)O	3.15137863	88631;6999169	NORMAN:(NS00021838);COCONUT:(CNP0051958);PubChem:(88631 6999169);SuperNatural:(SN00120309);ZINC bio:(ZINC02022964);PubChem class - safety and toxic;PubMed	70524994
171	1	N/A	-261.8019145351987	C11H14O2	[M + H]+	LUTAEYHZVSOFCK	InChI=1S/C11H14O2/c1-3-5-7-9-8-13-11(12)10(9)6-4-2/h4-7H,3,8H2,1-2H3	null	CCC=CC1=C(C(=O)OC1)C=CC	2.20000005	101899001;139583515	PubChem:(101899001 139583515);COCONUT:(CNP0266843)	2097154
172	1	N/A	-263.6488133400108	C11H14O2	[M + H]+	ZRWYTSGILDBAGH	InChI=1S/C11H14O2/c1-3-8(2)9-4-6-10(7-5-9)11(12)13/h4-8H,3H2,1-2H3,(H,12,13)	4-butan-2-ylbenzoic Acid	CCC(C)C1=CC=C(C=C1)C(=O)O	2.9318068	2753386;7056004;7056005;7056006;7056007;23547482;22964797	COCONUT:(CNP0054635);PubChem:(2753386 7056004 7056005 7056006 7056007 23547482 22964797);SuperNatural:(SN00126391 SN00126390);ZINC bio:(ZINC03848662 ZINC03848664)	3153922
173	1	N/A	-263.8725809457066	C11H14O2	[M + H]+	IGZFAEOSTUHGIX	InChI=1S/C11H14O2/c1-8-5-6-11(13-8)9-3-2-4-10(12)7-9/h5-6,9H,2-4,7H2,1H3	3-(5-methylfuran-2-yl)cyclohexan-1-one	CC1=CC=C(O1)C2CCCC(=O)C2	1.60000002	2755449;7057512;7057513	COCONUT:(CNP0286338);PubChem:(2755449 7057512 7057513);SuperNatural:(SN00127973 SN00127974);ZINC bio:(ZINC03851992 ZINC03851994)	3153922
174	1	N/A	-265.09745622799056	C11H14O2	[M + H]+	PXLABDTXHJPRRH	InChI=1S/C11H14O2/c1-7-5-8(2)10(9(3)6-7)11(12)13-4/h5-6H,1-4H3	Methyl .beta.-isodurilate	CC1=CC(=C(C(=C1)C)C(=O)OC)C	3.18022299	519982	PubChem class - safety and toxic;PubChem:(519982);PubChem class - bio and metabolites	83886082
175	1	N/A	-265.50610250707035	C11H14O2	[M + H]+	LKFXMRFTJVYQMT	InChI=1S/C11H14O2/c1-11(2)6-8-4-3-5-9(7-12)10(8)13-11/h3-5,12H,6-7H2,1-2H3	(2,2-dimethyl-3H-1-benzofuran-7-yl)methanol	CC1(CC2=C(O1)C(=CC=C2)CO)C	1.70000005	2795472	PubChem class - safety and toxic;PubChem:(2795472);PubMed;PubChem class - bio and metabolites	83886146
176	1	N/A	-270.5912164927482	C11H14O2	[M + H]+	VUBBCFWWSKOHTH	InChI=1S/C11H14O2/c1-8(2)7-9-3-5-10(6-4-9)11(12)13/h3-6,8H,7H2,1-2H3,(H,12,13)	zlchem 972	CC(C)CC1=CC=C(C=C1)C(=O)O	2.9318068	38111;1550838	NORMAN:(NS00014936);COCONUT:(CNP0056030);PubChem:(38111 1550838);SuperNatural:(SN00119879);ZINC bio:(ZINC01673971);PubChem class - safety and toxic;PubMed	70524994
177	1	N/A	-272.2893111473381	C11H14O2	[M + H]+	NPBJHCVHBJXIDJ	InChI=1S/C11H14O2/c1-3-5-7-9-8-13-11(12)10(9)6-4-2/h3-6H,7-8H2,1-2H3	null	CC=CCC1=C(C(=O)OC1)C=CC	2.0999999	139584610	PubChem:(139584610);COCONUT:(CNP0243553)	2097154
178	1	N/A	-272.9504097886647	C11H14O2	[M + H]+	PBQULXLDQBOQEV	InChI=1S/C11H14O2/c1-4-5-8(2)10-7-6-9(3)11(12)13-10/h5-7H,4H2,1-3H3	nocapyrone F	CCC=C(C)C1=CC=C(C(=O)O1)C	3.20000005	53345950	COCONUT:(CNP0120260);Natural Products:(UNPD204167);PubChem:(53345950);PubMed;CHEBI:(69706)	2130018
179	1	N/A	-279.5629442592013	C11H14O2	[M + H]+	WITVSXXDJMKFFE	InChI=1S/C11H14O2/c1-11(2)4-3-7-5-9(12)10(13)6-8(7)11/h5-6,12-13H,3-4H2,1-2H3	1,1-Dimethylindan-5,6-diol	CC1(CCC2=CC(=C(C=C21)O)O)C	2.9000001	3024821	PubChem:(3024821);NORMAN:(NS00066320)	262146
180	1	N/A	-280.5106881374436	C11H14O2	[M + H]+	QGICJTBKXZPCRA	InChI=1S/C11H14O2/c1-7-5-10(13)8(6-9(7)12)11(2,3)4/h5-6H,1-4H3	2-tert-butyl-5-methylbenzo-1,4-quinone	CC1=CC(=O)C(=CC1=O)C(C)(C)C	2.19381571	825316	PubChem class - safety and toxic;PubChem:(825316);PubMed	67108930
181	1	N/A	-282.06040786356897	C11H14O2	[M + H]+	QCTZFEMYDOAQLE	InChI=1S/C11H14O2/c1-7(2)9-5-4-8(3)10(6-9)11(12)13/h4-7H,1-3H3,(H,12,13)	5-Isopropyl-o-toluic acid	CC1=C(C=C(C=C1)C(C)C)C(=O)O	2.9000001	19570	PubChem:(19570);PubChem class - safety and toxic	67108866
182	1	N/A	-284.31903107053694	C11H14O2	[M + H]+	BIYLHDYSCBLLJI	InChI=1S/C11H14O2/c1-3-5-7-10-8-9(6-4-2)11(12)13-10/h3,5,7-8H,4,6H2,1-2H3	null	CCCC1=CC(=CC=CC)OC1=O	3.0999999	10035170;101157666	COCONUT:(CNP0334466);Natural Products:(UNPD183783);PubChem:(10035170 101157666);SuperNatural:(SN00295624)	3178498
183	1	N/A	-297.1972751326532	C11H14O2	[M + H]+	QGVXNVFNLXEOHJ	InChI=1S/C11H14O2/c12-10-7-3-5-8-4-1-2-6-9(8)11(10)13/h1-2,4,6,10-13H,3,5,7H2	1,2-cis-1,2-Dihydroxybenzosuberan	C1CC(C(C2=CC=CC=C2C1)O)O	2.01954913	10866907;13467681;13467682;13467683;13467684	PubChem:(10866907 13467681 13467682 13467683 13467684);PubChem class - safety and toxic	67108866
184	1	N/A	-304.1144605016935	C11H14O2	[M + H]+	STIDRZRESMTQBD	InChI=1S/C11H14O2/c1-6-5-7(2)9(4)10(8(6)3)11(12)13/h5H,1-4H3,(H,12,13)	2,3,5,6-tetramethylbenzoate	CC1=CC(=C(C(=C1C)C(=O)O)C)C	2.9000001	17452;4739402	NORMAN:(NS00028023);COCONUT:(CNP0035299);PubChem:(17452 4739402);SuperNatural:(SN00116887);ZINC bio:(ZINC00042485);PubChem class - safety and toxic;PubMed	70524994
185	1	N/A	-304.1271149536454	C11H14O2	[M + H]+	IEOVKCGOIXZDRK	InChI=1S/C11H14O2/c1-2-11(12)13-7-10-6-8-3-4-9(10)5-8/h2-4,8-10H,1,5-7H2	Cyclol acrylate	C=CC(=O)OCC1CC2CC1C=C2	2.4000001	7234;11816189;51025217;69810535;76971342;93234144;98111715;98111717	HSDB:(95-39-6);NORMAN:(NS00041071);PubChem class - food;PubChem class - safety and toxic;PubChem:(7234 11816189 51025217 69810535 76971342 93234144 98111715 98111717)	201589250
186	1	N/A	-312.7001103015582	C11H14O2	[M + H]+	DNHDRUMZDHWHKG	InChI=1S/C11H14O2/c1-11-6-5-9(12)7-8(11)3-2-4-10(11)13/h7H,2-6H2,1H3	Wieland-Michler ketone	CC12CCC(=O)C=C1CCCC2=O	0.600000024	89262;736069;736070;132532367	NORMAN:(NS00048080);COCONUT:(CNP0362685);PubChem:(89262 736069 736070 132532367);SuperNatural:(SN00043572);ZINC bio:(ZINC00155439);PubMed	3416130
187	1	N/A	-314.9419021345167	C11H14O2	[M + H]+	DROVCHNAUMUBIQ	InChI=1S/C11H14O2/c1-2-3-5-10-6-8-11(13-10)7-4-9-12-11/h5H,4,6-9H2,1H3	(8E)-8-but-2-ynylidene-4,9-dioxaspiro[4.4]nonane	CC#CC=C1CCC2(O1)CCCO2	2.20000005	5315572	PubChem:(5315572);COCONUT:(CNP0110404)	2097154
188	1	N/A	-315.6409208631155	C11H14O2	[M + H]+	IVGYSSJKFLEVIX	InChI=1S/C11H14O2/c1-3-4-5-6-9-8(2)10(12)7-11(9)13/h3-5,10,12H,1,6-7H2,2H3	Pyrethrolone	CC1=C(C(=O)CC1O)CC=CC=C	1.10000002	92115;5372071;6538272;10877699;11789781;130844232	COCONUT:(CNP0239757);Natural Products:(UNPD160177 UNPD224750 UNPD115423 UNPD187621);PubChem:(92115 5372071 6538272 10877699 11789781 130844232);SuperNatural:(SN00330454 SN00365759 SN00296716);CHEBI:(39111 39110 39109 39107);PubChem class - bio and metabolites;Plantcyc:(CPD-13661 CPD-17351);PubMed;Biocyc:(CPD-13661);KEGG Mine	8610023522
189	1	N/A	-323.4896076313096	C11H14O2	[M + H]+	QZYLIXQVHZRYQQ	InChI=1S/C11H14O2/c1-11(2)7-4-5-9(6-8-11)10(12)13-3/h4-8H,1-3H3	1,3,6-Cycloheptatriene-1-carboxylic acid, 5,5-dimethyl-, methyl ester	CC1(C=CC=C(C=C1)C(=O)OC)C	3.0999999	13931941	COCONUT:(CNP0274249);Natural Products:(UNPD36127);PubChem:(13931941);SuperNatural:(SN00367792)	3178498
190	1	N/A	-323.8302871719096	C11H14O2	[M + H]+	JEBOPSGVIIUIQD	InChI=1S/C11H14O2/c1-6-5-10(11(12)13)9(4)8(3)7(6)2/h5H,1-4H3,(H,12,13)	2,3,4,5-tetramethylbenzoate	CC1=CC(=C(C(=C1C)C)C)C(=O)O	2.9000001	137629;6950451	COCONUT:(CNP0067456);PubChem class - safety and toxic;PubChem:(137629 6950451);SuperNatural:(SN00118451);ZINC bio:(ZINC00390983)	70262786
191	1	N/A	-326.516249857432	C11H14O2	[M + H]+	CLWNWHIYDPUQMQ	InChI=1S/C11H14O2/c1-6-5-7(2)10(11(12)13)9(4)8(6)3/h5H,1-4H3,(H,12,13)	2,3,4,6-tetramethylbenzoate	CC1=CC(=C(C(=C1C)C)C(=O)O)C	2.9000001	137589;6950488	COCONUT:(CNP0069247);PubChem class - safety and toxic;PubChem:(137589 6950488);SuperNatural:(SN00118461);ZINC bio:(ZINC00391266)	70262786
192	1	N/A	-328.58000275037546	C11H14O2	[M + H]+	IENXNRSNFXHIOR	InChI=1S/C11H14O2/c1-5-11(13)8(2)6-9(12)7-10(11,3)4/h1,6,13H,7H2,2-4H3	4-Ethynyl-4-hydroxy-3,5,5-trimethyl-2-cyclohexen-1-one	CC1=CC(=O)CC(C1(C#C)O)(C)C	0.600000024	578890	PubChem:(578890);NORMAN:(NS00010741)	262146
193	1	N/A	-344.3579895580923	C11H14O2	[M + H]+	VEPJYMZVLHBTJT	InChI=1S/C11H14O2/c1-7-3-2-4-8-9(12)5-6-10(13)11(7)8/h4-7,10-11,13H,2-3H2,1H3	null	CC1CCC=C2C1C(C=CC2=O)O	1.5	130036205;130900151	COCONUT:(CNP0286038);Natural Products:(UNPD205539);PubChem:(130036205 130900151)	2129922
194	1	N/A	-357.52276480808115	C11H14O2	[M + H]+	FLPXJQDIMZROKJ	InChI=1S/C11H14O2/c1-3-5-7-10-8-9(6-4-2)11(12)13-10/h3,5-7,10H,1,4,8H2,2H3	null	CCC=C1CC(OC1=O)C=CC=C	2.70000005	57379199	COCONUT:(CNP0242298);Natural Products:(UNPD222704);PubChem:(57379199)	2129922
195	1	N/A	-368.9299559391251	C11H14O2	[M + H]+	VGQSMHFBCKKQHB	InChI=1S/C11H14O2/c1-10(2)5-4-6-11(3)8(10)7-9(12)13-11/h4,6-7H,5H2,1-3H3	Actinidiolide	CC1(CC=CC2(C1=CC(=O)O2)C)C	2.0	11062957;11084442;15558330	COCONUT:(CNP0217914);Natural Products:(UNPD107553);PubChem:(11062957 11084442 15558330);SuperNatural:(SN00261272);PubMed	3178562
196	1	N/A	-371.2378012202444	C11H14O2	[M + H]+	BDJHZBSSFOFAQX	InChI=1S/C11H14O2/c1-8-3-5-11(6-4-8)9(2)7-10(12)13-11/h3,7H,4-6H2,1-2H3	4,8-dimethyl-1-oxaspiro[4.5]deca-3,7-dien-2-on	CC1=CCC2(CC1)C(=CC(=O)O2)C	1.39999998	642878;11126831;21668635	COCONUT:(CNP0155516);Natural Products:(UNPD196286);PubChem:(642878 11126831 21668635);SuperNatural:(SN00307024)	3178498
197	1	N/A	-377.34539529244466	C11H14O2	[M + H]+	DNJXQUGTFJIYHQ	InChI=1S/C11H14O2/c12-6-13-10-4-3-9-7-1-2-8(5-7)11(9)10/h3-4,6-11H,1-2,5H2	Tricyclo(5.2,1.02.6)-3-decenyl formate	C1CC2CC1C3C2C(C=C3)OC=O	2.5999999	3034891	PubChem:(3034891);NORMAN:(NS00012541)	262146
198	1	N/A	-429.8254783326377	C11H14O2	[M + H]+	BTDFZQUXKISOCL	InChI=1S/C11H14O2/c1-6-4-7-2-3-9-10(7)8(5-6)11(12)13-9/h5-7,9-10H,2-4H2,1H3	null	CC1CC2CCC3C2C(=C1)C(=O)O3	2.20000005	10374997;102243506;139586666	COCONUT:(CNP0318938);Natural Products:(UNPD71785);PubChem:(10374997 102243506 139586666);SuperNatural:(SN00402293);MeSH:(10374997);PubMed	3178566
1	1	N/A	-69.64558809211125	C11H16O3	[M - H2O + H]+	XYPMGJKFSRTMFY	InChI=1S/C11H16O3/c1-3-14-10-5-4-9(6-7-12)8-11(10)13-2/h4-5,8,12H,3,6-7H2,1-2H3	Benzeneethanol,4-ethoxy-3-methoxy-	CCOC1=C(C=C(C=C1)CCO)OC	2.24269438	586419	NORMAN:(NS00058134);PubChem:(586419);ZINC bio:(ZINC00405281)	270338
2	1	N/A	-69.78169481929655	C11H16O3	[M - H2O + H]+	ZISWRXJZUKDIOO	InChI=1S/C11H16O3/c1-13-10-6-5-9(4-3-7-12)8-11(10)14-2/h5-6,8,12H,3-4,7H2,1-2H3	Benzenepropanol,3,4-dimethoxy-	COC1=C(C=C(C=C1)CCCO)OC	2.26086807	77528	NORMAN:(NS00030562);COCONUT:(CNP0252849);Natural Products:(UNPD156036);PubChem:(77528);PubMed;KEGG Mine	8592326722
3	1	N/A	-87.6820418569408	C11H16O3	[M - H2O + H]+	WUWWFJGGMGKQML	InChI=1S/C11H16O3/c1-2-9-3-5-11(6-4-9)14-8-10(13)7-12/h3-6,10,12-13H,2,7-8H2,1H3	3-(4-ethylphenoxy)propane-1,2-diol	CCC1=CC=C(C=C1)OCC(CO)O	1.39999998	108252;102101248	PubChem:(108252 102101248);PubChem class - safety and toxic	67108866
4	1	N/A	-88.23906853332431	C11H16O3	[M - H2O + H]+	AZARHELIPHKHED	InChI=1S/C11H16O3/c1-5-8-6-9(12-2)11(14-4)10(7-8)13-3/h6-7H,5H2,1-4H3	Benzene, 5-ethyl-1,2,3-trimethoxy-	CCC1=CC(=C(C(=C1)OC)OC)OC	2.74002028	10012904	COCONUT:(CNP0190769);Natural Products:(UNPD116241);PubChem:(10012904);SuperNatural:(SN00403965)	3178498
5	1	N/A	-92.51534932131948	C11H16O3	[M - H2O + H]+	JCLWQYMAWWJMSX	InChI=1S/C11H16O3/c1-2-9-4-3-5-11(6-9)14-8-10(13)7-12/h3-6,10,12-13H,2,7-8H2,1H3	3-(3-ethylphenoxy)propane-1,2-diol	CCC1=CC(=CC=C1)OCC(CO)O	1.76685047	115788	PubChem:(115788);PubChem class - safety and toxic	67108866
6	1	N/A	-95.61165397195924	C11H16O3	[M - H2O + H]+	KWJDGWGMDAQESJ	InChI=1S/C11H16O3/c1-8(12)6-9-4-5-10(13-2)11(7-9)14-3/h4-5,7-8,12H,6H2,1-3H3	1-(3,4-Dimethoxyphenyl)-2-propanol	CC(CC1=CC(=C(C=C1)OC)OC)O	2.26417637	89187;10198066;53234190	PubChem:(89187 10198066 53234190);PubChem class - safety and toxic	67108866
7	1	N/A	-108.49613263037241	C11H16O3	[M - H2O + H]+	JZUAKBZLLJDSTQ	InChI=1S/C11H16O3/c1-8(7-12)5-9-3-4-10(13)11(6-9)14-2/h3-4,6,8,12-13H,5,7H2,1-2H3	null	CC(CC1=CC(=C(C=C1)O)OC)CO	2.08078051	""	COCONUT:(CNP0281039);Natural Products:(UNPD151113);SuperNatural:(SN00234917)	3178496
8	1	N/A	-108.52194196197452	C11H16O3	[M - H2O + H]+	TYRUSIJKQXMLLQ	InChI=1S/C11H16O3/c1-2-13-8-10(12)9-14-11-6-4-3-5-7-11/h3-7,10,12H,2,8-9H2,1H3	1-Ethoxy-3-phenoxy-2-propanol	CCOCC(COC1=CC=CC=C1)O	1.5	86706	PubChem:(86706);PubChem class - safety and toxic	67108866
9	1	N/A	-112.60558100548838	C11H16O3	[M - H2O + H]+	KLIWBPMQXVJEAN	InChI=1S/C11H16O3/c1-2-9-5-3-4-6-11(9)14-8-10(13)7-12/h3-6,10,12-13H,2,7-8H2,1H3	1, 3-(2-ethylphenoxy)-	CCC1=CC=CC=C1OCC(CO)O	1.76685047	98049;92140298;92140299	PubChem class - safety and toxic;PubChem:(98049 92140298 92140299);PubMed	67108930
10	1	N/A	-112.74966806316665	C11H16O3	[M - H2O + H]+	KYIMBEHWPPBVMI	InChI=1S/C11H16O3/c1-14-11-8-9(4-2-3-7-12)5-6-10(11)13/h5-6,8,12-13H,2-4,7H2,1H3	null	COC1=C(C=CC(=C1)CCCCO)O	2.30035233	57164275	MeSH:(57164275);PubChem:(57164275);PubMed	70
11	1	N/A	-114.87992921826005	C11H16O3	[M - H2O + H]+	UMUMZMDVXFUSNN	InChI=1S/C11H16O3/c12-7-11(8-13,9-14)6-10-4-2-1-3-5-10/h1-5,12-14H,6-9H2	null	C1=CC=C(C=C1)CC(CO)(CO)CO	0.200000003	58388140	COCONUT:(CNP0153346);PubChem:(58388140);SuperNatural:(SN00142085);ZINC bio:(ZINC68600262)	3153922
12	1	N/A	-117.14488779174316	C11H16O3	[M - H2O + H]+	GTLGHKNKLRZSMO	InChI=1S/C11H16O3/c1-8(12)3-4-9-5-6-10(13)11(7-9)14-2/h5-8,12-13H,3-4H2,1-2H3	Zingerol	CC(CCC1=CC(=C(C=C1)O)OC)O	2.30366063	641651;3016110;71764450	HMDB:(135672);SuperNatural:(SN00254390 SN00158197);ZINC bio:(ZINC13339759 ZINC13339761);PubMed;NORMAN:(NS00057648);COCONUT:(CNP0301157);Natural Products:(UNPD572 UNPD59784);PubChem:(641651 3016110 71764450);YMDB Mine;PubChem class - bio and metabolites;PubChem class - safety and toxic;KEGG Mine	43037007946
13	1	N/A	-124.19371278672213	C11H16O3	[M - H2O + H]+	XWFZEOQPMROJSH	InChI=1S/C11H16O3/c1-13-11(7-12)9-14-8-10-5-3-2-4-6-10/h2-6,11-12H,7-9H2,1H3	1-O-Benzyl-2-O-methylglycerol	COC(CO)COCC1=CC=CC=C1	0.800000012	129427;12486316;54491777	MeSH:(129427);PubChem:(129427 12486316 54491777);PubMed	70
14	1	N/A	-126.24066563196365	C11H16O3	[M - H2O + H]+	ZVMSMBHUKJAOEX	InChI=1S/C11H16O3/c1-4-5-8-6-9(12)11(14-3)10(7-8)13-2/h6-7,12H,4-5H2,1-3H3	null	CCCC1=CC(=C(C(=C1)OC)OC)O	2.79999995	89207048	MeSH:(89207048);PubChem:(89207048);PubMed	70
15	1	N/A	-126.50188289229995	C11H16O3	[M - H2O + H]+	GVURYEOXXOUZQP	InChI=1S/C11H16O3/c1-3-13-10-6-5-9(8-12)11(7-10)14-4-2/h5-7,12H,3-4,8H2,1-2H3	2,4-Diethoxybenzylalcohol	CCOC1=CC(=C(C=C1)CO)OCC	1.70000005	16216917	PubChem:(16216917);PubChem class - safety and toxic	67108866
16	1	N/A	-133.8496574552556	C11H16O3	[M - H2O + H]+	YHEWWEXPVKCVFY	InChI=1S/C11H16O3/c1-4-5-8-6-9(13-2)11(12)10(7-8)14-3/h6-7,12H,4-5H2,1-3H3	4-Propylsyringol	CCCC1=CC(=C(C(=C1)OC)O)OC	2.79999995	524975	COCONUT:(CNP0148418);HMDB:(36226);Natural Products:(UNPD183202);PubChem class - food;PubChem:(524975);PubChem class - bio and metabolites;PubMed	153124938
17	1	N/A	-136.94409213945457	C11H16O3	[M - H2O + H]+	GCKNJKPJTMNFTF	InChI=1S/C11H16O3/c1-8(12)7-9-5-4-6-10(13-2)11(9)14-3/h4-6,8,12H,7H2,1-3H3	1-(2,3-Dimethoxyphenyl)-2-propanol	CC(CC1=C(C(=CC=C1)OC)OC)O	2.26417637	214535	PubChem class - safety and toxic;PubChem:(214535);YMDB Mine	34426847234
18	1	N/A	-138.09480065761878	C11H16O3	[M - H2O + H]+	QTURWMMVIIBRRP	InChI=1S/C11H16O3/c1-3-12-11(13-4-2)14-10-8-6-5-7-9-10/h5-9,11H,3-4H2,1-2H3	diethoxymethoxybenzene	CCOC(OCC)OC1=CC=CC=C1	2.5999999	84440	NORMAN:(NS00055022);PubChem class - safety and toxic;PubChem:(84440)	67371010
19	1	N/A	-143.7167928915595	C11H16O3	[M - H2O + H]+	QRKQKOWDVJJBOE	InChI=1S/C11H16O3/c1-9-4-6-10(7-5-9)14-8-11(12-2)13-3/h4-7,11H,8H2,1-3H3	Acetaldehyde, dimethylacetal	CC1=CC=C(C=C1)OCC(OC)OC	2.0999999	80614	NORMAN:(NS00012134);PubChem class - safety and toxic;PubChem:(80614)	67371010
20	1	N/A	-145.86763274039674	C11H16O3	[M - H2O + H]+	IAUOVMNXNAEWSV	InChI=1S/C11H16O3/c1-12-10-7-5-4-6-9(10)8-11(13-2)14-3/h4-7,11H,8H2,1-3H3	2-Methoxyphenylacetaldehyde dimethylacetal	COC1=CC=CC=C1CC(OC)OC	2.29780912	71309687	PubChem:(71309687);PubChem class - safety and toxic	67108866
21	1	N/A	-146.78921151543722	C11H16O3	[M - H2O + H]+	UKVAXOJOOALGOT	InChI=1S/C11H16O3/c1-12-10-6-4-9(5-7-10)8-11(13-2)14-3/h4-7,11H,8H2,1-3H3	1-(2,2-Dimethoxyethyl)-4-methoxybenzene	COC1=CC=C(C=C1)CC(OC)OC	2.29780912	554649	PubChem:(554649);PubChem class - safety and toxic	67108866
22	1	N/A	-154.24277435356282	C11H16O3	[M - H2O + H]+	DXYXGWDDTLAPGM	InChI=1S/C11H16O3/c1-10-2-4-11(5-3-10)14-9-8-13-7-6-12/h2-5,12H,6-9H2,1H3	2-(2-(p-Tolyloxy)ethoxy)ethanol	CC1=CC=C(C=C1)OCCOCCO	1.39999998	66913	PubChem:(66913);NORMAN:(NS00023300)	262146
23	1	N/A	-155.76323157636057	C11H16O3	[M - H2O + H]+	NBMFDNRJHLWVHY	InChI=1S/C11H16O3/c12-7-6-10(13)11(14)8-9-4-2-1-3-5-9/h1-5,10-14H,6-8H2	null	C1=CC=C(C=C1)CC(C(CCO)O)O	0.600000024	23192783;101905269;118708003	COCONUT:(CNP0366268);MeSH:(23192783);PubChem:(23192783 101905269 118708003);PubMed	2097222
24	1	N/A	-156.71945374387164	C11H16O3	[M - H2O + H]+	MBJYNNMHFMUBHI	InChI=1S/C11H16O3/c1-9-3-5-10(6-4-9)14-8-11(2,13)7-12/h3-6,12-13H,7-8H2,1-2H3	2-Methyl-3-(p-tolyloxy)-1,2-propanediol	CC1=CC=C(C=C1)OCC(C)(CO)O	1.10000002	115632	PubChem:(115632);PubChem class - safety and toxic	67108866
25	1	N/A	-157.03550891786506	C11H16O3	[M - H2O + H]+	FQZYXSHXSFLYAS	InChI=1S/C11H16O3/c1-10-3-2-4-11(9-10)14-8-7-13-6-5-12/h2-4,9,12H,5-8H2,1H3	2-[2-(3-methylphenoxy)ethoxy]ethanol	CC1=CC(=CC=C1)OCCOCCO	1.7058841	3018453	PubChem:(3018453);NORMAN:(NS00061263)	262146
26	1	N/A	-157.29321879830223	C11H16O3	[M - H2O + H]+	CSVLJZZEXDDQJF	InChI=1S/C11H16O3/c1-9-5-3-4-6-10(9)14-8-11(2,13)7-12/h3-6,12-13H,7-8H2,1-2H3	2-Methyl-3-(o-tolyloxy)-1,2-propanediol	CC1=CC=CC=C1OCC(C)(CO)O	1.10000002	115631;86306322;86306323	PubChem:(115631 86306322 86306323);PubChem class - safety and toxic	67108866
27	1	N/A	-157.45701012805935	C11H16O3	[M - H2O + H]+	IPOLRLFQPJCFET	InChI=1S/C11H16O3/c1-8-5-3-4-6-11(8)14-7-10(13)9(2)12/h3-6,9-10,12-13H,7H2,1-2H3	1-(2-methylphenoxy)butane-2,3-diol	CC1=CC=CC=C1OCC(C(C)O)O	1.77015889	115629	PubChem:(115629);PubChem class - safety and toxic	67108866
28	1	N/A	-158.75198674564405	C11H16O3	[M - H2O + H]+	PYDFXJCTDLAHDG	InChI=1S/C11H16O3/c1-9-4-2-3-5-10(9)7-14-8-11(13)6-12/h2-5,11-13H,6-8H2,1H3	3-[(2-methylphenyl)methoxy]propane-1,2-diol	CC1=CC=CC=C1COCC(CO)O	0.600000024	3340577;92139810;92139811	PubChem:(3340577 92139810 92139811);PubChem class - safety and toxic	67108866
29	1	N/A	-159.5121883081738	C11H16O3	[M - H2O + H]+	RSTUMYIIRQDRKC	InChI=1S/C11H16O3/c1-9-4-3-5-10(6-9)14-8-11(2,13)7-12/h3-6,12-13H,7-8H2,1-2H3	2-Methyl-3-(m-tolyloxy)-1,2-propanediol	CC1=CC(=CC=C1)OCC(C)(CO)O	1.10000002	115630	PubChem:(115630);PubChem class - safety and toxic	67108866
30	1	N/A	-159.96433956993747	C11H16O3	[M - H2O + H]+	DEWMLNMGECEYBQ	InChI=1S/C11H16O3/c1-3-14-11(8(2)12)9-4-6-10(13)7-5-9/h4-8,11-13H,3H2,1-2H3	null	CCOC(C1=CC=C(C=C1)O)C(C)O	1.39999998	101413880;101992388;101992389;101992390;101992391	COCONUT:(CNP0200965);Natural Products:(UNPD36348);PubChem:(101413880 101992388 101992389 101992390 101992391);SuperNatural:(SN00349338)	3178498
31	1	N/A	-165.13842779700536	C11H16O3	[M - H2O + H]+	VAUHVOUAJDOEOR	InChI=1S/C11H16O3/c1-9-2-4-10(5-3-9)7-14-8-11(13)6-12/h2-5,11-13H,6-8H2,1H3	AmbotzBR-5206	CC1=CC=C(C=C1)COCC(CO)O	0.600000024	115785;89774638	PubChem:(115785 89774638);PubChem class - safety and toxic	67108866
32	1	N/A	-167.8573640523356	C11H16O3	[M - H2O + H]+	WZLCEHIVYQVRHF	InChI=1S/C11H16O3/c1-8-4-3-5-9(11(8)14-2)6-10(13)7-12/h3-5,10,12-13H,6-7H2,1-2H3	3-(2-Methoxy-3-methylphenyl)-1,2-propanediol	CC1=C(C(=CC=C1)CC(CO)O)OC	1.20000005	3041339	PubChem:(3041339);PubChem class - safety and toxic	67108866
33	1	N/A	-176.96172846274862	C11H16O3	[M - H2O + H]+	SVDPTFHRRNUNRS	InChI=1S/C11H16O3/c1-9(2)8-14-11(12)6-5-10-4-3-7-13-10/h3-4,7,9H,5-6,8H2,1-2H3	Isobutyl furfurylacetate	CC(C)COC(=O)CCC1=CC=CO1	2.62165141	7733	NORMAN:(NS00012677);COCONUT:(CNP0002779);HMDB:(37734);PubChem class - food;PubChem:(7733);PubChem class - bio and metabolites;PubChem class - safety and toxic	220463114
34	1	N/A	-183.15519823691042	C11H16O3	[M - H2O + H]+	OJOKJVGGOVOIJJ	InChI=1S/C11H16O3/c1-7-4-11(13)9(6-10(7)12)5-8(2)14-3/h4,6,8,12-13H,5H2,1-3H3	null	CC1=CC(=C(C=C1O)CC(C)OC)O	2.0999999	10012907	COCONUT:(CNP0235913);Natural Products:(UNPD28125);PubChem:(10012907);SuperNatural:(SN00388985);PubMed	3178562
35	1	N/A	-186.17107313373154	C11H16O3	[M - H2O + H]+	HJWIHSLWFROGED	InChI=1S/C11H16O3/c1-11(2,12)8-5-9(13-3)7-10(6-8)14-4/h5-7,12H,1-4H3	2-(3,5-Dimethoxyphenyl)propan-2-ol	CC(C)(C1=CC(=CC(=C1)OC)OC)O	1.60000002	3016081	NORMAN:(NS00030589);COCONUT:(CNP0085705);PubChem:(3016081)	2359298
36	1	N/A	-203.19915651412543	C11H16O3	[M - H2O + H]+	UIFXVMBLXKQBOK	InChI=1S/C11H16O3/c1-8-4-5-9(10(13)6-8)11(2,7-12)14-3/h4-6,12-13H,7H2,1-3H3	null	CC1=CC(=C(C=C1)C(C)(CO)OC)O	1.10000002	11106270	COCONUT:(CNP0204397);Natural Products:(UNPD95225);PubChem:(11106270);SuperNatural:(SN00246898 SN00158781)	3178498
37	1	N/A	-205.55359582537469	C11H16O3	[M - H2O + H]+	QKPHPJQVAIJIOL	InChI=1S/C11H16O3/c1-11(2,3)7-5-8(12)9(13)6-10(7)14-4/h5-6,12-13H,1-4H3	4-tert-Butyl-5-methoxycatechol	CC(C)(C)C1=CC(=C(C=C1OC)O)O	2.9000001	354847	PubChem:(354847);PubChem class - safety and toxic	67108866
38	1	N/A	-210.25049086341525	C11H16O3	[M - H2O + H]+	FDUJDSSSKYHAHB	InChI=1S/C11H16O3/c1-9(2)7-14-11(12)4-3-10-5-6-13-8-10/h5-6,8-9H,3-4,7H2,1-2H3	2-Methylpropyl furan-3-propionate	CC(C)COC(=O)CCC1=COC=C1	2.4000001	21149764	PubChem:(21149764);NORMAN:(NS00063589)	262146
39	1	N/A	-220.36348555178486	C11H16O3	[M - H2O + H]+	VOVNVNDGBNLJJB	InChI=1S/C11H16O3/c1-7(12)4-9-5-10(14-3)6-11(13)8(9)2/h5-7,12-13H,4H2,1-3H3	3-[(2S)-2-hydroxypropyl]-5-methoxy-2-methylphenol	CC1=C(C=C(C=C1O)OC)CC(C)O	1.89999998	11333050;21576222;130677289	PubChem:(11333050 21576222 130677289);COCONUT:(CNP0329188)	2097154
40	1	N/A	-228.54638258184434	C11H16O3	[M - H2O + H]+	PIJHLJYFYMNUMA	InChI=1S/C11H16O3/c1-8(12)3-2-4-9-5-10(13)7-11(14)6-9/h5-8,12-14H,2-4H2,1H3	null	CC(CCCC1=CC(=CC(=C1)O)O)O	1.89999998	125416105;125416104;129008856	COCONUT:(CNP0087307);Training Set;PubChem:(125416105 125416104 129008856)	2113538
41	1	N/A	-240.4412066366087	C11H16O3	[M - H2O + H]+	ZYUVGYBAPZYKSA	InChI=1S/C11H16O3/c1-6(8(3)12)10-4-9(13)5-11(14)7(10)2/h4-6,8,12-14H,1-3H3	phenol A	CC1=C(C=C(C=C1O)O)C(C)C(C)O	1.89999998	12314143;11116966;101921519;124300556;124300557;124300558	COCONUT:(CNP0262448);KNApSAcK:(39990);Natural Products:(UNPD23148);PubChem:(12314143 11116966 101921519 124300556 124300557 124300558);SuperNatural:(SN00258927);ZINC bio:(ZINC00409729 ZINC00409730 ZINC00409731 ZINC00409732);PubMed	3186770
42	1	N/A	-243.5317118720315	C11H16O3	[M - H2O + H]+	PEWZIEQJXSUCMC	InChI=1S/C11H16O3/c1-4-5-6-10(9(2)12)7-8-11(13)14-3/h6-8H,4-5H2,1-3H3	null	CCCC=C(C=CC(=O)OC)C(=O)C	2.0	46832768	COCONUT:(CNP0185061);Natural Products:(UNPD130538);PubChem:(46832768);SuperNatural:(SN00395634)	3178498
43	1	N/A	-246.67691638723522	C11H16O3	[M - H2O + H]+	CDUDTAOIPVCWDW	InChI=1S/C11H16O3/c1-11(2,3)8-5-7(14-4)6-9(12)10(8)13/h5-6,12-13H,1-4H3	3-t-Butyl-5-methoxycatechol	CC(C)(C)C1=C(C(=CC(=C1)OC)O)O	2.9000001	133433	MeSH:(133433);PubChem class - safety and toxic;PubChem:(133433);PubMed	67108934
44	1	N/A	-256.4155504995459	C11H16O3	[M - H2O + H]+	SZOBRFMKKNAYTL	InChI=1S/C11H16O3/c1-3-4-13-11(12)8-6-10-9(14-10)5-7(8)2/h3,7-10H,1,4-6H2,2H3	3, allyl ester	CC1CC2C(O2)CC1C(=O)OCC=C	1.79999995	98298;92224917;92224918;98049244;98049245;98641939;124924750;124924751;124924752;134613228	PubChem:(98298 92224917 92224918 98049244 98049245 98641939 124924750 124924751 124924752 134613228);PubChem class - safety and toxic	67108866
45	1	N/A	-257.7789829178579	C11H16O3	[M - H2O + H]+	BRGMVDIKNKICJS	InChI=1S/C11H16O3/c1-2-10-12-6-11(7-13-10)4-3-8-9(5-11)14-8/h2,8-10H,1,3-7H2	2-vinylspiro[1,3-dioxane-5,3''-[7]oxabicyclo[4.1.0]heptane]	C=CC1OCC2(CCC3C(C2)O3)CO1	1.20000005	102992	PubChem:(102992);NORMAN:(NS00048610)	262146
46	1	N/A	-261.1304509393207	C11H16O3	[M - H2O + H]+	LKHSNVFARIHMHY	InChI=1S/C11H16O3/c12-10-7-4-6-9(10)5-2-1-3-8-11(13)14/h6H,1-5,7-8H2,(H,13,14)	5-Oxo-1-cyclopentene-1-hexanoic acid	C1CC(=O)C(=C1)CCCCCC(=O)O	1.70000005	3040253	PubChem:(3040253);PubChem class - safety and toxic	67108866
47	1	N/A	-262.52539584573293	C11H16O3	[M - H2O + H]+	CJJMAWPEZKYJAP	InChI=1S/C11H16O3/c12-9(13)10-2-7-1-8(3-10)5-11(14,4-7)6-10/h7-8,14H,1-6H2,(H,12,13)	Oprea1_212876	C1C2CC3(CC1CC(C2)(C3)O)C(=O)O	0.899999976	2046524;677006;2736518;4144883;6358507;6920279;6920280;122130745	PubChem class - safety and toxic;PubChem:(2046524 677006 2736518 4144883 6358507 6920279 6920280 122130745);PubMed	67108930
48	1	N/A	-262.81498176018096	C11H16O3	[M - H2O + H]+	XUTUUQIIEPJMJI	InChI=1S/C11H16O3/c1-5-7-11(8-6-2,9(3)12)10(13)14-4/h5-6H,1-2,7-8H2,3-4H3	methyl 2-acetyl-2-allylpent-4-enoate	CC(=O)C(CC=C)(CC=C)C(=O)OC	2.0	77235	PubChem:(77235);NORMAN:(NS00030076)	262146
49	1	N/A	-264.54570484791685	C11H16O3	[M - H2O + H]+	MIKOLWYFKPQXQJ	InChI=1S/C11H16O3/c1-5-11-12-6-10(7-13-11,8-14-11)9(2,3)4/h1H,6-8H2,2-4H3	1-Ethynyl-4-tert-butylbicycloorthocarboxylate	CC(C)(C)C12COC(OC1)(OC2)C#C	1.29999995	175762	PubChem:(175762);PubChem class - safety and toxic	67108866
50	1	N/A	-267.03530556726867	C11H16O3	[M - H2O + H]+	VPDVLNNSGPCYGT	InChI=1S/C11H16O3/c1-3-5-7-9(8-12)11(14)10(13)6-4-2/h3-8,10-11,13-14H,1-2H3	null	CC=CC=C(C=O)C(C(C=CC)O)O	0.600000024	101413884;101935617;101935618;139583096	COCONUT:(CNP0227073);Natural Products:(UNPD45916);PubChem:(101413884 101935617 101935618 139583096);SuperNatural:(SN00248696)	3178498
51	1	N/A	-269.2967982039002	C11H16O3	[M - H2O + H]+	IBIDUABZZSJJNF	InChI=1S/C11H16O3/c1-2-3-4-7-11(12)14-9-10-6-5-8-13-10/h5-6,8H,2-4,7,9H2,1H3	Furfuryl caproate	CCCCCC(=O)OCC1=CC=CO1	2.5999999	557222	PubChem:(557222);PubChem class - food	134217730
52	1	N/A	-269.63116782294094	C11H16O3	[M - H2O + H]+	KMLFVAGUWNPADU	InChI=1S/C11H16O3/c1-2-3-4-5-8-14-11(12)10-7-6-9-13-10/h6-7,9H,2-5,8H2,1H3	Hexyl furoate	CCCCCCOC(=O)C1=CC=CO1	3.12879825	61984	NORMAN:(NS00022138);COCONUT:(CNP0002785);HMDB:(37725);PubChem class - food;PubChem:(61984);PubChem class - bio and metabolites	153354250
53	1	N/A	-270.1322489440656	C11H16O3	[M - H2O + H]+	VTXAJDXIODUZLG	InChI=1S/C11H16O3/c1-3-8(11(13)14-2)7-9-5-4-6-10(9)12/h5,8H,3-4,6-7H2,1-2H3	methyl (2R)-2-[(5-oxocyclopenten-1-yl)methyl]butanoate	CCC(CC1=CCCC1=O)C(=O)OC	1.60000002	11321520	COCONUT:(CNP0283917);Natural Products:(UNPD24177);PubChem:(11321520);SuperNatural:(SN00356282)	3178498
54	1	N/A	-270.4448724128718	C11H16O3	[M - H2O + H]+	BYOAHAKIXHJNTC	InChI=1S/C11H16O3/c1-5-8(2)11(13)14-7-6-9(3)10(4)12/h5H,3,6-7H2,1-2,4H3	null	CC=C(C)C(=O)OCCC(=C)C(=O)C	2.11320329	""	COCONUT:(CNP0129648);Natural Products:(UNPD20836)	2129920
55	1	N/A	-270.5158655289072	C11H16O3	[M - H2O + H]+	SSSYMZDZKBTBDM	InChI=1S/C11H16O3/c1-3-5-7-10(12)8-9(6-4-2)11(13)14/h3,5-7,10,12H,1,4,8H2,2H3,(H,13,14)	null	CCC=C(CC(C=CC=C)O)C(=O)O	2.0	57379198;101563977	COCONUT:(CNP0287680);Natural Products:(UNPD222642);PubChem:(57379198 101563977)	2129922
56	1	N/A	-270.621880516737	C11H16O3	[M - H2O + H]+	FIOWMCUECVKUHQ	InChI=1S/C11H16O3/c1-3-4-5-6-9-7-14-11(13)10(9)8(2)12/h3-6,8-10,12H,7H2,1-2H3	null	CC=CC=CC1COC(=O)C1C(C)O	1.89999998	10845550;85287810	COCONUT:(CNP0304271);KNApSAcK:(33091);Natural Products:(UNPD60986);PubChem:(10845550 85287810);SuperNatural:(SN00314360)	3178514
57	1	N/A	-278.26325950222787	C11H16O3	[M - H2O + H]+	GRQPTGXDINMECF	InChI=1S/C11H16O3/c1-7(13)14-6-11-9-3-2-8(4-9)10(11)5-12/h2-3,8-12H,4-6H2,1H3	2-Amhmbh	CC(=O)OCC1C2CC(C1CO)C=C2	1.0	125465;12035173;14287492	MeSH:(125465);PubChem:(125465 12035173 14287492);PubMed	70
58	1	N/A	-280.10791513633706	C11H16O3	[M - H2O + H]+	XNQYNBDARWOHSB	InChI=1S/C11H16O3/c1-6(2)3-4-7-5-8(12)10-11(14-10)9(7)13/h3,5,8-13H,4H2,1-2H3	null	CC(=CCC1=CC(C2C(C1O)O2)O)C	0.400000006	101967074	COCONUT:(CNP0418423);Natural Products:(UNPD171553);PubChem:(101967074);SuperNatural:(SN00309627)	3178498
59	1	N/A	-281.7671266447787	C11H16O3	[M - H2O + H]+	IBFIZVORYAZWLY	InChI=1S/C11H16O3/c1-4-5-6-9-8(2)14-11(12)7-10(9)13-3/h7H,4-6H2,1-3H3	null	CCCCC1=C(OC(=O)C=C1OC)C	2.29999995	102367319	PubChem:(102367319);COCONUT:(CNP0262691)	2097154
60	1	N/A	-285.46321528883425	C11H16O3	[M - H2O + H]+	JQGCRHXJDXQXGH	InChI=1S/C11H16O3/c1-3-4-5-6-9-7-10(13-2)8-11(12)14-9/h7-8H,3-6H2,1-2H3	4-Methoxy-6-pentyl-2H-pyran-2-one	CCCCCC1=CC(=CC(=O)O1)OC	2.70000005	13866618	COCONUT:(CNP0113349);Natural Products:(UNPD27952);PubChem:(13866618);SuperNatural:(SN00242160);ZINC bio:(ZINC14502653)	3186690
61	1	N/A	-286.34429743399437	C11H16O3	[M - H2O + H]+	UOSGSTATBMFTNH	InChI=1S/C11H16O3/c1-3-4-10-9(6-5-8(2)12)7-14-11(10)13/h3-4,8,12H,5-7H2,1-2H3	null	CC=CC1=C(COC1=O)CCC(C)O	1.20000005	101899003;139584330	PubChem:(101899003 139584330);COCONUT:(CNP0227070)	2097154
62	1	N/A	-287.76377334263356	C11H16O3	[M - H2O + H]+	NZMPUCGPIWVSMA	InChI=1S/C11H16O3/c1-6-5-11(3,4)10(14)8(7(2)12)9(6)13/h6,8H,5H2,1-4H3	null	CC1CC(C(=O)C(C1=O)C(=O)C)(C)C	1.39999998	12306809	COCONUT:(CNP0213368);Natural Products:(UNPD107431);PubChem:(12306809);SuperNatural:(SN00351357)	3178498
63	1	N/A	-289.45934988078767	C11H16O3	[M - H2O + H]+	RLUKXCKTNBMDFN	InChI=1S/C11H16O3/c1-11(2,13)9-6-4-8(5-7-9)10(12)14-3/h4,6,13H,5,7H2,1-3H3	null	CC(C)(C1=CC=C(CC1)C(=O)OC)O	1.74993265	""	COCONUT:(CNP0169880);Natural Products:(UNPD223573)	2129920
64	1	N/A	-292.23444714034713	C11H16O3	[M - H2O + H]+	VYDQCRQZKDOHND	InChI=1S/C11H16O3/c1-3-4-5-11(12)14-8-10-9(2)6-7-13-10/h6-7H,3-5,8H2,1-2H3	(3-Methyl-2-furyl)methyl valerate	CCCCC(=O)OCC1=C(C=CO1)C	2.4000001	3023737	PubChem:(3023737);NORMAN:(NS00040148)	262146
65	1	N/A	-294.51040926014105	C11H16O3	[M - H2O + H]+	FZRRPTRTJRUVKH	InChI=1S/C11H16O3/c1-2-3-4-5-6-9-7-10(8-12)14-11(9)13/h5-7,10,12H,2-4,8H2,1H3	2(5H)-Furanone, 3-(1Z)-1-hexenyl-5-(hydroxymethyl)-	CCCCC=CC1=CC(OC1=O)CO	2.0999999	10821721;11816417;71346827;101053613;101413881	COCONUT:(CNP0134326);MeSH:(101053613);PubChem:(10821721 11816417 71346827 101053613 101413881);PubMed	2097222
66	1	N/A	-296.37858312101014	C11H16O3	[M - H2O + H]+	FYYIUODUDSPAJQ	InChI=1S/C11H16O3/c1-7(2)11(12)13-6-8-3-4-9-10(5-8)14-9/h8-10H,1,3-6H2,2H3	2-Propenoic acid,2-methyl-, 7-oxabicyclo[4.1.0]hept-3-ylmethyl ester	CC(=C)C(=O)OCC1CCC2C(C1)O2	1.89999998	14645478;92980023;92980024;98472003;121231118;121231119;121494101;124929466	NORMAN:(NS00004380);PubChem class - safety and toxic;PubChem:(14645478 92980023 92980024 98472003 121231118 121231119 121494101 124929466)	67371010
67	1	N/A	-304.77941533856983	C11H16O3	[M - H2O + H]+	UMPZPEUPSIHDQY	InChI=1S/C11H16O3/c1-8(2)11(6-4-9(3)12)7-5-10(13)14-11/h4,6,8H,5,7H2,1-3H3	null	CC(C)C1(CCC(=O)O1)C=CC(=O)C	1.29999995	14565819	COCONUT:(CNP0339143);Natural Products:(UNPD15628);PubChem:(14565819);SuperNatural:(SN00322769)	3178498
68	1	N/A	-305.7339811615182	C11H16O3	[M - H2O + H]+	WGPOFWGOLKSEIR	InChI=1S/C11H16O3/c1-3-4-5-6-10(12)9-7-14-11(13)8(9)2/h3-4,10,12H,5-7H2,1-2H3	null	CC=CCCC(C1=C(C(=O)OC1)C)O	1.0	71514048;78093701	COCONUT:(CNP0226439);MeSH:(71514048);PubChem:(71514048 78093701);PubMed	2097222
69	1	N/A	-306.4884616691814	C11H16O3	[M - H2O + H]+	GZQURNFPUYOHDR	InChI=1S/C11H16O3/c12-10-8-9(10)6-4-2-1-3-5-7-11(13)14/h8H,1-7H2,(H,13,14)	1-Cyclopropene-1-octanoicacid, 3-oxo-	C1=C(C1=O)CCCCCCCC(=O)O	2.29999995	9815550	COCONUT:(CNP0103844);Natural Products:(UNPD48224);PubChem:(9815550)	2129922
70	1	N/A	-309.4480073839893	C11H16O3	[M - H2O + H]+	JTNYKXXVTWXNLP	InChI=1S/C11H16O3/c1-7-4-8(12)6-11(2,3)9(7)5-10(13)14/h4,9H,5-6H2,1-3H3,(H,13,14)	null	CC1=CC(=O)CC(C1CC(=O)O)(C)C	0.899999976	70541071	COCONUT:(CNP0304973);Natural Products:(UNPD81910);PubChem:(70541071);SuperNatural:(SN00233559)	3178498
71	1	N/A	-310.4319687115926	C11H16O3	[M - H2O + H]+	QTIQVWDNPDEMAS	InChI=1S/C11H16O3/c1-3-5-8-6-10(14-11(8)13)7-9(12)4-2/h6,10H,3-5,7H2,1-2H3	null	CCCC1=CC(OC1=O)CC(=O)CC	1.70000005	139586020	PubChem:(139586020);COCONUT:(CNP0355105)	2097154
72	1	N/A	-312.66330148050724	C11H16O3	[M - H2O + H]+	AULQLQUPDNVFNJ	InChI=1S/C11H16O3/c1-7(2)8-4-5-11(3)9(13-8)6-10(12)14-11/h8-9H,1,4-6H2,2-3H3	null	CC(=C)C1CCC2(C(O1)CC(=O)O2)C	1.79999995	16202463;66552628;135043182	COCONUT:(CNP0272807);Natural Products:(UNPD14486);PubChem:(16202463 66552628 135043182);SuperNatural:(SN00253203)	3178498
73	1	N/A	-314.2901356328266	C11H16O3	[M - H2O + H]+	PWZHEFFAUWAEMU	InChI=1S/C11H16O3/c1-3-4-5-9-7-14-11(13)10(9)6-8(2)12/h3-4,8,12H,5-7H2,1-2H3	null	CC=CCC1=C(C(=O)OC1)CC(C)O	1.10000002	132605339;139583531	PubChem:(132605339 139583531);COCONUT:(CNP0353600)	2097154
74	1	N/A	-315.82604904267566	C11H16O3	[M - H2O + H]+	KWQXZFPKWWRJGW	InChI=1S/C11H16O3/c1-3-4-10-9(6-5-8(2)12)7-14-11(10)13/h3-7H2,1-2H3	null	CCCC1=C(COC1=O)CCC(=O)C	1.0	139585320	PubChem:(139585320);COCONUT:(CNP0377795)	2097154
75	1	N/A	-320.2762030568049	C11H16O3	[M - H2O + H]+	WDBAEUGYJCJMES	InChI=1S/C11H16O3/c1-7(2)9-4-10(13)6-11(5-9)14-8(3)12/h4,7,11H,5-6H2,1-3H3	3-Isopropyl-5-acetoxycyclohexene-2-one	CC(C)C1=CC(=O)CC(C1)OC(=O)C	1.20000005	643556;23250811	COCONUT:(CNP0418156);Natural Products:(UNPD143998);PubChem:(643556 23250811);SuperNatural:(SN00263972)	3178498
76	1	N/A	-327.28157016317454	C11H16O3	[M - H2O + H]+	NPQKQKITPJTEBK	InChI=1S/C11H16O3/c1-4-7(3)10-6-9(12)8(5-2)11(13)14-10/h6-7,12H,4-5H2,1-3H3	Germicidin	CCC1=C(C=C(OC1=O)C(C)CC)O	2.4000001	54704417;102106080	COCONUT:(CNP0311211);Natural Products:(UNPD69283);PubChem:(54704417 102106080);SuperNatural:(SN00309408);MeSH:(54704417);PubMed	3178566
77	1	N/A	-329.1694501681806	C11H16O3	[M - H2O + H]+	FORIVXAMKGSSHE	InChI=1S/C11H16O3/c12-9-4-5-3-8(9)6-1-2-7(10(5)6)11(13)14/h5-10,12H,1-4H2,(H,13,14)	Octahydro-5-hydroxy-4,7-methano-1H-indenecarboxylic acid	C1CC(C2C1C3CC2CC3O)C(=O)O	1.10000002	6455280	PubChem:(6455280);NORMAN:(NS00055049)	262146
78	1	N/A	-329.9696473726872	C11H16O3	[M - H2O + H]+	CFHWJKSHYAZNGO	InChI=1S/C11H16O3/c1-11(2,14)6-5-8-7-9(12)3-4-10(8)13/h5-7,10,13-14H,3-4H2,1-2H3	null	CC(C)(C=CC1=CC(=O)CCC1O)O	-0.300000012	101798880;130147994	COCONUT:(CNP0402249);Natural Products:(UNPD204579 UNPD220459);PubChem:(101798880 130147994)	2129922
79	1	N/A	-331.2994249006503	C11H16O3	[M - H2O + H]+	SAYHBWSPMUSNEJ	InChI=1S/C11H16O3/c1-3-4-5-6-7-9-8(2)10(12)14-11(9)13/h3-7H2,1-2H3	Hexylmethylmaleic Anhydride	CCCCCCC1=C(C(=O)OC1=O)C	3.20000005	11127184;71317248	COCONUT:(CNP0145424);Natural Products:(UNPD75679);PubChem:(11127184 71317248)	2129922
80	1	N/A	-335.83528377546963	C11H16O3	[M - H2O + H]+	YVMJSXQLTLADGF	InChI=1S/C11H16O3/c1-6(2)9-7(3)10(13-5)8(4)11(12)14-9/h6H,1-5H3	null	CC1=C(C(=C(OC1=O)C(C)C)C)OC	2.65828681	""	COCONUT:(CNP0310661);Natural Products:(UNPD51099)	2129920
81	1	N/A	-342.4248750948972	C11H16O3	[M - H2O + H]+	QQUVUDPCFCXEGO	InChI=1S/C11H16O3/c1-4-11(3,13)6-5-9-8(2)7-10(12)14-9/h4,7,9,13H,1,5-6H2,2-3H3	null	CC1=CC(=O)OC1CCC(C)(C=C)O	1.10000002	101706905;101706906;101706907;101706908;101413883	COCONUT:(CNP0283888);Natural Products:(UNPD67308);PubChem:(101706905 101706906 101706907 101706908 101413883)	2129922
82	1	N/A	-342.706295461155	C11H16O3	[M - H2O + H]+	DLESRUNXEOWSOI	InChI=1S/C11H16O3/c1-3-4-5-6-7-9-8-11(2,13)14-10(9)12/h6-8,13H,3-5H2,1-2H3	null	CCCCC=CC1=CC(OC1=O)(C)O	2.4000001	10655498;85221749;101413882	COCONUT:(CNP0198766);Natural Products:(UNPD26003);PubChem:(10655498 85221749 101413882);SuperNatural:(SN00238442)	3178498
83	1	N/A	-342.96501359858206	C11H16O3	[M - H2O + H]+	WJGBLVUCLRVMMC	InChI=1S/C11H16O3/c1-4-9-10(12)6-8(5-7(2)3)14-11(9)13/h6-7,12H,4-5H2,1-3H3	2H-Pyran-2-one, 3-ethyl-4-hydroxy-6-(2-methylpropyl)-	CCC1=C(C=C(OC1=O)CC(C)C)O	2.5999999	71425314	COCONUT:(CNP0151672);Natural Products:(UNPD41783);PubChem:(71425314)	2129922
84	1	N/A	-343.050593775404	C11H16O3	[M - H2O + H]+	DFEJFZWTBMJTQN	InChI=1S/C11H16O3/c1-13-10(12)9-7-8-3-5-11(9,14-2)6-4-8/h3,5,8-9H,4,6-7H2,1-2H3	ACMC-20akjd	COC(=O)C1CC2CCC1(C=C2)OC	1.10000002	736039;2724151;6542156;6985565;13426867;21239525;23308810;51023846;50897657;71311256;134688341	PubChem:(736039 2724151 6542156 6985565 13426867 21239525 23308810 51023846 50897657 71311256 134688341);NORMAN:(NS00044777)	262146
85	1	N/A	-344.96029403868744	C11H16O3	[M - H2O + H]+	MJFNQTVRNUJMHF	InChI=1S/C11H16O3/c1-8(2)6-9(12)7-11(3)5-4-10(13)14-11/h6H,4-5,7H2,1-3H3	null	CC(=CC(=O)CC1(CCC(=O)O1)C)C	1.5	14830725;66552933	COCONUT:(CNP0363647);Natural Products:(UNPD114170);PubChem:(14830725 66552933);SuperNatural:(SN00296659);MeSH:(14830725);PubMed	3178566
86	1	N/A	-345.10938583524415	C11H16O3	[M - H2O + H]+	QMPUENMENUQYLB	InChI=1S/C11H16O3/c1-10(2)7-6-9(13)14-11(7,3)5-4-8(10)12/h4-5,7-8,12H,6H2,1-3H3	null	CC1(C2CC(=O)OC2(C=CC1O)C)C	1.10000002	101192912;129910630	COCONUT:(CNP0233782);Natural Products:(UNPD94195);PubChem:(101192912 129910630);SuperNatural:(SN00345832)	3178498
87	1	N/A	-352.33850543280977	C11H16O3	[M - H2O + H]+	RKFCLVFAFZYVCG	InChI=1S/C11H16O3/c1-9(2)10(3)4-5-11(9,8(13)14)6-7(10)12/h4-6H2,1-3H3,(H,13,14)	Oprea1_117962	CC1(C2(CCC1(CC2=O)C(=O)O)C)C	1.10000002	558757;2143504;737380;737381;3782246;6542191;6592241;6933722;98042861	COCONUT:(CNP0279491 CNP0302191);PubChem:(558757 2143504 737380 737381 3782246 6542191 6592241 6933722 98042861);SuperNatural:(SN00101443 SN00101414);PubMed;ZINC bio:(ZINC38193087 ZINC38478013)	3153986
88	1	N/A	-377.65172157379277	C11H16O3	[M - H2O + H]+	CKLJWMXFSCHRER	InChI=1S/C11H16O3/c1-7-3-4-9-8(5-12)6-14-11(13-2)10(7)9/h5-7,9-11H,3-4H2,1-2H3	null	CC1CCC2C1C(OC=C2C=O)OC	1.70000005	100930976;100930977;130035562;130755197;130938465	COCONUT:(CNP0191949);Natural Products:(UNPD192258 UNPD70381);PubChem:(100930976 100930977 130035562 130755197 130938465);SuperNatural:(SN00383395 SN00378871)	3178498
89	1	N/A	-377.76561234088274	C11H16O3	[M - H2O + H]+	XNMVAVGXJZFTEH	InChI=1S/C11H16O3/c1-10(2)6-4-5-11(10,3)8(12)7(6)9(13)14/h6-7H,4-5H2,1-3H3,(H,13,14)	Angimuth	CC1(C2CCC1(C(=O)C2C(=O)O)C)C	2.5	86758;12302340;12966810;24884232;40430067;55250421;69095670;71775434;89722512;89722536;98055510;98055512;102437572;102437573	NORMAN:(NS00043408);PubChem class - safety and toxic;PubChem:(86758 12302340 12966810 24884232 40430067 55250421 69095670 71775434 89722512 89722536 98055510 98055512 102437572 102437573);KEGG Mine	8657305602
90	1	N/A	-377.8963101742953	C11H16O3	[M - H2O + H]+	BMRCKURWGZUABP	InChI=1S/C11H16O3/c1-7(2)6-10(13)14-11-8(3)4-5-9(11)12/h7H,4-6H2,1-3H3	Cyclotene isovalerate	CC1=C(C(=O)CC1)OC(=O)CC(C)C	1.70000005	106532	PubChem:(106532);NORMAN:(NS00036397)	262146
91	1	N/A	-382.34830731148304	C11H16O3	[M - H2O + H]+	DDVFHERXRGWVAP	InChI=1S/C11H16O3/c1-7-5-4-6-11(13-7)9(3)8(2)10(12)14-11/h7H,4-6H2,1-3H3	null	CC1CCCC2(O1)C(=C(C(=O)O2)C)C	1.60000002	53755061	COCONUT:(CNP0263892);Natural Products:(UNPD15681);PubChem:(53755061);SuperNatural:(SN00401676)	3178498
92	1	N/A	-436.96562476933644	C11H16O3	[M - H2O + H]+	SEUNOWVNFRLGOA	InChI=1S/C11H16O3/c1-8(2)6-5-7-11(4)9(3)13-10(12)14-11/h6H,3,5,7H2,1-2,4H3	5-methyl-4-methylene-5-(4-methylpent-3-enyl)-1,3-dioxolan-2-one	CC(=CCCC1(C(=C)OC(=O)O1)C)C	3.0999999	685917;685918;3380256	COCONUT:(CNP0361838);PubChem:(685917 685918 3380256);SuperNatural:(SN00042816 SN00042815);ZINC bio:(ZINC00053014 ZINC00053015)	3153922
93	1	N/A	-438.97411094830363	C11H16O3	[M - H2O + H]+	GBYYWZSCZPZVLI	InChI=1S/C11H16O3/c1-6-4-11(2,3)8-7(9(6)12)5-14-10(8)13/h4,7-8,10,13H,5H2,1-3H3	Tschimganical A	CC1=CC(C2C(C1=O)COC2O)(C)C	1.20000005	636977;12047413;22297498	COCONUT:(CNP0414799);KNApSAcK:(37964);Natural Products:(UNPD386);PubChem:(636977 12047413 22297498);SuperNatural:(SN00291335)	3178514
94	1	N/A	-440.46609293877185	C11H16O3	[M - H2O + H]+	WDJWXGLOUVSXDG	InChI=1S/C11H16O3/c1-10(2)6-8-4-7(5-9(12)13)11(10,3)14-8/h5,8H,4,6H2,1-3H3,(H,12,13)	null	CC1(CC2CC(=CC(=O)O)C1(O2)C)C	1.20000005	100955862;129994853;133662641	COCONUT:(CNP0414204);KNApSAcK:(39214);Natural Products:(UNPD16540 UNPD209840 UNPD61009 UNPD61104);PubChem:(100955862 129994853 133662641);SuperNatural:(SN00400164 SN00287865 SN00261347)	3178514
95	1	N/A	-452.4736993791207	C11H16O3	[M - H2O + H]+	XEVQXKKKAVVSMW	InChI=1S/C11H16O3/c1-10(2)5-7(12)6-11(3)8(10)4-9(13)14-11/h4,7,12H,5-6H2,1-3H3	(-)-loliolide	CC1(CC(CC2(C1=CC(=O)O2)C)O)C	1.0	14334;100332;12311356;12311357;11019783;10176529;21774329;44511808	COCONUT:(CNP0245641);KNApSAcK:(19144);Natural Products:(UNPD172679 UNPD141914 UNPD89001 UNPD128463);PubChem:(14334 100332 12311356 12311357 11019783 10176529 21774329 44511808);SuperNatural:(SN00036112 SN00036111 SN00036113 SN00036110);CHEBI:(69774);ZINC bio:(ZINC01565389 ZINC01565390 ZINC01565391 ZINC01565392);additional;MeSH:(14334 100332 11019783);PubMed	3711094
96	1	N/A	-467.0062345338828	C11H16O3	[M - H2O + H]+	RTPVZSXBXIHRFM	InChI=1S/C11H16O3/c1-9-6-14-11(8(12)13)5-7(9)3-4-10(9,11)2/h7H,3-6H2,1-2H3,(H,12,13)	Oprea1_736300	CC12CCC3C1(COC2(C3)C(=O)O)C	1.70000005	767697;2770465;5000383;6951585;6951586;18397862;16397958;23308572;23308573;23308574;24893694;43810870;44826375;55266496;98095827;98095828;98135778;98135779;137322868	COCONUT:(CNP0372083);PubChem:(767697 2770465 5000383 6951585 6951586 18397862 16397958 23308572 23308573 23308574 24893694 43810870 44826375 55266496 98095827 98095828 98135778 98135779 137322868);PubMed	2097218
97	1	N/A	-469.2359885953149	C11H16O3	[M - H2O + H]+	MSYDKMYBOQUEDH	InChI=1S/C11H16O3/c1-2-3-7-6-14-11-5-10(13)9(12)4-8(7)11/h6,9-10,12-13H,2-5H2,1H3	null	CCCC1=COC2=C1CC(C(C2)O)O	1.39999998	15340735;85735789	COCONUT:(CNP0295185);Natural Products:(UNPD42259);PubChem:(15340735 85735789);SuperNatural:(SN00317050)	3178498
98	1	N/A	-487.7651754516846	C11H16O3	[M - H2O + H]+	UETIGDIBTLPXSL	InChI=1S/C11H16O3/c1-7-4-9(13)10(2)5-8(12)6-11(10,3)14-7/h4,8,12H,5-6H2,1-3H3	null	CC1=CC(=O)C2(CC(CC2(O1)C)O)C	0.800000012	130144109;131089310	COCONUT:(CNP0131582);Natural Products:(UNPD204349);PubChem:(130144109 131089310)	2129922