structureRankPerFormula	formulaRank	ConfidenceScore	CSI:FingerIDScore	molecularFormula	adduct	InChIkey2D	InChI	name	smiles	xlogp	pubchemids	links	dbflags
1	1	N/A	-154.0398471990505	C29H50O5	[M - H2O + H]+	DZFGXGROBZHZDP	InChI=1S/C29H50O5/c1-18(17-34-20(3)30)7-6-8-19(2)23-9-10-24-22-15-26(32)29(33)16-21(31)11-14-28(29,5)25(22)12-13-27(23,24)4/h18-19,21-26,31-33H,6-17H2,1-5H3	[2-methyl-6-[(3S,6R,10R,13R,17R)-3,5,6-trihydroxy-10,13-dimethyl-1,2,3,4,6,7,8,9,11,12,14,15,16,17-tetradecahydrocyclopenta[a]phenanthren-17-yl]heptyl] acetate	CC(CCCC(C)C1CCC2C1(CCC3C2CC(C4(C3(CCC(C4)O)C)O)O)C)COC(=O)C	6.0999999	10576638;21774043	COCONUT:(CNP0115148);Natural Products:(UNPD178293);PubChem:(10576638 21774043);SuperNatural:(SN00260215);PubMed	3178562
2	1	N/A	-165.64538708567073	C29H50O5	[M - H2O + H]+	KPNZIJDIWSLXBI	InChI=1S/C29H50O5/c1-16(19(4)18(3)15-30)11-17(2)21-13-23(32)26-28(21,6)10-8-25-27(5)9-7-20(31)12-22(27)24(33)14-29(25,26)34/h11,17-26,30-34H,7-10,12-15H2,1-6H3	(3S,5S,6S,8S,9R,10S,13R,14S,15R,17R)-17-[(E,2R,5R,6R)-7-hydroxy-4,5,6-trimethylhept-3-en-2-yl]-10,13-dimethyl-1,2,3,4,5,6,7,9,11,12,14,15,16,17-tetradecahydrocyclopenta[a]phenanthrene-3,6,8,15-tetrol	CC(CO)C(C)C(=CC(C)C1CC(C2C1(CCC3C2(CC(C4C3(CCC(C4)O)C)O)O)C)O)C	4.30000019	10928907;21629552;21777038	COCONUT:(CNP0113747);Natural Products:(UNPD2376);PubChem:(10928907 21629552 21777038);SuperNatural:(SN00232171);PubMed	3178562
3	1	N/A	-168.25224340178468	C29H50O5	[M - H2O + H]+	INNUJNVZOJGGPL	InChI=1S/C29H50O5/c1-18(2)7-6-8-19(3)23-9-10-25-22-15-26(32)29(33)16-21(31)11-13-27(29,5)24(22)12-14-28(23,25)17-34-20(4)30/h18-19,21-26,31-33H,6-17H2,1-5H3	[(3S,5R,6R,10R,13S,17R)-3,5,6-trihydroxy-10-methyl-17-[(2R)-6-methylheptan-2-yl]-1,2,3,4,6,7,8,9,11,12,14,15,16,17-tetradecahydrocyclopenta[a]phenanthren-13-yl]methyl acetate	CC(C)CCCC(C)C1CCC2C1(CCC3C2CC(C4(C3(CCC(C4)O)C)O)O)COC(=O)C	6.0999999	10624503;21775722	COCONUT:(CNP0315416);KNApSAcK:(47039);Natural Products:(UNPD36586);PubChem:(10624503 21775722);SuperNatural:(SN00283694);MeSH:(10624503);PubMed	3178582
4	1	N/A	-168.82902648571218	C29H50O5	[M - H2O + H]+	LKIGEWATIYBXPX	InChI=1S/C29H50O5/c1-18(8-7-13-26(3,4)34-19(2)30)22-9-10-23-21-16-25(32)29(33)17-20(31)11-15-28(29,6)24(21)12-14-27(22,23)5/h18,20-25,31-33H,7-17H2,1-6H3	null	CC(CCCC(C)(C)OC(=O)C)C1CCC2C1(CCC3C2CC(C4(C3(CCC(C4)O)C)O)O)C	5.6566844	""	COCONUT:(CNP0296247);Natural Products:(UNPD226149)	2129920
5	1	N/A	-171.69237875880077	C29H50O5	[M - H2O + H]+	LRBORSRGSBLHKA	InChI=1S/C29H50O5/c1-15(2)19(17(4)30)8-7-16(3)21-14-23(32)25-24-20(10-12-29(21,25)6)28(5)11-9-18(31)13-22(28)26(33)27(24)34/h15-22,24-27,30-31,33-34H,7-14H2,1-6H3	Clathriol	CC(C)C(CCC(C)C1CC(=O)C2C1(CCC3C2C(C(C4C3(CCC(C4)O)C)O)O)C)C(C)O	4.69999981	5478952;11754835;15542970;20832517;21776320;22297381;76336784	COCONUT:(CNP0190534);KNApSAcK:(45261);Natural Products:(UNPD156788);PubChem:(5478952 11754835 15542970 20832517 21776320 22297381 76336784);SuperNatural:(SN00332310);MeSH:(15542970);PubMed	3178582
6	1	N/A	-173.1422812448561	C29H50O5	[M - H2O + H]+	NDGWDYWVAIUQMZ	InChI=1S/C29H50O5/c1-18(2)8-7-9-19(3)28(32)15-12-24-22-16-25(34-20(4)30)29(33)17-21(31)10-13-27(29,6)23(22)11-14-26(24,28)5/h18-19,21-25,31-33H,7-17H2,1-6H3	[(3S,5R,6R,8S,9S,10R,13S,14S,17S)-3,5,17-trihydroxy-10,13-dimethyl-17-[(2R)-6-methylheptan-2-yl]-2,3,4,6,7,8,9,11,12,14,15,16-dodecahydro-1H-cyclopenta[a]phenanthren-6-yl] acetate	CC(C)CCCC(C)C1(CCC2C1(CCC3C2CC(C4(C3(CCC(C4)O)C)O)OC(=O)C)C)O	5.69999981	21575328;21774932	PubChem:(21575328 21774932);KNApSAcK:(43855)	18
7	1	N/A	-175.8970556599327	C29H50O5	[M - H2O + H]+	WADMTJKRYLAHQV	InChI=1S/C29H50O5/c1-7-17(15(2)3)27(34)26(33)16(4)19-8-9-20-18-12-23(30)22-13-24(31)25(32)14-29(22,6)21(18)10-11-28(19,20)5/h15-22,24-27,31-34H,7-14H2,1-6H3	Homocastasterone	CCC(C(C)C)C(C(C(C)C1CCC2C1(CCC3C2CC(=O)C4C3(CC(C(C4)O)O)C)C)O)O	5.0999999	134291;6320101;5487654;5496314;10696031;10814527;10885292;10005309;10896108;10028066;13037426;11059876;16681673;20833003;20833004;20833494;22826691;25221221;53262776;70544738;70544740;71777494;90138938	COCONUT:(CNP0133708);KNApSAcK:(190);Natural Products:(UNPD182742 UNPD7778 UNPD107300 UNPD172503);PubChem:(134291 6320101 5487654 5496314 10696031 10814527 10885292 10005309 10896108 10028066 13037426 11059876 16681673 20833003 20833004 20833494 22826691 25221221 53262776 70544738 70544740 71777494 90138938);SuperNatural:(SN00328886 SN00393573 SN00379161 SN00348711);MeSH:(5487654);Plantcyc:(CPD-11827);PubMed;Biocyc:(CPD-11827)	3311702
8	1	N/A	-180.765556352636	C29H50O5	[M - H2O + H]+	WJAMDPDVVOJXLF	InChI=1S/C29H50O5/c1-15(25(33)26(34)16(2)27(3,4)5)18-8-9-19-17-12-22(30)21-13-23(31)24(32)14-29(21,7)20(17)10-11-28(18,19)6/h15-21,23-26,31-34H,8-14H2,1-7H3	null	CC(C1CCC2C1(CCC3C2CC(=O)C4C3(CC(C(C4)O)O)C)C)C(C(C(C)C(C)(C)C)O)O	5.0999999	14134047;25221089	COCONUT:(CNP0110527);KNApSAcK:(36257);PubChem:(14134047 25221089)	2097170
9	1	N/A	-220.1428334038517	C29H50O5	[M - H2O + H]+	WBYWRINRZGNKNA	InChI=1S/C29H50O5/c1-19(11-9-15-28(7,33)17-14-24(30)27(5,6)32)12-10-16-29(8)18-13-23-22(4)25(31)20(2)21(3)26(23)34-29/h19,24,30-33H,9-18H2,1-8H3	null	CC1=C(C2=C(CCC(O2)(C)CCCC(C)CCCC(C)(CCC(C(C)(C)O)O)O)C(=C1O)C)C	6.19999981	53483491	PubChem:(53483491);COCONUT:(CNP0132789)	2097154
10	1	N/A	-233.70700060540364	C29H50O5	[M - H2O + H]+	OBSABYTWBXDSHQ	InChI=1S/C29H50O5/c1-7-19(18(2)3)10-13-29(6,34)25-9-8-22(27(25,4)14-15-30)21-17-24(32)23-16-20(31)11-12-28(23,5)26(21)33/h17-20,22-25,30-32,34H,7-16H2,1-6H3	null	CCC(CCC(C)(C1CCC(C1(C)CCO)C2=CC(C3CC(CCC3(C2=O)C)O)O)O)C(C)C	4.5999999	72198832;102113770;102113771	COCONUT:(CNP0146091);Natural Products:(UNPD221523);PubChem:(72198832 102113770 102113771)	2129922
11	1	N/A	-244.28248165361944	C29H50O5	[M - H2O + H]+	NOLIODARMCPTMK	InChI=1S/C29H50O5/c1-25(2)21-9-8-16-18(27(21,5)13-11-22(25)32)14-19(30)23-17(10-12-28(16,23)6)29(7)15-20(31)24(34-29)26(3,4)33/h16-24,30-33H,8-15H2,1-7H3	Neoalsogenin A	CC1(C2CCC3C(C2(CCC1O)C)CC(C4C3(CCC4C5(CC(C(O5)C(C)(C)O)O)C)C)O)C	5.0999999	132559;53462244	MeSH:(132559);PubChem:(132559 53462244);PubMed	70
12	1	N/A	-244.6132332026533	C29H50O5	[M - H2O + H]+	FTDAVYLKBDZWCU	InChI=1S/C29H50O5/c1-20(2)12-9-13-21(3)14-10-15-22(4)16-11-17-26(7)18-19-28-27(8,33-28)25(30)23(5)24(6)29(28,32-26)34-31/h20-22,31H,9-19H2,1-8H3	Epoxytocopherone	CC1=C(C2(C3(CCC(O2)(C)CCCC(C)CCCC(C)CCCC(C)C)C(C1=O)(O3)C)OO)C	7.5	3081753;14443697	MeSH:(3081753);PubChem:(3081753 14443697);PubMed	70
13	1	N/A	-253.2486555061826	C29H50O5	[M - H2O + H]+	VISPTZOKUBCLGQ	InChI=1S/C29H50O5/c1-3-5-7-9-11-13-14-16-18-20-22-24-29(32)34-27(25-30)26-33-28(31)23-21-19-17-15-12-10-8-6-4-2/h5,7,11,13,16,18,27,30H,3-4,6,8-10,12,14-15,17,19-26H2,1-2H3	null	CCCCCCCCCCCC(=O)OCC(CO)OC(=O)CCCC=CCC=CCC=CCC	8.5	138105956	PubChem:(138105956);PubChem class - bio and metabolites	16777218
14	1	N/A	-294.4448236059107	C29H50O5	[M - H2O + H]+	DXQGHBIXJLKBGR	InChI=1S/C29H50O5/c1-2-3-4-5-6-7-8-9-10-11-12-13-14-15-16-19-26(30)24-29(33)34-22-17-18-25-20-21-27(31)28(32)23-25/h20-21,23,26,30-32H,2-19,22,24H2,1H3	null	CCCCCCCCCCCCCCCCCC(CC(=O)OCCCC1=CC(=C(C=C1)O)O)O	9.07409668	""	COCONUT:(CNP0284854);Natural Products:(UNPD111806);SuperNatural:(SN00376533)	3178496
1	1	0.18778405769830178	-112.80182804043409	C29H48O4	[M + H]+	MVJKBFFAQXFVJM	InChI=1S/C29H48O4/c1-18(2)7-6-8-19(3)23-9-10-24-27-25(12-13-28(23,24)5)29(17-33-20(4)30)14-11-22(31)15-21(29)16-26(27)32/h16,18-19,22-27,31-32H,6-15,17H2,1-5H3	null	CC(C)CCCC(C)C1CCC2C1(CCC3C2C(C=C4C3(CCC(C4)O)COC(=O)C)O)C	6.29072094	""	COCONUT:(CNP0102663);Natural Products:(UNPD225001)	2129920
2	1	N/A	-122.29565785822194	C29H48O4	[M + H]+	FOPHUBRNGVEDNO	InChI=1S/C29H48O4/c1-18(2)7-6-8-19(3)23-9-10-24-27-25(12-13-28(23,24)5)29(17-30)14-11-22(32)15-21(29)16-26(27)33-20(4)31/h16,18-19,22-27,30,32H,6-15,17H2,1-5H3	[(3S,7R,8S,9S,10S,13R,14S,17R)-3-hydroxy-10-(hydroxymethyl)-13-methyl-17-[(2R)-6-methylheptan-2-yl]-2,3,4,7,8,9,11,12,14,15,16,17-dodecahydro-1H-cyclopenta[a]phenanthren-7-yl] acetate	CC(C)CCCC(C)C1CCC2C1(CCC3C2C(C=C4C3(CCC(C4)O)CO)OC(=O)C)C	6.80000019	16751487	COCONUT:(CNP0316465);Natural Products:(UNPD75961);PubChem:(16751487);SuperNatural:(SN00347440)	3178498
3	1	N/A	-171.34766172997968	C29H48O4	[M + H]+	QJTPWAGDROFRFL	InChI=1S/C29H48O4/c1-17(2)9-8-13-28(6,33)18-10-11-19-25(18)20(30)15-22-27(5)14-12-23(31)26(3,4)21(27)16-24(32)29(19,22)7/h9,16,18-20,22-25,30-33H,8,10-15H2,1-7H3	null	CC(=CCCC(C)(C1CCC2C1C(CC3C2(C(C=C4C3(CCC(C4(C)C)O)C)O)C)O)O)C	5.2707696	""	COCONUT:(CNP0076590)	2097152
4	1	N/A	-184.8153240416146	C29H48O4	[M + H]+	WSVPEEMLBFYJQU	InChI=1S/C29H48O4/c1-3-5-7-9-11-13-15-17-21-25-33-29(31)27-23-19-18-22-26(27)28(30)32-24-20-16-14-12-10-8-6-4-2/h18-19,22-23H,3-17,20-21,24-25H2,1-2H3	Decyl undecyl phthalate	CCCCCCCCCCCOC(=O)C1=CC=CC=C1C(=O)OCCCCCCCCCC	10.1122475	88003	PubChem:(88003);NORMAN:(NS00026290)	262146
5	1	N/A	-190.72702201998226	C29H48O4	[M + H]+	QEDZDAWIPDLZAN	InChI=1S/C29H48O4/c1-18(2)8-7-9-19(3)23-10-11-24-22-16-26(31)29(32)17-21(33-20(4)30)12-15-28(29,6)25(22)13-14-27(23,24)5/h18-19,21-25,32H,7-17H2,1-6H3	Cholestan-3,5-diol-6-one, 3-acetate	CC(C)CCCC(C)C1CCC2C1(CCC3C2CC(=O)C4(C3(CCC(C4)OC(=O)C)C)O)C	7.5	629114;9496824;9496825;13916406;13916411;11944565;11944566;11944567;11944568;11476704;21681556;28364355;51862083;68141441;99565700	COCONUT:(CNP0160325);PubChem:(629114 9496824 9496825 13916406 13916411 11944565 11944566 11944567 11944568 11476704 21681556 28364355 51862083 68141441 99565700);SuperNatural:(SN00155652 SN00155653 SN00155521 SN00155520);ZINC bio:(ZINC08382299 ZINC08382300 ZINC36649196 ZINC36649197)	3153922
6	1	N/A	-196.08460507075048	C29H48O4	[M + H]+	YEENWFLPSQDAJU	InChI=1S/C29H48O4/c1-4-5-6-7-8-9-10-13-18-23-32-28(30)26-21-16-17-22-27(26)29(31)33-24-19-14-11-12-15-20-25(2)3/h16-17,21-22,25H,4-15,18-20,23-24H2,1-3H3	Isodecyl undecyl phthalate	CCCCCCCCCCCOC(=O)C1=CC=CC=C1C(=O)OCCCCCCCC(C)C	9.8926754	44152594	PubChem:(44152594);NORMAN:(NS00040486)	262146
7	1	N/A	-196.08460507075048	C29H48O4	[M + H]+	IKSMHHLEDXGDIF	InChI=1S/C29H48O4/c1-4-5-6-7-8-10-13-18-23-32-28(30)26-21-16-17-22-27(26)29(31)33-24-19-14-11-9-12-15-20-25(2)3/h16-17,21-22,25H,4-15,18-20,23-24H2,1-3H3	Decyl isoundecyl phthalate	CCCCCCCCCCOC(=O)C1=CC=CC=C1C(=O)OCCCCCCCCC(C)C	9.8926754	44150117	PubChem:(44150117);NORMAN:(NS00040485)	262146
8	1	N/A	-201.42265232669624	C29H48O4	[M + H]+	OVIAMXWKHLHCOK	InChI=1S/C29H48O4/c1-17(2)20(5)18(3)14-19(4)22-8-9-23-24-15-25(31)29(33)16-21(30)10-11-27(29,7)28(24,32)13-12-26(22,23)6/h14-15,17,19-23,25,30-33H,8-13,16H2,1-7H3	null	CC(C)C(C)C(=CC(C)C1CCC2C1(CCC3(C2=CC(C4(C3(CCC(C4)O)C)O)O)O)C)C	4.80000019	10647670;131751468	COCONUT:(CNP0258086);HMDB:(33634);Natural Products:(UNPD12649);PubChem:(10647670 131751468);PubChem class - bio and metabolites	18907146
9	1	N/A	-207.5404913700217	C29H48O4	[M + H]+	SJACDCCLTPXNQA	InChI=1S/C29H48O4/c1-17(2)8-7-9-18(3)23-12-13-24-22-11-10-20-14-21(31)15-26(32)29(20,6)27(22)25(33-19(4)30)16-28(23,24)5/h10,17-18,21-27,31-32H,7-9,11-16H2,1-6H3	null	CC(C)CCCC(C)C1CCC2C1(CC(C3C2CC=C4C3(C(CC(C4)O)O)C)OC(=O)C)C	6.80000019	25148417	COCONUT:(CNP0133336);Natural Products:(UNPD128864);PubChem:(25148417);SuperNatural:(SN00313557)	3178498
10	1	N/A	-208.4938736613033	C29H48O4	[M + H]+	NDOKWZQNNLRVLS	InChI=1S/C29H48O4/c1-7-20(18(2)3)9-8-19(4)22-10-11-23-24-16-25(31)29(33)17-21(30)12-13-27(29,6)28(24,32)15-14-26(22,23)5/h8-9,16,18-23,25,30-33H,7,10-15,17H2,1-6H3	(3S,5R,6R,9R,10R,13R,17R)-17-[(E,2R)-5-ethyl-6-methylhept-3-en-2-yl]-10,13-dimethyl-2,3,4,6,11,12,14,15,16,17-decahydro-1H-cyclopenta[a]phenanthrene-3,5,6,9-tetrol	CCC(C=CC(C)C1CCC2C1(CCC3(C2=CC(C4(C3(CCC(C4)O)C)O)O)O)C)C(C)C	4.69999981	21775209;44566229	COCONUT:(CNP0387998);Natural Products:(UNPD56434);PubChem:(21775209 44566229);SuperNatural:(SN00346276);PubMed	3178562
11	1	N/A	-212.35710610056498	C29H48O4	[M + H]+	FISBVTYZLBIIRX	InChI=1S/C29H48O4/c1-17(25(31)29(7,33)18(2)26(3,4)32)22-10-11-23-21-9-8-19-16-20(30)12-14-27(19,5)24(21)13-15-28(22,23)6/h8,18,20-21,23-25,30-33H,9-16H2,1-7H3	null	CC(C(C)(C)O)C(C)(C(C(=C1CCC2C1(CCC3C2CC=C4C3(CCC(C4)O)C)C)C)O)O	4.5999999	23427655;23428007	COCONUT:(CNP0141982);Natural Products:(UNPD194028);PubChem:(23427655 23428007);SuperNatural:(SN00346726)	3178498
12	1	N/A	-220.13824981138362	C29H48O4	[M + H]+	QCBCGVWZWOBQEI	InChI=1S/C29H48O4/c1-16(2)18(4)23(31)14-17(3)20-8-9-25-28(20,7)15-24(32)26-27(6)12-11-22(30)19(5)21(27)10-13-29(25,26)33/h16-17,19-22,24-26,30,32-33H,4,8-15H2,1-3,5-7H3	null	CC1C2CCC3(C4CCC(C4(CC(C3C2(CCC1O)C)O)C)C(C)CC(=O)C(=C)C(C)C)O	5.30000019	25016418	COCONUT:(CNP0258495);KNApSAcK:(48791);Natural Products:(UNPD137769);PubChem:(25016418);SuperNatural:(SN00323678)	3178514
13	1	N/A	-220.34836362910016	C29H48O4	[M + H]+	NJIUWSABAIXPGI	InChI=1S/C29H48O4/c1-19(13-9-15-21(3)28(31)32)11-8-12-20(2)14-10-17-29(7)18-16-25-24(6)26(30)22(4)23(5)27(25)33-29/h19-21,30H,8-18H2,1-7H3,(H,31,32)	13''-carboxy-alpha-tocopherol	CC1=C(C2=C(CCC(O2)(C)CCCC(C)CCCC(C)CCCC(C)C(=O)O)C(=C1O)C)C	9.30000019	53481461;58003830;71454753	COCONUT:(CNP0420925);HMDB:(12555);PubChem:(53481461 58003830 71454753);PubMed;PubChem class - bio and metabolites	18874442
14	1	N/A	-223.60417174295293	C29H48O4	[M + H]+	KJBDFVXFTUXVFQ	InChI=1S/C29H48O4/c1-18(2)19(3)8-7-9-20(4)22-10-11-23-24-16-25(31)29(33)17-21(30)12-13-27(29,6)28(24,32)15-14-26(22,23)5/h7,9,16,18-23,25,30-33H,8,10-15,17H2,1-6H3	null	CC(C)C(C)CC=CC(C)C1CCC2C1(CCC3(C2=CC(C4(C3(CCC(C4)O)C)O)O)O)C	5.31898165	""	COCONUT:(CNP0213497);Natural Products:(UNPD100675);SuperNatural:(SN00396395)	3178496
15	1	N/A	-225.92278944221474	C29H48O4	[M + H]+	KLZOTDOJMRMLDX	InChI=1S/C29H48O4/c1-6-29(32,7-2)16-9-17-33-21(4)25-13-14-26-22(10-8-15-28(25,26)5)11-12-23-18-24(30)19-27(31)20(23)3/h11-12,21,24-27,30-32H,3,6-10,13-19H2,1-2,4-5H3	Lexacalcitol	CCC(CC)(CCCOC(C)C1CCC2C1(CCCC2=CC=C3CC(CC(C3=C)O)O)C)O	4.9000001	4476319;5288670;6384223;5464107;9547537;9847096;21158828;46936681;59063596;59895418;73896915;73946544;73952170;71452778;71458138;87867503;87867504;90897816;91452875;122130211;129606954;137794984	COCONUT:(CNP0127555);MeSH:(5288670);PubChem:(4476319 5288670 6384223 5464107 9547537 9847096 21158828 46936681 59063596 59895418 73896915 73946544 73952170 71452778 71458138 87867503 87867504 90897816 91452875 122130211 129606954 137794984);PubMed;PubChem class - bio and metabolites	18874438
16	1	N/A	-232.5009727803786	C29H48O4	[M + H]+	FSKKMLBYNCANGG	InChI=1S/C29H48O4/c1-20(8-5-15-28(2,3)33)24-13-14-25-22(9-6-16-29(24,25)4)12-11-21-18-26(31)23(10-7-17-30)27(32)19-21/h9,11-12,18,20,23-27,30-33H,5-8,10,13-17,19H2,1-4H3	null	CC(CCCC(C)(C)O)C1CCC2C1(CCC=C2C=CC3=CC(C(C(C3)O)CCCO)O)C	4.9000001	132990866;132990867	PubChem:(132990866 132990867);PubChem class - bio and metabolites	16777218
17	1	N/A	-236.89298184521147	C29H48O4	[M + H]+	WEHHOTPFPNWESE	InChI=1S/C29H48O4/c1-17(21-14-19(21)3)6-7-18(2)22-8-9-23-24-15-25(31)29(33)16-20(30)10-11-27(29,5)28(24,32)13-12-26(22,23)4/h15,17-23,25,30-33H,6-14,16H2,1-5H3	null	CC1CC1C(C)CCC(C)C2CCC3C2(CCC4(C3=CC(C5(C4(CCC(C5)O)C)O)O)O)C	5.0	16099500;22833138;102155047	PubChem:(16099500 22833138 102155047);KNApSAcK:(41931)	18
18	1	N/A	-239.81310308281118	C29H48O4	[M + H]+	MVDKBFMLLJPFIV	InChI=1S/C29H48O4/c1-17(16-30)8-7-9-18(2)19-12-13-28(5)21-11-10-20-25(22(31)14-24(33)27(20,3)4)26(21)23(32)15-29(19,28)6/h8,11,18-20,22-26,30-33H,7,9-10,12-16H2,1-6H3	null	CC(CCC=C(C)CO)C1CCC2(C1(CC(C3C2=CCC4C3C(CC(C4(C)C)O)O)O)C)C	5.25623798	""	COCONUT:(CNP0080703)	2097152
19	1	N/A	-240.0793989812746	C29H48O4	[M + H]+	OEBJXRRXJFMAOZ	InChI=1S/C29H48O4/c1-25(2)13-20-19-8-7-17-18(9-10-21-26(3,4)22(31)11-12-27(17,21)5)28(19,6)15-24(33)29(20,16-30)23(32)14-25/h8,17-18,20-24,30-33H,7,9-16H2,1-6H3	null	CC1(CC2C3=CCC4C(C3(CC(C2(C(C1)O)CO)O)C)CCC5C4(CCC(C5(C)C)O)C)C	4.9579649	""	COCONUT:(CNP0324107);Natural Products:(UNPD86292);SuperNatural:(SN00236450)	3178496
20	1	N/A	-240.22155364626215	C29H48O4	[M + H]+	PXFRNYUNPMSUHK	InChI=1S/C29H48O4/c1-18(2)8-7-9-19(3)23-10-11-24-22-16-26(33-20(4)30)29(32)17-21(31)12-15-28(29,6)25(22)13-14-27(23,24)5/h18-19,22-26,32H,7-17H2,1-6H3	5-hydroxy-3-oxocholestan-6-yl acetate	CC(C)CCCC(C)C1CCC2C1(CCC3C2CC(C4(C3(CCC(=O)C4)C)O)OC(=O)C)C	7.0999999	2752859;3903702;11887409;10411948;51521441;51521442	COCONUT:(CNP0051639);PubChem:(2752859 3903702 11887409 10411948 51521441 51521442);SuperNatural:(SN00130159 SN00133232 SN00133233 SN00133231);ZINC bio:(ZINC04273509 ZINC13407568 ZINC13407571 ZINC13407575)	3153922
21	1	N/A	-243.3688613363588	C29H48O4	[M + H]+	KGGHMZWSJHYAPD	InChI=1S/C29H48O4/c1-16(2)17(3)8-9-18(4)20-10-11-24-27(20,6)15-23(31)26-28(7)14-22(30)25(32)19(5)21(28)12-13-29(24,26)33/h8-9,16,18-26,30-33H,3,10-15H2,1-2,4-7H3	(2R,3S,4S,5S,8R,9S,10S,11S,13R,14R,17R)-4,10,13-trimethyl-17-[(E,2R)-6-methyl-5-methylidenehept-3-en-2-yl]-1,2,3,4,5,6,7,9,11,12,14,15,16,17-tetradecahydrocyclopenta[a]phenanthrene-2,3,8,11-tetrol	CC1C2CCC3(C4CCC(C4(CC(C3C2(CC(C1O)O)C)O)C)C(C)C=CC(=C)C(C)C)O	5.5999999	11363169;21778759;21778778;101357706;101407488	COCONUT:(CNP0111588);KNApSAcK:(43606);Natural Products:(UNPD44547);PubChem:(11363169 21778759 21778778 101357706 101407488);MeSH:(101357706 101407488);PubMed	2130006
22	1	N/A	-245.5942067867751	C29H48O4	[M + H]+	VWEHHIHNZFXYIU	InChI=1S/C29H48O4/c1-16(25(32)26(33)17(2)27(3,4)5)20-8-9-21-19-15-24(31)23-14-18(30)10-12-29(23,7)22(19)11-13-28(20,21)6/h16,18-23,25-26,30,32-33H,2,8-15H2,1,3-7H3	(3R,10R,13S,17R)-17-[(2S,3R,4R)-3,4-dihydroxy-6,6-dimethyl-5-methylideneheptan-2-yl]-3-hydroxy-10,13-dimethyl-1,2,3,4,5,7,8,9,11,12,14,15,16,17-tetradecahydrocyclopenta[a]phenanthren-6-one	CC(C1CCC2C1(CCC3C2CC(=O)C4C3(CCC(C4)O)C)C)C(C(C(=C)C(C)(C)C)O)O	6.0999999	59444562;59444580	COCONUT:(CNP0029129);KNApSAcK:(197);PubChem:(59444562 59444580)	2097170
23	1	N/A	-246.75397450620451	C29H48O4	[M + H]+	DXCDJGWNXWYFJA	InChI=1S/C29H48O4/c1-26(2)23-10-7-18-20-9-8-19(17-15-22(30)25(33-16-17)27(3,4)32)28(20,5)13-11-21(18)29(23,6)14-12-24(26)31/h7,17,19-25,30-32H,8-16H2,1-6H3	null	CC1(C(CCC2(C1CC=C3C2CCC4(C3CCC4C5CC(C(OC5)C(C)(C)O)O)C)C)O)C	5.22621679	""	COCONUT:(CNP0204103);Natural Products:(UNPD126884);SuperNatural:(SN00316734)	3178496
24	1	N/A	-248.95215082785322	C29H48O4	[M + H]+	ZHBXGHWSDHVEKS	InChI=1S/C29H48O4/c1-18(2)19(3)8-9-20(4)22-10-11-23-24-16-25(33-7)29(32)17-21(30)12-13-27(29,6)28(24,31)15-14-26(22,23)5/h8-9,16,18-23,25,30-32H,10-15,17H2,1-7H3	Topsentisterol C3	CC(C)C(C)C=CC(C)C1CCC2C1(CCC3(C2=CC(C4(C3(CCC(C4)O)C)O)OC)O)C	4.69999981	16099493;21772320;22833137;129835835	COCONUT:(CNP0126302);KNApSAcK:(41932);Natural Products:(UNPD214236 UNPD30445 UNPD66121);PubChem:(16099493 21772320 22833137 129835835);SuperNatural:(SN00389147 SN00321163);PubMed	3178578
25	1	N/A	-255.1725162548338	C29H48O4	[M + H]+	FPPRCVBKFVLLRK	InChI=1S/C29H48O4/c1-8-25(3)13-9-14-26(4)21(25)12-15-27(5)22-11-10-19-20(17-32-29(19,7)31)28(22,6)24(16-23(26)27)33-18(2)30/h19-24,31H,8-17H2,1-7H3	[(3R,5bR,8S,11aS,13S,13aS,13bS)-8-ethyl-3-hydroxy-3,5b,8,11a,13a-pentamethyl-3a,4,5,5a,6,7,7a,9,10,11,11b,12,13,13b-tetradecahydro-1H-phenanthro[2,1-e][2]benzofuran-13-yl] acetate	CCC1(CCCC2(C1CCC3(C2CC(C4(C3CCC5C4COC5(C)O)C)OC(=O)C)C)C)C	7.5	22832311;23252113	COCONUT:(CNP0222556);Natural Products:(UNPD137219 UNPD180859);PubChem:(22832311 23252113);SuperNatural:(SN00328872)	3178498
26	1	N/A	-257.4484923544961	C29H48O4	[M + H]+	NQEANIZPOLHHAZ	InChI=1S/C29H48O4/c1-17(8-12-24(32)27(4,5)33)19-14-15-28(6)21-11-10-20-18(9-13-23(31)26(20,2)3)25(21)22(30)16-29(19,28)7/h10,17-19,21,23-25,31-33H,8-9,11-16H2,1-7H3	null	CC(CCC(C(C)(C)O)O)C1CCC2(C1(CC(=O)C3C2CC=C4C3CCC(C4(C)C)O)C)C	5.37362576	""	COCONUT:(CNP0176664);Natural Products:(UNPD112806);SuperNatural:(SN00340371)	3178496
27	1	N/A	-258.4772367497834	C29H48O4	[M + H]+	KPMDMYKYIMPPKD	InChI=1S/C29H48O4/c1-24(2)12-14-28(16-24)15-13-26(4)19(23(28)33)6-7-20-25(3)10-9-22(32)29(17-30,18-31)21(25)8-11-27(20,26)5/h6,20-23,30-33H,7-18H2,1-5H3	null	CC1(CCC2(C1)CCC3(C(=CCC4C3(CCC5C4(CCC(C5(CO)CO)O)C)C)C2O)C)C	5.30000019	102497859	COCONUT:(CNP0229646);Natural Products:(UNPD215443);PubChem:(102497859)	2129922
28	1	N/A	-262.1781084119014	C29H48O4	[M + H]+	CEXMUXAEKDKLDQ	InChI=1S/C29H48O4/c1-16(30)17-8-10-26(4)12-13-27(5)18(23(17)26)14-19(31)24-28(27,6)11-9-20-25(2,3)21(32)15-22(33)29(20,24)7/h17-24,31-33H,8-15H2,1-7H3	Nepetidone	CC(=O)C1CCC2(C1C3CC(C4C(C3(CC2)C)(CCC5C4(C(CC(C5(C)C)O)O)C)C)O)C	5.5	21672691	COCONUT:(CNP0127495);Natural Products:(UNPD22668);PubChem:(21672691);SuperNatural:(SN00306998)	3178498
29	1	N/A	-265.852060971654	C29H48O4	[M + H]+	NEMORAKKZOYJKL	InChI=1S/C29H48O4/c1-16(30)26(4)11-8-17-23(26)19(32)15-29(7)24(17)18(31)14-21-27(5)12-10-22(33)25(2,3)20(27)9-13-28(21,29)6/h17-24,31-33H,8-15H2,1-7H3	null	CC(=O)C1(CCC2C1C(CC3(C2C(CC4C3(CCC5C4(CCC(C5(C)C)O)C)C)O)C)O)C	5.06412935	""	COCONUT:(CNP0110836);Natural Products:(UNPD33014);SuperNatural:(SN00283723)	3178496
30	1	N/A	-269.69834874636103	C29H48O4	[M + H]+	ZBHBGEFUKBOWPQ	InChI=1S/C29H48O4/c1-3-4-5-6-7-8-9-10-11-12-13-14-15-16-17-18-19-24-33-29(31)23-21-26-20-22-27(30)28(25-26)32-2/h20-23,25,30H,3-19,24H2,1-2H3	null	CCCCCCCCCCCCCCCCCCCOC(=O)C=CC1=CC(=C(C=C1)O)OC	9.85728645	101186931	COCONUT:(CNP0188973);KNApSAcK:(32077);Natural Products:(UNPD59285 UNPD224350 UNPD16261);PubChem:(101186931);SuperNatural:(SN00296442 SN00317899)	3178514
31	1	N/A	-275.4219442080366	C29H48O4	[M + H]+	UAWXUTQLQAYKSX	InChI=1S/C29H48O4/c1-16(20-12-17(20)2)8-11-28(4,33)24-7-6-21-26-22(15-25(32)29(21,24)5)27(3)10-9-19(30)13-18(27)14-23(26)31/h16-18,20-26,31-33H,6-15H2,1-5H3	Xestokerol B	CC1CC1C(C)CCC(C)(C2CCC3C2(C(CC4C3C(CC5C4(CCC(=O)C5)C)O)O)C)O	4.80000019	21774555;22832788;44584466	COCONUT:(CNP0195511);Natural Products:(UNPD11841);PubChem:(21774555 22832788 44584466);SuperNatural:(SN00320484)	3178498
32	1	N/A	-276.61823011382546	C29H48O4	[M + H]+	LTSJTDDQUOUKJT	InChI=1S/C29H48O4/c1-2-3-4-5-6-7-8-9-10-11-12-13-14-15-16-17-18-19-24-33-29(32)23-21-26-20-22-27(30)28(31)25-26/h20-23,25,30-31H,2-19,24H2,1H3	Eicosanyl caffeate	CCCCCCCCCCCCCCCCCCCCOC(=O)C=CC1=CC(=C(C=C1)O)O	9.89677048	5320238;75152935	COCONUT:(CNP0232408);Natural Products:(UNPD30547 UNPD220437 UNPD90854);PubChem:(5320238 75152935);SuperNatural:(SN00399385);PubChem class - safety and toxic;PubMed	70287426
33	1	N/A	-278.6176158159658	C29H48O4	[M + H]+	SVHAKFJIIYNECQ	InChI=1S/C29H48O4/c1-24(2)11-13-29(16-24)14-12-27(5)18(22(29)32)7-8-21-25(3)15-19(31)23(33)26(4,17-30)20(25)9-10-28(21,27)6/h7,19-23,30-33H,8-17H2,1-6H3	null	CC1(CCC2(C1)CCC3(C(=CCC4C3(CCC5C4(CC(C(C5(C)CO)O)O)C)C)C2O)C)C	5.5	25058040;24950359;24950519	COCONUT:(CNP0126512);KNApSAcK:(30998);Natural Products:(UNPD42962 UNPD21358);PubChem:(25058040 24950359 24950519);SuperNatural:(SN00231240)	3178514
34	1	N/A	-296.4973304146972	C29H48O4	[M + H]+	QVAXGTRTQKLUKB	InChI=1S/C29H48O4/c1-7-20(18(2)3)9-8-19(4)23-10-11-24(28(23,5)14-15-30)22-17-26(32)25-16-21(31)12-13-29(25,6)27(22)33/h7,17-19,21,23-26,30-32H,8-16H2,1-6H3	null	CC=C(CCC(C)C1CCC(C1(C)CCO)C2=CC(C3CC(CCC3(C2=O)C)O)O)C(C)C	5.9000001	72198837	COCONUT:(CNP0200221);Natural Products:(UNPD219399);PubChem:(72198837)	2129922
35	1	N/A	-303.6762140993	C29H48O4	[M + H]+	HKCWZDXNTILRSA	InChI=1S/C29H48O4/c1-25(2)21-10-13-27(5)18-8-9-19(29(7)15-12-23(33-29)26(3,4)32)17(18)16-20(30)24(27)28(21,6)14-11-22(25)31/h17-21,23-24,30,32H,8-16H2,1-7H3	null	CC1(C2CCC3(C4CCC(C4CC(C3C2(CCC1=O)C)O)C5(CCC(O5)C(C)(C)O)C)C)C	5.48739147	""	COCONUT:(CNP0080684)	2097152
36	1	N/A	-304.793028305384	C29H48O4	[M + H]+	NNNRTJSRGAXLIH	InChI=1S/C29H48O4/c1-24(2)19-10-14-28(7)20(26(19,5)13-11-21(24)30)9-8-18-23-29(32,17-16-27(18,28)6)15-12-22(33-23)25(3,4)31/h18-20,22-23,31-32H,8-17H2,1-7H3	null	CC1(C2CCC3(C(C2(CCC1=O)C)CCC4C3(CCC5(C4OC(CC5)C(C)(C)O)O)C)C)C	5.30000019	50901039;70698301	COCONUT:(CNP0148473);Natural Products:(UNPD183157);PubChem:(50901039 70698301);SuperNatural:(SN00366332);CHEBI:(70457);PubMed	3178594
37	1	N/A	-305.63011381504487	C29H48O4	[M + H]+	OZOJZESTKHHHQP	InChI=1S/C29H48O4/c1-2-3-4-5-6-7-8-9-10-11-12-13-14-15-16-17-18-19-20-21-22-23-25-28(32)26(30)24-27(31)29(25)33/h5-6,24,30,33H,2-4,7-23H2,1H3/p-1	null	CCCCC=CCCCCCCCCCCCCCCCCCC1=C(C(=O)C=C(C1=O)O)[O-]	9.39235497	""	COCONUT:(CNP0100150 CNP0210728);SuperNatural:(SN00163026)	3145728
38	1	N/A	-312.7887502580418	C29H48O4	[M + H]+	DXYFXQLAQAPBFS	InChI=1S/C29H48O4/c1-18(2)10-8-11-19(3)21-13-14-27(6)23-16-25-29(33-25,20(4)31)22(12-9-15-30)26(23,5)17-24(32)28(21,27)7/h10,19,21-25,30,32H,8-9,11-17H2,1-7H3	null	CC(CCC=C(C)C)C1CCC2(C1(C(CC3(C2CC4C(C3CCCO)(O4)C(=O)C)C)O)C)C	6.0999999	10049922;10434410	COCONUT:(CNP0275792);Natural Products:(UNPD147002);PubChem:(10049922 10434410);SuperNatural:(SN00261982)	3178498
39	1	N/A	-328.2956947934741	C29H48O4	[M + H]+	LRZBZOYEXVMHPC	InChI=1S/C29H48O4/c1-7-19(17(2)3)9-8-18(4)22-16-24(32)25-26-23(31)15-20-14-21(30)10-11-28(20,6)29(26,33)13-12-27(22,25)5/h17-22,24,30,32-33H,7-16H2,1-6H3	null	CCC(CCC(C)C1CC(C2=C3C(=O)CC4CC(CCC4(C3(CCC12C)O)C)O)O)C(C)C	5.0999999	139583142	COCONUT:(CNP0367467);Natural Products:(UNPD224041);PubChem:(139583142)	2129922
40	1	N/A	-330.6457101937832	C29H48O4	[M + H]+	CXDRAOHCWVJIJV	InChI=1S/C29H48O4/c1-7-32-22-9-8-17(2)23-19(33-22)15-27(6)20-14-18(30)24-25(3,4)21(31)10-11-29(24)16-28(20,29)13-12-26(23,27)5/h17-24,30-31H,7-16H2,1-6H3	null	CCOC1CCC(C2C(O1)CC3(C2(CCC45C3CC(C6C4(C5)CCC(C6(C)C)O)O)C)C)C	6.0	4584781;16398610;124488558;124488559;124488560;124488561	COCONUT:(CNP0103244);PubChem:(4584781 16398610 124488558 124488559 124488560 124488561);SuperNatural:(SN00107713 SN00107711 SN00107712 SN00107710);ZINC bio:(ZINC70680495 ZINC70680497 ZINC70680499 ZINC70680501)	3153922
41	1	N/A	-339.52987958374973	C29H48O4	[M + H]+	FJJQNQUIZRSMKR	InChI=1S/C29H48O4/c1-24(2)10-12-28(16-24)13-11-26(4)19(14-28)6-7-21-25(3)15-20(32)23(33)29(17-30,18-31)22(25)8-9-27(21,26)5/h6,20-23,30-33H,7-18H2,1-5H3	null	CC1(CCC2(C1)CCC3(C(=CCC4C3(CCC5C4(CC(C(C5(CO)CO)O)O)C)C)C2)C)C	6.0	24950360	COCONUT:(CNP0336171);KNApSAcK:(31000);Natural Products:(UNPD106947);PubChem:(24950360);SuperNatural:(SN00259638)	3178514
42	1	N/A	-341.0656066795471	C29H48O4	[M + H]+	APPPXTMUUWJGRZ	InChI=1S/C29H48O4/c1-17(30)29-15-14-28(7,33-29)18-8-12-27(6)23(18)19(32-29)16-21-25(4)11-10-22(31)24(2,3)20(25)9-13-26(21,27)5/h17-23,30-31H,8-16H2,1-7H3	null	CC(C12CCC(O1)(C3CCC4(C3C(O2)CC5C4(CCC6C5(CCC(C6(C)C)O)C)C)C)C)O	5.9000001	53324794	COCONUT:(CNP0132781);PubChem:(53324794);PubMed	2097218
43	1	N/A	-342.6308178977441	C29H48O4	[M + H]+	BEXKXFSUDVVSFA	InChI=1S/C29H48O4/c1-17(2)25(33-32)23(31)15-18(3)20-9-11-27(6)24-8-7-21-19(4)22(30)10-12-28(21)16-29(24,28)14-13-26(20,27)5/h18-25,30-32H,1,7-16H2,2-6H3	null	CC1C2CCC3C4(CCC(C4(CCC35C2(C5)CCC1O)C)C(C)CC(C(C(=C)C)OO)O)C	7.30000019	10575958;10411949	COCONUT:(CNP0160919);KNApSAcK:(49999);Natural Products:(UNPD171542);PubChem:(10575958 10411949);SuperNatural:(SN00335818)	3178514
44	1	N/A	-362.6442678282245	C29H48O4	[M + H]+	KMBWCXAUPFWDKK	InChI=1S/C29H48O4/c1-20(2)12-9-13-21(3)14-10-15-22(4)16-11-17-23(5)18-19-25-24(6)26(30)28(32-7)29(33-8)27(25)31/h18,20-22H,9-17,19H2,1-8H3	Hexahydroubiquinone-4	CC1=C(C(=O)C(=C(C1=O)OC)OC)CC=C(C)CCCC(C)CCCC(C)CCCC(C)C	9.80000019	24362;5476367;6436802;10389550;98531777;98531778;97046410;97046411	MeSH:(5476367 6436802);PubChem:(24362 5476367 6436802 10389550 98531777 98531778 97046410 97046411);PubMed	70