structureRankPerFormula	formulaRank	ConfidenceScore	CSI:FingerIDScore	molecularFormula	adduct	InChIkey2D	InChI	name	smiles	xlogp	pubchemids	links	dbflags
1	1	0.4419396027787498	-33.02565086907281	C21H36O4	[M - H2O + H]+	GGJRAQULURVTAJ	InChI=1S/C21H36O4/c1-2-3-4-5-6-7-8-9-10-11-12-13-14-15-16-17-21(24)25-19-20(23)18-22/h3-4,6-7,9-10,20,22-23H,2,5,8,11-19H2,1H3	1-Monolinolenin	CCC=CCC=CCC=CCCCCCCCC(=O)OCC(CO)O	5.27316475	86742;5872092;5317746;5367328;9884879;53480979;71728430;92477703;92477704;124511007;124305059;124306178	HMDB:(11570);SuperNatural:(SN00011284 SN00011285 SN00157493);ZINC bio:(ZINC04557122 ZINC04557123);additional;PubMed;NORMAN:(NS00013704);COCONUT:(CNP0121104);Natural Products:(UNPD47725);PubChem:(86742 5872092 5317746 5367328 9884879 53480979 71728430 92477703 92477704 124511007 124305059 124306178);CHEBI:(75577 75610 75576 75575);PubChem class - bio and metabolites;Training Set	20766826
2	1	N/A	-64.85808062766947	C21H36O4	[M - H2O + H]+	ZCCLDKGWJIREQF	InChI=1S/C21H36O4/c1-2-3-4-5-6-7-8-9-10-11-12-13-14-15-16-17-21(24)25-20(18-22)19-23/h3-4,6-7,9-10,20,22-23H,2,5,8,11-19H2,1H3	2-Monolinolenin	CCC=CCC=CCC=CCCCCCCCC(=O)OC(CO)CO	4.9000001	556494;5367459;11674746	COCONUT:(CNP0180628);HMDB:(11540);PubChem:(556494 5367459 11674746);CHEBI:(75474 131379);PubChem class - bio and metabolites	18874410
3	1	N/A	-75.11759922896572	C21H36O4	[M - H2O + H]+	XQBHBEXBUZDCRY	InChI=1S/C21H36O4/c1-2-3-4-5-6-7-8-9-10-11-12-13-14-15-16-17-21(24)25-19-20(23)18-22/h6-7,9-10,12-13,20,22-23H,2-5,8,11,14-19H2,1H3	1-g-linolenoyl-glycerol	CCCCCC=CCC=CCC=CCCCCC(=O)OCC(CO)O	5.27316475	25062610;57211580;53480978;101275939;134779411	HMDB:(11569);PubChem:(25062610 57211580 53480978 101275939 134779411);PubMed;PubChem class - bio and metabolites	16777290
4	1	N/A	-76.10958935972857	C21H36O4	[M - H2O + H]+	WABDDVFNZRATDQ	InChI=1S/C21H36O4/c1-2-3-4-5-6-7-8-9-10-11-12-13-14-15-16-17-21(24)25-19-20(23)18-22/h5-10,20,22-23H,2-4,11-19H2,1H3	null	CCCCC=CC=CC=CCCCCCCCC(=O)OCC(CO)O	5.27316475	9924657;10132719;10132720;54419890;102376812	COCONUT:(CNP0389351);Natural Products:(UNPD159272);PubChem:(9924657 10132719 10132720 54419890 102376812);SuperNatural:(SN00269383);PubMed	3178562
5	1	N/A	-104.97448730013822	C21H36O4	[M - H2O + H]+	JPVHGPAQJWEPFH	InChI=1S/C21H36O4/c1-20(23)16-14-12-10-8-6-4-2-3-5-7-9-11-13-15-17-25-19-21(24)18-22/h7,9,15,17,20-24H,2-6,8,10,12,14,16,18-19H2,1H3	(2S)-3-[(1Z,5Z)-17-hydroxyoctadeca-1,5-dien-3-ynoxy]propane-1,2-diol	CC(CCCCCCCCCCC=CC#CC=COCC(CO)O)O	4.9000001	21591332;23425871	COCONUT:(CNP0329423);Natural Products:(UNPD174800);PubChem:(21591332 23425871)	2129922
6	1	N/A	-107.60969728264703	C21H36O4	[M - H2O + H]+	RFZGOGUSGPXHFK	InChI=1S/C21H36O4/c22-17-15-13-11-9-7-5-3-1-2-4-6-8-10-12-14-16-18-25-20-21(24)19-23/h8,10,16,18,21-24H,1-7,9,11,13,15,17,19-20H2	3-[(1Z,5Z)-18-hydroxyoctadeca-1,5-dien-3-ynoxy]propane-1,2-diol	C(CCCCCCO)CCCCCC=CC#CC=COCC(CO)O	5.0999999	21674173;71434489;101834988	COCONUT:(CNP0153594);Natural Products:(UNPD133482);PubChem:(21674173 71434489 101834988)	2129922
7	1	N/A	-115.5317773094796	C21H36O4	[M - H2O + H]+	BXAXVVVVPFELOK	InChI=1S/C21H36O4/c1-2-3-4-5-6-7-8-9-10-11-12-13-14-15-16-17-21(24)25-20(18-22)19-23/h6-7,9-10,12-13,20,22-23H,2-5,8,11,14-19H2,1H3	2-g-linolenoyl-glycerol	CCCCCC=CCC=CCC=CCCCCC(=O)OC(CO)CO	4.9000001	11646044;73040733	COCONUT:(CNP0129896);HMDB:(11539);PubChem:(11646044 73040733);PubChem class - bio and metabolites	18874378
8	1	N/A	-169.2457781725443	C21H36O4	[M - H2O + H]+	WDBJAELSRFRZAG	InChI=1S/C21H36O4/c22-20(24-18-12-6-4-7-13-18)16-10-2-1-3-11-17-21(23)25-19-14-8-5-9-15-19/h18-19H,1-17H2	Dicyclohexyl azelate	C1CCC(CC1)OC(=O)CCCCCCCC(=O)OC2CCCCC2	5.80000019	87804	PubChem:(87804);NORMAN:(NS00026159)	262146
9	1	N/A	-169.82082866541114	C21H36O4	[M - H2O + H]+	MQSSTQLJJOVNQF	InChI=1S/C21H36O4/c1-19-8-5-14(23)11-13(19)3-4-15-16(19)6-9-20(2)17(15)7-10-21(20,25)18(24)12-22/h13-18,22-25H,3-12H2,1-2H3	20alpha-Hexahydro-reichstein''s compound S	CC12CCC(CC1CCC3C2CCC4(C3CCC4(C(CO)O)O)C)O	3.29999995	626003;151133;20054821;20056457;20056458;21123002;22823548;90478897;91741251;102093795;118483690	COCONUT:(CNP0187485);Natural Products:(UNPD15507 UNPD167045 UNPD117431);PubChem:(626003 151133 20054821 20056457 20056458 21123002 22823548 90478897 91741251 102093795 118483690);SuperNatural:(SN00307146 SN00372272 SN00305189);MeSH:(151133);KEGG Mine	8593113094
10	1	N/A	-174.83085736501144	C21H36O4	[M - H2O + H]+	GDKXZPQRUWPQMV	InChI=1S/C21H36O4/c1-11(22)19-17(24)9-15-13-5-4-12-8-16(23)18(25)10-21(12,3)14(13)6-7-20(15,19)2/h11-19,22-25H,4-10H2,1-3H3	null	CC(C1C(CC2C1(CCC3C2CCC4C3(CC(C(C4)O)O)C)C)O)O	3.03691292	""	COCONUT:(CNP0219230);Natural Products:(UNPD221800)	2129920
11	1	N/A	-179.015561408741	C21H36O4	[M - H2O + H]+	FVCFYYSXQUEISL	InChI=1S/C21H36O4/c1-4-5-13-16-20(25-19(2)22)17-14-11-9-7-6-8-10-12-15-18-21(23)24-3/h9,11,14,17,20H,4-8,10,12-13,15-16,18H2,1-3H3	null	CCCCCC(C=CC=CCCCCCCCC(=O)OC)OC(=O)C	6.19999981	35027790;101606097	COCONUT:(CNP0155885);Natural Products:(UNPD97936);PubChem:(35027790 101606097);SuperNatural:(SN00323379)	3178498
12	1	N/A	-186.77282268531613	C21H36O4	[M - H2O + H]+	VTTDLGQEAGEBOQ	InChI=1S/C21H36O4/c1-3-4-5-6-7-8-9-10-11-12-13-14-15-16-17-19(21(24)25)18(2)20(22)23/h10-11H,3-9,12-17H2,1-2H3,(H,22,23)(H,24,25)	null	CCCCCCCCC=CCCCCCCC(=C(C)C(=O)O)C(=O)O	7.4000001	9975325;44332383;71314660	COCONUT:(CNP0281828);Natural Products:(UNPD90713);PubChem:(9975325 44332383 71314660);SuperNatural:(SN00235094);PubMed	3178562
13	1	N/A	-187.6883576735697	C21H36O4	[M - H2O + H]+	MYFQKXPELFRJRW	InChI=1S/C21H36O4/c1-3-4-5-6-7-8-9-10-11-12-13-14-15-16-20(23)17-21(24)18-25-19(2)22/h4-5,15-16,21,24H,3,6-14,17-18H2,1-2H3	null	CCC=CCCCCCCCCCC=CC(=O)CC(COC(=O)C)O	5.4000001	56953015;76446462;123946773;134594541	MeSH:(56953015);PubChem:(56953015 76446462 123946773 134594541);PubMed	70
14	1	N/A	-189.6261896064492	C21H36O4	[M - H2O + H]+	BQGIGMHUCMNPDK	InChI=1S/C21H36O4/c1-3-4-5-6-7-8-9-10-11-12-13-14-15-16-17-19(21(24)25)18(2)20(22)23/h10-11,19H,2-9,12-17H2,1H3,(H,22,23)(H,24,25)	Ceriporic acid C	CCCCCCCCC=CCCCCCCC(C(=C)C(=O)O)C(=O)O	7.4000001	9819908;25172104;52921869;74426587	COCONUT:(CNP0242566);Natural Products:(UNPD156699 UNPD172075);PubChem:(9819908 25172104 52921869 74426587);SuperNatural:(SN00392534 SN00271167);MeSH:(25172104 52921869);PubMed	3178566
15	1	N/A	-197.18264443988906	C21H36O4	[M - H2O + H]+	VGRVXLWYKKBTNM	InChI=1S/C21H36O4/c1-2-3-6-9-17(22)12-13-19-18(16-14-20(19)25-15-16)10-7-4-5-8-11-21(23)24/h12-13,16-20,22H,2-11,14-15H2,1H3,(H,23,24)	11,9-Epoxymethano-pgh1	CCCCCC(C=CC1C2CC(C1CCCCCCC(=O)O)CO2)O	4.80000019	6443621;52194155;53394560;91746117;98044029;98044030;118849804;131884096	MeSH:(6443621 52194155 53394560);Training Set;PubChem:(6443621 52194155 53394560 91746117 98044029 98044030 118849804 131884096);additional	540678
16	1	N/A	-198.03081763452693	C21H36O4	[M - H2O + H]+	AVWPXRTWDBUIQR	InChI=1S/C21H36O4/c1-20-8-7-13(23)9-12(20)3-4-14-15-5-6-16(18(25)11-22)21(15,2)10-17(24)19(14)20/h12-19,22-25H,3-11H2,1-2H3	(3|A,5|A,11|A,20s)-pregnane-3,11,20,21-tetrol	CC12CCC(CC1CCC3C2C(CC4(C3CCC4C(CO)O)C)O)O	2.79999995	192841;21125993;89593553;91260976;91872261;101600936;129761213;129761227;134687857	MeSH:(192841 91872261 134687857);PubChem:(192841 21125993 89593553 91260976 91872261 101600936 129761213 129761227 134687857);PubMed;KEGG Mine	8589934662
17	1	N/A	-198.58318922149056	C21H36O4	[M - H2O + H]+	JMUKALCRCFJQTI	InChI=1S/C21H36O4/c1-2-3-4-8-11-17-14-15-18(19(16-17)21(24)25)12-9-6-5-7-10-13-20(22)23/h14-15,17-19H,2-13,16H2,1H3,(H,22,23)(H,24,25)	2-Cyclohexene-1-octanoic acid, 6-carboxy-4-hexyl-	CCCCCCC1CC(C(C=C1)CCCCCCCC(=O)O)C(=O)O	6.69999981	13241589;76966006;76966007;76966008;76966009;76966010;76966011;76966012;76966013	PubChem:(13241589 76966006 76966007 76966008 76966009 76966010 76966011 76966012 76966013);NORMAN:(NS00062354)	262146
18	1	N/A	-198.58318922149056	C21H36O4	[M - H2O + H]+	RYKIXDBAIYMFDV	InChI=1S/C21H36O4/c1-2-3-4-9-12-18-15-14-17(16-19(18)21(24)25)11-8-6-5-7-10-13-20(22)23/h14-15,17-19H,2-13,16H2,1H3,(H,22,23)(H,24,25)	C21-Dicarboxylic acid	CCCCCCC1C=CC(CC1C(=O)O)CCCCCCCC(=O)O	6.69999981	105841;76965114;76965115;76965116;76965117;76965118;76965119;76965120;76965121	NORMAN:(NS00013542);PubChem class - safety and toxic;PubChem:(105841 76965114 76965115 76965116 76965117 76965118 76965119 76965120 76965121)	67371010
19	1	N/A	-207.5677639862779	C21H36O4	[M - H2O + H]+	SENSDRYGCFGXOG	InChI=1S/C21H36O4/c1-12(22)21(25)9-6-16-14-11-18(24)17-10-13(23)4-7-19(17,2)15(14)5-8-20(16,21)3/h12-18,22-25H,4-11H2,1-3H3	Pregnane-3,6,17,20-tetrol	CC(C1(CCC2C1(CCC3C2CC(C4C3(CCC(C4)O)C)O)C)O)O	2.4000001	151521;4180146;21123046;45043913;99601817;99601810;99601814;102586326;125031855;125031856;125031857;125031858	MeSH:(151521 102586326);PubChem:(151521 4180146 21123046 45043913 99601817 99601810 99601814 102586326 125031855 125031856 125031857 125031858);PubMed;KEGG Mine	8589934662
20	1	N/A	-207.99667499613847	C21H36O4	[M - H2O + H]+	ICLJUDISOCRJDM	InChI=1S/C21H36O4/c1-12(22)21(25)9-7-16-15-5-4-13-10-14(23)11-18(24)20(13,3)17(15)6-8-19(16,21)2/h12-18,22-25H,4-11H2,1-3H3	null	CC(C1(CCC2C1(CCC3C2CCC4C3(C(CC(C4)O)O)C)C)O)O	3.04813623	""	COCONUT:(CNP0143612);Natural Products:(UNPD187952);SuperNatural:(SN00365925);KEGG Mine	8593113088
21	1	N/A	-212.13358166532623	C21H36O4	[M - H2O + H]+	DMZSLKOHRRVYHI	InChI=1S/C21H36O4/c1-3-4-5-6-7-8-9-10-11-12-13-14-15-16-17-19(21(24)25)18(2)20(22)23/h13-14,19H,2-12,15-17H2,1H3,(H,22,23)(H,24,25)	null	CCCCCCCCCCCC=CCCCC(C(=C)C(=O)O)C(=O)O	7.4000001	11164003;85421136	COCONUT:(CNP0257670);Natural Products:(UNPD135468);PubChem:(11164003 85421136);SuperNatural:(SN00296394);PubMed	3178562
22	1	N/A	-213.55531956867927	C21H36O4	[M - H2O + H]+	ZYVHPIBAOJNRKA	InChI=1S/C21H36O4/c1-2-3-6-9-14(22)12-13-16-15(18-19-20(16)25-21(18)19)10-7-4-5-8-11-17(23)24/h14-16,18-22H,2-13H2,1H3,(H,23,24)	(5e)-7-{6-[(1e)-3-Hydroxyoct-1-Enyl]-2-Oxabicyclo[2.2.1]hept-5-Yl}hept-5-Enoic Acid	CCCCCC(CCC1C(C2C3C1OC23)CCCCCCC(=O)O)O	5.0	49817353	PubChem:(49817353);PubChem class - bio and metabolites	16777218
23	1	N/A	-215.7656710901229	C21H36O4	[M - H2O + H]+	FXDKKPYZLZGIRL	InChI=1S/C21H36O4/c1-16(2)18(4)13-21(25)17(3)7-5-8-19(14-23)9-6-10-20(15-24)11-12-22/h7,9,11,16,21-25H,4-6,8,10,12-15H2,1-3H3	null	CC(C)C(=C)CC(C(=CCCC(=CCCC(=CCO)CO)CO)C)O	3.80843496	""	COCONUT:(CNP0137074);Natural Products:(UNPD195172);SuperNatural:(SN00307456)	3178496
24	1	N/A	-217.54437566459347	C21H36O4	[M - H2O + H]+	FTIPFRDCMUGVRU	InChI=1S/C21H36O4/c1-12(22)15-7-9-21(25)16-5-4-13-10-14(23)6-8-19(13,2)17(16)11-18(24)20(15,21)3/h12-18,22-25H,4-11H2,1-3H3	Dihydroboucerin	CC(C1CCC2(C1(C(CC3C2CCC4C3(CCC(C4)O)C)O)C)O)O	3.04813623	176992;13453643;21125382	COCONUT:(CNP0197948);Natural Products:(UNPD132186 UNPD122951);PubChem:(176992 13453643 21125382);SuperNatural:(SN00314125)	3178498
25	1	N/A	-217.91212169662614	C21H36O4	[M - H2O + H]+	GNPDLQDXTKVGFC	InChI=1S/C21H36O4/c1-19(18(25)7-9-22)8-6-16-14(10-19)4-5-17-20(2,13-23)11-15(24)12-21(16,17)3/h10,15-18,22-25H,4-9,11-13H2,1-3H3	null	CC1(CCC2C(=C1)CCC3C2(CC(CC3(C)CO)O)C)C(CCO)O	3.081074	""	COCONUT:(CNP0420223);SuperNatural:(SN00163447)	3145728
26	1	N/A	-225.02460950314074	C21H36O4	[M - H2O + H]+	CQRHDJNAPDZBCN	InChI=1S/C21H36O4/c1-12(22)21(25)9-7-16-15-5-4-13-10-14(23)6-8-19(13,2)18(15)17(24)11-20(16,21)3/h12-18,22-25H,4-11H2,1-3H3	5|A-Pregnane-3|A,11|A,17|A,20|A-tetrol	CC(C1(CCC2C1(CC(C3C2CCC4C3(CCC(C4)O)C)O)C)O)O	2.5999999	150904;255565;980274;4253200;14275010;96867964;96867965;99573734;99573735;91872271;124914983;124914984;124914985;124914986;129683094;131707826;134687855	MeSH:(150904 91872271 134687855);PubChem:(150904 255565 980274 4253200 14275010 96867964 96867965 99573734 99573735 91872271 124914983 124914984 124914985 124914986 129683094 131707826 134687855);PubMed;KEGG Mine	8589934662
27	1	N/A	-228.73317864484932	C21H36O4	[M - H2O + H]+	QOZQGNJODHSBJX	InChI=1S/C21H36O4/c1-12(22)21(25)9-6-16-18-15(5-8-20(16,21)3)19(2)7-4-14(23)10-13(19)11-17(18)24/h12-18,22-25H,4-11H2,1-3H3	Pregnane-3,7,17,20-tetrol	CC(C1(CCC2C1(CCC3C2C(CC4C3(CCC(C4)O)C)O)C)O)O	2.4000001	126262;21120684;21120685;53461989	MeSH:(126262 21120684 53461989);PubChem:(126262 21120684 21120685 53461989);PubMed;KEGG Mine	8589934662
28	1	N/A	-238.77544858791134	C21H36O4	[M - H2O + H]+	QFSPHXMKLQWTLA	InChI=1S/C21H36O4/c1-13(11-18(23)25-6)7-9-20(4)14(2)8-10-21(5)15(3)19(24)16(22)12-17(20)21/h13-14,16-17,19,22,24H,3,7-12H2,1-2,4-6H3	null	CC1CCC2(C(C1(C)CCC(C)CC(=O)OC)CC(C(C2=C)O)O)C	4.19999981	101915816	COCONUT:(CNP0416987);Natural Products:(UNPD147606);PubChem:(101915816);SuperNatural:(SN00257279)	3178498
29	1	N/A	-238.91760865941924	C21H36O4	[M - H2O + H]+	QGNHHEMELCDLOF	InChI=1S/C21H36O4/c1-3-4-5-6-8-11-17-21(2,25)18-12-9-7-10-14-19(22)15-13-16-20(23)24/h7,9-10,12,14,18-19,22,25H,3-6,8,11,13,15-17H2,1-2H3,(H,23,24)	12-Methylleukotriene B3	CCCCCCCCC(C)(C=CC=CC=CC(CCCC(=O)O)O)O	4.9000001	6443674;10360680;10473224;101649163;101649164	MeSH:(6443674);PubChem:(6443674 10360680 10473224 101649163 101649164);PubMed	70
30	1	N/A	-241.9252780518998	C21H36O4	[M - H2O + H]+	KTEHTTNELUAQFC	InChI=1S/C21H36O4/c1-3-4-9-15-21(2,25)16-14-17-12-13-19(22)18(17)10-7-5-6-8-11-20(23)24/h14,16-18,25H,3-13,15H2,1-2H3,(H,23,24)	Doxaprost	CCCCCC(C)(C=CC1CCC(=O)C1CCCCCCC(=O)O)O	4.30000019	6441612;13746634;11954376;20055478;54012272;68118938;76972161;90672545;129360070;129360217;129362205	NORMAN:(NS00010336);PubChem:(6441612 13746634 11954376 20055478 54012272 68118938 76972161 90672545 129360070 129360217 129362205);PubMed;ZINC bio:(ZINC30690901)	270402
31	1	N/A	-250.59828858979805	C21H36O4	[M - H2O + H]+	ITRBVGLWLFOKTQ	InChI=1S/C21H36O4/c1-3-4-7-10-18(22)15-13-17-14-16-20(23)19(17)11-8-5-6-9-12-21(24)25-2/h13,15,17-19,22H,3-12,14,16H2,1-2H3	methyl 7-[2-(3-hydroxyoct-1-enyl)-5-oxocyclopentyl]heptanoate	CCCCCC(C=CC1CCC(=O)C1CCCCCCC(=O)OC)O	4.5	4584967;11873547;10383394;53934866;71964318	COCONUT:(CNP0366956);PubChem:(4584967 11873547 10383394 53934866 71964318);SuperNatural:(SN00068455);ZINC bio:(ZINC04028147)	3153922
32	1	N/A	-252.58964643857485	C21H36O4	[M - H2O + H]+	YSSFOFOZEJHHKQ	InChI=1S/C21H36O4/c1-5-6-12-15-21(24)17(3)16(2)20(23)18(21)13-10-8-7-9-11-14-19(22)25-4/h18,24H,5-15H2,1-4H3	null	CCCCCC1(C(C(=O)C(=C1C)C)CCCCCCCC(=O)OC)O	5.30592108	""	COCONUT:(CNP0236152);Natural Products:(UNPD119790 UNPD174870);SuperNatural:(SN00390970 SN00238837)	3178496
33	1	N/A	-254.44097961688624	C21H36O4	[M - H2O + H]+	SPHSCUIAVDIEGC	InChI=1S/C21H36O4/c1-5-6-13-18-20(23)16(2)17(3)21(18,24)15-12-10-8-7-9-11-14-19(22)25-4/h18,24H,5-15H2,1-4H3	null	CCCCC1C(=O)C(=C(C1(CCCCCCCCC(=O)OC)O)C)C	5.30592108	""	COCONUT:(CNP0192200);Natural Products:(UNPD44729 UNPD134254);SuperNatural:(SN00325541 SN00402988)	3178496
34	1	N/A	-255.44330247149338	C21H36O4	[M - H2O + H]+	QITUJLTUQMLIPF	InChI=1S/C21H36O4/c1-14(12-19(24)25-5)6-8-16-15(13-22)7-9-17-20(2,3)18(23)10-11-21(16,17)4/h7,14,16-18,22-23H,6,8-13H2,1-5H3	null	CC(CCC1C(=CCC2C1(CCC(C2(C)C)O)C)CO)CC(=O)OC	4.04484129	""	COCONUT:(CNP0313905);Natural Products:(UNPD72594);SuperNatural:(SN00235897)	3178496
35	1	N/A	-258.0730468269042	C21H36O4	[M - H2O + H]+	VWTJAPTYTKEMSK	InChI=1S/C21H36O4/c1-14(2)17-7-6-12-21(5,25)13-19(23)20(24)16(4)9-11-18(22)15(3)8-10-17/h6-7,14,17-20,22-25H,3-4,8-13H2,1-2,5H3	null	CC(C)C1CCC(=C)C(CCC(=C)C(C(CC(CC=C1)(C)O)O)O)O	3.80733275	""	COCONUT:(CNP0132691);Natural Products:(UNPD28512 UNPD134636);SuperNatural:(SN00231537 SN00231476)	3178496
36	1	N/A	-259.5360814687686	C21H36O4	[M - H2O + H]+	DQKQSISVMQRRMJ	InChI=1S/C21H36O4/c1-15(2)17-7-6-11-20(4,24)13-18(22)14-21(5,25)12-10-19(23)16(3)8-9-17/h6-7,15,17,19,23-25H,3,8-14H2,1-2,4-5H3	null	CC(C)C1CCC(=C)C(CCC(CC(=O)CC(CC=C1)(C)O)(C)O)O	3.69427919	""	COCONUT:(CNP0234118);Natural Products:(UNPD138478 UNPD196770);SuperNatural:(SN00349613 SN00364043)	3178496
37	1	N/A	-264.92361645248286	C21H36O4	[M - H2O + H]+	LQHWACDOMXJHRQ	InChI=1S/C21H36O4/c1-17(22)15-13-11-9-7-5-3-4-6-8-10-12-14-16-19-18(2)20(23)25-21(19)24/h17,22H,3-16H2,1-2H3	3-(15-hydroxyhexadecyl)-4-methylfuran-2,5-dione	CC1=C(C(=O)OC1=O)CCCCCCCCCCCCCCC(C)O	6.9000001	334786;11552090;101395651	COCONUT:(CNP0280664);Natural Products:(UNPD174921);PubChem:(334786 11552090 101395651);SuperNatural:(SN00340716)	3178498
38	1	N/A	-265.3165324489947	C21H36O4	[M - H2O + H]+	SXRWFAHEXULFMQ	InChI=1S/C21H36O4/c1-24-20(22)13-11-16-3-7-18(8-4-16)15-19-9-5-17(6-10-19)12-14-21(23)25-2/h16-19H,3-15H2,1-2H3	dimethyl 3,3''-(methanediyldicyclohexane-4,1-diyl)dipropanoate	COC(=O)CCC1CCC(CC1)CC2CCC(CC2)CCC(=O)OC	6.0	235788	PubChem:(235788);PubChem class - safety and toxic	67108866
39	1	N/A	-266.3441624546781	C21H36O4	[M - H2O + H]+	WLKKZYQAHGKWES	InChI=1S/C21H36O4/c1-15(12-18(24)25)7-10-19(3)16(2)8-11-21(14-23)17(13-22)6-5-9-20(19,21)4/h6,15-16,22-23H,5,7-14H2,1-4H3,(H,24,25)	null	CC1CCC2(C(=CCCC2(C1(C)CCC(C)CC(=O)O)C)CO)CO	3.92532825	""	COCONUT:(CNP0302075);Natural Products:(UNPD58251);SuperNatural:(SN00231255)	3178496
40	1	N/A	-267.5701032257013	C21H36O4	[M - H2O + H]+	OHNVMRBSEQNCQL	InChI=1S/C21H36O4/c1-4-13-9-18(24)19-16(13)10-20(2)7-5-15(14(11-22)12-23)17(20)6-8-21(19,3)25/h6,13-16,18-19,22-25H,4-5,7-12H2,1-3H3	null	CCC1CC(C2C1CC3(CCC(C3=CCC2(C)O)C(CO)CO)C)O	2.9645319	""	COCONUT:(CNP0154200)	2097152
41	1	N/A	-267.9271713926437	C21H36O4	[M - H2O + H]+	LGSIUDXMEDKEPY	InChI=1S/C21H36O4/c1-3-4-5-6-7-8-9-10-18(22)16-19(23)13-11-17-12-14-20(24)21(15-17)25-2/h12,14-15,18-19,22-24H,3-11,13,16H2,1-2H3	1-(4-hydroxy-3-methoxyphenyl)tetradecane-3,5-diol	CCCCCCCCCC(CC(CCC1=CC(=C(C=C1)O)OC)O)O	5.85766459	5317590;101572265	COCONUT:(CNP0294205);KNApSAcK:(35442);Natural Products:(UNPD27967);PubChem:(5317590 101572265);SuperNatural:(SN00166269 SN00162331 SN00162141);KEGG Mine	8593113106
42	1	N/A	-271.7991167506025	C21H36O4	[M - H2O + H]+	XDEIQLBKJYQLEG	InChI=1S/C21H36O4/c1-3-4-5-6-7-8-9-10-18(22)16-19(23)13-11-17-12-14-21(25-2)20(24)15-17/h12,14-15,18-19,22-24H,3-11,13,16H2,1-2H3	null	CCCCCCCCCC(CC(CCC1=CC(=C(C=C1)OC)O)O)O	5.85766459	""	COCONUT:(CNP0264598);Natural Products:(UNPD17987)	2129920
43	1	N/A	-272.67583603863295	C21H36O4	[M - H2O + H]+	LXNOXMXZWPALFI	InChI=1S/C21H36O4/c1-6-10-11-17(7-2)12-16(5)14-21(9-4)15-18(8-3)19(24-25-21)13-20(22)23/h10-11,15-17,19H,6-9,12-14H2,1-5H3,(H,22,23)	2-[(3R,6S)-4,6-diethyl-6-[(E,2R,4R)-4-ethyl-2-methyloct-5-enyl]-3H-1,2-dioxin-3-yl]acetic acid	CCC=CC(CC)CC(C)CC1(C=C(C(OO1)CC(=O)O)CC)CC	5.30000019	11210363;10383393;72752198;122397462;122409176	COCONUT:(CNP0317642);Natural Products:(UNPD7762);PubChem:(11210363 10383393 72752198 122397462 122409176)	2129922
44	1	N/A	-281.7918376276678	C21H36O4	[M - H2O + H]+	VTXPISKEMQUXGD	InChI=1S/C21H36O4/c1-14-13-17(23)18-20(2,3)10-6-11-21(18,4)16(14)8-7-15(9-12-22)19(24)25-5/h13,15-18,22-23H,6-12H2,1-5H3	null	CC1=CC(C2C(CCCC2(C1CCC(CCO)C(=O)OC)C)(C)C)O	4.18862915	""	COCONUT:(CNP0166856);Natural Products:(UNPD43879)	2129920
45	1	N/A	-282.8005757153574	C21H36O4	[M - H2O + H]+	QTIPTWPLMFIHPM	InChI=1S/C21H36O4/c1-6-10-11-17(7-2)12-16(5)14-21(9-4)15-18(8-3)19(24-25-21)13-20(22)23/h10-11,14,17-19H,6-9,12-13,15H2,1-5H3,(H,22,23)	7Z-Plakortide H	CCC=CC(CC)CC(=CC1(CC(C(OO1)CC(=O)O)CC)CC)C	5.80000019	404621;5472712;10760481;21778378;90985178;101070281;100927177	COCONUT:(CNP0136940);Natural Products:(UNPD195339);PubChem:(404621 5472712 10760481 21778378 90985178 101070281 100927177);SuperNatural:(SN00397482)	3178498
46	1	N/A	-284.5884994477362	C21H36O4	[M - H2O + H]+	PTXPYBHMAVQSPJ	InChI=1S/C21H36O4/c1-14(13-18(23)25-6)12-17(22)21(5)15(2)9-11-19(3)16(21)8-7-10-20(19,4)24/h13,15-17,22,24H,7-12H2,1-6H3	null	CC1CCC2(C(C1(C)C(CC(=CC(=O)OC)C)O)CCCC2(C)O)C	4.5	102212886	COCONUT:(CNP0306148);Natural Products:(UNPD6330);PubChem:(102212886)	2129922
47	1	N/A	-284.94408300649314	C21H36O4	[M - H2O + H]+	GZPRASLJQIBVDP	InChI=1S/C21H36O4/c1-21(2,15-3-7-17(8-4-15)22-11-19-13-24-19)16-5-9-18(10-6-16)23-12-20-14-25-20/h15-20H,3-14H2,1-2H3	2,2''-[propane-2,2-diylbis(cyclohexane-4,1-diyloxymethylene)]dioxirane	CC(C)(C1CCC(CC1)OCC2CO2)C3CCC(CC3)OCC4CO4	3.5999999	114514;88988164;92855362;92855363;92855364;118371220	NORMAN:(NS00053858);PubChem class - safety and toxic;PubChem:(114514 88988164 92855362 92855363 92855364 118371220)	67371010
48	1	N/A	-287.3659059517518	C21H36O4	[M - H2O + H]+	LTMLMBIVMJERPN	InChI=1S/C21H36O4/c1-14(2)16(4)12-17(23)15(3)8-7-10-20(5)18(24-20)9-11-21(6)19(13-22)25-21/h8,14,17-19,22-23H,4,7,9-13H2,1-3,5-6H3	null	CC(C)C(=C)CC(C(=CCCC1(C(O1)CCC2(C(O2)CO)C)C)C)O	3.7550087	""	COCONUT:(CNP0156678);Natural Products:(UNPD65553);SuperNatural:(SN00224446)	3178496
49	1	N/A	-288.3549166341497	C21H36O4	[M - H2O + H]+	XOQOYSLEFSUUEO	InChI=1S/C21H36O4/c1-15(2)17(4)13-19(24)16(3)7-6-11-21(5)20(25-21)9-8-18(14-23)10-12-22/h10,16,20,22-23H,6-9,11-14H2,1-5H3	null	CC(CCCC1(C(O1)CCC(=CCO)CO)C)C(=O)CC(=C(C)C)C	3.91993308	""	COCONUT:(CNP0203225);Natural Products:(UNPD133648);SuperNatural:(SN00242588)	3178496
50	1	N/A	-289.19172404805255	C21H36O4	[M - H2O + H]+	LECHPDAMCTWYFO	InChI=1S/C21H36O4/c1-15(2)17(4)13-19(24)16(3)7-6-11-21(5)20(25-21)9-8-18(14-23)10-12-22/h10,15-16,20,22-23H,4,6-9,11-14H2,1-3,5H3	null	CC(C)C(=C)CC(=O)C(C)CCCC1(C(O1)CCC(=CCO)CO)C	3.4000001	101317821	COCONUT:(CNP0307891);KNApSAcK:(22155);Natural Products:(UNPD65405);PubChem:(101317821);SuperNatural:(SN00403751)	3178514
51	1	N/A	-290.7416329896882	C21H36O4	[M - H2O + H]+	XPCAEPWERCDOLA	InChI=1S/C21H36O4/c1-13(2)18(22)9-6-14(3)17-8-7-15(4)21(17)11-10-16(19(23)12-21)20(24)25-5/h10,13-15,17-19,22-23H,6-9,11-12H2,1-5H3	null	CC1CCC(C12CC=C(C(C2)O)C(=O)OC)C(C)CCC(C(C)C)O	4.49141407	""	COCONUT:(CNP0294803);Natural Products:(UNPD166160)	2129920
52	1	N/A	-293.67355394699285	C21H36O4	[M - H2O + H]+	GFGVUFXKCXIGEE	InChI=1S/C21H36O4/c1-15(2)17(4)13-19(23)16(3)7-6-11-21(5)20(24)9-8-18(10-12-22)14-25-21/h10,15-16,20,22,24H,4,6-9,11-14H2,1-3,5H3	null	CC(C)C(=C)CC(=O)C(C)CCCC1(C(CCC(=CCO)CO1)O)C	2.79999995	57300567;70514363;70621610	COCONUT:(CNP0150659);KNApSAcK:(22159);Natural Products:(UNPD167546);PubChem:(57300567 70514363 70621610);SuperNatural:(SN00391932);KEGG Mine	8593113106
53	1	N/A	-293.8514551349613	C21H36O4	[M - H2O + H]+	AVSPCYKDNIUSRR	InChI=1S/C21H36O4/c1-6-10-11-18(7-2)14-17(5)15-21(25,9-4)16-20(24,8-3)13-12-19(22)23/h10-13,15,18,24-25H,6-9,14,16H2,1-5H3,(H,22,23)	4,6-Dhmte-tdta	CCC=CC(CC)CC(=CC(CC)(CC(CC)(C=CC(=O)O)O)O)C	4.5999999	160363;6440929	COCONUT:(CNP0189676);Natural Products:(UNPD140257 UNPD151408);PubChem:(160363 6440929);SuperNatural:(SN00256819 SN00383180);MeSH:(160363 6440929);PubMed	3178566
54	1	N/A	-303.8478610035083	C21H36O4	[M - H2O + H]+	RGZQWWIRERFFQN	InChI=1S/C21H36O4/c1-15(2)17(4)13-19(23)16(3)7-6-11-21(5)20(24)9-8-18(10-12-22)14-25-21/h10,16-17,20,22,24H,1,6-9,11-14H2,2-5H3	null	CC(CCCC1(C(CCC(=CCO)CO1)O)C)C(=O)CC(C)C(=C)C	3.88457775	""	COCONUT:(CNP0123793);KNApSAcK:(22158);Natural Products:(UNPD129335);SuperNatural:(SN00329522)	3178512
55	1	N/A	-306.581886394366	C21H36O4	[M - H2O + H]+	SQSOIDXJDSZGJH	InChI=1S/C21H36O4/c1-14(11-19(22)24-6)7-9-20(4)15(2)8-10-21(5)16(3)12-17(25-23)13-18(20)21/h12,14-15,17-18,23H,7-11,13H2,1-6H3	null	CC1CCC2(C(C1(C)CCC(C)CC(=O)OC)CC(C=C2C)OO)C	5.15144396	""	COCONUT:(CNP0269634);Natural Products:(UNPD71471);SuperNatural:(SN00257387)	3178496
56	1	N/A	-316.7113499946962	C21H36O4	[M - H2O + H]+	OEUGMHUKLQIMAL	InChI=1S/C21H36O4/c1-12(2)14-8-7-13(3)17-15-11-21(5,23)16(24-6)9-10-20(4,22)19(25-15)18(14)17/h12,14-19,22-23H,3,7-11H2,1-2,4-6H3	sclerophytin F methyl ether	CC(C)C1CCC(=C)C2C1C3C(CCC(C(CC2O3)(C)O)OC)(C)O	2.79999995	21635655;46888486;101067703	COCONUT:(CNP0351416);Natural Products:(UNPD107307);PubChem:(21635655 46888486 101067703);SuperNatural:(SN00336671);PubMed	3178562
57	1	N/A	-316.7173693668649	C21H36O4	[M - H2O + H]+	CFWFJIRDZVFKJB	InChI=1S/C21H36O4/c1-15(2)17(4)13-19(23)16(3)7-6-11-21(5)20(24)9-8-18(10-12-22)14-25-21/h10,13,15-16,20,22,24H,6-9,11-12,14H2,1-5H3	Montanol	CC(C)C(=CC(=O)C(C)CCCC1(C(CCC(=CCO)CO1)O)C)C	2.9000001	573913;6267039;5370253;6439206;11953925;21679129;44379479;57198070;88807498	COCONUT:(CNP0358596);KNApSAcK:(3457);Natural Products:(UNPD108940);PubChem:(573913 6267039 5370253 6439206 11953925 21679129 44379479 57198070 88807498);SuperNatural:(SN00298219);CHEBI:(6991);MeSH:(11953925);KEGG:(C09137);PubMed	3178870
58	1	N/A	-326.6355585670928	C21H36O4	[M - H2O + H]+	KOMLQPBMYPUDGX	InChI=1S/C21H36O4/c1-14(10-13-25-6)8-9-15-20(4)12-7-11-19(2,3)17(20)16(22)18(23)21(15,5)24/h8-10,15-18,22-24H,7,11-13H2,1-6H3	(1R,2S,3S,4R,4aS)-4-[(1E,3E)-5-methoxy-3-methylpenta-1,3-dienyl]-3,4a,8,8-tetramethyl-2,4,5,6,7,8a-hexahydro-1H-naphthalene-1,2,3-triol	CC(=CCOC)C=CC1C2(CCCC(C2C(C(C1(C)O)O)O)(C)C)C	3.5	11394045;11405484;21589505;21589506	COCONUT:(CNP0349198);KNApSAcK:(45082);Natural Products:(UNPD143817 UNPD45372);PubChem:(11394045 11405484 21589505 21589506);SuperNatural:(SN00267497 SN00256419);CHEBI:(131837)	3178546
59	1	N/A	-335.25802924202884	C21H36O4	[M - H2O + H]+	MDVKJBFHLSNOIH	InChI=1S/C21H36O4/c1-14(12-17(23)25-6)8-9-16-20(4)11-7-10-19(2,3)18(20)15(22)13-21(16,5)24/h12,15-16,18,22,24H,7-11,13H2,1-6H3	null	CC(=CC(=O)OC)CCC1C2(CCCC(C2C(CC1(C)O)O)(C)C)C	4.34095669	""	COCONUT:(CNP0289884);Natural Products:(UNPD176265);SuperNatural:(SN00279304)	3178496
60	1	N/A	-335.97620563326774	C21H36O4	[M - H2O + H]+	UNBMQQNYLCPCHS	InChI=1S/C21H36O4/c1-8-13(4)18(22)16(7)19(23)14(5)10-12(3)11-15(6)20-17(9-2)21(24)25-20/h10,13-18,20,22H,8-9,11H2,1-7H3	Ebelactone	CCC1C(OC1=O)C(C)CC(=CC(C)C(=O)C(C)C(C(C)CC)O)C	5.0	3193;100128;5819825;6436821;10089384;59340434;73707410;88564578;90983110;124525012;124540701;125183436;125183437;124823362;124823363;131705027;139032033	SuperNatural:(SN00020460);ZINC bio:(ZINC13531906);MeSH:(3193 5819825 6436821);PubMed;COCONUT:(CNP0229235);KNApSAcK:(18476);Natural Products:(UNPD103549);PubChem:(3193 100128 5819825 6436821 10089384 59340434 73707410 88564578 90983110 124525012 124540701 125183436 125183437 124823362 124823363 131705027 139032033);CHEBI:(94693);PubChem class - safety and toxic;Training Set;Biocyc:(CPD-8226)	70314102
61	1	N/A	-336.24258007210943	C21H36O4	[M - H2O + H]+	XDMBDIBUEQTDBG	InChI=1S/C21H36O4/c1-6-8-10-19(22)24-14-21(15-25-20(23)11-9-7-2)17(4)12-16(3)13-18(21)5/h12,17-18H,6-11,13-15H2,1-5H3	[2,4,6-trimethyl-1-(pentanoyloxymethyl)cyclohex-3-en-1-yl]methyl pentanoate	CCCCC(=O)OCC1(C(CC(=CC1C)C)C)COC(=O)CCCC	5.0999999	3770992;7074970;7074971;7074972;7074973	COCONUT:(CNP0334575);PubChem:(3770992 7074970 7074971 7074972 7074973);SuperNatural:(SN00066396 SN00066395 SN00066397 SN00066398);ZINC bio:(ZINC04023594 ZINC04023595 ZINC04023596 ZINC04023597)	3153922
62	1	N/A	-338.56923057555116	C21H36O4	[M - H2O + H]+	GOCXWVDTBKRQRK	InChI=1S/C21H36O4/c1-14-17(23)11-21(3)16(12-22)6-5-7-18(21)20(14,2)9-8-15-10-19(24-4)25-13-15/h6,14-15,17-19,22-23H,5,7-13H2,1-4H3	null	CC1C(CC2(C(C1(C)CCC3CC(OC3)OC)CCC=C2CO)C)O	3.29999995	23643349	COCONUT:(CNP0363826);Natural Products:(UNPD171781);PubChem:(23643349);SuperNatural:(SN00370367)	3178498
63	1	N/A	-340.0161603258403	C21H36O4	[M - H2O + H]+	FECFLNMGJZPFNI	InChI=1S/C21H36O4/c1-15-7-10-21(14-23)17(12-22)5-4-6-18(21)20(15,2)9-8-16-11-19(24-3)25-13-16/h5,15-16,18-19,22-23H,4,6-14H2,1-3H3	null	CC1CCC2(C(C1(C)CCC3CC(OC3)OC)CCC=C2CO)CO	3.72806573	""	COCONUT:(CNP0138899);Natural Products:(UNPD193233);SuperNatural:(SN00232822)	3178496
64	1	N/A	-360.508949426593	C21H36O4	[M - H2O + H]+	CZBZIFYYQJXPKZ	InChI=1S/C21H36O4/c1-15(2)17(4)13-19(23)16(3)7-6-11-21(5)20(24)9-8-18(10-12-22)14-25-21/h7,10,15,17,20,22,24H,6,8-9,11-14H2,1-5H3	Monatanol	CC(C)C(C)CC(=O)C(=CCCC1(C(CCC(=CCO)CO1)O)C)C	2.5999999	6439020	MeSH:(6439020);PubChem:(6439020);PubMed	70
65	1	N/A	-362.3194766122297	C21H36O4	[M - H2O + H]+	RJTQRENDRIOHRF	InChI=1S/C21H36O4/c1-15(13-18(23)24)7-8-17-20(4)11-6-10-19(2,3)16(20)9-12-21(17,5)25-14-22/h14-17H,6-13H2,1-5H3,(H,23,24)	(3S)-5-[(1R,2R,4aR,8aS)-2-formyloxy-2,5,5,8a-tetramethyl-3,4,4a,6,7,8-hexahydro-1H-naphthalen-1-yl]-3-methylpentanoate	CC(CCC1C2(CCCC(C2CCC1(C)OC=O)(C)C)C)CC(=O)O	5.80000019	2755047;7057235;7057236;7057237;7057238	COCONUT:(CNP0041037);PubChem:(2755047 7057235 7057236 7057237 7057238);SuperNatural:(SN00127621 SN00127620);ZINC bio:(ZINC03851378 ZINC03851380)	3153922
66	1	N/A	-366.2192240401201	C21H36O4	[M - H2O + H]+	HEUDUECKTWTQQR	InChI=1S/C21H36O4/c1-20(2,3)17-21(4,5)18-7-9-19(10-8-18)25-16-15-24-14-13-23-12-11-22-6/h7-10H,11-17H2,1-6H3	1-[4-(2,4,4-trimethylpentan-2-yl)phenyl]-1,4,7,10-tetraoxaundecane	CC(C)(C)CC(C)(C)C1=CC=C(C=C1)OCCOCCOCCOC	4.9000001	446308	COCONUT:(CNP0171023);PubChem:(446308);PubMed;PubChem class - bio and metabolites	18874434
67	1	N/A	-407.06693765459204	C21H36O4	[M - H2O + H]+	PUAPJGQBSUWLAY	InChI=1S/C21H36O4/c1-16-8-7-10-20(5,24)12-13-21(25-6,19(3,4)23)11-9-17(2)15-18(22)14-16/h8,12-13,17,23-24H,7,9-11,14-15H2,1-6H3	null	CC1CCC(C=CC(CCC=C(CC(=O)C1)C)(C)O)(C(C)(C)O)OC	2.20000005	24899404	COCONUT:(CNP0149376);KNApSAcK:(39291);Natural Products:(UNPD21868);PubChem:(24899404);SuperNatural:(SN00404709);PubMed	3178578
1	1	N/A	-73.2937513038187	C21H34O3	[M + H]+	CYKYBWRSLLXBOW	InChI=1S/C21H34O3/c1-20-9-7-14(23)11-13(20)3-4-15-16-5-6-18(19(24)12-22)21(16,2)10-8-17(15)20/h13-18,22-23H,3-12H2,1-2H3	5alpha-THDOC	CC12CCC(CC1CCC3C2CCC4(C3CCC4C(=O)CO)C)O	4.19999981	91475;101771;270840;6603966;9974162;10125848;11877475;11957655;16760023;46781332;53746844;53746845;53746846;66755702;69091257;68491328;71752434;71316271;87228943;91512239;121357602;123459355;124896180;124907285;124907286;124185391;124303719;124303720;124352509;124363228;129162686;130253640;130253643;130318247;133126629;131705613;131706103;133550464;133688151;134688032;134688924;131884030	HMDB:(879);SuperNatural:(SN00155410 SN00395091 SN00322438);ZINC bio:(ZINC04104859 ZINC04654893 ZINC04995487 ZINC04995489 ZINC04995490 ZINC04995491 ZINC06067663 ZINC06067794);additional;MeSH:(91475 101771 270840 9974162);PubMed;NORMAN:(NS00043318);COCONUT:(CNP0139196);Natural Products:(UNPD42051 UNPD136594 UNPD173360 UNPD189859);PubChem:(91475 101771 270840 6603966 9974162 10125848 11877475 11957655 16760023 46781332 53746844 53746845 53746846 66755702 69091257 68491328 71752434 71316271 87228943 91512239 121357602 123459355 124896180 124907285 124907286 124185391 124303719 124303720 124352509 124363228 129162686 130253640 130253643 130318247 133126629 131705613 131706103 133550464 133688151 134688032 134688924 131884030);CHEBI:(34461);PubChem class - bio and metabolites;KEGG:(C13713);Training Set	20767086
2	1	N/A	-73.55855121744175	C21H34O3	[M + H]+	OMIRDMKISVBCGX	InChI=1S/C21H34O3/c1-20-9-7-15(22)11-13(20)3-5-16-17-6-4-14(12-19(23)24)21(17,2)10-8-18(16)20/h13-18,22H,3-12H2,1-2H3,(H,23,24)	2-(3-hydroxy-10,13-dimethyl-2,3,4,5,6,7,8,9,11,12,14,15,16,17-tetradecahydro-1H-cyclopenta[a]phenanthren-17-yl)acetic acid	CC12CCC(CC1CCC3C2CCC4(C3CCC4CC(=O)O)C)O	5.0999999	4065913;11877510;11877511	COCONUT:(CNP0075296 CNP0346135);PubChem:(4065913 11877510 11877511);SuperNatural:(SN00155435);ZINC bio:(ZINC04104892)	3153922
3	1	N/A	-76.09181356769282	C21H34O3	[M + H]+	QIVOTMOKECOCJC	InChI=1S/C21H34O3/c1-12(22)16-6-7-17-15-5-4-13-10-14(23)8-9-20(13,2)18(15)11-19(24)21(16,17)3/h13-19,23-24H,4-11H2,1-3H3	Spectrum_000468	CC(=O)C1CCC2C1(C(CC3C2CCC4C3(CCC(C4)O)C)O)C	3.5	246205;4309017;6708589;23239841;59006289;67654870;71600245;71717424;89960159;99568031;99568032;99568033;125028671;125028672;125028673;124303773	COCONUT:(CNP0230207);PubChem:(246205 4309017 6708589 23239841 59006289 67654870 71600245 71717424 89960159 99568031 99568032 99568033 125028671 125028672 125028673 124303773);SuperNatural:(SN00006453 SN00006451 SN00006452 SN00215104 SN00006454);CHEBI:(79892);ZINC bio:(ZINC03978389 ZINC03978390 ZINC03978391 ZINC03978392);KEGG:(C15391);PubMed	3154274
4	1	N/A	-83.99747492798687	C21H34O3	[M + H]+	LKQDFQLSEHWIRK	InChI=1S/C21H34O3/c1-13(22)21(24)11-8-18-16-5-4-14-12-15(23)6-9-19(14,2)17(16)7-10-20(18,21)3/h14-18,23-24H,4-12H2,1-3H3	17-OH-Polone	CC(=O)C1(CCC2C1(CCC3C2CCC4C3(CCC(C4)O)C)C)O	3.70000005	536976;1550987;101773;111243;162411;228495;3032331;7093538;11896023;11896024;11896025;11896026;10472088;20056455;22212685;24212168;24843115;45043982;44263761;54038445;57394494;69603555;69603563;72188178;91692034;91736664;124514940;124775829;124911272;124915904;124915905;124915906;124363164;131704894;137946872	SuperNatural:(SN00072607 SN00402421 SN00346302 SN00258554 SN00310167 SN00247547 SN00301917 SN00277079);ZINC bio:(ZINC04083561 ZINC04655224 ZINC04655225 ZINC04655226 ZINC04655227);additional;MeSH:(162411 22212685);PubMed;NORMAN:(NS00042409);COCONUT:(CNP0156937);Natural Products:(UNPD99516 UNPD196360 UNPD87249 UNPD3257 UNPD32093 UNPD146909 UNPD28668 UNPD33781 UNPD109198);PubChem:(536976 1550987 101773 111243 162411 228495 3032331 7093538 11896023 11896024 11896025 11896026 10472088 20056455 22212685 24212168 24843115 45043982 44263761 54038445 57394494 69603555 69603563 72188178 91692034 91736664 124514940 124775829 124911272 124915904 124915905 124915906 124363164 131704894 137946872);CHEBI:(34353);KEGG:(C14609);PubChem class - safety and toxic;Training Set	71098726
5	1	N/A	-85.2292376077965	C21H34O3	[M + H]+	HHUZGDMRRLQZIQ	InChI=1S/C21H34O3/c1-12(22)15-4-5-16-14-11-19(24)18-10-13(23)6-8-21(18,3)17(14)7-9-20(15,16)2/h13-19,23-24H,4-11H2,1-3H3	diolone	CC(=O)C1CCC2C1(CCC3C2CC(C4C3(CCC(C4)O)C)O)C	3.5	537137;101774;226023;11035016;16627168;23239839;45043976;45043988;53878045;53878046;57392765;91691456;96844011;96844012;125034118;125034119;125034120;125034121;125034122;125034123;125034124;125034125;124918884;124918885;124303886;124425120	SuperNatural:(SN00331255 SN00295268 SN00329875 SN00287434 SN00352862 SN00303701 SN00322880);ZINC bio:(ZINC04577266 ZINC04577273 ZINC04577275 ZINC04577277 ZINC04721066);additional;MeSH:(101774);PubMed;NORMAN:(NS00042410);COCONUT:(CNP0271111);Natural Products:(UNPD35098 UNPD124427 UNPD70220 UNPD167121 UNPD193893 UNPD190217 UNPD195792);PubChem:(537137 101774 226023 11035016 16627168 23239839 45043976 45043988 53878045 53878046 57392765 91691456 96844011 96844012 125034118 125034119 125034120 125034121 125034122 125034123 125034124 125034125 124918884 124918885 124303886 124425120);CHEBI:(34355);KEGG:(C14608);PubChem class - safety and toxic;Training Set	71098726
6	1	N/A	-86.26171853894414	C21H34O3	[M + H]+	OFWWSHNAQHDEIN	InChI=1S/C21H34O3/c1-12(22)16-6-7-17-15-5-4-13-10-14(23)8-9-20(13,2)19(15)18(24)11-21(16,17)3/h12-17,19,22-23H,4-11H2,1-3H3	Oprea1_440197	CC(C1CCC2C1(CC(=O)C3C2CCC4C3(CCC(C4)O)C)C)O	3.5999999	1755724;1755725;1755726;1755727;193426;256279;927640;11872070;11872071;11872072;16395158;21126087;21139876;24074490;24982155;53316339;73758573;93233489;96867968;96867969;99643768;117066066;117066256;125035218;125035219;125035220;125035221;125035222;125035223;125035224;125035225;124918362;124918363;124918364;124918365	COCONUT:(CNP0143879);Natural Products:(UNPD8319 UNPD123064 UNPD102965 UNPD137484 UNPD178585);PubChem:(1755724 1755725 1755726 1755727 193426 256279 927640 11872070 11872071 11872072 16395158 21126087 21139876 24074490 24982155 53316339 73758573 93233489 96867968 96867969 99643768 117066066 117066256 125035218 125035219 125035220 125035221 125035222 125035223 125035224 125035225 124918362 124918363 124918364 124918365);SuperNatural:(SN00066317 SN00066316 SN00066318 SN00066315 SN00331496 SN00360882 SN00380461 SN00324778);ZINC bio:(ZINC04023395 ZINC04023396 ZINC04023397 ZINC04023398);additional;MeSH:(193426);Training Set;PubMed;KEGG Mine	8593662022
7	1	N/A	-87.87797614606245	C21H34O3	[M + H]+	OFBXXYNZIIKOOC	InChI=1S/C21H34O3/c1-13(23)17-5-6-18-16-4-3-14-11-15(24)7-10-21(14,12-22)19(16)8-9-20(17,18)2/h14-19,22,24H,3-12H2,1-2H3	null	CC(=O)C1CCC2C1(CCC3C2CCC4C3(CCC(C4)O)CO)C	3.5999999	90347086;130184573	COCONUT:(CNP0312599);Natural Products:(UNPD7091);PubChem:(90347086 130184573);SuperNatural:(SN00252939);KEGG Mine	8593113090
8	1	N/A	-93.91642332585653	C21H34O3	[M + H]+	HPSZQGQRLMRJLO	InChI=1S/C21H34O3/c1-13(22)24-19-7-6-17-16-5-4-14-12-15(23)8-10-20(14,2)18(16)9-11-21(17,19)3/h14-19,23H,4-12H2,1-3H3	null	CC(=O)OC1CCC2C1(CCC3C2CCC4C3(CCC(C4)O)C)C	4.57549763	11186683;10337000;57313643;59006273;90470868;101660051	COCONUT:(CNP0279553);Natural Products:(UNPD149911 UNPD71240 UNPD174983);PubChem:(11186683 10337000 57313643 59006273 90470868 101660051);SuperNatural:(SN00308111 SN00284066 SN00267264);KEGG Mine	8593113090
9	1	N/A	-94.4358717720003	C21H34O3	[M + H]+	GPIKMRAKYWCVGO	InChI=1S/C21H34O3/c1-12(22)15-4-5-16-14-11-19(24)18-10-13(23)6-8-21(18,3)17(14)7-9-20(15,16)2/h12-18,22-23H,4-11H2,1-3H3	3-hydroxy-17-(1-hydroxyethyl)-10,13-dimethyl-1,2,3,4,5,7,8,9,11,12,14,15,16,17-tetradecahydrocyclopenta[a]phenanthren-6-one	CC(C1CCC2C1(CCC3C2CC(=O)C4C3(CCC(C4)O)C)C)O	3.5999999	4307344;11877488;11877489;11877490;11877491;28434771;129448906;129448907;129448908;129683936;133550472	COCONUT:(CNP0346114);PubChem:(4307344 11877488 11877489 11877490 11877491 28434771 129448906 129448907 129448908 129683936 133550472);SuperNatural:(SN00155420 SN00155645 SN00155646 SN00155419);ZINC bio:(ZINC04104871 ZINC04104872 ZINC36020320 ZINC36020321)	3153922
10	1	N/A	-95.23875985202605	C21H34O3	[M + H]+	NFVCQZNBRFPYOP	InChI=1S/C21H34O3/c1-12(22)16-6-7-17-15-5-4-13-10-14(23)8-9-20(13,2)19(15)18(24)11-21(16,17)3/h13-19,23-24H,4-11H2,1-3H3	Pregnan-3,11-diol-20-one	CC(=O)C1CCC2C1(CC(C3C2CCC4C3(CCC(C4)O)C)O)C	3.5	536951;101787;10125849;11645699;11493722;16118705;16118708;22212669;22212670;22212671;22212672;22212673;45043978;45044615;50990117;58857080;71101970;71111552;77847230;77847314;91691663;125028089;125028090;125028091;125028092;125035045;125035046;125035047;125035048;123433520;124936118;124936119;124304414;124404150;134688475;134688620;134424957;134445746	PubChem class - safety and toxic;PubChem:(536951 101787 10125849 11645699 11493722 16118705 16118708 22212669 22212670 22212671 22212672 22212673 45043978 45044615 50990117 58857080 71101970 71111552 77847230 77847314 91691663 125028089 125028090 125028091 125028092 125035045 125035046 125035047 125035048 123433520 124936118 124936119 124304414 124404150 134688475 134688620 134424957 134445746);PubMed;KEGG Mine	8657043522
11	1	N/A	-97.61768277381003	C21H34O3	[M + H]+	MPTVBUPVUGSWNS	InChI=1S/C21H34O3/c1-13(22)21(24)11-8-18-16-5-4-14-12-15(23)6-9-19(14,2)17(16)7-10-20(18,21)3/h13-14,16-18,22,24H,4-12H2,1-3H3	17,20alpha-P-5beta	CC(C1(CCC2C1(CCC3C2CCC4C3(CCC(=O)C4)C)C)O)O	3.66699553	6453679;20841835;71438726;101200949	MeSH:(6453679);PubChem:(6453679 20841835 71438726 101200949);PubMed;KEGG Mine	8589934662
12	1	N/A	-99.75439488605278	C21H34O3	[M + H]+	DOPNAZPVNCZMLH	InChI=1S/C21H34O3/c1-12(22)14-6-7-15-13-4-5-17-19(24)18(23)9-11-21(17,3)16(13)8-10-20(14,15)2/h13-19,23-24H,4-11H2,1-3H3	null	CC(=O)C1CCC2C1(CCC3C2CCC4C3(CCC(C4O)O)C)C	3.70000005	132917377	COCONUT:(CNP0128067);Natural Products:(UNPD211348 UNPD32120);PubChem:(132917377);SuperNatural:(SN00355520);KEGG Mine	8593113090
13	1	N/A	-101.53589299181422	C21H34O3	[M + H]+	GGRVPLDBVRRQSR	InChI=1S/C21H34O3/c1-19-11-13(12-22)18(23)10-14(19)4-5-15-16(19)6-8-20(2)17(15)7-9-21(20,3)24/h13-17,22,24H,4-12H2,1-3H3	2-alpha-Hydroxymethyl-17-alpha-methyl-17-beta-hydroxyandrostan-3-one	CC12CCC3C(C1CCC2(C)O)CCC4C3(CC(C(=O)C4)CO)C	3.9000001	30196;4305372;14312725;23619649;24833708;99573916;99573917;97298552;97298553;139050866	COCONUT:(CNP0289973);KEGG:(C15137);PubChem:(30196 4305372 14312725 23619649 24833708 99573916 99573917 97298552 97298553 139050866);SuperNatural:(SN00214888);CHEBI:(79655)	3146018
14	1	N/A	-103.72522095937359	C21H34O3	[M + H]+	FGDFFHLIMDMCJI	InChI=1S/C21H34O3/c1-12(22)19-18(24)11-17-15-5-4-13-10-14(23)6-8-20(13,2)16(15)7-9-21(17,19)3/h13-19,23-24H,4-11H2,1-3H3	5beta-Pregnane-3alpha,16alpha-diol-20-one	CC(=O)C1C(CC2C1(CCC3C2CCC4C3(CCC(C4)O)C)C)O	4.30000019	4097385;12315458;12315459;23384290;45043980;69538871;71620660;99600272;125027808;125027809;125027810;125027811	COCONUT:(CNP0172159);HMDB:(29583);Natural Products:(UNPD60644 UNPD49945 UNPD174287 UNPD126048 UNPD142961 UNPD26807 UNPD33581 UNPD55417 UNPD131419);PubChem:(4097385 12315458 12315459 23384290 45043980 69538871 71620660 99600272 125027808 125027809 125027810 125027811);SuperNatural:(SN00355948 SN00399349 SN00256300 SN00233876 SN00314465 SN00325919 SN00332846 SN00319867);PubChem class - bio and metabolites;KEGG Mine	8609890314
15	1	N/A	-110.48850857319567	C21H34O3	[M + H]+	QPNLPESJLAHENE	InChI=1S/C21H34O3/c1-12(22)19-18(24)11-17-15-5-4-13-10-14(23)6-8-20(13,2)16(15)7-9-21(17,19)3/h12-17,19,22-23H,4-11H2,1-3H3	(3S,5S,8R,9S,10S,13S,14S,17S)-3-hydroxy-17-[(1S)-1-hydroxyethyl]-10,13-dimethyl-1,2,3,4,5,6,7,8,9,11,12,14,15,17-tetradecahydrocyclopenta[a]phenanthren-16-one	CC(C1C(=O)CC2C1(CCC3C2CCC4C3(CCC(C4)O)C)C)O	4.30000019	21626486;21626487	COCONUT:(CNP0235033);Natural Products:(UNPD24527 UNPD36928 UNPD108340);PubChem:(21626486 21626487);SuperNatural:(SN00395059 SN00239344 SN00260501)	3178498
16	1	N/A	-112.61743378852026	C21H34O3	[M + H]+	QQVGVJQPAJHUGT	InChI=1S/C21H34O3/c1-12(22)17-11-18(24)19-15-5-4-13-10-14(23)6-8-20(13,2)16(15)7-9-21(17,19)3/h13-19,23-24H,4-11H2,1-3H3	null	CC(=O)C1CC(C2C1(CCC3C2CCC4C3(CCC(C4)O)C)C)O	3.70000005	129669653	COCONUT:(CNP0275828);Natural Products:(UNPD190929 UNPD61598 UNPD30234 UNPD55099 UNPD148429);PubChem:(129669653);SuperNatural:(SN00341125 SN00316465 SN00237891 SN00380802 SN00292988);KEGG Mine	8593113090
17	1	N/A	-123.86800996502461	C21H34O3	[M + H]+	LXJUYLCCZZZHNK	InChI=1S/C21H34O3/c1-19-9-6-14(22)12-13(19)4-5-15-16(19)7-10-20(2)17(15)8-11-21(3,24)18(20)23/h13-17,22,24H,4-12H2,1-3H3	null	CC12CCC(CC1CCC3C2CCC4(C3CCC(C4=O)(C)O)C)O	4.24214602	""	COCONUT:(CNP0140319);Natural Products:(UNPD191558);SuperNatural:(SN00231590)	3178496
18	1	N/A	-133.36472889387727	C21H34O3	[M + H]+	QYIZGTJBQCOHKV	InChI=1S/C21H34O3/c1-19-10-8-14(22)12-13(19)4-5-15-16(19)9-11-20(2)17(15)6-7-18(23)21(20,3)24/h13-17,22,24H,4-12H2,1-3H3	null	CC12CCC(CC1CCC3C2CCC4(C3CCC(=O)C4(C)O)C)O	3.95457077	""	COCONUT:(CNP0219605);Natural Products:(UNPD123103 UNPD87193)	2129920
19	1	N/A	-136.5928246741765	C21H34O3	[M + H]+	MENYRVLDWKVWLK	InChI=1S/C21H34O3/c1-13(22)24-15-8-10-20(2)14(12-15)4-5-16-17-6-7-19(23)21(17,3)11-9-18(16)20/h14-19,23H,4-12H2,1-3H3	17-hydroxyandrostan-3-yl acetate	CC(=O)OC1CCC2(C(C1)CCC3C2CCC4(C3CCC4O)C)C	4.57549763	3801942;12186890;10871368;10314857;11871540;11871541;11871542;11871543;124897454;124897455;124897456;124897457;129889572;133655454;134688445	COCONUT:(CNP0258641);Natural Products:(UNPD30121 UNPD53820 UNPD145220 UNPD158189 UNPD13601);PubChem:(3801942 12186890 10871368 10314857 11871540 11871541 11871542 11871543 124897454 124897455 124897456 124897457 129889572 133655454 134688445);SuperNatural:(SN00327382 SN00372024 SN00334411 SN00279249 SN00404502);ZINC bio:(ZINC04015061 ZINC04015062 ZINC04015063 ZINC04015065 ZINC14421364 ZINC14421367 ZINC14421370 ZINC14421372);KEGG Mine	8593121282
20	1	N/A	-137.46929770289597	C21H34O3	[M + H]+	RFTIRMPAYWBDKJ	InChI=1S/C21H34O3/c1-4-14-17(22)10-16-13-6-5-12-9-18(23)19(24)11-21(12,3)15(13)7-8-20(14,16)2/h12-16,18-19,23-24H,4-11H2,1-3H3	(2R,3R,5S,8R,9S,10S,13S,14S,17R)-17-ethyl-2,3-dihydroxy-10,13-dimethyl-1,2,3,4,5,6,7,8,9,11,12,14,15,17-tetradecahydrocyclopenta[a]phenanthren-16-one	CCC1C(=O)CC2C1(CCC3C2CCC4C3(CC(C(C4)O)O)C)C	3.9000001	10782963;21634666;101712286;101713133	COCONUT:(CNP0270409);KNApSAcK:(39743);Natural Products:(UNPD143212 UNPD35681 UNPD215491);PubChem:(10782963 21634666 101712286 101713133);SuperNatural:(SN00326681 SN00232485)	3178514
21	1	N/A	-148.36321449157816	C21H34O3	[M + H]+	TXOICHCTMJMZFA	InChI=1S/C21H34O3/c1-20-9-8-17-15(16(20)6-7-19(20)23)5-4-14-10-18(22)13(12-24-3)11-21(14,17)2/h13-17,19,23H,4-12H2,1-3H3	17|A-hydroxy-2|A-(methoxymethyl)-5|A-androstan-3-one	CC12CCC3C(C1CCC2O)CCC4C3(CC(C(=O)C4)COC)C	3.75676727	243355;5112051;53470762;99575067;99575068;99575069;99575070	COCONUT:(CNP0341622);PubChem:(243355 5112051 53470762 99575067 99575068 99575069 99575070);SuperNatural:(SN00214750);CHEBI:(79502);KEGG:(C14978);PubMed	3146082
22	1	N/A	-149.57616004411045	C21H34O3	[M + H]+	KKKOTCYOROYVJG	InChI=1S/C21H34O3/c1-4-13-18(23)11-16-12-5-6-15-19(24)17(22)8-10-21(15,3)14(12)7-9-20(13,16)2/h12-17,19,22,24H,4-11H2,1-3H3	null	CCC1C(=O)CC2C1(CCC3C2CCC4C3(CCC(C4O)O)C)C	3.70000005	53243409;90915300;101241139	COCONUT:(CNP0232747);Natural Products:(UNPD213496 UNPD215560 UNPD135921);PubChem:(53243409 90915300 101241139);SuperNatural:(SN00258188);PubMed	3178562
23	1	N/A	-150.71729261815372	C21H34O3	[M + H]+	CADCSTMAPXTITJ	InChI=1S/C21H34O3/c1-3-4-5-6-7-8-9-10-11-12-13-14-15-16-17-19-20(22)18(2)24-21(19)23/h3,18-20,22H,1,4-9,12-17H2,2H3	null	CC1C(C(C(=O)O1)CCCCCCC#CCCCCCCC=C)O	6.5	38360762;38360767;45360108;51694022;51694023	COCONUT:(CNP0087215);Training Set;PubChem:(38360762 38360767 45360108 51694022 51694023);ZINC bio:(ZINC31167184 ZINC31167189 ZINC31167192 ZINC31167195 ZINC35464335 ZINC35464338)	2121730
24	1	N/A	-155.61875248009358	C21H34O3	[M + H]+	CIUZTBJZAMUYJU	InChI=1S/C21H34O3/c1-13(22)16-8-11-21(24)18-5-4-14-12-15(23)6-9-19(14,2)17(18)7-10-20(16,21)3/h14-18,23-24H,4-12H2,1-3H3	null	CC(=O)C1CCC2(C1(CCC3C2CCC4C3(CCC(C4)O)C)C)O	3.66699553	12310533;12310534;12310535;10427029;44302377;67915047;70047947;70469644;76331587	COCONUT:(CNP0190601);Natural Products:(UNPD161817 UNPD17539 UNPD32786 UNPD60511 UNPD121017 UNPD21889);PubChem:(12310533 12310534 12310535 10427029 44302377 67915047 70047947 70469644 76331587);SuperNatural:(SN00235218 SN00258470 SN00319792 SN00309922 SN00377853 SN00351466);PubMed;KEGG Mine	8593113154
25	1	N/A	-157.69593072641226	C21H34O3	[M + H]+	XGESKIWNDBIILZ	InChI=1S/C21H34O3/c1-3-4-5-6-7-8-9-10-11-12-13-14-16-19-20(24-19)17-15-18-21(22)23-2/h7-8,10-11,13-14,19-20H,3-6,9,12,15-18H2,1-2H3	(?5(6)-EET methyl ester	CCCCCC=CCC=CCC=CCC1C(O1)CCCC(=O)OC	5.80000019	13075006;13075008;35025279;35025284;35025290;35025298;57369971;53394283;101670189;101670568;125183488;125183489;125183490	COCONUT:(CNP0347223);Training Set;PubChem:(13075006 13075008 35025279 35025284 35025290 35025298 57369971 53394283 101670189 101670568 125183488 125183489 125183490);KEGG Mine;additional	8592572418
26	1	N/A	-158.05622579554418	C21H34O3	[M + H]+	JSZXWENPVDSORI	InChI=1S/C21H34O3/c1-13(22)21(24)11-10-19(2)14(12-21)4-5-15-16-6-7-18(23)20(16,3)9-8-17(15)19/h14-18,23-24H,4-12H2,1-3H3	1-(3,17-dihydroxy-10,13-dimethyl-1,2,4,5,6,7,8,9,11,12,14,15,16,17-tetradecahydrocyclopenta[a]phenanthren-3-yl)ethanone	CC(=O)C1(CCC2(C(C1)CCC3C2CCC4(C3CCC4O)C)C)O	3.81078315	2754122;3363758;11868726;11868727;11868728;11868729;92448724;124916698;124350864	COCONUT:(CNP0060564);PubChem:(2754122 3363758 11868726 11868727 11868728 11868729 92448724 124916698 124350864);SuperNatural:(SN00126820 SN00126822 SN00126821 SN00126823);ZINC bio:(ZINC03849731 ZINC03849734 ZINC03849735 ZINC03849738);KEGG Mine	8593088514
27	1	N/A	-158.56570344848592	C21H34O3	[M + H]+	PLEUIMUJHJRAMH	InChI=1S/C21H34O3/c1-13(22)24-16-6-9-21(3)14(10-16)4-5-17-18(21)7-8-20(2)12-15(23)11-19(17)20/h14-19,23H,4-12H2,1-3H3	null	CC(=O)OC1CCC2(C(C1)CCC3C2CCC4(C3CC(C4)O)C)C	4.57549763	""	COCONUT:(CNP0277380);Natural Products:(UNPD62263);SuperNatural:(SN00268688)	3178496
28	1	N/A	-164.7903643577982	C21H34O3	[M + H]+	XWQGXSOXZHQUNY	InChI=1S/C21H34O3/c1-3-5-7-11-16-17(22-16)13-9-10-14-19-21(24-19)15-20-18(23-20)12-8-6-4-2/h3,9-10,16-21H,1,4-8,11-15H2,2H3	2-[(Z)-4-(3-pent-4-enyloxiran-2-yl)but-2-enyl]-3-[(3-pentyloxiran-2-yl)methyl]oxirane	CCCCCC1C(O1)CC2C(O2)CC=CCC3C(O3)CCCC=C	5.19999981	15070787	COCONUT:(CNP0173077);Natural Products:(UNPD114609);PubChem:(15070787);SuperNatural:(SN00243572)	3178498
29	1	N/A	-168.2563185451071	C21H34O3	[M + H]+	DGNCIMCPMIGWCU	InChI=1S/C21H34O3/c1-20-9-7-13(12-19(23)24)11-14(20)3-4-15-16-5-6-18(22)21(16,2)10-8-17(15)20/h13-18,22H,3-12H2,1-2H3,(H,23,24)	(17-hydroxyandrostan-3-yl)acetic acid	CC12CCC(CC1CCC3C2CCC4(C3CCC4O)C)CC(=O)O	4.55406332	2754128;3937963;11868754;11868755;11868756;11868757;11868758;11868759;11868760;11868761;92448726;99566443;124767736;124767737;124916505;124350866	COCONUT:(CNP0062923);PubChem:(2754128 3937963 11868754 11868755 11868756 11868757 11868758 11868759 11868760 11868761 92448726 99566443 124767736 124767737 124916505 124350866);SuperNatural:(SN00126841 SN00126840 SN00126843 SN00126842);ZINC bio:(ZINC03849770 ZINC03849772 ZINC03849773 ZINC03849774)	3153922
30	1	N/A	-175.40293980823208	C21H34O3	[M + H]+	XNJOZXWLEFEFEX	InChI=1S/C21H34O3/c1-19-8-5-15(22)13-14(19)3-4-16-17(19)6-9-20(2)18(16)7-10-21(20)23-11-12-24-21/h14-18,22H,3-13H2,1-2H3	10,13-dimethylspiro[1,2,3,4,5,6,7,8,9,11,12,14,15,16-tetradecahydrocyclopenta[a]phenanthrene-17,2''-1,3-dioxolane]-3-ol	CC12CCC(CC1CCC3C2CCC4(C3CCC45OCCO5)C)O	4.18453789	2748133;12020913;10893009;11867813;11867814;11867815;11867816;11450468;45043582;58356546;58356628;68087519;90350221;89888780;99566196;99566197;125028442;124768884;124768885;124911977;124911978;124350816	COCONUT:(CNP0119607);PubChem:(2748133 12020913 10893009 11867813 11867814 11867815 11867816 11450468 45043582 58356546 58356628 68087519 90350221 89888780 99566196 99566197 125028442 124768884 124768885 124911977 124911978 124350816);SuperNatural:(SN00122521 SN00122520 SN00122518 SN00122519);ZINC bio:(ZINC03843682 ZINC03843683 ZINC03843684 ZINC03843685)	3153922
31	1	N/A	-180.3041911259951	C21H34O3	[M + H]+	LYFJGTIFFFMUCR	InChI=1S/C21H34O3/c1-18-10-6-15-19(2)8-5-9-20(3,17(23)24-4)14(19)7-11-21(15,13-18)12-16(18)22/h14-16,22H,5-13H2,1-4H3	Oprea1_065836	CC12CCC3C4(CCCC(C4CCC3(C1)CC2O)(C)C(=O)OC)C	5.0	536988;11877469;20975219;22212691;24097075;40491900;59284329;92230225;133550447	COCONUT:(CNP0346075);PubChem:(536988 11877469 20975219 22212691 24097075 40491900 59284329 92230225 133550447);PubMed;ZINC bio:(ZINC04104842 ZINC04731322)	2105410
32	1	N/A	-181.8784501632487	C21H34O3	[M + H]+	LSTVYVUFIRLHJM	InChI=1S/C21H34O3/c1-3-4-5-6-7-10-13-18-16-17-20(22)19(18)14-11-8-9-12-15-21(23)24-2/h14,16-18H,3-13,15H2,1-2H3	methyl (7E)-7-(2-octyl-5-oxocyclopent-3-en-1-ylidene)heptanoate	CCCCCCCCC1C=CC(=O)C1=CCCCCCC(=O)OC	6.69999981	9819074;9949566;11427626;56635890;59016863;69484757;101782552	MeSH:(9949566 59016863);PubChem:(9819074 9949566 11427626 56635890 59016863 69484757 101782552);PubMed	70
33	1	N/A	-182.40917175336656	C21H34O3	[M + H]+	IDVXZEYHACJTLP	InChI=1S/C21H34O3/c1-13(22)21(24)11-8-18-16-5-4-14-12-15(23)6-9-19(14,2)17(16)7-10-20(18,21)3/h4-5,13-18,22-24H,6-12H2,1-3H3	null	CC(C1(CCC2C1(CCC3C2C=CC4C3(CCC(C4)O)C)C)O)O	3.58922672	""	COCONUT:(CNP0368591);Natural Products:(UNPD82644);SuperNatural:(SN00289063)	3178496
34	1	N/A	-183.40903080281893	C21H34O3	[M + H]+	OZKZRNXTERFDEC	InChI=1S/C21H34O3/c1-24-21(23)19-17-15-13-11-9-7-5-3-2-4-6-8-10-12-14-16-18-20-22/h2,4-5,7-8,10-11,13,22H,3,6,9,12,14-20H2,1H3	methyl (5Z,8Z,11Z,14Z)-20,20-dideuterio-20-hydroxyicosa-5,8,11,14-tetraenoate	COC(=O)CCCC=CCC=CCC=CCC=CCCCCCO	5.0	11559104;10427028;54177485;89895640	PubChem:(11559104 10427028 54177485 89895640);CHEBI:(145032);KEGG Mine	8589934626
35	1	N/A	-184.29416863530935	C21H34O3	[M + H]+	XGUQCUDPXSTKLI	InChI=1S/C21H34O3/c1-13(22)21(24)11-8-18-16-5-4-14-12-15(23)6-9-19(14,2)17(16)7-10-20(18,21)3/h4,13,15-18,22-24H,5-12H2,1-3H3	delta 5-Pregnenetriol	CC(C1(CCC2C1(CCC3C2CC=C4C3(CCC(C4)O)C)C)O)O	3.70792747	625785;150863;15608631;21122965;57009837;71751760;71751761;71751762;91741170;99575722;99575723;124915002;124915003;124915004;124226333;124226334;124300477;124351406;124427160;129761242;131705634;131708141;134613195	COCONUT:(CNP0261140);Natural Products:(UNPD137383);PubChem:(625785 150863 15608631 21122965 57009837 71751760 71751761 71751762 91741170 99575722 99575723 124915002 124915003 124915004 124226333 124226334 124300477 124351406 124427160 129761242 131705634 131708141 134613195);SuperNatural:(SN00322946);ZINC bio:(ZINC06030285 ZINC13542544);additional;MeSH:(150863);Training Set;PubMed;KEGG Mine	8593662022
36	1	N/A	-185.22368977156313	C21H34O3	[M + H]+	FYVKKXPWOJKVKR	InChI=1S/C21H34O3/c1-19-9-10-21(23-11-12-24-21)13-14(19)3-4-15-16-5-6-18(22)20(16,2)8-7-17(15)19/h14-18,22H,3-13H2,1-2H3	Oprea1_032689	CC12CCC3(CC1CCC4C2CCC5(C4CCC5O)C)OCCO3	4.18453789	1274505;2748146;2825521;3862598;7052585;7052586;12836824;12836825;11867872;11867873;11867874;11867875;11890359;11890360;11890361;11890362;99565025;99565999;124767814;124784339;124897102;124916618;124350824;124420349	COCONUT:(CNP0061750);PubChem:(1274505 2748146 2825521 3862598 7052585 7052586 12836824 12836825 11867872 11867873 11867874 11867875 11890359 11890360 11890361 11890362 99565025 99565999 124767814 124784339 124897102 124916618 124350824 124420349);SuperNatural:(SN00135802 SN00135803 SN00135804 SN00135801);ZINC bio:(ZINC39737977 ZINC39737978 ZINC39737980 ZINC39737981)	3153922
37	1	N/A	-186.54812401873357	C21H34O3	[M + H]+	DZNQMARSUVZEMD	InChI=1S/C21H34O3/c1-19(13-22)8-4-9-20(2)16(19)7-10-21-11-14(5-6-17(20)21)15(12-21)18(23)24-3/h14-17,22H,4-13H2,1-3H3	null	CC1(CCCC2(C1CCC34C2CCC(C3)C(C4)C(=O)OC)C)CO	4.49936914	""	COCONUT:(CNP0140307);Natural Products:(UNPD191578 UNPD32644);SuperNatural:(SN00345087 SN00281585)	3178496
38	1	N/A	-188.48689629115054	C21H34O3	[M + H]+	DHUPCTVGLDZJCY	InChI=1S/C21H34O3/c1-3-4-5-6-10-13-16-19-20(24-19)17-14-11-8-7-9-12-15-18-21(22)23-2/h7,9-11,13-14,19-20H,3-6,8,12,15-18H2,1-2H3	(?11(12)-EET methyl ester	CCCCCC=CCC1C(O1)CC=CCC=CCCCC(=O)OC	5.69999981	35025329;35025334;35025339;35025344;53394285;71684442;101670191;101670194;122176762;125183158;125183159;125183160	COCONUT:(CNP0231787);Natural Products:(UNPD191919);PubChem:(35025329 35025334 35025339 35025344 53394285 71684442 101670191 101670194 122176762 125183158 125183159 125183160);SuperNatural:(SN00333971);KEGG Mine	8593113090
39	1	N/A	-195.6821840800862	C21H34O3	[M + H]+	DQWWMQBLEGWFHR	InChI=1S/C21H34O3/c1-2-3-4-5-6-7-8-9-10-11-12-13-14-15-17-20(22)18-16-19-21(23)24/h7-8,10-11,13-15,17,20,22H,2-6,9,12,16,18-19H2,1H3,(H,23,24)	null	CCCCCCC=CCC=CCC=CC=CC(CCCC(=O)O)O	5.87522173	""	COCONUT:(CNP0171413);Natural Products:(UNPD69860);SuperNatural:(SN00279413)	3178496
40	1	N/A	-196.84291930546237	C21H34O3	[M + H]+	XCGDFVUIBHDDNK	InChI=1S/C21H34O3/c1-12(22)15-4-5-16-14-11-19(24)18-10-13(23)6-8-21(18,3)17(14)7-9-20(15,16)2/h7,12-16,18-19,22-24H,4-6,8-11H2,1-3H3	Asterogenol	CC(C1CCC2C1(CC=C3C2CC(C4C3(CCC(C4)O)C)O)C)O	2.9000001	3086044;21775067;129681876;136059079	COCONUT:(CNP0252645);Natural Products:(UNPD158674 UNPD47686);PubChem:(3086044 21775067 129681876 136059079);SuperNatural:(SN00344777 SN00289677);MeSH:(3086044);PubMed	3178566
41	1	N/A	-198.17486517913838	C21H34O3	[M + H]+	BBYKCTWGEWBSOL	InChI=1S/C21H34O3/c1-12(22)19-18(24)11-17-15-5-4-13-10-14(23)6-8-20(13,2)16(15)7-9-21(17,19)3/h4,12,14-19,22-24H,5-11H2,1-3H3	17-(1-hydroxyethyl)-10,13-dimethyl-2,3,4,7,8,9,11,12,14,15,16,17-dodecahydro-1H-cyclopenta[a]phenanthrene-3,16-diol	CC(C1C(CC2C1(CCC3C2CC=C4C3(CCC(C4)O)C)C)O)O	3.79999995	5069541;15919838;45043908;99600235;99600237;97987981;102093793;125027714;125027715;125027716;125027717;129684251;129882574	COCONUT:(CNP0236014);Natural Products:(UNPD103231);PubChem:(5069541 15919838 45043908 99600235 99600237 97987981 102093793 125027714 125027715 125027716 125027717 129684251 129882574);SuperNatural:(SN00343124);PubMed;KEGG Mine	8593113154
42	1	N/A	-198.97076379067573	C21H34O3	[M + H]+	MQCWCUDQEBWUAM	InChI=1S/C21H34O3/c1-3-4-13-16-19-20(24-19)17-14-11-9-7-5-6-8-10-12-15-18-21(22)23-2/h5,7-8,10-11,14,19-20H,3-4,6,9,12-13,15-18H2,1-2H3	(?14(15)-EET methyl ester	CCCCCC1C(O1)CC=CCC=CCC=CCCCC(=O)OC	5.5999999	10711802;12087602;13049246;11002157;35025350;35025355;35025362;57369968;53394286;101670195;101670196;125183307;125183308;124417793;124417794	COCONUT:(CNP0321801);Training Set;PubChem:(10711802 12087602 13049246 11002157 35025350 35025355 35025362 57369968 53394286 101670195 101670196 125183307 125183308 124417793 124417794);KEGG Mine;additional	8592572418
43	1	N/A	-200.20297162556	C21H34O3	[M + H]+	VNNYYNKYUQGMCN	InChI=1S/C21H34O3/c1-3-4-5-6-7-8-9-10-11-12-13-14-15-16-17-19-20(22)18(2)24-21(19)23/h3,17,20,22H,1-2,4-16H2	null	C=CCCCCCCCCCCCCCC=C1C(C(=C)OC1=O)O	6.79303503	""	COCONUT:(CNP0115692);Natural Products:(UNPD23836 UNPD41425);SuperNatural:(SN00326812 SN00343074)	3178496
44	1	N/A	-201.2996928165946	C21H34O3	[M + H]+	LLKUOQXUUFDONQ	InChI=1S/C21H34O3/c1-19-11-12-21(23-3,24-4)13-14(19)5-6-15-16-7-8-18(22)20(16,2)10-9-17(15)19/h14-17H,5-13H2,1-4H3	3,3-Dimethoxyandrostan-17-one	CC12CCC(CC1CCC3C2CCC4(C3CCC4=O)C)(OC)OC	4.45442438	568191;906554;13265411;11209842;11874593;11874594;11874595;11874596;16398095;25426591;124898836;135011153	COCONUT:(CNP0372531);PubChem:(568191 906554 13265411 11209842 11874593 11874594 11874595 11874596 16398095 25426591 124898836 135011153);SuperNatural:(SN00069920 SN00069919 SN00069918 SN00069921);ZINC bio:(ZINC04041971 ZINC04041975 ZINC04041979 ZINC04041982)	3153922
45	1	N/A	-201.3383404980425	C21H34O3	[M + H]+	DECWLUDQIFLZNV	InChI=1S/C21H34O3/c1-13-14-6-7-16-19(2)9-5-10-20(3,18(23)24-4)15(19)8-11-21(16,12-14)17(13)22/h13-17,22H,5-12H2,1-4H3	15-Hdkame	CC1C2CCC3C4(CCCC(C4CCC3(C2)C1O)(C)C(=O)OC)C	5.0	129741;21121176;57405845;73345778;71718838;86575960;100994858;100994859;118987275;137325713	MeSH:(129741 118987275);PubChem:(129741 21121176 57405845 73345778 71718838 86575960 100994858 100994859 118987275 137325713);PubMed	70
46	1	N/A	-203.34177667391063	C21H34O3	[M + H]+	ZPIMNSSFJAWUGM	InChI=1S/C21H34O3/c1-14(13-19(23)24-6)7-9-16-15(2)8-10-17-20(3,4)18(22)11-12-21(16,17)5/h13,16-18,22H,2,7-12H2,1,3-6H3	methyl (E)-5-[(1S,4aR,6S,8aR)-6-hydroxy-5,5,8a-trimethyl-2-methylidene-3,4,4a,6,7,8-hexahydro-1H-naphthalen-1-yl]-3-methylpent-2-enoate	CC(=CC(=O)OC)CCC1C(=C)CCC2C1(CCC(C2(C)C)O)C	5.0999999	13858190;11404874	COCONUT:(CNP0123728);Natural Products:(UNPD57556 UNPD172369);PubChem:(13858190 11404874);SuperNatural:(SN00320420 SN00373779)	3178498
47	1	N/A	-212.518781104127	C21H34O3	[M + H]+	FBIBCVHHUGXVNK	InChI=1S/C21H34O3/c1-5-18(2)11-7-17-20(4)10-6-9-19(3,14-24-15-22)16(20)8-12-21(17,23)13-18/h5,15-17,23H,1,6-14H2,2-4H3	null	CC1(CCC2C3(CCCC(C3CCC2(C1)O)(C)COC=O)C)C=C	5.30000019	57404400	COCONUT:(CNP0392403);Natural Products:(UNPD212227);PubChem:(57404400)	2129922
48	1	N/A	-212.8047040431393	C21H34O3	[M + H]+	HCXQUFPQHLFUCK	InChI=1S/C21H34O3/c1-19-8-4-9-20(2,18(23)24-3)16(19)7-10-21-11-14(5-6-17(19)21)15(12-21)13-22/h14-17,22H,4-13H2,1-3H3	null	CC12CCCC(C1CCC34C2CCC(C3)C(C4)CO)(C)C(=O)OC	5.19999981	13994832;44422143;71529678;71720028	COCONUT:(CNP0361469);Natural Products:(UNPD14701);PubChem:(13994832 44422143 71529678 71720028);SuperNatural:(SN00159755);PubMed	3178562
49	1	N/A	-213.66168528990306	C21H34O3	[M + H]+	WPQMVASLVXEISM	InChI=1S/C21H34O3/c1-15(11-14-22)7-9-17-16(2)8-10-18-20(17,3)12-6-13-21(18,4)19(23)24-5/h14-15,17-18H,2,6-13H2,1,3-5H3	null	CC(CCC1C(=C)CCC2C1(CCCC2(C)C(=O)OC)C)CC=O	5.0	91750080	COCONUT:(CNP0240486);Natural Products:(UNPD105499 UNPD161678 UNPD32916 UNPD76574);PubChem:(91750080);SuperNatural:(SN00353168 SN00319710 SN00386905 SN00249201)	3178498
50	1	N/A	-215.60511390637905	C21H34O3	[M + H]+	IWTONJRAUBPRDR	InChI=1S/C21H34O3/c1-2-3-4-5-6-7-8-9-10-11-12-13-14-15-16-19-17-20(18-22)24-21(19)23/h7-8,19-20,22H,2-6,11-18H2,1H3	null	CCCCCCC=CC#CCCCCCCC1CC(OC1=O)CO	6.5	54578476	PubChem:(54578476);COCONUT:(CNP0132085)	2097154
51	1	N/A	-215.77759130962062	C21H34O3	[M + H]+	RWLSHOXCJVZJMD	InChI=1S/C21H34O3/c1-3-4-5-6-7-8-9-10-11-12-13-14-15-17-20(22)18-16-19-21(23)24-2/h7-8,10-11,13-15,17,20,22H,3-6,9,12,16,18-19H2,1-2H3	Methyl (5R,6E,8Z,11Z,14Z)-5-hydroxyicosa-6,8,11,14-tetraenoate	CCCCCC=CCC=CCC=CC=CC(CCCC(=O)OC)O	5.5999999	13075001;13075003;13075004;11823848;54289442;101644225;124937608;124937609;124937610;134689031	COCONUT:(CNP0140802);PubChem:(13075001 13075003 13075004 11823848 54289442 101644225 124937608 124937609 124937610 134689031);additional;PubChem class - safety and toxic;PubMed;KEGG Mine	8659664962
52	1	N/A	-216.07826828804437	C21H34O3	[M + H]+	IERFJNYLIMUXLR	InChI=1S/C21H34O3/c1-14(13-19(23)24-6)9-11-20(4)15(2)10-12-21(5)16(3)17(22)7-8-18(20)21/h13,15,17-18,22H,3,7-12H2,1-2,4-6H3	null	CC1CCC2(C(C1(C)CCC(=CC(=O)OC)C)CCC(C2=C)O)C	5.07286978	""	COCONUT:(CNP0313476);Natural Products:(UNPD72038);SuperNatural:(SN00370560)	3178496
53	1	N/A	-216.64204291730053	C21H34O3	[M + H]+	YSYQTDVOZWSRET	InChI=1S/C21H34O3/c1-19-7-4-8-20(2,18(23)24-3)16(19)6-10-21-9-5-14(11-17(19)21)15(12-21)13-22/h14-17,22H,4-13H2,1-3H3	null	CC12CCCC(C1CCC34C2CC(CC3)C(C4)CO)(C)C(=O)OC	5.19999981	9923764;58859381;71190183;101731769;102165880;101773026	COCONUT:(CNP0233771);Natural Products:(UNPD55690 UNPD152618);PubChem:(9923764 58859381 71190183 101731769 102165880 101773026);SuperNatural:(SN00238087)	3178498
54	1	N/A	-220.84909712980263	C21H34O3	[M + H]+	YXYJONNKPOKBIN	InChI=1S/C21H34O3/c1-15-7-10-18-20(2,3)11-6-12-21(18,4)17(15)9-8-16(14-22)13-19(23)24-5/h7,13,17-18,22H,6,8-12,14H2,1-5H3	null	CC1=CCC2C(CCCC2(C1CCC(=CC(=O)OC)CO)C)(C)C	4.98621655	""	COCONUT:(CNP0224619);Natural Products:(UNPD37818);SuperNatural:(SN00321099)	3178496
55	1	N/A	-223.10575558096807	C21H34O3	[M + H]+	BOVFKJJRUSBLPS	InChI=1S/C21H34O3/c1-15(11-14-22)7-5-8-17-16(2)9-10-18-20(17,3)12-6-13-21(18,4)19(23)24/h11,17-18,22H,2,5-10,12-14H2,1,3-4H3,(H,23,24)	null	CC(=CCO)CCCC1C(=C)CCC2C1(CCCC2(C)C(=O)O)C	5.11503696	""	COCONUT:(CNP0112818);Natural Products:(UNPD107339);SuperNatural:(SN00311592)	3178496
56	1	N/A	-223.4981653967455	C21H34O3	[M + H]+	LDVSXMCXDQWZKB	InChI=1S/C21H34O3/c1-7-20(4)12-9-15(16(22)14-20)21(5)11-8-10-19(2,3)17(21)13-18(23)24-6/h7,15,17H,1,8-14H2,2-6H3	null	CC1(CCCC(C1CC(=O)OC)(C)C2CCC(CC2=O)(C)C=C)C	4.839324	""	COCONUT:(CNP0080542)	2097152
57	1	N/A	-223.78439188449514	C21H34O3	[M + H]+	XQMNRPUXUUOJTM	InChI=1S/C21H34O3/c1-3-4-5-6-7-8-9-10-11-12-13-14-15-16-17-19-20(22)18(2)24-21(19)23/h1,17-18,20,22H,4-16H2,2H3	(3Z)-3-hexadec-15-ynylidene-4-hydroxy-5-methyloxolan-2-one	CC1C(C(=CCCCCCCCCCCCCCC#C)C(=O)O1)O	6.69999981	5366131;101643340;101643341	COCONUT:(CNP0207427);Natural Products:(UNPD4242 UNPD115618 UNPD150993 UNPD189263);PubChem:(5366131 101643340 101643341)	2129922
58	1	N/A	-224.78811901767057	C21H34O3	[M + H]+	YOAQIJHBMIIBJM	InChI=1S/C21H34O3/c1-3-4-5-6-7-8-9-10-11-12-13-14-16-19-20(24-19)17-15-18-21(22)23-2/h10-14,16,19-20H,3-9,15,17-18H2,1-2H3	Leukotriene A3 methyl ester	CCCCCCCCC=CC=CC=CC1C(O1)CCCC(=O)OC	6.30000019	4390537;6087757;9819073;16219566;71771400;95065605;95065606;124511288;131706872;134689007	COCONUT:(CNP0296721);Natural Products:(UNPD52326);PubChem class - safety and toxic;PubChem:(4390537 6087757 9819073 16219566 71771400 95065605 95065606 124511288 131706872 134689007);SuperNatural:(SN00322741)	70287362
59	1	N/A	-225.68017207153756	C21H34O3	[M + H]+	BJANWPXNKOLWEW	InChI=1S/C21H34O3/c1-15(13-19(23)24-5)7-9-17-16(2)8-10-18-20(3,14-22)11-6-12-21(17,18)4/h13,17-18,22H,2,6-12,14H2,1,3-5H3	Labda-8(20),13-dien-15-oic acid, 19-hydroxy-, methyl ester, (E)-	CC(=CC(=O)OC)CCC1C(=C)CCC2C1(CCCC2(C)CO)C	5.19999981	5370478;6479666;21160422;132838613	COCONUT:(CNP0415778);Natural Products:(UNPD18257 UNPD82408 UNPD182624);PubChem:(5370478 6479666 21160422 132838613);SuperNatural:(SN00389656 SN00309018 SN00396210);PubMed	3178562
60	1	N/A	-226.75861125788023	C21H34O3	[M + H]+	QQTXANYFILYUKH	InChI=1S/C21H34O3/c1-14(13-19(23)24-6)7-9-16-15(2)8-10-17-20(3,4)18(22)11-12-21(16,17)5/h8,13,16-18,22H,7,9-12H2,1-6H3	null	CC1=CCC2C(C(CCC2(C1CCC(=CC(=O)OC)C)C)O)(C)C	4.98952484	""	COCONUT:(CNP0224134);Natural Products:(UNPD5928);SuperNatural:(SN00401708)	3178496
61	1	N/A	-229.38724314790122	C21H34O3	[M + H]+	HCXCHLMRBYGRPU	InChI=1S/C21H34O3/c1-16(2)13-14-20(22)19(5)12-8-10-17(3)9-7-11-18(4)15-21(23)24-6/h9,12-13,15,20,22H,7-8,10-11,14H2,1-6H3	methyl (2E,6E,10E)-12-hydroxy-3,7,11,15-tetramethylhexadeca-2,6,10,14-tetraenoate	CC(=CCC(C(=CCCC(=CCCC(=CC(=O)OC)C)C)C)O)C	6.0	12018262;14138942	COCONUT:(CNP0270474);Natural Products:(UNPD96590);PubChem:(12018262 14138942);SuperNatural:(SN00291374)	3178498
62	1	N/A	-229.80337912260117	C21H34O3	[M + H]+	RWMHGSZPUZTJHR	InChI=1S/C21H34O3/c1-3-4-5-6-7-8-9-10-11-12-13-14-15-16-17-19-20(22)18(2)24-21(19)23/h10-11,17,20,22H,2-9,12-16H2,1H3	(3E,4S)-3-[(Z)-hexadec-7-enylidene]-4-hydroxy-5-methylideneoxolan-2-one	CCCCCCCCC=CCCCCCC=C1C(C(=C)OC1=O)O	6.9000001	11809800;71438738;101683335;101286261	COCONUT:(CNP0294645);Natural Products:(UNPD172418 UNPD52825 UNPD90558 UNPD149141);PubChem:(11809800 71438738 101683335 101286261);SuperNatural:(SN00266659 SN00267291 SN00252256 SN00402594)	3178498
63	1	N/A	-230.77063508252942	C21H34O3	[M + H]+	LPLVHEIZIMARCP	InChI=1S/C21H34O3/c1-15(11-14-22)7-9-17-16(2)8-10-18-20(17,3)12-6-13-21(18,4)19(23)24-5/h11,17-18,22H,2,6-10,12-14H2,1,3-5H3	null	CC(=CCO)CCC1C(=C)CCC2C1(CCCC2(C)C(=O)OC)C	4.9000001	14060410;10449572	COCONUT:(CNP0239538);Natural Products:(UNPD88607 UNPD4418 UNPD120500);PubChem:(14060410 10449572);SuperNatural:(SN00384177 SN00377611 SN00336576)	3178498
64	1	N/A	-232.07562229431812	C21H34O3	[M + H]+	NQZVMGVMAPPTFX	InChI=1S/C21H34O3/c1-18-9-5-10-19(2,17(22)24-4)15(18)8-11-21-12-14(6-7-16(18)21)20(3,23)13-21/h14-16,23H,5-13H2,1-4H3	16-Hydroxykauran-19-oic acid methyl ester	CC12CCCC(C1CCC34C2CCC(C3)C(C4)(C)O)(C)C(=O)OC	4.80000019	578772;168041;15226634;21124676;21124677;54583915;123168090	COCONUT:(CNP0102409);Natural Products:(UNPD51965);PubChem:(578772 168041 15226634 21124676 21124677 54583915 123168090);SuperNatural:(SN00230411);MeSH:(168041);PubMed	3178566
65	1	N/A	-233.7938437269544	C21H34O3	[M + H]+	YUKXHIIQDGIKHT	InChI=1S/C21H34O3/c1-3-4-5-6-7-8-9-10-11-12-13-14-15-16-17-19-20(22)18(2)24-21(19)23/h11-12,17,20,22H,2-10,13-16H2,1H3	Isolinderenolide	CCCCCCCCCC=CCCCCC=C1C(C(=C)OC1=O)O	6.9000001	44576046	COCONUT:(CNP0078467);PubChem:(44576046);PubMed	2097218
66	1	N/A	-234.7332816622616	C21H34O3	[M + H]+	GTRRAFRWVKQVAX	InChI=1S/C21H34O3/c1-14(11-19(23)24-6)7-9-20(4)15(2)8-10-21(5)16(3)12-17(22)13-18(20)21/h12,14-15,18H,7-11,13H2,1-6H3	null	CC1CCC2(C(C1(C)CCC(C)CC(=O)OC)CC(=O)C=C2C)C	5.0999999	13918491	COCONUT:(CNP0369750);Natural Products:(UNPD174910);PubChem:(13918491)	2129922
67	1	N/A	-238.57789756295676	C21H34O3	[M + H]+	AQVUEERXHOSDCN	InChI=1S/C21H34O3/c1-3-4-5-6-7-8-9-10-11-12-13-14-15-16-17-19-18(2)20(22)24-21(19)23/h3-4H,5-17H2,1-2H3	null	CC=CCCCCCCCCCCCCCC1=C(C(=O)OC1=O)C	7.302145	""	COCONUT:(CNP0092486)	2097152
68	1	N/A	-240.60803917444295	C21H34O3	[M + H]+	PSJDRYFKIDRGRI	InChI=1S/C21H34O3/c1-13(22)16-8-11-21(24)18-5-4-14-12-15(23)6-9-19(14,2)17(18)7-10-20(16,21)3/h4,13,15-18,22-24H,5-12H2,1-3H3	null	CC(C1CCC2(C1(CCC3C2CC=C4C3(CCC(C4)O)C)C)O)O	2.9000001	68590344;68590345	COCONUT:(CNP0049714);Natural Products:(UNPD80604);PubChem:(68590344 68590345);SuperNatural:(SN00321326)	3178498
69	1	N/A	-241.89898736641373	C21H34O3	[M + H]+	LVROTUSMCTWPNI	InChI=1S/C21H34O3/c1-3-4-5-6-11-14-17-20(22)18-15-12-9-7-8-10-13-16-19-21(23)24-2/h8-12,14-15,18,20,22H,3-7,13,16-17,19H2,1-2H3	methyl (5Z,8Z,10E,14Z)-12-hydroxyicosa-5,8,10,14-tetraenoate	CCCCCC=CCC(C=CC=CCC=CCCCC(=O)OC)O	5.5	10947635;13988293	COCONUT:(CNP0170343);Natural Products:(UNPD1200);PubChem:(10947635 13988293);SuperNatural:(SN00311529);KEGG Mine	8593113090
70	1	N/A	-241.981528325259	C21H34O3	[M + H]+	WIXLMLSHJRVECU	InChI=1S/C21H34O3/c1-14(22)24-16-8-10-20(2)15(13-16)6-7-17-18(20)9-11-21(3)19(17)5-4-12-23-21/h15-19H,4-13H2,1-3H3	D-Homo-17a-oxa-5alpha-androstan-3beta-ol acetate	CC(=O)OC1CCC2(C(C1)CCC3C2CCC4(C3CCCO4)C)C	4.5999999	242340;4025492	COCONUT:(CNP0082961);KEGG:(C15139);PubChem:(242340 4025492);SuperNatural:(SN00214890);CHEBI:(79657)	3146018
71	1	N/A	-242.72297320239693	C21H34O3	[M + H]+	ZJWVIZJOTTXJSA	InChI=1S/C21H34O3/c1-19-8-4-9-20(2,18(22)23)16(19)7-10-21-11-14(5-6-17(19)21)15(12-21)13-24-3/h14-17H,4-13H2,1-3H3,(H,22,23)	null	CC12CCCC(C1CCC34C2CCC(C3)C(C4)COC)(C)C(=O)O	5.4000001	5321308;125181917;134715172;137797062	COCONUT:(CNP0062300 CNP0386817);Natural Products:(UNPD191678);PubChem:(5321308 125181917 134715172 137797062);SuperNatural:(SN00349386 SN00163812)	3178498
72	1	N/A	-244.9458858989703	C21H34O3	[M + H]+	GKEHXKQBMVJVBA	InChI=1S/C21H34O3/c1-3-4-5-6-7-8-9-10-11-12-13-14-15-16-17-19-18(2)20(22)24-21(19)23/h10-11H,3-9,12-17H2,1-2H3	Chaetomellic Anhydride B	CCCCCCCCC=CCCCCCCC1=C(C(=O)OC1=O)C	7.69999981	10314856;53842596;71776681;71314661	COCONUT:(CNP0115387);Natural Products:(UNPD25349);PubChem:(10314856 53842596 71776681 71314661);SuperNatural:(SN00376564)	3178498
73	1	N/A	-245.0832157150997	C21H34O3	[M + H]+	IJELSWIHFPVLQK	InChI=1S/C21H34O3/c1-3-4-5-6-7-8-9-11-14-17-20(22)18-15-12-10-13-16-19-21(23)24-2/h7-8,10-12,14-15,18,20,22H,3-6,9,13,16-17,19H2,1-2H3	methyl (5Z,7E,11Z,14Z)-9-hydroxyicosa-5,7,11,14-tetraenoate	CCCCCC=CCC=CCC(C=CC=CCCCC(=O)OC)O	5.5	10860615;14123400;14123401	COCONUT:(CNP0313566);Natural Products:(UNPD134372);PubChem:(10860615 14123400 14123401);SuperNatural:(SN00306901);KEGG Mine	8593113090
74	1	N/A	-246.6516082878858	C21H34O3	[M + H]+	PBBONDCKOKLJIC	InChI=1S/C21H34O3/c1-3-4-5-6-7-8-9-10-11-12-13-14-15-16-17-19-20(22)18(2)24-21(19)23/h6-7,17,20,22H,2-5,8-16H2,1H3	null	CCCCC=CCCCCCCCCCC=C1C(C(=C)OC1=O)O	6.9000001	131752302	COCONUT:(CNP0172257);HMDB:(38104);PubChem:(131752302);PubChem class - bio and metabolites	18874378
75	1	N/A	-246.87882538544497	C21H34O3	[M + H]+	BVQWLNLTCUTXBO	InChI=1S/C21H34O3/c1-7-19(3,23)14-11-16-15(2)9-10-17-20(16,4)12-8-13-21(17,5)18(22)24-6/h7,16-17,23H,1-2,8-14H2,3-6H3	null	CC12CCCC(C1CCC(=C)C2CCC(C)(C=C)O)(C)C(=O)OC	4.5999999	14806533;14806535	COCONUT:(CNP0221648);Natural Products:(UNPD100255 UNPD108479 UNPD220891 UNPD23768);PubChem:(14806533 14806535);SuperNatural:(SN00310802 SN00298218 SN00389898)	3178498
76	1	N/A	-247.64228271812348	C21H34O3	[M + H]+	HFWSHEGCAPRVLI	InChI=1S/C21H34O3/c1-7-18(2)13-9-16-19(3)11-8-12-20(4,17(22)23-6)15(19)10-14-21(16,5)24-18/h7,15-16H,1,8-14H2,2-6H3	Methyl 3,4a,7,10a-tetramethyl-3-vinyldodecahydro-1H-benzo[f]chromene-7-carboxylate	CC1(CCC2C3(CCCC(C3CCC2(O1)C)(C)C(=O)OC)C)C=C	4.80000019	541115;102116938;102116939	PubChem:(541115 102116938 102116939);KNApSAcK:(22380)	18
77	1	N/A	-248.64452348914745	C21H34O3	[M + H]+	VUORMACWSDKTNK	InChI=1S/C21H34O3/c1-15(13-19(23)24-5)7-9-17-16(14-22)8-10-18-20(2,3)11-6-12-21(17,18)4/h8,14-15,17-18H,6-7,9-13H2,1-5H3	null	CC(CCC1C(=CCC2C1(CCCC2(C)C)C)C=O)CC(=O)OC	5.1705966	""	COCONUT:(CNP0231437);Natural Products:(UNPD114198);SuperNatural:(SN00257083)	3178496
78	1	N/A	-249.44687954865248	C21H34O3	[M + H]+	CUSRCNNOZUKUSM	InChI=1S/C21H34O3/c1-14(13-19(23)24-6)11-12-21(5)15(2)7-8-16-17(21)9-10-18(22)20(16,3)4/h14-15H,7-13H2,1-6H3	null	CC1CCC2=C(C1(C)CCC(C)CC(=O)OC)CCC(=O)C2(C)C	5.0732851	""	COCONUT:(CNP0130622);Natural Products:(UNPD101662);SuperNatural:(SN00334679)	3178496
79	1	N/A	-249.5811259373385	C21H34O3	[M + H]+	UXMIJODNYUZSNX	InChI=1S/C21H34O3/c1-3-4-5-6-8-11-14-17-20(22)18-15-12-9-7-10-13-16-19-21(23)24-2/h7-8,10-12,14-15,17,20,22H,3-6,9,13,16,18-19H2,1-2H3	null	CCCCCC=CC=CC(CC=CCC=CCCCC(=O)OC)O	5.83573771	""	COCONUT:(CNP0160660);Natural Products:(UNPD171758);KEGG Mine	8592064512
80	1	N/A	-251.0414342256536	C21H34O3	[M + H]+	XKFLFUFHSYHQJS	InChI=1S/C21H34O3/c1-17(2)9-6-13-20(21(23)24-5)14-8-12-18(3)10-7-11-19(4)15-16-22/h9-10,14-15,22H,6-8,11-13,16H2,1-5H3	null	CC(=CCCC(=CCCC(=CCCC(=CCO)C)C)C(=O)OC)C	5.71651936	""	COCONUT:(CNP0233532);Natural Products:(UNPD159543)	2129920
81	1	N/A	-251.45067734945644	C21H34O3	[M + H]+	WONSMFXLYXZLQI	InChI=1S/C21H34O3/c1-14(13-19(23)24-6)7-9-16-15(2)8-10-17-20(3,4)18(22)11-12-21(16,17)5/h8,14,16-17H,7,9-13H2,1-6H3	methyl (3R)-5-[(1S,4aR,8aR)-2,5,5,8a-tetramethyl-6-oxo-4,4a,7,8-tetrahydro-1H-naphthalen-1-yl]-3-methylpentanoate	CC1=CCC2C(C(=O)CCC2(C1CCC(C)CC(=O)OC)C)(C)C	4.4000001	14487096;21676103	COCONUT:(CNP0227270);Natural Products:(UNPD36996);PubChem:(14487096 21676103)	2129922
82	1	N/A	-252.55446831273036	C21H34O3	[M + H]+	GWYVTGCQCDQIFZ	InChI=1S/C21H34O3/c1-17(16(22)23)8-5-9-18(2)15(17)7-11-21-10-6-14(12-20(18,21)4)19(3,24)13-21/h14-15,24H,5-13H2,1-4H3,(H,22,23)	null	CC1(CCCC2(C1CCC34C2(CC(CC3)C(C4)(C)O)C)C)C(=O)O	4.5414834	""	COCONUT:(CNP0358158);Natural Products:(UNPD181666);SuperNatural:(SN00233831)	3178496
83	1	N/A	-254.78000854153552	C21H34O3	[M + H]+	PSFGNZBYXOCWDG	InChI=1S/C21H34O3/c1-17(2)9-6-10-18(3)11-7-13-20(21(22)23)14-8-12-19(4)15-16-24-5/h9,11,14-15H,6-8,10,12-13,16H2,1-5H3,(H,22,23)	null	CC(=CCCC(=CCCC(=CCCC(=CCOC)C)C(=O)O)C)C	5.71651936	""	COCONUT:(CNP0153669);KNApSAcK:(22456);Natural Products:(UNPD185248);SuperNatural:(SN00234204)	3178512
84	1	N/A	-255.33733390897603	C21H34O3	[M + H]+	GORPKZYGDKNNSA	InChI=1S/C21H34O3/c1-14(11-19(23)24-6)7-9-20(4)15(2)8-10-21(5)16(3)12-17(22)13-18(20)21/h11-12,15,17-18,22H,7-10,13H2,1-6H3	null	CC1CCC2(C(C1(C)CCC(=CC(=O)OC)C)CC(C=C2C)O)C	5.19999981	15484929	COCONUT:(CNP0306900);Natural Products:(UNPD64202 UNPD74964);PubChem:(15484929);SuperNatural:(SN00225456 SN00295422)	3178498
85	1	N/A	-255.52043894604444	C21H34O3	[M + H]+	ZGQAWLCSJFHXDF	InChI=1S/C21H34O3/c1-3-4-14-17-20(22)18-15-12-10-8-6-5-7-9-11-13-16-19-21(23)24-2/h5-6,9-12,15,18,20,22H,3-4,7-8,13-14,16-17,19H2,1-2H3	15-Hete methyl ester	CCCCCC(C=CC=CCC=CCC=CCCCC(=O)OC)O	5.4000001	6439200;11002159;13213510;13213511	MeSH:(6439200);PubChem:(6439200 11002159 13213510 13213511);PubMed;KEGG Mine	8589934662
86	1	N/A	-257.2956433746445	C21H34O3	[M + H]+	VTZUQRVHZPHYJQ	InChI=1S/C21H34O3/c1-16(2)19(5)14-21(24)18(4)9-7-11-20(15-23)10-6-8-17(3)12-13-22/h9-10,12,16,22-23H,5-8,11,13-15H2,1-4H3	null	CC(C)C(=C)CC(=O)C(=CCCC(=CCCC(=CCO)C)CO)C	4.7181778	""	COCONUT:(CNP0421047);Natural Products:(UNPD130035)	2129920
87	1	N/A	-258.7792273825079	C21H34O3	[M + H]+	QMLICBDWONMOSK	InChI=1S/C21H34O3/c1-14(12-18(23)24-6)8-9-16-15(2)13-17(22)19-20(3,4)10-7-11-21(16,19)5/h13-14,16,19H,7-12H2,1-6H3	Labd-7-en-15-oic acid, 6-oxo-, methyl ester	CC1=CC(=O)C2C(CCCC2(C1CCC(C)CC(=O)OC)C)(C)C	5.19999981	630546;12080777	COCONUT:(CNP0320461);Natural Products:(UNPD81418);PubChem:(630546 12080777);SuperNatural:(SN00297189)	3178498
88	1	N/A	-262.6705844844464	C21H34O3	[M + H]+	VYVVNCBNYVCVGC	InChI=1S/C21H34O3/c1-18-9-5-10-19(2,17(22)23)15(18)8-11-21-12-14(6-7-16(18)21)20(3,13-21)24-4/h14-16H,5-13H2,1-4H3,(H,22,23)	16-Methoxykauran-18-oic acid	CC12CCCC(C1CCC34C2CCC(C3)C(C4)(C)OC)(C)C(=O)O	5.0	377875;495571;21606587;22210180	COCONUT:(CNP0199111);HMDB:(36302);Natural Products:(UNPD105084);PubChem:(377875 495571 21606587 22210180);SuperNatural:(SN00387430);PubChem class - bio and metabolites	19955722
89	1	N/A	-262.7829741087355	C21H34O3	[M + H]+	XTDKDYOVXOIWRG	InChI=1S/C21H34O3/c1-15(13-19(22)23)7-9-17-16(2)8-10-18-20(3,14-24-5)11-6-12-21(17,18)4/h13,17-18H,2,6-12,14H2,1,3-5H3,(H,22,23)	null	CC(=CC(=O)O)CCC1C(=C)CCC2C1(CCCC2(C)COC)C	5.06956148	""	COCONUT:(CNP0149180);Natural Products:(UNPD134234);SuperNatural:(SN00370974)	3178496
90	1	N/A	-264.451028491277	C21H34O3	[M + H]+	OLNJNDLWCJADAH	InChI=1S/C21H34O3/c1-13(2)14-7-9-16-15(18(14)22)8-10-17-20(16,3)11-6-12-21(17,4)19(23)24-5/h13-14,17-18,22H,6-12H2,1-5H3	methyl (1R,4aS,7S,8S,10aR)-8-hydroxy-1,4a-dimethyl-7-propan-2-yl-2,3,4,5,6,7,8,9,10,10a-decahydrophenanthrene-1-carboxylate	CC(C)C1CCC2=C(C1O)CCC3C2(CCCC3(C)C(=O)OC)C	4.19999981	11975520	PubChem:(11975520);COCONUT:(CNP0350722)	2097154
91	1	N/A	-264.87059651518484	C21H34O3	[M + H]+	GOWOYXJBRFHPCM	InChI=1S/C21H34O3/c1-2-3-4-5-6-7-8-9-10-11-12-13-19(22)14-18-15-20(23)17-21(24)16-18/h15-17,23-24H,2-14H2,1H3	null	CCCCCCCCCCCCCC(=O)CC1=CC(=CC(=C1)O)O	7.0999999	10544731	COCONUT:(CNP0156862);HMDB:(35283);Natural Products:(UNPD175276);PubChem:(10544731);SuperNatural:(SN00339057);PubChem class - bio and metabolites	19955722
92	1	N/A	-265.4625829311209	C21H34O3	[M + H]+	LPYIFWOTSGRWLD	InChI=1S/C21H34O3/c1-13(2)21(24-6)10-7-15-14(12-21)16(22)11-17-19(3,4)18(23)8-9-20(15,17)5/h12-13,15,17-18,23H,7-11H2,1-6H3	null	CC(C)C1(CCC2C(=C1)C(=O)CC3C2(CCC(C3(C)C)O)C)OC	3.5999999	122182585;132560818	COCONUT:(CNP0230412);PubChem:(122182585 132560818);PubMed	2097218
93	1	N/A	-268.2638657785403	C21H34O3	[M + H]+	IAPLVECSZQBYTP	InChI=1S/C21H34O3/c1-15(13-19(23)24-5)9-11-20(3)16(2)10-12-21(4)17(14-22)7-6-8-18(20)21/h7,13,16,18,22H,6,8-12,14H2,1-5H3	null	CC1CCC2(C(C1(C)CCC(=CC(=O)OC)C)CCC=C2CO)C	5.30000019	101688446	COCONUT:(CNP0143006);Natural Products:(UNPD18859 UNPD6905);PubChem:(101688446);SuperNatural:(SN00306011)	3178498
94	1	N/A	-269.0512805196044	C21H34O3	[M + H]+	VVKQWVWKEMJKNY	InChI=1S/C21H34O3/c1-14-6-7-15-18(2,12-20(14,4)23)11-8-16-19(3)9-5-10-21(15,16)13-24-17(19)22/h14-16,23H,5-13H2,1-4H3	null	CC1CCC2C(CCC3C24CCCC3(C(=O)OC4)C)(CC1(C)O)C	4.63951445	""	COCONUT:(CNP0077319)	2097152
95	1	N/A	-270.16694626250177	C21H34O3	[M + H]+	ULRMVTIMDXDHRY	InChI=1S/C21H34O3/c1-15(13-19(23)24-5)9-11-20(4)16(2)10-12-21(14-22)17(3)7-6-8-18(20)21/h7,13,16,18,22H,6,8-12,14H2,1-5H3	null	CC1CCC2(C(C1(C)CCC(=CC(=O)OC)C)CCC=C2C)CO	4.98621655	""	COCONUT:(CNP0303678);Natural Products:(UNPD57501);SuperNatural:(SN00291196)	3178496
96	1	N/A	-271.1469306864455	C21H34O3	[M + H]+	XBAFJMNDOVYNFK	InChI=1S/C21H34O3/c1-14(2)18-9-7-17-10-12-21(5,23)13-11-20(24-16(4)22)15(3)6-8-19(17)18/h10,12,14,17-20,23H,3,6-9,11,13H2,1-2,4-5H3	sphaerollane I	CC(C)C1CCC2C1CCC(=C)C(CCC(C=C2)(C)O)OC(=O)C	4.69999981	46231445	COCONUT:(CNP0077786);PubChem:(46231445);PubMed	2097218
97	1	N/A	-271.6005322493819	C21H34O3	[M + H]+	TXHUPZWOUSBILR	InChI=1S/C21H34O3/c1-16(2)19(5)14-21(24)18(4)9-7-11-20(15-23)10-6-8-17(3)12-13-22/h9-10,12,14,16,22-23H,6-8,11,13,15H2,1-5H3	null	CC(C)C(=CC(=O)C(=CCCC(=CCCC(=CCO)C)CO)C)C	4.91641665	""	COCONUT:(CNP0321139);Natural Products:(UNPD109244)	2129920
98	1	N/A	-272.022475145773	C21H34O3	[M + H]+	BIOPMYGYFZQVTC	InChI=1S/C21H34O3/c1-15(14-18(22)24-6)8-9-17-20(4)12-7-11-19(2,3)16(20)10-13-21(17,5)23/h10,13-14,16-17,23H,7-9,11-12H2,1-6H3	null	CC(=CC(=O)OC)CCC1C2(CCCC(C2C=CC1(C)O)(C)C)C	4.88204765	""	COCONUT:(CNP0160565);Natural Products:(UNPD171828);SuperNatural:(SN00370364)	3178496
99	1	N/A	-272.15274580713225	C21H34O3	[M + H]+	NXFLWHAYFVCTRB	InChI=1S/C21H34O3/c1-18(13-22)8-4-9-19(2)16(18)7-10-20-11-15(5-6-17(19)20)21(12-20,14-23)24-3/h13,15-17,23H,4-12,14H2,1-3H3	null	CC1(CCCC2(C1CCC34C2CCC(C3)C(C4)(CO)OC)C)C=O	3.9000001	10336998;101667801	COCONUT:(CNP0138343);Natural Products:(UNPD47502);PubChem:(10336998 101667801);SuperNatural:(SN00299463)	3178498
100	1	N/A	-273.4153892625286	C21H34O3	[M + H]+	CIWBMFOZMOATTP	InChI=1S/C21H34O3/c1-14(2)21(24)10-7-16-15(11-21)17(23)12-20(5)18(3,13-22)8-6-9-19(16,20)4/h11,14,16,22,24H,6-10,12-13H2,1-5H3	null	CC(C)C1(CCC2C(=C1)C(=O)CC3(C2(CCCC3(C)CO)C)C)O	3.5999999	46230316	COCONUT:(CNP0285466);PubChem:(46230316);PubMed	2097218
101	1	N/A	-274.9418181984237	C21H34O3	[M + H]+	UKHYAHGVSGTPMD	InChI=1S/C21H34O3/c1-15(11-14-22)7-9-17-16(19(23)24-5)8-10-18-20(2,3)12-6-13-21(17,18)4/h8,11,17-18,22H,6-7,9-10,12-14H2,1-5H3	null	CC(=CCO)CCC1C(=CCC2C1(CCCC2(C)C)C)C(=O)OC	5.5	10893008;11163449	COCONUT:(CNP0320152);Natural Products:(UNPD96748);PubChem:(10893008 11163449);SuperNatural:(SN00369175)	3178498
102	1	N/A	-276.9651595875769	C21H34O3	[M + H]+	RHHDPVYVGXEFPQ	InChI=1S/C21H34O3/c1-15(9-12-24-16(2)22)7-8-17-13-18(23)14-19-20(3,4)10-6-11-21(17,19)5/h13,15,19H,6-12,14H2,1-5H3	null	CC(CCC1=CC(=O)CC2C1(CCCC2(C)C)C)CCOC(=O)C	5.00620365	""	COCONUT:(CNP0148710);Natural Products:(UNPD84658 UNPD182894);SuperNatural:(SN00328123)	3178496
103	1	N/A	-277.3791682126156	C21H34O3	[M + H]+	JAIDXIXLHIPVKV	InChI=1S/C21H34O3/c1-2-3-9-13-19(22)14-11-8-6-4-5-7-10-12-18-15-20(23)17-21(24)16-18/h11,14-17,19,22-24H,2-10,12-13H2,1H3	null	CCCCCC(C=CCCCCCCCC1=CC(=CC(=C1)O)O)O	6.5999999	129685594	COCONUT:(CNP0237393);Natural Products:(UNPD124114);PubChem:(129685594);SuperNatural:(SN00291015);KEGG Mine	8593113090
104	1	N/A	-277.4922989778633	C21H34O3	[M + H]+	DTSLVKFAHQMHPM	InChI=1S/C21H34O3/c1-7-20(4)11-8-13-17(18(20)23)14(24-6)12-15-19(2,3)10-9-16(22)21(13,15)5/h7,14-16,18,22-23H,1,8-12H2,2-6H3	null	CC1(CCC(C2(C1CC(C3=C2CCC(C3O)(C)C=C)OC)C)O)C	3.79134274	""	COCONUT:(CNP0124083);Natural Products:(UNPD217308)	2129920
105	1	N/A	-282.03586249235497	C21H34O3	[M + H]+	OVDBRQAUSFGKDW	InChI=1S/C21H34O3/c1-21(2,12-5-3-4-6-13-22)17-10-11-19(20(24)15-17)16-8-7-9-18(23)14-16/h10-11,15-16,18,22-24H,3-9,12-14H2,1-2H3	null	CC(C)(CCCCCCO)C1=CC(=C(C=C1)C2CCCC(C2)O)O	5.4907403	95549496;139596494	NORMAN:(NS00017227);Training Set;PubChem:(95549496 139596494);additional	802818
106	1	N/A	-282.32796433258073	C21H34O3	[M + H]+	MQXZRJIHBYXBLW	InChI=1S/C21H34O3/c1-14(22)24-20(4)10-5-9-18(2)16(20)8-11-21-12-15(6-7-17(18)21)19(3,23)13-21/h15-17,23H,5-13H2,1-4H3	null	CC(=O)OC1(CCCC2(C1CCC34C2CCC(C3)C(C4)(C)O)C)C	4.37837267	""	COCONUT:(CNP0263381)	2097152
107	1	N/A	-287.1813659143228	C21H34O3	[M + H]+	JGSCGGSHKGLIOT	InChI=1S/C21H34O3/c1-13(19(23)24-5)7-6-8-17-20(3,4)15-9-10-21(17)16(12-15)11-14(2)18(21)22/h12-15,17-18,22H,6-11H2,1-5H3	null	CC1CC2=CC3CCC2(C1O)C(C3(C)C)CCCC(C)C(=O)OC	4.64526176	""	COCONUT:(CNP0148305);Natural Products:(UNPD183331)	2129920
108	1	N/A	-288.26320807305933	C21H34O3	[M + H]+	DHKYJMITSSUPNB	InChI=1S/C21H34O3/c1-7-15(4)12-19(22)24-18-9-11-21(6,23)17-13-16(14(2)3)8-10-20(17,18)5/h12-14,17-18,23H,7-11H2,1-6H3	null	CCC(=CC(=O)OC1CCC(C2C1(CCC(=C2)C(C)C)C)(C)O)C	5.14157152	""	COCONUT:(CNP0140651);Natural Products:(UNPD102427 UNPD213739);SuperNatural:(SN00401236)	3178496
109	1	N/A	-289.69402723795287	C21H34O3	[M + H]+	NVAZXGMNDVSPQO	InChI=1S/C21H34O3/c1-14-7-8-18-20(2,3)9-6-10-21(18,4)16(14)12-17-15(13-22)11-19(23-5)24-17/h13,15-19H,1,6-12H2,2-5H3	3-Furancarboxaldehyde, 2-[[(1R,4aR,8aR)-decahydro-5,5,8a-trimethyl-2-methylene-1-naphthalenyl]methyl]tetrahydro-5-methoxy-, (2S,3R,5R)-	CC1(CCCC2(C1CCC(=C)C2CC3C(CC(O3)OC)C=O)C)C	4.69999981	11544545;16077659	COCONUT:(CNP0334173);Natural Products:(UNPD135229);PubChem:(11544545 16077659);SuperNatural:(SN00277213);PubMed	3178562
110	1	N/A	-291.0042493707823	C21H34O3	[M + H]+	YYLJSKQAPWXRJT	InChI=1S/C21H34O3/c1-15(13-19(23)24-5)7-9-17-16(2)8-10-18-20(3,14-22)11-6-12-21(17,18)4/h13,18,22H,6-12,14H2,1-5H3	null	CC1=C(C2(CCCC(C2CC1)(C)CO)C)CCC(=CC(=O)OC)C	5.10491705	""	COCONUT:(CNP0234132);Natural Products:(UNPD114502);SuperNatural:(SN00309043)	3178496
111	1	N/A	-292.17920841502905	C21H34O3	[M + H]+	FZYQQUFRUMLHHQ	InChI=1S/C21H34O3/c1-14(12-19(23)24-6)8-9-16-15(2)17(22)13-18-20(3,4)10-7-11-21(16,18)5/h14,18H,7-13H2,1-6H3	null	CC1=C(C2(CCCC(C2CC1=O)(C)C)C)CCC(C)CC(=O)OC	5.0732851	""	COCONUT:(CNP0151114);Natural Products:(UNPD44272);SuperNatural:(SN00392685)	3178496
112	1	N/A	-296.54176180443073	C21H34O3	[M + H]+	FHDUTQINHATKQO	InChI=1S/C21H34O3/c1-15(11-14-22)10-13-20(3)16(2)8-9-18-17(20)7-6-12-21(18,4)19(23)24-5/h7,11,16,18,22H,6,8-10,12-14H2,1-5H3	methyl (1S,5S,6R,8aS)-5-[(E)-5-hydroxy-3-methylpent-3-enyl]-1,5,6-trimethyl-2,3,6,7,8,8a-hexahydronaphthalene-1-carboxylate	CC1CCC2C(=CCCC2(C)C(=O)OC)C1(C)CCC(=CCO)C	4.80000019	11484430	COCONUT:(CNP0105326);Natural Products:(UNPD44877 UNPD98479);PubChem:(11484430);SuperNatural:(SN00225354 SN00321892)	3178498
113	1	N/A	-297.042908304774	C21H34O3	[M + H]+	NNJNDBOJONNQOQ	InChI=1S/C21H34O3/c1-7-19(4)11-8-16-20(5)12-10-17(23-14-22)18(2,3)15(20)9-13-21(16,6)24-19/h7,14-17H,1,8-13H2,2-6H3	null	CC1(C2CCC3(C(C2(CCC1OC=O)C)CCC(O3)(C)C=C)C)C	5.0	101616731	COCONUT:(CNP0223023);Natural Products:(UNPD127615);PubChem:(101616731);SuperNatural:(SN00346748)	3178498
114	1	N/A	-297.10025626155397	C21H34O3	[M + H]+	DMSWJQXDZQFAGW	InChI=1S/C21H34O3/c1-2-3-4-5-6-7-8-9-10-11-12-13-14-21(24)18-15-19(22)17-20(23)16-18/h15-17,22-23H,2-14H2,1H3	null	CCCCCCCCCCCCCCC(=O)C1=CC(=CC(=C1)O)O	7.69999981	14462139	COCONUT:(CNP0296573);Natural Products:(UNPD54609);PubChem:(14462139);PubMed	2129986
115	1	N/A	-298.53975618932924	C21H34O3	[M + H]+	NAFHEAGJURRYHU	InChI=1S/C21H34O3/c1-13(2)14-7-9-16-15(18(14)24-5)8-10-17-20(16,3)11-6-12-21(17,4)19(22)23/h13-14,17-18H,6-12H2,1-5H3,(H,22,23)	null	CC(C)C1CCC2=C(C1OC)CCC3C2(CCCC3(C)C(=O)O)C	4.90774965	""	COCONUT:(CNP0336957);Natural Products:(UNPD223621)	2129920
116	1	N/A	-299.2012320811611	C21H34O3	[M + H]+	LMHRWOCMLHBWKW	InChI=1S/C21H34O3/c1-7-15(4)12-19(22)24-18-9-11-21(6,23)17-13-16(14(2)3)8-10-20(17,18)5/h8,12,14,17-18,23H,7,9-11,13H2,1-6H3	null	CCC(=CC(=O)OC1CCC(C2C1(CC=C(C2)C(C)C)C)(C)O)C	5.14157152	""	COCONUT:(CNP0167625);Natural Products:(UNPD125813 UNPD217926);SuperNatural:(SN00325519)	3178496
117	1	N/A	-300.31902338138156	C21H34O3	[M + H]+	RFDCLSCMAJQSSJ	InChI=1S/C21H34O3/c1-3-4-5-6-7-8-9-10-11-12-13-15-18(22)21-19(23)16-14-17-20(21)24-2/h14,16-17,23H,3-13,15H2,1-2H3	null	CCCCCCCCCCCCCC(=O)C1=C(C=CC=C1OC)O	8.0	13965857	COCONUT:(CNP0380558);Natural Products:(UNPD147357);PubChem:(13965857);SuperNatural:(SN00241534)	3178498
118	1	N/A	-301.111826568014	C21H34O3	[M + H]+	JGYQPJGHMBZUTL	InChI=1S/C21H34O3/c1-16(2)21-13-12-17(3)10-8-6-7-9-11-19(23-18(4)22)20(5,24-21)14-15-21/h6-7,12,16,19H,8-11,13-15H2,1-5H3	Isoincensole acetate	CC1=CCC2(CCC(O2)(C(CCC=CCC1)OC(=O)C)C)C(C)C	4.80000019	6430771;23305110	COCONUT:(CNP0091485);PubChem:(6430771 23305110);SuperNatural:(SN00160699)	3145730
119	1	N/A	-304.06768870906507	C21H34O3	[M + H]+	FQBFINSNDQQQIS	InChI=1S/C21H34O3/c1-3-4-5-6-7-8-9-10-11-12-13-14-15-16-17-19-20(22)18(2)24-21(19)23/h10-11,22H,2-9,12-17H2,1H3	null	CCCCCCCCC=CCCCCCCC1=C(C(=C)OC1=O)O	7.69999981	101288443	COCONUT:(CNP0165115);Natural Products:(UNPD168072);PubChem:(101288443);SuperNatural:(SN00383778)	3178498
120	1	N/A	-304.7463855869344	C21H34O3	[M + H]+	DNTSXRMSSGNLFL	InChI=1S/C21H34O3/c1-2-3-4-5-6-7-8-9-10-11-12-13-15-18-16-14-17-19(22)20(18)21(23)24/h14,16-17,22H,2-13,15H2,1H3,(H,23,24)	2-hydroxy-6-tetradecylbenzoic acid	CCCCCCCCCCCCCCC1=C(C(=CC=C1)O)C(=O)O	8.89999962	5318118	COCONUT:(CNP0247204 CNP0417266);Natural Products:(UNPD41346);PubChem:(5318118);SuperNatural:(SN00166624)	3178498
121	1	N/A	-305.55028508906315	C21H34O3	[M + H]+	TVGUMWJNRTVELQ	InChI=1S/C21H34O3/c1-4-5-6-7-8-9-10-11-12-13-14-15-19(22)20-17(2)16-18(3)24-21(20)23/h4-5,18H,6-16H2,1-3H3	null	CC=CCCCCCCCCCCC(=O)C1=C(CC(OC1=O)C)C	6.30000019	10759179	COCONUT:(CNP0276576);Natural Products:(UNPD182444);PubChem:(10759179);SuperNatural:(SN00279608);MeSH:(10759179);PubMed	3178566
122	1	N/A	-307.28346168513724	C21H34O3	[M + H]+	LWWWPWARMZZQBS	InChI=1S/C21H34O3/c1-14-9-10-16-15(8-7-11-19(16,2)3)17-12-20(4,13-18(22)23-6)24-21(14,17)5/h14,17H,7-13H2,1-6H3	null	CC1CCC2=C(CCCC2(C)C)C3C1(OC(C3)(C)CC(=O)OC)C	4.0	71520814	COCONUT:(CNP0124450);MeSH:(71520814);Natural Products:(UNPD216878);PubChem:(71520814);PubMed	2129990
123	1	N/A	-309.56524354360204	C21H34O3	[M + H]+	AKFSYMQHQPROTH	InChI=1S/C21H34O3/c1-7-19(3,23)13-14-20(4)15(2)11-12-21(5)16(18(22)24-6)9-8-10-17(20)21/h7,9,15,17,23H,1,8,10-14H2,2-6H3	null	CC1CCC2(C(C1(C)CCC(C)(C=C)O)CCC=C2C(=O)OC)C	4.97138405	""	COCONUT:(CNP0152210);Natural Products:(UNPD110799);SuperNatural:(SN00249200)	3178496
124	1	N/A	-310.27327662994287	C21H34O3	[M + H]+	ZFYQTYYYCYTQSH	InChI=1S/C21H34O3/c1-14(13-19(23)24-6)12-18(22)21(5)15(2)9-10-16-17(21)8-7-11-20(16,3)4/h13,15,18,22H,7-12H2,1-6H3	null	CC1CCC2=C(C1(C)C(CC(=CC(=O)OC)C)O)CCCC2(C)C	5.0	71520817	COCONUT:(CNP0160330);MeSH:(71520817);Natural Products:(UNPD223226);PubChem:(71520817);PubMed	2129990
125	1	N/A	-311.019914203242	C21H34O3	[M + H]+	FHMFBFOYYFALJS	InChI=1S/C21H34O3/c1-14(2)7-6-8-15(3)17-9-10-18(20(23)24-5)21(17)12-11-16(4)19(22)13-21/h7,11,15,17-19,22H,6,8-10,12-13H2,1-5H3	null	CC1=CCC2(CC1O)C(CCC2C(=O)OC)C(C)CCC=C(C)C	5.00741768	""	COCONUT:(CNP0249823);Natural Products:(UNPD15026 UNPD9825);SuperNatural:(SN00269546 SN00250428)	3178496
126	1	N/A	-320.73101457498257	C21H34O3	[M + H]+	FKEHBVIANKGSMS	InChI=1S/C21H34O3/c1-7-19(3,23)13-14-20(4)15(2)10-11-17-16(20)9-8-12-21(17,5)18(22)24-6/h7,9,15,17,23H,1,8,10-14H2,2-6H3	methyl (1S,5S,6R,8aS)-5-[(3R)-3-hydroxy-3-methylpent-4-enyl]-1,5,6-trimethyl-2,3,6,7,8,8a-hexahydronaphthalene-1-carboxylate	CC1CCC2C(=CCCC2(C)C(=O)OC)C1(C)CCC(C)(C=C)O	4.4000001	21629519;101677453	COCONUT:(CNP0246843);Natural Products:(UNPD130291 UNPD70550);PubChem:(21629519 101677453);SuperNatural:(SN00377751 SN00287118)	3178498
127	1	N/A	-324.91508723197074	C21H34O3	[M + H]+	KHRZULHEQLVQNI	InChI=1S/C21H34O3/c1-5-6-11-14-19-17(2)18(3)20(24-19)15-12-9-7-8-10-13-16-21(22)23-4/h12,15H,5-11,13-14,16H2,1-4H3	null	CCCCCC1=C(C(=C(O1)C=CCCCCCCC(=O)OC)C)C	7.20424366	""	COCONUT:(CNP0163717);Natural Products:(UNPD36565 UNPD207845 UNPD219939);SuperNatural:(SN00333082)	3178496
128	1	N/A	-325.4839033424885	C21H34O3	[M + H]+	GLMNKLXXGBPXRH	InChI=1S/C21H34O3/c1-7-19(3,23)14-11-16-15(2)9-10-17-20(16,4)12-8-13-21(17,5)18(22)24-6/h7,17,23H,1,8-14H2,2-6H3	null	CC1=C(C2(CCCC(C2CC1)(C)C(=O)OC)C)CCC(C)(C=C)O	5.09008455	""	COCONUT:(CNP0170139);Natural Products:(UNPD128223)	2129920
129	1	N/A	-329.38869770709357	C21H34O3	[M + H]+	LRMBVPPNMSRMSA	InChI=1S/C21H34O3/c1-15-7-6-12-21(4,23-5)20(22)11-9-16(2)13-19-18(10-8-15)17(3)14-24-19/h7,13,19-20,22H,6,8-12,14H2,1-5H3	null	CC1=CCCC(C(CCC(=CC2C(=C(CO2)C)CC1)C)O)(C)OC	2.29999995	24950832	COCONUT:(CNP0135960);Natural Products:(UNPD196497);PubChem:(24950832);PubMed	2129986
130	1	N/A	-330.84859642996605	C21H34O3	[M + H]+	PLJKAXMGXOUMBM	InChI=1S/C21H34O3/c1-13(2)15-6-8-20(4)11-18-16(7-9-21(18,23)12-24-5)14(3)19(22)10-17(15)20/h11,13-14,16,19,22-23H,6-10,12H2,1-5H3	null	CC1C2CCC(C2=CC3(CCC(=C3CC1O)C(C)C)C)(COC)O	2.4000001	90657944;139586618	COCONUT:(CNP0399370);Natural Products:(UNPD170986);PubChem:(90657944 139586618);SuperNatural:(SN00320775);PubChem class - bio and metabolites;PubMed;Biocyc:(CPD-16829)	19957826
131	1	N/A	-331.4258330028597	C21H34O3	[M + H]+	XNBUKRQGYHYOOP	InChI=1S/C21H34O3/c1-3-4-5-6-7-8-9-10-11-12-19(22)15-13-18-14-16-20(23)21(17-18)24-2/h14,16-17,23H,3-13,15H2,1-2H3	null	CCCCCCCCCCCC(=O)CCC1=CC(=C(C=C1)O)OC	6.47652388	51352076	COCONUT:(CNP0379372);HMDB:(40642);Natural Products:(UNPD54314);PubChem:(51352076);SuperNatural:(SN00163792);PubChem class - bio and metabolites	19955722
132	1	N/A	-331.4537985256299	C21H34O3	[M + H]+	XGGJGLBDUOFZAR	InChI=1S/C21H34O3/c1-2-3-4-5-6-7-8-9-10-11-12-13-14-15-18-16-19(22)17-20(23)21(18)24/h7-8,16-17,22-24H,2-6,9-15H2,1H3	6-[(8Z)-pentadec-8-en-1-yl]benzene-1,2,4-triol	CCCCCCC=CCCCCCCCC1=C(C(=CC(=C1)O)O)O	7.80000019	70679047	PubChem:(70679047);CHEBI:(70999);KEGG Mine	8589934626
133	1	N/A	-332.6383488590555	C21H34O3	[M + H]+	TWPKVIVCLJTFPY	InChI=1S/C21H34O3/c1-15-8-9-16-18(2,3)10-7-11-20(16,5)21(15)13-12-19(4,24-21)14-17(22)23-6/h8,16H,7,9-14H2,1-6H3	Oprea1_526950	CC1=CCC2C(CCCC2(C13CCC(O3)(C)CC(=O)OC)C)(C)C	4.4000001	610958;7302449;7302450;7302451;7302452;13918343;13918347;25797614;100868901;129426379	COCONUT:(CNP0408629);Natural Products:(UNPD37513 UNPD100967 UNPD118702 UNPD134900 UNPD187100);PubChem:(610958 7302449 7302450 7302451 7302452 13918343 13918347 25797614 100868901 129426379);SuperNatural:(SN00400342 SN00400321 SN00236226 SN00224431 SN00282172);PubMed	3178562
134	1	N/A	-334.87106215733587	C21H34O3	[M + H]+	KABWSHPOQRAYAB	InChI=1S/C21H34O3/c1-5-6-11-14-19-17(2)18(3)20(24-19)15-12-9-7-8-10-13-16-21(22)23-4/h11,14H,5-10,12-13,15-16H2,1-4H3	null	CCCC=CC1=C(C(=C(O1)CCCCCCCCC(=O)OC)C)C	7.20424366	""	COCONUT:(CNP0150818);Natural Products:(UNPD180846 UNPD228378)	2129920
135	1	N/A	-336.71425839071657	C21H34O3	[M + H]+	KXOPCOTWHYFFPC	InChI=1S/C21H34O3/c1-14(2)8-6-10-16(4)20-18-13-24-21(23-5)17(18)11-7-9-15(3)12-19(20)22/h8-9,11,16,18-22H,6-7,10,12-13H2,1-5H3	null	CC1=CCC=C2C(COC2OC)C(C(C1)O)C(C)CCC=C(C)C	4.0999999	44235202	COCONUT:(CNP0210296);Natural Products:(UNPD187262);PubChem:(44235202);SuperNatural:(SN00324351)	3178498
136	1	N/A	-344.4711918849564	C21H34O3	[M + H]+	KNRYDHYIBCELSZ	InChI=1S/C21H34O3/c1-8-19(4)11-9-16(13-17(19)15(2)3)21(6)18(24-21)10-12-20(5,14-22)23-7/h8,10,12,16-18,22H,1-2,9,11,13-14H2,3-7H3	(E)-4-[(3S)-3-[(4R)-4-ethenyl-4-methyl-3-prop-1-en-2-ylcyclohexyl]-3-methyloxiran-2-yl]-2-methoxy-2-methylbut-3-en-1-ol	CC(=C)C1CC(CCC1(C)C=C)C2(C(O2)C=CC(C)(CO)OC)C	4.0999999	21773349	COCONUT:(CNP0304792);Natural Products:(UNPD61557);PubChem:(21773349);SuperNatural:(SN00373988)	3178498
137	1	N/A	-345.61954576231136	C21H34O3	[M + H]+	LKFIFZHFSPDZEZ	InChI=1S/C21H34O3/c1-3-4-5-6-7-8-9-10-11-12-13-14-18-15-19(23)16-20(24)21(18)17(2)22/h15-16,23-24H,3-14H2,1-2H3	Kneglomeratanone B	CCCCCCCCCCCCCC1=C(C(=CC(=C1)O)O)C(=O)C	8.19999981	196947	COCONUT:(CNP0078403);MeSH:(196947);PubChem:(196947);PubMed	2097222
138	1	N/A	-348.4027902465716	C21H34O3	[M + H]+	UXORUSKBVACZHJ	InChI=1S/C21H34O3/c1-6-10-11-17(7-2)12-16(5)14-20(8-3)15-21(9-4)18(23-20)13-19(22)24-21/h10-11,14,17-18H,6-9,12-13,15H2,1-5H3	(3aS,5R,6aS)-5,6a-diethyl-5-[(1E,4R,5E)-4-ethyl-2-methylocta-1,5-dienyl]-3a,6-dihydro-3H-furo[3,2-b]furan-2-one	CCC=CC(CC)CC(=CC1(CC2(C(O1)CC(=O)O2)CC)CC)C	5.4000001	12002839;10336999;101056657;101424362	COCONUT:(CNP0263667);Natural Products:(UNPD42019 UNPD32385);PubChem:(12002839 10336999 101056657 101424362);SuperNatural:(SN00336609 SN00289503);MeSH:(10336999 101056657);PubMed	3178566
139	1	N/A	-352.62156207037674	C21H34O3	[M + H]+	LAVVTAFRFZNUBP	InChI=1S/C21H34O3/c1-3-5-10-13-21(14-11-8-6-7-9-12-15-21)16-17-19(22)18(4-2)24-20(17)23/h10,13,16,18-19,22H,3-9,11-12,14-15H2,1-2H3	null	CCCC=CC1(CCCCCCCC1)C=C2C(C(OC2=O)CC)O	5.895926	""	COCONUT:(CNP0357206)	2097152
140	1	N/A	-356.48810549066184	C21H34O3	[M + H]+	IHUILYJKMHTVRM	InChI=1S/C21H34O3/c1-15-7-10-18-20(2,3)11-6-12-21(18,4)17(15)9-8-16(14-22)13-19(23)24-5/h8,14,17-19,23H,1,6-7,9-13H2,2-5H3	null	CC1(CCCC2(C1CCC(=C)C2CC=C(CC(O)OC)C=O)C)C	4.98502779	""	COCONUT:(CNP0209346)	2097152
141	1	N/A	-365.32934636219414	C21H34O3	[M + H]+	TXXJITWKACQCHC	InChI=1S/C21H34O3/c1-3-4-5-6-7-8-9-10-11-12-13-14-15-16-18-21(23-2)19-17-20(22)24-21/h3-6,17,19H,7-16,18H2,1-2H3	5-[(12E,14E)-hexadeca-12,14-dienyl]-5-methoxyfuran-2-one	CC=CC=CCCCCCCCCCCCC1(C=CC(=O)O1)OC	7.0999999	14775741	COCONUT:(CNP0211060);Natural Products:(UNPD61558);PubChem:(14775741);SuperNatural:(SN00240423)	3178498
142	1	N/A	-381.8327942721941	C21H34O3	[M + H]+	UEGIIVCBJXWWFP	InChI=1S/C21H34O3/c1-13-7-8-15-18(17-14(13)9-12-20(17,4)23)21(15,5)16(24-6)10-11-19(2,3)22/h10-11,14-18,22-23H,1,7-9,12H2,2-6H3	null	CC1(CCC2C1C3C(C3(C)C(C=CC(C)(C)O)OC)CCC2=C)O	2.70000005	72946818;76328042	COCONUT:(CNP0167123);Natural Products:(UNPD230082);PubChem:(72946818 76328042);PubMed	2129986
143	1	N/A	-391.6605557004063	C21H34O3	[M + H]+	KQBASRSRJMDOBH	InChI=1S/C21H34O3/c1-3-4-5-6-7-8-9-10-11-12-18-13-17-14-19(23-2)15-21(22)20(17)16-24-18/h14-15,18,22H,3-13,16H2,1-2H3	null	CCCCCCCCCCCC1CC2=CC(=CC(=C2CO1)O)OC	6.50706673	""	COCONUT:(CNP0367894);Natural Products:(UNPD57966);SuperNatural:(SN00279818)	3178496
144	1	N/A	-391.99683665218276	C21H34O3	[M + H]+	FBGKSDGGQKSQAK	InChI=1S/C21H34O3/c1-5-6-7-11-17-13-19(23)21(20(24)14-17)18(22)12-16(4)10-8-9-15(2)3/h9,13-14,16,18,22-24H,5-8,10-12H2,1-4H3	null	CCCCCC1=CC(=C(C(=C1)O)C(CC(C)CCC=C(C)C)O)O	6.15196085	""	COCONUT:(CNP0230887)	2097152
145	1	N/A	-394.19383188426457	C21H34O3	[M + H]+	OKVJARRIMBJYOS	InChI=1S/C21H34O3/c1-18(22)12-10-8-6-4-2-3-5-7-9-11-13-19-14-15-20-21(16-19)24-17-23-20/h14-16,18,22H,2-13,17H2,1H3	null	CC(CCCCCCCCCCCCC1=CC2=C(C=C1)OCO2)O	7.05610514	100917964	COCONUT:(CNP0156692);Natural Products:(UNPD161004);PubChem:(100917964);SuperNatural:(SN00276590)	3178498
146	1	N/A	-412.2288646766425	C21H34O3	[M + H]+	IPVYZLACGWVYRC	InChI=1S/C21H34O3/c1-8-9-13(2)10-14(3)11-15(4)12-16(5)20-17(6)19(22)18(7)21(23)24-20/h12-15,22H,8-11H2,1-7H3	2-hydroxy-3,5-dimethyl-6-(4,6,8-trimethylundec-2-en-2-yl)pyran-4-one	CCCC(C)CC(C)CC(C)C=C(C)C1=C(C(=C(C(=O)O1)C)O)C	6.5999999	54676235;54679368;54702598;54703341;54704234;54706700;54716154	COCONUT:(CNP0241394);Natural Products:(UNPD5431 UNPD173140 UNPD167969);PubChem:(54676235 54679368 54702598 54703341 54704234 54706700 54716154);SuperNatural:(SN00272654 SN00240690 SN00369288);MeSH:(54706700);PubMed	3178566
147	1	N/A	-419.2791493459242	C21H34O3	[M + H]+	SLWGOYZIAQFRAQ	InChI=1S/C21H34O3/c1-13(2)14(3)6-7-15(4)16-8-9-17-18-12-19(22)24-21(18,23)11-10-20(16,17)5/h12-17,23H,6-11H2,1-5H3	null	CC(C)C(C)CCC(C)C1CCC2C1(CCC3(C2=CC(=O)O3)O)C	5.30000019	16104244	COCONUT:(CNP0260775);Natural Products:(UNPD13716);PubChem:(16104244);SuperNatural:(SN00321087)	3178498