structureRankPerFormula	formulaRank	ConfidenceScore	CSI:FingerIDScore	molecularFormula	adduct	InChIkey2D	InChI	name	smiles	xlogp	pubchemids	links	dbflags
1	1	0.9654336254882379	-1.9066102135466914	C6H9N3O2	[M + H]+	HNDVDQJCIGZPNO	InChI=1S/C6H9N3O2/c7-5(6(10)11)1-4-2-8-3-9-4/h2-3,5H,1,7H2,(H,8,9)(H,10,11)	histidin	C1=C(NC=N1)CC(C(=O)O)N	-3.20000005	773;6274;71083;135379;3651426;3651721;3723250;4629346;5247180;5288059;5288559;5460934;5460936;5460937;5460941;5460943;5460945;5460948;6971009;6971048;9815258;10103401;11159446;11159482;10261337;11194454;10313231;15556516;10329518;11378637;16056331;16217281;16217564;22058933;25240990;25241086;25241111;25241571;46781699;51342292;59048770;59373198;58203003;71725525;71777659;73755104;71309184;71309586;71309659;71309677;86580368;87528073;90472119;101100551;102176482;102462245;118264376;122411931;122411932;124202807;130346518;129716535;132472196;136205229;136264951;136264952;136768573;136768597;136768598;136802402;137333494;136951621	HMDB:(177);PubChem class - food;ZINC bio:(ZINC06661227 ZINC06661404 ZINC18274816 ZINC19014871);additional;HSDB:(71-00-1);MeSH:(6274 5288559 6971009);Plantcyc:(HIS);PubMed;NORMAN:(NS00005578);COCONUT:(CNP0082853 CNP0161367 CNP0173055 CNP0255571);KNApSAcK:(1363);Natural Products:(UNPD182729 UNPD171151);PubChem:(773 6274 71083 135379 3651426 3651721 3723250 4629346 5247180 5288059 5288559 5460934 5460936 5460937 5460941 5460943 5460945 5460948 6971009 6971048 9815258 10103401 11159446 11159482 10261337 11194454 10313231 15556516 10329518 11378637 16056331 16217281 16217564 22058933 25240990 25241086 25241111 25241571 46781699 51342292 59048770 59373198 58203003 71725525 71777659 73755104 71309184 71309586 71309659 71309677 86580368 87528073 90472119 101100551 102176482 102462245 118264376 122411931 122411932 124202807 130346518 129716535 132472196 136205229 136264951 136264952 136768573 136768597 136768598 136802402 137333494 136951621);CHEBI:(27570 57595 32512 32532 32529 32523 27947 32531 32527 32526 32513 32510 142967 15971);PubChem class - bio and metabolites;KEGG:(C00135 C00768 C06419);PubChem class - safety and toxic;YMDB:(794 369);Training Set;PubChem class - drug;Biocyc:(CPD-12151 CPD-12472 HIS)	254798718
2	1	N/A	-135.1253249302366	C6H9N3O2	[M + H]+	MYFWUKZYURBPHI	InChI=1S/C6H9N3O2/c7-4(6(10)11)3-5-8-1-2-9-5/h1-2,4H,3,7H2,(H,8,9)(H,10,11)	3-Imidazolyl-L-alanine	C1=CN=C(N1)CC(C(=O)O)N	-3.20000005	300799;11955442;22319406;86310819	COCONUT:(CNP0110226);Natural Products:(UNPD34342);PubChem:(300799 11955442 22319406 86310819);ZINC bio:(ZINC05647568)	2138114
3	1	N/A	-211.27940430523762	C6H9N3O2	[M + H]+	PIGOPELHGLPKLL	InChI=1S/C6H9N3O2/c7-5(6(10)11)4-9-3-1-2-8-9/h1-3,5H,4,7H2,(H,10,11)	Pyrazole-1-alanine	C1=CN(N=C1)CC(C(=O)O)N	-3.4000001	119630;151491;25203312;40584725;40584726;139024977	HMDB:(34267);SuperNatural:(SN00378049);ZINC bio:(ZINC00895518 ZINC06119176);additional;MeSH:(119630 151491);Plantcyc:(CPD-670);PubMed;NORMAN:(NS00049266);COCONUT:(CNP0296227);KNApSAcK:(1390);Natural Products:(UNPD166609);PubChem:(119630 151491 25203312 40584725 40584726 139024977);CHEBI:(16357 57747);PubChem class - bio and metabolites;KEGG:(C01162);Training Set;Biocyc:(CPD-670)	20900222
4	1	N/A	-264.8011202484851	C6H9N3O2	[M + H]+	QDSMMCFEDQQODS	InChI=1S/C6H9N3O2/c1-2-8-6(11)9-5(10)3-4-7/h2-3H2,1H3,(H2,8,9,10,11)	1-Cyanoacetyl-3-ethyl urea	CCNC(=O)NC(=O)CC#N	-0.674694359	170460	PubChem:(170460);NORMAN:(NS00006519)	262146
5	1	N/A	-303.4508234174291	C6H9N3O2	[M + H]+	IKJZVLQZWUDHFV	InChI=1S/C6H9N3O2/c1-3-5-4-7-6(8(5)2)9(10)11/h4H,3H2,1-2H3	5-Ethyl-1-methyl-2-nitroimidazole	CCC1=CN=C(N1C)[N+](=O)[O-]	1.60945547	89839	PubChem:(89839);PubChem class - safety and toxic	67108866
6	1	N/A	-312.8997861269107	C6H9N3O2	[M + H]+	PKWOWWVMUZLZAC	InChI=1S/C6H9N3O2/c1-2-3-5-4-7-6(8-5)9(10)11/h4H,2-3H2,1H3,(H,7,8)	2-nitro-5-propyl-1h-imidazole	CCCC1=CN=C(N1)[N+](=O)[O-]	1.39999998	88923	PubChem:(88923);PubChem class - safety and toxic	67108866
7	1	N/A	-319.46403398730865	C6H9N3O2	[M + H]+	NIZHAUDFIOIGPX	InChI=1S/C6H9N3O2/c1-3-8-5(2)4-7-6(8)9(10)11/h4H,3H2,1-2H3	1-Ethyl-5-methyl-2-nitroimidazole	CCN1C(=CN=C1[N+](=O)[O-])C	1.59128177	90176	PubChem:(90176);PubChem class - safety and toxic	67108866
8	1	N/A	-321.6870182187935	C6H9N3O2	[M + H]+	JHUPSALKEOYJJF	InChI=1S/C6H9N3O2/c1-3-5-4-8(2)6(7-5)9(10)11/h4H,3H2,1-2H3	4-Ethyl-1-methyl-2-nitroimidazole	CCC1=CN(C(=N1)[N+](=O)[O-])C	1.0	90198	PubChem:(90198);PubChem class - safety and toxic	67108866
9	1	N/A	-333.34030005235206	C6H9N3O2	[M + H]+	DBEIAMRYPAJZHO	InChI=1S/C6H9N3O2/c1-8-6(11)9(2)5(10)3-4-7/h3H2,1-2H3,(H,8,11)	1,3-Dimethylcyanoacethylurea	CNC(=O)N(C)C(=O)CC#N	-0.200000003	170228	PubChem:(170228);NORMAN:(NS00030624)	262146
10	1	N/A	-333.7677388901392	C6H9N3O2	[M + H]+	SRJMBXMOYJIPDR	InChI=1S/C6H9N3O2/c10-2-1-8-6(11)5-3-7-4-9-5/h3-4,10H,1-2H2,(H,7,9)(H,8,11)	null	C1=C(NC=N1)C(=O)NCCO	-1.0	65940567	PubChem:(65940567);PubChem class - safety and toxic	67108866
11	1	N/A	-340.64029429470014	C6H9N3O2	[M + H]+	AUBVNSHIGBWECH	InChI=1S/C6H9N3O2/c1-5(2-6(10)11)9-4-7-3-8-9/h3-5H,2H2,1H3,(H,10,11)	3-(1,2,4-triazolyl)butanoic acid	CC(CC(=O)O)N1C=NC=N1	-0.200000003	1096339;1096340;3159018;6966166;6966167	PubChem:(1096339 1096340 3159018 6966166 6966167);PubChem class - safety and toxic	67108866
12	1	N/A	-341.4728546893998	C6H9N3O2	[M + H]+	KGAOHUFMWYKBMY	InChI=1S/C6H9N3O2/c1-4-5(2)8(3)6(7-4)9(10)11/h1-3H3	1,4,5-Trimethyl-2-nitroimidazole	CC1=C(N(C(=N1)[N+](=O)[O-])C)C	1.0	201544	PubChem:(201544);PubChem class - safety and toxic	67108866
13	1	N/A	-370.69956715378174	C6H9N3O2	[M + H]+	YSZYFGMARJFMJK	InChI=1S/C6H9N3O2/c1-4-6(9(10)11)5(2)8(3)7-4/h1-3H3	Maybridge1_003099	CC1=C(C(=NN1C)C)[N+](=O)[O-]	0.899999976	121019;45121440	PubChem:(121019 45121440);PubChem class - safety and toxic	67108866
14	1	N/A	-388.8419260797426	C6H9N3O2	[M + H]+	DOQREVDTYAHWSN	InChI=1S/C6H9N3O2/c1-8(11-2)6(10)9-4-3-7-5-9/h3-5H,1-2H3	null	CN(C(=O)N1C=CN=C1)OC	0.0	12185908	PubChem:(12185908);PubChem class - safety and toxic	67108866
15	1	N/A	-402.047178741913	C6H9N3O2	[M + H]+	LNTJJKHTAZFVJJ	InChI=1S/C6H9N3O2/c1-10-5-3-4(7)8-6(9-5)11-2/h3H,1-2H3,(H2,7,8,9)	Pyrimidine,6-dimethoxy-	COC1=NC(=NC(=C1)N)OC	0.5	76789;11263627	NORMAN:(NS00029376);PubChem class - safety and toxic;PubChem:(76789 11263627);PubMed	67371074
16	1	N/A	-403.1873184502948	C6H9N3O2	[M + H]+	LRXLKHUITSXGHG	InChI=1S/C6H9N3O2/c1-2-11-6(10)5(3-7)4-9-8/h4,9H,2,8H2,1H3	Ethyl 2-cyano-3-hydrazinoacrylate	CCOC(=O)C(=CNN)C#N	0.400000006	99817;5992738;6378203	PubChem:(99817 5992738 6378203);NORMAN:(NS00057600)	262146
17	1	N/A	-404.0389569519376	C6H9N3O2	[M + H]+	LVFRCHIUUKWBLR	InChI=1S/C6H9N3O2/c1-10-4-3-5(11-2)9-6(7)8-4/h3H,1-2H3,(H2,7,8,9)	zlchem 350	COC1=CC(=NC(=N1)N)OC	0.5	118946;11240617;11446481;71309698;71313201	NORMAN:(NS00008064);PubChem:(118946 11240617 11446481 71309698 71313201);MeSH:(118946);PubChem class - safety and toxic;PubMed;KEGG Mine	8657305670
18	1	N/A	-408.0115630676758	C6H9N3O2	[M + H]+	SQZCZXRYOJJCDU	InChI=1S/C6H9N3O2/c1-4(2)6-7-3-5(8-6)9(10)11/h3-4H,1-2H3,(H,7,8)	N-Desmethyl Ipronidazole	CC(C)C1=NC=C(N1)[N+](=O)[O-]	1.55817914	83389	PubChem:(83389);NORMAN:(NS00024306)	262146
19	1	N/A	-415.4078699359967	C6H9N3O2	[M + H]+	TXHKICGVVGEHBN	InChI=1S/C6H9N3O2/c1-3-11-6(10)5-7-4(2)8-9-5/h3H2,1-2H3,(H,7,8,9)	Ethyl 5-methyl-4H-1,2,4-triazole-3-carboxylate	CCOC(=O)C1=NNC(=N1)C	0.899999976	10464537	PubChem:(10464537);PubChem class - safety and toxic	67108866
20	1	N/A	-419.9321392813734	C6H9N3O2	[M + H]+	AVSQIANZTCVZNC	InChI=1S/C6H9N3O2/c1-3-11-6(10)5-4(2)7-9-8-5/h3H2,1-2H3,(H,7,8,9)	ethyl 5-methyl-2H-triazole-4-carboxylate	CCOC(=O)C1=NNN=C1C	0.600000024	78046	NORMAN:(NS00022191);PubChem:(78046);PubMed	262210
21	1	N/A	-423.641232205064	C6H9N3O2	[M + H]+	USYXTUCKZFOJGL	InChI=1S/C6H9N3O2/c1-4-3-9(2)6(10)7-5(4)8-11/h3,11H,1-2H3,(H,7,8,10)	1,5-Dimethyl-N(4)-hydroxycytosine	CC1=CN(C(=O)N=C1NO)C	-0.800000012	192169	PubChem:(192169);MeSH:(192169)	6
22	1	N/A	-427.411743671675	C6H9N3O2	[M + H]+	KQAVTJRVWQMVAF	InChI=1S/C6H9N3O2/c1-3-5-4-8(2)7-6(5)9(10)11/h4H,3H2,1-2H3	4-ethyl-1-methyl-3-nitropyrazole	CCC1=CN(N=C1[N+](=O)[O-])C	1.20000005	3631408	PubChem:(3631408);PubChem class - safety and toxic	67108866
23	1	N/A	-429.0539188814331	C6H9N3O2	[M + H]+	ZPNHGSNYBLXGOL	InChI=1S/C6H9N3O2/c1-11-6-8-2-4(3-10)5(7)9-6/h2,10H,3H2,1H3,(H2,7,8,9)	Bacimetrin	COC1=NC=C(C(=N1)N)CO	-0.200000003	96318	SuperNatural:(SN00367797);MeSH:(96318);Plantcyc:(BACIMETHRIN);PubMed;NORMAN:(NS00011748);COCONUT:(CNP0364997);KNApSAcK:(18691);Natural Products:(UNPD120147);PubChem:(96318);PubChem class - bio and metabolites;PubChem class - safety and toxic;Biocyc:(BACIMETHRIN)	87459926
24	1	N/A	-431.1763439192677	C6H9N3O2	[M + H]+	HBFKTNIVBGBQSS	InChI=1S/C6H9N3O2/c1-8-4(7)3-5(10)9(2)6(8)11/h7H,3H2,1-2H3	Dihydro-6-imino-1,3-dimethyluracil	CN1C(=N)CC(=O)N(C1=O)C	-0.699999988	87278	PubChem:(87278);NORMAN:(NS00052760)	262146
25	1	N/A	-433.7150350827446	C6H9N3O2	[M + H]+	VFGRNTYELNYSKJ	InChI=1S/C6H9N3O2/c1-8-4(7)3-5(10)9(2)6(8)11/h3H,7H2,1-2H3	Oprea1_258982	CN1C(=CC(=O)N(C1=O)C)N	-1.10000002	81152;4266119;16122311	NORMAN:(NS00007019);COCONUT:(CNP0044328);PubChem:(81152 4266119 16122311);SuperNatural:(SN00117236);ZINC bio:(ZINC00105224);MeSH:(81152);PubChem class - safety and toxic;PubMed	70524998
26	1	N/A	-436.0024640178133	C6H9N3O2	[M + H]+	AXUGRGMAYULTQT	InChI=1S/C6H9N3O2/c1-11-6(10)4-9-3-2-5(7)8-9/h2-3H,4H2,1H3,(H2,7,8)	methyl 2-(3-aminopyrazol-1-yl)acetate	COC(=O)CN1C=CC(=N1)N	-0.100000001	50989159	PubChem:(50989159);PubChem class - safety and toxic	67108866
27	1	N/A	-444.89234655702865	C6H9N3O2	[M + H]+	NQTVWBQUVAWSQD	InChI=1S/C6H9N3O2/c1-4(2)6-5(9(10)11)3-7-8-6/h3-4H,1-2H3,(H,7,8)	null	CC(C)C1=C(C=NN1)[N+](=O)[O-]	1.20000005	61394753	PubChem:(61394753);PubChem class - safety and toxic	67108866
28	1	N/A	-446.2464585901126	C6H9N3O2	[M + H]+	JLIFAQGFWIYWDA	InChI=1S/C6H9N3O2/c1-2-11-6(10)5-4(7)3-8-9-5/h3H,2,7H2,1H3,(H,8,9)	ethyl 4-aminopyrazole-3-carboxylate	CCOC(=O)C1=C(C=NN1)N	0.600000024	4912934	PubChem:(4912934);PubChem class - safety and toxic	67108866
29	1	N/A	-447.5609368563066	C6H9N3O2	[M + H]+	DSZCTEKQKSQZDR	InChI=1S/C6H9N3O2/c1-4-3-7-6(10)8-5(4)9-11-2/h3H,1-2H3,(H2,7,8,9,10)	N(4)-Methoxy-5-methylcytosine	CC1=C(NC(=O)N=C1)NOC	-0.100000001	128338	MeSH:(128338);PubChem:(128338);PubMed	70
30	1	N/A	-451.1385643255403	C6H9N3O2	[M + H]+	OBYHDGNNFIOYSU	InChI=1S/C6H9N3O2/c1-10-4-5(7)8-3-9-6(4)11-2/h3H,1-2H3,(H2,7,8,9)	5,6-Dimethoxypyrimidin-4-amine	COC1=C(N=CN=C1OC)N	0.100000001	78722	PubChem:(78722);NORMAN:(NS00032011)	262146
31	1	N/A	-451.4444690055126	C6H9N3O2	[M + H]+	CCHMTZLZEZOPMO	InChI=1S/C6H9N3O2/c1-2-7-5(10)9-6-8-3-4-11-6/h3-4H,2H2,1H3,(H2,7,8,9,10)	1-Ethyl-3-(2-oxazolyl)urea	CCNC(=O)NC1=NC=CO1	0.0	118844	PubChem:(118844);PubChem class - safety and toxic	67108866
32	1	N/A	-452.66563389049895	C6H9N3O2	[M + H]+	QHEMDIZENXAVRQ	InChI=1S/C6H9N3O2/c1-2-9-4(7)3-5(10)8-6(9)11/h3H,2,7H2,1H3,(H,8,10,11)	Oprea1_846044	CCN1C(=CC(=O)NC1=O)N	-0.899999976	853899	EcoCyc Mine;PubChem class - safety and toxic;PubChem:(853899)	17246978050
33	1	N/A	-454.77236352874144	C6H9N3O2	[M + H]+	DMLIIWGDMRBECT	InChI=1S/C6H9N3O2/c1-10-5(8)3-6(11-2)9-4-7/h3H,8H2,1-2H3	Methyl 3-amino-N-cyano-3-methoxyacrylimidate	COC(=CC(=NC#N)OC)N	0.200000003	9553865;20843441;57353496	PubChem:(9553865 20843441 57353496);NORMAN:(NS00058226)	262146
34	1	N/A	-455.32005200027345	C6H9N3O2	[M + H]+	WUIXVASZWOGVEU	InChI=1S/C6H9N3O2/c1-9-5(7)3-4(8-9)6(10)11-2/h3H,7H2,1-2H3	methyl 5-amino-1-methyl-1H-pyrazole-3-carboxylate	CN1C(=CC(=N1)C(=O)OC)N	0.100000001	13324840	PubChem:(13324840);PubChem class - safety and toxic	67108866
35	1	N/A	-462.33113593402453	C6H9N3O2	[M + H]+	IPYMLHZUKGMYTP	InChI=1S/C6H9N3O2/c1-9-4(6(10)11-2)3-5(7)8-9/h3H,1-2H3,(H2,7,8)	methyl 3-amino-1-methylpyrazole-5-carboxylate	CN1C(=CC(=N1)N)C(=O)OC	0.100000001	13248993	PubChem:(13248993);PubChem class - safety and toxic	67108866
36	1	N/A	-464.81657739641906	C6H9N3O2	[M + H]+	CPQKGGOPHDHAMN	InChI=1S/C6H9N3O2/c1-2-11-6(10)4-3-5(7)9-8-4/h3H,2H2,1H3,(H3,7,8,9)	ethyl 5-aminopyrazole-3-carboxylate	CCOC(=O)C1=CC(=NN1)N	0.400000006	4321844	PubChem:(4321844);PubChem class - safety and toxic	67108866
37	1	N/A	-467.7232530080025	C6H9N3O2	[M + H]+	ZFLPNZSUWANLDK	InChI=1S/C6H9N3O2/c1-4-3-5(9-11-4)6(10)8-7-2/h3,7H,1-2H3,(H,8,10)	N'',5-dimethyl-1,2-oxazole-3-carbohydrazide	CC1=CC(=NO1)C(=O)NNC	0.358407229	55974	PubChem:(55974);PubChem class - safety and toxic	67108866
38	1	N/A	-474.2740723080714	C6H9N3O2	[M + H]+	LXFKHPXXAPOYCC	InChI=1S/C6H9N3O2/c1-9-5(10)3-2-4(8-9)6(7)11/h2-3H2,1H3,(H2,7,11)	Medazomida	CN1C(=O)CCC(=N1)C(=O)N	-1.60000002	9302	MeSH:(9302);PubChem:(9302);PubMed	70
39	1	N/A	-475.86890457160524	C6H9N3O2	[M + H]+	OIZFMHOUKUBDHH	InChI=1S/C6H9N3O2/c1-3-4(7)9(2)6(11)8-5(3)10/h7H2,1-2H3,(H,8,10,11)	6-amino-1,5-dimethylpyrimidine-2,4-dione	CC1=C(N(C(=O)NC1=O)C)N	-1.06656599	5050734	PubChem:(5050734);PubChem class - safety and toxic	67108866
40	1	N/A	-482.1667376634323	C6H9N3O2	[M + H]+	GJIYTJHETGATKF	InChI=1S/C6H9N3O2/c1-2-3-4(10)8-6(7)9-5(3)11/h2H2,1H3,(H4,7,8,9,10,11)	2-amino-5-ethylpyrimidine-4,6-diol	CCC1=C(N=C(NC1=O)N)O	-0.600000024	3613556	PubChem class - safety and toxic;PubChem:(3613556);PubMed	67108930
41	1	N/A	-482.42988983306697	C6H9N3O2	[M + H]+	YPXGHKWOJXQLQU	InChI=1S/C6H9N3O2/c1-2-11-6(10)4-3-8-9-5(4)7/h3H,2H2,1H3,(H3,7,8,9)	Maybridge1_004633	CCOC(=O)C1=C(NN=C1)N	0.600000024	81472;21680209	NORMAN:(NS00010231);PubChem:(81472 21680209);ZINC bio:(ZINC04261766);MeSH:(81472);PubChem class - safety and toxic;PubMed	67379270
42	1	N/A	-527.0311487225388	C6H9N3O2	[M + H]+	DQNKOXLVGDTVAN	InChI=1S/C6H9N3O2/c1-2-3-4(10)5-8-6(7)11-9-5/h2-3H2,1H3,(H2,7,8,9)	1-(5-Amino-1,2,4-oxadiazol-3-yl)-1-butanone	CCCC(=O)C1=NOC(=N1)N	0.600000024	206086	PubChem:(206086);PubChem class - safety and toxic	67108866
1	1	N/A	-420.1692300610256	C6H11N3O3	[M - H2O + H]+	CKRLZVNSTCQAJW	InChI=1S/C6H11N3O3/c7-5(6(11)12)2-1-4(10)3-9-8/h5,8H,1-3,7H2,(H,11,12)	null	C(CC(=O)CN=N)C(C(=O)O)N	-2.5	49866913	PubChem:(49866913);PubChem class - bio and metabolites	16777218
2	1	N/A	-441.22381318997407	C6H11N3O3	[M - H2O + H]+	RRUCHHPCCXAUEE	InChI=1S/C6H11N3O3/c7-3-5(11)9-4-6(12)8-1-2-10/h2H,1,3-4,7H2,(H,8,12)(H,9,11)	2-amino-N-[2-oxo-2-(2-oxoethylamino)ethyl]acetamide	C(C=O)NC(=O)CNC(=O)CN	-2.56793666	448212	PubChem:(448212);PubChem class - bio and metabolites	16777218
3	1	N/A	-517.2262256449408	C6H11N3O3	[M - H2O + H]+	ARBHXJXXVVHMET	InChI=1S/C6H11N3O3/c7-6(8)9-3-1-2-4(10)5(11)12/h1-3H2,(H,11,12)(H4,7,8,9)	2-oxoarginine	C(CC(=O)C(=O)O)CN=C(N)N	-1.60000002	558;5459924;25244978	HMDB:(4225);SuperNatural:(SN00156130);MeSH:(558 25244978);Plantcyc:(CPD-824);PubMed;COCONUT:(CNP0208068);Natural Products:(UNPD101099);PubChem:(558 5459924 25244978);YMDB Mine;CHEBI:(28116 18253 58489);PubChem class - bio and metabolites;EcoCyc Mine;KEGG:(C03771);Biocyc:(CPD-824)	51559696750
4	1	N/A	-521.5419844054519	C6H11N3O3	[M - H2O + H]+	FMVMFABHHLRSFT	InChI=1S/C6H11N3O3/c1-4(2-3-5(10)11)8-9-6(7)12/h2-3H2,1H3,(H,10,11)(H3,7,9,12)	Ambcb5108138	CC(=NNC(=O)N)CCC(=O)O	-1.39999998	229875;5370319;7427786;9568126	PubChem class - safety and toxic;PubChem:(229875 5370319 7427786 9568126);PubMed	67108930
5	1	N/A	-548.2864942545777	C6H11N3O3	[M - H2O + H]+	XGYAQUIYVRSSJC	InChI=1S/C6H11N3O3/c7-9-8-4-6(12)5(11)2-1-3-10/h3,5-6,11-12H,1-2,4H2	null	C(CC(C(CN=[N+]=[N-])O)O)C=O	-0.300000012	86737057	PubChem:(86737057);MeSH:(86737057)	6
6	1	N/A	-589.4415908420847	C6H11N3O3	[M - H2O + H]+	FJDSLLZMUFNXHB	InChI=1S/C6H11N3O3/c1-2-12-5(10)3-4-8-9-6(7)11/h4H,2-3H2,1H3,(H3,7,9,11)	Ethyl 3-((aminocarbonyl)hydrazono)propionate	CCOC(=O)CC=NNC(=O)N	-0.699999988	3016924;6365531;9567893	PubChem:(3016924 6365531 9567893);NORMAN:(NS00059359)	262146
7	1	N/A	-591.2366455604587	C6H11N3O3	[M - H2O + H]+	GEGOVQUAXGTHFG	InChI=1S/C6H11N3O3/c7-6(8)9(2-5(10)11)1-4-3-12-4/h4H,1-3H2,(H3,7,8)(H,10,11)	Epoxycreatine	C1C(O1)CN(CC(=O)O)C(=N)N	-1.5	194341	MeSH:(194341);PubChem:(194341);PubMed	70