structureRankPerFormula	formulaRank	ConfidenceScore	CSI:FingerIDScore	molecularFormula	adduct	InChIkey2D	InChI	name	smiles	xlogp	pubchemids	links	dbflags
1	1	N/A	-163.21633312026566	C14H20O5	[M - H2O + H]+	GZRFAUJVAXSXMI	InChI=1S/C14H20O5/c1-5-6-7-19-14(15)10-8-11(16-2)13(18-4)12(9-10)17-3/h8-9H,5-7H2,1-4H3	Butyl 3,4,5-trimethoxybenzoate	CCCCOC(=O)C1=CC(=C(C(=C1)OC)OC)OC	2.9000001	80316	PubChem:(80316);NORMAN:(NS00034790)	262146
2	1	N/A	-187.9165623943476	C14H20O5	[M - H2O + H]+	RIYBRKZTWIDBPE	InChI=1S/C14H20O5/c1-5-6-8(15)10-9(16)7-14(2,3)11(12(10)17)13(18)19-4/h10-11H,5-7H2,1-4H3	Ambcb5220022	CCCC(=O)C1C(=O)CC(C(C1=O)C(=O)OC)(C)C	1.70000005	788337;788338;2834748;6543144;98095699	COCONUT:(CNP0164937);PubChem:(788337 788338 2834748 6543144 98095699);KEGG Mine	8592031746
3	1	N/A	-188.65283003825652	C14H20O5	[M - H2O + H]+	IYBOYWBAERKTFH	InChI=1S/C14H20O5/c1-8-10(17)13-6-9(16)19-12(13,3)4-5-14(13,18)11(8,2)7-15/h8,15,18H,4-7H2,1-3H3	null	CC1C(=O)C23CC(=O)OC2(CCC3(C1(C)CO)O)C	0.200000003	72205780;72714494	COCONUT:(CNP0128628);Natural Products:(UNPD229891);PubChem:(72205780 72714494)	2129922
4	1	N/A	-197.27640450279264	C14H20O5	[M - H2O + H]+	WZBGFVFSWJFGLB	InChI=1S/C14H20O5/c1-5-6-8(15)10-9(16)7-14(2,3)11(12(10)17)13(18)19-4/h10,17H,5-7H2,1-4H3/p-1	null	CCCC(=O)C1C(=O)CC(C(=C1[O-])C(=O)OC)(C)C	1.54248226	""	COCONUT:(CNP0050022);SuperNatural:(SN00103742 SN00103464)	3145728
5	1	N/A	-207.771785940194	C14H20O5	[M - H2O + H]+	WWXLIDISDPJJIH	InChI=1S/C14H20O5/c1-10(15)19-7-5-6-11-8-12(16-2)14(18-4)13(9-11)17-3/h8-9H,5-7H2,1-4H3	null	CC(=O)OCCCC1=CC(=C(C(=C1)OC)OC)OC	2.58899379	11196443	COCONUT:(CNP0318022);Natural Products:(UNPD7808);PubChem:(11196443)	2129922
6	1	N/A	-212.91632869543977	C14H20O5	[M - H2O + H]+	YLXXHCQRIGITRQ	InChI=1S/C14H20O5/c1-3-4-7-19-14(17)6-5-10-8-13(18-2)12(16)9-11(10)15/h8-9,15-16H,3-7H2,1-2H3	null	CCCCOC(=O)CCC1=CC(=C(C=C1O)O)OC	2.5	123255123	COCONUT:(CNP0198019);Natural Products:(UNPD200124);PubChem:(123255123);PubMed	2129986
7	1	N/A	-219.8086479448592	C14H20O5	[M - H2O + H]+	AYBWQZGGKFGQLB	InChI=1S/C14H20O5/c1-5-19-13(15)7-6-10-8-11(16-2)14(18-4)12(9-10)17-3/h8-9H,5-7H2,1-4H3	Ethyl 3,4,5-trimethoxy dihydrocinnamate	CCOC(=O)CCC1=CC(=C(C(=C1)OC)OC)OC	2.29999995	622665	NORMAN:(NS00037043);PubChem:(622665);PubMed;ZINC bio:(ZINC00157300)	270402
8	1	N/A	-238.46110323450824	C14H20O5	[M - H2O + H]+	DMRIUUMAZLWLQW	InChI=1S/C14H20O5/c1-4-6-11-9(8-10(15)14(17)18-3)13(16)12(19-11)7-5-2/h4-8,10-13,15-16H,1-3H3	null	CC=CC1C(C(=CC(C(=O)OC)O)C(O1)C=CC)O	0.400000006	10611946;10221028;102013220	COCONUT:(CNP0241920);Natural Products:(UNPD21246);PubChem:(10611946 10221028 102013220)	2129922
9	1	N/A	-238.48716555581427	C14H20O5	[M - H2O + H]+	YWQZBDUTAGUPGW	InChI=1S/C14H20O5/c1-10-5-3-7-14(17)19-11(2)9-12(15)6-4-8-13(16)18-10/h3-4,7-8,10-12,15H,5-6,9H2,1-2H3	null	CC1CC=CC(=O)OC(CC(CC=CC(=O)O1)O)C	2.0	11032864;102239717;139583671	COCONUT:(CNP0157857);Natural Products:(UNPD34107);PubChem:(11032864 102239717 139583671);SuperNatural:(SN00345678);MeSH:(11032864 102239717);PubMed	3178566
10	1	N/A	-240.4580792667015	C14H20O5	[M - H2O + H]+	YKNKDKHJZIUQBL	InChI=1S/C14H20O5/c1-10-4-3-5-13(16)19-11(2)8-12(9-15)6-7-14(17)18-10/h3,5-7,10-12,15H,4,8-9H2,1-2H3	(3E,6R,9E,11R,13S)-11-(hydroxymethyl)-6,13-dimethyl-1,7-dioxacyclotrideca-3,9-diene-2,8-dione	CC1CC=CC(=O)OC(CC(C=CC(=O)O1)CO)C	1.70000005	10061560;21629696;101670023	COCONUT:(CNP0274158);Natural Products:(UNPD112769 UNPD185893);PubChem:(10061560 21629696 101670023);SuperNatural:(SN00343247 SN00338024)	3178498
11	1	N/A	-242.4816197385848	C14H20O5	[M - H2O + H]+	SKBKRVIMEGMIQI	InChI=1S/C14H20O5/c1-4-6-10(15)13-9(14(17)18-3)8-11(16)12(19-13)7-5-2/h4-8,10-13,15-16H,1-3H3	null	CC=CC1C(C=C(C(O1)C(C=CC)O)C(=O)OC)O	0.400000006	10038667;101348449	PubChem:(10038667 101348449);KNApSAcK:(15712)	18
12	1	N/A	-243.57811918536567	C14H20O5	[M - H2O + H]+	GYOGYHBNVOHJEN	InChI=1S/C14H20O5/c1-4-5-10(16)13-12(19-3)8-11(18-2)9(6-7-15)14(13)17/h8,15,17H,4-7H2,1-3H3	null	CCCC(=O)C1=C(C=C(C(=C1O)CCO)OC)OC	2.0999999	38362374	COCONUT:(CNP0049705);PubChem:(38362374);SuperNatural:(SN00030243);ZINC bio:(ZINC31168674)	3153922
13	1	N/A	-249.2832890787572	C14H20O5	[M - H2O + H]+	JUZGPMJWQZJATB	InChI=1S/C14H20O5/c1-3-4-10-9(8-18-12(10)16)5-6-14(2)7-11(15)13(17)19-14/h11,15H,3-8H2,1-2H3	null	CCCC1=C(COC1=O)CCC2(CC(C(=O)O2)O)C	1.39999998	139584555	COCONUT:(CNP0113856);Natural Products:(UNPD230137);PubChem:(139584555)	2129922
14	1	N/A	-253.5134627202538	C14H20O5	[M - H2O + H]+	IEZJJGULQCCSBM	InChI=1S/C14H20O5/c1-10-4-3-5-13(16)19-11(2)6-7-12(15)8-9-14(17)18-10/h3,5,8-12,15H,4,6-7H2,1-2H3	null	CC1CCC(C=CC(=O)OC(CC=CC(=O)O1)C)O	1.79999995	10890874;10038664;15726268;71437980;102239716	COCONUT:(CNP0229744);Natural Products:(UNPD101395);PubChem:(10890874 10038664 15726268 71437980 102239716);SuperNatural:(SN00306235)	3178498
15	1	N/A	-255.5542689386096	C14H20O5	[M - H2O + H]+	YYPLKOPBIWJWCE	InChI=1S/C14H20O5/c1-3-4-5-6-7-9-13-12(14(16)18-9)10(17-2)8-11(15)19-13/h8-9,12-13H,3-7H2,1-2H3	null	CCCCCCC1C2C(C(=CC(=O)O2)OC)C(=O)O1	2.70000005	139584738	PubChem:(139584738);COCONUT:(CNP0354144)	2097154
16	1	N/A	-256.41740359914684	C14H20O5	[M - H2O + H]+	UKHJYNJLXQXFTI	InChI=1S/C14H20O5/c1-9-13(11(15)12(16)14(17-2)19-9)18-8-10-6-4-3-5-7-10/h3-7,9,11-16H,8H2,1-2H3	Methyl 4-O-benzyl-6-deoxyhexopyranoside	CC1C(C(C(C(O1)OC)O)O)OCC2=CC=CC=C2	0.5	561077;690972;1284354;7784118;7784119;7784163;10890872;70841915;124584000;124835454;124835455	COCONUT:(CNP0009870);PubChem:(561077 690972 1284354 7784118 7784119 7784163 10890872 70841915 124584000 124835454 124835455);PubMed	2097218
17	1	N/A	-261.9864389586364	C14H20O5	[M - H2O + H]+	LVHAXJNOWSDEEJ	InChI=1S/C14H20O5/c1-3-17-9-11(15)10-19-13-8-6-5-7-12(13)14(16)18-4-2/h5-8,11,15H,3-4,9-10H2,1-2H3	Ethyl 2-(3-ethoxy-2-hydroxypropoxy)benzoate	CCOCC(COC1=CC=CC=C1C(=O)OCC)O	1.70000005	3043145	PubChem:(3043145);PubChem class - safety and toxic	67108866
18	1	N/A	-262.014252570701	C14H20O5	[M - H2O + H]+	KLVVTPGUDQKTHU	InChI=1S/C14H20O5/c1-9-10(2)12(7-8-14(17)18)19-11(9)5-3-4-6-13(15)16/h3-8H2,1-2H3,(H,15,16)(H,17,18)	null	CC1=C(OC(=C1C)CCC(=O)O)CCCCC(=O)O	2.0	86080377	COCONUT:(CNP0102658);Natural Products:(UNPD51343);PubChem:(86080377)	2129922
19	1	N/A	-262.09032730290534	C14H20O5	[M - H2O + H]+	NYKNLDBQDASCRB	InChI=1S/C14H20O5/c1-6-8(2)13(17)19-14(4)11(15)7-10(18-5)9(3)12(14)16/h8H,6-7H2,1-5H3	(4-methoxy-1,3-dimethyl-2,6-dioxocyclohex-3-en-1-yl) 2-methylbutanoate	CCC(C)C(=O)OC1(C(=O)CC(=C(C1=O)C)OC)C	1.89999998	11821600;139588059	COCONUT:(CNP0283180);Natural Products:(UNPD102467);PubChem:(11821600 139588059);SuperNatural:(SN00364244)	3178498
20	1	N/A	-265.69031937399654	C14H20O5	[M - H2O + H]+	FNEPSTUXZLEUCK	InChI=1S/C14H20O5/c1-2-4-14-13(3-1)18-11-9-16-7-5-15-6-8-17-10-12-19-14/h1-4H,5-12H2	Benzo15C5	C1COCCOC2=CC=CC=C2OCCOCCO1	1.21693027	84197	NORMAN:(NS00024575);PubChem class - safety and toxic;PubChem:(84197);PubMed;CHEBI:(37444)	67371106
21	1	N/A	-267.35914370709105	C14H20O5	[M - H2O + H]+	YAYGKAJVKHRXPC	InChI=1S/C14H20O5/c1-8-10-6-5-9(7-15)3-2-4-11(16)12(17)13(10)19-14(8)18/h4-5,8,10,12-13,15-17H,2-3,6-7H2,1H3	null	CC1C2CC=C(CCC=C(C(C2OC1=O)O)O)CO	1.15117586	""	COCONUT:(CNP0203952);Natural Products:(UNPD34098);SuperNatural:(SN00246116)	3178496
22	1	N/A	-273.60496751408056	C14H20O5	[M - H2O + H]+	DYWKRIWLCNEWRY	InChI=1S/C14H20O5/c1-3-4-5-11(18-10(2)15)6-8-13-12(16)7-9-14(17)19-13/h6-9,11-13,16H,3-5H2,1-2H3	Pectinolide C	CCCCC(C=CC1C(C=CC(=O)O1)O)OC(=O)C	1.60000002	10038670	COCONUT:(CNP0303999);KNApSAcK:(36191);Natural Products:(UNPD60636);PubChem:(10038670);SuperNatural:(SN00225307);PubMed	3178578
23	1	N/A	-274.3147059380988	C14H20O5	[M - H2O + H]+	CJYLPNJTRIHDKM	InChI=1S/C14H20O5/c1-2-17-8-9-18-10-11-19-14(16)13(15)12-6-4-3-5-7-12/h3-7,13,15H,2,8-11H2,1H3	2-(2-ethoxyethoxy)ethyl 2-hydroxy-2-phenylacetate	CCOCCOCCOC(=O)C(C1=CC=CC=C1)O	1.46490085	3050353	PubChem:(3050353);PubChem class - safety and toxic	67108866
24	1	N/A	-275.1059848398719	C14H20O5	[M - H2O + H]+	IZTMFEJNMBMWKQ	InChI=1S/C14H20O5/c1-9-5-3-2-4-6-10(15)13-14(19-13)11(16)7-8-12(17)18-9/h4,6-11,13-16H,2-3,5H2,1H3	Seiricuprolide	CC1CCCC=CC(C2C(O2)C(C=CC(=O)O1)O)O	0.699999988	6443374;132525149;134133459	COCONUT:(CNP0404642);Natural Products:(UNPD206503 UNPD208119 UNPD25864 UNPD211629);PubChem:(6443374 132525149 134133459);SuperNatural:(SN00260835);PubMed	3178562
25	1	N/A	-276.11602610244967	C14H20O5	[M - H2O + H]+	YUDRGFQOIGCZAM	InChI=1S/C14H20O5/c1-9-11(15)12(16)13(17)14(19-9)18-8-7-10-5-3-2-4-6-10/h2-6,9,11-17H,7-8H2,1H3	null	CC1C(C(C(C(O1)OCCC2=CC=CC=C2)O)O)O	0.400000006	101904449	COCONUT:(CNP0203312);Natural Products:(UNPD217769);PubChem:(101904449)	2129922
26	1	N/A	-277.24520956665697	C14H20O5	[M - H2O + H]+	RIJDKRLRDVBUHJ	InChI=1S/C14H20O5/c1-3-4-5-6-10-9(2)13(14(17)18)11(19-10)7-8-12(15)16/h3-8H2,1-2H3,(H,15,16)(H,17,18)	3-Cmpfp	CCCCCC1=C(C(=C(O1)CCC(=O)O)C(=O)O)C	2.9000001	194501	COCONUT:(CNP0272296);HMDB:(61643);Natural Products:(UNPD14449);PubChem:(194501);SuperNatural:(SN00262765);PubChem class - bio and metabolites;MeSH:(194501);PubMed	19955790
27	1	N/A	-278.2236751025917	C14H20O5	[M - H2O + H]+	OHAVJEXAZZCXML	InChI=1S/C14H20O5/c1-2-3-4-5-6-7-8-9(14(17)18-7)11(16)13-12(19-13)10(8)15/h7,10-13,15-16H,2-6H2,1H3	Integrasone	CCCCCCC1C2=C(C(C3C(C2O)O3)O)C(=O)O1	0.5	3009420	COCONUT:(CNP0250546);Natural Products:(UNPD156890);PubChem:(3009420);SuperNatural:(SN00292497);MeSH:(3009420);PubMed	3178566
28	1	N/A	-279.7985080544835	C14H20O5	[M - H2O + H]+	MHFMZMUZMCAZGK	InChI=1S/C14H20O5/c1-3-4-5-11(18-10(2)15)6-7-12(16)13-8-9-14(17)19-13/h6-9,11-13,16H,3-5H2,1-2H3	null	CCCCC(C=CC(C1C=CC(=O)O1)O)OC(=O)C	1.60000002	11149842	COCONUT:(CNP0275411);Natural Products:(UNPD174076);PubChem:(11149842);SuperNatural:(SN00296910)	3178498
29	1	N/A	-283.9183760108644	C14H20O5	[M - H2O + H]+	IVEHSMQTZJWAFX	InChI=1S/C14H20O5/c1-9-10(2)12(6-8-14(16)18-4)19-11(9)5-7-13(15)17-3/h5-8H2,1-4H3	null	CC1=C(OC(=C1C)CCC(=O)OC)CCC(=O)OC	3.12008405	""	COCONUT:(CNP0131949);Natural Products:(UNPD128676)	2129920
30	1	N/A	-284.45803354603754	C14H20O5	[M - H2O + H]+	MBEAJCADYVDFCS	InChI=1S/C14H20O5/c1-3-5-7-18-13(15)11-9-17-10-12(11)14(16)19-8-6-4-2/h9-10H,3-8H2,1-2H3	dibutyl furan-3,4-dicarboxylate	CCCCOC(=O)C1=COC=C1C(=O)OCCCC	3.20000005	296308	PubChem:(296308);PubChem class - safety and toxic	67108866
31	1	N/A	-287.192327746412	C14H20O5	[M - H2O + H]+	UOQCFYXQBOSZID	InChI=1S/C14H20O5/c1-10-4-3-5-13(16)19-11(2)8-12(9-15)6-7-14(17)18-10/h3,5-6,10-11,15H,4,7-9H2,1-2H3	null	CC1CC=CC(=O)OC(CC(=CCC(=O)O1)CO)C	1.10000002	10107065;101670024	COCONUT:(CNP0241543);Natural Products:(UNPD14081 UNPD49994);PubChem:(10107065 101670024);SuperNatural:(SN00303181 SN00403537)	3178498
32	1	N/A	-290.9638233629628	C14H20O5	[M - H2O + H]+	WDHSIBDVOVMUBZ	InChI=1S/C14H20O5/c1-6-8(2)13(17)19-14(4)11(15)7-10(18-5)9(3)12(14)16/h7-9H,6H2,1-5H3	[(1R)-4-methoxy-1,5-dimethyl-2,6-dioxocyclohex-3-en-1-yl] 2-methylbutanoate	CCC(C)C(=O)OC1(C(=O)C=C(C(C1=O)C)OC)C	2.0999999	11021890;21728898	COCONUT:(CNP0160009);Natural Products:(UNPD48087);PubChem:(11021890 21728898);SuperNatural:(SN00344726)	3178498
33	1	N/A	-291.69640371592504	C14H20O5	[M - H2O + H]+	XHKAQZGBNIAGIH	InChI=1S/C14H20O5/c1-6-8(2)13(17)19-14(4)11(15)7-10(18-5)9(3)12(14)16/h7-8,16H,6H2,1-5H3	null	CCC(C)C(=O)OC1(C(=O)C=C(C(=C1O)C)OC)C	1.60000002	10967499;135038390	COCONUT:(CNP0269388);Natural Products:(UNPD148224);PubChem:(10967499 135038390);SuperNatural:(SN00336500)	3178498
34	1	N/A	-294.1458537012119	C14H20O5	[M - H2O + H]+	OHUFYQPHPPUYFV	InChI=1S/C14H20O5/c1-10(15)19-8-4-2-3-5-12-11(9-14(17)18)6-7-13(12)16/h2-3,11-12H,4-9H2,1H3,(H,17,18)	null	CC(=O)OCCC=CCC1C(CCC1=O)CC(=O)O	0.899999976	71620241;78136666	COCONUT:(CNP0249393);Natural Products:(UNPD223147);PubChem:(71620241 78136666)	2129922
35	1	N/A	-297.520784339162	C14H20O5	[M - H2O + H]+	ZBODODUGQIYKMF	InChI=1S/C14H20O5/c1-3-4-5-11(16)6-7-13-12(18-10(2)15)8-9-14(17)19-13/h6-9,11-13,16H,3-5H2,1-2H3	Pectinolide B	CCCCC(C=CC1C(C=CC(=O)O1)OC(=O)C)O	1.60000002	10400831	COCONUT:(CNP0159416);KNApSAcK:(36190);Natural Products:(UNPD137076);PubChem:(10400831);SuperNatural:(SN00382959);PubMed	3178578
36	1	N/A	-302.7727052334293	C14H20O5	[M - H2O + H]+	LBXGAMSLJKQGMX	InChI=1S/C14H20O5/c1-6-8(2)13(17)19-14(4)11(18-5)7-10(15)9(3)12(14)16/h7-8,15H,6H2,1-5H3	null	CCC(C)C(=O)OC1(C(=CC(=C(C1=O)C)O)OC)C	2.13430047	""	COCONUT:(CNP0142266 CNP0179830);Natural Products:(UNPD39155 UNPD189359);SuperNatural:(SN00380836 SN00391914)	3178496
37	1	N/A	-304.5537078222	C14H20O5	[M - H2O + H]+	CMQXSJBHSZDILZ	InChI=1S/C14H20O5/c1-9-6-11(16)8-13(2,3)14(9,19)5-4-10(15)7-12(17)18/h4-5,7,11,15-16,19H,1,6,8H2,2-3H3,(H,17,18)	null	CC1(CC(CC(=C)C1(C=CC(=CC(=O)O)O)O)O)C	1.15370381	""	COCONUT:(CNP0334548)	2097152
38	1	N/A	-305.5690494375152	C14H20O5	[M - H2O + H]+	NSZCYYLPMWWMJH	InChI=1S/C14H20O5/c1-17-13(15)6-4-3-5-11-7-8-12(19-11)9-10-14(16)18-2/h7-8H,3-6,9-10H2,1-2H3	null	COC(=O)CCCCC1=CC=C(O1)CCC(=O)OC	3.05175543	""	COCONUT:(CNP0207473);Natural Products:(UNPD101658)	2129920
39	1	N/A	-313.1439315677344	C14H20O5	[M - H2O + H]+	ZVSAPAXYMKNOAL	InChI=1S/C14H20O5/c1-8(2)5-10(7-12(16)18-4)14-13(17)11(15)6-9(3)19-14/h6,8,10,17H,5,7H2,1-4H3	null	CC1=CC(=O)C(=C(O1)C(CC(C)C)CC(=O)OC)O	1.89999998	71825670;97425588;97425589	PubChem:(71825670 97425588 97425589);COCONUT:(CNP0247001)	2097154
40	1	N/A	-318.9054522443483	C14H20O5	[M - H2O + H]+	NOLPEUNAHMQEOP	InChI=1S/C14H20O5/c1-7-6-10(14(4,16)9(3)15)11-12(17-5)8(2)19-13(11)18-7/h6,9,13,15-16H,1-5H3	null	CC1=CC(=C2C(O1)OC(=C2OC)C)C(C)(C(C)O)O	0.100000001	102583418;139585719	COCONUT:(CNP0164209);Natural Products:(UNPD223903);PubChem:(102583418 139585719)	2129922
41	1	N/A	-321.64567924008986	C14H20O5	[M - H2O + H]+	UBYZFUSXTLJWFM	InChI=1S/C14H20O5/c1-11(2)7-8-9(15)12(3,4)10(16)13(5,6)14(8,17)19-18-11/h7,17H,1-6H3	endoperoxide hormone G3	CC1(C=C2C(=O)C(C(=O)C(C2(OO1)O)(C)C)(C)C)C	1.20000005	11149880;11207902;13964539;11437123;11459880;44281346	COCONUT:(CNP0208848);Natural Products:(UNPD166790 UNPD173197);PubChem:(11149880 11207902 13964539 11437123 11459880 44281346);SuperNatural:(SN00038978 SN00240612);ZINC bio:(ZINC43706486);PubMed	3186754
42	1	N/A	-321.86924451509964	C14H20O5	[M - H2O + H]+	SGWZGILGZSFJNL	InChI=1S/C14H19O5/c1-11(2)7-8-9(15)12(3,4)10(16)13(5,6)14(8,17)19-18-11/h7H,1-6H3/q-1	null	CC1(C=C2C(=O)C(C(=O)C(C2(OO1)[O-])(C)C)(C)C)C	1.73749185	""	COCONUT:(CNP0042004);SuperNatural:(SN00038982)	3145728
43	1	N/A	-323.95859393195246	C14H20O5	[M - H2O + H]+	KPWOXMDSJXMGIL	InChI=1S/C14H20O5/c1-8(2)19-14-12-9(6-15)4-5-10(12)11(7-18-14)13(16)17-3/h4,7-8,10,12,14-15H,5-6H2,1-3H3	null	CC(C)OC1C2C(CC=C2CO)C(=CO1)C(=O)OC	0.600000024	46177356;46177359;46191087;75163021;102167008	MeSH:(46177356 75163021);PubChem:(46177356 46177359 46191087 75163021 102167008);PubMed	70
44	1	N/A	-333.96042426971627	C14H20O5	[M - H2O + H]+	HMQKFTWICUVPID	InChI=1S/C14H20O5/c1-19-14(12(17)18)10(11(15)16)13(14)6-8-4-2-3-5-9(8)7-13/h8-10H,2-7H2,1H3,(H,15,16)(H,17,18)	null	COC1(C(C12CC3CCCCC3C2)C(=O)O)C(=O)O	1.3755163	""	COCONUT:(CNP0173212);Natural Products:(UNPD167754 UNPD14745);SuperNatural:(SN00364765 SN00302405)	3178496
45	1	N/A	-335.86749864024546	C14H20O5	[M - H2O + H]+	PWSAKIKRNLLDNQ	InChI=1S/C14H20O5/c1-8-4-5-12-11(6-17-9(2)15)7-18-14(13(8)12)19-10(3)16/h7-8,12-14H,4-6H2,1-3H3	Teucrein	CC1CCC2C1C(OC=C2COC(=O)C)OC(=O)C	1.79999995	590662;101288297	COCONUT:(CNP0221084);KNApSAcK:(10715);Natural Products:(UNPD76588);PubChem:(590662 101288297);SuperNatural:(SN00143627)	3178514
46	1	N/A	-343.72928581395064	C14H20O5	[M - H2O + H]+	SENYMLAIBAMFKB	InChI=1S/C14H20O5/c1-8-10(15)9-7-12(2,3)18-19-14(9,16)13(4,5)11(8)17-6/h7,16H,1-6H3	null	CC1=C(C(C2(C(=CC(OO2)(C)C)C1=O)O)(C)C)OC	1.20000005	46831595	COCONUT:(CNP0312784);Natural Products:(UNPD115497);PubChem:(46831595);SuperNatural:(SN00290818)	3178498
47	1	N/A	-347.46669515699983	C14H20O5	[M - H2O + H]+	MUODHDJZQZKAKK	InChI=1S/C14H20O5/c1-3-4-9-18-14(17)8-5-11(16)13-7-6-12(19-13)10(2)15/h6-7,10,15H,3-5,8-9H2,1-2H3	null	CCCCOC(=O)CCC(=O)C1=CC=C(O1)C(C)O	1.60000002	101472982	COCONUT:(CNP0285172);Natural Products:(UNPD123134);PubChem:(101472982)	2129922
48	1	N/A	-358.03462732844173	C14H20O5	[M - H2O + H]+	HRVFWYXRRAUTSV	InChI=1S/C14H20O5/c1-4-5-14(18)11(16)7-9-8(12(14)17)6-10(15)13(2,3)19-9/h4,7-8,10,12,15,17-18H,1,5-6H2,2-3H3	null	CC1(C(CC2C(C(C(=O)C=C2O1)(CC=C)O)O)O)C	-0.100000001	102442052	COCONUT:(CNP0197572);Natural Products:(UNPD221642);PubChem:(102442052)	2129922
49	1	N/A	-359.04584635487146	C14H20O5	[M - H2O + H]+	OHCHAAIKJDAFAY	InChI=1S/C14H20O5/c1-9(2)13(17)19-8-14(3,18)11-5-4-10(7-15)6-12(11)16/h4-6,9,15-16,18H,7-8H2,1-3H3	[2-hydroxy-2-[2-hydroxy-4-(hydroxymethyl)phenyl]propyl] 2-methylpropanoate	CC(C)C(=O)OCC(C)(C1=C(C=C(C=C1)CO)O)O	1.5	5316783	COCONUT:(CNP0151618);Natural Products:(UNPD53147);PubChem:(5316783);SuperNatural:(SN00383037 SN00158779)	3178498
50	1	N/A	-360.60251902643137	C14H20O5	[M - H2O + H]+	XXHYVIAFVXYMHA	InChI=1S/C14H20O5/c1-8-4-3-5-14(19-8)6-9-10(7-18-14)12(16)13(2,17)11(9)15/h8,11,15,17H,3-7H2,1-2H3	null	CC1CCCC2(O1)CC3=C(CO2)C(=O)C(C3O)(C)O	-0.600000024	101884039;139584508	PubChem:(101884039 139584508);COCONUT:(CNP0362661)	2097154
51	1	N/A	-362.2973528618502	C14H20O5	[M - H2O + H]+	UOOOPJKFPIXGCM	InChI=1S/C14H20O5/c1-8-4-3-5-14(19-8)6-9-10(7-18-14)12(16)13(2,17)11(9)15/h8,12,16-17H,3-7H2,1-2H3	null	CC1CCCC2(O1)CC3=C(CO2)C(C(C3=O)(C)O)O	-0.600000024	101884038;101884040;139584404;139585783	PubChem:(101884038 101884040 139584404 139585783);COCONUT:(CNP0311112)	2097154
52	1	N/A	-365.666259958267	C14H20O5	[M - H2O + H]+	YJRUJQBAHPBPTK	InChI=1S/C14H20O5/c1-9(15)19-11-8-14(4,18)12(16)7-10(11)5-6-13(2,3)17/h5-7,11,17-18H,8H2,1-4H3	null	CC(=O)OC1CC(C(=O)C=C1C=CC(C)(C)O)(C)O	0.917514324	""	COCONUT:(CNP0052993)	2097152
53	1	N/A	-368.0053780466501	C14H20O5	[M - H2O + H]+	YBSBFHTZOBZYCQ	InChI=1S/C14H20O5/c1-9(2)13(17)19-7-10-4-5-11(12(16)6-10)14(3,18)8-15/h4-6,9,15-16,18H,7-8H2,1-3H3	null	CC(C)C(=O)OCC1=CC(=C(C=C1)C(C)(CO)O)O	1.56730115	""	COCONUT:(CNP0291939);Natural Products:(UNPD161340);SuperNatural:(SN00324770)	3178496
54	1	N/A	-374.1853472902528	C14H20O5	[M - H2O + H]+	MZNXCQWXVAGCJY	InChI=1S/C14H20O5/c1-9(15)7-5-6-8-14(3)12(16)11(10(2)19-14)13(17)18-4/h6,8-9,15H,5,7H2,1-4H3	null	CC1=C(C(=O)C(O1)(C)C=CCCC(C)O)C(=O)OC	2.01069617	""	COCONUT:(CNP0278118);Natural Products:(UNPD223498)	2129920
55	1	N/A	-374.25166550149015	C14H20O5	[M - H2O + H]+	HGIHDUILBYERQC	InChI=1S/C14H20O5/c1-9(2)13(17)19-8-14(18,7-15)11-5-4-10(3)6-12(11)16/h4-6,9,15-16,18H,7-8H2,1-3H3	[2,3-dihydroxy-2-(2-hydroxy-4-methylphenyl)propyl] 2-methylpropanoate	CC1=CC(=C(C=C1)C(CO)(COC(=O)C(C)C)O)O	1.70000005	14427472	COCONUT:(CNP0312638);Natural Products:(UNPD70959);PubChem:(14427472);SuperNatural:(SN00366864)	3178498
56	1	N/A	-383.2404988314932	C14H20O5	[M - H2O + H]+	YSYQFQKHNDMFRK	InChI=1S/C14H20O5/c1-4-5-8-9(15)6-10-14(18,12(8)16)7-11(19-10)13(2,3)17/h4,6,8,11-12,16-18H,1,5,7H2,2-3H3	null	CC(C)(C1CC2(C(C(C(=O)C=C2O1)CC=C)O)O)O	0.524868131	""	COCONUT:(CNP0187354);Natural Products:(UNPD212734)	2129920
57	1	N/A	-392.0939882508956	C14H20O5	[M - H2O + H]+	HQNZQIXSCCOBAL	InChI=1S/C14H20O5/c1-7(15)4-8-5-10(16)13-6-9(13)12(2,3)19-14(13,18)11(8)17/h4,7,9-10,15-16,18H,5-6H2,1-3H3	null	CC(C=C1CC(C23CC2C(OC3(C1=O)O)(C)C)O)O	-0.5	9970240;9993167;10333246;10378334;137323990;137323991	COCONUT:(CNP0406736);KNApSAcK:(16459);Natural Products:(UNPD159656);PubChem:(9970240 9993167 10333246 10378334 137323990 137323991)	2129938
58	1	N/A	-393.15129667184635	C14H20O5	[M - H2O + H]+	QRJXJSPBZWLWCH	InChI=1S/C14H20O5/c1-8(7-14(4,17)10(3)15)11-6-12(18-5)9(2)13(16)19-11/h6-7,10,15,17H,1-5H3	null	CC1=C(C=C(OC1=O)C(=CC(C)(C(C)O)O)C)OC	1.20000005	23760118	COCONUT:(CNP0026604);PubChem:(23760118);SuperNatural:(SN00029079 SN00029078 SN00029076 SN00029077);ZINC bio:(ZINC31160436 ZINC31160439 ZINC31160441 ZINC31160445)	3153922
59	1	N/A	-396.37248629544	C14H20O5	[M - H2O + H]+	WERSDWOSSJTLFI	InChI=1S/C14H20O5/c1-4-5-14(18)10(15)7-9-8(12(14)16)6-11(19-9)13(2,3)17/h4,7-8,11-12,16-18H,1,5-6H2,2-3H3	null	CC(C)(C1CC2C(C(C(=O)C=C2O1)(CC=C)O)O)O	-0.100000001	102442051	COCONUT:(CNP0204481);Natural Products:(UNPD219516);PubChem:(102442051)	2129922
60	1	N/A	-399.3660376795561	C14H20O5	[M - H2O + H]+	CFANDGBDJFIBOZ	InChI=1S/C14H20O5/c1-9(15)7-5-6-8-14(3)12(17)11(10(2)16)13(18-4)19-14/h6,8-9,15H,5,7H2,1-4H3	null	CC(CCC=CC1(C(=O)C(=C(O1)OC)C(=O)C)C)O	1.39999998	101965284	COCONUT:(CNP0287945);Natural Products:(UNPD202842);PubChem:(101965284)	2129922
61	1	N/A	-415.0146988714581	C14H20O5	[M - H2O + H]+	NKEIHMMKFOXWAO	InChI=1S/C14H20O5/c1-7-6-13(19-11(7)16)14(17)8(2)5-9(15)10(18-13)12(14,3)4/h5,7,10-11,16-17H,6H2,1-4H3	null	CC1CC2(C3(C(=CC(=O)C(C3(C)C)O2)C)O)OC1O	0.300000012	10038668;10061561;9993170;10400830;85086233	COCONUT:(CNP0421646);HMDB:(38935);Natural Products:(UNPD90013 UNPD131163 UNPD157902);PubChem:(10038668 10061561 9993170 10400830 85086233);SuperNatural:(SN00235338 SN00392510);PubChem class - bio and metabolites	19955722
62	1	N/A	-452.4580101256732	C14H20O5	[M - H2O + H]+	SUDADFKUVQZYFC	InChI=1S/C14H20O5/c1-7(2)10(16)11-9(6-15)8-4-5-14(3,18)13(17)12(8)19-11/h6-8,12-13,17-18H,4-5H2,1-3H3	null	CC(C)C(=O)C1=C(C2CCC(C(C2O1)O)(C)O)C=O	0.200000003	10423151	COCONUT:(CNP0144281);Natural Products:(UNPD28733);PubChem:(10423151);SuperNatural:(SN00334055)	3178498
1	1	0.12334404681643468	-133.01756814779029	C14H18O4	[M + H]+	YOHKTXWIWQHVHS	InChI=1S/C14H18O4/c1-8(2)5-12(16)11-6-10(9(3)15)14(18-4)7-13(11)17/h6-8,17H,5H2,1-4H3	null	CC(C)CC(=O)C1=CC(=C(C=C1O)OC)C(=O)C	2.70000005	90750503	COCONUT:(CNP0145537);Natural Products:(UNPD5365);PubChem:(90750503);PubMed	2129986
2	1	N/A	-134.35005171302262	C14H18O4	[M + H]+	PYLSNYKEHGGYOD	InChI=1S/C14H18O4/c1-8(2)5-12(16)11-6-10(9(3)15)13(17)7-14(11)18-4/h6-8,17H,5H2,1-4H3	null	CC(C)CC(=O)C1=C(C=C(C(=C1)C(=O)C)O)OC	2.32060361	""	COCONUT:(CNP0193031);Natural Products:(UNPD221198)	2129920
3	1	N/A	-139.41602178476458	C14H18O4	[M + H]+	JRSOAUOHTHOAOP	InChI=1S/C14H18O4/c1-3-17-13(15)9-11-5-7-12(8-6-11)10-14(16)18-4-2/h5-8H,3-4,9-10H2,1-2H3	Diethyl 1,4-benzenediacetate	CCOC(=O)CC1=CC=C(C=C1)CC(=O)OCC	2.20000005	284070	COCONUT:(CNP0351213);PubChem:(284070);SuperNatural:(SN00120255);ZINC bio:(ZINC01871911)	3153922
4	1	N/A	-142.0894615159057	C14H18O4	[M + H]+	HFZJNZZDPOTWRO	InChI=1S/C14H18O4/c1-9-5-13(7-17-11(3)15)14(6-10(9)2)8-18-12(4)16/h5-6H,7-8H2,1-4H3	null	CC1=CC(=C(C=C1C)COC(=O)C)COC(=O)C	2.0	50742276	COCONUT:(CNP0046952);PubChem:(50742276);SuperNatural:(SN00142606);ZINC bio:(ZINC68603492)	3153922
5	1	N/A	-145.077257048641	C14H18O4	[M + H]+	GLEMMBGHLUCOIN	InChI=1S/C14H18O4/c1-14(2,3)11-7-9(12(15)17-4)6-10(8-11)13(16)18-5/h6-8H,1-5H3	Dimethyl 5-tert-butylisophthalate	CC(C)(C)C1=CC(=CC(=C1)C(=O)OC)C(=O)OC	3.29999995	616620	PubChem:(616620);PubChem class - safety and toxic	67108866
6	1	N/A	-147.4952503741241	C14H18O4	[M + H]+	LKWYIZSBRCILEG	InChI=1S/C14H18O4/c1-11(15)17-9-7-13-3-5-14(6-4-13)8-10-18-12(2)16/h3-6H,7-10H2,1-2H3	2-[4-(2-acetyloxyethyl)phenyl]ethyl acetate	CC(=O)OCCC1=CC=C(C=C1)CCOC(=O)C	2.20000005	2749142	COCONUT:(CNP0046739);PubChem:(2749142);SuperNatural:(SN00123408);ZINC bio:(ZINC03844720)	3153922
7	1	N/A	-151.8724722530918	C14H18O4	[M + H]+	RINMHOMWNMGFSR	InChI=1S/C14H18O4/c1-5-17-13(15)11-8-12(14(16)18-6-2)10(4)7-9(11)3/h7-8H,5-6H2,1-4H3	Diethyl 4,6-dimethylbenzene-1,3-dicarboxylate	CCOC(=O)C1=CC(=C(C=C1C)C)C(=O)OCC	3.0999999	3709651	PubChem:(3709651);PubChem class - safety and toxic	67108866
8	1	N/A	-156.3783901784565	C14H18O4	[M + H]+	CQZKPZSAZXFNFO	InChI=1S/C14H18O4/c1-8(2)5-6-10-11(15)7-9(3)12(13(10)16)14(17)18-4/h5,7,15-16H,6H2,1-4H3	null	CC1=CC(=C(C(=C1C(=O)OC)O)CC=C(C)C)O	3.9000001	11161026	COCONUT:(CNP0145635);Natural Products:(UNPD185934);PubChem:(11161026);SuperNatural:(SN00228076)	3178498
9	1	N/A	-158.10211699270837	C14H18O4	[M + H]+	KASLWEHUDINBOP	InChI=1S/C14H18O4/c1-8(2)5-6-10-11(16)7-12(18-4)13(9(3)15)14(10)17/h5,7,16-17H,6H2,1-4H3	1-[2,4-dihydroxy-6-methoxy-3-(3-methylbut-2-enyl)phenyl]ethanone	CC(=CCC1=C(C(=C(C=C1O)OC)C(=O)C)O)C	3.29999995	10890323	COCONUT:(CNP0309346);Natural Products:(UNPD67004);PubChem:(10890323);SuperNatural:(SN00253522);CHEBI:(67490);PubMed	3178594
10	1	N/A	-158.89410465010621	C14H18O4	[M + H]+	SJRALGDWZXRRKL	InChI=1S/C14H18O4/c1-9(15)17-11-6-7-13(18-10(2)16)12(8-11)14(3,4)5/h6-8H,1-5H3	2-tert-Butyl-1,4-phenylene diacetate	CC(=O)OC1=CC(=C(C=C1)OC(=O)C)C(C)(C)C	3.0999999	82020	PubChem:(82020);NORMAN:(NS00037680)	262146
11	1	N/A	-164.22333838788973	C14H18O4	[M + H]+	OGCBXSRFBHCCEZ	InChI=1S/C14H18O4/c1-7(15)6-12-10(4)13(17)8(2)9(3)14(12)18-11(5)16/h17H,6H2,1-5H3	4-08-00-01894 (Beilstein Handbook Reference)	CC1=C(C(=C(C(=C1O)C)CC(=O)C)OC(=O)C)C	2.0	3052183	PubChem:(3052183);PubChem class - safety and toxic	67108866
12	1	N/A	-166.62890260823588	C14H18O4	[M + H]+	OHWXMKZGOPSABZ	InChI=1S/C14H18O4/c1-5-17-12(15)10-6-8-11(9-7-10)18-13(16)14(2,3)4/h6-9H,5H2,1-4H3	null	CCOC(=O)C1=CC=C(C=C1)OC(=O)C(C)(C)C	3.48326802	10911935	COCONUT:(CNP0028845);PubChem:(10911935);SuperNatural:(SN00142186);ZINC bio:(ZINC68600973)	3153922
13	1	N/A	-166.80005636939165	C14H18O4	[M + H]+	FZNKCFJDFGDMKU	InChI=1S/C14H18O4/c1-3-8-17-13(15)11-6-5-7-12(10-11)14(16)18-9-4-2/h5-7,10H,3-4,8-9H2,1-2H3	Dipropyl isophthalate	CCCOC(=O)C1=CC(=CC=C1)C(=O)OCCC	3.37405658	18459	PubChem:(18459);PubChem class - safety and toxic	67108866
14	1	N/A	-169.1342927078797	C14H18O4	[M + H]+	NYKKDRFAWMGIIT	InChI=1S/C14H18O4/c1-8(2)5-6-10-11(16)7-12(17)13(9(3)15)14(10)18-4/h5,7,16-17H,6H2,1-4H3	1-[4,6-dihydroxy-2-methoxy-3-(3-methylbut-2-enyl)phenyl]ethanone	CC(=CCC1=C(C(=C(C=C1O)O)C(=O)C)OC)C	3.29999995	15558323	COCONUT:(CNP0174185);Natural Products:(UNPD93054);PubChem:(15558323);SuperNatural:(SN00362686);ZINC bio:(ZINC14819095)	3186690
15	1	N/A	-169.3483779873215	C14H18O4	[M + H]+	STTLSBBIBVBSII	InChI=1S/C14H18O4/c1-7-8(2)12(14(16)18-6)10(4)9(3)11(7)13(15)17-5/h1-6H3	dimethyl 2,3,5,6-tetramethylbenzene-1,4-dicarboxylate	CC1=C(C(=C(C(=C1C(=O)OC)C)C)C(=O)OC)C	3.0999999	1250743	COCONUT:(CNP0227123);PubChem:(1250743);SuperNatural:(SN00119135);PubMed;ZINC bio:(ZINC01060454)	3153986
16	1	N/A	-170.60348159792696	C14H18O4	[M + H]+	GXJPKIGCMGAHTL	InChI=1S/C14H18O4/c1-3-9-17-13(15)11-5-7-12(8-6-11)14(16)18-10-4-2/h5-8H,3-4,9-10H2,1-2H3	Dipropyl terephthalate	CCCOC(=O)C1=CC=C(C=C1)C(=O)OCCC	3.37405658	121246	COCONUT:(CNP0211389);Natural Products:(UNPD212036);PubChem class - safety and toxic;PubChem:(121246)	69238786
17	1	N/A	-172.90781022421586	C14H18O4	[M + H]+	JNMFMQPOJUJJSC	InChI=1S/C14H18O4/c1-9(2)8-11-6-7-12(16-4)14(17-5)13(11)18-10(3)15/h6-8H,1-5H3	null	CC(=CC1=C(C(=C(C=C1)OC)OC)OC(=O)C)C	3.20000005	139587128	PubChem:(139587128);COCONUT:(CNP0186195)	2097154
18	1	N/A	-175.55971607187328	C14H18O4	[M + H]+	HWUDSKSILZNHRX	InChI=1S/C14H18O4/c1-9(2)17-13(15)11-5-7-12(8-6-11)14(16)18-10(3)4/h5-10H,1-4H3	Diisopropyl terephthalate	CC(C)OC(=O)C1=CC=C(C=C1)C(=O)OC(C)C	3.20000005	201631	PubChem:(201631);PubChem class - safety and toxic	67108866
19	1	N/A	-176.08796610299586	C14H18O4	[M + H]+	GVCRFPHVGIWUIR	InChI=1S/C14H18O4/c1-5-17-12(15)10-8-6-7-9-11(10)18-13(16)14(2,3)4/h6-9H,5H2,1-4H3	2-O-tert-Butoxycarbonyl-benzoic Acid Ethyl Ester	CCOC(=O)C1=CC=CC=C1OC(=O)C(C)(C)C	3.48326802	71314327	COCONUT:(CNP0269803);PubChem:(71314327);SuperNatural:(SN00136236);ZINC bio:(ZINC65735028)	3153922
20	1	N/A	-176.31365131245735	C14H18O4	[M + H]+	HQNUCUAXCFUMHB	InChI=1S/C14H18O4/c1-7-8(2)11(13(15)17-5)10(4)12(9(7)3)14(16)18-6/h1-6H3	dimethyl 2,4,5,6-tetramethylbenzene-1,3-dicarboxylate	CC1=C(C(=C(C(=C1C)C(=O)OC)C)C(=O)OC)C	3.0999999	2752052	COCONUT:(CNP0066131);PubChem:(2752052);SuperNatural:(SN00125370);ZINC bio:(ZINC03847171)	3153922
21	1	N/A	-176.620501411193	C14H18O4	[M + H]+	YMDVKWXRQUDFSH	InChI=1S/C14H18O4/c1-17-13(15)8-6-11-4-3-5-12(10-11)7-9-14(16)18-2/h3-5,10H,6-9H2,1-2H3	1,3-Benzenedipropanoic acid, dimethyl ester	COC(=O)CCC1=CC(=CC=C1)CCC(=O)OC	2.83525395	594175	COCONUT:(CNP0050303);PubChem:(594175);SuperNatural:(SN00117380);PubMed;ZINC bio:(ZINC00136408)	3153986
22	1	N/A	-177.10155393668228	C14H18O4	[M + H]+	MQHNKCZKNAJROC	InChI=1S/C14H18O4/c1-3-9-17-13(15)11-7-5-6-8-12(11)14(16)18-10-4-2/h5-8H,3-4,9-10H2,1-2H3	dipropyl ester	CCCOC(=O)C1=CC=CC=C1C(=O)OCCC	3.37405658	8559;71312365	ZINC bio:(ZINC01706878);additional;MeSH:(8559);PubMed;NORMAN:(NS00000127);COCONUT:(CNP0354618);Natural Products:(UNPD40375);PubChem:(8559 71312365);CHEBI:(60069);KEGG:(C14469);PubChem class - safety and toxic;Training Set	70050150
23	1	N/A	-180.16661984061824	C14H18O4	[M + H]+	ICZLTZWATFXDLP	InChI=1S/C14H18O4/c1-3-17-13(15)12(14(16)18-4-2)10-11-8-6-5-7-9-11/h5-9,12H,3-4,10H2,1-2H3	Diethyl benzylmalonate	CCOC(=O)C(CC1=CC=CC=C1)C(=O)OCC	2.97653317	69090;12213400	NORMAN:(NS00044136);COCONUT:(CNP0037327);PubChem:(69090 12213400);SuperNatural:(SN00119779);ZINC bio:(ZINC01648200);PubChem class - safety and toxic;Training Set;PubMed	70541378
24	1	N/A	-180.87426753951922	C14H18O4	[M + H]+	FEDAZMOOOCCMEP	InChI=1S/C14H18O4/c1-9(2)5-6-18-11-7-12(16)14(10(3)15)13(8-11)17-4/h5,7-8,16H,6H2,1-4H3	null	CC(=CCOC1=CC(=C(C(=C1)OC)C(=O)C)O)C	3.20000005	70480989	COCONUT:(CNP0374114);Natural Products:(UNPD120551);PubChem:(70480989)	2129922
25	1	N/A	-180.8771806659044	C14H18O4	[M + H]+	AVEDAGDGYKYUFA	InChI=1S/C14H18O4/c1-4-11(15)14-12(16)7-10(8-13(14)17)18-6-5-9(2)3/h5,7-8,16-17H,4,6H2,1-3H3	null	CCC(=O)C1=C(C=C(C=C1O)OCC=C(C)C)O	2.68073773	""	COCONUT:(CNP0256451);Natural Products:(UNPD134774)	2129920
26	1	N/A	-181.58841737215775	C14H18O4	[M + H]+	URSDDRJDUUICOU	InChI=1S/C14H18O4/c1-8(2)6-10(15)13-12(18-5)7-11(17-4)9(3)14(13)16/h6-7,16H,1-5H3	null	CC1=C(C(=C(C=C1OC)OC)C(=O)C=C(C)C)O	3.5999999	86011313	COCONUT:(CNP0207316);Natural Products:(UNPD105619);PubChem:(86011313);SuperNatural:(SN00312691)	3178498
27	1	N/A	-181.75537560014985	C14H18O4	[M + H]+	KGUIOHXCGVQYEG	InChI=1S/C14H18O4/c1-4-17-12(15)14(3,13(16)18-5-2)11-9-7-6-8-10-11/h6-10H,4-5H2,1-3H3	Diethyl methyl(phenyl)malonate	CCOC(=O)C(C)(C1=CC=CC=C1)C(=O)OCC	2.9000001	98549	PubChem:(98549);NORMAN:(NS00029593)	262146
28	1	N/A	-182.72743532446805	C14H18O4	[M + H]+	QWDBCIAVABMJPP	InChI=1S/C14H18O4/c1-9(2)17-13(15)11-7-5-6-8-12(11)14(16)18-10(3)4/h5-10H,1-4H3	Di-iso-propyl phthalate	CC(C)OC(=O)C1=CC=CC=C1C(=O)OC(C)C	3.38067341	11799;131708655	NORMAN:(NS00015593);PubChem:(11799 131708655);CHEBI:(34712);ZINC bio:(ZINC00391884);additional;KEGG:(C14468);PubChem class - safety and toxic;PubMed	67903842
29	1	N/A	-183.42439260601816	C14H18O4	[M + H]+	LJBHDCZOMUACDL	InChI=1S/C14H18O4/c1-14(2,3)9-18-13(16)11-8-6-5-7-10(11)12(15)17-4/h5-8H,9H2,1-4H3	Phthalic acid, methyl neopentyl ester	CC(C)(C)COC(=O)C1=CC=CC=C1C(=O)OC	3.01696968	6424504	PubChem:(6424504);HMDB:(94669)	10
30	1	N/A	-183.89200234979418	C14H18O4	[M + H]+	IWZIHRDNGZLBRJ	InChI=1S/C14H18O4/c1-5-17-13(16)14(3,4)18-12-8-6-11(7-9-12)10(2)15/h6-9H,5H2,1-4H3	Propanoic acid,2-(4-acetylphenoxy)-2-methyl-, ethyl ester	CCOC(=O)C(C)(C)OC1=CC=C(C=C1)C(=O)C	2.5	12346108	PubChem:(12346108);NORMAN:(NS00051192)	262146
31	1	N/A	-186.64284853786833	C14H18O4	[M + H]+	MINLIAGKAUYZPA	InChI=1S/C14H18O4/c1-8(2)12-7-13(17-10(4)15)9(3)6-14(12)18-11(5)16/h6-8H,1-5H3	null	CC1=CC(=C(C=C1OC(=O)C)C(C)C)OC(=O)C	3.32903242	71661261	COCONUT:(CNP0315368);Natural Products:(UNPD31806);PubChem:(71661261)	2129922
32	1	N/A	-188.35514345075924	C14H18O4	[M + H]+	QXNXIPALJCPMNY	InChI=1S/C14H18O4/c1-4-10(5-2)13(15)18-12-9-7-6-8-11(12)14(16)17-3/h6-10H,4-5H2,1-3H3	methyl 2-(2-ethylbutanoyloxy)benzoate	CCC(CC)C(=O)OC1=CC=CC=C1C(=O)OC	3.51334333	836853	NORMAN:(NS00038734);COCONUT:(CNP0365936);PubChem:(836853)	2359298
33	1	N/A	-191.48025095451035	C14H18O4	[M + H]+	XKXXXODAXXAFNP	InChI=1S/C14H18O4/c1-14(2,3)18-13(16)9-12(15)17-10-11-7-5-4-6-8-11/h4-8H,9-10H2,1-3H3	benzyl-tert-butyl malonate	CC(C)(C)OC(=O)CC(=O)OCC1=CC=CC=C1	2.5999999	2736712	PubChem:(2736712);PubChem class - safety and toxic	67108866
34	1	N/A	-192.99743188316262	C14H18O4	[M + H]+	WYKLBLPNIRXWNC	InChI=1S/C14H18O4/c1-4-5-12(15)10-6-8-11(9-7-10)18-14(2,3)13(16)17/h6-9H,4-5H2,1-3H3,(H,16,17)	2-(4-butanoylphenoxy)-2-methylpropanoic acid	CCCC(=O)C1=CC=C(C=C1)OC(C)(C)C(=O)O	2.80954742	207406	PubChem:(207406);PubChem class - safety and toxic	67108866
35	1	N/A	-194.0456483746683	C14H18O4	[M + H]+	KEUKLFKJOAOBAS	InChI=1S/C14H18O4/c1-10(2)7-8-18-12-6-5-11(14(15)17-4)9-13(12)16-3/h5-7,9H,8H2,1-4H3	null	CC(=CCOC1=C(C=C(C=C1)C(=O)OC)OC)C	2.98473215	10682111	COCONUT:(CNP0372574);Natural Products:(UNPD133616);PubChem:(10682111);SuperNatural:(SN00404838)	3178498
36	1	N/A	-196.91023754820634	C14H18O4	[M + H]+	BQGGHVZNRMUBRQ	InChI=1S/C14H18O4/c1-16-13(15)7-8-14(17-9-10-18-14)11-12-5-3-2-4-6-12/h2-6H,7-11H2,1H3	Methyl 4-ethylenedioxy-5-phenylvalerate	COC(=O)CCC1(OCCO1)CC2=CC=CC=C2	1.79999995	106527	PubChem:(106527);NORMAN:(NS00063509)	262146
37	1	N/A	-198.88517701665208	C14H18O4	[M + H]+	UFQMJYKAVGPLDX	InChI=1S/C14H18O4/c1-13(15)17-11-9-7-5-3-4-6-8-10-12-18-14(2)16/h3,5,7,9H,8,10-12H2,1-2H3	null	CC(=O)OCCCC#CC=CC=CCOC(=O)C	2.25311613	""	COCONUT:(CNP0181555);Natural Products:(UNPD122612)	2129920
38	1	N/A	-199.77577472588067	C14H18O4	[M + H]+	ZIDISXJXSVFYAG	InChI=1S/C14H18O4/c1-3-4-5-6-12(16)11-7-10(9-15)14(18-2)8-13(11)17/h3-4,7-8,15,17H,5-6,9H2,1-2H3	(E)-1-[2-hydroxy-5-(hydroxymethyl)-4-methoxyphenyl]hex-4-en-1-one	CC=CCCC(=O)C1=C(C=C(C(=C1)CO)OC)O	2.20000005	11507074	COCONUT:(CNP0295931);Natural Products:(UNPD47898);PubChem:(11507074);SuperNatural:(SN00298020);PubMed	3178562
39	1	N/A	-201.0342027392469	C14H18O4	[M + H]+	NWJHMOYAEKIJSU	InChI=1S/C14H18O4/c1-10(2)7-8-18-14(15)11-5-6-12(16-3)13(9-11)17-4/h5-7,9H,8H2,1-4H3	3,4-Dimethoxybenzoic acid 3-methyl-2-butenyl ester	CC(=CCOC(=O)C1=CC(=C(C=C1)OC)OC)C	2.98473215	15127823	COCONUT:(CNP0166716);Natural Products:(UNPD129702);PubChem:(15127823)	2129922
40	1	N/A	-202.28803951704165	C14H18O4	[M + H]+	LTWAPTPDRUNVGD	InChI=1S/C14H18O4/c1-11(15)18-9-5-4-6-12-7-8-13(16-2)14(10-12)17-3/h4,6-8,10H,5,9H2,1-3H3	null	CC(=O)OCCC=CC1=CC(=C(C=C1)OC)OC	2.70000005	15790737;68905284	COCONUT:(CNP0109705);KNApSAcK:(31470);Natural Products:(UNPD35311);PubChem:(15790737 68905284);SuperNatural:(SN00303696);PubMed	3178578
41	1	N/A	-202.77409518740248	C14H18O4	[M + H]+	RUHPVABIDKCXIA	InChI=1S/C14H18O4/c1-10(2)5-6-18-14-12(16-3)7-11(9-15)8-13(14)17-4/h5,7-9H,6H2,1-4H3	Benzaldehyde, 3,5-dimethoxy-4-[(3-methyl-2-butenyl)oxy]-	CC(=CCOC1=C(C=C(C=C1OC)C=O)OC)C	2.79999995	24094153	COCONUT:(CNP0201830);Natural Products:(UNPD136374);PubChem:(24094153);SuperNatural:(SN00029845);ZINC bio:(ZINC31166082)	3186690
42	1	N/A	-203.8064126567191	C14H18O4	[M + H]+	QQANPCGBZMJMRR	InChI=1S/C14H18O4/c1-3-18-14(16)6-4-5-13(15)11-7-9-12(17-2)10-8-11/h7-10H,3-6H2,1-2H3	ethyl 5-(4-methoxyphenyl)-5-oxopentanoate	CCOC(=O)CCCC(=O)C1=CC=C(C=C1)OC	2.0999999	4091813	PubChem:(4091813);PubChem class - safety and toxic	67108866
43	1	N/A	-204.42054638521012	C14H18O4	[M + H]+	MEVIQZIOSIRMMG	InChI=1S/C14H18O4/c1-7-8(2)14(4)10(12(16)18-6)9(11(15)17-5)13(7,14)3/h1-6H3	dimethyl 1,4,5,6-tetramethylbicyclo[2.2.0]hexa-2,5-diene-2,3-dicarboxylate	CC1=C(C2(C1(C(=C2C(=O)OC)C(=O)OC)C)C)C	1.60000002	2755599;7057603;7057604;7057605;98100300	COCONUT:(CNP0260057);PubChem:(2755599 7057603 7057604 7057605 98100300);SuperNatural:(SN00128085 SN00133535 SN00128086);PubMed;ZINC bio:(ZINC03852233 ZINC03852237 ZINC13410573)	3153986
44	1	N/A	-204.49917331313816	C14H18O4	[M + H]+	USUVZXVXRBAIEE	InChI=1S/C14H18O4/c1-3-15-9-11-17-13-5-7-14(8-6-13)18-12-10-16-4-2/h3-8H,1-2,9-12H2	1,4-bis(2-ethenoxyethoxy)benzene	C=COCCOC1=CC=C(C=C1)OCCOC=C	3.0999999	3086189	NORMAN:(NS00008706);PubChem class - safety and toxic;PubChem:(3086189)	67371010
45	1	N/A	-207.02612002631346	C14H18O4	[M + H]+	IRAFVNYAJKOAJA	InChI=1S/C14H18O4/c1-2-3-4-5-10-13(15)18-12-9-7-6-8-11(12)14(16)17/h6-9H,2-5,10H2,1H3,(H,16,17)	2-heptanoyloxybenzoic acid	CCCCCCC(=O)OC1=CC=CC=C1C(=O)O	3.62861156	3055063	MeSH:(3055063);PubChem class - safety and toxic;PubChem:(3055063);PubMed	67108934
46	1	N/A	-208.28774141765797	C14H18O4	[M + H]+	DAROMUZNSGMNST	InChI=1S/C14H18O4/c1-9(15)10-5-6-13(18-4)11(7-10)12(16)8-14(2,3)17/h5-7,17H,8H2,1-4H3	null	CC(=O)C1=CC(=C(C=C1)OC)C(=O)CC(C)(C)O	1.10000002	46881365	COCONUT:(CNP0266226);Natural Products:(UNPD93018);PubChem:(46881365);SuperNatural:(SN00266087);PubMed	3178562
47	1	N/A	-208.47316282000804	C14H18O4	[M + H]+	CLVUJHFOUBDTNU	InChI=1S/C14H18O4/c1-9(2)11-5-4-10(3)8-12(11)18-14(17)7-6-13(15)16/h4-5,8-9H,6-7H2,1-3H3,(H,15,16)	4-(5-methyl-2-propan-2-ylphenoxy)-4-oxobutanoate	CC1=CC(=C(C=C1)C(C)C)OC(=O)CCC(=O)O	3.15562916	2754372;7056886	COCONUT:(CNP0030703);PubChem:(2754372 7056886);SuperNatural:(SN00127187);ZINC bio:(ZINC03850372)	3153922
48	1	N/A	-212.3884349163173	C14H18O4	[M + H]+	MOPXMSJFYITBHO	InChI=1S/C14H18O4/c1-8(11(4)15)6-9(2)12-7-13(17-5)10(3)14(16)18-12/h6-8H,1-5H3	4-methoxy-3-methyl-6-[(E)-4-methyl-5-oxohex-2-en-2-yl]pyran-2-one	CC1=C(C=C(OC1=O)C(=CC(C)C(=O)C)C)OC	2.29999995	21580460	COCONUT:(CNP0274602);Natural Products:(UNPD146135);PubChem:(21580460);SuperNatural:(SN00358972)	3178498
49	1	N/A	-214.36886818369015	C14H18O4	[M + H]+	GLEVLJDDWXEYCO	InChI=1S/C14H18O4/c1-7-8(2)12-10(9(3)11(7)15)5-6-14(4,18-12)13(16)17/h15H,5-6H2,1-4H3,(H,16,17)	trolox	CC1=C(C2=C(CCC(O2)(C)C(=O)O)C(=C1O)C)C	2.79999995	40634;688071;7058151;6541354;6921580;10037838;10083512;10444913;23503800	HMDB:(38804);SuperNatural:(SN00005696 SN00000423);ZINC bio:(ZINC00056582 ZINC03861683);additional;MeSH:(40634);PubMed;NORMAN:(NS00015501);COCONUT:(CNP0054159 CNP0252379);PubChem:(40634 688071 7058151 6541354 6921580 10037838 10083512 10444913 23503800);CHEBI:(82625);PubChem class - bio and metabolites;PubChem class - safety and toxic;Training Set	87842926
50	1	N/A	-217.95001927653013	C14H18O4	[M + H]+	XULJWFOCUKVNHB	InChI=1S/C14H18O4/c1-14(2,13(17)18-3)11(9-12(15)16)10-7-5-4-6-8-10/h4-8,11H,9H2,1-3H3,(H,15,16)	5-methoxy-4,4-dimethyl-5-oxo-3-phenylpentanoic acid	CC(C)(C(CC(=O)O)C1=CC=CC=C1)C(=O)OC	2.20000005	2747990;7052312;7052313;7052314;7052315	COCONUT:(CNP0030617);PubChem:(2747990 7052312 7052313 7052314 7052315);SuperNatural:(SN00122267 SN00122268);ZINC bio:(ZINC03843413 ZINC03843414)	3153922
51	1	N/A	-218.66987136034007	C14H18O4	[M + H]+	ODCPIXJSDDLDMP	InChI=1S/C14H18O4/c1-4-18-14(17)10-5-6-12(15)11(7-10)8-13(16)9(2)3/h5-7,13,15-16H,2,4,8H2,1,3H3	null	CCOC(=O)C1=CC(=C(C=C1)O)CC(C(=C)C)O	2.70000005	102411350	COCONUT:(CNP0292724);Natural Products:(UNPD93368);PubChem:(102411350);SuperNatural:(SN00277600)	3178498
52	1	N/A	-220.59181855827146	C14H18O4	[M + H]+	KDXHTOMBOFUKBC	InChI=1S/C14H18O4/c1-8(2)4-5-11-12(15)7-6-10(13(11)16)9(3)14(17)18/h4,6-7,9,15-16H,5H2,1-3H3,(H,17,18)	null	CC(C1=C(C(=C(C=C1)O)CC=C(C)C)O)C(=O)O	3.20000005	131837896	HMDB:(134155);PubChem:(131837896);PubChem class - bio and metabolites	16777226
53	1	N/A	-221.1059489906094	C14H18O4	[M + H]+	JJSLFARHVQTZQN	InChI=1S/C14H18O4/c1-3-9-17-13(15)11-7-5-6-8-12(11)14(16)18-10-4-2/h3-6,11-12H,1-2,7-10H2	Diallyl tetrahydrophthalate	C=CCOC(=O)C1CC=CCC1C(=O)OCC=C	2.4000001	101155;92149839;92149840;92529977	NORMAN:(NS00045896);PubChem class - safety and toxic;PubChem:(101155 92149839 92149840 92529977)	67371010
54	1	N/A	-223.34695702052255	C14H18O4	[M + H]+	VVYCAUXALDXXBS	InChI=1S/C14H18O4/c1-2-8-14(9-12(15)16,10-13(17)18)11-6-4-3-5-7-11/h3-7H,2,8-10H2,1H3,(H,15,16)(H,17,18)	3-Phenyl-3-propylglutaric acid	CCCC(CC(=O)O)(CC(=O)O)C1=CC=CC=C1	2.5999999	77816	PubChem:(77816);NORMAN:(NS00031020)	262146
55	1	N/A	-230.53240248575847	C14H18O4	[M + H]+	YDKJPCIHBDXAFA	InChI=1S/C14H18O4/c1-8(2)5-6-10-7-11(14(16)17)12(15)13(18-4)9(10)3/h5,7,15H,6H2,1-4H3,(H,16,17)	null	CC1=C(C(=C(C=C1CC=C(C)C)C(=O)O)O)OC	3.9000001	56834042	COCONUT:(CNP0246545);Natural Products:(UNPD206703);PubChem:(56834042);PubMed	2129986
56	1	N/A	-231.84601152701183	C14H18O4	[M + H]+	KLQGVWIQLPTWBL	InChI=1S/C14H18O4/c1-4-5-6-7-10(15)11-8(2)13(17)14(18)9(3)12(11)16/h4-5,16-18H,6-7H2,1-3H3	(E)-1-(2,4,5-trihydroxy-3,6-dimethylphenyl)hex-4-en-1-one	CC=CCCC(=O)C1=C(C(=C(C(=C1O)C)O)O)C	3.0999999	11299693	COCONUT:(CNP0303429);KNApSAcK:(43016);Natural Products:(UNPD194981);PubChem:(11299693);SuperNatural:(SN00232835);MeSH:(11299693);PubMed	3178582
57	1	N/A	-232.71068850028072	C14H18O4	[M + H]+	PYYHOQKLLMMOGK	InChI=1S/C14H18O4/c1-10(2)13(15)9-18-12-6-4-11(5-7-12)8-14(16)17-3/h4-7,13,15H,1,8-9H2,2-3H3	null	CC(=C)C(COC1=CC=C(C=C1)CC(=O)OC)O	2.29999995	139587867	PubChem:(139587867);COCONUT:(CNP0354751)	2097154
58	1	N/A	-234.07795220893445	C14H18O4	[M + H]+	MFQPJCQHHKUDNM	InChI=1S/C14H18O4/c1-3-4-12-13(18-8-10-7-17-10)6-5-11(9(2)15)14(12)16/h5-6,10,16H,3-4,7-8H2,1-2H3	1-[2-hydroxy-4-(oxiran-2-ylmethoxy)-3-propylphenyl]ethanone	CCCC1=C(C=CC(=C1O)C(=O)C)OCC2CO2	2.23080492	2775230;6931811;6931812	PubChem:(2775230 6931811 6931812);PubChem class - safety and toxic	67108866
59	1	N/A	-239.9546666691148	C14H18O4	[M + H]+	XOSNGXNHDRYFEF	InChI=1S/C14H18O4/c1-2-3-4-7-10-18-14(17)12-9-6-5-8-11(12)13(15)16/h5-6,8-9H,2-4,7,10H2,1H3,(H,15,16)	Monohexyl Phthalate	CCCCCCOC(=O)C1=CC=CC=C1C(=O)O	3.43171477	90532;20269373;131708687	NORMAN:(NS00049909);PubChem:(90532 20269373 131708687);CHEBI:(132604);additional;MeSH:(90532);PubChem class - safety and toxic;PubMed;KEGG Mine	8657829990
60	1	N/A	-241.09638578962463	C14H18O4	[M + H]+	GQAVKCDNMQXDNY	InChI=1S/C14H18O4/c1-6-7(2)14(18)11(8(3)13(6)17)12(9(4)15)10(5)16/h12,17-18H,1-5H3	3-(2,5-Dihydroxy-3,4,6-trimethylphenyl)-2,4-pentanedione	CC1=C(C(=C(C(=C1O)C)C(C(=O)C)C(=O)C)O)C	1.89999998	3053018	PubChem:(3053018);PubChem class - safety and toxic	67108866
61	1	N/A	-242.92193963200938	C14H18O4	[M + H]+	XDYJXSYQEHXZHY	InChI=1S/C14H18O4/c1-9(14(2,3)4)18-13(17)11-8-6-5-7-10(11)12(15)16/h5-9H,1-4H3,(H,15,16)	2-(3,3-dimethylbutan-2-yloxycarbonyl)benzoic Acid	CC(C(C)(C)C)OC(=O)C1=CC=CC=C1C(=O)O	3.05976224	4191659;92140395;92140396	PubChem:(4191659 92140395 92140396);PubChem class - safety and toxic	67108866
62	1	N/A	-247.0072640853838	C14H18O4	[M + H]+	QNNPEQXNHPZIKG	InChI=1S/C14H18O4/c1-8-6-12(10(3)16)14(18)7-11(8)13(17)5-4-9(2)15/h6-7,13,17-18H,4-5H2,1-3H3	null	CC1=C(C=C(C(=C1)C(=O)C)O)C(CCC(=O)C)O	1.66713309	""	COCONUT:(CNP0238598);KNApSAcK:(17449);Natural Products:(UNPD192318);SuperNatural:(SN00252736)	3178512
63	1	N/A	-247.5576152132548	C14H18O4	[M + H]+	JTQRZRRDNZAHMH	InChI=1S/C14H18O4/c1-3-4-9-18-14(16)8-6-11-5-7-12(15)13(10-11)17-2/h5-8,10,15H,3-4,9H2,1-2H3	Butyl 4''-hydroxy-3''-methoxycinnamate	CCCCOC(=O)C=CC1=CC(=C(C=C1)O)OC	3.11909604	107571;6437331	NORMAN:(NS00047987);COCONUT:(CNP0198260);Natural Products:(UNPD207576 UNPD228342 UNPD36854);PubChem:(107571 6437331);PubMed	2392130
64	1	N/A	-248.06358384431712	C14H18O4	[M + H]+	PIQGZGXYEQYPKR	InChI=1S/C14H18O4/c1-2-3-4-5-9-18-14(17)11-7-6-8-13(16)12(11)10-15/h6-8,10,16H,2-5,9H2,1H3	hexyl 2-formyl-3-hydroxybenzoate	CCCCCCOC(=O)C1=C(C(=CC=C1)O)C=O	3.79999995	183067	COCONUT:(CNP0216268);Natural Products:(UNPD14326);PubChem:(183067);SuperNatural:(SN00261654)	3178498
65	1	N/A	-249.12456347096648	C14H18O4	[M + H]+	MBPNBSAWKGXUPI	InChI=1S/C14H18O4/c1-7-8(2)14-11(9(3)13(7)17-4)5-10(18-14)6-12(15)16/h10H,5-6H2,1-4H3,(H,15,16)	2,3-Dihydro-5-methoxy-4,6,7-trimethyl-2-benzofuranylacetic acid	CC1=C(C(=C(C2=C1OC(C2)CC(=O)O)C)OC)C	2.5999999	182524;101919121;101919122	MeSH:(182524);PubChem:(182524 101919121 101919122);PubMed	70
66	1	N/A	-250.11537967780623	C14H18O4	[M + H]+	KQQJHYGPRJWZEY	InChI=1S/C14H18O4/c1-7-6-12-11(8(2)14(17)18-12)5-4-10(7)13(16)9(3)15/h4,7,11-13,16H,2,5-6H2,1,3H3	null	CC1CC2C(CC=C1C(C(=O)C)O)C(=C)C(=O)O2	1.55043769	""	COCONUT:(CNP0074995)	2097152
67	1	N/A	-257.74524328019754	C14H18O4	[M + H]+	QDVPEDIIWJSNEI	InChI=1S/C14H18O4/c1-11(2)17-10-18-13-7-4-12(5-8-13)6-9-14(15)16-3/h4-9,11H,10H2,1-3H3	null	CC(C)OCOC1=CC=C(C=C1)C=CC(=O)OC	2.9000001	89041238	PubChem:(89041238);COCONUT:(CNP0344876)	2097154
68	1	N/A	-260.45278545909105	C14H18O4	[M + H]+	OZQYZUMHJKYJEK	InChI=1S/C14H18O4/c1-14(2)7-6-9-8-10(15-3)12(16-4)13(17-5)11(9)18-14/h6-8H,1-5H3	6,7,8-trimethoxy-2,2-dimethylchromene	CC1(C=CC2=CC(=C(C(=C2O1)OC)OC)OC)C	2.79999995	441969	COCONUT:(CNP0192084);KNApSAcK:(2437);Natural Products:(UNPD10527);PubChem:(441969);SuperNatural:(SN00322537);CHEBI:(6891)	3178546
69	1	N/A	-265.98653273874584	C14H18O4	[M + H]+	JPFWXYHSHUIUDU	InChI=1S/C14H18O4/c1-9(2)4-5-14-7-11(8-17-10(3)15)6-12(14)18-13(14)16/h4,7,12H,5-6,8H2,1-3H3	null	CC(=CCC12C=C(CC1OC2=O)COC(=O)C)C	1.79999995	102473703	COCONUT:(CNP0200649);PubChem:(102473703);PubMed	2097218
70	1	N/A	-267.17135127075375	C14H18O4	[M + H]+	ZJUSBIHJNNDXNV	InChI=1S/C14H18O4/c1-8-9(3-4-15)13(18)11-6-14(2,7-16)5-10(11)12(8)17/h15-16H,3-7H2,1-2H3	5-(2-hydroxyethyl)-2-(hydroxymethyl)-2,6-dimethyl-1,3-dihydroindene-4,7-dione	CC1=C(C(=O)C2=C(C1=O)CC(C2)(C)CO)CCO	0.300000012	11402446;100927704	COCONUT:(CNP0243046);MeSH:(100927704);Natural Products:(UNPD106873);PubChem:(11402446 100927704);PubMed	2129990
71	1	N/A	-268.30923446388374	C14H18O4	[M + H]+	DDPXVYKYOAZVRL	InChI=1S/C14H18O4/c1-8(7-14(4)10(3)18-14)11-6-12(16-5)9(2)13(15)17-11/h6-7,10H,1-5H3	6-[(Z)-1-[(2R,3R)-2,3-dimethyloxiran-2-yl]prop-1-en-2-yl]-4-methoxy-3-methylpyran-2-one	CC1C(O1)(C)C=C(C)C2=CC(=C(C(=O)O2)C)OC	2.20000005	21580462;102217554	COCONUT:(CNP0230208);Natural Products:(UNPD38422 UNPD37950 UNPD224557);PubChem:(21580462 102217554);SuperNatural:(SN00261537 SN00399939)	3178498
72	1	N/A	-269.3345576213685	C14H18O4	[M + H]+	SOECUQMRSRVZQQ	InChI=1S/C14H18O4/c1-8(2)6-7-10-9(3)11(15)13(17-4)14(18-5)12(10)16/h6H,7H2,1-5H3	Coenzym Q	CC1=C(C(=O)C(=C(C1=O)OC)OC)CC=C(C)C	2.44950604	4462;124202951	HMDB:(2012);SuperNatural:(SN00216107);additional;MeSH:(4462);Plantcyc:(CPD0-1118);PubMed;NORMAN:(NS00014813);COCONUT:(CNP0339096);PubChem:(4462 124202951);CHEBI:(16389 46234);PubChem class - bio and metabolites;YMDB:(88);Training Set;Biocyc:(CPD0-1118)	20924526
73	1	N/A	-275.8851796051344	C14H18O4	[M + H]+	CMDKPGRTAQVGFQ	InChI=1S/C14H18O4/c1-3-17-10-11-18-14(15)9-6-12-4-7-13(16-2)8-5-12/h4-9H,3,10-11H2,1-2H3	Cinoxate	CCOCCOC(=O)C=CC1=CC=C(C=C1)OC	2.4000001	7696;5373773	NORMAN:(NS00013537);PubChem:(7696 5373773);ZINC bio:(ZINC02041136);HSDB:(104-28-9);MeSH:(5373773);PubChem class - safety and toxic;PubMed;PubChem class - drug	100934214
74	1	N/A	-279.5251426963936	C14H18O4	[M + H]+	OFCPFJBHYYGYRX	InChI=1S/C14H18O4/c1-6-3-11(16)12-7(2)14(17)18-13(12)10-5-8(15)4-9(6)10/h7,9-13,16H,1,3-5H2,2H3	15-nor-guaianolide	CC1C2C(CC(=C)C3CC(=O)CC3C2OC1=O)O	0.400000006	53328018	COCONUT:(CNP0251503);Natural Products:(UNPD201111);PubChem:(53328018);PubMed	2129986
75	1	N/A	-284.11284968197765	C14H18O4	[M + H]+	LNVSVBLRJGNIGP	InChI=1S/C14H18O4/c1-7-6-10(15)17-11(7)14(3)5-4-9-8(2)13(16)18-12(9)14/h6,8-9,11-12H,4-5H2,1-3H3	null	CC1C2CCC(C2OC1=O)(C)C3C(=CC(=O)O3)C	1.79999995	101607215;101607216	COCONUT:(CNP0210916);Natural Products:(UNPD20510 UNPD100451);PubChem:(101607215 101607216);SuperNatural:(SN00355425 SN00360271)	3178498
76	1	N/A	-285.2586364906455	C14H18O4	[M + H]+	DGQIBZIHFKWHCR	InChI=1S/C14H18O4/c1-9(2)3-5-11-7-10(4-6-12(11)15)8-13(16)14(17)18/h3-4,6-7,13,15-16H,5,8H2,1-2H3,(H,17,18)	null	CC(=CCC1=C(C=CC(=C1)CC(C(=O)O)O)O)C	2.70000005	131837132	HMDB:(133182);PubChem:(131837132);KEGG Mine;PubChem class - bio and metabolites	8606711818
77	1	N/A	-286.88409118755834	C14H18O4	[M + H]+	NMSHFORAZXENHQ	InChI=1S/C14H18O4/c1-4-14(13(15)17-5-2)12(18-14)10-6-8-11(16-3)9-7-10/h6-9,12H,4-5H2,1-3H3	ethyl 2-ethyl-3-(4-methoxyphenyl)oxirane-2-carboxylate	CCC1(C(O1)C2=CC=C(C=C2)OC)C(=O)OCC	2.4000001	793344;793345;793347;793348;3115864	COCONUT:(CNP0225013);PubChem:(793344 793345 793347 793348 3115864);SuperNatural:(SN00044680 SN00044682 SN00044681 SN00044683);ZINC bio:(ZINC00295426 ZINC00295428 ZINC00295430 ZINC00295432)	3153922
78	1	N/A	-288.00269676382993	C14H18O4	[M + H]+	JKKINZIOUQDBFU	InChI=1S/C14H18O4/c1-7-3-4-10-11(17-10)6-9(15)13-8(2)14(16)18-12(13)5-7/h5,9-13,15H,2-4,6H2,1H3	null	CC1=CC2C(C(CC3C(O3)CC1)O)C(=C)C(=O)O2	1.0	101618842	COCONUT:(CNP0183453);Natural Products:(UNPD142432);PubChem:(101618842);SuperNatural:(SN00238656)	3178498
79	1	N/A	-288.1325464638662	C14H18O4	[M + H]+	NDLOYYXXZRDRRS	InChI=1S/C14H18O4/c1-14(2)7-6-9-10(18-14)8-11(15-3)13(17-5)12(9)16-4/h6-8H,1-5H3	null	CC1(C=CC2=C(C(=C(C=C2O1)OC)OC)OC)C	2.7399056	""	COCONUT:(CNP0323888);Natural Products:(UNPD86003)	2129920
80	1	N/A	-288.4729111893438	C14H18O4	[M + H]+	IQTWUJXJPBSQDG	InChI=1S/C14H18O4/c1-2-5-14(17-10-12-6-3-8-15-12)18-11-13-7-4-9-16-13/h3-4,6-9,14H,2,5,10-11H2,1H3	2,2''-(Butylidenebis(oxymethylene))bisfuran	CCCC(OCC1=CC=CO1)OCC2=CC=CO2	2.5	44145214	PubChem:(44145214);NORMAN:(NS00063783)	262146
81	1	N/A	-290.5953396611536	C14H18O4	[M + H]+	ARDWPGKUNNUACS	InChI=1S/C14H18O4/c1-10(2)7-8-18-14(17)6-4-11-3-5-12(15)13(16)9-11/h3-6,9-10,15-16H,7-8H2,1-2H3	ACMC-20mohg	CC(C)CCOC(=O)C=CC1=CC(=C(C=C1)O)O	2.93900847	10264116;71339658	COCONUT:(CNP0078087);MeSH:(10264116);PubChem:(10264116 71339658);PubMed	2097222
82	1	N/A	-296.36226776390134	C14H18O4	[M + H]+	JDIGWVAMJGGRBY	InChI=1S/C14H18O4/c1-9(15)4-2-6-11-8-10-5-3-7-12(16)13(10)14(17)18-11/h3,5,7,9,11,15-16H,2,4,6,8H2,1H3	Aspergillumarin B	CC(CCCC1CC2=C(C(=CC=C2)O)C(=O)O1)O	2.9000001	23786292;38348006;38347990;38347996;38348002;60203381	COCONUT:(CNP0393166);Natural Products:(UNPD225105);PubChem:(23786292 38348006 38347990 38347996 38348002 60203381);SuperNatural:(SN00028583 SN00028582 SN00028584 SN00028585);ZINC bio:(ZINC31156513 ZINC31156518 ZINC31156523 ZINC31156527);additional;Training Set;PubMed	3727426
83	1	N/A	-300.0121817203333	C14H18O4	[M + H]+	AAYXEQGKAQUIMA	InChI=1S/C14H18O4/c1-11(2)14(17-9-12-5-3-7-15-12)18-10-13-6-4-8-16-13/h3-8,11,14H,9-10H2,1-2H3	2,2''-((2-Methylpropylidene)bis(oxymethylene))bisfuran	CC(C)C(OCC1=CC=CO1)OCC2=CC=CO2	2.5999999	44144993	PubChem:(44144993);NORMAN:(NS00065567)	262146
84	1	N/A	-300.08557744548324	C14H18O4	[M + H]+	QMAFOSVGGKTJHP	InChI=1S/C14H18O4/c1-5-11(15)10-6-7-12(13(8-10)17-4)18-14(16)9(2)3/h5-9,11,15H,1H2,2-4H3	null	CC(C)C(=O)OC1=C(C=C(C=C1)C(C=C)O)OC	2.5999999	13559452	COCONUT:(CNP0208934);Natural Products:(UNPD12254);PubChem:(13559452);SuperNatural:(SN00251370)	3178498
85	1	N/A	-302.0077510372553	C14H18O4	[M + H]+	OOHWBGNYBIGMAV	InChI=1S/C14H18O4/c1-10(8-15)6-4-3-5-7-13(16)12-9-18-14(17)11(12)2/h5-8,12-13,16H,2-4,9H2,1H3	null	CC(=CCCC=CC(C1COC(=O)C1=C)O)C=O	2.00068688	""	COCONUT:(CNP0243298)	2097152
86	1	N/A	-305.2658786281429	C14H18O4	[M + H]+	FGEJNPIVNSSFGE	InChI=1S/C14H18O4/c1-9(2)3-4-10-7-11(5-6-12(10)15)13(16)8-14(17)18/h3,5-7,13,15-16H,4,8H2,1-2H3,(H,17,18)	null	CC(=CCC1=C(C=CC(=C1)C(CC(=O)O)O)O)C	2.0999999	131839383	HMDB:(135907);PubChem:(131839383);KEGG Mine;PubChem class - bio and metabolites	8606711818
87	1	N/A	-305.51426657224226	C14H18O4	[M + H]+	QCNHRELJZMEYCW	InChI=1S/C14H18O4/c1-2-4-13(17)14(18)8-7-10-5-3-6-12(16)11(10)9-15/h2-8,13-18H,9H2,1H3	null	CC=CC(C(C=CC1=C(C(=CC=C1)O)CO)O)O	1.29999995	56652809;101612213;101614934;101614935	COCONUT:(CNP0124758);Natural Products:(UNPD144944 UNPD186099);PubChem:(56652809 101612213 101614934 101614935);SuperNatural:(SN00239282);CHEBI:(142635);KEGG Mine	8593113122
88	1	N/A	-307.0649838526523	C14H18O4	[M + H]+	WSPQJFZGVXTTPB	InChI=1S/C14H18O4/c1-8(2)14(15)18-12-6-5-10(16-4)7-11(12)13-9(3)17-13/h5-9,13H,1-4H3	4-Methoxy-2-(3-methyloxiranyl)phenyl 2-methylpropanoate	CC1C(O1)C2=C(C=CC(=C2)OC)OC(=O)C(C)C	2.5999999	135677	COCONUT:(CNP0258527);Natural Products:(UNPD46166 UNPD135946);PubChem:(135677);SuperNatural:(SN00331585 SN00297231);PubMed	3178562
89	1	N/A	-310.36302486096884	C14H18O4	[M + H]+	WOVQRZQIOSEMHW	InChI=1S/C14H18O4/c1-7-10(3-4-15)9(6-16)5-11-12(7)14(18)8(2)13(11)17/h5,8,13,15-17H,3-4,6H2,1-2H3	Pterosin T	CC1C(C2=C(C1=O)C(=C(C(=C2)CO)CCO)C)O	0.200000003	608840;21670042;132526669	COCONUT:(CNP0342930);KNApSAcK:(21511);Natural Products:(UNPD132705 UNPD10166);PubChem:(608840 21670042 132526669);SuperNatural:(SN00354644 SN00234802)	3178514
90	1	N/A	-310.47248859334104	C14H18O4	[M + H]+	VUTYSCZGARSHDC	InChI=1S/C14H18O4/c1-7-5-10-12(14(18)8(2)13(10)17)11(6-16)9(7)3-4-15/h5,8,13,15-17H,3-4,6H2,1-2H3	pterosin S	CC1C(C2=C(C1=O)C(=C(C(=C2)C)CCO)CO)O	0.200000003	44201981;73757764;132526668	COCONUT:(CNP0307402);KNApSAcK:(21516);Natural Products:(UNPD170896 UNPD134935);PubChem:(44201981 73757764 132526668);SuperNatural:(SN00259232);PubMed	3178578
91	1	N/A	-313.0233633805757	C14H18O4	[M + H]+	QUWXRNSZOIJARN	InChI=1S/C14H18O4/c1-8-6-14(18)11(7-13(8)17)10(3)12(16)5-4-9(2)15/h4-7,10,12,16-18H,1-3H3	null	CC1=CC(=C(C=C1O)C(C)C(C=CC(=O)C)O)O	1.5	10610669;101933307	COCONUT:(CNP0139873);HMDB:(32116);Natural Products:(UNPD170582);PubChem:(10610669 101933307);SuperNatural:(SN00368055);CHEBI:(143062);PubChem class - bio and metabolites	19955754
92	1	N/A	-315.9711726644163	C14H18O4	[M + H]+	ULPIXLKKVGJPCT	InChI=1S/C14H18O4/c1-2-3-4-9-18-14(17)8-6-11-5-7-12(15)13(16)10-11/h5-8,10,15-16H,2-4,9H2,1H3	Pentyl 3-(3,4-Dihydroxyphenyl)Acrylate	CCCCCOC(=O)C=CC1=CC(=C(C=C1)O)O	3.1585803	15086370;54359662	COCONUT:(CNP0079788);PubChem:(15086370 54359662);PubMed	2097218
93	1	N/A	-317.414271381773	C14H18O4	[M + H]+	XMAICHRFWUSSEF	InChI=1S/C14H18O4/c1-7-5-10-12(8(2)9(7)3-4-15)14(18)11(6-16)13(10)17/h5,11,13,15-17H,3-4,6H2,1-2H3	(2S,3S)-3-hydroxy-6-(2-hydroxyethyl)-2-(hydroxymethyl)-5,7-dimethyl-2,3-dihydroinden-1-one	CC1=CC2=C(C(=C1CCO)C)C(=O)C(C2O)CO	0.800000012	21670040	COCONUT:(CNP0188395);Natural Products:(UNPD156466);PubChem:(21670040);SuperNatural:(SN00224527)	3178498
94	1	N/A	-318.36307240072085	C14H18O4	[M + H]+	WXVHEEGPASJCOJ	InChI=1S/C14H18O4/c1-2-4-12(16)13(17)7-14-9-5-3-6-11(15)10(9)8-18-14/h2-6,12-17H,7-8H2,1H3	null	CC=CC(C(CC1C2=C(CO1)C(=CC=C2)O)O)O	1.55157864	""	COCONUT:(CNP0316284);Natural Products:(UNPD75763);SuperNatural:(SN00306703)	3178496
95	1	N/A	-318.6777755012739	C14H18O4	[M + H]+	KKPJLDMAGFUIFJ	InChI=1S/C14H18O4/c1-8-9-4-2-3-5-10(17-9)13(8)14(16)11-6-7-12(15)18-11/h2-5,8-11,13-14,16H,6-7H2,1H3	null	CC1C2C=CC=CC(C1C(C3CCC(=O)O3)O)O2	1.39999998	122371182;139584559	PubChem:(122371182 139584559);COCONUT:(CNP0355902)	2097154
96	1	N/A	-318.7384579566853	C14H18O4	[M + H]+	GQFGVUPBODCMSV	InChI=1S/C14H18O4/c1-4-5-6-7-11(15)8-9-14(3)12(16)10(2)13(17)18-14/h4-7,16H,8-9H2,1-3H3	Vertinolide	CC=CC=CC(=O)CCC1(C(=C(C(=O)O1)C)O)C	1.70000005	54675994;54686508;54687856;92529305;92529306;92529307;92857297	COCONUT:(CNP0265449);Natural Products:(UNPD40307 UNPD153782);PubChem:(54675994 54686508 54687856 92529305 92529306 92529307 92857297);SuperNatural:(SN00376507 SN00379574)	3178498
97	1	N/A	-319.23090412005337	C14H18O4	[M + H]+	VHWAMQKROBKDQY	InChI=1S/C14H18O4/c1-7-10(16)5-4-9-6-11(17)14(8(2)15)12(18-14)13(7,9)3/h6-7,10,12,16H,4-5H2,1-3H3	null	CC1C(CCC2=CC(=O)C3(C(C12C)O3)C(=O)C)O	0.600000024	9992287	COCONUT:(CNP0259786);Natural Products:(UNPD134740);PubChem:(9992287);SuperNatural:(SN00339547)	3178498
98	1	N/A	-320.20143396023116	C14H18O4	[M + H]+	DNVZKCLFZKHNIP	InChI=1S/C14H18O4/c1-6-7-4-5-8(15)9-10(7)14(3,18)12(17)13(6,2)11(9)16/h6-7,9-10,18H,4-5H2,1-3H3	null	CC1C2CCC(=O)C3C2C(C(=O)C1(C3=O)C)(C)O	0.800000012	11288148;11414027;21778182;54742070;72785149;101738761;101440826	COCONUT:(CNP0295578);Natural Products:(UNPD26391);PubChem:(11288148 11414027 21778182 54742070 72785149 101738761 101440826);SuperNatural:(SN00319933);MeSH:(101738761);PubMed	3178566
99	1	N/A	-322.86841196296194	C14H18O4	[M + H]+	XMQMFZQKYDHMRO	InChI=1S/C14H18O4/c1-10(15)9-11(2)18-14(17)8-5-12-3-6-13(16)7-4-12/h3-8,10-11,15-16H,9H2,1-2H3	null	CC(CC(C)OC(=O)C=CC1=CC=C(C=C1)O)O	2.4000001	102165886	COCONUT:(CNP0316737);Natural Products:(UNPD76475);PubChem:(102165886);SuperNatural:(SN00392561)	3178498
100	1	N/A	-324.03560953501227	C14H18O4	[M + H]+	IUYDOYZLTCIVGB	InChI=1S/C14H18O4/c1-9(2)13(16)17-7-14(8-18-14)11-5-4-10(3)6-12(11)15/h4-6,9,15H,7-8H2,1-3H3	null	CC1=CC(=C(C=C1)C2(CO2)COC(=O)C(C)C)O	2.0999999	21189048	COCONUT:(CNP0142116);Natural Products:(UNPD18954);PubChem:(21189048);SuperNatural:(SN00384464)	3178498
101	1	N/A	-325.179834082301	C14H18O4	[M + H]+	FIAPAWSJVOXFNR	InChI=1S/C14H18O4/c1-10(16)13(17)7-3-2-5-11-6-4-8-14(18)12(11)9-15/h2-8,10,13,15-18H,9H2,1H3	null	CC(C(C=CC=CC1=C(C(=CC=C1)O)CO)O)O	1.39999998	101551464;132572969	COCONUT:(CNP0248388);PubChem:(101551464 132572969);CHEBI:(142637)	2097186
102	1	N/A	-325.27988298088206	C14H18O4	[M + H]+	ZUVUFMKEYMFMJG	InChI=1S/C14H18O4/c1-8-4-3-5-14(2)13(18-14)12-9(6-10(8)15)7-11(16)17-12/h4,9,12-13H,3,5-7H2,1-2H3	null	CC1=CCCC2(C(O2)C3C(CC1=O)CC(=O)O3)C	1.51884675	""	COCONUT:(CNP0415906)	2097152
103	1	N/A	-328.00123978271887	C14H18O4	[M + H]+	YNEQZTAMTVWJKR	InChI=1S/C14H18O4/c1-7-5-8-9(6-10(7)15)14(4,18)13(2,3)12(17)11(8)16/h5-6,12,15,17-18H,1-4H3	null	CC1=CC2=C(C=C1O)C(C(C(C2=O)O)(C)C)(C)O	1.39999998	132512192	PubChem:(132512192);COCONUT:(CNP0163449)	2097154
104	1	N/A	-331.9603085188561	C14H18O4	[M + H]+	MABAJDZRQISYRJ	InChI=1S/C14H18O4/c1-7-4-8-5-13(2,3)12(16)14(8,17)10-9(7)6-18-11(10)15/h7-8,17H,4-6H2,1-3H3	null	CC1CC2CC(C(=O)C2(C3=C1COC3=O)O)(C)C	0.699999988	57404420;71812117	PubChem:(57404420 71812117);COCONUT:(CNP0177618)	2097154
105	1	N/A	-332.0391636797007	C14H18O4	[M + H]+	UWDXYEATJAHOGO	InChI=1S/C14H18O4/c1-7-4-5-10(16)9-6-11(17)14(8(2)15)12(18-14)13(7,9)3/h6-7,10,12,16H,4-5H2,1-3H3	null	CC1CCC(C2=CC(=O)C3(C(C12C)O3)C(=O)C)O	0.400000006	90683033	COCONUT:(CNP0079072);PubChem:(90683033);PubMed	2097218
106	1	N/A	-333.4713584017473	C14H18O4	[M + H]+	AGXDVPULWUXVDT	InChI=1S/C14H18O4/c1-3-4-10(2)18-14(17)8-6-11-5-7-12(15)13(16)9-11/h5-10,15-16H,3-4H2,1-2H3	(S)-1''-Methylbutyl Caffeate	CCCC(C)OC(=O)C=CC1=CC(=C(C=C1)O)O	3.1618886	50901244;91587795	COCONUT:(CNP0122310);Natural Products:(UNPD220394 UNPD53848);PubChem:(50901244 91587795);SuperNatural:(SN00254174);CHEBI:(70482);MeSH:(50901244);PubMed	3178598
107	1	N/A	-336.8999507918961	C14H18O4	[M + H]+	VMJKQMXIGPCGKZ	InChI=1S/C14H18O4/c1-6-4-9-12(14(18)8(3)13(9)17)7(2)11(6)10(16)5-15/h4,8,10,13,15-17H,5H2,1-3H3	6-(1,2-Dihydroxyethyl)-2,3-dihydro-3-hydroxy-2,5,7-trimethyl-1H-inden-1-one	CC1C(C2=C(C1=O)C(=C(C(=C2)C)C(CO)O)C)O	0.300000012	23260005;53438762	COCONUT:(CNP0115006);KNApSAcK:(21518);Natural Products:(UNPD24992);PubChem:(23260005 53438762);SuperNatural:(SN00305388)	3178514
108	1	N/A	-336.91205692817783	C14H18O4	[M + H]+	XGQQKXZSTGPMRZ	InChI=1S/C14H18O4/c1-7-8-5-9-12(16)10(15)3-4-14(9,2)6-11(8)18-13(7)17/h8-11,15H,1,3-6H2,2H3	null	CC12CCC(C(=O)C1CC3C(C2)OC(=O)C3=C)O	1.69542861	""	COCONUT:(CNP0174128);Natural Products:(UNPD124629);SuperNatural:(SN00384917)	3178496
109	1	N/A	-339.16837548181945	C14H18O4	[M + H]+	VZZYFXFREWNSCJ	InChI=1S/C14H18O4/c1-2-3-4-5-9-14(17)10-7-6-8-11(15)12(10)13(16)18-14/h6-8,15,17H,2-5,9H2,1H3	3-hexyl-3,7-dihydroxy-2-benzofuran-1-one	CCCCCCC1(C2=C(C(=CC=C2)O)C(=O)O1)O	3.70000005	154159;102185293;102185294	COCONUT:(CNP0227645);Natural Products:(UNPD110806);PubChem:(154159 102185293 102185294);SuperNatural:(SN00382332);MeSH:(154159);PubMed	3178566
110	1	N/A	-339.44997193865885	C14H18O4	[M + H]+	PPZFWVQWMCVDPH	InChI=1S/C14H18O4/c1-5-6-7-8-9-14(3)12(17-4)11(10(2)15)13(16)18-14/h6-9H,5H2,1-4H3	null	CCC=CC=CC1(C(=C(C(=O)O1)C(=O)C)OC)C	2.0999999	102352154	COCONUT:(CNP0158323);Natural Products:(UNPD173973);PubChem:(102352154);SuperNatural:(SN00400994)	3178498
111	1	N/A	-342.1951843813989	C14H18O4	[M + H]+	QPENODDIMKOTQK	InChI=1S/C14H18O4/c1-8(5-6-15)11-7-9(2)17-14-12(11)13(16-4)10(3)18-14/h5,7,14-15H,6H2,1-4H3	null	CC1=CC(=C2C(O1)OC(=C2OC)C)C(=CCO)C	1.39999998	139586093	PubChem:(139586093);COCONUT:(CNP0355825)	2097154
112	1	N/A	-345.0835349553094	C14H18O4	[M + H]+	QQXSQPKEGWRLPS	InChI=1S/C14H18O4/c1-5-9(3)10-7-11(15)14(18-10)12(16)17-8-13(14,4)6-2/h6-7,9H,2,5,8H2,1,3-4H3	hyperlactone A	CCC(C)C1=CC(=O)C2(O1)C(=O)OCC2(C)C=C	2.70000005	10634417;10848289;11128724;101918791;101918792;100990483	COCONUT:(CNP0218366);KNApSAcK:(11509);Natural Products:(UNPD106699 UNPD158360);PubChem:(10634417 10848289 11128724 101918791 101918792 100990483);SuperNatural:(SN00391797 SN00309466);PubMed	3178578
113	1	N/A	-345.73556921108855	C14H18O4	[M + H]+	AKYKZQWKCBEJHI	InChI=1S/C14H18O4/c1-7-9-8(5-13(2,6-15)11(9)17)10(16)12(18)14(7)3-4-14/h5,11-12,15,17-18H,3-4,6H2,1-2H3	null	CC1=C2C(C(C=C2C(=O)C(C13CC3)O)(C)CO)O	0.405417919	""	COCONUT:(CNP0204096);Natural Products:(UNPD166377);SuperNatural:(SN00302853)	3178496
114	1	N/A	-347.67567793413883	C14H18O4	[M + H]+	BNZPIQOOHVBONM	InChI=1S/C14H18O4/c1-5-6-7-8-9-14(3)12(15)11(10(2)18-14)13(16)17-4/h6-9H,5H2,1-4H3	null	CCC=CC=CC1(C(=O)C(=C(O1)C)C(=O)OC)C	2.79999995	53304446;60171145	MeSH:(53304446);PubChem:(53304446 60171145);PubMed	70
115	1	N/A	-353.01925379495935	C14H18O4	[M + H]+	UQCNQCTWNKKASY	InChI=1S/C14H18O4/c1-2-5-10(13(15)11-6-3-8-17-11)14(16)12-7-4-9-18-12/h3-4,6-10,13-16H,2,5H2,1H3	null	CCCC(C(C1=CC=CO1)O)C(C2=CC=CO2)O	1.79999995	91988703	PubChem:(91988703);NORMAN:(NS00039903)	262146
116	1	N/A	-354.5036274927054	C14H18O4	[M + H]+	HHBZLLWEBWEQEI	InChI=1S/C14H18O4/c1-7-6-10-11(8(2)9(7)4-5-15)13(17)14(3,18)12(10)16/h6,12,15-16,18H,4-5H2,1-3H3	(2S,3R)-2,3-dihydroxy-6-(2-hydroxyethyl)-2,5,7-trimethyl-3H-inden-1-one	CC1=CC2=C(C(=C1CCO)C)C(=O)C(C2O)(C)O	0.5	21670045;23260008	COCONUT:(CNP0264784);Natural Products:(UNPD9119);PubChem:(21670045 23260008);SuperNatural:(SN00294540)	3178498
117	1	N/A	-354.93016793788746	C14H18O4	[M + H]+	KMAYBLLHYMRCCG	InChI=1S/C14H18O4/c1-9(2)13(16)18-12-6-10(3)4-5-11(12)14(7-15)8-17-14/h4-6,9,15H,7-8H2,1-3H3	null	CC1=CC(=C(C=C1)C2(CO2)CO)OC(=O)C(C)C	2.18584752	""	COCONUT:(CNP0207184);Natural Products:(UNPD183583);SuperNatural:(SN00333810)	3178496
118	1	N/A	-358.7170536162051	C14H18O4	[M + H]+	RGZMLCYGPLYWJR	InChI=1S/C14H18O4/c1-8-13(18-9(2)15)5-4-10-6-11(16)12(17)7-14(8,10)3/h6-8,13,17H,4-5H2,1-3H3	null	CC1C(CCC2=CC(=O)C(=CC12C)O)OC(=O)C	2.0	101862336	COCONUT:(CNP0276748);Natural Products:(UNPD147661);PubChem:(101862336);SuperNatural:(SN00330039)	3178498
119	1	N/A	-359.9795412803764	C14H18O4	[M + H]+	JKGOIBVCCSOWOW	InChI=1S/C14H18O4/c1-18-11-6-4-5-10(9-11)14(17)8-3-2-7-12(14)13(15)16/h4-6,9,12,17H,2-3,7-8H2,1H3,(H,15,16)	null	COC1=CC=CC(=C1)C2(CCCCC2C(=O)O)O	2.29999995	139595582;139595583;139595584	PubChem:(139595582 139595583 139595584);NORMAN:(NS00000953)	262146
120	1	N/A	-368.8035359487357	C14H18O4	[M + H]+	FVDVVFVPJQNQNU	InChI=1S/C14H18O4/c1-14(2,16)8-11(15)5-3-10-4-6-12-13(7-10)18-9-17-12/h3-7,11,15-16H,8-9H2,1-2H3	6-(1,3-Benzodioxol-5-yl)-2-methyl-5-hexene-2,4-diol	CC(C)(CC(C=CC1=CC2=C(C=C1)OCO2)O)O	2.36811209	6446422	PubChem:(6446422);PubChem class - safety and toxic	67108866
121	1	N/A	-372.4031442408202	C14H18O4	[M + H]+	CPHOZWVZEYJTLY	InChI=1S/C14H18O4/c1-5-6-7-8-9-14(3)12(16)11(10(2)15)13(17-4)18-14/h6-9H,5H2,1-4H3	(2S)-4-acetyl-2-[(1E,3E)-hexa-1,3-dienyl]-5-methoxy-2-methylfuran-3-one	CCC=CC=CC1(C(=O)C(=C(O1)OC)C(=O)C)C	2.5	11368694;53306022;101974128	COCONUT:(CNP0375016);Natural Products:(UNPD54106);PubChem:(11368694 53306022 101974128);SuperNatural:(SN00321672)	3178498
122	1	N/A	-384.95835156440705	C14H18O4	[M + H]+	QBIDRAVBRAKKGR	InChI=1S/C14H18O4/c1-7-9(15)4-6-14(2)5-3-8-11(16)13(17)18-12(8)10(7)14/h7,10,12,16H,3-6H2,1-2H3	(5aS,9S,9aS,9bR)-3-hydroxy-5a,9-dimethyl-5,6,7,9,9a,9b-hexahydro-4H-benzo[g][1]benzofuran-2,8-dione	CC1C2C3C(=C(C(=O)O3)O)CCC2(CCC1=O)C	1.5	158027	COCONUT:(CNP0106582);Natural Products:(UNPD24798);PubChem:(158027);SuperNatural:(SN00246087)	3178498
123	1	N/A	-403.59545316388136	C14H18O4	[M + H]+	AFRGLBNIROTEDN	InChI=1S/C14H18O4/c1-7-4-8-5-10(15)14(12(16)11(8)18-7)6-9(14)13(2,3)17/h4,9-10,15,17H,5-6H2,1-3H3	null	CC1=CC2=C(O1)C(=O)C3(CC3C(C)(C)O)C(C2)O	1.0	10705797;10037735	COCONUT:(CNP0301397);KNApSAcK:(16227);Natural Products:(UNPD57472);PubChem:(10705797 10037735);SuperNatural:(SN00266098);MeSH:(10705797);PubMed	3178582
124	1	N/A	-408.9438329641873	C14H18O4	[M + H]+	WHGLGUDBAGAILJ	InChI=1S/C14H18O4/c1-18-12-6-4-5-11(9-12)14(17)8-3-2-7-13(14,16)10-15/h4-6,9-10,16-17H,2-3,7-8H2,1H3	null	COC1=CC=CC(=C1)C2(CCCCC2(C=O)O)O	1.29999995	139597629;139597630	PubChem:(139597629 139597630);NORMAN:(NS00000951)	262146
125	1	N/A	-456.34308371319037	C14H18O4	[M + H]+	POSMRRUMNPCKKE	InChI=1S/C14H18O4/c1-4-5-8-6-9(15)11-12(17)14(8,18)7-10(16)13(11,2)3/h4,6,10-11,16,18H,1,5,7H2,2-3H3	null	CC1(C(CC2(C(=CC(=O)C1C2=O)CC=C)O)O)C	1.01848042	""	COCONUT:(CNP0414213);Natural Products:(UNPD3693);SuperNatural:(SN00312172)	3178496
126	1	N/A	-459.0202915175191	C14H18O4	[M + H]+	LIYISVHVFBWRLD	InChI=1S/C14H18O4/c1-4-5-8-6-14(18)7-9(15)13(2,3)10(11(8)16)12(14)17/h4,6,9-10,15,18H,1,5,7H2,2-3H3	illioliganone A	CC1(C(CC2(C=C(C(=O)C1C2=O)CC=C)O)O)C	1.29999995	44179714;102285832	COCONUT:(CNP0077827);MeSH:(44179714);KNApSAcK:(47457);PubChem:(44179714 102285832);PubMed	2097238
127	1	N/A	-462.69975215219307	C14H18O4	[M + H]+	WCLMJRDKWOPYPI	InChI=1S/C14H18O4/c1-4-5-9-7-14(17)8-12(13(2,3)16)18-11(14)6-10(9)15/h4,6-7,12,16-17H,1,5,8H2,2-3H3	2,3-dehydroillifunone	CC(C)(C1CC2(C=C(C(=O)C=C2O1)CC=C)O)O	0.699999988	45267410	COCONUT:(CNP0294672);KNApSAcK:(47361);Natural Products:(UNPD138625);PubChem:(45267410);SuperNatural:(SN00376090);PubMed	3178578
128	1	N/A	-469.19350481622575	C14H18O4	[M + H]+	IKNLAIKCPOECJF	InChI=1S/C14H18O4/c1-7-5-10-8(11(15)12(16)17-10)6-14-9(7)3-4-13(14,2)18-14/h7,9-10,15H,3-6H2,1-2H3	null	CC1CC2C(=C(C(=O)O2)O)CC34C1CCC3(O4)C	1.63192654	""	COCONUT:(CNP0249626);Natural Products:(UNPD34816 UNPD65849);SuperNatural:(SN00354411 SN00384782)	3178496