structureRankPerFormula	formulaRank	ConfidenceScore	CSI:FingerIDScore	molecularFormula	adduct	InChIkey2D	InChI	name	smiles	xlogp	pubchemids	links	dbflags
1	1	0.5824440717408572	-34.15887302764595	C17H24O9	[M + Na]+	QJVXKWHHAMZTBY	InChI=1S/C17H24O9/c1-23-10-6-9(4-3-5-18)7-11(24-2)16(10)26-17-15(22)14(21)13(20)12(8-19)25-17/h3-4,6-7,12-15,17-22H,5,8H2,1-2H3	Syringin	COC1=CC(=CC(=C1OC2C(C(C(C(O2)CO)O)O)O)OC)C=CCO	-0.343088716	73298;637294;323959;5885030;5316860;9799599;12443176;24847743;45105546;92469017;92469018;92469019;91123230;93151049;93151050;98682920;97107233;99736921;101216201;101216202;101216203;101354886;101909322;118936408;124708214;124904031;124300922;126968970	SuperNatural:(SN00156879 SN00003458 SN00364394 SN00286796 SN00270050);ZINC bio:(ZINC03779261 ZINC04095667 ZINC14709424 ZINC14709426 ZINC36046229 ZINC36046230);additional;MeSH:(5316860);Plantcyc:(CPD-63);PubMed;NORMAN:(NS00023810);COCONUT:(CNP0225577);KNApSAcK:(10);Natural Products:(UNPD200817 UNPD220417 UNPD70118 UNPD2895 UNPD180368 UNPD12272 UNPD102248 UNPD219966);PubChem:(73298 637294 323959 5885030 5316860 9799599 12443176 24847743 45105546 92469017 92469018 92469019 91123230 93151049 93151050 98682920 97107233 99736921 101216201 101216202 101216203 101354886 101909322 118936408 124708214 124904031 124300922 126968970);CHEBI:(9380);PubChem class - bio and metabolites;KEGG:(C01533);PubChem class - safety and toxic;Training Set;Biocyc:(CPD-63)	88009078
2	1	N/A	-72.61073112894285	C17H24O9	[M + Na]+	RJPNLTMZEMZWDA	InChI=1S/C17H24O9/c1-23-10-6-9(7-11(24-2)13(10)19)4-3-5-25-17-16(22)15(21)14(20)12(8-18)26-17/h3-4,6-7,12,14-22H,5,8H2,1-2H3	(E)-Isosyringin	COC1=CC(=CC(=C1O)OC)C=CCOC2C(C(C(C(O2)CO)O)O)O	-0.300000012	14861368;90888218;101138110	COCONUT:(CNP0151952);Natural Products:(UNPD57219 UNPD197860);PubChem:(14861368 90888218 101138110);SuperNatural:(SN00396797);PubMed	3178562
3	1	N/A	-76.46980567566577	C17H24O9	[M + Na]+	SPPYYXOQQMWVFK	InChI=1S/C17H24O9/c1-23-10-6-9(4-3-5-18)16(24-2)11(7-10)25-17-15(22)14(21)13(20)12(8-19)26-17/h3-4,6-7,12-15,17-22H,5,8H2,1-2H3	null	COC1=CC(=C(C(=C1)OC2C(C(C(C(O2)CO)O)O)O)OC)C=CCO	-0.343088716	10785494	COCONUT:(CNP0257096);Natural Products:(UNPD230296 UNPD21048);PubChem:(10785494);SuperNatural:(SN00355706);PubMed	3178562
4	1	N/A	-90.65534115220954	C17H24O9	[M + Na]+	MTRNLFDSILFHHT	InChI=1S/C17H24O9/c1-23-10-5-3-9(4-6-13(19)24-2)11(7-10)25-17-16(22)15(21)14(20)12(8-18)26-17/h3,5,7,12,14-18,20-22H,4,6,8H2,1-2H3	null	COC1=CC(=C(C=C1)CCC(=O)OC)OC2C(C(C(C(O2)CO)O)O)O	0.12095125	10894025	COCONUT:(CNP0304760);Natural Products:(UNPD178967);Training Set;PubChem:(10894025);SuperNatural:(SN00316520)	3194882
5	1	N/A	-94.4108889695408	C17H24O9	[M + Na]+	MATKEAOBTGAMFZ	InChI=1S/C17H24O9/c1-4-9(19)8-5-10(23-2)16(11(6-8)24-3)26-17-15(22)14(21)13(20)12(7-18)25-17/h4-6,9,12-15,17-22H,1,7H2,2-3H3	(2R,3S,4S,5R,6S)-2-(hydroxymethyl)-6-[4-(1-hydroxyprop-2-enyl)-2,6-dimethoxyphenoxy]oxane-3,4,5-triol	COC1=CC(=CC(=C1OC2C(C(C(C(O2)CO)O)O)O)OC)C(C=C)O	-0.256435275	5321613;14135593	COCONUT:(CNP0222409);Natural Products:(UNPD134070 UNPD163408);PubChem:(5321613 14135593);SuperNatural:(SN00160632 SN00163644)	3178498
6	1	N/A	-96.96908132440309	C17H24O9	[M + Na]+	GPJDWVYEUMEYKE	InChI=1S/C17H24O9/c1-23-11-7-9(4-6-13(19)24-2)3-5-10(11)25-17-16(22)15(21)14(20)12(8-18)26-17/h3,5,7,12,14-18,20-22H,4,6,8H2,1-2H3	null	COC1=C(C=CC(=C1)CCC(=O)OC)OC2C(C(C(C(O2)CO)O)O)O	0.12095125	101601469;131752581	COCONUT:(CNP0189269);HMDB:(39234);Natural Products:(UNPD19076 UNPD31418);PubChem:(101601469 131752581);SuperNatural:(SN00376191 SN00329870);PubChem class - bio and metabolites	19955722
7	1	N/A	-140.4125466090409	C17H24O9	[M + Na]+	NCSUQIYBUUIVID	InChI=1S/C17H24O9/c18-8-12-14(22)15(23)16(24)17(26-12)25-11-6-9(5-10(19)7-11)3-1-2-4-13(20)21/h5-7,12,14-19,22-24H,1-4,8H2,(H,20,21)	null	C1=C(C=C(C=C1O)OC2C(C(C(C(O2)CO)O)O)O)CCCCC(=O)O	0.199919686	44227748	COCONUT:(CNP0318613);KNApSAcK:(33893);Natural Products:(UNPD78911);PubChem:(44227748)	2129938
8	1	N/A	-161.25261831130214	C17H24O9	[M + Na]+	UJZJJDMIMTYYNB	InChI=1S/C17H24O9/c1-24-13(20)4-2-3-9-5-10(19)7-11(6-9)25-17-16(23)15(22)14(21)12(8-18)26-17/h5-7,12,14-19,21-23H,2-4,8H2,1H3	null	COC(=O)CCCC1=CC(=CC(=C1)OC2C(C(C(C(O2)CO)O)O)O)O	0.160435468	102050670	COCONUT:(CNP0131982);Natural Products:(UNPD203692);PubChem:(102050670)	2129922
9	1	N/A	-163.921435843425	C17H24O9	[M + Na]+	VYAALAFRWREWLA	InChI=1S/C17H24O9/c1-2-7-3-4-8-9(15(22)23)6-24-16(11(7)8)26-17-14(21)13(20)12(19)10(5-18)25-17/h3,6,8,10-14,16-21H,2,4-5H2,1H3,(H,22,23)	null	CCC1=CCC2C1C(OC=C2C(=O)O)OC3C(C(C(C(O3)CO)O)O)O	-0.490421116	""	COCONUT:(CNP0190382);Natural Products:(UNPD200194)	2129920
10	1	N/A	-166.1511813506864	C17H24O9	[M + Na]+	OOAYLJCZBANPEK	InChI=1S/C17H24O9/c1-4-9(19)8-5-10(23-2)16(11(6-8)24-3)26-17-15(22)14(21)13(20)12(7-18)25-17/h5-6,12-15,17-18,20-22H,4,7H2,1-3H3	null	CCC(=O)C1=CC(=C(C(=C1)OC)OC2C(C(C(C(O2)CO)O)O)O)OC	0.0255635679	11036081;91447178	COCONUT:(CNP0264585);Natural Products:(UNPD16488);PubChem:(11036081 91447178);SuperNatural:(SN00382902);PubMed	3178562
11	1	N/A	-179.4370874643957	C17H24O9	[M + Na]+	ZVEZLHVYHCHUEI	InChI=1S/C17H24O9/c1-2-3-4-9(20)13-10(21)5-8(19)6-11(13)25-17-16(24)15(23)14(22)12(7-18)26-17/h5-6,12,14-19,21-24H,2-4,7H2,1H3	3,5-dihydroxy-2-pentanoylphenyl beta-D-glucopyranoside	CCCCC(=O)C1=C(C=C(C=C1OC2C(C(C(C(O2)CO)O)O)O)O)O	0.104532011	11360765	COCONUT:(CNP0284696);Natural Products:(UNPD156371);PubChem:(11360765);SuperNatural:(SN00269789);CHEBI:(66074)	3178530
12	1	N/A	-195.54659409825797	C17H24O9	[M + Na]+	YMFCKAIEUREIEJ	InChI=1S/C17H24O9/c1-8(19)24-7-10-3-2-9-4-5-23-16(12(9)10)26-17-15(22)14(21)13(20)11(6-18)25-17/h4-5,9,11,13-18,20-22H,2-3,6-7H2,1H3	null	CC(=O)OCC1=C2C(CC1)C=COC2OC3C(C(C(C(O3)CO)O)O)O	-0.759870052	""	COCONUT:(CNP0168237);Natural Products:(UNPD137022);SuperNatural:(SN00251888)	3178496
13	1	N/A	-198.03483753273915	C17H24O9	[M + Na]+	MMJKSUJYDHTZJV	InChI=1S/C17H24O9/c1-3-7(2)13(21)12-9(20)4-8(19)5-10(12)25-17-16(24)15(23)14(22)11(6-18)26-17/h4-5,7,11,14-20,22-24H,3,6H2,1-2H3	1-(2-methylbutyryl)phloroglucinol-glucopyranoside	CCC(C)C(=O)C1=C(C=C(C=C1OC2C(C(C(C(O2)CO)O)O)O)O)O	0.699999988	5323592;14412552;15938973;25168170	COCONUT:(CNP0146328);KNApSAcK:(33227);Natural Products:(UNPD54200 UNPD185217);PubChem:(5323592 14412552 15938973 25168170);SuperNatural:(SN00260360 SN00292127);CHEBI:(68339);PubMed	3178610
14	1	N/A	-203.44683875021315	C17H24O9	[M + Na]+	SVWGGKFYCHDERQ	InChI=1S/C17H24O9/c1-8(18)3-4-9-5-6-10(11(7-9)24-2)25-17-14(21)12(19)13(20)15(26-17)16(22)23/h5-8,12-15,17-21H,3-4H2,1-2H3,(H,22,23)	null	CC(CCC1=CC(=C(C=C1)OC2C(C(C(C(O2)C(=O)O)O)O)O)OC)O	0.300000012	131839221	HMDB:(135716);PubChem:(131839221);PubChem class - bio and metabolites	16777226
15	1	N/A	-209.427496472158	C17H24O9	[M + Na]+	COVJUVXXRSHKFY	InChI=1S/C17H24O9/c18-10-7-24-17(14(21)12(10)19)26-11-8-25-16(15(22)13(11)20)23-6-9-4-2-1-3-5-9/h1-5,10-22H,6-8H2	null	C1C(C(C(C(O1)OC2COC(C(C2O)O)OCC3=CC=CC=C3)O)O)O	-2.0	101200997	COCONUT:(CNP0158184);Natural Products:(UNPD174079);PubChem:(101200997);SuperNatural:(SN00250264)	3178498
16	1	N/A	-211.5153300530515	C17H24O9	[M + Na]+	CIPFWKARTPWQGT	InChI=1S/C17H24O9/c1-3-8-9-4-7(2)24-15(22)10(9)6-23-16(8)26-17-14(21)13(20)12(19)11(5-18)25-17/h3,6-9,11-14,16-21H,1,4-5H2,2H3	null	CC1CC2C(C(OC=C2C(=O)O1)OC3C(C(C(C(O3)CO)O)O)O)C=C	-0.360554427	""	COCONUT:(CNP0113818);SuperNatural:(SN00177826)	3145728
17	1	N/A	-219.46701468163658	C17H24O9	[M + Na]+	SYVLRDXITUYNAK	InChI=1S/C17H24O9/c1-7(2)3-9(20)13-10(21)4-8(19)5-11(13)25-17-16(24)15(23)14(22)12(6-18)26-17/h4-5,7,12,14-19,21-24H,3,6H2,1-2H3	1-(3-methylbutyryl)phloroglucinol-glucopyranoside	CC(C)CC(=O)C1=C(C=C(C=C1OC2C(C(C(C(O2)CO)O)O)O)O)O	-0.115039699	5326314;15939756;11417410;11485574	COCONUT:(CNP0322129);Natural Products:(UNPD83714);PubChem:(5326314 15939756 11417410 11485574);SuperNatural:(SN00273571);CHEBI:(66073);MeSH:(11485574);PubMed	3178598
18	1	N/A	-265.55477471993026	C17H24O9	[M + Na]+	RZODVZDOANNIPZ	InChI=1S/C17H24O9/c1-6-11(20)10(8(3)19)16(24-4)7(2)15(6)26-17-14(23)13(22)12(21)9(5-18)25-17/h9,12-14,17-18,20-23H,5H2,1-4H3	null	CC1=C(C(=C(C(=C1OC2C(C(C(C(O2)CO)O)O)O)C)OC)C(=O)C)O	0.300000012	25130376	COCONUT:(CNP0327846);Natural Products:(UNPD24580);PubChem:(25130376);SuperNatural:(SN00354611)	3178498
19	1	N/A	-266.48017398296497	C17H24O9	[M + Na]+	SHQBCWIAMCDHGE	InChI=1S/C17H24O9/c1-7-3-9(19)12-8(5-23-2)6-24-16(11(7)12)26-17-15(22)14(21)13(20)10(4-18)25-17/h3,6,10-18,20-22H,4-5H2,1-2H3	null	CC1=CC(=O)C2C1C(OC=C2COC)OC3C(C(C(C(O3)CO)O)O)O	-1.29370832	""	COCONUT:(CNP0223362);KNApSAcK:(10702);Natural Products:(UNPD33523 UNPD192517);SuperNatural:(SN00389231)	3178512
20	1	N/A	-267.2451447250579	C17H24O9	[M + Na]+	OIIPKPGYINLROG	InChI=1S/C17H24O9/c1-7-10(4-9(6-24-3)12(8(2)19)13(7)20)25-17-16(23)15(22)14(21)11(5-18)26-17/h4,11,14-18,20-23H,5-6H2,1-3H3	null	CC1=C(C=C(C(=C1O)C(=O)C)COC)OC2C(C(C(C(O2)CO)O)O)O	-0.300000012	46894082	COCONUT:(CNP0161337);Natural Products:(UNPD163805);PubChem:(46894082);SuperNatural:(SN00390483)	3178498
21	1	N/A	-280.48632893668275	C17H24O9	[M + Na]+	MSEZCSKUABFUMV	InChI=1S/C17H24O9/c1-3-8-9-4-5-23-14(22)10(9)6-24-15(8)25-16-12(20)11(19)13(21)17(2,7-18)26-16/h3,6,8-9,11-13,15-16,18-21H,1,4-5,7H2,2H3	null	CC1(C(C(C(C(O1)OC2C(C3CCOC(=O)C3=CO2)C=C)O)O)O)CO	-0.572211385	""	COCONUT:(CNP0398848);SuperNatural:(SN00177814)	3145728
22	1	N/A	-290.8609169090259	C17H24O9	[M + Na]+	YQPLNVQNWFEUMT	InChI=1S/C17H24O9/c1-17-11(26-17)2-6-7(16(22)23)5-24-8(12(6)17)3-9-13(19)15(21)14(20)10(4-18)25-9/h5-6,8-15,18-21H,2-4H2,1H3,(H,22,23)	null	CC12C(O1)CC3C2C(OC=C3C(=O)O)CC4C(C(C(C(O4)CO)O)O)O	-1.64298284	""	COCONUT:(CNP0423156)	2097152
23	1	N/A	-305.67488970188236	C17H24O9	[M + Na]+	OMNBOKMNIVQDNN	InChI=1S/C17H24O9/c1-7-4-10(19)9-5-17(7,25-15(23-3)8(9)2)26-16-14(22)13(21)12(20)11(6-18)24-16/h4,9,11-16,18,20-22H,2,5-6H2,1,3H3	Paeonin C	CC1=CC(=O)C2CC1(OC(C2=C)OC)OC3C(C(C(C(O3)CO)O)O)O	-2.0999999	44233425	COCONUT:(CNP0114283);Natural Products:(UNPD148718);PubChem:(44233425);SuperNatural:(SN00161456);PubMed	3178562
24	1	N/A	-308.1352599664215	C17H24O9	[M + Na]+	LAMGOLZGNMMSLI	InChI=1S/C17H24O9/c1-24-17(16(23)25-9-10-5-3-2-4-6-10)7-11(19)13(21)15(26-17)14(22)12(20)8-18/h2-6,11-15,18-22H,7-9H2,1H3	null	COC1(CC(C(C(O1)C(C(CO)O)O)O)O)C(=O)OCC2=CC=CC=C2	-0.803925335	""	COCONUT:(CNP0294374);Natural Products:(UNPD54631 UNPD174802);SuperNatural:(SN00386881 SN00304314)	3178496
25	1	N/A	-328.7527923688709	C17H24O9	[M + Na]+	MPFPIAVHXWQKPZ	InChI=1S/C17H24O9/c1-8(2)6-12(19)24-7-11-13(20)14(21)15(22)17(25-11)26-16-9(3)23-5-4-10(16)18/h4-5,8,11,13-15,17,20-22H,6-7H2,1-3H3	2-methyl-4-oxo-4H-pyran-3-yl 6-O-(3-methylbutanoyl)-beta-glucopyranoside	CC1=C(C(=O)C=CO1)OC2C(C(C(C(O2)COC(=O)CC(C)C)O)O)O	-0.200000003	636978	COCONUT:(CNP0269660);Natural Products:(UNPD91666);PubChem:(636978);SuperNatural:(SN00284190)	3178498
26	1	N/A	-334.57008315641957	C17H24O9	[M + Na]+	RNAOSOMTAGOVSH	InChI=1S/C17H24O9/c1-8-3-11(19)10-4-17(8,24-7-9(10)6-23-2)26-16-15(22)14(21)13(20)12(5-18)25-16/h3,7,10,12-16,18,20-22H,4-6H2,1-2H3	Paeonin A	CC1=CC(=O)C2CC1(OC=C2COC)OC3C(C(C(C(O3)CO)O)O)O	-2.5	44233203	COCONUT:(CNP0248024);Natural Products:(UNPD191674);PubChem:(44233203);SuperNatural:(SN00161582);PubMed	3178562
27	1	N/A	-360.0904252799238	C17H24O9	[M + Na]+	YDSGABQYSNZCFX	InChI=1S/C17H24O9/c1-9-7-16(21)25-11(3)13(19)8-14(23-4)17(22)26-10(2)12(18)5-6-15(20)24-9/h5-6,9-12,14,18H,7-8H2,1-4H3	null	CC1CC(=O)OC(C(=O)CC(C(=O)OC(C(C=CC(=O)O1)O)C)OC)C	0.200000003	10833071;10044780;139583778	COCONUT:(CNP0309714);KNApSAcK:(15365);Natural Products:(UNPD67452);PubChem:(10833071 10044780 139583778);MeSH:(10833071);PubMed	2130006
28	1	N/A	-379.88352392550587	C17H24O9	[M + Na]+	HSNOIAVADBHLMW	InChI=1S/C17H24O9/c1-8(19)26-17(2)6-11(21)9-3-4-23-16(14(9)17)25-13-5-10(20)15(22)12(7-18)24-13/h3-4,9-10,12-16,18,20,22H,5-7H2,1-2H3	null	CC(=O)OC1(CC(=O)C2C1C(OC=C2)OC3CC(C(C(O3)CO)O)O)C	-0.761183143	""	COCONUT:(CNP0350480)	2097152
1	2	N/A	-334.6084093175579	C18H20N4O5	[M + Na]+	FYSFQBXGCDIVMA	InChI=1S/C18H20N4O5/c1-3-27-17(23)9-11-21(16-6-4-5-10-20-16)18(24)13-7-8-14(19-2)15(12-13)22(25)26/h4-8,10,12,19H,3,9,11H2,1-2H3	ethyl3-(4-(methylamino)-3-nitro-N-(pyridin-2-yl)benzamido)propanoate	CCOC(=O)CCN(C1=CC=CC=N1)C(=O)C2=CC(=C(C=C2)NC)[N+](=O)[O-]	2.79999995	11079230;71750182	PubChem:(11079230 71750182);NORMAN:(NS00009419)	262146
2	2	N/A	-352.3019602191338	C18H20N4O5	[M + Na]+	BPIQNFNKBYWCNB	InChI=1S/C18H20N4O5/c1-21-16-14(17(23)22(2)18(21)24)19-13(20-16)7-6-10-8-11(25-3)15(27-5)12(9-10)26-4/h6-9H,1-5H3,(H,19,20)	1,2,3,6-Tetrahydropurin-2,6-dione, 1,3-dimethyl-8-[2-	CN1C2=C(C(=O)N(C1=O)C)NC(=N2)C=CC3=CC(=C(C(=C3)OC)OC)OC	1.79999995	632916;5379539	PubChem class - safety and toxic;PubChem:(632916 5379539);PubMed	67108930
3	2	N/A	-394.94730800608227	C18H20N4O5	[M + Na]+	GAQQSHXBDRDGGZ	InChI=1S/C18H20N4O5/c1-21-16-13(17(23)22(2)18(21)24)19-12(20-16)9-7-10-6-8-11(25-3)15(27-5)14(10)26-4/h6-9H,1-5H3,(H,19,20)	(E)-8-(2,3,4-Trimethoxystyryl)theophylline	CN1C2=C(C(=O)N(C1=O)C)NC(=N2)C=CC3=C(C(=C(C=C3)OC)OC)OC	1.79999995	3073261;6448750	PubChem class - safety and toxic;PubChem:(3073261 6448750);PubMed	67108930
4	2	N/A	-405.6522555282838	C18H20N4O5	[M + Na]+	SYIISNPVZUFEGV	InChI=1S/C18H20N4O5/c1-22(11-17(23)24)21-20-14-10-15(26-2)13(9-16(14)27-3)19-18(25)12-7-5-4-6-8-12/h4-10H,11H2,1-3H3,(H,19,25)(H,23,24)	null	CN(CC(=O)O)N=NC1=C(C=C(C(=C1)OC)NC(=O)C2=CC=CC=C2)OC	3.0	44145717	PubChem:(44145717);NORMAN:(NS00052799)	262146
5	2	N/A	-458.42101646978193	C18H20N4O5	[M + Na]+	KOSIRPOFLSHMNW	InChI=1S/C18H20N4O5/c1-13-2-3-14(10-16(13)22(24)25)17-5-4-15(27-17)11-19-20-18(23)12-21-6-8-26-9-7-21/h2-5,10-11H,6-9,12H2,1H3,(H,20,23)	N-[[5-(4-methyl-3-nitrophenyl)furan-2-yl]methylideneamino]-2-morpholin-4-ylacetamide	CC1=C(C=C(C=C1)C2=CC=C(O2)C=NNC(=O)CN3CCOCC3)[N+](=O)[O-]	2.0999999	1109527;7387019;5441929;9593573	PubChem:(1109527 7387019 5441929 9593573);PubMed;CHEBI:(116073)	98
6	2	N/A	-506.4620874957656	C18H20N4O5	[M + Na]+	VBOVIXFWDIGPMH	InChI=1S/C18H20N4O5/c1-10-3-5-11(6-4-10)17(23)19-13-8-26-16-14(9-27-15(13)16)22-7-12(20-21-22)18(24)25-2/h3-7,13-16H,8-9H2,1-2H3,(H,19,23)	methyl 1-[(3S,3aR,6S,6aR)-3-[(4-methylbenzoyl)amino]-2,3,3a,5,6,6a-hexahydrofuro[3,2-b]furan-6-yl]triazole-4-carboxylate	CC1=CC=C(C=C1)C(=O)NC2COC3C2OCC3N4C=C(N=N4)C(=O)OC	0.600000024	11886709	COCONUT:(CNP0043839);PubChem:(11886709);SuperNatural:(SN00010556);ZINC bio:(ZINC04260932)	3153922
7	2	N/A	-576.0568115187264	C18H20N4O5	[M + Na]+	GQJNQUJVENZBIW	InChI=1S/C18H20N4O5/c1-2-6-20-18(23)27-14-10-26-15-12(9-25-16(14)15)22-17-19-7-5-11(21-17)13-4-3-8-24-13/h2-5,7-8,12,14-16H,1,6,9-10H2,(H,20,23)(H,19,21,22)	null	C=CCNC(=O)OC1COC2C1OCC2NC3=NC=CC(=N3)C4=CC=CO4	0.750193	""	COCONUT:(CNP0041379);SuperNatural:(SN00019635)	3145728
8	2	N/A	-598.9733372669451	C18H20N4O5	[M + Na]+	ONARHKVDFQKBPZ	InChI=1S/C18H20N4O5/c1-11-8-16(23)26-14-9-12(4-5-13(11)14)25-10-15-20-18(27-21-15)17(24)19-6-7-22(2)3/h4-5,8-9H,6-7,10H2,1-3H3,(H,19,24)	N-[2-(dimethylamino)ethyl]-3-{[(4-methyl-2-oxo-2H-chromen-7-yl)oxy]methyl}-1,2,4-oxadiazole-5-carboxamide	CC1=CC(=O)OC2=C1C=CC(=C2)OCC3=NOC(=N3)C(=O)NCCN(C)C	1.20000005	29127298	PubChem:(29127298);COCONUT:(CNP0173983)	2097154
9	2	N/A	-607.182555474449	C18H20N4O5	[M + Na]+	VMYWBUOMXIOWSV	InChI=1S/C18H20N4O5/c1-4-25-16(23)8-6-13-10(2)12-5-7-14(11(3)17(12)27-18(13)24)26-9-15-19-21-22-20-15/h5,7H,4,6,8-9H2,1-3H3,(H,19,20,21,22)	ethyl 3-[4,8-dimethyl-2-oxo-7-(2H-tetrazol-5-ylmethoxy)chromen-3-yl]propanoate	CCOC(=O)CCC1=C(C2=C(C(=C(C=C2)OCC3=NNN=N3)C)OC1=O)C	1.70000005	666221	PubChem:(666221);PubMed;CHEBI:(114836)	98
10	2	N/A	-654.130554661158	C18H20N4O5	[M + Na]+	VEENBCUNRMIKGF	InChI=1S/C18H20N4O5/c1-10(17(23)25-2)21-18(24)22-6-5-12-15(20-8-19-12)16(22)11-3-4-13-14(7-11)27-9-26-13/h3-4,7-8,10,16H,5-6,9H2,1-2H3,(H,19,20)(H,21,24)	null	CC(C(=O)OC)NC(=O)N1CCC2=C(C1C3=CC4=C(C=C3)OCO4)N=CN2	1.10000002	29147894;29147897;42648862;45598692;51834885;51834887	COCONUT:(CNP0395659);PubChem:(29147894 29147897 42648862 45598692 51834885 51834887);ZINC bio:(ZINC20762258 ZINC20762262)	2105346
1	4	N/A	-141.20897375618145	C15H20N6O8	[M - H2O + H]+	UNUYMBPXEFMLNW	InChI=1S/C15H20N6O8/c1-5(23)7(14(26)27)19-15(28)20-11-8-12(17-3-16-11)21(4-18-8)13-10(25)9(24)6(2-22)29-13/h3-7,9-10,13,22-25H,2H2,1H3,(H,26,27)(H2,16,17,19,20,28)	N6-Threonylcarbamoyladenosine	CC(C(C(=O)O)NC(=O)NC1=C2C(=NC=N1)N(C=N2)C3C(C(C(O3)CO)O)O)O	-2.58325362	161466;14179190;21123968;21123969;44755053;54363003;67440818;70465279;70465285;70475057;92132103;121596219;133611973;139025202	COCONUT:(CNP0081911 CNP0082902);PubChem:(161466 14179190 21123968 21123969 44755053 54363003 67440818 70465279 70465285 70475057 92132103 121596219 133611973 139025202);CHEBI:(21440 133071);MeSH:(161466);Training Set;PubMed	2113638
1	4	N/A	-350.8801735942442	C15H18N6O7	[M + H]+	NIMLOKNRDJCYPO	InChI=1S/C15H18N6O7/c1-5(23)7-14(26)28-15(19-7)20-11-8-12(17-3-16-11)21(4-18-8)13-10(25)9(24)6(2-22)27-13/h3-7,9-10,13,22-25H,2H2,1H3,(H,16,17,19,20)	cyclic t(6)A	CC(C1C(=O)OC(=N1)NC2=C3C(=NC=N2)N(C=N3)C4C(C(C(O4)CO)O)O)O	-1.69390392	66577129;102449694	COCONUT:(CNP0352638);PubChem:(66577129 102449694);PubMed;CHEBI:(71559)	2097250