structureRankPerFormula	formulaRank	ConfidenceScore	CSI:FingerIDScore	molecularFormula	adduct	InChIkey2D	InChI	name	smiles	xlogp	pubchemids	links	dbflags
1	1	N/A	-234.83158327462883	C11H14N2O3	[M - H2O + H]+	YAYQQGFBTYYMMH	InChI=1S/C11H14N2O3/c1-7(14)13-9-4-2-8(3-5-9)6-10(12)11(15)16/h2-5,10H,6,12H2,1H3,(H,13,14)(H,15,16)	D-4-Acetamidophe	CC(=O)NC1=CC=C(C=C1)CC(C(=O)O)N	0.164308339	571488;20640316;40418703;56971797	COCONUT:(CNP0148054);Natural Products:(UNPD53427);PubChem:(571488 20640316 40418703 56971797);SuperNatural:(SN00257168);PubMed	3178562
2	1	N/A	-346.90941252701793	C11H14N2O3	[M - H2O + H]+	VMNRUJGOLBSEPK	InChI=1S/C11H14N2O3/c12-9(11(15)16)6-7-10(14)13-8-4-2-1-3-5-8/h1-5,9H,6-7,12H2,(H,13,14)(H,15,16)	DL-Glutamic acid |A-anilide	C1=CC=C(C=C1)NC(=O)CCC(C(=O)O)N	0.273931593	4994355;6951106;6951107;18603770;86289563	PubChem:(4994355 6951106 6951107 18603770 86289563);CHEBI:(79289 78375);ZINC bio:(ZINC12954078);PubChem class - bio and metabolites;KEGG:(C20843);Plantcyc:(CPD-15475);PubMed;Biocyc:(CPD-15475)	16918882
3	1	N/A	-358.842634094165	C11H14N2O3	[M - H2O + H]+	PQEUTGZYJPUCNX	InChI=1S/C11H14N2O3/c1-11(13,10(15)16)6-9(14)7-4-2-3-5-8(7)12/h2-5H,6,12-13H2,1H3,(H,15,16)	null	CC(CC(=O)C1=CC=CC=C1N)(C(=O)O)N	-2.0	121230829	COCONUT:(CNP0347020);Training Set;PubChem:(121230829);additional	2637826
4	1	N/A	-413.3021476369049	C11H14N2O3	[M - H2O + H]+	UECDWMGGNAYEKF	InChI=1S/C11H14N2O3/c1-7(14)13-11(16)10(12)6-8-2-4-9(15)5-3-8/h2-5,10,15H,6,12H2,1H3,(H,13,14,16)	n-acetyltyrosinamide	CC(=O)NC(=O)C(CC1=CC=C(C=C1)O)N	-0.227597147	102727;18635875	NORMAN:(NS00045314);MeSH:(102727 18635875);PubChem:(102727 18635875);PubMed	262214
5	1	N/A	-426.1522080668501	C11H14N2O3	[M - H2O + H]+	JBCLFWXMTIKCCB	InChI=1S/C11H14N2O3/c12-7-10(14)13-9(11(15)16)6-8-4-2-1-3-5-8/h1-5,9H,6-7,12H2,(H,13,14)(H,15,16)	Maybridge1_006768	C1=CC=C(C=C1)CC(C(=O)O)NC(=O)CN	-0.0296252836	1549344;92953;97415;182174;4690601;7092603;23278179;101708635	HMDB:(28848);SuperNatural:(SN00050545 SN00072136);ZINC bio:(ZINC01569529 ZINC04081371);additional;MeSH:(92953 97415 182174);PubMed;NORMAN:(NS00042948);COCONUT:(CNP0209372);Natural Products:(UNPD149159);PubChem:(1549344 92953 97415 182174 4690601 7092603 23278179 101708635);CHEBI:(73912 137014 133047);PubChem class - bio and metabolites;Training Set;Biocyc:(CPD-20345)	20768878
6	1	N/A	-432.8123493288506	C11H14N2O3	[M - H2O + H]+	FCSYTMOVFBNDTM	InChI=1S/C11H14N2O3/c1-2-9(11(15)16)13-10(14)7-3-5-8(12)6-4-7/h3-6,9H,2,12H2,1H3,(H,13,14)(H,15,16)	2-[(4-aminobenzoyl)amino]butanoic acid	CCC(C(=O)O)NC(=O)C1=CC=C(C=C1)N	1.0	21719470;65811004;81670286	EcoCyc Mine;PubChem:(21719470 65811004 81670286);PubChem class - bio and metabolites	17196646402
7	1	N/A	-447.450259245256	C11H14N2O3	[M - H2O + H]+	GLUBLISJVJFHQS	InChI=1S/C11H14N2O3/c12-9(11(16)13-7-10(14)15)6-8-4-2-1-3-5-8/h1-5,9H,6-7,12H2,(H,13,16)(H,14,15)	Phenylalanylglycine	C1=CC=C(C=C1)CC(C(=O)NCC(=O)O)N	-0.0296252836	98207;450590;6992303;6992304;9855954;23278176;36688477	HMDB:(28995);PubChem:(98207 450590 6992303 6992304 9855954 23278176 36688477);CHEBI:(73635);ZINC bio:(ZINC01569733);additional;PubChem class - bio and metabolites;MeSH:(98207 6992304);Training Set;PubMed	17326190
8	1	N/A	-452.95374643318985	C11H14N2O3	[M - H2O + H]+	NMYKXXMNAUVYBV	InChI=1S/C11H14N2O3/c1-3-10(14)13-8-5-4-6-9(7-8)16-11(15)12-2/h4-7H,3H2,1-2H3,(H,12,15)(H,13,14)	Stauffer R 11520	CCC(=O)NC1=CC(=CC=C1)OC(=O)NC	1.62247467	28770	PubChem:(28770);PubChem class - safety and toxic	67108866
9	1	N/A	-453.1207433044084	C11H14N2O3	[M - H2O + H]+	MDOAAICAUBVDFG	InChI=1S/C11H14N2O3/c12-10(11(16)13-5-6-14)7-8-1-3-9(15)4-2-8/h1-4,6,10,15H,5,7,12H2,(H,13,16)	2-amino-3-(4-hydroxyphenyl)-N-(2-oxoethyl)propanamide	C1=CC(=CC=C1CC(C(=O)NCC=O)N)O	-0.196575761	445800;20273618;54550906	PubChem:(445800 20273618 54550906);PubChem class - bio and metabolites	16777218
10	1	N/A	-454.07558230895677	C11H14N2O3	[M - H2O + H]+	VNMHKGDEXLJPNL	InChI=1S/C11H14N2O3/c1-7-3-5-9(6-4-7)13-11(16)12-8(2)10(14)15/h3-6,8H,1-2H3,(H,14,15)(H2,12,13,16)	2-[(4-methylphenyl)carbamoylamino]propanoic Acid	CC1=CC=C(C=C1)NC(=O)NC(C)C(=O)O	1.29999995	943413;4239448;20850010	COCONUT:(CNP0035784 CNP0390303);PubChem:(943413 4239448 20850010);SuperNatural:(SN00047952);ZINC bio:(ZINC00540929)	3153922
11	1	N/A	-458.47663912844416	C11H14N2O3	[M - H2O + H]+	ZDALGCTWWSVNDR	InChI=1S/C11H14N2O3/c1-8(14)12-9-4-3-5-10(6-9)13-11(15)7-16-2/h3-6H,7H2,1-2H3,(H,12,14)(H,13,15)	N-(3-acetamidophenyl)-2-methoxyacetamide	CC(=O)NC1=CC(=CC=C1)NC(=O)COC	0.68202275	1122563	PubChem:(1122563);PubMed;PubChem class - bio and metabolites	16777282
12	1	N/A	-463.4413156441896	C11H14N2O3	[M - H2O + H]+	PITQLPMGJWCDRA	InChI=1S/C11H14N2O3/c1-11(2,3)12(14)8-9-4-6-10(7-5-9)13(15)16/h4-8H,1-3H3	n-tert-Pbn	CC(C)(C)[N+](=CC1=CC=C(C=C1)[N+](=O)[O-])[O-]	1.90356958	123194;3035370;5885397	MeSH:(123194 3035370 5885397);PubChem:(123194 3035370 5885397);PubMed	70
13	1	N/A	-466.8850047736945	C11H14N2O3	[M - H2O + H]+	GUXAWDGROAAJBL	InChI=1S/C11H14N2O3/c1-2-16-11(15)8-3-5-9(6-4-8)13-10(14)7-12/h3-6H,2,7,12H2,1H3,(H,13,14)	Glycylanesthesin	CCOC(=O)C1=CC=C(C=C1)NC(=O)CN	0.400000006	168150	MeSH:(168150);PubChem:(168150);PubMed	70
14	1	N/A	-467.11419323048057	C11H14N2O3	[M - H2O + H]+	LEBQZCAMYFCNFJ	InChI=1S/C11H14N2O3/c1-7(2)12-11(16)13-9-6-4-3-5-8(9)10(14)15/h3-7H,1-2H3,(H,14,15)(H2,12,13,16)	2-(propan-2-ylcarbamoylamino)benzoate	CC(C)NC(=O)NC1=CC=CC=C1C(=O)O	1.4683702	4799718;8118720	PubChem class - safety and toxic;PubChem:(4799718 8118720);PubMed	67108930
15	1	N/A	-477.4314962565249	C11H14N2O3	[M - H2O + H]+	FFAXNGMXKZLZPR	InChI=1S/C11H14N2O3/c1-7(14)13-10-6-8(11(15)16-3)4-5-9(10)12-2/h4-6,12H,1-3H3,(H,13,14)	methyl 3-acetamido-4-(methylamino)benzoate	CC(=O)NC1=C(C=CC(=C1)C(=O)OC)NC	0.899999976	21998724	PubChem:(21998724);PubChem class - safety and toxic	67108866
16	1	N/A	-479.82672828337485	C11H14N2O3	[M - H2O + H]+	HCVBBVTZZJFVLA	InChI=1S/C11H14N2O3/c14-8-11-2-1-7-12(11)9-3-5-10(6-4-9)13(15)16/h3-6,11,14H,1-2,7-8H2	2-Pyrrolidinemethanol, 1-(4-nitrophenyl)-	C1CC(N(C1)C2=CC=C(C=C2)[N+](=O)[O-])CO	1.70000005	605643;11195405;11447382	PubChem class - safety and toxic;PubChem:(605643 11195405 11447382);PubMed	67108930
17	1	N/A	-481.3544206843343	C11H14N2O3	[M - H2O + H]+	QZGBEKMQNFGXSX	InChI=1S/C11H14N2O3/c14-11-2-1-7-12(8-11)9-3-5-10(6-4-9)13(15)16/h3-6,11,14H,1-2,7-8H2	1-(4-nitrophenyl)piperidin-3-ol	C1CC(CN(C1)C2=CC=C(C=C2)[N+](=O)[O-])O	1.70000005	4417428;40492823;40492824	PubChem:(4417428 40492823 40492824);PubChem class - safety and toxic	67108866
18	1	N/A	-493.3821510511774	C11H14N2O3	[M - H2O + H]+	RJNKBEQRBIJDNM	InChI=1S/C11H14N2O3/c1-7(14)13-10(11(12)16)6-8-2-4-9(15)5-3-8/h2-5,10,15H,6H2,1H3,(H2,12,16)(H,13,14)	zlchem 645	CC(=O)NC(CC1=CC=C(C=C1)O)C(=O)N	0.175394773	595936;735956;735957	COCONUT:(CNP0009476);PubChem:(595936 735956 735957);YMDB Mine;ZINC bio:(ZINC00154679 ZINC00154680);MeSH:(735956);PubChem class - safety and toxic;PubMed;KEGG Mine	43018887238
19	1	N/A	-493.8282259464512	C11H14N2O3	[M - H2O + H]+	UAIMULSXTPBYPA	InChI=1S/C11H14N2O3/c1-8(14)12-9-4-6-10(7-5-9)16-11(15)13(2)3/h4-7H,1-3H3,(H,12,14)	Oprea1_416970	CC(=O)NC1=CC=C(C=C1)OC(=O)N(C)C	1.29890823	656203	PubChem class - safety and toxic;PubChem:(656203);PubMed	67108930
20	1	N/A	-495.5721723072685	C11H14N2O3	[M - H2O + H]+	ZZLABCJZAWKQGQ	InChI=1S/C11H14N2O3/c1-2-16-11(15)13-10(14)12-8-9-6-4-3-5-7-9/h3-7H,2,8H2,1H3,(H2,12,13,14,15)	ethyl N-(benzylcarbamoyl)carbamate	CCOC(=O)NC(=O)NCC1=CC=CC=C1	2.0	2748727	COCONUT:(CNP0247563);PubChem:(2748727);SuperNatural:(SN00123181);ZINC bio:(ZINC03844442)	3153922
21	1	N/A	-497.6457190872284	C11H14N2O3	[M - H2O + H]+	AJCNCSPKNBZOJC	InChI=1S/C11H14N2O3/c1-13(9-5-3-2-4-6-9)12-10(14)7-8-11(15)16/h2-6H,7-8H2,1H3,(H,12,14)(H,15,16)	4-(2-methyl-2-phenylhydrazinyl)-4-oxobutanoic acid	CN(C1=CC=CC=C1)NC(=O)CCC(=O)O	1.0	4567258	COCONUT:(CNP0037625);PubChem:(4567258);SuperNatural:(SN00121524);ZINC bio:(ZINC03160744)	3153922
22	1	N/A	-501.25606467485426	C11H14N2O3	[M - H2O + H]+	ULBJILHSWMGASA	InChI=1S/C11H14N2O3/c1-16-11-8-9(13(14)15)4-5-10(11)12-6-2-3-7-12/h4-5,8H,2-3,6-7H2,1H3	Oprea1_096232	COC1=C(C=CC(=C1)[N+](=O)[O-])N2CCCC2	2.29999995	105741	NORMAN:(NS00036210);PubChem:(105741);PubMed	262210
23	1	N/A	-507.7868392781742	C11H14N2O3	[M - H2O + H]+	TZANYFSKGHCQMQ	InChI=1S/C11H14N2O3/c1-7(14)13-6-5-9(15)8-3-2-4-10(16)11(8)12/h2-4,16H,5-6,12H2,1H3,(H,13,14)	N-[3-(2-amino-3-hydroxyphenyl)-3-oxopropyl]acetamide	CC(=O)NCCC(=O)C1=C(C(=CC=C1)O)N	0.400000006	21597363	COCONUT:(CNP0271488);Natural Products:(UNPD8025);PubChem:(21597363);SuperNatural:(SN00294246)	3178498
24	1	N/A	-507.90690185221894	C11H14N2O3	[M - H2O + H]+	XRPGXQWZJXPJHN	InChI=1S/C11H14N2O3/c1-2-3-6-13-10(14)8-5-4-7-12-9(8)11(15)16/h4-5,7H,2-3,6H2,1H3,(H,13,14)(H,15,16)	3(4)-N-Butylformamido-4(3)-carboxypyridine	CCCCNC(=O)C1=C(N=CC=C1)C(=O)O	1.20000005	3057510	PubChem:(3057510);PubChem class - safety and toxic	67108866
25	1	N/A	-510.5171575681086	C11H14N2O3	[M - H2O + H]+	QBWUAJGXNZOAQO	InChI=1S/C11H14N2O3/c1-7(2)9(11(15)16)13-10(14)8-4-3-5-12-6-8/h3-7,9H,1-2H3,(H,13,14)(H,15,16)	Oprea1_322604	CC(C)C(C(=O)O)NC(=O)C1=CN=CC=C1	1.10000002	818092;818093;299354;3988388;6946498;6946499	COCONUT:(CNP0117260 CNP0362033);PubChem:(818092 818093 299354 3988388 6946498 6946499);SuperNatural:(SN00044928 SN00044927);PubMed;ZINC bio:(ZINC00332690 ZINC00332691)	3153986
26	1	N/A	-510.59140531337437	C11H14N2O3	[M - H2O + H]+	BKWKNAKWUCABSK	InChI=1S/C11H14N2O3/c1-7(14)13-5-4-11(16)9-3-2-8(15)6-10(9)12/h2-3,6,15H,4-5,12H2,1H3,(H,13,14)	null	CC(=O)NCCC(=O)C1=C(C=C(C=C1)O)N	0.400000006	102009523	MeSH:(102009523);PubChem:(102009523);PubMed	70
27	1	N/A	-514.5565193513642	C11H14N2O3	[M - H2O + H]+	UARFFANGBYNLQT	InChI=1S/C11H14N2O3/c14-7-5-12-9-3-1-2-4-10(9)13(6-8-15)11(12)16/h1-4,14-15H,5-8H2	Oprea1_324544	C1=CC=C2C(=C1)N(C(=O)N2CCO)CCO	-0.400000006	3016121	PubChem:(3016121);NORMAN:(NS00057817)	262146
28	1	N/A	-521.8737882756967	C11H14N2O3	[M - H2O + H]+	SJPJHLBDGCNLAL	InChI=1S/C11H14N2O3/c1-12(2)8-7-11(14)9-3-5-10(6-4-9)13(15)16/h3-6H,7-8H2,1-2H3	beta-N,N-Dimethyl-4-itropropiophenone	CN(C)CCC(=O)C1=CC=C(C=C1)[N+](=O)[O-]	1.67136323	192756;4227026	PubChem:(192756 4227026);MeSH:(192756)	6
29	1	N/A	-523.6791897315076	C11H14N2O3	[M - H2O + H]+	NZAHXKKNKGVMNY	InChI=1S/C11H14N2O3/c1-12-10(15)8-9(14)6-4-2-3-5-7(6)13-11(8)16/h2-5H2,1H3,(H,12,15)(H2,13,14,16)	Oprea1_390317	CNC(=O)C1=C(C2=C(CCCC2)NC1=O)O	0.899999976	54682393	COCONUT:(CNP0351478);PubChem:(54682393);ZINC bio:(ZINC09046189)	2105346
30	1	N/A	-524.2969553620663	C11H14N2O3	[M - H2O + H]+	JAHDECSRUJTQCB	InChI=1S/C11H14N2O3/c14-13(15)9-1-3-10(4-2-9)16-11-5-7-12-8-6-11/h1-4,11-12H,5-8H2	4-(4-nitrophenoxy)piperidine	C1CNCCC1OC2=CC=C(C=C2)[N+](=O)[O-]	1.79999995	21918653	PubChem:(21918653);PubChem class - safety and toxic	67108866
31	1	N/A	-526.9242664349935	C11H14N2O3	[M - H2O + H]+	ABSCIRILJRKXDO	InChI=1S/C11H14N2O3/c1-7-6-9(4-5-10(7)12)16-11(15)13(3)8(2)14/h4-6H,12H2,1-3H3	4-Amino-m-tolyl acetylmethylcarbamate	CC1=C(C=CC(=C1)OC(=O)N(C)C(=O)C)N	1.3252064	209682	PubChem:(209682);PubChem class - safety and toxic	67108866
32	1	N/A	-536.0752636676872	C11H14N2O3	[M - H2O + H]+	UFLRKWJTMZTORL	InChI=1S/C11H14N2O3/c1-3-16-11(15)13(10(12)14)9-6-4-8(2)5-7-9/h4-7H,3H2,1-2H3,(H2,12,14)	Allophanic acid, 2-p-tolyl-, ethyl ester	CCOC(=O)N(C1=CC=C(C=C1)C)C(=O)N	2.20000005	3044299	PubChem:(3044299);PubChem class - safety and toxic	67108866
33	1	N/A	-536.385643541729	C11H14N2O3	[M - H2O + H]+	JIYAGTDSFMORMI	InChI=1S/C11H14N2O3/c1-7-4-9(16-11(15)12-3)5-8(2)10(7)13-6-14/h4-6H,1-3H3,(H,12,15)(H,13,14)	Formamido zectran	CC1=CC(=CC(=C1NC=O)C)OC(=O)NC	1.95526576	25070	PubChem:(25070);PubChem class - safety and toxic	67108866
34	1	N/A	-537.6776202324992	C11H14N2O3	[M - H2O + H]+	TZRRISNEOUTNSA	InChI=1S/C11H14N2O3/c1-7(2)9(11(15)16)13-10(14)8-5-3-4-6-12-8/h3-7,9H,1-2H3,(H,13,14)(H,15,16)	Oprea1_143642	CC(C)C(C(=O)O)NC(=O)C1=CC=CC=N1	1.39999998	3098098;3098099;7033486;7033487;7033488;7033489	PubChem:(3098098 3098099 7033486 7033487 7033488 7033489);PubChem class - safety and toxic	67108866
35	1	N/A	-540.1226482083908	C11H14N2O3	[M - H2O + H]+	CQXKYWLWCMCZHC	InChI=1S/C11H14N2O3/c12-5-3-11(16)13-6-4-8-1-2-9(14)10(15)7-8/h1-2,4,6-7,14-15H,3,5,12H2,(H,13,16)	1,2-Dehydro-nbad	C1=CC(=C(C=C1C=CNC(=O)CCN)O)O	-0.127863824	6443516	MeSH:(6443516);PubChem:(6443516);PubMed	70
36	1	N/A	-540.7027640961129	C11H14N2O3	[M - H2O + H]+	PJDBUJKWAAGPHW	InChI=1S/C11H14N2O3/c1-8(2)16-11(15)13(10(12)14)9-6-4-3-5-7-9/h3-8H,1-2H3,(H2,12,14)	Phenyl-2 allophanate d''isopropyle	CC(C)OC(=O)N(C1=CC=CC=C1)C(=O)N	2.20000005	129309	MeSH:(129309);PubChem class - safety and toxic;PubChem:(129309);PubMed	67108934
37	1	N/A	-542.9625104746387	C11H14N2O3	[M - H2O + H]+	RUHPRIHOMDMOCZ	InChI=1S/C11H14N2O3/c12-4-3-11(14)13-6-8-1-2-9-10(5-8)16-7-15-9/h1-2,5H,3-4,6-7,12H2,(H,13,14)	N-(1,3-benzodioxol-5-ylmethyl)-beta-alaninamide	C1OC2=C(O1)C=C(C=C2)CNC(=O)CCN	0.0823522881	22692030	COCONUT:(CNP0033791 CNP0367729);PubChem:(22692030);SuperNatural:(SN00084504);ZINC bio:(ZINC11755136)	3153922
38	1	N/A	-549.6715667066763	C11H14N2O3	[M - H2O + H]+	WLAXUTSOKMCHAP	InChI=1S/C11H14N2O3/c1-7(2)9-4-5-10(12-8(3)14)11(6-9)13(15)16/h4-7H,1-3H3,(H,12,14)	N-{2-nitro-4-isopropylphenyl}acetamide	CC(C)C1=CC(=C(C=C1)NC(=O)C)[N+](=O)[O-]	2.42068815	4200165	PubChem:(4200165);PubChem class - safety and toxic	67108866
39	1	N/A	-551.8770345744103	C11H14N2O3	[M - H2O + H]+	WZROBBWIJBBWQP	InChI=1S/C11H14N2O3/c1-11(2,3)16-10(15)13-9-5-4-8(7-14)6-12-9/h4-7H,1-3H3,(H,12,13,15)	2-(Bocamino)-5-pyridinecarboxaldehyde	CC(C)(C)OC(=O)NC1=NC=C(C=C1)C=O	1.20000005	22034247;59927077	PubChem:(22034247 59927077);PubChem class - safety and toxic	67108866
40	1	N/A	-560.7832908014374	C11H14N2O3	[M - H2O + H]+	AJHKCJXLTDAPCQ	InChI=1S/C11H14N2O3/c1-8(2)9-5-4-6-10(7-9)16-11(14)13(3)12-15/h4-8H,1-3H3	Hercules 11771-C	CC(C)C1=CC(=CC=C1)OC(=O)N(C)N=O	3.29614067	29342	PubChem:(29342);PubChem class - safety and toxic	67108866
41	1	N/A	-562.4525370956944	C11H14N2O3	[M - H2O + H]+	NOIWEHDTLCFLHV	InChI=1S/C11H14N2O3/c1-13(2)10(14)7-16-9-6-4-3-5-8(9)11(12)15/h3-6H,7H2,1-2H3,(H2,12,15)	2-[(dimethylcarbamoyl)methoxy]benzamide	CN(C)C(=O)COC1=CC=CC=C1C(=O)N	0.37819463	23209	PubChem:(23209);PubChem class - safety and toxic	67108866
42	1	N/A	-562.8114298938519	C11H14N2O3	[M - H2O + H]+	HEGMSFIETIBFLS	InChI=1S/C11H14N2O3/c1-13(2)10(15)7-12-11(16)8-5-3-4-6-9(8)14/h3-6,14H,7H2,1-2H3,(H,12,16)	N-((Dimethylcarbamoyl)methyl)salicylamide	CN(C)C(=O)CNC(=O)C1=CC=CC=C1O	0.317438245	199587	PubChem:(199587);PubChem class - safety and toxic	67108866
43	1	N/A	-572.7906646586857	C11H14N2O3	[M - H2O + H]+	MPQHMJZTYSTFTQ	InChI=1S/C11H14N2O3/c1-8-6-9(16-11(15)12-2)4-5-10(8)13(3)7-14/h4-7H,1-3H3,(H,12,15)	4-[formyl(methyl)amino]-3-methylphenyl methylcarbamate	CC1=C(C=CC(=C1)OC(=O)NC)N(C)C=O	1.65017104	25073	PubChem:(25073);PubChem class - safety and toxic	67108866
44	1	N/A	-575.6588791511805	C11H14N2O3	[M - H2O + H]+	UYMKXJBJFXPXMB	InChI=1S/C11H14N2O3/c1-11(2,3)16-10(15)13-9-8(7-14)5-4-6-12-9/h4-7H,1-3H3,(H,12,13,15)	2-N-Boc-amino-3-formylpyridine	CC(C)(C)OC(=O)NC1=C(C=CC=N1)C=O	1.79999995	14177125;59927011	PubChem:(14177125 59927011);PubChem class - safety and toxic	67108866
45	1	N/A	-587.3869829146558	C11H14N2O3	[M - H2O + H]+	QLFWPFJWFDNGQP	InChI=1S/C11H14N2O3/c1-6(2)11(16)13-9-7(10(12)15)4-3-5-8(9)14/h3-6,14H,1-2H3,(H2,12,15)(H,13,16)	null	CC(C)C(=O)NC1=C(C=CC=C1O)C(=O)N	1.20000005	53235690	COCONUT:(CNP0264215);Natural Products:(UNPD200363);PubChem:(53235690)	2129922
46	1	N/A	-593.1474416937543	C11H14N2O3	[M - H2O + H]+	CHOBLILHXVGGLT	InChI=1S/C11H14N2O3/c1-7(2)13(11(12)14)8-3-4-9-10(5-8)16-6-15-9/h3-5,7H,6H2,1-2H3,(H2,12,14)	1-(1,3-Benzodioxol-5-yl)-1-isopropylurea	CC(C)N(C1=CC2=C(C=C1)OCO2)C(=O)N	1.29999995	100555	PubChem:(100555);NORMAN:(NS00029418)	262146
47	1	N/A	-602.1658662395436	C11H14N2O3	[M - H2O + H]+	QMKKYQIMEGYVDH	InChI=1S/C11H14N2O3/c1-14-8-3-4-10(15-2)9(7-8)13-11-12-5-6-16-11/h3-4,7H,5-6H2,1-2H3,(H,12,13)	2-(2,5-Dimethoxyanilino)-2-oxazoline	COC1=CC(=C(C=C1)OC)NC2=NCCO2	1.10000002	58910	PubChem:(58910);PubChem class - safety and toxic	67108866
48	1	N/A	-604.5463437941248	C11H14N2O3	[M - H2O + H]+	YLKONQAWPOHLPX	InChI=1S/C11H14N2O3/c1-11(2,3)16-10(15)13-9-6-12-5-4-8(9)7-14/h4-7H,1-3H3,(H,13,15)	t-Butyl4-formylpyridin-3-ylcarbamate	CC(C)(C)OC(=O)NC1=C(C=CN=C1)C=O	1.39999998	14177126	PubChem:(14177126);PubChem class - safety and toxic	67108866
49	1	N/A	-613.6526135696403	C11H14N2O3	[M - H2O + H]+	OMTQSCUQXFQWLU	InChI=1S/C11H14N2O3/c1-14-8-4-3-5-9(15-2)10(8)13-11-12-6-7-16-11/h3-5H,6-7H2,1-2H3,(H,12,13)	2-(2,6-Dimethoxyaniline)-2-oxazoline	COC1=C(C(=CC=C1)OC)NC2=NCCO2	1.10000002	30691	PubChem:(30691);PubChem class - safety and toxic	67108866
50	1	N/A	-628.2707553387806	C11H14N2O3	[M - H2O + H]+	DNIMSDHVMRWPRK	InChI=1S/C11H14N2O3/c1-11(2)4-8-6(5-16-11)3-7(10(14)15)9(12)13-8/h3H,4-5H2,1-2H3,(H2,12,13)(H,14,15)	Oprea1_384825	CC1(CC2=NC(=C(C=C2CO1)C(=O)O)N)C	0.899999976	753726;4093537	COCONUT:(CNP0325543);PubChem:(753726 4093537);SuperNatural:(SN00044097);ZINC bio:(ZINC00206430)	3153922
51	1	N/A	-640.7824160608164	C11H14N2O3	[M - H2O + H]+	JSWIQUSGCBFVMK	InChI=1S/C11H14N2O3/c1-15-10-6-8(2-3-9(10)14)7-13-11-12-4-5-16-11/h2-3,6,14H,4-5,7H2,1H3,(H,12,13)	2-(3-Methoxy-4-hydroxybenzylamino)-2-oxaoline	COC1=C(C=CC(=C1)CNC2=NCCO2)O	0.699999988	3064069	PubChem:(3064069);PubChem class - safety and toxic	67108866
52	1	N/A	-651.0780547858858	C11H14N2O3	[M - H2O + H]+	OHOLTMDCEOQQSP	InChI=1S/C11H14N2O3/c1-6-5-10(13-8(3)14)11(7(2)12-6)16-9(4)15/h5H,1-4H3,(H,12,13,14)	Oprea1_196042	CC1=CC(=C(C(=N1)C)OC(=O)C)NC(=O)C	0.600000024	796639	COCONUT:(CNP0052263);PubChem:(796639);SuperNatural:(SN00118154);ZINC bio:(ZINC00300813)	3153922
53	1	N/A	-658.7678027651241	C11H14N2O3	[M - H2O + H]+	FXHBIVKHYQDNOX	InChI=1S/C11H14N2O3/c1-4-6-11(7-5-2)8(14)12-10(16)13(3)9(11)15/h4-5H,1-2,6-7H2,3H3,(H,12,14,16)	N-Methylallobarbital	CN1C(=O)C(C(=O)NC1=O)(CC=C)CC=C	0.762577772	13074	PubChem:(13074);PubChem class - safety and toxic	67108866
54	1	N/A	-661.5491754336066	C11H14N2O3	[M - H2O + H]+	YIDFCVUUKFRSBG	InChI=1S/C11H14N2O3/c14-6-8-3-4-9(7-15)13(8)11(16)10-2-1-5-12-10/h3-4,6,10,12,15H,1-2,5,7H2	null	C1CC(NC1)C(=O)N2C(=CC=C2C=O)CO	0.43412742	""	COCONUT:(CNP0118232);Natural Products:(UNPD218791)	2129920
55	1	N/A	-669.2128440731416	C11H14N2O3	[M - H2O + H]+	WPIQHWSPEILYJT	InChI=1S/C11H14N2O3/c1-4-6-11(7(3)5-2)8(14)12-10(16)13-9(11)15/h4-5H,1,6H2,2-3H3,(H2,12,13,14,15,16)	Secobarbital M (OH, -H2O)	CC=C(C)C1(C(=O)NC(=O)NC1=O)CC=C	1.5	48559;5352735;21159443	PubChem:(48559 5352735 21159443);PubChem class - safety and toxic	67108866
56	1	N/A	-690.5536820652998	C11H14N2O3	[M - H2O + H]+	KGANTANPQNMAFV	InChI=1S/C11H14N2O3/c14-9-8(10(15)13-11(16)12-9)6-7-4-2-1-3-5-7/h4,8H,1-3,5-6H2,(H2,12,13,14,15,16)	Norhexobarbital	C1CCC(=CC1)CC2C(=O)NC(=O)NC2=O	0.899999976	101844	MeSH:(101844);PubChem:(101844);PubMed	70
57	1	N/A	-694.304472915163	C11H14N2O3	[M - H2O + H]+	NWHUWTFLOIGXEA	InChI=1S/C11H14N2O3/c1-7-4-3-5-9-12-6-8(11(15)16-2)10(14)13(7)9/h6-7H,3-5H2,1-2H3	methyl 6-methyl-4-oxo-6,7,8,9-tetrahydropyrido[1,2-a]pyrimidine-3-carboxylate	CC1CCCC2=NC=C(C(=O)N12)C(=O)OC	1.05370891	118082	PubChem:(118082);PubChem class - safety and toxic	67108866
58	1	N/A	-708.767616522843	C11H14N2O3	[M - H2O + H]+	CUBBFQVHYBRLLY	InChI=1S/C11H14N2O3/c1-2-7-5-3-4-6-11(7)8(14)12-10(16)13-9(11)15/h3-4,7H,2,5-6H2,1H3,(H2,12,13,14,15,16)	11-Ethyl-2,4-diazaspiro(5.5)undec-8-ene-1,3,5-trione	CCC1CC=CCC12C(=O)NC(=O)NC2=O	1.20000005	3050921	PubChem:(3050921);PubChem class - safety and toxic	67108866
59	1	N/A	-741.3164077967975	C11H14N2O3	[M - H2O + H]+	LWFJZAAHBCLHQF	InChI=1S/C11H14N2O3/c1-7-5-8(6-12)16-10-9(7)3-4-13(10)11(14)15-2/h5,7,9-10H,3-4H2,1-2H3	methyl 2-cyano-4-methyl-4a,5,6,7a-tetrahydro-4H-pyrano[2,3-b]pyrrole-7-carboxylate	CC1C=C(OC2C1CCN2C(=O)OC)C#N	1.5	2751302;11887158;11887159;11887160;11887161	COCONUT:(CNP0343854);PubChem:(2751302 11887158 11887159 11887160 11887161);ZINC bio:(ZINC04267687 ZINC04267689 ZINC04267690 ZINC04267693)	2105346
60	1	N/A	-796.9303425199149	C11H14N2O3	[M - H2O + H]+	IKCNLFVLSHDTRC	InChI=1S/C11H14N2O3/c1-6-8-4-12-5-9(11(15)16-2)7(8)3-10(14)13-6/h4-7,12H,3H2,1-2H3,(H,13,14)	null	CC1C2=CNC=C(C2CC(=O)N1)C(=O)OC	-0.699999988	101949521	COCONUT:(CNP0115495);Natural Products:(UNPD24143);PubChem:(101949521);SuperNatural:(SN00273967)	3178498
1	1	0.9979857925818131	-0.3242260965826369	C11H12N2O2	[M + H]+	QIVBCDIJIAJPQS	InChI=1S/C11H12N2O2/c12-9(11(14)15)5-7-6-13-10-4-2-1-3-8(7)10/h1-4,6,9,13H,5,12H2,(H,14,15)	Pacitron	C1=CC=C2C(=C1)C(=CN2)CC(C(=O)O)N	0.719671071	1148;6305;9060;148495;165635;444881;450586;3090777;4099458;5460853;5460842;5460846;5460847;10608299;6923516;6923517;12209732;12209735;12209740;12209741;12209743;12209744;12209745;12209747;12209749;12209751;12209752;12209758;9990558;10998177;10130455;12968609;11063573;10375724;16055314;16055538;18728411;16217284;16217285;22525023;22525024;22525025;25240582;25241001;46783211;51037434;51037435;51037436;54230365;54230366;54230367;59340907;59373185;58478484;58478529;58478567;58478568;58478578;58478580;58478591;58478601;58478603;71752878;71309138;71309644;87528068;88162003;89059443;90793774;101738964;101759576;102176481;101365132;102243993;119077376;118264382;123282542;123759225;122412257;122412258;124202799;132562672;132562673;132562674;132562675;132562676;129716752;129723314;129843791;131698648;129882765;129882951;138986914	HMDB:(929 13609 30396);PubChem class - food;ZINC bio:(ZINC00083315 ZINC00083317);additional;HSDB:(73-22-3);MeSH:(1148 6305 9060);Plantcyc:(D-TRYPTOPHAN TRP);PubMed;NORMAN:(NS00003513);COCONUT:(CNP0167976);KNApSAcK:(1396);Natural Products:(UNPD149555 UNPD173611);PubChem:(1148 6305 9060 148495 165635 444881 450586 3090777 4099458 5460853 5460842 5460846 5460847 10608299 6923516 6923517 12209732 12209735 12209740 12209741 12209743 12209744 12209745 12209747 12209749 12209751 12209752 12209758 9990558 10998177 10130455 12968609 11063573 10375724 16055314 16055538 18728411 16217284 16217285 22525023 22525024 22525025 25240582 25241001 46783211 51037434 51037435 51037436 54230365 54230366 54230367 59340907 59373185 58478484 58478529 58478567 58478568 58478578 58478580 58478591 58478601 58478603 71752878 71309138 71309644 87528068 88162003 89059443 90793774 101738964 101759576 102176481 101365132 102243993 119077376 118264382 123282542 123759225 122412257 122412258 124202799 132562672 132562673 132562674 132562675 132562676 129716752 129723314 129843791 131698648 129882765 129882951 138986914);CHEBI:(57912 32728 27897 32717 32704 64554 32727 57719 16296 32716 32702 16828);PubChem class - bio and metabolites;KEGG:(C00078 C00806 C00525);PubChem class - safety and toxic;YMDB:(998 126);Training Set;PubChem class - drug;Biocyc:(SMA-0000579 TRP D-TRYPTOPHAN)	254798718
2	1	N/A	-335.76544511161865	C11H12N2O2	[M + H]+	ISKLKIWPGSGBNF	InChI=1S/C11H12N2O2/c1-15-8-2-3-10-9(5-8)7(6-13-10)4-11(12)14/h2-3,5-6,13H,4H2,1H3,(H2,12,14)	5-Methoxyindole-3-acetamine	COC1=CC2=C(C=C1)NC=C2CC(=O)N	1.01969469	259193	PubChem class - safety and toxic;PubChem:(259193);KEGG Mine	8657043458
3	1	N/A	-369.91252907405044	C11H12N2O2	[M + H]+	CDWFDLYRKQOGNR	InChI=1S/C11H12N2O2/c12-4-3-8-6-13-10-2-1-7(11(14)15)5-9(8)10/h1-2,5-6,13H,3-4,12H2,(H,14,15)	Oprea1_033425	C1=CC2=C(C=C1C(=O)O)C(=CN2)CCN	0.756518304	19605739	MeSH:(19605739);PubChem:(19605739);PubMed	70
4	1	N/A	-378.50780428233503	C11H12N2O2	[M + H]+	ZDHBKJAJFVSOSF	InChI=1S/C11H12N2O2/c14-11(15)7-3-6-10-12-8-4-1-2-5-9(8)13-10/h1-2,4-5H,3,6-7H2,(H,12,13)(H,14,15)	Oprea1_208955	C1=CC=C2C(=C1)NC(=N2)CCCC(=O)O	1.92828405	755565;4621645;4621646	PubChem class - safety and toxic;PubChem:(755565 4621645 4621646);PubMed	67108930
5	1	N/A	-408.4247169451931	C11H12N2O2	[M + H]+	BGWJSTZPSPZPFY	InChI=1S/C11H12N2O2/c1-7-6-12-8-4-10(14-2)11(15-3)5-9(8)13-7/h4-6H,1-3H3	6,7-Dmomq	CC1=NC2=CC(=C(C=C2N=C1)OC)OC	1.85548973	132541	MeSH:(132541);PubChem:(132541);PubMed	70
6	1	N/A	-427.2342929325024	C11H12N2O2	[M + H]+	UDUWINCMIJQMRI	InChI=1S/C11H12N2O2/c1-15-13-7-9(6-12-8-14)10-4-2-3-5-11(10)13/h2-5,7-8H,6H2,1H3,(H,12,14)	N-[(1-methoxyindol-3-yl)methyl]formamide	CON1C=C(C2=CC=CC=C21)CNC=O	1.5	16084201	COCONUT:(CNP0161277);Natural Products:(UNPD173342);PubChem:(16084201);SuperNatural:(SN00404620);MeSH:(16084201);PubMed	3178566
7	1	N/A	-431.5647319362734	C11H12N2O2	[M + H]+	UFSQOUQSBQLCPI	InChI=1S/C11H12N2O2/c1-7-3-4-10-12-8(2)9(5-11(14)15)13(10)6-7/h3-4,6H,5H2,1-2H3,(H,14,15)	2,5-Dimethylimidazo(1,2-a)pyridine-3-acetic acid	CC1=CN2C(=NC(=C2CC(=O)O)C)C=C1	2.14440274	89053	PubChem:(89053);PubChem class - safety and toxic	67108866
8	1	N/A	-457.4449392446965	C11H12N2O2	[M + H]+	FNECVBKHCBVTJM	InChI=1S/C11H12N2O2/c1-11(2,8-13(14)15)10-5-3-9(7-12)4-6-10/h3-6H,8H2,1-2H3	4-(2-methyl-1-nitropropan-2-yl)benzonitrile	CC(C)(C[N+](=O)[O-])C1=CC=C(C=C1)C#N	2.5999999	4255416	PubChem:(4255416);PubChem class - safety and toxic	67108866
9	1	N/A	-457.616944428531	C11H12N2O2	[M + H]+	KZPRCESDIPAEAE	InChI=1S/C11H12N2O2/c1-8(14)11(9(2)15)13-12-10-6-4-3-5-7-10/h3-7,11H,1-2H3	Phenyl-azo-acetylaceton	CC(=O)C(C(=O)C)N=NC1=CC=CC=C1	1.79999995	91785	NORMAN:(NS00056080);PubChem class - safety and toxic;PubChem:(91785)	67371010
10	1	N/A	-462.8664518860573	C11H12N2O2	[M + H]+	UZVYGOXJMRZJFK	InChI=1S/C11H12N2O2/c1-14-10-5-7-8(12)3-4-13-9(7)6-11(10)15-2/h3-6H,1-2H3,(H2,12,13)	Amiquinsin	COC1=CC2=C(C=CN=C2C=C1OC)N	1.5	23510	MeSH:(23510);PubChem:(23510);PubMed;ZINC bio:(ZINC00000924)	8262
11	1	N/A	-467.64307915807575	C11H12N2O2	[M + H]+	QMERMWACWLHWSF	InChI=1S/C11H12N2O2/c1-3-9-7(2)12-11-5-4-8(13(14)15)6-10(9)11/h4-6,12H,3H2,1-2H3	Oprea1_247831	CCC1=C(NC2=C1C=C(C=C2)[N+](=O)[O-])C	3.0999999	231964	PubChem:(231964);PubChem class - safety and toxic	67108866
12	1	N/A	-467.87187930434084	C11H12N2O2	[M + H]+	YKNPPZPHWDKZHL	InChI=1S/C11H12N2O2/c1-6-7(2)13-11-9(15-3)5-4-8(14)10(11)12-6/h4-5,14H,1-3H3	null	CC1=NC2=C(C=CC(=C2N=C1C)OC)O	1.60000002	135566968	PubChem:(135566968);PubChem class - bio and metabolites	16777218
13	1	N/A	-469.79541474720793	C11H12N2O2	[M + H]+	LVYLVSVOBJBWGV	InChI=1S/C11H12N2O2/c12-7-6-11(14)13-8-9-15-10-4-2-1-3-5-10/h1-5H,6,8-9H2,(H,13,14)	2-Cyano-N-(2-phenoxyethyl)acetamide	C1=CC=C(C=C1)OCCNC(=O)CC#N	1.10000002	573861	PubChem:(573861);PubChem class - safety and toxic	67108866
14	1	N/A	-476.42214015846736	C11H12N2O2	[M + H]+	SQIQIYYPWAELAC	InChI=1S/C11H12N2O2/c1-7(2)13-6-12-9-5-8(11(14)15)3-4-10(9)13/h3-7H,1-2H3,(H,14,15)	1-propan-2-ylbenzimidazole-5-carboxylate	CC(C)N1C=NC2=C1C=CC(=C2)C(=O)O	1.70000005	4712703;7021967	PubChem:(4712703 7021967);PubMed;PubChem class - bio and metabolites	16777282
15	1	N/A	-482.17383399399756	C11H12N2O2	[M + H]+	WIMRYHOZLBQVIW	InChI=1S/C11H12N2O2/c14-11(15)7-12-10-6-5-8-3-1-2-4-9(8)13-10/h1-4H,5-7H2,(H,12,13)(H,14,15)	(3,4-dihydroquinolin-2-ylamino)acetic acid	C1CC(=NCC(=O)O)NC2=CC=CC=C21	0.899999976	1622134;135492226	COCONUT:(CNP0149292);PubChem:(1622134 135492226);SuperNatural:(SN00051495);ZINC bio:(ZINC01870429)	3153922
16	1	N/A	-484.5889456939202	C11H12N2O2	[M + H]+	RDFZQTDLGKFDNB	InChI=1S/C11H12N2O2/c1-14-9-6-8(12)10-7(11(9)15-2)4-3-5-13-10/h3-6H,12H2,1-2H3	5,6-dimethoxyquinolin-8-amine	COC1=C(C2=C(C(=C1)N)N=CC=C2)OC	1.5	231558	PubChem class - safety and toxic;PubChem:(231558);PubMed	67108930
17	1	N/A	-489.18781138905257	C11H12N2O2	[M + H]+	QQNQPNGPSKOQAD	InChI=1S/C11H12N2O2/c1-2-15-11(14)7-13-8-12-9-5-3-4-6-10(9)13/h3-6,8H,2,7H2,1H3	Ethyl 1H-benzimidazoleacetate	CCOC(=O)CN1C=NC2=CC=CC=C21	1.79999995	171417	PubChem:(171417);PubChem class - safety and toxic	67108866
18	1	N/A	-492.28538378881717	C11H12N2O2	[M + H]+	AWQPZXNYDGBBOU	InChI=1S/C11H12N2O2/c1-8(14)11(9(2)15)13-12-10-6-4-3-5-7-10/h3-7,14H,1-2H3	null	CC(=C(C(=O)C)N=NC1=CC=CC=C1)O	2.70000005	135427640;135454053;135454393	PubChem class - safety and toxic;PubChem:(135427640 135454053 135454393);PubMed	67108930
19	1	N/A	-493.2296208879155	C11H12N2O2	[M + H]+	ZLCHKGJHNUULJZ	InChI=1S/C11H12N2O2/c1-12(9-5-3-2-4-6-9)13-10(14)7-8-11(13)15/h2-6H,7-8H2,1H3	2,5-Pyrrolidinedione, 1-(methylphenylamino)-	CN(C1=CC=CC=C1)N2C(=O)CCC2=O	1.20000005	13258290	COCONUT:(CNP0053686);PubChem:(13258290);SuperNatural:(SN00141166);ZINC bio:(ZINC68588286)	3153922
20	1	N/A	-493.3707212431533	C11H12N2O2	[M + H]+	IXIODNUPYPVUBO	InChI=1S/C11H12N2O2/c1-15-11-5-3-2-4-9(11)10-6-8(7-14)12-13-10/h2-6,14H,7H2,1H3,(H,12,13)	null	COC1=CC=CC=C1C2=NNC(=C2)CO	1.0	54847133	PubChem:(54847133);PubChem class - safety and toxic	67108866
21	1	N/A	-493.95403558519405	C11H12N2O2	[M + H]+	PVVTWNMXEHROIA	InChI=1S/C11H12N2O2/c14-7-3-6-10-12-9-5-2-1-4-8(9)11(15)13-10/h1-2,4-5,14H,3,6-7H2,(H,12,13,15)	2-(3-hydroxypropyl)-1H-quinazolin-4-one	C1=CC=C2C(=C1)C(=O)NC(=N2)CCCO	0.300000012	135438111	COCONUT:(CNP0199984);KNApSAcK:(26248);Natural Products:(UNPD104851);PubChem:(135438111);MeSH:(135438111);PubMed	2130006
22	1	N/A	-499.1980848546926	C11H12N2O2	[M + H]+	RFHMRCAOOQCCTE	InChI=1S/C11H12N2O2/c1-11(2,8-12)15-10(14)13-9-6-4-3-5-7-9/h3-7H,1-2H3,(H,13,14)	Ambcb5477156	CC(C)(C#N)OC(=O)NC1=CC=CC=C1	1.89999998	239183	PubChem class - safety and toxic;PubChem:(239183);PubMed	67108930
23	1	N/A	-500.97591474554395	C11H12N2O2	[M + H]+	NEBGLASHEJDBJB	InChI=1S/C11H12N2O2/c1-13-11(14)15-10-6-4-9(5-7-10)3-2-8-12/h4-7H,2-3H2,1H3,(H,13,14)	Stauffer R-10632	CNC(=O)OC1=CC=C(C=C1)CCC#N	2.22070312	3032614	PubChem:(3032614);PubChem class - safety and toxic	67108866
24	1	N/A	-501.10248627132285	C11H12N2O2	[M + H]+	CELPSGSLQYBSCR	InChI=1S/C11H12N2O2/c1-2-15-11(14)7-9-8-13-6-4-3-5-10(13)12-9/h3-6,8H,2,7H2,1H3	Ethyl imidazo[1,2-a]pyridin-2-ylacetate	CCOC(=O)CC1=CN2C=CC=CC2=N1	2.0	10822054	PubChem:(10822054);PubChem class - safety and toxic	67108866
25	1	N/A	-502.67727694693576	C11H12N2O2	[M + H]+	QVLABDVFFKPPGN	InChI=1S/C11H12N2O2/c14-6-5-12-7-9-8-3-1-2-4-10(8)13-11(9)15/h1-4,7,13-15H,5-6H2	null	C1=CC=C2C(=C1)C(=C(N2)O)C=NCCO	0.899999976	2034851	PubChem class - safety and toxic;PubChem:(2034851);PubMed	67108930
26	1	N/A	-503.0591712308234	C11H12N2O2	[M + H]+	JTVPWPDLKUQDAU	InChI=1S/C11H12N2O2/c1-2-15-11(14)7-10-12-8-5-3-4-6-9(8)13-10/h3-6H,2,7H2,1H3,(H,12,13)	ethyl 2-benzimidazol-2-ylacetate	CCOC(=O)CC1=NC2=CC=CC=C2N1	1.87062609	308071	PubChem class - safety and toxic;PubChem:(308071);PubMed	67108930
27	1	N/A	-504.0505620941038	C11H12N2O2	[M + H]+	KPYXDIVTPWLGHB	InChI=1S/C11H12N2O2/c12-9-4-2-1-3-8(9)7-5-10(11(14)15)13-6-7/h1-4,6,10,13H,5,12H2,(H,14,15)	null	C1C(NC=C1C2=CC=CC=C2N)C(=O)O	0.899999976	10035803	COCONUT:(CNP0132187);Natural Products:(UNPD194902);PubChem:(10035803);SuperNatural:(SN00357335);PubMed	3178562
28	1	N/A	-506.41430535651006	C11H12N2O2	[M + H]+	CSZOHYLMFSLLFZ	InChI=1S/C11H12N2O2/c1-3-13-7(2)12-9-6-8(11(14)15)4-5-10(9)13/h4-6H,3H2,1-2H3,(H,14,15)	Oprea1_583180	CCN1C(=NC2=C1C=CC(=C2)C(=O)O)C	1.70000005	824405;6947385	COCONUT:(CNP0081472);PubChem:(824405 6947385);SuperNatural:(SN00118299);PubMed;ZINC bio:(ZINC00343026)	3153986
29	1	N/A	-508.76248852629976	C11H12N2O2	[M + H]+	KZEJQPGHFLYWOJ	InChI=1S/C11H12N2O2/c1-8(14)12-13-7-10-5-3-2-4-9(10)6-11(13)15/h2-5H,6-7H2,1H3,(H,12,14)	N-(3-oxo-1,4-dihydroisoquinolin-2-yl)acetamide	CC(=O)NN1CC2=CC=CC=C2CC1=O	0.400000006	217642	PubChem:(217642);PubChem class - safety and toxic	67108866
30	1	N/A	-509.2469846186493	C11H12N2O2	[M + H]+	NHUPEUMBGMETKD	InChI=1S/C11H12N2O2/c1-8-7-12-11(14)13(8)9-3-5-10(15-2)6-4-9/h3-7H,1-2H3,(H,12,14)	Metazamidum	CC1=CNC(=O)N1C2=CC=C(C=C2)OC	1.20000005	26433	PubChem:(26433);PubChem class - drug	33554434
31	1	N/A	-517.7375958185327	C11H12N2O2	[M + H]+	YNBGGUBQXVTLST	InChI=1S/C11H12N2O2/c1-7-9(6-10(14)15-2)8-4-3-5-12-11(8)13-7/h3-5H,6H2,1-2H3,(H,12,13)	null	CC1=C(C2=C(N1)N=CC=C2)CC(=O)OC	1.5	67218699	PubChem:(67218699);PubChem class - safety and toxic	67108866
32	1	N/A	-524.1112643845873	C11H12N2O2	[M + H]+	DLHWPLFJAJCANU	InChI=1S/C11H12N2O2/c14-10-7-6-9(13-10)11(15)12-8-4-2-1-3-5-8/h1-5,9H,6-7H2,(H,12,15)(H,13,14)	Oprea1_280279	C1CC(=O)NC1C(=O)NC2=CC=CC=C2	0.5	760023;760025;238147	COCONUT:(CNP0071003);PubChem:(760023 760025 238147);PubMed;ZINC bio:(ZINC00227513 ZINC00227517)	2105410
33	1	N/A	-524.5704083527044	C11H12N2O2	[M + H]+	HOZQRLDSYOOAJM	InChI=1S/C11H12N2O2/c1-7-2-4-8(5-3-7)9-6-10(11(14)15)13-12-9/h2-5,10,13H,6H2,1H3,(H,14,15)	Acide (methyl-4 phenyl)-3 delta-2 pyrazoline carboxylique-5	CC1=CC=C(C=C1)C2=NNC(C2)C(=O)O	1.79999995	1484813;1484814;3064503;6987120;6987121	PubChem:(1484813 1484814 3064503 6987120 6987121);PubChem class - safety and toxic	67108866
34	1	N/A	-533.5063263672234	C11H12N2O2	[M + H]+	CGSKTFVSAVYFAX	InChI=1S/C11H12N2O2/c1-8(14)13-10(11(12)15)7-9-5-3-2-4-6-9/h2-7H,1H3,(H2,12,15)(H,13,14)	2-acetamido-3-phenylprop-2-enamide	CC(=O)NC(=CC1=CC=CC=C1)C(=O)N	0.69411236	297420;5706047;5884588	COCONUT:(CNP0419094);PubChem:(297420 5706047 5884588);SuperNatural:(SN00131301);ZINC bio:(ZINC04712376)	3153922
35	1	N/A	-534.2435839851101	C11H12N2O2	[M + H]+	SKVPTPMWXJSBTF	InChI=1S/C11H12N2O2/c1-8-10(14)11(15)13(12(8)2)9-6-4-3-5-7-9/h3-7,14H,1-2H3	Prestwick_270	CC1=C(C(=O)N(N1C)C2=CC=CC=C2)O	1.7378397	98889;51372445;139074852	NORMAN:(NS00003571);COCONUT:(CNP0117330);HMDB:(60878);PubChem:(98889 51372445 139074852);SuperNatural:(SN00001062);CHEBI:(94641);ZINC bio:(ZINC00119268);MeSH:(98889);PubChem class - safety and toxic;PubMed;KEGG Mine	8660459630
36	1	N/A	-535.7027993141224	C11H12N2O2	[M + H]+	YADJEVFNQHNUSD	InChI=1S/C11H12N2O2/c1-2-9(10(14)13-11(12)15)8-6-4-3-5-7-8/h2-7H,1H3,(H3,12,13,14,15)	2-Phenylcrotonyl urea	CC=C(C1=CC=CC=C1)C(=O)NC(=O)N	1.79999995	6507293;6445208	PubChem class - safety and toxic;PubChem:(6507293 6445208);KEGG Mine	8657043458
37	1	N/A	-537.7730670997483	C11H12N2O2	[M + H]+	NSWKXPYAEDMRAW	InChI=1S/C11H12N2O2/c12-2-4-13-3-1-8-5-10(14)11(15)6-9(8)7-13/h5-6,14-15H,1,3-4,7H2	2(1H)-Isoquinolineacetonitrile, 3,4-diydro-6,7-dihydroxy-	C1CN(CC2=CC(=C(C=C21)O)O)CC#N	0.899999976	3025847	MeSH:(3025847);PubChem:(3025847);PubMed	70
38	1	N/A	-538.5031067901045	C11H12N2O2	[M + H]+	UUQQGGWZVKUCBD	InChI=1S/C11H12N2O2/c14-6-9-10(7-15)13-11(12-9)8-4-2-1-3-5-8/h1-5,14-15H,6-7H2,(H,12,13)	2-Phenyl-4,5-dihydroxymethylimidazole	C1=CC=C(C=C1)C2=NC(=C(N2)CO)CO	0.0	109115	NORMAN:(NS00022512);PubChem class - safety and toxic;PubChem:(109115)	67371010
39	1	N/A	-543.6265260904328	C11H12N2O2	[M + H]+	RAGSBUDIXSABRI	InChI=1S/C11H12N2O2/c14-10-6-7-13(11(15)12-10)8-9-4-2-1-3-5-9/h1-5H,6-8H2,(H,12,14,15)	Oprea1_427579	C1CN(C(=O)NC1=O)CC2=CC=CC=C2	0.5	237960	COCONUT:(CNP0271575);PubChem:(237960);SuperNatural:(SN00117767);PubMed;ZINC bio:(ZINC00196910)	3153986
40	1	N/A	-546.0720133436884	C11H12N2O2	[M + H]+	GQXOMZRZCLHBSH	InChI=1S/C11H12N2O2/c1-2-15-11(14)10-9(12)7-5-3-4-6-8(7)13-10/h3-6,13H,2,12H2,1H3	Oprea1_396376	CCOC(=O)C1=C(C2=CC=CC=C2N1)N	2.5	732887;21597152	PubChem class - safety and toxic;PubChem:(732887 21597152);PubMed	67108930
41	1	N/A	-548.2964790175961	C11H12N2O2	[M + H]+	QZCFVHVWQOHXHZ	InChI=1S/C11H12N2O2/c1-2-7-8-5-3-4-6-9(8)15-10(7)11(12)13-14/h3-6,14H,2H2,1H3,(H2,12,13)	3-Ethyl-N-hydroxy-2-benzofurancarboximidamide	CCC1=C(OC2=CC=CC=C21)C(=NO)N	2.5999999	3069457;5747141;9588613	PubChem:(3069457 5747141 9588613);PubChem class - safety and toxic	67108866
42	1	N/A	-552.5455122042387	C11H12N2O2	[M + H]+	FBFCBNWVKOBJLV	InChI=1S/C11H12N2O2/c1-8-7-11(14)13(12-8)9-3-5-10(15-2)6-4-9/h3-6H,7H2,1-2H3	1-(para-Methoxy)phenyl-3-methyl-5-pyrazolone	CC1=NN(C(=O)C1)C2=CC=C(C=C2)OC	1.20000005	124732	MeSH:(124732);PubChem:(124732);PubMed	70
43	1	N/A	-553.029248130039	C11H12N2O2	[M + H]+	JEVVHEACJGXPMC	InChI=1S/C11H12N2O2/c1-14-10-4-2-8(3-5-10)11-6-9(7-12)13-15-11/h2-6H,7,12H2,1H3	(5-(4-Methoxyphenyl)isoxazol-3-yl)methanamine	COC1=CC=C(C=C1)C2=CC(=NO2)CN	0.899999976	42281871	PubChem:(42281871);PubChem class - safety and toxic	67108866
44	1	N/A	-557.0951228795433	C11H12N2O2	[M + H]+	RZDNXBOXSFUJAK	InChI=1S/C11H12N2O2/c1-12(2)7-13-10(14)8-5-3-4-6-9(8)11(13)15/h3-6H,7H2,1-2H3	Oprea1_509724	CN(C)CN1C(=O)C2=CC=CC=C2C1=O	0.90360719	295571	PubChem class - safety and toxic;PubChem:(295571);PubMed	67108930
45	1	N/A	-559.136271697164	C11H12N2O2	[M + H]+	BJSOSHBGDPCFLO	InChI=1S/C11H12N2O2/c14-9-12-10-1-3-11(4-2-10)13-5-7-15-8-6-13/h1-4H,5-8H2	Morpholine,4-(4-isocyanatophenyl)-	C1COCCN1C2=CC=C(C=C2)N=C=O	1.81548631	22348363	PubChem:(22348363);PubChem class - safety and toxic	67108866
46	1	N/A	-561.5971870539483	C11H12N2O2	[M + H]+	WBGHUVVRWWHCDW	InChI=1S/C11H12N2O2/c14-13(15)8-11-7-10-4-2-1-3-9(10)5-6-12-11/h1-4,8,12H,5-7H2	5-20-07-00131 (Beilstein Handbook Reference)	C1CNC(=C[N+](=O)[O-])CC2=CC=CC=C21	2.29999995	3045196;21152105;73745069	PubChem:(3045196 21152105 73745069);PubChem class - safety and toxic	67108866
47	1	N/A	-562.9600588065601	C11H12N2O2	[M + H]+	JRXGAWVXJUVHTD	InChI=1S/C11H12N2O2/c1-8-12-10-5-3-2-4-9(10)11(15)13(8)6-7-14/h2-5,14H,6-7H2,1H3	Oprea1_026491	CC1=NC2=CC=CC=C2C(=O)N1CCO	0.200000003	63733	PubChem class - safety and toxic;PubChem:(63733);PubMed	67108930
48	1	N/A	-569.4437101122504	C11H12N2O2	[M + H]+	UZOJHXFWJFSFAI	InChI=1S/C11H12N2O2/c14-10-7-12-11(15)9(13-10)6-8-4-2-1-3-5-8/h1-5,9H,6-7H2,(H,12,15)(H,13,14)	3-benzylpiperazine-2,5-dione	C1C(=O)NC(C(=O)N1)CC2=CC=CC=C2	0.633928359	138409;928691;7076549	COCONUT:(CNP0129717);Natural Products:(UNPD95785 UNPD226406);PubChem:(138409 928691 7076549);SuperNatural:(SN00297723);ZINC bio:(ZINC00518967 ZINC04026502);PubMed;Biocyc:(CPD-20371)	3188802
49	1	N/A	-569.9332479322503	C11H12N2O2	[M + H]+	YAEXYISATSGZDB	InChI=1S/C11H12N2O2/c1-11(2)9(14)13(10(15)12-11)8-6-4-3-5-7-8/h3-7H,1-2H3,(H,12,15)	5,5-Dimethyl-3-phenylhydantoin	CC1(C(=O)N(C(=O)N1)C2=CC=CC=C2)C	1.29999995	3054223	PubChem:(3054223);PubChem class - safety and toxic	67108866
50	1	N/A	-570.2698688901786	C11H12N2O2	[M + H]+	HCFFIJQLMJZMRX	InChI=1S/C11H12N2O2/c1-2-6-12-8-5-3-4-7-9(8)11(15)13-10(7)14/h3-5,12H,2,6H2,1H3,(H,13,14,15)	null	CCCNC1=CC=CC2=C1C(=O)NC2=O	2.0999999	138115391	PubChem:(138115391);PubChem class - bio and metabolites	16777218
51	1	N/A	-576.4427797119441	C11H12N2O2	[M + H]+	OTQKJRWGUZUOHM	InChI=1S/C11H12N2O2/c1-3-6-15-10-5-4-8(12)7-9(10)11(14)13-2/h1,4-5,7H,6,12H2,2H3,(H,13,14)	5-amino-N-methyl-2-prop-2-ynoxybenzamide	CNC(=O)C1=C(C=CC(=C1)N)OCC#C	0.600000024	207696	PubChem:(207696);PubChem class - safety and toxic	67108866
52	1	N/A	-578.9208253030436	C11H12N2O2	[M + H]+	JBJKAGOWIZGVTR	InChI=1S/C11H12N2O2/c1-12-10(8-14)7-11(15)13(12)9-5-3-2-4-6-9/h2-7,14H,8H2,1H3	3-hydroxymethylantipyrine	CN1C(=CC(=O)N1C2=CC=CC=C2)CO	1.24157643	123963	HMDB:(13840);PubChem:(123963);MeSH:(123963);Training Set;PubMed;KEGG Mine	8589951054
53	1	N/A	-579.4233618341714	C11H12N2O2	[M + H]+	PGVXBSSEVQUMQM	InChI=1S/C11H12N2O2/c14-6-9-3-1-2-8(11(9)15)4-10-5-12-7-13-10/h1-3,5,7,14-15H,4,6H2,(H,12,13)	Ledazerol	C1=CC(=C(C(=C1)CO)O)CC2=CN=CN2	1.29999995	65932	PubChem:(65932);PubChem class - safety and toxic	67108866
54	1	N/A	-584.9510450812592	C11H12N2O2	[M + H]+	MXAUKXXHSHERRL	InChI=1S/C11H12N2O2/c14-6-1-2-9-8(5-6)7-3-4-12-11(15)10(7)13-9/h1-2,5,11-15H,3-4H2	null	C1CNC(C2=C1C3=C(N2)C=CC(=C3)O)O	0.600000024	10954671	COCONUT:(CNP0390639);KNApSAcK:(26847);Natural Products:(UNPD126857);PubChem:(10954671);PubMed	2130002
55	1	N/A	-594.4277984746896	C11H12N2O2	[M + H]+	YPWANZCXVOBHHZ	InChI=1S/C11H12N2O2/c14-6-1-2-9-8(5-6)7-3-4-12-11(15)10(7)13-9/h1-2,5,7,10,13-14H,3-4H2,(H,12,15)	null	C1CNC(=O)C2C1C3=C(N2)C=CC(=C3)O	0.717071533	""	COCONUT:(CNP0127831);Natural Products:(UNPD211811)	2129920
56	1	N/A	-595.9675389822778	C11H12N2O2	[M + H]+	JLSMWTJTTSMNRP	InChI=1S/C11H12N2O2/c1-8-9(5-7-14)11(15)13-6-3-2-4-10(13)12-8/h2-4,6,14H,5,7H2,1H3	3-(2-hydroxyethyl)-2-methylpyrido[1,2-a]pyrimidin-4-one	CC1=C(C(=O)N2C=CC=CC2=N1)CCO	1.13588786	6451679	PubChem:(6451679);NORMAN:(NS00030917)	262146
57	1	N/A	-602.12035882362	C11H12N2O2	[M + H]+	KTSRARHGUNNUMM	InChI=1S/C11H12N2O2/c14-6-9-3-8(1-2-11(9)15)4-10-5-12-7-13-10/h1-3,5,7,14-15H,4,6H2,(H,12,13)	2-(hydroxymethyl)-4-(1H-imidazol-5-ylmethyl)phenol	C1=CC(=C(C=C1CC2=CN=CN2)CO)O	1.29999995	3087980	PubChem:(3087980);PubChem class - safety and toxic	67108866
58	1	N/A	-602.5646860246286	C11H12N2O2	[M + H]+	RTMDEHNRMKFSML	InChI=1S/C11H12N2O2/c1-7-3-5-8(6-4-7)11(2)9(14)12-10(15)13-11/h3-6H,1-2H3,(H2,12,13,14,15)	Oprea1_127394	CC1=CC=C(C=C1)C2(C(=O)NC(=O)N2)C	1.05984855	721693;289049;6542047	PubChem:(721693 289049 6542047);PubChem class - safety and toxic	67108866
59	1	N/A	-603.478480979105	C11H12N2O2	[M + H]+	MUKCVLFJCGZPKF	InChI=1S/C11H12N2O2/c1-12-7-10-4-5-11(15-10)14-9-3-2-6-13-8-9/h2-6,8,12H,7H2,1H3	methyl[(5-(3-pyridyloxy)(2-furyl))methyl]amine	CNCC1=CC=C(O1)OC2=CN=CC=C2	1.20000005	7164634;7164635	PubChem:(7164634 7164635);PubMed;PubChem class - bio and metabolites	16777282
60	1	N/A	-607.9629796084735	C11H12N2O2	[M + H]+	USEXFCNJGSTLPE	InChI=1S/C11H12N2O2/c1-7-10(14)13-9(11(15)12-7)8-5-3-2-4-6-8/h2-7,9H,1H3,(H,12,15)(H,13,14)	3-methyl-6-phenylpiperazine-2,5-dione	CC1C(=O)NC(C(=O)N1)C2=CC=CC=C2	0.643228114	853064;853065;853066;853067;4444779	PubChem:(853064 853065 853066 853067 4444779);PubChem class - safety and toxic	67108866
61	1	N/A	-616.6394196305115	C11H12N2O2	[M + H]+	UDTWZFJEMMUFLC	InChI=1S/C11H12N2O2/c1-2-11(8-6-4-3-5-7-8)9(14)12-10(15)13-11/h3-7H,2H2,1H3,(H2,12,13,14,15)	Nirvanol	CCC1(C(=O)NC(=O)N1)C2=CC=CC=C2	1.02568424	91480;667433;451209;6540813;12217789;90678717	NORMAN:(NS00015476);COCONUT:(CNP0319387);HMDB:(60533 60967);PubChem:(91480 667433 451209 6540813 12217789 90678717);SuperNatural:(SN00214691);CHEBI:(79441);ZINC bio:(ZINC00000546 ZINC11536302);MeSH:(91480);KEGG:(C14916);PubChem class - safety and toxic;PubMed	70525294
62	1	N/A	-617.2170353224195	C11H12N2O2	[M + H]+	FKIQEBMKCDEDBS	InChI=1S/C11H12N2O2/c1-8-6-13(7-14)10-5-3-2-4-9(10)12-11(8)15/h2-5,7-8H,6H2,1H3,(H,12,15)	Oprea1_730071	CC1CN(C2=CC=CC=C2NC1=O)C=O	0.800000012	59833;777839;777840	PubChem:(59833 777839 777840);PubChem class - safety and toxic	67108866
63	1	N/A	-622.2052317083461	C11H12N2O2	[M + H]+	NXJZQAOQHFVDJW	InChI=1S/C11H12N2O2/c1-8(14)13-10-4-2-9(3-5-10)11-6-7-12-15-11/h2-5,7,11H,6H2,1H3,(H,13,14)	null	CC(=O)NC1=CC=C(C=C1)C2CC=NO2	0.5	137349164	PubChem:(137349164);PubChem class - bio and metabolites	16777218
64	1	N/A	-626.223796027842	C11H12N2O2	[M + H]+	KEKBLIAQVPGFMT	InChI=1S/C11H12N2O2/c1-9(14)15-11-7-8-13(12-11)10-5-3-2-4-6-10/h2-6H,7-8H2,1H3	CBMicro_013234	CC(=O)OC1=NN(CC1)C2=CC=CC=C2	1.70000005	520319	COCONUT:(CNP0150521);PubChem:(520319);SuperNatural:(SN00118099);ZINC bio:(ZINC00286513)	3153922
65	1	N/A	-634.6474696091142	C11H12N2O2	[M + H]+	LHCOSZIUDMOCHW	InChI=1S/C11H12N2O2/c1-2-9-10(15-6-5-14-9)7-8(1)11-12-3-4-13-11/h1-2,7H,3-6H2,(H,12,13)	null	C1CN=C(N1)C2=CC3=C(C=C2)OCCO3	0.600000024	10104351	MeSH:(10104351);PubChem:(10104351);PubMed	70
66	1	N/A	-636.8649518932875	C11H12N2O2	[M + H]+	BOCATKBAKISRLA	InChI=1S/C11H12N2O2/c1-2-3-9-10(15-11(14)13-9)8-4-6-12-7-5-8/h4-7H,2-3H2,1H3,(H,13,14)	4-propyl-5-pyridin-4-yl-3H-oxazol-2-one	CCCC1=C(OC(=O)N1)C2=CC=NC=C2	1.39999998	163812	MeSH:(163812);PubChem:(163812);PubMed	70
67	1	N/A	-637.2356748846961	C11H12N2O2	[M + H]+	UAYIYEKRCXWKAR	InChI=1S/C11H12N2O2/c14-7-9-6-10(15)12-13-11(9)8-4-2-1-3-5-8/h1-5,9,14H,6-7H2,(H,12,15)	hydroxymethylphenyldihydropyridazinone	C1C(C(=NNC1=O)C2=CC=CC=C2)CO	0.300000012	98415;40505984;40582737	PubChem:(98415 40505984 40582737);PubChem class - safety and toxic	67108866
68	1	N/A	-640.2192909422067	C11H12N2O2	[M + H]+	BUCXEFZXWKUCCY	InChI=1S/C11H12N2O2/c1-13-10(12-15-11(13)14)8-7-9-5-3-2-4-6-9/h2-6H,7-8H2,1H3	3-(2-Phenylethyl)-4-methylsydnone	CN1C(=NOC1=O)CCC2=CC=CC=C2	1.79999995	3082702	MeSH:(3082702);PubChem:(3082702);PubMed	70
69	1	N/A	-648.9871407996814	C11H12N2O2	[M + H]+	FIKUEZUFASUKAH	InChI=1S/C11H12N2O2/c14-11-9-4-1-5-12-10(9)15-7-8-3-2-6-13(8)11/h1,4-5,8H,2-3,6-7H2	null	C1CC2COC3=C(C=CC=N3)C(=O)N2C1	0.899999976	13584911;13584912;138111945	MeSH:(13584912);PubChem:(13584911 13584912 138111945);PubMed	70
70	1	N/A	-660.424472046912	C11H12N2O2	[M + H]+	HPMRFMKYPGXPEP	InChI=1S/C11H12N2O2/c1-2-4-9-8(3-1)14-7-10(15-9)11-12-5-6-13-11/h1-4,10H,5-7H2,(H,12,13)	Idazoxane	C1CN=C(N1)C2COC3=CC=CC=C3O2	0.699999988	54459;6603887;12866829;25271974;28125538;71749474;74441142;101826595	COCONUT:(CNP0069943 CNP0401956);PubChem:(54459 6603887 12866829 25271974 28125538 71749474 74441142 101826595);SuperNatural:(SN00213643 SN00000268 SN00001868);CHEBI:(51054 51053 5862);ZINC bio:(ZINC00013748 ZINC00900630);additional;MeSH:(54459);KEGG:(C10968);PubChem class - safety and toxic;PubMed;PubChem class - drug	104341862
71	1	N/A	-661.2318556119924	C11H12N2O2	[M + H]+	YYYJCGRRDMDFPQ	InChI=1S/C11H12N2O2/c12-8-3-4-9-10(5-8)15-11(14)13(9)6-7-1-2-7/h3-5,7H,1-2,6,12H2	null	C1CC1CN2C3=C(C=C(C=C3)N)OC2=O	1.84180772	61307511	PubChem:(61307511);PubChem class - safety and toxic	67108866
72	1	N/A	-669.4615270799144	C11H12N2O2	[M + H]+	IGPJOUIOWWRVIN	InChI=1S/C11H12N2O2/c14-10-5-6-12-7-8-3-1-2-4-9(8)13(15)11(10)12/h1-4,10,14H,5-7H2	4-oxido-1,2,3,9-tetrahydropyrrolo[2,1-b]quinazolin-4-ium-3-ol	C1CN2CC3=CC=CC=C3[N+](=C2C1O)[O-]	-0.800000012	21769550	COCONUT:(CNP0054312);Natural Products:(UNPD144771);PubChem:(21769550);SuperNatural:(SN00365209)	3178498
73	1	N/A	-670.4200714914908	C11H12N2O2	[M + H]+	SZQIFWWUIBRPBZ	InChI=1S/C11H12N2O2/c1-2-13-10(14)9(12-11(13)15)8-6-4-3-5-7-8/h3-7,9H,2H2,1H3,(H,12,15)	ethotoin	CCN1C(=O)C(NC1=O)C2=CC=CC=C2	1.0300889	3292;6604216;12309784	HMDB:(14892);ZINC bio:(ZINC00000271 ZINC00897291);additional;HSDB:(86-35-1);MeSH:(3292);PubMed;NORMAN:(NS00039122);COCONUT:(CNP0021758);PubChem:(3292 6604216 12309784);CHEBI:(60360 4888 60359);PubChem class - bio and metabolites;KEGG:(C07839);PubChem class - safety and toxic;PubChem class - drug	120333166
74	1	N/A	-672.544537630421	C11H12N2O2	[M + H]+	CWZAHGNWKZHUDH	InChI=1S/C11H12N2O2/c1-8-11(2,15-10(14)13-12-8)9-6-4-3-5-7-9/h3-7H,1-2H3,(H,13,14)	5,6-dimethyl-6-phenyl-3H-1,3,4-oxadiazin-2-one	CC1=NNC(=O)OC1(C)C2=CC=CC=C2	1.70000005	3064824;7354201;7354202	PubChem:(3064824 7354201 7354202);PubChem class - safety and toxic	67108866
75	1	N/A	-675.3319591430904	C11H12N2O2	[M + H]+	LNHYOBLZAGKVCY	InChI=1S/C11H12N2O2/c14-11-8-4-1-2-5-9(8)13(15)10-6-3-7-12(10)11/h1-2,4-5,11,14H,3,6-7H2	null	C1CC2=[N+](C3=CC=CC=C3C(N2C1)O)[O-]	1.44976449	""	COCONUT:(CNP0067389);SuperNatural:(SN00327276)	3145728
76	1	N/A	-678.8982204204101	C11H12N2O2	[M + H]+	UGBXGEPGAPVHGY	InChI=1S/C11H12N2O2/c1-13(2)6-9-8-5-7(14)3-4-10(8)12-11(9)15/h3-6,14H,1-2H3,(H,12,15)	3-(dimethylaminomethylidene)-5-hydroxy-1H-indol-2-one	CN(C)C=C1C2=C(C=CC(=C2)O)NC1=O	0.800000012	907174;907175;4362146;4979071;6239138;6533062	COCONUT:(CNP0374419);PubChem class - safety and toxic;PubChem:(907174 907175 4362146 4979071 6239138 6533062);SuperNatural:(SN00085688);ZINC bio:(ZINC12341653)	70262786
77	1	N/A	-690.5854434770773	C11H12N2O2	[M + H]+	ITGCPUVLXUYSOK	InChI=1S/C11H12N2O2/c14-10-3-1-2-9-7-4-8(6-13(9)10)11(15)12-5-7/h1-3,7-8H,4-6H2,(H,12,15)	(+) 11- Oxocitisine	C1C2CNC(=O)C1CN3C2=CC=CC3=O	-0.400000006	15939875	COCONUT:(CNP0329987);KNApSAcK:(7733);Natural Products:(UNPD94274);PubChem:(15939875);SuperNatural:(SN00286915)	3178514
78	1	N/A	-698.724447787762	C11H12N2O2	[M + H]+	LUOCZSSCKBGSBD	InChI=1S/C11H12N2O2/c14-8-2-1-7-6-13-4-3-10(15)11(13)12-9(7)5-8/h1-2,5,10,14-15H,3-4,6H2	1,2,3,9-tetrahydropyrrolo[2,1-b]quinazoline-3,6-diol	C1CN2CC3=C(C=C(C=C3)O)N=C2C1O	0.100000001	5315172	COCONUT:(CNP0041295 CNP0404792);PubChem:(5315172);SuperNatural:(SN00169054);KEGG Mine	8593080322
79	1	N/A	-698.7721416060996	C11H12N2O2	[M + H]+	WEFMOGRHGUPGMA	InChI=1S/C11H12N2O2/c14-8-1-2-9-7(5-8)6-13-4-3-10(15)11(13)12-9/h1-2,5,10,14-15H,3-4,6H2	Vasicinol	C1CN2CC3=C(C=CC(=C3)O)N=C2C1O	0.100000001	442934;4486241;6452262	COCONUT:(CNP0187032);KNApSAcK:(2201);Natural Products:(UNPD164334);PubChem:(442934 4486241 6452262);SuperNatural:(SN00385221);CHEBI:(9935);ZINC bio:(ZINC04098855);KEGG:(C10743)	3186994
80	1	N/A	-725.3233283947781	C11H12N2O2	[M + H]+	AHGHATWVADBICH	InChI=1S/C11H12N2O2/c1-8(2)10-11(14)15-12-13(10)9-6-4-3-5-7-9/h3-8H,1-2H3/p+1	4-Isopropyl-3-phenylsydnone	CC(C)C1=[N+](NOC1=O)C2=CC=CC=C2	3.0	3040950;3040951	PubChem:(3040950 3040951);PubChem class - safety and toxic	67108866
81	1	N/A	-726.2835166852057	C11H12N2O2	[M + H]+	LMAYKAKDOYDPIY	InChI=1S/C11H13N2O2/c14-11-3-1-2-10-9-4-8(6-13(10)11)5-12(15)7-9/h1-3,8-9H,4-7H2/q+1	null	C1C2CN3C(=O)C=CC=C3C1C[N+](=O)C2	1.04196036	""	COCONUT:(CNP0063872);Natural Products:(UNPD4828);SuperNatural:(SN00391778)	3178496
82	1	N/A	-738.1314002360309	C11H12N2O2	[M + H]+	JJSHYECKYLDYAR	InChI=1S/C11H12N2O2/c1-13(2)11-12-10(14)9(15-11)8-6-4-3-5-7-8/h3-7,9H,1-2H3	Stimsen	CN(C)C1=NC(=O)C(O1)C2=CC=CC=C2	1.5	12602;76957098;76957099	MeSH:(12602);PubChem class - safety and toxic;PubChem:(12602 76957098 76957099);PubMed;ZINC bio:(ZINC00000764 ZINC02031526)	67117126
83	1	N/A	-743.2884961452291	C11H12N2O2	[M + H]+	RXOIEVSUURELPG	InChI=1S/C11H12N2O2/c1-2-12-11-13-10(14)9(15-11)8-6-4-3-5-7-8/h3-7,9H,2H2,1H3,(H,12,13,14)	Ordinator	CCN=C1NC(=O)C(O1)C2=CC=CC=C2	1.44118679	135564833;135565199;135436543	NORMAN:(NS00008021);PubChem:(135564833 135565199 135436543);CHEBI:(134865);ZINC bio:(ZINC00000302 ZINC01999283);MeSH:(135436543);PubChem class - safety and toxic;PubMed	67379302
84	1	N/A	-868.3370396333852	C11H12N2O2	[M + H]+	FHYQNLDFRUPJAP	InChI=1S/C11H12N2O2/c1-13-3-2-6-5-12-10-9(6)7(13)4-8(14)11(10)15/h5,7,12H,2-4H2,1H3	null	CN1CCC2=CNC3=C2C1CC(=O)C3=O	0.467623919	""	COCONUT:(CNP0269613);Natural Products:(UNPD75564)	2129920