structureRankPerFormula	formulaRank	ConfidenceScore	CSI:FingerIDScore	molecularFormula	adduct	InChIkey2D	InChI	name	smiles	xlogp	pubchemids	links	dbflags
1	1	0.5618218395088437	-85.27430973409936	C10H12O5	[M - H2O + H]+	SLUWJPWHBUWROV	InChI=1S/C10H12O5/c11-3-5-1-2-6-7(9(12)13)4-15-10(14)8(5)6/h1,4,6,8,10-11,14H,2-3H2,(H,12,13)	(4aS,7aS)-1-hydroxy-7-(hydroxymethyl)-1,4a,5,7a-tetrahydrocyclopenta[c]pyran-4-carboxylate	C1C=C(C2C1C(=COC2O)C(=O)O)CO	-1.10000002	12802134;12802135;20638676;69302804;90407790;118060330	COCONUT:(CNP0157164 CNP0206672);Natural Products:(UNPD37685);PubChem:(12802134 12802135 20638676 69302804 90407790 118060330);SuperNatural:(SN00161014 SN00304248);KEGG Mine	8593113090
2	1	N/A	-143.49558270623655	C10H12O5	[M - H2O + H]+	YMHFOVZNDVWJCE	InChI=1S/C10H12O5/c1-5(11)8-6-2-3-14-9(12)7(6)4-15-10(8)13/h5,8,11H,2-4H2,1H3	null	CC(C1C2=C(COC1=O)C(=O)OCC2)O	0.19203873	""	COCONUT:(CNP0224081);Natural Products:(UNPD193515);SuperNatural:(SN00364371)	3178496
3	1	N/A	-160.52699671843737	C10H12O5	[M - H2O + H]+	RGHXALVTPJSFBL	InChI=1S/C10H12O5/c11-8-7-4-6(9(12)13)5-10(8,14)2-1-3-15-7/h1-2,5,7-8,11,14H,3-4H2,(H,12,13)	null	C1C=CC2(C=C(CC(C2O)O1)C(=O)O)O	-1.0	72203586;72375265;71627369	PubChem:(72203586 72375265 71627369);PubChem class - bio and metabolites	16777218
4	1	N/A	-173.27383100245498	C10H12O5	[M - H2O + H]+	CLHRRLZEKMQHFZ	InChI=1S/C10H12O5/c1-4-7(11)8-6-5(9(12)15-8)2-14-3-10(4,6)13/h2,4,6-8,11,13H,3H2,1H3	null	CC1C(C2C3C1(COC=C3C(=O)O2)O)O	-0.800000012	101415981	COCONUT:(CNP0154803);KNApSAcK:(10557);Natural Products:(UNPD61883 UNPD177128);PubChem:(101415981);SuperNatural:(SN00401861 SN00305916)	3178514
5	1	N/A	-173.73642787794822	C10H12O5	[M - H2O + H]+	SMPBMPZAXCELMZ	InChI=1S/C10H12O5/c11-8-7-4-6(9(12)13)5-10(8,14)2-1-3-15-7/h1,3,5,7-8,11,14H,2,4H2,(H,12,13)	null	C1C=COC2CC(=CC1(C2O)O)C(=O)O	-0.600000024	71627370	PubChem:(71627370);PubChem class - bio and metabolites	16777218
6	1	N/A	-180.78482527210573	C10H12O5	[M - H2O + H]+	YNFNAIPTIVRKBR	InChI=1S/C10H12O5/c1-15-9(10(13)14)5-6-2-3-7(11)8(12)4-6/h2-4,9,11-12H,5H2,1H3,(H,13,14)	null	COC(CC1=CC(=C(C=C1)O)O)C(=O)O	0.83881253	131753180	COCONUT:(CNP0021836);HMDB:(41663);PubChem:(131753180);KEGG Mine;PubChem class - bio and metabolites	8608808970
7	1	N/A	-182.4722044871306	C10H12O5	[M - H2O + H]+	SVYIZYRTOYHQRE	InChI=1S/C10H12O5/c1-15-9-5-6(2-3-7(9)11)4-8(12)10(13)14/h2-3,5,8,11-12H,4H2,1H3,(H,13,14)	vanillactate	COC1=C(C=CC(=C1)CC(C(=O)O)O)O	0.83881253	160637;13279656;21677752;92286584	COCONUT:(CNP0084890);HMDB:(913);PubChem:(160637 13279656 21677752 92286584);SuperNatural:(SN00215869);CHEBI:(88526);ZINC bio:(ZINC02516278 ZINC05999104);PubChem class - bio and metabolites;MeSH:(160637 21677752);PubMed;Biocyc:(CPD-11831);KEGG Mine	8609867886
8	1	N/A	-189.39560516657087	C10H12O5	[M - H2O + H]+	BJLWPNKOAQTBGT	InChI=1S/C10H12O5/c11-5-9(13)6-15-10(14)7-1-3-8(12)4-2-7/h1-4,9,11-13H,5-6H2	2,3-Dihydroxypropyl 4-hydroxybenzoate	C1=CC(=CC=C1C(=O)OCC(CO)O)O	0.30799377	3022325;92951816;92951817;118119273	NORMAN:(NS00065532);COCONUT:(CNP0341942);Natural Products:(UNPD162458);PubChem:(3022325 92951816 92951817 118119273);SuperNatural:(SN00330458);PubMed	3440706
9	1	N/A	-190.96793107623418	C10H12O5	[M - H2O + H]+	YOWUDEPRYODFBZ	InChI=1S/C10H12O5/c1-2-10(13)7-3-4-14-8(11)6(7)5-15-9(10)12/h13H,2-5H2,1H3	4-ethyl-4-hydroxy-5,6-dihydro-1H-pyrano[3,4-c]pyran-3,8-dione	CCC1(C2=C(COC1=O)C(=O)OCC2)O	-0.200000003	586936;11031139;11052961	COCONUT:(CNP0304561);KNApSAcK:(10754);Natural Products:(UNPD61291);PubChem:(586936 11031139 11052961);SuperNatural:(SN00295809)	3178514
10	1	N/A	-191.9065002325778	C10H12O5	[M - H2O + H]+	NMAOZVAEJYOPOF	InChI=1S/C10H12O5/c1-15-10(14)9(13)5-6-2-3-7(11)8(12)4-6/h2-4,9,11-13H,5H2,1H3	null	COC(=O)C(CC1=CC(=C(C=C1)O)O)O	0.83881253	10584634;10987568;71480151	COCONUT:(CNP0198258);HMDB:(41661);Natural Products:(UNPD117228);PubChem:(10584634 10987568 71480151);SuperNatural:(SN00238744);PubChem class - bio and metabolites;KEGG Mine	8609890314
11	1	N/A	-192.4048116633939	C10H12O5	[M - H2O + H]+	AEFFQIOAIRYPCU	InChI=1S/C10H12O5/c1-15-10-7(11)4-2-6(9(10)14)3-5-8(12)13/h2,4,11,14H,3,5H2,1H3,(H,12,13)	null	COC1=C(C=CC(=C1O)CCC(=O)O)O	0.899999976	131832020	HMDB:(125540);PubChem:(131832020);PubChem class - bio and metabolites	16777226
12	1	N/A	-192.74901122693737	C10H12O5	[M - H2O + H]+	JATAKEDDMQNPOQ	InChI=1S/C10H12O5/c1-13-6-4-7(14-2)9(10(11)12)8(5-6)15-3/h4-5H,1-3H3,(H,11,12)	2,4,6-trimethoxybenzoate	COC1=CC(=C(C(=C1)OC)C(=O)O)OC	1.28116345	68441;7359009	NORMAN:(NS00033628);COCONUT:(CNP0288290);Natural Products:(UNPD157521);PubChem:(68441 7359009);SuperNatural:(SN00302054);ZINC bio:(ZINC04787060);PubChem class - safety and toxic;PubMed	70557762
13	1	N/A	-193.33945632521102	C10H12O5	[M - H2O + H]+	JWTSHQHIVXHRCI	InChI=1S/C10H12O5/c11-5-6(12)3-4-10-8(14)2-1-7(13)9(10)15-10/h1-2,6-9,11-14H,5H2	null	C1=CC(C2(C(C1O)O2)C#CC(CO)O)O	-2.5999999	44255330	COCONUT:(CNP0109191);Natural Products:(UNPD195277);PubChem:(44255330)	2129922
14	1	N/A	-193.63694885034627	C10H12O5	[M - H2O + H]+	DYRZXVSFXIQNPW	InChI=1S/C10H12O5/c1-14-10(13)6-2-8(11)5-3-9(12)15-4-7(5)6/h5-7H,2-4H2,1H3	null	COC(=O)C1CC(=O)C2C1COC(=O)C2	-0.600000024	53495981	COCONUT:(CNP0300135);Natural Products:(UNPD56163);PubChem:(53495981);SuperNatural:(SN00303164)	3178498
15	1	N/A	-194.00509413323914	C10H12O5	[M - H2O + H]+	UIQJPTIJLALAGB	InChI=1S/C10H12O5/c1-15-9-3-2-6(4-7(9)11)5-8(12)10(13)14/h2-4,8,11-12H,5H2,1H3,(H,13,14)	2-hydroxy-3-(3-hydroxy-4-methoxyphenyl)propanoate	COC1=C(C=C(C=C1)CC(C(=O)O)O)O	0.699999988	21677753;21677754	COCONUT:(CNP0075822);HMDB:(41665);PubChem:(21677753 21677754);KEGG Mine;PubChem class - bio and metabolites	8608808970
16	1	N/A	-194.4492391203804	C10H12O5	[M - H2O + H]+	IFEYWMZDORBLDQ	InChI=1S/C10H12O5/c1-5(11)8-7(12)4-3-6(9(8)13)10(14)15-2/h6,8H,3-4H2,1-2H3	methyl 3-acetyl-2,4-dioxocyclohexanecarboxylate	CC(=O)C1C(=O)CCC(C1=O)C(=O)OC	0.100000001	792851;3624793;6543211;98133927;98133928	PubChem:(792851 3624793 6543211 98133927 98133928);COCONUT:(CNP0142438)	2097154
17	1	N/A	-194.49412812520862	C10H12O5	[M - H2O + H]+	OHFUJVGMWXATSG	InChI=1S/C10H12O5/c11-2-5-3-14-9(13)8-6(5)1-7(12)10(8)4-15-10/h1,3,7-9,11-13H,2,4H2	null	C1C2(O1)C(C=C3C2C(OC=C3CO)O)O	-2.5	131751569	COCONUT:(CNP0003067);HMDB:(34493);PubChem:(131751569);PubChem class - bio and metabolites	18874378
18	1	N/A	-195.65580060590028	C10H12O5	[M - H2O + H]+	BUCOQPHDYUOJSI	InChI=1S/C10H12O5/c1-2-6(11)9-7(12)3-5(10(14)15)4-8(9)13/h5,9H,2-4H2,1H3,(H,14,15)	Prohexadione	CCC(=O)C1C(=O)CC(CC1=O)C(=O)O	-0.400000006	184900;22723904	NORMAN:(NS00003484);COCONUT:(CNP0346852);PubChem:(184900 22723904);CHEBI:(137380);additional;Training Set;PubMed	2900066
19	1	N/A	-196.51578548455942	C10H12O5	[M - H2O + H]+	ABTZMSOARGMKMK	InChI=1S/C10H12O5/c1-15-9-4-6(2-3-7(9)11)8(12)5-10(13)14/h2-4,8,11-12H,5H2,1H3,(H,13,14)	null	COC1=C(C=CC(=C1)C(CC(=O)O)O)O	0.557228804	24871597	HMDB:(133486);PubChem:(24871597);YMDB Mine;PubChem class - bio and metabolites;PubMed;KEGG Mine	42966450250
20	1	N/A	-197.09885624054664	C10H12O5	[M - H2O + H]+	LBECAGNUOFSIKD	InChI=1S/C10H12O5/c1-13-7-4-6(11)5-8(14-2)9(7)10(12)15-3/h4-5,11H,1-3H3	Methyl 4-hydroxy-2,6-dimethoxybenzoate	COC1=CC(=CC(=C1C(=O)OC)OC)O	1.39999998	3017696	NORMAN:(NS00053975);PubChem class - safety and toxic;PubChem:(3017696)	67371010
21	1	N/A	-198.2226575796473	C10H12O5	[M - H2O + H]+	KAXRAOCFCSJAGT	InChI=1S/C10H12O5/c1-4-6-13-9(11)8(3)15-10(12)14-7-5-2/h4-5H,1-3,6-7H2	Allyl alpha-allyloxycarbonyloxyacrylate	C=CCOC(=O)C(=C)OC(=O)OCC=C	2.4000001	155743	MeSH:(155743);PubChem class - safety and toxic;PubChem:(155743);PubMed	67108934
22	1	N/A	-202.8743055787195	C10H12O5	[M - H2O + H]+	ZMXJAEGJWHJMGX	InChI=1S/C10H12O5/c1-13-7-4-6(10(12)15-3)5-8(14-2)9(7)11/h4-5,11H,1-3H3	bmse010225	COC1=CC(=CC(=C1O)OC)C(=O)OC	1.28116345	70164;131866592	SuperNatural:(SN00397054);ZINC bio:(ZINC00394334);MeSH:(70164);PubMed;NORMAN:(NS00004670);COCONUT:(CNP0188664);KNApSAcK:(32014);Natural Products:(UNPD124783);PubChem:(70164 131866592);YMDB Mine;CHEBI:(45820);PubChem class - bio and metabolites;PubChem class - safety and toxic;Training Set;KEGG Mine	43037024374
23	1	N/A	-203.97799117010896	C10H12O5	[M - H2O + H]+	BQBQKSSTFGCRQL	InChI=1S/C10H12O5/c1-14-7-3-6(5-9(11)12)4-8(15-2)10(7)13/h3-4,13H,5H2,1-2H3,(H,11,12)	Homosyringic acid	COC1=CC(=CC(=C1O)OC)CC(=O)O	1.0	78093;7020612	NORMAN:(NS00031371);COCONUT:(CNP0236607);HMDB:(131424);Natural Products:(UNPD59562);PubChem:(78093 7020612);PubChem class - bio and metabolites;PubChem class - safety and toxic	86278154
24	1	N/A	-204.10580911786585	C10H12O5	[M - H2O + H]+	PSMJJNXPBGDPGR	InChI=1S/C10H12O5/c1-3-7(11)4-2-5-9(15-5)8(12)6(4)10(13)14-3/h3-5,7,9,11-12H,2H2,1H3	null	CC1C(C2CC3C(O3)C(=C2C(=O)O1)O)O	-0.100000001	101687694;129685302	PubChem:(101687694 129685302);COCONUT:(CNP0355054)	2097154
25	1	N/A	-204.2700241204739	C10H12O5	[M - H2O + H]+	ILKDXJVXGKUMEJ	InChI=1S/C10H12O5/c1-15-8-5-6(2-3-9(12)13)4-7(11)10(8)14/h4-5,11,14H,2-3H2,1H3,(H,12,13)	null	COC1=CC(=CC(=C1O)O)CCC(=O)O	0.899999976	10910840	HMDB:(125526);PubChem:(10910840);KEGG Mine;PubChem class - bio and metabolites	8606711818
26	1	N/A	-206.93082174878973	C10H12O5	[M - H2O + H]+	KRHNUWZAICOCAR	InChI=1S/C10H12O5/c1-13-8-6(10(12)15-3)4-5-7(11)9(8)14-2/h4-5,11H,1-3H3	null	COC1=C(C=CC(=C1OC)O)C(=O)OC	1.39999998	54291035	COCONUT:(CNP0119803);Natural Products:(UNPD224152);PubChem:(54291035)	2129922
27	1	N/A	-207.30709307417487	C10H12O5	[M - H2O + H]+	PHGMGTWRSNXLDV	InChI=1S/C10H12O5/c1-3-13-9(11)7-5-6-8(15-7)10(12)14-4-2/h5-6H,3-4H2,1-2H3	Diethyl 2,5-furandicarboxylate	CCOC(=O)C1=CC=C(O1)C(=O)OCC	2.0999999	597465	PubChem:(597465);PubChem class - safety and toxic	67108866
28	1	N/A	-208.08682369746157	C10H12O5	[M - H2O + H]+	RYKXVKLKWGINRB	InChI=1S/C10H12O5/c1-5(11)8-6(12)3-10(2,9(14)15)4-7(8)13/h8H,3-4H2,1-2H3,(H,14,15)	4-Acetyl-3,5-dioxo-1-methylcyclohexanecarboxylic acid	CC(=O)C1C(=O)CC(CC1=O)(C)C(=O)O	-0.5	53412099	PubChem:(53412099);PubChem class - safety and toxic	67108866
29	1	N/A	-208.54681712761035	C10H12O5	[M - H2O + H]+	FDCRDMCJFYSQRT	InChI=1S/C10H12O5/c1-10(15,9(13)14)5-6-2-3-7(11)8(12)4-6/h2-4,11-12,15H,5H2,1H3,(H,13,14)	null	CC(CC1=CC(=C(C=C1)O)O)(C(=O)O)O	0.600000024	53792926;131591829	COCONUT:(CNP0225431);Natural Products:(UNPD127471);PubChem:(53792926 131591829);SuperNatural:(SN00370072)	3178498
30	1	N/A	-209.69470031898967	C10H12O5	[M - H2O + H]+	UTXNRISXYKZJTH	InChI=1S/C10H12O5/c1-15-9-4-6(2-3-7(9)12)10(14)8(13)5-11/h2-4,8,11-13H,5H2,1H3	null	COC1=C(C=CC(=C1)C(=O)C(CO)O)O	0.224788442	15765124;92446370;92446371	COCONUT:(CNP0283344);HMDB:(41286);KNApSAcK:(33738);Natural Products:(UNPD152980);PubChem:(15765124 92446370 92446371);SuperNatural:(SN00158209);additional;PubChem class - bio and metabolites;Training Set;PubMed	20496474
31	1	N/A	-212.61596311972025	C10H12O5	[M - H2O + H]+	SJSOFNCYXJUNBT	InChI=1S/C10H12O5/c1-13-7-4-6(10(11)12)5-8(14-2)9(7)15-3/h4-5H,1-3H3,(H,11,12)	Eudesmic acid	COC1=CC(=CC(=C1OC)OC)C(=O)O	1.28116345	8357;3468283;10632403;12227853	HMDB:(33839);SuperNatural:(SN00402111 SN00118320);ZINC bio:(ZINC00347833);additional;MeSH:(8357);PubMed;NORMAN:(NS00001871);COCONUT:(CNP0058997 CNP0402059);KNApSAcK:(29476);Natural Products:(UNPD129444);PubChem:(8357 3468283 10632403 12227853);YMDB Mine;CHEBI:(454991 58989);PubChem class - bio and metabolites;PubChem class - safety and toxic;Training Set;KEGG Mine	43037548670
32	1	N/A	-212.91302922417898	C10H12O5	[M - H2O + H]+	LCIFXEQPXQVBGL	InChI=1S/C10H12O5/c1-13-8-5-6(10(12)15-3)4-7(11)9(8)14-2/h4-5,11H,1-3H3	Methyl 3,4-methoxy-5-hydroxybenzoate	COC1=CC(=CC(=C1OC)O)C(=O)OC	1.39999998	2733956	COCONUT:(CNP0217648);PubChem:(2733956);ZINC bio:(ZINC02566749)	2105346
33	1	N/A	-213.2095396576313	C10H12O5	[M - H2O + H]+	VRWIVURZACOSRW	InChI=1S/C10H12O5/c1-15-7-3-2-6(8(11)5-7)4-9(12)10(13)14/h2-3,5,9,11-12H,4H2,1H3,(H,13,14)	null	COC1=CC(=C(C=C1)CC(C(=O)O)O)O	0.83881253	""	COCONUT:(CNP0075802)	2097152
34	1	N/A	-213.3632196374421	C10H12O5	[M - H2O + H]+	OGFSIPREEZAEMY	InChI=1S/C10H12O5/c11-5-7(12)6-15-10(14)8-3-1-2-4-9(8)13/h1-4,7,11-13H,5-6H2	Oprea1_387482	C1=CC=C(C(=C1)C(=O)OCC(CO)O)O	0.30799377	927793;927794;3849318	COCONUT:(CNP0205681);PubChem:(927793 927794 3849318);SuperNatural:(SN00001567 SN00001566);ZINC bio:(ZINC00517692 ZINC00517693)	3153922
35	1	N/A	-213.387920725471	C10H12O5	[M - H2O + H]+	ZTHYODDOHIVTJV	InChI=1S/C10H12O5/c1-2-3-15-10(14)6-4-7(11)9(13)8(12)5-6/h4-5,11-13H,2-3H2,1H3	Tenox PG	CCCOC(=O)C1=CC(=C(C(=C1)O)O)O	1.34195817	4947;59884272	HMDB:(33835);PubChem class - food;SuperNatural:(SN00143267);ZINC bio:(ZINC01532172);additional;HSDB:(121-79-9);MeSH:(4947);PubMed;NORMAN:(NS00013163);COCONUT:(CNP0265257);Natural Products:(UNPD139865);PubChem:(4947 59884272);CHEBI:(10607);PubChem class - bio and metabolites;KEGG:(C11155);PubChem class - safety and toxic;Training Set;PubChem class - drug;Biocyc:(CPD-6542)	255650670
36	1	N/A	-213.43383823227748	C10H12O5	[M - H2O + H]+	QUSIDDCMPVGSQT	InChI=1S/C10H12O5/c1-5(11)9(13)6-3-2-4-7(12)8(6)10(14)15/h2-5,9,11-13H,1H3,(H,14,15)	null	CC(C(C1=C(C(=CC=C1)O)C(=O)O)O)O	0.5	129990444	COCONUT:(CNP0143946);Natural Products:(UNPD79540);PubChem:(129990444);SuperNatural:(SN00269808)	3178498
37	1	N/A	-215.63172063857175	C10H12O5	[M - H2O + H]+	ODKFBQCYKKPNLJ	InChI=1S/C10H12O5/c1-13-7-5-4-6(10(12)15-3)8(11)9(7)14-2/h4-5,11H,1-3H3	methyl 2-hydroxy-3,4-dimethoxybenzoate	COC1=C(C(=C(C=C1)C(=O)OC)O)OC	1.89999998	5319678	COCONUT:(CNP0155038);Natural Products:(UNPD176905);PubChem:(5319678);SuperNatural:(SN00160466)	3178498
38	1	N/A	-216.92303100452503	C10H12O5	[M - H2O + H]+	SPKNARKFCOPTSY	InChI=1S/C10H12O5/c1-5-9(13-5)10-7(14-6(2)11)3-4-8(12)15-10/h3-5,7,9-10H,1-2H3	Asperline	CC1C(O1)C2C(C=CC(=O)O2)OC(=O)C	0.300000012	35319;9859172;12308680;10998321;10998322;11052962;21309563;21309564;51340736;72201058;76764111;92242044;90472429	COCONUT:(CNP0165434);Natural Products:(UNPD50222 UNPD52356 UNPD177938);PubChem:(35319 9859172 12308680 10998321 10998322 11052962 21309563 21309564 51340736 72201058 76764111 92242044 90472429);SuperNatural:(SN00280939 SN00306773);MeSH:(35319 9859172 12308680);PubChem class - safety and toxic;PubMed	70287430
39	1	N/A	-217.3415029882712	C10H12O5	[M - H2O + H]+	WAMIDUQDFSIAFF	InChI=1S/C10H12O5/c11-6-2-1-5(3-7(6)12)10-9(14)8(13)4-15-10/h1-3,8-14H,4H2	(2R,3S,4S)-2-(3,4-dihydroxyphenyl)oxolane-3,4-diol	C1C(C(C(O1)C2=CC(=C(C=C2)O)O)O)O	-0.600000024	11955844;49818373;69577220	COCONUT:(CNP0291813);Natural Products:(UNPD176891);PubChem:(11955844 49818373 69577220);SuperNatural:(SN00250193);PubMed	3178562
40	1	N/A	-217.40671363521272	C10H12O5	[M - H2O + H]+	YUVJIRWJKNBBOI	InChI=1S/C10H12O5/c1-14-10(13)15-5-4-7-2-3-8(11)9(12)6-7/h2-3,6,11-12H,4-5H2,1H3	null	COC(=O)OCCC1=CC(=C(C=C1)O)O	1.36596787	23642855	PubChem:(23642855);PubChem class - safety and toxic	67108866
41	1	N/A	-218.6228693292161	C10H12O5	[M - H2O + H]+	RDKUKASDVXOIBR	InChI=1S/C10H12O5/c1-6(5-9(12)13)15-8-4-2-3-7(11)10(8)14/h2-4,6,11,14H,5H2,1H3,(H,12,13)	null	CC(CC(=O)O)OC1=CC=CC(=C1O)O	1.10000002	42605052	COCONUT:(CNP0302869);Natural Products:(UNPD59250);PubChem:(42605052);SuperNatural:(SN00237955)	3178498
42	1	N/A	-218.64552628665763	C10H12O5	[M - H2O + H]+	IVEQIIIJZASWOD	InChI=1S/C10H12O5/c1-5(11)4-6-2-3-7(12)9(13)8(6)10(14)15/h2-3,5,11-13H,4H2,1H3,(H,14,15)	null	CC(CC1=C(C(=C(C=C1)O)O)C(=O)O)O	1.29999995	129990446	COCONUT:(CNP0191056);Natural Products:(UNPD119329);PubChem:(129990446);SuperNatural:(SN00360113)	3178498
43	1	N/A	-219.07289651103446	C10H12O5	[M - H2O + H]+	KHVXZWBZADAAPR	InChI=1S/C10H12O5/c11-5-8(12)6-15-9-3-1-7(2-4-9)10(13)14/h1-4,8,11-12H,5-6H2,(H,13,14)	3-(p-Carboxyphenoxy)-1,2-propanediol	C1=CC(=CC=C1C(=O)O)OCC(CO)O	0.100000001	20148;121468877;121468940	PubChem:(20148 121468877 121468940);PubChem class - safety and toxic	67108866
44	1	N/A	-220.00205127045533	C10H12O5	[M - H2O + H]+	GOZNKYAWCJCQEV	InChI=1S/C10H12O5/c1-3-15-10(13)6-4-7(11)9(14-2)8(12)5-6/h4-5,11-12H,3H2,1-2H3	null	CCOC(=O)C1=CC(=C(C(=C1)O)OC)O	1.3024739	53849849	COCONUT:(CNP0333137);KNApSAcK:(44163);Natural Products:(UNPD98678);PubChem:(53849849);SuperNatural:(SN00264112)	3178514
45	1	N/A	-221.81512750761013	C10H12O5	[M - H2O + H]+	QZPMJUUYIRZJKD	InChI=1S/C10H12O5/c1-6(11)8-3-4-9(15-8)7(12)2-5-10(13)14/h3-4,6,11H,2,5H2,1H3,(H,13,14)	4-[5-(1-hydroxyethyl)furan-2-yl]-4-oxobutanoic acid	CC(C1=CC=C(O1)C(=O)CCC(=O)O)O	0.0	11658554;101472984	COCONUT:(CNP0136578);Natural Products:(UNPD46614 UNPD195741);PubChem:(11658554 101472984);SuperNatural:(SN00364906 SN00249609)	3178498
46	1	N/A	-222.40851613448365	C10H12O5	[M - H2O + H]+	YTVNWAZYGVZTEA	InChI=1S/C10H12O5/c1-5(11)8-7(12)4-3-6(9(8)13)10(14)15-2/h6,13H,3-4H2,1-2H3	methyl (1R)-3-acetyl-2-hydroxy-4-oxocyclohex-2-ene-1-carboxylate	CC(=O)C1=C(C(CCC1=O)C(=O)OC)O	0.300000012	1723369;1723370	COCONUT:(CNP0167880);PubChem:(1723369 1723370);SuperNatural:(SN00092474 SN00092473)	3145730
47	1	N/A	-223.45871208007856	C10H12O5	[M - H2O + H]+	PLLIJHAKLDZNQC	InChI=1S/C10H12O5/c1-15-9-4-6(2-3-10(13)14)7(11)5-8(9)12/h4-5,11-12H,2-3H2,1H3,(H,13,14)	null	COC1=C(C=C(C(=C1)CCC(=O)O)O)O	0.899999976	131832017	HMDB:(125520);PubChem:(131832017);PubChem class - bio and metabolites	16777226
48	1	N/A	-225.0225947807659	C10H12O5	[M - H2O + H]+	HZNQSWJZTWOTKM	InChI=1S/C10H12O5/c1-13-7-5-4-6(10(11)12)8(14-2)9(7)15-3/h4-5H,1-3H3,(H,11,12)	2,3,4-trimethoxybenzoate	COC1=C(C(=C(C=C1)C(=O)O)OC)OC	1.28116345	11308;6931539	NORMAN:(NS00022404);COCONUT:(CNP0216244);HMDB:(142083);Natural Products:(UNPD187389);PubChem:(11308 6931539);SuperNatural:(SN00385282);PubChem class - bio and metabolites;PubChem class - safety and toxic;PubMed	87326794
49	1	N/A	-226.43073722305562	C10H12O5	[M - H2O + H]+	YOIZTLBZAMFVPK	InChI=1S/C10H12O5/c1-2-15-8-5-6(3-4-7(8)11)9(12)10(13)14/h3-5,9,11-12H,2H2,1H3,(H,13,14)	3-Ethoxy-4-hydroxymandelic acid	CCOC1=C(C=CC(=C1)C(C(=O)O)O)O	0.800000012	193792;57237649;92204628	MeSH:(193792);PubChem:(193792 57237649 92204628);PubMed	70
50	1	N/A	-226.4664852019733	C10H12O5	[M - H2O + H]+	KVZUCOGWKYOPID	InChI=1S/C10H12O5/c1-13-7-5-9(15-3)8(14-2)4-6(7)10(11)12/h4-5H,1-3H3,(H,11,12)	Asaronic acid	COC1=CC(=C(C=C1C(=O)O)OC)OC	1.39999998	10276;6950161	NORMAN:(NS00031850);COCONUT:(CNP0107114);Natural Products:(UNPD43774);PubChem:(10276 6950161);ZINC bio:(ZINC00388242);additional;PubChem class - safety and toxic;Training Set	70049794
51	1	N/A	-230.34623725885464	C10H12O5	[M - H2O + H]+	ZKDXHLFLKKWCBY	InChI=1S/C10H12O5/c1-14-9-4-8(15-6-10(12)13)3-2-7(9)5-11/h2-4,11H,5-6H2,1H3,(H,12,13)	3-M-4-Hmpaa	COC1=C(C=CC(=C1)OCC(=O)O)CO	0.600000024	134310;6931640	MeSH:(134310);PubChem class - safety and toxic;PubChem:(134310 6931640);PubMed	67108934
52	1	N/A	-230.94193707060515	C10H12O5	[M - H2O + H]+	BMWWLDOEVQURAI	InChI=1S/C10H12O5/c1-5(10(13)14)6-3-4-7(15-2)9(12)8(6)11/h3-5,11-12H,1-2H3,(H,13,14)	null	CC(C1=C(C(=C(C=C1)OC)O)O)C(=O)O	1.20000005	131835614	HMDB:(129354);PubChem:(131835614);PubChem class - bio and metabolites	16777226
53	1	N/A	-232.93150622926896	C10H12O5	[M - H2O + H]+	HLVQZEMFVYGIGH	InChI=1S/C10H12O5/c1-2-6(11)9-7(12)3-5(10(14)15)4-8(9)13/h5,11H,2-4H2,1H3,(H,14,15)	null	CCC(=C1C(=O)CC(CC1=O)C(=O)O)O	0.400000006	86385;3437286;101229086	NORMAN:(NS00020973);PubChem:(86385 3437286 101229086);CHEBI:(137424);MeSH:(3437286);PubMed;Biocyc:(CPD-15293)	264294
54	1	N/A	-234.55180027875357	C10H12O5	[M - H2O + H]+	ZTBAPEIDNUHRNC	InChI=1S/C10H12O5/c1-14-8-3-6(7(12)5-11)4-9(15-2)10(8)13/h3-4,11,13H,5H2,1-2H3	Danielone	COC1=CC(=CC(=C1O)OC)C(=O)CO	0.694640875	146167	HMDB:(31704);SuperNatural:(SN00259829);MeSH:(146167);PubMed;COCONUT:(CNP0287062);KNApSAcK:(2692);Natural Products:(UNPD165185);PubChem:(146167);YMDB Mine;CHEBI:(4316);PubChem class - bio and metabolites;KEGG:(C10674)	34379694462
55	1	N/A	-236.7027617701035	C10H12O5	[M - H2O + H]+	QMVFVYSXZNMEBK	InChI=1S/C10H12O5/c11-3-6-1-7(4-12)9(14)10(15)8(2-6)5-13/h1-2,11-13H,3-5H2,(H,14,15)	Oprea1_823681	C1=C(C=C(C(=O)C(=C1CO)O)CO)CO	-1.0	741311	PubChem:(741311);PubMed;CHEBI:(112728)	98
56	1	N/A	-237.1003598752432	C10H12O5	[M - H2O + H]+	TXGSOSAONMOPDL	InChI=1S/C10H12O5/c1-5(2)15-10(14)6-3-7(11)9(13)8(12)4-6/h3-5,11-13H,1-2H3	Oprea1_182912	CC(C)OC(=O)C1=CC(=C(C(=C1)O)O)O	1.34526658	70826	NORMAN:(NS00023699);COCONUT:(CNP0092993);PubChem:(70826);SuperNatural:(SN00143259);ZINC bio:(ZINC00407934);PubMed	3416130
57	1	N/A	-240.04517382626386	C10H12O5	[M - H2O + H]+	IQVXINORJLDSRL	InChI=1S/C10H12O5/c1-5(10(13)14)6-3-8(12)9(15-2)4-7(6)11/h3-5,11-12H,1-2H3,(H,13,14)	null	CC(C1=CC(=C(C=C1O)OC)O)C(=O)O	1.20000005	131831562	HMDB:(125013);PubChem:(131831562);PubChem class - bio and metabolites	16777226
58	1	N/A	-240.35106039628528	C10H12O5	[M - H2O + H]+	JOWPYUQSZOKCGJ	InChI=1S/C10H12O5/c1-5-6(11)4-7(14-2)8(9(5)12)10(13)15-3/h4,11-12H,1-3H3	methyl 2,4-dihydroxy-6-methoxy-3-methylbenzoate	CC1=C(C(=C(C=C1O)OC)C(=O)OC)O	2.0	5319743	COCONUT:(CNP0121790);PubChem:(5319743);SuperNatural:(SN00160475)	3145730
59	1	N/A	-245.7838773948824	C10H12O5	[M - H2O + H]+	MXVBBOLVTSAHEX	InChI=1S/C10H12O5/c1-14-8-4-2-3-5-9(8)15-6-7(11)10(12)13/h2-5,7,11H,6H2,1H3,(H,12,13)	beta-(2-Methoxyphenoxy)lactic acid	COC1=CC=CC=C1OCC(C(=O)O)O	0.800000012	151727;91800233;91800234	MeSH:(151727);HMDB:(60557);PubChem:(151727 91800233 91800234);PubMed	78
60	1	N/A	-246.9298966888963	C10H12O5	[M - H2O + H]+	WDDYGGTZWBBVIB	InChI=1S/C10H12O5/c1-4-6(3-11)7(10(14)15)9(13)5(2)8(4)12/h11-13H,3H2,1-2H3,(H,14,15)	null	CC1=C(C(=C(C(=C1O)C)O)C(=O)O)CO	1.10000002	91820253;91820252	PubChem:(91820253 91820252);PubMed;Biocyc:(CPD-17318);PubChem class - bio and metabolites	16779330
61	1	N/A	-249.2061635356903	C10H12O5	[M - H2O + H]+	UCYJAMRRXNXQJP	InChI=1S/C10H12O5/c1-3-6-7-5-4(8(11)14-7)9(15-6)13-2-10(3,5)12/h3-7,9,12H,2H2,1H3	null	CC1C2C3C4C1(COC(C4C(=O)O3)O2)O	-0.600000024	101855970;101406481	COCONUT:(CNP0314685);KNApSAcK:(30364);Natural Products:(UNPD73718);PubChem:(101855970 101406481)	2129938
62	1	N/A	-249.5622718028695	C10H12O5	[M - H2O + H]+	QQVLKPZAOPJJCB	InChI=1S/C10H12O5/c1-15-8-5-6(2-3-9(12)13)4-7(11)10(8)14/h2-5,9,11-14H,1H3	5-(3,3-dihydroxyprop-1-enyl)-3-methoxybenzene-1,2-diol	COC1=CC(=CC(=C1O)O)C=CC(O)O	0.400000006	4633871;5288545	COCONUT:(CNP0020812);PubChem:(4633871 5288545);KEGG Mine;PubChem class - bio and metabolites	8608808962
63	1	N/A	-249.82121861924813	C10H12O5	[M - H2O + H]+	NGODFXNKRVIFFF	InChI=1S/C10H12O5/c1-5(11)2-7(13)10-8(14)3-6(12)4-9(10)15/h3-5,11-12,14-15H,2H2,1H3	null	CC(CC(=O)C1=C(C=C(C=C1O)O)O)O	0.501325369	""	COCONUT:(CNP0331117);Natural Products:(UNPD95872);SuperNatural:(SN00254475)	3178496
64	1	N/A	-250.92223382176437	C10H12O5	[M - H2O + H]+	NGPMJNXSTRHDBA	InChI=1S/C10H12O5/c1-13-9(11)5-7-3-4-8(15-7)6-10(12)14-2/h3-4H,5-6H2,1-2H3	null	COC(=O)CC1=CC=C(O1)CC(=O)OC	0.600000024	13220203	COCONUT:(CNP0283721);Natural Products:(UNPD45249);PubChem:(13220203)	2129922
65	1	N/A	-255.30390273590663	C10H12O5	[M - H2O + H]+	LRGJWCQSWJHJKW	InChI=1S/C10H12O5/c1-13-7-4-8(14-2)10(15-3)9(12)6(7)5-11/h4-5,12H,1-3H3	2-hydroxy-3,4,6-trimethoxybenzaldehyde	COC1=CC(=C(C(=C1C=O)O)OC)OC	1.5	12494693	COCONUT:(CNP0130000);Natural Products:(UNPD207509);PubChem:(12494693)	2129922
66	1	N/A	-257.62268502055014	C10H12O5	[M - H2O + H]+	BWJLBVFLYBXUBY	InChI=1S/C10H12O5/c1-6(12)15-10(5-11)7-2-3-8(13)9(14)4-7/h2-4,10-11,13-14H,5H2,1H3	null	CC(=O)OC(CO)C1=CC(=C(C=C1)O)O	0.395267516	44203469;74950412	COCONUT:(CNP0325537);Natural Products:(UNPD102458);PubChem:(44203469 74950412);SuperNatural:(SN00326894);PubMed	3178562
67	1	N/A	-257.65573006987546	C10H12O5	[M - H2O + H]+	HYPNAAKNJGPLND	InChI=1S/C10H12O5/c1-2-15-10(14)9(13)7-4-3-6(11)5-8(7)12/h3-5,9,11-13H,2H2,1H3	Ethyl (2,4-dihydroxyphenyl)glycolate	CCOC(=O)C(C1=C(C=C(C=C1)O)O)O	1.39999998	106858	PubChem:(106858);NORMAN:(NS00055581)	262146
68	1	N/A	-258.4861474638344	C10H12O5	[M - H2O + H]+	IKRQGQZHSMYUJJ	InChI=1S/C10H12O5/c1-14-8(11)2-5-6-3-15-4-7(6)10(13)9(5)12/h3-5,9-10,12-13H,2H2,1H3	null	COC(=O)CC1C(C(C2=COC=C12)O)O	-0.800000012	45093251	COCONUT:(CNP0155290);Natural Products:(UNPD42327);PubChem:(45093251)	2129922
69	1	N/A	-260.98732182974106	C10H12O5	[M - H2O + H]+	NSKSXYUOXAQHCH	InChI=1S/C10H12O5/c1-13-6-4-5-7(14-2)9(15-3)8(6)10(11)12/h4-5H,1-3H3,(H,11,12)	2,3,6-Trimethoxybenzoic acid	COC1=C(C(=C(C=C1)OC)OC)C(=O)O	1.28116345	611400	PubChem class - safety and toxic;PubChem:(611400);PubMed;ZINC bio:(ZINC04798423)	67117122
70	1	N/A	-263.31253855159764	C10H12O5	[M - H2O + H]+	ZODFWNHYQARJLC	InChI=1S/C10H12O5/c1-3-14-9(11)7-5-13-6-8(7)10(12)15-4-2/h5-6H,3-4H2,1-2H3	Diethyl 3,4-furandicarboxylate	CCOC(=O)C1=COC=C1C(=O)OCC	1.39999998	35399	NORMAN:(NS00028946);PubChem class - safety and toxic;PubChem:(35399);PubMed	67371074
71	1	N/A	-267.5815883766913	C10H12O5	[M - H2O + H]+	BNXMUMXYSWMXEC	InChI=1S/C10H12O5/c1-7(11)14-5-9-3-13-4-10(9)6-15-8(2)12/h3-4H,5-6H2,1-2H3	3, diacetate	CC(=O)OCC1=COC=C1COC(=O)C	0.400000006	100613	PubChem:(100613);NORMAN:(NS00028945)	262146
72	1	N/A	-268.52678059319135	C10H12O5	[M - H2O + H]+	UQYIJQXDRBKHBG	InChI=1S/C10H12O5/c1-7(11)13-5-9-3-4-10(15-9)6-14-8(2)12/h3-4H,5-6H2,1-2H3	2,5-bis(hydroxymethyl)furan diacetate	CC(=O)OCC1=CC=C(O1)COC(=O)C	0.400000006	4077187	COCONUT:(CNP0194736);Natural Products:(UNPD177421);PubChem:(4077187);SuperNatural:(SN00240120);ZINC bio:(ZINC04557278);PubMed	3186754
73	1	N/A	-277.44863782904036	C10H12O5	[M - H2O + H]+	WTFXMLVITCJWNE	InChI=1S/C10H12O5/c1-5-7(4-15-2)6(3-11)9(13)10(14)8(5)12/h3,12-14H,4H2,1-2H3	null	CC1=C(C(=C(C(=C1O)O)O)C=O)COC	0.899999976	76324771	COCONUT:(CNP0356682);PubChem:(76324771);PubMed	2097218
74	1	N/A	-279.68122095952043	C10H12O5	[M - H2O + H]+	OYOAZXRTZINOMW	InChI=1S/C10H12O5/c1-9-5-4-6(15-9)10(12-2,13-3)7(9)8(11)14-5/h4,6-7H,1-3H3	null	CC12C3C(=O)OC1=CC(C3(OC)OC)O2	-0.800000012	50741899;95242508;98125419;98125420;98125421;124555272;124768429	COCONUT:(CNP0022168);PubChem:(50741899 95242508 98125419 98125420 98125421 124555272 124768429);SuperNatural:(SN00142659);ZINC bio:(ZINC68603781)	3153922
75	1	N/A	-280.6002490228753	C10H12O5	[M - H2O + H]+	UZKDLTZUNKKEGE	InChI=1S/C10H12O5/c1-13-8-4-7(12)6(5-11)9(14-2)10(8)15-3/h4-5,12H,1-3H3	6-hydroxy-2,3,4-trimethoxybenzaldehyde	COC1=C(C(=C(C(=C1)O)C=O)OC)OC	1.5	5319402	COCONUT:(CNP0143118);Natural Products:(UNPD18848);PubChem:(5319402);SuperNatural:(SN00159107);ZINC bio:(ZINC14725481)	3186690
76	1	N/A	-281.4835413109427	C10H12O5	[M - H2O + H]+	QIDVAQFKQKKYPJ	InChI=1S/C10H12O5/c1-4-5-3-15-10(13)6(5)8(12)9(14-2)7(4)11/h10-13H,3H2,1-2H3	6-methoxy-4-methyl-1,3-dihydro-2-benzofuran-1,5,7-triol	CC1=C2COC(C2=C(C(=C1O)OC)O)O	0.200000003	11820481	COCONUT:(CNP0106846);Natural Products:(UNPD81907);PubChem:(11820481);SuperNatural:(SN00249432)	3178498
77	1	N/A	-288.261559841142	C10H12O5	[M - H2O + H]+	GXBVESSBUINHIO	InChI=1S/C10H12O5/c1-6(3-9(11)12)8-4-7(14-2)5-10(13)15-8/h4-6H,3H2,1-2H3,(H,11,12)	null	CC(CC(=O)O)C1=CC(=CC(=O)O1)OC	0.600000024	75368777	COCONUT:(CNP0086714);Training Set;PubChem:(75368777);additional	2637826
78	1	N/A	-290.54237963778826	C10H12O5	[M - H2O + H]+	SHZFRPAVGXESEG	InChI=1S/C10H12O5/c1-6-4-7(11)2-3-9(6)15-5-8(12)10(13)14/h2-4,8,11-12H,5H2,1H3,(H,13,14)	null	CC1=C(C=CC(=C1)O)OCC(C(=O)O)O	0.820638776	""	COCONUT:(CNP0319620);Natural Products:(UNPD80222);SuperNatural:(SN00233907)	3178496
79	1	N/A	-319.98306328128285	C10H12O5	[M - H2O + H]+	VNKUQKJXQNPVIM	InChI=1S/C10H12O5/c1-13-8-3-10(12)15-9-2-6(4-11)14-5-7(8)9/h3,6,11H,2,4-5H2,1H3	null	COC1=CC(=O)OC2=C1COC(C2)CO	-0.899999976	134150361	COCONUT:(CNP0357884);PubChem:(134150361);PubMed	2097218
80	1	N/A	-331.77976870639213	C10H12O5	[M - H2O + H]+	VRNZBLTUSHYQEF	InChI=1S/C10H12O5/c1-5-8(12)9-6(13-5)4-10(15-9)3-2-7(11)14-10/h2-3,5-6,8-9,12H,4H2,1H3	null	CC1C(C2C(O1)CC3(O2)C=CC(=O)O3)O	-0.300000012	10353119;56925692;101630914;102297562;102297563;102297564;134859452	COCONUT:(CNP0312978);Natural Products:(UNPD71415);PubChem:(10353119 56925692 101630914 102297562 102297563 102297564 134859452);SuperNatural:(SN00392032)	3178498
1	1	N/A	-128.38961523141242	C10H10O4	[M + H]+	QHYKVJVPIJCRRT	InChI=1S/C10H10O4/c11-9(12)7-5-3-1-2-4-6-8-10(13)14/h1-8H,(H,11,12)(H,13,14)	2,6,8-Decatetraenedioic acid	C(=CC=CC(=O)O)C=CC=CC(=O)O	1.5	235758;5812560;5355472;9543651;9543652;57517145;92532295;92532296	PubChem:(235758 5812560 5355472 9543651 9543652 57517145 92532295 92532296);CHEBI:(49057 48542);KEGG Mine	8589934626
2	1	N/A	-131.0058990249046	C10H10O4	[M + H]+	FAZARMASQCFHAE	InChI=1S/C10H10O4/c11-6-8-7(4-5-10(13)14)2-1-3-9(8)12/h1-3,6,12H,4-5H2,(H,13,14)	null	C1=CC(=C(C(=C1)O)C=O)CCC(=O)O	1.29999995	10058451	COCONUT:(CNP0238344);KNApSAcK:(45552);Natural Products:(UNPD104076);PubChem:(10058451);SuperNatural:(SN00393397);PubMed	3178578
3	1	N/A	-133.65776858518186	C10H10O4	[M + H]+	VEEXBQLWMFMATJ	InChI=1S/C10H10O4/c11-9(12)6-5-7-3-1-2-4-8(7)10(13)14/h1-4H,5-6H2,(H,11,12)(H,13,14)	null	C1=CC=C(C(=C1)CCC(=O)O)C(=O)O	1.40494668	226294;22174027	PubChem:(226294 22174027);PubChem class - safety and toxic	67108866
4	1	N/A	-140.5692011070464	C10H10O4	[M + H]+	UQQPYOTXOILEEW	InChI=1S/C10H10O4/c1-6(11)8-4-7(5-10(13)14)2-3-9(8)12/h2-4,12H,5H2,1H3,(H,13,14)	null	CC(=O)C1=C(C=CC(=C1)CC(=O)O)O	1.29999995	12356977	PubChem:(12356977);COCONUT:(CNP0075792)	2097154
5	1	N/A	-145.98305493796732	C10H10O4	[M + H]+	FKUJGZJNDUGCFU	InChI=1S/C10H10O4/c1-5-3-8(10(13)14)6(2)4-7(5)9(11)12/h3-4H,1-2H3,(H,11,12)(H,13,14)	2,5-dimethylterephthalate	CC1=CC(=C(C=C1C(=O)O)C)C(=O)O	1.70000005	2053707;299989	COCONUT:(CNP0318971);PubChem:(2053707 299989);SuperNatural:(SN00120649);ZINC bio:(ZINC02464506);PubChem class - safety and toxic;PubMed	70262850
6	1	N/A	-146.1066737301368	C10H10O4	[M + H]+	XUOCLOJWCPUKCS	InChI=1S/C10H10O4/c11-9(12)5-4-7-2-1-3-8(6-7)10(13)14/h1-3,6H,4-5H2,(H,11,12)(H,13,14)	3-(2-carboxyethyl)benzoic acid	C1=CC(=CC(=C1)C(=O)O)CCC(=O)O	1.40494668	11344556;86335691	PubChem:(11344556 86335691);PubMed;PubChem class - bio and metabolites	16777282
7	1	N/A	-146.90572698208263	C10H10O4	[M + H]+	VZFPHVWLPRCAGD	InChI=1S/C10H10O4/c1-14-8-4-2-3-7(10(8)13)5-6-9(11)12/h2-6,13H,1H3,(H,11,12)	Cinnamic acid, 2-hydroxy-3-methoxy-	COC1=CC=CC(=C1O)C=CC(=O)O	1.5	520785;5463156;54712351;131239630	COCONUT:(CNP0156620);HMDB:(37644 134088);Natural Products:(UNPD158813);PubChem:(520785 5463156 54712351 131239630);PubChem class - bio and metabolites;EcoCyc Mine;KEGG Mine	25788710922
8	1	N/A	-147.20915514128788	C10H10O4	[M + H]+	WOANOAGQWVVXQR	InChI=1S/C10H10O4/c1-2-14-10(13)7-3-4-9(12)8(5-7)6-11/h3-6,12H,2H2,1H3	ethyl 3-formyl-4-hydroxybenzoate	CCOC(=O)C1=CC(=C(C=C1)O)C=O	1.79999995	271759	PubChem:(271759);PubChem class - safety and toxic	67108866
9	1	N/A	-148.6428381713302	C10H10O4	[M + H]+	SLWIPPZWFZGHEU	InChI=1S/C10H10O4/c11-9(12)5-7-1-2-8(4-3-7)6-10(13)14/h1-4H,5-6H2,(H,11,12)(H,13,14)	1,4-Benzenediacetic acid	C1=CC(=CC=C1CC(=O)O)CC(=O)O	1.11737156	81760;6950532	NORMAN:(NS00037485);PubChem class - safety and toxic;PubChem:(81760 6950532);PubMed	67371074
10	1	N/A	-149.8410612823227	C10H10O4	[M + H]+	STSOHAOGZMLWFR	InChI=1S/C10H10O4/c1-5-9(12)6-3-2-4-7(11)8(6)10(13)14-5/h2-5,9,11-12H,1H3	4-hydroxymellein	CC1C(C2=C(C(=CC=C2)O)C(=O)O1)O	1.29999995	169539;10262028;10420140;44445003;75528781;119025905	HMDB:(30765);SuperNatural:(SN00254326 SN00230133 SN00143312 SN00305582);additional;MeSH:(44445003);PubMed;COCONUT:(CNP0244185);KNApSAcK:(119);Natural Products:(UNPD94529 UNPD158458 UNPD109408 UNPD180109);PubChem:(169539 10262028 10420140 44445003 75528781 119025905);CHEBI:(141335);PubChem class - bio and metabolites;PubChem class - safety and toxic;Training Set	87605374
11	1	N/A	-150.92109476538008	C10H10O4	[M + H]+	LLMZGLGURUGRAT	InChI=1S/C10H10O4/c1-14-10-7(5-6-9(12)13)3-2-4-8(10)11/h2-6,11H,1H3,(H,12,13)	(E)-3-(3-hydroxy-2-methoxyphenyl)prop-2-enoic acid	COC1=C(C=CC=C1O)C=CC(=O)O	1.5	21640039;54039778	EcoCyc Mine;HMDB:(140957);PubChem:(21640039 54039778);KEGG Mine;PubChem class - bio and metabolites	25786581002
12	1	N/A	-151.58391505280812	C10H10O4	[M + H]+	PBAFFKDGFHOMBF	InChI=1S/C10H10O4/c1-7(11)14-6-8-4-2-3-5-9(8)10(12)13/h2-5H,6H2,1H3,(H,12,13)	2-(Acetoxymethyl)benzoic acid	CC(=O)OCC1=CC=CC=C1C(=O)O	1.20350111	169696	MeSH:(169696);PubChem:(169696);PubMed	70
13	1	N/A	-153.72786740516284	C10H10O4	[M + H]+	MMEDJBFVJUFIDD	InChI=1S/C10H10O4/c11-9(12)5-7-3-1-2-4-8(7)6-10(13)14/h1-4H,5-6H2,(H,11,12)(H,13,14)	o-Benzenediacetic acid	C1=CC=C(C(=C1)CC(=O)O)CC(=O)O	1.11737156	24123;6950153	NORMAN:(NS00047039);PubChem class - safety and toxic;PubChem:(24123 6950153);PubMed	67371074
14	1	N/A	-153.957865232484	C10H10O4	[M + H]+	QBQVEOIVSWQRDU	InChI=1S/C10H10O4/c11-8-4-2-1-3-7(8)9(12)5-6-10(13)14/h1-4,11H,5-6H2,(H,13,14)	3-(2-Hydroxybenzoyl)propionic acid	C1=CC=C(C(=C1)C(=O)CCC(=O)O)O	0.987819612	3016086	NORMAN:(NS00030599);COCONUT:(CNP0137475);KNApSAcK:(34393);Natural Products:(UNPD226244);PubChem:(3016086);EcoCyc Mine;KEGG Mine	25772195858
15	1	N/A	-154.2394361066446	C10H10O4	[M + H]+	DEOQAXQDXRMPMZ	InChI=1S/C10H10O4/c1-6(10(13)14)4-7-2-3-8(11)9(12)5-7/h2-5,11-12H,1H3,(H,13,14)	null	CC(=CC1=CC(=C(C=C1)O)O)C(=O)O	1.32450759	53756084;55255958	COCONUT:(CNP0080811);PubChem:(53756084 55255958);YMDB Mine;PubMed;KEGG Mine	42951770178
16	1	N/A	-155.35192301995224	C10H10O4	[M + H]+	OEVSVHJSZJTZDW	InChI=1S/C10H10O4/c1-5(11)9-6-3-2-4-7(12)8(6)10(13)14-9/h2-5,9,11-12H,1H3	1(3H)-Isobenzofuranone, 7-hydroxy-3-(1-hydroxyethyl)-, (-)-	CC(C1C2=C(C(=CC=C2)O)C(=O)O1)O	1.29999995	11542924	COCONUT:(CNP0212331);Natural Products:(UNPD165112);PubChem:(11542924);SuperNatural:(SN00353766)	3178498
17	1	N/A	-155.43586528782998	C10H10O4	[M + H]+	MQNNRPUVAMHCCO	InChI=1S/C10H10O4/c1-6-3-4-8(14-10(6)13)7(2)5-9(11)12/h3-5H,1-2H3,(H,11,12)	(E)-3-(5-methyl-6-oxopyran-2-yl)but-2-enoic acid	CC1=CC=C(OC1=O)C(=CC(=O)O)C	1.70000005	20056005;73657206	COCONUT:(CNP0377754);Natural Products:(UNPD129829);Training Set;PubChem:(20056005 73657206)	2146306
18	1	N/A	-157.2545098543405	C10H10O4	[M + H]+	GDYYIJNDPMFMTB	InChI=1S/C10H10O4/c11-9(12)5-7-2-1-3-8(4-7)6-10(13)14/h1-4H,5-6H2,(H,11,12)(H,13,14)	m-Benzenediacetic acid	C1=CC(=CC(=C1)CC(=O)O)CC(=O)O	1.11737156	29788;6931669	NORMAN:(NS00026440);PubChem class - safety and toxic;PubChem:(29788 6931669);PubMed	67371074
19	1	N/A	-158.93467958864488	C10H10O4	[M + H]+	HAYIPGIFANTODX	InChI=1S/C10H10O4/c1-5-3-6(2)8(10(13)14)4-7(5)9(11)12/h3-4H,1-2H3,(H,11,12)(H,13,14)	null	CC1=CC(=C(C=C1C(=O)O)C(=O)O)C	1.70000005	314208;6995561	COCONUT:(CNP0053702);PubChem class - safety and toxic;PubChem:(314208 6995561);SuperNatural:(SN00120151);ZINC bio:(ZINC01759739)	70262786
20	1	N/A	-159.05727463471317	C10H10O4	[M + H]+	QURCVMIEKCOAJU	InChI=1S/C10H10O4/c1-14-9-4-2-7(6-8(9)11)3-5-10(12)13/h2-6,11H,1H3,(H,12,13)	bmse000618	COC1=C(C=C(C=C1)C=CC(=O)O)O	1.3799032	1549043;92126;736186;54706233;54721279;54733733;71749120;131705614	HMDB:(955 131137);SuperNatural:(SN00335980 SN00001173);ZINC bio:(ZINC00156055 ZINC06007141);additional;MeSH:(736186 1549043);PubMed;NORMAN:(NS00014666);COCONUT:(CNP0061978 CNP0283368);KNApSAcK:(2752);Natural Products:(UNPD226810 UNPD139106);PubChem:(1549043 92126 736186 54706233 54721279 54733733 71749120 131705614);YMDB Mine;CHEBI:(27794);PubChem class - bio and metabolites;KEGG:(C10470);PubChem class - safety and toxic;Training Set	34447614334
21	1	N/A	-160.2918295902061	C10H10O4	[M + H]+	QSPCOYVUYYFWAU	InChI=1S/C10H10O4/c11-9(12)6-3-7-1-4-8(5-2-7)10(13)14/h1-2,4-5H,3,6H2,(H,11,12)(H,13,14)	4-Carboxyhydrocinnamic acid	C1=CC(=CC=C1CCC(=O)O)C(=O)O	1.40494668	854054;4632959;17957407;71762104;71762105	PubChem class - safety and toxic;PubChem:(854054 4632959 17957407 71762104 71762105);PubMed	67108930
22	1	N/A	-160.36760313595943	C10H10O4	[M + H]+	VUPCHIRIDPAYAQ	InChI=1S/C10H10O4/c1-14-9-5-7(2-3-10(12)13)4-8(11)6-9/h2-6,11H,1H3,(H,12,13)	(E)-3-(3-hydroxy-5-methoxyphenyl)prop-2-enoic acid	COC1=CC(=CC(=C1)O)C=CC(=O)O	1.5	22928735;54724447;54411716	HMDB:(125524 125588);PubChem:(22928735 54724447 54411716);PubChem class - bio and metabolites	16777226
23	1	N/A	-160.86453390507404	C10H10O4	[M + H]+	QJSBDHNFEOLVCI	InChI=1S/C10H10O4/c1-2-7-8-5(11)3-4-6(12)9(8)10(13)14-7/h3-4,7,11-12H,2H2,1H3	1(3H)-Isobenzofuranone, 3-ethyl-4,7-dihydroxy-	CCC1C2=C(C=CC(=C2C(=O)O1)O)O	2.0999999	71409663	COCONUT:(CNP0315992);Natural Products:(UNPD75373);PubChem:(71409663);SuperNatural:(SN00249607)	3178498
24	1	N/A	-161.88233901859442	C10H10O4	[M + H]+	PDDKFNWQAKHTBC	InChI=1S/C10H10O4/c1-14-9-6-8(11)4-2-7(9)3-5-10(12)13/h2-6,11H,1H3,(H,12,13)	3-(4-Hydroxy-2-methoxyphenyl)acrylic acid	COC1=C(C=CC(=C1)O)C=CC(=O)O	1.3799032	12137093;53401766;89790159	HMDB:(137510);PubChem:(12137093 53401766 89790159);PubMed;PubChem class - bio and metabolites	16777290
25	1	N/A	-162.31653010717844	C10H10O4	[M + H]+	KSEBMYQBYZTDHS	InChI=1S/C10H10O4/c1-14-9-6-7(2-4-8(9)11)3-5-10(12)13/h2-6,11H,1H3,(H,12,13)	ferulate	COC1=C(C=CC(=C1)C=CC(=O)O)O	1.3799032	709;1548883;445858;10262057;11310152;16109944;45039253;54691413;54710368;54730542;57369490;71311006;90887593;117064991;131871184	HMDB:(954 125096);PubChem class - food;SuperNatural:(SN00013826 SN00227139 SN00253517 SN00000975);ZINC bio:(ZINC00058258 ZINC06004762);additional;HSDB:(1135-24-6);MeSH:(445858);Plantcyc:(FERULIC-ACID IMINO-GROUP);PubMed;NORMAN:(NS00006133);COCONUT:(CNP0076256 CNP0082116 CNP0304940);KNApSAcK:(34325);Natural Products:(UNPD23140 UNPD12047 UNPD142498 UNPD215998);PubChem:(709 1548883 445858 10262057 11310152 16109944 45039253 54691413 54710368 54730542 57369490 71311006 90887593 117064991 131871184);CHEBI:(76117 17620 29749);PubChem class - bio and metabolites;EcoCyc Mine;KEGG:(C01494);PubChem class - safety and toxic;YMDB:(1325);Training Set;PubChem class - drug;Biocyc:(FERULIC-ACID)	17435716478
26	1	N/A	-163.44733200602184	C10H10O4	[M + H]+	OSRBGUCAZNZFMF	InChI=1S/C10H10O4/c1-6-4-3-5-8(14-7(2)11)9(6)10(12)13/h3-5H,1-2H3,(H,12,13)	2-acetyloxy-6-methylbenzoate	CC1=C(C(=CC=C1)OC(=O)C)C(=O)O	1.72213757	5254798;23166939	COCONUT:(CNP0296755);Natural Products:(UNPD52369);PubChem:(5254798 23166939);SuperNatural:(SN00249351);ZINC bio:(ZINC14488787);KEGG Mine	8593121282
27	1	N/A	-166.1956586379582	C10H10O4	[M + H]+	ZQKSVHOYMATPAD	InChI=1S/C10H10O4/c1-6-5-7(10(13)14-2)3-4-8(6)9(11)12/h3-5H,1-2H3,(H,11,12)	null	CC1=C(C=CC(=C1)C(=O)OC)C(=O)O	1.70000005	23543120;134129300	PubChem:(23543120 134129300);PubChem class - safety and toxic	67108866
28	1	N/A	-167.62674705752485	C10H10O4	[M + H]+	VNGOYPQMJFJDLV	InChI=1S/C10H10O4/c1-13-9(11)7-4-3-5-8(6-7)10(12)14-2/h3-6H,1-2H3	Morflex 1129	COC(=O)C1=CC(=CC=C1)C(=O)OC	1.6135534	15088;24209725;101134136;101624359;129807008	NORMAN:(NS00006739);PubChem class - food;PubChem:(15088 24209725 101134136 101624359 129807008);ZINC bio:(ZINC00061511);HSDB:(1459-93-4);PubChem class - safety and toxic;PubMed	201597506
29	1	N/A	-167.8284862164686	C10H10O4	[M + H]+	LHVJUPHCLWIPLZ	InChI=1S/C10H10O4/c1-6-8(10(12)13)4-3-5-9(6)14-7(2)11/h3-5H,1-2H3,(H,12,13)	3-acetyloxy-2-methylbenzoate	CC1=C(C=CC=C1OC(=O)C)C(=O)O	1.60000002	3798557;6951169	PubChem:(3798557 6951169);PubChem class - safety and toxic	67108866
30	1	N/A	-168.2247908608017	C10H10O4	[M + H]+	YWWHKOHZGJFMIE	InChI=1S/C10H10O4/c1-2-14-10(13)8-6-4-3-5-7(8)9(11)12/h3-6H,2H2,1H3,(H,11,12)	Monoethyl phthalate	CCOC(=O)C1=CC=CC=C1C(=O)O	1.63486385	75318;21894230;71750793;138396076	HMDB:(2120);ZINC bio:(ZINC00409879);additional;MeSH:(75318);PubMed;NORMAN:(NS00010914);COCONUT:(CNP0017360);PubChem:(75318 21894230 71750793 138396076);CHEBI:(70973);PubChem class - bio and metabolites;PubChem class - safety and toxic;Training Set;KEGG Mine	8676728942
31	1	N/A	-168.53562610425044	C10H10O4	[M + H]+	WOZVHXUHUFLZGK	InChI=1S/C10H10O4/c1-13-9(11)7-3-5-8(6-4-7)10(12)14-2/h3-6H,1-2H3	Di-Me terephthalate	COC(=O)C1=CC=C(C=C1)C(=O)OC	1.6135534	8441;12241382;71309233;101134137;101624360;101448795;117064295	PubChem class - food;SuperNatural:(SN00283569);ZINC bio:(ZINC00061509);HSDB:(120-61-6);MeSH:(8441);PubMed;NORMAN:(NS00002929);COCONUT:(CNP0347263);Natural Products:(UNPD146688);PubChem:(8441 12241382 71309233 101134137 101624360 101448795 117064295);PubChem class - bio and metabolites;PubChem class - safety and toxic;Biocyc:(CPD-19189)	221555270
32	1	N/A	-168.5691165948365	C10H10O4	[M + H]+	NPCYEBHVHXQCEM	InChI=1S/C10H10O4/c1-6(11)8-5-7(10(12)13)3-4-9(8)14-2/h3-5H,1-2H3,(H,12,13)	3-acetyl-4-methoxybenzoic acid	CC(=O)C1=C(C=CC(=C1)C(=O)O)OC	1.12628722	18184450	PubChem:(18184450);COCONUT:(CNP0322723)	2097154
33	1	N/A	-168.661015377034	C10H10O4	[M + H]+	STOUHHBZBQBYHH	InChI=1S/C10H10O4/c1-7(11)13-9-4-3-5-10(6-9)14-8(2)12/h3-6H,1-2H3	1,3-Diacetoxybenzene	CC(=O)OC1=CC(=CC=C1)OC(=O)C	1.68342471	7942	NORMAN:(NS00041143);PubChem class - safety and toxic;PubChem:(7942);PubMed	67371074
34	1	N/A	-169.0652812705192	C10H10O4	[M + H]+	CSHNXJMGKLQZHY	InChI=1S/C10H10O4/c1-13-9-4-10(14-2)8(6-12)3-7(9)5-11/h3-6H,1-2H3	4,6-dimethoxybenzene-1,3-dicarbaldehyde	COC1=CC(=C(C=C1C=O)C=O)OC	0.800000012	2748047	COCONUT:(CNP0022312);PubChem:(2748047);SuperNatural:(SN00122314);ZINC bio:(ZINC03843465)	3153922
35	1	N/A	-170.19462827066022	C10H10O4	[M + H]+	RIXOZEBXQQUHQW	InChI=1S/C10H10O4/c1-6(9(11)12)7-3-2-4-8(5-7)10(13)14/h2-6H,1H3,(H,11,12)(H,13,14)	2-(3-Carboxyphenyl)propionic acid	CC(C1=CC(=CC=C1)C(=O)O)C(=O)O	1.32916248	44398682;71587870;71587871;71314548	PubChem class - safety and toxic;PubChem:(44398682 71587870 71587871 71314548);PubMed;KEGG Mine	8657043522
36	1	N/A	-170.2417070414463	C10H10O4	[M + H]+	QKDLXQWEBIYZSS	InChI=1S/C10H10O4/c11-8-3-1-7(2-4-8)9(12)5-6-10(13)14/h1-4,11H,5-6H2,(H,13,14)	4-(4-hydroxyphenyl)-4-oxobutanoate	C1=CC(=CC=C1C(=O)CCC(=O)O)O	0.987819612	1550809;237130	PubChem:(1550809 237130);PubChem class - safety and toxic	67108866
37	1	N/A	-171.3728999262701	C10H10O4	[M + H]+	AONRSNZGOMBWPX	InChI=1S/C10H10O4/c1-5(11)7-3-4-8(13)9(6(2)12)10(7)14/h3-4,13-14H,1-2H3	2,4-Diacetyl-1,3-benzenediol	CC(=O)C1=C(C(=C(C=C1)O)C(=O)C)O	1.10000002	137461	COCONUT:(CNP0336010);PubChem:(137461);PubMed;ZINC bio:(ZINC05167583)	2105410
38	1	N/A	-171.43218878751102	C10H10O4	[M + H]+	IKNVEOZIOFMENG	InChI=1S/C10H10O4/c1-14-8-4-2-7(9(11)6-8)3-5-10(12)13/h2-6,11H,1H3,(H,12,13)	3-(2-hydroxy-4-methoxyphenyl)-acrylic acid	COC1=CC(=C(C=C1)C=CC(=O)O)O	1.5	12840862;20985633;42310408;54719512	COCONUT:(CNP0085724 CNP0228359);HMDB:(131172 135741);Natural Products:(UNPD118456);PubChem:(12840862 20985633 42310408 54719512);SuperNatural:(SN00156702);PubChem class - bio and metabolites;KEGG Mine	8609890314
39	1	N/A	-172.44749106432872	C10H10O4	[M + H]+	FDAOUJHEWGCELW	InChI=1S/C10H10O4/c11-5-4-8-6-2-1-3-7(12)9(6)10(13)14-8/h1-3,8,11-12H,4-5H2	(3R)-7-hydroxy-3-(2-hydroxyethyl)-3H-2-benzofuran-1-one	C1=CC2=C(C(=C1)O)C(=O)OC2CCO	1.29999995	5324649;11008793	COCONUT:(CNP0109043);Natural Products:(UNPD36922);PubChem:(5324649 11008793);SuperNatural:(SN00242849);MeSH:(11008793);PubMed	3178566
40	1	N/A	-174.82376376415877	C10H10O4	[M + H]+	QWXCQNBXZMDLSL	InChI=1S/C10H10O4/c1-13-9(11)7-5-3-4-6-8-10(12)14-2/h5-8H,1-2H3	null	COC(=O)C=CC#CC=CC(=O)OC	1.20000005	12535672;12535673	COCONUT:(CNP0224503);Natural Products:(UNPD41589);PubChem:(12535672 12535673)	2129922
41	1	N/A	-175.32030861803415	C10H10O4	[M + H]+	NOQAMNANIGSRAX	InChI=1S/C10H10O4/c1-14-10(13)3-2-7-4-8(11)6-9(12)5-7/h2-6,11-12H,1H3	2-Propenoic acid, 3-(3,5-dihydroxyphenyl)-, methyl ester	COC(=O)C=CC1=CC(=CC(=C1)O)O	1.5	44271408;67111031	COCONUT:(CNP0270285);Natural Products:(UNPD143138);PubChem:(44271408 67111031);PubMed	2129986
42	1	N/A	-175.42490634804267	C10H10O4	[M + H]+	LNEPPGKBSBTFDF	InChI=1S/C10H10O4/c1-2-3-8-6-7(10(13)14-8)4-5-9(11)12/h3-6H,2H2,1H3,(H,11,12)	(E/Z)-bombardolide C	CCC=C1C=C(C(=O)O1)C=CC(=O)O	1.5	11745513;10330245;73083143	COCONUT:(CNP0248102);KNApSAcK:(45692);Natural Products:(UNPD3250);PubChem:(11745513 10330245 73083143);SuperNatural:(SN00322166);PubMed	3178578
43	1	N/A	-175.99745310669772	C10H10O4	[M + H]+	FINGOCCQPUZZDR	InChI=1S/C10H10O4/c1-13-8-5-3-4-7(6-11)9(8)10(12)14-2/h3-6H,1-2H3	null	COC1=CC=CC(=C1C(=O)OC)C=O	1.20000005	12730360	COCONUT:(CNP0164668);Natural Products:(UNPD189390);PubChem:(12730360);SuperNatural:(SN00382227);ZINC bio:(ZINC15217460)	3186690
44	1	N/A	-176.22695647050898	C10H10O4	[M + H]+	DHLPMLVSBRRUGA	InChI=1S/C10H10O4/c1-5-2-6-3-7(11)4-8(12)9(6)10(13)14-5/h3-5,11-12H,2H2,1H3	6-Hydroxymellein	CC1CC2=C(C(=CC(=C2)O)O)C(=O)O1	2.0999999	172675;439718;14353462	SuperNatural:(SN00006867 SN00332714);ZINC bio:(ZINC04095848 ZINC06495304);MeSH:(172675);Plantcyc:(6-HYDROXYMELLEIN);PubMed;COCONUT:(CNP0395266);KNApSAcK:(554);Natural Products:(UNPD91786 UNPD168924);PubChem:(172675 439718 14353462);CHEBI:(16368);PubChem class - bio and metabolites;KEGG:(C02379);Biocyc:(6-HYDROXYMELLEIN)	20097398
45	1	N/A	-177.15960093274174	C10H10O4	[M + H]+	XLSMGNNWSRNTIQ	InChI=1S/C10H10O4/c1-6(11)7-3-4-9(12)8(5-7)10(13)14-2/h3-5,12H,1-2H3	Methyl 5-acetylsalicylate	CC(=O)C1=CC(=C(C=C1)O)C(=O)OC	1.12628722	85444;10631693	NORMAN:(NS00025389);PubChem class - safety and toxic;PubChem:(85444 10631693);PubMed	67371074
46	1	N/A	-177.9068124725231	C10H10O4	[M + H]+	YSIIHTHHMPYKFP	InChI=1S/C10H10O4/c1-13-9-3-8(6-12)10(14-2)4-7(9)5-11/h3-6H,1-2H3	ACMC-20aoat	COC1=CC(=C(C=C1C=O)OC)C=O	0.800000012	606648	PubChem:(606648);PubChem class - safety and toxic	67108866
47	1	N/A	-178.13136913076076	C10H10O4	[M + H]+	XBBMROOTCQXGMR	InChI=1S/C10H10O4/c1-6(11)9-4-3-8(5-10(9)13)14-7(2)12/h3-5,13H,1-2H3	4-acetyl-3-hydroxyphenyl acetate	CC(=O)C1=C(C=C(C=C1)OC(=O)C)O	1.16122293	2775173	PubChem:(2775173);PubChem class - safety and toxic	67108866
48	1	N/A	-178.2112016166209	C10H10O4	[M + H]+	OYNVCZYCJBELMQ	InChI=1S/C10H10O4/c1-5-4-6-7(11)2-3-8(12)9(6)10(13)14-5/h2-3,5,11-12H,4H2,1H3	null	CC1CC2=C(C=CC(=C2C(=O)O1)O)O	2.0999999	14779567;10442609;131020789	COCONUT:(CNP0165793);Natural Products:(UNPD167520 UNPD30943);PubChem:(14779567 10442609 131020789);SuperNatural:(SN00276958 SN00143340);PubMed	3178562
49	1	N/A	-178.33860469577655	C10H10O4	[M + H]+	XRBMKGUDDJPAMH	InChI=1S/C10H10O4/c1-6-4-3-5-8(10(12)13)9(6)14-7(2)11/h3-5H,1-2H3,(H,12,13)	Spectrum_001374	CC1=C(C(=CC=C1)C(=O)O)OC(=O)C	1.72213757	78094;6918960	NORMAN:(NS00015531);COCONUT:(CNP0392043);PubChem:(78094 6918960);ZINC bio:(ZINC00001221);PubChem class - bio and metabolites;PubChem class - safety and toxic;Training Set;PubMed;KEGG Mine	8676204610
50	1	N/A	-179.41398853687278	C10H10O4	[M + H]+	CNRMXICSYWVJRD	InChI=1S/C10H10O4/c1-13-9-4-3-7(6-11)5-8(9)10(12)14-2/h3-6H,1-2H3	Benzoic acid,5-formyl-2-methoxy-, methyl ester	COC1=C(C=C(C=C1)C=O)C(=O)OC	1.44660282	10856352	PubChem:(10856352);PubChem class - safety and toxic	67108866
51	1	N/A	-180.37441254166504	C10H10O4	[M + H]+	RTKKNEBUQCURDQ	InChI=1S/C10H10O4/c11-8-4-2-1-3-7(8)5-6-9(12)10(13)14/h1-4,11H,5-6H2,(H,13,14)	null	C1=CC=C(C(=C1)CCC(=O)C(=O)O)O	1.20000005	16122569	PubChem:(16122569);KEGG Mine;PubChem class - bio and metabolites	8606711810
52	1	N/A	-180.53588852100043	C10H10O4	[M + H]+	AKOGNYJNGMLDOA	InChI=1S/C10H10O4/c1-7(11)13-9-3-5-10(6-4-9)14-8(2)12/h3-6H,1-2H3	p-Diacetoxybenzene	CC(=O)OC1=CC=C(C=C1)OC(=O)C	1.68342471	71006	NORMAN:(NS00044767);PubChem class - safety and toxic;PubChem:(71006);PubMed;ZINC bio:(ZINC00254933)	67379266
53	1	N/A	-180.57642668601784	C10H10O4	[M + H]+	BVWCZKFEARXFOE	InChI=1S/C10H10O4/c11-5-7-4-6-2-1-3-8(12)9(6)10(13)14-7/h1-3,7,11-12H,4-5H2	null	C1C(OC(=O)C2=C1C=CC=C2O)CO	1.39999998	139588534	PubChem:(139588534);COCONUT:(CNP0332033)	2097154
54	1	N/A	-180.59041295220422	C10H10O4	[M + H]+	ONWPLBKWMAUFGZ	InChI=1S/C10H10O4/c1-7(11)14-9-6-4-3-5-8(9)10(12)13-2/h3-6H,1-2H3	methylrodin	CC(=O)OC1=CC=CC=C1C(=O)OC	1.648489	68484	NORMAN:(NS00033831);COCONUT:(CNP0300463);Natural Products:(UNPD56499);PubChem:(68484);SuperNatural:(SN00155279);ZINC bio:(ZINC02560557);MeSH:(68484);PubMed;KEGG Mine	8593383494
55	1	N/A	-180.88997905440718	C10H10O4	[M + H]+	PGJQPLVEUVHSFQ	InChI=1S/C10H10O4/c1-7(11)14-9-5-3-8(4-6-9)10(12)13-2/h3-6H,1-2H3	bmse010008	CC(=O)OC1=CC=C(C=C1)C(=O)OC	1.648489	578495;73995221;101137842	COCONUT:(CNP0103381);Natural Products:(UNPD49505);PubChem:(578495 73995221 101137842);PubMed;CHEBI:(86900)	2130018
56	1	N/A	-180.98652456401462	C10H10O4	[M + H]+	MDLKHAVFIDFTBO	InChI=1S/C10H10O4/c1-2-9(11)14-8-6-4-3-5-7(8)10(12)13/h3-6H,2H2,1H3,(H,12,13)	2-propanoyloxybenzoic acid	CCC(=O)OC1=CC=CC=C1C(=O)O	1.83176088	95938;23200401	PubChem class - safety and toxic;PubChem:(95938 23200401);ZINC bio:(ZINC01676317)	67117058
57	1	N/A	-182.762687569099	C10H10O4	[M + H]+	PYOVYUCEBCOYSM	InChI=1S/C10H10O4/c1-13-9-5-3-4-7(8(9)6-11)10(12)14-2/h3-6H,1-2H3	null	COC1=CC=CC(=C1C=O)C(=O)OC	1.44660282	12730357	COCONUT:(CNP0159202);Natural Products:(UNPD19980);PubChem:(12730357);SuperNatural:(SN00347063);ZINC bio:(ZINC15217454)	3186690
58	1	N/A	-182.83139288882143	C10H10O4	[M + H]+	QRAPKMOTXWJWOZ	InChI=1S/C10H10O4/c11-5-7-6-13-9-4-2-1-3-8(9)10(12)14-7/h1-4,7,11H,5-6H2	3-(hydroxymethyl)-2,3-dihydro-1,4-benzodioxepin-5-one	C1C(OC(=O)C2=CC=CC=C2O1)CO	0.899999976	31554	PubChem:(31554);PubChem class - safety and toxic	67108866
59	1	N/A	-183.0299402942838	C10H10O4	[M + H]+	WQWNVPGJVKVZDH	InChI=1S/C10H10O4/c1-2-14-9-4-7(5-11)3-8(6-12)10(9)13/h3-6,13H,2H2,1H3	Dialdehyde ethylvanillique	CCOC1=CC(=CC(=C1O)C=O)C=O	1.39999998	18034	PubChem:(18034);PubChem class - safety and toxic	67108866
60	1	N/A	-183.0620653414941	C10H10O4	[M + H]+	GQZDTCFUDGMSOS	InChI=1S/C10H10O4/c1-7(11)8-4-2-3-5-9(8)14-6-10(12)13/h2-5H,6H2,1H3,(H,12,13)	2-(2-acetylphenoxy)acetate	CC(=O)C1=CC=CC=C1OCC(=O)O	1.06196642	2803551;6928925	COCONUT:(CNP0405039);PubChem class - safety and toxic;PubChem:(2803551 6928925);SuperNatural:(SN00143834);ZINC bio:(ZINC00137688)	70262786
61	1	N/A	-183.1769420240344	C10H10O4	[M + H]+	IEHPLRVWOHZKCS	InChI=1S/C10H10O4/c1-14-9-6-7(3-2-4-11)5-8(12)10(9)13/h2-6,12-13H,1H3	5-Hydroxyconiferaldehyde	COC1=CC(=CC(=C1O)O)C=CC=O	1.10000002	443703;5282094;16109947	COCONUT:(CNP0274631);Natural Products:(UNPD153344 UNPD209861);PubChem:(443703 5282094 16109947);SuperNatural:(SN00378931);CHEBI:(31134);PubChem class - bio and metabolites;KEGG:(C12204);Plantcyc:(5-HYDROXY-CONIFERALDEHYDE);PubMed;Biocyc:(5-HYDROXY-CONIFERALDEHYDE)	20089186
62	1	N/A	-183.76498571116366	C10H10O4	[M + H]+	GEYCQLIOGQPPFM	InChI=1S/C10H10O4/c1-5(11)7-3-8(6(2)12)10(14)4-9(7)13/h3-4,13-14H,1-2H3	resodiacetophenone	CC(=O)C1=CC(=C(C=C1O)O)C(=O)C	1.70000005	75097;101864218	NORMAN:(NS00026921);PubChem:(75097 101864218);additional;MeSH:(75097);PubChem class - safety and toxic;Training Set;PubMed	67911750
63	1	N/A	-184.83513686111255	C10H10O4	[M + H]+	AIRRMJKMFDZHMS	InChI=1S/C10H10O4/c1-7-8(4-3-5-11)14-10(12)6-9(7)13-2/h3-6H,1-2H3	3-(4-methoxy-3-methyl-6-oxopyran-2-yl)prop-2-enal	CC1=C(OC(=O)C=C1OC)C=CC=O	0.300000012	187016;5387141	COCONUT:(CNP0253412);Natural Products:(UNPD157098);PubChem:(187016 5387141);ZINC bio:(ZINC01616260);EcoCyc Mine;KEGG Mine	25771941890
64	1	N/A	-186.25788404074245	C10H10O4	[M + H]+	NIQCNGHVCWTJSM	InChI=1S/C10H10O4/c1-13-9(11)7-5-3-4-6-8(7)10(12)14-2/h3-6H,1-2H3	Repeftal	COC(=O)C1=CC=CC=C1C(=O)OC	1.6135534	8554;16212239;45052096;129806874;131668060;129895957	PubChem class - food;SuperNatural:(SN00155817);Maconda:(CON00027);ZINC bio:(ZINC00391885);additional;HSDB:(131-11-3);MeSH:(8554);PubMed;NORMAN:(NS00010268);COCONUT:(CNP0145942);Natural Products:(UNPD38149);PubChem:(8554 16212239 45052096 129806874 131668060 129895957);CHEBI:(4609);PubChem class - bio and metabolites;KEGG:(C11233);PubChem class - safety and toxic;Training Set	222095206
65	1	N/A	-186.30804741975226	C10H10O4	[M + H]+	VDZJGFDUSYCVJA	InChI=1S/C10H10O4/c1-7(11)8-3-2-4-9(5-8)14-6-10(12)13/h2-5H,6H2,1H3,(H,12,13)	Maybridge1_008932	CC(=O)C1=CC(=CC=C1)OCC(=O)O	1.06196642	1550945;241887	PubChem:(1550945 241887);PubChem class - safety and toxic	67108866
66	1	N/A	-187.93780879945325	C10H10O4	[M + H]+	JTCQHKLPDZBYKO	InChI=1S/C10H10O4/c1-6(11)7-2-3-8(12)10-9(7)13-4-5-14-10/h2-3,12H,4-5H2,1H3	1-(5-hydroxy-2,3-dihydro-1,4-benzodioxin-8-yl)ethanone	CC(=O)C1=C2C(=C(C=C1)O)OCCO2	1.0	80337	PubChem:(80337);NORMAN:(NS00034897)	262146
67	1	N/A	-188.58593052724103	C10H10O4	[M + H]+	MAEVSPLUELJOMM	InChI=1S/C10H10O4/c1-14-10(13)5-3-7-2-4-8(11)6-9(7)12/h2-6,11-12H,1H3	methyl (E)-3-(2,4-dihydroxyphenyl)prop-2-enoate	COC(=O)C=CC1=C(C=C(C=C1)O)O	1.5	19968653;70134024	COCONUT:(CNP0266971);Natural Products:(UNPD72784);PubChem:(19968653 70134024)	2129922
68	1	N/A	-188.77001278867618	C10H10O4	[M + H]+	OIQBPASRUVCUAN	InChI=1S/C10H10O4/c1-7(10(12)13)14-9-4-2-8(6-11)3-5-9/h2-7H,1H3,(H,12,13)	2-(4-formylphenoxy)propanoate	CC(C(=O)O)OC1=CC=C(C=C1)C=O	1.43106604	351737;907217;907218;7083529;7083530;19863176	COCONUT:(CNP0048064 CNP0374570);PubChem class - safety and toxic;PubChem:(351737 907217 907218 7083529 7083530 19863176);SuperNatural:(SN00070423 SN00070424);ZINC bio:(ZINC04045206 ZINC04045207)	70262786
69	1	N/A	-188.86509559044157	C10H10O4	[M + H]+	UKPMFGARCZOXDI	InChI=1S/C10H10O4/c1-14-9(11)6-7-4-2-3-5-8(7)10(12)13/h2-5H,6H2,1H3,(H,12,13)	2-(2-methoxy-2-oxoethyl)benzoate	COC(=O)CC1=CC=CC=C1C(=O)O	1.20000005	177459;6946622	PubChem:(177459 6946622);PubChem class - safety and toxic	67108866
70	1	N/A	-189.11559956895883	C10H10O4	[M + H]+	WDZMAKLDQJGEFI	InChI=1S/C10H10O4/c11-8-3-1-2-6-7(8)5-14-9(6)4-10(12)13/h1-3,9,11H,4-5H2,(H,12,13)	3-deoxyisoochracinic acid	C1C2=C(C=CC=C2O)C(O1)CC(=O)O	0.300000012	1403724;1403725;4873040;6984643;6984644	COCONUT:(CNP0369374);KNApSAcK:(45560);Natural Products:(UNPD168932);PubChem:(1403724 1403725 4873040 6984643 6984644);SuperNatural:(SN00297240);MeSH:(4873040);PubMed	3178582
71	1	N/A	-189.86487125285683	C10H10O4	[M + H]+	VKLDQCUGHRGDAN	InChI=1S/C10H10O4/c1-6-9(13)3-7(4-11)8(5-12)10(6)14-2/h3-5,13H,1-2H3	5-Hydroxy-3-methoxy-4-methyl-1,2-benzenedicarbaldehyde	CC1=C(C=C(C(=C1OC)C=O)C=O)O	0.800000012	12314841	COCONUT:(CNP0187118);Natural Products:(UNPD104777);PubChem:(12314841);SuperNatural:(SN00344475)	3178498
72	1	N/A	-189.90725497804084	C10H10O4	[M + H]+	TXZVCDJZNRCDKW	InChI=1S/C10H10O4/c1-14-10(13)8-4-2-7(3-5-8)6-9(11)12/h2-5H,6H2,1H3,(H,11,12)	null	COC(=O)C1=CC=C(C=C1)CC(=O)O	1.36546242	10797879;86306626	PubChem:(10797879 86306626);PubChem class - safety and toxic	67108866
73	1	N/A	-189.9765759089027	C10H10O4	[M + H]+	XUXFXVMZIJMUIO	InChI=1S/C10H10O4/c11-10(12)7-3-1-4-8-9(7)14-6-2-5-13-8/h1,3-4H,2,5-6H2,(H,11,12)	2H,3H,4H-benzo[b]1,4-dioxepin-6-carboxylic acid	C1COC2=CC=CC(=C2OC1)C(=O)O	1.5	2794985;7015399	PubChem:(2794985 7015399);NORMAN:(NS00036033)	262146
74	1	N/A	-190.79243194905834	C10H10O4	[M + H]+	ZMLVTKKIMDNHCP	InChI=1S/C10H10O4/c1-12-8-3-2-7(6-11)9-10(8)14-5-4-13-9/h2-3,6H,4-5H2,1H3	5-methoxy-2,3-dihydro-1,4-benzodioxine-8-carbaldehyde	COC1=C2C(=C(C=C1)C=O)OCCO2	1.10000002	4359894	COCONUT:(CNP0379085);PubChem:(4359894);SuperNatural:(SN00068573);ZINC bio:(ZINC04028478)	3153922
75	1	N/A	-191.27660269723572	C10H10O4	[M + H]+	BQCNSTFWSKOWMA	InChI=1S/C10H10O4/c1-14-10(13)5-2-7-6-8(11)3-4-9(7)12/h2-6,11-12H,1H3	ACMC-20mqdo	COC(=O)C=CC1=C(C=CC(=C1)O)O	1.5	3248;5353609;6604735	HMDB:(61686);SuperNatural:(SN00306693);additional;MeSH:(5353609);PubMed;COCONUT:(CNP0327092);Natural Products:(UNPD90343);PubChem:(3248 5353609 6604735);CHEBI:(84089 93543);PubChem class - bio and metabolites;PubChem class - safety and toxic;Training Set	87605358
76	1	N/A	-191.6681787567395	C10H10O4	[M + H]+	OSKUPNSJCCTTLB	InChI=1S/C10H10O4/c1-14-8-3-4-9(11)7(6-8)2-5-10(12)13/h2-6,11H,1H3,(H,12,13)	3-(2-hydroxy-5-methoxyphenyl)-acrylic acid	COC1=CC(=C(C=C1)O)C=CC(=O)O	1.5	12840861;53403959;96882877	COCONUT:(CNP0318465);Natural Products:(UNPD111225);PubChem:(12840861 53403959 96882877);PubMed	2129986
77	1	N/A	-195.01810757337256	C10H10O4	[M + H]+	LVFFZQQWIZURIO	InChI=1S/C10H10O4/c11-9(12)6-8(10(13)14)7-4-2-1-3-5-7/h1-5,8H,6H2,(H,11,12)(H,13,14)	Ambap4036-30-0	C1=CC=C(C=C1)C(CC(=O)O)C(=O)O	0.899999976	95459;736145;736146;4632740;6931404;6931406;102054204;101797802	NORMAN:(NS00041995);PubChem:(95459 736145 736146 4632740 6931404 6931406 102054204 101797802);ZINC bio:(ZINC00155877 ZINC00155879);PubChem class - bio and metabolites;MeSH:(95459);PubChem class - safety and toxic;PubMed	84156486
78	1	N/A	-195.9128484204613	C10H10O4	[M + H]+	NNADFONXCWKMRA	InChI=1S/C10H10O4/c1-5-4-6-2-3-7(11)9(12)8(6)10(13)14-5/h2-3,5,11-12H,4H2,1H3	1H-2-Benzopyran-1-one, 3,4-dihydro-7,8-dihydroxy-3-methyl-	CC1CC2=C(C(=C(C=C2)O)O)C(=O)O1	2.0999999	15677562;130776091;130779739	COCONUT:(CNP0187546);Natural Products:(UNPD117405 UNPD41651);PubChem:(15677562 130776091 130779739);SuperNatural:(SN00143341 SN00364353);PubMed	3178562
79	1	N/A	-195.96136583405178	C10H10O4	[M + H]+	JGHXNKLHSHDHDG	InChI=1S/C10H10O4/c1-2-12-10(11)7-3-4-8-9(5-7)14-6-13-8/h3-5H,2,6H2,1H3	Ethyl piperonylate	CCOC(=O)C1=CC2=C(C=C1)OCO2	1.98558652	81391;87286898	NORMAN:(NS00043699);COCONUT:(CNP0173834);Natural Products:(UNPD124829);PubChem:(81391 87286898);SuperNatural:(SN00332536);ZINC bio:(ZINC01681287)	3448834
80	1	N/A	-196.03329431937365	C10H10O4	[M + H]+	OZEGCCCPLQVTEE	InChI=1S/C10H10O4/c11-8-4-1-7(2-5-8)3-6-9(12)10(13)14/h1-2,4-5,11H,3,6H2,(H,13,14)	null	C1=CC(=CC=C1CCC(=O)C(=O)O)O	1.27539468	54177125;91820190	PubChem:(54177125 91820190);PubMed;Biocyc:(CPD-17728);KEGG Mine;PubChem class - bio and metabolites	8606713922
81	1	N/A	-196.1687189176985	C10H10O4	[M + H]+	ZVPGTXJXZIXWGR	InChI=1S/C10H10O4/c1-7(12)14-10-5-8(6-11)3-4-9(10)13-2/h3-6H,1-2H3	Ambcb9071542	CC(=O)OC1=C(C=CC(=C1)C=O)OC	1.48153853	4099572	PubChem class - safety and toxic;PubChem:(4099572);ZINC bio:(ZINC03136355)	67117058
82	1	N/A	-196.77823090743286	C10H10O4	[M + H]+	WKKNTWOZLCCKIR	InChI=1S/C10H10O4/c1-5-3-7(11)9-8(13-5)4-6(2)14-10(9)12/h3,6H,4H2,1-2H3	2,7-dimethyl-7,8-dihydropyrano[4,3-b]pyran-4,5-dione	CC1CC2=C(C(=O)C=C(O2)C)C(=O)O1	1.0	206179	PubChem:(206179);PubChem class - safety and toxic	67108866
83	1	N/A	-197.08267478627837	C10H10O4	[M + H]+	FBSAITBEAPNWJG	InChI=1S/C10H10O4/c1-7(11)13-9-5-3-4-6-10(9)14-8(2)12/h3-6H,1-2H3	Ambap635-67-6	CC(=O)OC1=CC=CC=C1OC(=O)C	1.68342471	12479	NORMAN:(NS00035490);COCONUT:(CNP0115840);Natural Products:(UNPD3409);PubChem:(12479);ZINC bio:(ZINC01641632);PubChem class - safety and toxic;PubMed	69509186
84	1	N/A	-197.2519425407855	C10H10O4	[M + H]+	ZHJJCJKDNFTHKD	InChI=1S/C10H10O4/c1-6(9(11)12)7-2-4-8(5-3-7)10(13)14/h2-6H,1H3,(H,11,12)(H,13,14)	ACMC-20ceaf	CC(C1=CC=C(C=C1)C(=O)O)C(=O)O	1.5	181888;192348;13123221	MeSH:(192348);PubChem:(181888 192348 13123221);PubMed	70
85	1	N/A	-197.47557860807237	C10H10O4	[M + H]+	USZFKSACQAZYHV	InChI=1S/C10H10O4/c1-3-4-7(11)9-8(12)5-6(2)14-10(9)13/h3-5,12H,1-2H3	null	CC=CC(=O)C1=C(C=C(OC1=O)C)O	1.79999995	135570617	PubChem:(135570617);PubChem class - safety and toxic	67108866
86	1	N/A	-198.43869444175525	C10H10O4	[M + H]+	SGFXNNKRAMZCNF	InChI=1S/C10H10O4/c1-14-9(11)6-7-3-2-4-8(5-7)10(12)13/h2-5H,6H2,1H3,(H,12,13)	3-(2-methoxy-2-oxoethyl)benzoic acid	COC(=O)CC1=CC(=CC=C1)C(=O)O	1.36546242	13816143	PubChem:(13816143);PubChem class - safety and toxic	67108866
87	1	N/A	-198.67183300632328	C10H10O4	[M + H]+	DJSIZJKPKTXMII	InChI=1S/C10H10O4/c1-6-3-7(9(11)12)5-8(4-6)10(13)14-2/h3-5H,1-2H3,(H,11,12)	3-methoxycarbonyl-5-methylbenzoate	CC1=CC(=CC(=C1)C(=O)OC)C(=O)O	1.68720186	7210835;7210836	PubChem:(7210835 7210836);PubChem class - safety and toxic	67108866
88	1	N/A	-199.27874292637824	C10H10O4	[M + H]+	QCZFQWATVFWNJO	InChI=1S/C10H10O4/c1-14-10(13)9(12)6-7-2-4-8(11)5-3-7/h2-6,11-12H,1H3	null	COC(=O)C(=CC1=CC=C(C=C1)O)O	1.70000005	15834376;86062881;133666030	COCONUT:(CNP0199127);Natural Products:(UNPD19575 UNPD83391);PubChem:(15834376 86062881 133666030);SuperNatural:(SN00316842);KEGG Mine	8593113090
89	1	N/A	-199.7525001446363	C10H10O4	[M + H]+	JQZALCBYHVNZHT	InChI=1S/C10H10O4/c1-5-2-6-3-8(11)9(12)4-7(6)10(13)14-5/h3-5,11-12H,2H2,1H3	null	CC1CC2=CC(=C(C=C2C(=O)O1)O)O	1.5	130033062	COCONUT:(CNP0207219);Natural Products:(UNPD169277);PubChem:(130033062);SuperNatural:(SN00240948)	3178498
90	1	N/A	-199.8879527806608	C10H10O4	[M + H]+	JAEJSNFTJMYIEF	InChI=1S/C10H10O4/c11-9(12)8(10(13)14)6-7-4-2-1-3-5-7/h1-5,8H,6H2,(H,11,12)(H,13,14)	2-Benzylmalonate	C1=CC=C(C=C1)CC(C(=O)O)C(=O)O	1.5	12031;22059010	NORMAN:(NS00034761);HMDB:(142175);PubChem:(12031 22059010);ZINC bio:(ZINC06661085);PubChem class - bio and metabolites;MeSH:(12031);PubChem class - safety and toxic;PubMed	84156494
91	1	N/A	-201.05701241708658	C10H10O4	[M + H]+	OXMQYBQLAILBAF	InChI=1S/C10H10O4/c1-4-6-3-14-10(13)7(6)9(12)5(2)8(4)11/h11-12H,3H2,1-2H3	null	CC1=C2COC(=O)C2=C(C(=C1O)C)O	1.89999998	86136221	COCONUT:(CNP0288269);Natural Products:(UNPD89775);PubChem:(86136221);SuperNatural:(SN00397833);PubChem class - bio and metabolites;PubMed;Biocyc:(CPD-17317)	19957826
92	1	N/A	-202.79823983689215	C10H10O4	[M + H]+	XGIARGRDHVLYGD	InChI=1S/C10H10O4/c1-7(11)14-6-10(13)8-2-4-9(12)5-3-8/h2-5,12H,6H2,1H3	null	CC(=O)OCC(=O)C1=CC=C(C=C1)O	1.20000005	16099942;100982914	COCONUT:(CNP0233235);Natural Products:(UNPD3793);PubChem:(16099942 100982914);SuperNatural:(SN00292957);PubMed	3178562
93	1	N/A	-203.03030014212564	C10H10O4	[M + H]+	QBGSYEUMUSQXPP	InChI=1S/C10H10O4/c1-5-6(2)10(14)8(4-12)7(3-11)9(5)13/h3-4,13-14H,1-2H3	3,6-Dihydroxy-4,5-dimethylphthalaldehyde	CC1=C(C(=C(C(=C1O)C=O)C=O)O)C	2.0	3080819	MeSH:(3080819);PubChem:(3080819);PubMed	70
94	1	N/A	-203.95980017269025	C10H10O4	[M + H]+	LUFHLJPQDOKZKU	InChI=1S/C10H10O4/c1-14-9(11)6-7-2-4-8(5-3-7)10(12)13/h2-5H,6H2,1H3,(H,12,13)	4-(2-methoxy-2-oxoethyl)benzoic acid	COC(=O)CC1=CC=C(C=C1)C(=O)O	1.36546242	13816144	PubChem:(13816144);PubChem class - safety and toxic	67108866
95	1	N/A	-204.00247659465902	C10H10O4	[M + H]+	NTQFLFYOFQFWPM	InChI=1S/C10H10O4/c11-9(12)7-1-3-8(4-2-7)10-13-5-6-14-10/h1-4,10H,5-6H2,(H,11,12)	Benzoic acid, 4-(1,3-dioxolan-2-yl)-	C1COC(O1)C2=CC=C(C=C2)C(=O)O	0.899999976	18949257	PubChem:(18949257);PubChem class - safety and toxic	67108866
96	1	N/A	-204.26174629726233	C10H10O4	[M + H]+	OCNYGKNIVPVPPX	InChI=1S/C10H10O4/c1-14-10(13)5-3-7-2-4-8(11)9(12)6-7/h2-6,11-12H,1H3	Methyl caffeate	COC(=O)C=CC1=CC(=C(C=C1)O)O	1.3799032	92202;689075;13423757	SuperNatural:(SN00258435 SN00155736);ZINC bio:(ZINC00058222 ZINC13549916);additional;MeSH:(689075);PubMed;NORMAN:(NS00018370);COCONUT:(CNP0274791);KNApSAcK:(2759);Natural Products:(UNPD28358 UNPD212011 UNPD146263);PubChem:(92202 689075 13423757);YMDB Mine;CHEBI:(65331 6856);KEGG:(C10477);PubChem class - safety and toxic;Training Set	34430837110
97	1	N/A	-204.26504809493585	C10H10O4	[M + H]+	VVKZBPVFTSRVGZ	InChI=1S/C10H10O4/c1-14-8-4-2-7(3-5-8)6-9(11)10(12)13/h2-6,11H,1H3,(H,12,13)	2-Propenoic acid, 2-hydroxy-3-(4-methoxyphenyl)-	COC1=CC=C(C=C1)C=C(C(=O)O)O	1.70000005	10583948;11019723;21573077	HMDB:(131171);PubChem:(10583948 11019723 21573077);PubMed;KEGG Mine;PubChem class - bio and metabolites	8606711882
98	1	N/A	-205.1064309398155	C10H10O4	[M + H]+	PZSJOBKRSVRODF	InChI=1S/C10H10O4/c1-7(12)14-9-4-3-8(6-11)5-10(9)13-2/h3-6H,1-2H3	bmse010102	CC(=O)OC1=C(C=C(C=C1)C=O)OC	1.48153853	61229;118605972	HMDB:(29663);PubChem class - food;SuperNatural:(SN00155773);ZINC bio:(ZINC00166877);PubMed;NORMAN:(NS00022863);COCONUT:(CNP0303424);Natural Products:(UNPD59885);PubChem:(61229 118605972);CHEBI:(86956);PubChem class - bio and metabolites;PubChem class - safety and toxic;YMDB:(1804)	221618282
99	1	N/A	-207.65360922441457	C10H10O4	[M + H]+	FJZHISCDCWNQJR	InChI=1S/C10H10O4/c1-14-8-4-2-3-7(5-8)6-9(11)10(12)13/h2-6,11H,1H3,(H,12,13)	null	COC1=CC=CC(=C1)C=C(C(=O)O)O	1.35753012	10631653;69046825	HMDB:(141263);PubChem:(10631653 69046825);PubChem class - bio and metabolites	16777226
100	1	N/A	-208.96150514281948	C10H10O4	[M + H]+	ORFFGRQMMWVHIB	InChI=1S/C10H10O4/c1-12-7-4-3-6-5-14-10(11)8(6)9(7)13-2/h3-4H,5H2,1-2H3	Maconine	COC1=C(C2=C(COC2=O)C=C1)OC	1.29999995	68437;71749883	HMDB:(32652);SuperNatural:(SN00001217);ZINC bio:(ZINC00161294);additional;MeSH:(68437);PubMed;NORMAN:(NS00007888);COCONUT:(CNP0295959);KNApSAcK:(51520);Natural Products:(UNPD123952);PubChem:(68437 71749883);PubChem class - bio and metabolites;PubChem class - safety and toxic;Training Set	87875678
101	1	N/A	-209.09897739899418	C10H10O4	[M + H]+	MVRQPBMJXSNAHE	InChI=1S/C10H10O4/c1-5(11)7-3-8-6(2-9(7)12)4-14-10(8)13/h2-3,5,11-12H,4H2,1H3	null	CC(C1=C(C=C2COC(=O)C2=C1)O)O	1.10000002	101910505	PubChem:(101910505);COCONUT:(CNP0356811)	2097154
102	1	N/A	-209.22458619851432	C10H10O4	[M + H]+	JLBYWHRVEFWQPC	InChI=1S/C10H10O4/c1-13-9-4-7(5-11)3-8(6-12)10(9)14-2/h3-6H,1-2H3	null	COC1=CC(=CC(=C1OC)C=O)C=O	0.800000012	12435071	COCONUT:(CNP0255354);Natural Products:(UNPD66754);PubChem:(12435071);SuperNatural:(SN00240001);ZINC bio:(ZINC13481373)	3186690
103	1	N/A	-209.5588017554638	C10H10O4	[M + H]+	JELREGOQGBYVKW	InChI=1S/C10H10O4/c1-5-7(13-2)3-6-4-14-10(12)8(6)9(5)11/h3,11H,4H2,1-2H3	null	CC1=C(C=C2COC(=O)C2=C1O)OC	1.89999998	13963318	COCONUT:(CNP0286363);Natural Products:(UNPD106041);PubChem:(13963318);SuperNatural:(SN00342379);ZINC bio:(ZINC13334982)	3186690
104	1	N/A	-209.7703425600634	C10H10O4	[M + H]+	UIYJGLLTSVRSBM	InChI=1S/C10H10O4/c11-10(12)4-2-7-1-3-8-9(5-7)14-6-13-8/h1,3,5H,2,4,6H2,(H,11,12)	Oprea1_823033	C1OC2=C(O1)C=C(C=C2)CCC(=O)O	1.75566936	64810;6919346	NORMAN:(NS00028427);PubChem:(64810 6919346);PubChem class - bio and metabolites;PubChem class - safety and toxic;PubMed;KEGG Mine	8674082882
105	1	N/A	-212.2302647394862	C10H10O4	[M + H]+	KMXZEXUYXUMHEQ	InChI=1S/C10H10O4/c1-7(11)8-2-4-9(5-3-8)14-6-10(12)13/h2-5H,6H2,1H3,(H,12,13)	2-(4-acetylphenoxy)acetate	CC(=O)C1=CC=C(C=C1)OCC(=O)O	1.06196642	74655;6926525	NORMAN:(NS00026143);PubChem class - safety and toxic;PubChem:(74655 6926525);PubMed;ZINC bio:(ZINC00115002)	67379266
106	1	N/A	-212.50380560105776	C10H10O4	[M + H]+	SDGOMJUKDHSPPU	InChI=1S/C10H10O4/c1-10(13)5-6-3-2-4-7(11)8(6)9(12)14-10/h2-4,11,13H,5H2,1H3	3,8-dihydroxy-3-methyl-4H-isochromen-1-one	CC1(CC2=C(C(=CC=C2)O)C(=O)O1)O	1.70000005	93142;92203205;92203206	COCONUT:(CNP0290565);Natural Products:(UNPD17268);PubChem class - safety and toxic;PubChem:(93142 92203205 92203206);SuperNatural:(SN00344085)	70287362
107	1	N/A	-212.83364888386683	C10H10O4	[M + H]+	WIBUSMFVNUWHPI	InChI=1S/C10H10O4/c1-5-2-7-8(10(12)13)3-6(11)4-9(7)14-5/h3-5,11H,2H2,1H3,(H,12,13)	6-hydroxy-2-methyl-2,3-dihydro-1-benzofuran-4-carboxylic acid	CC1CC2=C(C=C(C=C2O1)O)C(=O)O	1.5	21329828;139587282	PubChem:(21329828 139587282);COCONUT:(CNP0355023)	2097154
108	1	N/A	-213.0206982089055	C10H10O4	[M + H]+	AHIQFGJYCGHEEQ	InChI=1S/C10H10O4/c1-2-14-10(13)9(12)7-5-3-4-6-8(7)11/h3-6,11H,2H2,1H3	null	CCOC(=O)C(=O)C1=CC=CC=C1O	1.50531185	10130332	COCONUT:(CNP0231949);Natural Products:(UNPD107337);PubChem:(10130332)	2129922
109	1	N/A	-214.14539078224	C10H10O4	[M + H]+	SEBRJTCSPHILIQ	InChI=1S/C10H10O4/c1-5-7(11)3-6-4-14-10(12)8(6)9(5)13-2/h3,11H,4H2,1-2H3	1(3H)-Isobenzofuranone, 5-hydroxy-7-methoxy-6-methyl-	CC1=C(C=C2COC(=O)C2=C1OC)O	1.29999995	11600840	COCONUT:(CNP0247981);Natural Products:(UNPD97923);PubChem:(11600840)	2129922
110	1	N/A	-215.23554284350155	C10H10O4	[M + H]+	ODHPXVGFARBBSK	InChI=1S/C10H10O4/c1-12-7-3-6-5-14-10(11)9(6)8(4-7)13-2/h3-4H,5H2,1-2H3	5,7-dimethoxy-3H-2-benzofuran-1-one	COC1=CC2=C(C(=C1)OC)C(=O)OC2	1.29999995	7314397	COCONUT:(CNP0150479);Natural Products:(UNPD31387);PubChem:(7314397);ZINC bio:(ZINC04666928);MeSH:(7314397);PubMed	2138182
111	1	N/A	-215.42523189187017	C10H10O4	[M + H]+	AYMQCLGUHSIDFY	InChI=1S/C10H10O4/c1-13-10(12)7-14-9-4-2-3-8(5-9)6-11/h2-6H,7H2,1H3	Methyl (3-formylphenoxy)acetate	COC(=O)COC1=CC=CC(=C1)C=O	1.38228202	1494380	PubChem:(1494380);PubChem class - safety and toxic	67108866
112	1	N/A	-215.57770583170614	C10H10O4	[M + H]+	NUAKROUEBAHTAU	InChI=1S/C10H10O4/c1-5-8(13-2)3-6-7(9(5)11)4-14-10(6)12/h3,11H,4H2,1-2H3	null	CC1=C(C=C2C(=C1O)COC2=O)OC	1.29999995	85993205	COCONUT:(CNP0222626);Natural Products:(UNPD107486);PubChem:(85993205);SuperNatural:(SN00361102)	3178498
113	1	N/A	-215.86731728643292	C10H10O4	[M + H]+	UKFAWRZYFYOXEG	InChI=1S/C10H10O4/c1-12-8-3-6-5-14-10(11)7(6)4-9(8)13-2/h3-4H,5H2,1-2H3	Macconine	COC1=C(C=C2C(=C1)COC2=O)OC	1.29999995	230460	COCONUT:(CNP0193379);Natural Products:(UNPD159539);PubChem:(230460);SuperNatural:(SN00001363);CHEBI:(113547);ZINC bio:(ZINC00384402);additional;PubChem class - safety and toxic;Training Set;PubMed	70836322
114	1	N/A	-217.05511558316562	C10H10O4	[M + H]+	COBAEYCUCRUGRP	InChI=1S/C10H10O4/c1-5-9(12)10(13)8-6(11)3-2-4-7(8)14-5/h2-5,9,11-12H,1H3	(-)-Gynuraone	CC1C(C(=O)C2=C(C=CC=C2O1)O)O	1.5	54582272;76152820	COCONUT:(CNP0192570);Natural Products:(UNPD161483);PubChem:(54582272 76152820);SuperNatural:(SN00402826);CHEBI:(68289);PubMed	3178594
115	1	N/A	-219.24666929437095	C10H10O4	[M + H]+	AIJQFRIMFUSUEZ	InChI=1S/C10H10O4/c1-5-10-6(3-9(13)14-5)2-7(11)4-8(10)12/h2,4-5,11-12H,3H2,1H3	6,8-dihydroxy-1-methyl-1,4-dihydroisochromen-3-one	CC1C2=C(CC(=O)O1)C=C(C=C2O)O	1.0	15470977	COCONUT:(CNP0186999);Natural Products:(UNPD117637);PubChem:(15470977);SuperNatural:(SN00291831)	3178498
116	1	N/A	-221.09048656712872	C10H10O4	[M + H]+	UNBPACVPFRFNDG	InChI=1S/C10H10O4/c1-5-8(11)3-6-7(9(5)13-2)4-14-10(6)12/h3,11H,4H2,1-2H3	null	CC1=C(C=C2C(=C1OC)COC2=O)O	1.29999995	10921396	COCONUT:(CNP0349135);KNApSAcK:(45405);Natural Products:(UNPD174728);PubChem:(10921396);SuperNatural:(SN00331479)	3178514
117	1	N/A	-221.31530639648105	C10H10O4	[M + H]+	FBLNSQMYGLIFII	InChI=1S/C10H10O4/c1-14-8-4-2-7(3-5-8)9(11)6-10(12)13/h2-5H,6H2,1H3,(H,12,13)	3-(4-methoxyphenyl)-3-oxopropanoate	COC1=CC=C(C=C1)C(=O)CC(=O)O	1.29999995	12604606;22020201	COCONUT:(CNP0335874);Natural Products:(UNPD80757);PubChem:(12604606 22020201);SuperNatural:(SN00285577);ZINC bio:(ZINC14504240)	3186690
118	1	N/A	-221.9935458805255	C10H10O4	[M + H]+	SINHIGWJWUDRFQ	InChI=1S/C10H10O4/c1-13-7-4-6-2-3-14-9(6)8(5-7)10(11)12/h4-5H,2-3H2,1H3,(H,11,12)	null	COC1=CC2=C(C(=C1)C(=O)O)OCC2	1.39999998	84014577	PubChem:(84014577);PubChem class - safety and toxic	67108866
119	1	N/A	-224.96859094553466	C10H10O4	[M + H]+	BVRNERFWPQRVJB	InChI=1S/C10H10O4/c11-10(12)6-7-1-2-8-9(5-7)14-4-3-13-8/h1-2,5H,3-4,6H2,(H,11,12)	Oprea1_471639	C1COC2=C(O1)C=CC(=C2)CC(=O)O	1.15429306	87020;7048441	NORMAN:(NS00025657);PubChem class - safety and toxic;PubChem:(87020 7048441);PubMed	67371074
120	1	N/A	-226.9221014719865	C10H10O4	[M + H]+	DZSXZYDBNQVSMU	InChI=1S/C10H10O4/c1-2-14-10(13)9(12)7-3-5-8(11)6-4-7/h3-6,11H,2H2,1H3	ethyl 2-(4-hydroxyphenyl)-2-oxoacetate	CCOC(=O)C(=O)C1=CC=C(C=C1)O	1.70000005	11715332	COCONUT:(CNP0219617);Natural Products:(UNPD20363);PubChem:(11715332);SuperNatural:(SN00402272);ZINC bio:(ZINC14504214)	3186690
121	1	N/A	-229.3951632106743	C10H10O4	[M + H]+	BQWDCZPSFPXRCB	InChI=1S/C10H10O4/c11-5-9-7(13-9)3-1-2-4-8-10(6-12)14-8/h7-12H,5-6H2	Repandiol	C(C1C(O1)C#CC#CC2C(O2)CO)O	-1.20000005	127295;9990203;11127133;55250332	COCONUT:(CNP0156139);HMDB:(39606);Natural Products:(UNPD73748 UNPD133191);PubChem:(127295 9990203 11127133 55250332);PubChem class - bio and metabolites;MeSH:(127295);PubMed	18907214
122	1	N/A	-230.22912605017441	C10H10O4	[M + H]+	PFWYHTORQZAGCA	InChI=1S/C10H10O4/c1-7(11)12-5-8-2-3-9-10(4-8)14-6-13-9/h2-4H,5-6H2,1H3	Heliotropin acetate	CC(=O)OCC1=CC2=C(C=C1)OCO2	1.55422378	9473	NORMAN:(NS00013157);COCONUT:(CNP0415728);HMDB:(32614);PubChem class - food;PubChem:(9473);ZINC bio:(ZINC00389599);PubChem class - bio and metabolites;MeSH:(9473);PubChem class - safety and toxic;PubMed	220471374
123	1	N/A	-230.5216509301776	C10H10O4	[M + H]+	FJPMLTZXTKBVKX	InChI=1S/C10H10O4/c1-12-6-3-7-8(5-14-10(7)11)9(4-6)13-2/h3-4H,5H2,1-2H3	Phthalide, 4,6-dimethoxy-	COC1=CC2=C(COC2=O)C(=C1)OC	1.29999995	596895	COCONUT:(CNP0071042);PubChem:(596895);PubMed	2097218
124	1	N/A	-231.1000447714447	C10H10O4	[M + H]+	MQSSBVLREFSMDP	InChI=1S/C10H10O4/c11-10(12)7-2-3-8-9(6-7)14-5-1-4-13-8/h2-3,6H,1,4-5H2,(H,11,12)	Oprea1_108575	C1COC2=C(C=C(C=C2)C(=O)O)OC1	1.44186819	2776383;7128690	PubChem class - safety and toxic;PubChem:(2776383 7128690);PubMed	67108930
125	1	N/A	-231.7610749076923	C10H10O4	[M + H]+	VZOFEVHSVUBEPH	InChI=1S/C10H10O4/c1-14-10(13)6-9(12)7-2-4-8(11)5-3-7/h2-5,11H,6H2,1H3	Methyl (4-Hydroxybenzoyl)acetate	COC(=O)CC(=O)C1=CC=C(C=C1)O	1.29999995	508465	COCONUT:(CNP0317330);Natural Products:(UNPD108132);PubChem:(508465);SuperNatural:(SN00326017);ZINC bio:(ZINC02556860)	3186690
126	1	N/A	-235.48121547913735	C10H10O4	[M + H]+	GUCDQYRLEPKXBP	InChI=1S/C10H10O4/c11-5-3-1-2-4-6(5)8(13)10-9(14-10)7(4)12/h1-3,7-13H	null	C1=CC2=C(C(C3C(C2O)O3)O)C(=C1)O	-0.600000024	130036098;130985823	COCONUT:(CNP0323668);Natural Products:(UNPD198717);PubChem:(130036098 130985823)	2129922
127	1	N/A	-235.53156496314176	C10H10O4	[M + H]+	VBFCHMCVAZSGHA	InChI=1S/C10H10O4/c11-5-9(13)7-2-1-3-8(4-7)10(14)6-12/h1-4,11-12H,5-6H2	2-hydroxy-1-[3-(2-hydroxyacetyl)phenyl]ethanone	C1=CC(=CC(=C1)C(=O)CO)C(=O)CO	0.440508097	2749749	COCONUT:(CNP0034035);PubChem:(2749749);SuperNatural:(SN00123752);ZINC bio:(ZINC03845172)	3153922
128	1	N/A	-235.63972493907897	C10H10O4	[M + H]+	CYXPOLJZVSSCOT	InChI=1S/C10H10O4/c1-6-8(4-11)7-2-3-13-10(12)9(7)5-14-6/h4-6H,2-3H2,1H3	3-methyl-8-oxo-5,6-dihydro-3H-pyrano[3,4-c]pyran-4-carbaldehyde	CC1C(=C2CCOC(=O)C2=CO1)C=O	-0.100000001	159036	COCONUT:(CNP0242079);Natural Products:(UNPD23066);PubChem:(159036);SuperNatural:(SN00248655)	3178498
129	1	N/A	-236.01785112049197	C10H10O4	[M + H]+	GJFXLXKAXXAFPU	InChI=1S/C10H10O4/c11-6-9(13)2-1-7-5-8(12)3-4-10(7)14/h3-5,9,11-14H,6H2	null	C1=CC(=C(C=C1O)C#CC(CO)O)O	0.100000001	101798877	COCONUT:(CNP0131459);MeSH:(101798877);Natural Products:(UNPD204582);PubChem:(101798877);PubMed	2129990
130	1	N/A	-236.04372135686793	C10H10O4	[M + H]+	NCVGIWMSTWRQMB	InChI=1S/C10H10O4/c11-8-6-4-2-1-3-5-7-9(12)10(13)14/h3,5,9,11-12H,7-8H2,(H,13,14)	null	C(C=CC#CC#CCO)C(C(=O)O)O	0.0	101413527	COCONUT:(CNP0420404);Natural Products:(UNPD69169);PubChem:(101413527)	2129922
131	1	N/A	-236.54386896201873	C10H10O4	[M + H]+	ZRBWAQRGMGTVQC	InChI=1S/C10H10O4/c11-6-5-9(12)7-3-1-2-4-8(7)10(13)14/h1-4,11H,5-6H2,(H,13,14)	null	C1=CC=C(C(=C1)C(=O)CCO)C(=O)O	0.790922582	89041293	PubChem:(89041293);COCONUT:(CNP0344936)	2097154
132	1	N/A	-237.77548131531273	C10H10O4	[M + H]+	QRICSZPYENRNSS	InChI=1S/C10H10O4/c1-14-8-4-2-3-7(5-8)6-9(11)10(12)13/h2-5H,6H2,1H3,(H,12,13)	3-(3-methoxyphenyl)-2-oxopropanoic acid	COC1=CC=CC(=C1)CC(=O)C(=O)O	1.23591053	290091	HMDB:(141265);PubChem class - safety and toxic;PubChem:(290091);PubChem class - bio and metabolites	83886090
133	1	N/A	-238.14228996983968	C10H10O4	[M + H]+	OBCUSTCTKLTMBX	InChI=1S/C10H10O4/c1-7(11)14-9(10(12)13)8-5-3-2-4-6-8/h2-6,9H,1H3,(H,12,13)	Maybridge1_006465	CC(=O)OC(C1=CC=CC=C1)C(=O)O	1.39999998	225215;2733814;6923378;6923379;6923380;19600743	NORMAN:(NS00001301);COCONUT:(CNP0236433);Natural Products:(UNPD67606);PubChem:(225215 2733814 6923378 6923379 6923380 19600743);SuperNatural:(SN00273067);ZINC bio:(ZINC00081252 ZINC00081255);PubChem class - safety and toxic;Training Set;PubMed	70574146
134	1	N/A	-238.98634926431058	C10H10O4	[M + H]+	AGGBRPQDAQOWIM	InChI=1S/C10H10O4/c1-13-8-2-4-9(5-3-8)14-7-6-10(11)12/h2-7H,1H3,(H,11,12)	null	COC1=CC=C(C=C1)OC=CC(=O)O	1.5	14037970	COCONUT:(CNP0125475);Natural Products:(UNPD157960);PubChem:(14037970);SuperNatural:(SN00248249);ZINC bio:(ZINC14589730)	3186690
135	1	N/A	-240.75170164474773	C10H10O4	[M + H]+	IBNFFIKIHHCABM	InChI=1S/C10H10O4/c1-7(11)9(12)6-5-8-3-2-4-10(13)14-8/h2-7,11H,1H3	null	CC(C(=O)C=CC1=CC=CC(=O)O1)O	0.600000024	130127362;134163447	COCONUT:(CNP0262897);Natural Products:(UNPD170297);PubChem:(130127362 134163447);SuperNatural:(SN00249363)	3178498
136	1	N/A	-245.5136780388755	C10H10O4	[M + H]+	ZWGNATRKDFUMPV	InChI=1S/C10H10O4/c1-5-3-7(11)9-8(13-5)4-6(2)14-10(9)12/h4-5H,3H2,1-2H3	2,7-dimethyl-2,3-dihydropyrano[3,2-c]pyran-4,5-dione	CC1CC(=O)C2=C(O1)C=C(OC2=O)C	1.0	99062	PubChem:(99062);PubChem class - safety and toxic	67108866
137	1	N/A	-246.31952227495896	C10H10O4	[M + H]+	CFLAHQSWDKNWPW	InChI=1S/C10H10O4/c11-9(12)6-10(13)14-7-8-4-2-1-3-5-8/h1-5H,6-7H2,(H,11,12)	ACMC-20akdr	C1=CC=C(C=C1)COC(=O)CC(=O)O	1.31312442	181659;22247814	HMDB:(59721);PubChem:(181659 22247814);CHEBI:(84093);ZINC bio:(ZINC00403125);PubChem class - safety and toxic;PubMed	67117162
138	1	N/A	-247.34132066772835	C10H10O4	[M + H]+	YWQUGOPHOBRANF	InChI=1S/C10H10O4/c1-2-6-7-3-4-13-10(12)8(7)5-14-9(6)11/h2-3,5-6,9,11H,1,4H2	null	C=CC1C(OC=C2C1=CCOC2=O)O	0.692721665	""	COCONUT:(CNP0189244);KEGG Mine	8592031744
139	1	N/A	-247.98160849119697	C10H10O4	[M + H]+	BCUDLMOGCPZQHY	InChI=1S/C10H10O4/c1-6(11)10(13)7-3-4-8(12)9(5-7)14-2/h3-5,12H,1-2H3	1,2-Propanedione, 1-(4-hydroxy-3-methoxyphenyl)-	CC(=O)C(=O)C1=CC(=C(C=C1)O)OC	0.996735215	14123044	COCONUT:(CNP0236000);Natural Products:(UNPD176525);PubChem:(14123044)	2129922
140	1	N/A	-249.48824571503184	C10H10O4	[M + H]+	AOPNPZIOVIPWMF	InChI=1S/C10H10O4/c1-14-8-4-2-7(3-5-8)6-9(11)10(12)13/h2-5H,6H2,1H3,(H,12,13)	3-(4-methoxyphenyl)-2-oxopropanoate	COC1=CC=C(C=C1)CC(=O)C(=O)O	1.23591053	578473;1987861	COCONUT:(CNP0018016 CNP0183040);HMDB:(127500);PubChem:(578473 1987861);SuperNatural:(SN00120617);YMDB Mine;ZINC bio:(ZINC02379980);PubChem class - bio and metabolites;EcoCyc Mine;PubMed;KEGG Mine	60149473354
141	1	N/A	-250.08915086411338	C10H10O4	[M + H]+	XEHFSYYAGCUKEN	InChI=1S/C10H10O4/c1-13-9-4-6-2-3-10(12)14-8(6)5-7(9)11/h4-5,11H,2-3H2,1H3	ACMC-20ltka	COC1=C(C=C2C(=C1)CCC(=O)O2)O	1.29999995	21673805	COCONUT:(CNP0423453);Natural Products:(UNPD147715);PubChem:(21673805);KEGG Mine	8592064514
142	1	N/A	-250.46721850629913	C10H10O4	[M + H]+	RQSKEMWBCJHQMX	InChI=1S/C10H10O4/c1-13-9-5-8-6(4-7(9)11)2-3-10(12)14-8/h4-5,11H,2-3H2,1H3	null	COC1=C(C=C2CCC(=O)OC2=C1)O	1.29999995	101413526	COCONUT:(CNP0218092);Natural Products:(UNPD164117);PubChem:(101413526);SuperNatural:(SN00240028);KEGG Mine	8593113090
143	1	N/A	-254.05156928734917	C10H10O4	[M + H]+	COFAOIWBTJSSPD	InChI=1S/C10H10O4/c11-8(6-9(12)10(13)14)7-4-2-1-3-5-7/h1-5,9,12H,6H2,(H,13,14)	3-Benzoyl-2-hydroxypropionic acid	C1=CC=C(C=C1)C(=O)CC(C(=O)O)O	0.754075289	516699;9942381;10965384;25793510;71749224	NORMAN:(NS00056900);PubChem:(516699 9942381 10965384 25793510 71749224);PubMed;PubChem class - bio and metabolites	17039426
144	1	N/A	-254.31638166932993	C10H10O4	[M + H]+	VAVWPUISYXXUCV	InChI=1S/C10H10O4/c11-7-3-1-6(2-4-7)9-12-5-8-10(13-8)14-9/h1-4,8-11H,5H2	null	C1C2C(O2)OC(O1)C3=CC=C(C=C3)O	0.800000012	129834614	COCONUT:(CNP0354227);PubChem:(129834614);CHEBI:(141302)	2097186
145	1	N/A	-261.4799874402198	C10H10O4	[M + H]+	RTWVXIIKUFSDJB	InChI=1S/C10H10O4/c11-6-1-5-2-7(12)4-9(14)10(5)8(13)3-6/h1,3,7,11-13H,2,4H2	Scytalone	C1C(CC(=O)C2=C1C=C(C=C2O)O)O	0.899999976	162567;439309;3477029	COCONUT:(CNP0385108);Natural Products:(UNPD166069 UNPD22106);PubChem:(162567 439309 3477029);SuperNatural:(SN00338348 SN00332911);CHEBI:(16945);ZINC bio:(ZINC04082015 ZINC05510929);additional;MeSH:(162567 439309 3477029);KEGG:(C00779);PubMed;Biocyc:(CPD-56)	3713382
146	1	N/A	-261.7301344091594	C10H10O4	[M + H]+	MLPLZAMGYMIKDU	InChI=1S/C10H10O4/c1-6(11)7-3-8(12-2)10-9(4-7)13-5-14-10/h3-4H,5H2,1-2H3	5-Methoxy-3,4-methylenedioxyacetophenone	CC(=O)C1=CC2=C(C(=C1)OC)OCO2	1.39999998	48373	PubChem:(48373);PubChem class - safety and toxic	67108866
147	1	N/A	-262.6162455096307	C10H10O4	[M + H]+	CUHUYVNPCQYRLG	InChI=1S/C10H10O4/c1-13-7-4-2-6(3-5-7)8-9(14-8)10(11)12/h2-5,8-9H,1H3,(H,11,12)	ACMC-20lsqw	COC1=CC=C(C=C1)C2C(O2)C(=O)O	1.0	1757762;1757763;3705990;3478434;7087724;7087725;7649507;6351468;6569476;6569477;13423800	COCONUT:(CNP0378909);HMDB:(131173);PubChem:(1757762 1757763 3705990 3478434 7087724 7087725 7649507 6351468 6569476 6569477 13423800);SuperNatural:(SN00071109);ZINC bio:(ZINC04063198);PubChem class - bio and metabolites;PubMed	19931210
148	1	N/A	-264.93364775764496	C10H10O4	[M + H]+	HEMYXNDMAAOTCK	InChI=1S/C10H10O4/c1-12-10(11)5-7-2-3-8-9(4-7)14-6-13-8/h2-4H,5-6H2,1H3	Methyl homopiperonylate	COC(=O)CC1=CC2=C(C=C1)OCO2	1.71618509	266588;57536804	PubChem class - safety and toxic;PubChem:(266588 57536804);ZINC bio:(ZINC01686242)	67117058
149	1	N/A	-265.03043986352554	C10H10O4	[M + H]+	RDTZWOOKIBKFCJ	InChI=1S/C10H10O4/c1-5-8(10(12)13)9-6(11)3-2-4-7(9)14-5/h2-4H2,1H3,(H,12,13)	2-methyl-4-oxo-4,5,6,7-tetrahydrobenzofuran-3-carboxylic acid	CC1=C(C2=C(O1)CCCC2=O)C(=O)O	1.0	28607143	COCONUT:(CNP0045366 CNP0344440);PubChem:(28607143);SuperNatural:(SN00094466);ZINC bio:(ZINC20082938)	3153922
150	1	N/A	-266.7979007201132	C10H10O4	[M + H]+	RAWBOGKVAAFNEW	InChI=1S/C10H10O4/c1-6-10-8(14-10)4-2-7(11)3-5-9(12)13-6/h2-6,8,10H,1H3	pyrenolide A	CC1C2C(O2)C=CC(=O)C=CC(=O)O1	0.400000006	6440482;20839481;44576041;139586081	COCONUT:(CNP0238809);Natural Products:(UNPD172977);PubChem:(6440482 20839481 44576041 139586081)	2129922
151	1	N/A	-268.4142739729538	C10H10O4	[M + H]+	DBVDPKVOHHNTRU	InChI=1S/C10H10O4/c1-5-2-7(12)10-8(13)3-6(11)4-9(10)14-5/h3-5,11,13H,2H2,1H3	4H-1-Benzopyran-4-one, 2,3-dihydro-5,7-dihydroxy-2-methyl-	CC1CC(=O)C2=C(C=C(C=C2O1)O)O	1.60000002	14033631;11805589;57855346	COCONUT:(CNP0112211);Natural Products:(UNPD30137);PubChem:(14033631 11805589 57855346);SuperNatural:(SN00281999);ZINC bio:(ZINC13459757 ZINC13459759);KEGG Mine	8593121282
152	1	N/A	-270.56939372440365	C10H10O4	[M + H]+	DDRPUCDBTNWIFK	InChI=1S/C10H10O4/c1-13-8-5-3-7(4-6-8)9(11)10(12)14-2/h3-6H,1-2H3	methyl 2-(4-methoxyphenyl)-2-oxoacetate	COC1=CC=C(C=C1)C(=O)C(=O)OC	1.60000002	3660944;101831353	COCONUT:(CNP0321266);KNApSAcK:(46137);Natural Products:(UNPD170494);PubChem:(3660944 101831353);ZINC bio:(ZINC02145127);PubMed	2138194
153	1	N/A	-272.72862878188033	C10H10O4	[M + H]+	VKRLFWZYZOPSHP	InChI=1S/C10H10O4/c1-2-8-9(14-6-13-8)5-7(1)10-11-3-4-12-10/h1-2,5,10H,3-4,6H2	5-(1,3-Dioxolan-2-yl)-1,3-benzodioxole	C1COC(O1)C2=CC3=C(C=C2)OCO3	1.38454401	78122	PubChem:(78122);NORMAN:(NS00031387)	262146
154	1	N/A	-273.8194238601029	C10H10O4	[M + H]+	VIORJHPCHINTKE	InChI=1S/C10H10O4/c11-5-1-2-6(12)10-8(14)4-3-7(13)9(5)10/h1-2,7,11-13H,3-4H2	null	C1CC(=O)C2=C(C=CC(=C2C1O)O)O	0.800000012	10921397;46239261;53495986	COCONUT:(CNP0222888);Natural Products:(UNPD12938);PubChem:(10921397 46239261 53495986);SuperNatural:(SN00257825);PubMed;KEGG Mine	8593113154
155	1	N/A	-275.84968976573987	C10H10O4	[M + H]+	MZNDBUPBPVNTQD	InChI=1S/C10H10O4/c11-4-8-2-6-1-7(12)3-10(13)9(6)5-14-8/h1-3,11-13H,4-5H2	null	C1C2=C(C=C(C=C2O)O)C=C(O1)CO	0.753710926	""	COCONUT:(CNP0090912);SuperNatural:(SN00029080)	3145728
156	1	N/A	-278.19163440452695	C10H10O4	[M + H]+	KBBSSMZKVMEGDK	InChI=1S/C10H10O4/c1-10(6-9(11)12)13-7-4-2-3-5-8(7)14-10/h2-5H,6H2,1H3,(H,11,12)	2-Methyl-1,3-benzodioxole-2-acetic acid	CC1(OC2=CC=CC=C2O1)CC(=O)O	1.5	20507	PubChem:(20507);PubChem class - safety and toxic	67108866
157	1	N/A	-281.0207674186654	C10H10O4	[M + H]+	SLLMHZXMVHNZOR	InChI=1S/C10H10O4/c1-2-7(11)6-3-9-10(4-8(6)12)14-5-13-9/h3-4,12H,2,5H2,1H3	Kakoul	CCC(=O)C1=CC2=C(C=C1O)OCO2	2.0999999	596894	COCONUT:(CNP0242540);KNApSAcK:(51119);Natural Products:(UNPD50891);PubChem:(596894);SuperNatural:(SN00159263);CHEBI:(80841);MeSH:(596894);KEGG:(C16982);PubMed	3178870
158	1	N/A	-282.3308835638655	C10H10O4	[M + H]+	MMRYEEUZQALQGT	InChI=1S/C10H10O4/c1-2-7(11)6-3-8(12)10-9(4-6)13-5-14-10/h3-4,12H,2,5H2,1H3	1-Propanone, 1-(7-hydroxy-1,3-benzodioxol-5-yl)-	CCC(=O)C1=CC(=C2C(=C1)OCO2)O	1.5	23261099	COCONUT:(CNP0287400);Natural Products:(UNPD165753);PubChem:(23261099);SuperNatural:(SN00396324)	3178498
159	1	N/A	-282.3852497535971	C10H10O4	[M + H]+	YIIXGDYMMKWBPB	InChI=1S/C10H10O4/c11-5-3-6-7(12)1-2-8(13)10(6)9(14)4-5/h3-4,7,11-12,14H,1-2H2	6-hydroxy-isosclerone	C1CC(=O)C2=C(C1O)C=C(C=C2O)O	0.800000012	44585560;75052576;129834663	COCONUT:(CNP0285884);Natural Products:(UNPD155175 UNPD2582);PubChem:(44585560 75052576 129834663);SuperNatural:(SN00336212 SN00341776);PubMed	3178562
160	1	N/A	-285.99357041107595	C10H10O4	[M + H]+	YCQNBUUXBNUQHS	InChI=1S/C10H10O4/c11-9(12)7-1-3-8(4-2-7)10(13)5-14-6-10/h1-4,13H,5-6H2,(H,11,12)	null	C1C(CO1)(C2=CC=C(C=C2)C(=O)O)O	0.0	68291681	PubChem:(68291681);PubChem class - safety and toxic	67108866
161	1	N/A	-286.26303664676846	C10H10O4	[M + H]+	XIWBCMGFBNMOMY	InChI=1S/C10H10O4/c1-10(8(11)12,9(13)14)7-5-3-2-4-6-7/h2-6H,1H3,(H,11,12)(H,13,14)	2-methyl-2-phenylmalonic acid	CC(C1=CC=CC=C1)(C(=O)O)C(=O)O	1.28309679	13725039	PubChem:(13725039);PubMed;CHEBI:(49099);ZINC bio:(ZINC13527796)	8290
162	1	N/A	-304.1903280121411	C10H10O4	[M + H]+	IWQBULDDQSARRE	InChI=1S/C10H10O4/c11-6-3-1-2-5-9(6)7(12)4-8(13)10(5)14/h1-3,7-8,11-13H,4H2	2,4,5-Trihydroxy-1-tetralone	C1C(C2=C(C=CC=C2O)C(=O)C1O)O	0.0	130653;20977480;23258848;76971677;92449503	COCONUT:(CNP0332272);Natural Products:(UNPD97515);PubChem:(130653 20977480 23258848 76971677 92449503);SuperNatural:(SN00399772);MeSH:(130653 20977480 76971677);PubMed	3178566
163	1	N/A	-304.7040879944746	C10H10O4	[M + H]+	QOVAQJFUUCNXQE	InChI=1S/C10H10O4/c11-6-3-1-2-5-7(12)4-8(13)10(14)9(5)6/h1-3,8,10-11,13-14H,4H2	(3R,4R)-3,4,5-trihydroxy-3,4-dihydro-2H-naphthalen-1-one	C1C(C(C2=C(C1=O)C=CC=C2O)O)O	-0.400000006	21637658;23789042;73818281;102057017;130825453	COCONUT:(CNP0343178);Natural Products:(UNPD216258 UNPD32087 UNPD80566);PubChem:(21637658 23789042 73818281 102057017 130825453);SuperNatural:(SN00258212 SN00344639);PubMed	3178562
164	1	N/A	-305.7005911804287	C10H10O4	[M + H]+	PLMBFVOFAXJSSW	InChI=1S/C10H10O4/c11-9(12)5-6-1-2-8-7(10(6)13)3-4-14-8/h3-4,6H,1-2,5H2,(H,11,12)	2-(4-oxo-6,7-dihydro-5H-1-benzofuran-5-yl)acetic acid	C1CC2=C(C=CO2)C(=O)C1CC(=O)O	0.699999988	11830302;93234272;93234273	PubChem:(11830302 93234272 93234273);PubChem class - safety and toxic	67108866
165	1	N/A	-311.77423413102207	C10H10O4	[M + H]+	WAMLPDYUAZSUNU	InChI=1S/C10H10O4/c1-5(11)2-3-6-4-7(12)9-10(14-9)8(6)13/h4,7-10,12-13H,1H3	null	CC(=O)C#CC1=CC(C2C(C1O)O2)O	-1.29999995	132969607	PubChem:(132969607);COCONUT:(CNP0298815)	2097154
166	1	N/A	-314.1155252073611	C10H10O4	[M + H]+	HPIFRXWPEZBFHJ	InChI=1S/C10H10O4/c11-6-3-1-2-5-9(6)7(12)4-8(13)10(5)14/h1-3,8,10-11,13-14H,4H2	(3S,4S)-3,4,8-trihydroxytetralin-1-one	C1C(C(C2=C(C1=O)C(=CC=C2)O)O)O	0.100000001	14138743;14138744;21769465;42612830;101997917;102424649	COCONUT:(CNP0204009);Natural Products:(UNPD57216 UNPD176875 UNPD41226);PubChem:(14138743 14138744 21769465 42612830 101997917 102424649);SuperNatural:(SN00272292 SN00274521 SN00143346);PubMed;KEGG Mine	8593113154
167	1	N/A	-317.37797102062285	C10H10O4	[M + H]+	UMHYKDRIZFCRLF	InChI=1S/C10H10O4/c1-13-8-2-3-9-7(6-8)4-5-10(11,12)14-9/h2-6,11-12H,1H3	null	COC1=CC2=C(C=C1)OC(C=C2)(O)O	0.899999976	101681784	COCONUT:(CNP0183772);Natural Products:(UNPD15312);PubChem:(101681784);SuperNatural:(SN00365403)	3178498
168	1	N/A	-317.63064076750607	C10H10O4	[M + H]+	HVMSPHGUKBLNCL	InChI=1S/C10H10O4/c1-14-9(12)4-7-10(13)5-2-8(11)3-6-10/h2-7,13H,1H3	methyl 3-(1-hydroxy-4-oxo-1-cyclohexa-2,5-dienyl)prop-2-enoate	COC(=O)C=CC1(C=CC(=O)C=C1)O	0.100000001	396467;5470526	COCONUT:(CNP0256692);PubChem:(396467 5470526);SuperNatural:(SN00013825);ZINC bio:(ZINC06003943)	3153922
169	1	N/A	-318.4765834075106	C10H10O4	[M + H]+	FHAMKLIXDLEUPK	InChI=1S/C10H10O4/c11-6-3-1-2-5-7(12)4-8(13)10(14)9(5)6/h1-3,7-8,11-13H,4H2	2,4,8-Trihydroxy-1-tetralone	C1C(C2=C(C(=CC=C2)O)C(=O)C1O)O	0.600000024	130654;442545;11275563;23258849;119026151	COCONUT:(CNP0404506);KNApSAcK:(3020);Natural Products:(UNPD141776);PubChem:(130654 442545 11275563 23258849 119026151);SuperNatural:(SN00317716);CHEBI:(901);MeSH:(130654 442545);KEGG:(C09974);PubMed	3178870
170	1	N/A	-321.24903239898845	C10H10O4	[M + H]+	TYQPFQRKZPTHKH	InChI=1S/C10H10O4/c11-5-1-2-6(12)9(5)10-7(13)3-4-8(10)14/h11,13H,1-4H2	null	C1CC(=O)C(=C1O)C2=C(CCC2=O)O	0.389150023	""	COCONUT:(CNP0295283);Natural Products:(UNPD165300)	2129920
171	1	N/A	-325.70076374736936	C10H10O4	[M + H]+	DCRGULRFFRBGTR	InChI=1S/C10H10O4/c1-5-3-4-6(11)8-7(5)9(12)10(2,13)14-8/h3-4,11,13H,1-2H3	Enalin A	CC1=C2C(=C(C=C1)O)OC(C2=O)(C)O	1.10000002	636514;12084864	COCONUT:(CNP0256936);KNApSAcK:(34497);Natural Products:(UNPD135090);PubChem:(636514 12084864);SuperNatural:(SN00266317);MeSH:(12084864);PubMed	3178582
172	1	N/A	-333.32072936422304	C10H10O4	[M + H]+	PKYBFGVAQQQADR	InChI=1S/C10H10O4/c1-10(13)9(12)6-3-2-4-8(11)7(6)5-14-10/h2-4,11,13H,5H2,1H3	null	CC1(C(=O)C2=C(CO1)C(=CC=C2)O)O	0.400000006	101883286;139583289	PubChem:(101883286 139583289);COCONUT:(CNP0222672)	2097154
173	1	N/A	-356.0928295647441	C10H10O4	[M + H]+	XEBVLIGPNNLVIR	InChI=1S/C10H10O4/c1-6(11)7-5-9(12)14-10(7)8-3-2-4-13-8/h2-4,7,10H,5H2,1H3	4-acetyl-5-(furan-2-yl)oxolan-2-one	CC(=O)C1CC(=O)OC1C2=CC=CO2	0.100000001	3021205;21789891;71428894	PubChem:(3021205 21789891 71428894);PubChem class - safety and toxic	67108866
174	1	N/A	-378.9353978195026	C10H10O4	[M + H]+	ZNVGYHOBTCWGTO	InChI=1S/C10H10O4/c1-5-3-6(11)4-7-8(5)9(12)10(2,13)14-7/h3-4,11,13H,1-2H3	null	CC1=CC(=CC2=C1C(=O)C(O2)(C)O)O	1.10000002	130034884	COCONUT:(CNP0291580);Natural Products:(UNPD127091);PubChem:(130034884);SuperNatural:(SN00382052)	3178498
175	1	N/A	-391.00116028282963	C10H10O4	[M + H]+	CZNAGSOSJIGERX	InChI=1S/C10H10O4/c1-13-8-6-7(11)2-4-10(8)5-3-9(12)14-10/h2,4,6H,3,5H2,1H3	10-methoxy-4-oxaspiro[4.5]deca-6,9-diene-3,8-dione	COC1=CC(=O)C=CC12CCC(=O)O2	0.100000001	2755076;7173665;7173666	COCONUT:(CNP0026232);PubChem:(2755076 7173665 7173666);SuperNatural:(SN00130678 SN00130679);ZINC bio:(ZINC04293456 ZINC04293457)	3153922
176	1	N/A	-424.0608238116701	C10H10O4	[M + H]+	UIUICYCXZXXMKB	InChI=1S/C10H10O4/c11-7-1-2-8(12)10(9(7)14-10)4-3-6-5-13-6/h1-2,6-9,11-12H,5H2	null	C1C(O1)C#CC23C(C=CC(C2O3)O)O	-1.60000002	44255329;74976334	COCONUT:(CNP0333786);KNApSAcK:(48137);Natural Products:(UNPD99598);PubChem:(44255329 74976334)	2129938
177	1	N/A	-443.89089170904606	C10H10O4	[M + H]+	PSHGBKDLSXUEFM	InChI=1S/C10H10O4/c1-3-4-10-7(11)5-6(13-2)8(12)9(10)14-10/h3-5,9H,1-2H3	null	CC=CC12C(O1)C(=O)C(=CC2=O)OC	0.600000024	102190223	COCONUT:(CNP0289772);Natural Products:(UNPD223353);PubChem:(102190223)	2129922