structureRankPerFormula	formulaRank	ConfidenceScore	CSI:FingerIDScore	molecularFormula	adduct	InChIkey2D	InChI	name	smiles	xlogp	pubchemids	links	dbflags
1	1	0.11921424054443933	-103.07246763349245	C13H18O	[M + H]+	CBQXHTWJSZXYSK	InChI=1S/C13H18O/c1-5-6-7-12-10(2)8-11(14)9-13(12,3)4/h5-8H,9H2,1-4H3	Tabanone	CC=CC=C1C(=CC(=O)CC1(C)C)C	2.5999999	107631;6437348;6437349;6437596;6437599;18645216;139594485	NORMAN:(NS00012021);COCONUT:(CNP0248294);Natural Products:(UNPD91433);PubChem class - food;PubChem:(107631 6437348 6437349 6437596 6437599 18645216 139594485);SuperNatural:(SN00298467 SN00160702);PubChem class - safety and toxic;YMDB:(1739);PubMed	204832834
2	1	N/A	-107.89049541175109	C13H18O	[M + H]+	YKVWPZJHENXDAJ	InChI=1S/C13H18O/c1-5-6-7-12-10(2)8-11(14)9-13(12,3)4/h5-8,12H,1,9H2,2-4H3	4-(1,3-Butadienyl)-3,5,5-trimethylcyclohex-2-en-1-one	CC1=CC(=O)CC(C1C=CC=C)(C)C	2.9000001	110730;5375190	NORMAN:(NS00046119);COCONUT:(CNP0182854);HMDB:(59906);Natural Products:(UNPD183467);PubChem:(110730 5375190);CHEBI:(88770)	2392106
3	1	N/A	-122.68487284948473	C13H18O	[M + H]+	NSFWSHKUSWODJO	InChI=1S/C13H18O/c1-5-6-7-11-10(2)12(14)8-9-13(11,3)4/h5-7H,1,8-9H2,2-4H3	3-(1,3-Butadienyl)-2,4,4-trimethylcyclohex-2-en-1-one	CC1=C(C(CCC1=O)(C)C)C=CC=C	3.0999999	642506;3020064	NORMAN:(NS00059898);COCONUT:(CNP0159506);Natural Products:(UNPD19236);PubChem:(642506 3020064)	2392066
4	1	N/A	-125.6277475838744	C13H18O	[M + H]+	GHCQMGVIUTVVME	InChI=1S/C13H18O/c1-11(2)6-3-4-7-12-8-5-9-13(14)10-12/h5-7,9H,3-4,8,10H2,1-2H3	null	CC(=CCCC=C1CC=CC(=O)C1)C	3.47112226	""	COCONUT:(CNP0345860);Natural Products:(UNPD174577)	2129920
5	1	N/A	-129.37710896298006	C13H18O	[M + H]+	VJWZVZISFZTZGU	InChI=1S/C13H18O/c1-11(2)12-9-7-5-3-4-6-8-10-13(12)14/h5-8,12H,1,3-4,9-10H2,2H3	10-Isopropenyl-3,7-cyclodecadien-1-one	CC(=C)C1CC=CCCC=CCC1=O	3.5999999	5369944;21160377	PubChem:(5369944 21160377);COCONUT:(CNP0076105)	2097154
6	1	N/A	-136.91078623223967	C13H18O	[M + H]+	NTFPXECSILEYKG	InChI=1S/C13H18O/c1-5-7-11(14)12-10(2)8-6-9-13(12,3)4/h5-8,12H,2,9H2,1,3-4H3	1-(6,6-Dimethyl-2-methylene-3-cyclohexen-1-yl)-1-buten-2-one	CC=CC(=O)C1C(=C)C=CCC1(C)C	3.20000005	92630;6436651;6538315	NORMAN:(NS00054475);COCONUT:(CNP0344161);PubChem:(92630 6436651 6538315);YMDB Mine	34362097666
7	1	N/A	-143.83781828398685	C13H18O	[M + H]+	HIMXZONSEQRTFZ	InChI=1S/C13H18O/c1-3-5-7-9-11-13(14)12-10-8-6-4-2/h3-8H2,1-2H3	5,8-Tridecadiyn-7-one	CCCCC#CC(=O)C#CCCCC	5.0	96938	PubChem:(96938);PubChem class - safety and toxic	67108866
8	1	N/A	-146.1200105255351	C13H18O	[M + H]+	POIARNZEYGURDG	InChI=1S/C13H18O/c1-5-7-11(14)12-10(2)8-6-9-13(12,3)4/h5-8H,9H2,1-4H3	Doricenone	CC=CC(=O)C1=C(C=CCC1(C)C)C	3.20000005	62775;5366074;12309006	HMDB:(13804 36572);PubChem class - food;SuperNatural:(SN00344598);MeSH:(5366074);PubMed;NORMAN:(NS00013181);COCONUT:(CNP0154955);KNApSAcK:(35536);Natural Products:(UNPD148986);PubChem:(62775 5366074 12309006);CHEBI:(67251);PubChem class - bio and metabolites;PubChem class - safety and toxic;YMDB:(1468 1375)	221610110
9	1	N/A	-147.73525922985826	C13H18O	[M + H]+	HQQPOVNESMNPNH	InChI=1S/C13H18O/c1-10(2)12-4-6-13(7-5-12)11(3)8-9-14/h4-7,9-11H,8H2,1-3H3	3-(4-propan-2-ylphenyl)butanal	CC(C)C1=CC=C(C=C1)C(C)CC=O	3.0999999	7687;86308768;86308769	PubChem:(7687 86308768 86308769);NORMAN:(NS00007354)	262146
10	1	N/A	-148.76807469937387	C13H18O	[M + H]+	FTBHJFJPRKLLAX	InChI=1S/C13H18O/c14-13-10-5-3-7-12(13)11-6-2-1-4-9(11)8-10/h10,12H,1-8H2	null	C1CCC2=C(C1)CC3CCCC2C3=O	2.29999995	1770969;3530404;6571880;17749278;16395763	NORMAN:(NS00052317);COCONUT:(CNP0195471);PubChem:(1770969 3530404 6571880 17749278 16395763);SuperNatural:(SN00067250);ZINC bio:(ZINC04026027);Training Set	3432450
11	1	N/A	-157.56150147702343	C13H18O	[M + H]+	VEZKFOIEZCNFBT	InChI=1S/C13H18O/c1-4-12(14)10-13(2,3)11-8-6-5-7-9-11/h5-9H,4,10H2,1-3H3	5-Methyl-5-phenylhexan-3-one	CCC(=O)CC(C)(C)C1=CC=CC=C1	3.20000005	78639	NORMAN:(NS00045276);PubChem class - safety and toxic;PubChem:(78639)	67371010
12	1	N/A	-157.8344895143931	C13H18O	[M + H]+	UWWCASOGCPOGJP	InChI=1S/C13H18O/c1-10-6-5-9-13(3,4)12(10)8-7-11(2)14/h5-8H,9H2,1-4H3	4-(2,6,6-Trimethylcyclohexa-1,3-dienyl)but-3-en-2-one	CC1=C(C(CC=C1)(C)C)C=CC(=O)C	2.5999999	528763;5352711;21603709	HMDB:(59904);PubChem:(528763 5352711 21603709);YMDB Mine;KEGG Mine;PubChem class - bio and metabolites	42966450186
13	1	N/A	-159.30609953042807	C13H18O	[M + H]+	JGBBQKAJVHEQJM	InChI=1S/C13H18O/c1-5-7-11(14)12-10(2)8-6-9-13(12,3)4/h5-9,12H,1-4H3	null	CC=CC(=O)C1C(=CC=CC1(C)C)C	3.20000005	57168372;68473438;90478999;90479000;90479658;90479659;91668178	COCONUT:(CNP0344158);PubChem class - food;PubChem:(57168372 68473438 90478999 90479000 90479658 90479659 91668178)	136314882
14	1	N/A	-159.82256131889835	C13H18O	[M + H]+	ACGSLLPQEVTPIJ	InChI=1S/C13H18O/c1-10-9-12(13(2,3)4)6-5-11(10)7-8-14/h5-6,8-9H,7H2,1-4H3	null	CC1=C(C=CC(=C1)C(C)(C)C)CC=O	3.4000001	16205980	PubChem:(16205980);NORMAN:(NS00064152)	262146
15	1	N/A	-166.9672865978034	C13H18O	[M + H]+	ISEQOSOYOGJYOG	InChI=1S/C13H18O/c1-2-4-6-8-10-12-14-13-11-9-7-5-3-1/h1-5,10-13H2	Oxacyclotetradeca-4,11-diyne	C1CCC#CCCOCCC#CCC1	3.4000001	560917	PubChem:(560917);COCONUT:(CNP0076455)	2097154
16	1	N/A	-167.95832957520898	C13H18O	[M + H]+	OEFUEUWVTAXZDS	InChI=1S/C13H18O/c1-13(2)9-5-8-3-4-10(14)7-11(8)12(13)6-9/h7-9,12H,3-6H2,1-2H3	cis-Tricyclo(7.1.1.02,7)undec-2-en-one, 10,10-dimethyl-	CC1(C2CC3CCC(=O)C=C3C1C2)C	2.4000001	3034843;12729601;12729602;21767552;54145716;54145717	PubChem:(3034843 12729601 12729602 21767552 54145716 54145717);NORMAN:(NS00022685)	262146
17	1	N/A	-168.33131010827998	C13H18O	[M + H]+	QCXOQARCPZNLPI	InChI=1S/C13H18O/c1-9(6-7-14)12-10-4-5-11(8-10)13(12,2)3/h4-7,10-12H,8H2,1-3H3	2-Butenal,3-(3,3-dimethylbicyclo[2.2.1]hept-5-en-2-yl)-	CC(=CC=O)C1C2CC(C1(C)C)C=C2	3.0999999	44149505;53425086	PubChem:(44149505 53425086);NORMAN:(NS00060038)	262146
18	1	N/A	-168.8316134333206	C13H18O	[M + H]+	KDIUVWJESDSKRW	InChI=1S/C13H18O/c1-4-5-6-11(14)9-7-8-10-12(9)13(10,2)3/h4,7,10,12H,1,5-6,8H2,2-3H3	1-(6,6-dimethyl-2-bicyclo[3.1.0]hex-2-enyl)pent-4-en-1-one	CC1(C2C1C(=CC2)C(=O)CCC=C)C	2.79999995	20510297	PubChem:(20510297);NORMAN:(NS00060453)	262146
19	1	N/A	-172.02693201669808	C13H18O	[M + H]+	DMZVZANOMJGHKO	InChI=1S/C13H18O/c1-10(2)8-12-4-6-13(7-5-12)11(3)9-14/h4-7,9-11H,8H2,1-3H3	2-(4-Isobutylphenyl)propanal	CC(C)CC1=CC=C(C=C1)C(C)C=O	3.5	595156;12263320;10198011	NORMAN:(NS00057353);PubChem:(595156 12263320 10198011);ZINC bio:(ZINC13546471 ZINC13546473)	270338
20	1	N/A	-173.7627511699619	C13H18O	[M + H]+	URPGTYOPLRABIL	InChI=1S/C13H18O/c1-10(2)13-8-6-12(7-9-13)5-4-11(3)14/h6-10H,4-5H2,1-3H3	4-(4-Isopropylphenyl)butan-2-one	CC(C)C1=CC=C(C=C1)CCC(=O)C	3.0	82704	PubChem:(82704);NORMAN:(NS00023364)	262146
21	1	N/A	-174.39976599439348	C13H18O	[M + H]+	ZFNVDHOSLNRHNN	InChI=1S/C13H18O/c1-10(2)13-6-4-12(5-7-13)8-11(3)9-14/h4-7,9-11H,8H2,1-3H3	Cyclamal	CC(C)C1=CC=C(C=C1)CC(C)C=O	3.29999995	517827;40152681;40152682	HMDB:(37763);PubChem class - food;SuperNatural:(SN00265128);ZINC bio:(ZINC02164694 ZINC02164695);MeSH:(517827);PubMed;NORMAN:(NS00041353);COCONUT:(CNP0233650);Natural Products:(UNPD24014);PubChem:(517827 40152681 40152682);PubChem class - bio and metabolites;PubChem class - safety and toxic	221552718
22	1	N/A	-176.17114205917994	C13H18O	[M + H]+	OHRBQTOZYGEWCJ	InChI=1S/C13H18O/c1-10(2)12-5-4-6-13(9-12)11(3)7-8-14/h4-6,8-11H,7H2,1-3H3	FlorhydralR	CC(C)C1=CC(=CC=C1)C(C)CC=O	3.0999999	86209;11183112;11298440	NORMAN:(NS00009732);MeSH:(86209);PubChem class - safety and toxic;PubChem:(86209 11183112 11298440);PubMed	67371078
23	1	N/A	-177.1221322408887	C13H18O	[M + H]+	RRCBTNOKGAYRHH	InChI=1S/C13H18O/c1-9(2)12-6-5-10(3)13(8-12)7-11(4)14/h5-6,8-9H,7H2,1-4H3	null	CC1=C(C=C(C=C1)C(C)C)CC(=O)C	3.0	82490966	COCONUT:(CNP0333083);Natural Products:(UNPD98611);PubChem:(82490966)	2129922
24	1	N/A	-180.7421869429366	C13H18O	[M + H]+	CTTYWXDVWGKHKJ	InChI=1S/C13H18O/c1-7-8(2)10(4)13(12(6)14)11(5)9(7)3/h1-6H3	1-(pentamethylphenyl)ethanone	CC1=C(C(=C(C(=C1C)C)C(=O)C)C)C	3.4000001	74876	PubChem:(74876);NORMAN:(NS00046883)	262146
25	1	N/A	-183.46848326277654	C13H18O	[M + H]+	CZZDWTTUPHCLPO	InChI=1S/C13H18O/c1-10-3-6-13(11(2)9-10)7-4-12(14)5-8-13/h4,7,9,11H,3,5-6,8H2,1-2H3	7,9-dimethylspiro[5.5]undeca-1,8-dien-3-one	CC1C=C(CCC12CCC(=O)C=C2)C	2.5999999	20459358	PubChem:(20459358);NORMAN:(NS00060694)	262146
26	1	N/A	-183.959966782704	C13H18O	[M + H]+	SHOGWIDFQWGDID	InChI=1S/C13H18O/c1-11(2)10-13(14)9-8-12-6-4-3-5-7-12/h3-7,11H,8-10H2,1-2H3	5-methyl-1-phenyl-3-hexanone	CC(C)CC(=O)CCC1=CC=CC=C1	3.0999999	261548	PubChem:(261548);PubChem class - safety and toxic	67108866
27	1	N/A	-184.9617993053239	C13H18O	[M + H]+	YLQPSXZFPBXHPC	InChI=1S/C13H18O/c1-10(2)13-7-5-4-6-12(13)8-11(3)9-14/h4-7,9-11H,8H2,1-3H3	3-o-Cumenyl-2-methylpropionaldehyde	CC(C)C1=CC=CC=C1CC(C)C=O	3.29999995	110868;87882065	PubChem:(110868 87882065);NORMAN:(NS00047324)	262146
28	1	N/A	-185.32940797288856	C13H18O	[M + H]+	BKKSNSNLVYSDPD	InChI=1S/C13H18O/c1-9(2)11-5-6-12(8-14)13(7-11)10(3)4/h5-10H,1-4H3	2,4-Diisopropylbenzaldehyde	CC(C)C1=CC(=C(C=C1)C=O)C(C)C	3.5999999	110333	PubChem:(110333);NORMAN:(NS00012259)	262146
29	1	N/A	-186.55943791677214	C13H18O	[M + H]+	QACSMPNJLJBVQD	InChI=1S/C13H18O/c1-8-9(2)12(14)7-11-10(8)5-6-13(11,3)4/h7,14H,5-6H2,1-4H3	3,3,6,7-Tetramethylindan-5-ol	CC1=C2CCC(C2=CC(=C1C)O)(C)C	4.0	3017982	PubChem:(3017982);NORMAN:(NS00062928)	262146
30	1	N/A	-186.90938119824395	C13H18O	[M + H]+	TVCMOCBSBAVAJX	InChI=1S/C13H18O/c1-2-3-5-10-13(14)11-12-8-6-4-7-9-12/h4,6-9H,2-3,5,10-11H2,1H3	2-Heptanone, 1-phenyl-	CCCCCC(=O)CC1=CC=CC=C1	3.5	11344503	PubChem:(11344503);PubChem class - safety and toxic	67108866
31	1	N/A	-187.1317270634326	C13H18O	[M + H]+	DEJZBGOXTSKQOX	InChI=1S/C13H18O/c1-8-7-11-10(12(14)9(8)2)5-6-13(11,3)4/h7,14H,5-6H2,1-4H3	1,1,5,6-Tetramethylindan-4-ol	CC1=CC2=C(CCC2(C)C)C(=C1C)O	4.0	3017981	PubChem:(3017981);NORMAN:(NS00061309)	262146
32	1	N/A	-188.26344281608806	C13H18O	[M + H]+	MSQLZRZGIRNXDS	InChI=1S/C13H18O/c1-3-12(14)6-7-13-9(2)10-4-5-11(13)8-10/h4-7,9-11,13H,3,8H2,1-2H3	1-Penten-3-one,1-(3-methylbicyclo[2.2.1]hept-5-en-2-yl)-	CCC(=O)C=CC1C(C2CC1C=C2)C	2.79999995	6454098;53422121	PubChem:(6454098 53422121);NORMAN:(NS00054619)	262146
33	1	N/A	-189.07384822925565	C13H18O	[M + H]+	AQNYEAINONORRY	InChI=1S/C13H18O/c1-5-12(14)10-6-8-11(9-7-10)13(2,3)4/h6-9H,5H2,1-4H3	4''-tert-Butylpropiophenone	CCC(=O)C1=CC=C(C=C1)C(C)(C)C	3.7143755	595281;21677317	NORMAN:(NS00037173);PubChem class - safety and toxic;PubChem:(595281 21677317)	67371010
34	1	N/A	-192.17864606226516	C13H18O	[M + H]+	GPZIKPBHFMNTOH	InChI=1S/C13H18O/c1-4-13(14)12-7-5-11(6-8-12)9-10(2)3/h5-8,10H,4,9H2,1-3H3	4''-Isobutylpropiophenone	CCC(=O)C1=CC=C(C=C1)CC(C)C	3.70000005	108834	PubChem:(108834);NORMAN:(NS00034236)	262146
35	1	N/A	-194.83967511790107	C13H18O	[M + H]+	FHAYDZGZVUURDI	InChI=1S/C13H18O/c1-8-7-10-5-6-13(3,4)11(10)9(2)12(8)14/h7,14H,5-6H2,1-4H3	3,3,4,6-Tetramethylindan-5-ol	CC1=CC2=C(C(=C1O)C)C(CC2)(C)C	4.0	3022772	PubChem:(3022772);NORMAN:(NS00022886)	262146
36	1	N/A	-197.7143373027403	C13H18O	[M + H]+	ITJHALDCYCTNNJ	InChI=1S/C13H18O/c1-4-11-7-5-6-8-12(11)9-13(2,3)10-14/h5-8,10H,4,9H2,1-3H3	3-(2-ethylphenyl)-2,2-dimethylpropanal	CCC1=CC=CC=C1CC(C)(C)C=O	3.93038774	105512	NORMAN:(NS00012455);PubChem class - safety and toxic;PubChem:(105512)	67371010
37	1	N/A	-197.86153393030006	C13H18O	[M + H]+	ITZRSUKOUHROOX	InChI=1S/C13H18O/c1-5-13(14)12-8-11(9(2)3)7-6-10(12)4/h6-9H,5H2,1-4H3	5''-Isopropyl-2''-methylpropiophenone	CCC(=O)C1=C(C=CC(=C1)C(C)C)C	3.5999999	19901204	PubChem:(19901204);NORMAN:(NS00038437)	262146
38	1	N/A	-198.2119186246985	C13H18O	[M + H]+	JFTSYAALCNQOKO	InChI=1S/C13H18O/c1-4-11-5-7-12(8-6-11)9-13(2,3)10-14/h5-8,10H,4,9H2,1-3H3	Florazone	CCC1=CC=C(C=C1)CC(C)(C)C=O	3.29999995	105513	NORMAN:(NS00012454);PubChem class - safety and toxic;PubChem:(105513)	67371010
39	1	N/A	-198.3643634383587	C13H18O	[M + H]+	UUJXQBDCMBHRJU	InChI=1S/C13H18O/c1-9-7-10(2)13(14)8-12(9)11-5-3-4-6-11/h7-8,11,14H,3-6H2,1-2H3	5-Cyclopentyl-2,4-xylenol	CC1=CC(=C(C=C1C2CCCC2)O)C	4.30000019	6454042	PubChem:(6454042);NORMAN:(NS00034470)	262146
40	1	N/A	-199.4621487076403	C13H18O	[M + H]+	POZXPCYPGRBKIL	InChI=1S/C13H18O/c1-4-5-6-12-9-13(11(3)14)8-7-10(12)2/h7-9H,4-6H2,1-3H3	1-(3-Butyl-4-methylphenyl)ethanone	CCCCC1=C(C=CC(=C1)C(=O)C)C	3.9000001	105517	PubChem:(105517);NORMAN:(NS00012055)	262146
41	1	N/A	-199.47540388722547	C13H18O	[M + H]+	KTDAEZJBJUWAPC	InChI=1S/C13H18O/c1-9-10(14)8-11-12(2,3)6-5-7-13(9,11)4/h5,7-9H,6H2,1-4H3	null	CC1C(=O)C=C2C1(C=CCC2(C)C)C	3.0	85517881	COCONUT:(CNP0267886);HMDB:(36685);KNApSAcK:(21958);Natural Products:(UNPD119741);PubChem class - food;PubChem:(85517881);SuperNatural:(SN00237254);PubChem class - bio and metabolites	154173466
42	1	N/A	-200.44615661838608	C13H18O	[M + H]+	FZJUFJKVIYFBSY	InChI=1S/C13H18O/c1-13(2,3)12-8-6-11(7-9-12)5-4-10-14/h6-10H,4-5H2,1-3H3	Bourgeonal	CC(C)(C)C1=CC=C(C=C1)CCC=O	3.29999995	64832	NORMAN:(NS00002801);MeSH:(64832);PubChem class - safety and toxic;PubChem:(64832);PubMed	67371078
43	1	N/A	-206.40398810422744	C13H18O	[M + H]+	CJQCYICTQKBKLY	InChI=1S/C13H18O/c1-13(2,3)11-7-9-5-4-6-10(9)8-12(11)14/h7-8,14H,4-6H2,1-3H3	6-tert-butyl-2,3-dihydro-1H-inden-5-ol	CC(C)(C)C1=C(C=C2CCCC2=C1)O	4.0999999	233931	PubChem class - safety and toxic;PubChem:(233931);PubMed	67108930
44	1	N/A	-218.5141926870753	C13H18O	[M + H]+	RNTYAHSBCWZKLS	InChI=1S/C13H18O/c1-9-7-10(2)13(12(14)8-9)11-5-3-4-6-11/h7-8,11,14H,3-6H2,1-2H3	2-Cyclopentyl-3,5-xylenol	CC1=CC(=C(C(=C1)O)C2CCCC2)C	4.30000019	6454046	PubChem:(6454046);NORMAN:(NS00034477)	262146
45	1	N/A	-221.13898317593865	C13H18O	[M + H]+	AHDFGPJVGBBWNZ	InChI=1S/C13H18O/c1-3-9(2)11-5-4-6-12(13(11)14)10-7-8-10/h4-6,9-10,14H,3,7-8H2,1-2H3	2-sec-Butyl-6-cyclopropylphenol	CCC(C)C1=CC=CC(=C1O)C2CC2	3.93228221	3058303;124389042;124389043	PubChem class - safety and toxic;PubChem:(3058303 124389042 124389043);PubMed	67108930
46	1	N/A	-221.27970082357606	C13H18O	[M + H]+	OJCRKGPORQMMRN	InChI=1S/C13H18O/c1-12(2)8-13(3,4)11-7-9(14)5-6-10(11)12/h5-7,14H,8H2,1-4H3	1,1,3,3-Tetramethylindan-5-ol	CC1(CC(C2=C1C=CC(=C2)O)(C)C)C	4.19999981	104567	PubChem:(104567);NORMAN:(NS00032820)	262146
47	1	N/A	-231.65832257205673	C13H18O	[M + H]+	SRGATTGYDONWOU	InChI=1S/C13H18O/c1-10-7-8-12(13(14)9-10)11-5-3-2-4-6-11/h7-9,11,14H,2-6H2,1H3	zlchem 812	CC1=CC(=C(C=C1)C2CCCCC2)O	4.5	1538498	PubChem class - safety and toxic;PubChem:(1538498);PubMed	67108930
48	1	N/A	-234.92538128491358	C13H18O	[M + H]+	AXIVAMNNBGCFOQ	InChI=1S/C13H18O/c14-13-9-7-12(8-10-13)11-5-3-1-2-4-6-11/h7-11,14H,1-6H2	4-cycloheptylphenol	C1CCCC(CC1)C2=CC=C(C=C2)O	4.11768961	418742	MeSH:(418742);PubChem:(418742);PubMed	70
49	1	N/A	-236.2520811167648	C13H18O	[M + H]+	AXUMUCUDEXDAGW	InChI=1S/C13H18O/c1-11(2)9-12(3)14-10-13-7-5-4-6-8-13/h4-9,12H,10H2,1-3H3	4-methylpent-3-en-2-yloxymethylbenzene	CC(C=C(C)C)OCC1=CC=CC=C1	3.5	2755287;7057413;7057414	COCONUT:(CNP0049240);PubChem:(2755287 7057413 7057414);SuperNatural:(SN00127831 SN00127830);ZINC bio:(ZINC03851733 ZINC03851734)	3153922
50	1	N/A	-236.58561758356973	C13H18O	[M + H]+	HNDQBKBGKHSREF	InChI=1S/C13H18O/c1-9(2)10-3-5-11(6-4-10)13(14)12-7-8-12/h3-6,9,12-14H,7-8H2,1-2H3	cyclopropyl-(4-propan-2-ylphenyl)methanol	CC(C)C1=CC=C(C=C1)C(C2CC2)O	2.9000001	98998;36689323;40152619	PubChem:(98998 36689323 40152619);NORMAN:(NS00059140)	262146
51	1	N/A	-236.89486124490787	C13H18O	[M + H]+	UXMQORVHJMUQFD	InChI=1S/C13H18O/c1-2-3-4-8-11-13(14)12-9-6-5-7-10-12/h5-7,9-10H,2-4,8,11H2,1H3	Enanthophenone	CCCCCCC(=O)C1=CC=CC=C1	4.0999999	74282;102595270	NORMAN:(NS00015350);PubChem class - safety and toxic;PubChem:(74282 102595270);PubMed	67371074
52	1	N/A	-245.38695320773388	C13H18O	[M + H]+	GTLMTHAWEBRMGI	InChI=1S/C13H18O/c1-10-7-8-13(14)12(9-10)11-5-3-2-4-6-11/h7-9,11,14H,2-6H2,1H3	2-Cyclohexyl-p-cresol	CC1=CC(=C(C=C1)O)C2CCCCC2	4.5	74134	NORMAN:(NS00025197);PubChem class - safety and toxic;PubChem:(74134)	67371010
53	1	N/A	-248.52545646416817	C13H18O	[M + H]+	KRNAJRBXIMJEFF	InChI=1S/C13H18O/c1-2-3-4-5-6-12-7-9-13(11-14)10-8-12/h7-11H,2-6H2,1H3	4-hexylbenzaldehyde	CCCCCCC1=CC=C(C=C1)C=O	4.3056488	170813	NORMAN:(NS00031965);PubChem:(170813);PubMed	262210
54	1	N/A	-248.7595106237882	C13H18O	[M + H]+	CMTVEFDHBHPPAB	InChI=1S/C13H18O/c14-13-9-3-1-2-6-11-7-4-5-8-12(11)10-13/h4-5,7-8,13-14H,1-3,6,9-10H2	1,2-Benzocyclononen-3-ol	C1CCC(CC2=CC=CC=C2CC1)O	3.4000001	124451;124452	MeSH:(124451);PubChem:(124451 124452);PubMed	70
55	1	N/A	-248.95945788666626	C13H18O	[M + H]+	YCUALLYXPZGZFN	InChI=1S/C13H18O/c1-10-6-5-9-12(13(10)14)11-7-3-2-4-8-11/h5-6,9,11,14H,2-4,7-8H2,1H3	Enamine_003590	CC1=C(C(=CC=C1)C2CCCCC2)O	4.5	199750	PubChem class - safety and toxic;PubChem:(199750);PubMed	67108930
56	1	N/A	-250.4036806320701	C13H18O	[M + H]+	VRNMLRLXNNNMIN	InChI=1S/C13H18O/c1-9-7-10(2)13(14)12(8-9)11-5-3-4-6-11/h7-8,11,14H,3-6H2,1-2H3	6-Cyclopentyl-2,4-xylenol	CC1=CC(=C(C(=C1)C2CCCC2)O)C	4.30000019	104208	PubChem:(104208);NORMAN:(NS00032514)	262146
57	1	N/A	-253.199846485828	C13H18O	[M + H]+	ALLVTPULWRZUHD	InChI=1S/C13H18O/c1-3-4-5-8-11-14-13-10-7-6-9-12(13)2/h4-7,9-10H,3,8,11H2,1-2H3	(Z)-(Hex-3-enyloxy)toluene	CCC=CCCOC1=CC=CC=C1C	4.14779806	3021191;20836254	PubChem:(3021191 20836254);NORMAN:(NS00064946)	262146
58	1	N/A	-256.85535721521006	C13H18O	[M + H]+	YTVLAWLRJVKWCF	InChI=1S/C13H18O/c1-8-6-9(2)11-7-13(4,5)14-12(11)10(8)3/h6H,7H2,1-5H3	2,2,4,6,7-Pentamethyldihydrobenzofuran	CC1=CC(=C2CC(OC2=C1C)(C)C)C	3.5999999	11745437	COCONUT:(CNP0115776);PubChem class - safety and toxic;PubChem:(11745437);PubMed	69206082
59	1	N/A	-257.70264487096523	C13H18O	[M + H]+	GPOXRFICYIWOMY	InChI=1S/C13H18O/c1-2-3-4-8-11-13(14)12-9-6-5-7-10-12/h4-10,13-14H,2-3,11H2,1H3	null	CCCC=CCC(C1=CC=CC=C1)O	3.4000001	10035439;15039605;10330166;57144997;59968772;90744247;134965877	PubChem:(10035439 15039605 10330166 57144997 59968772 90744247 134965877);CHEBI:(137105)	34
60	1	N/A	-260.1520151397988	C13H18O	[M + H]+	AHURUFWASMODST	InChI=1S/C13H18O/c1-9-10(2)14-11(3)13(9)12-7-5-4-6-8-12/h4-11,13H,1-3H3	2,3,5-trimethyl-4-phenyloxolane	CC1C(OC(C1C2=CC=CC=C2)C)C	3.29999995	3024285;138974805	PubChem:(3024285 138974805);NORMAN:(NS00066663)	262146
61	1	N/A	-261.6862862939817	C13H18O	[M + H]+	PBXKRPSGIACPQF	InChI=1S/C13H18O/c1-2-6-12(7-3-1)8-4-9-13-10-5-11-14-13/h1-3,6-7,13H,4-5,8-11H2	2-(3-phenylpropyl)oxolane	C1CC(OC1)CCCC2=CC=CC=C2	3.29999995	62490;11321438;71365464	NORMAN:(NS00013151);COCONUT:(CNP0002933);HMDB:(36178);PubChem class - food;PubChem:(62490 11321438 71365464);PubChem class - bio and metabolites;PubChem class - safety and toxic	220463114
62	1	N/A	-263.94060546003885	C13H18O	[M + H]+	MNYIHGVXGLBKGQ	InChI=1S/C13H18O/c1-9-10-6-11-4-3-5-12(9,2)13(11,7-10)8-14/h8,10-11H,1,3-7H2,2H3	null	CC12CCCC3C1(CC(C3)C2=C)C=O	2.95128798	""	COCONUT:(CNP0421479);SuperNatural:(SN00170369)	3145728
63	1	N/A	-268.81047923926354	C13H18O	[M + H]+	JCBRNDHCBZOCEZ	InChI=1S/C13H19O/c1-10-8-13(9-11(2)14-10)12-6-4-3-5-7-12/h8-9,12H,3-7H2,1-2H3/q+1	null	CC1=CC(=CC(=[O+]1)C)C2CCCCC2	5.3269763	16205476	PubChem:(16205476);NORMAN:(NS00060375)	262146
64	1	N/A	-274.5301547120842	C13H18O	[M + H]+	WNXBRCWBIGPREJ	InChI=1S/C13H18O/c1-12(2)8-10-14-11-9-13-6-4-3-5-7-13/h3-8H,9-11H2,1-2H3	2-(3-methylbut-2-enoxy)ethylbenzene	CC(=CCOCCC1=CC=CC=C1)C	3.5	162597	PubChem:(162597);NORMAN:(NS00012717)	262146
65	1	N/A	-275.0794428336946	C13H18O	[M + H]+	LSFLKQLAYCHFNX	InChI=1S/C13H18O/c1-10-4-6-11(7-5-10)13(3,14)12(2)8-9-12/h4-7,14H,8-9H2,1-3H3	dl-Methyl 1-methylcyclopropyl 4-tolyl carbinol	CC1=CC=C(C=C1)C(C)(C2(CC2)C)O	2.79999995	52313;92168648;92168649	PubChem:(52313 92168648 92168649);PubChem class - safety and toxic	67108866
66	1	N/A	-275.64382879759984	C13H18O	[M + H]+	QDYKZBKCLHBUHU	InChI=1S/C13H18O/c14-13(11-7-3-1-4-8-11)12-9-5-2-6-10-12/h1,3-4,7-8,12-14H,2,5-6,9-10H2	Maybridge1_007599	C1CCC(CC1)C(C2=CC=CC=C2)O	3.4000001	95668;6977134;6977135	PubChem class - safety and toxic;PubChem:(95668 6977134 6977135);PubMed	67108930
67	1	N/A	-276.02696286457575	C13H18O	[M + H]+	FELACZRZMOTSPB	InChI=1S/C13H18O/c14-13(9-5-2-6-10-13)11-12-7-3-1-4-8-12/h1,3-4,7-8,14H,2,5-6,9-11H2	1-benzylcyclohexanol	C1CCC(CC1)(CC2=CC=CC=C2)O	3.0999999	74753	NORMAN:(NS00026342);PubChem class - safety and toxic;PubChem:(74753);PubMed	67371074
68	1	N/A	-277.7132741012823	C13H18O	[M + H]+	LLPLOWFYJGZIBV	InChI=1S/C13H18O/c14-6-10-4-9-5-11(10)13-8-2-1-7(3-8)12(9)13/h1-2,7-14H,3-6H2	1,2,3,4,4a,5,8,8a-Octahydro-1,4:5,8-dimethanonaphthalene-2-methanol	C1C2CC(C1CO)C3C2C4CC3C=C4	2.29999995	165590;11542907;130918097;130928434;131110176;137326276	PubChem:(165590 11542907 130918097 130928434 131110176 137326276);NORMAN:(NS00044609)	262146
69	1	N/A	-281.4160285389227	C13H18O	[M + H]+	CJBBUKCSNYALMD	InChI=1S/C13H18O/c1-2-6-14-13-8-9-7-12(13)11-5-3-4-10(9)11/h2-4,9-13H,1,5-8H2	(1R,7R)-8-(prop-2-en-1-yloxy)tricyclo[5.2.1.0^{2,6}]dec-3-ene	C=CCOC1CC2CC1C3C2C=CC3	2.79999995	347423;44723642;92224999;92225000;92529925;98157010;98157012;124542842;124542843;124869053;124869054;124869055;124375419	PubChem:(347423 44723642 92224999 92225000 92529925 98157010 98157012 124542842 124542843 124869053 124869054 124869055 124375419);PubChem class - safety and toxic	67108866
70	1	N/A	-281.4160285389227	C13H18O	[M + H]+	QFRXRJATKANZGZ	InChI=1S/C13H18O/c1-2-6-14-13-8-9-7-12(13)11-5-3-4-10(9)11/h2-3,5,9-13H,1,4,6-8H2	9-(allyloxy)tricyclo[5.2.1.02,6]dec-3-ene	C=CCOC1CC2CC1C3C2CC=C3	2.79999995	102779	NORMAN:(NS00003601);PubChem class - safety and toxic;PubChem:(102779)	67371010
71	1	N/A	-281.6257275665788	C13H18O	[M + H]+	YJJPDZNZPQKZGC	InChI=1S/C13H18O/c1-14-13-9-7-12(8-10-13)11-5-3-2-4-6-11/h7-11H,2-6H2,1H3	Enamine_000138	COC1=CC=C(C=C1)C2CCCCC2	4.07820559	221526	PubChem class - safety and toxic;PubChem:(221526);PubMed;ZINC bio:(ZINC01693411)	67117122
72	1	N/A	-295.00930449227855	C13H18O	[M + H]+	NZIDEIRWYRJYAI	InChI=1S/C13H18O/c14-11-13(9-5-2-6-10-13)12-7-3-1-4-8-12/h1,3-4,7-8,14H,2,5-6,9-11H2	1-Phenyl cyclohexanemethanol	C1CCC(CC1)(CO)C2=CC=CC=C2	3.4000001	198517	NORMAN:(NS00036675);PubChem class - safety and toxic;PubChem:(198517)	67371010
73	1	N/A	-301.10170015665955	C13H18O	[M + H]+	CSJORFDDKMKUNO	InChI=1S/C13H18O/c1-7-8(2)10(4)12-11(9(7)3)6-13(12,5)14/h14H,6H2,1-5H3	2,3,4,5,7-pentamethylbicyclo[4.2.0]octa-1,3,5-trien-7-ol	CC1=C(C(=C2C(=C1C)CC2(C)O)C)C	0.5	2752680;7055562;7055563	COCONUT:(CNP0321337);PubChem:(2752680 7055562 7055563);SuperNatural:(SN00125767 SN00125766);ZINC bio:(ZINC03847716 ZINC03847717)	3153922
74	1	N/A	-301.32742451341915	C13H18O	[M + H]+	SVBIRSGHXXHJBT	InChI=1S/C13H18O/c14-13(10-6-1-2-7-11-13)12-8-4-3-5-9-12/h3-5,8-9,14H,1-2,6-7,10-11H2	1-Phenylcycloheptanol	C1CCCC(CC1)(C2=CC=CC=C2)O	3.20000005	16385	PubChem:(16385);PubChem class - safety and toxic	67108866
75	1	N/A	-302.18758949088175	C13H18O	[M + H]+	MCZGYWBDNZZZTJ	InChI=1S/C13H18O/c1-11-7-3-4-8-12(11)13(14)9-5-2-6-10-13/h3-4,7-8,14H,2,5-6,9-10H2,1H3	1-(o-Tolyl)cyclohexan-1-ol	CC1=CC=CC=C1C2(CCCCC2)O	3.0	81405	NORMAN:(NS00036890);PubChem class - safety and toxic;PubChem:(81405)	67371010
76	1	N/A	-311.7461462769717	C13H18O	[M + H]+	BUMLNDUUDOQELU	InChI=1S/C13H18O/c1-11-6-5-7-12(10-11)13(14)8-3-2-4-9-13/h5-7,10,14H,2-4,8-9H2,1H3	1-(3-methylphenyl)cyclohexanol	CC1=CC(=CC=C1)C2(CCCCC2)O	3.0	248761	PubChem:(248761);PubChem class - safety and toxic	67108866
1	1	N/A	-107.66260785277287	C13H20O2	[M - H2O + H]+	GSTVTHMQXVKNQF	InChI=1S/C13H20O2/c1-9-7-11(15)8-13(3,4)12(9)6-5-10(2)14/h7,12H,5-6,8H2,1-4H3	3-Oxo-7,8-dihydro-.alpha.-ionone	CC1=CC(=O)CC(C1CCC(=O)C)(C)C	1.39999998	592057	NORMAN:(NS00060559);COCONUT:(CNP0205660);KNApSAcK:(48295);Natural Products:(UNPD104658);PubChem:(592057);SuperNatural:(SN00376682);YMDB Mine	34363179026
2	1	N/A	-115.96485463885588	C13H20O2	[M - H2O + H]+	FDSNVAKZRJLMJN	InChI=1S/C13H20O2/c1-9-7-11(15)8-13(3,4)12(9)6-5-10(2)14/h5-7,11-12,15H,8H2,1-4H3	3-hydroxy-9-apo-delta-caroten-9-one	CC1=CC(CC(C1C=CC(=O)C)(C)C)O	1.70000005	12009783;10889124;14159753;11344809;25202738;59904349;102022431;101415504;100981277	COCONUT:(CNP0188717);Natural Products:(UNPD202213 UNPD155274 UNPD194739 UNPD224121);PubChem:(12009783 10889124 14159753 11344809 25202738 59904349 102022431 101415504 100981277);SuperNatural:(SN00342865 SN00391295);YMDB Mine;CHEBI:(67266);PubChem class - bio and metabolites;Plantcyc:(CPD-7199);PubMed;Biocyc:(CPD-18874 CPD-19767 CPD-7199 CPD-18875 CPD-18877 CPD-19768 CPD-19770 CPD-18876 CPD-19769);KEGG Mine	42969761890
3	1	N/A	-118.86108967157207	C13H20O2	[M - H2O + H]+	QUHPCHDTFDSTTL	InChI=1S/C13H20O2/c1-9(14)5-6-11-10(2)12(15)7-8-13(11,3)4/h5-8H2,1-4H3	2,4,4-Trimethyl-3-(3-oxobutyl)cyclohex-2-enone	CC1=C(C(CCC1=O)(C)C)CCC(=O)C	1.60000002	596567	COCONUT:(CNP0347534);PubChem:(596567);YMDB Mine	34361835522
4	1	N/A	-126.46820571789021	C13H20O2	[M - H2O + H]+	HZBFGGQVOGNFKB	InChI=1S/C13H20O2/c1-9-6-5-7-13(3,4)12(9)11(15)8-10(2)14/h5-8H2,1-4H3	1-(2,6,6-trimethylcyclohexen-1-yl)butane-1,3-dione	CC1=C(C(CCC1)(C)C)C(=O)CC(=O)C	2.5	596923	PubChem:(596923);NORMAN:(NS00013270)	262146
5	1	N/A	-129.6428223572035	C13H20O2	[M - H2O + H]+	UPRXEFYRIACHQZ	InChI=1S/C13H20O2/c1-5-6-11(15)12-9(2)7-10(14)8-13(12,3)4/h5-6,10,14H,7-8H2,1-4H3	3-Hydroxydamascone	CC=CC(=O)C1=C(CC(CC1(C)C)O)C	2.0999999	92564;6420999;6436646;92254819;92254820;98100488;98100489	NORMAN:(NS00054380);COCONUT:(CNP0178691);HMDB:(41636);Natural Products:(UNPD50970 UNPD121959);PubChem:(92564 6420999 6436646 92254819 92254820 98100488 98100489);SuperNatural:(SN00393863 SN00390420);PubChem class - bio and metabolites;MeSH:(6420999 98100488);PubMed	20217934
6	1	N/A	-131.38499769764877	C13H20O2	[M - H2O + H]+	AXQMCYYCOKLZPP	InChI=1S/C13H20O2/c1-9-7-11(14)8-12(3,4)13(9)6-5-10(2)15-13/h7,10H,5-6,8H2,1-4H3	3,6,10,10-tetramethyl-4-oxaspiro[4.5]dec-6-en-8-one	CC1CCC2(O1)C(=CC(=O)CC2(C)C)C	1.79999995	5321925;12443396;11041979;11830646;44148083;102268172	COCONUT:(CNP0282323);HMDB:(35228);Natural Products:(UNPD181603 UNPD15208 UNPD2493);PubChem:(5321925 12443396 11041979 11830646 44148083 102268172);SuperNatural:(SN00243174 SN00339322 SN00159178);ZINC bio:(ZINC14765839);PubChem class - bio and metabolites	19963914
7	1	N/A	-135.05762101643302	C13H20O2	[M - H2O + H]+	HFRZSVYKDDZRQY	InChI=1S/C13H20O2/c1-9-7-11(15)8-13(3,4)12(9)6-5-10(2)14/h5-6,11,15H,7-8H2,1-4H3	Apo-9-zeaxanthinone	CC1=C(C(CC(C1)O)(C)C)C=CC(=O)C	1.60000002	538953;5363700;10846059;11127505;70520552;90902414	HMDB:(36821);SuperNatural:(SN00247820);ZINC bio:(ZINC14487641 ZINC14487643);Plantcyc:(CPD-7200 GLYCO-CT-METHYL);COCONUT:(CNP0199089);KNApSAcK:(22191);Natural Products:(UNPD104518 UNPD136136);PubChem:(538953 5363700 10846059 11127505 70520552 90902414);YMDB Mine;CHEBI:(53173);PubChem class - bio and metabolites;Biocyc:(CPD-7200);KEGG Mine	42969770042
8	1	N/A	-137.1842199717996	C13H20O2	[M - H2O + H]+	RDXJHZKPBWOPGF	InChI=1S/C13H20O2/c1-9-6-5-7-13(3,4)12(9)11(15)8-10(2)14/h6,12H,5,7-8H2,1-4H3	2,6,6-Trimethyl-1-(1,3-dioxobutyl))cyclohex-2-ene	CC1=CCCC(C1C(=O)CC(=O)C)(C)C	2.29999995	3016120;92939027;92939028	PubChem:(3016120 92939027 92939028);NORMAN:(NS00058796)	262146
9	1	N/A	-137.93269678934976	C13H20O2	[M - H2O + H]+	NOORESDHJXLGAO	InChI=1S/C13H20O2/c1-5-6-11(15)12-9(2)10(14)7-8-13(12,3)4/h5-6,10,14H,7-8H2,1-4H3	3-Hydroxy-.beta.-damascone	CC=CC(=O)C1=C(C(CCC1(C)C)O)C	2.0	5366075;102527263;102527264	COCONUT:(CNP0312260);Natural Products:(UNPD70525);PubChem:(5366075 102527263 102527264);SuperNatural:(SN00373972)	3178498
10	1	N/A	-137.97211965958383	C13H20O2	[M - H2O + H]+	JHWWVZZGBLPJPW	InChI=1S/C13H20O2/c1-9-7-11(15)8-13(3,4)12(9)6-5-10(2)14/h6-7,10,14H,5,8H2,1-4H3	6,7-Dehydro-7,8-dihydro-3-oxo-.alpha.-ionol (isomer 1)	CC1=CC(=O)CC(C1=CCC(C)O)(C)C	1.60000002	527057;5352454;6430782;73354989;102069955;101338768	COCONUT:(CNP0111409);Natural Products:(UNPD182337 UNPD84237 UNPD229816);PubChem:(527057 5352454 6430782 73354989 102069955 101338768);YMDB Mine;PubMed	34361868354
11	1	N/A	-138.32253764293054	C13H20O2	[M - H2O + H]+	LXYKLYXWNYMBKQ	InChI=1S/C13H20O2/c1-9-5-8-12(15)13(3,4)11(9)7-6-10(2)14/h6-7,12,15H,5,8H2,1-4H3	2-hydroxy-.beta.-ionone	CC1=C(C(C(CC1)O)(C)C)C=CC(=O)C	1.60000002	540317;5363928;101613219	COCONUT:(CNP0140238);Natural Products:(UNPD111612);PubChem:(540317 5363928 101613219);SuperNatural:(SN00298745);YMDB Mine;KEGG Mine	42952851458
12	1	N/A	-138.79598870760614	C13H20O2	[M - H2O + H]+	MDCGEAGEQVMWPE	InChI=1S/C13H20O2/c1-9-7-11(15)8-13(3,4)12(9)6-5-10(2)14/h5-7,10,12,14H,8H2,1-4H3	ACMC-20mcxq	CC1=CC(=O)CC(C1C=CC(C)O)(C)C	1.60000002	520684;5370052;13857510;13857511;21630891;91747913;101406422;124355561;124355562	COCONUT:(CNP0167581);KNApSAcK:(43138);Natural Products:(UNPD5741 UNPD129672 UNPD152057);PubChem:(520684 5370052 13857510 13857511 21630891 91747913 101406422 124355561 124355562);SuperNatural:(SN00298762 SN00229164 SN00394409);MeSH:(5370052);YMDB:(1608);PubMed;KEGG Mine	8593178710
13	1	N/A	-139.9512135039396	C13H20O2	[M - H2O + H]+	PJYBCOAMCYWPHQ	InChI=1S/C13H20O2/c1-9-7-11(15)8-13(3,4)12(9)6-5-10(2)14/h10-11,14-15H,7-8H2,1-4H3	3-hydroxy-7,8-didehydro-.beta.-ionol	CC1=C(C(CC(C1)O)(C)C)C#CC(C)O	1.39999998	3015541;54193198;92467546;92467547;92467548;92467549	NORMAN:(NS00050666);COCONUT:(CNP0396277);Natural Products:(UNPD75604);PubChem:(3015541 54193198 92467546 92467547 92467548 92467549)	2392066
14	1	N/A	-144.29347676157425	C13H20O2	[M - H2O + H]+	NUIWGACHQJGHHS	InChI=1S/C13H20O2/c1-10(2)8-13(15)9-11(3)6-5-7-12(4)14/h6,8H,5,7,9H2,1-4H3	(5E)-6,10-dimethylundeca-5,9-diene-2,8-dione	CC(=CC(=O)CC(=CCCC(=O)C)C)C	2.5	21775089	COCONUT:(CNP0179349);Natural Products:(UNPD128740);PubChem:(21775089);SuperNatural:(SN00390128)	3178498
15	1	N/A	-145.84861527377367	C13H20O2	[M - H2O + H]+	GGHORLDEHPNAFJ	InChI=1S/C13H20O2/c1-9-7-11(15)8-13(3,4)12(9)6-5-10(2)14/h7,10-12,14-15H,8H2,1-4H3	3-Hydroxy-7,8-dihydro-.beta.-ionol	CC1=CC(CC(C1C#CC(C)O)(C)C)O	1.5	519379	PubChem:(519379);YMDB:(1602)	65538
16	1	N/A	-146.09201395035177	C13H20O2	[M - H2O + H]+	LICNQDPDQQOXCU	InChI=1S/C13H20O2/c1-9(14)5-6-11-10(2)12(15)7-8-13(11,3)4/h5-6,12,15H,7-8H2,1-4H3	3-Buten-2-one, 4-(3-hydroxy-2,6,6-trimethyl-1-cyclohexen-1-yl)-, (E)-	CC1=C(C(CCC1O)(C)C)C=CC(=O)C	1.39999998	10954777;10176665;13854911;54034727	COCONUT:(CNP0130362);KNApSAcK:(45563);Natural Products:(UNPD37515);PubChem:(10954777 10176665 13854911 54034727);SuperNatural:(SN00249455);YMDB Mine;KEGG Mine	42952851474
17	1	N/A	-148.86530704745692	C13H20O2	[M - H2O + H]+	JWDKMWGLQKDKBL	InChI=1S/C13H20O2/c1-9-7-13(3,4)8-11(12(9)15)6-5-10(2)14/h5-6,9,11H,7-8H2,1-4H3	null	CC1CC(CC(C1=O)C=CC(=O)C)(C)C	2.29999995	14194118	COCONUT:(CNP0278462);KNApSAcK:(11959);Natural Products:(UNPD36705);PubChem:(14194118);SuperNatural:(SN00261690)	3178514
18	1	N/A	-150.99161029348068	C13H20O2	[M - H2O + H]+	LFINYQLDKKVZCA	InChI=1S/C13H20O2/c1-9-7-11(15)8-13(3,4)12(9)6-5-10(2)14/h5-6,9,12H,7-8H2,1-4H3	(4R,5R)-3,3,5-trimethyl-4-[(E)-3-oxobut-1-enyl]cyclohexan-1-one	CC1CC(=O)CC(C1C=CC(=O)C)(C)C	1.89999998	21630917;135390875;135390876;135390877;137552078	COCONUT:(CNP0133015);Natural Products:(UNPD162383);PubChem:(21630917 135390875 135390876 135390877 137552078);SuperNatural:(SN00317682)	3178498
19	1	N/A	-154.4374285659425	C13H20O2	[M - H2O + H]+	FPHKZXINTNYLBB	InChI=1S/C13H20O2/c1-10(2)13(8-6-12(4)15)7-5-11(3)9-14/h5-6,8-10,13H,7H2,1-4H3	null	CC(C)C(CC=C(C)C=O)C=CC(=O)C	2.4000001	14565820	COCONUT:(CNP0358295);Natural Products:(UNPD158510);PubChem:(14565820);SuperNatural:(SN00387690)	3178498
20	1	N/A	-154.7412056075683	C13H20O2	[M - H2O + H]+	AWNOGHRWORTNEI	InChI=1S/C13H20O2/c1-9(14)15-7-6-10-4-5-11-8-12(10)13(11,2)3/h4,11-12H,5-8H2,1-3H3	Citroviol	CC(=O)OCCC1=CCC2CC1C2(C)C	2.5999999	101604;929336;929337;6955232;6955233;91283647	NORMAN:(NS00006223);KNApSAcK:(48496);PubChem:(101604 929336 929337 6955232 6955233 91283647);ZINC bio:(ZINC00519934 ZINC00519935);PubChem class - safety and toxic;PubMed	67379282
21	1	N/A	-160.4787915372434	C13H20O2	[M - H2O + H]+	NETQOOYQUZAJCL	InChI=1S/C13H20O2/c1-12(2)7-8-9(12)4-5-13(3)11(15-13)6-10(8)14/h8-9,11H,4-7H2,1-3H3	null	CC1(CC2C1CCC3(C(O3)CC2=O)C)C	2.18048644	""	COCONUT:(CNP0104239);Natural Products:(UNPD47375);SuperNatural:(SN00254111)	3178496
22	1	N/A	-163.53557319612221	C13H20O2	[M - H2O + H]+	LWWWERIIOIAWQK	InChI=1S/C13H20O2/c1-9(14)5-6-11-10(2)12(15)7-8-13(11,3)4/h5-6,9,14H,7-8H2,1-4H3	4-Oxo-.beta.-ionol	CC1=C(C(CCC1=O)(C)C)C=CC(C)O	1.89999998	6430464;54056905;91750141	COCONUT:(CNP0145961);Natural Products:(UNPD158949);PubChem:(6430464 54056905 91750141);SuperNatural:(SN00316133);YMDB Mine	34362916866
23	1	N/A	-164.31113798030935	C13H20O2	[M - H2O + H]+	OIASGIUDXARLDU	InChI=1S/C13H20O2/c1-12-3-9-2-10(4-12)6-13(5-9,8-12)7-11(14)15/h9-10H,2-8H2,1H3,(H,14,15)	Ambcb5357729	CC12CC3CC(C1)CC(C3)(C2)CC(=O)O	3.5999999	85698;768227;5175229;6940674	NORMAN:(NS00051998);PubChem:(85698 768227 5175229 6940674);PubMed	262210
24	1	N/A	-165.55467984684924	C13H20O2	[M - H2O + H]+	QPSDEVHCBILQEK	InChI=1S/C13H20O2/c1-3-4-6-10-13(15)11-8-5-7-9-12(2)14/h3-8,11-15H,1,9-10H2,2H3	4,6,10,12-Tridecatetraene-2,8-diol	CC(CC=CC=CC(CC=CC=C)O)O	2.5	10846053;71348025	COCONUT:(CNP0308010);Natural Products:(UNPD65503);PubChem:(10846053 71348025);SuperNatural:(SN00246723);PubMed	3178562
25	1	N/A	-166.01903495282278	C13H20O2	[M - H2O + H]+	ACQRUPZAAPLQQP	InChI=1S/C13H20O2/c1-12(2)7-4-8-13(3)9(11(14)15)5-6-10(12)13/h5,10H,4,6-8H2,1-3H3,(H,14,15)	null	CC1(CCCC2(C1CC=C2C(=O)O)C)C	3.79999995	51136570;52326025;52326027;52326029;52326031	COCONUT:(CNP0057523 CNP0087129);PubChem:(51136570 52326025 52326027 52326029 52326031);SuperNatural:(SN00039371 SN00039372 SN00039370 SN00039369);ZINC bio:(ZINC49601546 ZINC49601549 ZINC49601550 ZINC49601552);additional;Training Set	3694594
26	1	N/A	-168.0978307156673	C13H20O2	[M - H2O + H]+	KVXQNMRFYGZVPU	InChI=1S/C13H20O2/c1-10(2)6-5-7-12(14)9-13(15)8-11(3)4/h9-11,15H,6,8H2,1-4H3	null	CC(C)CC#CC(=O)C=C(CC(C)C)O	4.19999981	139584097	PubChem:(139584097);COCONUT:(CNP0340986)	2097154
27	1	N/A	-173.746968992072	C13H20O2	[M - H2O + H]+	YWLLXHWMXNPEPY	InChI=1S/C13H20O2/c1-5-13(14)15-12-8-10(4)6-7-11(12)9(2)3/h1,9-12H,6-8H2,2-4H3	[(1R,2S,5R)-5-methyl-2-propan-2-ylcyclohexyl] prop-2-ynoate	CC1CCC(C(C1)OC(=O)C#C)C(C)C	4.0999999	2755660;13614280;101025252;101950593	COCONUT:(CNP0028008);PubChem:(2755660 13614280 101025252 101950593);ZINC bio:(ZINC03852338)	2105346
28	1	N/A	-183.71834311345816	C13H20O2	[M - H2O + H]+	JKPMQDRFEWGKLS	InChI=1S/C13H20O2/c1-8-5-11-12(13(11,3)4)6-10(8)7-15-9(2)14/h5,10-12H,6-7H2,1-4H3	2-Carene-4-methanol, acetate	CC1=CC2C(C2(C)C)CC1COC(=O)C	2.29999995	85801;13439759;92264667	PubChem:(85801 13439759 92264667);NORMAN:(NS00013258)	262146
29	1	N/A	-186.13890124098876	C13H20O2	[M - H2O + H]+	AHRZQDHJIUYION	InChI=1S/C13H20O2/c1-8(2)11-4-3-9-5-10(6-14)13(11)12(9)7-15/h5-6,8-9,11-13,15H,3-4,7H2,1-2H3	null	CC(C)C1CCC2C=C(C1C2CO)C=O	2.28354502	""	COCONUT:(CNP0138974);Natural Products:(UNPD172984);SuperNatural:(SN00326282)	3178496
30	1	N/A	-186.8076726929584	C13H20O2	[M - H2O + H]+	PYUYJSFTZPYHDW	InChI=1S/C13H20O2/c1-9-5-6-11-12(2,3)7-10(14)8-13(11,4)15-9/h6,9H,5,7-8H2,1-4H3	2,5,5,8a-tetramethyl-2,3,6,8-tetrahydrochromen-7-one	CC1CC=C2C(CC(=O)CC2(O1)C)(C)C	1.60000002	540316;11041980;101924022;101924023;101924024	COCONUT:(CNP0239507);HMDB:(40233);PubChem:(540316 11041980 101924022 101924023 101924024);PubChem class - bio and metabolites	18874378
31	1	N/A	-188.34864743284595	C13H20O2	[M - H2O + H]+	RJLVIISLNKAFCY	InChI=1S/C13H20O2/c1-10-6-5-9-13(2,3)11(10)7-8-12(14)15-4/h7-8H,5-6,9H2,1-4H3	Methyl 3-(2,6,6-trimethylcyclohexen-1-yl)acrylate	CC1=C(C(CCC1)(C)C)C=CC(=O)OC	3.0999999	85831;6537949;91298937	PubChem:(85831 6537949 91298937);NORMAN:(NS00051567)	262146
32	1	N/A	-190.52491622840455	C13H20O2	[M - H2O + H]+	NHDHCHLKPRUOLN	InChI=1S/C13H20O2/c1-5-15-11(14)9-8-13(4)7-6-10(9)12(13,2)3/h8,10H,5-7H2,1-4H3	ethyl 4,7,7-trimethylbicyclo[2.2.1]hept-2-ene-2-carboxylate	CCOC(=O)C1=CC2(CCC1C2(C)C)C	3.5	2750885;7054453;7054454;11868403;11868404	COCONUT:(CNP0352084);PubChem:(2750885 7054453 7054454 11868403 11868404);SuperNatural:(SN00124677 SN00124676);ZINC bio:(ZINC03846335 ZINC03846336)	3153922
33	1	N/A	-190.70416393594965	C13H20O2	[M - H2O + H]+	ISABMWNDKIGJCM	InChI=1S/C13H20O2/c1-10(2)6-5-9(14)12(4)11(3)7-8-13(10,12)15-11/h5-8H2,1-4H3	2,2,6,7-Tetramethyl-10-oxatricyclo[4.3.0.1(1,7)]decan-5-one	CC1(CCC(=O)C2(C13CCC2(O3)C)C)C	1.89999998	540006	COCONUT:(CNP0340681);Natural Products:(UNPD225754);PubChem:(540006)	2129922
34	1	N/A	-191.99294562335047	C13H20O2	[M - H2O + H]+	MQLZRIWOJRILDI	InChI=1S/C13H20O2/c14-12(15)1-2-13-6-9-3-10(7-13)5-11(4-9)8-13/h9-11H,1-8H2,(H,14,15)	Oprea1_189382	C1C2CC3CC1CC(C2)(C3)CCC(=O)O	3.5	713494;3450568	PubChem:(713494 3450568);PubChem class - safety and toxic	67108866
35	1	N/A	-192.48225837068844	C13H20O2	[M - H2O + H]+	BSWOQWGHXZTDOO	InChI=1S/C13H20O2/c1-11-3-9-4-12(2,6-11)8-13(5-9,7-11)10(14)15/h9H,3-8H2,1-2H3,(H,14,15)	ACMC-20ancb	CC12CC3CC(C1)(CC(C3)(C2)C(=O)O)C	3.20000005	713489;2736224;5091046;6925920;91757667;98043083;98043084	PubChem class - safety and toxic;PubChem:(713489 2736224 5091046 6925920 91757667 98043083 98043084);PubMed	67108930
36	1	N/A	-192.55238317046388	C13H20O2	[M - H2O + H]+	BXXNCFZETJIMPC	InChI=1S/C13H20O2/c1-4-15-12(14)7-9-5-6-10-8-11(9)13(10,2)3/h7,10-11H,4-6,8H2,1-3H3	ethyl (2E)-2-[(1S,5R)-6,6-dimethyl-4-bicyclo[3.1.1]heptanylidene]acetate	CCOC(=O)C=C1CCC2CC1C2(C)C	3.0	11769707;73094595	PubChem:(11769707 73094595);NORMAN:(NS00011459)	262146
37	1	N/A	-192.9357628690783	C13H20O2	[M - H2O + H]+	SYEXGNJRYPOUSI	InChI=1S/C13H20O2/c1-2-15-12(14)13-6-9-3-10(7-13)5-11(4-9)8-13/h9-11H,2-8H2,1H3	Ambap2094-73-7	CCOC(=O)C12CC3CC(C1)CC(C3)C2	3.0999999	123141;11600910	NORMAN:(NS00012466);PubChem:(123141 11600910);PubMed	262210
38	1	N/A	-198.76146834210283	C13H20O2	[M - H2O + H]+	DVZKEXVVDIXSMK	InChI=1S/C13H20O2/c1-9(14)15-7-6-12-10-4-5-11(8-10)13(12,2)3/h6,10-11H,4-5,7-8H2,1-3H3	2-(2,2-Dimethyl-3-norbornylidene)ethyl acetate	CC(=O)OCC=C1C2CCC(C2)C1(C)C	2.9000001	94045;5877243;6436714	NORMAN:(NS00012269);PubChem class - safety and toxic;PubChem:(94045 5877243 6436714)	67371010
39	1	N/A	-199.31571784344595	C13H20O2	[M - H2O + H]+	OTSWLEWDCPYCGE	InChI=1S/C13H20O2/c1-8-3-5-10-9(2)4-6-11(13(14)15)12(10)7-8/h9-12H,1,3-7H2,2H3,(H,14,15)	null	CC1CCC(C2C1CCC(=C)C2)C(=O)O	3.12826109	""	COCONUT:(CNP0351150);Natural Products:(UNPD32687);SuperNatural:(SN00342301)	3178496
40	1	N/A	-202.99298674070747	C13H20O2	[M - H2O + H]+	LSRLIQNNCDCOJG	InChI=1S/C13H20O2/c1-8(2)11-5-4-9(3)13(15)7-10(14)6-12(11)13/h6,8-9,11,15H,4-5,7H2,1-3H3	(4S,7R,7aR)-7a-hydroxy-7-methyl-4-propan-2-yl-4,5,6,7-tetrahydro-1H-inden-2-one	CC1CCC(C2=CC(=O)CC12O)C(C)C	1.60000002	11506718;11622578	COCONUT:(CNP0184417);Natural Products:(UNPD118880 UNPD35036);PubChem:(11506718 11622578);SuperNatural:(SN00308288);PubMed	3178562
41	1	N/A	-203.3608197830167	C13H20O2	[M - H2O + H]+	IRFLZVJYCZYXNP	InChI=1S/C13H20O2/c1-5-10(14)15-12-9-7-6-8(2)11(12)13(9,3)4/h6,9,11-12H,5,7H2,1-4H3	cis-Chrysanthenyl propionate	CCC(=O)OC1C2CC=C(C1C2(C)C)C	2.70000005	529752;6431452;16058246;50935282	COCONUT:(CNP0123041);Natural Products:(UNPD52413);PubChem:(529752 6431452 16058246 50935282);SuperNatural:(SN00315853)	3178498
42	1	N/A	-204.65647760648386	C13H20O2	[M - H2O + H]+	MVNDEFFCMFRXKC	InChI=1S/C13H20O2/c1-4-15-12(14)8-11-9-5-6-10(7-9)13(11,2)3/h8-10H,4-7H2,1-3H3	null	CCOC(=O)C=C1C2CCC(C2)C1(C)C	3.20000005	50741623	COCONUT:(CNP0048639);PubChem:(50741623);SuperNatural:(SN00141830 SN00141829);ZINC bio:(ZINC68591522 ZINC68591526)	3153922
43	1	N/A	-205.6457320834244	C13H20O2	[M - H2O + H]+	LSYHEHNUOBEHMG	InChI=1S/C13H20O2/c1-2-15-13(14)12-7-8-6-11(12)10-5-3-4-9(8)10/h8-12H,2-7H2,1H3	ethyl tricyclo[5.2.1.02,6]decane-8-carboxylate	CCOC(=O)C1CC2CC1C3C2CCC3	3.29999995	109171;10932691;10987492	PubChem:(109171 10932691 10987492);NORMAN:(NS00060498)	262146
44	1	N/A	-205.91058677954496	C13H20O2	[M - H2O + H]+	DOTCCDYHDBZAAY	InChI=1S/C13H20O2/c1-8(14)15-7-9-4-12-10-2-3-11(6-10)13(12)5-9/h9-13H,2-7H2,1H3	Tricyclo(5.2.1.02,6)decane-4-methanol, acetate	CC(=O)OCC1CC2C3CCC(C3)C2C1	3.0999999	115844;92256471;92256472;121000384;121000385;121494090	PubChem:(115844 92256471 92256472 121000384 121000385 121494090);NORMAN:(NS00012805)	262146
45	1	N/A	-210.38104797794344	C13H20O2	[M - H2O + H]+	UYACSVLHQPEITQ	InChI=1S/C13H20O2/c1-6-12(10(3)4)8-11(5)9-15-13(14)7-2/h6,8,12H,1,3,7,9H2,2,4-5H3	null	CCC(=O)OCC(=CC(C=C)C(=C)C)C	4.0	91748889;91748890;101415510	COCONUT:(CNP0300645);HMDB:(31869);Natural Products:(UNPD56692);PubChem:(91748889 91748890 101415510);SuperNatural:(SN00301784);CHEBI:(143057);PubChem class - bio and metabolites	19955754
46	1	N/A	-210.6149695501916	C13H20O2	[M - H2O + H]+	QIRQXZYFSAUIFV	InChI=1S/C13H20O2/c14-13(10-11-6-4-5-7-11)15-12-8-2-1-3-9-12/h4,6,11-12H,1-3,5,7-10H2	Cyclohexyl cyclopentenylacetate	C1CCC(CC1)OC(=O)CC2CCC=C2	3.29999995	103376;92254875;92254876	NORMAN:(NS00012161);PubChem:(103376 92254875 92254876);PubMed	262210
47	1	N/A	-211.30870654277362	C13H20O2	[M - H2O + H]+	XGWAKSLJEAVSMI	InChI=1S/C13H20O2/c1-8(2)11-5-4-9(3)12-6-10(14)7-13(11,12)15/h6,8-9,11,15H,4-5,7H2,1-3H3	(4S,7R,7aS)-7a-hydroxy-4-methyl-7-propan-2-yl-4,5,6,7-tetrahydro-1H-inden-2-one	CC1CCC(C2(C1=CC(=O)C2)O)C(C)C	1.60000002	11629836	COCONUT:(CNP0365023);Natural Products:(UNPD153473);PubChem:(11629836);SuperNatural:(SN00227471);PubMed	3178562
48	1	N/A	-213.0003860699653	C13H20O2	[M - H2O + H]+	MJGOVIGTDWZKNJ	InChI=1S/C13H20O2/c1-8-5-6-11-12(13(11,3)4)10(8)7-15-9(2)14/h5,10-12H,6-7H2,1-4H3	(3,7,7-Trimethylbicyclo(4.1.0)hept-3-en-2-yl)methyl acetate	CC1=CCC2C(C1COC(=O)C)C2(C)C	2.5	14335171	PubChem:(14335171);NORMAN:(NS00060210)	262146
49	1	N/A	-213.28862961460192	C13H20O2	[M - H2O + H]+	TXFBASMXWNIAGS	InChI=1S/C13H20O2/c1-8(14)15-7-11-4-5-12-9-2-3-10(6-9)13(11)12/h9-13H,2-7H2,1H3	Octahydro-4,7-methano-1H-indenemethyl acetate	CC(=O)OCC1CCC2C1C3CCC2C3	3.20000005	161675;98048501;98048502;98048503;98048504	NORMAN:(NS00012807);PubChem class - safety and toxic;PubChem:(161675 98048501 98048502 98048503 98048504)	67371010
50	1	N/A	-213.72574014777388	C13H20O2	[M - H2O + H]+	FUAIEJHTNGUVMF	InChI=1S/C13H20O2/c1-9-4-6-12(2)7-5-10(14)8-11(12)13(9,3)15/h8-9,15H,4-7H2,1-3H3	null	CC1CCC2(CCC(=O)C=C2C1(C)O)C	1.60000002	72715092	COCONUT:(CNP0207098);Natural Products:(UNPD225628 UNPD223520);PubChem:(72715092)	2129922
51	1	N/A	-213.7764817260876	C13H20O2	[M - H2O + H]+	NWUPGTXURLYYPJ	InChI=1S/C13H20O2/c1-9-12-7-11(6-10(12)8-15)13(9,2)4-3-5-14/h5,10-12,15H,1,3-4,6-8H2,2H3	null	CC1(C2CC(C(C2)C1=C)CO)CCC=O	2.14319754	""	COCONUT:(CNP0273182);SuperNatural:(SN00170364)	3145728
52	1	N/A	-214.594824450577	C13H20O2	[M - H2O + H]+	PDLKQXJZJXLNBA	InChI=1S/C13H20O2/c14-12-9-4-3-6-11(12)13(15)7-2-1-5-10(13)8-9/h9-11,15H,1-8H2	2-hydroxytricyclo[7.3.1.0<2,7>]tridecan-13-one	C1CCC2(C(C1)CC3CCCC2C3=O)O	2.0	928174;1426479;3815601;11413132;18397669;16394489;51894816;51894817;98043026;98043027;98043029;98043030;98140612;98140613	COCONUT:(CNP0362463);PubChem:(928174 1426479 3815601 11413132 18397669 16394489 51894816 51894817 98043026 98043027 98043029 98043030 98140612 98140613);SuperNatural:(SN00101456 SN00101455);PubMed;ZINC bio:(ZINC38545475 ZINC38545476)	3153986
53	1	N/A	-215.464996995012	C13H20O2	[M - H2O + H]+	MOGRTXHBIPWFGN	InChI=1S/C13H20O2/c1-2-15-13(14)10-6-11-8-3-4-9(5-8)12(11)7-10/h8-12H,2-7H2,1H3	ethyl tricyclo[5.2.1.02,6]decane-4-carboxylate	CCOC(=O)C1CC2C3CCC(C3)C2C1	3.0999999	109169;127024437	PubChem:(109169 127024437);NORMAN:(NS00060497)	262146
54	1	N/A	-216.96584418112076	C13H20O2	[M - H2O + H]+	IVIORUOCIAMOLJ	InChI=1S/C13H20O2/c1-10-4-6-13(7-5-10)11(2)8-9-15-12(3)14/h4,13H,2,5-9H2,1,3H3	3-(4-Methylcyclohex-3-enyl)but-3-enyl acetate	CC1=CCC(CC1)C(=C)CCOC(=O)C	3.0999999	110929;92279445;92279486	PubChem:(110929 92279445 92279486);NORMAN:(NS00012867)	262146
55	1	N/A	-218.24603852504433	C13H20O2	[M - H2O + H]+	ASHKOXCVKJACGB	InChI=1S/C13H20O2/c1-8(15-9(2)14)12-10-5-6-11(7-10)13(12,3)4/h5-6,8,10-12H,7H2,1-4H3	1-(3,3-Dimethylbicyclo(2.2.1)hept-5-en-2-yl)ethyl acetate	CC(C1C2CC(C1(C)C)C=C2)OC(=O)C	3.0	44153861	PubChem:(44153861);NORMAN:(NS00066377)	262146
56	1	N/A	-218.6303090071288	C13H20O2	[M - H2O + H]+	IJOKSZJPYRAWLL	InChI=1S/C13H20O2/c1-2-3-4-5-6-7-8-9-12-10-11-13(14)15-12/h9-11H,2-8H2,1H3	(5Z)-5-nonylidenefuran-2-one	CCCCCCCCC=C1C=CC(=O)O1	4.80000019	3018696;6365765;6432928	PubChem:(3018696 6365765 6432928);NORMAN:(NS00058225)	262146
57	1	N/A	-220.6295716898104	C13H20O2	[M - H2O + H]+	HJEFAEQTNTXLHL	InChI=1S/C13H20O2/c1-4-15-13(14)12-10-6-5-9(7-10)11(12)8(2)3/h5-6,8-12H,4,7H2,1-3H3	null	CCOC(=O)C1C2CC(C1C(C)C)C=C2	3.0999999	15904484;57525092;57525093;118978010;121232747;121232748;131866362	PubChem:(15904484 57525092 57525093 118978010 121232747 121232748 131866362);NORMAN:(NS00019636)	262146
58	1	N/A	-221.13339556520927	C13H20O2	[M - H2O + H]+	DFVXNZOMAOGTBL	InChI=1S/C13H20O2/c1-5-13(14)15-12-8-11(9(2)3)7-6-10(12)4/h6,11-12H,2,5,7-8H2,1,3-4H3	Carvyl propionate	CCC(=O)OC1CC(CC=C1C)C(=C)C	3.0999999	7336;688051;688052;688053;688054;22831400;53306878	NORMAN:(NS00012079);COCONUT:(CNP0145869);HMDB:(38047);PubChem class - food;PubChem:(7336 688051 688052 688053 688054 22831400 53306878);ZINC bio:(ZINC00056528 ZINC00056529 ZINC00056530 ZINC00056531);PubChem class - bio and metabolites	153362442
59	1	N/A	-222.06028564411508	C13H20O2	[M - H2O + H]+	GBUDXEBRIWMUIF	InChI=1S/C13H20O2/c1-8-12(15)5-4-11-6-10(9(2)14)7-13(8,11)3/h7-8,11-12,15H,4-6H2,1-3H3	null	CC1C(CCC2C1(C=C(C2)C(=O)C)C)O	2.0	102384819;101998897;131750892	COCONUT:(CNP0293084);HMDB:(29668);Natural Products:(UNPD162658);PubChem:(102384819 101998897 131750892);SuperNatural:(SN00227788);PubChem class - bio and metabolites	19955722
60	1	N/A	-222.06762180529375	C13H20O2	[M - H2O + H]+	ZXSSUMLXDZDERL	InChI=1S/C13H20O2/c1-11(2)6-5-7-12(3)8(11)9(14)13(4)10(12)15-13/h8,10H,5-7H2,1-4H3	1b,5,5,6a-Tetramethyl-octahydro-1-oxa-cyclopropa[a]inden-6-one	CC1(CCCC2(C1C(=O)C3(C2O3)C)C)C	2.79999995	534400	COCONUT:(CNP0343774);PubChem:(534400);PubMed	2097218
61	1	N/A	-222.09057159928088	C13H20O2	[M - H2O + H]+	ZTJZJYUGOJYHCU	InChI=1S/C13H20O2/c1-10(14)6-9-13-11(2,3)7-5-8-12(13,4)15-13/h6,9H,5,7-8H2,1-4H3	5,6-Epoxy-beta-ionone	CC(=O)C=CC12C(CCCC1(O2)C)(C)C	2.0	90899;5352481;6430868;10798423;13095204	HMDB:(34984);PubChem class - food;SuperNatural:(SN00287039);MeSH:(5352481 10798423);PubMed;NORMAN:(NS00013296);COCONUT:(CNP0197012);Natural Products:(UNPD124502);PubChem:(90899 5352481 6430868 10798423 13095204);YMDB Mine;CHEBI:(87546);PubChem class - bio and metabolites;KEGG Mine	43104108654
62	1	N/A	-222.54966722003422	C13H20O2	[M - H2O + H]+	QDEJSRGRUBKYGP	InChI=1S/C13H20O2/c1-13(2)12(15-13)8-7-10-3-5-11(9-14)6-4-10/h3,9,11-12H,4-8H2,1-2H3	4-(2-(3,3-Dimethyloxiranyl)ethyl)cyclohex-3-ene-1-carbaldehyde	CC1(C(O1)CCC2=CCC(CC2)C=O)C	1.70000005	169950	PubChem:(169950);NORMAN:(NS00057140)	262146
63	1	N/A	-223.2232819849716	C13H20O2	[M - H2O + H]+	VPOZXWNCEHPJQK	InChI=1S/C13H20O2/c1-9-7-11(14)8-12(3,4)13(9)6-5-10(2)15-13/h5,9H,6-8H2,1-4H3	1-Oxaspiro[4.5]dec-2-en-8-one, 2,6,6,10-tetramethyl-	CC1CC(=O)CC(C12CC=C(O2)C)(C)C	2.5	10878371;13250976	PubChem:(10878371 13250976);COCONUT:(CNP0003420)	2097154
64	1	N/A	-227.41407506547353	C13H20O2	[M - H2O + H]+	NJODMNZNJKQZCB	InChI=1S/C13H20O2/c1-3-5-14-12-8-11-7-10(12)9-13(11)15-6-4-2/h3-4,10-13H,1-2,5-9H2	2,5-bis(prop-2-enoxy)bicyclo[2.2.1]heptane	C=CCOC1CC2CC1CC2OCC=C	2.5	31431	PubChem:(31431);PubChem class - safety and toxic	67108866
65	1	N/A	-228.22801036655548	C13H20O2	[M - H2O + H]+	WDDHMVJSZRYGPI	InChI=1S/C13H20O2/c1-9-6-7-13(8-9)10(2)4-3-5-11(13)12(14)15/h5,9-10H,3-4,6-8H2,1-2H3,(H,14,15)/p-1	null	CC1CCC2(C1)C(CCC=C2C(=O)[O-])C	3.1825254	""	COCONUT:(CNP0040966 CNP0250795);SuperNatural:(SN00164328)	3145728
66	1	N/A	-228.55447463203419	C13H20O2	[M - H2O + H]+	MGSBKWPNOWBJCU	InChI=1S/C13H20O2/c1-10(14)6-9-13(4)8-5-7-12(2,3)11(13)15/h5-6,8-10,14H,7H2,1-4H3	null	CC(C=CC1(C=CCC(C1=O)(C)C)C)O	2.29999995	15624542	COCONUT:(CNP0114795);Natural Products:(UNPD4643);PubChem:(15624542);SuperNatural:(SN00260460)	3178498
67	1	N/A	-230.01273427388688	C13H20O2	[M - H2O + H]+	SKBCVUCDJRKPAH	InChI=1S/C13H20O2/c1-11(2)6-5-7-12(3)9(11)8-10(14)13(12,4)15/h5,7-8,10,14-15H,6H2,1-4H3	null	CC1(CC=CC2(C1=CC(C2(C)O)O)C)C	1.70000005	131752035	COCONUT:(CNP0040895);HMDB:(36686);KNApSAcK:(21959);PubChem:(131752035);PubChem class - bio and metabolites	18874394
68	1	N/A	-231.28012486480617	C13H20O2	[M - H2O + H]+	GIYINLRNLNHSBA	InChI=1S/C13H20O2/c1-4-6-7-8-9-10-11-13(5-2)15-12(3)14/h5-7,9-10,13H,2,4,8,11H2,1,3H3	[(5Z,8Z)-undeca-1,5,8-trien-3-yl] acetate	CCC=CCC=CCC(C=C)OC(=O)C	3.5	21775260;23426432;101415506	COCONUT:(CNP0306646);Natural Products:(UNPD2954 UNPD179483);PubChem:(21775260 23426432 101415506);SuperNatural:(SN00372297 SN00295871)	3178498
69	1	N/A	-231.99274624929282	C13H20O2	[M - H2O + H]+	WLEMGLXEMVZVIX	InChI=1S/C13H20O2/c1-9(2)11-4-6-12(7-5-11)13-14-8-10(3)15-13/h6,10-11,13H,1,4-5,7-8H2,2-3H3	Perillaldehyde propyleneglycol acetal	CC1COC(O1)C2=CCC(CC2)C(=C)C	2.79999995	71587448;76959114;76959115;76959116;76959117;76959118;76959119;76959120;76959121	PubChem:(71587448 76959114 76959115 76959116 76959117 76959118 76959119 76959120 76959121);PubChem class - food	134217730
70	1	N/A	-234.67198120141703	C13H20O2	[M - H2O + H]+	GOBXATJYRZJYRP	InChI=1S/C13H20O2/c1-3-8-13(14)15-12(4-2)11-9-6-5-7-10-11/h2,11-12H,3,5-10H2,1H3	1-cyclohexylprop-2-ynyl butanoate	CCCC(=O)OC(C#C)C1CCCCC1	3.5	57939	PubChem:(57939);PubChem class - safety and toxic	67108866
71	1	N/A	-240.60521269808396	C13H20O2	[M - H2O + H]+	XNIRJJUVFFMFPY	InChI=1S/C13H20O2/c1-6-7-8(2)13-10(4)12(14)9(3)11(5)15-13/h7,9,11H,6H2,1-5H3	4H-Pyran-4-one, 2,3-dihydro-2,3,5-trimethyl-6-(1-methyl-1-butenyl)-	CCC=C(C)C1=C(C(=O)C(C(O1)C)C)C	3.4000001	14477211;54478558;101594091	COCONUT:(CNP0316997);Natural Products:(UNPD7685);PubChem:(14477211 54478558 101594091);SuperNatural:(SN00265885)	3178498
72	1	N/A	-241.51073298709764	C13H20O2	[M - H2O + H]+	PFPZRMUCMKVUEX	InChI=1S/C13H20O2/c1-2-3-4-5-6-7-11-8-9-12(14)10-13(11)15/h8-10,14-15H,2-7H2,1H3	Di-hydranol	CCCCCCCC1=C(C=C(C=C1)O)O	4.17969322	87875	PubChem class - safety and toxic;PubChem:(87875);KEGG Mine	8657043458
73	1	N/A	-242.8748285128205	C13H20O2	[M - H2O + H]+	AKKNWGRLXKHQDH	InChI=1S/C13H20O2/c1-11(2)6-4-5-10-9-14-12(3)7-8-13(10,11)15-12/h5H,4,6-9H2,1-3H3	null	CC1(CCC=C2C13CCC(O3)(OC2)C)C	2.0	21636592;73817713;101599347	COCONUT:(CNP0156797);HMDB:(38529);Natural Products:(UNPD175322 UNPD180696);PubChem:(21636592 73817713 101599347);SuperNatural:(SN00287710 SN00235523);PubChem class - bio and metabolites	19955722
74	1	N/A	-243.06459824730814	C13H20O2	[M - H2O + H]+	SEDWZYHPNYWAAG	InChI=1S/C13H20O2/c1-13(2)12(15-13)7-6-10-4-3-5-11(8-10)9-14/h4,9,11-12H,3,5-8H2,1-2H3	3-[2-(3,3-dimethyloxiranyl)ethyl]cyclohex-3-ene-1-carbaldehyde	CC1(C(O1)CCC2=CCCC(C2)C=O)C	1.70000005	169951	PubChem:(169951);NORMAN:(NS00057994)	262146
75	1	N/A	-247.23345746424917	C13H20O2	[M - H2O + H]+	PSGCQDPCAWOCSH	InChI=1S/C13H20O2/c1-5-11(14)15-10-8-9-6-7-13(10,4)12(9,2)3/h5,9-10H,1,6-8H2,2-4H3	Ebecryl IBOA	CC1(C2CCC1(C(C2)OC(=O)C=C)C)C	3.2207725	544160;93013;117434;639970;904858;904859;3034425;17760083;16212506;23310226;23350409;45157558;121476710;122130333;137705836	NORMAN:(NS00011460);PubChem:(544160 93013 117434 639970 904858 904859 3034425 17760083 16212506 23310226 23350409 45157558 121476710 122130333 137705836);ZINC bio:(ZINC00056863 ZINC04029092 ZINC04975273 ZINC05903094);MeSH:(93013 544160 639970 122130333);PubChem class - safety and toxic;PubMed;KEGG Mine	8657313862
76	1	N/A	-248.11648664907335	C13H20O2	[M - H2O + H]+	YZSDPXWUIKTOJR	InChI=1S/C13H20O2/c14-12(15)13(9-5-2-6-10-13)11-7-3-1-4-8-11/h7H,1-6,8-10H2,(H,14,15)	1-(cyclohexen-1-yl)cyclohexane-1-carboxylate	C1CCC(CC1)(C2=CCCCC2)C(=O)O	3.4000001	2753329;7055956	COCONUT:(CNP0261516);PubChem:(2753329 7055956);SuperNatural:(SN00126339);ZINC bio:(ZINC03848545)	3153922
77	1	N/A	-252.86020568301132	C13H20O2	[M - H2O + H]+	YUBWRTQDLRVKLJ	InChI=1S/C13H20O2/c1-13(2)10-4-3-9(7-10)11(13)8-12-14-5-6-15-12/h8-10,12H,3-7H2,1-2H3	null	CC1(C2CCC(C2)C1=CC3OCCO3)C	2.5938859	""	COCONUT:(CNP0068469);SuperNatural:(SN00141831 SN00141832)	3145728
78	1	N/A	-255.5318885018293	C13H20O2	[M - H2O + H]+	HZBABTUFXQLADL	InChI=1S/C13H20O2/c1-2-3-4-5-6-11-15-13-9-7-12(14)8-10-13/h7-10,14H,2-6,11H2,1H3	4-heptoxyphenol	CCCCCCCOC1=CC=C(C=C1)O	4.08787107	25641	COCONUT:(CNP0305639);PubChem:(25641);SuperNatural:(SN00120303);CHEBI:(34406);ZINC bio:(ZINC02019847);MeSH:(25641);KEGG:(C14236);PubChem class - safety and toxic;PubMed	70263142
79	1	N/A	-256.8513757761669	C13H20O2	[M - H2O + H]+	JWXGUOJEQFYZNG	InChI=1S/C13H20O2/c1-9-10-5-6-11(12(10)15-3)13(9,2)7-4-8-14/h8,10-12H,1,4-7H2,2-3H3	null	CC1(C2CCC(C2OC)C1=C)CCC=O	2.3265934	""	COCONUT:(CNP0089552);SuperNatural:(SN00170359)	3145728
80	1	N/A	-257.3432730807546	C13H20O2	[M - H2O + H]+	IAFZDECXSSLOPI	InChI=1S/C13H20O2/c1-12(5-4-11(14)15-3)8-6-9-10(7-8)13(9,12)2/h8-10H,4-7H2,1-3H3	null	CC1(C2CC3C1(C3C2)C)CCC(=O)OC	2.56337094	""	COCONUT:(CNP0171293);Natural Products:(UNPD80106);SuperNatural:(SN00374156)	3178496
81	1	N/A	-257.38942488585474	C13H20O2	[M - H2O + H]+	VHXSDDGLWSACCZ	InChI=1S/C13H20O2/c1-9-5-6-10-12(2,3)8-7-11(14)13(10,4)15-9/h7-10H,5-6H2,1-4H3	null	CC1CCC2C(C=CC(=O)C2(O1)C)(C)C	2.69362402	""	COCONUT:(CNP0361370);Natural Products:(UNPD11737);SuperNatural:(SN00383163)	3178496
82	1	N/A	-258.0313163347601	C13H20O2	[M - H2O + H]+	ZKPBJHSNKLZLCD	InChI=1S/C13H20O2/c1-2-13(14)15-12-8-7-10-5-3-4-6-11(10)9-12/h2,10-12H,1,3-9H2	decahydronaphthalen-2-yl acrylate	C=CC(=O)OC1CCC2CCCCC2C1	4.0999999	103668;92256121	PubChem:(103668 92256121);NORMAN:(NS00057294)	262146
83	1	N/A	-264.93488533362387	C13H20O2	[M - H2O + H]+	MGQPKOBPXHENPO	InChI=1S/C13H20O2/c1-2-15-12(14)13-7-3-4-11(13)9-5-6-10(13)8-9/h9-11H,2-8H2,1H3	Ethyl hexahydro-4,7-methanoindane-3a-carboxylate	CCOC(=O)C12CCCC1C3CCC2C3	3.4000001	157342;157343;11790438;14833045;21123544;21123545;50918771;134158990	NORMAN:(NS00012441);PubChem class - safety and toxic;PubChem:(157342 157343 11790438 14833045 21123544 21123545 50918771 134158990)	67371010
84	1	N/A	-265.987700241544	C13H20O2	[M - H2O + H]+	QENPJKGENOZEEJ	InChI=1S/C13H20O2/c1-2-3-4-5-6-7-11-8-12(14)10-13(15)9-11/h8-10,14-15H,2-7H2,1H3	5-Heptylresorcinol	CCCCCCCC1=CC(=CC(=C1)O)O	4.69999981	68142	NORMAN:(NS00031997);COCONUT:(CNP0275449);Natural Products:(UNPD81806);PubChem:(68142);SuperNatural:(SN00390000)	3440642
85	1	N/A	-266.4305554510864	C13H20O2	[M - H2O + H]+	AIEOKRDVEYLFHJ	InChI=1S/C13H20O2/c1-3-5-7-11-12(14)8-10(6-4-2)9-13(11)15/h8-9,14-15H,3-7H2,1-2H3	2-butyl-5-propylbenzene-1,3-diol	CCCCC1=C(C=C(C=C1O)CCC)O	4.4000001	11528577	COCONUT:(CNP0108782);Natural Products:(UNPD37397);PubChem:(11528577);PubMed	2129986
86	1	N/A	-267.36912490974487	C13H20O2	[M - H2O + H]+	LMRVOUWMTBCVPJ	InChI=1S/C13H20O2/c1-2-3-4-5-13(15)12-8-6-11(10-14)7-9-12/h6-9,13-15H,2-5,10H2,1H3	null	CCCCCC(C1=CC=C(C=C1)CO)O	2.5	139587105	PubChem:(139587105);COCONUT:(CNP0403107)	2097154
87	1	N/A	-267.84290630776127	C13H20O2	[M - H2O + H]+	HBOCSQWJBVYGQZ	InChI=1S/C13H20O2/c1-13(2,3)15-12-7-5-11(6-8-12)9-10-14-4/h5-8H,9-10H2,1-4H3	1-(tert-Butoxy)-4-(2-methoxyethyl)benzene	CC(C)(C)OC1=CC=C(C=C1)CCOC	3.0	3020084	PubChem:(3020084);NORMAN:(NS00038622)	262146
88	1	N/A	-271.66199089111825	C13H20O2	[M - H2O + H]+	WPEIOHUPCRPKNT	InChI=1S/C13H20O2/c1-9-8-10-13(15-10)11(2,3)6-5-7-12(13,4)14-9/h5,7,9-10H,6,8H2,1-4H3	null	CC1CC2C3(O2)C(CC=CC3(O1)C)(C)C	2.29999995	101415509	COCONUT:(CNP0215079);Natural Products:(UNPD9168);PubChem:(101415509);SuperNatural:(SN00365394)	3178498
89	1	N/A	-272.63823939867837	C13H20O2	[M - H2O + H]+	QXHORPLJTIHQGR	InChI=1S/C13H20O2/c1-10(2)6-5-7-11(3)13(10)9-8-12(4,14-11)15-13/h5,7H,6,8-9H2,1-4H3	null	CC1(CC=CC2(C13CCC(O2)(O3)C)C)C	2.5	21636591;73817712	COCONUT:(CNP0269169);HMDB:(37776);Natural Products:(UNPD161512);PubChem:(21636591 73817712);SuperNatural:(SN00313330);PubChem class - bio and metabolites	19955722
90	1	N/A	-273.07992714313076	C13H20O2	[M - H2O + H]+	MGXXOIZXJCPUJG	InChI=1S/C13H20O2/c1-9(14)10-8-11-12(2,3)6-5-7-13(11,4)15-10/h5,7-10,14H,6H2,1-4H3	1-(4,4,7a-trimethyl-2,5-dihydro-1-benzofuran-2-yl)ethanol	CC(C1C=C2C(CC=CC2(O1)C)(C)C)O	1.89999998	15558328	COCONUT:(CNP0273065);Natural Products:(UNPD76414);PubChem:(15558328);SuperNatural:(SN00352360)	3178498
91	1	N/A	-276.57318576837383	C13H20O2	[M - H2O + H]+	NCBKUTILUODENZ	InChI=1S/C13H20O2/c1-9(2)12(6-5-11(4)14)13-7-10(3)8-15-13/h7-9,12H,5-6H2,1-4H3	2-Heptanone, 6-methyl-5-(4-methyl-2-furanyl)-	CC1=COC(=C1)C(CCC(=O)C)C(C)C	2.79999995	14454061	COCONUT:(CNP0173706);Natural Products:(UNPD121546);PubChem:(14454061);SuperNatural:(SN00344105)	3178498
92	1	N/A	-278.4730952049813	C13H20O2	[M - H2O + H]+	XPKLONXIXRADCG	InChI=1S/C13H20O2/c1-3-4-5-6-7-11-12(14)8-10(2)9-13(11)15/h8-9,14-15H,3-7H2,1-2H3	1,3-Benzenediol, 2-hexyl-5-methyl-	CCCCCCC1=C(C=C(C=C1O)C)O	4.5	11535811	COCONUT:(CNP0155444);KNApSAcK:(41261);Natural Products:(UNPD196123);PubChem:(11535811);PubMed	2130002
93	1	N/A	-279.1294392635547	C13H20O2	[M - H2O + H]+	XHXDLUJJGQOZHW	InChI=1S/C13H20O2/c1-10(2)13(14)9-6-11-4-7-12(15-3)8-5-11/h4-5,7-8,10,13-14H,6,9H2,1-3H3	null	CC(C)C(CCC1=CC=C(C=C1)OC)O	3.20000005	64513944	HMDB:(132947);PubChem:(64513944);PubChem class - bio and metabolites	16777226
94	1	N/A	-279.14267617739245	C13H20O2	[M - H2O + H]+	ULAJGYNCWKGREU	InChI=1S/C13H20O2/c1-9-10(14)8-11-12(2,3)6-5-7-13(11,4)15-9/h5,7-10,14H,6H2,1-4H3	null	CC1C(C=C2C(CC=CC2(O1)C)(C)C)O	1.89999998	101415508	COCONUT:(CNP0129625);HMDB:(34672);Natural Products:(UNPD31214);PubChem:(101415508);PubChem class - bio and metabolites	18907146
95	1	N/A	-280.05676568648454	C13H20O2	[M - H2O + H]+	RBQGXGKGCGSNPQ	InChI=1S/C13H20O2/c1-3-10(2)13(15)12(14)9-11-7-5-4-6-8-11/h4-8,10,12-15H,3,9H2,1-2H3	null	CCC(C)C(C(CC1=CC=CC=C1)O)O	2.5999999	66598964	COCONUT:(CNP0139946);Natural Products:(UNPD220650);PubChem:(66598964);PubMed	2129986
96	1	N/A	-286.02584606457424	C13H20O2	[M - H2O + H]+	RKFMSQNVKOFTGO	InChI=1S/C13H20O2/c1-3-4-5-7-11-8-6-9-13(14)12(11)10-15-2/h6,8-9,14H,3-5,7,10H2,1-2H3	null	CCCCCC1=C(C(=CC=C1)O)COC	3.5999999	10822263	COCONUT:(CNP0233198);Natural Products:(UNPD92921);PubChem:(10822263)	2129922
97	1	N/A	-286.44943001422587	C13H20O2	[M - H2O + H]+	BIISIZOQPWZPPS	InChI=1S/C13H20O2/c1-12(2,3)14-15-13(4,5)11-9-7-6-8-10-11/h6-10H,1-5H3	2-tert-butylperoxypropan-2-ylbenzene	CC(C)(C)OOC(C)(C)C1=CC=CC=C1	3.20000005	76997	NORMAN:(NS00002405);PubChem class - safety and toxic;PubChem:(76997)	67371010
98	1	N/A	-286.76741908442193	C13H20O2	[M - H2O + H]+	SYAUGQOFRUBJCC	InChI=1S/C13H20O2/c1-2-3-4-5-6-7-8-9-10-11-12-13(14)15/h3-4,6-7,9-10H,2,5,8,11-12H2,1H3,(H,14,15)	null	CCC=CCC=CCC=CCCC(=O)O	3.4000001	89348679;123866255;124220677;137699768	PubChem:(89348679 123866255 124220677 137699768);PubChem class - bio and metabolites	16777218
99	1	N/A	-287.50159711973106	C13H20O2	[M - H2O + H]+	KVDNDRKELNLBLO	InChI=1S/C13H20O2/c1-8-10-7-9-5-4-6-12(8,2)11(9)13(10,14)15-3/h9-11,14H,1,4-7H2,2-3H3	null	CC12CCCC3C1C(C(C3)C2=C)(O)OC	2.31551933	""	COCONUT:(CNP0095832);SuperNatural:(SN00170348)	3145728
100	1	N/A	-291.3781970867346	C13H20O2	[M - H2O + H]+	PUAHZQALAWRSNP	InChI=1S/C13H20O2/c1-3-14-13(15-4-2)11-10-12-8-6-5-7-9-12/h5-9,13H,3-4,10-11H2,1-2H3	3,3-diethoxypropylbenzene	CCOC(CCC1=CC=CC=C1)OCC	3.0999999	64820	PubChem:(64820);NORMAN:(NS00036889)	262146
101	1	N/A	-294.361404350945	C13H20O2	[M - H2O + H]+	PGIQMCOLYCTABQ	InChI=1S/C13H20O2/c1-3-13(4-2,10-14)12(15)11-8-6-5-7-9-11/h5-9,12,14-15H,3-4,10H2,1-2H3	1, 2,2-diethyl-1-phenyl-	CCC(CC)(CO)C(C1=CC=CC=C1)O	2.29999995	98038;92160803;92172253	PubChem:(98038 92160803 92172253);PubChem class - safety and toxic	67108866
102	1	N/A	-297.3051974424637	C13H20O2	[M - H2O + H]+	WVGXBYVKFQJQGN	InChI=1S/C13H20O2/c1-10(2)11-8-6-7-9-12(11)14-15-13(3,4)5/h6-10H,1-5H3	tert-Butyl isopropylphenyl peroxide	CC(C)C1=CC=CC=C1OOC(C)(C)C	4.2853899	3015505	PubChem:(3015505);NORMAN:(NS00051557)	262146
103	1	N/A	-297.5596857528701	C13H20O2	[M - H2O + H]+	AMAXDFNIPPJNCG	InChI=1S/C13H20O2/c1-4-14-13(15-5-2)11(3)12-9-7-6-8-10-12/h6-11,13H,4-5H2,1-3H3	1,1-diethoxypropan-2-ylbenzene	CCOC(C(C)C1=CC=CC=C1)OCC	3.0999999	85826;92272436	PubChem:(85826 92272436);NORMAN:(NS00052370)	262146
104	1	N/A	-298.2760616793766	C13H20O2	[M - H2O + H]+	FMYCPRQGKSONCP	InChI=1S/C13H20O2/c1-3-10-14-12(2)15-11-9-13-7-5-4-6-8-13/h4-8,12H,3,9-11H2,1-2H3	Acetal R	CCCOC(C)OCCC1=CC=CC=C1	3.29999995	61403;57151175;76972056	NORMAN:(NS00011931);COCONUT:(CNP0053733);HMDB:(36824);PubChem class - food;PubChem:(61403 57151175 76972056);PubChem class - bio and metabolites;PubChem class - safety and toxic	220463114
105	1	N/A	-299.18328174175025	C13H20O2	[M - H2O + H]+	KYAXSLCXEJFPBA	InChI=1S/C13H20O2/c1-4-9(2)11-5-7-12(8-6-11)13(15)10(3)14/h5-10,13-15H,4H2,1-3H3	(1R,2S)-1-(4-butan-2-ylphenyl)propane-1,2-diol	CCC(C)C1=CC=C(C=C1)C(C(C)O)O	2.5	16091950;101418772	COCONUT:(CNP0407109);Natural Products:(UNPD83421);PubChem:(16091950 101418772)	2129922
106	1	N/A	-303.2733634169425	C13H20O2	[M - H2O + H]+	JDYDBAVDWRWTCJ	InChI=1S/C13H20O2/c1-2-13(8-10-14,9-11-15)12-6-4-3-5-7-12/h3-7,14-15H,2,8-11H2,1H3	3-Ethyl-3-phenylpentane-1,5-diol	CCC(CCO)(CCO)C1=CC=CC=C1	2.4000001	96853	PubChem:(96853);NORMAN:(NS00038608)	262146
107	1	N/A	-306.0470208345455	C13H20O2	[M - H2O + H]+	ZBMCOYJNWKBBCY	InChI=1S/C13H20O2/c1-10(14)9-15-12-7-5-11(6-8-12)13(2,3)4/h5-8,10,14H,9H2,1-4H3	1-(4-tert-Butylphenoxy)-2-propanol	CC(COC1=CC=C(C=C1)C(C)(C)C)O	3.29999995	220038;81847570;81847597	PubChem:(220038 81847570 81847597);PubChem class - safety and toxic	67108866
108	1	N/A	-310.34839118690877	C13H20O2	[M - H2O + H]+	ONRRGZQJJNDUPR	InChI=1S/C13H20O2/c1-13(2,12(14-3)15-4)10-11-8-6-5-7-9-11/h5-9,12H,10H2,1-4H3	(3,3-Dimethoxy-2,2-dimethylpropyl)benzene	CC(C)(CC1=CC=CC=C1)C(OC)OC	3.20000005	175123	PubChem:(175123);NORMAN:(NS00037398)	262146
109	1	N/A	-311.85989647934457	C13H20O2	[M - H2O + H]+	PTQRSJSVYDMWEE	InChI=1S/C13H20O2/c1-4-13(15,10-12(2,3)14)11-8-6-5-7-9-11/h5-9,14-15H,4,10H2,1-3H3	2-Methyl-4-phenyl-2,4-hexanediol	CCC(CC(C)(C)O)(C1=CC=CC=C1)O	2.0999999	30498	PubChem:(30498);PubChem class - safety and toxic	67108866
110	1	N/A	-315.2585240383732	C13H20O2	[M - H2O + H]+	OCNPBDJCVJYMKL	InChI=1S/C13H20O2/c14-11-9-4-3-5-10(11)13-7-2-1-6-12(13,8-9)15-13/h9-11,14H,1-8H2	null	C1CCC23C4CCCC(C4O)CC2(C1)O3	1.89999998	3517147;7079580;6953700;18397848;16397721;98135624	COCONUT:(CNP0370971);PubChem:(3517147 7079580 6953700 18397848 16397721 98135624);SuperNatural:(SN00069494);ZINC bio:(ZINC04030002)	3153922
111	1	N/A	-316.40340315341086	C13H20O2	[M - H2O + H]+	BXXDXUTVAFRBKC	InChI=1S/C13H20O2/c1-4-13(2,3)11-5-7-12(8-6-11)15-10-9-14/h5-8,14H,4,9-10H2,1-3H3	p-t-Amylphenoxyethanol	CCC(C)(C)C1=CC=C(C=C1)OCCO	3.4000001	80797	PubChem:(80797);NORMAN:(NS00045117)	262146
112	1	N/A	-324.630983353823	C13H20O2	[M - H2O + H]+	AQGNMKRJQKGKIK	InChI=1S/C13H20O2/c1-3-4-5-6-7-11-8-12(14)10-13(9-11)15-2/h8-10,14H,3-7H2,1-2H3	Phenol, 3-hexyl-5-methoxy-	CCCCCCC1=CC(=CC(=C1)OC)O	4.5	71319233	COCONUT:(CNP0218693);Natural Products:(UNPD136445);PubChem:(71319233);SuperNatural:(SN00249749)	3178498
113	1	N/A	-327.6093397320082	C13H20O2	[M - H2O + H]+	DVVUTMXGRUEWAO	InChI=1S/C13H20O2/c1-4-5-6-7-11-8-12(14)10(2)13(9-11)15-3/h8-9,14H,4-7H2,1-3H3	3-Methoxy-2-methyl-5-pentylphenol	CCCCCC1=CC(=C(C(=C1)OC)C)O	4.30000019	19046652	COCONUT:(CNP0343619);Natural Products:(UNPD198859);PubChem:(19046652);PubMed	2129986
114	1	N/A	-341.0969368830776	C13H20O2	[M - H2O + H]+	OTCYDBRXABTHJM	InChI=1S/C13H20O2/c1-9(2)11-7-8-13(4,15-11)12-6-5-10(3)14-12/h5-6,9,11H,7-8H2,1-4H3	2,2''-Bifuran, 2,3,4,5-tetrahydro-2,5''-dimethyl-5-(1-methylethyl)-, cis-	CC1=CC=C(O1)C2(CCC(O2)C(C)C)C	3.20000005	71365374;71365375;78063307	COCONUT:(CNP0359289);KNApSAcK:(11501);PubChem:(71365374 71365375 78063307)	2097170
115	1	N/A	-359.4862134264827	C13H20O2	[M - H2O + H]+	YMGVCVXPMGCDBS	InChI=1S/C13H20O2/c1-9(2)12-5-6-13(4,15-12)11-7-10(3)14-8-11/h7-9,12H,5-6H2,1-4H3	null	CC1=CC(=CO1)C2(CCC(O2)C(C)C)C	3.44306993	""	COCONUT:(CNP0174253);Natural Products:(UNPD163964 UNPD87815);SuperNatural:(SN00239552 SN00327380)	3178496