structureRankPerFormula	formulaRank	ConfidenceScore	CSI:FingerIDScore	molecularFormula	adduct	InChIkey2D	InChI	name	smiles	xlogp	pubchemids	links	dbflags
1	1	N/A	-172.83758473767517	C17H28O9	[M + H]+	NOBGGITXBJJASU	InChI=1S/C17H28O9/c1-6-8(4)17(23)26-15-13(24-9(5)18)11(20)10(19)12(21)14(15)25-16(22)7(2)3/h7-8,10-15,19-21H,6H2,1-5H3	null	CCC(C)C(=O)OC1C(C(C(C(C1OC(=O)C(C)C)O)O)O)OC(=O)C	0.472184718	""	COCONUT:(CNP0181624);Natural Products:(UNPD75721);SuperNatural:(SN00397958)	3178496
2	1	N/A	-201.45490160050116	C17H28O9	[M + H]+	ZGGQUYBSAMXOCK	InChI=1S/C17H28O9/c18-10-12-14(22)15(23)16(24)17(26-12)25-9-4-2-1-3-6-11(19)7-5-8-13(20)21/h1-2,12,14-18,22-24H,3-10H2,(H,20,21)	null	C(CC(=O)CCC=CCCOC1C(C(C(C(O1)CO)O)O)O)CC(=O)O	-1.39999998	44179621	COCONUT:(CNP0103002);Natural Products:(UNPD50511);PubChem:(44179621);SuperNatural:(SN00338200)	3178498
3	1	N/A	-202.28030920579212	C17H28O9	[M + H]+	WTWRXXXNMXJOQP	InChI=1S/C17H28O9/c1-2-3-4-5-6-12(19)26-17-15-14(13(20)11(7-18)25-17)23-8-10(9-24-15)16(21)22/h10-11,13-15,17-18,20H,2-9H2,1H3,(H,21,22)	null	CCCCCCC(=O)OC1C2C(C(C(O1)CO)O)OCC(CO2)C(=O)O	0.800000012	24041580	COCONUT:(CNP0211018);PubChem:(24041580);SuperNatural:(SN00033143 SN00033145 SN00033142 SN00033144);ZINC bio:(ZINC35457066 ZINC35457070 ZINC35457072 ZINC35457076)	3153922
4	1	N/A	-227.21144547536844	C17H28O9	[M + H]+	GVJSQKBHGQEZPM	InChI=1S/C17H28O9/c1-9(20)26-17(2)5-3-10(4-6-18)11(17)8-24-16-15(23)14(22)13(21)12(7-19)25-16/h4,11-16,18-19,21-23H,3,5-8H2,1-2H3	null	CC(=O)OC1(CCC(=CCO)C1COC2C(C(C(C(O2)CO)O)O)O)C	-1.14683259	""	COCONUT:(CNP0284121);Natural Products:(UNPD58479);SuperNatural:(SN00266604)	3178496
1	1	0.07600279117604711	-85.08068107045916	C17H30O10	[M - H2O + H]+	YVFRKAACLWNICN	InChI=1S/C17H30O10/c1-2-3-4-5-6-24-17-15(23)13(21)12(20)10(27-17)8-26-16-14(22)11(19)9(18)7-25-16/h4-5,9-23H,2-3,6-8H2,1H3	null	CCCC=CCOC1C(C(C(C(O1)COC2C(C(C(CO2)O)O)O)O)O)O	-2.29999995	101852026	COCONUT:(CNP0130123);Natural Products:(UNPD71040);PubChem:(101852026);SuperNatural:(SN00286226)	3178498
2	1	N/A	-90.12178891976005	C17H30O10	[M - H2O + H]+	NVTNXPADRDASMP	InChI=1S/C17H30O10/c1-2-3-4-5-6-24-17-15(23)13(21)12(20)10(27-17)8-26-16-14(22)11(19)9(18)7-25-16/h3-4,9-23H,2,5-8H2,1H3	Aoba alcohol xylopyranosyl-(1-6)-glucopyranoside	CCC=CCCOC1C(C(C(C(O1)COC2C(C(C(CO2)O)O)O)O)O)O	-2.4000001	6507054;6444012;11560275;102358960;131751183	COCONUT:(CNP0152763);HMDB:(31690);Natural Products:(UNPD178983);PubChem:(6507054 6444012 11560275 102358960 131751183);SuperNatural:(SN00359125);additional;PubChem class - bio and metabolites;MeSH:(6444012 131751183);Training Set;PubMed	20496462
3	1	N/A	-105.09008718330102	C17H30O10	[M - H2O + H]+	MOOXSHZEQJWTJN	InChI=1S/C17H30O10/c1-2-3-4-5-6-24-17-15(11(20)9(19)8-25-17)27-16-14(23)13(22)12(21)10(7-18)26-16/h4-5,9-23H,2-3,6-8H2,1H3	(2S,3R,4S,5S,6R)-2-[(2S,3R,4S,5S)-2-[(E)-hex-2-enoxy]-4,5-dihydroxyoxan-3-yl]oxy-6-(hydroxymethyl)oxane-3,4,5-triol	CCCC=CCOC1C(C(C(CO1)O)O)OC2C(C(C(C(O2)CO)O)O)O	-1.70000005	11968591;21550385	COCONUT:(CNP0123513);Natural Products:(UNPD150907);PubChem:(11968591 21550385);SuperNatural:(SN00166549)	3178498
4	1	N/A	-134.47858831706026	C17H30O10	[M - H2O + H]+	BNFFXQFOYCHESC	InChI=1S/C17H30O10/c1-2-3-4-5-6-24-15-13(21)12(20)11(19)10(27-15)7-25-16-14(22)17(23,8-18)9-26-16/h3-4,10-16,18-23H,2,5-9H2,1H3	null	CCC=CCCOC1C(C(C(C(O1)COC2C(C(CO2)(CO)O)O)O)O)O	-2.0999999	102034265	COCONUT:(CNP0203800);Natural Products:(UNPD195257);PubChem:(102034265);SuperNatural:(SN00343759)	3178498
5	1	N/A	-147.78196013911204	C17H30O10	[M - H2O + H]+	SFLYHLDZSLIEMY	InChI=1S/C17H30O10/c1-2-3-4-5-6-24-17-15(13(22)12(21)10(7-18)26-17)27-16-14(23)11(20)9(19)8-25-16/h3-4,9-23H,2,5-8H2,1H3	null	CCC=CCCOC1C(C(C(C(O1)CO)O)O)OC2C(C(C(CO2)O)O)O	-1.79999995	53248222	COCONUT:(CNP0255685);Natural Products:(UNPD193364);PubChem:(53248222);SuperNatural:(SN00345106)	3178498
6	1	N/A	-148.57550545738454	C17H30O10	[M - H2O + H]+	OQGARELXIIUCLH	InChI=1S/C17H30O10/c1-7(2)4-5-24-16-14(23)12(21)15(9(6-18)26-16)27-17-13(22)11(20)10(19)8(3)25-17/h8-23H,1,4-6H2,2-3H3	null	CC1C(C(C(C(O1)OC2C(OC(C(C2O)O)OCCC(=C)C)CO)O)O)O	-2.0	38355137	COCONUT:(CNP0065823);PubChem:(38355137);SuperNatural:(SN00029290);ZINC bio:(ZINC31162155)	3153922