structureRankPerFormula	formulaRank	ConfidenceScore	CSI:FingerIDScore	molecularFormula	adduct	InChIkey2D	InChI	name	smiles	xlogp	pubchemids	links	dbflags
1	1	0.5681274470729952	-2.2559957527680248	C11H12O5	[M + H]+	PCMORTLOPMLEFB	InChI=1S/C11H12O5/c1-15-8-5-7(3-4-10(12)13)6-9(16-2)11(8)14/h3-6,14H,1-2H3,(H,12,13)	Sinapate	COC1=CC(=CC(=C1O)OC)C=CC(=O)O	1.5	10743;1549091;637775;11356559;16109943;54710960;54725814;54733734;90861324;129711653	HMDB:(32616 34069 127488);PubChem class - food;SuperNatural:(SN00273941 SN00306221 SN00157687 SN00001142);ZINC bio:(ZINC00153654 ZINC06004394);additional;MeSH:(10743 637775 1549091);Plantcyc:(SINAPATE);PubMed;NORMAN:(NS00015085);COCONUT:(CNP0063218 CNP0195904);KNApSAcK:(34327);Natural Products:(UNPD178775 UNPD222558 UNPD142592);PubChem:(10743 1549091 637775 11356559 16109943 54710960 54725814 54733734 90861324 129711653);CHEBI:(77131 30023 15714 76350);PubChem class - bio and metabolites;KEGG:(C00482);PubChem class - safety and toxic;Training Set;Biocyc:(SINAPATE)	222226814
2	1	N/A	-40.40265283433006	C11H12O5	[M + H]+	NDGIDRFOPAADDX	InChI=1S/C11H12O5/c1-15-9-6-7(3-4-10(13)14)5-8(12)11(9)16-2/h3-6,12H,1-2H3,(H,13,14)	null	COC1=CC(=CC(=C1OC)O)C=CC(=O)O	1.5	10998653;53406633	HMDB:(141325);PubChem:(10998653 53406633);PubMed;KEGG Mine;PubChem class - bio and metabolites	8606711882
3	1	N/A	-62.68624542313957	C11H12O5	[M + H]+	AAKKARXDZDUXHU	InChI=1S/C11H12O5/c1-15-9-6-7(3-4-10(13)16-2)5-8(12)11(9)14/h3-6,12,14H,1-2H3	null	COC1=CC(=CC(=C1O)O)C=CC(=O)OC	1.5	10171379;14843288;70007640	COCONUT:(CNP0264196);Natural Products:(UNPD103718);PubChem:(10171379 14843288 70007640);KEGG Mine	8592064514
4	1	N/A	-82.97384852630361	C11H12O5	[M + H]+	HWZDEFMEFOFIJG	InChI=1S/C11H12O5/c1-15-8-5-3-7(4-6-9(12)13)11(16-2)10(8)14/h3-6,14H,1-2H3,(H,12,13)	null	COC1=C(C(=C(C=C1)C=CC(=O)O)OC)O	1.5	44593242;91166105	HMDB:(140920);PubChem:(44593242 91166105);PubChem class - bio and metabolites	16777226
5	1	N/A	-91.50591442473277	C11H12O5	[M + H]+	BFYCMQNZMBSHKP	InChI=1S/C11H12O5/c1-15-8-5-3-7(4-6-9(12)13)10(14)11(8)16-2/h3-6,14H,1-2H3,(H,12,13)	null	COC1=C(C(=C(C=C1)C=CC(=O)O)O)OC	1.5	15801277;53405655	HMDB:(142075);PubChem:(15801277 53405655);PubChem class - bio and metabolites	16777226
6	1	N/A	-181.1870956686787	C11H12O5	[M + H]+	KEYMIXGHQOCNLC	InChI=1S/C11H12O5/c1-15-10-7(4-3-5-12)6-8(13)9(14)11(10)16-2/h3-6,13-14H,1-2H3	null	COC1=C(C(=C(C=C1C=CC=O)O)O)OC	1.0	131834966	PubChem:(131834966);HMDB:(128665)	10
7	1	N/A	-192.13536003647775	C11H12O5	[M + H]+	CSWKYHGBYCNZAS	InChI=1S/C11H12O5/c1-7(13)16-11-9(14-2)4-8(6-12)5-10(11)15-3/h4-6H,1-3H3	bmse010133	CC(=O)OC1=C(C=C(C=C1OC)C=O)OC	1.10000002	688189	COCONUT:(CNP0263192);Natural Products:(UNPD199279);PubChem:(688189);CHEBI:(86945);ZINC bio:(ZINC00056855);PubChem class - safety and toxic	69247010
8	1	N/A	-223.99265678509332	C11H12O5	[M + H]+	GQMXXQFZDGUTPH	InChI=1S/C11H12O5/c12-5-6-16-11(15)4-2-8-1-3-9(13)10(14)7-8/h1-4,7,12-14H,5-6H2	null	C1=CC(=C(C=C1C=CC(=O)OCCO)O)O	0.869510651	23656804	COCONUT:(CNP0182315);Natural Products:(UNPD104670);PubChem:(23656804);SuperNatural:(SN00291197);PubMed	3178562
9	1	N/A	-242.75594809560963	C11H12O5	[M + H]+	BHQRCCUOSHDJQC	InChI=1S/C11H12O5/c1-7(12)16-9-5-4-8(11(13)15-3)6-10(9)14-2/h4-6H,1-3H3	bmse010107	CC(=O)OC1=C(C=C(C=C1)C(=O)OC)OC	1.63542247	602779	COCONUT:(CNP0377044);Natural Products:(UNPD207490);PubChem:(602779);CHEBI:(86557)	2129954
10	1	N/A	-248.3914338163942	C11H12O5	[M + H]+	HULVQYKNRRMOBW	InChI=1S/C11H12O5/c1-6(12)10(13)7-4-8(15-2)11(14)9(5-7)16-3/h4-5,14H,1-3H3	null	CC(=O)C(=O)C1=CC(=C(C(=C1)OC)O)OC	0.983668625	13879734	COCONUT:(CNP0298634);Natural Products:(UNPD967);PubChem:(13879734);PubMed	2129986
11	1	N/A	-249.00174490988493	C11H12O5	[M + H]+	KKSNRHOMXHCRGF	InChI=1S/C11H12O5/c1-14-8-6-4-5-7(10(12)15-2)9(8)11(13)16-3/h4-6H,1-3H3	dimethyl 3-methoxybenzene-1,2-dicarboxylate	COC1=CC=CC(=C1C(=O)OC)C(=O)OC	1.60048676	316224	COCONUT:(CNP0168287);Natural Products:(UNPD129111);PubChem:(316224)	2129922
12	1	N/A	-258.7157072497828	C11H12O5	[M + H]+	RRANFHUAXGKYBS	InChI=1S/C11H12O5/c1-14-8-5-4-7(6-9(8)15-2)10(12)11(13)16-3/h4-6H,1-3H3	methyl (3,4-dimethoxyphenyl)(oxo)acetate	COC1=C(C=C(C=C1)C(=O)C(=O)OC)OC	1.47093475	1712324	PubChem:(1712324);PubChem class - safety and toxic	67108866
13	1	N/A	-260.4205373269572	C11H12O5	[M + H]+	SBBRFMZBVACQCF	InChI=1S/C11H12O5/c1-6(12)8-4-7(15-2)5-9(16-3)10(8)11(13)14/h4-5H,1-3H3,(H,13,14)	null	CC(=O)C1=C(C(=CC(=C1)OC)OC)C(=O)O	1.10000002	44577695	COCONUT:(CNP0121032);Natural Products:(UNPD222407);PubChem:(44577695);PubMed	2129986
14	1	N/A	-260.5271201069543	C11H12O5	[M + H]+	FHQHSPYLIZRPEF	InChI=1S/C11H12O5/c1-6-8(4-5-9(12)13)16-11(14)7(2)10(6)15-3/h4-5H,1-3H3,(H,12,13)	null	CC1=C(OC(=O)C(=C1OC)C)C=CC(=O)O	0.699999988	14077393;85559377	COCONUT:(CNP0139260);Natural Products:(UNPD192762);PubChem:(14077393 85559377);SuperNatural:(SN00228355)	3178498
15	1	N/A	-260.5758210467178	C11H12O5	[M + H]+	JMMYNIBVDWEZBT	InChI=1S/C11H12O5/c1-6-4-8(12)11(7(2)16-6)9(15-3)5-10(13)14/h4-5H,1-3H3,(H,13,14)	null	CC1=CC(=O)C(=C(O1)C)C(=CC(=O)O)OC	0.600000024	10727819	COCONUT:(CNP0311806);Natural Products:(UNPD70008);PubChem:(10727819);SuperNatural:(SN00289968)	3178498
16	1	N/A	-260.97002572866376	C11H12O5	[M + H]+	QLJMBAXRCXCSGZ	InChI=1S/C11H12O5/c1-7(12)16-9-4-3-8(6-11(13)14)5-10(9)15-2/h3-5H,6H2,1-2H3,(H,13,14)	4-acetoxy-3-methoxyphenyl acetic acid	CC(=O)OC1=C(C=C(C=C1)CC(=O)O)OC	1.38733149	226484;25272437	COCONUT:(CNP0313364);PubChem class - safety and toxic;PubChem:(226484 25272437);PubMed	69206082
17	1	N/A	-261.2318294147351	C11H12O5	[M + H]+	VYLTWLWJTAJDSS	InChI=1S/C11H12O5/c1-14-9-5-4-7(10(12)15-2)6-8(9)11(13)16-3/h4-6H,1-3H3	Dimethyl 4-methoxyisophthalate	COC1=C(C=C(C=C1)C(=O)OC)C(=O)OC	1.60048676	89938	NORMAN:(NS00027310);COCONUT:(CNP0277924);Natural Products:(UNPD28249);PubChem class - safety and toxic;PubChem:(89938)	69500930
18	1	N/A	-265.16296114348637	C11H12O5	[M + H]+	QZXCQBNFILFNOE	InChI=1S/C11H12O5/c1-7(13)11(14)16-9-4-3-8(6-12)5-10(9)15-2/h3-7,13H,1-2H3	Vanillyl lactate	CC(C(=O)OC1=C(C=C(C=C1)C=O)OC)O	0.899999976	71587874;76957614;76957615	PubChem:(71587874 76957614 76957615);PubChem class - food	134217730
19	1	N/A	-266.7088955618087	C11H12O5	[M + H]+	VQABPCNSGLWGBB	InChI=1S/C11H12O5/c1-14-11-9(13)7(3-2-4-12)5-8-10(11)16-6-15-8/h2-3,5,12-13H,4,6H2,1H3	null	COC1=C(C(=CC2=C1OCO2)C=CCO)O	1.10000002	131834973	PubChem:(131834973);HMDB:(128673)	10
20	1	N/A	-267.65334183429144	C11H12O5	[M + H]+	WWLMWGQMVNRCIH	InChI=1S/C11H12O5/c1-14-10-7(3-2-4-12)5-8-11(9(10)13)16-6-15-8/h2-3,5,12-13H,4,6H2,1H3	null	COC1=C(C2=C(C=C1C=CCO)OCO2)O	1.10000002	131834974	PubChem:(131834974);HMDB:(128674)	10
21	1	N/A	-276.3898007269476	C11H12O5	[M + H]+	OJWKRUWDYCFIHI	InChI=1S/C11H12O5/c1-6(4-10(12)13)8-5-9(15-3)7(2)11(14)16-8/h4-5H,1-3H3,(H,12,13)	null	CC1=C(C=C(OC1=O)C(=CC(=O)O)C)OC	1.39999998	102367304	PubChem:(102367304);COCONUT:(CNP0224008)	2097154
22	1	N/A	-278.1307998185011	C11H12O5	[M + H]+	YDAUNLHADFMIBZ	InChI=1S/C11H12O5/c1-6(12)10-8(15-2)4-7(11(13)14)5-9(10)16-3/h4-5H,1-3H3,(H,13,14)	4-Acetyl-3,5-dimethoxybenzoic acid	CC(=O)C1=C(C=C(C=C1OC)C(=O)O)OC	1.11322057	3016989	PubChem:(3016989);NORMAN:(NS00033371)	262146
23	1	N/A	-279.92715393835795	C11H12O5	[M + H]+	ZUQRDBCPZDOGMJ	InChI=1S/C11H12O5/c1-5(12)9-7(14)4-8(16-3)10(6(2)13)11(9)15/h4,14-15H,1-3H3	1-(3-acetyl-2,6-dihydroxy-4-methoxyphenyl)ethanone	CC(=O)C1=C(C(=C(C=C1O)OC)C(=O)C)O	1.70000005	2775170	COCONUT:(CNP0206073);Natural Products:(UNPD103364);PubChem:(2775170);SuperNatural:(SN00256621);ZINC bio:(ZINC00157797)	3186690
24	1	N/A	-285.4184959811446	C11H12O5	[M + H]+	MOWWOOBXTGKYPJ	InChI=1S/C11H12O5/c1-8(12)15-6-7-16-11(14)9-4-2-3-5-10(9)13/h2-5,13H,6-7H2,1H3	2-(Acetoxy)ethyl salicylate	CC(=O)OCCOC(=O)C1=CC=CC=C1O	1.13809645	23616336	PubChem:(23616336);NORMAN:(NS00041117)	262146
25	1	N/A	-290.04556389286165	C11H12O5	[M + H]+	NKAIIFWPOWVGOC	InChI=1S/C11H12O5/c1-8(13)16-10-5-3-2-4-9(10)11(14)15-7-6-12/h2-5,12H,6-7H2,1H3	2-hydroxyethyl 2-acetyloxybenzoate	CC(=O)OC1=CC=CC=C1C(=O)OCCO	1.13809645	6876	PubChem:(6876);NORMAN:(NS00039175)	262146
26	1	N/A	-292.12284529685326	C11H12O5	[M + H]+	OYXGHNICVXMJND	InChI=1S/C11H12O5/c1-14-9-4-7(5-12)8(6-13)10(15-2)11(9)16-3/h4-6H,1-3H3	null	COC1=C(C(=C(C(=C1)C=O)C=O)OC)OC	0.800000012	85987778	COCONUT:(CNP0327037);Natural Products:(UNPD90256);PubChem:(85987778);SuperNatural:(SN00367944)	3178498
27	1	N/A	-293.1845269732798	C11H12O5	[M + H]+	VUDRYTCMXUBSEV	InChI=1S/C11H12O5/c1-15-9-4-3-7(6-10(9)16-2)5-8(12)11(13)14/h3-4,6H,5H2,1-2H3,(H,13,14)	Ambap2460-33-5	COC1=C(C=C(C=C1)CC(=O)C(=O)O)OC	1.22284389	11020527	COCONUT:(CNP0018846);PubChem:(11020527);PubMed	2097218
28	1	N/A	-293.7318005441581	C11H12O5	[M + H]+	MPVGPCOONBUZHV	InChI=1S/C11H12O5/c1-15-8-4-3-7(5-10(12)16-2)9(6-8)11(13)14/h3-4,6H,5H2,1-2H3,(H,13,14)	5-methoxy-2-(2-methoxy-2-oxoethyl)benzoate	COC1=CC(=C(C=C1)CC(=O)OC)C(=O)O	1.20000005	2754319;7056861	COCONUT:(CNP0158340);PubChem:(2754319 7056861);SuperNatural:(SN00127164);ZINC bio:(ZINC03850322)	3153922
29	1	N/A	-294.5424830472821	C11H12O5	[M + H]+	DBOBHAFGEZXWTC	InChI=1S/C11H12O5/c1-6(12)7-4-8(13-2)10(14-3)11-9(7)15-5-16-11/h4H,5H2,1-3H3	null	CC(=O)C1=CC(=C(C2=C1OCO2)OC)OC	1.46394324	""	COCONUT:(CNP0104804);Natural Products:(UNPD46051);SuperNatural:(SN00342654)	3178496
30	1	N/A	-296.45530698403525	C11H12O5	[M + H]+	NGFWAKGWMSOVMP	InChI=1S/C11H12O5/c1-15-6-7-16-11(14)9-5-3-2-4-8(9)10(12)13/h2-5H,6-7H2,1H3,(H,12,13)	Methoxyethyl phthalate	COCCOC(=O)C1=CC=CC=C1C(=O)O	1.10316074	85462;20295175	MeSH:(85462);PubChem class - safety and toxic;PubChem:(85462 20295175);PubMed	67108934
31	1	N/A	-300.46556519282353	C11H12O5	[M + H]+	XZWYGKPSIBDYDY	InChI=1S/C11H12O5/c1-14-9-5-7(10(12)15-2)4-8(6-9)11(13)16-3/h4-6H,1-3H3	Dimethyl 5-methoxyisophthalate	COC1=CC(=CC(=C1)C(=O)OC)C(=O)OC	1.60000002	4167302	PubChem class - safety and toxic;PubChem:(4167302);ZINC bio:(ZINC00403469)	67117058
32	1	N/A	-305.1377192594566	C11H12O5	[M + H]+	DJQMYWWZWUOCBQ	InChI=1S/C11H12O5/c1-15-10(13)8-2-4-9(5-3-8)11(14)16-7-6-12/h2-5,12H,6-7H2,1H3	2-Hydroxyethyl methyl terephthalate	COC(=O)C1=CC=C(C=C1)C(=O)OCCO	1.10316074	77207	NORMAN:(NS00030046);PubChem:(77207);PubChem class - bio and metabolites	17039362
33	1	N/A	-307.80414580248055	C11H12O5	[M + H]+	CMGMFEHGLURORF	InChI=1S/C11H12O5/c1-6-8(15-2)4-9(16-3)7(5-12)10(6)11(13)14/h4-5H,1-3H3,(H,13,14)	2-formyl-3,5-dimethoxy-6-methylbenzoic acid	CC1=C(C(=C(C=C1OC)OC)C=O)C(=O)O	1.20000005	22915019	COCONUT:(CNP0219287);Natural Products:(UNPD67865);PubChem:(22915019)	2129922
34	1	N/A	-307.88691412406445	C11H12O5	[M + H]+	VJFDVDXXJRSPLZ	InChI=1S/C11H12O5/c1-7(10(12)13)16-9-5-3-2-4-8(6-9)11(14)15/h2,4,6,9H,1,3,5H2,(H,12,13)(H,14,15)	null	C=C(C(=O)O)OC1CCC=CC(=C1)C(=O)O	1.70000005	44123452;44123451	Plantcyc:(CPD0-1681);PubChem:(44123452 44123451);Biocyc:(CPD0-1681);PubChem class - bio and metabolites	16910338
35	1	N/A	-309.0424453056212	C11H12O5	[M + H]+	GQJSQEUBPFWQCU	InChI=1S/C11H12O5/c1-2-7-15-11(14)16-9-6-4-3-5-8(9)10(12)13/h3-6H,2,7H2,1H3,(H,12,13)	2-propoxycarbonyloxybenzoic acid	CCCOC(=O)OC1=CC=CC=C1C(=O)O	2.15158939	51460	PubChem:(51460);PubChem class - safety and toxic	67108866
36	1	N/A	-309.83386055574033	C11H12O5	[M + H]+	VDGBGPADDGBBMF	InChI=1S/C11H12O5/c1-6(10(12)13)4-8-5-9(15-3)7(2)11(14)16-8/h4-5H,1-3H3,(H,12,13)	null	CC1=C(C=C(OC1=O)C=C(C)C(=O)O)OC	1.20000005	10443596	COCONUT:(CNP0158383);Natural Products:(UNPD193626);PubChem:(10443596);SuperNatural:(SN00225589)	3178498
37	1	N/A	-309.94539824033023	C11H12O5	[M + H]+	OOIBKTATDVJAFJ	InChI=1S/C11H12O5/c1-2-15-10(13)7-16-11(14)8-5-3-4-6-9(8)12/h3-6,12H,2,7H2,1H3	2-Ethoxy-2-oxoethyl salicylate	CCOC(=O)COC(=O)C1=CC=CC=C1O	1.5574764	119739	NORMAN:(NS00028380);Training Set;PubChem:(119739)	278530
38	1	N/A	-310.1322207556319	C11H12O5	[M + H]+	PEMSVVZWLJFHRI	InChI=1S/C11H12O5/c12-9(13)6-8(11(15)16)10(14)7-4-2-1-3-5-7/h1-5,8,10,14H,6H2,(H,12,13)(H,15,16)	CBKinase1_002310	C1=CC=C(C=C1)C(C(CC(=O)O)C(=O)O)O	0.100000001	804575;804577;804578;804579;2925296;6945465;6945466;6945467;6945468	HMDB:(142170);PubChem:(804575 804577 804578 804579 2925296 6945465 6945466 6945467 6945468);PubMed;KEGG Mine;PubChem class - bio and metabolites	8606711882
39	1	N/A	-315.30263521149715	C11H12O5	[M + H]+	PCCMWFJJKRPREI	InChI=1S/C11H12O5/c1-14-11-9(13)7(3-2-4-12)5-8-10(11)16-6-15-8/h4-5,13H,2-3,6H2,1H3	null	COC1=C(C(=CC2=C1OCO2)CCC=O)O	1.0	131834968	HMDB:(128667);PubChem:(131834968);PubChem class - bio and metabolites	16777226
40	1	N/A	-317.62622718677505	C11H12O5	[M + H]+	RCEAXNDISKWBGT	InChI=1S/C11H12O5/c1-2-14-7-4-3-5-8-10(7)16-9(6-15-8)11(12)13/h3-5,9H,2,6H2,1H3,(H,12,13)	null	CCOC1=CC=CC2=C1OC(CO2)C(=O)O	1.37378061	""	COCONUT:(CNP0396390);Natural Products:(UNPD196698);SuperNatural:(SN00256906)	3178496
41	1	N/A	-321.44137499539863	C11H12O5	[M + H]+	IADJINNALUXPJX	InChI=1S/C11H12O5/c12-9-4-2-1-3-7(9)5-8(11(15)16)6-10(13)14/h1-4,8,12H,5-6H2,(H,13,14)(H,15,16)	null	C1=CC=C(C(=C1)CC(CC(=O)O)C(=O)O)O	0.899999976	129661761	HMDB:(142169);PubChem:(129661761);KEGG Mine;PubChem class - bio and metabolites	8606711818
42	1	N/A	-321.54898073754725	C11H12O5	[M + H]+	XKJPTHCVZAUTDD	InChI=1S/C11H12O5/c1-14-10-7(3-2-4-12)5-8-11(9(10)13)16-6-15-8/h4-5,13H,2-3,6H2,1H3	null	COC1=C(C2=C(C=C1CCC=O)OCO2)O	1.0	131834969	HMDB:(128668);PubChem:(131834969);PubChem class - bio and metabolites	16777226
43	1	N/A	-322.23622370145296	C11H12O5	[M + H]+	OUSIFRGZULVWQP	InChI=1S/C11H12O5/c1-7-8(4-3-5-10(12)13)9(15-2)6-11(14)16-7/h3,5-6H,4H2,1-2H3,(H,12,13)	null	CC1=C(C(=CC(=O)O1)OC)CC=CC(=O)O	0.600000024	101379191	COCONUT:(CNP0217287);Natural Products:(UNPD125543);PubChem:(101379191);SuperNatural:(SN00245384)	3178498
44	1	N/A	-324.42120379613067	C11H12O5	[M + H]+	MMMHZBODZRNHIN	InChI=1S/C11H12O5/c1-16-7-2-3-8(10(13)6-7)9(12)4-5-11(14)15/h2-3,6,13H,4-5H2,1H3,(H,14,15)	Benzenebutanoicacid, 2-hydroxy-4-methoxy-g-oxo-	COC1=CC(=C(C=C1)C(=O)CCC(=O)O)O	0.974752963	254171	MeSH:(254171);PubChem:(254171);PubMed;PubChem class - bio and metabolites	16777286
45	1	N/A	-324.5135197183404	C11H12O5	[M + H]+	CDZABZXRYYKRGF	InChI=1S/C11H12O5/c1-14-8-5-4-7(6-12)9(10(8)15-2)11(13)16-3/h4-6H,1-3H3	methyl 6-formyl-2,3-dimethoxybenzoate	COC1=C(C(=C(C=C1)C=O)C(=O)OC)OC	1.20000005	2747763	COCONUT:(CNP0032637);PubChem:(2747763);SuperNatural:(SN00122036);ZINC bio:(ZINC03843095)	3153922
46	1	N/A	-325.28983335185416	C11H12O5	[M + H]+	UYUOIPIOTPMHKV	InChI=1S/C11H12O5/c1-6(12)11-7(4-10(14)15)3-8(16-2)5-9(11)13/h3,5,13H,4H2,1-2H3,(H,14,15)	Benzeneacetic acid, 2-acetyl-3-hydroxy-5-methoxy-	CC(=O)C1=C(C=C(C=C1O)OC)CC(=O)O	1.20000005	16745395	COCONUT:(CNP0213392 CNP0419219);PubChem:(16745395);SuperNatural:(SN00020524);ZINC bio:(ZINC13660265);additional;Training Set;PubMed	3694658
47	1	N/A	-329.13600047551597	C11H12O5	[M + H]+	MDYCUZHBCOPWJQ	InChI=1S/C11H12O5/c1-6(12)11-7(4-10(15)16-2)3-8(13)5-9(11)14/h3,5,13-14H,4H2,1-2H3	Benzeneacetic acid, 2-acetyl-3,5-dihydroxy-, methyl ester	CC(=O)C1=C(C=C(C=C1O)O)CC(=O)OC	1.20000005	10537208;15470976;102010870	COCONUT:(CNP0159233);MeSH:(15470976);Natural Products:(UNPD111518);PubChem:(10537208 15470976 102010870);PubMed	2129990
48	1	N/A	-329.2126839609826	C11H12O5	[M + H]+	LTJBCAXNCIKFQK	InChI=1S/C11H12O5/c12-9-3-1-2-7(5-9)4-8(11(15)16)6-10(13)14/h1-3,5,8,12H,4,6H2,(H,13,14)(H,15,16)	null	C1=CC(=CC(=C1)O)CC(CC(=O)O)C(=O)O	0.899999976	54051743	HMDB:(142174);PubChem:(54051743);KEGG Mine;PubChem class - bio and metabolites	8606711818
49	1	N/A	-330.78957173066505	C11H12O5	[M + H]+	IBFHVVYOZSCYNN	InChI=1S/C11H12O5/c12-9(11(14)15)6-10(13)16-7-8-4-2-1-3-5-8/h1-5,9,12H,6-7H2,(H,14,15)	Benzyl alpha-(S)-malate	C1=CC=C(C=C1)COC(=O)CC(C(=O)O)O	0.5	3050318;21152553;68498179;101226290	COCONUT:(CNP0343529);PubChem class - safety and toxic;PubChem:(3050318 21152553 68498179 101226290)	69206018
50	1	N/A	-331.0690185174075	C11H12O5	[M + H]+	HTSZGPUBODALCL	InChI=1S/C11H12O5/c1-7(6-12)16-11(15)9-5-3-2-4-8(9)10(13)14/h2-5,7,12H,6H2,1H3,(H,13,14)	2-(1-hydroxypropan-2-yloxycarbonyl)benzoate	CC(CO)OC(=O)C1=CC=CC=C1C(=O)O	1.14595342	92062;18629865	PubChem:(92062 18629865);NORMAN:(NS00056034)	262146
51	1	N/A	-332.54371329695044	C11H12O5	[M + H]+	RLDOSQILCSICAK	InChI=1S/C11H12O5/c1-5-8(13)3-7(4-9(14)15)10(6(2)12)11(5)16/h3,13,16H,4H2,1-2H3,(H,14,15)	null	CC1=C(C=C(C(=C1O)C(=O)C)CC(=O)O)O	1.29999995	71725224	COCONUT:(CNP0286693);Natural Products:(UNPD217232);PubChem:(71725224);PubMed	2129986
52	1	N/A	-334.92488714784827	C11H12O5	[M + H]+	LWIPABRAHRZWNP	InChI=1S/C11H12O5/c1-15-10(13)9(11(14)16-2)7-3-5-8(12)6-4-7/h3-6,9,12H,1-2H3	Dimethyl (4-hydroxyphenyl)malonate	COC(=O)C(C1=CC=C(C=C1)O)C(=O)OC	1.5	3018973	PubChem:(3018973);NORMAN:(NS00060617)	262146
53	1	N/A	-338.79935281336753	C11H12O5	[M + H]+	OAJXYMDMOKNADM	InChI=1S/C11H12O5/c1-7(12)6-16-11(15)9-4-2-8(3-5-9)10(13)14/h2-5,7,12H,6H2,1H3,(H,13,14)	4-(2-hydroxypropoxycarbonyl)benzoic acid	CC(COC(=O)C1=CC=C(C=C1)C(=O)O)O	1.0	21199136	PubChem:(21199136);NORMAN:(NS00050543)	262146
54	1	N/A	-344.01542682143327	C11H12O5	[M + H]+	NIQTXYHOBXGIAF	InChI=1S/C11H12O5/c1-14-9-4-7(8(13)2-3-12)5-10-11(9)16-6-15-10/h4-5,12H,2-3,6H2,1H3	null	COC1=CC(=CC2=C1OCO2)C(=O)CCO	0.600000024	57409880	COCONUT:(CNP0119619);Natural Products:(UNPD224794);PubChem:(57409880)	2129922
55	1	N/A	-351.44126908814417	C11H12O5	[M + H]+	JNJWXECUICPRKM	InChI=1S/C11H12O5/c12-9-3-1-7(2-4-9)5-8(11(15)16)6-10(13)14/h1-4,8,12H,5-6H2,(H,13,14)(H,15,16)	null	C1=CC(=CC=C1CC(CC(=O)O)C(=O)O)O	0.899999976	68549174;101703284;101703285	HMDB:(142171);PubChem:(68549174 101703284 101703285);PubMed;KEGG Mine;PubChem class - bio and metabolites	8606711882
56	1	N/A	-356.02868576333367	C11H12O5	[M + H]+	OPOVMNDABAKVQM	InChI=1S/C11H12O5/c1-6(11(15)16)5-9(13)7-3-2-4-8(12)10(7)14/h2-4,6,12,14H,5H2,1H3,(H,15,16)	null	CC(CC(=O)C1=C(C(=CC=C1)O)O)C(=O)O	0.938453019	""	COCONUT:(CNP0320406);Natural Products:(UNPD81352);SuperNatural:(SN00290023)	3178496
57	1	N/A	-363.03448404187276	C11H12O5	[M + H]+	HUXJGSHUVDWZAM	InChI=1S/C11H12O5/c1-3-16-11(15)9-6(2)4-8(13)7(5-12)10(9)14/h4-5,13-14H,3H2,1-2H3	Spectrum2_000629	CCOC(=O)C1=C(C(=C(C=C1C)O)C=O)O	2.4000001	3940691	COCONUT:(CNP0376624);Natural Products:(UNPD35536);PubChem:(3940691);SuperNatural:(SN00003405);ZINC bio:(ZINC03200778);additional;Training Set;PubMed	3727426
58	1	N/A	-363.8582266641847	C11H12O5	[M + H]+	SDRCJDXJFGYTRZ	InChI=1S/C11H12O5/c12-9(11(15)16)8(10(13)14)6-7-4-2-1-3-5-7/h1-5,8-9,12H,6H2,(H,13,14)(H,15,16)	3-Benzylmalate	C1=CC=C(C=C1)CC(C(C(=O)O)O)C(=O)O	0.699999988	10944089;22022899;22022900;54300227;70091722	HMDB:(142173);PubChem:(10944089 22022899 22022900 54300227 70091722);PubChem class - bio and metabolites;KEGG:(C20654);PubMed;Biocyc:(CPD-15324);KEGG Mine	8606714186
59	1	N/A	-364.80575146290647	C11H12O5	[M + H]+	KBJYCJYGWNJFOR	InChI=1S/C11H12O5/c1-3-16-11-7(5-12)8(14)4-9(15)10(11)6(2)13/h4-5,14-15H,3H2,1-2H3	Benzaldehyde, 3-acetyl-2-ethoxy-4,6-dihydroxy-	CCOC1=C(C(=CC(=C1C(=O)C)O)O)C=O	1.79999995	71369829	COCONUT:(CNP0194783);Natural Products:(UNPD97223);PubChem:(71369829)	2129922
60	1	N/A	-365.91262671020365	C11H12O5	[M + H]+	SGNALGPYOOQHOT	InChI=1S/C11H12O5/c1-6(5-9(13)14)10(15)7-3-2-4-8(12)11(7)16/h2-4,6,12,16H,5H2,1H3,(H,13,14)	4-(2,3-Dihydroxyphenyl)-3-methyl-4-oxobutanoic acid	CC(CC(=O)O)C(=O)C1=C(C(=CC=C1)O)O	1.39999998	586465;92468469;92468470	COCONUT:(CNP0066508 CNP0120767);KNApSAcK:(50393);Natural Products:(UNPD169112 UNPD15977);PubChem:(586465 92468469 92468470);SuperNatural:(SN00293387 SN00158975 SN00304293);ZINC bio:(ZINC14660282 ZINC14660285)	3186706
61	1	N/A	-366.6135583802637	C11H12O5	[M + H]+	GWOSIAKMGPKVAC	InChI=1S/C11H12O5/c1-3-4-9-7(5-12)10(15-2)8(6-13)11(14)16-9/h3-5,13H,6H2,1-2H3	5-(hydroxymethyl)-4-methoxy-6-oxo-2-[(E)-prop-1-enyl]pyran-3-carbaldehyde	CC=CC1=C(C(=C(C(=O)O1)CO)OC)C=O	0.300000012	6442270	COCONUT:(CNP0219440);Natural Products:(UNPD117588);PubChem:(6442270)	2129922
62	1	N/A	-368.7692250498721	C11H12O5	[M + H]+	FQNLHCIUBPSVTD	InChI=1S/C11H12O5/c1-5-9(14)8(6(2)13)10(15)7(4-12)11(5)16-3/h4,14-15H,1-3H3	null	CC1=C(C(=C(C(=C1OC)C=O)O)C(=O)C)O	1.79999995	101420144	COCONUT:(CNP0394096);Natural Products:(UNPD222280);PubChem:(101420144)	2129922
63	1	N/A	-368.7692250498721	C11H12O5	[M + H]+	IXVOMMDBCFWZHD	InChI=1S/C11H12O5/c1-5-9(14)7(4-12)10(15)8(6(2)13)11(5)16-3/h4,14-15H,1-3H3	null	CC1=C(C(=C(C(=C1OC)C(=O)C)O)C=O)O	1.01991868	""	COCONUT:(CNP0382320);Natural Products:(UNPD187939);SuperNatural:(SN00346863)	3178496
64	1	N/A	-374.2689096865788	C11H12O5	[M + H]+	SRBRUXANGPVKMN	InChI=1S/C11H12O5/c1-13-8-4-6-7(5-16-11(6)12)9(14-2)10(8)15-3/h4H,5H2,1-3H3	4,5,6-trimethoxy-3H-2-benzofuran-1-one	COC1=C(C(=C2COC(=O)C2=C1)OC)OC	1.29999995	230869	COCONUT:(CNP0369114);PubChem:(230869);SuperNatural:(SN00043491);ZINC bio:(ZINC00138990)	3153922
65	1	N/A	-375.8130938132743	C11H12O5	[M + H]+	KPUJGYHKQOMTNO	InChI=1S/C11H12O5/c1-5-8(4-16-7(3)12)11(15)10(14)6(2)9(5)13/h13H,4H2,1-3H3	null	CC1=C(C(=O)C(=O)C(=C1O)C)COC(=O)C	0.530363858	""	COCONUT:(CNP0314976);Natural Products:(UNPD7407);SuperNatural:(SN00281006)	3178496
66	1	N/A	-377.52666542676633	C11H12O5	[M + H]+	YMGHNRDRCGBBJK	InChI=1S/C11H12O5/c1-15-9(12)11(14,10(13)16-2)8-6-4-3-5-7-8/h3-7,14H,1-2H3	Propanedioic acid, hydroxyphenyl-, dimethyl ester	COC(=O)C(C1=CC=CC=C1)(C(=O)OC)O	1.10000002	13361970	COCONUT:(CNP0320104);Natural Products:(UNPD80966);PubChem:(13361970);SuperNatural:(SN00303749)	3178498
67	1	N/A	-378.18726486910225	C11H12O5	[M + H]+	KINUBXBOAZOHHO	InChI=1S/C11H12O5/c1-6-3-7(4-12)8(5-13)9(11(14)15)10(6)16-2/h3,5,12H,4H2,1-2H3,(H,14,15)	Dihydrogladiolic acid	CC1=CC(=C(C(=C1OC)C(=O)O)C=O)CO	0.400000006	3014613	COCONUT:(CNP0412172);Natural Products:(UNPD164087);PubChem:(3014613);SuperNatural:(SN00253094)	3178498
68	1	N/A	-382.7913970039903	C11H12O5	[M + H]+	CXFLZKRCHJUUNK	InChI=1S/C11H12O5/c1-6(13)3-7-4-9(14)10(15)11(16-2)8(7)5-12/h4-5,14-15H,3H2,1-2H3	null	CC(=O)CC1=CC(=C(C(=C1C=O)OC)O)O	0.300000012	139586695	PubChem:(139586695);COCONUT:(CNP0350081)	2097154
69	1	N/A	-384.4441856495994	C11H12O5	[M + H]+	ZNAJIKYTBCGAQQ	InChI=1S/C11H12O5/c12-9(13)7-11(16,10(14)15)6-8-4-2-1-3-5-8/h1-5,16H,6-7H2,(H,12,13)(H,14,15)	2-Benzylmalate	C1=CC=C(C=C1)CC(CC(=O)O)(C(=O)O)O	0.400000006	152197;11229827;21152552;22915920	HMDB:(142172);MeSH:(152197);PubMed;COCONUT:(CNP0189029);Natural Products:(UNPD226241);PubChem:(152197 11229827 21152552 22915920);YMDB Mine;PubChem class - bio and metabolites;EcoCyc Mine;KEGG:(C20653);PubChem class - safety and toxic;Biocyc:(CPD-15323);KEGG Mine	60215560526
70	1	N/A	-386.13157649670995	C11H12O5	[M + H]+	DJPNZRMNDHZMMX	InChI=1S/C11H12O5/c12-8(2-4-11(15)16)5-7-1-3-9(13)10(14)6-7/h1,3,6,13-14H,2,4-5H2,(H,15,16)	null	C1=CC(=C(C=C1CC(=O)CCC(=O)O)O)O	0.300000012	129884204	PubChem:(129884204);CHEBI:(137479)	34
71	1	N/A	-388.5770579143539	C11H12O5	[M + H]+	DYBGHVJXCODBIL	InChI=1S/C11H12O5/c1-6-9(11(12)14-3)7(13-2)4-8-10(6)16-5-15-8/h4H,5H2,1-3H3	null	CC1=C2C(=CC(=C1C(=O)OC)OC)OCO2	1.89999998	57505385	COCONUT:(CNP0285879);Natural Products:(UNPD81776);PubChem:(57505385)	2129922
72	1	N/A	-393.9722954067546	C11H12O5	[M + H]+	DVEBNONPNBAGBE	InChI=1S/C11H12O5/c1-8(4-5-12)11(14)15-7-10-3-2-9(6-13)16-10/h2-3,6,12H,1,4-5,7H2	null	C=C(CCO)C(=O)OCC1=CC=C(O1)C=O	0.699999988	72694197	COCONUT:(CNP0215610);PubChem:(72694197);PubMed	2097218
73	1	N/A	-398.7622108931083	C11H12O5	[M + H]+	RKLOZIOELXTHBJ	InChI=1S/C11H12O5/c1-14-8-5-7(13)9-6(12)3-4-16-11(9)10(8)15-2/h5,13H,3-4H2,1-2H3	null	COC1=C(C2=C(C(=O)CCO2)C(=C1)O)OC	1.5	122182398	COCONUT:(CNP0078630);PubChem:(122182398);PubMed	2097218
74	1	N/A	-398.79761606877986	C11H12O5	[M + H]+	FQNSWDMLJLMQPR	InChI=1S/C11H12O5/c1-5-7(14-2)4-6(12)8-9(13)11(15-3)16-10(5)8/h4,11-12H,1-3H3	null	CC1=C(C=C(C2=C1OC(C2=O)OC)O)OC	2.0	15386354	COCONUT:(CNP0161880);KNApSAcK:(44317);Natural Products:(UNPD128851);PubChem:(15386354);SuperNatural:(SN00348055)	3178514
75	1	N/A	-399.7664212412204	C11H12O5	[M + H]+	NJMLRQVWOPGDSK	InChI=1S/C11H12O5/c1-11(14)10(13)8-6(5-16-11)3-4-7(15-2)9(8)12/h3-4,12,14H,5H2,1-2H3	null	CC1(C(=O)C2=C(CO1)C=CC(=C2O)OC)O	1.0	129688103	COCONUT:(CNP0104344);Natural Products:(UNPD176606);PubChem:(129688103);SuperNatural:(SN00314546)	3178498
76	1	N/A	-400.2111266979063	C11H12O5	[M + H]+	HUGWHUCHDWOFLZ	InChI=1S/C11H12O5/c1-5-6(14-2)4-7-8(9(5)12)10(13)11(15-3)16-7/h4,11-12H,1-3H3	null	CC1=C(C=C2C(=C1O)C(=O)C(O2)OC)OC	2.0	15386351	COCONUT:(CNP0226486);KNApSAcK:(44316);Natural Products:(UNPD43203);PubChem:(15386351);SuperNatural:(SN00246115)	3178514
77	1	N/A	-402.8821055671249	C11H12O5	[M + H]+	DYVJOSMIBABKSI	InChI=1S/C11H12O5/c1-5(6(2)12)9-10(14)7(13)4-8(16-3)11(9)15/h4-5,14H,1-3H3	2-hydroxy-5-methoxy-3-(3-oxobutan-2-yl)cyclohexa-2,5-diene-1,4-dione	CC(C1=C(C(=O)C=C(C1=O)OC)O)C(=O)C	0.300000012	11218355	PubChem:(11218355);COCONUT:(CNP0074137 CNP0356728)	2097154
78	1	N/A	-408.0359955272742	C11H12O5	[M + H]+	ITQMCGGDQIPRJM	InChI=1S/C11H12O5/c1-5-6(2)15-11(13)9-7(14-3)4-8(12)16-10(5)9/h4,6,11,13H,1H2,2-3H3	null	CC1C(=C)C2=C(C(O1)O)C(=CC(=O)O2)OC	-0.5	139584884	PubChem:(139584884);COCONUT:(CNP0357633)	2097154
79	1	N/A	-415.6927257814624	C11H12O5	[M + H]+	YWFBTEHDLKFDCW	InChI=1S/C11H12O5/c1-11(14)10(13)8-6(5-16-11)3-4-7(12)9(8)15-2/h3-4,12,14H,5H2,1-2H3	null	CC1(C(=O)C2=C(CO1)C=CC(=C2OC)O)O	0.76505357	""	COCONUT:(CNP0132087);Natural Products:(UNPD85099);SuperNatural:(SN00367133)	3178496
80	1	N/A	-417.9509620993485	C11H12O5	[M + H]+	BIWNDHPZHWCUSL	InChI=1S/C11H12O5/c1-15-8-4-6-2-3-16-11(14)9(6)10(13)7(8)5-12/h4,12-13H,2-3,5H2,1H3	null	COC1=C(C(=C2C(=C1)CCOC2=O)O)CO	1.10000002	25769053	COCONUT:(CNP0221138);Natural Products:(UNPD25971);PubChem:(25769053);SuperNatural:(SN00020345);ZINC bio:(ZINC13461361);PubMed	3186754
81	1	N/A	-421.0697463258459	C11H12O5	[M + H]+	OPUNBWBQUCHJGF	InChI=1S/C11H12O5/c1-11(15,7-13)5-4-8(6-12)9-2-3-10(14)16-9/h2-3,12-13,15H,6-7H2,1H3	null	CC(CO)(C#CC(=C1C=CC(=O)O1)CO)O	-0.899999976	12124514;101223149	COCONUT:(CNP0258639);Natural Products:(UNPD136007);PubChem:(12124514 101223149)	2129922
82	1	N/A	-421.39208609343945	C11H12O5	[M + H]+	DFFWZNDCNBOKDI	InChI=1S/C11H12O5/c12-7-3-6(11(15)16)4-8(13)9(7)10(14)5-1-2-5/h5-6,14H,1-4H2,(H,15,16)	Trinexapac	C1CC1C(=C2C(=O)CC(CC2=O)C(=O)O)O	0.200000003	14371531	NORMAN:(NS00004127);PubChem:(14371531);CHEBI:(83454);additional;MeSH:(14371531);PubChem class - safety and toxic;Training Set;PubMed;KEGG Mine	8657846374
83	1	N/A	-422.3293057997696	C11H12O5	[M + H]+	CBOVMILAWSSPKZ	InChI=1S/C11H12O5/c12-6-2-1-4-8-10(14)9(5-3-7-13)16-11(8)15/h1-6,9-10,13-14H,7H2	Eutypellin A	C(C=CC1C(C(=CC=CC=O)C(=O)O1)O)O	-0.899999976	44479732	COCONUT:(CNP0242439);KNApSAcK:(47870);Natural Products:(UNPD14435);PubChem:(44479732);SuperNatural:(SN00375254);MeSH:(44479732);PubMed	3178582
84	1	N/A	-428.638593848754	C11H12O5	[M + H]+	TXTINTVPMBCGKO	InChI=1S/C11H12O5/c1-3-7(5-12)8-4-10(13)16-6-9(8)11(14)15-2/h3,5-6,8H,4H2,1-2H3	methyl (4S)-2-oxo-4-[(E)-1-oxobut-2-en-2-yl]-3,4-dihydropyran-5-carboxylate	CC=C(C=O)C1CC(=O)OC=C1C(=O)OC	0.200000003	10013857;20054903	COCONUT:(CNP0238106);HMDB:(30018);Natural Products:(UNPD181299 UNPD185959);PubChem:(10013857 20054903);SuperNatural:(SN00357564);PubChem class - bio and metabolites	19955722
85	1	N/A	-430.0644638600244	C11H12O5	[M + H]+	MJPSOCVCUXUXLP	InChI=1S/C11H12O5/c1-5-10(13)7-3-6(15-2)4-8(12)9(7)11(14)16-5/h3-5,10,12-13H,1-2H3	null	CC1C(C2=C(C(=CC(=C2)OC)O)C(=O)O1)O	1.29999995	45359158;93061331;93061332;93061333;93061334	COCONUT:(CNP0132251);Natural Products:(UNPD203100);PubChem:(45359158 93061331 93061332 93061333 93061334);SuperNatural:(SN00032933 SN00032932 SN00032931 SN00032934);ZINC bio:(ZINC35456090 ZINC35456095 ZINC35456099 ZINC35456102);additional;Training Set;KEGG Mine	8593661954
86	1	N/A	-433.56463786554787	C11H12O5	[M + H]+	GRPDFZWZVGSOSZ	InChI=1S/C11H12O5/c1-5-3-7(15-2)9-8(6(5)4-12)10(13)16-11(9)14/h3,10,12-13H,4H2,1-2H3	null	CC1=CC(=C2C(=C1CO)C(OC2=O)O)OC	1.14674127	""	COCONUT:(CNP0298501);Natural Products:(UNPD54292);SuperNatural:(SN00296625)	3178496
87	1	N/A	-434.7641011252224	C11H12O5	[M + H]+	KMMGWWCKVLBXLF	InChI=1S/C11H12O5/c1-2-3-4-7-8(5-6-9(12)13)11(15)16-10(7)14/h3-4H,2,5-6H2,1H3,(H,12,13)	null	CCC=CC1=C(C(=O)OC1=O)CCC(=O)O	1.10000002	10443595;85144948	COCONUT:(CNP0182855);Natural Products:(UNPD89216);PubChem:(10443595 85144948);SuperNatural:(SN00376546)	3178498
88	1	N/A	-437.2918651018047	C11H12O5	[M + H]+	VFUAFLPXAQFTLG	InChI=1S/C11H12O5/c1-5-3-6-4-7(12)10(15-2)9(13)8(6)11(14)16-5/h4-5,12-13H,3H2,1-2H3	6,8-dihydroxy-7-methoxy-3-methyl-3,4-dihydroisochromen-1-one	CC1CC2=CC(=C(C(=C2C(=O)O1)O)OC)O	2.0999999	614234;22294900	COCONUT:(CNP0348626);PubChem:(614234 22294900);SuperNatural:(SN00030465 SN00030464);ZINC bio:(ZINC32254419 ZINC32254421);additional;MeSH:(22294900);Training Set;PubMed	3694662
89	1	N/A	-440.71170095863056	C11H12O5	[M + H]+	GRSVIXWYIHCOGF	InChI=1S/C11H12O5/c1-4-7(13)3-6-8(9(4)14)11(15)16-10(6)5(2)12/h3,5,10,12-14H,1-2H3	pestaphthalide B	CC1=C(C=C2C(OC(=O)C2=C1O)C(C)O)O	1.29999995	24850093;24850094;134857651	COCONUT:(CNP0403357);Natural Products:(UNPD27721 UNPD38030);PubChem:(24850093 24850094 134857651);SuperNatural:(SN00348672 SN00375237);PubMed	3178562
90	1	N/A	-445.54089893862056	C11H12O5	[M + H]+	JELOYSWGYATABR	InChI=1S/C11H12O5/c1-5(12)9(14)10-7-3-2-6(13)4-8(7)11(15)16-10/h2-5,9-10,12-14H,1H3	1(3H)-Isobenzofuranone, 3-(1,2-dihydroxypropyl)-6-hydroxy-	CC(C(C1C2=C(C=C(C=C2)O)C(=O)O1)O)O	0.200000003	10775490	COCONUT:(CNP0212353);KNApSAcK:(50395);Natural Products:(UNPD181766);PubChem:(10775490);SuperNatural:(SN00367796)	3178514
91	1	N/A	-445.82860636169346	C11H12O5	[M + H]+	JKLMRPSQVILGMY	InChI=1S/C11H12O5/c1-11(15)4-6-2-9(13)10(14)3-8(12)7(6)5-16-11/h2-3,12,15H,4-5H2,1H3,(H,13,14)	3,7,9-trihydroxy-3-methyl-1,4-dihydrocyclohepta[c]pyran-6-one	CC1(CC2=C(CO1)C(=CC(=O)C(=C2)O)O)O	-0.699999988	135538591;135600359	COCONUT:(CNP0164874);KNApSAcK:(23994);Natural Products:(UNPD168252);PubChem:(135538591 135600359);SuperNatural:(SN00398503);MeSH:(135600359);PubMed	3178582
92	1	N/A	-451.2404601479484	C11H12O5	[M + H]+	QRBHHBZDQMUFJV	InChI=1S/C11H12O5/c1-5-3-6-7(12)4-8(13)10(15-2)9(6)11(14)16-5/h4-5,12-13H,3H2,1-2H3	null	CC1CC2=C(C(=C(C=C2O)O)OC)C(=O)O1	1.5	76900254;139586462	COCONUT:(CNP0130522);Natural Products:(UNPD223932);PubChem:(76900254 139586462)	2129922
93	1	N/A	-452.15011568037306	C11H12O5	[M + H]+	KXVMKBWXEKNBQN	InChI=1S/C11H12O5/c1-5-8(13)3-6-2-7(4-12)16-11(15)9(6)10(5)14/h3,7,12-14H,2,4H2,1H3	null	CC1=C(C=C2CC(OC(=O)C2=C1O)CO)O	1.39999998	101890349;132514432	COCONUT:(CNP0354122);PubChem:(101890349 132514432);PubMed	2097218
94	1	N/A	-453.71068483682143	C11H12O5	[M + H]+	CZVAQLJEUUFQCH	InChI=1S/C11H12O5/c12-8-4-6(5-9(13)11(8)15)3-7-1-2-10(14)16-7/h4-5,7,12-13,15H,1-3H2	null	C1CC(=O)OC1CC2=CC(=C(C(=C2)O)O)O	1.10000002	44389277;92850118	COCONUT:(CNP0083840);HMDB:(41691);PubChem:(44389277 92850118);CHEBI:(134255);PubChem class - bio and metabolites;PubMed	18874474
95	1	N/A	-456.11041187878794	C11H12O5	[M + H]+	DIQUDZWYJYGQGV	InChI=1S/C11H12O5/c1-3-8(5-12)9-4-11(14)15-6-10(9)16-7(2)13/h3,5-6,9H,4H2,1-2H3	[(4S)-2-oxo-4-[(E)-1-oxobut-2-en-2-yl]-3,4-dihydropyran-5-yl] acetate	CC=C(C=O)C1CC(=O)OC=C1OC(=O)C	0.100000001	5317027	COCONUT:(CNP0383861);PubChem:(5317027);SuperNatural:(SN00165750)	3145730
96	1	N/A	-456.95598294265415	C11H12O5	[M + H]+	ZVRUDYNVKYYNCW	InChI=1S/C11H12O5/c1-3-4-6-8(12)9(13)7-10(16-6)5(2)15-11(7)14/h3-4,6,8-9,12-13H,2H2,1H3	null	CC=CC1C(C(C2=C(O1)C(=C)OC2=O)O)O	-0.200000003	24039271;74167850	COCONUT:(CNP0124882);Natural Products:(UNPD216343);PubChem:(24039271 74167850);SuperNatural:(SN00033232 SN00029243 SN00029242 SN00033231);CHEBI:(93921);ZINC bio:(ZINC31161680 ZINC31161683 ZINC35457411 ZINC35457414)	3186722
97	1	N/A	-461.0313437396718	C11H12O5	[M + H]+	CJGNVGGNKORTNX	InChI=1S/C11H12O5/c1-5-3-6(4-12)7-8(9(5)15-2)11(14)16-10(7)13/h3,10,12-13H,4H2,1-2H3	null	CC1=CC(=C2C(OC(=O)C2=C1OC)O)CO	0.200000003	14636438	COCONUT:(CNP0149926);Natural Products:(UNPD181730);PubChem:(14636438);SuperNatural:(SN00363717)	3178498
98	1	N/A	-466.14632007514854	C11H12O5	[M + H]+	ZBHFOCAMTLIHHC	InChI=1S/C11H12O5/c1-11(15-2)5-6-3-7(12)4-8(13)9(6)10(14)16-11/h3-4,12-13H,5H2,1-2H3	null	CC1(CC2=C(C(=CC(=C2)O)O)C(=O)O1)OC	1.89999998	129831560	COCONUT:(CNP0219166);Natural Products:(UNPD20156);PubChem:(129831560);SuperNatural:(SN00255459)	3178498
99	1	N/A	-466.92966053244186	C11H12O5	[M + H]+	GTUWEBOBCOAMGJ	InChI=1S/C11H12O5/c12-8-5-10(14)9(13)4-6(8)3-7-1-2-11(15)16-7/h4-5,7,12-14H,1-3H2	null	C1CC(=O)OC1CC2=CC(=C(C=C2O)O)O	1.10000002	131834533	HMDB:(128183);PubChem:(131834533);PubChem class - bio and metabolites	16777226
100	1	N/A	-467.45630460205234	C11H12O5	[M + H]+	DMURDVUFGONEOC	InChI=1S/C11H12O5/c1-16-5-2-6-10(7(12)3-5)8(13)4-9(14)11(6)15/h2-3,9,11-12,14-15H,4H2,1H3	(3S,4S)-3,4,8-trihydroxy-6-methoxy-tetralin-1-one	COC1=CC2=C(C(=O)CC(C2O)O)C(=C1)O	0.100000001	71588319;132576835	COCONUT:(CNP0241075);Natural Products:(UNPD195470);PubChem:(71588319 132576835);SuperNatural:(SN00283109);PubMed	3178562
101	1	N/A	-470.7636277266014	C11H12O5	[M + H]+	YGMCLLBEQOVTOF	InChI=1S/C11H12O5/c1-3-6-5-15-11(13)9-7(14-2)4-8(12)16-10(6)9/h3,7H,4-5H2,1-2H3	null	CC=C1COC(=O)C2=C1OC(=O)CC2OC	0.770790815	""	COCONUT:(CNP0226050)	2097152
102	1	N/A	-478.58164327970064	C11H12O5	[M + H]+	SPXGRHRWLJRRMZ	InChI=1S/C11H12O5/c1-5(12)8-4-16-11(15)10-7(8)2-6(13)3-9(10)14/h2-3,5,8,12-14H,4H2,1H3	null	CC(C1COC(=O)C2=C1C=C(C=C2O)O)O	1.20000005	71665534;78144561	COCONUT:(CNP0162261);Natural Products:(UNPD219161);PubChem:(71665534 78144561)	2129922
103	1	N/A	-479.4535767018877	C11H12O5	[M + H]+	PNKVYPMEXQYKSB	InChI=1S/C11H12O5/c1-5-9(12)7(3-15-2)6-4-16-11(14)8(6)10(5)13/h12-13H,3-4H2,1-2H3	null	CC1=C(C(=C2COC(=O)C2=C1O)COC)O	1.20000005	86136225	COCONUT:(CNP0175912);Natural Products:(UNPD124140);PubChem:(86136225);SuperNatural:(SN00362013)	3178498
104	1	N/A	-483.3488749112808	C11H12O5	[M + H]+	PYJMOWDBOPKFBI	InChI=1S/C11H12O5/c1-14-9(12)7-4-15-10-8-6(7)2-3-11(8,13)5-16-10/h2-4,6,8,10,13H,5H2,1H3	null	COC(=O)C1=COC2C3C1C=CC3(CO2)O	-0.200000003	11138761;85412566;129317086;138113904	COCONUT:(CNP0270074);Natural Products:(UNPD143013);PubChem:(11138761 85412566 129317086 138113904);SuperNatural:(SN00300530);PubMed	3178562
105	1	N/A	-486.11066515395964	C11H12O5	[M + H]+	OZAAZKVZLIUCSD	InChI=1S/C11H12O5/c1-3-6-7-4-9(16-11(6)13)15-5-8(7)10(12)14-2/h3,5,7,9H,4H2,1-2H3	null	CC=C1C2CC(OC=C2C(=O)OC)OC1=O	1.10000002	44186083;44241606;44241608	COCONUT:(CNP0134351);Natural Products:(UNPD164400 UNPD192611);PubChem:(44186083 44241606 44241608);SuperNatural:(SN00262202)	3178498
106	1	N/A	-490.22511504680097	C11H12O5	[M + H]+	DNTJZIFWHDIJNL	InChI=1S/C11H12O5/c12-4-5-1-6-10(7(13)2-5)8(14)3-9(15)11(6)16/h1-2,9,11-13,15-16H,3-4H2	null	C1C(C(C2=C(C1=O)C(=CC(=C2)CO)O)O)O	-0.800000012	139585700	COCONUT:(CNP0206051);Natural Products:(UNPD200421);PubChem:(139585700)	2129922
107	1	N/A	-492.7412543953132	C11H12O5	[M + H]+	AIRLSBLAJVEBPQ	InChI=1S/C11H12O5/c1-5-6(12)3-7(13)9-8(14)4-11(2,15)16-10(5)9/h3,12-13,15H,4H2,1-2H3	null	CC1=C2C(=C(C=C1O)O)C(=O)CC(O2)(C)O	1.20000005	45359429	COCONUT:(CNP0139059);PubChem:(45359429);SuperNatural:(SN00020367 SN00020366);ZINC bio:(ZINC13480457 ZINC13480458)	3153922
108	1	N/A	-493.3109031277295	C11H12O5	[M + H]+	MWZYYACVPIJBPD	InChI=1S/C11H12O5/c1-5-3-4-7(12)9(14)11(5)8(13)6(2)16-10(11)15/h3-5,8-9,13-14H,2H2,1H3	massarigenin D	CC1C=CC(=O)C(C12C(C(=C)OC2=O)O)O	-0.600000024	10105013;10263028;10398700;21776785;21776786;102459630;102459633;139583706;139585183;139588221	COCONUT:(CNP0228911);KNApSAcK:(34427);Natural Products:(UNPD49091 UNPD111593 UNPD220524 UNPD120877 UNPD214286);PubChem:(10105013 10263028 10398700 21776785 21776786 102459630 102459633 139583706 139585183 139588221);SuperNatural:(SN00375343 SN00326731 SN00350098);MeSH:(10398700);PubMed	3178582
109	1	N/A	-505.6841566946525	C11H12O5	[M + H]+	JXHHNBXXNMCCNK	InChI=1S/C11H12O5/c1-5-9(13)6(3-12)7-4-16-11(14)8(7)10(5)15-2/h12-13H,3-4H2,1-2H3	5-hydroxy-4-(hydroxymethyl)-7-methoxy-6-methyl-3H-2-benzofuran-1-one	CC1=C(C(=C2COC(=O)C2=C1OC)CO)O	1.0	19901299	COCONUT:(CNP0343975);Natural Products:(UNPD32019);PubChem:(19901299);SuperNatural:(SN00388422)	3178498
110	1	N/A	-506.92786855577356	C11H12O5	[M + H]+	ZZCQGUGZJOVBQE	InChI=1S/C11H12O5/c1-11(14)5-8(13)10-7(12)3-6(15-2)4-9(10)16-11/h3-4,12,14H,5H2,1-2H3	null	CC1(CC(=O)C2=C(C=C(C=C2O1)OC)O)O	1.20000005	44233636	COCONUT:(CNP0304907);Natural Products:(UNPD61710);PubChem:(44233636);SuperNatural:(SN00288887);KEGG Mine	8593113090
111	1	N/A	-515.8091825755771	C11H12O5	[M + H]+	NCWNPMLWLHPEHL	InChI=1S/C11H12O5/c1-5(12)11-9(15)4-7-8(14)2-6(13)3-10(7)16-11/h2-3,9,11,13-15H,4H2,1H3	null	CC(=O)C1C(CC2=C(C=C(C=C2O1)O)O)O	0.481182456	""	COCONUT:(CNP0131325);Natural Products:(UNPD204879 UNPD204878)	2129920
112	1	N/A	-625.3766509167723	C11H12O5	[M + H]+	ONMKQPZJGXORPB	InChI=1S/C11H12O5/c1-4-10(14)16-9-5(2)15-7-3-6(12)8(13)11(4,7)9/h4,7-9,13H,2-3H2,1H3	null	CC1C(=O)OC2C13C(CC(=O)C3O)OC2=C	-0.124850839	""	COCONUT:(CNP0215045);Natural Products:(UNPD188173)	2129920
113	1	N/A	-629.0535238519382	C11H12O5	[M + H]+	OVBNBTYAVURRMB	InChI=1S/C11H12O5/c1-4-7-3-6(12)8(13)11(4)9(16-7)5(2)15-10(11)14/h4,7-9,13H,2-3H2,1H3	null	CC1C2CC(=O)C(C13C(O2)C(=C)OC3=O)O	-0.600000024	11117682;85405106;101182159;139587007	COCONUT:(CNP0312809);KNApSAcK:(34688);Natural Products:(UNPD68905);PubChem:(11117682 85405106 101182159 139587007);SuperNatural:(SN00322440)	3178514
1	1	N/A	-171.68458295842663	C11H14O6	[M - H2O + H]+	AJNOMVUCBQJKGC	InChI=1S/C11H14O6/c1-14-7-5-6(11(12)13)8(15-2)10(17-4)9(7)16-3/h5H,1-4H3,(H,12,13)	2,3,4,5-Tetramethoxybenzoicacid	COC1=C(C(=C(C(=C1)C(=O)O)OC)OC)OC	1.29999995	585130	COCONUT:(CNP0274267);Natural Products:(UNPD4633);PubChem:(585130);SuperNatural:(SN00256366);ZINC bio:(ZINC12153840)	3186690
2	1	N/A	-184.81205437006375	C11H14O6	[M - H2O + H]+	NHUYEAZIRXDYBS	InChI=1S/C11H14O6/c1-16-8-3-6(10(14)7(13)5-12)4-9(17-2)11(8)15/h3-4,10,12,14-15H,5H2,1-2H3	null	COC1=CC(=CC(=C1O)OC)C(C(=O)CO)O	0.199739054	""	COCONUT:(CNP0280479);KNApSAcK:(33516);Natural Products:(UNPD150694);SuperNatural:(SN00327156)	3178512
3	1	N/A	-217.51924169692074	C11H14O6	[M - H2O + H]+	QJWLBLCJYZLCLM	InChI=1S/C11H14O6/c1-16-8-3-6(10(14)7(13)5-12)4-9(17-2)11(8)15/h3-4,7,12-13,15H,5H2,1-2H3	2,3,4''-Trihydroxy-3'',5''-dimethoxypropiophenone	COC1=CC(=CC(=C1O)OC)C(=O)C(CO)O	-0.100000001	637016;11053814;86311182	COCONUT:(CNP0252124);KNApSAcK:(35212);Natural Products:(UNPD157304);PubChem:(637016 11053814 86311182);SuperNatural:(SN00159383);ZINC bio:(ZINC15117947 ZINC15117949);PubMed;KEGG Mine	8593121362
4	1	N/A	-226.74662312251726	C11H14O6	[M - H2O + H]+	QMBSLGFBNUKGRJ	InChI=1S/C11H14O6/c1-16-10(14)6-4-17-11(15)8-5(3-12)2-7(13)9(6)8/h2,4,7-9,11-13,15H,3H2,1H3	6Beta-Hydroxygenipin	COC(=O)C1=COC(C2C1C(C=C2CO)O)O	-1.89999998	71577496	COCONUT:(CNP0121112);Natural Products:(UNPD81531 UNPD222112);PubChem:(71577496);SuperNatural:(SN00320341);PubMed;KEGG Mine	8593113154
5	1	N/A	-228.56797291675275	C11H14O6	[M - H2O + H]+	JDCOLMUUQBECSK	InChI=1S/C11H14O6/c1-16-7-5-6(3-4-8(12)13)9(14)11(17-2)10(7)15/h5,14-15H,3-4H2,1-2H3,(H,12,13)	null	COC1=C(C(=C(C(=C1)CCC(=O)O)O)OC)O	0.899999976	131839254	HMDB:(135754);PubChem:(131839254);PubChem class - bio and metabolites	16777226
6	1	N/A	-241.19772961032803	C11H14O6	[M - H2O + H]+	VLRPMHXSYJTZAU	InChI=1S/C11H14O6/c1-5-3-7(12)11(15)6(9(13)16-2)4-17-10(14)8(5)11/h3-4,7-8,10,12,14-15H,1-2H3	null	CC1=CC(C2(C1C(OC=C2C(=O)OC)O)O)O	-0.610799193	""	COCONUT:(CNP0076123)	2097152
7	1	N/A	-272.54218466350545	C11H14O6	[M - H2O + H]+	AJTKERXLPGIENO	InChI=1S/C11H14O6/c1-7(2)11(15)16-6-8(3)17-10(14)5-4-9(12)13/h4-5,8H,1,6H2,2-3H3,(H,12,13)	1-(Methacryloyloxymethyl)ethyl hydrogen maleate	CC(COC(=O)C(=C)C)OC(=O)C=CC(=O)O	1.20000005	89833;6436545	NORMAN:(NS00053365);MeSH:(6436545);PubChem:(89833 6436545);PubMed	262214
8	1	N/A	-278.40030208399713	C11H14O6	[M - H2O + H]+	PSJQCAMBOYBQEU	InChI=1S/C11H14O6/c1-2-3-8(13)17-5-6-4-7(12)10(15)11(16)9(6)14/h2-4,7,10-12,15-16H,5H2,1H3	Glyoxalase-I inhibitor	CC=CC(=O)OCC1=CC(C(C(C1=O)O)O)O	-1.20000005	56816;124929;6435535;6438556;76285456	COCONUT:(CNP0140860);KNApSAcK:(18057);Natural Products:(UNPD19099);PubChem:(56816 124929 6435535 6438556 76285456);SuperNatural:(SN00319985);MeSH:(124929 6438556);PubChem class - safety and toxic;PubMed	70287446
9	1	N/A	-298.4980575264536	C11H14O6	[M - H2O + H]+	CYQMLBJZXDOMJL	InChI=1S/C11H14O6/c1-4-5-6(8(13)9(14)7(4)12)11(16-3)17-10(5)15-2/h10-14H,1-3H3	null	CC1=C2C(OC(C2=C(C(=C1O)O)O)OC)OC	0.400000006	14980302	COCONUT:(CNP0311640);Natural Products:(UNPD69753);PubChem:(14980302);SuperNatural:(SN00303728)	3178498
10	1	N/A	-306.8127707189452	C11H14O6	[M - H2O + H]+	CYFGAUDUKUUIEV	InChI=1S/C11H14O6/c1-16-9(13)7-4-17-10(14)8-6(7)2-3-11(8,15)5-12/h2-4,6,8,10,12,14-15H,5H2,1H3	methyl (1R,4aS,7S,7aS)-1,7-dihydroxy-7-(hydroxymethyl)-4a,7a-dihydro-1H-cyclopenta[c]pyran-4-carboxylate	COC(=O)C1=COC(C2C1C=CC2(CO)O)O	-1.20000005	159100;185378;25026346;53436781;59869239	COCONUT:(CNP0131648);PubChem:(159100 185378 25026346 53436781 59869239);SuperNatural:(SN00143307);PubMed;KEGG Mine	8593080386
11	1	N/A	-307.81705789361814	C11H14O6	[M - H2O + H]+	JFWVMXPACNWBCB	InChI=1S/C11H14O6/c1-6-8(4-12)7(3-10(13)16-2)9(5-17-6)11(14)15/h4-8H,3H2,1-2H3,(H,14,15)	3-formyl-4-(2-methoxy-2-oxoethyl)-2-methyl-3,4-dihydro-2H-pyran-5-carboxylic acid	CC1C(C(C(=CO1)C(=O)O)CC(=O)OC)C=O	-0.400000006	5319775	COCONUT:(CNP0065090 CNP0252291);Natural Products:(UNPD85798);PubChem:(5319775);SuperNatural:(SN00167702 SN00260110)	3178498
12	1	N/A	-309.3807235942669	C11H14O6	[M - H2O + H]+	COOBCXFBMBAPFW	InChI=1S/C11H14O6/c1-16-9(13)7-5-17-10(14)11(15)6(4-12)2-3-8(7)11/h2,5,8,10,12,14-15H,3-4H2,1H3	methyl (1R,4aR,7aR)-1,7a-dihydroxy-7-(hydroxymethyl)-4a,5-dihydro-1H-cyclopenta[c]pyran-4-carboxylate	COC(=O)C1=COC(C2(C1CC=C2CO)O)O	-1.29999995	16655217	COCONUT:(CNP0309412);Natural Products:(UNPD67102);PubChem:(16655217);SuperNatural:(SN00381754);KEGG Mine	8593113090
13	1	N/A	-309.9705438856173	C11H14O6	[M - H2O + H]+	MDZROSJVVHMKCB	InChI=1S/C11H14O6/c1-6-8(17-6)2-3-9(12)15-4-7-5-16-11(14)10(7)13/h2-3,6-8,10,13H,4-5H2,1H3	[(3S,4S)-4-hydroxy-5-oxooxolan-3-yl]methyl (E)-3-[(2R,3S)-3-methyloxiran-2-yl]prop-2-enoate	CC1C(O1)C=CC(=O)OCC2COC(=O)C2O	-0.200000003	10586223;11230238;101129270;101129271;101129272	COCONUT:(CNP0338754);Natural Products:(UNPD182220);PubChem:(10586223 11230238 101129270 101129271 101129272);SuperNatural:(SN00248430);MeSH:(11230238);PubMed	3178566
14	1	N/A	-310.06073324739225	C11H14O6	[M - H2O + H]+	YQEDZQHHBNDZEM	InChI=1S/C11H14O6/c12-7(1-2-10(15)16)3-6-4-8(13)11(17)9(14)5-6/h4-5,7,12-14,17H,1-3H2,(H,15,16)	null	C1=C(C=C(C(=C1O)O)O)CC(CCC(=O)O)O	0.400000006	52920331;101573917;101900149	HMDB:(141545);PubChem:(52920331 101573917 101900149);PubChem class - bio and metabolites	16777226
15	1	N/A	-317.84305393563193	C11H14O6	[M - H2O + H]+	YRHWCZIEBATYGC	InChI=1S/C11H14O6/c1-5-10(13)17-9-7(12)3-6(11(14)15-2)4-8(9)16-5/h3,5,7-9,12H,4H2,1-2H3	null	CC1C(=O)OC2C(O1)CC(=CC2O)C(=O)OC	-0.100000001	14466371;24787304	COCONUT:(CNP0285833);Natural Products:(UNPD155126 UNPD165539 UNPD61323);PubChem:(14466371 24787304);SuperNatural:(SN00243933 SN00354339 SN00388089);MeSH:(24787304);PubMed	3178566
16	1	N/A	-318.75015261852025	C11H14O6	[M - H2O + H]+	FUTKBYODICXHRE	InChI=1S/C11H14O6/c1-6-2-7(13)3-9(15)10(6)11(16)17-5-8(14)4-12/h2-3,8,12-15H,4-5H2,1H3	null	CC1=CC(=CC(=C1C(=O)OCC(CO)O)O)O	0.699999988	71501072;78088469	COCONUT:(CNP0176151);Natural Products:(UNPD220890 UNPD187051);PubChem:(71501072 78088469);SuperNatural:(SN00389786);PubMed	3178562
17	1	N/A	-321.6075499442526	C11H14O6	[M - H2O + H]+	MQFAJBBHEYTHKF	InChI=1S/C11H14O6/c1-6-8(4-12)7(3-10(13)14)9(5-17-6)11(15)16-2/h4-8H,3H2,1-2H3,(H,13,14)	Elenolic acid	CC1C(C(C(=CO1)C(=O)OC)CC(=O)O)C=O	-0.400000006	169607;188234;46831624;51409864;57418125;59911672	COCONUT:(CNP0186047);HMDB:(39136);Natural Products:(UNPD109002 UNPD25846);PubChem:(169607 188234 46831624 51409864 57418125 59911672);SuperNatural:(SN00328638);PubChem class - bio and metabolites;MeSH:(169607);PubMed;Biocyc:(CPD-17785)	19957838
18	1	N/A	-331.5229677780998	C11H14O6	[M - H2O + H]+	VFQSEABEIKTRLA	InChI=1S/C11H14O6/c1-3-16-10(14)6-5-7(12)8(9(6)13)11(15)17-4-2/h6,8H,3-5H2,1-2H3	null	CCOC(=O)C1CC(=O)C(C1=O)C(=O)OCC	0.600000024	121224910	COCONUT:(CNP0324923);Natural Products:(UNPD8742);PubChem:(121224910);SuperNatural:(SN00261703)	3178498
19	1	N/A	-334.75977623865015	C11H14O6	[M - H2O + H]+	DAMFGEJLZPWDOH	InChI=1S/C11H14O6/c1-6-2-7(14)3-9(15)10(6)11(16)17-8(4-12)5-13/h2-3,8,12-15H,4-5H2,1H3	null	CC1=CC(=CC(=C1C(=O)OC(CO)CO)O)O	0.699999988	123740797	COCONUT:(CNP0353746);PubChem:(123740797);PubMed	2097218
20	1	N/A	-336.36129297524	C11H14O6	[M - H2O + H]+	IVSXTVWUEFBYEL	InChI=1S/C11H14O6/c12-7(1-2-11(16)17)3-6-4-9(14)10(15)5-8(6)13/h4-5,7,12-15H,1-3H2,(H,16,17)	null	C1=C(C(=CC(=C1O)O)O)CC(CCC(=O)O)O	0.400000006	131834535	HMDB:(128185);PubChem:(131834535);PubChem class - bio and metabolites	16777226
21	1	N/A	-339.2760256720548	C11H14O6	[M - H2O + H]+	VLYPJOZZUQGWJT	InChI=1S/C11H14O6/c1-3-7(5-12)8(4-10(14)15)9(6-13)11(16)17-2/h3,5-6,8-9H,4H2,1-2H3,(H,14,15)	(E)-4-formyl-3-(1-methoxy-1,3-dioxopropan-2-yl)hex-4-enoic acid	CC=C(C=O)C(CC(=O)O)C(C=O)C(=O)OC	-0.300000012	59561169;72326565;87261132	COCONUT:(CNP0406218);Natural Products:(UNPD226756 UNPD112993);PubChem:(59561169 72326565 87261132);SuperNatural:(SN00330065)	3178498
22	1	N/A	-347.6725601436463	C11H14O6	[M - H2O + H]+	AQSPFJXBIIFDHK	InChI=1S/C11H14O6/c12-4-8-9(15)10(16)11(17-8)6-2-1-5(13)3-7(6)14/h1-3,8-16H,4H2	1,3-Dideazauridine	C1=CC(=C(C=C1O)O)C2C(C(C(O2)CO)O)O	-0.600000024	73545;322044;21115253;92261994;92261995;92261996;92261997	MeSH:(73545 322044);PubChem:(73545 322044 21115253 92261994 92261995 92261996 92261997);PubMed	70
23	1	N/A	-352.00619692819066	C11H14O6	[M - H2O + H]+	SVCVPZKOLVTUSY	InChI=1S/C11H14O6/c1-6(12)8-2-3-9(13)15-4-7-5-16-11(14)10(7)17-8/h2-3,6-8,10,12H,4-5H2,1H3	null	CC(C1C=CC(=O)OCC2COC(=O)C2O1)O	-0.01767404	""	COCONUT:(CNP0230341);Natural Products:(UNPD9100);SuperNatural:(SN00307686)	3178496
24	1	N/A	-353.0213816913917	C11H14O6	[M - H2O + H]+	PTZPVYPRNQVKGV	InChI=1S/C11H14O6/c1-3-16-10(14)6-5-7(9(13)8(6)12)11(15)17-4-2/h6-7H,3-5H2,1-2H3	1, 4,5-dioxo-, diethyl ester	CCOC(=O)C1CC(C(=O)C1=O)C(=O)OCC	0.600000024	95521;6994664;6995293;6995294	PubChem:(95521 6994664 6995293 6995294);PubChem class - safety and toxic	67108866
25	1	N/A	-365.91141996129454	C11H14O6	[M - H2O + H]+	NJSXXFVJFBCKRK	InChI=1S/C11H14O6/c1-3-16-10(14)6-5-7(9(13)8(6)12)11(15)17-4-2/h6,13H,3-5H2,1-2H3	3-Cyclopentene-1, 4-hydroxy-5-oxo-, diethyl ester	CCOC(=O)C1CC(=C(C1=O)O)C(=O)OCC	1.39999998	54678742;92282940;97289010;134095457	NORMAN:(NS00053291);PubChem:(54678742 92282940 97289010 134095457);PubMed	262210
26	1	N/A	-372.87751144024526	C11H14O6	[M - H2O + H]+	NFYGUHCXIGKGQJ	InChI=1S/C11H14O6/c12-6-1-3-7(4-2-6)17-11-10(15)9(14)8(13)5-16-11/h1-4,8-15H,5H2	4-HP-Xyloside	C1C(C(C(C(O1)OC2=CC=C(C=C2)O)O)O)O	-0.5	197490;19025457;25184949;24999051	MeSH:(197490);PubChem:(197490 19025457 25184949 24999051);PubMed	70
27	1	N/A	-373.86687919040236	C11H14O6	[M - H2O + H]+	LIXUGUUEUUHFRU	InChI=1S/C11H14O6/c12-5-9(14)6-17-11(16)3-7-1-2-8(13)4-10(7)15/h1-2,4,9,12-15H,3,5-6H2	null	C1=CC(=C(C=C1O)O)CC(=O)OCC(CO)O	0.0468362346	""	COCONUT:(CNP0307507);Natural Products:(UNPD77612);SuperNatural:(SN00258481)	3178496
28	1	N/A	-374.5364588459528	C11H14O6	[M - H2O + H]+	MQWPWZMHPWXSGL	InChI=1S/C11H14O6/c1-3-4-6(12)9-10(14)7(17-11(9)15)5-8(13)16-2/h7,14H,3-5H2,1-2H3	null	CCCC(=O)C1=C(C(OC1=O)CC(=O)OC)O	0.699999988	122391261	COCONUT:(CNP0081863);PubChem:(122391261);CHEBI:(133954)	2097186
29	1	N/A	-376.5984419318659	C11H14O6	[M - H2O + H]+	HKZCFYIVMLZKKX	InChI=1S/C11H14O6/c1-3-4-5-7(12)8(13)6-9(16-5)11(2,15)17-10(6)14/h3-5,7-8,12-13,15H,1-2H3	(2S,3R,4S,7S)-3,4,7-trihydroxy-7-methyl-2-[(E)-prop-1-enyl]-3,4-dihydro-2H-furo[3,4-b]pyran-5-one	CC=CC1C(C(C2=C(O1)C(OC2=O)(C)O)O)O	-1.20000005	16655647;51136264;52316397;52316398;52316399;52316400;124871935	COCONUT:(CNP0217114);Natural Products:(UNPD108970);PubChem:(16655647 51136264 52316397 52316398 52316399 52316400 124871935);SuperNatural:(SN00039198 SN00039200 SN00039199 SN00039197);ZINC bio:(ZINC49181664 ZINC49181667 ZINC49181670 ZINC49181674);additional;Training Set	3727362
30	1	N/A	-380.6588803515432	C11H14O6	[M - H2O + H]+	DBSFXQQYSTYAIT	InChI=1S/C11H14O6/c1-11-6-5(7(12)8(11)17-11)4(9(13)15-2)3-16-10(6)14/h3,5-8,10,12,14H,1-2H3	Lamiophlomiol A	CC12C3C(C(C1O2)O)C(=COC3O)C(=O)OC	-1.0	125923;5318924	COCONUT:(CNP0200411);KNApSAcK:(51193);Natural Products:(UNPD59108 UNPD147168);PubChem:(125923 5318924);SuperNatural:(SN00160385 SN00306727);MeSH:(125923);PubMed	3178582
31	1	N/A	-384.37860101458716	C11H14O6	[M - H2O + H]+	GEWMGBJPZDGMSS	InChI=1S/C11H14O6/c1-5(12)17-9(10(13)14)7-3-2-6-4-16-11(15)8(6)7/h7,9,11,15H,2-4H2,1H3,(H,13,14)	2-acetyloxy-2-[(3S,4R)-3-hydroxy-3,4,5,6-tetrahydro-1H-cyclopenta[c]furan-4-yl]acetic acid	CC(=O)OC(C1CCC2=C1C(OC2)O)C(=O)O	-1.20000005	5317551	COCONUT:(CNP0033724 CNP0097808);PubChem:(5317551);SuperNatural:(SN00160255)	3145730
32	1	N/A	-385.96722648236045	C11H14O6	[M - H2O + H]+	QEGAWOPOQXLXMR	InChI=1S/C11H14O6/c1-15-8(12)6-5-2-3-11(14)4-16-10(7(5)11)17-9(6)13/h2-3,5-7,9-10,13-14H,4H2,1H3	Beta-gardiol, 5	COC(=O)C1C2C=CC3(C2C(OC3)OC1O)O	-0.600000024	10105775;10331950;15922565;24798285;57340454;101936008;101936009	COCONUT:(CNP0324400);KNApSAcK:(45968);Natural Products:(UNPD47249 UNPD35329 UNPD42164 UNPD104194 UNPD3646 UNPD157640 UNPD195502 UNPD15165);PubChem:(10105775 10331950 15922565 24798285 57340454 101936008 101936009);SuperNatural:(SN00374969 SN00232311 SN00335156 SN00264237 SN00143620 SN00280357 SN00232496 SN00143619)	3178514
33	1	N/A	-387.5227125870293	C11H14O6	[M - H2O + H]+	XNIJPPBKASPAIZ	InChI=1S/C11H14O6/c1-16-10(14)8(9(12)13)6-3-2-5-4-17-11(15)7(5)6/h6,8,11,15H,2-4H2,1H3,(H,12,13)	null	COC(=O)C(C1CCC2=C1C(OC2)O)C(=O)O	-0.899999976	12310086	COCONUT:(CNP0328152);HMDB:(38126);KNApSAcK:(10563);Natural Products:(UNPD34259 UNPD42030);PubChem:(12310086);SuperNatural:(SN00379887 SN00279618);PubChem class - bio and metabolites	19955738
34	1	N/A	-395.6929121186897	C11H14O6	[M - H2O + H]+	CJCSOOAROHQPTG	InChI=1S/C11H14O6/c1-15-11(4-12)8-7-5(9(13)16-8)2-3-6(7)10(14)17-11/h2-3,5-9,12-13H,4H2,1H3	null	COC1(C2C3C(C=CC3C(=O)O1)C(O2)O)CO	-0.899999976	46933684	COCONUT:(CNP0106055);Natural Products:(UNPD43335);PubChem:(46933684);SuperNatural:(SN00263310);MeSH:(46933684);PubMed	3178566
35	1	N/A	-398.41497111142417	C11H14O6	[M - H2O + H]+	COZKAJSKOQAWLF	InChI=1S/C11H14O6/c1-5-9-6(3-8(12)17-5)7(10(13)15-2)4-16-11(9)14/h4-6,9,11,14H,3H2,1-2H3	Kingiside aglucon	CC1C2C(CC(=O)O1)C(=COC2O)C(=O)OC	-0.100000001	356203;4017558	COCONUT:(CNP0269326);Natural Products:(UNPD50702 UNPD142520);PubChem:(356203 4017558);SuperNatural:(SN00347874 SN00339215)	3178498
36	1	N/A	-416.2716360844288	C11H14O6	[M - H2O + H]+	NDWZCKPIOWDQOR	InChI=1S/C11H14O6/c1-6-8(17-6)2-3-9(13)11(15)7(4-12)5-16-10(11)14/h2-3,6-8,12,15H,4-5H2,1H3	(3R,4S)-3-hydroxy-4-(hydroxymethyl)-3-[(E)-3-[(2R,3S)-3-methyloxiran-2-yl]prop-2-enoyl]oxolan-2-one	CC1C(O1)C=CC(=O)C2(C(COC2=O)CO)O	-0.5	9816216;10198685;11264995;11322443;10444395;139588216	COCONUT:(CNP0364749);Natural Products:(UNPD113635);PubChem:(9816216 10198685 11264995 11322443 10444395 139588216);SuperNatural:(SN00301861)	3178498
37	1	N/A	-424.9919453662774	C11H14O6	[M - H2O + H]+	IKQMMZYPEPBOGT	InChI=1S/C11H14O6/c1-5-2-6(11(15)17-10(5)14)8-3-7(13)9(4-12)16-8/h2,7-9,12-14H,3-4H2,1H3	null	CC1=C(OC(=O)C(=C1)C2CC(C(O2)CO)O)O	-0.300000012	11010113	COCONUT:(CNP0165765);Natural Products:(UNPD139662);PubChem:(11010113);SuperNatural:(SN00339626)	3178498
38	1	N/A	-508.41966152722466	C11H14O6	[M - H2O + H]+	UMAALPJWRAAEPQ	InChI=1S/C11H14O6/c1-17-5-11(16)7(13)2-3-10(11)4-6(12)8(14)9(10)15/h14-16H,2-5H2,1H3	null	COCC1(C(=O)CCC12CC(=O)C(=C2O)O)O	-1.5	23427620;102506018;102506019	COCONUT:(CNP0183909);Natural Products:(UNPD136736);PubChem:(23427620 102506018 102506019);SuperNatural:(SN00305654)	3178498