structureRankPerFormula	formulaRank	ConfidenceScore	CSI:FingerIDScore	molecularFormula	adduct	InChIkey2D	InChI	name	smiles	xlogp	pubchemids	links	dbflags
1	1	0.17818248973394543	-143.38152647819473	C24H40O11	[M + Na]+	NQBMFFMRSAECDY	InChI=1S/C24H40O11/c1-12-7-14(26)8-23(3,4)15(12)6-5-13(2)34-21-19(29)18(28)17(27)16(35-21)9-32-22-20(30)24(31,10-25)11-33-22/h5-7,13-22,25-31H,8-11H2,1-4H3	null	CC1=CC(CC(C1C=CC(C)OC2C(C(C(C(O2)COC3C(C(CO3)(CO)O)O)O)O)O)(C)C)O	-1.70000005	10767844;101993684;131750894	COCONUT:(CNP0130470);HMDB:(29766);Natural Products:(UNPD80008);PubChem:(10767844 101993684 131750894);SuperNatural:(SN00316027);PubChem class - bio and metabolites	19955722
2	1	N/A	-146.7113029421683	C24H40O11	[M + Na]+	GDNLFLFLEDCJQO	InChI=1S/C24H40O11/c25-12-15-17(27)18(28)20(30)24(33-15)35-22-16(13-26)34-23(21(31)19(22)29)32-11-7-2-1-4-8-14-9-5-3-6-10-14/h5-6,9-10,14-31H,1-4,7-8,11-13H2	(2R,3R,4S,5S,6R)-2-[(2R,3S,4R,5R,6R)-6-(6-cyclohexa-2,5-dien-1-ylhexoxy)-4,5-dihydroxy-2-(hydroxymethyl)oxan-3-yl]oxy-6-(hydroxymethyl)oxane-3,4,5-triol	C1C=CC(C=C1)CCCCCCOC2C(C(C(C(O2)CO)OC3C(C(C(C(O3)CO)O)O)O)O)O	-0.100000001	448313	PubChem:(448313);PubChem class - bio and metabolites	16777218
3	1	N/A	-149.5038369263347	C24H40O11	[M + Na]+	OBECEYKERBWXFA	InChI=1S/C24H40O11/c1-11-7-13(8-24(3,4)14(11)6-5-12(2)25)34-23-21(31)19(29)18(28)16(35-23)10-33-22-20(30)17(27)15(26)9-32-22/h5-6,11,13-23,26-31H,7-10H2,1-4H3	null	CC1CC(CC(C1C=CC(=O)C)(C)C)OC2C(C(C(C(O2)COC3C(C(C(CO3)O)O)O)O)O)O	-1.39999998	10413796;101924229	COCONUT:(CNP0345857);Natural Products:(UNPD141451);PubChem:(10413796 101924229);SuperNatural:(SN00226047)	3178498
4	1	N/A	-163.58406065660134	C24H40O11	[M + Na]+	OVWDRYCZWVUZQT	InChI=1S/C24H40O11/c1-12-7-14(8-23(3,4)15(12)6-5-13(2)26)34-21-19(29)18(28)17(27)16(35-21)9-32-22-20(30)24(31,10-25)11-33-22/h14,16-22,25,27-31H,5-11H2,1-4H3	4-[(4R)-4-[(2R,3R,4S,5S,6R)-6-[[(2R,3R,4R)-3,4-dihydroxy-4-(hydroxymethyl)oxolan-2-yl]oxymethyl]-3,4,5-trihydroxyoxan-2-yl]oxy-2,6,6-trimethylcyclohexen-1-yl]butan-2-one	CC1=C(C(CC(C1)OC2C(C(C(C(O2)COC3C(C(CO3)(CO)O)O)O)O)O)(C)C)CCC(=O)C	-2.0	11706085	COCONUT:(CNP0146168);Natural Products:(UNPD185425 UNPD3111);PubChem:(11706085);SuperNatural:(SN00286079 SN00162283)	3178498
5	1	N/A	-164.52393127412864	C24H40O11	[M + Na]+	WMOJOCZNFPTCBX	InChI=1S/C24H40O11/c1-11-7-13(26)8-24(3,4)14(11)6-5-12(2)33-23-21(31)19(29)18(28)16(35-23)10-32-22-20(30)17(27)15(9-25)34-22/h7,12,14-23,25,27-31H,5-6,8-10H2,1-4H3	null	CC1=CC(=O)CC(C1CCC(C)OC2C(C(C(C(O2)COC3C(C(C(O3)CO)O)O)O)O)O)(C)C	-1.20000005	57509324;101432441;101450244	COCONUT:(CNP0331075);KNApSAcK:(30301);Natural Products:(UNPD57571);PubChem:(57509324 101432441 101450244);SuperNatural:(SN00041505 SN00041507 SN00308620 SN00041506);ZINC bio:(ZINC72319946 ZINC72319947 ZINC72319948)	3186706
6	1	N/A	-169.34918044356505	C24H40O11	[M + Na]+	HEPRIYFSINSFQU	InChI=1S/C24H40O11/c1-11-7-13(8-24(3,4)14(11)6-5-12(2)25)34-23-21(31)19(29)18(28)16(35-23)10-33-22-20(30)17(27)15(26)9-32-22/h13,15-23,26-31H,5-10H2,1-4H3	null	CC1=C(C(CC(C1)OC2C(C(C(C(O2)COC3C(C(C(CO3)O)O)O)O)O)O)(C)C)CCC(=O)C	-2.29999995	101805517	PubChem:(101805517);COCONUT:(CNP0297960)	2097154
7	1	N/A	-170.60956158655404	C24H40O11	[M + Na]+	TUDVISHNHBQYQJ	InChI=1S/C24H40O11/c1-12-7-14(26)8-23(3,4)15(12)6-5-13(2)34-21-19(29)18(28)17(27)16(35-21)9-32-22-20(30)24(31,10-25)11-33-22/h7,13,15-22,25,27-31H,5-6,8-11H2,1-4H3	null	CC1=CC(=O)CC(C1CCC(C)OC2C(C(C(C(O2)COC3C(C(CO3)(CO)O)O)O)O)O)(C)C	-1.5	10577445;85192078;101767271;101993225	COCONUT:(CNP0253108);HMDB:(31936);Natural Products:(UNPD83723 UNPD171208);PubChem:(10577445 85192078 101767271 101993225);SuperNatural:(SN00276344 SN00325363);PubChem class - bio and metabolites	19955722
8	1	N/A	-175.31777941219522	C24H40O11	[M + Na]+	LYJZPTUVRHPVNB	InChI=1S/C24H40O11/c1-11-7-13(25)8-24(3,4)14(11)6-5-12(2)34-23-21(31)19(29)18(28)16(35-23)10-33-22-20(30)17(27)15(26)9-32-22/h7,12,14-23,26-31H,5-6,8-10H2,1-4H3	null	CC1=CC(=O)CC(C1CCC(C)OC2C(C(C(C(O2)COC3C(C(C(CO3)O)O)O)O)O)O)(C)C	-1.79999995	45360253;95224491;95224492;95224493;95224494;101450243	COCONUT:(CNP0422276);KNApSAcK:(30300);Natural Products:(UNPD35024 UNPD178684);PubChem:(45360253 95224491 95224492 95224493 95224494 101450243);SuperNatural:(SN00258514 SN00265904 SN00040700 SN00040699 SN00040701 SN00040698);ZINC bio:(ZINC67912103 ZINC67912104 ZINC67912107 ZINC67912110);additional;Training Set	3727378
9	1	N/A	-199.621649065623	C24H40O11	[M + Na]+	PIASIRKJNMFDTE	InChI=1S/C24H40O11/c1-11-7-13(25)8-24(3,4)14(11)6-5-12(2)34-23-21(31)19(29)18(28)16(35-23)10-33-22-20(30)17(27)15(26)9-32-22/h5-6,11-12,14-23,26-31H,7-10H2,1-4H3	null	CC1CC(=O)CC(C1C=CC(C)OC2C(C(C(C(O2)COC3C(C(C(CO3)O)O)O)O)O)O)(C)C	-1.70000005	10994745	COCONUT:(CNP0352378);KNApSAcK:(33313);Natural Products:(UNPD107908);PubChem:(10994745);SuperNatural:(SN00305594);KEGG Mine	8593113106
10	1	N/A	-202.42104135004345	C24H40O11	[M + Na]+	DSLCYTQZSJRSJD	InChI=1S/C24H40O11/c1-11-5-8-16(26)24(3,4)13(11)7-6-12(2)34-23-21(31)19(29)18(28)15(35-23)10-33-22-20(30)17(27)14(25)9-32-22/h12,14-15,17-23,25,27-31H,5-10H2,1-4H3	null	CC1=C(C(C(=O)CC1)(C)C)CCC(C)OC2C(C(C(C(O2)COC3C(C(C(CO3)O)O)O)O)O)O	-2.0999999	101450245	COCONUT:(CNP0235686);KNApSAcK:(30302);Natural Products:(UNPD165769);PubChem:(101450245);SuperNatural:(SN00231841)	3178514
11	1	N/A	-205.63115065389974	C24H40O11	[M + Na]+	OXNFPTIQZNEHBB	InChI=1S/C24H40O11/c1-11(5-6-13-12(2)14(26)7-8-24(13,3)4)33-23-21(31)19(29)18(28)16(35-23)10-32-22-20(30)17(27)15(9-25)34-22/h11,15-23,25,27-31H,5-10H2,1-4H3	null	CC1=C(C(CCC1=O)(C)C)CCC(C)OC2C(C(C(C(O2)COC3C(C(C(O3)CO)O)O)O)O)O	-1.10000002	101450246	COCONUT:(CNP0243082);Natural Products:(UNPD128521);PubChem:(101450246);SuperNatural:(SN00341039)	3178498
12	1	N/A	-216.42499879196606	C24H40O11	[M + Na]+	WKVHKJUZTVOXHL	InChI=1S/C24H40O11/c1-11(5-6-13-12(2)14(25)7-8-24(13,3)4)34-23-21(31)19(29)18(28)16(35-23)10-33-22-20(30)17(27)15(26)9-32-22/h11,15-23,26-31H,5-10H2,1-4H3	null	CC1=C(C(CCC1=O)(C)C)CCC(C)OC2C(C(C(C(O2)COC3C(C(C(CO3)O)O)O)O)O)O	-1.60000002	102377949	COCONUT:(CNP0297836);KNApSAcK:(33315);Natural Products:(UNPD53578);PubChem:(102377949);SuperNatural:(SN00261104)	3178514
13	1	N/A	-226.72820844390822	C24H40O11	[M + Na]+	RHNSJJMGTFIZBZ	InChI=1S/C24H40O11/c1-12-7-14(27)8-23(3,4)15(12)6-5-13(2)33-21-19(18(29)17(28)16(9-25)34-21)35-22-20(30)24(31,10-26)11-32-22/h7,13,15-22,25-26,28-31H,5-6,8-11H2,1-4H3	(4S)-4-[(3R)-3-[(2R,3R,4S,5S,6R)-3-[(2S,3R,4R)-3,4-dihydroxy-4-(hydroxymethyl)oxolan-2-yl]oxy-4,5-dihydroxy-6-(hydroxymethyl)oxan-2-yl]oxybutyl]-3,5,5-trimethylcyclohex-2-en-1-one	CC1=CC(=O)CC(C1CCC(C)OC2C(C(C(C(O2)CO)O)O)OC3C(C(CO3)(CO)O)O)(C)C	-0.899999976	11799683;45257928;102446069	COCONUT:(CNP0163837);Natural Products:(UNPD169126 UNPD187746);PubChem:(11799683 45257928 102446069);SuperNatural:(SN00227237 SN00325019);MeSH:(102446069);PubMed	3178566
14	1	N/A	-278.34501143712686	C24H40O11	[M + Na]+	MJNCCYCEMZASRM	InChI=1S/C24H40O11/c1-13(8-14(2)9-15(3)10-19(27)28)6-4-5-7-17(26)16(11-25)23(32)34-12-18-20(29)21(30)22(31)24(33)35-18/h9-10,13,16-18,20-22,24-26,29-31,33H,4-8,11-12H2,1-3H3,(H,27,28)/p-1	null	CC(CCCCC(C(CO)C(=O)OCC1C(C(C(C(O1)O)O)O)O)O)CC(=CC(=CC(=O)[O-])C)C	1.0132935	""	COCONUT:(CNP0048917);SuperNatural:(SN00033786 SN00033787 SN00033785 SN00033784)	3145728