structureRankPerFormula	formulaRank	ConfidenceScore	CSI:FingerIDScore	molecularFormula	adduct	InChIkey2D	InChI	name	smiles	xlogp	pubchemids	links	dbflags
1	1	0.24123998703013796	-38.019590784947745	C13H20O	[M + H]+	UZFLPKAIBPNNCA	InChI=1S/C13H20O/c1-10-6-5-9-13(3,4)12(10)8-7-11(2)14/h6-8,12H,5,9H2,1-4H3	a-ionone	CC1=CCCC(C1C=CC(=O)C)(C)C	3.0	24680;1550719;1550720;90389;638013;1268118;5282108;6437004;5498521	HMDB:(35753 59883);PubChem class - food;SuperNatural:(SN00075404 SN00093023);ZINC bio:(ZINC05842678 ZINC18189423);additional;HSDB:(127-41-3);MeSH:(5282108);PubMed;NORMAN:(NS00012649);COCONUT:(CNP0281790);KNApSAcK:(50769);Natural Products:(UNPD190644 UNPD49403);PubChem:(24680 1550719 1550720 90389 638013 1268118 5282108 6437004 5498521);CHEBI:(32319);PubChem class - bio and metabolites;KEGG:(C12286);PubChem class - safety and toxic;Training Set	222094206
2	1	N/A	-44.843744261954136	C13H20O	[M + H]+	BGTBFNDXYDYBEY	InChI=1S/C13H20O/c1-5-7-11(14)12-10(2)8-6-9-13(12,3)4/h5,7H,6,8-9H2,1-4H3	damascone	CC=CC(=O)C1=C(CCCC1(C)C)C	3.5	32052;1616260;5374527	HMDB:(32541);PubChem class - food;SuperNatural:(SN00075393);ZINC bio:(ZINC05829535);additional;MeSH:(5374527);PubMed;NORMAN:(NS00008075);COCONUT:(CNP0168178);Natural Products:(UNPD184839);PubChem:(32052 1616260 5374527);YMDB Mine;PubChem class - bio and metabolites;PubChem class - safety and toxic;Training Set	34581831758
3	1	N/A	-45.11981671304677	C13H20O	[M + H]+	CRIGTVCBMUKRSL	InChI=1S/C13H20O/c1-5-7-11(14)12-10(2)8-6-9-13(12,3)4/h5,7-8,12H,6,9H2,1-4H3	alpha-Damascone	CC=CC(=O)C1C(=CCCC1(C)C)C	3.20000005	62002;1616242;1616243;1268129;1268130;1268131;1268132;5366077;6436548	HMDB:(36027);PubChem class - food;SuperNatural:(SN00075395 SN00075394);ZINC bio:(ZINC05829553 ZINC05829557);MeSH:(5366077);PubMed;NORMAN:(NS00013180);COCONUT:(CNP0361157);Natural Products:(UNPD60825 UNPD63341);PubChem:(62002 1616242 1616243 1268129 1268130 1268131 1268132 5366077 6436548);CHEBI:(53220);PubChem class - bio and metabolites;PubChem class - safety and toxic	221552750
4	1	N/A	-45.17539712055405	C13H20O	[M + H]+	PSQYTAPXSHCGMF	InChI=1S/C13H20O/c1-10-6-5-9-13(3,4)12(10)8-7-11(2)14/h7-8H,5-6,9H2,1-4H3	|A-ionone	CC1=C(C(CCC1)(C)C)C=CC(=O)C	2.9000001	26955;638014;10512031;12224082;16046715;101066481	HMDB:(36565);PubChem class - food;SuperNatural:(SN00064540);ZINC bio:(ZINC03881456 ZINC13548492);HSDB:(14901-07-6);MeSH:(638014);Plantcyc:(CPD-7204);PubMed;NORMAN:(NS00001727);COCONUT:(CNP0261884);KNApSAcK:(29816);Natural Products:(UNPD135144 UNPD218204);PubChem:(26955 638014 10512031 12224082 16046715 101066481);CHEBI:(32325);PubChem class - bio and metabolites;KEGG:(C12287);PubChem class - safety and toxic;YMDB:(1643);Biocyc:(CPD-7204)	221752190
5	1	N/A	-49.05451831099876	C13H20O	[M + H]+	NELDPSDYTZADSA	InChI=1S/C13H20O/c1-5-6-12(14)11-7-8-13(3,4)9-10(11)2/h5-6,9,11H,7-8H2,1-4H3	1-Crotonyl-2,4,4-trimethylcyclohex-2-ene	CC=CC(=O)C1CCC(C=C1C)(C)C	3.29999995	118097;6438067;91121947	NORMAN:(NS00013182);PubChem class - safety and toxic;PubChem:(118097 6438067 91121947)	67371010
6	1	N/A	-51.470191928280215	C13H20O	[M + H]+	RPBGCXLSUJNODQ	InChI=1S/C13H20O/c1-5-6-12(14)11-8-7-10(2)9-13(11,3)4/h5-7,11H,8-9H2,1-4H3	1-(4,6,6-Trimethyl-3-cyclohexen-1-yl)-2-buten-1-one	CC=CC(=O)C1CC=C(CC1(C)C)C	3.0	3020156;6366006;93483230;93483231;98100323;98100325	PubChem:(3020156 6366006 93483230 93483231 98100323 98100325);NORMAN:(NS00061576)	262146
7	1	N/A	-53.023076662150046	C13H20O	[M + H]+	SFEOKXHPFMOVRM	InChI=1S/C13H20O/c1-10-6-5-9-13(3,4)12(10)8-7-11(2)14/h7-8,12H,1,5-6,9H2,2-4H3	gamma-Ionon	CC(=O)C=CC1C(=C)CCCC1(C)C	3.20000005	62327;5363741;11194862;11389922;71357960;118976603	NORMAN:(NS00021359);COCONUT:(CNP0190194);HMDB:(34979);Natural Products:(UNPD122400 UNPD155045);PubChem class - food;PubChem:(62327 5363741 11194862 11389922 71357960 118976603);SuperNatural:(SN00289868 SN00321637);CHEBI:(49251 49250);PubChem class - bio and metabolites;PubChem class - safety and toxic;PubMed	221544554
8	1	N/A	-53.30465423407735	C13H20O	[M + H]+	FETSKTIMHFKZNF	InChI=1S/C13H20O/c1-9-7-10(2)13(11(3)8-9)6-5-12(4)14/h5-7,10-11,13H,8H2,1-4H3	Iritone	CC1CC(=CC(C1C=CC(=O)C)C)C	2.70000005	106827;1894383;7007006;6285057;7336246;7336247;7336248;6580979;11898410;11898411;124921573;124921574	NORMAN:(NS00012651);MeSH:(6285057);PubChem class - safety and toxic;PubChem:(106827 1894383 7007006 6285057 7336246 7336247 7336248 6580979 11898410 11898411 124921573 124921574);PubMed	67371078
9	1	N/A	-55.4099278069228	C13H20O	[M + H]+	DGFJDZRKSVHFAM	InChI=1S/C13H20O/c1-9-7-10(2)12(4)13(8-9)6-5-11(3)14/h5-7,10,12-13H,8H2,1-4H3	3-Buten-2-one,5,6-trimethyl-3-cyclohexen-1-yl)-	CC1C=C(CC(C1C)C=CC(=O)C)C	2.70000005	97764;5355456	NORMAN:(NS00013272);MeSH:(5355456);PubChem:(97764 5355456);PubMed	262214
10	1	N/A	-56.6821903841748	C13H20O	[M + H]+	CVDHBGKYPTUEAA	InChI=1S/C13H20O/c1-5-6-7-11-10(2)12(14)8-9-13(11,3)4/h5-6H,7-9H2,1-4H3	2-Cyclohexen-1-one, 3-(2-butenyl)-2,4,4-trimethyl-	CC=CCC1=C(C(=O)CCC1(C)C)C	3.0	105425;642507;14109911	NORMAN:(NS00053025);COCONUT:(CNP0253391);HMDB:(34671);Natural Products:(UNPD133041 UNPD24856);PubChem:(105425 642507 14109911);SuperNatural:(SN00344898 SN00315801);PubChem class - bio and metabolites	20217866
11	1	N/A	-58.68657135151158	C13H20O	[M + H]+	NSPDRVIQAXARPO	InChI=1S/C13H20O/c1-4-13(14)11(3)9-12-7-5-10(2)6-8-12/h5,9,12H,4,6-8H2,1-3H3	2-Methyl-1-(4-methyl-3-cyclohexen-1-yl)pent-1-en-3-one	CCC(=O)C(=CC1CCC(=CC1)C)C	2.9000001	3018016;6365674	PubChem:(3018016 6365674);NORMAN:(NS00061797)	262146
12	1	N/A	-58.83147096943353	C13H20O	[M + H]+	OCUCBUXJXISFDG	InChI=1S/C13H20O/c1-5-6-12(14)11-9-10(2)7-8-13(11,3)4/h5-6,9-10H,7-8H2,1-4H3	null	CC=CC(=O)C1=CC(CCC1(C)C)C	3.9000001	101413355	COCONUT:(CNP0199351);Natural Products:(UNPD88201);PubChem:(101413355);SuperNatural:(SN00323855)	3178498
13	1	N/A	-59.55467730674122	C13H20O	[M + H]+	NRVFUNVHEXIEHU	InChI=1S/C13H20O/c1-10-8-9-12(13(10,3)4)7-5-6-11(2)14/h5-6,8,12H,7,9H2,1-4H3	5-(2,2,3-Trimethyl-3-cyclopenten-1-yl)pent-3-en-2-one	CC1=CCC(C1(C)C)CC=CC(=O)C	2.9000001	108356;6504540;98076595	PubChem:(108356 6504540 98076595);NORMAN:(NS00054517)	262146
14	1	N/A	-62.08562487692975	C13H20O	[M + H]+	IXLLBXDECOMIBP	InChI=1S/C13H20O/c1-5-7-11(14)12-10(2)8-6-9-13(12,3)4/h5,7,12H,2,6,8-9H2,1,3-4H3	Z-.beta.-Damascone	CC=CC(=O)C1C(=C)CCCC1(C)C	3.5	6431131;9837013;10035488;10104051;56631748	PubChem:(6431131 9837013 10035488 10104051 56631748);PubChem class - safety and toxic	67108866
15	1	N/A	-63.68147408996922	C13H20O	[M + H]+	DMGPXLFAXQJGKK	InChI=1S/C13H20O/c1-9(2)12-7-5-10(3)13(12)8-6-11(4)14/h12H,1,5-8H2,2-4H3	4-(2-methyl-5-prop-1-en-2-ylcyclopenten-1-yl)butan-2-one	CC1=C(C(CC1)C(=C)C)CCC(=O)C	2.5	1761700;1761699;3775692	COCONUT:(CNP0215490);PubChem:(1761700 1761699 3775692);SuperNatural:(SN00055632 SN00055631);ZINC bio:(ZINC02106662 ZINC02106663)	3153922
16	1	N/A	-64.2094176089446	C13H20O	[M + H]+	CZQIKCBGQZBANA	InChI=1S/C13H20O/c1-5-6-7-11-10(2)12(14)8-9-13(11,3)4/h5H,1,6-9H2,2-4H3	5,8-Megastigmadienone-4	CC1=C(C(CCC1=O)(C)C)CCC=C	3.0999999	105426	PubChem:(105426);NORMAN:(NS00022651)	262146
17	1	N/A	-68.20345569955582	C13H20O	[M + H]+	WJVCBBRYKVMYMG	InChI=1S/C13H20O/c1-8(2)10-6-12-9(3)4-5-11(12)13(14)7-10/h7-9,11-12H,4-6H2,1-3H3	(1S,3aR,7aS)-1-methyl-6-propan-2-yl-1,2,3,3a,7,7a-hexahydroinden-4-one	CC1CCC2C1CC(=CC2=O)C(C)C	3.0	12967770;122210685	COCONUT:(CNP0267833);Natural Products:(UNPD95990);PubChem:(12967770 122210685);SuperNatural:(SN00297226)	3178498
18	1	N/A	-71.16349494607665	C13H20O	[M + H]+	QCGKUVQFKYIGAV	InChI=1S/C13H20O/c1-8(2)10-6-12-9(3)4-5-11(12)13(14)7-10/h6,8-9,11-12H,4-5,7H2,1-3H3	(1S,3aR,7aR)-1-methyl-6-propan-2-yl-1,2,3,3a,5,7a-hexahydroinden-4-one	CC1CCC2C1C=C(CC2=O)C(C)C	2.70000005	12967769;122210688	COCONUT:(CNP0219226);Natural Products:(UNPD67637);PubChem:(12967769 122210688);SuperNatural:(SN00322607)	3178498
19	1	N/A	-73.43468169422196	C13H20O	[M + H]+	SPUHUUUOQNMMPE	InChI=1S/C13H20O/c1-8(2)11-5-4-9(3)12-6-10(14)7-13(11)12/h6,8-9,11,13H,4-5,7H2,1-3H3	null	CC1CCC(C2C1=CC(=O)C2)C(C)C	2.9000001	539806	PubChem:(539806);COCONUT:(CNP0092799)	2097154
20	1	N/A	-75.8082860302536	C13H20O	[M + H]+	GRCMSFFGWKAZLY	InChI=1S/C13H20O/c1-12(2)10-6-4-5-8-13(10,3)9-7-11(12)14/h6H,4-5,7-9H2,1-3H3	1,1,4a-trimethyl-4,5,6,7-tetrahydro-3H-naphthalen-2-one	CC1(C(=O)CCC2(C1=CCCC2)C)C	3.0999999	535380;21717982;55263459	PubChem:(535380 21717982 55263459);COCONUT:(CNP0086187)	2097154
21	1	N/A	-77.08813464377796	C13H20O	[M + H]+	IGPRYTURJRKOCT	InChI=1S/C13H20O/c1-9(14)4-5-10-6-7-11-12(8-10)13(11,2)3/h6,11-12H,4-5,7-8H2,1-3H3	(+)-3-Carene, 10-(acetylmethyl)-	CC(=O)CCC1=CCC2C(C1)C2(C)C	2.29999995	561019	PubChem:(561019);COCONUT:(CNP0076013)	2097154
22	1	N/A	-77.13271549239536	C13H20O	[M + H]+	LAGYWBZWJKHOOJ	InChI=1S/C13H20O/c1-10(9-14)8-12-11(2)6-5-7-13(12,3)4/h6,8-9,12H,5,7H2,1-4H3	3-(2,6,6-Trimethyl-2-cyclohexen-1-yl)methacrylaldehyde	CC1=CCCC(C1C=C(C)C=O)(C)C	3.0999999	106809;6437263;20838852	PubChem:(106809 6437263 20838852);NORMAN:(NS00053532)	262146
23	1	N/A	-77.79444224418457	C13H20O	[M + H]+	SQFRYZPEWOZAKJ	InChI=1S/C13H20O/c1-10-6-5-9-13(3,4)12(10)8-7-11(2)14/h5-6H,7-9H2,1-4H3	Dehydrodihydroionone	CC1=C(C(CC=C1)(C)C)CCC(=O)C	2.4000001	577126	NORMAN:(NS00013261);COCONUT:(CNP0084872);HMDB:(37139);PubChem class - food;PubChem:(577126);CHEBI:(88549);PubChem class - bio and metabolites;KEGG Mine	8743288874
24	1	N/A	-79.51376139013529	C13H20O	[M + H]+	PXPDEADJZRXKIF	InChI=1S/C13H20O/c1-8-9(2)12(4,5)11(14)13(6,7)10(8)3/h2H2,1,3-7H3	2,2,3,4,6,6-hexamethyl-5-methylene-3-cyclohexen-1-one	CC1=C(C(C(=O)C(C1=C)(C)C)(C)C)C	2.5999999	3487698	PubChem:(3487698);PubChem class - safety and toxic	67108866
25	1	N/A	-83.91966380589665	C13H20O	[M + H]+	BLZZNBSCWYINFA	InChI=1S/C13H20O/c1-10-8-9-12(13(10,3)4)7-5-6-11(2)14/h5,7-8,12H,6,9H2,1-4H3	5-(2,2,3-Trimethyl-3-cyclopenten-1-yl)pent-4-en-2-one	CC1=CCC(C1(C)C)C=CCC(=O)C	2.5999999	108357;6504541	PubChem:(108357 6504541);NORMAN:(NS00055852)	262146
26	1	N/A	-85.6022666712037	C13H20O	[M + H]+	WTXNKMUAUXRDQM	InChI=1S/C13H20O/c1-10-7-8-11(2)13(3,4)12(10)6-5-9-14/h5-7,9,11-12H,8H2,1-4H3	null	CC1CC=C(C(C1(C)C)C=CC=O)C	3.0	14489316;14489317;131284931	COCONUT:(CNP0282873);Natural Products:(UNPD112844);PubChem:(14489316 14489317 131284931);SuperNatural:(SN00401285)	3178498
27	1	N/A	-86.97225578843643	C13H20O	[M + H]+	OEVIJAZJVZDBQL	InChI=1S/C13H20O/c1-4-5-8-12(14)11-7-6-9-13(2,3)10-11/h4,7H,1,5-6,8-10H2,2-3H3	1-(5,5-dimethylcyclohexen-1-yl)pent-4-en-1-one	CC1(CCC=C(C1)C(=O)CCC=C)C	3.5999999	92606	NORMAN:(NS00012287);MeSH:(92606);PubChem class - safety and toxic;PubChem:(92606);PubMed	67371078
28	1	N/A	-87.55786416491777	C13H20O	[M + H]+	XEJGJTYRUWUFFD	InChI=1S/C13H20O/c1-5-7-11(14)12-10(2)8-6-9-13(12,3)4/h5-8,10,12H,9H2,1-4H3	8-Damascone	CC=CC(=O)C1C(C=CCC1(C)C)C	3.4000001	42296;5365916;12978217;10198036;38988254;40428704;57034810;54465226;59841772;90951772;91261625;98207281;99644805	NORMAN:(NS00010006);COCONUT:(CNP0091801);HMDB:(35682);PubChem class - food;PubChem:(42296 5365916 12978217 10198036 38988254 40428704 57034810 54465226 59841772 90951772 91261625 98207281 99644805);YMDB Mine;PubChem class - bio and metabolites;PubChem class - safety and toxic;PubMed	34580201546
29	1	N/A	-88.64376890631037	C13H20O	[M + H]+	JXJIQCXXJGRKRJ	InChI=1S/C13H20O/c1-11(2)7-5-8-12(3)9-6-10-13(4)14/h6-7,9-10H,5,8H2,1-4H3	psi-Ionone	CC(=CCCC(=CC=CC(=O)C)C)C	3.9000001	78954;1756999;1757000;1757002;1757003;10821656	HMDB:(32498);PubChem class - food;SuperNatural:(SN00290031);ZINC bio:(ZINC14556357);Plantcyc:(CPD-13371);PubMed;NORMAN:(NS00007490);COCONUT:(CNP0137850);Natural Products:(UNPD2115);PubChem:(78954 1756999 1757000 1757002 1757003 10821656);YMDB Mine;CHEBI:(67207);PubChem class - bio and metabolites;PubChem class - safety and toxic;Biocyc:(CPD-13371);KEGG Mine	43171358826
30	1	N/A	-89.11242608735043	C13H20O	[M + H]+	WKNLFMXMEHMEGH	InChI=1S/C13H20O/c1-9-5-4-6-12-7-11(10(2)14)8-13(9,12)3/h8-9,12H,4-7H2,1-3H3	null	CC1CCCC2C1(C=C(C2)C(=O)C)C	3.5999999	72189088;101380771;117654909	COCONUT:(CNP0262571);Natural Products:(UNPD47303);PubChem:(72189088 101380771 117654909);SuperNatural:(SN00351922)	3178498
31	1	N/A	-89.29195948999482	C13H20O	[M + H]+	GOWIYTQTDKCRDA	InChI=1S/C13H20O/c1-12(2)9-13(3)7-5-4-6-10(13)11(12)8-14/h6,8,11H,4-5,7,9H2,1-3H3	3a,4,5,6-Tetrahydro-2,2,3a-trimethylindancarbaldehyde	CC1(CC2(CCCC=C2C1C=O)C)C	3.29999995	113564	PubChem:(113564);NORMAN:(NS00066255)	262146
32	1	N/A	-89.3515098298868	C13H20O	[M + H]+	LLJNTMFCLMRXSC	InChI=1S/C13H20O/c1-10(9-14)8-12-11(2)6-5-7-13(12,3)4/h8-9,12H,2,5-7H2,1,3-4H3	3-(2,2-Dimethyl-6-methylenecyclohexyl)methacrylaldehyde	CC(=CC1C(=C)CCCC1(C)C)C=O	3.4000001	106808;6437262;20838851	PubChem:(106808 6437262 20838851);NORMAN:(NS00053580)	262146
33	1	N/A	-95.4412055511578	C13H20O	[M + H]+	GHHCTCHDGTWLFZ	InChI=1S/C13H20O/c1-12(2)8-13(3,9-14)11-7-5-4-6-10(11)12/h7,9-10H,4-6,8H2,1-3H3	3a,4,5,6-Tetrahydro-1,3,3-trimethylindancarbaldehyde	CC1(CC(C2=CCCCC21)(C)C=O)C	2.9000001	175612	PubChem:(175612);NORMAN:(NS00066284)	262146
34	1	N/A	-95.82486827602597	C13H20O	[M + H]+	DBKJZSIBBKOBCN	InChI=1S/C13H20O/c1-9(2)5-12-6-10(3)11(4)7-13(12)8-14/h5-6,8,11-13H,7H2,1-4H3	4,5-dimethyl-2-(2-methylprop-1-enyl)cyclohex-3-ene-1-carbaldehyde	CC1CC(C(C=C1C)C=C(C)C)C=O	2.9000001	170656;170657;170658;170659;20383997;21124895;21124896;21124897;102437541;131077064	PubChem:(170656 170657 170658 170659 20383997 21124895 21124896 21124897 102437541 131077064);NORMAN:(NS00059039)	262146
35	1	N/A	-97.01534105083789	C13H20O	[M + H]+	RFOFRIOMKNGUNG	InChI=1S/C13H20O/c1-9(14)4-7-12-10-5-6-11(8-10)13(12,2)3/h4,7,10-12H,5-6,8H2,1-3H3	4-(3,3-Dimethyl-2-norbornyl)-3-buten-2-one	CC(=O)C=CC1C2CCC(C2)C1(C)C	3.29999995	6452447;20981734;131239797	PubChem:(6452447 20981734 131239797);NORMAN:(NS00056668)	262146
36	1	N/A	-99.12045215246631	C13H20O	[M + H]+	LIWODPOWBUCDSS	InChI=1S/C13H20O/c1-4-12(10(2)3)13-8-6-5-7-11(13)9-14/h4-5,7,9-13H,1,6,8H2,2-3H3	6-[1-(1-methylethyl)allyl]cyclohex-2-ene-1-carbaldehyde	CC(C)C(C=C)C1CCC=CC1C=O	3.5999999	106994	PubChem:(106994);NORMAN:(NS00054185)	262146
37	1	N/A	-99.5976838696377	C13H20O	[M + H]+	FFPUXAKQEIEKNL	InChI=1S/C13H20O/c1-5-6-9-10-7-8-13(4,11(9)14)12(10,2)3/h6,10H,5,7-8H2,1-4H3	4,7,7-trimethyl-2-propylidenebicyclo[2.2.1]heptan-3-one	CCC=C1C2CCC(C1=O)(C2(C)C)C	3.29999995	2750177;7159050;7159051;6377690;23310153;23310154;51521320;98103066;124767793	COCONUT:(CNP0057974);PubChem:(2750177 7159050 7159051 6377690 23310153 23310154 51521320 98103066 124767793);SuperNatural:(SN00129469 SN00132983);ZINC bio:(ZINC04266286 ZINC13404192)	3153922
38	1	N/A	-100.11586863362376	C13H20O	[M + H]+	AAPLYDDEQVREDC	InChI=1S/C13H20O/c1-10(9-14)5-7-12-8-6-11(2)13(12,3)4/h5-6,9,12H,7-8H2,1-4H3	ACMC-20matn	CC1=CCC(C1(C)C)CC=C(C)C=O	3.0	3017557;6365609;11106208;15330881;57038430;57255089	PubChem:(3017557 6365609 11106208 15330881 57038430 57255089);NORMAN:(NS00055257)	262146
39	1	N/A	-100.82945436531192	C13H20O	[M + H]+	ZJKXUGPLOAFMNP	InChI=1S/C13H20O/c1-8(14)5-10-6-11-7-12(9(10)2)13(11,3)4/h10-12H,2,5-7H2,1,3-4H3	.beta.-Pinene, 3-(acetylmethyl)-	CC(=O)CC1CC2CC(C1=C)C2(C)C	2.5	539536	PubChem:(539536);COCONUT:(CNP0076262)	2097154
40	1	N/A	-101.16257354973168	C13H20O	[M + H]+	VNZLXHULMGQBBV	InChI=1S/C13H20O/c1-9-8-10(14)11-12(2,3)6-5-7-13(9,11)4/h8,11H,5-7H2,1-4H3	1H-Inden-1-one, 3a,4,5,6,7,7a-hexahydro-3,3a,7,7-tetramethyl-	CC1=CC(=O)C2C1(CCCC2(C)C)C	3.4000001	12600978;89515399;90388757	PubChem:(12600978 89515399 90388757);PubChem class - safety and toxic	67108866
41	1	N/A	-103.27215561904521	C13H20O	[M + H]+	OWFZJSXGDOTWSH	InChI=1S/C13H20O/c1-8(2)12-6-13-9(3)4-10(12)5-11(13)7-14/h4,7-8,10-13H,5-6H2,1-3H3	7-Formyl-5-isopropyl-2-methylbicyclo(2.2.2)oct-2-ene	CC1=CC2CC(C1CC2C(C)C)C=O	2.5999999	106866;55250382;124536972;124536973;124536974;124302032	NORMAN:(NS00012745);PubChem class - safety and toxic;PubChem:(106866 55250382 124536972 124536973 124536974 124302032)	67371010
42	1	N/A	-103.59842907296567	C13H20O	[M + H]+	FFDWBRRFSSVESS	InChI=1S/C13H20O/c1-5-6-13(9-14)11(3)7-10(2)8-12(13)4/h5,7,9,11-12H,1,6,8H2,2-4H3	1-Allyl-2,4,6-trimethylcyclohex-3-ene-1-carbaldehyde	CC1CC(=CC(C1(CC=C)C=O)C)C	2.79999995	109173	PubChem:(109173);NORMAN:(NS00061558)	262146
43	1	N/A	-104.14735777942754	C13H20O	[M + H]+	RDSXSBDWUFIODU	InChI=1S/C13H20O/c1-9(2)13-8-11(14)7-10-5-3-4-6-12(10)13/h7,9,12-13H,3-6,8H2,1-2H3	4-propan-2-yl-4,4a,5,6,7,8-hexahydro-3H-naphthalen-2-one	CC(C)C1CC(=O)C=C2C1CCCC2	3.0999999	1788148;1788150;1788151;3661066;6574144	COCONUT:(CNP0364410);PubChem:(1788148 1788150 1788151 3661066 6574144);SuperNatural:(SN00060384 SN00067661 SN00060383);ZINC bio:(ZINC02132734 ZINC02132735 ZINC04026718)	3153922
44	1	N/A	-106.26536793900681	C13H20O	[M + H]+	OSGZAYGTABWPMB	InChI=1S/C13H20O/c1-10(2)13-6-4-12(5-7-13)8-11(3)9-14/h4,9,11,13H,1,5-8H2,2-3H3	2-methyl-3-(4-prop-1-en-2-ylcyclohexen-1-yl)propanal	CC(CC1=CCC(CC1)C(=C)C)C=O	3.29999995	103797	PubChem:(103797);NORMAN:(NS00059979)	262146
45	1	N/A	-106.70472687197817	C13H20O	[M + H]+	XQKOWLJBFQBFMO	InChI=1S/C13H20O/c1-9(2)10-3-4-12-8-13(14)6-5-11(12)7-10/h8-11H,3-7H2,1-2H3	4,4a,5,6,7,8-Hexahydro-6-isopropyl-2(3H)naphthalenone	CC(C)C1CCC2=CC(=O)CCC2C1	2.9000001	118133	PubChem:(118133);NORMAN:(NS00054456)	262146
46	1	N/A	-107.42924521440247	C13H20O	[M + H]+	PBEWYCCRRKCGGW	InChI=1S/C13H20O/c1-9(2)12-6-5-10(3)13(7-12)11(4)8-14/h5,8,11-13H,1,6-7H2,2-4H3	2-(2-methyl-5-prop-1-en-2-ylcyclohex-2-en-1-yl)propanal	CC1=CCC(CC1C(C)C=O)C(=C)C	3.20000005	175301;130910843	PubChem:(175301 130910843);NORMAN:(NS00060565)	262146
47	1	N/A	-111.1677360383618	C13H20O	[M + H]+	LKERFQHZNFIXLI	InChI=1S/C13H20O/c1-8(2)12-6-10-5-11(7-14)13(12)4-9(10)3/h4,7-8,10-13H,5-6H2,1-3H3	7-Isopropyl-5-methylbicyclo(2.2.2)oct-5-ene-2-carbaldehyde	CC1=CC2C(CC1CC2C(C)C)C=O	2.5999999	44149601	PubChem:(44149601);NORMAN:(NS00062643)	262146
48	1	N/A	-115.63449412163311	C13H20O	[M + H]+	POLSEKWMVQFBBA	InChI=1S/C13H20O/c1-13(2)7-3-4-11-8-10(9-14)5-6-12(11)13/h9-10H,3-8H2,1-2H3	2-Naphthaldehyde,1,2,3,4,5,6,7,8-octahydro-5,5-dimethyl- (6CI)	CC1(CCCC2=C1CCC(C2)C=O)C	2.5999999	112134	PubChem:(112134);NORMAN:(NS00013059)	262146
49	1	N/A	-115.89900328980053	C13H20O	[M + H]+	AQJANVUPNABWRU	InChI=1S/C13H20O/c1-13(2)7-3-4-11-6-5-10(9-14)8-12(11)13/h9-10H,3-8H2,1-2H3	Cyclomugual	CC1(CCCC2=C1CC(CC2)C=O)C	2.5999999	112226;60101091;92278871	NORMAN:(NS00013057);PubChem class - safety and toxic;PubChem:(112226 60101091 92278871)	67371010
50	1	N/A	-116.52063100760229	C13H20O	[M + H]+	MQBIZQLCHSZBOI	InChI=1S/C13H20O/c1-11(2)4-3-5-12-6-8-13(10-14)9-7-12/h4,6,10,13H,3,5,7-9H2,1-2H3	Myrac aldehyde	CC(=CCCC1=CCC(CC1)C=O)C	3.0	93199;92256257;92256262	NORMAN:(NS00012703);COCONUT:(CNP0003591);HMDB:(31733);PubChem:(93199 92256257 92256262);PubChem class - bio and metabolites;PubChem class - safety and toxic	86245386
51	1	N/A	-116.86614637299132	C13H20O	[M + H]+	JFNVNVBVTVTZIZ	InChI=1S/C13H20O/c1-10-6-5-9-13(3,4)12(10)8-7-11(2)14/h7,10H,5-6,9H2,1-4H3	null	CC1CCCC(C1=C=CC(=O)C)(C)C	3.37259102	""	COCONUT:(CNP0074952)	2097152
52	1	N/A	-118.68907504630614	C13H20O	[M + H]+	VAYVKDRGIHTJMV	InChI=1S/C13H20O/c1-9(6-7-14)12-10-4-5-11(8-10)13(12,2)3/h6-7,10-12H,4-5,8H2,1-3H3	2-Butenal,3-(3,3-dimethylbicyclo[2.2.1]hept-2-yl)-	CC(=CC=O)C1C2CCC(C2)C1(C)C	3.70000005	44150491;53425083	PubChem:(44150491 53425083);NORMAN:(NS00060074)	262146
53	1	N/A	-119.91947830262588	C13H20O	[M + H]+	BNAYNPKNDLTBTJ	InChI=1S/C13H20O/c1-8(2)12-6-10-5-11(7-14)13(12)4-9(10)3/h7-8,11-13H,4-6H2,1-3H3	5-methyl-7-(propan-2-yl)bicyclo[2.2.2]oct-4-ene-2-carbaldehyde	CC1=C2CC(C(C1)C(C2)C(C)C)C=O	2.20000005	109261	PubChem:(109261);NORMAN:(NS00012742)	262146
54	1	N/A	-122.0485599378947	C13H20O	[M + H]+	RKXHUEKKGCBVSR	InChI=1S/C13H20O/c1-11(2)5-3-6-12-7-4-8-13(9-12)10-14/h5,7,10,13H,3-4,6,8-9H2,1-2H3	Myrac aldehyde 1	CC(=CCCC1=CCCC(C1)C=O)C	3.0	103649	NORMAN:(NS00012964);PubChem class - safety and toxic;PubChem:(103649)	67371010
55	1	N/A	-122.41432133760294	C13H20O	[M + H]+	OOLNKKHZTVAGAN	InChI=1S/C13H20O/c1-13(2)7-3-4-11-8-10(9-14)5-6-12(11)13/h4,9-10,12H,3,5-8H2,1-2H3	Octahydro-5,5-dimethylnaphthalene-2-carbaldehyde	CC1(CCC=C2C1CCC(C2)C=O)C	2.9000001	3034897	PubChem:(3034897);NORMAN:(NS00013058)	262146
56	1	N/A	-122.4755839285852	C13H20O	[M + H]+	WJWBVJLPGOYBGM	InChI=1S/C13H20O/c1-3-4-10-13(14)11(2)12-8-6-5-7-9-12/h3,12H,1-2,4-10H2	1,6-Heptadien-3-one, 2-cyclohexyl-	C=CCCC(=O)C(=C)C1CCCCC1	4.0999999	15897831	PubChem:(15897831);PubChem class - safety and toxic	67108866
57	1	N/A	-133.01253628952588	C13H20O	[M + H]+	JHFXONHKYKQFRD	InChI=1S/C13H20O/c14-3-1-2-13-7-10-4-11(8-13)6-12(5-10)9-13/h3,10-12H,1-2,4-9H2	null	C1C2CC3CC1CC(C2)(C3)CCC=O	3.5	46943436	PubChem:(46943436);PubChem class - bio and metabolites	16777218
58	1	N/A	-138.7764070458015	C13H20O	[M + H]+	LXYNULJSTVMWAJ	InChI=1S/C13H20O/c1-10(2)13-6-4-12(3,5-7-13)11(8-13)9-14/h4,6,9-11H,5,7-8H2,1-3H3	4-isopropyl-1-methylbicyclo[2.2.2]oct-5-ene-2-carbaldehyde	CC(C)C12CCC(C=C1)(C(C2)C=O)C	3.5	106943;21118209;21118210;92278746;92278797;102268163;102268165	NORMAN:(NS00012743);PubChem class - safety and toxic;PubChem:(106943 21118209 21118210 92278746 92278797 102268163 102268165)	67371010
59	1	N/A	-139.42852498200682	C13H20O	[M + H]+	PDSPBIIMJJPMBL	InChI=1S/C13H20O/c1-10(2)13-6-4-12(3,5-7-13)8-11(13)9-14/h4,6,9-11H,5,7-8H2,1-3H3	1-Isopropyl-4-methylbicyclo(2.2.2)oct-5-ene-2-carbaldehyde	CC(C)C12CCC(CC1C=O)(C=C2)C	3.5	106964;21118211;21118212;92278748;92278799;102268164;102268166	PubChem:(106964 21118211 21118212 92278748 92278799 102268164 102268166);NORMAN:(NS00012744)	262146
60	1	N/A	-141.23158454434753	C13H20O	[M + H]+	ZJZOLSQPHYEYOB	InChI=1S/C13H20O/c1-11(2)6-5-9-12-7-3-4-8-13(12)10-14/h6,10H,3-5,7-9H2,1-2H3	null	CC(=CCCC1=C(CCCC1)C=O)C	3.4000001	23219118	PubChem:(23219118);NORMAN:(NS00057397)	262146
61	1	N/A	-146.16541705995212	C13H20O	[M + H]+	OAOCPPMHQWFIRS	InChI=1S/C13H20O/c1-13(2)11-7-6-10(12(13)9-11)5-3-4-8-14/h6,8,11-12H,3-5,7,9H2,1-2H3	Bicyclo(3.1.1)hept-2-ene-2-butanal, 6,6-dimethyl-	CC1(C2CC=C(C1C2)CCCC=O)C	2.5	162285;89306901;89306902	PubChem:(162285 89306901 89306902);NORMAN:(NS00056938)	262146
62	1	N/A	-158.08163461902976	C13H20O	[M + H]+	SJICFWRZYCWFOK	InChI=1S/C13H20O/c1-10-6-5-9-13(3,4)12(10)8-7-11(2)14/h5-8,11,14H,9H2,1-4H3	dehydro-.beta.-ionol	CC1=C(C(CC=C1)(C)C)C=CC(C)O	2.70000005	6428792;71354538	COCONUT:(CNP0395081);Natural Products:(UNPD51828);PubChem:(6428792 71354538);SuperNatural:(SN00311704)	3178498
63	1	N/A	-180.05957853559536	C13H20O	[M + H]+	BIXIZZVISIZZDM	InChI=1S/C13H20O/c1-2-3-4-5-6-7-8-9-10-11-12-13-14/h6-7,9-13H,2-5,8H2,1H3	2,4,7-tridecatrienal	CCCCCC=CCC=CC=CC=O	4.19999981	61647;5283364;6421281;6429289;90106722	NORMAN:(NS00053410);COCONUT:(CNP0140048);HMDB:(33545);PubChem class - food;PubChem:(61647 5283364 6421281 6429289 90106722);YMDB Mine;PubChem class - bio and metabolites;PubMed;KEGG Mine	43103027274
64	1	N/A	-183.17388927155974	C13H20O	[M + H]+	MHUYBIUXLMLCJM	InChI=1S/C13H20O/c1-9-10(14)8-11-12(2,3)6-5-7-13(9,11)4/h5,7-10,14H,6H2,1-4H3	null	CC1C(C=C2C1(C=CCC2(C)C)C)O	2.9000001	66963592;101609001;130755643;130875573	COCONUT:(CNP0127931);HMDB:(36684);KNApSAcK:(21957);Natural Products:(UNPD99962);PubChem class - food;PubChem:(66963592 101609001 130755643 130875573);SuperNatural:(SN00225043);PubChem class - bio and metabolites	154173466
65	1	N/A	-184.54779197665044	C13H20O	[M + H]+	XHWBNIKVUZLLKD	InChI=1S/C13H20O/c1-9-3-5-11(8-14)7-13-10(2)4-6-12(9)13/h3,6,10-11,13-14H,4-5,7-8H2,1-2H3	[(3R,3aR,5R)-3,8-dimethyl-2,3,3a,4,5,6-hexahydroazulen-5-yl]methanol	CC1CC=C2C1CC(CC=C2C)CO	2.20000005	3085916;78302621	PubChem:(3085916 78302621);NORMAN:(NS00022733)	262146
66	1	N/A	-190.59670430975183	C13H20O	[M + H]+	OKIYXOGGIXBEPO	InChI=1S/C13H20O/c1-4-7-10(3)12-9-6-8-11(5-2)13(12)14/h6,8-10,14H,4-5,7H2,1-3H3	2-ethyl-6-pentan-2-ylphenol	CCCC(C)C1=CC=CC(=C1O)CC	4.5999999	3058294;124389054;124389055	PubChem class - safety and toxic;PubChem:(3058294 124389054 124389055);PubMed	67108930
67	1	N/A	-193.57138722807696	C13H20O	[M + H]+	DUQZZCOYQGZPEG	InChI=1S/C13H20O/c1-5-6-10-12-9(2)7-8-11(14-10)13(12,3)4/h5-7,10-12H,8H2,1-4H3	(2S,6R,7S,8E)-(+)-2,7-Epoxy-4,8-megastigmadiene	CC=CC1C2C(=CCC(C2(C)C)O1)C	2.9000001	572309;5369994;73945303	COCONUT:(CNP0162578);Natural Products:(UNPD160387);PubChem:(572309 5369994 73945303);SuperNatural:(SN00270155)	3178498
68	1	N/A	-197.9206732110109	C13H20O	[M + H]+	USLRBUJWLBCXJZ	InChI=1S/C13H20O/c14-13-10-5-3-7-12(13)11-6-2-1-4-9(11)8-10/h10,12-14H,1-8H2	1,2,3,4,5,6,7,8,9,10-decahydro-5,9-methanobenzo[8]annulen-11-ol	C1CCC2=C(C1)CC3CCCC2C3O	2.29999995	3674424;11872093;18397697;16395207;98133926;101336487;130634202;130756099;130945442	COCONUT:(CNP0360997);PubChem:(3674424 11872093 18397697 16395207 98133926 101336487 130634202 130756099 130945442);SuperNatural:(SN00066392);ZINC bio:(ZINC04023575)	3153922
69	1	N/A	-204.19186534357408	C13H20O	[M + H]+	VZNKGWCUZJXNCF	InChI=1S/C13H20O/c1-5-6-11-12-9(2)10(14-11)7-8-13(12,3)4/h5-6,10-12H,2,7-8H2,1,3-4H3	null	CC=CC1C2C(=C)C(O1)CCC2(C)C	2.79999995	73945304;101413332	COCONUT:(CNP0132200);Natural Products:(UNPD89734);PubChem:(73945304 101413332);SuperNatural:(SN00403541)	3178498
70	1	N/A	-204.71194726970904	C13H20O	[M + H]+	DASIOEIBURQFMM	InChI=1S/C13H20O/c1-4-7-11-8-6-9-12(13(11)14)10(3)5-2/h6,8-10,14H,4-5,7H2,1-3H3	2-sec-Butyl-6-propylphenol	CCCC1=C(C(=CC=C1)C(C)CC)O	4.41708136	3058295;124389048;124389049	PubChem class - safety and toxic;PubChem:(3058295 124389048 124389049);PubMed	67108930
71	1	N/A	-205.4819369034522	C13H20O	[M + H]+	VNRPVAMHSZBGBD	InChI=1S/C13H20O/c1-5-13(4,14)11-9-6-7-10(8-9)12(11,2)3/h5-7,9-11,14H,1,8H2,2-4H3	Bicyclo[2.2.1]hept-5-ene-2-methanol,a-ethenyl-a,3,3-trimethyl-	CC1(C2CC(C1C(C)(C=C)O)C=C2)C	2.9000001	44145225	PubChem:(44145225);NORMAN:(NS00059509)	262146
72	1	N/A	-209.84799098174605	C13H20O	[M + H]+	NMTCMJXRNZCLIH	InChI=1S/C13H20O/c1-5-10(4)12-8-6-7-11(9(2)3)13(12)14/h6-10,14H,5H2,1-4H3	2-sec-Butyl-6-isopropylphenol	CCC(C)C1=CC=CC(=C1O)C(C)C	4.19750929	3058299;25134494;25134495	PubChem class - safety and toxic;PubChem:(3058299 25134494 25134495);PubMed	67108930
73	1	N/A	-211.98589011971947	C13H20O	[M + H]+	AOANZJQNJMQQPK	InChI=1S/C13H20O/c1-5-6-11-10-7-8-13(3,4)12(14-11)9(10)2/h5-6,10-12H,2,7-8H2,1,3-4H3	null	CC=CC1C2CCC(C(C2=C)O1)(C)C	3.17564178	""	COCONUT:(CNP0275809);Natural Products:(UNPD127731);SuperNatural:(SN00227167)	3178496
74	1	N/A	-212.2283730556418	C13H20O	[M + H]+	QXVWWADASQRJAU	InChI=1S/C13H20O/c1-4-5-7-11-8-6-9-12(10(2)3)13(11)14/h6,8-10,14H,4-5,7H2,1-3H3	2-Butyl-6-isopropylphenol	CCCCC1=C(C(=CC=C1)C(C)C)O	4.5999999	211162	PubChem class - safety and toxic;PubChem:(211162);PubMed	67108930
75	1	N/A	-214.95597932533948	C13H20O	[M + H]+	BPNNRHSEXOXXJY	InChI=1S/C13H20O/c1-9(2)7-11-5-6-13(14)12(8-11)10(3)4/h5-6,8-10,14H,7H2,1-4H3	4-Isobutyl-2-isopropylphenol	CC(C)CC1=CC(=C(C=C1)O)C(C)C	4.30000019	3022448	PubChem:(3022448);NORMAN:(NS00039638)	262146
76	1	N/A	-215.35251564617718	C13H20O	[M + H]+	KYOSLSFHZKIUEM	InChI=1S/C13H20O/c1-10-6-7-11-12(2,3)8-5-9-13(11,4)14-10/h6-7H,5,8-9H2,1-4H3	Cycloionone	CC1=CC=C2C(CCCC2(O1)C)(C)C	3.4000001	110664;76969568;76969569	NORMAN:(NS00044240);COCONUT:(CNP0075989);HMDB:(36144);PubChem class - food;PubChem:(110664 76969568 76969569);PubChem class - bio and metabolites	153354250
77	1	N/A	-216.17410492953152	C13H20O	[M + H]+	DLEMRFDETAPXPQ	InChI=1S/C13H20O/c1-13(2)5-4-9-8-6-10(12(9)13)11(7-8)14-3/h4-5,8-12H,6-7H2,1-3H3	null	CC1(C=CC2C1C3CC2CC3OC)C	3.0	21150993	PubChem:(21150993);NORMAN:(NS00062220)	262146
78	1	N/A	-217.52062110584708	C13H20O	[M + H]+	LQCZIRGCOVVBOQ	InChI=1S/C13H20O/c1-8(2)11-6-10(5)13(9(3)4)12(14)7-11/h6-9,14H,1-5H3	Phenol, 3-methyl-2,5-bis(1-methylethyl)-	CC1=CC(=CC(=C1C(C)C)O)C(C)C	4.19999981	20447657	COCONUT:(CNP0172722);HMDB:(29822);Natural Products:(UNPD163217);PubChem:(20447657);SuperNatural:(SN00329643);PubChem class - bio and metabolites	19955722
79	1	N/A	-217.97100545893963	C13H20O	[M + H]+	IMXWSBUOJQZJJZ	InChI=1S/C13H20O/c1-9-5-6-10(2)13(12(9)4)8-7-11(3)14/h5-6,11,14H,7-8H2,1-4H3	4-(2,3,6-Trimethylphenyl)butan-2-ol	CC1=C(C(=C(C=C1)C)CCC(C)O)C	3.4000001	522200	COCONUT:(CNP0299337);Natural Products:(UNPD55179);PubChem:(522200);SuperNatural:(SN00258729)	3178498
80	1	N/A	-218.4486715306799	C13H20O	[M + H]+	FIWYWGLEPWBBQU	InChI=1S/C13H20O/c1-2-3-4-5-6-9-12-10-7-8-11-13(12)14/h7-8,10-11,14H,2-6,9H2,1H3	2-Heptylphenol	CCCCCCCC1=CC=CC=C1O	4.60248852	33668	PubChem:(33668);PubChem class - safety and toxic	67108866
81	1	N/A	-221.46390260827965	C13H20O	[M + H]+	RQRYGVZUUYYXGA	InChI=1S/C13H20O/c1-10(2)13-6-4-12(5-7-13)8-11(3)9-14/h4-7,10-11,14H,8-9H2,1-3H3	Cyclamen alcohol	CC(C)C1=CC=C(C=C1)CC(C)CO	3.4000001	107334;92278803;92278807	NORMAN:(NS00044405);MeSH:(107334);PubChem class - safety and toxic;PubChem:(107334 92278803 92278807)	67371014
82	1	N/A	-223.2531002187596	C13H20O	[M + H]+	ABPIMHOWWQRNLJ	InChI=1S/C13H20O/c1-8(2)11-6-7-12(9(3)4)13(14)10(11)5/h6-9,14H,1-5H3	2,5-Diisopropyl-6-methylphenol	CC1=C(C=CC(=C1O)C(C)C)C(C)C	4.19999981	3058305	PubChem class - safety and toxic;PubChem:(3058305);PubMed	67108930
83	1	N/A	-224.19251523642953	C13H20O	[M + H]+	PNTYWMCFKKJDAA	InChI=1S/C13H20O/c1-8(2)11-6-10(5)7-12(9(3)4)13(11)14/h6-9,14H,1-5H3	2,6-Diisopropyl-4-methylphenol	CC1=CC(=C(C(=C1)C(C)C)O)C(C)C	4.19999981	96626	PubChem class - safety and toxic;PubChem:(96626);PubMed;KEGG Mine	8657043522
84	1	N/A	-226.15222218423818	C13H20O	[M + H]+	KEGGEHPMMDYTGB	InChI=1S/C13H20O/c1-8(2)11-7-6-10(5)12(9(3)4)13(11)14/h6-9,14H,1-5H3	2,6-Diisopropyl-m-cresol	CC1=C(C(=C(C=C1)C(C)C)O)C(C)C	4.19999981	119956	NORMAN:(NS00028484);COCONUT:(CNP0153930);HMDB:(29820);Natural Products:(UNPD177927);PubChem:(119956);SuperNatural:(SN00257674);PubChem class - bio and metabolites;PubChem class - safety and toxic;PubMed;KEGG Mine	8677261386
85	1	N/A	-228.03490169465687	C13H20O	[M + H]+	BXVWNVFSJFBMTG	InChI=1S/C13H20O/c1-10-6-5-8-12(3,4)13(10)9-7-11(2)14-13/h6-7,9,11H,5,8H2,1-4H3	2,6,10,10-tetramethyl-1-oxaspiro[4.5]deca-3,6-diene	CC1C=CC2(O1)C(=CCCC2(C)C)C	2.9000001	171338	PubChem:(171338);NORMAN:(NS00057529)	262146
86	1	N/A	-230.7039069353136	C13H20O	[M + H]+	DOISHLXLWZJLHG	InChI=1S/C13H20O/c1-3-5-8-12-10-6-9-11(7-4-2)13(12)14/h6,9-10,14H,3-5,7-8H2,1-2H3	2-Butyl-6-propylphenol	CCCCC1=CC=CC(=C1O)CCC	4.63665295	211161	PubChem class - safety and toxic;PubChem:(211161);PubMed	67108930
87	1	N/A	-232.06200300462768	C13H20O	[M + H]+	DUPDJVDPPBFBPL	InChI=1S/C13H20O/c1-10-6-5-8-12(3,4)13(10)9-7-11(2)14-13/h5-6,11H,1,7-9H2,2-4H3	Vitispirane	CC1CCC2(O1)C(=C)C=CCC2(C)C	3.0999999	6450832;15624540;15624541;91747383;91748031;121488473	COCONUT:(CNP0280652);HMDB:(36818);Natural Products:(UNPD82353 UNPD35996 UNPD98563);PubChem:(6450832 15624540 15624541 91747383 91748031 121488473);SuperNatural:(SN00289105 SN00292111 SN00228884);PubChem class - bio and metabolites;YMDB:(1413)	20021258
88	1	N/A	-232.45228401371875	C13H20O	[M + H]+	UJBZHJNVIHOWFA	InChI=1S/C13H20O/c1-8(2)11-7-13(14)12(9(3)4)6-10(11)5/h6-9,14H,1-5H3	4-Methyl-2,5-diisopropylphenol	CC1=CC(=C(C=C1C(C)C)O)C(C)C	4.19999981	139921	COCONUT:(CNP0110468);HMDB:(29821);Natural Products:(UNPD33845);PubChem:(139921);SuperNatural:(SN00359221);PubChem class - bio and metabolites	19955722
89	1	N/A	-232.73480346630586	C13H20O	[M + H]+	LLHPHBPRKKKJBB	InChI=1S/C13H20O/c1-8-10-7-9-5-4-6-13(8,2)11(9)12(10)14-3/h9-12H,1,4-7H2,2-3H3	null	CC12CCCC3C1C(C(C3)C2=C)OC	2.88316917	""	COCONUT:(CNP0380493);SuperNatural:(SN00170360)	3145728
90	1	N/A	-233.6784370618527	C13H20O	[M + H]+	SYKBGUJIIKIFGG	InChI=1S/C13H20O/c1-8-6-11-9-4-5-10(7-9)12(11)13(8,2)14-3/h6,9-12H,4-5,7H2,1-3H3	null	CC1=CC2C3CCC(C3)C2C1(C)OC	2.5999999	139597189	PubChem:(139597189);NORMAN:(NS00064436)	262146
91	1	N/A	-233.86160902445224	C13H20O	[M + H]+	NNSNIMZGXLISCO	InChI=1S/C13H20O/c1-8(2)11-7-12(9(3)4)13(14)6-10(11)5/h6-9,14H,1-5H3	2,4-Diisopropyl-5-methylphenol	CC1=CC(=C(C=C1C(C)C)C(C)C)O	4.19999981	527839	COCONUT:(CNP0105760);HMDB:(29823);Natural Products:(UNPD5917);PubChem:(527839);SuperNatural:(SN00373850);ZINC bio:(ZINC15119192);PubChem class - bio and metabolites	19963914
92	1	N/A	-234.2551809386991	C13H20O	[M + H]+	VCHHFAUHGLYASU	InChI=1S/C13H20O/c1-8(2)11-6-10(5)7-12(14)13(11)9(3)4/h6-9,14H,1-5H3	null	CC1=CC(=C(C(=C1)O)C(C)C)C(C)C	4.19999981	58446461	COCONUT:(CNP0120356);HMDB:(29825);Natural Products:(UNPD23886);PubChem:(58446461);SuperNatural:(SN00331539);PubChem class - bio and metabolites	19955722
93	1	N/A	-235.67826423520108	C13H20O	[M + H]+	KNDDEFBFJLKPFE	InChI=1S/C13H20O/c1-2-3-4-5-6-7-12-8-10-13(14)11-9-12/h8-11,14H,2-7H2,1H3	p-Heptylphenol	CCCCCCCC1=CC=C(C=C1)O	4.60248852	16143	NORMAN:(NS00015628);COCONUT:(CNP0020938);PubChem:(16143);CHEBI:(34438);PubChem class - bio and metabolites;KEGG:(C14698);PubChem class - safety and toxic;PubMed	86245730
94	1	N/A	-238.03054523955163	C13H20O	[M + H]+	VQTSUDONSIEYQP	InChI=1S/C13H20O/c1-4-12(14)13(2,3)10-11-8-6-5-7-9-11/h5-9,12,14H,4,10H2,1-3H3	2,2-Dimethyl-1-phenylpentan-3-ol	CCC(C(C)(C)CC1=CC=CC=C1)O	3.5999999	3023089	PubChem:(3023089);NORMAN:(NS00063564)	262146
95	1	N/A	-241.22644100811263	C13H20O	[M + H]+	ITKKKGJNTAMQRQ	InChI=1S/C13H20O/c1-5-13(14)12-8-11(9(2)3)7-6-10(12)4/h6-9,13-14H,5H2,1-4H3	1-(2-methyl-5-propan-2-ylphenyl)propan-1-ol	CCC(C1=C(C=CC(=C1)C(C)C)C)O	3.5	3019720	PubChem:(3019720);NORMAN:(NS00058512)	262146
96	1	N/A	-241.29533203339605	C13H20O	[M + H]+	NAOSNNNYJHAZGY	InChI=1S/C13H20O/c1-8(2)11-6-7-12(14)13(9(3)4)10(11)5/h6-9,14H,1-5H3	2,4-Diisopropyl-m-cresol	CC1=C(C=CC(=C1C(C)C)O)C(C)C	4.19999981	169279	NORMAN:(NS00049997);COCONUT:(CNP0321252);HMDB:(29824);Natural Products:(UNPD82477);PubChem class - food;PubChem:(169279);PubChem class - bio and metabolites	153387018
97	1	N/A	-241.32676722441207	C13H20O	[M + H]+	AKIHZTRJDCMLGB	InChI=1S/C13H20O/c1-6-13(4,5)11-7-9(2)12(14)10(3)8-11/h7-8,14H,6H2,1-5H3	2,6-dimethyl-4-(2-methylbutan-2-yl)phenol	CCC(C)(C)C1=CC(=C(C(=C1)C)O)C	4.5	3348569	PubChem:(3348569);PubChem class - safety and toxic	67108866
98	1	N/A	-241.72546810476473	C13H20O	[M + H]+	NEDVUILHWFLOCF	InChI=1S/C13H20O/c1-9(2)12-7-6-11(5)8-13(12)14-10(3)4/h6-10H,1-5H3	Isopropyl thymyl ether	CC1=CC(=C(C=C1)C(C)C)OC(C)C	4.36273146	57049	PubChem:(57049);PubChem class - safety and toxic	67108866
99	1	N/A	-242.32767909268767	C13H20O	[M + H]+	DYXAQDSLRRVGHL	InChI=1S/C13H20O/c1-3-4-5-6-7-12-9-8-11(2)10-13(12)14/h8-10,14H,3-7H2,1-2H3	6-Hexyl-m-cresol	CCCCCCC1=C(C=C(C=C1)C)O	4.9000001	38259	PubChem:(38259);PubChem class - safety and toxic	67108866
100	1	N/A	-242.5295660924987	C13H20O	[M + H]+	IZXWIWYERZDWOA	InChI=1S/C13H20O/c1-10(2)8-12-4-6-13(7-5-12)11(3)9-14/h4-7,10-11,14H,8-9H2,1-3H3	Ibuprofen Alcohol	CC(C)CC1=CC=C(C=C1)C(C)CO	3.4000001	595160;11745483;53944194;71749439	PubChem:(595160 11745483 53944194 71749439);NORMAN:(NS00001582)	262146
101	1	N/A	-243.38162837344242	C13H20O	[M + H]+	KXLQULHLCDGRKG	InChI=1S/C13H20O/c1-9(2)10-6-7-12(14)11(8-10)13(3,4)5/h6-9,14H,1-5H3	2-tert-Butyl-4-isopropylphenol	CC(C)C1=CC(=C(C=C1)O)C(C)(C)C	4.4000001	24240	NORMAN:(NS00037745);PubChem class - safety and toxic;PubChem:(24240)	67371010
102	1	N/A	-249.87503036346874	C13H20O	[M + H]+	ILDNMANLKZLCQO	InChI=1S/C13H20O/c1-5-8-14-13-9-11(4)6-7-12(13)10(2)3/h6-7,9-10H,5,8H2,1-4H3	Propyl thymyl ether	CCCOC1=C(C=CC(=C1)C)C(C)C	4.35942316	57048	PubChem:(57048);PubChem class - safety and toxic	67108866
103	1	N/A	-251.4903334531653	C13H20O	[M + H]+	WYTVJTNOJJKEEQ	InChI=1S/C13H20O/c1-9-5-6-10(2)13(12(9)4)8-7-11(3)14-13/h6-9,11-12H,5H2,1-4H3	2,6,9,10-Tetramethyl-1-oxaspiro(4.5)deca-3,6-diene	CC1CC=C(C2(C1C)C=CC(O2)C)C	2.9000001	116740;134612775	NORMAN:(NS00020115);COCONUT:(CNP0029642);HMDB:(36022);PubChem:(116740 134612775);PubChem class - bio and metabolites	19136522
104	1	N/A	-257.50376318355205	C13H20O	[M + H]+	QQEUXAUJMUFLIX	InChI=1S/C13H20O/c1-8-10-6-12-9(11(10)7-14)4-3-5-13(8,12)2/h9-12,14H,1,3-7H2,2H3	null	CC12CCCC3C1CC(C3CO)C2=C	2.69977331	""	COCONUT:(CNP0213535);SuperNatural:(SN00170366)	3145728
105	1	N/A	-261.27637143529466	C13H20O	[M + H]+	IBFSAMQOXINELW	InChI=1S/C13H20O/c1-8-7-11(13(4,5)6)12(14)10(3)9(8)2/h7,14H,1-6H3	Phenol, 6-(1,1-dimethylethyl)-2,3,4-trimethyl-	CC1=CC(=C(C(=C1C)C)O)C(C)(C)C	4.30000019	20526228	PubChem:(20526228);NORMAN:(NS00002690)	262146
106	1	N/A	-262.8013603312477	C13H20O	[M + H]+	MIYLVQHVMLKMCN	InChI=1S/C13H20O/c1-4-12(14)10-13(2,3)11-8-6-5-7-9-11/h5-9,12,14H,4,10H2,1-3H3	5-Methyl-5-phenylhexan-3-ol	CCC(CC(C)(C)C1=CC=CC=C1)O	3.70000005	107362	PubChem:(107362);NORMAN:(NS00046419)	262146
107	1	N/A	-264.7354026184233	C13H20O	[M + H]+	RRUCICKXWFEVIP	InChI=1S/C13H20O/c1-5-6-7-10-12(2,3)11-8-9-13(10,4)14-11/h5-7,11H,8-9H2,1-4H3	7-Oxabicyclo[2.2.1]heptane, 2-(2-butenylidene)-1,3,3-trimethyl-	CC=CC=C1C(C2CCC1(O2)C)(C)C	2.9000001	14542438;14542439;54282525;88767958;101321340	COCONUT:(CNP0318454);Natural Products:(UNPD78664 UNPD89615 UNPD85579);PubChem:(14542438 14542439 54282525 88767958 101321340);SuperNatural:(SN00276107 SN00387126 SN00394777)	3178498
108	1	N/A	-271.4290370538943	C13H20O	[M + H]+	RFMGDEQGIOAYPI	InChI=1S/C13H20O/c1-2-6-13(14)8-9-7-12(13)11-5-3-4-10(9)11/h2,9-12,14H,1,3-8H2	8-allyltricyclo[5.2.1.02,6]decan-8-ol	C=CCC1(CC2CC1C3C2CCC3)O	3.20000005	108464	PubChem:(108464);NORMAN:(NS00055934)	262146
109	1	N/A	-273.6175388433086	C13H20O	[M + H]+	CBXXPNJELNWJCH	InChI=1S/C13H20O/c1-2-3-4-8-11-14-12-13-9-6-5-7-10-13/h5-7,9-10H,2-4,8,11-12H2,1H3	Hexoxymethylbenzene	CCCCCCOCC1=CC=CC=C1	3.9000001	3587332;46844234;101932917	PubChem:(3587332 46844234 101932917);PubChem class - safety and toxic	67108866
110	1	N/A	-275.4185263395364	C13H20O	[M + H]+	GQRGXESWLIFSLM	InChI=1S/C13H20O/c1-8-3-4-9-7-11(9)12-10(8)5-6-13(12,2)14/h9-12,14H,1,3-7H2,2H3	null	CC1(CCC2C1C3CC3CCC2=C)O	2.86999393	""	COCONUT:(CNP0410255);SuperNatural:(SN00178049)	3145728
111	1	N/A	-276.59343899716714	C13H20O	[M + H]+	HUXGOQHTDHIKSS	InChI=1S/C13H20O/c1-10-6-7-11-12(2,3)8-5-9-13(11,4)14-10/h5,7,9-10H,6,8H2,1-4H3	Edulan I	CC1CC=C2C(CC=CC2(O1)C)(C)C	3.0	521066;6432427;6432428;22211686;91747161;101821078	COCONUT:(CNP0248497);HMDB:(34959);Natural Products:(UNPD79621 UNPD154234 UNPD143533);PubChem:(521066 6432427 6432428 22211686 91747161 101821078);SuperNatural:(SN00277911 SN00346010 SN00257626);PubChem class - bio and metabolites	19955722
112	1	N/A	-284.73933541804433	C13H20O	[M + H]+	BHQBQWOZHYUVTL	InChI=1S/C13H20O/c1-12(2)8-10-14-11-9-13-6-4-3-5-7-13/h3-7,12H,8-11H2,1-2H3	Anther	CC(C)CCOCCC1=CC=CC=C1	3.70000005	91978	NORMAN:(NS00012662);COCONUT:(CNP0002392);HMDB:(41615);PubChem class - food;PubChem:(91978);PubChem class - bio and metabolites;PubChem class - safety and toxic	220463114
113	1	N/A	-285.1594621926689	C13H20O	[M + H]+	SEICEBVLIVBNTL	InChI=1S/C13H20O/c1-3-12(2)11-14-10-9-13-7-5-4-6-8-13/h4-8,12H,3,9-11H2,1-2H3	2-(2-methylbutoxy)ethylbenzene	CCC(C)COCCC1=CC=CC=C1	3.70000005	3023979;92953731;92953732	PubChem:(3023979 92953731 92953732);NORMAN:(NS00066724)	262146
114	1	N/A	-289.95223883943015	C13H20O	[M + H]+	KISBBLYGYMSWPF	InChI=1S/C13H20O/c1-8-9(2)11(4)13(6-7-14)12(5)10(8)3/h14H,6-7H2,1-5H3	2-(2,3,4,5,6-pentamethylphenyl)ethanol	CC1=C(C(=C(C(=C1C)C)CCO)C)C	3.29999995	4084273	PubChem:(4084273);PubChem class - safety and toxic	67108866
115	1	N/A	-290.0398237944686	C13H20O	[M + H]+	HNIRLTDJIGVHOG	InChI=1S/C13H20O/c1-2-3-7-11-14-12-10-13-8-5-4-6-9-13/h4-6,8-9H,2-3,7,10-12H2,1H3	2-pentoxyethylbenzene	CCCCCOCCC1=CC=CC=C1	3.79999995	3022447	PubChem:(3022447);NORMAN:(NS00039637)	262146
116	1	N/A	-303.911501713665	C13H20O	[M + H]+	JDJZAKLOMAHING	InChI=1S/C13H20O/c1-3-10-9-7-12(11(10)4-1)13(8-9)5-2-6-14-13/h9-12H,1-8H2	Decahydrospiro(furan-2(3H),5''-(4,7)methano(5H)indene)	C1CC2C(C1)C3CC2CC34CCCO4	3.0999999	109415	NORMAN:(NS00012187);PubChem class - safety and toxic;PubChem:(109415)	67371010
1	1	N/A	-80.69824565193335	C13H22O2	[M - H2O + H]+	OILLDIIQDQVGSY	InChI=1S/C13H22O2/c1-5-10(2)8-12(4)9-11(3)6-7-13(14)15/h6-7,9-10,12H,5,8H2,1-4H3,(H,14,15)	null	CCC(C)CC(C)C=C(C)C=CC(=O)O	4.5	24740398;90911676	COCONUT:(CNP0354816);MeSH:(24740398);PubChem:(24740398 90911676);PubMed	2097222
2	1	N/A	-101.48562739499442	C13H22O2	[M - H2O + H]+	RYDOMJHOQPXWJQ	InChI=1S/C13H22O2/c1-9(2)8-11-4-6-12(7-5-11)10(3)13(14)15/h6,9-11H,4-5,7-8H2,1-3H3,(H,14,15)	dl-alpha-(4-Isobutylcyclohexen-1-yl)propionic acid	CC(C)CC1CCC(=CC1)C(C)C(=O)O	3.5999999	118107;124306167;124306168;124306171;124306172	MeSH:(118107);PubChem class - safety and toxic;PubChem:(118107 124306167 124306168 124306171 124306172);PubMed	67108934
3	1	N/A	-108.73669165205096	C13H22O2	[M - H2O + H]+	UEEJDIUOCUCVHN	InChI=1S/C13H22O2/c1-9-7-11(15)8-13(3,4)12(9)6-5-10(2)14/h7,10,12,14H,5-6,8H2,1-4H3	3-Oxo-7,8-dihydro-.alpha.-ionol	CC1=CC(=O)CC(C1CCC(C)O)(C)C	1.89999998	118284;14135400;45257929;90721715	NORMAN:(NS00058592);COCONUT:(CNP0262013);Natural Products:(UNPD42361 UNPD169563 UNPD74904);PubChem:(118284 14135400 45257929 90721715);SuperNatural:(SN00319658 SN00227682 SN00358402);YMDB:(1607);PubMed	3506242
4	1	N/A	-110.1999624343493	C13H22O2	[M - H2O + H]+	YTPJSSUCMUKHHN	InChI=1S/C13H22O2/c1-9-7-11(15)8-13(3,4)12(9)6-5-10(2)14/h5-7,10-12,14-15H,8H2,1-4H3	2-Cyclohexen-1-ol, 4-(3-hydroxy-1-butenyl)-3,5,5-trimethyl-	CC1=CC(CC(C1C=CC(C)O)(C)C)O	1.70000005	14159754;14159755;71384106;101338767	COCONUT:(CNP0295272);Natural Products:(UNPD72482 UNPD93609 UNPD172148);PubChem:(14159754 14159755 71384106 101338767);SuperNatural:(SN00315724 SN00264562 SN00277788);YMDB Mine	34362916866
5	1	N/A	-113.08151209116176	C13H22O2	[M - H2O + H]+	VTGRGCQCXYJPDC	InChI=1S/C13H22O2/c1-9-6-7-10(2)13(4,5)12(9)8-15-11(3)14/h10H,6-8H2,1-5H3	null	CC1CCC(=C(C1(C)C)COC(=O)C)C	3.14749312	""	COCONUT:(CNP0314930)	2097152
6	1	N/A	-115.65963299919225	C13H22O2	[M - H2O + H]+	QMMZSJPSPRTHGB	InChI=1S/C13H22O2/c1-12(2)10-8-6-4-3-5-7-9-11-13(14)15/h3,5,9,11-12H,4,6-8,10H2,1-2H3,(H,14,15)	null	CC(C)CCCCC=CCC=CC(=O)O	4.4000001	54596240;54596241;54596242;76156510;88889190;89573183	COCONUT:(CNP0293065);Natural Products:(UNPD204974);PubChem:(54596240 54596241 54596242 76156510 88889190 89573183)	2129922
7	1	N/A	-115.71827469313192	C13H22O2	[M - H2O + H]+	UAZPGDNBPIYJFY	InChI=1S/C13H22O2/c1-10-6-5-8-12(3,4)13(10,15)9-7-11(2)14/h7,9,11,14-15H,1,5-6,8H2,2-4H3	Cyclohexanol, 1-(3-hydroxy-1-butenyl)-2,2-dimethyl-6-methylene-	CC(C=CC1(C(=C)CCCC1(C)C)O)O	2.0	10703677;71374086	COCONUT:(CNP0338657);Natural Products:(UNPD162480);PubChem:(10703677 71374086);SuperNatural:(SN00249419)	3178498
8	1	N/A	-116.20252605028867	C13H22O2	[M - H2O + H]+	JUFKQNCQDFHWFD	InChI=1S/C13H22O2/c1-9-7-11(15)8-13(3,4)12(9)6-5-10(2)14/h5-6,10-11,14-15H,7-8H2,1-4H3	4-Hydroxy-B-ionol	CC1=C(C(CC(C1)O)(C)C)C=CC(C)O	1.60000002	528969;5352752;10608530;23251168	COCONUT:(CNP0276258);Natural Products:(UNPD185871 UNPD161311 UNPD209773);PubChem:(528969 5352752 10608530 23251168);SuperNatural:(SN00298965 SN00269442)	3178498
9	1	N/A	-117.05609246651505	C13H22O2	[M - H2O + H]+	OTJSOSMJTUKXJR	InChI=1S/C13H22O2/c1-4-5-6-7-8-9-13(14)15-11-10-12(2)3/h12H,4-7,10-11H2,1-3H3	Isoamyl 2-octynoate	CCCCCC#CC(=O)OCCC(C)C	4.9000001	110542	PubChem:(110542);NORMAN:(NS00036656)	262146
10	1	N/A	-118.4334140973074	C13H22O2	[M - H2O + H]+	WFSOPDPEWLYCRX	InChI=1S/C13H22O2/c1-9-7-11(15)8-13(3,4)12(9)6-5-10(2)14/h5-6,9-10,12,14H,7-8H2,1-4H3	null	CC1CC(=O)CC(C1C=CC(C)O)(C)C	1.89999998	15624539	COCONUT:(CNP0252903);Natural Products:(UNPD144900);PubChem:(15624539);SuperNatural:(SN00382751);YMDB Mine	34362916866
11	1	N/A	-122.80204609138163	C13H22O2	[M - H2O + H]+	WJLRHDFJRFVDLR	InChI=1S/C13H22O2/c1-12(2)10-8-6-4-3-5-7-9-11-13(14)15/h5,7,9,11-12H,3-4,6,8,10H2,1-2H3,(H,14,15)	null	CC(C)CCCCCC=CC=CC(=O)O	4.5999999	9855842;85054046	PubChem:(9855842 85054046);KEGG Mine;PubChem class - bio and metabolites	8606711810
12	1	N/A	-124.46868964276462	C13H22O2	[M - H2O + H]+	STDNJDCQQOGKLV	InChI=1S/C13H22O2/c1-6-15-13(14)9-12(5)11(4)8-7-10(2)3/h7,9,11H,6,8H2,1-5H3	Ethyl 3,4,7-trimethyl-2,6-octadienoate	CCOC(=O)C=C(C)C(C)CC=C(C)C	4.0999999	3024977;6366621	PubChem:(3024977 6366621);NORMAN:(NS00066607)	262146
13	1	N/A	-124.71197982785993	C13H22O2	[M - H2O + H]+	CQHUPYQUERYPML	InChI=1S/C13H22O2/c1-5-10-8-7-9-13(3,4)11(10)12(14)15-6-2/h8,11H,5-7,9H2,1-4H3	Ethyl 2-ethyl-6,6-dimethyl-2-cyclohexene-carboxylate	CCC1=CCCC(C1C(=O)OCC)(C)C	3.4000001	93847;92178827;92281253	NORMAN:(NS00012401);PubChem class - safety and toxic;PubChem:(93847 92178827 92281253)	67371010
14	1	N/A	-126.80390733244631	C13H22O2	[M - H2O + H]+	KFZDTDKRRFEMEK	InChI=1S/C13H22O2/c1-9-7-11(15)8-13(3,4)12(9)6-5-10(2)14/h11,15H,5-8H2,1-4H3	2-Butanone, 4-(4-hydroxy-2,6,6-trimethyl-1-cyclohexen-1-yl)-	CC1=C(C(CC(C1)O)(C)C)CCC(=O)C	1.39999998	10878432;14135407;100983031	COCONUT:(CNP0230661);Natural Products:(UNPD138000 UNPD194241);PubChem:(10878432 14135407 100983031);SuperNatural:(SN00345212 SN00305969);KEGG Mine	8593113090
15	1	N/A	-126.93318985278778	C13H22O2	[M - H2O + H]+	KNLQQGJLNMJBQL	InChI=1S/C13H22O2/c1-12(2,3)10-4-7-13(8-5-10)9-6-11(14)15-13/h10H,4-9H2,1-3H3	8-tert-butyl-1-oxaspiro[4.5]decan-2-one	CC(C)(C)C1CCC2(CC1)CCC(=O)O2	3.29999995	5260295	PubChem:(5260295);NORMAN:(NS00037352)	262146
16	1	N/A	-127.9047351764159	C13H22O2	[M - H2O + H]+	IJGCQHHZHDMDOD	InChI=1S/C13H22O2/c1-6-12(14)11(5)13(15)10(4)8-7-9(2)3/h7,10-11H,6,8H2,1-5H3	4,6,9-Trimethyldec-8-en-3,5-dione	CCC(=O)C(C)C(=O)C(C)CC=C(C)C	3.29999995	114572	PubChem:(114572);NORMAN:(NS00013285)	262146
17	1	N/A	-128.07826999520876	C13H22O2	[M - H2O + H]+	OMYHSWJSASVYAR	InChI=1S/C13H22O2/c1-9-7-11(15)8-13(3,4)12(9)6-5-10(2)14/h9,12H,5-8H2,1-4H3	null	CC1CC(=O)CC(C1CCC(=O)C)(C)C	1.89999998	102200031;135390784;135390785;135390786;135390787	COCONUT:(CNP0184552);Natural Products:(UNPD134687);PubChem:(102200031 135390784 135390785 135390786 135390787);SuperNatural:(SN00296014)	3178498
18	1	N/A	-129.10058124243986	C13H22O2	[M - H2O + H]+	TULZIKLJXPEPLR	InChI=1S/C13H22O2/c1-4-5-6-7-8-9-10-13(14)15-11-12(2)3/h12H,4-8,11H2,1-3H3	Isobutyl2-octynoate	CCCCCCC#CC(=O)OCC(C)C	5.0	163409	PubChem:(163409);NORMAN:(NS00060987)	262146
19	1	N/A	-129.92202352542563	C13H22O2	[M - H2O + H]+	GUAPMIRFNRZYFI	InChI=1S/C13H22O2/c1-6-15-12(14)11-10(3)9(2)7-8-13(11,4)5/h11H,6-8H2,1-5H3	Ethyl 2,3,6,6-tetramethylcyclohex-2-ene-1-carboxylate	CCOC(=O)C1C(=C(CCC1(C)C)C)C	2.9000001	166500;92282933;92282979	PubChem:(166500 92282933 92282979);NORMAN:(NS00012463)	262146
20	1	N/A	-129.97596748464142	C13H22O2	[M - H2O + H]+	WVNHQHYIPXYFQX	InChI=1S/C13H22O2/c1-3-5-6-7-8-9-10-11-12-13(14)15-4-2/h3-10H2,1-2H3	Mignonette	CCCCCCCCC#CC(=O)OCC	5.19999981	82694	PubChem:(82694);NORMAN:(NS00023355)	262146
21	1	N/A	-133.36971595596	C13H22O2	[M - H2O + H]+	KCCAJFPBAQGCQC	InChI=1S/C13H22O2/c1-3-11(4-2)10-15-13(14)9-12-7-5-6-8-12/h5,7,11-12H,3-4,6,8-10H2,1-2H3	2-Ethylbutyl cyclopent-2-ene-1-acetate	CCC(CC)COC(=O)CC1CCC=C1	3.5999999	21149847	NORMAN:(NS00066042);PubChem class - safety and toxic;PubChem:(21149847)	67371010
22	1	N/A	-133.7829840715456	C13H22O2	[M - H2O + H]+	KNHUHSLRIKTCIY	InChI=1S/C13H22O2/c1-9(14)5-6-11-10(2)12(15)7-8-13(11,3)4/h9,14H,5-8H2,1-4H3	Dihydro-3-oxo-.beta.-ionol	CC1=C(C(CCC1=O)(C)C)CCC(C)O	2.0999999	520295;14086374	COCONUT:(CNP0136023);Natural Products:(UNPD154488);PubChem:(520295 14086374);SuperNatural:(SN00350878)	3178498
23	1	N/A	-136.54443790919836	C13H22O2	[M - H2O + H]+	AZPPBYINNXLPQZ	InChI=1S/C13H22O2/c1-10(2)7-6-8-11(3)9-12(4)15-13(5)14/h7,9,12H,6,8H2,1-5H3	[(3E)-4,8-dimethylnona-3,7-dien-2-yl] acetate	CC(C=C(C)CCC=C(C)C)OC(=O)C	3.9000001	549546;5365819;76958675;76961001;76961002;124155587	COCONUT:(CNP0003285);PubChem class - food;PubChem:(549546 5365819 76958675 76961001 76961002 124155587)	136314882
24	1	N/A	-136.8311971974753	C13H22O2	[M - H2O + H]+	FEQPLOLFLKUQNO	InChI=1S/C13H22O2/c1-9-7-11(15)8-13(3,4)12(9)6-5-10(2)14/h5-6,9,11-12,15H,7-8H2,1-4H3	(E)-4-[(1R,4S,6R)-4-hydroxy-2,2,6-trimethylcyclohexyl]but-3-en-2-one	CC1CC(CC(C1C=CC(=O)C)(C)C)O	2.29999995	14524100;21630918;21630919;21630920;132031121	COCONUT:(CNP0225974);Natural Products:(UNPD20891 UNPD192539 UNPD94197 UNPD38237 UNPD225602);PubChem:(14524100 21630918 21630919 21630920 132031121);SuperNatural:(SN00250791 SN00340411 SN00247155 SN00308837);PubMed	3178562
25	1	N/A	-137.78751968866672	C13H22O2	[M - H2O + H]+	UZGHWQCIIVCZLR	InChI=1S/C13H22O2/c1-9(14)15-7-6-10-4-5-11-8-12(10)13(11,2)3/h10-12H,4-8H2,1-3H3	2-(6,6-dimethylbicyclo[3.1.1]hept-2-yl)ethyl acetate	CC(=O)OCCC1CCC2CC1C2(C)C	3.5999999	85678;10921769	PubChem:(85678 10921769);NORMAN:(NS00052239)	262146
26	1	N/A	-138.87834588619674	C13H22O2	[M - H2O + H]+	RKDOXCGYGLYOBV	InChI=1S/C13H22O2/c1-3-5-6-7-8-9-10-11-13(14)15-12-4-2/h8-11H,3-7,12H2,1-2H3	Propyl2,4-decadienoate;	CCCCCC=CC=CC(=O)OCCC	4.5	119922;5362592;6438200;71586797;87789467;91749971	NORMAN:(NS00049555);COCONUT:(CNP0255838);HMDB:(37307);PubChem class - food;PubChem:(119922 5362592 6438200 71586797 87789467 91749971);PubChem class - bio and metabolites;PubChem class - safety and toxic	220463114
27	1	N/A	-141.24293953063554	C13H22O2	[M - H2O + H]+	UJOATSGMIACOJR	InChI=1S/C13H22O2/c1-9(2)12-6-5-10(3)13(7-12)8-15-11(4)14/h5,9,12-13H,6-8H2,1-4H3	p-1-Menthene-6-carbinyl acetate	CC1=CCC(CC1COC(=O)C)C(C)C	2.9000001	170433	PubChem:(170433);NORMAN:(NS00056965)	262146
28	1	N/A	-143.19506971633376	C13H22O2	[M - H2O + H]+	OCBWQJKGPDIYQJ	InChI=1S/C13H22O2/c1-5-6-11(15)12-9(2)7-10(14)8-13(12,3)4/h10,14H,5-8H2,1-4H3	1-Butanone, 1-(4-hydroxy-2,6,6-trimethyl-1-cyclohexen-1-yl)-	CCCC(=O)C1=C(CC(CC1(C)C)O)C	2.0999999	21538352	COCONUT:(CNP0190229);Natural Products:(UNPD176396 UNPD11620);PubChem:(21538352);SuperNatural:(SN00264504 SN00392945)	3178498
29	1	N/A	-144.00503540548303	C13H22O2	[M - H2O + H]+	KTDHAAMLKPAGNH	InChI=1S/C13H22O2/c1-8(2)7-10-11(13(10,5)6)12(14)15-9(3)4/h7,9-11H,1-6H3	chrysanthemic acid, isopropylester	CC(C)OC(=O)C1C(C1(C)C)C=C(C)C	3.31967616	95619;11715449;15637853;92150502;92150503;92150504	PubChem:(95619 11715449 15637853 92150502 92150503 92150504);NORMAN:(NS00044105)	262146
30	1	N/A	-144.2991219344556	C13H22O2	[M - H2O + H]+	QUZLUUCOEMSKNH	InChI=1S/C13H22O2/c1-8-6-13(15)7-12(3,4)10(8)5-11(13)9(2)14/h8,10-11,15H,5-7H2,1-4H3	null	CC1CC2(CC(C1CC2C(=O)C)(C)C)O	2.13670373	""	COCONUT:(CNP0220265);Natural Products:(UNPD33445);SuperNatural:(SN00380545)	3178496
31	1	N/A	-144.6028820700549	C13H22O2	[M - H2O + H]+	KAMKWIZOEQZOLH	InChI=1S/C13H22O2/c1-5-12(9-7-8-11(3)4)10-13(14)15-6-2/h8,10H,5-7,9H2,1-4H3	Ethyl 3-ethyl-7-methyl-2,6-octadienoate	CCC(=CC(=O)OCC)CCC=C(C)C	4.19999981	3017442;6365588	PubChem:(3017442 6365588);NORMAN:(NS00054548)	262146
32	1	N/A	-144.99351714454622	C13H22O2	[M - H2O + H]+	CMKQOKAXUWQAHG	InChI=1S/C13H22O2/c1-5-12(14)15-13(3,4)11-8-6-10(2)7-9-11/h6,11H,5,7-9H2,1-4H3	Terpinyl propionate	CCC(=O)OC(C)(C)C1CCC(=CC1)C	2.9000001	62328;76965688;76965689	NORMAN:(NS00013201);COCONUT:(CNP0379048);HMDB:(32052);PubChem class - food;PubChem:(62328 76965688 76965689);ZINC bio:(ZINC01850071 ZINC01850073);PubChem class - bio and metabolites;PubChem class - safety and toxic	220471306
33	1	N/A	-145.27680154034095	C13H22O2	[M - H2O + H]+	FWDIWEBRLBVZRE	InChI=1S/C13H22O2/c1-3-4-5-6-7-8-9-10-11-12-13(14)15-2/h9-12H,3-8H2,1-2H3	methyl (2E,4Z)-dodeca-2,4-dienoate	CCCCCCCC=CC=CC(=O)OC	4.69999981	520972;5463193;6536208	COCONUT:(CNP0296655);Natural Products:(UNPD52265);PubChem:(520972 5463193 6536208);SuperNatural:(SN00226339)	3178498
34	1	N/A	-145.4645320688101	C13H22O2	[M - H2O + H]+	YSTZSVSNXHMVAV	InChI=1S/C13H22O2/c1-9-5-12(3,4)8-13(6-9)7-10(2)11(14)15-13/h9-10H,5-8H2,1-4H3	3,7,7,9-Tetramethyl-1-oxaspiro(4.5)decan-2-one	CC1CC(CC2(C1)CC(C(=O)O2)C)(C)C	3.5999999	44147094	PubChem:(44147094);NORMAN:(NS00066297)	262146
35	1	N/A	-145.86090122570147	C13H22O2	[M - H2O + H]+	VLGGPCDFFINQCD	InChI=1S/C13H22O2/c1-5-9-15-12(14)11-10(2)7-6-8-13(11,3)4/h5,10-11H,1,6-9H2,2-4H3	null	CC1CCCC(C1C(=O)OCC=C)(C)C	4.0999999	117094806;117834088;121400520;139556739	NORMAN:(NS00004818);PubChem class - safety and toxic;PubChem:(117094806 117834088 121400520 139556739)	67371010
36	1	N/A	-146.1477687163805	C13H22O2	[M - H2O + H]+	BYCHQEILESTMQU	InChI=1S/C13H22O2/c1-5-13(14)15-10-9-12(4)8-6-7-11(2)3/h7,9H,5-6,8,10H2,1-4H3	ACMC-20aktn	CCC(=O)OCC=C(C)CCC=C(C)C	3.9000001	7782;5355853;5365982	NORMAN:(NS00012505);COCONUT:(CNP0223801);HMDB:(38258);Natural Products:(UNPD15817 UNPD68595);PubChem class - food;PubChem:(7782 5355853 5365982);SuperNatural:(SN00252161 SN00284417);PubChem class - bio and metabolites;PubChem class - safety and toxic;PubMed	221544522
37	1	N/A	-146.18465772248717	C13H22O2	[M - H2O + H]+	AAGPAPGSTAMBHM	InChI=1S/C13H22O2/c1-5-12(14)15-13(4)8-6-11(7-9-13)10(2)3/h5-9H2,1-4H3	1-Methyl-4-(1-methylethylidene)cyclohexyl propionate	CCC(=O)OC1(CCC(=C(C)C)CC1)C	3.20000005	16205275	PubChem:(16205275);NORMAN:(NS00064186)	262146
38	1	N/A	-147.6516308117305	C13H22O2	[M - H2O + H]+	AFOZSDAAEPQXCR	InChI=1S/C13H22O2/c14-13(15)12-7-5-11(6-8-12)9-10-3-1-2-4-10/h10-12H,1-9H2,(H,14,15)	4-Cyclopentylmethylcyclohexane carboxylic acid	C1CCC(C1)CC2CCC(CC2)C(=O)O	4.30000019	216931	PubChem:(216931);PubChem class - safety and toxic	67108866
39	1	N/A	-147.79609013857203	C13H22O2	[M - H2O + H]+	PTYZGNZCLHAQEB	InChI=1S/C13H22O2/c1-2-3-4-5-6-7-8-9-10-11-12-13(14)15/h8-11H,2-7,12H2,1H3,(H,14,15)	3E,5E-tridecadienoic acid	CCCCCCCC=CC=CCC(=O)O	4.5999999	5312396;5312397;78383936	PubChem:(5312396 5312397 78383936);CHEBI:(73719)	34
40	1	N/A	-148.09531937802217	C13H22O2	[M - H2O + H]+	UVEROIXBUXNNQW	InChI=1S/C13H22O2/c1-9(14)15-8-10-7-13(4)6-5-11(10)12(13,2)3/h10-11H,5-8H2,1-4H3	(4,7,7-trimethyl-2-bicyclo[2.2.1]heptanyl)methyl acetate	CC(=O)OCC1CC2(CCC1C2(C)C)C	3.5	2750899;7054469;7054470;11868417;11868418;98102364;98102366	COCONUT:(CNP0049234);PubChem:(2750899 7054469 7054470 11868417 11868418 98102364 98102366);SuperNatural:(SN00124688 SN00124689);ZINC bio:(ZINC03846349 ZINC03846350)	3153922
41	1	N/A	-149.01401469839345	C13H22O2	[M - H2O + H]+	QNDZUEJNXSSXCA	InChI=1S/C13H22O2/c1-3-5-7-9-11-13(15)12(14)10-8-6-4-2/h3-7,9,12-15H,8,10-11H2,1-2H3	null	CC=CCCC(C(CC=CC=CC)O)O	2.70000005	139584918;139585640	PubChem:(139584918 139585640);COCONUT:(CNP0355461)	2097154
42	1	N/A	-149.21162186224595	C13H22O2	[M - H2O + H]+	NSQHMZBPVHWXRS	InChI=1S/C13H22O2/c1-3-11(4-2)9-13(10-12(14)15)7-5-6-8-13/h5,7,11H,3-4,6,8-10H2,1-2H3,(H,14,15)	2-[1-(2-ethylbutyl)cyclopent-2-en-1-yl]acetate	CCC(CC)CC1(CCC=C1)CC(=O)O	4.19999981	3024249;3024250	PubChem:(3024249 3024250);NORMAN:(NS00012377)	262146
43	1	N/A	-149.49554725166476	C13H22O2	[M - H2O + H]+	CMIIIOPFYNCZPR	InChI=1S/C13H22O2/c1-12(2)5-4-6-13(3)7-8-15-11(14)9-10(12)13/h10H,4-9H2,1-3H3	null	CC1(CCCC2(C1CC(=O)OCC2)C)C	3.70000005	91827148	COCONUT:(CNP0317009);Natural Products:(UNPD81640);PubChem:(91827148);SuperNatural:(SN00371024)	3178498
44	1	N/A	-149.70884223342986	C13H22O2	[M - H2O + H]+	GKZHQLHOAZNYIW	InChI=1S/C13H22O2/c1-3-5-6-7-8-9-10-11-12-13(14)15-4-2/h9-12H,3-8H2,1-2H3	ethyl (2E,4E)-undeca-2,4-dienoate	CCCCCCC=CC=CC(=O)OCC	4.5	5743469;12387501;20833775;53428573;88835464	NORMAN:(NS00057757);PubChem:(5743469 12387501 20833775 53428573 88835464);PubMed	262210
45	1	N/A	-150.43672077489524	C13H22O2	[M - H2O + H]+	YPIOECZVNPAIKU	InChI=1S/C13H22O2/c1-11(2,14)9-10-13(5)8-6-7-12(3,4)15-13/h14H,6-8H2,1-5H3	2-methyl-4-(2,6,6-trimethyloxan-2-yl)but-3-yn-2-ol	CC1(CCCC(O1)(C)C#CC(C)(C)O)C	1.70000005	787938;2832770;7061175	COCONUT:(CNP0364071);PubChem:(787938 2832770 7061175);PubMed;ZINC bio:(ZINC00286605 ZINC03881852)	2105410
46	1	N/A	-150.97708287243492	C13H22O2	[M - H2O + H]+	DRPMNCHRRMKIHV	InChI=1S/C13H22O2/c1-10(2)8-9-13(15)11(3)6-5-7-12(4)14/h6,8,13,15H,5,7,9H2,1-4H3	ACMC-20mfbz	CC(=CCC(C(=CCCC(=O)C)C)O)C	2.5999999	71335996;91999240	COCONUT:(CNP0143486);Natural Products:(UNPD220017);PubChem:(71335996 91999240);YMDB Mine	34361868290
47	1	N/A	-151.8837316047929	C13H22O2	[M - H2O + H]+	MEELPUOSODYWIN	InChI=1S/C13H22O2/c1-3-12(2)10-13(8-9-15-12)6-4-11(14)5-7-13/h4,6,11,14H,3,5,7-10H2,1-2H3	10-ethyl-10-methyl-9-oxaspiro[5.5]undec-4-en-3-ol	CCC1(CC2(CCC(C=C2)O)CCO1)C	2.29999995	928540;3724173;7076374;7076375;7076376;6546057;25422880	COCONUT:(CNP0363541);PubChem:(928540 3724173 7076374 7076375 7076376 6546057 25422880);SuperNatural:(SN00067343 SN00047366 SN00067344 SN00067345);ZINC bio:(ZINC00518757 ZINC04026244 ZINC04026245 ZINC04026246)	3153922
48	1	N/A	-152.62888190274444	C13H22O2	[M - H2O + H]+	IYSZVOVZPVKXIJ	InChI=1S/C13H22O2/c1-3-4-5-6-7-8-9-10-11-12-13(14)15-2/h7-8,11-12H,3-6,9-10H2,1-2H3	Methyl2-trans-6-cis-dodecadienoate	CCCCCC=CCCC=CC(=O)OC	4.19999981	119939;6438202;88232997;129695145	NORMAN:(NS00047750);COCONUT:(CNP0326443);HMDB:(31014);Natural Products:(UNPD93258);PubChem:(119939 6438202 88232997 129695145);SuperNatural:(SN00326951);PubChem class - bio and metabolites	20217866
49	1	N/A	-152.75808265906636	C13H22O2	[M - H2O + H]+	BJSRPZMUHWIMMD	InChI=1S/C13H22O2/c1-5-13(14)15-12-8-11(9(2)3)7-6-10(12)4/h10,12H,5-8H2,1-4H3	5-isopropylidene-2-methylcyclohexyl propionate	CCC(=O)OC1CC(=C(C)C)CCC1C	3.4000001	108315	PubChem:(108315);NORMAN:(NS00059152)	262146
50	1	N/A	-154.80871956713423	C13H22O2	[M - H2O + H]+	UFKBZKNMUMXNIU	InChI=1S/C13H22O2/c1-5-11(14)7-10-13(4)9-6-8-12(2,3)15-13/h11,14H,5-6,8-9H2,1-4H3	Oprea1_691233	CCC(C#CC1(CCCC(O1)(C)C)C)O	2.0999999	787937;2832769;7061176;7061177;6543135	COCONUT:(CNP0340564);PubChem:(787937 2832769 7061176 7061177 6543135);ZINC bio:(ZINC00286602 ZINC03881853 ZINC03881854 ZINC03881855)	2105346
51	1	N/A	-155.36021768842508	C13H22O2	[M - H2O + H]+	XOZBCNJUNGIXPL	InChI=1S/C13H22O2/c1-5-12(14)15-9-11-6-7-13(3,4)8-10(11)2/h6,10H,5,7-9H2,1-4H3	null	CCC(=O)OCC1=CCC(CC1C)(C)C	3.0999999	91750010	COCONUT:(CNP0369092);KNApSAcK:(35541);PubChem:(91750010)	2097170
52	1	N/A	-156.54909432983166	C13H22O2	[M - H2O + H]+	CXFQLPVNYCBYAX	InChI=1S/C13H22O2/c1-5-15-11(14)9-8-13(4)7-6-10(9)12(13,2)3/h9-10H,5-8H2,1-4H3	ethyl 4,7,7-trimethylbicyclo[2.2.1]heptane-2-carboxylate	CCOC(=O)C1CC2(CCC1C2(C)C)C	3.5	2750887;7054459;7054460;11868409;11868410;98102398;98102399	COCONUT:(CNP0025347);PubChem:(2750887 7054459 7054460 11868409 11868410 98102398 98102399);SuperNatural:(SN00124678 SN00124679);ZINC bio:(ZINC03846339 ZINC03846340)	3153922
53	1	N/A	-157.2788464518232	C13H22O2	[M - H2O + H]+	IPKVISRDFCIXEA	InChI=1S/C13H22O2/c1-13(2,3)10-5-6-11-9(8-10)4-7-12(14)15-11/h9-11H,4-8H2,1-3H3	6-tert-Butyloctahydrocoumarin	CC(C)(C)C1CCC2C(C1)CCC(=O)O2	3.29999995	89466;12662653;12662654;11138382;21795895;21795896;101058158	PubChem:(89466 12662653 12662654 11138382 21795895 21795896 101058158);NORMAN:(NS00051780)	262146
54	1	N/A	-158.55311348632335	C13H22O2	[M - H2O + H]+	KBCMISIPASRHGQ	InChI=1S/C13H22O2/c1-11(7-5-9-12(2)14)8-6-10-13(3,4)15/h6-7,10,15H,5,8-9H2,1-4H3	5,8-Undecadien-2-one, 10-hydroxy-6,10-dimethyl-, (E,E)-	CC(=O)CCC=C(C)CC=CC(C)(C)O	2.0999999	71371013	COCONUT:(CNP0165322);Natural Products:(UNPD167901);PubChem:(71371013)	2129922
55	1	N/A	-160.95731051867793	C13H22O2	[M - H2O + H]+	HVXDBUSLBFIKCT	InChI=1S/C13H22O2/c1-9(14)7-11-12-10(8-15-11)5-4-6-13(12,2)3/h9,11,14H,4-8H2,1-3H3	(2R)-1-[(1R)-7,7-dimethyl-3,4,5,6-tetrahydro-1H-2-benzofuran-1-yl]propan-2-ol	CC(CC1C2=C(CCCC2(C)C)CO1)O	1.79999995	11816647;11367812;11390190;11401568	COCONUT:(CNP0179962);Natural Products:(UNPD152867);PubChem:(11816647 11367812 11390190 11401568);SuperNatural:(SN00316675)	3178498
56	1	N/A	-161.89442980650713	C13H22O2	[M - H2O + H]+	SKPOJVSKGJMOJV	InChI=1S/C13H22O2/c1-2-3-4-5-6-7-8-11-9-12(14)10-13(11)15/h11H,2-10H2,1H3	4-octylcyclopentane-1,3-dione	CCCCCCCCC1CC(=O)CC1=O	3.79999995	180441	COCONUT:(CNP0321800);HMDB:(37390);Natural Products:(UNPD83239);PubChem:(180441);SuperNatural:(SN00313077);PubChem class - bio and metabolites	19955722
57	1	N/A	-163.7795774482391	C13H22O2	[M - H2O + H]+	LHLQGGXPUHSSSP	InChI=1S/C13H22O2/c1-3-4-5-6-7-8-9-12-11(2)10-13(14)15-12/h7-8,11-12H,3-6,9-10H2,1-2H3	(4R,5S)-4-methyl-5-[(E)-oct-2-enyl]oxolan-2-one	CCCCCC=CCC1C(CC(=O)O1)C	4.0999999	11830713;57359504;101251213	COCONUT:(CNP0222757);Natural Products:(UNPD76044);PubChem:(11830713 57359504 101251213);SuperNatural:(SN00271967)	3178498
58	1	N/A	-165.38149036314712	C13H22O2	[M - H2O + H]+	MJLQEGJBMARMTJ	InChI=1S/C13H22O2/c1-3-5-7-9-11-13(15)12(14)10-8-6-4-2/h3-7,12-15H,1,8-11H2,2H3	null	CC=CCCC(C(CCC=CC=C)O)O	2.79999995	139585438;139586768	PubChem:(139585438 139586768);COCONUT:(CNP0215851)	2097154
59	1	N/A	-166.7062711926545	C13H22O2	[M - H2O + H]+	VKAQISLIVOJGJM	InChI=1S/C13H22O2/c1-5-12(14)15-13(4)8-6-11(7-9-13)10(2)3/h11H,2,5-9H2,1,3-4H3	FEMA no. 3053, (beta,cis)-	CCC(=O)OC1(CCC(CC1)C(=C)C)C	3.5999999	16206194	PubChem:(16206194);NORMAN:(NS00065831)	262146
60	1	N/A	-166.91638967120525	C13H22O2	[M - H2O + H]+	CPKFMLAOYBETEI	InChI=1S/C13H22O2/c14-13(15)12-8-6-11(7-9-12)10-4-2-1-3-5-10/h10-12H,1-9H2,(H,14,15)	4-cyclohexylcyclohexane-1-carboxylate	C1CCC(CC1)C2CCC(CC2)C(=O)O	4.30000019	3062287;19436296	PubChem:(3062287 19436296);PubChem class - safety and toxic	67108866
61	1	N/A	-172.80309508747212	C13H22O2	[M - H2O + H]+	LYEOSMYGBISMGN	InChI=1S/C13H22O2/c1-9(14)15-11-7-12(2,3)8-13(4)6-5-10(11)13/h10-11H,5-8H2,1-4H3	4,4,6-Trimethylbicyclo(4.2.0)oct-2-yl acetate	CC(=O)OC1CC(CC2(C1CC2)C)(C)C	3.5999999	44148338	PubChem:(44148338);NORMAN:(NS00064470)	262146
62	1	N/A	-174.81023702535782	C13H22O2	[M - H2O + H]+	RGLNFSSMFMUBER	InChI=1S/C13H22O2/c1-6-11(3)9-8-10-13(4,5)15-12(14)7-2/h6H,1,3,7-10H2,2,4-5H3	2-Methyl-6-methyleneoct-7-en-2-yl propionate	CCC(=O)OC(C)(C)CCCC(=C)C=C	4.0999999	16206001	PubChem:(16206001);NORMAN:(NS00040131)	262146
63	1	N/A	-174.90805598392365	C13H22O2	[M - H2O + H]+	CSJDIMDBOKPNRB	InChI=1S/C13H22O2/c1-3-11(4-2)10-15-13(14)9-12-7-5-6-8-12/h7,11H,3-6,8-10H2,1-2H3	2-Ethylbutyl cyclopent-1-ene-1-acetate	CCC(CC)COC(=O)CC1=CCCC1	3.29999995	106571	NORMAN:(NS00012376);PubChem class - safety and toxic;PubChem:(106571)	67371010
64	1	N/A	-175.81443694623655	C13H22O2	[M - H2O + H]+	ZONKUAQAAHCPFG	InChI=1S/C13H22O2/c1-4-6-7-8-9-11-13(10-5-2)15-12(3)14/h5,9,11,13H,2,4,6-8,10H2,1,3H3	1,5-Undecadien-4-ol, acetate	CCCCCC=CC(CC=C)OC(=O)C	4.19999981	115849;6437911	PubChem:(115849 6437911);NORMAN:(NS00052489)	262146
65	1	N/A	-176.99394243585968	C13H22O2	[M - H2O + H]+	VJCWGXGMXAVKJU	InChI=1S/C13H22O2/c14-13(11-7-3-1-4-8-11)15-12-9-5-2-6-10-12/h11-12H,1-10H2	Cyclohexyl cyclohexanecarboxylate	C1CCC(CC1)C(=O)OC2CCCCC2	4.0	85137	PubChem:(85137);NORMAN:(NS00025149)	262146
66	1	N/A	-178.99154379942752	C13H22O2	[M - H2O + H]+	OFMQUACVCCNBRR	InChI=1S/C13H22O2/c1-3-11(2)7-5-4-6-8-12-9-10-13(14)15-12/h9-12H,3-8H2,1-2H3	2(5H)-Furanone, 5-(6-methyloctyl)-	CCC(C)CCCCCC1C=CC(=O)O1	4.5	21778198	COCONUT:(CNP0351122);PubChem:(21778198);PubMed	2097218
67	1	N/A	-179.8941842989027	C13H22O2	[M - H2O + H]+	WNNWZLRNFSNZOJ	InChI=1S/C13H22O2/c1-4-10(2)7-5-6-8-12-9-11(3)15-13(12)14/h9-11H,4-8H2,1-3H3	(2S)-2-methyl-4-[(5S)-5-methylheptyl]-2H-furan-5-one	CCC(C)CCCCC1=CC(OC1=O)C	4.4000001	16089942;73240137	PubChem:(16089942 73240137);COCONUT:(CNP0275154)	2097154
68	1	N/A	-181.57898807748285	C13H22O2	[M - H2O + H]+	SJSRFXJWBKOROD	InChI=1S/C13H22O2/c14-12(15)13(9-5-2-6-10-13)11-7-3-1-4-8-11/h11H,1-10H2,(H,14,15)	1-cyclohexylcyclohexane-1-carboxylate	C1CCC(CC1)C2(CCCCC2)C(=O)O	4.4000001	108911;22164568	NORMAN:(NS00034321);PubChem class - safety and toxic;PubChem:(108911 22164568);CHEBI:(59738);KEGG Mine	8657305634
69	1	N/A	-181.85306097218242	C13H22O2	[M - H2O + H]+	UGBVCTPSHZAOJV	InChI=1S/C13H22O2/c1-4-6-7-8-9-10-11-13(5-2)15-12(3)14/h5,9-10,13H,2,4,6-8,11H2,1,3H3	[(3S,5Z)-undeca-1,5-dien-3-yl] Acetate	CCCCCC=CCC(C=C)OC(=O)C	4.19999981	14262899;11816646;101261776	COCONUT:(CNP0114127);Natural Products:(UNPD109785 UNPD191323);PubChem:(14262899 11816646 101261776);SuperNatural:(SN00270191 SN00258008)	3178498
70	1	N/A	-183.20050615145527	C13H22O2	[M - H2O + H]+	LAIJAUHBAWLPCO	InChI=1S/C13H22O2/c1-5-12(14)15-11-8-6-10(7-9-11)13(2,3)4/h5,10-11H,1,6-9H2,2-4H3	ACMC-20amai	CC(C)(C)C1CCC(CC1)OC(=O)C=C	4.0	688322	NORMAN:(NS00058205);PubChem class - safety and toxic;PubChem:(688322)	67371010
71	1	N/A	-183.73125047117182	C13H22O2	[M - H2O + H]+	PLLSZDUGGPZQOO	InChI=1S/C13H22O2/c1-8(2)10-5-6-12(15)11-4-3-9(7-14)13(10)11/h7-13,15H,3-6H2,1-2H3	null	CC(C)C1CCC(C2C1C(CC2)C=O)O	2.64096951	""	COCONUT:(CNP0358728)	2097152
72	1	N/A	-183.8203393960233	C13H22O2	[M - H2O + H]+	ORMHZBNNECIKOH	InChI=1S/C13H22O2/c1-13(2,15)9-3-4-11-5-7-12(10-14)8-6-11/h5,10,12,15H,3-4,6-9H2,1-2H3	Landolal	CC(C)(CCCC1=CCC(CC1)C=O)O	1.70000005	91604;40489606;40489607	NORMAN:(NS00012642);MeSH:(91604);PubChem class - safety and toxic;PubChem:(91604 40489606 40489607);PubMed	67371078
73	1	N/A	-184.1380908200308	C13H22O2	[M - H2O + H]+	NRSRDHUBEUUTHZ	InChI=1S/C13H22O2/c1-9(2)8-13(14)15-12-7-6-10-4-3-5-11(10)12/h9-12H,3-8H2,1-2H3	Octahydropentalenyl 3-methylbutyrate	CC(C)CC(=O)OC1CCC2C1CCC2	3.70000005	10889168;16755830	PubChem:(10889168 16755830);NORMAN:(NS00064827)	262146
74	1	N/A	-184.23134305517664	C13H22O2	[M - H2O + H]+	VRCVCMMWHFGTOL	InChI=1S/C13H22O2/c1-8-5-4-6-10-7-11(9(2)14)12(15)13(8,10)3/h8,10-12,15H,4-7H2,1-3H3	null	CC1CCCC2C1(C(C(C2)C(=O)C)O)C	3.0999999	72547191	COCONUT:(CNP0166593);Natural Products:(UNPD210921);PubChem:(72547191)	2129922
75	1	N/A	-184.89380255682	C13H22O2	[M - H2O + H]+	IVSZEHYDOLAREK	InChI=1S/C13H22O2/c1-6-11(3)9-8-10-13(5,7-2)15-12(4)14/h7,9H,2,6,8,10H2,1,3-5H3	Homolinalyl acetate	CCC(=CCCC(C)(C=C)OC(=O)C)C	3.70000005	43851;6434672;22806965	NORMAN:(NS00012621);PubChem class - safety and toxic;PubChem:(43851 6434672 22806965)	67371010
76	1	N/A	-185.62655132183644	C13H22O2	[M - H2O + H]+	BAYLCXARJZNKOL	InChI=1S/C13H22O2/c1-9-5-10(2)13(11(3)6-9)7-14-12(4)15-8-13/h5,10-12H,6-8H2,1-4H3	3,7,9,11-tetramethyl-2,4-dioxaspiro[5.5]undec-8-ene	CC1CC(=CC(C12COC(OC2)C)C)C	2.5	927863;927864;927865;927866;3749294	COCONUT:(CNP0172907);PubChem:(927863 927864 927865 927866 3749294);SuperNatural:(SN00047100 SN00047099 SN00047101 SN00047098);ZINC bio:(ZINC00517781 ZINC00517782 ZINC00517783 ZINC00517784)	3153922
77	1	N/A	-185.7684481404623	C13H22O2	[M - H2O + H]+	FAFMZORPAAGQFV	InChI=1S/C13H22O2/c1-5-11(14)15-10-8-9-6-7-13(10,4)12(9,2)3/h9-10H,5-8H2,1-4H3	2-Bornyl propionate	CCC(=O)OC1CC2CCC1(C2(C)C)C	3.25287628	89306;6432292;10353077;23617864;23617863;53393572;57505378;98572910;98572911;118332773;134304354	HMDB:(38249);PubChem class - food;SuperNatural:(SN00240679);ZINC bio:(ZINC01685818 ZINC02562499 ZINC04723089 ZINC14860465);MeSH:(89306 6432292 23617864);PubMed;NORMAN:(NS00012672);COCONUT:(CNP0141329);Natural Products:(UNPD136727);PubChem:(89306 6432292 10353077 23617864 23617863 53393572 57505378 98572910 98572911 118332773 134304354);PubChem class - bio and metabolites;PubChem class - safety and toxic	221552718
78	1	N/A	-186.56526974001213	C13H22O2	[M - H2O + H]+	ZGSOLQXLLYUJKG	InChI=1S/C13H22O2/c1-12-5-2-6-13(15,8-12)10-4-3-9(10)11(14)7-12/h9-11,14-15H,2-8H2,1H3	null	CC12CCCC(C1)(C3CCC3C(C2)O)O	2.41031194	""	COCONUT:(CNP0417697);SuperNatural:(SN00170550)	3145728
79	1	N/A	-186.76643510042507	C13H22O2	[M - H2O + H]+	OLXLPKQCGWYRFQ	InChI=1S/C13H22O2/c1-13(2,15)8-4-7-11-5-3-6-12(9-11)10-14/h5,10,12,15H,3-4,6-9H2,1-2H3	3-(4-Hydroxy-4-methylpentyl)cyclohex-3-ene-1-carbaldehyde	CC(C)(CCCC1=CCCC(C1)C=O)O	1.70000005	162105;92261378;92261380	NORMAN:(NS00012641);PubChem class - safety and toxic;PubChem:(162105 92261378 92261380)	67371010
80	1	N/A	-187.05206457437276	C13H22O2	[M - H2O + H]+	PMVDYAQAPLAXSY	InChI=1S/C13H22O2/c1-3-4-5-6-12-11(9-10(2)14)7-8-13(12)15/h11-12H,3-9H2,1-2H3	Magnolione	CCCCCC1C(CCC1=O)CC(=O)C	2.5	162030;12162210;11506727;11651396;71404439;102235285	NORMAN:(NS00011967);MeSH:(162030);PubChem class - safety and toxic;PubChem:(162030 12162210 11506727 11651396 71404439 102235285);PubMed	67371078
81	1	N/A	-188.27162770605852	C13H22O2	[M - H2O + H]+	KGARLMJLKLKQMZ	InChI=1S/C13H22O2/c1-3-4-5-6-8-12-9-7-10-13(12)15-11(2)14/h9,13H,3-8,10H2,1-2H3	2-Hexylcyclopent-2-enyl acetate	CCCCCCC1=CCCC1OC(=O)C	3.70000005	91786	PubChem:(91786);NORMAN:(NS00055121)	262146
82	1	N/A	-189.0684621753278	C13H22O2	[M - H2O + H]+	WKQOGCONCLCIOZ	InChI=1S/C13H22O2/c1-4-12(15-9(3)14)13-8(2)10-5-6-11(13)7-10/h8,10-13H,4-7H2,1-3H3	1-(3-Methylbicyclo(2.2.1)hept-2-yl)propyl acetate	CCC(C1C(C2CCC1C2)C)OC(=O)C	3.79999995	44147543	PubChem:(44147543);NORMAN:(NS00066213)	262146
83	1	N/A	-189.18330797065806	C13H22O2	[M - H2O + H]+	RIINEWTVKLQWOS	InChI=1S/C13H22O2/c1-3-5-6-7-8-9-10-11-12-13(14)15-4-2/h1H,4-12H2,2H3	Ethyl undec-10-ynoate	CCOC(=O)CCCCCCCCC#C	4.0999999	3023357	PubChem:(3023357);NORMAN:(NS00039930)	262146
84	1	N/A	-190.97070056532934	C13H22O2	[M - H2O + H]+	WAQIIHCCEMGYKP	InChI=1S/C13H22O2/c1-6-12(14)15-13(5,7-2)10-8-9-11(3)4/h7,9H,2,6,8,10H2,1,3-5H3	Linalyl propanoate	CCC(=O)OC(C)(CCC=C(C)C)C=C	3.79999995	1550883;61098;1616358	NORMAN:(NS00012799);COCONUT:(CNP0329401);HMDB:(30425);PubChem class - food;PubChem:(1550883 61098 1616358);SuperNatural:(SN00051450 SN00050637);ZINC bio:(ZINC01677809 ZINC01850986);PubChem class - bio and metabolites;MeSH:(61098);PubChem class - safety and toxic;PubMed	221519950
85	1	N/A	-191.48385332056407	C13H22O2	[M - H2O + H]+	GAFZRJDKDAIBQD	InChI=1S/C13H22O2/c1-9-6-7-12(3)11(14)5-4-10(2)13(12,15)8-9/h9-10,15H,4-8H2,1-3H3	null	CC1CCC2(C(=O)CCC(C2(C1)O)C)C	2.64385056	""	COCONUT:(CNP0350279)	2097152
86	1	N/A	-191.88214902854597	C13H22O2	[M - H2O + H]+	ZGMRSDALCWKJIM	InChI=1S/C13H22O2/c1-9(14)11-12(2,3)7-10(15-6)8-13(11,4)5/h7,11H,8H2,1-6H3	4-Acetyl-1-methoxy-3,3,5,5-tetramethyl-1-cyclohexene	CC(=O)C1C(CC(=CC1(C)C)OC)(C)C	2.79999995	86027;92264297;92264299	NORMAN:(NS00012840);PubChem class - safety and toxic;PubChem:(86027 92264297 92264299)	67371010
87	1	N/A	-193.11607817043796	C13H22O2	[M - H2O + H]+	HWOVQMSYUZIVEB	InChI=1S/C13H22O2/c1-5-13(14)15-12-8-11(9(2)3)7-6-10(12)4/h10-12H,2,5-8H2,1,3-4H3	(1alpha,2beta,5alpha)-2-Methyl-5-(1-methylvinyl)cyclohexyl propionate	CCC(=O)OC1CC(CCC1C)C(=C)C	4.0	44145854;74933780;101533049;135315950	PubChem:(44145854 74933780 101533049 135315950);NORMAN:(NS00037266)	262146
88	1	N/A	-195.29420555784216	C13H22O2	[M - H2O + H]+	OZTDQTXYXZFKJA	InChI=1S/C13H22O2/c1-2-13(14)15-12-8-7-10-5-3-4-6-11(10)9-12/h10-12H,2-9H2,1H3	Decahydro-beta-naphthyl propionate	CCC(=O)OC1CCC2CCCCC2C1	4.0	106938	PubChem:(106938);NORMAN:(NS00054936)	262146
89	1	N/A	-195.4722860934851	C13H22O2	[M - H2O + H]+	YOWYSRQHDYVTJT	InChI=1S/C13H22O2/c1-9-5-6-11(14)12(3,4)13(9)8-7-10(2)15-13/h5,10-11,14H,6-8H2,1-4H3	null	CC1CCC2(O1)C(=CCC(C2(C)C)O)C	2.0	10998301	COCONUT:(CNP0180267);Natural Products:(UNPD30507);PubChem:(10998301);SuperNatural:(SN00312378)	3178498
90	1	N/A	-196.44503005531865	C13H22O2	[M - H2O + H]+	ILAHHKIQUIDZFP	InChI=1S/C13H22O2/c1-10(2)6-7-12(11(3)4)8-9-13(14)15-5/h6-7,11-12H,1,8-9H2,2-5H3	null	CC(C)C(CCC(=O)OC)C=CC(=C)C	3.51755452	""	COCONUT:(CNP0181817);Natural Products:(UNPD127619)	2129920
91	1	N/A	-196.98932109432403	C13H22O2	[M - H2O + H]+	VXIZSNZJQJVFMK	InChI=1S/C13H22O2/c1-9-5-6-11-12(2,3)7-10(14)8-13(11,4)15-9/h9,11H,5-8H2,1-4H3	2,5,5,8a-Tetramethyloctahydro-7H-chromen-7-one	CC1CCC2C(CC(=O)CC2(O1)C)(C)C	2.20000005	539850;10932729;102000653	COCONUT:(CNP0255540);HMDB:(40232);PubChem:(539850 10932729 102000653);PubChem class - bio and metabolites	18874378
92	1	N/A	-197.73846059432498	C13H22O2	[M - H2O + H]+	XCESWGXOHXDKAJ	InChI=1S/C13H22O2/c1-11(2)5-4-6-12(3)7-8-13-14-9-10-15-13/h5,7,13H,4,6,8-10H2,1-3H3	2-(3,7-Dimethylocta-2,6-dienyl)-1,3-dioxolane	CC(=CCCC(=CCC1OCCO1)C)C	3.70000005	169268;6441536	PubChem:(169268 6441536);NORMAN:(NS00029031)	262146
93	1	N/A	-197.92238655077634	C13H22O2	[M - H2O + H]+	NOCIMGBKIKPXQV	InChI=1S/C13H22O2/c1-11(2)10-13(14)15-12-8-6-4-3-5-7-9-12/h3-4,11-12H,5-10H2,1-2H3	4-Cycloocten-1-yl isovalerate	CC(C)CC(=O)OC1CCCC=CCC1	3.70000005	3023117;6366334	PubChem:(3023117 6366334);NORMAN:(NS00064825)	262146
94	1	N/A	-200.3932663878759	C13H22O2	[M - H2O + H]+	QTTGJLWDBLBXEW	InChI=1S/C13H22O2/c1-11-5-3-4-9-6-12(11,2)13(15,8-14)7-10(9)11/h9-10,14-15H,3-8H2,1-2H3	null	CC12CCCC3C1CC(C2(C3)C)(CO)O	2.03174281	""	COCONUT:(CNP0098300);SuperNatural:(SN00170152)	3145728
95	1	N/A	-200.6637050751455	C13H22O2	[M - H2O + H]+	OTRUQIDANLIZDL	InChI=1S/C13H22O2/c1-7-12(14)15-11(9-10(3)4)13(5,6)8-2/h8-9,11H,2,7H2,1,3-6H3	null	CCC(=O)OC(C=C(C)C)C(C)(C)C=C	4.0999999	101415797	COCONUT:(CNP0325212);HMDB:(41554);Natural Products:(UNPD159633);PubChem:(101415797);SuperNatural:(SN00383522);PubChem class - bio and metabolites	19955722
96	1	N/A	-200.86797142448987	C13H22O2	[M - H2O + H]+	DWZRENGNFQNWQZ	InChI=1S/C13H22O2/c1-10(2)6-5-7-11(3)8-13-14-9-12(4)15-13/h6,8,12-13H,5,7,9H2,1-4H3	CBMicro_016542	CC1COC(O1)C=C(C)CCC=C(C)C	3.5999999	61519;793649;1377916;5512431;5338463;5407341;7446634;6543239;6858667;71587623;76962149	NORMAN:(NS00052362);COCONUT:(CNP0002830);HMDB:(37286);PubChem class - food;PubChem:(61519 793649 1377916 5512431 5338463 5407341 7446634 6543239 6858667 71587623 76962149);PubChem class - bio and metabolites;PubChem class - safety and toxic	220463114
97	1	N/A	-204.3033891126686	C13H22O2	[M - H2O + H]+	NYCUNWVIVVNUNY	InChI=1S/C13H22O2/c1-13(2)10-5-4-9(8-10)11(13)6-7-12(14)15-3/h9-11H,4-8H2,1-3H3	Methyl 3,3-dimethylbicyclo(2.2.1)heptane-2-propionate	CC1(C2CCC(C2)C1CCC(=O)OC)C	3.5	90846	PubChem:(90846);NORMAN:(NS00048044)	262146
98	1	N/A	-204.81235110213603	C13H22O2	[M - H2O + H]+	NZNMERMNWRADLK	InChI=1S/C13H22O2/c1-8-5-6-14-13(15-8)12-9(2)10-3-4-11(12)7-10/h8-13H,3-7H2,1-2H3	4-Methyl-2-(3-methylbicyclo(2.2.1)hept-2-yl)-1,3-dioxane	CC1CCOC(O1)C2C(C3CCC2C3)C	3.4000001	44147870	PubChem:(44147870);NORMAN:(NS00064469)	262146
99	1	N/A	-205.23236130442896	C13H22O2	[M - H2O + H]+	XECHVXPHGHIOKX	InChI=1S/C13H22O2/c1-8-5-9(2)13(6-14)7-15-11(4)12(8)10(13)3/h5,9-12,14H,6-7H2,1-4H3	3-Oxabicyclo[3.3.1]non-6-ene-1-methanol, 4,6,8,9-tetramethyl-	CC1C=C(C2C(C1(COC2C)CO)C)C	1.70000005	1751515;1751516;928845;928847;929278;929279;1427566;3806723;7076770;7076771;16396163;16396492;50898004;50898005;50898006;50903723;93968831;98134296;98134297;98134638;99976407;99976410	COCONUT:(CNP0137676);PubChem:(1751515 1751516 928845 928847 929278 929279 1427566 3806723 7076770 7076771 16396163 16396492 50898004 50898005 50898006 50903723 93968831 98134296 98134297 98134638 99976407 99976410);SuperNatural:(SN00053352 SN00047666);ZINC bio:(ZINC00519847 ZINC02094992)	3153922
100	1	N/A	-205.62084543517304	C13H22O2	[M - H2O + H]+	LXECKBJXFXENSF	InChI=1S/C13H22O2/c1-3-11(2)7-5-4-6-8-12-9-10-13(14)15-12/h9,11H,3-8,10H2,1-2H3	2(3H)-Furanone, 5-(6-methyloctyl)-	CCC(C)CCCCCC1=CCC(=O)O1	4.30000019	21778200	COCONUT:(CNP0351128);PubChem:(21778200);PubMed	2097218
101	1	N/A	-207.49453937847738	C13H22O2	[M - H2O + H]+	KYZBDSLEMDHLBR	InChI=1S/C13H22O2/c1-3-4-13(14)15-9(2)12-8-10-5-6-11(12)7-10/h9-12H,3-8H2,1-2H3	1-Bicyclo(2.2.1)hept-2-ylethyl butyrate	CCCC(=O)OC(C)C1CC2CCC1C2	3.70000005	44150565;124933385;124933386;124933387;124933388	PubChem:(44150565 124933385 124933386 124933387 124933388);NORMAN:(NS00065281)	262146
102	1	N/A	-208.03159099029665	C13H22O2	[M - H2O + H]+	DABQKEQFLJIRHU	InChI=1S/C13H22O2/c1-9(2)12(14)15-11-6-10(3)7-13(4,5)8-11/h10-11H,1,6-8H2,2-5H3	3,3,5-Trimethylcyclohexyl methacrylate	CC1CC(CC(C1)(C)C)OC(=O)C(=C)C	4.19999981	111032;688264;688265;688266;6541371	NORMAN:(NS00020120);PubChem class - food;PubChem class - safety and toxic;PubChem:(111032 688264 688265 688266 6541371);ZINC bio:(ZINC00056996 ZINC00056998 ZINC00056999 ZINC04976239)	201596930
103	1	N/A	-208.8948433777754	C13H22O2	[M - H2O + H]+	GLRAEAIZFHTQNI	InChI=1S/C13H22O2/c1-9(2)11-5-7-12(8-6-11)15-13(14)10(3)4/h9,11-12H,3,5-8H2,1-2,4H3	4-Isopropylcyclohexyl methacrylate	CC(C)C1CCC(CC1)OC(=O)C(=C)C	3.9000001	3023678	PubChem:(3023678);NORMAN:(NS00040118)	262146
104	1	N/A	-209.47248881968295	C13H22O2	[M - H2O + H]+	SXGFRANIZFQQGA	InChI=1S/C13H22O2/c1-2-3-7-13(14)15-12-9-8-10-5-4-6-11(10)12/h10-12H,2-9H2,1H3	Octahydropentalenyl valerate	CCCCC(=O)OC1CCC2C1CCC2	3.79999995	25076547	PubChem:(25076547);NORMAN:(NS00063999)	262146
105	1	N/A	-210.81925929789332	C13H22O2	[M - H2O + H]+	PUEZSVQWMHEGRF	InChI=1S/C13H22O2/c1-10(2)11-5-7-13(8-6-11)9-14-12(3,4)15-13/h11H,1,5-9H2,2-4H3	null	CC(=C)C1CCC2(CC1)COC(O2)(C)C	3.0	9794331	MeSH:(9794331);PubChem:(9794331);PubMed	70
106	1	N/A	-214.4908981918063	C13H22O2	[M - H2O + H]+	LGLZRUQGFUJOOH	InChI=1S/C13H22O2/c14-12-9-4-3-6-11(12)13(15)7-2-1-5-10(13)8-9/h9-12,14-15H,1-8H2	Oprea1_834430	C1CCC2(C(C1)CC3CCCC2C3O)O	2.0999999	657538;910059;928823;4254751;6545580;6954185;6955070;11872916;11889639;16396141;24103440;25715992;50897986;50898144;98120128;98120129;98134285;98134286;98199571;98199572	COCONUT:(CNP0364443);PubChem:(657538 910059 928823 4254751 6545580 6954185 6955070 11872916 11889639 16396141 24103440 25715992 50897986 50898144 98120128 98120129 98134285 98134286 98199571 98199572);SuperNatural:(SN00046901 SN00067673);PubMed;ZINC bio:(ZINC00492901 ZINC04026740)	3153986
107	1	N/A	-215.04833288048548	C13H22O2	[M - H2O + H]+	NNZDDWHYRFZHLF	InChI=1S/C13H22O2/c1-2-3-4-5-6-8-11-14-13-10-7-9-12-15-13/h1,13H,3-12H2	2-oct-7-ynoxyoxane	C#CCCCCCCOC1CCCCO1	3.29999995	86050;88839212	PubChem:(86050 88839212);NORMAN:(NS00053240)	262146
108	1	N/A	-216.59209111340888	C13H22O2	[M - H2O + H]+	JXVMHAJPZUNOHO	InChI=1S/C13H22O2/c1-11(2)7-8-13(3,4)12-14-9-5-6-10-15-12/h5-7,12H,8-10H2,1-4H3	1,3-Dioxepin, 4,7-dihydro-2-(1,1,4-trimethyl-3-pentenyl)-	CC(=CCC(C)(C)C1OCC=CCO1)C	3.5	69154350	PubChem:(69154350);PubChem class - safety and toxic	67108866
109	1	N/A	-218.58784490510527	C13H22O2	[M - H2O + H]+	DTNSBJIEHMLBJE	InChI=1S/C13H22O2/c1-3-4-5-6-7-10-15-13-11(2)8-9-12(13)14/h3-10H2,1-2H3	2-heptoxy-3-methylcyclopent-2-en-1-one	CCCCCCCOC1=C(CCC1=O)C	3.5	3024017	PubChem:(3024017);NORMAN:(NS00040263)	262146
110	1	N/A	-223.9869880034389	C13H22O2	[M - H2O + H]+	DETIUJFRMROGKX	InChI=1S/C13H22O2/c1-8(2)12(14)15-11-7-9-5-6-10(11)13(9,3)4/h8-11H,5-7H2,1-4H3	null	CC(C)C(=O)OC1CC2CCC1C2(C)C	3.70000005	70809815	COCONUT:(CNP0413731);Natural Products:(UNPD122525);PubChem:(70809815);SuperNatural:(SN00395894)	3178498
111	1	N/A	-224.5919209341864	C13H22O2	[M - H2O + H]+	WIJXCQOLWPIWPZ	InChI=1S/C13H22O2/c1-2-3-11-13(14)15-12-9-7-5-4-6-8-10-12/h4-5,12H,2-3,6-11H2,1H3	Cyclooct-4-en-1-yl valerate	CCCCC(=O)OC1CCCC=CCC1	3.79999995	3023116;6366333;93484096;93484097	PubChem:(3023116 6366333 93484096 93484097);NORMAN:(NS00063636)	262146
112	1	N/A	-225.07308054558243	C13H22O2	[M - H2O + H]+	UGLUSFJDQNOYMH	InChI=1S/C13H22O2/c1-9-5-8-13(15-9)10(2)11(14)6-7-12(13,3)4/h9-10H,5-8H2,1-4H3	2,6,10,10-Tetramethyl-1-oxaspiro(4.5)decan-7-one	CC1CCC2(O1)C(C(=O)CCC2(C)C)C	2.5	103388;73945305	COCONUT:(CNP0256361);Natural Products:(UNPD18263 UNPD137801);PubChem:(103388 73945305);SuperNatural:(SN00390537 SN00321036)	3178498
113	1	N/A	-225.5372598479921	C13H22O2	[M - H2O + H]+	MXQFNUQKWKMHBO	InChI=1S/C13H22O2/c1-12(14)5-3-8-7-9(8)11-10(12)4-6-13(11,2)15/h8-11,14-15H,3-7H2,1-2H3	null	CC1(CCC2CC2C3C1CCC3(C)O)O	2.13808084	""	COCONUT:(CNP0298613);Natural Products:(UNPD122002);SuperNatural:(SN00269743)	3178496
114	1	N/A	-233.19770510507504	C13H22O2	[M - H2O + H]+	QVVMFJUENNEJOJ	InChI=1S/C13H22O2/c1-11(2)6-5-10-13(15-10)8-12(3,14)7-4-9(11)13/h9-10,14H,4-8H2,1-3H3	8,8a-Epoxy-decahydro-2,5,5-trimethyl-2-naphthol	CC1(CCC2C3(C1CCC(C3)(C)O)O2)C	2.0999999	111377;139328105	PubChem:(111377 139328105);NORMAN:(NS00013079)	262146
115	1	N/A	-233.33743612634302	C13H22O2	[M - H2O + H]+	SIIAEMSHVLJRHI	InChI=1S/C13H22O2/c1-2-11-15-13(14)10-6-9-12-7-4-3-5-8-12/h2,12H,1,3-11H2	Allyl 4-cyclohexylbutyrate	C=CCOC(=O)CCCC1CCCCC1	4.30000019	61405	NORMAN:(NS00022750);COCONUT:(CNP0002703);HMDB:(38291);PubChem class - food;PubChem:(61405);PubChem class - bio and metabolites	153354250
116	1	N/A	-239.6434260037831	C13H22O2	[M - H2O + H]+	SMFWSVXVEULEDG	InChI=1S/C13H22O2/c1-5-15-8-9-10-6-7-13(4,11(9)14)12(10,2)3/h9-10H,5-8H2,1-4H3	2-(ethoxymethyl)-4,7,7-trimethylbicyclo[2.2.1]heptan-3-one	CCOCC1C2CCC(C1=O)(C2(C)C)C	2.4000001	2750182;7053600;7053601;23309180;23309181;124527970;124527971	COCONUT:(CNP0067597);PubChem:(2750182 7053600 7053601 23309180 23309181 124527970 124527971);SuperNatural:(SN00123999 SN00124000);ZINC bio:(ZINC03845474 ZINC03845475)	3153922
117	1	N/A	-240.6071949228486	C13H22O2	[M - H2O + H]+	WQIJSJSXRXMCOL	InChI=1S/C13H22O2/c1-12-6-4-3-5-8-10(12)9(14)7-13(12,2)11(8)15/h8-11,14-15H,3-7H2,1-2H3	null	CC12CCCCC3C1C(CC2(C3O)C)O	2.24339986	""	COCONUT:(CNP0379126);Natural Products:(UNPD95136);SuperNatural:(SN00285791)	3178496
118	1	N/A	-242.00847388488836	C13H22O2	[M - H2O + H]+	UMPJGYMTINHTJX	InChI=1S/C13H22O2/c1-9-5-8-13(14-9)11(2,3)7-6-10-12(13,4)15-10/h9-10H,5-8H2,1-4H3	null	CC1CCC2(O1)C(CCC3C2(O3)C)(C)C	2.5	23466412;101895305;134859215	PubChem:(23466412 101895305 134859215);COCONUT:(CNP0124404)	2097154
119	1	N/A	-244.03314962062808	C13H22O2	[M - H2O + H]+	SPJKLNCCVUCGSX	InChI=1S/C13H22O2/c1-8-5-6-10-12(2,3)7-9-11(14-9)13(10,4)15-8/h8-11H,5-7H2,1-4H3	3,3,6,7a-tetramethyl-2,3a,4,5,6,7b-hexahydro-1aH-oxireno[2,3-h]chromene	CC1CCC2C(CC3C(C2(O1)C)O3)(C)C	2.5999999	540333;11745903;22213122;102372740	COCONUT:(CNP0303334);Natural Products:(UNPD186770);PubChem:(540333 11745903 22213122 102372740);SuperNatural:(SN00310755)	3178498
120	1	N/A	-248.6142494872711	C13H22O2	[M - H2O + H]+	HQLPIWZTDPELBP	InChI=1S/C13H22O2/c1-9(14)5-6-10-12(2,3)11-7-8-13(10,4)15-11/h6,9,11,14H,5,7-8H2,1-4H3	null	CC(CC=C1C(C2CCC1(O2)C)(C)C)O	2.56242943	""	COCONUT:(CNP0377409);Natural Products:(UNPD134193);SuperNatural:(SN00306626)	3178496
121	1	N/A	-251.66782691108796	C13H22O2	[M - H2O + H]+	ZLLDSWALGJWTSW	InChI=1S/C13H22O2/c1-3-4-5-6-7-8-9-13-12(14)10-11(2)15-13/h10,13H,3-9H2,1-2H3	5-methyl-2-octylfuran-3-one	CCCCCCCCC1C(=O)C=C(O1)C	4.4000001	529383	COCONUT:(CNP0237453);HMDB:(32098);Natural Products:(UNPD25473);PubChem:(529383);SuperNatural:(SN00369311);PubChem class - bio and metabolites	19955722
122	1	N/A	-279.7237787254166	C13H22O2	[M - H2O + H]+	AZHWRHJDAMOKPR	InChI=1S/C13H22O2/c1-2-15-8-13(14)7-9-6-12(13)11-5-3-4-10(9)11/h9-12,14H,2-8H2,1H3	8-(ethoxymethyl)tricyclo[5.2.1.02,6]decan-8-ol	CCOCC1(CC2CC1C3C2CCC3)O	2.29999995	118183	PubChem:(118183);NORMAN:(NS00055175)	262146