structureRankPerFormula	formulaRank	ConfidenceScore	CSI:FingerIDScore	molecularFormula	adduct	InChIkey2D	InChI	name	smiles	xlogp	pubchemids	links	dbflags
1	1	0.27119103592858945	-41.085368910000724	C7H18N2	[M + H]+	DZHCTHQUBIPMKS	InChI=1S/C7H18N2/c1-4-8-6-5-7-9(2)3/h8H,4-7H2,1-3H3	N-ethyl-N,N-dimethyl-propane-1,3-diamine	CCNCCCN(C)C	0.600000024	88082;40552893	PubChem:(88082 40552893);NORMAN:(NS00047744)	262146
2	1	N/A	-44.48609829998085	C7H18N2	[M + H]+	BEPGHZIEOVULBU	InChI=1S/C7H18N2/c1-3-8-6-5-7-9-4-2/h8-9H,3-7H2,1-2H3	1,3-Bis(ethylamino)propane	CCNCCCNCC	0.5	82334;36690954;71309819;71309818;71309857	NORMAN:(NS00021432);COCONUT:(CNP0239670);Natural Products:(UNPD32815);PubChem:(82334 36690954 71309819 71309818 71309857);SuperNatural:(SN00349626);PubChem class - safety and toxic;PubMed	70549570
3	1	N/A	-46.29195894645954	C7H18N2	[M + H]+	MIFWXJNZWLWCGL	InChI=1S/C7H18N2/c1-2-3-6-9-7-4-5-8/h9H,2-8H2,1H3	3-aminopropyl-butyl-amine	CCCCNCCCN	0.5	95733	MeSH:(95733);PubChem:(95733);PubMed;ZINC bio:(ZINC01663833);PubChem class - bio and metabolites	16785478
4	1	N/A	-55.93504518554593	C7H18N2	[M + H]+	PWSKHLMYTZNYKO	InChI=1S/C7H18N2/c8-6-4-2-1-3-5-7-9/h1-9H2	heptan-1,7-diamin	C(CCCN)CCCN	0.300000012	69533;6994016;131858358	NORMAN:(NS00035723);PubChem:(69533 6994016 131858358);ZINC bio:(ZINC01677577);MeSH:(69533);PubChem class - safety and toxic;PubMed;Biocyc:(17-DIAMINOHEPTANE)	67381318
5	1	N/A	-64.82380599320913	C7H18N2	[M + H]+	QOHMWDJIBGVPIF	InChI=1S/C7H18N2/c1-3-9(4-2)7-5-6-8/h3-8H2,1-2H3	Diethylaminopropylamine	CCN(CC)CCCN	0.400000006	61011;6994250;59289821	NORMAN:(NS00002822);PubChem class - food;PubChem:(61011 6994250 59289821);MeSH:(61011);PubChem class - safety and toxic;PubMed	201588806
6	1	N/A	-67.37969236996896	C7H18N2	[M + H]+	OMCJDNIHQAGLEM	InChI=1S/C7H18N2/c1-4-5-8-6-7-9(2)3/h8H,4-7H2,1-3H3	[2-(dimethylamino)ethyl](propyl)amine	CCCNCCN(C)C	0.699999988	16786785	PubChem:(16786785);NORMAN:(NS00041365)	262146
7	1	N/A	-71.81827455948981	C7H18N2	[M + H]+	DMQSHEKGGUOYJS	InChI=1S/C7H18N2/c1-8(2)6-5-7-9(3)4/h5-7H2,1-4H3	1,3-Bis(dimethylamino)propane	CN(C)CCCN(C)C	0.699999988	8084;6950145;59567098;101548365	NORMAN:(NS00007207);PubChem class - safety and toxic;PubChem:(8084 6950145 59567098 101548365);PubMed	67371074
8	1	N/A	-95.18644429498403	C7H18N2	[M + H]+	AETGYOWKOXPRCB	InChI=1S/C7H18N2/c1-2-3-4-5-6-7-9-8/h9H,2-8H2,1H3	Heptylhydrazine	CCCCCCCNN	1.89999998	17565	PubChem:(17565);PubChem class - safety and toxic	67108866
9	1	N/A	-110.40822682036638	C7H18N2	[M + H]+	MRFFRZKALCHLAS	InChI=1S/C7H18N2/c1-4-7(5-8)6-9(2)3/h7H,4-6,8H2,1-3H3	null	CCC(CN)CN(C)C	0.5	65228388	PubChem:(65228388);PubChem class - safety and toxic	67108866
10	1	N/A	-115.7015182176693	C7H18N2	[M + H]+	ZOBHKNDSXINZGQ	InChI=1S/C7H18N2/c1-5-9(4)7-6-8(2)3/h5-7H2,1-4H3	2-(N-Ethylmethylamino)ethyldimethylamine	CCN(C)CCN(C)C	0.699999988	66941	NORMAN:(NS00023418);PubChem:(66941);PubMed	262210
11	1	N/A	-120.52705707116289	C7H18N2	[M + H]+	JUXXCHAGQCBNTI	InChI=1S/C7H18N2/c1-7(9(4)5)6-8(2)3/h7H,6H2,1-5H3	tetramethylpropylenediamine	CC(CN(C)C)N(C)C	0.699999988	98164;92573769;92752969	PubChem:(98164 92573769 92752969);PubChem class - safety and toxic	67108866
12	1	N/A	-128.55390340986457	C7H18N2	[M + H]+	ULDIVZQLPBUHAG	InChI=1S/C7H18N2/c1-7(2,5-8)6-9(3)4/h5-6,8H2,1-4H3	N,N-Dimethylneopentanediamine	CC(C)(CN)CN(C)C	0.5	104477;41098117	NORMAN:(NS00032733);PubChem class - safety and toxic;PubChem:(104477 41098117);PubMed	67371074
13	1	N/A	-152.05472004582828	C7H18N2	[M + H]+	XWVLKNMLLKJFON	InChI=1S/C7H18N2/c1-4-6(2)5-7(3)9-8/h6-7,9H,4-5,8H2,1-3H3	4-methylhexan-2-ylhydrazine	CCC(C)CC(C)NN	1.70000005	202793	PubChem:(202793);PubChem class - safety and toxic	67108866
14	1	N/A	-163.646790772043	C7H18N2	[M + H]+	MKDYQLJYEBWUIG	InChI=1S/C7H18N2/c1-4-9(5-2)7-6-8-3/h8H,4-7H2,1-3H3	Diethyl(2-methylaminoethyl)amine	CCN(CC)CCNC	0.600000024	66034;6993483	NORMAN:(NS00015756);PubChem class - safety and toxic;PubChem:(66034 6993483);PubMed	67371074
15	1	N/A	-172.4924406078451	C7H18N2	[M + H]+	BVVNMQQFLWWRFT	InChI=1S/C7H18N2/c1-6(2)9-5-7(3,4)8/h6,9H,5,8H2,1-4H3	2-Amino-1,1-dimethylethylisopropylamine	CC(C)NCC(C)(C)N	0.300000012	79532;6995555	COCONUT:(CNP0083049);HMDB:(62730);PubChem:(79532 6995555);PubMed;CHEBI:(84265)	2097258
16	1	N/A	-205.98967206849034	C7H18N2	[M + H]+	ULZVZRVDMKHKAL	InChI=1S/C7H18N2/c1-6(2)9-7(3,4)5-8/h6,9H,5,8H2,1-4H3	N2-isopropyl-2-methylpropane-1,2-diamine	CC(C)NC(C)(C)CN	0.300000012	20184158	PubChem:(20184158);NORMAN:(NS00043811)	262146