structureRankPerFormula	formulaRank	ConfidenceScore	CSI:FingerIDScore	molecularFormula	adduct	InChIkey2D	InChI	name	smiles	xlogp	pubchemids	links	dbflags
1	1	N/A	-310.22313928981134	C30H40O16	[M - H2O + H]+	UWFOZHRIYIQCSM	InChI=1S/C30H40O16/c1-29(46-18(33)8-7-14-5-3-2-4-6-14)11-17(32)30(40)9-10-41-28(25(29)30)45-27-24(39)22(37)20(35)16(44-27)13-42-26-23(38)21(36)19(34)15(12-31)43-26/h2-10,15-17,19-28,31-32,34-40H,11-13H2,1H3	null	CC1(CC(C2(C1C(OC=C2)OC3C(C(C(C(O3)COC4C(C(C(C(O4)CO)O)O)O)O)O)O)O)O)OC(=O)C=CC5=CC=CC=C5	-2.79999995	44545083	COCONUT:(CNP0309386);KNApSAcK:(35109);Natural Products:(UNPD77066);PubChem:(44545083);SuperNatural:(SN00271464)	3178514
2	1	N/A	-312.59154013981873	C30H40O16	[M - H2O + H]+	WPZQAEXTOYWVAN	InChI=1S/C30H40O16/c1-29(46-18(33)8-7-14-5-3-2-4-6-14)11-17(44-26-23(38)21(36)19(34)15(12-31)42-26)30(40)9-10-41-28(25(29)30)45-27-24(39)22(37)20(35)16(13-32)43-27/h2-10,15-17,19-28,31-32,34-40H,11-13H2,1H3	[(1S,4aS,5R,7S)-4a-hydroxy-7-methyl-5-[(2S,3R,4R,5R,6R)-3,4,5-trihydroxy-6-(hydroxymethyl)oxan-2-yl]oxy-1-[(2R,3S,4S,5R,6S)-3,4,5-trihydroxy-6-(hydroxymethyl)oxan-2-yl]oxy-1,5,6,7a-tetrahydrocyclopenta[c]pyran-7-yl] (E)-3-phenylprop-2-enoate	CC1(CC(C2(C1C(OC=C2)OC3C(C(C(C(O3)CO)O)O)O)O)OC4C(C(C(C(O4)CO)O)O)O)OC(=O)C=CC5=CC=CC=C5	-2.20000005	21550825;24893712;101402539;100957145	COCONUT:(CNP0192117);KNApSAcK:(35027);Natural Products:(UNPD56627 UNPD128027 UNPD30451 UNPD95505);PubChem:(21550825 24893712 101402539 100957145);SuperNatural:(SN00334817 SN00396517 SN00392707 SN00329597)	3178514
3	1	N/A	-356.4418294809388	C30H40O16	[M - H2O + H]+	KIOGDCNEFKPDDB	InChI=1S/C30H40O16/c1-11-26(45-29-24(39)22(37)20(35)17(9-32)43-29)14(8-31)28(46-30-25(40)23(38)21(36)18(10-33)44-30)19-15(34)7-16(42-27(11)19)12-3-5-13(41-2)6-4-12/h3-6,15-18,20-25,29-40H,7-10H2,1-2H3	(2S,3R,4S,5S,6R)-2-[[(2R,4S)-4-hydroxy-6-(hydroxymethyl)-2-(4-methoxyphenyl)-8-methyl-5-[(2S,3R,4S,5S,6R)-3,4,5-trihydroxy-6-(hydroxymethyl)oxan-2-yl]oxy-3,4-dihydro-2H-chromen-7-yl]oxy]-6-(hydroxymethyl)oxane-3,4,5-triol	CC1=C2C(=C(C(=C1OC3C(C(C(C(O3)CO)O)O)O)CO)OC4C(C(C(C(O4)CO)O)O)O)C(CC(O2)C5=CC=C(C=C5)OC)O	-2.20000005	21636257;44257138;44445356	COCONUT:(CNP0181213);KNApSAcK:(8982);Natural Products:(UNPD6501 UNPD50022 UNPD12122);PubChem:(21636257 44257138 44445356);SuperNatural:(SN00345767 SN00364276);MeSH:(44257138 44445356);PubMed	3178582
4	1	N/A	-368.069840498003	C30H40O16	[M - H2O + H]+	RGCSBJLISZZYGL	InChI=1S/C30H40O16/c1-12-17(34)8-15-16(27(40)41-7-6-13-2-4-14(33)5-3-13)11-42-28(20(12)15)46-30-25(39)26(22(36)19(10-32)44-30)45-29-24(38)23(37)21(35)18(9-31)43-29/h2-5,11-12,15,18-26,28-33,35-39H,6-10H2,1H3	null	CC1C2C(CC1=O)C(=COC2OC3C(C(C(C(O3)CO)O)OC4C(C(C(C(O4)CO)O)O)O)O)C(=O)OCCC5=CC=C(C=C5)O	-1.70000005	11082859	COCONUT:(CNP0422836);Natural Products:(UNPD135635);PubChem:(11082859);SuperNatural:(SN00394557)	3178498
5	1	N/A	-375.75300213570387	C30H40O16	[M - H2O + H]+	QWZAGEWLUZBSJX	InChI=1S/C30H40O16/c1-12-17(33)8-15-16(27(40)41-7-6-13-2-4-14(32)5-3-13)10-42-28(20(12)15)46-30-26(39)24(37)22(35)19(45-30)11-43-29-25(38)23(36)21(34)18(9-31)44-29/h2-5,10,12,15,18-26,28-32,34-39H,6-9,11H2,1H3	null	CC1C2C(CC1=O)C(=COC2OC3C(C(C(C(O3)COC4C(C(C(C(O4)CO)O)O)O)O)O)O)C(=O)OCCC5=CC=C(C=C5)O	-2.20000005	10963347;11039588	COCONUT:(CNP0238175);Natural Products:(UNPD7939 UNPD11397 UNPD82034);PubChem:(10963347 11039588);SuperNatural:(SN00350200 SN00350127 SN00293973)	3178498
6	1	N/A	-383.7016600889186	C30H40O16	[M - H2O + H]+	JIOASKMBTJVXDE	InChI=1S/C30H40O16/c1-12-17(34)8-15-16(27(40)41-7-6-13-2-4-14(33)5-3-13)11-42-28(20(12)15)46-30-25(39)23(37)26(19(10-32)44-30)45-29-24(38)22(36)21(35)18(9-31)43-29/h2-5,11-12,15,18-26,28-33,35-39H,6-10H2,1H3	null	CC1C2C(CC1=O)C(=COC2OC3C(C(C(C(O3)CO)OC4C(C(C(C(O4)CO)O)O)O)O)O)C(=O)OCCC5=CC=C(C=C5)O	-2.20000005	11104268	COCONUT:(CNP0384752);Natural Products:(UNPD7653 UNPD18268);PubChem:(11104268);SuperNatural:(SN00273681 SN00365593)	3178498
7	1	N/A	-578.8287695772669	C30H40O16	[M - H2O + H]+	UBDQKWBDEHOFKS	InChI=1S/C30H40O16/c1-8(2)19-13-9(5-12(32)43-19)29(3)23-21(46-28(39)30(23,4)24(38)22-25(29)44-22)20(13)45-26-17(36)15(34)11(7-40-26)42-27-18(37)16(35)14(33)10(6-31)41-27/h5,8,10-11,14-18,20-27,31,33-38H,6-7H2,1-4H3	null	CC(C)C1=C2C(C3C4C(C(C5C(C4(C2=CC(=O)O1)C)O5)O)(C(=O)O3)C)OC6C(C(C(CO6)OC7C(C(C(C(O7)CO)O)O)O)O)O	-3.4000001	101574746	COCONUT:(CNP0204505);Natural Products:(UNPD210044);PubChem:(101574746)	2129922
1	1	0.15751272826823282	-18.440729561324044	C30H38O15	[M + H]+	ZMYQRHSOVRDQDL	InChI=1S/C30H38O15/c1-14-23(36)24(37)25(38)30(42-14)45-28-26(39)29(41-10-9-16-3-6-17(32)19(34)11-16)43-21(13-31)27(28)44-22(35)8-5-15-4-7-18(33)20(12-15)40-2/h3-8,11-12,14,21,23-34,36-39H,9-10,13H2,1-2H3	[(2R,3R,4R,5R,6R)-6-[2-(3,4-dihydroxyphenyl)ethoxy]-5-hydroxy-2-(hydroxymethyl)-4-[(2S,3R,4R,5R,6S)-3,4,5-trihydroxy-6-methyloxan-2-yl]oxyoxan-3-yl] (Z)-3-(4-hydroxy-3-methoxyphenyl)prop-2-enoate	CC1C(C(C(C(O1)OC2C(C(OC(C2OC(=O)C=CC3=CC(=C(C=C3)O)OC)CO)OCCC4=CC(=C(C=C4)O)O)O)O)O)O	-0.200000003	10394343;23245940;74027662	COCONUT:(CNP0176064);KNApSAcK:(30657);Natural Products:(UNPD132828 UNPD3895 UNPD184777 UNPD178154 UNPD13007 UNPD159673 UNPD156822 UNPD187484 UNPD230655);PubChem:(10394343 23245940 74027662);SuperNatural:(SN00294766 SN00367486 SN00177625 SN00332099 SN00277829 SN00347489 SN00327590 SN00379190);PubMed;KEGG Mine	8593113170
2	1	N/A	-18.66574918603889	C30H38O15	[M + H]+	OFNCUIXPAFLTJZ	InChI=1S/C30H38O15/c1-14-23(35)25(37)26(38)30(43-14)45-28-24(36)21(13-42-22(34)8-5-15-4-7-18(32)20(12-15)40-2)44-29(27(28)39)41-10-9-16-3-6-17(31)19(33)11-16/h3-8,11-12,14,21,23-33,35-39H,9-10,13H2,1-2H3	null	CC1C(C(C(C(O1)OC2C(C(OC(C2O)OCCC3=CC(=C(C=C3)O)O)COC(=O)C=CC4=CC(=C(C=C4)O)OC)O)O)O)O	-0.200000003	45359577;73776084	COCONUT:(CNP0160789);Natural Products:(UNPD33169 UNPD179719 UNPD146626);PubChem:(45359577 73776084);SuperNatural:(SN00297975 SN00039844 SN00360657);ZINC bio:(ZINC67903250);additional;Training Set	3727362
3	1	N/A	-31.43628348175634	C30H38O15	[M + H]+	RMJYDWRKVAGFGZ	InChI=1S/C30H38O15/c1-14-23(36)24(37)25(38)30(42-14)45-28-26(39)29(41-10-9-16-3-6-17(32)18(33)11-16)43-21(13-31)27(28)44-22(35)8-5-15-4-7-20(40-2)19(34)12-15/h3-8,11-12,14,21,23-34,36-39H,9-10,13H2,1-2H3	.beta.-D-Glucopyranoside, 2-(3,4-dihydroxyphenyl)ethyl 3-O-(6-deoxy-.alpha.-L-mannopyranosyl)-4-O-[(2E)-3-(3-hydroxy-4-methoxyphenyl)-1-oxo-2-propenyl]-	CC1C(C(C(C(O1)OC2C(C(OC(C2OC(=O)C=CC3=CC(=C(C=C3)OC)O)CO)OCCC4=CC(=C(C=C4)O)O)O)O)O)O	-0.200000003	6476334;78412139;117750008	COCONUT:(CNP0252936);Natural Products:(UNPD132792 UNPD98889);PubChem:(6476334 78412139 117750008);SuperNatural:(SN00303192 SN00258404);PubMed;KEGG Mine	8593113154
4	1	N/A	-31.66130310647118	C30H38O15	[M + H]+	UBDSPBNDUHVMKT	InChI=1S/C30H38O15/c1-14-23(35)25(37)26(38)30(43-14)45-28-24(36)21(13-42-22(34)8-5-15-4-7-20(40-2)19(33)12-15)44-29(27(28)39)41-10-9-16-3-6-17(31)18(32)11-16/h3-8,11-12,14,21,23-33,35-39H,9-10,13H2,1-2H3	Plantainoside C	CC1C(C(C(C(O1)OC2C(C(OC(C2O)OCCC3=CC(=C(C=C3)O)O)COC(=O)C=CC4=CC(=C(C=C4)OC)O)O)O)O)O	-0.200000003	6476335	COCONUT:(CNP0088780);PubChem:(6476335);SuperNatural:(SN00177627);PubMed	3145794
5	1	N/A	-33.47088404521965	C30H38O15	[M + H]+	WKQLGHCWJNLUKK	InChI=1S/C30H38O15/c1-14-23(36)24(37)25(38)30(42-14)45-28-26(39)29(41-10-9-16-4-7-20(40-2)19(34)12-16)43-21(13-31)27(28)44-22(35)8-5-15-3-6-17(32)18(33)11-15/h3-8,11-12,14,21,23-34,36-39H,9-10,13H2,1-2H3	[(2R,3R,4R,5R,6R)-5-hydroxy-6-[2-(3-hydroxy-4-methoxyphenyl)ethoxy]-2-(hydroxymethyl)-4-[(2S,3R,4R,5S,6S)-3,4,5-trihydroxy-6-methyloxan-2-yl]oxyoxan-3-yl] (E)-3-(3,4-dihydroxyphenyl)prop-2-enoate	CC1C(C(C(C(O1)OC2C(C(OC(C2OC(=O)C=CC3=CC(=C(C=C3)O)O)CO)OCCC4=CC(=C(C=C4)OC)O)O)O)O)O	-0.200000003	9895632;11972386;21550851;73157771;133561690	COCONUT:(CNP0206967);KNApSAcK:(34563);Natural Products:(UNPD121428 UNPD143882 UNPD120706);PubChem:(9895632 11972386 21550851 73157771 133561690);SuperNatural:(SN00369653 SN00163893);MeSH:(9895632 73157771);PubMed;KEGG Mine	8593113174
6	1	N/A	-37.11432434488879	C30H38O15	[M + H]+	SUNMCVVGOLDIKD	InChI=1S/C30H38O15/c1-14-23(36)24(37)25(38)30(42-14)45-28-26(39)29(41-10-9-16-4-7-18(33)20(12-16)40-2)43-21(13-31)27(28)44-22(35)8-5-15-3-6-17(32)19(34)11-15/h3-8,11-12,14,21,23-34,36-39H,9-10,13H2,1-2H3	.beta.-D-Glucopyranoside, 2-(4-hydroxy-3-methoxyphenyl)ethyl 3-O-(6-deoxy-.alpha.-L-mannopyranosyl)-4-O-[(2E)-3-(3,4-dihydroxyphenyl)-1-oxo-2-propenyl]-	CC1C(C(C(C(O1)OC2C(C(OC(C2OC(=O)C=CC3=CC(=C(C=C3)O)O)CO)OCCC4=CC(=C(C=C4)O)OC)O)O)O)O	-0.200000003	5315929;11972314;21550797	COCONUT:(CNP0192726);Natural Products:(UNPD83456 UNPD130700 UNPD146659);PubChem:(5315929 11972314 21550797);SuperNatural:(SN00359348 SN00164980 SN00261785);MeSH:(5315929);PubMed;KEGG Mine	8593113158
7	1	N/A	-66.49816697090974	C30H38O15	[M + H]+	WRGRXSJVQTWFMI	InChI=1S/C30H38O15/c1-14-23(36)24(37)25(38)30(42-14)45-27-26(44-22(35)8-5-15-4-7-18(33)20(12-15)40-2)21(13-31)43-29(39)28(27)41-10-9-16-3-6-17(32)19(34)11-16/h3-8,11-12,14,21,23-34,36-39H,9-10,13H2,1-2H3	null	CC1C(C(C(C(O1)OC2C(C(OC(C2OCCC3=CC(=C(C=C3)O)O)O)CO)OC(=O)C=CC4=CC(=C(C=C4)O)OC)O)O)O	0.363821208	""	COCONUT:(CNP0238253);Natural Products:(UNPD171355);SuperNatural:(SN00363615)	3178496
8	1	N/A	-77.01589362801286	C30H38O15	[M + H]+	CFRMBWAMCRABPC	InChI=1S/C30H38O15/c1-14-24(37)26(39)25(38)22(43-14)13-42-29-27(40)30(41-9-8-16-3-6-18(33)20(35)11-16)44-21(12-31)28(29)45-23(36)7-4-15-2-5-17(32)19(34)10-15/h2-7,10-11,14,21-22,24-35,37-40H,8-9,12-13H2,1H3	null	CC1C(C(C(C(O1)COC2C(C(OC(C2OC(=O)C=CC3=CC(=C(C=C3)O)O)CO)OCCC4=CC(=C(C=C4)O)O)O)O)O)O	-0.188447848	""	COCONUT:(CNP0089111);SuperNatural:(SN00178156)	3145728
9	1	N/A	-77.52762652276913	C30H38O15	[M + H]+	FXKBTYOKXVXDPZ	InChI=1S/C30H38O15/c1-39-20-11-15(3-6-17(20)32)5-8-23(35)44-27-22(13-31)43-30(41-10-9-16-4-7-18(33)21(12-16)40-2)26(38)28(27)45-29-25(37)24(36)19(34)14-42-29/h3-8,11-12,19,22,24-34,36-38H,9-10,13-14H2,1-2H3	null	COC1=C(C=CC(=C1)CCOC2C(C(C(C(O2)CO)OC(=O)C=CC3=CC(=C(C=C3)O)OC)OC4C(C(C(CO4)O)O)O)O)O	-0.300000012	25058945	COCONUT:(CNP0258624);KNApSAcK:(33615);Natural Products:(UNPD122149);PubChem:(25058945);SuperNatural:(SN00267138)	3178514
10	1	N/A	-88.96017393916613	C30H38O15	[M + H]+	RUVRYPWSZRWHQV	InChI=1S/C30H38O15/c1-14-22(35)24(37)25(38)30(42-14)45-28-26(39)29(41-11-10-16-4-3-5-18(33)23(16)36)43-20(13-31)27(28)44-21(34)9-7-15-6-8-17(32)19(12-15)40-2/h3-9,12,14,20,22,24-33,35-39H,10-11,13H2,1-2H3	null	CC1C(C(C(C(O1)OC2C(C(OC(C2OC(=O)C=CC3=CC(=C(C=C3)O)OC)CO)OCCC4=C(C(=CC=C4)O)O)O)O)O)O	0.363821208	""	COCONUT:(CNP0114329);Natural Products:(UNPD26167);SuperNatural:(SN00382877)	3178496
11	1	N/A	-90.66364304009423	C30H38O15	[M + H]+	XRBNWTBBMTUZLA	InChI=1S/C30H38O15/c1-14-22(35)24(37)25(38)30(42-14)45-28-26(39)29(41-11-10-16-4-3-5-19(40-2)23(16)36)43-20(13-31)27(28)44-21(34)9-7-15-6-8-17(32)18(33)12-15/h3-9,12,14,20,22,24-33,35-39H,10-11,13H2,1-2H3	null	CC1C(C(C(C(O1)OC2C(C(OC(C2OC(=O)C=CC3=CC(=C(C=C3)O)O)CO)OCCC4=C(C(=CC=C4)OC)O)O)O)O)O	0.363821208	""	COCONUT:(CNP0269968);Natural Products:(UNPD192311)	2129920
12	1	N/A	-124.99211875293241	C30H38O15	[M + H]+	ATMOQWPZRSCSST	InChI=1S/C30H38O15/c1-40-19-12-16(4-8-18(19)43-30-28(39)25(36)23(34)20(13-31)44-30)5-9-22(33)42-14-21-24(35)26(37)27(38)29(45-21)41-11-10-15-2-6-17(32)7-3-15/h2-9,12,20-21,23-32,34-39H,10-11,13-14H2,1H3	null	COC1=C(C=CC(=C1)C=CC(=O)OCC2C(C(C(C(O2)OCCC3=CC=C(C=C3)O)O)O)O)OC4C(C(C(C(O4)CO)O)O)O	-0.154815212	""	COCONUT:(CNP0301789);Natural Products:(UNPD223514)	2129920
13	1	N/A	-154.96824240382406	C30H38O15	[M + H]+	BXWJBXJXOLNUKO	InChI=1S/C30H38O15/c1-14-23(36)24(37)25(38)30(42-14)45-28-26(39)29(41-13-21(40-2)16-6-9-18(33)19(34)11-16)43-20(12-31)27(28)44-22(35)10-5-15-3-7-17(32)8-4-15/h3-11,14,20-21,23-34,36-39H,12-13H2,1-2H3	null	CC1C(C(C(C(O1)OC2C(C(OC(C2OC(=O)C=CC3=CC=C(C=C3)O)CO)OCC(C4=CC(=C(C=C4)O)O)OC)O)O)O)O	-0.151506811	""	COCONUT:(CNP0300642);SuperNatural:(SN00177807)	3145728
14	1	N/A	-165.5843662755473	C30H38O15	[M + H]+	RLDLKEDIAQSCSB	InChI=1S/C30H38O15/c31-12-22-25(38)27(40)28(41)30(44-22)45-29-24(37)16(13-43-23(36)6-3-14-1-4-17(32)19(34)9-14)11-21(26(29)39)42-8-7-15-2-5-18(33)20(35)10-15/h1-6,9-10,16,21-22,24-35,37-41H,7-8,11-13H2	null	C1C(C(C(C(C1OCCC2=CC(=C(C=C2)O)O)O)OC3C(C(C(C(O3)CO)O)O)O)O)COC(=O)C=CC4=CC(=C(C=C4)O)O	-0.353670001	""	COCONUT:(CNP0122141);SuperNatural:(SN00178000)	3145728
15	1	N/A	-175.14144774552724	C30H38O15	[M + H]+	SUPLIRADYZEBCV	InChI=1S/C30H38O15/c1-13-22(35)27(44-20(34)7-4-14-2-5-16(33)6-3-14)26(39)30(41-13)42-18-10-15(11-31)21-17(18)8-9-40-28(21)45-29-25(38)24(37)23(36)19(12-32)43-29/h2-10,13,17-19,21-33,35-39H,11-12H2,1H3	null	CC1C(C(C(C(O1)OC2C=C(C3C2C=COC3OC4C(C(C(C(O4)CO)O)O)O)CO)O)OC(=O)C=CC5=CC=C(C=C5)O)O	-1.79999995	45359954	COCONUT:(CNP0219814);Natural Products:(UNPD124972);PubChem:(45359954);SuperNatural:(SN00040419 SN00318605);ZINC bio:(ZINC67911337)	3186690
16	1	N/A	-187.17064421076526	C30H38O15	[M + H]+	AWFOTVBMQUQAGB	InChI=1S/C30H38O15/c1-13-27(44-20(34)7-4-14-2-5-16(33)6-3-14)24(37)26(39)29(41-13)42-18-10-15(11-31)21-17(18)8-9-40-28(21)45-30-25(38)23(36)22(35)19(12-32)43-30/h2-10,13,17-19,21-33,35-39H,11-12H2,1H3	null	CC1C(C(C(C(O1)OC2C=C(C3C2C=COC3OC4C(C(C(C(O4)CO)O)O)O)CO)O)O)OC(=O)C=CC5=CC=C(C=C5)O	-1.79999995	101428388	COCONUT:(CNP0216183);Natural Products:(UNPD88727);PubChem:(101428388);SuperNatural:(SN00373512)	3178498
17	1	N/A	-188.8264309733668	C30H38O15	[M + H]+	YYHNQOISCKVABM	InChI=1S/C30H38O15/c1-13-22(35)25(38)27(44-20(34)7-4-14-2-5-16(33)6-3-14)30(41-13)42-18-10-15(11-31)21-17(18)8-9-40-28(21)45-29-26(39)24(37)23(36)19(12-32)43-29/h2-10,13,17-19,21-33,35-39H,11-12H2,1H3	null	CC1C(C(C(C(O1)OC2C=C(C3C2C=COC3OC4C(C(C(C(O4)CO)O)O)O)CO)OC(=O)C=CC5=CC=C(C=C5)O)O)O	-1.79999995	23928106;102158732	COCONUT:(CNP0152629);Natural Products:(UNPD32626);PubChem:(23928106 102158732);SuperNatural:(SN00404413)	3178498
18	1	N/A	-207.956978350378	C30H38O15	[M + H]+	JQRDKJPPZWVTOO	InChI=1S/C30H38O15/c1-13-19(33)21(35)23(37)28(41-13)43-25-15-9-10-39-27(44-29-24(38)22(36)20(34)16(11-31)42-29)18(15)30(26(25)45-30)12-40-17(32)8-7-14-5-3-2-4-6-14/h2-10,13,15-16,18-29,31,33-38H,11-12H2,1H3	(6-((6-Deoxyhexopyranosyl)oxy)-2-(hexopyranosyloxy)-1b,5a,6,6a-tetrahydrooxireno[2'',3'':4,5]cyclopenta[1,2-c]pyran-1a(2H)-yl)methyl 3-phenylacrylate	CC1C(C(C(C(O1)OC2C3C=COC(C3C4(C2O4)COC(=O)C=CC5=CC=CC=C5)OC6C(C(C(C(O6)CO)O)O)O)O)O)O	-1.70000005	496763;5868714;6712578;10746676;21635720;22525130;42619060;45114620;54609038	COCONUT:(CNP0270111);Natural Products:(UNPD143038);PubChem:(496763 5868714 6712578 10746676 21635720 22525130 42619060 45114620 54609038);SuperNatural:(SN00243099)	3178498
19	1	N/A	-213.87256413309888	C30H38O15	[M + H]+	VKPCNUJDGKJSIE	InChI=1S/C30H38O15/c1-13-19(34)25(42-17(33)8-7-14-5-3-2-4-6-14)23(38)29(40-13)43-24-15-9-10-39-27(18(15)30(12-32)26(24)45-30)44-28-22(37)21(36)20(35)16(11-31)41-28/h2-10,13,15-16,18-29,31-32,34-38H,11-12H2,1H3	null	CC1C(C(C(C(O1)OC2C3C=COC(C3C4(C2O4)CO)OC5C(C(C(C(O5)CO)O)O)O)O)OC(=O)C=CC6=CC=CC=C6)O	-1.70000005	23757182;102479373	COCONUT:(CNP0226231);Natural Products:(UNPD160091 UNPD118943 UNPD99349 UNPD226483 UNPD150817);PubChem:(23757182 102479373);SuperNatural:(SN00266545 SN00039677 SN00281354 SN00240234);ZINC bio:(ZINC67902750);additional;Training Set	3727362
20	1	N/A	-221.20508574484464	C30H38O15	[M + H]+	RLGYLKXDNQBDCU	InChI=1S/C30H38O15/c1-13-19(34)22(37)25(42-17(33)8-7-14-5-3-2-4-6-14)29(40-13)43-24-15-9-10-39-27(18(15)30(12-32)26(24)45-30)44-28-23(38)21(36)20(35)16(11-31)41-28/h2-10,13,15-16,18-29,31-32,34-38H,11-12H2,1H3	null	CC1C(C(C(C(O1)OC2C3C=COC(C3C4(C2O4)CO)OC5C(C(C(C(O5)CO)O)O)O)OC(=O)C=CC6=CC=CC=C6)O)O	-1.70000005	10817879;23928137	COCONUT:(CNP0316948);Natural Products:(UNPD158719 UNPD28148 UNPD83002 UNPD224431);PubChem:(10817879 23928137);SuperNatural:(SN00228509 SN00039937 SN00383253);ZINC bio:(ZINC67903506);additional;MeSH:(23928137);Training Set;PubMed	3727430
21	1	N/A	-236.20348654697364	C30H38O15	[M + H]+	VJVKDDVGGYMBJF	InChI=1S/C30H38O15/c1-13-24(42-17(33)8-7-14-5-3-2-4-6-14)21(36)23(38)28(40-13)43-25-15-9-10-39-27(18(15)30(12-32)26(25)45-30)44-29-22(37)20(35)19(34)16(11-31)41-29/h2-10,13,15-16,18-29,31-32,34-38H,11-12H2,1H3	null	CC1C(C(C(C(O1)OC2C3C=COC(C3C4(C2O4)CO)OC5C(C(C(C(O5)CO)O)O)O)O)O)OC(=O)C=CC6=CC=CC=C6	-1.70000005	23815410	COCONUT:(CNP0298164);Natural Products:(UNPD228586 UNPD34711);PubChem:(23815410);SuperNatural:(SN00242492)	3178498
22	1	N/A	-247.79184629787525	C30H38O15	[M + H]+	CPNDUJFPOGZJOE	InChI=1S/C30H38O15/c1-12-23(32)25(34)27(36)29(42-12)41-11-21-24(33)26(35)28(37)30(45-21)43-13-5-6-15(17(7-13)39-3)18-10-16(31)22-19(40-4)8-14(38-2)9-20(22)44-18/h5-9,12,18,21,23-30,32-37H,10-11H2,1-4H3	4''-Hydroxy-5,7,2''-trimethoxyflavanone 4''-rhamnosyl-(1->6)-glucoside	CC1C(C(C(C(O1)OCC2C(C(C(C(O2)OC3=CC(=C(C=C3)C4CC(=O)C5=C(O4)C=C(C=C5OC)OC)OC)O)O)O)O)O)O	-1.0	10326774;42608018	PubChem:(10326774 42608018);KNApSAcK:(14349)	18
23	1	N/A	-252.48242896892802	C30H38O15	[M + H]+	PGACWKKHKXOJBL	InChI=1S/C30H38O15/c1-3-40-14-6-4-13(5-7-14)17-10-16(32)22-18(42-17)8-15(39-2)9-19(22)43-30-28(38)26(36)24(34)21(45-30)12-41-29-27(37)25(35)23(33)20(11-31)44-29/h4-9,17,20-21,23-31,33-38H,3,10-12H2,1-2H3	2-(4-ethoxyphenyl)-7-methoxy-5-[(2S,3R,4S,5S,6R)-3,4,5-trihydroxy-6-[[(2R,3R,4S,5S,6R)-3,4,5-trihydroxy-6-(hydroxymethyl)oxan-2-yl]oxymethyl]oxan-2-yl]oxy-2,3-dihydrochromen-4-one	CCOC1=CC=C(C=C1)C2CC(=O)C3=C(O2)C=C(C=C3OC4C(C(C(C(O4)COC5C(C(C(C(O5)CO)O)O)O)O)O)O)OC	-1.10000002	11331154;59030311	COCONUT:(CNP0185362);Natural Products:(UNPD69328);PubChem:(11331154 59030311);SuperNatural:(SN00275814)	3178498
24	1	N/A	-261.09662737874174	C30H38O15	[M + H]+	DDQULTADDJWHCB	InChI=1S/C30H38O15/c1-12-23(33)24(34)26(36)29(41-12)45-28-21(11-31)44-30(27(37)25(28)35)42-13-5-6-15(17(7-13)39-3)18-10-16(32)22-19(40-4)8-14(38-2)9-20(22)43-18/h5-9,12,18,21,23-31,33-37H,10-11H2,1-4H3	null	CC1C(C(C(C(O1)OC2C(OC(C(C2O)O)OC3=CC(=C(C=C3)C4CC(=O)C5=C(C=C(C=C5O4)OC)OC)OC)CO)O)O)O	0.0429950841	""	COCONUT:(CNP0382363);Natural Products:(UNPD73354);SuperNatural:(SN00313843)	3178496
25	1	N/A	-284.12090487642774	C30H38O15	[M + H]+	GWGCLAPQWQQBET	InChI=1S/C30H38O15/c1-11-20(33)19-15(32)8-16(13-4-6-14(40-3)7-5-13)42-28(19)12(2)27(11)45-30-26(39)24(37)22(35)18(44-30)10-41-29-25(38)23(36)21(34)17(9-31)43-29/h4-7,16-18,21-26,29-31,33-39H,8-10H2,1-3H3	(2S)-5-hydroxy-2-(4-methoxyphenyl)-6,8-dimethyl-7-[(2S,3R,4S,5S,6R)-3,4,5-trihydroxy-6-[[(2R,3R,4S,5S,6R)-3,4,5-trihydroxy-6-(hydroxymethyl)oxan-2-yl]oxymethyl]oxan-2-yl]oxy-2,3-dihydrochromen-4-one	CC1=C(C2=C(C(=C1OC3C(C(C(C(O3)COC4C(C(C(C(O4)CO)O)O)O)O)O)O)C)OC(CC2=O)C5=CC=C(C=C5)OC)O	-0.5	11972404;21550865	COCONUT:(CNP0136721);Natural Products:(UNPD88072);PubChem:(11972404 21550865);SuperNatural:(SN00167401 SN00394213)	3178498
26	1	N/A	-316.1711019366824	C30H38O15	[M + H]+	CKEGVHWMGXJGHK	InChI=1S/C30H38O15/c1-13-21(32)23(34)25(36)28(42-13)45-26-24(35)22(33)19(11-31)44-29(26)43-18-9-16(40-3)8-17-20(18)27(37)30(38,12-41-17)10-14-4-6-15(39-2)7-5-14/h4-9,13,19,21-26,28-29,31-36,38H,10-12H2,1-3H3	null	CC1C(C(C(C(O1)OC2C(C(C(OC2OC3=CC(=CC4=C3C(=O)C(CO4)(CC5=CC=C(C=C5)OC)O)OC)CO)O)O)O)O)O	-0.699999988	11114892	COCONUT:(CNP0239431);Natural Products:(UNPD20025 UNPD81704);PubChem:(11114892);SuperNatural:(SN00294538 SN00370476);PubMed	3178562
27	1	N/A	-320.4012547343115	C30H38O15	[M + H]+	KSHJZZNTIIWCHH	InChI=1S/C30H38O15/c1-13-21(31)23(33)25(35)28(43-13)41-11-19-22(32)24(34)26(36)29(45-19)44-18-9-16(40-3)8-17-20(18)27(37)30(38,12-42-17)10-14-4-6-15(39-2)7-5-14/h4-9,13,19,21-26,28-29,31-36,38H,10-12H2,1-3H3	(3S)-3-hydroxy-7-methoxy-3-[(4-methoxyphenyl)methyl]-5-[(2S,3R,4S,5S,6R)-3,4,5-trihydroxy-6-[[(2R,3R,4R,5R,6S)-3,4,5-trihydroxy-6-methyloxan-2-yl]oxymethyl]oxan-2-yl]oxy-2H-chromen-4-one	CC1C(C(C(C(O1)OCC2C(C(C(C(O2)OC3=CC(=CC4=C3C(=O)C(CO4)(CC5=CC=C(C=C5)OC)O)OC)O)O)O)O)O)O	-1.29999995	11767404	COCONUT:(CNP0197819);Natural Products:(UNPD60985 UNPD114761);PubChem:(11767404);SuperNatural:(SN00326862 SN00271454);PubMed	3178562
28	1	N/A	-346.6786263042415	C30H38O15	[M + H]+	BNUJOMJNLGIKGM	InChI=1S/C30H38O15/c1-11-25-14(10-40-28-23(37)21(35)18(9-32)43-30(28)44-25)27(45-29-24(38)22(36)20(34)17(8-31)42-29)19-15(33)7-16(41-26(11)19)12-3-5-13(39-2)6-4-12/h3-6,15-18,20-24,28-38H,7-10H2,1-2H3	(2R,3S,4S,4aR,8R,10S,13aS)-3,4,8-trihydroxy-2-(hydroxymethyl)-10-(4-methoxyphenyl)-12-methyl-3,4,4a,9,10,13a-hexahydro-2H,6H,8H-pyrano[3'',2'':2,3][1,4]dioxepino[6,5-g]chromen-7-yl beta-D-glucopyranoside	CC1=C2C(=C(C3=C1OC(CC3O)C4=CC=C(C=C4)OC)OC5C(C(C(C(O5)CO)O)O)O)COC6C(C(C(OC6O2)CO)O)O	-1.20000005	11592643	COCONUT:(CNP0136788);KNApSAcK:(41303);Natural Products:(UNPD196150);PubChem:(11592643);SuperNatural:(SN00385295);CHEBI:(65357);PubMed	3178610
29	1	N/A	-351.091183462399	C30H38O15	[M + H]+	VHHJOKRKIJVREM	InChI=1S/C30H38O15/c1-13-27(37)45-21-10-19(11-39-14(2)31)8-9-20(36)28(7)23(26(30(13,21)38)44-18(6)35)29(12-40-29)25(43-17(5)34)22(41-15(3)32)24(28)42-16(4)33/h8-10,13,20-26,36,38H,11-12H2,1-7H3	null	CC1C(=O)OC2C1(C(C3C(C(C=CC(=C2)COC(=O)C)O)(C(C(C(C34CO4)OC(=O)C)OC(=O)C)OC(=O)C)C)OC(=O)C)O	-0.699999988	21726455	COCONUT:(CNP0356715);Natural Products:(UNPD51132);PubChem:(21726455);SuperNatural:(SN00278577)	3178498
30	1	N/A	-354.83360517844073	C30H38O15	[M + H]+	RLFMFUZEPXZSQY	InChI=1S/C30H38O15/c1-13-21(40-15(3)32)23(42-17(5)34)26(44-27(37)19-9-10-38-11-19)29(12-39-14(2)31)25(43-18(6)35)22(41-16(4)33)20-24(36)30(13,29)45-28(20,7)8/h9-11,13,20-26,36H,12H2,1-8H3	null	CC1C(C(C(C2(C13C(C(C(C2OC(=O)C)OC(=O)C)C(O3)(C)C)O)COC(=O)C)OC(=O)C4=COC=C4)OC(=O)C)OC(=O)C	0.800000012	11331153	COCONUT:(CNP0254194);Natural Products:(UNPD76060 UNPD171339);PubChem:(11331153);SuperNatural:(SN00231684)	3178498
31	1	N/A	-360.42773268056703	C30H38O15	[M + H]+	HAZGGHZXFZVQDU	InChI=1S/C30H38O15/c1-11-17(33)25(43-28(38)13-6-4-3-5-7-13)27(41-12(2)32)30(40-11)45-23-14-8-9-39-29(16(14)24-26(23)42-24)44-22-15(10-31)18(34)19(35)20(36)21(22)37/h3-9,11,14-27,29-31,33-37H,10H2,1-2H3	null	CC1C(C(C(C(O1)OC2C3C=COC(C3C4C2O4)OC5C(C(C(C(C5O)O)O)O)CO)OC(=O)C)OC(=O)C6=CC=CC=C6)O	-1.29251313	""	COCONUT:(CNP0188343);Natural Products:(UNPD117041);SuperNatural:(SN00239805)	3178496
32	1	N/A	-368.76453630013776	C30H38O15	[M + H]+	YRIFCYVSONYKSX	InChI=1S/C30H38O15/c1-13-27(37)45-21-10-19(11-31)8-9-20(40-14(2)32)28(7)23(26(30(13,21)38)44-18(6)36)29(12-39-29)25(43-17(5)35)22(41-15(3)33)24(28)42-16(4)34/h8-10,13,20-26,31,38H,11-12H2,1-7H3	(1R,3aS,4E,6Z,8R,8aS,9R,10R,11R,12R,12aS,13R,13aS)-13a-hydroxy-5-(hydroxymethyl)-1,8a-dimethyl-2-oxo-1,3a,8,8a,9,10,11,12a,13,13a-decahydro-2H-spiro[benzo[4,5]cyclodeca[1,2-b]furan-12,2''-oxirane]-8,9,	CC1C(=O)OC2C1(C(C3C(C(C=CC(=C2)CO)OC(=O)C)(C(C(C(C34CO4)OC(=O)C)OC(=O)C)OC(=O)C)C)OC(=O)C)O	-0.699999988	643675;10439107;21776982	COCONUT:(CNP0163203);KNApSAcK:(31938);Natural Products:(UNPD93659 UNPD115176 UNPD2767 UNPD219242);PubChem:(643675 10439107 21776982);SuperNatural:(SN00357530 SN00402158)	3178514
33	1	N/A	-373.12600531418656	C30H38O15	[M + H]+	GZPVTRATDGPUII	InChI=1S/C30H38O15/c31-10-18-22(36)24(38)26(40)29(43-18)42-17-9-12(6-8-16(17)33)5-7-15-20(34)13-3-1-2-4-14(13)28(21(15)35)45-30-27(41)25(39)23(37)19(11-32)44-30/h5-9,18-19,22-27,29-41H,1-4,10-11H2	null	C1CCC2=C(C1)C(=C(C(=C2OC3C(C(C(C(O3)CO)O)O)O)O)C=CC4=CC(=C(C=C4)O)OC5C(C(C(C(O5)CO)O)O)O)O	-0.0845263749	""	COCONUT:(CNP0153411);Natural Products:(UNPD48767 UNPD215866);SuperNatural:(SN00234744)	3178496
34	1	N/A	-387.10872066696265	C30H38O15	[M + H]+	FQEUDCPPEJCCIP	InChI=1S/C30H38O15/c1-14-25(44-20-9-15(4-3-7-31)8-19(39-2)26(20)42-14)17-6-5-16(10-18(17)33)43-28-24(36)23(35)22(34)21(45-28)11-40-29-27(37)30(38,12-32)13-41-29/h3-6,8-10,14,21-25,27-29,31-38H,7,11-13H2,1-2H3	null	CC1C(OC2=C(O1)C(=CC(=C2)C=CCO)OC)C3=C(C=C(C=C3)OC4C(C(C(C(O4)COC5C(C(CO5)(CO)O)O)O)O)O)O	-0.516003668	""	COCONUT:(CNP0322633);Natural Products:(UNPD84314);SuperNatural:(SN00229695)	3178496