structureRankPerFormula	formulaRank	ConfidenceScore	CSI:FingerIDScore	molecularFormula	adduct	InChIkey2D	InChI	name	smiles	xlogp	pubchemids	links	dbflags
1	1	N/A	-125.37793503854358	C13H18O3	[M + H]+	JJRYPZMXNLLZFH	InChI=1S/C13H18O3/c1-9-7-11(15)8-12(3,4)13(9,16)6-5-10(2)14/h5-7,16H,8H2,1-4H3	Dehydrovomifoliol	CC1=CC(=O)CC(C1(C=CC(=O)C)O)(C)C	0.5	688492;688494;439748;440265;5280662;101406420	HMDB:(36819);SuperNatural:(SN00036062 SN00036063);ZINC bio:(ZINC00057359 ZINC00057361);MeSH:(688492);PubMed;COCONUT:(CNP0276619);KNApSAcK:(29298);Natural Products:(UNPD147574 UNPD224932 UNPD7294);PubChem:(688492 688494 439748 440265 5280662 101406420);CHEBI:(4372 18429 49177);PubChem class - bio and metabolites;KEGG:(C04223 C02533);Biocyc:(--6-HYDROXY-3-OXO-ALPHA-IONONE)	19966334
2	1	N/A	-130.27848090250598	C13H18O3	[M + H]+	INWVNVRZQKDXQG	InChI=1S/C13H18O3/c1-9(14)5-6-10-7-11(15)8-12(2,3)13(10,4)16/h5-7,16H,8H2,1-4H3	null	CC(=O)C=CC1=CC(=O)CC(C1(C)O)(C)C	0.5	71467238;123925443	COCONUT:(CNP0124571);MeSH:(71467238);Natural Products:(UNPD216737);PubChem:(71467238 123925443);PubMed	2129990
3	1	N/A	-167.45816380417682	C13H18O3	[M + H]+	JJCMVTXJDJQHKA	InChI=1S/C13H18O3/c1-8-9(2)13(16)11(6-4-5-7-14)10(3)12(8)15/h14H,4-7H2,1-3H3	2,5-Cyclohexadiene-1,4-dione, 2-(4-hydroxybutyl)-3,5,6-trimethyl-	CC1=C(C(=O)C(=C(C1=O)C)CCCCO)C	1.5	13187545	MeSH:(13187545);PubChem:(13187545);PubMed	70
4	1	N/A	-170.01360081951418	C13H18O3	[M + H]+	DQGCBLMFMOHLGX	InChI=1S/C13H18O3/c1-9-5-6-11(15)12(3,4)13(9,16)8-7-10(2)14/h5,7-8,16H,6H2,1-4H3	null	CC1=CCC(=O)C(C1(C=CC(=O)C)O)(C)C	1.33369434	""	COCONUT:(CNP0134682);Natural Products:(UNPD164760);SuperNatural:(SN00269703)	3178496
5	1	N/A	-172.8680534375274	C13H18O3	[M + H]+	RRZQRPDFHNQSJD	InChI=1S/C13H18O3/c1-3-4-5-6-11-10(7-8-12(11)14)9-13(15)16-2/h4-5,7-8,10-11H,3,6,9H2,1-2H3	Methyl 4,5-didehydrojasmonate	CCC=CCC1C(C=CC1=O)CC(=O)OC	2.0	10977032;14311121;23653801;44562749;57057912;101715497;101417752;101942256;123307229	COCONUT:(CNP0246050);MeSH:(10977032 44562749);PubChem:(10977032 14311121 23653801 44562749 57057912 101715497 101417752 101942256 123307229);PubMed;KEGG Mine	8592031814
6	1	N/A	-179.77583675309037	C13H18O3	[M + H]+	MCHOUIJOPUPQRU	InChI=1S/C13H18O3/c1-8-2-3-9-6-11(9)7-10(13(15)16)4-5-12(8)14/h7,9,11-12,14H,1-6H2,(H,15,16)	null	C=C1CCC2CC2C=C(CCC1O)C(=O)O	2.27516532	""	COCONUT:(CNP0257540);Natural Products:(UNPD141850);SuperNatural:(SN00335116)	3178496
7	1	N/A	-183.15142156170816	C13H18O3	[M + H]+	IJMNXZHEDVWINS	InChI=1S/C13H18O3/c1-8(14)5-6-10-9(2)12(16)11(15)7-13(10,3)4/h5-6,11,15H,7H2,1-4H3	null	CC1=C(C(CC(C1=O)O)(C)C)C=CC(=O)C	1.29999995	57373253;71188513;71188518	COCONUT:(CNP0279890);PubChem:(57373253 71188513 71188518);YMDB Mine;MeSH:(71188513);PubMed;KEGG Mine	42951770182
8	1	N/A	-184.17897953829936	C13H18O3	[M + H]+	IFSIJANEHQYGIW	InChI=1S/C13H18O3/c1-7-3-4-9(13(15)16)5-11-8(2)12(14)6-10(7)11/h7,9-10H,3-6H2,1-2H3,(H,15,16)	null	CC1CCC(CC2=C(C(=O)CC12)C)C(=O)O	1.5	118711726	COCONUT:(CNP0389356);PubChem:(118711726);PubMed	2097218
9	1	N/A	-196.6678372634051	C13H18O3	[M + H]+	JVLXBFGSUGABQB	InChI=1S/C13H18O3/c1-8-10-7-9(12(15)16)3-5-13(10,2)6-4-11(8)14/h9H,3-7H2,1-2H3,(H,15,16)	null	CC1=C2CC(CCC2(CCC1=O)C)C(=O)O	2.25768757	""	COCONUT:(CNP0243435);Natural Products:(UNPD216090)	2129920
10	1	N/A	-202.23848145286058	C13H18O3	[M + H]+	HFAIHLSDLUYLQA	InChI=1S/C13H18O3/c1-9(8-14)7-11-3-5-12(6-4-11)10(2)13(15)16/h3-6,9-10,14H,7-8H2,1-2H3,(H,15,16)	3-Hydroxyibuprofen	CC(CC1=CC=C(C=C1)C(C)C(=O)O)CO	2.52544141	71312545;76959594;76959595;76959596;76959597	NORMAN:(NS00007757);HMDB:(60921);PubChem:(71312545 76959594 76959595 76959596 76959597);KEGG Mine;PubChem class - bio and metabolites	8606973962
11	1	N/A	-204.34867694918043	C13H18O3	[M + H]+	BRBTWQMWSVOGOW	InChI=1S/C13H18O3/c1-3-4-7-16-12-6-5-11(8-10(12)2)9-13(14)15/h5-6,8H,3-4,7,9H2,1-2H3,(H,14,15)	(p-Butoxy)-m-tolylacetic acid	CCCCOC1=C(C=C(C=C1)CC(=O)O)C	3.28177571	20675	PubChem:(20675);PubChem class - safety and toxic	67108866
12	1	N/A	-207.3789266710977	C13H18O3	[M + H]+	GSVPDLNMVPXACN	InChI=1S/C13H18O3/c1-9(2)7-10-3-5-11(6-4-10)12(8-14)13(15)16/h3-6,9,12,14H,7-8H2,1-2H3,(H,15,16)	3-hydroxy-2-[4-(2-methylpropyl)phenyl]propanoic Acid	CC(C)CC1=CC=C(C=C1)C(CO)C(=O)O	2.52544141	182443	HMDB:(140967);PubChem:(182443);KEGG Mine;PubChem class - bio and metabolites	8606711818
13	1	N/A	-208.67199374092016	C13H18O3	[M + H]+	IGHBTTFLXCRBGF	InChI=1S/C13H18O3/c1-10(2)9-16-12-6-3-11(4-7-12)5-8-13(14)15/h3-4,6-7,10H,5,8-9H2,1-2H3,(H,14,15)	3-(4-isobutoxyphenyl)propanoic acid	CC(C)COC1=CC=C(C=C1)CCC(=O)O	3.02803969	21432188	COCONUT:(CNP0032308 CNP0397899);PubChem:(21432188);SuperNatural:(SN00100584);ZINC bio:(ZINC36180883)	3153922
14	1	N/A	-208.86125253671025	C13H18O3	[M + H]+	AOHGTFWDXLJRRI	InChI=1S/C13H18O3/c1-8-6-11(7-9(2)13(8)16)10(3)12(15)4-5-14/h6-7,10,14,16H,4-5H2,1-3H3	null	CC1=CC(=CC(=C1O)C)C(C)C(=O)CCO	1.70000005	129882061	PubChem:(129882061);COCONUT:(CNP0355822)	2097154
15	1	N/A	-215.0114308438501	C13H18O3	[M + H]+	UJHKVYPPCJBOSG	InChI=1S/C13H18O3/c1-9(12(14)15)11-6-4-10(5-7-11)8-13(2,3)16/h4-7,9,16H,8H2,1-3H3,(H,14,15)	Ibuprofen OH	CC(C1=CC=C(C=C1)CC(C)(C)O)C(=O)O	2.53997302	10561224;12617415;10443535;29981596;57347707;74603253;76974694;91971580;131698899	HMDB:(60920);additional;MeSH:(10443535);PubMed;NORMAN:(NS00010626);COCONUT:(CNP0346806);PubChem:(10561224 12617415 10443535 29981596 57347707 74603253 76974694 91971580 131698899);CHEBI:(133197 133196);PubChem class - bio and metabolites;PubChem class - safety and toxic;Training Set;KEGG Mine	8676720750
16	1	N/A	-215.39177184598938	C13H18O3	[M + H]+	FZQRSWHPNZTNQQ	InChI=1S/C13H18O3/c1-13(2,3)10-8-9(4-6-11(10)14)5-7-12(15)16/h4,6,8,14H,5,7H2,1-3H3,(H,15,16)	3-(3-tert-Butyl-4-hydroxyphenyl)propionicacid	CC(C)(C)C1=C(C=CC(=C1)CCC(=O)O)O	3.0	5463779	NORMAN:(NS00006451);PubChem class - safety and toxic;PubChem:(5463779)	67371010
17	1	N/A	-219.49509106019886	C13H18O3	[M + H]+	ZTJLHJUAJSSADQ	InChI=1S/C13H18O3/c1-2-3-4-8-7-11(15)12-9(8)5-6-10(14)13(12)16/h4,10,13-14,16H,2-3,5-7H2,1H3	null	CCCC=C1CC(=O)C2=C1CCC(C2O)O	1.63180161	""	COCONUT:(CNP0090056);SuperNatural:(SN00161617)	3145728
18	1	N/A	-220.10322492807535	C13H18O3	[M + H]+	IJYNCBAHVKZWIQ	InChI=1S/C13H18O3/c1-9(2)12(8-13(14)15)10-4-6-11(16-3)7-5-10/h4-7,9,12H,8H2,1-3H3,(H,14,15)	3-(4-methoxyphenyl)-4-methylpentanoic acid	CC(C)C(CC(=O)O)C1=CC=C(C=C1)OC	2.79999995	906852;906853;3830544;7083021;7083022	COCONUT:(CNP0055855 CNP0373529);PubChem:(906852 906853 3830544 7083021 7083022);SuperNatural:(SN00070195 SN00070194);ZINC bio:(ZINC04043924 ZINC04043927)	3153922
19	1	N/A	-220.37553830459052	C13H18O3	[M + H]+	FQOBOQQCIMRBID	InChI=1S/C13H18O3/c1-9(2)10-3-5-11(6-4-10)12(14)7-8-13(15)16/h3-6,9,12,14H,7-8H2,1-2H3,(H,15,16)	4-hydroxy-4-(4-propan-2-ylphenyl)butanoic acid	CC(C)C1=CC=C(C=C1)C(CCC(=O)O)O	2.0999999	21526014	PubChem:(21526014);NORMAN:(NS00040786)	262146
20	1	N/A	-221.1684468521773	C13H18O3	[M + H]+	STDDZNFKTJFVDP	InChI=1S/C13H18O3/c1-9(14)10-4-5-12(15)11(8-10)6-7-13(2,3)16/h4-5,8,15-16H,6-7H2,1-3H3	Ethanone, 1-[4-hydroxy-3-(3-hydroxy-3-methylbutyl)phenyl]-	CC(=O)C1=CC(=C(C=C1)O)CCC(C)(C)O	1.79999995	14525314	COCONUT:(CNP0374711);Natural Products:(UNPD160504);PubChem:(14525314);SuperNatural:(SN00386791)	3178498
21	1	N/A	-221.7123723704214	C13H18O3	[M + H]+	AWFXQEZPCZDBIE	InChI=1S/C13H18O3/c1-8(2)6-13(16)11-7-10(9(3)14)4-5-12(11)15/h4-5,7-9,14-15H,6H2,1-3H3	null	CC(C)CC(=O)C1=C(C=CC(=C1)C(C)O)O	2.5999999	85526953	COCONUT:(CNP0310024);KNApSAcK:(22703);Natural Products:(UNPD67827);PubChem:(85526953);SuperNatural:(SN00319760)	3178514
22	1	N/A	-221.78694111812644	C13H18O3	[M + H]+	GYLAUURZVLOHNI	InChI=1S/C13H18O3/c1-16-12-9-7-11(8-10-12)5-3-2-4-6-13(14)15/h7-10H,2-6H2,1H3,(H,14,15)	6-(4-methoxyphenyl)hexanoic acid	COC1=CC=C(C=C1)CCCCCC(=O)O	3.26578522	12392952	PubChem:(12392952);PubChem class - safety and toxic	67108866
23	1	N/A	-227.71302002562837	C13H18O3	[M + H]+	YPSLFKSUZRYQTI	InChI=1S/C13H18O3/c1-10(9-14)13(15)8-5-11-3-6-12(16-2)7-4-11/h3-4,6-7,10,14H,5,8-9H2,1-2H3	null	CC(CO)C(=O)CCC1=CC=C(C=C1)OC	1.60000002	131836939	HMDB:(132943);PubChem:(131836939);PubChem class - bio and metabolites	16777226
24	1	N/A	-229.44903079954398	C13H18O3	[M + H]+	IEPLOMKGNGXJAW	InChI=1S/C13H18O3/c1-3-4-9-16-12-7-5-11(6-8-12)10-13(14)15-2/h5-8H,3-4,9-10H2,1-2H3	Ambap29056-06-2	CCCCOC1=CC=C(C=C1)CC(=O)OC	2.9000001	120122	NORMAN:(NS00028616);PubChem class - safety and toxic;PubChem:(120122)	67371010
25	1	N/A	-230.43361195246382	C13H18O3	[M + H]+	XOKNJGSBLIKARH	InChI=1S/C13H18O3/c1-10(2)13(15)9-16-12-5-3-11(4-6-12)7-8-14/h3-6,13-15H,1,7-9H2,2H3	Stachyline C	CC(=C)C(COC1=CC=C(C=C1)CCO)O	2.0999999	50993978	COCONUT:(CNP0169753);Natural Products:(UNPD83937);PubChem:(50993978);SuperNatural:(SN00255105);CHEBI:(70077);PubMed	3178594
26	1	N/A	-231.8552562237419	C13H18O3	[M + H]+	HAGKOYTUAINBNR	InChI=1S/C13H18O3/c1-9(2)7-12-8-11(13(15)16-12)6-4-5-10(3)14/h6-7,12H,4-5,8H2,1-3H3	Heteroplexisolide E	CC(=CC1CC(=CCCC(=O)C)C(=O)O1)C	2.0999999	44179793;102344485;139255406	COCONUT:(CNP0206050);KNApSAcK:(47454);Natural Products:(UNPD143064 UNPD209865);PubChem:(44179793 102344485 139255406);SuperNatural:(SN00312377);PubMed	3178578
27	1	N/A	-240.30908709430219	C13H18O3	[M + H]+	MAKGAZCLZFWBKC	InChI=1S/C13H18O3/c1-13(2,3)12(14)9-6-7-10(15-4)11(8-9)16-5/h6-8H,1-5H3	3'',4''-Dimethoxy-tert-butyrophenone	CC(C)(C)C(=O)C1=CC(=C(C=C1)OC)OC	3.04322767	34881	PubChem:(34881);PubChem class - safety and toxic	67108866
28	1	N/A	-240.68835723454268	C13H18O3	[M + H]+	RMOQYHYFRKTDRI	InChI=1S/C13H18O3/c1-8(2)12(14)11-6-4-10(5-7-11)9(3)13(15)16/h4-9,12,14H,1-3H3,(H,15,16)	1-Hydroxyibuprofen	CC(C)C(C1=CC=C(C=C1)C(C)C(=O)O)O	2.52874994	29981579;29981584;29981588;29981592;45117195	NORMAN:(NS00010293);HMDB:(60565);PubChem:(29981579 29981584 29981588 29981592 45117195);PubChem class - bio and metabolites;PubChem class - safety and toxic;PubMed;KEGG Mine	8674082890
29	1	N/A	-242.20916214097866	C13H18O3	[M + H]+	VJHFVKOUIXVKTH	InChI=1S/C13H18O3/c1-13(2,15)12(14)9-6-10-4-7-11(16-3)8-5-10/h4-5,7-8,15H,6,9H2,1-3H3	Oprea1_040924	CC(C)(C(=O)CCC1=CC=C(C=C1)OC)O	1.70000005	3297662	HMDB:(132945);PubChem:(3297662);PubChem class - bio and metabolites	16777226
30	1	N/A	-244.72466434961032	C13H18O3	[M + H]+	GWQJXYUIGNJSHB	InChI=1S/C13H18O3/c1-9(14)4-5-11-12(2,3)6-10(15)7-13(11)8-16-13/h4-5,11H,6-8H2,1-3H3	null	CC(=O)C=CC1C(CC(=O)CC12CO2)(C)C	0.600000024	10513228	COCONUT:(CNP0154217);Natural Products:(UNPD177673);PubChem:(10513228);SuperNatural:(SN00281840)	3178498
31	1	N/A	-244.7783667878119	C13H18O3	[M + H]+	ORAUFGIENZKKPP	InChI=1S/C13H18O3/c1-4-16-13(14)9-10(2)11-5-7-12(15-3)8-6-11/h5-8,10H,4,9H2,1-3H3	null	CCOC(=O)CC(C)C1=CC=C(C=C1)OC	2.70000005	12527400;70942564;101778471	PubChem:(12527400 70942564 101778471);PubChem class - safety and toxic	67108866
32	1	N/A	-246.21484769765365	C13H18O3	[M + H]+	UFWKGXSNLSLTRI	InChI=1S/C13H18O3/c1-5-9(2)13(14)10-6-7-11(15-3)12(8-10)16-4/h6-9H,5H2,1-4H3	3'',4''-Dimethoxy-2-methylbutyrophenone	CCC(C)C(=O)C1=CC(=C(C=C1)OC)OC	2.9000001	49092;124301431;124301432	PubChem:(49092 124301431 124301432);PubChem class - safety and toxic	67108866
33	1	N/A	-246.6563754420241	C13H18O3	[M + H]+	YVUDKWMRXUYYQI	InChI=1S/C13H18O3/c1-9(2)12(14)8-13(15)10-4-6-11(16-3)7-5-10/h4-7,9,13,15H,8H2,1-3H3	null	CC(C)C(=O)CC(C1=CC=C(C=C1)OC)O	1.70000005	101223503	HMDB:(132941);PubChem:(101223503);PubChem class - bio and metabolites	16777226
34	1	N/A	-250.04392399376505	C13H18O3	[M + H]+	PGXJZASUGQVGNJ	InChI=1S/C13H18O3/c1-3-4-5-16-12-7-10(2)6-11(8-12)9-13(14)15/h6-8H,3-5,9H2,1-2H3,(H,14,15)	5-Butoxy-m-tolylacetic acid	CCCCOC1=CC(=CC(=C1)CC(=O)O)C	3.0	39872	PubChem class - safety and toxic;PubChem:(39872);PubMed	67108930
35	1	N/A	-251.98648897416615	C13H18O3	[M + H]+	LVOLVIHDJLHIGG	InChI=1S/C13H18O3/c1-16-13(15)11-9-7-5-3-2-4-6-8-10-12-14/h3-6,8,10,12H,2,7,9,11H2,1H3	null	COC(=O)CCCC=CCC=CC=CC=O	2.81740093	""	COCONUT:(CNP0197244);Natural Products:(UNPD33720)	2129920
36	1	N/A	-252.349755008669	C13H18O3	[M + H]+	HMFYDQKPYBXSOE	InChI=1S/C13H18O3/c1-9(2)8-16-12-5-10(3)4-11(6-12)7-13(14)15/h4-6,9H,7-8H2,1-3H3,(H,14,15)	5-Isobutoxy-m-tolylacetic acid	CC1=CC(=CC(=C1)OCC(C)C)CC(=O)O	3.0999999	39873	PubChem class - safety and toxic;PubChem:(39873);PubMed	67108930
37	1	N/A	-255.14348293122063	C13H18O3	[M + H]+	CIFNXIGSXOOAEQ	InChI=1S/C13H18O3/c1-9(2)13(15)12(14)8-10-4-6-11(16-3)7-5-10/h4-7,9,12,14H,8H2,1-3H3	null	CC(C)C(=O)C(CC1=CC=C(C=C1)OC)O	2.29999995	131836940	HMDB:(132946);PubChem:(131836940);PubChem class - bio and metabolites	16777226
38	1	N/A	-257.48344252442786	C13H18O3	[M + H]+	KELRJXQJITUJOU	InChI=1S/C13H18O3/c1-3-4-5-6-7-11-9-16-13(15)12(11)8-10(2)14/h3-6,10,14H,7-9H2,1-2H3	2(5H)-Furanone, 4-(2E,4E)-2,4-hexadienyl-3-[(2S)-2-hydroxypropyl]-	CC=CC=CCC1=C(C(=O)OC1)CC(C)O	1.70000005	15719532;71341191;71351733;101558908	COCONUT:(CNP0160087);Natural Products:(UNPD171431 UNPD193148);PubChem:(15719532 71341191 71351733 101558908);SuperNatural:(SN00386285 SN00386140);MeSH:(15719532);PubMed	3178566
39	1	N/A	-258.9331245477751	C13H18O3	[M + H]+	SLNHMMCYWVZCLE	InChI=1S/C13H18O3/c1-9(2)7-12(15)13(16)8-10-3-5-11(14)6-4-10/h3-6,9,12,14-15H,7-8H2,1-2H3	null	CC(C)CC(C(=O)CC1=CC=C(C=C1)O)O	2.29999995	25135308	COCONUT:(CNP0174079);Natural Products:(UNPD215153);PubChem:(25135308);PubMed	2129986
40	1	N/A	-259.788186747974	C13H18O3	[M + H]+	XUFUYOGWFZSHGE	InChI=1S/C13H18O3/c1-7(2)9-5-10(8(3)4)12(14)11(6-9)13(15)16/h5-8,14H,1-4H3,(H,15,16)	ACMC-20ancn	CC(C)C1=CC(=C(C(=C1)C(=O)O)O)C(C)C	3.22202969	30543;54695751	NORMAN:(NS00027077);MeSH:(30543);PubChem class - safety and toxic;PubChem:(30543 54695751);PubMed	67371078
41	1	N/A	-261.4614473601639	C13H18O3	[M + H]+	PDQZSLQGPNGYIF	InChI=1S/C13H18O3/c1-3-5-11-7-4-6-10(2)13(11)16-9-12(15)8-14/h3-4,6-7,12,14-15H,1,5,8-9H2,2H3	3-(6-Allyl-o-tolyloxy)-1,2-propanediol	CC1=C(C(=CC=C1)CC=C)OCC(CO)O	2.0	3048393	PubChem:(3048393);PubChem class - safety and toxic	67108866
42	1	N/A	-262.4907521704148	C13H18O3	[M + H]+	ZPOGTLCICRJACI	InChI=1S/C13H18O3/c1-3-4-11-7-10(2)5-6-13(11)16-9-12(15)8-14/h3,5-7,12,14-15H,1,4,8-9H2,2H3	3-(2-Allyl-p-tolyloxy)-1,2-propanediol	CC1=CC(=C(C=C1)OCC(CO)O)CC=C	2.0	3048392	PubChem:(3048392);PubChem class - safety and toxic	67108866
43	1	N/A	-264.1771548924937	C13H18O3	[M + H]+	IHPFAGHGAJFPOT	InChI=1S/C13H18O3/c1-9(2)7-12(15)13(16)8-10-3-5-11(14)6-4-10/h3-6,9,13-14,16H,7-8H2,1-2H3	Hydroxysattabacin	CC(C)CC(=O)C(CC1=CC=C(C=C1)O)O	2.20000005	189899;46899653;132494420	COCONUT:(CNP0109697);Natural Products:(UNPD35331);PubChem:(189899 46899653 132494420);SuperNatural:(SN00336600);MeSH:(189899);PubMed	3178566
44	1	N/A	-264.3906280837668	C13H18O3	[M + H]+	GTCQVVDGRZVROE	InChI=1S/C13H18O3/c1-5-13(3,4)9-7-6-8(2)10(11(9)14)12(15)16/h6-7,14H,5H2,1-4H3,(H,15,16)	3-tert-Pentyl-2,6-cresotic acid	CCC(C)(C)C1=C(C(=C(C=C1)C)C(=O)O)O	4.19999981	30237	PubChem:(30237);PubChem class - safety and toxic	67108866
45	1	N/A	-270.56241010859304	C13H18O3	[M + H]+	YYOXJEOOELOSHT	InChI=1S/C13H18O3/c1-10(2)8-13(14)16-9-11-6-4-5-7-12(11)15-3/h4-7,10H,8-9H2,1-3H3	(Methoxyphenyl)methyl isovalerate	CC(C)CC(=O)OCC1=CC=CC=C1OC	2.98855543	3018188	PubChem:(3018188);NORMAN:(NS00061852)	262146
46	1	N/A	-272.4239701379457	C13H18O3	[M + H]+	CHGNHJANWFHRHG	InChI=1S/C13H18O3/c1-3-4-5-6-7-8-9-11-10(2)12(14)16-13(11)15/h8-9H,3-7H2,1-2H3	3-methyl-4-[(E)-oct-1-enyl]furan-2,5-dione	CCCCCCC=CC1=C(C(=O)OC1=O)C	3.9000001	11708371	COCONUT:(CNP0357523);PubChem:(11708371);PubMed	2097218
47	1	N/A	-273.1719273965364	C13H18O3	[M + H]+	XAOSSZOACCZAPC	InChI=1S/C13H18O3/c1-4-5-6-13(14)10-7-11(15-2)9-12(8-10)16-3/h7-9H,4-6H2,1-3H3	1-(3,5-dimethoxyphenyl)pentan-1-one	CCCCC(=O)C1=CC(=CC(=C1)OC)OC	2.9000001	219388	PubChem class - safety and toxic;PubChem:(219388);PubMed	67108930
48	1	N/A	-275.8329874384988	C13H18O3	[M + H]+	KQQXUARABJGCMS	InChI=1S/C13H18O3/c1-10(2)8-9-16-13(15)12(14)11-6-4-3-5-7-11/h3-7,10,12,14H,8-9H2,1-2H3	Atractyl	CC(C)CCOC(=O)C(C1=CC=CC=C1)O	2.79429555	95396;24884399;40152651	NORMAN:(NS00043819);PubChem class - safety and toxic;PubChem:(95396 24884399 40152651)	67371010
49	1	N/A	-276.952145961674	C13H18O3	[M + H]+	WYAZPCLFZZTVSP	InChI=1S/C13H18O3/c1-7(2)10-5-9(13(15)16)6-11(8(3)4)12(10)14/h5-8,14H,1-4H3,(H,15,16)	Propofol 4-Carboxylic Acid	CC(C)C1=CC(=CC(=C1O)C(C)C)C(=O)O	3.29999995	25972	PubChem:(25972);PubChem class - safety and toxic	67108866
50	1	N/A	-278.84553777541373	C13H18O3	[M + H]+	YAMFGBCNXUCDEQ	InChI=1S/C13H18O3/c1-2-3-4-5-6-13(16)10-7-11(14)9-12(15)8-10/h7-9,14-15H,2-6H2,1H3	1-(3,5-Dihydroxyphenyl)heptan-1''-one	CCCCCCC(=O)C1=CC(=CC(=C1)O)O	3.29999995	49778006	COCONUT:(CNP0357278);MeSH:(49778006);Natural Products:(UNPD127672);PubChem:(49778006);PubMed	2129990
51	1	N/A	-281.19154381538203	C13H18O3	[M + H]+	WUNCYYUGDLQEPH	InChI=1S/C13H18O3/c14-10-5-4-8-13(15)16-11-9-12-6-2-1-3-7-12/h1-3,6-7,14H,4-5,8-11H2	null	C1=CC=C(C=C1)CCOC(=O)CCCCO	2.72897506	24879477	COCONUT:(CNP0202563);KNApSAcK:(40014);Natural Products:(UNPD100156);PubChem:(24879477)	2129938
52	1	N/A	-284.84686384589946	C13H18O3	[M + H]+	RRADOGMUVWBEFW	InChI=1S/C13H18O3/c1-3-5-9-7-11(13(15)16)8-10(6-4-2)12(9)14/h7-8,14H,3-6H2,1-2H3,(H,15,16)	4-hydroxy-3,5-dipropylbenzoicacid	CCCC1=CC(=CC(=C1O)CCC)C(=O)O	3.79999995	57880	PubChem:(57880);PubChem class - safety and toxic	67108866
53	1	N/A	-286.9082758182464	C13H18O3	[M + H]+	LXKVZYGRRQYQRO	InChI=1S/C13H18O3/c1-11(2)8-9-15-13(14)10-16-12-6-4-3-5-7-12/h3-7,11H,8-10H2,1-2H3	Isoamyl phenoxyacetate	CC(C)CCOC(=O)COC1=CC=CC=C1	3.21180987	175215	PubChem:(175215);NORMAN:(NS00037415)	262146
54	1	N/A	-286.97558799010346	C13H18O3	[M + H]+	IZUFGEIDJGKEJU	InChI=1S/C13H18O3/c1-9(14)16-12-5-3-4-10-8-11(15)6-7-13(10,12)2/h8,12H,3-7H2,1-2H3	(8a-methyl-6-oxo-1,2,3,4,7,8-hexahydronaphthalen-1-yl) acetate	CC(=O)OC1CCCC2=CC(=O)CCC12C	1.5	317038;2752855;10704264;10922097;12492541	COCONUT:(CNP0115610);PubChem:(317038 2752855 10704264 10922097 12492541);SuperNatural:(SN00120175);ZINC bio:(ZINC01766520)	3153922
55	1	N/A	-287.0883390525847	C13H18O3	[M + H]+	MXSPXFPSWIKNOY	InChI=1S/C13H18O3/c1-5-6-11-7-8-12(13(9-11)15-4)16-10(2)14-3/h5,7-10H,1,6H2,2-4H3	4-Allyl-2,alpha-dimethoxyphenetole	CC(OC)OC1=C(C=C(C=C1)CC=C)OC	3.38300967	109222	PubChem:(109222);NORMAN:(NS00011941)	262146
56	1	N/A	-287.708741577406	C13H18O3	[M + H]+	FVMBSMBXEVMMGH	InChI=1S/C13H18O3/c1-10(2)8-9-16-13(14)11-4-6-12(15-3)7-5-11/h4-7,10H,8-9H2,1-3H3	Isopentyl p-anisate	CC(C)CCOC(=O)C1=CC=C(C=C1)OC	3.27613068	119709	NORMAN:(NS00050906);COCONUT:(CNP0002672);HMDB:(38894);PubChem:(119709);PubChem class - bio and metabolites	19136522
57	1	N/A	-290.4693609657899	C13H18O3	[M + H]+	VPPGKTFYMWNQDC	InChI=1S/C13H18O3/c1-4-10(8(2)3)13(16)9-5-6-11(14)12(15)7-9/h5-8,10,14-15H,4H2,1-3H3	3'',4''-Dihydroxy-2-ethyl-3-methylbutyrophenone	CCC(C(C)C)C(=O)C1=CC(=C(C=C1)O)O	3.0999999	49378;92169411;92169412	PubChem:(49378 92169411 92169412);PubChem class - safety and toxic	67108866
58	1	N/A	-291.2210569787546	C13H18O3	[M + H]+	KVCPPIKXRFZKCA	InChI=1S/C13H18O3/c1-3-5-9-7-10(6-4-2)12(14)11(8-9)13(15)16/h7-8,14H,3-6H2,1-2H3,(H,15,16)	3,5-Dipropylsalicylic acid	CCCC1=CC(=C(C(=C1)C(=O)O)O)CCC	3.66117311	3021947	PubChem:(3021947);PubChem class - safety and toxic	67108866
59	1	N/A	-291.9735959578524	C13H18O3	[M + H]+	LYMNQFZEIGCRGT	InChI=1S/C13H18O3/c1-9(14)4-5-11-12(2)6-10(15)7-13(11,3)16-8-12/h4-5,11H,6-8H2,1-3H3	null	CC(=O)C=CC1C2(CC(=O)CC1(OC2)C)C	0.400000006	24776721;101417753	COCONUT:(CNP0215152);HMDB:(32121);KNApSAcK:(35807);PubChem:(24776721 101417753);CHEBI:(143059);PubChem class - bio and metabolites;MeSH:(24776721 101417753);PubMed	18874494
60	1	N/A	-292.3038522392161	C13H18O3	[M + H]+	PGRPMFNLCROCLI	InChI=1S/C13H18O3/c1-7(2)9(4)10-6-5-8(3)11(12(10)14)13(15)16/h5-7,9,14H,1-4H3,(H,15,16)	3-(1,2-Dimethylpropyl)-2,6-cresotic acid	CC1=C(C(=C(C=C1)C(C)C(C)C)O)C(=O)O	3.9000001	30236	PubChem:(30236);PubChem class - safety and toxic	67108866
61	1	N/A	-293.1633374779244	C13H18O3	[M + H]+	WJCRKKDULZQKDB	InChI=1S/C13H18O3/c1-2-3-4-5-7-10-8-6-9-11(12(10)14)13(15)16/h6,8-9,14H,2-5,7H2,1H3,(H,15,16)	3-Hexylsalicylic acid	CCCCCCC1=C(C(=CC=C1)C(=O)O)O	3.62700891	153705	MeSH:(153705);PubChem:(153705);PubMed	70
62	1	N/A	-293.8060949905858	C13H18O3	[M + H]+	BUCYIZKIFHMFOW	InChI=1S/C13H18O3/c1-13(2,3)12(16)7-5-9-4-6-10(14)11(15)8-9/h4-8,12,14-16H,1-3H3	4-(4,4-Dimethyl-3-hydroxy-1-pentenyl)pyrocatechol	CC(C)(C)C(C=CC1=CC(=C(C=C1)O)O)O	2.46927714	3050518;6446800	PubChem:(3050518 6446800);PubChem class - safety and toxic	67108866
63	1	N/A	-294.59887413284093	C13H18O3	[M + H]+	NAQMCLGSTRGHTN	InChI=1S/C13H18O3/c1-11(2)8-4-6-12(11,3)10(15)13(8)7-5-9(14)16-13/h8H,4-7H2,1-3H3	4,7,7-trimethylspiro[bicyclo[2.2.1]heptane-2,5''-oxolane]-2'',3-dione	CC1(C2CCC1(C(=O)C23CCC(=O)O3)C)C	1.89999998	2750090;7053559;7053560;23309158;23309159;124768214	COCONUT:(CNP0061532);PubChem:(2750090 7053559 7053560 23309158 23309159 124768214);SuperNatural:(SN00123959 SN00123958);ZINC bio:(ZINC03845425 ZINC03845426)	3153922
64	1	N/A	-294.78670044527297	C13H18O3	[M + H]+	YZUZZKHORGLGEC	InChI=1S/C13H18O3/c1-11(2)10-13(14)16-9-8-15-12-6-4-3-5-7-12/h3-7,11H,8-10H2,1-2H3	2-Phenoxyethyl isovalerate	CC(C)CC(=O)OCCOC1=CC=CC=C1	3.0	93988	PubChem:(93988);NORMAN:(NS00033884)	262146
65	1	N/A	-294.8431482183028	C13H18O3	[M + H]+	GFQUNFKNQCUGEQ	InChI=1S/C13H18O3/c1-9(2)4-5-11-6-10(8-14)7-12(16-3)13(11)15/h4,6-7,14-15H,5,8H2,1-3H3	null	CC(=CCC1=C(C(=CC(=C1)CO)OC)O)C	2.5999999	10082279	COCONUT:(CNP0301293);Natural Products:(UNPD57354);PubChem:(10082279);SuperNatural:(SN00270416)	3178498
66	1	N/A	-296.8759210159413	C13H18O3	[M + H]+	TUSNBJKVOWVWDP	InChI=1S/C13H18O3/c1-4-5-6-7-11-9(2)13(8-12(11)15)16-10(3)14/h5-6,13H,4,7-8H2,1-3H3	null	CCC=CCC1=C(C(CC1=O)OC(=O)C)C	1.70000005	92036682	COCONUT:(CNP0154041);Natural Products:(UNPD177822);PubChem:(92036682);SuperNatural:(SN00317194)	3178498
67	1	N/A	-297.5838120470321	C13H18O3	[M + H]+	DGDRPKUDABZVDM	InChI=1S/C13H18O3/c1-8(2)11-7-12(15-5)9(3)6-13(11)16-10(4)14/h6-8H,1-5H3	null	CC1=CC(=C(C=C1OC)C(C)C)OC(=O)C	3.3975687	91514642	COCONUT:(CNP0376492);Natural Products:(UNPD4296);PubChem:(91514642);SuperNatural:(SN00388275);PubMed	3178562
68	1	N/A	-300.2624074139423	C13H18O3	[M + H]+	LFYMGSKZVOVUKZ	InChI=1S/C13H18O3/c1-3-15-13(16-4-2)12(14)10-11-8-6-5-7-9-11/h5-9,13H,3-4,10H2,1-2H3	1,1-Diethoxy-3-phenylacetone	CCOC(C(=O)CC1=CC=CC=C1)OCC	2.0999999	87992	PubChem:(87992);NORMAN:(NS00026282)	262146
69	1	N/A	-301.5356887071675	C13H18O3	[M + H]+	APEODKDQAWQDLW	InChI=1S/C13H18O3/c1-9(2)8-10-4-6-11(7-5-10)13(3,16)12(14)15/h4-7,9,16H,8H2,1-3H3,(H,14,15)	rac |A-Hydroxy Ibuprofen	CC(C)CC1=CC=C(C=C1)C(C)(C(=O)O)O	2.68376064	5228577;71587961;71587962	HMDB:(140966);PubChem:(5228577 71587961 71587962);KEGG Mine;PubChem class - bio and metabolites	8606711818
70	1	N/A	-303.3759662481305	C13H18O3	[M + H]+	UZRSFWUQUGFVBS	InChI=1S/C13H18O3/c1-5-16-11-8-9(13(2,3)4)6-7-10(11)12(14)15/h6-8H,5H2,1-4H3,(H,14,15)	4-(t-Butyl)-2-Ethoxy Benzoic Acid	CCOC1=C(C=CC(=C1)C(C)(C)C)C(=O)O	3.5	25417857;25417858	PubChem:(25417857 25417858);PubChem class - safety and toxic	67108866
71	1	N/A	-303.57405584962584	C13H18O3	[M + H]+	IWJQQZMMUFFRPH	InChI=1S/C13H18O3/c1-9(2)12-6-5-11(7-13(12)15-4)8-16-10(3)14/h5-7,9H,8H2,1-4H3	null	CC(C)C1=C(C=C(C=C1)COC(=O)C)OC	2.87893224	""	COCONUT:(CNP0154899);Natural Products:(UNPD177051)	2129920
72	1	N/A	-304.41962525115395	C13H18O3	[M + H]+	BWNAYTVXLQDCBB	InChI=1S/C13H18O3/c1-4-13(2,3)10-12(14)16-15-11-8-6-5-7-9-11/h5-9H,4,10H2,1-3H3	null	CCC(C)(C)CC(=O)OOC1=CC=CC=C1	4.19999981	92015572	PubChem:(92015572);NORMAN:(NS00040027)	262146
73	1	N/A	-307.1474613703146	C13H18O3	[M + H]+	CKJZJFCBROARQA	InChI=1S/C13H18O3/c1-9(2)5-6-10-7-11(14)8-12(15-3)13(10)16-4/h5,7-8,14H,6H2,1-4H3	null	CC(=CCC1=C(C(=CC(=C1)O)OC)OC)C	3.4000001	90734578	COCONUT:(CNP0132724);Natural Products:(UNPD122253);PubChem:(90734578);PubMed	2129986
74	1	N/A	-310.7571779226807	C13H18O3	[M + H]+	HBQUXMZZODHFMJ	InChI=1S/C13H18O3/c1-2-3-4-5-10-16-12-8-6-11(7-9-12)13(14)15/h6-9H,2-5,10H2,1H3,(H,14,15)	4-hexoxybenzoate	CCCCCCOC1=CC=C(C=C1)C(=O)O	3.53518653	1550431;70834	NORMAN:(NS00023709);COCONUT:(CNP0071075);PubChem:(1550431 70834);ZINC bio:(ZINC01646613);MeSH:(70834);PubChem class - safety and toxic;PubMed	69476422
75	1	N/A	-311.3811579128203	C13H18O3	[M + H]+	MUDMWQINEVWPNY	InChI=1S/C13H18O3/c1-4-16-9-5-6-11-7-8-12(14-2)13(10-11)15-3/h5-8,10H,4,9H2,1-3H3	null	CCOCC=CC1=CC(=C(C=C1)OC)OC	2.70460296	101417750	COCONUT:(CNP0237791);Natural Products:(UNPD110371);PubChem:(101417750);SuperNatural:(SN00283313)	3178498
76	1	N/A	-311.84795047446994	C13H18O3	[M + H]+	DLLRROVHIODGPI	InChI=1S/C13H18O3/c1-9(2)5-6-10-7-11(15-3)8-12(16-4)13(10)14/h5,7-8,14H,6H2,1-4H3	null	CC(=CCC1=C(C(=CC(=C1)OC)OC)O)C	3.4000001	91278665	COCONUT:(CNP0176948);Natural Products:(UNPD122862);PubChem:(91278665);PubMed	2129986
77	1	N/A	-312.0662888652469	C13H18O3	[M + H]+	OSYQUVFLQIPNCW	InChI=1S/C13H18O3/c1-8-9(2)15-10(3)16-13(8)11-6-4-5-7-12(11)14/h4-10,13-14H,1-3H3	Oprea1_122121	CC1C(OC(OC1C2=CC=CC=C2O)C)C	2.5999999	764119;3098041;7075032;6542699;6939684;11872128;11872129;11872130;25421170;98170311;98170312;124722075	COCONUT:(CNP0219720);PubChem:(764119 3098041 7075032 6542699 6939684 11872128 11872129 11872130 25421170 98170311 98170312 124722075);SuperNatural:(SN00066439 SN00044327 SN00066440 SN00066438);PubMed;ZINC bio:(ZINC00238648 ZINC04023710 ZINC04023711 ZINC04023712)	3153986
78	1	N/A	-312.2357370074141	C13H18O3	[M + H]+	ALEKBMQVKFWMOR	InChI=1S/C13H18O3/c1-2-3-7-10-15-13(14)11-16-12-8-5-4-6-9-12/h4-6,8-9H,2-3,7,10-11H2,1H3	Pentyl phenoxyacetate	CCCCCOC(=O)COC1=CC=CC=C1	3.5999999	3018520	PubChem:(3018520);NORMAN:(NS00059182)	262146
79	1	N/A	-313.8753253190764	C13H18O3	[M + H]+	UBCGVJPYIHKJRH	InChI=1S/C13H18O3/c1-2-3-4-5-6-10-7-11(9-14)13(16)8-12(10)15/h7-9,15-16H,2-6H2,1H3	Ambcb5156700	CCCCCCC1=CC(=C(C=C1O)O)C=O	4.19999981	37737	PubChem:(37737);PubChem class - safety and toxic	67108866
80	1	N/A	-314.85219574155474	C13H18O3	[M + H]+	KJTQBLYBOGNIRH	InChI=1S/C13H18O3/c1-3-8-16-12-9-4-5-11(15)13(9,2)7-6-10(12)14/h3,9,12H,1,4-8H2,2H3	(3aR,4R,7aS)-7a-methyl-4-prop-2-enoxy-2,3,3a,4,6,7-hexahydroindene-1,5-dione	CC12CCC(=O)C(C1CCC2=O)OCC=C	1.10000002	16043511;16043512;68457523;89042134;89047264	PubChem:(16043511 16043512 68457523 89042134 89047264);COCONUT:(CNP0219730)	2097154
81	1	N/A	-315.66089540196145	C13H18O3	[M + H]+	RBQBHFRDEHYTSY	InChI=1S/C13H18O3/c1-4-5-6-11(14)10-7-12(15)9(2)13(8-10)16-3/h7-8,15H,4-6H2,1-3H3	3-Methoxy-2-methyl-5-(1''-ketopentyl)phenol	CCCCC(=O)C1=CC(=C(C(=C1)OC)C)O	3.0	49778005	COCONUT:(CNP0317860);Natural Products:(UNPD204841);PubChem:(49778005);PubMed	2129986
82	1	N/A	-315.8556713627237	C13H18O3	[M + H]+	RWYFPZNSBWWHEI	InChI=1S/C13H18O3/c1-5-6-7-10-8-12(15-3)13(16-4)9-11(10)14-2/h6-9H,5H2,1-4H3	null	CCC=CC1=CC(=C(C=C1OC)OC)OC	3.24141312	12181191;85436098	COCONUT:(CNP0185724);Natural Products:(UNPD10182 UNPD217927);PubChem:(12181191 85436098)	2129922
83	1	N/A	-318.00126009354966	C13H18O3	[M + H]+	XTZCUMHDZXLQOU	InChI=1S/C13H18O3/c1-10(8-14)3-2-4-11-5-6-12-13(7-11)16-9-15-12/h5-7,10,14H,2-4,8-9H2,1H3	null	CC(CCCC1=CC2=C(C=C1)OCO2)CO	3.23952341	""	COCONUT:(CNP0384415);Natural Products:(UNPD18325);SuperNatural:(SN00248067)	3178496
84	1	N/A	-323.6704128115112	C13H18O3	[M + H]+	ABBXDXILOYVREI	InChI=1S/C13H18O3/c1-4-8-16-12-7-6-11(13(14)15)9(3)10(12)5-2/h6-7H,4-5,8H2,1-3H3,(H,14,15)	3-Ethyl-4-propoxy-o-toluic acid	CCCOC1=C(C(=C(C=C1)C(=O)O)C)CC	3.5	3021948	PubChem:(3021948);PubChem class - safety and toxic	67108866
85	1	N/A	-327.45320713326464	C13H18O3	[M + H]+	NCZFBVMGEJVRDI	InChI=1S/C13H18O3/c1-5-13(3,4)16-15-12(14)11-9-7-6-8-10(11)2/h6-9H,5H2,1-4H3	tert-Pentyl 2-methylperbenzoate	CCC(C)(C)OOC(=O)C1=CC=CC=C1C	3.95227695	116894	PubChem:(116894);NORMAN:(NS00037117)	262146
86	1	N/A	-327.5006947757896	C13H18O3	[M + H]+	DBFDSKSLTCMIPB	InChI=1S/C13H18O3/c1-13(2)15-10-12(16-13)9-14-8-11-6-4-3-5-7-11/h3-7,12H,8-10H2,1-2H3	3-Benzyl-1,2-isopropylidene-sn-glycerol	CC1(OCC(O1)COCC2=CC=CC=C2)C	1.79999995	85795;10878747;10944055	PubChem:(85795 10878747 10944055);NORMAN:(NS00051824)	262146
87	1	N/A	-328.10727215356997	C13H18O3	[M + H]+	GVCSYUPPGUVAPK	InChI=1S/C13H18O3/c1-3-5-8-16-12-7-6-11(10-14)9-13(12)15-4-2/h6-7,9-10H,3-5,8H2,1-2H3	CBMicro_019076	CCCCOC1=C(C=C(C=C1)C=O)OCC	3.31057811	1580153	NORMAN:(NS00002479);PubChem:(1580153);PubMed	262210
88	1	N/A	-331.7857292544405	C13H18O3	[M + H]+	RZEXIMRXKVYRLP	InChI=1S/C13H18O3/c1-2-3-6-10-9-13(12(15)11(10)14)7-4-5-8-16-13/h6,11-12,14-15H,4-5,7-9H2,1H3	(2Z,3R,4S)-2-but-2-ynylidene-6-oxaspiro[4.5]decane-3,4-diol	CC#CC=C1CC2(CCCCO2)C(C1O)O	0.5	15958468	PubChem:(15958468);COCONUT:(CNP0196318)	2097154
89	1	N/A	-331.84725203066114	C13H18O3	[M + H]+	DSXFEBWYDMBLBH	InChI=1S/C13H18O3/c1-7-5-11(14)13(15)10-4-8(2)12(16-3)6-9(7)10/h4,6-7,11,13-15H,5H2,1-3H3	null	CC1CC(C(C2=C1C=C(C(=C2)C)OC)O)O	1.5	10889493;71437888	COCONUT:(CNP0266344);KNApSAcK:(45658);Natural Products:(UNPD168826);PubChem:(10889493 71437888)	2129938
90	1	N/A	-336.9393621726034	C13H18O3	[M + H]+	MFZUIDJBSNXVGC	InChI=1S/C13H18O3/c1-8(2)5-6-10-9(3)11(14)7-12(16-4)13(10)15/h5,7,14-15H,6H2,1-4H3	null	CC1=C(C(=C(C=C1O)OC)O)CC=C(C)C	3.5	86583421	PubChem:(86583421);CHEBI:(84167)	34
91	1	N/A	-337.81100723538566	C13H18O3	[M + H]+	WBZAPDILHGGLRV	InChI=1S/C13H18O3/c1-4-6-10(2)16-13(14)11-7-5-8-12(9-11)15-3/h5,7-10H,4,6H2,1-3H3	pentan-2-yl 3-methoxybenzoate	CCCC(C)OC(=O)C1=CC(=CC=C1)OC	3.4000001	585301	COCONUT:(CNP0050705);PubChem:(585301);SuperNatural:(SN00135023 SN00135024);ZINC bio:(ZINC32173037 ZINC32173040)	3153922
92	1	N/A	-339.2407556300951	C13H18O3	[M + H]+	MWCRNCLOWPXRHM	InChI=1S/C13H18O3/c1-9(15)12-5-4-11-3-2-10(6-7-14)8-13(11)16-12/h2-3,8-9,12,14-15H,4-7H2,1H3	2H-1-Benzopyran-7-ethanol, 3,4-dihydro-2-(1-hydroxyethyl)-, (+)-	CC(C1CCC2=C(O1)C=C(C=C2)CCO)O	1.70000005	11506822	COCONUT:(CNP0116336);Natural Products:(UNPD5093);PubChem:(11506822);SuperNatural:(SN00292868)	3178498
93	1	N/A	-341.02611885959897	C13H18O3	[M + H]+	TYLMQMJLOUNOGK	InChI=1S/C13H18O3/c1-3-4-7-10-16-13(14)11-8-5-6-9-12(11)15-2/h5-6,8-9H,3-4,7,10H2,1-2H3	Pentyl o-anisate	CCCCCOC(=O)C1=CC=CC=C1OC	3.49570227	89799	PubChem:(89799);NORMAN:(NS00027243)	262146
94	1	N/A	-341.20167722538275	C13H18O3	[M + H]+	GRWDXUUVOJFLTC	InChI=1S/C13H18O3/c1-6-4-9-11(7(2)10(6)5-14)13(16)8(3)12(9)15/h4,8,12-16H,5H2,1-3H3	null	CC1C(C2=CC(=C(C(=C2C1O)C)CO)C)O	1.85946429	""	COCONUT:(CNP0177904);Natural Products:(UNPD216331)	2129920
95	1	N/A	-342.4006070711867	C13H18O3	[M + H]+	UUZIQXXDQOPJQU	InChI=1S/C13H18O3/c1-3-4-5-9-16-13(14)11-7-6-8-12(10-11)15-2/h6-8,10H,3-5,9H2,1-2H3	Pentyl 3-methoxybenzoate	CCCCCOC(=O)C1=CC(=CC=C1)OC	3.49570227	522650	COCONUT:(CNP0142994);PubChem:(522650);SuperNatural:(SN00135018);ZINC bio:(ZINC32155941)	3153922
96	1	N/A	-342.83667991038664	C13H18O3	[M + H]+	NMBQBIACXMPEQB	InChI=1S/C13H18O3/c1-2-3-9-15-10-11-16-13(14)12-7-5-4-6-8-12/h4-8H,2-3,9-11H2,1H3	2-Butoxyethyl benzoate	CCCCOCCOC(=O)C1=CC=CC=C1	2.95889211	79543	NORMAN:(NS00044017);PubChem class - safety and toxic;PubChem:(79543)	67371010
97	1	N/A	-343.2691027825547	C13H18O3	[M + H]+	CRJTVKZRDOEDRM	InChI=1S/C13H18O3/c1-10(14)4-2-3-5-11-6-7-12-13(8-11)16-9-15-12/h6-8,10,14H,2-5,9H2,1H3	moskachan C	CC(CCCCC1=CC2=C(C=C1)OCO2)O	3.46240354	44558951	COCONUT:(CNP0290135);Natural Products:(UNPD26406);PubChem:(44558951);SuperNatural:(SN00269914);PubMed	3178562
98	1	N/A	-345.6377756862301	C13H18O3	[M + H]+	GMXSKCYQYXMJFU	InChI=1S/C13H18O3/c1-2-13(8-14)9-15-12(16-10-13)11-6-4-3-5-7-11/h3-7,12,14H,2,8-10H2,1H3	5-Ethyl-2-phenyl-1,3-dioxane-5-methanol	CCC1(COC(OC1)C2=CC=CC=C2)CO	1.70000005	572214	NORMAN:(NS00051168);PubChem class - safety and toxic;PubChem:(572214)	67371010
99	1	N/A	-345.7584397821806	C13H18O3	[M + H]+	VVBBTBUELOAEDJ	InChI=1S/C13H18O3/c1-3-4-5-8-16-13(15)11-7-6-10(2)9-12(11)14/h6-7,9,14H,3-5,8H2,1-2H3	Pentyl 4-methylsalicylate	CCCCCOC(=O)C1=C(C=C(C=C1)C)O	3.56935096	3023704	PubChem:(3023704);NORMAN:(NS00040136)	262146
100	1	N/A	-348.5169038198009	C13H18O3	[M + H]+	DUKPKQFHJQGTGU	InChI=1S/C13H18O3/c1-2-3-4-7-10-16-13(15)11-8-5-6-9-12(11)14/h5-6,8-9,14H,2-4,7,10H2,1H3	Hexyl salicylate	CCCCCCOC(=O)C1=CC=CC=C1O	3.53518653	22629	HMDB:(61943);PubChem class - food;ZINC bio:(ZINC02034026);MeSH:(22629);PubMed;NORMAN:(NS00006672);COCONUT:(CNP0084718);PubChem:(22629);CHEBI:(88836);PubChem class - bio and metabolites;PubChem class - safety and toxic;KEGG Mine	8810405998
101	1	N/A	-355.7783295363021	C13H18O3	[M + H]+	QHVHSBUFOWIADJ	InChI=1S/C13H18O3/c1-2-3-4-5-6-7-8-13(15)9-10(14)11-12(13)16-11/h2-3,5-6,11-12,15H,4,7-9H2,1H3	Carbacerulenin	CC=CCC=CCCC1(CC(=O)C2C1O2)O	1.29999995	6438796;21074307;101635174	MeSH:(6438796);PubChem:(6438796 21074307 101635174);PubMed	70
102	1	N/A	-357.69259609636316	C13H18O3	[M + H]+	ULULAZKOCFNOIM	InChI=1S/C13H18O3/c1-2-3-4-5-10-16-13(15)11-6-8-12(14)9-7-11/h6-9,14H,2-5,10H2,1H3	Hexylparaben	CCCCCCOC(=O)C1=CC=C(C=C1)O	3.53518653	14127;131708668	COCONUT:(CNP0058720);PubChem:(14127 131708668);SuperNatural:(SN00002703);ZINC bio:(ZINC02023161);PubChem class - safety and toxic;PubMed	70262850
103	1	N/A	-357.89687038158934	C13H18O3	[M + H]+	HGXWGDPXIFBZIA	InChI=1S/C13H18O3/c1-6-2-10(15-5-7-4-14-7)8(1)9-3-11-13(16-11)12(6)9/h6-13H,1-5H2	Octahydro-4-(oxiranylmethoxy)-2,5-methano-2H-indeno(1,2-b)oxirene	C1C2CC(C1C3C2C4C(C3)O4)OCC5CO5	1.0	102927	PubChem:(102927);NORMAN:(NS00047783)	262146
104	1	N/A	-359.9856167701266	C13H18O3	[M + H]+	CRHGSXZRDVJBLL	InChI=1S/C13H18O3/c1-10(2)15-12(14)13(3,4)16-11-8-6-5-7-9-11/h5-10H,1-4H3	Isopropyl 2-phenoxyisobutyrate	CC(C)OC(=O)C(C)(C)OC1=CC=CC=C1	3.20000005	3018349	NORMAN:(NS00062711);PubChem:(3018349);KEGG Mine	8590196738
105	1	N/A	-361.17198163073016	C13H18O3	[M + H]+	NJBGVARMYOOVSX	InChI=1S/C13H18O3/c1-6-2-10(15-5-7-4-14-7)9(1)12-8(6)3-11-13(12)16-11/h6-13H,1-5H2	1,2-Epoxy-6-(2,3-epoxypropoxy)hexahydro-4,7-methanoindan	C1C2CC(C1C3C2CC4C3O4)OCC5CO5	1.0	107163	PubChem:(107163);NORMAN:(NS00048055)	262146
106	1	N/A	-364.10220210550256	C13H18O3	[M + H]+	DNBAMFVZAKANOE	InChI=1S/C13H18O3/c1-7-6-8(2)10(4)12(9(7)3)16-11(5)13(14)15/h6,11H,1-5H3,(H,14,15)	2-(2,3,5,6-tetramethylphenoxy)propanoic acid	CC1=CC(=C(C(=C1C)OC(C)C(=O)O)C)C	3.29999995	3055453	PubChem:(3055453);PubChem class - safety and toxic	67108866
107	1	N/A	-366.57807828890986	C13H18O3	[M + H]+	DKDKCSYKDZNMMA	InChI=1S/C13H18O3/c1-2-11(14)16-13-6-9-3-10(7-13)5-12(15,4-9)8-13/h2,9-10,15H,1,3-8H2	3-Hydroxyadamantan-1-yl acrylate	C=CC(=O)OC12CC3CC(C1)CC(C3)(C2)O	2.0	11481456;22228790;98044755;98044756	PubChem class - safety and toxic;PubChem:(11481456 22228790 98044755 98044756);PubMed	67108930
108	1	N/A	-367.5326785029533	C13H18O3	[M + H]+	AAZPNFRKNXUPHX	InChI=1S/C13H18O3/c1-2-11(14)10-5-6-12-13(9-10)16-8-4-3-7-15-12/h5-6,9,11,14H,2-4,7-8H2,1H3	1-(2,3,4,5-tetrahydro-1,6-benzodioxocin-8-yl)propan-1-ol	CCC(C1=CC2=C(C=C1)OCCCCO2)O	2.4000001	3071491	PubChem:(3071491);PubChem class - safety and toxic	67108866
109	1	N/A	-374.27532503204054	C13H18O3	[M + H]+	KTXOHEGYWWVREA	InChI=1S/C13H18O3/c1-5-9(2)6-7-11-10(3)12(15-4)8-13(14)16-11/h6-9H,5H2,1-4H3	Placidene C	CCC(C)C=CC1=C(C(=CC(=O)O1)OC)C	2.70000005	11481458	COCONUT:(CNP0221759);KNApSAcK:(45008);Natural Products:(UNPD218242 UNPD119204);PubChem:(11481458);SuperNatural:(SN00232416);PubMed	3178578
110	1	N/A	-374.5683602931572	C13H18O3	[M + H]+	YRQZONGPMRIGCN	InChI=1S/C13H18O3/c1-9-5-6-10(11(14)7-9)13(4)8-15-12(2,3)16-13/h5-7,14H,8H2,1-4H3	Phenol, 5-methyl-2-(2,2,4-trimethyl-1,3-dioxolan-4-yl)-	CC1=CC(=C(C=C1)C2(COC(O2)(C)C)C)O	2.0999999	11701340	COCONUT:(CNP0284090);Natural Products:(UNPD138669);PubChem:(11701340);SuperNatural:(SN00266469)	3178498
111	1	N/A	-379.86404530698405	C13H18O3	[M + H]+	WTRULDHVZHPDHC	InChI=1S/C13H18O3/c1-2-8-13(11-6-4-3-5-7-11)15-10-12(9-14)16-13/h3-7,12,14H,2,8-10H2,1H3	2-Phenyl-2-propyl-1,3-dioxolane-4-methanol	CCCC1(OCC(O1)CO)C2=CC=CC=C2	1.79999995	20397;92160718;92160719;92160720;92160721	PubChem:(20397 92160718 92160719 92160720 92160721);PubChem class - safety and toxic	67108866
112	1	N/A	-380.9544930665256	C13H18O3	[M + H]+	WDGGYGTUDYNFNV	InChI=1S/C13H18O3/c1-6-9(4)16-5-10-11(6)7(2)12(14)8(3)13(10)15/h6,9,14-15H,5H2,1-4H3	null	CC1C(OCC2=C(C(=C(C(=C12)C)O)C)O)C	2.4000001	102177149;129882493	COCONUT:(CNP0184386);Natural Products:(UNPD25376);PubChem:(102177149 129882493);SuperNatural:(SN00276527)	3178498
113	1	N/A	-382.5739562342605	C13H18O3	[M + H]+	AHBRRAXTNYHHPH	InChI=1S/C13H18O3/c14-8-11(15)9-16-13-7-3-5-10-4-1-2-6-12(10)13/h3,5,7,11,14-15H,1-2,4,6,8-9H2	alpha-Tnp	C1CCC2=C(C1)C=CC=C2OCC(CO)O	2.0	115619;134966383	PubChem:(115619 134966383);PubChem class - safety and toxic	67108866
114	1	N/A	-383.3548542839414	C13H18O3	[M + H]+	RQKDNQXTAVOGPU	InChI=1S/C13H18O3/c14-8-12(15)9-16-13-6-5-10-3-1-2-4-11(10)7-13/h5-7,12,14-15H,1-4,8-9H2	beta-Tnp	C1CCC2=C(C1)C=CC(=C2)OCC(CO)O	2.0	115620	PubChem:(115620);PubChem class - safety and toxic	67108866
115	1	N/A	-389.92027371523045	C13H18O3	[M + H]+	KGMMJESOAYRZIK	InChI=1S/C13H18O3/c1-5-6-7-9(2)11-8-12(15-4)10(3)13(14)16-11/h7-8H,5-6H2,1-4H3	null	CCCC=C(C)C1=CC(=C(C(=O)O1)C)OC	3.5	71466667	COCONUT:(CNP0104190);Natural Products:(UNPD78527);PubChem:(71466667)	2129922
116	1	N/A	-400.2742552490889	C13H18O3	[M + H]+	KOQRMAQGZJRISQ	InChI=1S/C13H18O3/c1-8(2)6-9(3)11-7-12(15-5)10(4)13(14)16-11/h6-8H,1-5H3	null	CC1=C(C=C(OC1=O)C(=CC(C)C)C)OC	3.15967989	""	COCONUT:(CNP0211128);Natural Products:(UNPD79150)	2129920
117	1	N/A	-404.31516266206575	C13H18O3	[M + H]+	JEGPYDCSZAKUGS	InChI=1S/C13H18O3/c1-7(14)8-5-10-12(2,3)6-9-11(15-9)13(10,4)16-8/h5,8-9,11H,6H2,1-4H3	1-(3,3,6a-trimethyl-1a,2,5,6b-tetrahydrooxireno[2,3-g][1]benzofuran-5-yl)ethanone	CC(=O)C1C=C2C(CC3C(C2(O1)C)O3)(C)C	1.10000002	565764	PubChem:(565764);NORMAN:(NS00010806)	262146
118	1	N/A	-404.4524622075811	C13H18O3	[M + H]+	CEEFMWMCLOFOPY	InChI=1S/C13H18O3/c1-6-7(2)13-11(8(3)12(6)14)9(4)15-10(5)16-13/h9-10,14H,1-5H3	4H-1,3-Benzodioxin-6-ol, 2,4,5,7,8-pentamethyl-	CC1C2=C(C(=C(C(=C2C)O)C)C)OC(O1)C	3.0	12114574;10036492;10955159;11031627;11665735;11064202;10353502	MeSH:(10955159);PubChem:(12114574 10036492 10955159 11031627 11665735 11064202 10353502);PubMed	70
1	1	0.3296801356179055	-50.349731821147735	C13H20O4	[M - H2O + H]+	IQDBNCDDNJCNDB	InChI=1S/C13H20O4/c1-2-3-4-5-6-7-8-11(13(16)17)9-10-12(14)15/h2,9H,1,3-8,10H2,(H,14,15)(H,16,17)	null	C=CCCCCCCC(=CCC(=O)O)C(=O)O	3.29999995	125416081	COCONUT:(CNP0288910);Training Set;PubChem:(125416081)	2113538
2	1	N/A	-66.32092008696468	C13H20O4	[M - H2O + H]+	NNKOXHKCIDFKIK	InChI=1S/C13H20O4/c1-2-3-4-5-6-7-11(10-13(16)17)8-9-12(14)15/h4-7,11H,2-3,8-10H2,1H3,(H,14,15)(H,16,17)	null	CCCC=CC=CC(CCC(=O)O)CC(=O)O	2.29999995	100625027;100625041;102571693	COCONUT:(CNP0092409);Training Set;PubChem:(100625027 100625041 102571693)	2113538
3	1	N/A	-72.72526188714211	C13H20O4	[M - H2O + H]+	SGRLVTREURDUFS	InChI=1S/C13H20O4/c14-12(15)10-8-6-4-2-1-3-5-7-9-11-13(16)17/h4,6,8,10H,1-3,5,7,9,11H2,(H,14,15)(H,16,17)	null	C(CCCC=CC=CC(=O)O)CCCC(=O)O	2.99807286	87405111;100963827;123908252	COCONUT:(CNP0087001);PubChem:(87405111 100963827 123908252);KEGG Mine	8592031746
4	1	N/A	-105.110972487484	C13H20O4	[M - H2O + H]+	YLEVHHRYPWRIQH	InChI=1S/C13H20O4/c1-8(14)4-5-11-10(12(16)17)6-9(15)7-13(11,2)3/h6,8,11,14H,4-5,7H2,1-3H3,(H,16,17)	null	CC(CCC1C(=CC(=O)CC1(C)C)C(=O)O)O	1.82345891	""	COCONUT:(CNP0242077);Natural Products:(UNPD172972);SuperNatural:(SN00282018)	3178496
5	1	N/A	-149.92766795617405	C13H20O4	[M - H2O + H]+	WNGDGLDJIWDQAB	InChI=1S/C13H20O4/c1-10(2)12(14)16-8-6-5-7-9-17-13(15)11(3)4/h1,3,5-9H2,2,4H3	1,5-Pentane dimethacrylate	CC(=C)C(=O)OCCCCCOC(=O)C(=C)C	3.14127111	83645	PubChem:(83645);NORMAN:(NS00052628)	262146
6	1	N/A	-153.96440903836424	C13H20O4	[M - H2O + H]+	YBLZFSKXSXBQKF	InChI=1S/C13H20O4/c1-5-16-12(14)10(3)8-7-9-11(4)13(15)17-6-2/h3-9H2,1-2H3	Diethyl 2,6-dimethyleneheptanedioate	CCOC(=O)C(=C)CCCC(=C)C(=O)OCC	3.0	3017946	PubChem:(3017946);NORMAN:(NS00063222)	262146
7	1	N/A	-159.2775031617439	C13H20O4	[M - H2O + H]+	XCZTYYQNVNLGKI	InChI=1S/C13H20O4/c1-17-13(16)9-10-6-7-12(15)11(10)5-3-2-4-8-14/h2-3,10-11,14H,4-9H2,1H3	methyl 2,2-dideuterio-2-[(1R,2R)-2-[(Z)-5-hydroxypent-2-enyl]-3-oxocyclopentyl]acetate	COC(=O)CC1CCC(=O)C1CC=CCCO	0.699999988	11514256;10922661;10933608;21344800;59872904;72990853;101006119;100935171	COCONUT:(CNP0365276);Natural Products:(UNPD126368);PubChem:(11514256 10922661 10933608 21344800 59872904 72990853 101006119 100935171);SuperNatural:(SN00386186);CHEBI:(133219);KEGG Mine	8593113122
8	1	N/A	-163.27304922784975	C13H20O4	[M - H2O + H]+	AQBDNVSAYLLLQP	InChI=1S/C13H20O4/c1-3-5-10(14)11(15)6-4-7-12-9(2)8-13(16)17-12/h4,6,9-10,12,14H,3,5,7-8H2,1-2H3	null	CCCC(C(=O)C=CCC1C(CC(=O)O1)C)O	1.79999995	11064514	COCONUT:(CNP0222295);Natural Products:(UNPD108976);PubChem:(11064514);SuperNatural:(SN00275435)	3178498
9	1	N/A	-164.2606910128729	C13H20O4	[M - H2O + H]+	GOQLCVGOWFSGPF	InChI=1S/C13H20O4/c1-5-6-7-8-9-11(13(15)17-4)10(2)12(14)16-3/h8-9H,5-7H2,1-4H3	null	CCCCC=CC(=C(C)C(=O)OC)C(=O)OC	3.0999999	101391915	COCONUT:(CNP0218662);Natural Products:(UNPD20922);PubChem:(101391915);SuperNatural:(SN00340599)	3178498
10	1	N/A	-179.46446612115176	C13H20O4	[M - H2O + H]+	QNHUKXZHEMSPPA	InChI=1S/C13H20O4/c1-2-3-4-5-6-7-9-8-10(14)12(15)11(9)13(16)17/h4-7,9-12,14-15H,2-3,8H2,1H3,(H,16,17)	null	CCCC=CC=CC1CC(C(C1C(=O)O)O)O	2.0	23986026;38349433;51693043;124893144;124893145	COCONUT:(CNP0069059 CNP0087357);Training Set;PubChem:(23986026 38349433 51693043 124893144 124893145);SuperNatural:(SN00032852 SN00032849 SN00032851 SN00032850);ZINC bio:(ZINC35455625 ZINC35455628 ZINC35455632 ZINC35455637)	3170306
11	1	N/A	-182.08677526601628	C13H20O4	[M - H2O + H]+	ULQMPOIOSDXIGC	InChI=1S/C13H20O4/c1-9(2)11(14)16-7-13(5,6)8-17-12(15)10(3)4/h1,3,7-8H2,2,4-6H3	Neopentanediol dimethacrylate	CC(=C)C(=O)OCC(C)(C)COC(=O)C(=C)C	3.0999999	16135	NORMAN:(NS00021812);PubChem class - safety and toxic;PubChem:(16135)	67371010
12	1	N/A	-186.62174653259422	C13H20O4	[M - H2O + H]+	MPZSMSYBWHBMJE	InChI=1S/C13H20O4/c1-3-12(15)11-8-10(4-5-13(11)16)6-7-17-9(2)14/h4-7,10-13,15-16H,3,8H2,1-2H3	null	CCC(C1CC(C=CC1O)C=COC(=O)C)O	1.63929546	""	COCONUT:(CNP0125155);SuperNatural:(SN00163903)	3145728
13	1	N/A	-187.0055901995465	C13H20O4	[M - H2O + H]+	PTOAZNZPJAHUEF	InChI=1S/C13H20O4/c1-13-7-6-10(14)8(2-5-12(16)17)9(13)3-4-11(13)15/h8-10,14H,2-7H2,1H3,(H,16,17)	3-(5-hydroxy-7a-methyl-1-oxo-3,3a,4,5,6,7-hexahydro-2H-inden-4-yl)propanoic acid	CC12CCC(C(C1CCC2=O)CCC(=O)O)O	0.699999988	12851434;66615224;86290214;86290215	COCONUT:(CNP0253865);PubChem:(12851434 66615224 86290214 86290215);CHEBI:(84579 83736);PubMed;Biocyc:(CPD-13761);KEGG Mine	8592033890
14	1	N/A	-189.5452759704138	C13H20O4	[M - H2O + H]+	NRJBCHONNAYGLK	InChI=1S/C13H20O4/c1-8-12-10(15)7-6-9(14)4-2-3-5-11(12)17-13(8)16/h3,5,8-12,14-15H,2,4,6-7H2,1H3	null	CC1C2C(CCC(CCC=CC2OC1=O)O)O	1.65433478	""	COCONUT:(CNP0239152)	2097152
15	1	N/A	-191.43104202736762	C13H20O4	[M - H2O + H]+	LYUUVYQGUMRKOV	InChI=1S/C13H20O4/c1-5-9-13(10-6-2,11(14)16-7-3)12(15)17-8-4/h5-6H,1-2,7-10H2,3-4H3	Diethyl diallylmalonate	CCOC(=O)C(CC=C)(CC=C)C(=O)OCC	2.9000001	76664;101524920;101524921	NORMAN:(NS00005030);PubChem:(76664 101524920 101524921);MeSH:(76664);PubChem class - safety and toxic;Training Set;PubMed	67387462
16	1	N/A	-199.52873291900585	C13H20O4	[M - H2O + H]+	BMTLPJXRTRRHHH	InChI=1S/C13H20O4/c1-4-11(14)9(2)7-5-6-8-12(15)10(3)13(16)17/h5-11,14H,4H2,1-3H3,(H,16,17)	null	CCC(C(C)C=CC=CC(=O)C(C)C(=O)O)O	2.20000005	14447728	COCONUT:(CNP0232092);Natural Products:(UNPD153587);PubChem:(14447728);SuperNatural:(SN00228580)	3178498
17	1	N/A	-201.96009410439376	C13H20O4	[M - H2O + H]+	KHZYVDMXHPCLDU	InChI=1S/C13H20O4/c1-3-16-11(14)13(12(15)17-4-2)9-7-5-6-8-10(9)13/h9-10H,3-8H2,1-2H3	diethyl bicyclo[4.1.0]heptane-7,7-dicarboxylate	CCOC(=O)C1(C2C1CCCC2)C(=O)OCC	3.0	2755610;7057610;11869174;98100294	COCONUT:(CNP0033197);PubChem:(2755610 7057610 11869174 98100294);SuperNatural:(SN00133962);ZINC bio:(ZINC17783781)	3153922
18	1	N/A	-206.70108234506827	C13H20O4	[M - H2O + H]+	MATCXQMBPPFUJB	InChI=1S/C13H20O4/c1-9(2)5-4-6-12(14)16-7-11-8-17-13(15)10(11)3/h9,11H,3-8H2,1-2H3	Cedarmycin A	CC(C)CCCC(=O)OCC1COC(=O)C1=C	2.5999999	488002;132989925	COCONUT:(CNP0134738);MeSH:(488002);Natural Products:(UNPD172319);PubChem:(488002 132989925);PubMed	2129990
19	1	N/A	-208.56592940204843	C13H20O4	[M - H2O + H]+	KVPHZILZNXDCNH	InChI=1S/C13H20O4/c14-6-7-15-8-9-16-10-11-17-12-13-4-2-1-3-5-13/h1-5,14H,6-12H2	Triethyleneglycolmonobenzylether	C1=CC=C(C=C1)COCCOCCOCCO	0.600000024	2737322	PubChem:(2737322);PubChem class - safety and toxic	67108866
20	1	N/A	-210.4093030170689	C13H20O4	[M - H2O + H]+	YJWTWVLTCKLKJR	InChI=1S/C13H20O4/c1-2-3-8-16-12-6-4-5-7-13(12)17-10-11(15)9-14/h4-7,11,14-15H,2-3,8-10H2,1H3	3-(2-butoxyphenoxy)propane-1,2-diol	CCCCOC1=CC=CC=C1OCC(CO)O	2.15065861	113928	PubChem:(113928);PubChem class - safety and toxic	67108866
21	1	N/A	-215.22815447324544	C13H20O4	[M - H2O + H]+	SKHUKWVSAJYGKW	InChI=1S/C13H20O4/c1-11(2)8-4-6-12(11,3)10(16)13(8,17)7-5-9(14)15/h8,17H,4-7H2,1-3H3,(H,14,15)	3-(2-hydroxy-4,7,7-trimethyl-3-oxo-2-bicyclo[2.2.1]heptanyl)propanoate	CC1(C2CCC1(C(=O)C2(CCC(=O)O)O)C)C	1.10000002	2750130;4326655;7053578;7053579;7053580;7053581;23309168;23309169;23309170;23309171;92448452	COCONUT:(CNP0263817);PubChem:(2750130 4326655 7053578 7053579 7053580 7053581 23309168 23309169 23309170 23309171 92448452);SuperNatural:(SN00135824 SN00135823);ZINC bio:(ZINC39738107 ZINC39738108)	3153922
22	1	N/A	-235.13043517435582	C13H20O4	[M - H2O + H]+	IWEITFZDFBXDKK	InChI=1S/C13H20O4/c1-8-6-9(14)7-13(2,3)10(8)4-5-11(15)12(16)17/h4-5,8,10-11,15H,6-7H2,1-3H3,(H,16,17)	null	CC1CC(=O)CC(C1C=CC(C(=O)O)O)(C)C	1.29999995	102338783;132573135	MeSH:(132573135);PubChem:(102338783 132573135);PubMed	70
23	1	N/A	-239.84130695547094	C13H20O4	[M - H2O + H]+	GYNBJTQSZUKTMJ	InChI=1S/C13H20O4/c1-3-4-5-6-7-9-11-10(13(15)16-9)8(2)12(14)17-11/h8-11H,3-7H2,1-2H3	null	CCCCCCC1C2C(C(C(=O)O2)C)C(=O)O1	3.0	10444311;101515910	COCONUT:(CNP0277952);Natural Products:(UNPD56041);PubChem:(10444311 101515910);SuperNatural:(SN00334786)	3178498
24	1	N/A	-241.3890169278059	C13H20O4	[M - H2O + H]+	TZSUTYGFBYSHBU	InChI=1S/C13H20O4/c1-3-5-7-11-13(16)9(8-17-11)12(15)10(14)6-4-2/h3-7,9-16H,1,8H2,2H3	null	CC=CC(C(C1COC(C1O)C=CC=C)O)O	0.702290714	""	COCONUT:(CNP0087350)	2097152
25	1	N/A	-244.7030622251359	C13H20O4	[M - H2O + H]+	JVSQQABVJDYESD	InChI=1S/C13H20O4/c1-2-3-4-5-10-9-17-12(13(10)16)7-6-11(15)8-14/h2-7,10-16H,8-9H2,1H3	null	CC=CC=CC1COC(C1O)C=CC(CO)O	0.615637243	""	COCONUT:(CNP0383334);SuperNatural:(SN00029204 SN00029207 SN00029206 SN00029205)	3145728
26	1	N/A	-250.5856859263293	C13H20O4	[M - H2O + H]+	UOBYXVHBYDUQMN	InChI=1S/C13H20O4/c1-3-13(2,16)11(14)7-5-4-6-10-8-9-12(15)17-10/h8-10,16H,3-7H2,1-2H3	null	CCC(C)(C(=O)CCCCC1C=CC(=O)O1)O	1.39999998	56833588;56834569;56834656;129320493	COCONUT:(CNP0246240);PubChem:(56833588 56834569 56834656 129320493);Biocyc:(CPD-19905)	2099202
27	1	N/A	-257.8522132050635	C13H20O4	[M - H2O + H]+	MWCWSNFYKUOQRB	InChI=1S/C13H20O4/c1-9-11(14)8-10(17-12(9)15)6-4-5-7-13(2,3)16/h8,14,16H,4-7H2,1-3H3	null	CC1=C(C=C(OC1=O)CCCCC(C)(C)O)O	1.79999995	72947855	COCONUT:(CNP0351406);PubChem:(72947855);PubMed	2097218
28	1	N/A	-258.2237341230351	C13H20O4	[M - H2O + H]+	ATRYNTYJVRXRKI	InChI=1S/C13H20O4/c1-7(2)16-12(15)10-8(3)5-13(4)6-9(10)11(14)17-13/h7-10H,5-6H2,1-4H3	propan-2-yl 3,5-dimethyl-7-oxo-6-oxabicyclo[3.2.1]octane-2-carboxylate	CC1CC2(CC(C1C(=O)OC(C)C)C(=O)O2)C	2.0	1764500;792884;933342;933343;933345;1381785;2827404;7427637;11903677;16396777;50897822;50898109;50898110;50898111;131665294	COCONUT:(CNP0366714);PubChem:(1764500 792884 933342 933343 933345 1381785 2827404 7427637 11903677 16396777 50897822 50898109 50898110 50898111 131665294);SuperNatural:(SN00047812 SN00047813);ZINC bio:(ZINC00526177 ZINC00526179)	3153922
29	1	N/A	-258.4413402940303	C13H20O4	[M - H2O + H]+	CNLCQYMRNGWEJB	InChI=1S/C13H20O4/c1-9-6-11(16)7-12(2,3)13(9,17)5-4-10(15)8-14/h4-6,10,14-15,17H,7-8H2,1-3H3	null	CC1=CC(=O)CC(C1(C=CC(CO)O)O)(C)C	-0.5	16105430;101458721;124222269;133561757	COCONUT:(CNP0320754);KNApSAcK:(30026);Natural Products:(UNPD81819);PubChem:(16105430 101458721 124222269 133561757);SuperNatural:(SN00233964);KEGG Mine	8593113106
30	1	N/A	-260.8509996005248	C13H20O4	[M - H2O + H]+	ROVXFNGQIBRIQW	InChI=1S/C13H20O4/c1-8(2)6-9-10(14)7-11(15-3)13(17-5)12(9)16-4/h7-8,14H,6H2,1-5H3	null	CC(C)CC1=C(C(=C(C=C1O)OC)OC)OC	3.0999999	11160802	COCONUT:(CNP0220080);Natural Products:(UNPD122834);PubChem:(11160802)	2129922
31	1	N/A	-267.4592125338073	C13H20O4	[M - H2O + H]+	VFRXORHDSSTODU	InChI=1S/C13H20O4/c1-6-11(5)13(15)17-8-10(4)7-16-12(14)9(2)3/h6,9H,4,7-8H2,1-3,5H3	null	CC=C(C)C(=O)OCC(=C)COC(=O)C(C)C	2.9000001	101613088	COCONUT:(CNP0335925);Natural Products:(UNPD164892);PubChem:(101613088)	2129922
32	1	N/A	-269.3960300917095	C13H20O4	[M - H2O + H]+	UJDMFRZNKHOMJW	InChI=1S/C13H20O4/c1-3-4-5-6-10(15)13(16)12-8-7-11(17-12)9(2)14/h7-8,10,13,15-16H,3-6H2,1-2H3	null	CCCCCC(C(C1=CC=C(O1)C(=O)C)O)O	1.89999998	72697111	COCONUT:(CNP0302505);MeSH:(72697111);PubChem:(72697111);PubMed	2097222
33	1	N/A	-272.92409380714736	C13H20O4	[M - H2O + H]+	AFRKXLZOPFYDER	InChI=1S/C13H20O4/c1-8-5-11(15)17-13(8)6-10(9(2)14)16-7-12(13,3)4/h8,10H,5-7H2,1-4H3	null	CC1CC(=O)OC12CC(OCC2(C)C)C(=O)C	1.5	10847637;100987513	COCONUT:(CNP0283699);Natural Products:(UNPD147352);PubChem:(10847637 100987513);SuperNatural:(SN00255109)	3178498
34	1	N/A	-275.2394846880398	C13H20O4	[M - H2O + H]+	RNGWCIILVOWFRK	InChI=1S/C13H20O4/c1-3-4-10-5-6-12(13(7-10)16-2)17-9-11(15)8-14/h5-7,11,14-15H,3-4,8-9H2,1-2H3	3-(2-Methoxy-4-propylphenoxy)-1,2-propanediol	CCCC1=CC(=C(C=C1)OCC(CO)O)OC	2.20299649	121557	PubChem:(121557);PubChem class - safety and toxic	67108866
35	1	N/A	-276.1286478687562	C13H20O4	[M - H2O + H]+	UGAGXSNJVTWRDT	InChI=1S/C13H20O4/c1-9(15)4-5-13(17)10(8-14)6-11(16)7-12(13,2)3/h4-6,9,14-15,17H,7-8H2,1-3H3	null	CC(C=CC1(C(=CC(=O)CC1(C)C)CO)O)O	-0.200000003	10977562;10988388;129316785;132586970	COCONUT:(CNP0317532);Natural Products:(UNPD21082);PubChem:(10977562 10988388 129316785 132586970);SuperNatural:(SN00352497);KEGG Mine	8593113090
36	1	N/A	-284.28726617148646	C13H20O4	[M - H2O + H]+	FJJGXNRGQGGPBF	InChI=1S/C13H20O4/c1-3-12(16)10-4-5-13(9(2)6-10)17-8-11(15)7-14/h4-6,11-12,14-16H,3,7-8H2,1-2H3	3-(4-(1-Hydroxypropyl)-2-methylphenoxy)-1,2-propanediol	CCC(C1=CC(=C(C=C1)OCC(CO)O)C)O	1.0	121558	PubChem:(121558);PubChem class - safety and toxic	67108866
37	1	N/A	-286.36059364017075	C13H20O4	[M - H2O + H]+	SHWXANWAUVIMRG	InChI=1S/C13H20O4/c1-9(14)4-5-11-8-17-12(6-10(2)15)7-13(11,3)16/h4-5,11-12,16H,6-8H2,1-3H3	null	CC(=O)CC1CC(C(CO1)C=CC(=O)C)(C)O	-0.300000012	66553726	COCONUT:(CNP0135260);Natural Products:(UNPD212452);PubChem:(66553726)	2129922
38	1	N/A	-287.58276356909107	C13H20O4	[M - H2O + H]+	DVQILWHZKPHYTH	InChI=1S/C13H20O4/c1-13(2,16)12(15)9-17-11-5-3-10(4-6-11)7-8-14/h3-6,12,14-16H,7-9H2,1-2H3	null	CC(C)(C(COC1=CC=C(C=C1)CCO)O)O	0.800000012	101890757	PubChem:(101890757);COCONUT:(CNP0354025)	2097154
39	1	N/A	-298.5271478929626	C13H20O4	[M - H2O + H]+	PWEKKOYBULKAHZ	InChI=1S/C13H20O4/c1-3-4-5-6-7-11(14)12-8-10(16-2)9-13(15)17-12/h8-9,11,14H,3-7H2,1-2H3	null	CCCCCCC(C1=CC(=CC(=O)O1)OC)O	2.5	139585478	PubChem:(139585478);COCONUT:(CNP0422433)	2097154
40	1	N/A	-311.4592537268757	C13H20O4	[M - H2O + H]+	RTYVIKVTXQPRGP	InChI=1S/C13H20O4/c1-12(2)10-8-9(5-7-14)16-17-13(10,3)6-4-11(12)15/h4,6,9-10,14H,5,7-8H2,1-3H3	null	CC1(C2CC(OOC2(C=CC1=O)C)CCO)C	1.91736352	""	COCONUT:(CNP0298253)	2097152
41	1	N/A	-316.7284432906707	C13H20O4	[M - H2O + H]+	ROJOEOKDDXXMLA	InChI=1S/C13H20O4/c1-12(2)10(14)5-6-15-11(12)7-9-8-16-13(3,4)17-9/h5-6,9,11H,7-8H2,1-4H3	null	CC1(C(OC=CC1=O)CC2COC(O2)(C)C)C	1.60000002	11075558	PubChem:(11075558);COCONUT:(CNP0335934)	2097154
42	1	N/A	-330.01980704886535	C13H20O4	[M - H2O + H]+	XARYPOJIZIDWQJ	InChI=1S/C13H20O4/c1-2-3-4-5-10-9-16-13(12(10)15)7-6-11(8-14)17-13/h3-5,11-12,14-15H,2,6-9H2,1H3	null	CCC=CC=C1COC2(C1O)CCC(O2)CO	0.300000012	23955855;71494826;101630260	COCONUT:(CNP0128827);Natural Products:(UNPD172143);PubChem:(23955855 71494826 101630260);SuperNatural:(SN00296044)	3178498
43	1	N/A	-333.89583885735345	C13H20O4	[M - H2O + H]+	KHIXUQRXQIFBLI	InChI=1S/C13H20O4/c1-7-5-9(15)6-12(3,4)13(7,16)11-10(17-11)8(2)14/h5,8,10-11,14,16H,6H2,1-4H3	(+)-7alpha,8alpha-Epoxyblumenol B	CC1=CC(=O)CC(C1(C2C(O2)C(C)O)O)(C)C	-0.100000001	11064512;44559648	COCONUT:(CNP0412292);KNApSAcK:(44397);Natural Products:(UNPD69289);PubChem:(11064512 44559648);SuperNatural:(SN00399468);PubMed;KEGG Mine	8593113170
44	1	N/A	-346.36307438678483	C13H20O4	[M - H2O + H]+	LDFIUMMLDMSDPH	InChI=1S/C13H20O4/c1-7-5-9(15)6-12(3,4)13(7)11(17-13)10(16)8(2)14/h5,8,10-11,14,16H,6H2,1-4H3	null	CC1=CC(=O)CC(C12C(O2)C(C(C)O)O)(C)C	-0.100000001	131845506	COCONUT:(CNP0268613);Natural Products:(UNPD227077);PubChem:(131845506)	2129922
45	1	N/A	-373.3593862096281	C13H20O4	[M - H2O + H]+	LDUXISPHWOIQAZ	InChI=1S/C13H20O4/c1-8(14)9-4-13(16)10(2)5-12(9,15)6-11(13,3)17-7-10/h9,15-16H,4-7H2,1-3H3	Drummondone A	CC(=O)C1CC2(C3(CC1(CC2(OC3)C)O)C)O	0.0	355979;4663834	COCONUT:(CNP0193024);Natural Products:(UNPD73092 UNPD115095);PubChem:(355979 4663834);SuperNatural:(SN00260447 SN00290133)	3178498
46	1	N/A	-393.42024114948055	C13H20O4	[M - H2O + H]+	URKSMZRLPSUHIX	InChI=1S/C13H20O4/c1-8(14)5-6-13-11(2,3)10(16)9(15)7-12(13,4)17-13/h5-6,9-10,15-16H,7H2,1-4H3	(E)-4-[(1R,3R,4S,6S)-3,4-dihydroxy-1,5,5-trimethyl-7-oxabicyclo[4.1.0]heptan-6-yl]but-3-en-2-one	CC(=O)C=CC12C(C(C(CC1(O2)C)O)O)(C)C	0.0	9878077;13893565	COCONUT:(CNP0242816);Natural Products:(UNPD137528);PubChem:(9878077 13893565);SuperNatural:(SN00358629)	3178498
47	1	N/A	-393.61924152677005	C13H20O4	[M - H2O + H]+	GIENTCXBWZBPMB	InChI=1S/C13H20O4/c1-8-9-4-5-10(13(9,14-2)15-3)11(8)12-16-6-7-17-12/h4-5,8-12H,6-7H2,1-3H3	2-(2-Dioxolanyl)-3-methyl-7,7-dimethoxy-5-norbornene	CC1C2C=CC(C1C3OCCO3)C2(OC)OC	1.10000002	208302;131116907	PubChem:(208302 131116907);PubChem class - safety and toxic	67108866
48	1	N/A	-400.12940514693804	C13H20O4	[M - H2O + H]+	QFSPJLMXSOXHDM	InChI=1S/C13H20O4/c1-8-10-9(6-14)5-12(7-15,11(8,2)3)13(10,16)17-4/h7,9-10,14,16H,1,5-6H2,2-4H3	null	CC1(C(=C)C2C(CC1(C2(O)OC)C=O)CO)C	0.72982651	""	COCONUT:(CNP0091440);SuperNatural:(SN00170317)	3145728
49	1	N/A	-401.11215615699496	C13H20O4	[M - H2O + H]+	RECSUIPCDMEEJH	InChI=1S/C13H20O4/c1-12(11-16-6-7-17-11)8-9-4-5-10(12)13(9,14-2)15-3/h4-5,9-11H,6-8H2,1-3H3	2-(2-Dioxolanyl)-2-methyl-7,7-dimethoxy-5-norbornene	CC1(CC2C=CC1C2(OC)OC)C3OCCO3	1.10000002	208305;130880953	PubChem:(208305 130880953);PubChem class - safety and toxic	67108866
50	1	N/A	-411.67608022693366	C13H20O4	[M - H2O + H]+	UKBYGGQMJVALQC	InChI=1S/C13H20O4/c1-7-5-9(14)6-12(3,4)13(7)11(16)10(15)8(2)17-13/h5,8,10-11,15-16H,6H2,1-4H3	null	CC1C(C(C2(O1)C(=CC(=O)CC2(C)C)C)O)O	-0.100000001	102442816;135390731	COCONUT:(CNP0396906);Natural Products:(UNPD225893);PubChem:(102442816 135390731)	2129922
51	1	N/A	-413.9543176040169	C13H20O4	[M - H2O + H]+	KENVUEOHDFOVNA	InChI=1S/C13H20O4/c1-9(14)4-5-13(16)11(2)6-10(15)7-12(13,3)17-8-11/h4-5,9,14,16H,6-8H2,1-3H3	Drummondol	CC(C=CC1(C2(CC(=O)CC1(OC2)C)C)O)O	-0.600000024	6440575;11264947;44559359;101032516	COCONUT:(CNP0219709);KNApSAcK:(43471);Natural Products:(UNPD53776 UNPD58874 UNPD174150 UNPD224646);PubChem:(6440575 11264947 44559359 101032516);SuperNatural:(SN00269212 SN00249343 SN00328184);MeSH:(6440575 44559359);PubMed	3178582