structureRankPerFormula	formulaRank	ConfidenceScore	CSI:FingerIDScore	molecularFormula	adduct	InChIkey2D	InChI	name	smiles	xlogp	pubchemids	links	dbflags
1	1	0.3789899704586371	-53.26039155797698	C9H14O4	[M - H2O + H]+	JAAFNWYGLROOGI	InChI=1S/C9H14O4/c1-5(10)3-7-4-8(6(2)11)13-9(7)12/h4-6,8,10-11H,3H2,1-2H3	null	CC(CC1=CC(OC1=O)C(C)O)O	0.0	24094117;38351276;38351280;38351285;38351290;98597890;98597892	COCONUT:(CNP0087349);PubChem:(24094117 38351276 38351280 38351285 38351290 98597890 98597892);SuperNatural:(SN00028897 SN00028894 SN00028896 SN00028895);ZINC bio:(ZINC31159036 ZINC31159040 ZINC31159044 ZINC31159048);additional;Training Set	3694594
2	1	N/A	-63.641602110646055	C9H14O4	[M - H2O + H]+	QURYMMSJKKNQFX	InChI=1S/C9H14O4/c1-5(10)3-7-4-8(11)6(2)13-9(7)12/h4-6,8,10-11H,3H2,1-2H3	dihydroaspyrone	CC1C(C=C(C(=O)O1)CC(C)O)O	0.0	16196967;130147655;133556271	COCONUT:(CNP0179801);KNApSAcK:(39026);Natural Products:(UNPD33205);PubChem:(16196967 130147655 133556271);SuperNatural:(SN00020506);ZINC bio:(ZINC13660139);Training Set;PubMed	3203154
3	1	N/A	-116.55219276597087	C9H14O4	[M - H2O + H]+	QWENTLVUIDUAEK	InChI=1S/C9H14O4/c1-4(2)7(10)6-5(3)8(11)13-9(6)12/h4,7-8,10-11H,1-3H3	null	CC1=C(C(=O)OC1O)C(C(C)C)O	0.600000024	10261838;101241956;101241957	COCONUT:(CNP0389701);Natural Products:(UNPD36603);PubChem:(10261838 101241956 101241957);SuperNatural:(SN00374726)	3178498
4	1	N/A	-143.2547572566487	C9H14O4	[M - H2O + H]+	ALSBSLYSTXSJQN	InChI=1S/C9H14O4/c1-5-7(9(11)13-4)6(2)8(10)12-3/h5H2,1-4H3	Dimethyl 2-ethyl-3-methylmaleate	CCC(=C(C)C(=O)OC)C(=O)OC	1.39999998	593028;5373405;6537043	COCONUT:(CNP0216718);Natural Products:(UNPD126914);PubChem:(593028 5373405 6537043)	2129922
5	1	N/A	-150.47093627077282	C9H14O4	[M - H2O + H]+	ZEFVHSWKYCYFFL	InChI=1S/C9H14O4/c1-4-12-8(10)6-7(3)9(11)13-5-2/h3-6H2,1-2H3	Ethyl itaconate	CCOC(=O)CC(=C)C(=O)OCC	1.20000005	75481;60131007	NORMAN:(NS00027557);COCONUT:(CNP0201560);Natural Products:(UNPD116619);PubChem:(75481 60131007);SuperNatural:(SN00314244);ZINC bio:(ZINC01577035);PubChem class - safety and toxic	70557698
6	1	N/A	-151.77033930174827	C9H14O4	[M - H2O + H]+	KGKIAOCPNHYBAM	InChI=1S/C9H14O4/c1-5-4-7(11)6(2-3-10)8(5)9(12)13/h6-7,10-11H,2-4H2,1H3,(H,12,13)	null	CC1=C(C(C(C1)O)CCO)C(=O)O	-0.600000024	10726198	COCONUT:(CNP0175088);Natural Products:(UNPD120744);PubChem:(10726198);SuperNatural:(SN00286018)	3178498
7	1	N/A	-152.89640959194813	C9H14O4	[M - H2O + H]+	VGHCVSPDKSEROA	InChI=1S/C9H14O4/c1-7-6-12-8(10)4-2-3-5-9(11)13-7/h7H,2-6H2,1H3	2-Methyl-1,4-dioxecane-5,10-dione	CC1COC(=O)CCCCC(=O)O1	0.800000012	11971122	NORMAN:(NS00064743);PubChem:(11971122);PubMed	262210
8	1	N/A	-154.34760691370235	C9H14O4	[M - H2O + H]+	LBBAWVLUOZVYCC	InChI=1S/C9H14O4/c1-4-7(8(10)12-5-2)9(11)13-6-3/h4H,5-6H2,1-3H3	Diethyl ethylidenemalonate	CCOC(=O)C(=CC)C(=O)OCC	1.67563391	73831	NORMAN:(NS00024778);PubChem:(73831);PubMed	262210
9	1	N/A	-155.58726129925944	C9H14O4	[M - H2O + H]+	YPTLFOZCUOHVFO	InChI=1S/C9H14O4/c1-4-12-8(10)6-7(3)9(11)13-5-2/h6H,4-5H2,1-3H3	2-Butenedioic acid, 2-methyl-, diethyl ester, (2Z)-	CCOC(=O)C=C(C)C(=O)OCC	1.29999995	12386514;12386515;54520939	PubChem class - safety and toxic;PubChem:(12386514 12386515 54520939);KEGG Mine	8657043458
10	1	N/A	-155.89360817943668	C9H14O4	[M - H2O + H]+	ODKYFEYTVOPOOV	InChI=1S/C9H14O4/c1-5(2)3-6-4-7(8(10)11)9(12)13-6/h5-7H,3-4H2,1-2H3,(H,10,11)	null	CC(C)CC1CC(C(=O)O1)C(=O)O	2.29999995	131751114	COCONUT:(CNP0234670);HMDB:(30988);PubChem:(131751114);PubChem class - bio and metabolites	18874378
11	1	N/A	-158.18040096852567	C9H14O4	[M - H2O + H]+	SZLBWIXYZSVWJX	InChI=1S/C9H14O4/c1-3-6(10)4-8-7(12-2)5-9(11)13-8/h5-6,8,10H,3-4H2,1-2H3	2-[(2S)-2-hydroxybutyl]-3-methoxy-2H-furan-5-one	CCC(CC1C(=CC(=O)O1)OC)O	0.600000024	11412791;21590008;102283231;101474326;139249086	COCONUT:(CNP0271887);KNApSAcK:(44526);Natural Products:(UNPD113880);PubChem:(11412791 21590008 102283231 101474326 139249086);SuperNatural:(SN00329087);MeSH:(11412791);PubMed	3178582
12	1	N/A	-160.78857608516603	C9H14O4	[M - H2O + H]+	OYTPRMNLNFBYDV	InChI=1S/C9H14O4/c1-9(2)5-12-7(10)3-4-8(11)13-6-9/h3-6H2,1-2H3	Neopentyl glycol succinate (1:1)	CC1(COC(=O)CCC(=O)OC1)C	0.800000012	81948	PubChem:(81948);NORMAN:(NS00037623)	262146
13	1	N/A	-163.6091952213636	C9H14O4	[M - H2O + H]+	LUCODFUPVSYZRC	InChI=1S/C9H14O4/c1-7(10)8(11)5-3-2-4-6-9(12)13/h2-6H2,1H3,(H,12,13)	7,8-diketopelargonate	CC(=O)C(=O)CCCCCC(=O)O	0.300000012	458121;90659110	PubChem:(458121 90659110);YMDB Mine;CHEBI:(139386);ZINC bio:(ZINC05854976);EcoCyc Mine;Biocyc:(CPD0-1485 MGCL2);KEGG Mine	60129552418
14	1	N/A	-164.2047186086532	C9H14O4	[M - H2O + H]+	NMUIIYJWWOPNIP	InChI=1S/C9H14O4/c1-3-6(4-2)7(9(12)13)5-8(10)11/h3-5H2,1-2H3,(H,10,11)(H,12,13)	null	CCC(=C(CC(=O)O)C(=O)O)CC	1.60000002	54119713	COCONUT:(CNP0420724);PubChem:(54119713);SuperNatural:(SN00035246);ZINC bio:(ZINC64220158)	3153922
15	1	N/A	-169.9716820462833	C9H14O4	[M - H2O + H]+	LKZXAOPEOQRJLJ	InChI=1S/C9H14O4/c1-9(12)3-7(10)5-2-8(11)13-4-6(5)9/h5-7,10,12H,2-4H2,1H3	(5R,7S)-5,7-dihydroxy-7-methyl-1,4,4a,5,6,7a-hexahydrocyclopenta[c]pyran-3-one	CC1(CC(C2C1COC(=O)C2)O)O	-0.600000024	5318708;14413762;101260546	COCONUT:(CNP0180136);KNApSAcK:(10585);Natural Products:(UNPD48464);PubChem:(5318708 14413762 101260546);SuperNatural:(SN00160362 SN00275250)	3178514
16	1	N/A	-170.03268884976657	C9H14O4	[M - H2O + H]+	XCIYLBHMPNYNTF	InChI=1S/C9H14O4/c1-2-3-4-6-5-7(8(10)11)9(12)13-6/h6-7H,2-5H2,1H3,(H,10,11)	null	CCCCC1CC(C(=O)O1)C(=O)O	2.4000001	131751118	COCONUT:(CNP0372555);HMDB:(30992);PubChem:(131751118);PubChem class - bio and metabolites	18874378
17	1	N/A	-170.6622542510475	C9H14O4	[M - H2O + H]+	AJDHMUGYYXWKAC	InChI=1S/C9H14O4/c1-6(2)7(9(12)13-3)4-5-8(10)11/h4-5H2,1-3H3,(H,10,11)	null	CC(=C(CCC(=O)O)C(=O)OC)C	1.29999995	10932148	COCONUT:(CNP0321970);Natural Products:(UNPD16939);PubChem:(10932148);SuperNatural:(SN00390125);PubMed	3178562
18	1	N/A	-172.1330484843754	C9H14O4	[M - H2O + H]+	LJPNEMAMFITRSO	InChI=1S/C9H14O4/c1-7(6-13-9(3)11)4-5-12-8(2)10/h4H,5-6H2,1-3H3	2-Methyl-2-butene-1,4-diyl diacetate	CC(=CCOC(=O)C)COC(=O)C	0.899999976	100937;6436845;12696441;100942765;102329265	NORMAN:(NS00049738);COCONUT:(CNP0165891);Natural Products:(UNPD16745);PubChem:(100937 6436845 12696441 100942765 102329265);SuperNatural:(SN00280875)	3440642
19	1	N/A	-172.71295475402843	C9H14O4	[M - H2O + H]+	OHTIESUYKHMKOD	InChI=1S/C9H14O4/c1-6(2)7(9(11)12)4-5-8(10)13-3/h4-5H2,1-3H3,(H,11,12)	null	CC(=C(CCC(=O)OC)C(=O)O)C	1.29999995	11019575	COCONUT:(CNP0115846);Natural Products:(UNPD189117);PubChem:(11019575);SuperNatural:(SN00305256);PubMed	3178562
20	1	N/A	-172.8943265914895	C9H14O4	[M - H2O + H]+	VVAAYFMMXYRORI	InChI=1S/C9H14O4/c1-3-4-5-13-8(10)6-7(2)9(11)12/h2-6H2,1H3,(H,11,12)	beta-Butyl Itaconate	CCCCOC(=O)CC(=C)C(=O)O	1.39999998	117952	PubChem class - safety and toxic;PubChem:(117952);ZINC bio:(ZINC02508027)	67117058
21	1	N/A	-176.37078534763174	C9H14O4	[M - H2O + H]+	ULDVOPUXMRCBDH	InChI=1S/C9H14O4/c1-3-4-5-7(9(12)13)6(2)8(10)11/h7H,2-5H2,1H3,(H,10,11)(H,12,13)	2-butyl-3-methylidenebutanedioate	CCCCC(C(=C)C(=O)O)C(=O)O	1.89999998	13986105;23311521;118723291	COCONUT:(CNP0078906);PubChem:(13986105 23311521 118723291);PubMed	2097218
22	1	N/A	-176.6899453963536	C9H14O4	[M - H2O + H]+	OHBMDHCQVRSPBC	InChI=1S/C9H14O4/c1-6(2)9(11)13-8(10)5-12-7(3)4/h7H,1,5H2,2-4H3	Carboisopropoxymethyl methacrylate	CC(C)OCC(=O)OC(=O)C(=C)C	1.5	32038	PubChem:(32038);PubChem class - safety and toxic	67108866
23	1	N/A	-182.3171804186588	C9H14O4	[M - H2O + H]+	JHCKGVJZNIWNJK	InChI=1S/C9H14O4/c1-3-12-8(10)6-5-7-9(11)13-4-2/h5-6H,3-4,7H2,1-2H3	Diethyl glutaconate	CCOC(=O)CC=CC(=O)OCC	1.10000002	74898;637576;5356610	PubChem:(74898 637576 5356610);NORMAN:(NS00026643)	262146
24	1	N/A	-184.90226759199004	C9H14O4	[M - H2O + H]+	FNASCUBBFNCFQO	InChI=1S/C9H14O4/c1-4-12-6-8(7(3)10)9(11)13-5-2/h6H,4-5H2,1-3H3	Ethyl 2-Acetyl-3-ethoxyacrylate	CCOC=C(C(=O)C)C(=O)OCC	1.0	97734;3034573;5355337;11063207	NORMAN:(NS00047091);PubChem class - safety and toxic;PubChem:(97734 3034573 5355337 11063207)	67371010
25	1	N/A	-189.1065075524402	C9H14O4	[M - H2O + H]+	URQQDYIVGXOEDA	InChI=1S/C9H14O4/c1-3-9(10)13-8-7-12-6-5-11-4-2/h3-4H,1-2,5-8H2	2-Propenoic acid, 2-(2-(ethenyloxy)ethoxy)ethyl ester	C=CC(=O)OCCOCCOC=C	1.20000005	23067259	NORMAN:(NS00002987);PubChem class - safety and toxic;PubChem:(23067259)	67371010
26	1	N/A	-190.1642670344085	C9H14O4	[M - H2O + H]+	FOMYYQMPVKGWON	InChI=1S/C9H14O4/c1-3-4-5-13-9(12)8(11)6-7(2)10/h3-6H2,1-2H3	Butyl 2,4-dioxovalerate	CCCCOC(=O)C(=O)CC(=O)C	1.10000002	82412	PubChem:(82412);NORMAN:(NS00023065)	262146
27	1	N/A	-192.29564042402546	C9H14O4	[M - H2O + H]+	MWQNJZWBEFUBNW	InChI=1S/C9H14O4/c1-5-4-6-7(10)2-3-9(6,12)8(11)13-5/h5-7,10,12H,2-4H2,1H3	null	CC1CC2C(CCC2(C(=O)O1)O)O	0.0	57509480	COCONUT:(CNP0062451);PubChem:(57509480);SuperNatural:(SN00042013 SN00042011 SN00042010 SN00042012);ZINC bio:(ZINC72320453 ZINC72320454 ZINC72320455 ZINC72320456)	3153922
28	1	N/A	-194.46306423983108	C9H14O4	[M - H2O + H]+	FTLILBHSSONTBQ	InChI=1S/C9H14O4/c1-2-3-7(11)8-6(4-10)5-13-9(8)12/h6,8,10H,2-5H2,1H3	2(3H)-Furanone, dihydro-4-(hydroxymethyl)-3-(1-oxobutyl)-	CCCC(=O)C1C(COC1=O)CO	0.200000003	10877826;11052341;23256733;71353931	COCONUT:(CNP0135933);Natural Products:(UNPD13205);PubChem:(10877826 11052341 23256733 71353931);SuperNatural:(SN00274379)	3178498
29	1	N/A	-195.5719616083578	C9H14O4	[M - H2O + H]+	LEVONNIFUFSRKZ	InChI=1S/C9H14O4/c1-9(2)5(4-7(10)11)3-6(9)8(12)13/h5-6H,3-4H2,1-2H3,(H,10,11)(H,12,13)	Pinic acid	CC1(C(CC1C(=O)O)CC(=O)O)C	0.800000012	10131;10679112;12314327;12314328;92140361	COCONUT:(CNP0244968 CNP0318512);PubChem:(10131 10679112 12314327 12314328 92140361);SuperNatural:(SN00036082 SN00036081 SN00036080 SN00036083);ZINC bio:(ZINC00399067 ZINC00399068 ZINC00399069 ZINC00399070);PubChem class - safety and toxic;PubMed	70262850
30	1	N/A	-197.8046933267413	C9H14O4	[M - H2O + H]+	ANYALPGOHXKMLG	InChI=1S/C9H14O4/c1-5(2)8(11)7-6(3-10)4-13-9(7)12/h5-7,10H,3-4H2,1-2H3	null	CC(C)C(=O)C1C(COC1=O)CO	0.405654013	""	COCONUT:(CNP0156903)	2097152
31	1	N/A	-198.45500124736665	C9H14O4	[M - H2O + H]+	KYYUCZOHNYSLFV	InChI=1S/C9H14O4/c1-3-12-7(10)9(5-6-9)8(11)13-4-2/h3-6H2,1-2H3	diethylcyclopropan-1,1-dicarboxylat	CCOC(=O)C1(CC1)C(=O)OCC	1.20000005	73790;59868988;122606569	NORMAN:(NS00021697);PubChem class - safety and toxic;PubChem:(73790 59868988 122606569)	67371010
32	1	N/A	-198.5397228442909	C9H14O4	[M - H2O + H]+	WANUOLLLVOSMFL	InChI=1S/C9H14O4/c1-4-13-9(12)8(7(3)11)5-6(2)10/h8H,4-5H2,1-3H3	Ethyl 2-acetyl-4-oxovalerate	CCOC(=O)C(CC(=O)C)C(=O)C	0.0	3084847;7019212;7036399	PubChem:(3084847 7019212 7036399);NORMAN:(NS00056675)	262146
33	1	N/A	-201.18625383126854	C9H14O4	[M - H2O + H]+	SXTYVVNJGZOYRX	InChI=1S/C9H14O4/c1-4-8(10)11-5-7-6-12-9(2,3)13-7/h4,7H,1,5-6H2,2-3H3	2-Propenoic acid, (2,2-dimethyl-1,3-dioxolan-4-yl)methyl ester	CC1(OCC(O1)COC(=O)C=C)C	1.0	20812341	PubChem:(20812341);PubChem class - safety and toxic	67108866
34	1	N/A	-203.21826911573865	C9H14O4	[M - H2O + H]+	YIXPUAYMZURQJH	InChI=1S/C9H14O4/c10-8(11)6-4-2-1-3-5-7-9(12)13/h4,6H,1-3,5,7H2,(H,10,11)(H,12,13)	null	C(CCC=CC(=O)O)CCC(=O)O	1.39999998	23212328;54510712;59435159	COCONUT:(CNP0140769);EcoCyc Mine;Natural Products:(UNPD220232);PubChem:(23212328 54510712 59435159);KEGG Mine	25771933698
35	1	N/A	-203.84428058117595	C9H14O4	[M - H2O + H]+	ICETZAWQGQSRCU	InChI=1S/C9H14O4/c1-5(6(2)10)8(7(3)11)9(12)13-4/h5,8H,1-4H3	Methyl 2-acetyl-3-methyl-4-oxovalerate	CC(C(C(=O)C)C(=O)OC)C(=O)C	0.200000003	3020218	PubChem:(3020218);NORMAN:(NS00059961)	262146
36	1	N/A	-205.22356023113346	C9H14O4	[M - H2O + H]+	SDAXMMUAZRUWNL	InChI=1S/C9H14O4/c10-7(11)6-9(8(12)13)4-2-1-3-5-9/h1-6H2,(H,10,11)(H,12,13)	NCIStruc1_000126	C1CCC(CC1)(CC(=O)O)C(=O)O	1.20000005	260003;6946931	NORMAN:(NS00000612);COCONUT:(CNP0083688);PubChem:(260003 6946931);CHEBI:(143735);additional;PubChem class - safety and toxic;Training Set;PubMed	70008930
37	1	N/A	-208.34238047865745	C9H14O4	[M - H2O + H]+	YWVFNWVZBAWOOY	InChI=1S/C9H14O4/c1-5-2-3-6(8(10)11)7(4-5)9(12)13/h5-7H,2-4H2,1H3,(H,10,11)(H,12,13)	Methylhexahydrophthalic acid	CC1CCC(C(C1)C(=O)O)C(=O)O	1.10000002	93719;13641727;22642514;54531418;60003928;92234194;92234193;92234195;92643804;92643805;92643806;92643807;134438143	MeSH:(93719);PubChem class - safety and toxic;PubChem:(93719 13641727 22642514 54531418 60003928 92234194 92234193 92234195 92643804 92643805 92643806 92643807 134438143);PubMed	67108934
38	1	N/A	-210.68862575144317	C9H14O4	[M - H2O + H]+	BVHSPGBGHGXBMY	InChI=1S/C9H14O4/c1-5(8(10)11)6-3-2-4-7(6)9(12)13/h5-7H,2-4H2,1H3,(H,10,11)(H,12,13)	2-(1-carboxyethyl)cyclopentane-1-carboxylic acid	CC(C1CCCC1C(=O)O)C(=O)O	1.29999995	22215256	PubChem:(22215256);COCONUT:(CNP0000078)	2097154
39	1	N/A	-212.01487988988143	C9H14O4	[M - H2O + H]+	XPHDAEADNYTVAU	InChI=1S/C9H14O4/c1-3-12-8(11)6-9(2)5-4-7(10)13-9/h3-6H2,1-2H3	ethyl 2-(2-methyl-5-oxooxolan-2-yl)acetate	CCOC(=O)CC1(CCC(=O)O1)C	0.600000024	86068	PubChem:(86068);NORMAN:(NS00052375)	262146
40	1	N/A	-214.83761826367075	C9H14O4	[M - H2O + H]+	XMLGBZPOJUOGOO	InChI=1S/C9H14O4/c1-6(10)4-5-8(7(2)11)9(12)13-3/h8H,4-5H2,1-3H3	Methyl 2-acetyl-5-oxohexanoate	CC(=O)CCC(C(=O)C)C(=O)OC	0.0	3015785	PubChem:(3015785);NORMAN:(NS00058072)	262146
41	1	N/A	-215.06569710387873	C9H14O4	[M - H2O + H]+	IHSMPASVXBYFRY	InChI=1S/C9H14O4/c1-6(2)5-9(11)7(12-3)4-8(10)13-9/h4,6,11H,5H2,1-3H3	null	CC(C)CC1(C(=CC(=O)O1)OC)O	0.899999976	139585752	PubChem:(139585752);COCONUT:(CNP0327512)	2097154
42	1	N/A	-215.84974219681453	C9H14O4	[M - H2O + H]+	SXLDHZFJMXLFJU	InChI=1S/C9H14O4/c1-3-12-8(10)6-5-7(6)9(11)13-4-2/h6-7H,3-5H2,1-2H3	1,2-Bis(ethoxycarbonyl)cyclopropane	CCOC(=O)C1CC1C(=O)OCC	0.800000012	89350;642980;642981;11715303;16211338	PubChem:(89350 642980 642981 11715303 16211338);NORMAN:(NS00051845)	262146
43	1	N/A	-216.42031512824556	C9H14O4	[M - H2O + H]+	VXZZSPHSNBVYHV	InChI=1S/C9H14O4/c1-9(2)12-6-7(13-9)4-5-8(10)11-3/h4-5,7H,6H2,1-3H3	methyl 3-(2,2-dimethyl-1,3-dioxolan-4-yl)prop-2-enoate	CC1(OCC(O1)C=CC(=O)OC)C	0.600000024	538614;7077245;5363642;6368476;10012651;10921229;11074106;11745332	COCONUT:(CNP0296047);PubChem:(538614 7077245 5363642 6368476 10012651 10921229 11074106 11745332);SuperNatural:(SN00074564);ZINC bio:(ZINC04531710)	3153922
44	1	N/A	-220.01631182560135	C9H14O4	[M - H2O + H]+	XPHRTHQBWCXHNY	InChI=1S/C9H14O4/c10-4-6-3-8(12)7-1-2-13-9(6,7)5-11/h3,7-8,10-12H,1-2,4-5H2	null	C1COC2(C1C(C=C2CO)O)CO	-2.0999999	10797629;85271877	COCONUT:(CNP0206701);KNApSAcK:(37038);Natural Products:(UNPD103250);PubChem:(10797629 85271877)	2129938
45	1	N/A	-220.2338503231557	C9H14O4	[M - H2O + H]+	NFNXUHHOCPTCOZ	InChI=1S/C9H14O4/c1-6(2)8(11)13-5-9(4,12)7(3)10/h12H,1,5H2,2-4H3	2-Propenoic acid, 2-methyl-, 2-hydroxy-2-methyl-3-oxobutyl ester	CC(=C)C(=O)OCC(C)(C(=O)C)O	0.400000006	71410541	COCONUT:(CNP0243011);Natural Products:(UNPD153499);PubChem:(71410541);SuperNatural:(SN00251877)	3178498
46	1	N/A	-222.26813785799627	C9H14O4	[M - H2O + H]+	WYHSLBRKMMKHKK	InChI=1S/C9H14O4/c1-3-11-6-7-13-9-8-12-5-4-10-2/h3-7H,1,8-9H2,2H3	null	COC=COCCOC=COC=C	1.20000005	25920892	PubChem:(25920892);PubChem class - bio and metabolites	16777218
47	1	N/A	-222.40230707394701	C9H14O4	[M - H2O + H]+	APRLUWGULLBYJV	InChI=1S/C9H14O4/c1-6(2)4-7(10)5-8(11)9(12)13-3/h6H,4-5H2,1-3H3	methyl 6-methyl-2,4-dioxoheptanoate	CC(C)CC(=O)CC(=O)C(=O)OC	1.10000002	28843507	COCONUT:(CNP0313818);PubChem:(28843507);SuperNatural:(SN00095402)	3145730
48	1	N/A	-223.97068653889167	C9H14O4	[M - H2O + H]+	UUDJREZGIPQANP	InChI=1S/C9H14O4/c1-4-7(10)6(3)8(11)9(12)13-5-2/h6H,4-5H2,1-3H3	Ethyl 3-methyl-2,4-dioxohexanoate	CCC(=O)C(C)C(=O)C(=O)OCC	1.29999995	3017239	PubChem:(3017239);NORMAN:(NS00054179)	262146
49	1	N/A	-228.46985212659038	C9H14O4	[M - H2O + H]+	PJUHECHICQRJKW	InChI=1S/C9H14O4/c1-2-3-4-6-5-7(8(10)11)13-9(6)12/h6-7H,2-5H2,1H3,(H,10,11)	4-butyl-5-oxooxolane-2-carboxylic acid	CCCCC1CC(OC1=O)C(=O)O	1.79999995	3821872;7076203;7076204;7076205;7076206;7076207;7076208;7076209;7076210	COCONUT:(CNP0198734 CNP0274181);PubChem:(3821872 7076203 7076204 7076205 7076206 7076207 7076208 7076209 7076210);SuperNatural:(SN00067222 SN00067220 SN00067219 SN00067221);ZINC bio:(ZINC04025981 ZINC04025982 ZINC04025983 ZINC04025984)	3153922
50	1	N/A	-228.85843798340042	C9H14O4	[M - H2O + H]+	BOVPVRGRPPYECC	InChI=1S/C9H14O4/c1-13-9(12)7-5-3-2-4-6(7)8(10)11/h6-7H,2-5H2,1H3,(H,10,11)	2-(Methoxycarbonyl)cyclohexanecarboxylic acid	COC(=O)C1CCCCC1C(=O)O	1.20000005	243779;3255762;11008624;23444133;24722410;53693472;58441820;86308906;117606828;117606835;122715480;131336270	PubChem:(243779 3255762 11008624 23444133 24722410 53693472 58441820 86308906 117606828 117606835 122715480 131336270);PubChem class - safety and toxic	67108866
51	1	N/A	-229.05684843206097	C9H14O4	[M - H2O + H]+	GCGCKIUIBPEAQE	InChI=1S/C9H14O4/c10-8(11)5-6-3-1-2-4-7(6)9(12)13/h6-7H,1-5H2,(H,10,11)(H,12,13)	2-Carboxycyclohexylacetate	C1CCC(C(C1)CC(=O)O)C(=O)O	1.29999995	557126;656884;13445075;13445076;11963964;20846190;22214633;57507601	KEGG:(C14112);PubChem:(557126 656884 13445075 13445076 11963964 20846190 22214633 57507601);PubMed;CHEBI:(35078);ZINC bio:(ZINC03198685)	8546
52	1	N/A	-230.04763976852266	C9H14O4	[M - H2O + H]+	UXWJRSXVTCIERS	InChI=1S/C9H14O4/c1-9(2)5(7(10)11)3-4-6(9)8(12)13/h5-6H,3-4H2,1-2H3,(H,10,11)(H,12,13)	2,2-dimethylcyclopentane-1,3-dicarboxylic Acid	CC1(C(CCC1C(=O)O)C(=O)O)C	1.0	5315650;11805447;130999065	COCONUT:(CNP0231079 CNP0416897);PubChem:(5315650 11805447 130999065);SuperNatural:(SN00160078);PubMed	3145794
53	1	N/A	-230.27161616379962	C9H14O4	[M - H2O + H]+	GAQDIYMHBQNXLE	InChI=1S/C9H14O4/c1-9(2)12-5-7-8(13-9)6(10)3-4-11-7/h3-4,6-8,10H,5H2,1-2H3	(4aR,8S,8aR)-2,2-dimethyl-4,4a,8,8a-tetrahydropyrano[3,2-d][1,3]dioxin-8-ol	CC1(OCC2C(O1)C(C=CO2)O)C	0.0	11052343;14332317;14332318;11389819;101215056	PubChem:(11052343 14332317 14332318 11389819 101215056);PubChem class - safety and toxic	67108866
54	1	N/A	-230.46831443012945	C9H14O4	[M - H2O + H]+	BLXAXLZLJUWIGB	InChI=1S/C9H14O4/c1-7(2)5-6-13-9(12)4-3-8(10)11/h3-4,7H,5-6H2,1-2H3,(H,10,11)	3-Methylbutyl hydrogen 2-butenedioate	CC(C)CCOC(=O)C=CC(=O)O	1.60000002	3815107;5930344;93483895	PubChem:(3815107 5930344 93483895);NORMAN:(NS00063055)	262146
55	1	N/A	-230.57169476561654	C9H14O4	[M - H2O + H]+	BKZJCXDFISJJKI	InChI=1S/C9H14O4/c1-4-5-6(10)7-8(11-5)13-9(2,3)12-7/h4-8,10H,1H2,2-3H3	Diphef	CC1(OC2C(C(OC2O1)C=C)O)C	0.300000012	111283;10631404;12883173;11830130;21118763;22831835;51396228;51441820;51441821;92245823;92245824;92245825	MeSH:(111283);PubChem:(111283 10631404 12883173 11830130 21118763 22831835 51396228 51441820 51441821 92245823 92245824 92245825);PubMed	70
56	1	N/A	-231.2756723729767	C9H14O4	[M - H2O + H]+	PMUPSYZVABJEKC	InChI=1S/C9H14O4/c1-9(8(12)13)5-3-2-4-6(9)7(10)11/h6H,2-5H2,1H3,(H,10,11)(H,12,13)	1-Methylcyclohexane-1,2-dicarboxylic acid	CC1(CCCCC1C(=O)O)C(=O)O	1.20000005	114473;12860586;12860587;92287770;92287771	NORMAN:(NS00052862);PubChem:(114473 12860586 12860587 92287770 92287771);PubMed	262210
57	1	N/A	-232.22393567993862	C9H14O4	[M - H2O + H]+	KIINVCJXLPORTK	InChI=1S/C9H14O4/c1-6(2)7(9(11)12)4-5-8(10)13-3/h7H,1,4-5H2,2-3H3,(H,11,12)	null	CC(=C)C(CCC(=O)OC)C(=O)O	1.39999998	10932149	COCONUT:(CNP0161883);Natural Products:(UNPD43042);PubChem:(10932149);SuperNatural:(SN00275260);PubMed	3178562
58	1	N/A	-232.64693103387123	C9H14O4	[M - H2O + H]+	ABUZDQCQXDZFRG	InChI=1S/C9H14O4/c1-3-13-9(11)7-5-4-6-8(10)12-2/h3H,1,4-7H2,2H3	Vinyl methyladipate	COC(=O)CCCCC(=O)OC=C	1.71052313	18084	PubChem:(18084);PubChem class - safety and toxic	67108866
59	1	N/A	-235.2589771646041	C9H14O4	[M - H2O + H]+	FWPVKDFOUXHOKQ	InChI=1S/C9H14O4/c10-7(11)5-9(6-8(12)13)3-1-2-4-9/h1-6H2,(H,10,11)(H,12,13)	Tetramethyleneglutaric acid	C1CCC(C1)(CC(=O)O)CC(=O)O	1.29999995	85558;4417612	NORMAN:(NS00052332);COCONUT:(CNP0258869);PubChem:(85558 4417612);ZINC bio:(ZINC00249320);MeSH:(85558);PubChem class - safety and toxic;PubMed	69476422
60	1	N/A	-235.85543279210205	C9H14O4	[M - H2O + H]+	HBJPUWYQVWIKSD	InChI=1S/C9H14O4/c1-4-13-9(12)8(11)5-7(10)6(2)3/h6H,4-5H2,1-3H3	Ethyl 5-methyl-2,4-dioxohexanoate	CCOC(=O)C(=O)CC(=O)C(C)C	1.29999995	3017501	NORMAN:(NS00054151);PubChem class - safety and toxic;PubChem:(3017501)	67371010
61	1	N/A	-238.87151433252598	C9H14O4	[M - H2O + H]+	ZBXPERMBEFSQSO	InChI=1S/C9H14O4/c1-2-13-9(11)5-8(10)7-3-4-12-6-7/h7H,2-6H2,1H3	ethyl 3-oxo-3-(oxolan-3-yl)propanoate	CCOC(=O)CC(=O)C1CCOC1	0.300000012	22831881;40787287;40787288	PubChem:(22831881 40787287 40787288);PubChem class - safety and toxic	67108866
62	1	N/A	-248.09989828990726	C9H14O4	[M - H2O + H]+	ZQJNPHCQABYENK	InChI=1S/C9H14O4/c1-13-9(12)7-4-2-6(3-5-7)8(10)11/h6-7H,2-5H2,1H3,(H,10,11)	4-Carbomethoxy-cyclohexane-1-carboxylic acid	COC(=O)C1CCC(CC1)C(=O)O	0.800000012	296850;22138242	PubChem:(296850 22138242);PubChem class - safety and toxic	67108866
63	1	N/A	-252.44069904749523	C9H14O4	[M - H2O + H]+	GHQKPYDTGPURDU	InChI=1S/C9H14O4/c1-5-8(6(2)10)4-12-9(5)13-7(3)11/h5,8-9H,4H2,1-3H3	(4-acetyl-3-methyloxolan-2-yl) acetate	CC1C(COC1OC(=O)C)C(=O)C	0.400000006	5256866;12000432;21725035;76333595;102074917;101414199;101414200	COCONUT:(CNP0180021);Natural Products:(UNPD168263);PubChem:(5256866 12000432 21725035 76333595 102074917 101414199 101414200);SuperNatural:(SN00235630);PubMed	3178562
64	1	N/A	-264.41051759433986	C9H14O4	[M - H2O + H]+	CADPUFGVQYAEOW	InChI=1S/C9H14O4/c1-7(2)6-9(8(10)11-3)12-4-5-13-9/h6H,4-5H2,1-3H3	methyl 2-(2-methylprop-1-enyl)-1,3-dioxolane-2-carboxylate	CC(=CC1(OCCO1)C(=O)OC)C	1.20000005	2751197	COCONUT:(CNP0375540);PubChem:(2751197);SuperNatural:(SN00124966);ZINC bio:(ZINC03846661)	3153922
65	1	N/A	-287.0348356464459	C9H14O4	[M - H2O + H]+	UYLWRBIQRPNVNZ	InChI=1S/C9H14O4/c1-13-8(11)6-9(12)4-2-7(10)3-5-9/h12H,2-6H2,1H3	Methyl 2-(1-hydroxy-4-oxocyclohexyl)acetate	COC(=O)CC1(CCC(=O)CC1)O	0.0	14287058	COCONUT:(CNP0138264);Natural Products:(UNPD5891);PubChem:(14287058);ZINC bio:(ZINC14497243)	2138114
66	1	N/A	-290.8566290615925	C9H14O4	[M - H2O + H]+	BTEXLTIFAISPOI	InChI=1S/C9H14O4/c10-6-3-9(11)4-13-8-7(9)5(6)1-2-12-8/h5-8,10-11H,1-4H2	null	C1COC2C3C1C(CC3(CO2)O)O	-0.800000012	71716363;78157058	COCONUT:(CNP0201224);Natural Products:(UNPD212781);PubChem:(71716363 78157058);PubMed	2129986
67	1	N/A	-291.2510806759066	C9H14O4	[M - H2O + H]+	YMEMAALYLSKCLM	InChI=1S/C9H14O4/c10-8(11)7-1-3-9(4-2-7)12-5-6-13-9/h7H,1-6H2,(H,10,11)	1,4-dioxaspiro[4.5]decane-8-carboxylate	C1CC2(CCC1C(=O)O)OCCO2	0.400000006	11745334;17885950	PubChem:(11745334 17885950);PubChem class - safety and toxic	67108866
68	1	N/A	-300.97201736586777	C9H14O4	[M - H2O + H]+	QIUGNFXVXQJKQR	InChI=1S/C9H14O4/c1-5-6(10)4-7-8(11-5)13-9(2,3)12-7/h5,7-8H,4H2,1-3H3	null	CC1C(=O)CC2C(O1)OC(O2)(C)C	0.783384323	""	COCONUT:(CNP0313510);Natural Products:(UNPD18341);SuperNatural:(SN00398523)	3178496
69	1	N/A	-307.2053259326647	C9H14O4	[M - H2O + H]+	JEOPUSJCPYFSMM	InChI=1S/C9H14O4/c10-6-3-5-1-2-12-8-7(5)9(6,11)4-13-8/h5-8,10-11H,1-4H2	null	C1COC2C3C1CC(C3(CO2)O)O	-0.800000012	5315925;44205314	COCONUT:(CNP0297656);KNApSAcK:(10529);Natural Products:(UNPD53387);PubChem:(5315925 44205314);SuperNatural:(SN00160102)	3178514
70	1	N/A	-312.7940201829192	C9H14O4	[M - H2O + H]+	YQMOGPDNNMQUQO	InChI=1S/C9H14O4/c1-7(11)5-12-6-9-3-2-8(4-10)13-9/h2-3,7,10-11H,4-6H2,1H3	5-((2-Hydroxypropoxy)methyl)furan-2-methanol	CC(COCC1=CC=C(O1)CO)O	-0.400000006	3024241	PubChem:(3024241);NORMAN:(NS00065568)	262146
1	1	N/A	-135.13105565325958	C9H12O3	[M + H]+	AESKCQSUIOKQIH	InChI=1S/C9H12O3/c1-8(11)9(12)6-4-2-3-5-7-10/h8-12H,5,7H2,1H3	null	CC(C(C#CC#CCCO)O)O	-0.400000006	101886319	PubChem:(101886319);COCONUT:(CNP0355066)	2097154
2	1	N/A	-135.6957640946868	C9H12O3	[M + H]+	HIJVMLFHDZCRLU	InChI=1S/C9H12O3/c1-2-8(11)5-3-4-6-9(12)7-10/h8-12H,2,7H2,1H3	null	CCC(C#CC#CC(CO)O)O	-0.400000006	101410647;130683697	COCONUT:(CNP0178335);Natural Products:(UNPD12210);PubChem:(101410647 130683697)	2129922
3	1	N/A	-152.81707450931046	C9H12O3	[M + H]+	BSRFZJMVFOPNKR	InChI=1S/C9H12O3/c1-5-7(11)6(10)4-9(2,3)8(5)12/h11H,4H2,1-3H3	2-hydroxy-3,5,5-trimethylcyclohex-2-ene-1,4-dione	CC1=C(C(=O)CC(C1=O)(C)C)O	0.899999976	37246	NORMAN:(NS00029900);COCONUT:(CNP0257683);KNApSAcK:(45543);Natural Products:(UNPD23442);PubChem:(37246)	2392082
4	1	N/A	-153.14923589536332	C9H12O3	[M + H]+	VOFRQXZPJRQJIW	InChI=1S/C9H12O3/c1-8(2)4-5(10)6-9(3,12-6)7(8)11/h6H,4H2,1-3H3	(+/-)-Epoxyoxophorone	CC1(CC(=O)C2C(C1=O)(O2)C)C	0.400000006	3853254;44223706;50917834;76964480;76964481	NORMAN:(NS00022129);COCONUT:(CNP0401825);HMDB:(32252);PubChem class - food;PubChem:(3853254 44223706 50917834 76964480 76964481);PubChem class - bio and metabolites	153354250
5	1	N/A	-165.16438705833556	C9H12O3	[M + H]+	ATLVVGJKPIISGK	InChI=1S/C9H12O3/c1-4-7-5(2)8(10)6(3)9(11)12-7/h10H,4H2,1-3H3	2H-Pyran-2-one, 6-ethyl-4-hydroxy-3,5-dimethyl-	CCC1=C(C(=C(C(=O)O1)C)O)C	1.20000005	71363160	COCONUT:(CNP0147337);Natural Products:(UNPD185891);PubChem:(71363160);SuperNatural:(SN00253294);PubMed	3178562
6	1	N/A	-169.79989782389694	C9H12O3	[M + H]+	MNBSXKSWDLYJHN	InChI=1S/C9H12O3/c1-4-7(10)5(2)9(12)6(3)8(4)11/h10-12H,1-3H3	2,4,6-Mesitylenetriol	CC1=C(C(=C(C(=C1O)C)O)C)O	1.89999998	193390	MeSH:(193390);PubChem:(193390);PubMed	70
7	1	N/A	-179.8469966517873	C9H12O3	[M + H]+	IRUASSQXBISXFT	InChI=1S/C9H12O3/c1-3-4-5-7-8(10)6(2)12-9(7)11/h3,5-6,8,10H,1,4H2,2H3	null	CC1C(C(=CCC=C)C(=O)O1)O	1.22920656	""	COCONUT:(CNP0081587)	2097152
8	1	N/A	-186.68430946951582	C9H12O3	[M + H]+	VDSLRUXHXCOXFF	InChI=1S/C9H12O3/c1-3-4-5-8(6-10)9(12)7(2)11/h3-6,9,12H,1-2H3	(+) Avellaneol	CC=CC=C(C=O)C(C(=O)C)O	0.300000012	155444;5132634;5384220;6392458;10241181;101324777	COCONUT:(CNP0175292);Natural Products:(UNPD124277);PubChem:(155444 5132634 5384220 6392458 10241181 101324777);SuperNatural:(SN00341053)	3178498
9	1	N/A	-191.96619627507545	C9H12O3	[M + H]+	JJPKPKGALPXILL	InChI=1S/C9H12O3/c1-3-4-5-7-9(11)8(10)6(2)12-7/h5,10H,3-4H2,1-2H3	(2E)-2-butylidene-4-hydroxy-5-methyl-3(2H)-furanone	CCCC=C1C(=O)C(=C(O1)C)O	2.0999999	25203856;25246289	COCONUT:(CNP0136850);Plantcyc:(CPD-10208);PubChem:(25203856 25246289);PubMed;Biocyc:(CPD-10208)	2230338
10	1	N/A	-193.09266253444403	C9H12O3	[M + H]+	QXBYUPMEYVDXIQ	InChI=1S/C9H12O3/c1-5-3-2-4-6-7(5)9(11)12-8(6)10/h5-7H,2-4H2,1H3	3-Methylhexahydrophthalic anhydride	CC1CCCC2C1C(=O)OC2=O	1.60000002	92666;10877514;11768952;15597207;54251538;54251539;98045099;98045100;118984417;124542410	NORMAN:(NS00020667);PubChem class - safety and toxic;PubChem:(92666 10877514 11768952 15597207 54251538 54251539 98045099 98045100 118984417 124542410)	67371010
11	1	N/A	-193.47115007619072	C9H12O3	[M + H]+	RKPDVCWTSQFIPR	InChI=1S/C9H12O3/c1-3-5-11-7-9(10)8-12-6-4-2/h1-2,9-10H,5-8H2	1,3-Dipropargyl glycerol ether	C#CCOCC(COCC#C)O	-0.5	85312	PubChem:(85312);NORMAN:(NS00025272)	262146
12	1	N/A	-198.26566126813017	C9H12O3	[M + H]+	ONKSNFHANJTFMD	InChI=1S/C9H12O3/c1-6-5-9(11)12-8(6)4-3-7(2)10/h5,8H,3-4H2,1-2H3	null	CC1=CC(=O)OC1CCC(=O)C	0.200000003	86168064	COCONUT:(CNP0267510);Natural Products:(UNPD150644);PubChem:(86168064)	2129922
13	1	N/A	-198.92920411171426	C9H12O3	[M + H]+	SDVIYPBSYKHGTP	InChI=1S/C9H12O3/c10-8-6-4-2-1-3-5-7(6)9(11)12-8/h6-7H,1-5H2	1H-Cyclohepta[c]furan-1,3(3aH)-dione, hexahydro-	C1CCC2C(CC1)C(=O)OC2=O	1.70000005	14961728;54300481	PubChem:(14961728 54300481);PubChem class - safety and toxic	67108866
14	1	N/A	-200.43046172529876	C9H12O3	[M + H]+	SRGRIOXSONGZCM	InChI=1S/C9H12O3/c1-5(2)8-4-7(10)6(3)9(11)12-8/h4-5,10H,1-3H3	null	CC1=C(C=C(OC1=O)C(C)C)O	1.70000005	54750380;54750381	COCONUT:(CNP0131967);Natural Products:(UNPD203727);PubChem:(54750380 54750381);PubMed	2129986
15	1	N/A	-201.87245205946908	C9H12O3	[M + H]+	HNMQDFMUEKXHGH	InChI=1S/C9H12O3/c1-4-7-5-8(11-3)6(2)9(10)12-7/h5H,4H2,1-3H3	null	CCC1=CC(=C(C(=O)O1)C)OC	1.70000005	10464705	COCONUT:(CNP0292133);Natural Products:(UNPD208238);PubChem:(10464705)	2129922
16	1	N/A	-202.40464820003646	C9H12O3	[M + H]+	BHEAKUVYOCUIDH	InChI=1S/C9H12O3/c1-4-5-7-6(2)8(10)9(3,11)12-7/h4-5,11H,1-3H3	null	CC=CC1=C(C(=O)C(O1)(C)O)C	1.10000002	15885505	COCONUT:(CNP0216726);Natural Products:(UNPD49406);PubChem:(15885505);SuperNatural:(SN00289516);PubMed	3178562
17	1	N/A	-203.51194845665347	C9H12O3	[M + H]+	FKBMTBAXDISZGN	InChI=1S/C9H12O3/c1-5-2-3-6-7(4-5)9(11)12-8(6)10/h5-7H,2-4H2,1H3	1, hexahydro-5-methyl-	CC1CCC2C(C1)C(=O)OC2=O	1.39999998	86876;53803516;53803517;59722415;76961004;76961005;89088914;98043419;98043420;98048165;98048166;122659097;122130050;124632484;124708432	NORMAN:(NS00009296);MeSH:(86876 59722415);PubChem class - safety and toxic;PubChem:(86876 53803516 53803517 59722415 76961004 76961005 89088914 98043419 98043420 98048165 98048166 122659097 122130050 124632484 124708432);PubMed	67371078
18	1	N/A	-205.44333786130284	C9H12O3	[M + H]+	LXUHYMCTFZFCCV	InChI=1S/C9H12O3/c1-6-8(10)4-7(11-2)5-9(6)12-3/h4-5,10H,1-3H3	Phenol, 3,5-dimethoxy-2-methyl-	CC1=C(C=C(C=C1OC)OC)O	1.89999998	10975870	COCONUT:(CNP0284366);HMDB:(131223);Natural Products:(UNPD42349);PubChem:(10975870);ZINC bio:(ZINC14590482);PubChem class - bio and metabolites;PubMed	18915402
19	1	N/A	-206.55112620172895	C9H12O3	[M + H]+	NKRMCRMCMGRKHS	InChI=1S/C9H12O3/c1-3-8(11)12-9-6(2)4-5-7(9)10/h3-5H2,1-2H3	Cyclotene propionate	CCC(=O)OC1=C(CCC1=O)C	0.899999976	66600	NORMAN:(NS00022859);PubChem class - food;PubChem:(66600)	134479874
20	1	N/A	-208.7862894320625	C9H12O3	[M + H]+	YBYTXDYYDLJVKY	InChI=1S/C9H12O3/c1-3-4-5-7-6(2)8(10)12-9(7)11/h4-7H,3H2,1-2H3	null	CCC=CC1C(C(=O)OC1=O)C	1.60000002	101523003;132537413	COCONUT:(CNP0108581);Natural Products:(UNPD37820);PubChem:(101523003 132537413);SuperNatural:(SN00275835)	3178498
21	1	N/A	-210.1639325643585	C9H12O3	[M + H]+	YKPMLSJXUUXDMF	InChI=1S/C9H12O3/c1-4-7-6(2)8(11-3)5-9(10)12-7/h5H,4H2,1-3H3	2H-Pyran-2-one, 6-ethyl-4-methoxy-5-methyl-	CCC1=C(C(=CC(=O)O1)OC)C	1.20000005	13319284	COCONUT:(CNP0342426);Natural Products:(UNPD84128);PubChem:(13319284);SuperNatural:(SN00302200)	3178498
22	1	N/A	-212.68285329339344	C9H12O3	[M + H]+	SSMMTPZRMUMKMC	InChI=1S/C9H12O3/c1-5-7(11)3-4-8(12)9(5)6(2)10/h3-4,6,10-12H,1-2H3	null	CC1=C(C=CC(=C1C(C)O)O)O	1.60000002	131018770;129844409;129844411	COCONUT:(CNP0125535);Natural Products:(UNPD215197);PubChem:(131018770 129844409 129844411)	2129922
23	1	N/A	-214.45865606968388	C9H12O3	[M + H]+	BPRRKSUPVYPJRD	InChI=1S/C9H12O3/c1-5-7(10)4-8(12-3)6(2)9(5)11/h4,10-11H,1-3H3	null	CC1=C(C(=C(C=C1O)OC)C)O	1.89999998	13319285	HMDB:(126600);PubChem:(13319285);PubChem class - bio and metabolites	16777226
24	1	N/A	-219.71850381424704	C9H12O3	[M + H]+	OQPFDUQISZRPAU	InChI=1S/C9H12O3/c1-4-7-6(2)12-9(10)5-8(7)11-3/h5H,4H2,1-3H3	null	CCC1=C(OC(=O)C=C1OC)C	1.20000005	13319282	COCONUT:(CNP0121274);Natural Products:(UNPD48237);PubChem:(13319282);SuperNatural:(SN00335832)	3178498
25	1	N/A	-219.9142408907941	C9H12O3	[M + H]+	XBGHSBRNXBJICG	InChI=1S/C9H12O3/c1-6-4-7(10)9(12-3)8(5-6)11-2/h4-5,10H,1-3H3	Ambap1128-32-1	CC1=CC(=C(C(=C1)OC)OC)O	1.89999998	70782	NORMAN:(NS00023660);PubChem:(70782);ZINC bio:(ZINC02004385);KEGG Mine	8590204930
26	1	N/A	-221.315196335381	C9H12O3	[M + H]+	VYKXQOYUCMREIS	InChI=1S/C9H12O3/c1-9-5-3-2-4-6(9)7(10)12-8(9)11/h6H,2-5H2,1H3	Epitope ID:122963	CC12CCCCC1C(=O)OC2=O	1.5	3016472;13054539;71351270;88489536;95054966	NORMAN:(NS00009863);PubChem class - safety and toxic;PubChem:(3016472 13054539 71351270 88489536 95054966);PubMed;CHEBI:(55461)	67371106
27	1	N/A	-221.6810962615995	C9H12O3	[M + H]+	PZUYCBPAARZYQH	InChI=1S/C9H12O3/c1-4-5-7-6(2)8(11-3)9(10)12-7/h4-5,7H,1-3H3	null	CC=CC1C(=C(C(=O)O1)OC)C	1.39999998	101410663;131860056	COCONUT:(CNP0291090);Natural Products:(UNPD160472);PubChem:(101410663 131860056);SuperNatural:(SN00268523)	3178498
28	1	N/A	-228.79347652778262	C9H12O3	[M + H]+	USBNKSOGWINKLJ	InChI=1S/C9H12O3/c10-8(9(11)12)6-7-4-2-1-3-5-7/h2,4,7H,1,3,5-6H2,(H,11,12)	3-[(1S)-cyclohex-3-en-1-yl)]-2-oxopropanoate	C1CC=CC(C1)CC(=O)C(=O)O	1.60000002	91820477;91820478	PubChem:(91820477 91820478);PubMed;Biocyc:(CPD-12683);PubChem class - bio and metabolites	16779330
29	1	N/A	-228.94734424230492	C9H12O3	[M + H]+	LKUDPHPHKOZXCD	InChI=1S/C9H12O3/c1-10-7-4-8(11-2)6-9(5-7)12-3/h4-6H,1-3H3	Spectrum_001404	COC1=CC(=CC(=C1)OC)OC	1.80743051	69301;11586360;11194565	HMDB:(59963);SuperNatural:(SN00001375);ZINC bio:(ZINC00388241);MeSH:(69301);Plantcyc:(CPD-9500);PubMed;NORMAN:(NS00034923);COCONUT:(CNP0284353);KNApSAcK:(35454);Natural Products:(UNPD55591);PubChem:(69301 11586360 11194565);CHEBI:(31038);PubChem class - bio and metabolites;PubChem class - safety and toxic;Biocyc:(CPD-9500)	87468158
30	1	N/A	-230.29134543368346	C9H12O3	[M + H]+	MWZGBLCWNBDPCZ	InChI=1S/C9H12O3/c1-6(2)9(11)12-5-7(3)8(4)10/h1,3,5H2,2,4H3	null	CC(=C)C(=O)OCC(=C)C(=O)C	1.298123	""	COCONUT:(CNP0243851);Natural Products:(UNPD113962)	2129920
31	1	N/A	-232.1134856413515	C9H12O3	[M + H]+	ZFBNNSOJNZBLLS	InChI=1S/C9H12O3/c1-6-4-7(11-2)9(10)8(5-6)12-3/h4-5,10H,1-3H3	4-Methylsyringol	CC1=CC(=C(C(=C1)OC)O)OC	1.89999998	240925;135027678	HMDB:(29680);PubChem class - food;SuperNatural:(SN00238345);ZINC bio:(ZINC00403494);PubMed;NORMAN:(NS00022641);COCONUT:(CNP0111116);Natural Products:(UNPD32400);PubChem:(240925 135027678);PubChem class - bio and metabolites;PubChem class - safety and toxic;KEGG Mine	8811487306
32	1	N/A	-233.4052782888005	C9H12O3	[M + H]+	RNKOUSCCPHSCFE	InChI=1S/C9H12O3/c1-11-8-4-3-7(6-10)9(5-8)12-2/h3-5,10H,6H2,1-2H3	2,4-Dimethoxybenzylalcohol	COC1=CC(=C(C=C1)CO)OC	1.36244261	81750	NORMAN:(NS00037476);PubChem:(81750);ZINC bio:(ZINC00164135);MeSH:(81750);PubChem class - safety and toxic;PubMed	67379270
33	1	N/A	-235.50622417999818	C9H12O3	[M + H]+	WGQMUABRZGUAOS	InChI=1S/C9H12O3/c1-11-8-3-4-9(12-2)7(5-8)6-10/h3-5,10H,6H2,1-2H3	2,5-Dimethoxybenzyl alcohol	COC1=CC(=C(C=C1)OC)CO	1.0	118495;11344240	NORMAN:(NS00029503);COCONUT:(CNP0079957);PubChem:(118495 11344240);PubMed;ZINC bio:(ZINC00388568)	2367554
34	1	N/A	-235.68529306440192	C9H12O3	[M + H]+	DPTPQXXDBLPEOP	InChI=1S/C9H12O3/c10-5-1-2-7-3-4-8(11)9(12)6-7/h3-4,6,10-12H,1-2,5H2	1,2-Benzenediol, 4-(3-hydroxypropyl)-	C1=CC(=C(C=C1CCCO)O)O	1.44141102	11217464	COCONUT:(CNP0326950);KNApSAcK:(31551);Natural Products:(UNPD194957);PubChem:(11217464);SuperNatural:(SN00311959);PubMed;KEGG Mine	8593113170
35	1	N/A	-235.74493429724058	C9H12O3	[M + H]+	AIISKGPIMSRMOR	InChI=1S/C9H12O3/c1-6(10)2-7-3-8(11)5-9(12)4-7/h3-6,10-12H,2H2,1H3	null	CC(CC1=CC(=CC(=C1)O)O)O	1.20000005	10725775;85247152	COCONUT:(CNP0275743);Natural Products:(UNPD176565);PubChem:(10725775 85247152);SuperNatural:(SN00367811)	3178498
36	1	N/A	-237.4793655315543	C9H12O3	[M + H]+	SZDUUCCXZRJZRL	InChI=1S/C9H12O3/c1-5-4-7(10)6-2-3-12-9(11)8(5)6/h6-7,10H,2-4H2,1H3	null	CC1=C2C(CCOC2=O)C(C1)O	0.200000003	16104905;44631599	COCONUT:(CNP0355739);Natural Products:(UNPD197971);PubChem:(16104905 44631599)	2129922
37	1	N/A	-239.4320733088809	C9H12O3	[M + H]+	NLYACRFEAFZTNA	InChI=1S/C9H12O3/c10-9-5-4-8(12-9)7-3-1-2-6-11-7/h4-5,7-8H,1-3,6H2	Thp-furanone	C1CCOC(C1)C2C=CC(=O)O2	1.0	197377;139053221	MeSH:(197377);PubChem:(197377 139053221);PubMed	70
38	1	N/A	-239.6719238637179	C9H12O3	[M + H]+	UEFJTAUSZUHPLN	InChI=1S/C9H12O3/c1-6-3-2-4-7(11)9(6)8(12)5-10/h2-4,8,10-12H,5H2,1H3	null	CC1=C(C(=CC=C1)O)C(CO)O	0.899999976	15690447	COCONUT:(CNP0239390);Natural Products:(UNPD38103);PubChem:(15690447);SuperNatural:(SN00256453)	3178498
39	1	N/A	-239.77786890020468	C9H12O3	[M + H]+	RCKBJIXCWVUPOX	InChI=1S/C9H12O3/c1-3-4-7-5-8(11-2)6-9(10)12-7/h5-6H,3-4H2,1-2H3	2H-Pyran-2-one, 4-methoxy-6-propyl-	CCCC1=CC(=CC(=O)O1)OC	1.60000002	11286684	COCONUT:(CNP0278861);KNApSAcK:(44524);Natural Products:(UNPD38821);PubChem:(11286684);SuperNatural:(SN00309662)	3178514
40	1	N/A	-243.73591882549218	C9H12O3	[M + H]+	SZGDLYGGRGFSLD	InChI=1S/C9H12O3/c10-6-2-4-7-3-1-5-8(11)9(7)12/h1,3,5,10-12H,2,4,6H2	3-(3-hydroxypropyl)benzene-1,2-diol	C1=CC(=C(C(=C1)O)O)CCCO	1.10000002	18982198	COCONUT:(CNP0276683);Natural Products:(UNPD147616);PubChem:(18982198);SuperNatural:(SN00383387)	3178498
41	1	N/A	-244.28952182714377	C9H12O3	[M + H]+	WQUFPWFQPKBPHQ	InChI=1S/C9H12O3/c1-5(2)8-4-7(9(10)11)6(3)12-8/h4-5H,1-3H3,(H,10,11)	Ambcb9071314	CC1=C(C=C(O1)C(C)C)C(=O)O	2.0999999	21433405	PubChem:(21433405);PubChem class - safety and toxic	67108866
42	1	N/A	-244.3392570345472	C9H12O3	[M + H]+	PIYCCGIPUXJHIW	InChI=1S/C9H12O3/c1-6(10)9(12)7-2-4-8(11)5-3-7/h2-6,9-12H,1H3	null	CC(C(C1=CC=C(C=C1)O)O)O	0.5	75411975;92466565;92466566;92466567;92466568	COCONUT:(CNP0258904);Natural Products:(UNPD104796 UNPD126135 UNPD43361);PubChem:(75411975 92466565 92466566 92466567 92466568);SuperNatural:(SN00374927 SN00337771 SN00229377);Training Set;PubMed;KEGG Mine	8593129538
43	1	N/A	-246.23377386530234	C9H12O3	[M + H]+	CRUILBNAQILVHZ	InChI=1S/C9H12O3/c1-10-7-5-4-6-8(11-2)9(7)12-3/h4-6H,1-3H3	bmse010218	COC1=C(C(=CC=C1)OC)OC	1.80743051	12462;10442102	PubChem class - food;SuperNatural:(SN00155750);ZINC bio:(ZINC00152503);MeSH:(12462);PubMed;NORMAN:(NS00009609);COCONUT:(CNP0303518);KNApSAcK:(42023);Natural Products:(UNPD59985);PubChem:(12462 10442102);CHEBI:(86529);PubChem class - safety and toxic;KEGG Mine	8794710134
44	1	N/A	-248.49440573891104	C9H12O3	[M + H]+	KUMMBDBTERQYCG	InChI=1S/C9H12O3/c1-6-2-7(4-10)9(12)8(3-6)5-11/h2-3,10-12H,4-5H2,1H3	Oprea1_724006	CC1=CC(=C(C(=C1)CO)O)CO	0.699999988	7039	NORMAN:(NS00020357);PubChem class - safety and toxic;PubChem:(7039);PubMed	67371074
45	1	N/A	-249.1161219306758	C9H12O3	[M + H]+	SQAMZFDWYRVIMG	InChI=1S/C9H12O3/c10-4-7-1-8(5-11)3-9(2-7)6-12/h1-3,10-12H,4-6H2	1,3,5-Benzenetrimethanol	C1=C(C=C(C=C1CO)CO)CO	-0.699999988	2748048	COCONUT:(CNP0057272);PubChem:(2748048);SuperNatural:(SN00120785);ZINC bio:(ZINC02573141)	3153922
46	1	N/A	-249.18310170636315	C9H12O3	[M + H]+	DFYHDDCNKMPXMX	InChI=1S/C9H12O3/c1-6(2)3-8-4-7(10)5-9(11)12-8/h4-6,10H,3H2,1-2H3	null	CC(C)CC1=CC(=CC(=O)O1)O	1.70000005	25203460;54727587	COCONUT:(CNP0001422);Plantcyc:(CPD-7146);PubChem:(25203460 54727587);Biocyc:(SMA-0000263 CPD-7146 SMA-0000337)	2230274
47	1	N/A	-250.73706109004524	C9H12O3	[M + H]+	XRLGHWYZNGYZOW	InChI=1S/C9H12O3/c1-6(10)2-3-7-8(11)4-5-9(7)12/h7H,2-5H2,1H3	2-(3-oxobutyl)cyclopentane-1,3-dione	CC(=O)CCC1C(=O)CCC1=O	-0.300000012	56723776	COCONUT:(CNP0398784);PubChem:(56723776);SuperNatural:(SN00105395);ZINC bio:(ZINC66442571)	3153922
48	1	N/A	-254.8314790689308	C9H12O3	[M + H]+	ZPMJPLRFVUUDDF	InChI=1S/C9H12O3/c1-2-9(10)12-7-8-5-3-4-6-11-8/h2,4,6,8H,1,3,5,7H2	(3,4-Dihydro-2H-pyran-2-yl)methyl acrylate	C=CC(=O)OCC1CCC=CO1	1.70000005	107300;92256116;92256120	PubChem:(107300 92256116 92256120);NORMAN:(NS00048758)	262146
49	1	N/A	-255.9805921181618	C9H12O3	[M + H]+	XHFTUEUYCQGDGX	InChI=1S/C9H12O3/c1-6(10)5-7-3-2-4-8(11)9(7)12/h2-4,6,10-12H,5H2,1H3	null	CC(CC1=C(C(=CC=C1)O)O)O	1.20000005	25181512;90962760	COCONUT:(CNP0207246);Natural Products:(UNPD120592);PubChem:(25181512 90962760);SuperNatural:(SN00232086);PubMed	3178562
50	1	N/A	-257.313370384841	C9H12O3	[M + H]+	AUDBREYGQOXIFT	InChI=1S/C9H12O3/c1-11-8-3-7(6-10)4-9(5-8)12-2/h3-5,10H,6H2,1-2H3	3,5-Dimethoxybenzylalcohol	COC1=CC(=CC(=C1)CO)OC	1.0	69718;10419594	NORMAN:(NS00037066);COCONUT:(CNP0145091);PubChem:(69718 10419594);PubMed;ZINC bio:(ZINC00388570)	2367554
51	1	N/A	-257.95419146919284	C9H12O3	[M + H]+	BYAVMBAAZQAOHB	InChI=1S/C9H12O3/c1-6(2)5-8-9(11)7(10)3-4-12-8/h3-4,6,11H,5H2,1-2H3	3-Hydroxy-2-isobutyl-4H-pyran-4-one	CC(C)CC1=C(C(=O)C=CO1)O	1.60000002	156380	PubChem:(156380);PubChem class - safety and toxic	67108866
52	1	N/A	-261.00294556990417	C9H12O3	[M + H]+	RSBDFZVSPPQNOZ	InChI=1S/C9H12O3/c1-3-6-4-5-7(10)9(12-2)8(6)11/h4-5,10-11H,3H2,1-2H3	null	CCC1=C(C(=C(C=C1)O)OC)O	2.0	131832021	HMDB:(125541);PubChem:(131832021);YMDB Mine;PubChem class - bio and metabolites	34376515594
53	1	N/A	-262.0487653612839	C9H12O3	[M + H]+	CRLBBOBKCLYCJK	InChI=1S/C9H12O3/c1-11-8-5-3-4-7(6-10)9(8)12-2/h3-5,10H,6H2,1-2H3	o-Veratryl alcohol	COC1=CC=CC(=C1OC)CO	1.0	79738	NORMAN:(NS00033540);PubChem:(79738);ZINC bio:(ZINC00157466)	270338
54	1	N/A	-262.2810347904459	C9H12O3	[M + H]+	MMHXUZUVNFJVET	InChI=1S/C9H12O3/c10-5-7-2-1-6-3-4-12-9(11)8(6)7/h2,6,8,10H,1,3-5H2	null	C1COC(=O)C2C1CC=C2CO	0.0	15768074;10397184	COCONUT:(CNP0307940);Natural Products:(UNPD128440);PubChem:(15768074 10397184);SuperNatural:(SN00345739);MeSH:(10397184);PubMed	3178566
55	1	N/A	-262.31632106771383	C9H12O3	[M + H]+	WKFHMCQSKSSHIR	InChI=1S/C9H12O3/c1-11-6-7-5-8(10)3-4-9(7)12-2/h3-5,10H,6H2,1-2H3	4-Methoxy-3-(methoxymethyl)phenol	COCC1=C(C=CC(=C1)O)OC	1.20000005	597771	PubChem:(597771);NORMAN:(NS00010671)	262146
56	1	N/A	-262.71312903242	C9H12O3	[M + H]+	WQOLWBBJVRDUBQ	InChI=1S/C9H12O3/c1-6-7(4-10)2-9(12)3-8(6)5-11/h2-3,10-12H,4-5H2,1H3	null	CC1=C(C=C(C=C1CO)O)CO	0.200000003	23616350	PubChem:(23616350);NORMAN:(NS00041410)	262146
57	1	N/A	-264.3979703186279	C9H12O3	[M + H]+	VLWNCJPMUMKUMF	InChI=1S/C9H12O3/c1-2-7(10)6-3-4-8(11)9(12)5-6/h3-5,7,10-12H,2H2,1H3	4-(1-Hydroxypropyl)-1,2-benzenediol	CCC(C1=CC(=C(C=C1)O)O)O	1.44471943	213092;59044570	PubChem:(213092 59044570);PubChem class - safety and toxic	67108866
58	1	N/A	-265.0858994366462	C9H12O3	[M + H]+	QKLTYJCFWAJSON	InChI=1S/C9H12O3/c1-2-12-6-7-3-4-8(10)9(11)5-7/h3-5,10-11H,2,6H2,1H3	null	CCOCC1=CC(=C(C=C1)O)O	1.38375306	117220650	COCONUT:(CNP0111800);Natural Products:(UNPD117321);PubChem:(117220650)	2129922
59	1	N/A	-266.94624104193355	C9H12O3	[M + H]+	GFWLMILMVMCJDI	InChI=1S/C9H12O3/c10-7-5-9(3-1-2-4-9)6-8(11)12-7/h1-6H2	8-Oxaspiro[4.5]-7,9-decanedione	C1CCC2(C1)CC(=O)OC(=O)C2	1.60000002	79743	MeSH:(79743);PubChem class - safety and toxic;PubChem:(79743);PubMed	67108934
60	1	N/A	-269.0054600424609	C9H12O3	[M + H]+	YUBJKXYXGZMUGT	InChI=1S/C9H12O3/c10-6-9(12)5-7-1-3-8(11)4-2-7/h1-4,9-12H,5-6H2	1,2-Propanediol, 3-(4-hydroxyphenyl)-	C1=CC(=CC=C1CC(CO)O)O	0.5	17760156;124355530;124355531	COCONUT:(CNP0307223);Natural Products:(UNPD64567);PubChem:(17760156 124355530 124355531);SuperNatural:(SN00380086);PubMed	3178562
61	1	N/A	-269.58854643806455	C9H12O3	[M + H]+	HMFXLRRRGHKBCH	InChI=1S/C9H12O3/c1-2-3-4-6-7(10)5-8(11)9(6)12/h6H,2-5H2,1H3	3-butylcyclopentane-1,2,4-trione	CCCCC1C(=O)CC(=O)C1=O	1.5	39435;98141006;98141007	PubChem:(39435 98141006 98141007);PubChem class - safety and toxic	67108866
62	1	N/A	-270.2762919878826	C9H12O3	[M + H]+	HZSPPNGQCJIGRP	InChI=1S/C9H12O3/c10-8-6-3-1-4-5(2-3)11-9(12-8)7(4)6/h3-10H,1-2H2	null	C1C2CC3C1C4C2C(OC4O3)O	0.5	25229078;102280056	COCONUT:(CNP0106028);Natural Products:(UNPD434);PubChem:(25229078 102280056);SuperNatural:(SN00363002)	3178498
63	1	N/A	-270.47262688291465	C9H12O3	[M + H]+	FNQIYTUXOKTMDM	InChI=1S/C9H12O3/c10-6-8(11)7-12-9-4-2-1-3-5-9/h1-5,8,10-11H,6-7H2	Antodyne	C1=CC=C(C=C1)OCC(CO)O	0.834260762	10857;853635;855016;102379309	NORMAN:(NS00043102);PubChem:(10857 853635 855016 102379309);MeSH:(10857);PubChem class - safety and toxic;PubMed;KEGG Mine	8657305670
64	1	N/A	-273.2676610907571	C9H12O3	[M + H]+	RJYQLMILDVERHH	InChI=1S/C9H12O3/c1-7(10)2-3-9(11)8-4-5-12-6-8/h4-7,10H,2-3H2,1H3	4-Ipomeanol	CC(CCC(=O)C1=COC=C1)O	1.24248052	36284;6711829;6711830	COCONUT:(CNP0135487);HMDB:(30472);Natural Products:(UNPD147340);PubChem:(36284 6711829 6711830);SuperNatural:(SN00350314);ZINC bio:(ZINC01581357 ZINC05751230);PubChem class - bio and metabolites;HSDB:(32954-58-8);MeSH:(36284);PubChem class - safety and toxic;PubMed	87073358
65	1	N/A	-275.8462859663124	C9H12O3	[M + H]+	WTOALSNXZAGLOW	InChI=1S/C9H12O3/c1-3-6-4-9(12-2)8(11)5-7(6)10/h4-5,10-11H,3H2,1-2H3	null	CCC1=CC(=C(C=C1O)O)OC	2.0	131832018	HMDB:(125521);PubChem:(131832018);YMDB Mine;PubChem class - bio and metabolites	34376515594
66	1	N/A	-275.9586876879207	C9H12O3	[M + H]+	IUEMXUVDZUDHCF	InChI=1S/C9H12O3/c1-12-9(11)6-2-5-4-8(10)7(5)3-6/h5-7H,2-4H2,1H3	null	COC(=O)C1CC2CC(=O)C2C1	0.300000012	132342112	PubChem:(132342112);PubChem class - safety and toxic	67108866
67	1	N/A	-276.3994903359793	C9H12O3	[M + H]+	IGGLYMZTLQKWGT	InChI=1S/C9H12O3/c1-7(10)2-3-9(11)8-4-5-12-6-8/h4-6,9,11H,2-3H2,1H3	1-Ipomeanol	CC(=O)CCC(C1=COC=C1)O	0.100000001	161819;121492965;121492966	COCONUT:(CNP0324592);HMDB:(30473);Natural Products:(UNPD86961);PubChem:(161819 121492965 121492966);SuperNatural:(SN00286838);PubChem class - bio and metabolites;MeSH:(161819);PubChem class - safety and toxic	87064590
68	1	N/A	-278.9086714040402	C9H12O3	[M + H]+	USDDPDQEVLAOBO	InChI=1S/C9H12O3/c1-11-6-7-3-4-8(10)9(5-7)12-2/h3-5,10H,6H2,1-2H3	2-Methoxy-4-(methoxymethyl)phenol	COCC1=CC(=C(C=C1)O)OC	1.36244261	79662	NORMAN:(NS00012834);COCONUT:(CNP0276003);Natural Products:(UNPD147155);PubChem:(79662);PubChem class - safety and toxic;PubMed;KEGG Mine	8659435586
69	1	N/A	-280.26674382732597	C9H12O3	[M + H]+	PILZQFAVBOKECT	InChI=1S/C9H12O3/c10-8-6-7(8)4-2-1-3-5-9(11)12/h6H,1-5H2,(H,11,12)	1-Cyclopropene-1-hexanoic acid, 3-oxo-	C1=C(C1=O)CCCCCC(=O)O	1.20000005	11819412	COCONUT:(CNP0320876);Natural Products:(UNPD129685);PubChem:(11819412);SuperNatural:(SN00377750)	3178498
70	1	N/A	-280.4396108124527	C9H12O3	[M + H]+	RKXVEGXHNVBDFB	InChI=1S/C9H12O3/c1-5(2)7(10)9-3-6(9)4-12-8(9)11/h5-6H,3-4H2,1-2H3	null	CC(C)C(=O)C12CC1COC2=O	1.06995702	""	COCONUT:(CNP0297203)	2097152
71	1	N/A	-280.56084380238764	C9H12O3	[M + H]+	YNJBEZAZHBOGTK	InChI=1S/C9H12O3/c1-2-12-9-4-3-7(6-10)5-8(9)11/h3-5,10-11H,2,6H2,1H3	null	CCOC1=C(C=C(C=C1)CO)O	1.0	130034882	COCONUT:(CNP0221615);Natural Products:(UNPD7851);PubChem:(130034882);SuperNatural:(SN00325789)	3178498
72	1	N/A	-281.47539708081644	C9H12O3	[M + H]+	AGIQIOSHSMJYJP	InChI=1S/C9H12O3/c1-10-7-4-5-8(11-2)9(6-7)12-3/h4-6H,1-3H3	1,2,4-Trimethoxybenzene	COC1=CC(=C(C=C1)OC)OC	1.80743051	67284;10012311;44250273	NORMAN:(NS00024400);COCONUT:(CNP0327068);Natural Products:(UNPD90305);PubChem:(67284 10012311 44250273);SuperNatural:(SN00402503);ZINC bio:(ZINC00391982);MeSH:(67284);PubChem class - safety and toxic;PubMed	70557766
73	1	N/A	-282.04530635162183	C9H12O3	[M + H]+	RPGJIQZXDGEQNQ	InChI=1S/C9H12O3/c1-2-12-9-4-3-8(11)5-7(9)6-10/h3-5,10-11H,2,6H2,1H3	null	CCOC1=C(C=C(C=C1)O)CO	1.0	100953211	COCONUT:(CNP0181724);Natural Products:(UNPD23431);PubChem:(100953211)	2129922
74	1	N/A	-282.91378671422575	C9H12O3	[M + H]+	NTNORUCWSHQVSH	InChI=1S/C9H12O3/c10-6-5-9(12)7-1-3-8(11)4-2-7/h1-4,9-12H,5-6H2	null	C1=CC(=CC=C1C(CCO)O)O	0.400000006	89791209	COCONUT:(CNP0181987);Natural Products:(UNPD218328);PubChem:(89791209)	2129922
75	1	N/A	-282.93568898814976	C9H12O3	[M + H]+	OHHCFPNVYBOGQI	InChI=1S/C9H12O3/c10-4-6-3-9-7(1-2-12-9)8(6)5-11/h1-3,7-11H,4-5H2	null	C1=COC2C1C(C(=C2)CO)CO	-0.899999976	10535100;85176345	COCONUT:(CNP0239900);Natural Products:(UNPD27916);PubChem:(10535100 85176345);SuperNatural:(SN00356363)	3178498
76	1	N/A	-284.0577105405206	C9H12O3	[M + H]+	PPUFZEKAOXNVLU	InChI=1S/C9H12O3/c1-12-9-3-2-7(4-5-10)6-8(9)11/h2-3,6,10-11H,4-5H2,1H3	null	COC1=C(C=C(C=C1)CCO)O	1.40192688	10034991	COCONUT:(CNP0076040);PubChem:(10034991);PubMed;ZINC bio:(ZINC14488434);KEGG Mine	8592040002
77	1	N/A	-286.54993043638024	C9H12O3	[M + H]+	OEGPRYNGFWGMMV	InChI=1S/C9H12O3/c1-11-8-4-3-7(6-10)5-9(8)12-2/h3-5,10H,6H2,1-2H3	bmse010029	COC1=C(C=C(C=C1)CO)OC	1.36244261	7118;12243191;45039058;101137834	SuperNatural:(SN00403089);ZINC bio:(ZINC00388569);MeSH:(7118);Plantcyc:(CPD-12798);PubMed;NORMAN:(NS00039520);COCONUT:(CNP0202849);KNApSAcK:(35487);Natural Products:(UNPD196295);PubChem:(7118 12243191 45039058 101137834);CHEBI:(62150);PubChem class - bio and metabolites;KEGG:(C21420);PubChem class - safety and toxic;Biocyc:(SMA-0000530 CPD-12798);KEGG Mine	8677402998
78	1	N/A	-287.63802173337746	C9H12O3	[M + H]+	XHUBSJRBOQIZNI	InChI=1S/C9H12O3/c1-12-9-6-7(4-5-10)2-3-8(9)11/h2-3,6,10-11H,4-5H2,1H3	Homovanillic alcohol	COC1=C(C=CC(=C1)CCO)O	1.40192688	16928	HMDB:(38925);SuperNatural:(SN00264289);ZINC bio:(ZINC00388293);additional;MeSH:(16928);PubMed;NORMAN:(NS00027490);COCONUT:(CNP0423217);Natural Products:(UNPD51145);PubChem:(16928);PubChem class - bio and metabolites;PubChem class - safety and toxic;YMDB:(1712);Training Set;KEGG Mine	8677875790
79	1	N/A	-289.4544297379056	C9H12O3	[M + H]+	ULCZGZGLABEWDG	InChI=1S/C9H12O3/c1-2-12-9-5-7(6-10)3-4-8(9)11/h3-5,10-11H,2,6H2,1H3	2-Ethoxy-4-(hydroxymethyl)phenol	CCOC1=C(C=CC(=C1)CO)O	1.0	597767	PubChem class - safety and toxic;PubChem:(597767);YMDB Mine	34426847234
80	1	N/A	-292.304388817973	C9H12O3	[M + H]+	OOWGFJQYZCXHEY	InChI=1S/C9H12O3/c1-11-8-2-4-9(5-3-8)12-7-6-10/h2-5,10H,6-7H2,1H3	methoxyphenoxyethanol	COC1=CC=C(C=C1)OCCO	1.31010461	220079;10855917;10986692	PubChem class - safety and toxic;PubChem:(220079 10855917 10986692);PubMed	67108930
81	1	N/A	-293.23291079863367	C9H12O3	[M + H]+	OHQCBEWNAYWDNA	InChI=1S/C9H12O3/c10-5-8(6-11)7-1-3-9(12)4-2-7/h1-4,8,10-12H,5-6H2	2-(4-hydroxyphenyl)propane-1,3-diol	C1=CC(=CC=C1C(CO)CO)O	0.703202903	14766145	PubChem:(14766145);PubChem class - safety and toxic	67108866
82	1	N/A	-296.56880599868964	C9H12O3	[M + H]+	OUHGBYXZEKXBRV	InChI=1S/C9H12O3/c1-9(2,11)5-8(10)7-3-4-12-6-7/h3-4,6,11H,5H2,1-2H3	null	CC(C)(CC(=O)C1=COC=C1)O	1.034132	""	COCONUT:(CNP0395272)	2097152
83	1	N/A	-297.6249307918899	C9H12O3	[M + H]+	BDRRAMWDUCXAKG	InChI=1S/C9H12O3/c1-6(10)7-3-4-8(11)9(5-7)12-2/h3-6,10-11H,1-2H3	Apocynol	CC(C1=CC(=C(C=C1)O)OC)O	1.40523529	1512581;1512582;17203	PubChem:(1512581 1512582 17203);YMDB Mine;CHEBI:(86590);ZINC bio:(ZINC01433190 ZINC01433191);MeSH:(17203);PubChem class - safety and toxic;PubMed;KEGG Mine	43016790118
84	1	N/A	-297.7891796074586	C9H12O3	[M + H]+	FNPVZMDIIRYDGY	InChI=1S/C9H12O3/c1-2-3-7(10)9-4-6(9)5-12-8(9)11/h6H,2-5H2,1H3	null	CCCC(=O)C12CC1COC2=O	1.14574111	""	COCONUT:(CNP0336817)	2097152
85	1	N/A	-298.5714424626334	C9H12O3	[M + H]+	POVJSJMXWVTKRR	InChI=1S/C9H12O3/c10-7-12-8-11-6-9-4-2-1-3-5-9/h1-5,10H,6-8H2	[(benzyloxy)methoxy]methanol	C1=CC=C(C=C1)COCOCO	0.899999976	161872	PubChem:(161872);NORMAN:(NS00029858)	262146
86	1	N/A	-299.70573894126017	C9H12O3	[M + H]+	YYXJGWHFSNJMDX	InChI=1S/C9H12O3/c1-3-12-9-6-7(10)4-5-8(9)11-2/h4-6,10H,3H2,1-2H3	3-Ethoxy-4-methoxyphenol	CCOC1=C(C=CC(=C1)O)OC	1.82874095	580771	NORMAN:(NS00056182);PubChem:(580771);ZINC bio:(ZINC00393443)	270338
87	1	N/A	-304.2052041354964	C9H12O3	[M + H]+	PAMQYEWNNPDBLM	InChI=1S/C9H12O3/c1-2-3-6-12-9(10)8-5-4-7-11-8/h4-5,7H,2-3,6H2,1H3	Butyl furoate	CCCCOC(=O)C1=CC=CO1	2.23037267	11409	NORMAN:(NS00022420);PubChem class - food;PubChem class - safety and toxic;PubChem:(11409)	201588738
88	1	N/A	-307.30539900301153	C9H12O3	[M + H]+	NCYDYIPWQYAXJH	InChI=1S/C9H12O3/c1-3-6-4-7(10)9(11)8(5-6)12-2/h4-5,10-11H,3H2,1-2H3	null	CCC1=CC(=C(C(=C1)OC)O)O	2.0	68022775	HMDB:(125531);PubChem:(68022775);YMDB Mine;PubChem class - bio and metabolites	34376515594
89	1	N/A	-307.3142051678881	C9H12O3	[M + H]+	CRTWVYYKVHLMDK	InChI=1S/C9H12O3/c1-12-8-4-2-7(3-5-8)9(11)6-10/h2-5,9-11H,6H2,1H3	4-Methoxyphenylethyleneglycol	COC1=CC=C(C=C1)C(CO)O	0.400000006	586364;11715232;69796036;101170565;101170566;101170567;101170568;101170569;101170570	COCONUT:(CNP0240871);Natural Products:(UNPD88180);PubChem:(586364 11715232 69796036 101170565 101170566 101170567 101170568 101170569 101170570);SuperNatural:(SN00232717);ZINC bio:(ZINC13548619 ZINC13548621)	3186690
90	1	N/A	-307.8210165387394	C9H12O3	[M + H]+	MKOPEOKHXIVNMO	InChI=1S/C9H12O3/c1-2-3-6-11-9-5-4-8(7-10)12-9/h4-5,7H,2-3,6H2,1H3	2-Furancarboxaldehyde, 5-butoxy-	CCCCOC1=CC=C(O1)C=O	2.29999995	19422225	PubChem:(19422225);PubChem class - safety and toxic	67108866
91	1	N/A	-308.56729513545474	C9H12O3	[M + H]+	NIGIGWPNXVNZRK	InChI=1S/C9H12O3/c1-11-6-7-12-9-4-2-8(10)3-5-9/h2-5,10H,6-7H2,1H3	4-(2-Methoxyethoxy)phenol	COCCOC1=CC=C(C=C1)O	1.31010461	13313561	PubChem:(13313561);PubChem class - safety and toxic	67108866
92	1	N/A	-309.44607043513514	C9H12O3	[M + H]+	IBJHHTXBSACNEB	InChI=1S/C9H12O3/c1-9(2)3-7(11)6(5-10)8(12)4-9/h5,10H,3-4H2,1-2H3	(4,4-dimethyl-2,6-dioxocyclohexylidene)methanolate	CC1(CC(=O)C(=CO)C(=O)C1)C	1.29999995	4419917;18740294	COCONUT:(CNP0025148);PubChem:(4419917 18740294);SuperNatural:(SN00131395)	3145730
93	1	N/A	-335.31273884510955	C9H12O3	[M + H]+	UHDDGONMYAQWBV	InChI=1S/C9H12O3/c1-12-9(6-10)7-2-4-8(11)5-3-7/h2-5,9-11H,6H2,1H3	4-(2-hydroxy-1-methoxyethyl)phenol	COC(CO)C1=CC=C(C=C1)O	0.600000024	636818;22297411	COCONUT:(CNP0260815);Natural Products:(UNPD66544 UNPD192485);PubChem:(636818 22297411);SuperNatural:(SN00242365 SN00277698);MeSH:(22297411);PubMed	3178566
94	1	N/A	-339.191365915499	C9H12O3	[M + H]+	OWIWZQQFSTZZIG	InChI=1S/C9H12O3/c1-2-11-9(10)6-5-8-4-3-7-12-8/h3-4,7H,2,5-6H2,1H3	Ethyl furfurylacetate	CCOC(=O)CCC1=CC=CO1	1.94279766	61450	NORMAN:(NS00021424);COCONUT:(CNP0003158);HMDB:(32921);PubChem class - food;PubChem:(61450);PubChem class - bio and metabolites;PubChem class - safety and toxic	220463114
95	1	N/A	-348.62212256178384	C9H12O3	[M + H]+	IXISGRHWGVGCAK	InChI=1S/C9H12O3/c1-2-4-9(10)12-7-8-5-3-6-11-8/h3,5-6H,2,4,7H2,1H3	Furfuryl butanoate	CCCC(=O)OCC1=CC=CO1	1.5	61167	NORMAN:(NS00022533);COCONUT:(CNP0002783);HMDB:(37729);PubChem class - food;PubChem:(61167);PubChem class - bio and metabolites	153354250
96	1	N/A	-350.19421393202384	C9H12O3	[M + H]+	MGBZGBGWTZISIG	InChI=1S/C9H12O3/c1-2-12-9(10)4-3-8-5-6-11-7-8/h5-7H,2-4H2,1H3	Ethyl furan-3-propionate	CCOC(=O)CCC1=COC=C1	1.39999998	92549	PubChem:(92549);NORMAN:(NS00033595)	262146
97	1	N/A	-356.46515993635603	C9H12O3	[M + H]+	DUIFRYBBRGMHII	InChI=1S/C9H12O3/c10-9-3-1-6-2-4-11-8(7(6)9)12-5-9/h1,3,6-8,10H,2,4-5H2	null	C1COC2C3C1C=CC3(CO2)O	-0.100000001	102501956	COCONUT:(CNP0199967);Natural Products:(UNPD215550 UNPD116935);PubChem:(102501956);SuperNatural:(SN00263720)	3178498
98	1	N/A	-360.56517009952296	C9H12O3	[M + H]+	SZWUNATWHPNXKD	InChI=1S/C9H12O3/c1-7(2)9(10)12-6-8-4-3-5-11-8/h3-5,7H,6H2,1-2H3	Furfuryl isobutyrate	CC(C)C(=O)OCC1=CC=CO1	1.79999995	80454	NORMAN:(NS00022563);PubChem class - food;PubChem:(80454)	134479874
99	1	N/A	-360.8660012423725	C9H12O3	[M + H]+	VFGZMFRZTCQUDR	InChI=1S/C9H12O3/c1-12-7-9(10,11)8-5-3-2-4-6-8/h2-6,10-11H,7H2,1H3	null	COCC(C1=CC=CC=C1)(O)O	0.200000003	129678603	MeSH:(129678603);PubChem:(129678603);PubMed	70