structureRankPerFormula	formulaRank	ConfidenceScore	CSI:FingerIDScore	molecularFormula	adduct	InChIkey2D	InChI	name	smiles	xlogp	pubchemids	links	dbflags
1	1	0.4901107459769372	-3.2822644189770265	C9H10O5	[M + H]+	JMSVCTWVEWCHDZ	InChI=1S/C9H10O5/c1-13-6-3-5(9(11)12)4-7(14-2)8(6)10/h3-4,10H,1-2H3,(H,11,12)	bmse000607	COC1=CC(=CC(=C1O)OC)C(=O)O	0.871434987	10742;10679513;54694262;131708654	HMDB:(2085);PubChem class - food;SuperNatural:(SN00001175);ZINC bio:(ZINC00156386);additional;MeSH:(10742);PubMed;NORMAN:(NS00001894);COCONUT:(CNP0155116 CNP0251836);KNApSAcK:(2674);Natural Products:(UNPD17684 UNPD58549);PubChem:(10742 10679513 54694262 131708654);CHEBI:(132111 68329);PubChem class - bio and metabolites;KEGG:(C10833);PubChem class - safety and toxic;YMDB:(1787);Training Set;Biocyc:(CPD-8486)	222161278
2	1	N/A	-24.968732098159574	C9H10O5	[M + H]+	WFIBQVFJXGQICQ	InChI=1S/C9H10O5/c1-13-7-4-5(9(11)12)3-6(10)8(7)14-2/h3-4,10H,1-2H3,(H,11,12)	5-Hydroxy veratric acid	COC1=CC(=CC(=C1OC)O)C(=O)O	0.871434987	74709;54706648	HMDB:(41662);SuperNatural:(SN00392667 SN00118492);ZINC bio:(ZINC00393126);MeSH:(74709);PubMed;NORMAN:(NS00044951);COCONUT:(CNP0069754 CNP0285876);Natural Products:(UNPD6458);PubChem:(74709 54706648);CHEBI:(88603);PubChem class - bio and metabolites;PubChem class - safety and toxic;KEGG Mine	8677269614
3	1	N/A	-52.3567859402815	C9H10O5	[M + H]+	LVVUKXKEXOTUPV	InChI=1S/C9H10O5/c1-13-7-4-5(9(12)14-2)3-6(10)8(7)11/h3-4,10-11H,1-2H3	Methyl-O-methylgallate	COC1=CC(=CC(=C1O)O)C(=O)OC	0.871434987	99622	COCONUT:(CNP0252699);Natural Products:(UNPD16405);PubChem:(99622);SuperNatural:(SN00322804);YMDB Mine;ZINC bio:(ZINC01556402);MeSH:(99622);PubChem class - safety and toxic;PubMed;KEGG Mine	43019968582
4	1	N/A	-57.24075824600709	C9H10O5	[M + H]+	SUGIJIFASYORQN	InChI=1S/C9H10O5/c1-13-8-6(10)3-5(4-7(8)11)9(12)14-2/h3-4,10-11H,1-2H3	methyl 3,5-dihydroxy-4-methoxybenzoate	COC1=C(C=C(C=C1O)C(=O)OC)O	0.871434987	5319726	COCONUT:(CNP0307607);Natural Products:(UNPD65049);PubChem:(5319726);SuperNatural:(SN00159200);ZINC bio:(ZINC14775842);PubChem class - safety and toxic;PubMed	70295618
5	1	N/A	-102.92719936545366	C9H10O5	[M + H]+	HEAPXXAMKQWXSS	InChI=1S/C9H10O5/c1-13-6-4-3-5(9(11)12)8(14-2)7(6)10/h3-4,10H,1-2H3,(H,11,12)	3-hydroxy-2,4-dimethoxybenzoic acid	COC1=C(C(=C(C=C1)C(=O)O)OC)O	0.871434987	20533708	COCONUT:(CNP0311870);HMDB:(140947);Natural Products:(UNPD70066);PubChem:(20533708);SuperNatural:(SN00379149);PubChem class - bio and metabolites	19955722
6	1	N/A	-105.50096283071832	C9H10O5	[M + H]+	CHHQEMBTCQDAHF	InChI=1S/C9H10O5/c1-13-7-5(9(11)12)3-4-6(10)8(7)14-2/h3-4,10H,1-2H3,(H,11,12)	4-hydroxy-2,3-dimethoxybenzoic acid	COC1=C(C=CC(=C1OC)O)C(=O)O	0.871434987	19073799	HMDB:(142087);PubChem:(19073799);PubChem class - bio and metabolites	16777226
7	1	N/A	-107.90872501895247	C9H10O5	[M + H]+	OGTNGTNGPJWLRE	InChI=1S/C9H10O5/c1-2-14-7-4-5(9(12)13)3-6(10)8(7)11/h3-4,10-11H,2H2,1H3,(H,12,13)	null	CCOC1=CC(=CC(=C1O)O)C(=O)O	0.892745495	86047602	PubChem:(86047602);MeSH:(86047602)	6
8	1	N/A	-111.11702305099062	C9H10O5	[M + H]+	FMZXLKMBFPAGDV	InChI=1S/C9H10O5/c1-2-14-8-6(10)3-5(9(12)13)4-7(8)11/h3-4,10-11H,2H2,1H3,(H,12,13)	null	CCOC1=C(C=C(C=C1O)C(=O)O)O	0.892745495	55283148	COCONUT:(CNP0420606);Natural Products:(UNPD38209);PubChem:(55283148);SuperNatural:(SN00308605)	3178498
9	1	N/A	-113.37172300232717	C9H10O5	[M + H]+	CJFQIVAOBBTJCI	InChI=1S/C9H10O5/c1-13-6-4-3-5(9(11)12)7(10)8(6)14-2/h3-4,10H,1-2H3,(H,11,12)	Spectrum_001290	COC1=C(C(=C(C=C1)C(=O)O)O)OC	0.871434987	79737;54751239	HMDB:(142084);SuperNatural:(SN00002454 SN00220509);ZINC bio:(ZINC01670010);additional;PubMed;NORMAN:(NS00033538);COCONUT:(CNP0022018 CNP0330955);Natural Products:(UNPD95628);PubChem:(79737 54751239);PubChem class - bio and metabolites;Training Set;KEGG Mine	8610701386
10	1	N/A	-119.39777524910166	C9H10O5	[M + H]+	RGHMGZLQQFVXDM	InChI=1S/C9H10O5/c1-14-7-3-5(4-8(11)12)2-6(10)9(7)13/h2-3,10,13H,4H2,1H3,(H,11,12)	null	COC1=CC(=CC(=C1O)O)CC(=O)O	0.600000024	54265256	HMDB:(131426);PubChem:(54265256);YMDB Mine;PubChem class - bio and metabolites;PubMed;KEGG Mine	42966450250
11	1	N/A	-119.60501881259972	C9H10O5	[M + H]+	HIVSALLSJIAQQF	InChI=1S/C9H10O5/c1-13-6-3-5(10)4-7(14-2)8(6)9(11)12/h3-4,10H,1-2H3,(H,11,12)	Benzoic acid, 4-hydroxy-2,6-dimethoxy-	COC1=CC(=CC(=C1C(=O)O)OC)O	0.871434987	22616650	COCONUT:(CNP0223530);Natural Products:(UNPD110596);PubChem:(22616650);PubMed;KEGG Mine	8592064578
12	1	N/A	-120.28002033185442	C9H10O5	[M + H]+	USWQSWPPLTXILD	InChI=1S/C9H10O5/c1-13-7-4-6(10)8(14-2)3-5(7)9(11)12/h3-4,10H,1-2H3,(H,11,12)	null	COC1=CC(=C(C=C1C(=O)O)OC)O	1.0	85773933	COCONUT:(CNP0217832);Natural Products:(UNPD22983);PubChem:(85773933)	2129922
13	1	N/A	-125.03126776675046	C9H10O5	[M + H]+	YDIHHJUFULIFNV	InChI=1S/C9H10O5/c1-13-5-3-6(9(11)12)8(10)7(4-5)14-2/h3-4,10H,1-2H3,(H,11,12)	3,5-Dimethoxysalicylic acid	COC1=CC(=C(C(=C1)OC)O)C(=O)O	0.871434987	3017274	PubChem:(3017274);NORMAN:(NS00034755)	262146
14	1	N/A	-127.10008199131968	C9H10O5	[M + H]+	VFPFQHQNJCMNBZ	InChI=1S/C9H10O5/c1-2-14-9(13)5-3-6(10)8(12)7(11)4-5/h3-4,10-12H,2H2,1H3	Phyllemblin	CCOC(=O)C1=CC(=C(C(=C1)O)O)O	0.892745495	13250;59884274	HMDB:(33836);SuperNatural:(SN00143254);ZINC bio:(ZINC00021790);additional;MeSH:(13250);PubMed;NORMAN:(NS00020124);COCONUT:(CNP0276010);KNApSAcK:(30222);Natural Products:(UNPD106112);PubChem:(13250 59884274);CHEBI:(87247);PubChem class - bio and metabolites;PubChem class - safety and toxic;Training Set	87875710
15	1	N/A	-140.1992620706263	C9H10O5	[M + H]+	YYKYELQREKWHIF	InChI=1S/C9H10O5/c1-13-8-5(9(12)14-2)3-4-6(10)7(8)11/h3-4,10-11H,1-2H3	null	COC1=C(C=CC(=C1O)O)C(=O)OC	1.0	12194839	COCONUT:(CNP0189644);Natural Products:(UNPD116470);PubChem:(12194839);PubMed	2129986
16	1	N/A	-147.57085947962346	C9H10O5	[M + H]+	LEIJLTBRQHFMDL	InChI=1S/C9H10O5/c1-13-5-3-6(10)8(9(11)12)7(4-5)14-2/h3-4,10H,1-2H3,(H,11,12)	4,6-Dimethoxysalicylic acid	COC1=CC(=C(C(=C1)OC)C(=O)O)O	1.60000002	76656;54688787	NORMAN:(NS00029186);COCONUT:(CNP0157539);Natural Products:(UNPD18915);PubChem:(76656 54688787);SuperNatural:(SN00404227);ZINC bio:(ZINC01555724);PubChem class - safety and toxic;KEGG Mine	8660492290
17	1	N/A	-151.8221813986294	C9H10O5	[M + H]+	QPFXZHDNFHBICB	InChI=1S/C9H10O5/c1-13-8-4-6(10)5(3-7(8)11)9(12)14-2/h3-4,10-11H,1-2H3	methyl 2,5-dihydroxy-4-methoxybenzoate	COC1=C(C=C(C(=C1)O)C(=O)OC)O	1.60000002	5203038	PubChem:(5203038);PubChem class - safety and toxic	67108866
18	1	N/A	-167.5376106082866	C9H10O5	[M + H]+	PCJSSDGVSARPLU	InChI=1S/C9H10O5/c1-14-8-4-6(10)5(2-7(8)11)3-9(12)13/h2,4,10-11H,3H2,1H3,(H,12,13)	null	COC1=C(C=C(C(=C1)O)CC(=O)O)O	0.600000024	23177153	HMDB:(130476);PubChem:(23177153);PubChem class - bio and metabolites	16777226
19	1	N/A	-180.1222765265432	C9H10O5	[M + H]+	PXMUSCHKJYFZFD	InChI=1S/C9H10O5/c1-14-7-3-2-5(4-6(7)10)8(11)9(12)13/h2-4,8,10-11H,1H3,(H,12,13)	Oprea1_658039	COC1=C(C=C(C=C1)C(C(=O)O)O)O	0.400000006	107153;853695;853696;6950805;6950806;53400642	NORMAN:(NS00047272);COCONUT:(CNP0318206 CNP0365833);HMDB:(29170);PubChem:(107153 853695 853696 6950805 6950806 53400642);SuperNatural:(SN00045215 SN00045216);ZINC bio:(ZINC00395647 ZINC00395648);PubChem class - safety and toxic;Biocyc:(CPD-17658);KEGG Mine	8660461578
20	1	N/A	-182.65826322877632	C9H10O5	[M + H]+	CGQCWMIAEPEHNQ	InChI=1S/C9H10O5/c1-14-7-4-5(2-3-6(7)10)8(11)9(12)13/h2-4,8,10-11H,1H3,(H,12,13)	Lopac-H-0131	COC1=C(C=CC(=C1)C(C(=O)O)O)O	0.38959983	1245;736172;736173;6931437;6931438;12358656;23615482;46783231;51038738;51038739;56607809;102601212;129717647;129847024	HMDB:(291 133489);PubChem class - food;SuperNatural:(SN00286364);ZINC bio:(ZINC00155973 ZINC00155974);additional;MeSH:(1245 736172);PubMed;NORMAN:(NS00015078);COCONUT:(CNP0082889 CNP0259735);Natural Products:(UNPD13656);PubChem:(1245 736172 736173 6931437 6931438 12358656 23615482 46783231 51038738 51038739 56607809 102601212 129717647 129847024);YMDB Mine;CHEBI:(20106 27622);PubChem class - bio and metabolites;KEGG:(C05584);PubChem class - safety and toxic;Training Set;Biocyc:(VANILLYL_MANDELATE SMA-0000668)	34581834094
21	1	N/A	-184.6274503812066	C9H10O5	[M + H]+	FWFVXNQOVGSSHX	InChI=1S/C9H10O5/c10-6-3-5(1-2-8(12)13)4-7(11)9(6)14/h3-4,10-11,14H,1-2H2,(H,12,13)	3-(3,4,5-trihydroxyphenyl)propanoic Acid	C1=C(C=C(C(=C1O)O)O)CCC(=O)O	0.600000024	181663	HMDB:(125529);PubChem:(181663);PubMed;KEGG Mine;PubChem class - bio and metabolites	8606711882
22	1	N/A	-188.714529970598	C9H10O5	[M + H]+	MMWHAKMIWCNQSG	InChI=1S/C9H10O5/c1-12-9-6-7(2-3-8(9)10)4-5-13-14-11/h2-6,10-11H,1H3	null	COC1=C(C=CC(=C1)C=COOO)O	1.74288607	""	COCONUT:(CNP0421749);SuperNatural:(SN00177333)	3145728
23	1	N/A	-199.3758503640244	C9H10O5	[M + H]+	UBOJATHNUASNAV	InChI=1S/C9H10O5/c1-2-14-9(13)8-6(11)3-5(10)4-7(8)12/h3-4,10-12H,2H2,1H3	Ethyl 2,4,6-Trihydroxybenzoate	CCOC(=O)C1=C(C=C(C=C1O)O)O	1.60000002	54344821	MeSH:(54344821);PubChem:(54344821);PubMed;ZINC bio:(ZINC14775716)	8262
24	1	N/A	-203.3197982976823	C9H10O5	[M + H]+	HLBBQXTYDWELLT	InChI=1S/C9H10O5/c1-14-5-2-3-6(7(10)4-5)8(11)9(12)13/h2-4,8,10-11H,1H3,(H,12,13)	2-hydroxy-2-(2-hydroxy-4-methoxyphenyl)acetic acid	COC1=CC(=C(C=C1)C(C(=O)O)O)O	1.0	19033010;131603328;131391189	HMDB:(137136);PubChem:(19033010 131603328 131391189);PubChem class - bio and metabolites	16777226
25	1	N/A	-207.4634967691069	C9H10O5	[M + H]+	FLBHMRBWGPQQKJ	InChI=1S/C9H10O5/c10-6-3-1-5(2-4-7(11)12)8(13)9(6)14/h1,3,10,13-14H,2,4H2,(H,11,12)	3-(2,3,4-trihydroxyphenyl)propanoic acid	C1=CC(=C(C(=C1CCC(=O)O)O)O)O	0.600000024	5322049	COCONUT:(CNP0274011 CNP0415415);Natural Products:(UNPD187628);PubChem:(5322049);SuperNatural:(SN00303371 SN00159262);ZINC bio:(ZINC14818013);EcoCyc Mine;KEGG Mine	25772990466
26	1	N/A	-209.313658097979	C9H10O5	[M + H]+	LVMCCGNRGCWDBI	InChI=1S/C9H10O5/c10-2-1-5-3-6(9(13)14)4-7(11)8(5)12/h3-4,10-12H,1-2H2,(H,13,14)	null	C1=C(C=C(C(=C1CCO)O)O)C(=O)O	0.465931326	""	COCONUT:(CNP0329481);Natural Products:(UNPD93606);SuperNatural:(SN00310518)	3178496
27	1	N/A	-209.50079639029542	C9H10O5	[M + H]+	UEXOOCQHGZGWFB	InChI=1S/C9H10O5/c1-14-7-5-3-2-4-6(7)9(12,13)8(10)11/h2-5,12-13H,1H3,(H,10,11)	null	COC1=CC=CC=C1C(C(=O)O)(O)O	0.0	54349796	MeSH:(54349796);PubChem:(54349796);PubMed	70
28	1	N/A	-217.09830463517497	C9H10O5	[M + H]+	YPZCRKPXYSWLJF	InChI=1S/C9H10O5/c1-2-14-8-4-7(11)6(10)3-5(8)9(12)13/h3-4,10-11H,2H2,1H3,(H,12,13)	null	CCOC1=CC(=C(C=C1C(=O)O)O)O	0.892745495	10821779	COCONUT:(CNP0238706);Natural Products:(UNPD101372);PubChem:(10821779);SuperNatural:(SN00392282)	3178498
29	1	N/A	-220.2357586414101	C9H10O5	[M + H]+	STOMVFRMEGXRMF	InChI=1S/C9H10O5/c1-4(9(13)14)5-2-3-6(10)8(12)7(5)11/h2-4,10-12H,1H3,(H,13,14)	null	CC(C1=C(C(=C(C=C1)O)O)O)C(=O)O	0.899999976	87115614	HMDB:(137823);PubChem:(87115614);PubChem class - bio and metabolites	16777226
30	1	N/A	-220.43663247518717	C9H10O5	[M + H]+	SGFVYAYEGJHREZ	InChI=1S/C9H10O5/c1-14-7-4-5(2-3-6(7)10)8(11)9(12)13/h2-4,9-10,12-13H,1H3	3''-Methoxy-2,2,4''-trihydroxyacetophenone	COC1=C(C=CC(=C1)C(=O)C(O)O)O	0.35770604	48374	PubChem class - safety and toxic;PubChem:(48374);KEGG Mine	8657043458
31	1	N/A	-229.19624203839223	C9H10O5	[M + H]+	LXHGALLQKKIMAZ	InChI=1S/C9H10O5/c1-3-13-9(12)7-4-6(10)8(11)5(2)14-7/h4,11H,3H2,1-2H3	ethyl 5-hydroxy-6-methyl-4-oxopyran-2-carboxylate	CCOC(=O)C1=CC(=O)C(=C(O1)C)O	0.800000012	90353	PubChem:(90353);NORMAN:(NS00027547)	262146
32	1	N/A	-231.41289703414432	C9H10O5	[M + H]+	RRKZPFCYOBIGRJ	InChI=1S/C9H10O5/c10-6-4-8(12)7(11)3-5(6)1-2-9(13)14/h3-4,10-12H,1-2H2,(H,13,14)	null	C1=C(C(=CC(=C1O)O)O)CCC(=O)O	0.600000024	85975162	HMDB:(126489);PubChem:(85975162);KEGG Mine;PubChem class - bio and metabolites	8606711818
33	1	N/A	-233.42745209870895	C9H10O5	[M + H]+	SXPBYWJWOVGXSM	InChI=1S/C9H10O5/c1-4(9(13)14)5-2-7(11)8(12)3-6(5)10/h2-4,10-12H,1H3,(H,13,14)	null	CC(C1=CC(=C(C=C1O)O)O)C(=O)O	0.899999976	87115555	HMDB:(125024);PubChem:(87115555);PubChem class - bio and metabolites	16777226
34	1	N/A	-236.38259245964645	C9H10O5	[M + H]+	OIMLWOWVDNEGEN	InChI=1S/C9H10O5/c1-12-6-4-5(10)8(13-2)9(14-3)7(6)11/h4H,1-3H3	p-Benzoquinone, trimethoxy-	COC1=CC(=O)C(=C(C1=O)OC)OC	0.406453401	238795	COCONUT:(CNP0304201);Natural Products:(UNPD60901);PubChem:(238795);SuperNatural:(SN00388428);PubMed	3178562
35	1	N/A	-245.07525240569535	C9H10O5	[M + H]+	PVWIHOMWIFSSAU	InChI=1S/C9H10O5/c10-5-1-2-6(7(11)3-5)8(12)4-9(13)14/h1-3,8,10-12H,4H2,(H,13,14)	null	C1=CC(=C(C=C1O)O)C(CC(=O)O)O	0.400000006	131832896;139243437	HMDB:(126478);PubChem:(131832896 139243437);PubChem class - bio and metabolites	16777226
36	1	N/A	-246.52494691320635	C9H10O5	[M + H]+	INEIMLMPQGJCGK	InChI=1S/C9H10O5/c10-3-4-14-6-1-2-7(9(12)13)8(11)5-6/h1-2,5,10-11H,3-4H2,(H,12,13)	4-(2-Hydroxyethoxy)salicylic acid	C1=CC(=C(C=C1OCCO)O)C(=O)O	0.37410906	586463;54697923	PubChem:(586463 54697923);PubChem class - safety and toxic	67108866
37	1	N/A	-247.3598167293736	C9H10O5	[M + H]+	MELNSSDJRUAVLP	InChI=1S/C9H10O5/c1-4(10)7-5(11)3-6(12)9(14-2)8(7)13/h3,11-13H,1-2H3	null	CC(=O)C1=C(C(=C(C=C1O)O)OC)O	1.10000002	129836294	COCONUT:(CNP0378692);Natural Products:(UNPD209672);PubChem:(129836294)	2129922
38	1	N/A	-256.38747922217743	C9H10O5	[M + H]+	PAFLSMZLRSPALU	InChI=1S/C9H10O5/c10-6-2-1-5(3-7(6)11)4-8(12)9(13)14/h1-3,8,10-12H,4H2,(H,13,14)	a-Hydroxyhydrocaffeic acid	C1=CC(=C(C=C1CC(C(=O)O)O)O)O	0.429084063	179536;439435;11600642;21677748;25202033;25203144	HMDB:(3503);SuperNatural:(SN00001768 SN00307533 SN00362387 SN00001767);ZINC bio:(ZINC00895534 ZINC00895535);MeSH:(439435 11600642);Plantcyc:(CPD-6982 CPD-7022);PubMed;COCONUT:(CNP0086056 CNP0265014);KNApSAcK:(31720);Natural Products:(UNPD194978 UNPD143674 UNPD171118);PubChem:(179536 439435 11600642 21677748 25202033 25203144);YMDB Mine;CHEBI:(71492 71572 58279 17807);PubChem class - bio and metabolites;KEGG:(C22038 C01207);PubChem class - safety and toxic;Biocyc:(3-34-DIHYDROXYPHENYLLACTATE CPD-6982 CPD-7022)	34446944638
39	1	N/A	-260.6685141046379	C9H10O5	[M + H]+	OOJPWYDQMAVSQH	InChI=1S/C9H10O5/c1-14-9(13)8(12)6-3-2-5(10)4-7(6)11/h2-4,8,10-12H,1H3	Methyl (2,4-dihydroxyphenyl)glycolate	COC(=O)C(C1=C(C=C(C=C1)O)O)O	1.0	106855	PubChem:(106855);NORMAN:(NS00055946)	262146
40	1	N/A	-263.0099402530748	C9H10O5	[M + H]+	ANMIXQYGZDPTLJ	InChI=1S/C9H10O5/c1-13-7-4-6(2-3-8(10)11)14-9(12)5-7/h4-5H,2-3H2,1H3,(H,10,11)	null	COC1=CC(=O)OC(=C1)CCC(=O)O	0.200000003	24123426	COCONUT:(CNP0144290);Natural Products:(UNPD214949);PubChem:(24123426);PubMed	2129986
41	1	N/A	-276.8925270769022	C9H10O5	[M + H]+	XGNFGTZQILZHHS	InChI=1S/C9H10O5/c10-7-2-1-6(5-8(7)11)3-4-14-9(12)13/h1-2,5,10-11H,3-4H2,(H,12,13)	null	C1=CC(=C(C=C1CCOC(=O)O)O)O	0.956239343	""	COCONUT:(CNP0378082);Natural Products:(UNPD204322);KEGG Mine	8592064512
42	1	N/A	-282.92242317673197	C9H10O5	[M + H]+	NHOCEIKFQXQFMX	InChI=1S/C9H10O5/c1-6(10)13-9(14-7(2)11)8-4-3-5-12-8/h3-5,9H,1-2H3	Furfurylidene diacetate	CC(=O)OC(C1=CC=CO1)OC(=O)C	0.699999988	69181	NORMAN:(NS00042518);Training Set;PubChem:(69181)	278530
43	1	N/A	-285.6924821629234	C9H10O5	[M + H]+	IHERYJQZBNHYDE	InChI=1S/C9H10O5/c10-6-1-3-7(4-2-6)14-5-8(11)9(12)13/h1-4,8,10-11H,5H2,(H,12,13)	beta-4(Hydroxyphenoxy)lactic acid	C1=CC(=CC=C1O)OCC(C(=O)O)O	0.5	133778	MeSH:(133778);PubChem:(133778);YMDB Mine;PubMed;KEGG Mine	42949673030
44	1	N/A	-296.8729041198974	C9H10O5	[M + H]+	MQUWQMJSZRYUJE	InChI=1S/C9H10O5/c10-4-8(13)9(14)5-1-2-6(11)7(12)3-5/h1-3,8,10-13H,4H2	null	C1=CC(=C(C=C1C(=O)C(CO)O)O)O	-0.400000006	53382036	COCONUT:(CNP0313550);Natural Products:(UNPD206399);PubChem:(53382036);PubMed	2129986
45	1	N/A	-303.5271747218664	C9H10O5	[M + H]+	DQZXNGSIZXPSOD	InChI=1S/C9H10O5/c1-3-12-9(11)14-8-6(2)13-5-4-7(8)10/h4-5H,3H2,1-2H3	ethyl (2-methyl-4-oxopyran-3-yl) carbonate	CCOC(=O)OC1=C(OC=CC1=O)C	1.20000005	109620	PubChem:(109620);NORMAN:(NS00061557)	262146
46	1	N/A	-307.37620904279925	C9H10O5	[M + H]+	AWPQUULTGMQXTH	InChI=1S/C9H10O5/c10-5-2-1-4(7-8(5)14-7)3-6(11)9(12)13/h3,5,7-8,10H,1-2H2,(H,12,13)	null	C1CC(=CC(=O)C(=O)O)C2C(C1O)O2	-0.899999976	86583391;86583392;91820107;91820108	COCONUT:(CNP0082344 CNP0082459);PubChem:(86583391 86583392 91820107 91820108);CHEBI:(85358 84356);PubChem class - bio and metabolites;KEGG:(C21086);PubMed;Biocyc:(CPD-17551 CPD-17552)	18876770
47	1	N/A	-312.6491391790608	C9H10O5	[M + H]+	MDIWGYQROJRXEW	InChI=1S/C9H10O5/c1-5(10)9(12)14-8-6(2)13-4-3-7(8)11/h3-5,10H,1-2H3	Maltol lactate	CC1=C(C(=O)C=CO1)OC(=O)C(C)O	0.200000003	106920	PubChem:(106920);NORMAN:(NS00054830)	262146
48	1	N/A	-317.84831093298675	C9H10O5	[M + H]+	FYRXXSCCOWRCLX	InChI=1S/C9H10O5/c1-14-4-8(13)9-6(11)2-5(10)3-7(9)12/h2-3,10-12H,4H2,1H3	2-methoxy-1-(2,4,6-trihydroxyphenyl)ethanone	COCC(=O)C1=C(C=C(C=C1O)O)O	1.0	643400	COCONUT:(CNP0142009);PubChem:(643400);ZINC bio:(ZINC02029134)	2105346
49	1	N/A	-329.55673757811076	C9H10O5	[M + H]+	NDGMYGNFKSMYBB	InChI=1S/C9H10O5/c1-9(14,8(12)13)5-2-3-6(10)7(11)4-5/h2-4,10-11,14H,1H3,(H,12,13)	alpha-Dhpla	CC(C1=CC(=C(C=C1)O)O)(C(=O)O)O	0.300000012	152463;92287761;92288747	COCONUT:(CNP0021833);MeSH:(152463);PubChem:(152463 92287761 92288747);PubMed	2097222
50	1	N/A	-330.88027289366784	C9H10O5	[M + H]+	LJUIMTRKOODZAJ	InChI=1S/C9H10O5/c1-4(10)13-3-5-2-6(11)8-9(14-8)7(5)12/h2,6,8-9,11H,3H2,1H3	[(1R,2S,6R)-2-hydroxy-5-oxo-7-oxabicyclo[4.1.0]hept-3-en-4-yl]methyl acetate	CC(=O)OCC1=CC(C2C(C1=O)O2)O	-1.10000002	21580226;73804412;101414027;130978137	COCONUT:(CNP0232956);KNApSAcK:(23643);Natural Products:(UNPD41779 UNPD52968);PubChem:(21580226 73804412 101414027 130978137);SuperNatural:(SN00285529)	3178514
51	1	N/A	-353.08437788761523	C9H10O5	[M + H]+	FWHUTKPMCKSUCV	InChI=1S/C9H10O5/c10-7(11)4-1-2-5-6(3-4)9(13)14-8(5)12/h4-6H,1-3H2,(H,10,11)	null	C1CC2C(CC1C(=O)O)C(=O)OC2=O	0.0	11041716;11194950;15685501;57796734;87484270;87486495;122212627;122212628;124448666;129383165	PubChem:(11041716 11194950 15685501 57796734 87484270 87486495 122212627 122212628 124448666 129383165);PubChem class - safety and toxic	67108866
52	1	N/A	-389.1785811953667	C9H10O5	[M + H]+	DTHUVZQMVMVXNB	InChI=1S/C9H10O5/c10-7(11)1-4-5-2-14-3-6(5)9(13)8(4)12/h2-4,8-9,12-13H,1H2,(H,10,11)	Piscrocin B	C1=C2C(C(C(C2=CO1)O)O)CC(=O)O	-1.20000005	25263064;45098905	COCONUT:(CNP0152785);Natural Products:(UNPD49667);PubChem:(25263064 45098905);SuperNatural:(SN00266821);PubMed	3178562
53	1	N/A	-397.3604344524435	C9H10O5	[M + H]+	GSKYCPXSDLXGEW	InChI=1S/C9H10O5/c1-3-4-2-14-9(13)5(4)7(11)8(12)6(3)10/h9-13H,2H2,1H3	null	CC1=C2COC(C2=C(C(=C1O)O)O)O	-0.100000001	9815565	COCONUT:(CNP0137966);KNApSAcK:(15909);Natural Products:(UNPD194217);PubChem:(9815565);SuperNatural:(SN00392712);MeSH:(9815565);PubMed	3178582
1	1	N/A	-307.52812749410157	C9H12O6	[M - H2O + H]+	NGULBISQWGMRGK	InChI=1S/C9H12O6/c10-7(11)4-2-1-3-6(9(14)15)5-8(12)13/h5H,1-4H2,(H,10,11)(H,12,13)(H,14,15)	cis-(homo)3aconitate	C(CCC(=O)O)CC(=CC(=O)O)C(=O)O	0.200000003	25244228;25244229;129662406	KEGG:(C20582);PubChem:(25244228 25244229 129662406);CHEBI:(72711 72712);Biocyc:(CPD-319);PubChem class - bio and metabolites	16779554
2	1	N/A	-314.7147495492618	C9H12O6	[M - H2O + H]+	QNDBYGBRMNCSJX	InChI=1S/C9H12O6/c1-4(10)15-3-5-2-6(11)8(13)9(14)7(5)12/h2,6,8-9,11,13-14H,3H2,1H3	Gabosin D	CC(=O)OCC1=CC(C(C(C1=O)O)O)O	-2.0	10059148;11275954;56926605;72780163	COCONUT:(CNP0239153);Natural Products:(UNPD1592);PubChem:(10059148 11275954 56926605 72780163);SuperNatural:(SN00332261);PubMed	3178562
3	1	N/A	-320.8903279396863	C9H12O6	[M - H2O + H]+	DZAIBGWGBBQGPZ	InChI=1S/C9H12O6/c1-13-7(10)4-6(9(12)15-3)5-8(11)14-2/h4H,5H2,1-3H3	Trimethyl aconitate	COC(=O)CC(=CC(=O)OC)C(=O)OC	0.0	249260;5356860;6376716	COCONUT:(CNP0110451);Natural Products:(UNPD17807);PubChem:(249260 5356860 6376716);SuperNatural:(SN00323000);ZINC bio:(ZINC05605483);PubChem class - safety and toxic	70295554
4	1	N/A	-325.8263950207	C9H12O6	[M - H2O + H]+	LOPWYRAMULJJKP	InChI=1S/C9H12O6/c1-4(10)15-3-5-2-6(11)8(13)9(14)7(5)12/h2,7-9,12-14H,3H2,1H3	Rel-Gabosin G	CC(=O)OCC1=CC(=O)C(C(C1O)O)O	-2.5	10013538;17752818;73408140	COCONUT:(CNP0105736);Natural Products:(UNPD44013 UNPD73635);PubChem:(10013538 17752818 73408140);SuperNatural:(SN00283656 SN00338789);MeSH:(17752818);PubMed	3178566
5	1	N/A	-351.17215914421155	C9H12O6	[M - H2O + H]+	GQUQTPWKSHGELZ	InChI=1S/C9H12O6/c1-4(11)15-9-7(13)5(3-10)2-6(12)8(9)14/h2,6,8-10,12,14H,3H2,1H3	null	CC(=O)OC1C(C(C=C(C1=O)CO)O)O	-1.5	46237508;75182104;134157132	COCONUT:(CNP0189073);Natural Products:(UNPD129633);PubChem:(46237508 75182104 134157132);SuperNatural:(SN00354860);PubMed	3178562
6	1	N/A	-362.76820058520127	C9H12O6	[M - H2O + H]+	UZDMJPAQQFSMMV	InChI=1S/C9H12O6/c1-2-8(12)14-5-6-15-9(13)4-3-7(10)11/h2H,1,3-6H2,(H,10,11)	Mono(2-acryloyloxyethyl) Succinate	C=CC(=O)OCCOC(=O)CCC(=O)O	0.0	175956;22182174	NORMAN:(NS00011464);PubChem class - safety and toxic;PubChem:(175956 22182174)	67371010
7	1	N/A	-362.83403778240836	C9H12O6	[M - H2O + H]+	FTHDNRBKSLBLDA	InChI=1S/C9H12O6/c10-7(11)4-1-5(8(12)13)3-6(2-4)9(14)15/h4-6H,1-3H2,(H,10,11)(H,12,13)(H,14,15)	Cyclohexane-1,3,5-tricarboxylate	C1C(CC(CC1C(=O)O)C(=O)O)C(=O)O	-0.300000012	349732;4740704;5245474;101386638	PubChem class - safety and toxic;PubChem:(349732 4740704 5245474 101386638);PubMed	67108930
8	1	N/A	-394.534331841477	C9H12O6	[M - H2O + H]+	LODXXJFSCJTDPW	InChI=1S/C9H12O6/c10-8(14-4-6-2-12-6)1-9(11)15-5-7-3-13-7/h6-7H,1-5H2	Bis(2,3-epoxypropyl) malonate	C1C(O1)COC(=O)CC(=O)OCC2CO2	-0.5	108463	PubChem:(108463);NORMAN:(NS00054594)	262146
9	1	N/A	-407.92271738281323	C9H12O6	[M - H2O + H]+	GXZSHTYNYCMPHL	InChI=1S/C9H12O6/c10-4-7(13)1-8(14,5-11)3-9(15,2-7)6-12/h4-6,13-15H,1-3H2	null	C1C(CC(CC1(C=O)O)(C=O)O)(C=O)O	-2.79999995	117762967	MeSH:(117762967);PubChem:(117762967);PubMed	70
10	1	N/A	-429.93252689242	C9H12O6	[M - H2O + H]+	WTNDADANUZETTI	InChI=1S/C9H12O6/c10-7(11)4-1-2-5(8(12)13)6(3-4)9(14)15/h4-6H,1-3H2,(H,10,11)(H,12,13)(H,14,15)	1,2,4-Cyclohexanetricarboxylic acid	C1CC(C(CC1C(=O)O)C(=O)O)C(=O)O	-0.300000012	10900038;12616203;12616204;11020285;11344952;54448897;93978751	PubChem:(10900038 12616203 12616204 11020285 11344952 54448897 93978751);PubChem class - safety and toxic	67108866
11	1	N/A	-443.8661229881314	C9H12O6	[M - H2O + H]+	AXYXTSFNIIJZED	InChI=1S/C9H12O6/c10-2-3-1-4-5(8(11)12)6(9(13)14)7(3)15-4/h3-7,10H,1-2H2,(H,11,12)(H,13,14)	(1R,2S,3R,4S,5S)-5-(hydroxymethyl)-7-oxabicyclo[2.2.1]heptane-2,3-dicarboxylic acid	C1C(C2C(C(C1O2)C(=O)O)C(=O)O)CO	-1.20000005	3065932;21154324	PubChem:(3065932 21154324);PubChem class - safety and toxic	67108866
12	1	N/A	-502.70850321316743	C9H12O6	[M - H2O + H]+	WFOCCZCFZZOAOM	InChI=1S/C9H12O6/c1-5(10)14-7-4-13-8(12)9(7,3)15-6(2)11/h7H,4H2,1-3H3	(4-acetyloxy-4-methyl-5-oxooxolan-3-yl) acetate	CC(=O)OC1COC(=O)C1(C)OC(=O)C	0.0	5231380;11321880;16048230;16048231;102184053	COCONUT:(CNP0171897);Natural Products:(UNPD76642);PubChem:(5231380 11321880 16048230 16048231 102184053);SuperNatural:(SN00288094)	3178498