structureRankPerFormula	formulaRank	ConfidenceScore	CSI:FingerIDScore	molecularFormula	adduct	InChIkey2D	InChI	name	smiles	xlogp	pubchemids	links	dbflags
1	1	N/A	-396.89380874711986	C16H21N5O5	[M - H2O + H]+	ADDJKOLVQCQUMT	InChI=1S/C16H21N5O5/c22-13-4-3-10(19-13)14(23)20-11(6-9-7-17-8-18-9)15(24)21-5-1-2-12(21)16(25)26/h7-12H,1-6H2,(H,19,22)(H,20,23)(H,25,26)	Deamido-trh	C1CC(N(C1)C(=O)C(CC2C=NC=N2)NC(=O)C3CCC(=O)N3)C(=O)O	-1.01084256	122057	MeSH:(122057);PubChem:(122057);PubMed	70
2	1	N/A	-413.67566029151794	C16H21N5O5	[M - H2O + H]+	KZAVRHNKDXLWFV	InChI=1S/C16H21N5O5/c17-14(23)11-2-1-5-21(11)16(25)10(6-9-7-18-8-19-9)20-15(24)12-3-4-13(22)26-12/h7-8,10-12H,1-6H2,(H2,17,23)(H,18,19)(H,20,24)	77026-81-4 (citrate[1:1])	C1CC(N(C1)C(=O)C(CC2=CN=CN2)NC(=O)C3CCC(=O)O3)C(=O)N	-0.797938049	115199;10007863;54021200;76958337	MeSH:(115199);PubChem:(115199 10007863 54021200 76958337);PubMed	70
3	1	N/A	-414.372132965131	C16H21N5O5	[M - H2O + H]+	ITYONPBTNRIEBA	InChI=1S/C16H21N5O5/c22-13-4-3-10(19-13)14(23)20-11(6-9-7-17-8-18-9)15(24)21-5-1-2-12(21)16(25)26/h7-8,10-12H,1-6H2,(H,17,18)(H,19,22)(H,20,23)(H,25,26)	TRH, free acid	C1CC(N(C1)C(=O)C(CC2=CN=CN2)NC(=O)C3CCC(=O)N3)C(=O)O	-0.858694434	4968;6427034;11902898;10428784;129359877;129362193;129425712;129425713	COCONUT:(CNP0217711);Natural Products:(UNPD105555);PubChem:(4968 6427034 11902898 10428784 129359877 129362193 129425712 129425713);additional;MeSH:(4968);Training Set;PubMed;KEGG Mine	8592605254
1	1	N/A	-338.88494381868446	C16H19N5O4	[M + H]+	LDBKDUOTXZVTTD	InChI=1S/C16H19N5O4/c1-23-9-13(22)17-11-7-24-15-12(8-25-14(11)15)21-16(18-19-20-21)10-5-3-2-4-6-10/h2-6,11-12,14-15H,7-9H2,1H3,(H,17,22)	N-[(3S,3aR,6S,6aR)-6-(5-phenyltetrazol-1-yl)-2,3,3a,5,6,6a-hexahydrofuro[3,2-b]furan-3-yl]-2-methoxyacetamide	COCC(=O)NC1COC2C1OCC2N3C(=NN=N3)C4=CC=CC=C4	-0.200000003	11886113	COCONUT:(CNP0185295);PubChem:(11886113);SuperNatural:(SN00009973);ZINC bio:(ZINC04259565)	3153922
2	1	N/A	-351.08539055132553	C16H19N5O4	[M + H]+	SMCLVHVZVVGNSQ	InChI=1S/C16H19N5O4/c1-20-13-12(14(23)19-16(20)24)21(15(18-13)17-7-9-22)8-10-25-11-5-3-2-4-6-11/h2-6,22H,7-10H2,1H3,(H,17,18)(H,19,23,24)	Oprea1_293738	CN1C2=C(C(=O)NC1=O)N(C(=N2)NCCO)CCOC3=CC=CC=C3	0.600000024	3064731	PubChem class - safety and toxic;PubChem:(3064731);PubMed	67108930
3	1	N/A	-365.60814331757075	C16H19N5O4	[M + H]+	DIKQKBDQGYJRNP	InChI=1S/C16H19N5O4/c1-9-18-5-6-21(9)13-14(22)12(11-8-24-15(13)25-11)20-16(23)19-10-3-2-4-17-7-10/h2-7,11-15,22H,8H2,1H3,(H2,19,20,23)	null	CC1=NC=CN1C2C(C(C3COC2O3)NC(=O)NC4=CN=CC=C4)O	-1.10000002	132353104	PubChem:(132353104);COCONUT:(CNP0006273)	2097154
4	1	N/A	-380.99834609343645	C16H19N5O4	[M + H]+	QUIXMPLVABMVNR	InChI=1S/C16H19N5O4/c1-21-13-12(14(22)20-16(21)23)18-15(19-13)17-7-6-9-4-5-10(24-2)11(8-9)25-3/h4-5,8H,6-7H2,1-3H3,(H2,17,18,19)(H,20,22,23)	8-[2-(3,4-dimethoxyphenyl)ethylamino]-3-methyl-7H-purine-2,6-dione	CN1C2=C(C(=O)NC1=O)NC(=N2)NCCC3=CC(=C(C=C3)OC)OC	1.70000005	5218263	COCONUT:(CNP0199005);PubChem:(5218263);ZINC bio:(ZINC00407682)	2105346
5	1	N/A	-381.35328954693534	C16H19N5O4	[M + H]+	RZNXFOHXCMBTQA	InChI=1S/C16H19N5O4/c1-9(22)17-12-7-24-15-13(8-25-14(12)15)21-16(18-19-20-21)10-4-3-5-11(6-10)23-2/h3-6,12-15H,7-8H2,1-2H3,(H,17,22)	N-[(3S,3aR,6S,6aR)-6-[5-(3-methoxyphenyl)tetrazol-1-yl]-2,3,3a,5,6,6a-hexahydrofuro[3,2-b]furan-3-yl]acetamide	CC(=O)NC1COC2C1OCC2N3C(=NN=N3)C4=CC(=CC=C4)OC	-0.100000001	11887288	COCONUT:(CNP0028515);PubChem:(11887288);SuperNatural:(SN00010647);ZINC bio:(ZINC04270620)	3153922
6	1	N/A	-393.026691333773	C16H19N5O4	[M + H]+	OMWDYMWXXZHSTA	InChI=1S/C16H19N5O4/c1-23-9-14(22)18-12-7-24-16-13(8-25-15(12)16)21-6-11(19-20-21)10-4-2-3-5-17-10/h2-6,12-13,15-16H,7-9H2,1H3,(H,18,22)	N-[(3S,3aR,6S,6aR)-6-(4-pyridin-2-yltriazol-1-yl)-2,3,3a,5,6,6a-hexahydrofuro[3,2-b]furan-3-yl]-2-methoxyacetamide	COCC(=O)NC1COC2C1OCC2N3C=C(N=N3)C4=CC=CC=N4	-1.10000002	11867586	COCONUT:(CNP0199936);PubChem:(11867586);SuperNatural:(SN00005581);ZINC bio:(ZINC03842106)	3153922
7	1	N/A	-404.9392499047612	C16H19N5O4	[M + H]+	IFKSVNMHRIABRM	InChI=1S/C16H19N5O4/c17-16(23)12-7-15(21(24)25)14(19-5-2-6-22)8-13(12)20-10-11-3-1-4-18-9-11/h1,3-4,7-9,19-20,22H,2,5-6,10H2,(H2,17,23)	4-[(3-Hydroxypropyl)amino]-5-Nitro-2-[(Pyridin-3-Ylmethyl)amino]benzamide	C1=CC(=CN=C1)CNC2=CC(=C(C=C2C(=O)N)[N+](=O)[O-])NCCCO	1.79999995	57519671	PubChem:(57519671);PubChem class - bio and metabolites	16777218
8	1	N/A	-416.71381197030854	C16H19N5O4	[M + H]+	CECGPPQTWIYBJM	InChI=1S/C16H19N5O4/c1-9-5-18-21(7-9)13-14(22)12(11-8-24-15(13)25-11)20-16(23)19-10-3-2-4-17-6-10/h2-7,11-15,22H,8H2,1H3,(H2,19,20,23)	null	CC1=CN(N=C1)C2C(C(C3COC2O3)NC(=O)NC4=CN=CC=C4)O	-0.899999976	132353007	PubChem:(132353007);COCONUT:(CNP0256804)	2097154
9	1	N/A	-437.73374547199023	C16H19N5O4	[M + H]+	ZPFQKBSANVPUDT	InChI=1S/C16H19N5O4/c1-23-16(22)11-7-21(20-19-11)13-9-25-14-12(8-24-15(13)14)18-6-10-4-2-3-5-17-10/h2-5,7,12-15,18H,6,8-9H2,1H3	null	COC(=O)C1=CN(N=N1)C2COC3C2OCC3NCC4=CC=CC=N4	-0.699999988	40533363	COCONUT:(CNP0104484);PubChem:(40533363);SuperNatural:(SN00036005);ZINC bio:(ZINC71405128)	3153922
10	1	N/A	-438.5733833131696	C16H19N5O4	[M + H]+	ZXTVYYARXMAMBL	InChI=1S/C16H19N5O4/c1-19-13-12(14(24)20(2)16(19)25)21(8-11(23)9-22)15(18-13)17-10-6-4-3-5-7-10/h3-7,11,22-23H,8-9H2,1-2H3,(H,17,18)	8-Anilino-7-(2,3-dihydroxypropyl)theophylline	CN1C2=C(C(=O)N(C1=O)C)N(C(=N2)NC3=CC=CC=C3)CC(CO)O	0.100000001	3061324	PubChem:(3061324);PubChem class - safety and toxic	67108866
11	1	N/A	-442.0826837347586	C16H19N5O4	[M + H]+	LLIJLEMLSNLUPO	InChI=1S/C16H19N5O4/c1-21-9-11(18-13(22)2-3-14(23)24)8-12(21)16-19-15(20-25-16)10-4-6-17-7-5-10/h4-7,11-12H,2-3,8-9H2,1H3,(H,18,22)(H,23,24)	null	CN1CC(CC1C2=NC(=NO2)C3=CC=NC=C3)NC(=O)CCC(=O)O	-2.70000005	25338448;25338449	COCONUT:(CNP0212853);PubChem:(25338448 25338449);SuperNatural:(SN00018603);ZINC bio:(ZINC12529834)	3153922
12	1	N/A	-455.43904491439815	C16H19N5O4	[M + H]+	AGBXEAQAOHJACV	InChI=1S/C16H19N5O4/c1-19-14-13(15(24)20(2)16(19)25)21(8-11(23)9-22)12(18-14)6-10-4-3-5-17-7-10/h3-5,7,11,22-23H,6,8-9H2,1-2H3	7-(2,3-Dihydroxypropyl)-8-(3-pyridylmethyl)theophylline	CN1C2=C(C(=O)N(C1=O)C)N(C(=N2)CC3=CN=CC=C3)CC(CO)O	-0.899999976	206645	PubChem:(206645);PubChem class - safety and toxic	67108866
13	1	N/A	-469.4079546507439	C16H19N5O4	[M + H]+	ZEMSHLPIMGSNJF	InChI=1S/C16H19N5O4/c1-11-14(18-17-13-4-2-12(3-5-13)16(23)24)15(22)21(19-11)10-20-6-8-25-9-7-20/h2-5,19H,6-10H2,1H3,(H,23,24)	null	CC1=C(C(=O)N(N1)CN2CCOCC2)N=NC3=CC=C(C=C3)C(=O)O	-0.699999988	2753845;135512679	COCONUT:(CNP0068405);PubChem:(2753845 135512679);SuperNatural:(SN00133356)	3145730
14	1	N/A	-475.042632503601	C16H19N5O4	[M + H]+	QSFREQDMGGYRDC	InChI=1S/C16H19N5O4/c17-16(18)19-7-3-6-12(15(24)25)21-14(23)13(22)10-8-20-11-5-2-1-4-9(10)11/h1-2,4-5,8,12,20H,3,6-7H2,(H,21,23)(H,24,25)(H4,17,18,19)	null	C1=CC=C2C(=C1)C(=CN2)C(=O)C(=O)NC(CCCN=C(N)N)C(=O)O	0.0	42639509;42639670	COCONUT:(CNP0234387);KNApSAcK:(47489);Natural Products:(UNPD19441);PubChem:(42639509 42639670)	2129938
15	1	N/A	-478.0658992668777	C16H19N5O4	[M + H]+	INSUBHIYTXATKW	InChI=1S/C16H19N5O4/c1-24-12-8-13(25-2)21-16(20-12)18-9-11(14(17)22)19-15(23)10-6-4-3-5-7-10/h3-8,11H,9H2,1-2H3,(H2,17,22)(H,19,23)(H,18,20,21)	Oprea1_395487	COC1=CC(=NC(=N1)NCC(C(=O)N)NC(=O)C2=CC=CC=C2)OC	1.60000002	2801454;7035940;6928166	NORMAN:(NS00016367);PubChem:(2801454 7035940 6928166);PubMed	262210
1	2	0.1800542042275119	-275.54401283929167	C15H23NO8	[M + H]+	OZAMFSFIKVSAHM	InChI=1S/C15H23NO8/c1-7-14(9(6-22-2)8(4-17)3-16-7)24-15-13(21)12(20)11(19)10(5-18)23-15/h3,10-13,15,17-21H,4-6H2,1-2H3	5-(Hydroxymethyl)-4-(methoxymethyl)-2-methyl-3-pyridinyl hexopyranoside	CC1=NC=C(C(=C1OC2C(C(C(C(O2)CO)O)O)O)COC)CO	-2.0999999	367862;14260867	COCONUT:(CNP0287974);Natural Products:(UNPD168694);PubChem:(367862 14260867);SuperNatural:(SN00271717)	3178498
2	2	N/A	-501.15556804806835	C15H23NO8	[M + H]+	FHLRNMBOHDMUAS	InChI=1S/C15H23NO8/c1-6(12(18)19)16-11(17)9-7-8(22-14(2,3)21-7)10-13(20-9)24-15(4,5)23-10/h6-10,13H,1-5H3,(H,16,17)(H,18,19)	2-[(4,4,11,11-tetramethyl-3,5,8,10,12-pentaoxatricyclo[7.3.0.0<2,6>]dodec-7-yl )carbonylamino]propanoic acid	CC(C(=O)O)NC(=O)C1C2C(C3C(O1)OC(O3)(C)C)OC(O2)(C)C	0.0	1789123;1789124;1789126;1789127;1789128;1789129;3123214;5579112;7370985;7370986;7370987;7370988;7370989;7370990;7370991;7370992;11966082;16397227;16490845;25767051;100860254;124765453;133269484	COCONUT:(CNP0040799 CNP0368346);PubChem:(1789123 1789124 1789126 1789127 1789128 1789129 3123214 5579112 7370985 7370986 7370987 7370988 7370989 7370990 7370991 7370992 11966082 16397227 16490845 25767051 100860254 124765453 133269484);SuperNatural:(SN00060564 SN00060563 SN00068804 SN00060565);ZINC bio:(ZINC02134022 ZINC02134024 ZINC02134027 ZINC04028873)	3153922