structureRankPerFormula	formulaRank	ConfidenceScore	CSI:FingerIDScore	molecularFormula	adduct	InChIkey2D	InChI	name	smiles	xlogp	pubchemids	links	dbflags
1	4	0.1120482818171248	-227.1027674560831	C8H7BrN2O	[M - H2O + H]+	VJEOGGNIBLORIJ	InChI=1S/C8H7BrN2O/c9-6-3-5-1-2-7(12)11-8(5)10-4-6/h3-4H,1-2H2,(H,10,11,12)	6-bromo-3,4-dihydro-1H-1,8-naphthyridin-2-one	C1CC(=O)NC2=C1C=C(C=N2)Br	1.0	11096325	PubChem:(11096325);PubChem class - safety and toxic	67108866
2	4	N/A	-293.87034377236404	C8H7BrN2O	[M - H2O + H]+	ZITQQDFTRWZLSH	InChI=1S/C8H7BrN2O/c9-5-1-2-6-7(3-5)11-8(12)4-10-6/h1-3,10H,4H2,(H,11,12)	7-bromo-3,4-dihydro-2(1h)-quinoxalinone	C1C(=O)NC2=C(N1)C=CC(=C2)Br	1.60000002	24707978	PubChem class - safety and toxic;PubChem:(24707978);PubChem class - bio and metabolites	83886082
3	4	N/A	-296.6257405288773	C8H7BrN2O	[M - H2O + H]+	AFHCUZXZHPMRQJ	InChI=1S/C8H7BrN2O/c9-5-1-2-6-7(3-5)10-4-8(12)11-6/h1-3,10H,4H2,(H,11,12)	6-Bromo-3,4-dihydroquinoxalin-2(1H)-one	C1C(=O)NC2=C(N1)C=C(C=C2)Br	1.60000002	66911307	PubChem class - safety and toxic;PubChem:(66911307);PubMed;PubChem class - bio and metabolites	83886146
4	4	N/A	-396.26940898775155	C8H7BrN2O	[M - H2O + H]+	POJQRKWNXUKDRM	InChI=1S/C8H7BrN2O/c1-12-7-3-5(9)2-6-8(7)11-4-10-6/h2-4H,1H3,(H,10,11)	null	COC1=CC(=CC2=C1N=CN2)Br	2.0999999	100665334	PubChem:(100665334);PubChem class - safety and toxic	67108866
5	4	N/A	-403.33690253148734	C8H7BrN2O	[M - H2O + H]+	AAESOAJUKHUHAR	InChI=1S/C8H7BrN2O/c1-12-5-2-6(9)8-7(3-5)10-4-11-8/h2-4H,1H3,(H,10,11)	null	COC1=CC2=C(C(=C1)Br)N=CN2	2.0999999	91686273	PubChem:(91686273);PubChem class - safety and toxic	67108866
6	4	N/A	-403.7911227568097	C8H7BrN2O	[M - H2O + H]+	WTPPKDNNECOBGC	InChI=1S/C8H7BrN2O/c1-12-8-3-7-5(2-6(8)9)4-10-11-7/h2-4H,1H3,(H,10,11)	5-Bromo-6-methoxy-1H-indazole	COC1=C(C=C2C=NNC2=C1)Br	2.20000005	15278593	PubChem:(15278593);PubChem class - safety and toxic	67108866
7	4	N/A	-412.3816050311361	C8H7BrN2O	[M - H2O + H]+	IZGCREUFIOZTOM	InChI=1S/C8H7BrN2O/c1-12-8-3-5(9)2-7-6(8)4-10-11-7/h2-4H,1H3,(H,10,11)	6-Bromo-4-methoxyindazole	COC1=CC(=CC2=C1C=NN2)Br	2.20000005	24728111	PubChem:(24728111);PubChem class - safety and toxic	67108866
8	4	N/A	-416.1263570513831	C8H7BrN2O	[M - H2O + H]+	IZLZZNZOCDXQCP	InChI=1S/C8H7BrN2O/c1-12-8-5-4-10-11-7(5)3-2-6(8)9/h2-4H,1H3,(H,10,11)	5-Bromo-4-methoxy-1h-indazole	COC1=C(C=CC2=C1C=NN2)Br	2.20000005	23134564	PubChem:(23134564);PubChem class - safety and toxic	67108866