structureRankPerFormula	formulaRank	ConfidenceScore	CSI:FingerIDScore	molecularFormula	adduct	InChIkey2D	InChI	name	smiles	xlogp	pubchemids	links	dbflags
1	1	0.9076848673085643	-106.14461798805523	C18H22O10	[M - H2O + H]+	ACDGLQFMVMZFAB	InChI=1S/C18H22O10/c1-9(20)26-16-15(23)13(8-19)27-18(24)17(16)28-14(22)6-4-10-3-5-11(21)12(7-10)25-2/h3-7,13,15-19,21,23-24H,8H2,1-2H3	null	CC(=O)OC1C(C(OC(C1OC(=O)C=CC2=CC(=C(C=C2)O)OC)O)CO)O	-0.0630336627	""	COCONUT:(CNP0315697);SuperNatural:(SN00174603)	3145728
2	1	N/A	-201.48924217540412	C18H22O10	[M - H2O + H]+	DTJWTKVKHOJHJK	InChI=1S/C18H22O10/c1-26-11-5-9(6-12(27-2)16(11)22)3-4-14(20)28-13-8-18(25,17(23)24)7-10(19)15(13)21/h3-6,10,13,15,19,21-22,25H,7-8H2,1-2H3,(H,23,24)	(1S,3R,4R,5R)-1,3,4-trihydroxy-5-{[(2E)-3-(4-hydroxy-3,5-dimethoxyphenyl)prop-2-enoyl]oxy}cyclohexanecarboxylic acid	COC1=CC(=CC(=C1O)OC)C=CC(=O)OC2CC(CC(C2O)O)(C(=O)O)O	-0.100000001	72193641;72193657	COCONUT:(CNP0021880);PubChem:(72193641 72193657);CHEBI:(75497 75493)	2097186
3	1	N/A	-214.97885631577287	C18H22O10	[M - H2O + H]+	WKRKXTOYTASIOP	InChI=1S/C18H22O10/c1-26-12-5-9(6-13(27-2)15(12)22)3-4-14(21)28-16-10(19)7-18(25,17(23)24)8-11(16)20/h3-6,10-11,16,19-20,22,25H,7-8H2,1-2H3,(H,23,24)	(1S,3R,4S,5R)-1,3,5-trihydroxy-4-{[(2E)-3-(4-hydroxy-3,5-dimethoxyphenyl)prop-2-enoyl]oxy}cyclohexanecarboxylic acid	COC1=CC(=CC(=C1O)OC)C=CC(=O)OC2C(CC(CC2O)(C(=O)O)O)O	-0.100000001	72193643	COCONUT:(CNP0187533);PubChem:(72193643);CHEBI:(75496)	2097186
4	1	N/A	-229.35063773997584	C18H22O10	[M - H2O + H]+	PKTSIJBLELMGBI	InChI=1S/C18H22O10/c1-26-11-5-8(6-12(27-2)16(11)23)3-4-13(21)28-17-14(18(24)25)9(19)7-10(20)15(17)22/h3-6,9-10,14-15,17,19-20,22-23H,7H2,1-2H3,(H,24,25)	null	COC1=CC(=CC(=C1O)OC)C=CC(=O)OC2C(C(CC(C2O)O)O)C(=O)O	0.0043761991	""	COCONUT:(CNP0251633);Natural Products:(UNPD213629 UNPD164883);SuperNatural:(SN00257318)	3178496
5	1	N/A	-270.10717227822806	C18H22O10	[M - H2O + H]+	FQTKOEVCGAVVIG	InChI=1S/C18H22O10/c1-25-17-8(2-3-13(20)21)11(6-10-9(17)4-5-26-10)27-18-16(24)15(23)14(22)12(7-19)28-18/h4-6,12,14-16,18-19,22-24H,2-3,7H2,1H3,(H,20,21)	null	COC1=C2C=COC2=CC(=C1CCC(=O)O)OC3C(C(C(C(O3)CO)O)O)O	-0.100000001	10250244;85502992	COCONUT:(CNP0031632 CNP0105408);HMDB:(41285);KNApSAcK:(46308);Natural Products:(UNPD44720);PubChem:(10250244 85502992);SuperNatural:(SN00028888 SN00238361);ZINC bio:(ZINC31159001);PubChem class - bio and metabolites;Training Set	19980314
6	1	N/A	-270.2426494715971	C18H22O10	[M - H2O + H]+	OLFRCQFNQXYDGW	InChI=1S/C18H22O10/c1-25-10-6-11-9(4-5-26-11)17(8(10)2-3-13(20)21)28-18-16(24)15(23)14(22)12(7-19)27-18/h4-6,12,14-16,18-19,22-24H,2-3,7H2,1H3,(H,20,21)	null	COC1=C(C(=C2C=COC2=C1)OC3C(C(C(C(O3)CO)O)O)O)CCC(=O)O	-0.100000001	23844045	COCONUT:(CNP0052259 CNP0349077);PubChem:(23844045);SuperNatural:(SN00028647);ZINC bio:(ZINC31157109);additional	3678210
7	1	N/A	-274.2572418231931	C18H22O10	[M - H2O + H]+	OVOZQKZLTLWRCL	InChI=1S/C18H22O10/c1-3-9-10-4-5-24-16(23)11(10)6-26-17(9)28-18-15(22)14(21)13(20)12(27-18)7-25-8(2)19/h3-4,6,9,12-15,17-18,20-22H,1,5,7H2,2H3	null	CC(=O)OCC1C(C(C(C(O1)OC2C(C3=CCOC(=O)C3=CO2)C=C)O)O)O	-1.20000005	50917867	PubChem:(50917867);COCONUT:(CNP0086255)	2097154
8	1	N/A	-274.63774813380763	C18H22O10	[M - H2O + H]+	NGMVEYPQYAIGEI	InChI=1S/C18H22O10/c1-25-11-7-8(6-9-3-5-12(19)26-9)2-4-10(11)27-18-15(22)13(20)14(21)16(28-18)17(23)24/h2,4,7,9,13-16,18,20-22H,3,5-6H2,1H3,(H,23,24)	null	COC1=C(C=CC(=C1)CC2CCC(=O)O2)OC3C(C(C(C(O3)C(=O)O)O)O)O	0.300000012	131834092	HMDB:(127768);PubChem:(131834092);PubChem class - bio and metabolites	16777226
9	1	N/A	-278.98127771715787	C18H22O10	[M - H2O + H]+	VZGJAVFCUBLIJF	InChI=1S/C18H22O10/c1-25-10-4-2-8(6-9-3-5-12(19)26-9)7-11(10)27-18-15(22)13(20)14(21)16(28-18)17(23)24/h2,4,7,9,13-16,18,20-22H,3,5-6H2,1H3,(H,23,24)	null	COC1=C(C=C(C=C1)CC2CCC(=O)O2)OC3C(C(C(C(O3)C(=O)O)O)O)O	0.300000012	124202064;131834180	COCONUT:(CNP0084760);HMDB:(59990 127830);PubChem:(124202064 131834180);CHEBI:(88748);PubChem class - bio and metabolites	18874410
10	1	N/A	-292.9286484886973	C18H22O10	[M - H2O + H]+	AQZCWLSWPSBFPW	InChI=1S/C18H22O10/c1-7-4-8-12(17(23)26-7)9(20)5-10(15(8)24-2)27-18-14(22)13(21)16(25-3)11(6-19)28-18/h4-5,11,13-14,16,18-22H,6H2,1-3H3	null	CC1=CC2=C(C(=CC(=C2OC)OC3C(C(C(C(O3)CO)OC)O)O)O)C(=O)O1	0.300000012	52951753	COCONUT:(CNP0340196);Natural Products:(UNPD200652);PubChem:(52951753);CHEBI:(67970)	2129954
11	1	N/A	-295.10132319359394	C18H22O10	[M - H2O + H]+	BUVPABKYRXLOGT	InChI=1S/C18H22O10/c1-25-17-9(2-3-12(20)21)10(6-8-4-5-26-16(8)17)27-18-15(24)14(23)13(22)11(7-19)28-18/h4-6,11,13-15,18-19,22-24H,2-3,7H2,1H3,(H,20,21)	null	COC1=C2C(=CC(=C1CCC(=O)O)OC3C(C(C(C(O3)CO)O)O)O)C=CO2	-0.100000001	10548876	COCONUT:(CNP0038554 CNP0175824);Natural Products:(UNPD161323);PubChem:(10548876);SuperNatural:(SN00160986 SN00254704)	3178498
12	1	N/A	-300.9398921181318	C18H22O10	[M - H2O + H]+	ZNBBYALXAQXHJE	InChI=1S/C18H22O10/c19-7-12-17(28-14(22)5-9-1-3-10(20)4-2-9)15(23)16(24)18(27-12)26-11-6-13(21)25-8-11/h1-4,11-12,15-20,23-24H,5-8H2	null	C1C(COC1=O)OC2C(C(C(C(O2)CO)OC(=O)CC3=CC=C(C=C3)O)O)O	-1.10000002	131750952	COCONUT:(CNP0273424);HMDB:(30055);Natural Products:(UNPD108080 UNPD184877);PubChem:(131750952);SuperNatural:(SN00339824 SN00272330);PubChem class - bio and metabolites	19955722
13	1	N/A	-307.34767267979976	C18H22O10	[M - H2O + H]+	YVYNMIFMUKDFEC	InChI=1S/C18H22O10/c1-25-17-15-9(4-5-26-15)6-8(2-3-11(20)21)16(17)28-18-14(24)13(23)12(22)10(7-19)27-18/h4-6,10,12-14,18-19,22-24H,2-3,7H2,1H3,(H,20,21)	null	COC1=C2C(=CC(=C1OC3C(C(C(C(O3)CO)O)O)O)CCC(=O)O)C=CO2	-0.100000001	24148534	COCONUT:(CNP0041237 CNP0291661);KNApSAcK:(36920);Natural Products:(UNPD161019);PubChem:(24148534);SuperNatural:(SN00358213 SN00029054);ZINC bio:(ZINC31160236);additional;Training Set	3727378
14	1	N/A	-308.09145790564713	C18H22O10	[M - H2O + H]+	VTHPUDGLCGMIQI	InChI=1S/C18H22O10/c1-6(2)10-4-8(21)12-7(20)3-9(22)16(17(12)26-10)28-18-15(25)14(24)13(23)11(5-19)27-18/h3-4,6,11,13-15,18-20,22-25H,5H2,1-2H3	null	CC(C)C1=CC(=O)C2=C(O1)C(=C(C=C2O)O)OC3C(C(C(C(O3)CO)O)O)O	0.400000006	10548875	COCONUT:(CNP0067933 CNP0416942);PubChem:(10548875);SuperNatural:(SN00160985)	3145730
15	1	N/A	-321.7545181247919	C18H22O10	[M - H2O + H]+	CISWUCBSWWHCJB	InChI=1S/C18H22O10/c1-25-11-7-8(6-9-3-5-12(19)26-9)2-4-10(11)27-16-14(21)13(20)15(17(22)23)28-18(16)24/h2,4,7,9,13-16,18,20-21,24H,3,5-6H2,1H3,(H,22,23)	null	COC1=C(C=CC(=C1)CC2CCC(=O)O2)OC3C(C(C(OC3O)C(=O)O)O)O	0.300000012	124202076	COCONUT:(CNP0084795);HMDB:(59988);PubChem:(124202076);CHEBI:(88694);PubChem class - bio and metabolites	18874410
16	1	N/A	-352.9377683567975	C18H22O10	[M - H2O + H]+	RALBOGKBFZBDKY	InChI=1S/C18H22O10/c19-9-3-1-7(5-8-2-4-11(20)27-8)6-10(9)28-17-12(18(25)26)13(21)14(22)15(23)16(17)24/h1,3,6,8,12-17,19,21-24H,2,4-5H2,(H,25,26)	null	C1CC(=O)OC1CC2=CC(=C(C=C2)O)OC3C(C(C(C(C3O)O)O)O)C(=O)O	-0.699999988	124202092	COCONUT:(CNP0084432);HMDB:(29190);PubChem:(124202092);CHEBI:(89287)	2097194
17	1	N/A	-356.04191110576454	C18H22O10	[M - H2O + H]+	WMCJBKAMWFRRDO	InChI=1S/C18H22O10/c1-7-5-9-11(4-3-10(20)13(9)17(24)26-7)27-18-16(23)15(22)14(21)12(28-18)6-25-8(2)19/h3-4,7,12,14-16,18,20-23H,5-6H2,1-2H3	null	CC1CC2=C(C=CC(=C2C(=O)O1)O)OC3C(C(C(C(O3)COC(=O)C)O)O)O	0.300000012	101904450	COCONUT:(CNP0125132);Natural Products:(UNPD215681);PubChem:(101904450)	2129922
18	1	N/A	-374.7993061059904	C18H22O10	[M - H2O + H]+	SNIRJYJBIJKJEM	InChI=1S/C18H22O10/c1-25-17(24)16-14(22)13(21)15(23)18(28-16)27-11-6-8(4-9(19)7-11)5-10-2-3-12(20)26-10/h4,6-7,10,13-16,18-19,21-23H,2-3,5H2,1H3	null	COC(=O)C1C(C(C(C(O1)OC2=CC(=CC(=C2)O)CC3CCC(=O)O3)O)O)O	0.300000012	124202096	HMDB:(60030);PubChem:(124202096);CHEBI:(89537);PubChem class - bio and metabolites	16777258
1	1	N/A	-250.31649539145297	C18H20O9	[M + H]+	PARMBKFFNOOBNH	InChI=1S/C18H20O9/c1-25-11-6-9(17(23)24)5-8-3-2-4-10(13(8)11)26-18-16(22)15(21)14(20)12(7-19)27-18/h2-6,12,14-16,18-22H,7H2,1H3,(H,23,24)	Drosophylloside	COC1=C2C(=CC(=C1)C(=O)O)C=CC=C2OC3C(C(C(C(O3)CO)O)O)O	0.134560883	637228;20979923	COCONUT:(CNP0177447);KNApSAcK:(37071);Natural Products:(UNPD125961);PubChem:(637228 20979923);SuperNatural:(SN00253422)	3178514
2	1	N/A	-251.0651285294291	C18H20O9	[M + H]+	KKIIZMKFDHXYQU	InChI=1S/C18H20O9/c19-10-13-15(22)16(23)17(24)18(27-13)25-8-6-4-2-1-3-5-7-12-11(20)9-14(21)26-12/h11-13,15-20,22-24H,7-10H2	null	C1C(C(OC1=O)CC#CC#CC#CCOC2C(C(C(C(O2)CO)O)O)O)O	-1.70000005	73212489	COCONUT:(CNP0138110);Natural Products:(UNPD224037);PubChem:(73212489)	2129922
3	1	N/A	-251.14976406789165	C18H20O9	[M + H]+	RZNTZCQCFPKGRI	InChI=1S/C18H20O9/c19-8-6-4-2-1-3-5-7-11-12(9-14(21)25-11)26-18-17(24)16(23)15(22)13(10-20)27-18/h11-13,15-20,22-24H,7-10H2	null	C1C(C(OC1=O)CC#CC#CC#CCO)OC2C(C(C(C(O2)CO)O)O)O	-1.70000005	73212490	COCONUT:(CNP0118629);Natural Products:(UNPD226151);PubChem:(73212490)	2129922
4	1	N/A	-252.24450625154654	C18H20O9	[M + H]+	OKBDSNUMGBVAFI	InChI=1S/C18H20O9/c1-10(19)23-9-14-15(24-11(2)20)16(25-12(3)21)18(26-14)27-17(22)13-7-5-4-6-8-13/h4-8,14-16,18H,9H2,1-3H3	null	CC(=O)OCC1C(C(C(O1)OC(=O)C2=CC=CC=C2)OC(=O)C)OC(=O)C	1.04872155	54154492;70004988	COCONUT:(CNP0203579);Natural Products:(UNPD142682);PubChem:(54154492 70004988);SuperNatural:(SN00355502)	3178498
5	1	N/A	-267.18420997557394	C18H20O9	[M + H]+	VKIKVLXBRAXXRD	InChI=1S/C18H20O9/c1-8-4-3-5-10-14(8)11(6-13(20)25-10)26-18-17(23)16(22)15(21)12(27-18)7-24-9(2)19/h3-6,12,15-18,21-23H,7H2,1-2H3	null	CC1=C2C(=CC=C1)OC(=O)C=C2OC3C(C(C(C(O3)COC(=O)C)O)O)O	0.600796819	""	COCONUT:(CNP0195460);Natural Products:(UNPD12800);SuperNatural:(SN00372770)	3178496
6	1	N/A	-277.5223481512359	C18H20O9	[M + H]+	DAQFGKKXZUQQQK	InChI=1S/C18H20O9/c1-10(19)24-14-9-23-18(27-17(22)13-7-5-4-6-8-13)16(26-12(3)21)15(14)25-11(2)20/h4-8,14-16,18H,9H2,1-3H3	null	CC(=O)OC1COC(C(C1OC(=O)C)OC(=O)C)OC(=O)C2=CC=CC=C2	1.39999998	102504564	COCONUT:(CNP0179000);Natural Products:(UNPD121786);PubChem:(102504564);SuperNatural:(SN00362847)	3178498
7	1	N/A	-279.13172988204013	C18H20O9	[M + H]+	ZZJSOQXSWDNDJW	InChI=1S/C18H20O9/c1-25-17(24)10-6-11(8-4-2-3-5-9(8)13(10)20)26-18-16(23)15(22)14(21)12(7-19)27-18/h2-6,12,14-16,18-23H,7H2,1H3	2-carbomethoxy-1,4-naphthohydroquinone-4-O-beta-D-glucopyranoside	COC(=O)C1=C(C2=CC=CC=C2C(=C1)OC3C(C(C(C(O3)CO)O)O)O)O	1.10000002	56600470	COCONUT:(CNP0173038);Natural Products:(UNPD204379);PubChem:(56600470);CHEBI:(69514)	2129954
8	1	N/A	-310.8208645197041	C18H20O9	[M + H]+	AELKPKGSENHRJJ	InChI=1S/C18H20O9/c1-9(19)25-14-12(21)13(22)15-18(27-15,16(14)26-10(2)20)8-24-17(23)11-6-4-3-5-7-11/h3-7,12-16,21-22H,8H2,1-2H3	null	CC(=O)OC1C(C(C2C(C1OC(=O)C)(O2)COC(=O)C3=CC=CC=C3)O)O	-0.39418897	""	COCONUT:(CNP0171674);Natural Products:(UNPD105557);SuperNatural:(SN00344763)	3178496
9	1	N/A	-355.8586579428098	C18H20O9	[M + H]+	RONXYCAHXKAJRU	InChI=1S/C18H20O9/c19-8-13-16-18(9-20,24-6-5-23-16)15(22)17(27-13)25-11-3-1-10-2-4-14(21)26-12(10)7-11/h1-4,7,13,15-17,19-20,22H,5-6,8-9H2	null	C1COC2(C(C(OC(C2O1)CO)OC3=CC4=C(C=C3)C=CC(=O)O4)O)CO	-0.378092974	""	COCONUT:(CNP0219721 CNP0366986);SuperNatural:(SN00168266)	3145728
10	1	N/A	-470.18404682931714	C18H20O9	[M + H]+	QXERJFRPZQVUJS	InChI=1S/C18H20O9/c1-16-6-3-7(21)24-12(5(20)4-19)18(6)14(27-18)8-10(16)17(2,15(23)26-8)11(22)9-13(16)25-9/h3,5,8-14,19-20,22H,4H2,1-2H3	null	CC12C3C(C4C5(O4)C(OC(=O)C=C5C3(C6C(C1O)O6)C)C(CO)O)OC2=O	-2.29999995	44179219	COCONUT:(CNP0280027);Natural Products:(UNPD76721);PubChem:(44179219);SuperNatural:(SN00306796)	3178498
11	1	N/A	-477.0999972265531	C18H20O9	[M + H]+	FAJXMVMKKRNFHB	InChI=1S/C18H20O9/c1-24-11-6-10-12(13(21)15(11)25-2)14(22)16(26-3)17(27-10)18(23)5-4-8(19)9(20)7-18/h6,9,20-21,23H,4-5,7H2,1-3H3	null	COC1=C(C(=C2C(=C1)OC(=C(C2=O)OC)C3(CCC(=O)C(C3)O)O)O)OC	0.5	131836459	HMDB:(130285);PubChem:(131836459);PubChem class - bio and metabolites	16777226
12	1	N/A	-505.75084161273713	C18H20O9	[M + H]+	PBKSUJHKFYIQAV	InChI=1S/C18H20O9/c1-24-10-6-9(20)12-14(22)16(26-3)17(27-15(12)13(10)21)18(23)5-4-8(19)11(7-18)25-2/h6,11,20-21,23H,4-5,7H2,1-3H3	null	COC1CC(CCC1=O)(C2=C(C(=O)C3=C(O2)C(=C(C=C3O)OC)O)OC)O	0.699999988	131835564	HMDB:(129296);PubChem:(131835564);PubChem class - bio and metabolites	16777226
13	1	N/A	-541.2146286268155	C18H20O9	[M + H]+	KDGCSTFYBWGBNX	InChI=1S/C18H20O9/c1-3-10-11(12(17(23)25-2)8-27-18(10)24)4-5-26-16(22)9-6-13(19)15(21)14(20)7-9/h3,6-8,10-11,18-21,24H,1,4-5H2,2H3	null	COC(=O)C1=COC(C(C1CCOC(=O)C2=CC(=C(C(=C2)O)O)O)C=C)O	1.43276012	""	COCONUT:(CNP0076751)	2097152