structureRankPerFormula	formulaRank	ConfidenceScore	CSI:FingerIDScore	molecularFormula	adduct	InChIkey2D	InChI	name	smiles	xlogp	pubchemids	links	dbflags
1	1	N/A	-168.38753557141933	C14H20O7	[M + K]+	GRBSGJQPRONUPW	InChI=1S/C14H20O7/c1-19-9-4-2-8(3-5-9)7-20-14-13(18)12(17)11(16)10(6-15)21-14/h2-5,10-18H,6-7H2,1H3	null	COC1=CC=C(C=C1)COC2C(C(C(C(O2)CO)O)O)O	-0.40861994	10685601;11022958;20576697;22183154;53852879;68152371;67745848;68172113;70496601;90320927;134866643	COCONUT:(CNP0185580);HMDB:(41405);Natural Products:(UNPD173922);PubChem:(10685601 11022958 20576697 22183154 53852879 68152371 67745848 68172113 70496601 90320927 134866643);SuperNatural:(SN00161001);PubChem class - bio and metabolites	19955722
2	1	N/A	-169.3030524492737	C14H20O7	[M + K]+	OVFYFAUQNYAGFX	InChI=1S/C14H20O7/c1-7-3-4-8(5-9(7)19-2)20-14-13(18)12(17)11(16)10(6-15)21-14/h3-5,10-18H,6H2,1-2H3	(2R,3S,4R,5R,6S)-2-(hydroxymethyl)-6-(3-methoxy-4-methylphenoxy)oxane-3,4,5-triol	CC1=C(C=C(C=C1)OC2C(C(C(C(O2)CO)O)O)O)OC	0.11001648	5321130;22524485	COCONUT:(CNP0141428);Natural Products:(UNPD190316);PubChem:(5321130 22524485);SuperNatural:(SN00162274 SN00386204)	3178498
3	1	N/A	-179.62122580436133	C14H20O7	[M + K]+	JUGNSCDMIZVJCB	InChI=1S/C14H20O7/c1-7(16)8-2-4-9(5-3-8)20-14-13(19)12(18)11(17)10(6-15)21-14/h2-5,7,10-19H,6H2,1H3	(2S,3R,4S,5S,6R)-2-[4-(1-hydroxyethyl)phenoxy]-6-(hydroxymethyl)oxane-3,4,5-triol	CC(C1=CC=C(C=C1)OC2C(C(C(C(O2)CO)O)O)O)O	-0.365827292	11972362;21550833	COCONUT:(CNP0412854);PubChem:(11972362 21550833);KEGG Mine	8592031746
4	1	N/A	-181.8237766715065	C14H20O7	[M + K]+	NKKYDOHCFQXJDI	InChI=1S/C14H20O7/c15-6-9(8-4-2-1-3-5-8)20-14-13(19)12(18)11(17)10(7-16)21-14/h1-5,9-19H,6-7H2	null	C1=CC=C(C=C1)C(CO)OC2C(C(C(C(O2)CO)O)O)O	-0.884463727	71467398;101197231	COCONUT:(CNP0252660);Natural Products:(UNPD230556);PubChem:(71467398 101197231)	2129922
5	1	N/A	-185.3665322625013	C14H20O7	[M + K]+	QBIDQPDUZLCEHW	InChI=1S/C14H20O7/c1-19-7-8-2-4-9(5-3-8)20-14-13(18)12(17)11(16)10(6-15)21-14/h2-5,10-18H,6-7H2,1H3	null	COCC1=CC=C(C=C1)OC2C(C(C(C(O2)CO)O)O)O	-0.40861994	91166794	COCONUT:(CNP0262921);Natural Products:(UNPD110984);PubChem:(91166794);SuperNatural:(SN00368758);PubMed;KEGG Mine	8593113154
6	1	N/A	-188.4381667578091	C14H20O7	[M + K]+	ZYGRMYIEMYKEIT	InChI=1S/C14H20O7/c15-7-10-11(17)12(18)13(19)14(21-10)20-6-5-8-3-1-2-4-9(8)16/h1-4,10-19H,5-7H2	null	C1=CC=C(C(=C1)CCOC2C(C(C(C(O2)CO)O)O)O)O	-0.5	50939652	COCONUT:(CNP0209643);Natural Products:(UNPD169349);PubChem:(50939652);SuperNatural:(SN00238115)	3178498
7	1	N/A	-189.40813842098206	C14H20O7	[M + K]+	ILRCGYURZSFMEG	InChI=1S/C14H20O7/c15-7-10-11(17)12(18)13(19)14(21-10)20-6-5-8-1-3-9(16)4-2-8/h1-4,10-19H,5-7H2	Rhodosin	C1=CC(=CC=C1CCOC2C(C(C(C(O2)CO)O)O)O)O	-0.369135708	159278;440895;4961358;5321084;10542306;12314920;21123711;42433494;42433491;42433492;42433493;57997978;70943558;70943580;89616970;94005082;94005083;94005084;94005085;101902326;118948921;121481481;124300735;124302102;134694866	SuperNatural:(SN00013906 SN00304616);ZINC bio:(ZINC06092865 ZINC44699912 ZINC44699914 ZINC44699916 ZINC44699918);additional;MeSH:(159278);Plantcyc:(CPD-13354);PubMed;COCONUT:(CNP0273681);KNApSAcK:(31274);Natural Products:(UNPD135410 UNPD101141 UNPD81357);PubChem:(159278 440895 4961358 5321084 10542306 12314920 21123711 42433494 42433491 42433492 42433493 57997978 70943558 70943580 89616970 94005082 94005083 94005084 94005085 101902326 118948921 121481481 124300735 124302102 134694866);CHEBI:(9009);PubChem class - bio and metabolites;KEGG:(C06046);PubChem class - safety and toxic;Training Set;Biocyc:(CPD-13354)	87746934
8	1	N/A	-189.5574465966588	C14H20O7	[M + K]+	OJDSCNUKKOKOQJ	InChI=1S/C14H20O7/c15-6-5-8-1-3-9(4-2-8)20-14-13(19)12(18)11(17)10(7-16)21-14/h1-4,10-19H,5-7H2	2-[4-(2-hydroxyethyl)phenoxy]-6-(hydroxymethyl)oxane-3,4,5-triol	C1=CC(=CC=C1CCO)OC2C(C(C(C(O2)CO)O)O)O	-0.369135708	10614148;14539961;66694808	COCONUT:(CNP0159081);KNApSAcK:(30508);Natural Products:(UNPD17325);PubChem:(10614148 14539961 66694808);SuperNatural:(SN00029952);ZINC bio:(ZINC31166741);additional;Training Set	3727378
9	1	N/A	-191.04126105053342	C14H20O7	[M + K]+	DDKQCNQJANTYLB	InChI=1S/C14H20O7/c15-6-10-11(17)12(18)13(19)14(21-10)20-7-9(16)8-4-2-1-3-5-8/h1-5,9-19H,6-7H2	null	C1=CC=C(C=C1)C(COC2C(C(C(C(O2)CO)O)O)O)O	-0.884463727	""	COCONUT:(CNP0375957);Natural Products:(UNPD127216);SuperNatural:(SN00299150)	3178496
10	1	N/A	-191.16317866763205	C14H20O7	[M + K]+	VNPBJQDTDJCFFC	InChI=1S/C14H20O7/c1-20-7-10(15)12(17)13(18)11(16)8-21-14(19)9-5-3-2-4-6-9/h2-6,10-13,15-18H,7-8H2,1H3	null	COCC(C(C(C(COC(=O)C1=CC=CC=C1)O)O)O)O	-0.326213896	""	COCONUT:(CNP0217647);Natural Products:(UNPD163677);SuperNatural:(SN00295088)	3178496
11	1	N/A	-192.9248240694619	C14H20O7	[M + K]+	FOBUQPQHFXWKIB	InChI=1S/C14H20O7/c1-19-7-8-4-2-3-5-9(8)20-14-13(18)12(17)11(16)10(6-15)21-14/h2-5,10-18H,6-7H2,1H3	null	COCC1=CC=CC=C1OC2C(C(C(C(O2)CO)O)O)O	-0.40861994	""	COCONUT:(CNP0221462);EcoCyc Mine;Natural Products:(UNPD370);SuperNatural:(SN00229913);KEGG Mine	25772982272
12	1	N/A	-196.04148357493187	C14H20O7	[M + K]+	OIXNSZFKABMIDN	InChI=1S/C14H20O7/c1-4-5-19-8-12(21-14(18)7-11(3)16)9-20-13(17)6-10(2)15/h4,12H,1,5-9H2,2-3H3	Butanoic acid, 3-oxo-,1-[(2-propenyloxy)methyl]-1,2-ethanediyl ester (9CI)	CC(=O)CC(=O)OCC(COCC=C)OC(=O)CC(=O)C	0.300000012	53471822	PubChem:(53471822);NORMAN:(NS00058454)	262146
13	1	N/A	-206.36902859702744	C14H20O7	[M + K]+	XDYGVKBDOHCEDN	InChI=1S/C14H20O7/c15-8-2-1-6-4-10(8)20-14(19)7-3-9(16)12(17)11(5-7)21-13(6)18/h6-12,15-17H,1-5H2	null	C1CC(C2CC1C(=O)OC3CC(CC(C3O)O)C(=O)O2)O	0.089448601	""	SuperNatural:(SN00312386)	1048576
14	1	N/A	-208.20766027933524	C14H20O7	[M + K]+	DIGNKQFJIIKEBA	InChI=1S/C14H20O7/c15-7-10-11(17)12(18)13(19)14(21-10)20-5-4-8-2-1-3-9(16)6-8/h1-3,6,10-19H,4-5,7H2	null	C1=CC(=CC(=C1)O)CCOC2C(C(C(C(O2)CO)O)O)O	-0.5	50939653;75586327	COCONUT:(CNP0249438);HMDB:(38332);Natural Products:(UNPD131042);PubChem:(50939653 75586327);SuperNatural:(SN00293198);PubChem class - bio and metabolites	19955722
15	1	N/A	-224.5461200258893	C14H20O7	[M + K]+	FKENIGIZPQYHDE	InChI=1S/C14H20O7/c1-8(15)21-7-10(16)14(20-4)9-5-11(18-2)13(17)12(6-9)19-3/h5-6,10,14,16-17H,7H2,1-4H3	null	CC(=O)OCC(C(C1=CC(=C(C(=C1)OC)O)OC)OC)O	0.5	71696679	COCONUT:(CNP0400115);Natural Products:(UNPD230457);PubChem:(71696679)	2129922
16	1	N/A	-226.8855390161804	C14H20O7	[M + K]+	WYXNFXXHLDJBRR	InChI=1S/C14H20O7/c1-6-3-8(4-7(2)10(6)16)20-14-13(19)12(18)11(17)9(5-15)21-14/h3-4,9,11-19H,5H2,1-2H3	null	CC1=CC(=CC(=C1O)C)OC2C(C(C(C(O2)CO)O)O)O	0.183665007	""	COCONUT:(CNP0107999);Natural Products:(UNPD39093);SuperNatural:(SN00397562)	3178496
17	1	N/A	-226.93698172631449	C14H20O7	[M + K]+	UPKYFPVASUJJTL	InChI=1S/C14H20O7/c1-8-4-3-5-13(18)20-9(2)6-10(15)11(16)7-12(17)14(19)21-8/h3,5,8-10,12,15,17H,4,6-7H2,1-2H3	Grahamimycin B	CC1CC=CC(=O)OC(CC(C(=O)CC(C(=O)O1)O)O)C	0.300000012	6444032	COCONUT:(CNP0211856);Natural Products:(UNPD157538);PubChem:(6444032);SuperNatural:(SN00283431);MeSH:(6444032);PubMed	3178566
1	2	N/A	-426.80892273845046	C14H14N2O8	[M + H]+	HLYQBBSYKLLKAF	InChI=1S/C14H14N2O8/c17-9-1-2-10(18)15(9)7-8-23-13(21)5-6-14(22)24-16-11(19)3-4-12(16)20/h1-2H,3-8H2	ACMC-20ctbk	C1CC(=O)N(C1=O)OC(=O)CCC(=O)OCCN2C(=O)C=CC2=O	-1.79999995	195727	MeSH:(195727);PubChem:(195727);PubMed	70
2	2	N/A	-454.0977470486224	C14H14N2O8	[M + H]+	MBCQJUIOTSXDBT	InChI=1S/C14H14N2O8/c17-11(18)2-1-8(12(19)20)15-4-3-7-5-9(13(21)22)16-10(6-7)14(23)24/h3-6,8,15H,1-2H2,(H,17,18)(H,19,20)(H,21,22)(H,23,24)	null	C1=C(C=C(N=C1C(=O)O)C(=O)O)C=CNC(CCC(=O)O)C(=O)O	-0.294779927	""	COCONUT:(CNP0223493);Natural Products:(UNPD207778 UNPD228366 UNPD3069);SuperNatural:(SN00270614);KEGG Mine	8593113088
3	2	N/A	-461.8269408426311	C14H14N2O8	[M + H]+	AEQJGIAJKMGQCZ	InChI=1S/C14H14N2O8/c17-10-4-2-6(14(23)24)15-8(4)7-3(12(19)20)1-5(13(21)22)16-9(7)11(10)18/h3,5-6,15-18H,1-2H2,(H,19,20)(H,21,22)(H,23,24)	null	C1C(C2=C(C(=C(C3=C2NC(C3)C(=O)O)O)O)NC1C(=O)O)C(=O)O	0.100000001	45281230	PubChem:(45281230);PubChem class - bio and metabolites	16777218
4	2	N/A	-473.96832112283266	C14H14N2O8	[M + H]+	MSQNBYJONPGINN	InChI=1S/C14H14N2O8/c1-15-11(19)5(9(23-3)7(17)13(15)21)6-10(24-4)8(18)14(22)16(2)12(6)20/h17,19H,1-4H3	null	CN1C(=C(C(=C(C1=O)O)OC)C2=C(C(=O)C(=O)N(C2=O)C)OC)O	-1.29083765	""	COCONUT:(CNP0340458)	2097152
5	2	N/A	-513.9737953017768	C14H14N2O8	[M + H]+	UMYDVEVERVKIFT	InChI=1S/C14H14N2O8/c15-7(13(21)22)2-4-1-5-6(12(19)20)3-8(14(23)24)16-9(5)11(18)10(4)17/h1,6-8,16H,2-3,15H2,(H,19,20)(H,21,22)(H,23,24)	6-(2-Amino-2-carboxyethyl)-7,8-dioxo-1,2,3,4,7,8-hexahydroquinoline-2,4-dicarboxylate	C1C(C2=C(C(=O)C(=O)C(=C2)CC(C(=O)O)N)NC1C(=O)O)C(=O)O	-4.0	11954214;45266763	COCONUT:(CNP0343228);Natural Products:(UNPD14333);PubChem:(11954214 45266763);SuperNatural:(SN00278122);CHEBI:(49081 58778);KEGG:(C15599);PubMed;Biocyc:(CPD-7244)	3180898
1	3	N/A	-273.0156885383745	C11H17N4O5P	[M + Na]+	YYXVNWBGVIIBOW	InChI=1S/C11H17N4O5P/c16-5-8(1-2-21(18,19)20)12-3-7-4-13-10-9(7)14-6-15-11(10)17/h4,6,8,12-13,16H,1-3,5H2,(H,14,15,17)(H2,18,19,20)	[(3S)-4-hydroxy-3-[(4-oxo-3,5-dihydropyrrolo[3,2-d]pyrimidin-7-yl)methylamino]butyl]phosphonic acid	C1=C(C2=C(N1)C(=O)NC=N2)CNC(CCP(=O)(O)O)CO	-5.19999981	135566536;137098479;136246401;136260521	PubChem:(135566536 137098479 136246401 136260521);PubMed;PubChem class - bio and metabolites	16777282
1	4	0.12730472809912344	-87.40308419438287	C17H16O6	[M + Na]+	MGAMNVYDDRRLAR	InChI=1S/C17H16O6/c1-22-12-8-15(21)17(16(9-12)23-2)13(19)6-4-10-3-5-11(18)7-14(10)20/h3-9,18,20-21H,1-2H3	null	COC1=CC(=C(C(=C1)OC)C(=O)C=CC2=C(C=C(C=C2)O)O)O	3.0999999	118725712	COCONUT:(CNP0078890);HMDB:(132895);PubChem:(118725712);PubMed;PubChem class - bio and metabolites	18874442
2	4	N/A	-95.23379042960526	C17H16O6	[M + Na]+	IBIYLFIHGWIFSB	InChI=1S/C17H16O6/c1-22-11-8-14(20)17(15(21)9-11)13(19)6-4-10-3-5-12(18)16(7-10)23-2/h3-9,18,20-21H,1-2H3	4,2'',6''-Trihydroxy-3,4''-dimethoxychalcone	COC1=CC(=C(C(=C1)O)C(=O)C=CC2=CC(=C(C=C2)O)OC)O	3.0999999	42607626	COCONUT:(CNP0270745);KNApSAcK:(6975);PubChem:(42607626);KEGG Mine	8592031762
3	4	N/A	-110.85742537832675	C17H16O6	[M + Na]+	MPQPNUAVZUIREE	InChI=1S/C17H16O6/c1-9-7-15(22-3)10(2)6-13(9)17(21)23-11-4-5-12(16(19)20)14(18)8-11/h4-8,18H,1-3H3,(H,19,20)	null	CC1=CC(=C(C=C1OC)C)C(=O)OC2=CC(=C(C=C2)C(=O)O)O	3.36737037	""	COCONUT:(CNP0149428)	2097152
4	4	N/A	-123.48034142520423	C17H16O6	[M + Na]+	RXRCNOIPYFJQPE	InChI=1S/C17H16O6/c18-14-8-3-1-6-12(14)16(20)22-10-5-11-23-17(21)13-7-2-4-9-15(13)19/h1-4,6-9,18-19H,5,10-11H2	1,3-Propanediyl disalicylate	C1=CC=C(C(=C1)C(=O)OCCCOC(=O)C2=CC=CC=C2O)O	2.76223159	7503587	NORMAN:(NS00038494);PubChem:(7503587);PubMed	262210
5	4	N/A	-124.77426291560367	C17H16O6	[M + Na]+	YYGSGVZGXFWVMM	InChI=1S/C17H16O6/c1-20-13-5-4-11(9-18)6-17(13)23-14-8-16(22-3)15(21-2)7-12(14)10-19/h4-10H,1-3H3	2-(5-formyl-2-methoxyphenoxy)-4,5-dimethoxybenzaldehyde	COC1=C(C=C(C=C1)C=O)OC2=CC(=C(C=C2C=O)OC)OC	2.29999995	291716	COCONUT:(CNP0289187);KNApSAcK:(27541);Natural Products:(UNPD109647);PubChem:(291716)	2129938
6	4	N/A	-127.15693911278915	C17H16O6	[M + Na]+	XTHCRAGXZZDJCV	InChI=1S/C17H16O6/c1-22-12-5-10(6-13(9-12)23-2)3-4-14(19)17-15(20)7-11(18)8-16(17)21/h3-9,18,20-21H,1-2H3	null	COC1=CC(=CC(=C1)C=CC(=O)C2=C(C=C(C=C2O)O)O)OC	3.0999999	15379606	PubChem:(15379606);HMDB:(128197)	10
7	4	N/A	-127.75859106817586	C17H16O6	[M + Na]+	FULLYNAPJNWJLA	InChI=1S/C17H16O6/c1-20-14-8-7-12(17(19)22-3)10-15(14)23-13-6-4-5-11(9-13)16(18)21-2/h4-10H,1-3H3	null	COC1=C(C=C(C=C1)C(=O)OC)OC2=CC=CC(=C2)C(=O)OC	3.22007322	""	COCONUT:(CNP0321178);Natural Products:(UNPD189914)	2129920
8	4	N/A	-128.37789549040136	C17H16O6	[M + Na]+	FEKOGNMSBYBYSO	InChI=1S/C17H16O6/c1-21-10-5-3-9(4-6-10)17-16(20)15(19)14-12(18)7-11(22-2)8-13(14)23-17/h3-8,16-18,20H,1-2H3	(2R,3R)-3,5-dihydroxy-7-methoxy-2-(4-methoxyphenyl)-2,3-dihydrochromen-4-one	COC1=CC=C(C=C1)C2C(C(=O)C3=C(C=C(C=C3O2)OC)O)O	2.5	15118763;11738585	COCONUT:(CNP0156249);KNApSAcK:(8559);Natural Products:(UNPD159206 UNPD145079);PubChem:(15118763 11738585);SuperNatural:(SN00257938 SN00385001);PubMed	3178578
9	4	N/A	-129.32076390391256	C17H16O6	[M + Na]+	SNKAPDDRKJEOFE	InChI=1S/C17H16O6/c1-21-9-3-4-11(12(18)5-9)15-8-14(20)17-13(19)6-10(22-2)7-16(17)23-15/h3-7,15,18-19H,8H2,1-2H3	5,2''-Dihydroxy-7,4''-dimethoxyflavanone	COC1=CC(=C(C=C1)C2CC(=O)C3=C(C=C(C=C3O2)OC)O)O	2.70000005	15227613;101930089	COCONUT:(CNP0374343);HMDB:(41234);KNApSAcK:(14123);Natural Products:(UNPD2758);PubChem:(15227613 101930089);SuperNatural:(SN00241591);PubChem class - bio and metabolites	19955738
10	4	N/A	-130.3088137106095	C17H16O6	[M + Na]+	BGLJBSICFOAALK	InChI=1S/C17H16O6/c1-20-15-9-8-13(10-14(15)17(19)22-3)23-12-6-4-11(5-7-12)16(18)21-2/h4-10H,1-3H3	null	COC1=C(C=C(C=C1)OC2=CC=C(C=C2)C(=O)OC)C(=O)OC	3.22007322	102369822	MeSH:(102369822);PubChem:(102369822);PubMed	70
11	4	N/A	-131.13281505221917	C17H16O6	[M + Na]+	LWBHKKLWSUFUNZ	InChI=1S/C17H16O6/c1-21-10-6-12(19)17-13(20)8-15(23-16(17)7-10)9-3-4-14(22-2)11(18)5-9/h3-7,15,18-19H,8H2,1-2H3	Persicogenin	COC1=C(C=C(C=C1)C2CC(=O)C3=C(C=C(C=C3O2)OC)O)O	2.70000005	320054;14157910;139074584	COCONUT:(CNP0222941);HMDB:(37481);KNApSAcK:(8300);Natural Products:(UNPD112113);PubChem:(320054 14157910 139074584);SuperNatural:(SN00156576);PubChem class - bio and metabolites;PubMed;KEGG Mine	8609890394
12	4	N/A	-132.0886721494322	C17H16O6	[M + Na]+	VBISQLWPGDULSX	InChI=1S/C17H16O6/c18-16(19)12-2-6-14(7-3-12)22-10-1-11-23-15-8-4-13(5-9-15)17(20)21/h2-9H,1,10-11H2,(H,18,19)(H,20,21)	1,3-Bis(4-carboxyphenoxy)propane	C1=CC(=CC=C1C(=O)O)OCCCOC2=CC=C(C=C2)C(=O)O	3.0	68610;37888277	MeSH:(68610);PubChem class - safety and toxic;PubChem:(68610 37888277);PubMed;ZINC bio:(ZINC01846432)	67117126
13	4	N/A	-132.22473010143975	C17H16O6	[M + Na]+	QZJVBGCZOLNWHW	InChI=1S/C17H16O6/c1-21-10-6-12(19)17-13(20)8-14(23-16(17)7-10)9-3-4-11(18)15(5-9)22-2/h3-7,14,18-19H,8H2,1-2H3	Eriodictyol 7,3''-dimethyl ether	COC1=CC(=C2C(=O)CC(OC2=C1)C3=CC(=C(C=C3)O)OC)O	2.70000005	321347;14235076;102506205	COCONUT:(CNP0311903);KNApSAcK:(8299);Natural Products:(UNPD42250);PubChem:(321347 14235076 102506205);SuperNatural:(SN00143268 SN00295896);PubMed;KEGG Mine	8593113170
14	4	N/A	-134.8093598679933	C17H16O6	[M + Na]+	HRFSSDXPHTZMLA	InChI=1S/C17H16O6/c1-21-13-4-3-9(5-15(13)22-2)14-8-12(20)17-11(19)6-10(18)7-16(17)23-14/h3-7,14,18-19H,8H2,1-2H3	2-(3,4-dimethoxyphenyl)-5,7-dihydroxy-2,3-dihydrochromen-4-one	COC1=C(C=C(C=C1)C2CC(=O)C3=C(C=C(C=C3O2)O)O)OC	2.70000005	14466293;14466294;102119784	COCONUT:(CNP0331121);Natural Products:(UNPD4636);PubChem:(14466293 14466294 102119784);SuperNatural:(SN00159126);PubMed;KEGG Mine	8593113154
15	4	N/A	-135.0743075100128	C17H16O6	[M + Na]+	XBNIZSSSCCAPGD	InChI=1S/C17H16O6/c1-19-11-7-14(20-2)16(15(8-11)21-3)17(18)10-4-5-12-13(6-10)23-9-22-12/h4-8H,9H2,1-3H3	1,3-benzodioxol-5-yl-(2,4,6-trimethoxyphenyl)methanone	COC1=CC(=C(C(=C1)OC)C(=O)C2=CC3=C(C=C2)OCO3)OC	3.0	16637703	COCONUT:(CNP0211691);Natural Products:(UNPD126763);PubChem:(16637703);SuperNatural:(SN00328633)	3178498
16	4	N/A	-135.55534822992527	C17H16O6	[M + Na]+	OLHMLJHXCUWPOE	InChI=1S/C17H16O6/c1-22-11-8-15(21)17(16(9-11)23-2)13(19)6-4-10-3-5-12(18)14(20)7-10/h3-9,18,20-21H,1-2H3	null	COC1=CC(=C(C(=C1)OC)C(=O)C=CC2=CC(=C(C=C2)O)O)O	3.0999999	44428614;75026050	COCONUT:(CNP0339454);HMDB:(132890);PubChem:(44428614 75026050);PubMed;PubChem class - bio and metabolites	18874442
17	4	N/A	-135.5714258234697	C17H16O6	[M + Na]+	WRSMUTJHTHWFDH	InChI=1S/C17H16O6/c1-21-14-5-9(3-4-11(14)19)13-8-12(20)17-15(22-2)6-10(18)7-16(17)23-13/h3-7,13,18-19H,8H2,1-2H3	(2S)-7-hydroxy-2-(4-hydroxy-3-methoxyphenyl)-5-methoxy-2,3-dihydrochromen-4-one	COC1=CC(=CC2=C1C(=O)CC(O2)C3=CC(=C(C=C3)O)OC)O	2.0999999	16079988	COCONUT:(CNP0217539);Natural Products:(UNPD187381);PubChem:(16079988);SuperNatural:(SN00282763);KEGG Mine	8593113090
18	4	N/A	-135.82298501860336	C17H16O6	[M + Na]+	MJQUZVRVCHUFDY	InChI=1S/C17H16O6/c1-22-12-7-14(20)17(16(8-12)23-2)15(21)9-13(19)10-3-5-11(18)6-4-10/h3-8,18,20H,9H2,1-2H3	null	COC1=CC(=C(C(=C1)OC)C(=O)CC(=O)C2=CC=C(C=C2)O)O	2.9000001	90718650	COCONUT:(CNP0260765);Natural Products:(UNPD137159);PubChem:(90718650);PubMed	2129986
19	4	N/A	-136.5936218020617	C17H16O6	[M + Na]+	DJUWZELLSVEECO	InChI=1S/C17H16O6/c1-20-14-9-6-12(17(19)22-3)10-15(14)23-13-7-4-11(5-8-13)16(18)21-2/h4-10H,1-3H3	Oprea1_666288	COC1=C(C=C(C=C1)C(=O)OC)OC2=CC=C(C=C2)C(=O)OC	3.22007322	628971	COCONUT:(CNP0128094);Natural Products:(UNPD35646);PubChem:(628971);SuperNatural:(SN00311852)	3178498
20	4	N/A	-140.2683914635128	C17H16O6	[M + Na]+	OWTLDMOMHZQGCT	InChI=1S/C17H16O6/c1-2-22-17(21)11-3-6-13(7-4-11)23-10-16(20)14-8-5-12(18)9-15(14)19/h3-9,18-19H,2,10H2,1H3	ethyl 4-[2-(2,4-dihydroxyphenyl)-2-oxoethoxy]benzoate	CCOC(=O)C1=CC=C(C=C1)OCC(=O)C2=C(C=C(C=C2)O)O	3.4000001	664786	COCONUT:(CNP0380970);PubChem:(664786);SuperNatural:(SN00144131);PubMed;ZINC bio:(ZINC00545066)	3153986
21	4	N/A	-140.7371944448545	C17H16O6	[M + Na]+	OITGKZXQKMPATO	InChI=1S/C17H16O6/c1-8-11(19)6-15-16(17(8)21)12(20)7-13(23-15)9-3-4-10(18)14(5-9)22-2/h3-6,13,18-19,21H,7H2,1-2H3	null	CC1=C(C2=C(C=C1O)OC(CC2=O)C3=CC(=C(C=C3)O)OC)O	2.70000005	44130317	COCONUT:(CNP0320760);Natural Products:(UNPD109537);PubChem:(44130317);SuperNatural:(SN00297822);KEGG Mine	8593113090
22	4	N/A	-142.57248784025535	C17H16O6	[M + Na]+	COAPWVZMQPXXGQ	InChI=1S/C17H16O6/c1-21-11-7-12(22-2)14-13(8-11)23-17(16(20)15(14)19)9-3-5-10(18)6-4-9/h3-8,16-18,20H,1-2H3	(2R,3R)-3,4''-Dihydroxy-5,7-dimethoxyflavone	COC1=CC2=C(C(=C1)OC)C(=O)C(C(O2)C3=CC=C(C=C3)O)O	1.89999998	10403456	COCONUT:(CNP0341956);KNApSAcK:(8558);Natural Products:(UNPD43680);PubChem:(10403456);SuperNatural:(SN00355221)	3178514
23	4	N/A	-142.7731349078383	C17H16O6	[M + Na]+	YJTKWZNFYTXAMB	InChI=1S/C17H16O6/c1-21-12-9-11(18)13(17(23-3)16(12)22-2)15(20)14(19)10-7-5-4-6-8-10/h4-9,18H,1-3H3	null	COC1=C(C(=C(C(=C1)O)C(=O)C(=O)C2=CC=CC=C2)OC)OC	3.0	56930465	COCONUT:(CNP0147792);Natural Products:(UNPD206094);PubChem:(56930465);PubMed	2129986
24	4	N/A	-143.00810399371892	C17H16O6	[M + Na]+	ALPUHUMCWYKATQ	InChI=1S/C17H16O6/c1-21-13-7-11-12(8-14(13)22-2)23-17(16(20)15(11)19)9-3-5-10(18)6-4-9/h3-8,16-18,20H,1-2H3	null	COC1=C(C=C2C(=C1)C(=O)C(C(O2)C3=CC=C(C=C3)O)O)OC	2.02634907	""	COCONUT:(CNP0176234);Natural Products:(UNPD159605)	2129920
25	4	N/A	-150.41970227483736	C17H16O6	[M + Na]+	QQTDTPLVOYSYRL	InChI=1S/C17H16O6/c1-21-10-5-3-9(4-6-10)13-7-11(18)15-14(23-13)8-12(19)17(22-2)16(15)20/h3-6,8,13,19-20H,7H2,1-2H3	null	COC1=CC=C(C=C1)C2CC(=O)C3=C(O2)C=C(C(=C3O)OC)O	2.70000005	90872794	COCONUT:(CNP0315643);HMDB:(128590);Natural Products:(UNPD74909);PubChem:(90872794);SuperNatural:(SN00343282);PubChem class - bio and metabolites;PubMed;KEGG Mine	8609890378
26	4	N/A	-151.23363541336917	C17H16O6	[M + Na]+	KAMQVZPXKHTIES	InChI=1S/C17H16O6/c1-21-15-9-11(3-6-13(15)18)4-8-17(20)23-12-5-7-14(19)16(10-12)22-2/h3-10,18-19H,1-2H3	(4-hydroxy-3-methoxyphenyl) (E)-3-(4-hydroxy-3-methoxyphenyl)prop-2-enoate	COC1=C(C=CC(=C1)C=CC(=O)OC2=CC(=C(C=C2)O)OC)O	2.98642325	11500646;72985901	COCONUT:(CNP0298354);Natural Products:(UNPD54152);PubChem:(11500646 72985901);SuperNatural:(SN00403258);PubMed	3178562
27	4	N/A	-151.91373519154726	C17H16O6	[M + Na]+	HERMXACAVKAURU	InChI=1S/C17H16O6/c1-21-16-10(18)8-11-12(17(16)22-2)13(19)14(20)15(23-11)9-6-4-3-5-7-9/h3-8,14-15,18,20H,1-2H3	(2R,3R)-3,7-dihydroxy-5,6-dimethoxyflavanone	COC1=C(C2=C(C=C1O)OC(C(C2=O)O)C3=CC=CC=C3)OC	1.89999998	53354908	COCONUT:(CNP0264647);Natural Products:(UNPD201429);PubChem:(53354908);CHEBI:(67365)	2129954
28	4	N/A	-152.44414718210152	C17H16O6	[M + Na]+	DEOJMRBCCZJDEC	InChI=1S/C17H16O6/c1-21-14-8-13-15(16(20)17(14)22-2)11(19)7-12(23-13)9-3-5-10(18)6-4-9/h3-6,8,12,18,20H,7H2,1-2H3	6-Methoxysakuranetin	COC1=C(C(=C2C(=O)CC(OC2=C1)C3=CC=C(C=C3)O)O)OC	2.70000005	14078484;44412004	COCONUT:(CNP0158973);KNApSAcK:(8252);Natural Products:(UNPD173374);PubChem:(14078484 44412004);SuperNatural:(SN00345318);PubMed;KEGG Mine	8593113170
29	4	N/A	-152.48424317332592	C17H16O6	[M + Na]+	AUNLBMBIPNNEDJ	InChI=1S/C17H16O6/c1-20-8-3-12(19)16-10-7-22-13-6-11(18)14(21-2)5-9(13)17(10)23-15(16)4-8/h3-6,10,17-19H,7H2,1-2H3	ACMC-20loqw	COC1=CC(=C2C3COC4=CC(=C(C=C4C3OC2=C1)OC)O)O	2.20000005	184977;44257456	COCONUT:(CNP0122345);KNApSAcK:(9996);Natural Products:(UNPD2203);PubChem:(184977 44257456);SuperNatural:(SN00376517)	3178514
30	4	N/A	-153.30265428529285	C17H16O6	[M + Na]+	AIGSRZAEUVTPPQ	InChI=1S/C17H16O6/c1-21-11-8-10-12(14(19)17(11)22-2)13(18)15(20)16(23-10)9-6-4-3-5-7-9/h3-8,15-16,19-20H,1-2H3	null	COC1=C(C(=C2C(=C1)OC(C(C2=O)O)C3=CC=CC=C3)O)OC	2.02634907	""	COCONUT:(CNP0178637);Natural Products:(UNPD127885);SuperNatural:(SN00306288)	3178496
31	4	N/A	-153.84758686534005	C17H16O6	[M + Na]+	LYMBVZZATPTWFW	InChI=1S/C17H16O6/c1-21-11-7-12(19)14-13(8-11)23-16(17(22-2)15(14)20)9-3-5-10(18)6-4-9/h3-8,16-19H,1-2H3	null	COC1C(OC2=CC(=CC(=C2C1=O)O)OC)C3=CC=C(C=C3)O	2.02634907	""	COCONUT:(CNP0329036);Natural Products:(UNPD92985)	2129920
32	4	N/A	-154.57250137882346	C17H16O6	[M + Na]+	HPTNQLQLMUERRK	InChI=1S/C17H16O6/c1-22-12-7-14(20)17(16(8-12)23-2)15(21)9-13(19)10-3-5-11(18)6-4-10/h3-9,18-20H,1-2H3	null	COC1=CC(=C(C(=C1)OC)C(=O)C=C(C2=CC=C(C=C2)O)O)O	2.9000001	15736230	COCONUT:(CNP0268028);Natural Products:(UNPD163145);PubChem:(15736230)	2129922
33	4	N/A	-155.20761723034357	C17H16O6	[M + Na]+	GRTWOJAKLSRMCR	InChI=1S/C17H16O6/c1-21-11-3-9(4-12(7-11)22-2)15-8-14(20)17-13(19)5-10(18)6-16(17)23-15/h3-7,15,18-19H,8H2,1-2H3	null	COC1=CC(=CC(=C1)C2CC(=O)C3=C(C=C(C=C3O2)O)O)OC	2.70000005	15379608	HMDB:(124872);PubChem:(15379608);PubChem class - bio and metabolites	16777226
34	4	N/A	-155.93013318875506	C17H16O6	[M + Na]+	RIVCVLWKSXZCKZ	InChI=1S/C17H16O6/c1-20-15-5-13-9(4-12(15)19)17-10(7-22-13)8-3-11(18)16(21-2)6-14(8)23-17/h3-6,10,17-19H,7H2,1-2H3	2,8-Dihydroxy-3,9-dimethoxypterocarpan	COC1=C(C=C2C3COC4=CC(=C(C=C4C3OC2=C1)O)OC)O	2.20000005	44257453	COCONUT:(CNP0135577);HMDB:(138109);KNApSAcK:(9627);Natural Products:(UNPD22139);PubChem:(44257453);SuperNatural:(SN00360771);PubChem class - bio and metabolites	19955738
35	4	N/A	-158.22061111263818	C17H16O6	[M + Na]+	KZDDYSMOBDHKFT	InChI=1S/C17H16O6/c1-21-16-13(19)12-10(18)8-11(9-6-4-3-5-7-9)23-15(12)14(20)17(16)22-2/h3-7,11,19-20H,8H2,1-2H3	Didymocarpin A	COC1=C(C(=C2C(=C1O)C(=O)CC(O2)C3=CC=CC=C3)O)OC	2.70000005	21679830;90475543	COCONUT:(CNP0157260);KNApSAcK:(8159);Natural Products:(UNPD13146);PubChem:(21679830 90475543);SuperNatural:(SN00354236)	3178514
36	4	N/A	-158.64027458866894	C17H16O6	[M + Na]+	SVWWOYQFWYYDLH	InChI=1S/C17H16O6/c1-21-11-5-3-9(4-6-11)16-17(22-2)15(20)14-12(19)7-10(18)8-13(14)23-16/h3-8,16-19H,1-2H3	null	COC1C(OC2=CC(=CC(=C2C1=O)O)O)C3=CC=C(C=C3)OC	2.02634907	""	COCONUT:(CNP0251523);Natural Products:(UNPD132041);SuperNatural:(SN00323612)	3178496
37	4	N/A	-158.69413712913257	C17H16O6	[M + Na]+	AAUWXGMLESDQQF	InChI=1S/C17H16O6/c1-19-13-5-9-11(7-15(13)21-3)23-12-8-16(22-4)14(20-2)6-10(12)17(9)18/h5-8H,1-4H3	null	COC1=C(C=C2C(=C1)C(=O)C3=CC(=C(C=C3O2)OC)OC)OC	2.79999995	85669100	COCONUT:(CNP0163534);Natural Products:(UNPD176427);PubChem:(85669100);SuperNatural:(SN00291084)	3178498
38	4	N/A	-159.07327854327005	C17H16O6	[M + Na]+	VJRWCHHZKGQZJW	InChI=1S/C17H16O6/c1-21-14-8-12(20)15-11(19)7-13(23-17(15)16(14)22-2)9-3-5-10(18)6-4-9/h3-6,8,13,18,20H,7H2,1-2H3	5,4''-Dihydroxy-7,8-dimethoxyflavanone	COC1=C(C2=C(C(=O)CC(O2)C3=CC=C(C=C3)O)C(=C1)O)OC	2.70000005	23757230	COCONUT:(CNP0309413);KNApSAcK:(8254);Natural Products:(UNPD67104);PubChem:(23757230);SuperNatural:(SN00296491)	3178514
39	4	N/A	-160.48404871850346	C17H16O6	[M + Na]+	NOWNKKFLGLEJOO	InChI=1S/C17H16O6/c1-22-14-9-13(20)15(16(21)17(14)23-2)12(19)8-5-10-3-6-11(18)7-4-10/h3-9,18,20-21H,1-2H3	null	COC1=C(C(=C(C(=C1)O)C(=O)C=CC2=CC=C(C=C2)O)O)OC	3.0999999	131837755	HMDB:(133959);PubChem:(131837755);PubChem class - bio and metabolites	16777226
40	4	N/A	-161.2440976743107	C17H16O6	[M + Na]+	ZYXYMRVGBSMJHI	InChI=1S/C17H16O6/c1-21-15-6-11(13(19)7-16(15)22-2)12-8-23-14-5-9(18)3-4-10(14)17(12)20/h3-7,12,18-19H,8H2,1-2H3	7-hydroxy-3-(2-hydroxy-4,5-dimethoxyphenyl)-2,3-dihydrochromen-4-one	COC1=C(C=C(C(=C1)C2COC3=C(C2=O)C=CC(=C3)O)O)OC	2.29999995	11197856;21597437	COCONUT:(CNP0355873);Natural Products:(UNPD8685);PubChem:(11197856 21597437);SuperNatural:(SN00282522);PubMed	3178562
41	4	N/A	-161.83044594076753	C17H16O6	[M + Na]+	SGQWQUYTTYVSBS	InChI=1S/C17H16O6/c1-19-9-5-14(22-4)16-15(6-9)23-11-8-13(21-3)12(20-2)7-10(11)17(16)18/h5-8H,1-4H3	1,3,6,7-Tetramethoxyxanthen-9-one	COC1=CC2=C(C(=C1)OC)C(=O)C3=CC(=C(C=C3O2)OC)OC	2.79999995	332530	COCONUT:(CNP0372257);KNApSAcK:(36376);Natural Products:(UNPD123615);PubChem:(332530);SuperNatural:(SN00362777);PubMed	3178578
42	4	N/A	-161.99380056650105	C17H16O6	[M + Na]+	STNUKZNYDPNBNJ	InChI=1S/C17H16O6/c1-21-13-7-8-14(15(9-13)22-2)17(20)11-3-5-12(6-4-11)23-10-16(18)19/h3-9H,10H2,1-2H3,(H,18,19)	(4-(2,4-Dimethoxybenzoyl)phenoxy)acetic acid	COC1=CC(=C(C=C1)C(=O)C2=CC=C(C=C2)OCC(=O)O)OC	2.79999995	53184	NORMAN:(NS00037693);PubChem class - safety and toxic;PubChem:(53184)	67371010
43	4	N/A	-162.073578134406	C17H16O6	[M + Na]+	LHLLBACWHOWRGG	InChI=1S/C17H16O6/c1-22-16-6-4-10(7-14(16)20)12(18)5-3-11-8-15(21)17(23-2)9-13(11)19/h3-9,19-21H,1-2H3	Pterolinus L	COC1=C(C=C(C=C1)C(=O)C=CC2=CC(=C(C=C2O)OC)O)O	2.5999999	53388318	COCONUT:(CNP0132398);MeSH:(53388318);Natural Products:(UNPD202868 UNPD216243);PubChem:(53388318);PubMed	2129990
44	4	N/A	-162.1925954152542	C17H16O6	[M + Na]+	SYCLQJWJTXZCTR	InChI=1S/C17H16O6/c1-19-10-7-5-6-9-14(18)13-11(23-15(9)10)8-12(20-2)16(21-3)17(13)22-4/h5-8H,1-4H3	9H-Xanthen-9-one, 1,2,3,5-tetramethoxy-	COC1=CC=CC2=C1OC3=CC(=C(C(=C3C2=O)OC)OC)OC	2.79999995	14630571	COCONUT:(CNP0111544);Natural Products:(UNPD3150);PubChem:(14630571);SuperNatural:(SN00314227);PubMed	3178562
45	4	N/A	-162.7154623531616	C17H16O6	[M + Na]+	MTBUPQSTYDRODI	InChI=1S/C17H16O6/c1-21-16-13(20)7-11-12(19)8-14(23-15(11)17(16)22-2)9-3-5-10(18)6-4-9/h3-7,14,18,20H,8H2,1-2H3	null	COC1=C(C=C2C(=O)CC(OC2=C1OC)C3=CC=C(C=C3)O)O	2.0999999	131837228	HMDB:(133294);PubChem:(131837228);PubChem class - bio and metabolites	16777226
46	4	N/A	-163.7201460865796	C17H16O6	[M + Na]+	ZNICFRBXCHZFTK	InChI=1S/C17H16O6/c1-22-14-9-13(20)15(17(23-2)16(14)21)12(19)8-5-10-3-6-11(18)7-4-10/h3-9,18,20-21H,1-2H3	null	COC1=C(C(=C(C(=C1)O)C(=O)C=CC2=CC=C(C=C2)O)OC)O	3.0999999	131836912	HMDB:(132894);PubChem:(131836912);KEGG Mine;PubChem class - bio and metabolites	8606711818
47	4	N/A	-164.05974398383972	C17H16O6	[M + Na]+	CHQXHOMGCLNJIG	InChI=1S/C17H16O6/c1-20-16-12(19)6-10-11-7-22-13-5-8(18)3-4-9(13)14(11)23-15(10)17(16)21-2/h3-6,11,14,18-19H,7H2,1-2H3	null	COC1=C(C=C2C3COC4=C(C3OC2=C1OC)C=CC(=C4)O)O	2.20000005	46918735;46919617	COCONUT:(CNP0381008);Natural Products:(UNPD71977);PubChem:(46918735 46919617);SuperNatural:(SN00273285);PubMed;KEGG Mine	8593113154
48	4	N/A	-164.33108212732225	C17H16O6	[M + Na]+	ANISVKAXQQBELV	InChI=1S/C17H16O6/c1-20-13-6-11(19)16(21-2)17-14(13)10-7-22-12-5-8(18)3-4-9(12)15(10)23-17/h3-6,10,15,18-19H,7H2,1-2H3	Philenopteran	COC1=C2C3COC4=C(C3OC2=C(C(=C1)O)OC)C=CC(=C4)O	2.20000005	12314156;12314157	COCONUT:(CNP0259198);KNApSAcK:(9626);Natural Products:(UNPD156629);PubChem:(12314156 12314157);SuperNatural:(SN00296610)	3178514
49	4	N/A	-166.71444601362228	C17H16O6	[M + Na]+	XMFCMXPYIULHFX	InChI=1S/C17H16O6/c1-21-9-3-4-12(18)11(5-9)15-8-14(20)17-13(19)6-10(22-2)7-16(17)23-15/h3-7,15,18-19H,8H2,1-2H3	5,2''-Dihydroxy-7,5''-dimethoxyflavanone	COC1=CC(=C(C=C1)O)C2CC(=O)C3=C(C=C(C=C3O2)OC)O	2.70000005	42607851;91600795	COCONUT:(CNP0205404);KNApSAcK:(14124);Natural Products:(UNPD229677 UNPD166456);PubChem:(42607851 91600795);SuperNatural:(SN00275970);PubMed	3178578
50	4	N/A	-167.11669072082617	C17H16O6	[M + Na]+	MWHNXEIHKZWYAX	InChI=1S/C17H16O6/c1-21-14-8-13-15(17(22-2)16(14)20)11(19)7-12(23-13)9-3-5-10(18)6-4-9/h3-6,8,12,18,20H,7H2,1-2H3	4'',6-Dihydroxy-5,7-dimethoxyflavanone	COC1=C(C(=C2C(=O)CC(OC2=C1)C3=CC=C(C=C3)O)OC)O	2.0999999	244949;92159486;92229699	COCONUT:(CNP0027603);PubChem:(244949 92159486 92229699);SuperNatural:(SN00214741);CHEBI:(79493);ZINC bio:(ZINC01686846);KEGG:(C14969);PubMed	3154274
51	4	N/A	-168.20717563808253	C17H16O6	[M + Na]+	VBRKMPXAGKGMJP	InChI=1S/C17H16O6/c1-21-12-5-3-11(4-6-12)17(20)14-8-7-13(22-2)9-15(14)23-10-16(18)19/h3-9H,10H2,1-2H3,(H,18,19)	4-08-00-03165 (Beilstein Handbook Reference)	COC1=CC=C(C=C1)C(=O)C2=C(C=C(C=C2)OC)OCC(=O)O	2.63355064	53185	PubChem:(53185);PubChem class - safety and toxic	67108866
52	4	N/A	-168.21158058536113	C17H16O6	[M + Na]+	UPLNCYRSCVJILM	InChI=1S/C17H16O6/c1-8-3-10(6-12(14(8)18)16(20)21)5-11-4-9(2)15(19)13(7-11)17(22)23/h3-4,6-7,18-19H,5H2,1-2H3,(H,20,21)(H,22,23)	Oprea1_231968	CC1=CC(=CC(=C1O)C(=O)O)CC2=CC(=C(C(=C2)C)O)C(=O)O	4.0	17413;54720347	COCONUT:(CNP0133509 CNP0193312);PubChem:(17413 54720347);SuperNatural:(SN00068749);ZINC bio:(ZINC04028795);PubChem class - safety and toxic;Training Set;PubMed	70279234
53	4	N/A	-168.8113264502754	C17H16O6	[M + Na]+	HYJUDFUDRHMLNZ	InChI=1S/C17H16O6/c1-21-11-8-10(18)16(22-2)17-12(11)13(19)14(20)15(23-17)9-6-4-3-5-7-9/h3-8,14-15,18,20H,1-2H3	3,7-Dihydroxy-5,8-dimethoxy-2-phenyl-chroman-4-one	COC1=C2C(=O)C(C(OC2=C(C(=C1)O)OC)C3=CC=CC=C3)O	1.89999998	1051536;1051537;1051538;1051539;4984593	COCONUT:(CNP0149874);Natural Products:(UNPD170296);PubChem:(1051536 1051537 1051538 1051539 4984593);SuperNatural:(SN00399492);ZINC bio:(ZINC00730625 ZINC00730627 ZINC00730628 ZINC00730629)	3186690
54	4	N/A	-169.11395878697036	C17H16O6	[M + Na]+	KPTNCHGMLXFDLF	InChI=1S/C17H16O6/c1-9-4-12(17(21)15(5-9)23-3)16(20)11-6-10(19)7-14(22-2)13(11)8-18/h4-8,19,21H,1-3H3	null	CC1=CC(=C(C(=C1)OC)O)C(=O)C2=C(C(=CC(=C2)O)OC)C=O	2.9000001	10245206	COCONUT:(CNP0422729);KNApSAcK:(30087);Natural Products:(UNPD97954);PubChem:(10245206)	2129938
55	4	N/A	-169.4379774719878	C17H16O6	[M + Na]+	XJIKWTHIVSKZKY	InChI=1S/C17H16O6/c1-21-10-3-4-11-12(18)8-15(23-16(11)7-10)9-5-13(19)17(22-2)14(20)6-9/h3-7,15,19-20H,8H2,1-2H3	(2S)-2-(3,5-dihydroxy-4-methoxyphenyl)-7-methoxy-2,3-dihydrochromen-4-one	COC1=CC2=C(C=C1)C(=O)CC(O2)C3=CC(=C(C(=C3)O)OC)O	2.0999999	16655803;73299305	COCONUT:(CNP0360875);Natural Products:(UNPD104424);PubChem:(16655803 73299305);SuperNatural:(SN00370650);PubMed	3178562
56	4	N/A	-170.24225244065	C17H16O6	[M + Na]+	OEIMDRYTCVDDQH	InChI=1S/C17H16O6/c1-21-10-5-3-9(4-6-10)14-8-12(19)15-11(18)7-13(20)16(22-2)17(15)23-14/h3-7,14,18,20H,8H2,1-2H3	5,7-Dihydroxy-8,4''-dimethoxyflavanone	COC1=CC=C(C=C1)C2CC(=O)C3=C(O2)C(=C(C=C3O)O)OC	2.70000005	42608108	COCONUT:(CNP0277702);KNApSAcK:(14121);PubChem:(42608108)	2097170
57	4	N/A	-170.63272243195348	C17H16O6	[M + Na]+	ACBMIOXLRKBKCN	InChI=1S/C17H16O6/c1-8-11(19)7-12-13(16(8)22-2)14(20)15(21)17(23-12)9-3-5-10(18)6-4-9/h3-7,15,17-19,21H,1-2H3	(2S,3S)-3,7,4''-Trihydroxy-5-methoxy-6-methylflavanone	CC1=C(C2=C(C=C1O)OC(C(C2=O)O)C3=CC=C(C=C3)O)OC	2.0	601949;22217588	COCONUT:(CNP0204619);KNApSAcK:(8593);Natural Products:(UNPD106680);PubChem:(601949 22217588);SuperNatural:(SN00346261)	3178514
58	4	N/A	-170.69898037778714	C17H16O6	[M + Na]+	BTVSNVKVWQGSKK	InChI=1S/C17H16O6/c1-21-14-8-12(20)15-11(19)7-13(23-17(15)16(14)22-2)9-5-3-4-6-10(9)18/h3-6,8,13,18,20H,7H2,1-2H3	Dihydroskullcap flavone I	COC1=C(C2=C(C(=O)CC(O2)C3=CC=CC=C3O)C(=C1)O)OC	2.70000005	12098358;85434272	COCONUT:(CNP0196023);KNApSAcK:(14122);Natural Products:(UNPD144162 UNPD204982);PubChem:(12098358 85434272);SuperNatural:(SN00159123)	3178514
59	4	N/A	-172.45745520108227	C17H16O6	[M + Na]+	SFYHUOCTRYJKKC	InChI=1S/C17H16O6/c1-21-9-6-12(19)16-13(20)8-14(23-15(16)7-9)10-4-3-5-11(18)17(10)22-2/h3-7,14,18-19H,8H2,1-2H3	5,3''-Dihydroxy-7,2''-dimethoxyflavanone	COC1=CC(=C2C(=O)CC(OC2=C1)C3=C(C(=CC=C3)O)OC)O	2.70000005	42607852;102066377	COCONUT:(CNP0169110);KNApSAcK:(14125);Natural Products:(UNPD100693);PubChem:(42607852 102066377);SuperNatural:(SN00351595)	3178514
60	4	N/A	-172.48207838239765	C17H16O6	[M + Na]+	JBYBRWMNDFXOQP	InChI=1S/C17H16O6/c1-21-10-6-13(19)16-15(7-10)23-8-11(17(16)20)9-3-4-12(18)14(5-9)22-2/h3-7,11,18-19H,8H2,1-2H3	null	COC1=CC(=C2C(=C1)OCC(C2=O)C3=CC(=C(C=C3)O)OC)O	2.9000001	131836538	HMDB:(130395);PubChem:(131836538);PubChem class - bio and metabolites	16777226
61	4	N/A	-173.19456223024426	C17H16O6	[M + Na]+	WMOUBLBSQQDQEL	InChI=1S/C17H16O6/c1-21-15-5-9(3-4-12(15)18)11-8-23-14-7-16(22-2)13(19)6-10(14)17(11)20/h3-7,11,18-19H,8H2,1-2H3	null	COC1=C(C=CC(=C1)C2COC3=CC(=C(C=C3C2=O)O)OC)O	2.29999995	131836520	HMDB:(130367);PubChem:(131836520);PubChem class - bio and metabolites	16777226
62	4	N/A	-174.54492302197525	C17H16O6	[M + Na]+	ZAVWFOFRECTXEE	InChI=1S/C17H16O6/c1-22-15-9-10(4-7-13(15)19)3-6-12(18)11-5-8-14(20)17(23-2)16(11)21/h3-9,19-21H,1-2H3	2'',4'',4-Trihydroxy-3'',3-methoxychalcone	COC1=C(C=CC(=C1)C=CC(=O)C2=C(C(=C(C=C2)O)OC)O)O	3.0999999	15385488	COCONUT:(CNP0318984);KNApSAcK:(14429);Natural Products:(UNPD79469);PubChem:(15385488);SuperNatural:(SN00257314)	3178514
63	4	N/A	-175.75144490332642	C17H16O6	[M + Na]+	CEKYFXJLACPHJE	InChI=1S/C17H16O6/c1-21-10-5-3-9(4-6-10)13-8-12(18)11-7-14(22-2)15(19)16(20)17(11)23-13/h3-7,13,19-20H,8H2,1-2H3	7,8-Dihydroxy-6,4''-dimethoxyflavanone	COC1=CC=C(C=C1)C2CC(=O)C3=CC(=C(C(=C3O2)O)O)OC	2.0999999	42607838	COCONUT:(CNP0332403);KNApSAcK:(14126);Natural Products:(UNPD33389);PubChem:(42607838)	2129938
64	4	N/A	-175.8478006600877	C17H16O6	[M + Na]+	LCAXBFDUSYZXOC	InChI=1S/C17H16O6/c1-19-11-7-5-6-9-13(18)10-8-12(20-2)16(21-3)17(22-4)15(10)23-14(9)11/h5-8H,1-4H3	null	COC1=CC=CC2=C1OC3=C(C(=C(C=C3C2=O)OC)OC)OC	2.79999995	129813473	COCONUT:(CNP0231116);KNApSAcK:(36449);PubChem:(129813473)	2097170
65	4	N/A	-176.01951382602238	C17H16O6	[M + Na]+	SIULBRQCTCBXFC	InChI=1S/C17H16O6/c1-22-16-8-11(18)9-17(23-2)12(16)4-6-13(19)10-3-5-14(20)15(21)7-10/h3-9,18,20-21H,1-2H3	null	COC1=CC(=CC(=C1C=CC(=O)C2=CC(=C(C=C2)O)O)OC)O	2.5999999	123186082	COCONUT:(CNP0147144);Natural Products:(UNPD204775);PubChem:(123186082);PubMed	2129986
66	4	N/A	-176.6126460246883	C17H16O6	[M + Na]+	FYLQNKRJVPRLKX	InChI=1S/C17H16O6/c1-19-9-5-6-11-10(7-9)15(18)14-12(23-11)8-13(20-2)16(21-3)17(14)22-4/h5-8H,1-4H3	9H-Xanthen-9-one, 1,2,3,7-tetramethoxy-	COC1=CC2=C(C=C1)OC3=CC(=C(C(=C3C2=O)OC)OC)OC	2.79999995	14528828	COCONUT:(CNP0091749 CNP0151894);KNApSAcK:(36368);Natural Products:(UNPD179808);PubChem:(14528828);SuperNatural:(SN00156770)	3178514
67	4	N/A	-177.34695631589176	C17H16O6	[M + Na]+	NJVKBWMMIAWOEC	InChI=1S/C17H16O6/c1-22-15-8-6-12(16(21)17(15)23-2)13(19)7-4-10-3-5-11(18)9-14(10)20/h3-9,18,20-21H,1-2H3	null	COC1=C(C(=C(C=C1)C(=O)C=CC2=C(C=C(C=C2)O)O)O)OC	3.0999999	131837753	HMDB:(133957);PubChem:(131837753);PubChem class - bio and metabolites	16777226
68	4	N/A	-177.76162935429383	C17H16O6	[M + Na]+	SBMXQWGUYAAPTN	InChI=1S/C17H16O6/c1-20-14-7-11(8-15-17(14)23-9-22-15)4-3-10-5-12(18)16(21-2)13(19)6-10/h3-8,18-19H,9H2,1-2H3	null	COC1=CC(=CC2=C1OCO2)C=CC3=CC(=C(C(=C3)O)OC)O	3.20000005	71459992	COCONUT:(CNP0178846);PubChem:(71459992);PubMed	2097218
69	4	N/A	-178.49545490397597	C17H16O6	[M + Na]+	MWJATNQBNFAVIZ	InChI=1S/C17H16O6/c1-8-11(18)7-12-13(14(8)19)15(20)16(21)17(23-12)9-3-5-10(22-2)6-4-9/h3-7,16-19,21H,1-2H3	null	CC1=C(C2=C(C=C1O)OC(C(C2=O)O)C3=CC=C(C=C3)OC)O	2.09999776	""	COCONUT:(CNP0209066)	2097152
70	4	N/A	-179.78317485066913	C17H16O6	[M + Na]+	RYYWWFXWFMYKJM	InChI=1S/C17H16O6/c1-21-10-6-13(19)16-15(7-10)23-8-12(17(16)20)11-4-3-9(18)5-14(11)22-2/h3-7,12,18-19H,8H2,1-2H3	Cajanol	COC1=CC(=C2C(=C1)OCC(C2=O)C3=C(C=C(C=C3)O)OC)O	2.9000001	442670;53321436;102457071	COCONUT:(CNP0179188);HMDB:(33924);KNApSAcK:(2513);Natural Products:(UNPD118124);PubChem:(442670 53321436 102457071);SuperNatural:(SN00339361);CHEBI:(70034);PubChem class - bio and metabolites;MeSH:(442670);KEGG:(C10204);PubMed	19956094
71	4	N/A	-180.2928147171113	C17H16O6	[M + Na]+	MHHPUBIEHKYLJL	InChI=1S/C17H16O6/c1-21-13-6-4-3-5-9(13)14-8-11(19)15-10(18)7-12(20)16(22-2)17(15)23-14/h3-7,14,18,20H,8H2,1-2H3	5,7-Dihydroxy-8,2''-dimethoxyflavanone	COC1=CC=CC=C1C2CC(=O)C3=C(O2)C(=C(C=C3O)O)OC	2.70000005	21636235;101669621	COCONUT:(CNP0303515);KNApSAcK:(8259);Natural Products:(UNPD59981);PubChem:(21636235 101669621);SuperNatural:(SN00232188)	3178514
72	4	N/A	-180.5678033693505	C17H16O6	[M + Na]+	OGSJOKOYASYPQN	InChI=1S/C17H16O6/c1-21-10-4-5-11-14(8-10)23-16(17(22-2)15(11)20)9-3-6-12(18)13(19)7-9/h3-8,16-19H,1-2H3	null	COC1C(OC2=C(C1=O)C=CC(=C2)OC)C3=CC(=C(C=C3)O)O	2.02634907	""	COCONUT:(CNP0244224);KNApSAcK:(8563);Natural Products:(UNPD121077)	2129936
73	4	N/A	-180.79221197590746	C17H16O6	[M + Na]+	WJJKSDLFZCULSJ	InChI=1S/C17H16O6/c1-6-5-10(18)7(2)14-11(6)17(21)23-16-9(4)13(20)12(19)8(3)15(16)22-14/h5,18-20H,1-4H3	null	CC1=CC(=C(C2=C1C(=O)OC3=C(O2)C(=C(C(=C3C)O)O)C)C)O	3.29999995	24150635	PubChem:(24150635);COCONUT:(CNP0353800)	2097154
74	4	N/A	-181.4304205741797	C17H16O6	[M + Na]+	YCJGBWAHHJYBMC	InChI=1S/C17H16O6/c1-21-11-6-4-10(5-7-11)12-8-9-13(18)15(17(20)23-3)14(12)16(19)22-2/h4-9,18H,1-3H3	Oprea1_774476	COC1=CC=C(C=C1)C2=C(C(=C(C=C2)O)C(=O)OC)C(=O)OC	3.4000001	745895	COCONUT:(CNP0150001);PubChem:(745895);SuperNatural:(SN00043894);ZINC bio:(ZINC00188759)	3153922
75	4	N/A	-182.11111277053868	C17H16O6	[M + Na]+	SJYKCNDMHBDJEC	InChI=1S/C17H16O6/c1-21-14-8-12(20)16(22-2)17-15(14)11(19)7-13(23-17)9-5-3-4-6-10(9)18/h3-6,8,13,18,20H,7H2,1-2H3	null	COC1=C2C(=O)CC(OC2=C(C(=C1)O)OC)C3=CC=CC=C3O	2.0999999	102004631;122177200;129560705	COCONUT:(CNP0325491);Natural Products:(UNPD88193);PubChem:(102004631 122177200 129560705);SuperNatural:(SN00264539);PubMed	3178562
76	4	N/A	-182.48118622944708	C17H16O6	[M + Na]+	MGHMBAZWBKOORJ	InChI=1S/C17H16O6/c1-8-11(22-2)7-12-13(14(8)19)15(20)16(21)17(23-12)9-3-5-10(18)6-4-9/h3-7,16-19,21H,1-2H3	null	CC1=C(C=C2C(=C1O)C(=O)C(C(O2)C3=CC=C(C=C3)O)O)OC	2.5	102004632;131860925	COCONUT:(CNP0123795);Natural Products:(UNPD140205);PubChem:(102004632 131860925);SuperNatural:(SN00292781)	3178498
77	4	N/A	-182.71080387954268	C17H16O6	[M + Na]+	XRHRIOXOVAPQSC	InChI=1S/C17H16O6/c1-21-14-7-16(22-2)13(19)6-11(14)12-8-23-15-5-9(18)3-4-10(15)17(12)20/h3-7,12,18-19H,8H2,1-2H3	null	COC1=CC(=C(C=C1C2COC3=C(C2=O)C=CC(=C3)O)O)OC	2.29999995	44613796	COCONUT:(CNP0263697);KNApSAcK:(47832);Natural Products:(UNPD27889);PubChem:(44613796);SuperNatural:(SN00300818)	3178514
78	4	N/A	-183.20447061230507	C17H16O6	[M + Na]+	VXWBAOPTFLXYTN	InChI=1S/C17H16O6/c1-21-13-5-9(18)3-4-11(13)12-8-23-15-7-10(19)6-14(22-2)16(15)17(12)20/h3-7,12,18-19H,8H2,1-2H3	7,4''-Dihydroxy-5,2''-dimethoxyisoflavanone	COC1=CC(=CC2=C1C(=O)C(CO2)C3=C(C=C(C=C3)O)OC)O	2.29999995	44257395	COCONUT:(CNP0195379);HMDB:(37749);KNApSAcK:(9954);Natural Products:(UNPD94122);PubChem:(44257395);SuperNatural:(SN00348721);PubChem class - bio and metabolites	19955738
79	4	N/A	-184.14718725346825	C17H16O6	[M + Na]+	HQZPRVYXHWQSHG	InChI=1S/C17H16O6/c1-22-17-11(18)7-12-13(16(17)21)15(20)10(8-23-12)14(19)9-5-3-2-4-6-9/h2-7,10,14,18-19,21H,8H2,1H3	null	COC1=C(C2=C(C=C1O)OCC(C2=O)C(C3=CC=CC=C3)O)O	2.0999999	26235906;45360194	COCONUT:(CNP0318965);Natural Products:(UNPD79449);PubChem:(26235906 45360194);SuperNatural:(SN00020995 SN00020997 SN00020994 SN00020996);ZINC bio:(ZINC14758443 ZINC14758445 ZINC14758448 ZINC14758451)	3186690
80	4	N/A	-184.60990008669393	C17H16O6	[M + Na]+	QPTYQJBRCIANSR	InChI=1S/C17H16O6/c1-19-9-5-6-12-10(7-9)14(18)11-8-13(20-2)16(21-3)17(22-4)15(11)23-12/h5-8H,1-4H3	2,3,4,7-tetramethoxyxanthen-9-one	COC1=CC2=C(C=C1)OC3=C(C(=C(C=C3C2=O)OC)OC)OC	2.79999995	370636	PubChem:(370636);COCONUT:(CNP0142661)	2097154
81	4	N/A	-185.00023900802756	C17H16O6	[M + Na]+	MBDHLQKZIVIDEY	InChI=1S/C17H16O6/c1-9(5-10-3-4-12(19)15(6-10)23-2)17(22)16-13(20)7-11(18)8-14(16)21/h3-8,18-21H,1-2H3	null	CC(=CC1=CC(=C(C=C1)O)OC)C(=O)C2=C(C=C(C=C2O)O)O	3.20000005	131751488	COCONUT:(CNP0248473);HMDB:(33797);Natural Products:(UNPD207498 UNPD139798 UNPD215350);PubChem:(131751488);SuperNatural:(SN00398208);PubChem class - bio and metabolites;KEGG Mine	8609890314
82	4	N/A	-185.43115604337635	C17H16O6	[M + Na]+	ZMBBHXKABSUVRA	InChI=1S/C17H16O6/c1-20-16-14-11(13(19)15-17(16)23-8-22-15)12(18)10(7-21-14)9-5-3-2-4-6-9/h2-6,10,12,18-19H,7-8H2,1H3	Lapathinol	COC1=C2C(=C(C3=C1OCO3)O)C(C(CO2)C4=CC=CC=C4)O	2.0	14630594;14630595	COCONUT:(CNP0183508);KNApSAcK:(10039);Natural Products:(UNPD38817);PubChem:(14630594 14630595);SuperNatural:(SN00370454)	3178514
83	4	N/A	-185.6069211677545	C17H16O6	[M + Na]+	ITTMSOHPADBFBP	InChI=1S/C17H16O6/c1-21-9-2-3-10-14(5-9)23-16-11-6-13(19)12(18)4-8(11)7-22-17(16)15(10)20/h2-6,15-20H,7H2,1H3	7-O-Methylpeltogynol	COC1=CC2=C(C=C1)C(C3C(O2)C4=CC(=C(C=C4CO3)O)O)O	1.10000002	44257171	COCONUT:(CNP0242941);KNApSAcK:(9041);Natural Products:(UNPD25537);PubChem:(44257171);SuperNatural:(SN00315457)	3178514
84	4	N/A	-185.89322954455255	C17H16O6	[M + Na]+	IKRQMVIAJVRXLO	InChI=1S/C17H16O6/c1-19-10-6-5-7-11-13(10)14(18)9-8-12(20-2)16(21-3)17(22-4)15(9)23-11/h5-8H,1-4H3	null	COC1=CC=CC2=C1C(=O)C3=CC(=C(C(=C3O2)OC)OC)OC	2.79999995	85801824	COCONUT:(CNP0254925);Natural Products:(UNPD139414);PubChem:(85801824)	2129922
85	4	N/A	-186.51753130390435	C17H16O6	[M + Na]+	DWSMPYCNEIBXNQ	InChI=1S/C17H16O6/c1-8-3-10(14(18)12(5-8)16(20)21)7-11-4-9(2)6-13(15(11)19)17(22)23/h3-6,18-19H,7H2,1-2H3,(H,20,21)(H,22,23)	null	CC1=CC(=C(C(=C1)C(=O)O)O)CC2=C(C(=CC(=C2)C)C(=O)O)O	4.0	904666;54720349	COCONUT:(CNP0159855 CNP0169342);PubChem:(904666 54720349);SuperNatural:(SN00068769);ZINC bio:(ZINC04028828)	3153922
86	4	N/A	-187.77655106249716	C17H16O6	[M + Na]+	VQLBVUBWVCVNIE	InChI=1S/C17H16O6/c1-22-15-9-11(5-7-13(15)19)12(18)6-3-10-4-8-14(20)16(21)17(10)23-2/h3-9,19-21H,1-2H3	null	COC1=C(C=CC(=C1)C(=O)C=CC2=C(C(=C(C=C2)O)O)OC)O	2.5999999	131832506	PubChem:(131832506);HMDB:(126060)	10
87	4	N/A	-188.2769942142458	C17H16O6	[M + Na]+	TYRGFXFXCUBZAE	InChI=1S/C17H16O6/c1-22-11-4-2-9(3-5-11)17-12(8-18)16(21)15-13(20)6-10(19)7-14(15)23-17/h2-7,12,17-20H,8H2,1H3	null	COC1=CC=C(C=C1)C2C(C(=O)C3=C(C=C(C=C3O2)O)O)CO	1.70515704	""	COCONUT:(CNP0138182);Natural Products:(UNPD193960);SuperNatural:(SN00362720)	3178496
88	4	N/A	-188.51648389146115	C17H16O6	[M + Na]+	UKCAIYJHVFWSRN	InChI=1S/C17H16O6/c1-21-15-7-9(3-5-11(15)18)14-8-13(20)10-4-6-12(19)17(22-2)16(10)23-14/h3-7,14,18-19H,8H2,1-2H3	7,4''-Dihydroxy-8,3''-dimethoxyflavanone	COC1=C(C=CC(=C1)C2CC(=O)C3=C(O2)C(=C(C=C3)O)OC)O	2.0999999	15385486	COCONUT:(CNP0164040);KNApSAcK:(14127);Natural Products:(UNPD183335);PubChem:(15385486);SuperNatural:(SN00331366);CHEBI:(73775)	3178546
89	4	N/A	-188.5352044584227	C17H16O6	[M + Na]+	MFNNBYIVJIVZFM	InChI=1S/C17H16O6/c1-21-10-5-3-9(4-6-10)12-7-11(18)15-13(23-12)8-14(22-2)16(19)17(15)20/h3-6,8,12,19-20H,7H2,1-2H3	null	COC1=CC=C(C=C1)C2CC(=O)C3=C(C(=C(C=C3O2)OC)O)O	2.70000005	101008142	COCONUT:(CNP0278553);Natural Products:(UNPD149049);PubChem:(101008142);SuperNatural:(SN00361212);KEGG Mine	8593113090
90	4	N/A	-188.53768896742847	C17H16O6	[M + Na]+	WIBOONWRYQFYQJ	InChI=1S/C17H16O6/c1-22-14-3-2-9(5-12(14)19)4-10-8-23-15-7-11(18)6-13(20)16(15)17(10)21/h2-3,5-7,10,18-20H,4,8H2,1H3	3-(3-Hydroxy-4-methoxybenzyl)-5,7-dihydroxychroman-4-one	COC1=C(C=C(C=C1)CC2COC3=CC(=CC(=C3C2=O)O)O)O	2.79999995	638295;404571;92155497	COCONUT:(CNP0386599);HMDB:(37477);KNApSAcK:(38281);Natural Products:(UNPD119226);PubChem:(638295 404571 92155497);SuperNatural:(SN00371281);PubChem class - bio and metabolites;PubMed	19955802
91	4	N/A	-188.81609152577167	C17H16O6	[M + Na]+	WFSLEIHYFJZKFV	InChI=1S/C17H16O6/c1-22-16-14(20)9-12(15(21)17(16)23-2)13(19)8-5-10-3-6-11(18)7-4-10/h3-9,18,20-21H,1-2H3	null	COC1=C(C=C(C(=C1OC)O)C(=O)C=CC2=CC=C(C=C2)O)O	3.0999999	131837757	HMDB:(133961);PubChem:(131837757);PubChem class - bio and metabolites	16777226
92	4	N/A	-189.5487693191156	C17H16O6	[M + Na]+	OFZQHTISIRCHMY	InChI=1S/C17H16O6/c1-22-13-9-14(23-2)16(20)17(21)15(13)12(19)8-5-10-3-6-11(18)7-4-10/h3-9,18,20-21H,1-2H3	null	COC1=CC(=C(C(=C1C(=O)C=CC2=CC=C(C=C2)O)O)O)OC	3.0999999	131836911	HMDB:(132891);PubChem:(131836911);PubChem class - bio and metabolites	16777226
93	4	N/A	-189.63731748392956	C17H16O6	[M + Na]+	BKKSNWYHPJPCQA	InChI=1S/C17H16O6/c1-19-9-7-12(21-3)14-13(8-9)23-16-10(15(14)18)5-6-11(20-2)17(16)22-4/h5-8H,1-4H3	1,3,5,6-tetramethoxyxanthen-9-one	COC1=C(C2=C(C=C1)C(=O)C3=C(O2)C=C(C=C3OC)OC)OC	2.79999995	628984	COCONUT:(CNP0278142);Natural Products:(UNPD13121);PubChem:(628984);PubMed	2129986
94	4	N/A	-190.02995201289082	C17H16O6	[M + Na]+	IHHOUZQOMVPTMQ	InChI=1S/C17H16O6/c1-21-16-8-11(18)7-13(20)17(16)12(19)4-2-10-3-5-14-15(6-10)23-9-22-14/h3,5-8,18,20H,2,4,9H2,1H3	2'',4''-dihydroxy-6''-methoxy-3,4-methylenedioxydihydrochalcone	COC1=CC(=CC(=C1C(=O)CCC2=CC3=C(C=C2)OCO3)O)O	3.0999999	14261270	COCONUT:(CNP0277918);KNApSAcK:(7955);Natural Products:(UNPD51504);PubChem:(14261270);SuperNatural:(SN00388817);PubMed	3178578
95	4	N/A	-190.5112394702584	C17H16O6	[M + Na]+	HBWPKRROSQFCEU	InChI=1S/C17H16O6/c1-20-12-6-13(21-2)15(19)17-14(12)10-7-22-11-5-8(18)3-4-9(11)16(10)23-17/h3-6,10,16,18-19H,7H2,1-2H3	null	COC1=CC(=C(C2=C1C3COC4=C(C3O2)C=CC(=C4)O)O)OC	2.20000005	102188570	COCONUT:(CNP0299964);Natural Products:(UNPD55899);PubChem:(102188570);SuperNatural:(SN00272750)	3178498
96	4	N/A	-190.91208492667505	C17H16O6	[M + Na]+	VZIKGICBEBXIRX	InChI=1S/C17H16O6/c1-20-12-4-3-8-16-10(7-22-17(8)15(12)19)9-5-14(21-2)11(18)6-13(9)23-16/h3-6,10,16,18-19H,7H2,1-2H3	null	COC1=C(C2=C(C=C1)C3C(CO2)C4=CC(=C(C=C4O3)O)OC)O	2.26465321	""	COCONUT:(CNP0135530);KNApSAcK:(19419);Natural Products:(UNPD107363);SuperNatural:(SN00354547)	3178512
97	4	N/A	-191.20109563122742	C17H16O6	[M + Na]+	DHFNKQLCKYISKC	InChI=1S/C17H16O6/c1-8-13(22-2)7-15-16(17(8)21)12(20)6-14(23-15)9-3-4-10(18)11(19)5-9/h3-5,7,14,18-19,21H,6H2,1-2H3	null	CC1=C(C=C2C(=C1O)C(=O)CC(O2)C3=CC(=C(C=C3)O)O)OC	2.3337419	""	COCONUT:(CNP0355323);Natural Products:(UNPD226137)	2129920
98	4	N/A	-191.4861919546201	C17H16O6	[M + Na]+	UXBSNCHWDWECDB	InChI=1S/C17H16O6/c1-22-12-5-3-10(14(19)9-12)4-6-13(18)11-7-15(20)17(23-2)16(21)8-11/h3-9,19-21H,1-2H3	null	COC1=CC(=C(C=C1)C=CC(=O)C2=CC(=C(C(=C2)O)OC)O)O	2.46422148	""	COCONUT:(CNP0294466);Natural Products:(UNPD164331 UNPD225172)	2129920
99	4	N/A	-192.1162647832964	C17H16O6	[M + Na]+	ARALMKJBKZDUMB	InChI=1S/C17H16O6/c1-21-14-5-9(6-15(22-2)17(14)20)12-8-23-13-7-10(18)3-4-11(13)16(12)19/h3-7,12,18,20H,8H2,1-2H3	7,4''-Dihydroxy-3'',5''-dimethoxyisoflavanone	COC1=CC(=CC(=C1O)OC)C2COC3=C(C2=O)C=CC(=C3)O	2.29999995	14427398	COCONUT:(CNP0262713);KNApSAcK:(9961);Natural Products:(UNPD138311);PubChem:(14427398);SuperNatural:(SN00349405)	3178514
100	4	N/A	-192.27014624123643	C17H16O6	[M + Na]+	WFGSIANPCBELDA	InChI=1S/C17H16O6/c1-21-14-8-11(9-15(22-2)17(14)20)6-7-16(19)23-13-5-3-4-12(18)10-13/h3-10,18,20H,1-2H3	null	COC1=CC(=CC(=C1O)OC)C=CC(=O)OC2=CC=CC(=C2)O	3.0	23656639	COCONUT:(CNP0328256);Natural Products:(UNPD95561);PubChem:(23656639);SuperNatural:(SN00241499);PubMed	3178562
101	4	N/A	-192.37807185714863	C17H16O6	[M + Na]+	LMLDNMHDNFCNCW	InChI=1S/C17H16O6/c1-21-10-3-4-11(14(7-10)22-2)12-8-23-15-6-9(18)5-13(19)16(15)17(12)20/h3-7,12,18-19H,8H2,1-2H3	Homoferreirin	COC1=CC(=C(C=C1)C2COC3=CC(=CC(=C3C2=O)O)O)OC	2.9000001	442788;25200813;25200814;92143157	COCONUT:(CNP0086407 CNP0218855);HMDB:(30111);KNApSAcK:(2535);Natural Products:(UNPD26811);PubChem:(442788 25200813 25200814 92143157);SuperNatural:(SN00155989);CHEBI:(5754);PubChem class - bio and metabolites;KEGG:(C10457);PubMed;Biocyc:(CPD-4569)	19958138
102	4	N/A	-192.5933226063487	C17H16O6	[M + Na]+	DUCJLJAOODGAPE	InChI=1S/C17H16O6/c1-21-14-6-10(8-18)4-12(16(14)20)13-5-11(9-19)7-15(22-2)17(13)23-3/h4-9,20H,1-3H3	3-(5-formyl-2,3-dimethoxyphenyl)-4-hydroxy-5-methoxybenzaldehyde	COC1=CC(=CC(=C1O)C2=C(C(=CC(=C2)C=O)OC)OC)C=O	2.0	933112	COCONUT:(CNP0366113);PubChem:(933112);SuperNatural:(SN00047753);ZINC bio:(ZINC00525825)	3153922
103	4	N/A	-192.78657946134362	C17H16O6	[M + Na]+	MBIKSISXYLIKEM	InChI=1S/C17H16O6/c1-20-15-6-14-9(3-13(15)19)2-10(7-21-14)11-4-16-17(5-12(11)18)23-8-22-16/h3-6,10,18-19H,2,7-8H2,1H3	hildegardiol	COC1=C(C=C2CC(COC2=C1)C3=CC4=C(C=C3O)OCO4)O	2.70000005	11623832	COCONUT:(CNP0167553);Natural Products:(UNPD134100);PubChem:(11623832);SuperNatural:(SN00344588);MeSH:(11623832);PubMed	3178566
104	4	N/A	-193.57841180668217	C17H16O6	[M + Na]+	WILJEGNJXMLXSN	InChI=1S/C17H16O6/c1-21-11-7-12(19)14(13(8-11)22-2)15(20)17-16(23-17)9-3-5-10(18)6-4-9/h3-8,16-19H,1-2H3	null	COC1=CC(=C(C(=C1)OC)C(=O)C2C(O2)C3=CC=C(C=C3)O)O	2.5999999	131836914	HMDB:(132897);PubChem:(131836914);PubChem class - bio and metabolites	16777226
105	4	N/A	-194.9914837932116	C17H16O6	[M + Na]+	JJZWXZHIIUVDTN	InChI=1S/C17H16O6/c1-21-10-8-11(22-2)13(18)17-12(10)14(19)15(20)16(23-17)9-6-4-3-5-7-9/h3-8,15-16,18,20H,1-2H3	null	COC1=CC(=C(C2=C1C(=O)C(C(O2)C3=CC=CC=C3)O)O)OC	2.02634907	""	COCONUT:(CNP0308173);Natural Products:(UNPD65689);SuperNatural:(SN00338786)	3178496
106	4	N/A	-195.03508490560446	C17H16O6	[M + Na]+	AMLIMMLCTQTIQM	InChI=1S/C17H16O6/c1-20-12-4-3-8-10-7-22-13-6-11(18)14(21-2)5-9(13)16(10)23-17(8)15(12)19/h3-6,10,16,18-19H,7H2,1-2H3	null	COC1=C(C2=C(C=C1)C3COC4=CC(=C(C=C4C3O2)OC)O)O	2.26465321	""	COCONUT:(CNP0136424);Natural Products:(UNPD158060);SuperNatural:(SN00290990)	3178496
107	4	N/A	-196.85071764311297	C17H16O6	[M + Na]+	VYXMDXVBQHAFTB	InChI=1S/C17H16O6/c1-22-11-6-3-10(4-7-11)5-8-12(18)15-13(19)9-14(20)17(23-2)16(15)21/h3-9,19-21H,1-2H3	null	COC1=CC=C(C=C1)C=CC(=O)C2=C(C(=C(C=C2O)O)OC)O	3.0999999	131834903	PubChem:(131834903);HMDB:(128591)	10
108	4	N/A	-198.0103515124407	C17H16O6	[M + Na]+	CWFOWVYVOLGBNW	InChI=1S/C17H16O6/c1-19-10-7-5-6-9-14(18)13-11(20-2)8-12(21-3)16(22-4)17(13)23-15(9)10/h5-8H,1-4H3	null	COC1=CC=CC2=C1OC3=C(C2=O)C(=CC(=C3OC)OC)OC	2.79999995	101304456	COCONUT:(CNP0236637);Natural Products:(UNPD139570);PubChem:(101304456);SuperNatural:(SN00337439)	3178498
109	4	N/A	-198.05128442848107	C17H16O6	[M + Na]+	OEEDAEPKDCLQEZ	InChI=1S/C17H16O6/c1-19-9-6-5-7-10-13(9)15(18)14-11(20-2)8-12(21-3)16(22-4)17(14)23-10/h5-8H,1-4H3	null	COC1=CC=CC2=C1C(=O)C3=C(O2)C(=C(C=C3OC)OC)OC	2.9840281	""	COCONUT:(CNP0286868);Natural Products:(UNPD46303);SuperNatural:(SN00255407)	3178496
110	4	N/A	-198.07916493204883	C17H16O6	[M + Na]+	NVFLIWYADPUKIX	InChI=1S/C17H16O6/c1-21-10-5-3-9(4-6-10)11-8-23-13-7-12(18)17(22-2)16(20)14(13)15(11)19/h3-7,11,18,20H,8H2,1-2H3	null	COC1=CC=C(C=C1)C2COC3=C(C2=O)C(=C(C(=C3)O)OC)O	2.9000001	131836906	HMDB:(132883);PubChem:(131836906);KEGG Mine;PubChem class - bio and metabolites	8606711818
111	4	N/A	-198.5093346069232	C17H16O6	[M + Na]+	JTWJCAJKURXCQD	InChI=1S/C17H16O6/c1-22-15-8-5-11(16(21)17(15)23-2)12(18)6-3-10-4-7-13(19)14(20)9-10/h3-9,19-21H,1-2H3	null	COC1=C(C(=C(C=C1)C(=O)C=CC2=CC(=C(C=C2)O)O)O)OC	3.0999999	131837754	HMDB:(133958);PubChem:(131837754);PubChem class - bio and metabolites	16777226
112	4	N/A	-199.41048051784074	C17H16O6	[M + Na]+	OKVWTRFHTPEQKL	InChI=1S/C17H16O6/c1-20-8-5-11(18)14-10-7-22-17-9(16(10)23-13(14)6-8)3-4-12(21-2)15(17)19/h3-6,10,16,18-19H,7H2,1-2H3	null	COC1=C(C2=C(C=C1)C3C(CO2)C4=C(C=C(C=C4O3)OC)O)O	2.20000005	131839415	HMDB:(137444);PubChem:(131839415);KEGG Mine;PubChem class - bio and metabolites	8606711818
113	4	N/A	-199.78845959565882	C17H16O6	[M + Na]+	ZEILYZRDOLAABH	InChI=1S/C17H16O6/c1-20-8-3-4-9-11-7-22-16-10(15(11)23-13(9)5-8)6-12(18)17(21-2)14(16)19/h3-6,11,15,18-19H,7H2,1-2H3	null	COC1=CC2=C(C=C1)C3COC4=C(C(=C(C=C4C3O2)O)OC)O	2.20000005	131839413	HMDB:(137442);PubChem:(131839413);KEGG Mine;PubChem class - bio and metabolites	8606711818
114	4	N/A	-199.97218942911493	C17H16O6	[M + Na]+	CYYQUXXBVFGDHL	InChI=1S/C17H16O6/c1-22-14-5-9(2-3-12(14)19)4-10-8-23-15-7-11(18)6-13(20)16(15)17(10)21/h2-3,5-7,10,18-20H,4,8H2,1H3	null	COC1=C(C=CC(=C1)CC2COC3=CC(=CC(=C3C2=O)O)O)O	2.22048497	""	COCONUT:(CNP0082398)	2097152
115	4	N/A	-200.07209163275166	C17H16O6	[M + Na]+	WVJNWIDOPDCYGM	InChI=1S/C17H16O6/c1-19-9-7-12(21-3)14-13(8-9)23-10-5-6-11(20-2)17(22-4)15(10)16(14)18/h5-8H,1-4H3	9H-Xanthen-9-one, 1,2,6,8-tetramethoxy-	COC1=C(C2=C(C=C1)OC3=C(C2=O)C(=CC(=C3)OC)OC)OC	2.79999995	13965888	COCONUT:(CNP0166192);Natural Products:(UNPD167146);PubChem:(13965888);SuperNatural:(SN00359153)	3178498
116	4	N/A	-200.10360983931318	C17H16O6	[M + Na]+	BSXXCIOYXFPKRS	InChI=1S/C17H16O6/c1-21-13-7-12-14(16(20)17(13)22-2)15(19)11(8-23-12)9-3-5-10(18)6-4-9/h3-7,11,18,20H,8H2,1-2H3	null	COC1=C(C(=C2C(=C1)OCC(C2=O)C3=CC=C(C=C3)O)O)OC	2.18100095	""	COCONUT:(CNP0187130);Natural Products:(UNPD221367)	2129920
117	4	N/A	-200.5859749678839	C17H16O6	[M + Na]+	FBWIGIBYNDBANZ	InChI=1S/C17H16O6/c1-20-12-6-4-8-10-7-22-15-9(3-5-11(18)13(15)19)14(10)23-16(8)17(12)21-2/h3-6,10,14,18-19H,7H2,1-2H3	null	COC1=C(C2=C(C=C1)C3COC4=C(C3O2)C=CC(=C4O)O)OC	2.20000005	131839501	HMDB:(140872);PubChem:(131839501);KEGG Mine;PubChem class - bio and metabolites	8606711818
118	4	N/A	-204.20263015867295	C17H16O6	[M + Na]+	UYOFSATVQMYLCQ	InChI=1S/C17H16O6/c1-21-14-6-4-10-12(19)8-15(23-16(10)17(14)22-2)9-3-5-11(18)13(20)7-9/h3-7,15,18,20H,8H2,1-2H3	null	COC1=C(C2=C(C=C1)C(=O)CC(O2)C3=CC(=C(C=C3)O)O)OC	2.0999999	131837229	HMDB:(133295);PubChem:(131837229);PubChem class - bio and metabolites	16777226
119	4	N/A	-204.5517583427829	C17H16O6	[M + Na]+	NAQKTACKUWLLGQ	InChI=1S/C17H16O6/c1-22-11-4-5-12(14(19)9-11)13(18)6-3-10-7-15(20)17(23-2)16(21)8-10/h3-9,19-21H,1-2H3	(E)-3-(3,5-dihydroxy-4-methoxyphenyl)-1-(2-hydroxy-4-methoxyphenyl)prop-2-en-1-one	COC1=CC(=C(C=C1)C(=O)C=CC2=CC(=C(C(=C2)O)OC)O)O	3.0999999	16655801	COCONUT:(CNP0385500);Natural Products:(UNPD32893);PubChem:(16655801)	2129922
120	4	N/A	-204.83677392404613	C17H16O6	[M + Na]+	JHTVQWCQOPRRQH	InChI=1S/C17H16O6/c1-20-12-4-3-8-16-10(7-22-17(8)15(12)19)9-5-11(18)14(21-2)6-13(9)23-16/h3-6,10,16,18-19H,7H2,1-2H3	null	COC1=C(C2=C(C=C1)C3C(CO2)C4=CC(=C(C=C4O3)OC)O)O	2.20000005	131839414	HMDB:(137443);PubChem:(131839414);KEGG Mine;PubChem class - bio and metabolites	8606711818
121	4	N/A	-206.00289221028876	C17H16O6	[M + Na]+	AHWUIMDBTDTTRI	InChI=1S/C17H16O6/c1-20-12-6-4-9-14-10(7-22-15(9)13(12)19)8-3-5-11(18)17(21-2)16(8)23-14/h3-6,10,14,18-19H,7H2,1-2H3	Melilotocarpan E	COC1=C(C2=C(C=C1)C3C(CO2)C4=C(O3)C(=C(C=C4)O)OC)O	2.20000005	23259934;44257462	COCONUT:(CNP0109006);HMDB:(33683);KNApSAcK:(9999);Natural Products:(UNPD102692);PubChem:(23259934 44257462);SuperNatural:(SN00252791);PubChem class - bio and metabolites	19955738
122	4	N/A	-206.5927772236158	C17H16O6	[M + Na]+	SQRZLVUKAGAFFX	InChI=1S/C17H16O6/c1-20-12-6-4-8-10-7-22-16-9(3-5-11(18)17(16)21-2)14(10)23-15(8)13(12)19/h3-6,10,14,18-19H,7H2,1-2H3	null	COC1=C(C2=C(C=C1)C3COC4=C(C3O2)C=CC(=C4OC)O)O	2.20000005	10245208;101618835	COCONUT:(CNP0214551);Natural Products:(UNPD37449);PubChem:(10245208 101618835);SuperNatural:(SN00394698)	3178498
123	4	N/A	-208.03696973327695	C17H16O6	[M + Na]+	UPINJJRQXNLRCS	InChI=1S/C17H16O6/c1-8-4-9-7-23-17-14(15(20)13(9)10(18)5-8)12(21-2)6-11(19)16(17)22-3/h4-6,18-19H,7H2,1-3H3	null	CC1=CC2=C(C(=C1)O)C(=O)C3=C(C=C(C(=C3OC2)OC)O)OC	3.0	139584126	COCONUT:(CNP0234991);Natural Products:(UNPD210465);PubChem:(139584126)	2129922
124	4	N/A	-208.4957640655384	C17H16O6	[M + Na]+	YUEQENCEVQAYFU	InChI=1S/C17H16O6/c1-19-9-7-12(22-4)14-13(8-9)23-17-11(21-3)6-5-10(20-2)15(17)16(14)18/h5-8H,1-4H3	null	COC1=C2C(=C(C=C1)OC)OC3=C(C2=O)C(=CC(=C3)OC)OC	2.79999995	14157906	COCONUT:(CNP0308161);Natural Products:(UNPD65677);PubChem:(14157906);SuperNatural:(SN00244541)	3178498
125	4	N/A	-208.70284600888857	C17H16O6	[M + Na]+	ZGFFGEUREUZOBR	InChI=1S/C17H16O6/c1-19-11-6-5-9-15(18)10-7-13(20-2)14(21-3)8-12(10)23-16(9)17(11)22-4/h5-8H,1-4H3	9H-Xanthen-9-one, 2,3,5,6-tetramethoxy-	COC1=C(C2=C(C=C1)C(=O)C3=CC(=C(C=C3O2)OC)OC)OC	2.79999995	18986458	COCONUT:(CNP0183443);Natural Products:(UNPD12508);PubChem:(18986458)	2129922
126	4	N/A	-208.95977390297563	C17H16O6	[M + Na]+	VAQJBUHMKPFSRD	InChI=1S/C17H16O6/c1-20-12-4-3-8-10-7-22-13-6-14(21-2)11(18)5-9(13)16(10)23-17(8)15(12)19/h3-6,10,16,18-19H,7H2,1-2H3	Mucronucarpan	COC1=C(C2=C(C=C1)C3COC4=CC(=C(C=C4C3O2)O)OC)O	2.20000005	44257454	PubChem:(44257454);KNApSAcK:(9628)	18
127	4	N/A	-209.68206915453368	C17H16O6	[M + Na]+	PGEJLQOKKPXIBE	InChI=1S/C17H16O6/c1-8-13(22-2)6-14-15(16(8)20)17(21)11(7-23-14)10-4-3-9(18)5-12(10)19/h3-6,11,18-20H,7H2,1-2H3	Ougenin	CC1=C(C=C2C(=C1O)C(=O)C(CO2)C3=C(C=C(C=C3)O)O)OC	2.9000001	44257391	COCONUT:(CNP0187092);KNApSAcK:(9556);Natural Products:(UNPD117607);PubChem:(44257391);SuperNatural:(SN00334276)	3178514
128	4	N/A	-209.8918795459714	C17H16O6	[M + Na]+	VOVQKEHVZNTMEO	InChI=1S/C17H16O6/c1-19-11-7-5-9-13(18)10-6-8-12(20-2)17(22-4)15(10)23-14(9)16(11)21-3/h5-8H,1-4H3	9H-Xanthen-9-one, 3,4,5,6-tetramethoxy-	COC1=C(C2=C(C=C1)C(=O)C3=C(O2)C(=C(C=C3)OC)OC)OC	2.79999995	60199317	COCONUT:(CNP0302963);Natural Products:(UNPD59337);PubChem:(60199317);SuperNatural:(SN00327657)	3178498
129	4	N/A	-212.09183861771754	C17H16O6	[M + Na]+	RAXXEZAIFVNVAV	InChI=1S/C17H16O6/c1-21-10-5-3-9(4-6-10)12-8-23-17-11(14(12)18)7-13(22-2)15(19)16(17)20/h3-7,12,19-20H,8H2,1-2H3	null	COC1=CC=C(C=C1)C2COC3=C(C(=C(C=C3C2=O)OC)O)O	2.29999995	131836892	HMDB:(132866);PubChem:(131836892);PubChem class - bio and metabolites	16777226
130	4	N/A	-212.15559189737112	C17H16O6	[M + Na]+	IZXFOZCITJGROS	InChI=1S/C17H16O6/c1-22-15-6-10(2-5-13(15)19)8-17(21)9-23-14-7-11(18)3-4-12(14)16(17)20/h2-7,18-19,21H,8-9H2,1H3	Caesalpiniaphenol A	COC1=C(C=CC(=C1)CC2(COC3=C(C2=O)C=CC(=C3)O)O)O	1.89999998	71454364	COCONUT:(CNP0150710);Natural Products:(UNPD214744);PubChem:(71454364);PubMed	2129986
131	4	N/A	-214.11587705901235	C17H16O6	[M + Na]+	BCLOSOAXNORDGH	InChI=1S/C17H16O6/c1-8-12(19)6-14-15(16(8)21)17(22)10(7-23-14)4-9-2-3-11(18)5-13(9)20/h2-3,5-6,10,18-21H,4,7H2,1H3	null	CC1=C(C2=C(C=C1O)OCC(C2=O)CC3=C(C=C(C=C3)O)O)O	2.9000001	44514019;44609188	COCONUT:(CNP0095367);PubChem:(44514019 44609188);SuperNatural:(SN00177575);PubMed	3145794
132	4	N/A	-214.51066720126244	C17H16O6	[M + Na]+	TYCXZCXHNKDQCZ	InChI=1S/C17H16O6/c1-20-11-6-4-9-15-10(7-22-16(9)13(11)18)8-3-5-12(21-2)14(19)17(8)23-15/h3-6,10,15,18-19H,7H2,1-2H3	Melilotocarpan D	COC1=C(C2=C(C=C1)C3COC4=C(C3O2)C=CC(=C4O)OC)O	2.20000005	5319351;23259933	COCONUT:(CNP0216955);HMDB:(33692);KNApSAcK:(9998);Natural Products:(UNPD79931 UNPD87888);PubChem:(5319351 23259933);SuperNatural:(SN00159169 SN00391113);PubChem class - bio and metabolites;KEGG Mine	8609890330
133	4	N/A	-217.75310798141481	C17H16O6	[M + Na]+	UMPIOBMYFRLDPN	InChI=1S/C17H16O6/c1-8-5-11(18)14-15(19)13-10(16(22-4)17(14)23-8)6-9(20-2)7-12(13)21-3/h5-7,19H,1-4H3	null	CC1=CC(=O)C2=C(C3=C(C=C(C=C3OC)OC)C(=C2O1)OC)O	2.90917015	""	COCONUT:(CNP0137422)	2097152
134	4	N/A	-218.02783170226596	C17H16O6	[M + Na]+	LLGWMULZTIEEQK	InChI=1S/C17H16O6/c1-22-15-10-12(17(20)21)6-7-14(15)23-16(19)8-5-11-3-2-4-13(18)9-11/h2-4,6-7,9-10,18H,5,8H2,1H3,(H,20,21)	Benzenepropanoic acid, 3-hydroxy-, 4-carboxy-2-methoxyphenyl ester	COC1=C(C=CC(=C1)C(=O)O)OC(=O)CCC2=CC(=CC=C2)O	2.70000005	71406631	COCONUT:(CNP0213485);Natural Products:(UNPD15758);PubChem:(71406631);SuperNatural:(SN00284140)	3178498
135	4	N/A	-221.0218003178184	C17H16O6	[M + Na]+	ZDQFBBITMZMGIV	InChI=1S/C17H16O6/c1-21-16-10(5-6-13(19)17(16)22-2)12-8-23-14-7-9(18)3-4-11(14)15(12)20/h3-7,12,18-19H,8H2,1-2H3	Lespedeol C	COC1=C(C=CC(=C1OC)O)C2COC3=C(C2=O)C=CC(=C3)O	2.29999995	14077832	COCONUT:(CNP0154432);KNApSAcK:(9543);Natural Products:(UNPD177485);PubChem:(14077832);SuperNatural:(SN00338901)	3178514
136	4	N/A	-222.76322586875017	C17H16O6	[M + Na]+	IJEAKXLWRJMFKY	InChI=1S/C17H16O6/c1-19-9-5-6-11-10(7-9)15(18)14-12(20-2)8-13(21-3)16(22-4)17(14)23-11/h5-8H,1-4H3	null	COC1=CC2=C(C=C1)OC3=C(C2=O)C(=CC(=C3OC)OC)OC	2.79999995	14528823	COCONUT:(CNP0327343);Natural Products:(UNPD90683);PubChem:(14528823);SuperNatural:(SN00257770)	3178498
137	4	N/A	-223.20672553358037	C17H16O6	[M + Na]+	CYTMELDNMYVTKB	InChI=1S/C17H16O6/c1-7-4-12(20)10(6-18)16-13(7)17(21)23-15-9(3)11(19)5-8(2)14(15)22-16/h4-5,18-20H,6H2,1-3H3	null	CC1=CC(=C(C2=C1C(=O)OC3=C(O2)C(=CC(=C3C)O)C)CO)O	3.0	46916752	COCONUT:(CNP0295758);Natural Products:(UNPD187659);PubChem:(46916752)	2129922
138	4	N/A	-224.14711073630582	C17H16O6	[M + Na]+	CDEHNLMKWOFSRR	InChI=1S/C17H16O6/c1-19-14-7-11(15(18)17-16(14)22-9-23-17)4-2-10-3-5-12-13(6-10)21-8-20-12/h3,5-7,18H,2,4,8-9H2,1H3	1,3-Benzodioxol-4-ol, 5-[2-(1,3-benzodioxol-5-yl)ethyl]-7-methoxy-	COC1=C2C(=C(C(=C1)CCC3=CC4=C(C=C3)OCO4)O)OCO2	3.4000001	11544204	COCONUT:(CNP0135905);KNApSAcK:(31002);Natural Products:(UNPD196560);PubChem:(11544204);SuperNatural:(SN00322936);MeSH:(11544204);PubMed	3178582
139	4	N/A	-224.65836827148897	C17H16O6	[M + Na]+	FMADTIVTHLZMNZ	InChI=1S/C17H16O6/c1-21-13-6-5-10(16(20)17(13)22-2)12-8-23-14-7-9(18)3-4-11(14)15(12)19/h3-7,12,18,20H,8H2,1-2H3	null	COC1=C(C(=C(C=C1)C2COC3=C(C2=O)C=CC(=C3)O)O)OC	2.29999995	24796965;101028786	COCONUT:(CNP0174935);KNApSAcK:(33751);Natural Products:(UNPD12409);PubChem:(24796965 101028786);SuperNatural:(SN00356301)	3178514
140	4	N/A	-225.76512171575922	C17H16O6	[M + Na]+	ILOKNKKFXJKHMB	InChI=1S/C17H16O6/c1-21-13-6-5-10(17(22-2)16(13)20)12-8-23-14-7-9(18)3-4-11(14)15(12)19/h3-7,12,18,20H,8H2,1-2H3	Violanone	COC1=C(C(=C(C=C1)C2COC3=C(C2=O)C=CC(=C3)O)OC)O	2.29999995	24772948;44446884;73353540	COCONUT:(CNP0217282);KNApSAcK:(47626);Natural Products:(UNPD117990 UNPD225610);PubChem:(24772948 44446884 73353540);SuperNatural:(SN00159143);PubMed	3178578
141	4	N/A	-226.31120350326842	C17H16O6	[M + Na]+	NWGPJTBQCHRIMP	InChI=1S/C17H16O6/c1-21-11-5-3-10(4-6-11)17(20)9-14(19)16-13(18)7-12(22-2)8-15(16)23-17/h3-8,18,20H,9H2,1-2H3	null	COC1=CC=C(C=C1)C2(CC(=O)C3=C(C=C(C=C3O2)OC)O)O	2.11523867	""	COCONUT:(CNP0246300);Natural Products:(UNPD101064);SuperNatural:(SN00329709);KEGG Mine	8593113088
142	4	N/A	-226.64728809755746	C17H16O6	[M + Na]+	CGCVUMRAPMFWDT	InChI=1S/C17H16O6/c1-22-17-12(19)7-13-14(16(17)21)15(20)10(8-23-13)6-9-2-4-11(18)5-3-9/h2-5,7,10,18-19,21H,6,8H2,1H3	3-(4-Hydroxybenzyl)-5,7-dihydroxy-6-methoxychroman-4-one	COC1=C(C2=C(C=C1O)OCC(C2=O)CC3=CC=C(C=C3)O)O	2.79999995	638288;404572;92155498	COCONUT:(CNP0204415);KNApSAcK:(29484);Natural Products:(UNPD101843 UNPD94549);PubChem:(638288 404572 92155498);SuperNatural:(SN00246658 SN00364242);PubMed	3178578
143	4	N/A	-226.90310647425093	C17H16O6	[M + Na]+	IHXGBCCXWBTPRR	InChI=1S/C17H16O6/c1-7-12(19)8(2)16-11(13(7)20)14(21)15(22)17(23-16)9-3-5-10(18)6-4-9/h3-6,15,17-20,22H,1-2H3	null	CC1=C(C(=C2C(=C1O)C(=O)C(C(O2)C3=CC=C(C=C3)O)O)C)O	2.5999999	44392732;46831048;46831049	COCONUT:(CNP0158583);Natural Products:(UNPD1331 UNPD64955);PubChem:(44392732 46831048 46831049);SuperNatural:(SN00341005 SN00240346);PubMed;KEGG Mine	8593113154
144	4	N/A	-227.7902814817901	C17H16O6	[M + Na]+	RCTQJKRKTPVOLP	InChI=1S/C17H16O6/c1-21-14-4-3-11(16(20)17(14)22-2)10-5-9-6-12(18)13(19)7-15(9)23-8-10/h3-7,18-20H,8H2,1-2H3	null	COC1=C(C(=C(C=C1)C2=CC3=CC(=C(C=C3OC2)O)O)O)OC	2.30589795	""	COCONUT:(CNP0208742);Natural Products:(UNPD115070)	2129920
145	4	N/A	-228.05084780584778	C17H16O6	[M + Na]+	UNGFTXWWODIFCO	InChI=1S/C17H16O6/c1-21-11-6-9(5-10(18)7-11)13-8-23-16-12(15(13)20)3-4-14(19)17(16)22-2/h3-7,13,18-19H,8H2,1-2H3	null	COC1=CC(=CC(=C1)O)C2COC3=C(C2=O)C=CC(=C3OC)O	2.18100095	""	COCONUT:(CNP0161326);Natural Products:(UNPD212456)	2129920
146	4	N/A	-228.3270441642707	C17H16O6	[M + Na]+	MYJSUEBYZUYQNB	InChI=1S/C17H16O6/c1-22-12-6-13(19)15-14(7-12)23-9-17(21,16(15)20)8-10-2-4-11(18)5-3-10/h2-7,18-19,21H,8-9H2,1H3	null	COC1=CC(=C2C(=C1)OCC(C2=O)(CC3=CC=C(C=C3)O)O)O	2.4000001	122182399	COCONUT:(CNP0078628);PubChem:(122182399);PubMed	2097218
147	4	N/A	-228.89703492606037	C17H16O6	[M + Na]+	SSQZVXWYVVNXKO	InChI=1S/C17H16O6/c1-21-14-4-3-11(17(22-2)16(14)20)10-5-9-6-12(18)13(19)7-15(9)23-8-10/h3-7,18-20H,8H2,1-2H3	6,7,3''-Trihydroxy-2'',4''-dimethoxyisoflavene	COC1=C(C(=C(C=C1)C2=CC3=CC(=C(C=C3OC2)O)O)OC)O	2.29999995	44257527	COCONUT:(CNP0287818);KNApSAcK:(9754);Natural Products:(UNPD147382);PubChem:(44257527);SuperNatural:(SN00326189);PubMed	3178578
148	4	N/A	-230.85883618197582	C17H16O6	[M + Na]+	NSZXIUNKSQZIQS	InChI=1S/C17H16O6/c1-2-9-12(19)7-13(20)10-6-15(22)16(23-17(9)10)8-3-4-11(18)14(21)5-8/h2-5,7,15-16,18-22H,1,6H2	null	C=CC1=C(C=C(C2=C1OC(C(C2)O)C3=CC(=C(C=C3)O)O)O)O	2.09122729	91038563;129850620;135030864	MeSH:(91038563);PubChem:(91038563 129850620 135030864);PubMed	70
149	4	N/A	-231.22878899954597	C17H16O6	[M + Na]+	MEVZQUMOUGNZRF	InChI=1S/C17H16O6/c1-22-14-6-11(18)7-15-16(14)17(21)10(8-23-15)4-9-2-3-12(19)13(20)5-9/h2-3,5-7,10,18-20H,4,8H2,1H3	3-[(3,4-dihydroxyphenyl)methyl]-7-hydroxy-5-methoxy-2,3-dihydrochromen-4-one	COC1=CC(=CC2=C1C(=O)C(CO2)CC3=CC(=C(C=C3)O)O)O	2.29999995	21676257;73426612	COCONUT:(CNP0120009);HMDB:(33298);Natural Products:(UNPD22703 UNPD223902);PubChem:(21676257 73426612);SuperNatural:(SN00257874);PubChem class - bio and metabolites	19955722
150	4	N/A	-233.2298916207784	C17H16O6	[M + Na]+	GDGDGXJBOLVFBL	InChI=1S/C17H16O6/c1-21-13-8-12-14(15(19)16(13)22-2)11(18)9-17(20,23-12)10-6-4-3-5-7-10/h3-8,19-20H,9H2,1-2H3	Mosloflavanone	COC1=C(C(=C2C(=O)CC(OC2=C1)(C3=CC=CC=C3)O)O)OC	2.29999995	10639107;42608128	COCONUT:(CNP0228574);KNApSAcK:(14120);Natural Products:(UNPD127848 UNPD183625);PubChem:(10639107 42608128);SuperNatural:(SN00249936 SN00255602);PubMed	3178578
151	4	N/A	-234.2954887751654	C17H16O6	[M + Na]+	BLSFQQNRFOVLGQ	InChI=1S/C17H16O6/c1-22-12-4-2-10(3-5-12)8-17(21)9-23-14-7-11(18)6-13(19)15(14)16(17)20/h2-7,18-19,21H,8-9H2,1H3	null	COC1=CC=C(C=C1)CC2(COC3=CC(=CC(=C3C2=O)O)O)O	2.4000001	12309804;101289750;138857789	COCONUT:(CNP0326884);KNApSAcK:(39176);Natural Products:(UNPD95553 UNPD122942);PubChem:(12309804 101289750 138857789);SuperNatural:(SN00258278 SN00369987)	3178514
152	4	N/A	-234.46887357554806	C17H16O6	[M + Na]+	ZAZTVPBMNCLNOB	InChI=1S/C17H16O6/c1-22-16-13(20)7-12(19)14-15(21)10(8-23-17(14)16)6-9-2-4-11(18)5-3-9/h2-5,7,10,18-20H,6,8H2,1H3	5,7-dihydroxy-3-[(4-hydroxyphenyl)methyl]-8-methoxy-2,3-dihydrochromen-4-one	COC1=C(C=C(C2=C1OCC(C2=O)CC3=CC=C(C=C3)O)O)O	2.79999995	21627905;132555989	COCONUT:(CNP0238831);Natural Products:(UNPD10158);PubChem:(21627905 132555989)	2129922
153	4	N/A	-235.09149212773585	C17H16O6	[M + Na]+	ITWVCZGLHWNQIQ	InChI=1S/C17H16O6/c1-21-11-4-6-13(15(8-11)22-2)17(20)9-23-14-7-10(18)3-5-12(14)16(17)19/h3-8,18,20H,9H2,1-2H3	null	COC1=CC(=C(C=C1)C2(COC3=C(C2=O)C=CC(=C3)O)O)OC	1.89999998	71713958	COCONUT:(CNP0122826);Natural Products:(UNPD219289);PubChem:(71713958);PubMed	2129986
154	4	N/A	-238.15560746496874	C17H16O6	[M + Na]+	AESMRHCYHARBLU	InChI=1S/C17H16O6/c1-7-15(21)8(2)17-14(16(7)22)12(20)6-13(23-17)9-3-4-10(18)11(19)5-9/h3-5,13,18-19,21-22H,6H2,1-2H3	Cyrtominetin	CC1=C(C(=C2C(=C1O)C(=O)CC(O2)C3=CC(=C(C=C3)O)O)C)O	2.79999995	125309;25271879;40466908	COCONUT:(CNP0180505);KNApSAcK:(8352);Natural Products:(UNPD43196);PubChem:(125309 25271879 40466908);SuperNatural:(SN00000224 SN00003465);ZINC bio:(ZINC00004749 ZINC03784909);MeSH:(125309);PubMed;KEGG Mine	8593121366
155	4	N/A	-239.04915437549704	C17H16O6	[M + Na]+	KSVCTBUZEKNJFN	InChI=1S/C17H16O6/c1-21-13-6-4-10-15(19)11(8-23-17(10)16(13)20)9-3-5-12(18)14(7-9)22-2/h3-7,11,18,20H,8H2,1-2H3	null	COC1=C(C2=C(C=C1)C(=O)C(CO2)C3=CC(=C(C=C3)O)OC)O	2.29999995	131836534	HMDB:(130391);PubChem:(131836534);PubChem class - bio and metabolites	16777226
156	4	N/A	-246.58025084216786	C17H16O6	[M + Na]+	NNNRPBRVBHUJEP	InChI=1S/C17H16O6/c1-21-17(20)7-12(10-2-4-11(18)5-3-10)13-6-15-16(8-14(13)19)23-9-22-15/h2-6,8,12,18-19H,7,9H2,1H3	null	COC(=O)CC(C1=CC=C(C=C1)O)C2=CC3=C(C=C2O)OCO3	2.5999999	100003554;100003557;102565027	PubChem:(100003554 100003557 102565027);COCONUT:(CNP0144791)	2097154
157	4	N/A	-252.94393904843525	C17H16O6	[M + Na]+	CUDWAOPIYCRYSU	InChI=1S/C17H16O6/c1-21-11-4-3-5-12-15(11)16(20)14-10(19)8-13(22-2)9(6-7-18)17(14)23-12/h3-5,8,18-19H,6-7H2,1-2H3	null	COC1=CC=CC2=C1C(=O)C3=C(O2)C(=C(C=C3O)OC)CCO	2.70000005	73891069	COCONUT:(CNP0262254);Natural Products:(UNPD221605);PubChem:(73891069)	2129922
158	4	N/A	-254.51784148931046	C17H16O6	[M + Na]+	OBLQSDVXVVKOJA	InChI=1S/C17H16O6/c1-21-12-8-13(22-2)15-16(20)14-10(19)4-3-5-11(14)23-17(15)9(12)6-7-18/h3-5,8,18-19H,6-7H2,1-2H3	null	COC1=CC(=C2C(=C1CCO)OC3=CC=CC(=C3C2=O)O)OC	2.70000005	139586669	PubChem:(139586669);COCONUT:(CNP0355893)	2097154
159	4	N/A	-254.65450260991386	C17H16O6	[M + Na]+	JHALLYTYXLWETG	InChI=1S/C17H16O6/c1-22-14-8-2-11(3-9-14)10-23-17(21)15(16(19)20)12-4-6-13(18)7-5-12/h2-9,15,18H,10H2,1H3,(H,19,20)	((4-Methoxyphenyl)methyl) hydrogen (4-hydroxyphenyl)malonate	COC1=CC=C(C=C1)COC(=O)C(C2=CC=C(C=C2)O)C(=O)O	2.5999999	44147396;86316243;86316245	PubChem:(44147396 86316243 86316245);NORMAN:(NS00060669)	262146
160	4	N/A	-255.9708631654566	C17H16O6	[M + Na]+	BVGCPICXZZPKED	InChI=1S/C17H16O6/c1-9(18)5-6-22-10-7-12(20)16-14(8-10)23-13-4-2-3-11(19)15(13)17(16)21/h2-4,7-9,18-20H,5-6H2,1H3	null	CC(CCOC1=CC(=C2C(=C1)OC3=CC=CC(=C3C2=O)O)O)O	2.9000001	86054399	COCONUT:(CNP0191011);Natural Products:(UNPD115901);PubChem:(86054399);SuperNatural:(SN00229074);PubMed	3178562
161	4	N/A	-256.8728299735847	C17H16O6	[M + Na]+	QALFGMCBICJHPI	InChI=1S/C17H16O6/c1-22-13-7-12(19)14-15(20)10(8-23-17(14)16(13)21)6-9-2-4-11(18)5-3-9/h2-5,7,10,18-19,21H,6,8H2,1H3	5,8-dihydroxy-3-[(4-hydroxyphenyl)methyl]-7-methoxy-2,3-dihydrochromen-4-one	COC1=C(C2=C(C(=C1)O)C(=O)C(CO2)CC3=CC=C(C=C3)O)O	2.79999995	14159173;14159174;92470431	COCONUT:(CNP0188728);HMDB:(37251);Natural Products:(UNPD196714);PubChem:(14159173 14159174 92470431);SuperNatural:(SN00260387);PubChem class - bio and metabolites;PubMed	19955786
162	4	N/A	-258.46247220437584	C17H16O6	[M + Na]+	VZMBLQQOBSKSKG	InChI=1S/C17H16O6/c1-8-5-12(19)11(7-21-3)16-14(8)17(20)22-13-6-10(18)4-9(2)15(13)23-16/h4-6,18-19H,7H2,1-3H3	null	CC1=CC(=CC2=C1OC3=C(C(=CC(=C3COC)O)C)C(=O)O2)O	2.5999999	122214818	MeSH:(122214818);PubChem:(122214818);PubMed	70
163	4	N/A	-260.71707134772	C17H16O6	[M + Na]+	CSUGTSQGKQZYPZ	InChI=1S/C17H16O6/c1-9-7-13-14(21-10(2)18)5-6-15(22-11(3)19)17(13)16(8-9)23-12(4)20/h5-8H,1-4H3	null	CC1=CC2=C(C=CC(=C2C(=C1)OC(=O)C)OC(=O)C)OC(=O)C	2.79999995	12181312	COCONUT:(CNP0304786);Natural Products:(UNPD61553);PubChem:(12181312);SuperNatural:(SN00238940)	3178498
164	4	N/A	-263.18605562802605	C17H16O6	[M + Na]+	RKSDIHNCBWGVRJ	InChI=1S/C17H16O6/c1-21-12-8-7-11(13(19)16(12)22-2)14(20)17-15(23-17)9-3-5-10(18)6-4-9/h3-8,15,17-19H,1-2H3	null	COC1=C(C(=C(C=C1)C(=O)C2C(O2)C3=CC=C(C=C3)O)O)OC	2.5999999	131837758	HMDB:(133962);PubChem:(131837758);PubChem class - bio and metabolites	16777226
165	4	N/A	-264.76279028114334	C17H16O6	[M + Na]+	WYOZGBMNTWCNDD	InChI=1S/C17H16O6/c1-22-13-7-12-14(17(21)16(13)20)15(19)10(8-23-12)6-9-2-4-11(18)5-3-9/h2-5,7,10,18,20-21H,6,8H2,1H3	null	COC1=C(C(=C2C(=C1)OCC(C2=O)CC3=CC=C(C=C3)O)O)O	2.79999995	122182392	COCONUT:(CNP0202833);Natural Products:(UNPD31813);PubChem:(122182392);SuperNatural:(SN00344350);PubMed	3178562
166	4	N/A	-268.2419837325882	C17H16O6	[M + Na]+	TUBLDJSCSBSNBP	InChI=1S/C17H16O6/c1-21-16-7-13(19)11(6-14(16)20)12-8-23-15-5-9(18)3-4-10(15)17(12)22-2/h3-7,12,17-18H,8H2,1-2H3	2-[(3R,4R)-7-hydroxy-4-methoxy-3,4-dihydro-2H-chromen-3-yl]-5-methoxycyclohexa-2,5-diene-1,4-dione	COC1C(COC2=C1C=CC(=C2)O)C3=CC(=O)C(=CC3=O)OC	1.0	11702438;15981475;102188571	COCONUT:(CNP0173020);KNApSAcK:(30772);Natural Products:(UNPD160717);PubChem:(11702438 15981475 102188571);SuperNatural:(SN00305243);MeSH:(102188571);PubMed	3178582
167	4	N/A	-270.43380834456525	C17H16O6	[M + Na]+	SWEQQCUTXCQVIQ	InChI=1S/C17H16O6/c18-13-5-3-12(4-6-13)16(21)10-23-17(22)8-2-11-1-7-14(19)15(20)9-11/h1-9,16,18-21H,10H2	null	C1=CC(=CC=C1C(COC(=O)C=CC2=CC(=C(C=C2)O)O)O)O	2.06559157	131839284	PubChem:(131839284);HMDB:(135788)	10
168	4	N/A	-271.0511260962933	C17H16O6	[M + Na]+	ZKPINXURUNKUFT	InChI=1S/C17H16O6/c1-8-5-12(21-3)15(22-4)16-13(8)10-6-9(20-2)7-11(18)14(10)17(19)23-16/h5-7,18H,1-4H3	6H-Dibenzo[b,d]pyran-6-one, 7-hydroxy-3,4,9-trimethoxy-1-methyl-	CC1=CC(=C(C2=C1C3=C(C(=CC(=C3)OC)O)C(=O)O2)OC)OC	3.5	11529770	COCONUT:(CNP0363320);Natural Products:(UNPD153490);PubChem:(11529770);SuperNatural:(SN00315772)	3178498
169	4	N/A	-275.2319864192186	C17H16O6	[M + Na]+	QQSHGVZVXFYVBC	InChI=1S/C17H16O6/c1-9-6-13(18)17-16(22-9)12(8-15(19)23-17)11-5-4-10(20-2)7-14(11)21-3/h4-7,12H,8H2,1-3H3	null	CC1=CC(=O)C2=C(O1)C(CC(=O)O2)C3=C(C=C(C=C3)OC)OC	1.79999995	135640419	PubChem:(135640419);COCONUT:(CNP0414978)	2097154
170	4	N/A	-276.2514781092224	C17H16O6	[M + Na]+	LVPNNKZKVQLQSV	InChI=1S/C17H16O6/c1-9-6-14-16(17(19)22-9)12(8-15(18)23-14)11-5-4-10(20-2)7-13(11)21-3/h4-7,12H,8H2,1-3H3	null	CC1=CC2=C(C(CC(=O)O2)C3=C(C=C(C=C3)OC)OC)C(=O)O1	2.0	99998379;99998382;102564517	PubChem:(99998379 99998382 102564517);COCONUT:(CNP0211725)	2097154
171	4	N/A	-276.9042145077727	C17H16O6	[M + Na]+	WPTYIMKBCOBMDH	InChI=1S/C17H16O6/c1-20-14-8-16(21-2)12(19)6-9(14)15-7-10-13(23-15)5-4-11(18)17(10)22-3/h4-8,18-19H,1-3H3	null	COC1=CC(=C(C=C1C2=CC3=C(O2)C=CC(=C3OC)O)O)OC	3.20000005	101839192	COCONUT:(CNP0327229);Natural Products:(UNPD90507);PubChem:(101839192);SuperNatural:(SN00323299)	3178498
172	4	N/A	-283.0587962156631	C17H16O6	[M + Na]+	FXTRHGNYTOSLDP	InChI=1S/C17H16O6/c1-20-15-7-9-6-14(23-13(9)8-12(15)19)10-4-5-11(18)17(22-3)16(10)21-2/h4-8,18-19H,1-3H3	null	COC1=C(C=C2C(=C1)C=C(O2)C3=C(C(=C(C=C3)O)OC)OC)O	3.20000005	46177525	COCONUT:(CNP0234534);Natural Products:(UNPD108153);PubChem:(46177525);SuperNatural:(SN00339981)	3178498
173	4	N/A	-283.8226549505865	C17H16O6	[M + Na]+	PHVAJSHZGQKOKJ	InChI=1S/C17H16O6/c1-8-13(19)12-15(21)10(6-9-2-4-11(18)5-3-9)7-23-17(12)16(22)14(8)20/h2-5,10,18-20,22H,6-7H2,1H3	null	CC1=C(C2=C(C(=C1O)O)OCC(C2=O)CC3=CC=C(C=C3)O)O	2.29413366	""	COCONUT:(CNP0157760);Natural Products:(UNPD202870)	2129920
174	4	N/A	-283.9948299670587	C17H16O6	[M + Na]+	NAOWONDUKAFFFO	InChI=1S/C17H16O6/c1-22-17-11(4-2-9(7-18)15(17)20)13-8-23-14-6-10(19)3-5-12(14)16(13)21/h2-6,13,18-20H,7-8H2,1H3	null	COC1=C(C=CC(=C1O)CO)C2COC3=C(C2=O)C=CC(=C3)O	2.0	131753209	COCONUT:(CNP0001507);HMDB:(41790);PubChem:(131753209);PubChem class - bio and metabolites	18874378
175	4	N/A	-284.0280659202422	C17H16O6	[M + Na]+	YYAPXRAIIZQCPR	InChI=1S/C17H16O6/c1-8-4-11(19)15-13(5-8)23-17(22-3)14-10(16(15)20)6-9(18)7-12(14)21-2/h4-7,17-19H,1-3H3	null	CC1=CC(=C2C(=C1)OC(C3=C(C2=O)C=C(C=C3OC)O)OC)O	3.0999999	122395577	PubChem:(122395577);COCONUT:(CNP0354791)	2097154
176	4	N/A	-284.7291281207247	C17H16O6	[M + Na]+	CCHKZGVRIOKSEE	InChI=1S/C17H16O6/c18-13-4-1-11(9-15(13)20)3-6-17(22)23-8-7-12-2-5-14(19)16(21)10-12/h1-6,9-10,18-21H,7-8H2	Teucrol	C1=CC(=C(C=C1CCOC(=O)C=CC2=CC(=C(C=C2)O)O)O)O	2.5809195	637829;20979949	COCONUT:(CNP0134593);KNApSAcK:(37903);Natural Products:(UNPD32884);PubChem:(637829 20979949);SuperNatural:(SN00247966);MeSH:(637829);PubMed;KEGG Mine	8593113174
177	4	N/A	-285.38714078055295	C17H16O6	[M + Na]+	DQJNNMOUPBWQJQ	InChI=1S/C17H16O6/c1-21-14-7-13(20)16(22-2)6-12(14)17(8-18)9-23-15-5-10(19)3-4-11(15)17/h3-8,19-20H,9H2,1-2H3	Eryvarin R	COC1=CC(=C(C=C1C2(COC3=C2C=CC(=C3)O)C=O)OC)O	1.79999995	46886696	COCONUT:(CNP0324128);Natural Products:(UNPD187771);PubChem:(46886696);SuperNatural:(SN00234956);PubMed	3178562
178	4	N/A	-285.71307931394443	C17H16O6	[M + Na]+	BVOHQDQPAURBCA	InChI=1S/C17H16O6/c1-8-5-12(22-4)15(18)16-13(8)10-6-9(20-2)7-11(21-3)14(10)17(19)23-16/h5-7,18H,1-4H3	null	CC1=CC(=C(C2=C1C3=C(C(=CC(=C3)OC)OC)C(=O)O2)O)OC	3.0	10686868	COCONUT:(CNP0103688);Natural Products:(UNPD48729);PubChem:(10686868)	2129922
179	4	N/A	-288.5754636972763	C17H16O6	[M + Na]+	RFKCFEOUIAGHTA	InChI=1S/C17H16O6/c1-20-10-7-12(19)15(13(8-10)21-2)14-6-9-4-5-11(18)17(22-3)16(9)23-14/h4-8,18-19H,1-3H3	null	COC1=CC(=C(C(=C1)OC)C2=CC3=C(O2)C(=C(C=C3)O)OC)O	2.96383643	""	COCONUT:(CNP0081325)	2097152
180	4	N/A	-290.0117240774603	C17H16O6	[M + Na]+	PDFTZITXJDVBHO	InChI=1S/C17H16O6/c1-8(18)16-14(9-2-4-10(19)5-3-9)15-12(17(22)23-16)6-11(20)7-13(15)21/h2-8,14,16,18-21H,1H3	1''S-Dihydrophayomphenol A2	CC(C1C(C2=C(C=C(C=C2O)O)C(=O)O1)C3=CC=C(C=C3)O)O	2.0	57402410	COCONUT:(CNP0277520);Natural Products:(UNPD205795);PubChem:(57402410);PubMed	2129986
181	4	N/A	-297.31539001006803	C17H16O6	[M + Na]+	JRNMDVRPGUTXIV	InChI=1S/C17H16O6/c18-11-8-13(20)17(14(21)9-11)12(19)6-10-2-3-15-16(7-10)23-5-1-4-22-15/h2-3,7-9,18,20-21H,1,4-6H2	Oprea1_811629	C1COC2=C(C=C(C=C2)CC(=O)C3=C(C=C(C=C3O)O)O)OC1	2.79999995	764012	COCONUT:(CNP0175166);PubChem:(764012);SuperNatural:(SN00044313);ZINC bio:(ZINC00238479)	3153922
182	4	N/A	-297.8033144169021	C17H16O6	[M + Na]+	JPIDUHLSGGDKPQ	InChI=1S/C17H16O6/c1-20-15-10(5-7-12(19)17(15)22-3)13-8-9-4-6-11(18)16(21-2)14(9)23-13/h4-8,18-19H,1-3H3	Lespeflorin F1	COC1=C(C=CC(=C1OC)O)C2=CC3=C(O2)C(=C(C=C3)O)OC	3.20000005	25242926	COCONUT:(CNP0148162);Natural Products:(UNPD183468);PubChem:(25242926);SuperNatural:(SN00359905);PubMed	3178562
183	4	N/A	-298.0225823554944	C17H16O6	[M + Na]+	IURPCPWDIFQANJ	InChI=1S/C17H16O6/c1-22-13-8-10(4-7-12(13)19)14-15(20)16(23-17(14)21)9-2-5-11(18)6-3-9/h2-8,14-16,18-20H,1H3	null	COC1=C(C=CC(=C1)C2C(C(OC2=O)C3=CC=C(C=C3)O)O)O	1.70000005	101676224	COCONUT:(CNP0201990);Natural Products:(UNPD140103);PubChem:(101676224);SuperNatural:(SN00293947)	3178498
184	4	N/A	-301.91564519021654	C17H16O6	[M + Na]+	MHSHXKLBQAJAKU	InChI=1S/C17H16O6/c1-3-22-16(20)14(17(21)23-4-2)12-9-13(18)15(19)11-8-6-5-7-10(11)12/h5-9,14H,3-4H2,1-2H3	diethyl 2-(3,4-dioxonaphthalen-1-yl)propanedioate	CCOC(=O)C(C1=CC(=O)C(=O)C2=CC=CC=C21)C(=O)OCC	1.70000005	502621	PubChem class - safety and toxic;PubChem:(502621);PubMed	67108930
185	4	N/A	-305.72422438245684	C17H16O6	[M + Na]+	AUDCNNGISXTLAD	InChI=1S/C17H16O6/c1-9-6-14-16(17(19)22-9)11(8-15(18)23-14)10-4-5-12(20-2)13(7-10)21-3/h4-7,11H,8H2,1-3H3	null	CC1=CC2=C(C(CC(=O)O2)C3=CC(=C(C=C3)OC)OC)C(=O)O1	2.0	100002013;100002016;102564862	PubChem:(100002013 100002016 102564862);COCONUT:(CNP0216074)	2097154
186	4	N/A	-307.23365048633303	C17H16O6	[M + Na]+	KXPPYXQFONQADS	InChI=1S/C17H16O6/c1-7-11(18)6-10-14(15(7)19)17(21)13-9(16(10)20)4-8(22-2)5-12(13)23-3/h4-7,15,18-19H,1-3H3	null	CC1C(C2=C(C=C1O)C(=O)C3=C(C2=O)C(=CC(=C3)OC)OC)O	1.43215096	""	COCONUT:(CNP0142378);SuperNatural:(SN00291013)	3145728
187	4	N/A	-308.4177150958635	C17H16O6	[M + Na]+	FVGMLUCHEITLRE	InChI=1S/C17H16O6/c1-8-5-11(19)14-16(23-8)13-10(15(21-3)17(14)22-4)6-9(18)7-12(13)20-2/h5-7,19H,1-4H3	null	CC1=CC(=C2C(=C3C(=CC(=O)C=C3OC)C(=C2OC)OC)O1)O	0.200000003	135885018	COCONUT:(CNP0322216);Natural Products:(UNPD83817);PubChem:(135885018);PubMed	2129986
188	4	N/A	-310.4656279648999	C17H16O6	[M + Na]+	FGESOIUBZYZKLK	InChI=1S/C17H16O6/c1-20-12-7-6-10(18)14(17(12)22-3)13-8-9-4-5-11(19)16(21-2)15(9)23-13/h4-8,18-19H,1-3H3	Lespedezavirgatol	COC1=C(C(=C(C=C1)O)C2=CC3=C(O2)C(=C(C=C3)O)OC)OC	3.20000005	24899156	COCONUT:(CNP0193080);MeSH:(24899156);Natural Products:(UNPD10303);PubChem:(24899156);PubMed	2129990
189	4	N/A	-310.93294104375303	C17H16O6	[M + Na]+	ZOWGLPBEORHEPX	InChI=1S/C17H16O6/c1-22-15-6-10(2-3-13(15)20)16-12(8-19)11-4-9(7-18)5-14(21)17(11)23-16/h2-7,12,16,19-21H,8H2,1H3	Hierochin C	COC1=C(C=CC(=C1)C2C(C3=C(O2)C(=CC(=C3)C=O)O)CO)O	1.29999995	11723269	COCONUT:(CNP0259675);Natural Products:(UNPD136536);PubChem:(11723269);SuperNatural:(SN00229082);PubMed	3178562
190	4	N/A	-318.900429221907	C17H16O6	[M + Na]+	YSYPZDDDDSUFHB	InChI=1S/C17H16O6/c18-12(7-10-1-4-14(20)16(22)8-10)3-6-13(19)11-2-5-15(21)17(23)9-11/h1-2,4-5,8-9,20-23H,3,6-7H2	null	C1=CC(=C(C=C1CC(=O)CCC(=O)C2=CC(=C(C=C2)O)O)O)O	1.82404685	""	COCONUT:(CNP0374462);Natural Products:(UNPD52505);SuperNatural:(SN00235100)	3178496
191	4	N/A	-324.39800909061273	C17H16O6	[M + Na]+	WROCHWGPLQNJBC	InChI=1S/C17H16O6/c1-8(18)9-4-7-12-14(16(9)21)13-10(19)5-6-11(20)15(13)17(2,22-3)23-12/h4-7,19-21H,1-3H3	null	CC(=O)C1=C(C2=C(C=C1)OC(C3=C(C=CC(=C23)O)O)(C)OC)O	2.4000001	9995874	COCONUT:(CNP0372956);Natural Products:(UNPD88475);PubChem:(9995874);SuperNatural:(SN00254620)	3178498
192	4	N/A	-324.4026584133435	C17H16O6	[M + Na]+	SHZOHJDZQPQBSW	InChI=1S/C17H16O6/c1-21-16-13(19)7-12(15(20)17(16)22-2)10-5-9-3-4-11(18)6-14(9)23-8-10/h3-4,6-7,10,18H,5,8H2,1-2H3	Pendulone	COC1=C(C(=O)C(=CC1=O)C2CC3=C(C=C(C=C3)O)OC2)OC	1.79999995	5320464;10403457	COCONUT:(CNP0105607);KNApSAcK:(9742);Natural Products:(UNPD129197 UNPD150585);PubChem:(5320464 10403457);SuperNatural:(SN00039552);ZINC bio:(ZINC59729514);MeSH:(5320464);PubMed	3186774
193	4	N/A	-325.750336458921	C17H16O6	[M + Na]+	SEEMMSLKUOWSNX	InChI=1S/C17H16O6/c18-11-2-1-8(5-12(11)19)17-4-3-15(23-17)16(22)9-6-13(20)14(21)7-10(9)17/h1-2,5-7,15-16,18-22H,3-4H2	null	C1CC2(C3=CC(=C(C=C3C(C1O2)O)O)O)C4=CC(=C(C=C4)O)O	1.4160111	""	COCONUT:(CNP0328387);Natural Products:(UNPD92109);SuperNatural:(SN00358715)	3178496
194	4	N/A	-326.54462356807505	C17H16O6	[M + Na]+	CGSNFYSSVZXFAX	InChI=1S/C17H16O6/c1-9-4-10(15(13(19)5-9)17(21)23-3)6-11-7-12(18)8-14(22-2)16(11)20/h4-5,7-8,19H,6H2,1-3H3	methyl 2-hydroxy-6-[(5-methoxy-3,6-dioxocyclohexa-1,4-dien-1-yl)methyl]-4-methylbenzoate	CC1=CC(=C(C(=C1)O)C(=O)OC)CC2=CC(=O)C=C(C2=O)OC	2.5999999	23642849	COCONUT:(CNP0354556);MeSH:(23642849);PubChem:(23642849);PubMed;CHEBI:(66351)	2097254
195	4	N/A	-328.63258077999546	C17H16O6	[M + Na]+	VXPCVUXQARGBMR	InChI=1S/C17H16O6/c1-9(18)7-11-12(8-14(19)23-3)17(21)15-10(16(11)20)5-4-6-13(15)22-2/h4-6H,7-8H2,1-3H3	null	CC(=O)CC1=C(C(=O)C2=C(C1=O)C=CC=C2OC)CC(=O)OC	1.42766654	""	COCONUT:(CNP0192240);Natural Products:(UNPD203534)	2129920
196	4	N/A	-330.65894233988433	C17H16O6	[M + Na]+	CHQXBZFVCIIBRO	InChI=1S/C17H16O6/c1-9-5-10(18)6-14(22-4)17(9)16(19)15-12(21-3)7-11(20-2)8-13(15)23-17/h5-8H,1-4H3	null	CC1=CC(=O)C=C(C12C(=O)C3=C(O2)C=C(C=C3OC)OC)OC	1.5	91820203;102098475	PubChem:(91820203 102098475);PubMed;Biocyc:(CPD-17800);KEGG Mine;PubChem class - bio and metabolites	8606713922
197	4	N/A	-331.649143323824	C17H16O6	[M + Na]+	INBPFJKSFBNMJS	InChI=1S/C17H16O6/c1-8-4-10-5-11-6-12(21-3)7-13(23-9(2)18)14(11)16(19)15(10)17(20)22-8/h5-8,19H,4H2,1-3H3	null	CC1CC2=CC3=CC(=CC(=C3C(=C2C(=O)O1)O)OC(=O)C)OC	2.89931297	""	COCONUT:(CNP0272176)	2097152
198	4	N/A	-337.5671513894072	C17H16O6	[M + Na]+	OAFSFMBYTFTPBL	InChI=1S/C17H16O6/c1-12(18)22-14-7-8-16(19)23-15(10-14)11-21-17(20)9-13-5-3-2-4-6-13/h2-8,10,15H,9,11H2,1H3	null	CC(=O)OC1=CC(OC(=O)C=C1)COC(=O)CC2=CC=CC=C2	2.3295877	""	COCONUT:(CNP0319813)	2097152
199	4	N/A	-340.506762800805	C17H16O6	[M + Na]+	MJJPDVCYFCKGNZ	InChI=1S/C17H16O6/c1-9-5-13(19)16-15(23-9)6-14-12(17(16)20)4-3-11(8-22-14)7-21-10(2)18/h3,5-6,20H,4,7-8H2,1-2H3	null	CC1=CC(=O)C2=C(C3=C(C=C2O1)OCC(=CC3)COC(=O)C)O	2.35058641	""	COCONUT:(CNP0319551);Natural Products:(UNPD90876)	2129920
200	4	N/A	-341.3460658316846	C17H16O6	[M + Na]+	DOKRMVDLGJSCQD	InChI=1S/C17H16O6/c1-21-12-3-4-13(22-2)17-15(12)16(20)14-10(8-23-17)5-9(7-18)6-11(14)19/h3-6,18-19H,7-8H2,1-2H3	null	COC1=C2C(=C(C=C1)OC)OCC3=C(C2=O)C(=CC(=C3)CO)O	2.20000005	139584131	COCONUT:(CNP0150913);Natural Products:(UNPD214704);PubChem:(139584131)	2129922
201	4	N/A	-342.4136558062978	C17H16O6	[M + Na]+	ZPNCZRGNATWPGL	InChI=1S/C17H16O6/c1-21-14-4-3-9-5-10(8-23-16(9)17(14)22-2)12-6-11(18)7-13(19)15(12)20/h3-4,6-7,10,19H,5,8H2,1-2H3	Astragaluquinone	COC1=C(C2=C(CC(CO2)C3=CC(=O)C=C(C3=O)O)C=C1)OC	1.60000002	73200;3678565	COCONUT:(CNP0175461);KNApSAcK:(19589);Natural Products:(UNPD1443);PubChem:(73200 3678565);SuperNatural:(SN00334948);MeSH:(73200);PubMed	3178582
202	4	N/A	-345.24989177061656	C17H16O6	[M + Na]+	VVALLMRFCRQNSH	InChI=1S/C17H16O6/c1-8(18)9-5-7-12(19)13(14(9)20)10-4-6-11-16(15(10)21)23-17(11,2)22-3/h4-7,19-21H,1-3H3	null	CC(=O)C1=C(C(=C(C=C1)O)C2=C(C3=C(C=C2)C(O3)(C)OC)O)O	2.07926416	""	COCONUT:(CNP0194223);Natural Products:(UNPD196735);SuperNatural:(SN00397652)	3178496
203	4	N/A	-354.8852069909019	C17H16O6	[M + Na]+	VIMZUXAZRCQPHN	InChI=1S/C17H16O6/c18-12-4-3-11(16(20)17(12)21)13(19)8-10-2-5-14-15(9-10)23-7-1-6-22-14/h2-5,9,18,20-21H,1,6-8H2	Oprea1_031969	C1COC2=C(C=C(C=C2)CC(=O)C3=C(C(=C(C=C3)O)O)O)OC1	2.79999995	765920	COCONUT:(CNP0364141);PubChem:(765920);SuperNatural:(SN00044353);PubMed;ZINC bio:(ZINC00241872)	3153986
204	4	N/A	-356.755327158813	C17H16O6	[M + Na]+	YKWUBZBBRYXVKO	InChI=1S/C17H16O6/c18-11-2-1-8(5-12(11)19)17(22)10-7-14(21)13(20)6-9(10)15-3-4-16(17)23-15/h1-2,5-7,15-16,18-22H,3-4H2	null	C1CC2C(C3=CC(=C(C=C3C1O2)O)O)(C4=CC(=C(C=C4)O)O)O	1.10000002	101505236	COCONUT:(CNP0149375);Natural Products:(UNPD182287);PubChem:(101505236);SuperNatural:(SN00398526)	3178498
205	4	N/A	-359.2219701378049	C17H16O6	[M + Na]+	IPKDSLXIMFWSQA	InChI=1S/C17H16O6/c1-8-5-10-14(17(22-4)23-8)16(19)13-11(15(10)18)6-9(20-2)7-12(13)21-3/h5-7,17H,1-4H3	null	CC1=CC2=C(C(O1)OC)C(=O)C3=C(C2=O)C=C(C=C3OC)OC	1.79999995	46848155	COCONUT:(CNP0277739);Natural Products:(UNPD8357);PubChem:(46848155);SuperNatural:(SN00333950)	3178498
206	4	N/A	-363.29502444787335	C17H16O6	[M + Na]+	BCRMQBPKTAFKBY	InChI=1S/C17H16O6/c1-21-15-7-13(19)11(6-14(15)20)10-5-9-3-4-12(18)17(22-2)16(9)23-8-10/h3-4,6-7,10,18H,5,8H2,1-2H3	Mucroquinone	COC1=CC(=O)C(=CC1=O)C2CC3=C(C(=C(C=C3)O)OC)OC2	1.60000002	44257519;101289831	COCONUT:(CNP0199714);KNApSAcK:(9743);Natural Products:(UNPD78257 UNPD104900);PubChem:(44257519 101289831);SuperNatural:(SN00310137 SN00266093)	3178514
207	4	N/A	-368.3226800388624	C17H16O6	[M + Na]+	VSWBKQFFEPLVJX	InChI=1S/C17H16O6/c1-7-13-8(6-12(20)14(7)17(22)23-2)5-9-10(18)3-4-11(19)15(9)16(13)21/h5-6,10,18,20-21H,3-4H2,1-2H3	null	CC1=C(C(=CC2=CC3=C(C(=O)CCC3O)C(=C12)O)O)C(=O)OC	2.79999995	101690775	COCONUT:(CNP0226364);Natural Products:(UNPD128164);PubChem:(101690775);SuperNatural:(SN00338470);MeSH:(101690775);PubMed	3178566
208	4	N/A	-374.77812437152204	C17H16O6	[M + Na]+	FEOYRZYUONWQSO	InChI=1S/C17H16O6/c1-9(2)12(18)8-22-14-10-4-5-13(19)23-16(10)17(20-3)15-11(14)6-7-21-15/h4-7,12,18H,1,8H2,2-3H3	null	CC(=C)C(COC1=C2C=COC2=C(C3=C1C=CC(=O)O3)OC)O	2.9000001	56776189	COCONUT:(CNP0093049 CNP0275618);Natural Products:(UNPD203382);PubChem:(56776189);SuperNatural:(SN00036921 SN00036920);ZINC bio:(ZINC14558104 ZINC14558107);additional;Training Set	3727362
209	4	N/A	-374.77812437152204	C17H16O6	[M + Na]+	UBAMGTKSOKGECF	InChI=1S/C17H16O6/c1-9(2)12(18)8-22-17-15-11(6-7-21-15)14(20-3)10-4-5-13(19)23-16(10)17/h4-7,12,18H,1,8H2,2-3H3	Neobyakangelicol	CC(=C)C(COC1=C2C(=C(C3=C1OC(=O)C=C3)OC)C=CO2)O	2.9000001	616064;92468407;92468408	COCONUT:(CNP0195962 CNP0418387);Natural Products:(UNPD142146);PubChem:(616064 92468407 92468408);SuperNatural:(SN00158936 SN00158935);CHEBI:(80942);additional;KEGG:(C17126);Training Set;PubMed	3719522
210	4	N/A	-374.850900579866	C17H16O6	[M + Na]+	FMEUWIKCSICJBO	InChI=1S/C17H16O6/c1-8-14-11(6-9(23-8)7-13(19)22-2)16(20)10-4-3-5-12(18)15(10)17(14)21/h3-5,8-9,18H,6-7H2,1-2H3	null	CC1C2=C(CC(O1)CC(=O)OC)C(=O)C3=C(C2=O)C(=CC=C3)O	1.60000002	12803367;12803368;11056174;92468089;92468090	COCONUT:(CNP0248083);Natural Products:(UNPD103749);PubChem:(12803367 12803368 11056174 92468089 92468090);SuperNatural:(SN00036955 SN00036956 SN00036954 SN00036957);ZINC bio:(ZINC14612141 ZINC14612142 ZINC14612143 ZINC14612144);additional;Training Set;KEGG Mine	8593661954
211	4	N/A	-382.08244398290066	C17H16O6	[M + Na]+	KMKUKYQGOPARRG	InChI=1S/C17H16O6/c1-10(9-18)5-7-22-17-15-12(6-8-21-15)14(20-2)11-3-4-13(19)23-16(11)17/h3-6,8,18H,7,9H2,1-2H3	null	CC(=CCOC1=C2C(=C(C3=C1OC(=O)C=C3)OC)C=CO2)CO	2.5	91456984;102465417	COCONUT:(CNP0211479);Natural Products:(UNPD204742 UNPD228900 UNPD100521);PubChem:(91456984 102465417);SuperNatural:(SN00251847);PubMed;KEGG Mine	8593113154
212	4	N/A	-390.01636256301185	C17H16O6	[M + Na]+	HMBXOSGHDRHNNU	InChI=1S/C17H16O6/c1-7-13-9(5-11(19)14(7)17(22)23-2)3-8-4-10(18)6-12(20)15(8)16(13)21/h3,5,10,18-19,21H,4,6H2,1-2H3	3,6,9-Trihydroxy-1-methyl-8-oxo-5,6,7,8-tetrahydro	CC1=C(C(=CC2=CC3=C(C(=O)CC(C3)O)C(=C12)O)O)C(=O)OC	2.9000001	7330508;7330509;44631015	COCONUT:(CNP0119088);Natural Products:(UNPD164532);PubChem:(7330508 7330509 44631015);SuperNatural:(SN00361567);ZINC bio:(ZINC04716481 ZINC04716482)	3186690
213	4	N/A	-393.3649606731924	C17H16O6	[M + Na]+	IFYVMQPOJYOIQB	InChI=1S/C17H16O6/c1-17(2)6-5-9-11(23-17)8-12(20-3)14-10(18)7-13(16(19)21-4)22-15(9)14/h5-8H,1-4H3	null	CC1(C=CC2=C3C(=C(C=C2O1)OC)C(=O)C=C(O3)C(=O)OC)C	2.5	15280400	COCONUT:(CNP0111221);Natural Products:(UNPD169927);PubChem:(15280400)	2129922
214	4	N/A	-398.15575192295864	C17H16O6	[M + Na]+	MDZMLCBVLYJYDB	InChI=1S/C17H16O6/c1-9(2)16(22-10(3)18)15(20)14-12(21-4)7-5-11-6-8-13(19)23-17(11)14/h5-8H,1-4H3	null	CC(=C(C(=O)C1=C(C=CC2=C1OC(=O)C=C2)OC)OC(=O)C)C	3.0	14235341	PubChem:(14235341);KNApSAcK:(19971)	18
215	4	N/A	-408.4405395143302	C17H16O6	[M + Na]+	LRCACFVPQQFWKE	InChI=1S/C17H16O6/c18-11-5-10(7-22-8-11)15(20)9-23-16-6-14(19)12-3-1-2-4-13(12)17(16)21/h1-4,6,10-11,18H,5,7-9H2	null	C1C(COCC1O)C(=O)COC2=CC(=O)C3=CC=CC=C3C2=O	0.699999988	134849501	PubChem:(134849501);COCONUT:(CNP0080899)	2097154
216	4	N/A	-408.4554977055287	C17H16O6	[M + Na]+	CKOCCDGTCOMPKL	InChI=1S/C17H16O6/c1-21-11-6-8-4-5-9-10(18)7-12(22-2)15(19)14(9)13(8)17(23-3)16(11)20/h4-6,12,20H,7H2,1-3H3	null	COC1CC(=O)C2=C(C1=O)C3=C(C(=C(C=C3C=C2)OC)O)OC	1.89999998	102196494	MeSH:(102196494);PubChem:(102196494);PubMed	70
217	4	N/A	-411.0735329988085	C17H16O6	[M + Na]+	GYJATVZZLSOXTA	InChI=1S/C17H16O6/c1-9(2)12(18)8-22-17-15-11(6-7-21-15)14(20-3)10-4-5-13(19)23-16(10)17/h4-7,9H,8H2,1-3H3	Isobyakangelicol	CC(C)C(=O)COC1=C2C(=C(C3=C1OC(=O)C=C3)OC)C=CO2	3.0	5318521	COCONUT:(CNP0278474);Natural Products:(UNPD118287);PubChem:(5318521);SuperNatural:(SN00158934);CHEBI:(80792);KEGG:(C16914)	3178786
218	4	N/A	-411.0735329988085	C17H16O6	[M + Na]+	SXMYGNPWZVLTGO	InChI=1S/C17H16O6/c1-9(2)12(18)8-22-14-10-4-5-13(19)23-16(10)17(20-3)15-11(14)6-7-21-15/h4-7,9H,8H2,1-3H3	null	CC(C)C(=O)COC1=C2C=COC2=C(C3=C1C=CC(=O)O3)OC	2.91148639	""	COCONUT:(CNP0227824);Natural Products:(UNPD202750)	2129920
219	4	N/A	-415.6179285934111	C17H16O6	[M + Na]+	OUVOMGWEXGEQMR	InChI=1S/C17H16O6/c18-8-1-3-17(4-2-8)10-6-12(20)11(19)5-9(10)15(22)16-14(17)13(21)7-23-16/h1-6,13-16,19-22H,7H2	3,6,7,9-tetrahydroxyspiro[3,3a,9,9a-tetrahydro-2H-benzo[f][1]benzofuran-4,4''-cyclohexa-2,5-diene]-1''-one	C1C(C2C(O1)C(C3=CC(=C(C=C3C24C=CC(=O)C=C4)O)O)O)O	0.100000001	5247588;101306920	COCONUT:(CNP0325935);Natural Products:(UNPD99006);PubChem:(5247588 101306920);SuperNatural:(SN00338307)	3178498
220	4	N/A	-421.18180797753735	C17H16O6	[M + Na]+	KAOUCQHQSAFJNU	InChI=1S/C17H16O6/c18-10-7-11(8-4-2-1-3-5-8)22-17-13(10)9-6-12(19)23-16(9)14(20)15(17)21/h1-5,9,11,14-16,20-21H,6-7H2	null	C1C2C(C(C(C3=C2C(=O)CC(O3)C4=CC=CC=C4)O)O)OC1=O	-0.5	71712647;71712789	COCONUT:(CNP0245743);Natural Products:(UNPD221352 UNPD223492);PubChem:(71712647 71712789)	2129922
221	4	N/A	-422.80877505630275	C17H16O6	[M + Na]+	PFQXVIDDRHBAAU	InChI=1S/C17H16O6/c1-20-10-6-11-14(8-4-5-21-17(8)22-11)15-13(10)7-2-3-9(18)12(7)16(19)23-15/h6-8,12,17H,2-5H2,1H3	null	COC1=C2C3CCC(=O)C3C(=O)OC2=C4C5CCOC5OC4=C1	1.5	14559597;101988366	NORMAN:(NS00000080);PubChem:(14559597 101988366);KEGG Mine	8590196738
222	4	N/A	-428.2787746063876	C17H16O6	[M + Na]+	PWZCTZXQVMKBEW	InChI=1S/C17H16O6/c1-9(2)16(22-10(3)18)15(20)14-12(21-4)7-5-11-6-8-13(19)23-17(11)14/h5-8,16H,1H2,2-4H3	null	CC(=C)C(C(=O)C1=C(C=CC2=C1OC(=O)C=C2)OC)OC(=O)C	2.57896018	""	COCONUT:(CNP0112627);Natural Products:(UNPD29373);SuperNatural:(SN00400324)	3178496
223	4	N/A	-437.5383765865824	C17H16O6	[M + Na]+	ORBITTMJKIGFNH	InChI=1S/C17H16O6/c1-17(2)11(23-17)8-21-16-14-10(6-7-20-14)13(19-3)9-4-5-12(18)22-15(9)16/h4-7,11H,8H2,1-3H3	Byakangelicol	CC1(C(O1)COC2=C3C(=C(C4=C2OC(=O)C=C4)OC)C=CO3)C	2.5999999	616062;3055167;51520866	SuperNatural:(SN00155583 SN00155584);ZINC bio:(ZINC13380840 ZINC13380841);additional;MeSH:(3055167);PubMed;COCONUT:(CNP0105822 CNP0258699);Natural Products:(UNPD139689 UNPD3905);PubChem:(616062 3055167 51520866);CHEBI:(80800);KEGG:(C16925);PubChem class - safety and toxic;Training Set	70836582
224	4	N/A	-437.5383765865824	C17H16O6	[M + Na]+	XGZCFMXZNDYUAY	InChI=1S/C17H16O6/c1-17(2)11(23-17)8-21-13-9-4-5-12(18)22-15(9)16(19-3)14-10(13)6-7-20-14/h4-7,11H,8H2,1-3H3	4-[(3,3-dimethyloxiran-2-yl)methoxy]-9-methoxyfuro[3,2-g]chromen-7-one	CC1(C(O1)COC2=C3C=COC3=C(C4=C2C=CC(=O)O4)OC)C	2.5999999	21826767	COCONUT:(CNP0149274);Natural Products:(UNPD224169);PubChem:(21826767);KEGG Mine	8592064514
225	4	N/A	-451.63226421354653	C17H16O6	[M + Na]+	AHESTTRONXJSHI	InChI=1S/C17H16O6/c1-7-11(18)6-10-14(15(7)19)17(21)13-9(16(10)20)4-8(22-2)5-12(13)23-3/h4-7,15,19,21H,1-3H3	null	CC1C(C2=C(C3=C(C=C(C=C3C(=O)C2=CC1=O)OC)OC)O)O	1.282372	""	SuperNatural:(SN00291013);Natural Products:(UNPD94007)	1081344
226	4	N/A	-453.71948099546654	C17H16O6	[M + Na]+	KKEVLRBANMERQQ	InChI=1S/C17H16O6/c1-9(2)15(20)17(22-10(3)18)14-12(21-4)7-5-11-6-8-13(19)23-16(11)14/h5-8,17H,1H2,2-4H3	null	CC(=C)C(=O)C(C1=C(C=CC2=C1OC(=O)C=C2)OC)OC(=O)C	2.5	101631668	COCONUT:(CNP0147182);Natural Products:(UNPD154448);PubChem:(101631668);SuperNatural:(SN00312568)	3178498
227	4	N/A	-454.63567402804387	C17H16O6	[M + Na]+	JUFMJFCBUMNBJS	InChI=1S/C17H16O6/c1-17(2,23-19)8-6-10-11-4-5-13(18)22-15(11)16(20-3)14-12(10)7-9-21-14/h4-9,19H,1-3H3	HOO-MBM-furocoumarin	CC(C)(C=CC1=C2C=CC(=O)OC2=C(C3=C1C=CO3)OC)OO	2.70000005	157825;6440682	MeSH:(157825 6440682);PubChem:(157825 6440682);PubMed	70
228	4	N/A	-508.5659612614044	C17H16O6	[M + Na]+	GUHDLXNWTKIBDJ	InChI=1S/C17H16O6/c1-22-15-16(21)7-9-4-12(19)13(20)6-11(9)17(15)3-2-10(18)5-14(17)23-8-16/h2-6,15,19-21H,7-8H2,1H3	Caesalpinj	COC1C2(CC3=CC(=C(C=C3C14C=CC(=O)C=C4OC2)O)O)O	0.5	127260;71452537;131864318;134715158	COCONUT:(CNP0171308);Natural Products:(UNPD153155);PubChem:(127260 71452537 131864318 134715158);SuperNatural:(SN00360952);MeSH:(127260);PubMed	3178566
229	4	N/A	-519.7736458785284	C17H16O6	[M + Na]+	BINPGDKSILOOII	InChI=1S/C17H16O6/c1-17(2,20)12(18)8-11-9-4-5-13(19)23-14(9)10-6-7-22-16(10)15(11)21-3/h4-7,20H,8H2,1-3H3	6-Methoxy-5-(3-hydroxy-2-oxo-3-methyl-butyl)-angelicin	CC(C)(C(=O)CC1=C2C=CC(=O)OC2=C3C=COC3=C1OC)O	1.79999995	637163	COCONUT:(CNP0313413);Natural Products:(UNPD71956);PubChem:(637163);SuperNatural:(SN00247511)	3178498