structureRankPerFormula	formulaRank	ConfidenceScore	CSI:FingerIDScore	molecularFormula	adduct	InChIkey2D	InChI	name	smiles	xlogp	pubchemids	links	dbflags
1	1	0.6617627462495812	-41.02593784944351	C7H15NO2	[M + H]+	JHPNVNIEXXLNTR	InChI=1S/C7H15NO2/c1-8(2,3)6-4-5-7(9)10/h4-6H2,1-3H3/p+1	Actinine	C[N+](C)(C)CCCC(=O)O	0.100000001	134;725;71314461	HMDB:(1161 6831);SuperNatural:(SN00240479 SN00253726);ZINC bio:(ZINC00395560);additional;MeSH:(134 725);Plantcyc:(GAMMA-BUTYROBETAINE);PubMed;COCONUT:(CNP0082937 CNP0083679 CNP0198371);Natural Products:(UNPD67730 UNPD74110);PubChem:(134 725 71314461);CHEBI:(16244 1941);PubChem class - bio and metabolites;KEGG:(C01181);PubChem class - safety and toxic;Training Set;Biocyc:(GAMMA-BUTYROBETAINE)	87746926
2	1	N/A	-99.69312216977445	C7H15NO2	[M + H]+	FMZPWUNPTQDABJ	InChI=1S/C7H15NO2/c1-6(2)3-4-8-5-7(9)10/h6,8H,3-5H2,1-2H3,(H,9,10)	N-(3-Methylbutyl)glycine	CC(C)CCNCC(=O)O	-1.20000005	90201;40561600	MeSH:(90201);PubChem:(90201 40561600);PubMed	70
3	1	N/A	-118.4589684962964	C7H15NO2	[M + H]+	IAXQYBCPMFDMOJ	InChI=1S/C7H15NO2/c1-5(2)3-6(4-8)7(9)10/h5-6H,3-4,8H2,1-2H3,(H,9,10)	Pentanoic acid, 2-(aminomethyl)-4-methyl-	CC(C)CC(CN)C(=O)O	-1.79999995	11355546;19261621;55253004	PubChem:(11355546 19261621 55253004);PubChem class - bio and metabolites	16777218
4	1	N/A	-130.72223408932322	C7H15NO2	[M + H]+	XDOLZJYETYVRKV	InChI=1S/C7H15NO2/c8-6-4-2-1-3-5-7(9)10/h1-6,8H2,(H,9,10)	7-aminoheptanoate	C(CCCN)CCC(=O)O	0.586841702	13580;1551074;21802912;101613816	NORMAN:(NS00039505);PubChem:(13580 1551074 21802912 101613816);ZINC bio:(ZINC01689480);PubChem class - bio and metabolites;MeSH:(13580);PubChem class - safety and toxic;Training Set;PubMed;KEGG Mine	8674107462
5	1	N/A	-134.2624098669915	C7H15NO2	[M + H]+	ZJEZSISCHHJCIO	InChI=1S/C7H15NO2/c1-8(2)6-4-5-7(9)10-3/h4-6H2,1-3H3	Methyl 4-(dimethylamino)butyrate	CN(C)CCCC(=O)OC	0.64936018	210997	COCONUT:(CNP0185464);Natural Products:(UNPD52667);PubChem:(210997);SuperNatural:(SN00397531);ZINC bio:(ZINC03619369);PubChem class - safety and toxic	70295554
6	1	N/A	-136.36312301086463	C7H15NO2	[M + H]+	HYYFSIISRIDZPM	InChI=1S/C7H15NO2/c1-5(2)6(8)3-4-7(9)10/h5-6H,3-4,8H2,1-2H3,(H,9,10)	Hexanoic acid, 4-amino-5-methyl-	CC(C)C(CCC(=O)O)N	-1.70000005	13082299;33698470;33698471;33698476;33698477	PubChem:(13082299 33698470 33698471 33698476 33698477);PubChem class - bio and metabolites	16777218
7	1	N/A	-142.30873320590058	C7H15NO2	[M + H]+	MLYMSIKVLAPCAK	InChI=1S/C7H15NO2/c1-5(2)3-6(8)4-7(9)10/h5-6H,3-4,8H2,1-2H3,(H,9,10)	AmbotzHAA8520	CC(C)CC(CC(=O)O)N	-1.70000005	2733735;2761525;6934241;6934242;6934243;22459246;52940098	COCONUT:(CNP0415809);PubChem:(2733735 2761525 6934241 6934242 6934243 22459246 52940098);additional;PubChem class - bio and metabolites;PubChem class - safety and toxic;Training Set;PubMed;Biocyc:(CPD-13259)	86526018
8	1	N/A	-143.6100087284565	C7H15NO2	[M + H]+	YUTPPOMETNXNNX	InChI=1S/C7H15NO2/c1-3-4-6(8)5(2)7(9)10/h5-6H,3-4,8H2,1-2H3,(H,9,10)	null	CCCC(C(C)C(=O)O)N	-1.60000002	10855603;10986370;11094755;11137299;53378307;55285219;130925880	MeSH:(53378307);PubChem:(10855603 10986370 11094755 11137299 53378307 55285219 130925880);PubMed	70
9	1	N/A	-146.43277539748723	C7H15NO2	[M + H]+	XJODGRWDFZVTKW	InChI=1S/C7H15NO2/c1-5(2)4-6(8-3)7(9)10/h5-6,8H,4H2,1-3H3,(H,9,10)	AmbotzHAA1210	CC(C)CC(C(=O)O)NC	-1.20000005	567743;2777993;6932358;6951122;6951123;21583267;54472919;53468069;76974436;129689102	SuperNatural:(SN00242678);ZINC bio:(ZINC00160405 ZINC00403026);additional;PubMed;COCONUT:(CNP0299896);Natural Products:(UNPD55813);PubChem:(567743 2777993 6932358 6951122 6951123 21583267 54472919 53468069 76974436 129689102);YMDB Mine;CHEBI:(43983);PubChem class - bio and metabolites;EcoCyc Mine;KEGG Mine	60150030434
10	1	N/A	-147.81124302172003	C7H15NO2	[M + H]+	FMUMEWVNYMUECA	InChI=1S/C7H15NO2/c1-5(2)3-4-6(8)7(9)10/h5-6H,3-4,8H2,1-2H3,(H,9,10)	AmbotzHAA1507	CC(C)CCC(C(=O)O)N	0.652162135	94817;220783;36689988;40537120;40537121;129844226	NORMAN:(NS00029187);COCONUT:(CNP0116555);Natural Products:(UNPD40503);PubChem:(94817 220783 36689988 40537120 40537121 129844226);ZINC bio:(ZINC01672985 ZINC05453817);PubChem class - bio and metabolites	19177474
11	1	N/A	-153.1248513582614	C7H15NO2	[M + H]+	JHEDYGILOIBOTL	InChI=1S/C7H15NO2/c1-3-5(2)6(8)4-7(9)10/h5-6H,3-4,8H2,1-2H3,(H,9,10)	AmbotzHAA8650	CCC(C)C(CC(=O)O)N	-1.70000005	2761521;2764414;6934248;14648023;16211048;40475756;40475757;40475758;53486165;55291306	COCONUT:(CNP0415773);PubChem:(2761521 2764414 6934248 14648023 16211048 40475756 40475757 40475758 53486165 55291306);PubMed;additional;PubChem class - bio and metabolites	19398722
12	1	N/A	-170.1612124244387	C7H15NO2	[M + H]+	UNAHOIFQEOHOMU	InChI=1S/C7H15NO2/c1-6(5-8(3)4)10-7(2)9/h6H,5H2,1-4H3	1-(dimethylamino)propan-2-yl acetate	CC(CN(C)C)OC(=O)C	0.600000024	253127;25021567;41097413	PubChem class - safety and toxic;PubChem:(253127 25021567 41097413);KEGG Mine	8657043458
13	1	N/A	-171.88467122100363	C7H15NO2	[M + H]+	KWSUGULOZFMUDH	InChI=1S/C7H15NO2/c1-3-4-5(2)6(8)7(9)10/h5-6H,3-4,8H2,1-2H3,(H,9,10)	beta-Methylnorleucine	CCCC(C)C(C(=O)O)N	0.652162135	521918;168760;17753371;23647964;23647965;54017692;89219681;89334080;92446818	COCONUT:(CNP0381888);Natural Products:(UNPD85700 UNPD77842);PubChem:(521918 168760 17753371 23647964 23647965 54017692 89219681 89334080 92446818);SuperNatural:(SN00336931 SN00285732);ZINC bio:(ZINC05841418 ZINC13355117 ZINC13355121 ZINC13355125);MeSH:(168760 521918 54017692);PubChem class - safety and toxic;PubMed	70295622
14	1	N/A	-172.25272235024207	C7H15NO2	[M + H]+	ARSWQPLPYROOBG	InChI=1S/C7H15NO2/c1-5(2)4-7(3,8)6(9)10/h5H,4,8H2,1-3H3,(H,9,10)	AmbotzHAA5400	CC(C)CC(C)(C(=O)O)N	-1.5	95515;446181;6951130;6951131;6951132;91369738;102060141	NORMAN:(NS00041502);COCONUT:(CNP0100238);PubChem:(95515 446181 6951130 6951131 6951132 91369738 102060141);PubChem class - bio and metabolites;PubChem class - safety and toxic;PubMed	86245442
15	1	N/A	-173.9570732391123	C7H15NO2	[M + H]+	FPDYKABXINADKS	InChI=1S/C7H15NO2/c1-3-4-5-6(8-2)7(9)10/h6,8H,3-5H2,1-2H3,(H,9,10)	L-Norleucine, N-methyl-	CCCCC(C(=O)O)NC	-1.10000002	7010350;7010351;15677253;15677254;21613204	COCONUT:(CNP0058018);PubChem:(7010350 7010351 15677253 15677254 21613204);YMDB Mine;ZINC bio:(ZINC02389619);PubChem class - bio and metabolites;EcoCyc Mine;KEGG Mine	60148424706
16	1	N/A	-175.5227313521562	C7H15NO2	[M + H]+	MBZXSJWDBIIBLL	InChI=1S/C7H15NO2/c1-3-5(2)4-6(8)7(9)10/h5-6H,3-4,8H2,1-2H3,(H,9,10)	Homoisoleucine	CCC(C)CC(C(=O)O)N	0.652162135	520755;192784;12016925;12016928;12016932;12612089;12612090;78991983;118099677	COCONUT:(CNP0257538);Natural Products:(UNPD71421);PubChem:(520755 192784 12016925 12016928 12016932 12612089 12612090 78991983 118099677);SuperNatural:(SN00337752);ZINC bio:(ZINC02530007 ZINC03650962 ZINC13355129 ZINC13355133);MeSH:(192784 520755);PubMed	3186758
17	1	N/A	-176.33706028358878	C7H15NO2	[M + H]+	DIOYEFVIHLBWJX	InChI=1S/C7H15NO2/c1-3-8(4-2)6-5-7(9)10/h3-6H2,1-2H3,(H,9,10)	n,n-diethyl-|A-alanine	CCN(CC)CCC(=O)O	-1.79999995	247454;6951312;20647930;23143990	NORMAN:(NS00051561);PubChem:(247454 6951312 20647930 23143990);PubMed	262210
18	1	N/A	-178.0390782741816	C7H15NO2	[M + H]+	QHRMEJWWMGUKAM	InChI=1S/C7H15NO2/c1-4-8-6(5(2)3)7(9)10/h5-6,8H,4H2,1-3H3,(H,9,10)	L-Valine, N-ethyl-	CCNC(C(C)C)C(=O)O	-1.20000005	10729971;22341011;51537274	PubChem:(10729971 22341011 51537274);PubMed;ZINC bio:(ZINC14827249 ZINC14827251);PubChem class - bio and metabolites	16785474
19	1	N/A	-180.32837586079927	C7H15NO2	[M + H]+	KSPIYJQBLVDRRI	InChI=1S/C7H15NO2/c1-4-5(2)6(8-3)7(9)10/h5-6,8H,4H2,1-3H3,(H,9,10)	AmbotzHAA6920	CCC(C)C(C(=O)O)NC	0.922460198	560437;5288628;6932958;14252410;14252411;23255076;40475365;40475366;40475367;53468071;73947528;101808466;126626987	SuperNatural:(SN00001225 SN00001222 SN00001223 SN00001224);ZINC bio:(ZINC00163149 ZINC00163151 ZINC00163154 ZINC00163157);additional;MeSH:(560437);PubMed;COCONUT:(CNP0218334);Natural Products:(UNPD173818);PubChem:(560437 5288628 6932958 14252410 14252411 23255076 40475365 40475366 40475367 53468071 73947528 101808466 126626987);YMDB Mine;CHEBI:(43312 64350);PubChem class - bio and metabolites;EcoCyc Mine;Training Set;KEGG Mine	60150046822
20	1	N/A	-186.40234988321222	C7H15NO2	[M + H]+	LKZQHZQXROBVOO	InChI=1S/C7H15NO2/c1-3-4-5-7(2,8)6(9)10/h3-5,8H2,1-2H3,(H,9,10)	D-Norleucine, 2-methyl-	CCCCC(C)(C(=O)O)N	-1.39999998	5105431;10510975;10953650;131871123	PubChem:(5105431 10510975 10953650 131871123);PubChem class - bio and metabolites	16777218
21	1	N/A	-187.31421672329918	C7H15NO2	[M + H]+	UVSPBAFXKQMDBG	InChI=1S/C7H15NO2/c1-4-7(9)10-6-5-8(2)3/h4-6H2,1-3H3	2-dimethylaminoethyl propanoate	CCC(=O)OCCN(C)C	0.600000024	96643;59110824	PubChem:(96643 59110824);NORMAN:(NS00028600)	262146
22	1	N/A	-187.76593097594568	C7H15NO2	[M + H]+	FUENJGFCFZKXBX	InChI=1S/C7H15NO2/c1-2-3-4-6(8)5-7(9)10/h6H,2-5,8H2,1H3,(H,9,10)	3-aminoheptanoic acid	CCCCC(CC(=O)O)N	-1.60000002	1778754;1778753;1778757;1778758;3709202	COCONUT:(CNP0106474);PubChem:(1778754 1778753 1778757 1778758 3709202);SuperNatural:(SN00059134 SN00059133);ZINC bio:(ZINC02124044 ZINC02124046)	3153922
23	1	N/A	-188.2850835026909	C7H15NO2	[M + H]+	RTSZVAMHOHOBIK	InChI=1S/C7H15NO2/c1-2-3-6(8)4-5-7(9)10/h6H,2-5,8H2,1H3,(H,9,10)	4-aminoheptanoic acid	CCCC(CCC(=O)O)N	-1.79999995	1747633;1747634;1747635;1747636;3437629	COCONUT:(CNP0360374);PubChem:(1747633 1747634 1747635 1747636 3437629);SuperNatural:(SN00051972 SN00051973);ZINC bio:(ZINC02090487 ZINC02090489)	3153922
24	1	N/A	-189.49707807214335	C7H15NO2	[M + H]+	RVCOTGICKJVIOX	InChI=1S/C7H15NO2/c1-8(2)3-7(4-9)5-10-6-7/h9H,3-6H2,1-2H3	null	CN(C)CC1(COC1)CO	-0.699999988	53442025	PubChem:(53442025);PubChem class - safety and toxic	67108866
25	1	N/A	-192.6207847382871	C7H15NO2	[M + H]+	IZMJWGJGVGRWBW	InChI=1S/C7H15NO2/c1-4-10-7(9)5-6-8(2)3/h4-6H2,1-3H3	ethyl 3-(dimethylamino)propanoate	CCOC(=O)CCN(C)C	0.5	88372;6994449	NORMAN:(NS00050107);PubChem class - safety and toxic;PubChem:(88372 6994449)	67371010
26	1	N/A	-192.81820585160256	C7H15NO2	[M + H]+	DDLJXUCYCFDNCA	InChI=1S/C7H15NO2/c1-6(5-8(2)3)7(9)10-4/h6H,5H2,1-4H3	methyl 3-(dimethylamino)-2-methylpropanoate	CC(CN(C)C)C(=O)OC	0.699999988	112023;7018328;7018329;7057979;7057980	NORMAN:(NS00044596);PubChem class - safety and toxic;PubChem:(112023 7018328 7018329 7057979 7057980)	67371010
27	1	N/A	-195.575168722462	C7H15NO2	[M + H]+	HVMSMEQCUAFJRQ	InChI=1S/C7H16NO2/c1-5-10-7(9)6-8(2,3)4/h5-6H2,1-4H3/q+1	(2-ethoxy-2-oxoethyl)-trimethylazanium	CCOC(=O)C[N+](C)(C)C	0.600000024	76422	NORMAN:(NS00047794);PubChem:(76422);PubMed	262210
28	1	N/A	-197.17942117933424	C7H15NO2	[M + H]+	OIPILFWXSMYKGL	InChI=1S/C7H16NO2/c1-7(9)10-6-5-8(2,3)4/h5-6H2,1-4H3/q+1	Azetylcholin	CC(=O)OCC[N+](C)(C)C	0.200000003	187;13913319;14985660;45038080;51037454;90472117;90472137;129849605;131701025;134163525	HMDB:(895);SuperNatural:(SN00003347);ZINC bio:(ZINC03079336);additional;MeSH:(187);Plantcyc:(ACETYLCHOLINE);PubMed;NORMAN:(NS00002053);COCONUT:(CNP0076831 CNP0089155 CNP0404487);Natural Products:(UNPD178395);PubChem:(187 13913319 14985660 45038080 51037454 90472117 90472137 129849605 131701025 134163525);CHEBI:(15355);PubChem class - bio and metabolites;KEGG:(C01996);PubChem class - safety and toxic;Training Set;PubChem class - drug;Biocyc:(ACETYLCHOLINE)	121563502
29	1	N/A	-199.40512484630761	C7H15NO2	[M + H]+	CNRWEHBBGLCEHG	InChI=1S/C7H15NO2/c1-3-8-6-5-7(9)10-4-2/h8H,3-6H2,1-2H3	ethyl n-ethyl-|A-alaninate	CCNCCC(=O)OCC	0.400000006	90223	PubChem:(90223);NORMAN:(NS00050728)	262146
30	1	N/A	-199.8951402598371	C7H15NO2	[M + H]+	RDFMDVXONNIGBC	InChI=1S/C7H15NO2/c1-2-3-4-5-6(8)7(9)10/h6H,2-5,8H2,1H3,(H,9,10)	N-amylglycine	CCCCCC(C(=O)O)N	0.871733844	227939;5312964;5312965;22471971;36688496;38988840;59943034	COCONUT:(CNP0193634);HMDB:(94649);Natural Products:(UNPD11156 UNPD12902);PubChem:(227939 5312964 5312965 22471971 36688496 38988840 59943034);SuperNatural:(SN00358175 SN00330781);CHEBI:(73738 133223 64304 40682);ZINC bio:(ZINC01570970 ZINC02035160);PubChem class - bio and metabolites;PubMed;KEGG Mine	8609898602
31	1	N/A	-200.04630074782543	C7H15NO2	[M + H]+	RSPOGBIHKNKRFJ	InChI=1S/C7H15NO2/c1-4-5(2)7(3,8)6(9)10/h5H,4,8H2,1-3H3,(H,9,10)	L-Isoleucine, 2-methyl-	CCC(C)C(C)(C(=O)O)N	-1.5	15817888;15817889;22875554;45086628;45086629;45086630;138504088	MeSH:(15817888);PubChem:(15817888 15817889 22875554 45086628 45086629 45086630 138504088);PubMed	70
32	1	N/A	-200.5034537174472	C7H15NO2	[M + H]+	JJUSZJBGNONFQT	InChI=1S/C7H15NO2/c1-3-5-8-6-7(9)10-4-2/h8H,3-6H2,1-2H3	ethyl 2-(propylamino)acetate	CCCNCC(=O)OCC	1.0	13454968	PubChem:(13454968);PubChem class - safety and toxic	67108866
33	1	N/A	-203.03508331242588	C7H15NO2	[M + H]+	YAXQOLYGKLGQKA	InChI=1S/C7H15NO2/c1-7(9)6-8-2-4-10-5-3-8/h7,9H,2-6H2,1H3	4-Morphlineethanol;	CC(CN1CCOCC1)O	-0.400000006	97957;6950691;6950692;6950693;6950694	NORMAN:(NS00045621);PubChem class - safety and toxic;PubChem:(97957 6950691 6950692 6950693 6950694)	67371010
34	1	N/A	-203.0859255871924	C7H15NO2	[M + H]+	LBGMPMJSIJSELV	InChI=1S/C7H15NO2/c1-3-5-7(8,4-2)6(9)10/h3-5,8H2,1-2H3,(H,9,10)	Norvaline, 2-ethyl-	CCCC(CC)(C(=O)O)N	-1.39999998	412834;10012036;11240557	PubChem:(412834 10012036 11240557);MeSH:(412834)	6
35	1	N/A	-203.64494661129757	C7H15NO2	[M + H]+	VZKSLWJLGAGPIU	InChI=1S/C7H15NO2/c9-5-1-2-8-3-6-10-7-4-8/h9H,1-7H2	3-Morpholinopropanol	C1COCCN1CCCO	-0.400000006	199576;20824975;40418579;59596026;87564429	EcoCyc Mine;PubChem class - safety and toxic;PubChem:(199576 20824975 40418579 59596026 87564429);PubMed;KEGG Mine	25836912706
36	1	N/A	-203.96052101663966	C7H15NO2	[M + H]+	LPBSHGLDBQBSPI	InChI=1S/C7H15NO2/c1-7(2,3)4-5(8)6(9)10/h5H,4,8H2,1-3H3,(H,9,10)	AmbotzHAA8620	CC(C)(C)CC(C(=O)O)N	-1.29999995	194032;351627;6950506;6950507;6950508	NORMAN:(NS00033667);PubChem:(194032 351627 6950506 6950507 6950508);PubChem class - bio and metabolites;MeSH:(194032 351627);Training Set;PubMed	17055814
37	1	N/A	-204.2203469200604	C7H15NO2	[M + H]+	VFEDCKXLINRKLV	InChI=1S/C7H15NO2/c1-4(2)5(3)6(8)7(9)10/h4-6H,8H2,1-3H3,(H,9,10)	4-methylisoleucine	CC(C)C(C)C(C(=O)O)N	0.432590425	272725;23647966;23647967;23647968;54388819;59720716;87077258;87919550;92162323	PubChem:(272725 23647966 23647967 23647968 54388819 59720716 87077258 87919550 92162323);PubChem class - safety and toxic	67108866
38	1	N/A	-204.22564263307422	C7H15NO2	[M + H]+	AQIFZAKDNFZWND	InChI=1S/C7H15NO2/c1-4-7(2,3)5(8)6(9)10/h5H,4,8H2,1-3H3,(H,9,10)	L-b-Methylisoleucine	CCC(C)(C)C(C(=O)O)N	0.496473104	15042684;23615384;124356148	MeSH:(23615384);PubChem:(15042684 23615384 124356148);PubMed;PubChem class - bio and metabolites	16777286
39	1	N/A	-205.00635731640645	C7H15NO2	[M + H]+	PBEPRRARHQGPBD	InChI=1S/C7H15NO2/c8-3-7(4-9)6-1-2-10-5-6/h6-7,9H,1-5,8H2	null	C1COCC1C(CN)CO	-0.899999976	84071976;99798776;99798777;99798778;99798779	PubChem:(84071976 99798776 99798777 99798778 99798779);PubChem class - safety and toxic	67108866
40	1	N/A	-206.68693191104737	C7H15NO2	[M + H]+	FHHONAJFFKMUQV	InChI=1S/C7H16NO2/c1-8(2,3)6-5-7(9)10-4/h5-6H2,1-4H3/q+1	19075-27-5 (iodide)	C[N+](C)(C)CCC(=O)OC	0.100000001	27989	MeSH:(27989);PubChem:(27989);PubMed;KEGG Mine	8589934662
41	1	N/A	-213.7274720871689	C7H15NO2	[M + H]+	ZJXHVYSDMUKUCA	InChI=1S/C7H15NO2/c1-7(2,3)10-6(9)4-5-8/h4-5,8H2,1-3H3	tert-butyl beta-alaninate	CC(C)(C)OC(=O)CCN	0.100000001	4192171;6951044;117064729	NORMAN:(NS00015191);PubChem class - safety and toxic;PubChem:(4192171 6951044 117064729);PubMed	67371074
42	1	N/A	-214.39911910271638	C7H15NO2	[M + H]+	MIMSUZKTGRXZNZ	InChI=1S/C7H15NO2/c1-7(2,3)5(8)4-6(9)10/h5H,4,8H2,1-3H3,(H,9,10)	DL-3-t-Butyl-?alanine	CC(C)(C)C(CC(=O)O)N	-1.70000005	2733733;7010079;7010080;7157339;7157340	PubChem class - safety and toxic;PubChem:(2733733 7010079 7010080 7157339 7157340);PubMed	67108930
43	1	N/A	-214.44164634442023	C7H15NO2	[M + H]+	HXRWAYUYJONGKT	InChI=1S/C7H15NO2/c9-5-3-8-2-1-6-10-7-4-8/h9H,1-7H2	null	C1CN(CCOC1)CCO	-0.400000006	62972738	PubChem:(62972738);PubChem class - safety and toxic	67108866
44	1	N/A	-217.1450561351845	C7H15NO2	[M + H]+	KMNCMJBGDUZKRM	InChI=1S/C7H15NO2/c1-8-3-5-10-7(6-8)2-4-9/h7,9H,2-6H2,1H3	Ambcb4021656	CN1CCOC(C1)CCO	-0.400000006	21302848;28064329;28064331	PubChem:(21302848 28064329 28064331);PubChem class - safety and toxic	67108866
45	1	N/A	-218.09975419415375	C7H15NO2	[M + H]+	ZAYJKJNSENNBGW	InChI=1S/C7H15NO2/c1-2-3-8(4-6-9)5-7-10/h2,9-10H,1,3-7H2	Oprea1_621367	C=CCN(CCO)CCO	-0.5	41439	PubChem:(41439);PubChem class - safety and toxic	67108866
46	1	N/A	-220.81020747301187	C7H15NO2	[M + H]+	DOILPQLHDAWKCZ	InChI=1S/C7H15NO2/c9-6-5-8-3-1-7(10)2-4-8/h7,9-10H,1-6H2	4-Hydroxy-1-piperidineethanol	C1CN(CCC1O)CCO	-0.600000024	14799468	PubChem:(14799468);PubChem class - safety and toxic	67108866
47	1	N/A	-222.54723300937255	C7H15NO2	[M + H]+	HJPHIJVSRJVAGC	InChI=1S/C7H16NO2/c1-8(2,3)4-7-5-9-6-10-7/h7H,4-6H2,1-3H3/q+1	1,3-dioxolan-4-ylmethyl(trimethyl)azanium	C[N+](C)(C)CC1COCO1	-0.100000001	10940;76957824;76957826	PubChem:(10940 76957824 76957826);CHEBI:(134770)	34
48	1	N/A	-223.01606148027523	C7H15NO2	[M + H]+	MFPZRSWYUKWRIQ	InChI=1S/C7H15NO2/c9-6-7(10)5-8-3-1-2-4-8/h7,9-10H,1-6H2	Oprea1_156486	C1CCN(C1)CC(CO)O	-0.600000024	643468;174452;854174;6951375;6951376;59513234	NORMAN:(NS00064003);PubChem class - safety and toxic;PubChem:(643468 174452 854174 6951375 6951376 59513234);PubMed	67371074
49	1	N/A	-224.68369352883732	C7H15NO2	[M + H]+	SQYQLVLQENRRCF	InChI=1S/C7H15NO2/c1-3-4-5-6-7(9)8(2)10/h10H,3-6H2,1-2H3	N-hydroxy-N-methylhexanamide	CCCCCC(=O)N(C)O	1.10000002	128286	MeSH:(128286);PubChem:(128286);PubMed;KEGG Mine	8589934662
50	1	N/A	-225.3276629918807	C7H15NO2	[M + H]+	JAEQOSKUYPMJAT	InChI=1S/C7H15NO2/c1-9-5-2-8-3-6-10-7-4-8/h2-7H2,1H3	4-(2-Methoxyethyl)morpholine	COCCN1CCOCC1	-0.300000012	82460	NORMAN:(NS00023120);PubChem class - safety and toxic;PubChem:(82460)	67371010
51	1	N/A	-225.99260460906078	C7H15NO2	[M + H]+	MYKMOIQAHCMLIR	InChI=1S/C7H15NO2/c1-7(2,3)10-6(9)5-8-4/h8H,5H2,1-4H3	tert-butyl 2-(methylamino)acetate	CC(C)(C)OC(=O)CNC	0.699999988	5069406;7408241;121408719	PubChem class - safety and toxic;PubChem:(5069406 7408241 121408719);PubMed	67108930
52	1	N/A	-226.83280158750415	C7H15NO2	[M + H]+	YJYOZGVMEGKXIU	InChI=1S/C7H15NO2/c1-6-3-8-4-7(10-6)5-9-2/h6-8H,3-5H2,1-2H3	null	CC1CNCC(O1)COC	-0.200000003	63929596;67358458;89419617;95252380;95252381;95252382	PubChem:(63929596 67358458 89419617 95252380 95252381 95252382);PubChem class - safety and toxic	67108866
53	1	N/A	-228.12734108009255	C7H15NO2	[M + H]+	PETFZPRPCAYEAH	InChI=1S/C7H15NO2/c9-5-1-2-6-7(10)3-4-8-6/h6-10H,1-5H2	null	C1CNC(C1O)CCCO	-0.600000024	55299052;76225238;101461242	COCONUT:(CNP0068200);Natural Products:(UNPD39350);PubChem:(55299052 76225238 101461242);SuperNatural:(SN00303118)	3178498
54	1	N/A	-230.41829506963344	C7H15NO2	[M + H]+	AOMORPLAHSIXNB	InChI=1S/C7H15NO2/c1-6(9)3-8-4-7(2)10-5-8/h6-7,9H,3-5H2,1-2H3	5,alpha-Dimethyloxazolidine-3-ethanol	CC1CN(CO1)CC(C)O	0.200000003	89540	PubChem:(89540);NORMAN:(NS00050024)	262146
55	1	N/A	-231.49880133025889	C7H15NO2	[M + H]+	LQLCVBWKNBEZHW	InChI=1S/C7H15NO2/c1-3-4-7(10)8-6(2)5-9/h6,9H,3-5H2,1-2H3,(H,8,10)	null	CCCC(=O)NC(C)CO	0.100000001	28345692;39086712;43418952	PubChem:(28345692 39086712 43418952);PubChem class - bio and metabolites	16777218
56	1	N/A	-236.83674186552656	C7H15NO2	[M + H]+	BQBKYSPXQYHTIP	InChI=1S/C7H15NO2/c1-3-5-6-8-7(9)10-4-2/h3-6H2,1-2H3,(H,8,9)	Butylurethan	CCCCNC(=O)OCC	1.60000002	11577	NORMAN:(NS00034100);PubChem class - safety and toxic;PubChem:(11577)	67371010
57	1	N/A	-237.2599867586132	C7H15NO2	[M + H]+	HCFOWLOXUNBPHO	InChI=1S/C7H15NO2/c1-8(2)6-4-3-5-10-7(6)9/h6-7,9H,3-5H2,1-2H3	3-(dimethylamino)oxan-2-ol	CN(C)C1CCCOC1O	0.100000001	3043122	PubChem:(3043122);PubChem class - safety and toxic	67108866
58	1	N/A	-239.16620564967056	C7H15NO2	[M + H]+	DHCISEVTZIPVQJ	InChI=1S/C7H15NO2/c1-10-5-4-8-3-2-7(9)6-8/h7,9H,2-6H2,1H3	null	COCCN1CCC(C1)O	-0.400000006	10606879;55135411;67965892	PubChem:(10606879 55135411 67965892);PubChem class - safety and toxic	67108866
59	1	N/A	-240.43368847453064	C7H15NO2	[M + H]+	OTDAUCSBBYTJHP	InChI=1S/C7H15NO2/c1-4-7(10)5(2)8-6(3)9/h5,7,10H,4H2,1-3H3,(H,8,9)	N-(3-hydroxypentan-2-yl)acetamide	CCC(C(C)NC(=O)C)O	0.200000003	21719900;55301755;55301756	COCONUT:(CNP0201392);Natural Products:(UNPD129892 UNPD168724);PubChem:(21719900 55301755 55301756);SuperNatural:(SN00290670 SN00323375)	3178498
60	1	N/A	-241.54952208498668	C7H15NO2	[M + H]+	QVDXUKJJGUSGLS	InChI=1S/C7H15NO2/c1-5(2)4-6(8)7(9)10-3/h5-6H,4,8H2,1-3H3	AmbotzHAA1031	CC(C)CC(C(=O)OC)N	0.899999976	65105;89967;2305644;2305645;410817;10080545;11171053;11183023;21582776;23278398;25240467	SuperNatural:(SN00103587);ZINC bio:(ZINC03132486 ZINC03132487 ZINC54954737 ZINC54954739);additional;MeSH:(65105);PubMed;NORMAN:(NS00037685);COCONUT:(CNP0396242);PubChem:(65105 89967 2305644 2305645 410817 10080545 11171053 11183023 21582776 23278398 25240467);YMDB Mine;CHEBI:(44075);PubChem class - bio and metabolites;EcoCyc Mine;KEGG Mine	60150259814
61	1	N/A	-243.23446545073963	C7H15NO2	[M + H]+	FMSBYPRMFTZLFH	InChI=1S/C7H15NO2/c9-5-7(6-10)1-3-8-4-2-7/h8-10H,1-6H2	Ambcb4034795	C1CNCCC1(CO)CO	-1.0	51072186	PubChem:(51072186);PubChem class - safety and toxic	67108866
62	1	N/A	-243.58451904904516	C7H15NO2	[M + H]+	UZONFOPDCXAZND	InChI=1S/C7H15NO2/c1-2-3-4-5-6-7-8(9)10/h2-7H2,1H3	1-Nitroheptane	CCCCCCC[N+](=O)[O-]	2.81337786	69659	COCONUT:(CNP0246035);HMDB:(13811);PubChem:(69659);CHEBI:(89173)	2097194
63	1	N/A	-245.49835444659698	C7H15NO2	[M + H]+	JVACWTVDJZDLLF	InChI=1S/C7H15NO2/c1-7(2)9-4-3-6(5-8)10-7/h6H,3-5,8H2,1-2H3	1,3-Dioxane-4-methanamine,2,2-dimethyl-, (S)-	CC1(OCCC(O1)CN)C	-0.100000001	40428780;53421120;55250329	PubChem:(40428780 53421120 55250329);PubChem class - safety and toxic	67108866
64	1	N/A	-247.14626052522462	C7H15NO2	[M + H]+	XRAQFAXRTAWZCA	InChI=1S/C7H15NO2/c9-5-7(10)6-3-1-2-4-8-6/h6-10H,1-5H2	1, 1-(2-piperidyl)-	C1CCNC(C1)C(CO)O	-0.600000024	98184;10920641;14208379;36688362;36688364;130721335	PubChem:(98184 10920641 14208379 36688362 36688364 130721335);PubChem class - safety and toxic	67108866
65	1	N/A	-251.08285680729102	C7H15NO2	[M + H]+	GPRXBRDKYYXGEU	InChI=1S/C7H15NO2/c1-7(6-9)8-2-4-10-5-3-8/h7,9H,2-6H2,1H3	2-Morpholinopropan-1-ol	CC(CO)N1CCOCC1	-0.400000006	10986371;51673813;51673814	PubChem:(10986371 51673813 51673814);PubChem class - safety and toxic	67108866
66	1	N/A	-251.15497507492645	C7H15NO2	[M + H]+	YAQPZDICKJDHTR	InChI=1S/C7H15NO2/c1-2-3-4-5-6-8-7(9)10/h8H,2-6H2,1H3,(H,9,10)	N-hexylcarbamate	CCCCCCNC(=O)O	2.0	14741611;22401087	PubChem:(14741611 22401087);PubMed;PubChem class - bio and metabolites	16777282
67	1	N/A	-253.74760461128858	C7H15NO2	[M + H]+	DPBOUPADTRCCIH	InChI=1S/C7H15NO2/c1-3-5-6(8)7(9)10-4-2/h6H,3-5,8H2,1-2H3	Norvaline, ethyl ester	CCCC(C(=O)OCC)N	0.899999976	551577;10080526;11819183;51656368;74600516	NORMAN:(NS00040891);PubChem:(551577 10080526 11819183 51656368 74600516);KEGG Mine	8590196738
68	1	N/A	-256.7750972316031	C7H15NO2	[M + H]+	BCMOEKZVKFIWCA	InChI=1S/C7H15NO2/c1-9-7(10-2)8-5-3-4-6-8/h7H,3-6H2,1-2H3	Pyrrolidine, 1-(dimethoxymethyl)-	COC(N1CCCC1)OC	0.699999988	13127072	PubChem class - safety and toxic;PubChem:(13127072);PubMed	67108930
69	1	N/A	-257.3712340944675	C7H15NO2	[M + H]+	RJSZFSOFYVMDIC	InChI=1S/C7H15NO2/c1-7(2,3)10-6(9)8(4)5/h1-5H3	tert-butyl N,N-dimethylcarbamate	CC(C)(C)OC(=O)N(C)C	1.10000002	312724	PubChem:(312724);PubChem class - safety and toxic	67108866
70	1	N/A	-259.80881919130655	C7H15NO2	[M + H]+	GULLVQJUKZYLCY	InChI=1S/C7H16NO2/c1-8(2)4-5-10-7(6-8)9-3/h7H,4-6H2,1-3H3/q+1	null	C[N+]1(CCOC(C1)OC)C	-0.100000001	85641293	PubChem:(85641293);COCONUT:(CNP0353530)	2097154
71	1	N/A	-260.5858754784275	C7H15NO2	[M + H]+	VAIHBHWKPBXNLR	InChI=1S/C7H15NO2/c9-5-6-10-7-1-3-8-4-2-7/h7-9H,1-6H2	Ethanol, 2-(4-piperidinyloxy)-	C1CNCCC1OCCO	-0.5	20295332	PubChem:(20295332);PubChem class - safety and toxic	67108866
72	1	N/A	-261.6548844394359	C7H15NO2	[M + H]+	TVZNFYXAPXOARC	InChI=1S/C7H15NO2/c1-3-4-5-6(8)7(9)10-2/h6H,3-5,8H2,1-2H3	AmbotzHAA6370	CCCCC(C(=O)OC)N	1.0	559296;7016108;7016107;7018839;7018840	PubChem:(559296 7016108 7016107 7018839 7018840);YMDB Mine;ZINC bio:(ZINC02522663 ZINC02555113 ZINC55157322 ZINC55157323);additional;PubChem class - bio and metabolites;EcoCyc Mine;PubMed;KEGG Mine	60146851906
73	1	N/A	-262.68794737715154	C7H15NO2	[M + H]+	BQIVJVAZDJHDJF	InChI=1S/C7H15NO2/c1-4-10-7(9)6(8)5(2)3/h5-6H,4,8H2,1-3H3	AmbotzHAA7520	CCOC(=O)C(C(C)C)N	0.899999976	519419;87182;6932863;6951543;6951544;77906370	NORMAN:(NS00025785);PubChem:(519419 87182 6932863 6951543 6951544 77906370);PubMed;ZINC bio:(ZINC00162644 ZINC00407036)	270402
74	1	N/A	-270.09836502658146	C7H15NO2	[M + H]+	QVKUOJBUQFHIAE	InChI=1S/C7H15NO2/c1-3-9-7-6-8(2)4-5-10-7/h7H,3-6H2,1-2H3	null	CCOC1CN(CCO1)C	0.300000012	70115438	PubChem:(70115438);COCONUT:(CNP0000083)	2097154
75	1	N/A	-271.085146837527	C7H15NO2	[M + H]+	YLZLHVWLTRZOJH	InChI=1S/C7H15NO2/c1-4-8(5-2)6-7(9)10-3/h4-6H2,1-3H3	methyl n,n-diethylglycinate	CCN(CC)CC(=O)OC	0.899999976	559451	PubChem class - safety and toxic;PubChem:(559451);KEGG Mine	8657043458
76	1	N/A	-272.49256193304177	C7H15NO2	[M + H]+	PKNNPRVGISCRDL	InChI=1S/C7H15NO2/c1-2-3-4-7-10-8-5-6-9/h6,8H,2-5,7H2,1H3	2-(pentoxyamino)acetaldehyde	CCCCCONCC=O	1.20000005	4472507	PubChem:(4472507);PubChem class - bio and metabolites	16777218
77	1	N/A	-274.97117934879657	C7H15NO2	[M + H]+	FWOCXCSATKSLAA	InChI=1S/C7H15NO2/c1-4-8(7(2)9)5-6-10-3/h4-6H2,1-3H3	N-Ethyl-N-(2-methoxyethyl)acetamide	CCN(CCOC)C(=O)C	-0.100000001	23885	PubChem:(23885);PubChem class - safety and toxic	67108866
78	1	N/A	-275.0752851561989	C7H15NO2	[M + H]+	TZHVYFBSLOMRCU	InChI=1S/C7H15NO2/c1-5(8)6(9)10-7(2,3)4/h5H,8H2,1-4H3	AmbotzHAA5640	CC(C(=O)OC(C)(C)C)N	0.600000024	89016;4351123;7359211;7359212;6951348;55288569	NORMAN:(NS00026939);PubChem:(89016 4351123 7359211 7359212 6951348 55288569);PubMed;ZINC bio:(ZINC00404666 ZINC04787585 ZINC55157329 ZINC55343138)	270402
79	1	N/A	-276.1009991084726	C7H15NO2	[M + H]+	ONHQQEBZVXXMRC	InChI=1S/C7H15NO2/c1-9-7(10-2)3-5-8-6-4-7/h8H,3-6H2,1-2H3	4,4-Dimethoxypiperidine	COC1(CCNCC1)OC	0.0	557469	PubChem class - safety and toxic;PubChem:(557469);ZINC bio:(ZINC14658072)	67117058
80	1	N/A	-279.31635464923426	C7H15NO2	[M + H]+	LFPWYJSVIAKMQV	InChI=1S/C7H15NO2/c9-5-7(6-10)3-1-2-4-8-7/h8-10H,1-6H2	null	C1CCNC(C1)(CO)CO	-0.800000012	131519392	PubChem:(131519392);PubChem class - safety and toxic	67108866
81	1	N/A	-279.68695546324784	C7H15NO2	[M + H]+	YXMMTUJDQTVJEN	InChI=1S/C7H15NO2/c1-4-5(2)6(8)7(9)10-3/h5-6H,4,8H2,1-3H3	methyl isoleucinate	CCC(C)C(C(=O)OC)N	0.612677932	75735;437686;7063207;7063208;7063209;7063210;6931623;6950462;6950463;12890354;12989137;11116188;23278399;88055666	SuperNatural:(SN00103591);ZINC bio:(ZINC54969026);additional;MeSH:(75735);PubMed;NORMAN:(NS00046151);COCONUT:(CNP0385653);PubChem:(75735 437686 7063207 7063208 7063209 7063210 6931623 6950462 6950463 12890354 12989137 11116188 23278399 88055666);YMDB Mine;PubChem class - bio and metabolites;EcoCyc Mine;Training Set;KEGG Mine	60150276166
82	1	N/A	-294.03179342718704	C7H15NO2	[M + H]+	OYBIEHUKFOTBGD	InChI=1S/C7H15NO2/c1-5(2)6(8-3)7(9)10-4/h5-6,8H,1-4H3	AmbotzHAA1110	CC(C)C(C(=O)OC)NC	1.10000002	7020232;7020233;13819426;13819427;21583270	COCONUT:(CNP0088244);EcoCyc Mine;PubChem:(7020232 7020233 13819426 13819427 21583270);PubMed	17181966402
83	1	N/A	-297.81942385796265	C7H15NO2	[M + H]+	VAJCYQHLYBTSHG	InChI=1S/C7H15NO2/c1-4-8(5-2)7(9)10-6-3/h4-6H2,1-3H3	Diethyl urethane	CCN(CC)C(=O)OCC	1.48551416	19083	NORMAN:(NS00029871);PubChem class - safety and toxic;PubChem:(19083)	67371010
84	1	N/A	-307.27532891250723	C7H15NO2	[M + H]+	QLMPWDWLVIWORW	InChI=1S/C7H15NO2/c1-2-3-4-5-6-7(9)8-10/h10H,2-6H2,1H3,(H,8,9)	N-Hydroxyheptanamide	CCCCCCC(=O)NO	1.5	207653	PubChem:(207653);PubChem class - safety and toxic	67108866
85	1	N/A	-311.7121080691857	C7H15NO2	[M + H]+	HRFPFWMWWNVACI	InChI=1S/C7H15NO2/c1-4-8(5-2)6-10-7(3)9/h4-6H2,1-3H3	diethylaminomethyl acetate	CCN(CC)COC(=O)C	1.0	16256	PubChem:(16256);PubChem class - safety and toxic	67108866
86	1	N/A	-316.35805239921206	C7H15NO2	[M + H]+	DOBPAXBDQAYQMF	InChI=1S/C7H15NO2/c1-7(2,3)4-5-10-6(8)9/h4-5H2,1-3H3,(H2,8,9)	3,3-dimethylbutyl carbamate	CC(C)(C)CCOC(=O)N	1.42662036	18400	PubChem class - safety and toxic;PubChem:(18400);PubMed	67108930
87	1	N/A	-326.8192904233763	C7H15NO2	[M + H]+	SLWGJZPKHAXZQL	InChI=1S/C7H15NO2/c1-4-7(3,5-2)10-6(8)9/h4-5H2,1-3H3,(H2,8,9)	Nuncital	CCC(C)(CC)OC(=O)N	1.59684098	6526	NORMAN:(NS00037982);PubChem:(6526);CHEBI:(134769);ZINC bio:(ZINC00001350);MeSH:(6526);PubChem class - safety and toxic;PubMed	67379302
88	1	N/A	-330.6357198280631	C7H15NO2	[M + H]+	WCYLIGGIKNKWQX	InChI=1S/C7H15NO2/c1-7(2,3)5(8)6(9)10-4/h5H,8H2,1-4H3	methylaminodimethylbutanoate	CC(C)(C)C(C(=O)OC)N	1.0	3831185;11309583;40532482	COCONUT:(CNP0202809);Natural Products:(UNPD181001);PubChem:(3831185 11309583 40532482);SuperNatural:(SN00296129);ZINC bio:(ZINC00391147 ZINC05383744);PubChem class - safety and toxic	70295554
89	1	N/A	-338.59377739236766	C7H15NO2	[M + H]+	FPAGVRGNEOLJQY	InChI=1S/C7H15NO2/c1-4-7(2,3)5-10-6(8)9/h4-5H2,1-3H3,(H2,8,9)	2,2-dimethylbutyl carbamate	CCC(C)(C)COC(=O)N	1.60000002	18402	PubChem:(18402);PubChem class - safety and toxic	67108866
1	1	N/A	-194.3741233828108	C7H17NO3	[M - H2O + H]+	OKUWOEKJQRUMBW	InChI=1S/C7H17NO3/c1-9-4-5-11-7-6-10-3-2-8/h2-8H2,1H3	AmbotzPEG1151	COCCOCCOCCN	-1.09503388	3018531;59628213	NORMAN:(NS00059699);PubChem:(3018531 59628213);PubMed	262210
2	1	N/A	-201.47849992303384	C7H17NO3	[M - H2O + H]+	DCZMLYRQHBZWLZ	InChI=1S/C7H17NO3/c8-2-1-4-10-6-7-11-5-3-9/h9H,1-8H2	Polyglycolamine	C(CN)COCCOCCO	-1.05554974	66985	NORMAN:(NS00008113);PubChem class - safety and toxic;PubChem:(66985)	67371010
3	1	N/A	-211.3922776150493	C7H17NO3	[M - H2O + H]+	BIHLHMHULOMJLI	InChI=1S/C7H17NO3/c9-5-1-2-8(3-6-10)4-7-11/h9-11H,1-7H2	3-[bis(2-hydroxyethyl)amino]propan-1-ol	C(CN(CCO)CCO)CO	-1.39999998	3034149	PubChem:(3034149);NORMAN:(NS00031715)	262146
4	1	N/A	-211.97053718000387	C7H17NO3	[M - H2O + H]+	BWVGWYGBCIARRP	InChI=1S/C7H17NO3/c1-2-3-8-7(4-9,5-10)6-11/h8-11H,2-6H2,1H3	2-(hydroxymethyl)-2-(propylamino)propane-1,3-diol	CCCNC(CO)(CO)CO	-1.5	15991582	PubChem:(15991582);PubChem class - bio and metabolites	16777218
5	1	N/A	-215.83950838276394	C7H17NO3	[M - H2O + H]+	GKODZWOPPOTFGA	InChI=1S/C7H17NO3/c8-7(1-4-9,2-5-10)3-6-11/h9-11H,1-6,8H2	3-amino-3-(2-hydroxyethyl)pentane-1,5-diol	C(CO)C(CCO)(CCO)N	-1.79999995	448009;22480641	NORMAN:(NS00049557);COCONUT:(CNP0064894);PubChem:(448009 22480641);PubMed;PubChem class - bio and metabolites	19136578
6	1	N/A	-226.11389915436513	C7H17NO3	[M - H2O + H]+	ZFECCYLNALETDE	InChI=1S/C7H17NO3/c1-7(11)6-8(2-4-9)3-5-10/h7,9-11H,2-6H2,1H3	1-[Bis(2-hydroxyethyl)amino]-2-propanol	CC(CN(CCO)CCO)O	-1.39999998	97712;6951551;6951552;6951550;6951553	NORMAN:(NS00008401);PubChem class - safety and toxic;PubChem:(97712 6951551 6951552 6951550 6951553);PubMed	67371074
7	1	N/A	-243.90410302467242	C7H17NO3	[M - H2O + H]+	LRPLRCNAFFDJHA	InChI=1S/C7H17NO3/c1-9-6(5-8)4-7(10-2)11-3/h6-7H,4-5,8H2,1-3H3	null	COC(CC(OC)OC)CN	-0.600000024	57412438;97290069;97290068	MeSH:(57412438);PubChem:(57412438 97290069 97290068);PubMed	70
8	1	N/A	-251.44202749095697	C7H17NO3	[M - H2O + H]+	FVJLCPJDDAGIJE	InChI=1S/C7H18NO3/c1-8(2-5-9,3-6-10)4-7-11/h9-11H,2-7H2,1H3/q+1	tris(2-hydroxyethyl)-methylazanium	C[N+](CCO)(CCO)CCO	-1.79999995	23438	NORMAN:(NS00037002);PubChem:(23438);PubMed	262210
9	1	N/A	-281.98564624292226	C7H17NO3	[M - H2O + H]+	DHFGYXVVIQTUSZ	InChI=1S/C7H17NO3/c1-8(2-4-9)3-6-11-7-5-10/h9-10H,2-7H2,1H3	2-[2-(2-hydroxyethoxy)ethyl-methylamino]ethanol	CN(CCO)CCOCCO	-1.29999995	109756	PubChem:(109756);PubChem class - safety and toxic	67108866
10	1	N/A	-291.7655661481133	C7H17NO3	[M - H2O + H]+	IEJMBASWSQWHLP	InChI=1S/C7H18NO3/c1-7(9,10)11-6-5-8(2,3)4/h9-10H,5-6H2,1-4H3/q+1	2-(1,1-dihydroxyethoxy)ethyl-trimethylazanium	CC(O)(O)OCC[N+](C)(C)C	-0.800000012	449292	PubChem:(449292);PubChem class - bio and metabolites	16777218