structureRankPerFormula	formulaRank	ConfidenceScore	CSI:FingerIDScore	molecularFormula	adduct	InChIkey2D	InChI	name	smiles	xlogp	pubchemids	links	dbflags
1	1	N/A	-271.3740691696416	C25H20O9	[M + H]+	OYFVDHDIURCUPX	InChI=1S/C25H20O9/c1-31-18-8-13(4-7-15(18)28)24-21(11-26)34-25-20(33-24)10-19-22(23(25)30)16(29)9-17(32-19)12-2-5-14(27)6-3-12/h2-10,21,24,26-28,30H,11H2,1H3	null	COC1=C(C=CC(=C1)C2C(OC3=C(O2)C=C4C(=C3O)C(=O)C=C(O4)C5=CC=C(C=C5)O)CO)O	3.29999995	15071173;15071174	COCONUT:(CNP0407838);Natural Products:(UNPD83809);PubChem:(15071173 15071174);SuperNatural:(SN00309319)	3178498
2	1	N/A	-279.5839419052108	C25H20O9	[M + H]+	OJUFMXZXXZASBJ	InChI=1S/C25H20O9/c1-31-19-8-13(4-7-15(19)28)23-21(11-26)34-24-20(33-23)10-17(30)22-16(29)9-18(32-25(22)24)12-2-5-14(27)6-3-12/h2-10,21,23,26-28,30H,11H2,1H3	Scutellaprostin B	COC1=C(C=CC(=C1)C2C(OC3=C(O2)C=C(C4=C3OC(=CC4=O)C5=CC=C(C=C5)O)O)CO)O	3.29999995	372739;3319278;101598839	COCONUT:(CNP0204411);Natural Products:(UNPD166245);PubChem:(372739 3319278 101598839);SuperNatural:(SN00243823)	3178498
3	1	N/A	-288.7543513028879	C25H20O9	[M + H]+	GFENFUMHFBPKMO	InChI=1S/C25H20O9/c1-32-21-6-11(2-3-16(21)28)24-15(10-26)14-4-12(5-19(31)25(14)34-24)20-9-18(30)23-17(29)7-13(27)8-22(23)33-20/h2-9,15,24,26-29,31H,10H2,1H3	5,7-dihydroxy-2-[(2S,3R)-7-hydroxy-2-(4-hydroxy-3-methoxyphenyl)-3-(hydroxymethyl)-2,3-dihydro-1-benzofuran-5-yl]chromen-4-one	COC1=C(C=CC(=C1)C2C(C3=C(O2)C(=CC(=C3)C4=CC(=O)C5=C(C=C(C=C5O4)O)O)O)CO)O	2.9000001	21723006;71438425	COCONUT:(CNP0188642);KNApSAcK:(20610);Natural Products:(UNPD103777);PubChem:(21723006 71438425);SuperNatural:(SN00285675);PubMed	3178578
4	1	N/A	-297.1656525255709	C25H20O9	[M + H]+	NMICSFNNFDNGEL	InChI=1S/C25H20O9/c1-31-20-7-13(2-4-15(20)28)25-23(11-26)33-21-6-12(3-5-18(21)34-25)19-10-17(30)24-16(29)8-14(27)9-22(24)32-19/h2-10,23,25-29H,11H2,1H3	(-)-hydnocarpin	COC1=C(C=CC(=C1)C2C(OC3=C(O2)C=CC(=C3)C4=CC(=O)C5=C(C=C(C=C5O4)O)O)CO)O	3.29999995	5489114;11213425;44582381	COCONUT:(CNP0307818 CNP0420519);KNApSAcK:(20608);Natural Products:(UNPD73960 UNPD134821);PubChem:(5489114 11213425 44582381);SuperNatural:(SN00158637 SN00158636);MeSH:(5489114);PubMed;KEGG Mine	8593113174
5	1	N/A	-297.1656525255709	C25H20O9	[M + H]+	ZYWKQKQEAVWKHD	InChI=1S/C25H20O9/c1-31-20-7-13(2-4-15(20)28)25-23(11-26)32-18-5-3-12(6-21(18)34-25)19-10-17(30)24-16(29)8-14(27)9-22(24)33-19/h2-10,23,25-29H,11H2,1H3	Hydnocarpin D	COC1=C(C=CC(=C1)C2C(OC3=C(O2)C=C(C=C3)C4=CC(=O)C5=C(C=C(C=C5O4)O)O)CO)O	3.29999995	10389701;11431204;101821047	COCONUT:(CNP0161101 CNP0288837);Natural Products:(UNPD158169);PubChem:(10389701 11431204 101821047);SuperNatural:(SN00158638);PubMed	3178562
6	1	N/A	-308.5637844479343	C25H20O9	[M + H]+	PBZGZJNINPMVID	InChI=1S/C25H20O9/c1-4-31-25(28)23-21(14-7-10-17(29-2)20(12-14)30-3)22(26)16-9-8-15(13-19(16)34-23)33-24(27)18-6-5-11-32-18/h5-13H,4H2,1-3H3	3-(3,4-dimethoxyphenyl)-2-(ethoxycarbonyl)-4-oxochromen-7-yl furan-2-carboxyla te	CCOC(=O)C1=C(C(=O)C2=C(O1)C=C(C=C2)OC(=O)C3=CC=CO3)C4=CC(=C(C=C4)OC)OC	4.4000001	1305635	COCONUT:(CNP0248847);PubChem:(1305635);SuperNatural:(SN00049210);ZINC bio:(ZINC01130490)	3153922
7	1	N/A	-315.8853036399693	C25H20O9	[M + H]+	SDJYPLYGBCMOGL	InChI=1S/C25H20O9/c1-13(26)8-20(29)17(9-15-4-7-19(28)22(31)11-15)24-23(32)12-16(34-25(24)33)5-2-14-3-6-18(27)21(30)10-14/h2-12,27-32H,1H3	null	CC(=O)C=C(C(=CC1=CC(=C(C=C1)O)O)C2=C(C=C(OC2=O)C=CC3=CC(=C(C=C3)O)O)O)O	3.5999999	54726789	COCONUT:(CNP0132255);Natural Products:(UNPD164833);PubChem:(54726789);PubMed	2129986
8	1	N/A	-316.95307989589855	C25H20O9	[M + H]+	HNIYZPOKRGNVEA	InChI=1S/C25H20O9/c1-10-4-13(7-16(20(10)26)23(29)30)19(14-5-11(2)21(27)17(8-14)24(31)32)15-6-12(3)22(28)18(9-15)25(33)34/h4-9,26-27H,1-3H3,(H,29,30)(H,31,32)(H,33,34)	Chromoxane Violet R	CC1=CC(=CC(=C1O)C(=O)O)C(=C2C=C(C(=O)C(=C2)C(=O)O)C)C3=CC(=C(C(=C3)C)O)C(=O)O	5.4000001	263071	NORMAN:(NS00058352);MeSH:(263071);PubChem:(263071);PubMed	262214
9	1	N/A	-319.9319978439711	C25H20O9	[M + H]+	KZAXJDDGQNNFSI	InChI=1S/C25H20O9/c1-31-20-6-13(18-10-17(30)23-16(29)8-15(28)9-19(23)32-18)7-21-25(20)34-22(11-26)24(33-21)12-2-4-14(27)5-3-12/h2-10,22,24,26-29H,11H2,1H3	null	COC1=CC(=CC2=C1OC(C(O2)C3=CC=C(C=C3)O)CO)C4=CC(=O)C5=C(C=C(C=C5O4)O)O	3.0241375	""	COCONUT:(CNP0071079 CNP0097057);SuperNatural:(SN00163602)	3145728
10	1	N/A	-320.3588148441049	C25H20O9	[M + H]+	ZHEIBRWXIBOUFZ	InChI=1S/C25H20O9/c1-12(26)8-21-23-22(25(32)34-24(23)14-4-7-17(28)19(30)10-14)20(31)11-15(33-21)5-2-13-3-6-16(27)18(29)9-13/h2-11,23-24,27-31H,1H3	1H,3H-Furo(3,4-c)oxepin-1-one, 3-(3,4-dihydroxyphenyl)-6-(2-(3,4-dihydroxyphenyl)ethenyl)-3a,4-dihydro-8-hydroxy-4-(2-oxopropylidene)-	CC(=O)C=C1C2C(OC(=O)C2=C(C=C(O1)C=CC3=CC(=C(C=C3)O)O)O)C4=CC(=C(C=C4)O)O	2.79999995	54711171;76181415	COCONUT:(CNP0129849);Natural Products:(UNPD57905 UNPD207765);PubChem:(54711171 76181415)	2129922
11	1	N/A	-322.24372808440916	C25H20O9	[M + H]+	UFLZNHIKURDSFS	InChI=1S/C25H20O9/c1-32-20-6-11(2-4-15(20)28)25-14(10-26)22-18(34-25)5-3-13(24(22)31)19-9-17(30)23-16(29)7-12(27)8-21(23)33-19/h2-9,14,25-29,31H,10H2,1H3	null	COC1=C(C=CC(=C1)C2C(C3=C(O2)C=CC(=C3O)C4=CC(=O)C5=C(C=C(C=C5O4)O)O)CO)O	2.9000001	53309357	COCONUT:(CNP0134203);Natural Products:(UNPD25475);PubChem:(53309357)	2129922
12	1	N/A	-329.23575880920737	C25H20O9	[M + H]+	KYFXISLAEBFZFO	InChI=1S/C25H20O9/c1-12-8-20(30)22(24(33-12)14-4-7-17(27)19(29)10-14)23-21(31)11-15(34-25(23)32)5-2-13-3-6-16(26)18(28)9-13/h2-11,22,24,26-29,31H,1H3	null	CC1=CC(=O)C(C(O1)C2=CC(=C(C=C2)O)O)C3=C(C=C(OC3=O)C=CC4=CC(=C(C=C4)O)O)O	2.5999999	54715402	COCONUT:(CNP0307693);Natural Products:(UNPD96377);PubChem:(54715402);SuperNatural:(SN00278916);MeSH:(54715402);PubMed	3178566
13	1	N/A	-351.87016017128104	C25H20O9	[M + H]+	ATENMZAKVUILJJ	InChI=1S/C25H20O9/c1-33-19(30)10-14(12-5-3-2-4-6-12)20-17(28)11-18(29)21-22(31)23(32)24(34-25(20)21)13-7-8-15(26)16(27)9-13/h2-9,11,14,26-29,32H,10H2,1H3	null	COC(=O)CC(C1=CC=CC=C1)C2=C(C=C(C3=C2OC(=C(C3=O)O)C4=CC(=C(C=C4)O)O)O)O	3.70000005	71825717;97425535;97425536	PubChem:(71825717 97425535 97425536);COCONUT:(CNP0402805)	2097154
14	1	N/A	-355.7139767600597	C25H20O9	[M + H]+	MCRVZPRPURVHDS	InChI=1S/C25H20O9/c1-8(26)10-4-5-12(29)15-17-19-18(22(31)23(32)21(17)30)16-13(7-6-11(28)14(16)9(2)27)34-24(19)25(3,33)20(10)15/h4-7,24,28-33H,1-3H3	null	CC(=O)C1=C2C(=C(C=C1)O)C3=C4C(C2(C)O)OC5=C(C4=C(C(=C3O)O)O)C(=C(C=C5)O)C(=O)C	2.0	89460154	COCONUT:(CNP0182878);Natural Products:(UNPD202896);PubChem:(89460154)	2129922
15	1	N/A	-376.06864771536027	C25H20O9	[M + H]+	KQRVYPVRZSAZBB	InChI=1S/C25H20O9/c1-33-19-4-10(2-3-15(19)28)21-14(9-26)12-7-16(29)17(30)8-13(12)25-23(21)24(32)22-18(31)5-11(27)6-20(22)34-25/h2-8,14,21,26-31H,9H2,1H3	null	COC1=C(C=CC(=C1)C2C(C3=CC(=C(C=C3C4=C2C(=O)C5=C(C=C(C=C5O4)O)O)O)O)CO)O	2.79999995	44576021	COCONUT:(CNP0175997);Natural Products:(UNPD195918);PubChem:(44576021);SuperNatural:(SN00296847);PubMed	3178562
16	1	N/A	-384.89441422189276	C25H20O9	[M + H]+	MDUXUIQALBEIGB	InChI=1S/C25H20O9/c1-33-19-4-10(2-3-15(19)28)21-12-7-16(29)17(30)8-13(12)25-22(14(21)9-26)24(32)23-18(31)5-11(27)6-20(23)34-25/h2-8,14,21,26-31H,9H2,1H3	(5S,6S)-2,3,8,10-tetrahydroxy-5-(4-hydroxy-3-methoxyphenyl)-6-(hydroxymethyl)-5,6-dihydrobenzo[c]xanthen-7-one	COC1=C(C=CC(=C1)C2C(C3=C(C4=CC(=C(C=C24)O)O)OC5=CC(=CC(=C5C3=O)O)O)CO)O	2.79999995	5487008;21723009	COCONUT:(CNP0325592);Natural Products:(UNPD88343);PubChem:(5487008 21723009);SuperNatural:(SN00302519);MeSH:(5487008);PubMed	3178566
1	1	0.1552546875871683	-70.44022202637758	C25H22O10	[M - H2O + H]+	SEBFKMXJBCUCAI	InChI=1S/C25H22O10/c1-32-17-6-11(2-4-14(17)28)24-20(10-26)33-16-5-3-12(7-18(16)34-24)25-23(31)22(30)21-15(29)8-13(27)9-19(21)35-25/h2-9,20,23-29,31H,10H2,1H3	Flavobin	COC1=C(C=CC(=C1)C2C(OC3=C(O2)C=C(C=C3)C4C(C(=O)C5=C(C=C(C=C5O4)O)O)O)CO)O	2.4000001	5213;31553;1548994;1549163;187901;313326;3086637;5748849;7073226;7073227;7073228;6320507;6604604;6610285;6995499;6999760;12442777;9956892;11994508;16211710;24086320;24832061;38988805;40768299;40428694;44147684;45933924;67120657;71752198;102328121;124304713;130287825;129852421;133554171;135020967	HMDB:(30583);PubChem class - food;SuperNatural:(SN00002712 SN00002711 SN00156864 SN00002568 SN00336556 SN00373498 SN00074859 SN00002713);ZINC bio:(ZINC01757652 ZINC02033588 ZINC02033589 ZINC02033590 ZINC02566164 ZINC03831448 ZINC03831449 ZINC05339605 ZINC08552019);additional;MeSH:(5213 31553 1548994 6610285 7073228);PubMed;NORMAN:(NS00008723);COCONUT:(CNP0143722);KNApSAcK:(1003);Natural Products:(UNPD91139 UNPD29963 UNPD104114 UNPD170860 UNPD14773);PubChem:(5213 31553 1548994 1549163 187901 313326 3086637 5748849 7073226 7073227 7073228 6320507 6604604 6610285 6995499 6999760 12442777 9956892 11994508 16211710 24086320 24832061 38988805 40768299 40428694 44147684 45933924 67120657 71752198 102328121 124304713 130287825 129852421 133554171 135020967);CHEBI:(125451 9144);PubChem class - bio and metabolites;KEGG:(C07610);PubChem class - safety and toxic;Training Set;PubChem class - drug	255648126
2	1	N/A	-70.44022202637758	C25H22O10	[M - H2O + H]+	FDQAOULAVFHKBX	InChI=1S/C25H22O10/c1-32-17-6-11(2-4-14(17)28)24-20(10-26)33-18-7-12(3-5-16(18)34-24)25-23(31)22(30)21-15(29)8-13(27)9-19(21)35-25/h2-9,20,23-29,31H,10H2,1H3	Isosilybin	COC1=C(C=CC(=C1)C2C(OC3=C(O2)C=CC(=C3)C4C(C(=O)C5=C(C=C(C=C5O4)O)O)O)CO)O	2.4000001	3085830;10885340;11059920;17752494;18604928;21723007;26339686;26339689;26339691;26339692;27506341;27506342;40429053;45039613;45358153;70020111;98047181;98047182;98142315;97289467;122551418;131632597;131705145	HMDB:(33322);SuperNatural:(SN00302475 SN00338626 SN00155198 SN00155203 SN00155197 SN00375384 SN00155204 SN00253076);ZINC bio:(ZINC14984516 ZINC14984519 ZINC17044428 ZINC17044430 ZINC30731533 ZINC70466449 ZINC70466451);additional;MeSH:(3085830 10885340 11059920 21723007 40429053 45039613 97289467 131632597);PubMed;COCONUT:(CNP0423206);KNApSAcK:(8662);Natural Products:(UNPD1192 UNPD34731 UNPD56008 UNPD58848 UNPD36425);PubChem:(3085830 10885340 11059920 17752494 18604928 21723007 26339686 26339689 26339691 26339692 27506341 27506342 40429053 45039613 45358153 70020111 98047181 98047182 98142315 97289467 122551418 131632597 131705145);CHEBI:(80744);PubChem class - bio and metabolites;KEGG:(C16808);PubChem class - safety and toxic;Training Set	87613822
3	1	N/A	-80.94571361447309	C25H22O10	[M - H2O + H]+	IIWKLAHNKXXKAJ	InChI=1S/C25H22O10/c1-32-16-4-2-11(6-14(16)28)24-20(10-26)33-18-7-12(3-5-17(18)34-24)25-23(31)22(30)21-15(29)8-13(27)9-19(21)35-25/h2-9,20,23-29,31H,10H2,1H3	Isosilibinin A	COC1=C(C=C(C=C1)C2C(OC3=C(O2)C=CC(=C3)C4C(C(=O)C5=C(C=C(C=C5O4)O)O)O)CO)O	2.4000001	46186856;46186857	COCONUT:(CNP0086476);PubChem:(46186856 46186857);PubMed	2097218
4	1	N/A	-80.94571361447309	C25H22O10	[M - H2O + H]+	KDMGQPNVTKUNHV	InChI=1S/C25H22O10/c1-32-16-4-2-11(6-14(16)28)24-20(10-26)33-17-5-3-12(7-18(17)34-24)25-23(31)22(30)21-15(29)8-13(27)9-19(21)35-25/h2-9,20,23-29,31H,10H2,1H3	null	COC1=C(C=C(C=C1)C2C(OC3=C(O2)C=C(C=C3)C4C(C(=O)C5=C(C=C(C=C5O4)O)O)O)CO)O	2.4000001	67120654	COCONUT:(CNP0422413);Natural Products:(UNPD90982);PubChem:(67120654);SuperNatural:(SN00333612)	3178498
5	1	N/A	-87.3032488486203	C25H22O10	[M - H2O + H]+	OZUNHAWIRUDPHS	InChI=1S/C25H22O10/c1-32-15-5-12(4-13(27)7-15)24-20(10-26)33-18-6-11(2-3-17(18)34-24)25-23(31)22(30)21-16(29)8-14(28)9-19(21)35-25/h2-9,20,23-29,31H,10H2,1H3	null	COC1=CC(=CC(=C1)O)C2C(OC3=C(O2)C=CC(=C3)C4C(C(=O)C5=C(C=C(C=C5O4)O)O)O)CO	1.99608326	""	COCONUT:(CNP0131645);Natural Products:(UNPD204208 UNPD204209)	2129920
6	1	N/A	-104.96874106495356	C25H22O10	[M - H2O + H]+	JEBZICJXOLWKGO	InChI=1S/C25H22O10/c26-9-13-5-11(1-3-15(13)29)24-20(10-27)33-17-4-2-12(6-18(17)34-24)25-23(32)22(31)21-16(30)7-14(28)8-19(21)35-25/h1-8,20,23-30,32H,9-10H2	null	C1=CC(=C(C=C1C2C(OC3=C(O2)C=C(C=C3)C4C(C(=O)C5=C(C=C(C=C5O4)O)O)O)CO)CO)O	2.0999999	29927688;74600980	PubChem:(29927688 74600980);COCONUT:(CNP0362380)	2097154
7	1	N/A	-121.31792099596504	C25H22O10	[M - H2O + H]+	BMLIIPOXVWESJG	InChI=1S/C25H22O10/c1-33-18-6-10(2-3-15(18)28)23-14(9-26)13-4-11(5-17(30)25(13)35-23)24-22(32)21(31)20-16(29)7-12(27)8-19(20)34-24/h2-8,14,22-24,26-30,32H,9H2,1H3	Silicristin	COC1=C(C=CC(=C1)C2C(C3=C(O2)C(=CC(=C3)C4C(C(=O)C5=C(C=C(C=C5O4)O)O)O)O)CO)O	2.0999999	441764;4481797;12442779;12442780;12442781;12442783;12442785;12442786;49775708;93022948;93022949;98047133;121232950;124708402;124355876	HMDB:(33953);SuperNatural:(SN00156774 SN00251024 SN00295453 SN00349353 SN00373009 SN00275671);ZINC bio:(ZINC03793048 ZINC13775871);additional;MeSH:(441764 4481797 49775708 98047133);PubMed;NORMAN:(NS00029563);COCONUT:(CNP0164136);KNApSAcK:(1004);Natural Products:(UNPD58876 UNPD178438 UNPD115065 UNPD172574 UNPD196427 UNPD66700);PubChem:(441764 4481797 12442779 12442780 12442781 12442783 12442785 12442786 49775708 93022948 93022949 98047133 121232950 124708402 124355876);CHEBI:(9143);PubChem class - bio and metabolites;KEGG:(C08717);PubChem class - safety and toxic;Training Set	87875966
8	1	N/A	-122.3852360330016	C25H22O10	[M - H2O + H]+	XJTVGOIRLZZVCN	InChI=1S/C25H22O10/c1-33-17-4-10(2-3-15(17)29)24-14(9-26)20-13(5-11(27)7-18(20)34-24)25-23(32)22(31)21-16(30)6-12(28)8-19(21)35-25/h2-8,14,23-30,32H,9H2,1H3	null	COC1=C(C=CC(=C1)C2C(C3=C(C=C(C=C3O2)O)C4C(C(=O)C5=C(C=C(C=C5O4)O)O)O)CO)O	1.8650254	""	COCONUT:(CNP0304767);SuperNatural:(SN00035614 SN00035612 SN00035613 SN00035611)	3145728
9	1	N/A	-143.0248562911627	C25H22O10	[M - H2O + H]+	QYCJAWYDGRZSTO	InChI=1S/C25H22O10/c1-33-17-6-10(2-4-14(17)28)23-13(9-26)19-12(3-5-15(29)25(19)35-23)24-22(32)21(31)20-16(30)7-11(27)8-18(20)34-24/h2-8,13,22-24,26-30,32H,9H2,1H3	Isosilychristin	COC1=C(C=CC(=C1)C2C(C3=C(C=CC(=C3O2)O)C4C(C(=O)C5=C(C=C(C=C5O4)O)O)O)CO)O	2.0999999	14849116;21589839;23786320	COCONUT:(CNP0162617);HMDB:(33323);KNApSAcK:(8663);Natural Products:(UNPD178621 UNPD172048 UNPD5089);PubChem:(14849116 21589839 23786320);SuperNatural:(SN00028988 SN00028987 SN00338405 SN00028989 SN00028986 SN00252427);ZINC bio:(ZINC31159709 ZINC31159711 ZINC31159715 ZINC31159719);PubChem class - bio and metabolites;PubMed	19963994
10	1	N/A	-211.32981220194387	C25H22O10	[M - H2O + H]+	MOHMOMXDPCQWAD	InChI=1S/C25H22O10/c1-30-16-9-17(31-2)14(28)7-11(16)22-19(10-26)34-25-23-12(8-18(32-3)24(25)35-22)21(29)20-13(27)5-4-6-15(20)33-23/h4-9,19,22,26-28H,10H2,1-3H3	null	COC1=CC(=C(C=C1C2C(OC3=C4C(=CC(=C3O2)OC)C(=O)C5=C(C=CC=C5O4)O)CO)O)OC	3.29999995	101288384	COCONUT:(CNP0159638);KNApSAcK:(36852);Natural Products:(UNPD172723);PubChem:(101288384);SuperNatural:(SN00296863)	3178514
11	1	N/A	-211.32981220194387	C25H22O10	[M - H2O + H]+	BLALPIPICZQYJH	InChI=1S/C25H22O10/c1-30-16-9-17(31-2)14(28)7-11(16)22-19(10-26)34-24-18(32-3)8-12-21(29)20-13(27)5-4-6-15(20)33-23(12)25(24)35-22/h4-9,19,22,26-28H,10H2,1-3H3	null	COC1=CC(=C(C=C1C2C(OC3=C(C=C4C(=C3O2)OC5=C(C4=O)C(=CC=C5)O)OC)CO)O)OC	2.95376229	""	COCONUT:(CNP0118726);Natural Products:(UNPD32807)	2129920
12	1	N/A	-225.8571849279311	C25H22O10	[M - H2O + H]+	WPQPZXDSZHOTDQ	InChI=1S/C25H22O10/c1-30-15-6-11(4-5-14(15)28)22-19(10-26)34-25-23-13(9-18(32-3)24(25)35-22)21(29)20-16(31-2)7-12(27)8-17(20)33-23/h4-9,19,22,26-28H,10H2,1-3H3	null	COC1=CC(=CC2=C1C(=O)C3=CC(=C4C(=C3O2)OC(C(O4)C5=CC(=C(C=C5)O)OC)CO)OC)O	2.79999995	101989187	COCONUT:(CNP0181854);Natural Products:(UNPD102256);PubChem:(101989187);SuperNatural:(SN00248457)	3178498
13	1	N/A	-254.45878534244414	C25H22O10	[M - H2O + H]+	BUFSOAPRBDGDFM	InChI=1S/C25H22O10/c1-33-22-7-13(25(32)18(31)11-26)3-5-20(22)34-19-4-2-12(6-15(19)28)21-10-17(30)24-16(29)8-14(27)9-23(24)35-21/h2-10,18,25-29,31-32H,11H2,1H3	pterospermin A	COC1=C(C=CC(=C1)C(C(CO)O)O)OC2=C(C=C(C=C2)C3=CC(=O)C4=C(C=C(C=C4O3)O)O)O	2.40559101	53364233	COCONUT:(CNP0132886);MeSH:(53364233);Natural Products:(UNPD202081);PubChem:(53364233);PubMed	2129990
14	1	N/A	-260.9509178949783	C25H22O10	[M - H2O + H]+	FWFYBSKGLJPMRL	InChI=1S/C25H22O10/c1-30-15-7-11(8-16(31-2)21(15)29)22-18(10-26)34-25-23-12(9-17(32-3)24(25)35-22)20(28)19-13(27)5-4-6-14(19)33-23/h4-9,18,22,26-27,29H,10H2,1-3H3	null	COC1=CC(=CC(=C1O)OC)C2C(OC3=C4C(=CC(=C3O2)OC)C(=O)C5=C(C=CC=C5O4)O)CO	3.29999995	101989979	COCONUT:(CNP0179959);KNApSAcK:(36853);Natural Products:(UNPD31928);PubChem:(101989979);SuperNatural:(SN00263820)	3178514
15	1	N/A	-274.63134642092615	C25H22O10	[M - H2O + H]+	NGLVDMIISAUIAQ	InChI=1S/C25H22O10/c1-30-12-8-14(27)20-16(9-12)34-24-13(21(20)28)4-5-15-25(24)35-19(10-26)23(33-15)11-6-17(31-2)22(29)18(7-11)32-3/h4-9,19,23,26-27,29H,10H2,1-3H3	null	COC1=CC(=C2C(=C1)OC3=C(C2=O)C=CC4=C3OC(C(O4)C5=CC(=C(C(=C5)OC)O)OC)CO)O	3.29999995	102595862	COCONUT:(CNP0185044);KNApSAcK:(39393);Natural Products:(UNPD127374);PubChem:(102595862);SuperNatural:(SN00326541)	3178514
16	1	N/A	-290.64497180302465	C25H22O10	[M - H2O + H]+	MZBGBHVFCYCYLX	InChI=1S/C25H22O10/c1-33-16-4-9(2-3-14(16)27)18-12-8-34-25(32)13(12)7-11(19(18)24(25)31)23-22(30)21(29)20-15(28)5-10(26)6-17(20)35-23/h2-7,12-13,18-19,22-23,26-28,30,32H,8H2,1H3	null	COC1=C(C=CC(=C1)C2C3COC4(C3C=C(C2C4=O)C5C(C(=O)C6=C(C=C(C=C6O5)O)O)O)O)O	0.800000012	134509616	COCONUT:(CNP0270033);Natural Products:(UNPD109866);PubChem:(134509616);SuperNatural:(SN00340172)	3178498
17	1	N/A	-297.55288612726207	C25H22O10	[M - H2O + H]+	CYGIJEJDYJOUAN	InChI=1S/C25H22O10/c1-33-16-4-9(2-3-14(16)27)18-11-7-12(20-13(18)8-34-25(20,32)24(11)31)23-22(30)21(29)19-15(28)5-10(26)6-17(19)35-23/h2-7,11,13,18,20,22-23,26-28,30,32H,8H2,1H3	Silidianin	COC1=C(C=CC(=C1)C2C3COC4(C3C(=CC2C4=O)C5C(C(=O)C6=C(C=C(C=C6O5)O)O)O)O)O	0.800000012	3033957;5321311;9891399;12442788;12442789;11982272;20056308;23843969;24721272;58798229;58122583;69130797;73952121;98050201;98050202;98050203;98054421;98707665;134688545;138107202;137795484	SuperNatural:(SN00284497 SN00028990 SN00396671);ZINC bio:(ZINC31159723);additional;MeSH:(3033957 5321311 9891399 11982272 12442788 12442789 20056308 24721272 98054421 134688545 137795484);PubMed;NORMAN:(NS00051143);COCONUT:(CNP0144362);KNApSAcK:(8664);Natural Products:(UNPD74465 UNPD91111);PubChem:(3033957 5321311 9891399 12442788 12442789 11982272 20056308 23843969 24721272 58798229 58122583 69130797 73952121 98050201 98050202 98050203 98054421 98707665 134688545 138107202 137795484);PubChem class - safety and toxic;Training Set	71098454
18	1	N/A	-305.028521242797	C25H22O10	[M - H2O + H]+	OFJNYUNWWLLTKC	InChI=1S/C25H22O10/c1-11-5-14(26)8-17(27)21(11)24(31)34-16-7-13(3)22(19(29)10-16)25(32)35-15-6-12(2)20(18(28)9-15)23(30)33-4/h5-10,26-29H,1-4H3	null	CC1=CC(=CC(=C1C(=O)OC2=CC(=C(C(=C2)C)C(=O)OC3=CC(=C(C(=C3)C)C(=O)OC)O)O)O)O	5.9000001	10096758	COCONUT:(CNP0212402);Natural Products:(UNPD97141);PubChem:(10096758);SuperNatural:(SN00229812)	3178498
19	1	N/A	-307.4714698325017	C25H22O10	[M - H2O + H]+	XECJBJHITROSPL	InChI=1S/C25H22O10/c1-33-22(32)7-12-11-5-17(29)18(30)9-20(11)34-21-8-15(27)13-6-19(31)24(35-25(13)23(12)21)10-2-3-14(26)16(28)4-10/h2-5,8-9,12,19,24,26-31H,6-7H2,1H3	catiguanin A	COC(=O)CC1C2=CC(=C(C=C2OC3=C1C4=C(CC(C(O4)C5=CC(=C(C=C5)O)O)O)C(=C3)O)O)O	2.20000005	24762915;24762916;102033438;102033447;118672476;118672478	COCONUT:(CNP0319590);KNApSAcK:(38713);Natural Products:(UNPD188405 UNPD6795);PubChem:(24762915 24762916 102033438 102033447 118672476 118672478);SuperNatural:(SN00237850 SN00326452);CHEBI:(65602 65601);MeSH:(24762915 24762916);PubMed	3178614
20	1	N/A	-308.0733060291934	C25H22O10	[M - H2O + H]+	MWIVEDXGNCCAQA	InChI=1S/C25H22O10/c1-11-5-14(26)8-17(27)20(11)24(31)34-15-6-12(2)21(18(28)9-15)25(32)35-16-7-13(3)22(23(29)30)19(10-16)33-4/h5-10,26-28H,1-4H3,(H,29,30)	null	CC1=CC(=CC(=C1C(=O)OC2=CC(=C(C(=C2)C)C(=O)OC3=CC(=C(C(=C3)C)C(=O)O)OC)O)O)O	4.52127171	""	COCONUT:(CNP0283563);Natural Products:(UNPD160801);SuperNatural:(SN00250883)	3178496
21	1	N/A	-308.0733060291934	C25H22O10	[M - H2O + H]+	BXLGBRLDRRZQKR	InChI=1S/C25H22O10/c1-11-5-14(26)8-17(27)21(11)24(31)35-16-7-13(3)22(19(10-16)33-4)25(32)34-15-6-12(2)20(23(29)30)18(28)9-15/h5-10,26-28H,1-4H3,(H,29,30)	null	CC1=CC(=CC(=C1C(=O)OC2=CC(=C(C(=C2)C)C(=O)OC3=CC(=C(C(=C3)C)C(=O)O)O)OC)O)O	5.4000001	14647824	COCONUT:(CNP0307072);Natural Products:(UNPD64394);PubChem:(14647824);SuperNatural:(SN00246850);CHEBI:(144285)	3178530
22	1	N/A	-308.61853432652026	C25H22O10	[M - H2O + H]+	RLRCNRNYRSKNOO	InChI=1S/C25H22O10/c1-11-5-14(26)8-19(33-4)22(11)25(32)35-16-7-13(3)21(18(28)10-16)24(31)34-15-6-12(2)20(23(29)30)17(27)9-15/h5-10,26-28H,1-4H3,(H,29,30)	null	CC1=CC(=CC(=C1C(=O)OC2=CC(=C(C(=C2)C)C(=O)OC3=CC(=C(C(=C3)C)C(=O)O)O)O)OC)O	5.4000001	12444590	COCONUT:(CNP0212164);Natural Products:(UNPD181537);PubChem:(12444590);SuperNatural:(SN00390682);CHEBI:(144309)	3178530
23	1	N/A	-310.89827603206595	C25H22O10	[M - H2O + H]+	HOBYJDBWEPWNOO	InChI=1S/C25H22O10/c1-11-6-15(9-17(26)20(11)23(29)30)34-25(32)22-13(3)7-16(10-19(22)28)35-24(31)21-12(2)5-14(33-4)8-18(21)27/h5-10,26-28H,1-4H3,(H,29,30)	null	CC1=CC(=CC(=C1C(=O)OC2=CC(=C(C(=C2)C)C(=O)OC3=CC(=C(C(=C3)C)C(=O)O)O)O)O)OC	5.9000001	44818984	COCONUT:(CNP0224198);Natural Products:(UNPD60648);PubChem:(44818984);SuperNatural:(SN00302197)	3178498
24	1	N/A	-326.9096026826841	C25H22O10	[M - H2O + H]+	NZXFMXDJYAHTHS	InChI=1S/C25H22O10/c1-33-21-6-12(2-4-16(21)27)3-5-23(31)34-22-11-15-17(28)9-14(26)10-20(15)35-25(22)13-7-18(29)24(32)19(30)8-13/h2-10,22,25-30,32H,11H2,1H3	null	COC1=C(C=CC(=C1)C=CC(=O)OC2CC3=C(C=C(C=C3OC2C4=CC(=C(C(=C4)O)O)O)O)O)O	3.04797959	50907974	COCONUT:(CNP0332596);Natural Products:(UNPD188521 UNPD199938 UNPD222546);PubChem:(50907974);SuperNatural:(SN00303938);CHEBI:(70258);PubMed	3178594
25	1	N/A	-346.7262098547137	C25H22O10	[M - H2O + H]+	KTLUNNJYNVVQAJ	InChI=1S/C25H22O10/c1-10-6-17(28)34-24-19(10)22(30)20(11(2)26)25-21(24)14(9-18(29)35-25)13-7-15(31-4)23(33-12(3)27)16(8-13)32-5/h6-8,14,30H,9H2,1-5H3	null	CC1=CC(=O)OC2=C3C(CC(=O)OC3=C(C(=C12)O)C(=O)C)C4=CC(=C(C(=C4)OC)OC(=O)C)OC	2.5999999	99998085;99998089;102564487	PubChem:(99998085 99998089 102564487);COCONUT:(CNP0406323)	2097154
26	1	N/A	-364.3364252266769	C25H22O10	[M - H2O + H]+	SAXOXZYTRMKSOD	InChI=1S/C25H22O10/c1-9-4-13-17(15(28)5-9)21(31)18-14(19(13)29)6-10-2-3-11(27)7-12(10)24(18)35-25-23(33)22(32)20(30)16(8-26)34-25/h2-7,16,20,22-23,25-28,30,32-33H,8H2,1H3	null	CC1=CC2=C(C(=C1)O)C(=O)C3=C(C2=O)C=C4C=CC(=CC4=C3OC5C(C(C(C(O5)CO)O)O)O)O	1.29846692	""	COCONUT:(CNP0091573);SuperNatural:(SN00171731)	3145728
27	1	N/A	-364.8303876022037	C25H22O10	[M - H2O + H]+	RPCRSZXPYFDMRE	InChI=1S/C25H22O10/c1-11-7-17(27)34-24-20(11)23(30)21(12(2)26)25-22(24)14(9-18(28)35-25)13-5-6-15(16(8-13)31-3)33-10-19(29)32-4/h5-8,14,30H,9-10H2,1-4H3	null	CC1=CC(=O)OC2=C3C(CC(=O)OC3=C(C(=C12)O)C(=O)C)C4=CC(=C(C=C4)OCC(=O)OC)OC	2.70000005	100002165;100002168;102564879	PubChem:(100002165 100002168 102564879);COCONUT:(CNP0406770)	2097154
28	1	N/A	-369.53835332132746	C25H22O10	[M - H2O + H]+	LVWKJAWSIYKVOA	InChI=1S/C25H22O10/c1-11-7-17(27)34-24-20(11)23(30)21(12(2)26)25-22(24)14(9-18(28)35-25)13-5-6-15(31-3)16(8-13)33-10-19(29)32-4/h5-8,14,30H,9-10H2,1-4H3	null	CC1=CC(=O)OC2=C3C(CC(=O)OC3=C(C(=C12)O)C(=O)C)C4=CC(=C(C=C4)OC)OCC(=O)OC	2.70000005	100000406;100000409;102564702	PubChem:(100000406 100000409 102564702);COCONUT:(CNP0406564)	2097154
29	1	N/A	-738.4879778137476	C25H22O10	[M - H2O + H]+	AUULYUITRYGGJX	InChI=1S/C25H22O10/c1-11-7-17(34-18(28)8-13-3-5-15(26)6-4-13)20-12(2)24(31)35-22(20)21-14(9-16(27)19(11)21)10-33-25(32)23(29)30/h3-6,9,17,20-22,26H,2,7-8,10H2,1H3,(H,29,30)	null	CC1=C2C(C3C(C(C1)OC(=O)CC4=CC=C(C=C4)O)C(=C)C(=O)O3)C(=CC2=O)COC(=O)C(=O)O	1.60000002	102242110	COCONUT:(CNP0131903);KNApSAcK:(34018);PubChem:(102242110);CHEBI:(90280)	2097202