structureRankPerFormula	formulaRank	ConfidenceScore	CSI:FingerIDScore	molecularFormula	adduct	InChIkey2D	InChI	name	smiles	xlogp	pubchemids	links	dbflags
1	1	N/A	-331.59608090247866	C14H19NO10	[M + H]+	ICWRPDDCODKCEK	InChI=1S/C14H19NO10/c16-6(4-23-13(22)7-2-1-3-15-7)5-24-14-10(19)8(17)9(18)11(25-14)12(20)21/h1-3,6,8-11,14-19H,4-5H2,(H,20,21)	null	C1=CNC(=C1)C(=O)OCC(COC2C(C(C(C(O2)C(=O)O)O)O)O)O	-1.79999995	50907809;75579252	COCONUT:(CNP0266169);Natural Products:(UNPD201203);PubChem:(50907809 75579252);PubMed	2129986
1	1	0.18203020717527563	-113.09406276485974	C14H21NO11	[M - H2O + H]+	DLGJWSVWTWEWBJ	InChI=1S/C14H21NO11/c1-4(17)15-8-11(10(20)7(3-16)24-13(8)23)26-14-9(19)5(18)2-6(25-14)12(21)22/h2,5,7-11,13-14,16,18-20,23H,3H2,1H3,(H,15,17)(H,21,22)	chondroitin	CC(=O)NC1C(C(C(OC1O)CO)O)OC2C(C(C=C(O2)C(=O)O)O)O	-3.29999995	439481;440484;4629676;5288051;5460142;6857722;14122923;25200971;46878429;46926233;53477707;91820239;97299316;97299317;102602289	HMDB:(629 60071);SuperNatural:(SN00215808);ZINC bio:(ZINC12494159 ZINC12494166);MeSH:(53477707);Plantcyc:(CPD-13473 CPD-36);PubMed;COCONUT:(CNP0361317);PubChem:(439481 440484 4629676 5288051 5460142 6857722 14122923 25200971 46878429 46926233 53477707 91820239 97299316 97299317 102602289);CHEBI:(132151 16126 132805 46280 63280 57850 63263 16655);PubChem class - bio and metabolites;KEGG:(C04794 C01310);PubChem class - safety and toxic;PubChem class - drug;Biocyc:(CPD-13473 CPD-36)	120727918
2	1	N/A	-120.75076095915816	C14H21NO11	[M - H2O + H]+	URUDPLVSVSVLMS	InChI=1S/C14H21NO11/c1-4(17)15-8-10(20)11(7(3-16)24-13(8)23)26-14-9(19)5(18)2-6(25-14)12(21)22/h2,5,7-11,13-14,16,18-20,23H,3H2,1H3,(H,15,17)(H,21,22)	2-Deoxy-4-O-(4-Deoxy-Alpha-L-Threo-Hex-4-Enopyranuronosyl)-2-{[(1r)-1-Hydroxyethyl]amino}-Alpha-D-Glucopyranose	CC(=O)NC1C(C(C(OC1O)CO)OC2C(C(C=C(O2)C(=O)O)O)O)O	-3.9000001	9907817;11246607;25113164;72767582;89910058;91820230;91820231;102245705;100956914;121477145	PubChem:(9907817 11246607 25113164 72767582 89910058 91820230 91820231 102245705 100956914 121477145);Biocyc:(CPD-17755);PubChem class - bio and metabolites	16779266
3	1	N/A	-162.17063084950317	C14H21NO11	[M - H2O + H]+	AALORNCJXUQNQW	InChI=1S/C14H21NO11/c1-5(18)15-6(3-16)12(10(21)8(20)4-17)26-14-11(22)7(19)2-9(25-14)13(23)24/h2-3,6-8,10-12,14,17,19-22H,4H2,1H3,(H,15,18)(H,23,24)	2-Adgpuag	CC(=O)NC(C=O)C(C(C(CO)O)O)OC1C(C(C=C(O1)C(=O)O)O)O	-4.19999981	3082562;4072415;91864450;124524661;124928895;124928896;124928897	MeSH:(3082562);PubChem:(3082562 4072415 91864450 124524661 124928895 124928896 124928897);PubMed;KEGG Mine	8589934662
4	1	N/A	-260.4895589186286	C14H21NO11	[M - H2O + H]+	LIVSZKTWYDYFFE	InChI=1S/C14H21NO11/c1-5(17)14(24)25-4-7(19)11(21)12-10(15-9(20)3-16)6(18)2-8(26-12)13(22)23/h2,5-7,10-12,16-19,21H,3-4H2,1H3,(H,15,20)(H,22,23)	null	CC(C(=O)OCC(C(C1C(C(C=C(O1)C(=O)O)O)NC(=O)CO)O)O)O	-3.0056181	""	COCONUT:(CNP0170941);Natural Products:(UNPD43923);SuperNatural:(SN00340969)	3178496