structureRankPerFormula	formulaRank	ConfidenceScore	CSI:FingerIDScore	molecularFormula	adduct	InChIkey2D	InChI	name	smiles	xlogp	pubchemids	links	dbflags
1	1	0.23932770535722941	-199.17024010752394	C18H21N5O6	[M + H]+	SJHYLQCPNOPCPE	InChI=1S/C18H21N5O6/c1-28-10-4-2-3-9(13(10)25)5-19-16-12-17(21-7-20-16)23(8-22-12)18-15(27)14(26)11(6-24)29-18/h2-4,7-8,11,14-15,18,24-27H,5-6H2,1H3,(H,19,20,21)	Adenosine, N-[(2-hydroxy-3-methoxyphenyl)methyl]-	COC1=CC=CC(=C1O)CNC2=C3C(=NC=N2)N(C=N3)C4C(C(C(O4)CO)O)O	-0.225560367	9887416;24772864;45028717;121399420;132115152	MeSH:(9887416);PubChem:(9887416 24772864 45028717 121399420 132115152);PubMed	70
2	1	N/A	-215.97423364049567	C18H21N5O6	[M + H]+	MAHRHYMNNHGPDX	InChI=1S/C18H21N5O6/c24-6-11-13(26)14(27)15(28)18(29-11)23-8-22-12-16(20-7-21-17(12)23)19-5-9-3-1-2-4-10(9)25/h1-4,7-8,11,13-15,18,24-28H,5-6H2,(H,19,20,21)	(2R,3S,4S,5R,6R)-2-(hydroxymethyl)-6-[6-[(2-hydroxyphenyl)methylamino]purin-9-yl]oxane-3,4,5-triol	C1=CC=C(C(=C1)CNC2=C3C(=NC=N2)N(C=N3)C4C(C(C(C(O4)CO)O)O)O)O	-0.701404154	11640002	COCONUT:(CNP0298131);Natural Products:(UNPD53929);PubChem:(11640002);SuperNatural:(SN00260272)	3178498
3	1	N/A	-233.659178739739	C18H21N5O6	[M + H]+	YNXKWFPNXBSGHP	InChI=1S/C18H21N5O6/c24-6-11-13(26)14(27)15(28)18(29-11)23-8-22-12-16(20-7-21-17(12)23)19-5-9-2-1-3-10(25)4-9/h1-4,7-8,11,13-15,18,24-28H,5-6H2,(H,19,20,21)	(2R,3S,4S,5R,6R)-2-(hydroxymethyl)-6-[6-[(3-hydroxyphenyl)methylamino]purin-9-yl]oxane-3,4,5-triol	C1=CC(=CC(=C1)O)CNC2=C3C(=NC=N2)N(C=N3)C4C(C(C(C(O4)CO)O)O)O	-0.701404154	11689923	COCONUT:(CNP0155447);Natural Products:(UNPD176575);PubChem:(11689923);SuperNatural:(SN00399477)	3178498
4	1	N/A	-415.1567256562093	C18H21N5O6	[M + H]+	PZDXVVADIOOPMS	InChI=1S/C18H21N5O6/c1-27-11-4-2-3-10(7-11)18-20-21-22-23(18)13-9-29-16-12(8-28-17(13)16)19-14(24)5-6-15(25)26/h2-4,7,12-13,16-17H,5-6,8-9H2,1H3,(H,19,24)(H,25,26)	4-[[(3S,3aR,6S,6aR)-6-[5-(3-methoxyphenyl)tetrazol-1-yl]-2,3,3a,5,6,6a-hexahydrofuro[3,2-b]furan-3-yl]amino]-4-oxobutanoate	COC1=CC=CC(=C1)C2=NN=NN2C3COC4C3OCC4NC(=O)CCC(=O)O	-0.600000024	11911691;11911692	COCONUT:(CNP0051340 CNP0222603);PubChem:(11911691 11911692);SuperNatural:(SN00011873);ZINC bio:(ZINC05397431)	3153922
5	1	N/A	-492.57638233735076	C18H21N5O6	[M + H]+	RMGYKUXLJPFBLQ	InChI=1S/C18H21N5O6/c1-26-11-5-3-10(4-6-11)19-18(25)20-13-8-28-16-14(9-29-15(13)16)23-7-12(21-22-23)17(24)27-2/h3-7,13-16H,8-9H2,1-2H3,(H2,19,20,25)	methyl 1-[(3S,3aR,6S,6aR)-3-[(4-methoxyphenyl)carbamoylamino]-2,3,3a,5,6,6a-hexahydrofuro[3,2-b]furan-6-yl]triazole-4-carboxylate	COC1=CC=C(C=C1)NC(=O)NC2COC3C2OCC3N4C=C(N=N4)C(=O)OC	0.0	11886717	COCONUT:(CNP0087604);PubChem:(11886717);SuperNatural:(SN00010564);ZINC bio:(ZINC04260944)	3153922
6	1	N/A	-531.3222039662651	C18H21N5O6	[M + H]+	ZLWJLFZBVCUPFB	InChI=1S/C18H21N5O6/c1-2-19-18(24)29-14-9-28-15-11(8-27-16(14)15)23-17(20-21-22-23)10-3-4-12-13(7-10)26-6-5-25-12/h3-4,7,11,14-16H,2,5-6,8-9H2,1H3,(H,19,24)	[(3S,3aR,6R,6aS)-3-[5-(2,3-dihydro-1,4-benzodioxin-6-yl)tetrazol-1-yl]-2,3,3a,5,6,6a-hexahydrofuro[3,2-b]furan-6-yl] N-ethylcarbamate	CCNC(=O)OC1COC2C1OCC2N3C(=NN=N3)C4=CC5=C(C=C4)OCCO5	0.400000006	11886061	COCONUT:(CNP0348233);PubChem:(11886061);SuperNatural:(SN00009948);ZINC bio:(ZINC04259456)	3153922