structureRankPerFormula	formulaRank	ConfidenceScore	CSI:FingerIDScore	molecularFormula	adduct	InChIkey2D	InChI	name	smiles	xlogp	pubchemids	links	dbflags
1	1	N/A	-113.92676508716221	C8H17NO3	[M - H2O + H]+	TWTJIYXWWAQKGT	InChI=1S/C8H17NO3/c1-6(10)4-2-3-5-7(9)8(11)12/h6-7,10H,2-5,9H2,1H3,(H,11,12)	null	CC(CCCCC(C(=O)O)N)O	0.382823408	14104315	COCONUT:(CNP0300370);EcoCyc Mine;Natural Products:(UNPD56395);PubChem:(14104315);SuperNatural:(SN00254477)	17183047682
2	1	N/A	-117.8841888776853	C8H17NO3	[M - H2O + H]+	LPXDRBWCBNPDTJ	InChI=1S/C8H17NO3/c1-6(2)7(8(11)12)9-4-3-5-10/h6-7,9-10H,3-5H2,1-2H3,(H,11,12)	null	CC(C)C(C(=O)O)NCCCO	-1.89999998	43468391;54046434	MeSH:(54046434);PubChem:(43468391 54046434);PubMed	70
3	1	N/A	-127.40595866477851	C8H17NO3	[M - H2O + H]+	BXWIRZWJUWLKSW	InChI=1S/C8H17NO3/c9-7(8(11)12)5-3-1-2-4-6-10/h7,10H,1-6,9H2,(H,11,12)	2-amino-8-hydroxyoctanoic acid	C(CCCO)CCC(C(=O)O)N	0.379515022	15610050;15610051;91820191	EcoCyc Mine;PubChem:(15610050 15610051 91820191);PubMed;Biocyc:(CPD-17974)	17179871298
4	1	N/A	-153.37920770549192	C8H17NO3	[M - H2O + H]+	DFVFTMTWCUHJBL	InChI=1S/C8H17NO3/c1-5(2)3-6(9)7(10)4-8(11)12/h5-7,10H,3-4,9H2,1-2H3,(H,11,12)	statine	CC(C)CC(C(CC(=O)O)O)N	-2.4000001	642224;123915;3387569;7009606;10910087;10965041;88527351;87430853	COCONUT:(CNP0129385);Natural Products:(UNPD97456 UNPD60502 UNPD20952 UNPD51485);PubChem:(642224 123915 3387569 7009606 10910087 10965041 88527351 87430853);SuperNatural:(SN00382876 SN00331288 SN00315533);ZINC bio:(ZINC02384831 ZINC02598924);PubChem class - bio and metabolites;MeSH:(123915);PubChem class - safety and toxic;Training Set;PubMed;KEGG Mine	8677023814
5	1	N/A	-163.32148293289117	C8H17NO3	[M - H2O + H]+	NUOADXFOULDPJQ	InChI=1S/C8H17NO3/c1-3-5(2)8(9)6(10)4-7(11)12/h5-6,8,10H,3-4,9H2,1-2H3,(H,11,12)	Isostatin	CCC(C)C(C(CC(=O)O)O)N	-2.4000001	3087448;14428564;14428565;10397293;101624800;101624801;101624802;101624803;101624804	PubChem class - safety and toxic;PubChem:(3087448 14428564 14428565 10397293 101624800 101624801 101624802 101624803 101624804);PubMed	67108930
6	1	N/A	-167.5607219754593	C8H17NO3	[M - H2O + H]+	PAJPPKOLTBGLSP	InChI=1S/C8H17NO3/c1-9(2,3)5-7(6-12-4)8(10)11/h7H,5-6H2,1-4H3/p+1	(2-carboxy-3-methoxypropyl)-trimethylazanium	C[N+](C)(C)CC(COC)C(=O)O	-0.300000012	11457982;11457983	COCONUT:(CNP0041234);KNApSAcK:(41987);Natural Products:(UNPD21104);PubChem:(11457982 11457983);SuperNatural:(SN00276093)	3178514
7	1	N/A	-167.6758160713674	C8H17NO3	[M - H2O + H]+	LQFKABMWUHITQU	InChI=1S/C8H17NO3/c1-5(2)7(8(11)12)9-4-6(3)10/h5-7,9-10H,4H2,1-3H3,(H,11,12)	2-Hydroxypropylvaline	CC(C)C(C(=O)O)NCC(C)O	-1.79999995	130204;21121256;58703487;58703522;123341835;123433634	MeSH:(130204);PubChem:(130204 21121256 58703487 58703522 123341835 123433634);PubMed	70
8	1	N/A	-168.412623666391	C8H17NO3	[M - H2O + H]+	XASPGLPXANLVTJ	InChI=1S/C8H17NO3/c1-5(10)6(9)7(11)12-8(2,3)4/h5-6,10H,9H2,1-4H3	ACMC-20mojr	CC(C(C(=O)OC(C)(C)C)N)O	0.0	194239;3404174;3404175;6941810;6941811;6941812;6941813;6941814;6941815;6941816;21126224;57347029	MeSH:(194239);PubChem:(194239 3404174 3404175 6941810 6941811 6941812 6941813 6941814 6941815 6941816 21126224 57347029);PubMed	70
9	1	N/A	-171.66336359795997	C8H17NO3	[M - H2O + H]+	QNSRHBOZQLXYNV	InChI=1S/C8H17NO3/c1-3-10-5-7-12-8-6-11-4-2-9-1/h9H,1-8H2	Oprea1_780524	C1COCCOCCOCCN1	-0.677097797	545817;4356835	NORMAN:(NS00031055);PubChem class - safety and toxic;PubChem:(545817 4356835);PubMed	67371074
10	1	N/A	-174.26959617171468	C8H17NO3	[M - H2O + H]+	HJWIBXQTIRMVNY	InChI=1S/C8H17NO3/c1-4-11-8(10)6-7(3)9-12-5-2/h7,9H,4-6H2,1-3H3	null	CCOC(=O)CC(C)NOCC	0.800000012	64974245	PubChem:(64974245);PubChem class - safety and toxic	67108866
11	1	N/A	-176.07819470412701	C8H17NO3	[M - H2O + H]+	NKRVGWFEFKCZAP	InChI=1S/C8H17NO3/c1-3-5-6-8(4-2)7-12-9(10)11/h8H,3-7H2,1-2H3	Ethylhexyl nitrate	CCCCC(CC)CO[N+](=O)[O-]	3.0857842	62823;37888354;37888355	NORMAN:(NS00005685);MeSH:(62823);PubChem class - safety and toxic;PubChem:(62823 37888354 37888355);PubMed	67371078
12	1	N/A	-184.89315935241555	C8H17NO3	[M - H2O + H]+	UNKISUCMCFKTBI	InChI=1S/C8H17NO3/c1-3-5-7(11)8(12)6(10)4(2)9-5/h4-12H,3H2,1-2H3	null	CCC1C(C(C(C(N1)C)O)O)O	-0.899999976	10654837;85221602;135299276	COCONUT:(CNP0246407);Natural Products:(UNPD113020);PubChem:(10654837 85221602 135299276);SuperNatural:(SN00304259)	3178498
13	1	N/A	-190.16175914570422	C8H17NO3	[M - H2O + H]+	TXQBMQNFXYOIPT	InChI=1S/C8H17NO3/c1-2-3-4-5-6-7-8-12-9(10)11/h2-8H2,1H3	Octyl nitrate	CCCCCCCCO[N+](=O)[O-]	3.9000001	61178;10012447	PubChem class - safety and toxic;PubChem:(61178 10012447);PubMed	67108930
14	1	N/A	-210.5933902399822	C8H17NO3	[M - H2O + H]+	DLTSMSCPUUWYDX	InChI=1S/C8H17NO3/c1-8(2,3)12-5-6(9-4)7(10)11/h6,9H,5H2,1-4H3,(H,10,11)	2-(methylamino)-3-[(2-methylpropan-2-yl)oxy]propanoic acid	CC(C)(C)OCC(C(=O)O)NC	-2.0	7010393;7010394;23363391;87278164	PubChem:(7010393 7010394 23363391 87278164);COCONUT:(CNP0057125)	2097154
15	1	N/A	-210.60013844797834	C8H17NO3	[M - H2O + H]+	WNBLNSHOIGFFFW	InChI=1S/C8H17NO3/c1-4(2)6-8(12)7(11)5(10)3-9-6/h4-12H,3H2,1-2H3	null	CC(C)C1C(C(C(CN1)O)O)O	-0.899999976	44475963;72199695;75032084	PubChem:(44475963 72199695 75032084);PubMed;PubChem class - bio and metabolites	16777282
16	1	N/A	-214.26986040501697	C8H17NO3	[M - H2O + H]+	MMJPLCPGTJXFNH	InChI=1S/C8H17NO3/c1-8(2,3)12-5-6(9)7(10)11-4/h6H,5,9H2,1-4H3	AmbotzHAA1128	CC(C)(C)OCC(C(=O)OC)N	0.100000001	3706494;7018829;7018830;7021434;7021435	COCONUT:(CNP0111399);Training Set;PubChem:(3706494 7018829 7018830 7021434 7021435);additional	2637826
17	1	N/A	-217.12779470286915	C8H17NO3	[M - H2O + H]+	NOSFRYIFNDHWOJ	InChI=1S/C8H17NO3/c1-12-5-8(4-9)2-6(10)7(11)3-8/h6-7,10-11H,2-5,9H2,1H3	null	COCC1(CC(C(C1)O)O)CN	-1.5	77059084;130148445	PubChem:(77059084 130148445);COCONUT:(CNP0012654)	2097154
18	1	N/A	-219.78089148615865	C8H17NO3	[M - H2O + H]+	XDJCYKMWJCYQJM	InChI=1S/C8H17NO3/c1-8(2,3)12-7(11)9-5-4-6-10/h10H,4-6H2,1-3H3,(H,9,11)	3-(Boc-amino)-1-propanol	CC(C)(C)OC(=O)NCCCO	0.600000024	3838134;20817459	PubChem class - safety and toxic;PubChem:(3838134 20817459);PubMed	67108930
19	1	N/A	-221.02018851685344	C8H17NO3	[M - H2O + H]+	KVVHVYWKRWQEGE	InChI=1S/C8H17NO3/c1-7-4-9(2-3-10)5-8(6-11)12-7/h7-8,10-11H,2-6H2,1H3	null	CC1CN(CC(O1)CO)CCO	-1.0	102934988	PubChem:(102934988);PubChem class - safety and toxic	67108866
20	1	N/A	-227.32161617742582	C8H17NO3	[M - H2O + H]+	RBXXRUOLMPHZJB	InChI=1S/C8H17NO3/c1-4-11-8(10)12-7-5-6-9(2)3/h4-7H2,1-3H3	3-(dimethylamino)propyl ethyl carbonate	CCOC(=O)OCCCN(C)C	1.29999995	296309	PubChem:(296309);PubChem class - safety and toxic	67108866
21	1	N/A	-231.58336655860353	C8H17NO3	[M - H2O + H]+	YLQRXLUMXFSAAG	InChI=1S/C8H17NO3/c1-2-3-4-7(5-10)6-12-8(9)11/h7,10H,2-6H2,1H3,(H2,9,11)	2-(hydroxymethyl)hexyl carbamate	CCCCC(CO)COC(=O)N	1.10000002	117241	PubChem:(117241);PubChem class - safety and toxic	67108866
22	1	N/A	-232.62713079778166	C8H17NO3	[M - H2O + H]+	VCJBDFPSHPBLAO	InChI=1S/C8H17NO3/c1-4-10-7(9)8(11-5-2)12-6-3/h8-9H,4-6H2,1-3H3	Ethyl 2,2-diethoxyacetimidate	CCOC(C(=N)OCC)OCC	1.20000005	5743607	PubChem:(5743607);NORMAN:(NS00062926)	262146
23	1	N/A	-238.54785325859936	C8H17NO3	[M - H2O + H]+	OSWHMLHEYCWQRU	InChI=1S/C8H17NO3/c1-3-9-6-5-12-8(10)4-7(6)11-2/h6-10H,3-5H2,1-2H3	5-(ethylamino)-4-methoxyoxan-2-ol	CCNC1COC(CC1OC)O	-0.400000006	449371;449372;4474583;89289586	PubChem:(449371 449372 4474583 89289586);KEGG Mine;PubChem class - bio and metabolites	8606711810
24	1	N/A	-239.75809656385843	C8H17NO3	[M - H2O + H]+	QWEWPBRDYZVGBR	InChI=1S/C8H17NO3/c1-2-5-3-7(11)8(12)6(4-10)9-5/h5-12H,2-4H2,1H3	(+)-5-deoxyadeenophorine	CCC1CC(C(C(N1)CO)O)O	-0.400000006	10559165;10329822;44411956;75022977;101546106;101546108;131045526	COCONUT:(CNP0187310);Natural Products:(UNPD142094 UNPD91559);PubChem:(10559165 10329822 44411956 75022977 101546106 101546108 131045526);SuperNatural:(SN00332401 SN00390538);MeSH:(10559165);PubMed	3178566
25	1	N/A	-239.95426882068722	C8H17NO3	[M - H2O + H]+	BNOMBCDGRVVFNJ	InChI=1S/C8H17NO3/c9-5-8-7(11)2-1-6(12-8)3-4-10/h6-8,10-11H,1-5,9H2	null	C1CC(C(OC1CCO)CN)O	-0.600000024	125416313	PubChem:(125416313);COCONUT:(CNP0324929)	2097154
26	1	N/A	-242.03147576522693	C8H17NO3	[M - H2O + H]+	ZJMVKDLBCRLKPT	InChI=1S/C8H17NO3/c1-2-3-4-5-11-6-7-12-8(9)10/h2-7H2,1H3,(H2,9,10)	Amoxyethyl carbamate	CCCCCOCCOC(=O)N	1.20000005	50407	PubChem:(50407);PubChem class - safety and toxic	67108866
27	1	N/A	-247.98447651185944	C8H17NO3	[M - H2O + H]+	YNJCFDAODGKHAV	InChI=1S/C8H17NO3/c1-6(10)5-9-7(11)12-8(2,3)4/h6,10H,5H2,1-4H3,(H,9,11)	1-(Boc-amino)-2-propanol	CC(CNC(=O)OC(C)(C)C)O	0.699999988	12094522;9920508;11789722	PubChem:(12094522 9920508 11789722);PubChem class - safety and toxic	67108866
28	1	N/A	-250.57617426777404	C8H17NO3	[M - H2O + H]+	WCAGWPZJSJKHEX	InChI=1S/C8H17NO3/c1-3-7(2)6-11-4-5-12-8(9)10/h7H,3-6H2,1-2H3,(H2,9,10)	2-(2-methylbutoxy)ethyl carbamate	CCC(C)COCCOC(=O)N	1.10000002	50404	PubChem:(50404);PubChem class - safety and toxic	67108866
29	1	N/A	-254.93351015879136	C8H17NO3	[M - H2O + H]+	KHJDPFXCFSCSGT	InChI=1S/C8H17NO3/c1-3-4-7(2)11-5-6-12-8(9)10/h7H,3-6H2,1-2H3,(H2,9,10)	2-pentan-2-yloxyethyl carbamate	CCCC(C)OCCOC(=O)N	1.10000002	50403	PubChem:(50403);PubChem class - safety and toxic	67108866
30	1	N/A	-259.29216283051335	C8H17NO3	[M - H2O + H]+	XHFZRZSXRMXSQJ	InChI=1S/C8H17NO3/c1-3-7(4-2)11-5-6-12-8(9)10/h7H,3-6H2,1-2H3,(H2,9,10)	2-pentan-3-yloxyethyl carbamate	CCC(CC)OCCOC(=O)N	1.20000005	50401	PubChem:(50401);PubChem class - safety and toxic	67108866
31	1	N/A	-266.1073077972014	C8H17NO3	[M - H2O + H]+	PDAFIZPRSXHMCO	InChI=1S/C8H17NO3/c1-6(5-10)9-7(11)12-8(2,3)4/h6,10H,5H2,1-4H3,(H,9,11)	Boc-Alaninol	CC(CO)NC(=O)OC(C)(C)C	0.699999988	545701;7023103;13200309	COCONUT:(CNP0156673);PubChem class - safety and toxic;PubChem:(545701 7023103 13200309);PubMed	69206082
32	1	N/A	-267.2879258282228	C8H17NO3	[M - H2O + H]+	RNCZOBHKXCJZPG	InChI=1S/C8H17NO3/c1-7(2)3-4-11-5-6-12-8(9)10/h7H,3-6H2,1-2H3,(H2,9,10)	2-(3-methylbutoxy)ethyl carbamate	CC(C)CCOCCOC(=O)N	1.10000002	50405	PubChem:(50405);PubChem class - safety and toxic	67108866
33	1	N/A	-275.75558888536807	C8H17NO3	[M - H2O + H]+	VAPLTJSYNBYQDO	InChI=1S/C8H17NO3/c1-5-8(9)6(10-2)4-7(11-3)12-5/h5-8H,4,9H2,1-3H3	null	CC1C(C(CC(O1)OC)OC)N	-0.300000012	70005068;77758198;89061572;101411242;121353602;130864637;130906542	PubChem:(70005068 77758198 89061572 101411242 121353602 130864637 130906542);Natural Products:(UNPD3587)	32770
34	1	N/A	-278.23166117643285	C8H17NO3	[M - H2O + H]+	RFDSJHHLGFFVHD	InChI=1S/C8H17NO3/c1-8(2,3)12-7(11)9(4)5-6-10/h10H,5-6H2,1-4H3	AmbotzBAL1001	CC(C)(C)OC(=O)N(C)CCO	0.400000006	545700;102279542	COCONUT:(CNP0083002);PubChem class - safety and toxic;PubChem:(545700 102279542)	69206018
35	1	N/A	-290.35305670970945	C8H17NO3	[M - H2O + H]+	XCLFPNTYTOCKLM	InChI=1S/C8H17NO3/c1-4-7(5-10)6-12-8(11)9(2)3/h7,10H,4-6H2,1-3H3	2-(hydroxymethyl)butyl dimethylcarbamate	CCC(CO)COC(=O)N(C)C	0.810071111	213074	PubChem:(213074);PubChem class - safety and toxic	67108866
36	1	N/A	-295.07801293963536	C8H17NO3	[M - H2O + H]+	ZFCXPRXCTKPYEO	InChI=1S/C8H17NO3/c1-5-11-8(12-6-2)7(10)9(3)4/h8H,5-6H2,1-4H3	2,2-Diethoxy-N,N-dimethylacetamide	CCOC(C(=O)N(C)C)OCC	0.300000012	542750	PubChem:(542750);PubChem class - safety and toxic	67108866
37	1	N/A	-303.8159627502965	C8H17NO3	[M - H2O + H]+	ZOYWWAGVGBSJDL	InChI=1S/C8H17NO3/c1-5-4-6(9(2)3)7(10)8(11)12-5/h5-8,10-11H,4H2,1-3H3	4-(dimethylamino)-6-methyloxane-2,3-diol	CC1CC(C(C(O1)O)O)N(C)C	-0.400000006	419813;12309184;9989742;11344295;60008885;59125069;59831323;68172150;68215757;68400352;70310101;70310539;90658536;89038701;89066310;89217462;89222555;92247896;92247894;92247895;89294040;91373083;130756737;130991249;131155683;129670320;132135964	COCONUT:(CNP0253432);Natural Products:(UNPD6180 UNPD133050);PubChem:(419813 12309184 9989742 11344295 60008885 59125069 59831323 68172150 68215757 68400352 70310101 70310539 90658536 89038701 89066310 89217462 89222555 92247896 92247894 92247895 89294040 91373083 130756737 130991249 131155683 129670320 132135964);SuperNatural:(SN00306706 SN00255815);MeSH:(11344295);PubMed;Biocyc:(CPD-13780);KEGG Mine	8593115206
38	1	N/A	-309.86090282471633	C8H17NO3	[M - H2O + H]+	WMUYJHSRMOORHK	InChI=1S/C8H17NO3/c1-6(11)8(12)7(4-5-10)9(2)3/h5-8,11-12H,4H2,1-3H3	D-Rhodosamine	CC(C(C(CC=O)N(C)C)O)O	-1.10000002	5460917;18534195;88101457;89262020;89262087;89262096;101411241	COCONUT:(CNP0196929);Natural Products:(UNPD86715 UNPD172207);PubChem:(5460917 18534195 88101457 89262020 89262087 89262096 101411241);SuperNatural:(SN00394164 SN00265119);CHEBI:(32574);MeSH:(5460917)	3178534
39	1	N/A	-310.6200068696201	C8H17NO3	[M - H2O + H]+	SZFAKXQGQNTIPD	InChI=1S/C8H17NO3/c1-9(2)6-3-5(4-10)7(11)8(6)12/h5-8,10-12H,3-4H2,1-2H3	null	CN(C)C1CC(C(C1O)O)CO	-0.699999988	75529445	PubChem:(75529445);COCONUT:(CNP0007881)	2097154
40	1	N/A	-312.93849474143275	C8H17NO3	[M - H2O + H]+	DXQZAKXNQNBYTD	InChI=1S/C8H17NO3/c1-5-7(10)8(2,9)4-6(11-3)12-5/h5-7,10H,4,9H2,1-3H3	4-amino-6-methoxy-2,4-dimethyloxan-3-ol	CC1C(C(CC(O1)OC)(C)N)O	-0.600000024	384389;11041230;11052169;11769064;13857463;13857464;13857465;23254147;70151538;130837189;130847460	COCONUT:(CNP0273407);Natural Products:(UNPD145327);PubChem:(384389 11041230 11052169 11769064 13857463 13857464 13857465 23254147 70151538 130837189 130847460);SuperNatural:(SN00302827)	3178498
41	1	N/A	-316.95117205088104	C8H17NO3	[M - H2O + H]+	VVSNIZYTIFRPDX	InChI=1S/C8H17NO3/c1-5-8(9(2)3)6(10)4-7(11)12-5/h5-8,10-11H,4H2,1-3H3	null	CC1C(C(CC(O1)O)O)N(C)C	-0.400000006	100980214	MeSH:(100980214);PubChem:(100980214);PubMed	70
42	1	N/A	-323.0282628396281	C8H17NO3	[M - H2O + H]+	DGZXFJBRHFOJBC	InChI=1S/C8H17NO3/c1-5-8(11)6(9(2)3)4-7(10)12-5/h5-8,10-11H,4H2,1-3H3	4-(dimethylamino)-6-methyloxane-2,5-diol	CC1C(C(CC(O1)O)N(C)C)O	-0.400000006	418590;12442731;20831713;57130951;90657862;90657863;90658742;90658743;101060327;130831763;130978541;129670193;129738142;133619136;134812040;134819885	COCONUT:(CNP0220083);Natural Products:(UNPD108308 UNPD178065);PubChem:(418590 12442731 20831713 57130951 90657862 90657863 90658742 90658743 101060327 130831763 130978541 129670193 129738142 133619136 134812040 134819885);SuperNatural:(SN00338359 SN00249806);MeSH:(101060327);PubMed;Biocyc:(CPD-14692 CPD-15763);KEGG Mine	8593115206
43	1	N/A	-343.41284796271964	C8H17NO3	[M - H2O + H]+	VTJCSBJRQLZNHE	InChI=1S/C8H17NO3/c1-6(11)4-7(9(2)3)8(12)5-10/h5-8,11-12H,4H2,1-3H3	Desosamine	CC(CC(C(C=O)O)N(C)C)O	-0.699999988	168997;421055;92253927;92253928;92253929;98516741	COCONUT:(CNP0379456);MeSH:(168997);PubChem:(168997 421055 92253927 92253928 92253929 98516741);PubMed;CHEBI:(32540)	2097254
1	1	0.18496304607164632	-110.53462267818853	C8H15NO2	[M + H]+	ZUZDUOOCVXTRAU	InChI=1S/C8H15NO2/c1-9(2)5-3-7(4-6-9)8(10)11/h7H,3-6H2,1-2H3/p+1	null	C[N+]1(CCC(CC1)C(=O)O)C	0.300000012	71385008	PubChem:(71385008);PubChem class - bio and metabolites	16777218
2	1	N/A	-121.05846786184414	C8H15NO2	[M + H]+	VOUIHMBRJVKANW	InChI=1S/C8H15NO2/c1-11-8(10)6-7-2-4-9-5-3-7/h7,9H,2-6H2,1H3	Methyl4-piperidineacetate	COC(=O)CC1CCNCC1	0.400000006	1515259	PubChem:(1515259);PubChem class - safety and toxic	67108866
3	1	N/A	-121.07341375047632	C8H15NO2	[M + H]+	XULZWQRXYTVUTE	InChI=1S/C8H15NO2/c1-9(2)6-4-3-5-7(9)8(10)11/h7H,3-6H2,1-2H3/p+1	Homostachydrine	C[N+]1(CCCCC1C(=O)O)C	0.800000012	441447;441448;4479243;5281111	COCONUT:(CNP0085576);HMDB:(33433);KNApSAcK:(1367);Natural Products:(UNPD1768);PubChem:(441447 441448 4479243 5281111);SuperNatural:(SN00268254);CHEBI:(5757);PubChem class - bio and metabolites;KEGG:(C08283)	19956026
4	1	N/A	-124.04285906563423	C8H15NO2	[M + H]+	AUYQMCCWFNSFGV	InChI=1S/C8H15NO2/c10-8(11)2-1-7-3-5-9-6-4-7/h7,9H,1-6H2,(H,10,11)	4-Piperidinepropanoicacid	C1CNCCC1CCC(=O)O	-1.89999998	1520806;40479434	PubChem class - safety and toxic;PubChem:(1520806 40479434);PubMed;PubChem class - bio and metabolites	83886146
5	1	N/A	-131.47071706349146	C8H15NO2	[M + H]+	DQHUOKOFSXEEAW	InChI=1S/C8H15NO2/c1-2-3-6-4-7(8(10)11)9-5-6/h6-7,9H,2-5H2,1H3,(H,10,11)	Proline, 4-propyl-	CCCC1CC(NC1)C(=O)O	-1.0	14311265;14311266;10374685;21632418;21672615;53773578;73815843;92979337	PubChem:(14311265 14311266 10374685 21632418 21672615 53773578 73815843 92979337);PubMed;Biocyc:(CPD-13894);PubChem class - bio and metabolites	16779330
6	1	N/A	-139.88727111477894	C8H15NO2	[M + H]+	LLEOWWWENNCINW	InChI=1S/C8H15NO2/c1-9-5-3-4-7(6-9)8(10)11-2/h7H,3-6H2,1-2H3	Adipsin	CN1CCCC(C1)C(=O)OC	0.600000024	15535;641103;38988981;38988980;38988982	COCONUT:(CNP0022211 CNP0201885);Natural Products:(UNPD48257);PubChem:(15535 641103 38988981 38988980 38988982);SuperNatural:(SN00156605 SN00395781);EcoCyc Mine;PubChem class - safety and toxic;PubMed;KEGG Mine	25840091202
7	1	N/A	-140.09223442753253	C8H15NO2	[M + H]+	RUJPPJYDHHAEEK	InChI=1S/C8H15NO2/c1-2-11-8(10)7-3-5-9-6-4-7/h7,9H,2-6H2,1H3	Oprea1_864652	CCOC(=O)C1CCNCC1	0.5	70770;7057925;58264293;58264318;118116311;131701190	NORMAN:(NS00021530);PubChem class - safety and toxic;PubChem:(70770 7057925 58264293 58264318 118116311 131701190);PubMed	67371074
8	1	N/A	-142.9124648357757	C8H15NO2	[M + H]+	QWGSXOQEGUGWMA	InChI=1S/C8H15NO2/c1-8(7(10)11-2)4-3-5-9-6-8/h9H,3-6H2,1-2H3	null	CC1(CCCNC1)C(=O)OC	0.5	52644166;52644168;53211735	PubChem:(52644166 52644168 53211735);PubChem class - safety and toxic	67108866
9	1	N/A	-150.49168944828057	C8H15NO2	[M + H]+	JYQLFFLYIKPHHN	InChI=1S/C8H15NO2/c1-2-3-6-4-5-9-7(6)8(10)11/h6-7,9H,2-5H2,1H3,(H,10,11)	3-Propylproline	CCCC1CCNC1C(=O)O	-1.0	131514;9793889;14482017;21121446;53981626;121227173	MeSH:(131514);PubChem:(131514 9793889 14482017 21121446 53981626 121227173);PubMed	70
10	1	N/A	-153.54331236849458	C8H15NO2	[M + H]+	GYDJEQRTZSCIOI	InChI=1S/C8H15NO2/c9-5-6-1-3-7(4-2-6)8(10)11/h6-7H,1-5,9H2,(H,10,11)	Anvitoff	C1CC(CCC1CN)C(=O)O	-2.0	5526;1549136;444434;18611094;71752655;91971654;129285677	HMDB:(14447);SuperNatural:(SN00002263);ZINC bio:(ZINC01542907);additional;MeSH:(5526);PubMed;NORMAN:(NS00006665);COCONUT:(CNP0204071);PubChem:(5526 1549136 444434 18611094 71752655 91971654 129285677);CHEBI:(48669 94518);PubChem class - bio and metabolites;KEGG:(C12535);PubChem class - safety and toxic;Training Set;PubChem class - drug	121397614
11	1	N/A	-159.00309378034353	C8H15NO2	[M + H]+	LSOZONHCHUEHFF	InChI=1S/C8H15NO2/c1-6(2)5-7(9)3-4-8(10)11/h3-4,6-7H,5,9H2,1-2H3,(H,10,11)	4-Amhea	CC(C)CC(C=CC(=O)O)N	-1.5	132582;6439465;20839313;53426411;131248766	MeSH:(6439465 53426411);PubChem:(132582 6439465 20839313 53426411 131248766);PubMed	70
12	1	N/A	-159.19066412963983	C8H15NO2	[M + H]+	XIWBSOUNZWSFKU	InChI=1S/C8H15NO2/c1-2-11-8(10)7-4-3-5-9-6-7/h7,9H,2-6H2,1H3	Ethyl nipecotate	CCOC(=O)C1CCCNC1	0.889509499	98969;185582;187784;10534963;10607045;6921684;6921685;20633761	NORMAN:(NS00030258);PubChem:(98969 185582 187784 10534963 10607045 6921684 6921685 20633761);MeSH:(98969);PubChem class - safety and toxic;Training Set;PubMed	67387462
13	1	N/A	-160.2496832925099	C8H15NO2	[M + H]+	PVKLAMRUYSTLJU	InChI=1S/C8H15NO2/c1-9-5-3-4-7(9)6-8(10)11-2/h7H,3-6H2,1-2H3	Methyl 1-methylpyrrolidine-2-acetate	CN1CCCC1CC(=O)OC	0.600000024	103551;15113777;57822565	NORMAN:(NS00056922);COCONUT:(CNP0238623);Natural Products:(UNPD28273);PubChem:(103551 15113777 57822565);SuperNatural:(SN00360442);PubChem class - safety and toxic	70549506
14	1	N/A	-160.31861459438545	C8H15NO2	[M + H]+	DDGHFNSZKFJZDI	InChI=1S/C8H15NO2/c1-5-4-7(8(10)11)9(3)6(5)2/h5-7H,4H2,1-3H3,(H,10,11)	null	CC1CC(N(C1C)C)C(=O)O	-1.0	45115914;93510048;129925650	COCONUT:(CNP0138865);Natural Products:(UNPD38350);PubChem:(45115914 93510048 129925650);SuperNatural:(SN00327751)	3178498
15	1	N/A	-161.38564562719986	C8H15NO2	[M + H]+	CRXFBHQGNFQOHL	InChI=1S/C8H15NO2/c1-9(7-8(10)11)5-3-2-4-6-9/h2-7H2,1H3/p+1	2-(1-methylpiperidin-1-ium-1-yl)acetate	C[N+]1(CCCCC1)CC(=O)O	0.699999988	5249624;5249625	COCONUT:(CNP0083853);Natural Products:(UNPD137476);PubChem:(5249624 5249625);SuperNatural:(SN00368847);PubMed	3178562
16	1	N/A	-164.62542374479648	C8H15NO2	[M + H]+	KDYAKYRBGLKMAK	InChI=1S/C8H15NO2/c9-7(8(10)11)5-6-3-1-2-4-6/h6-7H,1-5,9H2,(H,10,11)	AmbotzHAA1075	C1CCC(C1)CC(C(=O)O)N	-0.800000012	229579;7000136;7000137;6993045;6993046	COCONUT:(CNP0066983);PubChem:(229579 7000136 7000137 6993045 6993046);PubChem class - bio and metabolites	18874370
17	1	N/A	-166.1937045500671	C8H15NO2	[M + H]+	IINRZEIPFQHEAP	InChI=1S/C8H15NO2/c9-8(7(10)11)5-3-1-2-4-6-8/h1-6,9H2,(H,10,11)	(1-carboxycycloheptyl)azanium	C1CCCC(CC1)(C(=O)O)N	0.853362322	23378;7128342;5244175	COCONUT:(CNP0306705);PubChem:(23378 7128342 5244175);PubChem class - bio and metabolites;MeSH:(23378);PubChem class - safety and toxic;PubMed	85983302
18	1	N/A	-166.99595934903564	C8H15NO2	[M + H]+	DHWKOWPDAGMVOD	InChI=1S/C8H15NO2/c1-3-11-8(10)7-4-5-9(2)6-7/h7H,3-6H2,1-2H3	3-Pyrrolidinecarboxylic acid, 1-methyl-, ethyl ester	CCOC(=O)C1CCN(C1)C	0.600000024	21202735;86306759;86306760;86306761;86306762	PubChem:(21202735 86306759 86306760 86306761 86306762);PubChem class - safety and toxic	67108866
19	1	N/A	-167.2410892181292	C8H15NO2	[M + H]+	DRZCPHGVEATLFR	InChI=1S/C8H15NO2/c1-3-10-8(11-4-2)6-5-7-9/h8H,3-6H2,1-2H3	4,4-Diethoxybutanenitrile	CCOC(CCC#N)OCC	1.73909557	87616	NORMAN:(NS00026043);COCONUT:(CNP0252730);Natural Products:(UNPD23916);PubChem:(87616);ZINC bio:(ZINC02242672);PubChem class - safety and toxic	69509122
20	1	N/A	-169.4285958149803	C8H15NO2	[M + H]+	YNONXTJHHDSTPN	InChI=1S/C8H15NO2/c1-7(2)4-3-5-8(7,9)6(10)11/h3-5,9H2,1-2H3,(H,10,11)	null	CC1(CCCC1(C(=O)O)N)C	-1.5	53441418	PubChem:(53441418);PubChem class - safety and toxic	67108866
21	1	N/A	-169.8270893210182	C8H15NO2	[M + H]+	SZIKRGHFZTYTIT	InChI=1S/C8H15NO2/c1-2-11-8(10)7-5-3-4-6-9-7/h7,9H,2-6H2,1H3	Ethyl Pipecolate	CCOC(=O)C1CCCCN1	1.25018573	27517;736055;4115374;7269407;7269408;6931282	NORMAN:(NS00054097);PubChem class - safety and toxic;PubChem:(27517 736055 4115374 7269407 7269408 6931282);PubMed;ZINC bio:(ZINC00155375 ZINC04521798)	67379266
22	1	N/A	-173.53062244603322	C8H15NO2	[M + H]+	DZKNTHMQXGPHLM	InChI=1S/C8H15NO2/c1-6(8(10)11-2)7-4-3-5-9-7/h6-7,9H,3-5H2,1-2H3	methyl 2-pyrrolidin-2-ylpropanoate	CC(C1CCCN1)C(=O)OC	0.699999988	13778723;96007835;96007836;96007837;96007838	PubChem:(13778723 96007835 96007836 96007837 96007838);PubChem class - safety and toxic	67108866
23	1	N/A	-173.76762812587728	C8H15NO2	[M + H]+	LPDGWMLCUHULJF	InChI=1S/C8H15NO2/c10-8(11)4-7-9-5-2-1-3-6-9/h1-7H2,(H,10,11)	Oprea1_832578	C1CCN(CC1)CCC(=O)O	-1.70000005	117782;4608507;20378193	NORMAN:(NS00028093);PubChem:(117782 4608507 20378193);MeSH:(117782);PubChem class - safety and toxic;PubMed;KEGG Mine	8657305670
24	1	N/A	-175.49275831319463	C8H15NO2	[M + H]+	NYSUFKYXLDNHQN	InChI=1S/C8H15NO2/c10-8(11)4-3-7-9-5-1-2-6-9/h1-7H2,(H,10,11)	Ambcb4018163	C1CCN(C1)CCCC(=O)O	-1.70000005	14855681;42176897;57465615	PubChem:(14855681 42176897 57465615);NORMAN:(NS00065189)	262146
25	1	N/A	-177.31876609895167	C8H15NO2	[M + H]+	ZMMITUCIAZVHCG	InChI=1S/C8H15NO2/c1-11-8(10)6-3-2-4-7(9)5-6/h6-7H,2-5,9H2,1H3	Methyl 3-aminocyclohexanecarboxylate	COC(=O)C1CCCC(C1)N	0.400000006	13216966;13216969;46172887;67070431;68466059;89266879	PubChem:(13216966 13216969 46172887 67070431 68466059 89266879);PubChem class - safety and toxic	67108866
26	1	N/A	-177.9301396217272	C8H15NO2	[M + H]+	WAMWSIDTKSNDCU	InChI=1S/C8H15NO2/c9-7(8(10)11)6-4-2-1-3-5-6/h6-7H,1-5,9H2,(H,10,11)	AmbotzHAA6040	C1CCC(CC1)C(C(=O)O)N	-1.0	736848;736849;224391;40637803;42552969	PubChem:(736848 736849 224391 40637803 42552969);additional;PubChem class - bio and metabolites;PubChem class - safety and toxic;Training Set;PubMed	84426818
27	1	N/A	-184.6434960238969	C8H15NO2	[M + H]+	DYEPMFDUWLPBKL	InChI=1S/C8H15NO2/c1-8(2,3)11-7(10)6-4-9-5-6/h6,9H,4-5H2,1-3H3	tert-Butyl Azetidine-3-carboxylate	CC(C)(C)OC(=O)C1CNC1	0.400000006	21828700	PubChem:(21828700);PubChem class - safety and toxic	67108866
28	1	N/A	-185.25860166062145	C8H15NO2	[M + H]+	RWPYOAUYOSFJQV	InChI=1S/C8H15NO2/c1-7(10)11-8-3-5-9(2)6-4-8/h8H,3-6H2,1-2H3	zlchem 94	CC(=O)OC1CCN(CC1)C	0.699999988	151427;450361;45276086;66995449	MeSH:(151427 450361);PubChem class - safety and toxic;PubChem:(151427 450361 45276086 66995449);PubMed;PubChem class - bio and metabolites	83886150
29	1	N/A	-190.66354679560882	C8H15NO2	[M + H]+	PVRBTQOCAOTJCZ	InChI=1S/C8H15NO2/c1-2-7(8(10)11)9-5-3-4-6-9/h7H,2-6H2,1H3,(H,10,11)	2-pyrrolidin-1-ylbutanoate	CCC(C(=O)O)N1CCCC1	-1.0	3020843;21923261;25917318;25917320	PubChem:(3020843 21923261 25917318 25917320);NORMAN:(NS00039001)	262146
30	1	N/A	-195.11775551148597	C8H15NO2	[M + H]+	JTBWDIQPPZCDHV	InChI=1S/C8H15NO2/c9-8(6-7(10)11)4-2-1-3-5-8/h1-6,9H2,(H,10,11)	(1-aminocyclohexyl)acetic acid	C1CCC(CC1)(CC(=O)O)N	-1.29999995	4426692;4426693	PubChem class - safety and toxic;PubChem:(4426692 4426693);PubMed	67108930
31	1	N/A	-197.79457933191594	C8H15NO2	[M + H]+	FEOFWXBYTMJIBA	InChI=1S/C8H15NO2/c1-4-5-6-9(7(2)10)8(3)11/h4-6H2,1-3H3	Diacetamide, N-butyl-	CCCCN(C(=O)C)C(=O)C	0.800000012	73810	NORMAN:(NS00025077);PubChem:(73810);PubMed	262210
32	1	N/A	-198.82181041682296	C8H15NO2	[M + H]+	YSPVHAUJXLGZHP	InChI=1S/C8H15NO2/c1-2-11-8(10)9-6-4-3-5-7-9/h2-7H2,1H3	N-Carbethoxypiperidine	CCOC(=O)N1CCCCC1	1.29999995	21399	PubChem:(21399);PubChem class - safety and toxic	67108866
33	1	N/A	-200.33625670220118	C8H15NO2	[M + H]+	OKBJRKOUQCYMFY	InChI=1S/C8H15NO2/c1-3-4-6-10-8(2)11-7-5-9/h8H,3-4,6-7H2,1-2H3	2-(1-butoxyethoxy)acetonitrile	CCCCOC(C)OCC#N	1.5	44981;92169575;92169576	PubChem:(44981 92169575 92169576);PubChem class - safety and toxic	67108866
34	1	N/A	-201.3376567874001	C8H15NO2	[M + H]+	CLLBVZMAXCBAFJ	InChI=1S/C8H15NO2/c1-9-8(7(10)11-2)5-3-4-6-8/h9H,3-6H2,1-2H3	methyl 1-(methylamino)cyclopentane-1-carboxylate	CNC1(CCCC1)C(=O)OC	0.800000012	58765287;132554538	PubChem:(58765287 132554538);PubChem class - safety and toxic	67108866
35	1	N/A	-201.7302737453685	C8H15NO2	[M + H]+	AERCCJGORROTKW	InChI=1S/C8H15NO2/c1-3-4-5-6-8(2,9)7(10)11/h3H,1,4-6,9H2,2H3,(H,10,11)	(2S)-2-amino-2-methylhept-6-enoic acid	CC(CCCC=C)(C(=O)O)N	-1.39999998	16043571;53420128;58571237	PubChem:(16043571 53420128 58571237);PubMed;PubChem class - bio and metabolites	16777282
36	1	N/A	-202.36191910763694	C8H15NO2	[M + H]+	QVORBTXUFAMNBR	InChI=1S/C8H15NO2/c1-4-9(5-2)6-7(3)8(10)11/h3-6H2,1-2H3,(H,10,11)	2-[(Diethylamino)methyl]acrylic acid	CCN(CC)CC(=C)C(=O)O	-1.29999995	10012148	PubChem:(10012148);PubChem class - safety and toxic	67108866
37	1	N/A	-202.99943016078245	C8H15NO2	[M + H]+	UJOVGKWFOULAPW	InChI=1S/C8H15NO2/c1-8(10)11-7-6-9-4-2-3-5-9/h2-7H2,1H3	2-pyrrolidin-1-ylethyl acetate	CC(=O)OCCN1CCCC1	0.600000024	98815	PubChem:(98815);PubChem class - safety and toxic	67108866
38	1	N/A	-203.23416466436606	C8H15NO2	[M + H]+	HWAFCRWGGRVEQL	InChI=1S/C8H15NO2/c1-6(10)9-7-2-4-8(11)5-3-7/h7-8,11H,2-5H2,1H3,(H,9,10)	4-Acetamidocyclohexanol	CC(=O)NC1CCC(CC1)O	0.200000003	90074;45379482;45379594	PubChem:(90074 45379482 45379594);NORMAN:(NS00049880)	262146
39	1	N/A	-208.1613109355184	C8H15NO2	[M + H]+	OSJJEBGLUJMZJQ	InChI=1S/C8H15NO2/c1-8(2,3)11-9-7(10)6-4-5-6/h6H,4-5H2,1-3H3,(H,9,10)	N-[(2-methylpropan-2-yl)oxy]cyclopropanecarboxamide	CC(C)(C)ONC(=O)C1CC1	1.0	4321691	PubChem:(4321691);PubChem class - safety and toxic	67108866
40	1	N/A	-208.8148244966406	C8H15NO2	[M + H]+	LKNUIOZKLGQZEF	InChI=1S/C8H15NO2/c1-8(11)9-6-4-2-3-5-7-10/h7H,2-6H2,1H3,(H,9,11)	6-Acetamidohexanal	CC(=O)NCCCCCC=O	0.0	129896	MeSH:(129896);PubChem:(129896);PubMed	70
41	1	N/A	-210.65332114446116	C8H15NO2	[M + H]+	JHYKOXJKJHTKTE	InChI=1S/C8H15NO2/c1-11-8(10)4-7-9-5-2-3-6-9/h2-7H2,1H3	Methyl 1-pyrrolidinepropionate	COC(=O)CCN1CCCC1	0.600000024	89167	PubChem:(89167);PubChem class - safety and toxic	67108866
42	1	N/A	-215.11621475637733	C8H15NO2	[M + H]+	IIIBKVMTKMLDFJ	InChI=1S/C8H15NO2/c1-2-11-8(10)7-9-5-3-4-6-9/h2-7H2,1H3	ethylpyrrolidinoacetate	CCOC(=O)CN1CCCC1	1.0	210996;7017953	PubChem:(210996 7017953);PubChem class - safety and toxic	67108866
43	1	N/A	-215.6278786513022	C8H15NO2	[M + H]+	VIBUBBGZNCHOEE	InChI=1S/C8H15NO2/c9-7-5-3-1-2-4-6-8(10)11/h1-2H,3-7,9H2,(H,10,11)	8-Amino-4-octenoicacid;	C(CC=CCCC(=O)O)CN	-1.89999998	3016961;6365538;88783270	PubChem:(3016961 6365538 88783270);NORMAN:(NS00057486)	262146
44	1	N/A	-221.08849930417946	C8H15NO2	[M + H]+	WQJBTSUJPQKSOP	InChI=1S/C8H15NO2/c1-6(2)5-9(7(3)10)8(4)11/h6H,5H2,1-4H3	Diacetamide, N-isobutyl-	CC(C)CN(C(=O)C)C(=O)C	0.800000012	74517	PubChem:(74517);NORMAN:(NS00025890)	262146
45	1	N/A	-221.9204781555766	C8H15NO2	[M + H]+	PCDWXHSMVLWAMG	InChI=1S/C8H15NO2/c10-8(9-11)6-5-7-3-1-2-4-7/h7,11H,1-6H2,(H,9,10)	3-cyclopentylpropanehydroxamic acid	C1CCC(C1)CCC(=O)NO	1.5	3428304	PubChem:(3428304);PubMed;PubChem class - bio and metabolites	16777282
46	1	N/A	-223.88191822094487	C8H15NO2	[M + H]+	QYEWVKCDJGEIRT	InChI=1S/C8H15NO2/c1-8(2)6-9(8)5-4-7(10)11-3/h4-6H2,1-3H3	4-20-00-00283 (Beilstein Handbook Reference)	CC1(CN1CCC(=O)OC)C	0.5	97327	PubChem:(97327);PubChem class - safety and toxic	67108866
47	1	N/A	-224.39335156487064	C8H15NO2	[M + H]+	VXQVHJJNBMOBOI	InChI=1S/C8H15NO2/c1-6-4-9-5-8(6,2)7(10)11-3/h6,9H,4-5H2,1-3H3	null	CC1CNCC1(C)C(=O)OC	0.600000024	91663015;122199020;124706300;124706301;124708318	PubChem:(91663015 122199020 124706300 124706301 124708318);PubChem class - safety and toxic	67108866
48	1	N/A	-224.6752855749779	C8H15NO2	[M + H]+	JHEBCRMYKMBVBX	InChI=1S/C8H15NO2/c1-2-11-8(10)4-7-9-5-3-6-9/h2-7H2,1H3	ethyl 3-azetidinylpropanoate	CCOC(=O)CCN1CCC1	0.600000024	82181;40784863	PubChem:(82181 40784863);PubChem class - safety and toxic	67108866
49	1	N/A	-224.80106269814402	C8H15NO2	[M + H]+	AGFHIYSVIRKUQX	InChI=1S/C8H15NO2/c1-9(11)6-2-3-7(9)5-8(10)4-6/h6-8,10H,2-5H2,1H3	Tropine N-oxide	C[N+]1(C2CCC1CC(C2)O)[O-]	0.200000003	98058;6993296;6993297;11862132;21769014	PubChem:(98058 6993296 6993297 11862132 21769014);NORMAN:(NS00058856)	262146
50	1	N/A	-228.34384840982472	C8H15NO2	[M + H]+	ACJIBDJXENOACA	InChI=1S/C8H15NO2/c1-5(2)4-6(3)7(9)8(10)11/h4,6-7H,9H2,1-3H3,(H,10,11)	2-amino-3,5-dimethylhex-4-enoic acid	CC(C=C(C)C)C(C(=O)O)N	-1.10000002	19084654;101228709	PubChem:(19084654 101228709);PubMed;PubChem class - bio and metabolites	16777282
51	1	N/A	-229.96905963509576	C8H15NO2	[M + H]+	ODIOOGCKZWZMHG	InChI=1S/C8H15NO2/c10-7(11)8-1-4-9(5-2-8)6-3-8/h7,10-11H,1-6H2	null	C1CN2CCC1(CC2)C(O)O	-0.200000003	71676485	COCONUT:(CNP0089879);PubChem:(71676485);SuperNatural:(SN00142714);ZINC bio:(ZINC68604123)	3153922
52	1	N/A	-231.42270142483733	C8H15NO2	[M + H]+	NUVBZLOENHPIPQ	InChI=1S/C8H15NO2/c1-4-10-5-2-8(1)7-9-3-6-11-8/h9H,1-7H2	1,9-dioxa-4-azaspiro[5.5]undecane	C1COCCC12CNCCO2	-0.400000006	65122347	MeSH:(65122347);PubChem:(65122347);PubMed	70
53	1	N/A	-232.49106058652626	C8H15NO2	[M + H]+	XQEPLYLEYBCDLB	InChI=1S/C8H15NO2/c1-7(2)11-8(10)9-5-3-4-6-9/h7H,3-6H2,1-2H3	Isopropyl 1-pyrrolidinecarboxylate	CC(C)OC(=O)N1CCCC1	1.39999998	79230	PubChem:(79230);PubChem class - safety and toxic	67108866
54	1	N/A	-234.07681820539426	C8H15NO2	[M + H]+	MVOOCGHEOGPRHL	InChI=1S/C8H15NO2/c1-3-5-7-8(6-4-2)9(10)11/h7H,3-6H2,1-2H3	4-Nitro-4-octene	CCCC=C(CCC)[N+](=O)[O-]	3.0999999	22439;6433463;6507983	PubChem:(22439 6433463 6507983);PubChem class - safety and toxic	67108866
55	1	N/A	-236.24020359790433	C8H15NO2	[M + H]+	PADVHVIPKZZYSY	InChI=1S/C8H16NO2/c1-9(2,3)6-7-4-5-8(10)11-7/h7H,4-6H2,1-3H3/q+1	trimethyl-[[(2R)-5-oxooxolan-2-yl]methyl]azanium	C[N+](C)(C)CC1CCC(=O)O1	0.300000012	10977487;10331744;14923330	COCONUT:(CNP0397538);PubChem:(10977487 10331744 14923330);SuperNatural:(SN00135663);ZINC bio:(ZINC38525142)	3153922
56	1	N/A	-239.03507295804175	C8H15NO2	[M + H]+	WXCHLANPJRZEII	InChI=1S/C8H15NO2/c1-3-5-6-7-8(4-2)9(10)11/h7H,3-6H2,1-2H3	3-Nitro-3-octene	CCCCC=C(CC)[N+](=O)[O-]	3.20000005	22441;6433465;6507985	PubChem:(22441 6433465 6507985);PubChem class - safety and toxic	67108866
57	1	N/A	-239.3413551014967	C8H15NO2	[M + H]+	NTMXFHGYWJIAAE	InChI=1S/C8H15NO2/c1-4-9(5-2)8(11)6-7(3)10/h4-6H2,1-3H3	Acetoacetdiethylamide	CCN(CC)C(=O)CC(=O)C	0.300000012	16699	HSDB:(2235-46-3);NORMAN:(NS00007973);PubChem class - safety and toxic;PubChem:(16699)	67371522
58	1	N/A	-240.36201398975388	C8H15NO2	[M + H]+	WWILHZQYNPQALT	InChI=1S/C8H15NO2/c1-8(2,7-10)9-3-5-11-6-4-9/h7H,3-6H2,1-2H3	methylmorpholinopropanal	CC(C)(C=O)N1CCOCC1	0.0	2763987	PubChem:(2763987);PubChem class - safety and toxic	67108866
59	1	N/A	-242.6313012982308	C8H15NO2	[M + H]+	AWARHXCROCWEAK	InChI=1S/C8H15NO2/c1-5-6-9-7(10)11-8(2,3)4/h5H,1,6H2,2-4H3,(H,9,10)	N-Boc-allylamine	CC(C)(C)OC(=O)NCC=C	1.60000002	4067274	PubChem:(4067274);PubChem class - safety and toxic	67108866
60	1	N/A	-242.73209583294457	C8H15NO2	[M + H]+	HBFJDSDDZWBGGY	InChI=1S/C8H15NO2/c1-7(2)11-8(10)3-4-9-5-6-9/h7H,3-6H2,1-2H3	propan-2-yl 3-(aziridin-1-yl)propanoate	CC(C)OC(=O)CCN1CC1	0.699999988	32040	PubChem:(32040);PubChem class - safety and toxic	67108866
61	1	N/A	-243.60633200459057	C8H15NO2	[M + H]+	SUGHLLRRJLOOEB	InChI=1S/C8H16NO2/c1-9(6-8-7-11-8)2-4-10-5-3-9/h8H,2-7H2,1H3/q+1	4-methyl-4-(oxiran-2-ylmethyl)morpholin-4-ium	C[N+]1(CCOCC1)CC2CO2	-0.400000006	419879;92162618;92248135	PubChem:(419879 92162618 92248135);NORMAN:(NS00057565)	262146
62	1	N/A	-244.2727214441494	C8H15NO2	[M + H]+	FRRMNZJEBDKMAF	InChI=1S/C8H15NO2/c1-3-5-7-8(6-4-2)9(10)11/h6H,3-5,7H2,1-2H3	4-Nitro-3-octene	CCCCC(=CCC)[N+](=O)[O-]	3.0999999	22440;6433464;6507984	PubChem:(22440 6433464 6507984);PubChem class - safety and toxic	67108866
63	1	N/A	-251.07515527374306	C8H15NO2	[M + H]+	JYYHKBPNSACULF	InChI=1S/C8H15NO2/c10-3-1-2-9-4-8(5-9)6-11-7-8/h10H,1-7H2	null	C1C2(CN1CCCO)COC2	-0.5	71471123	PubChem:(71471123);PubChem class - safety and toxic	67108866
64	1	N/A	-252.60197566586513	C8H15NO2	[M + H]+	ZQGLEEFGEZLSAJ	InChI=1S/C8H15NO2/c1-6-10-8(11-7-1)2-4-9-5-3-8/h9H,1-7H2	4-Piperidone propylene ketal	C1COC2(CCNCC2)OC1	0.100000001	2737216;7010407	PubChem:(2737216 7010407);PubChem class - safety and toxic	67108866
65	1	N/A	-252.86106481365354	C8H15NO2	[M + H]+	VTWAWMLOUJACQE	InChI=1S/C8H15NO2/c1-2-7-11-8(10)3-4-9-5-6-9/h2-7H2,1H3	propyl 3-(aziridin-1-yl)propanoate	CCCOC(=O)CCN1CC1	0.800000012	32039	PubChem:(32039);PubChem class - safety and toxic	67108866
66	1	N/A	-253.04746598397813	C8H15NO2	[M + H]+	QWVUOVZJBNQSNS	InChI=1S/C8H15NO2/c1-9-5-2-6(10)4-7(9)8(11)3-5/h5-8,10-11H,2-4H2,1H3	8-Azabicyclo[3.2.1]octane-3,6-diol, 8-methyl-	CN1C2CC(CC1C(C2)O)O	-0.200000003	6324757;10920768;13855893;13855894;13855897;13855898;68871695;90770944;91034450;130771825;130832775;130918399;131019230;129394238;130994202;131041857;129633959;129846212	COCONUT:(CNP0112238 CNP0205916);KNApSAcK:(25549);Natural Products:(UNPD1799 UNPD23261 UNPD70037 UNPD109224 UNPD103729);PubChem:(6324757 10920768 13855893 13855894 13855897 13855898 68871695 90770944 91034450 130771825 130832775 130918399 131019230 129394238 130994202 131041857 129633959 129846212);SuperNatural:(SN00332741 SN00329837 SN00348276 SN00169051 SN00325085);PubMed;KEGG Mine	8593113170
67	1	N/A	-253.2228299957928	C8H15NO2	[M + H]+	FDDHIANEOMOFKY	InChI=1S/C8H15NO2/c10-8(11)4-6-9-5-2-1-3-7(8)9/h7,10-11H,1-6H2	null	C1CCN2CCC(C2C1)(O)O	-0.100000001	129670845	PubChem:(129670845);MeSH:(129670845)	6
68	1	N/A	-254.09779488237112	C8H15NO2	[M + H]+	ONUQLSPIIWGUKV	InChI=1S/C8H15NO2/c1-7(2)6-8(11)9-4-3-5-10/h5,7H,3-4,6H2,1-2H3,(H,9,11)	Butanamide, 3-methyl-N-(3-oxopropyl)-	CC(C)CC(=O)NCCC=O	0.200000003	22960330	COCONUT:(CNP0412095);Natural Products:(UNPD105927);PubChem:(22960330);SuperNatural:(SN00286733);ZINC bio:(ZINC13357252)	3186690
69	1	N/A	-255.08108910305305	C8H15NO2	[M + H]+	YFIUCVYOKJUGSF	InChI=1S/C8H15NO2/c1-7(11)9-5-2-3-8(9)4-6-10/h8,10H,2-6H2,1H3	1-Acetylpyrrolidine-2-ethanol	CC(=O)N1CCCC1CCO	0.0	11971297;93498585;93498586	PubChem:(11971297 93498585 93498586);NORMAN:(NS00066035)	262146
70	1	N/A	-264.1918502534139	C8H15NO2	[M + H]+	SQECYPINZNWUTE	InChI=1S/C8H15NO2/c10-7-5-9-4-2-1-3-6(9)8(7)11/h6-8,10-11H,1-5H2	Lentiginosine	C1CCN2CC(C(C2C1)O)O	-0.300000012	130407;442645;4361605;13308883;13308886;11073680;11084134;11084135;92291861;118701408;130894720;131159406	COCONUT:(CNP0193138);KNApSAcK:(2050);Natural Products:(UNPD110787 UNPD108232);PubChem:(130407 442645 4361605 13308883 13308886 11073680 11084134 11084135 92291861 118701408 130894720 131159406);SuperNatural:(SN00260557);CHEBI:(6409);MeSH:(130407 442645 11084135 118701408);KEGG:(C10155);PubMed	3178870
71	1	N/A	-269.15498296318435	C8H15NO2	[M + H]+	ZKNMCJMDJTZIFN	InChI=1S/C8H15NO2/c1-9-5-2-3-7(10)6(9)4-8(5)11/h5-8,10-11H,2-4H2,1H3	8-Azabicyclo[3.2.1]octane-2,6-diol, 8-methyl-	CN1C2CCC(C1CC2O)O	-0.200000003	14447045;67027613;134715037	COCONUT:(CNP0331158);Natural Products:(UNPD77986);PubChem:(14447045 67027613 134715037);SuperNatural:(SN00377593)	3178498
72	1	N/A	-269.32662236689777	C8H15NO2	[M + H]+	QWOXSTGOGUNUGF	InChI=1S/C8H15NO2/c10-5-6-1-3-9-4-2-7(11)8(6)9/h6-8,10-11H,1-5H2	Mikanecin	C1CN2CCC(C2C1CO)O	-0.5	92791;276551;6432513;6452107;12310366;12310367;10888168;10986504;10986505;11423723;21581305;133618771;133622429	COCONUT:(CNP0399217);Natural Products:(UNPD70890 UNPD36747 UNPD189935 UNPD115843 UNPD73358);PubChem:(92791 276551 6432513 6452107 12310366 12310367 10888168 10986504 10986505 11423723 21581305 133618771 133622429);SuperNatural:(SN00255806 SN00371262 SN00311238 SN00236586 SN00401479);MeSH:(92791 276551 6432513 6452107 11423723);PubMed;KEGG Mine	8593113158
73	1	N/A	-270.8041524632495	C8H15NO2	[M + H]+	JQNSUWHWLBLHQL	InChI=1S/C8H15NO2/c10-7-5-8(11-6-7)1-3-9-4-2-8/h7,9-10H,1-6H2	1-Oxa-8-azaspiro[4.5]decan-3-ol	C1CNCCC12CC(CO2)O	-0.5	45083200;93495929;93495930	PubChem:(45083200 93495929 93495930);PubChem class - safety and toxic	67108866
74	1	N/A	-272.22687306717484	C8H15NO2	[M + H]+	UDCBJPFHVLCUHM	InChI=1S/C8H15NO2/c10-6-4-8-3-1-2-5-9(8)7-11/h7-8,10H,1-6H2	2-(2-Hydroxyethyl)piperidine-1-carbaldehyde	C1CCN(C(C1)CCO)C=O	0.300000012	3020024;92951309;92951310	PubChem:(3020024 92951309 92951310);NORMAN:(NS00059454)	262146
75	1	N/A	-278.5280055231985	C8H15NO2	[M + H]+	CGGJVHBWBNSMLY	InChI=1S/C8H15NO2/c1-6(10)5-7(11)9-8(2,3)4/h5H2,1-4H3,(H,9,11)	N-tert-butyl-3-oxobutanamide	CC(=O)CC(=O)NC(C)(C)C	0.400000006	257712	PubChem class - safety and toxic;PubChem:(257712);PubMed	67108930
76	1	N/A	-280.0604645772513	C8H15NO2	[M + H]+	YEZAXZZXDSQLIA	InChI=1S/C8H15NO2/c10-5-6-7-2-1-3-9(7)4-8(6)11/h6-8,10-11H,1-5H2	Macronecine, (.+-.)-	C1CC2C(C(CN2C1)O)CO	0.100000001	276550;10866591;10877381;10877384;11126522;11457819;102282463;130756118;130875684;131199974	COCONUT:(CNP0151379);Natural Products:(UNPD124137 UNPD186992 UNPD179474);PubChem:(276550 10866591 10877381 10877384 11126522 11457819 102282463 130756118 130875684 131199974);SuperNatural:(SN00380584 SN00256620 SN00266050);KEGG Mine	8593113090
77	1	N/A	-281.26231018764804	C8H15NO2	[M + H]+	GVYMMQABSVZPJY	InChI=1S/C8H15NO2/c1-2-3-4-5-7(10)6-8(9)11/h2-6H2,1H3,(H2,9,11)	3-oxooctanamide	CCCCCC(=O)CC(=O)N	0.899999976	445964	PubChem:(445964);KEGG Mine;PubChem class - bio and metabolites	8606711810
78	1	N/A	-295.5274104325716	C8H15NO2	[M + H]+	HZHFGXGWJSRSHQ	InChI=1S/C8H15NO2/c1-4-7(3)11-6-9-8(10)5-2/h5,7H,2,4,6H2,1,3H3,(H,9,10)	N-((1-Methylpropoxy)methyl)acrylamide	CCC(C)OCNC(=O)C=C	1.39999998	3024025	PubChem:(3024025);NORMAN:(NS00066509)	262146
79	1	N/A	-300.7617131572392	C8H15NO2	[M + H]+	OKTVRYAQXUEGCP	InChI=1S/C8H15NO2/c9-7-1-3-11-8(5-7)2-4-10-6-8/h7H,1-6,9H2	2,6-dioxaspiro[4.5]decan-9-amine	C1COC2(CCOC2)CC1N	-0.400000006	64105379;95335774;95335775;95335776;95335777	PubChem:(64105379 95335774 95335775 95335776 95335777);PubChem class - safety and toxic	67108866
80	1	N/A	-302.96418539976787	C8H15NO2	[M + H]+	BVBVPQCRUAZHFR	InChI=1S/C8H15NO2/c10-6-8(11)3-5-9-4-1-2-7(8)9/h7,10-11H,1-6H2	null	C1CC2C(CCN2C1)(CO)O	-0.5	11183706;82856687;101202509	COCONUT:(CNP0373635);Natural Products:(UNPD46322 UNPD89872);PubChem:(11183706 82856687 101202509);SuperNatural:(SN00321848 SN00291490);KEGG Mine	8593113090
81	1	N/A	-305.94652030075133	C8H15NO2	[M + H]+	UFQHFMGRRVQFNA	InChI=1S/C8H15NO2/c1-4-8(10)11-7-5-6-9(2)3/h4H,1,5-7H2,2-3H3	3-(Dimethylamino)propyl acrylate	CN(C)CCCOC(=O)C=C	1.04829538	87693;122393762	NORMAN:(NS00026077);PubChem class - safety and toxic;PubChem:(87693 122393762)	67371010
82	1	N/A	-310.64279528944854	C8H15NO2	[M + H]+	AIUAMYPYEUQVEM	InChI=1S/C8H16NO2/c1-5-8(10)11-7-6-9(2,3)4/h5H,1,6-7H2,2-4H3/q+1	Acryloylcholine	C[N+](C)(C)CCOC(=O)C=C	0.224113643	83146	NORMAN:(NS00005210);MeSH:(83146);PubChem:(83146);PubMed;KEGG Mine	8590196806
83	1	N/A	-312.78702322355633	C8H15NO2	[M + H]+	JKNCOURZONDCGV	InChI=1S/C8H15NO2/c1-7(2)8(10)11-6-5-9(3)4/h1,5-6H2,2-4H3	Ageflex FM-1	CC(=C)C(=O)OCCN(C)C	0.953415632	17869;6992614	NORMAN:(NS00002830);PubChem class - food;PubChem:(17869 6992614);PubChem class - bio and metabolites;HSDB:(2867-47-2);MeSH:(17869);PubChem class - safety and toxic;PubMed	218366534
84	1	N/A	-313.14227177705055	C8H15NO2	[M + H]+	MDQSUBXWKFPVPI	InChI=1S/C8H15NO2/c10-5-4-9-6-7-2-1-3-8(9)11-7/h7-8,10H,1-6H2	8-Oxa-6-azabicyclo(3.2.1)octane-6-ethanol	C1CC2CN(C(C1)O2)CCO	0.300000012	97171;92242667;98119317	PubChem:(97171 92242667 98119317);PubChem class - safety and toxic	67108866
85	1	N/A	-322.730145973742	C8H15NO2	[M + H]+	KCTMTGOHHMRJHZ	InChI=1S/C8H15NO2/c1-4-8(10)9-6-11-5-7(2)3/h4,7H,1,5-6H2,2-3H3,(H,9,10)	ACMC-20akae	CC(C)COCNC(=O)C=C	1.39999998	27979	NORMAN:(NS00021031);PubChem class - safety and toxic;PubChem:(27979)	67371010
86	1	N/A	-324.31743668488133	C8H15NO2	[M + H]+	DFLRRTPSYIFGOC	InChI=1S/C8H15NO2/c1-6(2)5-11-8(10)4-7(3)9/h4,6H,5,9H2,1-3H3	null	CC(C)COC(=O)C=C(C)N	1.89999998	12529185;11051914;85381411	PubChem:(12529185 11051914 85381411);NORMAN:(NS00003162)	262146
87	1	N/A	-326.95951554033894	C8H15NO2	[M + H]+	UTSYWKJYFPPRAP	InChI=1S/C8H15NO2/c1-3-5-6-11-7-9-8(10)4-2/h4H,2-3,5-7H2,1H3,(H,9,10)	N-Butoxymethylakrylamid	CCCCOCNC(=O)C=C	1.29999995	15817	HSDB:(1852-16-0);NORMAN:(NS00020598);PubChem class - safety and toxic;PubChem:(15817)	67371522
88	1	N/A	-328.85646971935813	C8H15NO2	[M + H]+	KDAFVGCPLFJMHY	InChI=1S/C8H15NO2/c9-7-1-3-8(4-2-7)10-5-6-11-8/h7H,1-6,9H2	1,4-dioxaspiro[4.5]dec-8-ylamine	C1CC2(CCC1N)OCCO2	0.0	14634315;30116285	PubChem:(14634315 30116285);PubChem class - safety and toxic	67108866
89	1	N/A	-337.9590320845266	C8H15NO2	[M + H]+	CTKXXMXGFDQHTI	InChI=1S/C8H15NO2/c1-5-11-8(10)6-7(2)9(3)4/h6H,5H2,1-4H3	ethyl 3-dimethylaminobut-2-enoate	CCOC(=O)C=C(C)N(C)C	1.20000005	84255;6306651;12349169	NORMAN:(NS00051531);PubChem class - safety and toxic;PubChem:(84255 6306651 12349169)	67371010
90	1	N/A	-338.5107319430397	C8H15NO2	[M + H]+	HFULVRQKWHMTMH	InChI=1S/C8H15NO2/c1-4-9(5-2)8(11)6-7(3)10/h6,10H,4-5H2,1-3H3	N,N-diethyl-3-hydroxybut-2-enamide	CCN(CC)C(=O)C=C(C)O	1.29999995	54707515;54721939	PubChem:(54707515 54721939);CHEBI:(38839)	34
91	1	N/A	-343.42834860290935	C8H15NO2	[M + H]+	QICFUFOXXNIZFF	InChI=1S/C8H15NO2/c1-5(2)6-8(3,4)11-7(10)9-6/h5-6H,1-4H3,(H,9,10)	5,5-dimethyl-4-propan-2-yl-1,3-oxazolidin-2-one	CC(C)C1C(OC(=O)N1)(C)C	1.70000005	3612687;10583042;11105613	PubChem class - safety and toxic;PubChem:(3612687 10583042 11105613);PubMed	67108930
92	1	N/A	-354.4628541893222	C8H15NO2	[M + H]+	MZPHFONHVUPESF	InChI=1S/C8H15NO2/c1-3-8-9(4-5-10-8)6-7(2)11-8/h7H,3-6H2,1-2H3	7a-ethyl-2-methyltetrahydro[1,3]oxazolo[2,3-b][1,3]oxazole	CCC12N(CCO1)CC(O2)C	0.899999976	274120;93233175;93233176;92523825;92642297	PubChem:(274120 93233175 93233176 92523825 92642297);PubChem class - safety and toxic	67108866
93	1	N/A	-379.1287863334098	C8H15NO2	[M + H]+	WBLPIVIXQOFTPQ	InChI=1S/C8H15NO2/c1-3-5-6-8(4-2,11-6)7(9)10/h6H,3-5H2,1-2H3,(H2,9,10)	Quiactin	CCCC1C(O1)(CC)C(=O)N	0.899999976	31365;76964936;76964937;76964938;76964939	PubChem class - safety and toxic;PubChem:(31365 76964936 76964937 76964938 76964939);CHEBI:(134786)	67108898