structureRankPerFormula	formulaRank	ConfidenceScore	CSI:FingerIDScore	molecularFormula	adduct	InChIkey2D	InChI	name	smiles	xlogp	pubchemids	links	dbflags
1	1	0.39379785867681233	-61.22250766854616	C11H18O3	[M - H2O + H]+	XIWMHTMGRGPLQO	InChI=1S/C11H18O3/c1-3-4-9-8(5-6-10(9)12)7-11(13)14-2/h8-9H,3-7H2,1-2H3	Methyl 3-oxo-2-propylcyclopentaneacetate	CCCC1C(CCC1=O)CC(=O)OC	1.60000002	170615	PubChem:(170615);NORMAN:(NS00057622)	262146
2	1	N/A	-92.28088843923973	C11H18O3	[M - H2O + H]+	CDGVZVYABIRILP	InChI=1S/C11H18O3/c12-8-4-1-2-6-11(10-14)7-3-5-9-13/h1-6,11-14H,7-10H2	null	C(C=CCO)C(CO)C=CC=CCO	0.200000003	124874029;124874035;128964473	COCONUT:(CNP0141768);Training Set;PubChem:(124874029 124874035 128964473)	2113538
3	1	N/A	-98.2806489144828	C11H18O3	[M - H2O + H]+	PGTPCJJMOJCWHV	InChI=1S/C11H18O3/c12-10-7-4-6-9(10)5-2-1-3-8-11(13)14/h9H,1-8H2,(H,13,14)	2-(5-Carboxypentyl)cyclopentanone	C1CC(C(=O)C1)CCCCCC(=O)O	1.70000005	218609	PubChem:(218609);PubChem class - safety and toxic	67108866
4	1	N/A	-103.92321315920645	C11H18O3	[M - H2O + H]+	DEIQQSNBDUHJNT	InChI=1S/C11H18O3/c1-9(8-10(2)12)6-4-3-5-7-11(13)14/h8H,3-7H2,1-2H3,(H,13,14)	null	CC(=CC(=O)C)CCCCCC(=O)O	2.20000005	24873924	COCONUT:(CNP0204350);Natural Products:(UNPD132284);PubChem:(24873924)	2129922
5	1	N/A	-115.017011872169	C11H18O3	[M - H2O + H]+	ICIZBTGTSKEFDG	InChI=1S/C11H18O3/c1-3-4-5-8-9(11(13)14-2)6-7-10(8)12/h8-9H,3-7H2,1-2H3	Methyl 2-butyl-3-oxocyclopentanecarboxylate	CCCCC1C(CCC1=O)C(=O)OC	1.89999998	3015902	PubChem:(3015902);NORMAN:(NS00056909)	262146
6	1	N/A	-118.47900799344563	C11H18O3	[M - H2O + H]+	HMAOBTJERLDAIN	InChI=1S/C11H18O3/c1-10(12)8-6-4-3-5-7-9-11(13)14-2/h7,9H,3-6,8H2,1-2H3	2-Decenoic acid, 9-oxo-, methyl ester, (E)-	CC(=O)CCCCCC=CC(=O)OC	1.89999998	10856447;53884313;86734793	COCONUT:(CNP0169349);Natural Products:(UNPD18917);PubChem:(10856447 53884313 86734793);SuperNatural:(SN00392128)	3178498
7	1	N/A	-134.5331267415086	C11H18O3	[M - H2O + H]+	VNYSSRPQCBDQDJ	InChI=1S/C11H18O3/c1-4-5-6-7-8-10(9(2)12)11(13)14-3/h8H,4-7H2,1-3H3	Methyl (E)-2-acetyloct-2-enoate	CCCCCC=C(C(=O)C)C(=O)OC	2.9000001	11790166;54401845	PubChem:(11790166 54401845);NORMAN:(NS00006347)	262146
8	1	N/A	-134.8594824744078	C11H18O3	[M - H2O + H]+	LZZLATQXZPEVKD	InChI=1S/C11H18O3/c1-3-4-5-7-10(12)8-6-9-11(13)14-2/h6,9H,3-5,7-8H2,1-2H3	Methyl 5-oxodecenoate	CCCCCC(=O)CC=CC(=O)OC	2.0999999	166281;6441354	PubChem:(166281 6441354);NORMAN:(NS00061860)	262146
9	1	N/A	-136.14047455384855	C11H18O3	[M - H2O + H]+	JOWMTYWOBJALGB	InChI=1S/C11H18O3/c1-8-2-4-9(5-3-8)10(12)6-7-11(13)14/h8-9H,2-7H2,1H3,(H,13,14)	4-(4-methylcyclohexyl)-4-oxobutanoate	CC1CCC(CC1)C(=O)CCC(=O)O	1.70000005	6919095;6919096	MeSH:(6919096);PubChem:(6919095 6919096);PubMed	70
10	1	N/A	-138.53838335936516	C11H18O3	[M - H2O + H]+	YRJHHSKWIOOQGS	InChI=1S/C11H18O3/c1-3-4-5-6-10(13)9(2)11(14)7-8-12/h3-6,9,11-12,14H,7-8H2,1-2H3	null	CC=CC=CC(=O)C(C)C(CCO)O	1.0	13787569	COCONUT:(CNP0146589);Natural Products:(UNPD47965);PubChem:(13787569);SuperNatural:(SN00327028)	3178498
11	1	N/A	-139.8641221035009	C11H18O3	[M - H2O + H]+	WVABNTSULPSDJL	InChI=1S/C11H18O3/c1-3-4-5-6-9-14-11(13)8-7-10(2)12/h4-5H,3,6-9H2,1-2H3	cis-3-Hexenyl levulinate	CCC=CCCOC(=O)CCC(=O)C	1.5	3020788;6366078;20836241	PubChem:(3020788 6366078 20836241);NORMAN:(NS00064938)	262146
12	1	N/A	-145.6706303927713	C11H18O3	[M - H2O + H]+	FRUCUWUFGHVLGX	InChI=1S/C11H18O3/c1-2-3-4-5-8-9(11(13)14)6-7-10(8)12/h3-4,8-10,12H,2,5-7H2,1H3,(H,13,14)	(+/-)-Cucurbic Acid	CCC=CCC1C(CCC1O)C(=O)O	1.70000005	44629808;93978748	COCONUT:(CNP0298937);Natural Products:(UNPD223738);PubChem:(44629808 93978748)	2129922
13	1	N/A	-145.88024149898504	C11H18O3	[M - H2O + H]+	DVAHCHCZPNEYNF	InChI=1S/C11H18O3/c1-7(12)9-5-8(11(9,2)3)6-10(13)14-4/h8-9H,5-6H2,1-4H3	Methyl pinonate	CC(=O)C1CC(C1(C)C)CC(=O)OC	1.29999995	86494;10584116;11435555;92152643	PubChem:(86494 10584116 11435555 92152643);NORMAN:(NS00054138)	262146
14	1	N/A	-154.34321305673112	C11H18O3	[M - H2O + H]+	TWGFYQIUSFIVDO	InChI=1S/C11H18O3/c1-9(2)5-4-6-10(3)11(9,13)7-8(12)14-10/h13H,4-7H2,1-3H3	2(3H)-Benzofuranone, hexahydro-3a-hydroxy-4,4,7a-trimethyl-	CC1(CCCC2(C1(CC(=O)O2)O)C)C	1.29999995	5316592;15948056	COCONUT:(CNP0416351);Natural Products:(UNPD179440);PubChem:(5316592 15948056);SuperNatural:(SN00158123)	3178498
15	1	N/A	-158.75903449274702	C11H18O3	[M - H2O + H]+	PYEYQVUFMQXYGR	InChI=1S/C11H18O3/c1-3-5-6-7-8-9-10-14-11(12)13-4-2/h3-8H2,1-2H3	Ethyl octine carbonate	CCCCCCC#COC(=O)OCC	4.4000001	14864	PubChem:(14864);PubChem class - safety and toxic	67108866
16	1	N/A	-165.08043630758598	C11H18O3	[M - H2O + H]+	IVKXDHGCABLGAM	InChI=1S/C11H18O3/c1-9(7-8-12)5-4-6-10(2)11(13)14-3/h6-7,12H,4-5,8H2,1-3H3	2,6-Octadienoic acid, 8-hydroxy-2,6-dimethyl-, methyl ester, (2E,6E)-	CC(=CCO)CCC=C(C)C(=O)OC	1.89999998	10375478;57358077;88593449	COCONUT:(CNP0145539);Natural Products:(UNPD186042);PubChem:(10375478 57358077 88593449);SuperNatural:(SN00297715)	3178498
17	1	N/A	-166.39536459949568	C11H18O3	[M - H2O + H]+	JMWBTPQEGMTXKP	InChI=1S/C11H18O3/c1-8(2)5-4-6-11(3)9(12)7-10(13)14-11/h5,9,12H,4,6-7H2,1-3H3	null	CC(=CCCC1(C(CC(=O)O1)O)C)C	1.79999995	10330363;10352705;85112787;132606583	COCONUT:(CNP0282846);Natural Products:(UNPD152531 UNPD171315);PubChem:(10330363 10352705 85112787 132606583);SuperNatural:(SN00355206 SN00307663)	3178498
18	1	N/A	-167.46549665798227	C11H18O3	[M - H2O + H]+	NUGGQIWQPPASAV	InChI=1S/C11H18O3/c1-8(12)10(11(13)14-2)9-6-4-3-5-7-9/h9-10H,3-7H2,1-2H3	methyl 2-cyclohexyl-3-oxobutanoate	CC(=O)C(C1CCCCC1)C(=O)OC	2.70000005	2757994;7021729;7153092	PubChem:(2757994 7021729 7153092);PubChem class - safety and toxic	67108866
19	1	N/A	-167.94978242784057	C11H18O3	[M - H2O + H]+	XUHLHNHLTDLDCL	InChI=1S/C11H18O3/c1-8(2)10(6-5-9(3)12)7-11(13)14-4/h7-8H,5-6H2,1-4H3	null	CC(C)C(=CC(=O)OC)CCC(=O)C	1.89999998	71437680;101286894	COCONUT:(CNP0107543);Natural Products:(UNPD4020);PubChem:(71437680 101286894)	2129922
20	1	N/A	-171.25938547777494	C11H18O3	[M - H2O + H]+	OGANNGKBVXSWII	InChI=1S/C11H18O3/c1-8(2)11(13)7-9(3)5-6-14-10(4)12/h5,11,13H,1,6-7H2,2-4H3	null	CC(=C)C(CC(=CCOC(=O)C)C)O	1.85731685	""	COCONUT:(CNP0401232);Natural Products:(UNPD76925);SuperNatural:(SN00338702)	3178496
21	1	N/A	-178.47699271336012	C11H18O3	[M - H2O + H]+	BOQLMWSDTLQHDI	InChI=1S/C11H18O3/c1-8(11(13)14-2)10(12)9-6-4-3-5-7-9/h8-9H,3-7H2,1-2H3	null	CC(C(=O)C1CCCCC1)C(=O)OC	2.5999999	61685248	PubChem:(61685248);COCONUT:(CNP0374361)	2097154
22	1	N/A	-181.04814501833403	C11H18O3	[M - H2O + H]+	QPHIDXVWDBPNIM	InChI=1S/C11H18O3/c1-3-5-7-9(8-12)11(14)10(13)6-4-2/h3-7,10-14H,8H2,1-2H3	null	CC=CC=C(CO)C(C(C=CC)O)O	0.699999988	101414155;101935615;101935616;139583527	COCONUT:(CNP0325950);Natural Products:(UNPD102007);PubChem:(101414155 101935615 101935616 139583527);SuperNatural:(SN00376696)	3178498
23	1	N/A	-185.73376294290213	C11H18O3	[M - H2O + H]+	PEBGVJDZSCCLNH	InChI=1S/C11H18O3/c1-3-4-5-6-9-7-10(12)8(2)11(13)14-9/h9,12H,3-7H2,1-2H3	null	CCCCCC1CC(=C(C(=O)O1)C)O	2.79999995	122403119;139583366	PubChem:(122403119 139583366);COCONUT:(CNP0351221)	2097154
24	1	N/A	-185.7714888949804	C11H18O3	[M - H2O + H]+	ZTXGCGOIEHBZMQ	InChI=1S/C11H18O3/c1-8(7-12)5-9-3-4-10(13)11(6-9)14-2/h5,7,9-11,13H,3-4,6H2,1-2H3	3-((1R,3R,4R)-4-Hydroxy-3-methoxycyclohexyl)-2-methylacrylaldehyde, (E)-	CC(=CC1CCC(C(C1)OC)O)C=O	0.800000012	13819084;126455914;130705792;131136821;133621817	PubChem:(13819084 126455914 130705792 131136821 133621817);PubChem class - safety and toxic	67108866
25	1	N/A	-196.51830888791508	C11H18O3	[M - H2O + H]+	VMWLSRTVOZWJGO	InChI=1S/C11H18O3/c1-2-9-10(14-9)5-7-3-4-8(6-12)11(7)13/h4,7,9-13H,2-3,5-6H2,1H3	Communiol G	CCC1C(O1)CC2CC=C(C2O)CO	0.800000012	11275639	COCONUT:(CNP0205967);Natural Products:(UNPD109076);PubChem:(11275639);SuperNatural:(SN00404847);PubMed	3178562
26	1	N/A	-198.91076470284779	C11H18O3	[M - H2O + H]+	CNDFZCWNUACFHZ	InChI=1S/C11H18O3/c1-14-9(13)11-5-2-10(8-12,3-6-11)4-7-11/h12H,2-8H2,1H3	methyl 4-(hydroxymethyl)bicyclo[2.2.2]octane-1-carboxylate	COC(=O)C12CCC(CC1)(CC2)CO	1.0	46864123	PubChem:(46864123);PubChem class - safety and toxic	67108866
27	1	N/A	-201.17783212998887	C11H18O3	[M - H2O + H]+	QIOYKXMTBUDZHZ	InChI=1S/C11H18O3/c1-7-8(4-5-12)11(2,3)6-9(13)10(7)14/h9,12-13H,4-6H2,1-3H3	2-Cyclohexen-1-one, 6-hydroxy-3-(2-hydroxyethyl)-2,4,4-trimethyl-	CC1=C(C(CC(C1=O)O)(C)C)CCO	0.699999988	11275637;10397832;101355384	COCONUT:(CNP0139153);Natural Products:(UNPD192903);PubChem:(11275637 10397832 101355384);SuperNatural:(SN00311439);MeSH:(10397832);PubMed	3178566
28	1	N/A	-201.97599905955553	C11H18O3	[M - H2O + H]+	MBUYSYKXSMTIPP	InChI=1S/C11H18O3/c1-2-8-13-11(12)9-14-10-6-4-3-5-7-10/h2,10H,1,3-9H2	datilat	C=CCOC(=O)COC1CCCCC1	2.5	111727	NORMAN:(NS00011940);PubChem class - safety and toxic;PubChem:(111727);PubMed	67371074
29	1	N/A	-202.28322161918967	C11H18O3	[M - H2O + H]+	ZAHSHALPBDCZBT	InChI=1S/C11H18O3/c1-7(12)11(4)6-5-8(9(13)14)10(11,2)3/h8H,5-6H2,1-4H3,(H,13,14)	3-acetyl-2,2,3-trimethylcyclopentane-1-carboxylic acid	CC(=O)C1(CCC(C1(C)C)C(=O)O)C	1.5	2750590;7053990;7053991;7053992;7053993;7053994;7053995;7053996;7053997	COCONUT:(CNP0051482);PubChem:(2750590 7053990 7053991 7053992 7053993 7053994 7053995 7053996 7053997);SuperNatural:(SN00124327 SN00124330 SN00124329 SN00124328);ZINC bio:(ZINC03845916 ZINC03845917 ZINC03845918 ZINC03845919)	3153922
30	1	N/A	-203.40981329115777	C11H18O3	[M - H2O + H]+	NWDBBLFNNILKKJ	InChI=1S/C11H18O3/c1-5-11(3,13)8-6-7-9(2)10(12)14-4/h5,7,13H,1,6,8H2,2-4H3	methyl (2E)-6-hydroxy-2,6-dimethylocta-2,7-dienoate	CC(=CCCC(C)(C=C)O)C(=O)OC	1.70000005	14241030	COCONUT:(CNP0191635);Natural Products:(UNPD63668);PubChem:(14241030);SuperNatural:(SN00266558)	3178498
31	1	N/A	-205.17500601650232	C11H18O3	[M - H2O + H]+	LOUBODOSUOBYTK	InChI=1S/C11H18O3/c1-7(2)4-5-9-6-10(12)8(3)11(13)14-9/h7,9,12H,4-6H2,1-3H3	null	CC1=C(CC(OC1=O)CCC(C)C)O	2.5	122403120	PubChem:(122403120);COCONUT:(CNP0302928)	2097154
32	1	N/A	-210.159138931763	C11H18O3	[M - H2O + H]+	COKVDTKAWIFNTH	InChI=1S/C11H18O3/c1-10(2)7-13-11(14-8-10)5-3-9(12)4-6-11/h3-8H2,1-2H3	Maybridge1_004236	CC1(COC2(CCC(=O)CC2)OC1)C	1.0	587968	NORMAN:(NS00036815);PubChem class - safety and toxic;PubChem:(587968)	67371010
33	1	N/A	-212.73897943254855	C11H18O3	[M - H2O + H]+	NAJZTTOYWJQEQW	InChI=1S/C11H18O3/c1-4-11(3)6-5-9(14-11)8(2)7-10(12)13/h4,8-9H,1,5-7H2,2-3H3,(H,12,13)	null	CC(CC(=O)O)C1CCC(O1)(C)C=C	1.79999995	101414189	COCONUT:(CNP0237529);Natural Products:(UNPD109232);PubChem:(101414189);SuperNatural:(SN00336049)	3178498
34	1	N/A	-219.36371950571478	C11H18O3	[M - H2O + H]+	NHSDNXMGYOMOJZ	InChI=1S/C11H18O3/c1-4-7(3)10-6-9(12)8(5-2)11(13)14-10/h6-9,12H,4-5H2,1-3H3	null	CCC1C(C=C(OC1=O)C(C)CC)O	2.44622326	""	COCONUT:(CNP0302200)	2097152
35	1	N/A	-227.6807022019146	C11H18O3	[M - H2O + H]+	PXDHCJKQXWSQSU	InChI=1S/C11H18O3/c1-2-9(13)10-5-7-3-4-8(6-12)11(7)14-10/h4,7,9-13H,2-3,5-6H2,1H3	Communiol F	CCC(C1CC2CC=C(C2O1)CO)O	0.200000003	11194960;11850280;73125951	COCONUT:(CNP0155615);Natural Products:(UNPD176408);PubChem:(11194960 11850280 73125951);SuperNatural:(SN00379366);MeSH:(11194960);PubMed	3178566
36	1	N/A	-230.08482371489447	C11H18O3	[M - H2O + H]+	DTSQPPVGQIJERI	InChI=1S/C11H18O3/c1-3-13-9(12)10(2)11(14-10)7-5-4-6-8-11/h3-8H2,1-2H3	Ethyl methyl-1-oxaspiro(2.5)octane-2-carboxylate	CCOC(=O)C1(C2(O1)CCCCC2)C	2.0	15564975;15564976;92982731	PubChem:(15564975 15564976 92982731);NORMAN:(NS00050701)	262146
37	1	N/A	-234.13654235929488	C11H18O3	[M - H2O + H]+	PWAGNDORTYARTI	InChI=1S/C11H18O3/c1-7-4-5-9(8(2)6-12)10(7)11(13)14-3/h6-10H,4-5H2,1-3H3	1-.alpha.,2-.alpha.,5-.alpha.-Nepetonic acid, methyl ester	CC1CCC(C1C(=O)OC)C(C)C=O	2.0	6428311;11435557	COCONUT:(CNP0116272);Natural Products:(UNPD129446);PubChem:(6428311 11435557);SuperNatural:(SN00287179)	3178498
38	1	N/A	-234.79961465826648	C11H18O3	[M - H2O + H]+	MSBUMWNIROBQKC	InChI=1S/C11H18O3/c1-7-8(6-14-10(7)13)9(12)5-11(2,3)4/h8-9,12H,1,5-6H2,2-4H3	null	CC(C)(C)CC(C1COC(=O)C1=C)O	1.92652357	""	COCONUT:(CNP0322932)	2097152
39	1	N/A	-238.70782602930606	C11H18O3	[M - H2O + H]+	BRIWRDMFDSFREJ	InChI=1S/C11H18O3/c1-10-6-4-8(5-7-10)11(2,14-10)9(12)13-3/h8H,4-7H2,1-3H3	null	CC12CCC(CC1)C(O2)(C)C(=O)OC	1.99824297	""	COCONUT:(CNP0107067);Natural Products:(UNPD48416);SuperNatural:(SN00315044)	3178496
40	1	N/A	-238.91574751064795	C11H18O3	[M - H2O + H]+	KAJXXKIXJKJMEG	InChI=1S/C11H18O3/c1-3-13-10(12)9-11(14-9)6-4-8(2)5-7-11/h8-9H,3-7H2,1-2H3	Ethyl 6-methyl-1-oxaspiro(2.5)octane-2-carboxylate	CCOC(=O)C1C2(O1)CCC(CC2)C	2.0999999	10856446	PubChem:(10856446);NORMAN:(NS00058689)	262146
41	1	N/A	-239.84284778470055	C11H18O3	[M - H2O + H]+	XGYBHRIFVITMPY	InChI=1S/C11H18O3/c1-9(2)10(3)4-5-11(9,8(13)14)6-7(10)12/h7,12H,4-6H2,1-3H3,(H,13,14)	Oprea1_205073	CC1(C2(CCC1(CC2O)C(=O)O)C)C	1.39999998	1792802;1792803;1792804;1792805;795529;906460;2770470;3682944;7058759;6543270;6574715;6944679;55251152;98042863	COCONUT:(CNP0107482 CNP0372283);PubChem:(1792802 1792803 1792804 1792805 795529 906460 2770470 3682944 7058759 6543270 6574715 6944679 55251152 98042863);SuperNatural:(SN00101444 SN00101415);ZINC bio:(ZINC38193318 ZINC38478014)	3153922
42	1	N/A	-240.5736250708143	C11H18O3	[M - H2O + H]+	LGVYGWVIDSBECZ	InChI=1S/C11H18O3/c1-3-5-6-9-10(12)11(13,7-4-2)8-14-9/h3,5-6,9-10,12-13H,1,4,7-8H2,2H3	null	CCCC1(COC(C1O)C=CC=C)O	1.0	139586334	PubChem:(139586334);COCONUT:(CNP0115796)	2097154
43	1	N/A	-246.22075979875908	C11H18O3	[M - H2O + H]+	PCGSKDWDZDPOLB	InChI=1S/C11H18O3/c1-10(2)8-4-6-11(14-10,7-5-8)9(12)13-3/h8H,4-7H2,1-3H3	null	CC1(C2CCC(O1)(CC2)C(=O)OC)C	1.99824297	""	COCONUT:(CNP0287133);Natural Products:(UNPD179596);SuperNatural:(SN00398202)	3178496
44	1	N/A	-250.27597951360298	C11H18O3	[M - H2O + H]+	VJZWZDQDXPADSE	InChI=1S/C11H18O3/c1-4-5-6-7-11(13)9(3)8(2)10(12)14-11/h13H,4-7H2,1-3H3	Hydroxydihydrobovolide	CCCCCC1(C(=C(C(=O)O1)C)C)O	2.0999999	328789	COCONUT:(CNP0290722);KNApSAcK:(44813);Natural Products:(UNPD160044);PubChem:(328789);SuperNatural:(SN00374499);MeSH:(328789);PubMed	3178582
45	1	N/A	-250.4838060516832	C11H18O3	[M - H2O + H]+	SHFLAHFUIHRVJE	InChI=1S/C11H18O3/c1-3-8-6-9-4-5-10(13-9)7(2)11(12)14-8/h7-10H,3-6H2,1-2H3	null	CCC1CC2CCC(O2)C(C(=O)O1)C	2.20000005	10512169;10081448;101117709;101117710	COCONUT:(CNP0131488);Natural Products:(UNPD20451);PubChem:(10512169 10081448 101117709 101117710);SuperNatural:(SN00312213)	3178498
46	1	N/A	-251.1248686439308	C11H18O3	[M - H2O + H]+	XMILIFWSJFWFFU	InChI=1S/C11H18O3/c1-8(2)6-5-7-11(3)9(14-11)10(12)13-4/h6,9H,5,7H2,1-4H3	Methyl 3-methyl-3-(4-methylpent-3-enyl)oxirane-2-carboxylate	CC(=CCCC1(C(O1)C(=O)OC)C)C	2.4000001	5744350	PubChem:(5744350);NORMAN:(NS00066230)	262146
47	1	N/A	-261.1564524036912	C11H18O3	[M - H2O + H]+	GQGMGCVFWBFOAZ	InChI=1S/C11H18O3/c1-10(2)6-4-5-11(10,3)8(12)7(6)9(13)14/h6-8,12H,4-5H2,1-3H3,(H,13,14)	Oprea1_765212	CC1(C2CCC1(C(C2C(=O)O)O)C)C	2.20000005	825853;825854;2750884;7054449;7054450;7054451;7054452;7107267;7107268;7107269;7107270;6543878;11834763;23309204;23309205;23309206;23309207;23309742;23309743;23309744;23309745;23819495;72837067;98152621;98152622;99725322;124745551	COCONUT:(CNP0063026);PubChem:(825853 825854 2750884 7054449 7054450 7054451 7054452 7107267 7107268 7107269 7107270 6543878 11834763 23309204 23309205 23309206 23309207 23309742 23309743 23309744 23309745 23819495 72837067 98152621 98152622 99725322 124745551);SuperNatural:(SN00135662 SN00135661);ZINC bio:(ZINC38478085 ZINC38478086);KEGG Mine	8593088514
48	1	N/A	-265.2281450329913	C11H18O3	[M - H2O + H]+	NSQYQJLAOMSYPG	InChI=1S/C11H18O3/c1-8(2)10-5-12-11(13-6-10,14-7-10)9-3-4-9/h8-9H,3-7H2,1-2H3	1-Cyclopropyl-4-isopropylbicycloorthocarboxylate	CC(C)C12COC(OC1)(OC2)C3CC3	1.60000002	175753	PubChem:(175753);PubChem class - safety and toxic	67108866
49	1	N/A	-287.92455291980275	C11H18O3	[M - H2O + H]+	PGZMSTXCRBLHFJ	InChI=1S/C11H18O3/c1-7(2)11(13)6-5-8(3)9(14-4)10(11)12/h7,13H,5-6H2,1-4H3	null	CC1=C(C(=O)C(CC1)(C(C)C)O)OC	1.60000002	101414190	COCONUT:(CNP0331762);Natural Products:(UNPD9682);PubChem:(101414190);SuperNatural:(SN00285264)	3178498
50	1	N/A	-303.1398096152246	C11H18O3	[M - H2O + H]+	XBPRXMCEBRMNPD	InChI=1S/C11H18O3/c1-7(2)5-10(12)6-11-13-8(3)9(4)14-11/h5,8-9,11H,6H2,1-4H3	1-(4,5-dimethyl-1,3-dioxolan-2-yl)-4-methylpent-3-en-2-one	CC1C(OC(O1)CC(=O)C=C(C)C)C	1.79999995	3043693;23263635	PubChem:(3043693 23263635);PubChem class - safety and toxic	67108866
51	1	N/A	-318.4319691861934	C11H18O3	[M - H2O + H]+	SDLXTPXOZWLGDA	InChI=1S/C11H18O3/c1-10(2)9(7-6-8-12-5)13-11(3,4)14-10/h6-8H,1-5H3	2,2,4,4-Tetramethyl-5-methoxyallylidene-1,3-dioxolane	CC1(C(=CC=COC)OC(O1)(C)C)C	1.79999995	39534;6434384;15561163	PubChem:(39534 6434384 15561163);PubChem class - safety and toxic	67108866
52	1	N/A	-357.37922330070796	C11H18O3	[M - H2O + H]+	OUVXVCXBRLXKHL	InChI=1S/C11H18O3/c1-7-4-5-11(14-9(7)3)10(12)8(2)6-13-11/h7,9-10,12H,2,4-6H2,1,3H3	null	CC1CCC2(C(C(=C)CO2)O)OC1C	0.800000012	130127082	PubChem:(130127082);COCONUT:(CNP0342443)	2097154
1	1	N/A	-145.15208061532658	C11H16O2	[M + H]+	SVRKACAGHUZSGU	InChI=1S/C11H16O2/c1-3-4-5-6-9-8(2)10(12)7-11(9)13/h4-5,10,12H,3,6-7H2,1-2H3	Jasmololon	CCC=CCC1=C(C(CC1=O)O)C	1.10000002	601864;5374699;12304693;12304692;23630896;131233579	COCONUT:(CNP0292899);HMDB:(30039);Natural Products:(UNPD162431 UNPD47517 UNPD222023);PubChem:(601864 5374699 12304693 12304692 23630896 131233579);SuperNatural:(SN00241254 SN00280391);CHEBI:(143951);PubChem class - bio and metabolites;PubMed;Biocyc:(CPD-14451);KEGG Mine	8609892458
2	1	N/A	-148.81539620198924	C11H16O2	[M + H]+	PGQGHRFGAAUNBD	InChI=1S/C11H16O2/c1-3-5-7-11(13)9-6-8-10(12)4-2/h4-5,7,10-13H,2-3,8H2,1H3	null	CCC=CC(C#CCC(C=C)O)O	1.60000002	121232665	COCONUT:(CNP0082080);PubChem:(121232665);CHEBI:(131336)	2097186
3	1	N/A	-150.07184637739198	C11H16O2	[M + H]+	DLNQRJFVXCCDKL	InChI=1S/C11H16O2/c1-3-4-5-6-7-8-9-10-11(12)13-2/h5-10H,3-4H2,1-2H3	formyl 2E,4E,6Z-decatrienoate	CCCC=CC=CC=CC(=O)OC	3.20000005	12180841;12180842;12180843;12180846;12180847;11052245;11745232;11469433;57131946	COCONUT:(CNP0248466);Natural Products:(UNPD165612 UNPD23744 UNPD114213);PubChem:(12180841 12180842 12180843 12180846 12180847 11052245 11745232 11469433 57131946);SuperNatural:(SN00261988 SN00396230);CHEBI:(137713);ZINC bio:(ZINC13433782);PubMed	3186786
4	1	N/A	-151.33247116902447	C11H16O2	[M + H]+	HJDZYWXQLPUPGM	InChI=1S/C11H16O2/c1-2-3-4-5-6-7-10-8-9-11(12)13-10/h2,4-5,10H,1,3,6-9H2	7E,10-undecadien-4-olide	C=CCC=CCCC1CCC(=O)O1	2.5999999	11974181	COCONUT:(CNP0295277);Natural Products:(UNPD178889);PubChem:(11974181);SuperNatural:(SN00346859)	3178498
5	1	N/A	-152.39876445473138	C11H16O2	[M + H]+	KLAHBFOZHSNBDV	InChI=1S/C11H16O2/c1-11-6-5-9(12)7-8(11)3-2-4-10(11)13/h7,10,13H,2-6H2,1H3	5-hydroxy-4a-methyl-3,4,5,6,7,8-hexahydronaphthalen-2-one	CC12CCC(=O)C=C1CCCC2O	0.899999976	290965;2752854;6992317;12492529;12492531;12492532	COCONUT:(CNP0095297);PubChem:(290965 2752854 6992317 12492529 12492531 12492532);SuperNatural:(SN00119561);PubMed;ZINC bio:(ZINC01570007)	3153986
6	1	N/A	-154.32849790393834	C11H16O2	[M + H]+	ZTIUZVPQAUZNLG	InChI=1S/C11H16O2/c1-10(2)7-4-5-11(10,3)9(13)6-8(7)12/h7H,4-6H2,1-3H3	ACMC-20mrkh	CC1(C2CCC1(C(=O)CC2=O)C)C	1.70000005	137876;51568743;51568744;58586461;58805524;98404772;98404774	COCONUT:(CNP0185993);PubChem:(137876 51568743 51568744 58586461 58805524 98404772 98404774);SuperNatural:(SN00133866 SN00133865);PubMed;ZINC bio:(ZINC16916989 ZINC16916993)	3153986
7	1	N/A	-155.45378848673633	C11H16O2	[M + H]+	CIPBNUHJZOLSBV	InChI=1S/C11H16O2/c1-7-5-9(13)10(8(2)12)11(3,4)6-7/h5,10H,6H2,1-4H3	6-acetyl-3,5,5-trimethylcyclohex-2-enone	CC1=CC(=O)C(C(C1)(C)C)C(=O)C	1.60000002	927440;3565645;92621249	COCONUT:(CNP0349921);PubChem:(927440 3565645 92621249);SuperNatural:(SN00093934);ZINC bio:(ZINC19701711)	3153922
8	1	N/A	-158.3489778682994	C11H16O2	[M + H]+	VTPBMYRJTNVWKA	InChI=1S/C11H16O2/c1-8(2)10-4-6-11(7-5-10)13-9(3)12/h6,10H,1,4-5,7H2,2-3H3	(4-prop-1-en-2-ylcyclohexen-1-yl) acetate	CC(=C)C1CCC(=CC1)OC(=O)C	2.70000005	11116646;14758572	COCONUT:(CNP0099785);PubChem:(11116646 14758572);SuperNatural:(SN00160770)	3145730
9	1	N/A	-159.7171718047793	C11H16O2	[M + H]+	YJHAHRNANWIZTN	InChI=1S/C11H16O2/c1-3-5-6-7-8-9-11(12)13-10-4-2/h4H,2-3,5-7,10H2,1H3	Allyl oct-2-ynoate	CCCCCC#CC(=O)OCC=C	3.79999995	155771	NORMAN:(NS00011948);PubChem class - safety and toxic;PubChem:(155771)	67371010
10	1	N/A	-163.01931448848515	C11H16O2	[M + H]+	QWDYACXDKYCVJC	InChI=1S/C11H16O2/c1-7(2)9-5-4-8(3)10(6-12)11(9)13/h6-7,9H,4-5H2,1-3H3	2-methyl-6-oxo-5-propan-2-ylcyclohexene-1-carbaldehyde	CC1=C(C(=O)C(CC1)C(C)C)C=O	1.79999995	2750471;7159159;7159160	COCONUT:(CNP0245333);PubChem:(2750471 7159159 7159160);SuperNatural:(SN00129516 SN00129517);ZINC bio:(ZINC04266488 ZINC04266490)	3153922
11	1	N/A	-170.8972299733691	C11H16O2	[M + H]+	MTQPZHNZYWAXEH	InChI=1S/C11H16O2/c1-4-5-6-7-10-8(2)9(3)11(12)13-10/h7H,4-6H2,1-3H3	Bovolide	CCCCC=C1C(=C(C(=O)O1)C)C	2.9000001	13051;6433214;6505330	COCONUT:(CNP0269200);HMDB:(39159);Natural Products:(UNPD177537);PubChem class - food;PubChem:(13051 6433214 6505330);SuperNatural:(SN00279706);PubChem class - bio and metabolites	154173450
12	1	N/A	-170.9831557406725	C11H16O2	[M + H]+	UTWINYCXAYHYGN	InChI=1S/C11H16O2/c1-7-5-9(13)10(8(2)12)11(3,4)6-7/h5,13H,6H2,1-4H3	null	CC1=CC(=C(C(C1)(C)C)C(=O)C)O	2.29999995	6954636	COCONUT:(CNP0043353);PubChem:(6954636);SuperNatural:(SN00046910);ZINC bio:(ZINC00517151)	3153922
13	1	N/A	-171.64221264405356	C11H16O2	[M + H]+	IOURLUJNIODGHH	InChI=1S/C11H16O2/c12-4-3-11(13)7-10-6-8-1-2-9(10)5-8/h1-2,8-10,12H,3-7H2	1-Bicyclo(2.2.1)hept-5-en-2-yl-4-hydroxybutan-2-one	C1C2CC(C1C=C2)CC(=O)CCO	1.0	44150704	PubChem:(44150704);NORMAN:(NS00066648)	262146
14	1	N/A	-173.1805999981319	C11H16O2	[M + H]+	HZZBTVOUGFOQSZ	InChI=1S/C11H16O2/c1-8(2)10-6-4-5-9(10)7-11(12)13-3/h7,10H,1,4-6H2,2-3H3	Methyl (2E)-(2-isopropenylcyclopentylidene)ethanoate	CC(=C)C1CCCC1=CC(=O)OC	2.79999995	5374717	PubChem:(5374717);COCONUT:(CNP0264250)	2097154
15	1	N/A	-173.84196624065487	C11H16O2	[M + H]+	VMGOSGYCIMMIQH	InChI=1S/C11H16O2/c1-9(12)3-2-4-10-5-7-11(13)8-6-10/h5-9,12-13H,2-4H2,1H3	4-(4-hydroxypentyl)phenol	CC(CCCC1=CC=C(C=C1)O)O	2.29999995	10219680;11805353	COCONUT:(CNP0310570);Natural Products:(UNPD68499);PubChem:(10219680 11805353);SuperNatural:(SN00371157);KEGG Mine	8593113090
16	1	N/A	-174.2709594713865	C11H16O2	[M + H]+	BOIHAPODUXHNBA	InChI=1S/C11H16O2/c1-2-10(12)8-11(13)9-6-4-3-5-7-9/h3-7,10-13H,2,8H2,1H3	null	CCC(CC(C1=CC=CC=C1)O)O	1.70000005	12550007;12550009;10943055;102090910;102090911	COCONUT:(CNP0116597);Natural Products:(UNPD229845);PubChem:(12550007 12550009 10943055 102090910 102090911)	2129922
17	1	N/A	-177.57111016846827	C11H16O2	[M + H]+	RUMUPMSZUNLFBX	InChI=1S/C11H16O2/c1-2-3-7-11(13)9-5-4-6-10(12)8-9/h4-6,8,11-13H,2-3,7H2,1H3	3-(1''-hydroxypentyl)phenol	CCCCC(C1=CC(=CC=C1)O)O	2.76593995	10035212	COCONUT:(CNP0319409);Natural Products:(UNPD79973);PubChem:(10035212);SuperNatural:(SN00372255);ZINC bio:(ZINC14504294 ZINC14504295);PubMed	3186754
18	1	N/A	-178.83619353916137	C11H16O2	[M + H]+	XCRDXWBECXOVPH	InChI=1S/C11H16O2/c1-7(12)5-6-10-8(2)11(10,4)9(3)13/h5-6,8,10H,1-4H3	null	CC1C(C1(C)C(=O)C)C=CC(=O)C	1.10000002	25172626;25172822;132552186	COCONUT:(CNP0356034);MeSH:(25172822);PubChem:(25172626 25172822 132552186);PubMed	2097222
19	1	N/A	-179.16379429523982	C11H16O2	[M + H]+	JIMXXGFJRDUSRO	InChI=1S/C11H16O2/c12-10(13)11-4-7-1-8(5-11)3-9(2-7)6-11/h7-9H,1-6H2,(H,12,13)	Oprea1_849468	C1C2CC3CC1CC(C2)(C3)C(=O)O	2.3672657	13235;3637755;15181756;11229123;23656857;90471602;101452757	NORMAN:(NS00042478);MeSH:(13235);PubChem class - safety and toxic;PubChem:(13235 3637755 15181756 11229123 23656857 90471602 101452757);PubMed	67371078
20	1	N/A	-179.44855038346478	C11H16O2	[M + H]+	LMYSRVXSJXALBH	InChI=1S/C11H16O2/c1-8-6-11(2,3)9(7-12)5-10(8)13-4/h5-7,10H,1-4H3	null	CC1=CC(C(=CC1OC)C=O)(C)C	1.60000002	101142129	COCONUT:(CNP0121666);KNApSAcK:(36362);Natural Products:(UNPD42207);PubChem:(101142129);SuperNatural:(SN00306913)	3178514
21	1	N/A	-180.3024783962074	C11H16O2	[M + H]+	FNVRFNHQECKJHC	InChI=1S/C11H16O2/c1-3-4-5-6-7-8-9-10-11(12)13-2/h9-10H,3-6H2,1-2H3	Methyl (E)-2-decen-4-ynoate	CCCCCC#CC=CC(=O)OC	3.4000001	5744264;14056879;53436821	PubChem:(5744264 14056879 53436821);NORMAN:(NS00040096)	262146
22	1	N/A	-182.30101890070816	C11H16O2	[M + H]+	IMKHDCBNRDRUEB	InChI=1S/C11H16O2/c1-10(2)5-4-6-11(3)8(10)7-9(12)13-11/h7H,4-6H2,1-3H3	Actinidiolide, dihydro-	CC1(CCCC2(C1=CC(=O)O2)C)C	2.20000005	27209;157995;6432173	HMDB:(35240);PubChem class - food;SuperNatural:(SN00276175);ZINC bio:(ZINC01583510 ZINC02018181);MeSH:(27209 157995 6432173);PubMed;NORMAN:(NS00051943);COCONUT:(CNP0318747);KNApSAcK:(319);Natural Products:(UNPD79136);PubChem:(27209 157995 6432173);PubChem class - bio and metabolites;PubChem class - safety and toxic	221552734
23	1	N/A	-183.75495611475932	C11H16O2	[M + H]+	WFMHNOKCEJZJKZ	InChI=1S/C11H16O2/c1-8-5-6-9(7-12)11(2,3)10(8)13-4/h5-7,10H,1-4H3	null	CC1=CC=C(C(C1OC)(C)C)C=O	1.60000002	130024639	COCONUT:(CNP0109031);KNApSAcK:(36363);Natural Products:(UNPD36953);PubChem:(130024639);SuperNatural:(SN00264915)	3178514
24	1	N/A	-186.23959344588513	C11H16O2	[M + H]+	LDSSHHGVKDZTIX	InChI=1S/C11H16O2/c1-10(5-9(12)13)6-3-7-8(4-6)11(7,10)2/h6-8H,3-5H2,1-2H3,(H,12,13)	null	CC1(C2CC3C1(C3C2)C)CC(=O)O	2.20000005	100966488;133679042;133679089	COCONUT:(CNP0250714);HMDB:(36817);KNApSAcK:(21848);Natural Products:(UNPD141136);PubChem:(100966488 133679042 133679089);SuperNatural:(SN00362636);PubChem class - bio and metabolites	19955738
25	1	N/A	-187.67891126781882	C11H16O2	[M + H]+	KWZGXCHEWSWPPE	InChI=1S/C11H16O2/c1-2-3-4-5-6-7-8-9-10-11(12)13/h2-3H,6-10H2,1H3,(H,12,13)	null	CC=CC#CCCCCCC(=O)O	3.0026207	""	COCONUT:(CNP0331359);Natural Products:(UNPD83484)	2129920
26	1	N/A	-188.24392573790334	C11H16O2	[M + H]+	WRTQKWBSYQGIFV	InChI=1S/C11H16O2/c1-3-11(13-9(2)12)10-7-5-4-6-8-10/h1,10-11H,4-8H2,2H3	1-cyclohexylprop-2-ynyl acetate	CC(=O)OC(C#C)C1CCCCC1	2.5999999	204325;11513861;11217595	PubChem:(204325 11513861 11217595);PubChem class - safety and toxic	67108866
27	1	N/A	-188.28119567955792	C11H16O2	[M + H]+	JMMLJZJUVKEVCK	InChI=1S/C11H16O2/c1-8(2)9-4-6-10(7-5-9)11(12)13-3/h6,9H,1,4-5,7H2,2-3H3	Methyl perillate	CC(=C)C1CCC(=CC1)C(=O)OC	3.0	4453437;14159028;14159029	COCONUT:(CNP0137769);Natural Products:(UNPD194403 UNPD60078);PubChem:(4453437 14159028 14159029);SuperNatural:(SN00346982 SN00258436);KEGG Mine	8593113090
28	1	N/A	-188.61946316553556	C11H16O2	[M + H]+	ZODZTNJOESLXCW	InChI=1S/C11H16O2/c1-7-8-4-5-11(6-12,9(8)13)10(7,2)3/h6,8-9,13H,1,4-5H2,2-3H3	null	CC1(C(=C)C2CCC1(C2O)C=O)C	1.59953833	""	COCONUT:(CNP0414819);SuperNatural:(SN00170361)	3145728
29	1	N/A	-189.1716882168015	C11H16O2	[M + H]+	UJBNAMSJNYDAJG	InChI=1S/C11H16O2/c1-8(2)11(4,5)10(13)7-6-9(3)12/h8H,1-5H3	6,6,7-Trimethyl-3-octyne-2,5-dione	CC(C)C(C)(C)C(=O)C#CC(=O)C	2.70000005	538570	PubChem:(538570);COCONUT:(CNP0076023)	2097154
30	1	N/A	-192.0387814203727	C11H16O2	[M + H]+	JTWGVWIVAIFTQG	InChI=1S/C11H16O2/c1-8(2)7-11(13)9-3-5-10(12)6-4-9/h3-6,8,11-13H,7H2,1-2H3	4-(1-hydroxy-3-methylbutyl)phenol	CC(C)CC(C1=CC=C(C=C1)O)O	2.4000001	150942	MeSH:(150942);PubChem:(150942);PubMed;KEGG Mine	8589934662
31	1	N/A	-192.173201108527	C11H16O2	[M + H]+	UNGMXQVELCJRIH	InChI=1S/C11H16O2/c12-11(13)10-8-2-6-1-7(4-8)5-9(10)3-6/h6-10H,1-5H2,(H,12,13)	Oprea1_327580	C1C2CC3CC1CC(C2)C3C(=O)O	2.79999995	1551679;303802	PubChem class - safety and toxic;PubChem:(1551679 303802);PubMed	67108930
32	1	N/A	-194.8823495317357	C11H16O2	[M + H]+	PLXUFYVBQPIQQH	InChI=1S/C11H16O2/c1-2-3-9-12-10-13-11-7-5-4-6-8-11/h4-8H,2-3,9-10H2,1H3	Butoxyanisole	CCCCOCOC1=CC=CC=C1	3.0999999	147152	PubChem class - safety and toxic;PubChem:(147152);PubMed	67108930
33	1	N/A	-196.47207163509194	C11H16O2	[M + H]+	JHWHCAIRIWJSNW	InChI=1S/C11H16O2/c1-3-5-7-10-8-9(6-4-2)11(12)13-10/h3,8,10H,1,4-7H2,2H3	null	CCCC1=CC(OC1=O)CCC=C	3.0999999	122206280;139584592	PubChem:(122206280 139584592);COCONUT:(CNP0291193)	2097154
34	1	N/A	-197.40353847140457	C11H16O2	[M + H]+	JCLFHZLOKITRCE	InChI=1S/C11H16O2/c1-2-3-4-9-13-11-7-5-10(12)6-8-11/h5-8,12H,2-4,9H2,1H3	4-Amyloxyphenol	CCCCCOC1=CC=C(C=C1)O	3.18944573	29353	NORMAN:(NS00026200);PubChem class - safety and toxic;PubChem:(29353);PubMed;KEGG Mine	8657305666
35	1	N/A	-198.3360815491798	C11H16O2	[M + H]+	JMDVHIAPNBFHIR	InChI=1S/C11H16O2/c1-3-4-5-6-7-8-9-10-11(12)13-2/h4-9H,3,10H2,1-2H3	null	CCC=CC=CC=CCC(=O)OC	2.79999995	129725847	COCONUT:(CNP0205483);Natural Products:(UNPD149392 UNPD142333);PubChem:(129725847);SuperNatural:(SN00307015)	3178498
36	1	N/A	-198.34537836892895	C11H16O2	[M + H]+	QHPJGDWWLWJMPM	InChI=1S/C11H16O2/c1-11(2)9-4-3-8(6-13-7-12)10(11)5-9/h3,7,9-10H,4-6H2,1-2H3	Myrtenyl formate	CC1(C2CC=C(C1C2)COC=O)C	2.20000005	6429195;11789815;76956199	NORMAN:(NS00060652);COCONUT:(CNP0199922);HMDB:(36669);PubChem class - food;PubChem:(6429195 11789815 76956199);PubChem class - bio and metabolites	153354250
37	1	N/A	-202.48761193525084	C11H16O2	[M + H]+	TYROJDFHUXSBHC	InChI=1S/C11H16O2/c12-8-4-5-9-13-10-11-6-2-1-3-7-11/h1-3,6-7,12H,4-5,8-10H2	4-Benzyloxy-1-butanol	C1=CC=C(C=C1)COCCCCO	1.60000002	562212;87220992	PubChem class - safety and toxic;PubChem:(562212 87220992);PubMed;ZINC bio:(ZINC02530756)	67117122
38	1	N/A	-202.9715925727869	C11H16O2	[M + H]+	MGKNBDBZIKPUFM	InChI=1S/C11H16O2/c1-2-3-8-13-11-6-4-10(9-12)5-7-11/h4-7,12H,2-3,8-9H2,1H3	4-Butoxybenzyl alcohol	CCCCOC1=CC=C(C=C1)CO	2.7049737	80346	NORMAN:(NS00034938);PubChem:(80346);ZINC bio:(ZINC01695449)	270338
39	1	N/A	-204.908933871813	C11H16O2	[M + H]+	GGPCJIKQXDNJJY	InChI=1S/C11H16O2/c1-2-3-8-13-9-10-4-6-11(12)7-5-10/h4-7,12H,2-3,8-9H2,1H3	Phenol, 4-(butoxymethyl)-	CCCCOCC1=CC=C(C=C1)O	2.5	14251857	COCONUT:(CNP0265781);HMDB:(39957);Natural Products:(UNPD58614);PubChem:(14251857);SuperNatural:(SN00370522);PubChem class - bio and metabolites;PubMed;KEGG Mine	8609890378
40	1	N/A	-204.92961567374658	C11H16O2	[M + H]+	BPBPWBGJZQBEKD	InChI=1S/C11H16O2/c1-8(2)10-5-4-9(3)11(6-10)13-7-12/h4,7,10-11H,1,5-6H2,2-3H3	trans-Carvyl formate	CC1=CCC(CC1OC=O)C(=C)C	2.5999999	121797;6429196	NORMAN:(NS00049006);COCONUT:(CNP0003412);PubChem:(121797 6429196)	2359298
41	1	N/A	-205.84734481673695	C11H16O2	[M + H]+	NYARJMRXCRSQPJ	InChI=1S/C11H16O2/c1-8(2)3-4-9-5-6-10(12)7-11(9)13/h5-8,12-13H,3-4H2,1-2H3	Isoamylresorcinol	CC(C)CCC1=C(C=C(C=C1)O)O	3.06169629	203762	COCONUT:(CNP0138668);Natural Products:(UNPD192514);PubChem class - safety and toxic;PubChem:(203762);KEGG Mine	8659173378
42	1	N/A	-206.0940623344281	C11H16O2	[M + H]+	CBXCHJJTIOEINN	InChI=1S/C11H16O2/c1-3-8(2)11(13)9-4-6-10(12)7-5-9/h4-8,11-13H,3H2,1-2H3	4-Hmpbm	CCC(C)C(C1=CC=C(C=C1)O)O	2.4000001	146283	MeSH:(146283);PubChem:(146283);PubMed	70
43	1	N/A	-206.6049733196244	C11H16O2	[M + H]+	PJHYOCWMKYASAB	InChI=1S/C11H16O2/c1-2-3-4-5-9-6-7-10(12)8-11(9)13/h6-8,12-13H,2-5H2,1H3	4-Amylresorcinol	CCCCCC1=C(C=C(C=C1)O)O	3.28126788	68287	PubChem class - safety and toxic;PubChem:(68287);KEGG Mine	8657043458
44	1	N/A	-207.07147918341224	C11H16O2	[M + H]+	BGHHDJUQYBAXSB	InChI=1S/C11H16O2/c1-11(2,13)8-7-9-3-5-10(12)6-4-9/h3-6,12-13H,7-8H2,1-2H3	4-(3-hydroxy-3-methylbutyl)phenol	CC(C)(CCC1=CC=C(C=C1)O)O	2.0999999	138161	PubChem class - safety and toxic;PubChem:(138161);KEGG Mine	8657043458
45	1	N/A	-207.3993102996644	C11H16O2	[M + H]+	QCAUMBKKZVOPPF	InChI=1S/C11H16O2/c1-8(12)7-11(3,4)10-6-5-9(2)13-10/h5-6H,7H2,1-4H3	4-Methyl-4-(5-methyl-2-furyl)pentan-2-one	CC1=CC=C(O1)C(C)(C)CC(=O)C	2.20000005	3015588	PubChem:(3015588);NORMAN:(NS00029164)	262146
46	1	N/A	-207.65704395084205	C11H16O2	[M + H]+	ZZGALJOLYVMECF	InChI=1S/C11H16O2/c1-7-8-4-5-11(6-8,9(12)13)10(7,2)3/h8H,1,4-6H2,2-3H3,(H,12,13)	2,2-dimethyl-3-methylenebicyclo[2.2.1]heptanecarboxylic acid	CC1(C(=C)C2CCC1(C2)C(=O)O)C	2.0	907548;907549;3637451;4702165;7084004;7084003;50898131;50936515;98135255	COCONUT:(CNP0068886 CNP0205071);PubChem:(907548 907549 3637451 4702165 7084004 7084003 50898131 50936515 98135255);SuperNatural:(SN00070651 SN00070650);ZINC bio:(ZINC04046558 ZINC04046560)	3153922
47	1	N/A	-208.2377857872863	C11H16O2	[M + H]+	UOACSUDCGMMDFW	InChI=1S/C11H16O2/c1-9(12)3-4-10-5-7-11(13-2)8-6-10/h5-9,12H,3-4H2,1-2H3	4-(4-methoxyphenyl)butan-2-ol	CC(CCC1=CC=C(C=C1)OC)O	2.29999995	101151;11805355;40579075	NORMAN:(NS00055528);COCONUT:(CNP0324316);Natural Products:(UNPD79587);PubChem:(101151 11805355 40579075);SuperNatural:(SN00295750);KEGG Mine	8593375234
48	1	N/A	-208.46916290904153	C11H16O2	[M + H]+	ABJOFFUIJZDZBE	InChI=1S/C11H16O2/c1-4-12-10-7-6-9(3)8-11(10)13-5-2/h6-8H,4-5H2,1-3H3	ACMC-20anfa	CCOC1=C(C=C(C=C1)C)OCC	3.0	75788	NORMAN:(NS00028034);PubChem class - safety and toxic;PubChem:(75788)	67371010
49	1	N/A	-210.22054772650444	C11H16O2	[M + H]+	UAKLAMRGOJLCEP	InChI=1S/C11H16O2/c1-4-12-10-7-6-9(3)11(8-10)13-5-2/h6-8H,4-5H2,1-3H3	2,4-Diethoxytoluene	CCOC1=CC(=C(C=C1)C)OCC	3.16595197	12266586	PubChem:(12266586);PubChem class - safety and toxic	67108866
50	1	N/A	-212.60931419729474	C11H16O2	[M + H]+	WFDLOFBDXQOKAO	InChI=1S/C11H16O2/c1-7-8-3-5-9(7)10(6-4-8)11(12)13-2/h6-9H,3-5H2,1-2H3	null	CC1C2CCC1C(=CC2)C(=O)OC	2.47036552	""	COCONUT:(CNP0075584)	2097152
51	1	N/A	-213.59313715602272	C11H16O2	[M + H]+	WHKNJDDCGFFLET	InChI=1S/C11H16O2/c1-10(9(12)13-3)6-4-7-8(5-6)11(7,10)2/h6-8H,4-5H2,1-3H3	null	CC1(C2CC3C1(C3C2)C)C(=O)OC	1.95252073	""	COCONUT:(CNP0158078);Natural Products:(UNPD17416);SuperNatural:(SN00402963)	3178496
52	1	N/A	-213.85939084710282	C11H16O2	[M + H]+	KENWRRUSJKMXOL	InChI=1S/C11H16O2/c1-8-3-5-10(6-4-8)9(2)7-11(12)13/h3,7,10H,4-6H2,1-2H3,(H,12,13)	null	CC1=CCC(CC1)C(=CC(=O)O)C	2.5	13623221;96011116;130682029;130982257	COCONUT:(CNP0357511);KNApSAcK:(10869);Natural Products:(UNPD190866);PubChem:(13623221 96011116 130682029 130982257);SuperNatural:(SN00307944)	3178514
53	1	N/A	-214.11992106619616	C11H16O2	[M + H]+	ZJCYULYFGMNBIQ	InChI=1S/C11H16O2/c1-4-12-10-7-6-8-11(9(10)3)13-5-2/h6-8H,4-5H2,1-3H3	2,6-Diethoxytoluene	CCOC1=C(C(=CC=C1)OCC)C	3.16595197	247492	PubChem:(247492);PubChem class - safety and toxic	67108866
54	1	N/A	-215.00994022356196	C11H16O2	[M + H]+	IZRKOTZTHHSHEF	InChI=1S/C11H16O2/c1-11(2,3)7-8-6-9(12)4-5-10(8)13/h4-6,12-13H,7H2,1-3H3	2-Neopentyl-1,4-benzenediol	CC(C)(C)CC1=C(C=CC(=C1)O)O	2.90600729	384080	PubChem:(384080);COCONUT:(CNP0410395)	2097154
55	1	N/A	-215.11201731381968	C11H16O2	[M + H]+	PLPOOSRONAYTQI	InChI=1S/C11H16O2/c12-11(13)10-5-6-4-9(10)8-3-1-2-7(6)8/h6-10H,1-5H2,(H,12,13)	Octahydro-4,7-methano-1H-indene-5-carboxylic acid	C1CC2C(C1)C3CC2CC3C(=O)O	2.5999999	184074;13787834;130822514	PubChem:(184074 13787834 130822514);NORMAN:(NS00066049)	262146
56	1	N/A	-217.25199499503975	C11H16O2	[M + H]+	XHMKGDUAGDFSHL	InChI=1S/C11H16O2/c1-2-3-8-13-11-7-5-4-6-10(11)9-12/h4-7,12H,2-3,8-9H2,1H3	o-Butoxybenzyl alcohol	CCCCOC1=CC=CC=C1CO	2.7049737	23014	PubChem:(23014);PubChem class - safety and toxic	67108866
57	1	N/A	-218.72920763122553	C11H16O2	[M + H]+	GWKHZXGRPBDDKT	InChI=1S/C11H16O2/c1-11(2,13)7-9-5-3-4-6-10(9)8-12/h3,5,7-8,10,13H,4,6H2,1-2H3	2-(2-Hydroxy-2-methylpropylidene)cyclohex-3-ene-1-carbaldehyde	CC(C)(C=C1C=CCCC1C=O)O	0.899999976	175328;6442052;20839667;92256663;98102699;98102701;98102703	PubChem:(175328 6442052 20839667 92256663 98102699 98102701 98102703);NORMAN:(NS00060065)	262146
58	1	N/A	-218.72969578670717	C11H16O2	[M + H]+	UPGQKHLMOMJYPR	InChI=1S/C11H16O2/c1-5-9(2)7-6-8-10(3)11(12)13-4/h5-8H,1-4H3	null	CC=C(C)C=CC=C(C)C(=O)OC	2.76459885	""	COCONUT:(CNP0153694);Natural Products:(UNPD178127)	2129920
59	1	N/A	-218.76002369278945	C11H16O2	[M + H]+	MMMXGGXIIWGLRU	InChI=1S/C11H16O2/c1-9(2)11-5-3-10(4-6-11)7-13-8-12/h3,8,11H,1,4-7H2,2H3	(4-prop-1-en-2-ylcyclohexen-1-yl)methyl formate	CC(=C)C1CCC(=CC1)COC=O	2.70000005	122512;89729365	PubChem:(122512 89729365);NORMAN:(NS00053129)	262146
60	1	N/A	-218.94675533236347	C11H16O2	[M + H]+	LQSVMIMIFSSFGG	InChI=1S/C11H16O2/c1-4-5-9-6-7-10(12-2)11(8-9)13-3/h4,6-8,10-11H,1,5H2,2-3H3	Dihydromethyleugenol	COC1C=CC(=CC1OC)CC=C	1.60000002	3053286	PubChem class - safety and toxic;PubChem:(3053286);PubMed	67108930
61	1	N/A	-220.8095814542075	C11H16O2	[M + H]+	RDARSNURXMFGDV	InChI=1S/C11H16O2/c12-11(13)8-4-9-6-1-2-7(3-6)10(9)5-8/h6-10H,1-5H2,(H,12,13)	tricyclo[5.2.1.02,6]decane-4-carboxylic acid	C1CC2CC1C3C2CC(C3)C(=O)O	2.4000001	98132;56843024;92238629;98117763;98200698;98200699	NORMAN:(NS00054975);PubChem class - safety and toxic;PubChem:(98132 56843024 92238629 98117763 98200698 98200699)	67371010
62	1	N/A	-220.8156652987379	C11H16O2	[M + H]+	ZRADTNJSPQDCDV	InChI=1S/C11H16O2/c1-3-4-5-9-8-10(13-2)6-7-11(9)12/h6-8,12H,3-5H2,1-2H3	Phenol, 2-butyl-4-methoxy-	CCCCC1=C(C=CC(=C1)OC)O	3.4000001	15936158	PubChem:(15936158);NORMAN:(NS00006719)	262146
63	1	N/A	-221.1196356613192	C11H16O2	[M + H]+	ONIBHZIXCLTLNO	InChI=1S/C11H16O2/c1-13-11-7-5-10(6-8-11)4-2-3-9-12/h5-8,12H,2-4,9H2,1H3	4-(4-hydroxybutyl)anisole	COC1=CC=C(C=C1)CCCCO	2.72314739	97660	PubChem:(97660);NORMAN:(NS00032465)	262146
64	1	N/A	-221.25591591055962	C11H16O2	[M + H]+	IRMPFYJSHJGOPE	InChI=1S/C11H16O2/c1-2-3-4-5-9-6-10(12)8-11(13)7-9/h6-8,12-13H,2-5H2,1H3	Olivetol-d9	CCCCCC1=CC(=CC(=C1)O)O	3.5999999	10377;12313718;11063109;11286856;57161464;101897604;118245144;129776352;131866487	SuperNatural:(SN00333335);ZINC bio:(ZINC02040431);additional;MeSH:(10377);Plantcyc:(CPD-11505);PubMed;NORMAN:(NS00031996);COCONUT:(CNP0301883);Natural Products:(UNPD58008);PubChem:(10377 12313718 11063109 11286856 57161464 101897604 118245144 129776352 131866487);CHEBI:(66960);PubChem class - bio and metabolites;PubChem class - safety and toxic;Training Set;Biocyc:(CPD-11505);KEGG Mine	8677943398
65	1	N/A	-222.10684793355128	C11H16O2	[M + H]+	ONBQOCZVFSXWQW	InChI=1S/C11H16O2/c12-11(13)9-4-3-8-6-1-2-7(5-6)10(8)9/h6-10H,1-5H2,(H,12,13)	tricyclo[5.2.1.02,6]decane-3-carboxylic acid	C1CC2CC1C3C2C(CC3)C(=O)O	2.5999999	169194;98627818;118577368;124937978;124937979;124937980;130929404;131121655	PubChem:(169194 98627818 118577368 124937978 124937979 124937980 130929404 131121655);NORMAN:(NS00051676)	262146
66	1	N/A	-223.52590139561045	C11H16O2	[M + H]+	OVEBWDPQALSVNI	InChI=1S/C11H16O2/c1-3-4-5-6-7-10-8-9(2)13-11(10)12/h6-9H,3-5H2,1-2H3	2(5H)-Furanone, 3-(1-hexenyl)-5-methyl-	CCCCC=CC1=CC(OC1=O)C	3.20000005	11321306;11412722;54171228;67201435;71401515;101369063;101369064;117846497	COCONUT:(CNP0226361);Natural Products:(UNPD37659);PubChem:(11321306 11412722 54171228 67201435 71401515 101369063 101369064 117846497);SuperNatural:(SN00352655);MeSH:(101369064);PubMed	3178566
67	1	N/A	-224.3896576867231	C11H16O2	[M + H]+	XXBXCBIFNWCCMR	InChI=1S/C11H16O2/c1-11(2)8-4-3-7(5-8)9(11)6-10(12)13/h6-8H,3-5H2,1-2H3,(H,12,13)	(3,3-dimethylbicyclo[2.2.1]hept-2-ylidene)acetic acid	CC1(C2CCC(C2)C1=CC(=O)O)C	2.5	284602;5705625;7055690;7055691;7324932;7324933;7324934;7324935;5382451;6994919;6994920;50936490;50936491;50937784;50937785;92525103;98055489;98101401	COCONUT:(CNP0216113);PubChem:(284602 5705625 7055690 7055691 7324932 7324933 7324934 7324935 5382451 6994919 6994920 50936490 50936491 50937784 50937785 92525103 98055489 98101401);SuperNatural:(SN00131231 SN00131232);ZINC bio:(ZINC04701667 ZINC04701668)	3153922
68	1	N/A	-226.2665605761397	C11H16O2	[M + H]+	CVCQFCVMUMOBBJ	InChI=1S/C11H16O2/c1-3-13-11(12)10-7(2)8-4-5-9(10)6-8/h4-5,7-10H,3,6H2,1-2H3	ethyl 2-methylbicyclo[2.2.1]hept-5-ene-3-carboxylate	CCOC(=O)C1C(C2CC1C=C2)C	2.29999995	106865;101197380;132501550	PubChem:(106865 101197380 132501550);NORMAN:(NS00056429)	262146
69	1	N/A	-227.65639985401762	C11H16O2	[M + H]+	JBNCRMFOHKBEFO	InChI=1S/C11H16O2/c1-7-10(2,3)8-4-5-11(7,6-8)9(12)13/h8H,1,4-6H2,2-3H3,(H,12,13)	3,3-dimethyl-2-methylenebicyclo[	CC1(C2CCC(C2)(C1=C)C(=O)O)C	2.20000005	139125;795525;795527;3598708;6944677;6944678;50897833;50936408;98042862	COCONUT:(CNP0173269 CNP0372619);PubChem:(139125 795525 795527 3598708 6944677 6944678 50897833 50936408 98042862);SuperNatural:(SN00044700 SN00044701);ZINC bio:(ZINC00299204 ZINC00299206);PubChem class - safety and toxic;PubMed	70262850
70	1	N/A	-231.16040699332078	C11H16O2	[M + H]+	HZHOPLNHGZJIDX	InChI=1S/C11H16O2/c1-11(2,13)7-9-4-3-5-10(6-9)8-12/h3-4,7-8,10,13H,5-6H2,1-2H3	5-(2-Hydroxy-2-methylpropylidene)cyclohex-3-ene-1-carbaldehyde	CC(C)(C=C1CC(CC=C1)C=O)O	0.800000012	175282;6442044;20839666	PubChem:(175282 6442044 20839666);NORMAN:(NS00060512)	262146
71	1	N/A	-232.43949878921248	C11H16O2	[M + H]+	XEDJJCRGHSVDKQ	InChI=1S/C11H16O2/c1-11(8-12,9-13)7-10-5-3-2-4-6-10/h2-6,12-13H,7-9H2,1H3	2-benzyl-2-methylpropane-1,3-diol	CC(CC1=CC=CC=C1)(CO)CO	1.5	299476	PubChem:(299476);PubChem class - safety and toxic	67108866
72	1	N/A	-233.13632942310747	C11H16O2	[M + H]+	BTNRWSUWLFMXEL	InChI=1S/C11H16O2/c1-2-3-4-5-7-10(12)11-8-6-9-13-11/h6,8-9H,2-5,7H2,1H3	2-Heptanoylfuran	CCCCCCC(=O)C1=CC=CO1	3.22628856	231327	PubChem:(231327);PubChem class - safety and toxic	67108866
73	1	N/A	-235.62786159421248	C11H16O2	[M + H]+	UFOUDYPOSJJEDJ	InChI=1S/C11H16O2/c1-9(11(12-2)13-3)10-7-5-4-6-8-10/h4-9,11H,1-3H3	1,1-Dimethoxy-2-phenylpropane	CC(C1=CC=CC=C1)C(OC)OC	2.4000001	62336;12300220;76955958	NORMAN:(NS00012626);COCONUT:(CNP0091794);HMDB:(32468);PubChem class - food;PubChem:(62336 12300220 76955958);ZINC bio:(ZINC00389503 ZINC00389504);PubChem class - bio and metabolites;PubChem class - safety and toxic	220471306
74	1	N/A	-236.674410047246	C11H16O2	[M + H]+	NGRZOWQXYGMVQS	InChI=1S/C11H16O2/c1-10(7-12)8-13-9-11-5-3-2-4-6-11/h2-6,10,12H,7-9H2,1H3	3-Benzyloxy-2-methyl-1-propanol	CC(CO)COCC1=CC=CC=C1	1.70000005	562208;11105957;11126859	MeSH:(562208);PubChem:(562208 11105957 11126859);PubMed	70
75	1	N/A	-238.0705256961289	C11H16O2	[M + H]+	UARSYQUQCPAGLB	InChI=1S/C11H16O2/c1-11(2,12)8-9-4-6-10(13-3)7-5-9/h4-7,12H,8H2,1-3H3	null	CC(C)(CC1=CC=C(C=C1)OC)O	2.51810718	10866940	PubChem:(10866940);PubChem class - safety and toxic	67108866
76	1	N/A	-238.1226914727789	C11H16O2	[M + H]+	DPMSFTBHUBQBOL	InChI=1S/C11H16O2/c1-4-6-9-7-5-8-10(12-2)11(9)13-3/h5,7-8H,4,6H2,1-3H3	null	CCCC1=C(C(=CC=C1)OC)OC	3.20000005	53772339	PubChem:(53772339);YMDB:(1577)	65538
77	1	N/A	-238.37176283541038	C11H16O2	[M + H]+	IXTZDGHQBBPSJZ	InChI=1S/C11H16O2/c1-12-9-8-11(13-2)10-6-4-3-5-7-10/h3-7,11H,8-9H2,1-2H3	(1,3-dimethoxypropyl)benzene	COCCC(C1=CC=CC=C1)OC	1.79999995	12450308	COCONUT:(CNP0070881);PubChem:(12450308);SuperNatural:(SN00137488 SN00137487);ZINC bio:(ZINC68572435 ZINC68572436)	3153922
78	1	N/A	-239.67047389204163	C11H16O2	[M + H]+	BQTOTVBOOGPLPR	InChI=1S/C11H16O2/c1-9-4-6-10(7-5-9)8-11(12-2)13-3/h4-7,11H,8H2,1-3H3	p-(2,2-Dimethoxyethyl)toluene	CC1=CC=C(C=C1)CC(OC)OC	2.4000001	162533	NORMAN:(NS00012139);PubChem class - safety and toxic;PubChem:(162533)	67371010
79	1	N/A	-240.22258689692202	C11H16O2	[M + H]+	LQXUNLBAEJOILA	InChI=1S/C11H16O2/c1-9-6-4-5-7-10(9)8-11(12-2)13-3/h4-7,11H,8H2,1-3H3	ACMC-20anps	CC1=CC=CC=C1CC(OC)OC	2.79425263	14817331	PubChem:(14817331);PubChem class - safety and toxic	67108866
80	1	N/A	-240.49284087628368	C11H16O2	[M + H]+	KJZQUTGGCFVTCY	InChI=1S/C11H16O2/c1-8(12)10-7-9-3-5-11(10,13-2)6-4-9/h3,5,9-10H,4,6-7H2,1-2H3	1-(1-Methoxybicyclo[2.2.2]oct-5-en-2-yl)ethanone	CC(=O)C1CC2CCC1(C=C2)OC	1.0	117251;55250430;92256643;98106594;101834116	PubChem:(117251 55250430 92256643 98106594 101834116);NORMAN:(NS00051115)	262146
81	1	N/A	-241.3188056060019	C11H16O2	[M + H]+	BRTZDCQNZKKULS	InChI=1S/C11H16O2/c1-8(2)11(13-4)6-5-9(3)7-10(11)12/h7H,1,5-6H2,2-4H3	null	CC1=CC(=O)C(CC1)(C(=C)C)OC	2.0999999	91464345	COCONUT:(CNP0242474);Natural Products:(UNPD153718);PubChem:(91464345);SuperNatural:(SN00326808);PubMed	3178562
82	1	N/A	-241.38100617008524	C11H16O2	[M + H]+	MKZUGSPKAYXMHH	InChI=1S/C11H16O2/c1-4-10-6-5-9(7-8(2)3)11(12)13-10/h5-6,8H,4,7H2,1-3H3	Mucidone	CCC1=CC=C(C(=O)O1)CC(C)C	3.20000005	167669	COCONUT:(CNP0226350);MeSH:(167669);Natural Products:(UNPD107117);PubChem:(167669);PubMed	2129990
83	1	N/A	-241.7871418474194	C11H16O2	[M + H]+	RHEKEOGQJMGRFN	InChI=1S/C11H16O2/c1-11(2)8-5-4-7(6-8)9(11)10(12)13-3/h4-5,7-9H,6H2,1-3H3	Methyl 3,3-dimethylbicyclo(2.2.1)hept-5-ene-2-carboxylate	CC1(C2CC(C1C(=O)OC)C=C2)C	2.29999995	44149600	PubChem:(44149600);NORMAN:(NS00062376)	262146
84	1	N/A	-242.21345853971	C11H16O2	[M + H]+	YUQCSJRITDBZLT	InChI=1S/C11H16O2/c1-9-5-4-6-10(7-9)8-11(12-2)13-3/h4-7,11H,8H2,1-3H3	1-(2,2-dimethoxyethyl)-3-methylbenzene	CC1=CC(=CC=C1)CC(OC)OC	2.4000001	14817332	PubChem:(14817332);PubChem class - safety and toxic	67108866
85	1	N/A	-242.55017218549037	C11H16O2	[M + H]+	OQWFGJSSTQRQQM	InChI=1S/C11H16O2/c12-6-13-11-5-7-4-10(11)9-3-1-2-8(7)9/h6-11H,1-5H2	octahydro-1h-4,7-methanoinden-5-yl formate	C1CC2C(C1)C3CC2CC3OC=O	2.9000001	257735;98116998;98117000;98117002;98117003;124541602;124919508;124919509;124919510;130933570	PubChem:(257735 98116998 98117000 98117002 98117003 124541602 124919508 124919509 124919510 130933570);PubChem class - safety and toxic	67108866
86	1	N/A	-243.351842136621	C11H16O2	[M + H]+	PQAOFUQAZBGCQK	InChI=1S/C11H16O2/c1-12-11(13-2)9-8-10-6-4-3-5-7-10/h3-7,11H,8-9H2,1-2H3	3,3-dimethoxypropylbenzene	COC(CCC1=CC=CC=C1)OC	2.4000001	95979	NORMAN:(NS00028837);COCONUT:(CNP0293429);Natural Products:(UNPD163055);PubChem:(95979);SuperNatural:(SN00362557);ZINC bio:(ZINC01677785)	3448834
87	1	N/A	-247.24474963460497	C11H16O2	[M + H]+	MAQMEXSLUSZDQM	InChI=1S/C11H16O2/c1-3-12-11(13-4-2)10-8-6-5-7-9-10/h5-9,11H,3-4H2,1-2H3	diethoxymethylbenzene	CCOC(C1=CC=CC=C1)OCC	2.29999995	69884	NORMAN:(NS00022777);PubChem class - food;PubChem:(69884);ZINC bio:(ZINC01555411);PubChem class - safety and toxic;PubMed	201596994
88	1	N/A	-249.45761348289008	C11H16O2	[M + H]+	SOEWHLJEXIKEPN	InChI=1S/C11H16O2/c1-11(2,3)13-10-7-5-9(12-4)6-8-10/h5-8H,1-4H3	p-tert-Butoxyanisole	CC(C)(C)OC1=CC=C(C=C1)OC	2.94492149	84881	PubChem:(84881);NORMAN:(NS00024994)	262146
89	1	N/A	-249.54301020023348	C11H16O2	[M + H]+	ZIIZEEWHNOONMF	InChI=1S/C11H16O2/c1-2-8-13-11(12)9-10-6-4-3-5-7-10/h3-7,11-12H,2,8-9H2,1H3	2-phenyl-1-propoxyethanol	CCCOC(CC1=CC=CC=C1)O	2.4000001	3018206	PubChem:(3018206);NORMAN:(NS00061305)	262146
90	1	N/A	-251.58965813539027	C11H16O2	[M + H]+	XBYJEPZKXGPIKK	InChI=1S/C11H16O2/c1-9(2)5-7-11(12-9)8-6-10(3,4)13-11/h5-8H,1-4H3	1,6-Dioxaspiro[4.4]nona-3,8-diene, 2,2,7,7-tetramethyl-	CC1(C=CC2(O1)C=CC(O2)(C)C)C	1.70000005	11745236	COCONUT:(CNP0172620);HMDB:(30007);Natural Products:(UNPD125745);PubChem:(11745236);PubChem class - bio and metabolites	18907146
91	1	N/A	-252.58259962033347	C11H16O2	[M + H]+	HNUDORDYOZLYMZ	InChI=1S/C11H16O2/c1-8(2)6-9-4-5-10(13-3)7-11(9)12/h4-5,7-8,12H,6H2,1-3H3	2-Isobutyl-5-methoxyphenol	CC(C)CC1=C(C=C(C=C1)OC)O	3.0999999	3022588	PubChem:(3022588);NORMAN:(NS00039671)	262146
92	1	N/A	-252.7271817685375	C11H16O2	[M + H]+	XDZLFEKELKUEPL	InChI=1S/C11H16O2/c1-3-5-9-6-7-11(13-4-2)10(12)8-9/h6-8,12H,3-5H2,1-2H3	2-Ethoxy-5-propylphenol	CCCC1=CC(=C(C=C1)OCC)O	3.20000005	110129	PubChem:(110129);NORMAN:(NS00036569)	262146
93	1	N/A	-259.7199601812592	C11H16O2	[M + H]+	YXLFQKUIZVSIEP	InChI=1S/C11H16O2/c1-4-5-9-6-7-10(12-2)11(8-9)13-3/h6-8H,4-5H2,1-3H3	4-Propylveratrole	CCCC1=CC(=C(C=C1)OC)OC	3.20229959	123233;58030450	COCONUT:(CNP0355885);Natural Products:(UNPD163578);PubChem:(123233 58030450);MeSH:(123233);PubChem class - safety and toxic;PubMed;KEGG Mine	8659173446
94	1	N/A	-260.09863062815737	C11H16O2	[M + H]+	UTWCLCFHXYGTTF	InChI=1S/C11H16O2/c1-11(2,8-12)10(13)9-6-4-3-5-7-9/h3-7,10,12-13H,8H2,1-2H3	2,2-dimethyl-1-phenyl-1,3-propanediol	CC(C)(CO)C(C1=CC=CC=C1)O	1.60000002	251285;12709666;11412725	PubChem:(251285 12709666 11412725);PubChem class - safety and toxic	67108866
95	1	N/A	-262.5432298520021	C11H16O2	[M + H]+	SKKHNUKNMQLBTJ	InChI=1S/C11H16O2/c1-7(2)11(12)13-10-6-8-3-4-9(10)5-8/h8-10H,1,3-6H2,2H3	3-bicyclo[2.2.1]heptanyl 2-methylprop-2-enoate	CC(=C)C(=O)OC1CC2CCC1C2	2.79999995	4177229;11126860;55283527;58685956;58689500;92173234;98050186;98050187;117646426;124524933;124524934;134688086	PubChem:(4177229 11126860 55283527 58685956 58689500 92173234 98050186 98050187 117646426 124524933 124524934 134688086);PubChem class - safety and toxic	67108866
96	1	N/A	-264.7910825675846	C11H16O2	[M + H]+	UHBUKFKTICTRIO	InChI=1S/C11H16O2/c1-7(2)11(12)13-10-6-8-3-4-9(10)5-8/h3-4,7-10H,5-6H2,1-2H3	Bicyclo(2.2.1)hept-5-en-2-yl isobutyrate	CC(C)C(=O)OC1CC2CC1C=C2	2.5	44148318	PubChem:(44148318);NORMAN:(NS00064092)	262146
97	1	N/A	-269.3527505857119	C11H16O2	[M + H]+	MRBKEAMVRSLQPH	InChI=1S/C11H16O2/c1-11(2,3)9-7-8(13-4)5-6-10(9)12/h5-7,12H,1-4H3	Butylhydroxyanisolum	CC(C)(C)C1=C(C=CC(=C1)OC)O	2.86652303	8456;19016621;71309874	HMDB:(59925);PubChem class - food;Maconda:(CON00011);ZINC bio:(ZINC00001080);HSDB:(121-00-6);MeSH:(8456);PubMed;NORMAN:(NS00009076);COCONUT:(CNP0141704);PubChem:(8456 19016621 71309874);CHEBI:(76358);PubChem class - bio and metabolites;PubChem class - safety and toxic	220472942
98	1	N/A	-269.57588420334736	C11H16O2	[M + H]+	IUFQXXXVUIYVOZ	InChI=1S/C11H16O2/c1-7-4-3-5-9-8(2)6-13-11(12)10(7)9/h6-7,9-10H,3-5H2,1-2H3	null	CC1CCCC2C1C(=O)OC=C2C	2.71605396	""	COCONUT:(CNP0307411);Natural Products:(UNPD64820);SuperNatural:(SN00338077)	3178496
99	1	N/A	-271.5425087487176	C11H16O2	[M + H]+	HGYJADMDWCVAIY	InChI=1S/C11H16O2/c1-9(2)10-5-3-4-6-11(10)13-8-7-12/h3-6,9,12H,7-8H2,1-2H3	2-(2-propan-2-ylphenoxy)ethanol	CC(C)C1=CC=CC=C1OCCO	2.48540187	351874	PubChem:(351874);PubChem class - safety and toxic	67108866
100	1	N/A	-274.0114399742227	C11H16O2	[M + H]+	IMOYOUMVYICGCA	InChI=1S/C11H16O2/c1-11(2,3)9-7-8(12)5-6-10(9)13-4/h5-7,12H,1-4H3	3-Butyl-4-hydroxyanisole	CC(C)(C)C1=C(C=CC(=C1)O)OC	3.20000005	6932;12422206	NORMAN:(NS00002896);COCONUT:(CNP0415874);HMDB:(59926);PubChem class - food;PubChem:(6932 12422206);CHEBI:(76357);PubChem class - bio and metabolites;MeSH:(6932);PubChem class - safety and toxic;PubMed	220463214
101	1	N/A	-274.1995673832442	C11H16O2	[M + H]+	OXCJDAQAKNOBAD	InChI=1S/C11H16O2/c1-8(2)13-11-6-4-10(5-7-11)9(3)12/h4-9,12H,1-3H3	(1S)-1-(4-isopropoxyphenyl)ethanol	CC(C)OC1=CC=C(C=C1)C(C)O	2.20000005	11148076;25324419;25324421	PubChem:(11148076 25324419 25324421);PubChem class - safety and toxic	67108866
102	1	N/A	-274.27416698960315	C11H16O2	[M + H]+	OOGVPRUONAQCBN	InChI=1S/C11H16O2/c1-8-7-10(12)11(13-8)9-5-3-2-4-6-9/h7,9,11H,2-6H2,1H3	2-cyclohexyl-5-methylfuran-3-one	CC1=CC(=O)C(O1)C2CCCCC2	2.79999995	4447644;92141139;98111184	PubChem:(4447644 92141139 98111184);PubChem class - safety and toxic	67108866
103	1	N/A	-283.6319366450201	C11H16O2	[M + H]+	YKYXORJDSTUCTN	InChI=1S/C11H16O2/c1-7-5-8(11(2,3)4)10(13)9(12)6-7/h5-6,12-13H,1-4H3	3-tert-Butyl-5-methylcatechol	CC1=CC(=C(C(=C1)O)O)C(C)(C)C	3.20000005	66095	NORMAN:(NS00023022);COCONUT:(CNP0082713);PubChem:(66095);SuperNatural:(SN00213224);ZINC bio:(ZINC00901869);KEGG:(C03929)	3416322
104	1	N/A	-286.9134586959382	C11H16O2	[M + H]+	HXCIWXCKKJLNMH	InChI=1S/C11H16O2/c1-11(2,3)13-10-6-4-9(8-12)5-7-10/h4-7,12H,8H2,1-3H3	Ambap51503-08-3	CC(C)(C)OC1=CC=C(C=C1)CO	2.49993348	3016675	PubChem:(3016675);NORMAN:(NS00032293)	262146
105	1	N/A	-290.7500836194918	C11H16O2	[M + H]+	PMRGVXIRSTVLJS	InChI=1S/C11H16O2/c1-7-5-8(11(2,3)4)6-9(12)10(7)13/h5-6,12-13H,1-4H3	5-tert-Butyl-3-methylpyrocatechol	CC1=CC(=CC(=C1O)O)C(C)(C)C	3.20000005	75173	NORMAN:(NS00027071);PubChem class - safety and toxic;PubChem:(75173)	67371010
106	1	N/A	-293.4218862029719	C11H16O2	[M + H]+	GXVJJTLDTNWPON	InChI=1S/C11H16O2/c1-7-5-6-8(11(2,3)4)10(13)9(7)12/h5-6,12-13H,1-4H3	3-tert-Butyl-6-methylpyrocatechol	CC1=C(C(=C(C=C1)C(C)(C)C)O)O	3.20000005	75174	PubChem:(75174);NORMAN:(NS00027072)	262146
107	1	N/A	-299.8152990678034	C11H16O2	[M + H]+	YBCYCPJHEXJDAN	InChI=1S/C11H16O2/c1-11(2,3)9-4-5-10(13)8(6-9)7-12/h4-6,12-13H,7H2,1-3H3	2-Ohtbubz alcohol	CC(C)(C)C1=CC(=C(C=C1)O)CO	2.42153525	96020	MeSH:(96020);Training Set;PubChem:(96020);PubMed	16454
108	1	N/A	-301.6042683744385	C11H16O2	[M + H]+	BXIJYKUDHDLSQP	InChI=1S/C11H16O2/c1-7(2)9-6-11(13-4)8(3)5-10(9)12/h5-7,12H,1-4H3	4-methoxy-5-methyl-2-propan-2-ylphenol	CC1=CC(=C(C=C1OC)C(C)C)O	3.05637646	251510	COCONUT:(CNP0117764);Natural Products:(UNPD139185);PubChem:(251510);SuperNatural:(SN00276180);PubMed	3178562
109	1	N/A	-301.6042683744385	C11H16O2	[M + H]+	NXUKKIRUGGHAKL	InChI=1S/C11H16O2/c1-7(2)9-6-10(12)8(3)5-11(9)13-4/h5-7,12H,1-4H3	null	CC1=CC(=C(C=C1O)C(C)C)OC	3.05637646	11105955	COCONUT:(CNP0411678);Natural Products:(UNPD52052);PubChem:(11105955);SuperNatural:(SN00360257)	3178498
110	1	N/A	-311.65075334158973	C11H16O2	[M + H]+	ASVZXURNINVJAS	InChI=1S/C11H16O2/c1-8-5-6-9(7-10(8)12)11(2,3)13-4/h5-7,12H,1-4H3	5-(2-methoxypropan-2-yl)-2-methylphenol	CC1=C(C=C(C=C1)C(C)(C)OC)O	2.5522716	342519	COCONUT:(CNP0153685);KNApSAcK:(10909);Natural Products:(UNPD33151);PubChem:(342519);SuperNatural:(SN00355369)	3178514
111	1	N/A	-314.2879184587339	C11H16O2	[M + H]+	SXZWEDHVLUGDCG	InChI=1S/C11H16O2/c1-8-5-6-9(11(2,3)12)7-10(8)13-4/h5-7,12H,1-4H3	null	CC1=C(C=C(C=C1)C(C)(C)O)OC	2.0	58551788	COCONUT:(CNP0405242);Natural Products:(UNPD167322);PubChem:(58551788);SuperNatural:(SN00362750)	3178498
112	1	N/A	-324.9836758424476	C11H16O2	[M + H]+	UGNWVAUDNUJJGM	InChI=1S/C11H16O2/c1-8(2)10-5-4-9(7-12)6-11(10)13-3/h4-6,8,12H,7H2,1-3H3	null	CC(C)C1=C(C=C(C=C1)CO)OC	2.0999999	11008533	COCONUT:(CNP0327020);Natural Products:(UNPD90235);PubChem:(11008533);SuperNatural:(SN00384157)	3178498
113	1	N/A	-327.9058118364239	C11H16O2	[M + H]+	OTVWOWODDGZITR	InChI=1S/C11H16O2/c1-7(2)10-5-9(6-12)8(3)4-11(10)13/h4-5,7,12-13H,6H2,1-3H3	Thymotinic alcohol	CC1=CC(=C(C=C1CO)C(C)C)O	2.20000005	20402	PubChem class - safety and toxic;PubChem:(20402);PubMed	67108930
114	1	N/A	-332.1401970608971	C11H16O2	[M + H]+	JMHXZINCPAHHJX	InChI=1S/C11H16O2/c1-11(2,13-7-12)10-6-8-3-4-9(10)5-8/h3-4,7-10H,5-6H2,1-2H3	1-Bicyclo(2.2.1)hept-5-en-2-yl-1-methylethyl formate	CC(C)(C1CC2CC1C=C2)OC=O	2.4000001	44144796	PubChem:(44144796);NORMAN:(NS00064959)	262146