structureRankPerFormula	formulaRank	ConfidenceScore	CSI:FingerIDScore	molecularFormula	adduct	InChIkey2D	InChI	name	smiles	xlogp	pubchemids	links	dbflags
1	1	N/A	-139.5509890734752	C14H16O4	[M + H]+	MXDVNECCWOURRH	InChI=1S/C14H16O4/c1-4-18-14(16)13(10(2)15)9-11-5-7-12(17-3)8-6-11/h5-9H,4H2,1-3H3	Ethyl 2-acetyl-3-(4-methoxyphenyl)acrylate	CCOC(=O)C(=CC1=CC=C(C=C1)OC)C(=O)C	2.33341217	367488;6019202;5388605	PubChem:(367488 6019202 5388605);PubChem class - safety and toxic	67108866
2	1	N/A	-142.12498866202125	C14H16O4	[M + H]+	LQQKULWAVYAOBB	InChI=1S/C14H16O4/c1-15-11-9-7-5-6-8-10(9)12(16-2)14(18-4)13(11)17-3/h5-8H,1-4H3	1,2,3,4-tetramethoxynaphthalene	COC1=C(C(=C(C2=CC=CC=C21)OC)OC)OC	3.0999999	6431117	COCONUT:(CNP0186952);Natural Products:(UNPD11766);PubChem:(6431117)	2129922
3	1	N/A	-154.32392061104602	C14H16O4	[M + H]+	VUWPIBNKJSEYIN	InChI=1S/C14H16O4/c1-3-17-13(15)12(14(16)18-4-2)10-11-8-6-5-7-9-11/h5-10H,3-4H2,1-2H3	Diethyl benzalmalonate	CCOC(=O)C(=CC1=CC=CC=C1)C(=O)OCC	2.8419888	94751	NORMAN:(NS00005962);COCONUT:(CNP0033230);PubChem:(94751);SuperNatural:(SN00119635);ZINC bio:(ZINC01591829);PubChem class - safety and toxic;PubMed	70524994
4	1	N/A	-171.64812118118027	C14H16O4	[M + H]+	YAHUDNWHZFLCBN	InChI=1S/C14H16O4/c1-3-17-10-12(14(16)18-4-2)13(15)11-8-6-5-7-9-11/h5-10H,3-4H2,1-2H3	Ethyl 2-benzoyl-3-ethoxyacrylate	CCOC=C(C(=O)C1=CC=CC=C1)C(=O)OCC	2.5999999	98006;3034576;5356861	PubChem:(98006 3034576 5356861);NORMAN:(NS00058820)	262146
5	1	N/A	-172.48098890614963	C14H16O4	[M + H]+	CJMRVYJARYYDRN	InChI=1S/C14H16O4/c1-13(15)17-11-9-7-5-3-4-6-8-10-12-18-14(2)16/h7,9H,8,10-12H2,1-2H3	null	CC(=O)OCCCC#CC#CC=CCOC(=O)C	2.14045382	""	COCONUT:(CNP0165695);Natural Products:(UNPD227469 UNPD167589 UNPD207440)	2129920
6	1	N/A	-177.32528936580252	C14H16O4	[M + H]+	IKGSJDIGQRJKDN	InChI=1S/C14H16O4/c1-9(15)6-7-11-10(2)14(18-5)13(17-4)8-12(11)16-3/h8H,1-5H3	antrocamphin B	CC1=C(C(=CC(=C1OC)OC)OC)C#CC(=O)C	2.5	16737473	COCONUT:(CNP0176944);KNApSAcK:(38468);Natural Products:(UNPD37312);PubChem:(16737473);PubMed	2130002
7	1	N/A	-179.00450476565382	C14H16O4	[M + H]+	KSRUIGADACUQJD	InChI=1S/C14H16O4/c1-10(12-7-8-13(15)18-12)17-14(16)9-11-5-3-2-4-6-11/h2-6,10,12H,7-9H2,1H3	null	CC(C1CCC(=O)O1)OC(=O)CC2=CC=CC=C2	2.20000005	91254429;139587139	COCONUT:(CNP0421968);PubChem:(91254429 139587139);PubMed	2097218
8	1	N/A	-185.31467641292733	C14H16O4	[M + H]+	PFDPEZDRLNTEHP	InChI=1S/C14H16O4/c1-3-4-5-6-13(17)11-7-10(16)8-14(18-2)12(11)9-15/h3-4,7-9,16H,5-6H2,1-2H3	null	CC=CCCC(=O)C1=CC(=CC(=C1C=O)OC)O	2.5029428	""	COCONUT:(CNP0168652);Natural Products:(UNPD127166);SuperNatural:(SN00229831)	3178496
9	1	N/A	-186.15704365025107	C14H16O4	[M + H]+	REWSIXOPFKZEPS	InChI=1S/C14H16O4/c1-17-11-7-12(18-14(16)9-11)8-13(15)10-5-3-2-4-6-10/h2-6,9,12-13,15H,7-8H2,1H3	(2S)-2-[(2S)-2-hydroxy-2-phenylethyl]-4-methoxy-2,3-dihydropyran-6-one	COC1=CC(=O)OC(C1)CC(C2=CC=CC=C2)O	1.60000002	11334135	COCONUT:(CNP0069411);PubChem:(11334135);SuperNatural:(SN00030343 SN00030340 SN00030342 SN00030341);ZINC bio:(ZINC31169707 ZINC31169711 ZINC31169715 ZINC31169718)	3153922
10	1	N/A	-186.96229191877535	C14H16O4	[M + H]+	PRRONMLGRGYZHU	InChI=1S/C14H16O4/c1-3-13(15)18-12-8-6-5-7-11(12)9-10-14(16)17-4-2/h5-10H,3-4H2,1-2H3	ethyl (E)-3-(2-propanoyloxyphenyl)prop-2-enoate	CCC(=O)OC1=CC=CC=C1C=CC(=O)OCC	2.79999995	3020231;6366013	PubChem:(3020231 6366013);NORMAN:(NS00058453)	262146
11	1	N/A	-189.3556046906787	C14H16O4	[M + H]+	BVWFKZUUAAEAPP	InChI=1S/C14H16O4/c1-14(9-18-14)13(15)7-5-10-4-6-11(16-2)12(8-10)17-3/h4-8H,9H2,1-3H3	3-(3,4-dimethoxyphenyl)-1-(2-methyloxiran-2-yl)prop-2-en-1-one	CC1(CO1)C(=O)C=CC2=CC(=C(C=C2)OC)OC	1.89999998	928443;928445;3499499;5844183	COCONUT:(CNP0320364);PubChem:(928443 928445 3499499 5844183);SuperNatural:(SN00047318 SN00047319);ZINC bio:(ZINC00518616 ZINC00518618)	3153922
12	1	N/A	-190.3362515529959	C14H16O4	[M + H]+	QPLOCASDJXLMMD	InChI=1S/C14H16O4/c1-3-4-5-6-12(16)11-7-10(9-15)14(18-2)8-13(11)17/h3-8,15,17H,9H2,1-2H3	null	CC=CC=CC(=O)C1=C(C=C(C(=C1)CO)OC)O	2.4000001	139585248	PubChem:(139585248);COCONUT:(CNP0364122)	2097154
13	1	N/A	-193.1705390859943	C14H16O4	[M + H]+	IRBPQIXYOCSHLL	InChI=1S/C14H16O4/c1-7(2)11-6-9-5-10(8(3)15)12(16)14(17-4)13(9)18-11/h5,11,16H,1,6H2,2-4H3	Benzofuran deriv (herz)	CC(=C)C1CC2=CC(=C(C(=C2O1)OC)O)C(=O)C	3.0999999	142033	COCONUT:(CNP0241211);Natural Products:(UNPD53271);PubChem:(142033);SuperNatural:(SN00366307)	3178498
14	1	N/A	-197.07692959128792	C14H16O4	[M + H]+	UXBCAWHJMZPSBQ	InChI=1S/C14H16O4/c1-11(7-9-13(15)16)5-3-4-6-12(2)8-10-14(17)18/h3-10H,1-2H3,(H,15,16)(H,17,18)	Mycorradicin	CC(=CC=CC=C(C)C=CC(=O)O)C=CC(=O)O	3.4000001	197689;6444309	COCONUT:(CNP0190192);KNApSAcK:(23156);Natural Products:(UNPD116219);PubChem:(197689 6444309);MeSH:(6444309);KEGG:(C20426);PubMed;Biocyc:(CPD-21245)	2132310
15	1	N/A	-198.58860294296085	C14H16O4	[M + H]+	OGXADNXQFFRXMG	InChI=1S/C14H16O4/c1-17-14(10-6-3-2-4-7-10)13(16)11-8-5-9-12(15)18-11/h2-7,9,11,13-14,16H,8H2,1H3	8-Methoxygoniodiol	COC(C1=CC=CC=C1)C(C2CC=CC(=O)O2)O	1.5	637248;10444687;22297671;44566796;101488695;118722975;118722976	COCONUT:(CNP0166994);KNApSAcK:(44408);Natural Products:(UNPD23981);PubChem:(637248 10444687 22297671 44566796 101488695 118722975 118722976);SuperNatural:(SN00333846);MeSH:(637248 44566796);PubMed	3178582
16	1	N/A	-199.3229219508989	C14H16O4	[M + H]+	FOZAWFOWYOKRCG	InChI=1S/C14H16O4/c1-14(13(16)18-3)7-6-9-8-10(17-2)4-5-11(9)12(14)15/h4-5,8H,6-7H2,1-3H3	methyl 6-methoxy-2-methyl-1-oxo-3,4-dihydronaphthalene-2-carboxylate	CC1(CCC2=C(C1=O)C=CC(=C2)OC)C(=O)OC	2.5	252022;849520;849521	COCONUT:(CNP0135442);PubChem:(252022 849520 849521);SuperNatural:(SN00118415 SN00118414);PubMed;ZINC bio:(ZINC00384043 ZINC00384044)	3153986
17	1	N/A	-200.0874568509493	C14H16O4	[M + H]+	ZXBGGHFUQBYYGQ	InChI=1S/C14H16O4/c1-9(15)13(10(2)16)14(17)18-11(3)12-7-5-4-6-8-12/h4-8,11,13H,1-3H3	1-Phenylethyl 2-acetylacetoacetate	CC(C1=CC=CC=C1)OC(=O)C(C(=O)C)C(=O)C	1.79999995	3020451	PubChem:(3020451);NORMAN:(NS00063781)	262146
18	1	N/A	-203.5690629877428	C14H16O4	[M + H]+	RTRVCYIIGONVTB	InChI=1S/C14H16O4/c1-7(2)13-12(16)10-5-9(8(3)15)6-11(17-4)14(10)18-13/h5-6,12-13,16H,1H2,2-4H3	null	CC(=C)C1C(C2=C(O1)C(=CC(=C2)C(=O)C)OC)O	1.79999995	71438995	COCONUT:(CNP0202517);Natural Products:(UNPD3147);PubChem:(71438995);SuperNatural:(SN00258525)	3178498
19	1	N/A	-208.59325110218	C14H16O4	[M + H]+	VJCNEDVMYQCMBK	InChI=1S/C14H16O4/c1-17-12-9-13(15)18-11(14(12)16)8-7-10-5-3-2-4-6-10/h2-6,9,11,14,16H,7-8H2,1H3	3-hydroxy-4-methoxy-2-phenethyl-2,3-dihydropyran-6-one	COC1=CC(=O)OC(C1O)CCC2=CC=CC=C2	1.60000002	575067;10944777;11322609;23642750;102065726;101734080	COCONUT:(CNP0283392);HMDB:(29575);Natural Products:(UNPD74466 UNPD22202 UNPD113265);PubChem:(575067 10944777 11322609 23642750 102065726 101734080);SuperNatural:(SN00020347 SN00020348 SN00335786 SN00348562);ZINC bio:(ZINC13461544 ZINC13461548);additional;PubChem class - bio and metabolites;Training Set;PubMed	20504650
20	1	N/A	-216.88637294149677	C14H16O4	[M + H]+	QOGYBAIFUWFKAJ	InChI=1S/C14H16O4/c1-8(15)3-4-10-6-11(16)7-13-14(10)12(17)5-9(2)18-13/h6-7,9,16H,3-5H2,1-2H3	null	CC1CC(=O)C2=C(C=C(C=C2O1)O)CCC(=O)C	1.97250772	""	COCONUT:(CNP0346270)	2097152
21	1	N/A	-217.2847178455174	C14H16O4	[M + H]+	PHYSEYYYFQMJGP	InChI=1S/C14H16O4/c1-7(2)13-14(17-4)10-5-9(8(3)15)11(16)6-12(10)18-13/h5-6,13-14,16H,1H2,2-4H3	1-[(2S,3R)-6-hydroxy-3-methoxy-2-prop-1-en-2-yl-2,3-dihydro-1-benzofuran-5-yl]ethanone	CC(=C)C1C(C2=CC(=C(C=C2O1)O)C(=O)C)OC	2.5	5324647;15281118;24039359;101362552	COCONUT:(CNP0264307);Natural Products:(UNPD38949 UNPD139244);PubChem:(5324647 15281118 24039359 101362552);SuperNatural:(SN00276998 SN00360000);PubMed	3178562
22	1	N/A	-224.02688409048105	C14H16O4	[M + H]+	BQQPWYOQKQDXPU	InChI=1S/C14H16O4/c1-8(7-15)13-6-11-12(18-13)5-4-10(9(2)16)14(11)17-3/h4-5,13,15H,1,6-7H2,2-3H3	null	CC(=O)C1=C(C2=C(C=C1)OC(C2)C(=C)CO)OC	1.83442008	""	COCONUT:(CNP0165316);Natural Products:(UNPD212318)	2129920
23	1	N/A	-227.05117278314248	C14H16O4	[M + H]+	XVSDLQKOWGRQBE	InChI=1S/C14H16O4/c1-10(15)7-12(16)8-13(17)9-14(18)11-5-3-2-4-6-11/h2-6,10,15H,7-9H2,1H3	(7s)-7-Hydroxy-1-Phenyloctane-1,3,5-Trione	CC(CC(=O)CC(=O)CC(=O)C1=CC=CC=C1)O	1.0	71748654	PubChem:(71748654);PubChem class - bio and metabolites	16777218
24	1	N/A	-230.67642701814262	C14H16O4	[M + H]+	JTMOFRTYJKYSLR	InChI=1S/C14H16O4/c1-9(8-15)14(18-3)7-12-6-11(10(2)16)4-5-13(12)17/h4-6,8,14,17H,1,7H2,2-3H3	null	CC(=O)C1=CC(=C(C=C1)O)CC(C(=C)C=O)OC	1.82630098	""	COCONUT:(CNP0150087);Natural Products:(UNPD181555);SuperNatural:(SN00318069)	3178496
25	1	N/A	-235.50117183212672	C14H16O4	[M + H]+	OWKICUYZFSTQDO	InChI=1S/C14H16O4/c1-4-5-9-6-11(15)14-12(17-3)7-10(16-2)8-13(14)18-9/h6-8H,4-5H2,1-3H3	null	CCCC1=CC(=O)C2=C(O1)C=C(C=C2OC)OC	2.70000005	44559643	COCONUT:(CNP0078342);PubChem:(44559643);PubMed	2097218
26	1	N/A	-237.90039148541956	C14H16O4	[M + H]+	LJJCHKIUOGODJO	InChI=1S/C14H16O4/c1-8(15)10-7-9-5-6-14(2,3)18-12(9)13(17-4)11(10)16/h5-7,16H,1-4H3	1-(7-hydroxy-8-methoxy-2,2-dimethylchromen-6-yl)ethanone	CC(=O)C1=C(C(=C2C(=C1)C=CC(O2)(C)C)OC)O	2.70000005	12314885	COCONUT:(CNP0355597);Natural Products:(UNPD131255);PubChem:(12314885);SuperNatural:(SN00299401);KEGG Mine	8593113090
27	1	N/A	-238.29236355797755	C14H16O4	[M + H]+	VUQDDBFLZLQVBH	InChI=1S/C14H16O4/c1-8(15)10-7-11(17-4)13-9(12(10)16)5-6-14(2,3)18-13/h5-7,16H,1-4H3	Ethanone, 1-(5-hydroxy-8-methoxy-2,2-dimethyl-2H-1-benzopyran-6-yl)-	CC(=O)C1=CC(=C2C(=C1O)C=CC(O2)(C)C)OC	2.70000005	71393569	COCONUT:(CNP0220739);Natural Products:(UNPD132933);PubChem:(71393569);SuperNatural:(SN00309666)	3178498
28	1	N/A	-239.30121879953668	C14H16O4	[M + H]+	PHPCTTJFNKISSP	InChI=1S/C14H16O4/c1-9(2)7-12(15)10-5-6-13(17-3)11(8-10)14(16)18-4/h5-8H,1-4H3	aduncumene	CC(=CC(=O)C1=CC(=C(C=C1)OC)C(=O)OC)C	2.81112146	11448018	COCONUT:(CNP0131475);Natural Products:(UNPD38271);PubChem:(11448018);SuperNatural:(SN00143360);MeSH:(11448018);PubMed	3178566
29	1	N/A	-240.25758351296716	C14H16O4	[M + H]+	BVALWPRSDDHKIU	InChI=1S/C14H16O4/c1-4-16-12-7-10-9(3)6-14(15)18-11(10)8-13(12)17-5-2/h6-8H,4-5H2,1-3H3	Oprea1_723798	CCOC1=C(C=C2C(=C1)C(=CC(=O)O2)C)OCC	2.5	688976	COCONUT:(CNP0121478);PubChem:(688976);SuperNatural:(SN00000908);ZINC bio:(ZINC00058068);additional;Training Set;PubMed	3694658
30	1	N/A	-240.92548057248337	C14H16O4	[M + H]+	AQYMPYYJWAIFLS	InChI=1S/C14H16O4/c1-7(2)13-14(17-4)10-5-11(16)9(8(3)15)6-12(10)18-13/h5-6,13-14,16H,1H2,2-4H3	null	CC(=C)C1C(C2=C(O1)C=C(C(=C2)O)C(=O)C)OC	1.8377285	""	COCONUT:(CNP0157194);Natural Products:(UNPD100261);SuperNatural:(SN00362262)	3178496
31	1	N/A	-241.54313460463067	C14H16O4	[M + H]+	OCUVRKHZRBZRSI	InChI=1S/C14H16O4/c1-4-17-14(15)12-8-10-7-11(16-3)5-6-13(10)18-9(12)2/h5-9H,4H2,1-3H3	ethyl 6-methoxy-2-methyl-2H-chromene-3-carboxylate	CCOC(=O)C1=CC2=C(C=CC(=C2)OC)OC1C	2.5999999	42437	PubChem:(42437);PubChem class - safety and toxic	67108866
32	1	N/A	-241.78725189528464	C14H16O4	[M + H]+	WMCPLZDBHVOXCJ	InChI=1S/C14H16O4/c1-9-3-11(15)8-14(18-9)6-10-4-12(16)7-13(5-10)17-2/h4-5,7-9,16H,3,6H2,1-2H3	null	CC1CC(=O)C=C(O1)CC2=CC(=CC(=C2)OC)O	1.89999998	15071547;131751444	COCONUT:(CNP0271982);HMDB:(33515);Natural Products:(UNPD127690);PubChem:(15071547 131751444);SuperNatural:(SN00328331);PubChem class - bio and metabolites	19955722
33	1	N/A	-243.38605444943101	C14H16O4	[M + H]+	KZLFRVFXQHOHPP	InChI=1S/C14H16O4/c1-8(2)7-11-12(14(17)18-13(11)16)9-3-5-10(15)6-4-9/h3-6,8,11-12,15H,7H2,1-2H3	null	CC(C)CC1C(C(=O)OC1=O)C2=CC=C(C=C2)O	2.5999999	25067899;51040095;87248684	COCONUT:(CNP0302211);Natural Products:(UNPD55838 UNPD177773);PubChem:(25067899 51040095 87248684);SuperNatural:(SN00383079);PubMed	3178562
34	1	N/A	-243.73918049406254	C14H16O4	[M + H]+	DCPNTPRATXCEIF	InChI=1S/C14H16O4/c1-7(2)10-5-9-11(18-10)6-12(17-4)13(8(3)15)14(9)16/h6,10,16H,1,5H2,2-4H3	1-(4-hydroxy-6-methoxy-2-prop-1-en-2-yl-2,3-dihydro-1-benzofuran-5-yl)ethanone	CC(=C)C1CC2=C(C(=C(C=C2O1)OC)C(=O)C)O	3.0999999	10634274;13889458	COCONUT:(CNP0107946);Natural Products:(UNPD39226);PubChem:(10634274 13889458);SuperNatural:(SN00234563);ZINC bio:(ZINC14685394 ZINC14685395);PubMed	3186754
35	1	N/A	-246.034254630228	C14H16O4	[M + H]+	MJIRAKVJINGAOF	InChI=1S/C14H16O4/c1-4-18-14-8-11(5-6-13(14)17)7-12(9(2)15)10(3)16/h5-8,17H,4H2,1-3H3	3-[(3-ethoxy-4-hydroxyphenyl)methylidene]pentane-2,4-dione	CCOC1=C(C=CC(=C1)C=C(C(=O)C)C(=O)C)O	1.89999998	4349473	PubChem:(4349473);PubChem class - safety and toxic	67108866
36	1	N/A	-249.29297800466682	C14H16O4	[M + H]+	AXEZOCXIWCSNHL	InChI=1S/C14H16O4/c1-4-5-6-7-10(15)11-8(2)13(17)14(18)9(3)12(11)16/h4-5,16H,6-7H2,1-3H3	4-[(E)-hex-4-enoyl]-5-hydroxy-3,6-dimethylcyclohexa-3,5-diene-1,2-dione	CC=CCCC(=O)C1=C(C(=O)C(=O)C(=C1O)C)C	1.70000005	11817492	PubChem:(11817492);COCONUT:(CNP0088827 CNP0353779)	2097154
37	1	N/A	-252.57835593516552	C14H16O4	[M + H]+	WIONBNBDOOYIGS	InChI=1S/C14H16O4/c1-10(9-15)2-5-12-8-11(3-6-13(12)16)4-7-14(17)18/h2-4,6-8,15-16H,5,9H2,1H3,(H,17,18)	null	CC(=CCC1=C(C=CC(=C1)C=CC(=O)O)O)CO	2.20000005	14262618	COCONUT:(CNP0258477);HMDB:(135890 135891);Natural Products:(UNPD135911);PubChem:(14262618)	2129930
38	1	N/A	-254.22028407647306	C14H16O4	[M + H]+	TTYOHMFLCXENHR	InChI=1S/C14H16O4/c1-10(2)7-8-18-14(17)6-4-11-3-5-12(15)13(16)9-11/h3-7,9,15-16H,8H2,1-2H3	1,1-Dacae	CC(=CCOC(=O)C=CC1=CC(=C(C=C1)O)O)C	2.66067672	127666;5281790;92012548	HMDB:(41140);SuperNatural:(SN00156193);ZINC bio:(ZINC01531861);MeSH:(5281790);PubMed;COCONUT:(CNP0264553);KNApSAcK:(2768);Natural Products:(UNPD11247 UNPD218354);PubChem:(127666 5281790 92012548);CHEBI:(8393);PubChem class - bio and metabolites;KEGG:(C10487)	19964286
39	1	N/A	-255.3260465083672	C14H16O4	[M + H]+	BGLSNKBXOCURCJ	InChI=1S/C14H16O4/c1-9(16)11-6-10-4-5-14(2,8-15)18-13(10)12(7-11)17-3/h4-7,15H,8H2,1-3H3	null	CC(=O)C1=CC(=C2C(=C1)C=CC(O2)(C)CO)OC	1.64359784	""	COCONUT:(CNP0238064);Natural Products:(UNPD1094);SuperNatural:(SN00273161)	3178496
40	1	N/A	-257.48627278731027	C14H16O4	[M + H]+	YUQDGJSYYKKISE	InChI=1S/C14H16O4/c1-2-4-13(17)14(18)8-7-10-5-3-6-12(16)11(10)9-15/h2-9,13-14,16-18H,1H3	Pyriculol	CC=CC(C(C=CC1=C(C(=CC=C1)O)C=O)O)O	1.60000002	6365321;13873378;13873379	COCONUT:(CNP0287492);Natural Products:(UNPD225850 UNPD156723 UNPD177140);PubChem:(6365321 13873378 13873379);SuperNatural:(SN00345978 SN00235507);CHEBI:(80728);ZINC bio:(ZINC12153589 ZINC12153590 ZINC12153591 ZINC12153592);MeSH:(13873378);KEGG:(C16788);PubMed	3187046
41	1	N/A	-260.6901858256723	C14H16O4	[M + H]+	UQFQTWXORYDYFG	InChI=1S/C14H16O4/c1-9(2)3-4-10-7-11(5-6-14(17)18)13(16)8-12(10)15/h3,5-8,15-16H,4H2,1-2H3,(H,17,18)	2-Propenoic acid, 3-[2,4-dihydroxy-5-(3-methyl-2-butenyl)phenyl]-	CC(=CCC1=CC(=C(C=C1O)O)C=CC(=O)O)C	3.0999999	71372517;131839380	COCONUT:(CNP0307162);HMDB:(135896);Natural Products:(UNPD64497);PubChem:(71372517 131839380);PubChem class - bio and metabolites;KEGG Mine	8608841738
42	1	N/A	-263.4272108096676	C14H16O4	[M + H]+	LTDSNAYFLFUPPT	InChI=1S/C14H16O4/c1-8(15)12-10(16)7-11(17-4)9-5-6-14(2,3)18-13(9)12/h5-7,16H,1-4H3	allo-Evodionol	CC(=O)C1=C2C(=C(C=C1O)OC)C=CC(O2)(C)C	2.70000005	225063	COCONUT:(CNP0256322);Natural Products:(UNPD68695);PubChem:(225063);SuperNatural:(SN00366199);ZINC bio:(ZINC01596692);additional;Training Set;PubMed	3727426
43	1	N/A	-264.07723513263096	C14H16O4	[M + H]+	SCSOQELWZNIRDT	InChI=1S/C14H16O4/c1-8(15)12-11(17-4)7-10-9(13(12)16)5-6-14(2,3)18-10/h5-7,16H,1-4H3	null	CC(=O)C1=C(C=C2C(=C1O)C=CC(O2)(C)C)OC	2.70000005	11128652	COCONUT:(CNP0178062);KNApSAcK:(49795);Natural Products:(UNPD107312);PubChem:(11128652);SuperNatural:(SN00350246);ZINC bio:(ZINC13306055);MeSH:(11128652);PubMed;KEGG Mine	8593121366
44	1	N/A	-264.2005919416342	C14H16O4	[M + H]+	VVYHDHMKQMHFSH	InChI=1S/C14H16O4/c1-8(2)11-7-10(15)14-12(17-4)5-9(16-3)6-13(14)18-11/h5-8H,1-4H3	null	CC(C)C1=CC(=O)C2=C(O1)C=C(C=C2OC)OC	2.5999999	10879462	COCONUT:(CNP0231917);PubChem:(10879462);PubMed	2097218
45	1	N/A	-264.43808018300973	C14H16O4	[M + H]+	JQOPZEVLBYDIEB	InChI=1S/C14H16O4/c1-3-10(2)9-18-14(17)7-5-11-4-6-12(15)13(16)8-11/h3-8,15-16H,9H2,1-2H3	ACMC-20mudx	CC=C(C)COC(=O)C=CC1=CC(=C(C=C1)O)O	2.66067672	14767362;67411189;92015261	COCONUT:(CNP0111071);Natural Products:(UNPD216226 UNPD200569);PubChem:(14767362 67411189 92015261)	2129922
46	1	N/A	-264.4837671268949	C14H16O4	[M + H]+	WGKQZSRLUUFXQK	InChI=1S/C14H16O4/c15-12-7-6-10-8-11(18-12)13(16)14(17-10)9-4-2-1-3-5-9/h1-5,10-11,13-14,16H,6-8H2	null	C1CC(=O)OC2CC1OC(C2O)C3=CC=CC=C3	1.66187763	""	COCONUT:(CNP0289030);Natural Products:(UNPD158295)	2129920
47	1	N/A	-265.7400187881813	C14H16O4	[M + H]+	YZCIFCCSUSQBBT	InChI=1S/C14H16O4/c1-8(15)12-10(16)7-11-9(13(12)17-4)5-6-14(2,3)18-11/h5-7,16H,1-4H3	Evodinnol	CC(=O)C1=C(C2=C(C=C1O)OC(C=C2)(C)C)OC	2.70000005	225062	COCONUT:(CNP0277780);Natural Products:(UNPD153988);PubChem:(225062);SuperNatural:(SN00280729);ZINC bio:(ZINC01596691);PubMed	3186754
48	1	N/A	-268.8369463360073	C14H16O4	[M + H]+	UPAHLPUINKDRNK	InChI=1S/C14H16O4/c1-10(16)13(17)7-3-2-5-11-6-4-8-14(18)12(11)9-15/h2-10,13,16-18H,1H3	null	CC(C(C=CC=CC1=C(C(=CC=C1)O)C=O)O)O	1.79999995	44191151	COCONUT:(CNP0103659);KNApSAcK:(23717);Natural Products:(UNPD48778);PubChem:(44191151);SuperNatural:(SN00390769);CHEBI:(142636)	3178546
49	1	N/A	-274.16462824994	C14H16O4	[M + H]+	JTGNKUMJBMWCLH	InChI=1S/C14H16O4/c1-8(2)3-9-4-14(15)18-11-6-13-12(5-10(9)11)16-7-17-13/h5-6,8-9H,3-4,7H2,1-2H3	null	CC(C)CC1CC(=O)OC2=CC3=C(C=C12)OCO3	3.0999999	91636943;99987119;99987123	PubChem:(91636943 99987119 99987123);COCONUT:(CNP0110684)	2097154
50	1	N/A	-274.2238802494585	C14H16O4	[M + H]+	APFXJJMDUXKKAG	InChI=1S/C14H16O4/c1-10(2)7-8-18-14(17)6-4-11-3-5-12(15)13(16)9-11/h3-6,9,15-16H,1,7-8H2,2H3	ACMC-20moze	CC(=C)CCOC(=O)C=CC1=CC(=C(C=C1)O)O	2.74402165	14237599;14237600;67411221	COCONUT:(CNP0304401);Natural Products:(UNPD175900 UNPD220414);PubChem:(14237599 14237600 67411221);SuperNatural:(SN00263460);MeSH:(14237599);PubMed	3178566
51	1	N/A	-274.70981361186284	C14H16O4	[M + H]+	LERQNMXBXXERSK	InChI=1S/C14H16O4/c15-13(16)14(5-1-2-6-14)10-3-4-11-12(9-10)18-8-7-17-11/h3-4,9H,1-2,5-8H2,(H,15,16)	Oprea1_451709	C1CCC(C1)(C2=CC3=C(C=C2)OCCO3)C(=O)O	2.5	749853;6936632	COCONUT:(CNP0054341 CNP0360726);PubChem:(749853 6936632);SuperNatural:(SN00043965);PubMed;ZINC bio:(ZINC00197663)	3153986
52	1	N/A	-278.18184042951845	C14H16O4	[M + H]+	XMBYWWHLSMXSPA	InChI=1S/C14H16O4/c1-3-4-5-6-12-10(2)9-11(14(17)18-12)7-8-13(15)16/h3-6,9,12H,2,7-8H2,1H3,(H,15,16)	Dykellic acid	CC=CC=CC1C(=C)C=C(C(=O)O1)CCC(=O)O	2.0999999	5259625;6397984;10753172;10753414;10753415;70691304	COCONUT:(CNP0252394);Natural Products:(UNPD181122);PubChem:(5259625 6397984 10753172 10753414 10753415 70691304);SuperNatural:(SN00385909);MeSH:(6397984);PubMed	3178566
53	1	N/A	-279.0103974796818	C14H16O4	[M + H]+	HGQJXIHRNGBUQU	InChI=1S/C14H16O4/c1-3-5-13(17)14(18)9(2)10-6-4-7-12(16)11(10)8-15/h3-8,13-14,16-18H,2H2,1H3	null	CC=CC(C(C(=C)C1=C(C(=CC=C1)O)C=O)O)O	1.64422882	""	COCONUT:(CNP0357220);Natural Products:(UNPD50846 UNPD230543);SuperNatural:(SN00231484)	3178496
54	1	N/A	-280.4806700486294	C14H16O4	[M + H]+	LOIDXMLWNAXOKU	InChI=1S/C14H16O4/c1-17-13(15)11-9-5-6-10(8-4-3-7(8)9)12(11)14(16)18-2/h5-10H,3-4H2,1-2H3	null	COC(=O)C1=C(C2C=CC1C3C2CC3)C(=O)OC	1.78617299	""	SuperNatural:(SN00137498)	1048576
55	1	N/A	-284.19470161053357	C14H16O4	[M + H]+	LJXSDVVEZQEHTH	InChI=1S/C14H16O4/c1-8(2)10-6-9-11(18-10)7-12(15-3)14(17-5)13(9)16-4/h6-7H,1H2,2-5H3	null	CC(=C)C1=CC2=C(C(=C(C=C2O1)OC)OC)OC	3.12693858	""	COCONUT:(CNP0224752);Natural Products:(UNPD163862)	2129920
56	1	N/A	-284.96087377756925	C14H16O4	[M + H]+	KEYNBOUNPFJEST	InChI=1S/C14H16O4/c1-9(15)4-2-6-11-8-10-5-3-7-12(16)13(10)14(17)18-11/h3,5,7,11,16H,2,4,6,8H2,1H3	Aspergillumarin A	CC(=O)CCCC1CC2=C(C(=CC=C2)O)C(=O)O1	2.4000001	23757076;38346998;38347004	COCONUT:(CNP0121995);Natural Products:(UNPD220850);PubChem:(23757076 38346998 38347004);SuperNatural:(SN00028475 SN00028476);ZINC bio:(ZINC31155701 ZINC31155706);additional;Training Set;PubMed	3727426
57	1	N/A	-285.1083042658953	C14H16O4	[M + H]+	SWDFJVCIYBYUKG	InChI=1S/C14H16O4/c1-8(15)4-9-5-10(16)6-11-12(17)7-14(2,3)18-13(9)11/h5-6,16H,4,7H2,1-3H3	null	CC(=O)CC1=C2C(=CC(=C1)O)C(=O)CC(O2)(C)C	1.29999995	71619327	COCONUT:(CNP0120631);Natural Products:(UNPD223010);PubChem:(71619327)	2129922
58	1	N/A	-285.65764315804967	C14H16O4	[M + H]+	VRMYGSOHQOAIFX	InChI=1S/C14H16O4/c1-9(2)3-5-11-7-10(4-6-12(11)15)8-13(16)14(17)18/h3-4,6-7,15H,5,8H2,1-2H3,(H,17,18)	3-Dimethylallyl-4-hydroxyphenylpyruvate	CC(=CCC1=C(C=CC(=C1)CC(=O)C(=O)O)O)C	2.79999995	443850;71627171	COCONUT:(CNP0057681);PubChem:(443850 71627171);SuperNatural:(SN00214108);CHEBI:(74408 31113);PubChem class - bio and metabolites;KEGG:(C12456);PubMed;Biocyc:(CPD-15467)	19925346
59	1	N/A	-287.60573818207416	C14H16O4	[M + H]+	ILTHKXACPHXMAG	InChI=1S/C14H16O4/c1-14(2)12(15)8-10-7-9(4-6-13(16)17)3-5-11(10)18-14/h3-7,12,15H,8H2,1-2H3,(H,16,17)	null	CC1(C(CC2=C(O1)C=CC(=C2)C=CC(=O)O)O)C	1.89999998	10514686	COCONUT:(CNP0299632);Natural Products:(UNPD55483);PubChem:(10514686);SuperNatural:(SN00284877)	3178498
60	1	N/A	-288.2775754572654	C14H16O4	[M + H]+	HLUWJJNTMWZVBZ	InChI=1S/C14H16O4/c1-9(15)3-4-10-7-11-5-6-14(16)18-13(11)8-12(10)17-2/h5-9,15H,3-4H2,1-2H3	null	CC(CCC1=C(C=C2C(=C1)C=CC(=O)O2)OC)O	2.20000005	131835252	HMDB:(128964);PubChem:(131835252);PubChem class - bio and metabolites	16777226
61	1	N/A	-289.2561936202072	C14H16O4	[M + H]+	MRMWRWJVPXDMEJ	InChI=1S/C14H16O4/c1-9(2)3-6-11-12(15)7-4-10(14(11)18)5-8-13(16)17/h3-5,7-8,15,18H,6H2,1-2H3,(H,16,17)	null	CC(=CCC1=C(C=CC(=C1O)C=CC(=O)O)O)C	3.0999999	10106055;129686660	COCONUT:(CNP0210851);HMDB:(135895);Natural Products:(UNPD72048);PubChem:(10106055 129686660);SuperNatural:(SN00262952);PubChem class - bio and metabolites;KEGG Mine	8609890314
62	1	N/A	-289.50747852607947	C14H16O4	[M + H]+	RJFAYEYRTHRMRF	InChI=1S/C14H16O4/c1-7-3-4-10-9(6-15)5-11(17)12(8(2)16)13(10)14(7)18/h5,7,15,17H,3-4,6H2,1-2H3	null	CC1CCC2=C(C1=O)C(=C(C=C2CO)O)C(=O)C	1.60000002	91047058	COCONUT:(CNP0156108);Natural Products:(UNPD37419);PubChem:(91047058);SuperNatural:(SN00237878);PubMed	3178562
63	1	N/A	-291.3695299290913	C14H16O4	[M + H]+	WRCVAPFLHBXILQ	InChI=1S/C14H16O4/c1-7(2)10-5-9(15)13-12(18-10)6-11(17-4)8(3)14(13)16/h5-7,16H,1-4H3	null	CC1=C(C=C2C(=C1O)C(=O)C=C(O2)C(C)C)OC	3.20000005	102247128	COCONUT:(CNP0127209);Natural Products:(UNPD37729);PubChem:(102247128);SuperNatural:(SN00363973)	3178498
64	1	N/A	-292.6778497690554	C14H16O4	[M + H]+	NDSKXWOIUBWWMQ	InChI=1S/C14H16O4/c1-2-3-4-7-10-11(8-5-6-9-15)13(17)14(18)12(10)16/h13-15,17-18H,5-6,8-9H2,1H3	null	CC#CC#CC1=C(C(C(C1=O)O)O)CCCCO	-0.100000001	102236747	COCONUT:(CNP0123856);Natural Products:(UNPD217622);PubChem:(102236747)	2129922
65	1	N/A	-292.765286910215	C14H16O4	[M + H]+	JOWYWQXFPOGGCH	InChI=1S/C14H16O4/c1-14(2)5-4-9-6-10(11(16)8-15)13(17-3)7-12(9)18-14/h4-7,15H,8H2,1-3H3	Ethanone, 2-hydroxy-1-(7-methoxy-2,2-dimethyl-2H-1-benzopyran-6-yl)-	CC1(C=CC2=CC(=C(C=C2O1)OC)C(=O)CO)C	1.79999995	71374358	COCONUT:(CNP0310821);KNApSAcK:(21110);Natural Products:(UNPD91791);PubChem:(71374358);SuperNatural:(SN00390033);KEGG Mine	8593113106
66	1	N/A	-294.42137903920786	C14H16O4	[M + H]+	ACFXHMLFZGREFW	InChI=1S/C14H16O4/c1-2-3-4-5-6-11-9-12(7-8-13(15)16)14(17)18-10-11/h2-6,9H,7-8,10H2,1H3,(H,15,16)	null	CC=CC=CC=C1COC(=O)C(=C1)CCC(=O)O	1.89999998	10198812;10444686;91546105	COCONUT:(CNP0334299);MeSH:(10444686);KNApSAcK:(16321);PubChem:(10198812 10444686 91546105);PubMed	2097238
67	1	N/A	-294.5682140610258	C14H16O4	[M + H]+	VLRHCZGOIIHGLK	InChI=1S/C14H16O4/c1-8-3-10(15)7-13(17)14(8)9-4-11(16)6-12(5-9)18-2/h4-6,10,15-16H,3,7H2,1-2H3	null	CC1=C(C(=O)CC(C1)O)C2=CC(=CC(=C2)OC)O	1.81748509	""	COCONUT:(CNP0155110);Natural Products:(UNPD21558);SuperNatural:(SN00229882)	3178496
68	1	N/A	-294.85739492696723	C14H16O4	[M + H]+	ZWVALTAMWNHXRM	InChI=1S/C14H16O4/c1-6-4-10-12(14(18)8(3)13(10)17)7(2)9(6)5-11(15)16/h4,8,13,17H,5H2,1-3H3,(H,15,16)	null	CC1C(C2=CC(=C(C(=C2C1=O)C)CC(=O)O)C)O	2.06498837	""	COCONUT:(CNP0280514);Natural Products:(UNPD195917 UNPD178110);SuperNatural:(SN00391921 SN00289267)	3178496
69	1	N/A	-295.94431488118573	C14H16O4	[M + H]+	HXBXAZKZXIKRDT	InChI=1S/C14H16O4/c1-8-7-10-9(5-6-14(2,3)18-10)12(15)11(8)13(16)17-4/h5-7,15H,1-4H3	methyl 5-hydroxy-2,2,7-trimethylchromene-6-carboxylate	CC1=CC2=C(C=CC(O2)(C)C)C(=C1C(=O)OC)O	3.29999995	11299632	COCONUT:(CNP0264166);Natural Products:(UNPD182864);PubChem:(11299632);SuperNatural:(SN00328272)	3178498
70	1	N/A	-298.0940337640016	C14H16O4	[M + H]+	DGMTZMCDDBNVPU	InChI=1S/C14H16O4/c15-13-11-7-3-4-8-12(11)14(16)18-10-6-2-1-5-9-17-13/h3-4,7-8H,1-2,5-6,9-10H2	Phthalic acid, cyclic hexamethylene ester	C1CCCOC(=O)C2=CC=CC=C2C(=O)OCC1	2.79999995	117425	PubChem:(117425);NORMAN:(NS00025471)	262146
71	1	N/A	-298.7075446083279	C14H16O4	[M + H]+	PMDKYLLIOLFQPO	InChI=1S/C14H16O4/c15-13(16)11-8-4-5-9-12(11)14(17)18-10-6-2-1-3-7-10/h4-5,8-10H,1-3,6-7H2,(H,15,16)	Oprea1_350653	C1CCC(CC1)OC(=O)C2=CC=CC=C2C(=O)O	3.16979599	165618;22257566;131667879;131698665	PubChem:(165618 22257566 131667879 131698665);CHEBI:(132609);MeSH:(165618);PubChem class - safety and toxic;PubMed;KEGG Mine	8657043558
72	1	N/A	-299.8113042067961	C14H16O4	[M + H]+	FOKOBFCBZWKZRF	InChI=1S/C14H16O4/c1-3-9(15)5-11-7-12(17)14-8(2)4-10(16)6-13(14)18-11/h4,6-7,9,15-16H,3,5H2,1-2H3	null	CCC(CC1=CC(=O)C2=C(O1)C=C(C=C2C)O)O	2.0999999	77987913;71482756	COCONUT:(CNP0296085);MeSH:(71482756);Natural Products:(UNPD229546);PubChem:(77987913 71482756);PubMed	2129990
73	1	N/A	-300.07176112167116	C14H16O4	[M + H]+	GEBOZHKBHBHNNZ	InChI=1S/C14H16O4/c1-6-4-10-12(14(18)8(3)13(10)17)7(2)9(6)5-11(15)16/h4,8,14,18H,5H2,1-3H3,(H,15,16)	null	CC1C(C2=C(C(=C(C=C2C1=O)C)CC(=O)O)C)O	2.06498837	""	COCONUT:(CNP0181796);Natural Products:(UNPD103716);SuperNatural:(SN00266477)	3178496
74	1	N/A	-300.9722440719062	C14H16O4	[M + H]+	PUFLCQMPJAHYJQ	InChI=1S/C14H16O4/c15-10-14(13-2-1-8-17-13)18-9-7-11-3-5-12(16)6-4-11/h1-6,8,14-16H,7,9-10H2	null	C1=COC(=C1)C(CO)OCCC2=CC=C(C=C2)O	1.60000002	24879478	COCONUT:(CNP0311863);KNApSAcK:(40017);Natural Products:(UNPD181723);PubChem:(24879478);SuperNatural:(SN00262353)	3178514
75	1	N/A	-301.06725189090673	C14H16O4	[M + H]+	YNXBINXRYLBWOT	InChI=1S/C14H16O4/c1-4-14(2,3)18-13(17)8-6-10-5-7-11(15)12(16)9-10/h4-9,15-16H,1H2,2-3H3	1,1-Dimethylallyl-3'',4''-dihydroxycinnamic acid ester	CC(C)(C=C)OC(=O)C=CC1=CC(=C(C=C1)O)O	2.63985276	129450;6439090	MeSH:(6439090);PubChem:(129450 6439090);PubMed	70
76	1	N/A	-301.7864990241076	C14H16O4	[M + H]+	CVYYGWZLVCIMOB	InChI=1S/C14H16O4/c1-7(2)11-5-9(15)13-10(16)6-12(17-4)8(3)14(13)18-11/h5-7,16H,1-4H3	null	CC1=C(C=C(C2=C1OC(=CC2=O)C(C)C)O)OC	3.20000005	102247127	COCONUT:(CNP0286084);Natural Products:(UNPD15535);PubChem:(102247127);SuperNatural:(SN00335649)	3178498
77	1	N/A	-304.58762994479815	C14H16O4	[M + H]+	FFPXKNRKWSAAHU	InChI=1S/C14H16O4/c1-9(15)12(16)5-3-10-2-4-11-13(17)6-7-18-14(11)8-10/h2-5,8,12-13,16-17H,6-7H2,1H3	null	CC(=O)C(C=CC1=CC2=C(C=C1)C(CCO2)O)O	1.37011111	""	COCONUT:(CNP0391942)	2097152
78	1	N/A	-304.9145375382628	C14H16O4	[M + H]+	FIMFRMRZGBUYMV	InChI=1S/C14H16O4/c1-2-3-4-5-11-7-9-6-10(15)8-12(16)13(9)14(17)18-11/h6-8,15-16H,2-5H2,1H3	1H-2-Benzopyran-1-one, 6,8-dihydroxy-3-pentyl-	CCCCCC1=CC2=CC(=CC(=C2C(=O)O1)O)O	4.0	13636701	COCONUT:(CNP0178941);Natural Products:(UNPD121825);PubChem:(13636701);SuperNatural:(SN00330314);CHEBI:(144284);ZINC bio:(ZINC14618066)	3186722
79	1	N/A	-305.0234920618851	C14H16O4	[M + H]+	TZTBQYUROLBSLN	InChI=1S/C14H16O4/c1-14(2)5-4-9-6-10(12(16)8-17-3)11(15)7-13(9)18-14/h4-7,15H,8H2,1-3H3	null	CC1(C=CC2=CC(=C(C=C2O1)O)C(=O)COC)C	2.5999999	131750897	COCONUT:(CNP0404783);HMDB:(29774);PubChem:(131750897);PubChem class - bio and metabolites	18874378
80	1	N/A	-307.7482875576233	C14H16O4	[M + H]+	QVOZIORCXZEETA	InChI=1S/C14H16O4/c1-6-7(2)14(18)11(8(3)13(6)17)12(9(4)15)10(5)16/h12H,1-5H3	2-(1-Acetyl-2-oxopropyl)-3,5,6-trimethyl-2,5-cyclohexadiene-1,4-dione	CC1=C(C(=O)C(=C(C1=O)C)C(C(=O)C)C(=O)C)C	0.699999988	3064073	PubChem:(3064073);PubChem class - safety and toxic	67108866
81	1	N/A	-309.71261511236816	C14H16O4	[M + H]+	DPATWVFAIKWKPY	InChI=1S/C14H16O4/c1-7(15)4-10-5-11-8(2)9(3)13(16)6-12(11)14(17)18-10/h5-7,15-16H,4H2,1-3H3	null	CC1=C2C=C(OC(=O)C2=CC(=C1C)O)CC(C)O	2.29999995	132487072;139584070	PubChem:(132487072 139584070);COCONUT:(CNP0274289)	2097154
82	1	N/A	-310.695598008898	C14H16O4	[M + H]+	HOOKDNNZCZMJNW	InChI=1S/C14H16O4/c1-14(2,16)8-11(15)5-3-10-4-6-12-13(7-10)18-9-17-12/h3-7,16H,8-9H2,1-2H3	1-(1,3-benzodioxol-5-yl)-5-hydroxy-5-methylhex-1-en-3-one	CC(C)(CC(=O)C=CC1=CC2=C(C=C1)OCO2)O	2.33043218	95506;5926462;5354636	PubChem:(95506 5926462 5354636);PubChem class - safety and toxic	67108866
83	1	N/A	-310.956721724734	C14H16O4	[M + H]+	LYWQOYXTJXSKEK	InChI=1S/C14H16O4/c1-8-9-5-6-14(2,3)18-11(9)7-10(15)12(8)13(16)17-4/h5-7,15H,1-4H3	null	CC1=C(C(=CC2=C1C=CC(O2)(C)C)O)C(=O)OC	3.29999995	11149312	COCONUT:(CNP0242912);Natural Products:(UNPD122527);PubChem:(11149312);SuperNatural:(SN00241993)	3178498
84	1	N/A	-311.46396603461005	C14H16O4	[M + H]+	FEBWDEBUAVAUDH	InChI=1S/C14H16O4/c1-2-4-13(16)14-8-7-10-5-3-6-12(15)11(10)9-17-18-14/h2-8,13-16H,9H2,1H3	null	CC=CC(C1C=CC2=C(COO1)C(=CC=C2)O)O	1.89999998	101615524;139584867	COCONUT:(CNP0229472);Natural Products:(UNPD15620);PubChem:(101615524 139584867);SuperNatural:(SN00232259)	3178498
85	1	N/A	-314.46201973365527	C14H16O4	[M + H]+	YUDKCHUOSDKDSU	InChI=1S/C14H16O4/c1-7(2)9-6-11(15)18-14-10(9)5-8(3)13(17-4)12(14)16/h5-7,16H,1-4H3	null	CC1=CC2=C(C(=C1OC)O)OC(=O)C=C2C(C)C	2.5999999	102236068	COCONUT:(CNP0294001);Natural Products:(UNPD230452);PubChem:(102236068)	2129922
86	1	N/A	-314.5500178810559	C14H16O4	[M + H]+	JVQIELYQOZIVPK	InChI=1S/C14H16O4/c1-9(2)3-5-11-7-10(4-6-13(16)17)8-12(15)14(11)18/h3-4,6-8,15,18H,5H2,1-2H3,(H,16,17)	(2E)-3-[3,4-dihydroxy-5-(3-methylbut-2-en-1-yl)phenyl]prop-2-enoic acid	CC(=CCC1=C(C(=CC(=C1)C=CC(=O)O)O)O)C	3.0999999	10467187;67592712	COCONUT:(CNP0281109);HMDB:(135894);Natural Products:(UNPD187717);PubChem:(10467187 67592712);SuperNatural:(SN00267180);CHEBI:(65784);PubChem class - bio and metabolites;PubMed	19955818
87	1	N/A	-316.00637119474425	C14H16O4	[M + H]+	VCFVIJOFTGYSFF	InChI=1S/C14H16O4/c1-7-5-8-9(6-10(7)15)14(4,18)13(2,3)12(17)11(8)16/h5-6,15,18H,1-4H3	null	CC1=CC2=C(C=C1O)C(C(C(=O)C2=O)(C)C)(C)O	1.20000005	132513613	PubChem:(132513613);COCONUT:(CNP0357848)	2097154
88	1	N/A	-321.41691535921115	C14H16O4	[M + H]+	QNRKTRKCMAQCAK	InChI=1S/C14H16O4/c1-9(7-10(2)15)5-6-12-8-13(17-4)11(3)14(16)18-12/h5-8H,1-4H3	Nigerapyrone D	CC1=C(C=C(OC1=O)C=CC(=CC(=O)C)C)OC	2.20000005	53483953	COCONUT:(CNP0132265);Natural Products:(UNPD203069);PubChem:(53483953);PubMed;CHEBI:(69259)	2130018
89	1	N/A	-322.8228562168258	C14H16O4	[M + H]+	GUWNWVMZYFPNSS	InChI=1S/C14H16O4/c15-10-5-7-12(16)9(8-10)4-6-14(18)11-2-1-3-13(11)17/h5,7-8,11,15-16H,1-4,6H2	2-(3-(2,5-Dihydroxyphenyl)-1-oxopropyl)cyclopentanone	C1CC(C(=O)C1)C(=O)CCC2=C(C=CC(=C2)O)O	1.5	170894	PubChem:(170894);NORMAN:(NS00059307)	262146
90	1	N/A	-325.5764405061976	C14H16O4	[M + H]+	MBPCJSPVINFSDT	InChI=1S/C14H16O4/c1-14(2)6-5-9-7-10(13(15)17-4)8-11(16-3)12(9)18-14/h5-8H,1-4H3	null	CC1(C=CC2=C(O1)C(=CC(=C2)C(=O)OC)OC)C	2.70000005	102330016	COCONUT:(CNP0249628);Natural Products:(UNPD147683);PubChem:(102330016);SuperNatural:(SN00395664)	3178498
91	1	N/A	-326.01064798149145	C14H16O4	[M + H]+	SGRYFGWTDKJCPA	InChI=1S/C14H16O4/c1-6-5-10-11(7(2)14(17)18-10)13(16)12-8(6)3-4-9(12)15/h3-4,6,8,10-13,16H,2,5H2,1H3	null	CC1CC2C(C(C3C1C=CC3=O)O)C(=C)C(=O)O2	1.23451352	""	COCONUT:(CNP0423483);SuperNatural:(SN00167779);KEGG Mine	8593080320
92	1	N/A	-327.1832584553335	C14H16O4	[M + H]+	OBLRTUOESOIUPD	InChI=1S/C14H16O4/c1-8(2)4-5-17-11-6-10-7-18-14(16)12(10)13(15)9(11)3/h4,6,15H,5,7H2,1-3H3	null	CC1=C(C=C2COC(=O)C2=C1O)OCC=C(C)C	3.4000001	129861953	PubChem:(129861953);COCONUT:(CNP0284644)	2097154
93	1	N/A	-329.57733430550115	C14H16O4	[M + H]+	VXZPJQXETDFJCN	InChI=1S/C14H16O4/c15-10-5-4-9-11(16)8-14(6-2-1-3-7-14)18-13(9)12(10)17/h4-5,15,17H,1-3,6-8H2	7,8-dihydroxyspiro[3H-chromene-2,1''-cyclohexane]-4-one	C1CCC2(CC1)CC(=O)C3=C(O2)C(=C(C=C3)O)O	2.29999995	16394676	COCONUT:(CNP0393353);PubChem:(16394676);SuperNatural:(SN00077484);PubMed;ZINC bio:(ZINC08733260)	3153986
94	1	N/A	-333.32679186836646	C14H16O4	[M + H]+	HTOGTGFTMLQGFO	InChI=1S/C14H16O4/c1-4-5-6-7-10(15)11-8(2)13(17)14(18)9(3)12(11)16/h4-7,16-18H,1-3H3	(2E,4E)-1-(2,4,5-trihydroxy-3,6-dimethylphenyl)hexa-2,4-dien-1-one	CC=CC=CC(=O)C1=C(C(=C(C(=C1O)C)O)O)C	3.29999995	11413968	COCONUT:(CNP0363301);KNApSAcK:(43015);Natural Products:(UNPD116604);PubChem:(11413968);SuperNatural:(SN00251323);MeSH:(11413968);PubMed	3178582
95	1	N/A	-333.816219627777	C14H16O4	[M + H]+	SZOTYOZQWWESFH	InChI=1S/C14H16O4/c1-2-3-6-17-11-4-5-12-10(7-14(15)16)9-18-13(12)8-11/h4-5,8-9H,2-3,6-7H2,1H3,(H,15,16)	null	CCCCOC1=CC2=C(C=C1)C(=CO2)CC(=O)O	3.0	139592522	PubChem:(139592522);PubChem class - bio and metabolites	16777218
96	1	N/A	-340.69230186521725	C14H16O4	[M + H]+	SJEYUYPBCPRFNM	InChI=1S/C14H16O4/c1-4-5-6-7-11(15)10-8-14(3,18)13(17)9(2)12(10)16/h4-8,16,18H,1-3H3	null	CC=CC=CC(=O)C1=CC(C(=O)C(=C1O)C)(C)O	1.79999995	102249972	COCONUT:(CNP0264147);MeSH:(102249972);Natural Products:(UNPD105735);PubChem:(102249972);PubMed	2129990
97	1	N/A	-341.3323584580377	C14H16O4	[M + H]+	IGDCYTPOZJFBOT	InChI=1S/C14H16O4/c1-7-4-10-9(5-11(7)16)12(17)6-14(3,18)13(10)8(2)15/h4-5,13,16,18H,6H2,1-3H3	null	CC1=CC2=C(C=C1O)C(=O)CC(C2C(=O)C)(C)O	1.26156092	""	COCONUT:(CNP0262741)	2097152
98	1	N/A	-354.1837310755121	C14H16O4	[M + H]+	RRXJAIGMEWAMBV	InChI=1S/C14H16O4/c1-2-3-4-5-10-8-12(17)14-11(16)6-9(15)7-13(14)18-10/h6-8,15-16H,2-5H2,1H3	null	CCCCCC1=CC(=O)C2=C(C=C(C=C2O1)O)O	3.28823733	""	COCONUT:(CNP0174917);Natural Products:(UNPD161757)	2129920
99	1	N/A	-355.48496257699145	C14H16O4	[M + H]+	GIHCNAUFMXZADL	InChI=1S/C14H16O4/c1-8-6-10(16)7-11-12(17)4-5-13(14(8,11)3)18-9(2)15/h4-5,7-8,13H,6H2,1-3H3	null	CC1CC(=O)C=C2C1(C(C=CC2=O)OC(=O)C)C	1.37459493	""	COCONUT:(CNP0295821);Natural Products:(UNPD21283);SuperNatural:(SN00272531)	3178496
100	1	N/A	-359.68050889176385	C14H16O4	[M + H]+	PCZKMCHOYIIVBV	InChI=1S/C14H16O4/c15-9-5-1-2-8-12-14(17)13(16)10-6-3-4-7-11(10)18-12/h3-4,6-7,15,17H,1-2,5,8-9H2	3-hydroxy-2-(5-hydroxypentyl)chromen-4-one	C1=CC=C2C(=C1)C(=O)C(=C(O2)CCCCCO)O	2.74722791	4157427	MeSH:(4157427);PubChem:(4157427);PubMed	70
101	1	N/A	-364.14045969242636	C14H16O4	[M + H]+	UFMWABKUSKFAGZ	InChI=1S/C14H16O4/c1-14(8-15)5-4-11-12(18-14)3-2-9-6-10(16)7-17-13(9)11/h2-5,10,15-16H,6-8H2,1H3	8-(hydroxymethyl)-8-methyl-3,4-dihydro-2H-pyrano[2,3-f]chromen-3-ol	CC1(C=CC2=C(O1)C=CC3=C2OCC(C3)O)CO	1.20000005	16733843	COCONUT:(CNP0235688);Natural Products:(UNPD1086);PubChem:(16733843);SuperNatural:(SN00302042)	3178498
102	1	N/A	-366.80400028372003	C14H16O4	[M + H]+	FKIUQPYNRLYPTA	InChI=1S/C14H16O4/c1-4-5-10-6-7-11(15)8(2)14(10)12(16)9(3)18-13(14)17/h4-8,10,12,16H,3H2,1-2H3	null	CC=CC1C=CC(=O)C(C12C(C(=C)OC2=O)O)C	1.75442564	""	COCONUT:(CNP0231297)	2097152
103	1	N/A	-369.7282392832791	C14H16O4	[M + H]+	YPEZYGHWEFXBSN	InChI=1S/C14H16O4/c1-14(2,17)6-5-10-7-9-3-4-11(15)8-12(9)18-13(10)16/h3-4,7-8,15,17H,5-6H2,1-2H3	null	CC(C)(CCC1=CC2=C(C=C(C=C2)O)OC1=O)O	2.0999999	86078465	COCONUT:(CNP0304133);Natural Products:(UNPD60830);PubChem:(86078465);SuperNatural:(SN00264230)	3178498
104	1	N/A	-371.96979819370557	C14H16O4	[M + H]+	UESKRABSNQVZLB	InChI=1S/C14H16O4/c1-7-2-3-9-5-10(13(17)18)11-4-8(12(15)16)6-14(7,9)11/h5-7,9,11H,2-4H2,1H3,(H,15,16)(H,17,18)	null	CC1CCC2C13C=C(CC3C(=C2)C(=O)O)C(=O)O	2.0999999	139588099	PubChem:(139588099);COCONUT:(CNP0266097)	2097154
105	1	N/A	-374.8728196526474	C14H16O4	[M + H]+	RTPJTLADTXRGCF	InChI=1S/C14H16O4/c1-8-10-4-2-3-5-11(17-10)13(8)14-9(15)6-7-12(16)18-14/h2-11,13-15H,1H3	null	CC1C2C=CC=CC(C1C3C(C=CC(=O)O3)O)O2	1.39999998	46190090;56935721;91885623;102416998;122371178	COCONUT:(CNP0179196);Natural Products:(UNPD197716);PubChem:(46190090 56935721 91885623 102416998 122371178)	2129922
106	1	N/A	-376.1582974456615	C14H16O4	[M + H]+	YHIWZWLMDOWBRY	InChI=1S/C14H16O4/c15-13(16)9-10-5-3-4-8-14(10)17-11-6-1-2-7-12(11)18-14/h1-2,6-7,10H,3-5,8-9H2,(H,15,16)	Spiro(cyclohexane-1,2''-benzodioxole)-2-acetic acid	C1CCC2(C(C1)CC(=O)O)OC3=CC=CC=C3O2	2.79999995	3039589	PubChem:(3039589);PubChem class - safety and toxic	67108866
107	1	N/A	-378.5279723686429	C14H16O4	[M + H]+	JJOYJHKNKRXXFW	InChI=1S/C14H16O4/c1-7-5-12-9(8(2)13(16)18-12)6-10-11(15)3-4-14(7,10)17/h3-4,7,9-10,12,17H,2,5-6H2,1H3	(3aR,5R,5aS,8aR,9aR)-5a-hydroxy-5-methyl-1-methylidene-3a,4,5,8a,9,9a-hexahydroazuleno[6,7-b]furan-2,8-dione	CC1CC2C(CC3C1(C=CC3=O)O)C(=C)C(=O)O2	0.899999976	158187	COCONUT:(CNP0111914);KNApSAcK:(21048);Natural Products:(UNPD30715);PubChem:(158187);SuperNatural:(SN00265363);KEGG Mine	8593113106
108	1	N/A	-396.0384277373112	C14H16O4	[M + H]+	GCEIHMYKBVGJLS	InChI=1S/C14H16O4/c1-14(2,17)6-5-9-7-10-3-4-13(16)18-12(10)8-11(9)15/h3-4,7-8,15,17H,5-6H2,1-2H3	null	CC(C)(CCC1=C(C=C2C(=C1)C=CC(=O)O2)O)O	2.0999999	71439066	COCONUT:(CNP0280038);HMDB:(130532);Natural Products:(UNPD173793);PubChem:(71439066);SuperNatural:(SN00277657);PubChem class - bio and metabolites	19955722
109	1	N/A	-398.24916106514047	C14H16O4	[M + H]+	USRAYAHAWSFHST	InChI=1S/C14H16O4/c1-9-7-10(15)12-13(17-9)14(8-11(16)18-12)5-3-2-4-6-14/h7H,2-6,8H2,1H3	null	CC1=CC(=O)C2=C(O1)C3(CCCCC3)CC(=O)O2	2.4000001	132352107	PubChem:(132352107);COCONUT:(CNP0134782)	2097154
110	1	N/A	-399.6296574181389	C14H16O4	[M + H]+	YCXFYWBMQJMDBX	InChI=1S/C14H16O4/c1-2-3-4-5-8-11-12(15)13(16)14(18-11)9-6-7-10-17-14/h8,12-13,15-16H,6-7,9-10H2,1H3	null	CC#CC#CC=C1C(C(C2(O1)CCCCO2)O)O	0.800000012	15477700;101607910;100982289	COCONUT:(CNP0154591);Natural Products:(UNPD212180 UNPD177323);PubChem:(15477700 101607910 100982289)	2129922
111	1	N/A	-405.3806125822761	C14H16O4	[M + H]+	SAEZZWNICTYMTI	InChI=1S/C14H16O4/c1-8-3-5-13-7-10(16)17-11(13)12(2)9(15)4-6-14(8,12)18-13/h4,6,8,11H,3,5,7H2,1-2H3	null	CC1CCC23CC(=O)OC2C4(C1(O3)C=CC4=O)C	0.800000012	44220808	COCONUT:(CNP0109298);Natural Products:(UNPD36358);PubChem:(44220808);SuperNatural:(SN00299961)	3178498
112	1	N/A	-407.4598090115358	C14H16O4	[M + H]+	JUWRYWAZYBSNCI	InChI=1S/C14H16O4/c1-4-14(3)11(16)6-5-9-12(17)10(7-15)8(2)18-13(9)14/h5-6,15H,4,7H2,1-3H3	null	CCC1(C(=O)C=CC2=C1OC(=C(C2=O)CO)C)C	1.39999998	92469090;90469884	COCONUT:(CNP0196799);Natural Products:(UNPD105444);PubChem:(92469090 90469884)	2129922
113	1	N/A	-409.08053976183436	C14H16O4	[M + H]+	MSXAYWSJIMYMQW	InChI=1S/C14H16O4/c1-7-8-5-9-10(15)3-4-12(16)14(9,2)6-11(8)18-13(7)17/h3-4,9,11-12,16H,5-6H2,1-2H3	null	CC1=C2CC3C(=O)C=CC(C3(CC2OC1=O)C)O	0.5	71573616	COCONUT:(CNP0125891);Natural Products:(UNPD214801);PubChem:(71573616)	2129922
114	1	N/A	-413.55152333928964	C14H16O4	[M + H]+	KLMULHKUMZKNJD	InChI=1S/C14H16O4/c1-7-5-11-9(8(2)13(16)18-11)6-14(17)10(7)3-4-12(14)15/h3-4,7,9-11,17H,2,5-6H2,1H3	Microhelenin-F	CC1CC2C(CC3(C1C=CC3=O)O)C(=C)C(=O)O2	1.29999995	158338;16745523;73319577	COCONUT:(CNP0184153);KNApSAcK:(21049);Natural Products:(UNPD118971);PubChem:(158338 16745523 73319577);SuperNatural:(SN00380909);PubMed;KEGG Mine	8593113170
115	1	N/A	-414.61316015682195	C14H16O4	[M + H]+	ZRZROQUVFFSYRO	InChI=1S/C14H16O4/c1-7(15)3-5-9-8-4-6-10(16)12-11(8)14(9,2)13(17)18-12/h3,5,8-9,11-12H,4,6H2,1-2H3	null	CC(=O)C=CC1C2CCC(=O)C3C2C1(C(=O)O3)C	1.16812801	""	COCONUT:(CNP0075036)	2097152
116	1	N/A	-422.026714353639	C14H16O4	[M + H]+	OZSZLZKKHASNLY	InChI=1S/C14H16O4/c1-4-14(3)11(16)6-5-9-12(17)8(2)10(7-15)18-13(9)14/h5-6,15H,4,7H2,1-3H3	null	CCC1(C(=O)C=CC2=C1OC(=C(C2=O)C)CO)C	0.899999976	101614435	COCONUT:(CNP0412324);Natural Products:(UNPD83822);PubChem:(101614435);SuperNatural:(SN00311458)	3178498
117	1	N/A	-426.1448644485203	C14H16O4	[M + H]+	WIVNSULEOZPIDB	InChI=1S/C14H16O4/c1-14-5-2-3-9(7-15)11(14)13(16)18-12(14)10-4-6-17-8-10/h4,6,8,12,15H,2-3,5,7H2,1H3	null	CC12CCCC(=C1C(=O)OC2C3=COC=C3)CO	1.20000005	76333231	COCONUT:(CNP0219332);Natural Products:(UNPD104384);PubChem:(76333231);SuperNatural:(SN00387999);PubMed	3178562
118	1	N/A	-432.4485721995129	C14H16O4	[M + H]+	POWUKHJERFGQAF	InChI=1S/C14H16O4/c1-7-8-3-5-13(2)6-4-9(15)11-14(13,18-11)10(8)17-12(7)16/h4,6-8,10-11H,3,5H2,1-2H3	3,5a-dimethyl-3a,5,5a,9b-tetrahydro-4H-oxireno[8,8a]naphtho[1,2-b]furan-2,8(3H,8aH)-dione	CC1C2CCC3(C=CC(=O)C4C3(C2OC1=O)O4)C	1.5	4019763	PubChem:(4019763);COCONUT:(CNP0067661)	2097154
119	1	N/A	-434.4997705495942	C14H16O4	[M + H]+	ZCEUBPHEBYXFLM	InChI=1S/C14H16O4/c1-8-10(15)3-5-14(2)11(8)13(16)18-12(14)9-4-6-17-7-9/h4,6-7,10,12,15H,3,5H2,1-2H3	9beta-hydroxyfraxinellone	CC1=C2C(=O)OC(C2(CCC1O)C)C3=COC=C3	1.20000005	636856;478833;10776926;14543429;102249824;129317329	COCONUT:(CNP0202908);KNApSAcK:(29609);Natural Products:(UNPD226864 UNPD114403 UNPD47778);PubChem:(636856 478833 10776926 14543429 102249824 129317329);SuperNatural:(SN00159977 SN00389666);PubMed	3178578
120	1	N/A	-437.3576364339606	C14H16O4	[M + H]+	AEUJSHIYFLRGQB	InChI=1S/C14H16O4/c1-4-5-6-9-10-7-14(3,17)12(15)8(2)11(10)18-13(9)16/h4-5,17H,6-7H2,1-3H3	null	CC=CCC1=C2CC(C(=O)C(=C2OC1=O)C)(C)O	2.12430143	""	COCONUT:(CNP0154505);Natural Products:(UNPD204330)	2129920
121	1	N/A	-438.14345875493143	C14H16O4	[M + H]+	AWFFXPNAORYYFB	InChI=1S/C14H16O4/c1-5-8(15)11-14(18-11)4-6-7(12(5,14)2)9(16)13(3)10(6)17-13/h6-8,10-11,15H,1,4H2,2-3H3	null	CC12C3C(CC14C(O4)C(C2=C)O)C5C(C3=O)(O5)C	-0.300000012	24745894	PubChem:(24745894);COCONUT:(CNP0356299)	2097154
122	1	N/A	-444.20427868334224	C14H16O4	[M + H]+	JHBATSSGORALFQ	InChI=1S/C14H16O4/c1-8-10-6-9-4-3-5-11(15)13(9,2)7-14(10,17)18-12(8)16/h3,5,9,17H,4,6-7H2,1-2H3	null	CC1=C2CC3CC=CC(=O)C3(CC2(OC1=O)O)C	1.84801257	""	COCONUT:(CNP0372769)	2097152
123	1	N/A	-448.95885861467514	C14H16O4	[M + H]+	NXIVBEINPTVKFF	InChI=1S/C14H16O4/c1-8-9(15)5-6-14(2)11(8)13(16)18-12(14)10-4-3-7-17-10/h3-4,7,9,12,15H,5-6H2,1-2H3	null	CC1=C2C(=O)OC(C2(CCC1O)C)C3=CC=CO3	2.03713179	""	COCONUT:(CNP0258115);Natural Products:(UNPD46279);SuperNatural:(SN00366245)	3178496
124	1	N/A	-473.9581309056114	C14H16O4	[M + H]+	NDMIZRIRLYWQSW	InChI=1S/C14H16O4/c1-12-5-3-6-13(2)14(12,18-13)11(15)17-10(12)9-4-7-16-8-9/h4,7-8,10H,3,5-6H2,1-2H3	null	CC12CCCC3(C1(O3)C(=O)OC2C4=COC=C4)C	1.75237346	""	COCONUT:(CNP0080668)	2097152
125	1	N/A	-478.21862468417004	C14H16O4	[M + H]+	PIKQVDHHJWKTME	InChI=1S/C14H16O4/c1-4-5-8-6-10(15)13-7-9(13)12(2,3)18-14(13,17)11(8)16/h4-6,9,17H,7H2,1-3H3	(1''E)-Dechloromycorrhizin A	CC=CC1=CC(=O)C23CC2C(OC3(C1=O)O)(C)C	0.600000024	6450474;10243723;101915179;101915180	COCONUT:(CNP0276188);Natural Products:(UNPD154195);PubChem:(6450474 10243723 101915179 101915180);SuperNatural:(SN00248936)	3178498
1	1	0.38198874086974316	-100.6013574940388	C14H18O5	[M - H2O + H]+	RUDVTXZKYPJLFH	InChI=1S/C14H18O5/c1-18-11(15)8-7-10-12(16)13(17)14(19-10)9-5-3-2-4-6-9/h2-6,10,12-14,16-17H,7-8H2,1H3	(+)-Goniothalesdiol	COC(=O)CCC1C(C(C(O1)C2=CC=CC=C2)O)O	0.400000006	10061436;11694629;11108280;11207838;52195764;52195765;53393984;124930858;135037786	COCONUT:(CNP0214006);Natural Products:(UNPD143737);PubChem:(10061436 11694629 11108280 11207838 52195764 52195765 53393984 124930858 135037786);SuperNatural:(SN00371450);ZINC bio:(ZINC15262972 ZINC15262974);additional;Training Set	3727362
2	1	N/A	-168.58517371282082	C14H18O5	[M - H2O + H]+	KDINCHVBSLYDMN	InChI=1S/C14H18O5/c1-18-12(16)8-10-7-11(15)13(17)14(19-10)9-5-3-2-4-6-9/h2-6,10-11,13-15,17H,7-8H2,1H3	methyl 2-[(2R,4S,5S,6R)-4,5-dihydroxy-6-phenyloxan-2-yl]acetate	COC(=O)CC1CC(C(C(O1)C2=CC=CC=C2)O)O	0.400000006	16079978	COCONUT:(CNP0256247);KNApSAcK:(30422);Natural Products:(UNPD18264);PubChem:(16079978);SuperNatural:(SN00365035)	3178514
3	1	N/A	-178.31205496993493	C14H18O5	[M - H2O + H]+	STVPMBZGTZFWKF	InChI=1S/C14H18O5/c1-7(18-2)12-11(19-3)6-8-9(15)4-5-10(16)13(8)14(12)17/h6-7,9,15,17H,4-5H2,1-3H3	null	CC(C1=C(C=C2C(CCC(=O)C2=C1O)O)OC)OC	1.50698125	""	COCONUT:(CNP0148264);Natural Products:(UNPD183377);SuperNatural:(SN00273273)	3178496
4	1	N/A	-182.76070102638715	C14H18O5	[M - H2O + H]+	YLSOOYDKHUEZQR	InChI=1S/C14H18O5/c1-4-7-10(18-2)5-8-12(14(7)17)9(15)6-11(19-3)13(8)16/h5,11,13,16-17H,4,6H2,1-3H3	null	CCC1=C(C=C2C(C(CC(=O)C2=C1O)OC)O)OC	1.39999998	139588653	PubChem:(139588653);COCONUT:(CNP0357834)	2097154
5	1	N/A	-190.31888080515645	C14H18O5	[M - H2O + H]+	VEGZDESFQVWPHB	InChI=1S/C14H18O5/c1-10(15)18-8-4-5-12-6-7-13(19-11(2)16)14(9-12)17-3/h6-7,9H,4-5,8H2,1-3H3	null	CC(=O)OCCCC1=CC(=C(C=C1)OC(=O)C)OC	2.53352404	""	COCONUT:(CNP0116086);Natural Products:(UNPD23201)	2129920
6	1	N/A	-217.5173267755789	C14H18O5	[M - H2O + H]+	SGFFREHBBCJPJB	InChI=1S/C14H18O5/c1-16-14-10(15)7-11-12(19-14)8-17-13(18-11)9-5-3-2-4-6-9/h2-6,10-15H,7-8H2,1H3	Oprea1_606694	COC1C(CC2C(O1)COC(O2)C3=CC=CC=C3)O	0.800000012	575881;667831;1244540;905827;905828;929274;929275;7077393;7077394;7079461;7079462;7427685;7427687;7427689;7427691;10934394;11043702;14050707;54303997;93982658;98244278;99863841;100341369;100341380	COCONUT:(CNP0228557);PubChem:(575881 667831 1244540 905827 905828 929274 929275 7077393 7077394 7079461 7079462 7427685 7427687 7427689 7427691 10934394 11043702 14050707 54303997 93982658 98244278 99863841 100341369 100341380);SuperNatural:(SN00069386 SN00068129 SN00068130 SN00069385);PubMed;ZINC bio:(ZINC04027503 ZINC04027504 ZINC04029845 ZINC04029846)	3153986
7	1	N/A	-218.52531857653034	C14H18O5	[M - H2O + H]+	MQAGIKOTEWULFX	InChI=1S/C14H18O5/c1-8-5-10(15)4-2-3-9-6-11(16)7-12(17)13(9)14(18)19-8/h6-8,10,15-17H,2-5H2,1H3	3R,5R-Sonnerlactone	CC1CC(CCCC2=C(C(=CC(=C2)O)O)C(=O)O1)O	2.5	46890201;46890202	COCONUT:(CNP0141932);Natural Products:(UNPD97900 UNPD189726);PubChem:(46890201 46890202);SuperNatural:(SN00302846 SN00354776);PubMed	3178562
8	1	N/A	-223.60739217493406	C14H18O5	[M - H2O + H]+	WKCHCGWWPRZTBN	InChI=1S/C14H18O5/c1-18-10-7-8-13(19-2)11(9-10)12(15)5-3-4-6-14(16)17/h7-9H,3-6H2,1-2H3,(H,16,17)	6-(2,5-dimethoxyphenyl)-6-oxohexanoate	COC1=CC(=C(C=C1)OC)C(=O)CCCCC(=O)O	1.70000005	311851;6995456	COCONUT:(CNP0061668);PubChem:(311851 6995456);SuperNatural:(SN00120143);ZINC bio:(ZINC01755209)	3153922
9	1	N/A	-227.25856467864043	C14H18O5	[M - H2O + H]+	SWKMOSGQUUWFRB	InChI=1S/C14H18O5/c1-7(2)10(16)5-9-11(17)6-12(18)13(8(3)15)14(9)19-4/h6,10,16-18H,1,5H2,2-4H3	null	CC(=C)C(CC1=C(C(=C(C=C1O)O)C(=O)C)OC)O	2.29999995	11010921	COCONUT:(CNP0324254);KNApSAcK:(44499);Natural Products:(UNPD17516);PubChem:(11010921);SuperNatural:(SN00270575);PubMed	3178578
10	1	N/A	-231.53988372587452	C14H18O5	[M - H2O + H]+	UOPQBBJHNRRUKO	InChI=1S/C14H18O5/c1-8(2)5-6-9-11(18-3)7-10(15)12(13(9)16)14(17)19-4/h5,7,15-16H,6H2,1-4H3	null	CC(=CCC1=C(C=C(C(=C1O)C(=O)OC)O)OC)C	2.65375924	""	COCONUT:(CNP0327044);Natural Products:(UNPD90272);SuperNatural:(SN00346311)	3178496
11	1	N/A	-233.3742490659503	C14H18O5	[M - H2O + H]+	YMKRRWJKCZXDHU	InChI=1S/C14H18O5/c1-7-5-10(9(3)15)13(17)11(12(7)16)6-8(2)14(18)19-4/h5,8,16-17H,6H2,1-4H3	null	CC1=CC(=C(C(=C1O)CC(C)C(=O)OC)O)C(=O)C	2.5	139586859	PubChem:(139586859);COCONUT:(CNP0122936)	2097154
12	1	N/A	-234.7028400276415	C14H18O5	[M - H2O + H]+	SSLFPHTZYMUZDV	InChI=1S/C14H18O5/c1-17-11-4-3-10(9-12(11)18-2)14(13(15)16)5-7-19-8-6-14/h3-4,9H,5-8H2,1-2H3,(H,15,16)	Oprea1_071789	COC1=C(C=C(C=C1)C2(CCOCC2)C(=O)O)OC	1.5	789988;6943964	COCONUT:(CNP0026719 CNP0363134);PubChem:(789988 6943964);SuperNatural:(SN00044646);ZINC bio:(ZINC00290096)	3153922
13	1	N/A	-243.58677934682336	C14H18O5	[M - H2O + H]+	PZJWZGWBDMSONK	InChI=1S/C14H18O5/c1-11(15)18-10-14(19-12(2)16)9-17-8-13-6-4-3-5-7-13/h3-7,14H,8-10H2,1-2H3	3-(benzyloxy)propane-1,2-diyldiacetate	CC(=O)OCC(COCC1=CC=CC=C1)OC(=O)C	1.39999998	114563;10539915;10778144;10825848;11086694	PubChem:(114563 10539915 10778144 10825848 11086694);PubChem class - safety and toxic	67108866
14	1	N/A	-248.72335468371656	C14H18O5	[M - H2O + H]+	MIQAVZNJGICWJG	InChI=1S/C14H18O5/c1-14(2)7-8(15)11-9(16-3)6-10(17-4)12(18-5)13(11)19-14/h6H,7H2,1-5H3	5,7,8-trimethoxy-2,2-dimethyl-3H-chromen-4-one	CC1(CC(=O)C2=C(O1)C(=C(C=C2OC)OC)OC)C	1.89999998	4130927	PubChem:(4130927);PubChem class - safety and toxic	67108866
15	1	N/A	-250.6557882081609	C14H18O5	[M - H2O + H]+	JIARHAQQURSTEH	InChI=1S/C14H18O5/c1-16-12-10-8-18-14(19-10)13(11(12)15)17-7-9-5-3-2-4-6-9/h2-6,10-15H,7-8H2,1H3	(1S,2S,3S,4R,5R)-2-methoxy-4-phenylmethoxy-6,8-dioxabicyclo[3.2.1]octan-3-ol	COC1C2COC(O2)C(C1O)OCC3=CC=CC=C3	0.400000006	10849360;23228747	COCONUT:(CNP0402417);Natural Products:(UNPD114114);PubChem:(10849360 23228747);SuperNatural:(SN00394715)	3178498
16	1	N/A	-251.01476660035266	C14H18O5	[M - H2O + H]+	MUXQQTGHRJHHEC	InChI=1S/C14H18O5/c1-9(8-15)2-4-11-6-10(3-5-12(11)16)7-13(17)14(18)19/h2-3,5-6,13,15-17H,4,7-8H2,1H3,(H,18,19)	null	CC(=CCC1=C(C=CC(=C1)CC(C(=O)O)O)O)CO	1.39999998	131837141	PubChem:(131837141);HMDB:(133195)	10
17	1	N/A	-255.29828420846303	C14H18O5	[M - H2O + H]+	ZYSSIHVSPYQDOA	InChI=1S/C14H18O5/c1-8(15)9-5-10(11(16)6-13(9)19-4)12(17)7-14(2,3)18/h5-6,16,18H,7H2,1-4H3	null	CC(=O)C1=C(C=C(C(=C1)C(=O)CC(C)(C)O)O)OC	1.39370358	""	COCONUT:(CNP0332679);Natural Products:(UNPD98063);SuperNatural:(SN00369810)	3178496
18	1	N/A	-263.13337007839397	C14H18O5	[M - H2O + H]+	MVYQYSZOWQSGJJ	InChI=1S/C14H18O5/c1-16-11-4-3-8(5-12(11)17-2)13-9-6-19-14(15)10(9)7-18-13/h3-5,9-10,13-15H,6-7H2,1-2H3	null	COC1=C(C=C(C=C1)C2C3COC(C3CO2)O)OC	1.2390995	""	COCONUT:(CNP0190326);Natural Products:(UNPD140525);SuperNatural:(SN00339008)	3178496
19	1	N/A	-263.30442825016763	C14H18O5	[M - H2O + H]+	IMLQOKDTSYBFHF	InChI=1S/C14H18O5/c1-10(15)19-7-5-6-11-8-12(16-2)14(18-4)13(9-11)17-3/h5-6,8-9H,7H2,1-4H3	null	CC(=O)OCC=CC1=CC(=C(C(=C1)OC)OC)OC	2.20000005	92015990;131752972	COCONUT:(CNP0238385);HMDB:(40891);Natural Products:(UNPD15090);PubChem:(92015990 131752972);SuperNatural:(SN00333026);PubChem class - bio and metabolites	19955722
20	1	N/A	-265.30786046306844	C14H18O5	[M - H2O + H]+	VGMMEANPWILQKX	InChI=1S/C14H18O5/c1-8(2)3-4-10-5-9(6-11(15)13(10)17)7-12(16)14(18)19/h3,5-6,12,15-17H,4,7H2,1-2H3,(H,18,19)	null	CC(=CCC1=C(C(=CC(=C1)CC(C(=O)O)O)O)O)C	2.29999995	131837144	HMDB:(133198);PubChem:(131837144);PubChem class - bio and metabolites	16777226
21	1	N/A	-266.5304114474424	C14H18O5	[M - H2O + H]+	CRNYOXYZHUISBD	InChI=1S/C14H18O5/c1-8(2)4-5-9-11(15)7-12(16)10(6-13(17)18)14(9)19-3/h4,7,15-16H,5-6H2,1-3H3,(H,17,18)	null	CC(=CCC1=C(C(=C(C=C1O)O)CC(=O)O)OC)C	2.5999999	131831958	HMDB:(125455);PubChem:(131831958);PubChem class - bio and metabolites	16777226
22	1	N/A	-269.60329192313213	C14H18O5	[M - H2O + H]+	CVMSKRHCTWCITE	InChI=1S/C14H18O5/c1-10-6-4-5-7-14(10)18-9-13(19-12(3)16)8-17-11(2)15/h4-7,13H,8-9H2,1-3H3	1-Tolyl ether-2,3-diacetate glycerol	CC1=CC=CC=C1OCC(COC(=O)C)OC(=O)C	2.00002241	115622;14970629	PubChem:(115622 14970629);PubChem class - safety and toxic	67108866
23	1	N/A	-270.3537426362297	C14H18O5	[M - H2O + H]+	FVSSYGPILPTTPS	InChI=1S/C14H18O5/c1-8(2)3-4-9-7-10(5-6-11(9)15)12(16)13(17)14(18)19/h3,5-7,12-13,15-17H,4H2,1-2H3,(H,18,19)	null	CC(=CCC1=C(C=CC(=C1)C(C(C(=O)O)O)O)O)C	1.60000002	131837142	HMDB:(133196);PubChem:(131837142);PubChem class - bio and metabolites	16777226
24	1	N/A	-272.5498198266334	C14H18O5	[M - H2O + H]+	XSIAKDCMDYUKNA	InChI=1S/C14H18O5/c1-2-3-4-7-10-18-14(17)19-12-9-6-5-8-11(12)13(15)16/h5-6,8-9H,2-4,7,10H2,1H3,(H,15,16)	2-hexoxycarbonyloxybenzoic acid	CCCCCCOC(=O)OC1=CC=CC=C1C(=O)O	3.49922752	28816	PubChem:(28816);PubChem class - safety and toxic	67108866
25	1	N/A	-274.46270503661185	C14H18O5	[M - H2O + H]+	WZFPTWWCXRADLD	InChI=1S/C14H18O5/c1-5-19-13(15)7-6-10-8-11(16-2)14(18-4)12(9-10)17-3/h6-9H,5H2,1-4H3	Ethyl 3,4,5-trimethoxycinnamate	CCOC(=O)C=CC1=CC(=C(C(=C1)OC)OC)OC	2.5	74650;5709375;92854863	NORMAN:(NS00045824);PubChem:(74650 5709375 92854863);PubMed	262210
26	1	N/A	-277.21447373446176	C14H18O5	[M - H2O + H]+	LMTXUJRDHMJNMY	InChI=1S/C14H18O5/c1-14(2)12(19-14)7-9-5-8(3-4-10(9)15)6-11(16)13(17)18/h3-5,11-12,15-16H,6-7H2,1-2H3,(H,17,18)	null	CC1(C(O1)CC2=C(C=CC(=C2)CC(C(=O)O)O)O)C	1.29999995	131837143	HMDB:(133197);PubChem:(131837143);PubChem class - bio and metabolites	16777226
27	1	N/A	-281.06633421535184	C14H18O5	[M - H2O + H]+	MNGCGACFYWQODP	InChI=1S/C14H18O5/c1-8-12(19-13(15)14(8,2)16)9-5-6-10(17-3)11(7-9)18-4/h5-8,12,16H,1-4H3	null	CC1C(OC(=O)C1(C)O)C2=CC(=C(C=C2)OC)OC	1.85467362	""	COCONUT:(CNP0120395);Natural Products:(UNPD223318)	2129920
28	1	N/A	-281.18932082710927	C14H18O5	[M - H2O + H]+	LBJHYTOUOIWUDB	InChI=1S/C14H18O5/c1-14(2)12(19-14)8-18-13(15)9-5-6-10(16-3)11(7-9)17-4/h5-7,12H,8H2,1-4H3	null	CC1(C(O1)COC(=O)C2=CC(=C(C=C2)OC)OC)C	2.0165875	""	COCONUT:(CNP0350427);Natural Products:(UNPD166193);SuperNatural:(SN00299826)	3178496
29	1	N/A	-283.0956348165759	C14H18O5	[M - H2O + H]+	ANYWMXKIXPPVQG	InChI=1S/C14H18O5/c1-8(2)14(16)19-10-5-4-9(6-11(10)17-3)13-12(7-15)18-13/h4-6,8,12-13,15H,7H2,1-3H3	null	CC(C)C(=O)OC1=C(C=C(C=C1)C2C(O2)CO)OC	1.90106082	""	COCONUT:(CNP0218977);Natural Products:(UNPD13340);SuperNatural:(SN00231846)	3178496
30	1	N/A	-284.1843653999133	C14H18O5	[M - H2O + H]+	JSNCNDBMMDPHDI	InChI=1S/C14H18O5/c1-6-7-9(15)12-10(16-2)8-11(17-3)13(18-4)14(12)19-5/h6-8H,1-5H3	null	CC=CC(=O)C1=C(C(=C(C=C1OC)OC)OC)OC	2.54011869	""	COCONUT:(CNP0113353);Natural Products:(UNPD27939);SuperNatural:(SN00355349)	3178496
31	1	N/A	-288.68116115481286	C14H18O5	[M - H2O + H]+	FIDBMXMVNZTDHE	InChI=1S/C14H18O5/c1-7(2)12-11(18-9(4)15)6-8(3)13(17)14(12)19-10(5)16/h6-7,17H,1-5H3	null	CC1=CC(=C(C(=C1O)OC(=O)C)C(C)C)OC(=O)C	2.90623736	""	COCONUT:(CNP0338294);Natural Products:(UNPD21392)	2129920
32	1	N/A	-291.63482698085545	C14H18O5	[M - H2O + H]+	CKXNYBNFWBNQKY	InChI=1S/C14H18O5/c1-7-9-6-14(3,16)19-13(15)10(9)12(18-5)8(2)11(7)17-4/h16H,6H2,1-5H3	null	CC1=C(C(=C(C2=C1CC(OC2=O)(C)O)OC)C)OC	2.75556016	""	COCONUT:(CNP0252324);Natural Products:(UNPD17004);SuperNatural:(SN00379264)	3178496
33	1	N/A	-295.64931616241944	C14H18O5	[M - H2O + H]+	OOJGFDLOSAPOMY	InChI=1S/C14H18O5/c1-10(2)7-8-18-9-13(15)19-12-5-3-11(4-6-12)14(16)17/h3-6,10H,7-9H2,1-2H3,(H,16,17)	4-[2-(3-methylbutoxy)acetyl]oxybenzoate	CC(C)CCOCC(=O)OC1=CC=C(C=C1)C(=O)O	2.79999995	1795558;1795559	COCONUT:(CNP0204696 CNP0265956);PubChem:(1795558 1795559);SuperNatural:(SN00061175);ZINC bio:(ZINC02139827)	3153922
34	1	N/A	-298.2652255999367	C14H18O5	[M - H2O + H]+	JHXMICLCFPBALC	InChI=1S/C14H18O5/c15-11-7-5-3-1-2-4-6-8-12(14(17)18)19-13(16)10-9-11/h1-2,5,7,9-12,15H,3-4,6,8H2,(H,17,18)	null	C1CC=CCC=CC(C=CC(=O)OC(C1)C(=O)O)O	2.0999999	71552031;102197865;139585308	COCONUT:(CNP0215276);Natural Products:(UNPD214922);PubChem:(71552031 102197865 139585308)	2129922
35	1	N/A	-301.1256177298747	C14H18O5	[M - H2O + H]+	VWPAUIHDJJSZAQ	InChI=1S/C14H18O5/c1-9(2)19-13(15)6-5-10-7-11(17-3)14(16)12(8-10)18-4/h5-9,16H,1-4H3	null	CC(C)OC(=O)C=CC1=CC(=C(C(=C1)OC)O)OC	2.5999999	11021820;85369883	COCONUT:(CNP0193102);Natural Products:(UNPD34761);PubChem:(11021820 85369883);SuperNatural:(SN00227909);MeSH:(85369883);PubMed	3178566
36	1	N/A	-312.1489341089977	C14H18O5	[M - H2O + H]+	SXTJDEMVBDBILK	InChI=1S/C14H18O5/c1-7-13(18)10-4-8(5-16)9(2-3-15)11(6-17)12(10)14(7)19/h4,7,13,15-18H,2-3,5-6H2,1H3	null	CC1C(C2=C(C1=O)C(=C(C(=C2)CO)CCO)CO)O	-1.10000002	46848402	COCONUT:(CNP0315998);KNApSAcK:(21514);Natural Products:(UNPD75379);PubChem:(46848402);SuperNatural:(SN00363233)	3178514
37	1	N/A	-313.1417903665819	C14H18O5	[M - H2O + H]+	CJNHWULARALHKA	InChI=1S/C14H18O5/c1-7(2)5-10(16)11-13(18)9(6-15)12(17)8(3)14(11)19-4/h6-7,17-18H,5H2,1-4H3	null	CC1=C(C(=C(C(=C1OC)C(=O)CC(C)C)O)C=O)O	2.2917726	""	COCONUT:(CNP0343683);Natural Products:(UNPD77429);SuperNatural:(SN00313147);KEGG Mine	8593113088
38	1	N/A	-313.1417903665819	C14H18O5	[M - H2O + H]+	GLZSVPTXOTWKMM	InChI=1S/C14H18O5/c1-7(2)5-10(16)11-13(18)8(3)12(17)9(6-15)14(11)19-4/h6-7,17-18H,5H2,1-4H3	null	CC1=C(C(=C(C(=C1O)C(=O)CC(C)C)OC)C=O)O	2.2917726	""	COCONUT:(CNP0296692);Natural Products:(UNPD5231);SuperNatural:(SN00316269);KEGG Mine	8593113088
39	1	N/A	-316.388301323865	C14H18O5	[M - H2O + H]+	FBWJQVPCOKDVIM	InChI=1S/C14H18O5/c1-4-19-14(18)10-5-9(6-11(15)8(2)3)13(17)12(16)7-10/h5,7,11,15-17H,2,4,6H2,1,3H3	null	CCOC(=O)C1=CC(=C(C(=C1)O)O)CC(C(=C)C)O	2.29999995	102411349	COCONUT:(CNP0281791);Natural Products:(UNPD180769);PubChem:(102411349);SuperNatural:(SN00349805)	3178498
40	1	N/A	-319.9402289986532	C14H18O5	[M - H2O + H]+	CCYKGGNUSJBVDG	InChI=1S/C14H18O5/c1-5-7(2)11(16)10-13(18)9(6-15)12(17)8(3)14(10)19-4/h6-7,17-18H,5H2,1-4H3	null	CCC(C)C(=O)C1=C(C(=C(C(=C1O)C=O)O)C)OC	2.43556023	""	COCONUT:(CNP0214856);Natural Products:(UNPD13842);SuperNatural:(SN00245938)	3178496
41	1	N/A	-320.48495312574386	C14H18O5	[M - H2O + H]+	NYXDADJWMDJTRX	InChI=1S/C14H18O5/c1-5-3-9(16)11-12(17)14(18)19-13(11)10-6(2)8(15)4-7(5)10/h7-13,15-17H,1-4H2	null	C=C1CC(C2C(C3C1CC(C3=C)O)OC(=O)C2O)O	0.386336952	""	COCONUT:(CNP0123441);Natural Products:(UNPD218587)	2129920
42	1	N/A	-321.9472707979098	C14H18O5	[M - H2O + H]+	TUKAOFBNWMPAFQ	InChI=1S/C14H18O5/c1-7-9(2-3-15)8(5-16)4-10-12(7)14(19)11(6-17)13(10)18/h4,11,13,15-18H,2-3,5-6H2,1H3	(2S,3S)-3-hydroxy-6-(2-hydroxyethyl)-2,5-bis(hydroxymethyl)-7-methyl-2,3-dihydroinden-1-one	CC1=C(C(=CC2=C1C(=O)C(C2O)CO)CO)CCO	-0.5	21670041	COCONUT:(CNP0154930);KNApSAcK:(21513);Natural Products:(UNPD175728);PubChem:(21670041);SuperNatural:(SN00384673)	3178514
43	1	N/A	-322.7359677068088	C14H18O5	[M - H2O + H]+	SFHMKUALUHIBHB	InChI=1S/C14H18O5/c1-8(3-4-11(16)17)5-6-14-10(15)7-9(2)12(18)13(14)19-14/h5,7,12-13,18H,3-4,6H2,1-2H3,(H,16,17)	null	CC1=CC(=O)C2(C(C1O)O2)CC=C(C)CCC(=O)O	0.300000012	127038027	COCONUT:(CNP0198638);PubChem:(127038027);PubMed	2097218
44	1	N/A	-323.26227703698834	C14H18O5	[M - H2O + H]+	SCLAEKRZYXVHQI	InChI=1S/C14H18O5/c1-7-9(18-4)5-8-6-10(15)19-14(2,3)13(17)11(8)12(7)16/h5,10,15-16H,6H2,1-4H3	null	CC1=C(C=C2CC(OC(C(=O)C2=C1O)(C)C)O)OC	2.20000005	101991098	COCONUT:(CNP0140566);Natural Products:(UNPD191276);PubChem:(101991098);SuperNatural:(SN00373333)	3178498
45	1	N/A	-325.03751812647454	C14H18O5	[M - H2O + H]+	KFOIMSHTUISCLO	InChI=1S/C14H18O5/c1-7(15)12-9(16)6-10(18-4)8-5-11(14(2,3)17)19-13(8)12/h6,11,16-17H,5H2,1-4H3	1-[6-hydroxy-2-(2-hydroxypropan-2-yl)-4-methoxy-2,3-dihydro-1-benzofuran-7-yl]ethanone	CC(=O)C1=C2C(=C(C=C1O)OC)CC(O2)C(C)(C)O	1.79999995	606196	COCONUT:(CNP0338854);Natural Products:(UNPD161066);PubChem:(606196);SuperNatural:(SN00239179)	3178498
46	1	N/A	-328.08177645977344	C14H18O5	[M - H2O + H]+	QFBDDAUATUMNJB	InChI=1S/C14H18O5/c1-9-3-2-4-11(16)14-12(19-14)7-5-10(15)6-8-13(17)18-9/h5-10,12,14-15H,2-4H2,1H3	null	CC1CCCC(=O)C2C(O2)C=CC(C=CC(=O)O1)O	0.800000012	101509238;139584602	COCONUT:(CNP0266603);Natural Products:(UNPD163629);PubChem:(101509238 139584602);SuperNatural:(SN00387002)	3178498
47	1	N/A	-328.85644270484437	C14H18O5	[M - H2O + H]+	QGRYIIJVOBGPKL	InChI=1S/C14H18O5/c1-6-11(10(17)5-16)8(4-15)3-9-12(6)14(19)7(2)13(9)18/h3,7,10,13,15-18H,4-5H2,1-2H3	null	CC1C(C2=C(C1=O)C(=C(C(=C2)CO)C(CO)O)C)O	-0.899999976	73425913	COCONUT:(CNP0126744);Natural Products:(UNPD213288);PubChem:(73425913);PubMed	2129986
48	1	N/A	-329.3278094716933	C14H18O5	[M - H2O + H]+	DCLCSXCCFKDIDD	InChI=1S/C14H18O5/c1-13(2)14(3,19-12(15)18-13)9-6-7-10(16-4)11(8-9)17-5/h6-8H,1-5H3	5-19-06-00206 (Beilstein Handbook Reference)	CC1(C(OC(=O)O1)(C)C2=CC(=C(C=C2)OC)OC)C	2.5999999	54115;124301423;124301424	PubChem:(54115 124301423 124301424);PubChem class - safety and toxic	67108866
49	1	N/A	-330.00495570050566	C14H18O5	[M - H2O + H]+	LGYINBDXNQONQB	InChI=1S/C14H18O5/c1-17-9-13(18-2)10-19-14(16)8-5-11-3-6-12(15)7-4-11/h3-8,13,15H,9-10H2,1-2H3	null	COCC(COC(=O)C=CC1=CC=C(C=C1)O)OC	1.62285233	""	COCONUT:(CNP0307681);SuperNatural:(SN00163279)	3145728
50	1	N/A	-330.05589189186907	C14H18O5	[M - H2O + H]+	LQIJVRWISDIKEH	InChI=1S/C14H18O5/c1-2-3-4-5-8-11(15)12(16)13(17)14(18)9-6-7-10-19-14/h8,12-13,15-18H,6-7,9-10H2,1H3	null	CC#CC#CC=C(C(C(C1(CCCCO1)O)O)O)O	0.600000024	102160587	COCONUT:(CNP0131418);Natural Products:(UNPD204647);PubChem:(102160587)	2129922
51	1	N/A	-331.2873976015244	C14H18O5	[M - H2O + H]+	XDILIJCUUOMKDQ	InChI=1S/C14H18O5/c1-7(15)12-9(16)6-10-8(13(12)18-4)5-11(19-10)14(2,3)17/h6,11,16-17H,5H2,1-4H3	1-[6-hydroxy-2-(2-hydroxypropan-2-yl)-4-methoxy-2,3-dihydro-1-benzofuran-5-yl]ethanone	CC(=O)C1=C(C2=C(C=C1O)OC(C2)C(C)(C)O)OC	1.79999995	13536304	COCONUT:(CNP0301704);Natural Products:(UNPD57842);PubChem:(13536304);SuperNatural:(SN00265278)	3178498
52	1	N/A	-342.3780056091994	C14H18O5	[M - H2O + H]+	ZKGFAIXNJVVISV	InChI=1S/C14H18O5/c1-7-5-12-9(8(2)13(16)18-12)6-10-11(15)3-4-14(7,10)19-17/h9-12,15,17H,1-6H2	null	C=C1CC2C(CC3C1(CCC3O)OO)C(=C)C(=O)O2	1.50684571	""	COCONUT:(CNP0074936)	2097152
53	1	N/A	-350.0016081085805	C14H18O5	[M - H2O + H]+	VNGATVVXBMMXIB	InChI=1S/C14H18O5/c1-14(2,16)11-7-8-5-9(13(15)18-4)6-10(17-3)12(8)19-11/h5-6,11,16H,7H2,1-4H3	methyl 7-methoxyanodendroate	CC(C)(C1CC2=C(O1)C(=CC(=C2)C(=O)OC)OC)O	1.79999995	24970510;71723472	COCONUT:(CNP0268190);Natural Products:(UNPD141684);PubChem:(24970510 71723472);SuperNatural:(SN00339112);PubMed	3178562
54	1	N/A	-352.01532586113416	C14H18O5	[M - H2O + H]+	ULDXJEZSBHJNBZ	InChI=1S/C14H18O5/c1-8(3-4-11(16)17)5-6-14-10(15)7-9(2)12(18)13(14)19-14/h3,7,12-13,18H,4-6H2,1-2H3,(H,16,17)	null	CC1=CC(=O)C2(C(C1O)O2)CCC(=CCC(=O)O)C	0.400000006	127038026	COCONUT:(CNP0353856);PubChem:(127038026);PubMed	2097218
55	1	N/A	-355.34748712533695	C14H18O5	[M - H2O + H]+	GCFUBIUESOFTEI	InChI=1S/C14H18O5/c1-8(13(18)19)10-4-5-11(6-12(16)17)14(3,7-10)9(2)15/h6,10H,1,4-5,7H2,2-3H3,(H,16,17)(H,18,19)	null	CC(=O)C1(CC(CCC1=CC(=O)O)C(=C)C(=O)O)C	1.0	15699301	COCONUT:(CNP0417692);Natural Products:(UNPD180736);PubChem:(15699301);SuperNatural:(SN00399104)	3178498
56	1	N/A	-358.2963274058189	C14H18O5	[M - H2O + H]+	FNFBYOKOPYBWMY	InChI=1S/C14H18O5/c1-4-7(2)5-10(16)11-13(18)8(3)12(17)9(6-15)14(11)19/h6-7,17-19H,4-5H2,1-3H3	2,4,6-trihydroxy-3-methyl-5-(3-methylpentanoyl)benzaldehyde	CCC(C)CC(=O)C1=C(C(=C(C(=C1O)C=O)O)C)O	3.29999995	15609882;15609883	COCONUT:(CNP0164652);Natural Products:(UNPD16841);PubChem:(15609882 15609883);SuperNatural:(SN00365036)	3178498
57	1	N/A	-359.980205008231	C14H18O5	[M - H2O + H]+	ACSULZLYEQGSAE	InChI=1S/C14H18O5/c1-10(15)8-6-4-5-7-9-12-11(2)18-14(3,19-12)13(16)17/h4-9,11-12H,1-3H3,(H,16,17)	null	CC1C(OC(O1)(C)C(=O)O)C=CC=CC=CC(=O)C	1.39999998	139583995	PubChem:(139583995);COCONUT:(CNP0279113)	2097154
58	1	N/A	-363.0381142429243	C14H18O5	[M - H2O + H]+	PZLZROVSFUOQKT	InChI=1S/C14H18O5/c1-4-5-6-7-10(15)8-11(16)14(3)12(17)9(2)13(18)19-14/h4-7,9,11,16H,8H2,1-3H3	null	CC=CC=CC(=O)CC(C1(C(=O)C(C(=O)O1)C)C)O	1.26304889	""	COCONUT:(CNP0053389);SuperNatural:(SN00035997 SN00035999 SN00035998 SN00035996)	3145728
59	1	N/A	-365.8816003608922	C14H18O5	[M - H2O + H]+	WQFKBVTZZVODEE	InChI=1S/C14H18O5/c1-5-8-7(18-13(5)17)4-3-6-9-10(19-9)12(16)14(6,2)11(8)15/h6-12,15-16H,1,3-4H2,2H3	null	CC12C(CCC3C(C1O)C(=C)C(=O)O3)C4C(C2O)O4	0.331621259	""	COCONUT:(CNP0158588);Natural Products:(UNPD37571);SuperNatural:(SN00364541)	3178496
60	1	N/A	-366.46199579143985	C14H18O5	[M - H2O + H]+	BUUQIDZEVQVFNH	InChI=1S/C14H18O5/c1-8-4-3-5-14(19-8)6-9-10(7-18-14)12(16)13(2,17)11(9)15/h8,17H,3-7H2,1-2H3	null	CC1CCCC2(O1)CC3=C(CO2)C(=O)C(C3=O)(C)O	0.400000006	101884041;139583872	PubChem:(101884041 139583872);COCONUT:(CNP0357458)	2097154
61	1	N/A	-368.0737553522251	C14H18O5	[M - H2O + H]+	MPAYQRIVOSEDQH	InChI=1S/C14H18O5/c1-8(6-13(15)16)5-9(2)11-7-12(18-4)10(3)14(17)19-11/h5,7-8H,6H2,1-4H3,(H,15,16)	null	CC1=C(C=C(OC1=O)C(=CC(C)CC(=O)O)C)OC	2.20000005	38353677;38353680;44715238	COCONUT:(CNP0183139 CNP0347523);PubChem:(38353677 38353680 44715238);SuperNatural:(SN00029126 SN00029127);ZINC bio:(ZINC31160854 ZINC31160856);additional;Training Set	3694594
62	1	N/A	-369.1772630445548	C14H18O5	[M - H2O + H]+	AHSPKWNQZCGQGZ	InChI=1S/C14H18O5/c1-3-4-10-9(8-18-12(10)16)5-6-14(2)7-11(15)13(17)19-14/h3-4,11,15H,5-8H2,1-2H3	null	CC=CC1=C(COC1=O)CCC2(CC(C(=O)O2)O)C	1.10000002	139584114;139587713;139587829	COCONUT:(CNP0163899);Natural Products:(UNPD211150 UNPD223796 UNPD225928);PubChem:(139584114 139587713 139587829)	2129922
63	1	N/A	-381.66624015439186	C14H18O5	[M - H2O + H]+	UQOLUJIRDKSNLW	InChI=1S/C14H18O5/c1-7-4-8(11(16)18-7)5-10(15)14-6-9(14)13(2,3)19-12(14)17/h4,7,9-10,15H,5-6H2,1-3H3	null	CC1C=C(C(=O)O1)CC(C23CC2C(OC3=O)(C)C)O	1.29999995	10015758	COCONUT:(CNP0287933);KNApSAcK:(16228);Natural Products:(UNPD110665);PubChem:(10015758);SuperNatural:(SN00278796);MeSH:(10015758);PubMed	3178582
64	1	N/A	-382.11391491801766	C14H18O5	[M - H2O + H]+	ISCFZGDGRGXVNJ	InChI=1S/C14H18O5/c1-10(6-7-15)9-19-14(18)5-3-11-2-4-12(16)13(17)8-11/h2-5,8,10,15-17H,6-7,9H2,1H3	null	CC(CCO)COC(=O)C=CC1=CC(=C(C=C1)O)O	1.99757707	""	COCONUT:(CNP0231891);Natural Products:(UNPD156505);SuperNatural:(SN00241044 SN00143633)	3178496
65	1	N/A	-384.7194617909762	C14H18O5	[M - H2O + H]+	RTAJEBNCRIONGW	InChI=1S/C14H18O5/c1-6-4-9-8(7(2)11(15)18-9)5-14(3)10(6)12(16)19-13(14)17/h6,8-10,13,17H,2,4-5H2,1,3H3	null	CC1CC2C(CC3(C1C(=O)OC3O)C)C(=C)C(=O)O2	1.68853617	""	COCONUT:(CNP0250223);Natural Products:(UNPD81715 UNPD161298);SuperNatural:(SN00226448 SN00294101)	3178496
66	1	N/A	-395.161370058454	C14H18O5	[M - H2O + H]+	RFVYBMNZVXGEKS	InChI=1S/C14H18O5/c1-7-9(3-4-15)8(6-16)5-10-11(7)13(18)14(2,19)12(10)17/h5,12,15-17,19H,3-4,6H2,1-2H3	Setulosopterosin	CC1=C(C(=CC2=C1C(=O)C(C2O)(C)O)CO)CCO	-0.800000012	612486;21670044	COCONUT:(CNP0304316);Natural Products:(UNPD61016);PubChem:(612486 21670044);SuperNatural:(SN00373705)	3178498
67	1	N/A	-400.27251768829734	C14H18O5	[M - H2O + H]+	DWSLSSYSNMZWGO	InChI=1S/C14H18O5/c1-8-9(3-4-15)11(18)14-6-12(2,7-16)5-13(14,19-14)10(8)17/h15-16H,3-7H2,1-2H3	null	CC1=C(C(=O)C23CC(CC2(C1=O)O3)(C)CO)CCO	-0.400000006	15834664	COCONUT:(CNP0312005);Natural Products:(UNPD70224);PubChem:(15834664);SuperNatural:(SN00324354)	3178498
68	1	N/A	-400.83486786080493	C14H18O5	[M - H2O + H]+	MPGNEXMCCPAGHU	InChI=1S/C14H18O5/c1-4-5-6-7-10(15)8-11(16)14(3)12(17)9(2)13(18)19-14/h4-7,11,16-17H,8H2,1-3H3	null	CC=CC=CC(=O)CC(C1(C(=C(C(=O)O1)C)O)C)O	1.20000005	101459515;139587751	COCONUT:(CNP0156438);Natural Products:(UNPD180811);PubChem:(101459515 139587751);SuperNatural:(SN00347633)	3178498
69	1	N/A	-412.46898631171	C14H18O5	[M - H2O + H]+	LHWPRPYLBVTRHV	InChI=1S/C14H18O5/c1-13(2)4-8(15)11-7-3-14(16,19-9(11)5-13)12-17-6-10(7)18-12/h7,10,12,16H,3-6H2,1-2H3	Ambcb5573964	CC1(CC2=C(C3CC(O2)(C4OCC3O4)O)C(=O)C1)C	0.400000006	1516332;872205;1350172;2853783;5284777;6988047;18397852;22524578;98064502;98064503;133548183	COCONUT:(CNP0187999);PubChem:(1516332 872205 1350172 2853783 5284777 6988047 18397852 22524578 98064502 98064503 133548183);SuperNatural:(SN00002015);ZINC bio:(ZINC01438864)	3153922
70	1	N/A	-424.80046116164414	C14H18O5	[M - H2O + H]+	MHFSYGXKTKAWDK	InChI=1S/C14H18O5/c1-9(15)7-5-6-8-14(3)12(18-4)11(10(2)16)13(17)19-14/h5-9,15H,1-4H3	null	CC(C=CC=CC1(C(=C(C(=O)O1)C(=O)C)OC)C)O	0.899999976	90473744	COCONUT:(CNP0378521);Natural Products:(UNPD77880);PubChem:(90473744);SuperNatural:(SN00304837)	3178498
71	1	N/A	-443.68114964787475	C14H18O5	[M - H2O + H]+	OZRZMHKATMSFPV	InChI=1S/C14H18O5/c1-3-8-9-11(15)19-10(8)14(17)12(2)7(6-18-14)4-5-13(9,12)16/h3,7-10,16-17H,1,4-6H2,2H3	null	CC12C3CCC1(C4C(C(C2(OC3)O)OC4=O)C=C)O	0.100000001	10635448;85214158;101997172	COCONUT:(CNP0340809);HMDB:(41582);Natural Products:(UNPD61269);PubChem:(10635448 85214158 101997172);SuperNatural:(SN00336239);PubChem class - bio and metabolites	19955722
72	1	N/A	-446.981404127694	C14H18O5	[M - H2O + H]+	VDFINAVPDXADRJ	InChI=1S/C14H18O5/c1-9(15)7-5-6-8-14(3)12(17)11(10(2)16)13(18-4)19-14/h5-9,15H,1-4H3	Gregatin E	CC(C=CC=CC1(C(=O)C(=C(O1)OC)C(=O)C)C)O	1.20000005	6443035	COCONUT:(CNP0142403);Natural Products:(UNPD189205);PubChem:(6443035);SuperNatural:(SN00312369)	3178498
73	1	N/A	-455.43003836199387	C14H18O5	[M - H2O + H]+	DCWNOEXTQMVXFZ	InChI=1S/C14H18O5/c1-6-8-5-9-11(19-13(3,4)18-9)14(6)10(17-8)7(2)16-12(14)15/h6,8-11H,2,5H2,1,3-4H3	null	CC1C2CC3C(C14C(O2)C(=C)OC4=O)OC(O3)(C)C	1.0	139587692	PubChem:(139587692);COCONUT:(CNP0356217)	2097154
74	1	N/A	-457.30186303676675	C14H18O5	[M - H2O + H]+	LKNPZQZUTUAUNZ	InChI=1S/C14H18O5/c1-7(15)4-8-5-10(16)13-6-9(13)12(2,3)19-14(13,18)11(8)17/h4,9-10,16,18H,5-6H2,1-3H3	(1aR,3aS,5E,7S)-3a,7-dihydroxy-2,2-dimethyl-5-(2-oxopropylidene)-1,1a,6,7-tetrahydrocyclopropa[c][1]benzofuran-4-one	CC(=O)C=C1CC(C23CC2C(OC3(C1=O)O)(C)C)O	-0.600000024	11777666;10355542;137322075	COCONUT:(CNP0103974);KNApSAcK:(16457);Natural Products:(UNPD76291);PubChem:(11777666 10355542 137322075);SuperNatural:(SN00322031)	3178514
75	1	N/A	-462.01188788613166	C14H18O5	[M - H2O + H]+	ILUWWIMJTKGGNJ	InChI=1S/C14H18O5/c1-7(15)4-8-5-10(16)13-6-9(13)12(2,3)19-14(13,18)11(8)17/h5,9-10,16,18H,4,6H2,1-3H3	null	CC(=O)CC1=CC(C23CC2C(OC3(C1=O)O)(C)C)O	-0.800000012	10061437;10491967;25079827;137324677	COCONUT:(CNP0200452);KNApSAcK:(16224);Natural Products:(UNPD45832);PubChem:(10061437 10491967 25079827 137324677);SuperNatural:(SN00293161);MeSH:(25079827);PubMed	3178582
76	1	N/A	-471.45638054560396	C14H18O5	[M - H2O + H]+	AFFMEDQFAMVRQH	InChI=1S/C14H18O5/c1-7-13(19-8(2)15)11(17)5-9-4-10(16)12(18)6-14(7,9)3/h4,6-7,11,13,17-18H,5H2,1-3H3	null	CC1C(C(CC2=CC(=O)C(=CC12C)O)O)OC(=O)C	1.0	122187756	COCONUT:(CNP0282894);PubChem:(122187756);PubMed	2097218
77	1	N/A	-476.0314948077197	C14H18O5	[M - H2O + H]+	IWYBQNYTWANHQT	InChI=1S/C14H18O5/c1-4-5-9-6-13-8-11(12(2,3)16)17-14(13,19-18-13)7-10(9)15/h4,6,11,16H,1,5,7-8H2,2-3H3	null	CC(C)(C1CC23C=C(C(=O)CC2(O1)OO3)CC=C)O	1.17299986	""	COCONUT:(CNP0184701);Natural Products:(UNPD204067)	2129920
78	1	N/A	-477.38587783432774	C14H18O5	[M - H2O + H]+	DJKLAHMPCDJBAM	InChI=1S/C14H18O5/c1-7-4-8-5-10(15)12-6-9(12)11(2,3)19-14(12,17)13(8,16)18-7/h5,7,9,16-17H,4,6H2,1-3H3	null	CC1CC2=CC(=O)C34CC3C(OC4(C2(O1)O)O)(C)C	-1.0	5256312;101593091	COCONUT:(CNP0127921);Natural Products:(UNPD63403 UNPD85784);PubChem:(5256312 101593091);SuperNatural:(SN00277618)	3178498
79	1	N/A	-485.02903852547	C14H18O5	[M - H2O + H]+	XVNJVZRMRQNABE	InChI=1S/C14H18O5/c1-7-13(19-8(2)15)5-10(16)9-4-11(17)12(18)6-14(7,9)3/h4,6-7,10,13,16,18H,5H2,1-3H3	null	CC1C(CC(C2=CC(=O)C(=CC12C)O)O)OC(=O)C	0.961115301	""	COCONUT:(CNP0156368);Natural Products:(UNPD175735);SuperNatural:(SN00336657)	3178496
80	1	N/A	-529.0202820754985	C14H18O5	[M - H2O + H]+	IOSXCJIVYYGVPV	InChI=1S/C14H18O5/c1-7-10(16)5-11(17)9-4-12(18)13(19-8(2)15)6-14(7,9)3/h4,6-7,10-11,16-17H,5H2,1-3H3	null	CC1C(CC(C2=CC(=O)C(=CC12C)OC(=O)C)O)O	0.961115301	""	COCONUT:(CNP0410470);Natural Products:(UNPD12153);SuperNatural:(SN00327844)	3178496