structureRankPerFormula	formulaRank	ConfidenceScore	CSI:FingerIDScore	molecularFormula	adduct	InChIkey2D	InChI	name	smiles	xlogp	pubchemids	links	dbflags
1	1	0.27875016307241696	-93.04354320307054	C12H12O4	[M + H]+	VEKAJHBFBMWJKI	InChI=1S/C12H12O4/c1-9(14)16-11-6-5-10(4-3-7-13)8-12(11)15-2/h3-8H,1-2H3	bmse010073	CC(=O)OC1=C(C=C(C=C1)C=CC=O)OC	1.5	3017600;5893006;7438513	NORMAN:(NS00056142);COCONUT:(CNP0076029);PubChem class - safety and toxic;PubChem:(3017600 5893006 7438513);CHEBI:(86579)	69468194
2	1	N/A	-128.37073326242052	C12H12O4	[M + H]+	IVNWLXAJTPUMJK	InChI=1S/C12H12O4/c1-9(13)16-11-6-3-10(4-7-11)5-8-12(14)15-2/h3-8H,1-2H3	bmse010080	CC(=O)OC1=CC=C(C=C1)C=CC(=O)OC	2.0	1715228;1239842;237447	COCONUT:(CNP0127936);Natural Products:(UNPD181631);PubChem:(1715228 1239842 237447);CHEBI:(86584)	2129954
3	1	N/A	-134.5929115588591	C12H12O4	[M + H]+	SEOGGTOIKLUNNM	InChI=1S/C12H12O4/c1-8(13)6-10(14)4-2-9-3-5-11(15)12(16)7-9/h2-5,7,15-16H,6H2,1H3	(E)-6-(3,4-dihydroxyphenyl)hex-5-ene-2,4-dione	CC(=O)CC(=O)C=CC1=CC(=C(C=C1)O)O	1.24404597	15982728;68874017	COCONUT:(CNP0262402);Natural Products:(UNPD143155);PubChem:(15982728 68874017);PubMed	2129986
4	1	N/A	-135.17125908117475	C12H12O4	[M + H]+	QDVIEIMMEUCFMW	InChI=1S/C12H12O4/c1-8(13)6-10(14)4-2-9-3-5-11(15)12(16)7-9/h2-7,14-16H,1H3	hispolon	CC(=O)C=C(C=CC1=CC(=C(C=C1)O)O)O	1.36566556	10082188;53395354;118642545;131753146	COCONUT:(CNP0169079);HMDB:(41442);KNApSAcK:(43576);Natural Products:(UNPD86821);PubChem:(10082188 53395354 118642545 131753146);SuperNatural:(SN00231230);PubChem class - bio and metabolites;MeSH:(10082188 53395354);PubMed	19955806
5	1	N/A	-144.2477737044085	C12H12O4	[M + H]+	OILKJWNFGXIFBT	InChI=1S/C12H12O4/c1-9(13)14-6-2-3-10-4-5-11-12(7-10)16-8-15-11/h2-5,7H,6,8H2,1H3	[(E)-3-(1,3-benzodioxol-5-yl)prop-2-enyl] acetate	CC(=O)OCC=CC1=CC2=C(C=C1)OCO2	2.05561686	189986;6443439	COCONUT:(CNP0038988);PubChem:(189986 6443439);SuperNatural:(SN00143300)	3145730
6	1	N/A	-145.1414992738592	C12H12O4	[M + H]+	HPLVTKYRGZZXJF	InChI=1S/C12H12O4/c1-15-11(13)10(12(14)16-2)8-9-6-4-3-5-7-9/h3-8H,1-2H3	Dimethyl benzylidenemalonate	COC(=O)C(=CC1=CC=CC=C1)C(=O)OC	1.97991085	245906	PubChem class - safety and toxic;PubChem:(245906);PubMed	67108930
7	1	N/A	-168.38044174549674	C12H12O4	[M + H]+	UVJQQYMWMAISMQ	InChI=1S/C12H12O4/c1-2-16-12(15)11(14)8-10(13)9-6-4-3-5-7-9/h3-7H,2,8H2,1H3	Ethyl 4-phenyl-2,4-dioxobutyrate	CCOC(=O)C(=O)CC(=O)C1=CC=CC=C1	1.85672069	226503	PubChem class - safety and toxic;PubChem:(226503);PubMed	67108930
8	1	N/A	-169.86868111456047	C12H12O4	[M + H]+	PTMOFMXIIKUMTA	InChI=1S/C12H12O4/c1-2-14-12(13)6-4-9-3-5-10-11(7-9)16-8-15-10/h3-7H,2,8H2,1H3	Ethyl piperonylideneacetate	CCOC(=O)C=CC1=CC2=C(C=C1)OCO2	2.48098803	90486;5376274;6436655	NORMAN:(NS00049215);PubChem class - safety and toxic;PubChem:(90486 5376274 6436655)	67371010
9	1	N/A	-170.9908813630922	C12H12O4	[M + H]+	WKIKNOMECIZQHQ	InChI=1S/C12H12O4/c1-2-16-10-5-3-9(4-6-10)11(13)7-8-12(14)15/h3-8H,2H2,1H3,(H,14,15)	Maybridge3_007423	CCOC1=CC=C(C=C1)C(=O)C=CC(=O)O	1.99472201	2734797;5702659;6927699;77906408;92907789	PubChem class - safety and toxic;PubChem:(2734797 5702659 6927699 77906408 92907789);PubMed	67108930
10	1	N/A	-178.15013908445053	C12H12O4	[M + H]+	TZSHEUDIKQHNKP	InChI=1S/C12H12O4/c1-7(12(14)15)8-2-3-11-9(6-8)10(13)4-5-16-11/h2-3,6-7H,4-5H2,1H3,(H,14,15)	Chromanone-6-alpha-methyl acetic acid	CC(C1=CC2=C(C=C1)OCCC2=O)C(=O)O	1.39999998	3045090	PubChem:(3045090);PubChem class - safety and toxic	67108866
11	1	N/A	-178.45731001265327	C12H12O4	[M + H]+	TYARZXLQTHCHIP	InChI=1S/C12H12O4/c1-2-3-8-16-12(15)10-6-4-9(5-7-10)11(13)14/h2,4-7H,1,3,8H2,(H,13,14)	4-but-3-enoxycarbonylbenzoic acid	C=CCCOC(=O)C1=CC=C(C=C1)C(=O)O	2.4000001	3017351;85886971	PubChem:(3017351 85886971);NORMAN:(NS00055787)	262146
12	1	N/A	-194.03703411770536	C12H12O4	[M + H]+	WHAWELFEJQCZFJ	InChI=1S/C12H12O4/c13-10(9-5-2-1-3-6-9)7-4-8-11(14)12(15)16/h1-3,5-6H,4,7-8H2,(H,15,16)	2,6-Dioxo-6-phenylhexanoate	C1=CC=C(C=C1)C(=O)CCCC(=O)C(=O)O	1.29999995	440107;21145055	KEGG:(C03750);PubChem:(440107 21145055);CHEBI:(57479 15707);Biocyc:(26-DIOXO-6-PHENYLHEXANOATE);PubChem class - bio and metabolites	16779554
13	1	N/A	-195.5825614986869	C12H12O4	[M + H]+	QOTZOFGBBCMWEP	InChI=1S/C12H12O4/c1-16-8-2-3-9-10(6-8)7(4-11(9)13)5-12(14)15/h2-3,6-7H,4-5H2,1H3,(H,14,15)	Oprea1_266175	COC1=CC2=C(C=C1)C(=O)CC2CC(=O)O	0.899999976	688059;688060;212526;25272380;25272381	COCONUT:(CNP0036209 CNP0422718);PubChem class - safety and toxic;PubChem:(688059 688060 212526 25272380 25272381);SuperNatural:(SN00042843 SN00042844);ZINC bio:(ZINC00056558 ZINC00056559)	70262786
14	1	N/A	-197.11839498472946	C12H12O4	[M + H]+	WAFWIJMZCNUWSJ	InChI=1S/C12H12O4/c1-12(11(14)15-2)7-8-5-3-4-6-9(8)10(13)16-12/h3-6H,7H2,1-2H3	methyl 3-methyl-1-oxoisochromane-3-carboxylate	CC1(CC2=CC=CC=C2C(=O)O1)C(=O)OC	2.0	907846;2956905;6545441	COCONUT:(CNP0417067);PubChem:(907846 2956905 6545441);SuperNatural:(SN00070847 SN00046590);ZINC bio:(ZINC00489849 ZINC04061114)	3153922
15	1	N/A	-197.93790162504456	C12H12O4	[M + H]+	AENYDSXUJZVDCG	InChI=1S/C12H12O4/c1-2-10(13)7-5-3-4-6-8-11(14)9-12(15)16/h2,6,8,10-11,13-14H,1,9H2,(H,15,16)	4,11-Dodecadiene-6,8-diynoicacid, 3,10-dihydroxy- (9CI)	C=CC(C#CC#CC=CC(CC(=O)O)O)O	0.300000012	71346456	COCONUT:(CNP0106522);Natural Products:(UNPD142405);PubChem:(71346456)	2129922
16	1	N/A	-199.0446965872735	C12H12O4	[M + H]+	HWAOZFBQSIAOBF	InChI=1S/C12H12O4/c1-7-11(12(13)15-3)9-6-8(14-2)4-5-10(9)16-7/h4-6H,1-3H3	methyl 5-methoxy-2-methylbenzofuran-3-carboxylate	CC1=C(C2=C(O1)C=CC(=C2)OC)C(=O)OC	2.5	800795	COCONUT:(CNP0370491);PubChem:(800795);SuperNatural:(SN00044761);PubMed;ZINC bio:(ZINC00307609)	3153986
17	1	N/A	-203.7530364677853	C12H12O4	[M + H]+	KKTUVLDFZYQTIU	InChI=1S/C12H12O4/c1-7(2)5-11(14)9-6-8(12(15)16)3-4-10(9)13/h3-6,13H,1-2H3,(H,15,16)	taboganic acid	CC(=CC(=O)C1=C(C=CC(=C1)C(=O)O)O)C	2.79999995	15840545	COCONUT:(CNP0214053);Natural Products:(UNPD71021);PubChem:(15840545);SuperNatural:(SN00404515);PubMed	3178562
18	1	N/A	-204.19719850583027	C12H12O4	[M + H]+	YHGRFTVQQMCXDT	InChI=1S/C12H12O4/c13-10(9-5-2-1-3-6-9)7-4-8-11(14)12(15)16/h1-3,5-7,13H,4,8H2,(H,15,16)	null	C1=CC=C(C=C1)C(=CCCC(=O)C(=O)O)O	1.60000002	56844242	PubChem:(56844242);PubChem class - bio and metabolites	16777218
19	1	N/A	-204.5567049188559	C12H12O4	[M + H]+	KSNVFCJUBJUTPF	InChI=1S/C12H12O4/c1-3-15-12(14)11-7(2)16-10-5-4-8(13)6-9(10)11/h4-6,13H,3H2,1-2H3	Oprea1_791351	CCOC(=O)C1=C(OC2=C1C=C(C=C2)O)C	2.5999999	81704	NORMAN:(NS00037417);COCONUT:(CNP0202980);PubChem:(81704);SuperNatural:(SN00143811);ZINC bio:(ZINC00095509);PubChem class - safety and toxic;PubMed	70524994
20	1	N/A	-206.56666964436016	C12H12O4	[M + H]+	TXUCQVJZBXYDKH	InChI=1S/C12H12O4/c1-3-10(16-8(2)13)9-4-5-11-12(6-9)15-7-14-11/h3-6,10H,1,7H2,2H3	1''-Acetoxysafrole	CC(=O)OC(C=C)C1=CC2=C(C=C1)OCO2	2.14227033	36868;121493501;121493502	MeSH:(36868);PubChem:(36868 121493501 121493502);PubMed	70
21	1	N/A	-208.9334469315103	C12H12O4	[M + H]+	SXCMZYVXJUJIDJ	InChI=1S/C12H12O4/c1-3-15-12(13)10-7-8-5-4-6-9(14-2)11(8)16-10/h4-7H,3H2,1-2H3	ethyl 7-methoxybenzofuran-2-carboxylate	CCOC(=O)C1=CC2=C(O1)C(=CC=C2)OC	2.79999995	521284	PubChem class - safety and toxic;PubChem:(521284);PubMed	67108930
22	1	N/A	-210.748064928271	C12H12O4	[M + H]+	GEZBAOYXNXCUFM	InChI=1S/C12H12O4/c1-7-5-12(15-8(2)13)16-11-6-9(14)3-4-10(7)11/h3-6,12,14H,1-2H3	7-hydroxy-4-methyl-2H-chromen-2-yl acetate	CC1=CC(OC2=C1C=CC(=C2)O)OC(=O)C	1.79999995	4067682;6931628;6931627	PubChem:(4067682 6931628 6931627);COCONUT:(CNP0181283)	2097154
23	1	N/A	-212.40981111339724	C12H12O4	[M + H]+	ISJYICQTJIFNAX	InChI=1S/C12H12O4/c1-6-7(2)16-12(14)11-9(6)4-8(15-3)5-10(11)13/h4-5,13H,1-3H3	Polygonolide	CC1=C(OC(=O)C2=C1C=C(C=C2O)OC)C	2.4000001	5281570	COCONUT:(CNP0305561);KNApSAcK:(3012);Natural Products:(UNPD62533);PubChem:(5281570);SuperNatural:(SN00157849);CHEBI:(8306);KEGG:(C09963)	3178802
24	1	N/A	-213.68577477609531	C12H12O4	[M + H]+	IJCODAOXFYTGBS	InChI=1S/C12H12O4/c1-3-15-12(13)11-7-8-6-9(14-2)4-5-10(8)16-11/h4-7H,3H2,1-2H3	Ethyl 5-methoxy-2-benzofurancarboxylate	CCOC(=O)C1=CC2=C(O1)C=CC(=C2)OC	2.79999995	521283	PubChem class - safety and toxic;PubChem:(521283);PubMed	67108930
25	1	N/A	-217.96789148983325	C12H12O4	[M + H]+	NTUAHNQWHPQAMB	InChI=1S/C12H12O4/c1-12(2)15-10(13)9(11(14)16-12)8-6-4-3-5-7-8/h3-7,9H,1-2H3	5-Phenylmeldrum''s Acid	CC1(OC(=O)C(C(=O)O1)C2=CC=CC=C2)C	2.29999995	84848	PubChem:(84848);NORMAN:(NS00052313)	262146
26	1	N/A	-219.20759690914394	C12H12O4	[M + H]+	DXYREIQSILTYNR	InChI=1S/C12H12O4/c1-3-15-10-7-12(13)16-11-6-8(14-2)4-5-9(10)11/h4-7H,3H2,1-2H3	4-ethoxy-7-methoxychromen-2-one	CCOC1=CC(=O)OC2=C1C=CC(=C2)OC	1.89999998	688787	COCONUT:(CNP0051033);PubChem:(688787);SuperNatural:(SN00000686);ZINC bio:(ZINC00057833);additional;Training Set	3694594
27	1	N/A	-220.31668008652989	C12H12O4	[M + H]+	WPRRXTIOQNEYAH	InChI=1S/C12H12O4/c1-7(13)8-6-16-12-10(15-3)5-4-9(14-2)11(8)12/h4-6H,1-3H3	1-(4,7-Dimethoxy-2-benzofuranyl)ethanone	CC(=O)C1=COC2=C(C=CC(=C12)OC)OC	2.0	47369	PubChem:(47369);PubChem class - safety and toxic	67108866
28	1	N/A	-222.12286583295543	C12H12O4	[M + H]+	GYXDZVGSSXSODD	InChI=1S/C12H12O4/c1-8(6-13)2-3-10-4-9(7-14)5-11(15)12(10)16/h2,4-7,15-16H,3H2,1H3	Montadial	CC(=CCC1=C(C(=CC(=C1)C=O)O)O)C=O	1.20000005	10013724	COCONUT:(CNP0259916);KNApSAcK:(43737);Natural Products:(UNPD152542);PubChem:(10013724);SuperNatural:(SN00292196);MeSH:(10013724);PubMed	3178582
29	1	N/A	-224.03627559341993	C12H12O4	[M + H]+	JQAXANOEMJLZMG	InChI=1S/C12H12O4/c1-7-4-8-5-9(14-2)6-10(15-3)11(8)12(13)16-7/h4-6H,1-3H3	6,8-dimethoxy-3-methylisochromen-1-one	CC1=CC2=CC(=CC(=C2C(=O)O1)OC)OC	2.20000005	642364	COCONUT:(CNP0081148);PubChem:(642364);PubMed	2097218
30	1	N/A	-225.82118664011	C12H12O4	[M + H]+	OCZDBBLBUHBUAH	InChI=1S/C12H12O4/c1-3-7-4-9(13)12-10(14)5-8(15-2)6-11(12)16-7/h4-6,14H,3H2,1-2H3	4h-1-benzopyran-4-one,2-ethyl-5-hydroxy-7-methoxy-	CCC1=CC(=O)C2=C(C=C(C=C2O1)OC)O	2.35032773	10966034	COCONUT:(CNP0078430);PubChem:(10966034);PubMed	2097218
31	1	N/A	-228.00800467440166	C12H12O4	[M + H]+	NJYJDKKWBOFQLS	InChI=1S/C12H12O4/c1-7(13)9-6-16-11-8(9)4-5-10(14-2)12(11)15-3/h4-6H,1-3H3	1-(6,7-Dimethoxy-2-benzofuranyl)ethanone	CC(=O)C1=COC2=C1C=CC(=C2OC)OC	2.0	47370	PubChem:(47370);PubChem class - safety and toxic	67108866
32	1	N/A	-230.2533063388566	C12H12O4	[M + H]+	PBFSOUHYSIPPGH	InChI=1S/C12H12O4/c1-7(13)9-4-8-5-11(14-2)12(15-3)6-10(8)16-9/h4-6H,1-3H3	1-(5,6-dimethoxy-1-benzofuran-2-yl)ethanone	CC(=O)C1=CC2=CC(=C(C=C2O1)OC)OC	2.29999995	176913	COCONUT:(CNP0212850);KNApSAcK:(29450);Natural Products:(UNPD22940);PubChem:(176913);SuperNatural:(SN00307806);PubMed	3178578
33	1	N/A	-230.38518765316363	C12H12O4	[M + H]+	UFCZYGOJPCRTPW	InChI=1S/C12H12O4/c1-7-6-8(13)11-9(14-2)4-5-10(15-3)12(11)16-7/h4-6H,1-3H3	5,8-Dimethoxy-2-methylchromone	CC1=CC(=O)C2=C(C=CC(=C2O1)OC)OC	1.89999998	23543	PubChem:(23543);PubChem class - safety and toxic	67108866
34	1	N/A	-230.7152105829897	C12H12O4	[M + H]+	UTMMTSFNCUGDPF	InChI=1S/C12H12O4/c1-15-12(14)9-7-10(13)16-11(9)8-5-3-2-4-6-8/h2-6,9,11H,7H2,1H3	CBMicro_005003	COC(=O)C1CC(=O)OC1C2=CC=CC=C2	1.20000005	123302;12344656;12344657	PubChem:(123302 12344656 12344657);PubChem class - safety and toxic	67108866
35	1	N/A	-234.2565557963712	C12H12O4	[M + H]+	GBYDSYPGGDKWGZ	InChI=1S/C12H12O4/c1-7-4-12(13)16-9-6-11(15-3)10(14-2)5-8(7)9/h4-6H,1-3H3	4-Methyl-6,7-dimethoxycoumarin	CC1=CC(=O)OC2=CC(=C(C=C12)OC)OC	2.3337245	77966;129787946	COCONUT:(CNP0202064);Natural Products:(UNPD115068);PubChem:(77966 129787946);SuperNatural:(SN00001122);CHEBI:(143731);ZINC bio:(ZINC00140178);additional;Training Set;PubMed;KEGG Mine	8593662050
36	1	N/A	-236.93515925925735	C12H12O4	[M + H]+	LJVDARVSEIAXKH	InChI=1S/C12H12O4/c1-7(13)10-6-9-11(15-3)4-8(14-2)5-12(9)16-10/h4-6H,1-3H3	Calebertin	CC(=O)C1=CC2=C(O1)C=C(C=C2OC)OC	2.29999995	178929	COCONUT:(CNP0175960);Natural Products:(UNPD190189);PubChem:(178929);ZINC bio:(ZINC05167555)	2138114
37	1	N/A	-237.3808147111113	C12H12O4	[M + H]+	PTOMGSWLGSRLCK	InChI=1S/C12H12O4/c1-12(2)6-9(13)8-5-7(11(14)15)3-4-10(8)16-12/h3-5H,6H2,1-2H3,(H,14,15)	2,2-dimethyl-4-oxo-chromane-6-carboxylic acid	CC1(CC(=O)C2=C(O1)C=CC(=C2)C(=O)O)C	1.5	11746130	COCONUT:(CNP0174235);Natural Products:(UNPD130724);PubChem:(11746130);SuperNatural:(SN00388164);PubMed	3178562
38	1	N/A	-238.65138242891754	C12H12O4	[M + H]+	YTYVRFQEADAYAE	InChI=1S/C12H12O4/c1-8(13)6-10(14)9-2-3-11-12(7-9)16-5-4-15-11/h2-3,7H,4-6H2,1H3	1-(2,3-dihydro-1,4-benzodioxin-6-yl)butane-1,3-dione	CC(=O)CC(=O)C1=CC2=C(C=C1)OCCO2	1.2665267	43114707	COCONUT:(CNP0032310);PubChem:(43114707);SuperNatural:(SN00065095);ZINC bio:(ZINC03984956)	3153922
39	1	N/A	-238.7235517287675	C12H12O4	[M + H]+	NLTUVCNZNQAURV	InChI=1S/C12H12O4/c1-15-12(14)3-2-8-6-9-4-5-16-11(9)7-10(8)13/h4-7,13H,2-3H2,1H3	methyl 3-(6-hydroxy-1-benzofuran-5-yl)propanoate	COC(=O)CCC1=C(C=C2C(=C1)C=CO2)O	2.0999999	15391031	COCONUT:(CNP0201424);Natural Products:(UNPD112455);PubChem:(15391031);SuperNatural:(SN00346830)	3178498
40	1	N/A	-239.35625465541017	C12H12O4	[M + H]+	UCUMDXDXNMSELY	InChI=1S/C12H12O4/c13-5-8-1-2-12-10(3-8)11(15)4-9(6-14)7-16-12/h1-4,13-14H,5-7H2	null	C1C(=CC(=O)C2=C(O1)C=CC(=C2)CO)CO	-0.400000006	101417393	COCONUT:(CNP0278766);KNApSAcK:(11927);Natural Products:(UNPD75162);PubChem:(101417393);SuperNatural:(SN00289875)	3178514
41	1	N/A	-240.66334376852797	C12H12O4	[M + H]+	NZGUHHPFWBHXCA	InChI=1S/C12H12O4/c1-12(6-13)5-9(15)10-7(11(12)16)3-2-4-8(10)14/h2-4,13-14H,5-6H2,1H3	null	CC1(CC(=O)C2=C(C1=O)C=CC=C2O)CO	1.60000002	101337388;129233230	COCONUT:(CNP0324234);Natural Products:(UNPD14075);PubChem:(101337388 129233230);SuperNatural:(SN00402366)	3178498
42	1	N/A	-241.61199783148842	C12H12O4	[M + H]+	ARFUTALOPVWOBA	InChI=1S/C12H12O4/c1-7-4-9(13)12-10(15-3)5-8(14-2)6-11(12)16-7/h4-6H,1-3H3	5,7-Dimethoxy-2-methyl-chromen-4-one	CC1=CC(=O)C2=C(O1)C=C(C=C2OC)OC	1.89999998	14986079	COCONUT:(CNP0148719);Natural Products:(UNPD182888);PubChem:(14986079);SuperNatural:(SN00291908);ZINC bio:(ZINC13334543);PubMed;KEGG Mine	8593121346
43	1	N/A	-242.98459400937057	C12H12O4	[M + H]+	JNRZSHBAPNUBNS	InChI=1S/C12H12O4/c1-3-7-6-16-10-5-8(15-2)4-9(13)11(10)12(7)14/h4-6,13H,3H2,1-2H3	Methyl lathodoratin	CCC1=COC2=CC(=CC(=C2C1=O)O)OC	2.5	5376283	COCONUT:(CNP0325534);Natural Products:(UNPD88242);PubChem:(5376283);SuperNatural:(SN00403728);KEGG Mine	8593113090
44	1	N/A	-243.5831937715212	C12H12O4	[M + H]+	RGTSAUBIQAKKLC	InChI=1S/C12H12O4/c1-6-4-8(13)11-10(16-6)5-9(15-3)7(2)12(11)14/h4-5,14H,1-3H3	Eugenetin	CC1=CC(=O)C2=C(C(=C(C=C2O1)OC)C)O	2.5	3083581	COCONUT:(CNP0332654);HMDB:(29467);KNApSAcK:(39177);Natural Products:(UNPD98032);PubChem:(3083581);SuperNatural:(SN00158480);CHEBI:(67491);PubChem class - bio and metabolites;PubMed;KEGG Mine	8609890426
45	1	N/A	-244.65634184075478	C12H12O4	[M + H]+	MLFGJPIHJMFFLG	InChI=1S/C12H12O4/c1-9-10(6-4-3-5-7-13)16-12(14)8-11(9)15-2/h3-8H,1-2H3	null	CC1=C(OC(=O)C=C1OC)C=CC=CC=O	0.899999976	10751389	COCONUT:(CNP0286956);EcoCyc Mine;Natural Products:(UNPD156235);PubChem:(10751389);KEGG Mine	25771933698
46	1	N/A	-245.9409079844909	C12H12O4	[M + H]+	KVRKWGMQOATVAE	InChI=1S/C12H12O4/c1-7-6-10(13)16-11-8(7)4-5-9(14-2)12(11)15-3/h4-6H,1-3H3	7,8-dimethoxy-4-methylchromen-2-one	CC1=CC(=O)OC2=C1C=CC(=C2OC)OC	1.79999995	390797	COCONUT:(CNP0345179);PubChem:(390797);SuperNatural:(SN00000667);ZINC bio:(ZINC00057813);additional;Training Set;PubMed	3694658
47	1	N/A	-246.61427028170573	C12H12O4	[M + H]+	DFAAYQHTFVTATL	InChI=1S/C12H12O4/c1-6-4-8(13)11-9(14)5-10(15-3)7(2)12(11)16-6/h4-5,14H,1-3H3	null	CC1=CC(=O)C2=C(O1)C(=C(C=C2O)OC)C	2.5	12310980	COCONUT:(CNP0113825);HMDB:(29473);Natural Products:(UNPD27017);PubChem:(12310980);SuperNatural:(SN00319608);PubChem class - bio and metabolites;KEGG Mine	8609890314
48	1	N/A	-246.63264176129823	C12H12O4	[M + H]+	KSXQRSIXHZOLHH	InChI=1S/C12H12O4/c1-5-7(3)16-12(15)11-9(14)4-8(13)6(2)10(5)11/h4,13-14H,1-3H3	decarboxycitrinone	CC1=C(OC(=O)C2=C(C=C(C(=C12)C)O)O)C	2.4000001	10775271	COCONUT:(CNP0286871);Natural Products:(UNPD156124);PubChem:(10775271);SuperNatural:(SN00295501);PubMed	3178562
49	1	N/A	-247.93830192860807	C12H12O4	[M + H]+	VCGFYFKJZGIZMX	InChI=1S/C12H12O4/c1-7-9-3-2-8(14)6-11(9)16-12(15)10(7)4-5-13/h2-3,6,13-14H,4-5H2,1H3	ocimarin	CC1=C(C(=O)OC2=C1C=CC(=C2)O)CCO	1.10000002	5288573	COCONUT:(CNP0259875);KNApSAcK:(39894);Natural Products:(UNPD136614);PubChem:(5288573);SuperNatural:(SN00287914);PubChem class - bio and metabolites;MeSH:(5288573);Training Set;PubMed	19972182
50	1	N/A	-249.32085981279135	C12H12O4	[M + H]+	XGQYMJRTEBDNND	InChI=1S/C12H12O4/c1-15-12-6-8-3-5-16-11(8)7-9(12)10(14)2-4-13/h3,5-7,13H,2,4H2,1H3	null	COC1=C(C=C2C(=C1)C=CO2)C(=O)CCO	1.20000005	56964235	COCONUT:(CNP0130194);Natural Products:(UNPD207019);PubChem:(56964235)	2129922
51	1	N/A	-252.45262887895828	C12H12O4	[M + H]+	FYBUBXWSAKPMFF	InChI=1S/C12H12O4/c1-3-15-11-7-12(13)16-10-5-4-8(14-2)6-9(10)11/h4-7H,3H2,1-2H3	4-ethoxy-6-methoxychromen-2-one	CCOC1=CC(=O)OC2=C1C=C(C=C2)OC	1.89999998	688960	COCONUT:(CNP0030894);PubChem:(688960);SuperNatural:(SN00000885);ZINC bio:(ZINC00058044);additional	3678210
52	1	N/A	-253.11800049343265	C12H12O4	[M + H]+	WFSKVHPOKPQJSU	InChI=1S/C12H12O4/c1-7-4-11(13)16-10-6-8(14-2)5-9(15-3)12(7)10/h4-6H,1-3H3	Coumarin derivative, 2b	CC1=CC(=O)OC2=C1C(=CC(=C2)OC)OC	1.79999995	390799	COCONUT:(CNP0311940);PubChem:(390799);SuperNatural:(SN00000883);CHEBI:(121071);ZINC bio:(ZINC00058042);additional;Training Set;PubMed	3694690
53	1	N/A	-253.33306042803576	C12H12O4	[M + H]+	IRNPPCKCDANNED	InChI=1S/C12H12O4/c1-5-4-8-6(2)10(13)7(3)11(14)9(8)12(15)16-5/h4,13-14H,1-3H3	null	CC1=CC2=C(C(=C(C(=C2C(=O)O1)O)C)O)C	2.9000001	91138976	COCONUT:(CNP0297064);Natural Products:(UNPD29098);PubChem:(91138976);PubMed	2129986
54	1	N/A	-254.91194465237533	C12H12O4	[M + H]+	SVQLGEIJJVYXML	InChI=1S/C12H12O4/c1-3-4-7-5-6-8(13)10-9(7)11(14)12(2,15)16-10/h3-6,13,15H,1-2H3	null	CC=CC1=C2C(=C(C=C1)O)OC(C2=O)(C)O	1.79999995	101417389	COCONUT:(CNP0143740);Natural Products:(UNPD18780);PubChem:(101417389);SuperNatural:(SN00367874)	3178498
55	1	N/A	-255.7492968827607	C12H12O4	[M + H]+	LLTOPKQGFAAMKH	InChI=1S/C12H12O4/c1-7-4-8(14-2)5-10-12(7)9(15-3)6-11(13)16-10/h4-6H,1-3H3	siderin	CC1=CC(=CC2=C1C(=CC(=O)O2)OC)OC	1.89999998	185740	COCONUT:(CNP0156909);KNApSAcK:(40304);Natural Products:(UNPD175217);PubChem:(185740);SuperNatural:(SN00227651);PubMed	3178578
56	1	N/A	-258.25507534899043	C12H12O4	[M + H]+	ODNMTIVRLHXQTE	InChI=1S/C12H12O4/c1-5-4-8(13)9-11(15)6(2)10(14)7(3)12(9)16-5/h4,14-15H,1-3H3	8-Methyleugenitol	CC1=CC(=O)C2=C(C(=C(C(=C2O1)C)O)C)O	2.5	179520	COCONUT:(CNP0232213);Natural Products:(UNPD157879);PubChem:(179520);SuperNatural:(SN00386163);CHEBI:(144103);PubMed	3178594
57	1	N/A	-258.8514416816103	C12H12O4	[M + H]+	TWRVIBBQOKJIPK	InChI=1S/C12H12O4/c1-4-8-7-5-6-9(14-2)11(15-3)10(7)12(13)16-8/h4-6H,1-3H3	null	CC=C1C2=C(C(=C(C=C2)OC)OC)C(=O)O1	2.20000005	25135577;74392203	COCONUT:(CNP0162458);Natural Products:(UNPD167073);PubChem:(25135577 74392203);SuperNatural:(SN00276209);PubMed	3178562
58	1	N/A	-259.0376725485681	C12H12O4	[M + H]+	NFSLBOPJUNQAHM	InChI=1S/C12H12O4/c1-3-15-9-6-4-5-8-7-10(12(13)14-2)16-11(8)9/h4-7H,3H2,1-2H3	methyl 7-ethoxy-1-benzofuran-2-carboxylate	CCOC1=CC=CC2=C1OC(=C2)C(=O)OC	2.79999995	71300233	PubChem:(71300233);PubChem class - safety and toxic	67108866
59	1	N/A	-259.1629085990149	C12H12O4	[M + H]+	RHIRFUJRCDAPMZ	InChI=1S/C12H12O4/c1-7-3-2-4-9(11(13)14)10(7)16-12(15)8-5-6-8/h2-4,8H,5-6H2,1H3,(H,13,14)	null	CC1=C(C(=CC=C1)C(=O)O)OC(=O)C2CC2	2.0	44462679	PubChem:(44462679);PubChem class - bio and metabolites	16777218
60	1	N/A	-260.6177839638586	C12H12O4	[M + H]+	JRDMQQKXYDXSJG	InChI=1S/C12H12O4/c1-3-4-9-7-5-8(13)11(14)6(2)10(7)12(15)16-9/h4-5,13-14H,3H2,1-2H3	Purpurester B	CCC=C1C2=CC(=C(C(=C2C(=O)O1)C)O)O	2.29999995	54672241	COCONUT:(CNP0334062);PubChem:(54672241);PubMed;CHEBI:(69473)	2097250
61	1	N/A	-260.68476126271275	C12H12O4	[M + H]+	PPFAYRZVVNMEOR	InChI=1S/C12H12O4/c1-6-7(2)16-10-5-8(15-3)4-9(13)11(10)12(6)14/h4-5,13H,1-3H3	5-hydroxy-7-methoxy-2,3-dimethylchromen-4-one	CC1=C(OC2=CC(=CC(=C2C1=O)O)OC)C	2.5	5325551	COCONUT:(CNP0324815);Natural Products:(UNPD87278);PubChem:(5325551);KEGG Mine	8592064514
62	1	N/A	-265.10103879132674	C12H12O4	[M + H]+	PRMVTSHKUKCUMS	InChI=1S/C12H12O4/c1-2-3-4-9-10-7(12(15)16-9)5-6-8(13)11(10)14/h4-6,13-14H,2-3H2,1H3	ACMC-20luqe	CCCC=C1C2=C(C=CC(=C2O)O)C(=O)O1	2.5	642375;54204411	MeSH:(54204411);PubChem:(642375 54204411);PubMed	70
63	1	N/A	-265.2351251701639	C12H12O4	[M + H]+	VGFBRVLVWZEEIJ	InChI=1S/C12H12O4/c1-6(2)10-5-9(15)12-8(14)3-7(13)4-11(12)16-10/h3-6,13-14H,1-2H3	5,7-Dihydroxy-2-isopropylchromone	CC(C)C1=CC(=O)C2=C(C=C(C=C2O1)O)O	2.1702404	25243493	COCONUT:(CNP0187790);Natural Products:(UNPD117303);PubChem:(25243493)	2129922
64	1	N/A	-266.43157808377765	C12H12O4	[M + H]+	VNMQMINAFBHHBP	InChI=1S/C12H12O4/c1-2-3-8-6-10(15)12-9(14)4-7(13)5-11(12)16-8/h4-6,13-14H,2-3H2,1H3	5,7-dihydroxy-2-propylchromen-4-one	CCCC1=CC(=O)C2=C(C=C(C=C2O1)O)O	2.38981199	5480902	COCONUT:(CNP0095899 CNP0232882);PubChem:(5480902);SuperNatural:(SN00157825);PubMed	3145794
65	1	N/A	-266.5594489510782	C12H12O4	[M + H]+	ZCMVFWPWSYKLQB	InChI=1S/C12H12O4/c1-7-4-8(14-2)12-9(15-3)6-11(13)16-10(12)5-7/h4-6H,1-3H3	null	CC1=CC2=C(C(=C1)OC)C(=CC(=O)O2)OC	1.89999998	101417364	COCONUT:(CNP0133592);Natural Products:(UNPD200639);PubChem:(101417364);PubMed	2129986
66	1	N/A	-267.1680371139813	C12H12O4	[M + H]+	YGIHMDFLKRATGH	InChI=1S/C12H12O4/c1-5-7(3)16-12-10(5)9(14)4-8(6(2)13)11(12)15/h4,14-15H,1-3H3	5-18-03-00269 (Beilstein Handbook Reference)	CC1=C(OC2=C(C(=CC(=C12)O)C(=O)C)O)C	2.5999999	29735	PubChem:(29735);PubChem class - safety and toxic	67108866
67	1	N/A	-268.5162457727957	C12H12O4	[M + H]+	WPPMKRCAZSGYLA	InChI=1S/C12H12O4/c1-7-5-4-6-8-9(7)10(14-2)11(15-3)12(13)16-8/h4-6H,1-3H3	null	CC1=C2C(=CC=C1)OC(=O)C(=C2OC)OC	2.0999999	23983737	COCONUT:(CNP0157875);Natural Products:(UNPD177895);PubChem:(23983737);SuperNatural:(SN00337921)	3178498
68	1	N/A	-269.848842191762	C12H12O4	[M + H]+	WXOAEIVDNGKROT	InChI=1S/C12H12O4/c1-6-4-9(14)11(15-3)12-10(6)8(13)5-7(2)16-12/h4-5,14H,1-3H3	null	CC1=CC(=C(C2=C1C(=O)C=C(O2)C)OC)O	2.38449216	""	COCONUT:(CNP0080670)	2097152
69	1	N/A	-272.88983897833504	C12H12O4	[M + H]+	NCUJEKUJNOKYLB	InChI=1S/C12H12O4/c1-2-3-7-4-12(15)16-11-6-10(14)9(13)5-8(7)11/h4-6,13-14H,2-3H2,1H3	6,7-dihydroxy-4-propylchromen-2-one	CCCC1=CC(=O)OC2=CC(=C(C=C12)O)O	2.0999999	11435943	COCONUT:(CNP0107855);PubChem:(11435943);SuperNatural:(SN00078669);ZINC bio:(ZINC08764802)	3153922
70	1	N/A	-273.50582139929094	C12H12O4	[M + H]+	MECBRMAYAIRLRB	InChI=1S/C12H12O4/c1-8-6-12(14)16-11-7-9(15-5-4-13)2-3-10(8)11/h2-3,6-7,13H,4-5H2,1H3	Oprea1_088755	CC1=CC(=O)OC2=C1C=CC(=C2)OCCO	1.8363986	1732757	COCONUT:(CNP0214628);PubChem:(1732757);SuperNatural:(SN00051772);ZINC bio:(ZINC02070656)	3153922
71	1	N/A	-273.7115128482945	C12H12O4	[M + H]+	XAFPBWJMFWANOI	InChI=1S/C12H12O4/c1-12(2)9-5-4-7(15-3)6-8(9)10(13)16-11(12)14/h4-6H,1-3H3	7-methoxy-4,4-dimethylisochroman-1,3-dione	CC1(C2=C(C=C(C=C2)OC)C(=O)OC1=O)C	2.0999999	11499529	NORMAN:(NS00006217);PubChem class - safety and toxic;PubChem:(11499529)	67371010
72	1	N/A	-276.1150770304114	C12H12O4	[M + H]+	NXGVLVFLPDSCCW	InChI=1S/C12H12O4/c1-6-8(14-3)5-9(15-4)11-10(6)7(2)16-12(11)13/h5H,2H2,1,3-4H3	Acremonide	CC1=C2C(=C)OC(=O)C2=C(C=C1OC)OC	2.29999995	59053257	COCONUT:(CNP0200203);MeSH:(59053257);Natural Products:(UNPD224926);PubChem:(59053257);PubMed	2129990
73	1	N/A	-277.214660573179	C12H12O4	[M + H]+	STOSKTSCSSXGEX	InChI=1S/C12H12O4/c1-7-8(14-2)4-5-9-12(7)10(15-3)6-11(13)16-9/h4-6H,1-3H3	null	CC1=C(C=CC2=C1C(=CC(=O)O2)OC)OC	1.89999998	85977339	COCONUT:(CNP0227800);KNApSAcK:(38274);Natural Products:(UNPD117983);PubChem:(85977339)	2129938
74	1	N/A	-280.1742456187957	C12H12O4	[M + H]+	IHABDLFYNSSTHQ	InChI=1S/C12H12O4/c1-8(13)6-10(14)9-2-3-11-12(7-9)16-5-4-15-11/h2-3,6-7,14H,4-5H2,1H3	4-(2,3-dihydro-1,4-benzodioxin-6-yl)-4-hydroxybut-3-en-2-one	CC(=O)C=C(C1=CC2=C(C=C1)OCCO2)O	1.70000005	3704727;5899704	PubChem:(3704727 5899704);COCONUT:(CNP0347232)	2097154
75	1	N/A	-284.4247198313911	C12H12O4	[M + H]+	HDPADVKOPBBPJW	InChI=1S/C12H12O4/c1-2-3-7-4-11(15)16-10-6-8(13)5-9(14)12(7)10/h4-6,13-14H,2-3H2,1H3	Oprea1_823829	CCCC1=CC(=O)OC2=CC(=CC(=C12)O)O	2.0999999	5391260	COCONUT:(CNP0357841);PubChem:(5391260);SuperNatural:(SN00042705);ZINC bio:(ZINC00040645);PubChem class - safety and toxic;PubMed	70262850
76	1	N/A	-284.7141800056726	C12H12O4	[M + H]+	SHGIAYIFKLLQOL	InChI=1S/C12H12O4/c1-3-4-8-6-10-11(12(14)16-8)9(13)5-7(2)15-10/h3-4,6-7H,5H2,1-2H3	Deoxyradicinin	CC=CC1=CC2=C(C(=O)CC(O2)C)C(=O)O1	1.60000002	5366064;70957997;112500535;123248915	COCONUT:(CNP0151290);Natural Products:(UNPD50377);PubChem:(5366064 70957997 112500535 123248915);SuperNatural:(SN00260910);MeSH:(70957997);PubMed	3178566
77	1	N/A	-288.03047345498317	C12H12O4	[M + H]+	QUNKAUPXCFTOGE	InChI=1S/C12H12O4/c1-15-10-5-7-3-4-8(13)6-9(7)12(16-2)11(10)14/h3-5,14H,6H2,1-2H3	null	COC1=C(C(=C2CC(=O)C=CC2=C1)OC)O	1.6248188	""	COCONUT:(CNP0184330);SuperNatural:(SN00161682)	3145728
78	1	N/A	-289.4666390602858	C12H12O4	[M + H]+	YUQHRCBBYDARGM	InChI=1S/C12H12O4/c1-7-4-5-8(14-2)12-11(7)9(15-3)6-10(13)16-12/h4-6H,1-3H3	null	CC1=C2C(=CC(=O)OC2=C(C=C1)OC)OC	1.89999998	85889777	COCONUT:(CNP0165682);Natural Products:(UNPD16760);PubChem:(85889777);SuperNatural:(SN00322771)	3178498
79	1	N/A	-289.8756044458041	C12H12O4	[M + H]+	BEBIIRLVYJMQOS	InChI=1S/C12H12O4/c1-7(13)5-8-6-10(15)12-9(14)3-2-4-11(12)16-8/h2-4,6-7,13-14H,5H2,1H3	4H-1-Benzopyran-4-one, 5-hydroxy-2-(2-hydroxypropyl)-, (+)-	CC(CC1=CC(=O)C2=C(C=CC=C2O1)O)O	1.79999995	11672991;11708352	COCONUT:(CNP0321020);Natural Products:(UNPD82169);PubChem:(11672991 11708352);SuperNatural:(SN00143358)	3178498
80	1	N/A	-290.11613391900624	C12H12O4	[M + H]+	PHPUSFBIYOLWBJ	InChI=1S/C12H12O4/c1-2-3-7-6-10(14)16-12-8(7)4-5-9(13)11(12)15/h4-6,13,15H,2-3H2,1H3	7,8-Dihydroxy-4-propylcoumarin	CCCC1=CC(=O)OC2=C1C=CC(=C2O)O	2.0999999	11447325	COCONUT:(CNP0255254);PubChem:(11447325);SuperNatural:(SN00075052);ZINC bio:(ZINC05547487)	3153922
81	1	N/A	-290.671894051203	C12H12O4	[M + H]+	GZPGDNHQINDYSK	InChI=1S/C12H12O4/c1-3-4-7-9(13)6-5-8-10(7)16-12(2,15)11(8)14/h3-6,13,15H,1-2H3	null	CC=CC1=C(C=CC2=C1OC(C2=O)(C)O)O	1.79999995	139587175	PubChem:(139587175);COCONUT:(CNP0330449)	2097154
82	1	N/A	-290.8948788087468	C12H12O4	[M + H]+	XHEHRJGOTYDGPW	InChI=1S/C12H12O4/c1-3-10(13)8-16-11-6-4-9(5-7-11)12(14)15-2/h1,4-7,10,13H,8H2,2H3	Benzoic acid, 4-[[(2R)-2-hydroxy-3-butynyl]oxy]-, methyl ester	COC(=O)C1=CC=C(C=C1)OCC(C#C)O	1.61338437	10976972;71368208	COCONUT:(CNP0155320);Natural Products:(UNPD60975 UNPD208568);PubChem:(10976972 71368208)	2129922
83	1	N/A	-294.8401735675709	C12H12O4	[M + H]+	JQJSMLXVEHXFRI	InChI=1S/C12H12O4/c1-6-3-8-9(4-13)11(14)7(2)12(15)10(8)5-16-6/h3-4,14-15H,5H2,1-2H3	null	CC1=CC2=C(CO1)C(=C(C(=C2C=O)O)C)O	2.0	51350217	PubChem:(51350217);COCONUT:(CNP0354695)	2097154
84	1	N/A	-300.6380415432787	C12H12O4	[M + H]+	MKDZWZUILDTUBG	InChI=1S/C12H12O4/c13-8-3-1-7(2-4-8)11-9-5-16-12(14)10(9)6-15-11/h1-4,9-11,13H,5-6H2	null	C1C2C(COC2C3=CC=C(C=C3)O)C(=O)O1	0.976807535	""	COCONUT:(CNP0284255);Natural Products:(UNPD219171)	2129920
85	1	N/A	-301.49280360775464	C12H12O4	[M + H]+	KDOLXLYJRKWVST	InChI=1S/C12H12O4/c1-3-5-7-6-9-10(12(14)15-7)11(13)8(4-2)16-9/h3,5-6,8H,4H2,1-2H3	null	CCC1C(=O)C2=C(O1)C=C(OC2=O)C=CC	2.20000005	101417380;121493295;121493296	COCONUT:(CNP0182145);Natural Products:(UNPD62980);PubChem:(101417380 121493295 121493296);SuperNatural:(SN00287757)	3178498
86	1	N/A	-307.5358070848963	C12H12O4	[M + H]+	CMXGHLJKXLIMAQ	InChI=1S/C12H12O4/c1-6(2)10-5-8-9(16-10)4-3-7(11(8)13)12(14)15/h3-4,10,13H,1,5H2,2H3,(H,14,15)	Spectrum_001902	CC(=C)C1CC2=C(O1)C=CC(=C2O)C(=O)O	3.0	3919910;40469884	COCONUT:(CNP0255319);Natural Products:(UNPD15238 UNPD173379);PubChem:(3919910 40469884);SuperNatural:(SN00380254 SN00271226);CHEBI:(91480);PubMed	3178594
87	1	N/A	-308.85204512977185	C12H12O4	[M + H]+	YHMNONMLRPTLPR	InChI=1S/C12H12O4/c1-6-4-5-8(13)11-9(6)10(15-3)7(2)12(14)16-11/h4-5,13H,1-3H3	null	CC1=C2C(=C(C=C1)O)OC(=O)C(=C2OC)C	2.0	14804147	COCONUT:(CNP0143357);Natural Products:(UNPD18822);PubChem:(14804147);SuperNatural:(SN00282786)	3178498
88	1	N/A	-309.17695597887035	C12H12O4	[M + H]+	OXBMFCGRQJNAOY	InChI=1S/C12H12O4/c1-15-9(13)11-3-6-4(11)8-5(11)7(3)12(6,8)10(14)16-2/h3-8H,1-2H3	Dimethyl 1,4-cubanedicarboxylate	COC(=O)C12C3C4C1C5C2C3C45C(=O)OC	0.0	141480	PubChem class - safety and toxic;PubChem:(141480);PubMed	67108930
89	1	N/A	-309.51564774489	C12H12O4	[M + H]+	ZNCCPFMWNYWMMH	InChI=1S/C12H12O4/c1-15-10-5-7-3-4-8(13)6-9(7)11(14)12(10)16-2/h3-5,14H,6H2,1-2H3	null	COC1=C(C(=C2CC(=O)C=CC2=C1)O)OC	1.6248188	""	COCONUT:(CNP0179665);SuperNatural:(SN00161668)	3145728
90	1	N/A	-310.00901685297566	C12H12O4	[M + H]+	JXSMDAVOYWCVGX	InChI=1S/C12H12O4/c13-9-6-8-12(16-9)10(14)11(15-8)7-4-2-1-3-5-7/h1-5,8,10-12,14H,6H2	(2R,3R,3aS,6aS)-3-hydroxy-2-phenyl-3,3a,6,6a-tetrahydro-2H-furo[3,2-b]furan-5-one	C1C2C(C(C(O2)C3=CC=CC=C3)O)OC1=O	0.5	2755234;11345022;58586585;72204248;134859372	COCONUT:(CNP0045335);PubChem:(2755234 11345022 58586585 72204248 134859372);SuperNatural:(SN00127801);ZINC bio:(ZINC03851679)	3153922
91	1	N/A	-311.62083125108694	C12H12O4	[M + H]+	QFKVAXBRPVHISI	InChI=1S/C12H12O4/c1-12(16,8-14)5-4-10-6-9(7-13)2-3-11(10)15/h2-3,6-7,14-16H,8H2,1H3	null	CC(CO)(C#CC1=C(C=CC(=C1)C=O)O)O	0.100000001	14394293	COCONUT:(CNP0297410);Natural Products:(UNPD53071);PubChem:(14394293);PubMed	2129986
92	1	N/A	-312.00837172131423	C12H12O4	[M + H]+	XKYLCMPTBATNMO	InChI=1S/C12H12O4/c1-7-2-3-8-4-9(12(14)15)5-10(13)11(8)16-6-7/h2,4-5,13H,3,6H2,1H3,(H,14,15)	1-Benzoxepin-7-carboxylic acid, 2,5-dihydro-9-hydroxy-3-methyl-	CC1=CCC2=C(C(=CC(=C2)C(=O)O)O)OC1	1.60000002	11579434	COCONUT:(CNP0187708);Natural Products:(UNPD101892);PubChem:(11579434);SuperNatural:(SN00272987);PubMed	3178562
93	1	N/A	-312.41109807600105	C12H12O4	[M + H]+	YONLIYCLDYCHEV	InChI=1S/C12H12O4/c1-12(16)7(6-13)5-10(15)11-8(12)3-2-4-9(11)14/h2-5,13-14,16H,6H2,1H3	4,8-dihydroxy-3-(hydroxymethyl)-4-methylnaphthalen-1-one	CC1(C2=C(C(=CC=C2)O)C(=O)C=C1CO)O	0.699999988	11564791	PubChem:(11564791);COCONUT:(CNP0351073)	2097154
94	1	N/A	-315.896914282246	C12H12O4	[M + H]+	YKORDYACRRUFHJ	InChI=1S/C12H12O4/c13-6-2-1-3-8-10(6)12(15)11-7(14)4-5-9(11)16-8/h1-3,7,9,11,13-14H,4-5H2	(1R,3aR,9aS)-1,8-dihydroxy-2,3,3a,9a-tetrahydro-1H-cyclopenta[b]chromen-9-one	C1CC2C(C1O)C(=O)C3=C(C=CC=C3O2)O	1.5	60166466;60166554;60166720;60166721	COCONUT:(CNP0422789);Natural Products:(UNPD222799 UNPD207323);PubChem:(60166466 60166554 60166720 60166721)	2129922
95	1	N/A	-318.22166423502335	C12H12O4	[M + H]+	QRTRJOXGGOWVOC	InChI=1S/C12H12O4/c1-6-2-10(15)12(16)11(6)7-3-8(13)5-9(14)4-7/h3-5,10,13-15H,2H2,1H3	null	CC1=C(C(=O)C(C1)O)C2=CC(=CC(=C2)O)O	0.800000012	122182013	COCONUT:(CNP0220658);PubChem:(122182013);PubMed	2097218
96	1	N/A	-322.0883197267018	C12H12O4	[M + H]+	HVHPDAITWKQVGK	InChI=1S/C12H12O4/c1-6(2)8-5-16-9-4-3-7(12(14)15)11(13)10(8)9/h3-4,8,13H,1,5H2,2H3,(H,14,15)	null	CC(=C)C1COC2=C1C(=C(C=C2)C(=O)O)O	2.9000001	14056383	COCONUT:(CNP0322849);Natural Products:(UNPD84537);PubChem:(14056383)	2129922
97	1	N/A	-325.41623064009275	C12H12O4	[M + H]+	LMPURODZNRCXKR	InChI=1S/C12H12O4/c13-6-8-5-10(15)12(16)11(8)7-1-3-9(14)4-2-7/h1-4,8,13-14,16H,5-6H2	null	C1C(C(=C(C1=O)O)C2=CC=C(C=C2)O)CO	0.808170497	""	COCONUT:(CNP0107296);Natural Products:(UNPD34838);SuperNatural:(SN00385228)	3178496
98	1	N/A	-349.24780220376914	C12H12O4	[M + H]+	DFZSKVPVFMIDDX	InChI=1S/C12H12O4/c13-11(14)8-4-3-7-12(8)15-9-5-1-2-6-10(9)16-12/h1-2,5-6,8H,3-4,7H2,(H,13,14)	Spiro(cyclopentane-1,2''-benzodioxole)-2-carboxylic acid	C1CC(C2(C1)OC3=CC=CC=C3O2)C(=O)O	2.0	3039590	PubChem:(3039590);PubChem class - safety and toxic	67108866
99	1	N/A	-354.20168776174353	C12H12O4	[M + H]+	ZQTNASBNSCQZQC	InChI=1S/C12H12O4/c1-6-15-10-4-2-3-7-8(13)5-9(14)12(16-6)11(7)10/h2-4,6,9,12,14H,5H2,1H3	null	CC1OC2C(CC(=O)C3=C2C(=CC=C3)O1)O	0.699999988	11775623;21776791	COCONUT:(CNP0248153);Natural Products:(UNPD195553);PubChem:(11775623 21776791);SuperNatural:(SN00402122)	3178498
100	1	N/A	-354.34032036504453	C12H12O4	[M + H]+	APEPCFIVJSRFRT	InChI=1S/C12H12O4/c13-11-9(4-5-15-11)7-2-1-3-8-10(7)6-16-12(8)14/h3-4,7,10H,1-2,5-6H2	Differolide	C1CC(C2COC(=O)C2=C1)C3=CCOC3=O	1.10000002	573980;196611;10966037;91704726	COCONUT:(CNP0170763);Natural Products:(UNPD102198 UNPD114608);PubChem:(573980 196611 10966037 91704726);SuperNatural:(SN00347749);MeSH:(196611);PubMed	3178566
101	1	N/A	-364.6581606584781	C12H12O4	[M + H]+	IADPPRBYOPDLQG	InChI=1S/C12H12O4/c1-12(2)6-5-7-9(16-12)4-3-8(10(7)13)11(14)15/h3-6,13H,1-2H3,(H,14,15)	2H-1-Benzopyran-6-carboxylic acid, 5-hydroxy-2,2-dimethyl-	CC1(C=CC2=C(O1)C=CC(=C2O)C(=O)O)C	2.5999999	11310557	COCONUT:(CNP0169415);Natural Products:(UNPD164242);PubChem:(11310557);SuperNatural:(SN00252415)	3178498
102	1	N/A	-372.2493215129973	C12H12O4	[M + H]+	KBJPQCHSYKRGBW	InChI=1S/C12H12O4/c1-8(13)12(15)6-5-9-3-2-4-11(14)10(9)7-16-12/h2-6,14-15H,7H2,1H3	null	CC(=O)C1(C=CC2=C(CO1)C(=CC=C2)O)O	0.800000012	56600680	COCONUT:(CNP0272340);PubChem:(56600680);CHEBI:(69697)	2097186
103	1	N/A	-399.64128968418413	C12H12O4	[M + H]+	YFFBGKSSWQKSMK	InChI=1S/C12H12O4/c1-12(16)9-3-4-10(14)8(6-13)7(9)2-5-11(12)15/h2-5,13-14,16H,6H2,1H3	(+)-cyclosordariolone	CC1(C2=C(C=CC1=O)C(=C(C=C2)O)CO)O	0.800000012	10976971	COCONUT:(CNP0272697);KNApSAcK:(45474);Natural Products:(UNPD93408);PubChem:(10976971);SuperNatural:(SN00327772);CHEBI:(69693);PubMed	3178610
1	1	N/A	-112.12607103208242	C12H14O5	[M - H2O + H]+	YTFVRYKNXDADBI	InChI=1S/C12H14O5/c1-15-9-6-8(4-5-11(13)14)7-10(16-2)12(9)17-3/h4-7H,1-3H3,(H,13,14)	bmse010224	COC1=CC(=CC(=C1OC)OC)C=CC(=O)O	1.77656507	7021;1715137;1715138;735755;5566313;20982155	HMDB:(2511 124869);SuperNatural:(SN00290442 SN00001132 SN00157639);ZINC bio:(ZINC00152561 ZINC05958493);additional;MeSH:(735755);PubMed;NORMAN:(NS00039362);COCONUT:(CNP0055041 CNP0111810);Natural Products:(UNPD30993);PubChem:(7021 1715137 1715138 735755 5566313 20982155);CHEBI:(566519 58949);PubChem class - bio and metabolites;PubChem class - safety and toxic;Training Set;KEGG Mine	8677810286
2	1	N/A	-112.65973675959964	C12H14O5	[M - H2O + H]+	FNFQVGGMLXFROD	InChI=1S/C12H14O5/c1-17-10-5-3-2-4-8(10)6-9(12(15)16)7-11(13)14/h2-5,9H,6-7H2,1H3,(H,13,14)(H,15,16)	Oprea1_185318	COC1=CC=CC=C1CC(CC(=O)O)C(=O)O	1.20000005	744176;223009;3657920;7074827;7074828;6935575	COCONUT:(CNP0057896 CNP0193464);PubChem:(744176 223009 3657920 7074827 7074828 6935575);SuperNatural:(SN00043797 SN00066283);PubMed;ZINC bio:(ZINC00184494 ZINC04023342)	3153986
3	1	N/A	-130.45474671324848	C12H14O5	[M - H2O + H]+	ZOQJJSKHULYOOA	InChI=1S/C12H14O5/c1-8(13)16-7-10-4-5-11(17-9(2)14)12(6-10)15-3/h4-6H,7H2,1-3H3	bmse010127	CC(=O)OCC1=CC(=C(C=C1)OC(=O)C)OC	1.6350987	3696467	PubChem:(3696467);CHEBI:(86957)	34
4	1	N/A	-131.18896286969834	C12H14O5	[M - H2O + H]+	JHLPYWLKSLVYOI	InChI=1S/C12H14O5/c1-15-9-6-8(4-5-11(13)17-3)7-10(16-2)12(9)14/h4-7,14H,1-3H3	bmse000589	COC1=CC(=CC(=C1O)OC)C=CC(=O)OC	1.79999995	159894;5321318;75412110	COCONUT:(CNP0403791);KNApSAcK:(34328);Natural Products:(UNPD114780 UNPD126628 UNPD228343);PubChem:(159894 5321318 75412110);SuperNatural:(SN00310728 SN00156681);ZINC bio:(ZINC02558125);MeSH:(5321318);PubMed;KEGG Mine	8593121366
5	1	N/A	-131.48861428114543	C12H14O5	[M - H2O + H]+	BUAYFJKMVBIPKA	InChI=1S/C12H14O5/c1-16-10-5-3-8(7-11(10)17-2)9(13)4-6-12(14)15/h3,5,7H,4,6H2,1-2H3,(H,14,15)	4-(3,4-dimethoxyphenyl)-4-oxobutanoate	COC1=C(C=C(C=C1)C(=O)CCC(=O)O)OC	1.0	219390;6950990	PubChem:(219390 6950990);PubChem class - safety and toxic	67108866
6	1	N/A	-140.8291184668053	C12H14O5	[M - H2O + H]+	ZYOPDNLIHHFGEC	InChI=1S/C12H14O5/c1-15-9-6-4-8(5-7-10(13)14)11(16-2)12(9)17-3/h4-7H,1-3H3,(H,13,14)	2,3,4-Trimethoxycinnamic acid	COC1=C(C(=C(C=C1)C=CC(=O)O)OC)OC	1.77656507	1594937;1594938;118400;735841;5549419;77906426	NORMAN:(NS00060390);COCONUT:(CNP0076021);HMDB:(11721);PubChem:(1594937 1594938 118400 735841 5549419 77906426);ZINC bio:(ZINC00153644);PubChem class - bio and metabolites;MeSH:(735841);PubChem class - safety and toxic;PubMed	86253646
7	1	N/A	-145.91523559315658	C12H14O5	[M - H2O + H]+	VPTDIKOVZYYYNW	InChI=1S/C12H14O5/c1-14-10-4-3-8(5-11(10)15-2)12(13)17-7-9-6-16-9/h3-5,9H,6-7H2,1-2H3	Oxiranylmethyl veratrate	COC1=C(C=C(C=C1)C(=O)OCC2CO2)OC	1.32320201	11971415;39733853;39733854	PubChem:(11971415 39733853 39733854);NORMAN:(NS00065376)	262146
8	1	N/A	-149.47905471895987	C12H14O5	[M - H2O + H]+	VAMUFYCYJZXXPO	InChI=1S/C12H14O5/c1-16-11-8-9(2-4-10(11)14)3-5-12(15)17-7-6-13/h2-5,8,13-14H,6-7H2,1H3	null	COC1=C(C=CC(=C1)C=CC(=O)OCCO)O	1.27923918	10561889	COCONUT:(CNP0268236);Natural Products:(UNPD80768);PubChem:(10561889)	2129922
9	1	N/A	-151.60478785642871	C12H14O5	[M - H2O + H]+	YNUMZJCKFQVSRH	InChI=1S/C12H14O5/c1-16-11-8-9(3-5-12(14)15)2-4-10(11)17-7-6-13/h2-5,8,13H,6-7H2,1H3,(H,14,15)	Transoddi	COC1=C(C=CC(=C1)C=CC(=O)O)OCCO	1.27923918	3034036;6436159;124629287	NORMAN:(NS00057756);PubChem:(3034036 6436159 124629287);CHEBI:(134967);MeSH:(6436159);PubChem class - safety and toxic;PubMed;PubChem class - drug	100925542
10	1	N/A	-152.40702982384335	C12H14O5	[M - H2O + H]+	HSFBDVDTGCGJBZ	InChI=1S/C12H14O5/c1-16-8-3-5-11(17-2)9(7-8)10(13)4-6-12(14)15/h3,5,7H,4,6H2,1-2H3,(H,14,15)	Oprea1_452966	COC1=CC(=C(C=C1)OC)C(=O)CCC(=O)O	1.0	266062;6950868	PubChem:(266062 6950868);PubChem class - safety and toxic	67108866
11	1	N/A	-154.3152018538652	C12H14O5	[M - H2O + H]+	HSRZGMDZNNYWBS	InChI=1S/C12H14O5/c1-7(13)4-9(14)12-10(15)5-8(16-2)6-11(12)17-3/h5-6,15H,4H2,1-3H3	1-(2-Hydroxy-4,6-dimethoxyphenyl)-1,3-butanedione	CC(=O)CC(=O)C1=C(C=C(C=C1OC)OC)O	1.60000002	365039	COCONUT:(CNP0163795);Natural Products:(UNPD169191);PubChem:(365039);SuperNatural:(SN00228986)	3178498
12	1	N/A	-157.7627266393167	C12H14O5	[M - H2O + H]+	UUZQHDNTPXKEID	InChI=1S/C12H14O5/c1-7(13)12(14)8-5-10(16-3)11(17-4)6-9(8)15-2/h5-6H,1-4H3	1,2-Propanedione, 1-(2,4,5-trimethoxyphenyl)-	CC(=O)C(=O)C1=CC(=C(C=C1OC)OC)OC	1.20000005	15172937	COCONUT:(CNP0331721);HMDB:(31771);Natural Products:(UNPD129043);PubChem:(15172937);SuperNatural:(SN00268020);ZINC bio:(ZINC14817963);PubChem class - bio and metabolites;PubMed	19963978
13	1	N/A	-157.82265951227976	C12H14O5	[M - H2O + H]+	YTMGZSYPRSRQAU	InChI=1S/C12H14O5/c1-2-3-8-16-12(15)17-10-7-5-4-6-9(10)11(13)14/h4-7H,2-3,8H2,1H3,(H,13,14)	2-butoxycarbonyloxybenzoic acid	CCCCOC(=O)OC1=CC=CC=C1C(=O)O	2.60080218	30232	PubChem:(30232);PubChem class - safety and toxic	67108866
14	1	N/A	-164.1590326661025	C12H14O5	[M - H2O + H]+	JDIZLZOWIBEDFU	InChI=1S/C12H14O5/c1-15-9-7-8(5-4-6-13)11(16-2)12(17-3)10(9)14/h4-7,14H,1-3H3	null	COC1=C(C(=C(C(=C1)C=CC=O)OC)OC)O	1.39999998	131834996	PubChem:(131834996);HMDB:(128697)	10
15	1	N/A	-165.90430580585127	C12H14O5	[M - H2O + H]+	MXWFRSUWTVSMAL	InChI=1S/C12H14O5/c1-12(2,11(15)16)17-9-5-3-8(4-6-9)7-10(13)14/h3-6H,7H2,1-2H3,(H,13,14)(H,15,16)	2-[4-(carboxymethyl)phenoxy]-2-methylpropanoic acid	CC(C)(C(=O)O)OC1=CC=C(C=C1)CC(=O)O	1.5837146	21935875	PubChem:(21935875);NORMAN:(NS00008713)	262146
16	1	N/A	-166.2646773626158	C12H14O5	[M - H2O + H]+	XCEGAEUDHJEYRY	InChI=1S/C12H14O5/c1-15-9-7-11(17-3)10(16-2)6-8(9)4-5-12(13)14/h4-7H,1-3H3,(H,13,14)	2,4,5-Trimethoxycinnamic acid	COC1=CC(=C(C=C1C=CC(=O)O)OC)OC	1.79999995	91131;688363;1796495;1796496;5580633	NORMAN:(NS00051349);COCONUT:(CNP0203715 CNP0256689);Natural Products:(UNPD70984 UNPD228004 UNPD12579);PubChem:(91131 688363 1796495 1796496 5580633);SuperNatural:(SN00313679 SN00242824 SN00155733);ZINC bio:(ZINC00057171);MeSH:(688363);PubChem class - safety and toxic;PubMed	70557766
17	1	N/A	-166.27597228807673	C12H14O5	[M - H2O + H]+	GNBKEARJFHTJMV	InChI=1S/C12H14O5/c1-2-3-8-16-12(15)17-10-6-4-9(5-7-10)11(13)14/h4-7H,2-3,8H2,1H3,(H,13,14)	4-butoxycarbonyloxybenzoic acid	CCCCOC(=O)OC1=CC=C(C=C1)C(=O)O	2.9000001	586595	PubChem:(586595);PubChem class - safety and toxic	67108866
18	1	N/A	-168.53980260344602	C12H14O5	[M - H2O + H]+	XESMXDXQZBMELS	InChI=1S/C12H14O5/c1-3-16-11(14)9-6-5-8(13)7-10(9)12(15)17-4-2/h5-7,13H,3-4H2,1-2H3	Oprea1_400052	CCOC(=O)C1=C(C=C(C=C1)O)C(=O)OCC	2.05283618	838557	NORMAN:(NS00052812);PubChem:(838557);KEGG Mine	8590196738
19	1	N/A	-169.88255822874805	C12H14O5	[M - H2O + H]+	RHQAFYIBBWZTOI	InChI=1S/C12H14O5/c1-16-11-7-10(5-4-9(11)8-13)17-6-2-3-12(14)15/h4-5,7-8H,2-3,6H2,1H3,(H,14,15)	fmpb linker	COC1=C(C=CC(=C1)OCCCC(=O)O)C=O	1.20000005	2759226;7006645	MeSH:(2759226);PubChem class - safety and toxic;PubChem:(2759226 7006645);PubMed	67108934
20	1	N/A	-177.44521175687407	C12H14O5	[M - H2O + H]+	NXKQNSVRERFPAM	InChI=1S/C12H14O5/c1-8(11(13)14)6-7-17-10-4-2-9(3-5-10)12(15)16/h2-5,8H,6-7H2,1H3,(H,13,14)(H,15,16)	Sporovexin A	CC(CCOC1=CC=C(C=C1)C(=O)O)C(=O)O	1.79999995	475767	COCONUT:(CNP0330668);KNApSAcK:(49305);Natural Products:(UNPD95252);PubChem:(475767);PubMed	2130002
21	1	N/A	-179.41154402907827	C12H14O5	[M - H2O + H]+	IWFMBEADTWZVJP	InChI=1S/C12H14O5/c1-2-9(13)8-3-4-11(10(14)7-8)17-6-5-12(15)16/h3-4,7,14H,2,5-6H2,1H3,(H,15,16)	3-(2-hydroxy-4-propanoylphenoxy)propanoic acid	CCC(=O)C1=CC(=C(C=C1)OCCC(=O)O)O	1.20000005	3071493	PubChem:(3071493);PubChem class - safety and toxic	67108866
22	1	N/A	-179.47286104165593	C12H14O5	[M - H2O + H]+	YUQSZTOOHLGKGG	InChI=1S/C12H14O5/c13-7-11(15)8-17-12(16)6-3-9-1-4-10(14)5-2-9/h1-6,11,13-15H,7-8H2	2,3-dihydroxypropyl (E)-3-(4-hydroxyphenyl)prop-2-enoate	C1=CC(=CC=C1C=CC(=O)OCC(CO)O)O	0.5	5319874;13965854;23900100;54528247	COCONUT:(CNP0215475);KNApSAcK:(46569);Natural Products:(UNPD180850 UNPD214313);PubChem:(5319874 13965854 23900100 54528247);SuperNatural:(SN00385936);PubMed	3178578
23	1	N/A	-182.33224094545832	C12H14O5	[M - H2O + H]+	UKAUBEJFAXMNBH	InChI=1S/C12H14O5/c1-15-9-3-7(4-10(16-2)12(9)14)8-5-11(13)17-6-8/h3-4,8,14H,5-6H2,1-2H3	null	COC1=CC(=CC(=C1O)OC)C2CC(=O)OC2	1.20000005	101357989	MeSH:(101357989);PubChem:(101357989);PubMed	70
24	1	N/A	-187.12757266340017	C12H14O5	[M - H2O + H]+	CVLYVXSOQKJPAE	InChI=1S/C12H14O5/c13-10-3-1-9(2-4-10)7-8-17-12(16)6-5-11(14)15/h1-4,13H,5-8H2,(H,14,15)	null	C1=CC(=CC=C1CCOC(=O)CCC(=O)O)O	1.10000002	102531637	PubChem:(102531637);COCONUT:(CNP0254007)	2097154
25	1	N/A	-187.49413808213126	C12H14O5	[M - H2O + H]+	OGPFVADTZNLDMH	InChI=1S/C12H14O5/c1-7(13)12-8(5-11(14)15)4-9(16-2)6-10(12)17-3/h4,6H,5H2,1-3H3,(H,14,15)	null	CC(=O)C1=C(C=C(C=C1OC)OC)CC(=O)O	1.0	71469983	COCONUT:(CNP0422821);Natural Products:(UNPD85874);PubChem:(71469983);SuperNatural:(SN00297202)	3178498
26	1	N/A	-189.20139112922024	C12H14O5	[M - H2O + H]+	YJLJJIQAOGGNID	InChI=1S/C12H14O5/c1-3-16-11(13)8-17-10-6-4-9(5-7-10)12(14)15-2/h4-7H,3,8H2,1-2H3	null	CCOC(=O)COC1=CC=C(C=C1)C(=O)OC	2.0	56737054	COCONUT:(CNP0029558);PubChem:(56737054);SuperNatural:(SN00136064);ZINC bio:(ZINC57963506)	3153922
27	1	N/A	-190.26779379044	C12H14O5	[M - H2O + H]+	FRGVYBUJIQMSOZ	InChI=1S/C12H14O5/c13-7-3-4-8-17-12(16)10-6-2-1-5-9(10)11(14)15/h1-2,5-6,13H,3-4,7-8H2,(H,14,15)	4-Hydroxybutylphthalate	C1=CC=C(C(=C1)C(=O)O)C(=O)OCCCCO	1.59185767	167662;57370600;71313674	PubChem:(167662 57370600 71313674);MeSH:(167662)	6
28	1	N/A	-190.26953933841088	C12H14O5	[M - H2O + H]+	VUNPFVHHFCIPKY	InChI=1S/C12H14O5/c1-14-10-8(4-3-5-13)6-9-11(12(10)15-2)17-7-16-9/h5-6H,3-4,7H2,1-2H3	null	COC1=C(C2=C(C=C1CCC=O)OCO2)OC	1.39999998	131834961	HMDB:(128658);PubChem:(131834961);PubChem class - bio and metabolites	16777226
29	1	N/A	-190.47635174677364	C12H14O5	[M - H2O + H]+	AOXHTQMNKFAWCL	InChI=1S/C12H14O5/c1-7(12(15)16)6-9(14)11-8(13)4-3-5-10(11)17-2/h3-5,7,13H,6H2,1-2H3,(H,15,16)	null	CC(CC(=O)C1=C(C=CC=C1OC)O)C(=O)O	1.34818149	""	COCONUT:(CNP0000217)	2097152
30	1	N/A	-192.40627507262508	C12H14O5	[M - H2O + H]+	SNICMNWLOMALIJ	InChI=1S/C12H14O5/c1-14-10-8(4-3-5-13)6-9-11(12(10)15-2)17-7-16-9/h3-4,6,13H,5,7H2,1-2H3	omega-hydroxyisodillapiole	COC1=C(C2=C(C=C1C=CCO)OCO2)OC	1.39999998	286711;6241978;92525165	COCONUT:(CNP0204462);HMDB:(128659);Natural Products:(UNPD100962);PubChem:(286711 6241978 92525165);SuperNatural:(SN00357890);PubChem class - bio and metabolites;PubMed	19955786
31	1	N/A	-193.96817368438016	C12H14O5	[M - H2O + H]+	DEFDYFRMIZJUNF	InChI=1S/C12H14O5/c13-7-11(16)12(17)10(15)6-3-8-1-4-9(14)5-2-8/h1-6,11-14,16-17H,7H2	null	C1=CC(=CC=C1C=CC(=O)C(C(CO)O)O)O	-0.200000003	68523645;129720135;129720141	PubChem:(68523645 129720135 129720141);CHEBI:(139373)	34
32	1	N/A	-195.00565974973892	C12H14O5	[M - H2O + H]+	XLOUMOADKBVJFF	InChI=1S/C12H14O5/c1-15-10-7-11(16-2)9(13)6-8(10)4-5-12(14)17-3/h4-7,13H,1-3H3	null	COC1=CC(=C(C=C1C=CC(=O)OC)O)OC	1.77656507	""	COCONUT:(CNP0305921);Natural Products:(UNPD191322)	2129920
33	1	N/A	-195.31672419810826	C12H14O5	[M - H2O + H]+	UQSXEMVUGMPGLS	InChI=1S/C12H14O5/c1-12(2,3)17-16-11(15)9-7-5-4-6-8(9)10(13)14/h4-7H,1-3H3,(H,13,14)	tert-Butyl monoperphthalate	CC(C)(C)OOC(=O)C1=CC=CC=C1C(=O)O	2.49342012	84769	PubChem:(84769);NORMAN:(NS00051729)	262146
34	1	N/A	-196.9334585917087	C12H14O5	[M - H2O + H]+	NMBWGGWAZXDSNQ	InChI=1S/C12H14O5/c1-8(13)17-7-10(14)9-4-5-11(15-2)12(6-9)16-3/h4-6H,7H2,1-3H3	Ambpe3500303	CC(=O)OCC(=O)C1=CC(=C(C=C1)OC)OC	1.5	3647677	COCONUT:(CNP0290555);Natural Products:(UNPD20546);PubChem:(3647677);SuperNatural:(SN00264634);ZINC bio:(ZINC01503465)	3186690
35	1	N/A	-197.77346699917334	C12H14O5	[M - H2O + H]+	RTBKABKNDSZTIA	InChI=1S/C12H14O5/c1-5-6-7-8(13)11(16-3)12(17-4)9(14)10(7)15-2/h5-6H,1-4H3	2,5-Cyclohexadiene-1,4-dione, 2,3,5-trimethoxy-6-(1E)-1-propenyl-	CC=CC1=C(C(=O)C(=C(C1=O)OC)OC)OC	1.26217926	10868332;71362855	COCONUT:(CNP0316887);KNApSAcK:(18881);Natural Products:(UNPD76678);PubChem:(10868332 71362855);SuperNatural:(SN00261413);MeSH:(10868332);PubMed	3178582
36	1	N/A	-197.8320380511558	C12H14O5	[M - H2O + H]+	RBIJJTIPYJFRLT	InChI=1S/C12H14O5/c1-7(13)12-10(16-4)5-9(15-3)6-11(12)17-8(2)14/h5-6H,1-4H3	null	CC(=O)C1=C(C=C(C=C1OC(=O)C)OC)OC	1.29999995	12886519	COCONUT:(CNP0236072);Natural Products:(UNPD40145);PubChem:(12886519);SuperNatural:(SN00333951)	3178498
37	1	N/A	-198.69645787787698	C12H14O5	[M - H2O + H]+	PUNCUSSYLXYBOP	InChI=1S/C12H14O5/c1-8(12(15)16)7-17-11(14)6-9-2-4-10(13)5-3-9/h2-5,8,13H,6-7H2,1H3,(H,15,16)	null	CC(COC(=O)CC1=CC=C(C=C1)O)C(=O)O	1.39999998	139588555	PubChem:(139588555);COCONUT:(CNP0116048)	2097154
38	1	N/A	-199.6376636617532	C12H14O5	[M - H2O + H]+	YBYLSOVTGVAJDY	InChI=1S/C12H14O5/c1-4-17-12(14)11(13)8-5-6-9(15-2)10(7-8)16-3/h5-7H,4H2,1-3H3	Ethyl 3,4-dimethoxyphenylglyoxylate	CCOC(=O)C(=O)C1=CC(=C(C=C1)OC)OC	1.90197372	170290	PubChem:(170290);NORMAN:(NS00030744)	262146
39	1	N/A	-200.86445733254322	C12H14O5	[M - H2O + H]+	SUCRLBSUKUROHH	InChI=1S/C12H14O5/c1-7(10(15)6-13)12(16)8-3-4-11(17-2)9(14)5-8/h3-5,7,13-14H,6H2,1-2H3	null	CC(C(=O)CO)C(=O)C1=CC(=C(C=C1)OC)O	1.00974977	""	COCONUT:(CNP0111903);Natural Products:(UNPD30746);SuperNatural:(SN00286078)	3178496
40	1	N/A	-206.84201035885707	C12H14O5	[M - H2O + H]+	JRDKNLFTQJPDDA	InChI=1S/C12H14O5/c1-7(13)9-6-11(17-3)10(16-2)4-8(9)5-12(14)15/h4,6H,5H2,1-3H3,(H,14,15)	CBMicro_036473	CC(=O)C1=CC(=C(C=C1CC(=O)O)OC)OC	1.0	828011;6948111	COCONUT:(CNP0158513 CNP0259820);PubChem:(828011 6948111);SuperNatural:(SN00045019);PubMed;ZINC bio:(ZINC00348928)	3153986
41	1	N/A	-209.76104267314344	C12H14O5	[M - H2O + H]+	FFUFAQREPMLRLE	InChI=1S/C12H14O5/c13-7-11(8-14)17-12(16)6-3-9-1-4-10(15)5-2-9/h1-6,11,13-15H,7-8H2	null	C1=CC(=CC=C1C=CC(=O)OC(CO)CO)O	0.5	101688442;129632525	COCONUT:(CNP0204115);Natural Products:(UNPD25152);PubChem:(101688442 129632525);SuperNatural:(SN00347087)	3178498
42	1	N/A	-211.9333930526539	C12H14O5	[M - H2O + H]+	FHTBHZMUOGZTQL	InChI=1S/C12H14O5/c1-14-9-6-10-12(17-7-16-10)11(15-2)8(9)4-3-5-13/h3-4,6,13H,5,7H2,1-2H3	(E)-3-(4,6-dimethoxy-1,3-benzodioxol-5-yl)prop-2-en-1-ol	COC1=C(C(=C2C(=C1)OCO2)OC)C=CCO	1.39999998	11736550;68661761	COCONUT:(CNP0189475);Natural Products:(UNPD129357);PubChem:(11736550 68661761);SuperNatural:(SN00244506);PubMed	3178562
43	1	N/A	-212.17410254889526	C12H14O5	[M - H2O + H]+	RUWWIJRJMNFCBD	InChI=1S/C12H14O5/c1-8(4-5-16-9(2)13)11-6-10(15-3)7-12(14)17-11/h4,6-7H,5H2,1-3H3	null	CC(=CCOC(=O)C)C1=CC(=CC(=O)O1)OC	1.39999998	53254546	PubChem:(53254546);COCONUT:(CNP0357877)	2097154
44	1	N/A	-214.020461871846	C12H14O5	[M - H2O + H]+	REQVYVVFQYCRMD	InChI=1S/C12H14O5/c1-7(13)5-10(15)12(16)8-3-4-11(17-2)9(14)6-8/h3-4,6,10,14-15H,5H2,1-2H3	null	CC(=O)CC(C(=O)C1=CC(=C(C=C1)OC)O)O	0.663471043	""	COCONUT:(CNP0234956);Natural Products:(UNPD210188)	2129920
45	1	N/A	-214.5765824105508	C12H14O5	[M - H2O + H]+	VXWBNPSAWLNEKD	InChI=1S/C12H14O5/c1-6-4-7-5-8(15-2)11(16-3)10(13)9(7)12(14)17-6/h5-6,13H,4H2,1-3H3	8-hydroxy-6,7-dimethoxy-3-methyl-3,4-dihydroisochromen-1-one	CC1CC2=CC(=C(C(=C2C(=O)O1)O)OC)OC	2.4000001	617182;22295076	COCONUT:(CNP0110740);Natural Products:(UNPD86571 UNPD6906);PubChem:(617182 22295076);SuperNatural:(SN00379045 SN00227510)	3178498
46	1	N/A	-216.90224049622933	C12H14O5	[M - H2O + H]+	PUZBTHGPBGQFLW	InChI=1S/C12H14O5/c1-3-16-11(14)8-5-9(7-10(13)6-8)12(15)17-4-2/h5-7,13H,3-4H2,1-2H3	Diethyl 5-hydroxyisophthalate	CCOC(=O)C1=CC(=CC(=C1)O)C(=O)OCC	2.0	606456	COCONUT:(CNP0326362);Natural Products:(UNPD89347);PubChem:(606456);SuperNatural:(SN00254615);ZINC bio:(ZINC00391307);PubChem class - safety and toxic	70295554
47	1	N/A	-217.45367214604295	C12H14O5	[M - H2O + H]+	FTQDQZPPPLNVDC	InChI=1S/C12H14O5/c1-7(13)9-5-8(15-2)6-10(16-3)11(9)12(14)17-4/h5-6H,1-4H3	null	CC(=O)C1=C(C(=CC(=C1)OC)OC)C(=O)OC	1.39999998	44577731	COCONUT:(CNP0364970);Natural Products:(UNPD43235);PubChem:(44577731);PubMed	2129986
48	1	N/A	-218.11745988594544	C12H14O5	[M - H2O + H]+	FJJWCOKCAIWBLP	InChI=1S/C12H14O5/c13-8-11-10(17-11)6-2-1-4-9(14)5-3-7-12(15)16/h9-11,13-14H,3,5,7-8H2,(H,15,16)	null	C(CC(C#CC#CC1C(O1)CO)O)CC(=O)O	-0.699999988	101886320	PubChem:(101886320);COCONUT:(CNP0355068)	2097154
49	1	N/A	-219.75139544003162	C12H14O5	[M - H2O + H]+	TVIPDEJMENTQKR	InChI=1S/C12H14O5/c1-2-7-3-6-4-9(14)8(5-13)11(15)10(6)12(16)17-7/h4,7,13-15H,2-3,5H2,1H3	null	CCC1CC2=CC(=C(C(=C2C(=O)O1)O)CO)O	1.52815711	""	COCONUT:(CNP0361702);Natural Products:(UNPD88463);SuperNatural:(SN00241938)	3178496
50	1	N/A	-224.39907201363997	C12H14O5	[M - H2O + H]+	DMZMAZUKRWSZCB	InChI=1S/C12H14O5/c1-7(13)12-8(5-11(15)17-3)4-9(14)6-10(12)16-2/h4,6,14H,5H2,1-3H3	methyl 2-(2-acetyl-5-hydroxy-3-methoxyphenyl)acetate	CC(=O)C1=C(C=C(C=C1OC)O)CC(=O)OC	1.0	16086620	COCONUT:(CNP0144508);Natural Products:(UNPD18703);PubChem:(16086620);PubMed	2129986
51	1	N/A	-228.78201506805587	C12H14O5	[M - H2O + H]+	TURXCFUGBPBPRS	InChI=1S/C12H14O5/c1-3-17-11(16)5-8-4-9(14)6-10(15)12(8)7(2)13/h4,6,14-15H,3,5H2,1-2H3	ethyl (2-acetyl-3,5-dihydroxyphenyl)acetate	CCOC(=O)CC1=C(C(=CC(=C1)O)O)C(=O)C	1.60000002	177045	COCONUT:(CNP0103602);KNApSAcK:(34938);Natural Products:(UNPD48924);PubChem:(177045);SuperNatural:(SN00013761);ZINC bio:(ZINC05855988);additional;Training Set;PubMed	3727442
52	1	N/A	-231.98698739209993	C12H14O5	[M - H2O + H]+	SUFHOFZQYXKUCA	InChI=1S/C12H14O5/c1-7(13)9-5-10(15-3)12(17-8(2)14)11(6-9)16-4/h5-6H,1-4H3	bmse010105	CC(=O)C1=CC(=C(C(=C1)OC)OC(=O)C)OC	1.29999995	3015410	NORMAN:(NS00028452);PubChem class - safety and toxic;PubChem:(3015410);CHEBI:(86575)	67371042
53	1	N/A	-235.51173341533368	C12H14O5	[M - H2O + H]+	GQDAQYCCKGXUJP	InChI=1S/C12H14O5/c1-6-4-7-10(12(14)17-6)8(13)5-9(15-2)11(7)16-3/h5-6,13H,4H2,1-3H3	null	CC1CC2=C(C(=CC(=C2OC)OC)O)C(=O)O1	2.4000001	102134979;139585820	PubChem:(102134979 139585820);COCONUT:(CNP0385309)	2097154
54	1	N/A	-236.19168434366543	C12H14O5	[M - H2O + H]+	OWTQYBKDLMPBEH	InChI=1S/C12H14O5/c1-5-8(4-9(14)15)10(7(3)13)12(17)6(2)11(5)16/h16-17H,4H2,1-3H3,(H,14,15)	null	CC1=C(C(=C(C(=C1O)C)O)C(=O)C)CC(=O)O	1.60000002	44715172	COCONUT:(CNP0126851);Training Set;PubChem:(44715172);additional	2637826
55	1	N/A	-241.02368999606756	C12H14O5	[M - H2O + H]+	OZCHPBNVKNAWHM	InChI=1S/C12H14O5/c1-6(13)9(15)5-10-7-3-2-4-8(14)11(7)12(16)17-10/h2-4,6,9-10,13-15H,5H2,1H3	3-(2,3-dihydroxybutyl)-7-hydroxy-3H-2-benzofuran-1-one	CC(C(CC1C2=C(C(=CC=C2)O)C(=O)O1)O)O	1.10000002	5324650;11746674	COCONUT:(CNP0268375);KNApSAcK:(45588);Natural Products:(UNPD97622);PubChem:(5324650 11746674);SuperNatural:(SN00352452);PubMed	3178578
56	1	N/A	-243.09964298842263	C12H14O5	[M - H2O + H]+	NSUDGNLOXMLAEB	InChI=1S/C12H14O5/c13-8-9-10(14)4-3-5-11(9)17-7-2-1-6-12(15)16/h3-5,8,14H,1-2,6-7H2,(H,15,16)	Velaresol	C1=CC(=C(C(=C1)OCCCCC(=O)O)C=O)O	1.79999995	72162	NORMAN:(NS00037956);MeSH:(72162);PubChem:(72162);PubMed	262214
57	1	N/A	-243.5770221848712	C12H14O5	[M - H2O + H]+	IRUZVWQOYLRAQX	InChI=1S/C12H14O5/c1-3-15-11(13)10(12(14)16-4-2)8-9-6-5-7-17-9/h5-8H,3-4H2,1-2H3	Diethyl furfurylidenemalonate	CCOC(=O)C(=CC1=CC=CO1)C(=O)OCC	2.0999999	28550	NORMAN:(NS00025735);PubChem class - safety and toxic;PubChem:(28550)	67371010
58	1	N/A	-245.8099914563313	C12H14O5	[M - H2O + H]+	LRTSNKNWTQPYQN	InChI=1S/C12H14O5/c1-6-9(16-3)4-7(13)10-8(14)5-12(2,15)17-11(6)10/h4,13,15H,5H2,1-3H3	null	CC1=C(C=C(C2=C1OC(CC2=O)(C)O)O)OC	1.60000002	102247132	COCONUT:(CNP0122399);Natural Products:(UNPD220035);PubChem:(102247132)	2129922
59	1	N/A	-246.63895329907282	C12H14O5	[M - H2O + H]+	XQERYNXDLZZXIC	InChI=1S/C12H14O5/c1-4-7-6-5-8(15-2)11(16-3)10(13)9(6)12(14)17-7/h5,7,13H,4H2,1-3H3	null	CCC1C2=CC(=C(C(=C2C(=O)O1)O)OC)OC	2.4000001	25135573	COCONUT:(CNP0262086);Natural Products:(UNPD134831);PubChem:(25135573);SuperNatural:(SN00262514);PubMed	3178562
60	1	N/A	-246.74875790155417	C12H14O5	[M - H2O + H]+	GGNMNDPDNSTYID	InChI=1S/C12H14O5/c1-15-10(13)12(17-3,11(14)16-2)9-7-5-4-6-8-9/h4-8H,1-3H3	null	COC(=O)C(C1=CC=CC=C1)(C(=O)OC)OC	1.29185855	""	COCONUT:(CNP0282755);Natural Products:(UNPD136394);SuperNatural:(SN00295526)	3178496
61	1	N/A	-249.5203324127541	C12H14O5	[M - H2O + H]+	OZPJJHQMIOVIKX	InChI=1S/C12H14O5/c1-2-3-6-17-12(16)11(15)9-5-4-8(13)7-10(9)14/h4-5,7,13-14H,2-3,6H2,1H3	butyl 2-(2,4-dihydroxyphenyl)-2-oxoacetate	CCCCOC(=O)C(=O)C1=C(C=C(C=C1)O)O	2.70000005	11322356	COCONUT:(CNP0178947);Natural Products:(UNPD166710);PubChem:(11322356);SuperNatural:(SN00244562);PubMed	3178562
62	1	N/A	-254.5069207134811	C12H14O5	[M - H2O + H]+	GUGDAUYYWAEZBO	InChI=1S/C12H14O5/c1-7(13)3-8-4-11-9(6-16-8)10(15-2)5-12(14)17-11/h5,8H,3-4,6H2,1-2H3	null	CC(=O)CC1CC2=C(CO1)C(=CC(=O)O2)OC	-0.600000024	76334677	COCONUT:(CNP0127603);Natural Products:(UNPD212248);PubChem:(76334677);PubMed	2129986
63	1	N/A	-260.36320755019995	C12H14O5	[M - H2O + H]+	QXXDPFSWPOEYTB	InChI=1S/C12H14O5/c1-5-8(14)3-7-4-9(6(2)13)17-12(16)10(7)11(5)15/h3,6,9,13-15H,4H2,1-2H3	null	CC1=C(C=C2CC(OC(=O)C2=C1O)C(C)O)O	1.53146553	""	COCONUT:(CNP0334211);Natural Products:(UNPD229351)	2129920
64	1	N/A	-261.10522970950467	C12H14O5	[M - H2O + H]+	PQXNDMCJKYKTCM	InChI=1S/C12H14O5/c1-2-8(14)10-4-6-3-7(13)5-9(15)11(6)12(16)17-10/h3,5,8,10,13-15H,2,4H2,1H3	null	CCC(C1CC2=C(C(=CC(=C2)O)O)C(=O)O1)O	2.0	122380353	PubChem:(122380353);COCONUT:(CNP0357364)	2097154
65	1	N/A	-261.3871209296681	C12H14O5	[M - H2O + H]+	JPARVKBAXSLIOA	InChI=1S/C12H14O5/c1-3-6(2)8-4-7(11(14)15)5-9(10(8)13)12(16)17/h4-6,13H,3H2,1-2H3,(H,14,15)(H,16,17)	null	CCC(C)C1=C(C(=CC(=C1)C(=O)O)C(=O)O)O	1.98274469	904757;904758;4371922;54720351;54720352	COCONUT:(CNP0045521 CNP0368581);PubChem:(904757 904758 4371922 54720351 54720352);SuperNatural:(SN00068872 SN00068871);ZINC bio:(ZINC04028976 ZINC04028977)	3153922
66	1	N/A	-261.97451587463536	C12H14O5	[M - H2O + H]+	WPJVKIYCVOLCNU	InChI=1S/C12H14O5/c1-6-7(15-3)5-8(16-4)9-10(6)12(2,14)17-11(9)13/h5,14H,1-4H3	null	CC1=C2C(=C(C=C1OC)OC)C(=O)OC2(C)O	1.29999995	70694559	COCONUT:(CNP0231549);Natural Products:(UNPD222778);PubChem:(70694559);PubMed	2129986
67	1	N/A	-263.13817648582096	C12H14O5	[M - H2O + H]+	DICVWFCLSXLYKU	InChI=1S/C12H14O5/c1-17-12-7(5-13)10(16)4-6-8(14)2-3-9(15)11(6)12/h4,8,13-14,16H,2-3,5H2,1H3	null	COC1=C2C(=O)CCC(C2=CC(=C1CO)O)O	0.200000003	23872042;38354162;38354166	COCONUT:(CNP0072548);PubChem:(23872042 38354162 38354166);SuperNatural:(SN00029193 SN00029194);ZINC bio:(ZINC31161300 ZINC31161304)	3153922
68	1	N/A	-264.0304753945428	C12H14O5	[M - H2O + H]+	GWCJDGBOQAPHGT	InChI=1S/C12H14O5/c1-5-7-4-12(3,16)17-11(15)8(7)10(14)6(2)9(5)13/h13-14,16H,4H2,1-3H3	sclerotinin B	CC1=C2CC(OC(=O)C2=C(C(=C1O)C)O)(C)O	2.0	12315415	COCONUT:(CNP0195416);KNApSAcK:(40263);Natural Products:(UNPD175963);PubChem:(12315415);SuperNatural:(SN00307500);PubMed	3178578
69	1	N/A	-265.2427266418717	C12H14O5	[M - H2O + H]+	ZZKTVVTWOFEGLU	InChI=1S/C12H14O5/c1-12(2)10(14)9(13)7-5-6(11(15)16)3-4-8(7)17-12/h3-5,9-10,13-14H,1-2H3,(H,15,16)	3,4-dihydroxy-2,2-dimethyl-3,4-dihydrochromene-6-carboxylic acid	CC1(C(C(C2=C(O1)C=CC(=C2)C(=O)O)O)O)C	0.300000012	14704562;14704563	COCONUT:(CNP0221512);Natural Products:(UNPD2688);PubChem:(14704562 14704563);SuperNatural:(SN00338281)	3178498
70	1	N/A	-267.70640435320195	C12H14O5	[M - H2O + H]+	ZKADKQROZSSPJE	InChI=1S/C12H14O5/c1-6-8(16-3)4-9-10(11(6)14)7(13)5-12(2,15)17-9/h4,14-15H,5H2,1-3H3	null	CC1=C(C=C2C(=C1O)C(=O)CC(O2)(C)O)OC	1.60000002	102247133	COCONUT:(CNP0119587);Natural Products:(UNPD224329);PubChem:(102247133)	2129922
71	1	N/A	-268.72620399640795	C12H14O5	[M - H2O + H]+	BECXOCBQWLOZFB	InChI=1S/C12H14O5/c1-6(2)17-12(16)10-7(3)4-9(14)8(5-13)11(10)15/h4-6,14-15H,1-3H3	null	CC1=CC(=C(C(=C1C(=O)OC(C)C)O)C=O)O	2.79999995	91721009	COCONUT:(CNP0129920);Natural Products:(UNPD219903);PubChem:(91721009)	2129922
72	1	N/A	-270.24161158899483	C12H14O5	[M - H2O + H]+	RNXUXOBDUSSLDU	InChI=1S/C12H14O5/c1-3-16-12(15)6-10(8(2)14)11-5-4-9(7-13)17-11/h4-6,13H,3,7H2,1-2H3	null	CCOC(=O)C=C(C1=CC=C(O1)CO)C(=O)C	0.300000012	139585355;139588085	PubChem:(139585355 139588085);COCONUT:(CNP0355522)	2097154
73	1	N/A	-270.40794775371216	C12H14O5	[M - H2O + H]+	YUSMWIJHTGHEPG	InChI=1S/C12H14O5/c1-6(13)5-9-10-8(3-4-16-12(10)15)11(14)7(2)17-9/h7,9H,3-5H2,1-2H3	Swerilactone L	CC1C(=O)C2=C(C(O1)CC(=O)C)C(=O)OCC2	-0.300000012	53483970	COCONUT:(CNP0293860);Natural Products:(UNPD202946);PubChem:(53483970);PubMed;CHEBI:(69296)	2130018
74	1	N/A	-272.35143861054	C12H14O5	[M - H2O + H]+	NRAJSFHOTNRJER	InChI=1S/C12H14O5/c1-17-7-3-8-11(10(15)4-7)9(14)2-6(5-13)12(8)16/h3-4,6,12-13,15-16H,2,5H2,1H3	null	COC1=CC2=C(C(=O)CC(C2O)CO)C(=C1)O	0.800000012	139584798;139589915;139205621	COCONUT:(CNP0337285);Natural Products:(UNPD597);PubChem:(139584798 139589915 139205621);SuperNatural:(SN00329388)	3178498
75	1	N/A	-277.41262342044763	C12H14O5	[M - H2O + H]+	WYUXCFIIQXQQBX	InChI=1S/C12H14O5/c1-6-8-7(5-17-12(8)13)10(15-3)11(16-4)9(6)14-2/h5H2,1-4H3	4,5,6-trimethoxy-7-methyl-2-benzofuran-1(3H)-one	CC1=C2C(=C(C(=C1OC)OC)OC)COC2=O	1.60000002	12577529	PubChem:(12577529);COCONUT:(CNP0013915)	2097154
76	1	N/A	-278.216522307928	C12H14O5	[M - H2O + H]+	KVNLATMBLJHWHU	InChI=1S/C12H14O5/c1-6(7(2)13)8-5-9(14)11(16-3)12(17-4)10(8)15/h5-6H,1-4H3	null	CC(C1=CC(=O)C(=C(C1=O)OC)OC)C(=O)C	0.666905642	9991775	COCONUT:(CNP0356723);KNApSAcK:(15002);PubChem:(9991775)	2097170
77	1	N/A	-279.0279904406554	C12H14O5	[M - H2O + H]+	NXSUIALRPVXVTA	InChI=1S/C12H14O5/c1-17-10-4-6-8(14)2-3-9(15)11(6)12(16)7(10)5-13/h4,8,13-14,16H,2-3,5H2,1H3	null	COC1=C(C(=C2C(=O)CCC(C2=C1)O)O)CO	0.200000003	9991774;25774979;25774980	COCONUT:(CNP0420490);KNApSAcK:(15707);Natural Products:(UNPD63825);PubChem:(9991774 25774979 25774980);SuperNatural:(SN00020369 SN00020368);ZINC bio:(ZINC13480529 ZINC13480530);additional;MeSH:(9991774);Training Set;PubMed	3727446
78	1	N/A	-280.4712610291319	C12H14O5	[M - H2O + H]+	BKQRTTBOEMTMAD	InChI=1S/C12H14O5/c1-12(2,16)10-9(13)7-5-6(11(14)15)3-4-8(7)17-10/h3-5,9-10,13,16H,1-2H3,(H,14,15)	(2S,3S)-3-hydroxy-2-(2-hydroxypropan-2-yl)-2,3-dihydro-1-benzofuran-5-carboxylic acid	CC(C)(C1C(C2=C(O1)C=CC(=C2)C(=O)O)O)O	0.899999976	11264897;68842885	COCONUT:(CNP0258642);Natural Products:(UNPD142888);PubChem:(11264897 68842885);SuperNatural:(SN00278526)	3178498
79	1	N/A	-281.7020723426778	C12H14O5	[M - H2O + H]+	SJZZHELEKZVTPC	InChI=1S/C12H14O5/c1-4-5-9-6-10(15)12(17-8(3)14)11(9)16-7(2)13/h4-6,11-12H,1-3H3	2-Cyclopenten-1-one, 4,5-bis(acetyloxy)-3-(1-propenyl)-, trans-	CC=CC1=CC(=O)C(C1OC(=O)C)OC(=O)C	0.600000024	10879166;46192636;71440946	COCONUT:(CNP0322945);Natural Products:(UNPD84678);PubChem:(10879166 46192636 71440946);SuperNatural:(SN00362860)	3178498
80	1	N/A	-282.7266061210884	C12H14O5	[M - H2O + H]+	NHGRSQQMNDLOIB	InChI=1S/C12H14O5/c13-4-7-1-2-10-9(3-7)11(16)12(17-10)8(5-14)6-15/h1-4,8,11-12,14-16H,5-6H2	null	C1=CC2=C(C=C1C=O)C(C(O2)C(CO)CO)O	-0.800000012	139585004	PubChem:(139585004);COCONUT:(CNP0357751)	2097154
81	1	N/A	-290.2755278414003	C12H14O5	[M - H2O + H]+	ADXNIJXMFVSXDQ	InChI=1S/C12H14O5/c1-6(13)10-8-3-7(14)4-9(15)11(8)17-5-12(10,2)16/h3-4,10,14-16H,5H2,1-2H3	null	CC(=O)C1C2=CC(=CC(=C2OCC1(C)O)O)O	0.361370355	""	COCONUT:(CNP0257518);Natural Products:(UNPD10375 UNPD79531);SuperNatural:(SN00396541)	3178496
82	1	N/A	-293.67640573780255	C12H14O5	[M - H2O + H]+	RMDHRYWEFJLSJF	InChI=1S/C12H14O5/c1-3-4-7-5-8-9(12(15)17-7)11(14)10(13)6(2)16-8/h3-6,10-11,13-14H,1-2H3	(2R,3S,4S)-3,4-dihydroxy-2-methyl-7-[(E)-prop-1-enyl]-3,4-dihydro-2H-pyrano[3,2-c]pyran-5-one	CC=CC1=CC2=C(C(C(C(O2)C)O)O)C(=O)O1	0.200000003	6442696;16040185;70957916;75528796;100992280;123950878	COCONUT:(CNP0204871);KNApSAcK:(34923);Natural Products:(UNPD22634 UNPD183207 UNPD39454 UNPD148106);PubChem:(6442696 16040185 70957916 75528796 100992280 123950878);SuperNatural:(SN00261342 SN00345176 SN00345728 SN00312857);MeSH:(6442696);PubMed	3178582
83	1	N/A	-295.3042466877625	C12H14O5	[M - H2O + H]+	KXNLYNMPDUFUFH	InChI=1S/C12H14O5/c1-4-5-10-8(6-13)11(16-3)9(7-15-2)12(14)17-10/h4-6H,7H2,1-3H3	4-methoxy-5-(methoxymethyl)-6-oxo-2-[(E)-prop-1-enyl]pyran-3-carbaldehyde	CC=CC1=C(C(=C(C(=O)O1)COC)OC)C=O	0.300000012	11776334	COCONUT:(CNP0196642);Natural Products:(UNPD112568);PubChem:(11776334);SuperNatural:(SN00236303)	3178498
84	1	N/A	-298.3622107838382	C12H14O5	[M - H2O + H]+	FTEUTICEQLCESE	InChI=1S/C12H14O5/c1-6-10(13)8(4-15-2)7-5-17-12(14)9(7)11(6)16-3/h13H,4-5H2,1-3H3	5-hydroxy-7-methoxy-4-(methoxymethyl)-6-methyl-3H-2-benzofuran-1-one	CC1=C(C(=C2COC(=O)C2=C1OC)COC)O	1.0	600713	COCONUT:(CNP0170105);Natural Products:(UNPD158573);PubChem:(600713);SuperNatural:(SN00333598)	3178498
85	1	N/A	-298.9896092748741	C12H14O5	[M - H2O + H]+	LBYVYAGVWNRGIT	InChI=1S/C12H14O5/c13-6-8-9-10(11(14)15-8)17-12(16-9)7-4-2-1-3-5-7/h1-5,8-14H,6H2	(2S,3aR,4R,6R,6aR)-6-(hydroxymethyl)-2-phenyl-3a,4,6,6a-tetrahydrofuro[3,4-d][1,3]dioxol-4-ol	C1=CC=C(C=C1)C2OC3C(OC(C3O2)O)CO	0.0	14131035;14131036;22887070;25228194;102393677	COCONUT:(CNP0185693);Natural Products:(UNPD118183 UNPD170380);PubChem:(14131035 14131036 22887070 25228194 102393677);SuperNatural:(SN00253514 SN00366977)	3178498
86	1	N/A	-305.59907705328726	C12H14O5	[M - H2O + H]+	RQGSZGCFMVGVJR	InChI=1S/C12H14O5/c13-6-7-16-8-9-17-12(15)11(14)10-4-2-1-3-5-10/h1-5,13H,6-9H2	Benzeneacetic acid, alpha-oxo-, 2-(2-hydroxyethoxy)ethyl ester	C1=CC=C(C=C1)C(=O)C(=O)OCCOCCO	0.886011362	12187661	NORMAN:(NS00020089);PubChem class - safety and toxic;PubChem:(12187661)	67371010
87	1	N/A	-311.645663896812	C12H14O5	[M - H2O + H]+	ZHJAUCLFHVHSFH	InChI=1S/C12H14O5/c1-3-4-8-10(14)11(15)9-7(13)5-6(2)16-12(9)17-8/h3-4,6,8,10,14H,5H2,1-2H3	trichodion	CC=CC1C(C(=O)C2=C(O1)OC(CC2=O)C)O	0.600000024	10014419;57347757;139588314	COCONUT:(CNP0181742);KNApSAcK:(15721);Natural Products:(UNPD120213 UNPD211692);PubChem:(10014419 57347757 139588314);SuperNatural:(SN00235473);MeSH:(10014419);PubMed	3178582
88	1	N/A	-313.04102917327634	C12H14O5	[M - H2O + H]+	HNHUZZHNVSTBDM	InChI=1S/C12H14O5/c1-2-3-5-4-6-7(12(15)16-5)9(14)11-10(17-11)8(6)13/h5,9-11,14H,2-4H2,1H3	(1aR,2S,5S,7aR)-2-hydroxy-5-propyl-2,5,6,7a-tetrahydro-1aH-oxireno[2,3-g]isochromene-3,7-dione	CCCC1CC2=C(C(C3C(C2=O)O3)O)C(=O)O1	0.200000003	11572241;11310943;11310944;10421690;11424916	COCONUT:(CNP0338401);KNApSAcK:(14925);Natural Products:(UNPD114992);PubChem:(11572241 11310943 11310944 10421690 11424916);SuperNatural:(SN00319617);MeSH:(11310944);PubMed	3178582
89	1	N/A	-313.18112391416753	C12H14O5	[M - H2O + H]+	KYLJUIHXTUMDNE	InChI=1S/C12H14O5/c1-7(17-6-13)4-9-8(2)10(14)5-11(16-3)12(9)15/h5-7H,4H2,1-3H3	(+)-formylanserinone B	CC1=C(C(=O)C(=CC1=O)OC)CC(C)OC=O	1.20000005	10037198;21576220;21778015	COCONUT:(CNP0319839);Natural Products:(UNPD80413);PubChem:(10037198 21576220 21778015);SuperNatural:(SN00398015);PubMed	3178562
90	1	N/A	-325.24947798739606	C12H14O5	[M - H2O + H]+	QENYVPWQYDWEGN	InChI=1S/C12H14O5/c1-15-7-2-3-9-8(4-7)10(14)11(17-9)12(5-13)6-16-12/h2-4,10-11,13-14H,5-6H2,1H3	null	COC1=CC2=C(C=C1)OC(C2O)C3(CO3)CO	0.0225084256	""	COCONUT:(CNP0137698);Natural Products:(UNPD194476);SuperNatural:(SN00242163)	3178496
91	1	N/A	-327.61279197791873	C12H14O5	[M - H2O + H]+	VCNFADYIAXFZLD	InChI=1S/C12H14O5/c1-6(2)12(16)5-9(15)11-8(14)3-7(13)4-10(11)17-12/h3-4,6,13-14,16H,5H2,1-2H3	null	CC(C)C1(CC(=O)C2=C(C=C(C=C2O1)O)O)O	1.23107576	""	COCONUT:(CNP0295847);Natural Products:(UNPD166045);SuperNatural:(SN00320347)	3178496
92	1	N/A	-335.8235866272945	C12H14O5	[M - H2O + H]+	QFAOAHBSGCCQFF	InChI=1S/C12H14O5/c1-12(2,14)10-5-8-3-7(6-13)4-9(17-15)11(8)16-10/h3-4,6,10,14-15H,5H2,1-2H3	null	CC(C)(C1CC2=C(O1)C(=CC(=C2)C=O)OO)O	1.70996845	""	COCONUT:(CNP0132037);Natural Products:(UNPD203590)	2129920
93	1	N/A	-343.25787589153543	C12H14O5	[M - H2O + H]+	XKLHVAGRLHIBDJ	InChI=1S/C12H14O5/c1-3-4-12(16)7-5-8(13)10(14)6(2)9(7)11(15)17-12/h5,13-14,16H,3-4H2,1-2H3	null	CCCC1(C2=CC(=C(C(=C2C(=O)O1)C)O)O)O	1.5	139586433	PubChem:(139586433);COCONUT:(CNP0354626)	2097154