formulaRank	molecularFormula	adduct	precursorFormula	ZodiacScore	SiriusScore	TreeScore	IsotopeScore	numExplainedPeaks	explainedIntensity	medianMassErrorFragmentPeaks(ppm)	medianAbsoluteMassErrorFragmentPeaks(ppm)	massErrorPrecursor(ppm)	lipidClass
1	C7H5BrO3	[M + H]+	C7H5BrO3	0.9869346733668343	15.9909698840199	15.9909698840199	0.0	5	0.21453254319505918	5.680665712149099	5.680665712149099	4.827957366322232	
1	C7H7BrO4	[M - H2O + H]+	C7H5BrO3	0.9869346733668343	15.9909698840199	15.9909698840199	0.0	6	0.21453254319505918	5.680665712149099	5.680665712149099	-83012.09154036421	
2	C6H4ClFO2S	[M + Na]+	C6H4ClFO2S	0.01306532663316583	11.464994798977989	11.464994798977989	0.0	4	0.18987322781486762	4.601186486604553	4.601186486604553	3.9319189929109264	
3	C4F6O	[M + K]+	C4F6O	0.0	-1.7513104256620853	-1.7513104256620853	0.0	1	0.0	9.960605693342126	9.960605693342126	9.393661815179701	
