structureRankPerFormula	formulaRank	ConfidenceScore	CSI:FingerIDScore	molecularFormula	adduct	InChIkey2D	InChI	name	smiles	xlogp	pubchemids	links	dbflags
1	1	0.14255509951545375	-36.95283299060309	C7H5BrO3	[M + H]+	IEJOONSLOGAXNO	InChI=1S/C7H5BrO3/c8-4-1-2-6(9)5(3-4)7(10)11/h1-3,9H,(H,10,11)	Oprea1_842232	C1=CC(=C(C=C1Br)C(=O)O)O	1.65943694	6972;54710961	NORMAN:(NS00039334);PubChem class - safety and toxic;PubChem:(6972 54710961);PubMed	67371074
2	1	N/A	-38.7160505480369	C7H5BrO3	[M + H]+	BHPSQWRVKOPSOQ	InChI=1S/C7H5BrO3/c8-5-3-1-2-4(6(5)9)7(10)11/h1-3,9H,(H,10,11)	3-bromosalicylic acid	C1=CC(=C(C(=C1)Br)O)C(=O)O	1.65943694	520927;54730027	PubChem class - safety and toxic;PubChem:(520927 54730027);PubMed	67108930
3	1	N/A	-52.70310404592941	C7H5BrO3	[M + H]+	LSIRNJUVADUUAN	InChI=1S/C7H5BrO3/c8-4-2-1-3-5(9)6(4)7(10)11/h1-3,9H,(H,10,11)	6-Bromosalicylic acid	C1=CC(=C(C(=C1)Br)C(=O)O)O	1.65943694	12110114;86306869	PubChem:(12110114 86306869);PubChem class - safety and toxic	67108866
4	1	N/A	-53.34623719794998	C7H5BrO3	[M + H]+	FYAKLZKQJDBBKW	InChI=1S/C7H5BrO3/c8-4-1-2-5(7(10)11)6(9)3-4/h1-3,9H,(H,10,11)	4-Bromosalicylic acid	C1=CC(=C(C=C1Br)O)C(=O)O	1.65943694	268737;54712090	PubChem:(268737 54712090);PubChem class - safety and toxic	67108866
5	1	N/A	-60.5558631279438	C7H5BrO3	[M + H]+	XMEQDAIDOBVHEK	InChI=1S/C7H5BrO3/c8-5-3-4(7(10)11)1-2-6(5)9/h1-3,9H,(H,10,11)	3-bromo-4-hydroxybenzoate	C1=CC(=C(C=C1C(=O)O)Br)O	1.65943694	84368;12648418;54710054	SuperNatural:(SN00352414);ZINC bio:(ZINC02566180);PubMed;NORMAN:(NS00054451);COCONUT:(CNP0414254);Natural Products:(UNPD37229);PubChem:(84368 12648418 54710054);CHEBI:(140241 140203);PubChem class - bio and metabolites;PubChem class - safety and toxic;Biocyc:(CPD-20550);KEGG Mine	8677271650
6	1	N/A	-65.05961005257235	C7H5BrO3	[M + H]+	PAJSESFUWIYFNF	InChI=1S/C7H5BrO3/c8-5-2-1-4(7(10)11)3-6(5)9/h1-3,9H,(H,10,11)	4-bromo-3-hydroxybenzoicacid	C1=CC(=C(C=C1C(=O)O)O)Br	1.65943694	6420973;54741926	PubChem:(6420973 54741926);PubChem class - safety and toxic	67108866
7	1	N/A	-72.64487584685034	C7H5BrO3	[M + H]+	GVSGSHGXUXLQNS	InChI=1S/C7H5BrO3/c8-5-1-4(3-9)2-6(10)7(5)11/h1-3,10-11H	bromodihydroxybenzaldehyde	C1=C(C=C(C(=C1O)O)Br)C=O	1.39999998	85405	NORMAN:(NS00025365);COCONUT:(CNP0146798);KNApSAcK:(38251);Natural Products:(UNPD184766);PubChem:(85405);SuperNatural:(SN00282014);ZINC bio:(ZINC01871905);MeSH:(85405);Training Set;PubMed	3465302
8	1	N/A	-79.847252939805	C7H5BrO3	[M + H]+	JXHKKMRNIFLPBR	InChI=1S/C7H5BrO3/c8-5-2-7(11)6(10)1-4(5)3-9/h1-3,10-11H	Benzaldehyde, 2-bromo-4,5-dihydroxy-	C1=C(C(=CC(=C1O)O)Br)C=O	1.39999998	11321900	COCONUT:(CNP0158213);Natural Products:(UNPD93688);PubChem:(11321900);SuperNatural:(SN00301871);ZINC bio:(ZINC13379431)	3186690
9	1	N/A	-97.09305290680085	C7H5BrO3	[M + H]+	WGIBEMRBLBGETQ	InChI=1S/C7H5BrO3/c8-5-1-4(7(10)11)2-6(9)3-5/h1-3,9H,(H,10,11)	3-Bromo-5-hydroxybenzoic acid	C1=C(C=C(C=C1O)Br)C(=O)O	1.65943694	15735511;54736853	PubChem class - safety and toxic;PubChem:(15735511 54736853);PubMed	67108930
10	1	N/A	-214.1274364970565	C7H5BrO3	[M + H]+	TUYBCLHMZFLWRY	InChI=1S/C7H5BrO3/c8-4-1-6-7(2-5(4)9)11-3-10-6/h1-2,9H,3H2	6-bromo-1,3-benzodioxol-5-ol	C1OC2=C(O1)C=C(C(=C2)O)Br	2.0999999	229148	PubChem:(229148);PubChem class - safety and toxic	67108866
1	2	N/A	-165.457616732288	C6H4ClFO2S	[M + Na]+	SVUFZCYVNYUZBS	InChI=1S/C6H4ClFO2S/c7-5-2-1-3-6(4-5)11(8,9)10/h1-4H	Benzenesulfonyl fluoride, 3-chloro-	C1=CC(=CC(=C1)Cl)S(=O)(=O)F	2.11033916	21699831	PubChem:(21699831);PubChem class - safety and toxic	67108866
2	2	N/A	-172.49151285311632	C6H4ClFO2S	[M + Na]+	UOECQWWSUHZUMI	InChI=1S/C6H4ClFO2S/c7-5-3-1-2-4-6(5)11(8,9)10/h1-4H	Benzenesulfonyl fluoride, 2-chloro-	C1=CC=C(C(=C1)S(=O)(=O)F)Cl	2.11033916	20511719	PubChem:(20511719);PubChem class - safety and toxic	67108866
3	2	N/A	-184.9979809386276	C6H4ClFO2S	[M + Na]+	OKYSUJVCDXZGKE	InChI=1S/C6H4ClFO2S/c7-11(9,10)6-3-1-2-5(8)4-6/h1-4H	chloro(3-fluorophenyl)sulfone	C1=CC(=CC(=C1)S(=O)(=O)Cl)F	2.0	2734258	PubChem:(2734258);PubChem class - safety and toxic	67108866
4	2	N/A	-186.95486193124998	C6H4ClFO2S	[M + Na]+	ZSZKAQCISWFDCQ	InChI=1S/C6H4ClFO2S/c7-11(9,10)6-4-2-1-3-5(6)8/h1-4H	chloro(2-fluorophenyl)sulfone	C1=CC=C(C(=C1)F)S(=O)(=O)Cl	2.0	137761	PubChem:(137761);PubChem class - safety and toxic	67108866
5	2	N/A	-192.57404707107852	C6H4ClFO2S	[M + Na]+	PCTLRVPDZBVCMP	InChI=1S/C6H4ClFO2S/c7-5-1-3-6(4-2-5)11(8,9)10/h1-4H	4-Chlorophenylsulfonyl fluoride	C1=CC(=CC=C1S(=O)(=O)F)Cl	2.11033916	94992;72736476	PubChem:(94992 72736476);PubChem class - safety and toxic	67108866
6	2	N/A	-208.0657950424599	C6H4ClFO2S	[M + Na]+	BFXHJFKKRGVUMU	InChI=1S/C6H4ClFO2S/c7-11(9,10)6-3-1-5(8)2-4-6/h1-4H	chloro(4-fluorophenyl)sulfone	C1=CC(=CC=C1F)S(=O)(=O)Cl	2.0	9588	NORMAN:(NS00041646);MeSH:(9588);PubChem class - safety and toxic;PubChem:(9588);PubMed	67371078