structureRankPerFormula	formulaRank	ConfidenceScore	CSI:FingerIDScore	molecularFormula	adduct	InChIkey2D	InChI	name	smiles	xlogp	pubchemids	links	dbflags
1	1	0.17066971557043029	-150.89481519855246	C16H16O6	[M + H]+	ZHDMPVIDHWJGTN	InChI=1S/C16H16O6/c1-21-14-3-2-8(4-12(14)19)16-13(20)7-10-11(18)5-9(17)6-15(10)22-16/h2-6,13,16-20H,7H2,1H3	4''-O-Methylcatechin	COC1=C(C=C(C=C1)C2C(CC3=C(C=C(C=C3O2)O)O)O)O	1.88205349	9995184;14332897;14332898;124301994	COCONUT:(CNP0389505);HMDB:(29179 30662);KNApSAcK:(8810);Natural Products:(UNPD124661);PubChem:(9995184 14332897 14332898 124301994);YMDB Mine;ZINC bio:(ZINC14642912);PubChem class - bio and metabolites;PubMed;KEGG Mine	42968588378
2	1	N/A	-155.17519951757475	C16H16O6	[M + H]+	XZDCIORWACLZKX	InChI=1S/C16H16O6/c1-8-4-9(17)5-13(22-3)14(8)16(20)15-11(18)6-10(21-2)7-12(15)19/h4-7,17-19H,1-3H3	Griseophenone C	CC1=CC(=CC(=C1C(=O)C2=C(C=C(C=C2O)OC)O)OC)O	3.0999999	23757122	SuperNatural:(SN00020820);ZINC bio:(ZINC14647533);additional;PubMed;COCONUT:(CNP0312135);Natural Products:(UNPD70377);PubChem:(23757122);CHEBI:(81997);PubChem class - bio and metabolites;KEGG:(C18836);Training Set;Biocyc:(CPD-17787)	20506978
3	1	N/A	-162.85427423373278	C16H16O6	[M + H]+	QIOQDKGWUYWYES	InChI=1S/C16H16O6/c1-22-15-7-11(18)6-13(20)16(15)14(21)8-12(19)9-2-4-10(17)5-3-9/h2-7,12,17-20H,8H2,1H3	null	COC1=CC(=CC(=C1C(=O)CC(C2=CC=C(C=C2)O)O)O)O	1.79999995	45934397	COCONUT:(CNP0121500);KNApSAcK:(14610);Natural Products:(UNPD183546);PubChem:(45934397);SuperNatural:(SN00020802 SN00020801);ZINC bio:(ZINC14641508 ZINC14641511)	3186706
4	1	N/A	-163.1489070193539	C16H16O6	[M + H]+	NJHJXXLBWQXMRO	InChI=1S/C16H16O6/c1-21-15-4-8(2-3-11(15)18)16-13(20)7-10-12(19)5-9(17)6-14(10)22-16/h2-6,13,16-20H,7H2,1H3	Symplocosidin	COC1=C(C=CC(=C1)C2C(CC3=C(C=C(C=C3O2)O)O)O)O	1.88205349	597207;14332899;11420256;91724299;124355651	HMDB:(29175 38519 41507);SuperNatural:(SN00158899 SN00270754 SN00382305);ZINC bio:(ZINC14642684);MeSH:(11420256 14332899);PubMed;COCONUT:(CNP0293110);KNApSAcK:(8809);Natural Products:(UNPD112791 UNPD101462);PubChem:(597207 14332899 11420256 91724299 124355651);YMDB Mine;CHEBI:(70254);PubChem class - bio and metabolites;Biocyc:(CPD-21288);KEGG Mine	42969639038
5	1	N/A	-168.92251107783628	C16H16O6	[M + H]+	NLCHNUHNZBPKDF	InChI=1S/C16H16O6/c1-7-14-12(20)5-9(17)6-13(14)22-16(15(7)21)8-2-3-10(18)11(19)4-8/h2-7,15-21H,1H3	2-(3,4-dihydroxyphenyl)-4-methyl-3,4-dihydro-2H-chromene-3,5,7-triol	CC1C(C(OC2=CC(=CC(=C12)O)O)C3=CC(=C(C=C3)O)O)O	1.70196605	13743135;13743136;57157561	PubChem:(13743135 13743136 57157561);HMDB:(29228)	10
6	1	N/A	-175.58577619643452	C16H16O6	[M + H]+	OENVHRUXDBVVAO	InChI=1S/C16H16O6/c1-7-6-10(19-3)14-15(11(7)18)21-12-8(2)5-9(17)13(20-4)16(12)22-14/h5-6,17-18H,1-4H3	null	CC1=CC(=C(C2=C1OC3=C(C(=CC(=C3O2)OC)C)O)OC)O	3.0	139585812	PubChem:(139585812);COCONUT:(CNP0354718)	2097154
7	1	N/A	-183.85760982593473	C16H16O6	[M + H]+	PDHSAQOQVUXZGQ	InChI=1S/C16H16O6/c1-21-15-7-10-12(19)5-9(17)6-14(10)22-16(15)8-2-3-11(18)13(20)4-8/h2-6,15-20H,7H2,1H3	Meciadanolum	COC1CC2=C(C=C(C=C2OC1C3=CC(=C(C=C3)O)O)O)O	1.88205349	47610;10380295;57772158;70994772	NORMAN:(NS00056178);COCONUT:(CNP0421875);Natural Products:(UNPD32493);PubChem:(47610 10380295 57772158 70994772);SuperNatural:(SN00347153);YMDB Mine;ZINC bio:(ZINC01845185);MeSH:(47610 10380295);PubMed;KEGG Mine	42953121862
8	1	N/A	-184.41306315118487	C16H16O6	[M + H]+	IXTAHZCXYKMOGJ	InChI=1S/C16H16O6/c1-20-10-7-12(18)15(14(8-10)22-3)16(19)9-4-5-13(21-2)11(17)6-9/h4-8,17-18H,1-3H3	null	COC1=C(C=C(C=C1)C(=O)C2=C(C=C(C=C2OC)OC)O)O	3.0	101763992	COCONUT:(CNP0298952);Natural Products:(UNPD142409);PubChem:(101763992);SuperNatural:(SN00272569)	3178498
9	1	N/A	-190.90903470088352	C16H16O6	[M + H]+	XBIKFPANRUBZAZ	InChI=1S/C16H16O6/c1-21-12-5-2-8(6-11(12)18)16-15(20)14(19)10-4-3-9(17)7-13(10)22-16/h2-7,14-20H,1H3	null	COC1=C(C=C(C=C1)C2C(C(C3=C(O2)C=C(C=C3)O)O)O)O	1.36672544	""	COCONUT:(CNP0186485);SuperNatural:(SN00030006);ZINC bio:(ZINC31167091);KEGG Mine	8593088512
10	1	N/A	-191.9046836442335	C16H16O6	[M + H]+	BBDWMQGDVLQOSW	InChI=1S/C16H16O6/c1-16(21)7-10-12(19)5-9(17)6-14(10)22-15(16)8-2-3-11(18)13(20)4-8/h2-6,15,17-21H,7H2,1H3	null	CC1(CC2=C(C=C(C=C2OC1C3=CC(=C(C=C3)O)O)O)O)O	1.71318924	23200849;57079689;71254840;71260763	PubChem:(23200849 57079689 71254840 71260763);HMDB:(29231)	10
11	1	N/A	-194.93492522729076	C16H16O6	[M + H]+	NHRMWBKZPMZJNV	InChI=1S/C16H16O6/c1-20-10-7-12(18)15(14(8-10)22-3)16(19)9-4-5-11(17)13(6-9)21-2/h4-8,17-18H,1-3H3	null	COC1=CC(=C(C(=C1)OC)C(=O)C2=CC(=C(C=C2)O)OC)O	3.0	25058783	COCONUT:(CNP0361030);Natural Products:(UNPD59679);PubChem:(25058783);SuperNatural:(SN00272985)	3178498
12	1	N/A	-196.58422902992334	C16H16O6	[M + H]+	BXDSLEIAWQTXFT	InChI=1S/C16H16O6/c1-21-9-2-3-10(12(18)6-9)11-7-22-14-5-8(17)4-13(19)15(14)16(11)20/h2-6,11,16-20H,7H2,1H3	null	COC1=CC(=C(C=C1)C2COC3=CC(=CC(=C3C2O)O)O)O	1.5	131837648	HMDB:(133839);PubChem:(131837648);KEGG Mine;PubChem class - bio and metabolites	8606711818
13	1	N/A	-198.79533214759323	C16H16O6	[M + H]+	DARAXLQGHWWAMX	InChI=1S/C16H16O6/c1-8(9-3-4-14(22-2)11(18)5-9)16(21)15-12(19)6-10(17)7-13(15)20/h3-8,17-20H,1-2H3	null	CC(C1=CC(=C(C=C1)OC)O)C(=O)C2=C(C=C(C=C2O)O)O	2.9000001	131835602	HMDB:(129337);PubChem:(131835602);PubChem class - bio and metabolites	16777226
14	1	N/A	-198.8319896117683	C16H16O6	[M + H]+	STFCZFOPCABDLB	InChI=1S/C16H16O6/c1-8(9-3-5-10(22-2)6-4-9)13(18)11-7-12(17)15(20)16(21)14(11)19/h3-8,17,19-21H,1-2H3	null	CC(C1=CC=C(C=C1)OC)C(=O)C2=CC(=C(C(=C2O)O)O)O	2.9000001	131836905	HMDB:(132882);PubChem:(131836905);PubChem class - bio and metabolites	16777226
15	1	N/A	-199.66629175403966	C16H16O6	[M + H]+	RWKSTZADJBEXSQ	InChI=1S/C16H16O6/c1-22-15-5-3-9(6-12(15)19)2-4-11(18)16-13(20)7-10(17)8-14(16)21/h3,5-8,17,19-21H,2,4H2,1H3	Ambap35400-60-3	COC1=C(C=C(C=C1)CCC(=O)C2=C(C=C(C=C2O)O)O)O	2.5999999	147608	HMDB:(128062);PubChem:(147608);additional;PubChem class - bio and metabolites;Training Set;PubMed	17317962
16	1	N/A	-203.64720149368432	C16H16O6	[M + H]+	BFBZJSHMHVLXSJ	InChI=1S/C16H16O6/c1-7(17)5-9-8(2)14(18)12-10(21-3)6-11(22-4)16(20)13(12)15(9)19/h6,20H,5H2,1-4H3	null	CC1=C(C(=O)C2=C(C1=O)C(=CC(=C2O)OC)OC)CC(=O)C	1.60000002	101278415	COCONUT:(CNP0112301);KNApSAcK:(23708);Natural Products:(UNPD29997);PubChem:(101278415);SuperNatural:(SN00362631)	3178514
17	1	N/A	-204.16920218731275	C16H16O6	[M + H]+	HPVSLIDLXZOLNS	InChI=1S/C16H16O6/c1-8(11-4-3-10(22-2)7-12(11)18)16(21)15-13(19)5-9(17)6-14(15)20/h3-8,17-20H,1-2H3	null	CC(C1=C(C=C(C=C1)OC)O)C(=O)C2=C(C=C(C=C2O)O)O	2.9000001	131837612	HMDB:(133797);PubChem:(131837612);PubChem class - bio and metabolites	16777226
18	1	N/A	-210.94012522641341	C16H16O6	[M + H]+	IAVGZTBOPFHETB	InChI=1S/C16H16O6/c1-8(10-4-3-9(22-2)5-12(10)17)16(21)11-6-14(19)15(20)7-13(11)18/h3-8,17-20H,1-2H3	null	CC(C1=C(C=C(C=C1)OC)O)C(=O)C2=CC(=C(C=C2O)O)O	2.9000001	131837600	HMDB:(133784);PubChem:(131837600);PubChem class - bio and metabolites	16777226
19	1	N/A	-211.37543516987517	C16H16O6	[M + H]+	BNOLOXUNKKENIR	InChI=1S/C16H16O6/c1-22-15-8-10(17)3-4-11(15)16(21)14(20)7-9-2-5-12(18)13(19)6-9/h2-6,8,14,17-20H,7H2,1H3	3,4,4'',alpha-Tetrahydroxy-2''-methoxydihydrochalcone	COC1=C(C=CC(=C1)O)C(=O)C(CC2=CC(=C(C=C2)O)O)O	1.79999995	42607725	COCONUT:(CNP0203736);KNApSAcK:(7950);Natural Products:(UNPD182356);PubChem:(42607725);SuperNatural:(SN00327283)	3178514
20	1	N/A	-213.03019974535076	C16H16O6	[M + H]+	LRHFZXBVDMVFCW	InChI=1S/C16H16O6/c1-16(21)5-9-13(11(18)6-16)15(20)12-8(14(9)19)3-7(22-2)4-10(12)17/h3-4,11,17-18,21H,5-6H2,1-2H3	Austrocortilutein	CC1(CC(C2=C(C1)C(=O)C3=C(C2=O)C(=CC(=C3)OC)O)O)O	0.699999988	362421;5459129;14466819;14466820;11335703;11392530	COCONUT:(CNP0177629);KNApSAcK:(36337);Natural Products:(UNPD100052 UNPD62563);PubChem:(362421 5459129 14466819 14466820 11335703 11392530);SuperNatural:(SN00293044);MeSH:(362421 5459129 11335703);PubMed	3178582
21	1	N/A	-213.35815884940945	C16H16O6	[M + H]+	CBXPGYSXAROSET	InChI=1S/C16H16O6/c1-21-16-3-8-2-9(7-22-15(8)6-14(16)20)10-4-12(18)13(19)5-11(10)17/h3-6,9,17-20H,2,7H2,1H3	null	COC1=C(C=C2C(=C1)CC(CO2)C3=CC(=C(C=C3O)O)O)O	2.20000005	131831571	HMDB:(125023);PubChem:(131831571);PubChem class - bio and metabolites	16777226
22	1	N/A	-218.8087516306339	C16H16O6	[M + H]+	RSANIRKFWVPAQS	InChI=1S/C16H16O6/c1-7(17)5-9-8(2)14(19)12-10(18)6-11(21-3)16(22-4)13(12)15(9)20/h6,18H,5H2,1-4H3	null	CC1=C(C(=O)C2=C(C1=O)C(=CC(=C2OC)OC)O)CC(=O)C	1.60000002	13846918	PubChem:(13846918);COCONUT:(CNP0340957)	2097154
23	1	N/A	-219.31557423000498	C16H16O6	[M + H]+	FGRTXNHRNOMDNM	InChI=1S/C16H16O6/c1-8(11-6-14(20)15(22-2)7-13(11)19)16(21)10-4-3-9(17)5-12(10)18/h3-8,17-20H,1-2H3	null	CC(C1=CC(=C(C=C1O)OC)O)C(=O)C2=C(C=C(C=C2)O)O	2.9000001	131837607	HMDB:(133792);PubChem:(131837607);PubChem class - bio and metabolites	16777226
24	1	N/A	-219.7495521182239	C16H16O6	[M + H]+	AAHQQIFXAQHGBD	InChI=1S/C16H16O6/c1-16(21)6-10-8(5-12(16)18)15(20)13-9(14(10)19)3-7(22-2)4-11(13)17/h3-4,12,17-18,21H,5-6H2,1-2H3	Dactylarin	CC1(CC2=C(CC1O)C(=O)C3=C(C2=O)C=C(C=C3O)OC)O	0.899999976	161389	COCONUT:(CNP0278624);KNApSAcK:(17975);Natural Products:(UNPD149124 UNPD91110);PubChem:(161389);SuperNatural:(SN00309189 SN00275822);MeSH:(161389);PubMed	3178582
25	1	N/A	-220.526462350651	C16H16O6	[M + H]+	HIDQWHJHQWDRLI	InChI=1S/C16H16O6/c1-21-16-5-11(17)10(4-14(16)20)9-2-8-3-12(18)13(19)6-15(8)22-7-9/h3-6,9,17-20H,2,7H2,1H3	null	COC1=C(C=C(C(=C1)O)C2CC3=CC(=C(C=C3OC2)O)O)O	2.20000005	131831568	HMDB:(125020);PubChem:(131831568);PubChem class - bio and metabolites	16777226
26	1	N/A	-227.56650917607575	C16H16O6	[M + H]+	JKVAKTSAMZPUMG	InChI=1S/C16H16O6/c1-22-11-7-12(18)15(13(19)8-11)16(21)14(20)6-9-2-4-10(17)5-3-9/h2-5,7-8,14,17-20H,6H2,1H3	null	COC1=CC(=C(C(=C1)O)C(=O)C(CC2=CC=C(C=C2)O)O)O	1.93619728	""	COCONUT:(CNP0219223);Natural Products:(UNPD108830);SuperNatural:(SN00399318);KEGG Mine	8593113088
27	1	N/A	-228.150430073455	C16H16O6	[M + H]+	LUAUGUQWDWMXBN	InChI=1S/C16H16O6/c1-8(9-3-5-10(22-2)6-4-9)14(19)13-11(17)7-12(18)15(20)16(13)21/h3-8,17-18,20-21H,1-2H3	null	CC(C1=CC=C(C=C1)OC)C(=O)C2=C(C(=C(C=C2O)O)O)O	2.9000001	131836176	HMDB:(129961);PubChem:(131836176);PubChem class - bio and metabolites	16777226
28	1	N/A	-228.7794148439742	C16H16O6	[M + H]+	IIKYRVBBNSRJJT	InChI=1S/C16H16O6/c1-22-15-6-9(2-4-11(15)18)3-5-12(19)16-13(20)7-10(17)8-14(16)21/h2,4,6-8,17-18,20-21H,3,5H2,1H3	null	COC1=C(C=CC(=C1)CCC(=O)C2=C(C=C(C=C2O)O)O)O	2.16994166	24785147	HMDB:(130324);PubChem:(24785147);KEGG Mine;PubChem class - bio and metabolites	8606711818
29	1	N/A	-229.28688700283857	C16H16O6	[M + H]+	PJDRPXKBIRDAFE	InChI=1S/C16H16O6/c1-7-4-9-13(16(19)22-7)15(18)12-10(14(9)17)5-8(20-2)6-11(12)21-3/h5-7,16,19H,4H2,1-3H3	null	CC1CC2=C(C(O1)O)C(=O)C3=C(C2=O)C=C(C=C3OC)OC	1.0	49765349;71619527;75274547	COCONUT:(CNP0120561);MeSH:(49765349 71619527);Natural Products:(UNPD223099);PubChem:(49765349 71619527 75274547);PubMed	2129990
30	1	N/A	-230.4938067144732	C16H16O6	[M + H]+	SLHOCXIXIQPXHH	InChI=1S/C16H16O6/c1-21-9-4-2-8(3-5-9)11-7-22-16-10(13(11)18)6-12(17)14(19)15(16)20/h2-6,11,13,17-20H,7H2,1H3	null	COC1=CC=C(C=C1)C2COC3=C(C(=C(C=C3C2O)O)O)O	1.5	131836904	HMDB:(132881);PubChem:(131836904);PubChem class - bio and metabolites	16777226
31	1	N/A	-233.54924369272058	C16H16O6	[M + H]+	XOLGBTZEMBPSRP	InChI=1S/C16H16O6/c1-21-12-6-10-13(18)11(8-2-4-9(17)5-3-8)7-22-16(10)15(20)14(12)19/h2-6,11,13,17-20H,7H2,1H3	null	COC1=C(C(=C2C(=C1)C(C(CO2)C3=CC=C(C=C3)O)O)O)O	1.5	131836899	HMDB:(132876);PubChem:(131836899);PubChem class - bio and metabolites	16777226
32	1	N/A	-233.98690126411535	C16H16O6	[M + H]+	UNJCHGHVNNQVKC	InChI=1S/C16H16O6/c1-8(9-3-5-10(17)6-4-9)13(18)11-7-12(22-2)15(20)16(21)14(11)19/h3-8,17,19-21H,1-2H3	null	CC(C1=CC=C(C=C1)O)C(=O)C2=CC(=C(C(=C2O)O)O)OC	2.9000001	131836900	HMDB:(132877);PubChem:(131836900);PubChem class - bio and metabolites	16777226
33	1	N/A	-234.87626980157054	C16H16O6	[M + H]+	SRTGAWKRXWACFD	InChI=1S/C16H16O6/c1-8-4-11(18)7-13(14(8)16(20)21-3)22-15-9(2)5-10(17)6-12(15)19/h4-7,17-19H,1-3H3	null	CC1=CC(=CC(=C1C(=O)OC)OC2=C(C=C(C=C2C)O)O)O	3.0	102495317	COCONUT:(CNP0194573);Natural Products:(UNPD225662);PubChem:(102495317)	2129922
34	1	N/A	-237.77808012296788	C16H16O6	[M + H]+	BLXSEOJIXHWXQJ	InChI=1S/C16H16O6/c1-8-4-12(18)15(19)13(5-8)22-10-6-9(2)14(11(17)7-10)16(20)21-3/h4-7,17-19H,1-3H3	Gerfelin methyl	CC1=CC(=C(C(=C1)OC2=CC(=C(C(=C2)C)C(=O)OC)O)O)O	3.5	11779786	COCONUT:(CNP0019857);PubChem:(11779786);PubMed;PubChem class - bio and metabolites	18874434
35	1	N/A	-238.35291636180563	C16H16O6	[M + H]+	XORAIIJQEIRUFP	InChI=1S/C16H16O6/c1-8(17)14-10(6-11(18)7-13(20)21)5-9-3-2-4-12(19)15(9)16(14)22/h2-4,11,18-19H,5-7H2,1H3,(H,20,21)	(S)-Chiral alcohol	CC(=O)C1=C(CC2=C(C1=O)C(=CC=C2)O)CC(CC(=O)O)O	1.0	25245282;25245283	COCONUT:(CNP0063977);PubChem:(25245282 25245283);SuperNatural:(SN00215685);CHEBI:(81700);PubChem class - bio and metabolites;KEGG:(C18354);PubMed;Biocyc:(CPD1A0-6105)	19925346
36	1	N/A	-240.24781311133034	C16H16O6	[M + H]+	RFVMVHYMAGKNDK	InChI=1S/C16H16O6/c1-8-4-9(17)5-13(21-3)16(8)15(19)14-11(18)6-10(20-2)7-12(14)22-16/h5-8,18H,4H2,1-3H3	null	CC1CC(=O)C=C(C12C(=O)C3=C(C=C(C=C3O2)OC)O)OC	1.50661218	23955862;38362226;38362230;38362234;38362238	COCONUT:(CNP0349060);PubChem:(23955862 38362226 38362230 38362234 38362238);SuperNatural:(SN00030218 SN00030220 SN00030217 SN00030219);ZINC bio:(ZINC31168534 ZINC31168538 ZINC31168542 ZINC31168546);additional;Training Set	3694594
37	1	N/A	-241.6396697334284	C16H16O6	[M + H]+	JBIYOJSWHQNJQY	InChI=1S/C16H16O6/c1-8(10-4-3-9(22-2)7-13(10)18)14(19)11-5-6-12(17)16(21)15(11)20/h3-8,17-18,20-21H,1-2H3	null	CC(C1=C(C=C(C=C1)OC)O)C(=O)C2=C(C(=C(C=C2)O)O)O	2.9000001	131837610	HMDB:(133795);PubChem:(131837610);PubChem class - bio and metabolites	16777226
38	1	N/A	-242.3866228493467	C16H16O6	[M + H]+	ANTRDHUEKKGVHT	InChI=1S/C16H16O6/c1-21-9-5-13(19)10-7-14(20)16(22-15(10)6-9)11-4-8(17)2-3-12(11)18/h2-6,14,16-20H,7H2,1H3	null	COC1=CC(=C2CC(C(OC2=C1)C3=C(C=CC(=C3)O)O)O)O	1.88205349	""	COCONUT:(CNP0147999);Natural Products:(UNPD183615);SuperNatural:(SN00351641)	3178496
39	1	N/A	-243.99278707008813	C16H16O6	[M + H]+	FOVAVVATCLFZTA	InChI=1S/C16H16O6/c1-3-21-16(20)10-5-12(22-8-10)7-14(19)15-9(2)4-11(17)6-13(15)18/h4-6,8,17-18H,3,7H2,1-2H3	Oprea1_486396	CCOC(=O)C1=COC(=C1)CC(=O)C2=C(C=C(C=C2C)O)O	2.70000005	854959	COCONUT:(CNP0254867);PubChem:(854959);SuperNatural:(SN00045364);ZINC bio:(ZINC00408893)	3153922
40	1	N/A	-244.00494025699192	C16H16O6	[M + H]+	WHASGVKEKOYBSQ	InChI=1S/C16H16O6/c1-8-4-9(17)5-13(18)16(8)15(19)14-11(21-3)6-10(20-2)7-12(14)22-16/h6-8H,4-5H2,1-3H3	null	CC1CC(=O)CC(=O)C12C(=O)C3=C(O2)C=C(C=C3OC)OC	1.70000005	71777177;124555414;124640116;124640117;124640118	COCONUT:(CNP0122062);Natural Products:(UNPD130573);PubChem:(71777177 124555414 124640116 124640117 124640118);SuperNatural:(SN00249884);additional	3702786
41	1	N/A	-244.53527409883142	C16H16O6	[M + H]+	SLBWJFGCEBOUIU	InChI=1S/C16H16O6/c1-22-16-9(3-7-13(19)15(16)21)2-5-11(17)10-4-6-12(18)14(20)8-10/h3-4,6-8,18-21H,2,5H2,1H3	null	COC1=C(C=CC(=C1O)O)CCC(=O)C2=CC(=C(C=C2)O)O	2.0	131832497	HMDB:(126051);PubChem:(131832497);PubChem class - bio and metabolites	16777226
42	1	N/A	-246.0499192457353	C16H16O6	[M + H]+	UKLAPCYGHOYTBR	InChI=1S/C16H16O6/c1-18-10-5-6-11(19-2)15-12(10)8-7-9(17)14(20-3)16(21-4)13(8)22-15/h5-7,17H,1-4H3	null	COC1=C2C3=CC(=C(C(=C3OC2=C(C=C1)OC)OC)OC)O	3.20000005	49831388	COCONUT:(CNP0259099);Natural Products:(UNPD13624);PubChem:(49831388);SuperNatural:(SN00340048);CHEBI:(70629);PubMed	3178594
43	1	N/A	-246.5720623699425	C16H16O6	[M + H]+	MPGFEHZDABUJFR	InChI=1S/C16H16O6/c17-10-2-3-11-14(6-10)22-8-16(21,15(11)20)7-9-1-4-12(18)13(19)5-9/h1-6,15,17-21H,7-8H2	sappanol	C1C(C(C2=C(O1)C=C(C=C2)O)O)(CC3=CC(=C(C=C3)O)O)O	0.899999976	13846648;13846649;13846650;138113295	COCONUT:(CNP0213251);KNApSAcK:(20451);Natural Products:(UNPD60993 UNPD157439);PubChem:(13846648 13846649 13846650 138113295);SuperNatural:(SN00158462 SN00158461);PubMed	3178578
44	1	N/A	-247.71818950564418	C16H16O6	[M + H]+	FBJVDZSTNKDIMK	InChI=1S/C16H16O6/c1-21-8-2-3-9(12(17)4-8)11-7-22-15-6-14(19)13(18)5-10(15)16(11)20/h2-6,11,16-20H,7H2,1H3	null	COC1=CC(=C(C=C1)C2COC3=CC(=C(C=C3C2O)O)O)O	1.5	131837599	HMDB:(133783);PubChem:(131837599);KEGG Mine;PubChem class - bio and metabolites	8606711818
45	1	N/A	-248.0928625349019	C16H16O6	[M + H]+	RUVOJDPVEXIMCC	InChI=1S/C16H16O6/c1-19-13-8-12(9-14(20-2)15(13)21-3)22-11-6-4-10(5-7-11)16(17)18/h4-9H,1-3H3,(H,17,18)	null	COC1=CC(=CC(=C1OC)OC)OC2=CC=C(C=C2)C(=O)O	2.90075016	86288253	MeSH:(86288253);PubChem:(86288253);PubMed	70
46	1	N/A	-248.1990970792087	C16H16O6	[M + H]+	WASNBVDBYSQBPH	InChI=1S/C16H16O6/c1-19-11-5-9(6-12(20-2)15(11)17)10-7-13(21-3)16(18)14(8-10)22-4/h5-8H,1-4H3	Cerulignone	COC1=CC(=C2C=C(C(=O)C(=C2)OC)OC)C=C(C1=O)OC	1.89999998	136320	PubChem class - safety and toxic;Training Set;PubChem:(136320);CHEBI:(55496);Biocyc:(CPD-19233)	67127330
47	1	N/A	-250.50686374552458	C16H16O6	[M + H]+	MQWLANHTCHDMAR	InChI=1S/C16H16O6/c1-16(19)6-10-11(7-22-16)15(18)13-9(14(10)17)4-8(20-2)5-12(13)21-3/h4-5,19H,6-7H2,1-3H3	Herbarin	CC1(CC2=C(CO1)C(=O)C3=C(C2=O)C=C(C=C3OC)OC)O	0.800000012	3084629;44445721;92477800	COCONUT:(CNP0197518);KNApSAcK:(18803);Natural Products:(UNPD10652);PubChem:(3084629 44445721 92477800);SuperNatural:(SN00264135);MeSH:(3084629);PubMed	3178582
48	1	N/A	-250.6798118998121	C16H16O6	[M + H]+	NCZLBAQSAOHFSH	InChI=1S/C16H16O6/c1-22-10-5-2-9(3-6-10)4-7-11(17)14-12(18)8-13(19)15(20)16(14)21/h2-3,5-6,8,18-21H,4,7H2,1H3	null	COC1=CC=C(C=C1)CCC(=O)C2=C(C(=C(C=C2O)O)O)O	2.5999999	131836367	HMDB:(130171);PubChem:(131836367);PubChem class - bio and metabolites	16777226
49	1	N/A	-252.58901095043848	C16H16O6	[M + H]+	GTCSLCFHBRXPGV	InChI=1S/C16H16O6/c1-21-16-11(18)7-6-10-12(19)13(20)14(22-15(10)16)8-2-4-9(17)5-3-8/h2-7,12-14,17-20H,1H3	Ortin-4alpha-ol 8-methyl ether	COC1=C(C=CC2=C1OC(C(C2O)O)C3=CC=C(C=C3)O)O	1.0	44257146;44257147	COCONUT:(CNP0289060);KNApSAcK:(9007);Natural Products:(UNPD40272 UNPD132352);PubChem:(44257146 44257147);SuperNatural:(SN00352463 SN00250862)	3178514
50	1	N/A	-252.68151296890335	C16H16O6	[M + H]+	JMTXEMBNMZVXNM	InChI=1S/C16H16O6/c1-21-15-6-12(18)10(5-13(15)19)11-7-22-14-4-8(17)2-3-9(14)16(11)20/h2-6,11,16-20H,7H2,1H3	null	COC1=C(C=C(C(=C1)O)C2COC3=C(C2O)C=CC(=C3)O)O	1.5	131837606	HMDB:(133791);PubChem:(131837606);KEGG Mine;PubChem class - bio and metabolites	8606711818
51	1	N/A	-255.5581338235518	C16H16O6	[M + H]+	YRHMQKSNPQNHRN	InChI=1S/C16H16O6/c1-21-14-4-3-9(6-15(14)22-2)5-11(18)16-12(19)7-10(17)8-13(16)20/h3-4,6-8,17,19-20H,5H2,1-2H3	Oprea1_722105	COC1=C(C=C(C=C1)CC(=O)C2=C(C=C(C=C2O)O)O)OC	2.1304574	804849	COCONUT:(CNP0109844);PubChem:(804849);SuperNatural:(SN00143896);CHEBI:(120760);ZINC bio:(ZINC00313887);PubMed	3154018
52	1	N/A	-258.618686953619	C16H16O6	[M + H]+	OGOIZYWBRFLXSY	InChI=1S/C16H16O6/c1-8(9-3-5-10(17)6-4-9)14(20)13-11(18)7-12(19)16(22-2)15(13)21/h3-8,17-19,21H,1-2H3	null	CC(C1=CC=C(C=C1)O)C(=O)C2=C(C(=C(C=C2O)O)OC)O	2.9000001	131836909	HMDB:(132887);PubChem:(131836909);PubChem class - bio and metabolites	16777226
53	1	N/A	-261.5135681615641	C16H16O6	[M + H]+	BKOGKSGPRCNIDC	InChI=1S/C16H16O6/c1-7-4-9-13(16(19)22-7)15(18)12-10(14(9)17)5-8(20-2)6-11(12)21-3/h4-6,9,13,16,19H,1-3H3	1-hydroxydehydroherbarin	CC1=CC2C(C(O1)O)C(=O)C3=C(C2=O)C=C(C=C3OC)OC	1.29999995	46906565	COCONUT:(CNP0334197);PubChem:(46906565);PubMed	2097218
54	1	N/A	-261.997573715451	C16H16O6	[M + H]+	OVJTYOFGXFIALO	InChI=1S/C16H16O6/c1-8(10-5-6-13(22-2)16(21)15(10)20)14(19)11-4-3-9(17)7-12(11)18/h3-8,17-18,20-21H,1-2H3	null	CC(C1=C(C(=C(C=C1)OC)O)O)C(=O)C2=C(C=C(C=C2)O)O	2.9000001	131837605	HMDB:(133790);PubChem:(131837605);PubChem class - bio and metabolites	16777226
55	1	N/A	-265.8006297009694	C16H16O6	[M + H]+	HQKIIOWNMKFPFB	InChI=1S/C16H16O6/c1-21-8-2-3-9(13(18)6-8)11-7-22-16-10(14(11)19)4-5-12(17)15(16)20/h2-6,11,14,17-20H,7H2,1H3	null	COC1=CC(=C(C=C1)C2COC3=C(C2O)C=CC(=C3O)O)O	1.5	131837609	HMDB:(133794);PubChem:(131837609);KEGG Mine;PubChem class - bio and metabolites	8606711818
56	1	N/A	-269.5248526910893	C16H16O6	[M + H]+	IRONHSFDHVKJAJ	InChI=1S/C16H16O6/c1-7-13-10(5-8(22-7)6-12(18)19)15(20)9-3-2-4-11(17)14(9)16(13)21/h2-4,7-8,10,13,17H,5-6H2,1H3,(H,18,19)	null	CC1C2C(CC(O1)CC(=O)O)C(=O)C3=C(C2=O)C(=CC=C3)O	1.39999998	9972280;129902203	COCONUT:(CNP0316001);Natural Products:(UNPD75387);PubChem:(9972280 129902203);KEGG Mine	8592064514
57	1	N/A	-270.935121839069	C16H16O6	[M + H]+	ZUMWPOBUQWYISM	InChI=1S/C16H16O6/c1-18-9-7-5-6-8-10-13(19-2)11(17)15(20-3)16(21-4)14(10)22-12(8)9/h5-7,17H,1-4H3	6-Methoxy-alpha-pyrufuran	COC1=CC=CC2=C1OC3=C2C(=C(C(=C3OC)OC)O)OC	3.20000005	441795	COCONUT:(CNP0133590);HMDB:(41294);KNApSAcK:(2401);Natural Products:(UNPD191151);PubChem:(441795);SuperNatural:(SN00257827);CHEBI:(2209);PubChem class - bio and metabolites;KEGG:(C08761)	19956026
58	1	N/A	-271.6310045153568	C16H16O6	[M + H]+	BPAJYCPZCVWTTL	InChI=1S/C16H16O6/c1-21-12-5-3-10(13(18)15(12)20)9-6-8-2-4-11(17)14(19)16(8)22-7-9/h2-5,9,17-20H,6-7H2,1H3	(3R)-3'',8-Dihydroxyvestitol	COC1=C(C(=C(C=C1)C2CC3=C(C(=C(C=C3)O)O)OC2)O)O	2.20000005	14353659;14353660	COCONUT:(CNP0366521);KNApSAcK:(10032);Natural Products:(UNPD140923);PubChem:(14353659 14353660);SuperNatural:(SN00328646);PubMed	3178578
59	1	N/A	-278.67951820010217	C16H16O6	[M + H]+	KFJURKSPWBQUFA	InChI=1S/C16H16O6/c1-21-10-6-11(18)15-12(19)8-14(22-13(15)7-10)16(20)4-2-9(17)3-5-16/h6-8,18,20H,2-5H2,1H3	null	COC1=CC(=C2C(=C1)OC(=CC2=O)C3(CCC(=O)CC3)O)O	1.47809303	""	COCONUT:(CNP0298474);Natural Products:(UNPD171327);SuperNatural:(SN00370693)	3178496
60	1	N/A	-280.82550446129085	C16H16O6	[M + H]+	XDFGVAVOCNAUJB	InChI=1S/C16H16O6/c1-8-4-9(17)7-13(21-3)16(8)15(19)14-11(20-2)5-10(18)6-12(14)22-16/h5-8,18H,4H2,1-3H3	null	CC1CC(=O)C=C(C12C(=O)C3=C(O2)C=C(C=C3OC)O)OC	1.50661218	137636924	COCONUT:(CNP0121055);Natural Products:(UNPD222352);PubChem:(137636924)	2129922
61	1	N/A	-281.1162101920877	C16H16O6	[M + H]+	MVMZZMXIMHRETI	InChI=1S/C16H16O6/c1-8(2)13(18)14(19)12-15-9(5-6-11(17)22-15)7-10(20-3)16(12)21-4/h5-7,14,19H,1H2,2-4H3	null	CC(=C)C(=O)C(C1=C2C(=CC(=C1OC)OC)C=CC(=O)O2)O	2.22470117	""	COCONUT:(CNP0360024)	2097152
62	1	N/A	-281.5623696065993	C16H16O6	[M + H]+	HIIVTQUVGCJQCN	InChI=1S/C16H16O6/c1-8-2-3-10(17)6-13-16(20)15-9(5-14(19)21-8)4-11(18)7-12(15)22-13/h4,7-8,13,18H,2-3,5-6H2,1H3	null	CC1CCC(=O)CC2C(=O)C3=C(CC(=O)O1)C=C(C=C3O2)O	1.20000005	50923046;139585804	COCONUT:(CNP0260531);Natural Products:(UNPD136989);PubChem:(50923046 139585804);SuperNatural:(SN00263935)	3178498
63	1	N/A	-282.4204499116551	C16H16O6	[M + H]+	QFVUWPJXYMYLLE	InChI=1S/C16H16O6/c1-9-5-13(19)16-10(3-2-4-14(16)22-9)6-11(17)7-12(18)8-15(20)21/h2-5,12,18H,6-8H2,1H3,(H,20,21)	null	CC1=CC(=O)C2=C(C=CC=C2O1)CC(=O)CC(CC(=O)O)O	0.400000006	75411953	COCONUT:(CNP0107657);Training Set;PubChem:(75411953);additional	2637826
64	1	N/A	-284.2725994503527	C16H16O6	[M + H]+	XHDBNNITLMCRAU	InChI=1S/C16H16O6/c1-8-6-12(18)16(2,21)15(20)13(8)14(19)10-5-4-9(22-3)7-11(10)17/h4-7,17,19,21H,1-3H3	null	CC1=CC(=O)C(C(=O)C1=C(C2=C(C=C(C=C2)OC)O)O)(C)O	1.5	24824761	COCONUT:(CNP0235308);KNApSAcK:(34102);Natural Products:(UNPD107143);PubChem:(24824761);SuperNatural:(SN00251330);MeSH:(24824761);PubMed	3178582
65	1	N/A	-284.51028880925475	C16H16O6	[M + H]+	HVGYQZKRIFTNOS	InChI=1S/C16H16O6/c1-21-12-5-4-9(15(19)16(12)20)11-7-22-13-6-8(17)2-3-10(13)14(11)18/h2-6,11,14,17-20H,7H2,1H3	null	COC1=C(C(=C(C=C1)C2COC3=C(C2O)C=CC(=C3)O)O)O	1.5	131837604	HMDB:(133789);PubChem:(131837604);KEGG Mine;PubChem class - bio and metabolites	8606711818
66	1	N/A	-287.15998342828465	C16H16O6	[M + H]+	NUNJCHKNADZUSZ	InChI=1S/C16H16O6/c1-18-11-7-9-8-5-6-10(17)14(19-2)12(8)22-13(9)16(21-4)15(11)20-3/h5-7,17H,1-4H3	beta-Cotonefuran	COC1=C(C(=C2C(=C1)C3=C(O2)C(=C(C=C3)O)OC)OC)OC	3.20000005	441781	COCONUT:(CNP0231927);KNApSAcK:(2394);Natural Products:(UNPD33033);PubChem:(441781);SuperNatural:(SN00394214);CHEBI:(10361);KEGG:(C08740)	3178802
67	1	N/A	-288.0238687078331	C16H16O6	[M + H]+	LZANLLUZMDVZIR	InChI=1S/C16H16O6/c1-22-13-7-9(5-6-11(13)17)3-2-4-10-8-12(18)15(20)16(21)14(10)19/h5-8,17,20-21H,2-4H2,1H3	null	COC1=C(C=CC(=C1)CCCC2=CC(=O)C(=C(C2=O)O)O)O	2.05490041	""	COCONUT:(CNP0392256);Natural Products:(UNPD213013)	2129920
68	1	N/A	-288.05500909616285	C16H16O6	[M + H]+	NMWOPEGXVGPYLC	InChI=1S/C16H16O6/c1-6-16(2,3)10-11(18)7-5-8(17)14(21-4)12(19)9(7)13(20)15(10)22-6/h5-6,17,19H,1-4H3	(2R)-6,8-dihydroxy-7-methoxy-2,3,3-trimethyl-2H-benzo[f][1]benzofuran-4,9-dione	CC1C(C2=C(O1)C(=O)C3=C(C(=C(C=C3C2=O)O)OC)O)(C)C	2.79999995	11208908;44583938	COCONUT:(CNP0331566);KNApSAcK:(42017);Natural Products:(UNPD96510);PubChem:(11208908 44583938);SuperNatural:(SN00345768);PubMed	3178578
69	1	N/A	-288.21992891259794	C16H16O6	[M + H]+	CDYAPEISKFWCSO	InChI=1S/C16H16O6/c1-9-7-13(18)15(16(20)22-9)12(8-14(19)21-2)10-3-5-11(17)6-4-10/h3-7,12,17-18H,8H2,1-2H3	null	CC1=CC(=C(C(=O)O1)C(CC(=O)OC)C2=CC=C(C=C2)O)O	1.70000005	100004296;100004300;102565105	PubChem:(100004296 100004300 102565105);COCONUT:(CNP0317666)	2097154
70	1	N/A	-289.0039395448584	C16H16O6	[M + H]+	VLKSTOXYUPUMDY	InChI=1S/C16H16O6/c1-21-10-4-8-3-9-6-16(20,22-2)7-12(18)14(9)15(19)13(8)11(17)5-10/h3-5,17,19-20H,6-7H2,1-2H3	null	COC1=CC(=C2C(=C1)C=C3CC(CC(=O)C3=C2O)(O)OC)O	1.5562582	""	COCONUT:(CNP0392312)	2097152
71	1	N/A	-291.70739913602785	C16H16O6	[M + H]+	ZYTKFYQKQVYVMW	InChI=1S/C16H16O6/c1-16(19)7-10(17)14-12(22-16)5-8-4-9(20-2)6-11(21-3)13(8)15(14)18/h4-6,18-19H,7H2,1-3H3	Fonsecin B	CC1(CC(=O)C2=C(C3=C(C=C(C=C3C=C2O1)OC)OC)O)O	2.4000001	160596	COCONUT:(CNP0285776);HMDB:(33866);KNApSAcK:(34518);Natural Products:(UNPD19597);PubChem:(160596);SuperNatural:(SN00367586);CHEBI:(133825);PubChem class - bio and metabolites;MeSH:(160596);PubMed	19955838
72	1	N/A	-295.8723006570197	C16H16O6	[M + H]+	HRWHMMDDURCHGK	InChI=1S/C16H16O6/c1-8-4-9(17)5-13(21-3)16(8)15(19)11-6-10(20-2)7-12(18)14(11)22-16/h4-7,15,18-19H,1-3H3	3,7-dihydroxy-3'',5-dimethoxy-5''-methylspiro[3H-1-benzofuran-2,4''-cyclohexa-2,5-diene]-1''-one	CC1=CC(=O)C=C(C12C(C3=C(O2)C(=CC(=C3)OC)O)O)OC	0.300000012	21123958	COCONUT:(CNP0289993);Natural Products:(UNPD25080);PubChem:(21123958);SuperNatural:(SN00394149)	3178498
73	1	N/A	-296.62132606243074	C16H16O6	[M + H]+	FVRXJARCVLXBHQ	InChI=1S/C16H16O6/c1-8-2-3-11(18)13-7-12(19)16-9(5-15(20)21-8)4-10(17)6-14(16)22-13/h4,6,8,13,17H,2-3,5,7H2,1H3	null	CC1CCC(=O)C2CC(=O)C3=C(O2)C=C(C=C3CC(=O)O1)O	1.67950857	""	COCONUT:(CNP0290806);Natural Products:(UNPD160159);SuperNatural:(SN00385230)	3178496
74	1	N/A	-297.68312826436545	C16H16O6	[M + H]+	DXMUHVKMWHWKJE	InChI=1S/C16H16O6/c17-12-3-1-10(7-14(12)19)5-6-22-16(21)9-11-2-4-13(18)15(20)8-11/h1-4,7-8,17-20H,5-6,9H2	blapsin A	C1=CC(=C(C=C1CCOC(=O)CC2=CC(=C(C=C2)O)O)O)O	2.20000005	60168275	COCONUT:(CNP0277422);MeSH:(60168275);Natural Products:(UNPD228519);PubChem:(60168275);PubMed	2129990
75	1	N/A	-297.8262678206404	C16H16O6	[M + H]+	HPXOAMDIGYRPAV	InChI=1S/C16H16O6/c1-8(22-9(2)17)7-11-14(18)10-5-4-6-12(21-3)13(10)16(20)15(11)19/h4-6,8,18H,7H2,1-3H3	null	CC(CC1=C(C2=C(C(=CC=C2)OC)C(=O)C1=O)O)OC(=O)C	1.39999998	25015672;25111914	COCONUT:(CNP0314121);Natural Products:(UNPD72871);PubChem:(25015672 25111914)	2129922
76	1	N/A	-298.63691974947824	C16H16O6	[M + H]+	HEYHCMCQFQCMHQ	InChI=1S/C16H16O6/c1-9(17)20-16(14-11(19-2)8-12(18)21-14)15-13(22-15)10-6-4-3-5-7-10/h3-8,13-16H,1-2H3	null	CC(=O)OC(C1C(O1)C2=CC=CC=C2)C3C(=CC(=O)O3)OC	1.39697731	""	COCONUT:(CNP0052863);SuperNatural:(SN00033059 SN00033058 SN00033061 SN00033060)	3145728
77	1	N/A	-298.7148079521643	C16H16O6	[M + H]+	KZHINHKWQXDQQG	InChI=1S/C16H16O6/c1-16(2,19)14(17)8-21-13-7-20-12-6-11-9(5-10(12)13)3-4-15(18)22-11/h3-7,14,17,19H,8H2,1-2H3	null	CC(C)(C(COC1=COC2=C1C=C3C=CC(=O)OC3=C2)O)O	1.89753687	""	COCONUT:(CNP0355343);Natural Products:(UNPD125392);SuperNatural:(SN00259210)	3178496
78	1	N/A	-299.04760680543006	C16H16O6	[M + H]+	ZNTHRAKVMVVXDE	InChI=1S/C16H16O6/c1-9(17)3-2-4-12-8-14(20)16-10(6-15(21)22-12)5-11(18)7-13(16)19/h2,4-5,7-9,17-19H,3,6H2,1H3	null	CC(CC=CC1=CC(=O)C2=C(CC(=O)O1)C=C(C=C2O)O)O	1.89999998	73213228;139585599	PubChem:(73213228 139585599);COCONUT:(CNP0356026)	2097154
79	1	N/A	-299.77001308906773	C16H16O6	[M + H]+	AVCGITHTVVCODM	InChI=1S/C16H16O6/c1-7-4-8-5-9-13(15(18)12(8)16(19)22-7)10(20-2)6-11(21-3)14(9)17/h5-7,17-18H,4H2,1-3H3	null	CC1CC2=CC3=C(C(=CC(=C3O)OC)OC)C(=C2C(=O)O1)O	2.54505396	""	COCONUT:(CNP0336775)	2097152
80	1	N/A	-303.4366809719117	C16H16O6	[M + H]+	BVPOAVLPXJZNAR	InChI=1S/C16H16O6/c1-20-13-8-7-12(18)15(21-2)14(13)16(19)22-9-10-3-5-11(17)6-4-10/h3-8,17-18H,9H2,1-2H3	null	COC1=C(C(=C(C=C1)O)OC)C(=O)OCC2=CC=C(C=C2)O	2.45576215	""	COCONUT:(CNP0240982);Natural Products:(UNPD125560)	2129920
81	1	N/A	-304.75345862827453	C16H16O6	[M + H]+	YIEUIGLDTPWIHC	InChI=1S/C16H16O6/c1-16(21)14-9(6-10(22-16)7-12(18)19)5-8-3-2-4-11(17)13(8)15(14)20/h2-4,10,17,21H,5-7H2,1H3,(H,18,19)	(S)-Hemiketal	CC1(C2=C(CC(O1)CC(=O)O)CC3=C(C2=O)C(=CC=C3)O)O	0.899999976	25244625;25244626	COCONUT:(CNP0092909);PubChem:(25244625 25244626);SuperNatural:(SN00215686);CHEBI:(81702);PubChem class - bio and metabolites;KEGG:(C18356);PubMed;Biocyc:(CPD1A0-6106)	19925346
82	1	N/A	-304.75582497651243	C16H16O6	[M + H]+	VSGFBPIYWISBQE	InChI=1S/C16H16O6/c1-18-12-6-11(22-16(17)7-12)4-3-10-5-14-15(21-9-20-14)8-13(10)19-2/h5-8H,3-4,9H2,1-2H3	null	COC1=CC(=O)OC(=C1)CCC2=CC3=C(C=C2OC)OCO3	3.15292811	""	COCONUT:(CNP0199459);Natural Products:(UNPD113559);SuperNatural:(SN00285857)	3178496
83	1	N/A	-308.67141194078306	C16H16O6	[M + H]+	WGFDLIZVKZIQDW	InChI=1S/C16H16O6/c1-7-4-8-5-9-13(14(18)12(8)16(19)22-7)10(17)6-11(20-2)15(9)21-3/h5-7,17-18H,4H2,1-3H3	null	CC1CC2=CC3=C(C(=CC(=C3OC)OC)O)C(=C2C(=O)O1)O	2.54505396	""	COCONUT:(CNP0319764)	2097152
84	1	N/A	-310.56908383006396	C16H16O6	[M + H]+	ONWLKYDUFHFKBW	InChI=1S/C16H16O6/c1-16(2,19)13(17)8-21-15-11-6-12-9(3-4-14(18)22-12)5-10(11)7-20-15/h3-7,13,17,19H,8H2,1-2H3	null	CC(C)(C(COC1=C2C=C3C(=CC2=CO1)C=CC(=O)O3)O)O	2.14247584	""	COCONUT:(CNP0240494);Natural Products:(UNPD147183)	2129920
85	1	N/A	-311.19626861030883	C16H16O6	[M + H]+	NYNXOFWTDABETP	InChI=1S/C16H16O6/c1-19-11-7-3-5-9-13(11)21-16(15(17)18)22-14-10-6-4-8-12(14)20-2/h3-10,16H,1-2H3,(H,17,18)	Bis(o-methoxyphenoxy)acetic acid	COC1=CC=CC=C1OC(C(=O)O)OC2=CC=CC=C2OC	3.20000005	34705	PubChem:(34705);PubChem class - safety and toxic	67108866
86	1	N/A	-313.32761394918447	C16H16O6	[M + H]+	UPAXPVBWMZTOBI	InChI=1S/C16H16O6/c1-9(18)5-10-6-11(21-2)7-15-16(10)13(20)8-14(22-15)12(19)3-4-17/h6-8,17H,3-5H2,1-2H3	siamchromones B	CC(=O)CC1=C2C(=CC(=C1)OC)OC(=CC2=O)C(=O)CCO	0.300000012	71449766	COCONUT:(CNP0119508);Natural Products:(UNPD229464);PubChem:(71449766);PubMed	2129986
87	1	N/A	-314.6937438383489	C16H16O6	[M + H]+	JFRPOXQFKDIZLO	InChI=1S/C16H16O6/c1-6-4-8-5-9-11(13(18)10(8)7(2)22-6)14(19)15(20)16(21-3)12(9)17/h5-7,17-18H,4H2,1-3H3	Ventiloquinone I	CC1CC2=CC3=C(C(=C2C(O1)C)O)C(=O)C(=O)C(=C3O)OC	1.70000005	14523293	PubChem:(14523293);COCONUT:(CNP0348979)	2097154
88	1	N/A	-314.7970064552879	C16H16O6	[M + H]+	GTBYFJITPRWOBT	InChI=1S/C16H16O6/c1-3-21-15(19)11-12(16(20)22-4-2)14(18)10-8-6-5-7-9(10)13(11)17/h5-8,17-18H,3-4H2,1-2H3	Rubidate	CCOC(=O)C1=C(C2=CC=CC=C2C(=C1C(=O)OCC)O)O	4.0	43109	MeSH:(43109);PubChem class - safety and toxic;PubChem:(43109);PubMed	67108934
89	1	N/A	-317.0236780669026	C16H16O6	[M + H]+	GUTJOSVGVKUWBC	InChI=1S/C16H16O6/c1-9(17)8-21-11-4-5-12-10(2)13(7-15(18)20-3)16(19)22-14(12)6-11/h4-6H,7-8H2,1-3H3	methyl 2-[4-methyl-2-oxo-7-(2-oxopropoxy)chromen-3-yl]acetate	CC1=C(C(=O)OC2=C1C=CC(=C2)OCC(=O)C)CC(=O)OC	1.29999995	906810	COCONUT:(CNP0373397);PubChem:(906810);SuperNatural:(SN00046153);ZINC bio:(ZINC00488657)	3153922
90	1	N/A	-319.63059993843905	C16H16O6	[M + H]+	CRYMFGQAFXDXLP	InChI=1S/C16H16O6/c1-8(2)14(18)15(19)13-11(21-4)7-10(20-3)9-5-6-12(17)22-16(9)13/h5-8H,1-4H3	null	CC(C)C(=O)C(=O)C1=C(C=C(C2=C1OC(=O)C=C2)OC)OC	2.20000005	101914296	COCONUT:(CNP0311291);PubChem:(101914296);PubMed	2097218
91	1	N/A	-320.1466867195254	C16H16O6	[M + H]+	KXEJCMRLSGMAAK	InChI=1S/C16H16O6/c1-9(15(18)21-3)4-5-11-8-10-6-7-12(20-2)13(17)14(10)22-16(11)19/h4,6-8,17H,5H2,1-3H3	null	CC(=CCC1=CC2=C(C(=C(C=C2)OC)O)OC1=O)C(=O)OC	2.5	11109471	COCONUT:(CNP0110811);KNApSAcK:(45362);Natural Products:(UNPD51956);PubChem:(11109471);SuperNatural:(SN00362947)	3178514
92	1	N/A	-322.6712155511481	C16H16O6	[M + H]+	RJXOSQLCSZVLMS	InChI=1S/C16H16O6/c1-21-10-6-11(18)15-12(19)8-14(22-13(15)7-10)16(20)4-2-9(17)3-5-16/h2,4,6-9,17-18,20H,3,5H2,1H3	null	COC1=CC(=C2C(=C1)OC(=CC2=O)C3(CCC(C=C3)O)O)O	1.40032434	""	COCONUT:(CNP0232507);Natural Products:(UNPD138366);SuperNatural:(SN00325692)	3178496
93	1	N/A	-322.72689654931196	C16H16O6	[M + H]+	HXSZKRRJAFIQEN	InChI=1S/C16H16O6/c1-8-6-7-9-13(18)12-10(17)4-3-5-11(12)22-16(9,14(8)19)15(20)21-2/h3-5,7-8,14,17,19H,6H2,1-2H3	null	CC1CC=C2C(=O)C3=C(C=CC=C3OC2(C1O)C(=O)OC)O	2.70000005	122380349	PubChem:(122380349);COCONUT:(CNP0390386)	2097154
94	1	N/A	-327.5565145950264	C16H16O6	[M + H]+	MZQDVARUQLLSGL	InChI=1S/C16H16O6/c1-8-6-12(18)22-15(8)9(7-17)16-14(19)13-10(20-2)4-3-5-11(13)21-16/h3-5,8,15,17H,6-7H2,1-2H3	Photinide A	CC1CC(=O)OC1C(=C2C(=O)C3=C(O2)C=CC=C3OC)CO	1.5	44140404;44140405;66575598;66575599;66575600;66575606;101556721;101556722	COCONUT:(CNP0418264);KNApSAcK:(48057);Natural Products:(UNPD220791 UNPD16346 UNPD127593 UNPD216544 UNPD218685 UNPD222913);PubChem:(44140404 44140405 66575598 66575599 66575600 66575606 101556721 101556722);SuperNatural:(SN00374007 SN00371250);PubMed	3178578
95	1	N/A	-328.62872415234324	C16H16O6	[M + H]+	WQOVRWDYUAOMSS	InChI=1S/C16H16O6/c1-9-7-13(18)15(20)16(22-9)12(8-14(19)21-2)10-3-5-11(17)6-4-10/h3-7,12,17,20H,8H2,1-2H3	null	CC1=CC(=O)C(=C(O1)C(CC(=O)OC)C2=CC=C(C=C2)O)O	1.5	71826578;97424566;97424567	PubChem:(71826578 97424566 97424567);COCONUT:(CNP0378544)	2097154
96	1	N/A	-328.63877190792925	C16H16O6	[M + H]+	YRPOEHNJJZOQJH	InChI=1S/C16H16O6/c17-9-13-5-1-2-6-14(13,10(18)21-9)16-8-4-3-7-15(13,16)11(19)22-12(16)20/h1-8H2	Octahydrobiphenylene-4a,8b:4b,8a-tetracarboxylic Dianhydride	C1CCC23C(=O)OC(=O)C2(C1)C45C3(CCCC4)C(=O)OC5=O	1.20000005	53384377	PubChem:(53384377);PubChem class - safety and toxic	67108866
97	1	N/A	-331.5682583376068	C16H16O6	[M + H]+	CLTUXUGTKSQSBM	InChI=1S/C16H16O6/c1-8(17)20-15-14(19)10-6-9-4-5-13(18)21-11(9)7-12(10)22-16(15,2)3/h4-7,14-15,19H,1-3H3	[(3S,4R)-4-hydroxy-2,2-dimethyl-8-oxo-3,4-dihydropyrano[3,2-g]chromen-3-yl] acetate	CC(=O)OC1C(C2=C(C=C3C(=C2)C=CC(=O)O3)OC1(C)C)O	1.39999998	5320881	COCONUT:(CNP0149868);Natural Products:(UNPD181799);PubChem:(5320881);SuperNatural:(SN00158427)	3178498
98	1	N/A	-332.0469773487573	C16H16O6	[M + H]+	NOOSYYOKYXJNMX	InChI=1S/C16H16O6/c17-11-3-4-15(10(5-11)7-14(20)21-15)16-8-12(18)2-1-9(16)6-13(19)22-16/h1-4,6,10-12,17-18H,5,7-8H2	null	C1C2CC(=O)OC2(C=CC1O)C34CC(C=CC3=CC(=O)O4)O	0.165684789	""	COCONUT:(CNP0169348);Natural Products:(UNPD197168 UNPD64864);SuperNatural:(SN00383476 SN00312518)	3178496
99	1	N/A	-335.02476582998963	C16H16O6	[M + H]+	PEWFWDOPJISUOK	InChI=1S/C16H16O6/c1-16(2,19)13(17)8-21-15-9-3-4-14(18)22-12(9)7-11-10(15)5-6-20-11/h3-7,13,17,19H,8H2,1-2H3	Prawgol	CC(C)(C(COC1=C2C=CC(=O)OC2=CC3=C1C=CO3)O)O	1.60000002	17536;899657;483513	SuperNatural:(SN00001517 SN00001518);ZINC bio:(ZINC00477938 ZINC00477939);additional;MeSH:(17536);PubMed;COCONUT:(CNP0162174 CNP0419766);KNApSAcK:(30905);Natural Products:(UNPD170538 UNPD33191);PubChem:(17536 899657 483513);CHEBI:(69829);PubChem class - safety and toxic;Training Set;KEGG Mine	8660770934
100	1	N/A	-335.04582113041937	C16H16O6	[M + H]+	VWHXRHUUNCIKQF	InChI=1S/C16H16O6/c1-6-4-8-5-9-11(13(18)10(8)7(2)22-6)14(19)15(20)16(21-3)12(9)17/h5-7,18,20H,4H2,1-3H3	null	CC1CC2=CC3=C(C(=C2C(O1)C)O)C(=O)C(=C(C3=O)OC)O	2.20000005	136117849	COCONUT:(CNP0347889);KNApSAcK:(46496);Natural Products:(UNPD28573 UNPD32465);PubChem:(136117849);SuperNatural:(SN00273846);PubMed	3178578
101	1	N/A	-336.80101195391984	C16H16O6	[M + H]+	AEQWZEXCJNIZCE	InChI=1S/C16H16O6/c1-6(2)8-5-9(17)11(16(20)21)12-10(8)13(18)7(3)15(22-4)14(12)19/h5-6,17H,1-4H3,(H,20,21)	null	CC1=C(C(=O)C2=C(C1=O)C(=CC(=C2C(=O)O)O)C(C)C)OC	2.9000001	23642718	COCONUT:(CNP0238614);Natural Products:(UNPD198291);PubChem:(23642718)	2129922
102	1	N/A	-337.4101936590616	C16H16O6	[M + H]+	VOYTXVCFUOMPAS	InChI=1S/C16H16O6/c1-9(15(18)21-3)4-5-11-8-10-6-7-12(17)14(20-2)13(10)22-16(11)19/h4,6-8,17H,5H2,1-3H3	null	CC(=CCC1=CC2=C(C(=C(C=C2)O)OC)OC1=O)C(=O)OC	2.5	10990334	COCONUT:(CNP0291874);KNApSAcK:(45363);Natural Products:(UNPD11973);PubChem:(10990334);SuperNatural:(SN00378169)	3178514
103	1	N/A	-337.4155247313743	C16H16O6	[M + H]+	JBCKGCYMPSIBNE	InChI=1S/C16H16O6/c1-7-11(8(2)17)16-12-9(21-6-22-16)5-10(19-3)15(20-4)13(12)14(7)18/h5,18H,6H2,1-4H3	null	CC1=C(C2=C3C(=CC(=C2OC)OC)OCOC3=C1C(=O)C)O	2.55871367	""	COCONUT:(CNP0371672);Natural Products:(UNPD61473);SuperNatural:(SN00281151)	3178496
104	1	N/A	-338.072926659109	C16H16O6	[M + H]+	IPUBQCBQSUVXEV	InChI=1S/C16H16O6/c1-8(17)20-14-12-10(22-16(2,3)15(14)19)6-4-9-5-7-11(18)21-13(9)12/h4-7,14-15,19H,1-3H3	Qianhucoumarin C	CC(=O)OC1C(C(OC2=C1C3=C(C=C2)C=CC(=O)O3)(C)C)O	1.39999998	196741;5320813;23242629;23242630	COCONUT:(CNP0397684 CNP0412598);Natural Products:(UNPD112735);PubChem:(196741 5320813 23242629 23242630);SuperNatural:(SN00036342 SN00036169 SN00038329 SN00038330);ZINC bio:(ZINC03644994 ZINC05434334 ZINC33833439 ZINC33833440);additional;MeSH:(196741);Training Set;PubMed;KEGG Mine	8593662022
105	1	N/A	-338.88823005533794	C16H16O6	[M + H]+	WGBFEDHNTNVZGG	InChI=1S/C16H16O6/c1-8(17)20-15-13(19)12-10(22-16(15,2)3)6-4-9-5-7-11(18)21-14(9)12/h4-7,13,15,19H,1-3H3	Qianhucoumarin B	CC(=O)OC1C(C2=C(C=CC3=C2OC(=O)C=C3)OC1(C)C)O	1.39999998	197634;5320811;12018566;21126620;101228776	COCONUT:(CNP0231866);Natural Products:(UNPD107317);PubChem:(197634 5320811 12018566 21126620 101228776);SuperNatural:(SN00157487);MeSH:(197634);PubMed;KEGG Mine	8593113158
106	1	N/A	-339.4069856571643	C16H16O6	[M + H]+	GBBQTBKHHWHZSJ	InChI=1S/C16H16O6/c1-7-13-10(5-8(22-7)6-12(18)19)15(20)9-3-2-4-11(17)14(9)16(13)21/h2-4,7-8,17,20-21H,5-6H2,1H3,(H,18,19)	Dihydrokalafungin dihydroquinone form	CC1C2=C(C3=C(C=CC=C3O)C(=C2CC(O1)CC(=O)O)O)O	2.29999995	53297378;122706266	PubChem:(53297378 122706266);CHEBI:(81706);PubChem class - bio and metabolites;KEGG:(C18360);PubMed;Biocyc:(CPD-19413)	16779618
107	1	N/A	-339.4135569850778	C16H16O6	[M + H]+	SQQVLPAZXRNECF	InChI=1S/C16H16O6/c1-8-6-10(17)13-11(7-8)22-16(15(20)21-2)9(14(13)19)4-3-5-12(16)18/h3,5-7,9,12,17-18H,4H2,1-2H3	methyl (4S,4aR,9aR)-4,8-dihydroxy-6-methyl-9-oxo-4,9a-dihydro-1H-xanthene-4a-carboxylate	CC1=CC(=C2C(=C1)OC3(C(C2=O)CC=CC3O)C(=O)OC)O	2.29999995	10709606;11695180;44463920	COCONUT:(CNP0219165);Natural Products:(UNPD87697 UNPD109648);PubChem:(10709606 11695180 44463920);SuperNatural:(SN00328150 SN00316919)	3178498
108	1	N/A	-340.0698067937119	C16H16O6	[M + H]+	QRTYTQTVJQUCEP	InChI=1S/C16H16O6/c17-7-16(21)6-9-3-13(19)14(20)5-12(9)11-2-1-10(18)4-15(11)22-8-16/h1-5,17-21H,6-8H2	null	C1C2=CC(=C(C=C2C3=C(C=C(C=C3)O)OCC1(CO)O)O)O	1.0	13846689;13846690;101030816	COCONUT:(CNP0190358);Natural Products:(UNPD4903 UNPD192007);PubChem:(13846689 13846690 101030816);SuperNatural:(SN00158990 SN00364566);ZINC bio:(ZINC14681317);MeSH:(13846690);PubMed	3186758
109	1	N/A	-340.7445337337074	C16H16O6	[M + H]+	VUCSGPSHJHKCFN	InChI=1S/C16H16O6/c1-8-16-14(20)12-10(3-2-4-11(12)18)13(19)15(16,22-16)7-9(21-8)5-6-17/h2-4,8-9,17-18H,5-7H2,1H3	null	CC1C23C(=O)C4=C(C=CC=C4O)C(=O)C2(O3)CC(O1)CCO	1.0	101946508	COCONUT:(CNP0180228);Natural Products:(UNPD153369);PubChem:(101946508);SuperNatural:(SN00251832)	3178498
110	1	N/A	-340.9841259316713	C16H16O6	[M + H]+	SOTIRKODYDVBCJ	InChI=1S/C16H16O6/c1-16(20)6-9-3-8-4-10(21-2)5-11(17)12(8)14(18)13(9)15(19)22-7-16/h3-5,17-18,20H,6-7H2,1-2H3	Cassialactone	CC1(CC2=CC3=CC(=CC(=C3C(=C2C(=O)OC1)O)O)OC)O	2.4000001	627638	COCONUT:(CNP0146856);Natural Products:(UNPD184689);PubChem:(627638);SuperNatural:(SN00311402)	3178498
111	1	N/A	-342.82439303934564	C16H16O6	[M + H]+	FOINLJRVEBYARJ	InChI=1S/C16H16O6/c1-16(2,19)11(17)8-21-15-13-10(5-6-20-13)7-9-3-4-12(18)22-14(9)15/h3-7,11,17,19H,8H2,1-2H3	Heraclenol	CC(C)(C(COC1=C2C(=CC3=C1OC=C3)C=CC(=O)O2)O)O	1.89753687	73253;328236;40429858	HMDB:(30745);SuperNatural:(SN00002299 SN00003329);ZINC bio:(ZINC01568212 ZINC02585551);additional;MeSH:(73253 328236 40429858);PubMed;COCONUT:(CNP0150510 CNP0217848);KNApSAcK:(37262);Natural Products:(UNPD21720 UNPD181173);PubChem:(73253 328236 40429858);CHEBI:(93899);PubChem class - bio and metabolites;PubChem class - safety and toxic;Training Set	87613566
112	1	N/A	-343.1279845447924	C16H16O6	[M + H]+	DLSHZKBUIPURPY	InChI=1S/C16H16O6/c1-16(7-17)6-9-3-8-4-10(21-2)5-11(18)12(8)14(19)13(9)15(20)22-16/h3-5,17-19H,6-7H2,1-2H3	9,10-dihydroxy-3-(hydroxymethyl)-7-methoxy-3-methyl-4H-benzo[g]isochromen-1-one	CC1(CC2=CC3=CC(=CC(=C3C(=C2C(=O)O1)O)O)OC)CO	2.4000001	14524516	PubChem:(14524516);COCONUT:(CNP0419517)	2097154
113	1	N/A	-344.4164212624458	C16H16O6	[M + H]+	IXWIRPMZHCJILZ	InChI=1S/C16H16O6/c1-9-6-13(18)15(20)16(22-9)12(8-14(19)21-2)10-4-3-5-11(17)7-10/h3-7,12,17,20H,8H2,1-2H3	null	CC1=CC(=O)C(=C(O1)C(CC(=O)OC)C2=CC(=CC=C2)O)O	1.5	71827200;97423900;97423901	PubChem:(71827200 97423900 97423901);COCONUT:(CNP0401514)	2097154
114	1	N/A	-344.8218054097009	C16H16O6	[M + H]+	MKLRPXPCOAPESG	InChI=1S/C16H16O6/c17-13(18)5-7-15-9-10-16(22-21-15,8-6-14(19)20)12-4-2-1-3-11(12)15/h1-4,9-10H,5-8H2,(H,17,18)(H,19,20)	1,4-Naphthalenedipropionic acid, 1,4-endoperoxide	C1=CC=C2C(=C1)C3(C=CC2(OO3)CCC(=O)O)CCC(=O)O	1.20000005	114747;101740378	MeSH:(114747);PubChem:(114747 101740378);PubMed	70
115	1	N/A	-346.27257327207155	C16H16O6	[M + H]+	BIAWVSQLGIZZHL	InChI=1S/C16H16O6/c17-9-10-2-1-5-16(7-10,15(21)22)8-14(20)12-6-11(18)3-4-13(12)19/h2-4,6,9,18-19H,1,5,7-8H2,(H,21,22)	null	C1CC(CC(=C1)C=O)(CC(=O)C2=C(C=CC(=C2)O)O)C(=O)O	1.39999998	139583743;139586533	PubChem:(139583743 139586533);COCONUT:(CNP0355532)	2097154
116	1	N/A	-346.27802591506145	C16H16O6	[M + H]+	MNYIUJSJKZPDLL	InChI=1S/C16H16O6/c17-10-3-4-15(8-14(20)21-12(15)6-10)16-7-11(18)2-1-9(16)5-13(19)22-16/h1-5,10-12,17-18H,6-8H2	(3a,7''a(2''H,6H)-Bibenzofuran)-2,2''(3H)-dione, 6'',7,7'',7a-tetrahydro-6,6''-dihydroxy-, (3aS,6S,6''S,7aS,7''aR)-	C1C(C=CC2(C1OC(=O)C2)C34CC(C=CC3=CC(=O)O4)O)O	-0.400000006	154162;10614450;21577088	COCONUT:(CNP0197998);KNApSAcK:(31821);Natural Products:(UNPD169642 UNPD77847);PubChem:(154162 10614450 21577088);SuperNatural:(SN00398576 SN00231647)	3178514
117	1	N/A	-346.7905795472193	C16H16O6	[M + H]+	MCWFXQXXVFZOIE	InChI=1S/C16H16O6/c1-19-11-6-5-9-7-10(16(18)22-4)8-12(20-2)14(17)13(9)15(11)21-3/h5-8H,1-4H3	Spectrum_000352	COC1=C(C2=C(C=C1)C=C(C=C(C2=O)OC)C(=O)OC)OC	2.4000001	4020695	COCONUT:(CNP0193649);PubChem:(4020695);PubMed;CHEBI:(93119)	2097250
118	1	N/A	-347.24305526814953	C16H16O6	[M + H]+	WDSLWIVFXAGWAV	InChI=1S/C16H16O6/c1-10(17)21-12-7-8-13-16(22-13,14(12)18)9-20-15(19)11-5-3-2-4-6-11/h2-8,12-14,18H,9H2,1H3	null	CC(=O)OC1C=CC2C(C1O)(O2)COC(=O)C3=CC=CC=C3	0.743832529	""	COCONUT:(CNP0148615);Natural Products:(UNPD183000);SuperNatural:(SN00294607)	3178496
119	1	N/A	-350.5621743829732	C16H16O6	[M + H]+	PSXYXGUFIFFALZ	InChI=1S/C16H16O6/c1-16(2)6-8(17)11-12(18)7-4-5-9(21-3)13(19)10(7)14(20)15(11)22-16/h4-5,8,17,19H,6H2,1-3H3	null	CC1(CC(C2=C(O1)C(=O)C3=C(C2=O)C=CC(=C3O)OC)O)C	1.70000005	10402762	COCONUT:(CNP0249924);Natural Products:(UNPD74935);PubChem:(10402762);SuperNatural:(SN00265882)	3178498
120	1	N/A	-355.19324989560846	C16H16O6	[M + H]+	JYUFSZQBCUGFJN	InChI=1S/C16H16O6/c1-6(2)7-5-8(17)10-11-9(7)13(18)16(3,20)14(21-4)12(11)22-15(10)19/h5-6,17,20H,1-4H3	null	CC(C)C1=CC(=C2C3=C1C(=O)C(C(=C3OC2=O)OC)(C)O)O	2.0	23642715	COCONUT:(CNP0404828);Natural Products:(UNPD198288);PubChem:(23642715);PubMed	2129986
121	1	N/A	-359.5448061286054	C16H16O6	[M + H]+	UBUYLGPFNFERNI	InChI=1S/C16H16O6/c1-8(18)4-9-5-10-14(16(20)11(9)7-17)12(21-2)6-13(22-3)15(10)19/h5-7,19-20H,4H2,1-3H3	null	CC(=O)CC1=CC2=C(C(=CC(=C2O)OC)OC)C(=C1C=O)O	2.0	102515333	PubChem:(102515333);PubMed;Biocyc:(CPD-18184)	2114
122	1	N/A	-360.053404809344	C16H16O6	[M + H]+	XBXKNALFTIULSE	InChI=1S/C16H16O6/c1-7-14(17)13-10(6-22-7)16(19)12-9(15(13)18)4-8(20-2)5-11(12)21-3/h4-5,7,18-19H,6H2,1-3H3	null	CC1C(=O)C2=C(C3=C(C(=CC(=C3)OC)OC)C(=C2CO1)O)O	2.5999999	139585012	PubChem:(139585012);COCONUT:(CNP0407751)	2097154
123	1	N/A	-363.86797039490864	C16H16O6	[M + H]+	FMJWFOWIKRTDNL	InChI=1S/C16H16O6/c1-8-3-13(20)12(5-10(19)7-17)16-15(8)14(21)6-11(22-16)4-9(2)18/h3,6,17,20H,4-5,7H2,1-2H3	null	CC1=CC(=C(C2=C1C(=O)C=C(O2)CC(=O)C)CC(=O)CO)O	0.200000003	10828326	COCONUT:(CNP0320909);Natural Products:(UNPD82000);PubChem:(10828326);SuperNatural:(SN00404570)	3178498
124	1	N/A	-367.50147072441854	C16H16O6	[M + H]+	PLGMDEYIMRPUAI	InChI=1S/C16H16O6/c1-8(7-17)10-3-4-11(16(21)22)14(10)15(20)12-6-9(18)2-5-13(12)19/h2,5-7,10-11,14,18-19H,1,3-4H2,(H,21,22)	null	C=C(C=O)C1CCC(C1C(=O)C2=C(C=CC(=C2)O)O)C(=O)O	1.79999995	139584428;139586905	PubChem:(139584428 139586905);COCONUT:(CNP0355538)	2097154
125	1	N/A	-367.9638679462747	C16H16O6	[M + H]+	LKXLOSAKNGDKSQ	InChI=1S/C16H16O6/c1-21-7-2-3-8-10(6-7)22-15-11(8)13(18)12-9(17)4-5-16(15,20)14(12)19/h2-6,11-15,18-20H,1H3	null	COC1=CC2=C(C=C1)C3C(C4C(C(C3O2)(C=CC4=O)O)O)O	-0.600000024	132610051;139193043	MeSH:(132610051);PubChem:(132610051 139193043);PubMed	70
126	1	N/A	-370.20965103325864	C16H16O6	[M + H]+	GZMKMMSCOHLOLH	InChI=1S/C16H16O6/c1-8(17)22-16(2,3)15-13(19)12-10(20-15)6-4-9-5-7-11(18)21-14(9)12/h4-7,13,15,19H,1-3H3	null	CC(=O)OC(C)(C)C1C(C2=C(O1)C=CC3=C2OC(=O)C=C3)O	1.39999998	131835378	COCONUT:(CNP0229273);HMDB:(129092);Natural Products:(UNPD108006);PubChem:(131835378);SuperNatural:(SN00283345);PubChem class - bio and metabolites	19955722
127	1	N/A	-373.44469623432997	C16H16O6	[M + H]+	QNFWEYHUDXOXHJ	InChI=1S/C16H16O6/c1-16(21)6-7-3-9-13(15(20)8(7)4-12(16)18)10(17)5-11(22-2)14(9)19/h3,5,12,18,20-21H,4,6H2,1-2H3	null	CC1(CC2=CC3=C(C(=O)C=C(C3=O)OC)C(=C2CC1O)O)O	1.10000002	10267010	COCONUT:(CNP0161289);Natural Products:(UNPD216423 UNPD171214);PubChem:(10267010);SuperNatural:(SN00255792);PubMed	3178562
128	1	N/A	-376.68163020245896	C16H16O6	[M + H]+	SKHIAAAAGMRNOO	InChI=1S/C16H16O6/c1-6(2)9-11-10(8(5-17)13(19)14(9)20)15(21)16(22-4)7(3)12(11)18/h5-6,19-20H,1-4H3	null	CC1=C(C(=O)C2=C(C(=C(C(=C2C1=O)C(C)C)O)O)C=O)OC	2.4000001	15520697	COCONUT:(CNP0276876);Natural Products:(UNPD147772);PubChem:(15520697);SuperNatural:(SN00243080)	3178498
129	1	N/A	-378.37681487178037	C16H16O6	[M + H]+	XPLYMMZTNOASBB	InChI=1S/C16H16O6/c1-16(21)6-9-7(4-12(16)18)3-8-10(17)5-11(22-2)15(20)13(8)14(9)19/h3,5,12,18-19,21H,4,6H2,1-2H3	null	CC1(CC2=C(C3=C(C=C2CC1O)C(=O)C=C(C3=O)OC)O)O	1.10000002	10063597	COCONUT:(CNP0257054);Natural Products:(UNPD162712);PubChem:(10063597);SuperNatural:(SN00306433)	3178498
130	1	N/A	-380.61428618667986	C16H16O6	[M + H]+	TYFZMRKBYCICTC	InChI=1S/C16H16O6/c17-7-10-4-14(20)13(19)3-9(10)6-16(21)8-22-15-5-11(18)1-2-12(15)16/h1-5,17-21H,6-8H2	null	C1C(C2=C(O1)C=C(C=C2)O)(CC3=CC(=C(C=C3CO)O)O)O	0.600000024	91290027	COCONUT:(CNP0191675);Natural Products:(UNPD34788);PubChem:(91290027);SuperNatural:(SN00336929);MeSH:(91290027);PubMed	3178566
131	1	N/A	-383.88088338784655	C16H16O6	[M + H]+	GYTSCFQZPMGFRH	InChI=1S/C16H16O6/c1-7(17)5-9-8(2)16(22-4)12-10(18)6-11(21-3)15(20)13(12)14(9)19/h6,19H,5H2,1-4H3	null	CC1=C(C(=C2C(=C1OC)C(=O)C=C(C2=O)OC)O)CC(=O)C	1.66579795	""	COCONUT:(CNP0336878)	2097152
132	1	N/A	-384.6250136163348	C16H16O6	[M + H]+	JKUBJCFTYIHGOF	InChI=1S/C16H16O6/c1-8(17)22-16(2,3)11-7-10-6-9-4-5-12(18)21-14(9)13(19)15(10)20-11/h4-6,11,19H,7H2,1-3H3	null	CC(=O)OC(C)(C)C1CC2=C(O1)C(=C3C(=C2)C=CC(=O)O3)O	2.32129788	""	COCONUT:(CNP0350660)	2097152
133	1	N/A	-385.4655025818892	C16H16O6	[M + H]+	OANXKXYNLSBMRI	InChI=1S/C16H16O6/c1-4-10-13(18)21-16-6-5-8-9(12(17)19-3)7-20-14(11(8)16)22-15(10,16)2/h4-8,11,14H,1-3H3	null	CC=C1C(=O)OC23C1(OC4C2C(C=C3)C(=CO4)C(=O)OC)C	1.0377605	""	COCONUT:(CNP0175513);Natural Products:(UNPD156508);SuperNatural:(SN00300985)	3178496
134	1	N/A	-388.3952145869993	C16H16O6	[M + H]+	KAHYNQURROEWRV	InChI=1S/C16H16O6/c1-8(17)20-15-13-9(4-5-12(18)22-13)6-10-7-11(16(2,3)19)21-14(10)15/h4-6,11,19H,7H2,1-3H3	null	CC(=O)OC1=C2C(=CC3=C1OC(C3)C(C)(C)O)C=CC(=O)O2	2.32129788	""	COCONUT:(CNP0186212);Natural Products:(UNPD170123);SuperNatural:(SN00366806)	3178496
135	1	N/A	-392.01863110399574	C16H16O6	[M + H]+	HBTQKFCMVAYBOL	InChI=1S/C16H16O6/c1-7-5-9(19-2)13-14-11(7)10(20-3)6-8(17)12(14)16(21-4)22-15(13)18/h5-6,16-17H,1-4H3	null	CC1=CC(=C2C3=C(C(OC2=O)OC)C(=CC(=C13)OC)O)OC	2.5	102583473	COCONUT:(CNP0380473);Natural Products:(UNPD230227);PubChem:(102583473)	2129922
136	1	N/A	-393.63386269422926	C16H16O6	[M + H]+	QMHVGYQLMPZGGP	InChI=1S/C16H16O6/c17-11-3-1-9(2-4-11)15(19)22-8-10-7-13(18)12-5-6-21-16(20)14(10)12/h1-7,12-14,16-18,20H,8H2	null	C1=COC(C2C1C(C=C2COC(=O)C3=CC=C(C=C3)O)O)O	0.400000006	25026348;49775375;59869210	COCONUT:(CNP0085719);PubChem:(25026348 49775375 59869210);PubMed;KEGG Mine	8592031810
137	1	N/A	-398.90690732094646	C16H16O6	[M + H]+	UBQJSYFOVWBSFP	InChI=1S/C16H16O6/c1-15-7-4-9(17)20-5-6(7)3-8-11(15)16(2,14(19)21-8)12(18)10-13(15)22-10/h3-4,8,10-13,18H,5H2,1-2H3	Wentilactone A	CC12C3C(C=C4COC(=O)C=C4C3(C5C(C1O)O5)C)OC2=O	-0.5	156679;5256315	COCONUT:(CNP0190405);KNApSAcK:(23389);Natural Products:(UNPD207125 UNPD66341 UNPD70186);PubChem:(156679 5256315);SuperNatural:(SN00238487 SN00243973);PubMed	3178578
138	1	N/A	-398.90690732094646	C16H16O6	[M + H]+	MJENRSWOSGZXHW	InChI=1S/C16H16O6/c1-15-7-4-9(17)20-5-6(7)3-8-11(15)16(2,14(19)21-8)13-10(22-13)12(15)18/h3-4,8,10-13,18H,5H2,1-2H3	Asperolide B	CC12C3C(C=C4C1=CC(=O)OC4)OC(=O)C3(C5C(C2O)O5)C	-0.5	70695738	COCONUT:(CNP0150080);Natural Products:(UNPD207126);PubChem:(70695738);PubMed	2129986
139	1	N/A	-398.96608777920346	C16H16O6	[M + H]+	NKSKUMZWMJJCOG	InChI=1S/C16H16O6/c1-8-13-4-5-16(14(8)20,15(21)22-13)7-12(19)10-6-9(17)2-3-11(10)18/h2-3,6,13-14,17-18,20H,1,4-5,7H2	null	C=C1C2CCC(C1O)(C(=O)O2)CC(=O)C3=C(C=CC(=C3)O)O	0.800000012	132542823;139586912	PubChem:(132542823 139586912);COCONUT:(CNP0136299)	2097154
140	1	N/A	-411.58790762912105	C16H16O6	[M + H]+	CYMUFCMKIAXEEW	InChI=1S/C16H16O6/c1-4-20-14(19)8-21-12-6-5-11-9(2)7-13(18)22-16(11)15(12)10(3)17/h5-7H,4,8H2,1-3H3	ethyl 2-(8-acetyl-4-methyl-2-oxochromen-7-yl)oxyacetate	CCOC(=O)COC1=C(C2=C(C=C1)C(=CC(=O)O2)C)C(=O)C	1.79999995	881372	PubChem:(881372);COCONUT:(CNP0275772)	2097154
141	1	N/A	-411.8286406249083	C16H16O6	[M + H]+	MZOKXKVSVDATRK	InChI=1S/C16H16O6/c1-9(17)20-8-16(2,19)14-6-11-5-10-3-4-15(18)22-12(10)7-13(11)21-14/h3-5,7,14,19H,6,8H2,1-2H3	[2-hydroxy-2-(7-oxo-2,3-dihydrofuro[3,2-g]chromen-2-yl)propyl] acetate	CC(=O)OCC(C)(C1CC2=C(O1)C=C3C(=C2)C=CC(=O)O3)O	1.39999998	5248682;100916687;100916688;100916689;100916690	COCONUT:(CNP0166942);Natural Products:(UNPD161544);PubChem:(5248682 100916687 100916688 100916689 100916690);SuperNatural:(SN00346707)	3178498
142	1	N/A	-411.8625244327326	C16H16O6	[M + H]+	OAEPKMHZKLINLT	InChI=1S/C16H16O6/c1-14-4-3-8(17)15(2)11(14)10(21-13(15)19)12-16(22-12)6-20-9(18)5-7(14)16/h3-5,8,10-12,17H,6H2,1-2H3	null	CC12C=CC(C3(C1C(C4C5(C2=CC(=O)OC5)O4)OC3=O)C)O	-0.200000003	46881201	COCONUT:(CNP0079659);PubChem:(46881201);PubMed	2097218
143	1	N/A	-430.2920135012281	C16H16O6	[M + H]+	DUJVBDSKLQCGPH	InChI=1S/C16H16O6/c17-10-1-2-16(19)6-9(7-20-15(16)3-10)11-4-13-14(5-12(11)18)22-8-21-13/h3-5,9,18-19H,1-2,6-8H2	null	C1CC2(CC(COC2=CC1=O)C3=CC4=C(C=C3O)OCO4)O	0.600000024	91820368	PubChem:(91820368);Biocyc:(CPD-17504);PubChem class - bio and metabolites	16779266
144	1	N/A	-445.1759365725393	C16H16O6	[M + H]+	HLIPHTRQCSGMCK	InChI=1S/C16H16O6/c1-8(7-17)10-3-4-12-14(19)11-6-9(18)2-5-13(11)22-16(12,21)15(10)20/h2,5-6,10,12,17-18,21H,1,3-4,7H2	null	C=C(CO)C1CCC2C(=O)C3=C(C=CC(=C3)O)OC2(C1=O)O	0.800000012	101447370	COCONUT:(CNP0273993);Natural Products:(UNPD17956);PubChem:(101447370);SuperNatural:(SN00365817)	3178498
145	1	N/A	-476.95744283230283	C16H16O6	[M + H]+	BSQLLOVCCCNOPO	InChI=1S/C16H16O6/c1-16(21)4-3-7-8(6-16)14(19)12-11(13(7)18)9(17)5-10(22-2)15(12)20/h5,18-19,21H,3-4,6H2,1-2H3	1-Deoxyaustrocortirubin	CC1(CCC2=C(C1)C(=C3C(=C2O)C(=O)C=C(C3=O)OC)O)O	2.20000005	14782373;101018490	COCONUT:(CNP0242163);Natural Products:(UNPD195431);PubChem:(14782373 101018490);SuperNatural:(SN00237289);PubMed	3178562
146	1	N/A	-488.5149530441478	C16H16O6	[M + H]+	AUTTVRRIMYDHJY	InChI=1S/C16H16O6/c1-8(7-17)11-3-4-12(15(20)21)16(11)14(19)10-6-9(18)2-5-13(10)22-16/h2,5-6,11-12,17-18H,1,3-4,7H2,(H,20,21)	null	C=C(CO)C1CCC(C12C(=O)C3=C(O2)C=CC(=C3)O)C(=O)O	1.29999995	132962220;132992414;132992416;139589642;139589643;137918187	COCONUT:(CNP0086799);MeSH:(132992416);PubChem:(132962220 132992414 132992416 139589642 139589643 137918187);PubMed	2097222
147	1	N/A	-497.4586270870178	C16H16O6	[M + H]+	CLFSAVBFICIRCY	InChI=1S/C16H16O6/c1-15-8-11(17)10-7-16(15,19)22-14(21-15)12(10)20-13(18)9-5-3-2-4-6-9/h2-6,10,12,14,19H,7-8H2,1H3	null	CC12CC(=O)C3CC1(OC(C3OC(=O)C4=CC=CC=C4)O2)O	1.00757706	""	COCONUT:(CNP0115091);Natural Products:(UNPD2483);SuperNatural:(SN00370611)	3178496
1	1	N/A	-203.81660553213996	C16H18O7	[M - H2O + H]+	CWPFKCXRZMQTPA	InChI=1S/C16H18O7/c1-19-12-5-9(17)6-13(20-2)16(12)23-10-7-11(18)15(22-4)14(8-10)21-3/h5-8,17-18H,1-4H3	null	COC1=CC(=CC(=C1OC2=CC(=C(C(=C2)OC)OC)O)OC)O	2.56836033	""	COCONUT:(CNP0115567);Natural Products:(UNPD24020)	2129920
2	1	N/A	-220.97521040018972	C16H18O7	[M - H2O + H]+	MLOZPTTXVAPEPM	InChI=1S/C16H18O7/c1-16(22)10(18)5-8-12(15(16)21)14(20)7-3-6(23-2)4-9(17)11(7)13(8)19/h3-5,10,12,14-15,17-18,20-22H,1-2H3	Rel-Dihydroaltersolanol A	CC1(C(C=C2C(C1O)C(C3=C(C2=O)C(=CC(=C3)OC)O)O)O)O	-0.699999988	57332240	COCONUT:(CNP0355206);PubChem:(57332240);PubMed	2097218
3	1	N/A	-233.09242209020815	C16H18O7	[M - H2O + H]+	ACSAPBOZTQYZSV	InChI=1S/C16H18O7/c1-7(17)20-11-5-13-16(2,23-13)6-12-8(4-14(18)21-12)10-3-9(11)15(19)22-10/h3,8,10-13H,4-6H2,1-2H3	null	CC(=O)OC1CC2C(O2)(CC3C(CC(=O)O3)C4C=C1C(=O)O4)C	0.562506914	""	COCONUT:(CNP0223361);Natural Products:(UNPD128791);SuperNatural:(SN00265930)	3178496
4	1	N/A	-238.82098718729372	C16H18O7	[M - H2O + H]+	WUYKSAOSAAJMEW	InChI=1S/C16H18O7/c1-16(22)10(18)5-8-12(15(16)21)14(20)7-3-6(23-2)4-9(17)11(7)13(8)19/h3-4,8,10,12,15,17-18,21-22H,5H2,1-2H3	null	CC1(C(CC2C(C1O)C(=O)C3=C(C2=O)C(=CC(=C3)OC)O)O)O	-0.200000003	132562011	PubChem:(132562011);COCONUT:(CNP0356974)	2097154
5	1	N/A	-250.70797989785603	C16H18O7	[M - H2O + H]+	PCSBVPMYIHSHPB	InChI=1S/C16H18O7/c1-8-2-3-11(18)12(19)7-14(21)16-9(5-15(22)23-8)4-10(17)6-13(16)20/h4,6,8,12,17,19-20H,2-3,5,7H2,1H3	9,13,15-trihydroxy-5-methyl-4-oxabicyclo[10.4.0]hexadeca-1(12),13,15-triene-3,8,11-trione	CC1CCC(=O)C(CC(=O)C2=C(CC(=O)O1)C=C(C=C2O)O)O	1.0	638961;14582209;14582210	COCONUT:(CNP0276792);Natural Products:(UNPD168890 UNPD89566);PubChem:(638961 14582209 14582210);SuperNatural:(SN00234682 SN00300039)	3178498
6	1	N/A	-255.21385866757436	C16H18O7	[M - H2O + H]+	AXGVFLQALSABLQ	InChI=1S/C16H18O7/c1-9(15(20)21)3-2-4-10(16(22)23)7-14(19)12-8-11(17)5-6-13(12)18/h3,5-6,8,10,17-18H,2,4,7H2,1H3,(H,20,21)(H,22,23)	null	CC(=CCCC(CC(=O)C1=C(C=CC(=C1)O)O)C(=O)O)C(=O)O	1.89999998	139584073	PubChem:(139584073);COCONUT:(CNP0355535)	2097154
7	1	N/A	-264.44894790040934	C16H18O7	[M - H2O + H]+	LHIUAXYKBWBSBL	InChI=1S/C16H18O7/c17-13(18)9-5-1-3-7-11(9)15(21)23-16(22)12-8-4-2-6-10(12)14(19)20/h1-4,9-12H,5-8H2,(H,17,18)(H,19,20)	6-(6-carboxycyclohex-3-ene-1-carbonyl)oxycarbonylcyclohex-3-ene-1-carboxylic acid	C1C=CCC(C1C(=O)O)C(=O)OC(=O)C2CC=CCC2C(=O)O	1.20000005	20112097;20112143;23616322	PubChem:(20112097 20112143 23616322);NORMAN:(NS00047354)	262146
8	1	N/A	-265.61524262593247	C16H18O7	[M - H2O + H]+	CQKHENXHLAUMBH	InChI=1S/C16H18O7/c1-7-5-12(17)23-11-6-9(3-4-10(7)11)22-16-15(20)14(19)13(18)8(2)21-16/h3-6,8,13-16,18-20H,1-2H3	AmbotzGBB1280	CC1C(C(C(C(O1)OC2=CC3=C(C=C2)C(=CC(=O)O3)C)O)O)O	1.094365	171334;3045274;3573836;6453189;14671369;26470329;26470503;26470505;26470512;26470767;26470768;24802324;24802325;24802326;24830107;44612416;44120044;44120048;44319301;53734761;53308518;92139504;92223691;92223692;93982609;98129240;118705364	NORMAN:(NS00056538);MeSH:(171334);PubChem:(171334 3045274 3573836 6453189 14671369 26470329 26470503 26470505 26470512 26470767 26470768 24802324 24802325 24802326 24830107 44612416 44120044 44120048 44319301 53734761 53308518 92139504 92223691 92223692 93982609 98129240 118705364);PubMed;ZINC bio:(ZINC02387029 ZINC02539734)	270406
9	1	N/A	-272.53694179423485	C16H18O7	[M - H2O + H]+	AHZAHMZTRGKNPT	InChI=1S/C16H18O7/c17-7-11-13(19)14(20)15(21)16(23-11)22-10-6-2-4-8-3-1-5-9(18)12(8)10/h1-6,11,13-21H,7H2	(2R,3S,4S,5R,6R)-2-(hydroxymethyl)-6-(8-hydroxynaphthalen-1-yl)oxyoxane-3,4,5-triol	C1=CC2=C(C(=C1)O)C(=CC=C2)OC3C(C(C(C(O3)CO)O)O)O	0.251099408	11427241;69038988	COCONUT:(CNP0213448);Natural Products:(UNPD30890);PubChem:(11427241 69038988);SuperNatural:(SN00278181);PubMed	3178562
10	1	N/A	-274.53532082924846	C16H18O7	[M - H2O + H]+	VPMBQAULVONHEM	InChI=1S/C16H18O7/c17-7-16-8-23-14(22)15(16,4-3-13(16)21)6-12(20)10-5-9(18)1-2-11(10)19/h1-2,5,13,17-19,21H,3-4,6-8H2	null	C1CC2(C(=O)OCC2(C1O)CO)CC(=O)C3=C(C=CC(=C3)O)O	0.699999988	132542817;139587847	PubChem:(132542817 139587847);COCONUT:(CNP0355555)	2097154
11	1	N/A	-275.23011928365463	C16H18O7	[M - H2O + H]+	ONWQBROUEMQPQV	InChI=1S/C16H18O7/c1-9(17)22-15(13(20)11(21-2)8-12(18)19)16-14(23-16)10-6-4-3-5-7-10/h3-8,13-16,20H,1-2H3,(H,18,19)	null	CC(=O)OC(C1C(O1)C2=CC=CC=C2)C(C(=CC(=O)O)OC)O	0.300000012	45359603;57481821	COCONUT:(CNP0111999);PubChem:(45359603 57481821);SuperNatural:(SN00037686 SN00033086 SN00037684 SN00037683 SN00037685 SN00033085 SN00033083 SN00033084);ZINC bio:(ZINC31160089 ZINC31160093 ZINC31160097 ZINC31160100 ZINC35456856 ZINC35456858 ZINC35456862 ZINC35456865)	3153922
12	1	N/A	-286.43931883079114	C16H18O7	[M - H2O + H]+	PXAQGWCOXJEGQN	InChI=1S/C16H18O7/c1-21-11-6-9(5-8-3-2-4-10(18)13(8)11)22-16-15(20)14(19)12(7-17)23-16/h2-6,12,14-20H,7H2,1H3	null	COC1=C2C(=CC(=C1)OC3C(C(C(O3)CO)O)O)C=CC=C2O	0.726943195	25157559;102031769	COCONUT:(CNP0303477);Natural Products:(UNPD59939);PubChem:(25157559 102031769);SuperNatural:(SN00402845);PubMed	3178562
13	1	N/A	-288.2824941912399	C16H18O7	[M - H2O + H]+	YBIUZLUVUQHDHO	InChI=1S/C16H18O7/c1-7(17)4-8-5-11-14(22-8)9-6-10(20-2)15(21-3)13(18)12(9)16(19)23-11/h6,8,11,14,18H,4-5H2,1-3H3	null	CC(=O)CC1CC2C(O1)C3=CC(=C(C(=C3C(=O)O2)O)OC)OC	1.29999995	71436822;122201316	COCONUT:(CNP0254754);Natural Products:(UNPD133774);PubChem:(71436822 122201316);SuperNatural:(SN00347927)	3178498
14	1	N/A	-295.36811651959613	C16H18O7	[M - H2O + H]+	WHXVNEAEZMDWKP	InChI=1S/C16H18O7/c1-9(17)19-8-12-13-14(16(21-12)20-10(2)18)23-15(22-13)11-6-4-3-5-7-11/h3-7,12-16H,8H2,1-2H3	null	CC(=O)OCC1C2C(C(O1)OC(=O)C)OC(O2)C3=CC=CC=C3	1.04791832	""	COCONUT:(CNP0117011);Natural Products:(UNPD91050 UNPD23729);SuperNatural:(SN00344821 SN00282247)	3178496
15	1	N/A	-296.25693422054206	C16H18O7	[M - H2O + H]+	ZLGSCYHHHPKEHP	InChI=1S/C16H18O7/c1-4-20-16(18)23-11-5-6-13-12(9-11)14(10(2)22-13)15(17)21-8-7-19-3/h5-6,9H,4,7-8H2,1-3H3	2-methoxyethyl 5-ethoxycarbonyloxy-2-methyl-1-benzofuran-3-carboxylate	CCOC(=O)OC1=CC2=C(C=C1)OC(=C2C(=O)OCCOC)C	3.0	663248	COCONUT:(CNP0121975);PubChem:(663248);SuperNatural:(SN00145923);PubMed;ZINC bio:(ZINC02396610)	3153986
16	1	N/A	-303.21631841646865	C16H18O7	[M - H2O + H]+	ADEXVVHMWRYPCI	InChI=1S/C16H18O7/c1-10(17)23-12-7-8-13(18)16(21,14(12)19)9-22-15(20)11-5-3-2-4-6-11/h2-8,12-14,18-19,21H,9H2,1H3	Ellipeiopsol A	CC(=O)OC1C=CC(C(C1O)(COC(=O)C2=CC=CC=C2)O)O	-0.100000001	636536;22297212;56958775	COCONUT:(CNP0242783);Natural Products:(UNPD205998);PubChem:(636536 22297212 56958775)	2129922
17	1	N/A	-309.782242004685	C16H18O7	[M - H2O + H]+	OFCZYAPTCLNKHM	InChI=1S/C16H18O7/c1-7-6-9(18)12-13(19)11-8(17)4-3-5-10(11)23-16(12,14(7)20)15(21)22-2/h3-5,7,9,12,14,17-18,20H,6H2,1-2H3	null	CC1CC(C2C(=O)C3=C(C=CC=C3OC2(C1O)C(=O)OC)O)O	1.60000002	134151247;134155262	COCONUT:(CNP0313109);PubChem:(134151247 134155262);PubMed	2097218
18	1	N/A	-315.84424604583194	C16H18O7	[M - H2O + H]+	NGBFUIVXAMJSQR	InChI=1S/C16H18O7/c1-10(17)23-14-12(18)7-8-13(19)16(14,21)9-22-15(20)11-5-3-2-4-6-11/h2-8,12-14,18-19,21H,9H2,1H3	null	CC(=O)OC1C(C=CC(C1(COC(=O)C2=CC=CC=C2)O)O)O	-0.100000001	56958774	COCONUT:(CNP0288878);Natural Products:(UNPD205997);PubChem:(56958774)	2129922
19	1	N/A	-316.40138861017954	C16H18O7	[M - H2O + H]+	WHMUEJXPAUEKOX	InChI=1S/C16H18O7/c1-16(2,21)15(20)14(19)13(18)9-6-8-4-5-12(17)23-10(8)7-11(9)22-3/h4-7,13-14,18-19,21H,1-3H3	null	CC(C)(C(=O)C(C(C1=C(C=C2C(=C1)C=CC(=O)O2)OC)O)O)O	1.01694441	""	COCONUT:(CNP0081245)	2097152
20	1	N/A	-325.5454677778235	C16H18O7	[M - H2O + H]+	GZVVHHXNPRBBSD	InChI=1S/C16H18O7/c1-8-11(18)4-5-16(14(8)21,15(22)23)7-13(20)10-6-9(17)2-3-12(10)19/h2-3,6,11,14,17-19,21H,1,4-5,7H2,(H,22,23)	null	C=C1C(CCC(C1O)(CC(=O)C2=C(C=CC(=C2)O)O)C(=O)O)O	0.5	132542821;139588386	PubChem:(132542821 139588386);COCONUT:(CNP0355526)	2097154
21	1	N/A	-327.90863451585216	C16H18O7	[M - H2O + H]+	GUVHIYQXEZUQDO	InChI=1S/C16H18O7/c17-8-9-2-1-5-16(14(9)21,15(22)23)7-13(20)11-6-10(18)3-4-12(11)19/h2-4,6,14,17-19,21H,1,5,7-8H2,(H,22,23)	null	C1CC(C(C(=C1)CO)O)(CC(=O)C2=C(C=CC(=C2)O)O)C(=O)O	0.400000006	132542824;139583299	PubChem:(132542824 139583299);COCONUT:(CNP0377837)	2097154
22	1	N/A	-330.9061536401548	C16H18O7	[M - H2O + H]+	XKUCPSVYNUBFAI	InChI=1S/C16H18O7/c1-16(2,21)15(20)12(19)14-11(18)10-8(22-14)5-3-7-4-6-9(17)23-13(7)10/h3-6,11-12,14-15,18-21H,1-2H3	null	CC(C)(C(C(C1C(C2=C(O1)C=CC3=C2OC(=O)C=C3)O)O)O)O	0.486956745	""	COCONUT:(CNP0113137);Natural Products:(UNPD28377);SuperNatural:(SN00240815)	3178496
23	1	N/A	-332.9407651994695	C16H18O7	[M - H2O + H]+	LDKXJGREMRAESV	InChI=1S/C16H18O7/c17-10-4-1-9(2-5-10)3-6-11(18)14-12(19)7-16(23,15(21)22)8-13(14)20/h1-6,12-14,17,19-20,23H,7-8H2,(H,21,22)	null	C1C(C(C(CC1(C(=O)O)O)O)C(=O)C=CC2=CC=C(C=C2)O)O	0.200000003	101639422	PubChem:(101639422);COCONUT:(CNP0105517)	2097154
24	1	N/A	-334.59702017870575	C16H18O7	[M - H2O + H]+	LTGVASJLENYPRP	InChI=1S/C16H18O7/c17-7-12-13(19)14(20)15(21)16(23-12)22-11-6-5-10(18)8-3-1-2-4-9(8)11/h1-6,12-21H,7H2	null	C1=CC=C2C(=C1)C(=CC=C2OC3C(C(C(C(O3)CO)O)O)O)O	0.251099408	67920370;101728056	COCONUT:(CNP0127058);Natural Products:(UNPD106763);PubChem:(67920370 101728056);SuperNatural:(SN00242943)	3178498
25	1	N/A	-337.4137190966741	C16H18O7	[M - H2O + H]+	SPSVXKCRZBHPJN	InChI=1S/C16H18O7/c1-8-16(22)14(20)12-10(3-2-4-11(12)18)13(19)15(16,21)7-9(23-8)5-6-17/h2-4,8-9,17-18,21-22H,5-7H2,1H3	null	CC1C2(C(=O)C3=C(C=CC=C3O)C(=O)C2(CC(O1)CCO)O)O	0.0	57509544	COCONUT:(CNP0066871);PubChem:(57509544);SuperNatural:(SN00042200 SN00042201 SN00042198 SN00042199);ZINC bio:(ZINC72320643 ZINC72320644 ZINC72320645 ZINC72320646)	3153922
26	1	N/A	-341.43822527698137	C16H18O7	[M - H2O + H]+	BKNKCWICQIBONA	InChI=1S/C16H18O7/c1-16(22-3)5-7-8(6-23-16)14(19)11-9(17)4-10(21-2)15(20)12(11)13(7)18/h4,7-8,17,20H,5-6H2,1-3H3	null	CC1(CC2C(CO1)C(=O)C3=C(C2=O)C(=C(C=C3O)OC)O)OC	1.70000005	102190218	COCONUT:(CNP0244684);Natural Products:(UNPD39536);PubChem:(102190218);SuperNatural:(SN00235954)	3178498
27	1	N/A	-348.4377159049438	C16H18O7	[M - H2O + H]+	VVGCXZDHBJNPRE	InChI=1S/C16H18O7/c1-18-10-5-6-12-13(7-10)22-15(20-3)9-11(19-2)8-14(17)16(15,21-4)23-12/h5-8H,9H2,1-4H3	null	COC1=CC(=O)C2(C(C1)(OC3=C(O2)C=CC(=C3)OC)OC)OC	1.29999995	53360082	COCONUT:(CNP0213993);Natural Products:(UNPD200636);PubChem:(53360082)	2129922
28	1	N/A	-354.60343538238334	C16H18O7	[M - H2O + H]+	ODAPTVSSFGLOLG	InChI=1S/C16H18O7/c1-9-14(16(19)21-7-6-20-3)12-8-11(4-5-13(12)23-9)22-10(2)15(17)18/h4-5,8,10H,6-7H2,1-3H3,(H,17,18)	2-((3-((2-methoxyethoxy)carbonyl)-2-methylbenzofuran-5-yl)oxy)propanoic acid	CC1=C(C2=C(O1)C=CC(=C2)OC(C)C(=O)O)C(=O)OCCOC	2.4000001	1572505;1572506;1572508;1572509;2936628	COCONUT:(CNP0036908 CNP0183215);PubChem:(1572505 1572506 1572508 1572509 2936628);SuperNatural:(SN00050927 SN00050926);ZINC bio:(ZINC01782605 ZINC01782607)	3153922
29	1	N/A	-354.9225126635741	C16H18O7	[M - H2O + H]+	KAEISJZNDFFRCY	InChI=1S/C16H18O7/c1-16(20)5-7-8(6-23-16)14(18)11-9(21-2)4-10(22-3)15(19)12(11)13(7)17/h4,7-8,19-20H,5-6H2,1-3H3	8-O-methylfusarubin	CC1(CC2C(CO1)C(=O)C3=C(C2=O)C(=C(C=C3OC)OC)O)O	1.0	46906535	COCONUT:(CNP0306038);Natural Products:(UNPD747);PubChem:(46906535);SuperNatural:(SN00363969);PubMed	3178562
30	1	N/A	-358.0216800612275	C16H18O7	[M - H2O + H]+	SYKVXLJVXXJYAM	InChI=1S/C16H18O7/c1-10-15(16(18)21-7-6-19-2)12-8-11(4-5-13(12)23-10)22-9-14(17)20-3/h4-5,8H,6-7,9H2,1-3H3	2-methoxyethyl 5-(2-methoxy-2-oxoethoxy)-2-methylbenzofuran-3-carboxylate	CC1=C(C2=C(O1)C=CC(=C2)OCC(=O)OC)C(=O)OCCOC	2.29999995	1780288	COCONUT:(CNP0108197);PubChem:(1780288);SuperNatural:(SN00059430);ZINC bio:(ZINC02125599)	3153922
31	1	N/A	-359.99997571659526	C16H18O7	[M - H2O + H]+	PPIQKLUMTCDPST	InChI=1S/C16H18O7/c1-18-11-8-12(19-2)10(7-13-16(20-3,21-4)23-13)15-9(11)5-6-14(17)22-15/h5-6,8,13H,7H2,1-4H3	null	COC1=CC(=C(C2=C1C=CC(=O)O2)CC3C(O3)(OC)OC)OC	1.60000002	101026646	COCONUT:(CNP0229210);Natural Products:(UNPD173513);PubChem:(101026646);SuperNatural:(SN00261420)	3178498
32	1	N/A	-360.7066636184258	C16H18O7	[M - H2O + H]+	MRSUSMHOQKMYCF	InChI=1S/C16H18O7/c1-2-3-4-5-6-7-11(8-9-13(18)19)23-16-15(21)14(20)12(17)10-22-16/h1,5,7,11-12,14-17,20-21H,8-10H2,(H,18,19)	null	C#CC#CC=C=CC(CCC(=O)O)OC1C(C(C(CO1)O)O)O	0.0194492396	""	COCONUT:(CNP0221131);Natural Products:(UNPD166522)	2129920
33	1	N/A	-360.70927923728965	C16H18O7	[M - H2O + H]+	CWLINRWSQJGKGK	InChI=1S/C16H18O7/c1-16(2,18)9-7-21-14-13(20-4)11(19-3)8-5-6-10(17)23-12(8)15(14)22-9/h5-6,9,18H,7H2,1-4H3	null	CC(C)(C1COC2=C(O1)C3=C(C=CC(=O)O3)C(=C2OC)OC)O	1.60000002	15689635	COCONUT:(CNP0172132);Natural Products:(UNPD4923);PubChem:(15689635);SuperNatural:(SN00329702)	3178498
34	1	N/A	-372.9383430455294	C16H18O7	[M - H2O + H]+	CLDAKARZYFIUGC	InChI=1S/C16H18O7/c17-11-8-16(22,15(20)21)9-12(18)14(11)23-13(19)7-6-10-4-2-1-3-5-10/h1-7,11-12,14,17-18,22H,8-9H2,(H,20,21)	null	C1C(C(C(CC1(C(=O)O)O)O)OC(=O)C=CC2=CC=CC=C2)O	0.300000012	101735701	COCONUT:(CNP0125104);KNApSAcK:(29541);Natural Products:(UNPD36635 UNPD215714);PubChem:(101735701);SuperNatural:(SN00310444)	3178514
35	1	N/A	-377.3101158010915	C16H18O7	[M - H2O + H]+	YMKXORWCVJTAMW	InChI=1S/C16H18O7/c1-6(17)9-7(2)23-16-5-4-8-10(13(18)20-3)14(19)22-15(11(8)16)21-12(9)16/h4-6,8,10-11,14-15,17,19H,2H2,1,3H3	null	CC(C1=C2C3(C=CC4C3C(O2)OC(C4C(=O)OC)O)OC1=C)O	0.420271397	""	COCONUT:(CNP0358321)	2097152
36	1	N/A	-379.39217432002835	C16H18O7	[M - H2O + H]+	YAYLZJMYAWCSFK	InChI=1S/C16H18O7/c1-7-16(21)14(20)12-9(3-2-4-10(12)17)13(19)15(16)6-8(22-7)5-11(18)23-15/h2-4,7-8,13-14,17,19-21H,5-6H2,1H3	Ambotz5500138	CC1C2(C(C3=C(C=CC=C3O)C(C24CC(O1)CC(=O)O4)O)O)O	-1.20000005	10782062;85266063	COCONUT:(CNP0317582);MeSH:(10782062);KNApSAcK:(49209);PubChem:(10782062 85266063);PubMed	2097238
37	1	N/A	-402.4559718823057	C16H18O7	[M - H2O + H]+	VYRMVGMGPSPOAC	InChI=1S/C16H18O7/c1-9-4-5-13(22-9)11(7-14(18)21-3)16-15(19)12(17)6-10(23-16)8-20-2/h4-6,11,19H,7-8H2,1-3H3	null	CC1=CC=C(O1)C(CC(=O)OC)C2=C(C(=O)C=C(O2)COC)O	0.699999988	71826770;97424364;97424365	PubChem:(71826770 97424364 97424365);COCONUT:(CNP0401906)	2097154
38	1	N/A	-407.2467413817757	C16H18O7	[M - H2O + H]+	ZGEFAWWFLHUTII	InChI=1S/C16H18O7/c17-9-3-1-8(2-4-9)14(19)22-11-6-16(20)7-21-15-13(16)10(11)5-12(18)23-15/h1-4,10-13,15,17-18,20H,5-7H2	Catalpin	C1C2C(CC3(C2C(OC3)OC1O)O)OC(=O)C4=CC=C(C=C4)O	0.600000024	160573;10591903;50918816;71716362;75582028	COCONUT:(CNP0159104);MeSH:(160573 71716362 75582028);Natural Products:(UNPD17323);PubChem:(160573 10591903 50918816 71716362 75582028);PubMed	2129990
39	1	N/A	-413.7344927656315	C16H18O7	[M - H2O + H]+	ZDTVVJKZWOPSHO	InChI=1S/C16H18O7/c1-13(2)6-7(12(19)20-4)16(23-13)11-10(22-11)15(5-21-15)14(16,3)9(18)8(6)17/h6-7,10-11H,5H2,1-4H3	null	CC1(C2C(C3(O1)C4C(O4)C5(C3(C(=O)C2=O)C)CO5)C(=O)OC)C	-1.29999995	11220966	MeSH:(11220966);PubChem:(11220966);PubMed	70