structureRankPerFormula	formulaRank	ConfidenceScore	CSI:FingerIDScore	molecularFormula	adduct	InChIkey2D	InChI	name	smiles	xlogp	pubchemids	links	dbflags
1	1	N/A	-350.82536361800834	C17H25N5O4	[M + H]+	JAKAFSGZUXCHLF	InChI=1S/C17H25N5O4/c1-25-14-13(24)11(7-23)26-17(14)22-9-20-12-15(18-8-19-16(12)22)21-10-5-3-2-4-6-10/h8-11,13-14,17,23-24H,2-7H2,1H3,(H,18,19,21)	n-cyclohexyl-2''-o-methyladenosine	COC1C(C(OC1N2C=NC3=C(N=CN=C32)NC4CCCCC4)CO)O	0.988607109	164305;18755269;66648393;68225586;122173104	MeSH:(164305 18755269 122173104);PubChem:(164305 18755269 66648393 68225586 122173104);PubMed;CHEBI:(91624);ZINC bio:(ZINC00597419 ZINC13308148 ZINC13308150 ZINC13308152)	8294
2	1	N/A	-394.09040086355765	C17H25N5O4	[M + H]+	MNIPOMXZTBEKHI	InChI=1S/C17H25N5O4/c1-12(23)22-7-5-21(6-8-22)10-15-16(24)14(11-26-15)20-17(25)19-13-3-2-4-18-9-13/h2-4,9,14-16,24H,5-8,10-11H2,1H3,(H2,19,20,25)	null	CC(=O)N1CCN(CC1)CC2C(C(CO2)NC(=O)NC3=CN=CC=C3)O	-1.70000005	125417381	PubChem:(125417381);COCONUT:(CNP0016872)	2097154
3	1	N/A	-396.58797500114366	C17H25N5O4	[M + H]+	YURHRQDCAMOWFM	InChI=1S/C17H25N5O4/c1-23-10-21(11-24-2)16-18-15(14-8-6-5-7-9-14)19-17(20-16)22(12-25-3)13-26-4/h5-9H,10-13H2,1-4H3	N,N,N'',N''-Tetrakis(methoxymethyl)-6-phenyl-1,3,5-triazine-2,4-diamine	COCN(COC)C1=NC(=NC(=N1)C2=CC=CC=C2)N(COC)COC	2.29999995	78336	PubChem:(78336);NORMAN:(NS00031562)	262146
4	1	N/A	-418.5153328770327	C17H25N5O4	[M + H]+	MIBAUVZDWWWONW	InChI=1S/C17H25N5O4/c1-4-10-12(23)13(24)14(25)17(26-10)22-8-21-11-15(18-6-5-9(2)3)19-7-20-16(11)22/h5,7-8,10,12-14,17,23-25H,4,6H2,1-3H3,(H,18,19,20)	null	CCC1C(C(C(C(O1)N2C=NC3=C(N=CN=C32)NCC=C(C)C)O)O)O	0.795414805	53481394	COCONUT:(CNP0001726);HMDB:(12240);PubChem:(53481394)	2097162
1	1	0.13950487069883669	-294.4824171003982	C17H27N5O5	[M - H2O + H]+	SKARDXJHJXIKII	InChI=1S/C17H27N5O5/c1-8-13(23)19-9(2)15(25)21-11(4)17(27)22-7-5-6-12(22)16(26)20-10(3)14(24)18-8/h8-12H,5-7H2,1-4H3,(H,18,24)(H,19,23)(H,20,26)(H,21,25)	null	CC1C(=O)NC(C(=O)N2CCCC2C(=O)NC(C(=O)NC(C(=O)N1)C)C)C	-1.0	101705214;100934852	MeSH:(100934852);PubChem:(101705214 100934852);PubMed	70
2	1	N/A	-375.583840266619	C17H27N5O5	[M - H2O + H]+	VLIOJCYXLGUMDD	InChI=1S/C17H27N5O5/c1-12(23)22-6-5-21(17(26)20-7-9-27-10-8-20)11-14(22)16(25)19-13-3-2-4-18-15(13)24/h13-14H,2-11H2,1H3,(H,18,24)(H,19,25)	(2S)-1-acetyl-4-(morpholine-4-carbonyl)-N-[(3S)-2-oxopiperidin-3-yl]piperazine-2-carboxamide	CC(=O)N1CCN(CC1C(=O)NC2CCCNC2=O)C(=O)N3CCOCC3	-2.0999999	11913275	COCONUT:(CNP0228759);PubChem:(11913275);SuperNatural:(SN00013282);ZINC bio:(ZINC05437522)	3153922
3	1	N/A	-406.03511408662973	C17H27N5O5	[M - H2O + H]+	PQLQGUIYRCWEIB	InChI=1S/C17H27N5O5/c1-4-26-10-11-27-9-8-18-13(23)7-5-6-12-19-14-15(20-12)21(2)17(25)22(3)16(14)24/h4-11H2,1-3H3,(H,18,23)(H,19,20)	null	CCOCCOCCNC(=O)CCCC1=NC2=C(N1)C(=O)N(C(=O)N2C)C	-0.400000006	91824283	PubChem:(91824283);PubChem class - bio and metabolites	16777218