structureRankPerFormula	formulaRank	ConfidenceScore	CSI:FingerIDScore	molecularFormula	adduct	InChIkey2D	InChI	name	smiles	xlogp	pubchemids	links	dbflags
1	1	N/A	-489.8717650864137	C9H22N2O3	[M - H2O + H]+	ADVGCHGMKXOUSI	InChI=1S/C9H22N2O3/c10-2-1-4-12-6-8-14-9-7-13-5-3-11/h1-11H2	1-Propanamine, 3-[2-[2-(2-aminoethoxy)ethoxy]ethoxy]-	C(CN)COCCOCCOCCN	-1.70000005	22639362	PubChem:(22639362);COCONUT:(CNP0157745)	2097154
2	1	N/A	-595.039005247176	C9H22N2O3	[M - H2O + H]+	JUBIAYKRGCULNU	InChI=1S/C9H22N2O3/c1-10(2)5-7-14-6-3-4-11(8-12)9-13/h12-13H,3-9H2,1-2H3	N,N-Dimethylol-3-(2-dimethylaminoethoxy)propylamine	CN(C)CCOCCCN(CO)CO	-0.699999988	106604	PubChem:(106604);NORMAN:(NS00036411)	262146
1	1	0.7913943519053966	-20.510817410073084	C9H20N2O2	[M + H]+	MXNRLFUSFKVQSK	InChI=1S/C9H20N2O2/c1-11(2,3)7-5-4-6-8(10)9(12)13/h8H,4-7,10H2,1-3H3/p+1	Laminine	C[N+](C)(C)CCCCC(C(=O)O)N	-0.47767508	115146;115147;159659;159660;440120;440121;6992003;21723218;58340185;102107754;117065514;126455951;126455952	HMDB:(1325);SuperNatural:(SN00326367 SN00156131);ZINC bio:(ZINC01529747);additional;MeSH:(159659 159660 440120 440121 6992003);Plantcyc:(N6N6N6-TRIMETHYL-L-LYSINE);PubMed;NORMAN:(NS00015043);COCONUT:(CNP0083601 CNP0323643 CNP0324090);KNApSAcK:(51192);Natural Products:(UNPD115791 UNPD117974);PubChem:(115146 115147 159659 159660 440120 440121 6992003 21723218 58340185 102107754 117065514 126455951 126455952);CHEBI:(58100 17311);PubChem class - bio and metabolites;KEGG:(C03793);PubChem class - safety and toxic;Training Set;Biocyc:(N6N6N6-TRIMETHYL-L-LYSINE)	88009086
2	1	N/A	-62.86613468075776	C9H20N2O2	[M + H]+	KEBGMMXWUKWKGB	InChI=1S/C9H20N2O2/c10-7-5-3-1-2-4-6-8(11)9(12)13/h8H,1-7,10-11H2,(H,12,13)	Nonanoic acid, 2,9-diamino-	C(CCCC(C(=O)O)N)CCCN	0.244504005	22708639;137347955	PubChem:(22708639 137347955);PubChem class - bio and metabolites	16777218
3	1	N/A	-68.18821091291042	C9H20N2O2	[M + H]+	CBAWNLIZBXJSFS	InChI=1S/C9H20N2O2/c1-7(2)11-6-4-3-5-8(10)9(12)13/h7-8,11H,3-6,10H2,1-2H3,(H,12,13)	2-amino-6-(propan-2-ylamino)hexanoic acid	CC(C)NCCCCC(C(=O)O)N	0.49993673	7010703;7010704;18421260;58816184	PubChem:(7010703 7010704 18421260 58816184);PubChem class - bio and metabolites	16777218
4	1	N/A	-83.1445708299552	C9H20N2O2	[M + H]+	WSCURHYLJKVMLJ	InChI=1S/C9H20N2O2/c1-11(2,3)8(9(12)13)6-4-5-7-10/h8H,4-7,10H2,1-3H3/p+1	(5-amino-1-carboxypentyl)-trimethylazanium	C[N+](C)(C)C(CCCCN)C(=O)O	-2.20000005	21868225;54439427	COCONUT:(CNP0050824);Natural Products:(UNPD119866);PubChem:(21868225 54439427);SuperNatural:(SN00321328)	3178498
5	1	N/A	-141.8194868035284	C9H20N2O2	[M + H]+	ZSOMLUKLVIXWFO	InChI=1S/C9H20N2O2/c1-9(11,8(12)13)6-4-2-3-5-7-10/h2-7,10-11H2,1H3,(H,12,13)	null	CC(CCCCCCN)(C(=O)O)N	-2.0999999	87814639;137347907	PubChem:(87814639 137347907);PubChem class - bio and metabolites	16777218
6	1	N/A	-145.93249010180193	C9H20N2O2	[M + H]+	KCEGBPIYGIWCDH	InChI=1S/C9H20N2O2/c1-7(10)8(11)5-3-2-4-6-9(12)13/h7-8H,2-6,10-11H2,1H3,(H,12,13)	7,8-diaminononanoate	CC(C(CCCCCC(=O)O)N)N	-2.29999995	652;444178;445025;5460128;25245451;88214312;92573412;101264145	ZINC bio:(ZINC19364244);MeSH:(652);Plantcyc:(DIAMINONONANOATE X-DGLC-HEX-1:5);PubMed;COCONUT:(CNP0083593 CNP0380887);KNApSAcK:(759);PubChem:(652 444178 445025 5460128 25245451 88214312 92573412 101264145);CHEBI:(58500 42085 17830 2247);PubChem class - bio and metabolites;KEGG:(C01037);YMDB:(102);Training Set;Biocyc:(DIAMINONONANOATE)	19097974
7	1	N/A	-227.32047795076167	C9H20N2O2	[M + H]+	OOIACSCGKZSYOU	InChI=1S/C9H21N2O2/c1-11(2,3)7-8-13-9(12)5-4-6-10/h4-8,10H2,1-3H3/q+1	gamma-Aminobutyrylcholine	C[N+](C)(C)CCOC(=O)CCCN	-0.5	164658	MeSH:(164658);PubChem:(164658);PubMed	70
8	1	N/A	-254.54780964147133	C9H20N2O2	[M + H]+	ZFQWJXFJJZUVPI	InChI=1S/C9H20N2O2/c1-9(2,3)13-8(12)11-7-5-4-6-10/h4-7,10H2,1-3H3,(H,11,12)	N-Boc-1,4-butandiamine	CC(C)(C)OC(=O)NCCCCN	0.699999988	4351;7019264;129257812	COCONUT:(CNP0052887);PubChem class - safety and toxic;PubChem:(4351 7019264 129257812);PubMed	69206082
9	1	N/A	-265.8232068113316	C9H20N2O2	[M + H]+	WZZLDXDUQPOXNW	InChI=1S/C9H20N2O2/c1-4-8-13-9(12)10-6-5-7-11(2)3/h4-8H2,1-3H3,(H,10,12)	Plantacur	CCCOC(=O)NCCCN(C)C	1.20000005	32490;17873703;46782788;124202946;138402759	NORMAN:(NS00000441);COCONUT:(CNP0348045);PubChem:(32490 17873703 46782788 124202946 138402759);CHEBI:(82033);ZINC bio:(ZINC02013333);additional;MeSH:(32490);KEGG:(C18885);PubChem class - safety and toxic;Training Set;PubMed	70017382
10	1	N/A	-299.42211600652644	C9H20N2O2	[M + H]+	JMIGZQVLLZKDIS	InChI=1S/C9H20N2O2/c1-5-10-6-7-11-8(12)13-9(2,3)4/h10H,5-7H2,1-4H3,(H,11,12)	AmbotzBNN1036	CCNCCNC(=O)OC(C)(C)C	0.899999976	13855174;86306974	PubChem:(13855174 86306974);PubChem class - safety and toxic	67108866
11	1	N/A	-306.435663910818	C9H20N2O2	[M + H]+	PNQYAMWGTGWJDW	InChI=1S/C9H20N2O2/c1-9(2,3)13-8(12)11(4)7-5-6-10/h5-7,10H2,1-4H3	boc-n-me-1,3-diaminopropane	CC(C)(C)OC(=O)N(C)CCCN	0.5	2756543;7009320;129011302	COCONUT:(CNP0189542);PubChem class - safety and toxic;PubChem:(2756543 7009320 129011302)	69206018
12	1	N/A	-312.97955429854704	C9H20N2O2	[M + H]+	KCBBEHBEAPOBSC	InChI=1S/C9H20N2O2/c1-8(2,3)13-7(12)11-6-9(4,5)10/h6,10H2,1-5H3,(H,11,12)	tert-butyl N-(2-amino-2-methylpropyl)carbamate	CC(C)(C)OC(=O)NCC(C)(C)N	0.600000024	17909918	PubChem:(17909918);PubChem class - safety and toxic	67108866
13	1	N/A	-318.13685044706847	C9H20N2O2	[M + H]+	KGJCYTMWAXWVOM	InChI=1S/C9H20N2O2/c1-5-7(6-10)11-8(12)13-9(2,3)4/h7H,5-6,10H2,1-4H3,(H,11,12)	tert-butyl N-(1-aminobutan-2-yl)carbamate	CCC(CN)NC(=O)OC(C)(C)C	0.899999976	14769741;45091848;57898328	PubChem:(14769741 45091848 57898328);PubChem class - safety and toxic	67108866
14	1	N/A	-326.77486250148496	C9H20N2O2	[M + H]+	DDCDODLZUKEOBE	InChI=1S/C9H20N2O2/c1-3-11(4-2)5-8-9(12)7(10)6-13-8/h7-9,12H,3-6,10H2,1-2H3	null	CCN(CC)CC1C(C(CO1)N)O	-0.800000012	125416320;125416323;129008515	PubChem:(125416320 125416323 129008515);COCONUT:(CNP0044767)	2097154
15	1	N/A	-333.16589944287216	C9H20N2O2	[M + H]+	QWQQJKYSTUZVDK	InChI=1S/C9H20N2O2/c1-7(10)6-11(5)8(12)13-9(2,3)4/h7H,6,10H2,1-5H3	tert-butyl 2-aminopropyl	CC(CN(C)C(=O)OC(C)(C)C)N	0.600000024	53413948;95479530;95479531	PubChem:(53413948 95479530 95479531);PubChem class - safety and toxic	67108866
16	1	N/A	-338.99983653387716	C9H20N2O2	[M + H]+	DFVRUHANEXOZGT	InChI=1S/C9H20N2O2/c1-9(2,3)13-8(12)11(5)7-6-10-4/h10H,6-7H2,1-5H3	ACMC-20mfvr	CC(C)(C)OC(=O)N(C)CCNC	0.699999988	14403871;126682539	PubChem:(14403871 126682539);PubChem class - safety and toxic	67108866
17	1	N/A	-340.4116886450066	C9H20N2O2	[M + H]+	GCORMRJHUSHORI	InChI=1S/C9H20N2O2/c1-5-11(7-6-10)8(12)13-9(2,3)4/h5-7,10H2,1-4H3	ACMC-20aeaj	CCN(CCN)C(=O)OC(C)(C)C	0.5	14139168;71314162	COCONUT:(CNP0027208);PubChem class - safety and toxic;PubChem:(14139168 71314162)	69206018
18	1	N/A	-341.3934188808685	C9H20N2O2	[M + H]+	ORDMEFMUSKDHOL	InChI=1S/C9H20N2O2/c1-7(5-10)6-11-8(12)13-9(2,3)4/h7H,5-6,10H2,1-4H3,(H,11,12)	N-Boc-2-methyl-1,3-diaminopropane	CC(CN)CNC(=O)OC(C)(C)C	0.800000012	44629801;86316718;86316720	PubChem:(44629801 86316718 86316720);PubChem class - safety and toxic	67108866
19	1	N/A	-354.513346529858	C9H20N2O2	[M + H]+	VVGQXMCHKFOTKZ	InChI=1S/C9H20N2O2/c1-8(10(2)3)6-7-13-9(12)11(4)5/h8H,6-7H2,1-5H3	3-(dimethylamino)butyl dimethylcarbamate	CC(CCOC(=O)N(C)C)N(C)C	1.0	9836977;10465092;78226023	PubChem:(9836977 10465092 78226023);PubMed;PubChem class - bio and metabolites	16777282
20	1	N/A	-383.294046562497	C9H20N2O2	[M + H]+	NVUWUDUEKXDLAG	InChI=1S/C9H20N2O2/c1-7(6-10)11(5)8(12)13-9(2,3)4/h7H,6,10H2,1-5H3	null	CC(CN)N(C)C(=O)OC(C)(C)C	0.600000024	55272455;64421304;95366350	PubChem:(55272455 64421304 95366350);PubChem class - safety and toxic	67108866