structureRankPerFormula	formulaRank	ConfidenceScore	CSI:FingerIDScore	molecularFormula	adduct	InChIkey2D	InChI	name	smiles	xlogp	pubchemids	links	dbflags
1	1	0.8134019350241406	-1.4555189659035064	C9H8O4	[M + H]+	QAIPRVGONGVQAS	InChI=1S/C9H8O4/c10-7-3-1-6(5-8(7)11)2-4-9(12)13/h1-5,10-11H,(H,12,13)	Caffeate	C1=CC(=C(C=C1C=CC(=O)O)O)O	0.97017473	2518;1549111;689043;11458067;16109948;46780148;54681167;54691412;54710367;71309625;71434158;76973924;90769002;101215182;100923614;131866465	HMDB:(1964 3501 125102);SuperNatural:(SN00280300 SN00000970 SN00293240);ZINC bio:(ZINC00058172 ZINC04482687);additional;HSDB:(331-39-5);MeSH:(689043);Plantcyc:(CPD-676 CPD-8098);PubMed;NORMAN:(NS00010313);COCONUT:(CNP0082755 CNP0186784);KNApSAcK:(615);Natural Products:(UNPD52427 UNPD121048 UNPD216267);PubChem:(2518 1549111 689043 11458067 16109948 46780148 54681167 54691412 54710367 71309625 71434158 76973924 90769002 101215182 100923614 131866465);CHEBI:(16433 36281 58129 57770 17395);PubChem class - bio and metabolites;EcoCyc Mine;KEGG:(C01197 C01481);PubChem class - safety and toxic;YMDB:(1645);Training Set;PubChem class - drug;Biocyc:(CPD-676 CPD-8098)	17301498750
2	1	N/A	-84.75014655485722	C9H8O4	[M + H]+	SIUKXCMDYPYCLH	InChI=1S/C9H8O4/c10-7-3-1-2-6(9(7)13)4-5-8(11)12/h1-5,10,13H,(H,11,12)	2,3-dihydroxycinnamate	C1=CC(=C(C(=C1)O)O)C=CC(=O)O	1.20000005	193669;5282146;54724355	HMDB:(32057 140954);SuperNatural:(SN00283043);ZINC bio:(ZINC02504956 ZINC62592267);MeSH:(5282146);PubMed;COCONUT:(CNP0316964);Natural Products:(UNPD76808);PubChem:(193669 5282146 54724355);CHEBI:(58642 48681 32356);PubChem class - bio and metabolites;KEGG:(C12623);Biocyc:(CPD-10796)	19966318
3	1	N/A	-88.32782734982682	C9H8O4	[M + H]+	JXIPYOZBOMUUCA	InChI=1S/C9H8O4/c10-7-2-3-8(11)6(5-7)1-4-9(12)13/h1-5,10-11H,(H,12,13)	2,5-Dihydroxycinnamic acid	C1=CC(=C(C=C1O)C=CC(=O)O)O	1.20000005	181581;6442618;54740953;97114385	COCONUT:(CNP0110380);HMDB:(134041 140956);Natural Products:(UNPD3402);PubChem:(181581 6442618 54740953 97114385);SuperNatural:(SN00257664);PubChem class - bio and metabolites;EcoCyc Mine;Training Set;PubMed;KEGG Mine	25789775946
4	1	N/A	-89.49378026608785	C9H8O4	[M + H]+	MFFCZSWTQMCKFP	InChI=1S/C9H8O4/c10-7-3-6(1-2-9(12)13)4-8(11)5-7/h1-5,10-11H,(H,12,13)	3,5-Dihydroxycinnamic acid	C1=C(C=C(C=C1O)O)C=CC(=O)O	1.20000005	193631;6443769;131751262;139243421	COCONUT:(CNP0306704);HMDB:(32131 125527 125589);Natural Products:(UNPD63975);PubChem:(193631 6443769 131751262 139243421);SuperNatural:(SN00294812);PubChem class - bio and metabolites;EcoCyc Mine;MeSH:(6443769);PubMed;KEGG Mine	25789759566
5	1	N/A	-92.0841264204803	C9H8O4	[M + H]+	WFVBGDQDYLTEJX	InChI=1S/C9H8O4/c10-7-2-1-3-8(11)6(7)4-5-9(12)13/h1-5,10-11H,(H,12,13)	(E)-3-(2,6-dihydroxyphenyl)prop-2-enoic acid	C1=CC(=C(C(=C1)O)C=CC(=O)O)O	1.20000005	22323399;66851299;139243422	COCONUT:(CNP0153086);EcoCyc Mine;Natural Products:(UNPD226596 UNPD186788);PubChem:(22323399 66851299 139243422);KEGG Mine	25771933698
6	1	N/A	-101.37006975529323	C9H8O4	[M + H]+	HGEFWFBFQKWVMY	InChI=1S/C9H8O4/c10-7-3-1-6(8(11)5-7)2-4-9(12)13/h1-5,10-11H,(H,12,13)	ACMC-20aocu	C1=CC(=C(C=C1O)O)C=CC(=O)O	1.20000005	446611;3359493;23633162;54708747;90657955	HMDB:(126377 132508);SuperNatural:(SN00299501);ZINC bio:(ZINC02043461 ZINC33473296);Plantcyc:(CPD-9800 X-DGAL-HEX-1:5 CPD-14005 CPD-15147);PubMed;COCONUT:(CNP0192872);KNApSAcK:(38786);Natural Products:(UNPD115140 UNPD61817);PubChem:(446611 3359493 23633162 54708747 90657955);YMDB Mine;PubChem class - bio and metabolites;EcoCyc Mine;PubChem class - safety and toxic;Biocyc:(CPD-9800 CPD-14005 CPD-15147);KEGG Mine	60216748122
7	1	N/A	-117.2272517902567	C9H8O4	[M + H]+	GQYBCIHRWMPOOF	InChI=1S/C9H8O4/c10-7-3-1-6(2-4-7)5-8(11)9(12)13/h1-5,10-11H,(H,12,13)	4-Hydroxy-enol-phenylpyruvate	C1=CC(=CC=C1C=C(C(=O)O)O)O	1.39999998	636708;440642;444783;54703301	COCONUT:(CNP0185306);HMDB:(6915);Natural Products:(UNPD49070);PubChem:(636708 440642 444783 54703301);YMDB Mine;CHEBI:(27683);PubChem class - bio and metabolites;KEGG:(C05350);PubMed;Biocyc:(CPD-21004)	34378647914
8	1	N/A	-180.07724831113836	C9H8O4	[M + H]+	QNUWEXSGZVBMDV	InChI=1S/C9H8O4/c10-8(11)5-6-2-1-3-7(4-6)9(12)13/h1-4H,5H2,(H,10,11)(H,12,13)	3-(carboxymethyl)benzoic acid	C1=CC(=CC(=C1)C(=O)O)CC(=O)O	0.955733955	268227	PubChem:(268227);COCONUT:(CNP0086934)	2097154
9	1	N/A	-180.50845999372646	C9H8O4	[M + H]+	UFMBOFGKHIXOTA	InChI=1S/C9H8O4/c1-5-4-6(8(10)11)2-3-7(5)9(12)13/h2-4H,1H3,(H,10,11)(H,12,13)	Methylterephthalic acid	CC1=C(C=CC(=C1)C(=O)O)C(=O)O	1.29999995	228086;22138327	EcoCyc Mine;PubChem class - safety and toxic;PubChem:(228086 22138327);PubMed;KEGG Mine	25836912706
10	1	N/A	-191.69816511049893	C9H8O4	[M + H]+	NZRDKNBIPVLNHA	InChI=1S/C9H8O4/c1-5(10)6-2-3-8(11)7(4-6)9(12)13/h2-4,11H,1H3,(H,12,13)	5-Acetylsalicylic acid	CC(=O)C1=CC(=C(C=C1)O)C(=O)O	0.716558754	83151;54694281;100995986	NORMAN:(NS00024145);PubChem:(83151 54694281 100995986);additional;PubChem class - safety and toxic;Training Set;PubMed	67911746
11	1	N/A	-193.97267543444164	C9H8O4	[M + H]+	IBFJDBNISOJRCW	InChI=1S/C9H8O4/c1-5-3-2-4-6(8(10)11)7(5)9(12)13/h2-4H,1H3,(H,10,11)(H,12,13)	3-Methylphthalate	CC1=C(C(=CC=C1)C(=O)O)C(=O)O	1.27747345	35357;22751737	EcoCyc Mine;MeSH:(35357);PubChem:(35357 22751737);PubMed;KEGG Mine	25769803846
12	1	N/A	-194.12722019300173	C9H8O4	[M + H]+	PNYWALDMLUDDTA	InChI=1S/C9H8O4/c10-7-3-1-2-6(4-7)5-8(11)9(12)13/h1-4,10H,5H2,(H,12,13)	3-Hydroxyphenylpyruvate	C1=CC(=CC(=C1)O)CC(=O)C(=O)O	0.826182008	5318321	COCONUT:(CNP0150167 CNP0228367);HMDB:(11663);Natural Products:(UNPD161889);PubChem:(5318321);SuperNatural:(SN00237100 SN00158540);YMDB Mine;ZINC bio:(ZINC13542398);EcoCyc Mine;PubMed;KEGG Mine	60132728906
13	1	N/A	-195.86922725834813	C9H8O4	[M + H]+	CWJJAFQCTXFSTA	InChI=1S/C9H8O4/c1-5-2-3-6(8(10)11)7(4-5)9(12)13/h2-4H,1H3,(H,10,11)(H,12,13)	4-methylphthalate	CC1=CC(=C(C=C1)C(=O)O)C(=O)O	1.27747345	20310;6950362	NORMAN:(NS00031313);PubChem:(20310 6950362);PubChem class - bio and metabolites;EcoCyc Mine;MeSH:(20310);PubChem class - safety and toxic;PubMed;KEGG Mine	25853952070
14	1	N/A	-197.21573813664628	C9H8O4	[M + H]+	ZHLWCBHWYUISFY	InChI=1S/C9H8O4/c10-7(8(11)9(12)13)6-4-2-1-3-5-6/h1-5,7,10H,(H,12,13)	(S)-3-hydroxyphenylpyruvate	C1=CC=C(C=C1)C(C(=O)C(=O)O)O	0.699999988	19688953;21954858;71581094;71581093;129664270	COCONUT:(CNP0056799);PubChem:(19688953 21954858 71581094 71581093 129664270);SuperNatural:(SN00215823);CHEBI:(73948 73985);EcoCyc Mine;YMDB:(151);KEGG Mine	25773015074
15	1	N/A	-197.28713740782425	C9H8O4	[M + H]+	PMZBHPUNQNKBOA	InChI=1S/C9H8O4/c1-5-2-6(8(10)11)4-7(3-5)9(12)13/h2-4H,1H3,(H,10,11)(H,12,13)	3,5-Dicarboxytoluene	CC1=CC(=CC(=C1)C(=O)O)C(=O)O	1.29999995	68137;6993929	NORMAN:(NS00031983);EcoCyc Mine;PubChem class - safety and toxic;PubChem:(68137 6993929);PubMed	17247240258
16	1	N/A	-198.5900076640608	C9H8O4	[M + H]+	NGMYCWFGNSXLMP	InChI=1S/C9H8O4/c1-6(10)13-8-4-2-3-7(5-8)9(11)12/h2-5H,1H3,(H,11,12)	ACMC-20anav	CC(=O)OC1=CC=CC(=C1)C(=O)O	1.23876059	238669;17865373	COCONUT:(CNP0151930);Natural Products:(UNPD85769);PubChem:(238669 17865373);SuperNatural:(SN00229736);ZINC bio:(ZINC00403231);PubChem class - safety and toxic	70295554
17	1	N/A	-200.11600027944712	C9H8O4	[M + H]+	ZHQLTKAVLJKSKR	InChI=1S/C9H8O4/c10-8(11)5-6-3-1-2-4-7(6)9(12)13/h1-4H,5H2,(H,10,11)(H,12,13)	Homophthalic acid	C1=CC=C(C(=C1)CC(=O)O)C(=O)O	0.955733955	66643;3576676;22667305	NORMAN:(NS00039333);COCONUT:(CNP0031553 CNP0266947);Natural Products:(UNPD111466);PubChem:(66643 3576676 22667305);SuperNatural:(SN00117971);ZINC bio:(ZINC00265888);PubChem class - bio and metabolites;MeSH:(66643);PubChem class - safety and toxic;PubMed	87334982
18	1	N/A	-200.37506685623842	C9H8O4	[M + H]+	NTBSWACRSMKRRB	InChI=1S/C9H8O4/c10-7-4-2-1-3-6(7)5-8(11)9(12)13/h1-4,10H,5H2,(H,12,13)	3-(2-hydroxyphenyl)-2-oxopropanoic acid	C1=CC=C(C(=C1)CC(=O)C(=O)O)O	0.826182008	5318322	COCONUT:(CNP0131822 CNP0164162);Natural Products:(UNPD159005);PubChem:(5318322);SuperNatural:(SN00158506);YMDB Mine;EcoCyc Mine;KEGG Mine	60132720642
19	1	N/A	-201.50001378736957	C9H8O4	[M + H]+	XJKWVPNWHOCFBR	InChI=1S/C9H8O4/c1-13-9(12)7-4-6(5-10)2-3-8(7)11/h2-5,11H,1H3	Methyl 5-Formylsalicylate	COC(=O)C1=C(C=CC(=C1)C=O)O	1.03687441	14363598	PubChem:(14363598);PubChem class - safety and toxic	67108866
20	1	N/A	-203.95392532117467	C9H8O4	[M + H]+	PDAVOLCVHOKLEO	InChI=1S/C9H8O4/c1-7(10)12-13-9(11)8-5-3-2-4-6-8/h2-6H,1H3	Acetozone	CC(=O)OOC(=O)C1=CC=CC=C1	1.89999998	12568;101050316;101050317;101050318;101050319;101050320;101050321;101050322;101050323;101050324	HSDB:(644-31-5);NORMAN:(NS00035696);PubChem class - safety and toxic;PubChem:(12568 101050316 101050317 101050318 101050319 101050320 101050321 101050322 101050323 101050324);PubMed	67371586
21	1	N/A	-204.45321480392803	C9H8O4	[M + H]+	HRXAQVGNCWFWTL	InChI=1S/C9H8O4/c10-7-3-1-6(2-4-7)8(11)5-9(12)13/h1-4,10H,5H2,(H,12,13)	4-hydroxybenzoyl-acetate	C1=CC(=CC=C1C(=O)CC(=O)O)O	0.899999976	14496584;22006196	COCONUT:(CNP0180291);Natural Products:(UNPD121040);PubChem:(14496584 22006196);SuperNatural:(SN00342375);Plantcyc:(CPD-10599);Biocyc:(CPD-10599);KEGG Mine	8593246210
22	1	N/A	-204.58439778598478	C9H8O4	[M + H]+	OYNIIKHNXNPSAG	InChI=1S/C9H8O4/c10-5-7-1-3-8(4-2-7)13-6-9(11)12/h1-5H,6H2,(H,11,12)	2-(4-formylphenoxy)acetate	C1=CC(=CC=C1C=O)OCC(=O)O	0.972553551	89177;4413138	NORMAN:(NS00027034);PubChem class - safety and toxic;PubChem:(89177 4413138)	67371010
23	1	N/A	-208.85653523716167	C9H8O4	[M + H]+	WWYDYZMNFQIYPT	InChI=1S/C9H8O4/c10-8(11)7(9(12)13)6-4-2-1-3-5-6/h1-5,7H,(H,10,11)(H,12,13)	benzylmalonate	C1=CC=C(C=C1)C(C(=O)O)C(=O)O	0.845785499	75791;6950206;11206880	NORMAN:(NS00028035);COCONUT:(CNP0020900);PubChem:(75791 6950206 11206880);ZINC bio:(ZINC08465797);PubChem class - bio and metabolites;MeSH:(75791);PubChem class - safety and toxic;PubMed;Biocyc:(CPD-2462);KEGG Mine	8676190278
24	1	N/A	-208.98529873913424	C9H8O4	[M + H]+	IDTFANFXLFNLMC	InChI=1S/C9H8O4/c1-13-7-4-2-6(3-5-7)8(10)9(11)12/h2-5H,1H3,(H,11,12)	2-(4-methoxyphenyl)-2-oxoacetate	COC1=CC=C(C=C1)C(=O)C(=O)O	1.29999995	584714;17872292	COCONUT:(CNP0281347);Natural Products:(UNPD183146);PubChem:(584714 17872292);SuperNatural:(SN00224117);ZINC bio:(ZINC05359001);PubChem class - safety and toxic;PubMed;KEGG Mine	8660230210
25	1	N/A	-209.08425499507436	C9H8O4	[M + H]+	FPBXWXGOFQSROI	InChI=1S/C9H8O4/c1-5(10)7-4-6(9(12)13)2-3-8(7)11/h2-4,11H,1H3,(H,12,13)	3-acetyl-4-hydroxybenzoate	CC(=O)C1=C(C=CC(=C1)C(=O)O)O	0.716558754	9179245;54680037	PubChem:(9179245 54680037);COCONUT:(CNP0076310)	2097154
26	1	N/A	-213.8791543081184	C9H8O4	[M + H]+	AAOLKUONXGOAGA	InChI=1S/C9H8O4/c1-5-2-6(4-10)3-7(8(5)11)9(12)13/h2-4,11H,1H3,(H,12,13)	Oprea1_539863	CC1=CC(=CC(=C1O)C(=O)O)C=O	1.11052287	80438	NORMAN:(NS00035119);Training Set;PubChem:(80438)	278530
27	1	N/A	-219.01322783072607	C9H8O4	[M + H]+	KKADPXVIOXHVKN	InChI=1S/C9H8O4/c10-7-3-1-6(2-4-7)5-8(11)9(12)13/h1-4,10H,5H2,(H,12,13)	Testacid	C1=CC(=CC=C1CC(=O)C(=O)O)O	0.899999976	979;6971070;53998767;135027218	HMDB:(707);SuperNatural:(SN00001772 SN00314247);ZINC bio:(ZINC00895711);additional;MeSH:(979 6971070);Plantcyc:(P-HYDROXY-PHENYLPYRUVATE);PubMed;NORMAN:(NS00015136);COCONUT:(CNP0085792 CNP0412003);Natural Products:(UNPD133631);PubChem:(979 6971070 53998767 135027218);CHEBI:(15999 36242);PubChem class - bio and metabolites;KEGG:(C01179);PubChem class - safety and toxic;YMDB:(958);Training Set;Biocyc:(P-HYDROXY-PHENYLPYRUVATE)	88074606
28	1	N/A	-221.4354395549306	C9H8O4	[M + H]+	LMWSIQGMRIVDCJ	InChI=1S/C9H8O4/c1-13-7-3-2-6(5-10)8(4-7)9(11)12/h2-5H,1H3,(H,11,12)	2-formyl-5-methoxybenzoate	COC1=CC(=C(C=C1)C=O)C(=O)O	0.899999976	7176204;7176205	PubChem class - safety and toxic;PubChem:(7176204 7176205);PubMed	67108930
29	1	N/A	-222.71565816469425	C9H8O4	[M + H]+	DMEDOWYXHVUPMO	InChI=1S/C9H8O4/c10-8(11)5-6-1-3-7(4-2-6)9(12)13/h1-4H,5H2,(H,10,11)(H,12,13)	4-Carboxybenzeneacetic acid	C1=CC(=CC=C1CC(=O)O)C(=O)O	0.955733955	220005;36688605;135132430	PubChem class - safety and toxic;PubChem:(220005 36688605 135132430);PubMed	67108930
30	1	N/A	-224.52775977465217	C9H8O4	[M + H]+	BSYNRYMUTXBXSQ	InChI=1S/C9H8O4/c1-6(10)13-8-5-3-2-4-7(8)9(11)12/h2-5H,1H3,(H,11,12)	Aceticyl	CC(=O)OC1=CC=CC=C1C(=O)O	1.23876059	2244;450661;3434975;12280114;46780045;53699567;59850305;66995530;67732322;71309054;76973140;90936565;102100677;102100678;102100679	HMDB:(1879);SuperNatural:(SN00262542 SN00000007);ZINC bio:(ZINC00000053);additional;HSDB:(50-78-2);MeSH:(2244);PubMed;NORMAN:(NS00000658);COCONUT:(CNP0300507 CNP0372149);Natural Products:(UNPD585);PubChem:(2244 450661 3434975 12280114 46780045 53699567 59850305 66995530 67732322 71309054 76973140 90936565 102100677 102100678 102100679);CHEBI:(13719 15365);PubChem class - bio and metabolites;KEGG:(C01405);PubChem class - safety and toxic;Training Set;PubChem class - drug;Biocyc:(CPD-524)	121432942
31	1	N/A	-224.83601862199237	C9H8O4	[M + H]+	GDBUZIKSJGRBJP	InChI=1S/C9H8O4/c1-6(10)13-8-4-2-7(3-5-8)9(11)12/h2-5H,1H3,(H,11,12)	bmse010135	CC(=O)OC1=CC=C(C=C1)C(=O)O	1.23876059	16865;5028710	NORMAN:(NS00027422);COCONUT:(CNP0307817);Natural Products:(UNPD15019);PubChem:(16865 5028710);SuperNatural:(SN00336229);CHEBI:(86560);ZINC bio:(ZINC00225517);PubChem class - safety and toxic;PubMed	70557794
32	1	N/A	-225.981397278708	C9H8O4	[M + H]+	ADSJCWKOKYOJSZ	InChI=1S/C9H8O4/c1-13-9(12)6-2-3-8(11)7(4-6)5-10/h2-5,11H,1H3	ACMC-20adzr	COC(=O)C1=CC(=C(C=C1)O)C=O	1.39999998	212595	PubChem:(212595);PubChem class - safety and toxic	67108866
33	1	N/A	-228.30175874159124	C9H8O4	[M + H]+	REIDAMBAPLIATC	InChI=1S/C9H8O4/c1-13-9(12)7-4-2-6(3-5-7)8(10)11/h2-5H,1H3,(H,10,11)	Homoterephthalic acid	COC(=O)C1=CC=C(C=C1)C(=O)O	1.20382488	15513;3614454;76973314	NORMAN:(NS00025513);COCONUT:(CNP0165133);Natural Products:(UNPD115989);PubChem:(15513 3614454 76973314);ZINC bio:(ZINC00163686);HSDB:(1679-64-7);EcoCyc Mine;MeSH:(15513);PubChem class - safety and toxic;PubMed;KEGG Mine	25839313478
34	1	N/A	-228.81459015295619	C9H8O4	[M + H]+	ORHLCMSLZMWBER	InChI=1S/C9H8O4/c10-7-1-4-9(13,5-2-7)6-3-8(11)12/h1-6,13H,(H,11,12)	null	C1=CC(C=CC1=O)(C=CC(=O)O)O	-0.200000003	132353264	PubChem:(132353264);COCONUT:(CNP0086939)	2097154
35	1	N/A	-229.59794721040046	C9H8O4	[M + H]+	WMZNGTSLFSJHMZ	InChI=1S/C9H8O4/c1-13-9(12)7-4-2-3-6(5-7)8(10)11/h2-5H,1H3,(H,10,11)	Monomethyl isophthalate	COC(=O)C1=CC=CC(=C1)C(=O)O	1.20382488	601880;6951279	EcoCyc Mine;PubChem class - safety and toxic;PubChem:(601880 6951279);PubMed;ZINC bio:(ZINC00404191)	17246986306
36	1	N/A	-237.37150257950066	C9H8O4	[M + H]+	ANWMNLAAFDCKMT	InChI=1S/C9H8O4/c10-5-7-3-1-2-4-8(7)13-6-9(11)12/h1-5H,6H2,(H,11,12)	2-(2-formylphenoxy)acetate	C1=CC=C(C(=C1)C=O)OCC(=O)O	0.972553551	46533;4746969	NORMAN:(NS00035171);COCONUT:(CNP0032768);PubChem:(46533 4746969);SuperNatural:(SN00118740);ZINC bio:(ZINC00562681);PubChem class - safety and toxic;PubMed	70524994
37	1	N/A	-238.47855318588873	C9H8O4	[M + H]+	FNJSWIPFHMKRAT	InChI=1S/C9H8O4/c1-13-9(12)7-5-3-2-4-6(7)8(10)11/h2-5H,1H3,(H,10,11)	D 3 (ester)	COC(=O)C1=CC=CC=C1C(=O)O	1.20382488	20392;6950538;71750650;102463002	HMDB:(2130);ZINC bio:(ZINC00391887);additional;MeSH:(20392);PubMed;NORMAN:(NS00015621);COCONUT:(CNP0084158);PubChem:(20392 6950538 71750650 102463002);CHEBI:(89749);PubChem class - bio and metabolites;EcoCyc Mine;PubChem class - safety and toxic;Training Set;PubChem class - drug;KEGG Mine	25890152558
38	1	N/A	-238.95856591389904	C9H8O4	[M + H]+	VCLSWKVAHAJSFL	InChI=1S/C9H8O4/c10-9(11)6-2-1-3-7-8(6)13-5-4-12-7/h1-3H,4-5H2,(H,10,11)	Oprea1_251985	C1COC2=C(C=CC=C2O1)C(=O)O	1.20000005	78184;7154158	NORMAN:(NS00016251);PubChem class - safety and toxic;PubChem:(78184 7154158);PubMed;PubChem class - bio and metabolites	84148290
39	1	N/A	-239.73611674214405	C9H8O4	[M + H]+	YIZSVEAVNICESG	InChI=1S/C9H8O4/c1-13-8-4-2-3-6(9(11)12)7(8)5-10/h2-5H,1H3,(H,11,12)	Benzoic acid, 2-formyl-3-methoxy-	COC1=CC=CC(=C1C=O)C(=O)O	1.03687441	12730356	COCONUT:(CNP0254141);Natural Products:(UNPD155797);PubChem:(12730356);SuperNatural:(SN00314156)	3178498
40	1	N/A	-241.1075812682184	C9H8O4	[M + H]+	HFDRLLQFITZSMY	InChI=1S/C9H8O4/c1-13-9(12)6-3-2-4-8(11)7(6)5-10/h2-5,11H,1H3	Benzoic acid, 2-formyl-3-hydroxy-, methyl ester	COC(=O)C1=C(C(=CC=C1)O)C=O	1.39999998	14774772	COCONUT:(CNP0356488);Natural Products:(UNPD66055);PubChem:(14774772);SuperNatural:(SN00380148)	3178498
41	1	N/A	-248.9769997027417	C9H8O4	[M + H]+	MCKJFLUAUQBSEZ	InChI=1S/C9H8O4/c1-13-9-7(5-11)2-6(4-10)3-8(9)12/h2-5,12H,1H3	5-hydroxy-4-methoxybenzene-1,3-dicarbaldehyde	COC1=C(C=C(C=C1O)C=O)C=O	0.5	3756680	PubChem class - safety and toxic;PubChem:(3756680);PubMed	67108930
42	1	N/A	-250.8620284820636	C9H8O4	[M + H]+	WDYYLHVXCSRDRG	InChI=1S/C9H8O4/c1-13-9(12)8-6(5-10)3-2-4-7(8)11/h2-5,11H,1H3	methyl 2-formyl-6-hydroxybenzoate	COC(=O)C1=C(C=CC=C1O)C=O	1.39999998	346008	COCONUT:(CNP0108141);Natural Products:(UNPD38762);PubChem:(346008);SuperNatural:(SN00368270)	3178498
43	1	N/A	-253.21572558411427	C9H8O4	[M + H]+	ODVLMCWNGKLROU	InChI=1S/C9H8O4/c10-9(11)4-6-1-2-7-8(3-6)13-5-12-7/h1-3H,4-5H2,(H,10,11)	Oprea1_381545	C1OC2=C(O1)C=C(C=C2)CC(=O)O	1.30645657	76115;6921877;57536812;57614588	NORMAN:(NS00028512);COCONUT:(CNP0150801 CNP0369683);PubChem:(76115 6921877 57536812 57614588);SuperNatural:(SN00042868);ZINC bio:(ZINC00058276);PubChem class - safety and toxic;PubMed	70524994
44	1	N/A	-254.879923014482	C9H8O4	[M + H]+	CFKGGYABZGKDEO	InChI=1S/C9H8O4/c1-13-7-4-2-3-6(5-10)8(7)9(11)12/h2-5H,1H3,(H,11,12)	2-formyl-6-methoxybenzoic acid	COC1=CC=CC(=C1C(=O)O)C=O	1.03687441	4097567;7016219	COCONUT:(CNP0251423);Natural Products:(UNPD42026);PubChem:(4097567 7016219);SuperNatural:(SN00309313)	3178498
45	1	N/A	-259.520799307623	C9H8O4	[M + H]+	QNJOLQNPVQFSBN	InChI=1S/C9H8O4/c10-6-3-1-2-5(4-6)7-8(13-7)9(11)12/h1-4,7-8,10H,(H,11,12)	null	C1=CC(=CC(=C1)O)C2C(O2)C(=O)O	0.699999988	131839512	EcoCyc Mine;HMDB:(140955);PubChem:(131839512);KEGG Mine;PubChem class - bio and metabolites	25786581002
46	1	N/A	-260.06269830895593	C9H8O4	[M + H]+	CVXRFXBUWVROPP	InChI=1S/C9H8O4/c1-5-8(12)2-6(3-10)7(4-11)9(5)13/h2-4,12-13H,1H3	null	CC1=C(C=C(C(=C1O)C=O)C=O)O	1.10000002	101282014	PubChem:(101282014);COCONUT:(CNP0338623)	2097154
47	1	N/A	-265.71915361559655	C9H8O4	[M + H]+	YFRDJVJDAXMXSQ	InChI=1S/C9H8O4/c10-6-13-8(9(11)12)7-4-2-1-3-5-7/h1-6,8H,(H,11,12)	formyloxyphenylacetate	C1=CC=C(C=C1)C(C(=O)O)OC=O	1.39999998	119863;12834137;53629088;92290018	NORMAN:(NS00051326);PubChem:(119863 12834137 53629088 92290018);KEGG Mine	8590196738
48	1	N/A	-268.3623151424805	C9H8O4	[M + H]+	HMBHAQMOBKLWRX	InChI=1S/C9H8O4/c10-9(11)8-5-12-6-3-1-2-4-7(6)13-8/h1-4,8H,5H2,(H,10,11)	Oprea1_073520	C1C(OC2=CC=CC=C2O1)C(=O)O	0.955808222	687061;687062;2735450;5216175;6921480;6921481	PubChem class - safety and toxic;PubChem:(687061 687062 2735450 5216175 6921480 6921481);PubMed;KEGG Mine;PubChem class - bio and metabolites	8673820738
49	1	N/A	-271.4332759936187	C9H8O4	[M + H]+	JZBJPZFGODGBFM	InChI=1S/C9H8O4/c10-6-4-2-1-3-5(6)7-8(13-7)9(11)12/h1-4,7-8,10H,(H,11,12)	null	C1=CC=C(C(=C1)C2C(O2)C(=O)O)O	0.699999988	131837799	EcoCyc Mine;HMDB:(134040);PubChem:(131837799);KEGG Mine;PubChem class - bio and metabolites	25786581002
50	1	N/A	-276.680753376996	C9H8O4	[M + H]+	QCHGUEIECOASJU	InChI=1S/C9H8O4/c1-11-9(10)6-2-3-7-8(4-6)13-5-12-7/h2-4H,5H2,1H3	Methyl piperonylate	COC(=O)C1=CC2=C(C=C1)OCO2	1.55454755	67590	NORMAN:(NS00029315);COCONUT:(CNP0297612);Natural Products:(UNPD53317);PubChem:(67590);SuperNatural:(SN00302179);ZINC bio:(ZINC00397788);MeSH:(67590);PubChem class - safety and toxic;PubMed	70557766
51	1	N/A	-277.1128543638103	C9H8O4	[M + H]+	YVNRFQCFZVYDRO	InChI=1S/C9H8O4/c1-13-8-3-6(4-10)2-7(5-11)9(8)12/h2-5,12H,1H3	5-Formylvanillin	COC1=CC(=CC(=C1O)C=O)C=O	0.86992389	18035	NORMAN:(NS00028665);COCONUT:(CNP0113703);Natural Products:(UNPD137893);PubChem:(18035);SuperNatural:(SN00269832);ZINC bio:(ZINC00294997);PubChem class - safety and toxic;PubMed	70557762
52	1	N/A	-278.79215159480935	C9H8O4	[M + H]+	ACOFACMTVIGUGM	InChI=1S/C9H8O4/c1-13-9(12)8(11)6-2-4-7(10)5-3-6/h2-5,10H,1H3	Methyl 4-hydroxybenzoylcarboxylate	COC(=O)C(=O)C1=CC=C(C=C1)O	1.29999995	3084696;88920439	NORMAN:(NS00030366);COCONUT:(CNP0422883);Natural Products:(UNPD217445);PubChem:(3084696 88920439);ZINC bio:(ZINC14504210);KEGG Mine	8592334850
53	1	N/A	-280.92304916077313	C9H8O4	[M + H]+	QNHQEUFMIKRNTB	InChI=1S/C9H8O4/c10-6-3-5-1-2-9(12)13-8(5)4-7(6)11/h3-4,10-11H,1-2H2	2H-1-Benzopyran-2-one, 3,4-dihydro-6,7-dihydroxy-	C1CC(=O)OC2=CC(=C(C=C21)O)O	0.899999976	14701353	COCONUT:(CNP0106848);Natural Products:(UNPD220223);PubChem:(14701353);PubMed;KEGG Mine	8592064578
54	1	N/A	-281.4604054374117	C9H8O4	[M + H]+	UCVOVUPTIUKZET	InChI=1S/C9H8O4/c10-6-3-1-5(2-4-6)7-8(13-7)9(11)12/h1-4,7-8,10H,(H,11,12)	null	C1=CC(=CC=C1C2C(O2)C(=O)O)O	0.699999988	131832271	HMDB:(125805);PubChem:(131832271);YMDB Mine;KEGG Mine;PubChem class - bio and metabolites	42966450186
55	1	N/A	-283.5382390373096	C9H8O4	[M + H]+	JWZQJTGQFHIRFQ	InChI=1S/C9H8O4/c10-9(11)6-1-2-7-8(5-6)13-4-3-12-7/h1-2,5H,3-4H2,(H,10,11)	zlchem 485	C1COC2=C(O1)C=CC(=C2)C(=O)O	0.992655516	2758833;7062441	PubChem class - safety and toxic;PubChem:(2758833 7062441);PubMed	67108930
56	1	N/A	-284.86047389184284	C9H8O4	[M + H]+	KBVWPCXFPMMRFY	InChI=1S/C9H8O4/c1-5-2-8(12)9(13)3-7(11)6(5)4-10/h2-4,11H,1H3,(H,12,13)	null	CC1=CC(=O)C(=CC(=C1C=O)O)O	0.5	136759128	PubChem:(136759128);PubMed;Biocyc:(CPD-18148)	2114
57	1	N/A	-285.836388069925	C9H8O4	[M + H]+	JNEAWAJKXCLSEX	InChI=1S/C9H8O4/c10-7-1-2-8-6(5-7)3-4-9(11,12)13-8/h1-5,10-12H	null	C1=CC2=C(C=CC(O2)(O)O)C=C1O	0.600000024	101681785	COCONUT:(CNP0192564);Natural Products:(UNPD191812);PubChem:(101681785);SuperNatural:(SN00398691)	3178498
58	1	N/A	-286.43721740676347	C9H8O4	[M + H]+	YXZAANSFGURKCL	InChI=1S/C9H8O4/c1-13-9(12)8(11)6-4-2-3-5-7(6)10/h2-5,10H,1H3	methyl 2-(2-hydroxyphenyl)-2-oxoacetate	COC(=O)C(=O)C1=CC=CC=C1O	1.07427287	182159	COCONUT:(CNP0103137);Natural Products:(UNPD5016);PubChem:(182159)	2129922
59	1	N/A	-288.1768265858191	C9H8O4	[M + H]+	NLRKUCOJGROPHS	InChI=1S/C9H8O4/c1-12-8-6(10)3-2-5-4-13-9(11)7(5)8/h2-3,10H,4H2,1H3	6-Hydroxy-7-methoxyphthalide	COC1=C(C=CC2=C1C(=O)OC2)O	1.0	196075	COCONUT:(CNP0259149);Natural Products:(UNPD5191);PubChem:(196075);SuperNatural:(SN00249452);ZINC bio:(ZINC03645479);MeSH:(196075);PubMed	3186758
60	1	N/A	-290.2467241792742	C9H8O4	[M + H]+	QNJMUNKUQDDPCI	InChI=1S/C9H8O4/c1-6(10)13-7-2-3-8-9(4-7)12-5-11-8/h2-4H,5H2,1H3	1,3-benzodioxol-5-yl acetate	CC(=O)OC1=CC2=C(C=C1)OCO2	1.58948326	67591	PubChem:(67591);NORMAN:(NS00041838)	262146
61	1	N/A	-290.35183338343097	C9H8O4	[M + H]+	ZQLOGGFKEUYKJR	InChI=1S/C9H8O4/c10-4-8-7(5-13-6-11)2-1-3-9(8)12/h1-4,6,12H,5H2	null	C1=CC(=C(C(=C1)O)C=O)COC=O	1.29999995	86173566	COCONUT:(CNP0331615);Natural Products:(UNPD96580);PubChem:(86173566);SuperNatural:(SN00366905);PubMed	3178562
62	1	N/A	-292.4866438977229	C9H8O4	[M + H]+	YJYWSBFTOXPGTL	InChI=1S/C9H8O4/c1-12-6-3-2-5-4-13-9(11)7(5)8(6)10/h2-3,10H,4H2,1H3	7-Hydroxy-6-methoxyphthalide	COC1=C(C2=C(COC2=O)C=C1)O	1.5	152995	COCONUT:(CNP0296376);Natural Products:(UNPD77645);PubChem:(152995);SuperNatural:(SN00280975);ZINC bio:(ZINC06018923);MeSH:(152995);PubMed	3186758
63	1	N/A	-309.7477299490366	C9H8O4	[M + H]+	LOFRBHZYZCIOJO	InChI=1S/C9H8O4/c1-11-7-2-6(4-10)3-8-9(7)13-5-12-8/h2-4H,5H2,1H3	Myristicin aldehyde	COC1=CC(=CC2=C1OCO2)C=O	1.20000005	22016;23635590	NORMAN:(NS00046731);COCONUT:(CNP0247969);Natural Products:(UNPD105120);PubChem:(22016 23635590);SuperNatural:(SN00061596);ZINC bio:(ZINC02146907);additional;PubChem class - safety and toxic;Training Set;PubMed	71098434
64	1	N/A	-310.54511974646005	C9H8O4	[M + H]+	UFQRCNSLWOCOQC	InChI=1S/C9H8O4/c1-9(13-11)7-5-3-2-4-6(7)8(10)12-9/h2-5,11H,1H3	3-Hydroperoxy-3-methylphthalide	CC1(C2=CC=CC=C2C(=O)O1)OO	1.53089774	146131	MeSH:(146131);PubChem:(146131);PubMed	70
65	1	N/A	-312.7669739701686	C9H8O4	[M + H]+	WPJOUHBHNOSJMG	InChI=1S/C9H8O4/c10-7-4-13-8-2-1-5(9(11)12)3-6(7)8/h1-3,7,10H,4H2,(H,11,12)	null	C1C(C2=C(O1)C=CC(=C2)C(=O)O)O	0.300000012	122199535;124707681;124707891	PubChem:(122199535 124707681 124707891);COCONUT:(CNP0269611)	2097154
66	1	N/A	-312.80551919637026	C9H8O4	[M + H]+	GHJXEUAYEHDQSZ	InChI=1S/C9H8O4/c1-5-2-7-8(13-4-12-7)3-6(5)9(10)11/h2-3H,4H2,1H3,(H,10,11)	6-methyl-1,3-benzodioxole-5-carboxylate	CC1=CC2=C(C=C1C(=O)O)OCO2	1.60000002	2752031;6951033	COCONUT:(CNP0126863);PubChem:(2752031 6951033);SuperNatural:(SN00118547);ZINC bio:(ZINC00402243)	3153922
67	1	N/A	-313.27318344850744	C9H8O4	[M + H]+	NCIYDDIPUGCVKX	InChI=1S/C9H8O4/c1-11-7-3-9-8(12-5-13-9)2-6(7)4-10/h2-4H,5H2,1H3	6-Methoxypiperonal	COC1=CC2=C(C=C1C=O)OCO2	1.20000005	601861	COCONUT:(CNP0252455);Natural Products:(UNPD132496);PubChem:(601861);SuperNatural:(SN00291448);ZINC bio:(ZINC00194086);PubMed;KEGG Mine	8593121346
68	1	N/A	-316.539052092279	C9H8O4	[M + H]+	QJBPRJDMIUSGLF	InChI=1S/C9H8O4/c1-4-7(10)2-5-6(8(4)11)3-13-9(5)12/h2,10-11H,3H2,1H3	1(3H)-Isobenzofuranone, 4,6-dihydroxy-5-methyl-	CC1=C(C=C2C(=C1O)COC2=O)O	1.0	14824644	COCONUT:(CNP0188074);Natural Products:(UNPD189504);PubChem:(14824644)	2129922
69	1	N/A	-316.9838994443294	C9H8O4	[M + H]+	KZIXGEBNIHRZHI	InChI=1S/C9H8O4/c1-12-5-2-3-6-7(4-5)9(11)13-8(6)10/h2-4,9,11H,1H3	3-hydroxy-5-methoxy-3H-2-benzofuran-1-one	COC1=CC2=C(C=C1)C(=O)OC2O	1.12141883	2752582;7055501;7055502	COCONUT:(CNP0334523);PubChem:(2752582 7055501 7055502);SuperNatural:(SN00125678 SN00125677);PubMed;ZINC bio:(ZINC03847616 ZINC03847617)	3153986
70	1	N/A	-317.0023865610951	C9H8O4	[M + H]+	SADHRUBGJKARDZ	InChI=1S/C9H8O4/c1-11-7-2-6(4-10)9-8(3-7)12-5-13-9/h2-4H,5H2,1H3	1,3-Benzodioxole-4-carboxaldehyde, 6-methoxy-	COC1=CC(=C2C(=C1)OCO2)C=O	1.20000005	71374831	COCONUT:(CNP0301803);Natural Products:(UNPD57920);PubChem:(71374831)	2129922
71	1	N/A	-318.48343935010985	C9H8O4	[M + H]+	URTPDSARMPGSPA	InChI=1S/C9H8O4/c1-12-6-4-2-3-5-7(6)9(11)13-8(5)10/h2-4,8,10H,1H3	3-hydroxy-7-methoxy-3H-2-benzofuran-1-one	COC1=CC=CC2=C1C(=O)OC2O	0.800000012	2752583;7055503;7055504	COCONUT:(CNP0087021);PubChem:(2752583 7055503 7055504);SuperNatural:(SN00125680 SN00125679);ZINC bio:(ZINC03847618 ZINC03847619);additional;Training Set;PubMed	3694658
72	1	N/A	-319.62094262326684	C9H8O4	[M + H]+	KFOVHCBSJURLKO	InChI=1S/C9H8O4/c1-4-6(10)2-5-3-13-9(12)7(5)8(4)11/h2,10-11H,3H2,1H3	null	CC1=C(C=C2COC(=O)C2=C1O)O	1.60000002	13963319	COCONUT:(CNP0113395);Natural Products:(UNPD27845);PubChem:(13963319);SuperNatural:(SN00271772);ZINC bio:(ZINC13334979);PubMed	3186754
73	1	N/A	-321.36691241488603	C9H8O4	[M + H]+	DQVAVEZQPWBKEW	InChI=1S/C9H8O4/c1-12-6-2-5-4-13-9(11)8(5)7(10)3-6/h2-3,10H,4H2,1H3	7-hydroxy-5-methoxy-3H-2-benzofuran-1-one	COC1=CC2=C(C(=C1)O)C(=O)OC2	1.5	181107	COCONUT:(CNP0290682);Natural Products:(UNPD160001);PubChem:(181107);SuperNatural:(SN00224143);ZINC bio:(ZINC00384864);PubMed	3186754
74	1	N/A	-324.5614263272141	C9H8O4	[M + H]+	GLPDBGACWOZVNL	InChI=1S/C9H8O4/c10-5-1-2-6-8(3-5)13-4-7(11)9(6)12/h1-3,7,10-11H,4H2	null	C1C(C(=O)C2=C(O1)C=C(C=C2)O)O	0.5	53493060;76046575	COCONUT:(CNP0344272);Natural Products:(UNPD203155);PubChem:(53493060 76046575);PubMed;CHEBI:(69195)	2130018
75	1	N/A	-324.84401147144047	C9H8O4	[M + H]+	REIYIBBWPMFGGE	InChI=1S/C9H8O4/c1-12-7-3-6(10)2-5-4-13-9(11)8(5)7/h2-3,10H,4H2,1H3	null	COC1=CC(=CC2=C1C(=O)OC2)O	1.0	85787716	COCONUT:(CNP0188075);Natural Products:(UNPD115311);PubChem:(85787716);SuperNatural:(SN00293102)	3178498
76	1	N/A	-324.93132639425653	C9H8O4	[M + H]+	GXYQICKPCCBIIX	InChI=1S/C9H8O4/c1-4-5-3-13-9(12)8(5)7(11)2-6(4)10/h2,10-11H,3H2,1H3	5,7-dihydroxy-4-methyl-3H-2-benzofuran-1-one	CC1=C2COC(=O)C2=C(C=C1O)O	1.60000002	14503052	COCONUT:(CNP0263592);KNApSAcK:(38282);Natural Products:(UNPD44212);PubChem:(14503052);SuperNatural:(SN00225832);CHEBI:(68194);ZINC bio:(ZINC13334976);PubMed	3186802
77	1	N/A	-338.6242472881552	C9H8O4	[M + H]+	BWONXPWAUSMDDH	InChI=1S/C9H8O4/c10-6-2-1-3-7-5(6)4-8(13-7)9(11)12/h4H,1-3H2,(H,11,12)	Oprea1_063092	C1CC2=C(C=C(O2)C(=O)O)C(=O)C1	1.0	3471008;7040459	PubChem:(3471008 7040459);COCONUT:(CNP0212130)	2097154
78	1	N/A	-346.8301939766164	C9H8O4	[M + H]+	SFJMPMHMKPKFLE	InChI=1S/C9H8O4/c10-5-2-1-3-7-9(5)6(11)4-8(12)13-7/h1-3,8,10,12H,4H2	4H-1-Benzopyran-4-one, 2,3-dihydro-2,5-dihydroxy-	C1C(OC2=CC=CC(=C2C1=O)O)O	1.10000002	54302739	MeSH:(54302739);PubChem:(54302739);PubMed	70
79	1	N/A	-352.01399014044387	C9H8O4	[M + H]+	NDDUBDUPYJZIAK	InChI=1S/C9H8O4/c10-5-3-7(12)9-6(11)1-2-13-8(9)4-5/h3-4,10,12H,1-2H2	null	C1COC2=CC(=CC(=C2C1=O)O)O	1.20000005	25094514	COCONUT:(CNP0076889);PubChem:(25094514);KEGG Mine	8592031746
80	1	N/A	-352.0424649066177	C9H8O4	[M + H]+	VCKWCFFGRPFDLH	InChI=1S/C9H8O4/c10-7-2-9(12)8(11)1-5-3-13-4-6(5)7/h1-2,10H,3-4H2,(H,11,12)	null	C1C2=C(CO1)C(=CC(=O)C(=C2)O)O	-0.899999976	135448996	COCONUT:(CNP0356538);MeSH:(135448996);KNApSAcK:(15976);PubChem:(135448996);PubMed	2097238
81	1	N/A	-361.86404127684193	C9H8O4	[M + H]+	CFLSTTHDYSASGE	InChI=1S/C9H8O4/c1-9-3-2-4(13-9)5-6(9)8(11)12-7(5)10/h2-6H,1H3	4-methyl-3a,4,7,7a-tetrahydro-4,7-epoxy-2-benzofuran-1,3-dione	CC12C=CC(O1)C3C2C(=O)OC3=O	-0.300000012	277499;5705628;11062990;55250397;71773764;98049503;98049504;98049505;98049506;124536977;124536978	COCONUT:(CNP0361273);PubChem:(277499 5705628 11062990 55250397 71773764 98049503 98049504 98049505 98049506 124536977 124536978);SuperNatural:(SN00136839);PubMed;ZINC bio:(ZINC68568696)	3153986
82	1	N/A	-361.95399067470976	C9H8O4	[M + H]+	FABBWECRHZNMDQ	InChI=1S/C9H8O4/c10-6-2-1-3-7-8(6)5(4-13-7)9(11)12/h4H,1-3H2,(H,11,12)	Oprea1_302148	C1CC2=C(C(=O)C1)C(=CO2)C(=O)O	0.600000024	713937;6925980	PubChem class - safety and toxic;PubChem:(713937 6925980);PubMed;PubChem class - bio and metabolites	83886146
83	1	N/A	-402.13334899022834	C9H8O4	[M + H]+	KMYSBXFLTOEECO	InChI=1S/C9H8O4/c1-5(10)8-6-2-3-12-9(11)7(6)4-13-8/h4H,2-3H2,1H3	1-acetyl-6,7-dihydrofuro[3,4-c]pyran-4-one	CC(=O)C1=C2CCOC(=O)C2=CO1	0.899999976	59053145	MeSH:(59053145);PubChem:(59053145);PubMed	70
84	1	N/A	-405.74032970981466	C9H8O4	[M + H]+	KPTNNLCZWYVXDW	InChI=1S/C9H8O4/c1-5-4-6(10)9-7(12-5)2-3-8(11)13-9/h4H,2-3H2,1H3	null	CC1=CC(=O)C2=C(O1)CCC(=O)O2	0.400000006	135638842	PubChem:(135638842);COCONUT:(CNP0414572)	2097154
85	1	N/A	-430.3246448123264	C9H8O4	[M + H]+	LYHNUBGRBFVDSE	InChI=1S/C9H8O4/c10-6-8-3-9(8,7(11)13-6)5-2-1-4(8)12-5/h4-5H,1-3H2	1H,3H-4,7-Epoxy-3a,7a-methanoisobenzofuran-1,3-dione, tetrahydro-, (3a-alpha,4-beta,7-beta,7a-alpha)-	C1CC2C34CC3(C1O2)C(=O)OC4=O	-0.400000006	3065930	PubChem:(3065930);PubChem class - safety and toxic	67108866
86	1	N/A	-432.7943552253406	C9H8O4	[M + H]+	NBPJTZQIOVMOFS	InChI=1S/C9H8O4/c1-5-8(10)7(9(11)13-5)6-3-2-4-12-6/h1-4H2	null	C=C1C(=O)C(=C2CCCO2)C(=O)O1	1.10000002	10442289	COCONUT:(CNP0319398);Natural Products:(UNPD167059);PubChem:(10442289);SuperNatural:(SN00285549);MeSH:(10442289);PubMed	3178566
87	1	N/A	-438.1663643679607	C9H8O4	[M + H]+	DTXCZTQREKZNKE	InChI=1S/C9H8O4/c1-5-8-7(9(11)13-5)6(10)3-2-4-12-8/h1-4H2	null	C=C1C2=C(C(=O)CCCO2)C(=O)O1	0.910436809	""	COCONUT:(CNP0133948);Natural Products:(UNPD118062)	2129920
1	1	N/A	-97.42887951489688	C9H10O5	[M - H2O + H]+	PAFLSMZLRSPALU	InChI=1S/C9H10O5/c10-6-2-1-5(3-7(6)11)4-8(12)9(13)14/h1-3,8,10-12H,4H2,(H,13,14)	a-Hydroxyhydrocaffeic acid	C1=CC(=C(C=C1CC(C(=O)O)O)O)O	0.429084063	179536;439435;11600642;21677748;25202033;25203144	HMDB:(3503);SuperNatural:(SN00001768 SN00307533 SN00362387 SN00001767);ZINC bio:(ZINC00895534 ZINC00895535);MeSH:(439435 11600642);Plantcyc:(CPD-6982 CPD-7022);PubMed;COCONUT:(CNP0086056 CNP0265014);KNApSAcK:(31720);Natural Products:(UNPD194978 UNPD143674 UNPD171118);PubChem:(179536 439435 11600642 21677748 25202033 25203144);YMDB Mine;CHEBI:(71492 71572 58279 17807);PubChem class - bio and metabolites;KEGG:(C22038 C01207);PubChem class - safety and toxic;Biocyc:(3-34-DIHYDROXYPHENYLLACTATE CPD-6982 CPD-7022)	34446944638
2	1	N/A	-164.02823375930635	C9H10O5	[M - H2O + H]+	PXMUSCHKJYFZFD	InChI=1S/C9H10O5/c1-14-7-3-2-5(4-6(7)10)8(11)9(12)13/h2-4,8,10-11H,1H3,(H,12,13)	Oprea1_658039	COC1=C(C=C(C=C1)C(C(=O)O)O)O	0.400000006	107153;853695;853696;6950805;6950806;53400642	NORMAN:(NS00047272);COCONUT:(CNP0318206 CNP0365833);HMDB:(29170);PubChem:(107153 853695 853696 6950805 6950806 53400642);SuperNatural:(SN00045215 SN00045216);ZINC bio:(ZINC00395647 ZINC00395648);PubChem class - safety and toxic;Biocyc:(CPD-17658);KEGG Mine	8660461578
3	1	N/A	-174.41212346270552	C9H10O5	[M - H2O + H]+	CGQCWMIAEPEHNQ	InChI=1S/C9H10O5/c1-14-7-4-5(2-3-6(7)10)8(11)9(12)13/h2-4,8,10-11H,1H3,(H,12,13)	Lopac-H-0131	COC1=C(C=CC(=C1)C(C(=O)O)O)O	0.38959983	1245;736172;736173;6931437;6931438;12358656;23615482;46783231;51038738;51038739;56607809;102601212;129717647;129847024	HMDB:(291 133489);PubChem class - food;SuperNatural:(SN00286364);ZINC bio:(ZINC00155973 ZINC00155974);additional;MeSH:(1245 736172);PubMed;NORMAN:(NS00015078);COCONUT:(CNP0082889 CNP0259735);Natural Products:(UNPD13656);PubChem:(1245 736172 736173 6931437 6931438 12358656 23615482 46783231 51038738 51038739 56607809 102601212 129717647 129847024);YMDB Mine;CHEBI:(20106 27622);PubChem class - bio and metabolites;KEGG:(C05584);PubChem class - safety and toxic;Training Set;Biocyc:(VANILLYL_MANDELATE SMA-0000668)	34581834094
4	1	N/A	-181.59313564857106	C9H10O5	[M - H2O + H]+	XGNFGTZQILZHHS	InChI=1S/C9H10O5/c10-7-2-1-6(5-8(7)11)3-4-14-9(12)13/h1-2,5,10-11H,3-4H2,(H,12,13)	null	C1=CC(=C(C=C1CCOC(=O)O)O)O	0.956239343	""	COCONUT:(CNP0378082);Natural Products:(UNPD204322);KEGG Mine	8592064512
5	1	N/A	-194.27103306322064	C9H10O5	[M - H2O + H]+	FWFVXNQOVGSSHX	InChI=1S/C9H10O5/c10-6-3-5(1-2-8(12)13)4-7(11)9(6)14/h3-4,10-11,14H,1-2H2,(H,12,13)	3-(3,4,5-trihydroxyphenyl)propanoic Acid	C1=C(C=C(C(=C1O)O)O)CCC(=O)O	0.600000024	181663	HMDB:(125529);PubChem:(181663);PubMed;KEGG Mine;PubChem class - bio and metabolites	8606711882
6	1	N/A	-195.22227193182698	C9H10O5	[M - H2O + H]+	FLBHMRBWGPQQKJ	InChI=1S/C9H10O5/c10-6-3-1-5(2-4-7(11)12)8(13)9(6)14/h1,3,10,13-14H,2,4H2,(H,11,12)	3-(2,3,4-trihydroxyphenyl)propanoic acid	C1=CC(=C(C(=C1CCC(=O)O)O)O)O	0.600000024	5322049	COCONUT:(CNP0274011 CNP0415415);Natural Products:(UNPD187628);PubChem:(5322049);SuperNatural:(SN00303371 SN00159262);ZINC bio:(ZINC14818013);EcoCyc Mine;KEGG Mine	25772990466
7	1	N/A	-211.01316161700825	C9H10O5	[M - H2O + H]+	RRKZPFCYOBIGRJ	InChI=1S/C9H10O5/c10-6-4-8(12)7(11)3-5(6)1-2-9(13)14/h3-4,10-12H,1-2H2,(H,13,14)	null	C1=C(C(=CC(=C1O)O)O)CCC(=O)O	0.600000024	85975162	HMDB:(126489);PubChem:(85975162);KEGG Mine;PubChem class - bio and metabolites	8606711818
8	1	N/A	-217.26084831669587	C9H10O5	[M - H2O + H]+	STOMVFRMEGXRMF	InChI=1S/C9H10O5/c1-4(9(13)14)5-2-3-6(10)8(12)7(5)11/h2-4,10-12H,1H3,(H,13,14)	null	CC(C1=C(C(=C(C=C1)O)O)O)C(=O)O	0.899999976	87115614	HMDB:(137823);PubChem:(87115614);PubChem class - bio and metabolites	16777226
9	1	N/A	-217.49224160957905	C9H10O5	[M - H2O + H]+	MQUWQMJSZRYUJE	InChI=1S/C9H10O5/c10-4-8(13)9(14)5-1-2-6(11)7(12)3-5/h1-3,8,10-13H,4H2	null	C1=CC(=C(C=C1C(=O)C(CO)O)O)O	-0.400000006	53382036	COCONUT:(CNP0313550);Natural Products:(UNPD206399);PubChem:(53382036);PubMed	2129986
10	1	N/A	-218.9796296746592	C9H10O5	[M - H2O + H]+	HLBBQXTYDWELLT	InChI=1S/C9H10O5/c1-14-5-2-3-6(7(10)4-5)8(11)9(12)13/h2-4,8,10-11H,1H3,(H,12,13)	2-hydroxy-2-(2-hydroxy-4-methoxyphenyl)acetic acid	COC1=CC(=C(C=C1)C(C(=O)O)O)O	1.0	19033010;131603328;131391189	HMDB:(137136);PubChem:(19033010 131603328 131391189);PubChem class - bio and metabolites	16777226
11	1	N/A	-220.11570212893676	C9H10O5	[M - H2O + H]+	MMWHAKMIWCNQSG	InChI=1S/C9H10O5/c1-12-9-6-7(2-3-8(9)10)4-5-13-14-11/h2-6,10-11H,1H3	null	COC1=C(C=CC(=C1)C=COOO)O	1.74288607	""	COCONUT:(CNP0421749);SuperNatural:(SN00177333)	3145728
12	1	N/A	-223.80220387896594	C9H10O5	[M - H2O + H]+	SXPBYWJWOVGXSM	InChI=1S/C9H10O5/c1-4(9(13)14)5-2-7(11)8(12)3-6(5)10/h2-4,10-12H,1H3,(H,13,14)	null	CC(C1=CC(=C(C=C1O)O)O)C(=O)O	0.899999976	87115555	HMDB:(125024);PubChem:(87115555);PubChem class - bio and metabolites	16777226
13	1	N/A	-225.1812870818003	C9H10O5	[M - H2O + H]+	NDGMYGNFKSMYBB	InChI=1S/C9H10O5/c1-9(14,8(12)13)5-2-3-6(10)7(11)4-5/h2-4,10-11,14H,1H3,(H,12,13)	alpha-Dhpla	CC(C1=CC(=C(C=C1)O)O)(C(=O)O)O	0.300000012	152463;92287761;92288747	COCONUT:(CNP0021833);MeSH:(152463);PubChem:(152463 92287761 92288747);PubMed	2097222
14	1	N/A	-229.88001889090063	C9H10O5	[M - H2O + H]+	PVWIHOMWIFSSAU	InChI=1S/C9H10O5/c10-5-1-2-6(7(11)3-5)8(12)4-9(13)14/h1-3,8,10-12H,4H2,(H,13,14)	null	C1=CC(=C(C=C1O)O)C(CC(=O)O)O	0.400000006	131832896;139243437	HMDB:(126478);PubChem:(131832896 139243437);PubChem class - bio and metabolites	16777226
15	1	N/A	-244.02525542923735	C9H10O5	[M - H2O + H]+	UEXOOCQHGZGWFB	InChI=1S/C9H10O5/c1-14-7-5-3-2-4-6(7)9(12,13)8(10)11/h2-5,12-13H,1H3,(H,10,11)	null	COC1=CC=CC=C1C(C(=O)O)(O)O	0.0	54349796	MeSH:(54349796);PubChem:(54349796);PubMed	70
16	1	N/A	-260.35137038959414	C9H10O5	[M - H2O + H]+	LVMCCGNRGCWDBI	InChI=1S/C9H10O5/c10-2-1-5-3-6(9(13)14)4-7(11)8(5)12/h3-4,10-12H,1-2H2,(H,13,14)	null	C1=C(C=C(C(=C1CCO)O)O)C(=O)O	0.465931326	""	COCONUT:(CNP0329481);Natural Products:(UNPD93606);SuperNatural:(SN00310518)	3178496
17	1	N/A	-261.0098106164158	C9H10O5	[M - H2O + H]+	PCJSSDGVSARPLU	InChI=1S/C9H10O5/c1-14-8-4-6(10)5(2-7(8)11)3-9(12)13/h2,4,10-11H,3H2,1H3,(H,12,13)	null	COC1=C(C=C(C(=C1)O)CC(=O)O)O	0.600000024	23177153	HMDB:(130476);PubChem:(23177153);PubChem class - bio and metabolites	16777226
18	1	N/A	-261.51065363624423	C9H10O5	[M - H2O + H]+	OOJPWYDQMAVSQH	InChI=1S/C9H10O5/c1-14-9(13)8(12)6-3-2-5(10)4-7(6)11/h2-4,8,10-12H,1H3	Methyl (2,4-dihydroxyphenyl)glycolate	COC(=O)C(C1=C(C=C(C=C1)O)O)O	1.0	106855	PubChem:(106855);NORMAN:(NS00055946)	262146
19	1	N/A	-263.4926097226631	C9H10O5	[M - H2O + H]+	IHERYJQZBNHYDE	InChI=1S/C9H10O5/c10-6-1-3-7(4-2-6)14-5-8(11)9(12)13/h1-4,8,10-11H,5H2,(H,12,13)	beta-4(Hydroxyphenoxy)lactic acid	C1=CC(=CC=C1O)OCC(C(=O)O)O	0.5	133778	MeSH:(133778);PubChem:(133778);YMDB Mine;PubMed;KEGG Mine	42949673030
20	1	N/A	-272.4807609686006	C9H10O5	[M - H2O + H]+	RGHMGZLQQFVXDM	InChI=1S/C9H10O5/c1-14-7-3-5(4-8(11)12)2-6(10)9(7)13/h2-3,10,13H,4H2,1H3,(H,11,12)	null	COC1=CC(=CC(=C1O)O)CC(=O)O	0.600000024	54265256	HMDB:(131426);PubChem:(54265256);YMDB Mine;PubChem class - bio and metabolites;PubMed;KEGG Mine	42966450250
21	1	N/A	-277.5384213731718	C9H10O5	[M - H2O + H]+	SUGIJIFASYORQN	InChI=1S/C9H10O5/c1-13-8-6(10)3-5(4-7(8)11)9(12)14-2/h3-4,10-11H,1-2H3	methyl 3,5-dihydroxy-4-methoxybenzoate	COC1=C(C=C(C=C1O)C(=O)OC)O	0.871434987	5319726	COCONUT:(CNP0307607);Natural Products:(UNPD65049);PubChem:(5319726);SuperNatural:(SN00159200);ZINC bio:(ZINC14775842);PubChem class - safety and toxic;PubMed	70295618
22	1	N/A	-280.56130800847575	C9H10O5	[M - H2O + H]+	SGFVYAYEGJHREZ	InChI=1S/C9H10O5/c1-14-7-4-5(2-3-6(7)10)8(11)9(12)13/h2-4,9-10,12-13H,1H3	3''-Methoxy-2,2,4''-trihydroxyacetophenone	COC1=C(C=CC(=C1)C(=O)C(O)O)O	0.35770604	48374	PubChem class - safety and toxic;PubChem:(48374);KEGG Mine	8657043458
23	1	N/A	-284.0094423036799	C9H10O5	[M - H2O + H]+	JMSVCTWVEWCHDZ	InChI=1S/C9H10O5/c1-13-6-3-5(9(11)12)4-7(14-2)8(6)10/h3-4,10H,1-2H3,(H,11,12)	bmse000607	COC1=CC(=CC(=C1O)OC)C(=O)O	0.871434987	10742;10679513;54694262;131708654	HMDB:(2085);PubChem class - food;SuperNatural:(SN00001175);ZINC bio:(ZINC00156386);additional;MeSH:(10742);PubMed;NORMAN:(NS00001894);COCONUT:(CNP0155116 CNP0251836);KNApSAcK:(2674);Natural Products:(UNPD17684 UNPD58549);PubChem:(10742 10679513 54694262 131708654);CHEBI:(132111 68329);PubChem class - bio and metabolites;KEGG:(C10833);PubChem class - safety and toxic;YMDB:(1787);Training Set;Biocyc:(CPD-8486)	222161278
24	1	N/A	-285.48244625317074	C9H10O5	[M - H2O + H]+	FMZXLKMBFPAGDV	InChI=1S/C9H10O5/c1-2-14-8-6(10)3-5(9(12)13)4-7(8)11/h3-4,10-11H,2H2,1H3,(H,12,13)	null	CCOC1=C(C=C(C=C1O)C(=O)O)O	0.892745495	55283148	COCONUT:(CNP0420606);Natural Products:(UNPD38209);PubChem:(55283148);SuperNatural:(SN00308605)	3178498
25	1	N/A	-287.90065823410947	C9H10O5	[M - H2O + H]+	WFIBQVFJXGQICQ	InChI=1S/C9H10O5/c1-13-7-4-5(9(11)12)3-6(10)8(7)14-2/h3-4,10H,1-2H3,(H,11,12)	5-Hydroxy veratric acid	COC1=CC(=CC(=C1OC)O)C(=O)O	0.871434987	74709;54706648	HMDB:(41662);SuperNatural:(SN00392667 SN00118492);ZINC bio:(ZINC00393126);MeSH:(74709);PubMed;NORMAN:(NS00044951);COCONUT:(CNP0069754 CNP0285876);Natural Products:(UNPD6458);PubChem:(74709 54706648);CHEBI:(88603);PubChem class - bio and metabolites;PubChem class - safety and toxic;KEGG Mine	8677269614
26	1	N/A	-289.8218997306973	C9H10O5	[M - H2O + H]+	VFPFQHQNJCMNBZ	InChI=1S/C9H10O5/c1-2-14-9(13)5-3-6(10)8(12)7(11)4-5/h3-4,10-12H,2H2,1H3	Phyllemblin	CCOC(=O)C1=CC(=C(C(=C1)O)O)O	0.892745495	13250;59884274	HMDB:(33836);SuperNatural:(SN00143254);ZINC bio:(ZINC00021790);additional;MeSH:(13250);PubMed;NORMAN:(NS00020124);COCONUT:(CNP0276010);KNApSAcK:(30222);Natural Products:(UNPD106112);PubChem:(13250 59884274);CHEBI:(87247);PubChem class - bio and metabolites;PubChem class - safety and toxic;Training Set	87875710
27	1	N/A	-290.46321924248247	C9H10O5	[M - H2O + H]+	YPZCRKPXYSWLJF	InChI=1S/C9H10O5/c1-2-14-8-4-7(11)6(10)3-5(8)9(12)13/h3-4,10-11H,2H2,1H3,(H,12,13)	null	CCOC1=CC(=C(C=C1C(=O)O)O)O	0.892745495	10821779	COCONUT:(CNP0238706);Natural Products:(UNPD101372);PubChem:(10821779);SuperNatural:(SN00392282)	3178498
28	1	N/A	-291.07313466312723	C9H10O5	[M - H2O + H]+	USWQSWPPLTXILD	InChI=1S/C9H10O5/c1-13-7-4-6(10)8(14-2)3-5(7)9(11)12/h3-4,10H,1-2H3,(H,11,12)	null	COC1=CC(=C(C=C1C(=O)O)OC)O	1.0	85773933	COCONUT:(CNP0217832);Natural Products:(UNPD22983);PubChem:(85773933)	2129922
29	1	N/A	-294.37162490121773	C9H10O5	[M - H2O + H]+	YYKYELQREKWHIF	InChI=1S/C9H10O5/c1-13-8-5(9(12)14-2)3-4-6(10)7(8)11/h3-4,10-11H,1-2H3	null	COC1=C(C=CC(=C1O)O)C(=O)OC	1.0	12194839	COCONUT:(CNP0189644);Natural Products:(UNPD116470);PubChem:(12194839);PubMed	2129986
30	1	N/A	-295.02423263422793	C9H10O5	[M - H2O + H]+	QPFXZHDNFHBICB	InChI=1S/C9H10O5/c1-13-8-4-6(10)5(3-7(8)11)9(12)14-2/h3-4,10-11H,1-2H3	methyl 2,5-dihydroxy-4-methoxybenzoate	COC1=C(C=C(C(=C1)O)C(=O)OC)O	1.60000002	5203038	PubChem:(5203038);PubChem class - safety and toxic	67108866
31	1	N/A	-298.42471709939997	C9H10O5	[M - H2O + H]+	CHHQEMBTCQDAHF	InChI=1S/C9H10O5/c1-13-7-5(9(11)12)3-4-6(10)8(7)14-2/h3-4,10H,1-2H3,(H,11,12)	4-hydroxy-2,3-dimethoxybenzoic acid	COC1=C(C=CC(=C1OC)O)C(=O)O	0.871434987	19073799	HMDB:(142087);PubChem:(19073799);PubChem class - bio and metabolites	16777226
32	1	N/A	-300.12601078530787	C9H10O5	[M - H2O + H]+	HEAPXXAMKQWXSS	InChI=1S/C9H10O5/c1-13-6-4-3-5(9(11)12)8(14-2)7(6)10/h3-4,10H,1-2H3,(H,11,12)	3-hydroxy-2,4-dimethoxybenzoic acid	COC1=C(C(=C(C=C1)C(=O)O)OC)O	0.871434987	20533708	COCONUT:(CNP0311870);HMDB:(140947);Natural Products:(UNPD70066);PubChem:(20533708);SuperNatural:(SN00379149);PubChem class - bio and metabolites	19955722
33	1	N/A	-305.3018018132355	C9H10O5	[M - H2O + H]+	OGTNGTNGPJWLRE	InChI=1S/C9H10O5/c1-2-14-7-4-5(9(12)13)3-6(10)8(7)11/h3-4,10-11H,2H2,1H3,(H,12,13)	null	CCOC1=CC(=CC(=C1O)O)C(=O)O	0.892745495	86047602	PubChem:(86047602);MeSH:(86047602)	6
34	1	N/A	-306.2777319666608	C9H10O5	[M - H2O + H]+	LVVUKXKEXOTUPV	InChI=1S/C9H10O5/c1-13-7-4-5(9(12)14-2)3-6(10)8(7)11/h3-4,10-11H,1-2H3	Methyl-O-methylgallate	COC1=CC(=CC(=C1O)O)C(=O)OC	0.871434987	99622	COCONUT:(CNP0252699);Natural Products:(UNPD16405);PubChem:(99622);SuperNatural:(SN00322804);YMDB Mine;ZINC bio:(ZINC01556402);MeSH:(99622);PubChem class - safety and toxic;PubMed;KEGG Mine	43019968582
35	1	N/A	-308.2425944302219	C9H10O5	[M - H2O + H]+	INEIMLMPQGJCGK	InChI=1S/C9H10O5/c10-3-4-14-6-1-2-7(9(12)13)8(11)5-6/h1-2,5,10-11H,3-4H2,(H,12,13)	4-(2-Hydroxyethoxy)salicylic acid	C1=CC(=C(C=C1OCCO)O)C(=O)O	0.37410906	586463;54697923	PubChem:(586463 54697923);PubChem class - safety and toxic	67108866
36	1	N/A	-308.6977286739546	C9H10O5	[M - H2O + H]+	CJFQIVAOBBTJCI	InChI=1S/C9H10O5/c1-13-6-4-3-5(9(11)12)7(10)8(6)14-2/h3-4,10H,1-2H3,(H,11,12)	Spectrum_001290	COC1=C(C(=C(C=C1)C(=O)O)O)OC	0.871434987	79737;54751239	HMDB:(142084);SuperNatural:(SN00002454 SN00220509);ZINC bio:(ZINC01670010);additional;PubMed;NORMAN:(NS00033538);COCONUT:(CNP0022018 CNP0330955);Natural Products:(UNPD95628);PubChem:(79737 54751239);PubChem class - bio and metabolites;Training Set;KEGG Mine	8610701386
37	1	N/A	-319.3112375095455	C9H10O5	[M - H2O + H]+	YDIHHJUFULIFNV	InChI=1S/C9H10O5/c1-13-5-3-6(9(11)12)8(10)7(4-5)14-2/h3-4,10H,1-2H3,(H,11,12)	3,5-Dimethoxysalicylic acid	COC1=CC(=C(C(=C1)OC)O)C(=O)O	0.871434987	3017274	PubChem:(3017274);NORMAN:(NS00034755)	262146
38	1	N/A	-322.8470030140298	C9H10O5	[M - H2O + H]+	HIVSALLSJIAQQF	InChI=1S/C9H10O5/c1-13-6-3-5(10)4-7(14-2)8(6)9(11)12/h3-4,10H,1-2H3,(H,11,12)	Benzoic acid, 4-hydroxy-2,6-dimethoxy-	COC1=CC(=CC(=C1C(=O)O)OC)O	0.871434987	22616650	COCONUT:(CNP0223530);Natural Products:(UNPD110596);PubChem:(22616650);PubMed;KEGG Mine	8592064578
39	1	N/A	-323.1716067346343	C9H10O5	[M - H2O + H]+	LEIJLTBRQHFMDL	InChI=1S/C9H10O5/c1-13-5-3-6(10)8(9(11)12)7(4-5)14-2/h3-4,10H,1-2H3,(H,11,12)	4,6-Dimethoxysalicylic acid	COC1=CC(=C(C(=C1)OC)C(=O)O)O	1.60000002	76656;54688787	NORMAN:(NS00029186);COCONUT:(CNP0157539);Natural Products:(UNPD18915);PubChem:(76656 54688787);SuperNatural:(SN00404227);ZINC bio:(ZINC01555724);PubChem class - safety and toxic;KEGG Mine	8660492290
40	1	N/A	-329.8146239044508	C9H10O5	[M - H2O + H]+	AWPQUULTGMQXTH	InChI=1S/C9H10O5/c10-5-2-1-4(7-8(5)14-7)3-6(11)9(12)13/h3,5,7-8,10H,1-2H2,(H,12,13)	null	C1CC(=CC(=O)C(=O)O)C2C(C1O)O2	-0.899999976	86583391;86583392;91820107;91820108	COCONUT:(CNP0082344 CNP0082459);PubChem:(86583391 86583392 91820107 91820108);CHEBI:(85358 84356);PubChem class - bio and metabolites;KEGG:(C21086);PubMed;Biocyc:(CPD-17551 CPD-17552)	18876770
41	1	N/A	-341.8648981835609	C9H10O5	[M - H2O + H]+	UBOJATHNUASNAV	InChI=1S/C9H10O5/c1-2-14-9(13)8-6(11)3-5(10)4-7(8)12/h3-4,10-12H,2H2,1H3	Ethyl 2,4,6-Trihydroxybenzoate	CCOC(=O)C1=C(C=C(C=C1O)O)O	1.60000002	54344821	MeSH:(54344821);PubChem:(54344821);PubMed;ZINC bio:(ZINC14775716)	8262
42	1	N/A	-349.7654747464605	C9H10O5	[M - H2O + H]+	OIMLWOWVDNEGEN	InChI=1S/C9H10O5/c1-12-6-4-5(10)8(13-2)9(14-3)7(6)11/h4H,1-3H3	p-Benzoquinone, trimethoxy-	COC1=CC(=O)C(=C(C1=O)OC)OC	0.406453401	238795	COCONUT:(CNP0304201);Natural Products:(UNPD60901);PubChem:(238795);SuperNatural:(SN00388428);PubMed	3178562
43	1	N/A	-354.0252274988968	C9H10O5	[M - H2O + H]+	MDIWGYQROJRXEW	InChI=1S/C9H10O5/c1-5(10)9(12)14-8-6(2)13-4-3-7(8)11/h3-5,10H,1-2H3	Maltol lactate	CC1=C(C(=O)C=CO1)OC(=O)C(C)O	0.200000003	106920	PubChem:(106920);NORMAN:(NS00054830)	262146
44	1	N/A	-368.16181388907006	C9H10O5	[M - H2O + H]+	DQZXNGSIZXPSOD	InChI=1S/C9H10O5/c1-3-12-9(11)14-8-6(2)13-5-4-7(8)10/h4-5H,3H2,1-2H3	ethyl (2-methyl-4-oxopyran-3-yl) carbonate	CCOC(=O)OC1=C(OC=CC1=O)C	1.20000005	109620	PubChem:(109620);NORMAN:(NS00061557)	262146
45	1	N/A	-368.45557952085915	C9H10O5	[M - H2O + H]+	FYRXXSCCOWRCLX	InChI=1S/C9H10O5/c1-14-4-8(13)9-6(11)2-5(10)3-7(9)12/h2-3,10-12H,4H2,1H3	2-methoxy-1-(2,4,6-trihydroxyphenyl)ethanone	COCC(=O)C1=C(C=C(C=C1O)O)O	1.0	643400	COCONUT:(CNP0142009);PubChem:(643400);ZINC bio:(ZINC02029134)	2105346
46	1	N/A	-373.12712705467476	C9H10O5	[M - H2O + H]+	ANMIXQYGZDPTLJ	InChI=1S/C9H10O5/c1-13-7-4-6(2-3-8(10)11)14-9(12)5-7/h4-5H,2-3H2,1H3,(H,10,11)	null	COC1=CC(=O)OC(=C1)CCC(=O)O	0.200000003	24123426	COCONUT:(CNP0144290);Natural Products:(UNPD214949);PubChem:(24123426);PubMed	2129986
47	1	N/A	-373.2028258169576	C9H10O5	[M - H2O + H]+	NHOCEIKFQXQFMX	InChI=1S/C9H10O5/c1-6(10)13-9(14-7(2)11)8-4-3-5-12-8/h3-5,9H,1-2H3	Furfurylidene diacetate	CC(=O)OC(C1=CC=CO1)OC(=O)C	0.699999988	69181	NORMAN:(NS00042518);Training Set;PubChem:(69181)	278530
48	1	N/A	-378.2836333894666	C9H10O5	[M - H2O + H]+	MELNSSDJRUAVLP	InChI=1S/C9H10O5/c1-4(10)7-5(11)3-6(12)9(14-2)8(7)13/h3,11-13H,1-2H3	null	CC(=O)C1=C(C(=C(C=C1O)O)OC)O	1.10000002	129836294	COCONUT:(CNP0378692);Natural Products:(UNPD209672);PubChem:(129836294)	2129922
49	1	N/A	-392.3582800962951	C9H10O5	[M - H2O + H]+	LXHGALLQKKIMAZ	InChI=1S/C9H10O5/c1-3-13-9(12)7-4-6(10)8(11)5(2)14-7/h4,11H,3H2,1-2H3	ethyl 5-hydroxy-6-methyl-4-oxopyran-2-carboxylate	CCOC(=O)C1=CC(=O)C(=C(O1)C)O	0.800000012	90353	PubChem:(90353);NORMAN:(NS00027547)	262146
50	1	N/A	-404.8304295156178	C9H10O5	[M - H2O + H]+	DTHUVZQMVMVXNB	InChI=1S/C9H10O5/c10-7(11)1-4-5-2-14-3-6(5)9(13)8(4)12/h2-4,8-9,12-13H,1H2,(H,10,11)	Piscrocin B	C1=C2C(C(C(C2=CO1)O)O)CC(=O)O	-1.20000005	25263064;45098905	COCONUT:(CNP0152785);Natural Products:(UNPD49667);PubChem:(25263064 45098905);SuperNatural:(SN00266821);PubMed	3178562
51	1	N/A	-405.05651598377904	C9H10O5	[M - H2O + H]+	LJUIMTRKOODZAJ	InChI=1S/C9H10O5/c1-4(10)13-3-5-2-6(11)8-9(14-8)7(5)12/h2,6,8-9,11H,3H2,1H3	[(1R,2S,6R)-2-hydroxy-5-oxo-7-oxabicyclo[4.1.0]hept-3-en-4-yl]methyl acetate	CC(=O)OCC1=CC(C2C(C1=O)O2)O	-1.10000002	21580226;73804412;101414027;130978137	COCONUT:(CNP0232956);KNApSAcK:(23643);Natural Products:(UNPD41779 UNPD52968);PubChem:(21580226 73804412 101414027 130978137);SuperNatural:(SN00285529)	3178514
52	1	N/A	-464.2434113828262	C9H10O5	[M - H2O + H]+	GSKYCPXSDLXGEW	InChI=1S/C9H10O5/c1-3-4-2-14-9(13)5(4)7(11)8(12)6(3)10/h9-13H,2H2,1H3	null	CC1=C2COC(C2=C(C(=C1O)O)O)O	-0.100000001	9815565	COCONUT:(CNP0137966);KNApSAcK:(15909);Natural Products:(UNPD194217);PubChem:(9815565);SuperNatural:(SN00392712);MeSH:(9815565);PubMed	3178582
53	1	N/A	-470.5745833196166	C9H10O5	[M - H2O + H]+	FWHUTKPMCKSUCV	InChI=1S/C9H10O5/c10-7(11)4-1-2-5-6(3-4)9(13)14-8(5)12/h4-6H,1-3H2,(H,10,11)	null	C1CC2C(CC1C(=O)O)C(=O)OC2=O	0.0	11041716;11194950;15685501;57796734;87484270;87486495;122212627;122212628;124448666;129383165	PubChem:(11041716 11194950 15685501 57796734 87484270 87486495 122212627 122212628 124448666 129383165);PubChem class - safety and toxic	67108866