structureRankPerFormula	formulaRank	ConfidenceScore	CSI:FingerIDScore	molecularFormula	adduct	InChIkey2D	InChI	name	smiles	xlogp	pubchemids	links	dbflags
1	1	0.14860111150993804	-16.94254455020833	C8H10O3	[M - H2O + H]+	ZENOXNGFMSCLLL	InChI=1S/C8H10O3/c1-11-8-4-6(5-9)2-3-7(8)10/h2-4,9-10H,5H2,1H3	bmse000444	COC1=C(C=CC(=C1)CO)O	0.952714145	62348;58173720	HMDB:(32012);PubChem class - food;SuperNatural:(SN00043618);ZINC bio:(ZINC00164388);additional;MeSH:(62348);PubMed;NORMAN:(NS00018669);COCONUT:(CNP0268270);Natural Products:(UNPD135057);PubChem:(62348 58173720);YMDB Mine;CHEBI:(18353);PubChem class - bio and metabolites;KEGG:(C06317);PubChem class - safety and toxic;Biocyc:(VANILLYL-ALCOHOL)	34581817710
2	1	N/A	-18.316576067520856	C8H10O3	[M - H2O + H]+	WHKRHBLAJFYZKF	InChI=1S/C8H10O3/c1-11-8-3-2-6(5-9)4-7(8)10/h2-4,9-10H,5H2,1H3	Isovanillyl alcohol	COC1=C(C=C(C=C1)CO)O	0.699999988	78089	NORMAN:(NS00049196);COCONUT:(CNP0153100);Natural Products:(UNPD17869);PubChem:(78089);ZINC bio:(ZINC00395646);additional;PubChem class - bio and metabolites;PubChem class - safety and toxic;KEGG Mine	8676745218
3	1	N/A	-29.163036441590354	C8H10O3	[M - H2O + H]+	OSZHSESNQIMXMZ	InChI=1S/C8H10O3/c1-11-7-4-2-3-6(5-9)8(7)10/h2-4,9-10H,5H2,1H3	o-Vanillyl alcohol	COC1=CC=CC(=C1O)CO	1.20000005	78088;58173715	NORMAN:(NS00047855);PubChem:(78088 58173715);ZINC bio:(ZINC00409349);additional;PubChem class - safety and toxic;Training Set;PubMed;KEGG Mine	8657854530
4	1	N/A	-50.20696127209525	C8H10O3	[M - H2O + H]+	ZJXAUXOXMRUTTF	InChI=1S/C8H10O3/c1-11-8-6(5-9)3-2-4-7(8)10/h2-4,9-10H,5H2,1H3	3-Hydroxy-2-methoxybenzyl alcohol	COC1=C(C=CC=C1O)CO	0.699999988	3020183	PubChem:(3020183);NORMAN:(NS00038693)	262146
5	1	N/A	-99.76331536830142	C8H10O3	[M - H2O + H]+	BRIDIXYUUCVCGI	InChI=1S/C8H10O3/c1-5-3-7(10)8(11-2)4-6(5)9/h3-4,9-10H,1-2H3	null	CC1=CC(=C(C=C1O)OC)O	1.5	13099258	COCONUT:(CNP0167756);Natural Products:(UNPD25135);PubChem:(13099258);PubMed;KEGG Mine	8592064578
6	1	N/A	-102.94299738652877	C8H10O3	[M - H2O + H]+	OANKJSUXMPAWAT	InChI=1S/C8H10O3/c1-11-8-3-6(5-9)2-7(10)4-8/h2-4,9-10H,5H2,1H3	3-(Hydroxymethyl)-5-methoxyphenol	COC1=CC(=CC(=C1)O)CO	0.699999988	592986	COCONUT:(CNP0348183);HMDB:(30570);Natural Products:(UNPD9906);PubChem:(592986);SuperNatural:(SN00404178);PubChem class - bio and metabolites;KEGG Mine	8609890314
7	1	N/A	-105.76774934443837	C8H10O3	[M - H2O + H]+	RNDWEMBYMPZABZ	InChI=1S/C8H10O3/c1-5-3-6(9)4-7(11-2)8(5)10/h3-4,9-10H,1-2H3	2-methoxy-6-methylbenzene-1,4-diol	CC1=CC(=CC(=C1O)OC)O	1.47135055	151463	COCONUT:(CNP0140056);Natural Products:(UNPD28439);PubChem:(151463);SuperNatural:(SN00254799);ZINC bio:(ZINC06069992);MeSH:(151463);KEGG Mine	8593121286
8	1	N/A	-108.82499240024649	C8H10O3	[M - H2O + H]+	KLIDCXVFHGNTTM	InChI=1S/C8H10O3/c1-10-6-4-3-5-7(11-2)8(6)9/h3-5,9H,1-2H3	Syringol	COC1=C(C(=CC=C1)OC)O	1.39770198	7041;129719595;131801541	HMDB:(34158);PubChem class - food;SuperNatural:(SN00155757);ZINC bio:(ZINC00154666);additional;MeSH:(7041);PubMed;NORMAN:(NS00010674);COCONUT:(CNP0421772);KNApSAcK:(2646);Natural Products:(UNPD20773);PubChem:(7041 129719595 131801541);YMDB Mine;CHEBI:(955);PubChem class - bio and metabolites;KEGG:(C10787);PubChem class - safety and toxic;Biocyc:(CPD-12797)	34581817726
9	1	N/A	-116.02343547516973	C8H10O3	[M - H2O + H]+	QSZCGGBDNYTQHH	InChI=1S/C8H10O3/c1-10-7-5-3-4-6(9)8(7)11-2/h3-5,9H,1-2H3	Dimethoxyphenol	COC1=CC=CC(=C1OC)O	1.39770198	78828	HMDB:(131479);SuperNatural:(SN00357781);ZINC bio:(ZINC00388168);additional;PubMed;NORMAN:(NS00045468);COCONUT:(CNP0219911);Natural Products:(UNPD109797);PubChem:(78828);PubChem class - bio and metabolites;PubChem class - safety and toxic;KEGG Mine	8677793866
10	1	N/A	-122.2953796056755	C8H10O3	[M - H2O + H]+	KYFBKHRLIHDKPB	InChI=1S/C8H10O3/c1-10-6-3-4-8(11-2)7(9)5-6/h3-5,9H,1-2H3	2,5-Dimethoxyphenol	COC1=CC(=C(C=C1)OC)O	1.39770198	5314498	COCONUT:(CNP0373176);Natural Products:(UNPD66838);PubChem:(5314498);ZINC bio:(ZINC13376191);additional;PubMed;KEGG Mine	8592597058
11	1	N/A	-126.20187570774776	C8H10O3	[M - H2O + H]+	WLZCXHMBJHCRFH	InChI=1S/C8H10O3/c1-5-6(9)3-4-7(10)8(5)11-2/h3-4,9-10H,1-2H3	2-methoxy-3-methyl-1,4-benzenediol	CC1=C(C=CC(=C1OC)O)O	1.5	3787218	COCONUT:(CNP0104161);Natural Products:(UNPD155198);PubChem:(3787218);additional;PubChem class - safety and toxic;Training Set	69779458
12	1	N/A	-126.24127700481347	C8H10O3	[M - H2O + H]+	FALWUVSXNUUXQA	InChI=1S/C8H10O3/c1-5-3-6(9)8(10)7(4-5)11-2/h3-4,9-10H,1-2H3	1,2-Benzenediol, 3-methoxy-5-methyl-	CC1=CC(=C(C(=C1)OC)O)O	1.5	12591329	COCONUT:(CNP0147274);Natural Products:(UNPD45176);PubChem:(12591329);SuperNatural:(SN00382747);ZINC bio:(ZINC14590488)	3186690
13	1	N/A	-127.22241104501421	C8H10O3	[M - H2O + H]+	GMSFHYOTRWNFFY	InChI=1S/C8H10O3/c1-11-5-6-2-3-7(9)8(10)4-6/h2-4,9-10H,5H2,1H3	4-(methoxymethyl)benzene-1,2-diol	COCC1=CC(=C(C=C1)O)O	0.952714145	11355604	COCONUT:(CNP0408139);Natural Products:(UNPD121770);PubChem:(11355604);PubMed;KEGG Mine	8592064578
14	1	N/A	-138.98547044959963	C8H10O3	[M - H2O + H]+	JUUBCHWRXWPFFH	InChI=1S/C8H10O3/c9-4-3-6-1-2-7(10)8(11)5-6/h1-2,5,9-11H,3-4H2	dopet	C1=CC(=C(C=C1CCO)O)O	0.992198348	82755;10844647;71749402;121231068;131708874	HMDB:(5784);PubChem class - food;SuperNatural:(SN00156647);ZINC bio:(ZINC02379217);additional;MeSH:(82755);PubMed;NORMAN:(NS00023400);COCONUT:(CNP0275287);KNApSAcK:(32635);Natural Products:(UNPD28896);PubChem:(82755 10844647 71749402 121231068 131708874);YMDB Mine;CHEBI:(68889);PubChem class - bio and metabolites;EcoCyc Mine;PubChem class - safety and toxic;Training Set;PubChem class - drug;Biocyc:(CPD-15887);KEGG Mine	60385192062
15	1	N/A	-140.34050271675355	C8H10O3	[M - H2O + H]+	MNVMYTVDDOXZLS	InChI=1S/C8H10O3/c1-10-6-3-4-7(9)8(5-6)11-2/h3-5,9H,1-2H3	2,4-Dimethoxyphenol	COC1=CC(=C(C=C1)O)OC	1.39770198	593006	COCONUT:(CNP0124974);Natural Products:(UNPD216094);PubChem:(593006);ZINC bio:(ZINC13376192);PubChem class - bio and metabolites;PubMed;KEGG Mine	8608849986
16	1	N/A	-141.91876086205968	C8H10O3	[M - H2O + H]+	SMFFZOQLHYIRDA	InChI=1S/C8H10O3/c1-10-7-4-3-6(9)5-8(7)11-2/h3-5,9H,1-2H3	4-Hydroxyveratrole	COC1=C(C=C(C=C1)O)OC	1.39770198	16251;12209422	SuperNatural:(SN00310666);ZINC bio:(ZINC00388573);additional;PubMed;NORMAN:(NS00026588);COCONUT:(CNP0220201);KNApSAcK:(35489);Natural Products:(UNPD113716);PubChem:(16251 12209422);PubChem class - safety and toxic;Training Set;KEGG Mine	8661033042
17	1	N/A	-144.47423913301913	C8H10O3	[M - H2O + H]+	ZBSGNEYIENETRW	InChI=1S/C8H10O3/c9-4-6-2-1-3-8(11)7(6)5-10/h1-3,9-11H,4-5H2	2,3-bis(hydroxymethyl)phenol	C1=CC(=C(C(=C1)O)CO)CO	0.300000012	81835	NORMAN:(NS00037545);PubChem class - food;PubChem:(81835)	134479874
18	1	N/A	-144.53743370882543	C8H10O3	[M - H2O + H]+	YPIDZFLQKNEKRA	InChI=1S/C8H10O3/c1-5-7(9)3-6(11-2)4-8(5)10/h3-4,9-10H,1-2H3	Spectrum_001926	CC1=C(C=C(C=C1O)OC)O	1.5	238769;59222212	COCONUT:(CNP0312414);HMDB:(131232);Natural Products:(UNPD70704);PubChem:(238769 59222212);SuperNatural:(SN00002460);ZINC bio:(ZINC01676018);additional;PubChem class - bio and metabolites;Training Set;PubMed;KEGG Mine	8610439242
19	1	N/A	-145.02218352138584	C8H10O3	[M - H2O + H]+	JTWJYCAMRHQJDE	InChI=1S/C8H10O3/c1-11-5-6-4-7(9)2-3-8(6)10/h2-4,9-10H,5H2,1H3	1,4-Benzenediol, methoxymethyl-	COCC1=C(C=CC(=C1)O)O	0.952714145	21320451	COCONUT:(CNP0113294);Natural Products:(UNPD2804);PubChem:(21320451);SuperNatural:(SN00313565);PubMed;KEGG Mine	8593113154
20	1	N/A	-146.11553312973786	C8H10O3	[M - H2O + H]+	VLHYYQURSLQDEA	InChI=1S/C8H10O3/c1-5-7(10)3-6(9)4-8(5)11-2/h3-4,9-10H,1-2H3	1,3-Benzenediol, 5-methoxy-4-methyl-	CC1=C(C=C(C=C1OC)O)O	1.5	14885880	COCONUT:(CNP0262935);HMDB:(131231);Natural Products:(UNPD77990);PubChem:(14885880);PubChem class - bio and metabolites;KEGG Mine	8608841738
21	1	N/A	-149.975389286812	C8H10O3	[M - H2O + H]+	HOPGWDUYWPMYFB	InChI=1S/C8H10O3/c9-4-6-1-2-8(11)7(3-6)5-10/h1-3,9-11H,4-5H2	2,4-Dimethylol phenol	C1=CC(=C(C=C1CO)CO)O	0.507726252	76245	NORMAN:(NS00021998);MeSH:(76245);PubChem:(76245);PubMed	262214
22	1	N/A	-158.69921341770467	C8H10O3	[M - H2O + H]+	ASVGXYYOHKAEJN	InChI=1S/C8H10O3/c1-11-5-6-2-7(9)4-8(10)3-6/h2-4,9-10H,5H2,1H3	5-(methoxymethyl)benzene-1,3-diol	COCC1=CC(=CC(=C1)O)O	0.899999976	15027293	COCONUT:(CNP0149921);Natural Products:(UNPD181738);PubChem:(15027293)	2129922
23	1	N/A	-163.05487828770663	C8H10O3	[M - H2O + H]+	AMCOCUDBDKVWRZ	InChI=1S/C8H10O3/c9-5-6-11-8-4-2-1-3-7(8)10/h1-4,9-10H,5-6H2	ACMC-20aoqs	C1=CC=C(C(=C1)O)OCCO	0.900376081	78519	NORMAN:(NS00031739);PubChem:(78519);YMDB Mine;additional;PubChem class - safety and toxic;Training Set;PubMed	34427650114
24	1	N/A	-170.70080650713015	C8H10O3	[M - H2O + H]+	XQDNFAMOIPNVES	InChI=1S/C8H10O3/c1-10-7-3-6(9)4-8(5-7)11-2/h3-5,9H,1-2H3	Taxicatigenin	COC1=CC(=CC(=C1)O)OC	1.39770198	10383;4293195;49788089	HMDB:(59966);ZINC bio:(ZINC00388212);additional;MeSH:(10383);Plantcyc:(CPD-9499);PubMed;NORMAN:(NS00032004);COCONUT:(CNP0317816);Natural Products:(UNPD77829);PubChem:(10383 4293195 49788089);CHEBI:(88715);PubChem class - bio and metabolites;PubChem class - safety and toxic;Biocyc:(CPD-9499);KEGG Mine	8676878446
25	1	N/A	-182.4544723634152	C8H10O3	[M - H2O + H]+	YPNXUPUGKABEQS	InChI=1S/C8H10O3/c9-4-3-6-1-2-7(10)5-8(6)11/h1-2,5,9-11H,3-4H2	4-(2-hydroxyethyl)-1,3-benzenediol	C1=CC(=C(C=C1O)O)CCO	0.992198348	13486360	COCONUT:(CNP0163682);PubChem:(13486360);SuperNatural:(SN00019955);YMDB Mine;ZINC bio:(ZINC13340461);PubChem class - safety and toxic;KEGG Mine	43019935746
26	1	N/A	-182.72009463556253	C8H10O3	[M - H2O + H]+	DECTVMOFPJKFOZ	InChI=1S/C8H10O3/c9-4-6-2-1-3-7(5-10)8(6)11/h1-3,9-11H,4-5H2	2,6-Dimethylol phenol	C1=CC(=C(C(=C1)CO)O)CO	0.300000012	76244;123381932;139253237	NORMAN:(NS00021997);MeSH:(76244);PubChem:(76244 123381932 139253237);PubMed	262214
27	1	N/A	-199.93178432630228	C8H10O3	[M - H2O + H]+	KKOWMCYVIXBCGE	InChI=1S/C8H10O3/c9-4-5-11-8-3-1-2-7(10)6-8/h1-3,6,9-10H,4-5H2	Ambap49650-88-6	C1=CC(=CC(=C1)OCCO)O	0.900376081	152273	NORMAN:(NS00031926);MeSH:(152273);PubChem:(152273);YMDB Mine;PubMed	34360000582
28	1	N/A	-206.57267376443178	C8H10O3	[M - H2O + H]+	NCKTXJDJNMSYDR	InChI=1S/C8H10O3/c1-2-11-8-4-6(9)3-7(10)5-8/h3-5,9-10H,2H2,1H3	5-Ethoxyresorcinol	CCOC1=CC(=CC(=C1)O)O	1.5	119928	PubChem:(119928);NORMAN:(NS00028462)	262146
29	1	N/A	-217.86683921892822	C8H10O3	[M - H2O + H]+	PSXOSXWSPRVCPJ	InChI=1S/C8H10O3/c9-5-8(11)6-3-1-2-4-7(6)10/h1-4,8-11H,5H2	2-Hydroxyphenylglycol	C1=CC=C(C(=C1)C(CO)O)O	0.600000024	134099;13358354;23256175	MeSH:(134099);PubChem:(134099 13358354 23256175);YMDB Mine;PubMed	34359738438
30	1	N/A	-219.5066598257606	C8H10O3	[M - H2O + H]+	DPKWXRUINJHOOB	InChI=1S/C8H10O3/c9-5-6-11-8-3-1-7(10)2-4-8/h1-4,9-10H,5-6H2	4-(2-hydroxyethoxy)phenol	C1=CC(=CC=C1O)OCCO	0.900376081	9834014	PubChem class - safety and toxic;PubChem:(9834014);YMDB Mine;KEGG Mine	43016781826
31	1	N/A	-226.69804324357315	C8H10O3	[M - H2O + H]+	LOXKYYNKSCBYLB	InChI=1S/C8H10O3/c1-5(9)6-2-3-7(10)8(11)4-6/h2-5,9-11H,1H3	4-(1-hydroxyethyl)benzene-1,2-diol	CC(C1=CC(=C(C=C1)O)O)O	0.995506763	18458355;92446375;92446374	PubChem:(18458355 92446375 92446374);YMDB Mine;ZINC bio:(ZINC13340449 ZINC13340450);PubChem class - bio and metabolites;PubMed;KEGG Mine	42966458434
32	1	N/A	-245.70822208711175	C8H10O3	[M - H2O + H]+	XIRABDOOVRWLFU	InChI=1S/C8H10O3/c1-4-6(9)3-7(10)5(2)8(4)11/h3,9-11H,1-2H3	Ambap4463-02-9	CC1=C(C(=C(C=C1O)O)C)O	1.60000002	78214	NORMAN:(NS00046801);COCONUT:(CNP0149570);HMDB:(126617);Natural Products:(UNPD170010);PubChem:(78214);SuperNatural:(SN00275092);PubChem class - bio and metabolites;KEGG Mine	8610152458
33	1	N/A	-245.96057909220147	C8H10O3	[M - H2O + H]+	DSWXMZCXENJPNA	InChI=1S/C8H10O3/c1-2-5-3-6(9)8(11)7(10)4-5/h3-4,9-11H,2H2,1H3	null	CCC1=CC(=C(C(=C1)O)O)O	1.70000005	12386610	HMDB:(125534);PubChem:(12386610);PubChem class - bio and metabolites	16777226
34	1	N/A	-255.2381337425307	C8H10O3	[M - H2O + H]+	DUNRSBLUMXLQPE	InChI=1S/C8H10O3/c1-5(9)7-3-2-6(10)4-8(7)11/h2-5,9-11H,1H3	4-(1-Hydroxyethyl)resorcinol	CC(C1=C(C=C(C=C1)O)O)O	1.29999995	106854;40578890;40579114	NORMAN:(NS00056364);PubChem:(106854 40578890 40579114);YMDB Mine;KEGG Mine	42949935106
35	1	N/A	-264.228469642242	C8H10O3	[M - H2O + H]+	VYRWCSXMABWFDW	InChI=1S/C8H10O3/c9-5-8(11)6-1-3-7(10)4-2-6/h1-4,8-11H,5H2	4-Hydroxyphenylglycol	C1=CC(=CC=C1C(CO)O)O	0.476870328	3081980;45083090;70222178	HMDB:(135785);SuperNatural:(SN00386094 SN00330075);ZINC bio:(ZINC14503456 ZINC14503458);MeSH:(3081980);PubMed;COCONUT:(CNP0398619);Natural Products:(UNPD117131 UNPD35159);PubChem:(3081980 45083090 70222178);YMDB Mine;CHEBI:(125383);PubChem class - bio and metabolites;KEGG Mine	42969636974
36	1	N/A	-283.07165594101764	C8H10O3	[M - H2O + H]+	VJDDQSBNUHLBTD	InChI=1S/C8H10O3/c1-3-5-7(9)11-8(10)6-4-2/h3-6H,1-2H3	2-Butenoic anhydride	CC=CC(=O)OC(=O)C=CC	1.5	12189;6049834;5365806;20975582;98044503	NORMAN:(NS00043849);COCONUT:(CNP0155558);Natural Products:(UNPD9341);PubChem:(12189 6049834 5365806 20975582 98044503);HSDB:(623-68-7);PubChem class - safety and toxic;PubMed	69501506
37	1	N/A	-306.8890388036678	C8H10O3	[M - H2O + H]+	OFRGUEUKTJODEE	InChI=1S/C8H10O3/c1-2-5-10-6-7-3-4-8(9)11-7/h1,7H,3-6H2	5-(prop-2-ynoxymethyl)oxolan-2-one	C#CCOCC1CCC(=O)O1	0.200000003	34043;71732268	PubChem:(34043 71732268);PubChem class - safety and toxic	67108866
38	1	N/A	-311.8140339150562	C8H10O3	[M - H2O + H]+	JGBAVQBLUTYORM	InChI=1S/C8H10O3/c1-6(8(10)11)4-3-5-7(2)9/h3-5H,1-2H3,(H,10,11)	null	CC(=O)C=CC=C(C)C(=O)O	0.699999988	85949696;129651889	COCONUT:(CNP0156753);Natural Products:(UNPD219749);PubChem:(85949696 129651889);KEGG Mine	8592064514
39	1	N/A	-312.8976271881499	C8H10O3	[M - H2O + H]+	SMKPKIFBQCUYGS	InChI=1S/C8H10O3/c1-2-3-6(9)7-4-5-8(10)11-7/h2-7,9H,1H3	2(5H)-Furanone, 5-(1-hydroxy-2-butenyl)-	CC=CC(C1C=CC(=O)O1)O	0.5	10558823;10820768;71369495;101750822;101409395;101409396;133622437	COCONUT:(CNP0325421);KNApSAcK:(41683);Natural Products:(UNPD88109);PubChem:(10558823 10820768 71369495 101750822 101409395 101409396 133622437);SuperNatural:(SN00318285)	3178514
40	1	N/A	-313.6190389799351	C8H10O3	[M - H2O + H]+	BJHPVOJGGFOITK	InChI=1S/C8H10O3/c9-6-5-8(11)3-1-7(10)2-4-8/h1-4,9,11H,5-6H2	null	C1=CC(C=CC1=O)(CCO)O	0.0	86063288	COCONUT:(CNP0271310);Natural Products:(UNPD11424);PubChem:(86063288)	2129922
41	1	N/A	-314.246659902866	C8H10O3	[M - H2O + H]+	YWHWJTHKPHHCKG	InChI=1S/C8H10O3/c1-5-4-7(10-3)6(2)8(9)11-5/h4H,1-3H3	2H-Pyran-2-one, 4-methoxy-3,6-dimethyl-	CC1=CC(=C(C(=O)O1)C)OC	1.20000005	10630787;15946810	COCONUT:(CNP0157461);Natural Products:(UNPD96706);PubChem:(10630787 15946810);SuperNatural:(SN00231409)	3178498
42	1	N/A	-314.43158885727263	C8H10O3	[M - H2O + H]+	MNFOIGQBJZVPCS	InChI=1S/C8H10O3/c1-5-4-7(6(2)11-5)8(9)10-3/h4H,1-3H3	Methyl 2,5-dimethyl-3-furoate	CC1=CC(=C(O1)C)C(=O)OC	1.60000002	80248	PubChem:(80248);NORMAN:(NS00034700)	262146
43	1	N/A	-315.0319459095173	C8H10O3	[M - H2O + H]+	OMYHDCWZPFZMSM	InChI=1S/C8H10O3/c9-7-3-1-6(5-7)2-4-8(10)11/h5H,1-4H2,(H,10,11)	1-Cyclopentene-1-propanoic acid, 3-oxo-	C1CC(=O)C=C1CCC(=O)O	-0.200000003	22676878	COCONUT:(CNP0183676);Natural Products:(UNPD150111);PubChem:(22676878);SuperNatural:(SN00230213);PubMed	3178562
44	1	N/A	-318.9808712897412	C8H10O3	[M - H2O + H]+	AVZOEZMUNZGWLN	InChI=1S/C8H10O3/c1-10-8(11-2)5-3-7(9)4-6-8/h3-6H,1-2H3	4,5-dienone	COC1(C=CC(=O)C=C1)OC	0.300000012	394648;12384255	PubChem class - safety and toxic;PubChem:(394648 12384255);PubMed	67108930
45	1	N/A	-319.9635877799703	C8H10O3	[M - H2O + H]+	DCUFMVPCXCSVNP	InChI=1S/C8H10O3/c1-5(2)7(9)11-8(10)6(3)4/h1,3H2,2,4H3	Methacryloyl anhydride	CC(=C)C(=O)OC(=O)C(=C)C	1.79999995	12974	HSDB:(760-93-0);NORMAN:(NS00002060);PubChem class - safety and toxic;PubChem:(12974);PubMed	67371586
46	1	N/A	-325.87344220688817	C8H10O3	[M - H2O + H]+	OKDRUMBNXIYUEO	InChI=1S/C8H10O3/c1-2-3-7-6(9)4-5-8(10)11-7/h2-7,9H,1H3	Tetraketide	CC=CC1C(C=CC(=O)O1)O	0.5	473258;6475274;11030036;13873352;78411930;90991232	COCONUT:(CNP0193471);KNApSAcK:(41754);Natural Products:(UNPD160710 UNPD218235 UNPD128411);PubChem:(473258 6475274 11030036 13873352 78411930 90991232);SuperNatural:(SN00400439 SN00250898);MeSH:(6475274);PubMed	3178582
47	1	N/A	-326.5049538128895	C8H10O3	[M - H2O + H]+	CCDRPZFMDMKZSZ	InChI=1S/C8H10O3/c1-2-10-6-8-4-3-7(5-9)11-8/h3-5H,2,6H2,1H3	5-(Ethoxymethyl)furfural	CCOCC1=CC=C(O1)C=O	1.27699697	12648080	PubChem class - safety and toxic;PubChem:(12648080);PubMed	67108930
48	1	N/A	-328.38155832303966	C8H10O3	[M - H2O + H]+	MHOOPNKRBMHHEC	InChI=1S/C8H10O3/c1-2-3-5-4-6(9)8(11)7(5)10/h2-4,7-8,10-11H,1H3	Terrein	CC=CC1=CC(=O)C(C1O)O	-0.600000024	324799;5372499;6436830;12115039;10909778;12443340;21140778;124355890;126969296;131247523;131436111	COCONUT:(CNP0176967);KNApSAcK:(45413);Natural Products:(UNPD137707 UNPD73690);PubChem:(324799 5372499 6436830 12115039 10909778 12443340 21140778 124355890 126969296 131247523 131436111);SuperNatural:(SN00279614 SN00020950);ZINC bio:(ZINC14721813);additional;MeSH:(5372499 6436830 12443340 126969296);PubMed	3711062
49	1	N/A	-329.4828757933044	C8H10O3	[M - H2O + H]+	YCYZOWYCOUNUTM	InChI=1S/C8H10O3/c1-2-3-4-6-5-7(9)11-8(6)10/h2-3,6H,4-5H2,1H3	(2-Butenyl)succinic anhydride	CC=CCC1CC(=O)OC1=O	0.899999976	548964;5365628;88562946;98118964;98118965	PubChem:(548964 5365628 88562946 98118964 98118965);PubChem class - safety and toxic	67108866
50	1	N/A	-331.4959768724599	C8H10O3	[M - H2O + H]+	LZEPOJMTQYNFTR	InChI=1S/C8H10O3/c9-7(5-1-2-5)11-8(10)6-3-4-6/h5-6H,1-4H2	Cyclopropanecarboxylic acid anhydride	C1CC1C(=O)OC(=O)C2CC2	0.800000012	297009	PubChem:(297009);PubChem class - safety and toxic	67108866
51	1	N/A	-334.1375799922273	C8H10O3	[M - H2O + H]+	ANPMHDUGFOMMJJ	InChI=1S/C8H10O3/c1-5(2)3-6-4-7(9)11-8(6)10/h6H,1,3-4H2,2H3	Isobutenylsuccinic anhydride	CC(=C)CC1CC(=O)OC1=O	1.29999995	225375;3085493;97947993	PubChem class - food;PubChem class - safety and toxic;PubChem:(225375 3085493 97947993)	201326594
52	1	N/A	-335.1580089599534	C8H10O3	[M - H2O + H]+	ZAGNSSSEBATPLU	InChI=1S/C8H10O3/c1-2-3-5-4-6(9)8(11)7(5)10/h2-4,6,8-9,11H,1H3	4,5-dihydroxy-2-prop-1-enylcyclopent-2-en-1-one	CC=CC1=CC(C(C1=O)O)O	-0.100000001	5247613;6312247;11423706;101345092;101345093;101345094;131504580;131561974;131561975;131236897;131242588;131243416;131853140	PubChem:(5247613 6312247 11423706 101345092 101345093 101345094 131504580 131561974 131561975 131236897 131242588 131243416 131853140);COCONUT:(CNP0357103)	2097154
53	1	N/A	-338.72864365157375	C8H10O3	[M - H2O + H]+	DOHUEYINVDLUSG	InChI=1S/C8H10O3/c1-3-10-8(9)7-4-5-11-6(7)2/h4-5H,3H2,1-2H3	zlchem 1157	CCOC(=O)C1=C(OC=C1)C	1.60000002	261900	PubChem:(261900);PubChem class - safety and toxic	67108866
54	1	N/A	-342.36053140978794	C8H10O3	[M - H2O + H]+	FGDRQRQOJRZARK	InChI=1S/C8H10O3/c9-6-3-8(4-6)1-5(2-8)7(10)11/h5H,1-4H2,(H,10,11)	6-oxospiro[3.3]heptane-2-carboxylic acid	C1C(CC12CC(=O)C2)C(=O)O	-0.200000003	33695230	PubChem:(33695230);PubChem class - safety and toxic	67108866
55	1	N/A	-343.0957082461486	C8H10O3	[M - H2O + H]+	NDMYZNGMFOIMGY	InChI=1S/C8H10O3/c1-3-7-6(11-7)2-4(9-3)8-5(1)10-8/h3-8H,1-2H2	3,8,11-trioxatetracyclo[4.4.1.02,4.07,9]undecane	C1C2C3C(O3)CC(O2)C4C1O4	0.0	557059;22214623;22214624;101639365;101639366	COCONUT:(CNP0170759);Natural Products:(UNPD44759 UNPD182978);PubChem:(557059 22214623 22214624 101639365 101639366);SuperNatural:(SN00269063 SN00278261)	3178498
56	1	N/A	-343.6564329252396	C8H10O3	[M - H2O + H]+	MUTGBJKUEZFXGO	InChI=1S/C8H10O3/c9-7-5-3-1-2-4-6(5)8(10)11-7/h5-6H,1-4H2	Araldite HT 907	C1CCC2C(C1)C(=O)OC2=O	1.20000005	85689;641660;12261141;10942665;57901537;59360186;58012573	NORMAN:(NS00005320);PubChem:(85689 641660 12261141 10942665 57901537 59360186 58012573);CHEBI:(103210);PubChem class - bio and metabolites;HSDB:(85-42-7);MeSH:(85689);PubChem class - safety and toxic;Training Set;PubMed	84165222
57	1	N/A	-351.7405720841193	C8H10O3	[M - H2O + H]+	MIHZOYYSSYKXBP	InChI=1S/C8H10O3/c9-6-2-1-5-3-8(10)11-7(5)4-6/h1-2,5-7,9H,3-4H2	null	C1C(C=CC2C1OC(=O)C2)O	0.100000001	130146751;130904544;131179313	COCONUT:(CNP0114258);Natural Products:(UNPD2625 UNPD57555);PubChem:(130146751 130904544 131179313);SuperNatural:(SN00313846 SN00377538);KEGG Mine	8593113090
58	1	N/A	-352.6654797908532	C8H10O3	[M - H2O + H]+	LGBXNZSSTFWRFS	InChI=1S/C8H10O3/c1-2-8(9)11-6-7-4-3-5-10-7/h3-5H,2,6H2,1H3	ACMC-20akuh	CCC(=O)OCC1=CC=CO1	1.20000005	61166	NORMAN:(NS00043823);COCONUT:(CNP0002784);HMDB:(37728);PubChem class - food;PubChem:(61166);PubChem class - bio and metabolites	153354250
59	1	N/A	-355.96674050331666	C8H10O3	[M - H2O + H]+	CRYDMVQAZDVQSO	InChI=1S/C8H10O3/c1-3-6-4-7(10-2)5-8(9)11-6/h4-5H,3H2,1-2H3	6-ethyl-4-methoxy-pyran-2-one	CCC1=CC(=CC(=O)O1)OC	1.29999995	11116262	PubChem:(11116262);COCONUT:(CNP0076892)	2097154
60	1	N/A	-355.99567875859015	C8H10O3	[M - H2O + H]+	BAZBYDHOWMSZBD	InChI=1S/C8H10O3/c1-4-5(2)11-6(3)7(4)8(9)10/h1-3H3,(H,9,10)	2,4,5-trimethyl-3-furoic acid	CC1=C(OC(=C1C(=O)O)C)C	1.70000005	7131506;7131507	PubChem class - safety and toxic;PubChem:(7131506 7131507);PubMed	67108930
61	1	N/A	-358.88256628251816	C8H10O3	[M - H2O + H]+	RUGWIVARLJMKDM	InChI=1S/C8H10O3/c1-2-7(10-3-1)4-9-5-8-6-11-8/h1-3,8H,4-6H2	Furfuryl glycidyl ether	C1C(O1)COCC2=CC=CO2	0.400000006	94306;968916;968917	NORMAN:(NS00044185);MeSH:(94306);PubChem class - safety and toxic;PubChem:(94306 968916 968917);PubMed	67371078
62	1	N/A	-361.8609219064231	C8H10O3	[M - H2O + H]+	XEBGKYCHRCIWRY	InChI=1S/C8H10O3/c1-2-3-4-5-7(6-9)8(10)11/h1,6-7H,3-5H2,(H,10,11)	null	C#CCCCC(C=O)C(=O)O	0.899999976	137349198	PubChem:(137349198);PubChem class - bio and metabolites	16777218
63	1	N/A	-361.92333850549295	C8H10O3	[M - H2O + H]+	TZGFIXHYOGINNB	InChI=1S/C8H10O3/c1-2-3-7-6(9)4-5-8(10)11-7/h2,4-7,9H,1,3H2	6-Allyl-5,6-dihydro-5-hydroxypyran-2-one	C=CCC1C(C=CC(=O)O1)O	0.699999988	154890;101661984;124304249;124304250;124304251	MeSH:(154890);PubChem:(154890 101661984 124304249 124304250 124304251);PubMed	70
64	1	N/A	-362.0391019665872	C8H10O3	[M - H2O + H]+	DXODJUXMNZSTFU	InChI=1S/C8H10O3/c1-3-8(10)5-6(11-2)4-7(8)9/h3-4,10H,1,5H2,2H3	2-Cyclopenten-1-one, 5-ethenyl-5-hydroxy-3-methoxy-	COC1=CC(=O)C(C1)(C=C)O	0.300000012	14643779	COCONUT:(CNP0280441);Natural Products:(UNPD121687);PubChem:(14643779)	2129922
65	1	N/A	-362.6728814548141	C8H10O3	[M - H2O + H]+	HSCVIIISAAEVQT	InChI=1S/C8H10O3/c1-2-5-11-8(9)7-4-3-6-10-7/h3-4,6H,2,5H2,1H3	Propyl furoate	CCCOC(=O)C1=CC=CO1	1.78116	11982	NORMAN:(NS00022503);COCONUT:(CNP0083141);HMDB:(37724);PubChem class - food;PubChem:(11982);PubChem class - bio and metabolites;PubChem class - safety and toxic	220463114
66	1	N/A	-363.68947557187886	C8H10O3	[M - H2O + H]+	XJVDGWZMESEVTD	InChI=1S/C8H10O3/c9-7(8(10)11)6-4-2-1-3-5-6/h1-2,6H,3-5H2,(H,10,11)	Ketomycin	C1CC(CC=C1)C(=O)C(=O)O	1.20000005	19489;53461447	COCONUT:(CNP0297531);Natural Products:(UNPD43194);PubChem:(19489 53461447);SuperNatural:(SN00343379);MeSH:(19489);PubChem class - safety and toxic;PubMed	70287430
67	1	N/A	-364.04784916909347	C8H10O3	[M - H2O + H]+	PPMJYIYLTWFJBM	InChI=1S/C8H10O3/c1-2-3-7-6(8(9)10)4-5-11-7/h4-5H,2-3H2,1H3,(H,9,10)	null	CCCC1=C(C=CO1)C(=O)O	1.70000005	15686845	PubChem:(15686845);PubChem class - safety and toxic	67108866
68	1	N/A	-370.96905521730025	C8H10O3	[M - H2O + H]+	ZMBDOIYQGZHKEU	InChI=1S/C8H10O3/c9-8-7-4(3-10-8)5-1-2-6(7)11-5/h4-7H,1-3H2	4,7-Epoxyisobenzofuran-1(3H)-one, hexahydro-	C1CC2C3C(C1O2)COC3=O	0.400000006	170987;4136129;12800709;12800711;12800712;11030035;22848972;55255867;89315025;98044810;98044811;126516790;132147014	PubChem:(170987 4136129 12800709 12800711 12800712 11030035 22848972 55255867 89315025 98044810 98044811 126516790 132147014);PubChem class - safety and toxic	67108866
69	1	N/A	-372.55948271689465	C8H10O3	[M - H2O + H]+	ZCLDVNJXGNOJKY	InChI=1S/C8H10O3/c1-4-6(3)11-8(10)5(2)7(4)9/h9H,1-3H3	2H-Pyran-2-one, 4-hydroxy-3,5,6-trimethyl-	CC1=C(OC(=O)C(=C1O)C)C	0.800000012	54694046	COCONUT:(CNP0208216);PubChem:(54694046);PubMed;additional	2621506
70	1	N/A	-374.85027975543437	C8H10O3	[M - H2O + H]+	IIISLCMALFIFKE	InChI=1S/C8H10O3/c1-6(2)11-8(9)7-4-3-5-10-7/h3-6H,1-2H3	Isopropyl furoate	CC(C)OC(=O)C1=CC=CO1	1.78446841	80452	PubChem:(80452);NORMAN:(NS00035135)	262146
71	1	N/A	-375.6740755082541	C8H10O3	[M - H2O + H]+	WCOGDENGOYPPMR	InChI=1S/C8H10O3/c1-6(9)11-8-4-2-3-7(10)5-8/h5H,2-4H2,1H3	(3-oxo-1-cyclohexenyl) acetate	CC(=O)OC1=CC(=O)CCC1	0.400000006	2755443	COCONUT:(CNP0126229);PubChem:(2755443);SuperNatural:(SN00130798);PubMed;ZINC bio:(ZINC04293617)	3153986
72	1	N/A	-375.75053266954916	C8H10O3	[M - H2O + H]+	KULVDERDTVGGDO	InChI=1S/C8H10O3/c9-3-5-6(4-10)8-2-1-7(5)11-8/h3-8H,1-2H2	null	C1CC2C(C(C1O2)C=O)C=O	-0.600000024	88915018;89115209;130997899;134693726	PubChem:(88915018 89115209 130997899 134693726);PubChem class - bio and metabolites	16777218
73	1	N/A	-378.90185852580464	C8H10O3	[M - H2O + H]+	QNDHGTPNPOSQDP	InChI=1S/C8H10O3/c9-7-5-8(10)4-2-1-3-6(8)11-7/h1-2,6,10H,3-5H2	(3aS,7aR)-3a-hydroxy-3,4,7,7a-tetrahydro-1-benzofuran-2-one	C1C=CCC2(C1OC(=O)C2)O	0.200000003	11389502;72828457	COCONUT:(CNP0211973);Natural Products:(UNPD99696);PubChem:(11389502 72828457);SuperNatural:(SN00388679)	3178498
74	1	N/A	-384.84128875265446	C8H10O3	[M - H2O + H]+	HVKUASSSTFDQDK	InChI=1S/C8H10O3/c9-6-2-1-5-3-8(10)11-7(5)4-6/h3,6-7,9H,1-2,4H2	(6R,7aS)-6-hydroxy-5,6,7,7a-tetrahydro-4H-1-benzofuran-2-one	C1CC2=CC(=O)OC2CC1O	-0.100000001	11084083;11423705;72956251;102021351;102386464	COCONUT:(CNP0293296);Natural Products:(UNPD172301 UNPD10005);PubChem:(11084083 11423705 72956251 102021351 102386464);SuperNatural:(SN00398689 SN00284070);KEGG Mine	8593113090
75	1	N/A	-386.350602508994	C8H10O3	[M - H2O + H]+	SCDJKGVPVLZLED	InChI=1S/C8H10O3/c9-6-3-1-4-5(2-3)8(10)11-7(4)6/h3-7,9H,1-2H2	Oprea1_120953	C1C2CC3C1C(C2O)OC3=O	0.100000001	432639;6939301;10877334;12618445;11263614;11869912;68053651;98043363;98043364;98043365;98047224;98047225;99163045;99163046;99163048;98106321;98106323;98106326;98658968;98658969;98658970;98658971;101997287;124710103;129172993;130875884	PubChem:(432639 6939301 10877334 12618445 11263614 11869912 68053651 98043363 98043364 98043365 98047224 98047225 99163045 99163046 99163048 98106321 98106323 98106326 98658968 98658969 98658970 98658971 101997287 124710103 129172993 130875884);PubChem class - safety and toxic	67108866
76	1	N/A	-389.3295336690724	C8H10O3	[M - H2O + H]+	AVJKHAVWFKQXPI	InChI=1S/C8H10O3/c1-5-6(4-8(10)11)2-3-7(5)9/h6H,1-4H2,(H,10,11)	Homosarkomycin	C=C1C(CCC1=O)CC(=O)O	0.300000012	127030;101638261;132555561	MeSH:(127030 101638261);PubChem:(127030 101638261 132555561);PubMed	70
77	1	N/A	-392.16105810810933	C8H10O3	[M - H2O + H]+	ZAQQZMZXYOTJAB	InChI=1S/C8H10O3/c1-8(2)6(10)3-5(9)4-7(8)11/h3-4,9-10H,1-2H3	Filicinic acid	CC1(C(=CC(=CC1=O)O)O)C	0.699999988	550690	NORMAN:(NS00045292);COCONUT:(CNP0256281 CNP0407971);Natural Products:(UNPD136225);PubChem:(550690);SuperNatural:(SN00254613);CHEBI:(71593);MeSH:(550690);PubMed	3440742
78	1	N/A	-392.6908279392641	C8H10O3	[M - H2O + H]+	NNYIMCWMHNKLNZ	InChI=1S/C8H10O3/c1-5-3-4-7(10)8(5)11-6(2)9/h3-4H2,1-2H3	2-Methyl-6-oxocyclopent-1-enyl acetate	CC1=C(C(=O)CC1)OC(=O)C	0.400000006	70960	PubChem:(70960);NORMAN:(NS00023868)	262146
79	1	N/A	-393.1635014482833	C8H10O3	[M - H2O + H]+	OGZMDPACRQJBBZ	InChI=1S/C8H10O3/c1-4-2-5(8(9)10)3-6-7(4)11-6/h2,4,6-7H,3H2,1H3,(H,9,10)	null	CC1C=C(CC2C1O2)C(=O)O	0.608882487	""	COCONUT:(CNP0188451);Natural Products:(UNPD131519);SuperNatural:(SN00303821)	3178496
80	1	N/A	-394.3981838960015	C8H10O3	[M - H2O + H]+	PAQLUNHARDKSPD	InChI=1S/C8H10O3/c1-4(9)7-5(2)11-6(3)8(7)10/h6H,1-3H3	4-Acetyl-2,5-dimethylfuran-3(2H)-one	CC1C(=O)C(=C(O1)C)C(=O)C	0.699999988	53426546;76968648;76968649	COCONUT:(CNP0337023);PubChem class - food;PubChem:(53426546 76968648 76968649)	136314882
81	1	N/A	-394.7848832593263	C8H10O3	[M - H2O + H]+	HSGPAWIMHOPPDA	InChI=1S/C8H10O3/c9-6-1-2-8(10)3-4-11-7(8)5-6/h1-2,7,10H,3-5H2	Halleridone	C1COC2C1(C=CC(=O)C2)O	-0.699999988	146831;10725564;10374646;91885176;138113864	COCONUT:(CNP0236170);KNApSAcK:(35382);Natural Products:(UNPD158524 UNPD114647);PubChem:(146831 10725564 10374646 91885176 138113864);SuperNatural:(SN00346964 SN00379550);MeSH:(146831 10374646 10725564 138113864);PubMed	3178582
82	1	N/A	-395.12824982380835	C8H10O3	[M - H2O + H]+	USMZMYPGRVEPNO	InChI=1S/C8H10O3/c1-3-6-4-7(9)5(2)8(10)11-6/h4,9H,3H2,1-2H3	Marilactone	CCC1=CC(=C(C(=O)O1)C)O	1.29999995	54719445	COCONUT:(CNP0148440);MeSH:(54719445);Natural Products:(UNPD211601);PubChem:(54719445);PubMed	2129990
83	1	N/A	-395.6244877884293	C8H10O3	[M - H2O + H]+	GMHAPDVDHWIVSN	InChI=1S/C8H10O3/c1-8(2)6(10)3-5(9)4-7(8)11/h3-4H2,1-2H3	Filicinicacid (6CI)	CC1(C(=O)CC(=O)CC1=O)C	0.800000012	72852	COCONUT:(CNP0129466);MeSH:(72852);Natural Products:(UNPD77614);PubChem:(72852);PubMed	2129990
84	1	N/A	-398.71798744111453	C8H10O3	[M - H2O + H]+	JPLUXSIYIQGVTD	InChI=1S/C8H10O3/c1-3-4-6-8(10)7(9)5(2)11-6/h4,9H,3H2,1-2H3	(2E)-4-hydroxy-5-methyl-2-propylidene-3(2H)-furanone	CCC=C1C(=O)C(=C(O1)C)O	1.60000002	25200833;25244172	COCONUT:(CNP0001500);Plantcyc:(CPD-9885 CPD-10207 CPDN82-1);PubChem:(25200833 25244172);PubMed;Biocyc:(CPD-10207)	2230338
85	1	N/A	-399.172810299184	C8H10O3	[M - H2O + H]+	YYYNPYRBPLTQJC	InChI=1S/C8H10O3/c1-6-5-10-8(11-6)7-3-2-4-9-7/h2-4,6,8H,5H2,1H3	1, 2-(2-furanyl)-4-methyl-	CC1COC(O1)C2=CC=CO2	0.899999976	96461;76956510;76956511;76956512;76956513;89291565	NORMAN:(NS00045841);PubChem class - food;PubChem:(96461 76956510 76956511 76956512 76956513 89291565)	134479874
86	1	N/A	-399.56776050486735	C8H10O3	[M - H2O + H]+	JSMFWZNMLQZDHK	InChI=1S/C8H10O3/c9-7(10)8(11)4-5-1-2-6(8)3-5/h1-2,5-6,11H,3-4H2,(H,9,10)	(4R)-5-hydroxybicyclo[2.2.1]hept-2-ene-5-carboxylic acid	C1C2CC(C1C=C2)(C(=O)O)O	0.200000003	2755138;7057326;7057327;7057328;7057329;12527565;10964724;11094838;11869140;11869141;11869142;98047553;98047554;130864648;130993914	COCONUT:(CNP0054073);PubChem:(2755138 7057326 7057327 7057328 7057329 12527565 10964724 11094838 11869140 11869141 11869142 98047553 98047554 130864648 130993914);SuperNatural:(SN00127718 SN00127717);ZINC bio:(ZINC03851550 ZINC03851552)	3153922
87	1	N/A	-401.3303754739734	C8H10O3	[M - H2O + H]+	TXNZYEWXZZOAQG	InChI=1S/C8H10O3/c1-6(2)10-8-4-3-7(5-9)11-8/h3-6H,1-2H3	null	CC(C)OC1=CC=C(O1)C=O	1.89999998	79111263	PubChem:(79111263);PubChem class - safety and toxic	67108866
88	1	N/A	-403.2827060322315	C8H10O3	[M - H2O + H]+	IXJDTTXMFDUDIK	InChI=1S/C8H10O3/c9-7-2-1-6-5-8(7,10)3-4-11-6/h1-2,6,10H,3-5H2	null	C1COC2CC1(C(=O)C=C2)O	-0.300000012	130028247	COCONUT:(CNP0421096);Natural Products:(UNPD109136);PubChem:(130028247);SuperNatural:(SN00297235)	3178498
89	1	N/A	-414.17301064734505	C8H10O3	[M - H2O + H]+	OZMNDXLQDMMUHM	InChI=1S/C8H9O3/c1-5-3-4-7(6(2)9)8(10)11-5/h3-4,8H,1-2H3/q-1	null	CC1=CC=C(C(O1)[O-])C(=O)C	0.659918129	""	COCONUT:(CNP0086128)	2097152
90	1	N/A	-424.4475144510707	C8H10O3	[M - H2O + H]+	CHFCNWCEHGDVKI	InChI=1S/C8H10O3/c1-8(2)6(10)3-5(9)4-7(8)11/h3,10H,4H2,1-2H3/p-1	null	CC1(C(=O)CC(=O)C=C1[O-])C	0.642148435	""	COCONUT:(CNP0028315);SuperNatural:(SN00159391)	3145728
91	1	N/A	-428.97935152018977	C8H10O3	[M - H2O + H]+	UWXUDHGKUWPPGB	InChI=1S/C8H10O3/c1-8(2)10-6-4-3-5(9)7(6)11-8/h3-4,6-7H,1-2H3	2,2-dimethyl-3a,6a-dihydrocyclopenta[d][1,3]dioxol-4-one	CC1(OC2C=CC(=O)C2O1)C	0.400000006	10997245;10154155;13700991;13700992;57620281;57620282;59361059;58114285;92976010	PubChem class - safety and toxic;PubChem:(10997245 10154155 13700991 13700992 57620281 57620282 59361059 58114285 92976010);KEGG Mine	8657043458
92	1	N/A	-445.96965458426644	C8H10O3	[M - H2O + H]+	IQGNSMPKOZXGDM	InChI=1S/C8H10O3/c9-7-5-3-1-2-4-6(5)8(10)11-7/h7,9H,1-4H2	null	C1CCC2=C(C1)C(OC2=O)O	0.600000024	10909777	PubChem:(10909777);PubChem class - safety and toxic	67108866
1	1	N/A	-34.01833644720209	C8H8O2	[M + H]+	PKZJLOCLABXVMC	InChI=1S/C8H8O2/c1-10-8-5-3-2-4-7(8)6-9/h2-6H,1H3	2-Anisaldehyde	COC1=CC=CC=C1C=O	1.56314135	8658;12198196;57208351;59897777;59897785	HMDB:(33766);PubChem class - food;SuperNatural:(SN00156094);ZINC bio:(ZINC01090557);additional;PubMed;NORMAN:(NS00011981);COCONUT:(CNP0183883);Natural Products:(UNPD131795);PubChem:(8658 12198196 57208351 59897777 59897785);PubChem class - bio and metabolites;PubChem class - safety and toxic;KEGG Mine	8812011594
2	1	N/A	-51.82069537691728	C8H8O2	[M + H]+	WMPDAIZRQDCGFH	InChI=1S/C8H8O2/c1-10-8-4-2-3-7(5-8)6-9/h2-6H,1H3	3-Anisaldehyde	COC1=CC=CC(=C1)C=O	1.56314135	11569;11073489;131869257	HMDB:(31459);PubChem class - food;SuperNatural:(SN00156378);ZINC bio:(ZINC01676373);additional;MeSH:(11569);Plantcyc:(CPD-8779);PubMed;NORMAN:(NS00018668);COCONUT:(CNP0283218);KNApSAcK:(51618);Natural Products:(UNPD152873);PubChem:(11569 11073489 131869257);CHEBI:(136805);PubChem class - bio and metabolites;PubChem class - safety and toxic;Biocyc:(CPD-8779);KEGG Mine	8812144766
3	1	N/A	-52.23389923120113	C8H8O2	[M + H]+	ZRSNZINYAWTAHE	InChI=1S/C8H8O2/c1-10-8-4-2-7(6-9)3-5-8/h2-6H,1H3	Aubepine	COC1=CC=C(C=C1)C=O	1.56314135	31244;10678339;11252044;46780458;46780459;57894594;71309510;71309511;91971791;101137806;101264465;102601081;117064280;131698786;134855215;139244504	HMDB:(29686);PubChem class - food;SuperNatural:(SN00043584);ZINC bio:(ZINC00157146);additional;HSDB:(123-11-5);MeSH:(31244);PubMed;NORMAN:(NS00003331);COCONUT:(CNP0076403 CNP0234469);KNApSAcK:(2636);Natural Products:(UNPD72813);PubChem:(31244 10678339 11252044 46780458 46780459 57894594 71309510 71309511 91971791 101137806 101264465 102601081 117064280 131698786 134855215 139244504);YMDB Mine;CHEBI:(28235);PubChem class - bio and metabolites;EcoCyc Mine;KEGG:(C10761);PubChem class - safety and toxic;Training Set	51761701758
4	1	N/A	-78.81175825392879	C8H8O2	[M + H]+	IPPQNXSAJZOTJZ	InChI=1S/C8H8O2/c1-6-3-2-4-7(5-9)8(6)10/h2-5,10H,1H3	bmse000843	CC1=C(C(=CC=C1)C=O)O	1.63678992	522777	PubChem:(522777);CHEBI:(20110);ZINC bio:(ZINC02390003);EcoCyc Mine;KEGG:(C14087);PubChem class - safety and toxic;PubMed	17246986594
5	1	N/A	-79.29519095720184	C8H8O2	[M + H]+	BAKYASSDAXQKKY	InChI=1S/C8H8O2/c1-6-4-7(5-9)2-3-8(6)10/h2-5,10H,1H3	4-Hydroxy-3-methylbenzaldehyde	CC1=C(C=CC(=C1)C=O)O	1.63678992	139901;58478992	COCONUT:(CNP0018890);PubChem:(139901 58478992);ZINC bio:(ZINC02539478);PubChem class - bio and metabolites;EcoCyc Mine;KEGG:(C21166);PubChem class - safety and toxic;PubMed;Biocyc:(CPD-18290);KEGG Mine	25855797570
6	1	N/A	-80.26996332478353	C8H8O2	[M + H]+	WLJVXDMOQOGPHL	InChI=1S/C8H8O2/c9-8(10)6-7-4-2-1-3-5-7/h1-5H,6H2,(H,9,10)	a-Toluate	C1=CC=C(C=C1)CC(=O)O	1.48200095	999;4409936;10773040;12198003;12198006;12198007;12198008;12198010;10011961;10351758;16211873;25240473;25241138;25257938;66995338;91343680;129115832;129655342	HMDB:(209);PubChem class - food;SuperNatural:(SN00234720 SN00118432);ZINC bio:(ZINC00388462);additional;HSDB:(103-82-2);MeSH:(999 4409936);Plantcyc:(PHENYLACETATE);PubMed;NORMAN:(NS00010314);COCONUT:(CNP0085837 CNP0311203);KNApSAcK:(750);Natural Products:(UNPD157016);PubChem:(999 4409936 10773040 12198003 12198006 12198007 12198008 12198010 10011961 10351758 16211873 25240473 25241138 25257938 66995338 91343680 129115832 129655342);CHEBI:(30745 18401);PubChem class - bio and metabolites;KEGG:(C07086);PubChem class - safety and toxic;YMDB:(891);Training Set;PubChem class - drug;Biocyc:(CPD-20907 CPD-13419 PHENYLACETATE)	255847294
7	1	N/A	-82.85366777629757	C8H8O2	[M + H]+	ILEIUTCVWLYZOM	InChI=1S/C8H8O2/c1-6-2-3-8(10)7(4-6)5-9/h2-5,10H,1H3	2,5-Cresotaldehyde	CC1=CC(=C(C=C1)O)C=O	1.63678992	69184;118067830	NORMAN:(NS00034670);PubChem:(69184 118067830);EcoCyc Mine;PubChem class - safety and toxic;PubMed;KEGG Mine	25837174850
8	1	N/A	-88.03543974424821	C8H8O2	[M + H]+	XVHIUKSUZLPFCP	InChI=1S/C8H8O2/c9-5-7-3-1-2-4-8(7)6-10/h1-5,10H,6H2	2-(hydroxymethyl)benzaldehyde	C1=CC=C(C(=C1)CO)C=O	1.11815345	184728	PubChem class - safety and toxic;PubChem:(184728);ZINC bio:(ZINC06095330);KEGG Mine	8657051650
9	1	N/A	-88.8224226413831	C8H8O2	[M + H]+	DHVJHJQBQKKPNB	InChI=1S/C8H8O2/c1-6-2-3-7(5-9)4-8(6)10/h2-5,10H,1H3	Ambap57295-30-4	CC1=C(C=C(C=C1)C=O)O	1.63678992	585182;57734004	PubChem:(585182 57734004);PubChem class - bio and metabolites;PubChem class - safety and toxic;Plantcyc:(CPD-18278);Biocyc:(CPD-18278);KEGG Mine	8673953794
10	1	N/A	-92.48648029505534	C8H8O2	[M + H]+	JODRRPJMQDFCBJ	InChI=1S/C8H8O2/c1-6-2-3-7(5-9)8(10)4-6/h2-5,10H,1H3	2,4-Cresotaldehyde	CC1=CC(=C(C=C1)C=O)O	1.63678992	61200	HMDB:(32603);PubChem class - food;SuperNatural:(SN00156709);ZINC bio:(ZINC02569925);PubMed;NORMAN:(NS00022709);COCONUT:(CNP0384037);KNApSAcK:(50721);Natural Products:(UNPD100181);PubChem:(61200);PubChem class - bio and metabolites;PubChem class - safety and toxic;KEGG Mine	8811487322
11	1	N/A	-92.89613594540744	C8H8O2	[M + H]+	ZFHUHPNDGVGXMS	InChI=1S/C8H8O2/c9-5-7-1-2-8(6-10)4-3-7/h1-5,10H,6H2	4-Hydroxymethylbenzaldehyde	C1=CC(=CC=C1CO)C=O	1.11815345	556330;102115898	PubChem class - safety and toxic;PubChem:(556330 102115898);PubMed;ZINC bio:(ZINC13542576);KEGG Mine	8657051714
12	1	N/A	-92.92202326357214	C8H8O2	[M + H]+	ZWVHTXAYIKBMEE	InChI=1S/C8H8O2/c9-6-8(10)7-4-2-1-3-5-7/h1-5,9H,6H2	Glycolophenone	C1=CC=C(C=C1)C(=O)CO	1.14356923	68490	PubChem class - food;additional;MeSH:(68490);PubMed;NORMAN:(NS00022418);COCONUT:(CNP0334071);PubChem:(68490);YMDB Mine;CHEBI:(28341);PubChem class - bio and metabolites;EcoCyc Mine;KEGG:(C07189);PubChem class - safety and toxic;Training Set	51760611686
13	1	N/A	-94.00056046447034	C8H8O2	[M + H]+	RFBOLEJBSGUBPZ	InChI=1S/C8H8O2/c9-6-5-7-3-1-2-4-8(7)10/h1-4,6,10H,5H2	2-Hydroxyphenylacetaldehyde	C1=CC=C(C(=C1)CC=O)O	1.31505048	160897;100942162	PubChem:(160897 100942162);YMDB Mine;ZINC bio:(ZINC06095286);EcoCyc Mine;MeSH:(160897);PubMed;KEGG Mine	60129550406
14	1	N/A	-96.78402938626313	C8H8O2	[M + H]+	JCISRQNKHZNVHJ	InChI=1S/C8H8O2/c9-6-8(10)7-4-2-1-3-5-7/h1-6,8,10H	Mandelaldehyde	C1=CC=C(C=C1)C(C=O)O	1.08130622	169563;12536674;11252036	PubChem:(169563 12536674 11252036);YMDB Mine;ZINC bio:(ZINC06116374);EcoCyc Mine;MeSH:(169563);KEGG Mine	60129550342
15	1	N/A	-98.17835827200074	C8H8O2	[M + H]+	JECYUBVRTQDVAT	InChI=1S/C8H8O2/c1-6(9)7-4-2-3-5-8(7)10/h2-5,10H,1H3	2-Acetophenol	CC(=O)C1=CC=CC=C1O	1.24282575	8375;21725643;45039397;102513692	HMDB:(32568);SuperNatural:(SN00156442);ZINC bio:(ZINC01699884);MeSH:(8375);PubMed;NORMAN:(NS00020731);COCONUT:(CNP0264178);Natural Products:(UNPD164167);PubChem:(8375 21725643 45039397 102513692);YMDB Mine;PubChem class - bio and metabolites;PubChem class - safety and toxic;KEGG Mine	43037007950
16	1	N/A	-98.4803769382188	C8H8O2	[M + H]+	QPJVMBTYPHYUOC	InChI=1S/C8H8O2/c1-10-8(9)7-5-3-2-4-6-7/h2-6H,1H3	Clorius	COC(=O)C1=CC=CC=C1	1.73009193	7150;12214116;12214117;12214121;11094688;11205775;21678876;71309042;90474877;101137786;101242120;129681134;131855634;132284968	HMDB:(33968);PubChem class - food;SuperNatural:(SN00155762);ZINC bio:(ZINC00156868);additional;HSDB:(93-58-3);MeSH:(7150);Plantcyc:(CPD-6441);PubMed;NORMAN:(NS00012849);COCONUT:(CNP0233777);KNApSAcK:(34054);Natural Products:(UNPD109821);PubChem:(7150 12214116 12214117 12214121 11094688 11205775 21678876 71309042 90474877 101137786 101242120 129681134 131855634 132284968);YMDB Mine;CHEBI:(72775);PubChem class - bio and metabolites;EcoCyc Mine;KEGG:(C20645);PubChem class - safety and toxic;Training Set;Biocyc:(CPD-6441);KEGG Mine	60351769470
17	1	N/A	-101.06362191014433	C8H8O2	[M + H]+	IQYJSKNHDZZDGA	InChI=1S/C8H8O2/c1-10-8-6-4-2-3-5-7(8)9/h2-6H,1H3	2-Methoxytropone	COC1=CC=CC=CC1=O	1.79999995	16546;12427999	COCONUT:(CNP0338475);Natural Products:(UNPD75511);PubChem:(16546 12427999);SuperNatural:(SN00304752);MeSH:(16546);PubChem class - safety and toxic;PubMed;KEGG Mine	8660222022
18	1	N/A	-104.36413104451115	C8H8O2	[M + H]+	LUJMEECXHPYQOF	InChI=1S/C8H8O2/c1-6(9)7-3-2-4-8(10)5-7/h2-5,10H,1H3	3-Acetophenol	CC(=O)C1=CC(=CC=C1)O	1.24282575	8487;76973592;101843224	SuperNatural:(SN00271382);ZINC bio:(ZINC00157435);MeSH:(8487);PubMed;NORMAN:(NS00023974);COCONUT:(CNP0108325);KNApSAcK:(40821);Natural Products:(UNPD69051);PubChem:(8487 76973592 101843224);YMDB Mine;PubChem class - bio and metabolites;PubChem class - safety and toxic;KEGG Mine	43037007958
19	1	N/A	-104.8458679942594	C8H8O2	[M + H]+	GPSDUZXPYCFOSQ	InChI=1S/C8H8O2/c1-6-3-2-4-7(5-6)8(9)10/h2-5H,1H3,(H,9,10)	3-toluate	CC1=CC(=CC=C1)C(=O)O	1.80374038	7418;6946312;59938011;102601447;122577881	HMDB:(62810);SuperNatural:(SN00294145);ZINC bio:(ZINC00330142);MeSH:(7418 6946312);PubMed;NORMAN:(NS00009029);COCONUT:(CNP0318414);Natural Products:(UNPD167216);PubChem:(7418 6946312 59938011 102601447 122577881);YMDB Mine;CHEBI:(10589 28795);PubChem class - bio and metabolites;EcoCyc Mine;KEGG:(C07211);PubChem class - safety and toxic;Biocyc:(CPD-8775)	51626944878
20	1	N/A	-107.43998094627489	C8H8O2	[M + H]+	NYSXWUPVOCFRSE	InChI=1S/C8H8O2/c9-6-8(10)7-4-2-1-3-5-7/h1-6,9-10H	null	C1=CC=C(C=C1)C(=CO)O	1.39999998	12785604;68632859	COCONUT:(CNP0119701);Natural Products:(UNPD56052 UNPD224559);PubChem:(12785604 68632859);PubMed	2129986
21	1	N/A	-108.66916708747829	C8H8O2	[M + H]+	ZRUOTKQBVMWMDK	InChI=1S/C8H8O2/c1-6-3-2-4-8(10)7(6)5-9/h2-5,10H,1H3	2,6-Cresotaldehyde	CC1=C(C(=CC=C1)O)C=O	1.89999998	585174	COCONUT:(CNP0298218);Natural Products:(UNPD5403);PubChem:(585174);SuperNatural:(SN00318597);ZINC bio:(ZINC14488693);PubMed;KEGG Mine	8593121346
22	1	N/A	-112.19176274192004	C8H8O2	[M + H]+	QONBQACIGSEEDX	InChI=1S/C8H8O2/c1-6-2-3-8(10)4-7(6)5-9/h2-5,10H,1H3	5-Hydroxy-2-methylbenzaldehyde	CC1=C(C=C(C=C1)O)C=O	1.39999998	585875	MeSH:(585875);PubChem class - safety and toxic;PubChem:(585875);PubMed;KEGG Mine	8657043526
23	1	N/A	-112.97909085318241	C8H8O2	[M + H]+	BTLHCFVCIGAAPF	InChI=1S/C8H8O2/c1-6-2-7(5-9)4-8(10)3-6/h2-5,10H,1H3	3-Hydroxy-5-methylbenzaldehyde	CC1=CC(=CC(=C1)O)C=O	1.39999998	12293123	COCONUT:(CNP0067641);PubChem:(12293123);SuperNatural:(SN00034783);ZINC bio:(ZINC39203106);PubChem class - bio and metabolites;EcoCyc Mine;Plantcyc:(CPD-18279);Biocyc:(CPD-18279);KEGG Mine	25789868034
24	1	N/A	-113.69888366417051	C8H8O2	[M + H]+	JDWWIEFMFPWBST	InChI=1S/C8H8O2/c1-6-4-8(10)3-2-7(6)5-9/h2-5,10H,1H3	4-Hydroxy-o-tolualdehyde	CC1=C(C=CC(=C1)O)C=O	1.63678992	458185	PubChem:(458185);ZINC bio:(ZINC00336941);EcoCyc Mine;PubChem class - safety and toxic;PubMed;KEGG Mine	25836920898
25	1	N/A	-116.19695184125315	C8H8O2	[M + H]+	TXFPEBPIARQUIG	InChI=1S/C8H8O2/c1-6(9)7-2-4-8(10)5-3-7/h2-5,10H,1H3	bmse000593	CC(=O)C1=CC=C(C=C1)O	1.24282575	7469;12223766;14471937;11400796;18342972;102379231;132559614	PubChem class - food;SuperNatural:(SN00155780);ZINC bio:(ZINC00330136);additional;MeSH:(7469);Plantcyc:(CPD-10598);PubMed;NORMAN:(NS00003966);COCONUT:(CNP0327993);KNApSAcK:(2698);Natural Products:(UNPD28447);PubChem:(7469 12223766 14471937 11400796 18342972 102379231 132559614);YMDB Mine;CHEBI:(28032);PubChem class - bio and metabolites;EcoCyc Mine;KEGG:(C10700);PubChem class - safety and toxic;Biocyc:(CPD-10598)	51761817974
26	1	N/A	-116.5061872589864	C8H8O2	[M + H]+	ZWLPBLYKEWSWPD	InChI=1S/C8H8O2/c1-6-4-2-3-5-7(6)8(9)10/h2-5H,1H3,(H,9,10)	2-toluate	CC1=CC=CC=C1C(=O)O	1.80374038	8373;6997338;12258058;10351810;71752618;71310110;129692742	HMDB:(2340);ZINC bio:(ZINC01850420);additional;MeSH:(8373);PubMed;NORMAN:(NS00009693);COCONUT:(CNP0280538);Natural Products:(UNPD150721);PubChem:(8373 6997338 12258058 10351810 71752618 71310110 129692742);YMDB Mine;CHEBI:(36632 28872);PubChem class - bio and metabolites;EcoCyc Mine;KEGG:(C07215);PubChem class - safety and toxic;Biocyc:(CPD-10574)	51626420590
27	1	N/A	-118.56942651469086	C8H8O2	[M + H]+	NEIANUMOAXBNRT	InChI=1S/C8H8O2/c1-7-2-4-8(5-3-7)10-6-9/h2-6H,1H3	p-Cresyl formate	CC1=CC=C(C=C1)OC=O	2.20744205	74627	PubChem:(74627);NORMAN:(NS00026103)	262146
28	1	N/A	-120.19634029316197	C8H8O2	[M + H]+	XYYLGSWUPMPWLD	InChI=1S/C8H8O2/c1-7-4-5-8(10-7)3-2-6-9/h2-6H,1H3	(5-Methylfuryl)acrolein	CC1=CC=C(O1)C=CC=O	1.29999995	11434978;53424335;86308035	COCONUT:(CNP0003235);HMDB:(32400);PubChem class - food;PubChem:(11434978 53424335 86308035);PubChem class - bio and metabolites	153092106
29	1	N/A	-122.91044428136452	C8H8O2	[M + H]+	IPRPPFIAVHPVJH	InChI=1S/C8H8O2/c9-6-5-7-1-3-8(10)4-2-7/h1-4,6,10H,5H2	4-(2-Oxoethyl)phenol	C1=CC(=CC=C1CC=O)O	1.31505048	440113	HMDB:(3767);SuperNatural:(SN00333090);ZINC bio:(ZINC00901834);MeSH:(440113);Plantcyc:(HYDRPHENYLAC-CPD);PubMed;COCONUT:(CNP0103441);Natural Products:(UNPD108105);PubChem:(440113);YMDB Mine;CHEBI:(15621);PubChem class - bio and metabolites;KEGG:(C03765);PubChem class - safety and toxic;Biocyc:(HYDRPHENYLAC-CPD)	34446944622
30	1	N/A	-129.44177290154002	C8H8O2	[M + H]+	CGVSVWWXNAFRRH	InChI=1S/C8H8O2/c1-2-6-3-4-7(9)5-8(6)10/h2-5,9-10H,1H2	null	C=CC1=C(C=C(C=C1)O)O	2.0	10374511	COCONUT:(CNP0155671);HMDB:(126385);Natural Products:(UNPD65225);PubChem:(10374511);SuperNatural:(SN00392609);YMDB Mine;PubChem class - bio and metabolites;KEGG Mine	42969628682
31	1	N/A	-130.41105665353913	C8H8O2	[M + H]+	XFFILAFLGDUMBF	InChI=1S/C8H8O2/c9-6-7-10-8-4-2-1-3-5-8/h1-6H,7H2	Cortex aldehyde	C1=CC=C(C=C1)OCC=O	1.49882054	75033	NORMAN:(NS00013126);PubChem:(75033);YMDB Mine;ZINC bio:(ZINC01681320);EcoCyc Mine;PubChem class - safety and toxic;PubMed;KEGG Mine	60196921410
32	1	N/A	-131.31264147517973	C8H8O2	[M + H]+	UYWQUFXKFGHYNT	InChI=1S/C8H8O2/c9-7-10-6-8-4-2-1-3-5-8/h1-5,7H,6H2	Benzyl formate	C1=CC=C(C=C1)COC=O	1.60000002	7708;12228432;59953187;59953188	HMDB:(41485);PubChem class - food;SuperNatural:(SN00156137);ZINC bio:(ZINC01530244);MeSH:(7708);PubMed;NORMAN:(NS00012002);COCONUT:(CNP0294760);Natural Products:(UNPD16995);PubChem:(7708 12228432 59953187 59953188);CHEBI:(3057);PubChem class - bio and metabolites;KEGG:(C05613);PubChem class - safety and toxic;Biocyc:(CPD-103)	221555054
33	1	N/A	-132.30213781139554	C8H8O2	[M + H]+	GBKGJMYPQZODMI	InChI=1S/C8H8O2/c1-7(9)4-5-8-3-2-6-10-8/h2-6H,1H3	Oramin R	CC(=O)C=CC1=CC=CO1	1.33183897	1549522;735940;212930	NORMAN:(NS00022531);COCONUT:(CNP0253881);HMDB:(33128);PubChem class - food;PubChem:(1549522 735940 212930);ZINC bio:(ZINC00154592 ZINC12370861);PubChem class - bio and metabolites;MeSH:(735940 1549522);PubChem class - safety and toxic;PubMed	220471374
34	1	N/A	-132.74753711722016	C8H8O2	[M + H]+	LPNBBFKOUUSUDB	InChI=1S/C8H8O2/c1-6-2-4-7(5-3-6)8(9)10/h2-5H,1H3,(H,9,10)	p-Toluate	CC1=CC=C(C=C1)C(=O)O	1.80374038	7470;154342;16742100;59068002;66995402;89022644;100967343;102398172;129009768	HMDB:(29635);SuperNatural:(SN00118232 SN00247132);ZINC bio:(ZINC00330134);MeSH:(7470 154342);Plantcyc:(4-TOLUENECARBOXYLATE);PubMed;NORMAN:(NS00005898);COCONUT:(CNP0232170 CNP0249849);Natural Products:(UNPD119358);PubChem:(7470 154342 16742100 59068002 66995402 89022644 100967343 102398172 129009768);YMDB Mine;CHEBI:(28856 36635);PubChem class - bio and metabolites;EcoCyc Mine;KEGG:(C01454);PubChem class - safety and toxic;Biocyc:(4-TOLUENECARBOXYLATE)	51627075950
35	1	N/A	-134.15211374024304	C8H8O2	[M + H]+	ZNBXZUKDRRRQJK	InChI=1S/C8H8O2/c1-7(6-9)5-8-3-2-4-10-8/h2-6H,1H3	2-Methyl-3-furylacrolein	CC(=CC1=CC=CO1)C=O	1.59675896	61228;6210220;6435828	NORMAN:(NS00022856);COCONUT:(CNP0085269);HMDB:(38176);PubChem class - food;PubChem:(61228 6210220 6435828);PubChem class - bio and metabolites;PubChem class - safety and toxic	220463114
36	1	N/A	-135.4526789976927	C8H8O2	[M + H]+	FQOCWKSOAXYSQY	InChI=1S/C8H8O2/c1-6-2-4-7(9)8(10)5-3-6/h2-5H,1H3,(H,9,10)	2,4,6-Cycloheptatrien-1-one, 2-hydroxy-5-methyl-	CC1=CC=C(C(=O)C=C1)O	1.16234553	12357829;100950372	MeSH:(12357829);PubChem:(12357829 100950372);PubMed;KEGG Mine	8589934662
37	1	N/A	-135.60211984367558	C8H8O2	[M + H]+	IMJOSRPWZSPQMC	InChI=1S/C8H8O2/c1-2-4-7-5-3-6-8(9)10-7/h2-6H,1H3	6-[(E)-prop-1-enyl]-pyran-2-one	CC=CC1=CC=CC(=O)O1	1.79999995	24972239	COCONUT:(CNP0113670);Natural Products:(UNPD27321);PubChem:(24972239);SuperNatural:(SN00229143)	3178498
38	1	N/A	-137.89399038081945	C8H8O2	[M + H]+	IPBVNPXQWQGGJP	InChI=1S/C8H8O2/c1-7(9)10-8-5-3-2-4-6-8/h2-6H,1H3	Acetates	CC(=O)OC1=CC=CC=C1	1.76502752	31229;12235683;12235684;69775077	HMDB:(40733);PubChem class - food;SuperNatural:(SN00392039);ZINC bio:(ZINC00388064);HSDB:(122-79-2);MeSH:(31229);PubMed;NORMAN:(NS00002694);COCONUT:(CNP0333279);Natural Products:(UNPD98961);PubChem:(31229 12235683 12235684 69775077);CHEBI:(8082);PubChem class - bio and metabolites;KEGG:(C15583 C00548);PubChem class - safety and toxic;YMDB:(838);PubChem class - drug	255173486
39	1	N/A	-141.91869544362316	C8H8O2	[M + H]+	MYKLQMNSFPAPLZ	InChI=1S/C8H8O2/c1-5-3-8(10)6(2)4-7(5)9/h3-4H,1-2H3	Phlorone	CC1=CC(=O)C(=CC1=O)C	1.22143841	8718;10011955;10011962;10011971;10057589;10057616;9989331;10240868;10261152;11819140;10396906;10396946;10419262;10464396;10464403	NORMAN:(NS00024450);COCONUT:(CNP0221747);Natural Products:(UNPD152729);PubChem:(8718 10011955 10011962 10011971 10057589 10057616 9989331 10240868 10261152 11819140 10396906 10396946 10419262 10464396 10464403);EcoCyc Mine;MeSH:(8718);PubChem class - safety and toxic;PubMed	17249370182
40	1	N/A	-142.5422603523842	C8H8O2	[M + H]+	OTXSBWFUHZIFLR	InChI=1S/C8H8O2/c1-6-3-2-4-7(9)8(10)5-6/h2-5H,1H3,(H,9,10)	4-Methyl-tropolone	CC1=CC(=O)C(=CC=C1)O	1.39999998	11424;3423478	PubChem class - safety and toxic;PubChem:(11424 3423478);PubMed;KEGG Mine	8657043522
41	1	N/A	-145.71066279642724	C8H8O2	[M + H]+	IGRSQEOIAAGSGS	InChI=1S/C8H8O2/c1-2-6-5-7(9)3-4-8(6)10/h3-5H,2H2,1H3	Ethyl-1,4-benzoquinone	CCC1=CC(=O)C=CC1=O	1.31631827	78494	COCONUT:(CNP0391524);Natural Products:(UNPD41163);PubChem:(78494);SuperNatural:(SN00283762)	3178498
42	1	N/A	-146.4546671112278	C8H8O2	[M + H]+	LYECQNYXCRATFL	InChI=1S/C8H8O2/c1-2-6-3-7(9)5-8(10)4-6/h2-5,9-10H,1H2	ACMC-20mhnt	C=CC1=CC(=CC(=C1)O)O	2.0	12164063	HMDB:(125535);PubChem:(12164063);YMDB Mine;PubChem class - bio and metabolites;EcoCyc Mine;KEGG Mine	60146319370
43	1	N/A	-149.25148008769796	C8H8O2	[M + H]+	PAPAWUGOOGNNAR	InChI=1S/C8H8O2/c1-2-6-4-3-5-7(9)8(6)10/h2-5,9-10H,1H2	ACMC-20mirf	C=CC1=C(C(=CC=C1)O)O	2.0	441226	EcoCyc Mine;KEGG:(C07085);PubChem:(441226);PubMed;ZINC bio:(ZINC00896602)	17179877698
44	1	N/A	-150.34657730275816	C8H8O2	[M + H]+	SENUUPBBLQWHMF	InChI=1S/C8H8O2/c1-5-3-7(9)4-6(2)8(5)10/h3-4H,1-2H3	m-Xyloquinone	CC1=CC(=O)C=C(C1=O)C	1.22143841	68241	NORMAN:(NS00020423);COCONUT:(CNP0081563);PubChem:(68241);EcoCyc Mine;MeSH:(68241);PubChem class - safety and toxic;PubMed	17249337414
45	1	N/A	-159.94140136578864	C8H8O2	[M + H]+	FBTSUTGMWBDAAC	InChI=1S/C8H8O2/c1-2-6-3-4-7(9)8(10)5-6/h2-5,9-10H,1H2	Vinylcatechol	C=CC1=CC(=C(C=C1)O)O	1.61994243	151398	HMDB:(124942);SuperNatural:(SN00231505);ZINC bio:(ZINC00896083);MeSH:(151398);PubMed;COCONUT:(CNP0218096);Natural Products:(UNPD104761);PubChem:(151398);YMDB Mine;CHEBI:(1390);PubChem class - bio and metabolites;EcoCyc Mine;KEGG:(C06224)	51559571822
46	1	N/A	-160.1306419625769	C8H8O2	[M + H]+	AIACLXROWHONEE	InChI=1S/C8H8O2/c1-5-6(2)8(10)4-3-7(5)9/h3-4H,1-2H3	o-Xyloquinone	CC1=C(C(=O)C=CC1=O)C	1.22143841	10688;16098184;16098187	COCONUT:(CNP0252044);Natural Products:(UNPD145717);PubChem:(10688 16098184 16098187);SuperNatural:(SN00281899);EcoCyc Mine;MeSH:(10688);PubMed	17183047750
47	1	N/A	-164.30318418209873	C8H8O2	[M + H]+	JNYKOGUXPNAUIB	InChI=1S/C8H8O2/c9-7-1-2-8-6(5-7)3-4-10-8/h1-2,5,9H,3-4H2	2,3-dihydrobenzofuran-5-ol	C1COC2=C1C=C(C=C2)O	1.61074483	11126311	COCONUT:(CNP0337793);Natural Products:(UNPD49131);PubChem class - safety and toxic;PubChem:(11126311);PubMed	69238850
48	1	N/A	-168.79258507567337	C8H8O2	[M + H]+	IAFNMXBIRZBSFU	InChI=1S/C8H8O2/c9-7-2-1-6-3-4-10-8(6)5-7/h1-2,5,9H,3-4H2	2,3-dihydrobenzofuran-6-ol	C1COC2=C1C=CC(=C2)O	1.61074483	12236540	PubChem:(12236540);PubChem class - safety and toxic	67108866
49	1	N/A	-171.3920244576882	C8H8O2	[M + H]+	INHYNOZJAVXMJL	InChI=1S/C8H8O2/c1-6-3-2-4-7-8(6)10-5-9-7/h2-4H,5H2,1H3	4-Methyl-1,3-benzodioxole	CC1=C2C(=CC=C1)OCO2	2.0999999	88560	PubChem:(88560);NORMAN:(NS00026641)	262146
50	1	N/A	-173.2715684090999	C8H8O2	[M + H]+	TWSIYGATPWEKBK	InChI=1S/C8H8O2/c1-2-4-8-7(3-1)5-9-6-10-8/h1-4H,5-6H2	1,3-Benzodioxan	C1C2=CC=CC=C2OCO1	1.39999998	67490	NORMAN:(NS00027891);PubChem:(67490);PubMed	262210
51	1	N/A	-178.65950759783348	C8H8O2	[M + H]+	BZENRVUXKMEUBO	InChI=1S/C8H8O2/c9-7-3-1-6(2-4-7)8-5-10-8/h1-4,8-9H,5H2	4-Oxiranylphenol	C1C(O1)C2=CC=C(C=C2)O	1.09541678	125089;40582660;40582665	MeSH:(125089);PubChem:(125089 40582660 40582665);YMDB Mine;PubMed;KEGG Mine	42949673030
52	1	N/A	-181.99080145545827	C8H8O2	[M + H]+	GHPODDMCSOYWNE	InChI=1S/C8H8O2/c1-6-2-3-7-8(4-6)10-5-9-7/h2-4H,5H2,1H3	3,4-Methylenedioxytoluene	CC1=CC2=C(C=C1)OCO2	2.15446305	81564;58088685;58088722;59928258	NORMAN:(NS00022720);PubChem class - safety and toxic;PubChem:(81564 58088685 58088722 59928258);PubMed	67371074
53	1	N/A	-187.30670890948764	C8H8O2	[M + H]+	OPBSCMQIBMFTDY	InChI=1S/C8H8O2/c1-3-5-7(6-4-2)8(9)10/h1-2,7H,5-6H2,(H,9,10)	4-Pentynoic acid, 2-(2-propynyl)-	C#CCC(CC#C)C(=O)O	0.899999976	13673653;135025805	PubChem:(13673653 135025805);PubChem class - safety and toxic	67108866
54	1	N/A	-189.0318784796318	C8H8O2	[M + H]+	WHDVHEXMVPUJNI	InChI=1S/C8H8O2/c1-7(5-9)4-8-2-3-10-6-8/h2-6H,1H3	null	CC(=CC1=COC=C1)C=O	1.20000005	79330898;101407770;131258126	COCONUT:(CNP0316442);HMDB:(40638);Natural Products:(UNPD7593);PubChem:(79330898 101407770 131258126);SuperNatural:(SN00399900);PubChem class - bio and metabolites	19955722
55	1	N/A	-199.9710538733699	C8H8O2	[M + H]+	BNBQRQQYDMDJAH	InChI=1S/C8H8O2/c1-2-4-8-7(3-1)9-5-6-10-8/h1-4H,5-6H2	zlchem 622	C1COC2=CC=CC=C2O1	1.51892257	10301;59608550;87450417;100931706	NORMAN:(NS00031889);PubChem:(10301 59608550 87450417 100931706);PubChem class - bio and metabolites;MeSH:(10301);PubChem class - safety and toxic;PubMed;KEGG Mine	8674082886
56	1	N/A	-205.10100629651959	C8H8O2	[M + H]+	KCEBFJYAAKTMFQ	InChI=1S/C8H8O2/c9-7-5-10-8-4-2-1-3-6(7)8/h1-4,7,9H,5H2	2,3-Dihydro-benzofuran-3-ol	C1C(C2=CC=CC=C2O1)O	0.800000012	585896;92845066;92845067	PubChem class - safety and toxic;PubChem:(585896 92845066 92845067);PubMed	67108930
57	1	N/A	-212.67091378359345	C8H8O2	[M + H]+	AYEXQFUNWFFKAP	InChI=1S/C8H8O2/c1-6-9-7-4-2-3-5-8(7)10-6/h2-6H,1H3	2-Methyl-1,3-benzodioxole	CC1OC2=CC=CC=C2O1	2.20000005	84167;12556002	PubChem:(84167 12556002);NORMAN:(NS00052126)	262146
58	1	N/A	-232.78283991846962	C8H8O2	[M + H]+	PNYMMHHZHYHMHM	InChI=1S/C8H8O2/c1-10-8-5-4-6(8)2-3-7(8)9/h2-6H,1H3	1-Mbhdp	COC12C=CC1C=CC2=O	0.699999988	134779;12936373;12936374;12936375	MeSH:(134779);PubChem:(134779 12936373 12936374 12936375);PubMed	70
59	1	N/A	-237.56851965690436	C8H8O2	[M + H]+	NGZFKZDNHHHFMO	InChI=1S/C8H8O2/c9-8-5-6-3-1-2-4-7(6)10-8/h1-4,6-7H,5H2	null	C1C2C=CC=CC2OC1=O	1.10000002	118704889	PubChem:(118704889);PubChem class - bio and metabolites	16777218
60	1	N/A	-301.0934191573653	C8H8O2	[M + H]+	PUVOOUPCYNBSPQ	InChI=1S/C8H8O2/c9-7-3-1-4-6(7)2-5(3)8(4)10/h3-6H,1-2H2	null	C1C2C3CC(C1C3=O)C2=O	-0.200000003	10898768;13005463	MeSH:(13005463);PubChem:(10898768 13005463);PubMed	70