structureRankPerFormula	formulaRank	ConfidenceScore	CSI:FingerIDScore	molecularFormula	adduct	InChIkey2D	InChI	name	smiles	xlogp	pubchemids	links	dbflags
1	1	N/A	-625.487454562547	C46H68N4O6	[M + H]+	VIIPRWQITSBIAM	InChI=1S/C46H68N4O6/c1-3-4-6-9-31-12-15-36(42(52)24-31)10-7-5-8-11-41(45(54)55)43(53)27-38(30-48-2)46(56)28-34(21-33-18-19-49-44(47)25-33)22-37(46)26-39-23-35(29-50-39)20-32-13-16-40(51)17-14-32/h12-19,23,25,29,31,34,36-38,41-43,48,50-53,56H,3-11,20-22,24,26-28,30H2,1-2H3,(H2,47,49)(H,54,55)/p+1	null	CCCCCC1CC(C(C=C1)CCCCCC(C(CC(CNC)C2(CC(CC2CC3=CC(=CN3)CC4=CC=C(C=C4)O)CC5=CC(=[NH+]C=C5)N)O)O)C(=O)O)O	0.0	""	COCONUT:(CNP0100425)	2097152
2	1	N/A	-628.8019959797416	C46H68N4O6	[M + H]+	DUPCMAJCJSURRL	InChI=1S/C46H67N4O6/c1-3-4-6-9-31-12-15-36(42(52)24-31)10-7-5-8-11-41(45(54)55)43(53)27-38(30-48-2)46(56)28-34(21-33-18-19-49-44(47)25-33)22-37(46)26-39-23-35(29-50-39)20-32-13-16-40(51)17-14-32/h12-19,23,25,29,31,34,36-38,41-43,48,51-53,56H,3-11,20-22,24,26-28,30H2,1-2H3,(H2,47,49)(H,54,55)/q-1	null	CCCCCC1CC(C(C=C1)CCCCCC(C(CC(CNC)C2(CC(CC2CC3=CC(=C[N-]3)CC4=CC=C(C=C4)O)CC5=CC(=NC=C5)N)O)O)C(=O)O)O	0.0	""	COCONUT:(CNP0008594)	2097152
1	2	0.1172949198381363	-82.8250319414174	C43H74O10	[M + Na]+	DJVQAKQVQXIHEL	InChI=1S/C43H74O10/c1-3-5-7-9-11-13-15-17-18-20-21-23-25-27-29-31-38(45)50-34-36(35-51-43-42(49)41(48)40(47)37(33-44)53-43)52-39(46)32-30-28-26-24-22-19-16-14-12-10-8-6-4-2/h11-14,17-19,22,36-37,40-44,47-49H,3-10,15-16,20-21,23-35H2,1-2H3	null	CCCCCC=CCC=CCCCCCCCC(=O)OCC(COC1C(C(C(C(O1)CO)O)O)O)OC(=O)CCCCCC=CCC=CCCCCC	10.3000002	86290020;101682228	COCONUT:(CNP0205665);Natural Products:(UNPD123403);PubChem:(86290020 101682228);SuperNatural:(SN00315458);CHEBI:(83006);PubChem class - bio and metabolites;Plantcyc:(CPD-2189);Biocyc:(CPD-2189)	20088866
2	2	N/A	-88.81151817110589	C43H74O10	[M + Na]+	SYSPLJXKZRPIPM	InChI=1S/C43H74O10/c1-3-5-7-9-11-13-15-17-18-20-21-23-25-27-29-31-38(45)50-34-36(35-51-43-42(49)41(48)40(47)37(33-44)53-43)52-39(46)32-30-28-26-24-22-19-16-14-12-10-8-6-4-2/h5,7,11,13,17-19,22,36-37,40-44,47-49H,3-4,6,8-10,12,14-16,20-21,23-35H2,1-2H3	null	CCCCCCCCC=CCCCCCC(=O)OC(COC1C(C(C(C(O1)CO)O)O)O)COC(=O)CCCCCCCC=CCC=CCC=CCC	10.3000002	90658391;134768592	COCONUT:(CNP0060209);Plantcyc:(CPD-8076);PubChem:(90658391 134768592);Biocyc:(CPD-8076);PubChem class - bio and metabolites	19007490
3	2	N/A	-88.81151817110589	C43H74O10	[M + Na]+	ULEDCQDCQAHGFD	InChI=1S/C43H74O10/c1-3-5-7-9-11-13-15-17-18-20-21-23-25-27-29-31-38(45)50-34-36(35-51-43-42(49)41(48)40(47)37(33-44)53-43)52-39(46)32-30-28-26-24-22-19-16-14-12-10-8-6-4-2/h6,8,12,14,17-19,22,36-37,40-44,47-49H,3-5,7,9-11,13,15-16,20-21,23-35H2,1-2H3	null	CCCCCCCCC=CCCCCCCCC(=O)OCC(COC1C(C(C(C(O1)CO)O)O)O)OC(=O)CCCCCC=CCC=CCC=CCC	10.3000002	25245206;90657729	COCONUT:(CNP0081789);PubChem:(25245206 90657729);CHEBI:(136794);PubChem class - bio and metabolites;Plantcyc:(CPD-8079);Biocyc:(CPD-8079)	19007522
4	2	N/A	-88.8451967486742	C43H74O10	[M + Na]+	OLZOWEKSQLSTQR	InChI=1S/C43H74O10/c1-3-5-7-9-11-13-15-17-18-20-21-23-25-27-29-31-38(45)50-34-36(35-51-43-42(49)41(48)40(47)37(33-44)53-43)52-39(46)32-30-28-26-24-22-19-16-14-12-10-8-6-4-2/h5,7,11,13-14,16-18,36-37,40-44,47-49H,3-4,6,8-10,12,15,19-35H2,1-2H3	[2-[(Z)-hexadec-9-enoyl]oxy-3-[(2R,5R)-3,4,5-trihydroxy-6-(hydroxymethyl)oxan-2-yl]oxypropyl] (9Z,12Z,15Z)-octadeca-9,12,15-trienoate	CCCCCCC=CCCCCCCCC(=O)OC(COC1C(C(C(C(O1)CO)O)O)O)COC(=O)CCCCCCCC=CCC=CCC=CCC	10.3000002	21775974;101590879;101609958;134755616	COCONUT:(CNP0317409);Natural Products:(UNPD7736);PubChem:(21775974 101590879 101609958 134755616);SuperNatural:(SN00368109)	3178498
5	2	N/A	-315.8678264473064	C43H74O10	[M + Na]+	UQDHWQPVMWPPJY	InChI=1S/C43H74O10/c1-9-32-15-13-11-12-14-16-35(45)30(6)36(46)24-33(50-8)25-37(47)31(7)42(49)28(4)17-20-41(48)51-40-26-43(52-38(19-18-32)34(40)10-2)22-21-27(3)39(53-43)23-29(5)44/h11-13,15,17,20,27-40,42,44-47,49H,9-10,14,16,18-19,21-26H2,1-8H3	44-(Dehydoroxymethyl)Neomaclafungin A	CCC1CCC2C(C(CC3(O2)CCC(C(O3)CC(C)O)C)OC(=O)C=CC(C(C(C(CC(CC(C(C(CCC=CC=C1)O)C)O)OC)O)C)O)C)CC	7.4000001	71453430;139584426	COCONUT:(CNP0121875);Natural Products:(UNPD221010);PubChem:(71453430 139584426);PubMed	2129986