structureRankPerFormula	formulaRank	ConfidenceScore	CSI:FingerIDScore	molecularFormula	adduct	InChIkey2D	InChI	name	smiles	xlogp	pubchemids	links	dbflags
1	1	N/A	-101.36856740592984	C10H12O5	[M + H]+	SLUWJPWHBUWROV	InChI=1S/C10H12O5/c11-3-5-1-2-6-7(9(12)13)4-15-10(14)8(5)6/h1,4,6,8,10-11,14H,2-3H2,(H,12,13)	(4aS,7aS)-1-hydroxy-7-(hydroxymethyl)-1,4a,5,7a-tetrahydrocyclopenta[c]pyran-4-carboxylate	C1C=C(C2C1C(=COC2O)C(=O)O)CO	-1.10000002	12802134;12802135;20638676;69302804;90407790;118060330	COCONUT:(CNP0157164 CNP0206672);Natural Products:(UNPD37685);PubChem:(12802134 12802135 20638676 69302804 90407790 118060330);SuperNatural:(SN00161014 SN00304248);KEGG Mine	8593113090
2	1	N/A	-166.1614724791605	C10H12O5	[M + H]+	BUCOQPHDYUOJSI	InChI=1S/C10H12O5/c1-2-6(11)9-7(12)3-5(10(14)15)4-8(9)13/h5,9H,2-4H2,1H3,(H,14,15)	Prohexadione	CCC(=O)C1C(=O)CC(CC1=O)C(=O)O	-0.400000006	184900;22723904	NORMAN:(NS00003484);COCONUT:(CNP0346852);PubChem:(184900 22723904);CHEBI:(137380);additional;Training Set;PubMed	2900066
3	1	N/A	-171.7795600848915	C10H12O5	[M + H]+	RGHXALVTPJSFBL	InChI=1S/C10H12O5/c11-8-7-4-6(9(12)13)5-10(8,14)2-1-3-15-7/h1-2,5,7-8,11,14H,3-4H2,(H,12,13)	null	C1C=CC2(C=C(CC(C2O)O1)C(=O)O)O	-1.0	72203586;72375265;71627369	PubChem:(72203586 72375265 71627369);PubChem class - bio and metabolites	16777218
4	1	N/A	-172.51393627184274	C10H12O5	[M + H]+	YMHFOVZNDVWJCE	InChI=1S/C10H12O5/c1-5(11)8-6-2-3-14-9(12)7(6)4-15-10(8)13/h5,8,11H,2-4H2,1H3	null	CC(C1C2=C(COC1=O)C(=O)OCC2)O	0.19203873	""	COCONUT:(CNP0224081);Natural Products:(UNPD193515);SuperNatural:(SN00364371)	3178496
5	1	N/A	-177.8023973047079	C10H12O5	[M + H]+	RYKXVKLKWGINRB	InChI=1S/C10H12O5/c1-5(11)8-6(12)3-10(2,9(14)15)4-7(8)13/h8H,3-4H2,1-2H3,(H,14,15)	4-Acetyl-3,5-dioxo-1-methylcyclohexanecarboxylic acid	CC(=O)C1C(=O)CC(CC1=O)(C)C(=O)O	-0.5	53412099	PubChem:(53412099);PubChem class - safety and toxic	67108866
6	1	N/A	-185.63018464014243	C10H12O5	[M + H]+	DYRZXVSFXIQNPW	InChI=1S/C10H12O5/c1-14-10(13)6-2-8(11)5-3-9(12)15-4-7(5)6/h5-7H,2-4H2,1H3	null	COC(=O)C1CC(=O)C2C1COC(=O)C2	-0.600000024	53495981	COCONUT:(CNP0300135);Natural Products:(UNPD56163);PubChem:(53495981);SuperNatural:(SN00303164)	3178498
7	1	N/A	-186.7491375363518	C10H12O5	[M + H]+	YNFNAIPTIVRKBR	InChI=1S/C10H12O5/c1-15-9(10(13)14)5-6-2-3-7(11)8(12)4-6/h2-4,9,11-12H,5H2,1H3,(H,13,14)	null	COC(CC1=CC(=C(C=C1)O)O)C(=O)O	0.83881253	131753180	COCONUT:(CNP0021836);HMDB:(41663);PubChem:(131753180);KEGG Mine;PubChem class - bio and metabolites	8608808970
8	1	N/A	-187.79637146951313	C10H12O5	[M + H]+	FDCRDMCJFYSQRT	InChI=1S/C10H12O5/c1-10(15,9(13)14)5-6-2-3-7(11)8(12)4-6/h2-4,11-12,15H,5H2,1H3,(H,13,14)	null	CC(CC1=CC(=C(C=C1)O)O)(C(=O)O)O	0.600000024	53792926;131591829	COCONUT:(CNP0225431);Natural Products:(UNPD127471);PubChem:(53792926 131591829);SuperNatural:(SN00370072)	3178498
9	1	N/A	-188.72536808431855	C10H12O5	[M + H]+	CLHRRLZEKMQHFZ	InChI=1S/C10H12O5/c1-4-7(11)8-6-5(9(12)15-8)2-14-3-10(4,6)13/h2,4,6-8,11,13H,3H2,1H3	null	CC1C(C2C3C1(COC=C3C(=O)O2)O)O	-0.800000012	101415981	COCONUT:(CNP0154803);KNApSAcK:(10557);Natural Products:(UNPD61883 UNPD177128);PubChem:(101415981);SuperNatural:(SN00401861 SN00305916)	3178514
10	1	N/A	-193.11579023915084	C10H12O5	[M + H]+	HLVQZEMFVYGIGH	InChI=1S/C10H12O5/c1-2-6(11)9-7(12)3-5(10(14)15)4-8(9)13/h5,11H,2-4H2,1H3,(H,14,15)	null	CCC(=C1C(=O)CC(CC1=O)C(=O)O)O	0.400000006	86385;3437286;101229086	NORMAN:(NS00020973);PubChem:(86385 3437286 101229086);CHEBI:(137424);MeSH:(3437286);PubMed;Biocyc:(CPD-15293)	264294
11	1	N/A	-194.79092510196173	C10H12O5	[M + H]+	SMPBMPZAXCELMZ	InChI=1S/C10H12O5/c11-8-7-4-6(9(12)13)5-10(8,14)2-1-3-15-7/h1,3,5,7-8,11,14H,2,4H2,(H,12,13)	null	C1C=COC2CC(=CC1(C2O)O)C(=O)O	-0.600000024	71627370	PubChem:(71627370);PubChem class - bio and metabolites	16777218
12	1	N/A	-196.641961017705	C10H12O5	[M + H]+	IFEYWMZDORBLDQ	InChI=1S/C10H12O5/c1-5(11)8-7(12)4-3-6(9(8)13)10(14)15-2/h6,8H,3-4H2,1-2H3	methyl 3-acetyl-2,4-dioxocyclohexanecarboxylate	CC(=O)C1C(=O)CCC(C1=O)C(=O)OC	0.100000001	792851;3624793;6543211;98133927;98133928	PubChem:(792851 3624793 6543211 98133927 98133928);COCONUT:(CNP0142438)	2097154
13	1	N/A	-197.27689116639394	C10H12O5	[M + H]+	QUSIDDCMPVGSQT	InChI=1S/C10H12O5/c1-5(11)9(13)6-3-2-4-7(12)8(6)10(14)15/h2-5,9,11-13H,1H3,(H,14,15)	null	CC(C(C1=C(C(=CC=C1)O)C(=O)O)O)O	0.5	129990444	COCONUT:(CNP0143946);Natural Products:(UNPD79540);PubChem:(129990444);SuperNatural:(SN00269808)	3178498
14	1	N/A	-199.0446816657664	C10H12O5	[M + H]+	PSMJJNXPBGDPGR	InChI=1S/C10H12O5/c1-3-7(11)4-2-5-9(15-5)8(12)6(4)10(13)14-3/h3-5,7,9,11-12H,2H2,1H3	null	CC1C(C2CC3C(O3)C(=C2C(=O)O1)O)O	-0.100000001	101687694;129685302	PubChem:(101687694 129685302);COCONUT:(CNP0355054)	2097154
15	1	N/A	-201.63775831580116	C10H12O5	[M + H]+	ZTHYODDOHIVTJV	InChI=1S/C10H12O5/c1-2-3-15-10(14)6-4-7(11)9(13)8(12)5-6/h4-5,11-13H,2-3H2,1H3	Tenox PG	CCCOC(=O)C1=CC(=C(C(=C1)O)O)O	1.34195817	4947;59884272	HMDB:(33835);PubChem class - food;SuperNatural:(SN00143267);ZINC bio:(ZINC01532172);additional;HSDB:(121-79-9);MeSH:(4947);PubMed;NORMAN:(NS00013163);COCONUT:(CNP0265257);Natural Products:(UNPD139865);PubChem:(4947 59884272);CHEBI:(10607);PubChem class - bio and metabolites;KEGG:(C11155);PubChem class - safety and toxic;Training Set;PubChem class - drug;Biocyc:(CPD-6542)	255650670
16	1	N/A	-203.80545842810025	C10H12O5	[M + H]+	UIQJPTIJLALAGB	InChI=1S/C10H12O5/c1-15-9-3-2-6(4-7(9)11)5-8(12)10(13)14/h2-4,8,11-12H,5H2,1H3,(H,13,14)	2-hydroxy-3-(3-hydroxy-4-methoxyphenyl)propanoate	COC1=C(C=C(C=C1)CC(C(=O)O)O)O	0.699999988	21677753;21677754	COCONUT:(CNP0075822);HMDB:(41665);PubChem:(21677753 21677754);KEGG Mine;PubChem class - bio and metabolites	8608808970
17	1	N/A	-206.05273138715953	C10H12O5	[M + H]+	SVYIZYRTOYHQRE	InChI=1S/C10H12O5/c1-15-9-5-6(2-3-7(9)11)4-8(12)10(13)14/h2-3,5,8,11-12H,4H2,1H3,(H,13,14)	vanillactate	COC1=C(C=CC(=C1)CC(C(=O)O)O)O	0.83881253	160637;13279656;21677752;92286584	COCONUT:(CNP0084890);HMDB:(913);PubChem:(160637 13279656 21677752 92286584);SuperNatural:(SN00215869);CHEBI:(88526);ZINC bio:(ZINC02516278 ZINC05999104);PubChem class - bio and metabolites;MeSH:(160637 21677752);PubMed;Biocyc:(CPD-11831);KEGG Mine	8609867886
18	1	N/A	-207.51923352746746	C10H12O5	[M + H]+	BJLWPNKOAQTBGT	InChI=1S/C10H12O5/c11-5-9(13)6-15-10(14)7-1-3-8(12)4-2-7/h1-4,9,11-13H,5-6H2	2,3-Dihydroxypropyl 4-hydroxybenzoate	C1=CC(=CC=C1C(=O)OCC(CO)O)O	0.30799377	3022325;92951816;92951817;118119273	NORMAN:(NS00065532);COCONUT:(CNP0341942);Natural Products:(UNPD162458);PubChem:(3022325 92951816 92951817 118119273);SuperNatural:(SN00330458);PubMed	3440706
19	1	N/A	-207.89460524503266	C10H12O5	[M + H]+	WAMIDUQDFSIAFF	InChI=1S/C10H12O5/c11-6-2-1-5(3-7(6)12)10-9(14)8(13)4-15-10/h1-3,8-14H,4H2	(2R,3S,4S)-2-(3,4-dihydroxyphenyl)oxolane-3,4-diol	C1C(C(C(O1)C2=CC(=C(C=C2)O)O)O)O	-0.600000024	11955844;49818373;69577220	COCONUT:(CNP0291813);Natural Products:(UNPD176891);PubChem:(11955844 49818373 69577220);SuperNatural:(SN00250193);PubMed	3178562
20	1	N/A	-210.18475274627988	C10H12O5	[M + H]+	NMAOZVAEJYOPOF	InChI=1S/C10H12O5/c1-15-10(14)9(13)5-6-2-3-7(11)8(12)4-6/h2-4,9,11-13H,5H2,1H3	null	COC(=O)C(CC1=CC(=C(C=C1)O)O)O	0.83881253	10584634;10987568;71480151	COCONUT:(CNP0198258);HMDB:(41661);Natural Products:(UNPD117228);PubChem:(10584634 10987568 71480151);SuperNatural:(SN00238744);PubChem class - bio and metabolites;KEGG Mine	8609890314
21	1	N/A	-210.57758851270145	C10H12O5	[M + H]+	YOWUDEPRYODFBZ	InChI=1S/C10H12O5/c1-2-10(13)7-3-4-14-8(11)6(7)5-15-9(10)12/h13H,2-5H2,1H3	4-ethyl-4-hydroxy-5,6-dihydro-1H-pyrano[3,4-c]pyran-3,8-dione	CCC1(C2=C(COC1=O)C(=O)OCC2)O	-0.200000003	586936;11031139;11052961	COCONUT:(CNP0304561);KNApSAcK:(10754);Natural Products:(UNPD61291);PubChem:(586936 11031139 11052961);SuperNatural:(SN00295809)	3178514
22	1	N/A	-211.0456188737977	C10H12O5	[M + H]+	YTVNWAZYGVZTEA	InChI=1S/C10H12O5/c1-5(11)8-7(12)4-3-6(9(8)13)10(14)15-2/h6,13H,3-4H2,1-2H3	methyl (1R)-3-acetyl-2-hydroxy-4-oxocyclohex-2-ene-1-carboxylate	CC(=O)C1=C(C(CCC1=O)C(=O)OC)O	0.300000012	1723369;1723370	COCONUT:(CNP0167880);PubChem:(1723369 1723370);SuperNatural:(SN00092474 SN00092473)	3145730
23	1	N/A	-212.3297729620998	C10H12O5	[M + H]+	QZPMJUUYIRZJKD	InChI=1S/C10H12O5/c1-6(11)8-3-4-9(15-8)7(12)2-5-10(13)14/h3-4,6,11H,2,5H2,1H3,(H,13,14)	4-[5-(1-hydroxyethyl)furan-2-yl]-4-oxobutanoic acid	CC(C1=CC=C(O1)C(=O)CCC(=O)O)O	0.0	11658554;101472984	COCONUT:(CNP0136578);Natural Products:(UNPD46614 UNPD195741);PubChem:(11658554 101472984);SuperNatural:(SN00364906 SN00249609)	3178498
24	1	N/A	-214.20291454238907	C10H12O5	[M + H]+	KAXRAOCFCSJAGT	InChI=1S/C10H12O5/c1-4-6-13-9(11)8(3)15-10(12)14-7-5-2/h4-5H,1-3,6-7H2	Allyl alpha-allyloxycarbonyloxyacrylate	C=CCOC(=O)C(=C)OC(=O)OCC=C	2.4000001	155743	MeSH:(155743);PubChem class - safety and toxic;PubChem:(155743);PubMed	67108934
25	1	N/A	-218.27696479749528	C10H12O5	[M + H]+	GOZNKYAWCJCQEV	InChI=1S/C10H12O5/c1-3-15-10(13)6-4-7(11)9(14-2)8(12)5-6/h4-5,11-12H,3H2,1-2H3	null	CCOC(=O)C1=CC(=C(C(=C1)O)OC)O	1.3024739	53849849	COCONUT:(CNP0333137);KNApSAcK:(44163);Natural Products:(UNPD98678);PubChem:(53849849);SuperNatural:(SN00264112)	3178514
26	1	N/A	-219.32248807456767	C10H12O5	[M + H]+	YOIZTLBZAMFVPK	InChI=1S/C10H12O5/c1-2-15-8-5-6(3-4-7(8)11)9(12)10(13)14/h3-5,9,11-12H,2H2,1H3,(H,13,14)	3-Ethoxy-4-hydroxymandelic acid	CCOC1=C(C=CC(=C1)C(C(=O)O)O)O	0.800000012	193792;57237649;92204628	MeSH:(193792);PubChem:(193792 57237649 92204628);PubMed	70
27	1	N/A	-220.5090365566801	C10H12O5	[M + H]+	WDDYGGTZWBBVIB	InChI=1S/C10H12O5/c1-4-6(3-11)7(10(14)15)9(13)5(2)8(4)12/h11-13H,3H2,1-2H3,(H,14,15)	null	CC1=C(C(=C(C(=C1O)C)O)C(=O)O)CO	1.10000002	91820253;91820252	PubChem:(91820253 91820252);PubMed;Biocyc:(CPD-17318);PubChem class - bio and metabolites	16779330
28	1	N/A	-220.57315037996793	C10H12O5	[M + H]+	IVEQIIIJZASWOD	InChI=1S/C10H12O5/c1-5(11)4-6-2-3-7(12)9(13)8(6)10(14)15/h2-3,5,11-13H,4H2,1H3,(H,14,15)	null	CC(CC1=C(C(=C(C=C1)O)O)C(=O)O)O	1.29999995	129990446	COCONUT:(CNP0191056);Natural Products:(UNPD119329);PubChem:(129990446);SuperNatural:(SN00360113)	3178498
29	1	N/A	-220.6720777050664	C10H12O5	[M + H]+	PHGMGTWRSNXLDV	InChI=1S/C10H12O5/c1-3-13-9(11)7-5-6-8(15-7)10(12)14-4-2/h5-6H,3-4H2,1-2H3	Diethyl 2,5-furandicarboxylate	CCOC(=O)C1=CC=C(O1)C(=O)OCC	2.0999999	597465	PubChem:(597465);PubChem class - safety and toxic	67108866
30	1	N/A	-225.35256544863816	C10H12O5	[M + H]+	YUVJIRWJKNBBOI	InChI=1S/C10H12O5/c1-14-10(13)15-5-4-7-2-3-8(11)9(12)6-7/h2-3,6,11-12H,4-5H2,1H3	null	COC(=O)OCCC1=CC(=C(C=C1)O)O	1.36596787	23642855	PubChem:(23642855);PubChem class - safety and toxic	67108866
31	1	N/A	-227.04982239447904	C10H12O5	[M + H]+	JATAKEDDMQNPOQ	InChI=1S/C10H12O5/c1-13-6-4-7(14-2)9(10(11)12)8(5-6)15-3/h4-5H,1-3H3,(H,11,12)	2,4,6-trimethoxybenzoate	COC1=CC(=C(C(=C1)OC)C(=O)O)OC	1.28116345	68441;7359009	NORMAN:(NS00033628);COCONUT:(CNP0288290);Natural Products:(UNPD157521);PubChem:(68441 7359009);SuperNatural:(SN00302054);ZINC bio:(ZINC04787060);PubChem class - safety and toxic;PubMed	70557762
32	1	N/A	-227.3557962577302	C10H12O5	[M + H]+	BQBQKSSTFGCRQL	InChI=1S/C10H12O5/c1-14-7-3-6(5-9(11)12)4-8(15-2)10(7)13/h3-4,13H,5H2,1-2H3,(H,11,12)	Homosyringic acid	COC1=CC(=CC(=C1O)OC)CC(=O)O	1.0	78093;7020612	NORMAN:(NS00031371);COCONUT:(CNP0236607);HMDB:(131424);Natural Products:(UNPD59562);PubChem:(78093 7020612);PubChem class - bio and metabolites;PubChem class - safety and toxic	86278154
33	1	N/A	-228.01534375723196	C10H12O5	[M + H]+	ABTZMSOARGMKMK	InChI=1S/C10H12O5/c1-15-9-4-6(2-3-7(9)11)8(12)5-10(13)14/h2-4,8,11-12H,5H2,1H3,(H,13,14)	null	COC1=C(C=CC(=C1)C(CC(=O)O)O)O	0.557228804	24871597	HMDB:(133486);PubChem:(24871597);YMDB Mine;PubChem class - bio and metabolites;PubMed;KEGG Mine	42966450250
34	1	N/A	-228.26974684529142	C10H12O5	[M + H]+	OGFSIPREEZAEMY	InChI=1S/C10H12O5/c11-5-7(12)6-15-10(14)8-3-1-2-4-9(8)13/h1-4,7,11-13H,5-6H2	Oprea1_387482	C1=CC=C(C(=C1)C(=O)OCC(CO)O)O	0.30799377	927793;927794;3849318	COCONUT:(CNP0205681);PubChem:(927793 927794 3849318);SuperNatural:(SN00001567 SN00001566);ZINC bio:(ZINC00517692 ZINC00517693)	3153922
35	1	N/A	-229.23672553948387	C10H12O5	[M + H]+	JWTSHQHIVXHRCI	InChI=1S/C10H12O5/c11-5-6(12)3-4-10-8(14)2-1-7(13)9(10)15-10/h1-2,6-9,11-14H,5H2	null	C1=CC(C2(C(C1O)O2)C#CC(CO)O)O	-2.5999999	44255330	COCONUT:(CNP0109191);Natural Products:(UNPD195277);PubChem:(44255330)	2129922
36	1	N/A	-230.05849562212347	C10H12O5	[M + H]+	KHVXZWBZADAAPR	InChI=1S/C10H12O5/c11-5-8(12)6-15-9-3-1-7(2-4-9)10(13)14/h1-4,8,11-12H,5-6H2,(H,13,14)	3-(p-Carboxyphenoxy)-1,2-propanediol	C1=CC(=CC=C1C(=O)O)OCC(CO)O	0.100000001	20148;121468877;121468940	PubChem:(20148 121468877 121468940);PubChem class - safety and toxic	67108866
37	1	N/A	-230.1287300077905	C10H12O5	[M + H]+	ILKDXJVXGKUMEJ	InChI=1S/C10H12O5/c1-15-8-5-6(2-3-9(12)13)4-7(11)10(8)14/h4-5,11,14H,2-3H2,1H3,(H,12,13)	null	COC1=CC(=CC(=C1O)O)CCC(=O)O	0.899999976	10910840	HMDB:(125526);PubChem:(10910840);KEGG Mine;PubChem class - bio and metabolites	8606711818
38	1	N/A	-231.20228517137048	C10H12O5	[M + H]+	TXGSOSAONMOPDL	InChI=1S/C10H12O5/c1-5(2)15-10(14)6-3-7(11)9(13)8(12)4-6/h3-5,11-13H,1-2H3	Oprea1_182912	CC(C)OC(=O)C1=CC(=C(C(=C1)O)O)O	1.34526658	70826	NORMAN:(NS00023699);COCONUT:(CNP0092993);PubChem:(70826);SuperNatural:(SN00143259);ZINC bio:(ZINC00407934);PubMed	3416130
39	1	N/A	-231.37574117460537	C10H12O5	[M + H]+	LBECAGNUOFSIKD	InChI=1S/C10H12O5/c1-13-7-4-6(11)5-8(14-2)9(7)10(12)15-3/h4-5,11H,1-3H3	Methyl 4-hydroxy-2,6-dimethoxybenzoate	COC1=CC(=CC(=C1C(=O)OC)OC)O	1.39999998	3017696	NORMAN:(NS00053975);PubChem class - safety and toxic;PubChem:(3017696)	67371010
40	1	N/A	-231.7972125555613	C10H12O5	[M + H]+	QMVFVYSXZNMEBK	InChI=1S/C10H12O5/c11-3-6-1-7(4-12)9(14)10(15)8(2-6)5-13/h1-2,11-13H,3-5H2,(H,14,15)	Oprea1_823681	C1=C(C=C(C(=O)C(=C1CO)O)CO)CO	-1.0	741311	PubChem:(741311);PubMed;CHEBI:(112728)	98
41	1	N/A	-231.80733499611523	C10H12O5	[M + H]+	VRWIVURZACOSRW	InChI=1S/C10H12O5/c1-15-7-3-2-6(8(11)5-7)4-9(12)10(13)14/h2-3,5,9,11-12H,4H2,1H3,(H,13,14)	null	COC1=CC(=C(C=C1)CC(C(=O)O)O)O	0.83881253	""	COCONUT:(CNP0075802)	2097152
42	1	N/A	-231.82130567238767	C10H12O5	[M + H]+	AEFFQIOAIRYPCU	InChI=1S/C10H12O5/c1-15-10-7(11)4-2-6(9(10)14)3-5-8(12)13/h2,4,11,14H,3,5H2,1H3,(H,12,13)	null	COC1=C(C=CC(=C1O)CCC(=O)O)O	0.899999976	131832020	HMDB:(125540);PubChem:(131832020);PubChem class - bio and metabolites	16777226
43	1	N/A	-234.40341560132828	C10H12O5	[M + H]+	RDKUKASDVXOIBR	InChI=1S/C10H12O5/c1-6(5-9(12)13)15-8-4-2-3-7(11)10(8)14/h2-4,6,11,14H,5H2,1H3,(H,12,13)	null	CC(CC(=O)O)OC1=CC=CC(=C1O)O	1.10000002	42605052	COCONUT:(CNP0302869);Natural Products:(UNPD59250);PubChem:(42605052);SuperNatural:(SN00237955)	3178498
44	1	N/A	-238.90309305895482	C10H12O5	[M + H]+	OHFUJVGMWXATSG	InChI=1S/C10H12O5/c11-2-5-3-14-9(13)8-6(5)1-7(12)10(8)4-15-10/h1,3,7-9,11-13H,2,4H2	null	C1C2(O1)C(C=C3C2C(OC=C3CO)O)O	-2.5	131751569	COCONUT:(CNP0003067);HMDB:(34493);PubChem:(131751569);PubChem class - bio and metabolites	18874378
45	1	N/A	-238.92184337926034	C10H12O5	[M + H]+	JOWPYUQSZOKCGJ	InChI=1S/C10H12O5/c1-5-6(11)4-7(14-2)8(9(5)12)10(13)15-3/h4,11-12H,1-3H3	methyl 2,4-dihydroxy-6-methoxy-3-methylbenzoate	CC1=C(C(=C(C=C1O)OC)C(=O)OC)O	2.0	5319743	COCONUT:(CNP0121790);PubChem:(5319743);SuperNatural:(SN00160475)	3145730
46	1	N/A	-239.74881767028535	C10H12O5	[M + H]+	BMWWLDOEVQURAI	InChI=1S/C10H12O5/c1-5(10(13)14)6-3-4-7(15-2)9(12)8(6)11/h3-5,11-12H,1-2H3,(H,13,14)	null	CC(C1=C(C(=C(C=C1)OC)O)O)C(=O)O	1.20000005	131835614	HMDB:(129354);PubChem:(131835614);PubChem class - bio and metabolites	16777226
47	1	N/A	-240.10098200568248	C10H12O5	[M + H]+	UTXNRISXYKZJTH	InChI=1S/C10H12O5/c1-15-9-4-6(2-3-7(9)12)10(14)8(13)5-11/h2-4,8,11-13H,5H2,1H3	null	COC1=C(C=CC(=C1)C(=O)C(CO)O)O	0.224788442	15765124;92446370;92446371	COCONUT:(CNP0283344);HMDB:(41286);KNApSAcK:(33738);Natural Products:(UNPD152980);PubChem:(15765124 92446370 92446371);SuperNatural:(SN00158209);additional;PubChem class - bio and metabolites;Training Set;PubMed	20496474
48	1	N/A	-241.42775171722275	C10H12O5	[M + H]+	ZMXJAEGJWHJMGX	InChI=1S/C10H12O5/c1-13-7-4-6(10(12)15-3)5-8(14-2)9(7)11/h4-5,11H,1-3H3	bmse010225	COC1=CC(=CC(=C1O)OC)C(=O)OC	1.28116345	70164;131866592	SuperNatural:(SN00397054);ZINC bio:(ZINC00394334);MeSH:(70164);PubMed;NORMAN:(NS00004670);COCONUT:(CNP0188664);KNApSAcK:(32014);Natural Products:(UNPD124783);PubChem:(70164 131866592);YMDB Mine;CHEBI:(45820);PubChem class - bio and metabolites;PubChem class - safety and toxic;Training Set;KEGG Mine	43037024374
49	1	N/A	-242.7881352610122	C10H12O5	[M + H]+	SJSOFNCYXJUNBT	InChI=1S/C10H12O5/c1-13-7-4-6(10(11)12)5-8(14-2)9(7)15-3/h4-5H,1-3H3,(H,11,12)	Eudesmic acid	COC1=CC(=CC(=C1OC)OC)C(=O)O	1.28116345	8357;3468283;10632403;12227853	HMDB:(33839);SuperNatural:(SN00402111 SN00118320);ZINC bio:(ZINC00347833);additional;MeSH:(8357);PubMed;NORMAN:(NS00001871);COCONUT:(CNP0058997 CNP0402059);KNApSAcK:(29476);Natural Products:(UNPD129444);PubChem:(8357 3468283 10632403 12227853);YMDB Mine;CHEBI:(454991 58989);PubChem class - bio and metabolites;PubChem class - safety and toxic;Training Set;KEGG Mine	43037548670
50	1	N/A	-243.47862929520096	C10H12O5	[M + H]+	LCIFXEQPXQVBGL	InChI=1S/C10H12O5/c1-13-8-5-6(10(12)15-3)4-7(11)9(8)14-2/h4-5,11H,1-3H3	Methyl 3,4-methoxy-5-hydroxybenzoate	COC1=CC(=CC(=C1OC)O)C(=O)OC	1.39999998	2733956	COCONUT:(CNP0217648);PubChem:(2733956);ZINC bio:(ZINC02566749)	2105346
51	1	N/A	-244.41982017783727	C10H12O5	[M + H]+	IQVXINORJLDSRL	InChI=1S/C10H12O5/c1-5(10(13)14)6-3-8(12)9(15-2)4-7(6)11/h3-5,11-12H,1-2H3,(H,13,14)	null	CC(C1=CC(=C(C=C1O)OC)O)C(=O)O	1.20000005	131831562	HMDB:(125013);PubChem:(131831562);PubChem class - bio and metabolites	16777226
52	1	N/A	-249.79430703802115	C10H12O5	[M + H]+	PLLIJHAKLDZNQC	InChI=1S/C10H12O5/c1-15-9-4-6(2-3-10(13)14)7(11)5-8(9)12/h4-5,11-12H,2-3H2,1H3,(H,13,14)	null	COC1=C(C=C(C(=C1)CCC(=O)O)O)O	0.899999976	131832017	HMDB:(125520);PubChem:(131832017);PubChem class - bio and metabolites	16777226
53	1	N/A	-250.61007717124562	C10H12O5	[M + H]+	KRHNUWZAICOCAR	InChI=1S/C10H12O5/c1-13-8-6(10(12)15-3)4-5-7(11)9(8)14-2/h4-5,11H,1-3H3	null	COC1=C(C=CC(=C1OC)O)C(=O)OC	1.39999998	54291035	COCONUT:(CNP0119803);Natural Products:(UNPD224152);PubChem:(54291035)	2129922
54	1	N/A	-255.45536529058907	C10H12O5	[M + H]+	IKRQGQZHSMYUJJ	InChI=1S/C10H12O5/c1-14-8(11)2-5-6-3-15-4-7(6)10(13)9(5)12/h3-5,9-10,12-13H,2H2,1H3	null	COC(=O)CC1C(C(C2=COC=C12)O)O	-0.800000012	45093251	COCONUT:(CNP0155290);Natural Products:(UNPD42327);PubChem:(45093251)	2129922
55	1	N/A	-256.61761470495793	C10H12O5	[M + H]+	KVZUCOGWKYOPID	InChI=1S/C10H12O5/c1-13-7-5-9(15-3)8(14-2)4-6(7)10(11)12/h4-5H,1-3H3,(H,11,12)	Asaronic acid	COC1=CC(=C(C=C1C(=O)O)OC)OC	1.39999998	10276;6950161	NORMAN:(NS00031850);COCONUT:(CNP0107114);Natural Products:(UNPD43774);PubChem:(10276 6950161);ZINC bio:(ZINC00388242);additional;PubChem class - safety and toxic;Training Set	70049794
56	1	N/A	-256.6267566989934	C10H12O5	[M + H]+	NGODFXNKRVIFFF	InChI=1S/C10H12O5/c1-5(11)2-7(13)10-8(14)3-6(12)4-9(10)15/h3-5,11-12,14-15H,2H2,1H3	null	CC(CC(=O)C1=C(C=C(C=C1O)O)O)O	0.501325369	""	COCONUT:(CNP0331117);Natural Products:(UNPD95872);SuperNatural:(SN00254475)	3178496
57	1	N/A	-257.01585367749027	C10H12O5	[M + H]+	HYPNAAKNJGPLND	InChI=1S/C10H12O5/c1-2-15-10(14)9(13)7-4-3-6(11)5-8(7)12/h3-5,9,11-13H,2H2,1H3	Ethyl (2,4-dihydroxyphenyl)glycolate	CCOC(=O)C(C1=C(C=C(C=C1)O)O)O	1.39999998	106858	PubChem:(106858);NORMAN:(NS00055581)	262146
58	1	N/A	-257.77039708646413	C10H12O5	[M + H]+	SPKNARKFCOPTSY	InChI=1S/C10H12O5/c1-5-9(13-5)10-7(14-6(2)11)3-4-8(12)15-10/h3-5,7,9-10H,1-2H3	Asperline	CC1C(O1)C2C(C=CC(=O)O2)OC(=O)C	0.300000012	35319;9859172;12308680;10998321;10998322;11052962;21309563;21309564;51340736;72201058;76764111;92242044;90472429	COCONUT:(CNP0165434);Natural Products:(UNPD50222 UNPD52356 UNPD177938);PubChem:(35319 9859172 12308680 10998321 10998322 11052962 21309563 21309564 51340736 72201058 76764111 92242044 90472429);SuperNatural:(SN00280939 SN00306773);MeSH:(35319 9859172 12308680);PubChem class - safety and toxic;PubMed	70287430
59	1	N/A	-259.341364714127	C10H12O5	[M + H]+	ZTBAPEIDNUHRNC	InChI=1S/C10H12O5/c1-14-8-3-6(7(12)5-11)4-9(15-2)10(8)13/h3-4,11,13H,5H2,1-2H3	Danielone	COC1=CC(=CC(=C1O)OC)C(=O)CO	0.694640875	146167	HMDB:(31704);SuperNatural:(SN00259829);MeSH:(146167);PubMed;COCONUT:(CNP0287062);KNApSAcK:(2692);Natural Products:(UNPD165185);PubChem:(146167);YMDB Mine;CHEBI:(4316);PubChem class - bio and metabolites;KEGG:(C10674)	34379694462
60	1	N/A	-260.64606122286614	C10H12O5	[M + H]+	ZODFWNHYQARJLC	InChI=1S/C10H12O5/c1-3-14-9(11)7-5-13-6-8(7)10(12)15-4-2/h5-6H,3-4H2,1-2H3	Diethyl 3,4-furandicarboxylate	CCOC(=O)C1=COC=C1C(=O)OCC	1.39999998	35399	NORMAN:(NS00028946);PubChem class - safety and toxic;PubChem:(35399);PubMed	67371074
61	1	N/A	-261.5099616785034	C10H12O5	[M + H]+	ODKFBQCYKKPNLJ	InChI=1S/C10H12O5/c1-13-7-5-4-6(10(12)15-3)8(11)9(7)14-2/h4-5,11H,1-3H3	methyl 2-hydroxy-3,4-dimethoxybenzoate	COC1=C(C(=C(C=C1)C(=O)OC)O)OC	1.89999998	5319678	COCONUT:(CNP0155038);Natural Products:(UNPD176905);PubChem:(5319678);SuperNatural:(SN00160466)	3178498
62	1	N/A	-264.6363330682845	C10H12O5	[M + H]+	HZNQSWJZTWOTKM	InChI=1S/C10H12O5/c1-13-7-5-4-6(10(11)12)8(14-2)9(7)15-3/h4-5H,1-3H3,(H,11,12)	2,3,4-trimethoxybenzoate	COC1=C(C(=C(C=C1)C(=O)O)OC)OC	1.28116345	11308;6931539	NORMAN:(NS00022404);COCONUT:(CNP0216244);HMDB:(142083);Natural Products:(UNPD187389);PubChem:(11308 6931539);SuperNatural:(SN00385282);PubChem class - bio and metabolites;PubChem class - safety and toxic;PubMed	87326794
63	1	N/A	-267.00768482865107	C10H12O5	[M + H]+	ZKDXHLFLKKWCBY	InChI=1S/C10H12O5/c1-14-9-4-8(15-6-10(12)13)3-2-7(9)5-11/h2-4,11H,5-6H2,1H3,(H,12,13)	3-M-4-Hmpaa	COC1=C(C=CC(=C1)OCC(=O)O)CO	0.600000024	134310;6931640	MeSH:(134310);PubChem class - safety and toxic;PubChem:(134310 6931640);PubMed	67108934
64	1	N/A	-269.90036511775526	C10H12O5	[M + H]+	UCYJAMRRXNXQJP	InChI=1S/C10H12O5/c1-3-6-7-5-4(8(11)14-7)9(15-6)13-2-10(3,5)12/h3-7,9,12H,2H2,1H3	null	CC1C2C3C4C1(COC(C4C(=O)O3)O2)O	-0.600000024	101855970;101406481	COCONUT:(CNP0314685);KNApSAcK:(30364);Natural Products:(UNPD73718);PubChem:(101855970 101406481)	2129938
65	1	N/A	-269.9539139698316	C10H12O5	[M + H]+	NGPMJNXSTRHDBA	InChI=1S/C10H12O5/c1-13-9(11)5-7-3-4-8(15-7)6-10(12)14-2/h3-4H,5-6H2,1-2H3	null	COC(=O)CC1=CC=C(O1)CC(=O)OC	0.600000024	13220203	COCONUT:(CNP0283721);Natural Products:(UNPD45249);PubChem:(13220203)	2129922
66	1	N/A	-274.04844957632	C10H12O5	[M + H]+	BWJLBVFLYBXUBY	InChI=1S/C10H12O5/c1-6(12)15-10(5-11)7-2-3-8(13)9(14)4-7/h2-4,10-11,13-14H,5H2,1H3	null	CC(=O)OC(CO)C1=CC(=C(C=C1)O)O	0.395267516	44203469;74950412	COCONUT:(CNP0325537);Natural Products:(UNPD102458);PubChem:(44203469 74950412);SuperNatural:(SN00326894);PubMed	3178562
67	1	N/A	-274.9300799974929	C10H12O5	[M + H]+	MXVBBOLVTSAHEX	InChI=1S/C10H12O5/c1-14-8-4-2-3-5-9(8)15-6-7(11)10(12)13/h2-5,7,11H,6H2,1H3,(H,12,13)	beta-(2-Methoxyphenoxy)lactic acid	COC1=CC=CC=C1OCC(C(=O)O)O	0.800000012	151727;91800233;91800234	MeSH:(151727);HMDB:(60557);PubChem:(151727 91800233 91800234);PubMed	78
68	1	N/A	-277.4670899471339	C10H12O5	[M + H]+	WTFXMLVITCJWNE	InChI=1S/C10H12O5/c1-5-7(4-15-2)6(3-11)9(13)10(14)8(5)12/h3,12-14H,4H2,1-2H3	null	CC1=C(C(=C(C(=C1O)O)O)C=O)COC	0.899999976	76324771	COCONUT:(CNP0356682);PubChem:(76324771);PubMed	2097218
69	1	N/A	-280.63023891877106	C10H12O5	[M + H]+	BNXMUMXYSWMXEC	InChI=1S/C10H12O5/c1-7(11)14-5-9-3-13-4-10(9)6-15-8(2)12/h3-4H,5-6H2,1-2H3	3, diacetate	CC(=O)OCC1=COC=C1COC(=O)C	0.400000006	100613	PubChem:(100613);NORMAN:(NS00028945)	262146
70	1	N/A	-283.8113642907971	C10H12O5	[M + H]+	QQVLKPZAOPJJCB	InChI=1S/C10H12O5/c1-15-8-5-6(2-3-9(12)13)4-7(11)10(8)14/h2-5,9,11-14H,1H3	5-(3,3-dihydroxyprop-1-enyl)-3-methoxybenzene-1,2-diol	COC1=CC(=CC(=C1O)O)C=CC(O)O	0.400000006	4633871;5288545	COCONUT:(CNP0020812);PubChem:(4633871 5288545);KEGG Mine;PubChem class - bio and metabolites	8608808962
71	1	N/A	-286.87156401251366	C10H12O5	[M + H]+	SHZFRPAVGXESEG	InChI=1S/C10H12O5/c1-6-4-7(11)2-3-9(6)15-5-8(12)10(13)14/h2-4,8,11-12H,5H2,1H3,(H,13,14)	null	CC1=C(C=CC(=C1)O)OCC(C(=O)O)O	0.820638776	""	COCONUT:(CNP0319620);Natural Products:(UNPD80222);SuperNatural:(SN00233907)	3178496
72	1	N/A	-291.8763656662043	C10H12O5	[M + H]+	OYOAZXRTZINOMW	InChI=1S/C10H12O5/c1-9-5-4-6(15-9)10(12-2,13-3)7(9)8(11)14-5/h4,6-7H,1-3H3	null	CC12C3C(=O)OC1=CC(C3(OC)OC)O2	-0.800000012	50741899;95242508;98125419;98125420;98125421;124555272;124768429	COCONUT:(CNP0022168);PubChem:(50741899 95242508 98125419 98125420 98125421 124555272 124768429);SuperNatural:(SN00142659);ZINC bio:(ZINC68603781)	3153922
73	1	N/A	-294.75586746962335	C10H12O5	[M + H]+	LRGJWCQSWJHJKW	InChI=1S/C10H12O5/c1-13-7-4-8(14-2)10(15-3)9(12)6(7)5-11/h4-5,12H,1-3H3	2-hydroxy-3,4,6-trimethoxybenzaldehyde	COC1=CC(=C(C(=C1C=O)O)OC)OC	1.5	12494693	COCONUT:(CNP0130000);Natural Products:(UNPD207509);PubChem:(12494693)	2129922
74	1	N/A	-295.2464948288847	C10H12O5	[M + H]+	UQYIJQXDRBKHBG	InChI=1S/C10H12O5/c1-7(11)13-5-9-3-4-10(15-9)6-14-8(2)12/h3-4H,5-6H2,1-2H3	2,5-bis(hydroxymethyl)furan diacetate	CC(=O)OCC1=CC=C(O1)COC(=O)C	0.400000006	4077187	COCONUT:(CNP0194736);Natural Products:(UNPD177421);PubChem:(4077187);SuperNatural:(SN00240120);ZINC bio:(ZINC04557278);PubMed	3186754
75	1	N/A	-296.30246556148757	C10H12O5	[M + H]+	NSKSXYUOXAQHCH	InChI=1S/C10H12O5/c1-13-6-4-5-7(14-2)9(15-3)8(6)10(11)12/h4-5H,1-3H3,(H,11,12)	2,3,6-Trimethoxybenzoic acid	COC1=C(C(=C(C=C1)OC)OC)C(=O)O	1.28116345	611400	PubChem class - safety and toxic;PubChem:(611400);PubMed;ZINC bio:(ZINC04798423)	67117122
76	1	N/A	-302.2419517240224	C10H12O5	[M + H]+	UZKDLTZUNKKEGE	InChI=1S/C10H12O5/c1-13-8-4-7(12)6(5-11)9(14-2)10(8)15-3/h4-5,12H,1-3H3	6-hydroxy-2,3,4-trimethoxybenzaldehyde	COC1=C(C(=C(C(=C1)O)C=O)OC)OC	1.5	5319402	COCONUT:(CNP0143118);Natural Products:(UNPD18848);PubChem:(5319402);SuperNatural:(SN00159107);ZINC bio:(ZINC14725481)	3186690
77	1	N/A	-302.8515975740807	C10H12O5	[M + H]+	GXBVESSBUINHIO	InChI=1S/C10H12O5/c1-6(3-9(11)12)8-4-7(14-2)5-10(13)15-8/h4-6H,3H2,1-2H3,(H,11,12)	null	CC(CC(=O)O)C1=CC(=CC(=O)O1)OC	0.600000024	75368777	COCONUT:(CNP0086714);Training Set;PubChem:(75368777);additional	2637826
78	1	N/A	-312.91825569182333	C10H12O5	[M + H]+	QIDVAQFKQKKYPJ	InChI=1S/C10H12O5/c1-4-5-3-15-10(13)6(5)8(12)9(14-2)7(4)11/h10-13H,3H2,1-2H3	6-methoxy-4-methyl-1,3-dihydro-2-benzofuran-1,5,7-triol	CC1=C2COC(C2=C(C(=C1O)OC)O)O	0.200000003	11820481	COCONUT:(CNP0106846);Natural Products:(UNPD81907);PubChem:(11820481);SuperNatural:(SN00249432)	3178498
79	1	N/A	-325.8777708286161	C10H12O5	[M + H]+	VNKUQKJXQNPVIM	InChI=1S/C10H12O5/c1-13-8-3-10(12)15-9-2-6(4-11)14-5-7(8)9/h3,6,11H,2,4-5H2,1H3	null	COC1=CC(=O)OC2=C1COC(C2)CO	-0.899999976	134150361	COCONUT:(CNP0357884);PubChem:(134150361);PubMed	2097218
80	1	N/A	-381.1026720434691	C10H12O5	[M + H]+	VRNZBLTUSHYQEF	InChI=1S/C10H12O5/c1-5-8(12)9-6(13-5)4-10(15-9)3-2-7(11)14-10/h2-3,5-6,8-9,12H,4H2,1H3	null	CC1C(C2C(O1)CC3(O2)C=CC(=O)O3)O	-0.300000012	10353119;56925692;101630914;102297562;102297563;102297564;134859452	COCONUT:(CNP0312978);Natural Products:(UNPD71415);PubChem:(10353119 56925692 101630914 102297562 102297563 102297564 134859452);SuperNatural:(SN00392032)	3178498
1	1	0.1859793759607717	-96.18493560789243	C10H14O6	[M - H2O + H]+	DUAWJQCMZICMIK	InChI=1S/C10H14O6/c11-7(3-5-9(13)14)1-2-8(12)4-6-10(15)16/h1-6H2,(H,13,14)(H,15,16)	4,7-dioxodecanedioic acid	C(CC(=O)CCC(=O)O)C(=O)CCC(=O)O	-1.60000002	1698	COCONUT:(CNP0020784);MeSH:(1698);PubChem:(1698);PubMed;PubChem class - bio and metabolites	18874438
2	1	N/A	-127.0542273287526	C10H14O6	[M - H2O + H]+	RFANYEWAHJJLAD	InChI=1S/C10H14O6/c1-7(11)15-9(13)5-3-4-6-10(14)16-8(2)12/h3-6H2,1-2H3	diacetyl hexanedioate	CC(=O)OC(=O)CCCCC(=O)OC(=O)C	0.100000001	162313	PubChem:(162313);NORMAN:(NS00030401)	262146
3	1	N/A	-130.71865748277645	C10H14O6	[M - H2O + H]+	MFUZXFWVYOMQBM	InChI=1S/C10H14O6/c1-5(11)7(9(13)15-3)8(6(2)12)10(14)16-4/h7-8H,1-4H3	Dimethyl 2,3-diacetylsuccinate	CC(=O)C(C(C(=O)C)C(=O)OC)C(=O)OC	-0.200000003	3018521;7039037;7039038;7039039	PubChem:(3018521 7039037 7039038 7039039);NORMAN:(NS00060742)	262146
4	1	N/A	-136.6438710789387	C10H14O6	[M - H2O + H]+	SJCUPJATWUWGAV	InChI=1S/C10H14O6/c1-7(11)5-9(13)15-3-4-16-10(14)6-8(2)12/h3-6H2,1-2H3	Ethylene diacetoacetate	CC(=O)CC(=O)OCCOC(=O)CC(=O)C	-0.300000012	79566	NORMAN:(NS00001020);PubChem class - safety and toxic;PubChem:(79566)	67371010
5	1	N/A	-137.86716475654438	C10H14O6	[M - H2O + H]+	ZCPRKXVRISCLMR	InChI=1S/C10H14O6/c1-4-7(11)8(12)6-5(9(13)14)2-16-3-10(4,6)15/h2,4,6-8,11-12,15H,3H2,1H3,(H,13,14)	null	CC1C(C(C2C1(COC=C2C(=O)O)O)O)O	-1.60000002	101855969	COCONUT:(CNP0157666);KNApSAcK:(30366);Natural Products:(UNPD17455);PubChem:(101855969);SuperNatural:(SN00362282)	3178514
6	1	N/A	-160.70317834711355	C10H14O6	[M - H2O + H]+	WUHFOIPFQKEGNR	InChI=1S/C10H14O6/c1-4(14-5(2)11)9-8(13)10-6(15-9)3-7(12)16-10/h4,6,8-10,13H,3H2,1-2H3	null	CC(C1C(C2C(O1)CC(=O)O2)O)OC(=O)C	-0.600000024	132489970;139584261	COCONUT:(CNP0265467);Natural Products:(UNPD104129);PubChem:(132489970 139584261);SuperNatural:(SN00251855);MeSH:(132489970);PubMed	3178566
7	1	N/A	-161.86037348243335	C10H14O6	[M - H2O + H]+	ZEWLHMQYEZXSBH	InChI=1S/C10H14O6/c1-7(2)10(14)16-6-5-15-9(13)4-3-8(11)12/h1,3-6H2,2H3,(H,11,12)	mono-2-(Methacryloyloxy)ethyl succinate	CC(=C)C(=O)OCCOC(=O)CCC(=O)O	0.400000006	88720;21903814	NORMAN:(NS00050851);MeSH:(88720);PubChem class - safety and toxic;PubChem:(88720 21903814);PubMed	67371078
8	1	N/A	-180.84705503585383	C10H14O6	[M - H2O + H]+	IYYGYDUPFWYXQG	InChI=1S/C10H14O6/c1-4-9(15-5(2)11)10-8(13)6(14-4)3-7(12)16-10/h4,6,8-10,13H,3H2,1-2H3	null	CC1C(C2C(C(O1)CC(=O)O2)O)OC(=O)C	-0.600000024	139585011	PubChem:(139585011);COCONUT:(CNP0354458)	2097154
9	1	N/A	-185.01943554942244	C10H14O6	[M - H2O + H]+	FFXUKJKVADHZEA	InChI=1S/C10H14O6/c1-3-6(11)7-5-4(9(13)16-7)8(12)15-2-10(3,5)14/h3-8,11-12,14H,2H2,1H3	null	CC1C(C2C3C1(COC(C3C(=O)O2)O)O)O	-1.60000002	53260760;101855968	COCONUT:(CNP0131463);Natural Products:(UNPD204578 UNPD9568);PubChem:(53260760 101855968);SuperNatural:(SN00295040)	3178498
10	1	N/A	-186.89557947758334	C10H14O6	[M - H2O + H]+	IXVBKLNTWKFEBN	InChI=1S/C10H14O6/c1-5(11)9(14)10-7(15-6(2)12)3-4-8(13)16-10/h3-5,7,9-11,14H,1-2H3	[2-(1,2-dihydroxypropyl)-6-oxo-2,3-dihydropyran-3-yl] Acetate	CC(C(C1C(C=CC(=O)O1)OC(=O)C)O)O	-0.699999988	5247124;101652371	COCONUT:(CNP0217601);Natural Products:(UNPD180661);PubChem:(5247124 101652371);SuperNatural:(SN00377927)	3178498
11	1	N/A	-194.03845279652194	C10H14O6	[M - H2O + H]+	ILENATNBFPBMHG	InChI=1S/C10H14O6/c1-5(11)9(6(2)12)15-16-10(7(3)13)8(4)14/h9-10H,1-4H3	Luperox 224;	CC(=O)C(C(=O)C)OOC(C(=O)C)C(=O)C	-0.5	16213740	NORMAN:(NS00002687);PubChem class - safety and toxic;PubChem:(16213740)	67371010
12	1	N/A	-197.52944695846955	C10H14O6	[M - H2O + H]+	NEZQWZBCEHOWJS	InChI=1S/C10H14O6/c1-5(11)15-7-3-13-10-8(16-6(2)12)4-14-9(7)10/h7-10H,3-4H2,1-2H3	1,4:3,6-Dianhydro-D-glucitol diacetate	CC(=O)OC1COC2C1OCC2OC(=O)C	-0.75537473	114445;13072424;13072425;13072426;11770257;11950703;11950706;57892603;70005514;138111157	NORMAN:(NS00051533);COCONUT:(CNP0382399);Natural Products:(UNPD127179);PubChem:(114445 13072424 13072425 13072426 11770257 11950703 11950706 57892603 70005514 138111157);SuperNatural:(SN00316402)	3440642
13	1	N/A	-206.43024727016157	C10H14O6	[M - H2O + H]+	MMAXAFOTGLVFQZ	InChI=1S/C10H14O6/c1-5(11)15-9(7-3-13-7)10(8-4-14-8)16-6(2)12/h7-10H,3-4H2,1-2H3	3,4-Diacetyldianhydrogalactitol	CC(=O)OC(C1CO1)C(C2CO2)OC(=O)C	-0.5	99960;21117453;92145548;92256609;92528676	MeSH:(99960);PubChem:(99960 21117453 92145548 92256609 92528676);PubMed	70
14	1	N/A	-208.4704055242924	C10H14O6	[M - H2O + H]+	RASFDPYEJAASRQ	InChI=1S/C10H14O6/c1-5-7(15-5)9(11)13-3-4-14-10(12)8-6(2)16-8/h5-8H,3-4H2,1-2H3	ethane-1,2-diyl bis(3-methyloxirane-2-carboxylate)	CC1C(O1)C(=O)OCCOC(=O)C2C(O2)C	0.300000012	263180;92224903;92224904;92224905;92533865	PubChem:(263180 92224903 92224904 92224905 92533865);PubChem class - safety and toxic	67108866
15	1	N/A	-226.25066042295626	C10H14O6	[M - H2O + H]+	XZXKAVJBKMFIQX	InChI=1S/C10H14O6/c1-7(9(13)5-11)15-3-4-16-8(2)10(14)6-12/h5-8H,3-4H2,1-2H3	Bikethoxal	CC(C(=O)C=O)OCCOC(C)C(=O)C=O	-0.400000006	134685	MeSH:(134685);PubChem:(134685);PubMed	70
16	1	N/A	-247.31233793232488	C10H14O6	[M - H2O + H]+	JSTQABBESURXTN	InChI=1S/C10H14O6/c11-1-4-8-15-7-6(12)3-2-14-9(16-8)5(3)10(4,7)13/h3-9,11-13H,1-2H2	null	C1C2C3C(O1)OC4C(C3(C(C2O)O4)O)CO	-1.5	71569768	COCONUT:(CNP0119159);Natural Products:(UNPD225436);PubChem:(71569768)	2129922
17	1	N/A	-264.89631843929027	C10H14O6	[M - H2O + H]+	AOJDAZKPGYADTA	InChI=1S/C10H14O6/c1-14-6-3-5(11)8-9(16-8)10(6,13)4-7(12)15-2/h6,8-9,13H,3-4H2,1-2H3	null	COC1CC(=O)C2C(C1(CC(=O)OC)O)O2	-1.20215809	""	COCONUT:(CNP0318892);Natural Products:(UNPD158569);SuperNatural:(SN00316747)	3178496
18	1	N/A	-301.20833990894374	C10H14O6	[M - H2O + H]+	ODYIVPXZDYKWBQ	InChI=1S/C10H14O6/c1-5(11)16-9-6(12)4-7(15-3)8(13)10(9,2)14/h4,8-9,13-14H,1-3H3	null	CC(=O)OC1C(=O)C=C(C(C1(C)O)O)OC	-1.29999995	102222775	PubChem:(102222775);COCONUT:(CNP0354847)	2097154