structureRankPerFormula	formulaRank	ConfidenceScore	CSI:FingerIDScore	molecularFormula	adduct	InChIkey2D	InChI	name	smiles	xlogp	pubchemids	links	dbflags
1	1	N/A	-30.36254881891063	C5H8O6	[M - H2O + H]+	QKDVEGVVCQTJPD	InChI=1S/C5H8O6/c6-2-5(11,4(9)10)1-3(7)8/h6,11H,1-2H2,(H,7,8)(H,9,10)	2-Hydroxy-2-(hydroxymethyl)butanedioic acid	C(C(=O)O)C(CO)(C(=O)O)O	-2.20000005	3083787;21863489;101592276	COCONUT:(CNP0105674);Natural Products:(UNPD44126);PubChem:(3083787 21863489 101592276);SuperNatural:(SN00377640);YMDB Mine;EcoCyc Mine;KEGG Mine	60132720642
2	1	N/A	-47.42428595381889	C5H8O6	[M - H2O + H]+	VQUZNVATTCZTQO	InChI=1S/C5H8O6/c6-1-2(7)3(8)4(9)5(10)11/h1-4,7-9H,(H,10,11)	D-xyluronic acid	C(=O)C(C(C(C(=O)O)O)O)O	-2.0785048	13939345;16738700;88712001;101003098;101081873;102115583;101410025;131231145	COCONUT:(CNP0231081);Natural Products:(UNPD100825 UNPD190785);PubChem:(13939345 16738700 88712001 101003098 101081873 102115583 101410025 131231145);SuperNatural:(SN00355414 SN00259916);YMDB Mine;CHEBI:(46646);EcoCyc Mine;KEGG Mine	60132720674
3	1	N/A	-56.03384388418223	C5H8O6	[M - H2O + H]+	NKOHBIIOWAKHMF	InChI=1S/C5H8O6/c6-1-2(7)3(8)4(9)5(10)11/h2-3,6-8H,1H2,(H,10,11)	2-Dehydro-D-xylonate	C(C(C(C(=O)C(=O)O)O)O)O	-2.20000005	439852;4477518;13828517;16638213;16069995;54116265;123252799	COCONUT:(CNP0112289);PubChem:(439852 4477518 13828517 16638213 16069995 54116265 123252799);SuperNatural:(SN00213143);CHEBI:(140287 28326);EcoCyc Mine;KEGG:(C02928);PubMed	17183015266
4	1	N/A	-65.87515538673541	C5H8O6	[M - H2O + H]+	HBARXKFONQENLN	InChI=1S/C5H8O6/c6-1-3(8)5(11,2-7)4(9)10/h6-7,11H,1-2H2,(H,9,10)	Butanoic acid, 2,4-dihydroxy-2-(hydroxymethyl)-3-oxo-, (2S)-	C(C(=O)C(CO)(C(=O)O)O)O	-2.4000001	78069027;71425917;71425918;134692093;134692095	PubChem:(78069027 71425917 71425918 134692093 134692095);CHEBI:(141355 141353)	34
5	1	N/A	-91.4000037380705	C5H8O6	[M - H2O + H]+	KTGAFVGVECOGCK	InChI=1S/C5H8O6/c6-1-5(2-7,3(8)9)4(10)11/h6-7H,1-2H2,(H,8,9)(H,10,11)	2,2-Bis(hydroxymethyl)malonic acid	C(C(CO)(C(=O)O)C(=O)O)O	-2.0	15380875;20159172	PubChem class - safety and toxic;PubChem:(15380875 20159172);PubMed	67108930
6	1	N/A	-102.88617911790656	C5H8O6	[M - H2O + H]+	GBJFSZCDZHSAOP	InChI=1S/C5H8O6/c1-11-5(10)3(7)2(6)4(8)9/h2-3,6-7H,1H3,(H,8,9)	2,3-dihydroxy-4-methoxy-4-oxobutanoate	COC(=O)C(C(C(=O)O)O)O	-1.60000002	413694;15151924;18793712;89127539;92158757;92158758	PubChem:(413694 15151924 18793712 89127539 92158757 92158758);YMDB Mine;ZINC bio:(ZINC01682447 ZINC01682448);EcoCyc Mine;PubChem class - safety and toxic;KEGG Mine	60196659202
7	1	N/A	-113.45083184137212	C5H8O6	[M - H2O + H]+	JSYWDPMQGNEDPG	InChI=1S/C5H8O6/c6-4(7)2-1-3-10-11-5(8)9/h1-3H2,(H,6,7)(H,8,9)	4-carboxyperoxybutanoic acid	C(CC(=O)O)COOC(=O)O	0.100000001	3014245	PubChem:(3014245);NORMAN:(NS00045686)	262146
8	1	N/A	-131.1721550722074	C5H8O6	[M - H2O + H]+	QPIYPWGWBLCOPY	InChI=1S/C5H8O6/c6-1-2(7)5(10)11-3(1)4(8)9/h1-3,5-7,10H,(H,8,9)	(2S,3S,4R)-3,4,5-trihydroxyoxolane-2-carboxylic Acid	C1(C(C(OC1C(=O)O)O)O)O	-1.70000005	12306951;12306948;12306949;12306952;11412568;54240024;55250403;59927089;92176620;92467496;92467497;102308080;125035616;125035617;124536979;130860669;131071731;131096186;131186550	COCONUT:(CNP0279410);Natural Products:(UNPD149812);PubChem:(12306951 12306948 12306949 12306952 11412568 54240024 55250403 59927089 92176620 92467496 92467497 102308080 125035616 125035617 124536979 130860669 131071731 131096186 131186550);SuperNatural:(SN00268586);ZINC bio:(ZINC02508145);EcoCyc Mine;PubMed;KEGG Mine	25772990530
9	1	N/A	-157.03167833535775	C5H8O6	[M - H2O + H]+	ZBBVXGLNRFEQBR	InChI=1S/C5H8O6/c1-10-3(6)5(8,9)4(7)11-2/h8-9H,1-2H3	Propanedioic acid, dihydroxy-, dimethyl ester	COC(=O)C(C(=O)OC)(O)O	-1.20000005	12736413	COCONUT:(CNP0235188);Natural Products:(UNPD15782);PubChem:(12736413);SuperNatural:(SN00318142)	3178498
10	1	N/A	-177.03627656816565	C5H8O6	[M - H2O + H]+	ZEBXBLIKXVICMJ	InChI=1S/C5H8O6/c1-3(11-5(8)9)2-10-4(6)7/h3H,2H2,1H3,(H,6,7)(H,8,9)	1-carboxyoxypropan-2-yl carbonate	CC(COC(=O)O)OC(=O)O	0.600000024	18183689;21865428;87151224;89647138	NORMAN:(NS00041469);PubChem:(18183689 21865428 87151224 89647138);PubMed	262210
11	1	N/A	-185.29112396154338	C5H8O6	[M - H2O + H]+	XBDKENMSFLJFKG	InChI=1S/C5H8O6/c6-1-2(7)4(9)11-5(10)3(1)8/h1-4,6-9H	null	C1(C(C(OC(=O)C1O)O)O)O	-2.5	92043296;101710357;122628481;125121814;125121815;135075644	COCONUT:(CNP0376300);EcoCyc Mine;PubChem:(92043296 101710357 122628481 125121814 125121815 135075644);KEGG Mine	25771900930
1	1	0.19957321107133114	-29.020196820424324	C5H6O5	[M + H]+	OXTNCQMOKLOUAM	InChI=1S/C5H6O5/c6-3(1-4(7)8)2-5(9)10/h1-2H2,(H,7,8)(H,9,10)	3-oxopentanedioate	C(C(=O)CC(=O)O)C(=O)O	-0.699999988	68328;6950210	HMDB:(13701);ZINC bio:(ZINC00388410);Plantcyc:(CPD-9778);PubMed;NORMAN:(NS00002494);COCONUT:(CNP0280291);PubChem:(68328 6950210);CHEBI:(88950);PubChem class - bio and metabolites;PubChem class - safety and toxic;Biocyc:(CPD-9778);KEGG Mine	8676321386
2	1	N/A	-42.89654408349345	C5H6O5	[M + H]+	KPGXRSRHYNQIFN	InChI=1S/C5H6O5/c6-3(5(9)10)1-2-4(7)8/h1-2H2,(H,7,8)(H,9,10)	bmse000064	C(CC(=O)O)C(=O)C(=O)O	-0.899999976	51;164533;5188693;12230915;11528362;11658313;14849157;10374598;10419327;71309423;88056543;87120072;87454198;91971603;91971604;91971780;131801545;134691290	HMDB:(208);PubChem class - food;SuperNatural:(SN00002212 SN00388253);ZINC bio:(ZINC01532519);MeSH:(51 164533 5188693);Plantcyc:(2-KETOGLUTARATE);PubMed;NORMAN:(NS00013803);COCONUT:(CNP0115442 CNP0217859 CNP0391297);KNApSAcK:(769);Natural Products:(UNPD185510);PubChem:(51 164533 5188693 12230915 11528362 11658313 14849157 10374598 10419327 71309423 88056543 87120072 87454198 91971603 91971604 91971780 131801545 134691290);CHEBI:(30916 30915 16810);PubChem class - bio and metabolites;KEGG:(C00026);PubChem class - safety and toxic;YMDB:(153);Biocyc:(NACMUR CPD0-2365 2-KETOGLUTARATE)	221751678
3	1	N/A	-61.89029593841858	C5H6O5	[M + H]+	MAIRDOOJJIGWBJ	InChI=1S/C5H6O5/c1-10-4(7)2-3(6)5(8)9/h2H2,1H3,(H,8,9)	Oxac 4-mees	COC(=O)CC(=O)C(=O)O	-0.300000012	128843;25202714	PubChem:(128843 25202714);YMDB Mine;CHEBI:(57927 16859);EcoCyc Mine;MeSH:(128843);KEGG:(C03716);Training Set;PubMed;Biocyc:(CPD-521)	51539626342
4	1	N/A	-75.28555284859111	C5H6O5	[M + H]+	PHPQIPPBBQUFII	InChI=1S/C5H6O5/c6-2-3(7)1-4(8)5(9)10/h6H,1-2H2,(H,9,10)	5-hydroxy-2,4-dioxovalerate	C(C(=O)CO)C(=O)C(=O)O	-1.10000002	6326997;5462283	EcoCyc Mine;KEGG:(C05406);PubChem:(6326997 5462283);CHEBI:(86001 28679);Biocyc:(5-OH-2-4-DIOXOPENTANOATE)	17179871522
5	1	N/A	-84.76106120351224	C5H6O5	[M + H]+	TXZJKNIRHCEURY	InChI=1S/C5H6O5/c6-3(5(9)10)1-2-4(7)8/h1,6H,2H2,(H,7,8)(H,9,10)	(Z)-2-hydroxypent-2-enedioic acid	C(C=C(C(=O)O)O)C(=O)O	-0.400000006	444591;90657512	PubChem:(444591 90657512);YMDB Mine;PubChem class - bio and metabolites;EcoCyc Mine;Biocyc:(CPD-16852);KEGG Mine	60146321410
6	1	N/A	-94.52571271701284	C5H6O5	[M + H]+	CXJNNMFPXAHDPF	InChI=1S/C5H6O5/c1-2(4(7)8)3(6)5(9)10/h2H,1H3,(H,7,8)(H,9,10)	Methyloxaloacetate	CC(C(=O)C(=O)O)C(=O)O	-0.100000001	440890;4961356;25010773;21396330;25203854;46878458	PubChem:(440890 4961356 25010773 21396330 25203854 46878458);YMDB Mine;CHEBI:(50794 58851 50793 6885);PubChem class - bio and metabolites;EcoCyc Mine;KEGG:(C06030);PubMed;Biocyc:(METHYLOXALO-ACETATE)	51556387170
7	1	N/A	-99.23608408681865	C5H6O5	[M + H]+	QZKCWTOLHHFWCD	InChI=1S/C5H6O5/c6-2-3(7)1-4(8)5(9)10/h2-3,7H,1H2,(H,9,10)	null	C(C(C=O)O)C(=O)C(=O)O	-1.5	118534747;118534805	PubChem:(118534747 118534805);YMDB Mine;KEGG Mine;PubChem class - bio and metabolites	42966450178
8	1	N/A	-100.59079935646899	C5H6O5	[M + H]+	KNLVMPWAIDNOQK	InChI=1S/C5H6O5/c6-3(7)1-5(2-10-5)4(8)9/h1-2H2,(H,6,7)(H,8,9)	Itaconate epoxide	C1C(O1)(CC(=O)O)C(=O)O	-1.20000005	146858;18316814	PubChem:(146858 18316814);YMDB Mine;EcoCyc Mine;MeSH:(146858);PubMed;KEGG Mine	60129542214
9	1	N/A	-109.63425701385655	C5H6O5	[M + H]+	VCYINFNRMDFDMP	InChI=1S/C5H6O5/c6-3-1-5(9,2-10-3)4(7)8/h9H,1-2H2,(H,7,8)	3-hydroxy-5-oxooxolane-3-carboxylic acid	C1C(=O)OCC1(C(=O)O)O	-1.39999998	14778488;14778487;45084685;134819991	COCONUT:(CNP0159921);Natural Products:(UNPD114880);PubChem:(14778488 14778487 45084685 134819991);SuperNatural:(SN00329049);KEGG:(C21632);PubMed;Biocyc:(CPD-21502)	3180866
10	1	N/A	-115.11443351025683	C5H6O5	[M + H]+	AHJCDQGRYVBQQZ	InChI=1S/C5H6O5/c1-10-3(5(8)9)2-4(6)7/h2H,1H3,(H,6,7)(H,8,9)	Methoxymaleic acid	COC(=CC(=O)O)C(=O)O	-0.300000012	191028;5366084;6913632	COCONUT:(CNP0187597);EcoCyc Mine;PubChem:(191028 5366084 6913632);KEGG Mine	25771900930
11	1	N/A	-121.67294384090594	C5H6O5	[M + H]+	PCZHMFPIJDMZDK	InChI=1S/C5H6O5/c6-1-3(8)5(10)4(9)2-7/h1,4,7,9H,2H2	null	C(C(C(=O)C(=O)C=O)O)O	-1.79999995	129662294	MeSH:(129662294);PubChem:(129662294);PubMed	70
12	1	N/A	-123.27150441806324	C5H6O5	[M + H]+	MSRMSILYMSAMRD	InChI=1S/C5H6O5/c6-3(7)1-2-4(10-2)5(8)9/h2,4H,1H2,(H,6,7)(H,8,9)	null	C(C1C(O1)C(=O)O)C(=O)O	-1.0	44246483;55301802;74964710	EcoCyc Mine;PubChem:(44246483 55301802 74964710);KEGG Mine;PubChem class - bio and metabolites	25786580994
13	1	N/A	-128.61186459256166	C5H6O5	[M + H]+	VVOCYQDSDXLBEA	InChI=1S/C5H6O5/c1-9-4(7)3(6)5(8)10-2/h1-2H3	Dimethyl 2-oxomalonate	COC(=O)C(=O)C(=O)OC	-0.269202411	547679	COCONUT:(CNP0423132);Natural Products:(UNPD116831);PubChem:(547679);SuperNatural:(SN00322730);ZINC bio:(ZINC14620055);PubMed	3186754
14	1	N/A	-155.67055775325133	C5H6O5	[M + H]+	ATTQQVFOMDCUEZ	InChI=1S/C5H6O5/c6-2-1-10-5(9)4(8)3(2)7/h4,6-8H,1H2	null	C1C(=C(C(C(=O)O1)O)O)O	-1.39999998	9543500	PubChem:(9543500);KEGG Mine;PubChem class - bio and metabolites	8606711810
15	1	N/A	-197.87714547121598	C5H6O5	[M + H]+	ZZZCUOFIHGPKAK	InChI=1S/C5H6O5/c6-1-2-3(7)4(8)5(9)10-2/h2,6-8H,1H2	Dehydro-D-arabinono-1,4-lactone	C(C1C(=C(C(=O)O1)O)O)O	-0.699999988	54675775;54712606;54730539;117669210	COCONUT:(CNP0083286 CNP0253154);Natural Products:(UNPD11471);PubChem:(54675775 54712606 54730539 117669210);SuperNatural:(SN00329021);CHEBI:(58277 17803);PubChem class - bio and metabolites;KEGG:(C06316);YMDB:(192);Plantcyc:(CPD-1789);Biocyc:(CPD-1789)	20154658