structureRankPerFormula	formulaRank	ConfidenceScore	CSI:FingerIDScore	molecularFormula	adduct	InChIkey2D	InChI	name	smiles	xlogp	pubchemids	links	dbflags
1	1	N/A	-218.58693958920122	C15H16O6	[M + H]+	BWDGXQDVXMUNDT	InChI=1S/C15H16O6/c1-9(16)20-14(10-5-3-2-4-6-10)13(19)15-11(17)7-8-12(18)21-15/h2-8,11,13-15,17,19H,1H3	null	CC(=O)OC(C1=CC=CC=C1)C(C2C(C=CC(=O)O2)O)O	1.0	11055433;10379554;101634226;101634924;100952315	COCONUT:(CNP0108414);Natural Products:(UNPD38247);PubChem:(11055433 10379554 101634226 101634924 100952315);SuperNatural:(SN00248660)	3178498
2	1	N/A	-224.6581173153434	C15H16O6	[M + H]+	HFWPVOMXDCKIDG	InChI=1S/C15H16O6/c1-10(2)14(17)19-8-9-20-15(18)12-6-4-5-7-13(12)21-11(3)16/h4-7H,1,8-9H2,2-3H3	Asa-polymer	CC(=C)C(=O)OCCOC(=O)C1=CC=CC=C1OC(=O)C	2.39451814	44146374	MeSH:(44146374);PubChem:(44146374);PubMed	70
3	1	N/A	-227.6183437458112	C15H16O6	[M + H]+	FYVNMYZFBBYQBG	InChI=1S/C15H16O6/c1-5-13(19-9(2)16)12-6-7-14(20-10(3)17)15(8-12)21-11(4)18/h5-8,13H,1H2,2-4H3	null	CC(=O)OC1=C(C=C(C=C1)C(C=C)OC(=O)C)OC(=O)C	2.0	56941147;101031335;101031336	COCONUT:(CNP0145788);Natural Products:(UNPD223286);PubChem:(56941147 101031335 101031336);PubMed	2129986
4	1	N/A	-252.7974096478905	C15H16O6	[M + H]+	FGDDTLDJQXMYDY	InChI=1S/C15H16O6/c1-19-10-8-11(16)21-14(10)15(20-2)13(18)12(17)9-6-4-3-5-7-9/h3-8,12-13,17-18H,1-2H3	null	COC1=CC(=O)OC1=C(C(C(C2=CC=CC=C2)O)O)OC	1.42386162	""	COCONUT:(CNP0294132);Natural Products:(UNPD163901);SuperNatural:(SN00385214)	3178496
5	1	N/A	-253.3617006125212	C15H16O6	[M + H]+	CAZGVFIGKZCVNB	InChI=1S/C15H16O6/c1-8(16)19-13(9-5-3-2-4-6-9)15-12(18)14-10(20-15)7-11(17)21-14/h2-6,10,12-15,18H,7H2,1H3	[[(2R,3R,3aS,6aS)-3-hydroxy-5-oxo-3,3a,6,6a-tetrahydro-2H-furo[3,2-b]furan-2-yl]-phenylmethyl] acetate	CC(=O)OC(C1C(C2C(O1)CC(=O)O2)O)C3=CC=CC=C3	0.400000006	6324922	COCONUT:(CNP0330347);Natural Products:(UNPD94791);PubChem:(6324922);SuperNatural:(SN00160881)	3178498
6	1	N/A	-258.36335841342935	C15H16O6	[M + H]+	GAIBNVSLQBBBBK	InChI=1S/C15H16O6/c1-6-3-11-13(7(2)14(18)20-11)12-4-8(15(19)21-12)10(17)5-9(6)16/h3-4,9-13,16-17H,2,5H2,1H3	null	CC1=CC2C(C3C=C(C(CC1O)O)C(=O)O3)C(=C)C(=O)O2	0.573565304	""	COCONUT:(CNP0302482);KNApSAcK:(12328);Natural Products:(UNPD58723);SuperNatural:(SN00329535)	3178512
7	1	N/A	-265.1027929340229	C15H16O6	[M + H]+	FZHKGXFTVVEHNP	InChI=1S/C15H16O6/c1-15(2)20-13(16)10(14(17)21-15)7-9-5-6-11(18-3)12(8-9)19-4/h5-8H,1-4H3	Isopropylidene 3,4-dimethoxybenzylidene malonate	CC1(OC(=O)C(=CC2=CC(=C(C=C2)OC)OC)C(=O)O1)C	2.70000005	370314	COCONUT:(CNP0365513);PubChem:(370314);SuperNatural:(SN00117281);PubMed;ZINC bio:(ZINC00119004)	3153986
8	1	N/A	-273.97834204489436	C15H16O6	[M + H]+	ZEVSGZJPWOWMRR	InChI=1S/C15H16O6/c1-6-10-9(20-13(6)17)4-7-3-8(19-14(7)18)5-15(2)12(21-15)11(10)16/h3,8-12,16H,1,4-5H2,2H3	elephantol	CC12CC3C=C(CC4C(C(C1O2)O)C(=C)C(=O)O4)C(=O)O3	0.400000006	15559104;15559105;44444895	COCONUT:(CNP0167272);PubChem:(15559104 15559105 44444895);PubMed	2097218
9	1	N/A	-276.6942554299453	C15H16O6	[M + H]+	UOQXZMNXWXQCJU	InChI=1S/C15H16O6/c1-5-9-7-3-6(14(17)18-7)10-11(20-10)12-15(2,21-12)4-8(9)19-13(5)16/h3,5,7-12H,4H2,1-2H3	Dihydromikanolide	CC1C2C(CC3(C(O3)C4C(O4)C5=CC2OC5=O)C)OC1=O	0.400000006	442200;3471668;9860846;51018730;60002892;60002896;60098935;118701344	COCONUT:(CNP0085943);KNApSAcK:(3251);PubChem:(442200 3471668 9860846 51018730 60002892 60002896 60098935 118701344);CHEBI:(4574);KEGG:(C09397);PubMed	2097522
10	1	N/A	-276.70177420060037	C15H16O6	[M + H]+	HQYSAIKKBLWFBW	InChI=1S/C15H16O6/c1-9(2)14(18)20-8-10(3)21-15(19)12-7-5-4-6-11(12)13(16)17/h4-7,10H,1,8H2,2-3H3,(H,16,17)	Monomethacryloxyisopropyl phthalate	CC(COC(=O)C(=C)C)OC(=O)C1=CC=CC=C1C(=O)O	2.5999999	106661;92287265;92287975	PubChem:(106661 92287265 92287975);NORMAN:(NS00055538)	262146
11	1	N/A	-281.5441956274409	C15H16O6	[M + H]+	DLQZZFILZYWBJV	InChI=1S/C15H16O6/c1-20-14(18)8-7-12(16)9-13(17)10-21-15(19)11-5-3-2-4-6-11/h2-8,13,17H,9-10H2,1H3	6-hydro-7-hydroxymelodienone	COC(=O)C=CC(=O)CC(COC(=O)C1=CC=CC=C1)O	0.899999976	367559;5388652;6438688	COCONUT:(CNP0107165);Natural Products:(UNPD40992);PubChem:(367559 5388652 6438688);SuperNatural:(SN00356605);MeSH:(6438688);PubMed	3178566
12	1	N/A	-283.5877690016903	C15H16O6	[M + H]+	IQEQLGFPEMWZAG	InChI=1S/C15H16O6/c1-6-9-4-7-3-8(19-14(7)18)5-15(2)12(21-15)10(16)11(9)20-13(6)17/h3,8-12,16H,1,4-5H2,2H3	null	CC12CC3C=C(CC4C(C(C1O2)O)OC(=O)C4=C)C(=O)O3	0.543543816	""	COCONUT:(CNP0141305);Natural Products:(UNPD9705);SuperNatural:(SN00300494)	3178496
13	1	N/A	-287.21065744559564	C15H16O6	[M + H]+	LEYGRBGYJYVHJL	InChI=1S/C15H16O6/c1-3-7-11-15(21-13(7)17)5-4-8-9(12(16)18-2)6-19-14(20-11)10(8)15/h4-8,10-11,14H,3H2,1-2H3	null	CCC1C2C3(C=CC4C3C(O2)OC=C4C(=O)OC)OC1=O	1.10000002	57509488;95790358;95790359	COCONUT:(CNP0238039);KNApSAcK:(10737);Natural Products:(UNPD97464 UNPD120169);PubChem:(57509488 95790358 95790359);SuperNatural:(SN00042035 SN00369897 SN00042036);ZINC bio:(ZINC72320480 ZINC72320481);additional;Training Set;KEGG Mine	8593661970
14	1	N/A	-294.176748552242	C15H16O6	[M + H]+	YKHMXOMKQASUTJ	InChI=1S/C15H16O6/c1-18-10-6-13(21-15(17)7-10)11(16)4-9-2-3-12-14(5-9)20-8-19-12/h2-3,5,7,11,13,16H,4,6,8H2,1H3	null	COC1=CC(=O)OC(C1)C(CC2=CC3=C(C=C2)OCO3)O	1.60000002	131836631	HMDB:(131687);PubChem:(131836631);KEGG Mine;PubChem class - bio and metabolites	8606711818
15	1	N/A	-300.4373186661327	C15H16O6	[M + H]+	PBDMLDUYCREDBG	InChI=1S/C15H16O6/c1-18-10-5-11(21-15(17)7-10)6-12(16)9-2-3-13-14(4-9)20-8-19-13/h2-4,7,11-12,16H,5-6,8H2,1H3	null	COC1=CC(=O)OC(C1)CC(C2=CC3=C(C=C2)OCO3)O	1.5	131836633	HMDB:(131689);PubChem:(131836633);KEGG Mine;PubChem class - bio and metabolites	8606711818
16	1	N/A	-303.4242871801568	C15H16O6	[M + H]+	JYSBRIDACCXQRI	InChI=1S/C15H16O6/c1-18-13-7-14(16)21-11(15(13)17)5-3-9-2-4-10-12(6-9)20-8-19-10/h2,4,6-7,11,15,17H,3,5,8H2,1H3	null	COC1=CC(=O)OC(C1O)CCC2=CC3=C(C=C2)OCO3	1.5	131836636	HMDB:(131693);PubChem:(131836636);KEGG Mine;PubChem class - bio and metabolites	8606711818
17	1	N/A	-305.76334466076014	C15H16O6	[M + H]+	CXLBRXPAGBZMJB	InChI=1S/C15H16O6/c1-8-10(7-13(16)20-4)15(17)21-12-6-9(18-2)5-11(19-3)14(8)12/h5-6H,7H2,1-4H3	methyl 2-(5,7-dimethoxy-4-methyl-2-oxochromen-3-yl)acetate	CC1=C(C(=O)OC2=C1C(=CC(=C2)OC)OC)CC(=O)OC	1.60000002	16394690	COCONUT:(CNP0318153);PubChem:(16394690);SuperNatural:(SN00075051);ZINC bio:(ZINC05547244)	3153922
18	1	N/A	-310.6476622177196	C15H16O6	[M + H]+	DDCHAXVNNPMCHJ	InChI=1S/C15H16O6/c1-9(6-14(16)17)12(15(18)19)7-10-4-5-11(20-2)8-13(10)21-3/h4-8H,1-3H3,(H,16,17)(H,18,19)	Ambcb5529242	CC(=CC(=O)O)C(=CC1=C(C=C(C=C1)OC)OC)C(=O)O	2.4000001	1770845;1770846;1770850;1770851;928363;7002169	COCONUT:(CNP0047957 CNP0384888);PubChem:(1770845 1770846 1770850 1770851 928363 7002169);SuperNatural:(SN00074880);ZINC bio:(ZINC05380755)	3153922
19	1	N/A	-311.5658603274449	C15H16O6	[M + H]+	OZSTTZHKWAJYIQ	InChI=1S/C15H16O6/c1-4-18-14(16)13-9(3)20-12-7-6-10(8-11(12)13)21-15(17)19-5-2/h6-8H,4-5H2,1-3H3	3-(ethoxycarbonyl)-2-methylbenzo[b]furan-5-yl ethoxyformate	CCOC(=O)C1=C(OC2=C1C=C(C=C2)OC(=O)OCC)C	3.5	942397	COCONUT:(CNP0078634);PubChem:(942397);SuperNatural:(SN00144075);ZINC bio:(ZINC00539546)	3153922
20	1	N/A	-314.506729804422	C15H16O6	[M + H]+	DMNFHGNGTUJMEM	InChI=1S/C15H16O6/c1-6-12-9-3-7(14(18)19-9)8(16)4-11-15(2,21-11)5-10(12)20-13(6)17/h3,8-12,16H,1,4-5H2,2H3	null	CC12CC3C(C4C=C(C(CC1O2)O)C(=O)O4)C(=C)C(=O)O3	0.200000003	59074466;101673974	COCONUT:(CNP0108160);Natural Products:(UNPD3874);PubChem:(59074466 101673974);SuperNatural:(SN00331315)	3178498
21	1	N/A	-315.34636618900083	C15H16O6	[M + H]+	WZHWRUXUMOFYTA	InChI=1S/C15H16O6/c16-9-3-1-8(2-4-9)13(19)15(21)14(20)11-6-5-10(17)7-12(11)18/h1-7,13-21H	null	C1=CC(=CC=C1C(C(C(C2=C(C=C(C=C2)O)O)O)O)O)O	0.800000012	129834309	COCONUT:(CNP0133123);Natural Products:(UNPD201661 UNPD215220);PubChem:(129834309);KEGG Mine	8592064514
22	1	N/A	-320.4911658245779	C15H16O6	[M + H]+	WESGGMXZQOJGNN	InChI=1S/C15H16O6/c1-8-9-5-12(18-2)13(19-3)7-11(9)21-15(17)10(8)6-14(16)20-4/h5,7H,6H2,1-4H3	methyl 2-(6,7-dimethoxy-4-methyl-2-oxochromen-3-yl)acetate	CC1=C(C(=O)OC2=CC(=C(C=C12)OC)OC)CC(=O)OC	1.60000002	16394687	COCONUT:(CNP0393350);PubChem:(16394687);SuperNatural:(SN00078663);ZINC bio:(ZINC08764796)	3153922
23	1	N/A	-322.9305560487347	C15H16O6	[M + H]+	IPOOVYQKBQYNQY	InChI=1S/C15H16O6/c1-3-8-6-15(21-12(8)16)5-4-9-10(13(17)19-2)7-20-14(18)11(9)15/h4-7,9,11,14,18H,3H2,1-2H3	methyl (1R,4aS,7R,7aS)-4''-ethyl-1-hydroxy-5''-oxospiro[4a,7a-dihydro-1H-cyclopenta[c]pyran-7,2''-furan]-4-carboxylate	CCC1=CC2(C=CC3C2C(OC=C3C(=O)OC)O)OC1=O	1.10000002	5317353;101821041;101821042	COCONUT:(CNP0328518);KNApSAcK:(10735);Natural Products:(UNPD92290);PubChem:(5317353 101821041 101821042);SuperNatural:(SN00158130)	3178514
24	1	N/A	-323.35310404224276	C15H16O6	[M + H]+	SWINBGOFHMHMDE	InChI=1S/C15H16O6/c1-8-9-5-6-11(18-2)14(20-4)13(9)21-15(17)10(8)7-12(16)19-3/h5-6H,7H2,1-4H3	methyl 2-(7,8-dimethoxy-4-methyl-2-oxochromen-3-yl)acetate	CC1=C(C(=O)OC2=C1C=CC(=C2OC)OC)CC(=O)OC	1.60000002	16394684	COCONUT:(CNP0393375);PubChem:(16394684);SuperNatural:(SN00078682);ZINC bio:(ZINC08764818)	3153922
25	1	N/A	-325.590730348371	C15H16O6	[M + H]+	FOTJCHDOHQQDLC	InChI=1S/C15H16O6/c16-9-1-8(2-10(17)4-9)3-11(18)5-13-14(20)6-12(19)7-15(13)21/h1-2,4,6-7,11,16-21H,3,5H2	2-[(2S)-3-(3,5-dihydroxyphenyl)-2-hydroxypropyl]benzene-1,3,5-triol	C1=C(C=C(C=C1O)O)CC(CC2=C(C=C(C=C2O)O)O)O	1.70000005	11808466;73111339	HMDB:(141546);PubChem:(11808466 73111339);PubMed;PubChem class - bio and metabolites	16777290
26	1	N/A	-328.74224479019006	C15H16O6	[M + H]+	NZPKKRUMZLQQEX	InChI=1S/C15H16O6/c1-4-19-13(16)8-20-10-5-6-12-11(7-10)14(9(2)21-12)15(17)18-3/h5-7H,4,8H2,1-3H3	Oprea1_361232	CCOC(=O)COC1=CC2=C(C=C1)OC(=C2C(=O)OC)C	2.79999995	854552	COCONUT:(CNP0122324);PubChem:(854552);SuperNatural:(SN00143937);ZINC bio:(ZINC00407209)	3153922
27	1	N/A	-329.3615300329116	C15H16O6	[M + H]+	BAEKDAGAQLODAO	InChI=1S/C15H16O6/c1-8(16)21-12-4-3-9(5-13(12)18-2)14-10-6-20-15(17)11(10)7-19-14/h3-5,10-11,14H,6-7H2,1-2H3	null	CC(=O)OC1=C(C=C(C=C1)C2C3COC(=O)C3CO2)OC	1.30493319	""	COCONUT:(CNP0127531);Natural Products:(UNPD212334)	2129920
28	1	N/A	-330.8201582118946	C15H16O6	[M + H]+	KVMPPQCVWAUUMU	InChI=1S/C15H16O6/c1-8-13(15(17)19-4)11-7-10(5-6-12(11)21-8)20-9(2)14(16)18-3/h5-7,9H,1-4H3	Oprea1_476173	CC1=C(C2=C(O1)C=CC(=C2)OC(C)C(=O)OC)C(=O)OC	2.9000001	854566;854567;3760905	COCONUT:(CNP0377827);PubChem:(854566 854567 3760905);SuperNatural:(SN00143947 SN00143948);ZINC bio:(ZINC00407224 ZINC00407225)	3153922
29	1	N/A	-338.37049345448713	C15H16O6	[M + H]+	DATAFHMYYHJRSS	InChI=1S/C15H16O6/c1-6-8(3)20-14(18)10(12(6)16)5-11-13(17)7(2)9(4)21-15(11)19/h16-17H,5H2,1-4H3	2-hydroxy-3-[(2-hydroxy-5,6-dimethyl-4-oxopyran-3-yl)methyl]-5,6-dimethylpyran-4-one	CC1=C(OC(=O)C(=C1O)CC2=C(C(=C(OC2=O)C)C)O)C	0.899999976	54697221	COCONUT:(CNP0267088);Natural Products:(UNPD176350);PubChem:(54697221);SuperNatural:(SN00369907)	3178498
30	1	N/A	-341.13038130312253	C15H16O6	[M + H]+	CQTONRDCBOIOBP	InChI=1S/C15H16O6/c1-8(6-16)2-3-10-11(18)5-13-14(15(10)20)12(19)4-9(7-17)21-13/h2,4-5,16-18,20H,3,6-7H2,1H3	Cnidimol D	CC(=CCC1=C(C2=C(C=C1O)OC(=CC2=O)CO)O)CO	1.20000005	70682746	COCONUT:(CNP0148315 CNP0190642);Natural Products:(UNPD170303);PubChem:(70682746);SuperNatural:(SN00158366);PubMed	3178562
31	1	N/A	-342.6309361018518	C15H16O6	[M + H]+	KVSOEASKFKXGLP	InChI=1S/C15H16O6/c1-18-13-7-10(21-15(17)14(13)16)4-2-9-3-5-11-12(6-9)20-8-19-11/h3,5-6,10,16H,2,4,7-8H2,1H3	null	COC1=C(C(=O)OC(C1)CCC2=CC3=C(C=C2)OCO3)O	2.4000001	131836634	HMDB:(131690);PubChem:(131836634);KEGG Mine;PubChem class - bio and metabolites	8606711818
32	1	N/A	-346.3446613476907	C15H16O6	[M + H]+	IMUBQSKBJMYNOH	InChI=1S/C15H16O6/c1-7(2)10(17)4-9-11(18)5-13-14(15(9)20)12(19)3-8(6-16)21-13/h3,5,10,16-18,20H,1,4,6H2,2H3	null	CC(=C)C(CC1=C(C=C2C(=C1O)C(=O)C=C(O2)CO)O)O	1.47750115	""	COCONUT:(CNP0332382);Natural Products:(UNPD97659);SuperNatural:(SN00329661)	3178496
33	1	N/A	-347.972798921794	C15H16O6	[M + H]+	INHMJRSSABGGMD	InChI=1S/C15H16O6/c1-18-13-7-10(21-15(17)14(13)16)4-2-9-3-5-11-12(6-9)20-8-19-11/h3,5-6,10,13H,2,4,7-8H2,1H3	null	COC1CC(OC(=O)C1=O)CCC2=CC3=C(C=C2)OCO3	2.20000005	70258503	HMDB:(131699);PubChem:(70258503);PubChem class - bio and metabolites	16777226
34	1	N/A	-353.21163743159417	C15H16O6	[M + H]+	YLSUOAXNFAMZNP	InChI=1S/C15H16O6/c1-8(6-16)2-3-10-11(18)5-13(20)14-12(19)4-9(7-17)21-15(10)14/h2,4-5,16-18,20H,3,6-7H2,1H3	null	CC(=CCC1=C2C(=C(C=C1O)O)C(=O)C=C(O2)CO)CO	1.20000005	42603811;74817389	COCONUT:(CNP0244028);Natural Products:(UNPD142025);PubChem:(42603811 74817389);SuperNatural:(SN00241362);PubMed	3178562
35	1	N/A	-353.9019625032418	C15H16O6	[M + H]+	OFUFTNROAPAIQL	InChI=1S/C15H16O6/c16-9(3-8-1-2-12(18)15(21)4-8)5-11-13(19)6-10(17)7-14(11)20/h1-2,4,6-7,9,16-21H,3,5H2	ACMC-20mebh	C1=CC(=C(C=C1CC(CC2=C(C=C(C=C2O)O)O)O)O)O	1.70000005	10661294;21722175;71352575	COCONUT:(CNP0096380);HMDB:(127722);PubChem:(10661294 21722175 71352575);PubMed;PubChem class - bio and metabolites	18874442
36	1	N/A	-354.82560027223997	C15H16O6	[M + H]+	SEKLSZWTQZMVCZ	InChI=1S/C15H16O6/c16-9-3-1-2-8(4-9)5-10(17)6-11-12(18)7-13(19)15(21)14(11)20/h1-4,7,10,16-21H,5-6H2	null	C1=CC(=CC(=C1)O)CC(CC2=C(C(=C(C=C2O)O)O)O)O	1.70000005	131834531	HMDB:(128181);PubChem:(131834531);PubChem class - bio and metabolites	16777226
37	1	N/A	-356.9944176427834	C15H16O6	[M + H]+	FTVOVRKLNSFKCJ	InChI=1S/C15H16O6/c1-18-11-5-10(21-15(17)6-11)3-2-9-4-13-14(7-12(9)16)20-8-19-13/h4,6-7,10,16H,2-3,5,8H2,1H3	null	COC1=CC(=O)OC(C1)CCC2=CC3=C(C=C2O)OCO3	2.20000005	131836632	HMDB:(131688);PubChem:(131836632);KEGG Mine;PubChem class - bio and metabolites	8606711818
38	1	N/A	-357.30718627302014	C15H16O6	[M + H]+	RCPOYMZTZWMPSU	InChI=1S/C15H16O6/c1-3-11(16-5-1)13-18-7-15(8-19-13)9-20-14(21-10-15)12-4-2-6-17-12/h1-6,13-14H,7-10H2	3,9-Di-2-furyl-2,4,8,10-tetraoxaspiro(5.5)undecane	C1C2(COC(O1)C3=CC=CO3)COC(OC2)C4=CC=CO4	0.800000012	78793	NORMAN:(NS00044670);Training Set;PubChem:(78793);PubMed	278594
39	1	N/A	-361.7113355359175	C15H16O6	[M + H]+	JKGPIIYRQILSOT	InChI=1S/C15H16O6/c1-17-15-7-10(20-14(16)13(15)21-15)4-2-9-3-5-11-12(6-9)19-8-18-11/h3,5-6,10,13H,2,4,7-8H2,1H3	null	COC12CC(OC(=O)C1O2)CCC3=CC4=C(C=C3)OCO4	2.0	131836635	HMDB:(131692);PubChem:(131836635);KEGG Mine;PubChem class - bio and metabolites	8606711818
40	1	N/A	-367.21226713905304	C15H16O6	[M + H]+	VGJUBXWXZMFDHR	InChI=1S/C15H16O6/c1-8-4-5-12(20-8)10(7-13(17)19-3)15-14(18)11(16)6-9(2)21-15/h4-6,10,18H,7H2,1-3H3	null	CC1=CC=C(O1)C(CC(=O)OC)C2=C(C(=O)C=C(O2)C)O	1.39999998	71826302;97424857;97424858	PubChem:(71826302 97424857 97424858);COCONUT:(CNP0310040)	2097154
41	1	N/A	-368.1313839700785	C15H16O6	[M + H]+	VPKUUBYJGBDZJP	InChI=1S/C15H16O6/c1-9-14(15(17)19-7-6-18-3)12-8-11(21-10(2)16)4-5-13(12)20-9/h4-5,8H,6-7H2,1-3H3	2-methoxyethyl 5-acetoxy-2-methylbenzofuran-3-carboxylate	CC1=C(C2=C(O1)C=CC(=C2)OC(=O)C)C(=O)OCCOC	2.20000005	1781044	COCONUT:(CNP0134940);PubChem:(1781044);SuperNatural:(SN00059585);ZINC bio:(ZINC02126416)	3153922
42	1	N/A	-370.26719749438575	C15H16O6	[M + H]+	WQRJQQRKICTEAK	InChI=1S/C15H16O6/c1-13(2)5-14-8(10(13)16)3-7(11(17)18)9(14)4-20-12(19)15(14)6-21-15/h3,8-9H,4-6H2,1-2H3,(H,17,18)	Pentalenolactone G	CC1(CC23C(COC(=O)C24CO4)C(=CC3C1=O)C(=O)O)C	0.200000003	3085354;10424410;101600003;137322818;137322819	COCONUT:(CNP0264813);KNApSAcK:(21804);Natural Products:(UNPD139565);PubChem:(3085354 10424410 101600003 137322818 137322819);SuperNatural:(SN00238950);MeSH:(3085354 101600003);PubMed	3178582
43	1	N/A	-371.0839672164791	C15H16O6	[M + H]+	FRRGONQXBOKHJF	InChI=1S/C15H16O6/c1-18-9-4-10(19-2)6-12(5-9)21-15-13(16)7-11(20-3)8-14(15)17/h4-8,16-17H,1-3H3	null	COC1=CC(=CC(=C1)OC2=C(C=C(C=C2O)OC)O)OC	2.70000005	86127757	COCONUT:(CNP0310372);Natural Products:(UNPD68233);PubChem:(86127757)	2129922
44	1	N/A	-383.50994183579957	C15H16O6	[M + H]+	ARGFDNOGKMHRLJ	InChI=1S/C15H16O6/c1-8(2)20-15(18)14-9(3)21-12-5-4-10(6-11(12)14)19-7-13(16)17/h4-6,8H,7H2,1-3H3,(H,16,17)	Oprea1_594165	CC1=C(C2=C(O1)C=CC(=C2)OCC(=O)O)C(=O)OC(C)C	2.9000001	854515;4745163	COCONUT:(CNP0051315 CNP0219539);PubChem:(854515 4745163);SuperNatural:(SN00045275);ZINC bio:(ZINC00407135)	3153922
45	1	N/A	-385.0571528103256	C15H16O6	[M + H]+	OCGYLDMOMJPICI	InChI=1S/C15H16O6/c1-6-5-15-10(7(2)13(17)21-15)12-11(16)8(14(18)19-12)3-4-9(6)20-15/h5,8-9,11-12,16H,3-4H2,1-2H3	null	CC1=CC23C(=C(C(=O)O2)C)C4C(C(CCC1O3)C(=O)O4)O	0.794361889	""	COCONUT:(CNP0329757);Natural Products:(UNPD72496);SuperNatural:(SN00311201)	3178496
46	1	N/A	-389.4368303669446	C15H16O6	[M + H]+	PDEZBWNPGGTKAV	InChI=1S/C15H16O6/c1-7(2)10(17)4-9-11(18)5-13-14(15(9)20)12(19)3-8(6-16)21-13/h3,5,7,16,18,20H,4,6H2,1-2H3	null	CC(C)C(=O)CC1=C(C2=C(C=C1O)OC(=CC2=O)CO)O	1.4970119	""	COCONUT:(CNP0056132);SuperNatural:(SN00163298)	3145728
47	1	N/A	-391.61324189801604	C15H16O6	[M + H]+	YDBWBYJTRCBFKN	InChI=1S/C15H16O6/c1-7(2)10(17)4-9-11(18)5-13-14(15(9)20)12(19)3-8(6-16)21-13/h3,5,16-18,20H,4,6H2,1-2H3	null	CC(=C(CC1=C(C2=C(C=C1O)OC(=CC2=O)CO)O)O)C	1.88111961	""	COCONUT:(CNP0134143 CNP0207038)	2097152
48	1	N/A	-392.47484579987946	C15H16O6	[M + H]+	HKBMKYVWVUSDSV	InChI=1S/C15H16O6/c1-8(16)5-12-9(2)11-4-3-10(20-7-14(17)18)6-13(11)21-15(12)19/h3-4,6,8,16H,5,7H2,1-2H3,(H,17,18)	Oprea1_064471	CC1=C(C(=O)OC2=C1C=CC(=C2)OCC(=O)O)CC(C)O	1.39999998	907064;907065;4358917;6953905;6953906	COCONUT:(CNP0287453 CNP0373988);PubChem:(907064 907065 4358917 6953905 6953906);SuperNatural:(SN00046257 SN00046258);ZINC bio:(ZINC00488946 ZINC00488947)	3153922
49	1	N/A	-394.16226924897404	C15H16O6	[M + H]+	ISJHMKZFJYFJDJ	InChI=1S/C15H16O6/c1-6-3-10(17)13(18)14-11(6)8-4-7(20-2)5-9(16)12(8)15(19)21-14/h4-5,10,13-14,16-18H,3H2,1-2H3	null	CC1=C2C(C(C(C1)O)O)OC(=O)C3=C2C=C(C=C3O)OC	0.600000024	44126666;44127297	COCONUT:(CNP0322873);Natural Products:(UNPD121530);PubChem:(44126666 44127297);SuperNatural:(SN00389029)	3178498
50	1	N/A	-397.97192672093377	C15H16O6	[M + H]+	FZKKQTRXBJBDQQ	InChI=1S/C15H16O6/c1-12-3-7(16)13(2)14(5-19-14)9-10(20-9)15(13,21-12)8-6(12)4-18-11(8)17/h6,8-10H,3-5H2,1-2H3	null	CC12CC(=O)C3(C4(CO4)C5C(C3(O1)C6C2COC6=O)O5)C	-1.20000005	11150489;101734319	MeSH:(101734319);PubChem:(11150489 101734319);PubMed	70
51	1	N/A	-401.38375158248385	C15H16O6	[M + H]+	NPKYNQPMKHIDCY	InChI=1S/C15H16O6/c1-3-4-6-15(2)7-5-9(21-15)12-13(18)10(8-11(16)17)20-14(12)19/h5,7-8H,3-4,6H2,1-2H3,(H,16,17)	Italicic acid	CCCCC1(C=CC(=C2C(=O)C(=CC(=O)O)OC2=O)O1)C	2.29999995	367424;5388581;20831359	COCONUT:(CNP0194458);Natural Products:(UNPD15088);PubChem:(367424 5388581 20831359);SuperNatural:(SN00402644)	3178498
52	1	N/A	-402.94243375308696	C15H16O6	[M + H]+	TVDZWFVHDNZOKZ	InChI=1S/C15H16O6/c1-8(7-16)3-4-9-10-5-6-11(17)21-15(10)13(19)12(18)14(9)20-2/h3,5-6,16,18-19H,4,7H2,1-2H3	null	CC(=CCC1=C2C=CC(=O)OC2=C(C(=C1OC)O)O)CO	1.99375212	""	COCONUT:(CNP0114101);Natural Products:(UNPD26520);SuperNatural:(SN00335157)	3178496
53	1	N/A	-405.0508507191524	C15H16O6	[M + H]+	BENYSFUEUNYGAX	InChI=1S/C15H16O6/c1-5-7-4-8-14(3,18)11-12(21-11)15(8,19)9(6(2)16)10(7)20-13(5)17/h4,9-12,18-19H,1-3H3	null	CC1=C2C=C3C(C4C(C3(C(C2OC1=O)C(=O)C)O)O4)(C)O	-0.980537295	""	COCONUT:(CNP0005143)	2097152
54	1	N/A	-413.6739799197425	C15H16O6	[M + H]+	NIOSIBPWCOGLJI	InChI=1S/C15H16O6/c1-4-19-15(18)13-8(2)21-12-6-5-10(7-11(12)13)20-9(3)14(16)17/h5-7,9H,4H2,1-3H3,(H,16,17)	Oprea1_743868	CCOC(=O)C1=C(OC2=C1C=C(C=C2)OC(C)C(=O)O)C	2.9000001	854523;854524;3817282;4745165;6951567;6951568	COCONUT:(CNP0293817);PubChem:(854523 854524 3817282 4745165 6951567 6951568);SuperNatural:(SN00143929 SN00143930);ZINC bio:(ZINC00407143 ZINC00407144)	3153922
55	1	N/A	-414.1640793179216	C15H16O6	[M + H]+	FXFPLTCOPWJSPH	InChI=1S/C15H16O6/c1-15(2)14(18)11(17)10-12-7(4-5-9(16)20-12)6-8(19-3)13(10)21-15/h4-6,11,14,17-18H,1-3H3	null	CC1(C(C(C2=C3C(=CC(=C2O1)OC)C=CC(=O)O3)O)O)C	0.800000012	101707506	COCONUT:(CNP0255942);Natural Products:(UNPD122117);PubChem:(101707506);SuperNatural:(SN00345972)	3178498
56	1	N/A	-414.31121504180715	C15H16O6	[M + H]+	ROAAEUSPGMZMOV	InChI=1S/C15H16O6/c1-19-10-7-12(20-2)15-11(16)6-9(21-13(15)8-10)4-3-5-14(17)18/h6-8H,3-5H2,1-2H3,(H,17,18)	null	COC1=CC2=C(C(=C1)OC)C(=O)C=C(O2)CCCC(=O)O	1.60000002	139587055	PubChem:(139587055);COCONUT:(CNP0296591)	2097154
57	1	N/A	-415.2907429478056	C15H16O6	[M + H]+	QOWBQEQASKWPPM	InChI=1S/C15H16O6/c1-7(16)11(8(2)17)13-9-5-6-10(19-3)14(20-4)12(9)15(18)21-13/h5-6,11,13H,1-4H3	3-(4,5-dimethoxy-3-oxohydroisobenzofuranyl)pentane-2,4-dione	CC(=O)C(C1C2=C(C(=C(C=C2)OC)OC)C(=O)O1)C(=O)C	0.899999976	1123683;1123684;2863948	COCONUT:(CNP0095449);Training Set;PubChem:(1123683 1123684 2863948)	2113538
58	1	N/A	-418.15653706967254	C15H16O6	[M + H]+	MMHTXEATDNFMMY	InChI=1S/C15H16O6/c1-15-6-12(18)10(16)5-9(15)8-3-7(20-2)4-11(17)13(8)14(19)21-15/h3-5,10,12,16-18H,6H2,1-2H3	Altenuene	CC12CC(C(C=C1C3=C(C(=CC(=C3)OC)O)C(=O)O2)O)O	0.699999988	34687;600784;180444;11645000;44575247;92465877;92465878;92465879;135020492	SuperNatural:(SN00011224 SN00400755);ZINC bio:(ZINC04533847 ZINC13312093 ZINC14417437);additional;MeSH:(34687);PubMed;COCONUT:(CNP0141198);KNApSAcK:(38416);Natural Products:(UNPD145242 UNPD135847 UNPD220127 UNPD40023 UNPD43672);PubChem:(34687 600784 180444 11645000 44575247 92465877 92465878 92465879 135020492);CHEBI:(144317);PubChem class - safety and toxic;Training Set	70836342
59	1	N/A	-419.08301641805735	C15H16O6	[M + H]+	PGNZZMHLFVIKEG	InChI=1S/C15H16O6/c1-7(15(18)19)4-9-11(20-3)6-12-13(14(9)17)10(16)5-8(2)21-12/h5-7,17H,4H2,1-3H3,(H,18,19)	null	CC1=CC(=O)C2=C(C(=C(C=C2O1)OC)CC(C)C(=O)O)O	2.4000001	11022682	COCONUT:(CNP0160856);KNApSAcK:(31674);Natural Products:(UNPD64812 UNPD171592);PubChem:(11022682);SuperNatural:(SN00292720 SN00228576)	3178514
60	1	N/A	-419.60412742556014	C15H16O6	[M + H]+	PQNNMOPFCAZSEC	InChI=1S/C15H16O6/c16-8-1-3-15(20,4-2-8)10-7-21-12-6-9(17)5-11(18)13(12)14(10)19/h5-8,16-18,20H,1-4H2	null	C1CC(CCC1O)(C2=COC3=CC(=CC(=C3C2=O)O)O)O	1.0	46879795	COCONUT:(CNP0201577);Natural Products:(UNPD160846);PubChem:(46879795);SuperNatural:(SN00356881);PubMed	3178562
61	1	N/A	-420.7420481271441	C15H16O6	[M + H]+	VASODPIYHNBDJM	InChI=1S/C15H16O6/c1-7(2)11(17)12(18)9-6-8-4-5-10(16)21-14(8)13(19)15(9)20-3/h4-6,11-12,17-19H,1H2,2-3H3	null	CC(=C)C(C(C1=C(C(=C2C(=C1)C=CC(=O)O2)O)OC)O)O	1.29999995	49831606;49831607	COCONUT:(CNP0300831);Natural Products:(UNPD5689 UNPD91561);PubChem:(49831606 49831607);SuperNatural:(SN00363006 SN00307217)	3178498
62	1	N/A	-425.5993830865289	C15H16O6	[M + H]+	FRRJJPVFCFYMPN	InChI=1S/C15H16O6/c1-7(16)3-10(17)6-11-4-9-5-12(18)8(2)14(19)13(9)15(20)21-11/h4-5,7,16,18-19H,3,6H2,1-2H3	null	CC1=C(C=C2C=C(OC(=O)C2=C1O)CC(=O)CC(C)O)O	1.39999998	101564887	PubChem:(101564887);COCONUT:(CNP0353956)	2097154
63	1	N/A	-428.61884818458753	C15H16O6	[M + H]+	PSGAVROSGDHSNP	InChI=1S/C15H16O6/c1-7-3-9(17)13-11(20-7)5-10-8(14(13)18)4-12(21-10)15(2,19)6-16/h3,5,12,16,18-19H,4,6H2,1-2H3	2-(1,2-dihydroxypropan-2-yl)-4-hydroxy-7-methyl-2,3-dihydrofuro[3,2-g]chromen-5-one	CC1=CC(=O)C2=C(C3=C(C=C2O1)OC(C3)C(C)(CO)O)O	1.10000002	21603473	COCONUT:(CNP0093790 CNP0181620);KNApSAcK:(47028);Natural Products:(UNPD42734);PubChem:(21603473);SuperNatural:(SN00277887 SN00158365);KEGG Mine	8593113106
64	1	N/A	-434.0360193189401	C15H16O6	[M + H]+	YVGREWMREWDOGD	InChI=1S/C15H16O6/c1-8(14(16)17)4-5-20-12-6-10-11(7-21-15(10)18)13(19-3)9(12)2/h4,6H,5,7H2,1-3H3,(H,16,17)	null	CC1=C(C=C2C(=C1OC)COC2=O)OCC=C(C)C(=O)O	1.79999995	102107332	COCONUT:(CNP0130378);Natural Products:(UNPD206705);PubChem:(102107332)	2129922
65	1	N/A	-434.8002790903757	C15H16O6	[M + H]+	PEYPUBOSLQYNEP	InChI=1S/C15H16O6/c1-6-4-9(7(2)16)14(19)10(12(6)17)5-11-13(18)8(3)21-15(11)20/h4,8,11,17,19H,5H2,1-3H3	null	CC1C(=O)C(C(=O)O1)CC2=C(C(=CC(=C2O)C(=O)C)C)O	2.0999999	75801750	COCONUT:(CNP0040118);PubChem:(75801750);SuperNatural:(SN00028382);ZINC bio:(ZINC31154995)	3153922
66	1	N/A	-435.43776886433113	C15H16O6	[M + H]+	GDNDWFIQOXRVDM	InChI=1S/C15H16O6/c16-8-1-3-15(20,4-2-8)13-7-11(19)14-10(18)5-9(17)6-12(14)21-13/h5-8,16-18,20H,1-4H2	2-(1,4-dihydroxycyclohexyl)-5,7-dihydroxychromen-4-one	C1CC(CCC1O)(C2=CC(=O)C3=C(C=C(C=C3O2)O)O)O	1.3876282	21721893	COCONUT:(CNP0324084);Natural Products:(UNPD79504);PubChem:(21721893);SuperNatural:(SN00378641)	3178498
67	1	N/A	-436.35318048480883	C15H16O6	[M + H]+	RRUHFAXVNXSPNG	InChI=1S/C15H16O6/c1-15(2)14(18)12(17)11-9(21-15)6-8(19-3)7-4-5-10(16)20-13(7)11/h4-6,12,14,17-18H,1-3H3	(9S,10R)-9,10-dihydroxy-5-methoxy-8,8-dimethyl-9,10-dihydropyrano[2,3-f]chromen-2-one	CC1(C(C(C2=C3C(=C(C=C2O1)OC)C=CC(=O)O3)O)O)C	0.800000012	14213970;14213971;14213972;21574272	COCONUT:(CNP0225103);HMDB:(39030);KNApSAcK:(19881);Natural Products:(UNPD197177 UNPD35429 UNPD4481);PubChem:(14213970 14213971 14213972 21574272);SuperNatural:(SN00323270 SN00364920 SN00285193);PubChem class - bio and metabolites;PubMed	19955802
68	1	N/A	-436.4964968838705	C15H16O6	[M + H]+	YLIUZRWENFNXMA	InChI=1S/C15H16O6/c1-6-4-9(7(2)16)14(19)10(12(6)17)5-11-13(18)8(3)21-15(11)20/h4,8,17-19H,5H2,1-3H3	null	CC1C(=C(C(=O)O1)CC2=C(C(=CC(=C2O)C(=O)C)C)O)O	1.79999995	54749168;98049908;98049909	COCONUT:(CNP0387533);Training Set;PubChem:(54749168 98049908 98049909);additional	2637826
69	1	N/A	-436.5446126499498	C15H16O6	[M + H]+	TUYFUMXDSWMYDL	InChI=1S/C15H16O6/c1-9(8-16)5-6-20-15-11(19-2)7-10-3-4-12(17)21-14(10)13(15)18/h3-5,7,16,18H,6,8H2,1-2H3	8-hydroxy-7-(4-hydroxy-3-methylbut-2-enoxy)-6-methoxychromen-2-one	CC(=CCOC1=C(C=C2C=CC(=O)OC2=C1O)OC)CO	1.70000005	3814441;5930167;7097222	COCONUT:(CNP0116548);Natural Products:(UNPD22993 UNPD4604);PubChem:(3814441 5930167 7097222);SuperNatural:(SN00366724 SN00227711);ZINC bio:(ZINC04551770)	3186690
70	1	N/A	-439.2983951746611	C15H16O6	[M + H]+	VURALEHVRKDLAR	InChI=1S/C15H16O6/c1-14(2)20-12(17)15(13(18)21-14)6-5-9(16)8-10(15)11-4-3-7-19-11/h3-4,7,10H,5-6,8H2,1-2H3	3,3-Dimethyl-7-(2-furanyl)-2,4-dioxaspiro(5.5)undecane-1,5,9-trione	CC1(OC(=O)C2(CCC(=O)CC2C3=CC=CO3)C(=O)O1)C	1.10000002	3076260	PubChem:(3076260);PubChem class - safety and toxic	67108866
71	1	N/A	-440.74351232541295	C15H16O6	[M + H]+	CIYCRWXVDIOYTL	InChI=1S/C15H16O6/c1-8(2)4-5-20-12-7-10-9(6-11(12)19-3)13(16)14(17)15(18)21-10/h4,6-7,16-17H,5H2,1-3H3	null	CC(=CCOC1=C(C=C2C(=C1)OC(=O)C(=C2O)O)OC)C	2.3698287	""	COCONUT:(CNP0132501);Natural Products:(UNPD41009)	2129920
72	1	N/A	-442.9334498020735	C15H16O6	[M + H]+	GDZQTNCQPLCNHG	InChI=1S/C15H16O6/c1-7(14(17)18)4-5-20-13-8(2)10-6-21-15(19)11(10)12(16)9(13)3/h4,16H,5-6H2,1-3H3,(H,17,18)	null	CC1=C2COC(=O)C2=C(C(=C1OCC=C(C)C(=O)O)C)O	2.4000001	25098880	COCONUT:(CNP0356288);Natural Products:(UNPD48892);PubChem:(25098880)	2129922
73	1	N/A	-444.0311307454872	C15H16O6	[M + H]+	NSVIYXGOHRVGIX	InChI=1S/C15H16O6/c1-8-9-4-6-11(19-2)14(20-3)13(9)21-15(18)10(8)5-7-12(16)17/h4,6H,5,7H2,1-3H3,(H,16,17)	3-(7,8-dimethoxy-4-methyl-2-oxochromen-3-yl)propanoic acid	CC1=C(C(=O)OC2=C1C=CC(=C2OC)OC)CCC(=O)O	1.5	42506555	COCONUT:(CNP0030042 CNP0394754);PubChem:(42506555);SuperNatural:(SN00084948);ZINC bio:(ZINC12296323)	3153922
74	1	N/A	-444.1737803137448	C15H16O6	[M + H]+	HVGQWHMSVYODLJ	InChI=1S/C15H16O6/c1-15(2)12(18)4-8-10(21-15)5-11-13(14(8)19)9(17)3-7(6-16)20-11/h3,5,12,16,18-19H,4,6H2,1-2H3	null	CC1(C(CC2=C(O1)C=C3C(=C2O)C(=O)C=C(O3)CO)O)C	0.899999976	102447396	COCONUT:(CNP0289900 CNP0420302);Natural Products:(UNPD12363 UNPD204743);PubChem:(102447396);SuperNatural:(SN00159576 SN00380009);KEGG Mine	8593113090
75	1	N/A	-451.11427416657045	C15H16O6	[M + H]+	NBGLTUMCBPGOJY	InChI=1S/C15H16O6/c1-15(18,7-16)11-6-9-13-8(3-4-12(17)21-13)5-10(19-2)14(9)20-11/h3-5,11,16,18H,6-7H2,1-2H3	(8R)-8-(1,2-dihydroxypropan-2-yl)-6-methoxy-8,9-dihydrofuro[2,3-h]chromen-2-one	CC(CO)(C1CC2=C3C(=CC(=C2O1)OC)C=CC(=O)O3)O	0.800000012	11522140	COCONUT:(CNP0185680);Natural Products:(UNPD60685);PubChem:(11522140);SuperNatural:(SN00320517)	3178498
76	1	N/A	-451.7188627775075	C15H16O6	[M + H]+	KOGIETXRGNNQCS	InChI=1S/C15H16O6/c1-8(16)3-10(17)6-12-5-9-4-11(20-2)7-13(18)14(9)15(19)21-12/h4-5,7,10,17-18H,3,6H2,1-2H3	null	CC(=O)CC(CC1=CC2=CC(=CC(=C2C(=O)O1)O)OC)O	1.39999998	45359353;101036342	COCONUT:(CNP0167022);Natural Products:(UNPD130277);PubChem:(45359353 101036342);SuperNatural:(SN00381196)	3178498
77	1	N/A	-454.2408384392128	C15H16O6	[M + H]+	WZJQHBPPISFUSP	InChI=1S/C15H16O6/c1-15(2)14(18)12(17)11-9(21-15)6-8-7(13(11)19-3)4-5-10(16)20-8/h4-6,12,14,17-18H,1-3H3	null	CC1(C(C(C2=C(O1)C=C3C(=C2OC)C=CC(=O)O3)O)O)C	1.45171094	""	COCONUT:(CNP0302169);KNApSAcK:(19953);Natural Products:(UNPD73013 UNPD58370);SuperNatural:(SN00331487)	3178512
78	1	N/A	-455.30989477870037	C15H16O6	[M + H]+	JVTVPOJQBZOSIC	InChI=1S/C15H16O6/c1-15-9(6-13(17)21-15)14-12(20-15)5-8-10(16)3-7(18-2)4-11(8)19-14/h3-4,9,12,14,16H,5-6H2,1-2H3	null	CC12C(CC(=O)O1)C3C(O2)CC4=C(C=C(C=C4O3)OC)O	1.5	11572879	COCONUT:(CNP0262624);Natural Products:(UNPD22020);PubChem:(11572879);SuperNatural:(SN00238460)	3178498
79	1	N/A	-457.59143384929024	C15H16O6	[M + H]+	AGIUSVPKVSEGGD	InChI=1S/C15H16O6/c1-15(2,19)9-6-20-10-4-7-3-8(5-16)21-14(18)11(7)13(17)12(9)10/h3-4,9,16-17,19H,5-6H2,1-2H3	null	CC(C)(C1COC2=C1C(=C3C(=C2)C=C(OC3=O)CO)O)O	1.27679777	""	COCONUT:(CNP0306598);Natural Products:(UNPD63862);SuperNatural:(SN00258529)	3178496
80	1	N/A	-462.1894096844092	C15H16O6	[M + H]+	JHCCCGDYBWNZBF	InChI=1S/C15H16O6/c1-17-9-4-5-11-12(6-9)20-14-8-10(18-2)7-13(16)15(14,19-3)21-11/h4-7,14H,8H2,1-3H3	null	COC1=CC(=O)C2(C(C1)OC3=C(O2)C=CC(=C3)OC)OC	1.75948358	""	COCONUT:(CNP0129835);Natural Products:(UNPD86681);SuperNatural:(SN00350183)	3178496
81	1	N/A	-463.5253678581804	C15H16O6	[M + H]+	XMMWCOYSUBFDCF	InChI=1S/C15H16O6/c1-7-3-8(2)13(19)10(4-7)14(20)15-9(5-11(16)17)6-12(18)21-15/h3-4,9,15,19H,5-6H2,1-2H3,(H,16,17)	2-[2-(2-hydroxy-3,5-dimethylbenzoyl)-5-oxooxolan-3-yl]acetic acid	CC1=CC(=C(C(=C1)C(=O)C2C(CC(=O)O2)CC(=O)O)O)C	1.89999998	11471869;44550888;44551889;44551978;44552056	COCONUT:(CNP0251420);MeSH:(11471869);PubChem:(11471869 44550888 44551889 44551978 44552056);PubMed	2097222
82	1	N/A	-464.353022671218	C15H16O6	[M + H]+	FHCHSXPHLRBEBR	InChI=1S/C15H16O6/c1-15(2,19)12-4-8-10(21-12)5-11-13(14(8)18)9(17)3-7(6-16)20-11/h3,5,12,16,18-19H,4,6H2,1-2H3	norcimifugin	CC(C)(C1CC2=C(O1)C=C3C(=C2O)C(=O)C=C(O3)CO)O	0.899999976	11022681;46240156	COCONUT:(CNP0278343);HMDB:(30120);Natural Products:(UNPD159837 UNPD14890);PubChem:(11022681 46240156);SuperNatural:(SN00401387 SN00303432);PubChem class - bio and metabolites;PubMed;KEGG Mine	8609890378
83	1	N/A	-468.4033521095635	C15H16O6	[M + H]+	UTMLPTPULBHGMZ	InChI=1S/C15H16O6/c1-15(12-2-3-13(19)20-12)6-10(18)14-9(17)4-8(7-16)5-11(14)21-15/h4-5,12,16-17H,2-3,6-7H2,1H3	Lachnone C	CC1(CC(=O)C2=C(C=C(C=C2O1)CO)O)C3CCC(=O)O3	1.0	11536624;38358154;38358160;38358165;45359348	COCONUT:(CNP0246018);Natural Products:(UNPD164848);PubChem:(11536624 38358154 38358160 38358165 45359348);SuperNatural:(SN00029625 SN00029624 SN00029623 SN00029622);ZINC bio:(ZINC31164699 ZINC31164702 ZINC31164706 ZINC31164710);additional;MeSH:(11536624);Training Set;PubMed	3727430
84	1	N/A	-469.2954718096551	C15H16O6	[M + H]+	MHTLDLPKHVNQKS	InChI=1S/C15H16O6/c1-15(18,14(17)19-2)7-8-20-11-5-3-10-4-6-13(16)21-12(10)9-11/h3-6,9,18H,7-8H2,1-2H3	null	CC(CCOC1=CC2=C(C=C1)C=CC(=O)O2)(C(=O)OC)O	1.70000005	15489510	COCONUT:(CNP0169508);Natural Products:(UNPD128090);PubChem:(15489510);SuperNatural:(SN00292636)	3178498
85	1	N/A	-470.59640293806	C15H16O6	[M + H]+	XDRUFHUJZQRZBE	InChI=1S/C15H16O6/c1-15(2,17)10-7-19-14-12-8(4-5-11(16)21-12)6-9(18-3)13(14)20-10/h4-6,10,17H,7H2,1-3H3	null	CC(C)(C1COC2=C3C(=CC(=C2O1)OC)C=CC(=O)O3)O	1.60000002	9839001	COCONUT:(CNP0210534);Natural Products:(UNPD127772);PubChem:(9839001);SuperNatural:(SN00319517)	3178498
86	1	N/A	-470.59640293806	C15H16O6	[M + H]+	MZKOYZNRGQIMIE	InChI=1S/C15H16O6/c1-15(2,17)10-7-19-13-9(18-3)6-8-4-5-11(16)21-12(8)14(13)20-10/h4-6,10,17H,7H2,1-3H3	2-(2-hydroxypropan-2-yl)-5-methoxy-2,3-dihydropyrano[3,2-h][1,4]benzodioxin-9-one	CC(C)(C1COC2=C(C=C3C=CC(=O)OC3=C2O1)OC)O	1.60000002	11507587	COCONUT:(CNP0340662);KNApSAcK:(20018);Natural Products:(UNPD93050);PubChem:(11507587);SuperNatural:(SN00388409)	3178514
87	1	N/A	-475.70470486267493	C15H16O6	[M + H]+	ANMZUQFDFDGVSQ	InChI=1S/C15H16O6/c1-15(2,17)10-7-19-13-9(20-10)6-8-4-5-11(16)21-12(8)14(13)18-3/h4-6,10,17H,7H2,1-3H3	2-(2-hydroxypropan-2-yl)-5-methoxy-2,3-dihydropyrano[2,3-g][1,4]benzodioxin-7-one	CC(C)(C1COC2=C(O1)C=C3C=CC(=O)OC3=C2OC)O	1.60000002	23269876	COCONUT:(CNP0269374);Natural Products:(UNPD118295);PubChem:(23269876);SuperNatural:(SN00367893)	3178498
88	1	N/A	-475.70470486267493	C15H16O6	[M + H]+	JDBHDTATRRGHRW	InChI=1S/C15H16O6/c1-15(2,17)10-7-19-9-6-8-4-5-11(16)21-12(8)14(18-3)13(9)20-10/h4-6,10,17H,7H2,1-3H3	null	CC(C)(C1COC2=C(O1)C(=C3C(=C2)C=CC(=O)O3)OC)O	1.87521672	""	COCONUT:(CNP0157326);Natural Products:(UNPD174832);SuperNatural:(SN00372234)	3178496
89	1	N/A	-500.7634155284628	C15H16O6	[M + H]+	SSJVITCQKXKAAS	InChI=1S/C15H16O6/c1-6(16)4-8-7(2)13(18)11-9(17)5-10(21-3)15(20)12(11)14(8)19/h5-6,16,18-19H,4H2,1-3H3	5,8-dihydroxy-7-(2-hydroxypropyl)-2-methoxy-6-methylnaphthalene-1,4-dione	CC1=C(C(=C2C(=C1O)C(=O)C=C(C2=O)OC)O)CC(C)O	2.4000001	186116	COCONUT:(CNP0109167 CNP0288804);Natural Products:(UNPD158113);PubChem:(186116);SuperNatural:(SN00266067)	3178498
90	1	N/A	-506.21326699500605	C15H16O6	[M + H]+	ZEHRIDOUICKLRZ	InChI=1S/C15H16O6/c1-15(2,17)11-7-19-14-10(18-3)6-9-8(13(14)21-11)4-5-12(16)20-9/h4-6,11,17H,7H2,1-3H3	null	CC(C)(C1COC2=C(C=C3C(=C2O1)C=CC(=O)O3)OC)O	1.60000002	15895670	COCONUT:(CNP0161370);KNApSAcK:(39451);Natural Products:(UNPD67244);PubChem:(15895670);SuperNatural:(SN00261825)	3178514
91	1	N/A	-507.4622806085812	C15H16O6	[M + H]+	YATGZZBUFTZBHV	InChI=1S/C15H16O6/c1-15(20)12(16)7-9-6-10(4-2-3-5-13(17)18)21-8-11(9)14(15)19/h2-5,7-8,10,12,16,20H,6H2,1H3,(H,17,18)	null	CC1(C(C=C2CC(OC=C2C1=O)C=CC=CC(=O)O)O)O	-0.400000006	25113768	COCONUT:(CNP0298513);KNApSAcK:(34134);Natural Products:(UNPD54313);PubChem:(25113768);SuperNatural:(SN00272850);MeSH:(25113768);PubMed	3178582
92	1	N/A	-513.1812225536463	C15H16O6	[M + H]+	QBVHHDMBLCZFBQ	InChI=1S/C15H16O6/c1-4-7(16)10-6(2)13(18)11-8(17)5-9(21-3)14(19)12(11)15(10)20/h5,7,16,18,20H,4H2,1-3H3	null	CCC(C1=C(C(=C2C(=O)C=C(C(=O)C2=C1O)OC)O)C)O	1.71912062	""	COCONUT:(CNP0343777)	2097152
93	1	N/A	-514.0729640106649	C15H16O6	[M + H]+	LNKYBMJFYQCGQN	InChI=1S/C15H16O6/c1-6-4-9(7(2)16)13(19)10-5-11(12(18)8(3)17)15(20)21-14(6)10/h4,8,17-19H,5H2,1-3H3	null	CC1=C2C(=C(C(=C1)C(=O)C)O)CC(=C(C(C)O)O)C(=O)O2	1.75456417	""	COCONUT:(CNP0284029);Natural Products:(UNPD166226);SuperNatural:(SN00383840)	3178496
94	1	N/A	-515.2712883783715	C15H16O6	[M + H]+	UAGRZTOQRLUIEG	InChI=1S/C15H16O6/c1-5-7-11(16)10-8(12(17)14(7)20-3)6-9(19-2)15(21-4)13(10)18/h6,18H,5H2,1-4H3	null	CCC1=C(C(=O)C2=CC(=C(C(=C2C1=O)O)OC)OC)OC	2.5999999	11119876	COCONUT:(CNP0302593);Natural Products:(UNPD58898);PubChem:(11119876);SuperNatural:(SN00346341)	3178498
95	1	N/A	-516.2256516350932	C15H16O6	[M + H]+	SAPGXBDHTWKRAG	InChI=1S/C15H16O6/c1-6-8(16)3-10-14(6)4-9(21-12(18)11(14)17)7(2)15(10)5-20-13(15)19/h3,6-7,9,11,17H,4-5H2,1-2H3	null	CC1C2CC3(C(C(=O)C=C3C14COC4=O)C)C(C(=O)O2)O	-0.100000001	101602356;101602357	COCONUT:(CNP0121960);Natural Products:(UNPD38115 UNPD86053);PubChem:(101602356 101602357);SuperNatural:(SN00349361 SN00364941)	3178498
96	1	N/A	-522.5989710854628	C15H16O6	[M + H]+	FPDXPIYSTXQQNY	InChI=1S/C15H16O6/c1-7-2-4-15(20-7)13-9(17)6-8(16)11(13)12-10(21-15)3-5-19-14(12)18/h3,5,7-8,11,13,16H,2,4,6H2,1H3	null	CC1CCC2(O1)C3C(C(CC3=O)O)C4=C(O2)C=COC4=O	-0.100000001	101558583	MeSH:(101558583);PubChem:(101558583);PubMed	70
97	1	N/A	-556.5746031265601	C15H16O6	[M + H]+	BVMZQOLNAJZMBO	InChI=1S/C15H16O6/c1-8(16)4-11-5-10-6-13(18)15(3,21-9(2)17)14(19)12(10)7-20-11/h5-8,16H,4H2,1-3H3	null	CC(CC1=CC2=CC(=O)C(C(=O)C2=CO1)(C)OC(=O)C)O	0.400000006	122198274	COCONUT:(CNP0146317);PubChem:(122198274);CHEBI:(133857)	2097186
98	1	N/A	-577.6439096222294	C15H16O6	[M + H]+	APUXGZHCMAROOY	InChI=1S/C15H16O6/c1-6(16)3-7-8-5-21-15(7)12-11(13(8)18)9(17)4-10(20-2)14(12)19/h4,7-8,15,17,19H,3,5H2,1-2H3	null	CC(=O)CC1C2COC1C3=C(C2=O)C(=CC(=C3O)OC)O	0.600000024	54758459;54758460	COCONUT:(CNP0125744);Natural Products:(UNPD202754 UNPD202753);PubChem:(54758459 54758460)	2129922
99	1	N/A	-586.9756821907943	C15H16O6	[M + H]+	PIMZUZSSNYHVCU	InChI=1S/C15H16O6/c1-5(2)7-8-11(16)19-9(7)10-13(3)14(8,18)4-6-15(13,21-6)12(17)20-10/h6-10,18H,1,4H2,2-3H3	picrotoxinin	CC(=C)C1C2C3C4(C(C1C(=O)O2)(CC5C4(O5)C(=O)O3)O)C	0.5	4816;31306;689049;1268032;442292;5702165;7098683;5320588;5458939;6419901;6604354;6604945;6978719;12314267;12314268;16759291;17756773;22524996;23305071;23307236;23307258;23425892;24041599;24802494;50919219;57402145;73707459;71296878;73759784;73896911;88590523;88909922;98140702;98140703;98140704;98140705;101602197;117072374;122130784;124080967;126456804;129700527;131673970;137099560;138107237	HMDB:(240274);SuperNatural:(SN00006953 SN00156088);ZINC bio:(ZINC00058184 ZINC04098166);additional;MeSH:(4816 31306 442292 1268032 6419901 6978719 7098683 122130784 131673970);PubMed;COCONUT:(CNP0240150);KNApSAcK:(3350);PubChem:(4816 31306 689049 1268032 442292 5702165 7098683 5320588 5458939 6419901 6604354 6604945 6978719 12314267 12314268 16759291 17756773 22524996 23305071 23307236 23307258 23425892 24041599 24802494 50919219 57402145 73707459 71296878 73759784 73896911 88590523 88909922 98140702 98140703 98140704 98140705 101602197 117072374 122130784 124080967 126456804 129700527 131673970 137099560 138107237);CHEBI:(8206);PubChem class - bio and metabolites;KEGG:(C09529);PubChem class - safety and toxic;Training Set	87581054
100	1	N/A	-593.3012406238519	C15H16O6	[M + H]+	PNLCUSOXXKPMPN	InChI=1S/C15H16O6/c1-6(16)4-8-7(2)13(18)11-9(17)5-10(21-3)15(20)12(11)14(8)19/h5,7-8,17,20H,4H2,1-3H3	null	CC1C(C(=O)C2=C(C1=O)C(=CC(=C2O)OC)O)CC(=O)C	1.70000005	101884393;118714011	COCONUT:(CNP0355908);MeSH:(101884393);PubChem:(101884393 118714011);PubMed	2097222
101	1	N/A	-599.1698693657012	C15H16O6	[M + H]+	JSFXOJVYQRUNET	InChI=1S/C15H16O6/c1-15-4-6-7(5-20-15)12(17)10-8(16)3-9(19-2)13(18)11(10)14(6)21-15/h3,6-7,14,16,18H,4-5H2,1-2H3	null	CC12CC3C(CO1)C(=O)C4=C(C3O2)C(=C(C=C4O)OC)O	1.29999995	72950765;86573641;139583689	PubChem:(72950765 86573641 139583689);COCONUT:(CNP0299449)	2097154
102	1	N/A	-644.2725400163814	C15H16O6	[M + H]+	YJAWRTWRTBFTPT	InChI=1S/C15H16O6/c1-7-13(2,3)14(19)11(17)8-5-4-6-9(16)10(8)12(18)15(14,20)21-7/h4-7,16,19-20H,1-3H3	null	CC1C(C2(C(=O)C3=C(C(=CC=C3)O)C(=O)C2(O1)O)O)(C)C	1.20000005	71504497	COCONUT:(CNP0235381);Natural Products:(UNPD218996);PubChem:(71504497)	2129922
1	1	0.6162521248156924	-48.75645738686101	C15H18O7	[M - H2O + H]+	CJGRGYBLAHPYOM	InChI=1S/C15H18O7/c16-8-10-12(18)13(19)14(20)15(21-10)22-11(17)7-6-9-4-2-1-3-5-9/h1-7,10,12-16,18-20H,8H2	trans-cinnamoyl-beta-D-glucoside	C1=CC=C(C=C1)C=CC(=O)OC2C(C(C(C(O2)CO)O)O)O	0.100000001	643713;440242;3340171;5797730;5280653;11197650;22298554;46187718;67368199;91022644;89716737;89719005;123429880;129858053;133556475	HMDB:(30293);SuperNatural:(SN00020438 SN00006883);ZINC bio:(ZINC04096336 ZINC13515203);additional;MeSH:(5280653);Plantcyc:(TRANS-CINNAMOYL-BETA-D-GLUCOSE);PubMed;COCONUT:(CNP0419966);Natural Products:(UNPD7873 UNPD121062 UNPD230530);PubChem:(643713 440242 3340171 5797730 5280653 11197650 22298554 46187718 67368199 91022644 89716737 89719005 123429880 129858053 133556475);CHEBI:(16279);PubChem class - bio and metabolites;KEGG:(C04164);Training Set;Biocyc:(TRANS-CINNAMOYL-BETA-D-GLUCOSE)	20638062
2	1	N/A	-81.15539637666593	C15H18O7	[M - H2O + H]+	CFFMLEQRNNOHLH	InChI=1S/C15H18O7/c16-11(7-6-9-4-2-1-3-5-9)21-8-10-12(17)13(18)14(19)15(20)22-10/h1-7,10,12-15,17-20H,8H2	t-Cinnamoyl glucose	C1=CC=C(C=C1)C=CC(=O)OCC2C(C(C(C(O2)O)O)O)O	-0.5	6454895;10892272;21668944;57209710;102168703;129887079	COCONUT:(CNP0197281);Natural Products:(UNPD39978);PubChem:(6454895 10892272 21668944 57209710 102168703 129887079);SuperNatural:(SN00160726);MeSH:(6454895);PubMed	3178566
3	1	N/A	-91.40667828500408	C15H18O7	[M - H2O + H]+	POOVYWIYTSHEES	InChI=1S/C15H18O7/c16-8-10-12(18)13(19)14(15(20)21-10)22-11(17)7-6-9-4-2-1-3-5-9/h1-7,10,12-16,18-20H,8H2	[(2R,3R,4S,5S,6R)-2,4,5-trihydroxy-6-(hydroxymethyl)oxan-3-yl] (E)-3-phenylprop-2-enoate	C1=CC=C(C=C1)C=CC(=O)OC2C(C(C(OC2O)CO)O)O	0.100000001	14345566;11972309;21550792	COCONUT:(CNP0188054);HMDB:(35880);Natural Products:(UNPD49160 UNPD82104);PubChem:(14345566 11972309 21550792);SuperNatural:(SN00334110 SN00164935);PubChem class - bio and metabolites	19955722
4	1	N/A	-95.82057899528552	C15H18O7	[M - H2O + H]+	GNTPQQUJBAFHOR	InChI=1S/C15H18O7/c16-7-1-2-9-3-5-10(6-4-9)21-15-14(20)13(19)12(18)11(8-17)22-15/h3-6,11-20H,7-8H2	D-Mannose Alpha1o P-Hydroxypropynyl-Phenyl	C1=CC(=CC=C1C#CCO)OC2C(C(C(C(O2)CO)O)O)O	-0.429617733	57339134	PubChem:(57339134);PubMed;PubChem class - bio and metabolites	16777282
5	1	N/A	-223.09947868354513	C15H18O7	[M - H2O + H]+	VEGOPIRPQIZFRD	InChI=1S/C15H18O7/c1-8-12(18)13(19)14(20)15(21-8)22-11(17)7-4-9-2-5-10(16)6-3-9/h2-8,12-16,18-20H,1H3	1-(4-Coumaroyl)alpha-rhamnopyranose	CC1C(C(C(C(O1)OC(=O)C=CC2=CC=C(C=C2)O)O)O)O	0.200000003	5316121;6438942;22524169;69163563	COCONUT:(CNP0316127);Natural Products:(UNPD134971);PubChem:(5316121 6438942 22524169 69163563);SuperNatural:(SN00157758);MeSH:(6438942);PubMed	3178566
6	1	N/A	-267.9653035356078	C15H18O7	[M - H2O + H]+	FMMQFGNJOTXLGF	InChI=1S/C15H18O7/c16-7-11-12(19)13(20)14(21)15(22-11)10(18)6-3-8-1-4-9(17)5-2-8/h1-6,11-17,19-21H,7H2	null	C1=CC(=CC=C1C=CC(=O)C2C(C(C(C(O2)CO)O)O)O)O	-0.603838563	""	COCONUT:(CNP0133475);Natural Products:(UNPD228857 UNPD200963)	2129920
7	1	N/A	-300.2714233247209	C15H18O7	[M - H2O + H]+	YHVJUTOZYWQYSQ	InChI=1S/C15H18O7/c1-8-14(21-9(2)17)12(18)13(19)15(20-8)22-11-5-3-10(7-16)4-6-11/h3-8,12-15,18-19H,1-2H3	null	CC1C(C(C(C(O1)OC2=CC=C(C=C2)C=O)O)O)OC(=O)C	0.300000012	10018247;85094072;129884193	COCONUT:(CNP0361136);HMDB:(39958);Natural Products:(UNPD163939);PubChem:(10018247 85094072 129884193);SuperNatural:(SN00360296);PubChem class - bio and metabolites	19955722
8	1	N/A	-342.11607665446303	C15H18O7	[M - H2O + H]+	CCCJAULJBXHHEV	InChI=1S/C15H18O7/c1-9(16)21-8-14(22-10(2)17)15(18)11-5-6-12(19-3)13(7-11)20-4/h5-7,14H,8H2,1-4H3	bmse010011	CC(=O)OCC(C(=O)C1=CC(=C(C=C1)OC)OC)OC(=O)C	1.39999998	21627639	PubChem:(21627639);CHEBI:(86538)	34
9	1	N/A	-354.2036078176664	C15H18O7	[M - H2O + H]+	BGIAGGJXJKYPSM	InChI=1S/C15H18O7/c1-7-6-9(16)10-8(2)13(17)20-11(10)12-14(3,21-18)4-5-15(7,12)22-19/h4-5,9-12,16,18-19H,1-2,6H2,3H3	null	CC1(C=CC2(C1C3C(C(CC2=C)O)C(=C)C(=O)O3)OO)OO	0.57772547	""	COCONUT:(CNP0221978);Natural Products:(UNPD146938)	2129920
10	1	N/A	-370.634784628687	C15H18O7	[M - H2O + H]+	LSDUEOPWYFLQEQ	InChI=1S/C15H18O7/c1-5-9-7-3-6(14(19)20-7)10(16)11(17)12-15(2,22-12)4-8(9)21-13(5)18/h3,5,7-12,16-17H,4H2,1-2H3	null	CC1C2C(CC3(C(O3)C(C(C4=CC2OC4=O)O)O)C)OC1=O	-0.600000024	21578071;101731028	COCONUT:(CNP0128990);Natural Products:(UNPD198576);PubChem:(21578071 101731028);KEGG Mine	8592064514
11	1	N/A	-379.0383910450032	C15H18O7	[M - H2O + H]+	ILVQHXXGELZSSA	InChI=1S/C15H18O7/c1-3-7(12(16)17)11-15(19)5-4-8-9(13(18)20-2)6-21-14(22-11)10(8)15/h4-8,10-11,14,19H,3H2,1-2H3,(H,16,17)	null	CCC(C1C2(C=CC3C2C(O1)OC=C3C(=O)OC)O)C(=O)O	0.312894285	""	COCONUT:(CNP0141038);Natural Products:(UNPD204203)	2129920
12	1	N/A	-404.516510575619	C15H18O7	[M - H2O + H]+	MWYGUUCBPMDIGE	InChI=1S/C15H18O7/c1-7(16)9-5-15(22-13(9)18)4-3-8-10(12(17)20-2)6-21-14(19)11(8)15/h3-5,7-8,10-11,14,16,19H,6H2,1-2H3	alpha-allamcidin	CC(C1=CC2(C=CC3C2C(OCC3C(=O)OC)O)OC1=O)O	0.0	44567008;44567009	COCONUT:(CNP0174152);Natural Products:(UNPD127235 UNPD192970);PubChem:(44567008 44567009);SuperNatural:(SN00403644 SN00368174);PubMed	3178562
13	1	N/A	-410.8636882915398	C15H18O7	[M - H2O + H]+	LZSHEGYGSMDOTG	InChI=1S/C15H18O7/c1-7(16)9-5-15(22-12(9)17)4-3-8-10(15)6-21-14(19)11(8)13(18)20-2/h3-5,7-8,10-11,14,16,19H,6H2,1-2H3	null	CC(C1=CC2(C=CC3C2COC(C3C(=O)OC)O)OC1=O)O	0.600000024	123964288	COCONUT:(CNP0131646);Natural Products:(UNPD204202);PubChem:(123964288);PubMed	2129986
14	1	N/A	-432.4575264502373	C15H18O7	[M - H2O + H]+	YMLJQHCWBGQZEQ	InChI=1S/C15H18O7/c1-7(16)10-5-15(22-14(10,2)20)4-3-8-9(12(17)18)6-21-13(19)11(8)15/h3-5,8-9,11,13,19-20H,6H2,1-2H3,(H,17,18)	(1S,4S,4aS,7aS)-3''-acetyl-1,2''-dihydroxy-2''-methylspiro[3,4,4a,7a-tetrahydro-1H-cyclopenta[c]pyran-7,5''-furan]-4-carboxylic acid	CC(=O)C1=CC2(C=CC3C2C(OCC3C(=O)O)O)OC1(C)O	-0.699999988	179720	PubChem:(179720);KNApSAcK:(10732)	18
15	1	N/A	-437.2663130701912	C15H18O7	[M - H2O + H]+	HRMPUWIQJNIGTA	InChI=1S/C15H18O7/c1-7-5-6-11(18)13(22-10(4)17)15(7)12(21-9(3)16)8(2)20-14(15)19/h5-8,12-13H,1-4H3	null	CC1C=CC(=O)C(C12C(C(OC2=O)C)OC(=O)C)OC(=O)C	0.732173204	""	COCONUT:(CNP0186518);Natural Products:(UNPD39169);SuperNatural:(SN00332324)	3178496
16	1	N/A	-447.9465863124172	C15H18O7	[M - H2O + H]+	DCMZJILQTBNYGX	InChI=1S/C15H18O7/c1-15(2,20)13(18)10(17)8-6-7-4-5-9(16)12(21-3)11(7)22-14(8)19/h4-6,10,13,16-18,20H,1-3H3	null	CC(C)(C(C(C1=CC2=C(C(=C(C=C2)O)OC)OC1=O)O)O)O	0.600000024	101722264	COCONUT:(CNP0160011);Natural Products:(UNPD172390);PubChem:(101722264);SuperNatural:(SN00231549)	3178498
17	1	N/A	-449.60717412010143	C15H18O7	[M - H2O + H]+	SCIDNYISLWFEKY	InChI=1S/C15H18O7/c1-7-4-9(16)6-10(17)12(7)14(19)22-13-11(18)5-8(2)21-15(13)20-3/h4,6,8,13,15-17H,5H2,1-3H3	[(2S,3S,6R)-2-methoxy-6-methyl-4-oxooxan-3-yl] 2,4-dihydroxy-6-methylbenzoate	CC1CC(=O)C(C(O1)OC)OC(=O)C2=C(C=C(C=C2C)O)O	1.89999998	11709350;73069410	COCONUT:(CNP0153160);Natural Products:(UNPD178619);PubChem:(11709350 73069410);SuperNatural:(SN00320304)	3178498
18	1	N/A	-465.527692085914	C15H18O7	[M - H2O + H]+	DWCJGLPGZULWPZ	InChI=1S/C15H18O7/c1-5(2)14(18)6-11(17)22-8(14)7(16)12(3)13(4-20-13)9-10(21-9)15(6,12)19/h6-10,16,18-19H,1,4H2,2-3H3	Hyenanchin	CC(=C)C1(C2C(C3(C4(CO4)C5C(C3(C1C(=O)O2)O)O5)C)O)O	-1.60000002	94265;442276;5281481;22524144;23424087;25117037;102090455;118701356	COCONUT:(CNP0386944);KNApSAcK:(3324);PubChem:(94265 442276 5281481 22524144 23424087 25117037 102090455 118701356);SuperNatural:(SN00157077);CHEBI:(6737);MeSH:(442276 23424087 102090455 118701356);KEGG:(C09502);PubMed	3146102
19	1	N/A	-479.75463050865875	C15H18O7	[M - H2O + H]+	YWKBPMIFYCPBKO	InChI=1S/C15H18O7/c1-6-10-7(19-11(6)17)4-13(2)5-14(18)12(22-13)20-8-3-9(16)21-15(8,10)14/h6-8,10,12,18H,3-5H2,1-2H3	null	CC1C2C(CC3(CC4(C25C(CC(=O)O5)OC4O3)O)C)OC1=O	-0.400000006	21578069	COCONUT:(CNP0151366);Natural Products:(UNPD198574);PubChem:(21578069)	2129922
20	1	N/A	-480.57463573685146	C15H18O7	[M - H2O + H]+	BNMDTQMFJGEHPC	InChI=1S/C15H18O7/c1-13(2,18)4-5-11(16)21-7(4)9-14(3)6(12(17)22-9)8-10(20-8)15(5,14)19/h4-10,18-19H,1-3H3	null	CC12C3C4C(C1(C5C(C(C2OC3=O)OC5=O)C(C)(C)O)O)O4	-1.0	11920962;11920963;18557351;18557352;16407152;29146552;45934468;98139597;98139598;137324918	COCONUT:(CNP0244755);Natural Products:(UNPD38480);PubChem:(11920962 11920963 18557351 18557352 16407152 29146552 45934468 98139597 98139598 137324918);SuperNatural:(SN00076740 SN00097196);ZINC bio:(ZINC06624381 ZINC20759011)	3186690
21	1	N/A	-480.7189861317772	C15H18O7	[M - H2O + H]+	KDOXKRDIRCHNDT	InChI=1S/C15H18O7/c1-22-9-4-2-8(3-5-9)6-10-12(17)13(18)11(16)7-15(10,21)14(19)20/h2-5,10-11,13,16,18,21H,6-7H2,1H3,(H,19,20)	(1r,2r,4s,5r)-1,4,5-Trihydroxy-2-(4-Methoxybenzyl)-3-Oxocyclohexanecarboxylic Acid	COC1=CC=C(C=C1)CC2C(=O)C(C(CC2(C(=O)O)O)O)O	-0.400000006	46241616;46241904;72199517;72200842;70882851	PubChem:(46241616 46241904 72199517 72200842 70882851);PubMed;PubChem class - bio and metabolites	16777282
22	1	N/A	-482.7266875330012	C15H18O7	[M - H2O + H]+	RVHZXKRJJQXPBX	InChI=1S/C15H18O7/c1-4(2)5-6-11(16)20-7(5)8-13(3)14(6,18)9-10(21-9)15(13,19)12(17)22-8/h4-10,18-19H,1-3H3	null	CC(C)C1C2C3C4(C(C1C(=O)O2)(C5C(C4(C(=O)O3)O)O5)O)C	-0.913884401	""	COCONUT:(CNP0157762);Natural Products:(UNPD174488);SuperNatural:(SN00303335)	3178496
23	1	N/A	-486.0694487782467	C15H18O7	[M - H2O + H]+	MBNLVIXQRQMLBE	InChI=1S/C15H18O7/c1-15(2,19)11(16)7-21-10-6-9-8(4-5-12(17)22-9)13(18)14(10)20-3/h4-6,11,16,18-19H,7H2,1-3H3	null	CC(C)(C(COC1=C(C(=C2C=CC(=O)OC2=C1)O)OC)O)O	0.800000012	101919846	COCONUT:(CNP0299112);KNApSAcK:(19846);Natural Products:(UNPD54919);PubChem:(101919846)	2129938
24	1	N/A	-495.6333183911684	C15H18O7	[M - H2O + H]+	VEEVVBLKBPKCLN	InChI=1S/C15H18O7/c1-6-7-3-14(18)12(2)5-20-11(17)15(12,19)8-4-13(6,14)9(21-7)10(16)22-8/h6-9,18-19H,3-5H2,1-2H3	null	CC1C2CC3(C14CC(C5(C3(COC5=O)C)O)OC(=O)C4O2)O	-0.400000006	101361613	COCONUT:(CNP0209287);Natural Products:(UNPD17027);PubChem:(101361613);SuperNatural:(SN00373152);MeSH:(101361613);PubMed	3178566
25	1	N/A	-497.17512386241486	C15H18O7	[M - H2O + H]+	KXYYBBVKQOHNOP	InChI=1S/C15H18O7/c1-6-3-7-15(19)12(2)5-20-11(17)14(12,18)8-4-13(6,15)9(21-7)10(16)22-8/h6-9,18-19H,3-5H2,1-2H3	null	CC1CC2C3(C14CC(C5(C3(COC5=O)C)O)OC(=O)C4O2)O	-0.400000006	44542226;46245454;102032374;102162950	COCONUT:(CNP0314089);Natural Products:(UNPD72796);PubChem:(44542226 46245454 102032374 102162950);SuperNatural:(SN00303396);MeSH:(102162950);PubMed	3178566
26	1	N/A	-499.6880021605951	C15H18O7	[M - H2O + H]+	HXUUMNXQBBQBOJ	InChI=1S/C15H18O7/c1-6-7(16)3-8-13(2)5-21-12(19)15(13,20)9-4-14(6,8)10(17)11(18)22-9/h3,6-7,9-10,16-17,20H,4-5H2,1-2H3	null	CC1C(C=C2C13CC(C4(C2(COC4=O)C)O)OC(=O)C3O)O	-0.899999976	11544087;11255338;10335540;21629990;134954491	COCONUT:(CNP0272216);KNApSAcK:(45147);Natural Products:(UNPD230440 UNPD60373 UNPD156280);PubChem:(11544087 11255338 10335540 21629990 134954491);SuperNatural:(SN00309227 SN00288292);PubMed	3178578
27	1	N/A	-505.1831882215618	C15H18O7	[M - H2O + H]+	GOIWXPYLOXGTTQ	InChI=1S/C15H18O7/c1-7-3-4-14(19)12(2)6-21-11(18)15(12,20)8-5-13(7,14)9(16)10(17)22-8/h3-4,7-9,16,19-20H,5-6H2,1-2H3	null	CC1C=CC2(C13CC(C4(C2(COC4=O)C)O)OC(=O)C3O)O	-0.699999988	14447800;21672429	COCONUT:(CNP0212439);KNApSAcK:(45165);Natural Products:(UNPD89893 UNPD70114 UNPD100560);PubChem:(14447800 21672429);SuperNatural:(SN00315965 SN00306808 SN00336558)	3178514
28	1	N/A	-512.4980496404389	C15H18O7	[M - H2O + H]+	PKSKJUUWVGTFQJ	InChI=1S/C15H18O7/c1-6-8(16)3-15(20)13(6)4-9(22-11(18)10(13)17)7(2)14(15)5-21-12(14)19/h6-7,9-10,17,20H,3-5H2,1-2H3	ACMC-20dghq	CC1C2CC3(C(C(=O)CC3(C14COC4=O)O)C)C(C(=O)O2)O	-0.899999976	159578;375848;495480;90661837;101529009;102408600;137322919	COCONUT:(CNP0251901);KNApSAcK:(21769);Natural Products:(UNPD13626 UNPD9580);PubChem:(159578 375848 495480 90661837 101529009 102408600 137322919);SuperNatural:(SN00381538 SN00157831);MeSH:(159578);PubChem class - safety and toxic;PubMed	70287446
29	1	N/A	-520.8851167574664	C15H18O7	[M - H2O + H]+	RYEFFICCPKWYML	InChI=1S/C15H18O7/c1-12(2,18)6-7-10(16)20-8(6)9-13(3)14(7,19)4-5-15(13,22-5)11(17)21-9/h5-9,18-19H,4H2,1-3H3	picrotin	CC12C3C4C(C(C1(CC5C2(O5)C(=O)O3)O)C(=O)O4)C(C)(C)O	-0.800000012	4815;689048;442291;3032291;5701986;5320589;5360689;5458940;6426914;6604154;6604946;6921865;13104804;16757859;16759290;18531116;22524997;23305083;23307259;23308427;23425894;24802495;24867523;50897672;53298484;57402146;71296879;88590524;92527264;91746218;98076171;98076172;98076174;98076175;97050498;98155503;117072375;122173038;124918736;124918737;124918738;124489626;129700528;131704482;137099561;138107236;139265192;138983925	HMDB:(240279);SuperNatural:(SN00006704 SN00159936);ZINC bio:(ZINC03995861 ZINC14655816 ZINC31771386 ZINC71404364);additional;MeSH:(442291);PubMed;NORMAN:(NS00041393);COCONUT:(CNP0211392);KNApSAcK:(3349);PubChem:(4815 689048 442291 3032291 5701986 5320589 5360689 5458940 6426914 6604154 6604946 6921865 13104804 16757859 16759290 18531116 22524997 23305083 23307259 23308427 23425894 24802495 24867523 50897672 53298484 57402146 71296879 88590524 92527264 91746218 98076171 98076172 98076174 98076175 97050498 98155503 117072375 122173038 124918736 124918737 124918738 124489626 129700528 131704482 137099561 138107236 139265192 138983925);CHEBI:(8205);PubChem class - bio and metabolites;KEGG:(C09528);PubChem class - safety and toxic;Training Set	87843198
30	1	N/A	-525.7840435439603	C15H18O7	[M - H2O + H]+	FRJDBYLRUZXEQA	InChI=1S/C15H18O7/c1-7-3-9(16)6-10(17)13-8(5-12(19)22-7)4-11(18)15(21-2)14(13)20/h4,7,9,16,18,20H,3,5-6H2,1-2H3	(4S,6S)-6,9,11-trihydroxy-10-methoxy-4-methyl-4,5,6,7-tetrahydro-1H-3-benzoxecine-2,8-dione	CC1CC(CC(=O)C2=C(C(=C(C=C2CC(=O)O1)O)OC)O)O	1.20000005	60154235	PubChem:(60154235);COCONUT:(CNP0123163)	2097154
31	1	N/A	-530.2175724335082	C15H18O7	[M - H2O + H]+	OEGGHLYZTCPVMW	InChI=1S/C15H18O7/c1-7(16)3-9-6-10(17)13-8(5-12(19)22-9)4-11(18)15(21-2)14(13)20/h4,7,9,16,18,20H,3,5-6H2,1-2H3	null	CC(CC1CC(=O)C2=C(C(=C(C=C2CC(=O)O1)O)OC)O)O	1.20000005	73213226;139587266	PubChem:(73213226 139587266);COCONUT:(CNP0392391)	2097154
32	1	N/A	-533.8150013873045	C15H18O7	[M - H2O + H]+	FMSCXBVRXBOZLV	InChI=1S/C15H18O7/c1-5(2)7-8(11(17)18)14(20)4-6-15(22-6)12(19)21-10(9(7)16)13(14,15)3/h6-10,16,20H,1,4H2,2-3H3,(H,17,18)	null	CC(=C)C1C(C2C3(C(C1C(=O)O)(CC4C3(O4)C(=O)O2)O)C)O	0.300000012	5320587	COCONUT:(CNP0399616);Natural Products:(UNPD150801);PubChem:(5320587);SuperNatural:(SN00375366);KEGG Mine	8593113090
33	1	N/A	-547.6835030931617	C15H18O7	[M - H2O + H]+	WUEWJCUSVRCGFI	InChI=1S/C15H18O7/c1-6(17)3-7-8(5-16)14(20)11-9(18)4-10(22-2)15(21)12(11)13(7)19/h4,7-8,13,16,18-19,21H,3,5H2,1-2H3	null	CC(=O)CC1C(C(=O)C2=C(C1O)C(=C(C=C2O)OC)O)CO	-0.400000006	46938752	COCONUT:(CNP0134064);Natural Products:(UNPD199800);PubChem:(46938752);PubMed	2129986
34	1	N/A	-548.7794271855001	C15H18O7	[M - H2O + H]+	DBCWVDSQDSUZCP	InChI=1S/C15H18O7/c1-7(16)3-9-6-10(17)13-8(5-12(19)20)4-11(18)14(21-2)15(13)22-9/h4,7,9,16,18H,3,5-6H2,1-2H3,(H,19,20)	null	CC(CC1CC(=O)C2=C(O1)C(=C(C=C2CC(=O)O)O)OC)O	0.600000024	101911799;101911800	COCONUT:(CNP0178650);PubChem:(101911799 101911800);PubMed	2097218
35	1	N/A	-558.306572782215	C15H18O7	[M - H2O + H]+	NIAPVSNRQAJRSB	InChI=1S/C15H18O7/c1-6(17)3-7-8(5-16)14(20)11-9(18)4-10(22-2)15(21)12(11)13(7)19/h4,6-8,16-18,21H,3,5H2,1-2H3	5,8-dihydroxy-2-(hydroxymethyl)-3-(2-hydroxypropyl)-6-methoxy-2,3-dihydronaphthalene-1,4-dione	CC(CC1C(C(=O)C2=C(C1=O)C(=C(C=C2O)OC)O)CO)O	1.0	20039320	COCONUT:(CNP0234788);Natural Products:(UNPD29388 UNPD35034);PubChem:(20039320);SuperNatural:(SN00274905 SN00343253)	3178498
36	1	N/A	-559.5275577213242	C15H18O7	[M - H2O + H]+	XPACPYUBNPRNDG	InChI=1S/C15H18O7/c1-7-3-4-14(19)12(2)6-21-11(18)15(12,20)8-5-13(7,14)9(16)10(17)22-8/h3,8-9,16,19-20H,4-6H2,1-2H3	null	CC1=CCC2(C13CC(C4(C2(COC4=O)C)O)OC(=O)C3O)O	-0.899999976	11141421;101792615	COCONUT:(CNP0406775);KNApSAcK:(45149);Natural Products:(UNPD14314 UNPD142066);PubChem:(11141421 101792615);SuperNatural:(SN00232106 SN00277836);MeSH:(11141421);PubMed	3178582
37	1	N/A	-560.4970147981121	C15H18O7	[M - H2O + H]+	SCOQIJBVVKZZHE	InChI=1S/C15H18O7/c1-14-10(18)2-3-11(19)15(14,21)13(20)12-8(17)4-7(6-16)5-9(12)22-14/h4-5,10-11,16-19,21H,2-3,6H2,1H3	Microdiplodiasol	CC12C(CCC(C1(C(=O)C3=C(C=C(C=C3O2)CO)O)O)O)O	-0.5	52937070	COCONUT:(CNP0194407);PubChem:(52937070);PubMed;CHEBI:(68283)	2097250
38	1	N/A	-561.4969286542366	C15H18O7	[M - H2O + H]+	YUHGKFNPDNMLHL	InChI=1S/C15H18O7/c1-7-3-4-13-11(2)6-20-9(16)14(11,18)8-5-12(7,13)15(19,21-8)10(17)22-13/h7-8,18-19H,3-6H2,1-2H3	null	CC1CCC23C14CC(C5(C2(COC5=O)C)O)OC4(C(=O)O3)O	-0.200000003	44542225;46245453;134949921	COCONUT:(CNP0195060);Natural Products:(UNPD166534);PubChem:(44542225 46245453 134949921);SuperNatural:(SN00360106);MeSH:(46245453);PubMed	3178566
39	1	N/A	-566.5502078567745	C15H18O7	[M - H2O + H]+	RNIHHDCNVISFGS	InChI=1S/C15H18O7/c1-7-3-10-12-8(6-16)13(18)21-11(12)5-14(2,19)15(20,22-10)4-9(7)17/h5,7,10,16,19-20H,3-4,6H2,1-2H3	null	CC1CC2C3=C(C(=O)OC3=CC(C(O2)(CC1=O)O)(C)O)CO	-1.5	10968909;101228643	COCONUT:(CNP0179791);Natural Products:(UNPD121312 UNPD229231);PubChem:(10968909 101228643);SuperNatural:(SN00271631)	3178498
40	1	N/A	-618.4100575700271	C15H18O7	[M - H2O + H]+	UHLYLCLJRKLDOP	InChI=1S/C15H18O7/c1-15(20)4-6-7(5-22-15)13(18)10-8(16)3-9(21-2)14(19)11(10)12(6)17/h3,6-7,12,16-17,19-20H,4-5H2,1-2H3	null	CC1(CC2C(CO1)C(=O)C3=C(C2O)C(=C(C=C3O)OC)O)O	0.300000012	54756971;54758461;76188452;101537874;101537876	COCONUT:(CNP0132490);Natural Products:(UNPD202760 UNPD202763 UNPD202761 UNPD202762);PubChem:(54756971 54758461 76188452 101537874 101537876);PubMed	2129986