structureRankPerFormula	formulaRank	ConfidenceScore	CSI:FingerIDScore	molecularFormula	adduct	InChIkey2D	InChI	name	smiles	xlogp	pubchemids	links	dbflags
1	1	N/A	-146.36175394650564	C13H14O3	[M + H]+	PQLVLMKIYAPVBL	InChI=1S/C13H14O3/c14-11-3-1-2-10(11)6-9-4-5-12-13(7-9)16-8-15-12/h4-7,11,14H,1-3,8H2	2-(1,3-Benzodioxol-5-ylmethylene)cyclopentanol	C1CC(C(=CC2=CC3=C(C=C2)OCO3)C1)O	1.89999998	6447014;20840674	PubChem:(6447014 20840674);PubChem class - safety and toxic	67108866
2	1	N/A	-150.02515477024343	C13H14O3	[M + H]+	VQDXCCFXQBHOOS	InChI=1S/C13H14O3/c1-8-7-9-5-4-6-10(15-2)11(9)12(14)13(8)16-3/h4-7,14H,1-3H3	null	CC1=CC2=C(C(=CC=C2)OC)C(=C1OC)O	3.0999999	70684686	COCONUT:(CNP0365497);Natural Products:(UNPD36470);PubChem:(70684686);PubMed	2129986
3	1	N/A	-151.36877911585216	C13H14O3	[M + H]+	RANYXVFYAIGDFE	InChI=1S/C13H14O3/c1-14-11-8-9-6-4-5-7-10(9)12(15-2)13(11)16-3/h4-8H,1-3H3	1,2,3-trimethoxynaphthalene	COC1=CC2=CC=CC=C2C(=C1OC)OC	3.0999999	6431118	COCONUT:(CNP0207753);KNApSAcK:(44043);Natural Products:(UNPD107233);PubChem:(6431118);SuperNatural:(SN00375013)	3178514
4	1	N/A	-155.3566470544834	C13H14O3	[M + H]+	MNKGODVTPDJAHN	InChI=1S/C13H14O3/c1-8-6-9-11(15-2)4-5-12(16-3)13(9)10(14)7-8/h4-7,14H,1-3H3	5,8-dimethoxy-3-methyl-1-naphthol	CC1=CC2=C(C=CC(=C2C(=C1)O)OC)OC	3.0999999	12233495	COCONUT:(CNP0123980);Natural Products:(UNPD217441);PubChem:(12233495);PubMed	2129986
5	1	N/A	-159.38707526819462	C13H14O3	[M + H]+	VQTFXJZYQVWHJA	InChI=1S/C13H14O3/c1-8-6-9-4-5-10(14)13(16-3)12(9)11(7-8)15-2/h4-7,14H,1-3H3	null	CC1=CC2=C(C(=C1)OC)C(=C(C=C2)O)OC	3.0999999	90470793	COCONUT:(CNP0151726);Natural Products:(UNPD25988);PubChem:(90470793);SuperNatural:(SN00352718)	3178498
6	1	N/A	-159.99532999187764	C13H14O3	[M + H]+	XHNBKOCLAIWDRP	InChI=1S/C13H14O3/c1-14-10-7-8-12(16-3)13-9(10)5-4-6-11(13)15-2/h4-8H,1-3H3	1,4,5-trimethoxynaphthalene	COC1=C2C=CC=C(C2=C(C=C1)OC)OC	3.0999999	10822992	COCONUT:(CNP0114288);Natural Products:(UNPD26218);PubChem:(10822992);SuperNatural:(SN00370993);ZINC bio:(ZINC00393466)	3186690
7	1	N/A	-163.87840117286103	C13H14O3	[M + H]+	WYZRFRHDHZZWIH	InChI=1S/C13H14O3/c1-14-11-8-12(15-2)13(16-3)10-7-5-4-6-9(10)11/h4-8H,1-3H3	1,2,4-trimethoxynaphthalene	COC1=CC(=C(C2=CC=CC=C21)OC)OC	3.0999999	6431119	COCONUT:(CNP0330800);KNApSAcK:(44044);Natural Products:(UNPD95429);PubChem:(6431119)	2129938
8	1	N/A	-163.9341403375601	C13H14O3	[M + H]+	FJUIVSGSOQEMSM	InChI=1S/C13H14O3/c1-8-7-10(14)12-9(13(8)16-3)5-4-6-11(12)15-2/h4-7,14H,1-3H3	null	CC1=CC(=C2C(=C1OC)C=CC=C2OC)O	3.0999999	11117497	COCONUT:(CNP0186055);Natural Products:(UNPD139249);PubChem:(11117497);PubMed	2129986
9	1	N/A	-171.15726646026803	C13H14O3	[M + H]+	WTFIFQXTQCYJKU	InChI=1S/C13H14O3/c1-2-3-4-5-11-7-9-6-10(14)8-12(15)13(9)16-11/h2-6,8,11,14-15H,7H2,1H3	2-penta-1,3-dienyl-2,3-dihydro-1-benzofuran-5,7-diol	CC=CC=CC1CC2=C(O1)C(=CC(=C2)O)O	2.79999995	371075;5466888;6711857;11969970;101689412;101689981	COCONUT:(CNP0278091);Natural Products:(UNPD148727);PubChem:(371075 5466888 6711857 11969970 101689412 101689981);SuperNatural:(SN00013716);ZINC bio:(ZINC05811517);additional;MeSH:(11969970 101689412);Training Set;PubMed	3727430
10	1	N/A	-172.63040521820676	C13H14O3	[M + H]+	GNRILTNARVCLOD	InChI=1S/C13H14O3/c1-9(2)4-5-10-11(8-14)13(16-3)7-6-12(10)15/h6-7,14-15H,1,8H2,2-3H3	null	CC(=C)C#CC1=C(C=CC(=C1CO)OC)O	2.4000001	10513000	COCONUT:(CNP0288635);Natural Products:(UNPD44848);PubChem:(10513000)	2129922
11	1	N/A	-175.88935020051463	C13H14O3	[M + H]+	AYZGINZXVVKWKV	InChI=1S/C13H14O3/c1-3-16-13(15)12(10(2)14)9-11-7-5-4-6-8-11/h4-9H,3H2,1-2H3	Ethyl .alpha.-acetylcinnamate	CCOC(=O)C(=CC1=CC=CC=C1)C(=O)C	2.3464787	249817;5356940;5376216	PubChem class - food;PubChem:(249817 5356940 5376216);PubMed	134217794
12	1	N/A	-177.1650361109594	C13H14O3	[M + H]+	JZZYAPMXSFSFKU	InChI=1S/C13H14O3/c1-2-3-11(14)6-4-10-5-7-12-13(8-10)16-9-15-12/h4-8H,2-3,9H2,1H3	1-Hexen-3-one, 1-(1,3-benzodioxol-5-yl)-	CCCC(=O)C=CC1=CC2=C(C=C1)OCO2	3.02769113	41979;6434534	PubChem:(41979 6434534);PubChem class - safety and toxic	67108866
13	1	N/A	-178.12858871107346	C13H14O3	[M + H]+	FHJSLVLVJPGFRY	InChI=1S/C13H14O3/c1-7(2)12-5-9-4-10(8(3)14)11(15)6-13(9)16-12/h4,6,12,15H,1,5H2,2-3H3	Dihydroeuparin	CC(=C)C1CC2=CC(=C(C=C2O1)O)C(=O)C	3.0999999	186059;455702;12838730	COCONUT:(CNP0260562);KNApSAcK:(33026);Natural Products:(UNPD83519 UNPD59228);PubChem:(186059 455702 12838730);SuperNatural:(SN00156955 SN00311669);CHEBI:(2202);ZINC bio:(ZINC04097771 ZINC05853713);MeSH:(186059);KEGG:(C08744);PubMed	3187062
14	1	N/A	-179.12852090042028	C13H14O3	[M + H]+	UADPGHINQMWEAG	InChI=1S/C13H14O3/c14-12(15)8-10-6-3-5-9-4-1-2-7-11(9)13(10)16/h1-2,4,7-8,13,16H,3,5-6H2,(H,14,15)	Tocris-0780	C1CC2=CC=CC=C2C(C(=CC(=O)O)C1)O	1.5	131414;5875451;6604757;6913111;40466892;91899080;131271830;131271831	COCONUT:(CNP0342233);MeSH:(5875451 6604757);PubChem:(131414 5875451 6604757 6913111 40466892 91899080 131271830 131271831);PubMed;CHEBI:(91816)	2097254
15	1	N/A	-179.73428891935512	C13H14O3	[M + H]+	JYAXBEAUMFLFQK	InChI=1S/C13H14O3/c1-7(2)12-5-9-4-11(15)10(8(3)14)6-13(9)16-12/h4,6,12,15H,1,5H2,2-3H3	null	CC(=C)C1CC2=CC(=C(C=C2O1)C(=O)C)O	3.0999999	14887260;131397201	COCONUT:(CNP0199513);Natural Products:(UNPD115328);PubChem:(14887260 131397201);SuperNatural:(SN00283803)	3178498
16	1	N/A	-181.12364756443046	C13H14O3	[M + H]+	ADEXKEAIUZGTEJ	InChI=1S/C13H14O3/c1-9(2)11(14)5-3-10-4-6-12-13(7-10)16-8-15-12/h3-7,9H,8H2,1-2H3	5-19-04-00344 (Beilstein Handbook Reference)	CC(C)C(=O)C=CC1=CC2=C(C=C1)OCO2	2.95190692	200791;6444513	PubChem:(200791 6444513);PubChem class - safety and toxic	67108866
17	1	N/A	-184.57228546446441	C13H14O3	[M + H]+	HZIQVOBBWHKQIJ	InChI=1S/C13H14O3/c14-12(7-4-8-13(15)16)10-9-11-5-2-1-3-6-11/h1-6,8-10,12,14H,7H2,(H,15,16)	null	C1=CC=C(C=C1)C=CC(CC=CC(=O)O)O	2.0	12227671;129710783	COCONUT:(CNP0123014);Natural Products:(UNPD219059);PubChem:(12227671 129710783)	2129922
18	1	N/A	-185.99596533322472	C13H14O3	[M + H]+	CKWLEUNYCBGFGC	InChI=1S/C13H14O3/c1-8(14)9-4-5-12-10(6-9)11(15)7-13(2,3)16-12/h4-6H,7H2,1-3H3	6-acetyl-2,2-dimethylchroman-4-one	CC(=O)C1=CC2=C(C=C1)OC(CC2=O)(C)C	1.70000005	10398468	COCONUT:(CNP0271027);Natural Products:(UNPD176029);PubChem:(10398468);PubMed	2129986
19	1	N/A	-186.00069334063804	C13H14O3	[M + H]+	BUMHLZPAQKNDBJ	InChI=1S/C13H14O3/c1-3-4-10-5-9-6-11(8(2)14)12(15)7-13(9)16-10/h3-4,6-7,10,15H,5H2,1-2H3	null	CC=CC1CC2=C(O1)C=C(C(=C2)C(=O)C)O	2.38364935	""	COCONUT:(CNP0173368);Natural Products:(UNPD217774)	2129920
20	1	N/A	-186.8172018970444	C13H14O3	[M + H]+	VKXGYKMQYZFKAP	InChI=1S/C13H14O3/c14-8-12(15)9-16-13-6-5-10-3-1-2-4-11(10)7-13/h1-7,12,14-15H,8-9H2	3-(2-Naphthyloxy)-1,2-propanediol	C1=CC=C2C=C(C=CC2=C1)OCC(CO)O	1.86844921	118175;69116744	PubChem:(118175 69116744);PubChem class - safety and toxic	67108866
21	1	N/A	-189.2632758356867	C13H14O3	[M + H]+	PVTAYIFLKAIHGG	InChI=1S/C13H14O3/c1-9(2)6-12(15)11-7-10(8-14)4-5-13(11)16-3/h4-8H,1-3H3	null	CC(=CC(=O)C1=C(C=CC(=C1)C=O)OC)C	2.5	14104351	COCONUT:(CNP0291991);Natural Products:(UNPD161378);PubChem:(14104351)	2129922
22	1	N/A	-191.3841934205031	C13H14O3	[M + H]+	GUZZHVQENWCZPV	InChI=1S/C13H14O3/c1-7-5-10-12(6-11(7)15-4)16-9(3)8(2)13(10)14/h5-6H,1-4H3	null	CC1=CC2=C(C=C1OC)OC(=C(C2=O)C)C	3.16162014	139587913	COCONUT:(CNP0133607);Natural Products:(UNPD200580);PubChem:(139587913)	2129922
23	1	N/A	-192.99553101251178	C13H14O3	[M + H]+	BDCAQAAKRKWXFW	InChI=1S/C13H14O3/c1-11(14)10-13(15)16-9-5-8-12-6-3-2-4-7-12/h2-8H,9-10H2,1H3	Cinnamyl acetoacetate	CC(=O)CC(=O)OCC=CC1=CC=CC=C1	2.0999999	93726;6436683;6538394	PubChem:(93726 6436683 6538394);NORMAN:(NS00052954)	262146
24	1	N/A	-194.54173669712543	C13H14O3	[M + H]+	JZHPLWCDDUICIM	InChI=1S/C13H14O3/c1-13(9-16-13)12(14)8-5-10-3-6-11(15-2)7-4-10/h3-8H,9H2,1-2H3	3-(4-methoxyphenyl)-1-(2-methyloxiran-2-yl)prop-2-en-1-one	CC1(CO1)C(=O)C=CC2=CC=C(C=C2)OC	1.89999998	1760920;1760921;737032;737034;2795037;5712150	COCONUT:(CNP0364151);PubChem:(1760920 1760921 737032 737034 2795037 5712150);SuperNatural:(SN00043615 SN00043616);ZINC bio:(ZINC00163743 ZINC00163745)	3153922
25	1	N/A	-195.54974920178913	C13H14O3	[M + H]+	YNRLVGAXEGGYPN	InChI=1S/C13H14O3/c1-3-4-5-6-11(14)10-7-9(2)12(15)8-13(10)16/h3-8,15-16H,1-2H3	null	CC=CC=CC(=O)C1=C(C=C(C(=C1)C)O)O	3.29999995	102032746;131413575	COCONUT:(CNP0127405);Natural Products:(UNPD33423);PubChem:(102032746 131413575);SuperNatural:(SN00247742)	3178498
26	1	N/A	-198.4757159602891	C13H14O3	[M + H]+	NGFZSKZFASBMBR	InChI=1S/C13H14O3/c1-7(2)12-6-10-11(16-12)5-4-9(8(3)14)13(10)15/h4-5,12,15H,1,6H2,2-3H3	null	CC(=C)C1CC2=C(O1)C=CC(=C2O)C(=O)C	3.0999999	12838731;76334179;92446066	COCONUT:(CNP0266157);Natural Products:(UNPD140425 UNPD171163);PubChem:(12838731 76334179 92446066);SuperNatural:(SN00320354 SN00241273);ZINC bio:(ZINC13305886 ZINC13305889);PubMed;KEGG Mine	8593121346
27	1	N/A	-201.11784993141876	C13H14O3	[M + H]+	YUADKBVRHLVSAI	InChI=1S/C13H14O3/c1-7(2)12-6-9-11(16-12)5-4-10(15)13(9)8(3)14/h4-5,12,15H,1,6H2,2-3H3	Ethanone, 1-[2,3-dihydro-5-hydroxy-2-(1-methylethenyl)-4-benzofuranyl]-	CC(=C)C1CC2=C(O1)C=CC(=C2C(=O)C)O	3.0999999	15261084	COCONUT:(CNP0299887);Natural Products:(UNPD55800);PubChem:(15261084);SuperNatural:(SN00269829)	3178498
28	1	N/A	-201.43560049445873	C13H14O3	[M + H]+	JRWKMIYLVXKKAN	InChI=1S/C13H14O3/c1-8(7-14)13-6-11-5-10(9(2)15)3-4-12(11)16-13/h3-5,13-14H,1,6-7H2,2H3	null	CC(=O)C1=CC2=C(C=C1)OC(C2)C(=C)CO	1.70000005	12414277;10262829;25763836	COCONUT:(CNP0240267);HMDB:(40358);KNApSAcK:(45684);Natural Products:(UNPD100057 UNPD184648);PubChem:(12414277 10262829 25763836);SuperNatural:(SN00020068 SN00020069);ZINC bio:(ZINC13378415 ZINC13378416);PubChem class - bio and metabolites;MeSH:(10262829 25763836);PubMed;KEGG Mine	8609898590
29	1	N/A	-202.42695503909007	C13H14O3	[M + H]+	QKZBZZKLSFFYAH	InChI=1S/C13H14O3/c1-8(2)10-5-9-6-12(14-3)13(15-4)7-11(9)16-10/h5-7H,1H2,2-4H3	null	CC(=C)C1=CC2=CC(=C(C=C2O1)OC)OC	3.70000005	23955903	COCONUT:(CNP0318031);KNApSAcK:(29553);Natural Products:(UNPD78099);PubChem:(23955903);SuperNatural:(SN00370640);PubMed	3178578
30	1	N/A	-203.0891752951277	C13H14O3	[M + H]+	ZDMKUBRRBGKXQT	InChI=1S/C13H14O3/c1-9(8-14)3-4-12-7-11(10(2)15)5-6-13(12)16/h3,5-8,16H,4H2,1-2H3	null	CC(=CCC1=C(C=CC(=C1)C(=O)C)O)C=O	1.79999995	14730829	COCONUT:(CNP0294620);Natural Products:(UNPD16455);PubChem:(14730829);SuperNatural:(SN00366609)	3178498
31	1	N/A	-206.95509577189506	C13H14O3	[M + H]+	AMYPKJBHUVIYPY	InChI=1S/C13H14O3/c1-8(2)12-7-10-6-9(13(14)15-3)4-5-11(10)16-12/h4-6,12H,1,7H2,2-3H3	methyl 2-prop-1-en-2-yl-2,3-dihydro-1-benzofuran-5-carboxylate	CC(=C)C1CC2=C(O1)C=CC(=C2)C(=O)OC	3.0999999	5316729	COCONUT:(CNP0121957);Natural Products:(UNPD2106);PubChem:(5316729);SuperNatural:(SN00160158);PubMed	3178562
32	1	N/A	-207.87214959013033	C13H14O3	[M + H]+	IENDYULYLWXGDA	InChI=1S/C13H14O3/c1-9(2)8-16-13-5-4-11(10(3)15)6-12(13)7-14/h4-8H,1-3H3	Benzaldehyde, 5-acetyl-2-[(2-methyl-1-propenyl)oxy]-	CC(=COC1=C(C=C(C=C1)C(=O)C)C=O)C	2.4000001	71414190	COCONUT:(CNP0162387);Natural Products:(UNPD17034);PubChem:(71414190);SuperNatural:(SN00247304)	3178498
33	1	N/A	-208.55502563149892	C13H14O3	[M + H]+	AXDYGPIMKPWMQH	InChI=1S/C13H14O3/c1-16-13(15)10-6-7-11-9(8-10)4-2-3-5-12(11)14/h6-8H,2-5H2,1H3	null	COC(=O)C1=CC2=C(C=C1)C(=O)CCCC2	2.4000001	70977920	PubChem:(70977920);PubChem class - safety and toxic	67108866
34	1	N/A	-208.64563808486142	C13H14O3	[M + H]+	PXDFJYIPGZJZIZ	InChI=1S/C13H14O3/c1-8(2)11-6-9-5-10(14-3)7-12(15-4)13(9)16-11/h5-7H,1H2,2-4H3	null	CC(=C)C1=CC2=CC(=CC(=C2O1)OC)OC	3.70000005	101417076	COCONUT:(CNP0224345);Natural Products:(UNPD137829);PubChem:(101417076);SuperNatural:(SN00256274)	3178498
35	1	N/A	-208.97980478097838	C13H14O3	[M + H]+	AHYCBDWPHFFKFK	InChI=1S/C13H14O3/c1-16-13-4-2-9(3-5-13)10-6-11(14)8-12(15)7-10/h2-5,10H,6-8H2,1H3	CBMicro_014422	COC1=CC=C(C=C1)C2CC(=O)CC(=O)C2	1.29999995	347343	PubChem class - safety and toxic;PubChem:(347343);PubMed	67108930
36	1	N/A	-209.07952339558517	C13H14O3	[M + H]+	ZBQWMRJUOVGMTE	InChI=1S/C13H14O3/c1-8(14)9-4-5-10-11(15)7-13(2,3)16-12(10)6-9/h4-6H,7H2,1-3H3	null	CC(=O)C1=CC2=C(C=C1)C(=O)CC(O2)(C)C	2.02531672	""	COCONUT:(CNP0081628)	2097152
37	1	N/A	-212.01025478320258	C13H14O3	[M + H]+	JGDJUARGKBAZTQ	InChI=1S/C13H14O3/c1-8(7-14)13-6-11-5-10(9(2)15)3-4-12(11)16-13/h3-5,7,9,13,15H,1,6H2,2H3	null	CC(C1=CC2=C(C=C1)OC(C2)C(=C)C=O)O	2.21059513	""	COCONUT:(CNP0319195);Natural Products:(UNPD1491);SuperNatural:(SN00295695)	3178496
38	1	N/A	-212.47771788811676	C13H14O3	[M + H]+	TVWLCJVDJFYZSD	InChI=1S/C13H14O3/c1-7-8(2)13(14)16-12-9(3)11(15-4)6-5-10(7)12/h5-6H,1-4H3	CBMicro_001868	CC1=C(C(=O)OC2=C1C=CC(=C2C)OC)C	2.5	674121	COCONUT:(CNP0387045);PubChem:(674121);SuperNatural:(SN00042678);ZINC bio:(ZINC00036407)	3153922
39	1	N/A	-213.12324852922168	C13H14O3	[M + H]+	WRPLDZOTTANZGJ	InChI=1S/C13H14O3/c1-8(2)6-13(16)11-7-10(9(3)14)4-5-12(11)15/h4-7,15H,1-3H3	1-(5-acetyl-2-hydroxyphenyl)-3-methylbut-2-en-1-one	CC(=CC(=O)C1=C(C=CC(=C1)C(=O)C)O)C	2.9000001	14706939	COCONUT:(CNP0305880);Natural Products:(UNPD62951);PubChem:(14706939);PubMed	2129986
40	1	N/A	-215.78048182025626	C13H14O3	[M + H]+	GHQDBAZVONWVHX	InChI=1S/C13H14O3/c1-3-4-5-6-12(15)10-7-8-11(14)9(2)13(10)16/h3-8,14,16H,1-2H3	null	CC=CC=CC(=O)C1=C(C(=C(C=C1)O)C)O	3.29999995	10198313;71437922;131440722	COCONUT:(CNP0237827);Natural Products:(UNPD136400);PubChem:(10198313 71437922 131440722);SuperNatural:(SN00389333)	3178498
41	1	N/A	-216.3258102683152	C13H14O3	[M + H]+	OSPMYBMOVIBYNI	InChI=1S/C13H14O3/c14-12(10-13(15)16)9-5-4-8-11-6-2-1-3-7-11/h1-9,12,14H,10H2,(H,15,16)	null	C1=CC=C(C=C1)C=CC=CC(CC(=O)O)O	1.89999998	23428026	COCONUT:(CNP0171347);Natural Products:(UNPD127803);PubChem:(23428026);SuperNatural:(SN00305045)	3178498
42	1	N/A	-216.68970479876864	C13H14O3	[M + H]+	PDVBRFKIRWATOO	InChI=1S/C13H14O3/c14-13(15)10-6-8-12(9-7-10)16-11-4-2-1-3-5-11/h2,4,6-9,11H,1,3,5H2,(H,14,15)	4-cyclohex-2-en-1-yloxybenzoate	C1CC=CC(C1)OC2=CC=C(C=C2)C(=O)O	2.9000001	96210;719259;719261;7586609;7343247;22174014	PubChem:(96210 719259 719261 7586609 7343247 22174014);NORMAN:(NS00043732)	262146
43	1	N/A	-218.43131417297724	C13H14O3	[M + H]+	KWZYQHQNOWRQRG	InChI=1S/C13H14O3/c1-7(2)13-12(15)10-6-9(8(3)14)4-5-11(10)16-13/h4-6,12-13,15H,1H2,2-3H3	3-Hydroxytremetone	CC(=C)C1C(C2=C(O1)C=CC(=C2)C(=O)C)O	1.79999995	317195;441948;134889043	COCONUT:(CNP0206678);KNApSAcK:(2410);Natural Products:(UNPD33836 UNPD104090 UNPD69108);PubChem:(317195 441948 134889043);SuperNatural:(SN00156982 SN00368240);CHEBI:(9645);KEGG:(C08979);PubMed	3178866
44	1	N/A	-218.5542751992941	C13H14O3	[M + H]+	FOPGKSTYILHGIZ	InChI=1S/C13H14O3/c1-3-4-11-6-10-5-9(8(2)14)7-12(15)13(10)16-11/h3-5,7,11,15H,6H2,1-2H3	null	CC=CC1CC2=C(O1)C(=CC(=C2)C(=O)C)O	2.20000005	129713899	COCONUT:(CNP0154547);Natural Products:(UNPD215688);PubChem:(129713899)	2129922
45	1	N/A	-219.58724775926132	C13H14O3	[M + H]+	KDFGJXOGEXWKQI	InChI=1S/C13H14O3/c1-16-13-5-3-2-4-12(13)9-6-10(14)8-11(15)7-9/h2-5,9H,6-8H2,1H3	5-(2-methoxyphenyl)cyclohexane-1,3-dione	COC1=CC=CC=C1C2CC(=O)CC(=O)C2	1.29999995	17122313	PubChem:(17122313);PubChem class - safety and toxic	67108866
46	1	N/A	-220.09593101501156	C13H14O3	[M + H]+	GZARMOBQFMOKEQ	InChI=1S/C13H14O3/c1-8(14)9-3-4-11-10(5-9)6-12(16-11)13(2)7-15-13/h3-5,12H,6-7H2,1-2H3	null	CC(=O)C1=CC2=C(C=C1)OC(C2)C3(CO3)C	1.60000002	11042199	COCONUT:(CNP0307311);PubChem:(11042199);PubMed;KEGG Mine	8592031810
47	1	N/A	-220.594801989891	C13H14O3	[M + H]+	GWXUAIFBKMNTQY	InChI=1S/C13H14O3/c1-7(2)12-6-10-4-9(8(3)14)5-11(15)13(10)16-12/h4-5,12,15H,1,6H2,2-3H3	null	CC(=C)C1CC2=C(O1)C(=CC(=C2)C(=O)C)O	2.5999999	101417066	COCONUT:(CNP0320548);Natural Products:(UNPD81547);PubChem:(101417066);SuperNatural:(SN00341733);KEGG Mine	8593113090
48	1	N/A	-221.72675343635905	C13H14O3	[M + H]+	CNSHKPKINJRIIQ	InChI=1S/C13H14O3/c1-9-3-5-11(15-9)6-7-12(14)13-8-4-10(2)16-13/h3-5,8H,6-7H2,1-2H3	1,3-bis(5-methylfuran-2-yl)propan-1-one	CC1=CC=C(O1)CCC(=O)C2=CC=C(O2)C	2.79999995	919050	COCONUT:(CNP0055065);PubChem:(919050);SuperNatural:(SN00118704);ZINC bio:(ZINC00506330)	3153922
49	1	N/A	-223.25140891179896	C13H14O3	[M + H]+	ZJZHIDLIMJMPHS	InChI=1S/C13H14O3/c1-13(2)7-9(12(15)16)11(14)8-5-3-4-6-10(8)13/h3-6,9H,7H2,1-2H3,(H,15,16)	1,2-Ddona	CC1(CC(C(=O)C2=CC=CC=C21)C(=O)O)C	3.20000005	139352	MeSH:(139352);PubChem:(139352);PubMed	70
50	1	N/A	-224.45958196652384	C13H14O3	[M + H]+	BYNNMWGWFIGTIC	InChI=1S/C13H14O3/c14-8-11(15)9-16-13-7-3-5-10-4-1-2-6-12(10)13/h1-7,11,14-15H,8-9H2	Tocris-0851	C1=CC=C2C(=C1)C=CC=C2OCC(CO)O	1.86844921	37369;6604764;11009420;131667920	MeSH:(37369);PubChem class - safety and toxic;PubChem:(37369 6604764 11009420 131667920);PubMed;PubChem class - bio and metabolites	83886150
51	1	N/A	-226.09195715241893	C13H14O3	[M + H]+	CMQJLBJGHOIYQT	InChI=1S/C13H14O3/c1-9(14)15-11-6-4-5-10-7-8-13(2,3)16-12(10)11/h4-8H,1-3H3	null	CC(=O)OC1=CC=CC2=C1OC(C=C2)(C)C	2.5999999	101088553	PubChem:(101088553);COCONUT:(CNP0000256)	2097154
52	1	N/A	-234.44478982342906	C13H14O3	[M + H]+	VBALZFAMLTTXLW	InChI=1S/C13H14O3/c1-9(14)15-11-4-5-12-10(8-11)6-7-13(2,3)16-12/h4-8H,1-3H3	null	CC(=O)OC1=CC2=C(C=C1)OC(C=C2)(C)C	2.69750261	69064900	PubChem:(69064900);COCONUT:(CNP0400516)	2097154
53	1	N/A	-237.72684951650638	C13H14O3	[M + H]+	DHCNDDIKPFLNAO	InChI=1S/C13H14O3/c1-4-15-10-5-6-11-8(2)9(3)13(14)16-12(11)7-10/h5-7H,4H2,1-3H3	7-ethoxy-3,4-dimethylchromen-2-one	CCOC1=CC2=C(C=C1)C(=C(C(=O)O2)C)C	2.5	882693	COCONUT:(CNP0208253);Natural Products:(UNPD149816);PubChem:(882693);SuperNatural:(SN00306870);ZINC bio:(ZINC00453822)	3186690
54	1	N/A	-239.63953998365506	C13H14O3	[M + H]+	JQXRWQWSAPEQHU	InChI=1S/C13H14O3/c1-8(7-14)13-6-11-5-10(9(2)15)3-4-12(11)16-13/h3-6,8,14H,7H2,1-2H3	null	CC(CO)C1=CC2=C(O1)C=CC(=C2)C(=O)C	1.89999998	15690488	COCONUT:(CNP0313660);Natural Products:(UNPD7224);PubChem:(15690488);SuperNatural:(SN00390642)	3178498
55	1	N/A	-240.20118496400053	C13H14O3	[M + H]+	AGCTVCFSNYYNGJ	InChI=1S/C13H14O3/c1-7(2)12-5-9-4-10(8(3)14)11(15)6-13(9)16-12/h4-7,15H,1-3H3	null	CC(C)C1=CC2=CC(=C(C=C2O1)O)C(=O)C	3.4000001	85826929	COCONUT:(CNP0278267);Natural Products:(UNPD121020);PubChem:(85826929)	2129922
56	1	N/A	-240.21869448113193	C13H14O3	[M + H]+	QAJBDDLCYJBYMG	InChI=1S/C13H14O3/c1-8-3-5-10(6-4-8)13-11(9(2)14)7-12(15)16-13/h3-6,11,13H,7H2,1-2H3	4-acetyl-5-(4-methylphenyl)oxolan-2-one	CC1=CC=C(C=C1)C2C(CC(=O)O2)C(=O)C	1.39999998	3021198;21789883;71428900	PubChem:(3021198 21789883 71428900);PubChem class - safety and toxic	67108866
57	1	N/A	-244.6134467335685	C13H14O3	[M + H]+	SVUVYHFYZBCYRF	InChI=1S/C13H14O3/c1-8(14)10-6-9-4-5-13(2,3)16-12(9)7-11(10)15/h4-7,15H,1-3H3	Spectrum_000670	CC(=O)C1=C(C=C2C(=C1)C=CC(O2)(C)C)O	2.70000005	100768	COCONUT:(CNP0236353);KNApSAcK:(2427);Natural Products:(UNPD27545);PubChem:(100768);SuperNatural:(SN00001813);CHEBI:(4936);ZINC bio:(ZINC00897926);KEGG:(C09006);Training Set;PubMed	3203442
58	1	N/A	-245.1290842073479	C13H14O3	[M + H]+	YQQWLVATBNOLOM	InChI=1S/C13H14O3/c1-2-3-4-5-9-8-16-13-11(9)6-10(14)7-12(13)15/h3,5-7,9,14-15H,2,8H2,1H3	AmbotzLS-1096	CCC=C=CC1COC2=C1C=C(C=C2O)O	2.0999999	195615	MeSH:(195615);KNApSAcK:(17588);PubChem:(195615);PubMed	86
59	1	N/A	-249.91844280793387	C13H14O3	[M + H]+	GMZYYFZNGOWVMM	InChI=1S/C13H14O3/c1-9(14)15-11-5-4-6-12-10(11)7-8-13(2,3)16-12/h4-8H,1-3H3	null	CC(=O)OC1=CC=CC2=C1C=CC(O2)(C)C	2.69750261	""	COCONUT:(CNP0000253)	2097152
60	1	N/A	-250.05223410862519	C13H14O3	[M + H]+	GHZRKUIAWAOWRH	InChI=1S/C13H14O3/c1-8(14)9-4-5-11-10(12(9)15)6-7-13(2,3)16-11/h4-7,15H,1-3H3	1-(5-hydroxy-2,2-dimethylchromen-6-yl)ethanone	CC(=O)C1=C(C2=C(C=C1)OC(C=C2)(C)C)O	2.70000005	827487	COCONUT:(CNP0256596);Natural Products:(UNPD190552);PubChem:(827487);SuperNatural:(SN00254897);ZINC bio:(ZINC00347951);PubMed	3186754
61	1	N/A	-250.84737139420693	C13H14O3	[M + H]+	QIQJOLWVADYXBG	InChI=1S/C13H14O3/c1-3-5-9-7-11(13(15)16)8-10(6-4-2)12(9)14/h3-4,7-8,14H,1-2,5-6H2,(H,15,16)	3,5-Diallyl-4-hydroxybenzoic acid	C=CCC1=CC(=CC(=C1O)CC=C)C(=O)O	3.20000005	57765	PubChem:(57765);PubChem class - safety and toxic	67108866
62	1	N/A	-254.54435600065474	C13H14O3	[M + H]+	LSPJWTLKSRRFNV	InChI=1S/C13H14O3/c1-13(2)8-7-9-10(12(14)15-3)5-4-6-11(9)16-13/h4-8H,1-3H3	null	CC1(C=CC2=C(C=CC=C2O1)C(=O)OC)C	2.70000005	46918550	COCONUT:(CNP0049726);PubChem:(46918550);PubMed	2097218
63	1	N/A	-255.4376339999292	C13H14O3	[M + H]+	HPHLMVQWIOPSME	InChI=1S/C13H14O3/c1-8(14)6-12-10-7-9(15)4-5-11(10)13(2,3)16-12/h4-7,15H,1-3H3	null	CC(=O)C=C1C2=C(C=CC(=C2)O)C(O1)(C)C	1.60000002	131579197	COCONUT:(CNP0176113);Natural Products:(UNPD204046 UNPD228894);PubChem:(131579197)	2129922
64	1	N/A	-259.32220322229574	C13H14O3	[M + H]+	ROWWZMMEUAEBOW	InChI=1S/C13H14O3/c1-7(2)13-12(15)10-6-9(8(3)14)4-5-11(10)16-13/h4-6,8,14H,1-3H3	null	CC(C1=CC2=C(C=C1)OC(=C(C)C)C2=O)O	2.5	101417056	COCONUT:(CNP0151837);Natural Products:(UNPD44240);PubChem:(101417056);SuperNatural:(SN00324180)	3178498
65	1	N/A	-263.79113278971334	C13H14O3	[M + H]+	NOFWTGTWDLFYGY	InChI=1S/C13H14O3/c14-13(15)9-16-12-7-5-11(6-8-12)10-3-1-2-4-10/h1,3,5-8,10H,2,4,9H2,(H,14,15)	(4-(2-Cyclopenten-1-yl)phenoxy)acetic acid	C1CC(C=C1)C2=CC=C(C=C2)OCC(=O)O	2.9000001	55846	PubChem:(55846);PubChem class - safety and toxic	67108866
66	1	N/A	-266.5631066797155	C13H14O3	[M + H]+	VNFUBWGCLFVKCB	InChI=1S/C13H14O3/c1-8(14)10-5-4-9-6-7-13(2,3)16-12(9)11(10)15/h4-7,15H,1-3H3	null	CC(=O)C1=C(C2=C(C=C1)C=CC(O2)(C)C)O	2.70000005	15379485	COCONUT:(CNP0253104);Natural Products:(UNPD32925);PubChem:(15379485);SuperNatural:(SN00335229)	3178498
67	1	N/A	-267.32598820133126	C13H14O3	[M + H]+	PUKWJEYNRZPXEX	InChI=1S/C13H14O3/c14-11(5-7-12-3-1-9-15-12)6-8-13-4-2-10-16-13/h1-4,9-10H,5-8H2	3-Pentanone,5-di-2-furyl-	C1=COC(=C1)CCC(=O)CCC2=CC=CO2	1.89999998	80175	NORMAN:(NS00045476);PubChem class - safety and toxic;PubChem:(80175);PubMed	67371074
68	1	N/A	-267.729069904835	C13H14O3	[M + H]+	RTFMELNIBACUEH	InChI=1S/C13H14O3/c1-9(15)10-3-4-12-11(7-10)5-6-13(2,8-14)16-12/h3-7,14H,8H2,1-2H3	Ethanone, 1-[2-(hydroxymethyl)-2-methyl-2H-1-benzopyran-6-yl]-	CC(=O)C1=CC2=C(C=C1)OC(C=C2)(C)CO	1.5	13851474;90477028	COCONUT:(CNP0277753);Natural Products:(UNPD171565 UNPD39207);PubChem:(13851474 90477028);SuperNatural:(SN00248659 SN00355854)	3178498
69	1	N/A	-271.3315219734016	C13H14O3	[M + H]+	UFVKXIXGJJWITR	InChI=1S/C13H14O3/c1-7(2)9-5-13(15)16-12-6-11(14)8(3)4-10(9)12/h4-7,14H,1-3H3	null	CC1=CC2=C(C=C1O)OC(=O)C=C2C(C)C	2.5999999	13831855	COCONUT:(CNP0324129);Natural Products:(UNPD86310);PubChem:(13831855);SuperNatural:(SN00380996);ZINC bio:(ZINC14485632)	3186690
70	1	N/A	-278.4763051040076	C13H14O3	[M + H]+	LATSAVAHDMSYNE	InChI=1S/C13H14O3/c14-11-8-12(16-13(15)9-11)7-6-10-4-2-1-3-5-10/h1-7,11-12,14H,8-9H2	4-hydroxy-6-[(E)-2-phenylethenyl]oxan-2-one	C1C(CC(=O)OC1C=CC2=CC=CC=C2)O	1.70000005	13186017;11085262;11106830;10465961;44291237;54023836;101073128	COCONUT:(CNP0187056);PubChem:(13186017 11085262 11106830 10465961 44291237 54023836 101073128);PubMed	2097218
71	1	N/A	-281.1375298786794	C13H14O3	[M + H]+	BVQOOKUOYKXECX	InChI=1S/C13H14O3/c1-13(2)7-6-9-8-10(12(14)15-3)4-5-11(9)16-13/h4-8H,1-3H3	methyl 2,2-dimethylchromene-6-carboxylate	CC1(C=CC2=C(O1)C=CC(=C2)C(=O)OC)C	2.70000005	5316881	COCONUT:(CNP0360917);KNApSAcK:(39752);Natural Products:(UNPD150134);PubChem:(5316881);SuperNatural:(SN00143394);PubMed	3178578
72	1	N/A	-281.44001611528756	C13H14O3	[M + H]+	HVEBVQQBKOIZHU	InChI=1S/C13H14O3/c1-9-12(14)11(16-13(9)15)8-7-10-5-3-2-4-6-10/h2-6,11,14H,7-8H2,1H3	null	CC1=C(C(OC1=O)CCC2=CC=CC=C2)O	2.74699974	""	COCONUT:(CNP0121014)	2097152
73	1	N/A	-281.9375315869579	C13H14O3	[M + H]+	WVRANUKWDFBAOQ	InChI=1S/C13H14O3/c1-2-3-4-5-6-9-12(14)10-7-8-11-13(15)16/h1,5,9,12,14H,7-8,10-11H2,(H,15,16)	null	C#CC#CC=C=CC(CCCCC(=O)O)O	0.899999976	10443368;85144898	COCONUT:(CNP0212355);KNApSAcK:(16496);Natural Products:(UNPD122895);PubChem:(10443368 85144898);MeSH:(85144898);PubMed	2130006
74	1	N/A	-283.8331652999789	C13H14O3	[M + H]+	NRSOFNZPFPBHBU	InChI=1S/C13H14O3/c14-11-7-4-8-13(11,9-12(15)16)10-5-2-1-3-6-10/h1-3,5-6H,4,7-9H2,(H,15,16)	2-Oxo-1-phenylcyclopentaneacetic acid	C1CC(=O)C(C1)(CC(=O)O)C2=CC=CC=C2	1.39999998	199031	PubChem:(199031);PubChem class - safety and toxic	67108866
75	1	N/A	-285.80560261065057	C13H14O3	[M + H]+	JGIIGTJEQMRDLG	InChI=1S/C13H14O3/c1-13(2)6-5-10-7-9(11(15)8-14)3-4-12(10)16-13/h3-7,14H,8H2,1-2H3	null	CC1(C=CC2=C(O1)C=CC(=C2)C(=O)CO)C	1.89999998	86091752	COCONUT:(CNP0265483);Natural Products:(UNPD163523);PubChem:(86091752)	2129922
76	1	N/A	-288.2348321057278	C13H14O3	[M + H]+	CNYGDWQUBNSOAR	InChI=1S/C13H14O3/c14-12-9-16-13(15)11(12)8-4-7-10-5-2-1-3-6-10/h1-3,5-6,14H,4,7-9H2	5-hydroxy-4-(3-phenylpropyl)furan-3-one	C1C(=C(C(=O)O1)CCCC2=CC=CC=C2)O	2.4000001	54676475	PubChem:(54676475);PubChem class - safety and toxic	67108866
77	1	N/A	-294.07905287278936	C13H14O3	[M + H]+	MPUFGOPEVKRAGE	InChI=1S/C13H14O3/c1-2-3-7-12-13-9(11(15)8-16-12)5-4-6-10(13)14/h4-7,14H,2-3,8H2,1H3	(1Z)-1-butylidene-8-hydroxyisochromen-4-one	CCCC=C1C2=C(C=CC=C2O)C(=O)CO1	2.9000001	5315862	COCONUT:(CNP0250718);Natural Products:(UNPD131685);PubChem:(5315862);SuperNatural:(SN00349284)	3178498
78	1	N/A	-294.2499976806167	C13H14O3	[M + H]+	ZGQPPXFOPXPHJR	InChI=1S/C13H14O3/c1-8(14)10-6-9-4-5-13(2,3)16-12(9)11(15)7-10/h4-7,15H,1-3H3	null	CC(=O)C1=CC2=C(C(=C1)O)OC(C=C2)(C)C	2.20000005	11106833	COCONUT:(CNP0120460);Natural Products:(UNPD138432);PubChem:(11106833);SuperNatural:(SN00324990)	3178498
79	1	N/A	-295.6463356735248	C13H14O3	[M + H]+	JJKBKOOIAOIYSD	InChI=1S/C13H14O3/c1-8(14)9-4-5-11-10(6-9)7-12(16-11)13(2,3)15/h4-7,15H,1-3H3	Ethanone, 1-[2-(1-hydroxy-1-methylethyl)-5-benzofuranyl]-	CC(=O)C1=CC2=C(C=C1)OC(=C2)C(C)(C)O	1.70000005	12629821	COCONUT:(CNP0366741);Natural Products:(UNPD43346);PubChem:(12629821);SuperNatural:(SN00301328)	3178498
80	1	N/A	-298.5349424524011	C13H14O3	[M + H]+	IZOCZZMTQMWKLQ	InChI=1S/C13H14O3/c1-7(2)12-8(3)10-5-4-9(14)6-11(10)16-13(12)15/h4-7,14H,1-3H3	Oprea1_384989	CC1=C(C(=O)OC2=C1C=CC(=C2)O)C(C)C	2.5999999	5417108	COCONUT:(CNP0376160);PubChem:(5417108);SuperNatural:(SN00046473);PubMed;ZINC bio:(ZINC00489460)	3153986
81	1	N/A	-315.56107250656993	C13H14O3	[M + H]+	QLNZFAWSIZEBMB	InChI=1S/C13H14O3/c1-8-4-10(6-11(14)5-8)9-2-3-12(15)13(16)7-9/h2-3,5,7,10,15-16H,4,6H2,1H3	null	CC1=CC(=O)CC(C1)C2=CC(=C(C=C2)O)O	1.5	91206304	COCONUT:(CNP0132802);Natural Products:(UNPD8272);PubChem:(91206304);SuperNatural:(SN00392136);PubMed	3178562
82	1	N/A	-318.657707588701	C13H14O3	[M + H]+	LSWMNSDAKSDOOU	InChI=1S/C13H14O3/c1-2-3-5-12-9-10(13(14)16-12)8-11-6-4-7-15-11/h4,6-9H,2-3,5H2,1H3	5-Butyl-3-(furanylmethylene)-2(3H)-furanone	CCCCC1=CC(=CC2=CC=CO2)C(=O)O1	3.20000005	6449402	PubChem:(6449402);PubChem class - safety and toxic	67108866
83	1	N/A	-328.5410041015978	C13H14O3	[M + H]+	ZUJNZQBIDOPAKD	InChI=1S/C13H14O3/c1-9-11(14)7-8-13(9,12(15)16)10-5-3-2-4-6-10/h2-6,9H,7-8H2,1H3,(H,15,16)	Oprea1_051167	CC1C(=O)CCC1(C2=CC=CC=C2)C(=O)O	1.60000002	815464;815466;815469;4517771;2842472;7014141;7014142;6946244;6946245;6946246	COCONUT:(CNP0316977);PubChem:(815464 815466 815469 4517771 2842472 7014141 7014142 6946244 6946245 6946246);SuperNatural:(SN00044915 SN00044913 SN00044914 SN00063874);PubMed;ZINC bio:(ZINC00328219 ZINC00328221 ZINC00328224 ZINC02496808)	3153986
84	1	N/A	-345.0505441397055	C13H14O3	[M + H]+	GQAQMODYIXRCPZ	InChI=1S/C13H14O3/c1-9(2)6-12-8-10(13(14)16-12)7-11-4-3-5-15-11/h3-5,7-9H,6H2,1-2H3	3-(furan-2-ylmethylidene)-5-(2-methylpropyl)furan-2-one	CC(C)CC1=CC(=CC2=CC=CO2)C(=O)O1	3.0	1765191;1765192;933464	COCONUT:(CNP0360048);PubChem:(1765191 1765192 933464);SuperNatural:(SN00075092);ZINC bio:(ZINC05632805)	3153922
85	1	N/A	-382.65801793867956	C13H14O3	[M + H]+	DHPNNQBUJMKFRS	InChI=1S/C13H14O3/c14-11-10-5-2-1-4-9(10)8-13(15)6-3-7-16-12(11)13/h1-2,4-5,12,15H,3,6-8H2	4a-hydroxy-3,4,5,10a-tetrahydro-2H-benzo[g]chromen-10-one	C1CC2(CC3=CC=CC=C3C(=O)C2OC1)O	1.29999995	4020148;2752945	COCONUT:(CNP0379571);PubChem:(4020148 2752945);SuperNatural:(SN00126073);ZINC bio:(ZINC03848065)	3153922
1	1	0.29755699316250245	-70.01807047861851	C13H16O4	[M - H2O + H]+	MVLZLHBOBVWBQS	InChI=1S/C13H16O4/c1-10(14)17-8-4-5-11-6-7-12(15-2)13(9-11)16-3/h4-7,9H,8H2,1-3H3	bmse010090	CC(=O)OCC=CC1=CC(=C(C=C1)OC)OC	2.20502782	362712;5387771	COCONUT:(CNP0330794);Natural Products:(UNPD95636);PubChem:(362712 5387771);CHEBI:(86550);PubMed;KEGG Mine	8592064610
2	1	N/A	-91.55355948866489	C13H16O4	[M - H2O + H]+	ADQWZZPCGOXVIC	InChI=1S/C13H16O4/c1-4-5-10-6-7-11(12(8-10)15-2)17-9-13(14)16-3/h4-8H,9H2,1-3H3	methyl 2-[2-methoxy-4-(prop-1-en-1-yl)phenoxy]acetate	CC=CC1=CC(=C(C=C1)OCC(=O)OC)OC	2.79999995	37979329;72160635;97301392	COCONUT:(CNP0010869);Training Set;PubChem:(37979329 72160635 97301392)	2113538
3	1	N/A	-108.62539359628768	C13H16O4	[M - H2O + H]+	PMCRUVXPKPYGIA	InChI=1S/C13H16O4/c1-4-7-16-12-6-5-11(8-13(12)15-3)9-17-10(2)14/h4-6,8H,1,7,9H2,2-3H3	3-methoxy-4-(prop-2-en-1-yloxy)benzyl acetate	CC(=O)OCC1=CC(=C(C=C1)OCC=C)OC	2.27019906	1792885	COCONUT:(CNP0372343);PubChem:(1792885);SuperNatural:(SN00060881);ZINC bio:(ZINC02137432)	3153922
4	1	N/A	-110.22660711319325	C13H16O4	[M - H2O + H]+	FGYDHYCFHBSNPE	InChI=1S/C13H16O4/c1-3-16-12(14)11(13(15)17-4-2)10-8-6-5-7-9-10/h5-9,11H,3-4H2,1-2H3	CBMicro_047868	CCOC(=O)C(C1=CC=CC=C1)C(=O)OCC	2.5999999	66514	NORMAN:(NS00038239);PubChem:(66514);PubMed	262210
5	1	N/A	-120.07089686466622	C13H16O4	[M - H2O + H]+	UAWHZODFGAHJCC	InChI=1S/C13H16O4/c1-4-13(17-10(3)15)11-5-7-12(8-6-11)16-9(2)14/h5-8,13H,4H2,1-3H3	Dihydrogalangal acetate	CCC(C1=CC=C(C=C1)OC(=O)C)OC(=O)C	2.29999995	14638401;42612646;42612647	COCONUT:(CNP0320247);Natural Products:(UNPD81140);PubChem class - food;PubChem:(14638401 42612646 42612647);SuperNatural:(SN00298371);MeSH:(14638401);PubMed	137396294
6	1	N/A	-121.2602310188239	C13H16O4	[M - H2O + H]+	KLRIPGUKDNOFIB	InChI=1S/C13H16O4/c1-10(14)17-8-4-3-5-11-6-7-12(15)13(9-11)16-2/h3,5-7,9,15H,4,8H2,1-2H3	null	CC(=O)OCCC=CC1=CC(=C(C=C1)O)OC	2.24451208	23725772;68909067	COCONUT:(CNP0269122);Natural Products:(UNPD109573);PubChem:(23725772 68909067);SuperNatural:(SN00240579)	3178498
7	1	N/A	-122.24693768731319	C13H16O4	[M - H2O + H]+	QGWDFOUZWCUWLS	InChI=1S/C13H16O4/c1-9(16-10(2)14)13(17-11(3)15)12-7-5-4-6-8-12/h4-9,13H,1-3H3	[(1S,2R)-1-acetyloxy-1-phenylpropan-2-yl] acetate	CC(C(C1=CC=CC=C1)OC(=O)C)OC(=O)C	2.0	13403360;13403362;13403363;21677631;101137810;101137811;101137812;101137813;101871777;101871780	COCONUT:(CNP0129402);Natural Products:(UNPD209420 UNPD77907);PubChem:(13403360 13403362 13403363 21677631 101137810 101137811 101137812 101137813 101871777 101871780);SuperNatural:(SN00367627)	3178498
8	1	N/A	-127.46682367388406	C13H16O4	[M - H2O + H]+	ZJXYACWWRPIGEQ	InChI=1S/C13H16O4/c1-16-12(14)8-11(9-13(15)17-2)10-6-4-3-5-7-10/h3-7,11H,8-9H2,1-2H3	Dimethyl 3-phenylpentanedioate	COC(=O)CC(CC(=O)OC)C1=CC=CC=C1	1.60000002	4173488	PubChem class - safety and toxic;PubChem:(4173488);PubMed	67108930
9	1	N/A	-128.89766040216617	C13H16O4	[M - H2O + H]+	HCIFIHNJOLFAAX	InChI=1S/C13H16O4/c1-9(2)17-11-6-4-10(5-7-13(14)15)8-12(11)16-3/h4-9H,1-3H3,(H,14,15)	(E)-3-(4-isopropoxy-3-methoxyphenyl)acrylic acid	CC(C)OC1=C(C=C(C=C1)C=CC(=O)O)OC	2.67319179	1622512;1622513;733084;733085;4293828;5555140	COCONUT:(CNP0165985 CNP0378549);PubChem:(1622512 1622513 733084 733085 4293828 5555140);SuperNatural:(SN00043531);ZINC bio:(ZINC00147909)	3153922
10	1	N/A	-131.0822908579038	C13H16O4	[M - H2O + H]+	ASXCXYNHCRSLLJ	InChI=1S/C13H16O4/c1-4-5-11-6-7-12(16-9(2)14)13(8-11)17-10(3)15/h6-8H,4-5H2,1-3H3	1,2-Diacetoxy-4-propylbenzene	CCCC1=CC(=C(C=C1)OC(=O)C)OC(=O)C	3.06522727	192226	MeSH:(192226);PubChem:(192226);PubMed	70
11	1	N/A	-131.388314486032	C13H16O4	[M - H2O + H]+	XTSFEXUEVQUSQE	InChI=1S/C13H16O4/c1-3-8-17-13(15)7-5-10-4-6-11(14)12(9-10)16-2/h4-7,9,14H,3,8H2,1-2H3	2-Propenoic acid, 3-(4-hydroxy-3-methoxyphenyl)-, propyl ester	CCCOC(=O)C=CC1=CC(=C(C=C1)O)OC	2.66988349	9881169;54487971	COCONUT:(CNP0346569);PubChem:(9881169 54487971);PubMed	2097218
12	1	N/A	-133.0869190114198	C13H16O4	[M - H2O + H]+	NTVKQXXUTNSBBQ	InChI=1S/C13H16O4/c1-9(2)12(14)8-17-11-5-3-10(4-6-11)7-13(15)16/h3-6,12,14H,1,7-8H2,2H3,(H,15,16)	Stachyline B	CC(=C)C(COC1=CC=C(C=C1)CC(=O)O)O	1.89492965	45359163;50993977	COCONUT:(CNP0170194 CNP0206220);Natural Products:(UNPD167429);PubChem:(45359163 50993977);SuperNatural:(SN00032951 SN00339827 SN00032952);CHEBI:(70076);ZINC bio:(ZINC35456239 ZINC35456244);additional;Training Set;PubMed	3727458
13	1	N/A	-137.2369227351814	C13H16O4	[M - H2O + H]+	SBOBOTARPDBQPK	InChI=1S/C13H16O4/c1-10(14)16-9-8-13(17-11(2)15)12-6-4-3-5-7-12/h3-7,13H,8-9H2,1-2H3	1-Phenylpropane-1,3-diyl diacetate	CC(=O)OCCC(C1=CC=CC=C1)OC(=O)C	1.89999998	97745;11096589;92172807	PubChem:(97745 11096589 92172807);NORMAN:(NS00043994)	262146
14	1	N/A	-140.07068630132147	C13H16O4	[M - H2O + H]+	YDQOBYGKVPXOEF	InChI=1S/C13H16O4/c1-3-4-9-16-13(15)11-7-5-6-8-12(11)17-10(2)14/h5-8H,3-4,9H2,1-2H3	Benzoic acid, 2-(acetyloxy)-, butyl ester	CCCCOC(=O)C1=CC=CC=C1OC(=O)C	2.97795343	20571668	COCONUT:(CNP0310317);Natural Products:(UNPD68171);PubChem:(20571668);SuperNatural:(SN00307713)	3178498
15	1	N/A	-140.63277188612108	C13H16O4	[M - H2O + H]+	ADJMAKIJBCRROI	InChI=1S/C13H16O4/c1-8(2)12(15)7-10-6-9(13(16)17-3)4-5-11(10)14/h4-6,12,14-15H,1,7H2,2-3H3	methyl 4-hydroxy-3-(2-hydroxy-3-methylbut-3-enyl)benzoate	CC(=C)C(CC1=C(C=CC(=C1)C(=O)OC)O)O	2.29999995	13846908	COCONUT:(CNP0268167);Natural Products:(UNPD187166);PubChem:(13846908);SuperNatural:(SN00143357);ZINC bio:(ZINC14455174 ZINC14455175);PubMed	3186754
16	1	N/A	-148.6618832850337	C13H16O4	[M - H2O + H]+	WPDTWMWIRBCOSB	InChI=1S/C13H16O4/c1-9(17-10(2)14)3-4-11-5-6-12-13(7-11)16-8-15-12/h5-7,9H,3-4,8H2,1-2H3	.alpha.-Methyl-1, acetate	CC(CCC1=CC2=C(C=C1)OCO2)OC(=O)C	2.90517044	101140	PubChem:(101140);NORMAN:(NS00061428)	262146
17	1	N/A	-153.6158790416058	C13H16O4	[M - H2O + H]+	FDYLVSINANJYBC	InChI=1S/C13H16O4/c1-5-6-10-7-11(15-3)13(17-9(2)14)12(8-10)16-4/h5,7-8H,1,6H2,2-4H3	4-Allyl-2,6-dimethoxyphenyl acetate	CC(=O)OC1=C(C=C(C=C1OC)CC=C)OC	2.80700922	21627673	COCONUT:(CNP0108921);Natural Products:(UNPD141772);PubChem:(21627673);SuperNatural:(SN00270684)	3178498
18	1	N/A	-154.7987013127258	C13H16O4	[M - H2O + H]+	HETOAXKLYRCONC	InChI=1S/C13H16O4/c1-9(2)5-13(14)15-7-10-3-4-11-12(6-10)17-8-16-11/h3-4,6,9H,5,7-8H2,1-2H3	1,3-Benzodioxol-5-ylmethyl isovalerate	CC(C)CC(=O)OCC1=CC2=C(C=C1)OCO2	2.8260777	95949	PubChem:(95949);NORMAN:(NS00038568)	262146
19	1	N/A	-155.18962747773983	C13H16O4	[M - H2O + H]+	DXFANIGIQOZRMR	InChI=1S/C13H16O4/c1-3-11(17-13(16)8-12(14)15)10-6-4-9(2)5-7-10/h4-7,11H,3,8H2,1-2H3,(H,14,15)	alpha-Ethyl-p-methylbenzyl ester of malonic acid	CCC(C1=CC=C(C=C1)C)OC(=O)CC(=O)O	2.5999999	58843	PubChem:(58843);PubChem class - safety and toxic	67108866
20	1	N/A	-158.31593771054395	C13H16O4	[M - H2O + H]+	KBTWMQRNUHIETA	InChI=1S/C13H16O4/c1-9(2)17-13(15)7-5-10-4-6-11(14)12(8-10)16-3/h4-9,14H,1-3H3	Isopropyl ferulate	CC(C)OC(=O)C=CC1=CC(=C(C=C1)O)OC	2.67319179	43093;6434600;92859087	COCONUT:(CNP0261079);PubChem class - safety and toxic;PubChem:(43093 6434600 92859087);PubMed	69206082
21	1	N/A	-160.19489392604083	C13H16O4	[M - H2O + H]+	DIVLBIVDYADZPL	InChI=1S/C13H16O4/c1-8(12(14)15)7-10-3-5-11(6-4-10)9(2)13(16)17/h3-6,8-9H,7H2,1-2H3,(H,14,15)(H,16,17)	Carboxyibuprofen	CC(CC1=CC=C(C=C1)C(C)C(=O)O)C(=O)O	2.31344128	10800071;14367772;14367773;14367774;14367775;10444113;57347581;74603325;100999936	NORMAN:(NS00010569);COCONUT:(CNP0081897 CNP0081898);HMDB:(60564);PubChem:(10800071 14367772 14367773 14367774 14367775 10444113 57347581 74603325 100999936);CHEBI:(133199 133200);additional;PubChem class - bio and metabolites;MeSH:(10444113);Training Set;PubMed	19677294
22	1	N/A	-161.4770840387812	C13H16O4	[M - H2O + H]+	DIBOBZWXYMABIA	InChI=1S/C13H16O4/c1-15-10-4-3-9(12(8-10)16-2)7-11-5-6-13(14)17-11/h3-4,8,11H,5-7H2,1-2H3	Oprea1_172363	COC1=CC(=C(C=C1)CC2CCC(=O)O2)OC	2.0999999	592032;708469;708471	COCONUT:(CNP0358058);PubChem:(592032 708469 708471);SuperNatural:(SN00117203 SN00117202);ZINC bio:(ZINC00097089 ZINC00097092)	3153922
23	1	N/A	-161.83375479134205	C13H16O4	[M - H2O + H]+	QZLUEKVALMNAEZ	InChI=1S/C13H16O4/c1-3-17-13(15)10-7-9(10)8-4-5-11(14)12(6-8)16-2/h4-6,9-10,14H,3,7H2,1-2H3	Ethyl (1s,2s)-2-(4-Hydroxy-3-Methoxyphenyl)cyclopropanecarboxylate	CCOC(=O)C1CC1C2=CC(=C(C=C2)O)OC	1.89999998	23644574	PubChem:(23644574);PubChem class - bio and metabolites	16777218
24	1	N/A	-166.88797340784149	C13H16O4	[M - H2O + H]+	IFGDRUTWCITGHG	InChI=1S/C13H16O4/c1-8(14)11(9(2)15)6-10-4-5-12(16)13(7-10)17-3/h4-5,7,11,16H,6H2,1-3H3	3-Vanillyl-2,4-pentanedione	CC(=O)C(CC1=CC(=C(C=C1)O)OC)C(=O)C	1.54965138	207830	PubChem:(207830);PubChem class - safety and toxic	67108866
25	1	N/A	-170.39333003176208	C13H16O4	[M - H2O + H]+	QDTUIHOOSMFIDM	InChI=1S/C13H16O4/c1-16-11-5-8-3-4-9(6-13(14)15)10(8)7-12(11)17-2/h5,7,9H,3-4,6H2,1-2H3,(H,14,15)	5,6-Dimethoxyindan-1-acetic acid	COC1=C(C=C2C(CCC2=C1)CC(=O)O)OC	2.0	162988;92287013;92287014	MeSH:(162988);PubChem class - safety and toxic;PubChem:(162988 92287013 92287014);PubMed	67108934
26	1	N/A	-171.53527705106865	C13H16O4	[M - H2O + H]+	QIKMSBWNVVQENG	InChI=1S/C13H16O4/c1-13(2,3)12(14)15-7-9-4-5-10-11(6-9)17-8-16-10/h4-6H,7-8H2,1-3H3	1,3-Benzodioxol-5-ylmethyl pivalate	CC(C)(C)C(=O)OCC1=CC2=C(C=C1)OCO2	2.95796394	80962	PubChem:(80962);NORMAN:(NS00035740)	262146
27	1	N/A	-171.9458049358448	C13H16O4	[M - H2O + H]+	ZBGDNICKLCRTBW	InChI=1S/C13H16O4/c1-9(12-7-5-4-6-8-12)13(16-10(2)14)17-11(3)15/h4-9,13H,1-3H3	2-Phenyl-propane-1,1-diol diacetate	CC(C1=CC=CC=C1)C(OC(=O)C)OC(=O)C	2.5	239459;10944428;92157925	PubChem:(239459 10944428 92157925);COCONUT:(CNP0076337)	2097154
28	1	N/A	-172.7732368674864	C13H16O4	[M - H2O + H]+	INBFJBCFDMALSJ	InChI=1S/C13H16O4/c1-3-4-9-17-13(15)12(14)10-5-7-11(16-2)8-6-10/h5-8H,3-4,9H2,1-2H3	null	CCCCOC(=O)C(=O)C1=CC=C(C=C1)OC	2.9000001	10900612	COCONUT:(CNP0405027);Natural Products:(UNPD37272);PubChem:(10900612);SuperNatural:(SN00297737);PubMed	3178562
29	1	N/A	-179.5822413101719	C13H16O4	[M - H2O + H]+	DGVPVSAARCIEIL	InChI=1S/C13H16O4/c1-9(2)8-17-12-7-11(14)5-3-10(12)4-6-13(15)16/h3-7,9,14H,8H2,1-2H3,(H,15,16)	(E)-3-[4-hydroxy-2-(2-methylpropoxy)phenyl]prop-2-enoic acid	CC(C)COC1=C(C=CC(=C1)O)C=CC(=O)O	2.79999995	3025068;6366630	PubChem:(3025068 6366630);NORMAN:(NS00066082)	262146
30	1	N/A	-183.89125167765675	C13H16O4	[M - H2O + H]+	BDQVWTJEMUNXSJ	InChI=1S/C13H16O4/c1-3-9(2)13(14)15-7-10-4-5-11-12(6-10)17-8-16-11/h4-6,9H,3,7-8H2,1-2H3	1,3-Benzodioxol-5-ylmethyl 2-methylbutyrate	CCC(C)C(=O)OCC1=CC2=C(C=C1)OCO2	2.96986532	16205510	PubChem:(16205510);NORMAN:(NS00062250)	262146
31	1	N/A	-186.02448108086932	C13H16O4	[M - H2O + H]+	IDMLDXZUAAEQPI	InChI=1S/C13H16O4/c1-13(2,3)12(15)17-10-7-5-9(6-8-10)11(14)16-4/h5-8H,1-4H3	methyl 4-(2,2-dimethylpropanoyloxy)benzoate	CC(C)(C)C(=O)OC1=CC=C(C=C1)C(=O)OC	3.05222917	546338	COCONUT:(CNP0049611);PubChem:(546338);SuperNatural:(SN00121627);ZINC bio:(ZINC03181338)	3153922
32	1	N/A	-186.1606051748941	C13H16O4	[M - H2O + H]+	LWLRITLSGGNJTL	InChI=1S/C13H16O4/c1-9(14)10-5-7-11(8-6-10)17-13(2,3)12(15)16-4/h5-8H,1-4H3	Methyl 2-(4-acetylphenoxy)-2-methylpropanoate	CC(=O)C1=CC=C(C=C1)OC(C)(C)C(=O)OC	2.0999999	3038932	PubChem:(3038932);PubChem class - safety and toxic	67108866
33	1	N/A	-187.35385958668195	C13H16O4	[M - H2O + H]+	HFXVXHPSVLHXCC	InChI=1S/C13H16O4/c1-10(2)13(15)17-9-11(14)8-16-12-6-4-3-5-7-12/h3-7,11,14H,1,8-9H2,2H3	2-Hydroxy-3-phenoxypropyl methacrylate	CC(=C)C(=O)OCC(COC1=CC=CC=C1)O	2.09068251	86093;92178000;92257827	NORMAN:(NS00053710);MeSH:(86093);PubChem class - safety and toxic;PubChem:(86093 92178000 92257827);PubMed	67371078
34	1	N/A	-191.14499071338145	C13H16O4	[M - H2O + H]+	QGUKASLBZHWGCO	InChI=1S/C13H16O4/c1-2-13(8-11(14)15,9-12(16)17)10-6-4-3-5-7-10/h3-7H,2,8-9H2,1H3,(H,14,15)(H,16,17)	3-Ethyl-3-phenylglutaric acid	CCC(CC(=O)O)(CC(=O)O)C1=CC=CC=C1	2.0999999	77815	PubChem:(77815);NORMAN:(NS00031019)	262146
35	1	N/A	-195.72345501307979	C13H16O4	[M - H2O + H]+	CAQDGHXUYYLXHM	InChI=1S/C13H16O4/c1-9(2)8-17-11-5-3-4-10(13(11)16)6-7-12(14)15/h3-7,9,16H,8H2,1-2H3,(H,14,15)	null	CC(C)COC1=CC=CC(=C1O)C=CC(=O)O	2.79999995	16206210;53425441	PubChem:(16206210 53425441);NORMAN:(NS00066397)	262146
36	1	N/A	-196.18498341861996	C13H16O4	[M - H2O + H]+	VBHJEUYYPUPECH	InChI=1S/C13H16O4/c1-8(2)3-4-9-7-10(5-6-11(9)14)12(15)13(16)17/h3,5-7,12,14-15H,4H2,1-2H3,(H,16,17)	2-hydroxy-2-[4-hydroxy-3-(3-methylbut-2-enyl)phenyl]acetic acid	CC(=CCC1=C(C=CC(=C1)C(C(=O)O)O)O)C	2.4000001	443851;90659250	COCONUT:(CNP0073449);HMDB:(135908);PubChem:(443851 90659250);SuperNatural:(SN00214109);CHEBI:(136890 31112);PubChem class - bio and metabolites;KEGG:(C12457);PubMed;Biocyc:(CPD-15502)	19925354
37	1	N/A	-196.79164799964002	C13H16O4	[M - H2O + H]+	WCSWEIGUCUJIQI	InChI=1S/C13H16O4/c1-9(2)6-7-17-12-8-10(13(15)16-3)4-5-11(12)14/h4-6,8,14H,7H2,1-3H3	null	CC(=CCOC1=C(C=CC(=C1)C(=O)OC)O)C	2.57500362	24740620	COCONUT:(CNP0135148);Natural Products:(UNPD197587);PubChem:(24740620)	2129922
38	1	N/A	-198.74624900770974	C13H16O4	[M - H2O + H]+	BQYIARTZCCFTFV	InChI=1S/C13H16O4/c1-5-6-17-13-11(15-3)7-10(9(2)14)8-12(13)16-4/h5,7-8H,1,6H2,2-4H3	4-Allyloxy-3,5-dimethoxyacetophenone	CC(=O)C1=CC(=C(C(=C1)OC)OCC=C)OC	2.20000005	48372	PubChem:(48372);PubChem class - safety and toxic	67108866
39	1	N/A	-199.69156337105227	C13H16O4	[M - H2O + H]+	CQSWISNVQPOAEM	InChI=1S/C13H16O4/c14-12(15)8-4-5-9-13(16)17-10-11-6-2-1-3-7-11/h1-3,6-7H,4-5,8-10H2,(H,14,15)	Hexanedioic acid,1-(phenylmethyl) ester	C1=CC=C(C=C1)COC(=O)CCCCC(=O)O	1.79999995	11075409;19019622	PubChem:(11075409 19019622);PubChem class - safety and toxic	67108866
40	1	N/A	-200.83213678291892	C13H16O4	[M - H2O + H]+	CXFVGZDWOVGSLW	InChI=1S/C13H16O4/c1-4-6-9-7-10(13(15)17-5-2)12(14)11(8-9)16-3/h4,7-8,14H,1,5-6H2,2-3H3	Ambap7152-89-8	CCOC(=O)C1=C(C(=CC(=C1)CC=C)OC)O	3.4000001	81586	PubChem:(81586);NORMAN:(NS00037242)	262146
41	1	N/A	-201.84352438870403	C13H16O4	[M - H2O + H]+	SGCOSPKWMNXZNV	InChI=1S/C13H16O4/c1-8(2)6-12(15)10-7-9(13(16)17-3)4-5-11(10)14/h4-5,7-8,14H,6H2,1-3H3	Benzoic acid, 4-hydroxy-3-(3-methyl-1-oxobutyl)-, methyl ester	CC(C)CC(=O)C1=C(C=CC(=C1)C(=O)OC)O	2.9000001	11586720	COCONUT:(CNP0240037);Natural Products:(UNPD88433);PubChem:(11586720);SuperNatural:(SN00292823);PubMed	3178562
42	1	N/A	-203.05937253646462	C13H16O4	[M - H2O + H]+	QVVIZOSXUYDZGF	InChI=1S/C13H16O4/c1-13(2,3)12(15)17-10-8-6-5-7-9(10)11(14)16-4/h5-8H,1-4H3	null	CC(C)(C)C(=O)OC1=CC=CC=C1C(=O)OC	3.05222917	""	COCONUT:(CNP0060805);SuperNatural:(SN00142100)	3145728
43	1	N/A	-203.3779154363547	C13H16O4	[M - H2O + H]+	DECOEVQNIFPJIC	InChI=1S/C13H16O4/c1-4-11(14)9-5-7-10(8-6-9)17-13(2,3)12(15)16/h5-8H,4H2,1-3H3,(H,15,16)	2-methyl-2-(4-propanoylphenoxy)propanoic acid	CCC(=O)C1=CC=C(C=C1)OC(C)(C)C(=O)O	2.36033463	3038929	PubChem:(3038929);PubChem class - safety and toxic	67108866
44	1	N/A	-203.4415422249437	C13H16O4	[M - H2O + H]+	XFIALOBGPJCAMB	InChI=1S/C13H16O4/c1-7(14)8-4-5-10-9(6-8)11(15)12(17-10)13(2,3)16/h4-6,11-12,15-16H,1-3H3	null	CC(=O)C1=CC2=C(C=C1)OC(C2O)C(C)(C)O	1.10000002	25750693;25750694;25750695;25750696;45360029	COCONUT:(CNP0303858);PubChem:(25750693 25750694 25750695 25750696 45360029);SuperNatural:(SN00019841 SN00019838 SN00019840 SN00019839);ZINC bio:(ZINC13305747 ZINC13305750 ZINC13305754 ZINC13305756);additional;Training Set	3694594
45	1	N/A	-203.93292951712127	C13H16O4	[M - H2O + H]+	OIAKCSLYNXTJBI	InChI=1S/C13H16O4/c1-8(2)4-5-9-11(14)7-6-10(13(15)16)12(9)17-3/h4,6-7,14H,5H2,1-3H3,(H,15,16)	null	CC(=CCC1=C(C=CC(=C1OC)C(=O)O)O)C	3.0	131831423	HMDB:(124833);PubChem:(131831423);PubChem class - bio and metabolites	16777226
46	1	N/A	-204.28558453767087	C13H16O4	[M - H2O + H]+	ZKFODOHWZZQYEH	InChI=1S/C13H16O4/c1-8(15)9-3-4-11-10(5-9)6-12(17-11)13(2,16)7-14/h3-5,12,14,16H,6-7H2,1-2H3	1-[(2R)-2-[(2S)-1,2-dihydroxypropan-2-yl]-2,3-dihydro-1-benzofuran-5-yl]ethanone	CC(=O)C1=CC2=C(C=C1)OC(C2)C(C)(CO)O	0.600000024	11333816;72805569	COCONUT:(CNP0307581);Natural Products:(UNPD65013);PubChem:(11333816 72805569);SuperNatural:(SN00286850)	3178498
47	1	N/A	-206.64061856269623	C13H16O4	[M - H2O + H]+	AJCKKMJVWKRHNA	InChI=1S/C13H16O4/c1-9(2)11(13(15)16-3)17-12(14)10-7-5-4-6-8-10/h4-9,11H,1-3H3	Asarumin B	CC(C)C(C(=O)OC)OC(=O)C1=CC=CC=C1	3.0999999	130891;5320518	COCONUT:(CNP0318767);Natural Products:(UNPD7916);PubChem:(130891 5320518);SuperNatural:(SN00157552);MeSH:(130891);PubMed	3178566
48	1	N/A	-206.9406687170031	C13H16O4	[M - H2O + H]+	UDNXKKGEMXXJBQ	InChI=1S/C13H16O4/c1-16-12-8-9(13(14)15)6-7-11(12)17-10-4-2-3-5-10/h6-8,10H,2-5H2,1H3,(H,14,15)	4-(cyclopentyloxy)-3-methoxybenzoic acid	COC1=C(C=CC(=C1)C(=O)O)OC2CCCC2	2.81098843	22724304	PubChem:(22724304);PubChem class - safety and toxic	67108866
49	1	N/A	-207.39051782517595	C13H16O4	[M - H2O + H]+	BQRGGTQFOMQAOW	InChI=1S/C13H16O4/c1-9(2)8-17-13-10(6-7-12(15)16)4-3-5-11(13)14/h3-7,9,14H,8H2,1-2H3,(H,15,16)	(E)-3-[3-hydroxy-2-(2-methylpropoxy)phenyl]prop-2-enoic acid	CC(C)COC1=C(C=CC=C1O)C=CC(=O)O	2.79999995	3025069;6366631	PubChem:(3025069 6366631);NORMAN:(NS00066662)	262146
50	1	N/A	-207.4082958992116	C13H16O4	[M - H2O + H]+	CJZUDRXGDOHXKY	InChI=1S/C13H16O4/c1-13(2,15)11-7-9-6-8(12(14)16-3)4-5-10(9)17-11/h4-6,11,15H,7H2,1-3H3	Anodendroic acid methyl ester	CC(C)(C1CC2=C(O1)C=CC(=C2)C(=O)OC)O	1.79999995	44559571	COCONUT:(CNP0273959);KNApSAcK:(39754);Natural Products:(UNPD152265);PubChem:(44559571);SuperNatural:(SN00341105);PubMed	3178578
51	1	N/A	-208.3039532934427	C13H16O4	[M - H2O + H]+	BTCQMCOBMIXUCG	InChI=1S/C13H16O4/c1-4-16-12-7-10(8-14)5-6-11(12)17-13(15)9(2)3/h5-9H,4H2,1-3H3	2-ethoxy-4-formylphenyl 2-methylpropanoate	CCOC1=C(C=CC(=C1)C=O)OC(=O)C(C)C	2.5	673160	COCONUT:(CNP0125632);HMDB:(37683);PubChem class - food;PubChem:(673160);CHEBI:(143870);ZINC bio:(ZINC00035111);PubChem class - bio and metabolites;PubChem class - safety and toxic	220209194
52	1	N/A	-208.6440946139849	C13H16O4	[M - H2O + H]+	PGKKUWCFPBWXKF	InChI=1S/C13H16O4/c1-6(2)13-12(16)9-4-8(7(3)14)10(15)5-11(9)17-13/h4-6,12-13,15-16H,1-3H3	null	CC(C)C1C(C2=C(O1)C=C(C(=C2)C(=O)C)O)O	1.62298691	""	COCONUT:(CNP0175983);Natural Products:(UNPD144877)	2129920
53	1	N/A	-209.47384857954745	C13H16O4	[M - H2O + H]+	GSOLYJCSFYLVCS	InChI=1S/C13H16O4/c1-5-17-13(15)11(14)10-6-8(2)12(16-4)9(3)7-10/h6-7H,5H2,1-4H3	ethyl 3,5-dimethyl-4-methoxybenzoylformate	CCOC(=O)C(=O)C1=CC(=C(C(=C1)C)OC)C	2.70000005	2758865	PubChem:(2758865);PubChem class - safety and toxic	67108866
54	1	N/A	-210.99542384430524	C13H16O4	[M - H2O + H]+	WTVSCXNJRUXNLO	InChI=1S/C13H16O4/c1-13(2)11(14)7-9-6-8(12(15)16-3)4-5-10(9)17-13/h4-6,11,14H,7H2,1-3H3	null	CC1(C(CC2=C(O1)C=CC(=C2)C(=O)OC)O)C	1.79999995	15840546	COCONUT:(CNP0164784);Natural Products:(UNPD133387);PubChem:(15840546);SuperNatural:(SN00231167)	3178498
55	1	N/A	-211.12577693449677	C13H16O4	[M - H2O + H]+	LGTSWNASWTXLDW	InChI=1S/C13H16O4/c1-13(2,12(16)17)10(8-11(14)15)9-6-4-3-5-7-9/h3-7,10H,8H2,1-2H3,(H,14,15)(H,16,17)	2,2-dimethyl-3-phenylpentanedioic acid	CC(C)(C(CC(=O)O)C1=CC=CC=C1)C(=O)O	1.89999998	2747984;7052302;7052303;7052304;7052305	COCONUT:(CNP0144793);PubChem:(2747984 7052302 7052303 7052304 7052305);SuperNatural:(SN00122261 SN00122262);ZINC bio:(ZINC03843407 ZINC03843408)	3153922
56	1	N/A	-211.94912701302778	C13H16O4	[M - H2O + H]+	FPGPRAKRYDSZAW	InChI=1S/C13H16O4/c1-2-3-6-9-17-13(16)11-8-5-4-7-10(11)12(14)15/h4-5,7-8H,2-3,6,9H2,1H3,(H,14,15)	Ambcb5105815	CCCCCOC(=O)C1=CC=CC=C1C(=O)O	2.98250198	90531;2192500;71750805	COCONUT:(CNP0081931);PubChem:(90531 2192500 71750805);CHEBI:(132578);additional;PubMed;KEGG Mine	8592556130
57	1	N/A	-212.58402411690307	C13H16O4	[M - H2O + H]+	RVADCQWIQKYXBJ	InChI=1S/C13H16O4/c1-16-11-7-6-9(13(14)15)8-12(11)17-10-4-2-3-5-10/h6-8,10H,2-5H2,1H3,(H,14,15)	Oprea1_347538	COC1=C(C=C(C=C1)C(=O)O)OC2CCCC2	2.81098843	2779323;6932544	MeSH:(2779323);PubChem class - safety and toxic;PubChem:(2779323 6932544);PubMed	67108934
58	1	N/A	-212.75688555542766	C13H16O4	[M - H2O + H]+	KLZSQLOZYREJNN	InChI=1S/C13H16O4/c1-8(9(2)14)5-10-6-11(16-3)13(15)12(7-10)17-4/h5-7,15H,1-4H3	(E)-4-(4-hydroxy-3,5-dimethoxyphenyl)-3-methylbut-3-en-2-one	CC(=CC1=CC(=C(C(=C1)OC)O)OC)C(=O)C	2.0	11230095	COCONUT:(CNP0360412);Natural Products:(UNPD113407);PubChem:(11230095);SuperNatural:(SN00394981)	3178498
59	1	N/A	-212.98434928849224	C13H16O4	[M - H2O + H]+	ZJNUBHSFFWAWTP	InChI=1S/C13H16O4/c1-5-6-10(14)13-11(16-3)7-9(15-2)8-12(13)17-4/h5-8H,1-4H3	2-Buten-1-one, 1-(2,4,6-trimethoxyphenyl)-	CC=CC(=O)C1=C(C=C(C=C1OC)OC)OC	2.29999995	14162647;44233634;71342568	COCONUT:(CNP0404366);Natural Products:(UNPD121205 UNPD222405 UNPD53060);PubChem:(14162647 44233634 71342568);SuperNatural:(SN00240678 SN00300489);PubMed	3178562
60	1	N/A	-216.21101953153493	C13H16O4	[M - H2O + H]+	PKROQYBIPGTTND	InChI=1S/C13H16O4/c1-8(2)4-5-9-11(15)6-12(17-3)10(7-14)13(9)16/h4,6-7,15-16H,5H2,1-3H3	null	CC(=CCC1=C(C=C(C(=C1O)C=O)OC)O)C	2.49987531	""	COCONUT:(CNP0263836);Natural Products:(UNPD138989)	2129920
61	1	N/A	-218.7610514023733	C13H16O4	[M - H2O + H]+	AMJRVNUEWFTIFW	InChI=1S/C13H16O4/c1-7(14)8-4-5-10-9(6-8)11(15)12(16)13(2,3)17-10/h4-6,11-12,15-16H,1-3H3	(3S,4R)-6-Acetyl-3,4-dihydroxy-2,2-dimethylchromane	CC(=O)C1=CC2=C(C=C1)OC(C(C2O)O)(C)C	0.5	636909;12084866;22297462;22297463	COCONUT:(CNP0274726);KNApSAcK:(36347);Natural Products:(UNPD146224 UNPD39576);PubChem:(636909 12084866 22297462 22297463);SuperNatural:(SN00235127)	3178514
62	1	N/A	-220.396369942878	C13H16O4	[M - H2O + H]+	IMCPAQHSMNCJDT	InChI=1S/C13H16O4/c1-8(14)6-7-10-9-4-3-5-11(16-2)12(9)13(15)17-10/h3-5,8,10,14H,6-7H2,1-2H3	null	CC(CCC1C2=C(C(=CC=C2)OC)C(=O)O1)O	1.79999995	91500562	COCONUT:(CNP0248091);Natural Products:(UNPD165562);PubChem:(91500562);SuperNatural:(SN00235183);PubMed	3178562
63	1	N/A	-221.86348115568637	C13H16O4	[M - H2O + H]+	DBBCBZIFZYILRL	InChI=1S/C13H16O4/c1-2-3-8-17-13(16)7-5-10-4-6-11(14)12(15)9-10/h4-7,9,14-15H,2-3,8H2,1H3	Butyl Caffeate	CCCCOC(=O)C=CC1=CC(=C(C=C1)O)O	2.70936751	9991705;53750947;97304995	COCONUT:(CNP0196574);Natural Products:(UNPD2932);PubChem:(9991705 53750947 97304995);PubMed	2129986
64	1	N/A	-223.9635877943502	C13H16O4	[M - H2O + H]+	HUAOQQIUUYXNFN	InChI=1S/C13H16O4/c1-16-11-4-2-10(3-5-11)13(12(14)15)6-8-17-9-7-13/h2-5H,6-9H2,1H3,(H,14,15)	4-(4-methoxyphenyl)oxane-4-carboxylate	COC1=CC=C(C=C1)C2(CCOCC2)C(=O)O	1.60000002	969802;4400579	COCONUT:(CNP0192832 CNP0272633);PubChem:(969802 4400579);SuperNatural:(SN00048007);PubMed;ZINC bio:(ZINC00608899)	3153986
65	1	N/A	-224.58302410249894	C13H16O4	[M - H2O + H]+	FTFVRLGITLBCQW	InChI=1S/C13H16O4/c1-2-3-4-5-10(8-14)13(16)12(15)7-6-11-9-17-11/h3-8,11,13,16H,2,9H2,1H3	null	CCC=CC=C(C=O)C(C(=O)C=CC1CO1)O	0.600000024	71494822;102342374	MeSH:(102342374);PubChem:(71494822 102342374);PubMed	70
66	1	N/A	-226.17254703561068	C13H16O4	[M - H2O + H]+	RYPQHAKCQSXFGH	InChI=1S/C13H16O4/c1-3-4-9-5-8-6-10(16-2)7-11(14)12(8)13(15)17-9/h6-7,9,14H,3-5H2,1-2H3	1H-2-Benzopyran-1-one, 3,4-dihydro-8-hydroxy-6-methoxy-3-propyl-	CCCC1CC2=C(C(=CC(=C2)OC)O)C(=O)O1	3.29999995	15391028;23241778	COCONUT:(CNP0114247);Natural Products:(UNPD26281);PubChem:(15391028 23241778);PubMed	2129986
67	1	N/A	-226.36360525879505	C13H16O4	[M - H2O + H]+	NPEVDKHQEYSYTP	InChI=1S/C13H16O4/c1-4-5-10-9(6-7-11(14)15)12(16)13(17-10)8(2)3/h6-7H,4-5H2,1-3H3,(H,14,15)	null	CCCC1=C(C(=O)C(=C(C)C)O1)C=CC(=O)O	2.70000005	139585176	PubChem:(139585176);COCONUT:(CNP0236026)	2097154
68	1	N/A	-226.88183052841788	C13H16O4	[M - H2O + H]+	OSURYTKHOFOPLA	InChI=1S/C13H16O4/c1-8(2)5-10(14)9-6-12(16-3)13(17-4)7-11(9)15/h5-7,15H,1-4H3	1-(2-hydroxy-4,5-dimethoxyphenyl)-3-methylbut-2-en-1-one	CC(=CC(=O)C1=CC(=C(C=C1O)OC)OC)C	3.20000005	4069859	COCONUT:(CNP0146028);Natural Products:(UNPD185575);PubChem:(4069859);SuperNatural:(SN00263527)	3178498
69	1	N/A	-227.36316741630384	C13H16O4	[M - H2O + H]+	SIJUHIXUUWXJHW	InChI=1S/C13H16O4/c1-13(2,15)11-6-9-4-8(7-14)5-10(16-3)12(9)17-11/h4-5,7,11,15H,6H2,1-3H3	null	CC(C)(C1CC2=C(O1)C(=CC(=C2)C=O)OC)O	1.95452583	""	COCONUT:(CNP0243900);Natural Products:(UNPD111818);SuperNatural:(SN00300999)	3178496
70	1	N/A	-228.38190162403367	C13H16O4	[M - H2O + H]+	CHVSHKYLCMVWML	InChI=1S/C13H16O4/c1-3-4-5-6-10(14)7-8-11-12(15)9(2)13(16)17-11/h3-9,11-12,15H,1-2H3	null	CC=CC=CC(=O)C=CC1C(C(C(=O)O1)C)O	1.58897257	""	COCONUT:(CNP0327281);Natural Products:(UNPD70750);SuperNatural:(SN00374816)	3178496
71	1	N/A	-234.15036745711976	C13H16O4	[M - H2O + H]+	JYQJCLCFUNEZCM	InChI=1S/C13H16O4/c1-7(14)9-4-8-5-12(13(2,3)16)17-11(8)6-10(9)15/h4,6,12,15-16H,5H2,1-3H3	null	CC(=O)C1=CC2=C(C=C1O)OC(C2)C(C)(C)O	1.63421011	""	COCONUT:(CNP0325359);Natural Products:(UNPD88025);SuperNatural:(SN00267199)	3178496
72	1	N/A	-235.9641905931161	C13H16O4	[M - H2O + H]+	DWHDSRHHYMSXSP	InChI=1S/C13H16O4/c1-8(2)4-5-9-6-10(13(15)16)7-11(17-3)12(9)14/h4,6-7,14H,5H2,1-3H3,(H,15,16)	Proglobeflowery acid	CC(=CCC1=C(C(=CC(=C1)C(=O)O)OC)O)C	3.0	132759;86583408	COCONUT:(CNP0056425 CNP0316297);HMDB:(140425);Natural Products:(UNPD75776);PubChem:(132759 86583408);SuperNatural:(SN00157420 SN00285239);CHEBI:(84442 84443);PubChem class - bio and metabolites;MeSH:(132759);PubMed	19955822
73	1	N/A	-239.71213636780047	C13H16O4	[M - H2O + H]+	QXZDESIVIREXNJ	InChI=1S/C13H16O4/c1-3-5-10-9(14)7-8-12(16-10)11(6-4-2)17-13(8)15/h3-7,9-12,14H,1-2H3	null	CC=CC1C(C=C2C(O1)C(OC2=O)C=CC)O	0.899999976	10354084;101236213;101894909;139587273	COCONUT:(CNP0303703);MeSH:(10354084);KNApSAcK:(16449);PubChem:(10354084 101236213 101894909 139587273);PubMed	2097238
74	1	N/A	-239.90777332196976	C13H16O4	[M - H2O + H]+	GIYLHBKMMNKKQT	InChI=1S/C13H16O4/c1-7(2)4-11(15)10-5-9(8(3)14)12(16)6-13(10)17/h5-7,16-17H,4H2,1-3H3	null	CC(C)CC(=O)C1=C(C=C(C(=C1)C(=O)C)O)O	2.9000001	90903158	COCONUT:(CNP0330320);Natural Products:(UNPD129968);PubChem:(90903158);SuperNatural:(SN00356765);PubMed	3178562
75	1	N/A	-243.20269604104251	C13H16O4	[M - H2O + H]+	JOLFMBNXTZRJJJ	InChI=1S/C13H16O4/c14-11-8-10(17-13(16)12(11)15)7-6-9-4-2-1-3-5-9/h1-5,10-12,14-15H,6-8H2	null	C1C(OC(=O)C(C1O)O)CCC2=CC=CC=C2	1.81382537	""	COCONUT:(CNP0165552)	2097152
76	1	N/A	-247.01616887216815	C13H16O4	[M - H2O + H]+	KLUYRYDSXULPIM	InChI=1S/C13H16O4/c1-4-8-5-10(14)13-11(16-3)6-9(15-2)7-12(13)17-8/h6-8H,4-5H2,1-3H3	null	CCC1CC(=O)C2=C(C=C(C=C2O1)OC)OC	2.38854146	""	COCONUT:(CNP0288313);Natural Products:(UNPD65907);SuperNatural:(SN00291663)	3178496
77	1	N/A	-249.3771758064776	C13H16O4	[M - H2O + H]+	DXYMGZNZFBKDCX	InChI=1S/C13H16O4/c1-3-5-10-8-7-9(14)13(15)17-12(8)11(16-10)6-4-2/h3-7,9-12,14H,1-2H3	3-hydroxy-5,7-di[(1E)-prop-1-en-1-yl]-3,5,7,7a-tetrahydro-2H-furo[3,4-b]pyran-2-one	CC=CC1C2C(=CC(C(=O)O2)O)C(O1)C=CC	0.899999976	10198594	COCONUT:(CNP0107772);Natural Products:(UNPD81746 UNPD39785);PubChem:(10198594);SuperNatural:(SN00256718 SN00273337);CHEBI:(65896);MeSH:(10198594);PubMed	3178598
78	1	N/A	-249.48237139339162	C13H16O4	[M - H2O + H]+	LVDKOUVDXCVLRG	InChI=1S/C13H16O4/c1-4-16-13(15)12(14)10-6-5-7-11(8-10)17-9(2)3/h5-9H,4H2,1-3H3	Ethyl 3-iso-propoxybenzoylformate	CCOC(=O)C(=O)C1=CC(=CC=C1)OC(C)C	2.79999995	2758858	PubChem:(2758858);PubChem class - safety and toxic	67108866
79	1	N/A	-249.5089711756475	C13H16O4	[M - H2O + H]+	GIEDYDBZSRWFQZ	InChI=1S/C13H16O4/c1-8(2)12(15)17-11-6-9(14)4-5-10(11)13(3)7-16-13/h4-6,8,14H,7H2,1-3H3	null	CC(C)C(=O)OC1=C(C=CC(=C1)O)C2(CO2)C	2.22110701	""	COCONUT:(CNP0217286);Natural Products:(UNPD158067);SuperNatural:(SN00359748)	3178496
80	1	N/A	-249.748735317399	C13H16O4	[M - H2O + H]+	OMWVNQFGCGNZHE	InChI=1S/C13H16O4/c1-13(2)7-9(14)8-5-11(15-3)12(16-4)6-10(8)17-13/h5-6H,7H2,1-4H3	Oprea1_775581	CC1(CC(=O)C2=CC(=C(C=C2O1)OC)OC)C	1.89999998	103373	NORMAN:(NS00035870);COCONUT:(CNP0248611);Natural Products:(UNPD110815);PubChem:(103373);SuperNatural:(SN00317424);ZINC bio:(ZINC00056676);PubMed	3448898
81	1	N/A	-249.907127909141	C13H16O4	[M - H2O + H]+	HJGHIUCZKMIOLV	InChI=1S/C13H16O4/c1-2-3-4-9-12(14)17-11-8-6-5-7-10(11)13(15)16/h5-8H,2-4,9H2,1H3,(H,15,16)	2-hexanoyloxybenzoic acid	CCCCCC(=O)OC1=CC=CC=C1C(=O)O	3.17939901	94717	PubChem class - safety and toxic;PubChem:(94717);ZINC bio:(ZINC01555362)	67117058
82	1	N/A	-250.22210768816907	C13H16O4	[M - H2O + H]+	BPIMOIWHAHUBPJ	InChI=1S/C13H16O4/c1-4-8-9(14)6-11(16-3)12-10(15)5-7(2)17-13(8)12/h6-7,14H,4-5H2,1-3H3	null	CCC1=C2C(=C(C=C1O)OC)C(=O)CC(O2)C	2.20000005	23786302;74184110;133554318	COCONUT:(CNP0315367);PubChem:(23786302 74184110 133554318);SuperNatural:(SN00028506);ZINC bio:(ZINC31155929);additional;Training Set	3694594
83	1	N/A	-251.87538629466144	C13H16O4	[M - H2O + H]+	LLTXNXRCBBBYKB	InChI=1S/C13H16O4/c1-15-12-8-10(9-14)5-6-11(12)17-13-4-2-3-7-16-13/h5-6,8-9,13H,2-4,7H2,1H3	3-methoxy-4-(oxan-2-yloxy)benzaldehyde	COC1=C(C=CC(=C1)C=O)OC2CCCCO2	2.20000005	3021829	PubChem:(3021829);NORMAN:(NS00064588)	262146
84	1	N/A	-253.5616038562834	C13H16O4	[M - H2O + H]+	WXRCGZDELRTFHW	InChI=1S/C13H16O4/c1-8-6-10(13(15)16)7-12(17-3)11(8)5-4-9(2)14/h4-7,9,14H,1-3H3,(H,15,16)	null	CC1=CC(=CC(=C1C=CC(C)O)OC)C(=O)O	1.89999998	137955086	PubChem:(137955086);COCONUT:(CNP0272803)	2097154
85	1	N/A	-254.37690492128667	C13H16O4	[M - H2O + H]+	XCTBCLBVWJNOBK	InChI=1S/C13H16O4/c1-4-5-6-7-8-13(3)11(15)10(9(2)14)12(16)17-13/h5-8,15H,4H2,1-3H3	null	CCC=CC=CC1(C(=C(C(=O)O1)C(=O)C)O)C	2.4000001	54717272;54749175	COCONUT:(CNP0104677 CNP0182663);PubChem:(54717272 54749175);SuperNatural:(SN00038431 SN00035039 SN00038409 SN00035038);ZINC bio:(ZINC49600350 ZINC49600352)	3153922
86	1	N/A	-257.34540785861503	C13H16O4	[M - H2O + H]+	VXAXFCKIXFBSSM	InChI=1S/C13H16O4/c1-5-17-13(15)10-6-8(2)12(9(3)14)11(7-10)16-4/h6-7H,5H2,1-4H3	null	CCOC(=O)C1=CC(=C(C(=C1)C)C(=O)C)OC	2.20000005	12742403	COCONUT:(CNP0326421);Natural Products:(UNPD89437);PubChem:(12742403);SuperNatural:(SN00306051)	3178498
87	1	N/A	-257.794999573712	C13H16O4	[M - H2O + H]+	WDCHVRICDGHOKM	InChI=1S/C13H16O4/c1-7-3-4-9-6-10(5-8(2)14)17-13(16)11(9)12(7)15/h3-4,8,10,14-15H,5-6H2,1-2H3	null	CC1=C(C2=C(CC(OC2=O)CC(C)O)C=C1)O	2.5	44233882	COCONUT:(CNP0318336);Natural Products:(UNPD89600);PubChem:(44233882);SuperNatural:(SN00321153);PubMed	3178562
88	1	N/A	-258.9999337985832	C13H16O4	[M - H2O + H]+	VSODLHSFRVYYBZ	InChI=1S/C13H16O4/c1-7(2)4-5-9-10(15)6-11(16)12(8(3)14)13(9)17/h4,6,15-17H,5H2,1-3H3	Ethanone, 1-[2,4,6-trihydroxy-3-(3-methyl-2-butenyl)phenyl]-	CC(=CCC1=C(C(=C(C=C1O)O)C(=O)C)O)C	3.0	11687311	COCONUT:(CNP0136001);Natural Products:(UNPD196454);PubChem:(11687311);PubMed;ZINC bio:(ZINC14819093)	2138178
89	1	N/A	-259.2898455059557	C13H16O4	[M - H2O + H]+	JHOMCQALRKZDFZ	InChI=1S/C13H16O4/c1-7-5-9(14)11(8(2)12(7)17)13(3,4)6-10(15)16/h5H,6H2,1-4H3,(H,15,16)	3-Ddcdp	CC1=CC(=O)C(=C(C1=O)C)C(C)(C)CC(=O)O	1.39999998	3035632	MeSH:(3035632);PubChem:(3035632);PubMed	70
90	1	N/A	-260.23133949354434	C13H16O4	[M - H2O + H]+	PDCPZHJWRVFINH	InChI=1S/C13H16O4/c1-3-4-5-9-8(2)6-7-10(12(14)15)11(9)13(16)17/h6-7H,3-5H2,1-2H3,(H,14,15)(H,16,17)	null	CCCCC1=C(C=CC(=C1C(=O)O)C(=O)O)C	3.20000005	70153369	PubChem:(70153369);COCONUT:(CNP0076529)	2097154
91	1	N/A	-261.83094704786055	C13H16O4	[M - H2O + H]+	ZIYCTNUEZKJFGI	InChI=1S/C13H16O4/c1-8-7-10(5-6-11(8)9(2)14)17-13(3,4)12(15)16/h5-7H,1-4H3,(H,15,16)	2-(4-Acetyl-3-methylphenoxy)-2-methylpropanoic acid	CC1=C(C=CC(=C1)OC(C)(C)C(=O)O)C(=O)C	2.0999999	3038931	PubChem:(3038931);PubChem class - safety and toxic	67108866
92	1	N/A	-263.5182364613455	C13H16O4	[M - H2O + H]+	DCFNCYBBSZDNLF	InChI=1S/C13H16O4/c1-8(2)4-5-9-6-10(13(15)16)7-11(14)12(9)17-3/h4,6-7,14H,5H2,1-3H3,(H,15,16)	null	CC(=CCC1=C(C(=CC(=C1)C(=O)O)O)OC)C	2.66682577	""	COCONUT:(CNP0202271);Natural Products:(UNPD95581);SuperNatural:(SN00388634)	3178496
93	1	N/A	-265.8274591946628	C13H16O4	[M - H2O + H]+	NNATXEPYMGAPGR	InChI=1S/C13H16O4/c1-3-7-11(17-2)6-8-9(14)4-5-10(15)12(8)13(7)16/h6,9,14,16H,3-5H2,1-2H3	null	CCC1=C(C=C2C(CCC(=O)C2=C1O)O)OC	1.89999998	9813447;15061196;101294916	COCONUT:(CNP0222022);Natural Products:(UNPD127979 UNPD67767);PubChem:(9813447 15061196 101294916);SuperNatural:(SN00350489 SN00359570);MeSH:(101294916);PubMed	3178566
94	1	N/A	-267.127934295529	C13H16O4	[M - H2O + H]+	CTHKYWHUQSYHGU	InChI=1S/C13H16O4/c1-13(2)7-9(14)12-10(16-4)5-8(15-3)6-11(12)17-13/h5-6H,7H2,1-4H3	5,7-Dimethoxy-2,2-dimethyl-chroman-	CC1(CC(=O)C2=C(O1)C=C(C=C2OC)OC)C	1.89999998	602124	COCONUT:(CNP0147464);PubChem:(602124);SuperNatural:(SN00155221);ZINC bio:(ZINC00338166)	3153922
95	1	N/A	-267.3002795550733	C13H16O4	[M - H2O + H]+	YYVDIYHSDASGBV	InChI=1S/C13H16O4/c1-10-11(13(16)17-12(10)15)8-6-4-2-3-5-7-9-14/h5-8,14H,2-4,9H2,1H3	3-[(1E,6E)-8-hydroxyocta-1,6-dienyl]-4-methylfuran-2,5-dione	CC1=C(C(=O)OC1=O)C=CCCCC=CCO	1.79999995	11673117	COCONUT:(CNP0275272);PubChem:(11673117);PubMed	2097218
96	1	N/A	-271.97618835164405	C13H16O4	[M - H2O + H]+	QQBPQQBBGKYMIL	InChI=1S/C13H16O4/c1-13(2)6-5-8-7-9(14)11(15-3)12(16-4)10(8)17-13/h5-7,14H,1-4H3	null	CC1(C=CC2=CC(=C(C(=C2O1)OC)OC)O)C	2.33017707	""	COCONUT:(CNP0198489);Natural Products:(UNPD30805);KEGG Mine	8592064512
97	1	N/A	-273.55312927281653	C13H16O4	[M - H2O + H]+	IFKJTBJOBVVIER	InChI=1S/C13H16O4/c1-5-6-17-12-9(3)10(14)7-8(2)11(12)13(15)16-4/h5,7,14H,1,6H2,2-4H3	methyl 4-hydroxy-3,6-dimethyl-2-prop-2-enoxybenzoate	CC1=CC(=C(C(=C1C(=O)OC)OCC=C)C)O	2.79999995	2300474	COCONUT:(CNP0221597);PubChem:(2300474);SuperNatural:(SN00064123);ZINC bio:(ZINC03004195)	3153922
98	1	N/A	-282.96471872292375	C13H16O4	[M - H2O + H]+	ZKCUSCDHGAMOSP	InChI=1S/C13H16O4/c1-4-5-10(14)12-8(2)6-9(13(15)16)7-11(12)17-3/h6-7H,4-5H2,1-3H3,(H,15,16)	null	CCCC(=O)C1=C(C=C(C=C1C)C(=O)O)OC	2.29999995	122380352	COCONUT:(CNP0277805);KNApSAcK:(545);Natural Products:(UNPD9835);PubChem:(122380352);SuperNatural:(SN00303616);additional;Training Set	3719186
99	1	N/A	-293.50126000644093	C13H16O4	[M - H2O + H]+	ZVMALUVLYJRPEZ	InChI=1S/C13H16O4/c1-8(2)4-5-9-6-10(13(16)17-3)7-11(14)12(9)15/h4,6-7,14-15H,5H2,1-3H3	methyl 3,4-dihydroxy-5-(3-methylbut-2-en-1-yl)benzoate	CC(=CCC1=C(C(=CC(=C1)C(=O)OC)O)O)C	3.0	25058114	COCONUT:(CNP0232674);Natural Products:(UNPD140342);PubChem:(25058114);SuperNatural:(SN00301392);CHEBI:(66709);PubMed	3178594
100	1	N/A	-295.7918913391949	C13H16O4	[M - H2O + H]+	FUWYMDOAFXKROW	InChI=1S/C13H16O4/c1-6-7(2)13-10(8(3)12(6)16)4-9(17-13)5-11(14)15/h9,16H,4-5H2,1-3H3,(H,14,15)	5-Htdbaa	CC1=C(C2=C(CC(O2)CC(=O)O)C(=C1O)C)C	2.20000005	132223;101630594;101630595	MeSH:(132223);PubChem:(132223 101630594 101630595);PubMed	70
101	1	N/A	-296.56546034376396	C13H16O4	[M - H2O + H]+	NIPPTNSWJAXUBE	InChI=1S/C13H16O4/c1-8-6-10(15)12(16-3)9-4-5-13(2,7-14)17-11(8)9/h4-6,14-15H,7H2,1-3H3	null	CC1=CC(=C(C2=C1OC(C=C2)(C)CO)OC)O	1.79999995	71439559	COCONUT:(CNP0171792);Natural Products:(UNPD92453);PubChem:(71439559);SuperNatural:(SN00348575)	3178498
102	1	N/A	-296.6602462547275	C13H16O4	[M - H2O + H]+	YIOGTHPSYRFCKO	InChI=1S/C13H16O4/c1-3-4-9(14)12-11(16-2)7-10-8(13(12)15)5-6-17-10/h7,15H,3-6H2,1-2H3	null	CCCC(=O)C1=C(C=C2C(=C1O)CCO2)OC	2.5999999	139588242	COCONUT:(CNP0337976);Natural Products:(UNPD122708);PubChem:(139588242);SuperNatural:(SN00242262)	3178498
103	1	N/A	-307.4659805106627	C13H16O4	[M - H2O + H]+	GEKMDVRGRBCFGW	InChI=1S/C13H16O4/c1-13(2)6-5-8-9(15-3)7-10(16-4)11(14)12(8)17-13/h5-7,14H,1-4H3	null	CC1(C=CC2=C(O1)C(=C(C=C2OC)OC)O)C	2.4000001	85741718	COCONUT:(CNP0239842);Natural Products:(UNPD15245);PubChem:(85741718);SuperNatural:(SN00330290)	3178498
104	1	N/A	-311.59067683254153	C13H16O4	[M - H2O + H]+	LJMFGBZVIQCIAV	InChI=1S/C13H16O4/c1-13(2)7-6-8-10(17-13)5-4-9(12(14)15)11(8)16-3/h4-5H,6-7H2,1-3H3,(H,14,15)	Spectrum_000478	CC1(CCC2=C(O1)C=CC(=C2OC)C(=O)O)C	2.4000001	3548249	COCONUT:(CNP0341820);PubChem:(3548249);PubMed;CHEBI:(93694)	2097250
105	1	N/A	-314.30361429894697	C13H16O4	[M - H2O + H]+	VAKPMQNKGFYCOR	InChI=1S/C13H16O4/c1-13(2)6-5-8-9(17-13)7-10(15-3)11(14)12(8)16-4/h5-7,14H,1-4H3	null	CC1(C=CC2=C(C(=C(C=C2O1)OC)O)OC)C	2.4000001	102285276	COCONUT:(CNP0256006);Natural Products:(UNPD31427);PubChem:(102285276);SuperNatural:(SN00318398)	3178498
106	1	N/A	-316.3283458611772	C13H16O4	[M - H2O + H]+	RWASPUYSBCKZER	InChI=1S/C13H16O4/c1-3-4-5-6-7-8-11(14)13(16)10(2)9-17-12(13)15/h3-8,10,16H,9H2,1-2H3	null	CC=CC=CC=CC(=O)C1(C(COC1=O)C)O	1.89999998	122219530;122219531	COCONUT:(CNP0148983);MeSH:(122219530 122219531);PubChem:(122219530 122219531);PubMed	2097222
107	1	N/A	-321.02171871308576	C13H16O4	[M - H2O + H]+	ILUMEPMGPCKGHH	InChI=1S/C13H16O4/c14-10-3-1-4-11(15)8(10)7-9-12(16)5-2-6-13(9)17/h8-9H,1-7H2	Enamine_000755	C1CC(=O)C(C(=O)C1)CC2C(=O)CCCC2=O	0.200000003	2748618	NORMAN:(NS00032966);COCONUT:(CNP0054893);PubChem:(2748618);SuperNatural:(SN00132434);CHEBI:(108604);ZINC bio:(ZINC11539186);MeSH:(2748618);PubMed	3416166
108	1	N/A	-321.5243807369977	C13H16O4	[M - H2O + H]+	XJKVYEGXTAZKEQ	InChI=1S/C13H16O4/c1-16-11-6-8-4-3-5-9(14)7-10(8)12(15)13(11)17-2/h6,15H,3-5,7H2,1-2H3	Oprea1_300974	COC1=C(C(=C2CC(=O)CCCC2=C1)O)OC	1.5	206309	PubChem class - safety and toxic;PubChem:(206309);PubMed	67108930
109	1	N/A	-329.0906134921236	C13H16O4	[M - H2O + H]+	PNQZBGJMILYPLO	InChI=1S/C13H16O4/c1-2-13(16-9-11-5-3-7-14-11)17-10-12-6-4-8-15-12/h3-8,13H,2,9-10H2,1H3	2,2''-(Propylidenebis(oxymethylene))bisfuran	CCC(OCC1=CC=CO1)OCC2=CC=CO2	2.20000005	44153996	PubChem:(44153996);NORMAN:(NS00066550)	262146
110	1	N/A	-335.6699081833282	C13H16O4	[M - H2O + H]+	XPGRGRKFZXQRJZ	InChI=1S/C13H16O4/c1-2-3-4-5-11(15)13(17)10-7-6-9(14)8-12(10)16/h6-8,14,16H,2-5H2,1H3	1-(2,4-dihydroxyphenyl)heptane-1,2-dione	CCCCCC(=O)C(=O)C1=C(C=C(C=C1)O)O	2.52764511	322430	PubChem:(322430);PubMed;CHEBI:(121977)	98
111	1	N/A	-339.8567900011356	C13H16O4	[M - H2O + H]+	JRVROSQSWLPQMV	InChI=1S/C13H16O4/c1-7-6-16-13(2)10(7)5-9-11(15)3-8(14)4-12(9)17-13/h3-4,7,10,14-15H,5-6H2,1-2H3	(+/-)-Xyloketal H	CC1COC2(C1CC3=C(C=C(C=C3O2)O)O)C	2.20000005	11481763;22833235;46838463	COCONUT:(CNP0227369);Natural Products:(UNPD33261);PubChem:(11481763 22833235 46838463);SuperNatural:(SN00348657);PubMed	3178562
112	1	N/A	-342.01663743756296	C13H16O4	[M - H2O + H]+	MZTZVVFRZLLCGP	InChI=1S/C13H16O4/c1-5-12(4)7-16-11(15)13(12)10(14)6-9(17-13)8(2)3/h5-6,8H,1,7H2,2-4H3	null	CC(C)C1=CC(=O)C2(O1)C(=O)OCC2(C)C=C	2.4000001	10857441;101918793	COCONUT:(CNP0183414);KNApSAcK:(43592);Natural Products:(UNPD122445 UNPD13451);PubChem:(10857441 101918793);SuperNatural:(SN00298730 SN00319578)	3178514
113	1	N/A	-357.2644195639518	C13H16O4	[M - H2O + H]+	WSYJFMHOBOFVCJ	InChI=1S/C13H16O4/c1-3-4-9-5-8-6-11(14)13(2,16)12(15)10(8)7-17-9/h3-5,11,14,16H,6-7H2,1-2H3	null	CC=CC1=CC2=C(CO1)C(=O)C(C(C2)O)(C)O	0.906049371	""	COCONUT:(CNP0294237);Natural Products:(UNPD164057);SuperNatural:(SN00311772)	3178496
114	1	N/A	-357.9322619466827	C13H16O4	[M - H2O + H]+	CCSJJRWJXILAAC	InChI=1S/C13H16O4/c1-13(2)5-4-8-6-9(12(15)16-3)7-10(14)11(8)17-13/h6-7,14H,4-5H2,1-3H3	null	CC1(CCC2=C(O1)C(=CC(=C2)C(=O)OC)O)C	2.63680434	""	COCONUT:(CNP0262797);SuperNatural:(SN00143515)	3145728
115	1	N/A	-358.37069224592796	C13H16O4	[M - H2O + H]+	GMLFHEQJHMFUQF	InChI=1S/C13H16O4/c1-5-8(4)17-13(16)10-9(5)6(2)11(14)7(3)12(10)15/h5,8,14-15H,1-4H3	Isocoumarin, 3,4-dihydro-6,8-dihydroxy-3,4,5,7-tetramethyl-	CC1C(OC(=O)C2=C(C(=C(C(=C12)C)O)C)O)C	3.0999999	616822;71490907	COCONUT:(CNP0124714);Natural Products:(UNPD216538);PubChem:(616822 71490907)	2129922
116	1	N/A	-363.0647591759362	C13H16O4	[M - H2O + H]+	UDGQJBVBTOPBIQ	InChI=1S/C13H16O4/c1-13(2)4-3-9(14)8-5-7(6-10(15)16)12(17)11(8)13/h7H,3-6H2,1-2H3,(H,15,16)	2-(4,4-dimethyl-3,7-dioxo-1,2,5,6-tetrahydroinden-2-yl)acetic acid	CC1(CCC(=O)C2=C1C(=O)C(C2)CC(=O)O)C	0.800000012	616835	PubChem:(616835);COCONUT:(CNP0076668)	2097154
117	1	N/A	-366.981050339945	C13H16O4	[M - H2O + H]+	CBUOBMSAFIYYEJ	InChI=1S/C13H16O4/c1-6(9(4)15)11-7(2)12(16)8(3)13(17)10(11)5-14/h5-6,16-17H,1-4H3	null	CC1=C(C(=C(C(=C1O)C)O)C=O)C(C)C(=O)C	2.0999999	85995030;137628353	COCONUT:(CNP0338533);MeSH:(85995030);Natural Products:(UNPD213677);PubChem:(85995030 137628353);PubMed	2129990
118	1	N/A	-368.32814534168114	C13H16O4	[M - H2O + H]+	OHLRVNRTMOJUKQ	InChI=1S/C13H16O4/c1-12(2)5-8(14)11-7-4-10(15)17-13(7,3)16-9(11)6-12/h7H,4-6H2,1-3H3	Oprea1_197708	CC1(CC2=C(C3CC(=O)OC3(O2)C)C(=O)C1)C	1.20000005	703372;703374;703375;703376;3837065	COCONUT:(CNP0367777);PubChem:(703372 703374 703375 703376 3837065);SuperNatural:(SN00043013 SN00043015 SN00043016 SN00043014);ZINC bio:(ZINC00086429 ZINC00086432 ZINC00086434 ZINC00086435)	3153922
119	1	N/A	-368.61604936836153	C13H16O4	[M - H2O + H]+	SHLOVMJTBKBUOL	InChI=1S/C13H16O4/c1-13(2,16)12-6-9-5-8(10(15)7-14)3-4-11(9)17-12/h3-6,10,14-16H,7H2,1-2H3	null	CC(C)(C1=CC2=C(O1)C=CC(=C2)C(CO)O)O	1.4872607	""	COCONUT:(CNP0316652);Natural Products:(UNPD76380)	2129920
120	1	N/A	-384.4645592966455	C13H16O4	[M - H2O + H]+	MQIGRVMBIPYVRE	InChI=1S/C13H16O4/c1-13-7-6-10(14)8(2-5-12(16)17)9(13)3-4-11(13)15/h2-7H2,1H3,(H,16,17)	3-(7a-methyl-1,5-dioxo-2,3,6,7-tetrahydroinden-4-yl)propanoic acid	CC12CCC(=O)C(=C1CCC2=O)CCC(=O)O	0.0	20833766;121489869;121489870	MeSH:(20833766);PubChem:(20833766 121489869 121489870);KEGG Mine	8589934598
121	1	N/A	-392.43897893668174	C13H16O4	[M - H2O + H]+	MXRDWGIUZQHQDS	InChI=1S/C13H16O4/c1-7(2)4-9-6-11(15)17-13-10(14)5-8(3)16-12(9)13/h5,7,9H,4,6H2,1-3H3	null	CC1=CC(=O)C2=C(O1)C(CC(=O)O2)CC(C)C	1.89999998	135640709	PubChem:(135640709);COCONUT:(CNP0281307)	2097154
122	1	N/A	-411.9376158417128	C13H16O4	[M - H2O + H]+	QXTOASVQCPLPEK	InChI=1S/C13H16O4/c1-7-8(4-11(15)16)12-9(14)5-13(2,3)6-10(12)17-7/h4-6H2,1-3H3,(H,15,16)	Oprea1_071087	CC1=C(C2=C(O1)CC(CC2=O)(C)C)CC(=O)O	1.79999995	539586;4247400	COCONUT:(CNP0068658 CNP0369306);PubChem:(539586 4247400);SuperNatural:(SN00043042);PubMed;ZINC bio:(ZINC00089632)	3153986
123	1	N/A	-413.57895313097345	C13H16O4	[M - H2O + H]+	MFKNNUJZDWQTMD	InChI=1S/C13H16O4/c1-11-6-12(11)7(5-17-10(12)15)4-13(16)8(11)2-3-9(13)14/h4,8-9,14,16H,2-3,5-6H2,1H3	null	CC12CC13C(=CC4(C2CCC4O)O)COC3=O	-0.5	139583773	PubChem:(139583773);COCONUT:(CNP0356320)	2097154
124	1	N/A	-454.66230388648734	C13H16O4	[M - H2O + H]+	IOPPSZMTZCSCMC	InChI=1S/C13H16O4/c1-12(2)9(8-6-5-7-16-8)17-11(15)13(3,4)10(12)14/h5-7,9H,1-4H3	6-(furan-2-yl)-3,3,5,5-tetramethyloxane-2,4-dione	CC1(C(OC(=O)C(C1=O)(C)C)C2=CC=CO2)C	2.29999995	715475;715479;2946652	COCONUT:(CNP0181004);PubChem:(715475 715479 2946652);SuperNatural:(SN00043294 SN00043296);PubMed;ZINC bio:(ZINC00111975 ZINC00111979)	3153986
125	1	N/A	-478.90546051658436	C13H16O4	[M - H2O + H]+	CIHKAJDGNMDFOT	InChI=1S/C13H16O4/c1-7(14)5-6-13-11(2,3)9(15)8-10(16-8)12(13,4)17-13/h5-6,8,10H,1-4H3	1,6,6-Trimethyl-7-(3-oxobut-1-enyl)-3,8-dioxatricyclo[5.1.0.0(2,4)]octan-5-one	CC(=O)C=CC12C(C(=O)C3C(C1(O2)C)O3)(C)C	0.100000001	579175;5371272;21160478	PubChem:(579175 5371272 21160478);COCONUT:(CNP0246447)	2097154