structureRankPerFormula	formulaRank	ConfidenceScore	CSI:FingerIDScore	molecularFormula	adduct	InChIkey2D	InChI	name	smiles	xlogp	pubchemids	links	dbflags
1	1	0.7545450859046713	-6.8906973425810145	C6H8O7	[M + H]+	KRKNYBCHXYNGOX	InChI=1S/C6H8O7/c7-3(8)1-6(13,5(11)12)2-4(9)10/h13H,1-2H2,(H,7,8)(H,9,10)(H,11,12)	Chemfill	C(C(=O)O)C(CC(=O)O)(C(=O)O)O	-1.79005051	311;24802;31348;4099777;3853591;4342083;9815540;12303294;12303295;10012881;9990172;10241686;10313505;19782904;16213286;16213403;16217547;16219104;22051957;25113638;59575930;76764134;87060892;88113319;87111074;88162338;87306242;102066902;129761155	HMDB:(94);PubChem class - food;SuperNatural:(SN00317829 SN00001730);ZINC bio:(ZINC00895081);additional;HSDB:(77-92-9);MeSH:(311 31348);Plantcyc:(CIT);PubMed;NORMAN:(NS00007335 NS00042537);COCONUT:(CNP0149674 CNP0346802 CNP0354288);KNApSAcK:(7619);Natural Products:(UNPD145647);PubChem:(311 24802 31348 4099777 3853591 4342083 9815540 12303294 12303295 10012881 9990172 10241686 10313505 19782904 16213286 16213403 16217547 16219104 22051957 25113638 59575930 76764134 87060892 88113319 87111074 88162338 87306242 102066902 129761155);CHEBI:(16947 35806 76049 35810 35809 35802 30769);PubChem class - bio and metabolites;KEGG:(C00158);PubChem class - safety and toxic;YMDB:(86);Training Set;PubChem class - drug;Biocyc:(CPD1UA-5664 CIT)	255847294
2	1	N/A	-51.294186584528575	C6H8O7	[M + H]+	ODBLHEXUDAPZAU	InChI=1S/C6H8O7/c7-3(8)1-2(5(10)11)4(9)6(12)13/h2,4,9H,1H2,(H,7,8)(H,10,11)(H,12,13)	isocitrate	C(C(C(C(=O)O)O)C(=O)O)C(=O)O	-1.79999995	1198;167886;439238;440409;447805;5318532;6398637;5459771;5460172;5461051;5461053;6971026;10012818;10241687;10330228;10375400;20848914;24755498;24755499;58100216;71307987;101667904;122410736;122410737;129883072	HMDB:(193 1874 33717);SuperNatural:(SN00155865 SN00285993 SN00272695 SN00321533 SN00155866);ZINC bio:(ZINC00895175 ZINC00895176 ZINC00895179 ZINC00895180);additional;MeSH:(1198 5460172);Plantcyc:(THREO-DS-ISO-CITRATE);PubMed;NORMAN:(NS00041848);COCONUT:(CNP0083628 CNP0271038);KNApSAcK:(1188);Natural Products:(UNPD148074 UNPD164504 UNPD90877);PubChem:(1198 167886 439238 440409 447805 5318532 6398637 5459771 5460172 5461051 5461053 6971026 10012818 10241687 10330228 10375400 20848914 24755498 24755499 58100216 71307987 101667904 122410736 122410737 129883072);CHEBI:(15563 151 43291 36453 30897 16087 15562 160 30889 30887 36454 30896);PubChem class - bio and metabolites;KEGG:(C00451 C00311 C04617);YMDB:(26);Biocyc:(THREO-DS-ISO-CITRATE CPD-10747 CPD-10748 CPD-10745)	20949374
3	1	N/A	-97.6470512306972	C6H8O7	[M + H]+	QUURPCHWPQNNGL	InChI=1S/C6H8O7/c7-2(4(9)6(12)13)1-3(8)5(10)11/h2,4,7,9H,1H2,(H,10,11)(H,12,13)	2-keto-3-deoxy-glucarate	C(C(C(C(=O)O)O)O)C(=O)C(=O)O	-2.0999999	145;1811;439290;440165;5288442;6323338;25245202;53262282;86289498	COCONUT:(CNP0346819);PubChem:(145 1811 439290 440165 5288442 6323338 25245202 53262282 86289498);CHEBI:(35453 58098 78267 42819 17305 78709 16369);PubChem class - bio and metabolites;KEGG:(C00679 C21091 C03921);Plantcyc:(2-KETO-3-DEOXY-D-GLUCARATE 5-KETO-4-DEOXY-D-GLUCARATE);PubMed;Biocyc:(5-KETO-4-DEOXY-D-GLUCARATE CPD-17670 2-KETO-3-DEOXY-D-GLUCARATE)	19007842
4	1	N/A	-110.55677298331108	C6H8O7	[M + H]+	CIOXZGOUEYHNBF	InChI=1S/C6H8O7/c7-4(8)1-3(6(11)12)13-2-5(9)10/h3H,1-2H2,(H,7,8)(H,9,10)(H,11,12)	carboxymethoxysuccinate	C(C(C(=O)O)OCC(=O)O)C(=O)O	-1.20000005	36681;21864345;21329016;25201360	NORMAN:(NS00054912);KEGG:(C03600);PubChem:(36681 21864345 21329016 25201360);CHEBI:(57992 17040);Biocyc:(CPD-668)	264482
5	1	N/A	-112.49301726162487	C6H8O7	[M + H]+	VLFFNIKCNGLGIG	InChI=1S/C6H8O7/c7-1-2(8)3(9)4(10)5(11)6(12)13/h1,3-5,9-11H,(H,12,13)	(2S,3S,4S)-2,3,4-trihydroxy-5,6-dioxohexanoate	C(=O)C(=O)C(C(C(C(=O)O)O)O)O	-2.70000005	6326749;5459871;6602427;23615212	EcoCyc Mine;PubChem:(6326749 5459871 6602427 23615212);YMDB Mine;KEGG Mine;PubChem class - bio and metabolites	60146319362
6	1	N/A	-116.54442864229648	C6H8O7	[M + H]+	BPPRLLGFTNCWBI	InChI=1S/C6H8O7/c7-3(8)1-6(11,5(9)10)2-4-12-13-4/h4,11H,1-2H2,(H,7,8)(H,9,10)	null	C(C1OO1)C(CC(=O)O)(C(=O)O)O	-1.29999995	66557864	PubChem:(66557864);PubChem class - bio and metabolites	16777218
7	1	N/A	-127.94818170554929	C6H8O7	[M + H]+	RXMWXENJQAINCC	InChI=1S/C6H8O7/c7-1-2(8)3(9)4(10)5(11)6(12)13/h3-4,7,9-10H,1H2,(H,12,13)	2,5-Diketogluconate	C(C(=O)C(C(C(=O)C(=O)O)O)O)O	-2.5	67;102287;9548631;9794131;102060422	MeSH:(67 102287 9548631);Plantcyc:(25-DIDEHYDRO-D-GLUCONATE);PubMed;NORMAN:(NS00046179);COCONUT:(CNP0179056);Natural Products:(UNPD121762);PubChem:(67 102287 9548631 9794131 102060422);YMDB Mine;CHEBI:(18281 11449);PubChem class - bio and metabolites;KEGG:(C02780);Biocyc:(25-DIDEHYDRO-D-GLUCONATE)	34379041126
8	1	N/A	-133.3477930734045	C6H8O7	[M + H]+	MIAZZVSGMRFZEG	InChI=1S/C6H8O7/c7-3(8)1-5(10)2-6(11,12)13-4(5)9/h10-12H,1-2H2,(H,7,8)	null	C1C(C(=O)OC1(O)O)(CC(=O)O)O	-1.79999995	86280441	PubChem:(86280441);PubChem class - bio and metabolites	16777218
9	1	N/A	-141.03474675891985	C6H8O7	[M + H]+	GJQWCDSAOUMKSE	InChI=1S/C6H8O7/c7-1-2(8)3(9)4(10)5(11)6(12)13/h2-3,7-9H,1H2,(H,12,13)	Diketogulonic acid	C(C(C(C(=O)C(=O)C(=O)O)O)O)O	-1.79999995	18;18871;440390;21145097;53477844;56991692;92144407	HMDB:(5971 6511 62803);SuperNatural:(SN00216608);ZINC bio:(ZINC01530152 ZINC01530154 ZINC30725382 ZINC31259150);MeSH:(18871 440390);Plantcyc:(CPD-334);PubMed;COCONUT:(CNP0082944 CNP0391356);PubChem:(18 18871 440390 21145097 53477844 56991692 92144407);YMDB Mine;CHEBI:(15622 57441);PubChem class - bio and metabolites;KEGG:(C04575);Biocyc:(CPD-19692 CPD-334)	34379802990
10	1	N/A	-142.14911756087383	C6H8O7	[M + H]+	ZIXWWHRLERWHHV	InChI=1S/C6H8O7/c7-3-1(12-3)6(11,5(9)10)2-4(8)13-2/h1-4,7-8,11H,(H,9,10)	2-hydroxy-2,2-bis[(2R,3S)-3-hydroxyoxiran-2-yl]acetic acid	C1(C(O1)O)C(C2C(O2)O)(C(=O)O)O	-2.0999999	447910	PubChem:(447910);PubChem class - bio and metabolites	16777218
11	1	N/A	-144.34549665239135	C6H8O7	[M + H]+	XECPAIJNBXCOBO	InChI=1S/C6H8O7/c7-1-2(8)6(12)13-4(1)3(9)5(10)11/h1-4,7-9H,(H,10,11)	Oprea1_101122	C1(C(C(=O)OC1C(C(=O)O)O)O)O	-1.79999995	78997;102327;122306;1801447;1801448;7004284;6353613;6575938;9837008;10867165;10888761;13035175;13035176;13035177;13035178;11873518;11873519;10397687;16219942;16396806;24208754;40488244;45039347;46781935;60003530;60003531;90658314;90658315;89022742;92132382;91666371;92982280;91746265;91825577;101241797;118987465;126969100;130885555;130893899;131196209;131704672;131707139	HMDB:(41862);SuperNatural:(SN00074554 SN00068418);ZINC bio:(ZINC04028087 ZINC04521523 ZINC04528686 ZINC04528687 ZINC06072528);additional;MeSH:(122306);Plantcyc:(CPD-16522);PubMed;NORMAN:(NS00049807);COCONUT:(CNP0347619 CNP0374488);PubChem:(78997 102327 122306 1801447 1801448 7004284 6353613 6575938 9837008 10867165 10888761 13035175 13035176 13035177 13035178 11873518 11873519 10397687 16219942 16396806 24208754 40488244 45039347 46781935 60003530 60003531 90658314 90658315 89022742 92132382 91666371 92982280 91746265 91825577 101241797 118987465 126969100 130885555 130893899 131196209 131704672 131707139);YMDB Mine;CHEBI:(85805 85336 85317 85532);PubChem class - bio and metabolites;EcoCyc Mine;KEGG:(C20896 C21095);PubChem class - safety and toxic;Training Set;Biocyc:(CPD-16522 CPD-17141);KEGG Mine	60217518446
12	1	N/A	-165.15523567252905	C6H8O7	[M + H]+	YLKFQNUGXOLRNI	InChI=1S/C6H8O7/c7-1-2(8)4(5(10)11)13-6(12)3(1)9/h1-4,7-9H,(H,10,11)	D-glucarolactone	C1(C(C(OC(=O)C1O)C(=O)O)O)O	-1.79999995	46926210;46926211;53321658;75239953;86290100;137552722	COCONUT:(CNP0082480);PubChem:(46926210 46926211 53321658 75239953 86290100 137552722);YMDB Mine;CHEBI:(84191 83384 84190 83383);PubChem class - bio and metabolites;EcoCyc Mine;KEGG:(C20890 C20889);Plantcyc:(CPD-12595);PubMed;Biocyc:(CPD-12595 CPD-17138);KEGG Mine	60148549986
13	1	N/A	-170.52428388228816	C6H8O7	[M + H]+	NESDAFUVNYXDTK	InChI=1S/C6H8O7/c7-1-2(8)4(5(10)11)13-6(12)3(1)9/h1,3-4,6-7,9,12H,(H,10,11)	(2S,4R,5R,6R)-4,5,6-trihydroxy-3-oxooxane-2-carboxylic acid	C1(C(C(=O)C(OC1O)C(=O)O)O)O	-1.70000005	16741080	PubChem:(16741080);YMDB Mine;KEGG Mine;PubChem class - bio and metabolites	42966450178
14	1	N/A	-182.635218145904	C6H8O7	[M + H]+	BPCLKHIDDIVGBM	InChI=1S/C6H8O7/c7-1-2(8)4(5(10)11)13-6(12)3(1)9/h1,3,6-9,12H,(H,10,11)	2-(dihydroxymethylidene)-4,5,6-trihydroxyoxan-3-one	C1(C(C(=C(OC1O)C(=O)O)O)O)O	-1.79999995	54676720;54688710;54715135;129629424	COCONUT:(CNP0214584);PubChem:(54676720 54688710 54715135 129629424);YMDB Mine;KEGG Mine;PubChem class - bio and metabolites	42968547330
15	1	N/A	-186.14991567144736	C6H8O7	[M + H]+	ZNJUNWARRIXWAA	InChI=1S/C6H8O7/c7-1-2-3(8)6(12,4(9)10)5(11)13-2/h2-3,7-8,12H,1H2,(H,9,10)	null	C(C1C(C(C(=O)O1)(C(=O)O)O)O)O	-1.29999995	90658445;90658446	COCONUT:(CNP0166074);PubChem:(90658445 90658446);PubChem class - bio and metabolites;Plantcyc:(CPD-13913);PubMed;Biocyc:(SMA-0000610 CPD-13913)	19007554
16	1	N/A	-238.93592213536508	C6H8O7	[M + H]+	QPPOKIPSRPKDEM	InChI=1S/C6H8O7/c7-2-1-12-6(11)3(2)13-4(8)5(6,9)10/h2-3,7,9-11H,1H2	(3S,3aR)-3,6,6,6a-tetrahydroxy-3,3a-dihydro-2H-furo[3,2-b]furan-5-one	C1C(C2C(O1)(C(C(=O)O2)(O)O)O)O	-3.0999999	14159508;21587373;90659000;130875353;130875875;131217763	COCONUT:(CNP0242058);PubChem:(14159508 21587373 90659000 130875353 130875875 131217763);PubChem class - bio and metabolites;Plantcyc:(CPD-13907);PubMed;Biocyc:(SMA-0000353 CPD-13907)	19007554
1	1	N/A	-64.60025178474221	C6H10O8	[M - H2O + H]+	CQIRJDZGDXTXKF	InChI=1S/C6H10O8/c7-1-2(8)3(9)6(14,4(10)11)5(12)13/h2-3,7-9,14H,1H2,(H,10,11)(H,12,13)	null	C(C(C(C(C(=O)O)(C(=O)O)O)O)O)O	-3.20000005	13828522;90657336	COCONUT:(CNP0040003);PubChem:(13828522 90657336);PubChem class - bio and metabolites;Plantcyc:(CPD-13912);PubMed;Biocyc:(CPD-13912 SMA-0000235)	19007554
2	1	N/A	-74.70915834894275	C6H10O8	[M - H2O + H]+	DSLZVSRJTYRBFB	InChI=1S/C6H10O8/c7-1(3(9)5(11)12)2(8)4(10)6(13)14/h1-4,7-10H,(H,11,12)(H,13,14)	allarate	C(C(C(C(=O)O)O)O)(C(C(=O)O)O)O	-2.82325983	607;33037;101780;3037071;3037582;4410041;7057970;6101658;5288393;5459845;5460673;6857454;6857450;6857451;6857455;6857566;6857567;6992108;10889181;15970963;11988274;11988282;11988287;11988288;22885518;25137860;25137861;24755503;44123397;71774711;89222741;91003157;101549288;101549290;101549292;129144963;135373030;137327186;137330840	HMDB:(639 663 29881);SuperNatural:(SN00013710 SN00158077 SN00240147 SN00281681 SN00320419);ZINC bio:(ZINC01532740 ZINC01549593 ZINC03581021 ZINC03860635 ZINC03940374 ZINC05783661 ZINC08551223 ZINC12359024 ZINC12405009 ZINC13310995 ZINC13533920);additional;HSDB:(526-99-8);MeSH:(607 33037 3037582 6101658 6857566 11988287 25137860);Plantcyc:(CPD0-1090 D-GLUCARATE D-GALACTARATE);PubMed;NORMAN:(NS00010082);COCONUT:(CNP0082930 CNP0223776);KNApSAcK:(51648);Natural Products:(UNPD73187 UNPD121423);PubChem:(607 33037 101780 3037071 3037582 4410041 7057970 6101658 5288393 5459845 5460673 6857454 6857450 6857451 6857455 6857566 6857567 6992108 10889181 15970963 11988274 11988282 11988287 11988288 22885518 25137860 25137861 24755503 44123397 71774711 89222741 91003157 101549288 101549290 101549292 129144963 135373030 137327186 137330840);YMDB Mine;CHEBI:(21100 21398 37546 16002 22285 21332 37571 37547 21397 47537 21041 21040 21101 37535 35390 37536 21049 30612 21359 16537 30852 21333);PubChem class - bio and metabolites;KEGG:(C00818 C21088 C00879);PubChem class - safety and toxic;Training Set;Biocyc:(CPD0-1090 CPD0-1092 CPD-17461 D-GALACTARATE D-GLUCARATE)	34447747966
3	1	N/A	-217.1845648476782	C6H10O8	[M - H2O + H]+	BDSPTFQIOAEIII	InChI=1S/C6H10O8/c7-1-2(8)12-6-5(11-1)13-3(9)4(10)14-6/h1-10H	Glyoxal trimeric	C1(C(OC2C(O1)OC(C(O2)O)O)O)O	-2.5999999	92988;7269380;7269381;11892826;11892827;73416237;73416238;73416239	NORMAN:(NS00031385);PubChem class - safety and toxic;PubChem:(92988 7269380 7269381 11892826 11892827 73416237 73416238 73416239)	67371010