structureRankPerFormula	formulaRank	ConfidenceScore	CSI:FingerIDScore	molecularFormula	adduct	InChIkey2D	InChI	name	smiles	xlogp	pubchemids	links	dbflags
1	1	0.08013189894998136	-106.72363261989224	C21H20O13	[M - H2O + H]+	NRACJCPHVUKPRW	InChI=1S/C21H20O13/c22-6-14-16(27)17(28)18(29)21(32-14)33-19-13(34-30)5-11(26)15-10(25)4-12(31-20(15)19)7-1-2-8(23)9(24)3-7/h1-5,14,16-18,21-24,26-30H,6H2	null	C1=CC(=C(C=C1C2=CC(=O)C3=C(O2)C(=C(C=C3O)OO)OC4C(C(C(C(O4)CO)O)O)O)O)O	-0.229601979	""	COCONUT:(CNP0080740)	2097152
2	1	N/A	-106.92627109743687	C21H20O13	[M - H2O + H]+	DHDOOJBMRYVFPV	InChI=1S/C21H20O13/c22-6-14-16(26)18(28)19(29)21(32-14)33-20-13(34-30)5-12-15(17(20)27)10(25)4-11(31-12)7-1-2-8(23)9(24)3-7/h1-5,14,16,18-19,21-24,26-30H,6H2	null	C1=CC(=C(C=C1C2=CC(=O)C3=C(C(=C(C=C3O2)OO)OC4C(C(C(C(O4)CO)O)O)O)O)O)O	-0.229601979	""	COCONUT:(CNP0080741)	2097152
3	1	N/A	-108.95860341774254	C21H20O13	[M - H2O + H]+	IDTDRZPBDLMCLB	InChI=1S/C21H20O13/c22-5-11-14(26)17(29)19(31)21(34-11)33-10-4-9-12(15(27)13(10)25)16(28)18(30)20(32-9)6-1-2-7(23)8(24)3-6/h1-4,11,14,17,19,21-27,29-31H,5H2	Quercetagitrin	C1=CC(=C(C=C1C2=C(C(=O)C3=C(C(=C(C=C3O2)OC4C(C(C(C(O4)CO)O)O)O)O)O)O)O)O	0.0	5320826;12314844;44259796;90658230	HMDB:(30624);SuperNatural:(SN00235164 SN00168179);additional;Plantcyc:(CPD-14908);PubMed;COCONUT:(CNP0202040);KNApSAcK:(5633);Natural Products:(UNPD33899);PubChem:(5320826 12314844 44259796 90658230);PubChem class - bio and metabolites;Training Set;Biocyc:(CPD-14908);KEGG Mine	8610564186
4	1	N/A	-110.74714785378002	C21H20O13	[M - H2O + H]+	SJRXVLUZMMDCNG	InChI=1S/C21H20O13/c22-5-11-13(27)15(29)17(31)21(32-11)34-19-10(26)4-9(25)12-14(28)16(30)18(33-20(12)19)6-1-2-7(23)8(24)3-6/h1-4,11,13,15,17,21-27,29-31H,5H2	Gossypin	C1=CC(=C(C=C1C2=C(C(=O)C3=C(O2)C(=C(C=C3O)O)OC4C(C(C(C(O4)CO)O)O)O)O)O)O	0.0	5949214;5281621;12989332;10345073;22524152;24784679;44259997;45933927;66509170;92218157;92448956;124425446;131676080	SuperNatural:(SN00021312 SN00162749 SN00011085 SN00011086 SN00020203 SN00017778 SN00305626);ZINC bio:(ZINC04098515 ZINC04349223 ZINC04349228 ZINC08681631 ZINC13424718 ZINC15449156);additional;MeSH:(5281621 44259997);PubMed;NORMAN:(NS00035855);COCONUT:(CNP0200027);KNApSAcK:(5690);Natural Products:(UNPD101251);PubChem:(5949214 5281621 12989332 10345073 22524152 24784679 44259997 45933927 66509170 92218157 92448956 124425446 131676080);CHEBI:(5525);KEGG:(C10051);PubChem class - safety and toxic;Training Set	71098742
5	1	N/A	-111.746176802164	C21H20O13	[M - H2O + H]+	FOHXFLPXBUAOJM	InChI=1S/C21H20O13/c22-5-12-15(28)17(30)18(31)21(33-12)34-20-16(29)13-8(24)3-7(23)4-11(13)32-19(20)6-1-9(25)14(27)10(26)2-6/h1-4,12,15,17-18,21-28,30-31H,5H2	Myricetin 3-glucoside	C1=C(C=C(C(=C1O)O)O)C2=C(C(=O)C3=C(C=C(C=C3O2)O)O)OC4C(C(C(C(O4)CO)O)O)O	0.0	5318606;5491408;12311099;10299455;10367864;22524304;22841567;44259418;44259426;53809877;72551438;72551451;88051302;90683103;133612143;138911134	HMDB:(34358 125203);SuperNatural:(SN00160344 SN00335128 SN00350450 SN00163610 SN00160944 SN00028450);ZINC bio:(ZINC31155545);additional;Plantcyc:(CPD-14843);PubMed;COCONUT:(CNP0099882 CNP0237115);KNApSAcK:(5728);Natural Products:(UNPD190811 UNPD9388 UNPD49240 UNPD28544 UNPD81033 UNPD97272);PubChem:(5318606 5491408 12311099 10299455 10367864 22524304 22841567 44259418 44259426 53809877 72551438 72551451 88051302 90683103 133612143 138911134);CHEBI:(75823 75821 75815 144444 75817 75813);PubChem class - bio and metabolites;YMDB:(1755);Training Set;Biocyc:(CPD-14843);KEGG Mine	8610637946
6	1	N/A	-113.3768278867125	C21H20O13	[M - H2O + H]+	QGBOMGIZGLUTDW	InChI=1S/C21H20O13/c22-5-13-17(28)19(30)20(31)21(34-13)33-12-4-11-14(18(29)16(12)27)7(23)3-10(32-11)6-1-8(24)15(26)9(25)2-6/h1-4,13,17,19-22,24-31H,5H2	null	C1=C(C=C(C(=C1O)O)O)C2=CC(=O)C3=C(C(=C(C=C3O2)OC4C(C(C(C(O4)CO)O)O)O)O)O	-0.200000003	102025782	COCONUT:(CNP0272835);Natural Products:(UNPD24546);PubChem:(102025782);SuperNatural:(SN00342617);KEGG Mine	8593113090
7	1	N/A	-113.8968129832865	C21H20O13	[M - H2O + H]+	OKJRTFAIFAZTSU	InChI=1S/C21H20O13/c22-5-11-13(26)16(29)18(31)21(33-11)34-20-9(25)4-10-12(15(20)28)14(27)17(30)19(32-10)6-1-2-7(23)8(24)3-6/h1-4,11,13,16,18,21-26,28-31H,5H2	Quercetagetin 6-glucoside	C1=CC(=C(C=C1C2=C(C(=O)C3=C(O2)C=C(C(=C3O)OC4C(C(C(C(O4)CO)O)O)O)O)O)O)O	0.0	44259846;101701126;123658348	COCONUT:(CNP0149526);KNApSAcK:(13941);Natural Products:(UNPD101894 UNPD131731);PubChem:(44259846 101701126 123658348);SuperNatural:(SN00312027 SN00319451);PubMed	3178578
8	1	N/A	-118.31503745225635	C21H20O13	[M - H2O + H]+	YOAGHTBIDXHSLM	InChI=1S/C21H20O13/c22-5-13-16(28)18(30)19(31)21(33-13)34-20-10(26)4-12-14(17(20)29)7(23)3-11(32-12)6-1-8(24)15(27)9(25)2-6/h1-4,13,16,18-19,21-22,24-31H,5H2	null	C1=C(C=C(C(=C1O)O)O)C2=CC(=O)C3=C(O2)C=C(C(=C3O)OC4C(C(C(C(O4)CO)O)O)O)O	-0.200000003	90701556	COCONUT:(CNP0283164);Natural Products:(UNPD40577);PubChem:(90701556);PubMed	2129986
9	1	N/A	-121.55842229711898	C21H20O13	[M - H2O + H]+	YUANNBKEZDNSIV	InChI=1S/C21H20O13/c22-5-11-14(27)17(30)18(31)21(33-11)34-20-16(29)12-10(4-9(25)13(26)15(12)28)32-19(20)6-1-2-7(23)8(24)3-6/h1-4,11,14,17-18,21-28,30-31H,5H2	Tagetiin	C1=CC(=C(C=C1C2=C(C(=O)C3=C(O2)C=C(C(=C3O)O)O)OC4C(C(C(C(O4)CO)O)O)O)O)O	0.0	5320824;14825510;11968966;22524454;44259780	COCONUT:(CNP0316754);HMDB:(37756);KNApSAcK:(5631);Natural Products:(UNPD85077 UNPD76511 UNPD77195);PubChem:(5320824 14825510 11968966 22524454 44259780);SuperNatural:(SN00345966 SN00162767 SN00264704 SN00388766);PubChem class - bio and metabolites;KEGG Mine	8609890330
10	1	N/A	-122.08699848145686	C21H20O13	[M - H2O + H]+	KHWYPCKBYAVVRS	InChI=1S/C21H20O13/c22-5-11-13(26)15(28)18(31)21(33-11)34-20-17(30)16(29)14(27)12-9(25)4-10(32-19(12)20)6-1-2-7(23)8(24)3-6/h1-4,11,13,15,18,21-24,26-31H,5H2	null	C1=CC(=C(C=C1C2=CC(=O)C3=C(O2)C(=C(C(=C3O)O)O)OC4C(C(C(C(O4)CO)O)O)O)O)O	-0.817568183	""	COCONUT:(CNP0312579);Natural Products:(UNPD61839);SuperNatural:(SN00396111)	3178496
11	1	N/A	-124.60390810517983	C21H20O13	[M - H2O + H]+	KNPOVLHCWHDBKU	InChI=1S/C21H20O13/c22-5-12-14(27)16(29)18(31)21(33-12)34-20-9(25)1-6(2-10(20)26)19-17(30)15(28)13-8(24)3-7(23)4-11(13)32-19/h1-4,12,14,16,18,21-27,29-31H,5H2	2,6-dihydroxy-4-(3,5,7-trihydroxy-4-oxo-4H-chromen-2-yl)phenyl alpha-D-glucopyranoside	C1=C(C=C(C(=C1O)OC2C(C(C(C(O2)CO)O)O)O)O)C3=C(C(=O)C4=C(C=C(C=C4O3)O)O)O	0.0	67128951	PubChem:(67128951);CHEBI:(75827)	34
12	1	N/A	-125.55898129514404	C21H20O13	[M - H2O + H]+	CMTYUVVBICETNN	InChI=1S/C21H20O13/c22-5-11-15(28)17(30)18(31)21(33-11)34-20-16(29)12-9(25)3-6(23)4-10(12)32-19(20)7-1-2-8(24)14(27)13(7)26/h1-4,11,15,17-18,21-28,30-31H,5H2	3,5,7,2'',3'',4''-Hexahydroxyflavone 3-glucoside	C1=CC(=C(C(=C1C2=C(C(=O)C3=C(C=C(C=C3O2)O)O)OC4C(C(C(C(O4)CO)O)O)O)O)O)O	0.0	44259512	KNApSAcK:(5722);PubChem:(44259512);KEGG Mine	8589934610
13	1	N/A	-126.48339003617245	C21H20O13	[M - H2O + H]+	ATRBFJXIWFCIMW	InChI=1S/C21H20O13/c22-5-11-13(26)16(29)18(31)21(33-11)32-10-4-9(25)12-15(28)17(30)19(34-20(12)14(10)27)6-1-2-7(23)8(24)3-6/h1-4,11,13,16,18,21-27,29-31H,5H2	Grossypitrin	C1=CC(=C(C=C1C2=C(C(=O)C3=C(O2)C(=C(C=C3O)OC4C(C(C(C(O4)CO)O)O)O)O)O)O)O	0.0	6452123;10254562;23305471;44259995;90658329	COCONUT:(CNP0141337);KNApSAcK:(5688);Natural Products:(UNPD9418 UNPD190428);PubChem:(6452123 10254562 23305471 44259995 90658329);SuperNatural:(SN00343750 SN00162748 SN00321355);PubChem class - bio and metabolites;MeSH:(6452123);Plantcyc:(CPD-16762);PubMed;Biocyc:(CPD-16762);KEGG Mine	8610023510
14	1	N/A	-126.84444428429438	C21H20O13	[M - H2O + H]+	ZJYAVUPWMNHHEU	InChI=1S/C21H20O13/c22-5-12-15(27)17(29)19(31)21(34-12)33-11-2-6(1-9(25)14(11)26)20-18(30)16(28)13-8(24)3-7(23)4-10(13)32-20/h1-4,12,15,17,19,21-27,29-31H,5H2	Cannabiscitrin	C1=C(C=C(C(=C1O)O)OC2C(C(C(C(O2)CO)O)O)O)C3=C(C(=O)C4=C(C=C(C=C4O3)O)O)O	0.0	6324879;5486615;12302392;12302393;23304282;44259445;67128924	COCONUT:(CNP0206487);HMDB:(34359);KNApSAcK:(5734);Natural Products:(UNPD36241 UNPD50538);PubChem:(6324879 5486615 12302392 12302393 23304282 44259445 67128924);SuperNatural:(SN00398999 SN00160878);CHEBI:(75826 75816);PubChem class - bio and metabolites;MeSH:(5486615);PubChem class - safety and toxic;PubMed	87064702
15	1	N/A	-129.5457927081574	C21H20O13	[M - H2O + H]+	XRZMSYNUNCTBSQ	InChI=1S/C21H20O13/c22-5-11-13(26)15(28)17(30)21(33-11)34-20-16(29)14(27)12-9(25)4-10(32-19(12)18(20)31)6-1-2-7(23)8(24)3-6/h1-4,11,13,15,17,21-24,26-31H,5H2	Zeravschanoside	C1=CC(=C(C=C1C2=CC(=O)C3=C(C(=C(C(=C3O2)O)OC4C(C(C(C(O4)CO)O)O)O)O)O)O)O	-0.200000003	44258649	COCONUT:(CNP0108934);KNApSAcK:(13709);Natural Products:(UNPD37139);PubChem:(44258649);SuperNatural:(SN00283418);KEGG Mine	8593113106
16	1	N/A	-140.80353260451116	C21H20O13	[M - H2O + H]+	TYEYAUURGXCDJR	InChI=1S/C21H20O13/c22-5-11-14(28)16(30)17(31)21(32-11)34-20-15(29)12-9(25)4-10(26)13(27)19(12)33-18(20)6-1-2-7(23)8(24)3-6/h1-4,11,14,16-17,21-28,30-31H,5H2	Gossypetin 3-glucoside	C1=CC(=C(C=C1C2=C(C(=O)C3=C(O2)C(=C(C=C3O)O)O)OC4C(C(C(C(O4)CO)O)O)O)O)O	0.0	44259973;44259979	COCONUT:(CNP0206228);KNApSAcK:(5685);Natural Products:(UNPD85458 UNPD103329 UNPD135950);PubChem:(44259973 44259979);SuperNatural:(SN00366933 SN00387624 SN00372335);KEGG Mine	8593113106
17	1	N/A	-141.12755205267032	C21H20O13	[M - H2O + H]+	CKXHTYUQFAZPNV	InChI=1S/C21H20O13/c22-5-13-17(29)18(30)19(31)21(34-13)33-12-4-10(26)16(28)20-14(12)7(23)3-11(32-20)6-1-8(24)15(27)9(25)2-6/h1-4,13,17-19,21-22,24-31H,5H2	null	C1=C(C=C(C(=C1O)O)O)C2=CC(=O)C3=C(O2)C(=C(C=C3OC4C(C(C(C(O4)CO)O)O)O)O)O	-0.817568183	""	COCONUT:(CNP0310240);Natural Products:(UNPD176865);SuperNatural:(SN00231489)	3178496
18	1	N/A	-141.7519267498319	C21H20O13	[M - H2O + H]+	VYUFSOYMUGOSGK	InChI=1S/C21H20O13/c22-5-12-15(27)17(29)19(31)21(34-12)32-7-3-8(23)13-11(4-7)33-20(18(30)16(13)28)6-1-9(24)14(26)10(25)2-6/h1-4,12,15,17,19,21-27,29-31H,5H2	Myricetin 7-glucoside	C1=C(C=C(C(=C1O)O)O)C2=C(C(=O)C3=C(C=C(C=C3O2)OC4C(C(C(C(O4)CO)O)O)O)O)O	0.0	15118774;44259443;60052885;60052893;57691828;57691831;57691840;74978297	COCONUT:(CNP0317438);HMDB:(125351);KNApSAcK:(5732);Natural Products:(UNPD132936);PubChem:(15118774 44259443 60052885 60052893 57691828 57691831 57691840 74978297);SuperNatural:(SN00267094);CHEBI:(75820);PubChem class - bio and metabolites;KEGG Mine	8609890362
19	1	N/A	-144.04560175694849	C21H20O13	[M - H2O + H]+	IIMMLUWLDFXEPI	InChI=1S/C21H20O13/c22-6-13-15(27)17(29)18(30)21(32-13)34-33-20-16(28)14-11(26)4-8(23)5-12(14)31-19(20)7-1-2-9(24)10(25)3-7/h1-5,13,15,17-18,21-27,29-30H,6H2	null	C1=CC(=C(C=C1C2=C(C(=O)C3=C(C=C(C=C3O2)O)O)OOC4C(C(C(C(O4)CO)O)O)O)O)O	0.400000006	91487411	PubChem:(91487411);COCONUT:(CNP0080736)	2097154
20	1	N/A	-149.54030151929376	C21H20O13	[M - H2O + H]+	JRIFEBBZCKIHQR	InChI=1S/C21H20O13/c22-5-8-10(24)13(27)17(31)21(32-8)34-20-12(26)9-11(25)14(28)15(29)16(30)19(9)33-18(20)6-1-3-7(23)4-2-6/h1-4,8,10,13,17,21-25,27-31H,5H2	null	C1=CC(=CC=C1C2=C(C(=O)C3=C(O2)C(=C(C(=C3O)O)O)O)OC4C(C(C(C(O4)CO)O)O)O)O	-0.839941323	""	COCONUT:(CNP0187050);Natural Products:(UNPD204017)	2129920
21	1	N/A	-150.41738331416647	C21H20O13	[M - H2O + H]+	UGWHJBAOBUTXJT	InChI=1S/C21H20O13/c22-8-3-1-2-7(4-8)5-10(24)13(25)12-9(23)6-11(14(26)15(12)27)33-21-18(30)16(28)17(29)19(34-21)20(31)32/h1-4,6,16-19,21-23,26-30H,5H2,(H,31,32)	null	C1=CC(=CC(=C1)O)CC(=O)C(=O)C2=C(C(=C(C=C2O)OC3C(C(C(C(O3)C(=O)O)O)O)O)O)O	0.100000001	131835722	HMDB:(129475);PubChem:(131835722);PubChem class - bio and metabolites	16777226
22	1	N/A	-161.48655764449447	C21H20O13	[M - H2O + H]+	GRVQIEARBCGYOE	InChI=1S/C21H20O13/c22-8-5-10(24)14(11(25)6-8)15(27)12(26)4-7-1-2-13(9(23)3-7)33-21-18(30)16(28)17(29)19(34-21)20(31)32/h1-3,5-6,16-19,21-25,28-30H,4H2,(H,31,32)	null	C1=CC(=C(C=C1CC(=O)C(=O)C2=C(C=C(C=C2O)O)O)O)OC3C(C(C(C(O3)C(=O)O)O)O)O	0.100000001	131831945	HMDB:(125442);PubChem:(131831945);PubChem class - bio and metabolites	16777226
23	1	N/A	-163.0176099784896	C21H20O13	[M - H2O + H]+	LQDNMIIWSQICPP	InChI=1S/C21H20O13/c22-7-4-9(24)12-11(5-7)32-18(15(27)13(12)25)6-1-2-10(8(23)3-6)33-21-17(29)14(26)16(28)19(34-21)20(30)31/h1-5,14-19,21-24,26-29H,(H,30,31)	null	C1=CC(=C(C=C1C2C(C(=O)C3=C(C=C(C=C3O2)O)O)O)O)OC4C(C(C(C(O4)C(=O)O)O)O)O	-0.100000001	131831940	HMDB:(125436);PubChem:(131831940);PubChem class - bio and metabolites	16777226
24	1	N/A	-163.6364849104905	C21H20O13	[M - H2O + H]+	AHZRLDWIGPWRSX	InChI=1S/C21H20O13/c22-5-13-17(29)18(30)19(31)21(34-13)33-12-3-7-11(4-10(25)16(28)14(7)26)32-20(12)6-1-8(23)15(27)9(24)2-6/h1-4,13,17-19,21-22,29-31H,5H2,(H5-,23,24,25,26,27,28)/p+1	6-Hydroxydelphinidin 3-glucoside	C1=C(C=C(C(=C1O)O)O)C2=C(C=C3C(=[O+]2)C=C(C(=C3O)O)O)OC4C(C(C(C(O4)CO)O)O)O	0.0558060594	44257031;101192439	KNApSAcK:(14824);Natural Products:(UNPD47116);PubChem:(44257031 101192439);SuperNatural:(SN00272138)	1081362
25	1	N/A	-164.5840510333431	C21H20O13	[M - H2O + H]+	HXJMVCQRRSNMPB	InChI=1S/C21H20O13/c22-7-4-9(24)12-11(5-7)32-18(15(27)13(12)25)6-1-2-8(23)10(3-6)33-21-17(29)14(26)16(28)19(34-21)20(30)31/h1-5,14-19,21-24,26-29H,(H,30,31)	null	C1=CC(=C(C=C1C2C(C(=O)C3=C(C=C(C=C3O2)O)O)O)OC4C(C(C(C(O4)C(=O)O)O)O)O)O	-0.100000001	131750813	HMDB:(29213);PubChem:(131750813);CHEBI:(131700)	42
26	1	N/A	-167.06443840274244	C21H20O13	[M - H2O + H]+	CEDDUNIRMUQUNJ	InChI=1S/C21H20O13/c22-8-3-1-2-7(4-8)5-10(24)13(26)12-9(23)6-11(25)18(14(12)27)33-21-17(30)15(28)16(29)19(34-21)20(31)32/h1-4,6,15-17,19,21-23,25,27-30H,5H2,(H,31,32)	null	C1=CC(=CC(=C1)O)CC(=O)C(=O)C2=C(C(=C(C=C2O)O)OC3C(C(C(C(O3)C(=O)O)O)O)O)O	0.100000001	131835721	HMDB:(129474);PubChem:(131835721);PubChem class - bio and metabolites	16777226
27	1	N/A	-168.1971346128317	C21H20O13	[M - H2O + H]+	YNRULNBSBDALPZ	InChI=1S/C21H20O13/c22-8-3-1-7(2-4-8)5-10(24)13(25)12-9(23)6-11(14(26)15(12)27)33-21-18(30)16(28)17(29)19(34-21)20(31)32/h1-4,6,16-19,21-23,26-30H,5H2,(H,31,32)	null	C1=CC(=CC=C1CC(=O)C(=O)C2=C(C(=C(C=C2O)OC3C(C(C(C(O3)C(=O)O)O)O)O)O)O)O	0.100000001	131831929	HMDB:(125425);PubChem:(131831929);PubChem class - bio and metabolites	16777226
28	1	N/A	-168.3104194827589	C21H20O13	[M - H2O + H]+	DNOVJFUOLYZQMD	InChI=1S/C21H20O13/c22-8-5-10(24)14(11(25)6-8)15(27)12(26)3-7-1-2-9(23)13(4-7)33-21-18(30)16(28)17(29)19(34-21)20(31)32/h1-2,4-6,16-19,21-25,28-30H,3H2,(H,31,32)	null	C1=CC(=C(C=C1CC(=O)C(=O)C2=C(C=C(C=C2O)O)O)OC3C(C(C(C(O3)C(=O)O)O)O)O)O	0.100000001	131831944	HMDB:(125441);PubChem:(131831944);PubChem class - bio and metabolites	16777226
29	1	N/A	-172.3531834618753	C21H20O13	[M - H2O + H]+	MFMAJZAFQLCMEL	InChI=1S/C21H20O13/c22-7-3-1-2-6(4-7)18-15(27)13(25)10-8(32-18)5-9(11(23)12(10)24)33-21-17(29)14(26)16(28)19(34-21)20(30)31/h1-5,14-19,21-24,26-29H,(H,30,31)	null	C1=CC(=CC(=C1)O)C2C(C(=O)C3=C(C(=C(C=C3O2)OC4C(C(C(C(O4)C(=O)O)O)O)O)O)O)O	-0.100000001	131831855	HMDB:(125330);PubChem:(131831855);PubChem class - bio and metabolites	16777226
30	1	N/A	-174.11488158361942	C21H20O13	[M - H2O + H]+	IVESMAQFQFYOST	InChI=1S/C21H20O13/c22-8-5-11(25)14(15(27)12(26)4-7-1-2-9(23)10(24)3-7)13(6-8)33-21-18(30)16(28)17(29)19(34-21)20(31)32/h1-3,5-6,16-19,21-25,28-30H,4H2,(H,31,32)	null	C1=CC(=C(C=C1CC(=O)C(=O)C2=C(C=C(C=C2OC3C(C(C(C(O3)C(=O)O)O)O)O)O)O)O)O	0.100000001	131831946	HMDB:(125443);PubChem:(131831946);PubChem class - bio and metabolites	16777226
31	1	N/A	-174.1257241685012	C21H20O13	[M - H2O + H]+	YZUPTNGQFLMXKF	InChI=1S/C21H20O13/c22-7-4-10-12(13(25)15(27)18(32-10)6-1-2-8(23)9(24)3-6)11(5-7)33-21-17(29)14(26)16(28)19(34-21)20(30)31/h1-5,14-19,21-24,26-29H,(H,30,31)	null	C1=CC(=C(C=C1C2C(C(=O)C3=C(O2)C=C(C=C3OC4C(C(C(C(O4)C(=O)O)O)O)O)O)O)O)O	-0.600000024	131831941	HMDB:(125437);PubChem:(131831941);PubChem class - bio and metabolites	16777226
32	1	N/A	-175.4678763137542	C21H20O13	[M - H2O + H]+	ZUUAADYFYIAJAO	InChI=1S/C21H20O13/c22-5-13-16(29)17(30)18(31)21(33-13)34-20-15(28)11(26)3-7-8(23)4-12(32-19(7)20)6-1-9(24)14(27)10(25)2-6/h1-4,13,16-18,21-22,24-31H,5H2	null	C1=C(C=C(C(=C1O)O)O)C2=CC(=O)C3=CC(=C(C(=C3O2)OC4C(C(C(C(O4)CO)O)O)O)O)O	-0.817568183	""	COCONUT:(CNP0128114);Natural Products:(UNPD79309 UNPD65876);SuperNatural:(SN00318419 SN00272355)	3178496
33	1	N/A	-176.84502547564085	C21H20O13	[M - H2O + H]+	HUQATRUMSZUATR	InChI=1S/C21H20O13/c22-8-3-1-2-7(4-8)5-9(23)13(25)12-11(6-10(24)14(26)15(12)27)33-21-18(30)16(28)17(29)19(34-21)20(31)32/h1-4,6,16-19,21-22,24,26-30H,5H2,(H,31,32)	null	C1=CC(=CC(=C1)O)CC(=O)C(=O)C2=C(C=C(C(=C2O)O)O)OC3C(C(C(C(O3)C(=O)O)O)O)O	0.100000001	131835719	HMDB:(129472);PubChem:(131835719);PubChem class - bio and metabolites	16777226
34	1	N/A	-178.74479142908706	C21H20O13	[M - H2O + H]+	GVSMDAMZDVEGDZ	InChI=1S/C21H20O13/c22-8-2-1-6(3-9(8)23)18-15(27)13(25)12-10(24)4-7(5-11(12)33-18)32-21-17(29)14(26)16(28)19(34-21)20(30)31/h1-5,14-19,21-24,26-29H,(H,30,31)	null	C1=CC(=C(C=C1C2C(C(=O)C3=C(C=C(C=C3O2)OC4C(C(C(C(O4)C(=O)O)O)O)O)O)O)O)O	-0.100000001	131831942	HMDB:(125438);PubChem:(131831942);PubChem class - bio and metabolites	16777226
35	1	N/A	-178.91719256299885	C21H20O13	[M - H2O + H]+	VYJOCZYTZXZONN	InChI=1S/C21H20O13/c22-4-12-17(29)18(30)19(31)21(33-12)34-20-13-11(3-10(25)16(20)28)32-5-7(14(13)26)6-1-8(23)15(27)9(24)2-6/h1-3,5,12,17-19,21-25,27-31H,4H2	null	C1=C(C=C(C(=C1O)O)O)C2=COC3=CC(=C(C(=C3C2=O)OC4C(C(C(C(O4)CO)O)O)O)O)O	-0.995070398	""	COCONUT:(CNP0308381);Natural Products:(UNPD65899);SuperNatural:(SN00269173)	3178496
36	1	N/A	-184.8441897014072	C21H20O13	[M - H2O + H]+	YEARQTAAJPSSBH	InChI=1S/C21H20O13/c22-8-3-1-7(2-4-8)5-10(24)13(26)12-9(23)6-11(25)18(14(12)27)33-21-17(30)15(28)16(29)19(34-21)20(31)32/h1-4,6,15-17,19,21-23,25,27-30H,5H2,(H,31,32)	null	C1=CC(=CC=C1CC(=O)C(=O)C2=C(C(=C(C=C2O)O)OC3C(C(C(C(O3)C(=O)O)O)O)O)O)O	0.100000001	131831926	HMDB:(125422);PubChem:(131831926);PubChem class - bio and metabolites	16777226
37	1	N/A	-185.28433722676803	C21H20O13	[M - H2O + H]+	NMXKTYQYWVSZKY	InChI=1S/C21H20O13/c22-6-9-15(27)17(29)20(30)32-21(9)34-33-19-16(28)14-12(26)4-8(23)5-13(14)31-18(19)7-1-2-10(24)11(25)3-7/h1-5,9,15,17,20-27,29-30H,6H2	null	C1=CC(=C(C=C1C2=C(C(=O)C3=C(C=C(C=C3O2)O)O)OOC4C(C(C(C(O4)O)O)O)CO)O)O	0.11689803	""	COCONUT:(CNP0221002)	2097152
38	1	N/A	-191.47861504267388	C21H20O13	[M - H2O + H]+	ORCGAHSZGJHECL	InChI=1S/C21H20O13/c22-9-2-1-7(3-10(9)23)4-13(26)15(27)14-11(24)5-8(6-12(14)25)33-21-18(30)16(28)17(29)19(34-21)20(31)32/h1-3,5-6,16-19,21-25,28-30H,4H2,(H,31,32)	null	C1=CC(=C(C=C1CC(=O)C(=O)C2=C(C=C(C=C2O)OC3C(C(C(C(O3)C(=O)O)O)O)O)O)O)O	0.100000001	131831947	HMDB:(125444);PubChem:(131831947);PubChem class - bio and metabolites	16777226
39	1	N/A	-191.59754383701264	C21H20O13	[M - H2O + H]+	SOBWQJLTHJYAMD	InChI=1S/C21H20O13/c22-7-3-1-2-6(4-7)17-14(27)11(24)10-9(32-17)5-8(23)18(12(10)25)33-21-16(29)13(26)15(28)19(34-21)20(30)31/h1-5,13-17,19,21-23,25-29H,(H,30,31)	null	C1=CC(=CC(=C1)O)C2C(C(=O)C3=C(O2)C=C(C(=C3O)OC4C(C(C(C(O4)C(=O)O)O)O)O)O)O	-0.100000001	131831852	HMDB:(125327);PubChem:(131831852);PubChem class - bio and metabolites	16777226
40	1	N/A	-191.68911626727078	C21H20O13	[M - H2O + H]+	SCCZKCYKAPZVJE	InChI=1S/C21H20O13/c22-6-21(20(31)16(29)12(27)5-32-21)34-19-17(30)14-9(24)3-8(23)4-13(14)33-18(19)7-1-10(25)15(28)11(26)2-7/h1-4,12,16,20,22-29,31H,5-6H2	null	C1C(C(C(C(O1)(CO)OC2=C(OC3=CC(=CC(=C3C2=O)O)O)C4=CC(=C(C(=C4)O)O)O)O)O)O	-0.200000003	10457859;102370987	COCONUT:(CNP0267842);Natural Products:(UNPD161777);PubChem:(10457859 102370987);SuperNatural:(SN00281604)	3178498
41	1	N/A	-191.71634800346166	C21H20O13	[M - H2O + H]+	GGIVXXUMHNKUSF	InChI=1S/C21H20O13/c22-7-3-1-6(2-4-7)18-15(27)13(25)10-8(32-18)5-9(11(23)12(10)24)33-21-17(29)14(26)16(28)19(34-21)20(30)31/h1-5,14-19,21-24,26-29H,(H,30,31)	null	C1=CC(=CC=C1C2C(C(=O)C3=C(C(=C(C=C3O2)OC4C(C(C(C(O4)C(=O)O)O)O)O)O)O)O)O	-0.100000001	131831920	HMDB:(125415);PubChem:(131831920);PubChem class - bio and metabolites	16777226
42	1	N/A	-193.63323060112924	C21H20O13	[M - H2O + H]+	MKWDQQLFMJUCFB	InChI=1S/C21H20O13/c22-8-1-7(2-9(23)4-8)3-12(26)15(27)14-11(25)5-10(24)6-13(14)33-21-18(30)16(28)17(29)19(34-21)20(31)32/h1-2,4-6,16-19,21-25,28-30H,3H2,(H,31,32)	null	C1=C(C=C(C=C1O)O)CC(=O)C(=O)C2=C(C=C(C=C2OC3C(C(C(C(O3)C(=O)O)O)O)O)O)O	0.100000001	131831807	HMDB:(125282);PubChem:(131831807);PubChem class - bio and metabolites	16777226
43	1	N/A	-194.62477677430581	C21H20O13	[M - H2O + H]+	YJJXTKWHOBCMKG	InChI=1S/C21H20O13/c22-8-3-1-7(2-4-8)5-9(23)13(25)12-11(6-10(24)14(26)15(12)27)33-21-18(30)16(28)17(29)19(34-21)20(31)32/h1-4,6,16-19,21-22,24,26-30H,5H2,(H,31,32)	null	C1=CC(=CC=C1CC(=O)C(=O)C2=C(C=C(C(=C2O)O)O)OC3C(C(C(C(O3)C(=O)O)O)O)O)O	0.100000001	131831930	HMDB:(125426);PubChem:(131831930);PubChem class - bio and metabolites	16777226
44	1	N/A	-194.73072135305685	C21H20O13	[M - H2O + H]+	RGOWFTDJCGJWCC	InChI=1S/C21H20O13/c22-8-3-1-2-7(4-8)5-10(24)13(26)12-9(23)6-11(25)14(27)18(12)33-21-17(30)15(28)16(29)19(34-21)20(31)32/h1-4,6,15-17,19,21-23,25,27-30H,5H2,(H,31,32)	null	C1=CC(=CC(=C1)O)CC(=O)C(=O)C2=C(C(=C(C=C2O)O)O)OC3C(C(C(C(O3)C(=O)O)O)O)O	0.100000001	131835720	HMDB:(129473);PubChem:(131835720);PubChem class - bio and metabolites	16777226
45	1	N/A	-200.04777160764513	C21H20O13	[M - H2O + H]+	JWKOFJKBHFFATG	InChI=1S/C21H20O13/c22-7-3-1-2-6(4-7)17-14(27)12(25)10-9(32-17)5-8(23)11(24)18(10)33-21-16(29)13(26)15(28)19(34-21)20(30)31/h1-5,13-17,19,21-24,26-29H,(H,30,31)	null	C1=CC(=CC(=C1)O)C2C(C(=O)C3=C(O2)C=C(C(=C3OC4C(C(C(C(O4)C(=O)O)O)O)O)O)O)O	-0.600000024	131831854	HMDB:(125329);PubChem:(131831854);PubChem class - bio and metabolites	16777226
46	1	N/A	-202.24029499530346	C21H20O13	[M - H2O + H]+	AHPZJNJHWYBSAG	InChI=1S/C21H20O13/c22-7-3-1-6(2-4-7)17-14(27)11(24)10-9(32-17)5-8(23)18(12(10)25)33-21-16(29)13(26)15(28)19(34-21)20(30)31/h1-5,13-17,19,21-23,25-29H,(H,30,31)	null	C1=CC(=CC=C1C2C(C(=O)C3=C(O2)C=C(C(=C3O)OC4C(C(C(C(O4)C(=O)O)O)O)O)O)O)O	-0.100000001	131831917	HMDB:(125412);PubChem:(131831917);PubChem class - bio and metabolites	16777226
47	1	N/A	-205.109524073153	C21H20O13	[M - H2O + H]+	LSAWZNOMUPRLMU	InChI=1S/C21H20O13/c22-9-6-11(24)14(26)15(27)12(9)13(25)10(23)5-7-2-1-3-8(4-7)33-21-18(30)16(28)17(29)19(34-21)20(31)32/h1-4,6,16-19,21-22,24,26-30H,5H2,(H,31,32)	null	C1=CC(=CC(=C1)OC2C(C(C(C(O2)C(=O)O)O)O)O)CC(=O)C(=O)C3=C(C(=C(C=C3O)O)O)O	0.100000001	131835718	HMDB:(129471);PubChem:(131835718);PubChem class - bio and metabolites	16777226
48	1	N/A	-206.35826299854207	C21H20O13	[M - H2O + H]+	CQADPEPVFHTZQA	InChI=1S/C21H20O13/c22-8-1-7(3-13(26)15(27)14-11(24)5-9(23)6-12(14)25)2-10(4-8)33-21-18(30)16(28)17(29)19(34-21)20(31)32/h1-2,4-6,16-19,21-25,28-30H,3H2,(H,31,32)	null	C1=C(C=C(C=C1O)OC2C(C(C(C(O2)C(=O)O)O)O)O)CC(=O)C(=O)C3=C(C=C(C=C3O)O)O	0.100000001	131831806	HMDB:(125281);PubChem:(131831806);PubChem class - bio and metabolites	16777226
49	1	N/A	-208.77669944187562	C21H20O13	[M - H2O + H]+	RMOIXNYSOCTMMI	InChI=1S/C21H20O13/c22-8-4-10(24)13-12(5-8)34-21(31,18(13)28)6-7-1-2-11(9(23)3-7)32-20-16(27)14(25)15(26)17(33-20)19(29)30/h1-5,14-17,20,22-27,31H,6H2,(H,29,30)	null	C1=CC(=C(C=C1CC2(C(=O)C3=C(C=C(C=C3O2)O)O)O)O)OC4C(C(C(C(O4)C(=O)O)O)O)O	0.300000012	131837445	HMDB:(133568);PubChem:(131837445);PubChem class - bio and metabolites	16777226
50	1	N/A	-210.6905227659361	C21H20O13	[M - H2O + H]+	SMDHJDGUIYSYME	InChI=1S/C21H20O13/c22-7-3-1-6(2-4-7)17-14(27)12(25)10-9(32-17)5-8(23)11(24)18(10)33-21-16(29)13(26)15(28)19(34-21)20(30)31/h1-5,13-17,19,21-24,26-29H,(H,30,31)	null	C1=CC(=CC=C1C2C(C(=O)C3=C(O2)C=C(C(=C3OC4C(C(C(C(O4)C(=O)O)O)O)O)O)O)O)O	-0.600000024	131831919	HMDB:(125414);PubChem:(131831919);PubChem class - bio and metabolites	16777226
51	1	N/A	-212.51047265172176	C21H20O13	[M - H2O + H]+	QEGXFRWOUAOTHR	InChI=1S/C21H20O13/c22-8-3-1-7(2-4-8)5-10(24)13(26)12-9(23)6-11(25)14(27)18(12)33-21-17(30)15(28)16(29)19(34-21)20(31)32/h1-4,6,15-17,19,21-23,25,27-30H,5H2,(H,31,32)	null	C1=CC(=CC=C1CC(=O)C(=O)C2=C(C(=C(C=C2O)O)O)OC3C(C(C(C(O3)C(=O)O)O)O)O)O	0.100000001	131831928	HMDB:(125424);PubChem:(131831928);PubChem class - bio and metabolites	16777226
52	1	N/A	-213.08146313803573	C21H20O13	[M - H2O + H]+	FOWQYRMERUZBPR	InChI=1S/C21H20O13/c22-8-1-7(2-9(23)4-8)3-13(26)15(27)14-11(24)5-10(6-12(14)25)33-21-18(30)16(28)17(29)19(34-21)20(31)32/h1-2,4-6,16-19,21-25,28-30H,3H2,(H,31,32)	null	C1=C(C=C(C=C1O)O)CC(=O)C(=O)C2=C(C=C(C=C2O)OC3C(C(C(C(O3)C(=O)O)O)O)O)O	0.100000001	131831808	HMDB:(125283);PubChem:(131831808);PubChem class - bio and metabolites	16777226
53	1	N/A	-213.7474747051728	C21H20O13	[M - H2O + H]+	QEVLNCDJVOSDIC	InChI=1S/C21H20O13/c22-8-5-9-10(12(24)11(8)23)13(25)15(27)18(33-9)6-2-1-3-7(4-6)32-21-17(29)14(26)16(28)19(34-21)20(30)31/h1-5,14-19,21-24,26-29H,(H,30,31)	null	C1=CC(=CC(=C1)OC2C(C(C(C(O2)C(=O)O)O)O)O)C3C(C(=O)C4=C(O3)C=C(C(=C4O)O)O)O	-0.100000001	131831853	HMDB:(125328);PubChem:(131831853);PubChem class - bio and metabolites	16777226
54	1	N/A	-215.60056128013974	C21H20O13	[M - H2O + H]+	WWMFPJYLEORRMW	InChI=1S/C21H20O13/c22-8-4-10(24)13-12(5-8)34-21(31,18(13)28)6-7-1-2-9(23)11(3-7)32-20-16(27)14(25)15(26)17(33-20)19(29)30/h1-5,14-17,20,22-27,31H,6H2,(H,29,30)	null	C1=CC(=C(C=C1CC2(C(=O)C3=C(C=C(C=C3O2)O)O)O)OC4C(C(C(C(O4)C(=O)O)O)O)O)O	0.300000012	131837444	HMDB:(133567);PubChem:(131837444);PubChem class - bio and metabolites	16777226
55	1	N/A	-215.60369214219844	C21H20O13	[M - H2O + H]+	OAIHXYJZSSASMS	InChI=1S/C21H20O13/c22-4-11-17(29)19(31)20(32)21(34-11)13-6(24)3-9-12(18(13)30)5(23)2-10(33-9)14-15(27)7(25)1-8(26)16(14)28/h1-3,11,17,19-22,24-32H,4H2	Telephioidin	C1=C(C(=C(C(=C1O)O)C2=CC(=O)C3=C(O2)C=C(C(=C3O)C4C(C(C(C(O4)CO)O)O)O)O)O)O	-0.899999976	44257606	PubChem:(44257606);KNApSAcK:(14020)	18
56	1	N/A	-216.02596400792936	C21H20O13	[M - H2O + H]+	ARZXWNPRERCLKC	InChI=1S/C21H20O13/c22-8-3-1-7(2-4-8)17(27)21(31)18(28)12-10(23)5-9(6-11(12)34-21)32-20-15(26)13(24)14(25)16(33-20)19(29)30/h1-6,13-17,20,22-27,31H,(H,29,30)	null	C1=CC(=CC=C1C(C2(C(=O)C3=C(C=C(C=C3O2)OC4C(C(C(C(O4)C(=O)O)O)O)O)O)O)O)O	-0.5	131837441	HMDB:(133564);PubChem:(131837441);PubChem class - bio and metabolites	16777226
57	1	N/A	-220.3751529057042	C21H20O13	[M - H2O + H]+	JDAIORXHAAQTES	InChI=1S/C21H20O13/c22-8-3-1-7(2-4-8)17(27)21(31)18(28)12-10(5-9(23)6-11(12)34-21)32-20-15(26)13(24)14(25)16(33-20)19(29)30/h1-6,13-17,20,22-27,31H,(H,29,30)	null	C1=CC(=CC=C1C(C2(C(=O)C3=C(O2)C=C(C=C3OC4C(C(C(C(O4)C(=O)O)O)O)O)O)O)O)O	-0.5	131837440	HMDB:(133563);PubChem:(131837440);PubChem class - bio and metabolites	16777226
58	1	N/A	-220.9186387480155	C21H20O13	[M - H2O + H]+	FQWOSGYUPXOSFB	InChI=1S/C21H20O13/c22-7-4-10(25)12-11(5-7)32-17(6-1-2-8(23)9(24)3-6)18(13(12)26)33-21-16(29)14(27)15(28)19(34-21)20(30)31/h1-5,14-19,21-25,27-29H,(H,30,31)	null	C1=CC(=C(C=C1C2C(C(=O)C3=C(C=C(C=C3O2)O)O)OC4C(C(C(C(O4)C(=O)O)O)O)O)O)O	0.100000001	24868357	COCONUT:(CNP0050396 CNP0173621);Natural Products:(UNPD12496);PubChem:(24868357);SuperNatural:(SN00177601 SN00287879);YMDB Mine	34362916866
59	1	N/A	-222.09638809134108	C21H20O13	[M - H2O + H]+	GBIDUVWZEWOQMA	InChI=1S/C21H20O13/c22-7-1-6(2-8(23)3-7)18-15(27)13(25)12-10(32-18)4-9(24)5-11(12)33-21-17(29)14(26)16(28)19(34-21)20(30)31/h1-5,14-19,21-24,26-29H,(H,30,31)	null	C1=C(C=C(C=C1O)O)C2C(C(=O)C3=C(O2)C=C(C=C3OC4C(C(C(C(O4)C(=O)O)O)O)O)O)O	-0.600000024	131831794	HMDB:(125269);PubChem:(131831794);PubChem class - bio and metabolites	16777226
60	1	N/A	-223.41521600423812	C21H20O13	[M - H2O + H]+	YXKPSRSLRZZEQC	InChI=1S/C21H20O13/c22-8-4-11(32-20-16(27)14(25)15(26)17(33-20)19(29)30)13-12(5-8)34-21(31,18(13)28)6-7-1-2-9(23)10(24)3-7/h1-5,14-17,20,22-27,31H,6H2,(H,29,30)	null	C1=CC(=C(C=C1CC2(C(=O)C3=C(O2)C=C(C=C3OC4C(C(C(C(O4)C(=O)O)O)O)O)O)O)O)O	-0.300000012	131837446	HMDB:(133569);PubChem:(131837446);PubChem class - bio and metabolites	16777226
61	1	N/A	-225.6421085804783	C21H20O13	[M - H2O + H]+	BOXWXKHDPYFQAJ	InChI=1S/C21H20O13/c22-8-3-1-7(2-4-8)6-21(31)18(28)11-9(34-21)5-10(12(23)13(11)24)32-20-16(27)14(25)15(26)17(33-20)19(29)30/h1-5,14-17,20,22-27,31H,6H2,(H,29,30)	null	C1=CC(=CC=C1CC2(C(=O)C3=C(C(=C(C=C3O2)OC4C(C(C(C(O4)C(=O)O)O)O)O)O)O)O)O	0.300000012	131837437	HMDB:(133560);PubChem:(131837437);PubChem class - bio and metabolites	16777226
62	1	N/A	-227.37808980857488	C21H20O13	[M - H2O + H]+	DTKFLBZUEWENRH	InChI=1S/C21H20O13/c22-7-1-6(2-8(23)3-7)18-15(27)13(25)12-10(24)4-9(5-11(12)33-18)32-21-17(29)14(26)16(28)19(34-21)20(30)31/h1-5,14-19,21-24,26-29H,(H,30,31)	null	C1=C(C=C(C=C1O)O)C2C(C(=O)C3=C(C=C(C=C3O2)OC4C(C(C(C(O4)C(=O)O)O)O)O)O)O	-0.100000001	131831795	HMDB:(125270);PubChem:(131831795);PubChem class - bio and metabolites	16777226
63	1	N/A	-228.03428326482376	C21H20O13	[M - H2O + H]+	XBTBDTBEBLFLQX	InChI=1S/C21H20O13/c22-9-2-1-7(3-10(9)23)6-21(31)18(28)13-11(24)4-8(5-12(13)34-21)32-20-16(27)14(25)15(26)17(33-20)19(29)30/h1-5,14-17,20,22-27,31H,6H2,(H,29,30)	null	C1=CC(=C(C=C1CC2(C(=O)C3=C(C=C(C=C3O2)OC4C(C(C(C(O4)C(=O)O)O)O)O)O)O)O)O	0.300000012	131837447	HMDB:(133570);PubChem:(131837447);PubChem class - bio and metabolites	16777226
64	1	N/A	-228.15130446173185	C21H20O13	[M - H2O + H]+	SPHCIYBBEHNIAJ	InChI=1S/C21H20O13/c22-9-6-11(24)14(26)15(27)12(9)13(25)10(23)5-7-1-3-8(4-2-7)33-21-18(30)16(28)17(29)19(34-21)20(31)32/h1-4,6,16-19,21-22,24,26-30H,5H2,(H,31,32)	null	C1=CC(=CC=C1CC(=O)C(=O)C2=C(C(=C(C=C2O)O)O)O)OC3C(C(C(C(O3)C(=O)O)O)O)O	0.100000001	131831927	HMDB:(125423);PubChem:(131831927);PubChem class - bio and metabolites	16777226
65	1	N/A	-229.67276593445794	C21H20O13	[M - H2O + H]+	YHQOEBIHPWOMKE	InChI=1S/C21H20O13/c22-4-11-14(27)17(30)19(32)21(34-11)12-9(26)3-10-13(15(12)28)16(29)18(31)20(33-10)5-1-7(24)8(25)2-6(5)23/h1-3,11,14,17,19,21-28,30-32H,4H2	2-(2'',5''-Trihydroxyphenyl)-3,5,7-trihydroxy-6-C-glucopyranosyloxy-4H-1-benzopyran-4-one	C1=C(C(=CC(=C1O)O)O)C2=C(C(=O)C3=C(O2)C=C(C(=C3O)C4C(C(C(C(O4)CO)O)O)O)O)O	-0.699999988	5470006;10435271	COCONUT:(CNP0114078);Natural Products:(UNPD190664);PubChem:(5470006 10435271);SuperNatural:(SN00254829)	3178498
66	1	N/A	-231.69897946208616	C21H20O13	[M - H2O + H]+	FGEYZNZIXULZBC	InChI=1S/C21H20O13/c22-8-5-10(23)12-11(6-8)34-21(31,18(12)28)17(27)7-1-3-9(4-2-7)32-20-15(26)13(24)14(25)16(33-20)19(29)30/h1-6,13-17,20,22-27,31H,(H,29,30)	null	C1=CC(=CC=C1C(C2(C(=O)C3=C(C=C(C=C3O2)O)O)O)O)OC4C(C(C(C(O4)C(=O)O)O)O)O	-0.5	131837439	HMDB:(133562);PubChem:(131837439);PubChem class - bio and metabolites	16777226
67	1	N/A	-232.12002518343104	C21H20O13	[M - H2O + H]+	KVLSEQCURYMSER	InChI=1S/C21H20O13/c22-7-1-6(18-15(27)13(25)12-10(24)4-8(23)5-11(12)33-18)2-9(3-7)32-21-17(29)14(26)16(28)19(34-21)20(30)31/h1-5,14-19,21-24,26-29H,(H,30,31)	null	C1=C(C=C(C=C1O)OC2C(C(C(C(O2)C(=O)O)O)O)O)C3C(C(=O)C4=C(C=C(C=C4O3)O)O)O	-0.100000001	131831793	HMDB:(125268);PubChem:(131831793);PubChem class - bio and metabolites	16777226
68	1	N/A	-233.27975406917633	C21H20O13	[M - H2O + H]+	JCIGNUFUMPKBOL	InChI=1S/C21H20O13/c22-8-5-9-10(12(24)11(8)23)13(25)15(27)18(33-9)6-1-3-7(4-2-6)32-21-17(29)14(26)16(28)19(34-21)20(30)31/h1-5,14-19,21-24,26-29H,(H,30,31)	null	C1=CC(=CC=C1C2C(C(=O)C3=C(O2)C=C(C(=C3O)O)O)O)OC4C(C(C(C(O4)C(=O)O)O)O)O	-0.100000001	131831918	HMDB:(125413);PubChem:(131831918);PubChem class - bio and metabolites	16777226
69	1	N/A	-236.16605557232018	C21H20O13	[M - H2O + H]+	YRGAPTHTYJOMKM	InChI=1S/C21H20O13/c22-8-3-1-7(2-4-8)6-21(31)18(28)11-10(34-21)5-9(23)16(12(11)24)32-20-15(27)13(25)14(26)17(33-20)19(29)30/h1-5,13-15,17,20,22-27,31H,6H2,(H,29,30)	null	C1=CC(=CC=C1CC2(C(=O)C3=C(O2)C=C(C(=C3O)OC4C(C(C(C(O4)C(=O)O)O)O)O)O)O)O	0.300000012	131837434	HMDB:(133557);PubChem:(131837434);PubChem class - bio and metabolites	16777226
70	1	N/A	-238.81148243477307	C21H20O13	[M - H2O + H]+	YKRCYTZXNXLCPO	InChI=1S/C21H20O13/c22-7-3-1-6(2-4-7)9-5-8(23)10-11(24)13(26)18(16(29)17(10)32-9)33-21-15(28)12(25)14(27)19(34-21)20(30)31/h1-4,9,12,14-15,19,21-22,24-29H,5H2,(H,30,31)	null	C1C(OC2=C(C(=C(C(=C2C1=O)O)O)OC3C(C(C(C(O3)C(=O)O)O)O)O)O)C4=CC=C(C=C4)O	0.100000001	131836414	HMDB:(130228);PubChem:(131836414);PubChem class - bio and metabolites	16777226
71	1	N/A	-242.66451836202458	C21H20O13	[M - H2O + H]+	GSUARYPORZAMFO	InChI=1S/C21H20O13/c22-7-3-1-6(2-4-7)9-5-8(23)10-17(32-9)13(26)11(24)14(27)18(10)33-21-16(29)12(25)15(28)19(34-21)20(30)31/h1-4,9,12,15-16,19,21-22,24-29H,5H2,(H,30,31)	null	C1C(OC2=C(C1=O)C(=C(C(=C2O)O)O)OC3C(C(C(C(O3)C(=O)O)O)O)O)C4=CC=C(C=C4)O	-0.400000006	131836413	HMDB:(130227);PubChem:(131836413);PubChem class - bio and metabolites	16777226
72	1	N/A	-244.61628334295267	C21H20O13	[M - H2O + H]+	NVAHYXPNQAACKK	InChI=1S/C21H20O13/c22-8-3-1-7(2-4-8)6-21(31)18(28)11-10(34-21)5-9(23)12(24)16(11)32-20-15(27)13(25)14(26)17(33-20)19(29)30/h1-5,13-15,17,20,22-27,31H,6H2,(H,29,30)	null	C1=CC(=CC=C1CC2(C(=O)C3=C(O2)C=C(C(=C3OC4C(C(C(C(O4)C(=O)O)O)O)O)O)O)O)O	-0.300000012	131837436	HMDB:(133559);PubChem:(131837436);PubChem class - bio and metabolites	16777226
73	1	N/A	-246.4139033727342	C21H20O13	[M - H2O + H]+	XJQYRACCJKZLTJ	InChI=1S/C21H20O13/c22-7-3-1-6(2-4-7)9-5-8(23)10-11(24)18(15(28)14(27)17(10)32-9)33-21-16(29)12(25)13(26)19(34-21)20(30)31/h1-4,9,12-13,16,19,21-22,24-29H,5H2,(H,30,31)	null	C1C(OC2=C(C(=C(C(=C2C1=O)O)OC3C(C(C(C(O3)C(=O)O)O)O)O)O)O)C4=CC=C(C=C4)O	0.100000001	131836412	HMDB:(130226);PubChem:(131836412);PubChem class - bio and metabolites	16777226
74	1	N/A	-253.6560804219508	C21H20O13	[M - H2O + H]+	BPBRNZHQOGGWOQ	InChI=1S/C21H20O13/c22-8-5-9(33-18-10(8)11(23)12(24)13(25)15(18)27)6-1-3-7(4-2-6)32-21-17(29)14(26)16(28)19(34-21)20(30)31/h1-4,9,14,16-17,19,21,23-29H,5H2,(H,30,31)	null	C1C(OC2=C(C(=C(C(=C2C1=O)O)O)O)O)C3=CC=C(C=C3)OC4C(C(C(C(O4)C(=O)O)O)O)O	0.100000001	131836415	HMDB:(130229);PubChem:(131836415);PubChem class - bio and metabolites	16777226
75	1	N/A	-255.43273452291132	C21H20O13	[M - H2O + H]+	XLIRYPKBYXHVRC	InChI=1S/C21H20O13/c22-8-4-1-7(2-5-8)3-6-9(23)10-11(24)14(27)18(15(28)12(10)25)33-21-17(30)13(26)16(29)19(34-21)20(31)32/h1-6,13,16-17,19,21-22,24-30H,(H,31,32)	null	C1=CC(=CC=C1C=CC(=O)C2=C(C(=C(C(=C2O)O)OC3C(C(C(C(O3)C(=O)O)O)O)O)O)O)O	0.600000024	131836425	PubChem:(131836425);HMDB:(130239)	10
76	1	N/A	-257.2612826372138	C21H20O13	[M - H2O + H]+	IYUUKTNQUXXICL	InChI=1S/C21H20O13/c22-8-4-1-7(2-5-8)3-6-9(23)10-11(24)13(26)15(28)18(12(10)25)33-21-17(30)14(27)16(29)19(34-21)20(31)32/h1-6,14,16-17,19,21-22,24-30H,(H,31,32)	null	C1=CC(=CC=C1C=CC(=O)C2=C(C(=C(C(=C2O)OC3C(C(C(C(O3)C(=O)O)O)O)O)O)O)O)O	0.600000024	131836423	PubChem:(131836423);HMDB:(130237)	10
77	1	N/A	-260.30407392708554	C21H20O13	[M - H2O + H]+	OYWSMTMVJMMFKN	InChI=1S/C21H20O13/c22-8-4-1-7(2-5-8)3-6-9(23)10-11(24)12(25)13(26)15(28)18(10)33-21-17(30)14(27)16(29)19(34-21)20(31)32/h1-6,14,16-17,19,21-22,24-30H,(H,31,32)	null	C1=CC(=CC=C1C=CC(=O)C2=C(C(=C(C(=C2OC3C(C(C(C(O3)C(=O)O)O)O)O)O)O)O)O)O	0.600000024	131836424	PubChem:(131836424);HMDB:(130238)	10
78	1	N/A	-274.604658123009	C21H20O13	[M - H2O + H]+	LLHKKDQOBZERQB	InChI=1S/C21H20O13/c22-9-5-10-11(13(24)12(9)23)18(28)21(31,34-10)6-7-1-3-8(4-2-7)32-20-16(27)14(25)15(26)17(33-20)19(29)30/h1-5,14-17,20,22-27,31H,6H2,(H,29,30)	null	C1=CC(=CC=C1CC2(C(=O)C3=C(O2)C=C(C(=C3O)O)O)O)OC4C(C(C(C(O4)C(=O)O)O)O)O	0.300000012	131837435	HMDB:(133558);PubChem:(131837435);PubChem class - bio and metabolites	16777226
79	1	N/A	-280.9545969517872	C21H20O13	[M - H2O + H]+	CTUONTSJLPOXJE	InChI=1S/C21H20O13/c22-9(10-11(23)13(25)15(27)14(26)12(10)24)6-3-7-1-4-8(5-2-7)33-21-18(30)16(28)17(29)19(34-21)20(31)32/h1-6,16-19,21,23-30H,(H,31,32)	null	C1=CC(=CC=C1C=CC(=O)C2=C(C(=C(C(=C2O)O)O)O)O)OC3C(C(C(C(O3)C(=O)O)O)O)O	0.600000024	131836426	PubChem:(131836426);HMDB:(130240)	10
80	1	N/A	-333.1107526862697	C21H20O13	[M - H2O + H]+	WGJHPDSSDQSAFA	InChI=1S/C21H20O13/c22-6-12-15(25)17(27)18(28)21(34-12)33-11-3-1-2-9(23)14(11)16(26)13-8(20(31)32)4-7(19(29)30)5-10(13)24/h1-5,12,15,17-18,21-25,27-28H,6H2,(H,29,30)(H,31,32)	null	C1=CC(=C(C(=C1)OC2C(C(C(C(O2)CO)O)O)O)C(=O)C3=C(C=C(C=C3O)C(=O)O)C(=O)O)O	-0.84171015	""	COCONUT:(CNP0157290);Natural Products:(UNPD180224);SuperNatural:(SN00391508)	3178496
81	1	N/A	-384.6719581363612	C21H20O13	[M - H2O + H]+	CDRRULDABVKKHU	InChI=1S/C21H20O13/c1-31-17-10(24)4-7-12(15(17)27)18-19(34-21(7)30)16(28)14(26)11(33-18)5-32-20(29)6-2-8(22)13(25)9(23)3-6/h2-4,11,14,16,18-19,22-28H,5H2,1H3	11-o-Galloylbergenin	COC1=C(C=C2C(=C1O)C3C(C(C(C(O3)COC(=O)C4=CC(=C(C(=C4)O)O)O)O)O)OC2=O)O	-0.400000006	14464334;14464337;53380926;56680102;137706608	COCONUT:(CNP0280684);Natural Products:(UNPD108140 UNPD210228 UNPD33718 UNPD215022 UNPD53465);PubChem:(14464334 14464337 53380926 56680102 137706608);SuperNatural:(SN00261434 SN00341513 SN00348503);CHEBI:(81153);MeSH:(14464334 14464337 56680102 137706608);KEGG:(C17520);PubMed	3178854
82	1	N/A	-399.5316312556705	C21H20O13	[M - H2O + H]+	QKSHSFQTWCKTFV	InChI=1S/C21H20O13/c1-31-16-10(25)4-7-12(15(16)28)17-19(34-21(7)30)18(14(27)11(5-22)32-17)33-20(29)6-2-8(23)13(26)9(24)3-6/h2-4,11,14,17-19,22-28H,5H2,1H3	4-o-Galloylbergenin	COC1=C(C=C2C(=C1O)C3C(C(C(C(O3)CO)O)OC(=O)C4=CC(=C(C(=C4)O)O)O)OC2=O)O	0.200000003	14464332;124708184;137705536	COCONUT:(CNP0193037);KNApSAcK:(29277);Natural Products:(UNPD50992 UNPD88718);PubChem:(14464332 124708184 137705536);SuperNatural:(SN00335152 SN00320570);CHEBI:(81148);MeSH:(14464332 124708184 137705536);KEGG:(C17514);PubMed	3178870
83	1	N/A	-416.4063702024778	C21H20O13	[M - H2O + H]+	HEJUELPGYLXRJF	InChI=1S/C21H20O13/c1-31-10-3-6(2-8(23)13(10)25)20(29)33-18-15(27)11(5-22)32-17-12-7(21(30)34-19(17)18)4-9(24)14(26)16(12)28/h2-4,11,15,17-19,22-28H,5H2,1H3	null	COC1=CC(=CC(=C1O)O)C(=O)OC2C(C(OC3C2OC(=O)C4=CC(=C(C(=C34)O)O)O)CO)O	-0.533282697	""	COCONUT:(CNP0358360)	2097152