formulaRank	molecularFormula	adduct	precursorFormula	ZodiacScore	SiriusScore	TreeScore	IsotopeScore	numExplainedPeaks	explainedIntensity	medianMassErrorFragmentPeaks(ppm)	medianAbsoluteMassErrorFragmentPeaks(ppm)	massErrorPrecursor(ppm)	lipidClass
1	C29H48O4	[M + H]+	C29H48O4	0.9999999999999999	7.960916669069491	7.592760285151018	0.36815638391847294	3	0.1806876261434496	11.908463016912041	11.908463016912041	1.221449893694286	
1	C29H50O5	[M - H2O + H]+	C29H48O4	0.9999999999999999	7.960916669069491	7.592760285151018	0.36815638391847294	4	0.1806876261434496	11.908463016912041	11.908463016912041	-39036.501081448696	
2	C27H50O4	[M + Na]+	C27H50O4	0.0	4.086524480094465	3.5	0.5865244800944653	1	0.0	NaN	NaN	6.435755068967919	
3	C28H46N4	[M + Na]+	C28H46N4	0.0	1.5051875803714476	1.0	0.5051875803714476	1	0.0	NaN	NaN	3.5369710093364186	
4	C30H44N4	[M + H]+	C30H44N4	0.0	1.0	1.0	0.0	1	0.0	NaN	NaN	-1.6773341659372143	
