structureRankPerFormula	formulaRank	ConfidenceScore	CSI:FingerIDScore	molecularFormula	adduct	InChIkey2D	InChI	name	smiles	xlogp	pubchemids	links	dbflags
1	1	0.15623375171130763	-187.22293865816576	C12H22N2O4	[M - H2O + H]+	OFXUPDJWFBSIGG	InChI=1S/C12H22N2O4/c1-8(2)10(13-6-15)5-18-12(17)11(9(3)4)14-7-16/h6-11H,5H2,1-4H3,(H,13,15)(H,14,16)	null	CC(C)C(COC(=O)C(C(C)C)NC=O)NC=O	1.60000002	101305698	COCONUT:(CNP0242681 CNP0357130);Natural Products:(UNPD194026);PubChem:(101305698);SuperNatural:(SN00376743)	3178498
2	1	N/A	-206.27235037465437	C12H22N2O4	[M - H2O + H]+	ACPIGFWOZJZBNC	InChI=1S/C12H22N2O4/c1-11(2,3)18-10(17)14-12(8-9(15)16)4-6-13-7-5-12/h13H,4-8H2,1-3H3,(H,14,17)(H,15,16)	null	CC(C)(C)OC(=O)NC1(CCNCC1)CC(=O)O	-1.39999998	121553195	PubChem:(121553195);PubChem class - safety and toxic	67108866
3	1	N/A	-206.92828285928817	C12H22N2O4	[M - H2O + H]+	ZHGGYCNHXLZKHG	InChI=1S/C12H22N2O4/c13-10(11(15)16)7-3-4-8-14-12(17)18-9-5-1-2-6-9/h9-10H,1-8,13H2,(H,14,17)(H,15,16)	N~6~-[(Cyclopentyloxy)carbonyl]-D-Lysine	C1CCC(C1)OC(=O)NCCCCC(C(=O)O)N	-1.29999995	4167036;16741243;23657812;23657813	PubChem class - safety and toxic;PubChem:(4167036 16741243 23657812 23657813);PubMed;PubChem class - bio and metabolites	83886146
4	1	N/A	-207.92125781456917	C12H22N2O4	[M - H2O + H]+	ZNYIVYFFZCEWDY	InChI=1S/C12H22N2O4/c1-17-11(15)3-5-13-7-9-14(10-8-13)6-4-12(16)18-2/h3-10H2,1-2H3	Oprea1_718208	COC(=O)CCN1CCN(CC1)CCC(=O)OC	-0.300000012	77656	PubChem:(77656);NORMAN:(NS00030768)	262146
5	1	N/A	-213.45808536526218	C12H22N2O4	[M - H2O + H]+	HAHZVQOXFHJPOX	InChI=1S/C12H22N2O4/c1-13(2)7-9-17-11(15)5-6-12(16)18-10-8-14(3)4/h5-6H,7-10H2,1-4H3	Bis(2-(dimethylamino)ethyl) maleate	CN(C)CCOC(=O)C=CC(=O)OCCN(C)C	0.300000012	3021097;6366119;6432976	PubChem:(3021097 6366119 6432976);NORMAN:(NS00065194)	262146
6	1	N/A	-215.30782824206165	C12H22N2O4	[M - H2O + H]+	XNICETZFWREDRJ	InChI=1S/C12H22N2O4/c1-7-17-9(15)11(3,4)13-14-12(5,6)10(16)18-8-2/h7-8H2,1-6H3	ethyl 2-[(1-ethoxy-2-methyl-1-oxopropan-2-yl)diazenyl]-2-methylpropanoate	CCOC(=O)C(C)(C)N=NC(C)(C)C(=O)OCC	2.29999995	11482313	PubChem:(11482313);NORMAN:(NS00045492)	262146
7	1	N/A	-218.8786764734505	C12H22N2O4	[M - H2O + H]+	PTEUWWFEEPASRM	InChI=1S/C12H22N2O4/c1-3-6-12(2,7-17-10(13)15)8-18-11(16)14-9-4-5-9/h9H,3-8H2,1-2H3,(H2,13,15)(H,14,16)	Lorbamato	CCCC(C)(COC(=O)N)COC(=O)NC1CC1	1.68451583	32322;76964819;76964820	PubChem class - safety and toxic;PubChem:(32322 76964819 76964820);PubMed;ZINC bio:(ZINC01722646 ZINC02014729)	67117122
8	1	N/A	-218.97540945370696	C12H22N2O4	[M - H2O + H]+	YGLGJWJSCISLPZ	InChI=1S/C12H22N2O4/c1-12(2,3)18-11(16)14-8-5-6-13-9(7-8)10(15)17-4/h8-9,13H,5-7H2,1-4H3,(H,14,16)	null	CC(C)(C)OC(=O)NC1CCNC(C1)C(=O)OC	1.0	29947025;29947032;29947039;40418610;45357032	PubChem:(29947025 29947032 29947039 40418610 45357032);COCONUT:(CNP0067855)	2097154
9	1	N/A	-220.0770240361201	C12H22N2O4	[M - H2O + H]+	UDVZFCGWSYNODA	InChI=1S/C12H22N2O4/c1-4-6-12(3,8-17-10(13)15)9-18-11(16)14-7-5-2/h5H,2,4,6-9H2,1,3H3,(H2,13,15)(H,14,16)	2-[(carbamoyloxy)methyl]-2-methylpentyl allylcarbamate	CCCC(C)(COC(=O)N)COC(=O)NCC=C	1.63274705	117201	PubChem:(117201);PubChem class - safety and toxic	67108866
10	1	N/A	-226.89929053125172	C12H22N2O4	[M - H2O + H]+	UPEUKKCILASJSH	InChI=1S/C12H22N2O4/c1-12(2,3)18-11(17)14-6-4-8(5-7-14)9(13)10(15)16/h8-9H,4-7,13H2,1-3H3,(H,15,16)	1-Boc-4-(Aminocarboxymethyl)piperidine	CC(C)(C)OC(=O)N1CCC(CC1)C(C(=O)O)N	-1.70000005	12096845;22309158;26601047;40429250;40429251	PubChem:(12096845 22309158 26601047 40429250 40429251);PubChem class - safety and toxic	67108866
11	1	N/A	-230.97273520484498	C12H22N2O4	[M - H2O + H]+	XWBFIPVPQLAHMA	InChI=1S/C12H22N2O4/c1-11(2,3)18-10(16)14-12(9(15)17-4)5-7-13-8-6-12/h13H,5-8H2,1-4H3,(H,14,16)	4-n-boc-amino-isonipecotic acid methyl ester	CC(C)(C)OC(=O)NC1(CCNCC1)C(=O)OC	0.800000012	14537079;25417804	PubChem:(14537079 25417804);PubChem class - safety and toxic	67108866
12	1	N/A	-231.52433077670565	C12H22N2O4	[M - H2O + H]+	ARPWRKXQMJBVJD	InChI=1S/C12H22N2O4/c1-5-17-11(15)9(3)7-13-14-8-10(4)12(16)18-6-2/h9-10H,5-8H2,1-4H3	Ethyl azodiisobutyrate	CCOC(=O)C(C)CN=NCC(C)C(=O)OCC	1.79999995	107185	PubChem:(107185);PubChem class - safety and toxic	67108866
13	1	N/A	-234.16021959957934	C12H22N2O4	[M - H2O + H]+	QYWLSXUHIVQMLC	InChI=1S/C12H22N2O4/c1-17-7-11(15)13-5-10-12(16)9(6-18-10)14-8-3-2-4-8/h8-10,12,14,16H,2-7H2,1H3,(H,13,15)	null	COCC(=O)NCC1C(C(CO1)NC2CCC2)O	-0.400000006	75367073	PubChem:(75367073);COCONUT:(CNP0289129)	2097154
14	1	N/A	-238.64568279935577	C12H22N2O4	[M - H2O + H]+	FMRUGYOCBGTDAC	InChI=1S/C12H22N2O4/c1-7-9(15)17-11(3,4)13-14-12(5,6)18-10(16)8-2/h7-8H2,1-6H3	1,1''-Azobis(1-methylethyl) dipropionate	CCC(=O)OC(C)(C)N=NC(C)(C)OC(=O)CC	2.29999995	92468;20186352	PubChem:(92468 20186352);NORMAN:(NS00054798)	262146
15	1	N/A	-241.00629035650863	C12H22N2O4	[M - H2O + H]+	DGIHLIJZXXKSJX	InChI=1S/C12H22N2O4/c1-8(2)10(13-6-15)5-11(17)18-12(9(3)4)14-7-16/h6-10,12H,5H2,1-4H3,(H,13,15)(H,14,16)	null	CC(C)C(CC(=O)OC(C(C)C)NC=O)NC=O	1.20086694	""	COCONUT:(CNP0181918);Natural Products:(UNPD120140);SuperNatural:(SN00286803)	3178496
16	1	N/A	-241.76211065969557	C12H22N2O4	[M - H2O + H]+	GQYUALUIENRERH	InChI=1S/C12H22N2O4/c15-13(16)12(14(17)18)10-8-6-4-2-1-3-5-7-9-11-12/h1-11H2	1,1-dinitrocyclododecane	C1CCCCCC(CCCCC1)([N+](=O)[O-])[N+](=O)[O-]	4.9000001	5044260	PubChem:(5044260);PubChem class - safety and toxic	67108866
17	1	N/A	-241.90355720751626	C12H22N2O4	[M - H2O + H]+	UFNQVVBSSBHLEA	InChI=1S/C12H22N2O4/c1-5-6-14-11(16)18-8-12(4,9(2)3)7-17-10(13)15/h5,9H,1,6-8H2,2-4H3,(H2,13,15)(H,14,16)	2-[(carbamoyloxy)methyl]-2,3-dimethylbutyl allylcarbamate	CC(C)C(C)(COC(=O)N)COC(=O)NCC=C	1.89999998	117208	PubChem:(117208);PubChem class - safety and toxic	67108866
18	1	N/A	-241.9580056932896	C12H22N2O4	[M - H2O + H]+	VLMVFRLASKOYKX	InChI=1S/C12H22N2O4/c1-12(2,3)18-11(16)14-6-5-13-9(8-14)7-10(15)17-4/h9,13H,5-8H2,1-4H3	zlchem 1227	CC(C)(C)OC(=O)N1CCNC(C1)CC(=O)OC	0.300000012	1501854;2756816;7019447;7128307;6558431	PubChem:(1501854 2756816 7019447 7128307 6558431);PubChem class - safety and toxic	67108866
19	1	N/A	-254.30416292488061	C12H22N2O4	[M - H2O + H]+	ZPZXWIMJTOZCFL	InChI=1S/C12H22N2O4/c1-4-17-11(15)10(12(16)18-5-2)14-8-6-13(3)7-9-14/h10H,4-9H2,1-3H3	diethyl 2-(4-methylpiperazin-1-yl)propanedioate	CCOC(=O)C(C(=O)OCC)N1CCN(CC1)C	0.899999976	206938	PubChem:(206938);PubChem class - safety and toxic	67108866
20	1	N/A	-254.4411129536619	C12H22N2O4	[M - H2O + H]+	WGQDOZLISKTFIH	InChI=1S/C12H22N2O4/c1-12(2,3)18-11(17)14-8-6-13(7-9-14)5-4-10(15)16/h4-9H2,1-3H3,(H,15,16)	3-(1-boc-piperazin-4-yl)-propionic acid	CC(C)(C)OC(=O)N1CCN(CC1)CCC(=O)O	-1.89999998	2735644;7022065	PubChem:(2735644 7022065);PubChem class - safety and toxic	67108866
21	1	N/A	-261.57137346429226	C12H22N2O4	[M - H2O + H]+	DWDXRBSFDKWBHA	InChI=1S/C12H22N2O4/c1-4-7-14-11(16)18-9-12(5-2,6-3)8-17-10(13)15/h4H,1,5-9H2,2-3H3,(H2,13,15)(H,14,16)	2,2-Diethyl-1,3-propanediol allylcarbamate carbamate	CCC(CC)(COC(=O)N)COC(=O)NCC=C	1.79999995	117466	PubChem:(117466);PubChem class - safety and toxic	67108866
22	1	N/A	-262.6173367552864	C12H22N2O4	[M - H2O + H]+	XPXLMLCRLYNVBC	InChI=1S/C12H22N2O4/c1-5-17-9(15)6-12(13)7-14(8-12)10(16)18-11(2,3)4/h5-8,13H2,1-4H3	null	CCOC(=O)CC1(CN(C1)C(=O)OC(C)(C)C)N	0.600000024	58109966	PubChem:(58109966);PubChem class - safety and toxic	67108866
23	1	N/A	-263.7765880947342	C12H22N2O4	[M - H2O + H]+	ATFXTFMLMZLRII	InChI=1S/C12H22N2O4/c1-7-11(5,17-9(3)15)13-14-12(6,8-2)18-10(4)16/h7-8H2,1-6H3	1,1''-Azobis(1-methylpropyl) diacetate	CCC(C)(N=NC(C)(CC)OC(=O)C)OC(=O)C	2.5	93841;6436690	PubChem:(93841 6436690);NORMAN:(NS00053568)	262146
24	1	N/A	-269.0633813774023	C12H22N2O4	[M - H2O + H]+	VYJHMYJHWKJNCQ	InChI=1S/C12H22N2O4/c1-4-17-12-11(14-9(3)16)6-5-10(18-12)7-13-8(2)15/h10-12H,4-7H2,1-3H3,(H,13,15)(H,14,16)	null	CCOC1C(CCC(O1)CNC(=O)C)NC(=O)C	-0.300000012	70004703	COCONUT:(CNP0124271);Natural Products:(UNPD45404);PubChem:(70004703);SuperNatural:(SN00290241)	3178498
25	1	N/A	-270.2993203858505	C12H22N2O4	[M - H2O + H]+	YSYMUPJCVXOHAH	InChI=1S/C12H22N2O4/c1-12(2,3)18-11(16)14-7-5-6-13-9(8-14)10(15)17-4/h9,13H,5-8H2,1-4H3	1-tert-butyl 3-methyl 1,4-diazepane-1,3-dicarboxylate	CC(C)(C)OC(=O)N1CCCNC(C1)C(=O)OC	0.800000012	46839494;86325138;86325139	PubChem:(46839494 86325138 86325139);PubChem class - safety and toxic	67108866
26	1	N/A	-275.65352606737673	C12H22N2O4	[M - H2O + H]+	LLQTUNYDYXBRBV	InChI=1S/C12H22N2O4/c1-3-17-9-11(15)13-5-7-14(8-6-13)12(16)10-18-4-2/h3-10H2,1-2H3	1,4-Bis(ethoxyacetyl)piperazine	CCOCC(=O)N1CCN(CC1)C(=O)COCC	-0.5	204974	PubChem:(204974);PubChem class - safety and toxic	67108866
27	1	N/A	-286.8544567529068	C12H22N2O4	[M - H2O + H]+	ZCGDPFOTLCUUFB	InChI=1S/C12H22N2O4/c1-9(10(15)16)13-5-7-14(8-6-13)11(17)18-12(2,3)4/h9H,5-8H2,1-4H3,(H,15,16)	d,l-2-(1-boc-piperazin-4-yl)-propionic acid	CC(C(=O)O)N1CCN(CC1)C(=O)OC(C)(C)C	-1.39999998	2735645;7022070;7022071;7146381;7146380	PubChem:(2735645 7022070 7022071 7146381 7146380);PubChem class - safety and toxic	67108866
28	1	N/A	-294.36318383383576	C12H22N2O4	[M - H2O + H]+	IQKOVLZJPVVLOZ	InChI=1S/C12H22N2O4/c1-5-17-10(15)9-8-14(7-6-13-9)11(16)18-12(2,3)4/h9,13H,5-8H2,1-4H3	1-tert-butyl-3-ethylpiperazine-1,3-dicarboxylate	CCOC(=O)C1CN(CCN1)C(=O)OC(C)(C)C	0.800000012	11402671;49760354;71033297	PubChem class - safety and toxic;PubChem:(11402671 49760354 71033297);PubMed	67108930
29	1	N/A	-298.2734021256353	C12H22N2O4	[M - H2O + H]+	CDDSBAXLZOLDTA	InChI=1S/C12H22N2O4/c1-5-7(3)9-11(15)14(18)10(8(4)6-2)12(16)13(9)17/h7-10,17-18H,5-6H2,1-4H3	null	CCC(C)C1C(=O)N(C(C(=O)N1O)C(C)CC)O	1.5	101282625	COCONUT:(CNP0160513);Natural Products:(UNPD69381 UNPD194439);PubChem:(101282625);SuperNatural:(SN00295288);MeSH:(101282625);PubMed	3178566
30	1	N/A	-301.86845151071753	C12H22N2O4	[M - H2O + H]+	FUWRVMRQXYBWHG	InChI=1S/C12H22N2O4/c1-2-3-14-10(15)5-7-4-8-12(17-7)11(16)9(6-13)18-8/h7-9,11-12,16H,2-6,13H2,1H3,(H,14,15)	null	CCCNC(=O)CC1CC2C(O1)C(C(O2)CN)O	-0.800000012	129602116;129602117	PubChem:(129602116 129602117);COCONUT:(CNP0005728)	2097154
31	1	N/A	-302.36944417002684	C12H22N2O4	[M - H2O + H]+	BXDCHFVFANYXKP	InChI=1S/C12H22N2O4/c1-12(7-17-10(13)15,8-18-11(14)16)9-5-3-2-4-6-9/h9H,2-8H2,1H3,(H2,13,15)(H2,14,16)	2-Cyclohexyl-2-methyl-1,3-propanediol dicarbamate	CC(COC(=O)N)(COC(=O)N)C1CCCCC1	2.29999995	121363	PubChem:(121363);PubChem class - safety and toxic	67108866
32	1	N/A	-305.28414991428633	C12H22N2O4	[M - H2O + H]+	SCFONGGWRAYUID	InChI=1S/C12H22N2O4/c1-3-5-9(2)8-11(15)14(18)7-4-6-10(13)12(16)17/h8,10,18H,3-7,13H2,1-2H3,(H,16,17)	null	CCCC(=CC(=O)N(CCCC(C(=O)O)N)O)C	0.922880828	""	COCONUT:(CNP0335460)	2097152
33	1	N/A	-318.36972188923085	C12H22N2O4	[M - H2O + H]+	RZCKBZNISGMCDU	InChI=1S/C12H22N2O4/c1-6(2)14-10(15)4-7-3-8-12(17-7)11(16)9(5-13)18-8/h6-9,11-12,16H,3-5,13H2,1-2H3,(H,14,15)	null	CC(C)NC(=O)CC1CC2C(O1)C(C(O2)CN)O	-0.899999976	100660993	PubChem:(100660993);COCONUT:(CNP0007479)	2097154
34	1	N/A	-320.46280117179754	C12H22N2O4	[M - H2O + H]+	UYDCRNHLCFHHFR	InChI=1S/C12H22N2O4/c1-12(2,3)18-11(17)14-7-8(15)6-9(14)10(16)13(4)5/h8-9,15H,6-7H2,1-5H3	tert-butyl 2-(dimethylcarbamoyl)-4-hydroxypyrrolidine-1-carboxylate	CC(C)(C)OC(=O)N1CC(CC1C(=O)N(C)C)O	0.200000003	21905852;25180889;58815374;67428805;67430109	PubChem:(21905852 25180889 58815374 67428805 67430109);PubChem class - safety and toxic	67108866
35	1	N/A	-326.75116593940834	C12H22N2O4	[M - H2O + H]+	SIJQWLRMKSXZAL	InChI=1S/C12H22N2O4/c1-7(2)5-9-11(15)14(18)10(6-8(3)4)12(16)13(9)17/h7-8,13-16H,5-6H2,1-4H3	null	CC(C)CC1=C([NH+](C(=C([NH+]1[O-])O)CC(C)C)[O-])O	0.0	""	COCONUT:(CNP0069537)	2097152
36	1	N/A	-327.80389385194445	C12H22N2O4	[M - H2O + H]+	SKLFXUYVMSVLIC	InChI=1S/C12H22N2O4/c15-6-7-5-9(11(17)10(7)16)14-12(18)13-8-3-1-2-4-8/h7-11,15-17H,1-6H2,(H2,13,14,18)	null	C1CCC(C1)NC(=O)NC2CC(C(C2O)O)CO	-0.300000012	75529487	PubChem:(75529487);COCONUT:(CNP0007455)	2097154
37	1	N/A	-335.9856118688783	C12H22N2O4	[M - H2O + H]+	HFOKEKXUMMHHIX	InChI=1S/C12H22N2O4/c1-8(15)13-11-6-5-10(18-12(11)17-4)7-14(3)9(2)16/h10-12H,5-7H2,1-4H3,(H,13,15)	null	CC(=O)NC1CCC(OC1OC)CN(C)C(=O)C	-0.243315458	""	COCONUT:(CNP0209618);Natural Products:(UNPD11711);SuperNatural:(SN00367835)	3178496
1	1	N/A	-263.3566052156851	C12H20N2O3	[M + H]+	ZIOVKDDTXNWBNJ	InChI=1S/C12H20N2O3/c1-4-6-7-14-11(16)9(8(3)5-2)10(15)13-12(14)17/h8-9H,4-7H2,1-3H3,(H,13,15,17)	1-Butyl-5-sec-butylbarbituric acid	CCCCN1C(=O)C(C(=O)NC1=O)C(C)CC	2.20000005	49171	PubChem:(49171);PubChem class - safety and toxic	67108866
2	1	N/A	-267.6746628547951	C12H20N2O3	[M + H]+	WPVVKBNGJBVQFJ	InChI=1S/C12H20N2O3/c1-11(2)4-9(14-8-15)5-12(3,6-11)7-13-10(16)17/h9,13H,4-7H2,1-3H3,(H,16,17)	N-[(5-isocyanato-1,3,3-trimethylcyclohexyl)methyl]carbamate	CC1(CC(CC(C1)(C)CNC(=O)O)N=C=O)C	3.0999999	19763970;19763971;90250931	PubChem:(19763970 19763971 90250931);NORMAN:(NS00062191)	262146
3	1	N/A	-274.1306652555423	C12H20N2O3	[M + H]+	ZSCDMQNUQCZYHQ	InChI=1S/C12H20N2O3/c1-5-7-8-12(6-2)9(15)13(3)11(17)14(4)10(12)16/h5-8H2,1-4H3	Dimethylneonal	CCCCC1(C(=O)N(C(=O)N(C1=O)C)C)CC	1.89999998	34188	MeSH:(34188);PubChem class - safety and toxic;PubChem:(34188)	67108870
4	1	N/A	-276.7142712263603	C12H20N2O3	[M + H]+	DKKPDAZGLRHNIU	InChI=1S/C12H20N2O3/c1-13-10-6-14(9-2-4-16-5-3-9)7-11(10)17-8-12(13)15/h9-11H,2-8H2,1H3	null	CN1C2CN(CC2OCC1=O)C3CCOCC3	-0.300000012	56775101	PubChem:(56775101);COCONUT:(CNP0157248)	2097154
5	1	N/A	-277.06616482562896	C12H20N2O3	[M + H]+	ZLUNGGZJSQDFPH	InChI=1S/C12H20N2O3/c1-4-7-8(5-2)12(6-3)9(15)13-11(17)14-10(12)16/h8H,4-7H2,1-3H3,(H2,13,14,15,16,17)	butysal	CCCC(CC)C1(C(=O)NC(=O)NC1=O)CC	1.79937243	101534;67105510;76970408	NORMAN:(NS00041050);PubChem:(101534 67105510 76970408);CHEBI:(134977)	262178
6	1	N/A	-282.3766571125073	C12H20N2O3	[M + H]+	RAMUEMRVQRRPDR	InChI=1S/C12H20N2O3/c1-4-7-8-14-10(16)12(5-2,6-3)9(15)13-11(14)17/h4-8H2,1-3H3,(H,13,15,17)	N-n-Butylbarbital	CCCCN1C(=O)C(C(=O)NC1=O)(CC)CC	1.82099164	47143	PubChem:(47143);MeSH:(47143)	6
7	1	N/A	-288.6464557741859	C12H20N2O3	[M + H]+	PSTVHRSUNBSVIJ	InChI=1S/C12H20N2O3/c1-3-5-6-7-8-12(4-2)9(15)13-11(17)14-10(12)16/h3-8H2,1-2H3,(H2,13,14,15,16,17)	Ortal	CCCCCCC1(C(=O)NC(=O)NC1=O)CC	2.01894403	8942	COCONUT:(CNP0113424 CNP0175764);Natural Products:(UNPD27216);PubChem class - safety and toxic;PubChem:(8942);PubMed	69238850
8	1	N/A	-289.38531609951497	C12H20N2O3	[M + H]+	OIIGBIYLGSWNKY	InChI=1S/C12H20N2O3/c1-5-7-8(3)12(6-2)9(15)13-11(17)14(4)10(12)16/h8H,5-7H2,1-4H3,(H,13,15,17)	N-Methylpentobarbital	CCCC(C)C1(C(=O)NC(=O)N(C1=O)C)CC	1.61959362	42472;92155354;92155355;92155356;92155357	PubChem class - safety and toxic;PubChem:(42472 92155354 92155355 92155356 92155357);KEGG Mine	8657043458
9	1	N/A	-290.09256431452485	C12H20N2O3	[M + H]+	ADNFKJCJCHSTBI	InChI=1S/C12H20N2O3/c1-5-6-7-8(2)12(3)9(15)13-11(17)14(4)10(12)16/h8H,5-7H2,1-4H3,(H,13,15,17)	1,5-Dimethyl-5-(1-methylpentyl)barbituric acid	CCCCC(C)C1(C(=O)NC(=O)N(C1=O)C)C	1.61959362	48460	PubChem:(48460);PubChem class - safety and toxic	67108866
10	1	N/A	-291.07130030103974	C12H20N2O3	[M + H]+	KXOZJFGEGGNJDX	InChI=1S/C12H20N2O3/c1-3-5-7-12(8-6-4-2)9(15)13-11(17)14-10(12)16/h3-8H2,1-2H3,(H2,13,14,15,16,17)	Dibutylbarbituric acid	CCCCC1(C(=O)NC(=O)NC1=O)CCCC	2.01894403	28201	NORMAN:(NS00025579);PubChem class - safety and toxic;PubChem:(28201);PubMed	67371074
11	1	N/A	-292.9357424551603	C12H20N2O3	[M + H]+	DUPZNDCBOXOYQN	InChI=1S/C12H20N2O3/c1-4-6-7-8-12(5-2)9(15)13-11(17)14(3)10(12)16/h4-8H2,1-3H3,(H,13,15,17)	5-Ethyl-1-methyl-5-pentylbarbituric acid	CCCCCC1(C(=O)NC(=O)N(C1=O)C)CC	1.83916533	48806	PubChem:(48806);PubChem class - safety and toxic	67108866
12	1	N/A	-296.9832349033677	C12H20N2O3	[M + H]+	CRTLMSMSWWFXJX	InChI=1S/C12H20N2O3/c1-3-4-8-17-12(15)14-7-5-6-11(10-14)9-13-16-2/h6,9H,3-5,7-8,10H2,1-2H3	Butyl (E)-3,6-dihydro-5-((methoxyimino)methyl)-1(2H)-pyridinecarboxylate	CCCCOC(=O)N1CCC=C(C1)C=NOC	1.79999995	6448651;9588797	PubChem:(6448651 9588797);PubChem class - safety and toxic	67108866
13	1	N/A	-298.2636256544239	C12H20N2O3	[M + H]+	KUQQSUICJVLDOC	InChI=1S/C12H20N2O3/c1-4-6-8(3)12(7-5-2)9(15)13-11(17)14-10(12)16/h8H,4-7H2,1-3H3,(H2,13,14,15,16,17)	5-(1-Methylbutyl)-5-propylbarbituric acid	CCCC(C)C1(C(=O)NC(=O)NC1=O)CCC	1.79937243	40593;124301203;124301520	PubChem:(40593 124301203 124301520);PubChem class - safety and toxic	67108866
14	1	N/A	-299.3373135856847	C12H20N2O3	[M + H]+	IHGCUUHZJSCJGN	InChI=1S/C12H20N2O3/c1-4-6-12(7-8(3)5-2)9(15)13-11(17)14-10(12)16/h8H,4-7H2,1-3H3,(H2,13,14,15,16,17)	5-(2-Methylbutyl)-5-propylbarbituric acid	CCCC1(C(=O)NC(=O)NC1=O)CC(C)CC	1.79937243	48154;92162829;92163959	PubChem class - safety and toxic;PubChem:(48154 92162829 92163959);PubMed	67108930
15	1	N/A	-305.4151612868533	C12H20N2O3	[M + H]+	KXHLANWWTKSOMW	InChI=1S/C12H20N2O3/c1-5-12(8(4)6-7(2)3)9(15)13-11(17)14-10(12)16/h7-8H,5-6H2,1-4H3,(H2,13,14,15,16,17)	Diberal	CCC1(C(=O)NC(=O)NC1=O)C(C)CC(C)C	1.57980072	18079;12830097;12830098	MeSH:(18079);PubChem class - safety and toxic;PubChem:(18079 12830097 12830098);PubMed	67108934
16	1	N/A	-307.8792167287387	C12H20N2O3	[M + H]+	FJYFGNNSEKKZRT	InChI=1S/C12H20N2O3/c1-12(2,3)17-11(15)14-7-5-6-10(9-14)8-13-16-4/h6,8H,5,7,9H2,1-4H3	t-Butyl (E)-3,6-dihydro-5-((methoxyimino)methyl)-1(2H)-pyridinecarboxylate	CC(C)(C)OC(=O)N1CCC=C(C1)C=NOC	1.60000002	3072852;6448652;9588798	PubChem:(3072852 6448652 9588798);PubChem class - safety and toxic	67108866
17	1	N/A	-313.069107288434	C12H20N2O3	[M + H]+	YDAPOAWHXFCUSH	InChI=1S/C12H20N2O3/c1-17-12(16)10-8-14(7-6-13-10)11(15)9-4-2-3-5-9/h9-10,13H,2-8H2,1H3	Methyl (2S)-4-(cyclopentanecarbonyl)piperazine-2-carboxylate	COC(=O)C1CN(CCN1)C(=O)C2CCCC2	0.600000024	7161526;7161525	COCONUT:(CNP0392847);PubChem:(7161526 7161525);SuperNatural:(SN00026840);ZINC bio:(ZINC20504872)	3153922
18	1	N/A	-317.64353921259095	C12H20N2O3	[M + H]+	RDYMEDVXKQMMHS	InChI=1S/C12H20N2O3/c1-4-6-12(7-5-8(2)3)9(15)13-11(17)14-10(12)16/h8H,4-7H2,1-3H3,(H2,13,14,15,16,17)	5-Isopentyl-5-propylbarbituric acid	CCCC1(C(=O)NC(=O)NC1=O)CCC(C)C	1.79937243	86905	PubChem class - safety and toxic;PubChem:(86905);PubMed	67108930
19	1	N/A	-318.88571847569057	C12H20N2O3	[M + H]+	AUTKAHPILHUZRF	InChI=1S/C12H20N2O3/c1-5-8(6-2)12(7-3)9(15)13-11(17)14(4)10(12)16/h8H,5-7H2,1-4H3,(H,13,15,17)	4-24-00-01961 (Beilstein Handbook Reference)	CCC(CC)C1(C(=O)NC(=O)N(C1=O)C)CC	1.61959362	48734	PubChem:(48734);PubChem class - safety and toxic	67108866
20	1	N/A	-326.9779646255886	C12H20N2O3	[M + H]+	JBVZTNGDRBICPC	InChI=1S/C12H20N2O3/c1-15-7-8-17-6-5-14-10-3-4-11(13)12(9-10)16-2/h3-4,9,14H,5-8,13H2,1-2H3	2-methoxy-4-N-[2-(2-methoxyethoxy)ethyl]benzene-1,4-diamine	COCCOCCNC1=CC(=C(C=C1)N)OC	0.899999976	3022411	PubChem:(3022411);NORMAN:(NS00039632)	262146
21	1	N/A	-327.6852017700025	C12H20N2O3	[M + H]+	MXXWTDJMNCLMLK	InChI=1S/C12H20N2O3/c1-5-8(7(3)4)12(6-2)9(15)13-11(17)14-10(12)16/h7-8H,5-6H2,1-4H3,(H2,13,14,15,16,17)	5-Ethyl-5-(1-ethyl-2-methylpropyl)barbituric acid	CCC(C(C)C)C1(C(=O)NC(=O)NC1=O)CC	1.57980072	3024426	PubChem:(3024426);NORMAN:(NS00066583)	262146
22	1	N/A	-336.9095310881467	C12H20N2O3	[M + H]+	UQNSGOYQGBXKSN	InChI=1S/C12H20N2O3/c1-8(15)13-10-3-4-11-12(17-9(2)16)5-6-14(11)7-10/h10-12H,3-7H2,1-2H3,(H,13,15)	(6-acetamido-1,2,3,5,6,7,8,8a-octahydroindolizin-1-yl) acetate	CC(=O)NC1CCC2C(CCN2C1)OC(=O)C	0.300000012	440935;5209500;10037295	COCONUT:(CNP0325529);Natural Products:(UNPD8824);PubChem:(440935 5209500 10037295);SuperNatural:(SN00213395 SN00400213)	3178498
23	1	N/A	-360.5473490218983	C12H20N2O3	[M + H]+	VSNNVRFWSAHGLN	InChI=1S/C12H20N2O3/c1-8(2)10-6-13(7-11(15)9(3)4)12(16)14(10)17-5/h9-10H,1,6-7H2,2-5H3	null	CC(C)C(=O)CN1CC(N(C1=O)OC)C(=C)C	1.30930901	""	COCONUT:(CNP0126620);Natural Products:(UNPD136949);SuperNatural:(SN00233859)	3178496
24	1	N/A	-365.22339688232455	C12H20N2O3	[M + H]+	WIVYTWNTGCCPPU	InChI=1S/C12H20N2O3/c1-11(2)7-8(12(3,4)14(11)17)13-9(15)5-6-10(13)16/h5,8,15,17H,6-7H2,1-4H3	null	CC1(CC(C(N1O)(C)C)N2C(=O)CC=C2O)C	0.699999988	56603799;56603800	PubChem:(56603799 56603800);PubChem class - bio and metabolites	16777218
25	1	N/A	-369.42273209514764	C12H20N2O3	[M + H]+	BWCBNFXVZGKAKW	InChI=1S/C12H20N2O3/c1-9-12(10(2)17-13-9)7-14-4-5-16-8-11(6-14)15-3/h11H,4-8H2,1-3H3	null	CC1=C(C(=NO1)C)CN2CCOCC(C2)OC	0.600000024	75536940	PubChem:(75536940);COCONUT:(CNP0395833)	2097154
26	1	N/A	-387.25715411074077	C12H20N2O3	[M + H]+	QWDDGASHUKMOLG	InChI=1S/C12H20N2O3/c1-12(2,3)11(15)17-14-7-5-6-10(9-14)8-13-16-4/h6,8H,5,7,9H2,1-4H3	3-Pyridinecarboxaldehyde, 1,2,5,6-tetrahydro-1-(2,2-dimethyl-1-oxopropoxy)-, 3-(O-methyloxime), (E)-	CC(C)(C)C(=O)ON1CCC=C(C1)C=NOC	2.20000005	6448669;9588815	PubChem:(6448669 9588815);PubChem class - safety and toxic	67108866
27	1	N/A	-406.0609244913645	C12H20N2O3	[M + H]+	LJCIZMFWXQXHJT	InChI=1S/C12H20N2O3/c1-3-4-13-12(8-16-9-12)6-10-5-11(7-15-2)17-14-10/h5,13H,3-4,6-9H2,1-2H3	null	CCCNC1(COC1)CC2=NOC(=C2)COC	0.300000012	56775553	PubChem:(56775553);COCONUT:(CNP0004232)	2097154
28	1	N/A	-411.0683012980692	C12H20N2O3	[M + H]+	URRNLSKPTSFGBK	InChI=1S/C12H20N2O3/c1-9(2)13-12(7-16-8-12)6-10-5-11(3-4-15)17-14-10/h5,9,13,15H,3-4,6-8H2,1-2H3	null	CC(C)NC1(COC1)CC2=NOC(=C2)CCO	0.200000003	86769130	PubChem:(86769130);COCONUT:(CNP0005105)	2097154
29	1	N/A	-414.5214162001182	C12H20N2O3	[M + H]+	CHXQMYIAXRURDN	InChI=1S/C12H20N2O3/c1-8(14-13)5-9-6-10(15-2)12(17-4)11(7-9)16-3/h6-8,14H,5,13H2,1-4H3	4-15-00-01350 (Beilstein Handbook Reference)	CC(CC1=CC(=C(C(=C1)OC)OC)OC)NN	1.69991696	27956	PubChem:(27956);PubChem class - safety and toxic	67108866
30	1	N/A	-420.1896708766842	C12H20N2O3	[M + H]+	OVTZTMXKHQHBDM	InChI=1S/C12H20N2O3/c1-2-4-13-12(8-16-9-12)7-10-6-11(3-5-15)17-14-10/h6,13,15H,2-5,7-9H2,1H3	null	CCCNC1(COC1)CC2=NOC(=C2)CCO	0.300000012	75367136	PubChem:(75367136);COCONUT:(CNP0290639)	2097154
31	1	N/A	-442.6356735166172	C12H20N2O3	[M + H]+	KBKBTEGEKPPNTO	InChI=1S/C12H20N2O3/c1-11(2)8-4-5-12(11,3)9(6-8)14(13-17)7-10(15)16/h8-9H,4-7H2,1-3H3,(H,15,16)	(+-)-endo-N-2-Bornyl-N-nitrosoglycine	CC1(C2CCC1(C(C2)N(CC(=O)O)N=O)C)C	2.79999995	32562	PubChem:(32562);PubChem class - safety and toxic	67108866
32	1	N/A	-444.85335691651875	C12H20N2O3	[M + H]+	MOURCSATHSLZGF	InChI=1S/C12H20N2O3/c1-9(2)5-13-12(7-16-8-12)4-10-3-11(6-15)17-14-10/h3,9,13,15H,4-8H2,1-2H3	null	CC(C)CNC1(COC1)CC2=NOC(=C2)CO	0.200000003	56775598	PubChem:(56775598);COCONUT:(CNP0335689)	2097154
33	1	N/A	-459.2694246823762	C12H20N2O3	[M + H]+	VQDBNKDJNJQRDG	InChI=1S/C12H20N2O3/c1-12(2,3)13-6-11(17)8-4-5-10(16)9(7-15)14-8/h4-5,11,13,15-17H,6-7H2,1-3H3	Maxair	CC(C)(C)NCC(C1=NC(=C(C=C1)O)CO)O	-0.100000001	4845;3246659;45356253;117065250	HMDB:(15407);ZINC bio:(ZINC00000637 ZINC00897261);additional;MeSH:(4845);PubMed;NORMAN:(NS00003865);COCONUT:(CNP0021694);PubChem:(4845 3246659 45356253 117065250);CHEBI:(8245);PubChem class - bio and metabolites;KEGG:(C07807);PubChem class - safety and toxic;PubChem class - drug	120332654
34	1	N/A	-479.56796706848843	C12H20N2O3	[M + H]+	KZBJJAFGNMRRHN	InChI=1S/C12H20N2O3/c1-5-7-8-13-9(11(15)17-6-2)10(14-8)12(3,4)16/h16H,5-7H2,1-4H3,(H,13,14)	Ethyl 4-(1-hydroxy-1-methylethyl)-2-propylimidazole-5-carboxylate	CCCC1=NC(=C(N1)C(C)(C)O)C(=O)OCC	1.5	10562026	NORMAN:(NS00005848);PubChem class - safety and toxic;Training Set;PubChem:(10562026);PubMed	67387458
35	1	N/A	-498.44169105003755	C12H20N2O3	[M + H]+	FKZKNXDBPSPVCN	InChI=1S/C12H20N2O3/c1-8(2)5-10-11(15)14(17)9(7-13-10)6-12(3,4)16/h7-8,16-17H,5-6H2,1-4H3	null	CC(C)CC1=NC=C(N(C1=O)O)CC(C)(C)O	1.69342792	""	COCONUT:(CNP0277510);Natural Products:(UNPD94672);SuperNatural:(SN00375053)	3178496
36	1	N/A	-510.03003537268154	C12H20N2O3	[M + H]+	QTTAJMQGQJRLDK	InChI=1S/C12H20N2O3/c1-7(2)5-9-12(16)14(17)10(6-13-9)11(15)8(3)4/h6-8,11,15,17H,5H2,1-4H3	Neohydroxyaspergillic Acid	CC(C)CC1=NC=C(N(C1=O)O)C(C(C)C)O	1.29999995	356804;40559814	COCONUT:(CNP0140097);Natural Products:(UNPD191839);PubChem:(356804 40559814);SuperNatural:(SN00002365 SN00255257 SN00013628);ZINC bio:(ZINC01612369 ZINC05732396)	3186690
37	1	N/A	-542.1919808157372	C12H20N2O3	[M + H]+	ARNQMQXMJRUMRP	InChI=1S/C12H20N2O3/c1-5-12(4,16)10-7-13-9(6-8(2)3)11(15)14(10)17/h7-8,16-17H,5-6H2,1-4H3	Hhmmpp	CCC(C)(C1=CN=C(C(=O)N1O)CC(C)C)O	1.0	73679;92163809;92169661	COCONUT:(CNP0224698);Natural Products:(UNPD108228);PubChem:(73679 92163809 92169661);SuperNatural:(SN00316092);ZINC bio:(ZINC02004082);MeSH:(73679);PubChem class - safety and toxic;PubMed;KEGG Mine	8660230214