structureRankPerFormula	formulaRank	ConfidenceScore	CSI:FingerIDScore	molecularFormula	adduct	InChIkey2D	InChI	name	smiles	xlogp	pubchemids	links	dbflags
1	1	N/A	-144.8850350298018	C11H14O5	[M - H2O + H]+	DDSJXCGGOXKGSJ	InChI=1S/C11H14O5/c1-14-8-4-7(6-10(12)13)5-9(15-2)11(8)16-3/h4-5H,6H2,1-3H3,(H,12,13)	Oprea1_468323	COC1=CC(=CC(=C1OC)OC)CC(=O)O	1.44280112	70372;3288608;118856164	NORMAN:(NS00040438);PubChem:(70372 3288608 118856164);CHEBI:(125676);MeSH:(70372);PubChem class - safety and toxic;PubMed	67371110
2	1	N/A	-145.83915946608116	C11H14O5	[M - H2O + H]+	ITJDLAGYSXNWNW	InChI=1S/C11H14O5/c1-3-15-11(13)16-7-8-4-5-9(12)10(6-8)14-2/h4-6,12H,3,7H2,1-2H3	ethyl (4-hydroxy-3-methoxyphenyl)methyl carbonate	CCOC(=O)OCC1=CC(=C(C=C1)O)OC	2.0	21119044	PubChem:(21119044);NORMAN:(NS00065725)	262146
3	1	N/A	-146.79517947822114	C11H14O5	[M - H2O + H]+	BPPVOXVSMSXBEI	InChI=1S/C11H14O5/c1-15-8-5-7(3-4-10(12)13)6-9(16-2)11(8)14/h5-6,14H,3-4H2,1-2H3,(H,12,13)	Ambap14897-78-0	COC1=CC(=CC(=C1O)OC)CCC(=O)O	1.29999995	84681	NORMAN:(NS00024875);COCONUT:(CNP0251351);HMDB:(41727);Natural Products:(UNPD75879);PubChem:(84681);PubChem class - bio and metabolites;MeSH:(84681);PubMed;KEGG Mine	8609103950
4	1	N/A	-156.08489140760702	C11H14O5	[M - H2O + H]+	WKUVKFZZCHINKG	InChI=1S/C11H14O5/c1-4-16-11(13)7-5-8(14-2)10(12)9(6-7)15-3/h5-6,12H,4H2,1-3H3	Ethyl syringate	CCOC(=O)C1=CC(=C(C(=C1)OC)O)OC	1.71220243	19845	COCONUT:(CNP0347614);PubChem:(19845);additional;PubChem class - safety and toxic;Training Set;PubMed	69746754
5	1	N/A	-163.64561728472248	C11H14O5	[M - H2O + H]+	BEFPXKJYKXAAEW	InChI=1S/C11H14O5/c1-15-9-4-3-7(5-8(9)12)6-10(16-2)11(13)14/h3-5,10,12H,6H2,1-2H3,(H,13,14)	null	COC1=C(C=C(C=C1)CC(C(=O)O)OC)O	1.248541	""	COCONUT:(CNP0369138)	2097152
6	1	N/A	-167.44241716069047	C11H14O5	[M - H2O + H]+	KACHFMOHOPLTNX	InChI=1S/C11H14O5/c1-13-8-5-7(11(12)16-4)6-9(14-2)10(8)15-3/h5-6H,1-4H3	Methyl tri-O-methylgallate	COC1=CC(=CC(=C1OC)OC)C(=O)OC	1.70000005	15956;10847040;131866591	NORMAN:(NS00026249);COCONUT:(CNP0143799);Natural Products:(UNPD18775);PubChem:(15956 10847040 131866591);SuperNatural:(SN00117001);ZINC bio:(ZINC00057165);PubChem class - safety and toxic;PubMed	70557762
7	1	N/A	-173.1724019262806	C11H14O5	[M - H2O + H]+	TVPGKWGQPSIRLU	InChI=1S/C11H14O5/c1-3-16-11(14)10(13)7-4-5-9(15-2)8(12)6-7/h4-6,10,12-13H,3H2,1-2H3	Isovanilmandelic acid-ethyl ester	CCOC(=O)C(C1=CC(=C(C=C1)OC)O)O	1.10000002	12569542;93514796;93514797	PubChem:(12569542 93514796 93514797);PubChem class - safety and toxic	67108866
8	1	N/A	-175.60857590942825	C11H14O5	[M - H2O + H]+	CJSXFEKGRAQPTL	InChI=1S/C11H14O5/c1-15-9-4-7(3-8(13)6-12)5-10(16-2)11(9)14/h4-5,12,14H,3,6H2,1-2H3	2-Propanone, 1-hydroxy-3-(4-hydroxy-3,5-dimethoxyphenyl)-	COC1=CC(=CC(=C1O)OC)CC(=O)CO	0.5	14008908	COCONUT:(CNP0252781);Natural Products:(UNPD179192);PubChem:(14008908)	2129922
9	1	N/A	-177.5485123748945	C11H14O5	[M - H2O + H]+	WWXXBZBOYVVBDR	InChI=1S/C11H14O5/c1-15-10-7(4-3-5-12)6-8(13)9(14)11(10)16-2/h3-4,6,12-14H,5H2,1-2H3	null	COC1=C(C(=C(C=C1C=CCO)O)O)OC	0.899999976	131834976	PubChem:(131834976);HMDB:(128677)	10
10	1	N/A	-179.2000467830043	C11H14O5	[M - H2O + H]+	HZXWAYXFSSLTTI	InChI=1S/C11H14O5/c1-15-10-5-7(3-4-8(10)12)9(13)6-11(14)16-2/h3-5,9,12-13H,6H2,1-2H3	null	COC1=C(C=CC(=C1)C(CC(=O)OC)O)O	0.5	90853129	COCONUT:(CNP0129029);Natural Products:(UNPD205823);PubChem:(90853129);PubMed	2129986
11	1	N/A	-179.49850615818175	C11H14O5	[M - H2O + H]+	AZKVWQKMDGGDSV	InChI=1S/C11H14O5/c1-15-10(13)8-5-16-11(14)9-6(4-12)2-3-7(8)9/h2,5,7,9,11-12,14H,3-4H2,1H3	Genipin	COC(=O)C1=COC(C2C1CC=C2CO)O	-0.699999988	23340;442424;6325197;12310085;10059623;25271870;40491676;40491677;44144320;53670235;69325260;73265201;98047565;98637399;118060469;134448282	HMDB:(35830);SuperNatural:(SN00243303 SN00002471 SN00011368 SN00011367 SN00000222);ZINC bio:(ZINC00004358 ZINC01681500 ZINC04720696 ZINC04720697);additional;MeSH:(442424);PubMed;COCONUT:(CNP0231068);KNApSAcK:(321);Natural Products:(UNPD177840 UNPD70448 UNPD107085 UNPD57378);PubChem:(23340 442424 6325197 12310085 10059623 25271870 40491676 40491677 44144320 53670235 69325260 73265201 98047565 98637399 118060469 134448282);CHEBI:(94318 5298);PubChem class - bio and metabolites;KEGG:(C09780);PubChem class - safety and toxic;Training Set	87613822
12	1	N/A	-180.7764666355382	C11H14O5	[M - H2O + H]+	ZQMCMXRXLGCJJJ	InChI=1S/C11H14O5/c1-15-10-5-7(3-4-9(10)13)8(6-12)11(14)16-2/h3-5,8,12-13H,6H2,1-2H3	null	COC1=C(C=CC(=C1)C(CO)C(=O)OC)O	0.699999988	100955863	COCONUT:(CNP0130884);KNApSAcK:(31786);Natural Products:(UNPD78979 UNPD205824);PubChem:(100955863);SuperNatural:(SN00310953)	3178514
13	1	N/A	-181.16826963279965	C11H14O5	[M - H2O + H]+	RFIWMQUCNNVHDA	InChI=1S/C11H14O5/c1-15-10-6-7(3-4-8(10)12)5-9(13)11(14)16-2/h3-4,6,9,12-13H,5H2,1-2H3	null	COC1=C(C=CC(=C1)CC(C(=O)OC)O)O	1.248541	131831518	HMDB:(124956);PubChem:(131831518);PubChem class - bio and metabolites	16777226
14	1	N/A	-182.39416088343376	C11H14O5	[M - H2O + H]+	CEARZEQLIHOYSV	InChI=1S/C11H14O5/c1-13-7-5-8(14-2)10(11(12)16-4)9(6-7)15-3/h5-6H,1-4H3	methyl 2,4,6-trimethoxybenzoate	COC1=CC(=C(C(=C1)OC)C(=O)OC)OC	1.70000005	289740	PubChem class - safety and toxic;PubChem:(289740);PubMed;ZINC bio:(ZINC00394568)	67117122
15	1	N/A	-185.94092758106964	C11H14O5	[M - H2O + H]+	UVJGEUFORIIASL	InChI=1S/C11H14O5/c1-13-8-5-7(6-12)9(14-2)11(16-4)10(8)15-3/h5-6H,1-4H3	2,3,4,5-tetramethoxybenzaldehyde	COC1=C(C(=C(C(=C1)C=O)OC)OC)OC	1.29999995	639412	COCONUT:(CNP0078246);MeSH:(639412);PubChem:(639412);PubMed;ZINC bio:(ZINC14725475)	2105414
16	1	N/A	-188.52308483472697	C11H14O5	[M - H2O + H]+	IJMJUSXUKHSNJO	InChI=1S/C11H14O5/c1-4-16-10-8(14-2)5-7(11(12)13)6-9(10)15-3/h5-6H,4H2,1-3H3,(H,12,13)	Benzoic acid, 4-ethoxy-3,5-dimethoxy-	CCOC1=C(C=C(C=C1OC)C(=O)O)OC	1.71220243	13642510	COCONUT:(CNP0195022);Natural Products:(UNPD175303);PubChem:(13642510)	2129922
17	1	N/A	-190.09285292675244	C11H14O5	[M - H2O + H]+	ASPRESJSDRJZBN	InChI=1S/C11H14O5/c1-7(12)16-8-5-9(13-2)11(15-4)10(6-8)14-3/h5-6H,1-4H3	3,4,5-trimethoxyphenyl acetate	CC(=O)OC1=CC(=C(C(=C1)OC)OC)OC	1.60000002	276280	COCONUT:(CNP0105757);HMDB:(31722);Natural Products:(UNPD4396);PubChem:(276280);SuperNatural:(SN00391005);ZINC bio:(ZINC01713247);PubChem class - bio and metabolites;Training Set	19980298
18	1	N/A	-191.51022749610382	C11H14O5	[M - H2O + H]+	YNNLUYGFVUZDAD	InChI=1S/C11H14O5/c1-11(15,10(13)14)6-7-3-4-8(12)9(5-7)16-2/h3-5,12,15H,6H2,1-2H3,(H,13,14)	2-hydroxy-3-(4-hydroxy-3-methoxyphenyl)-2-methylpropanoic acid	CC(CC1=CC(=C(C=C1)O)OC)(C(=O)O)O	1.08566809	13279657	COCONUT:(CNP0280009);HMDB:(60736);Natural Products:(UNPD176406);PubChem:(13279657);SuperNatural:(SN00291117)	3178506
19	1	N/A	-193.5923729165578	C11H14O5	[M - H2O + H]+	LQLIWGLJAHTMMY	InChI=1S/C11H14O5/c1-7(12)16-11-9(14-3)5-8(13-2)6-10(11)15-4/h5-6H,1-4H3	null	CC(=O)OC1=C(C=C(C=C1OC)OC)OC	1.60000002	68597137	COCONUT:(CNP0176096);HMDB:(41560);Natural Products:(UNPD150341);PubChem:(68597137);SuperNatural:(SN00240397);ZINC bio:(ZINC13376124);PubChem class - bio and metabolites	19963914
20	1	N/A	-202.429237556194	C11H14O5	[M - H2O + H]+	WCBOPUJMJSLEMZ	InChI=1S/C11H14O5/c1-15-10-4-3-7(5-8(10)12)6-9(13)11(14)16-2/h3-5,9,12-13H,6H2,1-2H3	null	COC1=C(C=C(C=C1)CC(C(=O)OC)O)O	1.248541	""	COCONUT:(CNP0075821)	2097152
21	1	N/A	-202.5235993913342	C11H14O5	[M - H2O + H]+	FGDZULIOQYRILF	InChI=1S/C11H14O5/c1-15-9-5-7(3-4-11(13)14)8(12)6-10(9)16-2/h5-6,12H,3-4H2,1-2H3,(H,13,14)	null	COC1=C(C=C(C(=C1)CCC(=O)O)O)OC	1.29999995	57509490	COCONUT:(CNP0080050);PubChem:(57509490);SuperNatural:(SN00042039);ZINC bio:(ZINC72320484)	3153922
22	1	N/A	-206.53954345397614	C11H14O5	[M - H2O + H]+	ZMWCKCLDAQWIDA	InChI=1S/C11H14O5/c1-14-8-5-4-7(6-9(12)13)10(15-2)11(8)16-3/h4-5H,6H2,1-3H3,(H,12,13)	2-(2,3,4-trimethoxyphenyl)acetate	COC1=C(C(=C(C=C1)CC(=O)O)OC)OC	1.44280112	89727;6931292	NORMAN:(NS00027195);PubChem class - safety and toxic;PubChem:(89727 6931292)	67371010
23	1	N/A	-208.38074840474584	C11H14O5	[M - H2O + H]+	KFERDBMDSPIUTF	InChI=1S/C11H14O5/c1-15-10-5-7(3-4-11(14)16-2)8(12)6-9(10)13/h5-6,12-13H,3-4H2,1-2H3	null	COC1=C(C=C(C(=C1)CCC(=O)OC)O)O	1.29999995	123752723	COCONUT:(CNP0133873);Natural Products:(UNPD200123);PubChem:(123752723);PubMed	2129986
24	1	N/A	-211.2510214996407	C11H14O5	[M - H2O + H]+	RYTSFSLVJDNOHI	InChI=1S/C11H14O5/c1-13-7-15-10-4-3-9(6-12)5-11(10)16-8-14-2/h3-6H,7-8H2,1-2H3	3,4-bis(methoxymethoxy)benzaldehyde	COCOC1=C(C=C(C=C1)C=O)OCOC	1.65307367	11746314	COCONUT:(CNP0129271);PubChem:(11746314);PubMed	2097218
25	1	N/A	-211.77848589928678	C11H14O5	[M - H2O + H]+	XVJDJIVBWDQELV	InChI=1S/C11H14O5/c1-14-7-4-9(15-2)8(6-11(12)13)10(5-7)16-3/h4-5H,6H2,1-3H3,(H,12,13)	ACMC-20aoet	COC1=CC(=C(C(=C1)OC)CC(=O)O)OC	1.29999995	5243473;41097331	PubChem:(5243473 41097331);PubChem class - safety and toxic	67108866
26	1	N/A	-212.11175572677772	C11H14O5	[M - H2O + H]+	UHOAHNLBCNGCHE	InChI=1S/C11H14O5/c1-15-9-5-7(8(13)3-4-12)6-10(16-2)11(9)14/h5-6,12,14H,3-4H2,1-2H3	3-Hydroxy-1-(4-hydroxy-3,5-dimethoxyphenyl)propan-1-one	COC1=CC(=CC(=C1O)OC)C(=O)CCO	0.868261218	54353627	COCONUT:(CNP0249590);Natural Products:(UNPD11149);PubChem:(54353627);SuperNatural:(SN00158728);ZINC bio:(ZINC14511220);PubMed	3186754
27	1	N/A	-212.4350968452919	C11H14O5	[M - H2O + H]+	IULDMOXKVBKTBV	InChI=1S/C11H14O5/c1-7-10(15-2)8(6-13)9(4-3-5-12)16-11(7)14/h3-4,12-13H,5-6H2,1-2H3	null	CC1=C(C(=C(OC1=O)C=CCO)CO)OC	-0.699999988	10059573	COCONUT:(CNP0172236);KNApSAcK:(24189);Natural Products:(UNPD126000);PubChem:(10059573);SuperNatural:(SN00360634)	3178514
28	1	N/A	-212.68209759369122	C11H14O5	[M - H2O + H]+	PBMYJAUUTMLHCA	InChI=1S/C11H14O5/c1-14-8-4-7(5-10(12)13)11(16-3)9(6-8)15-2/h4,6H,5H2,1-3H3,(H,12,13)	null	COC1=CC(=C(C(=C1)OC)OC)CC(=O)O	1.29999995	83892492	COCONUT:(CNP0307094);Natural Products:(UNPD64419);PubChem:(83892492)	2129922
29	1	N/A	-214.9291178702525	C11H14O5	[M - H2O + H]+	BBNYFFASTZMSIE	InChI=1S/C11H14O5/c1-16-11-9(6-14)3-7(4-12)2-8(5-13)10(11)15/h2-3,12-14H,4-6H2,1H3	Oprea1_400332	COC1=C(C=C(C=C(C1=O)CO)CO)CO	-1.20000005	906069	COCONUT:(CNP0180535);PubChem:(906069);SuperNatural:(SN00001530);ZINC bio:(ZINC00487709)	3153922
30	1	N/A	-216.0001502122983	C11H14O5	[M - H2O + H]+	DGBMMVBFYMZWHX	InChI=1S/C11H14O5/c1-3-7(5-12)11-8(6-13)9(15-2)4-10(14)16-11/h3-4,12-13H,5-6H2,1-2H3	null	CC=C(CO)C1=C(C(=CC(=O)O1)OC)CO	-0.5	51039177;51039178	COCONUT:(CNP0082634);PubChem:(51039177 51039178);CHEBI:(68766 68767)	2097186
31	1	N/A	-218.12390988079392	C11H14O5	[M - H2O + H]+	PJQAOXMMZDKWAJ	InChI=1S/C11H14O5/c1-15-11(14)9-4-2-3-5-10(9)16-7-8(13)6-12/h2-5,8,12-13H,6-7H2,1H3	2-(2,3-Dihydroxypropoxy)methylbenzoate	COC(=O)C1=CC=CC=C1OCC(CO)O	0.717722237	40769	PubChem:(40769);PubChem class - safety and toxic	67108866
32	1	N/A	-218.51200608832312	C11H14O5	[M - H2O + H]+	JPBXWMPAUUZPQK	InChI=1S/C11H14O5/c1-15-9-4-3-7(5-10(9)16-2)11(14)8(13)6-12/h3-5,8,12-13H,6H2,1-2H3	1-Propanone, 1-(3,4-dimethoxyphenyl)-2,3-dihydroxy-	COC1=C(C=C(C=C1)C(=O)C(CO)O)OC	0.200000003	21627687	COCONUT:(CNP0367299);Natural Products:(UNPD140449);PubChem:(21627687);SuperNatural:(SN00345937)	3178498
33	1	N/A	-219.24781840673464	C11H14O5	[M - H2O + H]+	CCNIWEUCZSTZIU	InChI=1S/C11H14O5/c1-13-7-15-10-4-3-9(6-12)11(5-10)16-8-14-2/h3-6H,7-8H2,1-2H3	Benzaldehyde, 2,4-bis(methoxymethoxy)-	COCOC1=CC(=C(C=C1)C=O)OCOC	1.20000005	11770150	COCONUT:(CNP0071108);PubChem:(11770150);PubMed	2097218
34	1	N/A	-220.3905660520932	C11H14O5	[M - H2O + H]+	WKGYQHYYELHOBX	InChI=1S/C11H14O5/c1-14-6-9(13)11-8(12)4-7(15-2)5-10(11)16-3/h4-5,12H,6H2,1-3H3	1-(2-hydroxy-4,6-dimethoxyphenyl)-2-methoxyethan-1-one	COCC(=O)C1=C(C=C(C=C1OC)OC)O	1.60000002	10846850	COCONUT:(CNP0155547);Training Set;PubChem:(10846850)	2113538
35	1	N/A	-221.58471294237253	C11H14O5	[M - H2O + H]+	QLACLEPYLWLNTD	InChI=1S/C11H14O5/c1-15-8-5-3-7(4-6-9(12)13)10(14)11(8)16-2/h3,5,14H,4,6H2,1-2H3,(H,12,13)	null	COC1=C(C(=C(C=C1)CCC(=O)O)O)OC	1.29999995	117325047	COCONUT:(CNP0286960);HMDB:(142080);Natural Products:(UNPD127305);PubChem:(117325047);SuperNatural:(SN00404374);PubChem class - bio and metabolites	19955722
36	1	N/A	-223.7807252433422	C11H14O5	[M - H2O + H]+	GEBWXMCCQWXQLP	InChI=1S/C11H14O5/c1-15-10-6-7(8(13)3-4-12)5-9(14)11(10)16-2/h5-6,12,14H,3-4H2,1-2H3	null	COC1=CC(=CC(=C1OC)O)C(=O)CCO	0.400000006	57409879	COCONUT:(CNP0126136);Natural Products:(UNPD222655);PubChem:(57409879)	2129922
37	1	N/A	-225.53951221040117	C11H14O5	[M - H2O + H]+	MQBHUFWQURHVOQ	InChI=1S/C11H14O5/c1-15-10(6-11(14)16-2)7-3-4-8(12)9(13)5-7/h3-5,10,12-13H,6H2,1-2H3	null	COC(CC(=O)OC)C1=CC(=C(C=C1)O)O	0.699999988	10987942	COCONUT:(CNP0166027);KNApSAcK:(32286);Natural Products:(UNPD138448);PubChem:(10987942);SuperNatural:(SN00250353);MeSH:(10987942);PubMed	3178582
38	1	N/A	-225.66638076616798	C11H14O5	[M - H2O + H]+	OGXXOFURFAHPLQ	InChI=1S/C11H14O5/c1-3-4-9-7(5-12)10(15-2)8(6-13)11(14)16-9/h3-4,12-13H,5-6H2,1-2H3	null	CC=CC1=C(C(=C(C(=O)O1)CO)OC)CO	-0.200000003	10799242	COCONUT:(CNP0213099);Natural Products:(UNPD84095);PubChem:(10799242);SuperNatural:(SN00361984)	3178498
39	1	N/A	-227.623531340125	C11H14O5	[M - H2O + H]+	WCSOSFHNBSGWPA	InChI=1S/C11H14O5/c1-6(7(2)13)11-8(5-12)9(15-3)4-10(14)16-11/h4,7,12-13H,1,5H2,2-3H3	null	CC(C(=C)C1=C(C(=CC(=O)O1)OC)CO)O	-0.300000012	51136320;52316412	COCONUT:(CNP0357642);PubChem:(51136320 52316412);SuperNatural:(SN00039219 SN00039220);ZINC bio:(ZINC49181811 ZINC49181814)	3153922
40	1	N/A	-232.66792906106215	C11H14O5	[M - H2O + H]+	IKZVKSMJMBFFAC	InChI=1S/C11H14O5/c12-6-2-1-4-8-10(14)9(5-3-7-13)16-11(8)15/h1-5,9-10,12-14H,6-7H2	Eutypellin B	C(C=CC=C1C(C(OC1=O)C=CCO)O)O	-1.10000002	44479729	COCONUT:(CNP0249444);KNApSAcK:(47871);Natural Products:(UNPD13105);PubChem:(44479729);SuperNatural:(SN00320272);MeSH:(44479729);PubMed	3178582
41	1	N/A	-238.35309655878635	C11H14O5	[M - H2O + H]+	APZIDRCACRTPAG	InChI=1S/C11H14O5/c1-15-11(14)8-3-2-4-10(5-8)16-7-9(13)6-12/h2-5,9,12-13H,6-7H2,1H3	methyl 3-(2,3-dihydroxypropoxy)benzoate	COC(=O)C1=CC(=CC=C1)OCC(CO)O	0.400000006	49017	PubChem:(49017);PubChem class - safety and toxic	67108866
42	1	N/A	-240.74944412091932	C11H14O5	[M - H2O + H]+	DAXAJRFIWMHFIP	InChI=1S/C11H14O5/c1-14-8-4-7(6-12)10(11(13)16-3)9(5-8)15-2/h4-5,12H,6H2,1-3H3	null	COC1=CC(=C(C(=C1)CO)C(=O)OC)OC	1.24590409	""	COCONUT:(CNP0247823);Natural Products:(UNPD153868);SuperNatural:(SN00363688)	3178496
43	1	N/A	-240.77184075694856	C11H14O5	[M - H2O + H]+	WLTFZNFPHXCIAO	InChI=1S/C11H14O5/c1-6(12)9-7(14-2)5-8(15-3)11(16-4)10(9)13/h5,13H,1-4H3	2-Hydroxy-3,4,6-trimethoxyacetophenone	CC(=O)C1=C(C(=C(C=C1OC)OC)OC)O	1.70000005	344492	COCONUT:(CNP0051152);Natural Products:(UNPD80644);PubChem:(344492);SuperNatural:(SN00267040);ZINC bio:(ZINC01594122);PubChem class - safety and toxic	70295554
44	1	N/A	-242.99865005419554	C11H14O5	[M - H2O + H]+	JDBYFCLHVYVXCX	InChI=1S/C11H14O5/c12-8(2-4-11(15)16)5-7-1-3-9(13)10(14)6-7/h1,3,6,8,12-14H,2,4-5H2,(H,15,16)	null	C1=CC(=C(C=C1CC(CCC(=O)O)O)O)O	1.04592574	52920332;135121427	COCONUT:(CNP0252623);HMDB:(41679);PubChem:(52920332 135121427);CHEBI:(137478);PubChem class - bio and metabolites;PubMed	18874474
45	1	N/A	-243.18841810744675	C11H14O5	[M - H2O + H]+	HBOJXVDFLHJNLK	InChI=1S/C11H14O5/c1-6(12)10(13)7-4-8(15-2)11(14)9(5-7)16-3/h4-6,12,14H,1-3H3	1-Propanone, 2-hydroxy-1-(4-hydroxy-3,5-dimethoxyphenyl)-	CC(C(=O)C1=CC(=C(C(=C1)OC)O)OC)O	1.1531533	14123045	COCONUT:(CNP0205648);Natural Products:(UNPD141045);PubChem:(14123045);SuperNatural:(SN00324744)	3178498
46	1	N/A	-244.86098726207427	C11H14O5	[M - H2O + H]+	XPXBACLMNLNKLB	InChI=1S/C11H14O5/c1-15-10-7(4-3-5-12)6-8(13)9(14)11(10)16-2/h5-6,13-14H,3-4H2,1-2H3	null	COC1=C(C(=C(C=C1CCC=O)O)O)OC	0.800000012	131834971	HMDB:(128670);PubChem:(131834971);PubChem class - bio and metabolites	16777226
47	1	N/A	-246.30527405847516	C11H14O5	[M - H2O + H]+	SISNFIMJZCCPLD	InChI=1S/C11H14O5/c1-6(12)10(13)7-3-8(14-2)11-9(4-7)15-5-16-11/h3-4,6,10,12-13H,5H2,1-2H3	1,2-Propanediol, 1-(7-methoxy-1,3-benzodioxol-5-yl)-, (1R,2S)-	CC(C(C1=CC2=C(C(=C1)OC)OCO2)O)O	0.600000024	71408272;102179926	PubChem:(71408272 102179926);COCONUT:(CNP0156304)	2097154
48	1	N/A	-253.43485341029495	C11H14O5	[M - H2O + H]+	YEWJCAJOVXNJSM	InChI=1S/C11H14O5/c1-16-11(15)8-4-2-3-7(5-8)6-9(12)10(13)14/h2-4,7,9,12H,5-6H2,1H3,(H,13,14)	null	COC(=O)C1=CC=CC(C1)CC(C(=O)O)O	0.800000012	23846521	PubChem:(23846521);COCONUT:(CNP0183698)	2097154
49	1	N/A	-254.4103108453032	C11H14O5	[M - H2O + H]+	YBLJMFGWUGQHDR	InChI=1S/C11H14O5/c1-15-10-5-7(8(13)3-4-12)9(14)6-11(10)16-2/h5-6,12,14H,3-4H2,1-2H3	null	COC1=C(C=C(C(=C1)C(=O)CCO)O)OC	0.868261218	""	COCONUT:(CNP0130643);Natural Products:(UNPD206222)	2129920
50	1	N/A	-256.9776093568591	C11H14O5	[M - H2O + H]+	MASHJJSDLKLZLA	InChI=1S/C11H14O5/c12-8-5-7(6-9(13)11(8)16)3-1-2-4-10(14)15/h5-6,12-13,16H,1-4H2,(H,14,15)	null	C1=C(C=C(C(=C1O)O)O)CCCCC(=O)O	1.5	101786869	HMDB:(141549);PubChem:(101786869);PubChem class - bio and metabolites	16777226
51	1	N/A	-257.28622032805754	C11H14O5	[M - H2O + H]+	AKZOGHIOUABLTI	InChI=1S/C11H14O5/c1-15-6-7(12)4-5-11-9(14)3-2-8(13)10(11)16-11/h2-3,7-10,12-14H,6H2,1H3	null	COCC(C#CC12C(C=CC(C1O2)O)O)O	-2.0	44255331	COCONUT:(CNP0310746);KNApSAcK:(48138);Natural Products:(UNPD57353);PubChem:(44255331)	2129938
52	1	N/A	-261.3861827510897	C11H14O5	[M - H2O + H]+	KMNCHTPRXWQOIZ	InChI=1S/C11H14O5/c1-7(12)6-11(14)9(15-2)4-8(13)5-10(11)16-3/h4-5,14H,6H2,1-3H3	4-Hydroxy-3,5-dimethoxy-4-(2-oxopropyl)cyclohexa-2,5-dienone	CC(=O)CC1(C(=CC(=O)C=C1OC)OC)O	-0.600000024	241783	COCONUT:(CNP0193375);Natural Products:(UNPD184168);PubChem:(241783);PubMed;ZINC bio:(ZINC01681513)	2138178
53	1	N/A	-263.0525938824442	C11H14O5	[M - H2O + H]+	AWESBQDPCBCYFU	InChI=1S/C11H14O5/c1-14-9-3-7(2-8(13)5-12)4-10-11(9)16-6-15-10/h3-4,8,12-13H,2,5-6H2,1H3	3-(7-Methoxy-1,3-benzodioxol-5-yl)-1,2-propanediol	COC1=CC(=CC2=C1OCO2)CC(CO)O	1.16026711	15126349;92470498;91664891	COCONUT:(CNP0157028);Natural Products:(UNPD32338);PubChem:(15126349 92470498 91664891);ZINC bio:(ZINC14817995 ZINC14817997)	2138114
54	1	N/A	-264.44649398817523	C11H14O5	[M - H2O + H]+	VWHJPIGTANFGGX	InChI=1S/C11H14O5/c1-5-3-6-8-7(9(12)13-2)4-14-10(6)16-11(8)15-5/h4-6,8,10-11H,3H2,1-2H3	null	CC1CC2C3C(O1)OC2OC=C3C(=O)OC	1.02852297	""	COCONUT:(CNP0249369);Natural Products:(UNPD81782)	2129920
55	1	N/A	-266.053065960441	C11H14O5	[M - H2O + H]+	PQHLYDVQONASLU	InChI=1S/C11H14O5/c1-15-9-7-8(12)3-5-11(9,14)6-4-10(13)16-2/h3-6,9,14H,7H2,1-2H3	null	COC1CC(=O)C=CC1(C=CC(=O)OC)O	-0.5	125416469;125416470;125416471;125416472;129008923	COCONUT:(CNP0377486);Training Set;PubChem:(125416469 125416470 125416471 125416472 129008923)	2113538
56	1	N/A	-274.8936797563864	C11H14O5	[M - H2O + H]+	XOPOEBVTQYAOSV	InChI=1S/C11H14O5/c1-2-3-4-16-11(15)7-5-8(12)10(14)9(13)6-7/h5-6,12-14H,2-4H2,1H3	n-Butyl gallate	CCCCOC(=O)C1=CC(=C(C(=C1)O)O)O	1.79117084	14128	NORMAN:(NS00023498);COCONUT:(CNP0168219);PubChem:(14128);SuperNatural:(SN00143277);ZINC bio:(ZINC01665979);MeSH:(14128);PubChem class - safety and toxic;PubMed	70524998
57	1	N/A	-274.9519301209274	C11H14O5	[M - H2O + H]+	OWCOWEZOBNMPMA	InChI=1S/C11H14O5/c1-11(2,15)6-16-10-4-7(13)3-9(14)8(10)5-12/h3-5,13-15H,6H2,1-2H3	Benzaldehyde, 2,4-dihydroxy-6-(2-hydroxy-2-methylpropoxy)-	CC(C)(COC1=CC(=CC(=C1C=O)O)O)O	1.10000002	15138500	COCONUT:(CNP0337825);Natural Products:(UNPD153668);PubChem:(15138500)	2129922
58	1	N/A	-275.98383030225466	C11H14O5	[M - H2O + H]+	LLSYYNYMHUGCJM	InChI=1S/C11H14O5/c1-6(11(13)14)7-4-5-8(15-2)10(16-3)9(7)12/h4-6,12H,1-3H3,(H,13,14)	null	CC(C1=C(C(=C(C=C1)OC)OC)O)C(=O)O	1.5	117325039	HMDB:(133894);PubChem:(117325039);PubChem class - bio and metabolites	16777226
59	1	N/A	-283.7252243913782	C11H14O5	[M - H2O + H]+	DMZJXYVZVWKSFA	InChI=1S/C11H14O5/c1-4-7(12)6-5-8(15-2)10(14)11(16-3)9(6)13/h5,13-14H,4H2,1-3H3	null	CCC(=O)C1=CC(=C(C(=C1O)OC)O)OC	1.89999998	70698279	COCONUT:(CNP0266459);Natural Products:(UNPD140626);PubChem:(70698279);PubMed;CHEBI:(70419)	2130018
60	1	N/A	-283.74354034696785	C11H14O5	[M - H2O + H]+	QGBCGMGBGAHJIT	InChI=1S/C11H14O5/c1-5-9-6-3-8(15-5)16-11(9)14-4-7(6)10(12)13-2/h4-6,8-9,11H,3H2,1-2H3	Sarrancenia flava Extract	CC1C2C3CC(O1)OC2OC=C3C(=O)OC	0.800000012	427877;5321136;10998704;11775860;102069233;129374563;131636889;134715197	COCONUT:(CNP0112599);KNApSAcK:(10790);Natural Products:(UNPD954 UNPD29418);PubChem:(427877 5321136 10998704 11775860 102069233 129374563 131636889 134715197);SuperNatural:(SN00162906 SN00156495 SN00374283)	3178514
61	1	N/A	-287.05958337427984	C11H14O5	[M - H2O + H]+	NBVMVBRMJCNNNY	InChI=1S/C11H14O5/c1-10(15,6-12)4-5-11-8(14)3-2-7(13)9(11)16-11/h2-3,7-9,12-15H,6H2,1H3	null	CC(CO)(C#CC12C(C=CC(C1O2)O)O)O	-2.4000001	53260919	COCONUT:(CNP0221933);Natural Products:(UNPD204584);PubChem:(53260919)	2129922
62	1	N/A	-287.8308907851548	C11H14O5	[M - H2O + H]+	QJSMDRNOGWHWQO	InChI=1S/C11H14O5/c1-5-9(16-7(3)12)4-8(11(13)15-5)10-6(2)14-10/h4-6,9-10H,1-3H3	null	CC1C(C=C(C(=O)O1)C2C(O2)C)OC(=O)C	0.626386523	""	COCONUT:(CNP0104747);Natural Products:(UNPD46149);SuperNatural:(SN00269008)	3178496
63	1	N/A	-287.8888823796882	C11H14O5	[M - H2O + H]+	KZSFFEORIHTMOT	InChI=1S/C11H14O5/c1-3-5-14-7-8-6-9(11(13)16-8)10(12)15-4-2/h1,8-9H,4-7H2,2H3	Propargyloxymethyl-4 carbethoxy-2 gamma-butyrolactone	CCOC(=O)C1CC(OC1=O)COCC#C	0.699999988	206635	PubChem:(206635);PubChem class - safety and toxic	67108866
64	1	N/A	-287.90622372649335	C11H14O5	[M - H2O + H]+	DXUWKSUWEMSKDA	InChI=1S/C11H14O5/c1-3-4-6-8(12)9(13)7-10(16-6)5(2)15-11(7)14/h3-6,8-9,12-13H,1-2H3	null	CC=CC1C(C(C2=C(O1)C(OC2=O)C)O)O	-0.5	10105097	COCONUT:(CNP0381014);Natural Products:(UNPD9212);PubChem:(10105097);SuperNatural:(SN00239772);MeSH:(10105097);PubMed	3178566
65	1	N/A	-292.89275963811997	C11H14O5	[M - H2O + H]+	UCLHVCFKZSLALE	InChI=1S/C11H14O5/c1-6(2)5-16-11(15)7-3-8(12)10(14)9(13)4-7/h3-4,6,12-14H,5H2,1-2H3	Ambap3856-05-1	CC(C)COC(=O)C1=CC(=C(C(=C1)O)O)O	1.57159913	77464	NORMAN:(NS00044973);COCONUT:(CNP0400586);PubChem:(77464);SuperNatural:(SN00143279);ZINC bio:(ZINC01729187);MeSH:(77464);PubMed	3416134
66	1	N/A	-295.21812051742603	C11H14O5	[M - H2O + H]+	PFNTZFUZCHVMEE	InChI=1S/C11H14O5/c1-2-16-11(15)10(14)6-7-3-4-8(12)9(13)5-7/h3-5,10,12-14H,2,6H2,1H3	null	CCOC(=O)C(CC1=CC(=C(C=C1)O)O)O	1.26985145	57507560	COCONUT:(CNP0148678);Natural Products:(UNPD182920);PubChem:(57507560);SuperNatural:(SN00339053)	3178498
67	1	N/A	-298.991149984747	C11H14O5	[M - H2O + H]+	QKRQBODPNMXFLS	InChI=1S/C11H14O5/c12-8(1-2-11(15)16)3-7-4-9(13)6-10(14)5-7/h4-6,8,12-14H,1-3H2,(H,15,16)	null	C1=C(C=C(C=C1O)O)CC(CCC(=O)O)O	0.699999988	52920333;101786870;101900150	HMDB:(141547);PubChem:(52920333 101786870 101900150);PubMed;PubChem class - bio and metabolites	16777290
68	1	N/A	-300.84858865837936	C11H14O5	[M - H2O + H]+	JSRAFVZTHDHHQY	InChI=1S/C11H14O5/c1-2-3-7-6-8(11(14)15)9(16-7)4-5-10(12)13/h6H,2-5H2,1H3,(H,12,13)(H,14,15)	3-Carboxy-5-propyl-2-furanpropionic acid	CCCC1=CC(=C(O1)CCC(=O)O)C(=O)O	1.5	135803	MeSH:(135803);PubChem:(135803);PubMed	70
69	1	N/A	-302.9279869977908	C11H14O5	[M - H2O + H]+	NXDGLHJHHJJTSZ	InChI=1S/C11H14O5/c1-6(12)4-8(13)11-7(2)16-10(14)5-9(11)15-3/h5-6,12H,4H2,1-3H3	Pyrenocin B	CC1=C(C(=CC(=O)O1)OC)C(=O)CC(C)O	-0.100000001	155735	COCONUT:(CNP0376677);KNApSAcK:(542);Natural Products:(UNPD123813);PubChem:(155735);SuperNatural:(SN00375593);MeSH:(155735);PubMed	3178582
70	1	N/A	-303.1149244463613	C11H14O5	[M - H2O + H]+	GTUBQHDUMJNQSV	InChI=1S/C11H14O5/c1-7(12)9-4-5-10(16-9)8(13)3-6-11(14)15-2/h4-5,7,12H,3,6H2,1-2H3	null	CC(C1=CC=C(O1)C(=O)CCC(=O)OC)O	0.300000012	101472981	COCONUT:(CNP0176733);Natural Products:(UNPD126506);PubChem:(101472981);SuperNatural:(SN00304140)	3178498
71	1	N/A	-304.71254238389406	C11H14O5	[M - H2O + H]+	ZYSOIVWPFGMXCV	InChI=1S/C11H14O5/c1-5-6(2)15-11(13)9-7(14-3)4-8(12)16-10(5)9/h4-6,11,13H,1-3H3	Inflatin C	CC1C(OC(C2=C1OC(=O)C=C2OC)O)C	-0.100000001	190887;53493987;70698154	COCONUT:(CNP0132299);Natural Products:(UNPD203024 UNPD49390);PubChem:(190887 53493987 70698154);SuperNatural:(SN00269259);CHEBI:(69277 69272);MeSH:(190887 70698154);PubMed	3178598
72	1	N/A	-315.0480917490453	C11H14O5	[M - H2O + H]+	RDOULNBRWCNTNY	InChI=1S/C11H14O5/c1-6(15-8(3)12)4-9-5-10(13)7(2)11(14)16-9/h5-6,13H,4H2,1-3H3	null	CC1=C(C=C(OC1=O)CC(C)OC(=O)C)O	1.10000002	54751220	COCONUT:(CNP0224862);KNApSAcK:(33637);Natural Products:(UNPD105295);PubChem:(54751220);SuperNatural:(SN00312127)	3178514
73	1	N/A	-315.14681247083445	C11H14O5	[M - H2O + H]+	RTBHKOWSOJOEPS	InChI=1S/C11H14O5/c12-8-6-15-11(10(14)9(8)13)16-7-4-2-1-3-5-7/h1-5,8-14H,6H2	Ambcb5402125	C1C(C(C(C(O1)OC2=CC=CC=C2)O)O)O	-0.200000003	565000;742534;1777700;904067;928317;932918;933316;1379863;7071623;7092874;6572469;6914741;14370101;11836522;24209805;40560152;124463851	COCONUT:(CNP0194925);PubChem:(565000 742534 1777700 904067 928317 932918 933316 1379863 7071623 7092874 6572469 6914741 14370101 11836522 24209805 40560152 124463851);SuperNatural:(SN00047805 SN00049519 SN00072316);PubMed;ZINC bio:(ZINC00526141 ZINC01231721 ZINC04081981)	3153986
74	1	N/A	-315.4423867001343	C11H14O5	[M - H2O + H]+	XSBZCRLGWCIMRF	InChI=1S/C11H14O5/c1-6-9(16-6)3-2-8(13)10-7(4-12)5-15-11(10)14/h2-3,6-7,9-10,12H,4-5H2,1H3	Butalactin	CC1C(O1)C=CC(=O)C2C(COC2=O)CO	-0.300000012	6439340	COCONUT:(CNP0343187);MeSH:(6439340);KNApSAcK:(17073);PubChem:(6439340);PubMed	2097238
75	1	N/A	-318.92185826342114	C11H14O5	[M - H2O + H]+	XFUASGOQVURFSC	InChI=1S/C11H14O5/c1-4-7(12)11(14)10-6(2)16-9(13)5-8(10)15-3/h5,11,14H,4H2,1-3H3	null	CCC(=O)C(C1=C(OC(=O)C=C1OC)C)O	-0.100000001	139588655	PubChem:(139588655);COCONUT:(CNP0357837)	2097154
76	1	N/A	-324.24590852813964	C11H14O5	[M - H2O + H]+	BDEOEWDBHLJIBY	InChI=1S/C11H14O5/c1-3-4-6-5-7(12)9(13)10(14)8(6)11(15)16-2/h5,12-14H,3-4H2,1-2H3	null	CCCC1=CC(=C(C(=C1C(=O)OC)O)O)O	2.5999999	86169105	COCONUT:(CNP0079108);PubChem:(86169105);PubMed	2097218
77	1	N/A	-324.8789564321619	C11H14O5	[M - H2O + H]+	IZLIRBKYKYMRPY	InChI=1S/C11H14O5/c1-2-3-4-5-7-10(14)8(6-9(12)13)16-11(7)15/h6,14H,2-5H2,1H3,(H,12,13)	null	CCCCCC1=C(C(=CC(=O)O)OC1=O)O	1.79999995	54703018;67359881;90474583	COCONUT:(CNP0047430 CNP0293479);Natural Products:(UNPD163136);PubChem:(54703018 67359881 90474583);SuperNatural:(SN00372423 SN00028956);ZINC bio:(ZINC31159421)	3186690
78	1	N/A	-326.3470074669359	C11H14O5	[M - H2O + H]+	OXHCWCWKXULCPL	InChI=1S/C11H14O5/c1-14-9(12)7-4-15-10-8-6(7)2-3-11(8,13)5-16-10/h2-3,6-8,10,13H,4-5H2,1H3	null	COC(=O)C1COC2C3C1C=CC3(CO2)O	-0.600000024	5316976;102237317	COCONUT:(CNP0153143);KNApSAcK:(37079);Natural Products:(UNPD178641);PubChem:(5316976 102237317);SuperNatural:(SN00160186);MeSH:(102237317);PubMed	3178582
79	1	N/A	-327.2243879660904	C11H14O5	[M - H2O + H]+	SRPQMAMCLJLGNB	InChI=1S/C11H14O5/c1-6(12)4-9(14)11-8(7(2)13)5-10(15-3)16-11/h5-6,12H,4H2,1-3H3	null	CC(CC(=O)C1=C(C=C(O1)OC)C(=O)C)O	1.13864946	""	COCONUT:(CNP0206805);Natural Products:(UNPD36278);SuperNatural:(SN00239195)	3178496
80	1	N/A	-331.3441409254557	C11H14O5	[M - H2O + H]+	LOHNKCJVXLFVMW	InChI=1S/C11H14O5/c1-3-7-6(2)10(11(14)15)8(16-7)4-5-9(12)13/h3-5H2,1-2H3,(H,12,13)(H,14,15)	3-Cmefp	CCC1=C(C(=C(O1)CCC(=O)O)C(=O)O)C	1.5	3082710	MeSH:(3082710);PubChem:(3082710);PubMed	70
81	1	N/A	-334.62219437394344	C11H14O5	[M - H2O + H]+	VYTPSQHQAWGKGW	InChI=1S/C11H14O5/c1-5-3-4-7(12)9(14)11(5)8(13)6(2)16-10(11)15/h3-5,7-9,12-14H,2H2,1H3	Massarigenin A	CC1C=CC(C(C12C(C(=C)OC2=O)O)O)O	-0.899999976	637134;21776784;22297593;22297594;22297595	COCONUT:(CNP0270226);KNApSAcK:(44908);Natural Products:(UNPD16766 UNPD143093 UNPD180518);PubChem:(637134 21776784 22297593 22297594 22297595);SuperNatural:(SN00366186 SN00228210 SN00392860);MeSH:(637134);PubMed	3178582
82	1	N/A	-335.29889501703116	C11H14O5	[M - H2O + H]+	KZWDBDMVXZKACU	InChI=1S/C11H14O5/c1-6-5-15-11(2)9(10(6)13)7(14-3)4-8(12)16-11/h4,6,13H,5H2,1-3H3	Chlamydosporol	CC1COC2(C(=C1O)C(=CC(=O)O2)OC)C	0.100000001	54688512;54697254;54704005	MeSH:(54697254);PubChem:(54688512 54697254 54704005);PubMed	70
83	1	N/A	-336.4185512188999	C11H14O5	[M - H2O + H]+	UCSDPATZVVSYMY	InChI=1S/C11H14O5/c1-6(12)9(13)4-8-7(2)16-11(14)5-10(8)15-3/h5-6,12H,4H2,1-3H3	null	CC1=C(C(=CC(=O)O1)OC)CC(=O)C(C)O	-0.200000003	139588651	PubChem:(139588651);COCONUT:(CNP0357493)	2097154
84	1	N/A	-345.53121039621203	C11H14O5	[M - H2O + H]+	ICLHTGIHDLYEDX	InChI=1S/C11H14O5/c1-5-3-7(12)9-6(10(13)15-2)4-16-11(14)8(5)9/h4-5,8-9,11,14H,3H2,1-2H3	null	CC1CC(=O)C2C1C(OC=C2C(=O)OC)O	0.100000001	10889592;12444745;12444746	COCONUT:(CNP0188870);Natural Products:(UNPD95929);PubChem:(10889592 12444745 12444746);SuperNatural:(SN00321591);PubMed;KEGG Mine	8593113154
85	1	N/A	-357.42525644228493	C11H14O5	[M - H2O + H]+	UEYMIBGYKZFDMD	InChI=1S/C11H14O5/c1-6-7(2)11(16-10(6,3)13)8(14-4)5-9(12)15-11/h5-6,13H,2H2,1,3-4H3	null	CC1C(=C)C2(C(=CC(=O)O2)OC)OC1(C)O	0.200000003	10220164;23730661	COCONUT:(CNP0174063);MeSH:(10220164 23730661);Natural Products:(UNPD197706);PubChem:(10220164 23730661);PubMed	2129990
86	1	N/A	-362.82507027762676	C11H14O5	[M - H2O + H]+	MXPZYUJYDKXFAJ	InChI=1S/C11H14O5/c1-2-3-6-8(13)9(14)10(15)5-4-7(12)11(6,10)16/h2,7,12-13,15-16H,1,3-5H2	null	C=CCC1=C(C(=O)C2(C1(C(CC2)O)O)O)O	-1.10000002	10585319	COCONUT:(CNP0259027);Natural Products:(UNPD136199);PubChem:(10585319);SuperNatural:(SN00225233)	3178498
87	1	N/A	-373.2319931087642	C11H14O5	[M - H2O + H]+	YIOIHYRGWULMRJ	InChI=1S/C11H14O5/c1-5-3-4-7(12)9(14)11(5)8(13)6(2)16-10(11)15/h3-6,8-9,13-14H,1-2H3	1,10-dihydroxy-2,6-dimethyl-3-oxaspiro[4.5]dec-7-ene-4,9-dione	CC1C=CC(=O)C(C12C(C(OC2=O)C)O)O	-0.400000006	156787;21123507;101607510;131858720	COCONUT:(CNP0169016);Natural Products:(UNPD146165);PubChem:(156787 21123507 101607510 131858720);SuperNatural:(SN00366019);MeSH:(101607510);PubMed	3178566
88	1	N/A	-381.6012424209545	C11H14O5	[M - H2O + H]+	GKJAPTNXKYORRM	InChI=1S/C11H14O5/c1-11(2)3-4(12)5-6(13)7(14)9-10(15-9)8(5)16-11/h6-7,9-10,13-14H,3H2,1-2H3	null	CC1(CC(=O)C2=C(O1)C3C(O3)C(C2O)O)C	-1.60000002	46844817	COCONUT:(CNP0287382);Natural Products:(UNPD86218);PubChem:(46844817)	2129922
89	1	N/A	-382.88981662404296	C11H14O5	[M - H2O + H]+	HHOYYCAQWHQFFV	InChI=1S/C11H14O5/c1-6-10-7(5-15-11(6,2)13)8(14-3)4-9(12)16-10/h4,6,13H,5H2,1-3H3	(7S,8S)-7-hydroxy-4-methoxy-7,8-dimethyl-5,8-dihydropyrano[4,3-b]pyran-2-one	CC1C2=C(COC1(C)O)C(=CC(=O)O2)OC	-0.300000012	178233;14841768;21635988;53319537	COCONUT:(CNP0159924);Natural Products:(UNPD172466);PubChem:(178233 14841768 21635988 53319537);SuperNatural:(SN00300417);additional;PubMed	3702850
90	1	N/A	-388.2804873099478	C11H14O5	[M - H2O + H]+	YMNKNQQAZLBJFA	InChI=1S/C11H14O5/c1-11(2)3-4(12)5-8(16-11)6(13)7(14)10-9(5)15-10/h6-7,9-10,13-14H,3H2,1-2H3	null	CC1(CC(=O)C2=C(O1)C(C(C3C2O3)O)O)C	-1.60000002	46844816;46844818	COCONUT:(CNP0161733);Natural Products:(UNPD62431 UNPD170870);PubChem:(46844816 46844818);SuperNatural:(SN00256003 SN00359753)	3178498
91	1	N/A	-393.7958817471643	C11H14O5	[M - H2O + H]+	ZMFMHHDPSXFPHY	InChI=1S/C11H14O5/c1-5-3-4-6(12)7-11(5)8(13)10(2,15-7)16-9(11)14/h3-8,12-13H,1-2H3	null	CC1C=CC(C2C13C(C(O2)(OC3=O)C)O)O	-0.5	73891092;76313895	COCONUT:(CNP0357239);PubChem:(73891092 76313895);PubMed	2097218
92	1	N/A	-394.3068703322792	C11H14O5	[M - H2O + H]+	WUCUREOFJYRSMJ	InChI=1S/C11H14O5/c12-8(13)10-4-1-5-11(10,9(14)15)7-3-2-6(10)16-7/h6-7H,1-5H2,(H,12,13)(H,14,15)	Hexahydro-4,7-epoxy-1H-indene-3a,7a-dicarboxylic acid, (3a-alpha,4-alpha,7-alpha,7a-alpha)-	C1CC2(C3CCC(C2(C1)C(=O)O)O3)C(=O)O	0.200000003	3080106	PubChem:(3080106);PubChem class - safety and toxic	67108866
93	1	N/A	-417.0743291445057	C11H14O5	[M - H2O + H]+	GGPRMSQKBVQHAH	InChI=1S/C11H14O5/c1-6-5-10-9(2,16-10)7(12)4-8(14-3)11(10,13)15-6/h4,6,13H,5H2,1-3H3	(-)-epoxyserinone A	CC1CC23C(O2)(C(=O)C=C(C3(O1)O)OC)C	-0.699999988	11736274;21576221;21777484	COCONUT:(CNP0267607);Natural Products:(UNPD106673 UNPD66980);PubChem:(11736274 21576221 21777484);SuperNatural:(SN00375401 SN00355405);PubMed	3178562
94	1	N/A	-418.34063677659776	C11H14O5	[M - H2O + H]+	NTHKEGKZDDYTEV	InChI=1S/C11H14O5/c1-9(2)10(3)4-5-11(9,6(12)13)8(15)16-7(10)14/h4-5H2,1-3H3,(H,12,13)	1,8,8-trimethyl-2,4-dioxo-3-oxabicyclo[3.2.1]octane-5-carboxylic Acid	CC1(C2(CCC1(C(=O)OC2=O)C(=O)O)C)C	1.79999995	2770821;95370831;95370832;98064514;98064518	COCONUT:(CNP0036799 CNP0372228);PubChem:(2770821 95370831 95370832 98064514 98064518);SuperNatural:(SN00107504 SN00107505);ZINC bio:(ZINC70673109 ZINC70673111)	3153922
95	1	N/A	-435.7007672011107	C11H14O5	[M - H2O + H]+	LORTWVPBXJUYJM	InChI=1S/C11H14O5/c1-5-8(12)7-4-15-6(2)11(3,14)9(7)16-10(5)13/h6,12,14H,4H2,1-3H3	null	CC1C(C2=C(CO1)C(=C(C(=O)O2)C)O)(C)O	-0.699999988	54749171;54749907;54749908;54749909;54749910	COCONUT:(CNP0048739 CNP0218858);PubChem:(54749171 54749907 54749908 54749909 54749910);SuperNatural:(SN00029485 SN00029486 SN00029484 SN00029487);ZINC bio:(ZINC31163849 ZINC31163853 ZINC31163857 ZINC31163861);additional;Training Set	3694594
96	1	N/A	-445.99354853325787	C11H14O5	[M - H2O + H]+	ANHHAPDWNRZSRR	InChI=1S/C11H14O5/c1-5-3-4-7(12)9(14)11(5)8(13)6(2)16-10(11)15/h5,8-9,13-14H,2-4H2,1H3	massarigenin B	CC1CCC(=O)C(C12C(C(=C)OC2=O)O)O	-0.600000024	10955250;21776783	COCONUT:(CNP0341506);KNApSAcK:(44909);Natural Products:(UNPD9640);PubChem:(10955250 21776783);SuperNatural:(SN00247164);PubMed	3178578
97	1	N/A	-448.66334790023444	C11H14O5	[M - H2O + H]+	WOTOOYHBQRNZLX	InChI=1S/C11H14O5/c1-4-11-5(2)6(12)7(13)10(11,3)16-9(15)8(11)14/h8,12,14H,4H2,1-3H3	null	CCC12C(C(=O)OC1(C(=O)C(=C2C)O)C)O	0.400000006	138989899	PubChem:(138989899);COCONUT:(CNP0402032)	2097154
98	1	N/A	-458.70605986491415	C11H14O5	[M - H2O + H]+	WEYVNBPVWCXGFX	InChI=1S/C11H14O5/c1-4-7-3-6(12)8(13)11(4)9(16-7)5(2)15-10(11)14/h4,6-9,12-13H,2-3H2,1H3	null	CC1C2CC(C(C13C(O2)C(=C)OC3=O)O)O	-0.600000024	10799243;10263098;21776052;24812600;73837028;101089466	COCONUT:(CNP0281820);Natural Products:(UNPD69166);PubChem:(10799243 10263098 21776052 24812600 73837028 101089466);SuperNatural:(SN00394138)	3178498
1	1	0.4739449491452799	-19.761707211372297	C11H12O4	[M + H]+	CDICDSOGTRCHMG	InChI=1S/C11H12O4/c1-14-9-6-8(4-3-5-12)7-10(15-2)11(9)13/h3-7,13H,1-2H3	bmse000606	COC1=CC(=CC(=C1O)OC)C=CC=O	1.39999998	119216;5280802;5352903;10987510;16109953	PubChem class - food;SuperNatural:(SN00156136);ZINC bio:(ZINC01530242);additional;MeSH:(5280802);Plantcyc:(SINAPALDEHYDE);PubMed;COCONUT:(CNP0165715);KNApSAcK:(31384);Natural Products:(UNPD116123 UNPD226814);PubChem:(119216 5280802 5352903 10987510 16109953);CHEBI:(27949);PubChem class - bio and metabolites;KEGG:(C05610);PubChem class - safety and toxic;Training Set;Biocyc:(SINAPALDEHYDE)	221964662
2	1	N/A	-47.028329070843746	C11H12O4	[M + H]+	HJBWJAPEBGSQPR	InChI=1S/C11H12O4/c1-14-9-5-3-8(4-6-11(12)13)7-10(9)15-2/h3-7H,1-2H3,(H,12,13)	bmse010210	COC1=C(C=C(C=C1)C=CC(=O)O)OC	1.78963172	16848;1585025;1585026;717531;5547436;5140696;45039059;71434102	HMDB:(34315 138526);SuperNatural:(SN00247808 SN00157690 SN00001059);ZINC bio:(ZINC00116202 ZINC06007189);additional;MeSH:(717531);PubMed;NORMAN:(NS00015131);COCONUT:(CNP0052700 CNP0235910);KNApSAcK:(33558);Natural Products:(UNPD220209 UNPD108647);PubChem:(16848 1585025 1585026 717531 5547436 5140696 45039059 71434102);YMDB Mine;CHEBI:(86549);PubChem class - bio and metabolites;PubChem class - safety and toxic;Training Set;KEGG Mine	43037548670
3	1	N/A	-50.90849818994703	C11H12O4	[M + H]+	AUJXJFHANFIVKH	InChI=1S/C11H12O4/c1-14-10-7-8(3-5-9(10)12)4-6-11(13)15-2/h3-7,12H,1-2H3	bmse000609	COC1=C(C=CC(=C1)C=CC(=O)OC)O	1.78963172	16830;5357283;10176654	SuperNatural:(SN00288870 SN00277250);ZINC bio:(ZINC01621053 ZINC12358996);additional;MeSH:(5357283);PubMed;COCONUT:(CNP0386472);KNApSAcK:(30753);Natural Products:(UNPD4563 UNPD134942 UNPD228842);PubChem:(16830 5357283 10176654);YMDB Mine;CHEBI:(67379);PubChem class - safety and toxic;Training Set;KEGG Mine	43020509302
4	1	N/A	-72.40515431782302	C11H12O4	[M + H]+	JTLOUXXZZFFBBW	InChI=1S/C11H12O4/c1-14-10-5-3-8(7-9(10)12)4-6-11(13)15-2/h3-7,12H,1-2H3	Methyl isoferulate	COC1=C(C=C(C=C1)C=CC(=O)OC)O	1.78963172	146317;6439893;92855577	COCONUT:(CNP0225406);Natural Products:(UNPD122372);PubChem:(146317 6439893 92855577);SuperNatural:(SN00398440);PubMed;KEGG Mine	8593113154
5	1	N/A	-73.70956402620617	C11H12O4	[M + H]+	XXKMWPFATBTPDU	InChI=1S/C11H12O4/c1-7(12)3-4-8-5-9(13)11(14)10(6-8)15-2/h3-6,13-14H,1-2H3	null	CC(=O)C=CC1=CC(=C(C(=C1)OC)O)O	1.29999995	91264953;131837360	HMDB:(133458);PubChem:(91264953 131837360);KEGG Mine;PubChem class - bio and metabolites	8606711818
6	1	N/A	-83.37106626915303	C11H12O4	[M + H]+	YICAXQNFHRWXLY	InChI=1S/C11H12O4/c1-7(12)10(14)5-8-3-4-9(13)11(6-8)15-2/h3-6,13-14H,1-2H3	null	CC(=O)C(=CC1=CC(=C(C=C1)O)OC)O	1.27999246	131837359	HMDB:(133456);PubChem:(131837359);KEGG Mine;PubChem class - bio and metabolites	8606711818
7	1	N/A	-85.150616171575	C11H12O4	[M + H]+	NPMHZTTYMXAUIV	InChI=1S/C11H12O4/c1-15-11-6-8(3-5-10(11)14)2-4-9(13)7-12/h2-6,12,14H,7H2,1H3	null	COC1=C(C=CC(=C1)C=CC(=O)CO)O	1.20310903	85785561;89058818	HMDB:(133462);PubChem:(85785561 89058818);KEGG Mine;PubChem class - bio and metabolites	8606711818
8	1	N/A	-86.40946377043811	C11H12O4	[M + H]+	RDULBSDEFZWGRB	InChI=1S/C11H12O4/c1-15-10-7-8(5-6-9(10)12)3-2-4-11(13)14/h2-3,5-7,12H,4H2,1H3,(H,13,14)	null	COC1=C(C=CC(=C1)C=CCC(=O)O)O	1.5475322	91081868;132510228	COCONUT:(CNP0376259);Natural Products:(UNPD65936);PubChem:(91081868 132510228)	2129922
9	1	N/A	-102.14277561515685	C11H12O4	[M + H]+	QSGMKFMIYYKIKX	InChI=1S/C11H12O4/c1-13-9-5-8(3-2-4-12)6-10-11(9)15-7-14-10/h2-3,5-6,12H,4,7H2,1H3	null	COC1=CC(=CC2=C1OCO2)C=CCO	1.5	12594266;85441832;131752973	COCONUT:(CNP0294410);HMDB:(40892);Natural Products:(UNPD226272 UNPD15347);PubChem:(12594266 85441832 131752973);SuperNatural:(SN00036144);ZINC bio:(ZINC01895283);PubChem class - bio and metabolites	19963914
10	1	N/A	-103.43890440901203	C11H12O4	[M + H]+	VLSRUFWCGBMYDJ	InChI=1S/C11H12O4/c1-14-9-5-8(3-4-11(12)13)6-10(7-9)15-2/h3-7H,1-2H3,(H,12,13)	3,5-Dimethoxycinnamic acid	COC1=CC(=CC(=C1)C=CC(=O)O)OC	1.79999995	86092;5324677;10512540;6992723;51414031	HMDB:(127491);SuperNatural:(SN00370754);ZINC bio:(ZINC01584583 ZINC05519388);additional;MeSH:(5324677);PubMed;NORMAN:(NS00051529);COCONUT:(CNP0115509);Natural Products:(UNPD24118);PubChem:(86092 5324677 10512540 6992723 51414031);PubChem class - bio and metabolites;PubChem class - safety and toxic;Training Set	87875662
11	1	N/A	-115.97686462505935	C11H12O4	[M + H]+	PWVAUDNAZBCJOG	InChI=1S/C11H12O4/c1-14-10-7-9(12)5-3-8(10)4-6-11(13)15-2/h3-7,12H,1-2H3	null	COC1=C(C=CC(=C1)O)C=CC(=O)OC	1.79999995	10035949	COCONUT:(CNP0158003);Natural Products:(UNPD174275);PubChem:(10035949)	2129922
12	1	N/A	-116.3757043248556	C11H12O4	[M + H]+	QAXPUWGAGVERSJ	InChI=1S/C11H12O4/c1-14-9-5-3-4-8(11(9)15-2)6-7-10(12)13/h3-7H,1-2H3,(H,12,13)	2,3-Dimethoxycinnamic acid	COC1=CC=CC(=C1OC)C=CC(=O)O	1.78963172	1559385;1559386;99525;735842;4308282;5541835;11424337	NORMAN:(NS00047440);COCONUT:(CNP0110200);PubChem:(1559385 1559386 99525 735842 4308282 5541835 11424337);SuperNatural:(SN00117443);ZINC bio:(ZINC00153647);additional;PubChem class - bio and metabolites;PubChem class - safety and toxic;Training Set	87842818
13	1	N/A	-126.52462953312828	C11H12O4	[M + H]+	YIKHDPHTFYWYJV	InChI=1S/C11H12O4/c1-14-9-5-3-8(4-6-11(12)13)10(7-9)15-2/h3-7H,1-2H3,(H,12,13)	2,4-Dimethoxycinnamic acid	COC1=CC(=C(C=C1)C=CC(=O)O)OC	1.78963172	85636;1622525;1622526;734009;5555146;4345726	NORMAN:(NS00043787);COCONUT:(CNP0317440 CNP0382851);Natural Products:(UNPD60634 UNPD104101);PubChem:(85636 1622525 1622526 734009 5555146 4345726);SuperNatural:(SN00335476 SN00043533);ZINC bio:(ZINC00149358 ZINC04787602);additional;PubChem class - safety and toxic;Training Set	71098370
14	1	N/A	-134.04600973361286	C11H12O4	[M + H]+	RGXCROUTGWJCEN	InChI=1S/C11H12O4/c1-14-9-5-3-8(10(12)7-9)4-6-11(13)15-2/h3-7,12H,1-2H3	null	COC1=CC(=C(C=C1)C=CC(=O)OC)O	1.79999995	10608429	HMDB:(131169);PubChem:(10608429);PubChem class - bio and metabolites	16777226
15	1	N/A	-136.4716674116233	C11H12O4	[M + H]+	YYCNSXSWKOQWFN	InChI=1S/C11H12O4/c1-14-10-5-4-9(12)7-8(10)3-6-11(13)15-2/h3-7,12H,1-2H3	methyl (E)-3-(5-hydroxy-2-methoxyphenyl)prop-2-enoate	COC1=C(C=C(C=C1)O)C=CC(=O)OC	1.79999995	11264250	COCONUT:(CNP0319354);Natural Products:(UNPD79902);PubChem:(11264250);SuperNatural:(SN00276844)	3178498
16	1	N/A	-141.6537242244645	C11H12O4	[M + H]+	AOPKLCBVSXXATF	InChI=1S/C11H12O4/c1-7-4-5-10(14-8(2)12)11(6-7)15-9(3)13/h4-6H,1-3H3	4-Methyl-1,2-benzenediol diacetate	CC1=CC(=C(C=C1)OC(=O)C)OC(=O)C	1.79999995	3084137	COCONUT:(CNP0380256);Natural Products:(UNPD190347);PubChem:(3084137);SuperNatural:(SN00263953);ZINC bio:(ZINC14590428)	3186690
17	1	N/A	-144.96298183598515	C11H12O4	[M + H]+	JPQWWJZORKTMIZ	InChI=1S/C11H12O4/c1-14-9-4-5-10(15-2)8(7-9)3-6-11(12)13/h3-7H,1-2H3,(H,12,13)	ACMC-20aiwn	COC1=CC(=C(C=C1)OC)C=CC(=O)O	1.78963172	1570526;1570527;114578;697594;3613283;5543658	NORMAN:(NS00052301);COCONUT:(CNP0040858 CNP0331520);Natural Products:(UNPD180705);PubChem:(1570526 1570527 114578 697594 3613283 5543658);SuperNatural:(SN00117078 SN00278769);ZINC bio:(ZINC00074092 ZINC06005380);additional;PubChem class - safety and toxic;Training Set;PubMed	71098434
18	1	N/A	-145.6583916657753	C11H12O4	[M + H]+	UEIVFNMFSSQBRV	InChI=1S/C11H12O4/c1-8(12)15-6-5-9-3-4-10(14-2)7-11(9)13/h3-7,13H,1-2H3	Phenol, 2-[2-(acetyloxy)ethenyl]-5-methoxy-	CC(=O)OC=CC1=C(C=C(C=C1)OC)O	1.70000005	71342940	COCONUT:(CNP0129806);Natural Products:(UNPD207882 UNPD74791 UNPD230536);PubChem:(71342940);SuperNatural:(SN00387094)	3178498
19	1	N/A	-154.9872121893122	C11H12O4	[M + H]+	ROMWRJNZSHFGEK	InChI=1S/C11H12O4/c1-14-10(12)7-8-5-3-4-6-9(8)11(13)15-2/h3-6H,7H2,1-2H3	Methyl 2-(2-methoxy-2-oxoethyl)benzoate	COC(=O)CC1=CC=CC=C1C(=O)OC	1.77519095	253507;10465676	PubChem:(253507 10465676);PubChem class - safety and toxic	67108866
20	1	N/A	-155.2700786420071	C11H12O4	[M + H]+	QQDKSNVSDJFTTH	InChI=1S/C11H12O4/c1-7(12)3-4-8-5-11(15-2)10(14)6-9(8)13/h3-6,13-14H,1-2H3	null	CC(=O)C=CC1=CC(=C(C=C1O)O)OC	1.29999995	131837361	HMDB:(133459);PubChem:(131837361);KEGG Mine	8589934602
21	1	N/A	-156.46731157134303	C11H12O4	[M + H]+	UVBYMUWSGOTXSD	InChI=1S/C11H12O4/c1-8(12)15-6-2-3-9-4-5-10(13)11(14)7-9/h2-5,7,13-14H,6H2,1H3	null	CC(=O)OCC=CC1=CC(=C(C=C1)O)O	1.38557088	101151129	COCONUT:(CNP0145945);Natural Products:(UNPD101699);PubChem:(101151129);KEGG Mine	8592064514
22	1	N/A	-157.60036412955733	C11H12O4	[M + H]+	LYIDMSDWJOABIY	InChI=1S/C11H12O4/c1-7(12)10(14)5-8-3-4-9(13)11(6-8)15-2/h3-4,6,13H,5H2,1-2H3	null	CC(=O)C(=O)CC1=CC(=C(C=C1)O)OC	1.15837288	131837370	HMDB:(133474);PubChem:(131837370);PubChem class - bio and metabolites	16777226
23	1	N/A	-165.3941387489512	C11H12O4	[M + H]+	JUOHLAZCOUPILH	InChI=1S/C11H12O4/c1-7(12)3-4-8-5-6-9(13)11(15-2)10(8)14/h3-6,13-14H,1-2H3	null	CC(=O)C=CC1=C(C(=C(C=C1)O)OC)O	1.29999995	126583622	HMDB:(133460);PubChem:(126583622);KEGG Mine	8589934602
24	1	N/A	-166.70811696079988	C11H12O4	[M + H]+	LCVLPWQYHIJWCD	InChI=1S/C11H12O4/c1-3-8(12)7-4-9(13-2)11-10(5-7)14-6-15-11/h3-5,8,12H,1,6H2,2H3	1-(7-methoxy-1,3-benzodioxol-5-yl)prop-2-en-1-ol	COC1=CC(=CC2=C1OCO2)C(C=C)O	1.70000005	13250360;42630914;102424573	COCONUT:(CNP0089268);HMDB:(41461);PubChem:(13250360 42630914 102424573);KEGG Mine;PubChem class - bio and metabolites	8608808970
25	1	N/A	-166.91562318157133	C11H12O4	[M + H]+	SVULEUWXODTMQK	InChI=1S/C11H12O4/c1-3-4-8(13)11-9(14)5-7(12)6-10(11)15-2/h3-6,12,14H,1-2H3	null	CC=CC(=O)C1=C(C=C(C=C1OC)O)O	2.20000005	44233633;74959453	COCONUT:(CNP0380808);Natural Products:(UNPD17932);PubChem:(44233633 74959453);SuperNatural:(SN00258583)	3178498
26	1	N/A	-167.0597077153203	C11H12O4	[M + H]+	XRZFVPCFHPIMAD	InChI=1S/C11H12O4/c1-3-14-11-6-9(7-12)4-5-10(11)15-8(2)13/h4-7H,3H2,1-2H3	Ethyl vanillin acetate	CCOC1=C(C=CC(=C1)C=O)OC(=O)C	1.5	155708	PubChem:(155708);PubChem class - safety and toxic	67108866
27	1	N/A	-170.42695756355866	C11H12O4	[M + H]+	WDKYDMULARNCIS	InChI=1S/C11H12O4/c1-2-15-11(14)6-4-8-3-5-9(12)10(13)7-8/h3-7,12-13H,2H2,1H3	Ethyl caffeate	CCOC(=O)C=CC1=CC(=C(C=C1)O)O	1.81094217	66883;5317238;16109960;42552859	SuperNatural:(SN00156312);ZINC bio:(ZINC01614326);additional;MeSH:(5317238);PubMed;COCONUT:(CNP0251886);KNApSAcK:(30221);Natural Products:(UNPD23400 UNPD217446 UNPD206462);PubChem:(66883 5317238 16109960 42552859);CHEBI:(132714 69656);PubChem class - bio and metabolites;Training Set	20504694
28	1	N/A	-170.86502324592487	C11H12O4	[M + H]+	CWGHXUXZAZZJAA	InChI=1S/C11H12O4/c1-7(12)11(13)8-4-5-9(14-2)10(6-8)15-3/h4-6H,1-3H3	1-(3,4-dimethoxyphenyl)propane-1,2-dione	CC(=O)C(=O)C1=CC(=C(C=C1)OC)OC	1.40646374	1748229	COCONUT:(CNP0373588);PubChem:(1748229);SuperNatural:(SN00052092);ZINC bio:(ZINC02091202)	3153922
29	1	N/A	-177.54526304043537	C11H12O4	[M + H]+	GCVAEUQDYWOLCF	InChI=1S/C11H12O4/c1-7(12)9-4-5-10(15-8(2)13)11(6-9)14-3/h4-6H,1-3H3	bmse010043	CC(=O)C1=CC(=C(C=C1)OC(=O)C)OC	1.57095146	521535	COCONUT:(CNP0159631);Natural Products:(UNPD172734);PubChem:(521535);YMDB Mine;CHEBI:(86577);ZINC bio:(ZINC00154515)	34361876514
30	1	N/A	-177.90676724851298	C11H12O4	[M + H]+	ZPFZMDRWOVVIJW	InChI=1S/C11H12O4/c1-13-9-3-5-10(6-4-9)15-8-7-11(12)14-2/h3-8H,1-2H3	ACMC-20mkym	COC1=CC=C(C=C1)OC=CC(=O)OC	1.89999998	14037939;54559062	COCONUT:(CNP0283297);Natural Products:(UNPD113352);PubChem:(14037939 54559062);SuperNatural:(SN00375194)	3178498
31	1	N/A	-179.6027356164708	C11H12O4	[M + H]+	TWPFICFACFZUQL	InChI=1S/C11H12O4/c1-7(12)9-4-5-10(14-3)11(6-9)15-8(2)13/h4-6H,1-3H3	(5-acetyl-2-methoxyphenyl) acetate	CC(=O)C1=CC(=C(C=C1)OC)OC(=O)C	1.57095146	4188201	PubChem:(4188201);PubChem class - safety and toxic	67108866
32	1	N/A	-181.17489340613864	C11H12O4	[M + H]+	NSKQCOJQXSGJLZ	InChI=1S/C11H12O4/c1-7-4-5-9(15-11(7)13)8(2)6-10(12)14-3/h4-6H,1-3H3	methyl (E)-3-(5-methyl-6-oxopyran-2-yl)but-2-enoate	CC1=CC=C(OC1=O)C(=CC(=O)OC)C	2.0999999	21762755	COCONUT:(CNP0261964);Natural Products:(UNPD137872);PubChem:(21762755)	2129922
33	1	N/A	-184.70677327668818	C11H12O4	[M + H]+	RBPFUQFYWYCYPN	InChI=1S/C11H12O4/c12-7-8-15-11(14)6-3-9-1-4-10(13)5-2-9/h1-6,12-13H,7-8H2	2-hydroxyethyl 3-(4-hydroxyphenyl)prop-2-enoate	C1=CC(=CC=C1C=CC(=O)OCCO)O	1.29230571	10512539;10488567;59918815	COCONUT:(CNP0209774);Natural Products:(UNPD95886 UNPD129614);PubChem:(10512539 10488567 59918815);SuperNatural:(SN00295092 SN00312978)	3178498
34	1	N/A	-185.84536319793855	C11H12O4	[M + H]+	QAQYBHOZQQRJBA	InChI=1S/C11H12O4/c1-14-10(12)7-8-3-5-9(6-4-8)11(13)15-2/h3-6H,7H2,1-2H3	methyl 4-(2-methoxy-2-oxoethyl)benzoate	COC(=O)CC1=CC=C(C=C1)C(=O)OC	1.77519095	10536335	PubChem:(10536335);PubChem class - safety and toxic	67108866
35	1	N/A	-186.07941530653363	C11H12O4	[M + H]+	XRYSDRCNTMEYFH	InChI=1S/C11H12O4/c1-8(12)14-11(15-9(2)13)10-6-4-3-5-7-10/h3-7,11H,1-2H3	Benzal diacetate	CC(=O)OC(C1=CC=CC=C1)OC(=O)C	1.72459054	68489;54485439	PubChem:(68489 54485439);NORMAN:(NS00033875)	262146
36	1	N/A	-186.56734901068185	C11H12O4	[M + H]+	XMSBEICDSVTRGX	InChI=1S/C11H12O4/c1-8(11(13)14-2)15-10-5-3-9(7-12)4-6-10/h3-8H,1-2H3	Methyl 2-(4-Formylphenoxy)propionat;	CC(C(=O)OC)OC1=CC=C(C=C1)C=O	1.70000005	18981016;51564494;51564495	PubChem:(18981016 51564494 51564495);PubChem class - safety and toxic	67108866
37	1	N/A	-186.59369968347312	C11H12O4	[M + H]+	HUOJLQXKNCFOGC	InChI=1S/C11H12O4/c1-8(12)14-7-10-3-5-11(6-4-10)15-9(2)13/h3-6H,7H2,1-2H3	bmse010015	CC(=O)OCC1=CC=C(C=C1)OC(=O)C	1.64816535	470279	COCONUT:(CNP0129543);Natural Products:(UNPD45040);PubChem:(470279);SuperNatural:(SN00266455);PubMed	3178562
38	1	N/A	-187.06796785262947	C11H12O4	[M + H]+	ATUFHKJONOEKHQ	InChI=1S/C11H12O4/c1-8(12)14-7-10-4-3-5-11(6-10)15-9(2)13/h3-6H,7H2,1-2H3	null	CC(=O)OCC1=CC(=CC=C1)OC(=O)C	1.64816535	10250213	COCONUT:(CNP0324819);Natural Products:(UNPD87281);PubChem:(10250213);SuperNatural:(SN00393896)	3178498
39	1	N/A	-190.902097728017	C11H12O4	[M + H]+	LWDDRIZJCLYGJZ	InChI=1S/C11H12O4/c1-14-9-5-3-4-8(6-9)10(12)7-11(13)15-2/h3-6H,7H2,1-2H3	methyl 3-methoxybenzoylacetate	COC1=CC=CC(=C1)C(=O)CC(=O)OC	1.64563894	2759698	PubChem:(2759698);PubChem class - safety and toxic	67108866
40	1	N/A	-192.74976863220832	C11H12O4	[M + H]+	DXIRJLBDSXBZCS	InChI=1S/C11H12O4/c1-7-6-8(10(12)14-2)4-5-9(7)11(13)15-3/h4-6H,1-3H3	Dimethyl 2-methylterephthalate	CC1=C(C=CC(=C1)C(=O)OC)C(=O)OC	2.0	84245	NORMAN:(NS00024603);PubChem:(84245);PubMed	262210
41	1	N/A	-196.87465627960714	C11H12O4	[M + H]+	KUZVIVNLNXNLAQ	InChI=1S/C11H12O4/c1-7-6-10(14-8(2)12)4-5-11(7)15-9(3)13/h4-6H,1-3H3	2,5-Diacetoxytoluene	CC1=C(C=CC(=C1)OC(=O)C)OC(=O)C	2.16680169	4184462	COCONUT:(CNP0325745);Natural Products:(UNPD88514);PubChem:(4184462);SuperNatural:(SN00257986);ZINC bio:(ZINC00403479)	3186690
42	1	N/A	-198.90331945813168	C11H12O4	[M + H]+	IUNQJUIIJBHXDU	InChI=1S/C11H12O4/c1-14-11(15-2)10(13)9(12)8-6-4-3-5-7-8/h3-7,11H,1-2H3	null	COC(C(=O)C(=O)C1=CC=CC=C1)OC	1.10000002	15697909	PubChem:(15697909);CHEBI:(87292)	34
43	1	N/A	-199.97736461770248	C11H12O4	[M + H]+	YOAIHTMTCQXBPI	InChI=1S/C11H12O4/c1-3-7-15-10-8(11(12)13)5-4-6-9(10)14-2/h3-6H,1,7H2,2H3,(H,12,13)	2-Allyloxy-m-anisic acid	COC1=CC=CC(=C1OCC=C)C(=O)O	1.86079443	3024603	PubChem:(3024603);NORMAN:(NS00066250)	262146
44	1	N/A	-200.46727542080072	C11H12O4	[M + H]+	VXXOASOINNOPGR	InChI=1S/C11H12O4/c1-14-9-5-3-8(4-6-9)10(12)7-11(13)15-2/h3-6H,7H2,1-2H3	methyl-4-methoxybenzoylacetate	COC1=CC=C(C=C1)C(=O)CC(=O)OC	1.60000002	2759699	NORMAN:(NS00049173);COCONUT:(CNP0134280);Natural Products:(UNPD115515);PubChem:(2759699);SuperNatural:(SN00265066);ZINC bio:(ZINC02572852);PubChem class - safety and toxic	70557698
45	1	N/A	-200.57573395437203	C11H12O4	[M + H]+	UYDSGXAKLVZWIJ	InChI=1S/C11H12O4/c1-3-14-11(13)9-6-4-5-7-10(9)15-8(2)12/h4-7H,3H2,1-2H3	Ethyl 2-acetoxybenzoate	CCOC(=O)C1=CC=CC=C1OC(=O)C	2.07952809	10728	NORMAN:(NS00032629);PubChem:(10728);ZINC bio:(ZINC00404043)	270338
46	1	N/A	-200.67189560379924	C11H12O4	[M + H]+	FSFFJEWAYWRLFT	InChI=1S/C11H12O4/c1-3-15-11(13)10(12)8-4-6-9(14-2)7-5-8/h4-7H,3H2,1-2H3	zlchem 1019	CCOC(=O)C(=O)C1=CC=C(C=C1)OC	2.0	2758864;89787067	PubChem:(2758864 89787067);PubChem class - safety and toxic	67108866
47	1	N/A	-201.93189778001064	C11H12O4	[M + H]+	VNBYFUWBOIEPCR	InChI=1S/C11H12O4/c1-2-15-11(14)6-3-8-7-9(12)4-5-10(8)13/h3-7,12-13H,2H2,1H3	Ethyl 2,5-dihydroxycinnamate	CCOC(=O)C=CC1=C(C=CC(=C1)O)O	1.89999998	170436;6441630;97304998	COCONUT:(CNP0225372);MeSH:(170436 6441630);Natural Products:(UNPD19817 UNPD224485);PubChem:(170436 6441630 97304998);PubMed	2129990
48	1	N/A	-207.15445587430827	C11H12O4	[M + H]+	ACGYGMKFCVDVHS	InChI=1S/C11H12O4/c1-3-14-11(13)9-4-6-10(7-5-9)15-8(2)12/h4-7H,3H2,1-2H3	Ethyl p-acetoxybenzoate	CCOC(=O)C1=CC=C(C=C1)OC(=O)C	2.07952809	2752083;11820423	COCONUT:(CNP0054952);PubChem:(2752083 11820423);SuperNatural:(SN00125392);ZINC bio:(ZINC03847198)	3153922
49	1	N/A	-208.60572121136641	C11H12O4	[M + H]+	XEZRPKWKRMROBK	InChI=1S/C11H12O4/c1-13-9-3-7-5-11(12)15-6-8(7)4-10(9)14-2/h3-4H,5-6H2,1-2H3	Maybridge1_002376	COC1=C(C=C2COC(=O)CC2=C1)OC	1.20000005	335610	COCONUT:(CNP0365712);PubChem:(335610);SuperNatural:(SN00002317);ZINC bio:(ZINC01580210);additional;Training Set;PubMed	3694658
50	1	N/A	-210.05895011082308	C11H12O4	[M + H]+	MTDRWWFCMSDTBL	InChI=1S/C11H12O4/c1-7-4-5-8(10(12)14-2)6-9(7)11(13)15-3/h4-6H,1-3H3	Dimethyl 4-methylisophthalate	CC1=C(C=C(C=C1)C(=O)OC)C(=O)OC	2.09693027	89971	PubChem:(89971);NORMAN:(NS00027331)	262146
51	1	N/A	-210.77471882230867	C11H12O4	[M + H]+	DWLYVLJKLZPOAW	InChI=1S/C11H12O4/c1-3-15-11(13)10(12)8-5-4-6-9(7-8)14-2/h4-7H,3H2,1-2H3	Ethyl 3-methoxybenzoylformate	CCOC(=O)C(=O)C1=CC(=CC=C1)OC	2.0	2758863	PubChem:(2758863);PubChem class - safety and toxic	67108866
52	1	N/A	-213.13686684664523	C11H12O4	[M + H]+	VQZAATPWXSLYBI	InChI=1S/C11H12O4/c1-3-8(12)7-4-9(13-2)11-10(5-7)14-6-15-11/h4-5H,3,6H2,1-2H3	1-(7-Methoxy-1,3-benzodioxol-5-yl)-1-propanone	CCC(=O)C1=CC2=C(C(=C1)OC)OCO2	1.89999998	177099	COCONUT:(CNP0178173);Natural Products:(UNPD172785);PubChem:(177099);SuperNatural:(SN00001528);ZINC bio:(ZINC00487592)	3186690
53	1	N/A	-213.5309292599901	C11H12O4	[M + H]+	GICLKLDOSTVQQA	InChI=1S/C11H12O4/c1-7-4-5-8(10(12)14-2)9(6-7)11(13)15-3/h4-6H,1-3H3	Dimethyl 4-methylphthalate	CC1=CC(=C(C=C1)C(=O)OC)C(=O)OC	2.09693027	88370	NORMAN:(NS00026524);PubChem:(88370);KEGG Mine	8590196738
54	1	N/A	-213.7933467846199	C11H12O4	[M + H]+	RRQCXVACIPBWHE	InChI=1S/C11H12O4/c1-15-11(14)9-5-3-2-4-8(9)6-7-10(12)13/h2-5H,6-7H2,1H3,(H,12,13)	3-[2-(methoxycarbonyl)phenyl]propanoic acid	COC(=O)C1=CC=CC=C1CCC(=O)O	1.81467521	10398133	PubChem:(10398133);PubChem class - safety and toxic	67108866
55	1	N/A	-213.94557011810068	C11H12O4	[M + H]+	VLVVIOPAGWPOJW	InChI=1S/C11H12O4/c1-13-10-5-7-8(12)3-4-15-9(7)6-11(10)14-2/h5-6H,3-4H2,1-2H3	4H-1-Benzopyran-4-one, 2,3-dihydro-6,7-dimethoxy-	COC1=C(C=C2C(=C1)C(=O)CCO2)OC	1.29999995	11469836	COCONUT:(CNP0268428);Natural Products:(UNPD141862);PubChem:(11469836);SuperNatural:(SN00333559);PubMed	3178562
56	1	N/A	-214.7206081282126	C11H12O4	[M + H]+	QMCIDBYMJALLQD	InChI=1S/C11H12O4/c1-3-8(12)7-4-5-9-11(10(7)13-2)15-6-14-9/h4-5H,3,6H2,1-2H3	null	CCC(=O)C1=C(C2=C(C=C1)OCO2)OC	1.89999998	129836737	COCONUT:(CNP0121481);HMDB:(37308);Natural Products:(UNPD23147);PubChem:(129836737);SuperNatural:(SN00364680);PubChem class - bio and metabolites	19955722
57	1	N/A	-216.8065614926419	C11H12O4	[M + H]+	UPGQXOHLGDXBJJ	InChI=1S/C11H12O4/c1-7-8(10(12)14-2)5-4-6-9(7)11(13)15-3/h4-6H,1-3H3	Dimethyl 2-methylisophthalate	CC1=C(C=CC=C1C(=O)OC)C(=O)OC	2.0	2753491	COCONUT:(CNP0022864);PubChem:(2753491);SuperNatural:(SN00121302);ZINC bio:(ZINC03132415)	3153922
58	1	N/A	-216.82170727832582	C11H12O4	[M + H]+	XXQUINKHHYKIHJ	InChI=1S/C11H12O4/c1-4-7-8(12-2)5-9-11(10(7)13-3)15-6-14-9/h4-5H,1,6H2,2-3H3	1,3-Benzodioxole, 5-ethenyl-4,6-dimethoxy-	COC1=C(C(=C2C(=C1)OCO2)OC)C=C	2.5	71401526	COCONUT:(CNP0393221);Natural Products:(UNPD28541);PubChem:(71401526);SuperNatural:(SN00279833)	3178498
59	1	N/A	-218.16072064162745	C11H12O4	[M + H]+	BYHZTXJBKDZSHX	InChI=1S/C11H12O4/c1-15-9-4-2-3-8(7-9)10(12)5-6-11(13)14/h2-4,7H,5-6H2,1H3,(H,13,14)	Oprea1_823562	COC1=CC=CC(=C1)C(=O)CCC(=O)O	1.39754808	2759694;6951606	PubChem:(2759694 6951606);PubChem class - safety and toxic	67108866
60	1	N/A	-222.54569601451394	C11H12O4	[M + H]+	XPHIRVUYIBXETG	InChI=1S/C11H12O4/c1-3-8(12)7-4-10-11(15-6-14-10)5-9(7)13-2/h4-5H,3,6H2,1-2H3	1-Propanone, 1-(6-methoxy-1,3-benzodioxol-5-yl)-	CCC(=O)C1=CC2=C(C=C1OC)OCO2	1.89999998	13672435	COCONUT:(CNP0133681);Natural Products:(UNPD20049);PubChem:(13672435);SuperNatural:(SN00021082);ZINC bio:(ZINC14818097);KEGG Mine	8593121282
61	1	N/A	-225.87719464147892	C11H12O4	[M + H]+	KPDRDAXDDZAPHS	InChI=1S/C11H12O4/c1-7(12)8-4-5-10(14-2)9(6-8)11(13)15-3/h4-6H,1-3H3	Methyl 5-acetyl-2-methoxybenzoate	CC(=O)C1=CC(=C(C=C1)OC)C(=O)OC	1.53601575	606426	PubChem:(606426);NORMAN:(NS00030691)	262146
62	1	N/A	-226.82681205504443	C11H12O4	[M + H]+	VVYCRPVWBIEKIW	InChI=1S/C11H12O4/c1-4-5-8(12)11-7(2)15-10(13)6-9(11)14-3/h4-6H,1-3H3	Pyrenocin A	CC=CC(=O)C1=C(OC(=O)C=C1OC)C	1.10000002	131296;6312351	COCONUT:(CNP0183895);KNApSAcK:(541);Natural Products:(UNPD119124);PubChem:(131296 6312351);SuperNatural:(SN00384653);additional;MeSH:(6312351);PubMed	3702870
63	1	N/A	-227.29356225060857	C11H12O4	[M + H]+	WRUSPRWTCGCGGF	InChI=1S/C11H12O4/c1-4-5-9-8(6-12)10(14-3)7(2)11(13)15-9/h4-6H,1-3H3	null	CC=CC1=C(C(=C(C(=O)O1)C)OC)C=O	1.0	10058877	COCONUT:(CNP0160931);KNApSAcK:(24185);Natural Products:(UNPD40101);PubChem:(10058877);SuperNatural:(SN00308468)	3178514
64	1	N/A	-229.09103634956776	C11H12O4	[M + H]+	OMTDIBZSUZNVJK	InChI=1S/C11H12O4/c1-15-9-4-2-8(3-5-9)10(12)6-7-11(13)14/h2-5H,6-7H2,1H3,(H,13,14)	Oprea1_054996	COC1=CC=C(C=C1)C(=O)CCC(=O)O	1.39754808	76613;4987769	NORMAN:(NS00029125);MeSH:(76613);PubChem class - safety and toxic;PubChem:(76613 4987769);PubMed	67371078
65	1	N/A	-229.13151089008832	C11H12O4	[M + H]+	NDQDWSLSJFSVLC	InChI=1S/C11H12O4/c1-7-4-9(14-3)5-11(10(7)6-12)15-8(2)13/h4-6H,1-3H3	null	CC1=CC(=CC(=C1C=O)OC(=O)C)OC	1.96491563	""	COCONUT:(CNP0390921);Natural Products:(UNPD71377);SuperNatural:(SN00306574)	3178496
66	1	N/A	-229.80400354733368	C11H12O4	[M + H]+	QXECVCVANLSPNZ	InChI=1S/C11H12O4/c1-6(12)10-11(15-10)7-3-4-8(13)9(5-7)14-2/h3-5,10-11,13H,1-2H3	null	CC(=O)C1C(O1)C2=CC(=C(C=C2)O)OC	0.800000012	131837362	HMDB:(133461);PubChem:(131837362);KEGG Mine;PubChem class - bio and metabolites	8606711818
67	1	N/A	-229.91530004737066	C11H12O4	[M + H]+	CFTVNLCXUPFJDY	InChI=1S/C11H12O4/c1-4-8(6-12)11-7(2)15-10(13)5-9(11)14-3/h4-6H,1-3H3	null	CC=C(C=O)C1=C(OC(=O)C=C1OC)C	0.699999988	10488565	COCONUT:(CNP0122655);KNApSAcK:(16042);Natural Products:(UNPD192003);PubChem:(10488565);SuperNatural:(SN00318912);MeSH:(10488565);PubMed	3178582
68	1	N/A	-230.41592823046219	C11H12O4	[M + H]+	BMPQVHKZLQTDRP	InChI=1S/C11H12O4/c1-7(12)4-5-9-8(2)10(14-3)6-11(13)15-9/h4-6H,1-3H3	null	CC1=C(OC(=O)C=C1OC)C=CC(=O)C	0.5	10512538	COCONUT:(CNP0281050);Natural Products:(UNPD145716);PubChem:(10512538)	2129922
69	1	N/A	-230.6651445736262	C11H12O4	[M + H]+	PAYGWDOCZMSKLL	InChI=1S/C11H12O4/c12-11(13)5-8-1-3-9(4-2-8)14-6-10-7-15-10/h1-4,10H,5-7H2,(H,12,13)	2-[4-(oxiran-2-ylmethoxy)phenyl]acetate	C1C(O1)COC2=CC=C(C=C2)CC(=O)O	1.0881778	12941050;12941051;21683813;54179716	PubChem:(12941050 12941051 21683813 54179716);PubChem class - safety and toxic	67108866
70	1	N/A	-234.41857728707222	C11H12O4	[M + H]+	UGUBQKZSNQWWEV	InChI=1S/C11H12O4/c12-10(13)6-7-11(14)15-8-9-4-2-1-3-5-9/h1-5H,6-8H2,(H,12,13)	Oprea1_483381	C1=CC=C(C=C1)COC(=O)CCC(=O)O	1.47476196	8788;4337423;87982157	NORMAN:(NS00023226);PubChem:(8788 4337423 87982157);ZINC bio:(ZINC00061540);MeSH:(8788);PubMed;KEGG Mine	8590204998
71	1	N/A	-236.45937645590058	C11H12O4	[M + H]+	ZYAUSSMPHVTIRL	InChI=1S/C11H12O4/c1-7(12)4-5-9-6-10(14-3)8(2)11(13)15-9/h4-6H,1-3H3	Nigerapyrone E	CC1=C(C=C(OC1=O)C=CC(=O)C)OC	1.0	53483954	COCONUT:(CNP0246164);Natural Products:(UNPD203067);PubChem:(53483954);PubMed;CHEBI:(69260)	2130018
72	1	N/A	-237.93907657666088	C11H12O4	[M + H]+	FVRCUNZJSLRIKU	InChI=1S/C11H12O4/c1-2-11(12)13-6-8-3-4-9-10(5-8)15-7-14-9/h3-5H,2,6-7H2,1H3	1,3-benzodioxol-5-ylmethyl propanoate	CCC(=O)OCC1=CC2=C(C=C1)OCO2	2.14722419	81316	PubChem:(81316);NORMAN:(NS00036746)	262146
73	1	N/A	-242.51144222913484	C11H12O4	[M + H]+	ZJFWGAMOGIGZCR	InChI=1S/C11H12O4/c1-3-15-11(13)10-8(7-12)5-4-6-9(10)14-2/h4-7H,3H2,1-2H3	null	CCOC(=O)C1=C(C=CC=C1OC)C=O	1.8776418	""	COCONUT:(CNP0204293);Natural Products:(UNPD127095);SuperNatural:(SN00265899)	3178496
74	1	N/A	-243.0032717649394	C11H12O4	[M + H]+	ZYNGLDJNLYFSIV	InChI=1S/C11H12O4/c12-6-2-1-5-10-8-9(4-3-7-13)11(14)15-10/h1-5,8,12-13H,6-7H2	Tetrenolin	C1=C(C(=O)OC1=CC=CCO)C=CCO	0.200000003	33275;5472800;6433948;6439327;21673024	COCONUT:(CNP0112847);Natural Products:(UNPD290);PubChem:(33275 5472800 6433948 6439327 21673024);SuperNatural:(SN00224626);MeSH:(5472800 6433948 6439327);PubChem class - safety and toxic;PubMed	70287430
75	1	N/A	-243.03897017114474	C11H12O4	[M + H]+	WYPOHFPDZTUCMQ	InChI=1S/C11H12O4/c1-2-5-10(12)15-9-7-4-3-6-8(9)11(13)14/h3-4,6-7H,2,5H2,1H3,(H,13,14)	2-butanoyloxybenzoate	CCCC(=O)OC1=CC=CC=C1C(=O)O	2.28097343	94716;21797640	PubChem class - safety and toxic;PubChem:(94716 21797640);PubMed;ZINC bio:(ZINC01555359)	67117122
76	1	N/A	-245.36717281047964	C11H12O4	[M + H]+	GWSISRLRTQOQNE	InChI=1S/C11H12O4/c1-6-4-8(11(13)14)5-9(15-3)10(6)7(2)12/h4-5H,1-3H3,(H,13,14)	macrophomate	CC1=CC(=CC(=C1C(=O)C)OC)C(=O)O	1.5	10889109;16070017;101237164	COCONUT:(CNP0357875);Natural Products:(UNPD39423);PubChem:(10889109 16070017 101237164);SuperNatural:(SN00272450);CHEBI:(38228 38227);PubMed;Biocyc:(CPD-11676)	3180642
77	1	N/A	-246.54024091756276	C11H12O4	[M + H]+	YQPHNMWXZLUIJX	InChI=1S/C11H12O4/c1-8(12)15-10-5-2-9(3-6-10)4-7-11(13)14/h2-3,5-6H,4,7H2,1H3,(H,13,14)	bmse010065	CC(=O)OC1=CC=C(C=C1)CCC(=O)O	1.84961081	237913;51374276	PubChem:(237913 51374276);CHEBI:(86581);ZINC bio:(ZINC00398684)	8226
78	1	N/A	-247.21261721116937	C11H12O4	[M + H]+	CVZUMGUZDAWOGA	InChI=1S/C11H12O4/c1-13-8-5-3-7(4-6-8)9-10(15-9)11(12)14-2/h3-6,9-10H,1-2H3	Methyl trans-3-(4-methoxyphenyl)glycidate	COC1=CC=C(C=C1)C2C(O2)C(=O)OC	1.29999995	60016;92325;158607;719742;719748;12927260	NORMAN:(NS00007650);MeSH:(92325);PubChem class - safety and toxic;PubChem:(60016 92325 158607 719742 719748 12927260);PubMed	67371078
79	1	N/A	-247.55149090635163	C11H12O4	[M + H]+	NFOCQVCAZPKUKW	InChI=1S/C11H12O4/c1-3-9(12)15-10-7(2)5-4-6-8(10)11(13)14/h4-6H,3H2,1-2H3,(H,13,14)	null	CCC(=O)OC1=C(C=CC=C1C(=O)O)C	2.0	44462680	PubChem:(44462680);PubChem class - bio and metabolites	16777218
80	1	N/A	-247.9315884006759	C11H12O4	[M + H]+	RDCASYVPNQBLPI	InChI=1S/C11H12O4/c12-8-14-7-6-11(15-9-13)10-4-2-1-3-5-10/h1-5,8-9,11H,6-7H2	1-Phenyl-1,3-propanediol diformate	C1=CC=C(C=C1)C(CCOC=O)OC=O	1.89999998	169793;92290021;92290043	PubChem:(169793 92290021 92290043);NORMAN:(NS00057897)	262146
81	1	N/A	-248.84871555932352	C11H12O4	[M + H]+	ZKNCHFIFMHZVCK	InChI=1S/C11H12O4/c1-11(9(12)13,10(14)15)7-8-5-3-2-4-6-8/h2-6H,7H2,1H3,(H,12,13)(H,14,15)	null	CC(CC1=CC=CC=C1)(C(=O)O)C(=O)O	1.79999995	2748269;7052971	COCONUT:(CNP0288984);PubChem:(2748269 7052971);SuperNatural:(SN00122920);ZINC bio:(ZINC03844125)	3153922
82	1	N/A	-248.8552324131151	C11H12O4	[M + H]+	AKISDSWMEPTCRL	InChI=1S/C11H12O4/c1-5-7-11(8-6-2,9(12)14-3)10(13)15-4/h1-2H,7-8H2,3-4H3	CBMicro_005005	COC(=O)C(CC#C)(CC#C)C(=O)OC	1.10000002	1546804;10608503	PubChem class - safety and toxic;PubChem:(1546804 10608503);PubMed	67108930
83	1	N/A	-253.7538511424499	C11H12O4	[M + H]+	CXJOEMLCEGZVPL	InChI=1S/C11H12O4/c1-7(2)15-11(14)9-6-4-3-5-8(9)10(12)13/h3-7H,1-2H3,(H,12,13)	Monoisopropyl phthalate	CC(C)OC(=O)C1=CC=CC=C1C(=O)O	2.08738494	118770;7790518;101643220;101643221;131708689	COCONUT:(CNP0081928);PubChem:(118770 7790518 101643220 101643221 131708689);CHEBI:(132587);additional;PubMed;KEGG Mine	8592556130
84	1	N/A	-254.50625908367667	C11H12O4	[M + H]+	YKJDUNOJZDXYKO	InChI=1S/C11H12O4/c1-4-5-9(13)11-8(7(2)12)6-10(14-3)15-11/h4-6H,1-3H3	null	CC=CC(=O)C1=C(C=C(O1)OC)C(=O)C	1.96132386	""	COCONUT:(CNP0232770);Natural Products:(UNPD28109)	2129920
85	1	N/A	-254.53222636490818	C11H12O4	[M + H]+	OAPQTJUMDYSVBG	InChI=1S/C11H12O4/c1-6(2)3-8(12)7-4-10(14)11(15)5-9(7)13/h3-5,13-15H,1-2H3	3-methyl-1-(2,4,5-trihydroxyphenyl)-2-buten-1-one	CC(=CC(=O)C1=CC(=C(C=C1O)O)O)C	2.5	2778080	COCONUT:(CNP0422225);Natural Products:(UNPD31909);PubChem:(2778080);SuperNatural:(SN00274277);ZINC bio:(ZINC02243840)	3186690
86	1	N/A	-254.8849785997752	C11H12O4	[M + H]+	KFUIOHIUIZFOOW	InChI=1S/C11H12O4/c1-15-11(14)9(7-10(12)13)8-5-3-2-4-6-8/h2-6,9H,7H2,1H3,(H,12,13)	1-methyl 2-phenylsuccinate	COC(=O)C(CC(=O)O)C1=CC=CC=C1	1.20000005	12462821;70679096;93514391	PubChem:(12462821 70679096 93514391);CHEBI:(71190 71214)	34
87	1	N/A	-255.69136137901017	C11H12O4	[M + H]+	HWHJTMNRGPJBSF	InChI=1S/C11H12O4/c1-8(12)15-11(14)7-6-9-4-2-3-5-10(9)13/h2-5,13H,6-7H2,1H3	Acetylmelilotic acid	CC(=O)OC(=O)CCC1=CC=CC=C1O	1.84961081	28296	PubChem:(28296);PubChem class - safety and toxic	67108866
88	1	N/A	-256.70521168248007	C11H12O4	[M + H]+	MTIXLNGBTSSLAE	InChI=1S/C11H12O4/c1-8(13)4-5-9-7-15-11(14)10(9)3-2-6-12/h2-5,12H,6-7H2,1H3	null	CC(=O)C=CC1=C(C(=O)OC1)C=CCO	-0.400000006	139583108	PubChem:(139583108);COCONUT:(CNP0236573)	2097154
89	1	N/A	-259.0099841710985	C11H12O4	[M + H]+	DDIGEMWIKJMEIU	InChI=1S/C11H12O4/c1-2-13-11(12)10-7-14-8-5-3-4-6-9(8)15-10/h3-6,10H,2,7H2,1H3	Ethyl1,4-Benzodioxan-2-carboxylate	CCOC(=O)C1COC2=CC=CC=C2O1	1.79657567	151226;7021607;7062755	MeSH:(151226);PubChem class - safety and toxic;PubChem:(151226 7021607 7062755)	67108870
90	1	N/A	-259.56073242525883	C11H12O4	[M + H]+	VVMXEDDTMMULIZ	InChI=1S/C11H12O4/c1-7(6-10(12)13)8-2-4-9(5-3-8)11(14)15/h2-5,7H,6H2,1H3,(H,12,13)(H,14,15)	4-[(2R)-4-oxido-4-oxobutan-2-yl]benzoate	CC(CC(=O)O)C1=CC=C(C=C1)C(=O)O	1.63458765	2750913;7054487;7054488;7054489;7054490	COCONUT:(CNP0336670);PubChem:(2750913 7054487 7054488 7054489 7054490);SuperNatural:(SN00124704 SN00124705);ZINC bio:(ZINC03846370 ZINC03846371)	3153922
91	1	N/A	-260.2610020771448	C11H12O4	[M + H]+	VEMILKYHFUPAJA	InChI=1S/C11H12O4/c1-7-2-3-8(10(13)6-7)9(12)4-5-11(14)15/h2-3,6,13H,4-5H2,1H3,(H,14,15)	4-(2-hydroxy-4-methylphenyl)-4-oxobutanoic acid	CC1=CC(=C(C=C1)C(=O)CCC(=O)O)O	1.60000002	3693881	PubChem:(3693881);PubChem class - safety and toxic	67108866
92	1	N/A	-262.15758493492393	C11H12O4	[M + H]+	RZOKZOYSUCSPDF	InChI=1S/C11H12O4/c12-10(13)6-9(7-11(14)15)8-4-2-1-3-5-8/h1-5,9H,6-7H2,(H,12,13)(H,14,15)	ACMC-20amyr	C1=CC=C(C=C1)C(CC(=O)O)CC(=O)O	1.31284821	77823;6951521;102054209	NORMAN:(NS00031028);PubChem class - safety and toxic;PubChem:(77823 6951521 102054209);PubMed	67371074
93	1	N/A	-262.66616254639644	C11H12O4	[M + H]+	LHLJANTYAXQUPZ	InChI=1S/C11H12O4/c1-7-3-4-9(10(13)5-7)11(14)6-15-8(2)12/h3-5,13H,6H2,1-2H3	hofmeisterin	CC1=CC(=C(C=C1)C(=O)COC(=O)C)O	2.0999999	11148458	COCONUT:(CNP0298155);KNApSAcK:(42589);Natural Products:(UNPD53954);PubChem:(11148458);SuperNatural:(SN00270225);PubMed	3178578
94	1	N/A	-262.6747027342379	C11H12O4	[M + H]+	HXNSADTWQWLFCB	InChI=1S/C11H12O4/c1-7-5-12-11(15-7)8-2-3-9-10(4-8)14-6-13-9/h2-4,7,11H,5-6H2,1H3	Piperonal propyleneglycol acetal	CC1COC(O1)C2=CC3=C(C=C2)OCO3	1.60000002	101144;76958360;76958361;76958362;76958363	NORMAN:(NS00053636);PubChem class - food;PubChem class - safety and toxic;PubChem:(101144 76958360 76958361 76958362 76958363)	201588738
95	1	N/A	-264.45717354972396	C11H12O4	[M + H]+	DMSHWWDRAYHEBS	InChI=1S/C11H12O4/c1-13-9-5-7-3-4-11(12)15-8(7)6-10(9)14-2/h5-6H,3-4H2,1-2H3	2H-1-Benzopyran-2-one, 3,4-dihydro-6,7-dimethoxy-	COC1=C(C=C2C(=C1)CCC(=O)O2)OC	1.60000002	12862931	COCONUT:(CNP0301010);Natural Products:(UNPD224526);PubChem:(12862931);KEGG Mine	8592064514
96	1	N/A	-265.03394414833343	C11H12O4	[M + H]+	WGGOBKYQLMXALJ	InChI=1S/C11H12O4/c1-2-3-4-7(12)10-8(13)5-6-9(14)11(10)15/h2-3,5-6,13-15H,4H2,1H3	Maltoryzine	CC=CCC(=O)C1=C(C=CC(=C1O)O)O	2.0999999	93041;40507920	COCONUT:(CNP0342535);PubChem class - safety and toxic;PubChem:(93041 40507920);SuperNatural:(SN00011511);ZINC bio:(ZINC05132830)	70262786
97	1	N/A	-265.27574243861477	C11H12O4	[M + H]+	LMBGUMXFFSTFDX	InChI=1S/C11H12O4/c1-2-7(10(12)13)8-5-3-4-6-9(8)11(14)15/h3-7H,2H2,1H3,(H,12,13)(H,14,15)	2-[(2S)-1-oxido-1-oxobutan-2-yl]benzoate	CCC(C1=CC=CC=C1C(=O)O)C(=O)O	1.79999995	2748268;7052967;7052968;7052969;7052970	COCONUT:(CNP0049006);PubChem:(2748268 7052967 7052968 7052969 7052970);SuperNatural:(SN00122919 SN00122918);ZINC bio:(ZINC03844123 ZINC03844124);KEGG Mine	8593088514
98	1	N/A	-265.8281084254946	C11H12O4	[M + H]+	FITAIRLLRQWURS	InChI=1S/C11H12O4/c1-2-3-4-7(12)10-8(13)5-6-9(14)11(10)15/h2,5-6,13-15H,1,3-4H2	1-(2,3,6-trihydroxyphenyl)pent-4-en-1-one	C=CCCC(=O)C1=C(C=CC(=C1O)O)O	2.0999999	21116888	COCONUT:(CNP0214828);Natural Products:(UNPD104642);PubChem:(21116888);SuperNatural:(SN00325666)	3178498
99	1	N/A	-266.062839823855	C11H12O4	[M + H]+	KDEAZJJSARLKAO	InChI=1S/C11H12O4/c1-2-11(9(12)13,10(14)15)8-6-4-3-5-7-8/h3-7H,2H2,1H3,(H,12,13)(H,14,15)	Ethylphenylmalonic acid	CCC(C1=CC=CC=C1)(C(=O)O)C(=O)O	1.73230946	74220;57525378	PubChem:(74220 57525378);NORMAN:(NS00025343)	262146
100	1	N/A	-266.0774952873797	C11H12O4	[M + H]+	RGFWHIQAWJMOBE	InChI=1S/C11H12O4/c1-7(2)6-10(13)15-11-8(3)14-5-4-9(11)12/h4-6H,1-3H3	2-Methyl-4-oxo-4H-pyran-3-yl 3-methyl-2-butenoate	CC1=C(C(=O)C=CO1)OC(=O)C=C(C)C	1.89999998	16205864	PubChem:(16205864);NORMAN:(NS00039753)	262146
101	1	N/A	-266.830813980915	C11H12O4	[M + H]+	LQOVFVGJOQVSNS	InChI=1S/C11H12O4/c12-10(13)6-2-4-8-3-1-5-9-11(8)15-7-14-9/h1,3,5H,2,4,6-7H2,(H,12,13)	1,3-Benzodioxole-4-butanoicacid	C1OC2=CC=CC(=C2O1)CCCC(=O)O	1.79999995	12130142	PubChem:(12130142);NORMAN:(NS00040149)	262146
102	1	N/A	-269.3422529551618	C11H12O4	[M + H]+	UHCJWFWQAJFHBA	InChI=1S/C11H12O4/c1-13-9-4-2-8(3-5-9)11(12)15-7-10-6-14-10/h2-5,10H,6-7H2,1H3	oxiran-2-ylmethyl 4-methoxybenzoate	COC1=CC=C(C=C1)C(=O)OCC2CO2	1.33626866	2751348;7160066;7160067	COCONUT:(CNP0066784);PubChem:(2751348 7160066 7160067);SuperNatural:(SN00129930 SN00129929);ZINC bio:(ZINC04267812 ZINC04267814)	3153922
103	1	N/A	-270.9729631869437	C11H12O4	[M + H]+	IEYANICRPUUNJI	InChI=1S/C11H12O4/c1-6-9(5-12)8-3-7(13)4-10(14-2)11(8)15-6/h3-4,12-13H,5H2,1-2H3	Penicifuran A	CC1=C(C2=C(O1)C(=CC(=C2)O)OC)CO	1.5	71664850	COCONUT:(CNP0209654);MeSH:(71664850);Natural Products:(UNPD229718);PubChem:(71664850);PubMed	2129990
104	1	N/A	-272.2154370263885	C11H12O4	[M + H]+	PVILVPHUVGPKOU	InChI=1S/C11H12O4/c1-2-3-4-5-6-7-8-9(12)10(13)11(14)15/h3-4,9-10,12-13H,2H2,1H3,(H,14,15)	null	CCC=CC#CC#CC(C(C(=O)O)O)O	0.600000024	101415400	COCONUT:(CNP0305342);Natural Products:(UNPD62239);PubChem:(101415400)	2129922
105	1	N/A	-274.09907004790267	C11H12O4	[M + H]+	WWCYPDXPSSPADM	InChI=1S/C11H12O4/c1-7-10(14-2)4-8(5-12)9(6-13)11(7)15-3/h4-6H,1-3H3	null	CC1=C(C=C(C(=C1OC)C=O)C=O)OC	1.20000005	86129441	PubChem:(86129441);COCONUT:(CNP0334141)	2097154
106	1	N/A	-277.2838769353402	C11H12O4	[M + H]+	REEHPTZXDPTHNZ	InChI=1S/C11H12O4/c1-7(11(12)13)8-2-3-9-10(6-8)15-5-4-14-9/h2-3,6-7H,4-5H2,1H3,(H,12,13)	2-(2,3-dihydro-1,4-benzodioxin-6-yl)propanoic acid	CC(C1=CC2=C(C=C1)OCCO2)C(=O)O	1.70000005	10035945;11820362;10330671	PubChem class - safety and toxic;PubChem:(10035945 11820362 10330671);PubMed	67108930
107	1	N/A	-277.58646073710077	C11H12O4	[M + H]+	WGUHOBJSLARYHD	InChI=1S/C11H12O4/c1-6-3-7-4-8(12)5-9(14-2)10(7)11(13)15-6/h4-6,12H,3H2,1-2H3	6-hydroxy-8-methoxy-3-methyl-3,4-dihydroisochromen-1-one	CC1CC2=C(C(=CC(=C2)O)OC)C(=O)O1	1.89999998	16757192;38350037;38350045	COCONUT:(CNP0262076);Natural Products:(UNPD137941);PubChem:(16757192 38350037 38350045);SuperNatural:(SN00028758 SN00028757);ZINC bio:(ZINC31158109 ZINC31158115);additional;Training Set;KEGG Mine	8593661954
108	1	N/A	-277.85071610030957	C11H12O4	[M + H]+	RAAAROQVYVTPIO	InChI=1S/C11H12O4/c1-6-3-7-4-9(12)10(14-2)5-8(7)11(13)15-6/h4-6,12H,3H2,1-2H3	null	CC1CC2=CC(=C(C=C2C(=O)O1)OC)O	1.89999998	130036163;131294163	COCONUT:(CNP0315625);Natural Products:(UNPD74881);PubChem:(130036163 131294163);SuperNatural:(SN00359296)	3178498
109	1	N/A	-277.98959746931513	C11H12O4	[M + H]+	YBMQSXBKQSYRTO	InChI=1S/C11H12O4/c1-3-9(12)7-4-8-6-14-15-11(8)10(5-7)13-2/h4-5H,3,6H2,1-2H3	null	CCC(=O)C1=CC2=C(C(=C1)OC)OOC2	2.14842248	""	COCONUT:(CNP0091317);SuperNatural:(SN00162850)	3145728
110	1	N/A	-278.0346222566637	C11H12O4	[M + H]+	MIKCTUJVVLWHFM	InChI=1S/C11H12O4/c1-6(12)4-8-7(2)9(13)5-10(15-3)11(8)14/h5H,4H2,1-3H3	Anserinone A	CC1=C(C(=O)C(=CC1=O)OC)CC(=O)C	0.200000003	177381	COCONUT:(CNP0231975);KNApSAcK:(50268);Natural Products:(UNPD143959);PubChem:(177381);SuperNatural:(SN00387549);MeSH:(177381);PubMed	3178582
111	1	N/A	-278.5907350421893	C11H12O4	[M + H]+	OXGQBORIYFGJPM	InChI=1S/C11H12O4/c1-8(12)15-7-10(11(13)14)9-5-3-2-4-6-9/h2-6,10H,7H2,1H3,(H,13,14)	Acetyltropic Acid	CC(=O)OCC(C1=CC=CC=C1)C(=O)O	1.25519025	10921700;15036424;86306387;86306388;86306389	COCONUT:(CNP0172738);Natural Products:(UNPD125636);PubChem:(10921700 15036424 86306387 86306388 86306389);SuperNatural:(SN00316770);ZINC bio:(ZINC14504710 ZINC14504713)	3186690
112	1	N/A	-278.75941670842684	C11H12O4	[M + H]+	QHNWPNSDEURBAD	InChI=1S/C11H12O4/c1-6-3-7-4-8-10(14-5-13-8)11(12-2)9(7)15-6/h4,6H,3,5H2,1-2H3	4-methoxy-6-methyl-6,7-dihydrofuro[3,2-f][1,3]benzodioxole	CC1CC2=CC3=C(C(=C2O1)OC)OCO3	2.0999999	156052	COCONUT:(CNP0148506);HMDB:(36055);Natural Products:(UNPD183108);PubChem:(156052);SuperNatural:(SN00304600);PubChem class - bio and metabolites	19955722
113	1	N/A	-279.3258519543038	C11H12O4	[M + H]+	GTOFKXZQQDSVFH	InChI=1S/C11H12O4/c12-10(13)7-9(11(14)15)6-8-4-2-1-3-5-8/h1-5,9H,6-7H2,(H,12,13)(H,14,15)	Oprea1_299272	C1=CC=C(C=C1)CC(CC(=O)O)C(=O)O	1.20000005	3858;444797;446168;5043349;6944014;6944015;101196999;102333539	HMDB:(12127 142179);SuperNatural:(SN00118125 SN00118126);ZINC bio:(ZINC00291740 ZINC00291743);additional;MeSH:(3858);PubMed;NORMAN:(NS00030654);COCONUT:(CNP0062843 CNP0311205);PubChem:(3858 444797 446168 5043349 6944014 6944015 101196999 102333539);CHEBI:(16054 58692 57621 41241);PubChem class - bio and metabolites;KEGG:(C09816);PubChem class - safety and toxic;Training Set;Biocyc:(BENZYLSUCCINATE)	87845230
114	1	N/A	-280.4307495312522	C11H12O4	[M + H]+	HDDQEGDZAOVCOV	InChI=1S/C11H12O4/c1-5-3-7(12)4-8-9(5)11(14)10(13)6(2)15-8/h3-4,6,10,12-13H,1-2H3	null	CC1C(C(=O)C2=C(O1)C=C(C=C2C)O)O	1.29999995	102170002	PubChem:(102170002);COCONUT:(CNP0357630)	2097154
115	1	N/A	-280.91528064063687	C11H12O4	[M + H]+	IUZIGXNXWJEZLU	InChI=1S/C11H12O4/c12-10(13)9(11(14)15)7-6-8-4-2-1-3-5-8/h1-5,9H,6-7H2,(H,12,13)(H,14,15)	2-Phenethyl-malonic acid	C1=CC=C(C=C1)CCC(C(=O)O)C(=O)O	1.74421096	101234;10398189;21465102	PubChem class - safety and toxic;PubChem:(101234 10398189 21465102);PubMed	67108930
116	1	N/A	-281.2899799765773	C11H12O4	[M + H]+	VLUWDAHVYCOUSR	InChI=1S/C11H12O4/c1-8(12)15-10(11(13)14)7-9-5-3-2-4-6-9/h2-6,10H,7H2,1H3,(H,13,14)	benzyl(acetyloxy)acetate	CC(=O)OC(CC1=CC=CC=C1)C(=O)O	1.70000005	11106576;11830633;11469837;57371481	COCONUT:(CNP0390963);Natural Products:(UNPD187962);PubChem:(11106576 11830633 11469837 57371481);SuperNatural:(SN00373373);ZINC bio:(ZINC14504687 ZINC14504689)	3186690
117	1	N/A	-283.6649228222789	C11H12O4	[M + H]+	IHPWCJZOCLQJPX	InChI=1S/C11H12O4/c1-14-9-4-6-3-8(11(12)13)7(6)5-10(9)15-2/h4-5,8H,3H2,1-2H3,(H,12,13)	3,4-dimethoxybicyclo[4.2.0]octa-1,3,5-triene-7-carboxylic acid	COC1=C(C=C2C(CC2=C1)C(=O)O)OC	0.400000006	2753026;7055843;7055844;7055845;7055846	COCONUT:(CNP0042365);PubChem:(2753026 7055843 7055844 7055845 7055846);SuperNatural:(SN00126135 SN00126134);ZINC bio:(ZINC03848178 ZINC03848180)	3153922
118	1	N/A	-286.43166628364713	C11H12O4	[M + H]+	CVVSZQXLQNBZCZ	InChI=1S/C11H12O4/c1-6-3-8(12)11-9(13)4-7(14-2)5-10(11)15-6/h4-6,13H,3H2,1-2H3	null	CC1CC(=O)C2=C(C=C(C=C2O1)OC)O	2.0	14033632;92449305	COCONUT:(CNP0224683);Natural Products:(UNPD103361);PubChem:(14033632 92449305);SuperNatural:(SN00357941);ZINC bio:(ZINC13459761 ZINC13459762);PubMed;KEGG Mine	8593121346
119	1	N/A	-286.61978322153374	C11H12O4	[M + H]+	LLEPHQRKXHHQEI	InChI=1S/C11H12O4/c1-5-4-6(2)9(11(14)15)7(3)8(5)10(12)13/h4H,1-3H3,(H,12,13)(H,14,15)	2,4,6-trimethylbenzene-1,3-dicarboxylate	CC1=CC(=C(C(=C1C(=O)O)C)C(=O)O)C	2.0999999	2752040;7055057	COCONUT:(CNP0134779);PubChem:(2752040 7055057);SuperNatural:(SN00125359);PubMed;ZINC bio:(ZINC03847159)	3153986
120	1	N/A	-287.90179437017673	C11H12O4	[M + H]+	BJNYCVKDFWCNLT	InChI=1S/C11H12O4/c1-13-11(12)8-4-2-5-9-10(8)15-7-3-6-14-9/h2,4-5H,3,6-7H2,1H3	methyl 3,4-dihydro-2H-1,5-benzodioxepine-6-carboxylate	COC(=O)C1=C2C(=CC=C1)OCCCO2	1.79999995	6455320	PubChem:(6455320);NORMAN:(NS00036032)	262146
121	1	N/A	-289.24011399630245	C11H12O4	[M + H]+	UHLBGFLBWVCIHO	InChI=1S/C11H12O4/c12-9(6-7-10(13)14)11(15)8-4-2-1-3-5-8/h1-5,11,15H,6-7H2,(H,13,14)	5-Hydroxy-5-phenyllevulinic acid	C1=CC=C(C=C1)C(C(=O)CCC(=O)O)O	0.400000006	188196;102191260;102191261	PubChem:(188196 102191260 102191261);MeSH:(188196)	6
122	1	N/A	-289.9519511594227	C11H12O4	[M + H]+	FPXYFNJIMKQVID	InChI=1S/C11H12O4/c1-11(2)14-9-5-4-7(13-3)6-8(9)10(12)15-11/h4-6H,1-3H3	2,2-Dimethyl-4-oxo-6-methoxybenzo-1,3-dioxin	CC1(OC2=C(C=C(C=C2)OC)C(=O)O1)C	2.20000005	134124	MeSH:(134124);PubChem:(134124);PubMed	70
123	1	N/A	-290.6493264114229	C11H12O4	[M + H]+	YHLXQQKBZYAGLQ	InChI=1S/C11H12O4/c1-2-14-11(13)10-9(15-10)7-5-3-4-6-8(7)12/h3-6,9-10,12H,2H2,1H3	Ethyl (o-hydroxyphenyl)glycidate	CCOC(=O)C1C(O1)C2=CC=CC=C2O	1.29999995	111437	PubChem:(111437);NORMAN:(NS00063126)	262146
124	1	N/A	-291.0430166515031	C11H12O4	[M + H]+	PWMYVWKBHAOUSW	InChI=1S/C11H12O4/c1-5-6(2)15-9-4-7(12)3-8(13)10(9)11(5)14/h3-6,12-13H,1-2H3	(+-)-trans-5,3-dimethylchromanone	CC1C(OC2=CC(=CC(=C2C1=O)O)O)C	2.20000005	500187;378955;378956;132987722	PubChem:(500187 378955 378956 132987722);COCONUT:(CNP0346548)	2097154
125	1	N/A	-293.4287368739452	C11H12O4	[M + H]+	RYIGSNBSBGKNIH	InChI=1S/C11H12O4/c1-6(7(2)12)9-4-8(13)5-10(15-3)11(9)14/h4-6H,1-3H3	Malbranicin	CC(C1=CC(=O)C=C(C1=O)OC)C(=O)C	0.400000006	3025886;11790423;21149987	COCONUT:(CNP0326685);KNApSAcK:(16918);Natural Products:(UNPD89839);PubChem:(3025886 11790423 21149987);SuperNatural:(SN00378598);MeSH:(21149987);PubMed	3178582
126	1	N/A	-294.2197482160026	C11H12O4	[M + H]+	LXSMPRAHGIBJFU	InChI=1S/C11H12O4/c1-13-9-5-7-3-4-11(12)15-8(7)6-10(9)14-2/h3-8H,1-2H3	null	COC1=CC2C=CC(=O)OC2C=C1OC	1.21417093	""	COCONUT:(CNP0320740);Natural Products:(UNPD81794);SuperNatural:(SN00286404)	3178496
127	1	N/A	-296.4221951704536	C11H12O4	[M + H]+	KZXFFWHBUZGTRE	InChI=1S/C11H12O4/c1-6-8-4-7(13-2)5-9(14-3)10(8)11(12)15-6/h4-6H,1-3H3	null	CC1C2=C(C(=CC(=C2)OC)OC)C(=O)O1	1.70000005	12243184	COCONUT:(CNP0254698);Natural Products:(UNPD133729);PubChem:(12243184);PubMed	2129986
128	1	N/A	-299.7928816909613	C11H12O4	[M + H]+	YRNBSQPLCJYCIO	InChI=1S/C11H12O4/c1-3-14-11-7-5-4-6-8(13-2)9(7)10(12)15-11/h4-6,11H,3H2,1-2H3	3-ethoxy-7-methoxy-3H-2-benzofuran-1-one	CCOC1C2=C(C(=CC=C2)OC)C(=O)O1	1.70000005	2752594;7055519;7055520	COCONUT:(CNP0351303);PubChem:(2752594 7055519 7055520);SuperNatural:(SN00125699 SN00125698);ZINC bio:(ZINC03847637 ZINC03847638)	3153922
129	1	N/A	-299.8091290889922	C11H12O4	[M + H]+	QPZRBNZLAHWNFI	InChI=1S/C11H12O4/c1-6-10(14-2)7-4-3-5-8(12)9(7)11(13)15-6/h3-6,10,12H,1-2H3	null	CC1C(C2=C(C(=CC=C2)O)C(=O)O1)OC	1.89999998	129882264	PubChem:(129882264);COCONUT:(CNP0355921)	2097154
130	1	N/A	-304.06934090103226	C11H12O4	[M + H]+	BPNFFHDWROAPHD	InChI=1S/C11H12O4/c1-6-4-8-7(5-15-6)2-3-9(12)10(8)11(13)14/h2-3,6,12H,4-5H2,1H3,(H,13,14)	(3S)-6-hydroxy-3-methyl-3,4-dihydro-1H-isochromene-5-carboxylic acid	CC1CC2=C(CO1)C=CC(=C2C(=O)O)O	1.79999995	21778704;73838165	COCONUT:(CNP0104885);Natural Products:(UNPD45886);PubChem:(21778704 73838165)	2129922
131	1	N/A	-309.3608970216765	C11H12O4	[M + H]+	JGRHFPHUUWREDA	InChI=1S/C11H12O4/c1-11(2)5-9(14)6-3-7(12)8(13)4-10(6)15-11/h3-4,12-13H,5H2,1-2H3	6,7-dihydroxy-2,2-dimethylchroman-4-one	CC1(CC(=O)C2=CC(=C(C=C2O1)O)O)C	1.29999995	12637719	COCONUT:(CNP0376329);Natural Products:(UNPD42634);PubChem:(12637719);SuperNatural:(SN00388823);ZINC bio:(ZINC13459403)	3186690
132	1	N/A	-310.0715067150168	C11H12O4	[M + H]+	YFYLMFXPYODSEB	InChI=1S/C11H12O4/c1-14-9-2-3-10-7(5-9)4-8(6-15-10)11(12)13/h2-3,5,8H,4,6H2,1H3,(H,12,13)	6-Methoxychroman-3-carboxylic acid	COC1=CC2=C(C=C1)OCC(C2)C(=O)O	1.39999998	3163251;7016480;7016481;7061284;7061285	COCONUT:(CNP0084332 CNP0390812);PubChem:(3163251 7016480 7016481 7061284 7061285);SuperNatural:(SN00064678 SN00063893);ZINC bio:(ZINC02526894 ZINC03881967)	3153922
133	1	N/A	-311.003751738605	C11H12O4	[M + H]+	CJPMLOYFDLJAKU	InChI=1S/C11H12O4/c1-3-7-6-4-5-8(14-2)10(12)9(6)11(13)15-7/h4-5,7,12H,3H2,1-2H3	null	CCC1C2=C(C(=C(C=C2)OC)O)C(=O)O1	2.4000001	25135575;25137302;74392201	COCONUT:(CNP0173858);Natural Products:(UNPD24891 UNPD23878);PubChem:(25135575 25137302 74392201);SuperNatural:(SN00369304 SN00277028);PubMed	3178562
134	1	N/A	-312.88619279308284	C11H12O4	[M + H]+	ZNXXWTPQHVLMQT	InChI=1S/C11H12O4/c12-9-3-1-7(6-10(9)13)5-8-2-4-11(14)15-8/h1,3,6,8,12-13H,2,4-5H2	5-[(3,4-dihydroxyphenyl)methyl]oxolan-2-one	C1CC(=O)OC1CC2=CC(=C(C=C2)O)O	1.5	152432;45093080;92289692	COCONUT:(CNP0266806);HMDB:(29185);Natural Products:(UNPD93427 UNPD164979);PubChem:(152432 45093080 92289692);SuperNatural:(SN00367877 SN00311675);CHEBI:(89285);MeSH:(152432);PubMed	3178606
135	1	N/A	-314.90706262276177	C11H12O4	[M + H]+	JFWGYKRUMPKNKF	InChI=1S/C11H12O4/c1-11(2)5-8(14)10-7(13)3-6(12)4-9(10)15-11/h3-4,12-13H,5H2,1-2H3	Oprea1_810900	CC1(CC(=O)C2=C(C=C(C=C2O1)O)O)C	1.79999995	821362	COCONUT:(CNP0316646);PubChem:(821362);SuperNatural:(SN00044939);ZINC bio:(ZINC00338165);PubMed;PubChem class - drug	36708418
136	1	N/A	-315.65421917168703	C11H12O4	[M + H]+	PLTALYMSSXETDZ	InChI=1S/C11H12O4/c12-11-14-8-10(15-11)7-13-6-9-4-2-1-3-5-9/h1-5,10H,6-8H2	1-Benzylglycerol-2,3-carbonate	C1C(OC(=O)O1)COCC2=CC=CC=C2	1.70000005	4166832;11074602;11241234	PubChem:(4166832 11074602 11241234);PubChem class - safety and toxic	67108866
137	1	N/A	-316.0468023398	C11H12O4	[M + H]+	GFURKEBFQCFPFH	InChI=1S/C11H12O4/c1-5-3-4-7(12)9-8(5)10(13)6(2)15-11(9)14/h3-4,6,10,12-13H,1-2H3	null	CC1C(C2=C(C=CC(=C2C(=O)O1)O)C)O	1.70000005	85837194;102079836;101415408;101415412	COCONUT:(CNP0182593);Natural Products:(UNPD140440 UNPD119750);PubChem:(85837194 102079836 101415408 101415412);SuperNatural:(SN00349306 SN00256656)	3178498
138	1	N/A	-317.3071404015021	C11H12O4	[M + H]+	AIFNAMVERSBWPS	InChI=1S/C11H12O4/c1-6-3-7-4-8(14-2)5-9(12)10(7)11(13)15-6/h4-6,12H,3H2,1-2H3	6-Methoxymellein	CC1CC2=C(C(=CC(=C2)OC)O)C(=O)O1	2.4000001	83412;93040;11629832	HMDB:(38510);SuperNatural:(SN00006868 SN00354850);ZINC bio:(ZINC00901356 ZINC04095850);MeSH:(83412 93040 11629832);Plantcyc:(6-METHOXYMELLEIN);PubMed;COCONUT:(CNP0363215);KNApSAcK:(50705);Natural Products:(UNPD111264 UNPD158255);PubChem:(83412 93040 11629832);CHEBI:(16252 2212);PubChem class - bio and metabolites;KEGG:(C02381);Biocyc:(6-METHOXYMELLEIN)	20097406
139	1	N/A	-318.0067371263291	C11H12O4	[M + H]+	OALPOISXSLLKCP	InChI=1S/C11H12O4/c1-6-4-8-7(5-12)2-3-9(13)10(8)11(14)15-6/h2-3,6,12-13H,4-5H2,1H3	null	CC1CC2=C(C=CC(=C2C(=O)O1)O)CO	1.60000002	14807792;14807793	COCONUT:(CNP0274456);Natural Products:(UNPD51826);PubChem:(14807792 14807793);SuperNatural:(SN00400689)	3178498
140	1	N/A	-320.4480922446658	C11H12O4	[M + H]+	DMSBNEKOIJIDSK	InChI=1S/C11H12O4/c1-6-5-7-8(12)3-4-9(14-2)10(7)11(13)15-6/h3-4,6,12H,5H2,1-2H3	null	CC1CC2=C(C=CC(=C2C(=O)O1)OC)O	1.89999998	130034416;129882396	PubChem:(130034416 129882396);COCONUT:(CNP0340716)	2097154
141	1	N/A	-322.9501034244005	C11H12O4	[M + H]+	NYFZWIIIOFTTKN	InChI=1S/C11H12O4/c1-6(13)3-8-4-10(14)7(2)11(15)9(8)5-12/h4-5,14-15H,3H2,1-2H3	null	CC1=C(C=C(C(=C1O)C=O)CC(=O)C)O	1.20000005	11095820	COCONUT:(CNP0313461);PubChem:(11095820);PubMed	2097218
142	1	N/A	-323.0749272110672	C11H12O4	[M + H]+	AMFIIKPBEUZADT	InChI=1S/C11H12O4/c1-11(14-2)6-7-4-3-5-8(12)9(7)10(13)15-11/h3-5,12H,6H2,1-2H3	8-hydroxy-3-methoxy-3-methyl-4H-isochromen-1-one	CC1(CC2=C(C(=CC=C2)O)C(=O)O1)OC	2.20000005	60145845	COCONUT:(CNP0171078);Natural Products:(UNPD218626);PubChem:(60145845)	2129922
143	1	N/A	-326.93821809512133	C11H12O4	[M + H]+	KLQDKKWLFNZONJ	InChI=1S/C11H12O4/c1-11(15,10(13)14)7-9(12)8-5-3-2-4-6-8/h2-6,15H,7H2,1H3,(H,13,14)	3-Benzoyl-2-methyllactic acid	CC(CC(=O)C1=CC=CC=C1)(C(=O)O)O	0.699999988	114491;92287757;92288744	PubChem:(114491 92287757 92288744);NORMAN:(NS00051488)	262146
144	1	N/A	-327.7365487663519	C11H12O4	[M + H]+	CJKVFSFPOCGPBQ	InChI=1S/C11H12O4/c1-6-5-9(13)15-11(6)7-3-2-4-8(12)10(7)14/h2-4,6,11-12,14H,5H2,1H3	null	CC1CC(=O)OC1C2=C(C(=CC=C2)O)O	1.39999998	10488568	COCONUT:(CNP0215140);KNApSAcK:(50394);Natural Products:(UNPD125405);PubChem:(10488568);SuperNatural:(SN00357139)	3178514
145	1	N/A	-330.2797487638395	C11H12O4	[M + H]+	OHZIHJXRVSHUBQ	InChI=1S/C11H12O4/c1-8(6-12)2-3-9(7-13)10-4-5-11(14)15-10/h4-5,8,12-13H,6-7H2,1H3	null	CC(CO)C#CC(=C1C=CC(=O)O1)CO	0.400000006	12124512;101223148	COCONUT:(CNP0157262);KNApSAcK:(35909);Natural Products:(UNPD5770 UNPD17488 UNPD218245);PubChem:(12124512 101223148)	2129938
146	1	N/A	-331.7566892657036	C11H12O4	[M + H]+	SWHWISRMTOPFNE	InChI=1S/C11H12O4/c1-5(12)4-8-6(2)9(13)7(3)10(14)11(8)15/h13H,4H2,1-3H3	4-hydroxy-3,5-dimethyl-6-(2-oxopropyl)cyclohexa-3,5-diene-1,2-dione	CC1=C(C(=O)C(=O)C(=C1O)C)CC(=O)C	-0.400000006	11390150	PubChem:(11390150);COCONUT:(CNP0074193 CNP0353777)	2097154
147	1	N/A	-333.85673109071064	C11H12O4	[M + H]+	WAKFBGOXOFLZLZ	InChI=1S/C11H12O4/c12-8-3-7(4-9(13)6-8)5-10-1-2-11(14)15-10/h3-4,6,10,12-13H,1-2,5H2	null	C1CC(=O)OC1CC2=CC(=CC(=C2)O)O	1.5	52920453;101127473	COCONUT:(CNP0021832);HMDB:(41692);PubChem:(52920453 101127473);PubChem class - bio and metabolites;MeSH:(52920453);PubMed	18874446
148	1	N/A	-335.06916698682187	C11H12O4	[M + H]+	FOTQVOKVKHOUAR	InChI=1S/C11H12O4/c1-5-3-7-6(2)8(12)4-9(13)10(7)11(14)15-5/h4-5,12-13H,3H2,1-2H3	null	CC1CC2=C(C(=CC(=C2C(=O)O1)O)O)C	2.4000001	14807796;14807797	COCONUT:(CNP0287659);Natural Products:(UNPD156872);PubChem:(14807796 14807797);SuperNatural:(SN00287562);KEGG Mine	8593113090
149	1	N/A	-335.9274274430905	C11H12O4	[M + H]+	KRZJRNZICWNMOA	InChI=1S/C11H12O4/c1-15-9-5-8(13)10-6(11(9)14)3-2-4-7(10)12/h2-4,9,11-12,14H,5H2,1H3	(3S,4R)-4,8-dihydroxy-3-methoxy-tetralin-1-one	COC1CC(=O)C2=C(C1O)C=CC=C2O	0.699999988	71461207	COCONUT:(CNP0201940);Natural Products:(UNPD191404);PubChem:(71461207);SuperNatural:(SN00293106);PubMed	3178562
150	1	N/A	-336.21939872093225	C11H12O4	[M + H]+	SFTNFPOSIFBHRM	InChI=1S/C11H12O4/c1-6-5-7-9(14-2)4-3-8(12)10(7)11(13)15-6/h3-4,6,12H,5H2,1-2H3	null	CC1CC2=C(C=CC(=C2C(=O)O1)O)OC	2.4000001	14807790;14807791	COCONUT:(CNP0250277);Natural Products:(UNPD64471);PubChem:(14807790 14807791);SuperNatural:(SN00275525)	3178498
151	1	N/A	-337.47868589554764	C11H12O4	[M + H]+	SMPFFFNJPZGABS	InChI=1S/C11H12O4/c1-6-9(13-2)4-7-8(10(6)14-3)5-15-11(7)12/h4H,5H2,1-3H3	null	CC1=C(C=C2C(=C1OC)COC2=O)OC	1.70000005	12931277	COCONUT:(CNP0166189);Natural Products:(UNPD70119);PubChem:(12931277);SuperNatural:(SN00366649);ZINC bio:(ZINC13334973)	3186690
152	1	N/A	-339.1395089575535	C11H12O4	[M + H]+	KOXFZRZSHOMWOM	InChI=1S/C11H12O4/c1-11(2)3-7(12)9-6(10(13)14)5-15-8(9)4-11/h5H,3-4H2,1-2H3,(H,13,14)	Oprea1_035710	CC1(CC2=C(C(=O)C1)C(=CO2)C(=O)O)C	1.5	797109;4206758	COCONUT:(CNP0127159 CNP0364400);PubChem:(797109 4206758);SuperNatural:(SN00044713);PubMed;ZINC bio:(ZINC00301721)	3153986
153	1	N/A	-339.572291129051	C11H12O4	[M + H]+	FBGZUCKDOPGMEM	InChI=1S/C11H12O4/c1-6-8(13-2)4-7-5-15-11(12)9(7)10(6)14-3/h4H,5H2,1-3H3	null	CC1=C(C=C2COC(=O)C2=C1OC)OC	1.70000005	121221005	COCONUT:(CNP0289271);Natural Products:(UNPD158487);PubChem:(121221005);SuperNatural:(SN00282572)	3178498
154	1	N/A	-341.32991701652304	C11H12O4	[M + H]+	IYTMUCSYFZJIAH	InChI=1S/C11H12O4/c1-5-8(12)4-7-6(2)15-11(13)9(7)10(5)14-3/h4,6,12H,1-3H3	null	CC1C2=CC(=C(C(=C2C(=O)O1)OC)C)O	1.70000005	130035016	PubChem:(130035016);COCONUT:(CNP0129488)	2097154
155	1	N/A	-346.1652354562329	C11H12O4	[M + H]+	JDFAAKGOCYRYTJ	InChI=1S/C11H12O4/c1-15-9-5-4-7(13)10-6(12)2-3-8(14)11(9)10/h2-3,9,12,14H,4-5H2,1H3	null	COC1CCC(=O)C2=C(C=CC(=C12)O)O	1.29999995	11160078;11171801;85420015	COCONUT:(CNP0396295);KNApSAcK:(31465);Natural Products:(UNPD158818 UNPD159319);PubChem:(11160078 11171801 85420015);SuperNatural:(SN00335966 SN00233666);PubMed	3178578
156	1	N/A	-348.0074143639097	C11H12O4	[M + H]+	XZWVQJGERNDTEK	InChI=1S/C11H12O4/c1-5-3-7-4-8(12)6(2)10(13)9(7)11(14)15-5/h4-5,12-13H,3H2,1-2H3	null	CC1CC2=CC(=C(C(=C2C(=O)O1)O)C)O	2.4000001	56590258;68181280;73387502	COCONUT:(CNP0123497);Natural Products:(UNPD203412);PubChem:(56590258 68181280 73387502);PubMed;KEGG Mine	8592064578
157	1	N/A	-348.5827732711494	C11H12O4	[M + H]+	SPHYQDXGWOASKY	InChI=1S/C11H12O4/c1-5(2)3-7(12)6-4-8(13)10-11(15-10)9(6)14/h3-4,7,10-12H,1-2H3	panepoxydione	CC(=CC(C1=CC(=O)C2C(C1=O)O2)O)C	1.0	11948666;50936899;101383113	COCONUT:(CNP0318170);KNApSAcK:(42825);Natural Products:(UNPD78247);PubChem:(11948666 50936899 101383113);SuperNatural:(SN00344876);PubMed	3178578
158	1	N/A	-358.68317428286474	C11H12O4	[M + H]+	IZTKKSDDRFMLJJ	InChI=1S/C11H12O4/c12-8-4-5-9(13)10-6(8)2-1-3-7(10)11(14)15/h1,3-8,10,12H,2H2,(H,14,15)	5-hydroxy-8-oxo-1,4,4a,5,8,8a-hexahydronaphthalene-1-carboxylic acid	C1C=CC(C2C1C(C=CC2=O)O)C(=O)O	0.100000001	243541;92159043;92229429;92229430;92229431;92526335;124525017;124541266;124923786	PubChem:(243541 92159043 92229429 92229430 92229431 92526335 124525017 124541266 124923786);PubChem class - safety and toxic	67108866
159	1	N/A	-359.5694393084113	C11H12O4	[M + H]+	DEJCMSKVDRQNTM	InChI=1S/C11H12O4/c1-15-9-5-4-7(13)10-6(12)2-3-8(14)11(9)10/h4-5,8,13-14H,2-3H2,1H3	null	COC1=C2C(CCC(=O)C2=C(C=C1)O)O	1.10000002	15297928;101695569;101695570	COCONUT:(CNP0157829);Natural Products:(UNPD92710 UNPD158142);PubChem:(15297928 101695569 101695570);SuperNatural:(SN00366688 SN00283673)	3178498
160	1	N/A	-376.80539778692304	C11H12O4	[M + H]+	XITCGWRCIXZQJW	InChI=1S/C11H12O4/c1-5-3-8(12)10(13)9-7(5)4-6(2)15-11(9)14/h3,6,12-13H,4H2,1-2H3	null	CC1CC2=C(C(=C(C=C2C)O)O)C(=O)O1	2.4000001	24799337;74318539	COCONUT:(CNP0217935);Natural Products:(UNPD91046);PubChem:(24799337 74318539);SuperNatural:(SN00400745)	3178498
161	1	N/A	-380.4641079629319	C11H12O4	[M + H]+	LKBXQHSGIZFVLZ	InChI=1S/C11H12O4/c1-11(15)5-8(13)9-6(10(11)14)3-2-4-7(9)12/h2-4,10,12,14-15H,5H2,1H3	null	CC1(CC(=O)C2=C(C1O)C=CC=C2O)O	0.300000012	85720012;102064555;102064556;129233165	COCONUT:(CNP0225379);Natural Products:(UNPD105559);PubChem:(85720012 102064555 102064556 129233165);SuperNatural:(SN00385606);KEGG Mine	8593113090
162	1	N/A	-381.0043849467414	C11H12O4	[M + H]+	MYSSIVDTOVULKL	InChI=1S/C11H12O4/c1-5-4-8(14)10(11(5)15)9-6(12)2-3-7(9)13/h5,12,15H,2-4H2,1H3	null	CC1CC(=O)C(=C1O)C2=C(CCC2=O)O	0.618790984	""	COCONUT:(CNP0311844);Natural Products:(UNPD77839);SuperNatural:(SN00403603)	3178496
163	1	N/A	-386.4492343524305	C11H12O4	[M + H]+	ZRVBCQIYHYRHIB	InChI=1S/C11H12O4/c1-5-7(12)3-6-8(13)4-9(14)10(6)11(5)15-2/h3,9,12,14H,4H2,1-2H3	Cyclomarinone	CC1=C(C=C2C(=O)CC(C2=C1OC)O)O	0.5	71658645	COCONUT:(CNP0320191);MeSH:(71658645);Natural Products:(UNPD227527);PubChem:(71658645);PubMed	2129990
164	1	N/A	-393.8422414272638	C11H12O4	[M + H]+	UDWHIWCQHVZCBO	InChI=1S/C11H12O4/c1-6-3-7(4-12)8-5-15-11(13)9(8)10(6)14-2/h3,12H,4-5H2,1-2H3	4-(Hydroxymethyl)-7-methoxy-6-methyl-3H-2-benzofuran-1-one	CC1=CC(=C2COC(=O)C2=C1OC)CO	0.800000012	178651	COCONUT:(CNP0206727);Natural Products:(UNPD105691);PubChem:(178651);SuperNatural:(SN00334479)	3178498
165	1	N/A	-404.61493165864107	C11H12O4	[M + H]+	HUNMGQCQRIXSBH	InChI=1S/C11H12O4/c1-5-7-4-15-11(13)8(7)10(14-3)6(2)9(5)12/h12H,4H2,1-3H3	1(3H)-Isobenzofuranone, 5-hydroxy-7-methoxy-4,6-dimethyl-	CC1=C2COC(=O)C2=C(C(=C1O)C)OC	1.70000005	14582206	COCONUT:(CNP0321181);Natural Products:(UNPD82343);PubChem:(14582206);SuperNatural:(SN00296581);MeSH:(14582206);PubMed	3178566
166	1	N/A	-407.0078012188168	C11H12O4	[M + H]+	HQQSPRCPRIBBDI	InChI=1S/C11H12O4/c1-5-7-4-15-11(13)8(7)9(12)6(2)10(5)14-3/h12H,4H2,1-3H3	null	CC1=C2COC(=O)C2=C(C(=C1OC)C)O	2.20000005	9815670	COCONUT:(CNP0164758);Natural Products:(UNPD205507);PubChem:(9815670);PubMed	2129986
167	1	N/A	-410.68425634111384	C11H12O4	[M + H]+	PEKHINVAKVDWJS	InChI=1S/C11H12O4/c12-8-10-4-1-5-11(10,9(13)15-8)7-3-2-6(10)14-7/h6-7H,1-5H2	Tetrahydro-1H,3H-4beta,7beta-epoxy-3aalpha,7aalpha-propanoisobenzofuran-1,3-dione	C1CC23C4CCC(C2(C1)C(=O)OC3=O)O4	0.5	198705	PubChem:(198705);PubChem class - safety and toxic	67108866
168	1	N/A	-413.33067901308056	C11H12O4	[M + H]+	NVVCRWXQDUOVSO	InChI=1S/C11H12O4/c1-2-3-7-9-8(13)4-5-11(9,6-12)15-10(7)14/h2-5,9-10,12,14H,1,6H2	(2R,3E,3aR,6aR)-2-hydroxy-6a-(hydroxymethyl)-3-prop-2-enylidene-3aH-cyclopenta[b]furan-4-one	C=CC=C1C2C(=O)C=CC2(OC1O)CO	-0.800000012	6442603;10242142;10262453;13970601;23425959;23425960;101675543	COCONUT:(CNP0274667);Natural Products:(UNPD192659 UNPD120937);PubChem:(6442603 10242142 10262453 13970601 23425959 23425960 101675543);SuperNatural:(SN00347085 SN00360265)	3178498
169	1	N/A	-429.8024719041906	C11H12O4	[M + H]+	LOQOETKMDRBLAF	InChI=1S/C11H12O4/c1-4-7-5(2)11(14)15-10(7)9(13)6(3)8(4)12/h5,12-13H,1-3H3	null	CC1C2=C(C(=C(C(=C2OC1=O)O)C)O)C	1.89999998	62706206;139584616	COCONUT:(CNP0187419);Natural Products:(UNPD212297);PubChem:(62706206 139584616)	2129922
170	1	N/A	-441.06298890006684	C11H12O4	[M + H]+	LMESPAQBGCFPFB	InChI=1S/C11H12O4/c12-9-6-7-15-10(13)11(9,14)8-4-2-1-3-5-8/h1-5,9,12,14H,6-7H2	null	C1COC(=O)C(C1O)(C2=CC=CC=C2)O	0.5	129858541	MeSH:(129858541);PubChem:(129858541);PubMed	70
171	1	N/A	-493.97219719127537	C11H12O4	[M + H]+	GTPAIRPVSKCYST	InChI=1S/C11H12O4/c1-2-3-6-8-7(12)4-5-11(8,15)10(14)9(6)13/h2,8,13,15H,1,3-5H2	null	C=CCC1=C(C(=O)C2(C1C(=O)CC2)O)O	-0.200000003	10679863	COCONUT:(CNP0320213);Natural Products:(UNPD81103);PubChem:(10679863);SuperNatural:(SN00264941)	3178498
172	1	N/A	-501.6943451109567	C11H12O4	[M + H]+	FIQPIEYTJUGXHH	InChI=1S/C11H12O4/c1-2-3-6-9(13)10(14)7-4-5-8(12)11(6,7)15/h2,7,13,15H,1,3-5H2	(3aR,6aR)-5,6a-dihydroxy-6-prop-2-enyl-3,3a-dihydro-2H-pentalene-1,4-dione	C=CCC1=C(C(=O)C2C1(C(=O)CC2)O)O	-0.200000003	15434205;101047183	COCONUT:(CNP0272071);Natural Products:(UNPD144349);PubChem:(15434205 101047183);SuperNatural:(SN00248436)	3178498