structureRankPerFormula	formulaRank	ConfidenceScore	CSI:FingerIDScore	molecularFormula	adduct	InChIkey2D	InChI	name	smiles	xlogp	pubchemids	links	dbflags
1	1	N/A	-586.5002495261393	C36H35NO11	[M - H2O + H]+	FYQZGCBXYVWXSP	InChI=1S/C36H35NO11/c1-17-9-10-22-18(2)13-21(42-5)15-24(22)28(17)33(40)45-25-14-20-11-12-36(27-16-43-35(41)46-27)26(48-36)8-6-7-23(20)32(25)47-34-29(37-4)31(39)30(38)19(3)44-34/h7,9-10,13-15,19,25-27,29-32,34,37-39H,16H2,1-5H3	Zinostatin stimalamer	CC1C(C(C(C(O1)OC2C(C=C3C2=CC#CC4C(O4)(C#C3)C5COC(=O)O5)OC(=O)C6=C(C=CC7=C6C=C(C=C7C)OC)C)NC)O)O	2.20000005	91865678;134129856	PubChem:(91865678 134129856);COCONUT:(CNP0339712)	2097154
1	1	N/A	-581.309699488812	C36H33NO10	[M + H]+	SXRZBGAWRJHMJZ	InChI=1S/C36H33NO10/c1-18-29(39)33(43)34(44)36(45-18)47-35-24(10-6-9-20-7-4-3-5-8-20)31(41)28-27(26(35)15-21-13-14-37-17-21)32(42)25-16-22(46-19(2)38)11-12-23(25)30(28)40/h3-5,7-8,11-14,16-18,29,33-34,36,39,43-44H,6,9-10,15H2,1-2H3/p+1	null	CC1C(C(C(C(O1)OC2=C(C3=C(C(=C2CCCC4=CC=CC=C4)O)C(=O)C5=C(C3=O)C=C(C=C5)OC(=O)C)CC6=C[CH+]N=C6)O)O)O	0.0	""	COCONUT:(CNP0187825);SuperNatural:(SN00173748)	3145728
1	2	N/A	-657.6102979244184	C31H35Cl2N7O4	[M + H]+	YHIGPAIFBVOPKV	InChI=1S/C31H35Cl2N7O4/c1-37(2)14-8-11-25(41)38-15-12-22(13-16-38)40-29-20(18-34-30(36-29)35-21-9-6-5-7-10-21)19-39(31(40)42)28-26(32)23(43-3)17-24(44-4)27(28)33/h5-11,17-18,22H,12-16,19H2,1-4H3,(H,34,35,36)	null	CN(C)CC=CC(=O)N1CCC(CC1)N2C3=NC(=NC=C3CN(C2=O)C4=C(C(=CC(=C4Cl)OC)OC)Cl)NC5=CC=CC=C5	4.5	135317286;135317287	PubChem:(135317286 135317287);PubChem class - bio and metabolites	16777218
1	3	0.18563428966939755	-371.1439673719762	C30H39N3O10	[M + K]+	YDHIOOCOWPJKRV	InChI=1S/C30H39N3O10/c1-32(29(41)21(15-19-9-4-2-5-10-19)31-28(40)20-11-6-3-7-12-20)16-25(38)33-14-8-13-22(33)30(42)43-27(24(37)18-35)26(39)23(36)17-34/h2-7,9-12,21-24,26-27,34-37,39H,8,13-18H2,1H3,(H,31,40)	null	CN(CC(=O)N1CCCC1C(=O)OC(C(CO)O)C(C(CO)O)O)C(=O)C(CC2=CC=CC=C2)NC(=O)C3=CC=CC=C3	-0.5	44715296	COCONUT:(CNP0047645);PubChem:(44715296);SuperNatural:(SN00040070 SN00040073 SN00040071 SN00040072);ZINC bio:(ZINC67910455 ZINC67910459 ZINC67910463 ZINC67910466)	3153922
2	3	N/A	-638.4685231743064	C30H39N3O10	[M + K]+	INNQFMXDVLFRKK	InChI=1S/C30H39N3O10/c1-17-10-22(35)19-11-18-12-27(29(2,6-8-31-3)42-24(18)13-25(19)41-17)43-40-15-26(37)30(39,28(38)23(36)14-34)16-33-9-5-20-21(33)4-7-32-20/h4-5,7,9-11,13,23,26-28,31-32,34,36-39H,6,8,12,14-16H2,1-3H3/p+1	null	CC1=CC(=[OH+])C2=C(O1)C=C3C(=C2)CC(C(O3)(C)CCNC)OOCC(C(CN4C=CC5=C4C=CN5)(C(C(CO)O)O)O)O	0.0	""	COCONUT:(CNP0422739)	2097152
1	4	N/A	-483.86083641148207	C33H35N3O9	[M + Na]+	WSCPDRVLOQMVLP	InChI=1S/C33H35N3O9/c1-6-28(29-19-27(35-45-29)22-12-14-24(15-13-22)44-33(2,3)30(37)38)43-32(40)36(20-21-10-8-7-9-11-21)31(39)34-23-16-25(41-4)18-26(17-23)42-5/h7-19,28H,6,20H2,1-5H3,(H,34,39)(H,37,38)	null	CCC(C1=CC(=NO1)C2=CC=C(C=C2)OC(C)(C)C(=O)O)OC(=O)N(CC3=CC=CC=C3)C(=O)NC4=CC(=CC(=C4)OC)OC	6.0	78319338;78319339;134216618	PubChem:(78319338 78319339 134216618);PubMed;PubChem class - bio and metabolites	16777282
1	5	N/A	-823.0795247534401	C33H35F2N3O6S	[M + H]+	KCNWMHBIZSWXTB	InChI=1S/C33H35F2N3O6S/c1-33(2)30(31(42)37-27-21-12-7-6-11-20(21)16-25(27)39)38(18-45-33)32(43)28(41)24(15-19-9-4-3-5-10-19)36-26(40)17-44-29-22(34)13-8-14-23(29)35/h3-14,24-25,27-28,30,39,41H,15-18H2,1-2H3,(H,36,40)(H,37,42)	(4r)-3-[(2s,3s)-3-{[(2,6-Difluorophenoxy)acetyl]amino}-2-Hydroxy-4-Phenylbutanoyl]-N-[(1s,2r)-2-Hydroxy-2,3-Dihydro-1h-Inden-1-Yl]-5,5-Dimethyl-1,3-Thiazolidine-4-Carboxamide	CC1(C(N(CS1)C(=O)C(C(CC2=CC=CC=C2)NC(=O)COC3=C(C=CC=C3F)F)O)C(=O)NC4C(CC5=CC=CC=C45)O)C	3.79999995	44588309	PubChem:(44588309);PubMed;PubChem class - bio and metabolites	16777282