structureRankPerFormula	formulaRank	ConfidenceScore	CSI:FingerIDScore	molecularFormula	adduct	InChIkey2D	InChI	name	smiles	xlogp	pubchemids	links	dbflags
1	1	N/A	-268.5975850867886	C39H66O6	[M - H2O + H]+	SMYKBXMWXCZOLU	InChI=1S/C39H66O6/c1-4-7-10-13-16-19-22-25-30-43-37(40)34-28-29-35(38(41)44-31-26-23-20-17-14-11-8-5-2)36(33-34)39(42)45-32-27-24-21-18-15-12-9-6-3/h28-29,33H,4-27,30-32H2,1-3H3	tris-decyl benzene-1,2,4-tricarboxylate	CCCCCCCCCCOC(=O)C1=CC(=C(C=C1)C(=O)OCCCCCCCCCC)C(=O)OCCCCCCCCCC	15.0	61333	PubChem:(61333);NORMAN:(NS00049684)	262146
2	1	N/A	-290.35981080221006	C39H66O6	[M - H2O + H]+	FJFYFBRNDHRTHL	InChI=1S/C39H66O6/c1-31(2)22-16-10-7-13-19-27-43-37(40)34-25-26-35(38(41)44-28-20-14-8-11-17-23-32(3)4)36(30-34)39(42)45-29-21-15-9-12-18-24-33(5)6/h25-26,30-33H,7-24,27-29H2,1-6H3	Triisodecyl trimellitate	CC(C)CCCCCCCOC(=O)C1=CC(=C(C=C1)C(=O)OCCCCCCCC(C)C)C(=O)OCCCCCCCC(C)C	14.1000004	169794	NORMAN:(NS00004388);PubChem class - safety and toxic;PubChem:(169794)	67371010
1	1	0.08870599423991196	-21.91426876481486	C39H64O5	[M + H]+	QSEJQXZIIUGBTF	InChI=1S/C39H64O5/c1-3-5-7-9-11-13-15-17-19-21-23-25-27-29-31-33-38(41)43-36-37(35-40)44-39(42)34-32-30-28-26-24-22-20-18-16-14-12-10-8-6-4-2/h5,7,11-14,17-20,23,25,37,40H,3-4,6,8-10,15-16,21-22,24,26-36H2,1-2H3	Diacylglycerol(18:4/18:2)	CCCCCC=CCC=CCCCCCCCC(=O)OC(CO)COC(=O)CCCCC=CCC=CCC=CCC=CCC	11.6000004	53478164;134762047	COCONUT:(CNP0034964);HMDB:(7335);PubChem:(53478164 134762047);SuperNatural:(SN00217170);YMDB Mine;PubChem class - bio and metabolites	34379661322
2	1	N/A	-22.4162212006596	C39H64O5	[M + H]+	RAPBJBKXYYMYAY	InChI=1S/C39H64O5/c1-3-5-7-9-11-13-15-17-19-21-23-25-27-29-31-33-38(41)43-36-37(35-40)44-39(42)34-32-30-28-26-24-22-20-18-16-14-12-10-8-6-4-2/h5-8,11-14,17-20,37,40H,3-4,9-10,15-16,21-36H2,1-2H3	Diacylglycerol(18:3n3/18:3n3)	CCC=CCC=CCC=CCCCCCCCC(=O)OCC(CO)OC(=O)CCCCCCCC=CCC=CCC=CCC	11.6000004	9543745;14275413;10483894;53422221;71768122;90769662;134763013	HMDB:(7308);SuperNatural:(SN00217143);additional;NORMAN:(NS00054909);COCONUT:(CNP0118442);Natural Products:(UNPD226790);PubChem:(9543745 14275413 10483894 53422221 71768122 90769662 134763013);YMDB Mine;CHEBI:(75855);PubChem class - bio and metabolites;Training Set;KEGG Mine	42970431530
3	1	N/A	-22.83741561472531	C39H64O5	[M + H]+	BYLXXZYUDXCZFN	InChI=1S/C39H64O5/c1-3-5-7-9-11-13-15-17-19-21-23-25-27-29-31-33-38(41)43-36-37(35-40)44-39(42)34-32-30-28-26-24-22-20-18-16-14-12-10-8-6-4-2/h6,8,11-14,17-20,24,26,37,40H,3-5,7,9-10,15-16,21-23,25,27-36H2,1-2H3	Diacylglycerol(18:2/18:4)	CCCCCC=CCC=CCCCCCCCC(=O)OCC(CO)OC(=O)CCCCC=CCC=CCC=CCC=CCC	11.6000004	53478106;134722871;138132018	COCONUT:(CNP0023062);HMDB:(7251);PubChem:(53478106 134722871 138132018);SuperNatural:(SN00217086);YMDB Mine;PubChem class - bio and metabolites	34379661322
4	1	N/A	-22.885587877151448	C39H64O5	[M + H]+	OGEVDGPPHTZMPM	InChI=1S/C39H64O5/c1-3-5-7-9-11-13-15-17-19-21-23-25-27-29-31-33-38(41)43-36-37(35-40)44-39(42)34-32-30-28-26-24-22-20-18-16-14-12-10-8-6-4-2/h6,8,11-14,17-20,23,25,37,40H,3-5,7,9-10,15-16,21-22,24,26-36H2,1-2H3	Diacylglycerol(18:3n6/18:3n3)	CCCCCC=CCC=CCC=CCCCCC(=O)OCC(CO)OC(=O)CCCCCCCC=CCC=CCC=CCC	11.6000004	53478121	COCONUT:(CNP0209409);HMDB:(7279);PubChem:(53478121);SuperNatural:(SN00217114);YMDB Mine;PubChem class - bio and metabolites	34379661322
5	1	N/A	-23.808734727061896	C39H64O5	[M + H]+	QBTJRRWTWAXKSO	InChI=1S/C39H64O5/c1-3-5-7-9-11-13-15-17-19-21-23-25-27-29-31-33-38(41)43-36-37(35-40)44-39(42)34-32-30-28-26-24-22-20-18-16-14-12-10-8-6-4-2/h5,7,11-14,17-20,24,26,37,40H,3-4,6,8-10,15-16,21-23,25,27-36H2,1-2H3	Diacylglycerol(18:3n3/18:3n6)	CCCCCC=CCC=CCC=CCCCCC(=O)OC(CO)COC(=O)CCCCCCCC=CCC=CCC=CCC	11.6000004	53478149	COCONUT:(CNP0297878);HMDB:(7307);PubChem:(53478149);SuperNatural:(SN00217142);YMDB Mine;PubChem class - bio and metabolites	34379661322
6	1	N/A	-31.23125645798137	C39H64O5	[M + H]+	VJQIPMXNHWLHEJ	InChI=1S/C39H64O5/c1-3-5-7-9-11-13-15-16-17-18-19-20-21-22-24-26-28-30-32-34-39(42)44-37(35-40)36-43-38(41)33-31-29-27-25-23-14-12-10-8-6-4-2/h10-13,16-17,19-20,22,24,28,30,37,40H,3-9,14-15,18,21,23,25-27,29,31-36H2,1-2H3	Diacylglycerol(14:1n5/22:5n6)	CCCCCC=CCC=CCC=CCC=CCC=CCCC(=O)OC(CO)COC(=O)CCCCCCCC=CCCCC	11.8000002	53477996	COCONUT:(CNP0144493);HMDB:(7061);PubChem:(53477996);SuperNatural:(SN00216901);YMDB Mine;PubChem class - bio and metabolites	34379661322
7	1	N/A	-34.89665304402258	C39H64O5	[M + H]+	JVRVKOOOXHGJKI	InChI=1S/C39H64O5/c1-3-5-7-9-11-13-15-17-19-21-23-25-27-29-31-33-38(41)43-36-37(35-40)44-39(42)34-32-30-28-26-24-22-20-18-16-14-12-10-8-6-4-2/h11-14,17-20,23-26,37,40H,3-10,15-16,21-22,27-36H2,1-2H3	Diacylglycerol(18:3n6/18:3n6)	CCCCCC=CCC=CCC=CCCCCC(=O)OCC(CO)OC(=O)CCCCC=CCC=CCC=CCCCCC	11.6000004	14275410;14275411;14275412;57077318;96559918	COCONUT:(CNP0096841);HMDB:(7278);PubChem:(14275410 14275411 14275412 57077318 96559918);SuperNatural:(SN00217113);YMDB Mine;additional;PubChem class - bio and metabolites;Training Set	34380201994
8	1	N/A	-35.631840234616824	C39H64O5	[M + H]+	XJELJGCMEUSYKS	InChI=1S/C39H64O5/c1-3-5-7-9-11-13-15-16-17-18-19-20-21-22-24-25-27-29-31-33-38(41)43-36-37(35-40)44-39(42)34-32-30-28-26-23-14-12-10-8-6-4-2/h5,7,10-13,16-17,19-20,22,24,37,40H,3-4,6,8-9,14-15,18,21,23,25-36H2,1-2H3	Diacylglycerol(22:5n3/14:1n5)	CCCCC=CCCCCCCCC(=O)OC(CO)COC(=O)CCCCCC=CCC=CCC=CCC=CCC=CCC	11.6000004	53478487;134778657	COCONUT:(CNP0054542);HMDB:(7734);PubChem:(53478487 134778657);SuperNatural:(SN00217569);YMDB Mine;PubChem class - bio and metabolites	34379661322
9	1	N/A	-36.017932344973055	C39H64O5	[M + H]+	YDNAPGXYBAGJKV	InChI=1S/C39H64O5/c1-3-5-7-9-11-13-15-16-17-18-19-20-21-22-24-25-27-29-31-33-38(41)43-36-37(35-40)44-39(42)34-32-30-28-26-23-14-12-10-8-6-4-2/h10-13,16-17,19-20,22,24,27,29,37,40H,3-9,14-15,18,21,23,25-26,28,30-36H2,1-2H3	Diacylglycerol(22:5n6/14:1n5)	CCCCCC=CCC=CCC=CCC=CCC=CCCC(=O)OCC(CO)OC(=O)CCCCCCCC=CCCCC	11.8000002	53478458	COCONUT:(CNP0333372);HMDB:(7705);PubChem:(53478458);SuperNatural:(SN00217540);YMDB Mine;PubChem class - bio and metabolites	34379661322
10	1	N/A	-36.5549870845273	C39H64O5	[M + H]+	QSZQNXRKRGRBGH	InChI=1S/C39H64O5/c1-3-5-7-9-11-13-15-16-17-18-19-20-21-22-24-26-28-30-32-34-39(42)44-37(35-40)36-43-38(41)33-31-29-27-25-23-14-12-10-8-6-4-2/h5,7,10-13,16-17,19-20,22,24,37,40H,3-4,6,8-9,14-15,18,21,23,25-36H2,1-2H3	Diacylglycerol(14:1n5/22:5n3)	CCCCC=CCCCCCCCC(=O)OCC(CO)OC(=O)CCCCCC=CCC=CCC=CCC=CCC=CCC	11.6000004	53477997;134762164;138247476	COCONUT:(CNP0024238);HMDB:(7062);PubChem:(53477997 134762164 138247476);SuperNatural:(SN00216902);YMDB Mine;PubChem class - bio and metabolites	34379661322
11	1	N/A	-40.96109015474124	C39H64O5	[M + H]+	FRUADKDVYOLUEU	InChI=1S/C39H64O5/c1-3-5-7-9-11-13-15-16-17-18-19-20-21-22-24-26-28-30-32-34-39(42)44-37(35-40)36-43-38(41)33-31-29-27-25-23-14-12-10-8-6-4-2/h5,7,11,13,16-17,19-20,22,24,28,30,37,40H,3-4,6,8-10,12,14-15,18,21,23,25-27,29,31-36H2,1-2H3	Diacylglycerol(14:0/22:6)	CCCCCCCCCCCCCC(=O)OCC(CO)OC(=O)CCC=CCC=CCC=CCC=CCC=CCC=CCC	12.0	53477969;134730632;138155127	COCONUT:(CNP0340190);HMDB:(7034);PubChem:(53477969 134730632 138155127);SuperNatural:(SN00216874);YMDB Mine;PubChem class - bio and metabolites	34379661322
12	1	N/A	-41.73088597958912	C39H64O5	[M + H]+	NSOPGAYUGBZWHL	InChI=1S/C39H64O5/c1-3-5-7-9-11-13-15-17-19-21-23-25-27-29-31-33-38(41)43-35-37(40)36-44-39(42)34-32-30-28-26-24-22-20-18-16-14-12-10-8-6-4-2/h5-8,11-14,17-20,37,40H,3-4,9-10,15-16,21-36H2,1-2H3	1.3-dilinolenin	CCC=CCC=CCC=CCCCCCCCC(=O)OCC(COC(=O)CCCCCCCC=CCC=CCC=CCC)O	11.6000004	5317748;45934043;78384988	COCONUT:(CNP0242733);HMDB:(56366);Natural Products:(UNPD88525);PubChem:(5317748 45934043 78384988);SuperNatural:(SN00374497);CHEBI:(75852);PubChem class - bio and metabolites;PubMed	19955818
13	1	N/A	-42.200252656081005	C39H64O5	[M + H]+	UFKFDATWXJRMOS	InChI=1S/C39H64O5/c1-3-5-7-9-11-13-15-17-19-21-23-25-27-29-31-33-38(41)43-35-37(40)36-44-39(42)34-32-30-28-26-24-22-20-18-16-14-12-10-8-6-4-2/h5,7,11-14,17-20,24,26,37,40H,3-4,6,8-10,15-16,21-23,25,27-36H2,1-2H3	null	CCCCCC=CCC=CCC=CCCCCC(=O)OCC(COC(=O)CCCCCCCC=CCC=CCC=CCC)O	11.6000004	131802002	PubChem:(131802002);HMDB:(56303)	10
14	1	N/A	-45.7477660417329	C39H64O5	[M + H]+	LLOBOJAKMZHEKH	InChI=1S/C39H64O5/c1-3-5-7-9-11-13-15-16-17-18-19-20-21-22-24-25-27-29-31-33-38(41)43-36-37(35-40)44-39(42)34-32-30-28-26-23-14-12-10-8-6-4-2/h5,7,11,13,16-17,19-20,22,24,27,29,37,40H,3-4,6,8-10,12,14-15,18,21,23,25-26,28,30-36H2,1-2H3	Diacylglycerol(22:6/14:0)	CCCCCCCCCCCCCC(=O)OC(CO)COC(=O)CCC=CCC=CCC=CCC=CCC=CCC=CCC	12.0	53478513;134747079	COCONUT:(CNP0030062);HMDB:(7762);PubChem:(53478513 134747079);SuperNatural:(SN00217597);YMDB Mine;PubChem class - bio and metabolites	34379661322
15	1	N/A	-52.70646751816868	C39H64O5	[M + H]+	BNJWNDPSWUOBCU	InChI=1S/C39H64O5/c1-3-5-7-9-11-13-15-17-19-21-23-25-27-29-31-33-38(41)43-35-37(40)36-44-39(42)34-32-30-28-26-24-22-20-18-16-14-12-10-8-6-4-2/h5-9,11-12,14-15,17-18,20,37,40H,3-4,10,13,16,19,21-36H2,1-2H3	1,3-dilinolenin	CCC=CCC=CCC=CCCCCCCCC(=O)OCC(COC(=O)CCCCCCCCC=CCC=CC=CCC)O	11.8000002	44575262	COCONUT:(CNP0078377);PubChem:(44575262);PubMed	2097218
16	1	N/A	-53.28817097304174	C39H64O5	[M + H]+	LZSJCSQKHQTZID	InChI=1S/C39H64O5/c1-3-5-7-9-11-13-15-17-19-21-23-25-27-29-31-33-38(41)43-35-37(40)36-44-39(42)34-32-30-28-26-24-22-20-18-16-14-12-10-8-6-4-2/h11-14,17-20,23-26,37,40H,3-10,15-16,21-22,27-36H2,1-2H3	null	CCCCCC=CCC=CCC=CCCCCC(=O)OCC(COC(=O)CCCCC=CCC=CCC=CCCCCC)O	11.6000004	25260623;74437529	HMDB:(56296);PubChem:(25260623 74437529);PubChem class - bio and metabolites	16777226
17	1	N/A	-56.313262898404986	C39H64O5	[M + H]+	CQHRDRZMSJCJBX	InChI=1S/C39H64O5/c1-3-5-7-9-11-13-15-17-18-19-20-22-23-25-27-29-31-33-38(41)43-36-37(35-40)44-39(42)34-32-30-28-26-24-21-16-14-12-10-8-6-4-2/h5,7,11,13-14,16-18,20,22,25,27,37,40H,3-4,6,8-10,12,15,19,21,23-24,26,28-36H2,1-2H3	Diacylglycerol(20:5/16:1)	CCCCCCC=CCCCCCCCC(=O)OC(CO)COC(=O)CCCC=CCC=CCC=CCC=CCC=CCC	11.6000004	53478341;134724809	COCONUT:(CNP0053691);HMDB:(7563);PubChem:(53478341 134724809);SuperNatural:(SN00217398);YMDB Mine;PubChem class - bio and metabolites	34379661322
18	1	N/A	-56.413758032728666	C39H64O5	[M + H]+	MUYDIVLBRBWUDW	InChI=1S/C39H64O5/c1-3-5-7-9-11-13-15-17-18-19-20-22-24-26-28-30-32-34-39(42)44-37(35-40)36-43-38(41)33-31-29-27-25-23-21-16-14-12-10-8-6-4-2/h5,7,11,13-14,16-18,20,22,26,28,37,40H,3-4,6,8-10,12,15,19,21,23-25,27,29-36H2,1-2H3	Diacylglycerol(16:1/20:5)	CCCCCCC=CCCCCCCCC(=O)OCC(CO)OC(=O)CCCC=CCC=CCC=CCC=CCC=CCC	11.6000004	9543752;134750918;138214802	COCONUT:(CNP0221338);HMDB:(7143);PubChem:(9543752 134750918 138214802);SuperNatural:(SN00216982);YMDB Mine;PubChem class - bio and metabolites	34379661322
19	1	N/A	-59.19611480660122	C39H64O5	[M + H]+	DNGFLPFNXOMGJW	InChI=1S/C39H64O5/c1-3-5-7-9-11-13-15-16-17-18-19-20-21-22-24-26-28-30-32-34-39(42)44-36-37(40)35-43-38(41)33-31-29-27-25-23-14-12-10-8-6-4-2/h5,7,11,13,16-17,19-20,22,24,28,30,37,40H,3-4,6,8-10,12,14-15,18,21,23,25-27,29,31-36H2,1-2H3	null	CCCCCCCCCCCCCC(=O)OCC(COC(=O)CCC=CCC=CCC=CCC=CCC=CCC=CCC)O	12.0	131801712	PubChem:(131801712);HMDB:(55980)	10
20	1	N/A	-89.50985512656203	C39H64O5	[M + H]+	XJJBSSJHWZLHHT	InChI=1S/C39H64O5/c1-3-5-7-9-11-13-15-17-18-19-20-22-24-26-28-30-32-34-39(42)44-36-37(40)35-43-38(41)33-31-29-27-25-23-21-16-14-12-10-8-6-4-2/h5,7,11,13,17-18,20-23,26,28,37,40H,3-4,6,8-10,12,14-16,19,24-25,27,29-36H2,1-2H3	null	CCCCCCCCC=CCCCCCC(=O)OCC(COC(=O)CCCC=CCC=CCC=CCC=CCC=CCC)O	11.6000004	131801884	PubChem:(131801884);HMDB:(56174)	10
21	1	N/A	-89.50985512656203	C39H64O5	[M + H]+	DSPKXVYJORTNRJ	InChI=1S/C39H64O5/c1-3-5-7-9-11-13-15-16-17-18-19-20-21-22-24-26-28-30-32-34-39(42)44-36-37(40)35-43-38(41)33-31-29-27-25-23-14-12-10-8-6-4-2/h5,7,11,13,16-17,19-20,22,24-25,27,37,40H,3-4,6,8-10,12,14-15,18,21,23,26,28-36H2,1-2H3	null	CCCCCCCCC=CCCCC(=O)OCC(COC(=O)CCCCCC=CCC=CCC=CCC=CCC=CCC)O	11.6000004	131801864	PubChem:(131801864);HMDB:(56154)	10
22	1	N/A	-97.56193375442258	C39H64O5	[M + H]+	CDTXMUFCBIHNCK	InChI=1S/C39H64O5/c1-3-5-7-9-11-13-15-16-17-18-19-20-21-22-24-26-28-30-32-34-39(42)44-36-37(40)35-43-38(41)33-31-29-27-25-23-14-12-10-8-6-4-2/h11,13,16-17,19-20,22,24-25,27-28,30,37,40H,3-10,12,14-15,18,21,23,26,29,31-36H2,1-2H3	null	CCCCCCCCC=CCCCC(=O)OCC(COC(=O)CCC=CCC=CCC=CCC=CCC=CCCCCC)O	11.8000002	131801859	PubChem:(131801859);HMDB:(56149)	10
23	1	N/A	-313.8617787781267	C39H64O5	[M + H]+	SYGLJZDVAGVMRB	InChI=1S/C39H64O5/c1-7-8-9-10-17-38-19-14-30(43)34(4,24-40)29(38)13-18-35(5)32(38)28(42)20-26-27-21-33(2,3)23-37(15-11-12-16-37)39(27,25-41)31(44)22-36(26,35)6/h20,27,29-32,40-41,43-44H,7-19,21-25H2,1-6H3	null	CCCCCCC12CCC(C(C1CCC3(C2C(=O)C=C4C3(CC(C5(C4CC(CC56CCCC6)(C)C)CO)O)C)C)(C)CO)O	7.81859112	""	COCONUT:(CNP0285176);SuperNatural:(SN00170238)	3145728
24	1	N/A	-384.71536059136037	C39H64O5	[M + H]+	PHVSFSOUKNEKMJ	InChI=1S/C39H64O5/c1-4-5-6-7-8-9-10-11-12-13-14-15-16-17-18-19-36(43)44-28-35(42)33-23-22-32-31-21-20-29-26-30(40)24-25-38(29,2)37(31)34(41)27-39(32,33)3/h26,31-34,37,41H,4-25,27-28H2,1-3H3	Corticosterone 21-stearate	CCCCCCCCCCCCCCCCCC(=O)OCC(=O)C1CCC2C1(CC(C3C2CCC4=CC(=O)CCC34C)O)C	10.4900923	126088;50990179	MeSH:(126088);PubChem:(126088 50990179);PubMed	70
25	1	N/A	-394.7629639402575	C39H64O5	[M + H]+	IOMFTBLAJCYZSH	InChI=1S/C39H64O5/c1-4-5-6-7-8-9-10-11-12-13-14-15-16-17-18-19-36(42)44-29-35(41)39(43)27-24-34-32-21-20-30-28-31(40)22-25-37(30,2)33(32)23-26-38(34,39)3/h28,32-34,43H,4-27,29H2,1-3H3	[2-(17-hydroxy-10,13-dimethyl-3-oxo-2,6,7,8,9,11,12,14,15,16-decahydro-1H-cyclopenta[a]phenanthren-17-yl)-2-oxoethyl] octadecanoate	CCCCCCCCCCCCCCCCCC(=O)OCC(=O)C1(CCC2C1(CCC3C2CCC4=CC(=O)CCC34C)C)O	10.6451025	3558606;16403181;44657315;124924945;124924946;124924947;124924948;135638987	COCONUT:(CNP0387036);PubChem:(3558606 16403181 44657315 124924945 124924946 124924947 124924948 135638987);SuperNatural:(SN00109152);ZINC bio:(ZINC70697944)	3153922
26	1	N/A	-423.4069323455717	C39H64O5	[M + H]+	RFXOUSGGOCGATK	InChI=1S/C39H64O5/c1-6-8-9-10-13-37-22-21-36-14-11-15-38(37,23-20-35-26-44-39(43,28(35)12-7-2)24-27(40)30(35)37)34(36,5)19-18-32(3)16-17-33(4,31(41)42)25-29(32)36/h27-30,40,43H,6-26H2,1-5H3,(H,41,42)/p-1	null	CCCCCCC12CCC34CCCC1(C3(CCC5(C4CC(CC5)(C)C(=O)[O-])C)C)CCC67C2C(CC(C6CCC)(OC7)O)O	9.06113338	""	COCONUT:(CNP0065527 CNP0418426);SuperNatural:(SN00167751)	3145728
27	1	N/A	-439.08785997045516	C39H64O5	[M + H]+	BXLIWVWIPJZIRU	InChI=1S/C39H64O5/c1-25-21-37(18-13-27(22-37)14-19-38(43)16-7-10-31(41)23-38)35-36(3,44-35)17-15-33-32(25)24-39(33,29-8-5-4-6-9-29)30-12-11-28(20-30)34(42)26(2)40/h26-35,40-43H,1,4-24H2,2-3H3	null	CC(C(C1CCC(C1)C2(CC3C2CCC4(C(O4)C5(CCC(C5)CCC6(CCCC(C6)O)O)CC3=C)C)C7CCCCC7)O)O	8.28376007	""	COCONUT:(CNP0088412);SuperNatural:(SN00170424)	3145728
1	2	N/A	-24.8737120638611	C37H66O5	[M + Na]+	UHPKYXAUVQOHQL	InChI=1S/C37H66O5/c1-3-5-7-9-11-13-15-17-18-20-22-24-26-28-30-32-37(40)42-35(33-38)34-41-36(39)31-29-27-25-23-21-19-16-14-12-10-8-6-4-2/h5,7,11,13,17-18,35,38H,3-4,6,8-10,12,14-16,19-34H2,1-2H3	Diacylglycerol(16:0/18:3n3)	CCCCCCCCCCCCCCCC(=O)OCC(CO)OC(=O)CCCCCCCC=CCC=CCC=CCC	12.8000002	9543700;14275388;102241525;134770300	COCONUT:(CNP0111780);HMDB:(7105);PubChem:(9543700 14275388 102241525 134770300);SuperNatural:(SN00216944);YMDB Mine;CHEBI:(88449);PubChem class - bio and metabolites	34379661354
2	2	N/A	-24.8737120638611	C37H66O5	[M + Na]+	RSSYCPWLZRHABI	InChI=1S/C37H66O5/c1-3-5-7-9-11-13-15-17-18-20-21-23-25-27-29-31-36(39)41-34-35(33-38)42-37(40)32-30-28-26-24-22-19-16-14-12-10-8-6-4-2/h5,7,11,13,17-18,35,38H,3-4,6,8-10,12,14-16,19-34H2,1-2H3	Diacylglycerol(18:3n3/16:0)	CCCCCCCCCCCCCCCC(=O)OC(CO)COC(=O)CCCCCCCC=CCC=CCC=CCC	12.8000002	54283905;53478143;88619402;102241524;134765038	COCONUT:(CNP0084451);HMDB:(7301);PubChem:(54283905 53478143 88619402 102241524 134765038);SuperNatural:(SN00217136);YMDB Mine;CHEBI:(89259);PubChem class - bio and metabolites	34379661354
3	2	N/A	-25.301732927900886	C37H66O5	[M + Na]+	DWHZDPQGFGYFRB	InChI=1S/C37H66O5/c1-3-5-7-9-11-13-15-16-17-18-19-20-22-23-25-27-29-31-36(39)41-34-35(33-38)42-37(40)32-30-28-26-24-21-14-12-10-8-6-4-2/h10-13,16-17,35,38H,3-9,14-15,18-34H2,1-2H3	Diacylglycerol(20:2/14:1)	CCCCCC=CCC=CCCCCCCCCCC(=O)OCC(CO)OC(=O)CCCCCCCC=CCCCC	12.6000004	53478220;134728262	COCONUT:(CNP0165708);HMDB:(7415);PubChem:(53478220 134728262);SuperNatural:(SN00217250);YMDB Mine;CHEBI:(89033);PubChem class - bio and metabolites	34379661354
4	2	N/A	-25.301732927900886	C37H66O5	[M + Na]+	YMQRUULVAHFQLL	InChI=1S/C37H66O5/c1-3-5-7-9-11-13-15-16-17-18-19-20-22-24-26-28-30-32-37(40)42-35(33-38)34-41-36(39)31-29-27-25-23-21-14-12-10-8-6-4-2/h10-13,16-17,35,38H,3-9,14-15,18-34H2,1-2H3	Diacylglycerol(14:1/20:2)	CCCCCC=CCC=CCCCCCCCCCC(=O)OC(CO)COC(=O)CCCCCCCC=CCCCC	12.6000004	53477986;134781811;138306305	COCONUT:(CNP0374217);HMDB:(7051);PubChem:(53477986 134781811 138306305);SuperNatural:(SN00216891);YMDB Mine;CHEBI:(88723);PubChem class - bio and metabolites	34379661354
5	2	N/A	-26.883381016636527	C37H66O5	[M + Na]+	UENDWBHWDOWHFT	InChI=1S/C37H66O5/c1-3-5-7-9-11-13-15-16-17-18-19-20-22-23-25-27-29-31-36(39)41-34-35(33-38)42-37(40)32-30-28-26-24-21-14-12-10-8-6-4-2/h11,13,16-17,19-20,35,38H,3-10,12,14-15,18,21-34H2,1-2H3	Diacylglycerol(20:3n6/14:0)	CCCCCCCCCCCCCC(=O)OC(CO)COC(=O)CCCCCCC=CCC=CCC=CCCCCC	12.8000002	53478267;134769917	COCONUT:(CNP0098336);HMDB:(7472);PubChem:(53478267 134769917);SuperNatural:(SN00217307);YMDB Mine;CHEBI:(89790);PubChem class - bio and metabolites	34379661354
6	2	N/A	-27.60201625048588	C37H66O5	[M + Na]+	BHGPPCIWDXQOMA	InChI=1S/C37H66O5/c1-3-5-7-9-11-13-15-17-18-20-22-24-26-28-30-32-37(40)42-35(33-38)34-41-36(39)31-29-27-25-23-21-19-16-14-12-10-8-6-4-2/h11,13-14,16-18,35,38H,3-10,12,15,19-34H2,1-2H3	Diacylglycerol(16:1/18:2)	CCCCCCC=CCCCCCCCC(=O)OCC(CO)OC(=O)CCCCCCCC=CCC=CCCCCC	12.6000004	9543699;14275386;134720951	COCONUT:(CNP0070650);HMDB:(7132);PubChem:(9543699 14275386 134720951);SuperNatural:(SN00216971);YMDB Mine;CHEBI:(84419);additional;PubChem class - bio and metabolites;Training Set	34380202026
7	2	N/A	-27.60201625048588	C37H66O5	[M + Na]+	DPGMZDAWGDNYKG	InChI=1S/C37H66O5/c1-3-5-7-9-11-13-15-17-18-20-21-23-25-27-29-31-36(39)41-34-35(33-38)42-37(40)32-30-28-26-24-22-19-16-14-12-10-8-6-4-2/h11,13-14,16-18,35,38H,3-10,12,15,19-34H2,1-2H3	Diacylglycerol(18:2/16:1)	CCCCCCC=CCCCCCCCC(=O)OC(CO)COC(=O)CCCCCCCC=CCC=CCCCCC	12.6000004	53478102;117846360;117846747;134727516	COCONUT:(CNP0084470);HMDB:(7244);PubChem:(53478102 117846360 117846747 134727516);SuperNatural:(SN00217080);YMDB Mine;CHEBI:(89208);PubChem class - bio and metabolites	34379661354
8	2	N/A	-27.744273599268134	C37H66O5	[M + Na]+	MIOCZRAJMXIEKP	InChI=1S/C37H66O5/c1-3-5-7-9-11-13-15-16-17-18-19-20-22-24-26-28-30-32-37(40)42-35(33-38)34-41-36(39)31-29-27-25-23-21-14-12-10-8-6-4-2/h11,13,16-17,19-20,35,38H,3-10,12,14-15,18,21-34H2,1-2H3	Diacylglycerol(14:0/20:3n6)	CCCCCCCCCCCCCC(=O)OCC(CO)OC(=O)CCCCCCC=CCC=CCC=CCCCCC	12.8000002	53477959;134749592	COCONUT:(CNP0414313);HMDB:(7024);PubChem:(53477959 134749592);SuperNatural:(SN00216865);YMDB Mine;CHEBI:(88805);PubChem class - bio and metabolites	34379661354
9	2	N/A	-28.34811868643419	C37H66O5	[M + Na]+	NFVDEXJHCNKRNB	InChI=1S/C37H66O5/c1-3-5-7-9-11-13-15-17-18-20-21-23-25-27-29-31-36(39)41-34-35(33-38)42-37(40)32-30-28-26-24-22-19-16-14-12-10-8-6-4-2/h11,13,17-18,21,23,35,38H,3-10,12,14-16,19-20,22,24-34H2,1-2H3	Diacylglycerol(18:3n6/16:0)	CCCCCCCCCCCCCCCC(=O)OC(CO)COC(=O)CCCCC=CCC=CCC=CCCCCC	12.8000002	53478115	COCONUT:(CNP0084507);HMDB:(7272);PubChem:(53478115);SuperNatural:(SN00217107);YMDB Mine;CHEBI:(89164);PubChem class - bio and metabolites	34379661354
10	2	N/A	-29.209011269065783	C37H66O5	[M + Na]+	YFBCIDURFTWKDQ	InChI=1S/C37H66O5/c1-3-5-7-9-11-13-15-17-18-20-22-24-26-28-30-32-37(40)42-35(33-38)34-41-36(39)31-29-27-25-23-21-19-16-14-12-10-8-6-4-2/h11,13,17-18,22,24,35,38H,3-10,12,14-16,19-21,23,25-34H2,1-2H3	Diacylglycerol(16:0/18:3n6)	CCCCCCCCCCCCCCCC(=O)OCC(CO)OC(=O)CCCCC=CCC=CCC=CCCCCC	12.8000002	14275390	COCONUT:(CNP0230309);HMDB:(7104);PubChem:(14275390);SuperNatural:(SN00216943);YMDB Mine;CHEBI:(88453);PubChem class - bio and metabolites	34379661354
11	2	N/A	-33.88503182945474	C37H66O5	[M + Na]+	LOWZJYQDLAZBBH	InChI=1S/C37H66O5/c1-3-5-7-9-11-13-15-16-17-18-19-20-22-24-26-28-30-32-37(40)42-35(33-38)34-41-36(39)31-29-27-25-23-21-14-12-10-8-6-4-2/h16-17,19-20,24,26,35,38H,3-15,18,21-23,25,27-34H2,1-2H3	Diacylglycerol(14:0/20:3n9)	CCCCCCCCCCCCCC(=O)OCC(CO)OC(=O)CCCC=CCC=CCC=CCCCCCCCC	12.8000002	53477958	COCONUT:(CNP0084734);HMDB:(7023);PubChem:(53477958);SuperNatural:(SN00216864);YMDB Mine;CHEBI:(88794);PubChem class - bio and metabolites	34379661354
12	2	N/A	-42.14411406291586	C37H66O5	[M + Na]+	ZFKRQJCZVAAEOD	InChI=1S/C37H66O5/c1-3-5-7-9-11-13-15-16-17-18-19-20-22-23-25-27-29-31-36(39)41-34-35(33-38)42-37(40)32-30-28-26-24-21-14-12-10-8-6-4-2/h16-17,19-20,23,25,35,38H,3-15,18,21-22,24,26-34H2,1-2H3	Diacylglycerol(20:3n9/14:0)	CCCCCCCCCCCCCC(=O)OC(CO)COC(=O)CCCC=CCC=CCC=CCCCCCCCC	12.8000002	53478238	COCONUT:(CNP0398037);HMDB:(7443);PubChem:(53478238);SuperNatural:(SN00217278);YMDB Mine;CHEBI:(89050);PubChem class - bio and metabolites	34379661354
13	2	N/A	-42.445804336232165	C37H66O5	[M + Na]+	MYAYLXFSVQLRHH	InChI=1S/C37H66O5/c1-3-5-7-9-11-13-15-17-18-20-22-24-26-28-30-32-37(40)42-34-35(38)33-41-36(39)31-29-27-25-23-21-19-16-14-12-10-8-6-4-2/h5,7,11,13,17-18,35,38H,3-4,6,8-10,12,14-16,19-34H2,1-2H3	null	CCCCCCCCCCCCCCCC(=O)OCC(COC(=O)CCCCCCCC=CCC=CCC=CCC)O	12.8000002	131801752	PubChem:(131801752);HMDB:(56030)	10
14	2	N/A	-44.45547328900761	C37H66O5	[M + Na]+	UETLCEGLKUNBHB	InChI=1S/C37H66O5/c1-3-5-7-9-11-13-15-16-17-18-19-20-22-24-26-28-30-32-37(40)42-34-35(38)33-41-36(39)31-29-27-25-23-21-14-12-10-8-6-4-2/h11,13,16-17,19-20,35,38H,3-10,12,14-15,18,21-34H2,1-2H3	null	CCCCCCCCCCCCCC(=O)OCC(COC(=O)CCCCCCC=CCC=CCC=CCCCCC)O	12.8000002	131801702	PubChem:(131801702);HMDB:(55970)	10
15	2	N/A	-45.92021095880528	C37H66O5	[M + Na]+	SFMJHWFZJBATQB	InChI=1S/C37H66O5/c1-3-5-7-9-11-13-15-17-18-20-22-24-26-28-30-32-37(40)42-34-35(38)33-41-36(39)31-29-27-25-23-21-19-16-14-12-10-8-6-4-2/h11,13,17-18,22,24,35,38H,3-10,12,14-16,19-21,23,25-34H2,1-2H3	null	CCCCCCCCCCCCCCCC(=O)OCC(COC(=O)CCCCC=CCC=CCC=CCCCCC)O	12.8000002	131801745	PubChem:(131801745);HMDB:(56023)	10
16	2	N/A	-55.90079812043876	C37H66O5	[M + Na]+	ODVRLPAZNXVINR	InChI=1S/C37H66O5/c1-3-5-7-9-11-13-15-16-17-18-19-20-22-24-26-28-30-32-37(40)42-34-35(38)33-41-36(39)31-29-27-25-23-21-14-12-10-8-6-4-2/h16-17,19-20,24,26,35,38H,3-15,18,21-23,25,27-34H2,1-2H3	null	CCCCCCCCCCCCCC(=O)OCC(COC(=O)CCCC=CCC=CCC=CCCCCCCCC)O	12.8000002	131801696	PubChem:(131801696);HMDB:(55964)	10
17	2	N/A	-58.95805788560998	C37H66O5	[M + Na]+	UWJDKQBTCBDSIC	InChI=1S/C37H66O5/c1-3-5-7-9-11-13-15-16-17-18-19-20-22-24-26-28-30-32-37(40)42-34-35(38)33-41-36(39)31-29-27-25-23-21-14-12-10-8-6-4-2/h11,13,16-17,23,25,35,38H,3-10,12,14-15,18-22,24,26-34H2,1-2H3	null	CCCCCCCCC=CCCCC(=O)OCC(COC(=O)CCCCCCCCCC=CCC=CCCCCC)O	12.6000004	131801854	PubChem:(131801854);HMDB:(56144)	10
18	2	N/A	-188.13178145325006	C37H66O5	[M + Na]+	UXKFHZTYLKVREH	InChI=1S/C37H66O5/c1-3-4-5-6-7-8-9-10-11-12-13-14-18-24-29-35(39)36(40)30-25-20-19-23-28-34(38)27-22-17-15-16-21-26-33-31-32(2)42-37(33)41/h14,18,31-32,35-36,39-40H,3-13,15-17,19-30H2,1-2H3	annojahnin	CCCCCCCCCCCCC=CCCC(C(CCCCCCC(=O)CCCCCCCC1=CC(OC1=O)C)O)O	11.5	10507637	COCONUT:(CNP0269498);KNApSAcK:(40874);Natural Products:(UNPD185661);PubChem:(10507637);SuperNatural:(SN00232068);MeSH:(10507637);PubMed	3178582
19	2	N/A	-210.59689187376543	C37H66O5	[M + Na]+	BAYNGFNVHGMWSS	InChI=1S/C37H66O5/c1-3-4-5-6-7-8-9-10-11-12-13-17-20-23-26-33(38)35-28-29-36(42-35)34(39)27-24-21-18-15-14-16-19-22-25-32-30-31(2)41-37(32)40/h17,20,30-31,33-36,38-39H,3-16,18-19,21-29H2,1-2H3	null	CCCCCCCCCCCCC=CCCC(C1CCC(O1)C(CCCCCCCCCCC2=CC(OC2=O)C)O)O	12.1999998	101392147	COCONUT:(CNP0320203);Natural Products:(UNPD8107);PubChem:(101392147);SuperNatural:(SN00386180)	3178498
20	2	N/A	-210.59689187376543	C37H66O5	[M + Na]+	PESMXQQHYXMTFX	InChI=1S/C37H66O5/c1-3-4-5-6-7-8-9-10-14-17-20-23-26-33(38)35-28-29-36(42-35)34(39)27-24-21-18-15-12-11-13-16-19-22-25-32-30-31(2)41-37(32)40/h17,20,30-31,33-36,38-39H,3-16,18-19,21-29H2,1-2H3	bullatencin	CCCCCCCCCCC=CCCC(C1CCC(O1)C(CCCCCCCCCCCCC2=CC(OC2=O)C)O)O	12.1999998	44577080	COCONUT:(CNP0239276);KNApSAcK:(38665);Natural Products:(UNPD75286);PubChem:(44577080);SuperNatural:(SN00399301);MeSH:(44577080);PubMed	3178582
21	2	N/A	-215.75403356488445	C37H66O5	[M + Na]+	LBFWHQSJIPPDSZ	InChI=1S/C37H66O5/c1-3-4-5-6-7-8-14-17-20-23-26-33(38)35-28-29-36(42-35)34(39)27-24-21-18-15-12-10-9-11-13-16-19-22-25-32-30-31(2)41-37(32)40/h17,20,30-31,33-36,38-39H,3-16,18-19,21-29H2,1-2H3	null	CCCCCCCCC=CCCC(C1CCC(O1)C(CCCCCCCCCCCCCCC2=CC(OC2=O)C)O)O	11.5279942	""	COCONUT:(CNP0141607);Natural Products:(UNPD70351);SuperNatural:(SN00266341)	3178496