structureRankPerFormula	formulaRank	ConfidenceScore	CSI:FingerIDScore	molecularFormula	adduct	InChIkey2D	InChI	name	smiles	xlogp	pubchemids	links	dbflags
1	4	N/A	-362.97582872175553	C17H14N4O5	[M + H]+	QWNVRGAJWPGJOP	InChI=1S/C17H14N4O5/c18-14(22)10-3-5-11(6-4-10)19-8-13-15(23)20-17(25)21(16(13)24)9-12-2-1-7-26-12/h1-8,24H,9H2,(H2,18,22)(H,20,23,25)	null	C1=COC(=C1)CN2C(=C(C(=O)NC2=O)C=NC3=CC=C(C=C3)C(=O)N)O	0.0	3936170	PubChem:(3936170);PubMed;CHEBI:(105728)	98
1	4	0.019715379655831304	-194.18227743420817	C17H16N4O6	[M - H2O + H]+	XKMDRLSRYKKHMY	InChI=1S/C17H16N4O6/c1-12(14-5-3-7-16(9-14)20(22)23)18-26-11-27-19-13(2)15-6-4-8-17(10-15)21(24)25/h3-10H,11H2,1-2H3	(1Z,1''E)-N,N''-[methanediylbis(oxy)]bis[1-(3-nitrophenyl)ethanimine]	CC(=NOCON=C(C)C1=CC(=CC=C1)[N+](=O)[O-])C2=CC(=CC=C2)[N+](=O)[O-]	3.9000001	2826857;5716944;6301337;9612175	COCONUT:(CNP0316889);PubChem:(2826857 5716944 6301337 9612175);SuperNatural:(SN00131364);ZINC bio:(ZINC04776584)	3153922
2	4	N/A	-202.1467261679913	C17H16N4O6	[M - H2O + H]+	JRINMZUBOOCAEO	InChI=1S/C17H16N4O6/c1-11(19-17(23)13-4-8-15(9-5-13)21(26)27)10-18-16(22)12-2-6-14(7-3-12)20(24)25/h2-9,11H,10H2,1H3,(H,18,22)(H,19,23)	N,N''-propane-1,2-diylbis(4-nitrobenzamide)	CC(CNC(=O)C1=CC=C(C=C1)[N+](=O)[O-])NC(=O)C2=CC=C(C=C2)[N+](=O)[O-]	2.29999995	3712479;7040519;7040520	NORMAN:(NS00005481);PubChem class - safety and toxic;PubChem:(3712479 7040519 7040520)	67371010
3	4	N/A	-204.80410075329695	C17H16N4O6	[M - H2O + H]+	TYOXZLKKJOJGNY	InChI=1S/C17H16N4O6/c1-12(14-3-7-16(8-4-14)20(22)23)18-26-11-27-19-13(2)15-5-9-17(10-6-15)21(24)25/h3-10H,11H2,1-2H3	(1E,1''Z)-N,N''-[methanediylbis(oxy)]bis[1-(4-nitrophenyl)ethanimine]	CC(=NOCON=C(C)C1=CC=C(C=C1)[N+](=O)[O-])C2=CC=C(C=C2)[N+](=O)[O-]	3.9000001	2826847;5716937;6144688;6385290	COCONUT:(CNP0064171);PubChem:(2826847 5716937 6144688 6385290);SuperNatural:(SN00131340);ZINC bio:(ZINC04738305)	3153922
4	4	N/A	-282.71875141777946	C17H16N4O6	[M - H2O + H]+	OVSDKLDLESEFQS	InChI=1S/C17H16N4O6/c1-26-16-7-10-3-5-13(12(10)9-17(16)27-2)18-19-14-6-4-11(20(22)23)8-15(14)21(24)25/h4,6-9,19H,3,5H2,1-2H3	null	COC1=C(C=C2C(=C1)CCC2=NNC3=C(C=C(C=C3)[N+](=O)[O-])[N+](=O)[O-])OC	3.82412648	""	COCONUT:(CNP0026633);SuperNatural:(SN00137656)	3145728
5	4	N/A	-342.6509618624742	C17H16N4O6	[M - H2O + H]+	TXKDERQETMQJKX	InChI=1S/C17H16N4O6/c22-15(11-18-17(23)26-12-13-5-2-1-3-6-13)20-19-10-4-7-14-8-9-16(27-14)21(24)25/h1-10H,11-12H2,(H,18,23)(H,20,22)	N-((Phenylmethoxy)carbonyl)glycine (3-(5-ntiro-2-furanyl)-2-propenylidene)hydrazide	C1=CC=C(C=C1)COC(=O)NCC(=O)NN=CC=CC2=CC=C(O2)[N+](=O)[O-]	2.0999999	9578722	PubChem:(9578722);PubChem class - safety and toxic	67108866
6	4	N/A	-401.7517964007184	C17H16N4O6	[M - H2O + H]+	LCGNJEFUQJRJFH	InChI=1S/C17H16N4O6/c1-10-14(17(22)27-8-4-7-18)15(16(21(25)26)11(2)19-10)12-5-3-6-13(9-12)20(23)24/h3,5-6,9,15,19H,4,8H2,1-2H3	2-cyanoethyl 2,6-dimethyl-5-nitro-4-(3-nitrophenyl)-1,4-dihydropyridine-3-carboxylate	CC1=C(C(C(=C(N1)C)[N+](=O)[O-])C2=CC(=CC=C2)[N+](=O)[O-])C(=O)OCCC#N	3.20928025	13121187;93517948;93517949	COCONUT:(CNP0034632);PubChem:(13121187 93517948 93517949);ZINC bio:(ZINC39400670 ZINC39400673)	2105346
7	4	N/A	-420.72643781729477	C17H16N4O6	[M - H2O + H]+	IJUBSCZLGPIHQH	InChI=1S/C17H16N4O6/c18-16(27)10-3-4-19-17-9(20-14(24)1-2-15(25)26)5-8-6-12(22)13(23)7-11(8)21(10)17/h5-7H,1-4,18H2,(H3,20,22,24,25,26,27)/p+1	null	C1CN=C2C(=CC3=CC(=C(C=C3[N+]2=C1C(=O)N)O)O)NC(=O)CCC(=O)O	-1.60000002	135566251	PubChem:(135566251);PubChem class - bio and metabolites	16777218
8	4	N/A	-475.6937463968759	C17H16N4O6	[M - H2O + H]+	MFNQOFZNJSMDPN	InChI=1S/C17H16N4O6/c1-20-13(22)10(14(23)21(2)17(20)26)12-11(18-16(25)19-12)8-4-6-9(7-5-8)15(24)27-3/h4-7,10H,1-3H3,(H2,18,19,25)	null	CN1C(=O)C(C(=O)N(C1=O)C)C2=C(NC(=O)N2)C3=CC=C(C=C3)C(=O)OC	-0.400000006	127253434	PubChem:(127253434);COCONUT:(CNP0347601)	2097154