structureRankPerFormula	formulaRank	ConfidenceScore	CSI:FingerIDScore	molecularFormula	adduct	InChIkey2D	InChI	name	smiles	xlogp	pubchemids	links	dbflags
1	1	0.21791985263406832	-121.82393802749789	C25H38O2	[M + Na]+	SCMAJJQBADBBSM	InChI=1S/C25H38O2/c1-5-6-13-25(4,27)22-10-9-20-19-8-7-17-16-18(26)11-14-23(17,2)21(19)12-15-24(20,22)3/h1,7,18-22,26-27H,6,8-16H2,2-4H3	(3alpha, 17beta)-17-(1-Hydroxy-1methylpent-4-ynyl)-androst-5-en-3-ol	CC12CCC3C(C1CCC2C(C)(CCC#C)O)CC=C4C3(CCC(C4)O)C	5.7283473	54765295;124518896;131668639;131699095	COCONUT:(CNP0244414);Training Set;PubChem:(54765295 124518896 131668639 131699095);PubMed;additional	2637890
2	1	N/A	-127.94074128108635	C25H38O2	[M + Na]+	FUDYGCNPEYKGHX	InChI=1S/C25H38O2/c1-15(2)18-8-9-24(4)10-11-25(5)13-19-16(3)12-21(27)22(19)17(14-26)6-7-20(25)23(18)24/h6,14,16,18-23,27H,1,7-13H2,2-5H3	Emericolin A	CC1CC(C2C1CC3(CCC4(CCC(C4C3CC=C2C=O)C(=C)C)C)C)O	6.5	6480207	COCONUT:(CNP0204833);Natural Products:(UNPD28559);PubChem:(6480207);SuperNatural:(SN00350153);PubMed	3178562
3	1	N/A	-130.01485618335292	C25H38O2	[M + Na]+	NTISSUBFZAIVDS	InChI=1S/C25H38O2/c1-16(26)25-11-5-4-6-18(25)15-22-20-8-7-17-14-19(27)9-12-23(17,2)21(20)10-13-24(22,25)3/h7,18-22,27H,4-6,8-15H2,1-3H3	Ambcb5586185	CC(=O)C12CCCCC1CC3C2(CCC4C3CC=C5C4(CCC(C5)O)C)C	5.5	1350846;1383911;1383912;2854334;7079809;7092579;11874336;11874337;11874338;11876074;16401460;42560447;42560449;124899393;124899394;135639233	COCONUT:(CNP0383561);PubChem:(1350846 1383911 1383912 2854334 7079809 7092579 11874336 11874337 11874338 11876074 16401460 42560447 42560449 124899393 124899394 135639233);SuperNatural:(SN00072120 SN00072119);ZINC bio:(ZINC04081319 ZINC04081320)	3153922
4	1	N/A	-132.23864175420618	C25H38O2	[M + Na]+	QNKOIQITFODMFG	InChI=1S/C25H38O2/c1-22(2)11-6-12-24(4)19(22)9-14-25(5)20-8-7-17(15-26)18(16-27)23(20,3)13-10-21(24)25/h7,15-16,18-21H,6,8-14H2,1-5H3	12-Deacetoxyscalaradial	CC1(CCCC2(C1CCC3(C2CCC4(C3CC=C(C4C=O)C=O)C)C)C)C	6.80000019	9976453;10451830;11406081;23427733	COCONUT:(CNP0246416);Natural Products:(UNPD166880);PubChem:(9976453 10451830 11406081 23427733);SuperNatural:(SN00235712);MeSH:(9976453);PubMed	3178566
5	1	N/A	-133.87392344662135	C25H38O2	[M + Na]+	HGUZQVROTZPVIT	InChI=1S/C25H38O2/c1-16(5-6-17(2)26)21-9-10-22-20-8-7-18-15-19(27)11-13-24(18,3)23(20)12-14-25(21,22)4/h5-7,16,19-23,27H,8-15H2,1-4H3	null	CC(C=CC(=O)C)C1CCC2C1(CCC3C2CC=C4C3(CCC(C4)O)C)C	5.5999999	23424810	COCONUT:(CNP0141367);Natural Products:(UNPD190395 UNPD64004);PubChem:(23424810);SuperNatural:(SN00330964 SN00312719)	3178498
6	1	N/A	-137.12035614449772	C25H38O2	[M + Na]+	DTOMDHDCRRDBTA	InChI=1S/C25H38O2/c1-17(2)20-12-14-25(5)16-15-24(4)13-11-18(3)7-6-8-19(23(26)27)9-10-21(24)22(20)25/h8,11,20-22H,1,6-7,9-10,12-16H2,2-5H3,(H,26,27)	null	CC1=CCC2(CCC3(CCC(C3C2CCC(=CCC1)C(=O)O)C(=C)C)C)C	6.87061691	""	COCONUT:(CNP0294498);Natural Products:(UNPD164366);SuperNatural:(SN00312751)	3178496
7	1	N/A	-138.6084176869865	C25H38O2	[M + Na]+	HXKFBPDJHKTBKT	InChI=1S/C25H38O2/c1-5-6-7-16(2)19-8-9-20-23-21(11-13-25(19,20)4)24(3)12-10-18(26)14-17(24)15-22(23)27/h15-16,18-23,26-27H,7-14H2,1-4H3	(3S,7S,8S,9S,10R,13R,14S,17R)-17-hex-4-yn-2-yl-10,13-dimethyl-2,3,4,7,8,9,11,12,14,15,16,17-dodecahydro-1H-cyclopenta[a]phenanthrene-3,7-diol	CC#CCC(C)C1CCC2C1(CCC3C2C(C=C4C3(CCC(C4)O)C)O)C	5.5999999	10948675;15521099	COCONUT:(CNP0322996);Natural Products:(UNPD84737);PubChem:(10948675 15521099);PubMed	2129986
8	1	N/A	-146.86049949541922	C25H38O2	[M + Na]+	JTMVWFPVJNHYAJ	InChI=1S/C25H38O2/c1-17(2)7-6-8-18(3)21-13-16-25-15-12-20(23(26)27)9-10-22(25)19(4)11-14-24(21,25)5/h7,12,18,21-22H,4,6,8-11,13-16H2,1-3,5H3,(H,26,27)	null	CC(CCC=C(C)C)C1CCC23C1(CCC(=C)C2CCC(=CC3)C(=O)O)C	7.4000001	72707119;72708997	COCONUT:(CNP0414528);Natural Products:(UNPD152733);PubChem:(72707119 72708997);SuperNatural:(SN00284162)	3178498
9	1	N/A	-160.526671118547	C25H38O2	[M + Na]+	CFTIGVMTUOJNLU	InChI=1S/C25H38O2/c1-19(2)7-6-15-24(17-26)22-12-10-20(3)8-5-9-21(4)11-13-23(24)25(16-14-22)18-27-25/h7,9-10,17,22-23H,5-6,8,11-16,18H2,1-4H3	null	CC1=CCCC(=CCC2CCC3(CO3)C(C2(CCC=C(C)C)C=O)CC1)C	5.0999999	76313685;102131372;139586459	COCONUT:(CNP0283574);Natural Products:(UNPD228018);PubChem:(76313685 102131372 139586459);PubMed	2129986
10	1	N/A	-163.5638578841637	C25H38O2	[M + Na]+	HSJVZKCDRVNGSG	InChI=1S/C25H38O2/c1-17(2)16-18(3)19-8-9-20-22(19,4)13-10-21-23(5)11-6-7-12-24(23)14-15-25(20,21)27-26-24/h14-16,18-21H,6-13H2,1-5H3	null	CC(C=C(C)C)C1CCC2C1(CCC3C24C=CC5(C3(CCCC5)C)OO4)C	6.9000001	44566504	COCONUT:(CNP0246163);PubChem:(44566504);PubMed	2097218
11	1	N/A	-163.58204633188802	C25H38O2	[M + Na]+	XXBPHKHKRDOYCF	InChI=1S/C25H38O2/c1-14(2)17-7-10-24(22(26)27)13-18-16(4)23(5)9-8-19-15(3)6-11-25(19,23)21(18)12-20(17)24/h14-15,17,19-21H,6-13H2,1-5H3,(H,26,27)	null	CC1CCC23C1CCC2(C(=C4C3CC5C(CCC5(C4)C(=O)O)C(C)C)C)C	6.30000019	139587074	PubChem:(139587074);COCONUT:(CNP0343556)	2097154
12	1	N/A	-164.52490135629927	C25H38O2	[M + Na]+	RLOJDPOJHFERLF	InChI=1S/C25H38O2/c1-16(7-6-8-19(4)24(26)27)21-13-14-25(5)15-22-18(3)9-11-20(22)17(2)10-12-23(21)25/h8,10,16,20-21,23H,6-7,9,11-15H2,1-5H3,(H,26,27)	null	CC1=C2CC3(CCC(C3CC=C(C2CC1)C)C(C)CCC=C(C)C(=O)O)C	6.19999981	15558597	COCONUT:(CNP0210384);Natural Products:(UNPD1917 UNPD108280 UNPD157824);PubChem:(15558597);SuperNatural:(SN00369472 SN00348154 SN00306106)	3178498
13	1	N/A	-169.2076956313459	C25H38O2	[M + Na]+	RBSYKCMZHUVTOE	InChI=1S/C25H38O2/c1-7-18(4)23(26)27-16-24(5)13-8-14-25(6)21-11-9-19(17(2)3)15-20(21)10-12-22(24)25/h7,10,15,17,21-22H,8-9,11-14,16H2,1-6H3	null	CC=C(C)C(=O)OCC1(CCCC2(C1CC=C3C2CCC(=C3)C(C)C)C)C	6.5999999	101915819	COCONUT:(CNP0330928);Natural Products:(UNPD95600);PubChem:(101915819);SuperNatural:(SN00332549)	3178498
14	1	N/A	-169.51874113616125	C25H38O2	[M + Na]+	YGVKQUJGWNEGIG	InChI=1S/C25H38O2/c1-16(2)8-7-9-17(3)21-13-15-25(6)22-11-10-20(23(26)27)18(4)19(22)12-14-24(21,25)5/h8,10,18-19,21-22H,3,7,9,11-15H2,1-2,4-6H3,(H,26,27)	null	CC1C2CCC3(C(CCC3(C2CC=C1C(=O)O)C)C(=C)CCC=C(C)C)C	6.65104532	""	COCONUT:(CNP0195008);Natural Products:(UNPD107077)	2129920
15	1	N/A	-171.46261913930525	C25H38O2	[M + Na]+	GTPDAZPJWLNUDK	InChI=1S/C25H38O2/c1-14(2)16-7-9-23(4)13-20-17(12-19(16)23)21(22(26)27)25-11-6-15(3)18(25)8-10-24(20,25)5/h14-16,18-20H,6-13H2,1-5H3,(H,26,27)	(3r,3as,5as,5bs,6ar,9s,9as)-3,5a,6a-trimethyl-9-(propan-2-yl)-2,3,3a,4,5,5a,5b,6,6a,7,8,9,9a,10-tetradecahydro-1h-pentaleno[1,6a-a]-s-indacene-11-carboxylic acid	CC1CCC23C1CCC2(C4CC5(CCC(C5CC4=C3C(=O)O)C(C)C)C)C	7.0999999	170283;12314899;132491281;137325964	COCONUT:(CNP0107545);Natural Products:(UNPD40194 UNPD5195);PubChem:(170283 12314899 132491281 137325964);SuperNatural:(SN00332350 SN00240085)	3178498
16	1	N/A	-173.24001048524445	C25H38O2	[M + Na]+	OZFUSVFBHIPUTK	InChI=1S/C25H38O2/c1-17(8-13-23(26)27-4)20-11-12-21-19-10-9-18-7-5-6-15-24(18,2)22(19)14-16-25(20,21)3/h5,7,14,16-22H,6,8-13,15H2,1-4H3	methyl 4-(10,13-dimethyl-2,5,6,7,8,9,14,15,16,17-decahydro-1H-cyclopenta[a]phenanthren-17-yl)pentanoate	CC(CCC(=O)OC)C1CCC2C1(C=CC3C2CCC4C3(CCC=C4)C)C	7.0999999	4117196;45048680;99572902;99572905;125029678;125035334;124421331;124421332;124427226;124427253	PubChem:(4117196 45048680 99572902 99572905 125029678 125035334 124421331 124421332 124427226 124427253);PubChem class - safety and toxic	67108866
17	1	N/A	-173.40400953388502	C25H38O2	[M + Na]+	DIQGDBNYBUYWHQ	InChI=1S/C25H38O2/c1-16(7-6-8-19(4)24(26)27)21-13-14-25(5)15-22-18(3)9-11-20(22)17(2)10-12-23(21)25/h8,10,16,20-23H,3,6-7,9,11-15H2,1-2,4-5H3,(H,26,27)	null	CC1=CCC2C(CCC2(CC3C1CCC3=C)C)C(C)CCC=C(C)C(=O)O	6.69999981	12302774	COCONUT:(CNP0264117);Natural Products:(UNPD139131);PubChem:(12302774);SuperNatural:(SN00349215)	3178498
18	1	N/A	-176.87991725760045	C25H38O2	[M + Na]+	AGTGBEMIMBKQTR	InChI=1S/C25H38O2/c1-16(2)8-10-20-14-21(19(6)24(26)27)12-13-25(7)22(11-9-18(20)5)15-23(25)17(3)4/h8,20-23H,3,5-6,9-15H2,1-2,4,7H3,(H,26,27)	Raoulic acid	CC(=CCC1CC(CCC2(C(CCC1=C)CC2C(=C)C)C)C(=C)C(=O)O)C	7.9000001	49771359	COCONUT:(CNP0198062);Natural Products:(UNPD183744);PubChem:(49771359);SuperNatural:(SN00390160);MeSH:(49771359);PubMed	3178566
19	1	N/A	-177.25354975281823	C25H38O2	[M + Na]+	HJOWIGBOCUVVEY	InChI=1S/C25H38O2/c1-19(2)9-6-12-22(5)23-17-15-20(3)10-7-13-24(25(26)27)14-8-11-21(4)16-18-23/h9-10,14,16,23H,5-8,11-13,15,17-18H2,1-4H3,(H,26,27)	null	CC1=CCCC(=CCCC(=CCC(CC1)C(=C)CCC=C(C)C)C)C(=O)O	7.0999999	131884238	COCONUT:(CNP0168903);Natural Products:(UNPD106265);PubChem:(131884238);SuperNatural:(SN00380373)	3178498
20	1	N/A	-177.25354975281823	C25H38O2	[M + Na]+	XDZVNBMUIGWTCQ	InChI=1S/C25H38O2/c1-19(2)9-6-13-22(5)23-16-15-21(4)11-7-10-20(3)12-8-14-24(18-17-23)25(26)27/h9,11-12,18,23H,5-8,10,13-17H2,1-4H3,(H,26,27)	null	CC1=CCCC(=CCC(CCC(=CCC1)C)C(=C)CCC=C(C)C)C(=O)O	7.0999999	90475686	COCONUT:(CNP0269207);Natural Products:(UNPD26131);PubChem:(90475686);SuperNatural:(SN00244062)	3178498
21	1	N/A	-177.81847761269512	C25H38O2	[M + Na]+	JHDGZPSFHYZDNF	InChI=1S/C25H38O2/c1-3-5-19-7-11-21(12-8-19)22-13-15-23(16-14-22)25(26)27-24-17-9-20(6-4-2)10-18-24/h9-10,17-19,21-23H,3-8,11-16H2,1-2H3	(4-propylphenyl) 4-(4-propylcyclohexyl)cyclohexane-1-carboxylate	CCCC1CCC(CC1)C2CCC(CC2)C(=O)OC3=CC=C(C=C3)CCC	8.89999962	14473337	NORMAN:(NS00040519);PubChem class - safety and toxic;PubChem:(14473337)	67371010
22	1	N/A	-179.0440397342613	C25H38O2	[M + Na]+	FSKFLBQJBSQQKA	InChI=1S/C25H38O2/c1-17(2)20-12-16-25(5)21(20)13-15-24(4)14-11-19(23(26)27)8-6-7-18(3)9-10-22(24)25/h7,11,20-22H,1,6,8-10,12-16H2,2-5H3,(H,26,27)	null	CC1=CCCC(=CCC2(CCC3C(CCC3(C2CC1)C)C(=C)C)C)C(=O)O	7.5	71440333;90475870;102515493;102515494	COCONUT:(CNP0285136);Natural Products:(UNPD154497);PubChem:(71440333 90475870 102515493 102515494);SuperNatural:(SN00336831);PubChem class - bio and metabolites;MeSH:(102515493 102515494);KEGG:(C21704);PubMed;Biocyc:(CPD-18556)	19958086
23	1	N/A	-179.98641643889783	C25H38O2	[M + Na]+	MQBDHUKRLXQNQC	InChI=1S/C25H38O2/c1-19(2)9-6-13-22(5)23-16-15-21(4)11-7-10-20(3)12-8-14-24(18-17-23)25(26)27/h9,11-13,18,23H,6-8,10,14-17H2,1-5H3,(H,26,27)	1,7,11-Cyclotetradecatriene-1-carboxylicacid, 4-[(1E)-1,5-dimethyl-1,4-hexadien-1-yl]-7,11-dimethyl-, (1E,4R,7E,11E)-	CC1=CCCC(=CCC(CCC(=CCC1)C)C(=CCC=C(C)C)C)C(=O)O	7.0999999	71405140;101967174	COCONUT:(CNP0178582);Natural Products:(UNPD96522);PubChem:(71405140 101967174)	2129922
24	1	N/A	-179.98641643889783	C25H38O2	[M + Na]+	LXXOWRXRMRYPKN	InChI=1S/C25H38O2/c1-19(2)9-6-12-22(5)23-17-15-20(3)10-7-13-24(25(26)27)14-8-11-21(4)16-18-23/h9-10,12,14,16,23H,6-8,11,13,15,17-18H2,1-5H3,(H,26,27)	null	CC1=CCCC(=CCCC(=CCC(CC1)C(=CCC=C(C)C)C)C)C(=O)O	7.51158381	""	COCONUT:(CNP0112585);Natural Products:(UNPD29457);SuperNatural:(SN00281103)	3178496
25	1	N/A	-182.5248794103583	C25H38O2	[M + Na]+	ZUBDXGHKAAMAAA	InChI=1S/C25H38O2/c1-23-13-10-19(27-18-6-4-5-7-18)16-17(23)8-9-20-21(23)11-14-24(2)22(20)12-15-25(24,3)26/h8,16,18,20-22,26H,4-7,9-15H2,1-3H3	Pandrocine	CC12CCC(=CC1=CCC3C2CCC4(C3CCC4(C)O)C)OC5CCCC5	5.5999999	6217;20054971;22186127	NORMAN:(NS00041188);COCONUT:(CNP0157233);PubChem:(6217 20054971 22186127);CHEBI:(135567)	2359330
26	1	N/A	-201.22260261560126	C25H38O2	[M + Na]+	PJPBVOAEXHKPAB	InChI=1S/C25H38O2/c1-7-8-9-10-13-24(3,4)18-15-21(26)23-19-14-17(2)11-12-20(19)25(5,6)27-22(23)16-18/h11,15-16,19-20,26H,7-10,12-14H2,1-6H3	(6aS,10aS)-6,6,9-trimethyl-3-(2-methyloctan-2-yl)-6a,7,10,10a-tetrahydrobenzo[c]chromen-1-ol	CCCCCCC(C)(C)C1=CC(=C2C3CC(=CCC3C(OC2=C1)(C)C)C)O	7.69999981	194130;10474333;23786463;24096428;56942518;68315152	MeSH:(194130);PubChem:(194130 10474333 23786463 24096428 56942518 68315152);PubMed	70
27	1	N/A	-206.80320642949576	C25H38O2	[M + Na]+	SKWPMUSILJABEC	InChI=1S/C25H38O2/c1-3-5-6-7-8-9-10-11-12-13-14-15-16-17-18-19-20-21-22-23-24-25(26)27-4-2/h17-20H,3-5,8-16,23-24H2,1-2H3	null	CCCC#CCCCCCCCCCC=CC=CC#CCCC(=O)OCC	8.32721329	""	COCONUT:(CNP0180178);Natural Products:(UNPD184109)	2129920
28	1	N/A	-210.26477015509514	C25H38O2	[M + Na]+	KKLLBIFNYVWKON	InChI=1S/C25H38O2/c1-15(2)18-8-9-23(4)10-11-24(5)13-19-16(3)12-25(26)21(19)17(14-27-25)6-7-20(24)22(18)23/h6,16,18-22,26H,1,7-14H2,2-5H3	Variecolol	CC1CC2(C3C1CC4(CCC5(CCC(C5C4CC=C3CO2)C(=C)C)C)C)O	6.19999981	6480206;10666879;133701334	COCONUT:(CNP0173771);KNApSAcK:(32473);Natural Products:(UNPD100460);PubChem:(6480206 10666879 133701334);SuperNatural:(SN00330360);MeSH:(6480206);PubMed	3178582
29	1	N/A	-214.20840254859115	C25H38O2	[M + Na]+	XOZQPDXSJUBMOT	InChI=1S/C25H38O2/c1-7-8-9-11-16(2)18(4)19-14-21(26)24-22(15-19)27-25(5,6)20-13-10-12-17(3)23(20)24/h14-18,26H,7-13H2,1-6H3	5-17-04-00438 (Beilstein Handbook Reference)	CCCCCC(C)C(C)C1=CC(=C2C(=C1)OC(C3=C2C(CCC3)C)(C)C)O	7.4000001	3045010	PubChem class - safety and toxic;PubChem:(3045010);PubMed	67108930
30	1	N/A	-217.38898193493293	C25H38O2	[M + Na]+	XAUNJOUEWQWLCP	InChI=1S/C25H38O2/c1-7-8-9-10-17(3)18(4)19-14-22(26)24-20-13-16(2)11-12-21(20)25(5,6)27-23(24)15-19/h11,14-15,17-18,20-21,26H,7-10,12-13H2,1-6H3	delta(8)-Thc-dmh	CCCCCC(C)C(C)C1=CC(=C2C3CC(=CCC3C(OC2=C1)(C)C)C)O	7.4000001	3032800;24066921;44311228;44370184	MeSH:(3032800);PubChem:(3032800 24066921 44311228 44370184);PubMed	70
31	1	N/A	-217.99202869563203	C25H38O2	[M + Na]+	NSOLOFCWLXZPAF	InChI=1S/C25H38O2/c1-20(2)10-6-11-21(3)12-7-13-22(4)14-8-15-23(5)16-9-17-24-18-25(26)27-19-24/h10,12,14,16,18H,6-9,11,13,15,17,19H2,1-5H3	null	CC(=CCCC(=CCCC(=CCCC(=CCCC1=CC(=O)OC1)C)C)C)C	7.5999999	10090584	COCONUT:(CNP0362955);Natural Products:(UNPD102406);PubChem:(10090584);SuperNatural:(SN00281231)	3178498
32	1	N/A	-221.5165091332326	C25H38O2	[M + Na]+	NBBNVTWUGVPAOI	InChI=1S/C25H38O2/c1-6-7-8-9-10-11-18(3)19-15-22(26)24-20-14-17(2)12-13-21(20)25(4,5)27-23(24)16-19/h15-18,26H,6-14H2,1-5H3	Methyloctylpyran	CCCCCCCC(C)C1=CC(=C2C3=C(CCC(C3)C)C(OC2=C1)(C)C)O	7.5999999	36812	PubChem:(36812);PubChem class - safety and toxic	67108866
33	1	N/A	-221.92610582513421	C25H38O2	[M + Na]+	MPJURNPNPDQYSY	InChI=1S/C25H38O2/c1-7-8-9-10-13-25(5,6)19-15-22(26)24(23(27)16-19)21-14-18(4)11-12-20(21)17(2)3/h14-16,20-21,26-27H,2,7-13H2,1,3-6H3	5-(1,1-Dimethylheptyl)cannabidiol	CCCCCCC(C)(C)C1=CC(=C(C(=C1)O)C2C=C(CCC2C(=C)C)C)O	8.5	126670;9799539;21120736;45073426;93532993;102302737	MeSH:(126670);PubChem:(126670 9799539 21120736 45073426 93532993 102302737);PubMed	70
34	1	N/A	-226.87809927224458	C25H38O2	[M + Na]+	QBEFIFWEOSUTKV	InChI=1S/C25H38O2/c1-7-8-9-10-17(3)18(4)19-14-22(26)24-20-13-16(2)11-12-21(20)25(5,6)27-23(24)15-19/h14-18,26H,7-13H2,1-6H3	Abbott 40824	CCCCCC(C)C(C)C1=CC(=C2C3=C(CCC(C3)C)C(OC2=C1)(C)C)O	7.30000019	36276;92135679;92135680;92135681;92135682;92135683;92135684;92135685;92135686	MeSH:(36276);PubChem class - safety and toxic;PubChem:(36276 92135679 92135680 92135681 92135682 92135683 92135684 92135685 92135686);PubMed	67108934
35	1	N/A	-237.3993805339727	C25H38O2	[M + Na]+	JNEMQZQEAUFPOT	InChI=1S/C25H38O2/c1-19(11-7-13-22-16-18-27-24(22)26)9-6-10-20(2)14-15-23-21(3)12-8-17-25(23,4)5/h10-11,16H,6-9,12-15,17-18H2,1-5H3	null	CC1=C(C(CCC1)(C)C)CCC(=CCCC(=CCCC2=CCOC2=O)C)C	7.0	10714247	COCONUT:(CNP0416385);Natural Products:(UNPD57499);PubChem:(10714247);SuperNatural:(SN00338656);PubMed	3178562
36	1	N/A	-238.43111363473747	C25H38O2	[M + Na]+	WHYDZULPKRRAKT	InChI=1S/C25H38O2/c1-19(11-7-13-22-17-24(26)27-18-22)9-6-10-20(2)14-15-23-21(3)12-8-16-25(23,4)5/h10-11,17,23H,3,6-9,12-16,18H2,1-2,4-5H3	null	CC(=CCCC1=CC(=O)OC1)CCC=C(C)CCC2C(=C)CCCC2(C)C	7.0999999	10248615	COCONUT:(CNP0135567);Natural Products:(UNPD32859);PubChem:(10248615);SuperNatural:(SN00315548)	3178498
37	1	N/A	-246.98564646487335	C25H38O2	[M + Na]+	QKFVAMNZQMXWPV	InChI=1S/C25H38O2/c1-19(11-7-14-23-17-24(26)27-18-23)9-6-10-20(2)15-16-25(5)21(3)12-8-13-22(25)4/h10-12,17,22H,6-9,13-16,18H2,1-5H3	null	CC1CCC=C(C1(C)CCC(=CCCC(=CCCC2=CC(=O)OC2)C)C)C	7.0	10451831	COCONUT:(CNP0266906);Natural Products:(UNPD95310);PubChem:(10451831);SuperNatural:(SN00311121)	3178498
38	1	N/A	-247.06376324469218	C25H38O2	[M + Na]+	KGLSSBJCYUTCKF	InChI=1S/C25H38O2/c1-22(2)10-5-11-25(16-26)19(22)8-13-24(4)20-7-6-17-14-27-15-18(17)23(20,3)12-9-21(24)25/h14-15,19-21,26H,5-13,16H2,1-4H3	null	CC1(CCCC2(C1CCC3(C2CCC4(C3CCC5=COC=C54)C)C)CO)C	7.0999999	25158953	COCONUT:(CNP0138534);Natural Products:(UNPD6062);PubChem:(25158953);SuperNatural:(SN00393269);PubMed	3178562
39	1	N/A	-251.22083970987015	C25H38O2	[M + Na]+	RTKUCVAYNSXMMS	InChI=1S/C25H38O2/c1-8-9-10-11-16(2)17(3)18-12-21(26)23-19-14-24(4,5)15-20(19)25(6,7)27-22(23)13-18/h12-13,16-17,26H,8-11,14-15H2,1-7H3	2,2,4,4-tetramethyl-7-(3-methyloctan-2-yl)-1,3-dihydrocyclopenta[c]chromen-9-ol	CCCCCC(C)C(C)C1=CC(=C2C3=C(CC(C3)(C)C)C(OC2=C1)(C)C)O	7.19999981	3043681	PubChem class - safety and toxic;PubChem:(3043681);PubMed	67108930
40	1	N/A	-266.53437364214795	C25H38O2	[M + Na]+	ASJAOJGETFTZHI	InChI=1S/C25H38O2/c26-23-19-17-15-13-11-9-7-5-3-1-2-4-6-8-10-12-14-16-18-21-25-22-20-24-27-25/h20,22,24,26H,1-5,7,9,11,13-19,21,23H2	14,16-Heneicosadiyn-1-ol, 21-(2-furanyl)-	C1=COC(=C1)CCCCC#CC#CCCCCCCCCCCCCCO	8.5	11639293	COCONUT:(CNP0078078);PubChem:(11639293);PubMed	2097218
41	1	N/A	-267.69330524388505	C25H38O2	[M + Na]+	ILBLNWRALCTWGL	InChI=1S/C25H38O2/c1-3-4-5-6-7-8-9-10-11-18-19-14-15-20-21(25(26)27-2)13-12-17-16-22(18)24(19)23(17)20/h12-15,17-24H,3-11,16H2,1-2H3	null	CCCCCCCCCCC1C2CC3C=CC(C4C3C2C1C=C4)C(=O)OC	8.0	25208127;102283172	COCONUT:(CNP0311696);KNApSAcK:(47225);Natural Products:(UNPD69820);PubChem:(25208127 102283172);SuperNatural:(SN00323125)	3178514
42	1	N/A	-275.9374545818574	C25H38O2	[M + Na]+	UDGNYLDZHGKWLT	InChI=1S/C25H38O2/c1-22(2)10-6-11-23(3)18(22)9-12-24(4)19-8-7-16-14-27-15-17(16)25(19,5)21(26)13-20(23)24/h14-15,18-21,26H,6-13H2,1-5H3	12-O-Deacetylscalarafuran	CC1(CCCC2(C1CCC3(C2CC(C4(C3CCC5=COC=C54)C)O)C)C)C	7.19999981	639668;21777005;22298195;22298196;54764404;53497161;101955062	COCONUT:(CNP0400909);Natural Products:(UNPD99214);PubChem:(639668 21777005 22298195 22298196 54764404 53497161 101955062);SuperNatural:(SN00298871);MeSH:(639668);PubMed	3178566
43	1	N/A	-294.4455492366411	C25H38O2	[M + Na]+	KKVVRYFZFGBRPM	InChI=1S/C25H38O2/c1-2-3-4-5-6-7-8-9-10-11-12-13-14-15-16-17-18-19-23-20-24(26)22-25(27)21-23/h3-4,6-7,9-10,20-22,26-27H,2,5,8,11-19H2,1H3	null	CCC=CCC=CCC=CCCCCCCCCCC1=CC(=CC(=C1)O)O	8.89999962	53357975	COCONUT:(CNP0133082);PubChem:(53357975);PubMed	2097218