structureRankPerFormula	formulaRank	ConfidenceScore	CSI:FingerIDScore	molecularFormula	adduct	InChIkey2D	InChI	name	smiles	xlogp	pubchemids	links	dbflags
1	1	0.4024069615966814	-41.401779920635995	C17H32O11	[M - H2O + H]+	PPIXDGFHKZNFOD	InChI=1S/C17H32O11/c1-7(2)3-4-25-16-14(23)13(22)11(20)9(28-16)6-26-17-15(24)12(21)10(19)8(5-18)27-17/h7-24H,3-6H2,1-2H3	null	CC(C)CCOC1C(C(C(C(O1)COC2C(C(C(C(O2)CO)O)O)O)O)O)O	-2.5	101995872;131753153;134458201	COCONUT:(CNP0263485);HMDB:(41512);Natural Products:(UNPD179627);PubChem:(101995872 131753153 134458201);PubChem class - bio and metabolites	18907146
2	1	N/A	-56.846474898873986	C17H32O11	[M - H2O + H]+	WROROBRYYDAXSF	InChI=1S/C17H32O11/c1-2-3-4-5-25-16-14(24)12(22)15(9(7-19)27-16)28-17-13(23)11(21)10(20)8(6-18)26-17/h8-24H,2-7H2,1H3	null	CCCCCOC1C(C(C(C(O1)CO)OC2C(C(C(C(O2)CO)O)O)O)O)O	-2.4000001	71563405;101260561	PubChem:(71563405 101260561);PubChem class - bio and metabolites	16777218
3	1	N/A	-58.21112415322789	C17H32O11	[M - H2O + H]+	VLRGBWXSYFMTKJ	InChI=1S/C17H32O11/c1-7(2)3-4-25-17-15(13(23)11(21)9(6-19)27-17)28-16-14(24)12(22)10(20)8(5-18)26-16/h7-24H,3-6H2,1-2H3	null	CC(C)CCOC1C(C(C(C(O1)CO)O)O)OC2C(C(C(C(O2)CO)O)O)O	-2.0	10341593	COCONUT:(CNP0298305);Natural Products:(UNPD21668);PubChem:(10341593)	2129922
4	1	N/A	-58.70693621558529	C17H32O11	[M - H2O + H]+	BMRVKYAUKKSGNJ	InChI=1S/C17H32O11/c1-2-3-4-5-25-17-15(13(23)11(21)9(7-19)27-17)28-16-14(24)12(22)10(20)8(6-18)26-16/h8-24H,2-7H2,1H3	null	CCCCCOC1C(C(C(C(O1)CO)O)O)OC2C(C(C(C(O2)CO)O)O)O	-1.99839926	""	COCONUT:(CNP0336009);Natural Products:(UNPD213595)	2129920
5	1	N/A	-124.82433294966941	C17H32O11	[M - H2O + H]+	WHJKCPTVEYZNOG	InChI=1S/C17H32O11/c1-21-7-9-13(14(23-3)15(24-4)17(25-5)27-9)28-16-11(20)10(19)12(22-2)8(6-18)26-16/h8-20H,6-7H2,1-5H3	Cellogel	COCC1C(C(C(C(O1)OC)OC)OC)OC2C(C(C(C(O2)CO)OC)O)O	-2.5999999	6850753	HSDB:(9004-67-5);PubChem class - safety and toxic;PubChem:(6850753);PubChem class - drug	100663810
1	1	N/A	-58.62797381924428	C17H30O10	[M + H]+	NVTNXPADRDASMP	InChI=1S/C17H30O10/c1-2-3-4-5-6-24-17-15(23)13(21)12(20)10(27-17)8-26-16-14(22)11(19)9(18)7-25-16/h3-4,9-23H,2,5-8H2,1H3	Aoba alcohol xylopyranosyl-(1-6)-glucopyranoside	CCC=CCCOC1C(C(C(C(O1)COC2C(C(C(CO2)O)O)O)O)O)O	-2.4000001	6507054;6444012;11560275;102358960;131751183	COCONUT:(CNP0152763);HMDB:(31690);Natural Products:(UNPD178983);PubChem:(6507054 6444012 11560275 102358960 131751183);SuperNatural:(SN00359125);additional;PubChem class - bio and metabolites;MeSH:(6444012 131751183);Training Set;PubMed	20496462
2	1	N/A	-74.04840371485093	C17H30O10	[M + H]+	YVFRKAACLWNICN	InChI=1S/C17H30O10/c1-2-3-4-5-6-24-17-15(23)13(21)12(20)10(27-17)8-26-16-14(22)11(19)9(18)7-25-16/h4-5,9-23H,2-3,6-8H2,1H3	null	CCCC=CCOC1C(C(C(C(O1)COC2C(C(C(CO2)O)O)O)O)O)O	-2.29999995	101852026	COCONUT:(CNP0130123);Natural Products:(UNPD71040);PubChem:(101852026);SuperNatural:(SN00286226)	3178498
3	1	N/A	-91.59270703490867	C17H30O10	[M + H]+	BNFFXQFOYCHESC	InChI=1S/C17H30O10/c1-2-3-4-5-6-24-15-13(21)12(20)11(19)10(27-15)7-25-16-14(22)17(23,8-18)9-26-16/h3-4,10-16,18-23H,2,5-9H2,1H3	null	CCC=CCCOC1C(C(C(C(O1)COC2C(C(CO2)(CO)O)O)O)O)O	-2.0999999	102034265	COCONUT:(CNP0203800);Natural Products:(UNPD195257);PubChem:(102034265);SuperNatural:(SN00343759)	3178498
4	1	N/A	-100.37493532008017	C17H30O10	[M + H]+	MOOXSHZEQJWTJN	InChI=1S/C17H30O10/c1-2-3-4-5-6-24-17-15(11(20)9(19)8-25-17)27-16-14(23)13(22)12(21)10(7-18)26-16/h4-5,9-23H,2-3,6-8H2,1H3	(2S,3R,4S,5S,6R)-2-[(2S,3R,4S,5S)-2-[(E)-hex-2-enoxy]-4,5-dihydroxyoxan-3-yl]oxy-6-(hydroxymethyl)oxane-3,4,5-triol	CCCC=CCOC1C(C(C(CO1)O)O)OC2C(C(C(C(O2)CO)O)O)O	-1.70000005	11968591;21550385	COCONUT:(CNP0123513);Natural Products:(UNPD150907);PubChem:(11968591 21550385);SuperNatural:(SN00166549)	3178498
5	1	N/A	-110.8592440606358	C17H30O10	[M + H]+	OQGARELXIIUCLH	InChI=1S/C17H30O10/c1-7(2)4-5-24-16-14(23)12(21)15(9(6-18)26-16)27-17-13(22)11(20)10(19)8(3)25-17/h8-23H,1,4-6H2,2-3H3	null	CC1C(C(C(C(O1)OC2C(OC(C(C2O)O)OCCC(=C)C)CO)O)O)O	-2.0	38355137	COCONUT:(CNP0065823);PubChem:(38355137);SuperNatural:(SN00029290);ZINC bio:(ZINC31162155)	3153922
6	1	N/A	-121.46228378521924	C17H30O10	[M + H]+	SFLYHLDZSLIEMY	InChI=1S/C17H30O10/c1-2-3-4-5-6-24-17-15(13(22)12(21)10(7-18)26-17)27-16-14(23)11(20)9(19)8-25-16/h3-4,9-23H,2,5-8H2,1H3	null	CCC=CCCOC1C(C(C(C(O1)CO)O)O)OC2C(C(C(CO2)O)O)O	-1.79999995	53248222	COCONUT:(CNP0255685);Natural Products:(UNPD193364);PubChem:(53248222);SuperNatural:(SN00345106)	3178498