structureRankPerFormula	formulaRank	ConfidenceScore	CSI:FingerIDScore	molecularFormula	adduct	InChIkey2D	InChI	name	smiles	xlogp	pubchemids	links	dbflags
1	1	0.15658557628326786	-15.141852082115532	C37H66O5	[M + Na]+	DWHZDPQGFGYFRB	InChI=1S/C37H66O5/c1-3-5-7-9-11-13-15-16-17-18-19-20-22-23-25-27-29-31-36(39)41-34-35(33-38)42-37(40)32-30-28-26-24-21-14-12-10-8-6-4-2/h10-13,16-17,35,38H,3-9,14-15,18-34H2,1-2H3	Diacylglycerol(20:2/14:1)	CCCCCC=CCC=CCCCCCCCCCC(=O)OCC(CO)OC(=O)CCCCCCCC=CCCCC	12.6000004	53478220;134728262	COCONUT:(CNP0165708);HMDB:(7415);PubChem:(53478220 134728262);SuperNatural:(SN00217250);YMDB Mine;CHEBI:(89033);PubChem class - bio and metabolites;Lipid:(DG(16:0_18:3))	38674628650
2	1	N/A	-15.141852082115532	C37H66O5	[M + Na]+	YMQRUULVAHFQLL	InChI=1S/C37H66O5/c1-3-5-7-9-11-13-15-16-17-18-19-20-22-24-26-28-30-32-37(40)42-35(33-38)34-41-36(39)31-29-27-25-23-21-14-12-10-8-6-4-2/h10-13,16-17,35,38H,3-9,14-15,18-34H2,1-2H3	Diacylglycerol(14:1/20:2)	CCCCCC=CCC=CCCCCCCCCCC(=O)OC(CO)COC(=O)CCCCCCCC=CCCCC	12.6000004	53477986;134781811;138306305	COCONUT:(CNP0374217);HMDB:(7051);PubChem:(53477986 134781811 138306305);SuperNatural:(SN00216891);YMDB Mine;CHEBI:(88723);PubChem class - bio and metabolites;Lipid:(DG(16:0_18:3))	38674628650
3	1	N/A	-18.068824814949	C37H66O5	[M + Na]+	BHGPPCIWDXQOMA	InChI=1S/C37H66O5/c1-3-5-7-9-11-13-15-17-18-20-22-24-26-28-30-32-37(40)42-35(33-38)34-41-36(39)31-29-27-25-23-21-19-16-14-12-10-8-6-4-2/h11,13-14,16-18,35,38H,3-10,12,15,19-34H2,1-2H3	Diacylglycerol(16:1/18:2)	CCCCCCC=CCCCCCCCC(=O)OCC(CO)OC(=O)CCCCCCCC=CCC=CCCCCC	12.6000004	9543699;14275386;134720951	COCONUT:(CNP0070650);HMDB:(7132);PubChem:(9543699 14275386 134720951);SuperNatural:(SN00216971);YMDB Mine;CHEBI:(84419);additional;PubChem class - bio and metabolites;Training Set;Lipid:(DG(16:0_18:3))	38675169322
4	1	N/A	-18.068824814949	C37H66O5	[M + Na]+	DPGMZDAWGDNYKG	InChI=1S/C37H66O5/c1-3-5-7-9-11-13-15-17-18-20-21-23-25-27-29-31-36(39)41-34-35(33-38)42-37(40)32-30-28-26-24-22-19-16-14-12-10-8-6-4-2/h11,13-14,16-18,35,38H,3-10,12,15,19-34H2,1-2H3	Diacylglycerol(18:2/16:1)	CCCCCCC=CCCCCCCCC(=O)OC(CO)COC(=O)CCCCCCCC=CCC=CCCCCC	12.6000004	53478102;117846360;117846747;134727516	COCONUT:(CNP0084470);HMDB:(7244);PubChem:(53478102 117846360 117846747 134727516);SuperNatural:(SN00217080);YMDB Mine;CHEBI:(89208);PubChem class - bio and metabolites;Lipid:(DG(16:0_18:3))	38674628650
5	1	N/A	-18.306277553537363	C37H66O5	[M + Na]+	RSSYCPWLZRHABI	InChI=1S/C37H66O5/c1-3-5-7-9-11-13-15-17-18-20-21-23-25-27-29-31-36(39)41-34-35(33-38)42-37(40)32-30-28-26-24-22-19-16-14-12-10-8-6-4-2/h5,7,11,13,17-18,35,38H,3-4,6,8-10,12,14-16,19-34H2,1-2H3	Diacylglycerol(18:3n3/16:0)	CCCCCCCCCCCCCCCC(=O)OC(CO)COC(=O)CCCCCCCC=CCC=CCC=CCC	12.8000002	54283905;53478143;88619402;102241524;134765038	COCONUT:(CNP0084451);HMDB:(7301);PubChem:(54283905 53478143 88619402 102241524 134765038);SuperNatural:(SN00217136);YMDB Mine;CHEBI:(89259);PubChem class - bio and metabolites;Lipid:(DG(16:0_18:3))	38674628650
6	1	N/A	-18.306277553537363	C37H66O5	[M + Na]+	UHPKYXAUVQOHQL	InChI=1S/C37H66O5/c1-3-5-7-9-11-13-15-17-18-20-22-24-26-28-30-32-37(40)42-35(33-38)34-41-36(39)31-29-27-25-23-21-19-16-14-12-10-8-6-4-2/h5,7,11,13,17-18,35,38H,3-4,6,8-10,12,14-16,19-34H2,1-2H3	Diacylglycerol(16:0/18:3n3)	CCCCCCCCCCCCCCCC(=O)OCC(CO)OC(=O)CCCCCCCC=CCC=CCC=CCC	12.8000002	9543700;14275388;102241525;134770300	COCONUT:(CNP0111780);HMDB:(7105);PubChem:(9543700 14275388 102241525 134770300);SuperNatural:(SN00216944);YMDB Mine;CHEBI:(88449);PubChem class - bio and metabolites;Lipid:(DG(16:0_18:3))	38674628650
7	1	N/A	-20.895504466554964	C37H66O5	[M + Na]+	UENDWBHWDOWHFT	InChI=1S/C37H66O5/c1-3-5-7-9-11-13-15-16-17-18-19-20-22-23-25-27-29-31-36(39)41-34-35(33-38)42-37(40)32-30-28-26-24-21-14-12-10-8-6-4-2/h11,13,16-17,19-20,35,38H,3-10,12,14-15,18,21-34H2,1-2H3	Diacylglycerol(20:3n6/14:0)	CCCCCCCCCCCCCC(=O)OC(CO)COC(=O)CCCCCCC=CCC=CCC=CCCCCC	12.8000002	53478267;134769917	COCONUT:(CNP0098336);HMDB:(7472);PubChem:(53478267 134769917);SuperNatural:(SN00217307);YMDB Mine;CHEBI:(89790);PubChem class - bio and metabolites;Lipid:(DG(16:0_18:3))	38674628650
8	1	N/A	-23.183244357305185	C37H66O5	[M + Na]+	MIOCZRAJMXIEKP	InChI=1S/C37H66O5/c1-3-5-7-9-11-13-15-16-17-18-19-20-22-24-26-28-30-32-37(40)42-35(33-38)34-41-36(39)31-29-27-25-23-21-14-12-10-8-6-4-2/h11,13,16-17,19-20,35,38H,3-10,12,14-15,18,21-34H2,1-2H3	Diacylglycerol(14:0/20:3n6)	CCCCCCCCCCCCCC(=O)OCC(CO)OC(=O)CCCCCCC=CCC=CCC=CCCCCC	12.8000002	53477959;134749592	COCONUT:(CNP0414313);HMDB:(7024);PubChem:(53477959 134749592);SuperNatural:(SN00216865);YMDB Mine;CHEBI:(88805);PubChem class - bio and metabolites;Lipid:(DG(16:0_18:3))	38674628650
9	1	N/A	-23.283718565563483	C37H66O5	[M + Na]+	NFVDEXJHCNKRNB	InChI=1S/C37H66O5/c1-3-5-7-9-11-13-15-17-18-20-21-23-25-27-29-31-36(39)41-34-35(33-38)42-37(40)32-30-28-26-24-22-19-16-14-12-10-8-6-4-2/h11,13,17-18,21,23,35,38H,3-10,12,14-16,19-20,22,24-34H2,1-2H3	Diacylglycerol(18:3n6/16:0)	CCCCCCCCCCCCCCCC(=O)OC(CO)COC(=O)CCCCC=CCC=CCC=CCCCCC	12.8000002	53478115	COCONUT:(CNP0084507);HMDB:(7272);PubChem:(53478115);SuperNatural:(SN00217107);YMDB Mine;CHEBI:(89164);PubChem class - bio and metabolites;Lipid:(DG(16:0_18:3))	38674628650
10	1	N/A	-25.571458456313717	C37H66O5	[M + Na]+	YFBCIDURFTWKDQ	InChI=1S/C37H66O5/c1-3-5-7-9-11-13-15-17-18-20-22-24-26-28-30-32-37(40)42-35(33-38)34-41-36(39)31-29-27-25-23-21-19-16-14-12-10-8-6-4-2/h11,13,17-18,22,24,35,38H,3-10,12,14-16,19-21,23,25-34H2,1-2H3	Diacylglycerol(16:0/18:3n6)	CCCCCCCCCCCCCCCC(=O)OCC(CO)OC(=O)CCCCC=CCC=CCC=CCCCCC	12.8000002	14275390	COCONUT:(CNP0230309);HMDB:(7104);PubChem:(14275390);SuperNatural:(SN00216943);YMDB Mine;CHEBI:(88453);PubChem class - bio and metabolites;Lipid:(DG(16:0_18:3))	38674628650
11	1	N/A	-39.933158221693695	C37H66O5	[M + Na]+	MYAYLXFSVQLRHH	InChI=1S/C37H66O5/c1-3-5-7-9-11-13-15-17-18-20-22-24-26-28-30-32-37(40)42-34-35(38)33-41-36(39)31-29-27-25-23-21-19-16-14-12-10-8-6-4-2/h5,7,11,13,17-18,35,38H,3-4,6,8-10,12,14-16,19-34H2,1-2H3	null	CCCCCCCCCCCCCCCC(=O)OCC(COC(=O)CCCCCCCC=CCC=CCC=CCC)O	12.8000002	131801752	PubChem:(131801752);HMDB:(56030)	10
12	1	N/A	-41.00964369406215	C37H66O5	[M + Na]+	LOWZJYQDLAZBBH	InChI=1S/C37H66O5/c1-3-5-7-9-11-13-15-16-17-18-19-20-22-24-26-28-30-32-37(40)42-35(33-38)34-41-36(39)31-29-27-25-23-21-14-12-10-8-6-4-2/h16-17,19-20,24,26,35,38H,3-15,18,21-23,25,27-34H2,1-2H3	Diacylglycerol(14:0/20:3n9)	CCCCCCCCCCCCCC(=O)OCC(CO)OC(=O)CCCC=CCC=CCC=CCCCCCCCC	12.8000002	53477958	COCONUT:(CNP0084734);HMDB:(7023);PubChem:(53477958);SuperNatural:(SN00216864);YMDB Mine;CHEBI:(88794);PubChem class - bio and metabolites;Lipid:(DG(16:0_18:3))	38674628650
13	1	N/A	-42.52238513471134	C37H66O5	[M + Na]+	UETLCEGLKUNBHB	InChI=1S/C37H66O5/c1-3-5-7-9-11-13-15-16-17-18-19-20-22-24-26-28-30-32-37(40)42-34-35(38)33-41-36(39)31-29-27-25-23-21-14-12-10-8-6-4-2/h11,13,16-17,19-20,35,38H,3-10,12,14-15,18,21-34H2,1-2H3	null	CCCCCCCCCCCCCC(=O)OCC(COC(=O)CCCCCCC=CCC=CCC=CCCCCC)O	12.8000002	131801702	PubChem:(131801702);HMDB:(55970)	10
14	1	N/A	-44.454536068881836	C37H66O5	[M + Na]+	ZFKRQJCZVAAEOD	InChI=1S/C37H66O5/c1-3-5-7-9-11-13-15-16-17-18-19-20-22-23-25-27-29-31-36(39)41-34-35(33-38)42-37(40)32-30-28-26-24-21-14-12-10-8-6-4-2/h16-17,19-20,23,25,35,38H,3-15,18,21-22,24,26-34H2,1-2H3	Diacylglycerol(20:3n9/14:0)	CCCCCCCCCCCCCC(=O)OC(CO)COC(=O)CCCC=CCC=CCC=CCCCCCCCC	12.8000002	53478238	COCONUT:(CNP0398037);HMDB:(7443);PubChem:(53478238);SuperNatural:(SN00217278);YMDB Mine;CHEBI:(89050);PubChem class - bio and metabolites;Lipid:(DG(16:0_18:3))	38674628650
15	1	N/A	-44.910599233719864	C37H66O5	[M + Na]+	SFMJHWFZJBATQB	InChI=1S/C37H66O5/c1-3-5-7-9-11-13-15-17-18-20-22-24-26-28-30-32-37(40)42-34-35(38)33-41-36(39)31-29-27-25-23-21-19-16-14-12-10-8-6-4-2/h11,13,17-18,22,24,35,38H,3-10,12,14-16,19-21,23,25-34H2,1-2H3	null	CCCCCCCCCCCCCCCC(=O)OCC(COC(=O)CCCCC=CCC=CCC=CCCCCC)O	12.8000002	131801745	PubChem:(131801745);HMDB:(56023)	10
16	1	N/A	-54.17955660769039	C37H66O5	[M + Na]+	ODVRLPAZNXVINR	InChI=1S/C37H66O5/c1-3-5-7-9-11-13-15-16-17-18-19-20-22-24-26-28-30-32-37(40)42-34-35(38)33-41-36(39)31-29-27-25-23-21-14-12-10-8-6-4-2/h16-17,19-20,24,26,35,38H,3-15,18,21-23,25,27-34H2,1-2H3	null	CCCCCCCCCCCCCC(=O)OCC(COC(=O)CCCC=CCC=CCC=CCCCCCCCC)O	12.8000002	131801696	PubChem:(131801696);HMDB:(55964)	10
17	1	N/A	-57.209037764031514	C37H66O5	[M + Na]+	UWJDKQBTCBDSIC	InChI=1S/C37H66O5/c1-3-5-7-9-11-13-15-16-17-18-19-20-22-24-26-28-30-32-37(40)42-34-35(38)33-41-36(39)31-29-27-25-23-21-14-12-10-8-6-4-2/h11,13,16-17,23,25,35,38H,3-10,12,14-15,18-22,24,26-34H2,1-2H3	null	CCCCCCCCC=CCCCC(=O)OCC(COC(=O)CCCCCCCCCC=CCC=CCCCCC)O	12.6000004	131801854	PubChem:(131801854);HMDB:(56144)	10
18	1	N/A	-193.6740279512748	C37H66O5	[M + Na]+	UXKFHZTYLKVREH	InChI=1S/C37H66O5/c1-3-4-5-6-7-8-9-10-11-12-13-14-18-24-29-35(39)36(40)30-25-20-19-23-28-34(38)27-22-17-15-16-21-26-33-31-32(2)42-37(33)41/h14,18,31-32,35-36,39-40H,3-13,15-17,19-30H2,1-2H3	annojahnin	CCCCCCCCCCCCC=CCCC(C(CCCCCCC(=O)CCCCCCCC1=CC(OC1=O)C)O)O	11.5	10507637	COCONUT:(CNP0269498);KNApSAcK:(40874);Natural Products:(UNPD185661);PubChem:(10507637);SuperNatural:(SN00232068);MeSH:(10507637);PubMed	3178582
19	1	N/A	-205.70854386123267	C37H66O5	[M + Na]+	BAYNGFNVHGMWSS	InChI=1S/C37H66O5/c1-3-4-5-6-7-8-9-10-11-12-13-17-20-23-26-33(38)35-28-29-36(42-35)34(39)27-24-21-18-15-14-16-19-22-25-32-30-31(2)41-37(32)40/h17,20,30-31,33-36,38-39H,3-16,18-19,21-29H2,1-2H3	null	CCCCCCCCCCCCC=CCCC(C1CCC(O1)C(CCCCCCCCCCC2=CC(OC2=O)C)O)O	12.1999998	101392147	COCONUT:(CNP0320203);Natural Products:(UNPD8107);PubChem:(101392147);SuperNatural:(SN00386180)	3178498
20	1	N/A	-205.70854386123267	C37H66O5	[M + Na]+	PESMXQQHYXMTFX	InChI=1S/C37H66O5/c1-3-4-5-6-7-8-9-10-14-17-20-23-26-33(38)35-28-29-36(42-35)34(39)27-24-21-18-15-12-11-13-16-19-22-25-32-30-31(2)41-37(32)40/h17,20,30-31,33-36,38-39H,3-16,18-19,21-29H2,1-2H3	bullatencin	CCCCCCCCCCC=CCCC(C1CCC(O1)C(CCCCCCCCCCCCC2=CC(OC2=O)C)O)O	12.1999998	44577080	COCONUT:(CNP0239276);KNApSAcK:(38665);Natural Products:(UNPD75286);PubChem:(44577080);SuperNatural:(SN00399301);MeSH:(44577080);PubMed	3178582
21	1	N/A	-209.9321071601392	C37H66O5	[M + Na]+	LBFWHQSJIPPDSZ	InChI=1S/C37H66O5/c1-3-4-5-6-7-8-14-17-20-23-26-33(38)35-28-29-36(42-35)34(39)27-24-21-18-15-12-10-9-11-13-16-19-22-25-32-30-31(2)41-37(32)40/h17,20,30-31,33-36,38-39H,3-16,18-19,21-29H2,1-2H3	null	CCCCCCCCC=CCCC(C1CCC(O1)C(CCCCCCCCCCCCCCC2=CC(OC2=O)C)O)O	11.5279942	""	COCONUT:(CNP0141607);Natural Products:(UNPD70351);SuperNatural:(SN00266341)	3178496