formulaRank	molecularFormula	adduct	precursorFormula	ZodiacScore	SiriusScore	TreeScore	IsotopeScore	numExplainedPeaks	explainedIntensity	medianMassErrorFragmentPeaks(ppm)	medianAbsoluteMassErrorFragmentPeaks(ppm)	massErrorPrecursor(ppm)	lipidClass
1	C20H39N5O6	[M + Na]+	C20H39N5O6	0.47989949748743727	6.687201737921153	1.0	5.687201737921153	1	0.0	NaN	NaN	0.5879648625818619	
2	C22H37N5O6	[M + H]+	C22H37N5O6	0.40603015075376886	6.499799468324689	1.0	5.499799468324689	1	0.0	NaN	NaN	-4.54932567853389	
3	C25H39N3O4	[M + Na]+	C25H39N3O4	0.11256281407035176	5.25821374072402	1.0	4.25821374072402	1	0.0	NaN	NaN	-8.002545169011572	
4	C26H34FN5O2	[M + H]+	C26H34FN5O2	5.025125628140704E-4	-0.6094379124341003	-0.6094379124341003	0.0	1	0.0	NaN	NaN	5.552239085654462	
5	C25H41NO5S	[M + H]+	C25H41NO5S	5.025125628140704E-4	-0.6094379124341003	-0.6094379124341003	0.0	1	0.0	NaN	NaN	3.6498198190225275	
6	C24H39N5OS	[M + Na]+	C24H39N5OS	5.025125628140704E-4	-0.6094379124341003	-0.6094379124341003	0.0	1	0.0	NaN	NaN	5.931140977957141	
