structureRankPerFormula	formulaRank	ConfidenceScore	CSI:FingerIDScore	molecularFormula	adduct	InChIkey2D	InChI	name	smiles	xlogp	pubchemids	links	dbflags
1	1	N/A	-373.4980679499664	C30H39NO15	[M + H]+	GKXMKRBRUHUXFY	InChI=1S/C30H39NO15/c1-41-18-11-14(3-6-16(18)43-29-26(38)23(35)22(34)20(13-32)45-29)5-8-21(33)31-10-9-15-4-7-17(19(12-15)42-2)44-30-27(39)24(36)25(37)28(40)46-30/h3-8,11-12,20,22-30,32,34-40H,9-10,13H2,1-2H3,(H,31,33)	null	COC1=C(C=CC(=C1)CCNC(=O)C=CC2=CC(=C(C=C2)OC3C(C(C(C(O3)CO)O)O)O)OC)OC4C(C(C(C(O4)O)O)O)O	-0.56455785	""	COCONUT:(CNP0099364)	2097152
2	1	N/A	-501.02496425370884	C30H39NO15	[M + H]+	KGOGAQZTTUQNRT	InChI=1S/C30H39NO15/c1-2-12-14-6-16-13-7-18(43-29-25(39)23(37)21(35)19(8-32)44-29)17(34)5-11(13)3-4-31(16)27(41)15(14)10-42-28(12)46-30-26(40)24(38)22(36)20(9-33)45-30/h2,5,7,10,12,14,16,19-26,28-30,32-40H,1,3-4,6,8-9H2	null	C=CC1C2CC3C4=CC(=C(C=C4CCN3C(=O)C2=COC1OC5C(C(C(C(O5)CO)O)O)O)O)OC6C(C(C(C(O6)CO)O)O)O	-2.29999995	101175456	COCONUT:(CNP0103938);Natural Products:(UNPD51382);PubChem:(101175456);SuperNatural:(SN00314253);MeSH:(101175456);PubMed	3178566
1	2	0.43566228737335677	-277.45960256120605	C34H37N3O9	[M + Na]+	ZKNHGZHOGBDPIA	InChI=1S/C34H37N3O9/c38-26-10-4-23(20-29(26)41)7-13-32(44)35-16-1-2-18-37(34(46)15-9-25-6-12-28(40)31(43)22-25)19-3-17-36-33(45)14-8-24-5-11-27(39)30(42)21-24/h4-15,20-22,38-43H,1-3,16-19H2,(H,35,44)(H,36,45)	tricaffeoyl spermidine	C1=CC(=C(C=C1C=CC(=O)NCCCCN(CCCNC(=O)C=CC2=CC(=C(C=C2)O)O)C(=O)C=CC3=CC(=C(C=C3)O)O)O)O	3.5	15241070;73189941	COCONUT:(CNP0313061);Natural Products:(UNPD71516);PubChem:(15241070 73189941);SuperNatural:(SN00335050);CHEBI:(81478);PubChem class - bio and metabolites;KEGG:(C18070);Plantcyc:(CPD-12213);Biocyc:(CPD-12213)	20089122
2	2	N/A	-664.8785058579248	C34H37N3O9	[M + Na]+	RQCYNSCHESZVQD	InChI=1S/C34H37N3O9/c35-33(36)37-15-21-20(14-34(12-6-7-13-34)17-8-2-1-3-9-17)23-24(26(40)19-11-5-4-10-18(19)25(23)39)28(42)31(21)46-32-30(44)29(43)27(41)22(16-38)45-32/h1-5,8-11,22,27,29-30,32,38,41-44H,6-7,12-16H2,(H4,35,36,37)/p+1	null	C1CCC(C1)(CC2=C(C(=C(C3=C2C(=O)C4=CC=CC=C4C3=O)O)OC5C(C(C(C(O5)CO)O)O)O)C[NH+]=C(N)N)C6=CC=CC=C6	0.0	""	COCONUT:(CNP0045018 CNP0422346);SuperNatural:(SN00173579)	3145728
1	3	N/A	-722.0487494313523	C31H35N5O11	[M + H]+	HDWVHINZHYOZOK	InChI=1S/C31H35N5O11/c1-34-30(33)36-11-18-14(5-3-13-4-6-20(32)35-10-13)7-16-22(24(18)39)25(40)21-17(23(16)38)8-15(45-2)9-19(21)46-29-27(42)26(41)28(43)31(44,12-37)47-29/h4,6-10,26-29,37,39,41-44H,3,5,11-12H2,1-2H3,(H2,32,35)(H3,33,34,36)	null	CN=C(N)NCC1=C(C2=C(C=C1CCC3=CN=C(C=C3)N)C(=O)C4=C(C2=O)C(=CC(=C4)OC)OC5C(C(C(C(O5)(CO)O)O)O)O)O	0.180372685	""	COCONUT:(CNP0019483 CNP0092625);SuperNatural:(SN00171777)	3145728