structureRankPerFormula	formulaRank	ConfidenceScore	CSI:FingerIDScore	molecularFormula	adduct	InChIkey2D	InChI	name	smiles	xlogp	pubchemids	links	dbflags
1	1	0.2101340982084391	-156.01715030976763	C5H9N3O	[M + Na]+	ZQYXCGFXZPLEKX	InChI=1S/C5H9N3O/c1-2-8-5(3-9)6-4-7-8/h4,9H,2-3H2,1H3	(2-ethyl-1,2,4-triazol-3-yl)methanol	CCN1C(=NC=N1)CO	-0.5	11412385;58190632;58190634;123274734	PubChem:(11412385 58190632 58190634 123274734);PubChem class - safety and toxic	67108866
2	1	N/A	-166.14034252282912	C5H9N3O	[M + Na]+	IPBJEUVWFPXMCE	InChI=1S/C5H9N3O/c6-2-1-4-3-7-5(9)8-4/h3H,1-2,6H2,(H2,7,8,9)	4(or 5)-(2-Aminoethyl)imidazol-2-ol	C1=C(NC(=O)N1)CCN	-1.5	150871	PubChem:(150871);YMDB Mine;EcoCyc Mine;MeSH:(150871);PubMed;KEGG Mine	60129542214
3	1	N/A	-169.6927549317281	C5H9N3O	[M + Na]+	RQLLCBPTFACWDH	InChI=1S/C5H9N3O/c9-8-2-1-5-3-6-4-7-5/h3-4,8-9H,1-2H2,(H,6,7)	null	C1=C(NC=N1)CCNO	-0.0336295292	54280501	PubChem:(54280501);YMDB Mine;EcoCyc Mine;PubMed;Biocyc:(CPD-21001);KEGG Mine	60129544258
4	1	N/A	-176.00818505007553	C5H9N3O	[M + Na]+	XEYWWZMMGPFGKD	InChI=1S/C5H9N3O/c1-4(2-6)8-5(9)3-7/h4H,3,7H2,1H3,(H,8,9)	Glycylalanylnitrile	CC(C#N)NC(=O)CN	-1.20000005	3040204	PubChem:(3040204);PubChem class - safety and toxic	67108866
5	1	N/A	-179.88252988720626	C5H9N3O	[M + Na]+	JCBHPAUCBLYNRL	InChI=1S/C5H9N3O/c1-3-9-5-6-4(2)7-8-5/h3H2,1-2H3,(H,6,7,8)	3-ethoxy-5-methyl-1,2,4-triazole	CCOC1=NNC(=N1)C	1.10000002	2769383	PubChem:(2769383);PubChem class - safety and toxic	67108866
6	1	N/A	-196.9138377522989	C5H9N3O	[M + Na]+	RRWWLNDIWCIGBL	InChI=1S/C5H9N3O/c1-2-8-3-5(4-9)6-7-8/h3,9H,2,4H2,1H3	null	CCN1C=C(N=N1)CO	-0.899999976	12654351;58348185;58348188	PubChem:(12654351 58348185 58348188);PubChem class - safety and toxic	67108866
7	1	N/A	-197.94408606059136	C5H9N3O	[M + Na]+	IHQRJCVJAUKIEP	InChI=1S/C5H9N3O/c6-5-1-2-7-8(5)3-4-9/h1-2,9H,3-4,6H2	2-(5-amino-1-pyrazolyl)ethanol	C1=C(N(N=C1)CCO)N	-0.899999976	320281	PubChem:(320281);PubChem class - safety and toxic	67108866
8	1	N/A	-202.38629702138417	C5H9N3O	[M + Na]+	MIBJLZRVWQFOMK	InChI=1S/C5H9N3O/c1-9-4-8-3-5(6)2-7-8/h2-3H,4,6H2,1H3	1-(methoxymethyl)pyrazole-4-ylamine	COCN1C=C(C=N1)N	-0.600000024	7017634	PubChem:(7017634);PubChem class - safety and toxic	67108866
9	1	N/A	-211.73898551967508	C5H9N3O	[M + Na]+	BGQUJROFLRFZDN	InChI=1S/C5H9N3O/c6-1-5(9)4-2-7-3-8-4/h2-3,5,9H,1,6H2,(H,7,8)	beta-Hydroxylated histamine	C1=C(NC=N1)C(CN)O	-1.70000005	148046;92253804;92253806	PubChem:(148046 92253804 92253806);YMDB Mine;EcoCyc Mine;MeSH:(148046);PubMed;KEGG Mine	60129542214
10	1	N/A	-214.29850101342586	C5H9N3O	[M + Na]+	LAFKIILHZJVCFL	InChI=1S/C5H9N3O/c6-3-1-2-5-8-7-4-9-5/h4H,1-3,6H2	null	C1=NN=C(O1)CCCN	-0.5	28269126	PubChem:(28269126);PubChem class - safety and toxic	67108866
11	1	N/A	-214.67679228571419	C5H9N3O	[M + Na]+	LCDGAYYHFKVEAR	InChI=1S/C5H9N3O/c1-2-8-3-4(9)7-5(8)6/h2-3H2,1H3,(H2,6,7,9)	2-amino-1-ethyl-5H-imidazol-4-one	CCN1CC(=O)N=C1N	-0.505206943	3086053;91570612;137321843	NORMAN:(NS00037759);PubChem:(3086053 91570612 137321843);PubMed	262210
12	1	N/A	-228.60408594988533	C5H9N3O	[M + Na]+	ALWVUKUHYRPCOB	InChI=1S/C5H9N3O/c1-8(5(7)9)4-2-3-6/h2,4H2,1H3,(H2,7,9)	1-(2-cyanoethyl)-1-methylurea	CN(CCC#N)C(=O)N	-1.20000005	2755783	COCONUT:(CNP0085962);PubChem class - safety and toxic;PubChem:(2755783);ZINC bio:(ZINC02172614)	69214210
13	1	N/A	-243.34247108031818	C5H9N3O	[M + Na]+	COXWIKJGOHZKIO	InChI=1S/C5H9N3O/c6-5(9)8-4-2-1-3-7-4/h1-3H2,(H3,6,7,8,9)	(2-Pyrrolidinylidene)urea	C1CC(=NC1)NC(=O)N	-1.29999995	940156	PubChem:(940156);PubChem class - safety and toxic	67108866
14	1	N/A	-243.8910103631106	C5H9N3O	[M + Na]+	RJJBUZDUYVHCRD	InChI=1S/C5H9N3O/c1-8-3-2-4(6)7-5(8)9/h2-3H2,1H3,(H2,6,7,9)	ACMC-20myud	CN1CCC(=NC1=O)N	-1.29999995	240882;137319864	PubChem class - safety and toxic;PubChem:(240882 137319864);PubMed	67108930
15	1	N/A	-248.50766059631502	C5H9N3O	[M + Na]+	JNQCKCPHMZGRDZ	InChI=1S/C5H9N3O/c6-2-1-5(9)4(8)3-7/h2-3,6H,1,7-8H2	null	C(C=N)C(=O)C(=CN)N	-0.699999988	122172833	PubChem:(122172833);PubChem class - bio and metabolites	16777218
16	1	N/A	-274.2107539250516	C5H9N3O	[M + Na]+	QNYYOBQOINUFOZ	InChI=1S/C5H9N3O/c1-2-4-5(3-9)7-8-6-4/h9H,2-3H2,1H3,(H,6,7,8)	null	CCC1=NNN=C1CO	-0.400000006	84762209	PubChem:(84762209);PubChem class - safety and toxic	67108866