structureRankPerFormula	formulaRank	ConfidenceScore	CSI:FingerIDScore	molecularFormula	adduct	InChIkey2D	InChI	name	smiles	xlogp	pubchemids	links	dbflags
1	1	0.49625966060788246	-22.41405900061161	C6H11NO2	[M + H]+	HXEACLLIILLPRG	InChI=1S/C6H11NO2/c8-6(9)5-3-1-2-4-7-5/h5,7H,1-4H2,(H,8,9)	l-homopro	C1CCNC(C1)C(=O)O	0.409418315	849;736316;439227;5460224;5460453;5461049;10582823;10630514;10678273;6931662;6931663;10725378;10796770;16213566;21637287;25200477;71772203;73818087;71309976;129831070	HMDB:(70 716 5960 62767);SuperNatural:(SN00001184 SN00381447);ZINC bio:(ZINC00157014 ZINC00157015);additional;MeSH:(849 439227);Plantcyc:(L-PIPECOLATE);PubMed;NORMAN:(NS00015339);COCONUT:(CNP0144302 CNP0148927);KNApSAcK:(1387);Natural Products:(UNPD182639 UNPD37704);PubChem:(849 736316 439227 5460224 5460453 5461049 10582823 10630514 10678273 6931662 6931663 10725378 10796770 16213566 21637287 25200477 71772203 73818087 71309976 129831070);CHEBI:(30633 61185 36110 18703 30913 17964 41582);PubChem class - bio and metabolites;KEGG:(C00408);PubChem class - safety and toxic;YMDB:(1675);Training Set;Biocyc:(CPD-11619 L-PIPECOLATE)	88074622
2	1	N/A	-70.05639411099297	C6H11NO2	[M + H]+	YNSYWEFVEIFJPZ	InChI=1S/C6H11NO2/c1-4-2-3-5(7-4)6(8)9/h4-5,7H,2-3H2,1H3,(H,8,9)	5-Methylproline	CC1CCC(N1)C(=O)O	-1.89999998	408812;2724880;6995036;6995037;6995038;6995039;36691121;36691123;54517981;131017589;134081827	COCONUT:(CNP0140199);Natural Products:(UNPD191715);PubChem:(408812 2724880 6995036 6995037 6995038 6995039 36691121 36691123 54517981 131017589 134081827);SuperNatural:(SN00327221);ZINC bio:(ZINC01733832 ZINC01733833 ZINC01733834 ZINC01733835);PubMed;KEGG Mine	8593121346
3	1	N/A	-78.94431063228032	C6H11NO2	[M + H]+	ADSALMJPJUKESW	InChI=1S/C6H11NO2/c8-6(9)4-5-2-1-3-7-5/h5,7H,1-4H2,(H,8,9)	Ambcb4004817	C1CC(NC1)CC(=O)O	-2.4000001	123784;2761541;5706675;7014920;57822573	HMDB:(29444);SuperNatural:(SN00348483);ZINC bio:(ZINC02387350 ZINC02504856);additional;MeSH:(123784);PubMed;COCONUT:(CNP0390024);Natural Products:(UNPD4322);PubChem:(123784 2761541 5706675 7014920 57822573);PubChem class - bio and metabolites;Training Set;KEGG Mine	8610439246
4	1	N/A	-83.95144967154893	C6H11NO2	[M + H]+	CNPSFBUUYIVHAP	InChI=1S/C6H11NO2/c1-4-2-3-7-5(4)6(8)9/h4-5,7H,2-3H2,1H3,(H,8,9)	L-Proline, 3-methyl-,(3S)-	CC1CCNC1C(=O)O	-1.89999998	2724879;7157108;7157109;14185042;11073444;14185043;14185044;11886827;20687506;22790191;33778426;40423964;66828781;101109625;129801057	MeSH:(22790191);PubChem class - safety and toxic;PubChem:(2724879 7157108 7157109 14185042 11073444 14185043 14185044 11886827 20687506 22790191 33778426 40423964 66828781 101109625 129801057);PubMed	67108934
5	1	N/A	-84.04391971104968	C6H11NO2	[M + H]+	NILQLFBWTXNUOE	InChI=1S/C6H11NO2/c7-6(5(8)9)3-1-2-4-6/h1-4,7H2,(H,8,9)	Cycloleucin	C1CCC(C1)(C(=O)O)N	-0.0450631157	2901;168214;450571;5231727;6918961;22074341	HMDB:(62225);SuperNatural:(SN00000100);ZINC bio:(ZINC00001234);additional;HSDB:(52-52-8);MeSH:(2901);Plantcyc:(CPD-19526);PubMed;NORMAN:(NS00032521);COCONUT:(CNP0401519);PubChem:(2901 168214 450571 5231727 6918961 22074341);CHEBI:(40547);PubChem class - bio and metabolites;KEGG:(C03969);PubChem class - safety and toxic;Training Set;PubChem class - drug;Biocyc:(CPD-19526)	121531246
6	1	N/A	-85.2426775576146	C6H11NO2	[M + H]+	LWHHAVWYGIBIEU	InChI=1S/C6H11NO2/c1-6(5(8)9)3-2-4-7-6/h7H,2-4H2,1H3,(H,8,9)	Ambcb4039700	CC1(CCCN1)C(=O)O	-2.20000005	95491;6993663;6993664;14463985;38989106;71309354;132556189;131745245	COCONUT:(CNP0044930);MeSH:(95491 6993664 14463985);PubChem class - safety and toxic;PubChem:(95491 6993663 6993664 14463985 38989106 71309354 132556189 131745245);PubMed	69206086
7	1	N/A	-90.19830663694404	C6H11NO2	[M + H]+	JWYOAMOZLZXDER	InChI=1S/C6H11NO2/c7-5-3-1-2-4(5)6(8)9/h4-5H,1-3,7H2,(H,8,9)	Cispentacin	C1CC(C(C1)N)C(=O)O	-2.0	73305;73306;429614;5702611;6919062;10997062;20728104;36688289;36688290;36688291;53979020;67115994;67452758;69412961	COCONUT:(CNP0179700);KNApSAcK:(17553);Natural Products:(UNPD95818 UNPD17710);PubChem:(73305 73306 429614 5702611 6919062 10997062 20728104 36688289 36688290 36688291 53979020 67115994 67452758 69412961);SuperNatural:(SN00335592 SN00395899);ZINC bio:(ZINC00004161 ZINC01558053 ZINC01558054 ZINC01558055);PubChem class - bio and metabolites;MeSH:(73305 429614 10997062);PubChem class - safety and toxic;PubMed;KEGG Mine	8677007446
8	1	N/A	-96.16690281293651	C6H11NO2	[M + H]+	BLWYXBNNBYXPPL	InChI=1S/C6H11NO2/c1-9-6(8)5-3-2-4-7-5/h5,7H,2-4H2,1H3	AmbotzHAA6510	COC(=O)C1CCCN1	0.369934112	94239;853476;853477;6950542;6950543;23278788	NORMAN:(NS00044915);COCONUT:(CNP0150193);PubChem:(94239 853476 853477 6950542 6950543 23278788);YMDB Mine;ZINC bio:(ZINC00391900 ZINC00391901 ZINC53151192);PubChem class - bio and metabolites;EcoCyc Mine;PubChem class - safety and toxic;PubMed;KEGG Mine	60215795778
9	1	N/A	-97.31154585095416	C6H11NO2	[M + H]+	CWLQUGTUXBXTLF	InChI=1S/C6H11NO2/c1-7-4-2-3-5(7)6(8)9/h5H,2-4H2,1H3,(H,8,9)	Ambcb4041136	CN1CCCC1C(=O)O	-1.89999998	557;643474;854034;6951136;6951137;22490334;25200624	HMDB:(94696);SuperNatural:(SN00278543 SN00309335);ZINC bio:(ZINC00403075 ZINC00403077);additional;MeSH:(643474);PubMed;COCONUT:(CNP0209638);KNApSAcK:(34881);Natural Products:(UNPD145961 UNPD173258);PubChem:(557 643474 854034 6951136 6951137 22490334 25200624);YMDB Mine;CHEBI:(133743 90344);PubChem class - bio and metabolites;EcoCyc Mine;PubChem class - safety and toxic;Training Set;Biocyc:(CPD-904);KEGG Mine	60217157758
10	1	N/A	-107.91330553467458	C6H11NO2	[M + H]+	XJLSEXAGTJCILF	InChI=1S/C6H11NO2/c8-6(9)5-2-1-3-7-4-5/h5,7H,1-4H2,(H,8,9)	Tocris-0236	C1CC(CNC1)C(=O)O	0.0487420298	4498;1796509;1796510;6575388;6575389;22647218;22828528;22828531;78246121;76973009;101412317	SuperNatural:(SN00005687 SN00002785);ZINC bio:(ZINC02141051 ZINC03861497);additional;MeSH:(4498);PubMed;NORMAN:(NS00015522);COCONUT:(CNP0137943);PubChem:(4498 1796509 1796510 6575388 6575389 22647218 22828528 22828531 78246121 76973009 101412317);CHEBI:(116931 60120 222169 221278);PubChem class - safety and toxic;Biocyc:(CPD-11627 CPD-20799);KEGG Mine	8660985958
11	1	N/A	-108.61707028318041	C6H11NO2	[M + H]+	KKJQZEWNZXRJFG	InChI=1S/C6H11NO2/c1-4-2-5(6(8)9)7-3-4/h4-5,7H,2-3H2,1H3,(H,8,9)	4-Methylproline	CC1CC(NC1)C(=O)O	-1.89999998	352051;13419859;13419854;13419855;13419856;21632416;21632417;21672614;36689055;36689054;36689056;57377078;69645018;132060990	COCONUT:(CNP0293874);HMDB:(29435);Natural Products:(UNPD164360 UNPD134667 UNPD69554 UNPD141227);PubChem:(352051 13419859 13419854 13419855 13419856 21632416 21632417 21672614 36689055 36689054 36689056 57377078 69645018 132060990);SuperNatural:(SN00382586 SN00236351 SN00295735 SN00383243);ZINC bio:(ZINC01605761 ZINC01605762 ZINC01605763 ZINC01605764);PubChem class - bio and metabolites;MeSH:(352051);PubChem class - safety and toxic;PubMed;Biocyc:(CPD-17722)	87074894
12	1	N/A	-109.9637444077504	C6H11NO2	[M + H]+	SRJOCJYGOFTFLH	InChI=1S/C6H11NO2/c8-6(9)5-1-3-7-4-2-5/h5,7H,1-4H2,(H,8,9)	Lopac-I18008	C1CNCCC1C(=O)O	0.0487420298	3773;6931652;10725383;22468532;60089605;59104568;101412316;118116846;132499389;132499390	NORMAN:(NS00034251);COCONUT:(CNP0070992);PubChem:(3773 6931652 10725383 22468532 60089605 59104568 101412316 118116846 132499389 132499390);PubChem class - bio and metabolites;MeSH:(3773);PubChem class - safety and toxic;PubMed;KEGG Mine	8676180038
13	1	N/A	-126.15763954858737	C6H11NO2	[M + H]+	NPSWHDAHNWWMEG	InChI=1S/C6H11NO2/c1-2-3-4-5(7)6(8)9/h2,5H,1,3-4,7H2,(H,8,9)	ACMC-20ltrg	C=CCCC(C(=O)O)N	-1.89999998	12039142;15664956;11367001;21574347	MeSH:(15664956);PubChem:(12039142 15664956 11367001 21574347);PubMed;ZINC bio:(ZINC13352463 ZINC13352467)	8262
14	1	N/A	-128.4412138297961	C6H11NO2	[M + H]+	MLLSSTJTARJLHK	InChI=1S/C6H11NO2/c7-5-2-1-4(3-5)6(8)9/h4-5H,1-3,7H2,(H,8,9)	3-Aminocyclopentanecarboxylicacid	C1CC(CC1C(=O)O)N	-2.5999999	1502034;1502035;521264;124355;656716;410240;7128348;7128349;11882158;11882159;55255853;59076807;59781752;68875423	COCONUT:(CNP0035427);PubChem:(1502034 1502035 521264 124355 656716 410240 7128348 7128349 11882158 11882159 55255853 59076807 59781752 68875423);SuperNatural:(SN00214159);CHEBI:(33991);ZINC bio:(ZINC04202465 ZINC04202466);MeSH:(124355 410240);KEGG:(C13696);Training Set;PubMed	3170662
15	1	N/A	-133.43462722647237	C6H11NO2	[M + H]+	XGUXJMWPVJQIHI	InChI=1S/C6H11NO2/c7-5(6(8)9)3-4-1-2-4/h4-5H,1-3,7H2,(H,8,9)	D-Cyclopropylalanine	C1CC1CC(C(=O)O)N	-1.89999998	519178;9209420;9209421;6951382;6951383;21578235	COCONUT:(CNP0115257);Natural Products:(UNPD24498);PubChem:(519178 9209420 9209421 6951382 6951383 21578235);SuperNatural:(SN00328501);ZINC bio:(ZINC00405158 ZINC08076534);PubChem class - safety and toxic	70295554
16	1	N/A	-137.710424838273	C6H11NO2	[M + H]+	PJDFLNIOAUIZSL	InChI=1S/C6H11NO2/c1-2-5(7)3-4-6(8)9/h2,5H,1,3-4,7H2,(H,8,9)	Sabrilan	C=CC(CCC(=O)O)N	-0.172750026	5665;157018;10219440;11768584;15871347;10396879;16687996;19593595;25202592;40466946;45934630;71752923;76974105;119090946	HMDB:(15212);SuperNatural:(SN00001485 SN00003483);ZINC bio:(ZINC00403618 ZINC03798750);additional;MeSH:(5665);Plantcyc:(VIGABATRIN);PubMed;NORMAN:(NS00000678);COCONUT:(CNP0210876);PubChem:(5665 157018 10219440 11768584 15871347 10396879 16687996 19593595 25202592 40466946 45934630 71752923 76974105 119090946);CHEBI:(63638);PubChem class - bio and metabolites;KEGG:(C07500);PubChem class - safety and toxic;Training Set;PubChem class - drug;Biocyc:(VIGABATRIN)	121530734
17	1	N/A	-149.62711406794975	C6H11NO2	[M + H]+	KQLGGQARRCMYGD	InChI=1S/C6H11NO2/c8-6(9)4-7-5-2-1-3-5/h5,7H,1-4H2,(H,8,9)	N-cyclobutylglycine	C1CC(C1)NCC(=O)O	0.403426945	151209	PubChem:(151209);MeSH:(151209)	6
18	1	N/A	-151.49805115609416	C6H11NO2	[M + H]+	SBTLHKXSISNXTP	InChI=1S/C6H11NO2/c1-3-4(2)5(7)6(8)9/h5H,2-3,7H2,1H3,(H,8,9)	DL-Norvaline, 3-methylene-	CCC(=C)C(C(=O)O)N	-1.5	12755839;18635633	COCONUT:(CNP0145446);Natural Products:(UNPD25028);PubChem:(12755839 18635633);SuperNatural:(SN00330321);ZINC bio:(ZINC13354907 ZINC13354910)	3186690
19	1	N/A	-151.81699685050236	C6H11NO2	[M + H]+	JXNPHMVNQPDXQI	InChI=1S/C6H11NO2/c1-6(5(8)9)2-3-7-4-6/h7H,2-4H2,1H3,(H,8,9)	Ambcb4031237	CC1(CCNC1)C(=O)O	-2.5	1516524;1516525;3509091	MeSH:(3509091);PubChem:(1516524 1516525 3509091);PubMed	70
20	1	N/A	-153.88337249530508	C6H11NO2	[M + H]+	RLHIWMRQDUCBDO	InChI=1S/C6H11NO2/c1-2-4-3-6(4,7)5(8)9/h4H,2-3,7H2,1H3,(H,8,9)	Coronamic acid	CCC1CC1(C(=O)O)N	-2.29999995	133485;10942445;11007924;11804784;11815376;21573968;21676469;23505140;25241377;45078847;55290503;70317190;89393056;91820128	COCONUT:(CNP0294977);Natural Products:(UNPD109759 UNPD129132 UNPD47908 UNPD114101);PubChem:(133485 10942445 11007924 11804784 11815376 21573968 21676469 23505140 25241377 45078847 55290503 70317190 89393056 91820128);SuperNatural:(SN00268218 SN00227755 SN00343072 SN00320241);CHEBI:(19023 18513 18511 18508 18509);ZINC bio:(ZINC05923421 ZINC05923459 ZINC05954507 ZINC05954536);MeSH:(133485 10942445);PubMed;Biocyc:(CPD-17526);KEGG Mine	8593123430
21	1	N/A	-159.90668410486066	C6H11NO2	[M + H]+	KQFBUAIXCIGKAP	InChI=1S/C6H11NO2/c1-2-5(7)3-4-6(8)9/h2H,3-4,7H2,1H3,(H,8,9)	(E)-4-aminohex-4-enoate	CC=C(CCC(=O)O)N	0.200000003	5288385;15107208;59730622;72369409	COCONUT:(CNP0242211);PubChem:(5288385 15107208 59730622 72369409);PubChem class - bio and metabolites	18874370
22	1	N/A	-164.42907307677743	C6H11NO2	[M + H]+	OUENRUZPZZFMCA	InChI=1S/C6H11NO2/c8-6(9)3-5-1-2-7-4-5/h5,7H,1-4H2,(H,8,9)	ACMC-20liyx	C1CNCC1CC(=O)O	-2.5999999	1502074;1502075;4125298;20489597;40478982;40478983	MeSH:(4125298);PubChem:(1502074 1502075 4125298 20489597 40478982 40478983);PubMed	70
23	1	N/A	-169.21551607874397	C6H11NO2	[M + H]+	GHUQMJJLFXGPEJ	InChI=1S/C6H11NO2/c1-9-6-4-2-3-5(8)7-6/h6H,2-4H2,1H3,(H,7,8)	6-Methoxy-2-piperidinone	COC1CCCC(=O)N1	0.0	566665;98593675;97301588	COCONUT:(CNP0146387);Natural Products:(UNPD55542);PubChem:(566665 98593675 97301588)	2129922
24	1	N/A	-169.6766935828638	C6H11NO2	[M + H]+	OPOBBDXDRHKTJF	InChI=1S/C6H11NO2/c1-2-3-4-5(7)6(8)9/h2-3,5H,4,7H2,1H3,(H,8,9)	4-Hexenoic acid, 2-amino-	CC=CCC(C(=O)O)N	-2.0	168747;6441491;40507921;40507922;40507924;57073816;87110706;89079831;91998876	COCONUT:(CNP0134361);Natural Products:(UNPD120690 UNPD157323);PubChem:(168747 6441491 40507921 40507922 40507924 57073816 87110706 89079831 91998876);SuperNatural:(SN00354654 SN00260097);ZINC bio:(ZINC05132862 ZINC05132863);PubChem class - bio and metabolites;Plantcyc:(CPD-19574);Biocyc:(CPD-19574);KEGG Mine	8610031618
25	1	N/A	-170.7263976850377	C6H11NO2	[M + H]+	BCTQUNGXIVZUSB	InChI=1S/C6H11NO2/c1-6(2-3-6)4(7)5(8)9/h4H,2-3,7H2,1H3,(H,8,9)	Antibiotic PA 40461	CC1(CC1)C(C(=O)O)N	-2.20000005	3017096;3060518;57516613	COCONUT:(CNP0197750);KNApSAcK:(18328);Natural Products:(UNPD18544);PubChem:(3017096 3060518 57516613);SuperNatural:(SN00250762);PubChem class - safety and toxic	70287378
26	1	N/A	-172.6566397122951	C6H11NO2	[M + H]+	IPXNXMNCBXHYLQ	InChI=1S/C6H11NO2/c8-6(9)5-7-3-1-2-4-7/h1-5H2,(H,8,9)	2-pyrrolidin-1-ylacetate	C1CCN(C1)CC(=O)O	0.213649407	414564;6994295;21993057	PubChem class - safety and toxic;PubChem:(414564 6994295 21993057);PubMed	67108930
27	1	N/A	-173.06471085435857	C6H11NO2	[M + H]+	KCQXYISBJUBSAD	InChI=1S/C6H11NO2/c1-9-5-3-2-4-7-6(5)8/h5H,2-4H2,1H3,(H,7,8)	3-methoxy-2-piperidinone	COC1CCCNC1=O	-0.100000001	22996994;51980227;51980228	PubChem:(22996994 51980227 51980228);PubChem class - safety and toxic	67108866
28	1	N/A	-176.58369117314078	C6H11NO2	[M + H]+	PABWDKROPVYJBH	InChI=1S/C6H11NO2/c1-4(2)3-5(7)6(8)9/h5H,1,3,7H2,2H3,(H,8,9)	4-methylidenenorvaline	CC(=C)CC(C(=O)O)N	-1.60000002	228813;7000157;7000158;22996670;36688680;36688681	PubChem:(228813 7000157 7000158 22996670 36688680 36688681);PubChem class - bio and metabolites	16777218
29	1	N/A	-178.72074919625092	C6H11NO2	[M + H]+	VRFYYCFVOBCXDL	InChI=1S/C6H11NO2/c1-6(7,5(8)9)4-2-3-4/h4H,2-3,7H2,1H3,(H,8,9)	alpha-Cyclopropylalanine	CC(C1CC1)(C(=O)O)N	-2.4000001	236508;7000067;7000068;6993890;6993891	PubChem class - safety and toxic;PubChem:(236508 7000067 7000068 6993890 6993891);PubMed	67108930
30	1	N/A	-180.81310556817	C6H11NO2	[M + H]+	JVZGXNOECLGJAU	InChI=1S/C6H11NO2/c1-3-4-5(7-2)6(8)9/h3,5,7H,1,4H2,2H3,(H,8,9)	2-(methylamino)pent-4-enoic acid	CNC(CC=C)C(=O)O	-1.70000005	17971706;59453703;87160138	COCONUT:(CNP0302571);Natural Products:(UNPD178179);PubChem:(17971706 59453703 87160138);SuperNatural:(SN00381920)	3178498
31	1	N/A	-187.7390715713766	C6H11NO2	[M + H]+	JTOUWLZSXWMCSH	InChI=1S/C6H11NO2/c1-2-7-5-6(1)8-3-4-9-6/h7H,1-5H2	Ambcb4036707	C1CNCC12OCCO2	-0.600000024	15165039	PubChem:(15165039);PubChem class - safety and toxic	67108866
32	1	N/A	-197.16946827047855	C6H11NO2	[M + H]+	LJGFIWDOHOWUOY	InChI=1S/C6H11NO2/c1-7-3-2-5(4-7)6(8)9/h5H,2-4H2,1H3,(H,8,9)	1-methyl-3-pyrrolidinecarboxylic acid	CN1CCC(C1)C(=O)O	-2.4000001	322598;36688378;38988721	COCONUT:(CNP0077151);PubChem:(322598 36688378 38988721);ZINC bio:(ZINC01563502 ZINC02028498)	2105346
33	1	N/A	-200.19003683322234	C6H11NO2	[M + H]+	FDKHZRAIKUTQLE	InChI=1S/C6H11NO2/c1-2-9-5(8)6(7)3-4-6/h2-4,7H2,1H3	AmbotzHAA1000	CCOC(=O)C1(CC1)N	-0.100000001	386204;36689474	COCONUT:(CNP0409533);Natural Products:(UNPD160891);PubChem:(386204 36689474);SuperNatural:(SN00306943);ZINC bio:(ZINC01647038)	3186690
34	1	N/A	-200.4458348216725	C6H11NO2	[M + H]+	XJHNCGVHPLDMRK	InChI=1S/C6H11NO2/c1-8-6(9-2)4-3-5-7/h6H,3-4H2,1-2H3	4,4-dimethoxy-butanenitril	COC(CCC#N)OC	0.100000001	84558	NORMAN:(NS00024776);PubChem class - safety and toxic;PubChem:(84558);PubMed;ZINC bio:(ZINC02163514)	67379266
35	1	N/A	-201.17300675684388	C6H11NO2	[M + H]+	WLNGAYXEECPGBD	InChI=1S/C6H11NO2/c1-3-4(2)5(7)6(8)9/h3,5H,7H2,1-2H3,(H,8,9)	null	CC=C(C)C(C(=O)O)N	-1.70000005	9989294;12755837;10374485;85085264;92446829;130764234;130818474	COCONUT:(CNP0249655);Natural Products:(UNPD118814 UNPD167050 UNPD211633);PubChem:(9989294 12755837 10374485 85085264 92446829 130764234 130818474);SuperNatural:(SN00274759);ZINC bio:(ZINC13355598 ZINC13355602)	3186690
36	1	N/A	-206.021573127214	C6H11NO2	[M + H]+	UJYRIMZFBRGKQF	InChI=1S/C6H11NO2/c8-4-2-5-1-3-7-6(5)9/h5,8H,1-4H2,(H,7,9)	3-(2-Hydroxyethyl)pyrrolidin-2-one	C1CNC(=O)C1CCO	-0.699999988	54357236;55300103;86337993	PubChem:(54357236 55300103 86337993);PubChem class - safety and toxic	67108866
37	1	N/A	-206.78767117615527	C6H11NO2	[M + H]+	DDSLGZOYEPKPSJ	InChI=1S/C6H11NO2/c1-6(9)7-4-2-3-5-8/h5H,2-4H2,1H3,(H,7,9)	4-acetamidobutanal	CC(=O)NCCCC=O	-0.699999988	440850	HMDB:(4226);SuperNatural:(SN00216329);Plantcyc:(B-LIDO-HEX-1:5_6:A CPD-30);PubMed;COCONUT:(CNP0083670);PubChem:(440850);CHEBI:(7386);PubChem class - bio and metabolites;EcoCyc Mine;KEGG:(C05936);YMDB:(209);Biocyc:(CPD-30)	17199991146
38	1	N/A	-207.4275065642374	C6H11NO2	[M + H]+	JOWMUWBEMDOCKB	InChI=1S/C6H11NO2/c8-6(9)4-7-3-5-1-2-5/h5,7H,1-4H2,(H,8,9)	2-(cyclopropylmethylamino)acetic Acid	C1CC1CNCC(=O)O	-2.0999999	3250245;40575531	MeSH:(3250245);Training Set;PubChem:(3250245 40575531);PubMed;PubChem class - bio and metabolites	16793670
39	1	N/A	-207.83158028004647	C6H11NO2	[M + H]+	QMBTZYHBJFPEJB	InChI=1S/C6H11NO2/c1-3-4-6(2,7)5(8)9/h3H,1,4,7H2,2H3,(H,8,9)	AmbotzHAA5250	CC(CC=C)(C(=O)O)N	-2.0999999	2724753;7015768;10582807;11030180;29924788;102060142	PubChem class - safety and toxic;PubChem:(2724753 7015768 10582807 11030180 29924788 102060142);PubMed	67108930
40	1	N/A	-208.37144125985625	C6H11NO2	[M + H]+	NJNQUTDUIPVROZ	InChI=1S/C6H11NO2/c8-7(9)6-4-2-1-3-5-6/h6H,1-5H2	1-nitrocyclohexan	C1CCC(CC1)[N+](=O)[O-]	1.79999995	14285	NORMAN:(NS00023618);PubChem:(14285);CHEBI:(74164);ZINC bio:(ZINC08100868);HSDB:(1122-60-7);PubChem class - safety and toxic;PubMed;Biocyc:(CPD-8139)	67381858
41	1	N/A	-210.26247187206314	C6H11NO2	[M + H]+	FEXFOJWILSEGPI	InChI=1S/C6H11NO2/c1-3-5(7-9)6(8)4-2/h9H,3-4H2,1-2H3	3,4-Hexanedione 3-oxime	CCC(=NO)C(=O)CC	1.29999995	6399241;9570623;57358209	PubChem:(6399241 9570623 57358209);PubChem class - safety and toxic	67108866
42	1	N/A	-211.51254836384777	C6H11NO2	[M + H]+	ZAGOKQGYDCMNPT	InChI=1S/C6H11NO2/c1-8-5-6-9-4-2-3-7/h2,4-6H2,1H3	Methoxyethoxypropionitrile	COCCOCCC#N	-0.400000006	118852	NORMAN:(NS00029891);Training Set;PubChem:(118852)	278530
43	1	N/A	-213.26668153400502	C6H11NO2	[M + H]+	UDELMRIGXNCYLU	InChI=1S/C6H11NO2/c1-3-8-6(5-7)9-4-2/h6H,3-4H2,1-2H3	Diethoxyacetonitrile	CCOC(C#N)OCC	0.600000024	80223	NORMAN:(NS00034660);COCONUT:(CNP0261292);Natural Products:(UNPD133650);PubChem:(80223);PubChem class - safety and toxic;PubMed	69500994
44	1	N/A	-215.505495425479	C6H11NO2	[M + H]+	OHTBSHGXEXCIOI	InChI=1S/C6H11NO2/c1-7-5(4-8)2-3-6(7)9/h5,8H,2-4H2,1H3	Pyrrolin-2-one-5-methanol, N-methyl-	CN1C(CCC1=O)CO	-0.800000012	566563;14876039;14876040	PubChem:(566563 14876039 14876040);PubChem class - safety and toxic	67108866
45	1	N/A	-217.5714966685735	C6H11NO2	[M + H]+	PVUKLOCFXASFFY	InChI=1S/C6H11NO2/c1-4-2-6(9)5(3-8)7-4/h3-7,9H,2H2,1H3	null	CC1CC(C(N1)C=O)O	-0.269551754	""	COCONUT:(CNP0225039)	2097152
46	1	N/A	-220.94140184982535	C6H11NO2	[M + H]+	DNUTZBZXLPWRJG	InChI=1S/C6H11NO2/c8-6(9)7-4-2-1-3-5-7/h1-5H2,(H,8,9)	piperidine-1-carboxylate	C1CCN(CC1)C(=O)O	0.600000024	9964094;21874245;60083598;129880810	HMDB:(94697);PubChem:(9964094 21874245 60083598 129880810);PubMed;KEGG Mine	8589934666
47	1	N/A	-221.98817915755222	C6H11NO2	[M + H]+	CEHMJHORJSNKTM	InChI=1S/C6H11NO2/c1-3-5-6(4-2)7(8)9/h4H,3,5H2,1-2H3	3-Nitro-2-hexene	CCCC(=CC)[N+](=O)[O-]	2.0999999	22447;6433471;6507991	PubChem:(22447 6433471 6507991);PubChem class - safety and toxic	67108866
48	1	N/A	-223.11287107474286	C6H11NO2	[M + H]+	BIYYQEVGNGBZAK	InChI=1S/C6H11NO2/c1-2-3-4-5-6-7(8)9/h2H,1,3-6H2	6-Nitro-1-hexene	C=CCCCC[N+](=O)[O-]	1.79999995	534565	PubChem:(534565);PubChem class - safety and toxic	67108866
49	1	N/A	-224.18856116844665	C6H11NO2	[M + H]+	GRLLMEXCXJTHGF	InChI=1S/C6H11NO2/c1-3-4-6(7-9)5(2)8/h9H,3-4H2,1-2H3	(3Z)-3-hydroxyiminohexan-2-one	CCCC(=NO)C(=O)C	1.20000005	6399234;9570587;71437750	COCONUT:(CNP0175867);Natural Products:(UNPD25129);PubChem:(6399234 9570587 71437750);SuperNatural:(SN00243523);ZINC bio:(ZINC14438495);PubChem class - safety and toxic	70295554
50	1	N/A	-224.875047023524	C6H11NO2	[M + H]+	NRCNZCLHYWKEDX	InChI=1S/C6H11NO2/c8-7-9-6-4-2-1-3-5-6/h6H,1-5H2	Cyclohexyl nitrite	C1CCC(CC1)ON=O	1.79999995	545140	MeSH:(545140);PubChem:(545140);PubMed	70
51	1	N/A	-225.24796947589456	C6H11NO2	[M + H]+	WDQFELCEOPFLCZ	InChI=1S/C6H11NO2/c8-5-4-7-3-1-2-6(7)9/h8H,1-5H2	1-(2-Hydroxyethyl)-2-pyrrolidone	C1CC(=O)N(C1)CCO	-0.338201463	76980;139168960	NORMAN:(NS00005193);PubChem class - safety and toxic;PubChem:(76980 139168960)	67371010
52	1	N/A	-225.5205445282638	C6H11NO2	[M + H]+	ASQVPLMNHXQYMU	InChI=1S/C6H11NO2/c8-4-5-1-2-6(9)7-3-5/h5,8H,1-4H2,(H,7,9)	5-(Hydroxymethyl)piperidin-2-one	C1CC(=O)NCC1CO	-0.800000012	15386079;86313497;86313498	PubChem:(15386079 86313497 86313498);PubChem class - safety and toxic	67108866
53	1	N/A	-226.87909850884844	C6H11NO2	[M + H]+	NTKGSOGYUJUGCY	InChI=1S/C6H11NO2/c1-2-3-4-6(8)5-7-9/h5,9H,2-4H2,1H3	2-Oxohexanal 1-oxime	CCCCC(=O)C=NO	1.79999995	6399239;6434465;9570621	PubChem:(6399239 6434465 9570621);PubChem class - safety and toxic	67108866
54	1	N/A	-233.60582384507924	C6H11NO2	[M + H]+	YACQJJJPEQXXHC	InChI=1S/C6H11NO2/c1-3-4-6(8)5(2)7-9/h9H,3-4H2,1-2H3	(2Z)-2-hydroxyiminohexan-3-one	CCCC(=O)C(=NO)C	1.20000005	6399240;9570622;54497439	PubChem:(6399240 9570622 54497439);PubChem class - safety and toxic	67108866
55	1	N/A	-234.8399459513985	C6H11NO2	[M + H]+	REYAJCIAOQNQTF	InChI=1S/C6H11NO2/c1-3-7-6(9)4-5(2)8/h3-4H2,1-2H3,(H,7,9)	N-ethylacetoacetamide	CCNC(=O)CC(=O)C	-0.200000003	24988	PubChem:(24988);PubChem class - safety and toxic	67108866
56	1	N/A	-241.14406989495643	C6H11NO2	[M + H]+	NQAIVVRCFAMKLM	InChI=1S/C6H11NO2/c1-7(2)6(3-4-6)5(8)9/h3-4H2,1-2H3,(H,8,9)	1-(dimethylamino)cyclopropanecarboxylic acid	CN(C)C1(CC1)C(=O)O	-2.0999999	386199	COCONUT:(CNP0324541);Natural Products:(UNPD86874);PubChem:(386199);SuperNatural:(SN00303723);ZINC bio:(ZINC01647035)	3186690
57	1	N/A	-243.50948845857587	C6H11NO2	[M + H]+	RXVINEUKGZXZAV	InChI=1S/C6H11NO2/c1-3-4(2)5(7)6(8)9/h3-5H,1,7H2,2H3,(H,8,9)	ACMC-20mtmi	CC(C=C)C(C(=O)O)N	-1.89999998	10997063;11094644;22465240;94420831;94420832;106702816;106702675	MeSH:(22465240);PubChem:(10997063 11094644 22465240 94420831 94420832 106702816 106702675);PubMed	70
58	1	N/A	-244.00170919878477	C6H11NO2	[M + H]+	YPMPTULBFPFSEQ	InChI=1S/C6H11NO2/c1-3-9-6(8)4-5(2)7/h4H,3,7H2,1-2H3	Ethyl 3-aminocrotonate	CCOC(=O)C=C(C)N	1.0	95308;637551;643756;76972976	NORMAN:(NS00044094);PubChem class - safety and toxic;PubChem:(95308 637551 643756 76972976)	67371010
59	1	N/A	-244.47886033339492	C6H11NO2	[M + H]+	NXDHWWSDSATZTL	InChI=1S/C6H11NO2/c1-7-6(3-4-6)5(8)9-2/h7H,3-4H2,1-2H3	Cyclopropanecarboxylic acid, 1-(methylamino)-, methyl ester	CNC1(CC1)C(=O)OC	0.100000001	13556583	COCONUT:(CNP0397038);Natural Products:(UNPD117409);PubChem:(13556583);SuperNatural:(SN00287645)	3178498
60	1	N/A	-245.78673740556346	C6H11NO2	[M + H]+	DGOYLVBDCVINQZ	InChI=1S/C6H11NO2/c7-6(8)5-1-3-9-4-2-5/h5H,1-4H2,(H2,7,8)	oxane-4-carboxamide	C1COCCC1C(=O)N	-0.600000024	13197203	PubChem:(13197203);PubChem class - safety and toxic	67108866
61	1	N/A	-253.5146080213775	C6H11NO2	[M + H]+	UCSPSEUVPQTOQD	InChI=1S/C6H11NO2/c1-7-4-5(8)2-3-6(7)9/h5,8H,2-4H2,1H3	5-hydroxy-1-methylpiperidin-2-one	CN1CC(CCC1=O)O	-0.800000012	58763646;97184187;97184188	PubChem:(58763646 97184187 97184188);PubChem class - safety and toxic	67108866
62	1	N/A	-258.0832226647837	C6H11NO2	[M + H]+	DYSUVIPLCIOCKL	InChI=1S/C6H11NO2/c1-4-3-6(4,7-2)5(8)9/h4,7H,3H2,1-2H3,(H,8,9)	2-methyl-1-(methylamino)cyclopropane-1-carboxylic acid	CC1CC1(C(=O)O)NC	-2.0999999	4627778;49866818;68276700	PubChem:(4627778 49866818 68276700);PubChem class - bio and metabolites	16777218
63	1	N/A	-259.9298647378069	C6H11NO2	[M + H]+	IKMSGGHCWBSOOO	InChI=1S/C6H11NO2/c1-9-6(8)2-3-7-4-5-7/h2-5H2,1H3	3-Ethyleniminopropionate	COC(=O)CCN1CC1	-0.100000001	14087;59031865	PubChem:(14087 59031865);NORMAN:(NS00023457)	262146
64	1	N/A	-260.82905192072514	C6H11NO2	[M + H]+	HDKZWRBPFIPXIE	InChI=1S/C6H12NO2/c8-5-1-7(2-5)3-6(9)4-7/h5-6,8-9H,1-4H2/q+1	null	C1C(C[N+]12CC(C2)O)O	-1.39999998	101407381	PubChem:(101407381);Natural Products:(UNPD140264)	32770
65	1	N/A	-262.6571318647392	C6H11NO2	[M + H]+	PGYLHAWIWHNHRI	InChI=1S/C6H11NO2/c1-3-5(2)6(8)4-7-9/h4-5,9H,3H2,1-2H3	3-Methyl-2-oxopentanal 1-oxime	CCC(C)C(=O)C=NO	1.79999995	6410473;6445987;9554252	PubChem:(6410473 6445987 9554252);PubChem class - safety and toxic	67108866
66	1	N/A	-262.93919788008833	C6H11NO2	[M + H]+	VGSLRQVUNUAWRE	InChI=1S/C6H11NO2/c7-5(8)6(9)3-1-2-4-6/h9H,1-4H2,(H2,7,8)	Cyclopentanecarboxamide, 1-hydroxy-	C1CCC(C1)(C(=O)N)O	-0.5	12857769	PubChem:(12857769);PubChem class - safety and toxic	67108866
67	1	N/A	-264.3361759278407	C6H11NO2	[M + H]+	TYAFIFFKPSWZRM	InChI=1S/C6H11NO2/c1-4(2)3-5(7)6(8)9/h3-4H,7H2,1-2H3,(H,8,9)	Dehydroleucine	CC(C)C=C(C(=O)O)N	0.899999976	6450039	PubChem:(6450039);YMDB Mine;EcoCyc Mine;MeSH:(6450039);PubMed;KEGG Mine	60129542214
68	1	N/A	-267.1141052080099	C6H11NO2	[M + H]+	ZEMHQYNMVKDBFJ	InChI=1S/C6H11NO2/c1-2-6(9)7-4-3-5-8/h2,8H,1,3-5H2,(H,7,9)	N-(3-Hydroxypropyl)acrylamide	C=CC(=O)NCCCO	-0.200000003	10396866	PubChem class - safety and toxic;PubChem:(10396866);PubMed	67108930
69	1	N/A	-267.9815670072137	C6H11NO2	[M + H]+	SOYLQPBXNGCSNB	InChI=1S/C6H11NO2/c1-5(3-4-8)7-6(2)9/h4-5H,3H2,1-2H3,(H,7,9)	N-(4-oxobutan-2-yl)acetamide	CC(CC=O)NC(=O)C	-0.600000024	21393674	PubChem:(21393674);HMDB:(59649)	10
70	1	N/A	-268.7008989447079	C6H11NO2	[M + H]+	XZTPLFHJUZJXQP	InChI=1S/C6H11NO2/c1-7-4-5-2-3-6(8)9-5/h5,7H,2-4H2,1H3	null	CNCC1CCC(=O)O1	-0.200000003	10103197;10329316;78146563	COCONUT:(CNP0028409);PubChem:(10103197 10329316 78146563);SuperNatural:(SN00143096);ZINC bio:(ZINC68605932)	3153922
71	1	N/A	-271.6429190340146	C6H11NO2	[M + H]+	ODHQVFPGHQBQSY	InChI=1S/C6H11NO2/c1-5(8)7-3-2-6(9)4-7/h6,9H,2-4H2,1H3	(R)-1-Acetyl-3-pyrrolidinol	CC(=O)N1CCC(C1)O	-0.800000012	10197700;10486876;55267746	PubChem:(10197700 10486876 55267746);PubChem class - safety and toxic	67108866
72	1	N/A	-274.65707530874306	C6H11NO2	[M + H]+	WOWQQULALBNEEM	InChI=1S/C6H11NO2/c1-2-4-7-6(8)3-5-9-7/h2-5H2,1H3	2-Propylisoxazolid-3(2H)-one	CCCN1C(=O)CCO1	0.400000006	38676	PubChem:(38676);PubChem class - safety and toxic	67108866
73	1	N/A	-276.81120279263894	C6H11NO2	[M + H]+	YWLSGHOSSUXBJK	InChI=1S/C6H11NO2/c1-5-7-6(2,3-8)4-9-5/h8H,3-4H2,1-2H3	2,4-Dimethyl-2-oxazoline-4-methanol	CC1=NC(CO1)(C)CO	-0.699999988	98073;36689166;38989058	PubChem:(98073 36689166 38989058);NORMAN:(NS00057829)	262146
74	1	N/A	-277.0275429127241	C6H11NO2	[M + H]+	KYWXRBNOYGGPIZ	InChI=1S/C6H11NO2/c1-6(8)7-2-4-9-5-3-7/h2-5H2,1H3	N-Acetylmorfolin	CC(=O)N1CCOCC1	-0.699999988	15543	NORMAN:(NS00009993);COCONUT:(CNP0213616);Natural Products:(UNPD37327);PubChem:(15543);SuperNatural:(SN00315308);ZINC bio:(ZINC00404270);PubChem class - safety and toxic;PubMed	70557762
75	1	N/A	-277.3056482041013	C6H11NO2	[M + H]+	OUUWATVJTLBCFV	InChI=1S/C6H11NO2/c1-4-7(5(2)8)6(3)9/h4H2,1-3H3	N-Acetyl-N-ethylacetamide	CCN(C(=O)C)C(=O)C	-0.100000001	73808	PubChem:(73808);NORMAN:(NS00025075)	262146
76	1	N/A	-278.89268161703376	C6H11NO2	[M + H]+	JMFVWNKPLURQMI	InChI=1S/C6H11NO2/c7-6(8)9-5-3-1-2-4-5/h5H,1-4H2,(H2,7,8)	Cyclopentyl carbamate	C1CCC(C1)OC(=O)N	0.800000012	199405;57945331	PubChem class - safety and toxic;PubChem:(199405 57945331);PubMed	67108930
77	1	N/A	-283.00878384049213	C6H11NO2	[M + H]+	IRVPUNRJDRXQBL	InChI=1S/C6H11NO2/c1-4(5(2)8)7-6(3)9/h4H,1-3H3,(H,7,9)	3-acetamidobutan-2-one	CC(C(=O)C)NC(=O)C	-0.300000012	97923;7000101;6994265	NORMAN:(NS00046627);PubChem:(97923 7000101 6994265);PubChem class - bio and metabolites;Plantcyc:(CPD-15903);PubMed;Biocyc:(CPD-15903)	17172546
78	1	N/A	-288.6351104483746	C6H11NO2	[M + H]+	JSTBTMPTTAFOSB	InChI=1S/C6H11NO2/c1-6(2)4(7-6)5(8)9-3/h4,7H,1-3H3	null	CC1(C(N1)C(=O)OC)C	0.100000001	11094646;53236056;124407188	COCONUT:(CNP0183519);Natural Products:(UNPD166664);PubChem:(11094646 53236056 124407188);SuperNatural:(SN00296257)	3178498
79	1	N/A	-291.00087191122	C6H11NO2	[M + H]+	GANOKKCPYBWVRC	InChI=1S/C6H11NO2/c1-5(6(8)9)4-7(2)3/h1,4H2,2-3H3,(H,8,9)	2-[(dimethylamino)methyl]prop-2-enoate	CN(C)CC(=C)C(=O)O	-2.0999999	223581;22186499;134854492	PubChem:(223581 22186499 134854492);PubChem class - safety and toxic	67108866
80	1	N/A	-295.0878317057922	C6H11NO2	[M + H]+	QLIBJPGWWSHWBF	InChI=1S/C6H11NO2/c1-5(2)6(8)9-4-3-7/h1,3-4,7H2,2H3	2-Aminoethylmethacrylate	CC(=C)C(=O)OCCN	-0.0470124967	75496;6997168	NORMAN:(NS00036692);MeSH:(75496);PubChem:(75496 6997168);PubMed	262214
81	1	N/A	-298.4758731907185	C6H11NO2	[M + H]+	AOHHOQCLVBLOHU	InChI=1S/C6H11NO2/c1-3-5-7-6(8)9-4-2/h3H,1,4-5H2,2H3,(H,7,8)	Ethyl allylcarbamate	CCOC(=O)NCC=C	1.0	138454	PubChem class - safety and toxic;PubChem:(138454);PubMed	67108930
82	1	N/A	-299.1608002453957	C6H11NO2	[M + H]+	PMZZKLUKCIYOJP	InChI=1S/C6H11NO2/c1-3-7-5-4-6(8)9-2/h4-5,7H,3H2,1-2H3	methyl 3-(ethylamino)prop-2-enoate	CCNC=CC(=O)OC	1.29999995	2751254;5705361	COCONUT:(CNP0034693);PubChem:(2751254 5705361);SuperNatural:(SN00133791);ZINC bio:(ZINC15975158)	3153922
83	1	N/A	-300.891738808607	C6H11NO2	[M + H]+	BSCJIBOZTKGXQP	InChI=1S/C6H11NO2/c1-5(2)6(9)7-3-4-8/h8H,1,3-4H2,2H3,(H,7,9)	N-(2-Hydroxyethyl)methacrylamide	CC(=C)C(=O)NCCO	-0.200000003	10197699	PubChem class - safety and toxic;PubChem:(10197699);PubMed	67108930
84	1	N/A	-301.4283780401258	C6H11NO2	[M + H]+	YRISILVEKHMLPL	InChI=1S/C6H11NO2/c1-6(2,4-8)5(9)3-7/h5,8-9H,4H2,1-2H3	ACMC-20mvkn	CC(C)(CO)C(C#N)O	-0.100000001	25066;11137189;11378502	PubChem:(25066 11137189 11378502);PubChem class - safety and toxic	67108866
85	1	N/A	-304.48211523324983	C6H11NO2	[M + H]+	GISPZPIPXRSEIV	InChI=1S/C6H11NO2/c1-6(2,3)5(8)4-7-9/h4,9H,1-3H3	3,3-Dimethyl-2-oxobutanal 1-oxime	CC(C)(C)C(=O)C=NO	1.79999995	6399236;6434412;9570604	PubChem:(6399236 6434412 9570604);PubChem class - safety and toxic	67108866
86	1	N/A	-307.9254925442697	C6H11NO2	[M + H]+	YBUPWRYTXGAWJX	InChI=1S/C6H11NO2/c1-4(2)5-3-9-6(8)7-5/h4-5H,3H2,1-2H3,(H,7,8)	R-4-Isopropyl-2-oxazolidinone	CC(C)C1COC(=O)N1	1.10000002	519353;641505;7157133;102157325	PubChem class - safety and toxic;PubChem:(519353 641505 7157133 102157325);PubMed	67108930
87	1	N/A	-311.4271818743744	C6H11NO2	[M + H]+	SNAKZQGNQQFDCV	InChI=1S/C6H11NO2/c1-4(2)6(8)5(3)7-9/h4,9H,1-3H3	ACMC-20hito	CC(C)C(=O)C(=NO)C	1.39999998	6400710;9578407;57357475	PubChem:(6400710 9578407 57357475);PubChem class - safety and toxic	67108866
88	1	N/A	-311.48707729093024	C6H11NO2	[M + H]+	SWYMJLYPXAXHBJ	InChI=1S/C6H11NO2/c1-5(4-8)6-7-2-3-9-6/h5,8H,2-4H2,1H3	2-[1-(Hydroxymethyl)ethyl] oxazoline	CC(CO)C1=NCCO1	-0.400000006	114555;86309827;86310243	PubChem:(114555 86309827 86310243);PubChem class - safety and toxic	67108866
89	1	N/A	-314.03197335262155	C6H11NO2	[M + H]+	YNFDTNUDQJVEOF	InChI=1S/C6H11NO2/c1-5(2)3-6(8)4-7-9/h4-5,9H,3H2,1-2H3	4-Methyl-2-oxopentanal 1-oxime	CC(C)CC(=O)C=NO	1.70000005	6400709;6444361;9578349	MeSH:(6400709 6444361 9578349);PubChem class - safety and toxic;PubChem:(6400709 6444361 9578349)	67108870
90	1	N/A	-316.19981455853673	C6H11NO2	[M + H]+	IUFIMAVKWGQGQX	InChI=1S/C6H11NO2/c1-2-5-9-6(8)7-3-4-7/h2-5H2,1H3	propyl aziridine-1-carboxylate	CCCOC(=O)N1CC1	0.800000012	13013	PubChem:(13013);PubChem class - safety and toxic	67108866
91	1	N/A	-316.7243734505254	C6H11NO2	[M + H]+	QAKYFFYZPIPLDN	InChI=1S/C6H11NO2/c1-5(7-2)4-6(8)9-3/h4,7H,1-3H3	Methyl 3-methylaminobut-2-enoate	CC(=CC(=O)OC)NC	1.29999995	2734182;5702622;5846045	COCONUT:(CNP0390582);PubChem:(2734182 5702622 5846045);SuperNatural:(SN00133782);ZINC bio:(ZINC15839430)	3153922
92	1	N/A	-323.51453421634994	C6H11NO2	[M + H]+	KKWRXTVMYYRSMZ	InChI=1S/C6H11NO2/c1-4(2)6(7-9)5(3)8/h4,9H,1-3H3	4-Methyl-2,3-pentanedione 3-oxime	CC(C)C(=NO)C(=O)C	1.39999998	6399043;9561111;6795112	PubChem:(6399043 9561111 6795112);PubChem class - safety and toxic	67108866
93	1	N/A	-328.6673399954076	C6H11NO2	[M + H]+	OODXRKGBMISMPF	InChI=1S/C6H11NO2/c1-5(2)7-6(8)3-4-9-7/h5H,3-4H2,1-2H3	2-Isopropylisoxazolid-3(2H)-one	CC(C)N1C(=O)CCO1	0.300000012	38677	PubChem:(38677);PubChem class - safety and toxic	67108866
94	1	N/A	-331.94263686064625	C6H11NO2	[M + H]+	DXLUNIWVHZZSPK	InChI=1S/C6H11NO2/c1-3-4(2)9-6(8)5(3)7/h3-5H,7H2,1-2H3	3-amino-4,5-dimethyloxolan-2-one	CC1C(OC(=O)C1N)C	0.200000003	10630882;10931791;10964874;11240492;11997076;11997077;11997078;11997079;11435034;11480458;55283976;59116440;89105119;138979971	COCONUT:(CNP0418917);Natural Products:(UNPD169745);PubChem:(10630882 10931791 10964874 11240492 11997076 11997077 11997078 11997079 11435034 11480458 55283976 59116440 89105119 138979971);SuperNatural:(SN00384097);KEGG Mine	8593113090
95	1	N/A	-332.7140747803677	C6H11NO2	[M + H]+	LSWADWIFYOAQRZ	InChI=1S/C6H11NO2/c1-3-6(8)7-5-9-4-2/h3H,1,4-5H2,2H3,(H,7,8)	N-(Ethoxymethyl)acrylamide	CCOCNC(=O)C=C	0.400000006	83066	PubChem:(83066);NORMAN:(NS00024102)	262146
96	1	N/A	-338.3185275267385	C6H11NO2	[M + H]+	AEJLDXOAORTQER	InChI=1S/C6H11NO2/c1-7-3-5(4-8)2-6(7)9/h5,8H,2-4H2,1H3	4-(Hydroxymethyl)-1-methylpyrrolidin-2-one	CN1CC(CC1=O)CO	-1.0	21914263;28063308;28063309	PubChem:(21914263 28063308 28063309);PubChem class - safety and toxic	67108866
97	1	N/A	-341.4626574782013	C6H11NO2	[M + H]+	CZWSUVQCPWIYID	InChI=1S/C6H11NO2/c1-6(2)4-3-5-7(8)9/h3,5-6H,4H2,1-2H3	(E)-4-methyl-1-nitropent-1-ene	CC(C)CC=C[N+](=O)[O-]	2.0999999	214773;6445360	PubChem:(214773 6445360);PubChem class - safety and toxic	67108866
98	1	N/A	-347.4976373686932	C6H11NO2	[M + H]+	QRHKUWPDXPZWDX	InChI=1S/C6H11NO2/c1-5(2)9-6(8)7-3-4-7/h5H,3-4H2,1-2H3	Isopropyl aziridinylformate	CC(C)OC(=O)N1CC1	0.699999988	12640	PubChem:(12640);PubChem class - safety and toxic	67108866
99	1	N/A	-366.61501346383113	C6H11NO2	[M + H]+	YPEWWOUWRRQBAX	InChI=1S/C6H11NO2/c1-5(8)4-6(9)7(2)3/h4H2,1-3H3	NN-Dimethylacetoacetamide	CC(=O)CC(=O)N(C)C	-0.400000006	16278	NORMAN:(NS00009956);COCONUT:(CNP0333027);PubChem:(16278);MeSH:(16278);PubChem class - safety and toxic;PubMed	69468230
100	1	N/A	-396.7172128925004	C6H11NO2	[M + H]+	YOZHLACIXDCHPV	InChI=1S/C6H11NO2/c1-5(2)6(8)7-4-9-3/h1,4H2,2-3H3,(H,7,8)	N-(Methoxymethyl)methacrylamide	CC(=C)C(=O)NCOC	0.5	77204	NORMAN:(NS00022104);PubChem class - safety and toxic;PubChem:(77204)	67371010
1	1	N/A	-40.41154311871699	C6H13NO3	[M - H2O + H]+	OLUWXTFAPJJWPL	InChI=1S/C6H13NO3/c7-5(6(9)10)3-1-2-4-8/h5,8H,1-4,7H2,(H,9,10)	Hexahomoserine	C(CCO)CC(C(=O)O)N	-0.518910408	97725;233487;5288041;36691220;38988837	COCONUT:(CNP0105740);HMDB:(142963);PubChem:(97725 233487 5288041 36691220 38988837);YMDB Mine;PubChem class - bio and metabolites;EcoCyc Mine;MeSH:(97725 233487);PubMed;KEGG Mine	60148416590
2	1	N/A	-85.52567368161202	C6H13NO3	[M - H2O + H]+	LUMVYMITQCJEGS	InChI=1S/C6H13NO3/c1-4(7)5(8)2-3-6(9)10/h4-5,8H,2-3,7H2,1H3,(H,9,10)	(4S,5R)-5-amino-4-hydroxyhexanoic acid	CC(C(CCC(=O)O)O)N	-3.29999995	4636206;5288659;15381544	PubChem:(4636206 5288659 15381544);PubChem class - bio and metabolites	16777218
3	1	N/A	-100.66158265256504	C6H13NO3	[M - H2O + H]+	CQUIPUAMBATVOP	InChI=1S/C6H13NO3/c1-4(8)2-3-5(7)6(9)10/h4-5,8H,2-3,7H2,1H3,(H,9,10)	2-amino-5-hydroxyhexanoic acid	CC(CCC(C(=O)O)N)O	-0.515601993	22998818;53735368;87665296;124350746;124350747	COCONUT:(CNP0295098);Natural Products:(UNPD192427);PubChem:(22998818 53735368 87665296 124350746 124350747);SuperNatural:(SN00311980);YMDB Mine;EcoCyc Mine;MeSH:(22998818);PubMed;KEGG Mine	60132720710
4	1	N/A	-111.38860126443561	C6H13NO3	[M - H2O + H]+	SDCAQJCTUOFAKD	InChI=1S/C6H13NO3/c1-4(3-8)2-5(7)6(9)10/h4-5,8H,2-3,7H2,1H3,(H,9,10)	ACMC-20mnzu	CC(CC(C(=O)O)N)CO	-0.738482118	15927960;15927961;15927962;15927963;15927964;54299337;87937905;91820398	PubChem:(15927960 15927961 15927962 15927963 15927964 54299337 87937905 91820398);YMDB Mine;PubChem class - bio and metabolites;EcoCyc Mine;PubMed;Biocyc:(CPD-17723);KEGG Mine	60146321474
5	1	N/A	-113.05319199150551	C6H13NO3	[M - H2O + H]+	YCSFMOVBARTLBW	InChI=1S/C6H13NO3/c1-2-10-4-3-5(7)6(8)9/h5H,2-4,7H2,1H3,(H,8,9)	Homoserine,O-ethyl-	CCOCCC(C(=O)O)N	-0.576568365	547689;176954;106702799	COCONUT:(CNP0109857);Natural Products:(UNPD35087);PubChem:(547689 176954 106702799);SuperNatural:(SN00240276);YMDB Mine;ZINC bio:(ZINC05859093 ZINC13352843);EcoCyc Mine;KEGG Mine	60132728834
6	1	N/A	-140.45093641939368	C6H13NO3	[M - H2O + H]+	LULHTUNPBBMNSJ	InChI=1S/C6H13NO3/c1-3-10-4(2)5(7)6(8)9/h4-5H,3,7H2,1-2H3,(H,8,9)	O-Ethylthreonine	CCOC(C)C(C(=O)O)N	-2.70000005	542370;146840;2724876;7019377;22213408;22301551;55252664;88969419	PubChem:(542370 146840 2724876 7019377 22213408 22301551 55252664 88969419);MeSH:(2724876)	6
7	1	N/A	-141.1104740318306	C6H13NO3	[M - H2O + H]+	YEGAKLYOVHUQIJ	InChI=1S/C6H13NO3/c1-3-4(2)5(7-10)6(8)9/h4-5,7,10H,3H2,1-2H3,(H,8,9)	N-hydroxy-L-isoleucine	CCC(C)C(C(=O)O)NO	-1.70000005	19906094;49852348;49852349;87723367;87723425	PubChem:(19906094 49852348 49852349 87723367 87723425);YMDB Mine;CHEBI:(61129 61131);PubChem class - bio and metabolites;EcoCyc Mine;KEGG:(C20310);Plantcyc:(CPD-10271);Biocyc:(CPD-10271)	51556518178
8	1	N/A	-144.5524151275637	C6H13NO3	[M - H2O + H]+	HNCSHNXJJWIGTP	InChI=1S/C6H13NO3/c1-3-4(8)5(7-2)6(9)10/h4-5,7-8H,3H2,1-2H3,(H,9,10)	null	CCC(C(C(=O)O)NC)O	-2.5999999	55286555;55287845;76224000	COCONUT:(CNP0169081);Natural Products:(UNPD40890);PubChem:(55286555 55287845 76224000);SuperNatural:(SN00332355)	3178498
9	1	N/A	-145.848434252895	C6H13NO3	[M - H2O + H]+	ZAYJDMWJYCTABM	InChI=1S/C6H13NO3/c1-3(2)5(8)4(7)6(9)10/h3-5,8H,7H2,1-2H3,(H,9,10)	b-Hydroxyleucine	CC(C)C(C(C(=O)O)N)O	-0.735173702	134611;277776;2724756;2724869;6994740;6994741;6994742;6994743;6994744;10942590;36690829;74652525;87129721;134694186;135071118;135081178	COCONUT:(CNP0145515);Natural Products:(UNPD186051 UNPD19440);PubChem:(134611 277776 2724756 2724869 6994740 6994741 6994742 6994743 6994744 10942590 36690829 74652525 87129721 134694186 135071118 135081178);SuperNatural:(SN00318740);YMDB Mine;ZINC bio:(ZINC01715386 ZINC01715387 ZINC01715388 ZINC01715389);PubChem class - bio and metabolites;EcoCyc Mine;MeSH:(134611 277776 6994741 6994743);PubMed;KEGG Mine	60149506118
10	1	N/A	-153.42704525358042	C6H13NO3	[M - H2O + H]+	XIXNQTGGBNDDMJ	InChI=1S/C6H13NO3/c1-3-5(7(9)10)6(8)4-2/h5-6,8H,3-4H2,1-2H3	4-nitrohexan-3-ol	CCC(C(CC)O)[N+](=O)[O-]	1.20000005	220638;15939471;15939472;11961609;11961610	PubChem:(220638 15939471 15939472 11961609 11961610);PubChem class - safety and toxic	67108866
11	1	N/A	-154.97040605870603	C6H13NO3	[M - H2O + H]+	HJEXNFCNNXWHLC	InChI=1S/C6H13NO3/c1-4(2)3-5(7-10)6(8)9/h4-5,7,10H,3H2,1-2H3,(H,8,9)	2-(hydroxyamino)-4-methylpentanoic acid	CC(C)CC(C(=O)O)NO	-1.70000005	4693820;20759852;88145195	COCONUT:(CNP0205469);Natural Products:(UNPD94796 UNPD191116);PubChem:(4693820 20759852 88145195);SuperNatural:(SN00315631);YMDB Mine;EcoCyc Mine;PubMed;KEGG Mine	60132720706
12	1	N/A	-157.35501810137868	C6H13NO3	[M - H2O + H]+	WPJRFCZKZXBUNI	InChI=1S/C6H13NO3/c1-4(9)6(10)5(7)2-3-8/h3-6,9-10H,2,7H2,1H3	Acosamine	CC(C(C(CC=O)N)O)O	-2.0999999	160128;170464;171083;419075;5460931;40578319;88100382;88317653;88769887	COCONUT:(CNP0343704);PubChem:(160128 170464 171083 419075 5460931 40578319 88100382 88317653 88769887);CHEBI:(32539 32537);ZINC bio:(ZINC06030220);MeSH:(160128 170464 171083 419075 5460931);PubMed	2105446
13	1	N/A	-159.20462530187524	C6H13NO3	[M - H2O + H]+	OSCCDBFHNMXNME	InChI=1S/C6H13NO3/c1-3(4(2)8)5(7)6(9)10/h3-5,8H,7H2,1-2H3,(H,9,10)	Adyvia	CC(C(C)O)C(C(=O)O)N	-2.79999995	354197;2769418;2773624;6918732;6993179;11521101;11535585;11564494;11686930;11708073;10219515;11194416;26082627;26082623;26082624;40561613;40425063;55283948;59809464;59809465;87848031;87856948;89103195;89103200;89103202;89103203;89103206;89334048;89334078;89334118	HMDB:(29449);SuperNatural:(SN00267607 SN00314148 SN00293921 SN00287368 SN00334580 SN00235966);ZINC bio:(ZINC01608541 ZINC02526383 ZINC02578100 ZINC05759722 ZINC05759723 ZINC14419733 ZINC14419734 ZINC14419737);additional;MeSH:(2773624 6918732);Plantcyc:(CPD-14635);PubMed;COCONUT:(CNP0207254);Natural Products:(UNPD157297 UNPD159105 UNPD422 UNPD46133 UNPD25937 UNPD143758);PubChem:(354197 2769418 2773624 6918732 6993179 11521101 11535585 11564494 11686930 11708073 10219515 11194416 26082627 26082623 26082624 40561613 40425063 55283948 59809464 59809465 87848031 87856948 89103195 89103200 89103202 89103203 89103206 89334048 89334078 89334118);YMDB Mine;CHEBI:(78247 79079);PubChem class - bio and metabolites;EcoCyc Mine;KEGG:(C20802);PubChem class - safety and toxic;Training Set;Biocyc:(CPD-14635);KEGG Mine	60217289070
14	1	N/A	-162.49024244906866	C6H13NO3	[M - H2O + H]+	MFHPPMMWHSHDSI	InChI=1S/C6H13NO3/c8-4-1-2-6(10)7-3-5-9/h8-9H,1-5H2,(H,7,10)	Etoxybamide	C(CC(=O)NCCO)CO	-1.5	522232	PubChem:(522232);PubChem class - drug	33554434
15	1	N/A	-171.5603552029174	C6H13NO3	[M - H2O + H]+	KEEQSWOXTDTQJV	InChI=1S/C6H13NO3/c1-6(2,10)3-4(7)5(8)9/h4,10H,3,7H2,1-2H3,(H,8,9)	L-Leucine, 4-hydroxy-	CC(C)(CC(C(=O)O)N)O	-3.0999999	14214359;21087467;90657179;92446778	COCONUT:(CNP0190763);Natural Products:(UNPD142251);PubChem:(14214359 21087467 90657179 92446778);SuperNatural:(SN00282484);YMDB Mine;CHEBI:(144031 144038 144037);ZINC bio:(ZINC13353676 ZINC13353680);EcoCyc Mine;PubMed;Biocyc:(CPD-14636);KEGG Mine	60132730978
16	1	N/A	-175.71486227957678	C6H13NO3	[M - H2O + H]+	IAXLQZFJGQNGBQ	InChI=1S/C6H13NO3/c1-6(2,3-8)4(7)5(9)10/h4,8H,3,7H2,1-2H3,(H,9,10)	Pantonine	CC(C)(CO)C(C(=O)O)N	-0.894171119	12313952;9942182	COCONUT:(CNP0161879);Natural Products:(UNPD17079);PubChem:(12313952 9942182);SuperNatural:(SN00351297);YMDB Mine;ZINC bio:(ZINC13353027 ZINC13353031);EcoCyc Mine;KEGG Mine	60132728834
17	1	N/A	-176.3993153602731	C6H13NO3	[M - H2O + H]+	JNTDLWHHJMGLGD	InChI=1S/C6H13NO3/c1-3-10-6(9)5(7)4(2)8/h4-5,8H,3,7H2,1-2H3	ethyl threoninate	CCOC(=O)C(C(C)O)N	-0.600000024	554035;2763097;10888062;12748090;12748091;12748092;33787792	NORMAN:(NS00029467);PubChem class - safety and toxic;PubChem:(554035 2763097 10888062 12748090 12748091 12748092 33787792);PubMed	67371074
18	1	N/A	-177.7070653678677	C6H13NO3	[M - H2O + H]+	RMOPCJOZHHOQFT	InChI=1S/C6H13NO3/c1-6(9)10-5-3-7-2-4-8/h7-8H,2-5H2,1H3	2-(2-hydroxyethylamino)ethyl acetate	CC(=O)OCCNCCO	-1.0	170749	PubChem:(170749);NORMAN:(NS00031468)	262146
19	1	N/A	-183.77218070533846	C6H13NO3	[M - H2O + H]+	CSSWCWIUAZSBHV	InChI=1S/C6H13NO3/c1-6(10)7(2-4-8)3-5-9/h8-9H,2-5H2,1H3	null	CC(=O)N(CCO)CCO	-1.60000002	9793833	PubChem:(9793833);PubChem class - safety and toxic	67108866
20	1	N/A	-187.75661908442896	C6H13NO3	[M - H2O + H]+	YZNNBIPIQWYLDM	InChI=1S/C6H13NO3/c8-3-4-6(10)5(9)1-2-7-4/h4-10H,1-3H2	Fagomine	C1CNC(C(C1O)O)CO	-1.39999998	72259;3553645;10678391;12085980;12085981;10290867;10313212;11389465;21115122;23246647;44306314;60104581;59918212;90292142;130913324;130435517	COCONUT:(CNP0235839);HMDB:(33453);KNApSAcK:(2038);Natural Products:(UNPD6747 UNPD121663 UNPD113460);PubChem:(72259 3553645 10678391 12085980 12085981 10290867 10313212 11389465 21115122 23246647 44306314 60104581 59918212 90292142 130913324 130435517);SuperNatural:(SN00230135 SN00315103 SN00386769);CHEBI:(4969 132399);PubChem class - bio and metabolites;MeSH:(72259);KEGG:(C10144);PubMed	19956094
21	1	N/A	-188.01046491334907	C6H13NO3	[M - H2O + H]+	FHNKBDPGQXLKRW	InChI=1S/C6H13NO3/c7-4-1-3(2-8)5(9)6(4)10/h3-6,8-10H,1-2,7H2	3-amino-5-(hydroxymethyl)cyclopentane-1,2-diol	C1C(C(C(C1N)O)O)CO	-1.60000002	276738;2734537;7010333;7168146;10975635;12877392;12877396;12877397;12877398;12877399;11863223;11887845;11887844;18651921;25017448;57209511;67614144;89554170;89998009;121452876;123206834;123269015;130278844	PubChem class - safety and toxic;PubChem:(276738 2734537 7010333 7168146 10975635 12877392 12877396 12877397 12877398 12877399 11863223 11887845 11887844 18651921 25017448 57209511 67614144 89554170 89998009 121452876 123206834 123269015 130278844);PubMed	67108930
22	1	N/A	-194.25359902252333	C6H13NO3	[M - H2O + H]+	SRFZPWAZZISKCU	InChI=1S/C6H13NO3/c8-3-4-1-5(9)6(10)2-7-4/h4-10H,1-3H2	1,4-Dideoxymannojirimycin	C1C(NCC(C1O)O)CO	-1.89999998	10820692;10034762;11658312;68275909;69998583;101358490;131016597	COCONUT:(CNP0346870);KNApSAcK:(42026);Natural Products:(UNPD190485 UNPD150977);PubChem:(10820692 10034762 11658312 68275909 69998583 101358490 131016597);SuperNatural:(SN00234092 SN00399019);MeSH:(10034762);PubMed	3178582
23	1	N/A	-196.42042669475796	C6H13NO3	[M - H2O + H]+	DSKGWFQMJHBHRT	InChI=1S/C6H13NO3/c1-3-9-6(5(7)8)10-4-2/h6H,3-4H2,1-2H3,(H2,7,8)	2,2-Diethoxyacetamide	CCOC(C(=O)N)OCC	-0.300000012	100765;86639581	NORMAN:(NS00034592);Training Set;PubChem:(100765 86639581)	278530
24	1	N/A	-196.78924475631862	C6H13NO3	[M - H2O + H]+	RDBBJCUJCNMAAF	InChI=1S/C6H13NO3/c1-6(2,10-3)4(7)5(8)9/h4H,7H2,1-3H3,(H,8,9)	3-methoxyvaline	CC(C)(C(C(=O)O)N)OC	-2.9000001	240002;36690097;36690098;38989185;38989186	COCONUT:(CNP0302352);Natural Products:(UNPD58548);PubChem:(240002 36690097 36690098 38989185 38989186);SuperNatural:(SN00281876)	3178498
25	1	N/A	-197.21626441731874	C6H13NO3	[M - H2O + H]+	BBMKQGIZNKEDOX	InChI=1S/C6H13NO3/c1-3-6(9)4(7)2-5(8)10-3/h3-6,8-9H,2,7H2,1H3	4-amino-6-methyloxane-2,5-diol	CC1C(C(CC(O1)O)N)O	-1.39999998	908293;908294;5221810;6545480;12816798;12816800;12816804;26082866;25759866;25759868;40418929;45038776;57277321;55281492;55284628;55284715;55289075;55289611;55290280;68210339;90658397;91847397;91980015;102013063;102013066;101290229;129670315;133687914;134819808	COCONUT:(CNP0398383);Natural Products:(UNPD75107 UNPD92479 UNPD130846);PubChem:(908293 908294 5221810 6545480 12816798 12816800 12816804 26082866 25759866 25759868 40418929 45038776 57277321 55281492 55284628 55284715 55289075 55289611 55290280 68210339 90658397 91847397 91980015 102013063 102013066 101290229 129670315 133687914 134819808);SuperNatural:(SN00333246 SN00370216 SN00259733);ZINC bio:(ZINC02389529 ZINC05912358 ZINC13357841 ZINC13357844 ZINC13357847 ZINC14420580);PubChem class - bio and metabolites;PubChem class - drug;Biocyc:(CPD-13971);KEGG Mine	8643454978
26	1	N/A	-205.5762744128685	C6H13NO3	[M - H2O + H]+	SYNQCHHUCDDFHE	InChI=1S/C6H13NO3/c7-4-1-5(9)6(2-8)10-3-4/h4-6,8-9H,1-3,7H2	5-amino-2-(hydroxymethyl)oxan-3-ol	C1C(COC(C1O)CO)N	-1.29999995	6914651;20675996;55285712;68901736;68903147	PubChem:(6914651 20675996 55285712 68901736 68903147);PubChem class - bio and metabolites	16777218
27	1	N/A	-208.2224121794816	C6H13NO3	[M - H2O + H]+	NXDDNODAJKZARA	InChI=1S/C6H13NO3/c1-7(2)4-5(8)3-6(9)10/h5,8H,3-4H2,1-2H3,(H,9,10)	Norcarnitine	CN(C)CC(CC(=O)O)O	-3.0999999	237032;3081992;7000037;7000038;6993905;11182676;71751173;78435742;90472167	PubChem:(237032 3081992 7000037 7000038 6993905 11182676 71751173 78435742 90472167);YMDB Mine;ZINC bio:(ZINC01671843 ZINC02042472);EcoCyc Mine;MeSH:(237032 3081992);PubMed;KEGG Mine	60129550406
28	1	N/A	-208.36371591751438	C6H13NO3	[M - H2O + H]+	GLRSFSJGWOZGTD	InChI=1S/C6H13NO3/c1-2-3-9-4-5-10-6(7)8/h2-5H2,1H3,(H2,7,8)	2-propoxyethyl carbamate	CCCOCCOC(=O)N	0.300000012	50408	PubChem:(50408);PubChem class - safety and toxic	67108866
29	1	N/A	-212.35626281466295	C6H13NO3	[M - H2O + H]+	YRBKDBZXOAEMOT	InChI=1S/C6H13NO3/c1-3-5(9)6(10)4(2-8)7-3/h3-10H,2H2,1H3	6-Deoxy-DMDP	CC1C(C(C(N1)CO)O)O	-1.29999995	9793832;12085982;12085983;10057639;10057640;10103307;15043140;10240947;10374585;10374586;10441827;11480857;21635671;21876551;21129912;59658606;59658610;59796281;59973649;59973652;90772746;89290989;89291000;91108935;91542270;91367208;101548317;118449004;131005260;130977562;130994204;131071764;131188849;134856183;134856208;134856225;135071257;134974071;134974072;134974406	COCONUT:(CNP0200564);Natural Products:(UNPD104647 UNPD107881 UNPD140019);PubChem:(9793832 12085982 12085983 10057639 10057640 10103307 15043140 10240947 10374585 10374586 10441827 11480857 21635671 21876551 21129912 59658606 59658610 59796281 59973649 59973652 90772746 89290989 89291000 91108935 91542270 91367208 101548317 118449004 131005260 130977562 130994204 131071764 131188849 134856183 134856208 134856225 135071257 134974071 134974072 134974406);SuperNatural:(SN00352472);PubMed	3178562
30	1	N/A	-215.29235118137913	C6H13NO3	[M - H2O + H]+	ZLRWZUVKLXZLRT	InChI=1S/C6H13NO3/c1-4(10-3)5(7-2)6(8)9/h4-5,7H,1-3H3,(H,8,9)	null	CC(C(C(=O)O)NC)OC	-2.5999999	49867447;55287528;58904345;75310456;130706847	PubChem:(49867447 55287528 58904345 75310456 130706847);PubChem class - bio and metabolites	16777218
31	1	N/A	-218.4109308122792	C6H13NO3	[M - H2O + H]+	GCZIWZNSQLPSQS	InChI=1S/C6H13NO3/c1-3-5(8)2-4(7)6(9)10-3/h3-6,8-9H,2,7H2,1H3	null	CC1C(CC(C(O1)O)N)O	-1.39999998	50990899;75596335	PubChem:(50990899 75596335);PubChem class - bio and metabolites	16777218
32	1	N/A	-219.89901238815227	C6H13NO3	[M - H2O + H]+	KJKSLJKIWKNZAK	InChI=1S/C6H13NO3/c1-5(7-10-3)4-6(8)9-2/h5,7H,4H2,1-3H3	null	CC(CC(=O)OC)NOC	0.100000001	64973844	PubChem:(64973844);PubChem class - safety and toxic	67108866
33	1	N/A	-221.7816954066048	C6H13NO3	[M - H2O + H]+	VYOCYWDJTQRZLC	InChI=1S/C6H13NO3/c1-3-5(9)6(10)4(8)2-7-3/h3-10H,2H2,1H3	Deoxyfuconojirimycin	CC1C(C(C(CN1)O)O)O	-1.89999998	122618;373419;456324;456845;12134834;10888061;10975637;11019010;14283426;10219516;10329420;10351835;10351836;10396965;21726927;40429852;44119308;44319887;55300795;55300978;59316657;59928059;58319316;68004251;71315476;90136630;89191799;90901479;130830200;130875077;130918734;129653790;129653843;135056483	COCONUT:(CNP0299396);Natural Products:(UNPD55225);PubChem:(122618 373419 456324 456845 12134834 10888061 10975637 11019010 14283426 10219516 10329420 10351835 10351836 10396965 21726927 40429852 44119308 44319887 55300795 55300978 59316657 59928059 58319316 68004251 71315476 90136630 89191799 90901479 130830200 130875077 130918734 129653790 129653843 135056483);SuperNatural:(SN00356576);CHEBI:(132866);ZINC bio:(ZINC05837575 ZINC05837577 ZINC13687194 ZINC14592918);PubChem class - bio and metabolites;MeSH:(122618 10351835);PubMed	19964006
34	1	N/A	-223.3581395966854	C6H13NO3	[M - H2O + H]+	AGDYNDJUZRMYRG	InChI=1S/C6H13NO3/c1-2-3-4-5-6-10-7(8)9/h2-6H2,1H3	n-Hexyl nitrate	CCCCCCO[N+](=O)[O-]	2.40693045	30209	NORMAN:(NS00026703);PubChem:(30209);PubMed	262210
35	1	N/A	-223.99240183023514	C6H13NO3	[M - H2O + H]+	XLSCZYCIURNRFH	InChI=1S/C6H13NO3/c1-3-5(8)6(9)4(7)2-10-3/h3-6,8-9H,2,7H2,1H3	null	CC1C(C(C(CO1)N)O)O	-1.79999995	54368094;76122340;90702929;91235512;91820713	PubChem:(54368094 76122340 90702929 91235512 91820713);PubChem class - bio and metabolites	16777218
36	1	N/A	-224.43821854611772	C6H13NO3	[M - H2O + H]+	MMMVQHZWYQYOIX	InChI=1S/C6H13NO3/c1-2-3-7-6(9)10-5-4-8/h8H,2-5H2,1H3,(H,7,9)	Carbamic acid, propyl-, 2-hydroxyethyl ester	CCCNC(=O)OCCO	0.200000003	15560805	PubChem:(15560805);PubChem class - bio and metabolites	16777218
37	1	N/A	-240.3260340150828	C6H13NO3	[M - H2O + H]+	WFGYALSKIQVJKA	InChI=1S/C6H13NO3/c1-5(2)9-3-4-10-6(7)8/h5H,3-4H2,1-2H3,(H2,7,8)	Isopropoxyethyl carbamate	CC(C)OCCOC(=O)N	0.200000003	50005	NORMAN:(NS00055530);PubChem class - safety and toxic;PubChem:(50005)	67371010
38	1	N/A	-240.93570742103103	C6H13NO3	[M - H2O + H]+	PKAFWSLANFNPIU	InChI=1S/C6H13NO3/c1-3-5(7)6(9)4(8)2-10-3/h3-6,8-9H,2,7H2,1H3	(3S,4S,5S,6R)-5-amino-6-methyloxane-3,4-diol	CC1C(C(C(CO1)O)O)N	-1.79999995	4369386;53729237	PubChem:(4369386 53729237);PubMed;PubChem class - bio and metabolites	16777282
39	1	N/A	-245.0549400944816	C6H13NO3	[M - H2O + H]+	CIVVRPHZRYVSCF	InChI=1S/C6H13NO3/c1-4(8)5(6(9)10)7(2)3/h4-5,8H,1-3H3,(H,9,10)	L-Threonine, N,N-dimethyl-	CC(C(C(=O)O)N(C)C)O	-2.5999999	20516571;45088165;53723505;55301583;131877082	PubChem:(20516571 45088165 53723505 55301583 131877082);PubChem class - bio and metabolites	16777218
40	1	N/A	-245.8475761165849	C6H13NO3	[M - H2O + H]+	QPYJXFZUIJOGNX	InChI=1S/C6H13NO3/c8-3-4-1-7-2-5(9)6(4)10/h4-10H,1-3H2	Afegostat	C1C(C(C(CN1)O)O)CO	-1.5	447607;4452693;10510991;10820691;10844524;15235482;10240946;21582773;21729555;25178019;44578588;57181891;57590942;59345101;89062053;117071793;130784980;130905021	COCONUT:(CNP0020789);PubChem:(447607 4452693 10510991 10820691 10844524 15235482 10240946 21582773 21729555 25178019 44578588 57181891 57590942 59345101 89062053 117071793 130784980 130905021);ZINC bio:(ZINC03813668);PubChem class - bio and metabolites;MeSH:(447607 4452693 10240946);PubMed	18882630
41	1	N/A	-259.5270717561461	C6H13NO3	[M - H2O + H]+	QVJUOHQGPAMHNX	InChI=1S/C6H13NO3/c1-3-10-6(9)7(2)4-5-8/h8H,3-5H2,1-2H3	ethyl N-(2-hydroxyethyl)-N-methylcarbamate	CCOC(=O)N(C)CCO	-0.200000003	19370355	PubChem:(19370355);PubChem class - safety and toxic	67108866
42	1	N/A	-260.03553418768297	C6H13NO3	[M - H2O + H]+	DOYRRBSQRQWDHJ	InChI=1S/C6H13NO3/c1-9-4-3-7-5-6(8)10-2/h7H,3-5H2,1-2H3	methyl 2-[(2-methoxyethyl)amino]acetate	COCCNCC(=O)OC	-0.400000006	28565694	PubChem:(28565694);PubChem class - safety and toxic	67108866
43	1	N/A	-271.28296532994085	C6H13NO3	[M - H2O + H]+	WTPGFRPRHSDKNE	InChI=1S/C6H13NO3/c8-3-6-10-7-1-4-9-5-2-7/h8H,1-6H2	null	C1COCCN1OCCO	-0.699999988	130392110	HMDB:(61157);PubChem:(130392110);PubChem class - bio and metabolites	16777226
44	1	N/A	-277.95950391271873	C6H13NO3	[M - H2O + H]+	ZOUPSODOXQZUIW	InChI=1S/C6H13NO3/c1-5(2)3-10-6(9)7-4-8/h5,8H,3-4H2,1-2H3,(H,7,9)	Isobutyl (hydroxymethyl)carbamate	CC(C)COC(=O)NCO	0.699999988	50008	HSDB:(67953-32-6);NORMAN:(NS00036321);PubChem:(50008)	262658
45	1	N/A	-280.4923424351627	C6H13NO3	[M - H2O + H]+	VNQLNIMYRMBBIN	InChI=1S/C6H13NO3/c1-6(2,3-8)4(9)5(7)10/h4,8-9H,3H2,1-2H3,(H2,7,10)	dihydroxydimethylbutanamide	CC(C)(CO)C(C(=O)N)O	-1.0	2764170;6934100;6934101	PubChem:(2764170 6934100 6934101);YMDB Mine;ZINC bio:(ZINC00169764 ZINC00169765);PubChem class - bio and metabolites;EcoCyc Mine;KEGG Mine	60146327554
46	1	N/A	-283.4640947377026	C6H13NO3	[M - H2O + H]+	FYTBDYZBNKGJRH	InChI=1S/C6H13NO3/c1-6(2,3)10-5(8)7-9-4/h1-4H3,(H,7,8)	tert-butyl N-methoxycarbamate	CC(C)(C)OC(=O)NOC	1.0	12240290;59309384	PubChem:(12240290 59309384);PubChem class - safety and toxic	67108866
47	1	N/A	-295.3021215276324	C6H13NO3	[M - H2O + H]+	UBVOJPDDTVFNFJ	InChI=1S/C6H13NO3/c1-7-2-5(9)6(10)4(7)3-8/h4-6,8-10H,2-3H2,1H3	ACMC-20mnhe	CN1CC(C(C1CO)O)O	-1.29999995	451992;451993;452008;10130032;70452311;92979510;130871665;133682985	COCONUT:(CNP0359185);MeSH:(451992);KNApSAcK:(45359);PubChem:(451992 451993 452008 10130032 70452311 92979510 130871665 133682985);PubMed	2097238
48	1	N/A	-304.4836798337562	C6H13NO3	[M - H2O + H]+	DGPQPKIVMNKCLV	InChI=1S/C6H13NO3/c1-4(2)3-10-6(9)5(7)8/h4-5,8H,3,7H2,1-2H3	null	CC(C)COC(=O)C(N)O	-0.214009792	""	COCONUT:(CNP0184360);Natural Products:(UNPD166811);SuperNatural:(SN00352212)	3178496
49	1	N/A	-328.942308488316	C6H13NO3	[M - H2O + H]+	RAUXZTKXUSMKQK	InChI=1S/C6H13NO3/c1-5(8)10-4-6(9)7(2)3/h6,9H,4H2,1-3H3	2-Acetoxy-1-dimethylaminoethanol	CC(=O)OCC(N(C)C)O	-0.400000006	3016978	PubChem:(3016978);MeSH:(3016978)	6