structureRankPerFormula	formulaRank	ConfidenceScore	CSI:FingerIDScore	molecularFormula	adduct	InChIkey2D	InChI	name	smiles	xlogp	pubchemids	links	dbflags
1	1	N/A	-343.89092866977865	C18H25N5O6	[M - H2O + H]+	IVRMXEFFYRZNCU	InChI=1S/C18H25N5O6/c19-18(20)22-8-2-1-7-21-15(25)12(9-10-3-5-11(24)6-4-10)23-16(26)13-14(29-13)17(27)28/h3-6,12-14,24H,1-2,7-9H2,(H,21,25)(H,23,26)(H,27,28)(H4,19,20,22)	Estatin B	C1=CC(=CC=C1CC(C(=O)NCCCCN=C(N)N)NC(=O)C2C(O2)C(=O)O)O	-1.0	129322	COCONUT:(CNP0133463);KNApSAcK:(17704);Natural Products:(UNPD5679);PubChem:(129322);SuperNatural:(SN00289216);additional;MeSH:(129322);PubChem class - safety and toxic;PubMed	70811734
2	1	N/A	-463.35151083311945	C18H25N5O6	[M - H2O + H]+	YGXHUYJWEQYFFW	InChI=1S/C18H25N5O6/c1-8(2)15(25)21-18-20-14-13(16(26)22-18)19-7-23(14)12-5-10(11(6-24)28-12)29-17(27)9(3)4/h7-12,24H,5-6H2,1-4H3,(H2,20,21,22,25,26)	9-[2-deoxy-3-O-(2-methylpropanoyl)pentofuranosyl]-2-[(2-methylpropanoyl)amino]-9H-purin-6-ol	CC(C)C(=O)NC1=NC2=C(C(=O)N1)N=CN2C3CC(C(O3)CO)OC(=O)C(C)C	0.5	136133375;135896450;135899601;135899602;135448032	PubChem:(136133375 135896450 135899601 135899602 135448032);COCONUT:(CNP0055574)	2097154
3	1	N/A	-481.81338045019663	C18H25N5O6	[M - H2O + H]+	YFTJOYZLYVUUOD	InChI=1S/C18H25N5O6/c19-18-22-15-11(16(27)23-18)9-10(20-15)5-3-1-2-4-6-13(24)21-12(17(28)29)7-8-14(25)26/h9,12H,1-8H2,(H,21,24)(H,25,26)(H,28,29)(H4,19,20,22,23,27)	null	C1=C(NC2=C1C(=O)NC(=N2)N)CCCCCCC(=O)NC(CCC(=O)O)C(=O)O	0.100000001	135567032	PubChem:(135567032);PubMed;PubChem class - bio and metabolites	16777282
1	1	0.48377878098132765	-288.3391576713141	C18H23N5O5	[M + H]+	ILGCZYGFYQLSDZ	InChI=1S/C18H23N5O5/c19-13(6-11-4-2-1-3-5-11)16(25)23-15(9-24)17(26)22-14(18(27)28)7-12-8-20-10-21-12/h1-5,8,10,13-15,24H,6-7,9,19H2,(H,20,21)(H,22,26)(H,23,25)(H,27,28)	2-[[2-[(2-amino-3-phenylpropanoyl)amino]-3-hydroxypropanoyl]amino]-3-(1H-imidazol-5-yl)propanoic acid	C1=CC=C(C=C1)CC(C(=O)NC(CO)C(=O)NC(CC2=CN=CN2)C(=O)O)N	-3.20000005	18223335;139595416	PubChem:(18223335 139595416);NORMAN:(NS00002599)	262146
2	1	N/A	-306.49366195674475	C18H23N5O5	[M + H]+	OUMUXBTWZQODMN	InChI=1S/C18H23N5O5/c1-21-15-14(16(26)20-18(21)27)23(9-12-28-13-5-3-2-4-6-13)17(19-15)22(7-10-24)8-11-25/h2-6,24-25H,7-12H2,1H3,(H,20,26,27)	8-[bis(2-hydroxyethyl)amino]-3-methyl-7-(2-phenoxyethyl)purine-2,6-dione	CN1C2=C(C(=O)NC1=O)N(C(=N2)N(CCO)CCO)CCOC3=CC=CC=C3	0.100000001	3922154	PubChem:(3922154);PubChem class - safety and toxic	67108866
3	1	N/A	-377.12700102840915	C18H23N5O5	[M + H]+	WVLAAKXASPCBGT	InChI=1S/C18H23N5O5/c1-21-16-15(17(27)22(2)18(21)28)23(10-20-16)5-3-4-19-9-14(26)11-6-12(24)8-13(25)7-11/h6-8,10,14,19,24-26H,3-5,9H2,1-2H3	Reproterol	CN1C2=C(C(=O)N(C1=O)C)N(C=N2)CCCNCC(C3=CC(=CC(=C3)O)O)O	0.228208184	25654;71751999;76958837;76958838	NORMAN:(NS00007356);COCONUT:(CNP0074650);PubChem:(25654 71751999 76958837 76958838);CHEBI:(135612);ZINC bio:(ZINC01542931 ZINC02019839);additional;MeSH:(25654);PubChem class - safety and toxic;PubMed;PubChem class - drug	103555174
4	1	N/A	-403.33368289821294	C18H23N5O5	[M + H]+	HQNBNESOAWELHK	InChI=1S/C18H23N5O5/c1-21-16-15(17(27)22(2)18(21)28)23(10-20-16)9-13(25)7-19-8-14(26)11-3-5-12(24)6-4-11/h3-6,10,13-14,19,24-26H,7-9H2,1-2H3	7-(2-Hydroxy-3-((2-hydroxy-2-(p-hydroxyphenyl)ethyl)amino)propyl)theophylline	CN1C2=C(C(=O)N(C1=O)C)N(C=N2)CC(CNCC(C3=CC=C(C=C3)O)O)O	-0.287119806	3046582	PubChem:(3046582);PubChem class - safety and toxic	67108866
5	1	N/A	-492.8981141952262	C18H23N5O5	[M + H]+	VGLDNBAEOSILTE	InChI=1S/C18H23N5O5/c1-25-8-12-7-23(22-21-12)15-10-28-16-14(9-27-17(15)16)20-18(24)19-11-3-5-13(26-2)6-4-11/h3-7,14-17H,8-10H2,1-2H3,(H2,19,20,24)	1-[(3S,3aR,6S,6aR)-6-[4-(methoxymethyl)triazol-1-yl]-2,3,3a,5,6,6a-hexahydrofuro[3,2-b]furan-3-yl]-3-(4-methoxyphenyl)urea	COCC1=CN(N=N1)C2COC3C2OCC3NC(=O)NC4=CC=C(C=C4)OC	-0.5	11886698	COCONUT:(CNP0349891);PubChem:(11886698);SuperNatural:(SN00010548);ZINC bio:(ZINC04260916)	3153922
6	1	N/A	-536.383772744736	C18H23N5O5	[M + H]+	XQJQVNRNTPXDMP	InChI=1S/C18H23N5O5/c1-18(2,3)16(24)28-15-13(10-7-11-20-17(19)22-23(25)26)21-14(27-15)12-8-5-4-6-9-12/h4-6,8-9H,7,10-11H2,1-3H3,(H3,19,20,22)	[4-[3-[[amino(nitramido)methylidene]amino]propyl]-2-phenyl-1,3-oxazol-5-yl] 2,2-dimethylpropanoate	CC(C)(C)C(=O)OC1=C(N=C(O1)C2=CC=CC=C2)CCCN=C(N)N[N+](=O)[O-]	3.20000005	183764	MeSH:(183764);PubChem:(183764);PubMed	70
7	1	N/A	-542.6816631052847	C18H23N5O5	[M + H]+	YTUZVGJMALDXJZ	InChI=1S/C18H23N5O5/c1-10(2)17-20-21-22-23(17)13-8-26-16-14(9-27-15(13)16)28-18(24)19-11-5-4-6-12(7-11)25-3/h4-7,10,13-16H,8-9H2,1-3H3,(H,19,24)	[(3S,3aR,6R,6aS)-3-(5-propan-2-yltetrazol-1-yl)-2,3,3a,5,6,6a-hexahydrofuro[3,2-b]furan-6-yl] N-(3-methoxyphenyl)carbamate	CC(C)C1=NN=NN1C2COC3C2OCC3OC(=O)NC4=CC(=CC=C4)OC	1.39999998	11886098	COCONUT:(CNP0031275);PubChem:(11886098);SuperNatural:(SN00009962);ZINC bio:(ZINC04259536)	3153922
8	1	N/A	-544.8668024921562	C18H23N5O5	[M + H]+	ZTPLSMWCYLWJIH	InChI=1S/C18H23N5O5/c1-10(2)17-20-21-22-23(17)13-8-26-16-14(9-27-15(13)16)28-18(24)19-11-4-6-12(25-3)7-5-11/h4-7,10,13-16H,8-9H2,1-3H3,(H,19,24)	[(3S,3aR,6R,6aS)-3-(5-propan-2-yltetrazol-1-yl)-2,3,3a,5,6,6a-hexahydrofuro[3,2-b]furan-6-yl] N-(4-methoxyphenyl)carbamate	CC(C)C1=NN=NN1C2COC3C2OCC3OC(=O)NC4=CC=C(C=C4)OC	1.39999998	11886096	COCONUT:(CNP0055861);PubChem:(11886096);SuperNatural:(SN00009960);ZINC bio:(ZINC04259534)	3153922
9	1	N/A	-825.2432361071448	C18H23N5O5	[M + H]+	WZMFNIVNLYRDDE	InChI=1S/C18H23N5O5/c1-8-12(20-7-22(2)3)15(25)11-9(6-28-17(19)26)18(27-4)16-10(21-16)5-23(18)13(11)14(8)24/h7,9-10,16,21H,5-6H2,1-4H3,(H2,19,26)	7-N-(Dimethylaminomethylene)mitomycin C	CC1=C(C(=O)C2=C(C1=O)N3CC4C(C3(C2COC(=O)N)OC)N4)N=CN(C)C	-1.06781459	55895;189251;5491989;13565948;13565949;44288520	MeSH:(55895 5491989);PubChem class - safety and toxic;PubChem:(55895 189251 5491989 13565948 13565949 44288520);PubMed	67108934
10	1	N/A	-833.5606926652188	C18H23N5O5	[M + H]+	KOZLKHPNLSMUOI	InChI=1S/C18H23N5O5/c1-8-12(20-7-21(2)3)15(25)11-9(6-28-17(19)26)18(27)16-10(22(16)4)5-23(18)13(11)14(8)24/h7,9-10,16,27H,5-6H2,1-4H3,(H2,19,26)	7-N-Dimethylaminomethylenemitomycin D	CC1=C(C(=O)C2=C(C1=O)N3CC4C(C3(C2COC(=O)N)O)N4C)N=CN(C)C	-1.19662583	3064749;3064768	PubChem:(3064749 3064768);PubChem class - safety and toxic	67108866