structureRankPerFormula	formulaRank	ConfidenceScore	CSI:FingerIDScore	molecularFormula	adduct	InChIkey2D	InChI	name	smiles	xlogp	pubchemids	links	dbflags
1	1	N/A	-149.29477898707594	C22H24O12	[M - H2O + H]+	GTQBTDOZXBVOFU	InChI=1S/C22H24O12/c1-31-12-4-8(2-3-10(12)25)20-21(17(28)15-11(26)5-9(24)6-13(15)32-20)34-22-19(30)18(29)16(27)14(7-23)33-22/h2-6,14,16,18-27,29-30H,7H2,1H3	null	COC1=C(C=CC(=C1)C2C(C(=O)C3=C(C=C(C=C3O2)O)O)OC4C(C(C(C(O4)CO)O)O)O)O	0.200000003	86580073;101014891;102289452	COCONUT:(CNP0341516);PubChem:(86580073 101014891 102289452);SuperNatural:(SN00163593);YMDB Mine;PubMed	34362884162
2	1	N/A	-161.53126965607737	C22H24O12	[M - H2O + H]+	QHEZEIJUHUFOEE	InChI=1S/C22H24O12/c1-31-9-5-12-15(13(6-9)33-22-20(30)18(28)16(26)14(7-23)34-22)17(27)19(29)21(32-12)8-2-3-10(24)11(25)4-8/h2-6,14,16,18-26,28-30H,7H2,1H3	2-(3,4-dihydroxyphenyl)-3-hydroxy-7-methoxy-5-[(2S,3R,4S,5S,6R)-3,4,5-trihydroxy-6-(hydroxymethyl)oxan-2-yl]oxy-2,3-dihydrochromen-4-one	COC1=CC2=C(C(=C1)OC3C(C(C(C(O3)CO)O)O)O)C(=O)C(C(O2)C4=CC(=C(C=C4)O)O)O	-0.5	21721954	COCONUT:(CNP0141847);KNApSAcK:(8720);Natural Products:(UNPD189835 UNPD45088);PubChem:(21721954);SuperNatural:(SN00386041 SN00270181)	3178514
3	1	N/A	-163.82222050016853	C22H24O12	[M - H2O + H]+	NKMZUVUBYUWIHZ	InChI=1S/C22H24O12/c1-31-12-5-9(32-22-20(30)18(28)16(26)14(7-23)34-22)6-13-15(12)17(27)19(29)21(33-13)8-2-3-10(24)11(25)4-8/h2-6,14,16,18-26,28-30H,7H2,1H3	null	COC1=CC(=CC2=C1C(=O)C(C(O2)C3=CC(=C(C=C3)O)O)O)OC4C(C(C(C(O4)CO)O)O)O	-0.590303659	""	COCONUT:(CNP0076916);SuperNatural:(SN00034533 SN00034531 SN00034532)	3145728
4	1	N/A	-164.82493117537754	C22H24O12	[M - H2O + H]+	TZBBZRIJAVYZHZ	InChI=1S/C22H24O12/c1-31-21-12(26)2-8(3-13(21)27)14-6-11(25)17-10(24)4-9(5-15(17)33-14)32-22-20(30)19(29)18(28)16(7-23)34-22/h2-5,14,16,18-20,22-24,26-30H,6-7H2,1H3	null	COC1=C(C=C(C=C1O)C2CC(=O)C3=C(C=C(C=C3O2)OC4C(C(C(C(O4)CO)O)O)O)O)O	-0.356559366	""	COCONUT:(CNP0241056);Natural Products:(UNPD230388);KEGG Mine	8592064512
5	1	N/A	-171.7539225100951	C22H24O12	[M - H2O + H]+	REEVAOJSZYFWDP	InChI=1S/C22H24O12/c1-31-9-5-12(26)15-13(6-9)32-20(8-2-3-10(24)11(25)4-8)21(17(15)28)34-22-19(30)18(29)16(27)14(7-23)33-22/h2-6,14,16,18-27,29-30H,7H2,1H3	null	COC1=CC(=C2C(=C1)OC(C(C2=O)OC3C(C(C(C(O3)CO)O)O)O)C4=CC(=C(C=C4)O)O)O	-0.590303659	""	COCONUT:(CNP0270319);KNApSAcK:(8719);Natural Products:(UNPD143150 UNPD170946);SuperNatural:(SN00338762 SN00388799)	3178512
6	1	N/A	-179.70408752384012	C22H24O12	[M - H2O + H]+	LDTLXTGZHCRGFD	InChI=1S/C22H24O12/c1-31-14-6-13-16(11(26)5-12(32-13)8-2-3-9(24)10(25)4-8)18(28)21(14)34-22-20(30)19(29)17(27)15(7-23)33-22/h2-4,6,12,15,17,19-20,22-25,27-30H,5,7H2,1H3	null	COC1=C(C(=C2C(=O)CC(OC2=C1)C3=CC(=C(C=C3)O)O)O)OC4C(C(C(C(O4)CO)O)O)O	-0.356559366	""	COCONUT:(CNP0092638);SuperNatural:(SN00167602)	3145728
7	1	N/A	-195.27803367757105	C22H24O12	[M - H2O + H]+	BOXUVBIHTOEWDT	InChI=1S/C22H24O12/c1-31-21-11(26)6-14-16(18(21)28)10(25)5-13(32-14)9-4-8(24)2-3-12(9)33-22-20(30)19(29)17(27)15(7-23)34-22/h2-4,6,13,15,17,19-20,22-24,26-30H,5,7H2,1H3	null	COC1=C(C=C2C(=C1O)C(=O)CC(O2)C3=C(C=CC(=C3)O)OC4C(C(C(C(O4)CO)O)O)O)O	-0.356559366	""	COCONUT:(CNP0108767);Natural Products:(UNPD60723 UNPD10250);SuperNatural:(SN00271408 SN00226342)	3178496
8	1	N/A	-195.83977624313334	C22H24O12	[M - H2O + H]+	SHEGWCYJSDOTOG	InChI=1S/C22H24O12/c1-31-20-10(25)6-11-13(15(20)27)16(28)21(19(32-11)8-2-4-9(24)5-3-8)34-22-18(30)17(29)14(26)12(7-23)33-22/h2-6,12,14,17-19,21-27,29-30H,7H2,1H3	(2R,3R)-5,7-dihydroxy-2-(4-hydroxyphenyl)-6-methoxy-3-[(2S,3R,4S,5S,6R)-3,4,5-trihydroxy-6-(hydroxymethyl)oxan-2-yl]oxy-2,3-dihydrochromen-4-one	COC1=C(C2=C(C=C1O)OC(C(C2=O)OC3C(C(C(C(O3)CO)O)O)O)C4=CC=C(C=C4)O)O	0.200000003	11634368	COCONUT:(CNP0276845);Natural Products:(UNPD80035);PubChem:(11634368);SuperNatural:(SN00350660)	3178498
9	1	N/A	-214.43180606018322	C22H24O12	[M - H2O + H]+	HBTFQBUWSSJQSI	InChI=1S/C22H24O12/c1-6-13(24)18(29)19(30)22(33-6)34-10-5-8-12(17(28)21(10)32-3)14(25)7-4-9(23)20(31-2)16(27)11(7)15(8)26/h4-6,13,18-19,22-30H,1-3H3	null	CC1C(C(C(C(O1)OC2=CC3=C(C4=C(C(=C(C=C4C(=C3C(=C2OC)O)O)O)OC)O)O)O)O)O	0.509405613	""	COCONUT:(CNP0240039);Natural Products:(UNPD199742)	2129920
10	1	N/A	-221.54070202379475	C22H24O12	[M - H2O + H]+	NUWSLSBJVFAEJZ	InChI=1S/C22H24O12/c1-32-14-5-3-9(6-12(14)25)2-4-11(24)16-13(26)7-10(23)8-15(16)33-22-19(29)17(27)18(28)20(34-22)21(30)31/h3,5-8,17-20,22-23,25-29H,2,4H2,1H3,(H,30,31)	null	COC1=C(C=C(C=C1)CCC(=O)C2=C(C=C(C=C2OC3C(C(C(C(O3)C(=O)O)O)O)O)O)O)O	1.0	131834440	HMDB:(128070);PubChem:(131834440);PubChem class - bio and metabolites	16777226
11	1	N/A	-226.70530559703627	C22H24O12	[M - H2O + H]+	MZJSKSYVZZIYPF	InChI=1S/C22H24O12/c1-31-15-4-8(2-3-11(15)23)19-13(25)7-10-12(24)5-9(6-14(10)33-19)32-22-18(28)16(26)17(27)20(34-22)21(29)30/h2-6,13,16-20,22-28H,7H2,1H3,(H,29,30)	null	COC1=C(C=CC(=C1)C2C(CC3=C(C=C(C=C3O2)OC4C(C(C(C(O4)C(=O)O)O)O)O)O)O)O	0.200000003	44477330;75032637;91124726;101190386	COCONUT:(CNP0021863);HMDB:(41659 127766);PubChem:(44477330 75032637 91124726 101190386);PubMed;PubChem class - bio and metabolites	18874442
12	1	N/A	-231.07474877671214	C22H24O12	[M - H2O + H]+	QEXLIVNGVYPZOH	InChI=1S/C22H24O12/c1-32-19-9(2-5-11(23)10-3-6-12(24)13(25)8-10)4-7-14(15(19)26)33-22-18(29)16(27)17(28)20(34-22)21(30)31/h3-4,6-8,16-18,20,22,24-29H,2,5H2,1H3,(H,30,31)	null	COC1=C(C=CC(=C1O)OC2C(C(C(C(O2)C(=O)O)O)O)O)CCC(=O)C3=CC(=C(C=C3)O)O	0.5	131832508	HMDB:(126062);PubChem:(131832508);PubChem class - bio and metabolites	16777226
13	1	N/A	-233.48964408285178	C22H24O12	[M - H2O + H]+	GLJGAVWGJBJJAE	InChI=1S/C22H24O12/c1-32-19-9(3-6-12(24)15(19)26)2-5-11(23)10-4-7-14(13(25)8-10)33-22-18(29)16(27)17(28)20(34-22)21(30)31/h3-4,6-8,16-18,20,22,24-29H,2,5H2,1H3,(H,30,31)	null	COC1=C(C=CC(=C1O)O)CCC(=O)C2=CC(=C(C=C2)OC3C(C(C(C(O3)C(=O)O)O)O)O)O	0.5	131832509	HMDB:(126063);PubChem:(131832509);PubChem class - bio and metabolites	16777226
14	1	N/A	-236.6403681503739	C22H24O12	[M - H2O + H]+	CJPIUMOCTBARLM	InChI=1S/C22H24O12/c1-31-14-3-2-8(4-12(14)24)19-13(25)7-10-11(23)5-9(6-15(10)33-19)32-22-18(28)16(26)17(27)20(34-22)21(29)30/h2-6,13,16-20,22-28H,7H2,1H3,(H,29,30)	null	COC1=C(C=C(C=C1)C2C(CC3=C(C=C(C=C3O2)OC4C(C(C(C(O4)C(=O)O)O)O)O)O)O)O	0.200000003	44477252;75032608;101244288	HMDB:(127827);PubChem:(44477252 75032608 101244288);PubChem class - bio and metabolites	16777226
15	1	N/A	-240.77327105863426	C22H24O12	[M - H2O + H]+	MHWQPTSGVRAXEG	InChI=1S/C22H24O12/c1-32-19-9(3-7-13(25)15(19)26)2-5-11(23)10-4-6-12(24)14(8-10)33-22-18(29)16(27)17(28)20(34-22)21(30)31/h3-4,6-8,16-18,20,22,24-29H,2,5H2,1H3,(H,30,31)	null	COC1=C(C=CC(=C1O)O)CCC(=O)C2=CC(=C(C=C2)O)OC3C(C(C(C(O3)C(=O)O)O)O)O	0.5	131832510	HMDB:(126064);PubChem:(131832510);PubChem class - bio and metabolites	16777226
16	1	N/A	-245.56644815483432	C22H24O12	[M - H2O + H]+	ZFPWINHLBYLRBL	InChI=1S/C22H24O12/c1-32-18-9(2-5-11(23)10-4-6-12(24)14(26)8-10)3-7-13(25)19(18)33-22-17(29)15(27)16(28)20(34-22)21(30)31/h3-4,6-8,15-17,20,22,24-29H,2,5H2,1H3,(H,30,31)	null	COC1=C(C=CC(=C1OC2C(C(C(C(O2)C(=O)O)O)O)O)O)CCC(=O)C3=CC(=C(C=C3)O)O	0.5	131832507	HMDB:(126061);PubChem:(131832507);PubChem class - bio and metabolites	16777226
17	1	N/A	-247.20475889992255	C22H24O12	[M - H2O + H]+	WZJUIALLVYPJHP	InChI=1S/C22H24O12/c1-32-10-3-2-7(4-8(10)24)21-19(30)17(28)14-11(33-21)5-9(25)13(16(14)27)22-20(31)18(29)15(26)12(6-23)34-22/h2-5,12,15,18-27,29-31H,6H2,1H3	Noidesol B	COC1=C(C=C(C=C1)C2C(C(=O)C3=C(O2)C=C(C(=C3O)C4C(C(C(C(O4)CO)O)O)O)O)O)O	-0.699999988	46210740	COCONUT:(CNP0308710);Natural Products:(UNPD21840);PubChem:(46210740);SuperNatural:(SN00357124);MeSH:(46210740);PubMed	3178566
18	1	N/A	-253.1900893558222	C22H24O12	[M - H2O + H]+	PSOMCIRLFFROES	InChI=1S/C22H24O12/c1-31-13-3-2-8(19-12(25)7-10-11(24)5-9(23)6-14(10)32-19)4-15(13)33-22-18(28)16(26)17(27)20(34-22)21(29)30/h2-6,12,16-20,22-28H,7H2,1H3,(H,29,30)	null	COC1=C(C=C(C=C1)C2C(CC3=C(C=C(C=C3O2)O)O)O)OC4C(C(C(C(O4)C(=O)O)O)O)O	0.200000003	71251650;71251711;78054226;101244286	COCONUT:(CNP0021866);HMDB:(41674 127828);PubChem:(71251650 71251711 78054226 101244286);PubMed;PubChem class - bio and metabolites	18874442
19	1	N/A	-256.85875184613116	C22H24O12	[M - H2O + H]+	WVCLCQVHNZSCQP	InChI=1S/C22H24O12/c1-32-10-5-2-9(3-6-10)4-7-11(23)14-12(24)8-13(25)19(15(14)26)33-22-18(29)16(27)17(28)20(34-22)21(30)31/h2-3,5-6,8,16-18,20,22,24-29H,4,7H2,1H3,(H,30,31)	null	COC1=CC=C(C=C1)CCC(=O)C2=C(C(=C(C=C2O)O)OC3C(C(C(C(O3)C(=O)O)O)O)O)O	1.0	131836393	HMDB:(130206);PubChem:(131836393);PubChem class - bio and metabolites	16777226
20	1	N/A	-257.9713418131513	C22H24O12	[M - H2O + H]+	QXFQCTACIOOYSK	InChI=1S/C22H24O12/c1-30-14-8-11(3-5-12(14)23)21(29)32-9-16-17(24)18(25)19(26)22(34-16)33-13-6-4-10(20(27)28)7-15(13)31-2/h3-8,16-19,22-26H,9H2,1-2H3,(H,27,28)	null	COC1=C(C=CC(=C1)C(=O)OCC2C(C(C(C(O2)OC3=C(C=C(C=C3)C(=O)O)OC)O)O)O)O	0.603420556	""	COCONUT:(CNP0205161);Natural Products:(UNPD40332);SuperNatural:(SN00400876)	3178496
21	1	N/A	-260.82932350624066	C22H24O12	[M - H2O + H]+	YTACHDVEAOQCFZ	InChI=1S/C22H24O12/c1-32-14-5-3-9(2-4-11(24)16-12(25)7-10(23)8-13(16)26)6-15(14)33-22-19(29)17(27)18(28)20(34-22)21(30)31/h3,5-8,17-20,22-23,25-29H,2,4H2,1H3,(H,30,31)	null	COC1=C(C=C(C=C1)CCC(=O)C2=C(C=C(C=C2O)O)O)OC3C(C(C(C(O3)C(=O)O)O)O)O	1.0	131834442	HMDB:(128072);PubChem:(131834442);PubChem class - bio and metabolites	16777226
22	1	N/A	-263.7807397681838	C22H24O12	[M - H2O + H]+	CVYIUZHOTIGCKL	InChI=1S/C22H24O12/c1-32-15-5-3-9(6-12(15)24)2-4-11(23)16-13(25)7-10(8-14(16)26)33-22-19(29)17(27)18(28)20(34-22)21(30)31/h3,5-8,17-20,22,24-29H,2,4H2,1H3,(H,30,31)	null	COC1=C(C=C(C=C1)CCC(=O)C2=C(C=C(C=C2O)OC3C(C(C(C(O3)C(=O)O)O)O)O)O)O	1.0	131834441	HMDB:(128071);PubChem:(131834441);PubChem class - bio and metabolites	16777226
23	1	N/A	-272.86305791028684	C22H24O12	[M - H2O + H]+	ILFNALPWQSFWAL	InChI=1S/C22H24O12/c1-32-10-5-2-9(3-6-10)4-7-11(23)14-12(24)8-13(25)15(26)19(14)33-22-18(29)16(27)17(28)20(34-22)21(30)31/h2-3,5-6,8,16-18,20,22,24-29H,4,7H2,1H3,(H,30,31)	null	COC1=CC=C(C=C1)CCC(=O)C2=C(C(=C(C=C2O)O)O)OC3C(C(C(C(O3)C(=O)O)O)O)O	1.0	131836394	HMDB:(130207);PubChem:(131836394);PubChem class - bio and metabolites	16777226
24	1	N/A	-273.51103189115787	C22H24O12	[M - H2O + H]+	TVNGGANTEFNVBQ	InChI=1S/C22H24O12/c1-32-10-5-2-9(3-6-10)4-7-11(23)14-13(8-12(24)15(25)16(14)26)33-22-19(29)17(27)18(28)20(34-22)21(30)31/h2-3,5-6,8,17-20,22,24-29H,4,7H2,1H3,(H,30,31)	null	COC1=CC=C(C=C1)CCC(=O)C2=C(C=C(C(=C2O)O)O)OC3C(C(C(C(O3)C(=O)O)O)O)O	1.0	131836391	HMDB:(130204);PubChem:(131836391);PubChem class - bio and metabolites	16777226
25	1	N/A	-276.31246348334486	C22H24O12	[M - H2O + H]+	RAKAZUKTISJJJW	InChI=1S/C22H24O12/c1-32-10-5-2-9(3-6-10)4-7-11(23)14-12(24)8-13(15(25)16(14)26)33-22-19(29)17(27)18(28)20(34-22)21(30)31/h2-3,5-6,8,17-20,22,24-29H,4,7H2,1H3,(H,30,31)	null	COC1=CC=C(C=C1)CCC(=O)C2=C(C(=C(C=C2O)OC3C(C(C(C(O3)C(=O)O)O)O)O)O)O	1.0	131836392	HMDB:(130205);PubChem:(131836392);PubChem class - bio and metabolites	16777226
26	1	N/A	-285.00474272114604	C22H24O12	[M - H2O + H]+	IPDDGEBOKRDKCT	InChI=1S/C22H24O12/c1-32-11-5-10(26)13-16(28)18(30)20(7-2-3-8(24)9(25)4-7)34-21(13)14(11)22-19(31)17(29)15(27)12(6-23)33-22/h2-5,12,15,17-20,22-27,29-31H,6H2,1H3	Noidesol A	COC1=C(C2=C(C(=C1)O)C(=O)C(C(O2)C3=CC(=C(C=C3)O)O)O)C4C(C(C(C(O4)CO)O)O)O	-0.699999988	46210739	COCONUT:(CNP0137658);Natural Products:(UNPD194518);PubChem:(46210739);SuperNatural:(SN00266442);MeSH:(46210739);PubMed	3178566
27	1	N/A	-285.2775041070533	C22H24O12	[M - H2O + H]+	QYRGPFIAJFNHGN	InChI=1S/C22H24O12/c1-8(11-4-3-10(32-2)7-12(11)24)16(26)15-13(25)5-9(23)6-14(15)33-22-19(29)17(27)18(28)20(34-22)21(30)31/h3-8,17-20,22-25,27-29H,1-2H3,(H,30,31)	null	CC(C1=C(C=C(C=C1)OC)O)C(=O)C2=C(C=C(C=C2OC3C(C(C(C(O3)C(=O)O)O)O)O)O)O	1.29999995	131837675	HMDB:(133867);PubChem:(131837675);PubChem class - bio and metabolites	16777226
28	1	N/A	-298.76704524305336	C22H24O12	[M - H2O + H]+	BVSCVYCDOVMIDB	InChI=1S/C22H24O12/c1-8(16(26)15-12(24)5-9(23)6-13(15)25)11-4-3-10(32-2)7-14(11)33-22-19(29)17(27)18(28)20(34-22)21(30)31/h3-8,17-20,22-25,27-29H,1-2H3,(H,30,31)	null	CC(C1=C(C=C(C=C1)OC)OC2C(C(C(C(O2)C(=O)O)O)O)O)C(=O)C3=C(C=C(C=C3O)O)O	1.29999995	131837677	HMDB:(133869);PubChem:(131837677);PubChem class - bio and metabolites	16777226
29	1	N/A	-300.4118691276398	C22H24O12	[M - H2O + H]+	KPNRGKNCIBUTJC	InChI=1S/C22H24O12/c1-31-9-2-3-10(11-7-32-14-5-8(23)4-12(24)15(14)16(11)25)13(6-9)33-22-19(28)17(26)18(27)20(34-22)21(29)30/h2-6,11,16-20,22-28H,7H2,1H3,(H,29,30)	null	COC1=CC(=C(C=C1)C2COC3=CC(=CC(=C3C2O)O)O)OC4C(C(C(C(O4)C(=O)O)O)O)O	-0.100000001	131837669	HMDB:(133861);PubChem:(131837669);PubChem class - bio and metabolites	16777226
30	1	N/A	-302.75021703593467	C22H24O12	[M - H2O + H]+	VHHIWNHLNMUIAU	InChI=1S/C22H24O12/c1-8(9-3-5-10(32-2)6-4-9)14(25)13-11(23)7-12(24)19(15(13)26)33-22-18(29)16(27)17(28)20(34-22)21(30)31/h3-8,16-18,20,22-24,26-29H,1-2H3,(H,30,31)	null	CC(C1=CC=C(C=C1)OC)C(=O)C2=C(C(=C(C=C2O)O)OC3C(C(C(C(O3)C(=O)O)O)O)O)O	1.29999995	131836205	HMDB:(129995);PubChem:(131836205);PubChem class - bio and metabolites	16777226
31	1	N/A	-309.769999927487	C22H24O12	[M - H2O + H]+	DJGKQJUOUHHOSY	InChI=1S/C22H24O12/c1-31-9-2-3-10(12(24)6-9)11-7-32-13-4-8(23)5-14(15(13)16(11)25)33-22-19(28)17(26)18(27)20(34-22)21(29)30/h2-6,11,16-20,22-28H,7H2,1H3,(H,29,30)	null	COC1=CC(=C(C=C1)C2COC3=C(C2O)C(=CC(=C3)O)OC4C(C(C(C(O4)C(=O)O)O)O)O)O	-0.100000001	131837667	HMDB:(133859);PubChem:(131837667);PubChem class - bio and metabolites	16777226
32	1	N/A	-314.97401653087803	C22H24O12	[M - H2O + H]+	HVIGMXOHMMKFMM	InChI=1S/C22H24O12/c1-31-8-2-3-10(12(23)4-8)11-7-32-14-6-9(5-13(24)15(14)16(11)25)33-22-19(28)17(26)18(27)20(34-22)21(29)30/h2-6,11,16-20,22-28H,7H2,1H3,(H,29,30)	null	COC1=CC(=C(C=C1)C2COC3=CC(=CC(=C3C2O)O)OC4C(C(C(C(O4)C(=O)O)O)O)O)O	-0.100000001	131837668	HMDB:(133860);PubChem:(131837668);PubChem class - bio and metabolites	16777226
33	1	N/A	-318.7545231000907	C22H24O12	[M - H2O + H]+	ATWRCHNWNBVDKU	InChI=1S/C22H24O12/c1-8(9-3-5-10(32-2)6-4-9)14(25)13-11(23)7-12(24)15(26)19(13)33-22-18(29)16(27)17(28)20(34-22)21(30)31/h3-8,16-18,20,22-24,26-29H,1-2H3,(H,30,31)	null	CC(C1=CC=C(C=C1)OC)C(=O)C2=C(C(=C(C=C2O)O)O)OC3C(C(C(C(O3)C(=O)O)O)O)O	1.29999995	131836206	HMDB:(129996);PubChem:(131836206);PubChem class - bio and metabolites	16777226
34	1	N/A	-319.40249708096184	C22H24O12	[M - H2O + H]+	XXPLZCZIEDYOQW	InChI=1S/C22H24O12/c1-8(9-3-5-10(32-2)6-4-9)14(24)13-12(7-11(23)15(25)16(13)26)33-22-19(29)17(27)18(28)20(34-22)21(30)31/h3-8,17-20,22-23,25-29H,1-2H3,(H,30,31)	null	CC(C1=CC=C(C=C1)OC)C(=O)C2=C(C=C(C(=C2O)O)O)OC3C(C(C(C(O3)C(=O)O)O)O)O	1.29999995	131836208	HMDB:(129998);PubChem:(131836208);PubChem class - bio and metabolites	16777226
35	1	N/A	-322.2039286731486	C22H24O12	[M - H2O + H]+	NSNVWJGZMZTRFN	InChI=1S/C22H24O12/c1-8(9-3-5-10(32-2)6-4-9)14(24)13-11(23)7-12(15(25)16(13)26)33-22-19(29)17(27)18(28)20(34-22)21(30)31/h3-8,17-20,22-23,25-29H,1-2H3,(H,30,31)	null	CC(C1=CC=C(C=C1)OC)C(=O)C2=C(C(=C(C=C2O)OC3C(C(C(C(O3)C(=O)O)O)O)O)O)O	1.29999995	131836207	HMDB:(129997);PubChem:(131836207);PubChem class - bio and metabolites	16777226
36	1	N/A	-335.7639870883524	C22H24O12	[M - H2O + H]+	QGBLPPIVVSJCQH	InChI=1S/C22H24O12/c1-8(11-4-3-9(32-2)5-12(11)23)16(26)15-13(24)6-10(7-14(15)25)33-22-19(29)17(27)18(28)20(34-22)21(30)31/h3-8,17-20,22-25,27-29H,1-2H3,(H,30,31)	null	CC(C1=C(C=C(C=C1)OC)O)C(=O)C2=C(C=C(C=C2O)OC3C(C(C(C(O3)C(=O)O)O)O)O)O	1.29999995	131837676	HMDB:(133868);PubChem:(131837676);PubChem class - bio and metabolites	16777226
37	1	N/A	-368.6377607244033	C22H24O12	[M - H2O + H]+	DVKQFBNYDILOTK	InChI=1S/C22H24O12/c1-8-4-10-5-11(31-3)6-12(15(10)17(25)14(8)9(2)23)33-22-19(27)18(26)16(24)13(34-22)7-32-21(30)20(28)29/h4-6,13,16,18-19,22,24-27H,7H2,1-3H3,(H,28,29)	2-[[(2R,3S,4S,5R,6S)-6-(7-acetyl-8-hydroxy-3-methoxy-6-methylnaphthalen-1-yl)oxy-3,4,5-trihydroxyoxan-2-yl]methoxy]-2-oxoacetic acid	CC1=CC2=CC(=CC(=C2C(=C1C(=O)C)O)OC3C(C(C(C(O3)COC(=O)C(=O)O)O)O)O)OC	1.20000005	5321979;78385603	COCONUT:(CNP0038001 CNP0275076);HMDB:(39135);Natural Products:(UNPD146480);PubChem:(5321979 78385603);SuperNatural:(SN00168941);PubChem class - bio and metabolites	19955722
38	1	N/A	-393.65962949187343	C22H24O12	[M - H2O + H]+	CLBPRRDUFDJDKL	InChI=1S/C22H24O12/c1-9-4-11-5-12(30-3)6-13(17(11)19(27)16(9)10(2)24)32-22-21(29)20(28)18(26)14(33-22)8-31-34-15(25)7-23/h4-7,14,18,20-22,26-29H,8H2,1-3H3	null	CC1=C(C(=C2C(=C1)C=C(C=C2OC3C(C(C(C(O3)COOC(=O)C=O)O)O)O)OC)O)C(=O)C	0.653886795	""	COCONUT:(CNP0304863);Natural Products:(UNPD61645);SuperNatural:(SN00256545)	3178496
39	1	N/A	-445.3164058588761	C22H24O12	[M - H2O + H]+	IZPNWKCXTGNUQR	InChI=1S/C22H24O12/c1-8(23)34-22(2,3)19-17(32-21-15(27)13(25)14(26)18(33-21)20(28)29)12-10(30-19)6-4-9-5-7-11(24)31-16(9)12/h4-7,13-15,17-19,21,25-27H,1-3H3,(H,28,29)	null	CC(=O)OC(C)(C)C1C(C2=C(O1)C=CC3=C2OC(=O)C=C3)OC4C(C(C(C(O4)C(=O)O)O)O)O	0.0	131835386	HMDB:(129103);PubChem:(131835386);PubChem class - bio and metabolites	16777226
1	1	0.23565161583458963	-23.7258332006307	C22H22O11	[M + H]+	GCLAFEGUXXHIFT	InChI=1S/C22H22O11/c1-30-21-14(32-22-20(29)19(28)17(26)15(8-23)33-22)7-13-16(18(21)27)11(25)6-12(31-13)9-2-4-10(24)5-3-9/h2-7,15,17,19-20,22-24,26-29H,8H2,1H3	Homoplantaginin	COC1=C(C=C2C(=C1O)C(=O)C=C(O2)C3=CC=C(C=C3)O)OC4C(C(C(C(O4)CO)O)O)O	0.800000012	5318083;13940616;13940617;44258433;53831007;90971193;129359888;131980654;131980747	COCONUT:(CNP0096742 CNP0199272);KNApSAcK:(4231);Natural Products:(UNPD147225 UNPD198321 UNPD33340);PubChem:(5318083 13940616 13940617 44258433 53831007 90971193 129359888 131980654 131980747);SuperNatural:(SN00259876 SN00028446 SN00161891);ZINC bio:(ZINC31155527);MeSH:(5318083);KEGG:(C17762);Training Set;PubMed	3203414
2	1	N/A	-27.11894605833858	C22H22O11	[M + H]+	GAMYVSCDDLXAQW	InChI=1S/C22H22O11/c1-30-15-4-9(2-3-11(15)24)14-7-13(26)18-12(25)5-10(6-16(18)32-14)31-22-21(29)20(28)19(27)17(8-23)33-22/h2-7,17,19-25,27-29H,8H2,1H3	Luteolin 3''-methyl ether 7-glucoside	COC1=C(C=CC(=C1)C2=CC(=O)C3=C(C=C(C=C3O2)OC4C(C(C(C(O4)CO)O)O)O)O)O	0.800000012	13871877;13871880;11294177;44258186;129416167;129448931	COCONUT:(CNP0148272 CNP0252785);KNApSAcK:(4338);Natural Products:(UNPD99586 UNPD132687);PubChem:(13871877 13871880 11294177 44258186 129416167 129448931);SuperNatural:(SN00161211 SN00269331);ZINC bio:(ZINC12419107 ZINC12419113 ZINC12419116);PubMed;KEGG Mine	8593121362
3	1	N/A	-30.157514658485272	C22H22O11	[M + H]+	MORLNMAFXVHNAI	InChI=1S/C22H22O11/c1-30-21-12(25)7-14-16(18(21)27)11(24)6-13(32-14)9-2-4-10(5-3-9)31-22-20(29)19(28)17(26)15(8-23)33-22/h2-7,15,17,19-20,22-23,25-29H,8H2,1H3	Hispidulin 4''-glucoside	COC1=C(C2=C(C=C1O)OC(=CC2=O)C3=CC=C(C=C3)OC4C(C(C(C(O4)CO)O)O)O)O	0.800000012	24123443;44258466	COCONUT:(CNP0303127);KNApSAcK:(13635);Natural Products:(UNPD5953);PubChem:(24123443 44258466);SuperNatural:(SN00029137);ZINC bio:(ZINC31160931);additional;Training Set	3727378
4	1	N/A	-36.98839516456243	C22H22O11	[M + H]+	AEIINBYWJSYRMR	InChI=1S/C22H22O11/c1-30-21-14(32-22-20(29)19(28)17(26)15(8-23)33-22)7-13-16(18(21)27)11(25)6-12(31-13)9-4-2-3-5-10(9)24/h2-7,15,17,19-20,22-24,26-29H,8H2,1H3	5,7,2''-Trihydroxy-6-methoxyflavone 7-O-glucoside	COC1=C(C=C2C(=C1O)C(=O)C=C(O2)C3=CC=CC=C3O)OC4C(C(C(C(O4)CO)O)O)O	0.800000012	44258401	PubChem:(44258401);KNApSAcK:(13650)	18
5	1	N/A	-38.408330923752885	C22H22O11	[M + H]+	JSUJHPSAVAWXEN	InChI=1S/C22H22O11/c1-30-14-7-13-16(11(25)6-12(31-13)9-2-4-10(24)5-3-9)18(27)21(14)33-22-20(29)19(28)17(26)15(8-23)32-22/h2-7,15,17,19-20,22-24,26-29H,8H2,1H3	Scutellarein 7-methyl ether 6-glucoside	COC1=C(C(=C2C(=C1)OC(=CC2=O)C3=CC=C(C=C3)O)O)OC4C(C(C(C(O4)CO)O)O)O	0.800000012	44258458;44258459;52946745	COCONUT:(CNP0190029);KNApSAcK:(10275);Natural Products:(UNPD7322 UNPD100996);PubChem:(44258458 44258459 52946745);SuperNatural:(SN00364530);PubMed	3178578
6	1	N/A	-43.72216794999735	C22H22O11	[M + H]+	WKUHPOMCLBLCOV	InChI=1S/C22H22O11/c1-30-14-3-2-9(4-11(14)24)15-7-13(26)18-12(25)5-10(6-16(18)32-15)31-22-21(29)20(28)19(27)17(8-23)33-22/h2-7,17,19-25,27-29H,8H2,1H3	Luteolin 4''-methyl ether 7-glucoside	COC1=C(C=C(C=C1)C2=CC(=O)C3=C(C=C(C=C3O2)OC4C(C(C(C(O4)CO)O)O)O)O)O	0.800000012	5378562;11016019;11155451;44258221;70694759;86315617;133561707;138107626	COCONUT:(CNP0225312 CNP0417899);HMDB:(37451);KNApSAcK:(4357);Natural Products:(UNPD70911 UNPD153461 UNPD29039 UNPD61394);PubChem:(5378562 11016019 11155451 44258221 70694759 86315617 133561707 138107626);SuperNatural:(SN00330763 SN00160871 SN00370877 SN00233483);PubChem class - bio and metabolites;PubMed;KEGG Mine	8609890394
7	1	N/A	-43.9600633553864	C22H22O11	[M + H]+	RHLFBPMNWQGUEI	InChI=1S/C22H22O11/c1-30-10-4-2-9(3-5-10)12-6-11(24)16-13(31-12)7-14(17(25)19(16)27)32-22-21(29)20(28)18(26)15(8-23)33-22/h2-7,15,18,20-23,25-29H,8H2,1H3	Stachannin	COC1=CC=C(C=C1)C2=CC(=O)C3=C(C(=C(C=C3O2)OC4C(C(C(C(O4)CO)O)O)O)O)O	0.800000012	15042983;44258461;59991302;69755022	COCONUT:(CNP0190206);KNApSAcK:(10278);Natural Products:(UNPD157850 UNPD84258 UNPD117180);PubChem:(15042983 44258461 59991302 69755022);SuperNatural:(SN00240782 SN00369027 SN00328486);KEGG Mine	8593113106
8	1	N/A	-44.77214337885865	C22H22O11	[M + H]+	VPICLFKCJJTYGG	InChI=1S/C22H22O11/c1-30-10-5-12(25)18-13(26)7-14(31-16(18)6-10)9-2-3-11(24)15(4-9)32-22-21(29)20(28)19(27)17(8-23)33-22/h2-7,17,19-25,27-29H,8H2,1H3	5-hydroxy-2-[4-hydroxy-3-[(2S,3R,4S,5R,6R)-3,4,5-trihydroxy-6-(hydroxymethyl)oxan-2-yl]oxyphenyl]-7-methoxychromen-4-one	COC1=CC(=C2C(=C1)OC(=CC2=O)C3=CC(=C(C=C3)O)OC4C(C(C(C(O4)CO)O)O)O)O	0.800000012	11754078;10479460	PubChem:(11754078 10479460);COCONUT:(CNP0076080)	2097154
9	1	N/A	-46.10250295482593	C22H22O11	[M + H]+	ZZWPMFROUHHAKY	InChI=1S/C22H22O11/c1-30-15-4-9(2-3-12(15)25)21-16(7-11-13(26)5-10(24)6-14(11)31-21)32-22-20(29)19(28)18(27)17(8-23)33-22/h2-7,17-20,22-23,27-29H,8H2,1H3,(H2-,24,25,26)/p+1	Oxycoccicyanin	COC1=C(C=CC(=C1)C2=[O+]C3=CC(=CC(=C3C=C2OC4C(C(C(C(O4)CO)O)O)O)O)O)O	1.3111248	443654;14311151;10298414;11454027;44256834;44256838;92469675;101072177;131698479	HMDB:(13689 125116);SuperNatural:(SN00236724 SN00341468 SN00316751 SN00021354);ZINC bio:(ZINC04102357 ZINC15657802);additional;MeSH:(443654);PubMed;COCONUT:(CNP0153973);KNApSAcK:(6680);Natural Products:(UNPD90232 UNPD14895 UNPD133484 UNPD20047);PubChem:(443654 14311151 10298414 11454027 44256834 44256838 92469675 101072177 131698479);CHEBI:(144780 74793);PubChem class - bio and metabolites;KEGG:(C12141);YMDB:(1766);Training Set;Biocyc:(CPD-19094)	20572542
10	1	N/A	-46.414643006045836	C22H22O11	[M + H]+	ZREMOZUHVILNPD	InChI=1S/C22H22O11/c1-30-20-14(32-22-19(29)18(28)17(27)15(8-23)33-22)7-12(26)16-11(25)6-13(31-21(16)20)9-4-2-3-5-10(9)24/h2-7,15,17-19,22-24,26-29H,8H2,1H3	5-hydroxy-2-(2-hydroxyphenyl)-8-methoxy-7-[(2S,3R,4S,5S,6R)-3,4,5-trihydroxy-6-(hydroxymethyl)oxan-2-yl]oxychromen-4-one	COC1=C(C=C(C2=C1OC(=CC2=O)C3=CC=CC=C3O)O)OC4C(C(C(C(O4)CO)O)O)O	0.800000012	11655573	COCONUT:(CNP0266423);Natural Products:(UNPD121921);PubChem:(11655573);SuperNatural:(SN00235178)	3178498
11	1	N/A	-47.679279195412356	C22H22O11	[M + H]+	FAFFFXZNMUEBBD	InChI=1S/C22H22O11/c1-30-15-5-10(31-22-21(29)20(28)19(27)17(8-23)33-22)6-16-18(15)13(26)7-14(32-16)9-2-3-11(24)12(25)4-9/h2-7,17,19-25,27-29H,8H2,1H3	Luteolin 5-methyl ether 7-glucoside	COC1=CC(=CC2=C1C(=O)C=C(O2)C3=CC(=C(C=C3)O)O)OC4C(C(C(C(O4)CO)O)O)O	0.300000012	44258309;53392995	COCONUT:(CNP0314945);KNApSAcK:(4332);Natural Products:(UNPD73863);PubChem:(44258309 53392995);SuperNatural:(SN00327555);KEGG Mine	8593113106
12	1	N/A	-47.98330884821612	C22H22O11	[M + H]+	OZWDYLLMBFLSNH	InChI=1S/C22H22O11/c1-30-14-7-13-16(11(25)6-12(31-13)9-3-2-4-10(24)5-9)18(27)21(14)33-22-20(29)19(28)17(26)15(8-23)32-22/h2-7,15,17,19-20,22-24,26-29H,8H2,1H3	null	COC1=C(C(=C2C(=C1)OC(=CC2=O)C3=CC(=CC=C3)O)O)OC4C(C(C(C(O4)CO)O)O)O	0.437750548	""	COCONUT:(CNP0327615);Natural Products:(UNPD91070);SuperNatural:(SN00314695)	3178496
13	1	N/A	-48.54904985005623	C22H22O11	[M + H]+	RMBWMWQXPGWZJZ	InChI=1S/C22H22O11/c1-30-10-4-2-9(3-5-10)13-6-11(24)16-14(31-13)7-12(25)21(18(16)27)33-22-20(29)19(28)17(26)15(8-23)32-22/h2-7,15,17,19-20,22-23,25-29H,8H2,1H3	null	COC1=CC=C(C=C1)C2=CC(=O)C3=C(C(=C(C=C3O2)O)OC4C(C(C(C(O4)CO)O)O)O)O	0.437750548	""	COCONUT:(CNP0174986);Natural Products:(UNPD105595);SuperNatural:(SN00259415)	3178496
14	1	N/A	-48.860158672928044	C22H22O11	[M + H]+	KCDJRKUVAZMGGT	InChI=1S/C22H22O11/c1-30-10-5-13(25)11-7-16(32-22-20(29)19(28)18(27)17(8-23)33-22)21(31-15(11)6-10)9-2-3-12(24)14(26)4-9/h2-7,17-20,22-23,27-29H,8H2,1H3,(H2-,24,25,26)/p+1	null	COC1=CC(=C2C=C(C(=[O+]C2=C1)C3=CC(=C(C=C3)O)O)OC4C(C(C(C(O4)CO)O)O)O)O	1.3111248	101765178;122394738	Natural Products:(UNPD221730 UNPD154812);PubChem:(101765178 122394738);SuperNatural:(SN00317728)	1081346
15	1	N/A	-52.20178846783037	C22H22O11	[M + H]+	XEZXZKDKCCSHBV	InChI=1S/C22H22O11/c1-30-15-4-9(14-7-12(26)18-11(25)5-10(24)6-16(18)31-14)2-3-13(15)32-22-21(29)20(28)19(27)17(8-23)33-22/h2-7,17,19-25,27-29H,8H2,1H3	Luteolin 3''-methyl ether 4''-glucoside	COC1=C(C=CC(=C1)C2=CC(=O)C3=C(C=C(C=C3O2)O)O)OC4C(C(C(C(O4)CO)O)O)O	0.800000012	14406834;44258188	COCONUT:(CNP0380106);KNApSAcK:(4340);Natural Products:(UNPD29917 UNPD136384 UNPD38283);PubChem:(14406834 44258188);SuperNatural:(SN00321497 SN00377524 SN00389177);PubMed	3178578
16	1	N/A	-53.40617781647146	C22H22O11	[M + H]+	ZXVSQQSRCKKYLS	InChI=1S/C22H22O11/c1-30-10-5-15-18(13(26)7-14(31-15)9-2-3-11(24)12(25)4-9)16(6-10)32-22-21(29)20(28)19(27)17(8-23)33-22/h2-7,17,19-25,27-29H,8H2,1H3	Luteolin 7-methyl ether 5-glucoside	COC1=CC2=C(C(=C1)OC3C(C(C(C(O3)CO)O)O)O)C(=O)C=C(O2)C4=CC(=C(C=C4)O)O	0.300000012	179680;44258376;71421425	COCONUT:(CNP0159642);KNApSAcK:(4333);Natural Products:(UNPD129680 UNPD10649);PubChem:(179680 44258376 71421425);SuperNatural:(SN00279267 SN00360711);PubMed	3178578
17	1	N/A	-53.48860228153901	C22H22O11	[M + H]+	VEFXIXFPSFIBMM	InChI=1S/C22H22O11/c1-30-14-7-12(26)16-11(25)6-13(9-2-4-10(24)5-3-9)31-21(16)20(14)33-22-19(29)18(28)17(27)15(8-23)32-22/h2-7,15,17-19,22-24,26-29H,8H2,1H3	null	COC1=C(C2=C(C(=C1)O)C(=O)C=C(O2)C3=CC=C(C=C3)O)OC4C(C(C(C(O4)CO)O)O)O	0.800000012	91825844;100912308;100913347;129316704;133612167	COCONUT:(CNP0198352);Natural Products:(UNPD103656);PubChem:(91825844 100912308 100913347 129316704 133612167);SuperNatural:(SN00315145)	3178498
18	1	N/A	-59.50251227789957	C22H22O11	[M + H]+	SYUXAJSOZXEFPP	InChI=1S/C22H22O11/c1-30-21-11(25)7-14-16(18(21)27)10(24)6-13(31-14)9-4-2-3-5-12(9)32-22-20(29)19(28)17(26)15(8-23)33-22/h2-7,15,17,19-20,22-23,25-29H,8H2,1H3	null	COC1=C(C2=C(C=C1O)OC(=CC2=O)C3=CC=CC=C3OC4C(C(C(C(O4)CO)O)O)O)O	0.800000012	101496155	COCONUT:(CNP0287893);Natural Products:(UNPD157092);PubChem:(101496155);SuperNatural:(SN00293028)	3178498
19	1	N/A	-60.88227475639095	C22H22O11	[M + H]+	FQKGNOGAGLOTLV	InChI=1S/C22H22O11/c1-30-21-17(27)15-12(25)6-11(31-22-19(29)18(28)16(26)14(8-23)33-22)7-13(15)32-20(21)9-2-4-10(24)5-3-9/h2-7,14,16,18-19,22-26,28-29H,8H2,1H3	Isokaempferide 7-glucoside	COC1=C(OC2=CC(=CC(=C2C1=O)O)OC3C(C(C(C(O3)CO)O)O)O)C4=CC=C(C=C4)O	1.0	44259640;53317532	COCONUT:(CNP0227879);KNApSAcK:(5264);Natural Products:(UNPD36423 UNPD37926 UNPD151506);PubChem:(44259640 53317532);SuperNatural:(SN00229296 SN00307632 SN00225860);CHEBI:(68351);PubMed	3178610
20	1	N/A	-61.01273694367239	C22H22O11	[M + H]+	ICSFPIDSHAZCAQ	InChI=1S/C22H22O11/c1-30-10-4-2-9(3-5-10)14-7-12(25)16-11(24)6-13(26)20(21(16)31-14)33-22-19(29)18(28)17(27)15(8-23)32-22/h2-7,15,17-19,22-24,26-29H,8H2,1H3	Takakin 8-O-beta-D-glucoside	COC1=CC=C(C=C1)C2=CC(=O)C3=C(O2)C(=C(C=C3O)O)OC4C(C(C(C(O4)CO)O)O)O	0.800000012	44258581	PubChem:(44258581);KNApSAcK:(13645)	18
21	1	N/A	-62.410538731214636	C22H22O11	[M + H]+	VSFKAJPKOFGJTH	InChI=1S/C22H22O11/c1-30-13-3-2-9(14-7-12(26)18-11(25)5-10(24)6-16(18)31-14)4-15(13)32-22-21(29)20(28)19(27)17(8-23)33-22/h2-7,17,19-25,27-29H,8H2,1H3	Diosmetin 3''-glucoside	COC1=C(C=C(C=C1)C2=CC(=O)C3=C(C=C(C=C3O2)O)O)OC4C(C(C(C(O4)CO)O)O)O	0.800000012	15747332;44258229	COCONUT:(CNP0141017);KNApSAcK:(4507);Natural Products:(UNPD190795);PubChem:(15747332 44258229);SuperNatural:(SN00247072);PubMed	3178578
22	1	N/A	-62.70572484648471	C22H22O11	[M + H]+	CNTWHHYMFNSRNJ	InChI=1S/C22H22O11/c1-30-14-3-2-9(4-13(14)26)21-16(7-11-12(25)5-10(24)6-15(11)31-21)32-22-20(29)19(28)18(27)17(8-23)33-22/h2-7,17-20,22-23,27-29H,8H2,1H3,(H2-,24,25,26)/p+1	null	COC1=C(C=C(C=C1)C2=[O+]C3=CC(=CC(=C3C=C2OC4C(C(C(C(O4)CO)O)O)O)O)O)O	1.3111248	9941060;131753199	COCONUT:(CNP0021868);HMDB:(41751 41752);PubChem:(9941060 131753199);PubChem class - bio and metabolites	18874378
23	1	N/A	-63.7472616397249	C22H22O11	[M + H]+	CNOURESJATUGPN	InChI=1S/C22H22O11/c1-30-21-13(32-22-20(29)19(28)17(26)14(7-23)33-22)6-12-15(18(21)27)16(25)11(8-31-12)9-2-4-10(24)5-3-9/h2-6,8,14,17,19-20,22-24,26-29H,7H2,1H3	Shekanin	COC1=C(C=C2C(=C1O)C(=O)C(=CO2)C3=CC=C(C=C3)O)OC4C(C(C(C(O4)CO)O)O)O	0.800000012	6124513;5281810;12443308;44257341;66575615;129695778	SuperNatural:(SN00157222 SN00340859 SN00365029);ZINC bio:(ZINC04098747);additional;MeSH:(5281810);PubMed;COCONUT:(CNP0111657 CNP0337666);KNApSAcK:(2576);Natural Products:(UNPD58717 UNPD126620 UNPD31255);PubChem:(6124513 5281810 12443308 44257341 66575615 129695778);CHEBI:(9428);KEGG:(C10533);PubChem class - safety and toxic;Training Set;Biocyc:(CPD-21626)	70838646
24	1	N/A	-64.87544539937853	C22H22O11	[M + H]+	YJBZWKGFYVMPDY	InChI=1S/C22H22O11/c1-30-20-13(32-22-19(29)18(28)17(27)14(7-23)33-22)6-12(25)15-16(26)11(8-31-21(15)20)9-2-4-10(24)5-3-9/h2-6,8,14,17-19,22-25,27-29H,7H2,1H3	Isotectorigenin 7-O-glucoside	COC1=C(C=C(C2=C1OC=C(C2=O)C3=CC=C(C=C3)O)O)OC4C(C(C(C(O4)CO)O)O)O	0.800000012	44257364	COCONUT:(CNP0114304);KNApSAcK:(10172);Natural Products:(UNPD9895 UNPD262);PubChem:(44257364);SuperNatural:(SN00321581)	3178514
25	1	N/A	-65.02348957456861	C22H22O11	[M + H]+	SNMLMRSAAZURSB	InChI=1S/C22H22O11/c1-30-11-6-12(24)15-13(7-11)32-21(19(28)17(15)26)9-2-4-10(5-3-9)31-22-20(29)18(27)16(25)14(8-23)33-22/h2-7,14,16,18,20,22-25,27-29H,8H2,1H3	Kaempferol 7-methyl ether 4''-glucoside	COC1=CC(=C2C(=C1)OC(=C(C2=O)O)C3=CC=C(C=C3)OC4C(C(C(C(O4)CO)O)O)O)O	1.0	44259561;101995304	COCONUT:(CNP0278257);KNApSAcK:(13810);Natural Products:(UNPD56544);PubChem:(44259561 101995304)	2129938
26	1	N/A	-65.86470341030196	C22H22O11	[M + H]+	XJQKYCNSLNPXDD	InChI=1S/C22H22O11/c1-30-10-4-2-9(3-5-10)21-19(28)17(26)15-12(24)6-11(7-13(15)32-21)31-22-20(29)18(27)16(25)14(8-23)33-22/h2-7,14,16,18,20,22-25,27-29H,8H2,1H3	Mumenin	COC1=CC=C(C=C1)C2=C(C(=O)C3=C(C=C(C=C3O2)OC4C(C(C(C(O4)CO)O)O)O)O)O	1.0	12312994;44257988;49841916;90657201	COCONUT:(CNP0234538);HMDB:(38455);KNApSAcK:(5290);Natural Products:(UNPD146914 UNPD32899);PubChem:(12312994 44257988 49841916 90657201);SuperNatural:(SN00398954 SN00278192);PubChem class - bio and metabolites;Biocyc:(CPD-14971)	19957786
27	1	N/A	-66.45649587464983	C22H22O11	[M + H]+	OHRJVTNFYFYUPW	InChI=1S/C22H22O11/c1-30-20-12(26)6-10(24)16-11(25)7-14(31-21(16)20)9-4-2-3-5-13(9)32-22-19(29)18(28)17(27)15(8-23)33-22/h2-7,15,17-19,22-24,26-29H,8H2,1H3	5,7-dihydroxy-8-methoxy-2-[2-[(2S,3R,4S,5S,6R)-3,4,5-trihydroxy-6-(hydroxymethyl)oxan-2-yl]oxyphenyl]chromen-4-one	COC1=C(C=C(C2=C1OC(=CC2=O)C3=CC=CC=C3OC4C(C(C(C(O4)CO)O)O)O)O)O	0.800000012	11662629	COCONUT:(CNP0203754);Natural Products:(UNPD118635);PubChem:(11662629);SuperNatural:(SN00313545)	3178498
28	1	N/A	-70.5003624876725	C22H22O11	[M + H]+	YGSMFMGAQQQYBQ	InChI=1S/C22H22O11/c1-30-21-12(24)6-13-15(18(21)27)16(25)11(8-31-13)9-2-4-10(5-3-9)32-22-20(29)19(28)17(26)14(7-23)33-22/h2-6,8,14,17,19-20,22-24,26-29H,7H2,1H3	null	COC1=C(C2=C(C=C1O)OC=C(C2=O)C3=CC=C(C=C3)OC4C(C(C(C(O4)CO)O)O)O)O	0.800000012	44133603	COCONUT:(CNP0298591);KNApSAcK:(19132);Natural Products:(UNPD54400);PubChem:(44133603);SuperNatural:(SN00330801)	3178514
29	1	N/A	-70.91608793816155	C22H22O11	[M + H]+	KOMUHHCFAXYRPO	InChI=1S/C22H22O11/c1-31-13-4-8(2-3-9(13)24)12-5-10(25)16-14(32-12)6-11(26)17(19(16)28)22-21(30)20(29)18(27)15(7-23)33-22/h2-6,15,18,20-24,26-30H,7H2,1H3	Isocoparin	COC1=C(C=CC(=C1)C2=CC(=O)C3=C(O2)C=C(C(=C3O)C4C(C(C(C(O4)CO)O)O)O)O)O	0.200000003	442611;3549959;12304458;25203018;44258154;44258155;102059373	HMDB:(127355);SuperNatural:(SN00157183 SN00353078);additional;PubMed;COCONUT:(CNP0303436 CNP0324598);KNApSAcK:(1058);Natural Products:(UNPD57248 UNPD106908);PubChem:(442611 3549959 12304458 25203018 44258154 44258155 102059373);CHEBI:(18200 58407);PubChem class - bio and metabolites;KEGG:(C05990);Biocyc:(ISOSCOPARIN)	20482426
30	1	N/A	-71.25906726359972	C22H22O11	[M + H]+	ULVBHEFDGPIWAT	InChI=1S/C22H22O11/c1-30-11-6-12(25)15-13(7-11)31-20(9-2-4-10(24)5-3-9)21(17(15)27)33-22-19(29)18(28)16(26)14(8-23)32-22/h2-7,14,16,18-19,22-26,28-29H,8H2,1H3	Rhamnocitrin 3-alloside	COC1=CC(=C2C(=C1)OC(=C(C2=O)OC3C(C(C(C(O3)CO)O)O)O)C4=CC=C(C=C4)O)O	1.0	14704550;21722013;44259539;44259544;44259555	COCONUT:(CNP0165628 CNP0312743);KNApSAcK:(5271);Natural Products:(UNPD38072 UNPD125006 UNPD184443);PubChem:(14704550 21722013 44259539 44259544 44259555);SuperNatural:(SN00323749 SN00355560 SN00226256 SN00163608);KEGG Mine	8593113106
31	1	N/A	-74.29708826700546	C22H22O11	[M + H]+	POZDZAFHYWTJCO	InChI=1S/C22H22O11/c1-30-11-6-12-15(17(26)19(28)21(31-12)9-2-4-10(24)5-3-9)13(7-11)32-22-20(29)18(27)16(25)14(8-23)33-22/h2-7,14,16,18,20,22-25,27-29H,8H2,1H3	Rhamnocitrin 5-glucoside	COC1=CC2=C(C(=C1)OC3C(C(C(C(O3)CO)O)O)O)C(=O)C(=C(O2)C4=CC=C(C=C4)O)O	0.5	44259558	COCONUT:(CNP0175161);KNApSAcK:(5274);Natural Products:(UNPD189453);PubChem:(44259558);SuperNatural:(SN00309799)	3178514
32	1	N/A	-77.23507153819064	C22H22O11	[M + H]+	QVCRFTYZNLYWPZ	InChI=1S/C22H22O11/c1-30-14-4-9(2-3-11(14)25)13-7-12(26)18-15(31-13)5-10(24)6-16(18)32-22-21(29)20(28)19(27)17(8-23)33-22/h2-7,17,19-25,27-29H,8H2,1H3	Isorhamnetin 5-galactoside	COC1=C(C=CC(=C1)C2=CC(=O)C3=C(O2)C=C(C=C3OC4C(C(C(C(O4)CO)O)O)O)O)O	0.300000012	44258183;44259377	COCONUT:(CNP0217521);KNApSAcK:(4335);Natural Products:(UNPD180586);PubChem:(44258183 44259377);SuperNatural:(SN00364019)	3178514
33	1	N/A	-78.60292911707285	C22H22O11	[M + H]+	YXHFXGHAELQJGK	InChI=1S/C22H22O11/c1-31-14-4-8(2-3-9(14)24)13-6-12(27)16-10(25)5-11(26)17(21(16)32-13)22-20(30)19(29)18(28)15(7-23)33-22/h2-6,15,18-20,22-26,28-30H,7H2,1H3	Scoparin	COC1=C(C=CC(=C1)C2=CC(=O)C3=C(O2)C(=C(C=C3O)O)C4C(C(C(C(O4)CO)O)O)O)O	0.200000003	5383409;12315430;20055255;44258170;44258172;137333730	COCONUT:(CNP0166697);HMDB:(127206);KNApSAcK:(6364);Natural Products:(UNPD130563);PubChem:(5383409 12315430 20055255 44258170 44258172 137333730);SuperNatural:(SN00235979);CHEBI:(131760);PubChem class - bio and metabolites;PubMed;KEGG Mine	8609890426
34	1	N/A	-78.86953539813452	C22H22O11	[M + H]+	VUMXWCHSUVNBSD	InChI=1S/C22H22O11/c1-30-15-5-10(24)6-16-18(15)12(26)7-13(31-16)9-2-3-11(25)14(4-9)32-22-21(29)20(28)19(27)17(8-23)33-22/h2-7,17,19-25,27-29H,8H2,1H3	Luteorin 5-methyl ether 3''-glucoside	COC1=CC(=CC2=C1C(=O)C=C(O2)C3=CC(=C(C=C3)O)OC4C(C(C(C(O4)CO)O)O)O)O	0.300000012	44258311	PubChem:(44258311);COCONUT:(CNP0247444)	2097154
35	1	N/A	-78.88999816113251	C22H22O11	[M + H]+	SHGJWWSABCWUTP	InChI=1S/C22H22O11/c1-30-21-14(31-8-15-17(25)19(27)20(28)22(29)33-15)7-13-16(18(21)26)11(24)6-12(32-13)9-2-4-10(23)5-3-9/h2-7,15,17,19-20,22-23,25-29H,8H2,1H3	null	COC1=C(C=C2C(=C1O)C(=O)C=C(O2)C3=CC=C(C=C3)O)OCC4C(C(C(C(O4)O)O)O)O	0.437750548	""	COCONUT:(CNP0075045)	2097152
36	1	N/A	-80.06261447189048	C22H22O11	[M + H]+	FHFSSMDJUNVMNY	InChI=1S/C22H22O11/c1-30-21-13(32-22-20(29)19(28)17(26)14(7-23)33-22)6-12-15(18(21)27)16(25)11(8-31-12)9-3-2-4-10(24)5-9/h2-6,8,14,17,19-20,22-24,26-29H,7H2,1H3	null	COC1=C(C=C2C(=C1O)C(=O)C(=CO2)C3=CC(=CC=C3)O)OC4C(C(C(C(O4)CO)O)O)O	0.260248303	""	COCONUT:(CNP0156062);Natural Products:(UNPD175996);SuperNatural:(SN00379806)	3178496
37	1	N/A	-80.66022467137468	C22H22O11	[M + H]+	APCIHDWWOMFADS	InChI=1S/C22H22O11/c1-30-14-4-9(2-3-12(14)24)11-8-31-15-6-10(5-13(25)17(15)18(11)26)32-22-21(29)20(28)19(27)16(7-23)33-22/h2-6,8,16,19-25,27-29H,7H2,1H3	3''-O-Methylorobol 7-O-glucoside	COC1=C(C=CC(=C1)C2=COC3=CC(=CC(=C3C2=O)O)OC4C(C(C(C(O4)CO)O)O)O)O	0.800000012	44257305;101113358	COCONUT:(CNP0219109);KNApSAcK:(10123);Natural Products:(UNPD121960 UNPD166464);PubChem:(44257305 101113358);SuperNatural:(SN00327605 SN00341429)	3178514
38	1	N/A	-81.38206027931986	C22H22O11	[M + H]+	ZEPNHKUGGSKVDG	InChI=1S/C22H22O11/c1-30-14-5-10(24)6-15-11(14)7-16(21(31-15)9-2-3-12(25)13(26)4-9)32-22-20(29)19(28)18(27)17(8-23)33-22/h2-7,17-20,22-23,27-29H,8H2,1H3,(H2-,24,25,26)/p+1	null	COC1=CC(=CC2=[O+]C(=C(C=C12)OC3C(C(C(C(O3)CO)O)O)O)C4=CC(=C(C=C4)O)O)O	1.3111248	102357775	COCONUT:(CNP0221280);KNApSAcK:(6678);PubChem:(102357775)	2097170
39	1	N/A	-85.00945252011223	C22H22O11	[M + H]+	OPGQTTVBIMRHFD	InChI=1S/C22H22O11/c1-30-9-5-11(25)17-12(26)7-15(31-14(17)6-9)18-10(24)3-2-4-13(18)32-22-21(29)20(28)19(27)16(8-23)33-22/h2-7,16,19-25,27-29H,8H2,1H3	5,2'',6''-Trihydroxy-7-methoxyflavone 2''-O-glucoside	COC1=CC(=C2C(=C1)OC(=CC2=O)C3=C(C=CC=C3OC4C(C(C(C(O4)CO)O)O)O)O)O	0.800000012	44257613;101262883	COCONUT:(CNP0267738);KNApSAcK:(13652);Natural Products:(UNPD113879);PubChem:(44257613 101262883);SuperNatural:(SN00312696)	3178514
40	1	N/A	-87.51930982982047	C22H22O11	[M + H]+	ADVFPEKLSDNTRV	InChI=1S/C22H22O11/c1-31-12-3-2-8(4-9(12)24)13-5-10(25)16-14(32-13)6-11(26)17(19(16)28)22-21(30)20(29)18(27)15(7-23)33-22/h2-6,15,18,20-24,26-30H,7H2,1H3	6-C-beta-D-Glucopyranosyldiosmetin	COC1=C(C=C(C=C1)C2=CC(=O)C3=C(O2)C=C(C(=C3O)C4C(C(C(C(O4)CO)O)O)O)O)O	0.200000003	14861262;44258213;67531410;71593116	COCONUT:(CNP0167799);HMDB:(37567);KNApSAcK:(6123);Natural Products:(UNPD176851);PubChem:(14861262 44258213 67531410 71593116);SuperNatural:(SN00245687);PubChem class - bio and metabolites;PubMed;KEGG Mine	8609890394
41	1	N/A	-91.26111526464652	C22H22O11	[M + H]+	UXCXDWDJBSJZOU	InChI=1S/C22H22O11/c1-8-17(26)19(28)20(29)22(31-8)33-15-7-14-16(18(27)21(15)30-2)12(25)6-13(32-14)9-3-4-10(23)11(24)5-9/h3-8,17,19-20,22-24,26-29H,1-2H3	6-Methoxyluteolin 7-rhamnoside	CC1C(C(C(C(O1)OC2=C(C(=C3C(=C2)OC(=CC3=O)C4=CC(=C(C=C4)O)O)O)OC)O)O)O	1.0	442617;3550101;6325905;23304594;44258474;69169257	COCONUT:(CNP0212382);KNApSAcK:(1068);Natural Products:(UNPD51932 UNPD219634);PubChem:(442617 3550101 6325905 23304594 44258474 69169257);SuperNatural:(SN00213572 SN00168264 SN00364585);CHEBI:(28314);KEGG:(C10104)	3178802
42	1	N/A	-91.91735104650029	C22H22O11	[M + H]+	MQVRGDZCYDEQML	InChI=1S/C22H22O11/c1-30-11-4-2-9(3-5-11)20-21(17(27)15-12(25)6-10(24)7-13(15)31-20)33-22-19(29)18(28)16(26)14(8-23)32-22/h2-7,14,16,18-19,22-26,28-29H,8H2,1H3	Kaempferide 3-glucoside	COC1=CC=C(C=C1)C2=C(C(=O)C3=C(C=C(C=C3O2)O)O)OC4C(C(C(C(O4)CO)O)O)O	1.0	44259053;44259083;74978140;90659152;118735932	COCONUT:(CNP0219247);KNApSAcK:(5286);Natural Products:(UNPD151658 UNPD94510 UNPD41753 UNPD43960);PubChem:(44259053 44259083 74978140 90659152 118735932);SuperNatural:(SN00300700 SN00360327 SN00390255 SN00278689);PubChem class - bio and metabolites;Plantcyc:(CPD-14961);PubMed;Biocyc:(CPD-14961);KEGG Mine	8610023506
43	1	N/A	-92.08989662244835	C22H22O11	[M + H]+	QUGSUGPFSUAXKY	InChI=1S/C22H22O11/c1-30-14-7-13-16(11(24)6-12(32-13)9-2-4-10(23)5-3-9)18(26)21(14)31-8-15-17(25)19(27)20(28)22(29)33-15/h2-7,15,17,19-20,22-23,25-29H,8H2,1H3	null	COC1=C(C(=C2C(=C1)OC(=CC2=O)C3=CC=C(C=C3)O)O)OCC4C(C(C(C(O4)O)O)O)O	0.437750548	""	COCONUT:(CNP0143688);Natural Products:(UNPD46792);SuperNatural:(SN00279377)	3178496
44	1	N/A	-93.71187504131444	C22H22O11	[M + H]+	CKMIJUAYEJOBFX	InChI=1S/C22H22O11/c1-30-16-4-9(2-3-12(16)25)21-13(26)7-11-14(31-21)5-10(24)6-15(11)32-22-20(29)19(28)18(27)17(8-23)33-22/h2-7,17-20,22-23,27-29H,8H2,1H3,(H2-,24,25,26)/p+1	null	COC1=C(C=CC(=C1)C2=C(C=C3C(=CC(=CC3=[O+]2)O)OC4C(C(C(C(O4)CO)O)O)O)O)O	1.3111248	14861216;14861218	HMDB:(125113);PubChem:(14861216 14861218);PubChem class - bio and metabolites	16777226
45	1	N/A	-95.20615100873192	C22H22O11	[M + H]+	NSUGQZFWSLTJRI	InChI=1S/C22H22O11/c1-31-13-3-2-8(4-9(13)24)14-6-12(27)16-10(25)5-11(26)17(21(16)32-14)22-20(30)19(29)18(28)15(7-23)33-22/h2-6,15,18-20,22-26,28-30H,7H2,1H3	8-C-beta-D-Glucopyranosyldiosmetin	COC1=C(C=C(C=C1)C2=CC(=O)C3=C(O2)C(=C(C=C3O)O)C4C(C(C(C(O4)CO)O)O)O)O	0.200000003	44258212;101743914;101387091	COCONUT:(CNP0382269);KNApSAcK:(6121);Natural Products:(UNPD99844);PubChem:(44258212 101743914 101387091);SuperNatural:(SN00387956);KEGG Mine	8593113106
46	1	N/A	-95.98831210118699	C22H22O11	[M + H]+	CBSZNHSSZDGQIX	InChI=1S/C22H22O11/c1-8-11(25)6-12-14(15(8)26)17(28)21(20(31-12)9-2-4-10(24)5-3-9)33-22-19(30)18(29)16(27)13(7-23)32-22/h2-6,13,16,18-19,22-27,29-30H,7H2,1H3	6-C-Methylkaempferol 3-glucoside	CC1=C(C2=C(C=C1O)OC(=C(C2=O)OC3C(C(C(C(O3)CO)O)O)O)C4=CC=C(C=C4)O)O	1.10000002	44258908	COCONUT:(CNP0320897);KNApSAcK:(5801);Natural Products:(UNPD81989 UNPD93835);PubChem:(44258908);KEGG Mine	8592064530
47	1	N/A	-97.2634465630336	C22H22O11	[M + H]+	FGAAKLDKKBMYCB	InChI=1S/C22H22O11/c1-30-14-3-2-9(4-12(14)24)11-8-31-15-6-10(5-13(25)17(15)18(11)26)32-22-21(29)20(28)19(27)16(7-23)33-22/h2-6,8,16,19-25,27-29H,7H2,1H3	Pratensein 7-O-glucoside	COC1=C(C=C(C=C1)C2=COC3=CC(=CC(=C3C2=O)O)OC4C(C(C(C(O4)CO)O)O)O)O	0.800000012	16202157;44257307;137796468	COCONUT:(CNP0261602);KNApSAcK:(10122);Natural Products:(UNPD44710 UNPD124323);PubChem:(16202157 44257307 137796468);SuperNatural:(SN00393103);KEGG Mine	8593113106
48	1	N/A	-98.31342199189493	C22H22O11	[M + H]+	RICTWLNXKRIFKF	InChI=1S/C22H22O11/c1-30-10-5-13(25)17-15(6-10)31-8-11(18(17)26)9-2-3-12(24)14(4-9)32-22-21(29)20(28)19(27)16(7-23)33-22/h2-6,8,16,19-25,27-29H,7H2,1H3	null	COC1=CC(=C2C(=C1)OC=C(C2=O)C3=CC(=C(C=C3)O)OC4C(C(C(C(O4)CO)O)O)O)O	0.260248303	""	COCONUT:(CNP0106821)	2097152
49	1	N/A	-100.46867346815776	C22H22O11	[M + H]+	ZZKATSZOBRHQIB	InChI=1S/C22H22O11/c1-30-9-2-3-11(13(24)4-9)12-8-31-15-6-10(5-14(25)17(15)18(12)26)32-22-21(29)20(28)19(27)16(7-23)33-22/h2-6,8,16,19-25,27-29H,7H2,1H3	null	COC1=CC(=C(C=C1)C2=COC3=CC(=CC(=C3C2=O)O)OC4C(C(C(C(O4)CO)O)O)O)O	0.260248303	""	COCONUT:(CNP0281830);Natural Products:(UNPD204707);KEGG Mine	8592064512
50	1	N/A	-101.12609013095121	C22H22O11	[M + H]+	FEYFZJPYLLBCMG	InChI=1S/C22H22O11/c1-30-12-6-11(25)7-13-15(12)17(27)21(20(31-13)9-2-4-10(24)5-3-9)33-22-19(29)18(28)16(26)14(8-23)32-22/h2-7,14,16,18-19,22-26,28-29H,8H2,1H3	Kaempferol 5-methyl ether 3-galactoside	COC1=CC(=CC2=C1C(=O)C(=C(O2)C3=CC=C(C=C3)O)OC4C(C(C(C(O4)CO)O)O)O)O	0.5	44259525	COCONUT:(CNP0242553);KNApSAcK:(5267);Natural Products:(UNPD145618);PubChem:(44259525);SuperNatural:(SN00246112);KEGG Mine	8593113106
51	1	N/A	-102.76980622263729	C22H22O11	[M + H]+	CDEBNYWRNCBRBK	InChI=1S/C22H22O11/c1-30-8-14-16(26)18(28)19(29)22(32-14)33-21-17(27)15-12(25)6-11(24)7-13(15)31-20(21)9-2-4-10(23)5-3-9/h2-7,14,16,18-19,22-26,28-29H,8H2,1H3	null	COCC1C(C(C(C(O1)OC2=C(OC3=CC(=CC(=C3C2=O)O)O)C4=CC=C(C=C4)O)O)O)O	0.415377408	""	COCONUT:(CNP0116542);Natural Products:(UNPD229947);KEGG Mine	8592064512
52	1	N/A	-102.86304939677068	C22H22O11	[M + H]+	IMYMZHKXWBRMPB	InChI=1S/C22H22O11/c1-31-22-16(27)13-10(25)6-11(8-2-4-9(24)5-3-8)32-20(13)14(17(22)28)21-19(30)18(29)15(26)12(7-23)33-21/h2-6,12,15,18-19,21,23-24,26-30H,7H2,1H3	null	COC1=C(C(=C2C(=C1O)C(=O)C=C(O2)C3=CC=C(C=C3)O)C4C(C(C(C(O4)CO)O)O)O)O	0.200000003	10671722	COCONUT:(CNP0252613);Natural Products:(UNPD132597 UNPD202526);PubChem:(10671722);SuperNatural:(SN00299413)	3178498
53	1	N/A	-104.56721254349762	C22H22O11	[M + H]+	BAJRHADEHFARST	InChI=1S/C22H22O11/c1-8-4-9(2-3-11(8)25)20-21(17(28)15-12(26)5-10(24)6-13(15)31-20)33-22-19(30)18(29)16(27)14(7-23)32-22/h2-6,14,16,18-19,22-27,29-30H,7H2,1H3	null	CC1=C(C=CC(=C1)C2=C(C(=O)C3=C(C=C(C=C3O2)O)O)OC4C(C(C(C(O4)CO)O)O)O)O	0.48902595	""	COCONUT:(CNP0277471);Natural Products:(UNPD13519);SuperNatural:(SN00342632);KEGG Mine	8593113088
54	1	N/A	-110.31398967997431	C22H22O11	[M + H]+	JZBHUVGJBWDUSA	InChI=1S/C22H22O11/c1-30-10-5-14-18(11(7-17(26)31-14)9-2-3-12(24)13(25)4-9)15(6-10)32-22-21(29)20(28)19(27)16(8-23)33-22/h2-7,16,19-25,27-29H,8H2,1H3	5,3'',4''-Trihydroxy-7-methoxy-4-phenylcoumarin 5-O-glucoside	COC1=CC2=C(C(=CC(=O)O2)C3=CC(=C(C=C3)O)O)C(=C1)OC4C(C(C(C(O4)CO)O)O)O	0.200000003	13962183;21676237;44257548;44257549	COCONUT:(CNP0197837);KNApSAcK:(10235);Natural Products:(UNPD54521 UNPD113549 UNPD66018);PubChem:(13962183 21676237 44257548 44257549);SuperNatural:(SN00363906 SN00028782 SN00280965);ZINC bio:(ZINC31158315);additional;Training Set;PubMed	3727442
55	1	N/A	-110.35333939921132	C22H22O11	[M + H]+	BZAZBWYHZKMHJV	InChI=1S/C22H22O11/c1-31-21-14(22-19(30)17(28)15(26)12(7-23)33-22)20-13(16(27)18(21)29)10(25)6-11(32-20)8-2-4-9(24)5-3-8/h2-6,12,15,17,19,22-24,26-30H,7H2,1H3	null	COC1=C(C(=C2C(=O)C=C(OC2=C1C3C(C(C(C(O3)CO)O)O)O)C4=CC=C(C=C4)O)O)O	0.200000003	131833501	HMDB:(127128);PubChem:(131833501);PubChem class - bio and metabolites	16777226
56	1	N/A	-111.84255635847636	C22H22O11	[M + H]+	NKUIXTIWPZKBGQ	InChI=1S/C22H22O11/c1-31-21-15(7-23)33-22(20(30)19(21)29)17-12(27)6-14-16(18(17)28)11(26)5-13(32-14)8-2-3-9(24)10(25)4-8/h2-6,15,19-25,27-30H,7H2,1H3	null	COC1C(OC(C(C1O)O)C2=C(C3=C(C=C2O)OC(=CC3=O)C4=CC(=C(C=C4)O)O)O)CO	-0.200000003	131839404	HMDB:(136804);PubChem:(131839404);KEGG Mine;PubChem class - bio and metabolites	8606711818
57	1	N/A	-114.14455448197455	C22H22O11	[M + H]+	GSFDOOHGKOHDEL	InChI=1S/C22H22O11/c1-31-13-4-8(2-3-10(13)24)9-7-32-21-15(17(9)27)11(25)5-12(26)16(21)22-20(30)19(29)18(28)14(6-23)33-22/h2-5,7,14,18-20,22-26,28-30H,6H2,1H3	null	COC1=C(C=CC(=C1)C2=COC3=C(C2=O)C(=CC(=C3C4C(C(C(C(O4)CO)O)O)O)O)O)O	0.200000003	20831111;44257304	COCONUT:(CNP0268600);KNApSAcK:(6132);Natural Products:(UNPD12169);PubChem:(20831111 44257304);SuperNatural:(SN00299674)	3178514
58	1	N/A	-114.97112112701878	C22H22O11	[M + H]+	BRYZTZMVXZZLPD	InChI=1S/C22H22O11/c1-31-14-6-12(27)16-11(26)5-13(8-2-3-9(24)10(25)4-8)32-21(16)17(14)22-20(30)19(29)18(28)15(7-23)33-22/h2-6,15,18-20,22-25,27-30H,7H2,1H3	Isoswertiajaponin	COC1=C(C2=C(C(=C1)O)C(=O)C=C(O2)C3=CC(=C(C=C3)O)O)C4C(C(C(C(O4)CO)O)O)O	0.200000003	21721993;44258369;73829966	COCONUT:(CNP0182966);HMDB:(37449);KNApSAcK:(6122);Natural Products:(UNPD25548 UNPD187545);PubChem:(21721993 44258369 73829966);SuperNatural:(SN00391234 SN00398222);PubChem class - bio and metabolites;PubMed;KEGG Mine	8609890394
59	1	N/A	-115.41143658405426	C22H22O11	[M + H]+	PEMKDETYFXSZIV	InChI=1S/C22H22O11/c1-31-9-4-2-8(3-5-9)21-19(29)17(27)14-11(32-21)6-10(24)13(16(14)26)22-20(30)18(28)15(25)12(7-23)33-22/h2-6,12,15,18,20,22-26,28-30H,7H2,1H3	null	COC1=CC=C(C=C1)C2=C(C(=O)C3=C(C(=C(C=C3O2)O)C4C(C(C(C(O4)CO)O)O)O)O)O	-0.0845535696	""	COCONUT:(CNP0261107);Natural Products:(UNPD69895);SuperNatural:(SN00332394)	3178496
60	1	N/A	-116.20633109343183	C22H22O11	[M + H]+	CEZSSSKWSMJSKP	InChI=1S/C22H22O11/c1-31-14-6-12(27)17(22-20(30)19(29)18(28)15(7-23)33-22)21-16(14)11(26)5-13(32-21)8-2-3-9(24)10(25)4-8/h2-6,15,18-20,22-25,27-30H,7H2,1H3	Parkinsonin A	COC1=C2C(=O)C=C(OC2=C(C(=C1)O)C3C(C(C(C(O3)CO)O)O)O)C4=CC(=C(C=C4)O)O	-0.400000006	44258308;101289782	COCONUT:(CNP0353711);KNApSAcK:(14017);Natural Products:(UNPD108689 UNPD115031 UNPD75583);PubChem:(44258308 101289782);SuperNatural:(SN00393916 SN00321867);KEGG Mine	8593113106
61	1	N/A	-116.85363040723001	C22H22O11	[M + H]+	APJIFUZPDHNQGN	InChI=1S/C22H22O11/c1-8-14(25)17(28)18(29)22(31-8)33-21-16(27)13-12(7-11(24)20(30-2)15(13)26)32-19(21)9-3-5-10(23)6-4-9/h3-8,14,17-18,22-26,28-29H,1-2H3	6-Methoxykaempferol 3-rhamnoside	CC1C(C(C(C(O1)OC2=C(OC3=C(C2=O)C(=C(C(=C3)O)OC)O)C4=CC=C(C=C4)O)O)O)O	1.20000005	44259745;53655168;101548887	COCONUT:(CNP0258565);KNApSAcK:(5317);Natural Products:(UNPD135960);PubChem:(44259745 53655168 101548887);SuperNatural:(SN00339383)	3178514
62	1	N/A	-118.4387670057692	C22H22O11	[M + H]+	SSVHQKZUFBBLJY	InChI=1S/C22H22O11/c1-8-14(25)17(28)18(29)22(31-8)33-21-16(27)13-11(24)7-12(30-2)15(26)20(13)32-19(21)9-3-5-10(23)6-4-9/h3-8,14,17-18,22-26,28-29H,1-2H3	null	CC1C(C(C(C(O1)OC2=C(OC3=C(C2=O)C(=CC(=C3O)OC)O)C4=CC=C(C=C4)O)O)O)O	1.20000005	38357477	COCONUT:(CNP0241030);PubChem:(38357477);SuperNatural:(SN00029530);ZINC bio:(ZINC31164103);additional;Training Set	3694594
63	1	N/A	-118.44855352123523	C22H22O11	[M + H]+	DLVLXOYLQKCAME	InChI=1S/C22H22O11/c1-31-13-6-14-16(11(26)5-12(32-14)8-2-3-9(24)10(25)4-8)19(28)17(13)22-21(30)20(29)18(27)15(7-23)33-22/h2-6,15,18,20-25,27-30H,7H2,1H3	Leucanthoside	COC1=C(C(=C2C(=C1)OC(=CC2=O)C3=CC(=C(C=C3)O)O)O)C4C(C(C(C(O4)CO)O)O)O	0.200000003	442659;3556303;44258368	COCONUT:(CNP0137981);HMDB:(30569);KNApSAcK:(1102);Natural Products:(UNPD194202 UNPD58844);PubChem:(442659 3556303 44258368);SuperNatural:(SN00157192 SN00369504);PubChem class - bio and metabolites;MeSH:(442659 3556303 44258368);KEGG:(C10187);PubMed	19956062
64	1	N/A	-125.07398957274084	C22H22O11	[M + H]+	ZSIRZXXFVKCMPU	InChI=1S/C22H22O11/c1-30-13-7-9(21-19(28)17(26)15-10(24)3-2-4-12(15)31-21)5-6-11(13)32-22-20(29)18(27)16(25)14(8-23)33-22/h2-7,14,16,18,20,22-25,27-29H,8H2,1H3	null	COC1=C(C=CC(=C1)C2=C(C(=O)C3=C(O2)C=CC=C3O)O)OC4C(C(C(C(O4)CO)O)O)O	0.415377408	""	COCONUT:(CNP0163298);Natural Products:(UNPD169578);SuperNatural:(SN00348692)	3178496
65	1	N/A	-125.24080158603788	C22H22O11	[M + H]+	DEIDXPNOJOSSBX	InChI=1S/C22H22O11/c1-30-14-6-9(2-4-12(14)24)11-8-31-20-10(16(11)26)3-5-13(25)21(20)33-22-19(29)18(28)17(27)15(7-23)32-22/h2-6,8,15,17-19,22-25,27-29H,7H2,1H3	null	COC1=C(C=CC(=C1)C2=COC3=C(C2=O)C=CC(=C3OC4C(C(C(C(O4)CO)O)O)O)O)O	0.300000012	118737368	COCONUT:(CNP0095018 CNP0197481);Natural Products:(UNPD77855);PubChem:(118737368);SuperNatural:(SN00161427);PubMed	3178562
66	1	N/A	-129.03925208804742	C22H22O11	[M + H]+	XWNFITKEBJGZLQ	InChI=1S/C22H22O11/c1-8-14(24)17(27)19(29)22(31-8)32-10-5-3-9(4-6-10)20-18(28)15(25)13-12(33-20)7-11(23)21(30-2)16(13)26/h3-8,14,17,19,22-24,26-29H,1-2H3	6-Methoxykaempferol 4''-rhamnoside	CC1C(C(C(C(O1)OC2=CC=C(C=C2)C3=C(C(=O)C4=C(O3)C=C(C(=C4O)OC)O)O)O)O)O	1.20000005	44259748	COCONUT:(CNP0350252);KNApSAcK:(5320);Natural Products:(UNPD87716);PubChem:(44259748);SuperNatural:(SN00246222)	3178514
67	1	N/A	-131.1934502550812	C22H22O11	[M + H]+	MMAREEKBGZBOIJ	InChI=1S/C22H22O11/c1-8-11(32-22-20(30)18(28)16(26)13(7-23)33-22)6-12-14(15(8)25)17(27)19(29)21(31-12)9-2-4-10(24)5-3-9/h2-6,13,16,18,20,22-26,28-30H,7H2,1H3	null	CC1=C(C=C2C(=C1O)C(=O)C(=C(O2)C3=CC=C(C=C3)O)O)OC4C(C(C(C(O4)CO)O)O)O	0.48902595	""	COCONUT:(CNP0269004);Natural Products:(UNPD77145);SuperNatural:(SN00230922)	3178496
68	1	N/A	-131.34220378133827	C22H22O11	[M + H]+	XLQFMBLUUSGXQY	InChI=1S/C22H22O11/c1-8-16(25)18(27)20(29)22(31-8)32-10-6-12(24)15-14(7-10)33-21(19(28)17(15)26)9-3-4-11(23)13(5-9)30-2/h3-8,16,18,20,22-25,27-29H,1-2H3	Isorhamnetin 7-rhamnoside	CC1C(C(C(C(O1)OC2=CC(=C3C(=C2)OC(=C(C3=O)O)C4=CC(=C(C=C4)O)OC)O)O)O)O	1.20000005	14310828;44259380;102007835	COCONUT:(CNP0225641);KNApSAcK:(5531);Natural Products:(UNPD163855 UNPD97208);PubChem:(14310828 44259380 102007835);SuperNatural:(SN00307549 SN00377004)	3178514
69	1	N/A	-133.7063548995769	C22H22O11	[M + H]+	LXTBWDQLIZCNAP	InChI=1S/C22H22O11/c1-8-12(31-22-19(30)17(28)15(26)13(7-23)32-22)6-11(25)14-16(27)18(29)21(33-20(8)14)9-2-4-10(24)5-3-9/h2-6,13,15,17,19,22-26,28-30H,7H2,1H3	8-C-Methylkaempferol 7-glucoside	CC1=C(C=C(C2=C1OC(=C(C2=O)O)C3=CC=C(C=C3)O)O)OC4C(C(C(C(O4)CO)O)O)O	1.10000002	44258909	COCONUT:(CNP0298543);KNApSAcK:(5802);Natural Products:(UNPD54359);PubChem:(44258909);SuperNatural:(SN00277747)	3178514
70	1	N/A	-136.54254233612497	C22H22O11	[M + H]+	UCMPMVZIJFSAEQ	InChI=1S/C22H22O11/c1-30-13-3-2-9(11-8-31-15-6-10(24)5-12(25)17(15)18(11)26)4-14(13)32-22-21(29)20(28)19(27)16(7-23)33-22/h2-6,8,16,19-25,27-29H,7H2,1H3	null	COC1=C(C=C(C=C1)C2=COC3=CC(=CC(=C3C2=O)O)O)OC4C(C(C(C(O4)CO)O)O)O	0.800000012	101128702;131752285	COCONUT:(CNP0336218);HMDB:(38049);Natural Products:(UNPD156173);PubChem:(101128702 131752285);SuperNatural:(SN00286143);PubChem class - bio and metabolites	19955722
71	1	N/A	-136.73360786816008	C22H22O11	[M + H]+	JDEHKSHYQXNASH	InChI=1S/C22H22O11/c23-7-14-17(27)20(30)18(28)15(32-14)8-31-22-19(29)16-12(26)5-11(25)6-13(16)33-21(22)9-1-3-10(24)4-2-9/h1-6,14-15,17-18,20,23-28,30H,7-8H2	null	C1=CC(=CC=C1C2=C(C(=O)C3=C(C=C(C=C3O2)O)O)OCC4C(C(C(C(O4)CO)O)O)O)O	-0.136891618	""	COCONUT:(CNP0176226);Natural Products:(UNPD12268);SuperNatural:(SN00400049)	3178496
72	1	N/A	-139.14388492014965	C22H22O11	[M + H]+	UXXAEVMOIUAYQT	InChI=1S/C22H22O11/c1-8-16(26)18(28)19(29)22(31-8)33-21-17(27)15-12(25)6-10(23)7-14(15)32-20(21)9-3-4-11(24)13(5-9)30-2/h3-8,16,18-19,22-26,28-29H,1-2H3	Isorhamnetin 3-rhamnoside	CC1C(C(C(C(O1)OC2=C(OC3=CC(=CC(=C3C2=O)O)O)C4=CC(=C(C=C4)O)OC)O)O)O	1.20000005	9868963;13988312;23634491;44258032;59848185;139031076	COCONUT:(CNP0229718 CNP0403201);HMDB:(135156);KNApSAcK:(5526);Natural Products:(UNPD92224 UNPD200045 UNPD222308);PubChem:(9868963 13988312 23634491 44258032 59848185 139031076);SuperNatural:(SN00161037 SN00143624 SN00161998);PubChem class - bio and metabolites;PubMed;KEGG Mine	8609890394
73	1	N/A	-140.3252090000659	C22H22O11	[M + H]+	BXKUKBQBBALDOG	InChI=1S/C22H22O11/c1-8-4-12(26)16-13(27)6-14(9-2-3-10(24)11(25)5-9)31-21(16)20(8)33-22-19(30)18(29)17(28)15(7-23)32-22/h2-6,15,17-19,22-26,28-30H,7H2,1H3	null	CC1=CC(=C2C(=O)C=C(OC2=C1OC3C(C(C(C(O3)CO)O)O)O)C4=CC(=C(C=C4)O)O)O	0.51139909	""	COCONUT:(CNP0075400)	2097152
74	1	N/A	-140.39552732114655	C22H22O11	[M + H]+	LOMXQCXSNSCLNP	InChI=1S/C22H22O11/c1-8-16(26)18(28)19(29)22(31-8)33-21-17(27)15-13(25)6-10(30-2)7-14(15)32-20(21)9-3-4-11(23)12(24)5-9/h3-8,16,18-19,22-26,28-29H,1-2H3	Rhamnetin 3-rhamnoside	CC1C(C(C(C(O1)OC2=C(OC3=CC(=CC(=C3C2=O)O)OC)C4=CC(=C(C=C4)O)O)O)O)O	1.20000005	5491382;14039005;44259592	COCONUT:(CNP0245956);KNApSAcK:(5507);Natural Products:(UNPD39102 UNPD141743);PubChem:(5491382 14039005 44259592);SuperNatural:(SN00293569 SN00143574);KEGG Mine	8593113106
75	1	N/A	-141.6864203381035	C22H22O11	[M + H]+	LZFDWQPXTCYLAG	InChI=1S/C22H22O11/c1-8-16(26)18(28)19(29)22(31-8)32-10-6-13(25)15-14(7-10)33-20(21(30-2)17(15)27)9-3-4-11(23)12(24)5-9/h3-8,16,18-19,22-26,28-29H,1-2H3	Quercetin 3-methyl ether 7-rhamnoside	CC1C(C(C(C(O1)OC2=CC(=C3C(=C2)OC(=C(C3=O)OC)C4=CC(=C(C=C4)O)O)O)O)O)O	1.20000005	44259661	COCONUT:(CNP0320172);KNApSAcK:(5492);Natural Products:(UNPD81038);PubChem:(44259661);SuperNatural:(SN00389386)	3178514
76	1	N/A	-142.89612401747073	C22H22O11	[M + H]+	OIQZTOOLPDEEEQ	InChI=1S/C22H22O11/c1-29-10-2-4-11(5-3-10)30-17-8-14(25)18-13(24)6-12(7-15(18)32-17)31-22-21(28)20(27)19(26)16(9-23)33-22/h2-8,16,19-24,26-28H,9H2,1H3	null	COC1=CC=C(C=C1)OC2=CC(=O)C3=C(C=C(C=C3O2)OC4C(C(C(C(O4)CO)O)O)O)O	1.29999995	101552465	COCONUT:(CNP0271511);Natural Products:(UNPD124429);PubChem:(101552465);SuperNatural:(SN00313028);PubMed	3178562
77	1	N/A	-143.3813833210659	C22H22O11	[M + H]+	FWCFJKZMFJQKIT	InChI=1S/C22H22O11/c1-31-10-6-11-13(17(27)19(29)21(32-11)8-2-4-9(24)5-3-8)16(26)14(10)22-20(30)18(28)15(25)12(7-23)33-22/h2-6,12,15,18,20,22-26,28-30H,7H2,1H3	Keyakinin	COC1=C(C(=C2C(=C1)OC(=C(C2=O)O)C3=CC=C(C=C3)O)O)C4C(C(C(C(O4)CO)O)O)O	0.400000006	44559819;44259538	COCONUT:(CNP0306294);KNApSAcK:(6131);Natural Products:(UNPD63486);PubChem:(44559819 44259538);SuperNatural:(SN00261808);PubMed;KEGG Mine	8593113170
78	1	N/A	-143.67465169737503	C22H22O11	[M + H]+	MJMGQZTXKNKYCG	InChI=1S/C22H22O11/c1-29-16-3-9(4-17(30-2)20(16)27)14-7-12(24)18-11(23)5-10(6-15(18)33-14)32-22-21(28)19(26)13(25)8-31-22/h3-7,13,19,21-23,25-28H,8H2,1-2H3	Tricin 7-xyloside	COC1=CC(=CC(=C1O)OC)C2=CC(=O)C3=C(C=C(C=C3O2)OC4C(C(C(CO4)O)O)O)O	0.899999976	14354986;44258266	COCONUT:(CNP0236551);HMDB:(39758);KNApSAcK:(13716);Natural Products:(UNPD128619);PubChem:(14354986 44258266);SuperNatural:(SN00272996);PubChem class - bio and metabolites	19955738
79	1	N/A	-146.4690017400037	C22H22O11	[M + H]+	ARIJAWIBNLZFOX	InChI=1S/C22H22O11/c1-30-14-6-9(21-19(28)16(25)11-4-3-10(24)7-13(11)31-21)2-5-12(14)32-22-20(29)18(27)17(26)15(8-23)33-22/h2-7,15,17-18,20,22-24,26-29H,8H2,1H3	Geraldol 4''-glucoside	COC1=C(C=CC(=C1)C2=C(C(=O)C3=C(O2)C=C(C=C3)O)O)OC4C(C(C(C(O4)CO)O)O)O	0.5	44258683	COCONUT:(CNP0185558);KNApSAcK:(5305);Natural Products:(UNPD182750);PubChem:(44258683);SuperNatural:(SN00290634)	3178514
80	1	N/A	-147.71041009872044	C22H22O11	[M + H]+	WEEZVJTVAXLKHR	InChI=1S/C22H22O11/c1-8-16(25)18(27)20(29)22(31-8)33-12-4-3-9(5-13(12)30-2)21-19(28)17(26)15-11(24)6-10(23)7-14(15)32-21/h3-8,16,18,20,22-25,27-29H,1-2H3	null	CC1C(C(C(C(O1)OC2=C(C=C(C=C2)C3=C(C(=O)C4=C(C=C(C=C4O3)O)O)O)OC)O)O)O	1.20000005	131832994	COCONUT:(CNP0075165);HMDB:(126598);PubChem:(131832994);PubChem class - bio and metabolites	18874378
81	1	N/A	-150.83995455973982	C22H22O11	[M + H]+	GODZRCRSZUIPBM	InChI=1S/C22H22O11/c1-30-10-5-13(25)17-15(6-10)31-8-12(18(17)26)11-3-2-9(24)4-14(11)32-22-21(29)20(28)19(27)16(7-23)33-22/h2-6,8,16,19-25,27-29H,7H2,1H3	null	COC1=CC(=C2C(=C1)OC=C(C2=O)C3=C(C=C(C=C3)O)OC4C(C(C(C(O4)CO)O)O)O)O	0.800000012	51136399	COCONUT:(CNP0348659);PubChem:(51136399);SuperNatural:(SN00039148);ZINC bio:(ZINC49181339);additional;Training Set	3694594
82	1	N/A	-151.17423100909005	C22H22O11	[M + H]+	PGPLCXDDVCHHDY	InChI=1S/C22H22O11/c1-8-17(26)19(28)20(29)22(31-8)33-16-7-11-12(24)5-10(23)6-14(11)32-21(16)9-3-13(25)18(27)15(4-9)30-2/h3-8,17,19-20,22,26,28-29H,1-2H3,(H3-,23,24,25,27)/p+1	null	CC1C(C(C(C(O1)OC2=CC3=C(C=C(C=C3[O+]=C2C4=CC(=C(C(=C4)OC)O)O)O)O)O)O)O	1.82976115	""	COCONUT:(CNP0359459)	2097152
83	1	N/A	-151.3755469523307	C22H22O11	[M + H]+	SIMLRIBOIUHALA	InChI=1S/C22H22O11/c23-7-17-20(30)21(31)19(29)16(32-17)4-9-11(25)5-13(27)18-14(28)6-15(33-22(9)18)8-1-2-10(24)12(26)3-8/h1-3,5-6,16-17,19-21,23-27,29-31H,4,7H2	null	C1=CC(=C(C=C1C2=CC(=O)C3=C(C=C(C(=C3O2)CC4C(C(C(C(O4)CO)O)O)O)O)O)O)O	-0.0226962306	""	COCONUT:(CNP0028918 CNP0150581);SuperNatural:(SN00178211)	3145728
84	1	N/A	-153.35289614865678	C22H22O11	[M + H]+	GCJADMOTBWHPAS	InChI=1S/C22H22O11/c1-29-10-6-12(24)16-15(7-10)32-20(9-3-4-11(23)14(5-9)30-2)21(18(16)27)33-22-19(28)17(26)13(25)8-31-22/h3-7,13,17,19,22-26,28H,8H2,1-2H3	null	COC1=CC(=C2C(=C1)OC(=C(C2=O)OC3C(C(C(CO3)O)O)O)C4=CC(=C(C=C4)O)OC)O	0.891221225	""	COCONUT:(CNP0206581);Natural Products:(UNPD216426)	2129920
85	1	N/A	-154.8307737832428	C22H22O11	[M + H]+	ZWAAFZOEMBEAAF	InChI=1S/C22H22O11/c1-29-15-3-9(4-16(30-2)19(15)27)21-17(33-22-20(28)18(26)13(25)8-31-22)7-11-12(24)5-10(23)6-14(11)32-21/h3-7,13,18,20,22,25-26,28H,8H2,1-2H3,(H2-,23,24,27)/p+1	(2R,3R,4S,5R)-2-[5,7-dihydroxy-2-(4-hydroxy-3,5-dimethoxyphenyl)chromenylium-3-yl]oxyoxane-3,4,5-triol	COC1=CC(=CC(=C1O)OC)C2=[O+]C3=CC(=CC(=C3C=C2OC4C(C(C(CO4)O)O)O)O)O	1.78696859	5319250;6325587;12137511;22639406;23304487;23653266;123872652	COCONUT:(CNP0076281);KNApSAcK:(6733);Natural Products:(UNPD52489 UNPD162529 UNPD34495);PubChem:(5319250 6325587 12137511 22639406 23304487 23653266 123872652);SuperNatural:(SN00344660 SN00372181 SN00322971 SN00167381);PubMed	3178578
86	1	N/A	-156.19875266728363	C22H22O11	[M + H]+	OCCFBKKDYQITFW	InChI=1S/C22H22O11/c1-8-16(26)18(28)19(29)22(31-8)33-21-17(27)15-12(25)6-10(23)7-14(15)32-20(21)9-3-4-13(30-2)11(24)5-9/h3-8,16,18-19,22-26,28-29H,1-2H3	Tamarixetin 3-rhamnoside	CC1C(C(C(C(O1)OC2=C(OC3=CC(=CC(=C3C2=O)O)O)C4=CC(=C(C=C4)OC)O)O)O)O	1.20000005	44258033;76317498;102362807	COCONUT:(CNP0246328);KNApSAcK:(5592);Natural Products:(UNPD59850 UNPD130499);PubChem:(44258033 76317498 102362807);SuperNatural:(SN00319768 SN00305203);PubMed;KEGG Mine	8593113170
87	1	N/A	-164.5805240589267	C22H22O11	[M + H]+	KIYXGLNKZKZJHP	InChI=1S/C22H22O11/c1-30-14-6-9(2-5-12(14)25)20-21(16(26)11-4-3-10(24)7-13(11)31-20)33-22-19(29)18(28)17(27)15(8-23)32-22/h2-7,15,17-19,22-25,27-29H,8H2,1H3	isorhamnetin-3-glucoside	COC1=C(C=CC(=C1)C2=C(C(=O)C3=C(O2)C=C(C=C3)O)OC4C(C(C(C(O4)CO)O)O)O)O	0.5	44575188	COCONUT:(CNP0080026);PubChem:(44575188);PubMed	2097218
88	1	N/A	-164.93326347449562	C22H22O11	[M + H]+	COJAFCZHQKNUSI	InChI=1S/C22H22O11/c1-8-14(24)17(27)19(29)22(31-8)32-10-5-3-9(4-6-10)20-18(28)16(26)13-12(33-20)7-11(23)15(25)21(13)30-2/h3-8,14,17,19,22-25,27-29H,1-2H3	Vogelin	CC1C(C(C(C(O1)OC2=CC=C(C=C2)C3=C(C(=O)C4=C(O3)C=C(C(=C4OC)O)O)O)O)O)O	0.600000024	44259744;101324765	COCONUT:(CNP0286522);KNApSAcK:(5314);Natural Products:(UNPD112766);PubChem:(44259744 101324765);SuperNatural:(SN00305367);PubMed	3178578
89	1	N/A	-168.8309108665239	C22H22O11	[M + H]+	WQDSUVKMYTZWRG	InChI=1S/C22H22O11/c1-30-14-6-11-13(7-12(14)25)31-20(9-2-4-10(24)5-3-9)21(16(11)26)33-22-19(29)18(28)17(27)15(8-23)32-22/h2-7,15,17-19,22-25,27-29H,8H2,1H3	null	COC1=C(C=C2C(=C1)C(=O)C(=C(O2)C3=CC=C(C=C3)O)OC4C(C(C(C(O4)CO)O)O)O)O	0.415377408	""	COCONUT:(CNP0409228);Natural Products:(UNPD176806);SuperNatural:(SN00373073)	3178496
90	1	N/A	-170.88232998352717	C22H22O11	[M + H]+	ZTZRRQUEEVRILM	InChI=1S/C22H22O11/c1-8-16(25)18(27)20(29)22(31-8)33-14-7-10(23)6-13-15(14)17(26)19(28)21(32-13)9-3-4-11(24)12(5-9)30-2/h3-8,16,18,20,22-25,27-29H,1-2H3	null	CC1C(C(C(C(O1)OC2=C3C(=CC(=C2)O)OC(=C(C3=O)O)C4=CC(=C(C=C4)O)OC)O)O)O	0.934013844	""	COCONUT:(CNP0207983);Natural Products:(UNPD195602);SuperNatural:(SN00345710)	3178496
91	1	N/A	-172.42823825838528	C22H22O11	[M + H]+	VCUKTRIKOSSHLY	InChI=1S/C22H22O11/c1-8(23)19-17(28)18(29)22(32-19)33-21-16(27)15-12(26)6-10(24)7-14(15)31-20(21)9-3-4-11(25)13(5-9)30-2/h3-8,17-19,22-26,28-29H,1-2H3	3-[(2S,3R,4S,5S)-3,4-dihydroxy-5-(1-hydroxyethyl)oxolan-2-yl]oxy-5,7-dihydroxy-2-(4-hydroxy-3-methoxyphenyl)chromen-4-one	CC(C1C(C(C(O1)OC2=C(OC3=CC(=CC(=C3C2=O)O)O)C4=CC(=C(C=C4)O)OC)O)O)O	1.70000005	5318648	COCONUT:(CNP0286204);Natural Products:(UNPD15544);PubChem:(5318648);SuperNatural:(SN00396729 SN00160352)	3178498
92	1	N/A	-172.54080109109478	C22H22O11	[M + H]+	FYSMTINDJSASRR	InChI=1S/C22H22O11/c1-8-16(26)18(28)19(29)22(31-8)33-21-17(27)15-13(30-2)6-10(23)7-14(15)32-20(21)9-3-4-11(24)12(25)5-9/h3-8,16,18-19,22-26,28-29H,1-2H3	Azalein	CC1C(C(C(C(O1)OC2=C(OC3=C(C2=O)C(=CC(=C3)O)OC)C4=CC(=C(C=C4)O)O)O)O)O	0.600000024	5321320;12308718;22524498;44259531;66898680	COCONUT:(CNP0303754);KNApSAcK:(5500);Natural Products:(UNPD32965 UNPD109115);PubChem:(5321320 12308718 22524498 44259531 66898680);SuperNatural:(SN00257876 SN00160613);KEGG Mine	8593113106
93	1	N/A	-173.4486404930903	C22H22O11	[M + H]+	NARSDPACRUCWAQ	InChI=1S/C22H22O11/c1-2-13-16(27)18(29)19(30)22(32-13)33-21-17(28)15-12(26)6-9(23)7-14(15)31-20(21)8-3-4-10(24)11(25)5-8/h3-7,13,16,18-19,22-27,29-30H,2H2,1H3	null	CCC1C(C(C(C(O1)OC2=C(OC3=CC(=CC(=C3C2=O)O)O)C4=CC(=C(C=C4)O)O)O)O)O	1.39999998	74982342	COCONUT:(CNP0107860);Natural Products:(UNPD39607);PubChem:(74982342);SuperNatural:(SN00314893)	3178498
94	1	N/A	-174.7932452366343	C22H22O11	[M + H]+	WNKBGLOGIZOFFU	InChI=1S/C22H22O11/c1-29-14-3-9(4-15(30-2)18(14)26)21-16(32-22-20(28)19(27)17(8-23)33-22)7-11-12(25)5-10(24)6-13(11)31-21/h3-7,17,19-20,22-23,27-28H,8H2,1-2H3,(H2-,24,25,26)/p+1	null	COC1=CC(=CC(=C1O)OC)C2=[O+]C3=CC(=CC(=C3C=C2OC4C(C(C(O4)CO)O)O)O)O	1.78696859	10205020;54439947;101590750	PubChem:(10205020 54439947 101590750);COCONUT:(CNP0002725)	2097154
95	1	N/A	-179.83874208470584	C22H22O11	[M + H]+	LXABZSKCHVZYGU	InChI=1S/C22H22O11/c1-8-19(30-2)17(28)18(29)22(31-8)33-21-16(27)15-13(26)6-10(23)7-14(15)32-20(21)9-3-4-11(24)12(25)5-9/h3-8,17-19,22-26,28-29H,1-2H3	null	CC1C(C(C(C(O1)OC2=C(OC3=CC(=CC(=C3C2=O)O)O)C4=CC(=C(C=C4)O)O)O)O)OC	0.934013844	""	COCONUT:(CNP0226434);Natural Products:(UNPD115919);SuperNatural:(SN00401136);KEGG Mine	8593113088
96	1	N/A	-181.6380754151117	C22H22O11	[M + H]+	BWPTXUKAPLQJFD	InChI=1S/C22H22O11/c1-30-16-6-15(32-22-21(29)20(28)19(27)17(7-23)33-22)11(5-13(16)25)12-8-31-14-4-9(24)2-3-10(14)18(12)26/h2-6,8,17,19-25,27-29H,7H2,1H3	null	COC1=C(C=C(C(=C1)OC2C(C(C(C(O2)CO)O)O)O)C3=COC4=C(C3=O)C=CC(=C4)O)O	0.260248303	""	COCONUT:(CNP0116393);Natural Products:(UNPD230167)	2129920
97	1	N/A	-182.32828193358793	C22H22O11	[M + H]+	QKLYJIKAXZTXDW	InChI=1S/C22H22O11/c1-29-16-3-9(14-7-12(25)18-11(24)5-10(23)6-15(18)32-14)4-17(30-2)21(16)33-22-20(28)19(27)13(26)8-31-22/h3-7,13,19-20,22-24,26-28H,8H2,1-2H3	null	COC1=CC(=CC(=C1OC2C(C(C(CO2)O)O)O)OC)C3=CC(=O)C4=C(C=C(C=C4O3)O)O	0.913594306	""	COCONUT:(CNP0173732);Natural Products:(UNPD149943);SuperNatural:(SN00371096)	3178496
98	1	N/A	-184.61764693922154	C22H22O11	[M + H]+	PHLWGURBVPVMAB	InChI=1S/C22H22O11/c1-8-16(27)20(30-2)18(29)22(31-8)33-21-17(28)15-13(26)6-10(23)7-14(15)32-19(21)9-3-4-11(24)12(25)5-9/h3-8,16,18,20,22-27,29H,1-2H3	null	CC1C(C(C(C(O1)OC2=C(OC3=CC(=CC(=C3C2=O)O)O)C4=CC(=C(C=C4)O)O)O)OC)O	1.39999998	51003567	COCONUT:(CNP0244245);Natural Products:(UNPD156528);PubChem:(51003567);PubMed;KEGG Mine	8592064578
99	1	N/A	-185.00075101259102	C22H22O11	[M + H]+	QOSNBRXLUXLSKF	InChI=1S/C22H22O11/c1-31-22-20(30)17-13(25)6-12(32-9-15(27)19(29)18(28)14(26)8-23)7-16(17)33-21(22)10-2-4-11(24)5-3-10/h2-8,14-15,18-19,24-29H,9H2,1H3	null	COC1=C(OC2=CC(=CC(=C2C1=O)O)OCC(C(C(C(C=O)O)O)O)O)C3=CC=C(C=C3)O	0.324841619	""	COCONUT:(CNP0346414)	2097152
100	1	N/A	-187.22702754499815	C22H22O11	[M + H]+	ZMSQUSQKAOVFQD	InChI=1S/C22H22O11/c1-29-10-6-12(25)16-14(7-10)31-20(9-3-4-13(30-2)11(24)5-9)21(18(16)27)33-22-19(28)17(26)15(8-23)32-22/h3-7,15,17,19,22-26,28H,8H2,1-2H3	Ombuin 3-arabinofuranoside	COC1=C(C=C(C=C1)C2=C(C(=O)C3=C(C=C(C=C3O2)OC)O)OC4C(C(C(O4)CO)O)O)O	1.60000002	44259625	COCONUT:(CNP0359758);KNApSAcK:(13937);PubChem:(44259625)	2097170
101	1	N/A	-192.88515769927085	C22H22O11	[M + H]+	RECSNXAWHKPBJA	InChI=1S/C22H22O11/c1-30-13-3-8(4-14(31-2)18(13)27)21-16(22-20(29)17(26)11(25)7-32-22)19(28)15-10(24)5-9(23)6-12(15)33-21/h3-6,11,17,20,22-27,29H,7H2,1-2H3	null	COC1=CC(=CC(=C1O)OC)C2=C(C(=O)C3=C(C=C(C=C3O2)O)O)C4C(C(C(CO4)O)O)O	0.284619212	""	COCONUT:(CNP0268283);Natural Products:(UNPD141745);SuperNatural:(SN00390624)	3178496
102	1	N/A	-197.15906248411395	C22H22O11	[M + H]+	DGFSFKKSQBFXJK	InChI=1S/C22H22O11/c1-30-12-7-6-11(25)14-16(27)21(19(32-20(12)14)9-2-4-10(24)5-3-9)33-22-18(29)17(28)15(26)13(8-23)31-22/h2-7,13,15,17-18,22-26,28-29H,8H2,1H3	5-hydroxy-2-(4-hydroxyphenyl)-8-methoxy-3-[(2R,3S,4S,5R,6S)-3,4,5-trihydroxy-6-(hydroxymethyl)oxan-2-yl]oxychromen-4-one	COC1=C2C(=C(C=C1)O)C(=O)C(=C(O2)C3=CC=C(C=C3)O)OC4C(C(C(C(O4)CO)O)O)O	1.0	6325265;23304408	COCONUT:(CNP0266632);Natural Products:(UNPD8713 UNPD60836);PubChem:(6325265 23304408);SuperNatural:(SN00335117 SN00349525 SN00160898)	3178498
103	1	N/A	-210.6886132924974	C22H22O11	[M + H]+	IATNLGKARRDNNV	InChI=1S/C22H22O11/c1-7-17(27)21(31)20(30)15(32-7)6-10-18(28)16-11(24)4-9(23)5-14(16)33-22(10)8-2-12(25)19(29)13(26)3-8/h2-5,7,15,17,20-21,23-27,29-31H,6H2,1H3	null	CC1C(C(C(C(O1)CC2=C(OC3=CC(=CC(=C3C2=O)O)O)C4=CC(=C(C(=C4)O)O)O)O)O)O	0.5	24211978;51402817;51402818	COCONUT:(CNP0032264);PubChem:(24211978 51402817 51402818);SuperNatural:(SN00011114 SN00011113);ZINC bio:(ZINC04349559 ZINC04349562)	3153922
104	1	N/A	-216.22450851179286	C22H22O11	[M + H]+	RYJWOWHMBGOYAT	InChI=1S/C22H22O11/c1-30-14-6-9(31-22-19(27)17(25)18(26)20(33-22)21(28)29)7-15-16(14)12(24)8-13(32-15)10-4-2-3-5-11(10)23/h2-7,13,17-20,22-23,25-27H,8H2,1H3,(H,28,29)	(2S,3S,4S,5R,6S)-3,4,5-trihydroxy-6-[[(2S)-2-(2-hydroxyphenyl)-5-methoxy-4-oxo-2,3-dihydrochromen-7-yl]oxy]oxane-2-carboxylic acid	COC1=CC(=CC2=C1C(=O)CC(O2)C3=CC=CC=C3O)OC4C(C(C(C(O4)C(=O)O)O)O)O	0.600000024	11691184	COCONUT:(CNP0318124);Natural Products:(UNPD78189);PubChem:(11691184)	2129922
105	1	N/A	-225.56339121844837	C22H22O11	[M + H]+	OZUVELYEDFNKKM	InChI=1S/C22H22O11/c1-7-3-10(23)14-13(4-7)32-20(9-5-11(24)16(27)12(25)6-9)21(17(14)28)33-22-19(30)18(29)15(26)8(2)31-22/h3-6,8,15,18-19,22-27,29-30H,1-2H3	null	CC1C(C(C(C(O1)OC2=C(OC3=C(C2=O)C(=CC(=C3)C)O)C4=CC(=C(C(=C4)O)O)O)O)O)O	1.00766242	""	COCONUT:(CNP0217131);Natural Products:(UNPD119338);SuperNatural:(SN00375347)	3178496
106	1	N/A	-235.93135298811526	C22H22O11	[M + H]+	BDIFYHLEBJTHAL	InChI=1S/C22H22O11/c1-29-12-5-16-19(13(7-18(26)31-16)10-2-3-14(24)15(25)4-10)17(6-12)32-33-22-21(28)20(27)11(8-23)9-30-22/h2-7,11,20-25,27-28H,8-9H2,1H3	null	COC1=CC2=C(C(=CC(=O)O2)C3=CC(=C(C=C3)O)O)C(=C1)OOC4C(C(C(CO4)CO)O)O	1.34104562	""	COCONUT:(CNP0080315)	2097152
107	1	N/A	-240.67253908091863	C22H22O11	[M + H]+	QOCKEYMCQQIHAO	InChI=1S/C22H22O11/c1-7-14(24)12-13(18(28)21(7)31-2)15(25)8-4-3-5-9(11(8)17(12)27)32-22-20(30)19(29)16(26)10(6-23)33-22/h3-5,10,16,19-20,22-24,26,28-30H,6H2,1-2H3	1,4-dihydroxy-2-methoxy-3-methyl-5-[(2S,3R,4S,5S,6R)-3,4,5-trihydroxy-6-(hydroxymethyl)oxan-2-yl]oxyanthracene-9,10-dione	CC1=C(C2=C(C(=C1OC)O)C(=O)C3=C(C2=O)C(=CC=C3)OC4C(C(C(C(O4)CO)O)O)O)O	1.39999998	11968838	COCONUT:(CNP0423565);PubChem:(11968838);SuperNatural:(SN00168083)	3145730
108	1	N/A	-242.20412697618	C22H22O11	[M + H]+	LDQCBTZVFLHNJZ	InChI=1S/C22H22O11/c1-7-14(24)12-13(15(25)8-4-3-5-9(31-2)11(8)17(12)27)18(28)21(7)33-22-20(30)19(29)16(26)10(6-23)32-22/h3-5,10,16,19-20,22-24,26,28-30H,6H2,1-2H3	null	CC1=C(C2=C(C(=C1OC3C(C(C(C(O3)CO)O)O)O)O)C(=O)C4=C(C2=O)C(=CC=C4)OC)O	0.251211882	""	COCONUT:(CNP0244633);Natural Products:(UNPD114063);SuperNatural:(SN00291244)	3178496
109	1	N/A	-242.50795020365467	C22H22O11	[M + H]+	VXDMNDDYZSDEEQ	InChI=1S/C22H22O11/c1-30-21(29)20-18(27)17(26)19(28)22(33-20)31-11-6-12(24)16-13(25)8-14(32-15(16)7-11)9-2-4-10(23)5-3-9/h2-7,14,17-20,22-24,26-28H,8H2,1H3	null	COC(=O)C1C(C(C(C(O1)OC2=CC(=C3C(=O)CC(OC3=C2)C4=CC=C(C=C4)O)O)O)O)O	1.20000005	53465591	COCONUT:(CNP0356406);Natural Products:(UNPD201349);PubChem:(53465591)	2129922
110	1	N/A	-243.7731284303486	C22H22O11	[M + H]+	STUFZVOORYXVIS	InChI=1S/C22H22O11/c1-30-19-12(23)7-6-11-13(24)8-14(32-18(11)19)9-2-4-10(5-3-9)31-22-17(27)15(25)16(26)20(33-22)21(28)29/h2-7,14-17,20,22-23,25-27H,8H2,1H3,(H,28,29)	null	COC1=C(C=CC2=C1OC(CC2=O)C3=CC=C(C=C3)OC4C(C(C(C(O4)C(=O)O)O)O)O)O	0.600000024	131837224	HMDB:(133290);PubChem:(131837224);PubChem class - bio and metabolites	16777226
111	1	N/A	-246.63457381335778	C22H22O11	[M + H]+	CIPXOJHYPOCFSV	InChI=1S/C22H22O11/c23-7-9-4-15(18(29)20(31)17(9)28)33-22-19(30)16-13(27)5-10(24)6-14(16)32-21(22)8-1-2-11(25)12(26)3-8/h1-3,5-6,9,15,17-18,20,23-29,31H,4,7H2	Quercetin-3-O-.beta.-D-glucopyranoside	C1C(C(C(C(C1OC2=C(OC3=CC(=CC(=C3C2=O)O)O)C4=CC(=C(C=C4)O)O)O)O)O)CO	1.0	15959354;73207269;90058541;90064061	COCONUT:(CNP0184438 CNP0422757);PubChem:(15959354 73207269 90058541 90064061);SuperNatural:(SN00161585 SN00163684);PubMed	3145794
112	1	N/A	-246.80701963347062	C22H22O11	[M + H]+	IENACIKURRXMBA	InChI=1S/C22H22O11/c1-30-21(29)20-18(27)17(26)19(28)22(33-20)31-9-6-12(24)16-13(25)8-14(32-15(16)7-9)10-4-2-3-5-11(10)23/h2-7,14,17-20,22-24,26-28H,8H2,1H3	methyl 3,4,5-trihydroxy-6-[[(2R)-5-hydroxy-2-(2-hydroxyphenyl)-4-oxo-2,3-dihydrochromen-7-yl]oxy]oxane-2-carboxylate	COC(=O)C1C(C(C(C(O1)OC2=CC(=C3C(=O)CC(OC3=C2)C4=CC=CC=C4O)O)O)O)O	1.20000005	20106103;21770582;24208692;73661278;129448898;129448899	COCONUT:(CNP0298960);Natural Products:(UNPD72049);PubChem:(20106103 21770582 24208692 73661278 129448898 129448899);SuperNatural:(SN00332162)	3178498
113	1	N/A	-249.07669783696807	C22H22O11	[M + H]+	VWQJFDMWMMYRMV	InChI=1S/C22H22O11/c1-30-19-13(32-22-17(27)15(25)16(26)20(33-22)21(28)29)7-6-11-12(24)8-14(31-18(11)19)9-2-4-10(23)5-3-9/h2-7,14-17,20,22-23,25-27H,8H2,1H3,(H,28,29)	null	COC1=C(C=CC2=C1OC(CC2=O)C3=CC=C(C=C3)O)OC4C(C(C(C(O4)C(=O)O)O)O)O	0.600000024	131837225	HMDB:(133291);PubChem:(131837225);PubChem class - bio and metabolites	16777226
114	1	N/A	-252.5632958419169	C22H22O11	[M + H]+	QWZRWXOECVIITH	InChI=1S/C22H22O11/c1-30-13-7-6-11-12(23)8-14(32-19(11)15(13)24)9-2-4-10(5-3-9)31-22-18(27)16(25)17(26)20(33-22)21(28)29/h2-7,14,16-18,20,22,24-27H,8H2,1H3,(H,28,29)	null	COC1=C(C2=C(C=C1)C(=O)CC(O2)C3=CC=C(C=C3)OC4C(C(C(C(O4)C(=O)O)O)O)O)O	0.600000024	131837235	HMDB:(133302);PubChem:(131837235);PubChem class - bio and metabolites	16777226
115	1	N/A	-252.80921637690398	C22H22O11	[M + H]+	SNLCLOKRJWQPAX	InChI=1S/C22H22O11/c1-6-3-10(25)13-14(18(29)12-8(16(13)27)4-9(24)7(2)15(12)26)21(6)33-22-20(31)19(30)17(28)11(5-23)32-22/h3-4,11,17,19-20,22-26,28,30-31H,5H2,1-2H3	Nodososide	CC1=CC(=C2C(=C1OC3C(C(C(C(O3)CO)O)O)O)C(=O)C4=C(C(=C(C=C4C2=O)O)C)O)O	1.5	3084554;5320185;22524413	COCONUT:(CNP0310358);Natural Products:(UNPD6820);PubChem:(3084554 5320185 22524413);SuperNatural:(SN00160534);MeSH:(3084554);PubMed	3178566
116	1	N/A	-258.547220996242	C22H22O11	[M + H]+	YBURBISFXXYJSX	InChI=1S/C22H22O11/c1-31-11-5-2-10(3-6-11)4-7-13(23)16-14(24)8-12(9-15(16)25)32-22-19(28)17(26)18(27)20(33-22)21(29)30/h2-9,17-20,22,24-28H,1H3,(H,29,30)	null	COC1=CC=C(C=C1)C=CC(=O)C2=C(C=C(C=C2O)OC3C(C(C(C(O3)C(=O)O)O)O)O)O	1.60000002	131836668	PubChem:(131836668);HMDB:(132473)	10
117	1	N/A	-261.374752868264	C22H22O11	[M + H]+	PYCASFDBZHCYGE	InChI=1S/C22H22O11/c1-29-16-3-10(14-7-13(26)18-12(25)5-11(24)6-15(18)32-14)4-17(30-2)19(16)33-21-20(27)22(28,8-23)9-31-21/h3-7,20-21,23-25,27-28H,8-9H2,1-2H3	Tricin 4''-apioside	COC1=CC(=CC(=C1OC2C(C(CO2)(CO)O)O)OC)C3=CC(=O)C4=C(C=C(C=C4O3)O)O	1.20000005	44258276;101633735	PubChem:(44258276 101633735);KNApSAcK:(13717)	18
118	1	N/A	-264.1499285000345	C22H22O11	[M + H]+	NXOKVARAWXQHGX	InChI=1S/C22H22O11/c1-30-21-13(32-22-19(29)18(28)17(27)15(8-23)33-22)5-3-10-16(26)14(31-20(10)21)7-9-2-4-11(24)12(25)6-9/h2-7,15,17-19,22-25,27-29H,8H2,1H3	Leptosin	COC1=C(C=CC2=C1OC(=CC3=CC(=C(C=C3)O)O)C2=O)OC4C(C(C(C(O4)CO)O)O)O	0.699999988	5318977;6446647;12305001;22524338;42607750;87198919	COCONUT:(CNP0206952);HMDB:(37473);KNApSAcK:(8056);Natural Products:(UNPD32668 UNPD62810);PubChem:(5318977 6446647 12305001 22524338 42607750 87198919);SuperNatural:(SN00167091 SN00300232 SN00298430);PubChem class - bio and metabolites;PubMed	19955802
119	1	N/A	-269.83217678755335	C22H22O11	[M + H]+	YSLBDKFOIBKFNS	InChI=1S/C22H22O11/c1-7-11(32-22-21(30)20(29)18(27)12(6-23)33-22)5-8-13(16(7)25)19(28)15-10(31-2)4-3-9(24)14(15)17(8)26/h3-5,12,18,20-25,27,29-30H,6H2,1-2H3	null	CC1=C(C=C2C(=C1O)C(=O)C3=C(C=CC(=C3C2=O)O)OC)OC4C(C(C(C(O4)CO)O)O)O	0.251211882	""	COCONUT:(CNP0397274);Natural Products:(UNPD51206);SuperNatural:(SN00255028)	3178496
120	1	N/A	-282.7352655627981	C22H22O11	[M + H]+	KQUIQIKQHTZZJE	InChI=1S/C22H22O11/c1-31-21-12(6-23)13(32-22-20(30)19(29)18(28)14(7-24)33-22)5-11-15(21)17(27)9-3-2-8(25)4-10(9)16(11)26/h2-5,14,18-20,22-25,28-30H,6-7H2,1H3	null	COC1=C2C(=CC(=C1CO)OC3C(C(C(C(O3)CO)O)O)O)C(=O)C4=C(C2=O)C=CC(=C4)O	-0.600000024	10972609	COCONUT:(CNP0157749);Natural Products:(UNPD51450);PubChem:(10972609);SuperNatural:(SN00354430)	3178498
121	1	N/A	-283.43248773729255	C22H22O11	[M + H]+	YENHHXRRVZQABI	InChI=1S/C22H22O11/c1-30-10-4-2-9(3-5-10)12-8-31-14-7-11(6-13(23)15(14)16(12)24)32-22-19(27)17(25)18(26)20(33-22)21(28)29/h2-7,12,17-20,22-23,25-27H,8H2,1H3,(H,28,29)	null	COC1=CC=C(C=C1)C2COC3=CC(=CC(=C3C2=O)O)OC4C(C(C(C(O4)C(=O)O)O)O)O	1.29999995	131836184	HMDB:(129974);PubChem:(131836184);PubChem class - bio and metabolites	16777226
122	1	N/A	-301.20322124694286	C22H22O11	[M + H]+	YQBHUKPOPOHFNS	InChI=1S/C22H22O11/c1-8-2-3-9(14-7-12(25)16-11(24)5-10(23)6-15(16)31-14)4-13(8)32-22-19(28)17(26)18(27)20(33-22)21(29)30/h2-6,14,17-20,22-24,26-28H,7H2,1H3,(H,29,30)	null	CC1=C(C=C(C=C1)C2CC(=O)C3=C(C=C(C=C3O2)O)O)OC4C(C(C(C(O4)C(=O)O)O)O)O	0.488475531	""	COCONUT:(CNP0296082)	2097152
123	1	N/A	-303.17727082219324	C22H22O11	[M + H]+	OPNZLCLEBJKBRA	InChI=1S/C22H22O11/c23-7-15-18(28)20(30)21(31)22(33-15)32-14-2-1-8(5-12(14)25)11-4-9-3-10(24)6-13(26)16(9)19(29)17(11)27/h1-3,5-6,15,18,20-28,30-31H,4,7H2	null	C1C2=CC(=CC(=C2C(=O)C(=C1C3=CC(=C(C=C3)OC4C(C(C(C(O4)CO)O)O)O)O)O)O)O	-0.0444592088	""	COCONUT:(CNP0312788);Natural Products:(UNPD71136);SuperNatural:(SN00314116)	3178496
124	1	N/A	-307.73916839754537	C22H22O11	[M + H]+	XZEKQHMRKARFSH	InChI=1S/C22H22O11/c1-31-19-10(5-7-13(24)11-3-2-4-12(23)9-11)6-8-14(15(19)25)32-22-18(28)16(26)17(27)20(33-22)21(29)30/h2-9,16-18,20,22-23,25-28H,1H3,(H,29,30)	null	COC1=C(C=CC(=C1O)OC2C(C(C(C(O2)C(=O)O)O)O)O)C=CC(=O)C3=CC(=CC=C3)O	1.0	131832515	PubChem:(131832515);HMDB:(126069)	10
125	1	N/A	-307.8031595504043	C22H22O11	[M + H]+	HZVPYGDTZXEMIX	InChI=1S/C22H22O11/c1-31-19-10(6-8-14(24)15(19)25)5-7-13(23)11-3-2-4-12(9-11)32-22-18(28)16(26)17(27)20(33-22)21(29)30/h2-9,16-18,20,22,24-28H,1H3,(H,29,30)	null	COC1=C(C=CC(=C1O)O)C=CC(=O)C2=CC(=CC=C2)OC3C(C(C(C(O3)C(=O)O)O)O)O	1.0	131832516	PubChem:(131832516);HMDB:(126070)	10
126	1	N/A	-308.2280237653736	C22H22O11	[M + H]+	CZXYYZIMJSENGM	InChI=1S/C22H22O11/c1-7-5-9-14(16(26)12(7)21(30)31)17(27)13-8(3-2-4-10(13)24)22(9,32)20-19(29)18(28)15(25)11(6-23)33-20/h2-5,11,15,18-20,23-26,28-29,32H,6H2,1H3,(H,30,31)	null	CC1=CC2=C(C(=C1C(=O)O)O)C(=O)C3=C(C2(C4C(C(C(C(O4)CO)O)O)O)O)C=CC=C3O	-0.400000006	101437333;101437334	COCONUT:(CNP0104517 CNP0135135);KNApSAcK:(34660);Natural Products:(UNPD197597 UNPD197596);PubChem:(101437333 101437334);SuperNatural:(SN00163191)	3178514
127	1	N/A	-311.43605433280925	C22H22O11	[M + H]+	VJKCXJBYKAWCIY	InChI=1S/C22H22O11/c1-31-18-10(5-7-13(24)11-3-2-4-12(23)9-11)6-8-14(25)19(18)32-22-17(28)15(26)16(27)20(33-22)21(29)30/h2-9,15-17,20,22-23,25-28H,1H3,(H,29,30)	null	COC1=C(C=CC(=C1OC2C(C(C(C(O2)C(=O)O)O)O)O)O)C=CC(=O)C3=CC(=CC=C3)O	1.0	131832514	PubChem:(131832514);HMDB:(126068)	10
128	1	N/A	-325.4446147558723	C22H22O11	[M + H]+	SNEWRHSAAVMYGE	InChI=1S/C22H22O11/c23-6-17-18(24)19(25)20(26)22(31-17)33-32-9-1-2-10-13(3-9)27-7-12-11-4-15-16(29-8-28-15)5-14(11)30-21(10)12/h1-5,12,17-26H,6-8H2	null	C1C2C(C3=C(O1)C=C(C=C3)OOC4C(C(C(C(O4)CO)O)O)O)OC5=CC6=C(C=C25)OCO6	0.919079125	""	COCONUT:(CNP0253127);SuperNatural:(SN00162261)	3145728
129	1	N/A	-330.9151291161094	C22H22O11	[M + H]+	RLEZGFYMDQRKNQ	InChI=1S/C22H22O11/c1-30-11-4-2-9(3-5-11)12-8-31-13-6-10(23)7-14(15(13)16(12)24)32-22-19(27)17(25)18(26)20(33-22)21(28)29/h2-7,12,17-20,22-23,25-27H,8H2,1H3,(H,28,29)	null	COC1=CC=C(C=C1)C2COC3=C(C2=O)C(=CC(=C3)O)OC4C(C(C(C(O4)C(=O)O)O)O)O	0.800000012	131836183	HMDB:(129973);PubChem:(131836183);PubChem class - bio and metabolites	16777226
130	1	N/A	-335.56420096855436	C22H22O11	[M + H]+	GBQLZVMPAYMGMO	InChI=1S/C22H22O11/c23-6-17-18(24)19(25)20(26)22(31-17)33-32-9-1-2-13-11(3-9)21-12(7-27-13)10-4-15-16(29-8-28-15)5-14(10)30-21/h1-5,12,17-26H,6-8H2	null	C1C2C(C3=C(O1)C=CC(=C3)OOC4C(C(C(C(O4)CO)O)O)O)OC5=CC6=C(C=C25)OCO6	0.919079125	""	COCONUT:(CNP0357219);SuperNatural:(SN00162257)	3145728
131	1	N/A	-342.9654274790108	C22H22O11	[M + H]+	REBRERQNUHGTMS	InChI=1S/C22H22O11/c23-13-8-12(9-14(24)17(13)26)21(30)33-22-20(29)19(28)18(27)15(32-22)10-31-16(25)7-6-11-4-2-1-3-5-11/h1-9,15,18-20,22-24,26-29H,10H2	[(2S,3R,4S,5S,6R)-3,4,5-trihydroxy-6-[[(E)-3-phenylprop-2-enoyl]oxymethyl]oxan-2-yl] 3,4,5-trihydroxybenzoate	C1=CC=C(C=C1)C=CC(=O)OCC2C(C(C(C(O2)OC(=O)C3=CC(=C(C(=C3)O)O)O)O)O)O	0.699999988	14034234;131752573;133554345	COCONUT:(CNP0127278);HMDB:(39195);Natural Products:(UNPD1003);PubChem:(14034234 131752573 133554345);SuperNatural:(SN00028618);ZINC bio:(ZINC31156889);additional;PubChem class - bio and metabolites;Training Set	20504586
132	1	N/A	-352.4802825048201	C22H22O11	[M + H]+	HKPKOABKPSVNGM	InChI=1S/C22H22O11/c23-7-16-19(28)20(29)21(30)22(33-16)32-14-4-2-9-6-15(31-8-11(9)18(14)27)17(26)10-1-3-12(24)13(25)5-10/h1-6,16,19-25,27-30H,7-8H2	null	C1C2=C(C=CC(=C2O)OC3C(C(C(C(O3)CO)O)O)O)C=C(O1)C(=O)C4=CC(=C(C=C4)O)O	-0.00124597084	""	COCONUT:(CNP0116384);Natural Products:(UNPD23018);SuperNatural:(SN00301942)	3178496
133	1	N/A	-359.1423880915005	C22H22O11	[M + H]+	FISMJUPMCGKNNX	InChI=1S/C22H22O11/c23-10-15-18(28)19(29)20(32-16(26)7-6-11-4-2-1-3-5-11)22(31-15)33-21(30)12-8-13(24)17(27)14(25)9-12/h1-9,15,18-20,22-25,27-29H,10H2	[(2S,3R,4R,5S,6R)-4,5-dihydroxy-6-(hydroxymethyl)-3-[(E)-3-phenylprop-2-enoyl]oxyoxan-2-yl] 3,4,5-trihydroxybenzoate	C1=CC=C(C=C1)C=CC(=O)OC2C(C(C(OC2OC(=O)C3=CC(=C(C(=C3)O)O)O)CO)O)O	1.20000005	5315898;14034249;101778141;129850283;131752569	COCONUT:(CNP0275357);HMDB:(39189);Natural Products:(UNPD14666 UNPD64920 UNPD209090);PubChem:(5315898 14034249 101778141 129850283 131752569);SuperNatural:(SN00360461 SN00160098);PubChem class - bio and metabolites	19955722
134	1	N/A	-359.92185691586076	C22H22O11	[M + H]+	BBMUNSXHZJHBFQ	InChI=1S/C22H22O11/c23-10-15-20(33-21(30)12-8-13(24)17(27)14(25)9-12)18(28)19(29)22(31-15)32-16(26)7-6-11-4-2-1-3-5-11/h1-9,15,18-20,22-25,27-29H,10H2	null	C1=CC=C(C=C1)C=CC(=O)OC2C(C(C(C(O2)CO)OC(=O)C3=CC(=C(C(=C3)O)O)O)O)O	0.699999988	44604129;102422241	COCONUT:(CNP0206192);Natural Products:(UNPD172002);PubChem:(44604129 102422241);SuperNatural:(SN00295441)	3178498
135	1	N/A	-362.5125613330545	C22H22O11	[M + H]+	HSBZEJIMOYHBNM	InChI=1S/C22H22O11/c1-8-3-10-14(12(24)4-8)17(26)15-11(16(10)25)5-9(31-2)6-13(15)32-21-19(28)18(27)20(29)22(30,7-23)33-21/h3-6,18-21,23-24,27-30H,7H2,1-2H3	null	CC1=CC2=C(C(=C1)O)C(=O)C3=C(C2=O)C=C(C=C3OC4C(C(C(C(O4)(CO)O)O)O)O)OC	0.106357247	""	COCONUT:(CNP0422741);SuperNatural:(SN00171823)	3145728
136	1	N/A	-369.8021599419334	C22H22O11	[M + H]+	HUYNGOZFTIJCCI	InChI=1S/C22H22O11/c1-29-10-6-15(30-2)17(16(7-10)31-3)18(21-19(27)13(25)4-11(8-23)32-21)22-20(28)14(26)5-12(9-24)33-22/h4-7,18,23-24,27-28H,8-9H2,1-3H3	null	COC1=CC(=C(C(=C1)OC)C(C2=C(C(=O)C=C(O2)CO)O)C3=C(C(=O)C=C(O3)CO)O)OC	-0.400000006	71826764	PubChem:(71826764);COCONUT:(CNP0193601)	2097154
137	1	N/A	-381.43575924325336	C22H22O11	[M + H]+	DFAPBQSXSCNIPS	InChI=1S/C22H22O11/c1-29-15-7-17(31-3)16(30-2)6-12(15)18(21-19(27)13(25)4-10(8-23)32-21)22-20(28)14(26)5-11(9-24)33-22/h4-7,18,23-24,27-28H,8-9H2,1-3H3	null	COC1=CC(=C(C=C1C(C2=C(C(=O)C=C(O2)CO)O)C3=C(C(=O)C=C(O3)CO)O)OC)OC	-0.400000006	71827136	PubChem:(71827136);COCONUT:(CNP0136394)	2097154
138	1	N/A	-381.95648198490716	C22H22O11	[M + H]+	NIILTAHMGPDJNM	InChI=1S/C22H22O11/c23-14-4-1-12(7-16(14)25)3-6-21(31)33-18(9-19(27)28)22(32,11-20(29)30)10-13-2-5-15(24)17(26)8-13/h1-8,18,23-26,32H,9-11H2,(H,27,28)(H,29,30)	(4R)-3-[(3,4-dihydroxyphenyl)methyl]-4-[(E)-3-(3,4-dihydroxyphenyl)prop-2-enoyl]oxy-3-hydroxyhexanedioic acid	C1=CC(=C(C=C1CC(CC(=O)O)(C(CC(=O)O)OC(=O)C=CC2=CC(=C(C=C2)O)O)O)O)O	1.0	5317411	COCONUT:(CNP0203885 CNP0377765);PubChem:(5317411);SuperNatural:(SN00166114)	3145730
139	1	N/A	-390.7989224980557	C22H22O11	[M + H]+	HUKIIWCGNWFFTI	InChI=1S/C22H22O11/c1-29-15-5-4-12(19(30-2)20(15)31-3)16(21-17(27)13(25)6-10(8-23)32-21)22-18(28)14(26)7-11(9-24)33-22/h4-7,16,23-24,27-28H,8-9H2,1-3H3	null	COC1=C(C(=C(C=C1)C(C2=C(C(=O)C=C(O2)CO)O)C3=C(C(=O)C=C(O3)CO)O)OC)OC	-0.400000006	71826891	PubChem:(71826891);COCONUT:(CNP0401790)	2097154
140	1	N/A	-400.1302502653749	C22H22O11	[M + H]+	WCEOQCLZGCMUEV	InChI=1S/C22H22O11/c1-5-11-13(17(26)8(32-5)4-10(24)25)20(29)14-15(18(11)27)21(30)16-12(19(14)28)7-3-9(23)22(16,31)6(2)33-7/h5-9,17,23,26,28,30-31H,3-4H2,1-2H3,(H,24,25)	null	CC1C2=C(C(C(O1)CC(=O)O)O)C(=O)C3=C(C4=C(C(=C3C2=O)O)C5(C(OC4CC5O)C)O)O	-1.20000005	136791366;137238254;137238255;137238256;137238265;137239086;137239087;137256753;136863246;135484003	COCONUT:(CNP0337316);PubChem:(136791366 137238254 137238255 137238256 137238265 137239086 137239087 137256753 136863246 135484003);KEGG Mine	8592031746
141	1	N/A	-420.5229771194407	C22H22O11	[M + H]+	SKGNJMAQXNFECZ	InChI=1S/C22H22O11/c1-31-17-10-12(3-7-15(17)24)5-8-18(26)33-19(20(27)32-2)22(30,21(28)29)11-13-4-6-14(23)16(25)9-13/h3-10,19,23-25,30H,11H2,1-2H3,(H,28,29)	null	COC1=C(C=CC(=C1)C=CC(=O)OC(C(=O)OC)C(CC2=CC(=C(C=C2)O)O)(C(=O)O)O)O	1.79999995	100953187	COCONUT:(CNP0374814);Natural Products:(UNPD4299);PubChem:(100953187);SuperNatural:(SN00322234)	3178498
142	1	N/A	-428.211153499152	C22H22O11	[M + H]+	YMPYAGUNPNITIL	InChI=1S/C22H22O11/c1-31-16-7-4-12(10-17(16)32-2)5-8-18(25)33-19(20(26)27)22(30,21(28)29)11-13-3-6-14(23)15(24)9-13/h3-10,19,23-24,30H,11H2,1-2H3,(H,26,27)(H,28,29)	Cimicifugic acid G	COC1=C(C=C(C=C1)C=CC(=O)OC(C(=O)O)C(CC2=CC(=C(C=C2)O)O)(C(=O)O)O)OC	1.79999995	11655574;11851218;46210734;101514382;102179092	COCONUT:(CNP0168540);Natural Products:(UNPD100540 UNPD139389);PubChem:(11655574 11851218 46210734 101514382 102179092);SuperNatural:(SN00246440 SN00286692);PubMed	3178562
143	1	N/A	-429.68894142477757	C22H22O11	[M + H]+	RGDASGWAHZAACF	InChI=1S/C22H22O11/c1-31-17-7-4-12(9-16(17)25)5-8-18(26)33-19(20(27)32-2)22(30,21(28)29)11-13-3-6-14(23)15(24)10-13/h3-10,19,23-25,30H,11H2,1-2H3,(H,28,29)	null	COC1=C(C=C(C=C1)C=CC(=O)OC(C(=O)OC)C(CC2=CC(=C(C=C2)O)O)(C(=O)O)O)O	1.79999995	100953188	COCONUT:(CNP0118906);Natural Products:(UNPD48480);PubChem:(100953188);SuperNatural:(SN00289986)	3178498
144	1	N/A	-430.43725101635886	C22H22O11	[M + H]+	WLSOGIGMSWCVID	InChI=1S/C22H22O11/c1-7-15(24)9-6-12(20(30-4)17(26)13(9)21(27)31-7)33-18-8(2)32-22(28)14-10(18)5-11(23)19(29-3)16(14)25/h5-8,15,18,23-26H,1-4H3	null	CC1C(C2=CC(=C(C(=C2C(=O)O1)O)OC)OC3C(OC(=O)C4=C(C(=C(C=C34)O)OC)O)C)O	2.70000005	23815307;38358837;38358845;51693845;51693846	COCONUT:(CNP0139537);PubChem:(23815307 38358837 38358845 51693845 51693846);SuperNatural:(SN00037977 SN00033723 SN00037978 SN00029717 SN00033724 SN00029716);ZINC bio:(ZINC31165344 ZINC31165348 ZINC31165352 ZINC31165356 ZINC35459124 ZINC35459127);additional;Training Set	3694594
145	1	N/A	-436.9550725120083	C22H22O11	[M + H]+	FWMZIACNMHIHCG	InChI=1S/C22H22O11/c1-29-15-4-10(5-16(30-2)20(15)31-3)17(21-18(27)13(25)6-11(8-23)32-21)22-19(28)14(26)7-12(9-24)33-22/h4-7,17,23-24,27-28H,8-9H2,1-3H3	6,6''-((3,4,5-trimethoxyphenyl)methylene)bis(5-hydroxy-2-(hydroxymethyl)-4H-pyran-4-one)	COC1=CC(=CC(=C1OC)OC)C(C2=C(C(=O)C=C(O2)CO)O)C3=C(C(=O)C=C(O3)CO)O	-0.400000006	4638553	COCONUT:(CNP0322734);PubChem:(4638553);PubMed	2097218
146	1	N/A	-442.55574965191994	C22H22O11	[M + H]+	BTQPTWPZTSYUPW	InChI=1S/C22H22O11/c1-31-15-9-13(10-16(32-2)18(15)25)5-8-17(24)33-19(20(26)27)22(30,21(28)29)11-12-3-6-14(23)7-4-12/h3-10,19,23,25,30H,11H2,1-2H3,(H,26,27)(H,28,29)	Cimicifugic acid J	COC1=CC(=CC(=C1O)OC)C=CC(=O)OC(C(=O)O)C(CC2=CC=C(C=C2)O)(C(=O)O)O	1.79999995	46209911	COCONUT:(CNP0197472);Natural Products:(UNPD81387 UNPD220365);PubChem:(46209911);SuperNatural:(SN00394081);PubMed	3178562
147	1	N/A	-446.60907417749274	C22H22O11	[M + H]+	CVHZPGVTZJNYOB	InChI=1S/C22H22O11/c1-6-12-9(3-8(32-6)4-11(24)25)17(26)13-14(18(12)27)20(29)16-15(19(13)28)21(30)5-10(23)22(16,31)7(2)33-21/h6-8,10,23,28-31H,3-5H2,1-2H3,(H,24,25)	null	CC1C2=C(CC(O1)CC(=O)O)C(=O)C3=C(C2=O)C(=C4C(=C3O)C5(CC(C4(C(O5)C)O)O)O)O	-0.633464813	""	COCONUT:(CNP0306358);SuperNatural:(SN00331136)	3145728
148	1	N/A	-480.45172906227805	C22H22O11	[M + H]+	SEYSFNKYJDJWGS	InChI=1S/C22H22O11/c1-8-6-10(21(30)31-2)20(29)22(32-8)16-15(18(27)12(33-22)7-13(24)25)17(26)9-4-3-5-11(23)14(9)19(16)28/h3-5,8,10,12,18,20,23,27,29H,6-7H2,1-2H3,(H,24,25)	null	CC1CC(C(C2(O1)C3=C(C(C(O2)CC(=O)O)O)C(=O)C4=C(C3=O)C(=CC=C4)O)O)C(=O)OC	-0.279787064	""	COCONUT:(CNP0080926)	2097152
149	1	N/A	-504.52349463279546	C22H22O11	[M + H]+	VIDWIBQJJJMRTL	InChI=1S/C22H22O11/c1-6-12-9(3-8(32-6)4-11(24)25)17(26)13-14(18(12)27)20(29)16-15(19(13)28)21(30)5-10(23)22(16,31)7(2)33-21/h6-8,10,23,26-27,30-31H,3-5H2,1-2H3,(H,24,25)	null	CC1C2=C(C3=C(C(=C2CC(O1)CC(=O)O)O)C(=O)C4=C(C3=O)C5(C(OC4(CC5O)O)C)O)O	-0.633464813	""	Natural Products:(UNPD63568)	32768