structureRankPerFormula	formulaRank	ConfidenceScore	CSI:FingerIDScore	molecularFormula	adduct	InChIkey2D	InChI	name	smiles	xlogp	pubchemids	links	dbflags
1	1	0.22354980695506357	-85.88708879352895	C18H28O4	[M - H2O + H]+	OXXJZDJLYSMGIQ	InChI=1S/C18H28O4/c1-2-15(19)12-10-14-11-13-17(20)16(14)8-6-4-3-5-7-9-18(21)22/h10-16,19H,2-9H2,1H3,(H,21,22)	Phytoprostane A1	CCC(C=CC1C=CC(=O)C1CCCCCCCC(=O)O)O	3.5	24978539;125181365;125181366;124630882;124630883;131839859;131839862	COCONUT:(CNP0385805);Training Set;PubChem:(24978539 125181365 125181366 124630882 124630883 131839859 131839862);additional	2637826
2	1	N/A	-96.14261648962433	C18H28O4	[M - H2O + H]+	KLFMLBSZQZVKDC	InChI=1S/C18H28O4/c1-2-16(19)12-8-6-7-10-14-17(20)13-9-4-3-5-11-15-18(21)22/h6-8,10,12,14,16,19H,2-5,9,11,13,15H2,1H3,(H,21,22)	Corchorifatty Acid B	CCC(C=CC=CC=CC(=O)CCCCCCCC(=O)O)O	3.5	9861431;22956671;57137439;91478638;102120222	COCONUT:(CNP0171913);HMDB:(33243);KNApSAcK:(48361);Natural Products:(UNPD226688 UNPD222553 UNPD199963 UNPD44504 UNPD125229 UNPD152546 UNPD190748);PubChem:(9861431 22956671 57137439 91478638 102120222);SuperNatural:(SN00335546 SN00288795 SN00328495 SN00348073);PubChem class - bio and metabolites;MeSH:(9861431 22956671);PubMed	19955806
3	1	N/A	-99.4454597506898	C18H28O4	[M - H2O + H]+	FCCFXOHVERVHQR	InChI=1S/C18H28O4/c1-2-16(19)12-8-6-7-10-14-17(20)13-9-4-3-5-11-15-18(21)22/h6-8,10,12,14,17,20H,2-5,9,11,13,15H2,1H3,(H,21,22)	null	CCC(=O)C=CC=CC=CC(CCCCCCCC(=O)O)O	3.5	10566767;9883083;10267277	COCONUT:(CNP0059859 CNP0337772);HMDB:(32664);Natural Products:(UNPD83570 UNPD169740);PubChem:(10566767 9883083 10267277);SuperNatural:(SN00038890 SN00240058 SN00038889);CHEBI:(138783);ZINC bio:(ZINC38440536 ZINC38440537);PubChem class - bio and metabolites	19963946
4	1	N/A	-102.19718448347993	C18H28O4	[M - H2O + H]+	HRYSXCQQEVMPFB	InChI=1S/C18H28O4/c1-2-3-11-16(19)13-9-10-14-17(20)12-7-5-4-6-8-15-18(21)22/h9-10,13-14H,2-8,11-12,15H2,1H3,(H,21,22)	(10E,12E)-9,14-dioxooctadeca-10,12-dienoic acid	CCCCC(=O)C=CC=CC(=O)CCCCCCCC(=O)O	3.70000005	16082061;73236261	COCONUT:(CNP0199511);KNApSAcK:(29308);Natural Products:(UNPD148248);PubChem:(16082061 73236261);SuperNatural:(SN00364006);PubMed	3178578
5	1	N/A	-105.53506143660617	C18H28O4	[M - H2O + H]+	WTLVYAWQAPUBFY	InChI=1S/C18H28O4/c1-2-3-4-6-11-16(19)13-9-10-14-17(20)12-7-5-8-15-18(21)22/h9-10,13-14H,2-8,11-12,15H2,1H3,(H,21,22)	Ostopanic acid	CCCCCCC(=O)C=CC=CC(=O)CCCCCC(=O)O	3.70000005	159329;6440816	COCONUT:(CNP0151058);KNApSAcK:(30901);Natural Products:(UNPD180593);PubChem:(159329 6440816);SuperNatural:(SN00351102);MeSH:(159329 6440816);PubMed	3178582
6	1	N/A	-108.70640687539432	C18H28O4	[M - H2O + H]+	PABFFLLJEGWXPY	InChI=1S/C18H28O4/c19-17(20)15-13-11-9-7-5-3-1-2-4-6-8-10-12-14-16-18(21)22/h14,16H,1-9,11,13,15H2,(H,19,20)(H,21,22)	(E)-octadec-2-en-4-ynedioic acid	C(CCCCCCC(=O)O)CCCCCC#CC=CC(=O)O	5.5999999	21629652;73814490	COCONUT:(CNP0289205);Natural Products:(UNPD158423);PubChem:(21629652 73814490);PubMed	2129986
7	1	N/A	-123.16925320370461	C18H28O4	[M - H2O + H]+	JLOBPAMSVPWXCW	InChI=1S/C18H28O4/c1-2-3-9-14-18(22)15(12-13-16(18)19)10-7-5-4-6-8-11-17(20)21/h3,9,12,22H,2,4-8,10-11,13-14H2,1H3,(H,20,21)	8-[5-hydroxy-4-oxo-5-[(E)-pent-2-enyl]cyclopenten-1-yl]octanoic acid	CCC=CCC1(C(=O)CC=C1CCCCCCCC(=O)O)O	3.29999995	21344799;59872902	COCONUT:(CNP0311600);Natural Products:(UNPD69711);PubChem:(21344799 59872902);SuperNatural:(SN00231053)	3178498
8	1	N/A	-128.33647010631285	C18H28O4	[M - H2O + H]+	DUBHWCDPYPTSMM	InChI=1S/C18H28O4/c1-12-7-6-8-14(3)17(21-5)10-9-13(2)16(19)11-18(20)22-15(12)4/h8-13,15,17,19H,6-7H2,1-5H3	null	CC1CCC=C(C(C=CC(C(=CC(=O)OC1C)O)C)OC)C	3.8559649	""	COCONUT:(CNP0340452)	2097152
9	1	N/A	-129.59987076213463	C18H28O4	[M - H2O + H]+	XVRGWTKWKCRREP	InChI=1S/C18H28O4/c1-2-3-4-5-6-7-11-16(19)12-8-9-13-17(20)14-10-15-18(21)22/h8-9,12-13H,2-7,10-11,14-15H2,1H3,(H,21,22)	null	CCCCCCCCC(=O)C=CC=CC(=O)CCCC(=O)O	3.79999995	45359564	COCONUT:(CNP0072818);PubChem:(45359564);SuperNatural:(SN00039749);ZINC bio:(ZINC67902953)	3153922
10	1	N/A	-131.72587786455495	C18H28O4	[M - H2O + H]+	LHHBOGDNUZVVPH	InChI=1S/C18H28O4/c1-2-3-7-11-15-14(13-16(19)18(15)22)10-8-5-4-6-9-12-17(20)21/h3,7,16,19H,2,4-6,8-13H2,1H3,(H,20,21)	8-[4-hydroxy-3-oxo-2-[(E)-pent-2-enyl]cyclopenten-1-yl]octanoic acid	CCC=CCC1=C(CC(C1=O)O)CCCCCCCC(=O)O	3.5999999	21344798;59872903	COCONUT:(CNP0225346);Natural Products:(UNPD41760);PubChem:(21344798 59872903)	2129922
11	1	N/A	-139.76054954811872	C18H28O4	[M - H2O + H]+	BYWWNDLILWPPJP	InChI=1S/C18H28O4/c1-13-7-6-8-14(2)16(21-5)9-11-18(4,20)12-10-17(19)22-15(13)3/h8-13,15-16,20H,6-7H2,1-5H3	Albocyclin	CC1CCC=C(C(C=CC(C=CC(=O)OC1C)(C)O)OC)C	2.9000001	161481;6440973;10380584;10495242;44634748;46842960;68012267;75060956;92215578;101973347;131876649	SuperNatural:(SN00007462);ZINC bio:(ZINC04214748);additional;MeSH:(6440973 75060956 101973347);PubMed;COCONUT:(CNP0166573);KNApSAcK:(22138);Natural Products:(UNPD166814);PubChem:(161481 6440973 10380584 10495242 44634748 46842960 68012267 75060956 92215578 101973347 131876649);PubChem class - safety and toxic;Training Set;KEGG Mine	8660770902
12	1	N/A	-140.8382733932246	C18H28O4	[M - H2O + H]+	WHTMLUJBLXPXNU	InChI=1S/C18H28O4/c1-3-4-5-6-7-8-9-10-11-12-14-17(21)15(19)13(2)16(20)18(14)22/h19,22H,3-12H2,1-2H3	null	CCCCCCCCCCCC1=C(C(=O)C(=C(C1=O)O)C)O	5.80000019	23955911	COCONUT:(CNP0247179);PubChem:(23955911);KEGG Mine	8592031746
13	1	N/A	-147.63507660367924	C18H28O4	[M - H2O + H]+	DASVGFACDRAZQR	InChI=1S/C18H28O4/c1-2-3-4-5-6-9-12-16(19)13-10-7-8-11-14-17(20)15-18(21)22/h6-10,13,16,19H,2-5,11-12,14-15H2,1H3,(H,21,22)	null	CCCCCC=CCC(C=CC=CCCC(=O)CC(=O)O)O	3.70000005	134819276;134819278	PubChem:(134819276 134819278);HMDB:(62357 62359)	10
14	1	N/A	-160.77996937663352	C18H28O4	[M - H2O + H]+	KHBJLRRAMCJZLZ	InChI=1S/C18H28O4/c1-3-4-5-6-7-8-9-10-11-12-14-17(20)15(19)13-16(22-2)18(14)21/h13,20H,3-12H2,1-2H3	5-O-Methylembelin	CCCCCCCCCCCC1=C(C(=O)C=C(C1=O)OC)O	5.69999981	171489	COCONUT:(CNP0197874);HMDB:(40867);KNApSAcK:(2842);Natural Products:(UNPD182503);PubChem:(171489);SuperNatural:(SN00158003);CHEBI:(65842);PubChem class - bio and metabolites;MeSH:(171489);KEGG:(C10373);PubMed	19956094
15	1	N/A	-171.95610836652057	C18H28O4	[M - H2O + H]+	FBIPGCRLBUAKTF	InChI=1S/C18H28O4/c1-4-5-6-7-16(21-2)13-15(19)10-8-14-9-11-17(20)18(12-14)22-3/h9,11-12,16,20H,4-8,10,13H2,1-3H3	3-Decanone, 1-(4-hydroxy-3-methoxyphenyl)-5-methoxy-	CCCCCC(CC(=O)CCC1=CC(=C(C=C1)O)OC)OC	3.5999999	14440533;11771257;124356394	COCONUT:(CNP0116965);Natural Products:(UNPD229343);PubChem:(14440533 11771257 124356394);SuperNatural:(SN00159548);PubMed;KEGG Mine	8593113154
16	1	N/A	-172.2267359271222	C18H28O4	[M - H2O + H]+	JTVFMTUJWPGXRA	InChI=1S/C18H28O4/c1-2-3-9-14-18(22)15(12-13-16(18)19)10-7-5-4-6-8-11-17(20)21/h3,9,12-13,15,22H,2,4-8,10-11,14H2,1H3,(H,20,21)	null	CCC=CCC1(C(C=CC1=O)CCCCCCCC(=O)O)O	3.70000005	12094983	COCONUT:(CNP0398278);Natural Products:(UNPD36331 UNPD122963);PubChem:(12094983);SuperNatural:(SN00394129 SN00370293);KEGG Mine	8593113090
17	1	N/A	-177.252845142175	C18H28O4	[M - H2O + H]+	ZJLAFXAOEXRLEN	InChI=1S/C18H28O4/c1-13(15(3)19)7-6-8-14(2)16(21-5)9-11-18(4)12-10-17(20)22-18/h8-13,15-16,19H,6-7H2,1-5H3	null	CC(CCC=C(C)C(C=CC1(C=CC(=O)O1)C)OC)C(C)O	3.29999995	10403025	COCONUT:(CNP0207283);Natural Products:(UNPD185766);PubChem:(10403025);SuperNatural:(SN00231330)	3178498
18	1	N/A	-179.24131963288423	C18H28O4	[M - H2O + H]+	CTGAPJBPSCUFRO	InChI=1S/C18H28O4/c1-4-5-6-7-15(19)13-16(20)10-8-14-9-11-17(21-2)18(12-14)22-3/h9,11-12,15,19H,4-8,10,13H2,1-3H3	Methyl-6-Gingerol	CCCCCC(CC(=O)CCC1=CC(=C(C=C1)OC)OC)O	3.4000001	70697235;71391212	COCONUT:(CNP0124042);HMDB:(29852);Natural Products:(UNPD21737);PubChem:(70697235 71391212);SuperNatural:(SN00292300 SN00159549);PubChem class - bio and metabolites;PubMed;KEGG Mine	8609890378
19	1	N/A	-184.01205154516956	C18H28O4	[M - H2O + H]+	OJOVKWRNDCVECM	InChI=1S/C18H28O4/c1-3-15(19)13-17(21)18(22-2)12-8-7-11-16(20)14-9-5-4-6-10-14/h4-6,9-10,16-18,20-21H,3,7-8,11-13H2,1-2H3	Soraphen O	CCC(=O)CC(C(CCCCC(C1=CC=CC=C1)O)OC)O	1.89999998	49787023	KEGG:(C15818);PubChem:(49787023);CHEBI:(80104)	290
20	1	N/A	-186.04728768910056	C18H28O4	[M - H2O + H]+	MBZWOJPMRBYBGN	InChI=1S/C18H28O4/c1-11-15(7-6-14-9-13(19)10-18(21)22-14)16-5-3-2-4-12(16)8-17(11)20/h8,11,13-17,19-20H,2-7,9-10H2,1H3	null	CC1C(C=C2CCCCC2C1CCC3CC(CC(=O)O3)O)O	2.4000001	101244085	COCONUT:(CNP0290415);Natural Products:(UNPD159734);PubChem:(101244085);SuperNatural:(SN00381198)	3178498
21	1	N/A	-190.06439856808657	C18H28O4	[M - H2O + H]+	JEAFWJNJKAWSJQ	InChI=1S/C18H28O4/c19-16-14-12-10-8-6-4-2-1-3-5-7-9-11-13-15-17(20)18(21)22/h7,9,11,13,15-16,20H,1-6,8,10,12,14H2,(H,21,22)	null	C(CCCCCC=O)CCCCC=CC=CC=C(C(=O)O)O	4.65778017	""	COCONUT:(CNP0083563)	2097152
22	1	N/A	-190.44220790804968	C18H28O4	[M - H2O + H]+	BJUICGMKNZDPOT	InChI=1S/C18H28O4/c1-3-4-5-6-7-15(19)13-16(20)10-8-14-9-11-17(21)18(12-14)22-2/h9,11-12,15,19,21H,3-8,10,13H2,1-2H3	5-hydroxy-1-(4-hydroxy-3-methoxyphenyl)undecan-3-one	CCCCCCC(CC(=O)CCC1=CC(=C(C=C1)O)OC)O	3.5999999	11472344	COCONUT:(CNP0108345);KNApSAcK:(35448);PubChem:(11472344)	2097170
23	1	N/A	-201.78254462581828	C18H28O4	[M - H2O + H]+	KHOZPUKNKSFTEV	InChI=1S/C18H28O4/c1-9-8-10(2)18(12(4)16(9)20)13(5)17(21-15(7)19)11(3)14(6)22-18/h8,10-14,17H,1-7H3	null	CC1C=C(C(=O)C(C12C(C(C(C(O2)C)C)OC(=O)C)C)C)C	3.29999995	102487300	COCONUT:(CNP0164600);Natural Products:(UNPD214421);PubChem:(102487300)	2129922
24	1	N/A	-202.81527861652214	C18H28O4	[M - H2O + H]+	NCPYROXCCSZQKY	InChI=1S/C18H28O4/c1-2-16-14-12-15(19)18(21)13(14)10-8-6-4-3-5-7-9-11-17(20)22-16/h3-4,8,10,13-16,18-19,21H,2,5-7,9,11-12H2,1H3	null	CCC1C2CC(C(C2C=CCC=CCCCCC(=O)O1)O)O	3.0999999	10470536	COCONUT:(CNP0144026);Natural Products:(UNPD6610 UNPD187501);PubChem:(10470536);SuperNatural:(SN00227364 SN00260200)	3178498
25	1	N/A	-204.49797052318243	C18H28O4	[M - H2O + H]+	AZCVVNXOMBSHNP	InChI=1S/C18H28O4/c1-12-6-7-13-4-2-3-5-17(13)16(12)9-8-14(19)10-15(20)11-18(21)22/h4,6-7,12,14-17,19-20H,2-3,5,8-11H2,1H3,(H,21,22)	(3S,5S)-7-[(1S,2S,8aR)-2-methyl-1,2,6,7,8,8a-hexahydronaphthalen-1-yl]-3,5-bis(oxidanyl)heptanoic acid	CC1C=CC2=CCCCC2C1CCC(CC(CC(=O)O)O)O	2.5	10519934;10520176;10544184;15968286;15968445;102002204;122409683;134716713;134716714	PubChem:(10519934 10520176 10544184 15968286 15968445 102002204 122409683 134716713 134716714);CHEBI:(142047);KEGG Mine	8589934626
26	1	N/A	-205.1798142665326	C18H28O4	[M - H2O + H]+	DAFJIVBFDQQAFP	InChI=1S/C18H28O4/c1-4-5-6-7-15(19)13-16(20)10-8-14-9-11-17(21-2)18(12-14)22-3/h9,11-12,16,20H,4-8,10,13H2,1-3H3	null	CCCCCC(=O)CC(CCC1=CC(=C(C=C1)OC)OC)O	4.1512785	""	COCONUT:(CNP0092029);SuperNatural:(SN00158748)	3145728
27	1	N/A	-205.6314150214792	C18H28O4	[M - H2O + H]+	QZJWPGBULYDTPO	InChI=1S/C18H28O4/c1-14(2)6-4-3-5-7-16(19)12-13-22-18(21)15-8-10-17(20)11-9-15/h8-11,14,16,19-20H,3-7,12-13H2,1-2H3	null	CC(C)CCCCCC(CCOC(=O)C1=CC=C(C=C1)O)O	4.62355518	58159122	COCONUT:(CNP0362545);Natural Products:(UNPD7928);PubChem:(58159122);SuperNatural:(SN00227612)	3178498
28	1	N/A	-210.97380842661204	C18H28O4	[M - H2O + H]+	HEJOJEMDIXLBRW	InChI=1S/C18H28O4/c1-2-3-4-5-6-7-8-10-14(19)13-17(22)18-15(20)11-9-12-16(18)21/h9,11-12,14,19-21H,2-8,10,13H2,1H3	Phen-1,3-diol, 2-[3-hydroxydodecanoyl]-	CCCCCCCCCC(CC(=O)C1=C(C=CC=C1O)O)O	5.30000019	389031	COCONUT:(CNP0312162);Natural Products:(UNPD70399);PubChem:(389031);SuperNatural:(SN00240811)	3178498
29	1	N/A	-213.98898074092006	C18H28O4	[M - H2O + H]+	GPSLPPYNZMBYDU	InChI=1S/C18H28O4/c1-2-3-4-5-6-7-8-9-10-11-15(19)12-17-13-16(20)14-18(21)22-17/h13-14,20H,2-12H2,1H3	null	CCCCCCCCCCCC(=O)CC1=CC(=CC(=O)O1)O	4.9000001	85908104	PubChem:(85908104);CHEBI:(84150)	34
30	1	N/A	-216.42153600644653	C18H28O4	[M - H2O + H]+	CIJGEBXETKIQOK	InChI=1S/C18H28O4/c1-2-3-4-5-6-7-8-9-10-11-15(20)18-16(21)12-14(19)13-17(18)22/h12-13,19,21-22H,2-11H2,1H3	Dodecanoylphloroglucinol	CCCCCCCCCCCC(=O)C1=C(C=C(C=C1O)O)O	6.30000019	11771258	COCONUT:(CNP0242310);Natural Products:(UNPD145890);PubChem:(11771258);SuperNatural:(SN00335912);PubMed	3178562
31	1	N/A	-217.7529212738495	C18H28O4	[M - H2O + H]+	GPMZZMPGGQCIEV	InChI=1S/C18H28O4/c1-2-15(19)14-9-12(14)13-10-16-18(22-16)11(13)7-5-3-4-6-8-17(20)21/h5,7,11-16,18-19H,2-4,6,8-10H2,1H3,(H,20,21)	null	CCC(C1CC1C2CC3C(C2C=CCCCCC(=O)O)O3)O	2.70000005	101563153;101563154	MeSH:(101563153 101563154);PubChem:(101563153 101563154);PubMed	70
32	1	N/A	-217.8262828871765	C18H28O4	[M - H2O + H]+	KGMMKUZTYZGQQY	InChI=1S/C18H28O4/c1-11-5-8-14-17(3,13(11)7-6-12(2)19)10-9-15(20)18(14,4)16(21)22/h13-15,20H,1,5-10H2,2-4H3,(H,21,22)	null	CC(=O)CCC1C(=C)CCC2C1(CCC(C2(C)C(=O)O)O)C	2.86743665	""	COCONUT:(CNP0168466);Natural Products:(UNPD123918);SuperNatural:(SN00239589)	3178496
33	1	N/A	-217.98564319272373	C18H28O4	[M - H2O + H]+	YEXSFJWCXMLTOX	InChI=1S/C18H28O4/c1-2-3-6-10-16-14-12-15(19)18(22-16)13(14)9-7-4-5-8-11-17(20)21/h3,6-7,9,13-16,18-19H,2,4-5,8,10-12H2,1H3,(H,20,21)	null	CCC=CCC1C2CC(C(C2C=CCCCCC(=O)O)O1)O	3.35957837	""	COCONUT:(CNP0322990);Natural Products:(UNPD84734);SuperNatural:(SN00311477)	3178496
34	1	N/A	-221.07340840560383	C18H28O4	[M - H2O + H]+	AZUPKVUOQZNWFX	InChI=1S/C18H28O4/c1-15-17(20)16(18(21)22-15)13-11-9-7-5-3-2-4-6-8-10-12-14-19/h10,12-15,17,20H,2-9,11H2,1H3	null	CC1C(C(=CCCCCCCCCCC=CC=O)C(=O)O1)O	4.42898512	""	COCONUT:(CNP0179784);KNApSAcK:(42702);Natural Products:(UNPD86393);SuperNatural:(SN00397267)	3178512
35	1	N/A	-222.5425767054641	C18H28O4	[M - H2O + H]+	JBAPHGKWYYAKIJ	InChI=1S/C18H28O4/c1-3-4-5-6-15-12-16(22-13-21-15)9-7-14-8-10-17(19)18(11-14)20-2/h8,10-11,15-16,19H,3-7,9,12-13H2,1-2H3	null	CCCCCC1CC(OCO1)CCC2=CC(=C(C=C2)O)OC	4.73085976	""	COCONUT:(CNP0347842);SuperNatural:(SN00161674)	3145728
36	1	N/A	-224.09628522043474	C18H28O4	[M - H2O + H]+	FDRBVHFWTQZKPL	InChI=1S/C18H28O4/c1-3-4-5-6-7-8-13-22-18(20)12-10-15-9-11-16(19)17(14-15)21-2/h9,11,14,19H,3-8,10,12-13H2,1-2H3	dihydroferulic acid octyl ester	CCCCCCCCOC(=O)CCC1=CC(=C(C=C1)O)OC	5.0	16680208	COCONUT:(CNP0149548);PubChem:(16680208);PubMed	2097218
37	1	N/A	-224.88611622365028	C18H28O4	[M - H2O + H]+	YXHNIFIREOQVBB	InChI=1S/C18H28O4/c1-4-5-7-11-17(13-16(20)14-19)22-18(21)12-9-6-8-10-15(2)3/h1,11,15-16,18-21H,6,8-10,12-14H2,2-3H3	null	CC(C)CCCCCC(O)OC(=CC#CC#C)CC(CO)O	3.99503279	""	COCONUT:(CNP0142703);Natural Products:(UNPD158392)	2129920
38	1	N/A	-230.0943551663598	C18H28O4	[M - H2O + H]+	RNQRMJVOBFMAQT	InChI=1S/C18H28O4/c1-12(7-6-8-13(2)19)15(21)11-18-16(3,4)9-14(20)10-17(18,5)22-18/h6-8,13-14,19-20H,9-11H2,1-5H3	(3E,5E)-7-hydroxy-1-[(1S,3R,6R)-3-hydroxy-1,5,5-trimethyl-7-oxabicyclo[4.1.0]heptan-6-yl]-3-methylocta-3,5-dien-2-one	CC(C=CC=C(C)C(=O)CC12C(CC(CC1(O2)C)O)(C)C)O	1.70000005	14015873	COCONUT:(CNP0398287);Natural Products:(UNPD15648);PubChem:(14015873);SuperNatural:(SN00313297)	3178498
39	1	N/A	-232.66974874586518	C18H28O4	[M - H2O + H]+	SFTQDPVLDKOILY	InChI=1S/C18H28O4/c1-10-7-11(2)15-13(8-10)9-12(3)16(17(21)22)18(15,4)14(20)5-6-19/h9-11,13,15-16,19H,5-8H2,1-4H3,(H,21,22)	diplodiatoxin	CC1CC(C2C(C1)C=C(C(C2(C)C(=O)CCO)C(=O)O)C)C	2.29999995	181683;12309246;42620153;71591568;71449449;100621776	COCONUT:(CNP0236871);HMDB:(31471);Natural Products:(UNPD58262 UNPD230636 UNPD138898);PubChem:(181683 12309246 42620153 71591568 71449449 100621776);SuperNatural:(SN00311857 SN00331338);PubChem class - bio and metabolites;MeSH:(181683 12309246 71449449 71591568 100621776);PubMed	19955790
40	1	N/A	-234.36213284073173	C18H28O4	[M - H2O + H]+	XGTQIFIOKWONJJ	InChI=1S/C18H28O4/c1-4-5-6-7-8-9-10-11-12-13-14-16(18(21)22-3)17(20)15(2)19/h1,5-6,14-15,17,19-20H,7-13H2,2-3H3	null	CC(C(C(=CCCCCCCCC=CC#C)C(=O)OC)O)O	4.03576326	""	COCONUT:(CNP0119628);Natural Products:(UNPD40623)	2129920
41	1	N/A	-249.44107981696058	C18H28O4	[M - H2O + H]+	MANZEPPAFJOHLB	InChI=1S/C18H28O4/c1-6-22-18(4)8-7-13(12(3)17(20)21-5)14-9-11(2)16(19)10-15(14)18/h9,13-16,19H,3,6-8,10H2,1-2,4-5H3	null	CCOC1(CCC(C2C1CC(C(=C2)C)O)C(=C)C(=O)OC)C	3.05804324	""	COCONUT:(CNP0107809);KNApSAcK:(20745);Natural Products:(UNPD39698);SuperNatural:(SN00344179)	3178512
42	1	N/A	-251.11285173865804	C18H28O4	[M - H2O + H]+	RBCYRZPENADQGZ	InChI=1S/C18H28O4/c1-14(2)8-6-4-5-7-9-18(20)22-13-15-10-11-16(19)17(12-15)21-3/h10-12,14,19H,4-9,13H2,1-3H3	dihydrocapsiate	CC(C)CCCCCCC(=O)OCC1=CC(=C(C=C1)O)OC	5.0	9873754	COCONUT:(CNP0274859);HMDB:(34781);Natural Products:(UNPD146321);PubChem:(9873754);SuperNatural:(SN00250646);PubChem class - bio and metabolites;MeSH:(9873754);PubMed;PubChem class - drug	53510222
43	1	N/A	-253.18891478956303	C18H28O4	[M - H2O + H]+	ZVRFGGSCXPFKJZ	InChI=1S/C18H28O4/c1-12-7-8-15-14(6-5-9-18(15,4)16(20)21)17(12,3)10-11-22-13(2)19/h6,12,15H,5,7-11H2,1-4H3,(H,20,21)	null	CC1CCC2C(=CCCC2(C)C(=O)O)C1(C)CCOC(=O)C	3.62472439	""	COCONUT:(CNP0309760);Natural Products:(UNPD67499);SuperNatural:(SN00301032)	3178496
44	1	N/A	-255.37427106115797	C18H28O4	[M - H2O + H]+	XBTQSAVEBBVBMO	InChI=1S/C18H28O4/c1-6-13-9-17(21)12(4)18(22-5)15(13)8-11(3)16(20)10-14(19)7-2/h9,11,14,19,21H,6-8,10H2,1-5H3	Maristachone C	CCC1=CC(=C(C(=C1CC(C)C(=O)CC(CC)O)OC)C)O	3.4000001	71658648	COCONUT:(CNP0127137);Natural Products:(UNPD212818);PubChem:(71658648);PubMed	2129986
45	1	N/A	-256.55881984967175	C18H28O4	[M - H2O + H]+	JUMGSHROWPPKFX	InChI=1S/C18H28O4/c1-13-7-5-4-6-10-17(2)11-14(19)12-18(17,3)15(20)8-9-16(21)22-13/h6,8-10,13-15,19-20H,4-5,7,11-12H2,1-3H3	null	CC1CCCC=CC2(CC(CC2(C(C=CC(=O)O1)O)C)O)C	3.32978392	""	COCONUT:(CNP0155990);Natural Products:(UNPD176070);SuperNatural:(SN00386981)	3178496
46	1	N/A	-258.38195332699075	C18H28O4	[M - H2O + H]+	NAKUEGXKNSDYGY	InChI=1S/C18H28O4/c1-2-13-5-12(1)16-3-4-18(17(13)16,10-19-6-14-8-21-14)11-20-7-15-9-22-15/h12-17H,1-11H2	null	C1CC2CC1C3C2C(CC3)(COCC4CO4)COCC5CO5	2.29999995	76871839	NORMAN:(NS00056996);PubChem class - safety and toxic;PubChem:(76871839)	67371010
47	1	N/A	-261.54753811683116	C18H28O4	[M - H2O + H]+	XHAOHCIUYJAOHW	InChI=1S/C18H28O4/c1-3-5-6-9-17(20)18(21)12-11-14-8-7-10-16(19)15(14)13-22-4-2/h7-8,10-12,17-21H,3-6,9,13H2,1-2H3	null	CCCCCC(C(C=CC1=C(C(=CC=C1)O)COCC)O)O	3.61034822	""	COCONUT:(CNP0332081)	2097152
48	1	N/A	-267.2432176408352	C18H28O4	[M - H2O + H]+	ILNMFXXYCHLDOZ	InChI=1S/C18H28O4/c1-6-11(2)16(20)22-15-7-8-18(21)10-14(13(4)19)9-17(18,5)12(15)3/h6,12,14-15,21H,7-10H2,1-5H3	null	CC=C(C)C(=O)OC1CCC2(CC(CC2(C1C)C)C(=O)C)O	2.70000005	101517797	COCONUT:(CNP0195736);Natural Products:(UNPD120443);PubChem:(101517797);SuperNatural:(SN00330307)	3178498
49	1	N/A	-268.58856315855667	C18H28O4	[M - H2O + H]+	UZPUBNINOVQPMB	InChI=1S/C18H28O4/c1-12-8-9-14-17(2,13(12)6-4-7-15(19)20)10-5-11-18(14,3)16(21)22/h13-14H,1,4-11H2,2-3H3,(H,19,20)(H,21,22)	null	CC12CCCC(C1CCC(=C)C2CCCC(=O)O)(C)C(=O)O	3.70000005	10781133;101027916	PubChem:(10781133 101027916);KNApSAcK:(32600)	18
50	1	N/A	-271.13678311833604	C18H28O4	[M - H2O + H]+	MMWGFZKHUDDWHR	InChI=1S/C18H28O4/c1-5-6-7-8-9-10-11-12-15(19)17-13(2)16(20)14(3)18(21-4)22-17/h5-12H2,1-4H3	null	CCCCCCCCCC(=O)C1=C(C(=O)C(=C(O1)OC)C)C	5.0	14539932	COCONUT:(CNP0177711);Natural Products:(UNPD145838);PubChem:(14539932);SuperNatural:(SN00244883)	3178498
51	1	N/A	-272.86446042135435	C18H28O4	[M - H2O + H]+	AGPYWZSEQMBMKM	InChI=1S/C18H28O4/c1-3-4-5-6-7-8-9-14(2)10-15(19)11-17-12-16(20)13-18(21)22-17/h12-14,20H,3-11H2,1-2H3	null	CCCCCCCCC(C)CC(=O)CC1=CC(=CC(=O)O1)O	4.80000019	91825628	PubChem:(91825628);CHEBI:(85497)	34
52	1	N/A	-273.3780549386196	C18H28O4	[M - H2O + H]+	IGRBFOIYYSZJJH	InChI=1S/C18H28O4/c1-12(2)9-20-11-17-18(22-17)14-6-7-15(16(8-14)19-5)21-10-13(3)4/h6-8,12-13,17-18H,9-11H2,1-5H3	null	CC(C)COCC1C(O1)C2=CC(=C(C=C2)OCC(C)C)OC	3.63268209	""	COCONUT:(CNP0365297);Natural Products:(UNPD30383);SuperNatural:(SN00244155)	3178496
53	1	N/A	-280.9972027909181	C18H28O4	[M - H2O + H]+	UDVZEUVTUNRMGI	InChI=1S/C18H28O4/c1-11-13-8-12(18(5)10-21-16(2,3)22-18)6-7-17(13,4)15(20)9-14(11)19/h12,15,20H,6-10H2,1-5H3	null	CC1=C2CC(CCC2(C(CC1=O)O)C)C3(COC(O3)(C)C)C	2.62770343	""	COCONUT:(CNP0122496);Natural Products:(UNPD219770)	2129920
54	1	N/A	-284.6793550480323	C18H28O4	[M - H2O + H]+	IMLULKFPSSTWEH	InChI=1S/C18H28O4/c1-12-8-14(19)9-13(2)17(12)6-7-18(20,10-17)16(5)11-21-15(3,4)22-16/h8,13,20H,6-7,9-11H2,1-5H3	null	CC1CC(=O)C=C(C12CCC(C2)(C3(COC(O3)(C)C)C)O)C	1.5	102442061	COCONUT:(CNP0377798);Natural Products:(UNPD217449 UNPD224028);PubChem:(102442061)	2129922
55	1	N/A	-284.98585017870715	C18H28O4	[M - H2O + H]+	PSCUINKTRVCNJK	InChI=1S/C18H28O4/c1-11-6-7-14(12(2)17(20)21-5)10-18(4)15(11)8-9-16(18)22-13(3)19/h11,14-16H,2,6-10H2,1,3-5H3	null	CC1CCC(CC2(C1CCC2OC(=O)C)C)C(=C)C(=O)OC	3.8275826	""	COCONUT:(CNP0328813);Natural Products:(UNPD92650);SuperNatural:(SN00315981)	3178496
56	1	N/A	-287.4823551444247	C18H28O4	[M - H2O + H]+	OCXMPIIXPZZNOJ	InChI=1S/C18H28O4/c1-10-5-6-13-11(2)7-14-18(22-17(3,4)21-14)12(8-19)9-20-16(10)15(13)18/h5,11-16,19H,6-9H2,1-4H3	null	CC1CC2C3(C(COC4C3C1CC=C4C)CO)OC(O2)(C)C	1.70000005	102194674;139588103	COCONUT:(CNP0127208);Natural Products:(UNPD212731);PubChem:(102194674 139588103)	2129922
57	1	N/A	-289.41798497906143	C18H28O4	[M - H2O + H]+	TXMSPHFHTXABMF	InChI=1S/C18H28O4/c1-2-3-4-5-6-7-8-9-10-11-15(19)14-12-16(20)18(22)17(21)13-14/h12-13,20-22H,2-11H2,1H3	null	CCCCCCCCCCCC(=O)C1=CC(=C(C(=C1)O)O)O	5.69999981	44567301	PubChem:(44567301);PubMed;PubChem class - bio and metabolites	16777282
58	1	N/A	-292.37707769980386	C18H28O4	[M - H2O + H]+	HNGXYIVQLQGYNF	InChI=1S/C18H28O4/c1-10-8-14(21-12(3)19)9-13-6-7-15-16(18(10,13)4)11(2)17(20-5)22-15/h9-11,14-17H,6-8H2,1-5H3	null	CC1CC(C=C2C1(C3C(C(OC3CC2)OC)C)C)OC(=O)C	3.0	53248052;101789794	COCONUT:(CNP0133367);Natural Products:(UNPD201191);PubChem:(53248052 101789794)	2129922
59	1	N/A	-293.1676563760995	C18H28O4	[M - H2O + H]+	PTGFDIFCKGMAJK	InChI=1S/C18H28O4/c1-9(2)11-5-6-18(4)10(3)15(16(11)12(18)8-19)14-7-13(20)17(21)22-14/h9,11-16,19-20H,3,5-8H2,1-2,4H3	null	CC(C)C1CCC2(C(C1C(C2=C)C3CC(C(=O)O3)O)CO)C	2.9000001	10881395;9995434;44715303	COCONUT:(CNP0371632);Natural Products:(UNPD85682 UNPD109463);PubChem:(10881395 9995434 44715303);SuperNatural:(SN00229771 SN00329270)	3178498
60	1	N/A	-300.8580339101687	C18H28O4	[M - H2O + H]+	LPMDPGWBSLCYRB	InChI=1S/C18H28O4/c1-5-22-10-17(21)9-18-11(2)6-7-12(16(18,3)4)8-13(18)14(17)15(19)20/h11-12,21H,5-10H2,1-4H3,(H,19,20)/p-1	null	CCOCC1(CC23C(CCC(C2(C)C)CC3=C1C(=O)[O-])C)O	2.54166889	""	COCONUT:(CNP0372608 CNP0391637);SuperNatural:(SN00170887)	3145728
61	1	N/A	-337.990415868761	C18H28O4	[M - H2O + H]+	XVDCWEHGIXWXPS	InChI=1S/C18H28O4/c1-5-6-7-8-13-11-15(22-4)14(10-9-12(2)3)17(19)16(13)18(20)21/h11-12,19H,5-10H2,1-4H3,(H,20,21)	Amorfrutin 2	CCCCCC1=CC(=C(C(=C1C(=O)O)O)CCC(C)C)OC	6.19999981	60196217	PubChem:(60196217);PubChem class - bio and metabolites	16777218
62	1	N/A	-356.9040521055209	C18H28O4	[M - H2O + H]+	UYECFLAYDLVSPL	InChI=1S/C18H28O4/c1-11(19)21-16-14-12(15(20-5)22-16)7-8-13-17(2,3)9-6-10-18(13,14)4/h7,13-16H,6,8-10H2,1-5H3	null	CC(=O)OC1C2C(=CCC3C2(CCCC3(C)C)C)C(O1)OC	3.5792594	""	COCONUT:(CNP0200428);Natural Products:(UNPD120496);SuperNatural:(SN00282807)	3178496
63	1	N/A	-369.8107363118501	C18H28O4	[M - H2O + H]+	ZBALPMUEDXBPTP	InChI=1S/C18H28O4/c1-12-15-13(10-19)9-17(11-20,18(15,21)22-3)16(12,2)14-7-5-4-6-8-14/h11,13-15,19,21H,1,4-10H2,2-3H3	null	CC1(C(=C)C2C(CC1(C2(O)OC)C=O)CO)C3CCCCC3	2.49109125	""	COCONUT:(CNP0391422);SuperNatural:(SN00170321)	3145728
64	1	N/A	-385.189043498598	C18H28O4	[M - H2O + H]+	VKMFJAVAGSMZBP	InChI=1S/C18H28O4/c1-4-5-6-7-8-9-13-18(21-3)14-11-10-12-15(19)16(14)17(20-2)22-18/h10-12,17,19H,4-9,13H2,1-3H3	Paecilocin B	CCCCCCCCC1(C2=C(C(O1)OC)C(=CC=C2)O)OC	4.5	53483973;53483974	COCONUT:(CNP0132342);Natural Products:(UNPD202950 UNPD202949);PubChem:(53483973 53483974);PubMed;CHEBI:(69302 69301)	2130018
1	1	N/A	-113.93751523386909	C18H26O3	[M + H]+	MNEYSZJSCYXZQM	InChI=1S/C18H26O3/c1-2-3-4-5-6-7-8-11-14-17(19)15-12-9-10-13-16-18(20)21/h2-6,9-10,12-13,15-16H2,1H3,(H,20,21)	8-oxo-9,11-octadecadiynoic acid	CCCCCCC#CC#CC(=O)CCCCCCC(=O)O	5.19999981	5312942	COCONUT:(CNP0179398);Natural Products:(UNPD127832);PubChem:(5312942)	2129922
2	1	N/A	-137.91747956861497	C18H26O3	[M + H]+	SNUNXDVKYBQMPJ	InChI=1S/C18H26O3/c1-2-3-4-5-6-8-11-14-17(19)15-12-9-7-10-13-16-18(20)21/h4-5,11,14H,2-3,7,9-10,12-13,15-16H2,1H3,(H,20,21)	null	CCCC=CC#CC=CC(=O)CCCCCCCC(=O)O	4.5999999	57345550	COCONUT:(CNP0130340);Natural Products:(UNPD206750);PubChem:(57345550);PubMed	2129986
3	1	N/A	-145.465245423889	C18H26O3	[M + H]+	OBCSHDSNUGLLJU	InChI=1S/C18H26O3/c1-2-3-7-11-16-15(13-14-17(16)19)10-8-5-4-6-9-12-18(20)21/h3,7,10,13-14,16H,2,4-6,8-9,11-12H2,1H3,(H,20,21)	null	CCC=CCC1C(=CCCCCCCC(=O)O)C=CC1=O	4.0999999	24096406;76332513	COCONUT:(CNP0372726);Natural Products:(UNPD217707 UNPD215610);PubChem:(24096406 76332513);PubMed;KEGG Mine	8592064578
4	1	N/A	-149.74649218226506	C18H26O3	[M + H]+	ZYOSGENSARGRME	InChI=1S/C18H26O3/c1-2-3-4-5-6-7-8-9-10-11-12-13-14-17(19)15-16-18(20)21/h3-10H,2,11-16H2,1H3,(H,20,21)	4-oxo-9Z,11Z,13E,15E-octadecatetraenoic acid	CCC=CC=CC=CC=CCCCCC(=O)CCC(=O)O	3.9000001	5312915;131751133;131839804	COCONUT:(CNP0003542);HMDB:(31098);PubChem:(5312915 131751133 131839804);CHEBI:(138781 132495);PubChem class - bio and metabolites;KEGG Mine	8608809002
5	1	N/A	-149.88494671945253	C18H26O3	[M + H]+	MLGPZCOVWKAPPH	InChI=1S/C18H26O3/c1-2-17(20)13-10-11-15-18(21)14-9-7-5-3-4-6-8-12-16-19/h2,9,14,17-21H,1,3-8,12,16H2	9,17-Octadecadiene-12,14-diyne-1,11,16-triol	C=CC(C#CC#CC(C=CCCCCCCCCO)O)O	3.29999995	10356893;53438735;71745005;71307306;86311065;86311066;86311067;86311068;91477258;102004534;101177299	COCONUT:(CNP0291850);KNApSAcK:(29608);Natural Products:(UNPD213860 UNPD161227 UNPD208644 UNPD207251);PubChem:(10356893 53438735 71745005 71307306 86311065 86311066 86311067 86311068 91477258 102004534 101177299);MeSH:(86311066);PubMed	2130006
6	1	N/A	-151.60096978203953	C18H26O3	[M + H]+	OSQWPUQNCKZCOA	InChI=1S/C18H26O3/c1-5-6-7-8-13(2)9-10-15-14(3)16(19)11-12-18(15,4)17(20)21/h8-10H,5-7,11-12H2,1-4H3,(H,20,21)	Trisporic acid	CCCCC=C(C)C=CC1=C(C(=O)CCC1(C)C(=O)O)C	4.19999981	3084080;6450220;71361456;90471808	COCONUT:(CNP0105026);Natural Products:(UNPD73135);PubChem:(3084080 6450220 71361456 90471808);SuperNatural:(SN00271327)	3178498
7	1	N/A	-151.79093827167802	C18H26O3	[M + H]+	ZBDTYWHJRWZCPN	InChI=1S/C18H26O3/c1-3-4-5-6-9-12-17-18(21-17)13-10-7-8-11-16(19)14-15-20-2/h17-18H,3-6,9,12-15H2,1-2H3	4,6-Octadiyn-3-one, 8-[(2R,3S)-3-heptyloxiranyl]-1-methoxy-	CCCCCCCC1C(O1)CC#CC#CC(=O)CCOC	4.19999981	71367524	COCONUT:(CNP0305095);Natural Products:(UNPD61957);PubChem:(71367524)	2129922
8	1	N/A	-152.0868220377838	C18H26O3	[M + H]+	UGSXVNXSLQUVBI	InChI=1S/C18H26O3/c1-2-17(20)13-10-8-11-15-18(21)14-9-6-4-3-5-7-12-16-19/h2,9,14,17-21H,1,3-7,12,15-16H2	null	C=CC(C#CC#CCC(C=CCCCCCCCO)O)O	3.80326867	""	COCONUT:(CNP0189856);Natural Products:(UNPD5671)	2129920
9	1	N/A	-158.79863648971957	C18H26O3	[M + H]+	KWLVIGJGNBJKPA	InChI=1S/C18H26O3/c1-2-3-4-5-6-7-8-11-14-17(19)15-12-9-10-13-16-18(20)21/h2,17,19H,1,3-6,9-10,12-13,15-16H2,(H,20,21)	Isanolic acid	C=CCCCCC#CC#CC(CCCCCCC(=O)O)O	4.30000019	5312840	COCONUT:(CNP0115129);Natural Products:(UNPD75123);PubChem:(5312840)	2129922
10	1	N/A	-159.30947583510866	C18H26O3	[M + H]+	IZCBKNVPOLPXBI	InChI=1S/C18H26O3/c1-4-5-6-7-8-9-15-16(19)12-14(11-10-13(2)3)17(20)18(15)21/h10,12,21H,4-9,11H2,1-3H3	null	CCCCCCCC1=C(C(=O)C(=CC1=O)CC=C(C)C)O	4.77049351	""	COCONUT:(CNP0240410)	2097152
11	1	N/A	-160.2101057294431	C18H26O3	[M + H]+	WISFBGZZZDIQKY	InChI=1S/C18H26O3/c1-13(6-5-7-14(2)20)8-9-16-15(3)17(21)10-11-18(16,4)12-19/h6,8-9,19H,5,7,10-12H2,1-4H3	null	CC1=C(C(CCC1=O)(C)CO)C=CC(=CCCC(=O)C)C	2.29999995	16107302;101536856;100946241	COCONUT:(CNP0162197);Natural Products:(UNPD170513 UNPD178134);PubChem:(16107302 101536856 100946241);SuperNatural:(SN00290233 SN00322683)	3178498
12	1	N/A	-165.68139292033698	C18H26O3	[M + H]+	BQLIBSZGTNAGNT	InChI=1S/C18H26O3/c1-12-6-9-15-17(3,14(12)8-7-13(2)19)10-5-11-18(15,4)16(20)21/h7-8,14-15H,1,5-6,9-11H2,2-4H3,(H,20,21)	(1S,4aS,5S,8aR)-1,4a-dimethyl-6-methylidene-5-[(E)-3-oxobut-1-enyl]-3,4,5,7,8,8a-hexahydro-2H-naphthalene-1-carboxylic acid	CC(=O)C=CC1C(=C)CCC2C1(CCCC2(C)C(=O)O)C	3.5	10085628;90055850;91885074;91895341;117997935;123581862;129316645;132586928;137795642	COCONUT:(CNP0228487);Natural Products:(UNPD51303 UNPD163206 UNPD213203 UNPD60147 UNPD78293);PubChem:(10085628 90055850 91885074 91895341 117997935 123581862 129316645 132586928 137795642);SuperNatural:(SN00304032 SN00240409 SN00330508 SN00387512);CHEBI:(69973)	3178530
13	1	N/A	-167.14949153212987	C18H26O3	[M + H]+	HUSBFXYHJABOAS	InChI=1S/C18H26O3/c1-6-17(20)21-16-8-7-13-9-15(19)14(11(2)3)10-18(13,5)12(16)4/h9,12,14,16H,2,6-8,10H2,1,3-5H3	null	CCC(=O)OC1CCC2=CC(=O)C(CC2(C1C)C)C(=C)C	3.9000001	101849879	COCONUT:(CNP0314710);Natural Products:(UNPD73736);PubChem:(101849879);SuperNatural:(SN00401028)	3178498
14	1	N/A	-171.37039128231746	C18H26O3	[M + H]+	FJWBUWYAOLZOKU	InChI=1S/C18H26O3/c1-3-4-5-6-7-8-9-12-17(19)13-10-11-14-18(20)15-16-21-2/h9,12,17,19H,3-8,15-16H2,1-2H3	null	CCCCCCCC=CC(C#CC#CC(=O)CCOC)O	4.0999999	44575261;75048852	COCONUT:(CNP0213366);KNApSAcK:(41295);Natural Products:(UNPD72457);PubChem:(44575261 75048852);PubMed	2130002
15	1	N/A	-172.05197088891504	C18H26O3	[M + H]+	PDNGUFGDDNNXDJ	InChI=1S/C18H26O3/c1-2-3-7-11-16-15(13-14-17(16)19)10-8-5-4-6-9-12-18(20)21/h3,7,11,13-15H,2,4-6,8-10,12H2,1H3,(H,20,21)	null	CCC=CC=C1C(C=CC1=O)CCCCCCCC(=O)O	4.80000019	12094984;76325288;76328844;101229750	COCONUT:(CNP0215102);KNApSAcK:(37032);Natural Products:(UNPD158482 UNPD213543 UNPD136611 UNPD109582 UNPD211401);PubChem:(12094984 76325288 76328844 101229750);SuperNatural:(SN00355724 SN00242682 SN00256911);PubMed;KEGG Mine	8593113170
16	1	N/A	-172.5193793824737	C18H26O3	[M + H]+	GWGZWWJGPJAMCO	InChI=1S/C18H26O3/c1-5-18(4)10-15-12(2)7-6-8-14(11-21-13(3)19)17(20)9-16(15)18/h8,15-16H,2,5-7,9-11H2,1,3-4H3	null	CCC1(CC2C1CC(=O)C(=CCCC2=C)COC(=O)C)C	3.62525892	""	COCONUT:(CNP0074939)	2097152
17	1	N/A	-172.79192503691584	C18H26O3	[M + H]+	XLDNBXDVNANPCY	InChI=1S/C18H26O3/c1-2-3-4-5-6-7-8-9-10-11-13-16-17(21-16)14-12-15-18(19)20/h16-17H,2-8,12,14-15H2,1H3,(H,19,20)	3-(1,3 dodecadiynyl)-6-oxiranebutanoic acid	CCCCCCCCC#CC#CC1C(O1)CCCC(=O)O	4.9000001	14309407	COCONUT:(CNP0145579);Natural Products:(UNPD30825);PubChem:(14309407);PubChem class - bio and metabolites	18907138
18	1	N/A	-173.95394400836844	C18H26O3	[M + H]+	MKFHJJAOYAVQNC	InChI=1S/C18H26O3/c1-2-3-4-5-6-7-8-11-14-17(19)15-12-9-10-13-16-18(20)21/h2,17,19H,1,3-5,9-10,12-16H2,(H,20,21)	8-hydroxyoctadec-17-en-10,12-diynoic acid	C=CCCCC#CC#CCC(CCCCCCC(=O)O)O	4.30000019	5312841	COCONUT:(CNP0268755);Natural Products:(UNPD113978);PubChem:(5312841)	2129922
19	1	N/A	-174.73254754886383	C18H26O3	[M + H]+	BFYLXOBBDBQUMB	InChI=1S/C18H26O3/c1-2-3-4-5-6-7-8-11-14-17(19)15-12-9-10-13-16-18(20)21/h5-6,17,19H,2-4,9-10,12-13,15-16H2,1H3,(H,20,21)	8-hydroxy-13Z-octadecene-9,11-diynoic acid	CCCCC=CC#CC#CC(CCCCCCC(=O)O)O	4.4000001	5312839;131839741	PubChem:(5312839 131839741);CHEBI:(73751)	34
20	1	N/A	-175.21613064224866	C18H26O3	[M + H]+	GGRDDTWLVPZMAU	InChI=1S/C18H26O3/c1-12-8-9-14-11-18(3,21)10-13(2)17(14)15(12)6-4-5-7-16(19)20/h4-9,12-15,17,21H,10-11H2,1-3H3,(H,19,20)	(2E,4E)-5-[(1S,2S,4aR,6R,8R,8aS)-6-hydroxy-2,6,8-trimethyl-2,4a,5,7,8,8a-hexahydro-1H-naphthalen-1-yl]penta-2,4-dienoic acid	CC1CC(CC2C1C(C(C=C2)C)C=CC=CC(=O)O)(C)O	3.29999995	21576171;139583694	COCONUT:(CNP0149383);KNApSAcK:(37885);Natural Products:(UNPD184902 UNPD185665);PubChem:(21576171 139583694);SuperNatural:(SN00235702 SN00275375);PubMed	3178578
21	1	N/A	-179.71897690034746	C18H26O3	[M + H]+	FLDFUMKDDULMFL	InChI=1S/C18H26O3/c1-4-6-7-8-12-15-18(21-3)17(20)14-11-9-10-13-16(19)5-2/h5,17-18,20H,2,4,6-8,12,14-15H2,1,3H3	(9S,10S)-9-hydroxy-10-methoxyheptadec-1-en-4,6-diyn-3-one	CCCCCCCC(C(CC#CC#CC(=O)C=C)O)OC	4.5	16655140;16655583	COCONUT:(CNP0258019);Natural Products:(UNPD47098);PubChem:(16655140 16655583)	2129922
22	1	N/A	-183.6863147670418	C18H26O3	[M + H]+	KHNWYKYFEPSZJF	InChI=1S/C18H26O3/c1-9(2)15-17-14(21-12(5)19)7-10(3)16-13(20-6)8-11(4)18(15,16)17/h8,10,13-17H,1,7H2,2-6H3	null	CC1CC(C2C(C23C1C(C=C3C)OC)C(=C)C)OC(=O)C	3.20000005	102134183;122401882	MeSH:(102134183);PubChem:(102134183 122401882);PubMed	70
23	1	N/A	-185.45071836483237	C18H26O3	[M + H]+	RCGPWAAGVCTLSI	InChI=1S/C18H26O3/c1-17(2)15-7-5-12-8-11(10-19)4-6-13(12)18(15,3)9-14(20)16(17)21/h5,8,10,13-16,20-21H,4,6-7,9H2,1-3H3	null	CC1(C2CC=C3C=C(CCC3C2(CC(C1O)O)C)C=O)C	2.73985672	""	COCONUT:(CNP0176174);Natural Products:(UNPD217757)	2129920
24	1	N/A	-189.89149320792922	C18H26O3	[M + H]+	FWVXVXHMEPTOAS	InChI=1S/C18H26O3/c1-13(2)11-17-12-16(18(20)21-17)10-6-8-14(3)7-5-9-15(4)19/h7,10-11,17H,5-6,8-9,12H2,1-4H3	null	CC(=CC1CC(=CCCC(=CCCC(=O)C)C)C(=O)O1)C	3.9000001	10446954	COCONUT:(CNP0329174);Natural Products:(UNPD93170);PubChem:(10446954);SuperNatural:(SN00345911)	3178498
25	1	N/A	-190.96960164798386	C18H26O3	[M + H]+	XMRIILJKLXWFGU	InChI=1S/C18H26O3/c1-12-10-13(2)17-14(11-12)8-9-18(3,21)15(17)6-4-5-7-16(19)20/h4-9,12-15,17,21H,10-11H2,1-3H3,(H,19,20)	null	CC1CC(C2C(C1)C=CC(C2C=CC=CC(=O)O)(C)O)C	3.70000005	101341371	COCONUT:(CNP0179903);Natural Products:(UNPD219811);PubChem:(101341371)	2129922
26	1	N/A	-192.8342305651684	C18H26O3	[M + H]+	GCZILQDAFLBKKH	InChI=1S/C18H26O3/c1-4-17(13-5-9-15(20-2)10-6-13)18(19)14-7-11-16(21-3)12-8-14/h7-8,11-13,15,17H,4-6,9-10H2,1-3H3	2-(4-methoxycyclohexyl)-1-(4-methoxyphenyl)butan-1-one	CCC(C1CCC(CC1)OC)C(=O)C2=CC=C(C=C2)OC	3.79999995	2749617;7000081;6993745	COCONUT:(CNP0066487);PubChem:(2749617 7000081 6993745);SuperNatural:(SN00136493 SN00136494);ZINC bio:(ZINC68563635 ZINC68563639)	3153922
27	1	N/A	-192.86662604366884	C18H26O3	[M + H]+	JDLUQDYTLSPFGS	InChI=1S/C18H26O3/c1-4-12-13-9-10-18(3)15(14(13)5-7-16(12)20)6-8-17(18)21-11(2)19/h14-15,17H,4-10H2,1-3H3	Inocoterone acetate (USAN)	CCC1=C2CCC3(C(C2CCC1=O)CCC3OC(=O)C)C	2.79999995	55055;6917958;13084379;57126189	MeSH:(6917958);PubChem:(55055 6917958 13084379 57126189);PubMed	70
28	1	N/A	-193.41519541054146	C18H26O3	[M + H]+	VNXMOWMLDLTMSQ	InChI=1S/C18H26O3/c1-12-10-13(2)17-15(11-12)8-7-14(3)18(17,21)9-5-4-6-16(19)20/h4-9,12-15,17,21H,10-11H2,1-3H3,(H,19,20)	null	CC1CC(C2C(C1)C=CC(C2(C=CC=CC(=O)O)O)C)C	3.79999995	10334417;102331594;137325783	PubChem:(10334417 102331594 137325783);COCONUT:(CNP0353700)	2097154
29	1	N/A	-195.5033167012779	C18H26O3	[M + H]+	UZIWOAWPSFESGV	InChI=1S/C18H26O3/c1-10-5-7-12-11(15(10)20)6-8-14-17(2,3)16(21)13(19)9-18(12,14)4/h5-6,12-14,16,19,21H,7-9H2,1-4H3	null	CC1=CCC2C(=CCC3C2(CC(C(C3(C)C)O)O)C)C1=O	2.81141949	""	COCONUT:(CNP0125139);Natural Products:(UNPD215675)	2129920
30	1	N/A	-204.36501609340837	C18H26O3	[M + H]+	NXIASLUNMKAUTN	InChI=1S/C18H26O3/c1-12-6-7-13-4-2-3-5-17(13)16(12)9-8-15-10-14(19)11-18(20)21-15/h4,6-7,12,14-17,19H,2-3,5,8-11H2,1H3	4-hydroxy-6-[2-(2-methyl-1,2,6,7,8,8a-hexahydronaphthalen-1-yl)ethyl]oxan-2-one	CC1C=CC2=CCCCC2C1CCC3CC(CC(=O)O3)O	3.71203136	173650;12900517;70998924;118701120	COCONUT:(CNP0249150);KNApSAcK:(18117);Natural Products:(UNPD165509 UNPD28902);PubChem:(173650 12900517 70998924 118701120);SuperNatural:(SN00003673 SN00298199);CHEBI:(34828);ZINC bio:(ZINC03833887);MeSH:(173650 118701120);KEGG:(C14043);PubChem class - safety and toxic;PubMed	70295926
31	1	N/A	-204.57507787238887	C18H26O3	[M + H]+	HPYAKDUQYJHSJJ	InChI=1S/C18H26O3/c1-13(2)7-5-10-16-12-17(21-18(16)20)11-14(3)8-6-9-15(4)19/h7-8,12,17H,5-6,9-11H2,1-4H3	Tuberatolide A	CC(=CCCC1=CC(OC1=O)CC(=CCCC(=O)C)C)C	4.0	50993673	COCONUT:(CNP0248212);Natural Products:(UNPD20862);PubChem:(50993673);CHEBI:(70185);MeSH:(50993673);PubMed	2130022
32	1	N/A	-205.29419787307992	C18H26O3	[M + H]+	XHUGGGNADRQBIR	InChI=1S/C18H26O3/c1-12(19)13-4-7-18-9-8-16(2,11-18)6-5-14(18)17(13,3)10-15(20)21/h8-9,13-14H,4-7,10-11H2,1-3H3,(H,20,21)	null	CC(=O)C1CCC23CC(CCC2C1(C)CC(=O)O)(C=C3)C	3.70000005	16069529;102272576	COCONUT:(CNP0306809);Natural Products:(UNPD64110);PubChem:(16069529 102272576);SuperNatural:(SN00357088)	3178498
33	1	N/A	-205.40970142798446	C18H26O3	[M + H]+	WYEMPJYYXLCUIW	InChI=1S/C18H26O3/c1-4-6-7-11-16(5-2)21-18(19)14-13-15-10-8-9-12-17(15)20-3/h8-10,12-14,16H,4-7,11H2,1-3H3	null	CCCCCC(CC)OC(=O)C=CC1=CC=CC=C1OC	5.34205055	66589584;77149462	PubChem:(66589584 77149462);NORMAN:(NS00010310)	262146
34	1	N/A	-208.3042791650258	C18H26O3	[M + H]+	RMLBKOQRHHEZRT	InChI=1S/C18H26O3/c1-12-7-8-15-10-14(11-19)9-13(2)18(15)16(12)5-3-4-6-17(20)21/h3-8,12-16,18-19H,9-11H2,1-2H3,(H,20,21)	null	CC1CC(CC2C1C(C(C=C2)C)C=CC=CC(=O)O)CO	3.29999995	122363883	PubChem:(122363883);COCONUT:(CNP0353957)	2097154
35	1	N/A	-208.7580084892406	C18H26O3	[M + H]+	DCCOHKNJQHHEHV	InChI=1S/C18H26O3/c1-3-5-14-6-8-15(9-7-14)18(19)21-17-12-10-16(11-13-17)20-4-2/h10-15H,3-9H2,1-2H3	4-Ethoxyphenyl 4-propylcyclohexanecarboxylate	CCCC1CCC(CC1)C(=O)OC2=CC=C(C=C2)OCC	5.4000001	106716	NORMAN:(NS00055722);PubChem class - safety and toxic;PubChem:(106716)	67371010
36	1	N/A	-209.74040928138845	C18H26O3	[M + H]+	GOCNYSCJLWRRBG	InChI=1S/C18H26O3/c1-11-4-7-16-15(17(11)20)6-5-13-10-14(21-12(2)19)8-9-18(13,16)3/h5,11,14-16H,4,6-10H2,1-3H3	Oprea1_203616	CC1CCC2C(C1=O)CC=C3C2(CCC(C3)OC(=O)C)C	3.20000005	933519;3435000;7078042;7078043;7078044;12021129;16396886;23796244;98367729;98367730;124711139;124711140;124711141	COCONUT:(CNP0367144);PubChem:(933519 3435000 7078042 7078043 7078044 12021129 16396886 23796244 98367729 98367730 124711139 124711140 124711141);SuperNatural:(SN00068496 SN00047855 SN00068497 SN00068498);ZINC bio:(ZINC00526432 ZINC04028252 ZINC04028253 ZINC04028254)	3153922
37	1	N/A	-210.52552526404398	C18H26O3	[M + H]+	ZTEFEBRJCHCJNM	InChI=1S/C18H26O3/c1-13(2)5-4-6-14(3)9-10-18-11-15(19)7-8-16(18)21-17(20)12-18/h5,9,16H,4,6-8,10-12H2,1-3H3	null	CC(=CCCC(=CCC12CC(=O)CCC1OC(=O)C2)C)C	3.5999999	138990032	PubChem:(138990032);COCONUT:(CNP0086578)	2097154
38	1	N/A	-210.96978721999153	C18H26O3	[M + H]+	ZSISCNCQVRABBK	InChI=1S/C18H26O3/c1-17-9-4-10-18(2,16(20)21-3)15(17)8-5-12-11-13(19)6-7-14(12)17/h11,14-15H,4-10H2,1-3H3	methyl (1S,4aR,10aR)-1,4a-dimethyl-7-oxo-3,4,4b,5,6,9,10,10a-octahydro-2H-phenanthrene-1-carboxylate	CC12CCCC(C1CCC3=CC(=O)CCC23)(C)C(=O)OC	3.20000005	11033606;11687882;11822400	COCONUT:(CNP0130073);Natural Products:(UNPD61135 UNPD207292);PubChem:(11033606 11687882 11822400);SuperNatural:(SN00281987)	3178498
39	1	N/A	-213.38260571872746	C18H26O3	[M + H]+	GOHJOBOSPPHNQS	InChI=1S/C18H26O3/c1-17-6-5-15-14(16(17)9-13(20)10-17)3-2-11-8-12(19)4-7-18(11,15)21/h8,13-16,20-21H,2-7,9-10H2,1H3	10,16-dihydroxy-13-methyl-1,2,6,7,8,9,11,12,14,15,16,17-dodecahydrocyclopenta[a]phenanthren-3-one	CC12CCC3C(C1CC(C2)O)CCC4=CC(=O)CCC34O	1.70000005	4572938;124919444;124919445;124919446;124919447	COCONUT:(CNP0297038);Natural Products:(UNPD52659);PubChem:(4572938 124919444 124919445 124919446 124919447);SuperNatural:(SN00384315)	3178498
40	1	N/A	-214.67659631120617	C18H26O3	[M + H]+	NBXXCGNHVWDCHB	InChI=1S/C18H26O3/c1-4-5-6-7-8-9-16(19)12-10-15-11-13-17(20-2)18(14-15)21-3/h8-9,11,13-14H,4-7,10,12H2,1-3H3	null	CCCCCC=CC(=O)CCC1=CC(=C(C=C1)OC)OC	4.97395277	91721066	COCONUT:(CNP0090392);KNApSAcK:(35688);PubChem:(91721066);SuperNatural:(SN00161431);PubMed;KEGG Mine	8593080402
41	1	N/A	-221.26579763906088	C18H26O3	[M + H]+	CSAGVVBUHTWIPE	InChI=1S/C18H26O3/c1-11-4-7-14-13(10-11)6-8-15-16(9-5-12(2)19)21-17(20)18(14,15)3/h5-6,8-9,11-16,19H,4,7,10H2,1-3H3	null	CC1CCC2C(C1)C=CC3C2(C(=O)OC3C=CC(C)O)C	3.5	132837691	PubChem:(132837691);COCONUT:(CNP0258508)	2097154
42	1	N/A	-222.89835923695114	C18H26O3	[M + H]+	JLVLVOITZSLHPU	InChI=1S/C18H26O3/c1-13-7-6-10-18(4,5)17(13)9-8-16(12-19)11-14(2)21-15(3)20/h8,11-12,17H,1,6-7,9-10H2,2-5H3	null	CC(=CC(=CCC1C(=C)CCCC1(C)C)C=O)OC(=O)C	4.41930962	""	COCONUT:(CNP0379810);Natural Products:(UNPD116565);SuperNatural:(SN00286916)	3178496
43	1	N/A	-223.14923624278882	C18H26O3	[M + H]+	MAJLUSFFALGPAB	InChI=1S/C18H26O3/c1-5-9-20-15-10-12(2)7-6-8-13(3)11-16-17(15)14(4)18(19)21-16/h7,11,15-17H,4-6,8-10H2,1-3H3	null	CCCOC1CC(=CCCC(=CC2C1C(=C)C(=O)O2)C)C	4.13088942	""	COCONUT:(CNP0415739);Natural Products:(UNPD178982);SuperNatural:(SN00279149)	3178496
44	1	N/A	-223.19810825452328	C18H26O3	[M + H]+	DNTJDROCIFPJFX	InChI=1S/C18H26O3/c1-4-6-9-15(5-2)14-21-18(19)13-12-16-10-7-8-11-17(16)20-3/h7-8,10-13,15H,4-6,9,14H2,1-3H3	2-Propenoic acid, 3-(methoxyphenyl)-, 2-ethylhexyl ester	CCCCC(CC)COC(=O)C=CC1=CC=CC=C1OC	5.11917019	22278547;69733950	MeSH:(69733950);PubChem:(22278547 69733950);PubMed	70
45	1	N/A	-226.46932847844218	C18H26O3	[M + H]+	WKUOPXRILVFWOA	InChI=1S/C18H26O3/c1-16-6-10-4-11-2-3-12-5-13(17(21,7-10)8-16)18(12,9-19)15(20)14(11)16/h4,10,12-15,19-21H,2-3,5-9H2,1H3	null	CC12CC3CC(C1)(C4CC5C4(C(C2C(=C3)CC5)O)CO)O	1.87218201	""	COCONUT:(CNP0093570)	2097152
46	1	N/A	-229.09984118453184	C18H26O3	[M + H]+	IKNWKYVCOWHPTC	InChI=1S/C18H26O3/c1-6-20-18-11-16(4)9-7-8-12(2)17(16,5)10-14(18)13(3)15(19)21-18/h2,6-11H2,1,3-5H3	(8aR,9aS)-9a-ethoxy-3,4a,8a-trimethyl-5-methylidene-6,7,8,9-tetrahydro-4H-benzo[f][1]benzofuran-2-one	CCOC12CC3(CCCC(=C)C3(CC1=C(C(=O)O2)C)C)C	3.5	5317226	COCONUT:(CNP0393713);Natural Products:(UNPD45448);PubChem:(5317226);SuperNatural:(SN00160208)	3178498
47	1	N/A	-231.80478479553273	C18H26O3	[M + H]+	GXHBCWCMYVTJOW	InChI=1S/C18H26O3/c1-18-9-8-11-10-4-6-15(19)17(21)13(10)3-2-12(11)14(18)5-7-16(18)20/h10-12,14,16,20-21H,2-9H2,1H3	Oxabolone	CC12CCC3C(C1CCC2O)CCC4=C(C(=O)CCC34)O	3.17960167	107580;14299614;20055236;37737190;71749213;124225358;124225359;124397644;126968726;131706265;139025688	NORMAN:(NS00044274);COCONUT:(CNP0021661);PubChem:(107580 14299614 20055236 37737190 71749213 124225358 124225359 124397644 126968726 131706265 139025688);CHEBI:(135210);KEGG Mine	8592293922
48	1	N/A	-231.89807310159142	C18H26O3	[M + H]+	QWCWKLVBVVZSKI	InChI=1S/C18H26O3/c1-4-15(2)7-5-6-14-21-18(19)13-10-16-8-11-17(20-3)12-9-16/h8-13,15H,4-7,14H2,1-3H3	5-methylheptyl (E)-3-(4-methoxyphenyl)prop-2-enoate	CCC(C)CCCCOC(=O)C=CC1=CC=C(C=C1)OC	5.30000019	6364661	PubChem:(6364661);NORMAN:(NS00004841)	262146
49	1	N/A	-233.4642590705361	C18H26O3	[M + H]+	YBGZDTIWKVFICR	InChI=1S/C18H26O3/c1-4-6-7-15(5-2)14-21-18(19)13-10-16-8-11-17(20-3)12-9-16/h8-13,15H,4-7,14H2,1-3H3	Escalol	CCCCC(CC)COC(=O)C=CC1=CC=C(C=C1)OC	5.30000019	21630;5355130;6993341;11044481;51572591;51572592;58288658;123805642;139024664	HMDB:(61861);ZINC bio:(ZINC01633887 ZINC01633889);additional;HSDB:(5466-77-3);MeSH:(21630 5355130);PubMed;NORMAN:(NS00013675);COCONUT:(CNP0084812);PubChem:(21630 5355130 6993341 11044481 51572591 51572592 58288658 123805642 139024664);CHEBI:(88667 134750);PubChem class - bio and metabolites;PubChem class - safety and toxic;PubChem class - drug	120332910
50	1	N/A	-234.871075423082	C18H26O3	[M + H]+	OCXSQRQMLDBSSJ	InChI=1S/C18H26O3/c1-15(2)8-7-9-16(3)12-13-20-18(19)14-21-17-10-5-4-6-11-17/h4-6,8,10-11,16H,7,9,12-14H2,1-3H3	3,7-Dimethyl-6-octenyl phenoxyacetate	CC(CCC=C(C)C)CCOC(=O)COC1=CC=CC=C1	5.5	16205800	PubChem:(16205800);NORMAN:(NS00064493)	262146
51	1	N/A	-235.3088579530501	C18H26O3	[M + H]+	ZWBXHPOXWIJOJR	InChI=1S/C18H26O3/c1-6-8-15-11-14(3)16(12-13(15)2)21-10-7-9-18(4,5)17(19)20/h6,8,11-12H,7,9-10H2,1-5H3,(H,19,20)	Pentanoic acid, 5-[2,5-dimethyl-4-(1-propenyl)phenoxy]-2,2-dimethyl-	CC=CC1=C(C=C(C(=C1)C)OCCCC(C)(C)C(=O)O)C	4.80000019	10214830;59043336	PubChem:(10214830 59043336);PubChem class - safety and toxic	67108866
52	1	N/A	-238.51096487145864	C18H26O3	[M + H]+	DEWZWTIIAAZTAH	InChI=1S/C18H26O3/c1-3-5-6-7-10-17(19)13-12-16-9-8-11-18(14-16)21-15-20-4-2/h8-9,11-14H,3-7,10,15H2,1-2H3	1-Nonen-3-one, (E)-	CCCCCCC(=O)C=CC1=CC(=CC=C1)OCOCC	4.80000019	155728;5477021;92528596	MeSH:(5477021);PubChem:(155728 5477021 92528596);PubMed	70
53	1	N/A	-241.20909537449154	C18H26O3	[M + H]+	OSDDZJRPFMRKQQ	InChI=1S/C18H26O3/c1-12-10-18(21)8-5-14-16(2,3)6-4-7-17(14,11-19)15(18)9-13(12)20/h9-10,14,19,21H,4-8,11H2,1-3H3	null	CC1=CC2(CCC3C(CCCC3(C2=CC1=O)CO)(C)C)O	2.29999995	71466756	COCONUT:(CNP0146937);Natural Products:(UNPD225208);PubChem:(71466756)	2129922
54	1	N/A	-242.96425279341508	C18H26O3	[M + H]+	IUFQMYKCXZPNCD	InChI=1S/C18H26O3/c1-2-3-4-10-13-16(19)17-14-11-8-6-5-7-9-12-15-18(20)21-17/h3-6,11,14,17H,2,7-10,12-13,15H2,1H3	(7Z,10Z)-12-[(Z)-hept-4-enoyl]-1-oxacyclododeca-7,10-dien-2-one	CCC=CCCC(=O)C1C=CCC=CCCCCC(=O)O1	4.4000001	11243249	COCONUT:(CNP0260307);Natural Products:(UNPD158341);PubChem:(11243249);SuperNatural:(SN00304286)	3178498
55	1	N/A	-244.4402316428076	C18H26O3	[M + H]+	GOIQBXWNOBRCGA	InChI=1S/C18H26O3/c1-2-10-14-13-16-18(21-16)15(14)11-8-6-4-3-5-7-9-12-17(19)20/h2-4,8,10-11,14-16,18H,5-7,9,12-13H2,1H3,(H,19,20)	null	CC=CC1CC2C(C1C=CCC=CCCCCC(=O)O)O2	3.9006691	""	COCONUT:(CNP0317389);Natural Products:(UNPD77340);SuperNatural:(SN00338878)	3178496
56	1	N/A	-248.41110153869442	C18H26O3	[M + H]+	UQBJIKWYBDZGLN	InChI=1S/C18H26O3/c1-6-14(20)21-15-16(3,4)12-8-7-11(2)18(12)10-9-13(19)17(15,18)5/h9-12,15H,6-8H2,1-5H3	null	CCC(=O)OC1C(C2CCC(C23C1(C(=O)C=C3)C)C)(C)C	3.55361986	""	COCONUT:(CNP0261266);Natural Products:(UNPD143211);SuperNatural:(SN00229753)	3178496
57	1	N/A	-248.72928044379884	C18H26O3	[M + H]+	XGQCVHNPQMRYDI	InChI=1S/C18H26O3/c1-10(2)12-4-5-13-8-15(11(3)6-14(13)7-12)17-9-16(19)18(20)21-17/h8,10,12-14,16-17,19H,3-7,9H2,1-2H3	null	CC(C)C1CCC2C=C(C(=C)CC2C1)C3CC(C(=O)O3)O	3.5999999	57333433;76514054;101558907;134552088;139587632	COCONUT:(CNP0238479);MeSH:(101558907);PubChem:(57333433 76514054 101558907 134552088 139587632);PubMed	2097222
58	1	N/A	-250.39499989053007	C18H26O3	[M + H]+	SLWSAUGGNLVOHT	InChI=1S/C18H26O3/c1-17-8-7-12(19)9-11(17)3-4-13-14-5-6-15(20)18(14,2)10-21-16(13)17/h9,13-16,20H,3-8,10H2,1-2H3	11-Oxatestosterone	CC12CCC(=O)C=C1CCC3C2OCC4(C3CCC4O)C	1.89999998	195107;71317609	MeSH:(195107);PubChem:(195107 71317609);PubMed	70
59	1	N/A	-250.69083957871092	C18H26O3	[M + H]+	GHBAGMWSYWCUGX	InChI=1S/C18H26O3/c1-3-4-5-6-7-8-9-16(19)12-10-15-11-13-17(20)18(14-15)21-2/h8-9,11,13-14,20H,3-7,10,12H2,1-2H3	null	CCCCCCC=CC(=O)CCC1=CC(=C(C=C1)O)OC	5.01343727	44459413	COCONUT:(CNP0140446);Natural Products:(UNPD207688);PubChem:(44459413);SuperNatural:(SN00161126);PubMed	3178562
60	1	N/A	-259.4184399791645	C18H26O3	[M + H]+	PMKICGRXBBLLPW	InChI=1S/C18H26O3/c1-4-5-6-7-8-9-10-11-12-13-14-16-17(20-3)15(2)21-18(16)19/h1,14,17H,2,5-13H2,3H3	null	COC1C(=C)OC(=O)C1=CCCCCCCCCCC#C	5.0999999	101668762;129834704	COCONUT:(CNP0230799);Natural Products:(UNPD13253);PubChem:(101668762 129834704)	2129922
61	1	N/A	-259.46680235668686	C18H26O3	[M + H]+	CCIIGJMLEDCZPA	InChI=1S/C18H26O3/c1-4-18(3)12-15(9-10-21-18)16(11-17(19)20)14-7-5-13(2)6-8-14/h5-8,15-16H,4,9-12H2,1-3H3,(H,19,20)	Oprea1_009215	CCC1(CC(CCO1)C(CC(=O)O)C2=CC=C(C=C2)C)C	3.5999999	838995;1362016;2880282;7077533;7077534;7077535;7077536;7077537;7077538;7077539;6544159;98177603;98177605	COCONUT:(CNP0052020 CNP0305696);PubChem:(838995 1362016 2880282 7077533 7077534 7077535 7077536 7077537 7077538 7077539 6544159 98177603 98177605);SuperNatural:(SN00068190 SN00068189 SN00068187 SN00068188);PubMed;ZINC bio:(ZINC04027645 ZINC04027646 ZINC04027647 ZINC04027648)	3153986
62	1	N/A	-260.4325728134902	C18H26O3	[M + H]+	WSWNVGRIJGDNCP	InChI=1S/C18H26O3/c1-4-5-15(19)16-14-9-7-12-10-11(2)6-8-13(12)18(14,3)17(20)21-16/h4-5,7,9,11-16,19H,6,8,10H2,1-3H3	null	CC=CC(C1C2C=CC3CC(CCC3C2(C(=O)O1)C)C)O	3.70000005	132837692	PubChem:(132837692);COCONUT:(CNP0149190)	2097154
63	1	N/A	-263.0578578130406	C18H26O3	[M + H]+	QIXGHNLALDUHDP	InChI=1S/C18H26O3/c1-5-18(4,13-11-16(20)17(2,3)21)12-10-14-6-8-15(19)9-7-14/h5-10,12,16,19-21H,1,11,13H2,2-4H3	12,13-diolbakuchiol	CC(C)(C(CCC(C)(C=C)C=CC1=CC=C(C=C1)O)O)O	3.5999999	24882418;36222828	COCONUT:(CNP0319071);Natural Products:(UNPD79607);PubChem:(24882418 36222828);SuperNatural:(SN00029478 SN00029479 SN00027386 SN00027387);ZINC bio:(ZINC29052044 ZINC29052048 ZINC31163772 ZINC31163776);PubMed	3186754
64	1	N/A	-263.2222575751896	C18H26O3	[M + H]+	DWGYTDXXILDVRL	InChI=1S/C18H26O3/c1-3-4-5-6-7-8-18(21-15(2)19)14-11-16-9-12-17(20)13-10-16/h7-10,12-13,18,20H,3-6,11,14H2,1-2H3	null	CCCCCC=CC(CCC1=CC=C(C=C1)O)OC(=O)C	4.95616341	""	COCONUT:(CNP0235582);SuperNatural:(SN00161939)	3145728
65	1	N/A	-264.92654445543855	C18H26O3	[M + H]+	FIICQHIPIFWHRY	InChI=1S/C18H26O3/c1-2-15-14-9-12(14)13-10-16-18(21-16)11(13)7-5-3-4-6-8-17(19)20-15/h5,7,11-16,18H,2-4,6,8-10H2,1H3	null	CCC1C2CC2C3CC4C(C3C=CCCCCC(=O)O1)O4	3.5999999	57345593;56951426	MeSH:(56951426);PubChem:(57345593 56951426);PubMed	70
66	1	N/A	-267.5963111911023	C18H26O3	[M + H]+	GZNRNQVZDUCYFB	InChI=1S/C18H26O3/c1-2-15-14-12-16-18(21-16)13(14)10-8-6-4-3-5-7-9-11-17(19)20-15/h3-4,8,10,13-16,18H,2,5-7,9,11-12H2,1H3	Ecklonialactone A	CCC1C2CC3C(C2C=CCC=CCCCCC(=O)O1)O3	4.0999999	6444160;23428255;124079533;135061631	COCONUT:(CNP0152799);KNApSAcK:(410);Natural Products:(UNPD90763);PubChem:(6444160 23428255 124079533 135061631);SuperNatural:(SN00367996);additional;MeSH:(6444160 23428255);PubMed	3702870
67	1	N/A	-271.44741195215653	C18H26O3	[M + H]+	LVCOGODTZXUSJZ	InChI=1S/C18H26O3/c1-2-3-4-5-6-7-8-9-10-11-12-13-15-18(20)16-14-17(19)21-18/h6-7,9-10,12-14,16,20H,2-5,8,11,15H2,1H3	(5S)-5-hydroxy-5-[(2Z,5Z,8Z)-tetradeca-2,5,8-trienyl]furan-2-one	CCCCCC=CCC=CCC=CCC1(C=CC(=O)O1)O	4.80000019	11289282	COCONUT:(CNP0260918);PubChem:(11289282);PubMed	2097218
68	1	N/A	-274.74687856031807	C18H26O3	[M + H]+	SBWNIDJZZHJWOD	InChI=1S/C18H26O3/c1-2-3-4-5-6-7-8-9-10-15-21-18(20)16-11-13-17(19)14-12-16/h2,11-14,19H,1,3-10,15H2	10-Undecenyl 4-hydroxybenzoate	C=CCCCCCCCCCOC(=O)C1=CC=C(C=C1)O	5.46756268	113454	PubChem:(113454);NORMAN:(NS00066523)	262146
69	1	N/A	-279.03297862032946	C18H26O3	[M + H]+	ZTTFZCHMGMANPD	InChI=1S/C18H26O3/c1-14(2)9-11-20-17-7-5-16(6-8-17)10-12-21-18(19)13-15(3)4/h5-9,15H,10-13H2,1-4H3	null	CC(C)CC(=O)OCCC1=CC=C(C=C1)OCC=C(C)C	4.80000019	71623862	COCONUT:(CNP0121768);Natural Products:(UNPD221155);PubChem:(71623862)	2129922
70	1	N/A	-284.706916662037	C18H26O3	[M + H]+	XGIOAOVXVGMJNM	InChI=1S/C18H26O3/c1-10(2)18-15-7-12(4)16(20-6)9-14(15)11(3)8-17(18)21-13(5)19/h7,9-11,17-18H,8H2,1-6H3	null	CC1CC(C(C2=C1C=C(C(=C2)C)OC)C(C)C)OC(=O)C	4.30000019	23425661	COCONUT:(CNP0137409);KNApSAcK:(20176);Natural Products:(UNPD14101);PubChem:(23425661);SuperNatural:(SN00295152)	3178514
71	1	N/A	-285.19463323975566	C18H26O3	[M + H]+	HRQSFRCAQXGIMJ	InChI=1S/C18H26O3/c1-5-8-21-17-9-11(2)15-7-6-14(12(3)18(19)20)10-16(15)13(17)4/h9,12,14H,5-8,10H2,1-4H3,(H,19,20)	2-(5,8-dimethyl-7-propoxy-1,2,3,4-tetrahydronaphthalen-2-yl)propanoic Acid	CCCOC1=C(C2=C(CCC(C2)C(C)C(=O)O)C(=C1)C)C	4.69999981	4987239;7135378;7135379;25227512	COCONUT:(CNP0011685 CNP0138749);PubChem:(4987239 7135378 7135379 25227512);SuperNatural:(SN00007897);ZINC bio:(ZINC04222620)	3153922
72	1	N/A	-286.09686964193406	C18H26O3	[M + H]+	QSWIYENAXAFSAX	InChI=1S/C18H26O3/c1-2-15-14-12-16-18(21-15)13(14)10-8-6-4-3-5-7-9-11-17(19)20-16/h3-4,8,10,13-16,18H,2,5-7,9,11-12H2,1H3	null	CCC1C2CC3C(C2C=CCC=CCCCCC(=O)O3)O1	4.0999999	11449162;21589492;21777202;101135437;101262539	COCONUT:(CNP0103372);Natural Products:(UNPD4953);PubChem:(11449162 21589492 21777202 101135437 101262539);SuperNatural:(SN00320746)	3178498
73	1	N/A	-286.84936963475235	C18H26O3	[M + H]+	YYOJHKOPWADILT	InChI=1S/C18H26O3/c1-18(2)13-15(10-12-21-18)16(9-6-11-19)17(20)14-7-4-3-5-8-14/h3-5,7-8,15-16,19H,6,9-13H2,1-2H3	2-(2,2-dimethyloxan-4-yl)-5-hydroxy-1-phenylpentan-1-one	CC1(CC(CCO1)C(CCCO)C(=O)C2=CC=CC=C2)C	2.79999995	1760937;1760938;1760939;1760940;3400223	COCONUT:(CNP0362527);PubChem:(1760937 1760938 1760939 1760940 3400223);SuperNatural:(SN00055502 SN00055504 SN00055503 SN00055501);ZINC bio:(ZINC02105925 ZINC02105926 ZINC02105927 ZINC02105928)	3153922
74	1	N/A	-292.33929697477436	C18H26O3	[M + H]+	SDJMNNDDHQWWJH	InChI=1S/C18H26O3/c1-16-6-5-14(20)8-12(16)4-7-17-9-13(2-3-15(16)17)18(21,10-17)11-19/h5-6,12-13,15,19,21H,2-4,7-11H2,1H3	null	CC12C=CC(=O)CC1CCC34C2CCC(C3)C(C4)(CO)O	2.29999995	17757570;102277707	COCONUT:(CNP0119481);Natural Products:(UNPD156746);PubChem:(17757570 102277707);SuperNatural:(SN00236307)	3178498
75	1	N/A	-303.8630095811608	C18H26O3	[M + H]+	FGAHXHUUZJEQAK	InChI=1S/C18H26O3/c1-10(2)14-8-7-11(3)16-15(20-6)9-12(4)18(17(14)16)21-13(5)19/h9-11,14H,7-8H2,1-6H3	null	CC1CCC(C2=C(C(=CC(=C12)OC)C)OC(=O)C)C(C)C	4.80000019	102416202	COCONUT:(CNP0271543);Natural Products:(UNPD37790);PubChem:(102416202);SuperNatural:(SN00377034)	3178498
76	1	N/A	-310.1730984337756	C18H26O3	[M + H]+	HZOPRCJNDRDOGQ	InChI=1S/C18H26O3/c1-10(2)12-6-5-11(3)17-9-13-7-14(17)15(19)21-18(17,8-12)16(13,4)20/h8,10-11,13-14,20H,5-7,9H2,1-4H3	null	CC1CCC(=CC23C14CC(C2(C)O)CC4C(=O)O3)C(C)C	2.5999999	44520347;102162196	COCONUT:(CNP0329030);Natural Products:(UNPD49308);PubChem:(44520347 102162196);SuperNatural:(SN00363767);MeSH:(102162196);PubMed	3178566
77	1	N/A	-312.30776283018685	C18H26O3	[M + H]+	BDMSJPSJMBJIIV	InChI=1S/C18H26O3/c1-17(2)15-6-5-11-9-14(21-4)13(19)10-12(11)18(15,3)8-7-16(17)20/h9-10,15-16,19-20H,5-8H2,1-4H3	null	CC1(C2CCC3=CC(=C(C=C3C2(CCC1O)C)O)OC)C	4.0	23643321	COCONUT:(CNP0135206);Natural Products:(UNPD197470);PubChem:(23643321)	2129922
78	1	N/A	-313.54259455717363	C18H26O3	[M + H]+	FVDAOSXXXHIJII	InChI=1S/C18H26O3/c1-10(2)9-18(20)14-8-6-11(3)13-7-5-12(4)15(13)16(14)21-17(18)19/h10,13-16,20H,3-9H2,1-2H3	null	CC(C)CC1(C2CCC(=C)C3CCC(=C)C3C2OC1=O)O	3.0999999	71524171	COCONUT:(CNP0128680);Natural Products:(UNPD210538);PubChem:(71524171)	2129922
79	1	N/A	-315.06329371122644	C18H26O3	[M + H]+	LKPLXBXEZDFKKY	InChI=1S/C18H26O3/c1-5-9-14-12-16(18(19)20-8-4)13-15(10-6-2)17(14)21-11-7-3/h7,12-13H,3,5-6,8-11H2,1-2,4H3	ethyl 4-prop-2-enoxy-3,5-dipropylbenzoate	CCCC1=CC(=CC(=C1OCC=C)CCC)C(=O)OCC	5.4000001	57817	PubChem:(57817);PubChem class - safety and toxic	67108866
80	1	N/A	-315.2235955614767	C18H26O3	[M + H]+	IIBQTSAECXHWKN	InChI=1S/C18H26O3/c1-12(17(19)20)21-16-10-9-14(18(2,3)4)11-15(16)13-7-5-6-8-13/h9-13H,5-8H2,1-4H3,(H,19,20)	2-(4-tert-butyl-2-cyclopentylphenoxy)propanoic acid	CC(C(=O)O)OC1=C(C=C(C=C1)C(C)(C)C)C2CCCC2	5.5999999	3020544	PubChem:(3020544);NORMAN:(NS00065655)	262146
81	1	N/A	-340.32351714129766	C18H26O3	[M + H]+	USWOBFRMBPUEGJ	InChI=1S/C18H26O3/c1-17(2)10-9-15(19)18(3)12-6-7-13(21-4)16(20)11(12)5-8-14(17)18/h6-7,14-15,19-20H,5,8-10H2,1-4H3	null	CC1(CCC(C2(C1CCC3=C2C=CC(=C3O)OC)C)O)C	4.0	10565449	COCONUT:(CNP0286979);Natural Products:(UNPD156265);PubChem:(10565449);SuperNatural:(SN00266417)	3178498
82	1	N/A	-341.3933673807604	C18H26O3	[M + H]+	FQQQPUQXIXHMRM	InChI=1S/C18H26O3/c1-2-3-4-5-6-7-8-10-14-13-16(20)18-15(19)11-9-12-17(18)21-14/h9,11-12,14,19H,2-8,10,13H2,1H3	Chrom-5-ol-4-one, 2,3-dihydro-2-nonyl-	CCCCCCCCCC1CC(=O)C2=C(C=CC=C2O1)O	6.0999999	365031	COCONUT:(CNP0164052);Natural Products:(UNPD168927);PubChem:(365031);SuperNatural:(SN00334557)	3178498
83	1	N/A	-346.9355768106609	C18H26O3	[M + H]+	KPZHGODZBXGYDV	InChI=1S/C18H26O3/c1-7-9-21-17-15(12(3)4)10-14(18(19)20-8-2)11-16(17)13(5)6/h7,10-13H,1,8-9H2,2-6H3	Ethyl 4-allyloxy-3,5-diisopropylbenzoate	CCOC(=O)C1=CC(=C(C(=C1)C(C)C)OCC=C)C(C)C	5.0	57811	PubChem:(57811);PubChem class - safety and toxic	67108866
84	1	N/A	-364.1731831495623	C18H26O3	[M + H]+	YKKFKTBNGFGSDR	InChI=1S/C18H26O3/c1-13(2)18(21,12-17(19)20)16-10-8-15(9-11-16)14-6-4-3-5-7-14/h8-11,13-14,21H,3-7,12H2,1-2H3,(H,19,20)	3-(4-cyclohexylphenyl)-3-hydroxy-4-methylpentanoic acid	CC(C)C(CC(=O)O)(C1=CC=C(C=C1)C2CCCCC2)O	4.30000019	64920	PubChem:(64920);PubChem class - safety and toxic	67108866
85	1	N/A	-369.50944978859917	C18H26O3	[M + H]+	ZIYLNDWDLXUAJL	InChI=1S/C18H26O3/c1-12(2)7-6-8-13(3)9-10-15-14(4)16(19)11-17(21-5)18(15)20/h7,9,11,19-20H,6,8,10H2,1-5H3	null	CC1=C(C(=C(C=C1O)OC)O)CC=C(C)CCC=C(C)C	5.30000019	56928127	PubChem:(56928127);KEGG:(C19859)	258
86	1	N/A	-380.28380951098393	C18H26O3	[M + H]+	CQFAKEZQTNGFFI	InChI=1S/C18H26O3/c1-17(11-20)7-4-8-18(2)15-6-5-12(21-3)9-13(15)14(10-19)16(17)18/h5-6,9,14,16,19-20H,4,7-8,10-11H2,1-3H3	null	CC1(CCCC2(C1C(C3=C2C=CC(=C3)OC)CO)C)CO	3.24024987	""	COCONUT:(CNP0246427)	2097152
87	1	N/A	-381.6189248290466	C18H26O3	[M + H]+	XCYQROBARDDSAF	InChI=1S/C18H26O3/c1-17(11-19)9-4-10-18(2)13-6-7-14(21-3)16(20)12(13)5-8-15(17)18/h6-7,15,19-20H,4-5,8-11H2,1-3H3	(4bS,8R,8aR)-8-(hydroxymethyl)-2-methoxy-4b,8-dimethyl-5,6,7,8a,9,10-hexahydrophenanthren-1-ol	CC1(CCCC2(C1CCC3=C2C=CC(=C3O)OC)C)CO	4.19999981	11833147;91109549	COCONUT:(CNP0174089);Natural Products:(UNPD46355);PubChem:(11833147 91109549);SuperNatural:(SN00398808);PubMed	3178562
88	1	N/A	-442.1612841971664	C18H26O3	[M + H]+	SQDGWITYLAENDE	InChI=1S/C18H26O3/c1-5-15(19)21-17-16-11(2)10-20-14(16)9-13-8-6-7-12(3)18(13,17)4/h10,12-13,17H,5-9H2,1-4H3	null	CCC(=O)OC1C2=C(CC3C1(C(CCC3)C)C)OC=C2C	4.71249056	""	COCONUT:(CNP0305320);Natural Products:(UNPD39054);SuperNatural:(SN00307283)	3178496