structureRankPerFormula	formulaRank	ConfidenceScore	CSI:FingerIDScore	molecularFormula	adduct	InChIkey2D	InChI	name	smiles	xlogp	pubchemids	links	dbflags
1	2	N/A	-113.95319100556961	C5H11O4PS2	[M + K]+	NOQSFQMPWUXNPT	InChI=1S/C5H11O4PS2/c1-5(6)9-4-12-10(11,7-2)8-3/h4H2,1-3H3	Stauffer R-8033	CC(=O)OCSP(=S)(OC)OC	1.60000002	74447	PubChem:(74447);PubChem class - safety and toxic	67108866
2	2	N/A	-123.58330755298014	C5H11O4PS2	[M + K]+	PLZVCZLWZIJPPO	InChI=1S/C5H11O4PS2/c1-7-5(6)4-12-10(11,8-2)9-3/h4H2,1-3H3	Methyl (Dimethoxyphosphinothioylthio)-Acetate	COC(=O)CSP(=S)(OC)OC	1.28732479	69793	PubChem:(69793);NORMAN:(NS00009857)	262146
1	3	N/A	-185.13728787587377	C10H7BrO5	[M - H2O + H]+	SHTXPOFRANTSEC	InChI=1S/C10H7BrO5/c11-7-4-5(1-2-8(7)12)3-6(9(13)14)10(15)16/h1-4,12H,(H,13,14)(H,15,16)	(3-Bromo-4-hydroxybenzylidene)malonic acid	C1=CC(=C(C=C1C=C(C(=O)O)C(=O)O)Br)O	3.0	52378	PubChem:(52378);PubChem class - safety and toxic	67108866
2	3	N/A	-246.54793612729426	C10H7BrO5	[M - H2O + H]+	BTQNMZMKDBRBID	InChI=1S/C10H7BrO5/c11-7-3-5(12)1-2-6(7)8(13)4-9(14)10(15)16/h1-4,12-13H,(H,15,16)	null	C1=CC(=C(C=C1O)Br)C(=CC(=O)C(=O)O)O	2.0999999	134812643	PubChem:(134812643);PubChem class - bio and metabolites	16777218
1	4	0.3992539547422188	-48.274128654901375	C5H10Cl2O4S2	[M + H]+	CJUSGQJXURKKBQ	InChI=1S/C5H10Cl2O4S2/c6-1-3-12(8,9)5-13(10,11)4-2-7/h1-5H2	1,1-Bis(2-chloroethylsulphonyl)methane	C(CCl)S(=O)(=O)CS(=O)(=O)CCCl	0.300000012	93227	PubChem:(93227);NORMAN:(NS00030927)	262146
1	9	N/A	-254.67327609833026	C8H8Cl2O5S	[M - H2O + H]+	HJEINPVZRDJRBY	InChI=1S/C8H8Cl2O5S/c9-6-1-2-8(7(10)5-6)14-3-4-15-16(11,12)13/h1-2,5H,3-4H2,(H,11,12,13)	Disul	C1=CC(=C(C=C1Cl)Cl)OCCOS(=O)(=O)O	1.83964229	8701;23189898;57449298	NORMAN:(NS00024886);PubChem:(8701 23189898 57449298);CHEBI:(82196);ZINC bio:(ZINC01692372);PubChem class - bio and metabolites;KEGG:(C19071);PubChem class - safety and toxic	84156706