structureRankPerFormula	formulaRank	ConfidenceScore	CSI:FingerIDScore	molecularFormula	adduct	InChIkey2D	InChI	name	smiles	xlogp	pubchemids	links	dbflags
1	1	N/A	-170.59170384216614	C9H13NO3	[M - H2O + H]+	APPGMLFFWAMCJO	InChI=1S/C9H13NO3/c10-8(9(12)13)5-6-1-3-7(11)4-2-6/h1-4,8-9,11-13H,5,10H2	(2S)-2-amino-3-(4-hydroxyphenyl)propane-1,1-diol	C1=CC(=CC=C1CC(C(O)O)N)O	-0.300000012	18654770;21915992	PubChem:(18654770 21915992);PubMed;PubChem class - bio and metabolites	16777282
2	1	N/A	-198.52801817061376	C9H13NO3	[M - H2O + H]+	DQTOAQFCMSZATC	InChI=1S/C9H13NO3/c10-7(5-11)1-6-2-8(12)4-9(13)3-6/h2-4,7,11-13H,1,5,10H2	2-Amino-3-(3,5-dihydroxyphenyl)-1-propanol	C1=C(C=C(C=C1O)O)CC(CO)N	-0.100000001	131269	MeSH:(131269);PubChem:(131269);PubMed	70
3	1	N/A	-236.01464285624758	C9H13NO3	[M - H2O + H]+	GEFQWZLICWMTKF	InChI=1S/C9H13NO3/c1-5(10)9(13)6-2-3-7(11)8(12)4-6/h2-5,9,11-13H,10H2,1H3	Cobefrine	CC(C(C1=CC(=C(C=C1)O)O)O)N	-0.0776273757	3917;29271;672405;672404;164739;6919629;6919630;6919631;6919632;11957514;23757289;89349124;100945619	HMDB:(2832 15652);SuperNatural:(SN00000313 SN00216237);ZINC bio:(ZINC00034157 ZINC00034158 ZINC00034159 ZINC00034160);additional;MeSH:(3917 164739);PubMed;NORMAN:(NS00007824);COCONUT:(CNP0335418 CNP0368360);PubChem:(3917 29271 672405 672404 164739 6919629 6919630 6919631 6919632 11957514 23757289 89349124 100945619);CHEBI:(141146 81386 10304);PubChem class - bio and metabolites;KEGG:(C11768 C17925);PubChem class - safety and toxic;Training Set;PubChem class - drug	121397614
4	1	N/A	-277.14221919434544	C9H13NO3	[M - H2O + H]+	XMTRSDSWKYNAPU	InChI=1S/C9H13NO3/c10-8(9(12)13)5-6-1-3-7(11)4-2-6/h1,3,6,8H,2,4-5,10H2,(H,12,13)	null	C1CC(=O)C=CC1CC(C(=O)O)N	-2.5	91819966;91819967	PubChem:(91819966 91819967);PubMed;Biocyc:(CPD-17557)	2114
5	1	N/A	-298.9502825567674	C9H13NO3	[M - H2O + H]+	FWNNQQDQXAMXMK	InChI=1S/C9H13NO3/c1-5(10)2-6-3-8(12)9(13)4-7(6)11/h3-5,11-13H,2,10H2,1H3	2,4,5-Trihydroxyamphetamine	CC(CC1=CC(=C(C=C1O)O)O)N	0.600000024	126234;92012756	MeSH:(126234);PubChem class - safety and toxic;PubChem:(126234 92012756);PubMed	67108934
6	1	N/A	-335.27600533591686	C9H13NO3	[M - H2O + H]+	YNYAYWLBAHXHLL	InChI=1S/C9H13NO3/c1-13-9-4-6(8(12)5-10)2-3-7(9)11/h2-4,8,11-12H,5,10H2,1H3	Lopac-N-7127	COC1=C(C=CC(=C1)C(CN)O)O	-0.120420009	1237;688099;688100;6921601;6921602;21680228;51038743;71751228	HMDB:(819);SuperNatural:(SN00000441 SN00000442);ZINC bio:(ZINC00056655 ZINC00056656);additional;MeSH:(1237);Plantcyc:(CPD-11875);PubMed;COCONUT:(CNP0113388 CNP0254724);KNApSAcK:(37562);PubChem:(1237 688099 688100 6921601 6921602 21680228 51038743 71751228);CHEBI:(89951 6277);PubChem class - bio and metabolites;KEGG:(C05589);Training Set;Biocyc:(CPD-11875 SMA-0000418)	20605310
7	1	N/A	-341.2664607823458	C9H13NO3	[M - H2O + H]+	VSRZZLQWNRYVDK	InChI=1S/C9H13NO3/c1-13-9-3-2-6(4-7(9)11)8(12)5-10/h2-4,8,11-12H,5,10H2,1H3	Norparanephrine	COC1=C(C=C(C=C1)C(CN)O)O	-0.120420009	3080771;54408891;92752421	MeSH:(3080771);PubChem:(3080771 54408891 92752421);PubMed;KEGG Mine	8589934662
8	1	N/A	-406.82911253667896	C9H13NO3	[M - H2O + H]+	UCTWMZQNUQWSLP	InChI=1S/C9H13NO3/c1-10-5-9(13)6-2-3-7(11)8(12)4-6/h2-4,9-13H,5H2,1H3	Adrenine	CNCC(C1=CC(=C(C=C1)O)O)O	0.189362273	838;5816;247704;450783;4102253;4866774;6420088;6920143;6920144;21827831;45039139;49849558;49849560;51038526;51038527;71774794;129891180;133688249;139148732	HMDB:(68 62515);SuperNatural:(SN00000339 SN00304610 SN00227951 SN00000338);ZINC bio:(ZINC00039089 ZINC00039090);additional;HSDB:(51-43-4);MeSH:(838 5816 247704);Plantcyc:(L-EPINEPHRINE);PubMed;NORMAN:(NS00010349);COCONUT:(CNP0049317 CNP0255612);KNApSAcK:(29643);Natural Products:(UNPD107202 UNPD72968);PubChem:(838 5816 247704 450783 4102253 4866774 6420088 6920143 6920144 21827831 45039139 49849558 49849560 51038526 51038527 71774794 129891180 133688249 139148732);CHEBI:(71406 33568 40751 28918);PubChem class - bio and metabolites;KEGG:(C00788);PubChem class - safety and toxic;Training Set;PubChem class - drug;Biocyc:(L-EPINEPHRINE SMA-0000256)	121564030
9	1	N/A	-408.92702956114937	C9H13NO3	[M - H2O + H]+	VAXRELHTGBYXIA	InChI=1S/C9H13NO3/c1-13-8-5-6(2-3-10)4-7(11)9(8)12/h4-5,11-12H,2-3,10H2,1H3	5-(2-Aminoethyl)-3-methoxybenzene-1,2-diol	COC1=CC(=CC(=C1O)O)CCN	0.5	54382520	COCONUT:(CNP0270967);Natural Products:(UNPD161834);PubChem:(54382520);SuperNatural:(SN00233562);KEGG Mine	8593113090
10	1	N/A	-410.977110429187	C9H13NO3	[M - H2O + H]+	UVXFYVIGAUPIOP	InChI=1S/C9H13NO3/c10-7-1-3-9(4-2-7)13-6-8(12)5-11/h1-4,8,11-12H,5-6,10H2	3-(4-Aminophenoxy)-1,2-propanediol	C1=CC(=CC=C1N)OCC(CO)O	-0.100000001	459260	PubChem:(459260);PubChem class - safety and toxic	67108866
11	1	N/A	-427.4557570616923	C9H13NO3	[M - H2O + H]+	HPYYCONYZSKTMH	InChI=1S/C9H13NO3/c10-8-3-1-2-4-9(8)13-6-7(12)5-11/h1-4,7,11-12H,5-6,10H2	3-(2-aminophenoxy)propane-1,2-diol	C1=CC=C(C(=C1)N)OCC(CO)O	0.216804162	3030862;124393118;124393119	PubChem:(3030862 124393118 124393119);PubChem class - safety and toxic	67108866
12	1	N/A	-429.733392170083	C9H13NO3	[M - H2O + H]+	HNACNYOQQGUSRD	InChI=1S/C9H13NO3/c1-11-8-4-3-7(6-13-10)9(5-8)12-2/h3-5H,6,10H2,1-2H3	O-(2,4-Dimethoxybenzyl)hydroxylamine	COC1=CC(=C(C=C1)CON)OC	0.878046989	11745274	PubChem:(11745274);PubChem class - safety and toxic	67108866
13	1	N/A	-434.4649213626277	C9H13NO3	[M - H2O + H]+	WWYQEGUUFKELML	InChI=1S/C9H13NO3/c1-5-6(2-3-10)7(11)4-8(12)9(5)13/h4,11-13H,2-3,10H2,1H3	1,2,4-Benzenetriol, 5-(2-aminoethyl)-6-methyl-	CC1=C(C(=CC(=C1O)O)O)CCN	0.5	71371555	PubChem:(71371555);CHEBI:(125490)	34
14	1	N/A	-441.7715583568527	C9H13NO3	[M - H2O + H]+	ZZRAJAASBRFXIZ	InChI=1S/C9H13NO3/c10-6(9(11)12)3-5-1-2-7-8(4-5)13-7/h1-2,4,6-9,11-12H,3,10H2	null	C1=CC(=CC2C1O2)CC(C(O)O)N	-1.29999995	75815414;75815415	PubChem:(75815414 75815415);PubChem class - bio and metabolites	16777218
15	1	N/A	-448.7177325098723	C9H13NO3	[M - H2O + H]+	XBQVPOIMYUOPSA	InChI=1S/C9H13NO3/c1-10-3-2-6-4-7(11)9(13)8(12)5-6/h4-5,10-13H,2-3H2,1H3	null	CNCCC1=CC(=C(C(=C1)O)O)O	0.699999988	101412262	KNApSAcK:(42774);PubChem:(101412262);KEGG Mine	8589934610
16	1	N/A	-484.40604501618657	C9H13NO3	[M - H2O + H]+	JSTQKCCQSWAQSN	InChI=1S/C9H13NO3/c1-11-6-13-8-4-3-7(10)5-9(8)12-2/h3-5H,6,10H2,1-2H3	3-Methoxy-4-(methoxymethoxy)aniline	COCOC1=C(C=C(C=C1)N)OC	1.10000002	57463	PubChem:(57463);PubChem class - safety and toxic	67108866
17	1	N/A	-484.90960855054345	C9H13NO3	[M - H2O + H]+	FNSAKXLEFPFZOM	InChI=1S/C9H13NO3/c1-11-6-4-7(12-2)9(10)8(5-6)13-3/h4-5H,10H2,1-3H3	2,4,6-Trimethoxyaniline	COC1=CC(=C(C(=C1)OC)N)OC	1.20000005	84271	NORMAN:(NS00024620);COCONUT:(CNP0230202);Natural Products:(UNPD199887);PubChem:(84271);PubMed	2392130
18	1	N/A	-487.76515782578406	C9H13NO3	[M - H2O + H]+	MSKSALIWFAFBFO	InChI=1S/C9H13NO3/c1-2-13-8(11)7-4-3-5-9(7,12)6-10/h7,12H,2-5H2,1H3	Cyclopentanecarboxylic acid, 2-cyano-2-hydroxy-, ethyl ester, (1S,2S)-	CCOC(=O)C1CCCC1(C#N)O	0.800000012	65895614;71415287;71415289;71415291;71415293	PubChem:(65895614 71415287 71415289 71415291 71415293);COCONUT:(CNP0022107)	2097154
19	1	N/A	-494.7760576850642	C9H13NO3	[M - H2O + H]+	YKXFOGAYPIPTKF	InChI=1S/C9H13NO3/c1-4-12-7(3)8(6-10)9(11)13-5-2/h4-5H2,1-3H3	ethyl 2-cyano-3-ethoxy-2-butenoate	CCOC(=C(C#N)C(=O)OCC)C	1.39999998	46635;3033300;6387109	PubChem:(46635 3033300 6387109);PubChem class - safety and toxic	67108866
20	1	N/A	-495.1328108069929	C9H13NO3	[M - H2O + H]+	UOFNVIJXMFQHDJ	InChI=1S/C9H13NO3/c1-2-13-7-5-3-4-6(8(7)10)9(11)12/h3-5,7-8H,2,10H2,1H3,(H,11,12)	null	CCOC1C=CC=C(C1N)C(=O)O	-1.89999998	124222726;124222727;137350135	PubChem:(124222726 124222727 137350135);PubChem class - bio and metabolites	16777218
21	1	N/A	-496.8783542092012	C9H13NO3	[M - H2O + H]+	MFJKZXLOHPVLBS	InChI=1S/C9H13NO3/c1-9(2,3)13-8(12)10-6-4-5-7(10)11/h4-5H,6H2,1-3H3	N-Boc-pyrrol-2(5H)-one	CC(C)(C)OC(=O)N1CC=CC1=O	1.0	11435337	PubChem class - safety and toxic;PubChem:(11435337);PubMed	67108930
22	1	N/A	-500.2405025197865	C9H13NO3	[M - H2O + H]+	XEFRNCLPPFDWAC	InChI=1S/C9H13NO3/c1-11-7-4-6(10)5-8(12-2)9(7)13-3/h4-5H,10H2,1-3H3	3,5-Trimethoxyaniline	COC1=CC(=CC(=C1OC)OC)N	1.18997383	32285;58108989;58108985;58109000;58109002	NORMAN:(NS00027612);COCONUT:(CNP0116241);PubChem:(32285 58108989 58108985 58109000 58109002);SuperNatural:(SN00117496);ZINC bio:(ZINC00157583);PubChem class - safety and toxic;PubMed;KEGG Mine	8660459586
23	1	N/A	-503.074958618489	C9H13NO3	[M - H2O + H]+	OSUSJBWSQBKORT	InChI=1S/C9H13NO3/c11-8(12)6-10-9(13)7-4-2-1-3-5-7/h4H,1-3,5-6H2,(H,10,13)(H,11,12)	N-(1-Cyclohexen-1-ylcarbonyl)glycine	C1CCC(=CC1)C(=O)NCC(=O)O	1.10000002	149048	COCONUT:(CNP0219408);HMDB:(61679);Natural Products:(UNPD108510);PubChem:(149048);CHEBI:(71172);PubChem class - bio and metabolites	18907178
24	1	N/A	-511.29147478942406	C9H13NO3	[M - H2O + H]+	MZTICZXVUWMKNM	InChI=1S/C9H13NO3/c1-7-9(13)8(12)3-5-10(7)4-2-6-11/h3,5,11,13H,2,4,6H2,1H3	3-hydroxy-1-(3-hydroxypropyl)-2-methylpyridin-4-one	CC1=C(C(=O)C=CN1CCCO)O	0.200000003	93513	MeSH:(93513);PubChem:(93513);PubMed	70
25	1	N/A	-511.75581816242124	C9H13NO3	[M - H2O + H]+	JZCBXDSLFBPBAH	InChI=1S/C9H13NO3/c1-7(2)13-9(11)10-6-8-4-3-5-12-8/h3-5,7H,6H2,1-2H3,(H,10,11)	Isopropyl furfurylcarbamate	CC(C)OC(=O)NCC1=CC=CO1	1.29999995	21401	PubChem:(21401);PubChem class - safety and toxic	67108866
26	1	N/A	-517.9361309944574	C9H13NO3	[M - H2O + H]+	TUEIRODWNWORRI	InChI=1S/C9H13NO3/c1-2-7-13-9(12)10-5-3-8(11)4-6-10/h2H,1,3-7H2	1-N-Alloc-4-piperidone	C=CCOC(=O)N1CCC(=O)CC1	0.200000003	2756300	PubChem:(2756300);PubChem class - safety and toxic	67108866
27	1	N/A	-518.6125403247818	C9H13NO3	[M - H2O + H]+	CXYHFBSJWRHKML	InChI=1S/C9H13NO3/c1-9(2)3-5(11)7(8(10)13)6(12)4-9/h7H,3-4H2,1-2H3,(H2,10,13)	Oprea1_033812	CC1(CC(=O)C(C(=O)C1)C(=O)N)C	0.5	237595	PubChem:(237595);PubChem class - safety and toxic	67108866
28	1	N/A	-521.2781212682888	C9H13NO3	[M - H2O + H]+	YSYAJSRTFSDXAT	InChI=1S/C9H13NO3/c1-3-13-9(12)8-5-4-6-10(8)7(2)11/h4,6,8H,3,5H2,1-2H3	ethyl 1-acetyl-2,3-dihydropyrrole-2-carboxylate	CCOC(=O)C1CC=CN1C(=O)C	0.5	2751386;7054829;7054830	COCONUT:(CNP0030508);PubChem:(2751386 7054829 7054830);SuperNatural:(SN00125020 SN00125019);ZINC bio:(ZINC03846726 ZINC03846727)	3153922
29	1	N/A	-521.768351538132	C9H13NO3	[M - H2O + H]+	HNUVTQVNYXNXSE	InChI=1S/C9H13NO3/c1-12-8-4-7(10)5-9(6-8)13-3-2-11/h4-6,11H,2-3,10H2,1H3	null	COC1=CC(=CC(=C1)N)OCCO	0.5	45091312	PubChem:(45091312);PubChem class - safety and toxic	67108866
30	1	N/A	-531.5303436862537	C9H13NO3	[M - H2O + H]+	GBBBJHCSNNEWLH	InChI=1S/C9H13NO3/c1-10-6-13-9(12)7-2-4-8(11)5-3-7/h2-5,9-12H,6H2,1H3	null	CNCOC(C1=CC=C(C=C1)O)O	0.806197405	""	COCONUT:(CNP0003653)	2097152
31	1	N/A	-531.8440698107278	C9H13NO3	[M - H2O + H]+	YIGLRRLMAMUSIO	InChI=1S/C9H13NO3/c1-3-8(11)10-6-4-5-7(10)9(12)13-2/h3,7H,1,4-6H2,2H3	A-Proome	COC(=O)C1CCCN1C(=O)C=C	0.866953313	130494;9989904;14282275	MeSH:(130494);PubChem:(130494 9989904 14282275);PubMed	70
32	1	N/A	-534.5645386894454	C9H13NO3	[M - H2O + H]+	JYLWAPLSGOUVIV	InChI=1S/C9H13NO3/c1-4(2)7-8(12)6(5(3)11)9(13)10-7/h4,7,12H,1-3H3,(H,10,13)	3-Aipta	CC(C)C1C(=C(C(=O)N1)C(=O)C)O	0.800000012	54695526;101601324	MeSH:(54695526 101601324);PubChem:(54695526 101601324);PubMed	70
33	1	N/A	-535.1455191525342	C9H13NO3	[M - H2O + H]+	GBTIOVXDLJPTEH	InChI=1S/C9H13NO3/c1-4(2)7-8(12)6(5(3)11)9(13)10-7/h4,6-7H,1-3H3,(H,10,13)	3-Acetyl-5-isopropyl-2,4-pyrrolidinedione	CC(C)C1C(=O)C(C(=O)N1)C(=O)C	0.600000024	3083645	COCONUT:(CNP0300867);Natural Products:(UNPD52722);PubChem:(3083645);SuperNatural:(SN00258323)	3178498
34	1	N/A	-540.4364045983405	C9H13NO3	[M - H2O + H]+	QEUNHAYEJPIRIA	InChI=1S/C9H13NO3/c1-2-7-9(13)8(12)3-4-10(7)5-6-11/h3-4,11,13H,2,5-6H2,1H3	ACMC-20mrsw	CCC1=C(C(=O)C=CN1CCO)O	0.300000012	86379	MeSH:(86379);PubChem:(86379);PubMed	70
35	1	N/A	-543.095743515963	C9H13NO3	[M - H2O + H]+	WNXLYIQOPDNNKN	InChI=1S/C9H13NO3/c1-6-3-8(12)4-9(13)10(6)5-7(2)11/h3-4,7,11-12H,5H2,1-2H3	null	CC1=CC(=CC(=O)N1CC(C)O)O	-0.100000001	135640160;137950364	PubChem:(135640160 137950364);COCONUT:(CNP0414896)	2097154
36	1	N/A	-548.7868100458481	C9H13NO3	[M - H2O + H]+	BKRGUIJDEOVXCR	InChI=1S/C9H13NO3/c1-3-6-4-10-9(13)7(5(2)11)8(6)12/h6,12H,3-4H2,1-2H3,(H,10,13)	null	CCC1CNC(=O)C(=C1O)C(=O)C	0.600000024	91825566;130019656	COCONUT:(CNP0117672);PubChem:(91825566 130019656);CHEBI:(68769)	2097186
37	1	N/A	-554.6408314605573	C9H13NO3	[M - H2O + H]+	KICQOVVEMVVNSD	InChI=1S/C9H13NO3/c1-3-10-5-4-7(12)9(13)8(10)6(2)11/h4-6,11,13H,3H2,1-2H3	2-(1-Hydroxyethyl)CP94	CCN1C=CC(=O)C(=C1C(C)O)O	0.600000024	126465;53995961	MeSH:(126465);PubChem:(126465 53995961);PubMed	70
38	1	N/A	-555.3802985034138	C9H13NO3	[M - H2O + H]+	STRJHGSZEIAJLP	InChI=1S/C9H13NO3/c1-7(6-10)9(11)13-5-4-8(2)12-3/h8H,1,4-5H2,2-3H3	3-Methoxybutylcyanoacrylate	CC(CCOC(=O)C(=C)C#N)OC	1.29999995	3082471	MeSH:(3082471);PubChem:(3082471);PubMed	70
39	1	N/A	-555.8740672563779	C9H13NO3	[M - H2O + H]+	SVINQHQHARVZFF	InChI=1S/C9H13NO3/c1-6-9(12)8(5-13-2)7(4-11)3-10-6/h3,11-12H,4-5H2,1-2H3	Ginkgotoxin	CC1=NC=C(C(=C1O)COC)CO	0.558502674	76581	HMDB:(29455);SuperNatural:(SN00228368);ZINC bio:(ZINC11535715);additional;MeSH:(76581);PubMed;COCONUT:(CNP0325342);Natural Products:(UNPD84684);PubChem:(76581);YMDB Mine;PubChem class - bio and metabolites;EcoCyc Mine;PubChem class - safety and toxic;Training Set;KEGG Mine	60217155662
40	1	N/A	-558.0511771530423	C9H13NO3	[M - H2O + H]+	AVXASCCUHZJCJT	InChI=1S/C9H13NO3/c1-7-4-5-8(13-7)6-10(2)9(11)12-3/h4-5H,6H2,1-3H3	methyl N-methyl-N-[(5-methylfuran-2-yl)methyl]carbamate	CC1=CC=C(O1)CN(C)C(=O)OC	1.10000002	2755162	COCONUT:(CNP0034541);PubChem:(2755162);SuperNatural:(SN00127739);ZINC bio:(ZINC03851580)	3153922
41	1	N/A	-571.5709875363034	C9H13NO3	[M - H2O + H]+	CBPRDGWDQCRPEW	InChI=1S/C9H13NO3/c1-7-9(12)8(11)3-4-10(7)5-6-13-2/h3-4,12H,5-6H2,1-2H3	ACMC-20mnol	CC1=C(C(=O)C=CN1CCOC)O	0.400000006	86345;139053770	MeSH:(86345);PubChem class - safety and toxic;PubChem:(86345 139053770);PubMed	67108934
42	1	N/A	-572.7621731569614	C9H13NO3	[M - H2O + H]+	KHUNHYCUXIEXSO	InChI=1S/C9H13NO3/c1-6-9(13-2)8(5-12)7(4-11)3-10-6/h3,11-12H,4-5H2,1-2H3	3,4-Pyridinedimethanol, 5-methoxy-6-methyl-	CC1=NC=C(C(=C1OC)CO)CO	0.558502674	14419841	COCONUT:(CNP0380777);Natural Products:(UNPD165335);PubChem:(14419841);SuperNatural:(SN00371893);YMDB Mine;EcoCyc Mine;PubMed;KEGG Mine	60132720706
43	1	N/A	-579.5484599108246	C9H13NO3	[M - H2O + H]+	MSUGLWGWBLRILS	InChI=1S/C9H13NO3/c11-8-10-6-1-3-9(12,4-2-6)7(10)5-13-8/h6-7,12H,1-5H2	null	C1CC2(CCC1N3C2COC3=O)O	0.200000003	134817755	PubChem:(134817755);PubChem class - bio and metabolites	16777218
44	1	N/A	-581.4335843245545	C9H13NO3	[M - H2O + H]+	HTRHSZZDBULAMQ	InChI=1S/C9H13NO3/c1-3-4-5-12-9(11)8-6-7(2)10-13-8/h6H,3-5H2,1-2H3	Butyl 3-methylisoxazole-5-carboxylate	CCCCOC(=O)C1=CC(=NO1)C	2.20000005	3020446	PubChem:(3020446);NORMAN:(NS00063778)	262146
45	1	N/A	-581.6491340608458	C9H13NO3	[M - H2O + H]+	OVRDRDFVGLJLNB	InChI=1S/C9H13NO3/c1-10(2)5-7-13-9(11)8-4-3-6-12-8/h3-4,6H,5,7H2,1-2H3	Oprea1_518261	CN(C)CCOC(=O)C1=CC=CO1	0.806720197	745608;4015124	COCONUT:(CNP0121725 CNP0371282);PubChem:(745608 4015124);SuperNatural:(SN00043877);PubMed;ZINC bio:(ZINC00187994)	3153986
46	1	N/A	-598.4858481652561	C9H13NO3	[M - H2O + H]+	UHMWNHMWMWFGNM	InChI=1S/C9H13NO3/c1-2-9(13-8(10)12)5-3-7(11)4-6-9/h1,7,11H,3-6H2,(H2,10,12)	null	C#CC1(CCC(CC1)O)OC(=O)N	0.100000001	92011562	COCONUT:(CNP0200370);Natural Products:(UNPD182569 UNPD26122);PubChem:(92011562);KEGG Mine	8592064514
47	1	N/A	-606.3320107368108	C9H13NO3	[M - H2O + H]+	DWWXCUZKYHZKGF	InChI=1S/C9H13NO3/c1-10-7(11)9(4-2-3-5-9)6-13-8(10)12/h2-6H2,1H3	4-27-00-03299 (Beilstein Handbook Reference)	CN1C(=O)C2(CCCC2)COC1=O	1.0	24840734	PubChem:(24840734);PubChem class - safety and toxic	67108866
48	1	N/A	-613.4369911916192	C9H13NO3	[M - H2O + H]+	KJWXLOFPERELSJ	InChI=1S/C9H13NO3/c1-3-4-5-12-9(11)8-6-7(2)13-10-8/h6H,3-5H2,1-2H3	Butyl 5-methylisoxazole-3-carboxylate	CCCCOC(=O)C1=NOC(=C1)C	2.26310277	3020472	PubChem:(3020472);NORMAN:(NS00063706)	262146
49	1	N/A	-634.6901961507258	C9H13NO3	[M - H2O + H]+	MNQJMGOUKMSDLW	InChI=1S/C9H13NO3/c1-2-9(13-8(10)12)6-4-3-5-7(9)11/h1,7,11H,3-6H2,(H2,10,12)	null	C#CC1(CCCCC1O)OC(=O)N	0.100000001	45092421;93503089;93503090;93503092	COCONUT:(CNP0185192);Natural Products:(UNPD186354);PubChem:(45092421 93503089 93503090 93503092);KEGG Mine	8592064514
50	1	N/A	-649.6152717935594	C9H13NO3	[M - H2O + H]+	LODCQMHQFQOYSE	InChI=1S/C9H13NO3/c1-2-9(13-8(10)12)5-3-4-7(11)6-9/h1,7,11H,3-6H2,(H2,10,12)	null	C#CC1(CCCC(C1)O)OC(=O)N	0.100000001	45092403;93503050;93503051;93503052	COCONUT:(CNP0292461);Natural Products:(UNPD161886);PubChem:(45092403 93503050 93503051 93503052);KEGG Mine	8592064514
51	1	N/A	-740.058542371654	C9H13NO3	[M - H2O + H]+	NYACVKGWGQHMFG	InChI=1S/C9H13NO3/c1-8(12)4-7(11)9(13)2-3-10-5-6(8)9/h2-3,5-7,11-13H,4H2,1H3	null	CC1(CC(C2(C1C=NC=C2)O)O)O	-0.731057703	""	COCONUT:(CNP0075840)	2097152
1	1	0.9821234305540832	-0.4818680334323795	C9H11NO2	[M + H]+	COLNVLDHVKWLRT	InChI=1S/C9H11NO2/c10-8(9(11)12)6-7-4-2-1-3-5-7/h1-5,8H,6,10H2,(H,11,12)	Sabiden	C1=CC=C(C=C1)CC(C(=O)O)N	0.690450609	994;6140;71567;450580;450585;450605;2724448;3823098;5460949;5460950;5460952;5460953;5460957;5460958;10511283;10511284;10702212;6919011;6925665;12132826;12132829;9877477;10012270;9989619;13000972;13000974;13000976;13000978;13000981;13000983;13000986;13000987;13000992;13000995;13000997;13000999;10103511;10154215;11062753;10241165;11819436;10329658;10329702;10352075;10397170;11378724;10442063;20598859;16213431;16213432;16213459;16213565;16217565;16219910;23244601;25240041;25240491;25240783;25240991;25241052;25241066;25241070;25241360;25241565;24773270;53731873;53731875;53731876;53731877;53731878;57397115;56617616;56634323;59373178;66995391;66995546;66995580;66995721;71308946;71309396;87528067;87221210;87471585;88455641;90120010;91590842;102122880;101731663;102152000;102176479;100915787;101868632;102601151;102602169;102602342;117064739;119078553;119078554;119080919;118264378;124202794;129736625;131701211;134501265;131860346;131868860;134866153;138986901	HMDB:(159);PubChem class - food;SuperNatural:(SN00000169 SN00001028);ZINC bio:(ZINC00001927 ZINC00105196);additional;HSDB:(63-91-2);MeSH:(994 6140 6925665);Plantcyc:(CPD-216 PHE B-DMAN-HEX-1:5);PubMed;NORMAN:(NS00002612);COCONUT:(CNP0082854 CNP0082855 CNP0193965);KNApSAcK:(1386);Natural Products:(UNPD39371 UNPD26171);PubChem:(994 6140 71567 450580 450585 450605 2724448 3823098 5460949 5460950 5460952 5460953 5460957 5460958 10511283 10511284 10702212 6919011 6925665 12132826 12132829 9877477 10012270 9989619 13000972 13000974 13000976 13000978 13000981 13000983 13000986 13000987 13000992 13000995 13000997 13000999 10103511 10154215 11062753 10241165 11819436 10329658 10329702 10352075 10397170 11378724 10442063 20598859 16213431 16213432 16213459 16213565 16217565 16219910 23244601 25240041 25240491 25240783 25240991 25241052 25241066 25241070 25241360 25241565 24773270 53731873 53731875 53731876 53731877 53731878 57397115 56617616 56634323 59373178 66995391 66995546 66995580 66995721 71308946 71309396 87528067 87221210 87471585 88455641 90120010 91590842 102122880 101731663 102152000 102176479 100915787 101868632 102601151 102602169 102602342 117064739 119078553 119078554 119080919 118264378 124202794 129736625 131701211 134501265 131860346 131868860 134866153 138986901);CHEBI:(76052 17295 57981 32494 58095 32505 32487 32504 16998 32495 32486 28044);PubChem class - bio and metabolites;KEGG:(C00079 C02265 C02057);PubChem class - safety and toxic;YMDB:(304 995);Training Set;PubChem class - drug;Biocyc:(CPD-216 PHE SMA-0000294 SMA-0000352)	255847294
2	1	N/A	-169.29360478237155	C9H11NO2	[M + H]+	UJOYFRCOTPUKAK	InChI=1S/C9H11NO2/c10-8(6-9(11)12)7-4-2-1-3-5-7/h1-5,8H,6,10H2,(H,11,12)	zlchem 1201	C1=CC=C(C=C1)C(CC(=O)O)N	0.408866853	69189;686703;686704;4739550;6921434;6921435;22146734;23247924;57608093;119081025	SuperNatural:(SN00042826 SN00042825);ZINC bio:(ZINC00054290 ZINC00054291);MeSH:(69189);Plantcyc:(CPD-14474);PubMed;NORMAN:(NS00042057);COCONUT:(CNP0360184);PubChem:(69189 686703 686704 4739550 6921434 6921435 22146734 23247924 57608093 119081025);YMDB Mine;CHEBI:(68527 67158 68528 68525 67172 68506);PubChem class - bio and metabolites;EcoCyc Mine;KEGG:(C20487 C20488);PubChem class - safety and toxic;Training Set;Biocyc:(CPD-14474 CPD-14668)	51627059558
3	1	N/A	-180.28647755579667	C9H11NO2	[M + H]+	DXGAIOIQACHYRK	InChI=1S/C9H11NO2/c10-8(6-11)5-7-1-3-9(12)4-2-7/h1-4,6,8,12H,5,10H2	tyrosyl	C1=CC(=CC=C1CC(C=O)N)O	0.5	445993;3386234;23638506;22982047;90941057;134716589	COCONUT:(CNP0232449);PubChem:(445993 3386234 23638506 22982047 90941057 134716589);CHEBI:(46209 141668);PubChem class - bio and metabolites;KEGG:(C22021);PubMed;Biocyc:(CPD-21526)	18876770
4	1	N/A	-197.00523277427794	C9H11NO2	[M + H]+	WXOHKMNWMKZMND	InChI=1S/C9H11NO2/c10-8-4-1-7(2-5-8)3-6-9(11)12/h1-2,4-5H,3,6,10H2,(H,11,12)	Oprea1_773215	C1=CC(=CC=C1CCC(=O)O)N	1.31375706	75451;6943641	NORMAN:(NS00027511);COCONUT:(CNP0021142);PubChem:(75451 6943641);ZINC bio:(ZINC00283596);PubChem class - bio and metabolites;PubChem class - safety and toxic;PubMed	86253634
5	1	N/A	-207.93822977442406	C9H11NO2	[M + H]+	SBHFVSXLYOBZKD	InChI=1S/C9H11NO2/c10-8-3-1-2-7(6-8)4-5-9(11)12/h1-3,6H,4-5,10H2,(H,11,12)	3-aminobenzylacetate	C1=CC(=CC(=C1)N)CCC(=O)O	1.0	2735406;4432225	MeSH:(2735406);PubChem class - safety and toxic;PubChem:(2735406 4432225);PubMed	67108934
6	1	N/A	-208.8262770002166	C9H11NO2	[M + H]+	LRCYAJZPDFSJPQ	InChI=1S/C9H11NO2/c10-6-8(9(11)12)7-4-2-1-3-5-7/h1-5,8H,6,10H2,(H,11,12)	2-phenyl-	C1=CC=C(C=C1)C(CN)C(=O)O	0.32977429	10964866;12697488;11062739;34177367;40430126	MeSH:(12697488);PubChem class - safety and toxic;PubChem:(10964866 12697488 11062739 34177367 40430126);PubMed	67108934
7	1	N/A	-213.2794172460902	C9H11NO2	[M + H]+	HTCSFFGLRQDZDE	InChI=1S/C9H11NO2/c1-9(10,8(11)12)7-5-3-2-4-6-7/h2-6H,10H2,1H3,(H,11,12)	2-Phenylalanine	CC(C1=CC=CC=C1)(C(=O)O)N	-1.5	31722;853460;853461;18522609;40739580;40739581	COCONUT:(CNP0272279);Natural Products:(UNPD131105);PubChem:(31722 853460 853461 18522609 40739580 40739581);SuperNatural:(SN00358764);ZINC bio:(ZINC08461952 ZINC08462000);PubChem class - bio and metabolites;PubChem class - safety and toxic;PubMed	87072834
8	1	N/A	-221.4418571150075	C9H11NO2	[M + H]+	OQBJLKIDAPUHSY	InChI=1S/C9H11NO2/c1-8(10(11)12)7-9-5-3-2-4-6-9/h2-6,8H,7H2,1H3	2-nitropropylbenzene	CC(CC1=CC=CC=C1)[N+](=O)[O-]	2.4000001	86546;10749598;12076518;12296924	MeSH:(86546);PubChem:(86546 10749598 12076518 12296924);PubMed	70
9	1	N/A	-239.44735357007673	C9H11NO2	[M + H]+	LAOMDZFORKFNPV	InChI=1S/C9H11NO2/c10-8-4-2-1-3-7(8)5-6-9(11)12/h1-4H,5-6,10H2,(H,11,12)	3-(2-aminophenyl)propanoate	C1=CC=C(C(=C1)CCC(=O)O)N	1.31375706	12470836;20092242	PubChem:(12470836 20092242);PubChem class - food	134217730
10	1	N/A	-245.02904445266236	C9H11NO2	[M + H]+	RZRRCPHBUKHOEY	InChI=1S/C9H11NO2/c1-6-2-4-7(5-3-6)8(10)9(11)12/h2-5,8H,10H2,1H3,(H,11,12)	4-Methylphenyl glycine	CC1=CC=C(C=C1)C(C(=O)O)N	0.724614918	7020728;7020729;7033006;7033007;5152152;59637340	PubChem class - safety and toxic;PubChem:(7020728 7020729 7033006 7033007 5152152 59637340);PubMed;KEGG Mine	8657043522
11	1	N/A	-250.79623442263338	C9H11NO2	[M + H]+	AQKKRXMVSOXABZ	InChI=1S/C9H11NO2/c11-9(12)6-7-10-8-4-2-1-3-5-8/h1-5,10H,6-7H2,(H,11,12)	Enamine_005591	C1=CC=C(C=C1)NCCC(=O)O	2.0	244082;4830479;7062851	PubChem class - safety and toxic;PubChem:(244082 4830479 7062851);PubMed	67108930
12	1	N/A	-254.1266375694144	C9H11NO2	[M + H]+	MFYZACBRKCFXDV	InChI=1S/C9H11NO2/c11-9(12)5-1-3-8-4-2-6-10-7-8/h2,4,6-7H,1,3,5H2,(H,11,12)	3-Pyridinebutanoate	C1=CC(=CN=C1)CCCC(=O)O	1.44566369	114;23615202	COCONUT:(CNP0002375);HMDB:(1007);PubChem:(114 23615202);ZINC bio:(ZINC03869291);PubChem class - bio and metabolites;Biocyc:(4-3-PYRIDYL-BUTANOATE)	18884618
13	1	N/A	-262.45407796436604	C9H11NO2	[M + H]+	HAAUVXXFRQXTTQ	InChI=1S/C9H11NO2/c10-6-8-3-1-7(2-4-8)5-9(11)12/h1-4H,5-6,10H2,(H,11,12)	4-Aminomethylphenylacetic acid	C1=CC(=CC=C1CC(=O)O)CN	0.439722747	1514144;21975851;40479069	PubChem:(1514144 21975851 40479069);PubMed;PubChem class - bio and metabolites	16777282
14	1	N/A	-285.426588370356	C9H11NO2	[M + H]+	BHFLUDRTVIDDOR	InChI=1S/C9H11NO2/c1-12-9(11)8(10)7-5-3-2-4-6-7/h2-6,8H,10H2,1H3	AmbotzHAA5600	COC(=O)C(C1=CC=CC=C1)N	0.650966346	90514;117324;1201451;3801174;7021051;7847382;11186171;11389612;23244675;101074480;101074481;101195835;101195836	NORMAN:(NS00005539);COCONUT:(CNP0318507);PubChem:(90514 117324 1201451 3801174 7021051 7847382 11186171 11389612 23244675 101074480 101074481 101195835 101195836);ZINC bio:(ZINC12360027 ZINC16189890 ZINC19300218);MeSH:(117324 1201451);PubChem class - safety and toxic;PubMed;KEGG Mine	8659411014
15	1	N/A	-288.76916184212814	C9H11NO2	[M + H]+	MGFFSFXUXCGTSF	InChI=1S/C9H11NO2/c10-9(12)8(11)6-7-4-2-1-3-5-7/h1-5,8,11H,6H2,(H2,10,12)	(2S)-2-hydroxy-3-phenylpropanamide	C1=CC=C(C=C1)CC(C(=O)N)O	0.5	445263;12472795;57370379	COCONUT:(CNP0205350);Natural Products:(UNPD109180);PubChem:(445263 12472795 57370379);SuperNatural:(SN00397206);ZINC bio:(ZINC02046879 ZINC14504674);KEGG Mine	8593121282
16	1	N/A	-288.8123811363096	C9H11NO2	[M + H]+	OEHZEBOCZWCVMK	InChI=1S/C9H11NO2/c10-9(12)6-3-7-1-4-8(11)5-2-7/h1-2,4-5,11H,3,6H2,(H2,10,12)	Ambap23838-70-2	C1=CC(=CC=C1CCC(=O)N)O	1.02995837	16222514	PubChem:(16222514);ZINC bio:(ZINC02556352);PubChem class - bio and metabolites;MeSH:(16222514);PubMed;KEGG Mine	8606720070
17	1	N/A	-294.9506815608699	C9H11NO2	[M + H]+	GWCBLDBOWRUFCD	InChI=1S/C9H11NO2/c1-6(10)9(12)7-2-4-8(11)5-3-7/h2-6,11H,10H2,1H3	2-Amino-4''-hydroxypropiophenone	CC(C(=O)C1=CC=C(C=C1)O)N	0.699999988	86689;53876549;94474520	NORMAN:(NS00051439);PubChem:(86689 53876549 94474520);PubMed;KEGG Mine	8590196802
18	1	N/A	-297.13973126840995	C9H11NO2	[M + H]+	HGIPIEYZJPULIQ	InChI=1S/C9H11NO2/c1-10-8(9(11)12)7-5-3-2-4-6-7/h2-6,8,10H,1H3,(H,11,12)	AmbotzHAA1217	CNC(C1=CC=CC=C1)C(=O)O	-1.20000005	681675;681676;228214;7000042;21583268;25759549	COCONUT:(CNP0318350);Natural Products:(UNPD121966 UNPD101916);PubChem:(681675 681676 228214 7000042 21583268 25759549);SuperNatural:(SN00357473 SN00250655);ZINC bio:(ZINC08076474 ZINC13356517);PubChem class - bio and metabolites;PubChem class - safety and toxic;Training Set;KEGG Mine	8677023746
19	1	N/A	-297.5489619848247	C9H11NO2	[M + H]+	WOMVICAMAQURRN	InChI=1S/C9H11NO2/c1-6(9(11)12)7-2-4-8(10)5-3-7/h2-6H,10H2,1H3,(H,11,12)	Bionet2_001139	CC(C1=CC=C(C=C1)N)C(=O)O	1.23797297	43026;6998891;6998892;6998893;6998894;21538282	NORMAN:(NS00055217);PubChem class - safety and toxic;PubChem:(43026 6998891 6998892 6998893 6998894 21538282)	67371010
20	1	N/A	-302.828397678551	C9H11NO2	[M + H]+	FQCDZURCBARRDO	InChI=1S/C9H11NO2/c11-9(12)10-7-6-8-4-2-1-3-5-8/h1-5,10H,6-7H2,(H,11,12)	Phenethylcarbamic Acid	C1=CC=C(C=C1)CCNC(=O)O	1.60000002	448551;21202737;135262552	PubChem:(448551 21202737 135262552);PubMed;PubChem class - bio and metabolites	16777282
21	1	N/A	-302.9711921963886	C9H11NO2	[M + H]+	VLOIVYPDUSVCLZ	InChI=1S/C9H11NO2/c10-6-8-4-2-1-3-7(8)5-9(11)12/h1-4H,5-6,10H2,(H,11,12)	2-Aminomethylphenylacetic acid	C1=CC=C(C(=C1)CC(=O)O)CN	0.439722747	1514158;40479075	NORMAN:(NS00030859);PubChem:(1514158 40479075);MeSH:(1514158);PubChem class - safety and toxic;PubMed;KEGG Mine	8657305670
22	1	N/A	-316.72465811273696	C9H11NO2	[M + H]+	TVIVLENJTXGRAM	InChI=1S/C9H11NO2/c1-12-9(11)6-7-2-4-8(10)5-3-7/h2-5H,6,10H2,1H3	methyl p-aminophenylacetate	COC(=O)CC1=CC=C(C=C1)N	1.2742728	2761030	PubChem class - safety and toxic;PubChem:(2761030);PubMed	67108930
23	1	N/A	-321.62898117956894	C9H11NO2	[M + H]+	LDJLLJYEHWTXLF	InChI=1S/C9H11NO2/c10-9(12)6-5-7-3-1-2-4-8(7)11/h1-4,11H,5-6H2,(H2,10,12)	Benzenepropanamide,2-hydroxy-	C1=CC=C(C(=C1)CCC(=O)N)O	1.02995837	31159	COCONUT:(CNP0234471);Natural Products:(UNPD26316);PubChem:(31159);SuperNatural:(SN00278282);ZINC bio:(ZINC01433352);EcoCyc Mine;KEGG Mine	25772990466
24	1	N/A	-322.022101230715	C9H11NO2	[M + H]+	JOTMFOWEVMXFHO	InChI=1S/C9H11NO2/c10-6-7-12-9(11)8-4-2-1-3-5-8/h1-5H,6-7,10H2	2-Aminoethyl benzoate	C1=CC=C(C=C1)C(=O)OCCN	0.635475576	169518	MeSH:(169518);PubChem class - safety and toxic;PubChem:(169518);PubMed	67108934
25	1	N/A	-325.2427125657225	C9H11NO2	[M + H]+	OLKQIWCQICCYQS	InChI=1S/C9H11NO2/c1-12-8-4-2-7(3-5-8)6-9(10)11/h2-5H,6H2,1H3,(H2,10,11)	ACMC-20amem	COC1=CC=C(C=C1)CC(=O)N	0.990474224	241868	NORMAN:(NS00044314);COCONUT:(CNP0206155);PubChem:(241868);ZINC bio:(ZINC00156551);PubChem class - bio and metabolites;PubChem class - safety and toxic;PubMed	86253634
26	1	N/A	-334.8247539127977	C9H11NO2	[M + H]+	ZFOUTGXGIQLWIT	InChI=1S/C9H11NO2/c1-10(12)9(11)7-8-5-3-2-4-6-8/h2-6,12H,7H2,1H3	N-Mpaha	CN(C(=O)CC1=CC=CC=C1)O	0.800000012	194437	COCONUT:(CNP0104612);Natural Products:(UNPD46511);PubChem:(194437);SuperNatural:(SN00293556);ZINC bio:(ZINC05420229);MeSH:(194437);PubMed	3186758
27	1	N/A	-336.0883999018785	C9H11NO2	[M + H]+	JXYACYYPACQCDM	InChI=1S/C9H11NO2/c10-6-9(11)12-7-8-4-2-1-3-5-8/h1-5H,6-7,10H2	Benzyl aminoacetate	C1=CC=C(C=C1)COC(=O)CN	0.623492837	409140;3684791;10725758;10797159;11701101;101383098;122130027	NORMAN:(NS00021751);COCONUT:(CNP0003113);HMDB:(59934);PubChem:(409140 3684791 10725758 10797159 11701101 101383098 122130027);ZINC bio:(ZINC00388707);PubMed;KEGG Mine	8592302154
28	1	N/A	-337.7299794369729	C9H11NO2	[M + H]+	DVYKQANXDBJSGF	InChI=1S/C9H11NO2/c1-10-9(12)6-7-2-4-8(11)5-3-7/h2-5,11H,6H2,1H3,(H,10,12)	2-(4-Hydroxyphenyl)-N-methylacetamide	CNC(=O)CC1=CC=C(C=C1)O	0.929717839	12923078	PubChem:(12923078);PubChem class - safety and toxic	67108866
29	1	N/A	-339.20514873119964	C9H11NO2	[M + H]+	JJCZGVLYNIVKKD	InChI=1S/C9H11NO2/c10-9(12)8(6-11)7-4-2-1-3-5-7/h1-5,8,11H,6H2,(H2,10,12)	Tropamide	C1=CC=C(C=C1)C(CO)C(=O)N	0.435537845	228404;14094752;14094753	NORMAN:(NS00014365);COCONUT:(CNP0386054);Natural Products:(UNPD80277);PubChem:(228404 14094752 14094753);SuperNatural:(SN00370258);YMDB Mine;ZINC bio:(ZINC01577588 ZINC02046329);PubMed;KEGG Mine	42953121858
30	1	N/A	-340.7973256620006	C9H11NO2	[M + H]+	AQBJGAUQEJFPKZ	InChI=1S/C9H11NO2/c1-12-9(11)8-4-2-7(6-10)3-5-8/h2-5H,6,10H2,1H3	Oprea1_645037	COC(=O)C1=CC=C(C=C1)CN	0.68781364	571728;8465110;90101112	NORMAN:(NS00016086);PubChem:(571728 8465110 90101112);PubMed;PubChem class - bio and metabolites	17039426
31	1	N/A	-340.84487649173195	C9H11NO2	[M + H]+	XWHVYQNRIHTVTH	InChI=1S/C9H11NO2/c1-12-9-4-2-8(3-5-9)6-7-10-11/h2-5,7,11H,6H2,1H3	para-Methoxyphenylacetaldoxime	COC1=CC=C(C=C1)CC=NO	1.66709161	487891;6476218;9575477	PubChem class - safety and toxic;PubChem:(487891 6476218 9575477);PubMed;KEGG Mine	8657043522
32	1	N/A	-342.00298117122486	C9H11NO2	[M + H]+	QHOOQLXZKWMYCC	InChI=1S/C9H11NO2/c1-12-8-5-3-2-4-7(8)6-9(10)11/h2-5H,6H2,1H3,(H2,10,11)	Benzeneacetamide,2-methoxy-	COC1=CC=CC=C1CC(=O)N	0.990474224	80662	PubChem:(80662);NORMAN:(NS00054686)	262146
33	1	N/A	-342.53153716544034	C9H11NO2	[M + H]+	BVKGNQRDVFGNIW	InChI=1S/C9H11NO2/c1-12-9(11)6-7-3-2-4-8(10)5-7/h2-5H,6,10H2,1H3	Ambcb4033474	COC(=O)CC1=CC(=CC=C1)N	1.2742728	13054266	PubChem:(13054266);PubChem class - safety and toxic	67108866
34	1	N/A	-343.7380095072196	C9H11NO2	[M + H]+	RHWRQKAVZMHQSH	InChI=1S/C9H11NO2/c10-9(12)6-8(11)7-4-2-1-3-5-7/h1-5,8,11H,6H2,(H2,10,12)	3-hydroxy-3-phenylpropanamide	C1=CC=C(C=C1)C(CC(=O)N)O	-0.100000001	231309;11298158;101671558	MeSH:(231309);PubChem:(231309 11298158 101671558);PubMed	70
35	1	N/A	-344.51003032530053	C9H11NO2	[M + H]+	HCUMBNVFLOJFSA	InChI=1S/C9H11NO2/c10-7-5-12-8-4-2-1-3-6(8)9(7)11/h1-4,7,9,11H,5,10H2	3-aminochroman-4-ol	C1C(C(C2=CC=CC=C2O1)O)N	-0.100000001	214670;214671;5116378;21128672;21128671;130672418	PubChem:(214670 214671 5116378 21128672 21128671 130672418);PubChem class - safety and toxic	67108866
36	1	N/A	-345.30047254031433	C9H11NO2	[M + H]+	GVOWHGSUZUUUDR	InChI=1S/C9H11NO2/c1-10-8-6-4-3-5-7(8)9(11)12-2/h3-6,10H,1-2H3	Dimethyl anthranilate	CNC1=CC=CC=C1C(=O)OC	1.56971419	6826;20671582	HMDB:(34169);PubChem class - food;SuperNatural:(SN00001196);ZINC bio:(ZINC00157414);HSDB:(85-91-6);MeSH:(6826);PubMed;NORMAN:(NS00012938);COCONUT:(CNP0130292);Natural Products:(UNPD4984);PubChem:(6826 20671582);CHEBI:(142267);PubChem class - bio and metabolites;PubChem class - safety and toxic;KEGG Mine	8811487854
37	1	N/A	-345.73610176292505	C9H11NO2	[M + H]+	SPEGUNZOHLFGCL	InChI=1S/C9H11NO2/c1-2-10-8-6-4-3-5-7(8)9(11)12/h3-6,10H,2H2,1H3,(H,11,12)	Oprea1_837094	CCNC1=CC=CC=C1C(=O)O	1.59102464	66642;6950870	NORMAN:(NS00039332);COCONUT:(CNP0071068);PubChem:(66642 6950870);PubMed;ZINC bio:(ZINC00397404)	2367554
38	1	N/A	-345.83901917155356	C9H11NO2	[M + H]+	ADBSXDPKIDPXQT	InChI=1S/C9H11NO2/c11-6-9(10-7-12)8-4-2-1-3-5-8/h1-5,7,9,11H,6H2,(H,10,12)	Formamide, N-(2-hydroxy-1-phenylethyl)-	C1=CC=C(C=C1)C(CO)NC=O	0.400000006	12255011;16641199;40653802	PubChem:(12255011 16641199 40653802);COCONUT:(CNP0338769)	2097154
39	1	N/A	-347.42964101895353	C9H11NO2	[M + H]+	VZVANBCKRMEFMU	InChI=1S/C9H11NO2/c1-2-7-5-3-4-6-8(7)10-9(11)12/h3-6,10H,2H2,1H3,(H,11,12)	N-(2-ethylphenyl)carbamate	CCC1=CC=CC=C1NC(=O)O	2.17315507	9547908;19018218	PubChem:(9547908 19018218);KEGG Mine;PubChem class - bio and metabolites	8606711810
40	1	N/A	-348.17471613469075	C9H11NO2	[M + H]+	GIMYRAQQQBFFFJ	InChI=1S/C9H11NO2/c1-5-3-6(2)8(10)7(4-5)9(11)12/h3-4H,10H2,1-2H3,(H,11,12)	3,5-dimethylanthranilic	CC1=CC(=C(C(=C1)C(=O)O)N)C	2.0	259834;6931140	PubChem:(259834 6931140);PubChem class - bio and metabolites;EcoCyc Mine;PubChem class - safety and toxic;PubMed;KEGG Mine	25853689922
41	1	N/A	-349.2028121926865	C9H11NO2	[M + H]+	ZRAJFHFOIYKZPF	InChI=1S/C9H11NO2/c11-7-10-6-5-8-1-3-9(12)4-2-8/h1-4,7,12H,5-6H2,(H,10,11)	N-Formyltyramine	C1=CC(=CC=C1CCNC=O)O	1.20000005	577647	COCONUT:(CNP0057661);PubChem:(577647);SuperNatural:(SN00030462);YMDB Mine;ZINC bio:(ZINC32143186);PubMed	34362892354
42	1	N/A	-352.4443419874586	C9H11NO2	[M + H]+	HCLLOQLXKCCWLJ	InChI=1S/C9H11NO2/c1-6-4-3-5-7(10)8(6)9(11)12-2/h3-5H,10H2,1-2H3	Methyl 2-amino-6-methylbenzoate	CC1=C(C(=CC=C1)N)C(=O)OC	2.0	583916	PubChem:(583916);PubChem class - safety and toxic	67108866
43	1	N/A	-354.60422214839446	C9H11NO2	[M + H]+	RAQLHHNBGLJEAK	InChI=1S/C9H11NO2/c1-2-3-7-4-5-8(9(11)12)10-6-7/h4-6H,2-3H2,1H3,(H,11,12)	Oprea1_249921	CCCC1=CN=C(C=C1)C(=O)O	2.0999999	217663	COCONUT:(CNP0030376 CNP0313246);PubChem:(217663);SuperNatural:(SN00220592 SN00001563);CHEBI:(95246);ZINC bio:(ZINC00517503);PubChem class - safety and toxic	70262818
44	1	N/A	-355.403999529003	C9H11NO2	[M + H]+	KMAMEGWTNNOKOE	InChI=1S/C9H11NO2/c10-6-8(9(11)12)7-4-2-1-3-5-7/h1-5H2,(H,11,12)	ACMC-20alci	C1CCC(=C(C#N)C(=O)O)CC1	1.70000005	97457;6931538	NORMAN:(NS00030158);PubChem class - safety and toxic;PubChem:(97457 6931538)	67371010
45	1	N/A	-355.6611978581451	C9H11NO2	[M + H]+	YUGIEZXMHZFOFD	InChI=1S/C9H11NO2/c1-5-4-6(2)10-7(3)8(5)9(11)12/h4H,1-3H3,(H,11,12)	2,4,6-trimethylpyridine-3-carboxylate	CC1=CC(=NC(=C1C(=O)O)C)C	1.5	2753085;7055917	PubChem:(2753085 7055917);SuperNatural:(SN00134793);ZINC bio:(ZINC24717888)	1056770
46	1	N/A	-355.7264667977395	C9H11NO2	[M + H]+	SXQBFCVVZIYXHV	InChI=1S/C9H11NO2/c1-2-3-8-4-6-9(7-5-8)10(11)12/h4-7H,2-3H2,1H3	1-Nitro-4-propylbenzene	CCCC1=CC=C(C=C1)[N+](=O)[O-]	3.1664021	82559	NORMAN:(NS00023228);PubChem class - safety and toxic;PubChem:(82559);PubMed	67371074
47	1	N/A	-359.07127949453417	C9H11NO2	[M + H]+	MDHYFUPTSWXVIA	InChI=1S/C9H11NO2/c1-6-3-4-8(10)7(5-6)9(11)12-2/h3-5H,10H2,1-2H3	Sunarome UVA	CC1=CC(=C(C=C1)N)C(=O)OC	1.59601223	1201104;58115603	EcoCyc Mine;PubChem class - safety and toxic;PubChem:(1201104 58115603)	17246978050
48	1	N/A	-359.58730474876	C9H11NO2	[M + H]+	LRCFAVHRIIYRCZ	InChI=1S/C9H11NO2/c1-7-3-4-10(6-9(11)12)8(2)5-7/h3-5H,6H2,1-2H3/p+1	2-(2,4-dimethylpyridin-1-ium-1-yl)acetate	CC1=CC(=[N+](C=C1)CC(=O)O)C	1.39999998	3034782;3034783	PubChem:(3034782 3034783);NORMAN:(NS00063344)	262146
49	1	N/A	-361.09154630872877	C9H11NO2	[M + H]+	SWXFMMWYVSYQGF	InChI=1S/C9H11NO2/c1-2-10-8-5-3-7(4-6-8)9(11)12/h3-6,10H,2H2,1H3,(H,11,12)	Oprea1_060055	CCNC1=CC=C(C=C1)C(=O)O	1.59102464	2775249;6928219	COCONUT:(CNP0104432);Natural Products:(UNPD46928);PubChem:(2775249 6928219);SuperNatural:(SN00366504);ZINC bio:(ZINC00133191);PubChem class - safety and toxic;PubMed	70295618
50	1	N/A	-361.54841657777587	C9H11NO2	[M + H]+	GXHXILXUVIOAQJ	InChI=1S/C9H11NO2/c1-7-4-3-5-10(8(7)2)6-9(11)12/h3-5H,6H2,1-2H3/p+1	1-(Carboxylatomethyl)dimethylpyridinium	CC1=C([N+](=CC=C1)CC(=O)O)C	1.39999998	16205584;16205585	PubChem:(16205584 16205585);NORMAN:(NS00064203)	262146
51	1	N/A	-362.4828491357809	C9H11NO2	[M + H]+	VGANRAPUHLPJKD	InChI=1S/C9H11NO2/c10-6-1-5-2-7(11)4-9(12)8(5)3-6/h2,4,6,11-12H,1,3,10H2	2-Amino-4,6-dihydroxyindan	C1C(CC2=C1C=C(C=C2O)O)N	0.600000024	137320	MeSH:(137320);PubChem:(137320);PubMed	70
52	1	N/A	-363.02837951565135	C9H11NO2	[M + H]+	KGSVNOLLROCJQM	InChI=1S/C9H11NO2/c11-9(12)7-10-6-8-4-2-1-3-5-8/h1-5,10H,6-7H2,(H,11,12)	N-Benzylglycine	C1=CC=C(C=C1)CNCC(=O)O	-1.39999998	86965;4115531;46398713;60170899;122706533	NORMAN:(NS00025626);PubChem:(86965 4115531 46398713 60170899 122706533);MeSH:(86965);Training Set;PubMed;Biocyc:(CPD0-1380)	280646
53	1	N/A	-363.03304997685245	C9H11NO2	[M + H]+	SCEKDQTVGHRSNS	InChI=1S/C9H11NO2/c1-6-4-7(2)9(10(11)12)8(3)5-6/h4-5H,1-3H3	Nitromesitylene	CC1=CC(=C(C(=C1)C)[N+](=O)[O-])C	2.79999995	69051;450723;10844783;126455925;131851370	NORMAN:(NS00034345);PubChem class - safety and toxic;PubChem:(69051 450723 10844783 126455925 131851370);PubMed	67371074
54	1	N/A	-363.24516925942567	C9H11NO2	[M + H]+	GRPOWBVKVOZQPW	InChI=1S/C9H11NO2/c10-8-3-5-1-2-6(11)4-7(5)9(8)12/h1-2,4,8-9,11-12H,3,10H2	2-Amino-6-oxyindanol-1	C1C(C(C2=C1C=CC(=C2)O)O)N	-0.100000001	3051128	PubChem:(3051128);PubChem class - safety and toxic	67108866
55	1	N/A	-363.8590513423858	C9H11NO2	[M + H]+	IUDKTVXSXWAKJO	InChI=1S/C9H11NO2/c1-2-12-9(11)7-8-5-3-4-6-10-8/h3-6H,2,7H2,1H3	Ethyl 2-pyridylacetate	CCOC(=O)CC1=CC=CC=N1	1.53526509	75960	NORMAN:(NS00028296);PubChem class - safety and toxic;PubChem:(75960);PubMed	67371074
56	1	N/A	-364.8369084498112	C9H11NO2	[M + H]+	VSFYTPXXMLJNAU	InChI=1S/C9H11NO2/c1-6-4-3-5-7(8(6)10)9(11)12-2/h3-5H,10H2,1-2H3	Methyl 2-Amino-m-toluate	CC1=C(C(=CC=C1)C(=O)OC)N	2.0	2763406	NORMAN:(NS00027104);EcoCyc Mine;PubChem class - safety and toxic;PubChem:(2763406);KEGG Mine	25837174786
57	1	N/A	-365.4687084176736	C9H11NO2	[M + H]+	DVVXXHVHGGWWPE	InChI=1S/C9H11NO2/c1-10(2)8-6-4-3-5-7(8)9(11)12/h3-6H,1-2H3,(H,11,12)	2-(dimethylamino)benzoate	CN(C)C1=CC=CC=C1C(=O)O	1.33826792	69118;6994017	NORMAN:(NS00034525);COCONUT:(CNP0033044);PubChem:(69118 6994017);ZINC bio:(ZINC01677586);PubChem class - safety and toxic;PubMed;KEGG Mine	8659411010
58	1	N/A	-366.24292193016123	C9H11NO2	[M + H]+	CYETZFOMNAFWSY	InChI=1S/C9H11NO2/c1-5-3-7(9(11)12)6(2)8(10)4-5/h3-4H,10H2,1-2H3,(H,11,12)	3-Amino-2,5-dimethylbenzoic acid	CC1=CC(=C(C(=C1)N)C)C(=O)O	1.5	43471	PubChem:(43471);PubChem class - safety and toxic	67108866
59	1	N/A	-368.0769639262367	C9H11NO2	[M + H]+	LLAMGYUWYUMHCH	InChI=1S/C9H11NO2/c1-10-8-5-3-7(4-6-8)9(11)12-2/h3-6,10H,1-2H3	Methyl 4-methylaminobenzoate	CNC1=CC=C(C=C1)C(=O)OC	1.56971419	140375;57381921	COCONUT:(CNP0331902);Natural Products:(UNPD96980);PubChem:(140375 57381921);SuperNatural:(SN00308908);ZINC bio:(ZINC00402229);KEGG Mine	8593121282
60	1	N/A	-368.1614921569145	C9H11NO2	[M + H]+	SSMYTAQHMUHRSK	InChI=1S/C9H11NO2/c1-2-9(12)10-7-3-5-8(11)6-4-7/h3-6,11H,2H2,1H3,(H,10,12)	Parapropamol	CCC(=O)NC1=CC=C(C=C1)O	1.49069333	74325	NORMAN:(NS00025556);PubChem:(74325);additional;MeSH:(74325);PubChem class - safety and toxic;Training Set;PubMed	67911750
61	1	N/A	-368.1769366530141	C9H11NO2	[M + H]+	AVIDZQVUWISHES	InChI=1S/C9H11NO2/c1-6-5-8(10-7(2)11)3-4-9(6)12/h3-5,12H,1-2H3,(H,10,11)	3-Methylacetaminophen	CC1=C(C=CC(=C1)NC(=O)C)O	1.38107002	85384	MeSH:(85384);Training Set;PubChem:(85384);PubMed;KEGG Mine	8589951046
62	1	N/A	-368.34665811633795	C9H11NO2	[M + H]+	BPJRIMLTKIFIHS	InChI=1S/C9H11NO2/c1-6-3-7(9(11)12-2)5-8(10)4-6/h3-5H,10H2,1-2H3	Benzoic acid,3-amino-5-methyl-, methyl ester	CC1=CC(=CC(=C1)N)C(=O)OC	1.5	21129903	PubChem:(21129903);PubChem class - safety and toxic	67108866
63	1	N/A	-368.5756975996096	C9H11NO2	[M + H]+	OKBJVCWRESLMMD	InChI=1S/C9H11NO2/c1-7-3-5-8(6-4-7)10-9(11)12-2/h3-6H,1-2H3,(H,10,11)	methyl N-(4-methylphenyl)carbamate	CC1=CC=C(C=C1)NC(=O)OC	2.13367081	528092	PubChem:(528092);PubChem class - safety and toxic	67108866
64	1	N/A	-369.44206586389015	C9H11NO2	[M + H]+	SZJUWKPNWWCOPG	InChI=1S/C9H11NO2/c1-12-9(11)7-10-8-5-3-2-4-6-8/h2-6,10H,7H2,1H3	methyl 2-anilinoacetate	COC(=O)CNC1=CC=CC=C1	1.50539339	571509	MeSH:(571509);PubChem:(571509);PubMed;ZINC bio:(ZINC00128694)	8262
65	1	N/A	-370.51103739196486	C9H11NO2	[M + H]+	UGAXDAGIKIVCQB	InChI=1S/C9H11NO2/c1-2-5-8-6-3-4-7-9(8)10(11)12/h3-4,6-7H,2,5H2,1H3	1-Nitro-2-propylbenzene	CCCC1=CC=CC=C1[N+](=O)[O-]	3.1664021	138939	PubChem class - safety and toxic;PubChem:(138939);PubMed	67108930
66	1	N/A	-370.9042478619154	C9H11NO2	[M + H]+	DIKCFMMRNVHRSS	InChI=1S/C9H11NO2/c1-7(10-11)8-5-3-4-6-9(8)12-2/h3-6,11H,1-2H3	Ethanone,1-(2-methoxyphenyl)-, oxime	CC(=NO)C1=CC=CC=C1OC	1.59486675	339125;5824625;9601268	PubChem class - safety and toxic;PubChem:(339125 5824625 9601268);ZINC bio:(ZINC14442422)	67117058
67	1	N/A	-371.1334028189288	C9H11NO2	[M + H]+	RRIRDPSOCUCGBV	InChI=1S/C9H11NO2/c10-4-3-7-1-2-8-9(5-7)12-6-11-8/h1-2,5H,3-4,6,10H2	Oprea1_155021	C1OC2=C(O1)C=C(C=C2)CCN	1.07802057	73874;6941660;57734022	NORMAN:(NS00024861);PubChem:(73874 6941660 57734022);MeSH:(73874);PubChem class - safety and toxic;Training Set;PubMed	67387462
68	1	N/A	-372.31287876548566	C9H11NO2	[M + H]+	ZHIPSMIKSRYZFV	InChI=1S/C9H11NO2/c1-6-5-7(9(11)12-2)3-4-8(6)10/h3-5H,10H2,1-2H3	zlchem 944	CC1=C(C=CC(=C1)C(=O)OC)N	1.59601223	2736799	PubChem class - safety and toxic;PubChem:(2736799);PubMed	67108930
69	1	N/A	-374.34748386109624	C9H11NO2	[M + H]+	MUOBMUYSNYMSDM	InChI=1S/C9H11NO2/c1-5-3-4-7(9(11)12)8(10)6(5)2/h3-4H,10H2,1-2H3,(H,11,12)	Oprea1_099755	CC1=C(C(=C(C=C1)C(=O)O)N)C	2.0	282450;21872092	EcoCyc Mine;PubChem class - safety and toxic;PubChem:(282450 21872092);PubMed;KEGG Mine	25836912706
70	1	N/A	-374.4443149473253	C9H11NO2	[M + H]+	UKERDACREYXSIV	InChI=1S/C9H11NO2/c1-10(12-2)9(11)8-6-4-3-5-7-8/h3-7H,1-2H3	N-Methoxy-N-methylbenzamide	CN(C(=O)C1=CC=CC=C1)OC	1.49109185	569575	PubChem class - safety and toxic;PubChem:(569575);CHEBI:(59742)	67108898
71	1	N/A	-374.59413742800734	C9H11NO2	[M + H]+	HCSLVUIHZMSYAG	InChI=1S/C9H11NO2/c10-8-4-5-3-6(11)1-2-7(5)9(8)12/h1-3,8-9,11-12H,4,10H2	1,5-Indandiol, 2-amino-	C1C(C(C2=C1C=C(C=C2)O)O)N	-0.100000001	3051127	PubChem:(3051127);PubChem class - safety and toxic	67108866
72	1	N/A	-375.3958275567402	C9H11NO2	[M + H]+	YBIMGWHAVLSEEF	InChI=1S/C9H11NO2/c11-6-5-10-7-8-1-3-9(12)4-2-8/h1-4,7,11-12H,5-6H2	null	C1=CC(=CC=C1C=NCCO)O	0.5	121565	PubChem:(121565);PubChem class - safety and toxic	67108866
73	1	N/A	-375.560792467584	C9H11NO2	[M + H]+	YEPWCJHMSVABPQ	InChI=1S/C9H11NO2/c1-6-3-4-7(5-8(6)10)9(11)12-2/h3-5H,10H2,1-2H3	Methyl 3-amino-p-toluate	CC1=C(C=C(C=C1)C(=O)OC)N	1.59601223	337778	NORMAN:(NS00007954);PubChem class - safety and toxic;Training Set;PubChem:(337778)	67387394
74	1	N/A	-375.69163417616323	C9H11NO2	[M + H]+	JNPZKGOLYSCSEL	InChI=1S/C9H11NO2/c1-6-3-4-7(10)5-8(6)9(11)12-2/h3-5H,10H2,1-2H3	Methyl 5-Amino-2-Methylbenzoate	CC1=C(C=C(C=C1)N)C(=O)OC	1.59601223	15049977	PubChem:(15049977);PubChem class - safety and toxic	67108866
75	1	N/A	-376.2630961573449	C9H11NO2	[M + H]+	NEGFNJRAUMCZMY	InChI=1S/C9H11NO2/c1-10(2)8-5-3-4-7(6-8)9(11)12/h3-6H,1-2H3,(H,11,12)	3-(dimethylamino)benzoate	CN(C)C1=CC=CC(=C1)C(=O)O	1.33826792	66837;4745090;11159522	NORMAN:(NS00022928);MeSH:(66837);PubChem class - safety and toxic;PubChem:(66837 4745090 11159522);PubMed	67371078
76	1	N/A	-376.71667081641135	C9H11NO2	[M + H]+	LBKPGNUOUPTQKA	InChI=1S/C9H11NO2/c1-2-12-9(11)10-8-6-4-3-5-7-8/h3-7H,2H2,1H3,(H,10,11)	Euphorin	CCOC(=O)NC1=CC=CC=C1	2.08133268	7591;1380732;10559197;11228980	NORMAN:(NS00023097);COCONUT:(CNP0116883);Natural Products:(UNPD130632);PubChem:(7591 1380732 10559197 11228980);SuperNatural:(SN00281046);PubChem class - bio and metabolites;HSDB:(101-99-5);MeSH:(7591);PubChem class - safety and toxic;PubMed;KEGG Mine	8677261894
77	1	N/A	-378.0052120184491	C9H11NO2	[M + H]+	NRTWXBXJSGGTTE	InChI=1S/C9H11NO2/c1-6-5-7(10)3-4-8(6)9(11)12-2/h3-5H,10H2,1-2H3	Methyl4-amino-2-methylbenzoate	CC1=C(C=CC(=C1)N)C(=O)OC	1.59601223	11672721	PubChem:(11672721);PubChem class - safety and toxic	67108866
78	1	N/A	-378.3894044692716	C9H11NO2	[M + H]+	ZOOQFAUFPWXUMI	InChI=1S/C9H11NO2/c1-6-7(9(11)12-2)4-3-5-8(6)10/h3-5H,10H2,1-2H3	Methyl 3-Amino-o-toluate	CC1=C(C=CC=C1N)C(=O)OC	1.5	3801025;102413014	PubChem:(3801025 102413014);PubChem class - safety and toxic	67108866
79	1	N/A	-378.50727501702556	C9H11NO2	[M + H]+	REBBDMHTSKPGCO	InChI=1S/C9H11NO2/c1-5-3-7(9(11)12)8(10)4-6(5)2/h3-4H,10H2,1-2H3,(H,11,12)	ACMC-20cpdx	CC1=CC(=C(C=C1C)N)C(=O)O	2.0	266534;36690288	EcoCyc Mine;PubChem class - safety and toxic;PubChem:(266534 36690288)	17246978050
80	1	N/A	-380.82222406470646	C9H11NO2	[M + H]+	JHNURUNMNRSGRO	InChI=1S/C9H11NO2/c10-5-7-6-11-8-3-1-2-4-9(8)12-7/h1-4,7H,5-6,10H2	Fourneau 946	C1C(OC2=CC=CC=C2O1)CN	0.800000012	15053;736481;7047581;6542163;6932009	NORMAN:(NS00049140);MeSH:(15053);PubChem class - safety and toxic;PubChem:(15053 736481 7047581 6542163 6932009);PubMed	67371078
81	1	N/A	-381.1720932729636	C9H11NO2	[M + H]+	YXSKGOCVSTWEJU	InChI=1S/C9H11NO2/c1-2-9(12)10-7-4-3-5-8(11)6-7/h3-6,11H,2H2,1H3,(H,10,12)	m-Propanamidophenol	CCC(=O)NC1=CC(=CC=C1)O	1.49069333	210708	PubChem:(210708);PubChem class - safety and toxic	67108866
82	1	N/A	-381.7324481604279	C9H11NO2	[M + H]+	JPLCVGBNQZNQBO	InChI=1S/C9H11NO2/c1-6-5-8(12)3-4-9(6)10-7(2)11/h3-5,12H,1-2H3,(H,10,11)	N-Acetyl-4-amino-m-cresol	CC1=C(C=CC(=C1)O)NC(=O)C	1.38107002	170214	NORMAN:(NS00030587);PubChem:(170214);PubMed;KEGG Mine	8590196802
83	1	N/A	-382.796726456344	C9H11NO2	[M + H]+	KTXUGZHJVRHQGP	InChI=1S/C9H11NO2/c11-6-2-4-9(12)8-3-1-5-10-7-8/h1,3,5,7,11H,2,4,6H2	4-Oxo-4-(3-pyridyl)-1-butanol	C1=CC(=CN=C1)C(=O)CCCO	0.831639528	107819;10103529;45039509;45039510	HMDB:(62402);PubChem:(107819 10103529 45039509 45039510);CHEBI:(82563);ZINC bio:(ZINC02047388);PubChem class - bio and metabolites;MeSH:(107819);KEGG:(C19565);PubMed	16785774
84	1	N/A	-383.2649038404679	C9H11NO2	[M + H]+	YDIYEOMDOWUDTJ	InChI=1S/C9H11NO2/c1-10(2)8-5-3-7(4-6-8)9(11)12/h3-6H,1-2H3,(H,11,12)	4-(dimethylamino)benzoate	CN(C)C1=CC=C(C=C1)C(=O)O	1.33826792	12092;6950245;11205988	NORMAN:(NS00034876);COCONUT:(CNP0229662);PubChem:(12092 6950245 11205988);ZINC bio:(ZINC00388582);PubChem class - bio and metabolites;MeSH:(12092);PubChem class - safety and toxic;PubMed;KEGG Mine	8676188230
85	1	N/A	-384.3560055515808	C9H11NO2	[M + H]+	TWLLPUMZVVGILS	InChI=1S/C9H11NO2/c1-2-12-9(11)7-5-3-4-6-8(7)10/h3-6H,2,10H2,1H3	Oprea1_179888	CCOC(=O)C1=CC=CC=C1N	1.54367423	6877	HMDB:(33589);PubChem class - food;ZINC bio:(ZINC03861699);HSDB:(87-25-2);MeSH:(6877);PubMed;NORMAN:(NS00012372);COCONUT:(CNP0071170);PubChem:(6877);PubChem class - bio and metabolites;PubChem class - safety and toxic;KEGG Mine	8810406478
86	1	N/A	-384.48615525241655	C9H11NO2	[M + H]+	DSEQJUPGRWESKP	InChI=1S/C9H11NO2/c1-6-3-4-9(12)8(5-6)10-7(2)11/h3-5,12H,1-2H3,(H,10,11)	2-Acetamido-4-cresol	CC1=CC(=C(C=C1)O)NC(=O)C	1.38107002	292583	NORMAN:(NS00035547);MeSH:(292583);PubChem class - safety and toxic;PubChem:(292583);PubMed	67371078
87	1	N/A	-384.78782005429395	C9H11NO2	[M + H]+	BSMKYQUHXQAVKG	InChI=1S/C9H11NO2/c1-7(2)8-5-3-4-6-9(8)10(11)12/h3-7H,1-2H3	2-Nitrocumene	CC(C)C1=CC=CC=C1[N+](=O)[O-]	2.94683051	81013;10702342	NORMAN:(NS00035851);PubChem class - safety and toxic;PubChem:(81013 10702342);PubMed	67371074
88	1	N/A	-385.2734613536464	C9H11NO2	[M + H]+	WILMQVBUVCETSB	InChI=1S/C9H11NO2/c1-6-4-8(3)9(10(11)12)5-7(6)2/h4-5H,1-3H3	5-Nitropseudocumene	CC1=CC(=C(C=C1C)[N+](=O)[O-])C	2.79999995	69130	NORMAN:(NS00034562);PubChem class - safety and toxic;PubChem:(69130)	67371010
89	1	N/A	-385.28440965792544	C9H11NO2	[M + H]+	RAPYNAZMJBLLQS	InChI=1S/C9H11NO2/c10-9(7-4-8(11)12)5-2-1-3-6-9/h1-5,7H,6,10H2,(H,11,12)	(E)-3-(1-aminocyclohexa-2,4-dien-1-yl)prop-2-enoic acid	C1C=CC=CC1(C=CC(=O)O)N	-1.70000005	21117871;73743750	PubChem:(21117871 73743750);NORMAN:(NS00057102)	262146
90	1	N/A	-385.8209329080875	C9H11NO2	[M + H]+	WOMYMRWGDVTGQI	InChI=1S/C9H11NO2/c1-3-12-9(11)8-4-5-10-7(2)6-8/h4-6H,3H2,1-2H3	Ethyl 2-methylisonicotinate	CCOC(=O)C1=CC(=NC=C1)C	1.80217886	12243767	PubChem:(12243767);PubChem class - safety and toxic	67108866
91	1	N/A	-386.15368091124975	C9H11NO2	[M + H]+	GHMFBOVUCUXKCD	InChI=1S/C9H11NO2/c1-5-4-8(6(2)11)10-9(5)7(3)12/h4,10H,1-3H3	null	CC1=C(NC(=C1)C(=O)C)C(=O)C	1.10000002	90697725	MeSH:(90697725);PubChem:(90697725);PubMed	70
92	1	N/A	-386.7387152470042	C9H11NO2	[M + H]+	XXOHMWCSTKXDLH	InChI=1S/C9H11NO2/c1-7(10-11)8-3-5-9(12-2)6-4-8/h3-6,11H,1-2H3	4-Methoxyacetophenone oxime	CC(=NO)C1=CC=C(C=C1)OC	1.59486675	96007;5355943;5397262;102320177	NORMAN:(NS00002569);COCONUT:(CNP0105997);PubChem:(96007 5355943 5397262 102320177);SuperNatural:(SN00132563);ZINC bio:(ZINC12410519);PubChem class - safety and toxic;PubMed	70524994
93	1	N/A	-387.64814977101344	C9H11NO2	[M + H]+	QPCWSKDUWIYHBQ	InChI=1S/C9H11NO2/c1-7-4-2-3-5-8(7)12-6-9(10)11/h2-5H,6H2,1H3,(H2,10,11)	2-o-Tolyloxy-acetamide	CC1=CC=CC=C1OCC(=O)N	1.24789286	729998	PubChem:(729998);PubChem class - safety and toxic	67108866
94	1	N/A	-389.68897845261296	C9H11NO2	[M + H]+	LQVPJLFILJGCEX	InChI=1S/C9H11NO2/c10-6-2-3-7-8(11)4-1-5-9(7)12/h7H,1-5H2	Maybridge3_000985	C1CC(=O)C(C(=O)C1)CCC#N	0.100000001	293640	NORMAN:(NS00016400);PubChem:(293640);PubMed	262210
95	1	N/A	-390.05028139509716	C9H11NO2	[M + H]+	NTWVSQZLKBQYNV	InChI=1S/C9H11NO2/c1-7-3-5-8(6-4-7)9(11)10(2)12/h3-6,12H,1-2H3	N-hydroxy-N,4-dimethylbenzamide	CC1=CC=C(C=C1)C(=O)N(C)O	1.29999995	150934	MeSH:(150934);PubChem:(150934);PubMed	70
96	1	N/A	-390.49517263441794	C9H11NO2	[M + H]+	HTVPAACTHAQQAS	InChI=1S/C9H11NO2/c1-6-3-4-8(9(12)5-6)10-7(2)11/h3-5,12H,1-2H3,(H,10,11)	2''-Hydroxy-P-Acetotoluidide	CC1=CC(=C(C=C1)NC(=O)C)O	1.38107002	83437	COCONUT:(CNP0038952);PubChem:(83437);SuperNatural:(SN00118605);ZINC bio:(ZINC00409297);MeSH:(83437);PubChem class - safety and toxic;PubMed	70262854
97	1	N/A	-390.6255033188632	C9H11NO2	[M + H]+	ZKSYUNLBFSOENV	InChI=1S/C9H11NO2/c11-7-6-10-9(12)8-4-2-1-3-5-8/h1-5,11H,6-7H2,(H,10,12)	N-(2-Hydroxyethyl)benzamide	C1=CC=C(C=C1)C(=O)NCCO	0.680482745	569526;56619182	COCONUT:(CNP0235137);Natural Products:(UNPD199049);PubChem:(569526 56619182);ZINC bio:(ZINC03111393);MeSH:(569526);PubMed	2138182
98	1	N/A	-391.243209593574	C9H11NO2	[M + H]+	NXVAEVHJWOBXKG	InChI=1S/C9H11NO2/c1-10-9(11)7-5-3-4-6-8(7)12-2/h3-6H,1-2H3,(H,10,11)	2-methoxy-N-methylbenzamide	CNC(=O)C1=CC=CC=C1OC	1.17780876	76940	PubChem:(76940);PubChem class - safety and toxic	67108866
99	1	N/A	-391.4568646420545	C9H11NO2	[M + H]+	QINWEXQDNPWYGB	InChI=1S/C9H11NO2/c1-3-8(11)7-5-4-6-9(10-7)12-2/h4-6H,3H2,1-2H3	null	CCC(=O)C1=NC(=CC=C1)OC	1.60000002	57790025	PubChem:(57790025);PubChem class - safety and toxic	67108866
100	1	N/A	-391.5663858713927	C9H11NO2	[M + H]+	DKXQDOLWLOYQOK	InChI=1S/C9H11NO2/c1-7-3-5-9(6-4-7)10(12)8(2)11/h3-6,12H,1-2H3	N-Hydroxy-acet-para-toluidid	CC1=CC=C(C=C1)N(C(=O)C)O	1.20000005	33858	MeSH:(33858);PubChem:(33858);PubMed	70
101	1	N/A	-391.85230714376166	C9H11NO2	[M + H]+	FWTXWYXPXGKVJG	InChI=1S/C9H11NO2/c1-9(12,8(10)11)7-5-3-2-4-6-7/h2-6,12H,1H3,(H2,10,11)	Themisone	CC(C1=CC=CC=C1)(C(=O)N)O	0.400000006	16235;10352037;86278145	PubChem class - safety and toxic;PubChem:(16235 10352037 86278145);YMDB Mine;PubMed;CHEBI:(134797)	34426847330
102	1	N/A	-391.98686014686507	C9H11NO2	[M + H]+	VOEYXMAFNDNNED	InChI=1S/C9H11NO2/c1-7-4-3-5-8(6-7)12-9(11)10-2/h3-6H,1-2H3,(H,10,11)	Dicresyl	CC1=CC(=CC=C1)OC(=O)NC	2.0389936	14322	NORMAN:(NS00005439);PubChem:(14322);CHEBI:(38537);ZINC bio:(ZINC00135179);additional;HSDB:(1129-41-5);MeSH:(14322);KEGG:(C18747);PubChem class - safety and toxic;Training Set;PubMed	67920742
103	1	N/A	-393.0270816737704	C9H11NO2	[M + H]+	SVJRFDLLBQTDOV	InChI=1S/C9H11NO2/c1-3-7-4-8(6-10-5-7)9(11)12-2/h4-6H,3H2,1-2H3	Methyl 5-ethylpyridine-3-carboxylate	CCC1=CC(=CN=C1)C(=O)OC	1.5	5323747	COCONUT:(CNP0187965);Natural Products:(UNPD111940);PubChem:(5323747);SuperNatural:(SN00347415)	3178498
104	1	N/A	-393.65651683051044	C9H11NO2	[M + H]+	XVAIDCNLVLTVFM	InChI=1S/C9H11NO2/c1-7(11)10-8-3-5-9(12-2)6-4-8/h3-6H,1-2H3,(H,10,11)	Metacetin	CC(=O)NC1=CC=C(C=C1)OC	1.30742145	5827;9793926;12199329;12199331	SuperNatural:(SN00117408);ZINC bio:(ZINC00142828);MeSH:(5827);PubMed;NORMAN:(NS00002763);COCONUT:(CNP0211997);Natural Products:(UNPD226263);PubChem:(5827 9793926 12199329 12199331);CHEBI:(139355 139354);PubChem class - safety and toxic;PubChem class - drug;KEGG Mine	8694046822
105	1	N/A	-393.71174221906216	C9H11NO2	[M + H]+	RPWXYCRIAGBAGY	InChI=1S/C9H11NO2/c1-2-12-9(11)6-8-4-3-5-10-7-8/h3-5,7H,2,6H2,1H3	Ethyl 3-pyridylacetate	CCOC(=O)CC1=CN=CC=C1	1.38800561	96490	NORMAN:(NS00030688);PubChem class - safety and toxic;PubChem:(96490)	67371010
106	1	N/A	-395.04511133124134	C9H11NO2	[M + H]+	UBAYZMJYXBTDBB	InChI=1S/C9H11NO2/c1-10(2)9(12)7-5-3-4-6-8(7)11/h3-6,11H,1-2H3	Salicyldimethylamide	CN(C)C(=O)C1=CC=CC=C1O	1.03751409	74500	PubChem:(74500);PubChem class - safety and toxic	67108866
107	1	N/A	-396.4318223684694	C9H11NO2	[M + H]+	MDSWSNBMVSKNHN	InChI=1S/C9H11NO2/c1-6-3-4-7(2)8(5-6)12-9(10)11/h3-5H,1-2H3,(H2,10,11)	ACMC-20mcup	CC1=CC(=C(C=C1)C)OC(=O)N	2.17339849	60397	PubChem:(60397);PubChem class - safety and toxic	67108866
108	1	N/A	-396.4796203768887	C9H11NO2	[M + H]+	MYOHNZJKOAODMX	InChI=1S/C9H11NO2/c1-10(2)9(11)12-8-6-4-3-5-7-8/h3-7H,1-2H3	Phenyl dimethylcarbamate	CN(C)C(=O)OC1=CC=CC=C1	1.82505047	138885;131847261	PubChem class - safety and toxic;PubChem:(138885 131847261);PubMed	67108930
109	1	N/A	-396.71527679770253	C9H11NO2	[M + H]+	PZQZHZIVKKFGLF	InChI=1S/C9H11NO2/c11-7-3-1-6-2-4-9(12)10-8(6)5-7/h1,3,5,9-12H,2,4H2	null	C1CC2=C(C=C(C=C2)O)NC1O	1.39999998	130195807;137350184	PubChem:(130195807 137350184);PubChem class - bio and metabolites	16777218
110	1	N/A	-397.0255032602188	C9H11NO2	[M + H]+	BZISSEBFTTWALG	InChI=1S/C9H11NO2/c1-7-5-8(12-2)3-4-9(7)10-6-11/h3-6H,1-2H3,(H,10,11)	n-(4-methoxy-2-methylphenyl)formamide	CC1=C(C=CC(=C1)OC)NC=O	1.74983585	244438	PubChem:(244438);PubChem class - safety and toxic	67108866
111	1	N/A	-397.3945435587792	C9H11NO2	[M + H]+	OIEFZHJNURGFFI	InChI=1S/C9H11NO2/c1-7(11)10-8-4-3-5-9(6-8)12-2/h3-6H,1-2H3,(H,10,11)	m-Acetanisidine	CC(=O)NC1=CC(=CC=C1)OC	1.30742145	11494;124111408	NORMAN:(NS00034020);PubChem class - safety and toxic;PubChem:(11494 124111408)	67371010
112	1	N/A	-397.47230857733433	C9H11NO2	[M + H]+	OKYNVMRFOLPHBU	InChI=1S/C9H11NO2/c1-10-6-7-3-4-8(11)9(5-7)12-2/h3-6,11H,1-2H3	null	CN=CC1=CC(=C(C=C1)O)OC	1.4365958	3019724	PubChem:(3019724);NORMAN:(NS00059957)	262146
113	1	N/A	-397.56981742563255	C9H11NO2	[M + H]+	BRCWUAZOJNULLQ	InChI=1S/C9H11NO2/c1-6-4-3-5-8(7(6)2)12-9(10)11/h3-5H,1-2H3,(H2,10,11)	ACMC-20mcuo	CC1=C(C(=CC=C1)OC(=O)N)C	2.17339849	60396	PubChem:(60396);PubChem class - safety and toxic	67108866
114	1	N/A	-398.7468997792056	C9H11NO2	[M + H]+	ZMCBYSBVJIMENC	InChI=1S/C9H11NO2/c1-2-12-9(11)7-4-3-5-8(10)6-7/h3-6H,2,10H2,1H3	m-Aminobenzoate	CCOC(=O)C1=CC(=CC=C1)N	1.54367423	11400;118796938	NORMAN:(NS00033889);COCONUT:(CNP0289316);PubChem:(11400 118796938);SuperNatural:(SN00118552);CHEBI:(81494 131337);ZINC bio:(ZINC00402652);PubChem class - bio and metabolites;MeSH:(11400);KEGG:(C18090);PubChem class - safety and toxic;PubMed	87302502
115	1	N/A	-399.6353288649543	C9H11NO2	[M + H]+	BLFLLBZGZJTVJG	InChI=1S/C9H11NO2/c1-2-12-9(11)7-3-5-8(10)6-4-7/h3-6H,2,10H2,1H3	Anacaine	CCOC(=O)C1=CC=C(C=C1)N	1.54367423	2337;5255576;9989603;45038201;71313692;129285682;132518981;131869360;138396185	HMDB:(4992);SuperNatural:(SN00017903);ZINC bio:(ZINC12358719);additional;HSDB:(94-09-7);MeSH:(2337);PubMed;NORMAN:(NS00001814);COCONUT:(CNP0225761);Natural Products:(UNPD173084);PubChem:(2337 5255576 9989603 45038201 71313692 129285682 132518981 131869360 138396185);CHEBI:(116735);PubChem class - bio and metabolites;KEGG:(C07527);PubChem class - safety and toxic;Training Set;PubChem class - drug	121430894
116	1	N/A	-399.70117270778564	C9H11NO2	[M + H]+	TZORNSWZUZDUCU	InChI=1S/C9H11NO2/c1-3-12-9(11)8-5-4-6-10-7(8)2/h4-6H,3H2,1-2H3	Ethyl 2-methylnicotinate	CCOC(=O)C1=C(N=CC=C1)C	1.5	74401	NORMAN:(NS00025643);PubChem class - safety and toxic;PubChem:(74401);PubMed	67371074
117	1	N/A	-400.0183954152656	C9H11NO2	[M + H]+	XTKCAANLZVJHCD	InChI=1S/C9H11NO2/c1-6-3-4-9(11)8(5-6)7(2)10-12/h3-5,11-12H,1-2H3	null	CC1=CC(=C(C=C1)O)C(=NO)C	1.89999998	596686;135641577;135688166	COCONUT:(CNP0288898);PubChem:(596686 135641577 135688166);SuperNatural:(SN00131470);ZINC bio:(ZINC05002519)	3153922
118	1	N/A	-401.3756178591328	C9H11NO2	[M + H]+	JXMYUMNAEKRMIP	InChI=1S/C9H11NO2/c1-7(2)8-3-5-9(6-4-8)10(11)12/h3-7H,1-2H3	4-Nitrocumene	CC(C)C1=CC=C(C=C1)[N+](=O)[O-]	2.94683051	15749;10773532;131701135	NORMAN:(NS00025979);PubChem class - safety and toxic;PubChem:(15749 10773532 131701135);PubMed	67371074
119	1	N/A	-401.45559233039046	C9H11NO2	[M + H]+	FGRVZNLGONJWJN	InChI=1S/C9H11NO2/c1-6-4-3-5-7(9(10)11)8(6)12-2/h3-5H,1-2H3,(H2,10,11)	3-Methyl-o-anisamide	CC1=C(C(=CC=C1)C(=O)N)OC	1.10000002	56081	PubChem:(56081);PubChem class - safety and toxic	67108866
120	1	N/A	-401.65199805892087	C9H11NO2	[M + H]+	LEQAQBFYCMENLP	InChI=1S/C9H11NO2/c1-12-7-9(11)10-8-5-3-2-4-6-8/h2-6H,7H2,1H3,(H,10,11)	2-methoxy-N-phenylacetamide	COCC(=O)NC1=CC=CC=C1	1.20816505	264222	PubChem:(264222);NORMAN:(NS00006341)	262146
121	1	N/A	-401.769712995016	C9H11NO2	[M + H]+	XEYORFKUJZEQCH	InChI=1S/C9H11NO2/c1-7(12)10-9-4-2-8(6-11)3-5-9/h2-5,11H,6H2,1H3,(H,10,12)	4-Acetamidobenzyl alcohol	CC(=O)NC1=CC=C(C=C1)CO	0.862433612	152141;87103749	COCONUT:(CNP0307687);KNApSAcK:(44988);Natural Products:(UNPD157355);PubChem:(152141 87103749);ZINC bio:(ZINC02566078);MeSH:(152141);PubChem class - safety and toxic;PubMed	69247062
122	1	N/A	-402.0979469106155	C9H11NO2	[M + H]+	MHQYNOHBRKPLGX	InChI=1S/C9H11NO2/c1-6-3-4-8(12)5-9(6)10-7(2)11/h3-5,12H,1-2H3,(H,10,11)	o-Acetotoluidide,5''-hydroxy- (5CI)	CC1=C(C=C(C=C1)O)NC(=O)C	1.38107002	3018138	PubChem:(3018138);NORMAN:(NS00062137)	262146
123	1	N/A	-402.52837610981464	C9H11NO2	[M + H]+	SPLXTEULIVJMRZ	InChI=1S/C9H11NO2/c1-2-9(11)7-3-5-8(10-12)6-4-7/h3-6,10,12H,2H2,1H3	4-Hydroxyaminopropiophenone	CCC(=O)C1=CC=C(C=C1)NO	1.74430656	65520	MeSH:(65520);PubChem class - safety and toxic;PubChem:(65520);PubMed	67108934
124	1	N/A	-403.6501348577616	C9H11NO2	[M + H]+	KVIZYCBDCWXNOQ	InChI=1S/C9H11NO2/c1-7(11)10-6-8-2-4-9(12)5-3-8/h2-5,12H,6H2,1H3,(H,10,11)	N-P-Hydroxybenzylacetamide	CC(=O)NCC1=CC=C(C=C1)O	0.767756522	458498	COCONUT:(CNP0325229);Natural Products:(UNPD195214);PubChem:(458498);SuperNatural:(SN00013762);ZINC bio:(ZINC05856110);PubMed	3186754
125	1	N/A	-404.22241825290246	C9H11NO2	[M + H]+	UFIFDZMJARCOCP	InChI=1S/C9H11NO2/c1-5-3-7(6(2)11)9(12)8(10)4-5/h3-4,12H,10H2,1-2H3	Ambap70977-71-8	CC1=CC(=C(C(=C1)N)O)C(=O)C	1.5	2756449	PubChem:(2756449);PubChem class - safety and toxic	67108866
126	1	N/A	-404.41315670427986	C9H11NO2	[M + H]+	UHDKXFCUGVGVDP	InChI=1S/C9H11NO2/c1-2-10-9(12)7-5-3-4-6-8(7)11/h3-6,11H,2H2,1H3,(H,10,12)	Salicylethylamide	CCNC(=O)C1=CC=CC=C1O	1.19911921	78354	PubChem:(78354);PubChem class - safety and toxic	67108866
127	1	N/A	-404.4150843218217	C9H11NO2	[M + H]+	NYKHQRHPWDLZTL	InChI=1S/C9H11NO2/c1-7(11)6-9(12)8-4-2-3-5-10-8/h2-5,9,12H,6H2,1H3	4-hydroxy-4-pyridin-2-ylbutan-2-one	CC(=O)CC(C1=CC=CC=N1)O	-0.300000012	684331;684332;236022;4297853	COCONUT:(CNP0267055);PubChem:(684331 684332 236022 4297853);SuperNatural:(SN00042786 SN00042785);ZINC bio:(ZINC00050870 ZINC00050871)	3153922
128	1	N/A	-405.2307270524664	C9H11NO2	[M + H]+	FGOFNVXHDGQVBG	InChI=1S/C9H11NO2/c1-7(11)10-8-5-3-4-6-9(8)12-2/h3-6H,1-2H3,(H,10,11)	o-Acetanisidine	CC(=O)NC1=CC=CC=C1OC	1.30742145	7135;124111412	NORMAN:(NS00039539);COCONUT:(CNP0070988);PubChem:(7135 124111412);SuperNatural:(SN00118076);CHEBI:(143106);ZINC bio:(ZINC00282251);PubChem class - safety and toxic;PubMed	70525026
129	1	N/A	-405.2823863616309	C9H11NO2	[M + H]+	OKHFHYLUACAYPT	InChI=1S/C9H11NO2/c1-6-3-4-8(7(2)10-12)9(11)5-6/h3-5,11-12H,1-2H3	null	CC1=CC(=C(C=C1)C(=NO)C)O	1.89999998	118964;135605977;136150871	COCONUT:(CNP0366379);Natural Products:(UNPD130264);PubChem:(118964 135605977 136150871);SuperNatural:(SN00235252);ZINC bio:(ZINC05542509)	3186690
130	1	N/A	-406.0019292157089	C9H11NO2	[M + H]+	TVUXQVOEAFYAJC	InChI=1S/C9H11NO2/c1-7(11)6-9(12)8-2-4-10-5-3-8/h2-5,9,12H,6H2,1H3	4-hydroxy-4-pyridin-4-ylbutan-2-one	CC(=O)CC(C1=CC=NC=C1)O	-0.300000012	736842;736843;2817520;3719201;6339259	COCONUT:(CNP0073632 CNP0352678);PubChem:(736842 736843 2817520 3719201 6339259);SuperNatural:(SN00043602);PubMed;ZINC bio:(ZINC00161874)	3153986
131	1	N/A	-408.97971606940416	C9H11NO2	[M + H]+	QYGYXBLCKQDQRD	InChI=1S/C9H11NO2/c1-7-3-4-9(12-2)8(5-7)10-6-11/h3-6H,1-2H3,(H,10,11)	2''-Methoxy-5''-methylformanilide	CC1=CC(=C(C=C1)OC)NC=O	1.74983585	579041	PubChem:(579041);PubChem class - safety and toxic	67108866
132	1	N/A	-409.21452216612334	C9H11NO2	[M + H]+	XVBIZDAKVTXSRU	InChI=1S/C9H11NO2/c1-2-8(11)6-3-4-7(10)9(12)5-6/h3-5,12H,2,10H2,1H3	1-(4-Amino-3-hydroxyphenyl)-1-propanone	CCC(=O)C1=CC(=C(C=C1)N)O	1.0	3042966	PubChem:(3042966);PubChem class - safety and toxic	67108866
133	1	N/A	-410.0737615301422	C9H11NO2	[M + H]+	FUDYRLUSXBRPIA	InChI=1S/C9H11NO2/c10-6-7-1-2-8-9(5-7)12-4-3-11-8/h1-2,5H,3-4,6,10H2	6-(Aminomethyl)-1,4-benzodioxane	C1COC2=C(O1)C=CC(=C2)CN	0.476644278	87102;7063542	NORMAN:(NS00025722);PubChem class - safety and toxic;PubChem:(87102 7063542)	67371010
134	1	N/A	-410.2716779145729	C9H11NO2	[M + H]+	DZZNHBFBNYRQTM	InChI=1S/C9H11NO2/c1-5-4-8(10-12)6(2)7(3)9(5)11/h4,11H,1-3H3	2,3,6-trimethyl-4-nitrosophenol	CC1=CC(=C(C(=C1O)C)C)N=O	3.00458813	3902343	COCONUT:(CNP0292044);Natural Products:(UNPD161437);PubChem:(3902343);SuperNatural:(SN00295093)	3178498
135	1	N/A	-410.3079490385317	C9H11NO2	[M + H]+	FMSXHQBTRLUYHP	InChI=1S/C9H11NO2/c1-3-12-9(11)8-6-4-5-7(2)10-8/h4-6H,3H2,1-2H3	ACMC-20akxw	CCOC(=O)C1=CC=CC(=N1)C	1.79999995	564597	PubChem:(564597);PubChem class - safety and toxic	67108866
136	1	N/A	-413.67080948470243	C9H11NO2	[M + H]+	FOFUOGSRVUOROJ	InChI=1S/C9H11NO2/c1-6(11)8-4-3-7(12-2)5-9(8)10/h3-5H,10H2,1-2H3	2''amino-4''-methoxyacetophenone	CC(=O)C1=C(C=C(C=C1)OC)N	1.0350976	10678615	PubChem:(10678615);PubChem class - safety and toxic	67108866
137	1	N/A	-414.4638033202074	C9H11NO2	[M + H]+	NIEOVNNGFLTLHP	InChI=1S/C9H11NO2/c1-2-7-5-8(10-6-11)3-4-9(7)12/h3-6,12H,2H2,1H3,(H,10,11)	null	CCC1=C(C=CC(=C1)NC=O)O	1.78932011	130016232	COCONUT:(CNP0272770);Natural Products:(UNPD222758);PubChem:(130016232)	2129922
138	1	N/A	-415.1077608145974	C9H11NO2	[M + H]+	QVLJLWHOILVHJJ	InChI=1S/C9H11NO2/c1-2-12-9(11)7-8-3-5-10-6-4-8/h3-6H,2,7H2,1H3	Ethyl 4-pyridylacetate	CCOC(=O)CC1=CC=NC=C1	1.38800561	736321	NORMAN:(NS00033076);PubChem class - safety and toxic;PubChem:(736321)	67371010
139	1	N/A	-417.4535224874341	C9H11NO2	[M + H]+	NXHFPNVCAZMTSG	InChI=1S/C9H11NO2/c1-7(11)9(12)10-8-5-3-2-4-6-8/h2-7,11H,1H3,(H,10,12)	Lactanilide	CC(C(=O)NC1=CC=CC=C1)O	1.25694907	223943;53495972;92171675	NORMAN:(NS00002463);PubChem:(223943 53495972 92171675);PubMed;KEGG Mine	8590196802
140	1	N/A	-421.51626490839453	C9H11NO2	[M + H]+	CLAOCVVWIKGTOP	InChI=1S/C9H11NO2/c1-2-6-12-9(11)8-4-3-5-10-7-8/h3-5,7H,2,6H2,1H3	Nicodan percutan	CCCOC(=O)C1=CN=CC=C1	1.67558074	24331	NORMAN:(NS00037844);PubChem:(24331);additional;MeSH:(24331);PubChem class - safety and toxic;PubMed	67895366
141	1	N/A	-422.18799455783704	C9H11NO2	[M + H]+	ZDXGKCWPISPQIQ	InChI=1S/C9H11NO2/c1-3-12-9(11)8-6-10-5-4-7(8)2/h4-6H,3H2,1-2H3	ethyl 4-methylnicotinate	CCOC(=O)C1=C(C=CN=C1)C	1.39999998	409602	COCONUT:(CNP0414274);PubChem:(409602);SuperNatural:(SN00119659);PubMed;ZINC bio:(ZINC01595756)	3153986
142	1	N/A	-422.3588625452277	C9H11NO2	[M + H]+	VSRSQDMWBSKNSF	InChI=1S/C9H11NO2/c1-7(2)12-9(11)8-4-3-5-10-6-8/h3-7H,1-2H3	Nipyl	CC(C)OC(=O)C1=CN=CC=C1	1.67888916	68379	NORMAN:(NS00022365);PubChem class - food;PubChem class - safety and toxic;PubChem:(68379);ZINC bio:(ZINC00389488)	201596930
143	1	N/A	-423.7095077190076	C9H11NO2	[M + H]+	SPLTWZBWXIJQME	InChI=1S/C9H11NO2/c10-8-3-1-2-7(6-8)9-11-4-5-12-9/h1-3,6,9H,4-5,10H2	zlchem 897	C1COC(O1)C2=CC(=CC=C2)N	0.600000024	7020362	PubChem:(7020362);PubChem class - safety and toxic	67108866
144	1	N/A	-426.0995125842349	C9H11NO2	[M + H]+	SBNKFTQSBPKMBZ	InChI=1S/C9H11NO2/c1-2-12-8-6-4-3-5-7(8)9(10)11/h3-6H,2H2,1H3,(H2,10,11)	Anovigam	CCOC1=CC=CC=C1C(=O)N	1.25987554	3282;56924078;76974748;76974749	NORMAN:(NS00002670);PubChem:(3282 56924078 76974748 76974749);CHEBI:(31564);ZINC bio:(ZINC00001384);additional;MeSH:(3282);PubChem class - safety and toxic;PubMed	67903590
145	1	N/A	-426.67026855140085	C9H11NO2	[M + H]+	QURWMBHAPRCRJZ	InChI=1S/C9H11NO2/c1-3-12-9(11)8-5-4-7(2)6-10-8/h4-6H,3H2,1-2H3	Ethyl 5-methylpicolinate	CCOC(=O)C1=NC=C(C=C1)C	1.80217886	12243769	PubChem:(12243769);PubChem class - safety and toxic	67108866
146	1	N/A	-428.5421584022447	C9H11NO2	[M + H]+	LONYQENADVMQEP	InChI=1S/C9H11NO2/c1-2-12-9-5-3-8(4-6-9)10-7-11/h3-7H,2H2,1H3,(H,10,11)	p-Formophenetidide	CCOC1=CC=C(C=C1)NC=O	1.69749784	347405	PubChem:(347405);PubChem class - safety and toxic	67108866
147	1	N/A	-428.6560643812907	C9H11NO2	[M + H]+	GLAUSPDJGYRFQK	InChI=1S/C9H11NO2/c11-9(12)8-7-4-2-1-3-6(7)5-10-8/h5,10H,1-4H2,(H,11,12)	2H-Isoindole-1-carboxylicacid, 4,5,6,7-tetrahydro-	C1CCC2=C(NC=C2C1)C(=O)O	1.89999998	10329645	PubChem:(10329645);PubChem class - safety and toxic	67108866
148	1	N/A	-429.0246739730465	C9H11NO2	[M + H]+	AZEIRPAUJXANCS	InChI=1S/C9H11NO2/c1-2-12-8-5-3-7(4-6-8)9(10)11/h3-6H,2H2,1H3,(H2,10,11)	ACMC-20amjh	CCOC1=CC=C(C=C1)C(=O)N	1.25987554	108776	NORMAN:(NS00033412);PubChem class - safety and toxic;PubChem:(108776);PubMed;ZINC bio:(ZINC00409273)	67379266
149	1	N/A	-431.5067060289641	C9H11NO2	[M + H]+	NEGPUHDTBFUPPD	InChI=1S/C9H11NO2/c1-3-8-7(5-11)4-10-6(2)9(8)12/h3-4,11-12H,1,5H2,2H3	4-ethenyl-5-(hydroxymethyl)-2-methylpyridin-3-ol	CC1=NC=C(C(=C1O)C=C)CO	1.22573102	206441	MeSH:(206441);PubChem:(206441);PubMed	70
150	1	N/A	-431.67695745749336	C9H11NO2	[M + H]+	NYZDHGPFNPXPCM	InChI=1S/C9H11NO2/c11-9(12)8-5-6-3-1-2-4-7(6)10-8/h5,10H,1-4H2,(H,11,12)	Oprea1_235869	C1CCC2=C(C1)C=C(N2)C(=O)O	1.79999995	773806;7405532	PubChem class - safety and toxic;PubChem:(773806 7405532);PubMed	67108930
151	1	N/A	-431.9525509129668	C9H11NO2	[M + H]+	LNRPHCWGORQWPI	InChI=1S/C9H11NO2/c1-6(11)7-3-4-8(10)9(5-7)12-2/h3-5H,10H2,1-2H3	aminomethoxyphenylethanone	CC(=O)C1=CC(=C(C=C1)N)OC	1.0350976	15871038	PubChem:(15871038);PubChem class - bio and metabolites	16777218
152	1	N/A	-433.11032700691754	C9H11NO2	[M + H]+	LAWNEQSYVWOOLN	InChI=1S/C9H12NO2/c1-9(11)12-8-7-10-5-3-2-4-6-10/h2-6H,7-8H2,1H3/q+1	1-(2-acetoxyethyl)pyridinium	CC(=O)OCC[N+]1=CC=CC=C1	0.800000012	193833	MeSH:(193833);PubChem:(193833);PubMed	70
153	1	N/A	-434.097740018113	C9H11NO2	[M + H]+	LHGVLZHIYVKZBT	InChI=1S/C9H11NO2/c11-9-4-3-8(12-9)7-2-1-5-10-6-7/h1-2,5-6,8-9,11H,3-4H2	5-pyridin-3-yloxolan-2-ol	C1CC(OC1C2=CN=CC=C2)O	0.5	179630	KEGG:(C19578);HMDB:(62407);PubChem:(179630);PubMed;CHEBI:(82572)	362
154	1	N/A	-436.23709696998765	C9H11NO2	[M + H]+	NDOYNKFWOCOOIR	InChI=1S/C9H11NO2/c1-2-12-8-5-3-4-7(6-8)9(10)11/h3-6H,2H2,1H3,(H2,10,11)	3-Ethoxybenzamide	CCOC1=CC=CC(=C1)C(=O)N	1.25987554	108775	NORMAN:(NS00033411);PubChem class - safety and toxic;PubChem:(108775);PubMed;KEGG Mine	8657305666
155	1	N/A	-437.22310303213476	C9H11NO2	[M + H]+	IFQXAAQXRCQINZ	InChI=1S/C9H11NO2/c1-9(2)11-7-4-3-6(10)5-8(7)12-9/h3-5H,10H2,1-2H3	2,2-dimethyl-1,3-benzodioxol-5-amine	CC1(OC2=C(O1)C=C(C=C2)N)C	1.70000005	233317	PubChem class - safety and toxic;PubChem:(233317);PubMed	67108930
156	1	N/A	-437.5592076605694	C9H11NO2	[M + H]+	ZWBXYAKHFVPCBF	InChI=1S/C9H11NO2/c1-6(10)7-2-3-8-9(4-7)12-5-11-8/h2-4,6H,5,10H2,1H3	ACMC-20dqqw	CC(C1=CC2=C(C=C1)OCO2)N	1.08132887	129498;40429596;40433452;59124025	MeSH:(129498);PubChem:(129498 40429596 40433452 59124025);PubMed	70
157	1	N/A	-439.56930688089443	C9H11NO2	[M + H]+	RCYRFVQGTJTDQC	InChI=1S/C9H11NO2/c1-12-9(11)7-4-6-10-5-2-3-8(7)10/h2-3,5,7H,4,6H2,1H3	null	COC(=O)C1CCN2C1=CC=C2	0.600000024	12795075	PubChem:(12795075);PubChem class - safety and toxic	67108866
158	1	N/A	-439.6974116898195	C9H11NO2	[M + H]+	VNKYAVPURGSAQN	InChI=1S/C9H11NO2/c11-9(12)7-5-8-3-1-2-4-10(8)6-7/h5-6H,1-4H2,(H,11,12)	null	C1CCN2C=C(C=C2C1)C(=O)O	0.899999976	58044140	PubChem:(58044140);PubChem class - safety and toxic	67108866
159	1	N/A	-440.69172902629276	C9H11NO2	[M + H]+	GYGQWBBAWJBKRW	InChI=1S/C9H11NO2/c1-6(11)7-3-4-8(10-2)9(12)5-7/h3-5,10,12H,1-2H3	1-[3-hydroxy-4-(methylamino)phenyl]ethanone	CC(=O)C1=CC(=C(C=C1)NC)O	1.20000005	3042971	PubChem:(3042971);PubChem class - safety and toxic	67108866
160	1	N/A	-444.98050653880466	C9H11NO2	[M + H]+	PIMOKZUNAGGMDZ	InChI=1S/C9H11NO2/c1-9(11-6-7-12-9)8-4-2-3-5-10-8/h2-5H,6-7H2,1H3	2-(2-methyl-1,3-dioxolan-2-yl)pyridine	CC1(OCCO1)C2=CC=CC=N2	0.5	324521	PubChem class - safety and toxic;PubChem:(324521);ZINC bio:(ZINC00391280)	67117058
161	1	N/A	-446.7068743570071	C9H11NO2	[M + H]+	OKQXTJACOYBNJC	InChI=1S/C9H11NO2/c1-2-12-9(11)8-5-3-4-7(8)6-10/h2-5H2,1H3	null	CCOC(=O)C1=C(CCC1)C#N	1.29999995	85837699	PubChem:(85837699);COCONUT:(CNP0001235)	2097154
162	1	N/A	-447.55506057305246	C9H11NO2	[M + H]+	BRLNLMMLCNZBNP	InChI=1S/C9H11NO2/c1-7-3-2-4-8(10-7)9-11-5-6-12-9/h2-4,9H,5-6H2,1H3	2-(6-methyl-2-pyridyl)-1,3-dioxolane	CC1=NC(=CC=C1)C2OCCO2	0.699999988	2734304	PubChem:(2734304);PubChem class - safety and toxic	67108866
163	1	N/A	-450.23348548872025	C9H11NO2	[M + H]+	PNEABRNAYDDYJK	InChI=1S/C9H11NO2/c1-10(9(12)7-11)8-5-3-2-4-6-8/h2-6,11H,7H2,1H3	2-Hydroxy-N-methyl-N-phenylacetamide	CN(C1=CC=CC=C1)C(=O)CO	0.976718783	5743477	PubChem:(5743477);NORMAN:(NS00031171)	262146
164	1	N/A	-453.4084890668288	C9H11NO2	[M + H]+	BFJCVRGMNCURHB	InChI=1S/C9H11NO2/c1-10-9(12)8-5-3-2-4-7(8)6-11/h2-5,11H,6H2,1H3,(H,10,12)	2-(hydroxymethyl)-N-methylbenzamide	CNC(=O)C1=CC=CC=C1CO	0.300000012	4147605	PubChem:(4147605);PubChem class - safety and toxic	67108866
165	1	N/A	-456.36310748212594	C9H11NO2	[M + H]+	UDBFSUDLXQZZPN	InChI=1S/C9H11NO2/c1-10(7-11)9(12)8-5-3-2-4-6-8/h2-6,11H,7H2,1H3	N-Hydroxymethyl-N-methylbenzamide	CN(CO)C(=O)C1=CC=CC=C1	1.10208023	135938	MeSH:(135938);PubChem:(135938);PubMed	70
166	1	N/A	-459.6795993128074	C9H11NO2	[M + H]+	HPOVOZXVSDQDGY	InChI=1S/C9H11NO2/c1-2-12-9-6-4-3-5-8(9)10-7-11/h3-7H,2H2,1H3,(H,10,11)	2''-Ethoxyformanilide	CCOC1=CC=CC=C1NC=O	1.69749784	573244	PubChem class - safety and toxic;PubChem:(573244);PubMed	67108930
167	1	N/A	-460.9201113447157	C9H11NO2	[M + H]+	MTQOKMDKQJVMSO	InChI=1S/C9H11NO2/c1-10-6-9(12)7-2-4-8(11)5-3-7/h2-5,10-11H,6H2,1H3	Sympathone	CNCC(=O)C1=CC=C(C=C1)O	0.856061161	88825;7201045	NORMAN:(NS00026810);PubChem class - safety and toxic;Training Set;PubChem:(88825 7201045);KEGG Mine	8657321986
168	1	N/A	-461.73320547936106	C9H11NO2	[M + H]+	BDLRAEZKFVYJPW	InChI=1S/C9H11NO2/c1-10-6-9(12)7-3-2-4-8(11)5-7/h2-5,10-11H,6H2,1H3	Phenylephrone	CNCC(=O)C1=CC(=CC=C1)O	0.856061161	3024111;46782737;51387525	MeSH:(3024111);PubChem class - safety and toxic;PubChem:(3024111 46782737 51387525);PubMed;KEGG Mine	8657043526
169	1	N/A	-466.56760587699097	C9H11NO2	[M + H]+	MBFUSGLXKQWVDW	InChI=1S/C9H11NO2/c11-8-3-6-1-2-10-5-7(6)4-9(8)12/h3-4,10-12H,1-2,5H2	Norsalsolinol	C1CNCC2=CC(=C(C=C21)O)O	0.600000024	36937;7055325	COCONUT:(CNP0139979 CNP0364021);HMDB:(6044);Natural Products:(UNPD198803);PubChem:(36937 7055325);SuperNatural:(SN00125527);ZINC bio:(ZINC03847413);MeSH:(36937);PubChem class - safety and toxic;Training Set;PubMed	70312014
170	1	N/A	-466.85827922622235	C9H11NO2	[M + H]+	HCBOYQSYWSEVID	InChI=1S/C9H11NO2/c1-6-8-7(2-4-10-6)3-5-12-9(8)11/h2,4,9,11H,3,5H2,1H3	8-methyl-3,4-dihydro-1H-pyrano[3,4-c]pyridin-1-ol	CC1=NC=CC2=C1C(OCC2)O	0.400000006	5317559	COCONUT:(CNP0272066);HMDB:(33485);Natural Products:(UNPD144347);PubChem:(5317559);SuperNatural:(SN00159516 SN00390929);PubChem class - bio and metabolites	19955722
171	1	N/A	-469.1270371262259	C9H11NO2	[M + H]+	FPIZVOQFIJHWIS	InChI=1S/C9H11NO2/c1-3-5-10-6-4-8(11)9(12)7(10)2/h3-4,6,12H,1,5H2,2H3	1-Allyl-2-methyl-3-hydroxypyrid-4-one	CC1=C(C(=O)C=CN1CC=C)O	1.20000005	3012091	MeSH:(3012091);PubChem class - safety and toxic;PubChem:(3012091);PubMed	67108934
172	1	N/A	-471.5044633579664	C9H11NO2	[M + H]+	FPKGTVXPIULTIP	InChI=1S/C9H11NO2/c1-2-10-7-3-4-8-9(5-7)12-6-11-8/h3-5,10H,2,6H2,1H3	5-(Ethylamino)-1,3-benzodioxole	CCNC1=CC2=C(C=C1)OCO2	1.94174731	118365;57369337	NORMAN:(NS00029392);PubChem class - safety and toxic;PubChem:(118365 57369337)	67371010
173	1	N/A	-476.615442639716	C9H11NO2	[M + H]+	NDPAAAKJGKXFDR	InChI=1S/C9H11NO2/c11-7-3-1-2-6-4-5-8(12)10-9(6)7/h4-5,7,11H,1-3H2,(H,10,12)	5,6,7,8-Tetrahydro-8-hydroxy-2-quinolone	C1CC(C2=C(C1)C=CC(=O)N2)O	-0.300000012	5743643	PubChem:(5743643);NORMAN:(NS00058909)	262146
174	1	N/A	-480.8342651126282	C9H11NO2	[M + H]+	VCGCYPPHDRMEFK	InChI=1S/C9H11NO2/c1-2-12-9(10)7-5-3-4-6-8(7)11/h3-6,10-11H,2H2,1H3	null	CCOC(=N)C1=CC=CC=C1O	1.70651186	167939	MeSH:(167939);PubChem:(167939);PubMed	70
175	1	N/A	-491.67680448673076	C9H11NO2	[M + H]+	CTYJGUDXWIAZCM	InChI=1S/C9H11NO2/c1-2-10-6-7-4-3-5-8(11)9(7)12-10/h3-5,11H,2,6H2,1H3	null	CCN1CC2=C(O1)C(=CC=C2)O	1.70000005	57370453	PubChem:(57370453);NORMAN:(NS00051850)	262146
176	1	N/A	-497.9386811219774	C9H11NO2	[M + H]+	WJWHYIKCMZCOKH	InChI=1S/C9H11NO2/c1-12-8-2-3-9(11)7(6-8)4-5-10/h6,8H,2-4H2,1H3	2-[(3S)-3-methoxy-6-oxocyclohexen-1-yl]acetonitrile	COC1CCC(=O)C(=C1)CC#N	0.0	60202034;72681796	COCONUT:(CNP0122085);Natural Products:(UNPD220717);PubChem:(60202034 72681796)	2129922
177	1	N/A	-499.3243160726315	C9H11NO2	[M + H]+	UAFTWHXBZBAYKV	InChI=1S/C9H11NO2/c1-10-8(11)6-4-2-3-5-7(6)9(10)12/h2-3,6-7H,4-5H2,1H3	1,2,3,6-Tetrahydro-N-methylphthalimide	CN1C(=O)C2CC=CCC2C1=O	0.5021981	94219;11030173;92286132;98056665	PubChem:(94219 11030173 92286132 98056665);NORMAN:(NS00046366)	262146
178	1	N/A	-501.6811074548151	C9H11NO2	[M + H]+	BDNXDQNRTJAZIW	InChI=1S/C9H11NO2/c11-7-3-1-2-4-10-5-8-12-9-6-10/h1,3,7H,5-6,8-9H2	null	C1COCCN1C#CC=CC=O	0.5	10866687	COCONUT:(CNP0404872);Natural Products:(UNPD213304);PubChem:(10866687)	2129922
179	1	N/A	-508.7803089393938	C9H11NO2	[M + H]+	KNRFNTVMEIIKEB	InChI=1S/C9H11NO2/c11-8-3-1-2-7-6(8)4-5-9(12)10-7/h1-5H2,(H,10,12)	3,5,6,7,8-Hexahydrocarbostyril-5-one	C1CC2=C(CCC(=O)N2)C(=O)C1	-0.200000003	293641	COCONUT:(CNP0409954);PubChem:(293641);SuperNatural:(SN00119380);PubMed;ZINC bio:(ZINC01399612)	3153986
180	1	N/A	-519.3055912142801	C9H11NO2	[M + H]+	RIVOBMOBWMOLDJ	InChI=1S/C9H11NO2/c11-8-6-4-1-2-5(3-4)7(6)9(12)10-8/h4-7H,1-3H2,(H,10,11,12)	endo-2,3-Norbornanedicarboximide	C1CC2CC1C3C2C(=O)NC3=O	0.699999988	428477;10749555;15581983;15581984;27507127;51008399;51506863;55251463;73050975;89900618;98047545;98055107;98055108;118571167;122533142;122463906;130791847;139213959	PubChem:(428477 10749555 15581983 15581984 27507127 51008399 51506863 55251463 73050975 89900618 98047545 98055107 98055108 118571167 122533142 122463906 130791847 139213959);PubChem class - safety and toxic	67108866
181	1	N/A	-526.6864441059681	C9H11NO2	[M + H]+	LJRLBPHJWAJIOD	InChI=1S/C9H11NO2/c11-7-2-1-6-4-10-5-9(12)8(6)3-7/h1-3,9-12H,4-5H2	1,2,3,4-Tetrahydro-4,6-isoquinolinediol	C1C(C2=C(CN1)C=CC(=C2)O)O	-0.100000001	3022115;23261354;86312518;86312519	PubChem:(3022115 23261354 86312518 86312519);PubChem class - safety and toxic	67108866
182	1	N/A	-530.6547867739504	C9H11NO2	[M + H]+	DYWLKOLCHFNIMS	InChI=1S/C9H11NO2/c1-9(12)4-8(11)6-2-3-10-5-7(6)9/h2-3,5,8,11-12H,4H2,1H3	null	CC1(CC(C2=C1C=NC=C2)O)O	-0.5	10034952;85099612;101012252;101380429	COCONUT:(CNP0329154);MeSH:(10034952);Natural Products:(UNPD230687);PubChem:(10034952 85099612 101012252 101380429);PubMed	2129990
183	1	N/A	-574.2354197311986	C9H11NO2	[M + H]+	TZLGFEAULCWLDT	InChI=1S/C9H11NO2/c11-7-8-3-4-9(12-8)10-5-1-2-6-10/h3-4,7H,1-2,5-6H2	Oprea1_103594	C1CCN(C1)C2=CC=C(O2)C=O	1.70000005	801481	PubChem class - safety and toxic;PubChem:(801481);PubMed	67108930