structureRankPerFormula	formulaRank	ConfidenceScore	CSI:FingerIDScore	molecularFormula	adduct	InChIkey2D	InChI	name	smiles	xlogp	pubchemids	links	dbflags
1	1	0.1767751961528828	-37.41891948824577	C8H20N2	[M + H]+	GODRGSBJTFNCPC	InChI=1S/C8H20N2/c1-2-10-8-6-4-3-5-7-9/h10H,2-9H2,1H3	N-Ethylhexane-1,6-diamine	CCNCCCCCCN	0.699999988	3016157;134940452;134940456;134940457	PubChem:(3016157 134940452 134940456 134940457);NORMAN:(NS00030711)	262146
2	1	N/A	-39.03134411389173	C8H20N2	[M + H]+	ADKFRZBUXRKWDL	InChI=1S/C8H20N2/c1-2-3-4-5-7-10-8-6-9/h10H,2-9H2,1H3	N-Hexylethylenediamine	CCCCCCNCCN	1.20000005	3345103;102191152	PubChem:(3345103 102191152);PubChem class - safety and toxic	67108866
3	1	N/A	-43.666308086077144	C8H20N2	[M + H]+	QIDZUCYYMUEKOE	InChI=1S/C8H20N2/c1-3-6-10-8-5-4-7-9-2/h9-10H,3-8H2,1-2H3	null	CCCNCCCCNC	1.0	42626580	PubChem:(42626580);PubChem class - bio and metabolites	16777218
4	1	N/A	-45.340103580724985	C8H20N2	[M + H]+	WHDUKLPCKZTPFY	InChI=1S/C8H20N2/c1-3-9-7-5-6-8-10-4-2/h9-10H,3-8H2,1-2H3	N,N''-Diethylbutylenediamine	CCNCCCCNCC	0.800000012	88062	PubChem:(88062);NORMAN:(NS00026334)	262146
5	1	N/A	-46.74604835154681	C8H20N2	[M + H]+	VATUKUMHBXZSCD	InChI=1S/C8H20N2/c1-3-5-9-7-8-10-6-4-2/h9-10H,3-8H2,1-2H3	N,N''-di-n-Propylethylenediamine	CCCNCCNCCC	1.20000005	469899;7004132	PubChem class - safety and toxic;PubChem:(469899 7004132);PubMed	67108930
6	1	N/A	-55.234064257340115	C8H20N2	[M + H]+	MDKQJOKKKZNQDG	InChI=1S/C8H20N2/c1-9-7-5-3-4-6-8-10-2/h9-10H,3-8H2,1-2H3	1,6-Bis(methylamino)hexane	CNCCCCCCNC	0.800000012	83131;7020887	NORMAN:(NS00024134);PubChem class - safety and toxic;PubChem:(83131 7020887);PubMed	67371074
7	1	N/A	-76.23446967020058	C8H20N2	[M + H]+	NPTOAGPGIORAQT	InChI=1S/C8H20N2/c1-8(2)7-10-6-4-3-5-9/h8,10H,3-7,9H2,1-2H3	Isobutylputrescine	CC(C)CNCCCCN	0.899999976	56050	PubChem:(56050);PubChem class - safety and toxic	67108866
8	1	N/A	-82.54885440948833	C8H20N2	[M + H]+	PWGJDPKCLMLPJW	InChI=1S/C8H20N2/c9-7-5-3-1-2-4-6-8-10/h1-10H2	Diaminooctane	C(CCCCN)CCCN	0.899999976	24250;5247760;10953673	ZINC bio:(ZINC01677582);additional;MeSH:(24250);Plantcyc:(18-DIAMINOOCTANE);PubMed;NORMAN:(NS00003319);COCONUT:(CNP0020842);PubChem:(24250 5247760 10953673);CHEBI:(73112);PubChem class - bio and metabolites;PubChem class - safety and toxic;Biocyc:(18-DIAMINOOCTANE)	86911078
9	1	N/A	-83.65755742913126	C8H20N2	[M + H]+	JILXUIANNUALRZ	InChI=1S/C8H20N2/c1-3-10(4-2)8-6-5-7-9/h3-9H2,1-2H3	4-Diethylaminobutylamine	CCN(CC)CCCCN	0.800000012	117976;7004129	NORMAN:(NS00028302);PubChem:(117976 7004129);ZINC bio:(ZINC02146716);MeSH:(117976);PubChem class - safety and toxic;PubMed	67379270
10	1	N/A	-85.49146691653362	C8H20N2	[M + H]+	ZIRAJXHWKZCSAU	InChI=1S/C8H21N2/c1-10(2,3)8-6-4-5-7-9/h4-9H2,1-3H3/q+1	1-Pentanaminium, 5-amino-N,N,N-trimethyl-	C[N+](C)(C)CCCCCN	0.400000006	71407223	COCONUT:(CNP0178164 CNP0218672);Natural Products:(UNPD9430);PubChem:(71407223);SuperNatural:(SN00370226);KEGG Mine	8593113090
11	1	N/A	-87.42082155702106	C8H20N2	[M + H]+	HPQKNNWENQFDLP	InChI=1S/C8H20N2/c1-6(7(2)9)5-8(3,4)10/h6-7H,5,9-10H2,1-4H3	2,4-Dimethylhexane-2,5-diamine	CC(CC(C)(C)N)C(C)N	0.5	3023755	PubChem:(3023755);NORMAN:(NS00066473)	262146
12	1	N/A	-88.02668111659459	C8H20N2	[M + H]+	ZUXUNWLVIWKEHB	InChI=1S/C8H20N2/c1-10(2)8-6-4-3-5-7-9/h3-9H2,1-2H3	(6-aminohexyl)dimethylamine	CN(C)CCCCCCN	0.800000012	258544;6992245;53751720	PubChem:(258544 6992245 53751720);PubChem class - safety and toxic	67108866
13	1	N/A	-88.5609087523372	C8H20N2	[M + H]+	FEBRIAPYLGMZSR	InChI=1S/C8H20N2/c1-3-5-7-9-10-8-6-4-2/h9-10H,3-8H2,1-2H3	1,2-Dibutylhydrazine	CCCCNNCCCC	2.0999999	74454	MeSH:(74454);PubChem:(74454);PubMed	70
14	1	N/A	-90.93572438897175	C8H20N2	[M + H]+	VEAZEPMQWHPHAG	InChI=1S/C8H20N2/c1-9(2)7-5-6-8-10(3)4/h5-8H2,1-4H3	Tetramethylputrescine	CN(C)CCCCN(C)C	1.0	66074;6999059;101548361	NORMAN:(NS00023574);COCONUT:(CNP0143660 CNP0182978);Natural Products:(UNPD21929);PubChem:(66074 6999059 101548361);SuperNatural:(SN00364187 SN00156561);ZINC bio:(ZINC02015920);MeSH:(66074);PubChem class - safety and toxic;PubMed	70557766
15	1	N/A	-101.05660170698064	C8H20N2	[M + H]+	SMJVVYQWUFKTKZ	InChI=1S/C8H20N2/c1-4-10(5-2)8-6-7-9-3/h9H,4-8H2,1-3H3	null	CCN(CC)CCCNC	0.899999976	79577	PubChem:(79577);NORMAN:(NS00043981)	262146
16	1	N/A	-102.56284082169759	C8H20N2	[M + H]+	MFIGJRRHGZYPDD	InChI=1S/C8H20N2/c1-7(2)9-5-6-10-8(3)4/h7-10H,5-6H2,1-4H3	1,2-Bis(isopropylamino)ethane	CC(C)NCCNC(C)C	1.0	77628;7017225	NORMAN:(NS00006340);PubChem class - safety and toxic;PubChem:(77628 7017225);PubMed	67371074
17	1	N/A	-102.83301654837406	C8H20N2	[M + H]+	SYGGWSCXCCJJFT	InChI=1S/C8H20N2/c1-7(2)5-8(9)6-10(3)4/h7-8H,5-6,9H2,1-4H3	(2-amino-4-methylpentyl)dimethylamine	CC(C)CC(CN(C)C)N	1.10000002	20383004;28599418;28599421	PubChem:(20383004 28599418 28599421);PubChem class - safety and toxic	67108866
18	1	N/A	-103.5796918250292	C8H20N2	[M + H]+	FODQIVGFADUBKE	InChI=1S/C8H20N2/c1-3-4-5-6-7-8(2)10-9/h8,10H,3-7,9H2,1-2H3	Octamoxin	CCCCCCC(C)NN	2.4000001	20811;28082481;28082604	COCONUT:(CNP0277094);PubChem:(20811 28082481 28082604);CHEBI:(134768);PubChem class - safety and toxic;PubMed;PubChem class - drug	102760546
19	1	N/A	-103.71897428645698	C8H20N2	[M + H]+	AXFVIWBTKYFOCY	InChI=1S/C8H20N2/c1-8(10(4)5)6-7-9(2)3/h8H,6-7H2,1-5H3	NIAX catalyst TMBDA	CC(CCN(C)C)N(C)C	1.10000002	7350;6951339;6951340;6951341;6951342	NORMAN:(NS00040521);MeSH:(7350);PubChem class - safety and toxic;PubChem:(7350 6951339 6951340 6951341 6951342);PubMed	67371078
20	1	N/A	-112.57104089150022	C8H20N2	[M + H]+	JAUBXQBMUWRRNS	InChI=1S/C8H20N2/c1-8(2,3)10-7-5-4-6-9/h10H,4-7,9H2,1-3H3	Dibutadiamine	CC(C)(C)NCCCCN	0.600000024	15853	PubChem:(15853);MeSH:(15853)	6
21	1	N/A	-115.29715296650727	C8H20N2	[M + H]+	LTERZGUIDLTILL	InChI=1S/C8H20N2/c1-8(2)9-6-5-7-10(3)4/h8-9H,5-7H2,1-4H3	N''-Isopropyl-N,N-dimethyl-1,3-propanediamine	CC(C)NCCCN(C)C	1.0	198460	NORMAN:(NS00054316);PubChem class - safety and toxic;PubChem:(198460)	67371010
22	1	N/A	-116.4157591042366	C8H20N2	[M + H]+	WAYKZORTCXXXDO	InChI=1S/C8H20N2/c1-7(2)5-4-6-8(3)10-9/h7-8,10H,4-6,9H2,1-3H3	6-Methyl-2-heptylhydrazine	CC(C)CCCC(C)NN	2.0999999	202124;124364898;124364899	PubChem:(202124 124364898 124364899);PubChem class - safety and toxic	67108866
23	1	N/A	-116.68430335979895	C8H20N2	[M + H]+	XYKOFBRSFFWOSJ	InChI=1S/C8H20N2/c1-8(6-9(2)3)7-10(4)5/h8H,6-7H2,1-5H3	N,N,N'',N'',2-Pentamethyl-1,3-propanediamine	CC(CN(C)C)CN(C)C	1.10000002	106228;59326259	PubChem:(106228 59326259);NORMAN:(NS00036318)	262146
24	1	N/A	-119.1792686763303	C8H20N2	[M + H]+	URCVHPQQWPAVGB	InChI=1S/C8H20N2/c1-4-5-6-10-8(2,3)7-9/h10H,4-7,9H2,1-3H3	2-N-butyl-2-methylpropane-1,2-diamine	CCCCNC(C)(C)CN	0.699999988	3039391	PubChem:(3039391);PubChem class - safety and toxic	67108866
25	1	N/A	-119.68829287030091	C8H20N2	[M + H]+	AWTHUVMRXUGBBB	InChI=1S/C8H20N2/c1-4-5-7(2)6-8(3)10-9/h7-8,10H,4-6,9H2,1-3H3	(1,3-Dimethylhexyl)hydrazine	CCCC(C)CC(C)NN	2.29999995	202794	PubChem:(202794);PubChem class - safety and toxic	67108866
26	1	N/A	-121.23694171360826	C8H20N2	[M + H]+	WHMZUNKMDWUEMS	InChI=1S/C8H20N2/c1-7(2)8(5-6-9)10(3)4/h7-8H,5-6,9H2,1-4H3	null	CC(C)C(CCN)N(C)C	1.10000002	57126156	PubChem:(57126156);PubChem class - safety and toxic	67108866
27	1	N/A	-125.41033836763278	C8H20N2	[M + H]+	JWTVQZQPKHXGFM	InChI=1S/C8H20N2/c1-7(2,9)5-6-8(3,4)10/h5-6,9-10H2,1-4H3	2,5-Dimethyl-2,5-hexanediamine	CC(C)(CCC(C)(C)N)N	0.300000012	90189	NORMAN:(NS00027454);PubChem:(90189);PubMed	262210
28	1	N/A	-134.62621815187768	C8H20N2	[M + H]+	HDCAZTXEZQWTIJ	InChI=1S/C8H20N2/c1-4-9-7-8-10(5-2)6-3/h9H,4-8H2,1-3H3	1, N,N,N''-triethyl-	CCNCCN(CC)CC	0.899999976	66040;6994790	NORMAN:(NS00023342);PubChem class - safety and toxic;PubChem:(66040 6994790);PubMed	67371074
29	1	N/A	-135.33130362369144	C8H20N2	[M + H]+	GEEGPFGTMRWCID	InChI=1S/C8H20N2/c1-6-7-8(9(2)3)10(4)5/h8H,6-7H2,1-5H3	N,N,N'',N''-Tetramethylbutanediamine	CCCC(N(C)C)N(C)C	1.70000005	213870	PubChem:(213870);PubChem class - safety and toxic	67108866
30	1	N/A	-140.90861597735702	C8H20N2	[M + H]+	CURJNMSGPBXOGK	InChI=1S/C8H20N2/c1-7(2)10(6-5-9)8(3)4/h7-8H,5-6,9H2,1-4H3	1, N,N-bis(1-methylethyl)-	CC(C)N(CCN)C(C)C	0.899999976	8459;6950237;21282552	NORMAN:(NS00023947);PubChem class - safety and toxic;PubChem:(8459 6950237 21282552);PubMed;KEGG Mine	8657305666
31	1	N/A	-145.26722253306522	C8H20N2	[M + H]+	IHOVNUMTDBCBAJ	InChI=1S/C8H20N2/c1-8(2,10(5)6)7-9(3)4/h7H2,1-6H3	1,2-bis(dimethylamino)-2-methylpropane	CC(C)(CN(C)C)N(C)C	0.899999976	110069	PubChem:(110069);NORMAN:(NS00036552)	262146
32	1	N/A	-149.22319860337907	C8H20N2	[M + H]+	YUKZJEQIDOFUPV	InChI=1S/C8H20N2/c1-5-10(6-2)8-7-9(3)4/h5-8H2,1-4H3	1, N,N-diethyl-N'',N''-dimethyl-	CCN(CC)CCN(C)C	1.0	67153	NORMAN:(NS00024007);PubChem class - safety and toxic;PubChem:(67153)	67371010
33	1	N/A	-150.21647869214738	C8H20N2	[M + H]+	BWTBHGDNJBIYAQ	InChI=1S/C8H20N2/c1-5-9(3)7-8-10(4)6-2/h5-8H2,1-4H3	null	CCN(C)CCN(C)CC	1.0	66942;6993672	NORMAN:(NS00023421);PubChem class - safety and toxic;PubChem:(66942 6993672)	67371010