structureRankPerFormula	formulaRank	ConfidenceScore	CSI:FingerIDScore	molecularFormula	adduct	InChIkey2D	InChI	name	smiles	xlogp	pubchemids	links	dbflags
1	1	0.4060559322075832	-3.2294838757518267	C7H19N3	[M + H]+	ATHGHQPFGPMSJY	InChI=1S/C7H19N3/c8-4-1-2-6-10-7-3-5-9/h10H,1-9H2	Spermidin	C(CCNCCCN)CN	-1.0	1102;6992097;10845260;71310763;71311068;90469747;101602097;102033574;102033576;101741870;101741871;101741872;101756247;101756248;119077440;119078111;119078112;129710117;131872266;139024997;138454344	HMDB:(1257);SuperNatural:(SN00307214 SN00002231);ZINC bio:(ZINC01532612);additional;MeSH:(1102);Plantcyc:(SPERMIDINE);PubMed;NORMAN:(NS00014635);COCONUT:(CNP0187744 CNP0279184);KNApSAcK:(1431);Natural Products:(UNPD179137);PubChem:(1102 6992097 10845260 71310763 71311068 90469747 101602097 102033574 102033576 101741870 101741871 101741872 101756247 101756248 119077440 119078111 119078112 129710117 131872266 139024997 138454344);CHEBI:(16610 57834);PubChem class - bio and metabolites;KEGG:(C00315);PubChem class - safety and toxic;YMDB:(232);PubChem class - drug;Biocyc:(SMA-0000314 SPERMIDINE)	121612670
2	1	N/A	-30.777628131697494	C7H19N3	[M + H]+	RUFPEZGNIWGNQW	InChI=1S/C7H19N3/c1-9-5-3-7-10-6-2-4-8/h9-10H,2-8H2,1H3	N''-[3-(methylamino)propyl]propane-1,3-diamine	CNCCCNCCCN	-0.899999976	86888	NORMAN:(NS00025565);PubChem:(86888);KEGG Mine	8590196738
3	1	N/A	-44.42471418372738	C7H19N3	[M + H]+	KMBPCQSCMCEPMU	InChI=1S/C7H19N3/c1-10(6-2-4-8)7-3-5-9/h2-9H2,1H3	Methyliminobispropylamine	CN(CCCN)CCCN	-0.899999976	7777;6992745;22482635;28764460	NORMAN:(NS00005879);COCONUT:(CNP0176428);Natural Products:(UNPD122213);PubChem:(7777 6992745 22482635 28764460);SuperNatural:(SN00303642);ZINC bio:(ZINC01586449 ZINC20230369);additional;MeSH:(7777);PubChem class - safety and toxic;PubMed;KEGG Mine	8661016646
4	1	N/A	-45.40379994974242	C7H19N3	[M + H]+	GDRJDUSGGPSMEI	InChI=1S/C7H19N3/c8-5-1-3-7(10)4-2-6-9/h7H,1-6,8-10H2	1,4,7-Heptanetriamine	C(CC(CCCN)N)CN	-1.10000002	164909	MeSH:(164909);PubChem:(164909);PubMed	70
5	1	N/A	-83.8459708812328	C7H19N3	[M + H]+	KRDDBYPPQLOAPV	InChI=1S/C7H19N3/c1-9(2)6-7-10(3)5-4-8/h4-8H2,1-3H3	1,1,4-Trimethyldiethylenetrimine	CN(C)CCN(C)CCN	-0.600000024	193156	PubChem:(193156);MeSH:(193156)	6
6	1	N/A	-86.63161108193663	C7H19N3	[M + H]+	ODZZIKZQNODXFS	InChI=1S/C7H19N3/c1-8-4-6-10(3)7-5-9-2/h8-9H,4-7H2,1-3H3	null	CNCCN(C)CCNC	-0.542824566	66930;86306441	NORMAN:(NS00023393);PubChem class - safety and toxic;PubChem:(66930 86306441)	67371010
7	1	N/A	-136.46510475318397	C7H19N3	[M + H]+	MUMVIYLVHVCYGI	InChI=1S/C7H19N3/c1-8(2)7(9(3)4)10(5)6/h7H,1-6H3	Tris(dimethylamino)methane	CN(C)C(N(C)C)N(C)C	0.600000024	79831;6950572	NORMAN:(NS00033758);PubChem class - safety and toxic;PubChem:(79831 6950572);PubMed	67371074