structureRankPerFormula	formulaRank	ConfidenceScore	CSI:FingerIDScore	molecularFormula	adduct	InChIkey2D	InChI	name	smiles	xlogp	pubchemids	links	dbflags
1	1	0.5278245181693694	-7.4880589764240595	C8H11NO	[M - H2O + H]+	ULSIYEODSMZIPX	InChI=1S/C8H11NO/c9-6-8(10)7-4-2-1-3-5-7/h1-5,8,10H,6,9H2	bmse000307	C1=CC=C(C=C1)C(CN)O	0.315441757	1000;643217;450537;4745144;10606812;6951163;6951164;6951165;15968885;71751616	HMDB:(1065 62626);SuperNatural:(SN00118560 SN00118561 SN00225187);ZINC bio:(ZINC00403283 ZINC00403284);additional;MeSH:(1000);PubMed;NORMAN:(NS00014647);COCONUT:(CNP0082756 CNP0107878);Natural Products:(UNPD39583);PubChem:(1000 643217 450537 4745144 10606812 6951163 6951164 6951165 15968885 71751616);YMDB Mine;CHEBI:(57741 16343);PubChem class - bio and metabolites;EcoCyc Mine;KEGG:(C02735);PubChem class - safety and toxic;Training Set;Biocyc:(PHENYLETHANOLAMINE)	51627485550
2	1	N/A	-76.9030430539152	C8H11NO	[M - H2O + H]+	IJXJGQCXFSSHNL	InChI=1S/C8H11NO/c9-8(6-10)7-4-2-1-3-5-7/h1-5,8,10H,6,9H2	2-Phenylglycinol	C1=CC=C(C=C1)C(CO)N	0.100000001	92466;134797;2724025;4128378;6950535;6950536;101074482;101074483;100975735	NORMAN:(NS00033551);PubChem:(92466 134797 2724025 4128378 6950535 6950536 101074482 101074483 100975735);additional;MeSH:(92466);PubChem class - safety and toxic;PubMed;KEGG Mine	8657829958
3	1	N/A	-102.77881411047112	C8H11NO	[M - H2O + H]+	GHFGJTVYMNRGBY	InChI=1S/C8H11NO/c9-5-4-7-2-1-3-8(10)6-7/h1-3,6,10H,4-5,9H2	3-Tyramine	C1=CC(=CC(=C1)O)CCN	0.830769777	11492;450793;6951467;12322928;12322929;46198632;46198633;46198634;46198635;59111271;89042545;89042546;89042575	HMDB:(4989);SuperNatural:(SN00224852 SN00118594);ZINC bio:(ZINC00406211);MeSH:(11492);PubMed;NORMAN:(NS00048251);COCONUT:(CNP0027979 CNP0140527 CNP0259532 CNP0290010);Natural Products:(UNPD159391);PubChem:(11492 450793 6951467 12322928 12322929 46198632 46198633 46198634 46198635 59111271 89042545 89042546 89042575);YMDB Mine;CHEBI:(144800 89626);PubChem class - bio and metabolites;EcoCyc Mine;PubChem class - safety and toxic;KEGG Mine	60216877166
4	1	N/A	-107.366775481442	C8H11NO	[M - H2O + H]+	FMEVAQARAVDUNY	InChI=1S/C8H11NO/c9-6-5-7-3-1-2-4-8(7)10/h1-4,10H,5-6,9H2	2-tyramine	C1=CC=C(C(=C1)CCN)O	0.830769777	74865;37888423	NORMAN:(NS00026612);PubChem:(74865 37888423);YMDB Mine;CHEBI:(125487);ZINC bio:(ZINC01852611);EcoCyc Mine;PubChem class - safety and toxic;PubMed;Biocyc:(CPD-11758);KEGG Mine	60196923490
5	1	N/A	-108.76660186280863	C8H11NO	[M - H2O + H]+	DZGWFCGJZKJUFP	InChI=1S/C8H11NO/c9-6-5-7-1-3-8(10)4-2-7/h1-4,10H,5-6,9H2	Tocosine	C1=CC(=CC=C1CCN)O	0.830769777	5610;450788;5249538;12359192;12359193;12359194;16121040;16121042;16121127;16121130;16121131;22802730;25240709;25240710;45359127;46198629;46198630;46198631;59645005;67458472;71308384;89042547;89042548;89042560;89042573;89042574;101110732;129677748	HMDB:(306 62629);PubChem class - food;SuperNatural:(SN00258963 SN00000202);ZINC bio:(ZINC00002233);additional;HSDB:(51-67-2);MeSH:(5610);Plantcyc:(TYRAMINE);PubMed;NORMAN:(NS00000072);COCONUT:(CNP0081671 CNP0111205 CNP0217534 CNP0345765 CNP0358061);KNApSAcK:(1435);Natural Products:(UNPD32187);PubChem:(5610 450788 5249538 12359192 12359193 12359194 16121040 16121042 16121127 16121130 16121131 22802730 25240709 25240710 45359127 46198629 46198630 46198631 59645005 67458472 71308384 89042547 89042548 89042560 89042573 89042574 101110732 129677748);CHEBI:(15760 327995);PubChem class - bio and metabolites;KEGG:(C00483);PubChem class - safety and toxic;YMDB:(1797);Training Set;PubChem class - drug;Biocyc:(TYRAMINE)	255847294
6	1	N/A	-109.6258259458342	C8H11NO	[M - H2O + H]+	JDEYBJHOTWGYFE	InChI=1S/C8H11NO/c1-6(10)7-2-4-8(9)5-3-7/h2-6,10H,9H2,1H3	ACMC-20apba	CC(C1=CC=C(C=C1)N)O	0.800000012	85753;6951270;6951271	NORMAN:(NS00054786);PubChem class - safety and toxic;PubChem:(85753 6951270 6951271)	67371010
7	1	N/A	-116.4129506766367	C8H11NO	[M - H2O + H]+	WMOUKOAUAFESMR	InChI=1S/C8H11NO/c9-5-7-1-3-8(6-10)4-2-7/h1-4,10H,5-6,9H2	4-aminomethylbenzylalcohol	C1=CC(=CC=C1CN)CO	0.346297652	6496943;6998942	PubChem:(6496943 6998942);PubMed;PubChem class - bio and metabolites	16777282
8	1	N/A	-117.50998038511584	C8H11NO	[M - H2O + H]+	QPKNDHZQPGMLCJ	InChI=1S/C8H11NO/c1-6(10)7-3-2-4-8(9)5-7/h2-6,10H,9H2,1H3	1-(3-Aminophenyl)ethanol	CC(C1=CC(=CC=C1)N)O	1.22364032	643191;222461;6951327	NORMAN:(NS00046090);PubChem class - safety and toxic;PubChem:(643191 222461 6951327)	67371010
9	1	N/A	-118.20763045530047	C8H11NO	[M - H2O + H]+	KCTYUINIEPILPS	InChI=1S/C8H11NO/c9-5-7-2-1-3-8(4-7)6-10/h1-4,10H,5-6,9H2	Ambcb4035214	C1=CC(=CC(=C1)CO)CN	0.346297652	21880609;51885421	PubChem:(21880609 51885421);PubChem class - safety and toxic	67108866
10	1	N/A	-119.15037198063625	C8H11NO	[M - H2O + H]+	CDQPLIAKRDYOCB	InChI=1S/C8H11NO/c1-6(9)7-2-4-8(10)5-3-7/h2-6,10H,9H2,1H3	4-(aminoethyl)phenol	CC(C1=CC=C(C=C1)O)N	0.800000012	123594;14696308;41097925;41097923;41097924	COCONUT:(CNP0292009);PubChem:(123594 14696308 41097925 41097923 41097924);SuperNatural:(SN00213191);CHEBI:(581);ZINC bio:(ZINC00403300 ZINC00403301);KEGG:(C03473)	3154210
11	1	N/A	-122.06893437271235	C8H11NO	[M - H2O + H]+	WBIYLDMSLIXZJK	InChI=1S/C8H11NO/c1-6(10)7-4-2-3-5-8(7)9/h2-6,10H,9H2,1H3	1-(2-aminophenyl)ethanol	CC(C1=CC=CC=C1N)O	1.29999995	112058;10920569;12749796	NORMAN:(NS00054467);PubChem class - safety and toxic;PubChem:(112058 10920569 12749796)	67371010
12	1	N/A	-123.85552681396003	C8H11NO	[M - H2O + H]+	DVPHFCAEZWKFDG	InChI=1S/C8H11NO/c9-8(10)6-7-4-2-1-3-5-7/h1-5,8,10H,6,9H2	1-amino-2-phenylethanol	C1=CC=C(C=C1)CC(N)O	0.907195032	28618;14821701;14821702	PubChem:(28618 14821701 14821702);YMDB Mine;EcoCyc Mine;PubChem class - safety and toxic;PubMed;KEGG Mine	60196651074
13	1	N/A	-125.07228418994801	C8H11NO	[M - H2O + H]+	WFRNDUQAIZJRPZ	InChI=1S/C8H11NO/c1-6(9)7-3-2-4-8(10)5-7/h2-6,10H,9H2,1H3	3-(1-aminoethyl)phenol	CC(C1=CC(=CC=C1)O)N	0.834078133	12347985;12347986;40427058	PubChem class - safety and toxic;PubChem:(12347985 12347986 40427058);PubMed;KEGG Mine	8657043522
14	1	N/A	-135.51235339370226	C8H11NO	[M - H2O + H]+	ZWKWKJWRIYGQFD	InChI=1S/C8H11NO/c1-6(9)7-4-2-3-5-8(7)10/h2-6,10H,9H2,1H3	ACMC-20muyr	CC(C1=CC=CC=C1O)N	1.39999998	241456;11105425;11137226	PubChem class - safety and toxic;PubChem:(241456 11105425 11137226);PubMed;KEGG Mine	8657043522
15	1	N/A	-136.23486066121367	C8H11NO	[M - H2O + H]+	MXXMJJSIJDMYJZ	InChI=1S/C8H11NO/c10-9-7-6-8-4-2-1-3-5-8/h1-5,9-10H,6-7H2	N-phenethylhydroxylamine	C1=CC=C(C=C1)CCNO	1.69239438	165091	PubChem:(165091);YMDB Mine;EcoCyc Mine;MeSH:(165091);PubMed;KEGG Mine	60129542214
16	1	N/A	-158.57420468693203	C8H11NO	[M - H2O + H]+	IMLAIXAZMVDRGA	InChI=1S/C8H11NO/c9-6-7-10-8-4-2-1-3-5-8/h1-5H,6-7,9H2	Phenoxyethylamine	C1=CC=C(C=C1)OCCN	0.738947451	15651;1715105	NORMAN:(NS00025771);PubChem:(15651 1715105);YMDB Mine;EcoCyc Mine;PubChem class - safety and toxic;PubMed;KEGG Mine	60196913218
17	1	N/A	-163.7787865748234	C8H11NO	[M - H2O + H]+	ILDXSRFKXABMHH	InChI=1S/C8H11NO/c9-8-4-2-1-3-7(8)5-6-10/h1-4,10H,5-6,9H2	2-Aminophenethanol	C1=CC=C(C(=C1)CCO)N	1.22033203	79282	NORMAN:(NS00032746);PubChem class - safety and toxic;PubChem:(79282);PubMed	67371074
18	1	N/A	-165.9807490547495	C8H11NO	[M - H2O + H]+	QXHDYMUPPXAMPQ	InChI=1S/C8H11NO/c9-8-3-1-7(2-4-8)5-6-10/h1-4,10H,5-6,9H2	Oprea1_680230	C1=CC(=CC=C1CCO)N	1.22033203	66904;58280742	NORMAN:(NS00041191);PubChem class - safety and toxic;PubChem:(66904 58280742);PubMed	67371074
19	1	N/A	-166.19334683354444	C8H11NO	[M - H2O + H]+	FNUKLSVGSFFSLI	InChI=1S/C8H11NO/c9-8-3-1-2-7(6-8)4-5-10/h1-3,6,10H,4-5,9H2	3-Aminophenylethanol	C1=CC(=CC(=C1)N)CCO	1.22033203	14938987	PubChem:(14938987);PubChem class - safety and toxic	67108866
20	1	N/A	-168.84218102922242	C8H11NO	[M - H2O + H]+	MWGATWIBSKHFMR	InChI=1S/C8H11NO/c10-7-6-9-8-4-2-1-3-5-8/h1-5,9-10H,6-7H2	Emery 5700	C1=CC=C(C=C1)NCCO	1.17586017	31235;21972598;59067484	NORMAN:(NS00007518);PubChem:(31235 21972598 59067484);MeSH:(31235);PubChem class - safety and toxic;PubMed;KEGG Mine	8657305670
21	1	N/A	-178.43708605338662	C8H11NO	[M - H2O + H]+	GRRIMVWABNHKBX	InChI=1S/C8H11NO/c1-10-8-4-2-3-7(5-8)6-9/h2-5H,6,9H2,1H3	3-Methoxybenzylamine	COC1=CC=CC(=C1)CN	0.791285515	21156;5247068;11389426;90101202	NORMAN:(NS00032128);PubChem:(21156 5247068 11389426 90101202);ZINC bio:(ZINC00388378);PubChem class - bio and metabolites;PubChem class - safety and toxic;PubMed	84156482
22	1	N/A	-182.99788763816144	C8H11NO	[M - H2O + H]+	IDPURXSQCKYKIJ	InChI=1S/C8H11NO/c1-10-8-4-2-7(6-9)3-5-8/h2-5H,6,9H2,1H3	Anisylamine	COC1=CC=C(C=C1)CN	0.791285515	75452;6931762;11815897;87481963;89768718;101910598	NORMAN:(NS00007481);COCONUT:(CNP0143724 CNP0257920);Natural Products:(UNPD18783);PubChem:(75452 6931762 11815897 87481963 89768718 101910598);SuperNatural:(SN00117497 SN00298083);CHEBI:(49837);ZINC bio:(ZINC00157596);PubChem class - bio and metabolites;MeSH:(75452);PubMed;KEGG Mine	8610160742
23	1	N/A	-186.7957203483176	C8H11NO	[M - H2O + H]+	PXJACNDVRNAFHD	InChI=1S/C8H11NO/c1-10-8-5-3-2-4-7(8)6-9/h2-5H,6,9H2,1H3	Oprea1_790414	COC1=CC=CC=C1CN	0.791285515	81292;5247067;11815893	NORMAN:(NS00036617);COCONUT:(CNP0294075);Natural Products:(UNPD163822);PubChem:(81292 5247067 11815893);SuperNatural:(SN00377172);ZINC bio:(ZINC00164573);additional;PubChem class - safety and toxic;PubMed	71082050
24	1	N/A	-197.0510236680167	C8H11NO	[M - H2O + H]+	LHNQRSHWDUNLFJ	InChI=1S/C8H11NO/c1-6-4-7(5-10)2-3-8(6)9/h2-4,10H,5,9H2,1H3	ACMC-20lfzi	CC1=C(C=CC(=C1)CO)N	1.25449622	1514189	PubChem class - safety and toxic;PubChem:(1514189);KEGG Mine	8657043458
25	1	N/A	-199.01013706757428	C8H11NO	[M - H2O + H]+	GAMOMPUVNAWKHH	InChI=1S/C8H11NO/c1-7(10)6-8-4-2-3-5-9-8/h2-5,7,10H,6H2,1H3	Ambcb4041318	CC(CC1=CC=CC=N1)O	1.50280643	578865;13566814;28923737	MeSH:(578865);PubChem:(578865 13566814 28923737);PubMed	70
26	1	N/A	-199.39495836441606	C8H11NO	[M - H2O + H]+	UVYZMJMDIMWDNJ	InChI=1S/C8H11NO/c1-6-7(5-10)3-2-4-8(6)9/h2-4,10H,5,9H2,1H3	(4-Aminomethylphenyl)methanol	CC1=C(C=CC=C1N)CO	0.699999988	577175;45038134	PubChem:(577175 45038134);PubChem class - safety and toxic	67108866
27	1	N/A	-203.48009011496637	C8H11NO	[M - H2O + H]+	CHPLROKJXHCPLY	InChI=1S/C8H11NO/c1-6-4-3-5-8(9-6)7(2)10/h3-5,7,10H,1-2H3	1-(6-Methyl-2-pyridinyl)ethanol	CC1=NC(=CC=C1)C(C)O	0.800000012	353138;45079484;45079726	PubChem:(353138 45079484 45079726);PubChem class - safety and toxic	67108866
28	1	N/A	-205.54885751466946	C8H11NO	[M - H2O + H]+	FVZXYJDGVYLMDB	InChI=1S/C8H11NO/c10-7-3-5-8-4-1-2-6-9-8/h1-2,4,6,10H,3,5,7H2	ACMC-20afus	C1=CC=NC(=C1)CCCO	1.49949801	72922	NORMAN:(NS00028510);PubChem:(72922);additional;MeSH:(72922);PubChem class - safety and toxic;Training Set;PubMed	67911750
29	1	N/A	-206.6269360565456	C8H11NO	[M - H2O + H]+	STWNJQOCTNSGLJ	InChI=1S/C8H11NO/c1-6-2-3-8(9)7(4-6)5-10/h2-4,10H,5,9H2,1H3	2-Amino-5-methylbenzyl alcohol	CC1=CC(=C(C=C1)N)CO	1.25449622	576450	PubChem class - safety and toxic;PubChem:(576450);KEGG Mine	8657043458
30	1	N/A	-206.69489443650707	C8H11NO	[M - H2O + H]+	BCQKYGYTOHXGLL	InChI=1S/C8H11NO/c1-6-2-3-7(5-10)4-8(6)9/h2-4,10H,5,9H2,1H3	3-Amino-4-methylbenzyl alcohol	CC1=C(C=C(C=C1)CO)N	1.25449622	586243	PubChem class - safety and toxic;PubChem:(586243);KEGG Mine	8657043458
31	1	N/A	-207.8252968581704	C8H11NO	[M - H2O + H]+	IRMGVBTVFRYBGN	InChI=1S/C8H11NO/c1-10-6-7-3-2-4-8(9)5-7/h2-5H,6,9H2,1H3	3-(methoxymethyl)aniline	COCC1=CC(=CC=C1)N	1.18084776	13042032	PubChem:(13042032);PubChem class - safety and toxic	67108866
32	1	N/A	-211.5693494068191	C8H11NO	[M - H2O + H]+	UJWHLERCFNIFNJ	InChI=1S/C8H11NO/c1-2-9-7-3-5-8(10)6-4-7/h3-6,9-10H,2H2,1H3	4-Ethylaminophenol	CCNC1=CC=C(C=C1)O	1.89999998	12119	NORMAN:(NS00034927);PubChem:(12119);KEGG Mine	8590196738
33	1	N/A	-212.80736252963652	C8H11NO	[M - H2O + H]+	URSADVDNUKPSIK	InChI=1S/C8H11NO/c1-10-6-7-2-4-8(9)5-3-7/h2-5H,6,9H2,1H3	4-methoxymethylaniline	COCC1=CC=C(C=C1)N	1.18084776	15212002;59366255	PubChem class - safety and toxic;PubChem:(15212002 59366255);PubMed	67108930
34	1	N/A	-214.71271296547775	C8H11NO	[M - H2O + H]+	ZWIBBLPQTVLYKW	InChI=1S/C8H11NO/c1-9-8-5-3-2-4-7(8)6-10/h2-5,9-10H,6H2,1H3	o-(Methylamino)benzyl alcohol	CNC1=CC=CC=C1CO	1.22819817	295953;101356139	COCONUT:(CNP0310287);Natural Products:(UNPD68134);PubChem:(295953 101356139);SuperNatural:(SN00305019);ZINC bio:(ZINC01648955);PubChem class - safety and toxic	70295554
35	1	N/A	-216.40557480069538	C8H11NO	[M - H2O + H]+	ZUGAIMFLQLPTKB	InChI=1S/C8H11NO/c10-6-2-4-8-3-1-5-9-7-8/h1,3,5,7,10H,2,4,6H2	3-Propanolpyridine	C1=CC(=CN=C1)CCCO	1.35223854	17861;23074203	NORMAN:(NS00028509);PubChem class - safety and toxic;PubChem:(17861 23074203);PubMed	67371074
36	1	N/A	-216.51935501249008	C8H11NO	[M - H2O + H]+	BCESCHGDVIYYPC	InChI=1S/C8H11NO/c1-2-9-7-5-3-4-6-8(7)10/h3-6,9-10H,2H2,1H3	2-(ethylamino)phenol	CCNC1=CC=CC=C1O	1.89999998	69196	NORMAN:(NS00034695);PubChem:(69196);KEGG Mine	8590196738
37	1	N/A	-217.99981031282866	C8H11NO	[M - H2O + H]+	FWTCWZZOKOBJIR	InChI=1S/C8H11NO/c1-6-3-2-4-7(5-10)8(6)9/h2-4,10H,5,9H2,1H3	2-Amino-3-methylbenzyl alcohol	CC1=C(C(=CC=C1)CO)N	1.29999995	577176	PubChem class - safety and toxic;PubChem:(577176);KEGG Mine	8657043458
38	1	N/A	-218.63312688147175	C8H11NO	[M - H2O + H]+	ZHERWZMAGGWSIX	InChI=1S/C8H11NO/c1-10-6-7-4-2-3-5-8(7)9/h2-5H,6,9H2,1H3	2-(methoxymethyl)aniline	COCC1=CC=CC=C1N	0.899999976	12334306	COCONUT:(CNP0216942);Natural Products:(UNPD120186);PubChem:(12334306);SuperNatural:(SN00260479);ZINC bio:(ZINC13346815);PubChem class - safety and toxic;PubMed	70295618
39	1	N/A	-219.85857380361193	C8H11NO	[M - H2O + H]+	QJHOHDKABVJMEC	InChI=1S/C8H11NO/c1-7-3-2-4-8(9-7)5-6-10/h2-4,10H,5-6H2,1H3	6-Methylpyridine-2-ethanol	CC1=NC(=CC=C1)CCO	0.899999976	70283	NORMAN:(NS00039563);PubChem class - safety and toxic;PubChem:(70283)	67371010
40	1	N/A	-220.9783909303233	C8H11NO	[M - H2O + H]+	JEASLLCHQHBBGM	InChI=1S/C8H11NO/c1-5-3-7(9)8(10)4-6(5)2/h3-4,10H,9H2,1-2H3	3, 6-amino-	CC1=CC(=C(C=C1C)O)N	1.60000002	81099	NORMAN:(NS00035984);PubChem class - safety and toxic;PubChem:(81099);PubMed;ZINC bio:(ZINC00031294)	67379266
41	1	N/A	-221.9004295452672	C8H11NO	[M - H2O + H]+	MFPDJTXHKIFPNP	InChI=1S/C8H11NO/c1-7-8(4-6-10)3-2-5-9-7/h2-3,5,10H,4,6H2,1H3	3-Pyridineethanol,2-methyl-	CC1=C(C=CC=N1)CCO	0.800000012	268518	Plantcyc:(CPD-15779);PubChem:(268518);PubMed;Biocyc:(CPD-15779);PubChem class - bio and metabolites	16910402
42	1	N/A	-223.1616506169007	C8H11NO	[M - H2O + H]+	VBCFPAKCBOGUBW	InChI=1S/C8H11NO/c1-2-6-3-4-7(9)8(10)5-6/h3-5,10H,2,9H2,1H3	2-amino-5-ethylphenol	CCC1=CC(=C(C=C1)N)O	1.70000005	4712167	PubChem:(4712167);PubChem class - safety and toxic	67108866
43	1	N/A	-224.4419979566452	C8H11NO	[M - H2O + H]+	LUKYIMOTPSTGQB	InChI=1S/C8H11NO/c1-2-6-3-4-8(10)7(9)5-6/h3-5,10H,2,9H2,1H3	Oprea1_104012	CCC1=CC(=C(C=C1)O)N	1.73896837	721885	PubChem:(721885);NORMAN:(NS00040061)	262146
44	1	N/A	-224.60317029693203	C8H11NO	[M - H2O + H]+	QYYKZVMRNIHICX	InChI=1S/C8H11NO/c1-7(9)10-8-5-3-2-4-6-8/h2-7H,9H2,1H3	1-phenoxyethanamine	CC(N)OC1=CC=CC=C1	1.33400917	19808190	MeSH:(19808190);PubChem:(19808190);PubMed	70
45	1	N/A	-226.29126900407746	C8H11NO	[M - H2O + H]+	TVKZDKSHNITMRZ	InChI=1S/C8H11NO/c1-2-9-7-4-3-5-8(10)6-7/h3-6,9-10H,2H2,1H3	m-Ethylaminophenol	CCNC1=CC(=CC=C1)O	1.89999998	578991	NORMAN:(NS00043707);PubChem class - safety and toxic;PubChem:(578991);KEGG Mine	8657305602
46	1	N/A	-227.68769101758812	C8H11NO	[M - H2O + H]+	QZPMVUPJPUUDJJ	InChI=1S/C8H11NO/c1-6-3-4-8(9-10)7(2)5-6/h3-5,9-10H,1-2H3	n-hydroxy-2,4-dimethylaniline	CC1=CC(=C(C=C1)NO)C	2.0999999	100637	MeSH:(100637);PubChem:(100637);PubMed;KEGG Mine	8589934662
47	1	N/A	-228.3428118016294	C8H11NO	[M - H2O + H]+	MSILLSJAIFXEKY	InChI=1S/C8H11NO/c1-2-9(10)8-6-4-3-5-7-8/h3-7,10H,2H2,1H3	N-Ethyl-N-hydroxyaniline	CCN(C1=CC=CC=C1)O	1.94163704	81951	NORMAN:(NS00037625);PubChem:(81951);PubMed;KEGG Mine	8590196802
48	1	N/A	-229.13934160078324	C8H11NO	[M - H2O + H]+	GISWNAMJAQRJPC	InChI=1S/C8H11NO/c1-5-3-6(2)8(10)7(9)4-5/h3-4,10H,9H2,1-2H3	Oprea1_116155	CC1=CC(=C(C(=C1)N)O)C	1.60000002	100530	NORMAN:(NS00030988);PubChem class - safety and toxic;PubChem:(100530);PubMed	67371074
49	1	N/A	-229.5782063405484	C8H11NO	[M - H2O + H]+	PVFSNBPKQDSTPP	InChI=1S/C8H11NO/c1-9-6-7-4-2-3-5-8(7)10/h2-5,9-10H,6H2,1H3	2-(methylaminomethyl)phenol	CNCC1=CC=CC=C1O	1.10106778	143701;36689670;101356140	PubChem:(143701 36689670 101356140);PubChem class - safety and toxic	67108866
50	1	N/A	-230.24979536323417	C8H11NO	[M - H2O + H]+	JSWVCUXQICMATE	InChI=1S/C8H11NO/c1-5-4-8(10)6(2)3-7(5)9/h3-4,10H,9H2,1-2H3	4-Amino-2,5-xylenol	CC1=CC(=C(C=C1O)C)N	1.60000002	76544	NORMAN:(NS00029004);PubChem class - safety and toxic;PubChem:(76544);KEGG Mine	8657305602
51	1	N/A	-231.2740000721293	C8H11NO	[M - H2O + H]+	PZVZGDBCMQBRMA	InChI=1S/C8H11NO/c10-7-1-2-8-3-5-9-6-4-8/h3-6,10H,1-2,7H2	zlchem 239	C1=CN=CC=C1CCCO	1.35223854	72923;91474462	NORMAN:(NS00028078);PubChem class - safety and toxic;PubChem:(72923 91474462);PubMed	67371074
52	1	N/A	-232.0171018637164	C8H11NO	[M - H2O + H]+	XSBKXUJEVYHSNO	InChI=1S/C8H11NO/c1-5-3-4-7(9)6(2)8(5)10/h3-4,10H,9H2,1-2H3	3-Amino-2,6-xylenol	CC1=C(C(=C(C=C1)N)C)O	1.60000002	81477	NORMAN:(NS00036988);PubChem class - safety and toxic;PubChem:(81477);KEGG Mine	8657305602
53	1	N/A	-234.16528811844742	C8H11NO	[M - H2O + H]+	OMVFXCQLSCPJNR	InChI=1S/C8H11NO/c1-5-3-7(9)4-6(2)8(5)10/h3-4,10H,9H2,1-2H3	4-amino-2,6-dimethylphenol	CC1=CC(=CC(=C1O)C)N	1.77313268	82668	NORMAN:(NS00053962);PubChem class - safety and toxic;PubChem:(82668)	67371010
54	1	N/A	-234.96040298458283	C8H11NO	[M - H2O + H]+	ISKXCVCGYJQVMQ	InChI=1S/C8H11NO/c1-5-3-4-7(10)8(9)6(5)2/h3-4,10H,9H2,1-2H3	2-Amino-3,4-xylenol	CC1=C(C(=C(C=C1)O)N)C	1.60000002	109581	PubChem:(109581);NORMAN:(NS00036435)	262146
55	1	N/A	-239.44514375548823	C8H11NO	[M - H2O + H]+	ZYKYCKCMUAAUKJ	InChI=1S/C8H12NO/c1-9-6-3-2-4-8(9)5-7-10/h2-4,6,10H,5,7H2,1H3/q+1	2-(1-methylpyridin-1-ium-2-yl)ethanol	C[N+]1=CC=CC=C1CCO	0.600000024	6453719	PubChem:(6453719);NORMAN:(NS00055667)	262146
56	1	N/A	-241.01245938213043	C8H11NO	[M - H2O + H]+	UBKPLLYABUUFCE	InChI=1S/C8H11NO/c1-5-6(2)8(10)4-3-7(5)9/h3-4,10H,9H2,1-2H3	4-Amino-2,3-xylenol	CC1=C(C=CC(=C1C)O)N	1.77313268	76542	NORMAN:(NS00029002);PubChem:(76542);additional;MeSH:(76542);PubChem class - safety and toxic;PubMed	67895366
57	1	N/A	-241.74187912895	C8H11NO	[M - H2O + H]+	GCWYXRHXGLFVFE	InChI=1S/C8H11NO/c1-5-3-7(10)4-6(2)8(5)9/h3-4,10H,9H2,1-2H3	3, 4-amino-	CC1=CC(=CC(=C1N)C)O	1.77313268	76543	NORMAN:(NS00029003);HMDB:(60681);PubChem:(76543);CHEBI:(55545);ZINC bio:(ZINC01670385);PubChem class - bio and metabolites;KEGG:(C16570);PubChem class - safety and toxic;PubMed	84156778
58	1	N/A	-243.07041475869124	C8H11NO	[M - H2O + H]+	WEZAHYDFZNTGKE	InChI=1S/C8H11NO/c1-2-10-8-5-3-4-7(9)6-8/h3-6H,2,9H2,1H3	m-Phenetidine	CCOC1=CC=CC(=C1)N	1.64714611	12120;101284296;133552044;133554497	NORMAN:(NS00034930);PubChem class - safety and toxic;PubChem:(12120 101284296 133552044 133554497);PubMed	67371074
59	1	N/A	-244.49799265585392	C8H11NO	[M - H2O + H]+	IMPPGHMHELILKG	InChI=1S/C8H11NO/c1-2-10-8-5-3-7(9)4-6-8/h3-6H,2,9H2,1H3	p-Fenetidin	CCOC1=CC=C(C=C1)N	1.64714611	9076;6950525;12202979;133554492	SuperNatural:(SN00118467);ZINC bio:(ZINC00391847);additional;MeSH:(9076);PubMed;NORMAN:(NS00011443);COCONUT:(CNP0071165);PubChem:(9076 6950525 12202979 133554492);CHEBI:(85505);PubChem class - bio and metabolites;PubChem class - safety and toxic;Biocyc:(CPD0-2528);KEGG Mine	8677763174
60	1	N/A	-244.83143694397273	C8H11NO	[M - H2O + H]+	ZHTFQQMGQLXHQM	InChI=1S/C8H11NO/c1-6-5-7(9-2)3-4-8(6)10/h3-5,9-10H,1-2H3	4-methylamino-2-methylphenol	CC1=C(C=CC(=C1)NC)O	1.74683464	37097	NORMAN:(NS00057532);Training Set;PubChem:(37097);KEGG Mine	8590213122
61	1	N/A	-245.17262139479647	C8H11NO	[M - H2O + H]+	WEQVCDIJDUVSID	InChI=1S/C8H11NO/c1-8(2,10)7-3-5-9-6-4-7/h3-6,10H,1-2H3	2-(4-Pyridyl)-2-propanol	CC(C)(C1=CC=NC=C1)O	0.600000024	4580583	PubChem:(4580583);PubChem class - safety and toxic	67108866
62	1	N/A	-246.84263020212487	C8H11NO	[M - H2O + H]+	ULHFFAFDSSHFDA	InChI=1S/C8H11NO/c1-2-10-8-6-4-3-5-7(8)9/h3-6H,2,9H2,1H3	2-Phenetidine	CCOC1=CC=CC=C1N	1.64714611	7203;101284297;133552046;133554499	NORMAN:(NS00011444);PubChem:(7203 101284297 133552046 133554499);additional;MeSH:(7203);PubChem class - safety and toxic;Training Set;PubMed	67911750
63	1	N/A	-248.0760427697068	C8H11NO	[M - H2O + H]+	CJJLEUQMMMLOFI	InChI=1S/C8H11NO/c1-6-3-4-7(9)8(5-6)10-2/h3-5H,9H2,1-2H3	4-Methyl-o-anisidine	CC1=CC(=C(C=C1)N)OC	1.69948411	170219	NORMAN:(NS00030596);PubChem class - safety and toxic;PubChem:(170219);KEGG Mine	8657305602
64	1	N/A	-248.53372030352824	C8H11NO	[M - H2O + H]+	WXWCDTXEKCVRRO	InChI=1S/C8H11NO/c1-6-3-4-8(10-2)7(9)5-6/h3-5H,9H2,1-2H3	Krezidin	CC1=CC(=C(C=C1)OC)N	1.69948411	8445	SuperNatural:(SN00001199);ZINC bio:(ZINC00157578);HSDB:(120-71-8);MeSH:(8445);PubMed;NORMAN:(NS00011442);COCONUT:(CNP0028982);PubChem:(8445);CHEBI:(82307);PubChem class - bio and metabolites;KEGG:(C19216);PubChem class - safety and toxic	87303014
65	1	N/A	-250.7910597656983	C8H11NO	[M - H2O + H]+	FOCJXECLIBAZSA	InChI=1S/C8H11NO/c9-6-5-8(10)7-3-1-2-4-7/h7H,1-5H2	3-cyclopentyl-3-oxopropanenitrile	C1CCC(C1)C(=O)CC#N	1.39999998	13592118	PubChem:(13592118);PubChem class - safety and toxic	67108866
66	1	N/A	-252.1754935236559	C8H11NO	[M - H2O + H]+	CDGNLUSBENXDGG	InChI=1S/C8H11NO/c1-6-5-7(10-2)3-4-8(6)9/h3-5H,9H2,1-2H3	m-Cresidine	CC1=C(C=CC(=C1)OC)N	1.69948411	7610	NORMAN:(NS00023153);PubChem:(7610);CHEBI:(82430);ZINC bio:(ZINC00391181);HSDB:(102-50-1);MeSH:(7610);KEGG:(C19376);PubChem class - safety and toxic;PubMed	67380070
67	1	N/A	-252.38309787165844	C8H11NO	[M - H2O + H]+	VWMLJKKYDYVIFV	InChI=1S/C8H11NO/c1-6(10)8-4-2-3-7(8)5-9/h7-8H,2-4H2,1H3	null	CC(=O)C1CCCC1C#N	0.699999988	45085490;71438246;101857676;130929566;131110995;133669604	PubChem:(45085490 71438246 101857676 130929566 131110995 133669604);COCONUT:(CNP0001282)	2097154
68	1	N/A	-253.90213794678323	C8H11NO	[M - H2O + H]+	QRBVCAWHUSTDOT	InChI=1S/C8H11NO/c1-10-7-5-8-4-2-3-6-9-8/h2-4,6H,5,7H2,1H3	Dekelmin	COCCC1=CC=CC=N1	1.46001375	66991	NORMAN:(NS00023722);PubChem:(66991);CHEBI:(81729);ZINC bio:(ZINC01666110);MeSH:(66991);KEGG:(C18396);PubMed	270694
69	1	N/A	-256.27283644315645	C8H11NO	[M - H2O + H]+	NFWPZNNZUCPLAX	InChI=1S/C8H11NO/c1-6-5-7(9)3-4-8(6)10-2/h3-5H,9H2,1-2H3	3-Methyl-p-anisidine	CC1=C(C=CC(=C1)N)OC	1.69948411	67297	PubChem class - safety and toxic;PubChem:(67297);KEGG Mine	8657043458
70	1	N/A	-259.58836793367936	C8H11NO	[M - H2O + H]+	RPJXLEZOFUNGNZ	InChI=1S/C8H11NO/c1-6-3-4-7(10-2)5-8(6)9/h3-5H,9H2,1-2H3	6-Methyl-m-anisidine	CC1=C(C=C(C=C1)OC)N	1.69948411	99500;102413021	NORMAN:(NS00032164);PubChem class - safety and toxic;PubChem:(99500 102413021)	67371010
71	1	N/A	-260.5555407352826	C8H11NO	[M - H2O + H]+	HKOJYPPTIPJZAZ	InChI=1S/C8H11NO/c1-6-4-3-5-7(10-2)8(6)9/h3-5H,9H2,1-2H3	6-Methyl-o-anisidine	CC1=C(C(=CC=C1)OC)N	1.60000002	459249;130466665	PubChem class - safety and toxic;PubChem:(459249 130466665);KEGG Mine	8657043458
72	1	N/A	-262.0827828697513	C8H11NO	[M - H2O + H]+	VPCYWFHFUNBKJP	InChI=1S/C8H12NO/c1-2-5-8-6-3-4-7-9(8)10/h3-4,6-7,10H,2,5H2,1H3/q+1	null	CCCC1=CC=CC=[N+]1O	2.29999995	118061617	PubChem:(118061617);NORMAN:(NS00050150)	262146
73	1	N/A	-262.6990162888712	C8H11NO	[M - H2O + H]+	QQOKUOJOGXTCMN	InChI=1S/C8H11NO/c1-6-3-4-7(10)5-8(6)9-2/h3-5,9-10H,1-2H3	3-(Methylamino)-4-methylphenol	CC1=C(C=C(C=C1)O)NC	1.89999998	22639	PubChem:(22639);PubChem class - safety and toxic	67108866
74	1	N/A	-262.7840027352882	C8H11NO	[M - H2O + H]+	ONADZNBSLRAJFW	InChI=1S/C8H11NO/c1-6-3-4-7(9)5-8(6)10-2/h3-5H,9H2,1-2H3	methoxymethylaniline	CC1=C(C=C(C=C1)N)OC	1.69948411	27882	NORMAN:(NS00025379);PubChem class - safety and toxic;PubChem:(27882)	67371010
75	1	N/A	-263.9277553548319	C8H11NO	[M - H2O + H]+	BSFALDPDRQICTI	InChI=1S/C8H11NO/c1-2-3-4-5-6-7-8(9)10/h4-5H,2-3H2,1H3,(H2,9,10)	null	CCCC=CC#CC(=O)N	1.70000005	57328825	COCONUT:(CNP0372311);Natural Products:(UNPD205591);PubChem:(57328825)	2129922
76	1	N/A	-270.92473281336567	C8H11NO	[M - H2O + H]+	OPXLVWLFDKRYRB	InChI=1S/C8H11NO/c1-6-7(9)4-3-5-8(6)10-2/h3-5H,9H2,1-2H3	zlchem 580	CC1=C(C=CC=C1OC)N	1.69948411	11804822	PubChem:(11804822);PubChem class - safety and toxic	67108866
77	1	N/A	-274.59871732127107	C8H11NO	[M - H2O + H]+	UVVOIPOAZZQJDF	InChI=1S/C8H11NO/c9-6-2-4-7-3-1-5-8(7)10/h7H,1-5H2	2-Oxocyclopentanepropiononitrile	C1CC(C(=O)C1)CCC#N	0.5	107306;86310275;86310278	NORMAN:(NS00049442);PubChem:(107306 86310275 86310278);PubMed	262210
78	1	N/A	-274.94704567152974	C8H11NO	[M - H2O + H]+	JFXDIXYFXDOZIT	InChI=1S/C8H11NO/c1-9-7-3-5-8(10-2)6-4-7/h3-6,9H,1-2H3	N-Methyl-p-ansidine	CNC1=CC=C(C=C1)OC	1.67318606	22250;20671612	NORMAN:(NS00022469);PubChem class - safety and toxic;PubChem:(22250 20671612);PubMed;KEGG Mine	8657305666
79	1	N/A	-276.54728059442766	C8H11NO	[M - H2O + H]+	KNZWULOUXYKBLH	InChI=1S/C8H11NO/c1-9-7-5-3-4-6-8(7)10-2/h3-6,9H,1-2H3	2-Methoxy-N-methyaniline	CNC1=CC=CC=C1OC	1.67318606	2759579;20671583	PubChem class - safety and toxic;PubChem:(2759579 20671583);KEGG Mine	8657043458
80	1	N/A	-278.32686649458816	C8H11NO	[M - H2O + H]+	YRJJACGAHQXMPD	InChI=1S/C8H11NO/c10-9-5-8-4-6-1-2-7(8)3-6/h1-2,5-8,10H,3-4H2	N-(5-bicyclo[2.2.1]hept-2-enylmethylidene)hydroxylamine	C1C2CC(C1C=C2)C=NO	1.39999998	4151308;6022222;9649815;125121864;125121865	PubChem:(4151308 6022222 9649815 125121864 125121865);NORMAN:(NS00064580)	262146
81	1	N/A	-280.67155418972305	C8H11NO	[M - H2O + H]+	WRTYGKYLOFNOCQ	InChI=1S/C8H12NO/c1-6-4-7(2)9(10)8(3)5-6/h4-5,10H,1-3H3/q+1	1-hydroxy-2,4,6-trimethylpyridin-1-ium	CC1=CC(=[N+](C(=C1)C)O)C	2.20000005	21303226	PubChem:(21303226);NORMAN:(NS00049869)	262146
82	1	N/A	-281.4271918063776	C8H11NO	[M - H2O + H]+	ZFMZSZMUFWRAOG	InChI=1S/C8H11NO/c1-9-7-4-3-5-8(6-7)10-2/h3-6,9H,1-2H3	N-Methyl-m-anisidine	CNC1=CC(=CC=C1)OC	1.67318606	84349;20671596;101888730	NORMAN:(NS00024658);PubChem class - safety and toxic;PubChem:(84349 20671596 101888730)	67371010
83	1	N/A	-286.69418113006	C8H11NO	[M - H2O + H]+	WAMHERRLMJDWQC	InChI=1S/C8H11NO/c1-3-7-4-5-8(10)6(2)9-7/h4-5,10H,3H2,1-2H3	6-Ethyl-2-methyl-3-pyridinol	CCC1=NC(=C(C=C1)O)C	1.70000005	170653	MeSH:(170653);PubChem:(170653);PubMed	70
84	1	N/A	-286.7277527919202	C8H11NO	[M - H2O + H]+	QBNLGSOBSNKMBN	InChI=1S/C8H11NO/c1-6-4-7(2)9(10)8(3)5-6/h4-5H,1-3H3	2,4,6-Trimethylpyridine 1-oxide	CC1=CC(=[N+](C(=C1)C)[O-])C	1.0	76904	PubChem:(76904);SuperNatural:(SN00119705);ZINC bio:(ZINC01612966)	1056770
85	1	N/A	-301.696360971844	C8H11NO	[M - H2O + H]+	TZXCNVCUQLKGGQ	InChI=1S/C8H11NO/c1-7-4-3-5-8(9-7)6-10-2/h3-5H,6H2,1-2H3	2-(methoxymethyl)-6-methylpyridine	CC1=NC(=CC=C1)COC	0.899999976	253308	PubChem:(253308);PubChem class - safety and toxic	67108866
86	1	N/A	-301.8704056354173	C8H11NO	[M - H2O + H]+	JVVRCYWZTJLJSG	InChI=1S/C8H11NO/c1-9(2)7-3-5-8(10)6-4-7/h3-6,10H,1-2H3	DMAP (antidote)	CN(C)C1=CC=C(C=C1)O	1.44173992	22174;3716719;14541567	NORMAN:(NS00004880);PubChem:(22174 3716719 14541567);CHEBI:(135941);ZINC bio:(ZINC01669690);EcoCyc Mine;MeSH:(22174);PubChem class - safety and toxic;PubMed;KEGG Mine	25837183078
87	1	N/A	-302.4600693263475	C8H11NO	[M - H2O + H]+	DPOGOYOVPDMVBA	InChI=1S/C8H11NO/c10-6-7-3-5-9-4-1-2-8(7)9/h3,5,10H,1-2,4,6H2	Dehydrosupinidine	C1CC2=C(C=CN2C1)CO	0.100000001	99564	MeSH:(99564);PubChem class - safety and toxic;PubChem:(99564);PubMed	67108934
88	1	N/A	-303.73553568114505	C8H11NO	[M - H2O + H]+	JPGDYIGSCHWQCC	InChI=1S/C8H11NO/c1-3-7-8(10)5-4-6(2)9-7/h4-5,10H,3H2,1-2H3	Emoxipin	CCC1=C(C=CC(=N1)C)O	1.70000005	114681;4362412	COCONUT:(CNP0422716);PubChem:(114681 4362412);SuperNatural:(SN00116825);ZINC bio:(ZINC00036605);MeSH:(114681);PubChem class - safety and toxic;PubMed	70262854
89	1	N/A	-304.23435626788364	C8H11NO	[M - H2O + H]+	HMRIWBBWYXEHRZ	InChI=1S/C8H11NO/c1-2-7-10-8-5-3-4-6-9-8/h3-6H,2,7H2,1H3	2-Propoxypyridine	CCCOC1=CC=CC=N1	2.17125106	14775664	MeSH:(14775664);PubChem:(14775664);PubMed	70
90	1	N/A	-307.4249439024021	C8H11NO	[M - H2O + H]+	JZUXVUVOBBUMGK	InChI=1S/C8H11NO/c1-2-8(10-5-1)7-3-4-9-6-7/h1-2,5,7,9H,3-4,6H2	3-(furan-2-yl)pyrrolidine	C1CNCC1C2=CC=CO2	0.800000012	28350425;28350427;52988233	PubChem:(28350425 28350427 52988233);PubChem class - safety and toxic	67108866
91	1	N/A	-307.77322570563206	C8H11NO	[M - H2O + H]+	PWKFUIKIRBWTLB	InChI=1S/C8H11NO/c1-6-2-4-9-5-3-7(10)8(6)9/h2,4,7,10H,3,5H2,1H3	(1R)-7-methyl-2,3-dihydro-1H-pyrrolizin-1-ol	CC1=C2C(CCN2C=C1)O	0.300000012	206663;21127669;53463932	PubChem:(206663 21127669 53463932);PubChem class - safety and toxic	67108866
92	1	N/A	-310.05035065930497	C8H11NO	[M - H2O + H]+	ZTUUVDYQBLRAAC	InChI=1S/C8H11NO/c9-8(10)7-4-5-1-2-6(7)3-5/h1-2,5-7H,3-4H2,(H2,9,10)	Enamine_005891	C1C2CC(C1C=C2)C(=O)N	0.5	96112;7164453;6931874;13430690;11859614;11887472;20023055;69947055;92131332;91654789;98043072;98043073;134689660	PubChem class - safety and toxic;PubChem:(96112 7164453 6931874 13430690 11859614 11887472 20023055 69947055 92131332 91654789 98043072 98043073 134689660);PubMed	67108930
93	1	N/A	-310.7137681116959	C8H11NO	[M - H2O + H]+	HQTBWWAAVGMMRU	InChI=1S/C8H11NO/c10-5-9-8-4-6-1-2-7(8)3-6/h6-8H,1-4H2	2-isocyanatobicyclo[2.2.1]heptane	C1CC2CC1CC2N=C=O	2.70000005	10057565;12614301;10396904;10396905;10419247;98054087;98054090;99645003;124526710	PubChem:(10057565 12614301 10396904 10396905 10419247 98054087 98054090 99645003 124526710);PubChem class - safety and toxic	67108866
94	1	N/A	-311.14345663278255	C8H11NO	[M - H2O + H]+	AUABZJZJXPSZCN	InChI=1S/C8H11NO/c1-9(2)7-5-3-4-6-8(7)10/h3-6,10H,1-2H3	o-Dimethylaminophenol	CN(C)C1=CC=CC=C1O	1.70000005	459235	COCONUT:(CNP0396984);Natural Products:(UNPD188851);PubChem:(459235);ZINC bio:(ZINC05849678);PubMed;KEGG Mine	8592072770
95	1	N/A	-312.07629808884224	C8H11NO	[M - H2O + H]+	IDJYJIGKAWDPEZ	InChI=1S/C8H12NO/c1-9(2,10)8-6-4-3-5-7-8/h3-7,10H,1-2H3/q+1	null	C[N+](C)(C1=CC=CC=C1)O	1.29999995	85808677	PubChem:(85808677);NORMAN:(NS00042640)	262146
96	1	N/A	-312.72067045530895	C8H11NO	[M - H2O + H]+	MESJRHHDBDCQTH	InChI=1S/C8H11NO/c1-9(2)7-4-3-5-8(10)6-7/h3-6,10H,1-2H3	m-Dimethylaminophenol	CN(C)C1=CC(=CC=C1)O	1.44173992	7421;22992976;58613120;132961750	NORMAN:(NS00001143);PubChem:(7421 22992976 58613120 132961750);MeSH:(7421);PubChem class - safety and toxic;PubMed;KEGG Mine	8657305670
97	1	N/A	-319.77961461080747	C8H11NO	[M - H2O + H]+	LKQUDAOAMBKKQW	InChI=1S/C8H11NO/c1-9(2,10)8-6-4-3-5-7-8/h3-7H,1-2H3	Dimethylaniline N-oxide	C[N+](C)(C1=CC=CC=C1)[O-]	1.29999995	950	COCONUT:(CNP0155701);HMDB:(1466);PubChem:(950);CHEBI:(17735);MeSH:(950);KEGG:(C01183);Plantcyc:(NN-DIMETHYLANILINE-N-OXIDE);PubMed;Biocyc:(NN-DIMETHYLANILINE-N-OXIDE)	2230638
98	1	N/A	-327.952770675462	C8H11NO	[M - H2O + H]+	VGZCKCJMYREIKA	InChI=1S/C8H11NO/c1-5-4-9-6(2)8(5)7(3)10/h4,9H,1-3H3	2,4-Dimethyl-3-acetylpyrrole	CC1=CNC(=C1C(=O)C)C	1.20000005	15163	NORMAN:(NS00048828);PubChem class - safety and toxic;PubChem:(15163);PubMed	67371074
99	1	N/A	-330.23581542601295	C8H11NO	[M - H2O + H]+	PRLDDXLDHZZKFN	InChI=1S/C8H11NO/c1-4-5-9-8(10)6-7(2)3/h1,6H,5H2,2-3H3,(H,9,10)	null	CC(=CC(=O)NCC#C)C	1.10000002	10773038	PubChem:(10773038);PubChem class - safety and toxic	67108866
100	1	N/A	-331.48485083617004	C8H11NO	[M - H2O + H]+	LIFJPSLQRGQNMM	InChI=1S/C8H11NO/c1-3-7(9-5-1)8-4-2-6-10-8/h2,4,6-7,9H,1,3,5H2	Oprea1_525509	C1CC(NC1)C2=CC=CO2	0.899999976	3675988;7022777;7022778;7047821;7047822	COCONUT:(CNP0261874);HMDB:(40059);PubChem:(3675988 7022777 7022778 7047821 7047822);PubMed;PubChem class - bio and metabolites	18874442
101	1	N/A	-333.5103454830243	C8H11NO	[M - H2O + H]+	HQADRFRTIALOCB	InChI=1S/C8H11NO/c1-3-9-6-4-5-8(9)7(2)10/h4-6H,3H2,1-2H3	1-Ethyl-2-acetylazole	CCN1C=CC=C1C(=O)C	1.0	61988	COCONUT:(CNP0359899);HMDB:(29759);Natural Products:(UNPD188143);PubChem class - food;PubChem:(61988);ZINC bio:(ZINC01850460);PubChem class - bio and metabolites;PubChem class - safety and toxic	220241930
102	1	N/A	-335.70993067063836	C8H11NO	[M - H2O + H]+	JOAMMKKZSZEDHD	InChI=1S/C8H11NO/c10-7-4-3-6-2-1-5-9-8(6)7/h9H,1-5H2	1,2,3,4,5,6-hexahydrocyclopenta[b]pyridin-7-one	C1CC2=C(C(=O)CC2)NC1	0.699999988	6428973	COCONUT:(CNP0242482);HMDB:(39657);PubChem:(6428973);PubChem class - bio and metabolites	18874378
103	1	N/A	-363.7283835513728	C8H11NO	[M - H2O + H]+	OUGXXVWBSDOMMD	InChI=1S/C8H11NO/c1-2-5-9(4-1)6-3-8-7-10-8/h1-2,4-5,8H,3,6-7H2	null	C1C(O1)CCN2C=CC=C2	0.600000024	13741366;124560524;124560525	PubChem:(13741366 124560524 124560525);PubChem class - safety and toxic	67108866
104	1	N/A	-367.97736510363393	C8H11NO	[M - H2O + H]+	MKTBMIJVRGKLSW	InChI=1S/C8H11NO/c1-3-8(10)7-5-4-6-9(7)2/h4-6H,3H2,1-2H3	1-Propanone, 1-(1-methyl-1H-pyrrol-2-yl)-	CCC(=O)C1=CC=CN1C	1.20000005	12206100	COCONUT:(CNP0151134);Natural Products:(UNPD180519);PubChem:(12206100)	2129922
105	1	N/A	-376.208381543085	C8H11NO	[M - H2O + H]+	KXVUMEAPZKTOCS	InChI=1S/C8H11NO/c1-6-4-8(10)5-7(2)9(6)3/h4-5H,1-3H3	1,2,6-trimethylpyridin-4-one	CC1=CC(=O)C=C(N1C)C	1.0	292248;11074839;101944120	PubChem class - safety and toxic;PubChem:(292248 11074839 101944120);PubMed	67108930
106	1	N/A	-381.6524526561383	C8H11NO	[M - H2O + H]+	NHPWIWAGVOXDPU	InChI=1S/C8H11NO/c1-6-8(10)7-2-4-9(6)5-3-7/h7H,1-5H2	2-Methylenequinuclidin-3-one HCl	C=C1C(=O)C2CCN1CC2	1.20000005	322973;23382773	NORMAN:(NS00047652);PubChem class - safety and toxic;PubChem:(322973 23382773)	67371010
1	1	N/A	-41.21205897142915	C8H9N	[M + H]+	GWVMLCQWXVFZCN	InChI=1S/C8H9N/c1-2-4-8-6-9-5-7(8)3-1/h1-4,9H,5-6H2	Isoindoline	C1C2=CC=CC=C2CN1	0.899999976	422478;7102397;129892571	PubChem class - safety and toxic;PubChem:(422478 7102397 129892571);PubMed	67108930
2	1	N/A	-44.11997901007312	C8H9N	[M + H]+	LPAGFVYQRIESJQ	InChI=1S/C8H9N/c1-2-4-8-7(3-1)5-6-9-8/h1-4,9H,5-6H2	Indoline	C1CNC2=CC=CC=C21	1.8862288	10328;11636799;18666796;20732182;21872711;76974127;87375486;87376376;88955443;138396228	ZINC bio:(ZINC00967454);additional;MeSH:(10328);PubMed;NORMAN:(NS00014420);COCONUT:(CNP0077169);PubChem:(10328 11636799 18666796 20732182 21872711 76974127 87375486 87376376 88955443 138396228);CHEBI:(43295);PubChem class - bio and metabolites;EcoCyc Mine;PubChem class - safety and toxic;Training Set;KEGG Mine	25856598118
3	1	N/A	-90.23959606199706	C8H9N	[M + H]+	OVLLQUKHPTXIBH	InChI=1S/C8H9N/c9-8-5-6-3-1-2-4-7(6)8/h1-4,8H,5,9H2	bicyclo[4.2.0]octa-1,3,5-trien-7-amine	C1C(C2=CC=CC=C21)N	0.400000006	2753029;4235727;7163295;7163296;7163297;7163298	COCONUT:(CNP0036909);PubChem:(2753029 4235727 7163295 7163296 7163297 7163298);SuperNatural:(SN00130179 SN00130178);ZINC bio:(ZINC04273537 ZINC04273538)	3153922
4	1	N/A	-104.48326211446076	C8H9N	[M + H]+	IFSSSYDVRQSDSG	InChI=1S/C8H9N/c1-2-7-4-3-5-8(9)6-7/h2-6H,1,9H2	3-Aminostyrene	C=CC1=CC(=CC=C1)N	1.84807611	4260041	PubChem:(4260041);PubChem class - safety and toxic	67108866
5	1	N/A	-113.71657370077679	C8H9N	[M + H]+	LBSXSAXOLABXMF	InChI=1S/C8H9N/c1-2-7-3-5-8(9)6-4-7/h2-6H,1,9H2	4-Aminostyrene	C=CC1=CC=C(C=C1)N	1.84807611	73700	NORMAN:(NS00024955);PubChem:(73700);MeSH:(73700);PubChem class - safety and toxic;PubMed;KEGG Mine	8657305670
6	1	N/A	-119.11700705518687	C8H9N	[M + H]+	RGBSGRUHELUMOF	InChI=1S/C8H9N/c1-2-7-4-5-9-6-8(7)3-1/h4-6H,1-3H2	6,7-Dihydro-5H-2-pyrindine	C1CC2=C(C1)C=NC=C2	1.70000005	68291;58649438	NORMAN:(NS00032722);COCONUT:(CNP0185623);Natural Products:(UNPD171312);PubChem:(68291 58649438)	2392066
7	1	N/A	-121.55106175054665	C8H9N	[M + H]+	KRNSYSYRLQDHDK	InChI=1S/C8H9N/c1-3-7-4-2-6-9-8(7)5-1/h2,4,6H,1,3,5H2	2,3-Cyclopentapyridine	C1CC2=C(C1)N=CC=C2	1.5	68292;19770761	NORMAN:(NS00032723);COCONUT:(CNP0189817);Natural Products:(UNPD91284);PubChem:(68292 19770761);MeSH:(68292);PubChem class - safety and toxic;PubMed	69500998
8	1	N/A	-130.58963761190668	C8H9N	[M + H]+	VJOWMORERYNYON	InChI=1S/C8H9N/c1-3-8-5-4-7(2)9-6-8/h3-6H,1H2,2H3	2-Picoline, 5-vinyl-	CC1=NC=C(C=C1)C=C	2.0	8817;20305176	NORMAN:(NS00024563);PubChem:(8817 20305176);HSDB:(140-76-1);MeSH:(8817);PubChem class - safety and toxic;PubMed	67371590
9	1	N/A	-133.89536638736263	C8H9N	[M + H]+	MJKIORXNEJFOPX	InChI=1S/C8H9N/c1-7(2)8-5-3-4-6-9-8/h3-6H,1H2,2H3	2-Isopropenylpyridine	CC(=C)C1=CC=CC=N1	2.29999995	81007	PubChem:(81007);NORMAN:(NS00046652)	262146
10	1	N/A	-137.88780123025978	C8H9N	[M + H]+	HXTGGPKOEKKUQO	InChI=1S/C8H9N/c1-9-7-8-5-3-2-4-6-8/h2-7H,1H3	N-Benzalmethylamine	CN=CC1=CC=CC=C1	1.8724575	73954;638174;6334601;101506068	NORMAN:(NS00001071);PubChem class - safety and toxic;PubChem:(73954 638174 6334601 101506068);PubMed	67371074
11	1	N/A	-145.80775033603564	C8H9N	[M + H]+	YKNKBBMRKMLLJS	InChI=1S/C8H9N/c1-2-4-8(5-3-1)9-6-7-9/h1-5H,6-7H2	1-Phenylaziridine	C1CN1C2=CC=CC=C2	1.56296039	69673	PubChem:(69673);NORMAN:(NS00036904)	262146
12	1	N/A	-146.94609193675467	C8H9N	[M + H]+	HROUEPWZUPHWDY	InChI=1S/C8H9N/c9-7-6-8-4-2-1-3-5-8/h1-5,7,9H,6H2	Benzeneethanimine	C1=CC=C(C=C1)CC=N	1.86095595	11734968	PubChem:(11734968);PubMed;CHEBI:(137093)	98
13	1	N/A	-151.59436897934202	C8H9N	[M + H]+	FOMKLSHJVADQBT	InChI=1S/C8H10N/c1-2-6-9-7-4-3-5-8-9/h2-5,7-8H,1,6H2/q+1	1-Allyl-pyridinium	C=CC[N+]1=CC=CC=C1	1.70000005	82381	NORMAN:(NS00043610);PubChem:(82381);PubMed	262210
14	1	N/A	-152.23820275493068	C8H9N	[M + H]+	DTJIKSRARSRPBU	InChI=1S/C8H10N/c1-3-8-6-4-5-7-9(8)2/h3-7H,1H2,2H3/q+1	2-ethenyl-1-methylpyridinium	C[N+]1=CC=CC=C1C=C	1.79999995	83625	PubChem:(83625);PubMed;PubChem class - bio and metabolites	16777282
15	1	N/A	-156.68013787638097	C8H9N	[M + H]+	AJWDVSJQPIRAKK	InChI=1S/C8H10N/c1-3-8-4-6-9(2)7-5-8/h3-7H,1H2,2H3/q+1	4-ethenyl-1-methylpyridin-1-ium	C[N+]1=CC=C(C=C1)C=C	1.79999995	88876	MeSH:(88876);PubChem:(88876);PubMed	70
16	1	N/A	-157.22824899469484	C8H9N	[M + H]+	VMWGBWNAHAUQIO	InChI=1S/C8H9N/c1-3-8-6-4-5-7(2)9-8/h3-6H,1H2,2H3	2-Methyl-6-vinylpyridine	CC1=NC(=CC=C1)C=C	2.0999999	70735	NORMAN:(NS00023620);PubChem class - safety and toxic;PubChem:(70735);KEGG Mine	8657305602
17	1	N/A	-170.63817366378035	C8H9N	[M + H]+	BHGHXAOHFWSPNE	InChI=1S/C8H9N/c1-2-9-8-6-4-3-5-7-8/h2-7H,1H3	Ethylideneaniline	CC=NC1=CC=CC=C1	1.60000002	95796;53681982	NORMAN:(NS00045458);PubChem:(95796 53681982);PubMed	262210
18	1	N/A	-218.37022652058346	C8H9N	[M + H]+	IWHLQVYDCVARSF	InChI=1S/C8H9N/c1-2-4-8-7(3-1)5-6-9-8/h3-6,9H,1-2H2	null	C1CC=C2C(=C1)C=CN2	1.60000002	57086633	EcoCyc Mine;MeSH:(57086633);PubChem:(57086633)	17179869190
19	1	N/A	-232.30551876232698	C8H9N	[M + H]+	BMAXQTDMWYDIJX	InChI=1S/C8H9N/c9-5-8-4-6-1-2-7(8)3-6/h1-2,6-8H,3-4H2	5-Cyano-2-norbornene	C1C2CC(C1C=C2)C#N	1.39999998	7218;240305;253307;6994026;6994513;12252457;12252458;10855431;10909557;11862172;51018937;51018938;60145884;69261450;69261468;134688254	NORMAN:(NS00041032);PubChem class - safety and toxic;PubChem:(7218 240305 253307 6994026 6994513 12252457 12252458 10855431 10909557 11862172 51018937 51018938 60145884 69261450 69261468 134688254);PubMed	67371074