structureRankPerFormula	formulaRank	ConfidenceScore	CSI:FingerIDScore	molecularFormula	adduct	InChIkey2D	InChI	name	smiles	xlogp	pubchemids	links	dbflags
1	1	N/A	-66.50973292922089	C29H50O3	[M - H2O + H]+	URYLCCKXLNXSRS	InChI=1S/C29H50O3/c1-20(13-9-14-22(3)19-30)11-8-12-21(2)15-10-17-29(7)18-16-26-25(6)27(31)23(4)24(5)28(26)32-29/h20-22,30-31H,8-19H2,1-7H3	13''-OH-alpha-tocopherol	CC1=C(C2=C(CCC(O2)(C)CCCC(C)CCCC(C)CCCC(C)CO)C(=C1O)C)C	9.30000019	45479210;53481465	COCONUT:(CNP0317245);HMDB:(12559);PubChem:(45479210 53481465);CHEBI:(84962);PubChem class - bio and metabolites;Plantcyc:(CPD-11960);PubMed;Biocyc:(CPD-11960);KEGG Mine	8608942186
2	1	N/A	-175.7331790441921	C29H50O3	[M - H2O + H]+	NZSAHCYFUVNLPX	InChI=1S/C29H50O3/c1-7-19(17(2)3)14-25(31)18(4)22-8-9-23-27-24(11-13-29(22,23)6)28(5)12-10-21(30)15-20(28)16-26(27)32/h16-19,21-27,30-32H,7-15H2,1-6H3	(3S,7S,10R,13R)-17-[(2S,3S)-5-ethyl-3-hydroxy-6-methylheptan-2-yl]-10,13-dimethyl-2,3,4,7,8,9,11,12,14,15,16,17-dodecahydro-1H-cyclopenta[a]phenanthrene-3,7-diol	CCC(CC(C(C)C1CCC2C1(CCC3C2C(C=C4C3(CCC(C4)O)C)O)C)O)C(C)C	6.9000001	5316829;11004815;11166758;10433717;11396686;11465008;68591096;72830915;137327187	COCONUT:(CNP0292209);HMDB:(29607);Natural Products:(UNPD3939 UNPD11997 UNPD32377 UNPD35817);PubChem:(5316829 11004815 11166758 10433717 11396686 11465008 68591096 72830915 137327187);SuperNatural:(SN00371372 SN00337125 SN00354723);PubChem class - bio and metabolites;PubMed	19955786
3	1	N/A	-176.27903470132122	C29H50O3	[M - H2O + H]+	LFXFYKDBWOCRFD	InChI=1S/C29H50O3/c1-7-19(18(2)3)10-15-29(6,32)25-9-8-22-26-23(12-14-28(22,25)5)27(4)13-11-21(30)16-20(27)17-24(26)31/h17-19,21-26,30-32H,7-16H2,1-6H3	null	CCC(CCC(C)(C1CCC2C1(CCC3C2C(C=C4C3(CCC(C4)O)C)O)C)O)C(C)C	6.4000001	44250143	COCONUT:(CNP0102763);Natural Products:(UNPD128016 UNPD92574);PubChem:(44250143);SuperNatural:(SN00394983 SN00307532);PubMed	3178562
4	1	N/A	-177.48923771951547	C29H50O3	[M - H2O + H]+	LTVDFSLWFKLJDQ	InChI=1S/C29H50O3/c1-20(2)12-9-13-21(3)14-10-15-22(4)16-11-18-29(8,32)19-17-26-25(7)27(30)23(5)24(6)28(26)31/h20-22,32H,9-19H2,1-8H3	Metarene	CC1=C(C(=O)C(=C(C1=O)C)CCC(C)(CCCC(C)CCCC(C)CCCC(C)C)O)C	8.80000019	24205;2734086;15561182;15561183;15561184;15561185;15561186;46183939;46183940;46183941;46183942;118322878;118322880;137445245;138752598	NORMAN:(NS00046432);COCONUT:(CNP0264529);HMDB:(34408);KNApSAcK:(29675);Natural Products:(UNPD72542 UNPD139378 UNPD21449);PubChem:(24205 2734086 15561182 15561183 15561184 15561185 15561186 46183939 46183940 46183941 46183942 118322878 118322880 137445245 138752598);SuperNatural:(SN00269369 SN00396838 SN00224411);PubChem class - bio and metabolites;MeSH:(24205 2734086 15561185);PubMed;PubChem class - drug	53772382
5	1	N/A	-183.52987791392363	C29H50O3	[M - H2O + H]+	GSNYNPKRIFCZGN	InChI=1S/C29H50O3/c1-7-19(17(2)3)9-8-18(4)27-25(32)16-23-26-22(11-13-29(23,27)6)28(5)12-10-21(30)14-20(28)15-24(26)31/h15,17-19,21-27,30-32H,7-14,16H2,1-6H3	3,7,16-Trihydroxystigmast-5-ene	CCC(CCC(C)C1C(CC2C1(CCC3C2C(C=C4C3(CCC(C4)O)C)O)C)O)C(C)C	6.9000001	71307331;90656888;99564874;99564875;99564876;99738208;99738209;97354633;121488027;124905417;126969911;138113716	COCONUT:(CNP0312511);Natural Products:(UNPD70801);PubChem:(71307331 90656888 99564874 99564875 99564876 99738208 99738209 97354633 121488027 124905417 126969911 138113716);SuperNatural:(SN00397184)	3178498
6	1	N/A	-191.45438808257924	C29H50O3	[M - H2O + H]+	ZXLHLARUMBTBPX	InChI=1S/C29H50O3/c1-7-20(18(2)3)9-8-19(4)23-10-11-24-27-25(13-15-29(23,24)6)28(5)14-12-22(30)16-21(28)17-26(27)32-31/h17-20,22-27,30-31H,7-16H2,1-6H3	null	CCC(CCC(C)C1CCC2C1(CCC3C2C(C=C4C3(CCC(C4)O)C)OO)C)C(C)C	7.73498487	""	COCONUT:(CNP0304413);Natural Products:(UNPD131860);SuperNatural:(SN00334457)	3178496
7	1	N/A	-205.56279863082585	C29H50O3	[M - H2O + H]+	HPWNXINNHABWRY	InChI=1S/C29H50O3/c1-7-19(17(2)3)9-8-18(4)23-16-25(32)27-26-22(11-13-29(23,27)6)28(5)12-10-21(30)14-20(28)15-24(26)31/h15,17-19,21-27,30-32H,7-14,16H2,1-6H3	null	CCC(CCC(C)C1CC(C2C1(CCC3C2C(C=C4C3(CCC(C4)O)C)O)C)O)C(C)C	6.9000001	11059363	COCONUT:(CNP0133042);Natural Products:(UNPD187670);PubChem:(11059363);SuperNatural:(SN00403850);PubMed	3178562
8	1	N/A	-205.75613473642824	C29H50O3	[M - H2O + H]+	MMRJMBZSARWOAY	InChI=1S/C29H50O3/c1-6-7-8-9-10-11-12-13-14-15-16-17-18-19-21-29(5,32)22-20-26-25(4)27(30)23(2)24(3)28(26)31/h32H,6-22H2,1-5H3	2-(3-Hydroxy-3-methylnonadecyl)-3,5,6-trimethyl-2,5-cyclohexadiene-1,4-dione	CCCCCCCCCCCCCCCCC(C)(CCC1=C(C(=O)C(=C(C1=O)C)C)C)O	9.60000038	3086552	COCONUT:(CNP0203732);Natural Products:(UNPD174650);PubChem class - safety and toxic;PubChem:(3086552);SuperNatural:(SN00224103)	70287362
9	1	N/A	-207.48023207106698	C29H50O3	[M - H2O + H]+	OZIAZQBXQMKSLA	InChI=1S/C29H50O3/c1-7-20(18(2)3)9-8-19(4)23-10-11-24-22-16-26(31)29(32)17-21(30)12-15-28(29,6)25(22)13-14-27(23,24)5/h16,18-21,23-26,30-32H,7-15,17H2,1-6H3	24-ethyl-cholest-7-ene-3,5,6-triol	CCC(CCC(C)C1CCC2C1(CCC3C2=CC(C4(C3(CCC(C4)O)C)O)O)C)C(C)C	6.9000001	13988171;21775208;23425941;44407137;129682633	COCONUT:(CNP0163769);Natural Products:(UNPD169208);PubChem:(13988171 21775208 23425941 44407137 129682633);SuperNatural:(SN00323763);PubMed	3178562
10	1	N/A	-210.96260902488257	C29H50O3	[M - H2O + H]+	LUFNWRXNCOUSCX	InChI=1S/C29H50O3/c1-7-21(19(2)3)9-8-20(4)24-10-11-25-23-13-17-29(32-31)18-22(30)12-16-28(29,6)26(23)14-15-27(24,25)5/h13,17,19-26,30-31H,7-12,14-16,18H2,1-6H3	null	CCC(CCC(C)C1CCC2C1(CCC3C2C=CC4(C3(CCC(C4)O)C)OO)C)C(C)C	7.62750769	""	COCONUT:(CNP0166914);Natural Products:(UNPD104855);SuperNatural:(SN00331426)	3178496
11	1	N/A	-212.6792397091568	C29H50O3	[M - H2O + H]+	SYFJYASKXNAXKC	InChI=1S/C29H50O3/c1-25(2)13-8-9-20(32-25)18-10-15-29(7)24(18)19(30)17-22-27(5)14-12-23(31)26(3,4)21(27)11-16-28(22,29)6/h18-24,30-31H,8-17H2,1-7H3	null	CC1(CCCC(O1)C2CCC3(C2C(CC4C3(CCC5C4(CCC(C5(C)C)O)C)C)O)C)C	6.5098629	""	COCONUT:(CNP0207354);Natural Products:(UNPD188719);SuperNatural:(SN00355621)	3178496
12	1	N/A	-216.81636716128565	C29H50O3	[M - H2O + H]+	IMRAICJHRXRWPL	InChI=1S/C29H50O3/c1-18(2)9-8-10-19(3)21-11-13-28(7)25(32)29(16-15-26(21,28)5)24(31)17-22-20(4)23(30)12-14-27(22,29)6/h18-24,30-31H,8-17H2,1-7H3	null	CC1C(CCC2(C1CC(C23CCC4(C(CCC4(C3=O)C)C(C)CCCC(C)C)C)O)C)O	7.07410288	""	COCONUT:(CNP0176411)	2097152
13	1	N/A	-219.76324561874986	C29H50O3	[M - H2O + H]+	VFYHLCIHPSUCBD	InChI=1S/C29H50O3/c1-17(2)18(3)8-9-19(4)21-10-11-25-28(21,7)16-24(31)26-27(6)14-13-23(30)20(5)22(27)12-15-29(25,26)32/h17,19-26,30-32H,3,8-16H2,1-2,4-7H3	4alpha-methyl-24-methylene-cholestan-3beta,8beta,11beta-triol	CC1C2CCC3(C4CCC(C4(CC(C3C2(CCC1O)C)O)C)C(C)CCC(=C)C(C)C)O	6.9000001	42604058	COCONUT:(CNP0118506);Natural Products:(UNPD227464);PubChem:(42604058);PubMed	2129986
14	1	N/A	-220.79967742859333	C29H50O3	[M - H2O + H]+	PMNNRRLMGLZYLF	InChI=1S/C29H50O3/c1-7-20(18(2)3)9-8-19(4)23-10-11-24-22-16-26(31)29(32)17-21(30)12-15-28(29,6)25(22)13-14-27(23,24)5/h18-25,30,32H,7-17H2,1-6H3	(3S,5R,8S,9S,10R,13R,14S,17R)-17-[(2R,5S)-5-ethyl-6-methylheptan-2-yl]-3,5-dihydroxy-10,13-dimethyl-2,3,4,7,8,9,11,12,14,15,16,17-dodecahydro-1H-cyclopenta[a]phenanthren-6-one	CCC(CCC(C)C1CCC2C1(CCC3C2CC(=O)C4(C3(CCC(C4)O)C)O)C)C(C)C	7.80000019	14284349;14284350;14284351;11236199;23427327;129682533;129820149	COCONUT:(CNP0274551);Natural Products:(UNPD159409 UNPD56904);PubChem:(14284349 14284350 14284351 11236199 23427327 129682533 129820149);SuperNatural:(SN00266836 SN00397864)	3178498
15	1	N/A	-225.68821954130212	C29H50O3	[M - H2O + H]+	UNBKHVKAEFBHAN	InChI=1S/C29H50O3/c1-7-19(17(2)3)14-26(31)18(4)23-10-11-24-22-9-8-20-15-21(30)16-27(32)29(20,6)25(22)12-13-28(23,24)5/h8,17-19,21-27,30-32H,7,9-16H2,1-6H3	haloxysterol A	CCC(CC(C(C)C1CCC2C1(CCC3C2CC=C4C3(C(CC(C4)O)O)C)C)O)C(C)C	7.0	44407168	COCONUT:(CNP0313147);Natural Products:(UNPD984);PubChem:(44407168);SuperNatural:(SN00289576);PubMed	3178562
16	1	N/A	-226.46078983902106	C29H50O3	[M - H2O + H]+	PECVQXJSAFWCOS	InChI=1S/C29H50O3/c1-19(2)7-6-8-20(3)23-9-10-24-22-18-29(31-15-16-32-29)26-17-21(30)11-13-28(26,5)25(22)12-14-27(23,24)4/h19-26,30H,6-18H2,1-5H3	10,13-dimethyl-17-(6-methylheptan-2-yl)spiro[1,2,3,4,5,7,8,9,11,12,14,15,16,17-tetradecahydrocyclopenta[a]phenanthrene-6,2''-1,3-dioxolane]-3-ol	CC(C)CCCC(C)C1CCC2C1(CCC3C2CC4(C5C3(CCC(C5)O)C)OCCO4)C	8.10000038	2748383;11887030;11887031;11887032;11887033;57073396;70564285;96566539;99566048;99566049;124768482;124914462;124914463;124914464	COCONUT:(CNP0204741);PubChem:(2748383 11887030 11887031 11887032 11887033 57073396 70564285 96566539 99566048 99566049 124768482 124914462 124914463 124914464);SuperNatural:(SN00129223 SN00129225 SN00129224 SN00129226);ZINC bio:(ZINC04264999 ZINC04265001 ZINC04265004 ZINC04265005)	3153922
17	1	N/A	-228.66624699318095	C29H50O3	[M - H2O + H]+	RHRAEKUDRLUMRY	InChI=1S/C29H50O3/c1-18(2)19(3)8-15-29(7,32)22-11-14-28(6)25(22)23(31)17-24-26(4)12-10-21(30)16-20(26)9-13-27(24,28)5/h18,20-25,30-32H,3,8-17H2,1-2,4-7H3	null	CC(C)C(=C)CCC(C)(C1CCC2(C1C(CC3C2(CCC4C3(CCC(C4)O)C)C)O)C)O	6.57056999	""	COCONUT:(CNP0392733);Natural Products:(UNPD93518);SuperNatural:(SN00258114)	3178496
18	1	N/A	-234.61063562675218	C29H50O3	[M - H2O + H]+	UYEMZAOCHUCHMG	InChI=1S/C29H50O3/c1-17(2)18(3)14-25(31)19(4)22-8-9-23-27-24(11-13-29(22,23)6)28(5)12-10-21(30)15-20(28)16-26(27)32-7/h16-19,21-27,30-31H,8-15H2,1-7H3	(3S,7R,8S,9S,10R,13R,14S,17R)-17-[(2S,3R,5S)-3-hydroxy-5,6-dimethylheptan-2-yl]-7-methoxy-10,13-dimethyl-2,3,4,7,8,9,11,12,14,15,16,17-dodecahydro-1H-cyclopenta[a]phenanthren-3-ol	CC(C)C(C)CC(C(C)C1CCC2C1(CCC3C2C(C=C4C3(CCC(C4)O)C)OC)C)O	6.9000001	10765811;11797654;10366314;10388894;44575191;44575192;73105772	COCONUT:(CNP0183929);HMDB:(35512);KNApSAcK:(46912);Natural Products:(UNPD196715 UNPD133031);PubChem:(10765811 11797654 10366314 10388894 44575191 44575192 73105772);SuperNatural:(SN00231313 SN00348097);PubChem class - bio and metabolites;PubMed	19955802
19	1	N/A	-236.3680797225852	C29H50O3	[M - H2O + H]+	QSVYDJZQBSBTGS	InChI=1S/C29H50O3/c1-18(2)21(17-30)8-7-19(3)22-9-10-25-27(22,5)15-13-26-28(6)14-12-24(31)20(4)23(28)11-16-29(25,26)32/h8,18-20,22-26,30-32H,7,9-17H2,1-6H3	null	CC1C2CCC3(C4CCC(C4(CCC3C2(CCC1O)C)C)C(C)CC=C(CO)C(C)C)O	6.5	25016924	COCONUT:(CNP0259011);KNApSAcK:(48798);Natural Products:(UNPD134049);PubChem:(25016924);SuperNatural:(SN00249851)	3178514
20	1	N/A	-240.1053327260676	C29H50O3	[M - H2O + H]+	NAHCXKUMTIECFU	InChI=1S/C29H50O3/c1-25(2)21-13-17-29(7)22(27(21,5)15-14-23(25)30)10-8-19-18(12-16-28(19,29)6)20-9-11-24(32-20)26(3,4)31/h18-24,30-31H,8-17H2,1-7H3	null	CC1(C2CCC3(C(C2(CCC1O)C)CCC4C3(CCC4C5CCC(O5)C(C)(C)O)C)C)C	6.5098629	""	COCONUT:(CNP0122793);Natural Products:(UNPD56137);SuperNatural:(SN00381550)	3178496
21	1	N/A	-240.53813924862104	C29H50O3	[M - H2O + H]+	TVYHTITYAHKAKA	InChI=1S/C29H50O3/c1-18-8-12-22-26(2,3)24(31)14-16-28(22,6)19(18)9-10-20-21(30)11-13-23-27(4,5)25(32)15-17-29(20,23)7/h19-25,30-32H,1,8-17H2,2-7H3	null	CC1(C2CCC(C(C2(CCC1O)C)CCC3C(=C)CCC4C3(CCC(C4(C)C)O)C)O)C	6.30000019	46894237	COCONUT:(CNP0263555);Natural Products:(UNPD141364);PubChem:(46894237);SuperNatural:(SN00404325)	3178498
22	1	N/A	-244.51810416055267	C29H50O3	[M - H2O + H]+	RGHRSULFYHBXJZ	InChI=1S/C29H50O3/c1-20(2)12-9-13-21(3)14-10-15-22(4)16-11-18-28(8)19-17-26-24(6)27(30)23(5)25(7)29(26,31)32-28/h20-22,31H,9-19H2,1-8H3	null	CC1=C(C2(C(=C(C1=O)C)CCC(O2)(C)CCCC(C)CCCC(C)CCCC(C)C)O)C	8.0	12444434;12444435	COCONUT:(CNP0235117);Natural Products:(UNPD163883);PubChem:(12444434 12444435);SuperNatural:(SN00319980)	3178498
23	1	N/A	-247.83388764739638	C29H50O3	[M - H2O + H]+	ZSJHRPGBMIOBJR	InChI=1S/C29H50O3/c1-17(2)18(3)8-9-19(4)21-10-11-24-27(21,6)14-13-25-28(7)16-23(30)26(31)20(5)22(28)12-15-29(24,25)32/h17,19-26,30-32H,3,8-16H2,1-2,4-7H3	null	CC1C2CCC3(C4CCC(C4(CCC3C2(CC(C1O)O)C)C)C(C)CCC(=C)C(C)C)O	7.0999999	71560438	COCONUT:(CNP0232902);Natural Products:(UNPD223242);PubChem:(71560438)	2129922
24	1	N/A	-248.54599892799519	C29H50O3	[M - H2O + H]+	RYIULEUYHYPAMP	InChI=1S/C29H50O3/c1-7-20(18(2)3)9-8-19(4)23-10-11-24-22-16-26(31)29(32)17-21(30)12-15-28(29,6)25(22)13-14-27(23,24)5/h7,18-19,21-26,30-32H,8-17H2,1-6H3	null	CC=C(CCC(C)C1CCC2C1(CCC3C2CC(C4(C3(CCC(C4)O)C)O)O)C)C(C)C	7.30000019	23659791	COCONUT:(CNP0122601);Natural Products:(UNPD83917);PubChem:(23659791)	2129922
25	1	N/A	-249.05813083108052	C29H50O3	[M - H2O + H]+	PVLTYJRTESGVMY	InChI=1S/C29H50O3/c1-18(7-10-24(31)25(3,4)32)20-11-13-27(6)23-9-8-21-19(2)22(30)12-14-28(21)17-29(23,28)16-15-26(20,27)5/h18-24,30-32H,7-17H2,1-6H3	null	CC1C2CCC3C4(CCC(C4(CCC35C2(C5)CCC1O)C)C(C)CCC(C(C)(C)O)O)C	6.9000001	21670006;44423590	COCONUT:(CNP0135587);Natural Products:(UNPD196910);PubChem:(21670006 44423590);SuperNatural:(SN00395767);PubMed	3178562
26	1	N/A	-260.078247357964	C29H50O3	[M - H2O + H]+	LBAYHUSGQLHLQA	InChI=1S/C29H50O3/c1-7-20(18(2)3)9-8-19(4)23-10-11-24-22-16-26(31)29(32)17-21(30)12-15-28(29,6)25(22)13-14-27(23,24)5/h8-9,18-26,30-32H,7,10-17H2,1-6H3	null	CCC(C=CC(C)C1CCC2C1(CCC3C2CC(C4(C3(CCC(C4)O)C)O)O)C)C(C)C	7.0	14779016;101704479;102216121;129728433	COCONUT:(CNP0216012);Natural Products:(UNPD41611 UNPD151405);PubChem:(14779016 101704479 102216121 129728433);SuperNatural:(SN00275718 SN00261790)	3178498
27	1	N/A	-269.3059181388915	C29H50O3	[M - H2O + H]+	HISZBVWOYRUGHP	InChI=1S/C29H50O3/c1-7-18(2)19(3)8-9-20(4)23-10-11-24-22-16-26(31)29(32)17-21(30)12-15-28(29,6)25(22)13-14-27(23,24)5/h18,20-26,30-32H,3,7-17H2,1-2,4-6H3	(3S,5R,6R,8S,9S,10R,13R,14S,17R)-10,13-dimethyl-17-[(2R,6S)-6-methyl-5-methylideneoctan-2-yl]-1,2,3,4,6,7,8,9,11,12,14,15,16,17-tetradecahydrocyclopenta[a]phenanthrene-3,5,6-triol	CCC(C)C(=C)CCC(C)C1CCC2C1(CCC3C2CC(C4(C3(CCC(C4)O)C)O)O)C	7.5999999	16756665;102471147	COCONUT:(CNP0175567);Natural Products:(UNPD69890);PubChem:(16756665 102471147);SuperNatural:(SN00362492)	3178498
28	1	N/A	-273.2614305244743	C29H50O3	[M - H2O + H]+	FQDOIFQTUHMQKM	InChI=1S/C29H50O3/c1-16(22-12-18(22)3)6-7-17(2)27-25(31)14-24-21-9-8-19-13-20(30)10-11-28(19,4)23(21)15-26(32)29(24,27)5/h16-27,30-32H,6-15H2,1-5H3	null	CC1CC1C(C)CCC(C)C2C(CC3C2(C(CC4C3CCC5C4(CCC(C5)O)C)O)C)O	7.0	10599514;10599515	COCONUT:(CNP0229839);Natural Products:(UNPD100358 UNPD94266);PubChem:(10599514 10599515);SuperNatural:(SN00391138 SN00378268)	3178498
29	1	N/A	-273.3749901007993	C29H50O3	[M - H2O + H]+	YAQQPNMBZRWUNX	InChI=1S/C29H50O3/c1-2-3-4-5-6-7-8-9-10-11-12-13-14-15-16-17-18-19-20-21-27(30)22-26-23-28(31)25-29(32)24-26/h23-25,31-32H,2-22H2,1H3	5-(2''-Oxotricosyl)Resorcinol	CCCCCCCCCCCCCCCCCCCCCC(=O)CC1=CC(=CC(=C1)O)O	11.3999996	56676712	COCONUT:(CNP0133078);PubChem:(56676712);PubMed	2097218
30	1	N/A	-273.5894476216327	C29H50O3	[M - H2O + H]+	YVHBHJQDBGWSKH	InChI=1S/C29H50O3/c1-7-20(18(2)3)11-10-19(4)21-12-13-22-24-23(14-17-27(21,22)5)28(6)15-8-9-16-29(28,32)26(31)25(24)30/h18-22,25-26,30-32H,7-17H2,1-6H3	null	CCC(CCC(C)C1CCC2C1(CCC3=C2C(C(C4(C3(CCCC4)C)O)O)O)C)C(C)C	6.5999999	101931095	MeSH:(101931095);PubChem:(101931095);PubMed	70
31	1	N/A	-281.5533807515495	C29H50O3	[M - H2O + H]+	FMNHMKJQPJAHCG	InChI=1S/C29H50O3/c1-7-19(17(2)3)9-8-18(4)27-25(31)15-24-22-11-10-20-14-21(30)12-13-28(20,5)23(22)16-26(32)29(24,27)6/h18-27,30-32H,2,7-16H2,1,3-6H3	24-ethyl-5alpha-cholest-25-en-3alpha,12alpha,16alpha-triol	CCC(CCC(C)C1C(CC2C1(C(CC3C2CCC4C3(CCC(C4)O)C)O)C)O)C(=C)C	7.4000001	25208133;56676304	COCONUT:(CNP0108257);Natural Products:(UNPD53539);PubChem:(25208133 56676304);SuperNatural:(SN00233845);PubMed	3178562
32	1	N/A	-285.3847179527558	C29H50O3	[M - H2O + H]+	NCYUMBBBJLNRMB	InChI=1S/C29H50O3/c1-17(22-14-18(22)2)10-13-28(4,32)25-9-8-23-21-7-6-19-15-20(30)11-12-27(19,3)24(21)16-26(31)29(23,25)5/h17-26,30-32H,6-16H2,1-5H3	null	CC1CC1C(C)CCC(C)(C2CCC3C2(C(CC4C3CCC5C4(CCC(C5)O)C)O)C)O	6.5	71747498;102433817	COCONUT:(CNP0259193);MeSH:(102433817);Natural Products:(UNPD229876);PubChem:(71747498 102433817);PubMed	2129990
33	1	N/A	-302.4118002540958	C29H50O3	[M - H2O + H]+	BYXYVIUZBGSUHC	InChI=1S/C29H50O3/c1-4-5-6-7-8-9-10-11-12-13-14-15-16-17-18-19-20-21-22-23-26-25(2)27(30)24-28(32-3)29(26)31/h24H,4-23H2,1-3H3	null	CCCCCCCCCCCCCCCCCCCCCC1=C(C(=O)C=C(C1=O)OC)C	11.6999998	12127882	COCONUT:(CNP0104330);Natural Products:(UNPD47111);PubChem:(12127882);SuperNatural:(SN00275939)	3178498
34	1	N/A	-306.1491227682626	C29H50O3	[M - H2O + H]+	KHHZVKWVVWMRKC	InChI=1S/C29H50O3/c1-8-21(2)17-23(4)19-24(5)18-22(3)15-13-11-9-10-12-14-16-26-25(6)27(30)20-28(32-7)29(26)31/h20-24H,8-19H2,1-7H3	null	CCC(C)CC(C)CC(C)CC(C)CCCCCCCCC1=C(C(=O)C=C(C1=O)OC)C	10.5	71434663	COCONUT:(CNP0330767);Natural Products:(UNPD95401);PubChem:(71434663);SuperNatural:(SN00249602)	3178498
35	1	N/A	-307.4385610551661	C29H50O3	[M - H2O + H]+	RIAZAUDMYOAAPB	InChI=1S/C29H50O3/c1-8-14-21(2)17-23(4)19-24(5)18-22(3)15-12-10-9-11-13-16-26-25(6)27(30)20-28(32-7)29(26)31/h20-24H,8-19H2,1-7H3	null	CCCC(C)CC(C)CC(C)CC(C)CCCCCCCC1=C(C(=O)C=C(C1=O)OC)C	9.29196644	""	COCONUT:(CNP0337880)	2097152
36	1	N/A	-344.17301080480206	C29H50O3	[M - H2O + H]+	JNJVCVCWDCEZKV	InChI=1S/C29H50O3/c1-19(2)20(3)8-9-21(4)24-11-13-27(31)29(24,6)17-15-25-26(30)12-10-22-18-23(32-7)14-16-28(22,25)5/h19-25H,8-18H2,1-7H3	(1R,4aS,6S,8aS)-1-[2-[(1R,2R)-2-[(2R,5R)-5,6-dimethylheptan-2-yl]-1-methyl-5-oxocyclopentyl]ethyl]-6-methoxy-8a-methyl-1,3,4,4a,5,6,7,8-octahydronaphthalen-2-one	CC(C)C(C)CCC(C)C1CCC(=O)C1(C)CCC2C(=O)CCC3C2(CCC(C3)OC)C	6.9000001	21636611;23426984	COCONUT:(CNP0168223);Natural Products:(UNPD171403 UNPD195745);PubChem:(21636611 23426984);SuperNatural:(SN00269292 SN00255564)	3178498
1	1	0.22741974145560764	-60.73369409405138	C29H48O2	[M + H]+	ZYCUYLKDCYFZAS	InChI=1S/C29H48O2/c1-20(2)12-9-13-21(3)14-10-15-22(4)16-11-18-29(8)19-17-26-25(7)27(30)23(5)24(6)28(26)31-29/h12,21-22,30H,9-11,13-19H2,1-8H3	null	CC1=C(C2=C(CCC(O2)(C)CCCC(C)CCCC(C)CCC=C(C)C)C(=C1O)C)C	10.1999998	49869866;100966148;101927813	MeSH:(100966148);KNApSAcK:(49703);PubChem:(49869866 100966148 101927813);PubMed	86
2	1	N/A	-73.7360240799733	C29H48O2	[M + H]+	QAOOAZRWKHFUHK	InChI=1S/C29H48O2/c1-20(2)12-9-13-21(3)14-10-15-22(4)16-11-18-29(8)19-17-26-25(7)27(30)23(5)24(6)28(26)31-29/h21-22,30H,1,9-19H2,2-8H3	null	CC1=C(C2=C(CCC(O2)(C)CCCC(C)CCCC(C)CCCC(=C)C)C(=C1O)C)C	10.6000004	10342559;44575321;101192220	COCONUT:(CNP0115007);Natural Products:(UNPD6598);PubChem:(10342559 44575321 101192220);SuperNatural:(SN00379436);PubMed	3178562
3	1	N/A	-124.28258655744396	C29H48O2	[M + H]+	JDRGHECKJUSWSU	InChI=1S/C29H48O2/c1-20(2)12-9-13-21(3)14-10-15-22(4)16-11-18-29(8)19-17-26-25(7)27(30)23(5)24(6)28(26)31-29/h17,19-22,30H,9-16,18H2,1-8H3	2H-1-Benzopyran-6-ol, 2,5,7,8-tetramethyl-2-(4,8,12-trimethyltridecyl)-	CC1=C(C2=C(C=CC(O2)(C)CCCC(C)CCCC(C)CCCC(C)C)C(=C1O)C)C	10.6000004	10574579;14311401;25243834;101360006;129630373	COCONUT:(CNP0180745);KNApSAcK:(35791);Natural Products:(UNPD134648);PubChem:(10574579 14311401 25243834 101360006 129630373);SuperNatural:(SN00159180);PubChem class - bio and metabolites;KEGG Mine	8609890322
4	1	N/A	-170.78348911349698	C29H48O2	[M + H]+	YNRRPLBFQOTTEG	InChI=1S/C29H48O2/c1-18(2)23(20(4)30)9-7-19(3)25-11-12-26-24-10-8-21-17-22(31)13-15-28(21,5)27(24)14-16-29(25,26)6/h8,18-19,22-27,31H,7,9-17H2,1-6H3	null	CC(C)C(CCC(C)C1CCC2C1(CCC3C2CC=C4C3(CCC(C4)O)C)C)C(=O)C	7.5	137455368	COCONUT:(CNP0218539);Natural Products:(UNPD228477);PubChem:(137455368)	2129922
5	1	N/A	-176.7728765822448	C29H48O2	[M + H]+	GPONKGGQPMFNDI	InChI=1S/C29H48O2/c1-7-22(18(2)3)27(31)16-19(4)24-10-11-25-23-9-8-20-17-21(30)12-14-28(20,5)26(23)13-15-29(24,25)6/h8,18-19,21-26,30H,7,9-17H2,1-6H3	stigmast-5-en-3beta-ol-23-one	CCC(C(C)C)C(=O)CC(C)C1CCC2C1(CCC3C2CC=C4C3(CCC(C4)O)C)C	7.4000001	71596838;137455355;137651926	COCONUT:(CNP0210835);Natural Products:(UNPD230637);PubChem:(71596838 137455355 137651926);PubMed	2129986
6	1	N/A	-186.24835841426847	C29H48O2	[M + H]+	WWTBBRMTEFBUND	InChI=1S/C29H48O2/c1-19(2)8-7-9-20(3)22-11-12-23-21-10-13-25-28(5,24(21)14-16-27(22,23)4)17-15-26(31)29(25,6)18-30/h18-20,22-23,25-26,31H,7-17H2,1-6H3	4a-formyl-4b-methyl-5a-cholesta-8-en-3b-ol	CC(C)CCCC(C)C1CCC2C1(CCC3=C2CCC4C3(CCC(C4(C)C=O)O)C)C	8.0	25201774;44263319;74427919;135397980	COCONUT:(CNP0042939);HMDB:(12168 62388);PubChem:(25201774 44263319 74427919 135397980);SuperNatural:(SN00215568);CHEBI:(87046);PubChem class - bio and metabolites;Biocyc:(CPD-8612 CPD-21735)	19925034
7	1	N/A	-187.7496752015589	C29H48O2	[M + H]+	HCOOTBJPHHNRCV	InChI=1S/C29H48O2/c1-19(2)8-7-9-20(3)22-11-12-23-21-10-13-25-28(5,24(21)14-16-27(22,23)4)17-15-26(31)29(25,6)18-30/h10,18-20,22-26,31H,7-9,11-17H2,1-6H3	3beta-Hydroxy-4beta-methyl-5alpha-cholest-7-ene-4alpha-carbaldehyde	CC(C)CCCC(C)C1CCC2C1(CCC3C2=CCC4C3(CCC(C4(C)C=O)O)C)C	8.30000019	443238;4489456;21145202;131769780;135398017	COCONUT:(CNP0221760);HMDB:(59643);PubChem:(443238 4489456 21145202 131769780 135398017);CHEBI:(16286);PubChem class - bio and metabolites;KEGG:(C11509);YMDB:(870);Plantcyc:(CPD-5845);Biocyc:(CPD-21723 CPD-5845)	19073322
8	1	N/A	-188.43577304332132	C29H48O2	[M + H]+	XUBCLKHKJZCPFZ	InChI=1S/C29H48O2/c1-18(2)29(20(4)31-29)16-11-19(3)24-9-10-25-23-8-7-21-17-22(30)12-14-27(21,5)26(23)13-15-28(24,25)6/h7,18-20,22-26,30H,8-17H2,1-6H3	Fucosterol epoxide	CC1C(O1)(CCC(C)C2CCC3C2(CCC4C3CC=C5C4(CCC(C5)O)C)C)C(C)C	7.5999999	191394;440161;3082427;3313962;137455581;137455591;137455595;137455596	COCONUT:(CNP0371027);Natural Products:(UNPD174434 UNPD172512);PubChem:(191394 440161 3082427 3313962 137455581 137455591 137455595 137455596);SuperNatural:(SN00316773 SN00292248);CHEBI:(15577);MeSH:(191394 3082427);KEGG:(C03910);PubMed;Biocyc:(CPD-51)	3180902
9	1	N/A	-194.74460172348466	C29H48O2	[M + H]+	DVFKSLYSRPTFTD	InChI=1S/C29H48O2/c1-7-20(18(2)3)9-8-19(4)24-12-13-25-23-11-10-21-16-22(30)14-15-28(21,5)27(23)26(31)17-29(24,25)6/h11,18-22,24-25,27,30H,7-10,12-17H2,1-6H3	null	CCC(CCC(C)C1CCC2C1(CC(=O)C3C2=CCC4C3(CCC(C4)O)C)C)C(C)C	7.5999999	102481018	COCONUT:(CNP0265718);Natural Products:(UNPD164675 UNPD163440);PubChem:(102481018);SuperNatural:(SN00337474 SN00289871)	3178498
10	1	N/A	-198.51684624668846	C29H48O2	[M + H]+	NXXZMPXKMCLZAV	InChI=1S/C29H48O2/c1-19(2)21(14-17-30)7-6-20(3)25-10-11-26-24-9-8-22-18-23(31)12-15-28(22,4)27(24)13-16-29(25,26)5/h8,14,19-20,23-27,30-31H,6-7,9-13,15-18H2,1-5H3	null	CC(C)C(=CCO)CCC(C)C1CCC2C1(CCC3C2CC=C4C3(CCC(C4)O)C)C	7.5999999	9980023;54136299;102094447	COCONUT:(CNP0227726);Natural Products:(UNPD226073);PubChem:(9980023 54136299 102094447);KEGG Mine	8592064514
11	1	N/A	-200.0292576321309	C29H48O2	[M + H]+	IYBGBNAVLWUPQU	InChI=1S/C29H48O2/c1-7-20(18(2)3)16-27(31)19(4)24-10-11-25-23-9-8-21-17-22(30)12-14-28(21,5)26(23)13-15-29(24,25)6/h7-8,18-19,22-27,30-31H,9-17H2,1-6H3	22S-hydroxyisofucosterol	CC=C(CC(C(C)C1CCC2C1(CCC3C2CC=C4C3(CCC(C4)O)C)C)O)C(C)C	7.69999981	52931404	COCONUT:(CNP0226294);PubChem:(52931404);SuperNatural:(SN00215521);Plantcyc:(CPD-7191);Biocyc:(CPD-7191);KEGG Mine	8593213442
12	1	N/A	-204.58538433415882	C29H48O2	[M + H]+	OPGVEUGCNGNPSX	InChI=1S/C29H48O2/c1-7-29(31,19(2)3)17-12-20(4)24-10-11-25-23-9-8-21-18-22(30)13-15-27(21,5)26(23)14-16-28(24,25)6/h7-8,19-20,22-26,30-31H,1,9-18H2,2-6H3	Saringosterol	CC(C)C(CCC(C)C1CCC2C1(CCC3C2CC=C4C3(CCC(C4)O)C)C)(C=C)O	7.4000001	5321131;10113423;14161394;14161396;14161397;91747256	COCONUT:(CNP0131723);Natural Products:(UNPD26913 UNPD125147 UNPD118653 UNPD124774);PubChem:(5321131 10113423 14161394 14161396 14161397 91747256);SuperNatural:(SN00238327 SN00161736 SN00309794 SN00161538 SN00264641 SN00162273 SN00337871);MeSH:(14161394);PubMed	3178566
13	1	N/A	-205.91071163372192	C29H48O2	[M + H]+	QFJUOTJDAYLASI	InChI=1S/C29H48O2/c1-20(9-7-17-28(2,3)31)25-14-15-26-22(11-8-18-29(25,26)4)19-24-23-12-6-5-10-21(23)13-16-27(24)30/h19-20,24-27,30-31H,5-18H2,1-4H3	(5Z,7E)-(3S)-6,19-ethano-9,10-seco-5(10),7-cholestadiene-3,25-diol	CC(CCCC(C)(C)O)C1CCC2C1(CCCC2=CC3C(CCC4=C3CCCC4)O)C	6.5999999	24779646	MeSH:(24779646);PubChem:(24779646);PubMed	70
14	1	N/A	-210.6662055771908	C29H48O2	[M + H]+	BOYVKVMKUNPPFR	InChI=1S/C29H48O2/c1-18(2)29(20(4)31-29)16-11-19(3)24-9-10-25-23-8-7-21-17-22(30)12-14-27(21,5)26(23)13-15-28(24,25)6/h8,18-22,24-26,30H,7,9-17H2,1-6H3	null	CC1C(O1)(CCC(C)C2CCC3C2(CCC4C3=CCC5C4(CCC(C5)O)C)C)C(C)C	7.30000019	15489398;15489399	COCONUT:(CNP0286491);Natural Products:(UNPD21869 UNPD155743);PubChem:(15489398 15489399);SuperNatural:(SN00401552);KEGG Mine	8593113090
15	1	N/A	-212.72536619897713	C29H48O2	[M + H]+	QFGCPIMZVWPNNF	InChI=1S/C29H48O2/c1-18(2)19(3)7-8-20(4)23-11-12-24-21-9-10-25-22(17-30)27(31)14-16-29(25,6)26(21)13-15-28(23,24)5/h9,18,20,22-27,30-31H,3,7-8,10-17H2,1-2,4-6H3	4alpha-hydroxymethyl-ergosta-7,24(241)-dien-3beta-ol	CC(C)C(=C)CCC(C)C1CCC2C1(CCC3C2=CCC4C3(CCC(C4CO)O)C)C	8.10000038	102515391	COCONUT:(CNP0001428);PubChem:(102515391);CHEBI:(142848);PubChem class - bio and metabolites;Plantcyc:(CPD-12907);Biocyc:(CPD-12907);KEGG Mine	8608942114
16	1	N/A	-213.96743846077814	C29H48O2	[M + H]+	ICFXJOAKQGDRCT	InChI=1S/C29H48O2/c1-7-20(18(2)3)9-8-19(4)23-10-11-24-27-25(13-15-29(23,24)6)28(5)14-12-22(30)16-21(28)17-26(27)31/h17-20,22-25,27,30H,7-16H2,1-6H3	3-Hydroxystigmast-5-en-7-one	CCC(CCC(C)C1CCC2C1(CCC3C2C(=O)C=C4C3(CCC(C4)O)C)C)C(C)C	8.30000019	510082;160608;10622508;6914805;14779505;14779506;21123857;91753723;101173618;124567838;122361520;126970147;129825039;132048711;133561702;134611735;138113837	COCONUT:(CNP0130819);HMDB:(34422);KNApSAcK:(29593);Natural Products:(UNPD140222 UNPD43008 UNPD71169 UNPD3323 UNPD54167 UNPD127603);PubChem:(510082 160608 10622508 6914805 14779505 14779506 21123857 91753723 101173618 124567838 122361520 126970147 129825039 132048711 133561702 134611735 138113837);SuperNatural:(SN00352711 SN00161441 SN00338618 SN00364673 SN00249213 SN00163200);PubChem class - bio and metabolites;MeSH:(160608 14779505 21123857 134611735 138113837);PubMed	19955806
17	1	N/A	-214.23463756451477	C29H48O2	[M + H]+	XUGISPSHIFXEHZ	InChI=1S/C29H48O2/c1-19(2)8-7-9-20(3)25-12-13-26-24-11-10-22-18-23(31-21(4)30)14-16-28(22,5)27(24)15-17-29(25,26)6/h10,19-20,23-27H,7-9,11-18H2,1-6H3	Spectrum_001758	CC(C)CCCC(C)C1CCC2C1(CCC3C2CC=C4C3(CCC(C4)OC(=O)C)C)C	9.10000038	11786;1742197;1756398;1756399;1756401;222529;2723897;2796706;7052599;7052601;7052602;7087011;7087012;6427285;6432590;10622507;6710693;12360656;12360660;12360661;12360664;12360665;12360674;10950017;11004483;10224500;11867888;11867889;11867890;11875265;11875266;11430304;16758036;16399493;25240929;42578233;45044256;54488757;54488758;54488759;53393670;56845904;89568915;89932525;99565625;117722423;125036633;125036634;125036635;125036636;125121234;125121235;125121236;124762485;124897414;124897416;124897417;124897788;124900533;124900534;124302097;124427192;130223427;129171012;130315904;131667449;131708103;134688389;134877127;132472990;137705945	NORMAN:(NS00013455);COCONUT:(CNP0269050);HMDB:(3822);Natural Products:(UNPD1712 UNPD142342 UNPD74717 UNPD76579);PubChem:(11786 1742197 1756398 1756399 1756401 222529 2723897 2796706 7052599 7052601 7052602 7087011 7087012 6427285 6432590 10622507 6710693 12360656 12360660 12360661 12360664 12360665 12360674 10950017 11004483 10224500 11867888 11867889 11867890 11875265 11875266 11430304 16758036 16399493 25240929 42578233 45044256 54488757 54488758 54488759 53393670 56845904 89568915 89932525 99565625 117722423 125036633 125036634 125036635 125036636 125121234 125121235 125121236 124762485 124897414 124897416 124897417 124897788 124900533 124900534 124302097 124427192 130223427 129171012 130315904 131667449 131708103 134688389 134877127 132472990 137705945);SuperNatural:(SN00122581 SN00071025 SN00064392 SN00122580 SN00380108 SN00007255 SN00071024 SN00005619 SN00317912 SN00005618 SN00030651 SN00071026);CHEBI:(78242);ZINC bio:(ZINC03843758 ZINC03843759 ZINC03843760 ZINC03843761 ZINC03861169 ZINC04062191 ZINC04062193 ZINC04062194 ZINC04165304 ZINC12401392 ZINC13399694 ZINC13399697 ZINC13399702 ZINC13399706 ZINC34171051);PubChem class - bio and metabolites;MeSH:(222529 2723897 6427285 6432590 6710693 7052601 12360660 54488758 132472990);PubMed	20226158
18	1	N/A	-216.19261410043123	C29H48O2	[M + H]+	IMNJVKLONREOMN	InChI=1S/C29H48O2/c1-18(2)23(20(4)30)9-7-19(3)25-11-12-26-24-10-8-21-17-22(31)13-15-28(21,5)27(24)14-16-29(25,26)6/h8-9,18-20,22,24-27,30-31H,7,10-17H2,1-6H3	(3S,10R,13R,17R)-17-[(Z)-5-(1-hydroxyethyl)-6-methylhept-4-en-2-yl]-10,13-dimethyl-2,3,4,7,8,9,11,12,14,15,16,17-dodecahydro-1H-cyclopenta[a]phenanthren-3-ol	CC(C)C(=CCC(C)C1CCC2C1(CCC3C2CC=C4C3(CCC(C4)O)C)C)C(C)O	7.5	10916969;21776808	COCONUT:(CNP0247918);Natural Products:(UNPD118260);PubChem:(10916969 21776808);SuperNatural:(SN00387102)	3178498
19	1	N/A	-218.6443707437399	C29H48O2	[M + H]+	IGZCFYWKEWFZON	InChI=1S/C29H48O2/c1-18(2)9-8-10-19(3)21-11-16-29(7)26-22(12-15-28(21,29)6)27(5)14-13-24(30)20(4)23(27)17-25(26)31/h18-21,23-24,30H,8-17H2,1-7H3	null	CC1C(CCC2(C1CC(=O)C3=C2CCC4(C3(CCC4C(C)CCCC(C)C)C)C)C)O	8.0	126961021	Plantcyc:(CPD-19592);PubChem:(126961021);PubMed;Biocyc:(CPD-19592)	133186
20	1	N/A	-219.6610240830244	C29H48O2	[M + H]+	SBSDFNLOLLBNPJ	InChI=1S/C29H48O2/c1-7-21(19(2)3)9-8-20(4)24-14-17-29(31)26-11-10-22-18-23(30)12-15-27(22,5)25(26)13-16-28(24,29)6/h8-10,19-21,23-26,30-31H,7,11-18H2,1-6H3	null	CCC(C=CC(C)C1CCC2(C1(CCC3C2CC=C4C3(CCC(C4)O)C)C)O)C(C)C	7.18400478	""	COCONUT:(CNP0126056);Natural Products:(UNPD24340);KEGG Mine	8592064512
21	1	N/A	-222.30509701373342	C29H48O2	[M + H]+	KMJSWROJGBDPMI	InChI=1S/C29H48O2/c1-18(2)19(3)8-9-20(4)22-11-12-23-21-10-13-25-28(6,17-15-26(30)29(25,7)31)24(21)14-16-27(22,23)5/h10,18,20,22-26,30-31H,3,8-9,11-17H2,1-2,4-7H3	null	CC(C)C(=C)CCC(C)C1CCC2C1(CCC3C2=CCC4C3(CCC(C4(C)O)O)C)C	7.16647816	""	COCONUT:(CNP0170275);Natural Products:(UNPD90759 UNPD138067 UNPD47448);SuperNatural:(SN00252599 SN00387081 SN00403228);KEGG Mine	8593113088
22	1	N/A	-223.53190102536888	C29H48O2	[M + H]+	LEUVIESGHNFBEK	InChI=1S/C29H48O2/c1-19(2)8-7-9-20(3)22-11-12-23-21-10-13-25-28(5,24(21)14-16-27(22,23)4)17-15-26(31)29(25,6)18-30/h8,20,22-23,25-26,30-31H,7,9-18H2,1-6H3	4a-hydroxymethyl-4b-methyl-5a-cholesta-8,24-dien-3b-ol	CC(CCC=C(C)C)C1CCC2C1(CCC3=C2CCC4C3(CCC(C4(C)CO)O)C)C	7.69999981	656451;22298936;25203290;135398098	COCONUT:(CNP0034138);HMDB:(12170 62390);PubChem:(656451 22298936 25203290 135398098);SuperNatural:(SN00215485);YMDB Mine;CHEBI:(87289);PubChem class - bio and metabolites;Plantcyc:(CPD-4575);Biocyc:(CPD-21728 CPD-4575);KEGG Mine	42969729066
23	1	N/A	-224.03633363463376	C29H48O2	[M + H]+	PCCQJCRNEPTFRN	InChI=1S/C29H48O2/c1-7-20(18(2)3)9-8-19(4)23-10-11-24-27-25(13-15-29(23,24)6)28(5)14-12-22(30)16-21(28)17-26(27)31/h7,17-19,22-27,30-31H,8-16H2,1-6H3	null	CC=C(CCC(C)C1CCC2C1(CCC3C2C(C=C4C3(CCC(C4)O)C)O)C)C(C)C	7.69999981	23659789;23659790;90890531;90962405	COCONUT:(CNP0304929);Natural Products:(UNPD56267 UNPD191963 UNPD46046);PubChem:(23659789 23659790 90890531 90962405);SuperNatural:(SN00375292 SN00371321 SN00298832);PubMed;KEGG Mine	8593113154
24	1	N/A	-226.12797355974536	C29H48O2	[M + H]+	CEUDUKDULPDRSW	InChI=1S/C29H48O2/c1-7-20(18(2)3)16-27(31)19(4)24-10-11-25-23-9-8-21-17-22(30)12-14-28(21,5)26(23)13-15-29(24,25)6/h8-9,17-20,22-27,30-31H,7,10-16H2,1-6H3	(3beta,22R)-Stigmasta-4,6-diene-3,22-diol	CCC(CC(C(C)C1CCC2C1(CCC3C2C=CC4=CC(CCC34C)O)C)O)C(C)C	7.80000019	11633321;15940328	COCONUT:(CNP0310199);KNApSAcK:(30452);Natural Products:(UNPD68043);PubChem:(11633321 15940328);SuperNatural:(SN00268194);CHEBI:(65999);MeSH:(11633321);PubMed	3178614
25	1	N/A	-226.8349315304914	C29H48O2	[M + H]+	NKNWJEOLKJNRTG	InChI=1S/C29H48O2/c1-7-20(19(2)3)12-17-29(6,31)26-11-10-24-23-9-8-21-18-22(30)13-15-27(21,4)25(23)14-16-28(24,26)5/h7-8,19-20,22-26,30-31H,1,9-18H2,2-6H3	(3S,8S,9S,10R,13S,14S,17S)-17-[(2S,5R)-2-hydroxy-5-propan-2-ylhept-6-en-2-yl]-10,13-dimethyl-2,3,4,7,8,9,11,12,14,15,16,17-dodecahydro-1H-cyclopenta[a]phenanthren-3-ol	CC(C)C(CCC(C)(C1CCC2C1(CCC3C2CC=C4C3(CCC(C4)O)C)C)O)C=C	7.0999999	15508096	COCONUT:(CNP0131263);KNApSAcK:(40631);Natural Products:(UNPD127557);PubChem:(15508096)	2129938
26	1	N/A	-227.23454651109972	C29H48O2	[M + H]+	QXRLFOIWIZFYOW	InChI=1S/C29H48O2/c1-19(2)9-8-10-20(3)22-11-15-27(7)25(22,5)17-18-28-26(6)14-13-24(30)21(4)23(26)12-16-29(27,28)31-28/h19-23H,8-18H2,1-7H3	null	CC1C2CCC34C5(CCC(C5(CCC3(C2(CCC1=O)C)O4)C)C(C)CCCC(C)C)C	7.9000001	2754744;4281168;7173633;51521569	COCONUT:(CNP0049064);PubChem:(2754744 4281168 7173633 51521569);SuperNatural:(SN00130627 SN00133467);PubMed;ZINC bio:(ZINC04293392 ZINC13409720)	3153986
27	1	N/A	-227.81740648303594	C29H48O2	[M + H]+	DNZRLVGXSVDBPZ	InChI=1S/C29H48O2/c1-20(8-7-16-28(2,3)31)26-13-12-23-18-21(15-17-29(23,26)4)19-25-24-10-6-5-9-22(24)11-14-27(25)30/h19-20,23,25-27,30-31H,5-18H2,1-4H3	25-Hde-vitamin D3	CC(CCCC(C)(C)O)C1CCC2C1(CCC(=CC3C(CCC4=C3CCCC4)O)C2)C	6.5	6438665	MeSH:(6438665);PubChem:(6438665);PubMed	70
28	1	N/A	-228.5622997568193	C29H48O2	[M + H]+	KXHHHBICYOMCON	InChI=1S/C29H48O2/c1-18(2)25(30)11-8-19(3)21-12-16-29(7)24-10-9-22-20(4)26(31)14-15-27(22,5)23(24)13-17-28(21,29)6/h10,18-23,26,31H,8-9,11-17H2,1-7H3	null	CC1C(CCC2(C1CC=C3C2CCC4(C3(CCC4C(C)CCC(=O)C(C)C)C)C)C)O	7.23864841	""	COCONUT:(CNP0184534);Natural Products:(UNPD128058);SuperNatural:(SN00286495)	3178496
29	1	N/A	-228.5986615354636	C29H48O2	[M + H]+	GHKZSOXKUWCNDD	InChI=1S/C29H48O2/c1-7-20(18(2)3)9-8-19(4)24-12-13-25-23-11-10-21-16-22(30)14-15-28(21,5)27(23)26(31)17-29(24,25)6/h8-10,18-20,22-27,30-31H,7,11-17H2,1-6H3	null	CCC(C=CC(C)C1CCC2C1(CC(C3C2CC=C4C3(CCC(C4)O)C)O)C)C(C)C	7.19999981	70690685;71473663	COCONUT:(CNP0299434);Natural Products:(UNPD229116);PubChem:(70690685 71473663);PubMed;KEGG Mine	8592064578
30	1	N/A	-229.94981442681626	C29H48O2	[M + H]+	SMNKWVFYALWQPM	InChI=1S/C29H48O2/c1-7-20(18(2)3)9-8-19(4)23-10-11-24-22-17-27(31)26-16-21(30)12-14-29(26,6)25(22)13-15-28(23,24)5/h8-9,18-20,22-27,31H,7,10-17H2,1-6H3	null	CCC(C=CC(C)C1CCC2C1(CCC3C2CC(C4C3(CCC(=O)C4)C)O)C)C(C)C	7.13184977	""	COCONUT:(CNP0236219);Natural Products:(UNPD116673);SuperNatural:(SN00308710)	3178496
31	1	N/A	-230.46088643813323	C29H48O2	[M + H]+	JEJAPXKHRYXXIV	InChI=1S/C29H48O2/c1-7-20(18(2)3)9-8-19(4)22-12-13-23-21-10-11-25-27(31)26(30)15-17-29(25,6)24(21)14-16-28(22,23)5/h11,19-24,26-27,30-31H,2,7-10,12-17H2,1,3-6H3	null	CCC(CCC(C)C1CCC2C1(CCC3C2CC=C4C3(CCC(C4O)O)C)C)C(=C)C	8.19999981	10812477	COCONUT:(CNP0244458);Natural Products:(UNPD9478);PubChem:(10812477);SuperNatural:(SN00383507)	3178498
32	1	N/A	-230.94071929813865	C29H48O2	[M + H]+	WQSYKNUUKPIYHA	InChI=1S/C29H48O2/c1-24(2)14-8-15-25(3)19(24)11-17-27(5)20(25)9-10-21-26(4)16-13-23(30)29(7,31)22(26)12-18-28(21,27)6/h19-22,31H,8-18H2,1-7H3	null	CC1(CCCC2(C1CCC3(C2CCC4C3(CCC5C4(CCC(=O)C5(C)O)C)C)C)C)C	8.30000019	90720428;101280264	COCONUT:(CNP0420856);Natural Products:(UNPD17583 UNPD72635);PubChem:(90720428 101280264);SuperNatural:(SN00390310 SN00242115);PubMed	3178562
33	1	N/A	-231.9409706289792	C29H48O2	[M + H]+	SPPPRPSXBJKHQM	InChI=1S/C29H48O2/c1-7-29(31-30,20(2)3)19-15-21(4)24-13-14-25-23-12-11-22-10-8-9-17-27(22,5)26(23)16-18-28(24,25)6/h7,11,20-21,23-26,30H,1,8-10,12-19H2,2-6H3	null	CC(C)C(CCC(C)C1CCC2C1(CCC3C2CC=C4C3(CCCC4)C)C)(C=C)OO	9.0	102333258	COCONUT:(CNP0063166);Natural Products:(UNPD116365);PubChem:(102333258);SuperNatural:(SN00359828)	3178498
34	1	N/A	-232.12906246306196	C29H48O2	[M + H]+	KNAUMRJRUMRRGA	InChI=1S/C29H48O2/c1-18(2)19(3)8-9-20(4)22-11-12-23-21-10-13-25-28(6,17-15-26(30)29(25,7)31)24(21)14-16-27(22,23)5/h18,20,22-23,25-26,30-31H,3,8-17H2,1-2,4-7H3	null	CC(C)C(=C)CCC(C)C1CCC2C1(CCC3=C2CCC4C3(CCC(C4(C)O)O)C)C	7.28517866	""	COCONUT:(CNP0260605);Natural Products:(UNPD143073);SuperNatural:(SN00375467);YMDB Mine;KEGG Mine	42952851456
35	1	N/A	-232.55146343146538	C29H48O2	[M + H]+	GPAYFLROALHUFV	InChI=1S/C29H48O2/c1-20(2)7-6-8-21(3)24-11-12-25-23-10-9-22-19-29(30-17-18-31-29)16-15-27(22,4)26(23)13-14-28(24,25)5/h9,20-21,23-26H,6-8,10-19H2,1-5H3	3,3-Ethylenedioxycholest-5-ene	CC(C)CCCC(C)C1CCC2C1(CCC3C2CC=C4C3(CCC5(C4)OCCO5)C)C	8.60000038	193377;4156549;45048509;99577192;125029434;125029435;125029436;125029437	MeSH:(193377);PubChem:(193377 4156549 45048509 99577192 125029434 125029435 125029436 125029437);PubMed	70
36	1	N/A	-232.73279368392724	C29H48O2	[M + H]+	JHZYXZPWRQYVNU	InChI=1S/C29H48O2/c1-24(2)11-15-29(19-30)16-14-27(5)22-9-10-25(3)17-20(31)7-8-21(25)26(22,4)12-13-28(27,6)23(29)18-24/h21-23,30H,7-19H2,1-6H3	null	CC1(CCC2(CCC3(C4CCC5(CC(=O)CCC5C4(CCC3(C2C1)C)C)C)C)CO)C	6.857162	""	COCONUT:(CNP0203884)	2097152
37	1	N/A	-234.14259617037843	C29H48O2	[M + H]+	DPNNWDOFSGOYEK	InChI=1S/C29H48O2/c1-7-20(18(2)3)9-8-19(4)23-10-11-24-27-25(13-15-29(23,24)6)28(5)14-12-22(30)16-21(28)17-26(27)31/h8-9,17-20,22-27,30-31H,7,10-16H2,1-6H3	7beta-hydroxystigmasterol	CCC(C=CC(C)C1CCC2C1(CCC3C2C(C=C4C3(CCC(C4)O)C)O)C)C(C)C	7.4000001	182464;6442694;21769896;73834225;101704480;122130080;122361444;129316985;129728404;129728408;133562855;137704548	COCONUT:(CNP0137677);KNApSAcK:(32209);Natural Products:(UNPD32227 UNPD72022);PubChem:(182464 6442694 21769896 73834225 101704480 122130080 122361444 129316985 129728404 129728408 133562855 137704548);SuperNatural:(SN00363755 SN00279074);PubMed;KEGG Mine	8593113170
38	1	N/A	-235.25725814753395	C29H48O2	[M + H]+	DESNVFJPSFPUNJ	InChI=1S/C29H48O2/c1-7-20(18(2)3)9-8-19(4)23-10-11-24-27-25(13-15-29(23,24)6)28(5)14-12-22(30)16-21(28)17-26(27)31/h16,18-20,23-27,31H,7-15,17H2,1-6H3	null	CCC(CCC(C)C1CCC2C1(CCC3C2C(CC4=CC(=O)CCC34C)O)C)C(C)C	8.10000038	90771877;102349117;126582572;126582574	COCONUT:(CNP0202583);Natural Products:(UNPD103864);PubChem:(90771877 102349117 126582572 126582574);SuperNatural:(SN00339408);PubMed	3178562
39	1	N/A	-236.54876410967702	C29H48O2	[M + H]+	IRLJYXHINXXWKC	InChI=1S/C29H48O2/c1-18(2)20(4)19(3)17-29(7,31)26-11-10-24-23-9-8-21-16-22(30)12-14-27(21,5)25(23)13-15-28(24,26)6/h8,11,18-20,22-25,30-31H,9-10,12-17H2,1-7H3	null	CC(C)C(C)C(C)CC(C)(C1=CCC2C1(CCC3C2CC=C4C3(CCC(C4)O)C)C)O	6.69999981	46938955;101524036	COCONUT:(CNP0238025);Natural Products:(UNPD131924);PubChem:(46938955 101524036);SuperNatural:(SN00238258)	3178498
40	1	N/A	-236.92958269637762	C29H48O2	[M + H]+	SHTUYCAAWWUHCV	InChI=1S/C29H48O2/c1-7-29(31,19(2)3)17-12-20(4)24-10-11-25-23-9-8-21-18-22(30)13-15-27(21,5)26(23)14-16-28(24,25)6/h7,9,19-22,24-26,30-31H,1,8,10-18H2,2-6H3	null	CC(C)C(CCC(C)C1CCC2C1(CCC3C2=CCC4C3(CCC(C4)O)C)C)(C=C)O	7.19999981	15489396;15489397	COCONUT:(CNP0298451);KNApSAcK:(38091);Natural Products:(UNPD54250 UNPD97017);PubChem:(15489396 15489397);SuperNatural:(SN00375744)	3178514
41	1	N/A	-237.99112103492863	C29H48O2	[M + H]+	WEZPVJHFDITLLZ	InChI=1S/C29H48O2/c1-7-19(2)8-9-20(3)25-12-13-26-24-11-10-22-18-23(31-21(4)30)14-16-28(22,5)27(24)15-17-29(25,26)6/h10,19-20,23-27H,7-9,11-18H2,1-6H3	[(3S,8S,9S,10R,13R,14S,17R)-10,13-dimethyl-17-[(2R,5S)-5-methylheptan-2-yl]-2,3,4,7,8,9,11,12,14,15,16,17-dodecahydro-1H-cyclopenta[a]phenanthren-3-yl] acetate	CCC(C)CCC(C)C1CCC2C1(CCC3C2CC=C4C3(CCC(C4)OC(=O)C)C)C	9.10000038	21771301;21771302	COCONUT:(CNP0171408);Natural Products:(UNPD131501);PubChem:(21771301 21771302);SuperNatural:(SN00267717)	3178498
42	1	N/A	-239.00190993421276	C29H48O2	[M + H]+	ORSGOYIZHGXIIP	InChI=1S/C29H48O2/c1-7-20(18(2)3)9-8-19(4)23-10-11-24-22-16-26-29(31-26)17-21(30)12-15-28(29,6)25(22)13-14-27(23,24)5/h16,18-21,23-26,30H,7-15,17H2,1-6H3	null	CCC(CCC(C)C1CCC2C1(CCC3C2=CC4C5(C3(CCC(C5)O)C)O4)C)C(C)C	7.9000001	101851967	COCONUT:(CNP0158888);Natural Products:(UNPD48131);PubChem:(101851967)	2129922
43	1	N/A	-239.44447936195488	C29H48O2	[M + H]+	ZNLRWWNFDKXDLJ	InChI=1S/C29H48O2/c1-19(2)18-21(30)9-8-20-12-16-29(7)23-10-11-24-26(3,4)25(31)14-15-27(24,5)22(23)13-17-28(20,29)6/h18,20-21,24-25,30-31H,8-17H2,1-7H3	null	CC(=CC(CCC1CCC2(C1(CCC3=C2CCC4C3(CCC(C4(C)C)O)C)C)C)O)C	7.19999981	139585137	COCONUT:(CNP0211506);Natural Products:(UNPD176549);PubChem:(139585137);SuperNatural:(SN00319494)	3178498
44	1	N/A	-241.32252595160074	C29H48O2	[M + H]+	RFCDBEXZIQZKRG	InChI=1S/C29H48O2/c1-7-20(19(2)3)12-17-29(6,31)26-11-10-24-23-9-8-21-18-22(30)13-15-27(21,4)25(23)14-16-28(24,26)5/h8,12,17,19-20,22-26,30-31H,7,9-11,13-16,18H2,1-6H3	(3beta,22E)-stigmasta-5,22-diene-3,20-diol	CCC(C=CC(C)(C1CCC2C1(CCC3C2CC=C4C3(CCC(C4)O)C)C)O)C(C)C	7.0999999	71296135	COCONUT:(CNP0083917);PubChem:(71296135);CHEBI:(66571);MeSH:(71296135);PubMed;KEGG Mine	8592031846
45	1	N/A	-242.2895936225711	C29H48O2	[M + H]+	ACCZZGPPSBIAAQ	InChI=1S/C29H48O2/c1-19(9-8-15-26(3,4)31)21-12-17-29(7)24-11-10-22-20(2)25(30)14-16-27(22,5)23(24)13-18-28(21,29)6/h8,15,19-22,25,30-31H,9-14,16-18H2,1-7H3	null	CC1C2CCC3=C(C2(CCC1O)C)CCC4(C3(CCC4C(C)CC=CC(C)(C)O)C)C	6.69999981	10574578;10432742;129682006	COCONUT:(CNP0265940);Natural Products:(UNPD14028);PubChem:(10574578 10432742 129682006);SuperNatural:(SN00383285)	3178498
46	1	N/A	-242.32262435578028	C29H48O2	[M + H]+	PXPABZUEASBGNN	InChI=1S/C29H48O2/c1-19(2)7-6-8-20(3)23-9-10-24-22-18-27(31)26-17-21(13-16-30)11-14-29(26,5)25(22)12-15-28(23,24)4/h17,19-25,30H,6-16,18H2,1-5H3	null	CC(C)CCCC(C)C1CCC2C1(CCC3C2CC(=O)C4=CC(CCC34C)CCO)C	7.53481674	""	COCONUT:(CNP0075429)	2097152
47	1	N/A	-245.13783171622268	C29H48O2	[M + H]+	MNIVAEKDEDQBEP	InChI=1S/C29H48O2/c1-7-20(18(2)3)9-8-19(4)23-10-11-24-27-25(13-15-29(23,24)6)28(5)14-12-22(30)16-21(28)17-26(27)31/h17,19-20,22-27,30-31H,2,7-16H2,1,3-6H3	(3S,7S,10R,13R,17R)-17-[(2R,5S)-5-ethyl-6-methylhept-6-en-2-yl]-10,13-dimethyl-2,3,4,7,8,9,11,12,14,15,16,17-dodecahydro-1H-cyclopenta[a]phenanthrene-3,7-diol	CCC(CCC(C)C1CCC2C1(CCC3C2C(C=C4C3(CCC(C4)O)C)O)C)C(=C)C	8.19999981	11743338;21585432;21589243;21589244;23427960;23427961;42615698;129682739;129904519	COCONUT:(CNP0157128);Natural Products:(UNPD125903 UNPD126412 UNPD35833 UNPD64367);PubChem:(11743338 21585432 21589243 21589244 23427960 23427961 42615698 129682739 129904519);SuperNatural:(SN00280112 SN00335178 SN00313838 SN00319707)	3178498
48	1	N/A	-245.71587442814757	C29H48O2	[M + H]+	KFFSVXGFRJRKRR	InChI=1S/C29H48O2/c1-18(20(3)27(4,5)31)16-19(2)24-10-11-25-23-9-8-21-17-22(30)12-14-28(21,6)26(23)13-15-29(24,25)7/h8,18,20,22-23,25-26,30-31H,9-17H2,1-7H3	25-Hydroxysarcosterol	CC(CC(=C1CCC2C1(CCC3C2CC=C4C3(CCC(C4)O)C)C)C)C(C)C(C)(C)O	6.9000001	3037906;21151337;23428005	COCONUT:(CNP0262783);Natural Products:(UNPD189036);PubChem:(3037906 21151337 23428005);SuperNatural:(SN00259371);MeSH:(3037906);PubMed	3178566
49	1	N/A	-246.2739443095849	C29H48O2	[M + H]+	IZFDLYIVDDBPEE	InChI=1S/C29H48O2/c1-7-18(2)19(3)8-9-20(4)23-10-11-24-27-25(13-15-29(23,24)6)28(5)14-12-22(30)16-21(28)17-26(27)31/h17-18,20,22-27,30-31H,3,7-16H2,1-2,4-6H3	(3S,7R,8S,9S,10R,13R,14S,17R)-10,13-dimethyl-17-[(2R,6S)-6-methyl-5-methylideneoctan-2-yl]-2,3,4,7,8,9,11,12,14,15,16,17-dodecahydro-1H-cyclopenta[a]phenanthrene-3,7-diol	CCC(C)C(=C)CCC(C)C1CCC2C1(CCC3C2C(C=C4C3(CCC(C4)O)C)O)C	8.10000038	16756666;16756779;102471145;102471146	COCONUT:(CNP0181089);Natural Products:(UNPD70518 UNPD163593);PubChem:(16756666 16756779 102471145 102471146);SuperNatural:(SN00390645 SN00229585)	3178498
50	1	N/A	-246.61286994181862	C29H48O2	[M + H]+	QLTRPUHJYXGJRN	InChI=1S/C29H48O2/c1-25(2,31)16-9-8-10-20-13-18-29(7)22-11-12-23-26(3,4)24(30)15-17-27(23,5)21(22)14-19-28(20,29)6/h9,16,20,23-24,30-31H,8,10-15,17-19H2,1-7H3	null	CC1(C2CCC3=C(C2(CCC1O)C)CCC4(C3(CCC4CCC=CC(C)(C)O)C)C)C	7.21089888	""	COCONUT:(CNP0120414);Natural Products:(UNPD130690);SuperNatural:(SN00339952)	3178496
51	1	N/A	-246.93673346467472	C29H48O2	[M + H]+	NWFOBODUYTUMNC	InChI=1S/C29H48O2/c1-7-22(19(2)3)11-10-20(4)26-14-15-27-23(9-8-16-29(26,27)6)12-13-24-17-25(30)18-28(31)21(24)5/h12-13,19-20,22,25-28,30-31H,5,7-11,14-18H2,1-4,6H3	1-Hydroxyvitamin D5	CCC(CCC(C)C1CCC2C1(CCCC2=CC=C3CC(CC(C3=C)O)O)C)C(C)C	7.5999999	9845491;10025615;9980025;15454485;24779655;24846032;59919879;73946710;76900454;88186011;90834345;89257653;90257323;90264445;91098780;123846649;139596326	COCONUT:(CNP0046708);PubChem:(9845491 10025615 9980025 15454485 24779655 24846032 59919879 73946710 76900454 88186011 90834345 89257653 90257323 90264445 91098780 123846649 139596326);MeSH:(10025615 24779655);PubMed;PubChem class - drug;KEGG Mine	8625586246
52	1	N/A	-249.3512606528483	C29H48O2	[M + H]+	BHZSLZOJNSDNOI	InChI=1S/C29H48O2/c1-19(2)8-7-9-20(3)25-12-13-26-24-11-10-22-18-23(31-21(4)30)14-16-28(22,5)27(24)15-17-29(25,26)6/h11,19-20,22-23,25-27H,7-10,12-18H2,1-6H3	7-Cholestenol acetate	CC(C)CCCC(C)C1CCC2C1(CCC3C2=CCC4C3(CCC(C4)OC(=O)C)C)C	8.89999962	313014;6432818;14056045;21587535;21140611;45044265;91692113;125030065;125030066;125030067;125030068	COCONUT:(CNP0221235);Natural Products:(UNPD124024 UNPD12645 UNPD224216);PubChem:(313014 6432818 14056045 21587535 21140611 45044265 91692113 125030065 125030066 125030067 125030068);SuperNatural:(SN00282963);ZINC bio:(ZINC05338962 ZINC05338964)	3186690
53	1	N/A	-249.53736569552404	C29H48O2	[M + H]+	QXEPWZFSGASTBP	InChI=1S/C29H48O2/c1-18(7-10-24-25(3,4)31-24)20-11-13-27(6)23-9-8-21-19(2)22(30)12-14-28(21)17-29(23,28)16-15-26(20,27)5/h18-24,30H,7-17H2,1-6H3	null	CC1C2CCC3C4(CCC(C4(CCC35C2(C5)CCC1O)C)C(C)CCC6C(O6)(C)C)C	6.96318722	""	COCONUT:(CNP0114056);Natural Products:(UNPD2662 UNPD56703 UNPD48968);SuperNatural:(SN00258904 SN00309782 SN00319981)	3178496
54	1	N/A	-249.69525456366569	C29H48O2	[M + H]+	ZUVIBFBCGVWCGE	InChI=1S/C29H48O2/c1-18(2)19(3)25(31)17-27(4,5)26-11-10-23-22-9-8-20-16-21(30)12-14-28(20,6)24(22)13-15-29(23,26)7/h20-24,26,30H,8-17H2,1-7H3	null	CC(=C(C)C(=O)CC(C)(C)C1CCC2C1(CCC3C2CCC4C3(CCC(C4)O)C)C)C	8.30000019	129683200	COCONUT:(CNP0167540);Natural Products:(UNPD101860);PubChem:(129683200);SuperNatural:(SN00394806)	3178498
55	1	N/A	-252.84436676052292	C29H48O2	[M + H]+	XXQNDEKYICWQBG	InChI=1S/C29H48O2/c1-7-20(18(2)3)9-8-19(4)23-12-13-24-22-11-10-21-16-26(30)27(31)17-29(21,6)25(22)14-15-28(23,24)5/h11,19-21,23-27,30-31H,2,7-10,12-17H2,1,3-6H3	null	CCC(CCC(C)C1CCC2C1(CCC3C2=CCC4C3(CC(C(C4)O)O)C)C)C(=C)C	8.0	129824663;129847925	PubChem:(129824663 129847925);COCONUT:(CNP0121380)	2097154
56	1	N/A	-253.23653252454008	C29H48O2	[M + H]+	GMAZQCGBYZQTJQ	InChI=1S/C29H48O2/c1-24(2)12-13-25(3)14-16-28(6)21-10-11-27(5)20(9-8-19(30)23(27)31)26(21,4)15-17-29(28,7)22(25)18-24/h20-23,31H,8-18H2,1-7H3	null	CC1(CCC2(CCC3(C4CCC5(C(C4(CCC3(C2C1)C)C)CCC(=O)C5O)C)C)C)C	7.14205408	""	COCONUT:(CNP0282672);Natural Products:(UNPD215705)	2129920
57	1	N/A	-254.32406097749399	C29H48O2	[M + H]+	OBHXMPNLHXYZMO	InChI=1S/C29H48O2/c1-7-20(18(2)3)9-8-19(4)23-10-11-24-22-17-27(31)26-16-21(30)12-14-29(26,6)25(22)13-15-28(23,24)5/h8-9,18-26,30H,7,10-17H2,1-6H3	(3R,5S,8S,9S,10R,13R,14S,17R)-17-[(E,2R,5S)-5-ethyl-6-methylhept-3-en-2-yl]-3-hydroxy-10,13-dimethyl-1,2,3,4,5,7,8,9,11,12,14,15,16,17-tetradecahydrocyclopenta[a]phenanthren-6-one	CCC(C=CC(C)C1CCC2C1(CCC3C2CC(=O)C4C3(CCC(C4)O)C)C)C(C)C	7.80000019	12017273;21770609;90138955;101606422	COCONUT:(CNP0233775);Natural Products:(UNPD107874);PubChem:(12017273 21770609 90138955 101606422);SuperNatural:(SN00296371)	3178498
58	1	N/A	-254.75185887615194	C29H48O2	[M + H]+	VAEFGKZDLREYOM	InChI=1S/C29H48O2/c1-4-28(30)25-21-17-13-8-6-7-11-15-19-23-27(3)24-20-16-12-9-10-14-18-22-26-29(31)5-2/h1-2,21-22,25-31H,6-20,23-24H2,3H3	null	CC(CCCCCCCCCC=CC(C#C)O)CCCCCCCCC=CC(C#C)O	10.0	53388922;102235909;102235910;102235911	PubChem:(53388922 102235909 102235910 102235911);COCONUT:(CNP0387829)	2097154
59	1	N/A	-254.77562149683294	C29H48O2	[M + H]+	XFJFYLMAPYDWJR	InChI=1S/C29H48O2/c1-19(8-7-9-20(2)30)21-12-14-27(6)23-11-10-22-25(3,4)24(31)13-15-28(22)18-29(23,28)17-16-26(21,27)5/h19,21-24,31H,7-18H2,1-6H3	null	CC(CCCC(=O)C)C1CCC2(C1(CCC34C2CCC5C3(C4)CCC(C5(C)C)O)C)C	7.80000019	10836309;101718404	COCONUT:(CNP0162956);KNApSAcK:(32624);Natural Products:(UNPD169867);PubChem:(10836309 101718404);SuperNatural:(SN00381807)	3178514
60	1	N/A	-256.51475489842437	C29H48O2	[M + H]+	QPZGFCIOPOCRRK	InChI=1S/C29H48O2/c1-17(21-14-19(21)3)6-7-18(2)23-8-9-24-22-15-26-29(31-26)16-20(30)10-13-28(29,5)25(22)11-12-27(23,24)4/h17-26,30H,6-16H2,1-5H3	5alpha,6alpha-epoxy-petrosterol	CC1CC1C(C)CCC(C)C2CCC3C2(CCC4C3CC5C6(C4(CCC(C6)O)C)O5)C	8.19999981	44517668;45269343;56660328	COCONUT:(CNP0266852);Natural Products:(UNPD24596);PubChem:(44517668 45269343 56660328);SuperNatural:(SN00280495);PubMed	3178562
61	1	N/A	-258.4000855246306	C29H48O2	[M + H]+	JOLKQVLDUDGYNR	InChI=1S/C29H48O2/c1-7-20(18(2)3)9-8-19(4)23-10-11-24-22-17-27(31)26-16-21(30)12-14-29(26,6)25(22)13-15-28(23,24)5/h16,18-25,30H,7-15,17H2,1-6H3	null	CCC(CCC(C)C1CCC2C1(CCC3C2CC(=O)C4=CC(CCC34C)O)C)C(C)C	8.5	10982859;91310626	COCONUT:(CNP0109983);Natural Products:(UNPD34784);PubChem:(10982859 91310626);SuperNatural:(SN00352622);PubMed	3178562
62	1	N/A	-258.4614288313286	C29H48O2	[M + H]+	JVUFTQVJPZCHON	InChI=1S/C29H48O2/c1-19-20(30)8-9-21-25(19,4)11-10-22-26(21,5)13-14-28(7)23-18-24(2,3)12-16-29(23,31)17-15-27(22,28)6/h19,21-23,31H,8-18H2,1-7H3	null	CC1C(=O)CCC2C1(CCC3C2(CCC4(C3(CCC5(C4CC(CC5)(C)C)O)C)C)C)C	7.4000001	102239755	COCONUT:(CNP0247485);Natural Products:(UNPD156946 UNPD135745);PubChem:(102239755);SuperNatural:(SN00402258 SN00360419)	3178498
63	1	N/A	-259.16972436599156	C29H48O2	[M + H]+	SWIHSQOEXGOMLQ	InChI=1S/C29H48O2/c1-18(2)19(3)7-8-20(4)27-13-14-28-26-11-9-22-17-23(31-21(5)30)10-12-24(22)25(26)15-16-29(27,28)6/h9,18-20,23-28H,7-8,10-17H2,1-6H3	null	CC(C)C(C)CCC(C)C1CCC2C1(CCC3C2CC=C4C3CCC(C4)OC(=O)C)C	8.10639286	""	COCONUT:(CNP0318818);Natural Products:(UNPD79242);SuperNatural:(SN00255528)	3178496
64	1	N/A	-260.3011382539623	C29H48O2	[M + H]+	NXMDLWHSFKBNPF	InChI=1S/C29H48O2/c1-17(2)19(4)27(31)16-18(3)22-10-11-24-21-8-9-23-20(5)26(30)13-15-29(23,7)25(21)12-14-28(22,24)6/h17-18,20-26,30H,4,8-16H2,1-3,5-7H3	(6R)-6-[(3S,4S,5S,8S,9S,10R,13R,14S,17R)-3-hydroxy-4,10,13-trimethyl-2,3,4,5,6,7,8,9,11,12,14,15,16,17-tetradecahydro-1H-cyclopenta[a]phenanthren-17-yl]-2-methyl-3-methylideneheptan-4-one	CC1C2CCC3C4CCC(C4(CCC3C2(CCC1O)C)C)C(C)CC(=O)C(=C)C(C)C	8.19999981	16751485;102320336	COCONUT:(CNP0314682);Natural Products:(UNPD73705);PubChem:(16751485 102320336);SuperNatural:(SN00280062)	3178498
65	1	N/A	-261.0548412128321	C29H48O2	[M + H]+	MZWGMLRFWCUWKY	InChI=1S/C29H48O2/c1-17(22-14-19(22)3)6-7-18(2)23-8-9-24-27-25(11-13-29(23,24)5)28(4)12-10-21(30)15-20(28)16-26(27)31/h16-19,21-27,30-31H,6-15H2,1-5H3	(3S,7S,8S,9S,10R,13R,14S,17R)-10,13-dimethyl-17-[(2R,5R)-5-[(1R,2R)-2-methylcyclopropyl]hexan-2-yl]-2,3,4,7,8,9,11,12,14,15,16,17-dodecahydro-1H-cyclopenta[a]phenanthrene-3,7-diol	CC1CC1C(C)CCC(C)C2CCC3C2(CCC4C3C(C=C5C4(CCC(C5)O)C)O)C	7.69999981	10741214;21609774;21775891;71747681;101209535	COCONUT:(CNP0115302);MeSH:(101209535);Natural Products:(UNPD107390 UNPD213014 UNPD215106);PubChem:(10741214 21609774 21775891 71747681 101209535);PubMed	2129990
66	1	N/A	-261.3819010594407	C29H48O2	[M + H]+	REDNULFHHACMQC	InChI=1S/C29H48O2/c1-18(30)19-10-14-26(4)20(19)11-16-28(6)22(26)8-9-23-27(5)15-13-24(31)25(2,3)21(27)12-17-29(23,28)7/h19-24,31H,8-17H2,1-7H3	null	CC(=O)C1CCC2(C1CCC3(C2CCC4C3(CCC5C4(CCC(C5(C)C)O)C)C)C)C	6.79658794	""	COCONUT:(CNP0157138)	2097152
67	1	N/A	-261.7034516507551	C29H48O2	[M + H]+	PXFPSLRSGJGOPC	InChI=1S/C29H48O2/c1-7-20(18(2)3)9-8-19(4)23-10-11-24-22-16-26-29(31-26)17-21(30)12-15-28(29,6)25(22)13-14-27(23,24)5/h8-9,18-26,30H,7,10-17H2,1-6H3	null	CCC(C=CC(C)C1CCC2C1(CCC3C2CC4C5(C3(CCC(C5)O)C)O4)C)C(C)C	8.0	10836310;10873650;10938885;101704478	COCONUT:(CNP0126857);Natural Products:(UNPD44925);PubChem:(10836310 10873650 10938885 101704478);SuperNatural:(SN00279655);KEGG Mine	8593113090
68	1	N/A	-263.69130406167267	C29H48O2	[M + H]+	GFTSVPYPUNKPOP	InChI=1S/C29H48O2/c1-7-20(18(2)3)9-8-19(4)24-12-13-25-23-11-10-21-16-22(30)17-27(31)29(21,6)26(23)14-15-28(24,25)5/h16,18-20,23-27,31H,7-15,17H2,1-6H3	null	CCC(CCC(C)C1CCC2C1(CCC3C2CCC4=CC(=O)CC(C34C)O)C)C(C)C	8.30000019	129688912	COCONUT:(CNP0299485);Natural Products:(UNPD81014);PubChem:(129688912);SuperNatural:(SN00225919)	3178498
69	1	N/A	-264.46099878806183	C29H48O2	[M + H]+	XCSSKRDLJIUVCE	InChI=1S/C29H48O2/c1-18(2)19(3)8-9-20(4)23-11-15-29(7)26-24(12-14-28(23,29)6)27(5)13-10-22(30)16-21(27)17-25(26)31/h12,18,20-23,25-26,30-31H,3,8-11,13-17H2,1-2,4-7H3	null	CC(C)C(=C)CCC(C)C1CCC2(C1(CC=C3C2C(CC4C3(CCC(C4)O)C)O)C)C	7.5999999	85623761;101618001	COCONUT:(CNP0101254);HMDB:(41112);Natural Products:(UNPD35912);PubChem:(85623761 101618001);SuperNatural:(SN00322097);PubChem class - bio and metabolites	19955722
70	1	N/A	-265.61455154818174	C29H48O2	[M + H]+	YLQCVNVIULEHRQ	InChI=1S/C29H48O2/c1-7-20(18(2)3)9-8-19(4)23-10-11-24-22-17-27(31)26-16-21(30)12-14-29(26,6)25(22)13-15-28(23,24)5/h8-9,16,18-25,27,30-31H,7,10-15,17H2,1-6H3	null	CCC(C=CC(C)C1CCC2C1(CCC3C2CC(C4=CC(CCC34C)O)O)C)C(C)C	7.30000019	12971937;85781928;91884997;126422546;126422547;129317217;132587062;132610154;133562001	PubChem:(12971937 85781928 91884997 126422546 126422547 129317217 132587062 132610154 133562001);COCONUT:(CNP0100037)	2097154
71	1	N/A	-266.26283208866016	C29H48O2	[M + H]+	NJXNPGUJLIESKD	InChI=1S/C29H48O2/c1-18(2)19(3)8-9-20(4)22-11-14-29(7)24-17-26(31)25-16-21(30)10-13-27(25,5)23(24)12-15-28(22,29)6/h18,20-22,25-26,30-31H,3,8-17H2,1-2,4-7H3	14-Meddo	CC(C)C(=C)CCC(C)C1CCC2(C1(CCC3=C2CC(C4C3(CCC(C4)O)C)O)C)C	7.5	148910;21122818;53462480;101918030	MeSH:(148910 21122818 53462480);PubChem:(148910 21122818 53462480 101918030);PubMed	70
72	1	N/A	-266.8575519157437	C29H48O2	[M + H]+	ZRKCGAGDWUJBNN	InChI=1S/C29H48O2/c1-18(2)23(30)9-7-19(3)21-11-13-27(6)25-10-8-22-20(4)24(31)12-14-28(22)17-29(25,28)16-15-26(21,27)5/h18-22,24-25,31H,7-17H2,1-6H3	null	CC1C2CCC3C4(CCC(C4(CCC35C2(C5)CCC1O)C)C(C)CCC(=O)C(C)C)C	7.9000001	10622467	COCONUT:(CNP0154970);Natural Products:(UNPD170608 UNPD223998 UNPD63548);PubChem:(10622467);SuperNatural:(SN00276808 SN00281709)	3178498
73	1	N/A	-267.2573688851057	C29H48O2	[M + H]+	SKWUTEXGCRQZDM	InChI=1S/C29H48O2/c1-7-29(31,19(2)3)17-12-20(4)24-10-11-25-23-9-8-21-18-22(30)13-15-27(21,5)26(23)14-16-28(24,25)6/h18-20,23-26,31H,7-17H2,1-6H3	null	CCC(CCC(C)C1CCC2C1(CCC3C2CCC4=CC(=O)CCC34C)C)(C(C)C)O	7.69999981	10502680;100918484	COCONUT:(CNP0222184);Natural Products:(UNPD79039);PubChem:(10502680 100918484);SuperNatural:(SN00348206)	3178498
74	1	N/A	-267.8232779916649	C29H48O2	[M + H]+	NVNMXERVUKFEQT	InChI=1S/C29H48O2/c1-18(2)19(3)8-9-20(4)23-10-11-24-27-25(13-15-29(23,24)6)28(5)14-12-22(30)16-21(28)17-26(27)31-7/h17-18,20,22-27,30H,3,8-16H2,1-2,4-7H3	null	CC(C)C(=C)CCC(C)C1CCC2C1(CCC3C2C(C=C4C3(CCC(C4)O)C)OC)C	8.0	132942039	PubChem:(132942039);COCONUT:(CNP0198418)	2097154
75	1	N/A	-268.01025872697886	C29H48O2	[M + H]+	IVMZFFSMKDJDLO	InChI=1S/C29H48O2/c1-7-29-24-12-11-21-17-22(30)13-15-27(21,5)23(24)14-16-28(29,6)25(18-26(29)31)20(4)10-8-9-19(2)3/h12,19-21,23,25-26,31H,7-11,13-18H2,1-6H3	14alpha-Ethyl-5alpha-cholest-7-en-15alpha-ol-3-one	CCC12C(CC(C1(CCC3C2=CCC4C3(CCC(=O)C4)C)C)C(C)CCCC(C)C)O	7.4000001	191764;22811032	PubChem:(191764 22811032);MeSH:(191764)	6
76	1	N/A	-268.3580127119154	C29H48O2	[M + H]+	MTZGAGHRRROZFS	InChI=1S/C29H48O2/c1-4-5-6-7-8-9-11-15-27(21-20-25(2)3)18-14-19-28(24-29(30)31)23-22-26-16-12-10-13-17-26/h9-13,16-17,25,27-28H,4-8,14-15,18-24H2,1-3H3,(H,30,31)/p-1	null	CCCCCCC=CCC(CCCC(CCC1=CC=CC=C1)CC(=O)[O-])CCC(C)C	9.7896595	""	COCONUT:(CNP0096744 CNP0389133);SuperNatural:(SN00166063)	3145728
77	1	N/A	-268.5429231209523	C29H48O2	[M + H]+	HMMVBUVVQLUGQA	InChI=1S/C29H48O2/c1-7-20(18(2)3)9-8-19(4)23-10-11-24-22-17-27(31)26-16-21(30)12-14-29(26,6)25(22)13-15-28(23,24)5/h18-20,22-26H,7-17H2,1-6H3	Stigmastane-3,6-dione	CCC(CCC(C)C1CCC2C1(CCC3C2CC(=O)C4C3(CCC(=O)C4)C)C)C(C)C	8.10000038	543599;5321509;10025616;13992092;13992093;24782428;71657091;86326416;92043363;101075774;102253323;124519141;125121406;125121407;124397277;126969890;129716106;138113712	COCONUT:(CNP0211215);HMDB:(39822);KNApSAcK:(31395);Natural Products:(UNPD69136 UNPD121785);PubChem:(543599 5321509 10025616 13992092 13992093 24782428 71657091 86326416 92043363 101075774 102253323 124519141 125121406 125121407 124397277 126969890 129716106 138113712);SuperNatural:(SN00326715 SN00161960 SN00163028);PubChem class - bio and metabolites;MeSH:(543599 13992092 13992093 126969890 138113712);PubMed	19955806
78	1	N/A	-269.72063604365945	C29H48O2	[M + H]+	WFQKCJISWQXMHA	InChI=1S/C29H48O2/c1-19-22(31)7-8-23-26(19,4)12-10-24-27(5)14-16-29(18-30)15-13-25(2,3)17-21(29)20(27)9-11-28(23,24)6/h19-21,23-24,30H,7-18H2,1-6H3	null	CC1C(=O)CCC2C1(CCC3C2(CCC4C3(CCC5(C4CC(CC5)(C)C)CO)C)C)C	7.80000019	90154343	PubChem:(90154343);COCONUT:(CNP0166503)	2097154
79	1	N/A	-270.11931663308013	C29H48O2	[M + H]+	XRMAXWTVSHRVBY	InChI=1S/C29H48O2/c1-10-20(4)25-22-11-12-23-27(7,15-14-24(30)31)21(19(2)3)13-16-29(23,9)28(22,8)18-17-26(25,5)6/h11,20-21,23,25H,2,10,12-18H2,1,3-9H3,(H,30,31)/p-1	null	CCC(C)C1C2=CCC3C(C2(CCC1(C)C)C)(CCC(C3(C)CCC(=O)[O-])C(=C)C)C	7.83764219	""	COCONUT:(CNP0127702 CNP0226917);SuperNatural:(SN00163462)	3145728
80	1	N/A	-272.4063383252106	C29H48O2	[M + H]+	RSYAEGYTIQGKTB	InChI=1S/C29H48O2/c1-5-6-7-8-9-10-11-22-13-15-26-25-14-12-23-20-24(31-21(2)30)16-18-29(23,4)27(25)17-19-28(22,26)3/h12,22,24-27H,5-11,13-20H2,1-4H3	(10,13-dimethyl-17-octyl-2,3,4,7,8,9,11,12,14,15,16,17-dodecahydro-1H-cyclopenta[a]phenanthren-3-yl) acetate	CCCCCCCCC1CCC2C1(CCC3C2CC=C4C3(CCC(C4)OC(=O)C)C)C	9.69999981	3618988;15864075;57653158	COCONUT:(CNP0385486);PubChem:(3618988 15864075 57653158);SuperNatural:(SN00103872);ZINC bio:(ZINC59314295)	3153922
81	1	N/A	-274.3923049407221	C29H48O2	[M + H]+	DPCMRUOYQHDDMC	InChI=1S/C29H48O2/c1-3-5-7-8-9-10-13-18-26(17-12-6-4-2)21-16-22-28(25-29(30)31)24-23-27-19-14-11-15-20-27/h10-11,13-15,19-20,26,28H,3-9,12,16-18,21-25H2,1-2H3,(H,30,31)/p-1	null	CCCCCCC=CCC(CCCCC)CCCC(CCC1=CC=CC=C1)CC(=O)[O-]	10.0092316	""	COCONUT:(CNP0024841 CNP0396124);SuperNatural:(SN00166065)	3145728
82	1	N/A	-274.52158513632065	C29H48O2	[M + H]+	VRAGAYVLFJOKAS	InChI=1S/C29H48O2/c1-19(30)29(31)18-17-26(5)22-10-9-21-25(4)14-8-13-24(2,3)20(25)11-15-27(21,6)28(22,7)16-12-23(26)29/h20-23,31H,8-18H2,1-7H3	1-[(3R,3aR,5bR,11aS,13aR)-3-hydroxy-5a,5b,8,8,11a,13b-hexamethyl-2,3a,4,5,6,7,7a,9,10,11,11b,12,13,13a-tetradecahydro-1H-cyclopenta[a]chrysen-3-yl]ethanone	CC(=O)C1(CCC2(C1CCC3(C2CCC4C3(CCC5C4(CCCC5(C)C)C)C)C)C)O	8.30000019	5318299;21159071	COCONUT:(CNP0164729);Natural Products:(UNPD32941 UNPD43148 UNPD58522 UNPD168362);PubChem:(5318299 21159071);SuperNatural:(SN00166674 SN00227933 SN00337067 SN00365748)	3178498
83	1	N/A	-276.60978709402593	C29H48O2	[M + H]+	HSSMPUPUFBWVGD	InChI=1S/C29H48O2/c1-7-20(18(2)3)9-8-19(4)23-10-11-24-22-17-27(31)26-16-21(30)12-14-29(26,6)25(22)13-15-28(23,24)5/h16,19-25,27,30-31H,2,7-15,17H2,1,3-6H3	(10R,13R)-17-[(2R,5S)-5-ethyl-6-methylhept-6-en-2-yl]-10,13-dimethyl-2,3,6,7,8,9,11,12,14,15,16,17-dodecahydro-1H-cyclopenta[a]phenanthrene-3,6-diol	CCC(CCC(C)C1CCC2C1(CCC3C2CC(C4=CC(CCC34C)O)O)C)C(=C)C	8.0	6326090;139206906	COCONUT:(CNP0175635);Natural Products:(UNPD24433);PubChem:(6326090 139206906);SuperNatural:(SN00328415)	3178498
84	1	N/A	-276.69349083979887	C29H48O2	[M + H]+	CXUSYWLWPNLDPK	InChI=1S/C29H48O2/c1-24(2)10-11-25(3)12-14-28(6)21-8-9-26(4)17-20(31)19(30)16-22(26)27(21,5)13-15-29(28,7)23(25)18-24/h19,21-23,30H,8-18H2,1-7H3	null	CC1(CCC2(CCC3(C4CCC5(CC(=O)C(CC5C4(CCC3(C2C1)C)C)O)C)C)C)C	7.14205408	""	COCONUT:(CNP0241993)	2097152
85	1	N/A	-276.8475915515251	C29H48O2	[M + H]+	IWNCBADONFSAAW	InChI=1S/C29H48O2/c1-7-20(18(2)3)9-8-19(4)23-10-11-24-22-17-27(31)26-16-21(30)12-14-29(26,6)25(22)13-15-28(23,24)5/h16,18-20,22-25,27,31H,7-15,17H2,1-6H3	6-Hydroxystigmast-4-en-3-one	CCC(CCC(C)C1CCC2C1(CCC3C2CC(C4=CC(=O)CCC34C)O)C)C(C)C	8.0	5496004;9823926;9867274;14769504;20833484;21778447;71307329;101751038;126969930;134692123;137794977	COCONUT:(CNP0369094);HMDB:(39498);KNApSAcK:(29573);Natural Products:(UNPD113381 UNPD190336 UNPD128839 UNPD97888);PubChem:(5496004 9823926 9867274 14769504 20833484 21778447 71307329 101751038 126969930 134692123 137794977);SuperNatural:(SN00244750 SN00398332 SN00321940 SN00161833 SN00250445);CHEBI:(69321);PubChem class - bio and metabolites;PubMed	19955834
86	1	N/A	-278.43354541693725	C29H48O2	[M + H]+	PYGGFMISRIMKTA	InChI=1S/C29H48O2/c1-6-22-20-27-28(4,18-15-23-19-25(31)14-13-21(23)3)16-10-17-29(27,5)26(22)12-9-8-11-24(30)7-2/h13-15,18,22,24-27,30-31H,6-12,16-17,19-20H2,1-5H3	26,27-Dimethylcalcifediol	CCC1CC2C(CCCC2(C1CCCCC(CC)O)C)(C)C=CC3=C(C=CC(C3)O)C	8.10000038	6450051	MeSH:(6450051);PubChem:(6450051);PubMed	70
87	1	N/A	-279.2086766014197	C29H48O2	[M + H]+	KUBDEHGZXKPATK	InChI=1S/C29H48O2/c1-18-20(30)10-13-26(4)16-17-28(6)19(24(18)26)8-9-22-27(5)14-12-23(31)25(2,3)21(27)11-15-29(22,28)7/h18-22,24,30H,8-17H2,1-7H3	null	CC1C(CCC2(C1C3CCC4C5(CCC(=O)C(C5CCC4(C3(CC2)C)C)(C)C)C)C)O	7.80000019	131751901	COCONUT:(CNP0234197);HMDB:(36018);Natural Products:(UNPD186310);PubChem:(131751901);SuperNatural:(SN00379186);PubChem class - bio and metabolites	19955722
88	1	N/A	-279.2902273795632	C29H48O2	[M + H]+	LAGXKUQTQBUCQF	InChI=1S/C29H48O2/c1-18(30)19-17-24(31)29(7)20(19)11-15-28(6)23(29)10-9-22-26(4)14-8-13-25(2,3)21(26)12-16-27(22,28)5/h19-24,31H,8-17H2,1-7H3	null	CC(=O)C1CC(C2(C1CCC3(C2CCC4C3(CCC5C4(CCCC5(C)C)C)C)C)C)O	8.19999981	10252010;10342562	COCONUT:(CNP0214348);Natural Products:(UNPD87838 UNPD103116);PubChem:(10252010 10342562);SuperNatural:(SN00306641)	3178498
89	1	N/A	-279.69703558791065	C29H48O2	[M + H]+	DZCPQGCMXCDBKV	InChI=1S/C29H48O2/c1-6-21(20(3)18-30)8-7-19(2)25-11-12-26-24-10-9-22-17-23(31)13-15-28(22,4)27(24)14-16-29(25,26)5/h17,19-21,24-27,30H,6-16,18H2,1-5H3	null	CCC(CCC(C)C1CCC2C1(CCC3C2CCC4=CC(=O)CCC34C)C)C(C)CO	8.10000038	53786853;56607923	PubChem:(53786853 56607923);PubMed;Biocyc:(CPD-13796);PubChem class - bio and metabolites	16779330
90	1	N/A	-282.70491457886965	C29H48O2	[M + H]+	LXRLKMAYPPIRJM	InChI=1S/C29H48O2/c1-7-20(18(2)3)16-27(31)19(4)24-10-11-25-23-9-8-21-17-22(30)12-14-28(21,5)26(23)13-15-29(24,25)6/h17-20,23-27,31H,7-16H2,1-6H3	(22R)-22-Hydroxystigmast-4-en-3-one	CCC(CC(C(C)C1CCC2C1(CCC3C2CCC4=CC(=O)CCC34C)C)O)C(C)C	8.0	11560992;15940327;73007360;129043225	COCONUT:(CNP0249279);KNApSAcK:(30451);Natural Products:(UNPD21676);PubChem:(11560992 15940327 73007360 129043225);SuperNatural:(SN00379581);CHEBI:(65998);MeSH:(11560992);PubMed	3178614
91	1	N/A	-283.7485186772343	C29H48O2	[M + H]+	NSZYLJDFTNURIA	InChI=1S/C29H48O2/c1-19-20(30)8-9-21-26(19,4)11-10-22-27(21,5)15-17-29(7)23-18-25(3,31)14-12-24(23,2)13-16-28(22,29)6/h19,21-23,31H,8-18H2,1-7H3	null	CC1C(=O)CCC2C1(CCC3C2(CCC4(C3(CCC5(C4CC(CC5)(C)O)C)C)C)C)C	6.95159864	""	COCONUT:(CNP0284708);Natural Products:(UNPD56093);SuperNatural:(SN00372694)	3178496
92	1	N/A	-284.5706759963746	C29H48O2	[M + H]+	NMIFBLJFLRGFKB	InChI=1S/C29H48O2/c1-19(10-13-24(2,3)31)20-11-14-27(7)22-9-8-21-25(4,5)23(30)12-15-28(21)18-29(22,28)17-16-26(20,27)6/h10,13,19-23,30-31H,8-9,11-12,14-18H2,1-7H3	null	CC(C=CC(C)(C)O)C1CCC2(C1(CCC34C2CCC5C3(C4)CCC(C5(C)C)O)C)C	6.73004246	""	COCONUT:(CNP0221614);Natural Products:(UNPD42459);SuperNatural:(SN00253776)	3178496
93	1	N/A	-285.97061026549557	C29H48O2	[M + H]+	WLZOLMHOAKQWJH	InChI=1S/C29H48O2/c1-24(2)21-10-13-29(7)22(27(21,5)12-11-23(24)30)9-8-19-20-18-26(4,31)16-14-25(20,3)15-17-28(19,29)6/h19-22,31H,8-18H2,1-7H3	null	CC1(C2CCC3(C(C2(CCC1=O)C)CCC4C3(CCC5(C4CC(CC5)(C)O)C)C)C)C	7.5999999	10765002	COCONUT:(CNP0242899);Natural Products:(UNPD89101);PubChem:(10765002);SuperNatural:(SN00304545)	3178498
94	1	N/A	-286.2727952530735	C29H48O2	[M + H]+	GWIBGOYEUNBRDT	InChI=1S/C29H48O2/c1-19(2)8-7-9-20(3)24-15-17-29(6)25(24)12-13-26-27(29)11-10-22-18-23(31-21(4)30)14-16-28(22,26)5/h10,19-20,23-27H,7-9,11-18H2,1-6H3	null	CC(C)CCCC(C)C1CCC2(C1CCC3C2CC=C4C3(CCC(C4)OC(=O)C)C)C	8.17027569	""	COCONUT:(CNP0275542);Natural Products:(UNPD43059 UNPD146820);SuperNatural:(SN00250880)	3178496
95	1	N/A	-286.43215725366105	C29H48O2	[M + H]+	RCXANGLYPFOYKX	InChI=1S/C29H48O2/c1-18(30)19-10-13-26(4)16-17-28(6)20(24(19)26)8-9-22-27(5)14-12-23(31)25(2,3)21(27)11-15-29(22,28)7/h19-24,31H,8-17H2,1-7H3	3-Hydroxynorlupen-2-one	CC(=O)C1CCC2(C1C3CCC4C5(CCC(C(C5CCC4(C3(CC2)C)C)(C)C)O)C)C	7.9000001	490365;44233381;59099446;90805534;138113890	COCONUT:(CNP0414251);Natural Products:(UNPD36342 UNPD103772 UNPD138848 UNPD169030 UNPD221657);PubChem:(490365 44233381 59099446 90805534 138113890);SuperNatural:(SN00161773 SN00312712 SN00281052 SN00229358 SN00339937);PubMed	3178562
96	1	N/A	-287.1675899942622	C29H48O2	[M + H]+	PWLSEKSQNUUCMQ	InChI=1S/C29H48O2/c1-7-20(18(2)3)9-8-19(4)23-10-11-24-27-25(13-15-29(23,24)6)28(5)14-12-22(30)16-21(28)17-26(27)31/h7,18-19,21-23,25-26,30-31H,8-17H2,1-6H3	null	CC=C(CCC(C)C1CCC2=C3C(CCC12C)C4(CCC(CC4CC3O)O)C)C(C)C	7.0	23427237;23427238	COCONUT:(CNP0147343);Natural Products:(UNPD25689 UNPD184233);PubChem:(23427237 23427238);SuperNatural:(SN00305270 SN00318731)	3178498
97	1	N/A	-292.27780302732305	C29H48O2	[M + H]+	QHFSDWMTGMEFSZ	InChI=1S/C29H48O2/c1-18(2)7-11-23(30)19(3)20-8-9-21-22-10-12-24-26(4,5)25(31)13-14-29(24)17-28(22,29)16-15-27(20,21)6/h19-25,30-31H,1,7-17H2,2-6H3	null	CC(C1CCC2C1(CCC34C2CCC5C3(C4)CCC(C5(C)C)O)C)C(CCC(=C)C)O	7.07655382	""	COCONUT:(CNP0326336);Natural Products:(UNPD8930);SuperNatural:(SN00389913)	3178496
98	1	N/A	-292.37648891317224	C29H48O2	[M + H]+	YXUGUUGNHVVXAI	InChI=1S/C29H48O2/c1-19(2)8-7-9-20(3)25-12-13-26-24-11-10-22-18-23(31-21(4)30)14-16-28(22,5)27(24)15-17-29(25,26)6/h14,19-20,22,24-27H,7-13,15-18H2,1-6H3	[10,13-dimethyl-17-(6-methylheptan-2-yl)-4,5,6,7,8,9,11,12,14,15,16,17-dodecahydro-1H-cyclopenta[a]phenanthren-3-yl] acetate	CC(C)CCCC(C)C1CCC2C1(CCC3C2CCC4C3(CC=C(C4)OC(=O)C)C)C	9.80000019	1747607;3496088;11133748;11235717;45044255;125032609;125032610;125032611;125032612;135640853	COCONUT:(CNP0360353);PubChem:(1747607 3496088 11133748 11235717 45044255 125032609 125032610 125032611 125032612 135640853);SuperNatural:(SN00066165);ZINC bio:(ZINC04023130)	3153922
99	1	N/A	-294.2305565246849	C29H48O2	[M + H]+	QEVDPJBKSWMCML	InChI=1S/C29H48O2/c1-19(2)8-7-9-20(3)24-15-17-29(6)25(24)12-13-26-27(29)11-10-22-18-23(31-21(4)30)14-16-28(22,26)5/h11,19-20,22-26H,7-10,12-18H2,1-6H3	null	CC(C)CCCC(C)C1CCC2(C1CCC3C2=CCC4C3(CCC(C4)OC(=O)C)C)C	8.17027569	""	COCONUT:(CNP0252989);Natural Products:(UNPD92608 UNPD146981);SuperNatural:(SN00256728)	3178496
100	1	N/A	-296.163413608392	C29H48O2	[M + H]+	KBZQRWHZQNUGTB	InChI=1S/C29H48O2/c1-19(8-7-14-25(2,3)31)20-9-10-21-22-11-12-23-26(4,5)24(30)13-15-29(23)18-28(22,29)17-16-27(20,21)6/h7,14,19-24,30-31H,8-13,15-18H2,1-6H3	null	CC(CC=CC(C)(C)O)C1CCC2C1(CCC34C2CCC5C3(C4)CCC(C5(C)C)O)C	6.88573122	""	COCONUT:(CNP0146847);Natural Products:(UNPD224094)	2129920
101	1	N/A	-297.6696394383933	C29H48O2	[M + H]+	ACEOZEXBLQCMNN	InChI=1S/C29H48O2/c1-24(2)12-8-13-26(4)20(24)11-14-28(6)21(26)10-9-19-22-23(30)29(7,31)18-16-25(22,3)15-17-27(19,28)5/h19-22,31H,8-18H2,1-7H3	null	CC1(CCCC2(C1CCC3(C2CCC4C3(CCC5(C4C(=O)C(CC5)(C)O)C)C)C)C)C	8.60000038	101170705	COCONUT:(CNP0237821);Natural Products:(UNPD130523);PubChem:(101170705);SuperNatural:(SN00286275)	3178498
102	1	N/A	-298.3928264014756	C29H48O2	[M + H]+	MMDPLUUABNGOFT	InChI=1S/C29H48O2/c1-18-24(31)21(30)16-23-27(18,5)11-9-22-28(6)15-14-26(4)13-12-25(2,3)17-20(26)19(28)8-10-29(22,23)7/h18-23,30H,8-17H2,1-7H3	null	CC1C(=O)C(CC2C1(CCC3C2(CCC4C3(CCC5(C4CC(CC5)(C)C)C)C)C)C)O	7.22195911	""	COCONUT:(CNP0401863);Natural Products:(UNPD134231);SuperNatural:(SN00321030)	3178496
103	1	N/A	-299.18908118050194	C29H48O2	[M + H]+	NICCBUMXGAHGGH	InChI=1S/C29H48O2/c1-24(2)13-15-29(31)16-14-28(7)23(19(29)18-24)20(30)17-22-26(5)11-8-10-25(3,4)21(26)9-12-27(22,28)6/h19,21-22,30-31H,8-18H2,1-7H3	null	CC1(CCC2(CCC3(C(=C(CC4C3(CCC5C4(CCCC5(C)C)C)C)O)C2C1)C)O)C	7.33570623	""	COCONUT:(CNP0239466);Natural Products:(UNPD157339);SuperNatural:(SN00301264)	3178496
104	1	N/A	-301.21399941284596	C29H48O2	[M + H]+	RPZREKQBFDZMOU	InChI=1S/C29H48O2/c1-19(2)8-7-9-20(3)24-12-13-26-23-10-11-25-22(18-31-21(4)30)14-16-29(25,6)27(23)15-17-28(24,26)5/h7,9,19-20,22-27H,8,10-18H2,1-6H3	[(1S,3aR,5aR,6R,8bS,10aS)-3a,5a-dimethyl-6-[(E,2R)-6-methylhept-3-en-2-yl]-1,2,3,3b,4,5,6,7,8,8a,8b,9,10,10a-tetradecahydroindeno[5,4-e]inden-1-yl]methyl acetate	CC(C)CC=CC(C)C1CCC2C1(CCC3C2CCC4C3(CCC4COC(=O)C)C)C	9.10000038	21775474	COCONUT:(CNP0068391);Natural Products:(UNPD76207);PubChem:(21775474);SuperNatural:(SN00351174)	3178498
105	1	N/A	-302.5457904761255	C29H48O2	[M + H]+	IULLRLIZPZAIAB	InChI=1S/C29H48O2/c1-7-20(18(2)3)9-8-19(4)24-12-13-25-23-11-10-21-16-22(30)14-15-28(21,5)26(23)17-27(31)29(24,25)6/h16,18-20,23-27,31H,7-15,17H2,1-6H3	null	CCC(CCC(C)C1CCC2C1(C(CC3C2CCC4=CC(=O)CCC34C)O)C)C(C)C	8.0	10862890;10002700;91328719	COCONUT:(CNP0299853);Natural Products:(UNPD55746);PubChem:(10862890 10002700 91328719);SuperNatural:(SN00231286);PubMed	3178562
106	1	N/A	-302.6071134335938	C29H48O2	[M + H]+	OKNCVXPGIAFHSP	InChI=1S/C29H48O2/c1-25(2)13-10-18-11-14-28(6)20(19(18)16-25)8-9-23-27(5)17-21(30)24(31)26(3,4)22(27)12-15-29(23,28)7/h16,18,20-24,30-31H,8-15,17H2,1-7H3	null	CC1(CCC2CCC3(C(C2=C1)CCC4C3(CCC5C4(CC(C(C5(C)C)O)O)C)C)C)C	6.83751965	""	COCONUT:(CNP0293638);Natural Products:(UNPD26291)	2129920
107	1	N/A	-302.6117127583583	C29H48O2	[M + H]+	ZCDFOJNVDFMZDE	InChI=1S/C29H48O2/c1-25(2)13-10-18-11-15-28(6)20(19(18)16-25)8-9-22-27(5)14-12-23(31)26(3,4)24(27)21(30)17-29(22,28)7/h8,18-19,21-24,30-31H,9-17H2,1-7H3	null	CC1(CCC2CCC3(C(=CCC4C3(CC(C5C4(CCC(C5(C)C)O)C)O)C)C2C1)C)C	6.83751965	""	COCONUT:(CNP0273454);Natural Products:(UNPD145355);SuperNatural:(SN00297808);KEGG Mine	8593113088
108	1	N/A	-306.09898982950546	C29H48O2	[M + H]+	OJMVXJYSICXKPQ	InChI=1S/C29H48O2/c1-25(2)22-13-17-29(7)23(27(22,5)15-14-24(25)30)11-10-21-18-8-9-20(26(3,4)31)19(18)12-16-28(21,29)6/h18-23,31H,8-17H2,1-7H3	null	CC1(C2CCC3(C(C2(CCC1=O)C)CCC4C3(CCC5C4CCC5C(C)(C)O)C)C)C	7.03150368	""	COCONUT:(CNP0075588)	2097152
109	1	N/A	-307.31852756751164	C29H48O2	[M + H]+	FXADPHPUTINKDJ	InChI=1S/C29H48O2/c1-24(2)12-7-13-25(3)22(24)10-15-27(5)23(25)11-17-29(30)26(4)14-8-19(21-18-31-21)20(26)9-16-28(27,29)6/h19-23,30H,7-18H2,1-6H3	22,29xi-Epoxy-30-norhopane-13beta-ol	CC1(CCCC2(C1CCC3(C2CCC4(C3(CCC5C4(CCC5C6CO6)C)C)O)C)C)C	7.80000019	637102;10502682;12041181;10455277;20111947;22297579	COCONUT:(CNP0282360);Natural Products:(UNPD60475 UNPD157520);PubChem:(637102 10502682 12041181 10455277 20111947 22297579);SuperNatural:(SN00307512)	3178498
110	1	N/A	-307.7106752930229	C29H48O2	[M + H]+	XOHQCIXQYXPLIO	InChI=1S/C29H48O2/c1-25(2)13-10-18-19(16-25)20-8-9-23-27(5)14-12-24(31)26(3,4)22(27)11-15-28(23,6)29(20,7)17-21(18)30/h8,18-19,21-24,30-31H,9-17H2,1-7H3	null	CC1(CCC2C(C1)C3=CCC4C5(CCC(C(C5CCC4(C3(CC2O)C)C)(C)C)O)C)C	7.19999981	137635868;137646695	COCONUT:(CNP0139557);PubChem:(137635868 137646695);KEGG Mine	8592031746
111	1	N/A	-307.8301445112207	C29H48O2	[M + H]+	BUKKDMINTVJGJK	InChI=1S/C29H48O2/c1-25(2)13-10-18-19(16-25)20-8-9-23-27(5)14-12-24(31)26(3,4)22(27)11-15-28(23,6)29(20,7)17-21(18)30/h18-20,22-24,31H,8-17H2,1-7H3	null	CC1(CCC2C(C1)C3CCC4C5(CCC(C(C5CCC4(C3(CC2=O)C)C)(C)C)O)C)C	6.94037533	""	COCONUT:(CNP0291739);Natural Products:(UNPD127181)	2129920
112	1	N/A	-309.69266284222005	C29H48O2	[M + H]+	SYAONCXNWWVSQU	InChI=1S/C29H48O2/c1-25(2)12-13-27(5)14-15-28(6)18-10-11-23-26(3,4)24(31)22(30)17-29(23,7)19(18)8-9-20(28)21(27)16-25/h16,18-20,22-24,30-31H,8-15,17H2,1-7H3	null	CC1(CCC2(CCC3(C4CCC5C(C(C(CC5(C4CCC3C2=C1)C)O)O)(C)C)C)C)C	6.83751965	""	COCONUT:(CNP0199723);Natural Products:(UNPD134903);SuperNatural:(SN00402460)	3178496
113	1	N/A	-311.63900658901724	C29H48O2	[M + H]+	WDGHOCRUYGWLGY	InChI=1S/C29H48O2/c1-18(2)23(30)11-7-19(3)20-8-9-21-22-10-12-24-26(4,5)25(31)13-14-29(24)17-28(22,29)16-15-27(20,21)6/h19-25,30-31H,1,7-17H2,2-6H3	null	CC(CCC(C(=C)C)O)C1CCC2C1(CCC34C2CCC5C3(C4)CCC(C5(C)C)O)C	7.07655382	""	COCONUT:(CNP0136438);Natural Products:(UNPD215674 UNPD219836)	2129920
114	1	N/A	-312.4353260597198	C29H48O2	[M + H]+	FLFAKBJFVNSCHC	InChI=1S/C29H48O2/c1-18(2)19(3)7-8-20(4)22-10-11-27(6)25-16-24(31)23-15-21(30)9-12-28(23)17-29(25,28)14-13-26(22,27)5/h18,20-25,30-31H,3,7-17H2,1-2,4-6H3	Roxburghiadiol A	CC(C)C(=C)CCC(C)C1CCC2(C1(CCC34C2CC(C5C3(C4)CCC(C5)O)O)C)C	8.10000038	175940;21125332	COCONUT:(CNP0172870);KNApSAcK:(48083);Natural Products:(UNPD125485 UNPD7747 UNPD90139 UNPD96105);PubChem:(175940 21125332);SuperNatural:(SN00288782 SN00318477 SN00271184 SN00365912);MeSH:(175940);PubMed	3178582
115	1	N/A	-312.6473405854247	C29H48O2	[M + H]+	WURXKNZNSVIAJF	InChI=1S/C29H48O2/c1-18-8-11-26(4)14-15-29(7)24(19(26)16-18)20(30)17-22-27(5)12-10-23(31)25(2,3)21(27)9-13-28(22,29)6/h8,19-24,30-31H,9-17H2,1-7H3	(3S,6aR,6aR,8aS,14bR)-4,4,6a,6b,8a,11,14b-heptamethyl-2,3,4a,5,6,6a,7,8,9,12,12a,13,14,14a-tetradecahydro-1H-picene-3,13-diol	CC1=CCC2(CCC3(C(C2C1)C(CC4C3(CCC5C4(CCC(C5(C)C)O)C)C)O)C)C	7.19999981	5317314	COCONUT:(CNP0271109);PubChem:(5317314);SuperNatural:(SN00162790)	3145730
116	1	N/A	-312.65963620628395	C29H48O2	[M + H]+	UYLNVBMDYCAKQN	InChI=1S/C29H48O2/c1-7-19(2)8-9-20(3)25-12-13-26-24-11-10-22-18-23(31-21(4)30)14-16-28(22,5)27(24)15-17-29(25,26)6/h8-9,19-20,22-27H,7,10-18H2,1-6H3	[(3S,5S,8R,9S,10S,13R,14S,17R)-10,13-dimethyl-17-[(E,2R,5S)-5-methylhept-3-en-2-yl]-2,3,4,5,6,7,8,9,11,12,14,15,16,17-tetradecahydro-1H-cyclopenta[a]phenanthren-3-yl] acetate	CCC(C)C=CC(C)C1CCC2C1(CCC3C2CCC4C3(CCC(C4)OC(=O)C)C)C	9.19999981	21771297;21771298	COCONUT:(CNP0103577);Natural Products:(UNPD155676 UNPD222123 UNPD99909 UNPD214859);PubChem:(21771297 21771298);SuperNatural:(SN00284253 SN00375821)	3178498
117	1	N/A	-313.5839627706839	C29H48O2	[M + H]+	MKXSKHIWDVLLCX	InChI=1S/C29H48O2/c1-19(2)8-7-9-20(3)25-12-13-26-24-11-10-22-18-23(31-21(4)30)14-16-28(22,5)27(24)15-17-29(25,26)6/h7,9,19-20,22-27H,8,10-18H2,1-6H3	null	CC(C)CC=CC(C)C1CCC2C1(CCC3C2CCC4C3(CCC(C4)OC(=O)C)C)C	8.05157471	""	COCONUT:(CNP0232207);Natural Products:(UNPD103061 UNPD230578 UNPD101125 UNPD219061 UNPD65788);SuperNatural:(SN00270398 SN00331189 SN00336465)	3178496
118	1	N/A	-315.60072805790526	C29H48O2	[M + H]+	AQOALUOHVMNDSI	InChI=1S/C29H48O2/c1-18(2)19-9-15-29(17-30)16-10-21-20(25(19)29)7-8-23-27(21,5)13-11-22-26(3,4)24(31)12-14-28(22,23)6/h19-25,30-31H,1,7-17H2,2-6H3	null	CC(=C)C1CCC2(C1C3CCC4C(C3CC2)(CCC5C4(CCC(C5(C)C)O)C)C)CO	7.9000001	89020515	COCONUT:(CNP0203205);Natural Products:(UNPD116453);PubChem:(89020515);SuperNatural:(SN00313227)	3178498
119	1	N/A	-315.7187271719543	C29H48O2	[M + H]+	TVWBOTVGZBFZMO	InChI=1S/C29H48O2/c1-18(2)19-11-14-29(17-30)16-15-28(6)23(25(19)29)9-8-22-20-7-10-24(31)26(3,4)21(20)12-13-27(22,28)5/h19-25,30-31H,1,7-17H2,2-6H3	null	CC(=C)C1CCC2(C1C3CCC4C5CCC(C(C5CCC4(C3(CC2)C)C)(C)C)O)CO	6.85367346	""	COCONUT:(CNP0350246)	2097152
120	1	N/A	-316.52854102175024	C29H48O2	[M + H]+	DJRWPXNEPHXNOB	InChI=1S/C29H48O2/c1-24(2)20-11-16-28(6)21(26(20,4)15-12-22(24)30)10-9-19-23-25(3,17-18-27(19,28)5)13-8-14-29(23,7)31/h9,20-23,30-31H,8,10-18H2,1-7H3	null	CC1(C2CCC3(C(C2(CCC1O)C)CC=C4C3(CCC5(C4C(CCC5)(C)O)C)C)C)C	7.19999981	91572069	COCONUT:(CNP0333846);Natural Products:(UNPD99678);PubChem:(91572069);SuperNatural:(SN00288928);PubMed	3178562
121	1	N/A	-316.5939908578158	C29H48O2	[M + H]+	TYQRIATZYZSTNM	InChI=1S/C29H48O2/c1-25(2)13-15-29(18-30)16-14-28(6)22(23(29)17-25)9-8-21-19-7-10-24(31)26(3,4)20(19)11-12-27(21,28)5/h9,19-21,23-24,30-31H,7-8,10-18H2,1-6H3	null	CC1(CCC2(CCC3(C(=CCC4C3(CCC5C4CCC(C5(C)C)O)C)C2C1)C)CO)C	6.83421135	""	COCONUT:(CNP0245909);Natural Products:(UNPD103699);SuperNatural:(SN00288718)	3178496
122	1	N/A	-316.8064562523653	C29H48O2	[M + H]+	YXYBPDUPPKSWRM	InChI=1S/C29H48O2/c1-18(2)19(3)7-8-20(4)21-11-13-27(6)24-10-9-22-25(31)23(30)12-14-28(22)17-29(24,28)16-15-26(21,27)5/h18,20-25,30-31H,3,7-17H2,1-2,4-6H3	null	CC(C)C(=C)CCC(C)C1CCC2(C1(CCC34C2CCC5C3(C4)CCC(C5O)O)C)C	8.30000019	101306888	COCONUT:(CNP0134056);Natural Products:(UNPD87908 UNPD98438);PubChem:(101306888);SuperNatural:(SN00346273 SN00391893)	3178498
123	1	N/A	-320.7542162981908	C29H48O2	[M + H]+	WMBAZILIIIRGQT	InChI=1S/C29H48O2/c1-19(2)20(3)8-9-21(4)24-11-12-25-26-13-10-22-18-23(30-7)14-16-28(22,5)27(31-26)15-17-29(24,25)6/h13,15,19-25H,8-12,14,16-18H2,1-7H3	Jereisterol A	CC(C)C(C)CCC(C)C1CCC2C1(CC=C3C4(CCC(CC4CC=C2O3)OC)C)C	8.5	373981;4315149;15730299;21636610;90662186	COCONUT:(CNP0384877);Natural Products:(UNPD88653);PubChem:(373981 4315149 15730299 21636610 90662186);SuperNatural:(SN00305668)	3178498
124	1	N/A	-320.7907332728546	C29H48O2	[M + H]+	AOSOLLDONLOYAH	InChI=1S/C29H48O2/c1-19(9-10-20(2)30)21-13-17-29(7)23-11-12-24-26(3,4)25(31-8)15-16-27(24,5)22(23)14-18-28(21,29)6/h14,19,21,23-25H,9-13,15-18H2,1-8H3	null	CC(CCC(=O)C)C1CCC2(C1(CC=C3C2CCC4C3(CCC(C4(C)C)OC)C)C)C	6.97547197	""	COCONUT:(CNP0121793);Natural Products:(UNPD95737);SuperNatural:(SN00343622)	3178496
125	1	N/A	-320.84330902569576	C29H48O2	[M + H]+	OJTQXAPMKAALOQ	InChI=1S/C29H48O2/c1-24(2)13-7-8-20-19(24)10-16-27(5)25(20,3)15-12-23-26(27,4)14-9-22-21-11-17-29(22,23)18-31-28(21,6)30/h19-23,30H,7-18H2,1-6H3	null	CC1(CCCC2C1CCC3(C2(CCC4C3(CCC5C46CCC5C(OC6)(C)O)C)C)C)C	7.16343975	""	COCONUT:(CNP0331027);Natural Products:(UNPD95743);SuperNatural:(SN00376055)	3178496
126	1	N/A	-321.7682636063216	C29H48O2	[M + H]+	CGTGHBWPWUEMOV	InChI=1S/C29H48O2/c1-19(30)31-21-12-16-26(4)20(21)11-17-28(6)23(26)9-10-24-27(5)15-8-14-25(2,3)22(27)13-18-29(24,28)7/h20-24H,8-18H2,1-7H3	null	CC(=O)OC1CCC2(C1CCC3(C2CCC4C3(CCC5C4(CCCC5(C)C)C)C)C)C	9.30000019	10622468;10342561;101700567	COCONUT:(CNP0231599);Natural Products:(UNPD136722 UNPD91360);PubChem:(10622468 10342561 101700567);SuperNatural:(SN00252808 SN00369860)	3178498
127	1	N/A	-325.6224317652087	C29H48O2	[M + H]+	IXFWZPANSJAULJ	InChI=1S/C29H48O2/c1-17(2)18(3)8-9-19(4)21-10-11-22-27-23(12-14-28(21,22)6)29(7)15-13-25(30)20(5)24(29)16-26(27)31/h17-19,21,23-26,30-31H,5,8-16H2,1-4,6-7H3	(3S,5R,7R,9R,10S,13R,17R)-17-[(2R,5R)-5,6-dimethylheptan-2-yl]-10,13-dimethyl-4-methylidene-1,2,3,5,6,7,9,11,12,15,16,17-dodecahydrocyclopenta[a]phenanthrene-3,7-diol	CC(C)C(C)CCC(C)C1CCC2=C3C(CCC12C)C4(CCC(C(=C)C4CC3O)O)C	6.5999999	21593908;21773662	COCONUT:(CNP0113018);Natural Products:(UNPD28647);PubChem:(21593908 21773662);SuperNatural:(SN00328022)	3178498
128	1	N/A	-328.90244776914153	C29H48O2	[M + H]+	LXAKYRPGZAQHQT	InChI=1S/C29H48O2/c1-7-27(30)31-22-14-16-28(5)21(18-22)10-11-23-25-13-12-24(20(4)9-8-19(2)3)29(25,6)17-15-26(23)28/h8,20-26H,7,9-18H2,1-6H3	null	CCC(=O)OC1CCC2(C(C1)CCC3C2CCC4(C3CCC4C(C)CC=C(C)C)C)C	8.31406307	""	COCONUT:(CNP0119594);Natural Products:(UNPD83831);SuperNatural:(SN00248292)	3178496
129	1	N/A	-328.91220411374627	C29H48O2	[M + H]+	BRAPVSGNVTYIBT	InChI=1S/C29H48O2/c1-18-17-31-29-14-9-19(18)24(29)20-7-8-22-26(4)12-11-23(30)25(2,3)21(26)10-13-28(22,6)27(20,5)15-16-29/h18-24,30H,7-17H2,1-6H3	null	CC1COC23CCC1C2C4CCC5C6(CCC(C(C6CCC5(C4(CC3)C)C)(C)C)O)C	7.5	25136232;102589973	COCONUT:(CNP0137260);PubChem:(25136232 102589973);PubMed	2097218
130	1	N/A	-329.4914554111849	C29H48O2	[M + H]+	VNJBUCCXHRSVLO	InChI=1S/C29H48O2/c1-19(2)8-7-9-20(3)25-12-13-26-24-11-10-22-18-23(31-21(4)30)14-16-28(22,5)27(24)15-17-29(25,26)6/h19-20,22-23,25,27H,7-18H2,1-6H3	Cholest-8(14)-en-3-yl acetate	CC(C)CCCC(C)C1CCC2=C3CCC4CC(CCC4(C3CCC12C)C)OC(=O)C	8.60000038	634692;14861196;22296859;22296860;45044268;125032166;125032167;124404175;124404176;134688391	COCONUT:(CNP0155518);Natural Products:(UNPD24846 UNPD55087);PubChem:(634692 14861196 22296859 22296860 45044268 125032166 125032167 124404175 124404176 134688391);SuperNatural:(SN00278160 SN00259538)	3178498
131	1	N/A	-330.3469987860413	C29H48O2	[M + H]+	PBSKXBAFBYXXSM	InChI=1S/C29H48O2/c1-18(2)21(30)16-19(3)20-10-12-27(7)23-9-8-22-25(4,5)24(31)11-13-28(22)17-29(23,28)15-14-26(20,27)6/h19-24,30-31H,1,8-17H2,2-7H3	null	CC(CC(C(=C)C)O)C1CCC2(C1(CCC34C2CCC5C3(C4)CCC(C5(C)C)O)C)C	6.92086458	""	COCONUT:(CNP0136335);Natural Products:(UNPD154347);SuperNatural:(SN00322691)	3178496
132	1	N/A	-333.2060009330131	C29H48O2	[M + H]+	LZJSLOADHAIAHA	InChI=1S/C29H48O2/c1-18(2)19(3)7-8-20(4)27-13-14-28-26-11-9-22-17-23(31-21(5)30)10-12-24(22)25(26)15-16-29(27,28)6/h7-8,18-20,22-28H,9-17H2,1-6H3	null	CC(C)C(C)C=CC(C)C1CCC2C1(CCC3C2CCC4C3CCC(C4)OC(=O)C)C	9.0	23425063	COCONUT:(CNP0203910);Natural Products:(UNPD79481 UNPD32751);PubChem:(23425063);SuperNatural:(SN00387072 SN00323861)	3178498
133	1	N/A	-333.2147132495315	C29H48O2	[M + H]+	QMYGTTSPVRKRJP	InChI=1S/C29H48O2/c1-18(2)19-10-15-29(31)17-16-27(6)20(24(19)29)8-9-22-26(5)13-12-23(30)25(3,4)21(26)11-14-28(22,27)7/h19-24,30-31H,1,8-17H2,2-7H3	null	CC(=C)C1CCC2(C1C3CCC4C5(CCC(C(C5CCC4(C3(CC2)C)C)(C)C)O)C)O	7.69999981	10765004;15838686	COCONUT:(CNP0284546);KNApSAcK:(21222);Natural Products:(UNPD124936);PubChem:(10765004 15838686);SuperNatural:(SN00248953);PubMed	3178578
134	1	N/A	-333.3404649157471	C29H48O2	[M + H]+	DHNHSTJJCDCEIQ	InChI=1S/C29H48O2/c1-17(2)18(3)8-9-19(4)24-16-26(31)27-21-10-11-22-20(5)25(30)13-15-28(22,6)23(21)12-14-29(24,27)7/h17-19,22-26,30-31H,5,8-16H2,1-4,6-7H3	(3S,5R,9R,10R,13R,15S,17R)-17-[(2R,5R)-5,6-dimethylheptan-2-yl]-10,13-dimethyl-4-methylidene-1,2,3,5,6,7,9,11,12,15,16,17-dodecahydrocyclopenta[a]phenanthrene-3,15-diol	CC(C)C(C)CCC(C)C1CC(C2=C3CCC4C(=C)C(CCC4(C3CCC12C)C)O)O	6.5999999	21593913;21773666;101575928	COCONUT:(CNP0255672);Natural Products:(UNPD134377);PubChem:(21593913 21773666 101575928);SuperNatural:(SN00278250)	3178498
135	1	N/A	-335.6240095440821	C29H48O2	[M + H]+	MYTRMOBYIKVSIN	InChI=1S/C29H48O2/c1-19(2)7-8-21-9-12-28(24(21)17-30)13-14-29(18-28)15-20(3)22-16-26(4,5)23(22)10-11-27(6)25(29)31-27/h19,21-25,30H,3,7-18H2,1-2,4-6H3	null	CC(C)CCC1CCC2(C1CO)CCC3(C2)CC(=C)C4CC(C4CCC5(C3O5)C)(C)C	7.1858077	""	COCONUT:(CNP0147722);SuperNatural:(SN00170454)	3145728
136	1	N/A	-338.47999709612856	C29H48O2	[M + H]+	OHURLQYFJBUGGV	InChI=1S/C29H48O2/c1-18-10-15-29(31)17-16-27(6)20(24(29)19(18)2)8-9-22-26(5)13-12-23(30)25(3,4)21(26)11-14-28(22,27)7/h8,18-19,21-24,30-31H,9-17H2,1-7H3	(3S,4aR,6aR,6bS,8aS,11R,12S,14aR,14bR)-4,4,6a,6b,11,12,14b-heptamethyl-2,3,4a,5,6,7,8,9,10,11,12,12a,14,14a-tetradecahydro-1H-picene-3,8a-diol	CC1CCC2(CCC3(C(=CCC4C3(CCC5C4(CCC(C5(C)C)O)C)C)C2C1C)C)O	6.80000019	11339389;21580512	COCONUT:(CNP0152168);Natural Products:(UNPD179546 UNPD63159);PubChem:(11339389 21580512);SuperNatural:(SN00230547 SN00401731);PubMed	3178562
137	1	N/A	-340.180511296565	C29H48O2	[M + H]+	IYQQDCQCRWKPQB	InChI=1S/C29H48O2/c1-24(2)13-7-14-25(3)21(24)12-16-26(4)22(25)8-9-23-27(26,5)15-10-20-19-11-17-29(20,23)18-31-28(19,6)30/h19-23,30H,7-18H2,1-6H3	null	CC1(CCCC2(C1CCC3(C2CCC4C3(CCC5C46CCC5C(OC6)(C)O)C)C)C)C	8.5	5316485;12127456;101967124	COCONUT:(CNP0321526);Natural Products:(UNPD8288 UNPD96252);PubChem:(5316485 12127456 101967124);SuperNatural:(SN00346024 SN00162972 SN00364475)	3178498
138	1	N/A	-340.34522515274284	C29H48O2	[M + H]+	DBCBKOCKXNAJLA	InChI=1S/C29H48O2/c1-18(30)19-10-13-26(4)16-17-28(6)20(24(19)26)8-9-22-27(5)14-12-23(31)25(2,3)21(27)11-15-29(22,28)7/h19-24,30-31H,1,8-17H2,2-7H3	null	CC1(C2CCC3(C(C2(CCC1O)C)CCC4C3(CCC5(C4C(CC5)C(=C)O)C)C)C)C	7.28912783	""	COCONUT:(CNP0377901);Natural Products:(UNPD84765);SuperNatural:(SN00363759)	3178496
139	1	N/A	-351.0227074672757	C29H48O2	[M + H]+	HTNJIJNQTWONSZ	InChI=1S/C29H48O2/c1-17(2)19-9-8-18-12-15-28(6)20(25(18)19)10-11-21-27(5)14-13-23(30)26(3,4)22(27)16-24(31)29(21,28)7/h18-25,30-31H,1,8-16H2,2-7H3	null	CC(=C)C1CCC2C1C3CCC4C5(CCC(C(C5CC(C4(C3(CC2)C)C)O)(C)C)O)C	6.85698175	""	COCONUT:(CNP0175507);Natural Products:(UNPD43358);SuperNatural:(SN00277142)	3178496