structureRankPerFormula	formulaRank	ConfidenceScore	CSI:FingerIDScore	molecularFormula	adduct	InChIkey2D	InChI	name	smiles	xlogp	pubchemids	links	dbflags
1	1	N/A	-68.9861575663123	C21H38O5	[M - H2O + H]+	MRBYNZWOAUWCJR	InChI=1S/C21H38O5/c1-2-3-4-8-11-14-19(23)15-12-9-6-5-7-10-13-16-21(25)26-18-20(24)17-22/h11-12,14-15,19-20,22-24H,2-10,13,16-18H2,1H3	null	CCCCCC=CC(C=CCCCCCCCC(=O)OCC(CO)O)O	4.5	101866224	COCONUT:(CNP0349654);Natural Products:(UNPD145575);PubChem:(101866224);SuperNatural:(SN00393567)	3178498
2	1	N/A	-102.02071550084254	C21H38O5	[M - H2O + H]+	NVANLIMPYROZFD	InChI=1S/C21H38O5/c1-3-4-7-10-16(22)13-14-18-17(19(23)15-20(18)24)11-8-5-6-9-12-21(25)26-2/h13-14,16-20,22-24H,3-12,15H2,1-2H3	methyl 7-[(2R,3R,5S)-3,5-dihydroxy-2-[(E,3S)-3-hydroxyoct-1-enyl]cyclopentyl]heptanoate	CCCCCC(C=CC1C(CC(C1CCCCCCC(=O)OC)O)O)O	3.79999995	13766430;13766431;11793542;68137348	COCONUT:(CNP0303822);Natural Products:(UNPD159186);PubChem:(13766430 13766431 11793542 68137348);SuperNatural:(SN00341506);KEGG Mine	8593113090
3	1	N/A	-104.85523576795082	C21H38O5	[M - H2O + H]+	FYCPUPBOVLIBDH	InChI=1S/C21H38O5/c1-2-3-10-13-19-20(26-19)14-11-8-6-4-5-7-9-12-15-21(24)25-17-18(23)16-22/h8,11,18-20,22-23H,2-7,9-10,12-17H2,1H3	null	CCCCCC1C(O1)CC=CCCCCCCCC(=O)OCC(CO)O	4.80952978	""	COCONUT:(CNP0138629);Natural Products:(UNPD229552)	2129920
4	1	N/A	-129.92370857552854	C21H38O5	[M - H2O + H]+	VEDXQLNICSIAQV	InChI=1S/C21H38O5/c1-2-3-7-13-19(23)14-10-12-18(16-20(24)17-22)11-8-5-4-6-9-15-21(25)26/h10,12,14,19-20,22-24H,2-9,11,13,15-17H2,1H3,(H,25,26)/p-1	null	CCCCCC(C=CC=C(CCCCCCCC(=O)[O-])CC(CO)O)O	4.61880016	""	COCONUT:(CNP0049259 CNP0388278);SuperNatural:(SN00164990)	3145728
5	1	N/A	-135.99973456047388	C21H38O5	[M - H2O + H]+	MFIQBAKSQYMQQX	InChI=1S/C21H38O5/c1-2-3-4-5-6-7-8-9-10-11-12-13-14-15-16-17-20(24)26-21(25)19(23)18-22/h9-10,19,22-23H,2-8,11-18H2,1H3	2,3-dihydroxypropanoyl (Z)-octadec-9-enoate	CCCCCCCCC=CCCCCCCCC(=O)OC(=O)C(CO)O	6.0999999	20056951;72792485	MeSH:(20056951);PubChem:(20056951 72792485);PubMed	70
6	1	N/A	-143.1293272481585	C21H38O5	[M - H2O + H]+	BWISWMPEIXFANG	InChI=1S/C21H38O5/c1-2-3-4-5-6-8-11-14-19(24)15-12-9-7-10-13-16-21(25)26-20(17-22)18-23/h6,8,20,22-23H,2-5,7,9-18H2,1H3	null	CCCCCC=CCCC(=O)CCCCCCCC(=O)OC(CO)CO	4.80984306	""	COCONUT:(CNP0334533);Natural Products:(UNPD1630)	2129920
7	1	N/A	-182.375720285821	C21H38O5	[M - H2O + H]+	KSZOHLUUCVDJPW	InChI=1S/C21H38O5/c1-4-5-6-7-8-9-10-11-12-13-14-15-20(25-18(2)23)16-21(17-22)26-19(3)24/h4,20-22H,1,5-17H2,2-3H3	null	CC(=O)OC(CCCCCCCCCCCC=C)CC(CO)OC(=O)C	6.0	101558543	COCONUT:(CNP0176740);Natural Products:(UNPD220542);PubChem:(101558543)	2129922
8	1	N/A	-182.74367139509556	C21H38O5	[M - H2O + H]+	GEIKZSNEWKMGNE	InChI=1S/C21H38O5/c1-4-5-6-7-8-9-10-11-12-13-14-15-21(26-19(3)23)16-20(24)17-25-18(2)22/h4,20-21,24H,1,5-17H2,2-3H3	null	CC(=O)OCC(CC(CCCCCCCCCCCC=C)OC(=O)C)O	6.0	38360550;45360077	COCONUT:(CNP0117169);Natural Products:(UNPD228976);PubChem:(38360550 45360077);SuperNatural:(SN00029989 SN00029990 SN00029991 SN00029992);ZINC bio:(ZINC31166989 ZINC31166993 ZINC31166996 ZINC31167000)	3186690
9	1	N/A	-198.28786785614523	C21H38O5	[M - H2O + H]+	DKXUGBSIKPKTHC	InChI=1S/C21H38O5/c1-4-5-6-7-8-9-10-11-12-13-14-15-20(24)16-21(26-19(3)23)17-25-18(2)22/h4,20-21,24H,1,5-17H2,2-3H3	null	CC(=O)OCC(CC(CCCCCCCCCCCC=C)O)OC(=O)C	6.0	101558546	COCONUT:(CNP0188610);Natural Products:(UNPD222685);PubChem:(101558546)	2129922
10	1	N/A	-209.67144258560802	C21H38O5	[M - H2O + H]+	HJXLPGSJISFNMG	InChI=1S/C21H38O5/c1-17(22)15-13-11-9-7-5-3-4-6-8-10-12-14-16-19(21(25)26)18(2)20(23)24/h17,19,22H,2-16H2,1H3,(H,23,24)(H,25,26)	null	CC(CCCCCCCCCCCCCCC(C(=C)C(=O)O)C(=O)O)O	6.69999981	122374074;131882224	COCONUT:(CNP0142512);Natural Products:(UNPD189080);PubChem:(122374074 131882224);SuperNatural:(SN00235056)	3178498
11	1	N/A	-269.11837830808844	C21H38O5	[M - H2O + H]+	IQOBRUHFIHSLSL	InChI=1S/C21H38O5/c1-16(22)14-12-10-8-6-4-3-5-7-9-11-13-15-18-19(20(23)24)17(2)21(25)26-18/h16-19,22H,3-15H2,1-2H3,(H,23,24)	null	CC1C(C(OC1=O)CCCCCCCCCCCCCC(C)O)C(=O)O	6.0	101158453;101158454;101158455	COCONUT:(CNP0234554);Natural Products:(UNPD43554 UNPD20314 UNPD159986 UNPD26004);PubChem:(101158453 101158454 101158455);SuperNatural:(SN00256365 SN00249513 SN00287447 SN00302730)	3178498
12	1	N/A	-303.79461469905857	C21H38O5	[M - H2O + H]+	PZMGZXATJGSIDQ	InChI=1S/C21H38O5/c1-9-13(3)18(22)16(6)19(23)14(4)10-12(2)11-15(5)20(24)17(7)21(25)26-8/h10,13-18,20,22,24H,9,11H2,1-8H3	null	CCC(C)C(C(C)C(=O)C(C)C=C(C)CC(C)C(C(C)C(=O)OC)O)O	4.19999981	45359301	COCONUT:(CNP0087274);PubChem:(45359301);SuperNatural:(SN00033541 SN00033544 SN00033543 SN00037905 SN00037903 SN00037902 SN00037904 SN00033542);ZINC bio:(ZINC31163996 ZINC31164000 ZINC31164004 ZINC31164009 ZINC35458580 ZINC35458584 ZINC35458588 ZINC35458591)	3153922
13	1	N/A	-312.4586567734362	C21H38O5	[M - H2O + H]+	RLIDANZRUPSFBE	InChI=1S/C21H38O5/c1-13(11-17(23)26-6)7-9-19(3)14(2)8-10-20(4)16(19)12-15(22)18(24)21(20,5)25/h13-16,18,22,24-25H,7-12H2,1-6H3	null	CC1CCC2(C(C1(C)CCC(C)CC(=O)OC)CC(C(C2(C)O)O)O)C	3.4000001	10022084;10044688;10317085;10474328	COCONUT:(CNP0234806);Natural Products:(UNPD108261);PubChem:(10022084 10044688 10317085 10474328);SuperNatural:(SN00236924)	3178498
14	1	N/A	-478.2783252397675	C21H38O5	[M - H2O + H]+	ILAZJBNDAIHSRE	InChI=1S/C21H38O5/c1-6-7-14-23-17-10-12-21(5,19-15-24-20(3,4)26-19)25-18(17)9-8-16(2)11-13-22/h11,17-19,22H,6-10,12-15H2,1-5H3	null	CCCCOC1CCC(OC1CCC(=CCO)C)(C)C2COC(O2)(C)C	3.91452193	""	COCONUT:(CNP0156659)	2097152
1	1	0.5457208757303285	-5.515079460507244	C21H36O4	[M + H]+	GGJRAQULURVTAJ	InChI=1S/C21H36O4/c1-2-3-4-5-6-7-8-9-10-11-12-13-14-15-16-17-21(24)25-19-20(23)18-22/h3-4,6-7,9-10,20,22-23H,2,5,8,11-19H2,1H3	1-Monolinolenin	CCC=CCC=CCC=CCCCCCCCC(=O)OCC(CO)O	5.27316475	86742;5872092;5317746;5367328;9884879;53480979;71728430;92477703;92477704;124511007;124305059;124306178	HMDB:(11570);SuperNatural:(SN00011284 SN00011285 SN00157493);ZINC bio:(ZINC04557122 ZINC04557123);additional;PubMed;NORMAN:(NS00013704);COCONUT:(CNP0121104);Natural Products:(UNPD47725);PubChem:(86742 5872092 5317746 5367328 9884879 53480979 71728430 92477703 92477704 124511007 124305059 124306178);CHEBI:(75577 75610 75576 75575);PubChem class - bio and metabolites;Training Set	20766826
2	1	N/A	-31.411491527029156	C21H36O4	[M + H]+	XQBHBEXBUZDCRY	InChI=1S/C21H36O4/c1-2-3-4-5-6-7-8-9-10-11-12-13-14-15-16-17-21(24)25-19-20(23)18-22/h6-7,9-10,12-13,20,22-23H,2-5,8,11,14-19H2,1H3	1-g-linolenoyl-glycerol	CCCCCC=CCC=CCC=CCCCCC(=O)OCC(CO)O	5.27316475	25062610;57211580;53480978;101275939;134779411	HMDB:(11569);PubChem:(25062610 57211580 53480978 101275939 134779411);PubMed;PubChem class - bio and metabolites	16777290
3	1	N/A	-57.5346917740696	C21H36O4	[M + H]+	WABDDVFNZRATDQ	InChI=1S/C21H36O4/c1-2-3-4-5-6-7-8-9-10-11-12-13-14-15-16-17-21(24)25-19-20(23)18-22/h5-10,20,22-23H,2-4,11-19H2,1H3	null	CCCCC=CC=CC=CCCCCCCCC(=O)OCC(CO)O	5.27316475	9924657;10132719;10132720;54419890;102376812	COCONUT:(CNP0389351);Natural Products:(UNPD159272);PubChem:(9924657 10132719 10132720 54419890 102376812);SuperNatural:(SN00269383);PubMed	3178562
4	1	N/A	-57.90530669419371	C21H36O4	[M + H]+	ZCCLDKGWJIREQF	InChI=1S/C21H36O4/c1-2-3-4-5-6-7-8-9-10-11-12-13-14-15-16-17-21(24)25-20(18-22)19-23/h3-4,6-7,9-10,20,22-23H,2,5,8,11-19H2,1H3	2-Monolinolenin	CCC=CCC=CCC=CCCCCCCCC(=O)OC(CO)CO	4.9000001	556494;5367459;11674746	COCONUT:(CNP0180628);HMDB:(11540);PubChem:(556494 5367459 11674746);CHEBI:(75474 131379);PubChem class - bio and metabolites	18874410
5	1	N/A	-89.13260671222092	C21H36O4	[M + H]+	BXAXVVVVPFELOK	InChI=1S/C21H36O4/c1-2-3-4-5-6-7-8-9-10-11-12-13-14-15-16-17-21(24)25-20(18-22)19-23/h6-7,9-10,12-13,20,22-23H,2-5,8,11,14-19H2,1H3	2-g-linolenoyl-glycerol	CCCCCC=CCC=CCC=CCCCCC(=O)OC(CO)CO	4.9000001	11646044;73040733	COCONUT:(CNP0129896);HMDB:(11539);PubChem:(11646044 73040733);PubChem class - bio and metabolites	18874378
6	1	N/A	-127.47349988653485	C21H36O4	[M + H]+	RFZGOGUSGPXHFK	InChI=1S/C21H36O4/c22-17-15-13-11-9-7-5-3-1-2-4-6-8-10-12-14-16-18-25-20-21(24)19-23/h8,10,16,18,21-24H,1-7,9,11,13,15,17,19-20H2	3-[(1Z,5Z)-18-hydroxyoctadeca-1,5-dien-3-ynoxy]propane-1,2-diol	C(CCCCCCO)CCCCCC=CC#CC=COCC(CO)O	5.0999999	21674173;71434489;101834988	COCONUT:(CNP0153594);Natural Products:(UNPD133482);PubChem:(21674173 71434489 101834988)	2129922
7	1	N/A	-148.0824049446592	C21H36O4	[M + H]+	JPVHGPAQJWEPFH	InChI=1S/C21H36O4/c1-20(23)16-14-12-10-8-6-4-2-3-5-7-9-11-13-15-17-25-19-21(24)18-22/h7,9,15,17,20-24H,2-6,8,10,12,14,16,18-19H2,1H3	(2S)-3-[(1Z,5Z)-17-hydroxyoctadeca-1,5-dien-3-ynoxy]propane-1,2-diol	CC(CCCCCCCCCCC=CC#CC=COCC(CO)O)O	4.9000001	21591332;23425871	COCONUT:(CNP0329423);Natural Products:(UNPD174800);PubChem:(21591332 23425871)	2129922
8	1	N/A	-182.10888543922871	C21H36O4	[M + H]+	WDBJAELSRFRZAG	InChI=1S/C21H36O4/c22-20(24-18-12-6-4-7-13-18)16-10-2-1-3-11-17-21(23)25-19-14-8-5-9-15-19/h18-19H,1-17H2	Dicyclohexyl azelate	C1CCC(CC1)OC(=O)CCCCCCCC(=O)OC2CCCCC2	5.80000019	87804	PubChem:(87804);NORMAN:(NS00026159)	262146
9	1	N/A	-205.07334687706808	C21H36O4	[M + H]+	MYFQKXPELFRJRW	InChI=1S/C21H36O4/c1-3-4-5-6-7-8-9-10-11-12-13-14-15-16-20(23)17-21(24)18-25-19(2)22/h4-5,15-16,21,24H,3,6-14,17-18H2,1-2H3	null	CCC=CCCCCCCCCCC=CC(=O)CC(COC(=O)C)O	5.4000001	56953015;76446462;123946773;134594541	MeSH:(56953015);PubChem:(56953015 76446462 123946773 134594541);PubMed	70
10	1	N/A	-215.46271080149438	C21H36O4	[M + H]+	JMUKALCRCFJQTI	InChI=1S/C21H36O4/c1-2-3-4-8-11-17-14-15-18(19(16-17)21(24)25)12-9-6-5-7-10-13-20(22)23/h14-15,17-19H,2-13,16H2,1H3,(H,22,23)(H,24,25)	2-Cyclohexene-1-octanoic acid, 6-carboxy-4-hexyl-	CCCCCCC1CC(C(C=C1)CCCCCCCC(=O)O)C(=O)O	6.69999981	13241589;76966006;76966007;76966008;76966009;76966010;76966011;76966012;76966013	PubChem:(13241589 76966006 76966007 76966008 76966009 76966010 76966011 76966012 76966013);NORMAN:(NS00062354)	262146
11	1	N/A	-215.46271080149438	C21H36O4	[M + H]+	RYKIXDBAIYMFDV	InChI=1S/C21H36O4/c1-2-3-4-9-12-18-15-14-17(16-19(18)21(24)25)11-8-6-5-7-10-13-20(22)23/h14-15,17-19H,2-13,16H2,1H3,(H,22,23)(H,24,25)	C21-Dicarboxylic acid	CCCCCCC1C=CC(CC1C(=O)O)CCCCCCCC(=O)O	6.69999981	105841;76965114;76965115;76965116;76965117;76965118;76965119;76965120;76965121	NORMAN:(NS00013542);PubChem class - safety and toxic;PubChem:(105841 76965114 76965115 76965116 76965117 76965118 76965119 76965120 76965121)	67371010
12	1	N/A	-223.00475814702156	C21H36O4	[M + H]+	BQGIGMHUCMNPDK	InChI=1S/C21H36O4/c1-3-4-5-6-7-8-9-10-11-12-13-14-15-16-17-19(21(24)25)18(2)20(22)23/h10-11,19H,2-9,12-17H2,1H3,(H,22,23)(H,24,25)	Ceriporic acid C	CCCCCCCCC=CCCCCCCC(C(=C)C(=O)O)C(=O)O	7.4000001	9819908;25172104;52921869;74426587	COCONUT:(CNP0242566);Natural Products:(UNPD156699 UNPD172075);PubChem:(9819908 25172104 52921869 74426587);SuperNatural:(SN00392534 SN00271167);MeSH:(25172104 52921869);PubMed	3178566
13	1	N/A	-224.83850736755565	C21H36O4	[M + H]+	FXDKKPYZLZGIRL	InChI=1S/C21H36O4/c1-16(2)18(4)13-21(25)17(3)7-5-8-19(14-23)9-6-10-20(15-24)11-12-22/h7,9,11,16,21-25H,4-6,8,10,12-15H2,1-3H3	null	CC(C)C(=C)CC(C(=CCCC(=CCCC(=CCO)CO)CO)C)O	3.80843496	""	COCONUT:(CNP0137074);Natural Products:(UNPD195172);SuperNatural:(SN00307456)	3178496
14	1	N/A	-229.08504104900058	C21H36O4	[M + H]+	FVCFYYSXQUEISL	InChI=1S/C21H36O4/c1-4-5-13-16-20(25-19(2)22)17-14-11-9-7-6-8-10-12-15-18-21(23)24-3/h9,11,14,17,20H,4-8,10,12-13,15-16,18H2,1-3H3	null	CCCCCC(C=CC=CCCCCCCCC(=O)OC)OC(=O)C	6.19999981	35027790;101606097	COCONUT:(CNP0155885);Natural Products:(UNPD97936);PubChem:(35027790 101606097);SuperNatural:(SN00323379)	3178498
15	1	N/A	-233.36038993950248	C21H36O4	[M + H]+	DMZSLKOHRRVYHI	InChI=1S/C21H36O4/c1-3-4-5-6-7-8-9-10-11-12-13-14-15-16-17-19(21(24)25)18(2)20(22)23/h13-14,19H,2-12,15-17H2,1H3,(H,22,23)(H,24,25)	null	CCCCCCCCCCCC=CCCCC(C(=C)C(=O)O)C(=O)O	7.4000001	11164003;85421136	COCONUT:(CNP0257670);Natural Products:(UNPD135468);PubChem:(11164003 85421136);SuperNatural:(SN00296394);PubMed	3178562
16	1	N/A	-234.89524788883642	C21H36O4	[M + H]+	VTTDLGQEAGEBOQ	InChI=1S/C21H36O4/c1-3-4-5-6-7-8-9-10-11-12-13-14-15-16-17-19(21(24)25)18(2)20(22)23/h10-11H,3-9,12-17H2,1-2H3,(H,22,23)(H,24,25)	null	CCCCCCCCC=CCCCCCCC(=C(C)C(=O)O)C(=O)O	7.4000001	9975325;44332383;71314660	COCONUT:(CNP0281828);Natural Products:(UNPD90713);PubChem:(9975325 44332383 71314660);SuperNatural:(SN00235094);PubMed	3178562
17	1	N/A	-248.4049593829059	C21H36O4	[M + H]+	GDKXZPQRUWPQMV	InChI=1S/C21H36O4/c1-11(22)19-17(24)9-15-13-5-4-12-8-16(23)18(25)10-21(12,3)14(13)6-7-20(15,19)2/h11-19,22-25H,4-10H2,1-3H3	null	CC(C1C(CC2C1(CCC3C2CCC4C3(CC(C(C4)O)O)C)C)O)O	3.03691292	""	COCONUT:(CNP0219230);Natural Products:(UNPD221800)	2129920
18	1	N/A	-257.238295989849	C21H36O4	[M + H]+	MQSSTQLJJOVNQF	InChI=1S/C21H36O4/c1-19-8-5-14(23)11-13(19)3-4-15-16(19)6-9-20(2)17(15)7-10-21(20,25)18(24)12-22/h13-18,22-25H,3-12H2,1-2H3	20alpha-Hexahydro-reichstein''s compound S	CC12CCC(CC1CCC3C2CCC4(C3CCC4(C(CO)O)O)C)O	3.29999995	626003;151133;20054821;20056457;20056458;21123002;22823548;90478897;91741251;102093795;118483690	COCONUT:(CNP0187485);Natural Products:(UNPD15507 UNPD167045 UNPD117431);PubChem:(626003 151133 20054821 20056457 20056458 21123002 22823548 90478897 91741251 102093795 118483690);SuperNatural:(SN00307146 SN00372272 SN00305189);MeSH:(151133);KEGG Mine	8593113094
19	1	N/A	-258.69192639844084	C21H36O4	[M + H]+	SXRWFAHEXULFMQ	InChI=1S/C21H36O4/c1-24-20(22)13-11-16-3-7-18(8-4-16)15-19-9-5-17(6-10-19)12-14-21(23)25-2/h16-19H,3-15H2,1-2H3	dimethyl 3,3''-(methanediyldicyclohexane-4,1-diyl)dipropanoate	COC(=O)CCC1CCC(CC1)CC2CCC(CC2)CCC(=O)OC	6.0	235788	PubChem:(235788);PubChem class - safety and toxic	67108866
20	1	N/A	-260.12958333817386	C21H36O4	[M + H]+	ITRBVGLWLFOKTQ	InChI=1S/C21H36O4/c1-3-4-7-10-18(22)15-13-17-14-16-20(23)19(17)11-8-5-6-9-12-21(24)25-2/h13,15,17-19,22H,3-12,14,16H2,1-2H3	methyl 7-[2-(3-hydroxyoct-1-enyl)-5-oxocyclopentyl]heptanoate	CCCCCC(C=CC1CCC(=O)C1CCCCCCC(=O)OC)O	4.5	4584967;11873547;10383394;53934866;71964318	COCONUT:(CNP0366956);PubChem:(4584967 11873547 10383394 53934866 71964318);SuperNatural:(SN00068455);ZINC bio:(ZINC04028147)	3153922
21	1	N/A	-265.7125215256263	C21H36O4	[M + H]+	KTEHTTNELUAQFC	InChI=1S/C21H36O4/c1-3-4-9-15-21(2,25)16-14-17-12-13-19(22)18(17)10-7-5-6-8-11-20(23)24/h14,16-18,25H,3-13,15H2,1-2H3,(H,23,24)	Doxaprost	CCCCCC(C)(C=CC1CCC(=O)C1CCCCCCC(=O)O)O	4.30000019	6441612;13746634;11954376;20055478;54012272;68118938;76972161;90672545;129360070;129360217;129362205	NORMAN:(NS00010336);PubChem:(6441612 13746634 11954376 20055478 54012272 68118938 76972161 90672545 129360070 129360217 129362205);PubMed;ZINC bio:(ZINC30690901)	270402
22	1	N/A	-271.363195609401	C21H36O4	[M + H]+	LGSIUDXMEDKEPY	InChI=1S/C21H36O4/c1-3-4-5-6-7-8-9-10-18(22)16-19(23)13-11-17-12-14-20(24)21(15-17)25-2/h12,14-15,18-19,22-24H,3-11,13,16H2,1-2H3	1-(4-hydroxy-3-methoxyphenyl)tetradecane-3,5-diol	CCCCCCCCCC(CC(CCC1=CC(=C(C=C1)O)OC)O)O	5.85766459	5317590;101572265	COCONUT:(CNP0294205);KNApSAcK:(35442);Natural Products:(UNPD27967);PubChem:(5317590 101572265);SuperNatural:(SN00166269 SN00162331 SN00162141);KEGG Mine	8593113106
23	1	N/A	-275.23505578544814	C21H36O4	[M + H]+	XDEIQLBKJYQLEG	InChI=1S/C21H36O4/c1-3-4-5-6-7-8-9-10-18(22)16-19(23)13-11-17-12-14-21(25-2)20(24)15-17/h12,14-15,18-19,22-24H,3-11,13,16H2,1-2H3	null	CCCCCCCCCC(CC(CCC1=CC(=C(C=C1)OC)O)O)O	5.85766459	""	COCONUT:(CNP0264598);Natural Products:(UNPD17987)	2129920
24	1	N/A	-288.59689519538756	C21H36O4	[M + H]+	QGNHHEMELCDLOF	InChI=1S/C21H36O4/c1-3-4-5-6-8-11-17-21(2,25)18-12-9-7-10-14-19(22)15-13-16-20(23)24/h7,9-10,12,14,18-19,22,25H,3-6,8,11,13,15-17H2,1-2H3,(H,23,24)	12-Methylleukotriene B3	CCCCCCCCC(C)(C=CC=CC=CC(CCCC(=O)O)O)O	4.9000001	6443674;10360680;10473224;101649163;101649164	MeSH:(6443674);PubChem:(6443674 10360680 10473224 101649163 101649164);PubMed	70
25	1	N/A	-288.60796003232	C21H36O4	[M + H]+	AVWPXRTWDBUIQR	InChI=1S/C21H36O4/c1-20-8-7-13(23)9-12(20)3-4-14-15-5-6-16(18(25)11-22)21(15,2)10-17(24)19(14)20/h12-19,22-25H,3-11H2,1-2H3	(3|A,5|A,11|A,20s)-pregnane-3,11,20,21-tetrol	CC12CCC(CC1CCC3C2C(CC4(C3CCC4C(CO)O)C)O)O	2.79999995	192841;21125993;89593553;91260976;91872261;101600936;129761213;129761227;134687857	MeSH:(192841 91872261 134687857);PubChem:(192841 21125993 89593553 91260976 91872261 101600936 129761213 129761227 134687857);PubMed;KEGG Mine	8589934662
26	1	N/A	-292.55997422853034	C21H36O4	[M + H]+	ZYVHPIBAOJNRKA	InChI=1S/C21H36O4/c1-2-3-6-9-14(22)12-13-16-15(18-19-20(16)25-21(18)19)10-7-4-5-8-11-17(23)24/h14-16,18-22H,2-13H2,1H3,(H,23,24)	(5e)-7-{6-[(1e)-3-Hydroxyoct-1-Enyl]-2-Oxabicyclo[2.2.1]hept-5-Yl}hept-5-Enoic Acid	CCCCCC(CCC1C(C2C3C1OC23)CCCCCCC(=O)O)O	5.0	49817353	PubChem:(49817353);PubChem class - bio and metabolites	16777218
27	1	N/A	-294.4432302439283	C21H36O4	[M + H]+	XDMBDIBUEQTDBG	InChI=1S/C21H36O4/c1-6-8-10-19(22)24-14-21(15-25-20(23)11-9-7-2)17(4)12-16(3)13-18(21)5/h12,17-18H,6-11,13-15H2,1-5H3	[2,4,6-trimethyl-1-(pentanoyloxymethyl)cyclohex-3-en-1-yl]methyl pentanoate	CCCCC(=O)OCC1(C(CC(=CC1C)C)C)COC(=O)CCCC	5.0999999	3770992;7074970;7074971;7074972;7074973	COCONUT:(CNP0334575);PubChem:(3770992 7074970 7074971 7074972 7074973);SuperNatural:(SN00066396 SN00066395 SN00066397 SN00066398);ZINC bio:(ZINC04023594 ZINC04023595 ZINC04023596 ZINC04023597)	3153922
28	1	N/A	-297.6386263377205	C21H36O4	[M + H]+	GZPRASLJQIBVDP	InChI=1S/C21H36O4/c1-21(2,15-3-7-17(8-4-15)22-11-19-13-24-19)16-5-9-18(10-6-16)23-12-20-14-25-20/h15-20H,3-14H2,1-2H3	2,2''-[propane-2,2-diylbis(cyclohexane-4,1-diyloxymethylene)]dioxirane	CC(C)(C1CCC(CC1)OCC2CO2)C3CCC(CC3)OCC4CO4	3.5999999	114514;88988164;92855362;92855363;92855364;118371220	NORMAN:(NS00053858);PubChem class - safety and toxic;PubChem:(114514 88988164 92855362 92855363 92855364 118371220)	67371010
29	1	N/A	-302.6659164337924	C21H36O4	[M + H]+	VWTJAPTYTKEMSK	InChI=1S/C21H36O4/c1-14(2)17-7-6-12-21(5,25)13-19(23)20(24)16(4)9-11-18(22)15(3)8-10-17/h6-7,14,17-20,22-25H,3-4,8-13H2,1-2,5H3	null	CC(C)C1CCC(=C)C(CCC(=C)C(C(CC(CC=C1)(C)O)O)O)O	3.80733275	""	COCONUT:(CNP0132691);Natural Products:(UNPD28512 UNPD134636);SuperNatural:(SN00231537 SN00231476)	3178496
30	1	N/A	-305.0747024197228	C21H36O4	[M + H]+	SENSDRYGCFGXOG	InChI=1S/C21H36O4/c1-12(22)21(25)9-6-16-14-11-18(24)17-10-13(23)4-7-19(17,2)15(14)5-8-20(16,21)3/h12-18,22-25H,4-11H2,1-3H3	Pregnane-3,6,17,20-tetrol	CC(C1(CCC2C1(CCC3C2CC(C4C3(CCC(C4)O)C)O)C)O)O	2.4000001	151521;4180146;21123046;45043913;99601817;99601810;99601814;102586326;125031855;125031856;125031857;125031858	MeSH:(151521 102586326);PubChem:(151521 4180146 21123046 45043913 99601817 99601810 99601814 102586326 125031855 125031856 125031857 125031858);PubMed;KEGG Mine	8589934662
31	1	N/A	-305.10298204586894	C21H36O4	[M + H]+	VGRVXLWYKKBTNM	InChI=1S/C21H36O4/c1-2-3-6-9-17(22)12-13-19-18(16-14-20(19)25-15-16)10-7-4-5-8-11-21(23)24/h12-13,16-20,22H,2-11,14-15H2,1H3,(H,23,24)	11,9-Epoxymethano-pgh1	CCCCCC(C=CC1C2CC(C1CCCCCCC(=O)O)CO2)O	4.80000019	6443621;52194155;53394560;91746117;98044029;98044030;118849804;131884096	MeSH:(6443621 52194155 53394560);Training Set;PubChem:(6443621 52194155 53394560 91746117 98044029 98044030 118849804 131884096);additional	540678
32	1	N/A	-310.2382788377646	C21H36O4	[M + H]+	ICLJUDISOCRJDM	InChI=1S/C21H36O4/c1-12(22)21(25)9-7-16-15-5-4-13-10-14(23)11-18(24)20(13,3)17(15)6-8-19(16,21)2/h12-18,22-25H,4-11H2,1-3H3	null	CC(C1(CCC2C1(CCC3C2CCC4C3(C(CC(C4)O)O)C)C)O)O	3.04813623	""	COCONUT:(CNP0143612);Natural Products:(UNPD187952);SuperNatural:(SN00365925);KEGG Mine	8593113088
33	1	N/A	-312.0419040653047	C21H36O4	[M + H]+	QOZQGNJODHSBJX	InChI=1S/C21H36O4/c1-12(22)21(25)9-6-16-18-15(5-8-20(16,21)3)19(2)7-4-14(23)10-13(19)11-17(18)24/h12-18,22-25H,4-11H2,1-3H3	Pregnane-3,7,17,20-tetrol	CC(C1(CCC2C1(CCC3C2C(CC4C3(CCC(C4)O)C)O)C)O)O	2.4000001	126262;21120684;21120685;53461989	MeSH:(126262 21120684 53461989);PubChem:(126262 21120684 21120685 53461989);PubMed;KEGG Mine	8589934662
34	1	N/A	-313.29835937680303	C21H36O4	[M + H]+	LTMLMBIVMJERPN	InChI=1S/C21H36O4/c1-14(2)16(4)12-17(23)15(3)8-7-10-20(5)18(24-20)9-11-21(6)19(13-22)25-21/h8,14,17-19,22-23H,4,7,9-13H2,1-3,5-6H3	null	CC(C)C(=C)CC(C(=CCCC1(C(O1)CCC2(C(O2)CO)C)C)C)O	3.7550087	""	COCONUT:(CNP0156678);Natural Products:(UNPD65553);SuperNatural:(SN00224446)	3178496
35	1	N/A	-314.4355538572079	C21H36O4	[M + H]+	OHNVMRBSEQNCQL	InChI=1S/C21H36O4/c1-4-13-9-18(24)19-16(13)10-20(2)7-5-15(14(11-22)12-23)17(20)6-8-21(19,3)25/h6,13-16,18-19,22-25H,4-5,7-12H2,1-3H3	null	CCC1CC(C2C1CC3(CCC(C3=CCC2(C)O)C(CO)CO)C)O	2.9645319	""	COCONUT:(CNP0154200)	2097152
36	1	N/A	-316.2473787220775	C21H36O4	[M + H]+	CQRHDJNAPDZBCN	InChI=1S/C21H36O4/c1-12(22)21(25)9-7-16-15-5-4-13-10-14(23)6-8-19(13,2)18(15)17(24)11-20(16,21)3/h12-18,22-25H,4-11H2,1-3H3	5|A-Pregnane-3|A,11|A,17|A,20|A-tetrol	CC(C1(CCC2C1(CC(C3C2CCC4C3(CCC(C4)O)C)O)C)O)O	2.5999999	150904;255565;980274;4253200;14275010;96867964;96867965;99573734;99573735;91872271;124914983;124914984;124914985;124914986;129683094;131707826;134687855	MeSH:(150904 91872271 134687855);PubChem:(150904 255565 980274 4253200 14275010 96867964 96867965 99573734 99573735 91872271 124914983 124914984 124914985 124914986 129683094 131707826 134687855);PubMed;KEGG Mine	8589934662
37	1	N/A	-317.7418033247604	C21H36O4	[M + H]+	SQSOIDXJDSZGJH	InChI=1S/C21H36O4/c1-14(11-19(22)24-6)7-9-20(4)15(2)8-10-21(5)16(3)12-17(25-23)13-18(20)21/h12,14-15,17-18,23H,7-11,13H2,1-6H3	null	CC1CCC2(C(C1(C)CCC(C)CC(=O)OC)CC(C=C2C)OO)C	5.15144396	""	COCONUT:(CNP0269634);Natural Products:(UNPD71471);SuperNatural:(SN00257387)	3178496
38	1	N/A	-318.4126685867997	C21H36O4	[M + H]+	LECHPDAMCTWYFO	InChI=1S/C21H36O4/c1-15(2)17(4)13-19(24)16(3)7-6-11-21(5)20(25-21)9-8-18(14-23)10-12-22/h10,15-16,20,22-23H,4,6-9,11-14H2,1-3,5H3	null	CC(C)C(=C)CC(=O)C(C)CCCC1(C(O1)CCC(=CCO)CO)C	3.4000001	101317821	COCONUT:(CNP0307891);KNApSAcK:(22155);Natural Products:(UNPD65405);PubChem:(101317821);SuperNatural:(SN00403751)	3178514
39	1	N/A	-322.7362326635658	C21H36O4	[M + H]+	GNPDLQDXTKVGFC	InChI=1S/C21H36O4/c1-19(18(25)7-9-22)8-6-16-14(10-19)4-5-17-20(2,13-23)11-15(24)12-21(16,17)3/h10,15-18,22-25H,4-9,11-13H2,1-3H3	null	CC1(CCC2C(=C1)CCC3C2(CC(CC3(C)CO)O)C)C(CCO)O	3.081074	""	COCONUT:(CNP0420223);SuperNatural:(SN00163447)	3145728
40	1	N/A	-325.86466685279436	C21H36O4	[M + H]+	FTIPFRDCMUGVRU	InChI=1S/C21H36O4/c1-12(22)15-7-9-21(25)16-5-4-13-10-14(23)6-8-19(13,2)17(16)11-18(24)20(15,21)3/h12-18,22-25H,4-11H2,1-3H3	Dihydroboucerin	CC(C1CCC2(C1(C(CC3C2CCC4C3(CCC(C4)O)C)O)C)O)O	3.04813623	176992;13453643;21125382	COCONUT:(CNP0197948);Natural Products:(UNPD132186 UNPD122951);PubChem:(176992 13453643 21125382);SuperNatural:(SN00314125)	3178498
41	1	N/A	-330.00038464955935	C21H36O4	[M + H]+	QFSPHXMKLQWTLA	InChI=1S/C21H36O4/c1-13(11-18(23)25-6)7-9-20(4)14(2)8-10-21(5)15(3)19(24)16(22)12-17(20)21/h13-14,16-17,19,22,24H,3,7-12H2,1-2,4-6H3	null	CC1CCC2(C(C1(C)CCC(C)CC(=O)OC)CC(C(C2=C)O)O)C	4.19999981	101915816	COCONUT:(CNP0416987);Natural Products:(UNPD147606);PubChem:(101915816);SuperNatural:(SN00257279)	3178498
42	1	N/A	-330.5947248880868	C21H36O4	[M + H]+	XOQOYSLEFSUUEO	InChI=1S/C21H36O4/c1-15(2)17(4)13-19(24)16(3)7-6-11-21(5)20(25-21)9-8-18(14-23)10-12-22/h10,16,20,22-23H,6-9,11-14H2,1-5H3	null	CC(CCCC1(C(O1)CCC(=CCO)CO)C)C(=O)CC(=C(C)C)C	3.91993308	""	COCONUT:(CNP0203225);Natural Products:(UNPD133648);SuperNatural:(SN00242588)	3178496
43	1	N/A	-333.7188891745399	C21H36O4	[M + H]+	LXNOXMXZWPALFI	InChI=1S/C21H36O4/c1-6-10-11-17(7-2)12-16(5)14-21(9-4)15-18(8-3)19(24-25-21)13-20(22)23/h10-11,15-17,19H,6-9,12-14H2,1-5H3,(H,22,23)	2-[(3R,6S)-4,6-diethyl-6-[(E,2R,4R)-4-ethyl-2-methyloct-5-enyl]-3H-1,2-dioxin-3-yl]acetic acid	CCC=CC(CC)CC(C)CC1(C=C(C(OO1)CC(=O)O)CC)CC	5.30000019	11210363;10383393;72752198;122397462;122409176	COCONUT:(CNP0317642);Natural Products:(UNPD7762);PubChem:(11210363 10383393 72752198 122397462 122409176)	2129922
44	1	N/A	-334.9265127108489	C21H36O4	[M + H]+	LQHWACDOMXJHRQ	InChI=1S/C21H36O4/c1-17(22)15-13-11-9-7-5-3-4-6-8-10-12-14-16-19-18(2)20(23)25-21(19)24/h17,22H,3-16H2,1-2H3	3-(15-hydroxyhexadecyl)-4-methylfuran-2,5-dione	CC1=C(C(=O)OC1=O)CCCCCCCCCCCCCCC(C)O	6.9000001	334786;11552090;101395651	COCONUT:(CNP0280664);Natural Products:(UNPD174921);PubChem:(334786 11552090 101395651);SuperNatural:(SN00340716)	3178498
45	1	N/A	-335.3006607012044	C21H36O4	[M + H]+	YSSFOFOZEJHHKQ	InChI=1S/C21H36O4/c1-5-6-12-15-21(24)17(3)16(2)20(23)18(21)13-10-8-7-9-11-14-19(22)25-4/h18,24H,5-15H2,1-4H3	null	CCCCCC1(C(C(=O)C(=C1C)C)CCCCCCCC(=O)OC)O	5.30592108	""	COCONUT:(CNP0236152);Natural Products:(UNPD119790 UNPD174870);SuperNatural:(SN00390970 SN00238837)	3178496
46	1	N/A	-337.0572293833255	C21H36O4	[M + H]+	DQKQSISVMQRRMJ	InChI=1S/C21H36O4/c1-15(2)17-7-6-11-20(4,24)13-18(22)14-21(5,25)12-10-19(23)16(3)8-9-17/h6-7,15,17,19,23-25H,3,8-14H2,1-2,4-5H3	null	CC(C)C1CCC(=C)C(CCC(CC(=O)CC(CC=C1)(C)O)(C)O)O	3.69427919	""	COCONUT:(CNP0234118);Natural Products:(UNPD138478 UNPD196770);SuperNatural:(SN00349613 SN00364043)	3178496
47	1	N/A	-337.38713161040334	C21H36O4	[M + H]+	WLKKZYQAHGKWES	InChI=1S/C21H36O4/c1-15(12-18(24)25)7-10-19(3)16(2)8-11-21(14-23)17(13-22)6-5-9-20(19,21)4/h6,15-16,22-23H,5,7-14H2,1-4H3,(H,24,25)	null	CC1CCC2(C(=CCCC2(C1(C)CCC(C)CC(=O)O)C)CO)CO	3.92532825	""	COCONUT:(CNP0302075);Natural Products:(UNPD58251);SuperNatural:(SN00231255)	3178496
48	1	N/A	-340.63859395204923	C21H36O4	[M + H]+	SPHSCUIAVDIEGC	InChI=1S/C21H36O4/c1-5-6-13-18-20(23)16(2)17(3)21(18,24)15-12-10-8-7-9-11-14-19(22)25-4/h18,24H,5-15H2,1-4H3	null	CCCCC1C(=O)C(=C(C1(CCCCCCCCC(=O)OC)O)C)C	5.30592108	""	COCONUT:(CNP0192200);Natural Products:(UNPD44729 UNPD134254);SuperNatural:(SN00325541 SN00402988)	3178496
49	1	N/A	-341.491934780727	C21H36O4	[M + H]+	AVSPCYKDNIUSRR	InChI=1S/C21H36O4/c1-6-10-11-18(7-2)14-17(5)15-21(25,9-4)16-20(24,8-3)13-12-19(22)23/h10-13,15,18,24-25H,6-9,14,16H2,1-5H3,(H,22,23)	4,6-Dhmte-tdta	CCC=CC(CC)CC(=CC(CC)(CC(CC)(C=CC(=O)O)O)O)C	4.5999999	160363;6440929	COCONUT:(CNP0189676);Natural Products:(UNPD140257 UNPD151408);PubChem:(160363 6440929);SuperNatural:(SN00256819 SN00383180);MeSH:(160363 6440929);PubMed	3178566
50	1	N/A	-348.19569556680955	C21H36O4	[M + H]+	GFGVUFXKCXIGEE	InChI=1S/C21H36O4/c1-15(2)17(4)13-19(23)16(3)7-6-11-21(5)20(24)9-8-18(10-12-22)14-25-21/h10,15-16,20,22,24H,4,6-9,11-14H2,1-3,5H3	null	CC(C)C(=C)CC(=O)C(C)CCCC1(C(CCC(=CCO)CO1)O)C	2.79999995	57300567;70514363;70621610	COCONUT:(CNP0150659);KNApSAcK:(22159);Natural Products:(UNPD167546);PubChem:(57300567 70514363 70621610);SuperNatural:(SN00391932);KEGG Mine	8593113106
51	1	N/A	-358.52138452549667	C21H36O4	[M + H]+	QITUJLTUQMLIPF	InChI=1S/C21H36O4/c1-14(12-19(24)25-5)6-8-16-15(13-22)7-9-17-20(2,3)18(23)10-11-21(16,17)4/h7,14,16-18,22-23H,6,8-13H2,1-5H3	null	CC(CCC1C(=CCC2C1(CCC(C2(C)C)O)C)CO)CC(=O)OC	4.04484129	""	COCONUT:(CNP0313905);Natural Products:(UNPD72594);SuperNatural:(SN00235897)	3178496
52	1	N/A	-358.55654643938504	C21H36O4	[M + H]+	VTXPISKEMQUXGD	InChI=1S/C21H36O4/c1-14-13-17(23)18-20(2,3)10-6-11-21(18,4)16(14)8-7-15(9-12-22)19(24)25-5/h13,15-18,22-23H,6-12H2,1-5H3	null	CC1=CC(C2C(CCCC2(C1CCC(CCO)C(=O)OC)C)(C)C)O	4.18862915	""	COCONUT:(CNP0166856);Natural Products:(UNPD43879)	2129920
53	1	N/A	-359.4492899194043	C21H36O4	[M + H]+	QTIPTWPLMFIHPM	InChI=1S/C21H36O4/c1-6-10-11-17(7-2)12-16(5)14-21(9-4)15-18(8-3)19(24-25-21)13-20(22)23/h10-11,14,17-19H,6-9,12-13,15H2,1-5H3,(H,22,23)	7Z-Plakortide H	CCC=CC(CC)CC(=CC1(CC(C(OO1)CC(=O)O)CC)CC)C	5.80000019	404621;5472712;10760481;21778378;90985178;101070281;100927177	COCONUT:(CNP0136940);Natural Products:(UNPD195339);PubChem:(404621 5472712 10760481 21778378 90985178 101070281 100927177);SuperNatural:(SN00397482)	3178498
54	1	N/A	-362.3775732018445	C21H36O4	[M + H]+	HEUDUECKTWTQQR	InChI=1S/C21H36O4/c1-20(2,3)17-21(4,5)18-7-9-19(10-8-18)25-16-15-24-14-13-23-12-11-22-6/h7-10H,11-17H2,1-6H3	1-[4-(2,4,4-trimethylpentan-2-yl)phenyl]-1,4,7,10-tetraoxaundecane	CC(C)(C)CC(C)(C)C1=CC=C(C=C1)OCCOCCOCCOC	4.9000001	446308	COCONUT:(CNP0171023);PubChem:(446308);PubMed;PubChem class - bio and metabolites	18874434
55	1	N/A	-362.54249829937544	C21H36O4	[M + H]+	XPCAEPWERCDOLA	InChI=1S/C21H36O4/c1-13(2)18(22)9-6-14(3)17-8-7-15(4)21(17)11-10-16(19(23)12-21)20(24)25-5/h10,13-15,17-19,22-23H,6-9,11-12H2,1-5H3	null	CC1CCC(C12CC=C(C(C2)O)C(=O)OC)C(C)CCC(C(C)C)O	4.49141407	""	COCONUT:(CNP0294803);Natural Products:(UNPD166160)	2129920
56	1	N/A	-365.408605674923	C21H36O4	[M + H]+	FECFLNMGJZPFNI	InChI=1S/C21H36O4/c1-15-7-10-21(14-23)17(12-22)5-4-6-18(21)20(15,2)9-8-16-11-19(24-3)25-13-16/h5,15-16,18-19,22-23H,4,6-14H2,1-3H3	null	CC1CCC2(C(C1(C)CCC3CC(OC3)OC)CCC=C2CO)CO	3.72806573	""	COCONUT:(CNP0138899);Natural Products:(UNPD193233);SuperNatural:(SN00232822)	3178496
57	1	N/A	-365.7112424363715	C21H36O4	[M + H]+	OEUGMHUKLQIMAL	InChI=1S/C21H36O4/c1-12(2)14-8-7-13(3)17-15-11-21(5,23)16(24-6)9-10-20(4,22)19(25-15)18(14)17/h12,14-19,22-23H,3,7-11H2,1-2,4-6H3	sclerophytin F methyl ether	CC(C)C1CCC(=C)C2C1C3C(CCC(C(CC2O3)(C)O)OC)(C)O	2.79999995	21635655;46888486;101067703	COCONUT:(CNP0351416);Natural Products:(UNPD107307);PubChem:(21635655 46888486 101067703);SuperNatural:(SN00336671);PubMed	3178562
58	1	N/A	-374.07330880360644	C21H36O4	[M + H]+	RGZQWWIRERFFQN	InChI=1S/C21H36O4/c1-15(2)17(4)13-19(23)16(3)7-6-11-21(5)20(24)9-8-18(10-12-22)14-25-21/h10,16-17,20,22,24H,1,6-9,11-14H2,2-5H3	null	CC(CCCC1(C(CCC(=CCO)CO1)O)C)C(=O)CC(C)C(=C)C	3.88457775	""	COCONUT:(CNP0123793);KNApSAcK:(22158);Natural Products:(UNPD129335);SuperNatural:(SN00329522)	3178512
59	1	N/A	-384.8153349372156	C21H36O4	[M + H]+	CFWFJIRDZVFKJB	InChI=1S/C21H36O4/c1-15(2)17(4)13-19(23)16(3)7-6-11-21(5)20(24)9-8-18(10-12-22)14-25-21/h10,13,15-16,20,22,24H,6-9,11-12,14H2,1-5H3	Montanol	CC(C)C(=CC(=O)C(C)CCCC1(C(CCC(=CCO)CO1)O)C)C	2.9000001	573913;6267039;5370253;6439206;11953925;21679129;44379479;57198070;88807498	COCONUT:(CNP0358596);KNApSAcK:(3457);Natural Products:(UNPD108940);PubChem:(573913 6267039 5370253 6439206 11953925 21679129 44379479 57198070 88807498);SuperNatural:(SN00298219);CHEBI:(6991);MeSH:(11953925);KEGG:(C09137);PubMed	3178870
60	1	N/A	-393.7131896850142	C21H36O4	[M + H]+	CZBZIFYYQJXPKZ	InChI=1S/C21H36O4/c1-15(2)17(4)13-19(23)16(3)7-6-11-21(5)20(24)9-8-18(10-12-22)14-25-21/h7,10,15,17,20,22,24H,6,8-9,11-14H2,1-5H3	Monatanol	CC(C)C(C)CC(=O)C(=CCCC1(C(CCC(=CCO)CO1)O)C)C	2.5999999	6439020	MeSH:(6439020);PubChem:(6439020);PubMed	70
61	1	N/A	-403.90565146736026	C21H36O4	[M + H]+	PTXPYBHMAVQSPJ	InChI=1S/C21H36O4/c1-14(13-18(23)25-6)12-17(22)21(5)15(2)9-11-19(3)16(21)8-7-10-20(19,4)24/h13,15-17,22,24H,7-12H2,1-6H3	null	CC1CCC2(C(C1(C)C(CC(=CC(=O)OC)C)O)CCCC2(C)O)C	4.5	102212886	COCONUT:(CNP0306148);Natural Products:(UNPD6330);PubChem:(102212886)	2129922
62	1	N/A	-409.7513958271926	C21H36O4	[M + H]+	MDVKJBFHLSNOIH	InChI=1S/C21H36O4/c1-14(12-17(23)25-6)8-9-16-20(4)11-7-10-19(2,3)18(20)15(22)13-21(16,5)24/h12,15-16,18,22,24H,7-11,13H2,1-6H3	null	CC(=CC(=O)OC)CCC1C2(CCCC(C2C(CC1(C)O)O)(C)C)C	4.34095669	""	COCONUT:(CNP0289884);Natural Products:(UNPD176265);SuperNatural:(SN00279304)	3178496
63	1	N/A	-411.0518322321359	C21H36O4	[M + H]+	GOCXWVDTBKRQRK	InChI=1S/C21H36O4/c1-14-17(23)11-21(3)16(12-22)6-5-7-18(21)20(14,2)9-8-15-10-19(24-4)25-13-15/h6,14-15,17-19,22-23H,5,7-13H2,1-4H3	null	CC1C(CC2(C(C1(C)CCC3CC(OC3)OC)CCC=C2CO)C)O	3.29999995	23643349	COCONUT:(CNP0363826);Natural Products:(UNPD171781);PubChem:(23643349);SuperNatural:(SN00370367)	3178498
64	1	N/A	-423.1362139788054	C21H36O4	[M + H]+	KOMLQPBMYPUDGX	InChI=1S/C21H36O4/c1-14(10-13-25-6)8-9-15-20(4)12-7-11-19(2,3)17(20)16(22)18(23)21(15,5)24/h8-10,15-18,22-24H,7,11-13H2,1-6H3	(1R,2S,3S,4R,4aS)-4-[(1E,3E)-5-methoxy-3-methylpenta-1,3-dienyl]-3,4a,8,8-tetramethyl-2,4,5,6,7,8a-hexahydro-1H-naphthalene-1,2,3-triol	CC(=CCOC)C=CC1C2(CCCC(C2C(C(C1(C)O)O)O)(C)C)C	3.5	11394045;11405484;21589505;21589506	COCONUT:(CNP0349198);KNApSAcK:(45082);Natural Products:(UNPD143817 UNPD45372);PubChem:(11394045 11405484 21589505 21589506);SuperNatural:(SN00267497 SN00256419);CHEBI:(131837)	3178546
65	1	N/A	-430.69013050365385	C21H36O4	[M + H]+	UNBMQQNYLCPCHS	InChI=1S/C21H36O4/c1-8-13(4)18(22)16(7)19(23)14(5)10-12(3)11-15(6)20-17(9-2)21(24)25-20/h10,13-18,20,22H,8-9,11H2,1-7H3	Ebelactone	CCC1C(OC1=O)C(C)CC(=CC(C)C(=O)C(C)C(C(C)CC)O)C	5.0	3193;100128;5819825;6436821;10089384;59340434;73707410;88564578;90983110;124525012;124540701;125183436;125183437;124823362;124823363;131705027;139032033	SuperNatural:(SN00020460);ZINC bio:(ZINC13531906);MeSH:(3193 5819825 6436821);PubMed;COCONUT:(CNP0229235);KNApSAcK:(18476);Natural Products:(UNPD103549);PubChem:(3193 100128 5819825 6436821 10089384 59340434 73707410 88564578 90983110 124525012 124540701 125183436 125183437 124823362 124823363 131705027 139032033);CHEBI:(94693);PubChem class - safety and toxic;Training Set;Biocyc:(CPD-8226)	70314102
66	1	N/A	-446.9644230653031	C21H36O4	[M + H]+	RJTQRENDRIOHRF	InChI=1S/C21H36O4/c1-15(13-18(23)24)7-8-17-20(4)11-6-10-19(2,3)16(20)9-12-21(17,5)25-14-22/h14-17H,6-13H2,1-5H3,(H,23,24)	(3S)-5-[(1R,2R,4aR,8aS)-2-formyloxy-2,5,5,8a-tetramethyl-3,4,4a,6,7,8-hexahydro-1H-naphthalen-1-yl]-3-methylpentanoate	CC(CCC1C2(CCCC(C2CCC1(C)OC=O)(C)C)C)CC(=O)O	5.80000019	2755047;7057235;7057236;7057237;7057238	COCONUT:(CNP0041037);PubChem:(2755047 7057235 7057236 7057237 7057238);SuperNatural:(SN00127621 SN00127620);ZINC bio:(ZINC03851378 ZINC03851380)	3153922
67	1	N/A	-448.0542863408554	C21H36O4	[M + H]+	PUAPJGQBSUWLAY	InChI=1S/C21H36O4/c1-16-8-7-10-20(5,24)12-13-21(25-6,19(3,4)23)11-9-17(2)15-18(22)14-16/h8,12-13,17,23-24H,7,9-11,14-15H2,1-6H3	null	CC1CCC(C=CC(CCC=C(CC(=O)C1)C)(C)O)(C(C)(C)O)OC	2.20000005	24899404	COCONUT:(CNP0149376);KNApSAcK:(39291);Natural Products:(UNPD21868);PubChem:(24899404);SuperNatural:(SN00404709);PubMed	3178578