structureRankPerFormula	formulaRank	ConfidenceScore	CSI:FingerIDScore	molecularFormula	adduct	InChIkey2D	InChI	name	smiles	xlogp	pubchemids	links	dbflags
1	1	N/A	-112.18040808802114	C9H12O3	[M - H2O + H]+	MNBSXKSWDLYJHN	InChI=1S/C9H12O3/c1-4-7(10)5(2)9(12)6(3)8(4)11/h10-12H,1-3H3	2,4,6-Mesitylenetriol	CC1=C(C(=C(C(=C1O)C)O)C)O	1.89999998	193390	MeSH:(193390);PubChem:(193390);PubMed	70
2	1	N/A	-119.98744231273415	C9H12O3	[M - H2O + H]+	LXUHYMCTFZFCCV	InChI=1S/C9H12O3/c1-6-8(10)4-7(11-2)5-9(6)12-3/h4-5,10H,1-3H3	Phenol, 3,5-dimethoxy-2-methyl-	CC1=C(C=C(C=C1OC)OC)O	1.89999998	10975870	COCONUT:(CNP0284366);HMDB:(131223);Natural Products:(UNPD42349);PubChem:(10975870);ZINC bio:(ZINC14590482);PubChem class - bio and metabolites;PubMed	18915402
3	1	N/A	-139.31932706282288	C9H12O3	[M - H2O + H]+	BPRRKSUPVYPJRD	InChI=1S/C9H12O3/c1-5-7(10)4-8(12-3)6(2)9(5)11/h4,10-11H,1-3H3	null	CC1=C(C(=C(C=C1O)OC)C)O	1.89999998	13319285	HMDB:(126600);PubChem:(13319285);PubChem class - bio and metabolites	16777226
4	1	N/A	-148.59143771646964	C9H12O3	[M - H2O + H]+	SZGDLYGGRGFSLD	InChI=1S/C9H12O3/c10-6-2-4-7-3-1-5-8(11)9(7)12/h1,3,5,10-12H,2,4,6H2	3-(3-hydroxypropyl)benzene-1,2-diol	C1=CC(=C(C(=C1)O)O)CCCO	1.10000002	18982198	COCONUT:(CNP0276683);Natural Products:(UNPD147616);PubChem:(18982198);SuperNatural:(SN00383387)	3178498
5	1	N/A	-151.57825290679452	C9H12O3	[M - H2O + H]+	WKFHMCQSKSSHIR	InChI=1S/C9H12O3/c1-11-6-7-5-8(10)3-4-9(7)12-2/h3-5,10H,6H2,1-2H3	4-Methoxy-3-(methoxymethyl)phenol	COCC1=C(C=CC(=C1)O)OC	1.20000005	597771	PubChem:(597771);NORMAN:(NS00010671)	262146
6	1	N/A	-152.68564090615104	C9H12O3	[M - H2O + H]+	ZFBNNSOJNZBLLS	InChI=1S/C9H12O3/c1-6-4-7(11-2)9(10)8(5-6)12-3/h4-5,10H,1-3H3	4-Methylsyringol	CC1=CC(=C(C(=C1)OC)O)OC	1.89999998	240925;135027678	HMDB:(29680);PubChem class - food;SuperNatural:(SN00238345);ZINC bio:(ZINC00403494);PubMed;NORMAN:(NS00022641);COCONUT:(CNP0111116);Natural Products:(UNPD32400);PubChem:(240925 135027678);PubChem class - bio and metabolites;PubChem class - safety and toxic;KEGG Mine	8811487306
7	1	N/A	-155.01212872839017	C9H12O3	[M - H2O + H]+	XBGHSBRNXBJICG	InChI=1S/C9H12O3/c1-6-4-7(10)9(12-3)8(5-6)11-2/h4-5,10H,1-3H3	Ambap1128-32-1	CC1=CC(=C(C(=C1)OC)OC)O	1.89999998	70782	NORMAN:(NS00023660);PubChem:(70782);ZINC bio:(ZINC02004385);KEGG Mine	8590204930
8	1	N/A	-155.06644077538735	C9H12O3	[M - H2O + H]+	KUMMBDBTERQYCG	InChI=1S/C9H12O3/c1-6-2-7(4-10)9(12)8(3-6)5-11/h2-3,10-12H,4-5H2,1H3	Oprea1_724006	CC1=CC(=C(C(=C1)CO)O)CO	0.699999988	7039	NORMAN:(NS00020357);PubChem class - safety and toxic;PubChem:(7039);PubMed	67371074
9	1	N/A	-155.4528391046948	C9H12O3	[M - H2O + H]+	QKLTYJCFWAJSON	InChI=1S/C9H12O3/c1-2-12-6-7-3-4-8(10)9(11)5-7/h3-5,10-11H,2,6H2,1H3	null	CCOCC1=CC(=C(C=C1)O)O	1.38375306	117220650	COCONUT:(CNP0111800);Natural Products:(UNPD117321);PubChem:(117220650)	2129922
10	1	N/A	-156.14642564908664	C9H12O3	[M - H2O + H]+	AIISKGPIMSRMOR	InChI=1S/C9H12O3/c1-6(10)2-7-3-8(11)5-9(12)4-7/h3-6,10-12H,2H2,1H3	null	CC(CC1=CC(=CC(=C1)O)O)O	1.20000005	10725775;85247152	COCONUT:(CNP0275743);Natural Products:(UNPD176565);PubChem:(10725775 85247152);SuperNatural:(SN00367811)	3178498
11	1	N/A	-157.08198084055593	C9H12O3	[M - H2O + H]+	SSMMTPZRMUMKMC	InChI=1S/C9H12O3/c1-5-7(11)3-4-8(12)9(5)6(2)10/h3-4,6,10-12H,1-2H3	null	CC1=C(C=CC(=C1C(C)O)O)O	1.60000002	131018770;129844409;129844411	COCONUT:(CNP0125535);Natural Products:(UNPD215197);PubChem:(131018770 129844409 129844411)	2129922
12	1	N/A	-157.44229249261286	C9H12O3	[M - H2O + H]+	RNKOUSCCPHSCFE	InChI=1S/C9H12O3/c1-11-8-4-3-7(6-10)9(5-8)12-2/h3-5,10H,6H2,1-2H3	2,4-Dimethoxybenzylalcohol	COC1=CC(=C(C=C1)CO)OC	1.36244261	81750	NORMAN:(NS00037476);PubChem:(81750);ZINC bio:(ZINC00164135);MeSH:(81750);PubChem class - safety and toxic;PubMed	67379270
13	1	N/A	-157.7220731171986	C9H12O3	[M - H2O + H]+	XHFTUEUYCQGDGX	InChI=1S/C9H12O3/c1-6(10)5-7-3-2-4-8(11)9(7)12/h2-4,6,10-12H,5H2,1H3	null	CC(CC1=C(C(=CC=C1)O)O)O	1.20000005	25181512;90962760	COCONUT:(CNP0207246);Natural Products:(UNPD120592);PubChem:(25181512 90962760);SuperNatural:(SN00232086);PubMed	3178562
14	1	N/A	-160.6770682436727	C9H12O3	[M - H2O + H]+	WGQMUABRZGUAOS	InChI=1S/C9H12O3/c1-11-8-3-4-9(12-2)7(5-8)6-10/h3-5,10H,6H2,1-2H3	2,5-Dimethoxybenzyl alcohol	COC1=CC(=C(C=C1)OC)CO	1.0	118495;11344240	NORMAN:(NS00029503);COCONUT:(CNP0079957);PubChem:(118495 11344240);PubMed;ZINC bio:(ZINC00388568)	2367554
15	1	N/A	-164.23775010832918	C9H12O3	[M - H2O + H]+	WQOLWBBJVRDUBQ	InChI=1S/C9H12O3/c1-6-7(4-10)2-9(12)3-8(6)5-11/h2-3,10-12H,4-5H2,1H3	null	CC1=C(C=C(C=C1CO)O)CO	0.200000003	23616350	PubChem:(23616350);NORMAN:(NS00041410)	262146
16	1	N/A	-165.2274770061966	C9H12O3	[M - H2O + H]+	USDDPDQEVLAOBO	InChI=1S/C9H12O3/c1-11-6-7-3-4-8(10)9(5-7)12-2/h3-5,10H,6H2,1-2H3	2-Methoxy-4-(methoxymethyl)phenol	COCC1=CC(=C(C=C1)O)OC	1.36244261	79662	NORMAN:(NS00012834);COCONUT:(CNP0276003);Natural Products:(UNPD147155);PubChem:(79662);PubChem class - safety and toxic;PubMed;KEGG Mine	8659435586
17	1	N/A	-168.85829220780985	C9H12O3	[M - H2O + H]+	AUDBREYGQOXIFT	InChI=1S/C9H12O3/c1-11-8-3-7(6-10)4-9(5-8)12-2/h3-5,10H,6H2,1-2H3	3,5-Dimethoxybenzylalcohol	COC1=CC(=CC(=C1)CO)OC	1.0	69718;10419594	NORMAN:(NS00037066);COCONUT:(CNP0145091);PubChem:(69718 10419594);PubMed;ZINC bio:(ZINC00388570)	2367554
18	1	N/A	-170.60546315417952	C9H12O3	[M - H2O + H]+	RSBDFZVSPPQNOZ	InChI=1S/C9H12O3/c1-3-6-4-5-7(10)9(12-2)8(6)11/h4-5,10-11H,3H2,1-2H3	null	CCC1=C(C(=C(C=C1)O)OC)O	2.0	131832021	HMDB:(125541);PubChem:(131832021);YMDB Mine;PubChem class - bio and metabolites	34376515594
19	1	N/A	-171.19066096899454	C9H12O3	[M - H2O + H]+	LKUDPHPHKOZXCD	InChI=1S/C9H12O3/c1-10-7-4-8(11-2)6-9(5-7)12-3/h4-6H,1-3H3	Spectrum_001404	COC1=CC(=CC(=C1)OC)OC	1.80743051	69301;11586360;11194565	HMDB:(59963);SuperNatural:(SN00001375);ZINC bio:(ZINC00388241);MeSH:(69301);Plantcyc:(CPD-9500);PubMed;NORMAN:(NS00034923);COCONUT:(CNP0284353);KNApSAcK:(35454);Natural Products:(UNPD55591);PubChem:(69301 11586360 11194565);CHEBI:(31038);PubChem class - bio and metabolites;PubChem class - safety and toxic;Biocyc:(CPD-9500)	87468158
20	1	N/A	-171.3404784177142	C9H12O3	[M - H2O + H]+	WTOALSNXZAGLOW	InChI=1S/C9H12O3/c1-3-6-4-9(12-2)8(11)5-7(6)10/h4-5,10-11H,3H2,1-2H3	null	CCC1=CC(=C(C=C1O)O)OC	2.0	131832018	HMDB:(125521);PubChem:(131832018);YMDB Mine;PubChem class - bio and metabolites	34376515594
21	1	N/A	-172.51352148275672	C9H12O3	[M - H2O + H]+	PIYCCGIPUXJHIW	InChI=1S/C9H12O3/c1-6(10)9(12)7-2-4-8(11)5-3-7/h2-6,9-12H,1H3	null	CC(C(C1=CC=C(C=C1)O)O)O	0.5	75411975;92466565;92466566;92466567;92466568	COCONUT:(CNP0258904);Natural Products:(UNPD104796 UNPD126135 UNPD43361);PubChem:(75411975 92466565 92466566 92466567 92466568);SuperNatural:(SN00374927 SN00337771 SN00229377);Training Set;PubMed;KEGG Mine	8593129538
22	1	N/A	-172.7396484932821	C9H12O3	[M - H2O + H]+	SQAMZFDWYRVIMG	InChI=1S/C9H12O3/c10-4-7-1-8(5-11)3-9(2-7)6-12/h1-3,10-12H,4-6H2	1,3,5-Benzenetrimethanol	C1=C(C=C(C=C1CO)CO)CO	-0.699999988	2748048	COCONUT:(CNP0057272);PubChem:(2748048);SuperNatural:(SN00120785);ZINC bio:(ZINC02573141)	3153922
23	1	N/A	-173.48898526235413	C9H12O3	[M - H2O + H]+	VLWNCJPMUMKUMF	InChI=1S/C9H12O3/c1-2-7(10)6-3-4-8(11)9(12)5-6/h3-5,7,10-12H,2H2,1H3	4-(1-Hydroxypropyl)-1,2-benzenediol	CCC(C1=CC(=C(C=C1)O)O)O	1.44471943	213092;59044570	PubChem:(213092 59044570);PubChem class - safety and toxic	67108866
24	1	N/A	-175.93239312918476	C9H12O3	[M - H2O + H]+	DPTPQXXDBLPEOP	InChI=1S/C9H12O3/c10-5-1-2-7-3-4-8(11)9(12)6-7/h3-4,6,10-12H,1-2,5H2	1,2-Benzenediol, 4-(3-hydroxypropyl)-	C1=CC(=C(C=C1CCCO)O)O	1.44141102	11217464	COCONUT:(CNP0326950);KNApSAcK:(31551);Natural Products:(UNPD194957);PubChem:(11217464);SuperNatural:(SN00311959);PubMed;KEGG Mine	8593113170
25	1	N/A	-175.98531771217972	C9H12O3	[M - H2O + H]+	ATLVVGJKPIISGK	InChI=1S/C9H12O3/c1-4-7-5(2)8(10)6(3)9(11)12-7/h10H,4H2,1-3H3	2H-Pyran-2-one, 6-ethyl-4-hydroxy-3,5-dimethyl-	CCC1=C(C(=C(C(=O)O1)C)O)C	1.20000005	71363160	COCONUT:(CNP0147337);Natural Products:(UNPD185891);PubChem:(71363160);SuperNatural:(SN00253294);PubMed	3178562
26	1	N/A	-177.17762014740725	C9H12O3	[M - H2O + H]+	HIJVMLFHDZCRLU	InChI=1S/C9H12O3/c1-2-8(11)5-3-4-6-9(12)7-10/h8-12H,2,7H2,1H3	null	CCC(C#CC#CC(CO)O)O	-0.400000006	101410647;130683697	COCONUT:(CNP0178335);Natural Products:(UNPD12210);PubChem:(101410647 130683697)	2129922
27	1	N/A	-181.88458792335533	C9H12O3	[M - H2O + H]+	UEFJTAUSZUHPLN	InChI=1S/C9H12O3/c1-6-3-2-4-7(11)9(6)8(12)5-10/h2-4,8,10-12H,5H2,1H3	null	CC1=C(C(=CC=C1)O)C(CO)O	0.899999976	15690447	COCONUT:(CNP0239390);Natural Products:(UNPD38103);PubChem:(15690447);SuperNatural:(SN00256453)	3178498
28	1	N/A	-182.25856983085453	C9H12O3	[M - H2O + H]+	CRLBBOBKCLYCJK	InChI=1S/C9H12O3/c1-11-8-5-3-4-7(6-10)9(8)12-2/h3-5,10H,6H2,1-2H3	o-Veratryl alcohol	COC1=CC=CC(=C1OC)CO	1.0	79738	NORMAN:(NS00033540);PubChem:(79738);ZINC bio:(ZINC00157466)	270338
29	1	N/A	-182.52633254515777	C9H12O3	[M - H2O + H]+	OEGPRYNGFWGMMV	InChI=1S/C9H12O3/c1-11-8-4-3-7(6-10)5-9(8)12-2/h3-5,10H,6H2,1-2H3	bmse010029	COC1=C(C=C(C=C1)CO)OC	1.36244261	7118;12243191;45039058;101137834	SuperNatural:(SN00403089);ZINC bio:(ZINC00388569);MeSH:(7118);Plantcyc:(CPD-12798);PubMed;NORMAN:(NS00039520);COCONUT:(CNP0202849);KNApSAcK:(35487);Natural Products:(UNPD196295);PubChem:(7118 12243191 45039058 101137834);CHEBI:(62150);PubChem class - bio and metabolites;KEGG:(C21420);PubChem class - safety and toxic;Biocyc:(SMA-0000530 CPD-12798);KEGG Mine	8677402998
30	1	N/A	-187.08321129778687	C9H12O3	[M - H2O + H]+	YUBJKXYXGZMUGT	InChI=1S/C9H12O3/c10-6-9(12)5-7-1-3-8(11)4-2-7/h1-4,9-12H,5-6H2	1,2-Propanediol, 3-(4-hydroxyphenyl)-	C1=CC(=CC=C1CC(CO)O)O	0.5	17760156;124355530;124355531	COCONUT:(CNP0307223);Natural Products:(UNPD64567);PubChem:(17760156 124355530 124355531);SuperNatural:(SN00380086);PubMed	3178562
31	1	N/A	-187.24387215728066	C9H12O3	[M - H2O + H]+	YNJBEZAZHBOGTK	InChI=1S/C9H12O3/c1-2-12-9-4-3-7(6-10)5-8(9)11/h3-5,10-11H,2,6H2,1H3	null	CCOC1=C(C=C(C=C1)CO)O	1.0	130034882	COCONUT:(CNP0221615);Natural Products:(UNPD7851);PubChem:(130034882);SuperNatural:(SN00325789)	3178498
32	1	N/A	-188.31068946054623	C9H12O3	[M - H2O + H]+	WQUFPWFQPKBPHQ	InChI=1S/C9H12O3/c1-5(2)8-4-7(9(10)11)6(3)12-8/h4-5H,1-3H3,(H,10,11)	Ambcb9071314	CC1=C(C=C(O1)C(C)C)C(=O)O	2.0999999	21433405	PubChem:(21433405);PubChem class - safety and toxic	67108866
33	1	N/A	-189.6887003950761	C9H12O3	[M - H2O + H]+	AESKCQSUIOKQIH	InChI=1S/C9H12O3/c1-8(11)9(12)6-4-2-3-5-7-10/h8-12H,5,7H2,1H3	null	CC(C(C#CC#CCCO)O)O	-0.400000006	101886319	PubChem:(101886319);COCONUT:(CNP0355066)	2097154
34	1	N/A	-190.34481744671166	C9H12O3	[M - H2O + H]+	BDRRAMWDUCXAKG	InChI=1S/C9H12O3/c1-6(10)7-3-4-8(11)9(5-7)12-2/h3-6,10-11H,1-2H3	Apocynol	CC(C1=CC(=C(C=C1)O)OC)O	1.40523529	1512581;1512582;17203	PubChem:(1512581 1512582 17203);YMDB Mine;CHEBI:(86590);ZINC bio:(ZINC01433190 ZINC01433191);MeSH:(17203);PubChem class - safety and toxic;PubMed;KEGG Mine	43016790118
35	1	N/A	-190.8582294820125	C9H12O3	[M - H2O + H]+	RPGJIQZXDGEQNQ	InChI=1S/C9H12O3/c1-2-12-9-4-3-8(11)5-7(9)6-10/h3-5,10-11H,2,6H2,1H3	null	CCOC1=C(C=C(C=C1)O)CO	1.0	100953211	COCONUT:(CNP0181724);Natural Products:(UNPD23431);PubChem:(100953211)	2129922
36	1	N/A	-191.27094730585242	C9H12O3	[M - H2O + H]+	PPUFZEKAOXNVLU	InChI=1S/C9H12O3/c1-12-9-3-2-7(4-5-10)6-8(9)11/h2-3,6,10-11H,4-5H2,1H3	null	COC1=C(C=C(C=C1)CCO)O	1.40192688	10034991	COCONUT:(CNP0076040);PubChem:(10034991);PubMed;ZINC bio:(ZINC14488434);KEGG Mine	8592040002
37	1	N/A	-191.6663195868559	C9H12O3	[M - H2O + H]+	RKPDVCWTSQFIPR	InChI=1S/C9H12O3/c1-3-5-11-7-9(10)8-12-6-4-2/h1-2,9-10H,5-8H2	1,3-Dipropargyl glycerol ether	C#CCOCC(COCC#C)O	-0.5	85312	PubChem:(85312);NORMAN:(NS00025272)	262146
38	1	N/A	-191.8869285207441	C9H12O3	[M - H2O + H]+	CRUILBNAQILVHZ	InChI=1S/C9H12O3/c1-10-7-5-4-6-8(11-2)9(7)12-3/h4-6H,1-3H3	bmse010218	COC1=C(C(=CC=C1)OC)OC	1.80743051	12462;10442102	PubChem class - food;SuperNatural:(SN00155750);ZINC bio:(ZINC00152503);MeSH:(12462);PubMed;NORMAN:(NS00009609);COCONUT:(CNP0303518);KNApSAcK:(42023);Natural Products:(UNPD59985);PubChem:(12462 10442102);CHEBI:(86529);PubChem class - safety and toxic;KEGG Mine	8794710134
39	1	N/A	-193.12944289510267	C9H12O3	[M - H2O + H]+	ULCZGZGLABEWDG	InChI=1S/C9H12O3/c1-2-12-9-5-7(6-10)3-4-8(9)11/h3-5,10-11H,2,6H2,1H3	2-Ethoxy-4-(hydroxymethyl)phenol	CCOC1=C(C=CC(=C1)CO)O	1.0	597767	PubChem class - safety and toxic;PubChem:(597767);YMDB Mine	34426847234
40	1	N/A	-198.89665518415367	C9H12O3	[M - H2O + H]+	XHUBSJRBOQIZNI	InChI=1S/C9H12O3/c1-12-9-6-7(4-5-10)2-3-8(9)11/h2-3,6,10-11H,4-5H2,1H3	Homovanillic alcohol	COC1=C(C=CC(=C1)CCO)O	1.40192688	16928	HMDB:(38925);SuperNatural:(SN00264289);ZINC bio:(ZINC00388293);additional;MeSH:(16928);PubMed;NORMAN:(NS00027490);COCONUT:(CNP0423217);Natural Products:(UNPD51145);PubChem:(16928);PubChem class - bio and metabolites;PubChem class - safety and toxic;YMDB:(1712);Training Set;KEGG Mine	8677875790
41	1	N/A	-204.03464508062245	C9H12O3	[M - H2O + H]+	AGIQIOSHSMJYJP	InChI=1S/C9H12O3/c1-10-7-4-5-8(11-2)9(6-7)12-3/h4-6H,1-3H3	1,2,4-Trimethoxybenzene	COC1=CC(=C(C=C1)OC)OC	1.80743051	67284;10012311;44250273	NORMAN:(NS00024400);COCONUT:(CNP0327068);Natural Products:(UNPD90305);PubChem:(67284 10012311 44250273);SuperNatural:(SN00402503);ZINC bio:(ZINC00391982);MeSH:(67284);PubChem class - safety and toxic;PubMed	70557766
42	1	N/A	-206.34010380087	C9H12O3	[M - H2O + H]+	NCYDYIPWQYAXJH	InChI=1S/C9H12O3/c1-3-6-4-7(10)9(11)8(5-6)12-2/h4-5,10-11H,3H2,1-2H3	null	CCC1=CC(=C(C(=C1)OC)O)O	2.0	68022775	HMDB:(125531);PubChem:(68022775);YMDB Mine;PubChem class - bio and metabolites	34376515594
43	1	N/A	-206.34331269682454	C9H12O3	[M - H2O + H]+	YYXJGWHFSNJMDX	InChI=1S/C9H12O3/c1-3-12-9-6-7(10)4-5-8(9)11-2/h4-6,10H,3H2,1-2H3	3-Ethoxy-4-methoxyphenol	CCOC1=C(C=CC(=C1)O)OC	1.82874095	580771	NORMAN:(NS00056182);PubChem:(580771);ZINC bio:(ZINC00393443)	270338
44	1	N/A	-212.10523307570662	C9H12O3	[M - H2O + H]+	NTNORUCWSHQVSH	InChI=1S/C9H12O3/c10-6-5-9(12)7-1-3-8(11)4-2-7/h1-4,9-12H,5-6H2	null	C1=CC(=CC=C1C(CCO)O)O	0.400000006	89791209	COCONUT:(CNP0181987);Natural Products:(UNPD218328);PubChem:(89791209)	2129922
45	1	N/A	-213.86436174938987	C9H12O3	[M - H2O + H]+	RJYQLMILDVERHH	InChI=1S/C9H12O3/c1-7(10)2-3-9(11)8-4-5-12-6-8/h4-7,10H,2-3H2,1H3	4-Ipomeanol	CC(CCC(=O)C1=COC=C1)O	1.24248052	36284;6711829;6711830	COCONUT:(CNP0135487);HMDB:(30472);Natural Products:(UNPD147340);PubChem:(36284 6711829 6711830);SuperNatural:(SN00350314);ZINC bio:(ZINC01581357 ZINC05751230);PubChem class - bio and metabolites;HSDB:(32954-58-8);MeSH:(36284);PubChem class - safety and toxic;PubMed	87073358
46	1	N/A	-214.35477552296095	C9H12O3	[M - H2O + H]+	HNMQDFMUEKXHGH	InChI=1S/C9H12O3/c1-4-7-5-8(11-3)6(2)9(10)12-7/h5H,4H2,1-3H3	null	CCC1=CC(=C(C(=O)O1)C)OC	1.70000005	10464705	COCONUT:(CNP0292133);Natural Products:(UNPD208238);PubChem:(10464705)	2129922
47	1	N/A	-215.27732083280713	C9H12O3	[M - H2O + H]+	NIGIGWPNXVNZRK	InChI=1S/C9H12O3/c1-11-6-7-12-9-4-2-8(10)3-5-9/h2-5,10H,6-7H2,1H3	4-(2-Methoxyethoxy)phenol	COCCOC1=CC=C(C=C1)O	1.31010461	13313561	PubChem:(13313561);PubChem class - safety and toxic	67108866
48	1	N/A	-216.12178651921005	C9H12O3	[M - H2O + H]+	OUHGBYXZEKXBRV	InChI=1S/C9H12O3/c1-9(2,11)5-8(10)7-3-4-12-6-7/h3-4,6,11H,5H2,1-2H3	null	CC(C)(CC(=O)C1=COC=C1)O	1.034132	""	COCONUT:(CNP0395272)	2097152
49	1	N/A	-217.37681039205142	C9H12O3	[M - H2O + H]+	UHDDGONMYAQWBV	InChI=1S/C9H12O3/c1-12-9(6-10)7-2-4-8(11)5-3-7/h2-5,9-11H,6H2,1H3	4-(2-hydroxy-1-methoxyethyl)phenol	COC(CO)C1=CC=C(C=C1)O	0.600000024	636818;22297411	COCONUT:(CNP0260815);Natural Products:(UNPD66544 UNPD192485);PubChem:(636818 22297411);SuperNatural:(SN00242365 SN00277698);MeSH:(22297411);PubMed	3178566
50	1	N/A	-217.83563193830054	C9H12O3	[M - H2O + H]+	OHQCBEWNAYWDNA	InChI=1S/C9H12O3/c10-5-8(6-11)7-1-3-9(12)4-2-7/h1-4,8,10-12H,5-6H2	2-(4-hydroxyphenyl)propane-1,3-diol	C1=CC(=CC=C1C(CO)CO)O	0.703202903	14766145	PubChem:(14766145);PubChem class - safety and toxic	67108866
51	1	N/A	-218.30677967456074	C9H12O3	[M - H2O + H]+	POVJSJMXWVTKRR	InChI=1S/C9H12O3/c10-7-12-8-11-6-9-4-2-1-3-5-9/h1-5,10H,6-8H2	[(benzyloxy)methoxy]methanol	C1=CC=C(C=C1)COCOCO	0.899999976	161872	PubChem:(161872);NORMAN:(NS00029858)	262146
52	1	N/A	-219.26784341019174	C9H12O3	[M - H2O + H]+	YKPMLSJXUUXDMF	InChI=1S/C9H12O3/c1-4-7-6(2)8(11-3)5-9(10)12-7/h5H,4H2,1-3H3	2H-Pyran-2-one, 6-ethyl-4-methoxy-5-methyl-	CCC1=C(C(=CC(=O)O1)OC)C	1.20000005	13319284	COCONUT:(CNP0342426);Natural Products:(UNPD84128);PubChem:(13319284);SuperNatural:(SN00302200)	3178498
53	1	N/A	-219.41893093159794	C9H12O3	[M - H2O + H]+	OOWGFJQYZCXHEY	InChI=1S/C9H12O3/c1-11-8-2-4-9(5-3-8)12-7-6-10/h2-5,10H,6-7H2,1H3	methoxyphenoxyethanol	COC1=CC=C(C=C1)OCCO	1.31010461	220079;10855917;10986692	PubChem class - safety and toxic;PubChem:(220079 10855917 10986692);PubMed	67108930
54	1	N/A	-221.7873203328442	C9H12O3	[M - H2O + H]+	SRGRIOXSONGZCM	InChI=1S/C9H12O3/c1-5(2)8-4-7(10)6(3)9(11)12-8/h4-5,10H,1-3H3	null	CC1=C(C=C(OC1=O)C(C)C)O	1.70000005	54750380;54750381	COCONUT:(CNP0131967);Natural Products:(UNPD203727);PubChem:(54750380 54750381);PubMed	2129986
55	1	N/A	-222.29980180714543	C9H12O3	[M - H2O + H]+	IGGLYMZTLQKWGT	InChI=1S/C9H12O3/c1-7(10)2-3-9(11)8-4-5-12-6-8/h4-6,9,11H,2-3H2,1H3	1-Ipomeanol	CC(=O)CCC(C1=COC=C1)O	0.100000001	161819;121492965;121492966	COCONUT:(CNP0324592);HMDB:(30473);Natural Products:(UNPD86961);PubChem:(161819 121492965 121492966);SuperNatural:(SN00286838);PubChem class - bio and metabolites;MeSH:(161819);PubChem class - safety and toxic	87064590
56	1	N/A	-226.20485367094435	C9H12O3	[M - H2O + H]+	CRTWVYYKVHLMDK	InChI=1S/C9H12O3/c1-12-8-4-2-7(3-5-8)9(11)6-10/h2-5,9-11H,6H2,1H3	4-Methoxyphenylethyleneglycol	COC1=CC=C(C=C1)C(CO)O	0.400000006	586364;11715232;69796036;101170565;101170566;101170567;101170568;101170569;101170570	COCONUT:(CNP0240871);Natural Products:(UNPD88180);PubChem:(586364 11715232 69796036 101170565 101170566 101170567 101170568 101170569 101170570);SuperNatural:(SN00232717);ZINC bio:(ZINC13548619 ZINC13548621)	3186690
57	1	N/A	-237.147600681519	C9H12O3	[M - H2O + H]+	OQPFDUQISZRPAU	InChI=1S/C9H12O3/c1-4-7-6(2)12-9(10)5-8(7)11-3/h5H,4H2,1-3H3	null	CCC1=C(OC(=O)C=C1OC)C	1.20000005	13319282	COCONUT:(CNP0121274);Natural Products:(UNPD48237);PubChem:(13319282);SuperNatural:(SN00335832)	3178498
58	1	N/A	-243.96504917368082	C9H12O3	[M - H2O + H]+	DFYHDDCNKMPXMX	InChI=1S/C9H12O3/c1-6(2)3-8-4-7(10)5-9(11)12-8/h4-6,10H,3H2,1-2H3	null	CC(C)CC1=CC(=CC(=O)O1)O	1.70000005	25203460;54727587	COCONUT:(CNP0001422);Plantcyc:(CPD-7146);PubChem:(25203460 54727587);Biocyc:(SMA-0000263 CPD-7146 SMA-0000337)	2230274
59	1	N/A	-244.36492493255344	C9H12O3	[M - H2O + H]+	VDSLRUXHXCOXFF	InChI=1S/C9H12O3/c1-3-4-5-8(6-10)9(12)7(2)11/h3-6,9,12H,1-2H3	(+) Avellaneol	CC=CC=C(C=O)C(C(=O)C)O	0.300000012	155444;5132634;5384220;6392458;10241181;101324777	COCONUT:(CNP0175292);Natural Products:(UNPD124277);PubChem:(155444 5132634 5384220 6392458 10241181 101324777);SuperNatural:(SN00341053)	3178498
60	1	N/A	-245.4716342797347	C9H12O3	[M - H2O + H]+	FNQIYTUXOKTMDM	InChI=1S/C9H12O3/c10-6-8(11)7-12-9-4-2-1-3-5-9/h1-5,8,10-11H,6-7H2	Antodyne	C1=CC=C(C=C1)OCC(CO)O	0.834260762	10857;853635;855016;102379309	NORMAN:(NS00043102);PubChem:(10857 853635 855016 102379309);MeSH:(10857);PubChem class - safety and toxic;PubMed;KEGG Mine	8657305670
61	1	N/A	-248.40147850086063	C9H12O3	[M - H2O + H]+	MWZGBLCWNBDPCZ	InChI=1S/C9H12O3/c1-6(2)9(11)12-5-7(3)8(4)10/h1,3,5H2,2,4H3	null	CC(=C)C(=O)OCC(=C)C(=O)C	1.298123	""	COCONUT:(CNP0243851);Natural Products:(UNPD113962)	2129920
62	1	N/A	-251.90173103601526	C9H12O3	[M - H2O + H]+	BSRFZJMVFOPNKR	InChI=1S/C9H12O3/c1-5-7(11)6(10)4-9(2,3)8(5)12/h11H,4H2,1-3H3	2-hydroxy-3,5,5-trimethylcyclohex-2-ene-1,4-dione	CC1=C(C(=O)CC(C1=O)(C)C)O	0.899999976	37246	NORMAN:(NS00029900);COCONUT:(CNP0257683);KNApSAcK:(45543);Natural Products:(UNPD23442);PubChem:(37246)	2392082
63	1	N/A	-252.3804164836983	C9H12O3	[M - H2O + H]+	PAMQYEWNNPDBLM	InChI=1S/C9H12O3/c1-2-3-6-12-9(10)8-5-4-7-11-8/h4-5,7H,2-3,6H2,1H3	Butyl furoate	CCCCOC(=O)C1=CC=CO1	2.23037267	11409	NORMAN:(NS00022420);PubChem class - food;PubChem class - safety and toxic;PubChem:(11409)	201588738
64	1	N/A	-252.98232661922574	C9H12O3	[M - H2O + H]+	RCKBJIXCWVUPOX	InChI=1S/C9H12O3/c1-3-4-7-5-8(11-2)6-9(10)12-7/h5-6H,3-4H2,1-2H3	2H-Pyran-2-one, 4-methoxy-6-propyl-	CCCC1=CC(=CC(=O)O1)OC	1.60000002	11286684	COCONUT:(CNP0278861);KNApSAcK:(44524);Natural Products:(UNPD38821);PubChem:(11286684);SuperNatural:(SN00309662)	3178514
65	1	N/A	-254.41103065806064	C9H12O3	[M - H2O + H]+	OWIWZQQFSTZZIG	InChI=1S/C9H12O3/c1-2-11-9(10)6-5-8-4-3-7-12-8/h3-4,7H,2,5-6H2,1H3	Ethyl furfurylacetate	CCOC(=O)CCC1=CC=CO1	1.94279766	61450	NORMAN:(NS00021424);COCONUT:(CNP0003158);HMDB:(32921);PubChem class - food;PubChem:(61450);PubChem class - bio and metabolites;PubChem class - safety and toxic	220463114
66	1	N/A	-257.81599854120384	C9H12O3	[M - H2O + H]+	USBNKSOGWINKLJ	InChI=1S/C9H12O3/c10-8(9(11)12)6-7-4-2-1-3-5-7/h2,4,7H,1,3,5-6H2,(H,11,12)	3-[(1S)-cyclohex-3-en-1-yl)]-2-oxopropanoate	C1CC=CC(C1)CC(=O)C(=O)O	1.60000002	91820477;91820478	PubChem:(91820477 91820478);PubMed;Biocyc:(CPD-12683);PubChem class - bio and metabolites	16779330
67	1	N/A	-265.1632440589549	C9H12O3	[M - H2O + H]+	MGBZGBGWTZISIG	InChI=1S/C9H12O3/c1-2-12-9(10)4-3-8-5-6-11-7-8/h5-7H,2-4H2,1H3	Ethyl furan-3-propionate	CCOC(=O)CCC1=COC=C1	1.39999998	92549	PubChem:(92549);NORMAN:(NS00033595)	262146
68	1	N/A	-267.7479421585503	C9H12O3	[M - H2O + H]+	BYAVMBAAZQAOHB	InChI=1S/C9H12O3/c1-6(2)5-8-9(11)7(10)3-4-12-8/h3-4,6,11H,5H2,1-2H3	3-Hydroxy-2-isobutyl-4H-pyran-4-one	CC(C)CC1=C(C(=O)C=CO1)O	1.60000002	156380	PubChem:(156380);PubChem class - safety and toxic	67108866
69	1	N/A	-273.57882789610034	C9H12O3	[M - H2O + H]+	VFGZMFRZTCQUDR	InChI=1S/C9H12O3/c1-12-7-9(10,11)8-5-3-2-4-6-8/h2-6,10-11H,7H2,1H3	null	COCC(C1=CC=CC=C1)(O)O	0.200000003	129678603	MeSH:(129678603);PubChem:(129678603);PubMed	70
70	1	N/A	-274.2151951202545	C9H12O3	[M - H2O + H]+	JJPKPKGALPXILL	InChI=1S/C9H12O3/c1-3-4-5-7-9(11)8(10)6(2)12-7/h5,10H,3-4H2,1-2H3	(2E)-2-butylidene-4-hydroxy-5-methyl-3(2H)-furanone	CCCC=C1C(=O)C(=C(O1)C)O	2.0999999	25203856;25246289	COCONUT:(CNP0136850);Plantcyc:(CPD-10208);PubChem:(25203856 25246289);PubMed;Biocyc:(CPD-10208)	2230338
71	1	N/A	-276.2348084516905	C9H12O3	[M - H2O + H]+	ONKSNFHANJTFMD	InChI=1S/C9H12O3/c1-6-5-9(11)12-8(6)4-3-7(2)10/h5,8H,3-4H2,1-2H3	null	CC1=CC(=O)OC1CCC(=O)C	0.200000003	86168064	COCONUT:(CNP0267510);Natural Products:(UNPD150644);PubChem:(86168064)	2129922
72	1	N/A	-277.5771517733748	C9H12O3	[M - H2O + H]+	IRUASSQXBISXFT	InChI=1S/C9H12O3/c1-3-4-5-7-8(10)6(2)12-9(7)11/h3,5-6,8,10H,1,4H2,2H3	null	CC1C(C(=CCC=C)C(=O)O1)O	1.22920656	""	COCONUT:(CNP0081587)	2097152
73	1	N/A	-278.7648483947776	C9H12O3	[M - H2O + H]+	NKRMCRMCMGRKHS	InChI=1S/C9H12O3/c1-3-8(11)12-9-6(2)4-5-7(9)10/h3-5H2,1-2H3	Cyclotene propionate	CCC(=O)OC1=C(CCC1=O)C	0.899999976	66600	NORMAN:(NS00022859);PubChem class - food;PubChem:(66600)	134479874
74	1	N/A	-280.39960889722505	C9H12O3	[M - H2O + H]+	VOFRQXZPJRQJIW	InChI=1S/C9H12O3/c1-8(2)4-5(10)6-9(3,12-6)7(8)11/h6H,4H2,1-3H3	(+/-)-Epoxyoxophorone	CC1(CC(=O)C2C(C1=O)(O2)C)C	0.400000006	3853254;44223706;50917834;76964480;76964481	NORMAN:(NS00022129);COCONUT:(CNP0401825);HMDB:(32252);PubChem class - food;PubChem:(3853254 44223706 50917834 76964480 76964481);PubChem class - bio and metabolites	153354250
75	1	N/A	-280.47638326119306	C9H12O3	[M - H2O + H]+	PZUYCBPAARZYQH	InChI=1S/C9H12O3/c1-4-5-7-6(2)8(11-3)9(10)12-7/h4-5,7H,1-3H3	null	CC=CC1C(=C(C(=O)O1)OC)C	1.39999998	101410663;131860056	COCONUT:(CNP0291090);Natural Products:(UNPD160472);PubChem:(101410663 131860056);SuperNatural:(SN00268523)	3178498
76	1	N/A	-282.7187193565038	C9H12O3	[M - H2O + H]+	MKOPEOKHXIVNMO	InChI=1S/C9H12O3/c1-2-3-6-11-9-5-4-8(7-10)12-9/h4-5,7H,2-3,6H2,1H3	2-Furancarboxaldehyde, 5-butoxy-	CCCCOC1=CC=C(O1)C=O	2.29999995	19422225	PubChem:(19422225);PubChem class - safety and toxic	67108866
77	1	N/A	-283.4579854217646	C9H12O3	[M - H2O + H]+	IXISGRHWGVGCAK	InChI=1S/C9H12O3/c1-2-4-9(10)12-7-8-5-3-6-11-8/h3,5-6H,2,4,7H2,1H3	Furfuryl butanoate	CCCC(=O)OCC1=CC=CO1	1.5	61167	NORMAN:(NS00022533);COCONUT:(CNP0002783);HMDB:(37729);PubChem class - food;PubChem:(61167);PubChem class - bio and metabolites	153354250
78	1	N/A	-285.7882337207191	C9H12O3	[M - H2O + H]+	PILZQFAVBOKECT	InChI=1S/C9H12O3/c10-8-6-7(8)4-2-1-3-5-9(11)12/h6H,1-5H2,(H,11,12)	1-Cyclopropene-1-hexanoic acid, 3-oxo-	C1=C(C1=O)CCCCCC(=O)O	1.20000005	11819412	COCONUT:(CNP0320876);Natural Products:(UNPD129685);PubChem:(11819412);SuperNatural:(SN00377750)	3178498
79	1	N/A	-292.19095576267847	C9H12O3	[M - H2O + H]+	SZWUNATWHPNXKD	InChI=1S/C9H12O3/c1-7(2)9(10)12-6-8-4-3-5-11-8/h3-5,7H,6H2,1-2H3	Furfuryl isobutyrate	CC(C)C(=O)OCC1=CC=CO1	1.79999995	80454	NORMAN:(NS00022563);PubChem class - food;PubChem:(80454)	134479874
80	1	N/A	-295.9551167909344	C9H12O3	[M - H2O + H]+	QXBYUPMEYVDXIQ	InChI=1S/C9H12O3/c1-5-3-2-4-6-7(5)9(11)12-8(6)10/h5-7H,2-4H2,1H3	3-Methylhexahydrophthalic anhydride	CC1CCCC2C1C(=O)OC2=O	1.60000002	92666;10877514;11768952;15597207;54251538;54251539;98045099;98045100;118984417;124542410	NORMAN:(NS00020667);PubChem class - safety and toxic;PubChem:(92666 10877514 11768952 15597207 54251538 54251539 98045099 98045100 118984417 124542410)	67371010
81	1	N/A	-306.4800662597367	C9H12O3	[M - H2O + H]+	VYKXQOYUCMREIS	InChI=1S/C9H12O3/c1-9-5-3-2-4-6(9)7(10)12-8(9)11/h6H,2-5H2,1H3	Epitope ID:122963	CC12CCCCC1C(=O)OC2=O	1.5	3016472;13054539;71351270;88489536;95054966	NORMAN:(NS00009863);PubChem class - safety and toxic;PubChem:(3016472 13054539 71351270 88489536 95054966);PubMed;CHEBI:(55461)	67371106
82	1	N/A	-306.6017739789761	C9H12O3	[M - H2O + H]+	SDVIYPBSYKHGTP	InChI=1S/C9H12O3/c10-8-6-4-2-1-3-5-7(6)9(11)12-8/h6-7H,1-5H2	1H-Cyclohepta[c]furan-1,3(3aH)-dione, hexahydro-	C1CCC2C(CC1)C(=O)OC2=O	1.70000005	14961728;54300481	PubChem:(14961728 54300481);PubChem class - safety and toxic	67108866
83	1	N/A	-312.52175858533127	C9H12O3	[M - H2O + H]+	YBYTXDYYDLJVKY	InChI=1S/C9H12O3/c1-3-4-5-7-6(2)8(10)12-9(7)11/h4-7H,3H2,1-2H3	null	CCC=CC1C(C(=O)OC1=O)C	1.60000002	101523003;132537413	COCONUT:(CNP0108581);Natural Products:(UNPD37820);PubChem:(101523003 132537413);SuperNatural:(SN00275835)	3178498
84	1	N/A	-315.3621013904851	C9H12O3	[M - H2O + H]+	BHEAKUVYOCUIDH	InChI=1S/C9H12O3/c1-4-5-7-6(2)8(10)9(3,11)12-7/h4-5,11H,1-3H3	null	CC=CC1=C(C(=O)C(O1)(C)O)C	1.10000002	15885505	COCONUT:(CNP0216726);Natural Products:(UNPD49406);PubChem:(15885505);SuperNatural:(SN00289516);PubMed	3178562
85	1	N/A	-316.02756785942574	C9H12O3	[M - H2O + H]+	IUEMXUVDZUDHCF	InChI=1S/C9H12O3/c1-12-9(11)6-2-5-4-8(10)7(5)3-6/h5-7H,2-4H2,1H3	null	COC(=O)C1CC2CC(=O)C2C1	0.300000012	132342112	PubChem:(132342112);PubChem class - safety and toxic	67108866
86	1	N/A	-316.7528361435973	C9H12O3	[M - H2O + H]+	GFWLMILMVMCJDI	InChI=1S/C9H12O3/c10-7-5-9(3-1-2-4-9)6-8(11)12-7/h1-6H2	8-Oxaspiro[4.5]-7,9-decanedione	C1CCC2(C1)CC(=O)OC(=O)C2	1.60000002	79743	MeSH:(79743);PubChem class - safety and toxic;PubChem:(79743);PubMed	67108934
87	1	N/A	-318.243666331072	C9H12O3	[M - H2O + H]+	FKBMTBAXDISZGN	InChI=1S/C9H12O3/c1-5-2-3-6-7(4-5)9(11)12-8(6)10/h5-7H,2-4H2,1H3	1, hexahydro-5-methyl-	CC1CCC2C(C1)C(=O)OC2=O	1.39999998	86876;53803516;53803517;59722415;76961004;76961005;89088914;98043419;98043420;98048165;98048166;122659097;122130050;124632484;124708432	NORMAN:(NS00009296);MeSH:(86876 59722415);PubChem class - safety and toxic;PubChem:(86876 53803516 53803517 59722415 76961004 76961005 89088914 98043419 98043420 98048165 98048166 122659097 122130050 124632484 124708432);PubMed	67371078
88	1	N/A	-323.24245950309006	C9H12O3	[M - H2O + H]+	NLYACRFEAFZTNA	InChI=1S/C9H12O3/c10-9-5-4-8(12-9)7-3-1-2-6-11-7/h4-5,7-8H,1-3,6H2	Thp-furanone	C1CCOC(C1)C2C=CC(=O)O2	1.0	197377;139053221	MeSH:(197377);PubChem:(197377 139053221);PubMed	70
89	1	N/A	-328.7088245998918	C9H12O3	[M - H2O + H]+	OHHCFPNVYBOGQI	InChI=1S/C9H12O3/c10-4-6-3-9-7(1-2-12-9)8(6)5-11/h1-3,7-11H,4-5H2	null	C1=COC2C1C(C(=C2)CO)CO	-0.899999976	10535100;85176345	COCONUT:(CNP0239900);Natural Products:(UNPD27916);PubChem:(10535100 85176345);SuperNatural:(SN00356363)	3178498
90	1	N/A	-337.5524183579363	C9H12O3	[M - H2O + H]+	XRLGHWYZNGYZOW	InChI=1S/C9H12O3/c1-6(10)2-3-7-8(11)4-5-9(7)12/h7H,2-5H2,1H3	2-(3-oxobutyl)cyclopentane-1,3-dione	CC(=O)CCC1C(=O)CCC1=O	-0.300000012	56723776	COCONUT:(CNP0398784);PubChem:(56723776);SuperNatural:(SN00105395);ZINC bio:(ZINC66442571)	3153922
91	1	N/A	-339.2784096868313	C9H12O3	[M - H2O + H]+	MMHXUZUVNFJVET	InChI=1S/C9H12O3/c10-5-7-2-1-6-3-4-12-9(11)8(6)7/h2,6,8,10H,1,3-5H2	null	C1COC(=O)C2C1CC=C2CO	0.0	15768074;10397184	COCONUT:(CNP0307940);Natural Products:(UNPD128440);PubChem:(15768074 10397184);SuperNatural:(SN00345739);MeSH:(10397184);PubMed	3178566
92	1	N/A	-340.7648785233859	C9H12O3	[M - H2O + H]+	FNPVZMDIIRYDGY	InChI=1S/C9H12O3/c1-2-3-7(10)9-4-6(9)5-12-8(9)11/h6H,2-5H2,1H3	null	CCCC(=O)C12CC1COC2=O	1.14574111	""	COCONUT:(CNP0336817)	2097152
93	1	N/A	-345.1267597280368	C9H12O3	[M - H2O + H]+	ZPMJPLRFVUUDDF	InChI=1S/C9H12O3/c1-2-9(10)12-7-8-5-3-4-6-11-8/h2,4,6,8H,1,3,5,7H2	(3,4-Dihydro-2H-pyran-2-yl)methyl acrylate	C=CC(=O)OCC1CCC=CO1	1.70000005	107300;92256116;92256120	PubChem:(107300 92256116 92256120);NORMAN:(NS00048758)	262146
94	1	N/A	-345.1902505626752	C9H12O3	[M - H2O + H]+	SZDUUCCXZRJZRL	InChI=1S/C9H12O3/c1-5-4-7(10)6-2-3-12-9(11)8(5)6/h6-7,10H,2-4H2,1H3	null	CC1=C2C(CCOC2=O)C(C1)O	0.200000003	16104905;44631599	COCONUT:(CNP0355739);Natural Products:(UNPD197971);PubChem:(16104905 44631599)	2129922
95	1	N/A	-346.0491737744322	C9H12O3	[M - H2O + H]+	RKXVEGXHNVBDFB	InChI=1S/C9H12O3/c1-5(2)7(10)9-3-6(9)4-12-8(9)11/h5-6H,3-4H2,1-2H3	null	CC(C)C(=O)C12CC1COC2=O	1.06995702	""	COCONUT:(CNP0297203)	2097152
96	1	N/A	-360.56111868129216	C9H12O3	[M - H2O + H]+	HMFXLRRRGHKBCH	InChI=1S/C9H12O3/c1-2-3-4-6-7(10)5-8(11)9(6)12/h6H,2-5H2,1H3	3-butylcyclopentane-1,2,4-trione	CCCCC1C(=O)CC(=O)C1=O	1.5	39435;98141006;98141007	PubChem:(39435 98141006 98141007);PubChem class - safety and toxic	67108866
97	1	N/A	-361.8859934178515	C9H12O3	[M - H2O + H]+	HZSPPNGQCJIGRP	InChI=1S/C9H12O3/c10-8-6-3-1-4-5(2-3)11-9(12-8)7(4)6/h3-10H,1-2H2	null	C1C2CC3C1C4C2C(OC4O3)O	0.5	25229078;102280056	COCONUT:(CNP0106028);Natural Products:(UNPD434);PubChem:(25229078 102280056);SuperNatural:(SN00363002)	3178498
98	1	N/A	-379.61020178691797	C9H12O3	[M - H2O + H]+	IBJHHTXBSACNEB	InChI=1S/C9H12O3/c1-9(2)3-7(11)6(5-10)8(12)4-9/h5,10H,3-4H2,1-2H3	(4,4-dimethyl-2,6-dioxocyclohexylidene)methanolate	CC1(CC(=O)C(=CO)C(=O)C1)C	1.29999995	4419917;18740294	COCONUT:(CNP0025148);PubChem:(4419917 18740294);SuperNatural:(SN00131395)	3145730
99	1	N/A	-411.0771467386136	C9H12O3	[M - H2O + H]+	DUIFRYBBRGMHII	InChI=1S/C9H12O3/c10-9-3-1-6-2-4-11-8(7(6)9)12-5-9/h1,3,6-8,10H,2,4-5H2	null	C1COC2C3C1C=CC3(CO2)O	-0.100000001	102501956	COCONUT:(CNP0199967);Natural Products:(UNPD215550 UNPD116935);PubChem:(102501956);SuperNatural:(SN00263720)	3178498
1	1	0.12282088573068864	-50.760990868556014	C9H10O2	[M + H]+	GEVILTWPAPSGDK	InChI=1S/C9H10O2/c1-6-7(2)9(11)4-3-8(6)5-10/h3-5,11H,1-2H3	Benzaldehyde, 4-hydroxy-2,3-dimethyl-	CC1=C(C=CC(=C1C)O)C=O	2.12016702	14694998	PubChem:(14694998);PubChem class - safety and toxic	67108866
2	1	N/A	-51.438272829047946	C9H10O2	[M + H]+	PWFKERWVXUISSK	InChI=1S/C9H10O2/c1-6-3-8(5-10)9(11)4-7(6)2/h3-5,11H,1-2H3	2-hydroxy-4,5-dimethylbenzaldehyde	CC1=CC(=C(C=C1C)O)C=O	2.29999995	7172057	PubChem:(7172057);PubChem class - safety and toxic	67108866
3	1	N/A	-59.8313404784477	C9H10O2	[M + H]+	WTHUWXPBPNTSHJ	InChI=1S/C9H10O2/c1-6-3-4-7(2)9(11)8(6)5-10/h3-5,11H,1-2H3	2-hydroxy-3,6-dimethylbenzaldehyde	CC1=C(C(=C(C=C1)C)O)C=O	2.29999995	819297	PubChem class - safety and toxic;PubChem:(819297);KEGG Mine	8657043458
4	1	N/A	-61.555085629251586	C9H10O2	[M + H]+	XXTRGLCPRZQPHJ	InChI=1S/C9H10O2/c1-6-3-8(11)4-7(2)9(6)5-10/h3-5,11H,1-2H3	3,5-Dimethyl-4-formylphenol	CC1=CC(=CC(=C1C=O)C)O	2.12016702	591072	PubChem:(591072);PubChem class - safety and toxic	67108866
5	1	N/A	-74.04078870691215	C9H10O2	[M + H]+	ZFUSOVIZZGBORZ	InChI=1S/C9H10O2/c1-6-4-3-5-8(11)9(6)7(2)10/h3-5,11H,1-2H3	1-(2-Hydroxy-6-methylphenyl)ethanone	CC1=C(C(=CC=C1)O)C(=O)C	2.20000005	11159401	COCONUT:(CNP0305756);Natural Products:(UNPD62770);PubChem:(11159401);SuperNatural:(SN00290049);ZINC bio:(ZINC14488641);PubMed	3186754
6	1	N/A	-74.23163634309962	C9H10O2	[M + H]+	UYGBSRJODQHNLQ	InChI=1S/C9H10O2/c1-6-3-8(5-10)4-7(2)9(6)11/h3-5,11H,1-2H3	zlchem 510	CC1=CC(=CC(=C1O)C)C=O	2.12016702	75222	NORMAN:(NS00027130);COCONUT:(CNP0331607);KNApSAcK:(32638);Natural Products:(UNPD96561);PubChem:(75222);MeSH:(75222);PubChem class - safety and toxic;PubMed	69501014
7	1	N/A	-82.35860220702719	C9H10O2	[M + H]+	IAMNVCJECQWBLZ	InChI=1S/C9H10O2/c1-6-5-8(11)3-4-9(6)7(2)10/h3-5,11H,1-2H3	3-methyl-4-acetylphenol	CC1=C(C=CC(=C1)O)C(=O)C	1.60000002	70133	NORMAN:(NS00039203);COCONUT:(CNP0234659);PubChem:(70133);CHEBI:(87314);PubChem class - safety and toxic;PubMed;KEGG Mine	8659402850
8	1	N/A	-85.85083063955535	C9H10O2	[M + H]+	YNPDFBFVMJNGKZ	InChI=1S/C9H10O2/c1-6-3-4-9(11)8(5-6)7(2)10/h3-5,11H,1-2H3	o-Acetyl-p-cresol	CC1=CC(=C(C=C1)O)C(=O)C	1.72620273	15068;57847865	NORMAN:(NS00021663);COCONUT:(CNP0189333);HMDB:(32592);Natural Products:(UNPD180717);PubChem class - food;PubChem:(15068 57847865);PubChem class - bio and metabolites;PubChem class - safety and toxic;PubMed	220495946
9	1	N/A	-88.50055183361795	C9H10O2	[M + H]+	QLUHWZADTAIBKK	InChI=1S/C9H10O2/c1-7-4-3-5-9(11-2)8(7)6-10/h3-6H,1-2H3	2-methoxy-6-methylbenzaldehyde	CC1=C(C(=CC=C1)OC)C=O	1.70000005	640238	COCONUT:(CNP0303374);Natural Products:(UNPD59812);PubChem:(640238);SuperNatural:(SN00264839);ZINC bio:(ZINC14488699)	3186690
10	1	N/A	-90.25851246687542	C9H10O2	[M + H]+	MYLBIQHZWFWSMH	InChI=1S/C9H10O2/c1-7-5-8(6-10)3-4-9(7)11-2/h3-6H,1-2H3	3-Methyl-4-anisaldehyde	CC1=C(C=CC(=C1)C=O)OC	2.04651833	122936;90049018	NORMAN:(NS00029324);COCONUT:(CNP0009035);PubChem:(122936 90049018);KEGG Mine	8592293890
11	1	N/A	-94.64322407966728	C9H10O2	[M + H]+	LXBHHIZIQVZGFN	InChI=1S/C9H10O2/c1-6-5-8(7(2)10)3-4-9(6)11/h3-5,11H,1-2H3	zlchem 958	CC1=C(C=CC(=C1)C(=O)C)O	1.72620273	70135	NORMAN:(NS00039206);HMDB:(59824);PubChem:(70135);ZINC bio:(ZINC00164888);PubChem class - bio and metabolites;MeSH:(70135);PubChem class - safety and toxic;PubMed;PubChem class - drug;KEGG Mine	8707645518
12	1	N/A	-97.72077571057216	C9H10O2	[M + H]+	CJVIGQCGJUDKOE	InChI=1S/C9H10O2/c1-7-3-4-9(11-2)8(5-7)6-10/h3-6H,1-2H3	2-Methoxy-5-methylbenzaldehyde	CC1=CC(=C(C=C1)OC)C=O	2.04651833	591398	PubChem:(591398);PubChem class - safety and toxic	67108866
13	1	N/A	-98.28667918588366	C9H10O2	[M + H]+	YXOGDBMOFMQLEU	InChI=1S/C9H10O2/c1-2-9(11)7-4-3-5-8(10)6-7/h3-6,10H,2H2,1H3	3''-Hydroxypropiophenone	CCC(=O)C1=CC(=CC=C1)O	1.83582604	83141	NORMAN:(NS00024142);PubChem class - safety and toxic;PubChem:(83141);PubMed	67371074
14	1	N/A	-99.06897449344677	C9H10O2	[M + H]+	TVDHPUFLDYYBPO	InChI=1S/C9H10O2/c1-7-3-4-8(6-10)5-9(7)11-2/h3-6H,1-2H3	3-Methoxy-4-methylbenzaldehyde	CC1=C(C=C(C=C1)C=O)OC	2.04651833	4715095	PubChem:(4715095);PubChem class - safety and toxic	67108866
15	1	N/A	-100.50514783309653	C9H10O2	[M + H]+	VNSQYSFEIBZPHF	InChI=1S/C9H10O2/c1-7-4-3-5-8(6-10)9(7)11-2/h3-6H,1-2H3	2-methoxy-3-methylbenzaldehyde	CC1=C(C(=CC=C1)C=O)OC	1.70000005	6484418	PubChem class - safety and toxic;PubChem:(6484418);KEGG Mine	8657043458
16	1	N/A	-103.64166331003037	C9H10O2	[M + H]+	MFJCFSDSJMSMQK	InChI=1S/C9H10O2/c1-6-3-4-8(7(2)10)5-9(6)11/h3-5,11H,1-2H3	3-hydroxy-4-methylacetophenone	CC1=C(C=C(C=C1)C(=O)C)O	1.72620273	12282261	COCONUT:(CNP0155281);Natural Products:(UNPD74127);PubChem:(12282261);YMDB Mine;ZINC bio:(ZINC14488646)	34361876482
17	1	N/A	-106.7955655380008	C9H10O2	[M + H]+	XZRHNAFEYMSXRG	InChI=1S/C9H10O2/c1-6-3-4-7(2)8(5-6)9(10)11/h3-5H,1-2H3,(H,10,11)	Isoxylic acid	CC1=CC(=C(C=C1)C)C(=O)O	2.20000005	11892;5158281	NORMAN:(NS00034554);COCONUT:(CNP0054256 CNP0331077);Natural Products:(UNPD95829);PubChem:(11892 5158281);SuperNatural:(SN00288428 SN00001195);CHEBI:(64826 64825);ZINC bio:(ZINC00157322);PubChem class - safety and toxic;PubMed;KEGG Mine	8660492386
18	1	N/A	-108.3102848610565	C9H10O2	[M + H]+	LYKDOWJROLHYOT	InChI=1S/C9H10O2/c1-6-3-4-8(7(2)10)9(11)5-6/h3-5,11H,1-2H3	2 -Hydroxy-4 -methylacetophenone	CC1=CC(=C(C=C1)C(=O)C)O	2.20000005	81338;21629318	NORMAN:(NS00036812);COCONUT:(CNP0265619);Natural Products:(UNPD140050);PubChem:(81338 21629318);SuperNatural:(SN00290477);YMDB Mine;ZINC bio:(ZINC00157793);MeSH:(81338);PubChem class - safety and toxic;PubMed	34430296134
19	1	N/A	-116.84228234638229	C9H10O2	[M + H]+	RIZUCYSQUWMQLX	InChI=1S/C9H10O2/c1-6-4-3-5-8(7(6)2)9(10)11/h3-5H,1-2H3,(H,10,11)	hemellitate	CC1=C(C(=CC=C1)C(=O)O)C	2.28711748	11782;6932386	NORMAN:(NS00034348);PubChem:(11782 6932386);CHEBI:(64823 64824);additional;MeSH:(11782 6932386);PubChem class - safety and toxic;PubMed;KEGG Mine	8657829990
20	1	N/A	-118.86379685828491	C9H10O2	[M + H]+	JUIQOKRNPGGIPV	InChI=1S/C9H10O2/c1-3-7-5-8(10)6(2)4-9(7)11/h4-5H,3H2,1-2H3	2,5-Cyclohexadiene-1,4-dione, 2-ethyl-5-methyl-	CCC1=CC(=O)C(=CC1=O)C	1.6706512	15664192	COCONUT:(CNP0227006);Natural Products:(UNPD217443);PubChem:(15664192)	2129922
21	1	N/A	-120.77504300930478	C9H10O2	[M + H]+	BAYUSCHCCGXLAY	InChI=1S/C9H10O2/c1-7(10)8-4-3-5-9(6-8)11-2/h3-6H,1-2H3	3-acetanisole	CC(=O)C1=CC(=CC=C1)OC	1.65255427	11460;10534851;102064512	NORMAN:(NS00020529);COCONUT:(CNP0402576);Natural Products:(UNPD58805);PubChem:(11460 10534851 102064512);SuperNatural:(SN00305301);ZINC bio:(ZINC01692471);PubChem class - safety and toxic;PubMed	70557762
22	1	N/A	-121.07283698810903	C9H10O2	[M + H]+	CPXCDEMFNPKOEF	InChI=1S/C9H10O2/c1-7-4-3-5-8(6-7)9(10)11-2/h3-6H,1-2H3	Methyl 3-toluate	CC1=CC(=CC=C1)C(=O)OC	2.21346879	7435	NORMAN:(NS00040549);COCONUT:(CNP0189828);Natural Products:(UNPD201);PubChem:(7435);SuperNatural:(SN00229005);ZINC bio:(ZINC03875679);MeSH:(7435);PubChem class - safety and toxic;PubMed;KEGG Mine	8660492358
23	1	N/A	-122.22678583299297	C9H10O2	[M + H]+	CFIXBVCCQDUDPW	InChI=1S/C9H10O2/c1-7(11)9-4-2-3-8(5-9)6-10/h2-7,11H,1H3	null	CC(C1=CC=CC(=C1)C=O)O	1.57067466	57522053;102041342;124635695	PubChem:(57522053 102041342 124635695);PubChem class - safety and toxic	67108866
24	1	N/A	-122.6574695511636	C9H10O2	[M + H]+	KDUWXMIHHIVXER	InChI=1S/C9H10O2/c1-2-8(10)7-5-3-4-6-9(7)11/h3-6,11H,2H2,1H3	o-Propiophenol	CCC(=O)C1=CC=CC=C1O	1.83582604	69133;101843222	NORMAN:(NS00003335);PubChem class - safety and toxic;PubChem:(69133 101843222);PubMed	67371074
25	1	N/A	-122.66875567183497	C9H10O2	[M + H]+	BUVQAVHZKJNWBR	InChI=1S/C9H10O2/c1-3-7-6(2)8(10)4-5-9(7)11/h3-5,10-11H,1H2,2H3	null	CC1=C(C=CC(=C1C=C)O)O	2.10331941	53702426	COCONUT:(CNP0119904);Natural Products:(UNPD215256);PubChem:(53702426);PubMed	2129986
26	1	N/A	-124.7493759046083	C9H10O2	[M + H]+	OPVAJFQBSDUNQA	InChI=1S/C9H10O2/c1-6-3-4-8(9(10)11)5-7(6)2/h3-5H,1-2H3,(H,10,11)	3,4-dimethylbenzoate	CC1=C(C=C(C=C1)C(=O)O)C	2.28711748	12073;3699362	HMDB:(2237);SuperNatural:(SN00267081 SN00155743);ZINC bio:(ZINC00098166);additional;MeSH:(12073 3699362);PubMed;NORMAN:(NS00015549);COCONUT:(CNP0032928 CNP0109169);Natural Products:(UNPD36689);PubChem:(12073 3699362);CHEBI:(64820 64818);PubChem class - bio and metabolites;PubChem class - safety and toxic;Training Set;KEGG Mine	8677810286
27	1	N/A	-125.21025416951812	C9H10O2	[M + H]+	UMVOQQDNEYOJOK	InChI=1S/C9H10O2/c1-6-3-7(2)5-8(4-6)9(10)11/h3-5H,1-2H3,(H,10,11)	mesitylenate	CC1=CC(=CC(=C1)C(=O)O)C	2.28711748	10356;6946311;121487914	NORMAN:(NS00031981);COCONUT:(CNP0057677);PubChem:(10356 6946311 121487914);SuperNatural:(SN00001325);CHEBI:(64822 64821);ZINC bio:(ZINC00330139);MeSH:(10356 6946311);PubChem class - safety and toxic;PubMed;KEGG Mine	8660459622
28	1	N/A	-128.16823040395016	C9H10O2	[M + H]+	RZWGTXHSYZGXKF	InChI=1S/C9H10O2/c1-7-4-2-3-5-8(7)6-9(10)11/h2-5H,6H2,1H3,(H,10,11)	2-Tolylacetic acid	CC1=CC=CC=C1CC(=O)O	1.96537805	69519;6946347;101878464	NORMAN:(NS00035699);PubChem:(69519 6946347 101878464);YMDB Mine;ZINC bio:(ZINC00330698);EcoCyc Mine;PubChem class - safety and toxic;PubMed;KEGG Mine	60196921410
29	1	N/A	-130.49501521478413	C9H10O2	[M + H]+	QZMGMXBYJZVAJN	InChI=1S/C9H10O2/c1-2-11-9-5-3-4-8(6-9)7-10/h3-7H,2H2,1H3	3-Ethoxybenzaldehyde	CCOC1=CC=CC(=C1)C=O	1.99418032	89908	NORMAN:(NS00027301);PubChem class - safety and toxic;PubChem:(89908);PubMed;ZINC bio:(ZINC00163359)	67379266
30	1	N/A	-130.71743954217453	C9H10O2	[M + H]+	QIXDHVDGPXBRRD	InChI=1S/C9H10O2/c1-5-4-8(10)6(2)7(3)9(5)11/h4H,1-3H3	Cumoquinone	CC1=CC(=O)C(=C(C1=O)C)C	1.57577133	70291;135332033	NORMAN:(NS00039575);COCONUT:(CNP0313155);Natural Products:(UNPD71621);PubChem:(70291 135332033);SuperNatural:(SN00236442);PubChem class - safety and toxic;PubMed	70549570
31	1	N/A	-132.15087753800432	C9H10O2	[M + H]+	WBVRPJQJBNAXEF	InChI=1S/C9H10O2/c1-6-3-4-8(10)9(11)5-7(6)2/h3-5H,1-2H3,(H,10,11)	2-hydroxy-5,6-dimethylcyclohepta-2,4,6-trien-1-one	CC1=CC=C(C(=O)C=C1C)O	1.29999995	2755157	COCONUT:(CNP0120086);PubChem:(2755157);SuperNatural:(SN00127734);ZINC bio:(ZINC03851574)	3153922
32	1	N/A	-132.82141489830448	C9H10O2	[M + H]+	MDXYNRAMDATLBT	InChI=1S/C9H10O2/c1-2-3-7-4-5-8(10)9(11)6-7/h2-6,10-11H,1H3	1,2-Benzenediol, 4-(1-propenyl)-	CC=CC1=CC(=C(C=C1)O)O	1.98581016	11768740;53399196;67919245	COCONUT:(CNP0370461);Natural Products:(UNPD48761);PubChem:(11768740 53399196 67919245);SuperNatural:(SN00291992);YMDB Mine;PubMed;KEGG Mine	42952851522
33	1	N/A	-133.53198618241152	C9H10O2	[M + H]+	YUNQCBQEPWAQCZ	InChI=1S/C9H10O2/c1-2-3-7-4-5-8(10)6-9(7)11/h2-6,10-11H,1H3	4-[(E)-prop-1-enyl]benzene-1,3-diol	CC=CC1=C(C=C(C=C1)O)O	2.20000005	19910339;54241034;67918699	COCONUT:(CNP0287059);Natural Products:(UNPD1692);PubChem:(19910339 54241034 67918699);SuperNatural:(SN00367294);KEGG Mine	8593113090
34	1	N/A	-133.99229410402228	C9H10O2	[M + H]+	VWMVAQHMFFZQGD	InChI=1S/C9H10O2/c1-7(10)6-8-2-4-9(11)5-3-8/h2-5,11H,6H2,1H3	4-Hydroxyphenylacetone	CC(=O)CC1=CC=C(C=C1)O	1.40446329	7019274	COCONUT:(CNP0263134);Natural Products:(UNPD77857);PubChem:(7019274);ZINC bio:(ZINC02558108);EcoCyc Mine;MeSH:(7019274);PubChem class - safety and toxic;PubMed;KEGG Mine	25839050822
35	1	N/A	-134.20298792254619	C9H10O2	[M + H]+	RARSHUDCJQSEFJ	InChI=1S/C9H10O2/c1-2-9(11)7-3-5-8(10)6-4-7/h3-6,10H,2H2,1H3	Bio-fren	CCC(=O)C1=CC=C(C=C1)O	1.83582604	6271;14258468	ZINC bio:(ZINC00001890);additional;MeSH:(6271);PubMed;NORMAN:(NS00003309);COCONUT:(CNP0353024);Natural Products:(UNPD72441);PubChem:(6271 14258468);CHEBI:(32352);KEGG:(C13342);PubChem class - safety and toxic;Biocyc:(CPD-16871)	70035814
36	1	N/A	-134.44549567071252	C9H10O2	[M + H]+	CMBANAGVBLPIPT	InChI=1S/C9H10O2/c1-3-7-6(2)8(10)4-5-9(7)11/h4-5H,3H2,1-2H3	2,5-Cyclohexadiene-1,4-dione, 2-ethyl-3-methyl-	CCC1=C(C(=O)C=CC1=O)C	1.6706512	21521488	COCONUT:(CNP0115905);MeSH:(21521488);Natural Products:(UNPD209595);PubChem:(21521488);PubMed	2129990
37	1	N/A	-136.28446847959125	C9H10O2	[M + H]+	JRHHJNMASOIRDS	InChI=1S/C9H10O2/c1-2-11-9-5-3-8(7-10)4-6-9/h3-7H,2H2,1H3	Homoanisaldehyde	CCOC1=CC=C(C=C1)C=O	1.99418032	24834	NORMAN:(NS00012359);COCONUT:(CNP0125855);HMDB:(33970);Natural Products:(UNPD81894);PubChem class - food;PubChem:(24834);SuperNatural:(SN00264375);ZINC bio:(ZINC00157145);PubChem class - bio and metabolites;PubChem class - safety and toxic;PubMed	221552714
38	1	N/A	-136.63213379136738	C9H10O2	[M + H]+	HCVOPFJFJCPIPT	InChI=1S/C9H10O2/c1-7(10)5-8-3-2-4-9(11)6-8/h2-4,6,11H,5H2,1H3	Ambap64479-84-1	CC(=O)CC1=CC(=CC=C1)O	1.40446329	3017523	NORMAN:(NS00053136);PubChem:(3017523);KEGG Mine	8590196738
39	1	N/A	-137.18570766669208	C9H10O2	[M + H]+	OTGAHJPFNKQGAE	InChI=1S/C9H10O2/c1-7-4-3-5-9(6-7)11-8(2)10/h3-6H,1-2H3	Cresatin	CC1=CC(=CC=C1)OC(=O)C	2.2484045	67406	SuperNatural:(SN00011030);ZINC bio:(ZINC04284473);additional;MeSH:(67406);PubMed;NORMAN:(NS00012122);COCONUT:(CNP0423566);PubChem:(67406);YMDB Mine;CHEBI:(134772);Training Set;PubChem class - drug;KEGG Mine	42987184230
40	1	N/A	-137.68366132284334	C9H10O2	[M + H]+	HCBHQDKBSKYGCK	InChI=1S/C9H10O2/c1-6-4-3-5-7(2)8(6)9(10)11/h3-5H,1-2H3,(H,10,11)	zlchem 286	CC1=C(C(=CC=C1)C)C(=O)O	2.28711748	12439;10654400;6946754;71777152;88949374;101390626;101390628;121487908	NORMAN:(NS00035396);COCONUT:(CNP0362277);PubChem:(12439 10654400 6946754 71777152 88949374 101390626 101390628 121487908);SuperNatural:(SN00001332);CHEBI:(64828 64827);ZINC bio:(ZINC00335492);PubChem class - safety and toxic;PubMed;KEGG Mine	8660459618
41	1	N/A	-138.54003051268518	C9H10O2	[M + H]+	AMQRNDIFPLIQBP	InChI=1S/C9H10O2/c10-6-2-4-8-3-1-5-9(11)7-8/h1,3,5-7,11H,2,4H2	3-(3-Hydroxyphenyl)propanal	C1=CC(=CC(=C1)O)CCC=O	1.76426315	14995208	HMDB:(135278);PubChem:(14995208);PubChem class - bio and metabolites	16777226
42	1	N/A	-139.07181295750468	C9H10O2	[M + H]+	BQWQTLKHBHLJAQ	InChI=1S/C9H10O2/c1-11-7-9-4-2-3-8(5-9)6-10/h2-6H,7H2,1H3	3-(methoxymethyl)benzaldehyde	COCC1=CC(=CC=C1)C=O	1.52788198	12245623	PubChem:(12245623);PubChem class - safety and toxic	67108866
43	1	N/A	-140.2517805297332	C9H10O2	[M + H]+	WLVPRARCUSRDNI	InChI=1S/C9H10O2/c1-7(10)9(11)8-5-3-2-4-6-8/h2-7,10H,1H3	alpha-hydroxypropiophenone	CC(C(=O)C1=CC=CC=C1)O	1.39999998	101121;10130043;11804935	NORMAN:(NS00046783);PubChem:(101121 10130043 11804935);CHEBI:(63553);ZINC bio:(ZINC01594729 ZINC06035988);Plantcyc:(CPD-15061);PubMed;Biocyc:(CPD-15061);KEGG Mine	8590338146
44	1	N/A	-142.03108375082252	C9H10O2	[M + H]+	DWPLEOPKBWNPQV	InChI=1S/C9H10O2/c1-7(10)8-5-3-4-6-9(8)11-2/h3-6H,1-2H3	o-Acetanisole	CC(=O)C1=CC=CC=C1OC	1.65255427	68481;102064513	NORMAN:(NS00022412);COCONUT:(CNP0231240);HMDB:(32569);PubChem:(68481 102064513);ZINC bio:(ZINC01602584);PubChem class - bio and metabolites;MeSH:(68481);PubChem class - safety and toxic;PubMed	86253646
45	1	N/A	-142.11721686274285	C9H10O2	[M + H]+	DUVJMSPTZMCSTQ	InChI=1S/C9H10O2/c1-2-11-9-6-4-3-5-8(9)7-10/h3-7H,2H2,1H3	o-Ethoxybenzaldehyde	CCOC1=CC=CC=C1C=O	1.99418032	11950	NORMAN:(NS00034661);COCONUT:(CNP0187800);Natural Products:(UNPD3694);PubChem:(11950);SuperNatural:(SN00297675);ZINC bio:(ZINC00156749);PubChem class - safety and toxic;PubMed	70557762
46	1	N/A	-143.18275976351205	C9H10O2	[M + H]+	VKQKGJHUFQGOIX	InChI=1S/C9H10O2/c1-11-9-5-3-2-4-8(9)6-7-10/h2-5,7H,6H2,1H3	2-(2-methoxyphenyl)ethanal	COC1=CC=CC=C1CC=O	1.72477901	269548	PubChem:(269548);PubChem class - safety and toxic	67108866
47	1	N/A	-143.18435938196436	C9H10O2	[M + H]+	FXEIWOUGVRUQNK	InChI=1S/C9H10O2/c1-3-7-4-5-9(11-2)8(10)6-7/h3-6,10H,1H2,2H3	null	COC1=C(C=C(C=C1)C=C)O	2.02967095	10441857	COCONUT:(CNP0342720);Natural Products:(UNPD104370);PubChem:(10441857);PubMed;KEGG Mine	8592064578
48	1	N/A	-143.24830699667322	C9H10O2	[M + H]+	BKYWPNROPGQIFZ	InChI=1S/C9H10O2/c1-6-3-4-8(9(10)11)7(2)5-6/h3-5H,1-2H3,(H,10,11)	2,4-dimethylbenzoate	CC1=CC(=C(C=C1)C(=O)O)C	2.28711748	11897;6950159	NORMAN:(NS00034568);COCONUT:(CNP0242042);PubChem:(11897 6950159);SuperNatural:(SN00001374);CHEBI:(64812 64811);ZINC bio:(ZINC00388239);MeSH:(11897);PubChem class - safety and toxic;YMDB:(2315);PubMed;KEGG Mine	8660525158
49	1	N/A	-143.89981299137173	C9H10O2	[M + H]+	WVWZECQNFWFVFW	InChI=1S/C9H10O2/c1-7-5-3-4-6-8(7)9(10)11-2/h3-6H,1-2H3	Methyl o-toluate	CC1=CC=CC=C1C(=O)OC	2.21346879	33094	NORMAN:(NS00039340);PubChem class - safety and toxic;PubChem:(33094);PubMed;KEGG Mine	8657305666
50	1	N/A	-144.48650684630448	C9H10O2	[M + H]+	PKDCAGDBZNELSK	InChI=1S/C9H10O2/c1-2-7-3-5-8(10)9(11)6-4-7/h3-6H,2H2,1H3,(H,10,11)	null	CCC1=CC=C(C(=O)C=C1)O	1.6115582	101409091	COCONUT:(CNP0121485);Natural Products:(UNPD78731);PubChem:(101409091);SuperNatural:(SN00383402)	3178498
51	1	N/A	-145.1216177206442	C9H10O2	[M + H]+	FDIWLEOZUNUOCT	InChI=1S/C9H10O2/c10-7-3-5-8-4-1-2-6-9(8)11/h1-6,10-11H,7H2	Phenol, 2-(3-hydroxy-1-propenyl)-	C1=CC=C(C(=C1)C=CCO)O	1.29999995	12292573;10898863;53793305	HMDB:(134027);PubChem:(12292573 10898863 53793305);KEGG Mine;PubChem class - bio and metabolites	8606711818
52	1	N/A	-145.39311344963042	C9H10O2	[M + H]+	NFNOAHXEQXMCGT	InChI=1S/C9H10O2/c10-6-7-11-8-9-4-2-1-3-5-9/h1-6H,7-8H2	ACMC-20ahpl	C1=CC=C(C=C1)COCC=O	1.10000002	108989;12465780;59317348;58475015;87402022	NORMAN:(NS00034422);PubChem class - safety and toxic;PubChem:(108989 12465780 59317348 58475015 87402022);PubMed	67371074
53	1	N/A	-145.48203336889043	C9H10O2	[M + H]+	PQCFUZMQHVIOSM	InChI=1S/C9H10O2/c10-7-6-9(11)8-4-2-1-3-5-8/h1-5,10H,6-7H2	3-Hydroxypropiophenone	C1=CC=C(C=C1)C(=O)CCO	1.31718957	569605	MeSH:(569605);PubChem:(569605);PubMed;PubChem class - bio and metabolites	16777286
54	1	N/A	-145.51369451144757	C9H10O2	[M + H]+	ZBFFNPODXBJBPW	InChI=1S/C9H10O2/c1-7(10)9(11)8-5-3-2-4-6-8/h2-6,9,11H,1H3	Phenylacetylcarbinol	CC(=O)C(C1=CC=CC=C1)O	1.0	92733;9815225;9920426;101264468	NORMAN:(NS00003919);PubChem:(92733 9815225 9920426 101264468);MeSH:(92733);PubChem class - safety and toxic;PubMed;KEGG Mine	8657305670
55	1	N/A	-146.72878425063456	C9H10O2	[M + H]+	HPSRCRQFUTWGJS	InChI=1S/C9H10O2/c1-8-4-2-3-5-9(8)6-11-7-10/h2-5,7H,6H2,1H3	(2-methylphenyl)methyl formate	CC1=CC=CC=C1COC=O	2.0	2753149	COCONUT:(CNP0058741);PubChem:(2753149);SuperNatural:(SN00126246);ZINC bio:(ZINC03848394);KEGG Mine	8593088514
56	1	N/A	-147.75475779131696	C9H10O2	[M + H]+	AMZORBZSQRUXNC	InChI=1S/C9H10O2/c1-7-5-3-4-6-9(7)11-8(2)10/h3-6H,1-2H3	Tolyl acetate	CC1=CC=CC=C1OC(=O)C	2.2484045	10778	HMDB:(32073);PubChem class - food;ZINC bio:(ZINC01095311);MeSH:(10778);PubMed;NORMAN:(NS00012123);COCONUT:(CNP0420473);Natural Products:(UNPD63918);PubChem:(10778);YMDB Mine;PubChem class - bio and metabolites;KEGG Mine	43103068238
57	1	N/A	-148.261100361348	C9H10O2	[M + H]+	DLIYAKCMSBOEGO	InChI=1S/C9H10O2/c10-6-2-4-8-3-1-5-9(11)7-8/h1-5,7,10-11H,6H2	null	C1=CC(=CC(=C1)O)C=CCO	1.4671737	12641156;53766065;131404823	HMDB:(135280);PubChem:(12641156 53766065 131404823);KEGG Mine;PubChem class - bio and metabolites	8606711818
58	1	N/A	-149.06279976466433	C9H10O2	[M + H]+	QUKGYYKBILRGFE	InChI=1S/C9H10O2/c1-8(10)11-7-9-5-3-2-4-6-9/h2-6H,7H2,1H3	benzyl-acetate	CC(=O)OCC1=CC=CC=C1	1.72976816	8785;10796927;12205930;12205931;12205933;13905352;101161868;119077188	HMDB:(31310);PubChem class - food;SuperNatural:(SN00155763);ZINC bio:(ZINC00157134);additional;HSDB:(140-11-4);MeSH:(8785);Plantcyc:(CPD-6501);PubMed;NORMAN:(NS00002107);COCONUT:(CNP0361944);KNApSAcK:(35535);Natural Products:(UNPD118698);PubChem:(8785 10796927 12205930 12205931 12205933 13905352 101161868 119077188);CHEBI:(52051);PubChem class - bio and metabolites;KEGG:(C15513);PubChem class - safety and toxic;Biocyc:(CPD-6501)	222210942
59	1	N/A	-149.45378924154687	C9H10O2	[M + H]+	CDJJKTLOZJAGIZ	InChI=1S/C9H10O2/c1-7-3-5-9(6-4-7)11-8(2)10/h3-6H,1-2H3	Narceol	CC1=CC=C(C=C1)OC(=O)C	2.2484045	8797	HMDB:(32075);PubChem class - food;SuperNatural:(SN00155840);ZINC bio:(ZINC00409286);MeSH:(8797);PubMed;NORMAN:(NS00006727);COCONUT:(CNP0227103);Natural Products:(UNPD113259);PubChem:(8797);YMDB Mine;CHEBI:(9627);PubChem class - bio and metabolites;KEGG:(C01963);PubChem class - safety and toxic	34581291374
60	1	N/A	-150.41995586237223	C9H10O2	[M + H]+	GXXXUZIRGXYDFP	InChI=1S/C9H10O2/c1-7-2-4-8(5-3-7)6-9(10)11/h2-5H,6H2,1H3,(H,10,11)	Tolylacetic acid	CC1=CC=C(C=C1)CC(=O)O	1.96537805	248474;7014866;101878466;117627701	NORMAN:(NS00034976);PubChem:(248474 7014866 101878466 117627701);YMDB Mine;ZINC bio:(ZINC02504407);additional;EcoCyc Mine;PubChem class - safety and toxic;PubMed;KEGG Mine	60197445698
61	1	N/A	-152.2922923984457	C9H10O2	[M + H]+	NGXPBXCMBMHKRQ	InChI=1S/C9H10O2/c10-7-9(11)6-8-4-2-1-3-5-8/h1-5,7,9,11H,6H2	2-hydroxy-3-phenylpropanal	C1=CC=C(C=C1)CC(C=O)O	1.10000002	10964677;17761584;87068877	HMDB:(135276);PubChem:(10964677 17761584 87068877);KEGG Mine;PubChem class - bio and metabolites	8606711818
62	1	N/A	-152.54874139734864	C9H10O2	[M + H]+	JYUMPCCBZLRYNV	InChI=1S/C9H10O2/c1-3-7-4-8(10)6-9(5-7)11-2/h3-6,10H,1H2,2H3	3-ethenyl-5-methoxyphenol	COC1=CC(=CC(=C1)O)C=C	2.29999995	20872618	HMDB:(125532);PubChem:(20872618);KEGG Mine;PubChem class - bio and metabolites	8606711818
63	1	N/A	-153.05427593080864	C9H10O2	[M + H]+	CGMMPMYKMDITEA	InChI=1S/C9H10O2/c1-2-7-5-3-4-6-8(7)9(10)11/h3-6H,2H2,1H3,(H,10,11)	2-ethylbenzoate	CCC1=CC=CC=C1C(=O)O	2.25295305	34170;6950861	PubChem class - safety and toxic;PubChem:(34170 6950861);PubMed;KEGG Mine	8657043522
64	1	N/A	-153.52562555868496	C9H10O2	[M + H]+	GVJHMXWXZBNGRQ	InChI=1S/C9H10O2/c10-7-3-5-8-4-1-2-6-9(8)11/h1-2,4,6-7,11H,3,5H2	3-(2-hydroxyphenyl)propanal	C1=CC=C(C(=C1)CCC=O)O	1.76426315	10419351	HMDB:(134026);PubChem:(10419351);PubChem class - bio and metabolites	16777226
65	1	N/A	-154.65086848539508	C9H10O2	[M + H]+	REEQXZCFSBLNDH	InChI=1S/C9H10O2/c10-7-1-2-8-3-5-9(11)6-4-8/h3-7,11H,1-2H2	Benzenepropanal,4-hydroxy-	C1=CC(=CC=C1CCC=O)O	1.76426315	11957427	COCONUT:(CNP0088339);HMDB:(135279);PubChem:(11957427);SuperNatural:(SN00159663);CHEBI:(80671);ZINC bio:(ZINC19682852);PubChem class - bio and metabolites;KEGG:(C16706)	19931434
66	1	N/A	-155.84139039387424	C9H10O2	[M + H]+	NTPLXRHDUXRPNE	InChI=1S/C9H10O2/c1-7(10)8-3-5-9(11-2)6-4-8/h3-6H,1-2H3	Novatone	CC(=O)C1=CC=C(C=C1)OC	1.65255427	7476;10511048;13001526;72735665;85837329;102064511;122216512;139244496	HMDB:(32570);PubChem class - food;SuperNatural:(SN00043585);ZINC bio:(ZINC00157405);additional;HSDB:(100-06-1);MeSH:(7476);PubMed;NORMAN:(NS00006071);COCONUT:(CNP0278778);Natural Products:(UNPD143444);PubChem:(7476 10511048 13001526 72735665 85837329 102064511 122216512 139244496);CHEBI:(86567);PubChem class - bio and metabolites;PubChem class - safety and toxic;Training Set;KEGG Mine	8812028526
67	1	N/A	-156.02442708371078	C9H10O2	[M + H]+	PTNLHDGQWUGONS	InChI=1S/C9H10O2/c10-7-1-2-8-3-5-9(11)6-4-8/h1-6,10-11H,7H2	bmse000592	C1=CC(=CC=C1C=CCO)O	1.29999995	94274;5280535;10898896;11521112;11535595;12641150;11105620;16109933	HMDB:(3654 135644);SuperNatural:(SN00156126 SN00278545);ZINC bio:(ZINC01529484 ZINC13520456);additional;MeSH:(94274 5280535);Plantcyc:(COUMARYL-ALCOHOL);PubMed;COCONUT:(CNP0243646);KNApSAcK:(31420);Natural Products:(UNPD169879 UNPD228731 UNPD156043);PubChem:(94274 5280535 10898896 11521112 11535595 12641150 11105620 16109933);CHEBI:(64555 28386);PubChem class - bio and metabolites;KEGG:(C02646);PubChem class - safety and toxic;Training Set;Biocyc:(COUMARYL-ALCOHOL)	87746942
68	1	N/A	-156.49334326056032	C9H10O2	[M + H]+	PARWTEYYJSDGQM	InChI=1S/C9H10O2/c1-2-4-7-5-3-6-8(10)9(7)11/h2-3,5-6,10-11H,1,4H2	Enamine_000971	C=CCC1=C(C(=CC=C1)O)O	2.29999995	292101	COCONUT:(CNP0228309);PubChem:(292101);SuperNatural:(SN00047692);ZINC bio:(ZINC00525547);MeSH:(292101);PubMed	3153990
69	1	N/A	-157.01446633463488	C9H10O2	[M + H]+	HLZZDTVXNYNFKH	InChI=1S/C9H10O2/c1-9(6-4-8-11)5-2-3-7-10/h2-8H,1H3	(2E,4E,6E)-4-methylocta-2,4,6-trienedial	CC(=CC=CC=O)C=CC=O	1.29999995	44224057	COCONUT:(CNP0179578);PubChem:(44224057);CHEBI:(53176);PubChem class - bio and metabolites;KEGG:(C20697);Plantcyc:(CPD-13370);PubMed;Biocyc:(CPD-13370);KEGG Mine	8608942434
70	1	N/A	-157.0236009945623	C9H10O2	[M + H]+	YOMSJEATGXXYPX	InChI=1S/C9H10O2/c1-3-7-4-5-8(10)9(6-7)11-2/h3-6,10H,1H2,2H3	Allspice	COC1=C(C=CC(=C1)C=C)O	2.02967095	332;139026123	HMDB:(13744);PubChem class - food;SuperNatural:(SN00156511);ZINC bio:(ZINC01849800);additional;MeSH:(332);Plantcyc:(CPD-1072);PubMed;NORMAN:(NS00005168);COCONUT:(CNP0357819);KNApSAcK:(29546);Natural Products:(UNPD42611);PubChem:(332 139026123);CHEBI:(42438);PubChem class - bio and metabolites;EcoCyc Mine;KEGG:(C17883);PubChem class - safety and toxic;YMDB:(1624);Training Set;Biocyc:(CPD-1072)	17402161534
71	1	N/A	-161.66578703546477	C9H10O2	[M + H]+	GJMPSRSMBJLKKB	InChI=1S/C9H10O2/c1-7-3-2-4-8(5-7)6-9(10)11/h2-5H,6H2,1H3,(H,10,11)	3-Tolylacetate	CC1=CC(=CC=C1)CC(=O)O	1.96537805	12121;6951344;101878465	HMDB:(2222);ZINC bio:(ZINC00404470);additional;PubMed;NORMAN:(NS00034931);COCONUT:(CNP0296551);PubChem:(12121 6951344 101878465);YMDB Mine;CHEBI:(88356);PubChem class - bio and metabolites;EcoCyc Mine;PubChem class - safety and toxic;KEGG Mine	60216320106
72	1	N/A	-161.8835119646762	C9H10O2	[M + H]+	KWNAUDMYKHHEOA	InChI=1S/C9H10O2/c1-8-2-4-9(5-3-8)11-7-6-10/h2-6H,7H2,1H3	p-Cresoxyacetaldehyde	CC1=CC=C(C=C1)OCC=O	1.79999995	105764	NORMAN:(NS00012968);PubChem class - safety and toxic;PubChem:(105764)	67371010
73	1	N/A	-163.0795042844488	C9H10O2	[M + H]+	IXVJBUVOOUSBJO	InChI=1S/C9H10O2/c10-7-1-3-8(4-2-7)11-9-5-6-9/h1-4,9-10H,5-6H2	null	C1CC1OC2=CC=C(C=C2)O	2.0999999	72221095	PubChem:(72221095);PubChem class - safety and toxic	67108866
74	1	N/A	-164.0417980147099	C9H10O2	[M + H]+	NRIVMXXOUOBRAG	InChI=1S/C9H10O2/c1-11-9-4-2-8(3-5-9)6-7-10/h2-5,7H,6H2,1H3	2-(4-methoxyphenyl)ethanal	COC1=CC=C(C=C1)CC=O	1.72477901	79782	NORMAN:(NS00022399);COCONUT:(CNP0207724);Natural Products:(UNPD106272);PubChem class - food;PubChem:(79782);SuperNatural:(SN00257444);ZINC bio:(ZINC02581183);EcoCyc Mine;PubMed;KEGG Mine	25907470402
75	1	N/A	-164.25085782296605	C9H10O2	[M + H]+	NBHAZVWKRHTWRW	InChI=1S/C9H10O2/c1-2-3-7-6-8(10)4-5-9(7)11/h4-6H,2-3H2,1H3	2,5-Cyclohexadiene-1,4-dione, 2-propyl-	CCCC1=CC(=O)C=CC1=O	1.76553094	15137041	COCONUT:(CNP0227837);Natural Products:(UNPD170180);PubChem:(15137041);SuperNatural:(SN00365223)	3178498
76	1	N/A	-166.7193755519137	C9H10O2	[M + H]+	UGNPXYBKDPBTAZ	InChI=1S/C9H10O2/c1-2-9(11)7-3-5-8(10)6-4-7/h2-6,9-11H,1H2	4-(1-hydroxyprop-2-enyl)phenol	C=CC(C1=CC=C(C=C1)O)O	1.5	14018450;45082905;92466577	COCONUT:(CNP0280373);Natural Products:(UNPD44540 UNPD150603);PubChem:(14018450 45082905 92466577);SuperNatural:(SN00256227 SN00380383);ZINC bio:(ZINC14505071 ZINC14505074);PubMed;KEGG Mine	8593121346
77	1	N/A	-167.64010718534198	C9H10O2	[M + H]+	GSXXASFBNUNZBP	InChI=1S/C9H10O2/c10-7-6-9(11)8-4-2-1-3-5-8/h1-5,7,9,11H,6H2	null	C1=CC=C(C=C1)C(CC=O)O	0.5	12224096;12224097;13061659	HMDB:(135277);PubChem:(12224096 12224097 13061659);YMDB Mine;PubChem class - bio and metabolites;PubMed;KEGG Mine	42966450250
78	1	N/A	-169.14278400475317	C9H10O2	[M + H]+	VXUCMXVCGIAHHR	InChI=1S/C9H10O2/c1-2-3-7-4-5-8(10)6-9(7)11/h2,4-6,10-11H,1,3H2	1,3-Benzenediol, 4-(2-propenyl)-	C=CCC1=C(C=C(C=C1)O)O	2.06915522	13898113	COCONUT:(CNP0329689);Natural Products:(UNPD93897);PubChem:(13898113);SuperNatural:(SN00379944);ZINC bio:(ZINC14680037);PubMed;KEGG Mine	8593121346
79	1	N/A	-170.58914535528262	C9H10O2	[M + H]+	RUDZCBJWUDOPTP	InChI=1S/C9H10O2/c1-8(11-7-10)9-5-3-2-4-6-9/h2-8H,1H3	Styralyl formate	CC(C1=CC=CC=C1)OC=O	2.0	346286;76963066;76963067	NORMAN:(NS00045795);COCONUT:(CNP0002788);HMDB:(37715);PubChem class - food;PubChem:(346286 76963066 76963067);PubChem class - bio and metabolites	153354250
80	1	N/A	-170.94524145760263	C9H10O2	[M + H]+	MTZQAGJQAFMTAQ	InChI=1S/C9H10O2/c1-2-11-9(10)8-6-4-3-5-7-8/h3-7H,2H2,1H3	Benzoic ether	CCOC(=O)C1=CC=CC=C1	2.16113091	7165;12201047;12201048;12201053;11240586;46938983;131844334	HMDB:(33967);PubChem class - food;SuperNatural:(SN00155830);ZINC bio:(ZINC00404389);additional;PubMed;NORMAN:(NS00008338);COCONUT:(CNP0341969);Natural Products:(UNPD61328);PubChem:(7165 12201047 12201048 12201053 11240586 46938983 131844334);PubChem class - bio and metabolites;PubChem class - safety and toxic;Training Set	222093386
81	1	N/A	-171.5362778295267	C9H10O2	[M + H]+	XMIIGOLPHOKFCH	InChI=1S/C9H10O2/c10-9(11)7-6-8-4-2-1-3-5-8/h1-5H,6-7H2,(H,10,11)	bmse000675	C1=CC=C(C=C1)CCC(=O)O	1.93121374	107;3826083;4740700;10678437;12008841;10820731;12216214;12216216;12216217;12216218;12216221;10012096;11263609;16213357;54477072;54477073;71308833;88211622;88212834;90471739;101356082;100943780;123300332;123695614	HMDB:(764);PubChem class - food;SuperNatural:(SN00117446 SN00249518);ZINC bio:(ZINC00154564);additional;MeSH:(107 4740700);Plantcyc:(3-PHENYLPROPIONATE);PubMed;NORMAN:(NS00002042);COCONUT:(CNP0082808 CNP0298094);Natural Products:(UNPD169043);PubChem:(107 3826083 4740700 10678437 12008841 10820731 12216214 12216216 12216217 12216218 12216221 10012096 11263609 16213357 54477072 54477073 71308833 88211622 88212834 90471739 101356082 100943780 123300332 123695614);YMDB Mine;CHEBI:(28631 51057);PubChem class - bio and metabolites;KEGG:(C05629);PubChem class - safety and toxic;Biocyc:(3-PHENYLPROPIONATE)	34581948782
82	1	N/A	-171.63463964707626	C9H10O2	[M + H]+	DVWDTZYSDQYULE	InChI=1S/C9H10O2/c1-6(2)5-7-8(10)3-4-9(7)11/h3-6H,1-2H3	null	CC(C)C=C1C(=O)C=CC1=O	1.60000002	76328525	COCONUT:(CNP0423178);PubChem:(76328525);PubMed	2097218
83	1	N/A	-173.51358084340407	C9H10O2	[M + H]+	FHEHIXJLCWUPCZ	InChI=1S/C9H10O2/c1-2-3-7-4-5-8(10)9(11)6-7/h2,4-6,10-11H,1,3H2	4-allylcatechol	C=CCC1=CC(=C(C=C1)O)O	2.06915522	70775	HMDB:(135239);SuperNatural:(SN00001634);ZINC bio:(ZINC00586482);MeSH:(70775);PubMed;COCONUT:(CNP0278721);KNApSAcK:(44457);Natural Products:(UNPD20918);PubChem:(70775);YMDB Mine;PubChem class - bio and metabolites;PubChem class - safety and toxic;KEGG Mine	43036745822
84	1	N/A	-176.57403781112288	C9H10O2	[M + H]+	TUCYOPUMAOACER	InChI=1S/C9H10O2/c10-9-6-5-7-3-1-2-4-8(7)11-9/h5-6H,1-4H2	5,7-dihydrocoumarin	C1CCC2=C(C1)C=CC(=O)O2	1.5	3964390	COCONUT:(CNP0079762);PubChem:(3964390);SuperNatural:(SN00132409);PubMed;ZINC bio:(ZINC09679106)	3153986
85	1	N/A	-177.42361335892392	C9H10O2	[M + H]+	XCJWKDZITVFRQJ	InChI=1S/C9H10O2/c10-7-2-3-8-6(5-7)1-4-9(8)11/h2-3,5,9-11H,1,4H2	Indan-1,5-diol	C1CC2=C(C1O)C=CC(=C2)O	1.10000002	3015955;71600336;86312503;86312504	NORMAN:(NS00057730);PubChem:(3015955 71600336 86312503 86312504);KEGG Mine	8590196738
86	1	N/A	-178.55106311014876	C9H10O2	[M + H]+	YPGCWEMNNLXISK	InChI=1S/C9H10O2/c1-7(9(10)11)8-5-3-2-4-6-8/h2-7H,1H3,(H,10,11)	phenylpropionate	CC(C1=CC=CC=C1)C(=O)O	1.85542953	10296;446626;2724622;5249702;12100581;11309603;11984150;22851226;41097325;88011613;88114684;101178527;101178528;101178529;100986053;101938670;135012567	HMDB:(11743);PubChem class - food;SuperNatural:(SN00268252 SN00333112);ZINC bio:(ZINC00391877 ZINC00391878);additional;MeSH:(10296);Plantcyc:(CPD-19608);PubMed;NORMAN:(NS00006882);COCONUT:(CNP0076116 CNP0224074);Natural Products:(UNPD60733 UNPD20393);PubChem:(10296 446626 2724622 5249702 12100581 11309603 11984150 22851226 41097325 88011613 88114684 101178527 101178528 101178529 100986053 101938670 135012567);CHEBI:(48527 43035 48526);PubChem class - bio and metabolites;EcoCyc Mine;PubChem class - safety and toxic;Biocyc:(CPD-19608);KEGG Mine	25992013934
87	1	N/A	-179.10718026870788	C9H10O2	[M + H]+	XNXNPJAZZGQZRD	InChI=1S/C9H10O2/c10-8-2-1-6-3-9(11)5-7(6)4-8/h1-2,4,9-11H,3,5H2	1H-Indene-2,5-diol, 2,3-dihydro-	C1C(CC2=C1C=CC(=C2)O)O	1.20000005	21555042	PubChem:(21555042);PubChem class - safety and toxic	67108866
88	1	N/A	-184.6565290965048	C9H10O2	[M + H]+	UCPFCQBLYDXPTR	InChI=1S/C9H10O2/c1-2-8(7-10)6-9-4-3-5-11-9/h3-7H,2H2,1H3	2-Ethyl-3-furylacrolein	CCC(=CC1=CC=CO1)C=O	2.04597163	61210;6435826;14932864	NORMAN:(NS00041768);COCONUT:(CNP0002698);HMDB:(38355);PubChem class - food;PubChem:(61210 6435826 14932864);PubChem class - bio and metabolites;PubChem class - safety and toxic	220463114
89	1	N/A	-185.09901549396798	C9H10O2	[M + H]+	WIMHGKDTXQGFLJ	InChI=1S/C9H10O2/c10-9(11)7-6-8-4-2-1-3-5-8/h1-7,9-11H	(E)-3-phenylprop-2-ene-1,1-diol	C1=CC=C(C=C1)C=CC(O)O	1.54359901	444538;54432533	PubChem:(444538 54432533);KEGG Mine;PubChem class - bio and metabolites	8606711810
90	1	N/A	-185.638899747307	C9H10O2	[M + H]+	QSSJZLPUHJDYKF	InChI=1S/C9H10O2/c1-7-3-5-8(6-4-7)9(10)11-2/h3-6H,1-2H3	Methyl 4-toluate	CC1=CC=C(C=C1)C(=O)OC	2.21346879	7455;12233497;11435054	NORMAN:(NS00003208);COCONUT:(CNP0137727);Natural Products:(UNPD145244);PubChem class - food;PubChem:(7455 12233497 11435054);SuperNatural:(SN00399054);ZINC bio:(ZINC00391965);HSDB:(99-75-2);PubChem class - safety and toxic;PubMed;KEGG Mine	8794710594
91	1	N/A	-187.36399438188835	C9H10O2	[M + H]+	HFSLRPOLEJCQSY	InChI=1S/C9H10O2/c1-3-4-5-6-7-8-9(10)11-2/h3-4,7-8H,1-2H3	null	CC=CC#CC=CC(=O)OC	1.94926226	""	COCONUT:(CNP0382166);Natural Products:(UNPD82451)	2129920
92	1	N/A	-187.96541752798893	C9H10O2	[M + H]+	OIPQGYXJLOKPOX	InChI=1S/C9H10O2/c1-6-9(11-6)7-2-4-8(10)5-3-7/h2-6,9-10H,1H3	Phenol, 4-(3-methyloxiranyl)-	CC1C(O1)C2=CC=C(C=C2)O	1.5	71442297	COCONUT:(CNP0275134);Natural Products:(UNPD186393);PubChem:(71442297);SuperNatural:(SN00386026);KEGG Mine	8593113090
93	1	N/A	-189.78247381660256	C9H10O2	[M + H]+	GZCJJOLJSBCUNR	InChI=1S/C9H10O2/c10-8-3-4-9-7(6-8)2-1-5-11-9/h3-4,6,10H,1-2,5H2	2H-1-Benzopyran-6-ol, 3,4-dihydro-	C1CC2=C(C=CC(=C2)O)OC1	1.89999998	15122338	PubChem class - safety and toxic;PubChem:(15122338);PubMed;CHEBI:(78631)	67108962
94	1	N/A	-190.98126622061534	C9H10O2	[M + H]+	QWAVNXZAQASOML	InChI=1S/C9H10O2/c1-8(10)7-11-9-5-3-2-4-6-9/h2-6H,7H2,1H3	Phenoxyacetone	CC(=O)COC1=CC=CC=C1	1.58823347	69313	NORMAN:(NS00034955);PubChem:(69313);MeSH:(69313);PubChem class - safety and toxic;PubMed;KEGG Mine	8657305670
95	1	N/A	-194.37488126798942	C9H10O2	[M + H]+	ZQVKTHRQIXSMGY	InChI=1S/C9H10O2/c1-2-7-3-5-8(6-4-7)9(10)11/h3-6H,2H2,1H3,(H,10,11)	4-ethylbenzoate	CCC1=CC=C(C=C1)C(=O)O	2.25295305	12086;5123904;11240591;16213385;66995339	HMDB:(2097);ZINC bio:(ZINC00132913);additional;MeSH:(12086 5123904);PubMed;NORMAN:(NS00010673);COCONUT:(CNP0225284);PubChem:(12086 5123904 11240591 16213385 66995339);CHEBI:(90074);PubChem class - bio and metabolites;PubChem class - safety and toxic;Training Set;PubChem class - drug;Biocyc:(CPD-9172);KEGG Mine	8710285422
96	1	N/A	-197.28247883984656	C9H10O2	[M + H]+	JWRBBXQUYVJOLN	InChI=1S/C9H10O2/c1-7(2)8(6-10)9-4-3-5-11-9/h3-6H,1-2H3	2-(2-Furyl)-3-methyl-2-butenal	CC(=C(C=O)C1=CC=CO1)C	1.89999998	555644	COCONUT:(CNP0137976);HMDB:(40925);Natural Products:(UNPD104922);PubChem:(555644);PubChem class - bio and metabolites	18907146
97	1	N/A	-199.9081592196863	C9H10O2	[M + H]+	CRZQGDNQQAALAY	InChI=1S/C9H10O2/c1-11-9(10)7-8-5-3-2-4-6-8/h2-6H,7H2,1H3	Methyl alpha-toluate	COC(=O)CC1=CC=CC=C1	1.89172947	7559;12254368;44251455;101137827	HMDB:(32617);PubChem class - food;SuperNatural:(SN00155788);ZINC bio:(ZINC00388061);HSDB:(101-41-7);MeSH:(7559);PubMed;NORMAN:(NS00001353);COCONUT:(CNP0328249);KNApSAcK:(51576);Natural Products:(UNPD91903);PubChem:(7559 12254368 44251455 101137827);YMDB Mine;PubChem class - bio and metabolites;EcoCyc Mine;PubChem class - safety and toxic;KEGG Mine	60351095390
98	1	N/A	-204.4473159284715	C9H10O2	[M + H]+	KJDODYLPZDSWCP	InChI=1S/C9H10O2/c1-11-7-2-3-8-6(4-7)5-9(8)10/h2-4,9-10H,5H2,1H3	3-methoxybicyclo[4.2.0]octa-1(6),2,4-trien-7-ol	COC1=CC2=C(C=C1)C(C2)O	0.300000012	2752677;2752678;7055558;7055559	COCONUT:(CNP0048694);PubChem:(2752677 2752678 7055558 7055559);SuperNatural:(SN00125762 SN00125763);ZINC bio:(ZINC03847712 ZINC03847713)	3153922
99	1	N/A	-205.88792174123344	C9H10O2	[M + H]+	FNEJKCGACRPXBT	InChI=1S/C9H10O2/c1-2-7-11-9-6-4-3-5-8(9)10/h2-6,10H,1,7H2	2-(allyloxy)phenol	C=CCOC1=CC=CC=C1O	1.97733283	70772;101834751	NORMAN:(NS00023650);COCONUT:(CNP0343485);PubChem:(70772 101834751);PubMed;ZINC bio:(ZINC02004388)	2367554
100	1	N/A	-206.07694205203816	C9H10O2	[M + H]+	ABFVSIMRPXYNKY	InChI=1S/C9H10O2/c10-8-6-4-2-1-3-5-7-9-11/h4,6,10-11H,7-9H2	null	C(CO)C#CC#CC=CCO	0.400000006	101409097	COCONUT:(CNP0385484);Natural Products:(UNPD11540);PubChem:(101409097)	2129922
101	1	N/A	-206.31567112133718	C9H10O2	[M + H]+	YRNDGUSDBCARGC	InChI=1S/C9H10O2/c1-11-7-9(10)8-5-3-2-4-6-8/h2-6H,7H2,1H3	2-Methoxyacetophenone	COCC(=O)C1=CC=CC=C1	1.5	77698	NORMAN:(NS00030847);PubChem:(77698);PubMed;CHEBI:(52400);KEGG Mine	8590196834
102	1	N/A	-207.4313039825545	C9H10O2	[M + H]+	LYINTWKRUWVLBA	InChI=1S/C9H10O2/c1-2-4-8(5-3-1)9-10-6-7-11-9/h1-5,9H,6-7H2	zlchem 911	C1COC(O1)C2=CC=CC=C2	1.29999995	70293;122459849	NORMAN:(NS00041881);PubChem:(70293 122459849);PubMed	262210
103	1	N/A	-221.89661240483684	C9H10O2	[M + H]+	DYUMLJSJISTVPV	InChI=1S/C9H10O2/c1-2-9(10)11-8-6-4-3-5-7-8/h3-7H,2H2,1H3	Phenyl propionate	CCC(=O)OC1=CC=CC=C1	2.35802794	12497	NORMAN:(NS00020861);COCONUT:(CNP0392371);Natural Products:(UNPD46774);PubChem:(12497);SuperNatural:(SN00261763);ZINC bio:(ZINC01694849);PubChem class - safety and toxic;PubMed	70557762
104	1	N/A	-223.35616420958743	C9H10O2	[M + H]+	MGSHXMOLUWTMGP	InChI=1S/C9H10O2/c10-8-5-6-11-9-4-2-1-3-7(8)9/h1-4,8,10H,5-6H2	4-Chromanol	C1COC2=CC=CC=C2C1O	1.20000005	92890;640695;7058027	NORMAN:(NS00044213);COCONUT:(CNP0196291);HMDB:(62349);PubChem:(92890 640695 7058027);SuperNatural:(SN00064391);ZINC bio:(ZINC03860965);PubChem class - safety and toxic;PubMed	70525002
105	1	N/A	-225.42990802843892	C9H10O2	[M + H]+	YKXXBEOXRPZVCC	InChI=1S/C9H10O2/c10-8-5-6-3-1-2-4-7(6)9(8)11/h1-4,8-11H,5H2	1,2-Indandiol	C1C(C(C2=CC=CC=C21)O)O	0.5	521197;20758;20759;247603;10130042;68820122;90761198;131972358	COCONUT:(CNP0181785);Natural Products:(UNPD91816 UNPD1775);PubChem:(521197 20758 20759 247603 10130042 68820122 90761198 131972358);SuperNatural:(SN00350561 SN00300185);ZINC bio:(ZINC01691216 ZINC02037698 ZINC02037699 ZINC05934839);PubChem class - bio and metabolites;MeSH:(521197);PubChem class - safety and toxic;PubMed;KEGG Mine	8677007430
106	1	N/A	-226.88667912310305	C9H10O2	[M + H]+	KWILSPRXWBUXIR	InChI=1S/C9H10O2/c1-8-9(11-8)6-4-2-3-5-7-10/h8-10H,5,7H2,1H3	null	CC1C(O1)C#CC#CCCO	0.600000024	101409100	COCONUT:(CNP0263330);Natural Products:(UNPD145218);PubChem:(101409100)	2129922
107	1	N/A	-228.38600924977393	C9H10O2	[M + H]+	BICRLKUDLCTJHM	InChI=1S/C9H10O2/c10-9(11)7-6-8-4-2-1-3-5-8/h1-2,5-7H,3-4H2,(H,10,11)	3-(1,4-Cyclohexadienyl)acrylic acid	C1C=CCC(=C1)C=CC(=O)O	1.70000005	3016033;6365418	PubChem:(3016033 6365418);MeSH:(6365418)	6
108	1	N/A	-229.29644910480835	C9H10O2	[M + H]+	IKDIJXDZEYHZSD	InChI=1S/C9H10O2/c10-8-11-7-6-9-4-2-1-3-5-9/h1-5,8H,6-7H2	Phenethyl formate	C1=CC=C(C=C1)CCOC=O	2.0999999	7711	HMDB:(40428);PubChem class - food;SuperNatural:(SN00156290);ZINC bio:(ZINC01597267);PubMed;NORMAN:(NS00013116);COCONUT:(CNP0271229);Natural Products:(UNPD143734);PubChem:(7711);CHEBI:(87417);PubChem class - bio and metabolites;PubChem class - safety and toxic	221552746
109	1	N/A	-229.40620450743322	C9H10O2	[M + H]+	PVALSANGMFRTQM	InChI=1S/C9H10O2/c10-6-8-9(11-8)7-4-2-1-3-5-7/h1-5,8-10H,6H2	(2S,3S)-Phenylglycidol	C1=CC=C(C=C1)C2C(O2)CO	0.800000012	89553;149229;150502;180596;188583;12040468;12838586;12838587;22847873;87837821	NORMAN:(NS00015735);HMDB:(135281);PubChem:(89553 149229 150502 180596 188583 12040468 12838586 12838587 22847873 87837821);additional;PubChem class - bio and metabolites;PubChem class - safety and toxic;PubMed;KEGG Mine	8674607178
110	1	N/A	-230.74166034956707	C9H10O2	[M + H]+	OVKDCYKVNYLEHK	InChI=1S/C9H10O2/c1-2-4-8(5-3-1)9-6-10-7-11-9/h1-5,9H,6-7H2	4-Phenyl-1,3-dioxolane	C1C(OCO1)C2=CC=CC=C2	1.56971133	70634;12384182;12384183	PubChem:(70634 12384182 12384183);NORMAN:(NS00041963)	262146
111	1	N/A	-235.52132564893395	C9H10O2	[M + H]+	FQYUMYWMJTYZTK	InChI=1S/C9H10O2/c1-2-4-8(5-3-1)10-6-9-7-11-9/h1-5,9H,6-7H2	Ageflex PGE	C1C(O1)COC2=CC=CC=C2	1.60000002	1534344;1534345;31217;101900578;102379310;122393487	PubChem class - food;ZINC bio:(ZINC01462351 ZINC01462352);HSDB:(122-60-1);MeSH:(31217);PubMed;NORMAN:(NS00002258);COCONUT:(CNP0261518);PubChem:(1534344 1534345 31217 101900578 102379310 122393487);CHEBI:(82367);PubChem class - bio and metabolites;KEGG:(C19291);PubChem class - safety and toxic	220472166
112	1	N/A	-241.5254026707792	C9H10O2	[M + H]+	ITMGMSZDAOAVNO	InChI=1S/C9H10O2/c10-6-8-5-7-3-1-2-4-9(7)11-8/h1-4,8,10H,5-6H2	3-Benzofuranmethanol, 2,3-dihydro-	C1C(OC2=CC=CC=C21)CO	1.29999995	2795428;7061744;7061745	PubChem:(2795428 7061744 7061745);PubChem class - safety and toxic	67108866
113	1	N/A	-242.36699016965676	C9H10O2	[M + H]+	XQDNBMXUZGAWSZ	InChI=1S/C9H10O2/c10-6-7-1-2-9-8(5-7)3-4-11-9/h1-2,5,10H,3-4,6H2	5-Benzofuranmethanol,2,3-dihydro-	C1COC2=C1C=C(C=C2)CO	1.57548535	2776158	PubChem:(2776158);PubChem class - safety and toxic	67108866
114	1	N/A	-250.80533482031382	C9H10O2	[M + H]+	BWBIFYYKIWPTRV	InChI=1S/C9H10O2/c1-9(2)10-7-5-3-4-6-8(7)11-9/h3-6H,1-2H3	2,2-Dimethyl-1,3-benzodioxole	CC1(OC2=CC=CC=C2O1)C	2.4000001	285869	PubChem class - safety and toxic;PubChem:(285869);PubMed	67108930
115	1	N/A	-267.5841351019899	C9H10O2	[M + H]+	CBXMULHQEVXJDI	InChI=1S/C9H10O2/c1-2-5-9-8(4-1)10-6-3-7-11-9/h1-2,4-5H,3,6-7H2	2H,3H,4H-benzo[b]1,4-dioxepin	C1COC2=CC=CC=C2OC1	1.96813524	81635	PubChem class - safety and toxic;PubChem:(81635);PubMed	67108930
116	1	N/A	-271.3026385917683	C9H10O2	[M + H]+	ISFGTDAAYLSOFY	InChI=1S/C9H10O2/c1-3-4-7-6(2)8(10)5-9(7)11/h1,8,10H,4-5H2,2H3	2-Cyclopenten-1-one, 4-hydroxy-3-methyl-2-(2-propynyl)-	CC1=C(C(=O)CC1O)CC#C	-0.100000001	156997;12918206;11116226	PubChem:(156997 12918206 11116226);PubChem class - safety and toxic	67108866
117	1	N/A	-283.20875976409036	C9H10O2	[M + H]+	ZDPVRXUQQGZTEY	InChI=1S/C9H10O2/c10-6-9(7-11-9)8-4-2-1-3-5-8/h1-5,10H,6-7H2	null	C1C(O1)(CO)C2=CC=CC=C2	0.5	11240576;15664896;15664897	MeSH:(11240576);PubChem:(11240576 15664896 15664897);PubMed	70
118	1	N/A	-369.3065101421627	C9H10O2	[M + H]+	FHOHBNNKNDJQNB	InChI=1S/C9H10O2/c10-9-5-1-2-6(9)8-4-3-7(5)11-8/h3-8H,1-2H2	null	C1CC2C3C=CC(C1C2=O)O3	0.400000006	2755134;12963202;130624361	COCONUT:(CNP0028498);PubChem:(2755134 12963202 130624361);SuperNatural:(SN00127715);ZINC bio:(ZINC03851548)	3153922