structureRankPerFormula	formulaRank	ConfidenceScore	CSI:FingerIDScore	molecularFormula	adduct	InChIkey2D	InChI	name	smiles	xlogp	pubchemids	links	dbflags
1	1	N/A	-303.2883263353894	C44H80NO10P	[M - H2O + H]+	SNOIVUPTLYIGOE	InChI=1S/C44H80NO10P/c1-3-5-7-9-11-13-15-17-19-20-22-23-25-27-29-31-33-35-42(46)52-37-40(38-53-56(50,51)54-39-41(45)44(48)49)55-43(47)36-34-32-30-28-26-24-21-18-16-14-12-10-8-6-4-2/h11,13,17-19,21,40-41H,3-10,12,14-16,20,22-39,45H2,1-2H3,(H,48,49)(H,50,51)	1-(11Z,14Z-eicosadienoyl)-2-(9Z-octadecenoyl)-glycero-3-phosphoserine	CCCCCCCCC=CCCCCCCCC(=O)OC(COC(=O)CCCCCCCCCC=CCC=CCCCCC)COP(=O)(O)OCC(C(=O)O)N	10.6000004	52925680;134767288	HMDB:(112574);PubChem:(52925680 134767288);PubChem class - bio and metabolites	16777226
2	1	N/A	-303.2883263353894	C44H80NO10P	[M - H2O + H]+	OAUIATRHRWHGPG	InChI=1S/C44H80NO10P/c1-3-5-7-9-11-13-15-17-19-20-22-24-26-28-30-32-34-36-43(47)55-40(38-53-56(50,51)54-39-41(45)44(48)49)37-52-42(46)35-33-31-29-27-25-23-21-18-16-14-12-10-8-6-4-2/h11,13,17-19,21,40-41H,3-10,12,14-16,20,22-39,45H2,1-2H3,(H,48,49)(H,50,51)	1-(9Z-octadecenoyl)-2-(11Z,14Z-eicosadienoyl)-glycero-3-phosphoserine	CCCCCCCCC=CCCCCCCCC(=O)OCC(COP(=O)(O)OCC(C(=O)O)N)OC(=O)CCCCCCCCCC=CCC=CCCCCC	10.6000004	52925444;134754403;138224867	HMDB:(112413);PubChem:(52925444 134754403 138224867);PubChem class - bio and metabolites	16777226
3	1	N/A	-303.2883263353894	C44H80NO10P	[M - H2O + H]+	FCLNGSFLMPNUCH	InChI=1S/C44H80NO10P/c1-3-5-7-9-11-13-15-17-19-20-22-23-25-27-29-31-33-35-42(46)52-37-40(38-53-56(50,51)54-39-41(45)44(48)49)55-43(47)36-34-32-30-28-26-24-21-18-16-14-12-10-8-6-4-2/h12,14,17-19,21,40-41H,3-11,13,15-16,20,22-39,45H2,1-2H3,(H,48,49)(H,50,51)	1-20:1-2-18:2-phosphatidylserine	CCCCCCCCC=CCCCCCCCCCC(=O)OCC(COP(=O)(O)OCC(C(=O)O)N)OC(=O)CCCCCCCC=CCC=CCCCCC	10.6000004	25246077;52925651;102515482;134728942	HMDB:(112548);PubChem:(25246077 52925651 102515482 134728942);Biocyc:(CPD-8399);PubChem class - bio and metabolites	16779274
4	1	N/A	-303.2883263353894	C44H80NO10P	[M - H2O + H]+	VWHSHGFRVURWCT	InChI=1S/C44H80NO10P/c1-3-5-7-9-11-13-15-17-19-20-22-24-26-28-30-32-34-36-43(47)55-40(38-53-56(50,51)54-39-41(45)44(48)49)37-52-42(46)35-33-31-29-27-25-23-21-18-16-14-12-10-8-6-4-2/h12,14,17-19,21,40-41H,3-11,13,15-16,20,22-39,45H2,1-2H3,(H,48,49)(H,50,51)	1-(9Z,12Z-octadecadienoyl)-2-(11Z-eicosenoyl)-glycero-3-phosphoserine	CCCCCCCCC=CCCCCCCCCCC(=O)OC(COC(=O)CCCCCCCC=CCC=CCCCCC)COP(=O)(O)OCC(C(=O)O)N	10.6000004	52925467;134774587	HMDB:(112430);PubChem:(52925467 134774587);PubChem class - bio and metabolites	16777226
5	1	N/A	-304.96195986141345	C44H80NO10P	[M - H2O + H]+	UWAHBZFLKDLJMW	InChI=1S/C44H80NO10P/c1-3-5-7-9-11-13-15-17-19-20-22-24-26-28-30-32-34-36-43(47)55-40(38-53-56(50,51)54-39-41(45)44(48)49)37-52-42(46)35-33-31-29-27-25-23-21-18-16-14-12-10-8-6-4-2/h12,14,18,21,25,27,40-41H,3-11,13,15-17,19-20,22-24,26,28-39,45H2,1-2H3,(H,48,49)(H,50,51)	1-(6Z,9Z,12Z-octadecatrienoyl)-2-eicosanoyl-glycero-3-phosphoserine	CCCCCCCCCCCCCCCCCCCC(=O)OC(COC(=O)CCCCC=CCC=CCC=CCCCCC)COP(=O)(O)OCC(C(=O)O)N	10.8000002	52925495;134771871	HMDB:(112454);PubChem:(52925495 134771871);PubChem class - bio and metabolites	16777226
6	1	N/A	-310.0077811803077	C44H80NO10P	[M - H2O + H]+	NHTMKGWJPRGNPO	InChI=1S/C44H80NO10P/c1-3-5-7-9-11-13-15-17-19-20-22-23-25-27-29-31-33-35-42(46)52-37-40(38-53-56(50,51)54-39-41(45)44(48)49)55-43(47)36-34-32-30-28-26-24-21-18-16-14-12-10-8-6-4-2/h12,14,18,21,26,28,40-41H,3-11,13,15-17,19-20,22-25,27,29-39,45H2,1-2H3,(H,48,49)(H,50,51)	1-eicosanoyl-2-(6Z,9Z,12Z-octadecatrienoyl)-glycero-3-phosphoserine	CCCCCCCCCCCCCCCCCCCC(=O)OCC(COP(=O)(O)OCC(C(=O)O)N)OC(=O)CCCCC=CCC=CCC=CCCCCC	10.8000002	52925628;134752337	HMDB:(112520);PubChem:(52925628 134752337);PubChem class - bio and metabolites	16777226
7	1	N/A	-312.04285850728076	C44H80NO10P	[M - H2O + H]+	HSHHRUKTYXRZMP	InChI=1S/C44H80NO10P/c1-3-5-7-9-11-13-15-17-19-20-22-23-25-27-29-31-33-35-42(46)52-37-40(38-53-56(50,51)54-39-41(45)44(48)49)55-43(47)36-34-32-30-28-26-24-21-18-16-14-12-10-8-6-4-2/h11,13,17,19,22-23,40-41H,3-10,12,14-16,18,20-21,24-39,45H2,1-2H3,(H,48,49)(H,50,51)	Phosphatidylserine(20:3/18:0)	CCCCCCCCCCCCCCCCCC(=O)OC(COC(=O)CCCCCCC=CCC=CCC=CCCCCC)COP(=O)(O)OCC(C(=O)O)N	10.8000002	52925710;134736411	COCONUT:(CNP0084895);HMDB:(12422);PubChem:(52925710 134736411);CHEBI:(88517);PubChem class - bio and metabolites	18874410
8	1	N/A	-313.56860244146736	C44H80NO10P	[M - H2O + H]+	BQBTWCBZEKRLFP	InChI=1S/C44H80NO10P/c1-3-5-7-9-11-13-15-17-19-20-22-24-26-28-30-32-34-36-43(47)55-40(38-53-56(50,51)54-39-41(45)44(48)49)37-52-42(46)35-33-31-29-27-25-23-21-18-16-14-12-10-8-6-4-2/h6,8,12,14,18,21,40-41H,3-5,7,9-11,13,15-17,19-20,22-39,45H2,1-2H3,(H,48,49)(H,50,51)	1-(9Z,12Z,15Z-octadecatrienoyl)-2-eicosanoyl-glycero-3-phosphoserine	CCCCCCCCCCCCCCCCCCCC(=O)OC(COC(=O)CCCCCCCC=CCC=CCC=CCC)COP(=O)(O)OCC(C(=O)O)N	10.8000002	52925523;134721905	HMDB:(112471);PubChem:(52925523 134721905);PubChem class - bio and metabolites	16777226
9	1	N/A	-313.56860244146736	C44H80NO10P	[M - H2O + H]+	YADPLOXKGSZJMY	InChI=1S/C44H80NO10P/c1-3-5-7-9-11-13-15-17-19-20-22-23-25-27-29-31-33-35-42(46)52-37-40(38-53-56(50,51)54-39-41(45)44(48)49)55-43(47)36-34-32-30-28-26-24-21-18-16-14-12-10-8-6-4-2/h6,8,12,14,18,21,40-41H,3-5,7,9-11,13,15-17,19-20,22-39,45H2,1-2H3,(H,48,49)(H,50,51)	1-20:0-2-18:3-phosphatidylserine	CCCCCCCCCCCCCCCCCCCC(=O)OCC(COP(=O)(O)OCC(C(=O)O)N)OC(=O)CCCCCCCC=CCC=CCC=CCC	10.8000002	25245138;52925629;102515073;134780492	HMDB:(112521);PubChem:(25245138 52925629 102515073 134780492);Biocyc:(CPD-8398);PubChem class - bio and metabolites	16779274
10	1	N/A	-314.93580985420414	C44H80NO10P	[M - H2O + H]+	KIWGMWXQTXXXGU	InChI=1S/C44H80NO10P/c1-3-5-7-9-11-13-15-17-19-20-22-23-25-27-29-31-33-35-42(46)52-37-40(38-53-56(50,51)54-39-41(45)44(48)49)55-43(47)36-34-32-30-28-26-24-21-18-16-14-12-10-8-6-4-2/h11,13-14,16-17,19,40-41H,3-10,12,15,18,20-39,45H2,1-2H3,(H,48,49)(H,50,51)	null	CCCCCCC=CCCCCCCCCCC(=O)OC(COC(=O)CCCCCCCCCC=CCC=CCCCCC)COP(=O)(O)OCC(C(=O)O)N	10.6000004	131819814;134743912	HMDB:(112573);PubChem:(131819814 134743912);PubChem class - bio and metabolites	16777226
11	1	N/A	-314.93580985420414	C44H80NO10P	[M - H2O + H]+	NEIWDKNMKGQQHO	InChI=1S/C44H80NO10P/c1-3-5-7-9-11-13-15-17-18-19-20-21-22-24-25-27-29-31-33-35-42(46)52-37-40(38-53-56(50,51)54-39-41(45)44(48)49)55-43(47)36-34-32-30-28-26-23-16-14-12-10-8-6-4-2/h11,13-14,16-18,40-41H,3-10,12,15,19-39,45H2,1-2H3,(H,48,49)(H,50,51)	1-(13Z,16Z-docosadienoyl)-2-(9Z-hexadecenoyl)-glycero-3-phosphoserine	CCCCCCC=CCCCCCCCC(=O)OC(COC(=O)CCCCCCCCCCCC=CCC=CCCCCC)COP(=O)(O)OCC(C(=O)O)N	10.6000004	52925873;134751975	HMDB:(112765);PubChem:(52925873 134751975);PubChem class - bio and metabolites	16777226
12	1	N/A	-314.93580985420414	C44H80NO10P	[M - H2O + H]+	HLTSLFKLCKEHJR	InChI=1S/C44H80NO10P/c1-3-5-7-9-11-13-15-17-18-19-20-21-22-24-26-28-30-32-34-36-43(47)55-40(38-53-56(50,51)54-39-41(45)44(48)49)37-52-42(46)35-33-31-29-27-25-23-16-14-12-10-8-6-4-2/h11,13-14,16-18,40-41H,3-10,12,15,19-39,45H2,1-2H3,(H,48,49)(H,50,51)	1-(9Z-hexadecenoyl)-2-(13Z,16Z-docosadienoyl)-glycero-3-phosphoserine	CCCCCCC=CCCCCCCCC(=O)OCC(COP(=O)(O)OCC(C(=O)O)N)OC(=O)CCCCCCCCCCCC=CCC=CCCCCC	10.6000004	52925334;134735680;138169834	HMDB:(112366);PubChem:(52925334 134735680 138169834);PubChem class - bio and metabolites	16777226
13	1	N/A	-314.93580985420414	C44H80NO10P	[M - H2O + H]+	SKGJYUSTRBEFGF	InChI=1S/C44H80NO10P/c1-3-5-7-9-11-13-15-17-19-20-22-24-26-28-30-32-34-36-43(47)55-40(38-53-56(50,51)54-39-41(45)44(48)49)37-52-42(46)35-33-31-29-27-25-23-21-18-16-14-12-10-8-6-4-2/h11,13-14,16-17,19,40-41H,3-10,12,15,18,20-39,45H2,1-2H3,(H,48,49)(H,50,51)	null	CCCCCCC=CCCCCCCCCCC(=O)OCC(COP(=O)(O)OCC(C(=O)O)N)OC(=O)CCCCCCCCCC=CCC=CCCCCC	10.6000004	131819749;134766927	HMDB:(112394);PubChem:(131819749 134766927);PubChem class - bio and metabolites	16777226
14	1	N/A	-317.08867982617494	C44H80NO10P	[M - H2O + H]+	LIBQKAKFGGIIDU	InChI=1S/C44H80NO10P/c1-3-5-7-9-11-13-15-17-19-20-22-24-26-28-30-32-34-36-43(47)55-40(38-53-56(50,51)54-39-41(45)44(48)49)37-52-42(46)35-33-31-29-27-25-23-21-18-16-14-12-10-8-6-4-2/h11,13,17,19,22,24,40-41H,3-10,12,14-16,18,20-21,23,25-39,45H2,1-2H3,(H,48,49)(H,50,51)	Phosphatidylserine(18:0/20:3)	CCCCCCCCCCCCCCCCCC(=O)OCC(COP(=O)(O)OCC(C(=O)O)N)OC(=O)CCCCCCC=CCC=CCC=CCCCCC	10.8000002	52925994;134746670	COCONUT:(CNP0082437);HMDB:(12382);PubChem:(52925994 134746670);CHEBI:(84512);PubChem class - bio and metabolites	18874410
15	1	N/A	-336.26230145659895	C44H80NO10P	[M - H2O + H]+	CTYLTOVZVTVNPW	InChI=1S/C44H80NO10P/c1-3-5-7-9-11-13-15-17-19-20-22-23-25-27-29-31-33-35-42(46)52-37-40(38-53-56(50,51)54-39-41(45)44(48)49)55-43(47)36-34-32-30-28-26-24-21-18-16-14-12-10-8-6-4-2/h17,19,22-23,27,29,40-41H,3-16,18,20-21,24-26,28,30-39,45H2,1-2H3,(H,48,49)(H,50,51)	null	CCCCCCCCCCCCCCCCCC(=O)OC(COC(=O)CCCC=CCC=CCC=CCCCCCCCC)COP(=O)(O)OCC(C(=O)O)N	10.8000002	131819827;134725222	HMDB:(112598);PubChem:(131819827 134725222);PubChem class - bio and metabolites	16777226
16	1	N/A	-336.7393100735213	C44H80NO10P	[M - H2O + H]+	WIYRKQPYGJBQRL	InChI=1S/C44H80NO10P/c1-3-5-7-9-11-13-15-17-19-20-22-24-26-28-30-32-34-36-43(47)55-40(38-53-56(50,51)54-39-41(45)44(48)49)37-52-42(46)35-33-31-29-27-25-23-21-18-16-14-12-10-8-6-4-2/h17,19,22,24,28,30,40-41H,3-16,18,20-21,23,25-27,29,31-39,45H2,1-2H3,(H,48,49)(H,50,51)	null	CCCCCCCCCCCCCCCCCC(=O)OCC(COP(=O)(O)OCC(C(=O)O)N)OC(=O)CCCC=CCC=CCC=CCCCCCCCC	10.8000002	131819736;134775978	HMDB:(112377);PubChem:(131819736 134775978);PubChem class - bio and metabolites	16777226
1	1	N/A	-235.78812253885312	C44H78NO9P	[M + H]+	SLORVBLJZVLUCO	InChI=1S/C44H78NO9P/c1-3-5-7-9-11-13-15-17-19-21-22-24-26-28-30-32-34-36-43(46)54-41(39-52-55(49,50)53-40-42(45)44(47)48)38-51-37-35-33-31-29-27-25-23-20-18-16-14-12-10-8-6-4-2/h11,13,17,19,22,24,28,30,35,37,41-42H,3-10,12,14-16,18,20-21,23,25-27,29,31-34,36,38-40,45H2,1-2H3,(H,47,48)(H,49,50)	1-(1Z-octadecenyl)-2-(5Z,8Z,11Z,14Z-eicosatetraenoyl)-glycero-3-phosphoserine	CCCCCCCCCCCCCCCCC=COCC(COP(=O)(O)OCC(C(=O)O)N)OC(=O)CCCC=CCC=CCC=CCC=CCCCCC	10.6999998	52926272;86289533	PubChem:(52926272 86289533);CHEBI:(79211 78343)	34
1	2	0.9156726862256934	-53.602292091440134	C42H80NO9P	[M + Na]+	HZKBHRZARZUXPO	InChI=1S/C42H80NO9P/c1-6-8-10-11-12-13-14-15-16-17-21-24-28-32-41(44)48-36-38(37-50-53(46,47)49-35-34-43(3,4)5)51-42(45)33-29-25-22-19-18-20-23-27-31-40-39(52-40)30-26-9-7-2/h23,27,38-40H,6-22,24-26,28-37H2,1-5H3/p+1	null	CCCCCCCCCCCCCCCC(=O)OCC(COP(=O)(O)OCC[N+](C)(C)C)OC(=O)CCCCCCCC=CCC1C(O1)CCCCC	12.0	49859724;49859725;90659302;90659303	Plantcyc:(CPD-12644);PubChem:(49859724 49859725 90659302 90659303);YMDB Mine;Biocyc:(CPD-18897 CPD-12644);PubChem class - bio and metabolites	34376648706
2	2	N/A	-235.19977782878664	C42H80NO9P	[M + Na]+	WBKLUOHQBQPPBN	InChI=1S/C42H80NO9P/c1-3-5-7-9-11-13-15-17-19-21-23-25-27-29-31-33-35-49-36-39(37-50-53(47,48)51-38-40(43)42(45)46)52-41(44)34-32-30-28-26-24-22-20-18-16-14-12-10-8-6-4-2/h18,20,33,35,39-40H,3-17,19,21-32,34,36-38,43H2,1-2H3,(H,45,46)(H,47,48)	1-(1Z-octadecenyl)-2-(9Z-octadecenoyl)-glycero-3-phosphoserine	CCCCCCCCCCCCCCCCC=COCC(COP(=O)(O)OCC(C(=O)O)N)OC(=O)CCCCCCCC=CCCCCCCCC	11.6999998	52926273;86289531	PubChem:(52926273 86289531);CHEBI:(79206 78341)	34