structureRankPerFormula	formulaRank	ConfidenceScore	CSI:FingerIDScore	molecularFormula	adduct	InChIkey2D	InChI	name	smiles	xlogp	pubchemids	links	dbflags
1	1	N/A	-268.482717669706	C8H10O5	[M - H2O + H]+	GVLJZCSVFFYGON	InChI=1S/C8H10O5/c1-3-2-4-7(6(10)5(3)9)13-8(11)12-4/h2,4-7,9-10H,1H3	null	CC1=CC2C(C(C1O)O)OC(=O)O2	-0.699999988	100924817;101412479;101418576	COCONUT:(CNP0304742);Natural Products:(UNPD119612);PubChem:(100924817 101412479 101418576);SuperNatural:(SN00347661)	3178498
2	1	N/A	-284.32535467063656	C8H10O5	[M - H2O + H]+	RYEUJNKDXDLZBY	InChI=1S/C8H10O5/c1-3-2-4(9)5(10)7-6(3)12-8(11)13-7/h2,4-7,9-10H,1H3	null	CC1=CC(C(C2C1OC(=O)O2)O)O	-0.699999988	91118729	COCONUT:(CNP0106398);Natural Products:(UNPD42537);PubChem:(91118729);PubMed	2129986
3	1	N/A	-288.5128567533781	C8H10O5	[M - H2O + H]+	GXEKYRXVRROBEV	InChI=1S/C8H10O5/c9-7(10)5-3-1-2-4(13-3)6(5)8(11)12/h3-6H,1-2H2,(H,9,10)(H,11,12)	Aquathol	C1CC2C(C(C1O2)C(=O)O)C(=O)O	-0.5	3225;166776;168842;12954483;12954484;11112419;10375165;22807063;51018652;50918871;50918883;75637571;98045533;101257217;130881426;131187903;134692380	ZINC bio:(ZINC03872447 ZINC03872448 ZINC13544825);additional;HSDB:(145-73-3);MeSH:(3225 168842 11112419);PubMed;NORMAN:(NS00015678);COCONUT:(CNP0110194);PubChem:(3225 166776 168842 12954483 12954484 11112419 10375165 22807063 51018652 50918871 50918883 75637571 98045533 101257217 130881426 131187903 134692380);PubChem class - bio and metabolites;PubChem class - safety and toxic;Training Set;PubChem class - drug	120349254
4	1	N/A	-297.907138005419	C8H10O5	[M - H2O + H]+	CBFLNAVONDVOHN	InChI=1S/C8H10O5/c9-2-5-1-7(11)6(4-13-5)8(12)3-10/h1,4,8-10,12H,2-3H2	5-(1,2-dihydroxyethyl)-2-(hydroxymethyl)pyran-4-one	C1=C(OC=C(C1=O)C(CO)O)CO	-1.70000005	16742973	PubChem:(16742973);COCONUT:(CNP0115808)	2097154
5	1	N/A	-304.064837409008	C8H10O5	[M - H2O + H]+	XVSSGIXTKVRGAR	InChI=1S/C8H10O5/c1-3-5-11-7(9)13-8(10)12-6-4-2/h3-4H,1-2,5-6H2	(Alloc)2O	C=CCOC(=O)OC(=O)OCC=C	2.0	4384857	PubChem:(4384857);PubChem class - safety and toxic	67108866
6	1	N/A	-317.8013646498133	C8H10O5	[M - H2O + H]+	HEWAJTLQEJUAGF	InChI=1S/C8H10O5/c1-3-2-4(3)5(7(10)11)6(9)8(12)13/h4-6,9H,1-2H2,(H,10,11)(H,12,13)	2-hydroxy-3-carboxy-4,5-cyclopropylhex-5-enoate	C=C1CC1C(C(C(=O)O)O)C(=O)O	-0.699999988	25200592;25200593	COCONUT:(CNP0371656);PubChem:(25200592 25200593);CHEBI:(133310);PubChem class - bio and metabolites;Plantcyc:(CPD-9737);Biocyc:(CPD-9737)	19007522
7	1	N/A	-327.3598801803815	C8H10O5	[M - H2O + H]+	FPITUXIDBIAZPP	InChI=1S/C8H10O5/c9-5-1-2-8(13,4-7(11)12)6(10)3-5/h1-2,6,10,13H,3-4H2,(H,11,12)	null	C1C(C(C=CC1=O)(CC(=O)O)O)O	-1.29999995	91237081	COCONUT:(CNP0108222);Natural Products:(UNPD15275);PubChem:(91237081);SuperNatural:(SN00290688);PubMed	3178562
8	1	N/A	-334.5493243579115	C8H10O5	[M - H2O + H]+	JDRLBWTVLBROJS	InChI=1S/C8H10O5/c9-5(10)7-3-1-2-4-8(7,13-7)6(11)12/h1-4H2,(H,9,10)(H,11,12)	7-Oxabicyclo[4.1.0]heptane-1,6-dicarboxylic acid	C1CCC2(C(C1)(O2)C(=O)O)C(=O)O	0.0	18466273;22800646	COCONUT:(CNP0261621);Natural Products:(UNPD31747);PubChem:(18466273 22800646);SuperNatural:(SN00303343)	3178498
9	1	N/A	-343.3973862147959	C8H10O5	[M - H2O + H]+	TWAONCHXNZRCCW	InChI=1S/C8H10O5/c1-2-12-4-6-8(11)7(10)5(9)3-13-6/h3,9,11H,2,4H2,1H3	Argutone	CCOCC1=C(C(=O)C(=CO1)O)O	-0.100000001	3082639	COCONUT:(CNP0216346);Natural Products:(UNPD177032);PubChem:(3082639);SuperNatural:(SN00158159);MeSH:(3082639);PubMed	3178566
10	1	N/A	-381.44595792559926	C8H10O5	[M - H2O + H]+	HVURSLAWIDCRKB	InChI=1S/C8H10O5/c1-4-2-5(4)8(13,7(11)12)3-6(9)10/h5,13H,1-3H2,(H,9,10)(H,11,12)	null	C=C1CC1C(CC(=O)O)(C(=O)O)O	-1.0	25201226;25201227	Plantcyc:(CPD-9736);PubChem:(25201226 25201227);CHEBI:(139384);Biocyc:(CPD-9736);PubChem class - bio and metabolites	16910370
11	1	N/A	-389.12053441984455	C8H10O5	[M - H2O + H]+	DVLSQHLXPRYYRC	InChI=1S/C8H10O5/c1-8(2)12-6(9)5(4-11-3)7(10)13-8/h4H,1-3H3	Methoxymethylene meldrum''s acid	CC1(OC(=O)C(=COC)C(=O)O1)C	0.899999976	152111;11344463	MeSH:(152111);PubChem:(152111 11344463);PubMed	70
12	1	N/A	-392.93078486216143	C8H10O5	[M - H2O + H]+	ZLAUDCXSQKRXTA	InChI=1S/C8H10O5/c1-11-7(9)5-3-6(13-4-5)8(10)12-2/h3-4,7,9H,1-2H3	null	COC(C1=COC(=C1)C(=O)OC)O	0.506212473	""	COCONUT:(CNP0120887)	2097152
13	1	N/A	-407.52744708619144	C8H10O5	[M - H2O + H]+	JDEHLHSRIXMJEO	InChI=1S/C8H10O5/c1-5(6(10)2-3-9)4-7(11)8(12)13/h3,5H,2,4H2,1H3,(H,12,13)	null	CC(CC(=O)C(=O)O)C(=O)CC=O	-0.5	129848404	PubChem:(129848404);PubChem class - bio and metabolites	16777218
14	1	N/A	-415.16383367665156	C8H10O5	[M - H2O + H]+	RKHVYUINAFDGOB	InChI=1S/C8H10O5/c9-6(10)3-1-5-2-4-7(11)13-8(5)12/h5H,1-4H2,(H,9,10)	3-(2,6-dioxooxan-3-yl)propanoic acid	C1CC(=O)OC(=O)C1CCC(=O)O	-0.200000003	99033;98118256;98118257	PubChem:(99033 98118256 98118257);NORMAN:(NS00057719)	262146
15	1	N/A	-426.7045020895879	C8H10O5	[M - H2O + H]+	NDCAFYIKPRDGGC	InChI=1S/C8H10O5/c1-8(7(10)12-3)4-5(11-2)6(9)13-8/h4H,1-3H3	null	CC1(C=C(C(=O)O1)OC)C(=O)OC	0.699999988	124356053;124356054	COCONUT:(CNP0417129);Natural Products:(UNPD134854);PubChem:(124356053 124356054);SuperNatural:(SN00364278)	3178498
16	1	N/A	-427.59626444622154	C8H10O5	[M - H2O + H]+	DVJGIZJCFYOLFM	InChI=1S/C8H10O5/c1-5(9)13-4-8(12)6(10)2-3-7(8)11/h2-3,6,10,12H,4H2,1H3	Antibiotic SF 1768	CC(=O)OCC1(C(C=CC1=O)O)O	-1.39999998	3044301;11286885;10397526;72784777;102379785	COCONUT:(CNP0148840);Natural Products:(UNPD182720);PubChem class - safety and toxic;PubChem:(3044301 11286885 10397526 72784777 102379785);SuperNatural:(SN00317708)	70287362
17	1	N/A	-430.35005232137746	C8H10O5	[M - H2O + H]+	LAKHCBMFXFCQAB	InChI=1S/C8H10O5/c1-8(2)4(3-9)5(6(10)11)7(12)13-8/h9H,3H2,1-2H3,(H,10,11)	4-(hydroxymethyl)-5,5-dimethyl-2-oxofuran-3-carboxylate	CC1(C(=C(C(=O)O1)C(=O)O)CO)C	-0.200000003	4837036;7093925	COCONUT:(CNP0038206 CNP0116374);PubChem:(4837036 7093925);SuperNatural:(SN00072754);ZINC bio:(ZINC04084132)	3153922
18	1	N/A	-434.4681003289102	C8H10O5	[M - H2O + H]+	YGCFLXLGPRNGTJ	InChI=1S/C8H10O5/c1-12-5-3-6(9)8(11,4-5)7(10)13-2/h3,11H,4H2,1-2H3	methyl 1-hydroxy-4-methoxy-2-oxocyclopent-3-ene-1-carboxylate	COC1=CC(=O)C(C1)(C(=O)OC)O	-0.400000006	335090;4004411;14808510	COCONUT:(CNP0257075);Natural Products:(UNPD187429);PubChem:(335090 4004411 14808510);SuperNatural:(SN00337722)	3178498
19	1	N/A	-458.05399456006074	C8H10O5	[M - H2O + H]+	KOJXTLAHKLTNAF	InChI=1S/C8H10O5/c9-6-3-7(13-4-6)1-2-12-5-8(10)11/h3H,1-2,4-5H2,(H,10,11)	null	C1C(=O)C=C(O1)CCOCC(=O)O	-0.200000003	101286188	COCONUT:(CNP0234087);Natural Products:(UNPD28552);PubChem:(101286188);SuperNatural:(SN00236547)	3178498
20	1	N/A	-462.93550521822385	C8H10O5	[M - H2O + H]+	AGNRGFRAFJOXHH	InChI=1S/C8H10O5/c1-5(10)13-7-3-2-6(11)8(7,12)4-9/h2-3,7,9,12H,4H2,1H3	Pentenomycin II	CC(=O)OC1C=CC(=O)C1(CO)O	-0.899999976	198259;328264;131064046;131857636	COCONUT:(CNP0280935);KNApSAcK:(17968);Natural Products:(UNPD39974);PubChem:(198259 328264 131064046 131857636);SuperNatural:(SN00336283);MeSH:(198259);PubChem class - safety and toxic	70287382
21	1	N/A	-538.8873657816166	C8H10O5	[M - H2O + H]+	ZXCJKDVKXCEBEI	InChI=1S/C8H10O5/c1-4(10)8-6(11)2-5(3-9)12-7(8)13-8/h2,4,7,9-10H,3H2,1H3	null	CC(C12C(O1)OC(=CC2=O)CO)O	-0.899999976	10375166;85125837	COCONUT:(CNP0138521);HMDB:(41026);KNApSAcK:(24010);Natural Products:(UNPD193598 UNPD194939);PubChem:(10375166 85125837);SuperNatural:(SN00254249 SN00247844);PubChem class - bio and metabolites	19955738
1	1	0.2871017085013698	-12.671626473619646	C8H8O4	[M + H]+	WKOLLVMJNQIZCI	InChI=1S/C8H8O4/c1-12-7-4-5(8(10)11)2-3-6(7)9/h2-4,9H,1H3,(H,10,11)	Vanillate	COC1=C(C=CC(=C1)C(=O)O)O	0.884501636	8468;10535133;10630957;10749645;12358657;54675858;71752915;102295056;102295057;131708670	HMDB:(484);PubChem class - food;SuperNatural:(SN00313543 SN00001340);ZINC bio:(ZINC00338275);additional;MeSH:(8468);Plantcyc:(VANILLATE);PubMed;NORMAN:(NS00014581);COCONUT:(CNP0086401 CNP0122021);KNApSAcK:(2682);Natural Products:(UNPD165274 UNPD172019);PubChem:(8468 10535133 10630957 10749645 12358657 54675858 71752915 102295056 102295057 131708670);CHEBI:(30816 16632);PubChem class - bio and metabolites;KEGG:(C06672);PubChem class - safety and toxic;YMDB:(1802);PubChem class - drug;Biocyc:(VANILLATE)	255830398
2	1	N/A	-15.452245751088602	C8H8O4	[M + H]+	LBKFGYZQBSGRHY	InChI=1S/C8H8O4/c1-12-7-3-2-5(8(10)11)4-6(7)9/h2-4,9H,1H3,(H,10,11)	isovanillate	COC1=C(C=C(C=C1)C(=O)O)O	0.884501636	12575;12304637;54706655	HMDB:(60003);SuperNatural:(SN00045228 SN00232357);ZINC bio:(ZINC00402986);additional;MeSH:(12575);PubMed;NORMAN:(NS00014856);COCONUT:(CNP0220341 CNP0376338);KNApSAcK:(29502);Natural Products:(UNPD107344);PubChem:(12575 12304637 54706655);YMDB Mine;CHEBI:(63797 63798);PubChem class - bio and metabolites;EcoCyc Mine;PubChem class - safety and toxic;Training Set;KEGG Mine	60217417854
3	1	N/A	-66.30648548731408	C8H8O4	[M + H]+	DSMHCSBCMFQGAZ	InChI=1S/C8H8O4/c1-12-7-5(8(10)11)3-2-4-6(7)9/h2-4,9H,1H3,(H,10,11)	Ambap2169-28-0	COC1=C(C=CC=C1O)C(=O)O	0.884501636	13434501	COCONUT:(CNP0226066);HMDB:(140902);Natural Products:(UNPD45535);PubChem:(13434501);ZINC bio:(ZINC02513709);PubChem class - bio and metabolites;EcoCyc Mine;KEGG Mine	25788719114
4	1	N/A	-69.6063091060394	C8H8O4	[M + H]+	AUZQQIPZESHNMG	InChI=1S/C8H8O4/c1-12-6-4-2-3-5(7(6)9)8(10)11/h2-4,9H,1H3,(H,10,11)	o-Vanillic acid	COC1=CC=CC(=C1O)C(=O)O	0.884501636	70140;54716706	HMDB:(59713);SuperNatural:(SN00043607 SN00382219);ZINC bio:(ZINC00162392);additional;MeSH:(70140);PubMed;NORMAN:(NS00014726);COCONUT:(CNP0153479 CNP0252951);Natural Products:(UNPD178325);PubChem:(70140 54716706);CHEBI:(68496);PubChem class - bio and metabolites;EcoCyc Mine;PubChem class - safety and toxic;Training Set;KEGG Mine	25857679470
5	1	N/A	-73.77681824204149	C8H8O4	[M + H]+	IZZIWIAOVZOBLF	InChI=1S/C8H8O4/c1-12-5-2-3-7(9)6(4-5)8(10)11/h2-4,9H,1H3,(H,10,11)	5-Methoxysalicylate	COC1=CC(=C(C=C1)O)C(=O)O	0.884501636	75787;54694270	HMDB:(1868);SuperNatural:(SN00388420);ZINC bio:(ZINC00157039);additional;MeSH:(75787);PubMed;NORMAN:(NS00014758);COCONUT:(CNP0195415);Natural Products:(UNPD168645);PubChem:(75787 54694270);CHEBI:(89830);PubChem class - bio and metabolites;EcoCyc Mine;PubChem class - safety and toxic;Training Set;KEGG Mine	25857679470
6	1	N/A	-75.45242922809466	C8H8O4	[M + H]+	GWYPJBKNXSRAPX	InChI=1S/C8H8O4/c1-12-7-4-5(9)2-3-6(7)8(10)11/h2-4,9H,1H3,(H,10,11)	4-Hydroxy-2-methoxybenzoic acid	COC1=C(C=CC(=C1)O)C(=O)O	0.884501636	12695575;54708241	COCONUT:(CNP0174648 CNP0302772);KNApSAcK:(34769);Natural Products:(UNPD174527);PubChem:(12695575 54708241);SuperNatural:(SN00250192 SN00158458);ZINC bio:(ZINC13481432);EcoCyc Mine;KEGG Mine	25772990482
7	1	N/A	-75.76441775473636	C8H8O4	[M + H]+	CUFLZUDASVUNOE	InChI=1S/C8H8O4/c1-12-8(11)5-2-3-6(9)7(10)4-5/h2-4,9-10H,1H3	Methyl protocatechuate	COC(=O)C1=CC(=C(C=C1)O)O	0.884501636	287064	SuperNatural:(SN00036086);ZINC bio:(ZINC00405329);MeSH:(287064);PubMed;COCONUT:(CNP0279680);KNApSAcK:(31089);Natural Products:(UNPD152829);PubChem:(287064);YMDB Mine;CHEBI:(132366);EcoCyc Mine;PubChem class - safety and toxic;Training Set;KEGG Mine	60199854198
8	1	N/A	-82.81096385782307	C8H8O4	[M + H]+	MRIXVKKOHPQOFK	InChI=1S/C8H8O4/c1-12-5-2-3-6(8(10)11)7(9)4-5/h2-4,9H,1H3,(H,10,11)	2-Hydroxy-p-anisic Acid	COC1=CC(=C(C=C1)C(=O)O)O	0.884501636	75231;54694280	HMDB:(131176);SuperNatural:(SN00300710 SN00155212);ZINC bio:(ZINC00162391);additional;PubMed;NORMAN:(NS00014744);COCONUT:(CNP0102420 CNP0182362);Natural Products:(UNPD127906);PubChem:(75231 54694280);YMDB Mine;PubChem class - bio and metabolites;EcoCyc Mine;PubChem class - safety and toxic;Training Set	51627483210
9	1	N/A	-89.45282221455665	C8H8O4	[M + H]+	FXMQSVMVTHLCSF	InChI=1S/C8H8O4/c1-12-7-3-2-5(9)4-6(7)8(10)11/h2-4,9H,1H3,(H,10,11)	3-Hydroxy-6-methoxybenzoic acid	COC1=C(C=C(C=C1)O)C(=O)O	0.884501636	18464607	COCONUT:(CNP0241896);Natural Products:(UNPD20596);PubChem:(18464607);ZINC bio:(ZINC13481458);EcoCyc Mine;PubMed;KEGG Mine	25771941954
10	1	N/A	-95.7668616553857	C8H8O4	[M + H]+	TUUBOHWZSQXCSW	InChI=1S/C8H8O4/c1-12-7-3-5(8(10)11)2-6(9)4-7/h2-4,9H,1H3,(H,10,11)	3-hydroxy-5-methoxybenzoate	COC1=CC(=CC(=C1)O)C(=O)O	0.884501636	7472024;54685935	COCONUT:(CNP0247560);HMDB:(125536);Natural Products:(UNPD57520);PubChem:(7472024 54685935);ZINC bio:(ZINC05046498);PubChem class - bio and metabolites;EcoCyc Mine;PubMed;KEGG Mine	25788719178
11	1	N/A	-99.41799218423833	C8H8O4	[M + H]+	AAUQLHHARJUJEH	InChI=1S/C8H8O4/c1-12-6-4-2-3-5(9)7(6)8(10)11/h2-4,9H,1H3,(H,10,11)	6-Hydroxy-o-anisic Acid	COC1=CC=CC(=C1C(=O)O)O	0.884501636	591524;54694278	NORMAN:(NS00014767);COCONUT:(CNP0192684);Natural Products:(UNPD18291);PubChem:(591524 54694278);SuperNatural:(SN00386091);ZINC bio:(ZINC00160506);PubChem class - safety and toxic;PubMed	70557762
12	1	N/A	-111.56396966070604	C8H8O4	[M + H]+	KMRRXSZDSGYLCD	InChI=1S/C8H8O4/c1-4-6(9)2-5(8(11)12)3-7(4)10/h2-3,9-10H,1H3,(H,11,12)	3,5-dihydroxy-4-methylbenzoate	CC1=C(C=C(C=C1O)C(=O)O)O	1.10000002	2748045;54694273	COCONUT:(CNP0063468);PubChem:(2748045 54694273);SuperNatural:(SN00117488);ZINC bio:(ZINC00157336);additional;EcoCyc Mine;PubChem class - safety and toxic;Training Set	17250672642
13	1	N/A	-120.97596249109246	C8H8O4	[M + H]+	UAFQVVYJCLAIGY	InChI=1S/C8H8O4/c1-12-8-6(10)2-5(4-9)3-7(8)11/h2-4,10-11H,1H3	3,5-dihydroxy-4-methoxybenzaldehyde	COC1=C(C=C(C=C1O)C=O)O	0.600000024	12928004	COCONUT:(CNP0109385);Natural Products:(UNPD126350);PubChem:(12928004);SuperNatural:(SN00392892);ZINC bio:(ZINC14775570);PubMed	3186754
14	1	N/A	-127.23971064137592	C8H8O4	[M + H]+	ZFZAFNQYRZGWNK	InChI=1S/C8H8O4/c1-12-8-2-5(4-9)6(10)3-7(8)11/h2-4,10-11H,1H3	2,4-Dihydroxy-5-methoxybenzaldehyde	COC1=C(C=C(C(=C1)C=O)O)O	1.20000005	11194554	PubChem class - safety and toxic;PubChem:(11194554);YMDB Mine;KEGG Mine	43016781826
15	1	N/A	-127.48396204631291	C8H8O4	[M + H]+	RNVFYQUEEMZKLR	InChI=1S/C8H8O4/c1-12-8(11)5-2-6(9)4-7(10)3-5/h2-4,9-10H,1H3	Methyl alpha-resorcylate	COC(=O)C1=CC(=CC(=C1)O)O	0.884501636	75076	NORMAN:(NS00026883);COCONUT:(CNP0192698);Natural Products:(UNPD163106);PubChem:(75076);SuperNatural:(SN00284261);ZINC bio:(ZINC00156974);EcoCyc Mine;PubMed	17183318082
16	1	N/A	-127.62988924273479	C8H8O4	[M + H]+	QZCIFUSRAPIQJN	InChI=1S/C8H8O4/c9-4-6-3-5(8(11)12)1-2-7(6)10/h1-3,9-10H,4H2,(H,11,12)	4-hydroxy-3-(hydroxymethyl)benzoic acid	C1=CC(=C(C=C1C(=O)O)CO)O	0.439513743	14402031;102515204	PubChem:(14402031 102515204);PubMed;Biocyc:(CPD-18293);PubChem class - bio and metabolites	16779330
17	1	N/A	-129.5380457906871	C8H8O4	[M + H]+	LUQAZOYFYBTSKU	InChI=1S/C8H8O4/c9-4-6-2-1-5(8(11)12)3-7(6)10/h1-3,9-10H,4H2,(H,11,12)	null	C1=CC(=C(C=C1C(=O)O)O)CO	0.800000012	13909571;54696588	COCONUT:(CNP0123838);Natural Products:(UNPD71207);PubChem:(13909571 54696588)	2129922
18	1	N/A	-132.42709942023362	C8H8O4	[M + H]+	FZLOTQMQISYYEK	InChI=1S/C8H8O4/c1-4-2-7(10)5(8(11)12)3-6(4)9/h2-3,9-10H,1H3,(H,11,12)	Benzoic acid, 2,5-dihydroxy-4-methyl-	CC1=CC(=C(C=C1O)C(=O)O)O	1.70000005	14402032;102515158	PubChem:(14402032 102515158);ZINC bio:(ZINC13526482);PubChem class - bio and metabolites;EcoCyc Mine;PubMed;Biocyc:(CPD-18272);KEGG Mine	25786591298
19	1	N/A	-134.76009756367642	C8H8O4	[M + H]+	WCQZCKUNZVMBDC	InChI=1S/C8H8O4/c1-12-8(11)7-5(9)3-2-4-6(7)10/h2-4,9-10H,1H3	Methyl 2,6-dihydroxybenzoate	COC(=O)C1=C(C=CC=C1O)O	0.884501636	519869	COCONUT:(CNP0175842);Natural Products:(UNPD123518);PubChem:(519869);YMDB Mine;ZINC bio:(ZINC00396094);PubChem class - safety and toxic;PubMed;KEGG Mine	43018920002
20	1	N/A	-137.51138526560203	C8H8O4	[M + H]+	YBZAVRDNSPUMFK	InChI=1S/C8H8O4/c1-4-2-5(9)7(8(11)12)6(10)3-4/h2-3,9-10H,1H3,(H,11,12)	p-Osellinic acid	CC1=CC(=C(C(=C1)O)C(=O)O)O	2.20000005	68074;54706646	NORMAN:(NS00031756);COCONUT:(CNP0244321);Natural Products:(UNPD109811);PubChem:(68074 54706646);SuperNatural:(SN00247852);ZINC bio:(ZINC00391412);additional;PubChem class - safety and toxic;PubMed;KEGG Mine	8661016642
21	1	N/A	-140.7320045286721	C8H8O4	[M + H]+	CFFZDZCDUFSOFZ	InChI=1S/C8H8O4/c9-6-2-1-5(3-7(6)10)4-8(11)12/h1-3,9-10H,4H2,(H,11,12)	bmse000329	C1=CC(=C(C=C1CC(=O)O)O)O	0.636410713	547;5460350;10797206;46781331;76973352;76973721;76973825	HMDB:(1336);SuperNatural:(SN00001382 SN00362340);ZINC bio:(ZINC00388555);MeSH:(547);Plantcyc:(CPD-782);PubMed;NORMAN:(NS00014707);COCONUT:(CNP0276169 CNP0313943);KNApSAcK:(40996);Natural Products:(UNPD147290);PubChem:(547 5460350 10797206 46781331 76973352 76973721 76973825);YMDB Mine;CHEBI:(41941 17612);PubChem class - bio and metabolites;KEGG:(C01161);PubChem class - safety and toxic;Biocyc:(CPD-782)	34447206782
22	1	N/A	-141.96193161347617	C8H8O4	[M + H]+	AMKYESDOVDKZKV	InChI=1S/C8H8O4/c1-4-2-5(9)3-6(10)7(4)8(11)12/h2-3,9-10H,1H3,(H,11,12)	Orsellinate	CC1=CC(=CC(=C1C(=O)O)O)O	1.70000005	68072;54718175	SuperNatural:(SN00383078 SN00001877);ZINC bio:(ZINC00901157);MeSH:(68072);PubMed;NORMAN:(NS00031754);COCONUT:(CNP0026553 CNP0194999);KNApSAcK:(487);Natural Products:(UNPD84208);PubChem:(68072 54718175);CHEBI:(16162 32807);PubChem class - bio and metabolites;EcoCyc Mine;KEGG:(C01839);PubChem class - safety and toxic;Biocyc:(CPD-47)	17267206518
23	1	N/A	-142.39565034685933	C8H8O4	[M + H]+	YLRJQJWRABXQKQ	InChI=1S/C8H8O4/c1-4-2-5(8(11)12)7(10)3-6(4)9/h2-3,9-10H,1H3,(H,11,12)	5-Methyl-beta-resorcylic acid	CC1=CC(=C(C=C1O)O)C(=O)O	1.70000005	199705	EcoCyc Mine;PubChem class - safety and toxic;PubChem:(199705)	17246978050
24	1	N/A	-142.43966743316517	C8H8O4	[M + H]+	XGDPKUKRQHHZTH	InChI=1S/C8H8O4/c1-12-8(11)6-4-5(9)2-3-7(6)10/h2-4,9-10H,1H3	Methyl gentisate	COC(=O)C1=C(C=CC(=C1)O)O	0.884501636	75077;12285944	SuperNatural:(SN00351630);ZINC bio:(ZINC00396084);MeSH:(75077);PubMed;NORMAN:(NS00026884);COCONUT:(CNP0221274);Natural Products:(UNPD35540);PubChem:(75077 12285944);YMDB Mine;EcoCyc Mine;PubChem class - safety and toxic;KEGG Mine	60200099910
25	1	N/A	-142.85943256571005	C8H8O4	[M + H]+	RRKMWVISRMWBAL	InChI=1S/C8H8O4/c1-12-7-3-5(4-9)2-6(10)8(7)11/h2-4,10-11H,1H3	5-Hydroxyvanillin	COC1=CC(=CC(=C1O)O)C=O	0.717551172	77535;10931871	NORMAN:(NS00030569);COCONUT:(CNP0377931);Natural Products:(UNPD16627);PubChem:(77535 10931871);SuperNatural:(SN00336139);YMDB Mine;ZINC bio:(ZINC01747212);PubChem class - safety and toxic;PubMed;KEGG Mine	43020230722
26	1	N/A	-143.7976486609534	C8H8O4	[M + H]+	IAPQCQCJCOIPGG	InChI=1S/C8H8O4/c1-11-7-4-2-6(3-5-7)8(9)12-10/h2-5,10H,1H3	p-Methoxyperbenzoic acid	COC1=CC=C(C=C1)C(=O)OO	1.47246778	70325	PubChem:(70325);NORMAN:(NS00039887)	262146
27	1	N/A	-143.81395243844403	C8H8O4	[M + H]+	DOAJWTSNTNAEIY	InChI=1S/C8H8O4/c1-12-8(11)5-3-2-4-6(9)7(5)10/h2-4,9-10H,1H3	methyl2,3-dihydroxybenzoate	COC(=O)C1=C(C(=CC=C1)O)O	0.884501636	75484	NORMAN:(NS00027560);COCONUT:(CNP0158183);Natural Products:(UNPD38180);PubChem:(75484);SuperNatural:(SN00290930);YMDB Mine;ZINC bio:(ZINC01702439);EcoCyc Mine;PubChem class - safety and toxic;PubMed;KEGG Mine	60200099906
28	1	N/A	-145.64414045165384	C8H8O4	[M + H]+	ZBVPYEQOYJWSJW	InChI=1S/C8H8O4/c1-4-2-5(9)3-6(7(4)10)8(11)12/h2-3,9-10H,1H3,(H,11,12)	3-methylgentisate	CC1=CC(=CC(=C1O)C(=O)O)O	0.958150148	14402033;54728789	PubChem:(14402033 54728789);ZINC bio:(ZINC13526825);PubChem class - bio and metabolites;EcoCyc Mine;PubMed;Biocyc:(CPD-11245);KEGG Mine	25786591298
29	1	N/A	-147.79542254414238	C8H8O4	[M + H]+	IIFCLXHRIYTHPV	InChI=1S/C8H8O4/c1-12-8(11)6-3-2-5(9)4-7(6)10/h2-4,9-10H,1H3	Methyl beta-resorcylate	COC(=O)C1=C(C=C(C=C1)O)O	0.884501636	16523	NORMAN:(NS00026885);COCONUT:(CNP0316033);Natural Products:(UNPD75412);PubChem:(16523);SuperNatural:(SN00155211);YMDB Mine;ZINC bio:(ZINC00080786);EcoCyc Mine;PubChem class - safety and toxic;PubMed;KEGG Mine	60200099906
30	1	N/A	-150.2923212946561	C8H8O4	[M + H]+	CROCAQYJJNCZQH	InChI=1S/C8H8O4/c9-6-2-1-3-7(10)5(6)4-8(11)12/h1-3,9-10H,4H2,(H,11,12)	2,6-Dihydroxyphenylacetate	C1=CC(=C(C(=C1)O)CC(=O)O)O	0.699999988	440944;5460016	COCONUT:(CNP0135400);PubChem:(440944 5460016);SuperNatural:(SN00213398);CHEBI:(28440 952);ZINC bio:(ZINC00896079);KEGG:(C06207)	3154210
31	1	N/A	-153.78196116316633	C8H8O4	[M + H]+	UWYHEGBHZPUZEE	InChI=1S/C8H8O4/c1-4-2-3-5(8(11)12)7(10)6(4)9/h2-3,9-10H,1H3,(H,11,12)	4-Methyl-o-pyrocatechuic acid	CC1=C(C(=C(C=C1)C(=O)O)O)O	0.958150148	19827;54750445	PubChem:(19827 54750445);ZINC bio:(ZINC02038230);EcoCyc Mine;PubMed;Biocyc:(CPD-19404);KEGG Mine	25769814082
32	1	N/A	-154.4107782221887	C8H8O4	[M + H]+	LPXHPAYRONCQIF	InChI=1S/C8H8O4/c9-6-3-1-2-4-7(6)12-5-8(10)11/h1-4,9H,5H2,(H,10,11)	Oprea1_081061	C1=CC=C(C(=C1)O)OCC(=O)O	0.820180833	22783;3340143	NORMAN:(NS00044256);PubChem:(22783 3340143);EcoCyc Mine;PubChem class - safety and toxic;PubMed;KEGG Mine	25837174850
33	1	N/A	-154.9818380565924	C8H8O4	[M + H]+	BQODWKVFKSFKMB	InChI=1S/C8H8O4/c1-4-5(9)2-3-6(10)7(4)8(11)12/h2-3,9-10H,1H3,(H,11,12)	3,6-dihydroxy-2-methylbenzoate	CC1=C(C=CC(=C1C(=O)O)O)O	1.70000005	2752041;54702511	COCONUT:(CNP0026322);PubChem:(2752041 54702511);SuperNatural:(SN00125360);ZINC bio:(ZINC03847160);EcoCyc Mine;KEGG Mine	25772957698
34	1	N/A	-155.19560386548224	C8H8O4	[M + H]+	DSQWHAJLUOQMFI	InChI=1S/C8H8O4/c9-4-5-1-2-6(8(11)12)7(10)3-5/h1-3,9-10H,4H2,(H,11,12)	4-Hydroxymethylsalicylate	C1=CC(=C(C=C1CO)O)C(=O)O	0.439513743	656883;54675847	KEGG:(C14109);PubChem:(656883 54675847);PubMed;CHEBI:(20415)	354
35	1	N/A	-155.29173647558267	C8H8O4	[M + H]+	IGMNYECMUMZDDF	InChI=1S/C8H8O4/c9-6-1-2-7(10)5(3-6)4-8(11)12/h1-3,9-10H,4H2,(H,11,12)	Alcapton	C1=CC(=C(C=C1O)CC(=O)O)O	0.636410713	780;5460389;46781702	HMDB:(130);SuperNatural:(SN00001381 SN00387546);ZINC bio:(ZINC00388428);additional;MeSH:(780);Plantcyc:(HOMOGENTISATE);PubMed;NORMAN:(NS00015132);COCONUT:(CNP0114662 CNP0197540);KNApSAcK:(7309);Natural Products:(UNPD49904);PubChem:(780 5460389 46781702);CHEBI:(16169 44747);PubChem class - bio and metabolites;EcoCyc Mine;KEGG:(C00544);PubChem class - safety and toxic;Training Set;Biocyc:(HOMOGENTISATE)	17267878270
36	1	N/A	-156.16584436203374	C8H8O4	[M + H]+	OJZYLUUHIAKDJT	InChI=1S/C8H8O4/c1-12-6-3-2-5(4-9)7(10)8(6)11/h2-4,10-11H,1H3	Ambap4055-69-0	COC1=C(C(=C(C=C1)C=O)O)O	0.717551172	11557352;132915917	COCONUT:(CNP0224833);Natural Products:(UNPD193059);PubChem:(11557352 132915917)	2129922
37	1	N/A	-158.30960553932954	C8H8O4	[M + H]+	YUGMCLJIWGEKCK	InChI=1S/C8H8O4/c9-4-8(12)5-1-2-6(10)7(11)3-5/h1-4,8,10-12H	3,4-Dihydroxymandelaldehyde	C1=CC(=C(C=C1C(C=O)O)O)O	0.235715985	151725;90657292;92143140	COCONUT:(CNP0280132);HMDB:(6242);PubChem:(151725 90657292 92143140);CHEBI:(27852);PubChem class - bio and metabolites;EcoCyc Mine;MeSH:(151725);KEGG:(C05577);Plantcyc:(DIHYDROXYPHENYLGLYCOLALDEHYDE);PubMed;Biocyc:(DIHYDROXYPHENYLGLYCOLALDEHYDE)	17198877038
38	1	N/A	-170.2079864688783	C8H8O4	[M + H]+	KZCSDJKWEYGAIX	InChI=1S/C8H8O4/c1-4-6(9)3-2-5(7(4)10)8(11)12/h2-3,9-10H,1H3,(H,11,12)	3-Methyl-beta-resorcylic acid	CC1=C(C=CC(=C1O)C(=O)O)O	1.70000005	78436	NORMAN:(NS00006639);EcoCyc Mine;PubChem class - safety and toxic;PubChem:(78436);KEGG Mine	25837174786
39	1	N/A	-171.48395226498303	C8H8O4	[M + H]+	FSQDURCMBCGCIK	InChI=1S/C8H8O4/c9-6-2-1-5(3-8(11)12)7(10)4-6/h1-2,4,9-10H,3H2,(H,11,12)	Homo-beta-resorcylic acid	C1=CC(=C(C=C1O)O)CC(=O)O	0.636410713	69199	NORMAN:(NS00034699);COCONUT:(CNP0153620);Natural Products:(UNPD224240);PubChem:(69199);YMDB Mine;ZINC bio:(ZINC01845974);EcoCyc Mine;MeSH:(69199);PubMed;KEGG Mine	60131942470
40	1	N/A	-177.6404933493358	C8H8O4	[M + H]+	IOVOJJDSFSXJQN	InChI=1S/C8H8O4/c9-6-1-5(3-8(11)12)2-7(10)4-6/h1-2,4,9-10H,3H2,(H,11,12)	Ambap4670-09-1	C1=C(C=C(C=C1O)O)CC(=O)O	0.699999988	597768;22596846	COCONUT:(CNP0371328);HMDB:(94709);PubChem:(597768 22596846);CHEBI:(131431);ZINC bio:(ZINC02586006);PubChem class - bio and metabolites;EcoCyc Mine;PubMed;KEGG Mine	25788686442
41	1	N/A	-181.59453484733268	C8H8O4	[M + H]+	LNZSKFZHPHBUDI	InChI=1S/C8H8O4/c9-4-8(12)5-1-2-6(10)7(11)3-5/h1-3,9-11H,4H2	Ethanone, 1-(3,4-dihydroxyphenyl)-2-hydroxy-	C1=CC(=C(C=C1C(=O)CO)O)O	0.297978997	22134444	COCONUT:(CNP0281749);Natural Products:(UNPD151655);PubChem:(22134444);SuperNatural:(SN00347239);PubMed;KEGG Mine	8593113154
42	1	N/A	-183.8955898899952	C8H8O4	[M + H]+	OLSDAJRAVOVKLG	InChI=1S/C8H8O4/c9-6-3-1-2-5(4-6)7(10)8(11)12/h1-4,7,9-10H,(H,11,12)	bmse000573	C1=CC(=CC(=C1)O)C(C(=O)O)O	0.402666479	86957;13358352;13358353;20849044;41097513;41097514	HMDB:(750);SuperNatural:(SN00215836 SN00378628);ZINC bio:(ZINC00395643 ZINC00395644);additional;MeSH:(86957);PubMed;NORMAN:(NS00014719);COCONUT:(CNP0133718);Natural Products:(UNPD76300);PubChem:(86957 13358352 13358353 20849044 41097513 41097514);CHEBI:(86553);PubChem class - bio and metabolites;EcoCyc Mine;Training Set;Biocyc:(CPD-17655);KEGG Mine	25790572654
43	1	N/A	-185.3882372164103	C8H8O4	[M + H]+	PKGWLCZTTHWKIZ	InChI=1S/C8H8O4/c9-6-1-3-7(4-2-6)12-5-8(10)11/h1-4,9H,5H2,(H,10,11)	4-Hydroxypheoxyacetate	C1=CC(=CC=C1O)OCC(=O)O	0.820180833	15881;6950842	SuperNatural:(SN00213170);ZINC bio:(ZINC00396107);MeSH:(15881);PubMed;NORMAN:(NS00026144);COCONUT:(CNP0053966);PubChem:(15881 6950842);YMDB Mine;CHEBI:(1881);EcoCyc Mine;KEGG:(C03235);PubChem class - safety and toxic	51610132838
44	1	N/A	-187.1559171623367	C8H8O4	[M + H]+	YHXHKYRQLYQUIH	InChI=1S/C8H8O4/c9-6-3-1-5(2-4-6)7(10)8(11)12/h1-4,7,9-10H,(H,11,12)	4-Hydroxymandelate	C1=CC(=CC=C1C(C(=O)O)O)O	0.402666479	328;439940;440639;5460030;5460261;5460397;56614189	HMDB:(822);SuperNatural:(SN00370711);ZINC bio:(ZINC00388426 ZINC00395645);MeSH:(328);Plantcyc:(CPD-105 CPD-106);PubMed;NORMAN:(NS00014743);COCONUT:(CNP0103860);Natural Products:(UNPD103096 UNPD55642);PubChem:(328 439940 440639 5460030 5460261 5460397 56614189);YMDB Mine;CHEBI:(32804 27996 17210 32802 32803 16388);PubChem class - bio and metabolites;EcoCyc Mine;KEGG:(C05343 C03198 C11527);PubChem class - safety and toxic;Biocyc:(CPD-105 CPD-106 CPD1UA-5653 CPD1UA-5662)	51627075950
45	1	N/A	-189.27099657376866	C8H8O4	[M + H]+	SORMFPBLGIOKJT	InChI=1S/C8H8O4/c9-6-1-2-7(10)5(3-6)4-8(11)12/h1-3,7,10H,4H2,(H,11,12)	null	C1=CC(=O)C=C(C1O)CC(=O)O	-1.0	137349529;139033418	PubChem:(137349529 139033418);PubChem class - bio and metabolites	16777218
46	1	N/A	-192.2541896941765	C8H8O4	[M + H]+	MZMRFDKQPOMOGX	InChI=1S/C8H8O4/c1-4-3-6(9)7(8(10)11)5(2)12-4/h3H,1-2H3,(H,10,11)	2,6-Dimethyl-4-pyrone-3-carboxylic acid	CC1=CC(=O)C(=C(O1)C)C(=O)O	1.20000005	201105;6987082	PubChem:(201105 6987082);PubChem class - safety and toxic	67108866
47	1	N/A	-192.87759517210782	C8H8O4	[M + H]+	BJIODCHLKBGSCT	InChI=1S/C8H8O4/c1-2-6(9)4-3-5-7(10)8(11)12/h2-5,10H,1H2,(H,11,12)	2-Hydroxy-6-oxoocta-2,4,7-trienoate	C=CC(=O)C=CC=C(C(=O)O)O	0.800000012	441227;5281013;9543045;54675828;54724351	PubChem:(441227 5281013 9543045 54675828 54724351);CHEBI:(18540 1141);EcoCyc Mine;KEGG:(C07087);PubMed;KEGG Mine	25769804130
48	1	N/A	-195.28384236503862	C8H8O4	[M + H]+	TWLSOWAQVSIFIF	InChI=1S/C8H8O4/c9-6-4-2-1-3-5(6)7(10)8(11)12/h1-4,7,9-10H,(H,11,12)	2-Hydroxymandelic acid	C1=CC=C(C(=C1)C(C(=O)O)O)O	1.0	161262;161263;13358345;52938359;138398384	MeSH:(161262 161263 138398384);PubChem:(161262 161263 13358345 52938359 138398384);PubMed;KEGG Mine	8589934662
49	1	N/A	-200.8673460545413	C8H8O4	[M + H]+	RHVCAYPGAKFGLL	InChI=1S/C8H8O4/c1-5(9)12-6-2-3-7(10)8(11)4-6/h2-4,10-11H,1H3	(3,4-dihydroxyphenyl) acetate	CC(=O)OC1=CC(=C(C=C1)O)O	0.919437349	13783060	COCONUT:(CNP0238472);Natural Products:(UNPD113120);PubChem:(13783060);ZINC bio:(ZINC13510783);PubMed;KEGG Mine	8592072770
50	1	N/A	-211.13054248754915	C8H8O4	[M + H]+	VKVOJYUPJRVDPP	InChI=1S/C8H8O4/c9-7(10)8(11,12)6-4-2-1-3-5-6/h1-5,11-12H,(H,9,10)	2,2-dihydroxy-2-phenylacetate	C1=CC=C(C=C1)C(C(=O)O)(O)O	0.263803214	15930710;17978928	NORMAN:(NS00038261);PubChem:(15930710 17978928);PubMed	262210
51	1	N/A	-212.37561061434283	C8H8O4	[M + H]+	IBKQQKPQRYUGBJ	InChI=1S/C8H8O4/c1-4(9)5-2-6(10)8(12)7(11)3-5/h2-3,10-12H,1H3	3,4,5-Trihydroxyacetophenone	CC(=O)C1=CC(=C(C(=C1)O)O)O	0.397235513	36586	COCONUT:(CNP0139788);Natural Products:(UNPD167650);PubChem:(36586);PubChem class - safety and toxic;PubMed;KEGG Mine	8659173442
52	1	N/A	-213.81066387347298	C8H8O4	[M + H]+	DCNHYWSNHGOKHN	InChI=1S/C8H8O4/c1-11-7-3-5(9)6(10)4-8(7)12-2/h3-4H,1-2H3	3,2-dione, 4,5-dimethoxy-	COC1=CC(=O)C(=O)C=C1OC	-0.300000012	88786	NORMAN:(NS00026785);PubChem:(88786);PubMed;ZINC bio:(ZINC01710884)	270402
53	1	N/A	-215.0317507782099	C8H8O4	[M + H]+	MELHVRFNTXYFMN	InChI=1S/C8H8O4/c1-5(9)7-3-6(11-2)4-8(10)12-7/h3-4H,1-2H3	null	CC(=O)C1=CC(=CC(=O)O1)OC	0.400000006	42611989	COCONUT:(CNP0295805);Natural Products:(UNPD27605);PubChem:(42611989);SuperNatural:(SN00245355);additional	3702786
54	1	N/A	-216.56343914900194	C8H8O4	[M + H]+	MLQUXOCAFOIUKM	InChI=1S/C8H8O4/c1-2-5-3-6(8(10)11)12-7(9)4-5/h3-4H,2H2,1H3,(H,10,11)	null	CCC1=CC(=O)OC(=C1)C(=O)O	0.899999976	14516694	COCONUT:(CNP0216144);Natural Products:(UNPD32253);PubChem:(14516694);SuperNatural:(SN00341044)	3178498
55	1	N/A	-225.76432327426076	C8H8O4	[M + H]+	WONDPHGHRLIPCB	InChI=1S/C8H8O4/c9-6-3-5(7(10)4-6)1-2-8(11)12/h1-3,7,10H,4H2,(H,11,12)	2-Propenoic acid, 3-(5-hydroxy-3-oxo-1-cyclopenten-1-yl)-	C1C(C(=CC1=O)C=CC(=O)O)O	-1.10000002	20736170;73702668	COCONUT:(CNP0304480);Natural Products:(UNPD61202);PubChem:(20736170 73702668)	2129922
56	1	N/A	-229.2052225386367	C8H8O4	[M + H]+	QOADIMYPCZMZSG	InChI=1S/C8H8O4/c1-4-3-6(9)12-5(2)7(4)8(10)11/h3H,1-2H3,(H,10,11)	Isodehydracetic acid	CC1=CC(=O)OC(=C1C(=O)O)C	0.300000012	95775;4226342	NORMAN:(NS00031755);COCONUT:(CNP0062703 CNP0133346);PubChem:(95775 4226342);SuperNatural:(SN00042679);ZINC bio:(ZINC00036422);PubChem class - safety and toxic;PubMed	70524994
57	1	N/A	-232.13967866954894	C8H8O4	[M + H]+	OYUWHGGWLCJJNP	InChI=1S/C8H8O4/c9-7(10)5-3-1-2-4-6(5)8(11)12/h1-6H,(H,9,10)(H,11,12)	1,2-Dihydrophthalic acid	C1=CC(C(C=C1)C(=O)O)C(=O)O	0.600000024	89904;9543383;12257173;12257174;92243802	NORMAN:(NS00048817);KEGG:(C16215);PubChem:(89904 9543383 12257173 12257174 92243802);CHEBI:(80385);ZINC bio:(ZINC04962652 ZINC04962653 ZINC12403040)	270626
58	1	N/A	-232.71584786560928	C8H8O4	[M + H]+	WINMHOHYPKKTEM	InChI=1S/C8H8O4/c1-5-7(8(10)11-2)3-6(4-9)12-5/h3-4H,1-2H3	methyl 5-formyl-2-methyl-3-furoate	CC1=C(C=C(O1)C=O)C(=O)OC	1.0	2779820	PubChem:(2779820);PubChem class - safety and toxic	67108866
59	1	N/A	-232.89860663741257	C8H8O4	[M + H]+	QCDFFGWKIQHYBT	InChI=1S/C8H8O4/c9-3-5-1-6(11)2-8(12)7(5)4-10/h1-2,4,9,11-12H,3H2	null	C1=C(C=C(C(=C1CO)C=O)O)O	0.300000012	101410629	COCONUT:(CNP0279166);Natural Products:(UNPD146835);PubChem:(101410629)	2129922
60	1	N/A	-237.79780659304566	C8H8O4	[M + H]+	WCJLAYDOJJYRHF	InChI=1S/C8H8O4/c1-4(9)5-2-7(11)8(12)3-6(5)10/h2-3,10-12H,1H3	Acetophenone, 2,4,5-trihydroxy	CC(=O)C1=CC(=C(C=C1O)O)O	1.10000002	74559	COCONUT:(CNP0243066);Natural Products:(UNPD199220);PubChem:(74559);ZINC bio:(ZINC01460500);KEGG Mine	8592072706
61	1	N/A	-239.5422234135057	C8H8O4	[M + H]+	RFJUCKOEXRTZPN	InChI=1S/C8H8O4/c9-6-1-3-8(12,4-2-6)5-7(10)11/h1-4,12H,5H2,(H,10,11)	Quinolacetic acid	C1=CC(C=CC1=O)(CC(=O)O)O	-0.100000001	6453213;23031674	COCONUT:(CNP0292188);HMDB:(240257);Natural Products:(UNPD22709);PubChem:(6453213 23031674);SuperNatural:(SN00324689);YMDB Mine;PubChem class - bio and metabolites;EcoCyc Mine;MeSH:(6453213);PubMed;KEGG Mine	60149497934
62	1	N/A	-240.27413365834232	C8H8O4	[M + H]+	MCDHEVCLXSINGJ	InChI=1S/C8H8O4/c1-5-6(11-2)3-8(10)12-7(5)4-9/h3-4H,1-2H3	null	CC1=C(OC(=O)C=C1OC)C=O	0.100000001	10678671	COCONUT:(CNP0217750);Natural Products:(UNPD112469);PubChem:(10678671);ZINC bio:(ZINC13397908);EcoCyc Mine;KEGG Mine	25771941890
63	1	N/A	-240.28518212124013	C8H8O4	[M + H]+	SWZKXPBLVIKXFB	InChI=1S/C8H8O4/c9-3-5-1-6(4-10)8(12)7(11)2-5/h1-2,4,9,11-12H,3H2	null	C1=C(C=C(C(=C1C=O)O)O)CO	0.300000012	90970230	COCONUT:(CNP0095333);PubChem:(90970230);PubMed	2097218
64	1	N/A	-245.7620919585714	C8H8O4	[M + H]+	XLEYFDVVXLMULC	InChI=1S/C8H8O4/c1-4(9)8-6(11)2-5(10)3-7(8)12/h2-3,10-12H,1H3	Spectrum2_001989	CC(=O)C1=C(C=C(C=C1O)O)O	1.10000002	68073;46702272;49788856	HMDB:(29644);SuperNatural:(SN00001202);ZINC bio:(ZINC00157773);additional;MeSH:(68073);PubMed;NORMAN:(NS00015208);COCONUT:(CNP0255105);Natural Products:(UNPD133987);PubChem:(68073 46702272 49788856);CHEBI:(64344);PubChem class - bio and metabolites;PubChem class - safety and toxic;Training Set;Biocyc:(CPD-19213);KEGG Mine	8677812334
65	1	N/A	-248.8592400879671	C8H8O4	[M + H]+	OLBNOBQOQZRLMP	InChI=1S/C8H8O4/c1-11-6-3-5(9)4-7(12-2)8(6)10/h3-4H,1-2H3	Spectrum_000723	COC1=CC(=O)C=C(C1=O)OC	0.44189316	68262	HMDB:(29673);SuperNatural:(SN00155748);MeSH:(68262);PubMed;NORMAN:(NS00006663);COCONUT:(CNP0209741);KNApSAcK:(258);Natural Products:(UNPD22348);PubChem:(68262);PubChem class - bio and metabolites;KEGG:(C10331);PubChem class - safety and toxic;Biocyc:(CPD-14556)	87329118
66	1	N/A	-249.89828622954087	C8H8O4	[M + H]+	PKLPQOJFHFGVBS	InChI=1S/C8H8O4/c1-4-3-6(10)7(5(2)9)8(11)12-4/h3,10H,1-2H3	Biocide 470F	CC1=CC(=C(C(=O)O1)C(=O)C)O	1.0	5047019;54678494	NORMAN:(NS00042174 NS00047928);COCONUT:(CNP0065333 CNP0290556 CNP0309619);HMDB:(33129);Natural Products:(UNPD67318);PubChem:(5047019 54678494);SuperNatural:(SN00299089 SN00064869);PubChem class - bio and metabolites;MeSH:(54678494);PubChem class - safety and toxic;PubMed	87326798
67	1	N/A	-250.39495510825643	C8H8O4	[M + H]+	YGTDKZHHEPVYGJ	InChI=1S/C8H8O4/c1-11-8(10)5-6(9)7-3-2-4-12-7/h2-4H,5H2,1H3	methyl 2-furoylacetate	COC(=O)CC(=O)C1=CC=CO1	1.0	228584	PubChem:(228584);PubChem class - safety and toxic	67108866
68	1	N/A	-251.51650359960513	C8H8O4	[M + H]+	GZEXNXJQYUBHHP	InChI=1S/C8H8O4/c1-2-11-8(10)7(9)6-4-3-5-12-6/h3-5H,2H2,1H3	ethyl furan-2-yl(oxo)acetate	CCOC(=O)C(=O)C1=CC=CO1	1.09892344	74230	PubChem:(74230);NORMAN:(NS00025356)	262146
69	1	N/A	-251.92612148695082	C8H8O4	[M + H]+	XDVHNDSJLILZDR	InChI=1S/C8H8O4/c1-5(10)7-3-2-6(4-9)8(11)12-7/h2-3,9H,4H2,1H3	null	CC(=O)C1=CC=C(C(=O)O1)CO	0.400000006	102442335	COCONUT:(CNP0139436);Natural Products:(UNPD221634);PubChem:(102442335)	2129922
70	1	N/A	-254.6979491672834	C8H8O4	[M + H]+	QAVITTVTXPZTSE	InChI=1S/C8H8O4/c1-6(10)11-5-8-3-2-7(4-9)12-8/h2-4H,5H2,1H3	5-Acetoxymethylfurfural	CC(=O)OCC1=CC=C(O1)C=O	0.5	66349;46779929	NORMAN:(NS00023382);COCONUT:(CNP0144118);Natural Products:(UNPD187618);PubChem:(66349 46779929);SuperNatural:(SN00332586);ZINC bio:(ZINC00047425);PubChem class - bio and metabolites;MeSH:(66349);PubChem class - safety and toxic;PubMed	87334982
71	1	N/A	-255.35268403401776	C8H8O4	[M + H]+	BGZCOKROXRLPFV	InChI=1S/C8H7O4/c1-12-7-3-6(10)2-5(4-9)8(7)11/h2-3H,4H2,1H3/q-1	null	COC1=CC(=O)C=C(C1=O)C[O-]	-0.179826498	""	COCONUT:(CNP0070616);SuperNatural:(SN00047010)	3145728
72	1	N/A	-256.44724736729034	C8H8O4	[M + H]+	RMMPZDDLWLALLJ	InChI=1S/C8H8O4/c1-11-7-3-6(10)8(12-2)4-5(7)9/h3-4H,1-2H3	Ambap3117-03-1	COC1=CC(=O)C(=CC1=O)OC	0.44189316	101405	COCONUT:(CNP0323230);HMDB:(34335);KNApSAcK:(36463);Natural Products:(UNPD85080);PubChem:(101405);PubChem class - bio and metabolites;MeSH:(101405);PubMed	18907230
73	1	N/A	-257.657850693885	C8H8O4	[M + H]+	RRSIQEMLRDKPLK	InChI=1S/C8H8O4/c1-3-4(2)6(10)8(12)7(11)5(3)9/h11-12H,1-2H3	null	CC1=C(C(=O)C(=C(C1=O)O)O)C	0.5	136239716	COCONUT:(CNP0318306);EcoCyc Mine;Natural Products:(UNPD78451);PubChem:(136239716);SuperNatural:(SN00340000)	17183047682
74	1	N/A	-262.9227923618388	C8H8O4	[M + H]+	BFOTXRXRHJHTDX	InChI=1S/C8H8O4/c1-4-5(9)3-6(12-2)8(11)7(4)10/h3,10H,1-2H3	null	CC1=C(C(=O)C(=CC1=O)OC)O	0.400000006	13918554	COCONUT:(CNP0188138);Natural Products:(UNPD169886);PubChem:(13918554);SuperNatural:(SN00286136)	3178498
75	1	N/A	-264.179210632507	C8H8O4	[M + H]+	PXEBZHWTQGYVCO	InChI=1S/C8H8O4/c1-12-7-3-6(10)2-5(4-9)8(7)11/h2-3,9H,4H2,1H3	2-Hydroxymethyl-6-methoxy-1,4-benzoquinone	COC1=CC(=O)C=C(C1=O)CO	-0.109765738	321309	COCONUT:(CNP0360843);PubChem class - safety and toxic;PubChem:(321309)	69206018
76	1	N/A	-266.1868629307781	C8H8O4	[M + H]+	BOSIWTLJHREICN	InChI=1S/C8H8O4/c1-5-3-7(12-6(2)9)4-8(10)11-5/h3-4H,1-2H3	2H-Pyran-2-one, 4-(acetyloxy)-6-methyl-	CC1=CC(=CC(=O)O1)OC(=O)C	0.600000024	12416524	COCONUT:(CNP0194677);Natural Products:(UNPD4028);PubChem:(12416524);SuperNatural:(SN00257218)	3178498
77	1	N/A	-266.71479670009484	C8H8O4	[M + H]+	XIROXSOOOAZHLL	InChI=1S/C8H8O4/c1-4(9)5-2-3-6(10)8(12)7(5)11/h2-3,10-12H,1H3	Gallacetophenone	CC(=O)C1=C(C(=C(C=C1)O)O)O	1.10000002	10706	NORMAN:(NS00021192);COCONUT:(CNP0213966);PubChem:(10706);ZINC bio:(ZINC00156821);additional;MeSH:(10706);PubChem class - safety and toxic;Training Set;PubMed;KEGG Mine	8659951686
78	1	N/A	-267.9206966701217	C8H8O4	[M + H]+	BVWJFDHKOJMNQI	InChI=1S/C8H8O4/c1-4-2-5(9)7-8(6(4)10)12-3-11-7/h2,9-10H,3H2,1H3	null	CC1=CC(=C2C(=C1O)OCO2)O	1.39999998	67170181	COCONUT:(CNP0132046);Natural Products:(UNPD203580);PubChem:(67170181);PubMed	2129986
79	1	N/A	-270.5741305409871	C8H8O4	[M + H]+	KGGCKPCQFGNZTC	InChI=1S/C8H8O4/c1-4-7(10)5(9)3-6(12-2)8(4)11/h3,10H,1-2H3	2,5-Cyclohexadiene-1,4-dione, 2-hydroxy-5-methoxy-3-methyl-	CC1=C(C(=O)C=C(C1=O)OC)O	0.400000006	14381939	COCONUT:(CNP0164479);Natural Products:(UNPD168518);PubChem:(14381939);SuperNatural:(SN00240318);PubMed	3178562
80	1	N/A	-277.96421806892124	C8H8O4	[M + H]+	WJSQCAWGGRFZJK	InChI=1S/C8H8O4/c1-2-4-7(11)5(9)3-6(10)8(4)12/h3,9,12H,2H2,1H3	Embelin deriv. 6a	CCC1=C(C(=O)C=C(C1=O)O)O	0.5	821411	COCONUT:(CNP0131476);Natural Products:(UNPD23433);PubChem:(821411);SuperNatural:(SN00404136);PubMed	3178562
81	1	N/A	-278.3792833330497	C8H8O4	[M + H]+	GSNBWTFAGXSQCO	InChI=1S/C8H8O4/c1-4-3-5(9)8(12-2)7(11)6(4)10/h3,11H,1-2H3	Fumigatin	CC1=CC(=O)C(=C(C1=O)O)OC	0.386497557	119035	COCONUT:(CNP0304377);Natural Products:(UNPD61082);PubChem:(119035);SuperNatural:(SN00384644);EcoCyc Mine;MeSH:(119035);PubMed	17183047750
82	1	N/A	-278.3792833330497	C8H8O4	[M + H]+	ULWVTWVOKKFTIW	InChI=1S/C8H8O4/c1-4-3-5(9)7(11)8(12-2)6(4)10/h3,11H,1-2H3	null	CC1=CC(=O)C(=C(C1=O)OC)O	0.386497557	136462571	COCONUT:(CNP0171369);EcoCyc Mine;Natural Products:(UNPD11884);PubChem:(136462571);SuperNatural:(SN00273426)	17183047682
83	1	N/A	-283.26411581687665	C8H8O4	[M + H]+	NADHCXOXVRHBHC	InChI=1S/C8H8O4/c1-11-7-5(9)3-4-6(10)8(7)12-2/h3-4H,1-2H3	Ambap3117-02-0	COC1=C(C(=O)C=CC1=O)OC	0.44189316	76565	NORMAN:(NS00029030);COCONUT:(CNP0305061);KNApSAcK:(31535);Natural Products:(UNPD99897);PubChem:(76565);SuperNatural:(SN00278883);PubChem class - safety and toxic;PubMed	70549586
84	1	N/A	-283.7440669069177	C8H8O4	[M + H]+	LKJLJGMBGVAJEG	InChI=1S/C8H8O4/c1-11-8(10)4-6-5-12-3-2-7(6)9/h2-3,5H,4H2,1H3	null	COC(=O)CC1=COC=CC1=O	-0.100000001	10678672	COCONUT:(CNP0157606);Natural Products:(UNPD196658);PubChem:(10678672)	2129922
85	1	N/A	-295.2031019919851	C8H8O4	[M + H]+	VXWUBYBAUIHOHG	InChI=1S/C8H8O4/c9-5-2-1-4-3-6(10)12-8(4)7(5)11/h1-3,5,7-9,11H	Griffonilide	C1=CC2=CC(=O)OC2C(C1O)O	-1.10000002	100341;324687;21117505;124542568;124542569;124356405;124356406;137117735	COCONUT:(CNP0188198);Natural Products:(UNPD124665 UNPD120135);PubChem:(100341 324687 21117505 124542568 124542569 124356405 124356406 137117735);SuperNatural:(SN00350593 SN00397784);MeSH:(100341);PubMed;KEGG Mine	8593113158
86	1	N/A	-295.32302827170656	C8H8O4	[M + H]+	NRQULFRLDJKNGP	InChI=1S/C8H8O4/c1-5-8(12-6(2)9)7(10)3-4-11-5/h3-4H,1-2H3	Maltol acetate	CC1=C(C(=O)C=CO1)OC(=O)C	0.5	120048	PubChem:(120048);NORMAN:(NS00047516)	262146
87	1	N/A	-296.02746241331005	C8H8O4	[M + H]+	MKXNJYOXVYLCPJ	InChI=1S/C8H8O4/c9-5-3-1-11-2-4(3)6(10)8-7(5)12-8/h1-2,5-10H	Phaeofurans A	C1=C2C(C3C(O3)C(C2=CO1)O)O	-1.20000005	11593500	COCONUT:(CNP0306362);KNApSAcK:(41750);Natural Products:(UNPD63573);PubChem:(11593500);SuperNatural:(SN00285900);MeSH:(11593500);PubMed	3178582
88	1	N/A	-302.7324114398705	C8H8O4	[M + H]+	UHBRGPQMMUQLOR	InChI=1S/C8H8O4/c1-4(9)3-6-7(10)5(2)8(11)12-6/h3,10H,1-2H3	Xanthofusin	CC1=C(C(=CC(=O)C)OC1=O)O	-0.100000001	54697199;76173461;101650216	COCONUT:(CNP0188670);Natural Products:(UNPD119284);PubChem:(54697199 76173461 101650216);SuperNatural:(SN00380388);MeSH:(54697199 101650216);PubChem class - safety and toxic;PubMed	70287430
89	1	N/A	-310.1186434902969	C8H8O4	[M + H]+	JAABVEXCGCXWRR	InChI=1S/C8H8O4/c9-7-5-3-1-2-4(11-3)6(5)8(10)12-7/h3-6H,1-2H2	Lopac-N-8784	C1CC2C3C(C1O2)C(=O)OC3=O	-0.100000001	93004;6603949;6852411;12251906;12251907;9877482;40784192;44271383;57216876;53393644;87991668;98049502;98150795;130397085	COCONUT:(CNP0198401);PubChem:(93004 6603949 6852411 12251906 12251907 9877482 40784192 44271383 57216876 53393644 87991668 98049502 98150795 130397085);MeSH:(93004 9877482);PubChem class - safety and toxic;PubMed;KEGG Mine	8659140678
90	1	N/A	-321.5676837401853	C8H8O4	[M + H]+	STVPTNMFKNDFLX	InChI=1S/C8H8O4/c1-5(9)2-7-3-6(10)4-8(11)12-7/h3-4,10H,2H2,1H3	2-hydroxy-6-(2-oxopropyl)pyran-4-one	CC(=O)CC1=CC(=CC(=O)O1)O	-0.200000003	54688211	COCONUT:(CNP0149763);PubChem:(54688211);CHEBI:(133952)	2097186
91	1	N/A	-330.2472008615192	C8H8O4	[M + H]+	PEHLCCGXTLWMRW	InChI=1S/C8H8O4/c9-7-5-3-1-2-4(12-7)6(5)8(10)11-3/h3-6H,1-2H2	Bis-lactone	C1CC2C3C(C1OC3=O)C(=O)O2	0.100000001	3076046	PubChem:(3076046);PubChem class - safety and toxic	67108866
92	1	N/A	-336.8999647925071	C8H8O4	[M + H]+	PGRHXDWITVMQBC	InChI=1S/C8H8O4/c1-4-3-6(10)7(5(2)9)8(11)12-4/h3,7H,1-2H3	Dehydracetic acid	CC1=CC(=O)C(C(=O)O1)C(=O)C	0.300000012	122903;667426;1712264	PubChem class - food;SuperNatural:(SN00099367);ZINC bio:(ZINC32911469);MeSH:(122903);PubMed;NORMAN:(NS00003021);COCONUT:(CNP0129464);Natural Products:(UNPD20892);PubChem:(122903 667426 1712264);CHEBI:(137426);PubChem class - bio and metabolites;PubChem class - safety and toxic	221552742
93	1	N/A	-340.2624564508381	C8H8O4	[M + H]+	USTIRZSUTZHBAK	InChI=1S/C8H8O4/c9-5-1-2-8(11)4-7(10)12-6(8)3-5/h1-2,6,11H,3-4H2	null	C1C2C(CC(=O)O2)(C=CC1=O)O	-1.10000002	85844078;92469142;92469143;92469144;92469145	COCONUT:(CNP0267147);Natural Products:(UNPD141025 UNPD49281);PubChem:(85844078 92469142 92469143 92469144 92469145);SuperNatural:(SN00341028 SN00294649);PubMed	3178562
94	1	N/A	-345.254196346653	C8H8O4	[M + H]+	XVKTWSZJQDOMMI	InChI=1S/C8H8O4/c1-5(4-9)7-2-6(10)3-8(11)12-7/h2-5,10H,1H3	null	CC(C=O)C1=CC(=CC(=O)O1)O	0.648297012	""	COCONUT:(CNP0282655);Natural Products:(UNPD152391);SuperNatural:(SN00294455)	3178496
95	1	N/A	-369.5805975872312	C8H8O4	[M + H]+	RCJPIGWCCFSOIN	InChI=1S/C8H8O4/c1-8-6(10)5(11-2)3-4(9)7(8)12-8/h3,7H,1-2H3	null	CC12C(O1)C(=O)C=C(C2=O)OC	-0.136478856	""	COCONUT:(CNP0341269)	2097152