structureRankPerFormula	formulaRank	ConfidenceScore	CSI:FingerIDScore	molecularFormula	adduct	InChIkey2D	InChI	name	smiles	xlogp	pubchemids	links	dbflags
1	1	N/A	-159.89892736180266	C20H26O11	[M + Na]+	YQTJLRMOJUIXGL	InChI=1S/C20H26O11/c21-6-5-12(8-22)9-30-20-19(28)18(27)17(26)15(31-20)10-29-16(25)4-2-11-1-3-13(23)14(24)7-11/h1-5,7,15,17-24,26-28H,6,8-10H2	null	C1=CC(=C(C=C1C=CC(=O)OCC2C(C(C(C(O2)OCC(=CCO)CO)O)O)O)O)O	-1.70000005	11004724	COCONUT:(CNP0368685);KNApSAcK:(33042);Natural Products:(UNPD74857);PubChem:(11004724);SuperNatural:(SN00394178)	3178514
2	1	N/A	-163.85500199216466	C20H26O11	[M + Na]+	DKTTXNXMKHNNQC	InChI=1S/C20H26O11/c1-9(8-21)2-4-11-6-10(7-12(22)18(26)27)3-5-13(11)30-20-16(25)14(23)15(24)17(31-20)19(28)29/h2-3,5-6,12,14-17,20-25H,4,7-8H2,1H3,(H,26,27)(H,28,29)	null	CC(=CCC1=C(C=CC(=C1)CC(C(=O)O)O)OC2C(C(C(C(O2)C(=O)O)O)O)O)CO	-0.100000001	131837204	PubChem:(131837204);HMDB:(133268)	10
3	1	N/A	-164.73860395235764	C20H26O11	[M + Na]+	RAUZIZCODBWTSB	InChI=1S/C20H26O11/c21-6-5-12(10-30-20-19(28)18(27)17(26)15(8-22)31-20)9-29-16(25)4-2-11-1-3-13(23)14(24)7-11/h1-5,7,15,17-24,26-28H,6,8-10H2	null	C1=CC(=C(C=C1C=CC(=O)OCC(=CCO)COC2C(C(C(C(O2)CO)O)O)O)O)O	-1.10000002	10551173	COCONUT:(CNP0156542);Natural Products:(UNPD175582);PubChem:(10551173);SuperNatural:(SN00323791)	3178498
4	1	N/A	-170.69858207130562	C20H26O11	[M + Na]+	GAWHIJREKRIDCJ	InChI=1S/C20H26O11/c1-9(8-21)2-4-11-6-10(3-5-12(11)22)7-13(23)19(29)31-20-16(26)14(24)15(25)17(30-20)18(27)28/h2-3,5-6,13-17,20-26H,4,7-8H2,1H3,(H,27,28)	null	CC(=CCC1=C(C=CC(=C1)CC(C(=O)OC2C(C(C(C(O2)C(=O)O)O)O)O)O)O)CO	-0.100000001	131837205	PubChem:(131837205);HMDB:(133269)	10
5	1	N/A	-173.62680752056042	C20H26O11	[M + Na]+	WTKXHULOWFHFAA	InChI=1S/C20H26O11/c1-10(8-29-16(25)5-3-11-2-4-12(22)13(23)6-11)14(24)9-30-20-19(28)18(27)17(26)15(7-21)31-20/h2-6,14-15,17-24,26-28H,1,7-9H2	[3-hydroxy-2-methylidene-4-[(2R,3R,4S,5S,6R)-3,4,5-trihydroxy-6-(hydroxymethyl)oxan-2-yl]oxybutyl] (E)-3-(3,4-dihydroxyphenyl)prop-2-enoate	C=C(COC(=O)C=CC1=CC(=C(C=C1)O)O)C(COC2C(C(C(C(O2)CO)O)O)O)O	-0.699999988	11236073;58669404;89240526;89241996;91585062;102212683	COCONUT:(CNP0332184);KNApSAcK:(42872);Natural Products:(UNPD97420);PubChem:(11236073 58669404 89240526 89241996 91585062 102212683);SuperNatural:(SN00341895);MeSH:(11236073 102212683);PubMed	3178582
6	1	N/A	-179.64625452752747	C20H26O11	[M + Na]+	ISLUZCZHYWAZAZ	InChI=1S/C20H26O11/c21-8-12(10-30-20-19(28)18(27)17(26)15(9-22)31-20)5-6-29-16(25)4-2-11-1-3-13(23)14(24)7-11/h1-5,7,15,17-24,26-28H,6,8-10H2	null	C1=CC(=C(C=C1C=CC(=O)OCC=C(CO)COC2C(C(C(C(O2)CO)O)O)O)O)O	-1.10000002	10551172	COCONUT:(CNP0229404);Natural Products:(UNPD159879);PubChem:(10551172);SuperNatural:(SN00314173)	3178498
7	1	N/A	-180.53037132966577	C20H26O11	[M + Na]+	YQKQOLPNKNHLBO	InChI=1S/C20H26O11/c1-11(22)28-9-14(30-20-19(27)18(26)17(25)15(8-21)31-20)10-29-16(24)7-4-12-2-5-13(23)6-3-12/h2-7,14-15,17-21,23,25-27H,8-10H2,1H3	Regaloside B	CC(=O)OCC(COC(=O)C=CC1=CC=C(C=C1)O)OC2C(C(C(C(O2)CO)O)O)O	-0.5	362764;5387775;5459143;6711438;101609122	COCONUT:(CNP0264523);Natural Products:(UNPD194996 UNPD101968);PubChem:(362764 5387775 5459143 6711438 101609122);SuperNatural:(SN00230180 SN00294125)	3178498
8	1	N/A	-199.40321177252744	C20H26O11	[M + Na]+	PCEPITFOKAOVHN	InChI=1S/C20H26O11/c1-8(2)3-4-10-5-9(7-12(22)18(26)27)6-11(21)16(10)30-20-15(25)13(23)14(24)17(31-20)19(28)29/h3,5-6,12-15,17,20-25H,4,7H2,1-2H3,(H,26,27)(H,28,29)	null	CC(=CCC1=C(C(=CC(=C1)CC(C(=O)O)O)O)OC2C(C(C(C(O2)C(=O)O)O)O)O)C	0.800000012	131837219	HMDB:(133284);PubChem:(131837219);PubChem class - bio and metabolites	16777226
9	1	N/A	-205.32325582553736	C20H26O11	[M + Na]+	KMRGQPLCYGFMIB	InChI=1S/C20H26O11/c1-10(19(27)28)6-7-29-20-18(26)17(25)16(24)14(31-20)9-30-15(23)5-3-11-2-4-12(21)13(22)8-11/h2-5,8,10,14,16-18,20-22,24-26H,6-7,9H2,1H3,(H,27,28)	null	CC(CCOC1C(C(C(C(O1)COC(=O)C=CC2=CC(=C(C=C2)O)O)O)O)O)C(=O)O	-0.200000003	102497725	COCONUT:(CNP0162063);Natural Products:(UNPD217588);PubChem:(102497725)	2129922
10	1	N/A	-205.90858481439057	C20H26O11	[M + Na]+	GITXIMKDBBTKID	InChI=1S/C20H26O11/c1-8(2)3-4-9-7-10(12(21)15(24)18(26)27)5-6-11(9)30-20-16(25)13(22)14(23)17(31-20)19(28)29/h3,5-7,12-17,20-25H,4H2,1-2H3,(H,26,27)(H,28,29)	null	CC(=CCC1=C(C=CC(=C1)C(C(C(=O)O)O)O)OC2C(C(C(C(O2)C(=O)O)O)O)O)C	0.0	131837209	HMDB:(133273);PubChem:(131837209);PubChem class - bio and metabolites	16777226
11	1	N/A	-207.58525231057862	C20H26O11	[M + Na]+	CPSJADJRZYHWCV	InChI=1S/C20H26O11/c1-11(22)28-9-14(30-16(24)7-4-12-2-5-13(23)6-3-12)10-29-20-19(27)18(26)17(25)15(8-21)31-20/h2-7,14-15,17-21,23,25-27H,8-10H2,1H3	null	CC(=O)OCC(COC1C(C(C(C(O1)CO)O)O)O)OC(=O)C=CC2=CC=C(C=C2)O	-0.5	14542292	COCONUT:(CNP0199659);Natural Products:(UNPD154645 UNPD47875);PubChem:(14542292);SuperNatural:(SN00270175)	3178498
12	1	N/A	-209.41867363778445	C20H26O11	[M + Na]+	USEPPOGQUZNLIQ	InChI=1S/C20H26O11/c1-8(2)3-4-9-7-10(5-6-11(9)21)12(22)15(25)19(29)31-20-16(26)13(23)14(24)17(30-20)18(27)28/h3,5-7,12-17,20-26H,4H2,1-2H3,(H,27,28)	null	CC(=CCC1=C(C=CC(=C1)C(C(C(=O)OC2C(C(C(C(O2)C(=O)O)O)O)O)O)O)O)C	0.0	131837210	HMDB:(133274);PubChem:(131837210);PubChem class - bio and metabolites	16777226
13	1	N/A	-211.1806610422719	C20H26O11	[M + Na]+	NGOIXUCFVRGSAM	InChI=1S/C20H26O11/c1-10(7-21)15(9-29-20-19(28)18(27)17(26)14(8-22)31-20)30-16(25)5-3-11-2-4-12(23)13(24)6-11/h2-6,14-15,17-24,26-28H,1,7-9H2	[3-(hydroxymethyl)-1-[(2R,3R,4S,5S,6R)-3,4,5-trihydroxy-6-(hydroxymethyl)oxan-2-yl]oxybut-3-en-2-yl] (E)-3-(3,4-dihydroxyphenyl)prop-2-enoate	C=C(CO)C(COC1C(C(C(C(O1)CO)O)O)O)OC(=O)C=CC2=CC(=C(C=C2)O)O	-0.699999988	11464887;58669403;89240525;89241997;91515540	COCONUT:(CNP0195532);KNApSAcK:(42873);Natural Products:(UNPD113617);PubChem:(11464887 58669403 89240525 89241997 91515540);SuperNatural:(SN00272343);MeSH:(11464887);PubMed	3178582
14	1	N/A	-213.30677755030808	C20H26O11	[M + Na]+	HZOUTSKYNLUSNY	InChI=1S/C20H26O11/c1-20(2)12(31-20)7-9-5-8(6-10(21)17(25)26)3-4-11(9)29-19-15(24)13(22)14(23)16(30-19)18(27)28/h3-5,10,12-16,19,21-24H,6-7H2,1-2H3,(H,25,26)(H,27,28)	null	CC1(C(O1)CC2=C(C=CC(=C2)CC(C(=O)O)O)OC3C(C(C(C(O3)C(=O)O)O)O)O)C	-0.200000003	131837213	HMDB:(133278);PubChem:(131837213);PubChem class - bio and metabolites	16777226
15	1	N/A	-219.99185628662696	C20H26O11	[M + Na]+	RJSQOQCGJMWQAQ	InChI=1S/C20H26O11/c1-8(2)3-4-10-5-9(6-11(21)18(26)27)7-12(13(10)22)30-20-16(25)14(23)15(24)17(31-20)19(28)29/h3,5,7,11,14-17,20-25H,4,6H2,1-2H3,(H,26,27)(H,28,29)	null	CC(=CCC1=C(C(=CC(=C1)CC(C(=O)O)O)OC2C(C(C(C(O2)C(=O)O)O)O)O)O)C	0.800000012	131837218	HMDB:(133283);PubChem:(131837218);PubChem class - bio and metabolites	16777226
16	1	N/A	-221.17746276055107	C20H26O11	[M + Na]+	PBWCLGSLKHWDMR	InChI=1S/C20H26O11/c1-20(2)12(31-20)7-9-5-8(3-4-10(9)21)6-11(22)18(28)30-19-15(25)13(23)14(24)16(29-19)17(26)27/h3-5,11-16,19,21-25H,6-7H2,1-2H3,(H,26,27)	null	CC1(C(O1)CC2=C(C=CC(=C2)CC(C(=O)OC3C(C(C(C(O3)C(=O)O)O)O)O)O)O)C	-0.200000003	131837214	HMDB:(133279);PubChem:(131837214);PubChem class - bio and metabolites	16777226
17	1	N/A	-222.23151838118267	C20H26O11	[M + Na]+	XEEBIXBFIAEQFZ	InChI=1S/C20H26O11/c21-8-11-14(23)17(26)19(29-11)28-9-12-15(24)16(25)18(27)20(30-12)31-13(22)7-6-10-4-2-1-3-5-10/h1-7,11-12,14-21,23-27H,8-9H2	[(2S,3R,4S,5S,6R)-6-[[(2S,3R,4R,5R)-3,4-dihydroxy-5-(hydroxymethyl)oxolan-2-yl]oxymethyl]-3,4,5-trihydroxyoxan-2-yl] (E)-3-phenylprop-2-enoate	C1=CC=C(C=C1)C=CC(=O)OC2C(C(C(C(O2)COC3C(C(C(O3)CO)O)O)O)O)O	-1.5	11525027;101999894;131750995	COCONUT:(CNP0175238);HMDB:(30294);Natural Products:(UNPD146700 UNPD113035);PubChem:(11525027 101999894 131750995);SuperNatural:(SN00296987 SN00312432);PubChem class - bio and metabolites	19955722
18	1	N/A	-224.0833898607582	C20H26O11	[M + Na]+	XYVFWDDUZMOSCQ	InChI=1S/C20H26O11/c1-9-4-11(7-16(25)28-9)29-20-19(18(27)17(26)14(8-21)30-20)31-15(24)6-10-2-3-12(22)13(23)5-10/h2-3,5,9,11,14,17-23,26-27H,4,6-8H2,1H3	null	CC1CC(CC(=O)O1)OC2C(C(C(C(O2)CO)O)O)OC(=O)CC3=CC(=C(C=C3)O)O	-0.100000001	11026602	COCONUT:(CNP0192211);KNApSAcK:(33047);Natural Products:(UNPD126641);PubChem:(11026602);SuperNatural:(SN00330984)	3178514
19	1	N/A	-226.47702759522284	C20H26O11	[M + Na]+	JJYVNURTNGHITH	InChI=1S/C20H26O11/c21-11-8-28-19(17(26)14(11)23)29-9-12-15(24)16(25)18(27)20(30-12)31-13(22)7-6-10-4-2-1-3-5-10/h1-7,11-12,14-21,23-27H,8-9H2	null	C1C(C(C(C(O1)OCC2C(C(C(C(O2)OC(=O)C=CC3=CC=CC=C3)O)O)O)O)O)O	-1.26358294	""	COCONUT:(CNP0113309);Natural Products:(UNPD28004);SuperNatural:(SN00383777)	3178496
20	1	N/A	-227.53487667356967	C20H26O11	[M + Na]+	VVTCPYZZCAWHNS	InChI=1S/C20H26O11/c1-20(2,19(26)27)31-18-17(25)16(24)15(23)13(30-18)9-29-14(22)7-5-10-4-6-11(21)12(8-10)28-3/h4-8,13,15-18,21,23-25H,9H2,1-3H3,(H,26,27)	null	CC(C)(C(=O)O)OC1C(C(C(C(O1)COC(=O)C=CC2=CC(=C(C=C2)O)OC)O)O)O	-0.100000001	71694422	COCONUT:(CNP0023172);PubChem:(71694422);SuperNatural:(SN00041597);ZINC bio:(ZINC72320040)	3153922
21	1	N/A	-230.03204453875765	C20H26O11	[M + Na]+	SOTBBPMJNXRUFU	InChI=1S/C20H26O11/c1-26-12(22)5-4-9-16(27-2)10-6-7-29-17(10)19(28-3)18(9)31-20-15(25)14(24)13(23)11(8-21)30-20/h6-7,11,13-15,20-21,23-25H,4-5,8H2,1-3H3	null	COC1=C(C(=C(C2=C1C=CO2)OC)OC3C(C(C(C(O3)CO)O)O)O)CCC(=O)OC	0.312889546	""	COCONUT:(CNP0119917);Natural Products:(UNPD224011)	2129920
22	1	N/A	-231.59904517958026	C20H26O11	[M + Na]+	ZDUNLUPXTZFTFH	InChI=1S/C20H26O11/c1-8(2)3-4-10-5-9(6-11(21)13(10)23)7-12(22)19(29)31-20-16(26)14(24)15(25)17(30-20)18(27)28/h3,5-6,12,14-17,20-26H,4,7H2,1-2H3,(H,27,28)	null	CC(=CCC1=C(C(=CC(=C1)CC(C(=O)OC2C(C(C(C(O2)C(=O)O)O)O)O)O)O)O)C	0.800000012	131837220	HMDB:(133285);PubChem:(131837220);PubChem class - bio and metabolites	16777226
23	1	N/A	-231.79563848274876	C20H26O11	[M + Na]+	VRVITZYOKKBONB	InChI=1S/C20H26O11/c1-8(2)4-5-9-11(21)7-12(22)10(17(9)29-3)6-13(23)30-20-16(26)14(24)15(25)18(31-20)19(27)28/h4,7,14-16,18,20-22,24-26H,5-6H2,1-3H3,(H,27,28)	null	CC(=CCC1=C(C(=C(C=C1O)O)CC(=O)OC2C(C(C(C(O2)C(=O)O)O)O)O)OC)C	1.0	131831973	HMDB:(125470);PubChem:(131831973);PubChem class - bio and metabolites	16777226
24	1	N/A	-232.70345539515756	C20H26O11	[M + Na]+	AEUGPTABCNBGGK	InChI=1S/C20H26O11/c1-8(2)4-5-9-12(7-11(21)10(6-13(22)23)17(9)29-3)30-20-16(26)14(24)15(25)18(31-20)19(27)28/h4,7,14-16,18,20-21,24-26H,5-6H2,1-3H3,(H,22,23)(H,27,28)	null	CC(=CCC1=C(C=C(C(=C1OC)CC(=O)O)O)OC2C(C(C(C(O2)C(=O)O)O)O)O)C	1.0	131831972	HMDB:(125469);PubChem:(131831972);PubChem class - bio and metabolites	16777226
25	1	N/A	-232.70345539515756	C20H26O11	[M + Na]+	CWPAVNGWMSAIET	InChI=1S/C20H26O11/c1-8(2)4-5-9-11(21)7-12(10(6-13(22)23)17(9)29-3)30-20-16(26)14(24)15(25)18(31-20)19(27)28/h4,7,14-16,18,20-21,24-26H,5-6H2,1-3H3,(H,22,23)(H,27,28)	null	CC(=CCC1=C(C(=C(C=C1O)OC2C(C(C(C(O2)C(=O)O)O)O)O)CC(=O)O)OC)C	1.0	131831971	HMDB:(125468);PubChem:(131831971);PubChem class - bio and metabolites	16777226
26	1	N/A	-236.81770289209837	C20H26O11	[M + Na]+	KRAHBIWIGGPFLY	InChI=1S/C20H26O11/c21-6-5-12(8-22)10-29-20-18(28)19(17(27)15(9-23)30-20)31-16(26)4-2-11-1-3-13(24)14(25)7-11/h1-5,7,15,17-25,27-28H,6,8-10H2	null	C1=CC(=C(C=C1C=CC(=O)OC2C(C(OC(C2O)OCC(=CCO)CO)CO)O)O)O	-1.10000002	10939140	COCONUT:(CNP0285977);KNApSAcK:(33040);Natural Products:(UNPD49184);PubChem:(10939140);SuperNatural:(SN00309022)	3178514
27	1	N/A	-240.14457889255127	C20H26O11	[M + Na]+	UGOURROVDJZLOI	InChI=1S/C20H26O11/c21-6-5-12(8-22)10-29-20-18(28)17(27)19(15(9-23)30-20)31-16(26)4-2-11-1-3-13(24)14(25)7-11/h1-5,7,15,17-25,27-28H,6,8-10H2	null	C1=CC(=C(C=C1C=CC(=O)OC2C(OC(C(C2O)O)OCC(=CCO)CO)CO)O)O	-1.70000005	11102273	COCONUT:(CNP0314449);KNApSAcK:(33041);Natural Products:(UNPD73376);PubChem:(11102273);SuperNatural:(SN00272004)	3178514
28	1	N/A	-240.95055075803947	C20H26O11	[M + Na]+	LATPURLQALFNIN	InChI=1S/C20H26O11/c1-3-28-11(21)5-4-9-8-10-6-7-29-15(10)18(27-2)16(9)30-20-14(24)12(22)13(23)17(31-20)19(25)26/h6-8,12-14,17,19-20,22-26H,3-5H2,1-2H3	null	CCOC(=O)CCC1=C(C(=C2C(=C1)C=CO2)OC)OC3C(C(C(C(O3)C(O)O)O)O)O	0.410625279	""	COCONUT:(CNP0395869);SuperNatural:(SN00171283)	3145728
29	1	N/A	-268.725401514661	C20H26O11	[M + Na]+	XNZYFVWDRMIPQJ	InChI=1S/C20H26O11/c1-8-16(27-3)12-9(5-10(26-2)17(28-4)18(12)31-19(8)25)7-29-20-15(24)14(23)13(22)11(6-21)30-20/h5,11,13-15,20-24H,6-7H2,1-4H3	null	CC1=C(C2=C(C(=C(C=C2COC3C(C(C(C(O3)CO)O)O)O)OC)OC)OC1=O)OC	-0.600000024	38362944	COCONUT:(CNP0029102);PubChem:(38362944);SuperNatural:(SN00030285);ZINC bio:(ZINC31169224)	3153922
30	1	N/A	-286.31663944984433	C20H26O11	[M + Na]+	ADBXRZKLYWWGPL	InChI=1S/C20H26O11/c1-26-11-3-8(17-9-6-29-19(25)10(9)7-28-17)4-12(27-2)18(11)31-20-16(24)15(23)14(22)13(5-21)30-20/h3-4,9-10,13-17,20-24H,5-7H2,1-2H3	null	COC1=CC(=CC(=C1OC2C(C(C(C(O2)CO)O)O)O)OC)C3C4COC(=O)C4CO3	-0.899999976	101615540;101449889	COCONUT:(CNP0177048);Natural Products:(UNPD19826);PubChem:(101615540 101449889);SuperNatural:(SN00338607)	3178498
31	1	N/A	-314.82033451460626	C20H26O11	[M + Na]+	DDVZNTDHVGTSJQ	InChI=1S/C20H26O11/c1-20(2,31-19-17(28)15(26)14(25)10(7-21)29-19)11(22)6-9-5-8-3-4-12(23)30-18(8)16(27)13(9)24/h3-5,10-11,14-15,17,19,21-22,24-28H,6-7H2,1-2H3	null	CC(C)(C(CC1=C(C(=C2C(=C1)C=CC(=O)O2)O)O)O)OC3C(C(C(C(O3)CO)O)O)O	-0.42257002	""	COCONUT:(CNP0317866);Natural Products:(UNPD187906);SuperNatural:(SN00366364)	3178496
32	1	N/A	-326.581536240307	C20H26O11	[M + Na]+	YEXPNHYTWVYJNQ	InChI=1S/C20H26O11/c21-8-12-14(23)16(15(24)18(26)30-12)31-19-17(25)20(27,10-29-19)9-28-13(22)7-6-11-4-2-1-3-5-11/h1-7,12,14-19,21,23-27H,8-10H2	null	C1C(C(C(O1)OC2C(C(OC(C2O)O)CO)O)O)(COC(=O)C=CC3=CC=CC=C3)O	-1.70000005	46184805	COCONUT:(CNP0322915);Natural Products:(UNPD84642);PubChem:(46184805);SuperNatural:(SN00364313);PubMed	3178562
33	1	N/A	-379.79816684369905	C20H26O11	[M + Na]+	QPBBQXZJTIVCTO	InChI=1S/C20H26O11/c1-6-3-7(22)12(25)17(2)8(6)9(23)15-18-5-30-19(4-21,13(26)10(24)11(17)18)20(18,29)14(27)16(28)31-15/h3,8-15,21,23-27,29H,4-5H2,1-2H3	Yadanziolide B	CC1=CC(=O)C(C2(C1C(C3C45C2C(C(C(C4(C(C(=O)O3)O)O)(OC5)CO)O)O)O)C)O	-3.9000001	11744055;73082689	COCONUT:(CNP0247174);Natural Products:(UNPD163936 UNPD148658);PubChem:(11744055 73082689);SuperNatural:(SN00359593 SN00163823);CHEBI:(68932);PubMed	3178594
34	1	N/A	-388.40519716287747	C20H26O11	[M + Na]+	RAEMEFYCJKMHGJ	InChI=1S/C20H26O11/c1-7-3-9(22)11(23)16(2)8(7)4-10-17-6-30-19(28,14(16)17)15(26)18(27,5-21)20(17,29)12(24)13(25)31-10/h3,8,10-12,14-15,21,23-24,26-29H,4-6H2,1-2H3	null	CC1=CC(=O)C(C2(C1CC3C45C2C(C(C(C4(C(C(=O)O3)O)O)(CO)O)O)(OC5)O)C)O	-3.70000005	14589373;137650551	COCONUT:(CNP0371118);Natural Products:(UNPD43773);PubChem:(14589373 137650551)	2129922
35	1	N/A	-397.6881205539166	C20H26O11	[M + Na]+	DEPDXTXSBNMISF	InChI=1S/C20H26O11/c1-6-7-3-8-18-5-30-19(4-21,20(18,29)15(27)16(28)31-8)14(26)11(24)12(18)17(7,2)13(25)10(23)9(6)22/h7-8,11-15,21-22,24-27,29H,3-5H2,1-2H3	null	CC1=C(C(=O)C(C2(C1CC3C45C2C(C(C(C4(C(C(=O)O3)O)O)(OC5)CO)O)O)C)O)O	-3.01812077	""	COCONUT:(CNP0207317)	2097152
36	1	N/A	-461.5120737619123	C20H26O11	[M + Na]+	FVWHVLWMEDLBBR	InChI=1S/C20H26O11/c1-8-3-12(21)20(11(6-27-8)7-29-19(20)26)4-10-5-28-17(25)16(10)31-18-15(24)14(23)13(22)9(2)30-18/h8-9,11,13-15,18,22-24H,3-7H2,1-2H3	null	CC1CC(=O)C2(C(CO1)COC2=O)CC3=C(C(=O)OC3)OC4C(C(C(C(O4)C)O)O)O	-1.70000005	10575183	COCONUT:(CNP0121054);Natural Products:(UNPD136403);PubChem:(10575183);SuperNatural:(SN00225022);MeSH:(10575183);PubMed	3178566
1	2	0.09507727816320745	-126.60544120158751	C22H24O11	[M + H]+	RFKXEWSEJLKVEI	InChI=1S/C22H24O11/c1-30-9-2-3-11(12(24)4-9)15-7-14(26)18-13(25)5-10(6-16(18)32-15)31-22-21(29)20(28)19(27)17(8-23)33-22/h2-6,15,17,19-25,27-29H,7-8H2,1H3	null	COC1=CC(=C(C=C1)C2CC(=O)C3=C(C=C(C=C3O2)OC4C(C(C(C(O4)CO)O)O)O)O)O	0.0662357509	""	COCONUT:(CNP0195685);Natural Products:(UNPD154668);SuperNatural:(SN00274496)	3178496
2	2	N/A	-128.73884229435723	C22H24O11	[M + H]+	KOBUGDLTCAJTND	InChI=1S/C22H24O11/c1-30-9-5-11(25)17-12(26)7-15(31-14(17)6-9)18-10(24)3-2-4-13(18)32-22-21(29)20(28)19(27)16(8-23)33-22/h2-6,15-16,19-25,27-29H,7-8H2,1H3	Scuteamoenoside	COC1=CC(=C2C(=O)CC(OC2=C1)C3=C(C=CC=C3OC4C(C(C(C(O4)CO)O)O)O)O)O	0.600000024	130116;5321201	COCONUT:(CNP0375345);Natural Products:(UNPD112181 UNPD83056);PubChem:(130116 5321201);SuperNatural:(SN00275785 SN00159901);MeSH:(130116);PubMed	3178566
3	2	N/A	-136.47088649859566	C22H24O11	[M + H]+	IPTSFJJEEHGVCY	InChI=1S/C22H24O11/c1-30-10-5-12(25)18-13(26)7-14(31-16(18)6-10)9-2-3-11(24)15(4-9)32-22-21(29)20(28)19(27)17(8-23)33-22/h2-6,14,17,19-25,27-29H,7-8H2,1H3	7-O-Methyleriodictyol 3''-O-glucoside	COC1=CC(=C2C(=O)CC(OC2=C1)C3=CC(=C(C=C3)O)OC4C(C(C(C(O4)CO)O)O)O)O	0.600000024	21721940;42608076	COCONUT:(CNP0272043);KNApSAcK:(8439);PubChem:(21721940 42608076)	2097170
4	2	N/A	-148.72099488389279	C22H24O11	[M + H]+	KZQCCKUDYVSOLC	InChI=1S/C22H24O11/c1-30-15-4-9(2-3-11(15)24)14-7-13(26)18-12(25)5-10(6-16(18)32-14)31-22-21(29)20(28)19(27)17(8-23)33-22/h2-6,14,17,19-25,27-29H,7-8H2,1H3	Viscumiside A	COC1=C(C=CC(=C1)C2CC(=O)C3=C(C=C(C=C3O2)OC4C(C(C(C(O4)CO)O)O)O)O)O	0.600000024	5319642;14035424;21629877	COCONUT:(CNP0170968);KNApSAcK:(8441);Natural Products:(UNPD36596 UNPD11221 UNPD108968);PubChem:(5319642 14035424 21629877);SuperNatural:(SN00247212 SN00160461 SN00304787);PubMed	3178578
5	2	N/A	-151.42254291549602	C22H24O11	[M + H]+	ADSYMQORONDIDD	InChI=1S/C22H24O11/c1-30-14-3-2-9(4-11(14)24)15-7-13(26)18-12(25)5-10(6-16(18)32-15)31-22-21(29)20(28)19(27)17(8-23)33-22/h2-6,15,17,19-25,27-29H,7-8H2,1H3	Eriodictiol-7-glucoside	COC1=C(C=C(C=C1)C2CC(=O)C3=C(C=C(C=C3O2)OC4C(C(C(C(O4)CO)O)O)O)O)O	0.600000024	147394;20111686;50991353;91820514;131676075	COCONUT:(CNP0403816);HMDB:(30747);KNApSAcK:(8297);Natural Products:(UNPD81337 UNPD118898);PubChem:(147394 20111686 50991353 91820514 131676075);SuperNatural:(SN00365528 SN00251092);CHEBI:(59015);PubChem class - bio and metabolites;KEGG:(C16422);Plantcyc:(CPD-7073);Biocyc:(CPD-7073 CPD-10508)	20089146
6	2	N/A	-156.15881999207053	C22H24O11	[M + H]+	QSLBWGKNSBMTJL	InChI=1S/C22H24O11/c1-30-13-3-2-9(4-11(13)25)14-7-12(26)18-15(31-14)5-10(24)6-16(18)32-22-21(29)20(28)19(27)17(8-23)33-22/h2-6,14,17,19-25,27-29H,7-8H2,1H3	Hesperetin 5-O-glucoside	COC1=C(C=C(C=C1)C2CC(=O)C3=C(O2)C=C(C=C3OC4C(C(C(C(O4)CO)O)O)O)O)O	0.0	129663;5318029;18625123;57358545	COCONUT:(CNP0153394);HMDB:(37535);KNApSAcK:(8296);Natural Products:(UNPD82057 UNPD98047 UNPD132239);PubChem:(129663 5318029 18625123 57358545);SuperNatural:(SN00270446 SN00402934 SN00160280 SN00327211);PubChem class - bio and metabolites;MeSH:(129663 18625123 57358545);PubMed	19955806
7	2	N/A	-161.81315454304834	C22H24O11	[M + H]+	NZOUTWVFWHDHBO	InChI=1S/C22H24O11/c1-10(23)31-9-16-19(27)20(28)21(29)22(33-16)32-15-8-13(30-2)7-14(25)17(15)18(26)11-3-5-12(24)6-4-11/h3-8,16,19-22,24-25,27-29H,9H2,1-2H3	Mahkoside B	CC(=O)OCC1C(C(C(C(O1)OC2=CC(=CC(=C2C(=O)C3=CC=C(C=C3)O)O)OC)O)O)O	0.899999976	71456807	COCONUT:(CNP0218363);MeSH:(71456807);Natural Products:(UNPD216683);PubChem:(71456807);PubMed	2129990
8	2	N/A	-166.48727185399812	C22H24O11	[M + H]+	CTEWBRLWRVXKPE	InChI=1S/C22H24O11/c1-30-11-6-12-15(17(26)19(28)21(31-12)9-2-4-10(24)5-3-9)13(7-11)32-22-20(29)18(27)16(25)14(8-23)33-22/h2-7,14,16,18-25,27-29H,8H2,1H3	null	COC1=CC(=C2C(=C1)OC(C(C2=O)O)C3=CC=C(C=C3)O)OC4C(C(C(C(O4)CO)O)O)O	-0.167508528	""	COCONUT:(CNP0239031);KNApSAcK:(8682);Natural Products:(UNPD15709 UNPD8575);SuperNatural:(SN00252750 SN00345144);KEGG Mine	8593113104
9	2	N/A	-172.06030823901975	C22H24O11	[M + H]+	WUSVYBFYIZNCHQ	InChI=1S/C22H24O11/c1-30-12-6-11(31-22-20(29)18(27)16(25)14(8-23)33-22)7-13-15(12)17(26)19(28)21(32-13)9-2-4-10(24)5-3-9/h2-7,14,16,18-25,27-29H,8H2,1H3	null	COC1=C2C(=CC(=C1)OC3C(C(C(C(O3)CO)O)O)O)OC(C(C2=O)O)C4=CC=C(C=C4)O	-0.167508528	""	COCONUT:(CNP0271021);Natural Products:(UNPD202394)	2129920
10	2	N/A	-180.90308737448825	C22H24O11	[M + H]+	WYBQXABYXWDZIL	InChI=1S/C22H24O11/c1-31-15-6-10(2-4-12(15)25)3-5-13(26)18-14(27)7-11(24)8-16(18)32-22-21(30)20(29)19(28)17(9-23)33-22/h2-8,17,19-25,27-30H,9H2,1H3	Homoeriodictyolchalcone 2''-glucoside	COC1=C(C=CC(=C1)C=CC(=O)C2=C(C=C(C=C2OC3C(C(C(C(O3)CO)O)O)O)O)O)O	1.0	42607615	COCONUT:(CNP0317417);KNApSAcK:(7916);Natural Products:(UNPD77367);PubChem:(42607615);SuperNatural:(SN00316412)	3178514
11	2	N/A	-181.46336752109144	C22H24O11	[M + H]+	FTKJSZFYBZXIDP	InChI=1S/C22H24O11/c1-8-13(32-22-21(30)20(29)19(28)16(7-23)33-22)6-15-17(18(8)27)12(26)5-14(31-15)9-2-3-10(24)11(25)4-9/h2-4,6,14,16,19-25,27-30H,5,7H2,1H3	5,7,3'',4''-Tetrahydroxy-6-C-methylflavanone 7-O-glucoside	CC1=C(C=C2C(=C1O)C(=O)CC(O2)C3=CC(=C(C=C3)O)O)OC4C(C(C(C(O4)CO)O)O)O	0.600000024	42607964	COCONUT:(CNP0258574);KNApSAcK:(8351);Natural Products:(UNPD142926 UNPD135966);PubChem:(42607964);SuperNatural:(SN00275267 SN00279392)	3178514
12	2	N/A	-186.29955188091694	C22H24O11	[M + H]+	MVIJSQNWYLPBGP	InChI=1S/C22H24O11/c1-30-13-4-2-9(6-12(13)25)15-7-11(24)10-3-5-14(18(27)21(10)31-15)32-22-20(29)19(28)17(26)16(8-23)33-22/h2-6,15-17,19-20,22-23,25-29H,7-8H2,1H3	null	COC1=C(C=C(C=C1)C2CC(=O)C3=C(O2)C(=C(C=C3)OC4C(C(C(C(O4)CO)O)O)O)O)O	0.0	102497695;134750977	COCONUT:(CNP0123923);Natural Products:(UNPD217519);Training Set;PubChem:(102497695 134750977);additional	2670594
13	2	N/A	-187.02755576368565	C22H24O11	[M + H]+	GJGHIBYCLQKRAT	InChI=1S/C22H24O11/c1-11(23)30-10-17-18(26)19(27)20(28)22(33-17)32-14-5-2-12(3-6-14)9-31-21(29)13-4-7-15(24)16(25)8-13/h2-8,17-20,22,24-28H,9-10H2,1H3	null	CC(=O)OCC1C(C(C(C(O1)OC2=CC=C(C=C2)COC(=O)C3=CC(=C(C=C3)O)O)O)O)O	0.616163492	""	COCONUT:(CNP0260537);Natural Products:(UNPD199836)	2129920
14	2	N/A	-187.3592344606894	C22H24O11	[M + H]+	VELLLVVRYUFTRI	InChI=1S/C22H24O11/c1-28-9-6-12-15(18(25)16-10(29-2)4-5-11(30-3)21(16)31-12)13(7-9)32-22-20(27)19(26)17(24)14(8-23)33-22/h4-7,14,17,19-20,22-24,26-27H,8H2,1-3H3	null	COC1=C2C(=C(C=C1)OC)OC3=CC(=CC(=C3C2=O)OC4C(C(C(C(O4)CO)O)O)O)OC	0.790170431	""	COCONUT:(CNP0266698);Natural Products:(UNPD126656);SuperNatural:(SN00236460)	3178496
15	2	N/A	-192.00375421080912	C22H24O11	[M + H]+	HIFPGFAGQUHMAU	InChI=1S/C22H24O11/c1-8-16(26)18(28)19(29)22(31-8)33-21-17(27)15-12(25)6-10(23)7-14(15)32-20(21)9-3-4-11(24)13(5-9)30-2/h3-8,16,18-26,28-29H,1-2H3	(2R,3S)-5,7-dihydroxy-2-(4-hydroxy-3-methoxyphenyl)-3-[(2S,3R,4R,5R,6S)-3,4,5-trihydroxy-6-methyloxan-2-yl]oxy-2,3-dihydrochromen-4-one	CC1C(C(C(C(O1)OC2C(OC3=CC(=CC(=C3C2=O)O)O)C4=CC(=C(C=C4)O)OC)O)O)O	0.699999988	16043237;101473436	MeSH:(101473436);PubChem:(16043237 101473436);YMDB Mine;PubMed;KEGG Mine	42949673030
16	2	N/A	-194.85240228979097	C22H24O11	[M + H]+	PAYHXNIDUQPYRD	InChI=1S/C22H24O11/c1-28-9-6-12-15(18(25)16-10(31-12)4-5-11(29-2)21(16)30-3)13(7-9)32-22-20(27)19(26)17(24)14(8-23)33-22/h4-7,14,17,19-20,22-24,26-27H,8H2,1-3H3	null	COC1=C(C2=C(C=C1)OC3=C(C2=O)C(=CC(=C3)OC)OC4C(C(C(C(O4)CO)O)O)O)OC	0.699999988	14828371	COCONUT:(CNP0356972);Natural Products:(UNPD53983);PubChem:(14828371);SuperNatural:(SN00299263);PubMed	3178562
17	2	N/A	-195.957081957531	C22H24O11	[M + H]+	GLMOVRZUTCFNKH	InChI=1S/C22H24O11/c1-30-14-7-13-16(11(25)6-12(31-13)9-2-4-10(24)5-3-9)18(27)21(14)33-22-20(29)19(28)17(26)15(8-23)32-22/h2-5,7,12,15,17,19-20,22-24,26-29H,6,8H2,1H3	null	COC1=C(C(=C2C(=O)CC(OC2=C1)C3=CC=C(C=C3)O)O)OC4C(C(C(C(O4)CO)O)O)O	0.0662357509	""	COCONUT:(CNP0134336)	2097152
18	2	N/A	-197.5357937886596	C22H24O11	[M + H]+	YJCFSVZBHCWGJL	InChI=1S/C22H24O11/c1-31-15-7-3-10(8-14(15)26)2-5-12(24)11-4-6-13(25)21(17(11)27)33-22-20(30)19(29)18(28)16(9-23)32-22/h2-8,16,18-20,22-23,25-30H,9H2,1H3	Okanin 4-methyl ether 3''-glucoside	COC1=C(C=C(C=C1)C=CC(=O)C2=C(C(=C(C=C2)O)OC3C(C(C(C(O3)CO)O)O)O)O)O	1.0	14162682	COCONUT:(CNP0182916);KNApSAcK:(7904);Natural Products:(UNPD18618 UNPD53984 UNPD86088 UNPD199921 UNPD224688);PubChem:(14162682);SuperNatural:(SN00300326 SN00379116 SN00356865)	3178514
19	2	N/A	-204.05538620810577	C22H24O11	[M + H]+	NKUZBSSFPNODMD	InChI=1S/C22H24O11/c1-31-21-15(32-22-20(30)19(29)18(28)16(9-23)33-22)7-4-11(17(21)27)12(24)5-2-10-3-6-13(25)14(26)8-10/h2-8,16,18-20,22-23,25-30H,9H2,1H3	Lanceolin	COC1=C(C=CC(=C1O)C(=O)C=CC2=CC(=C(C=C2)O)O)OC3C(C(C(C(O3)CO)O)O)O	1.0	5318928;22524337;42607572;57002617	COCONUT:(CNP0142837);KNApSAcK:(7909);Natural Products:(UNPD57522 UNPD72204);PubChem:(5318928 22524337 42607572 57002617);SuperNatural:(SN00332476 SN00167075 SN00245924);PubMed	3178578
20	2	N/A	-206.05413400603518	C22H24O11	[M + H]+	DLPGZKXPPPNDNX	InChI=1S/C22H24O11/c1-9(10-3-5-11(31-2)6-4-10)16(25)15-13(23)7-12(8-14(15)24)32-22-19(28)17(26)18(27)20(33-22)21(29)30/h3-9,17-20,22-24,26-28H,1-2H3,(H,29,30)	null	CC(C1=CC=C(C=C1)OC)C(=O)C2=C(C=C(C=C2O)OC3C(C(C(C(O3)C(=O)O)O)O)O)O	1.70000005	131836186	HMDB:(129976);PubChem:(131836186);PubChem class - bio and metabolites	16777226
21	2	N/A	-207.074398583891	C22H24O11	[M + H]+	SLMISSFQVXIFTH	InChI=1S/C22H24O11/c1-8-11(25)6-12-14(15(8)26)17(28)21(20(31-12)9-2-4-10(24)5-3-9)33-22-19(30)18(29)16(27)13(7-23)32-22/h2-6,13,16,18-27,29-30H,7H2,1H3	null	CC1=C(C2=C(C=C1O)OC(C(C2=O)OC3C(C(C(C(O3)CO)O)O)O)C4=CC=C(C=C4)O)O	0.600000024	24763164	COCONUT:(CNP0288090);Natural Products:(UNPD157328);PubChem:(24763164)	2129922
22	2	N/A	-208.50917049251058	C22H24O11	[M + H]+	MSOFPKZBJVHCQU	InChI=1S/C22H24O11/c1-28-9-6-12-15(16(24)10-4-5-11(29-2)21(30-3)20(10)31-12)13(7-9)32-22-19(27)18(26)17(25)14(8-23)33-22/h4-7,14,17-19,22-23,25-27H,8H2,1-3H3	null	COC1=C(C2=C(C=C1)C(=O)C3=C(O2)C=C(C=C3OC4C(C(C(C(O4)CO)O)O)O)OC)OC	0.699999988	54672679	COCONUT:(CNP0132628);Natural Products:(UNPD202478);PubChem:(54672679)	2129922
23	2	N/A	-208.57355286275242	C22H24O11	[M + H]+	VTHLSAOVZTYBRV	InChI=1S/C22H24O11/c23-9-17-19(28)20(29)21(30)22(33-17)32-16-5-2-12(8-15(16)26)10-31-18(27)6-3-11-1-4-13(24)14(25)7-11/h1-8,17,19-26,28-30H,9-10H2	null	C1=CC(=C(C=C1COC(=O)C=CC2=CC(=C(C=C2)O)O)O)OC3C(C(C(C(O3)CO)O)O)O	0.5	73669456	COCONUT:(CNP0350996);KNApSAcK:(33684);Natural Products:(UNPD73601);PubChem:(73669456);SuperNatural:(SN00298844)	3178514
24	2	N/A	-211.7280785416484	C22H24O11	[M + H]+	UNRUBYKPLZORCH	InChI=1S/C22H24O11/c1-9(10-3-5-12(31-2)6-4-10)16(25)15-13(24)7-11(23)8-14(15)32-22-19(28)17(26)18(27)20(33-22)21(29)30/h3-9,17-20,22-24,26-28H,1-2H3,(H,29,30)	null	CC(C1=CC=C(C=C1)OC)C(=O)C2=C(C=C(C=C2OC3C(C(C(C(O3)C(=O)O)O)O)O)O)O	1.70000005	131836185	HMDB:(129975);PubChem:(131836185);PubChem class - bio and metabolites	16777226
25	2	N/A	-213.93376069528688	C22H24O11	[M + H]+	ACGWJYPSNRKNPW	InChI=1S/C22H24O11/c1-30-11-6-12(24)17-13(25)8-16(32-14(17)7-11)22(29)4-2-10(3-5-22)31-21-20(28)19(27)18(26)15(9-23)33-21/h2-8,10,15,18-21,23-24,26-29H,9H2,1H3	5-hydroxy-2-[1-hydroxy-4-[(2R,3R,4S,5S,6R)-3,4,5-trihydroxy-6-(hydroxymethyl)oxan-2-yl]oxycyclohexa-2,5-dien-1-yl]-7-methoxychromen-4-one	COC1=CC(=C2C(=C1)OC(=CC2=O)C3(C=CC(C=C3)OC4C(C(C(C(O4)CO)O)O)O)O)O	-0.400000006	13965750	COCONUT:(CNP0322000);Natural Products:(UNPD83536 UNPD99715);PubChem:(13965750);SuperNatural:(SN00315571 SN00319990 SN00028447);ZINC bio:(ZINC31155532);additional;Training Set	3727362
26	2	N/A	-214.65831553569083	C22H24O11	[M + H]+	GYBIQHNQYFKRHI	InChI=1S/C22H24O11/c1-8-11(32-22-20(30)18(28)16(26)13(7-23)33-22)6-12-14(15(8)25)17(27)19(29)21(31-12)9-2-4-10(24)5-3-9/h2-6,13,16,18-26,28-30H,7H2,1H3	3,5-dihydroxy-2-(4-hydroxyphenyl)-6-methyl-7-[(2S,3R,4S,5S,6R)-3,4,5-trihydroxy-6-(hydroxymethyl)oxan-2-yl]oxy-2,3-dihydrochromen-4-one	CC1=C(C=C2C(=C1O)C(=O)C(C(O2)C3=CC=C(C=C3)O)O)OC4C(C(C(C(O4)CO)O)O)O	0.400000006	21721952	COCONUT:(CNP0126342);KNApSAcK:(8726);Natural Products:(UNPD74206 UNPD150630);PubChem:(21721952);SuperNatural:(SN00330784 SN00227570)	3178514
27	2	N/A	-218.44654299959817	C22H24O11	[M + H]+	SXYJSCMXKZEJRV	InChI=1S/C22H24O11/c1-31-13-6-14-16(11(26)5-12(32-14)8-2-3-9(24)10(25)4-8)19(28)17(13)22-21(30)20(29)18(27)15(7-23)33-22/h2-4,6,12,15,18,20-25,27-30H,5,7H2,1H3	2-(3,4-dihydroxyphenyl)-5-hydroxy-7-methoxy-6-[(2S,3R,4R,5S,6R)-3,4,5-trihydroxy-6-(hydroxymethyl)oxan-2-yl]-2,3-dihydrochromen-4-one	COC1=C(C(=C2C(=O)CC(OC2=C1)C3=CC(=C(C=C3)O)O)O)C4C(C(C(C(O4)CO)O)O)O	-0.100000001	5319708	COCONUT:(CNP0376365);Natural Products:(UNPD136517);PubChem:(5319708);SuperNatural:(SN00274677);KEGG Mine	8593113090
28	2	N/A	-219.89027640510844	C22H24O11	[M + H]+	QUGFZLLBKBSAGW	InChI=1S/C22H24O11/c1-31-14-6-3-10(8-13(14)25)2-5-12(24)11-4-7-15(18(27)17(11)26)32-22-21(30)20(29)19(28)16(9-23)33-22/h2-8,16,19-23,25-30H,9H2,1H3	Okanin 4-methyl ether 4''-glucoside	COC1=C(C=C(C=C1)C=CC(=O)C2=C(C(=C(C=C2)OC3C(C(C(C(O3)CO)O)O)O)O)O)O	1.0	42607570	COCONUT:(CNP0216805);KNApSAcK:(7906);Natural Products:(UNPD102073 UNPD8087);PubChem:(42607570);SuperNatural:(SN00350324 SN00226699)	3178514
29	2	N/A	-220.2940974499785	C22H24O11	[M + H]+	XRLOKNNNPLIGQQ	InChI=1S/C22H24O11/c1-30-14-3-2-9(4-12(14)24)11-8-31-15-6-10(5-13(25)17(15)18(11)26)32-22-21(29)20(28)19(27)16(7-23)33-22/h2-6,11,16,19-25,27-29H,7-8H2,1H3	null	COC1=C(C=C(C=C1)C2COC3=CC(=CC(=C3C2=O)O)OC4C(C(C(C(O4)CO)O)O)O)O	-0.0128568159	""	COCONUT:(CNP0239067);Natural Products:(UNPD109764);SuperNatural:(SN00228596)	3178496
30	2	N/A	-225.15600741989542	C22H24O11	[M + H]+	GLOQXLMTMHDZPK	InChI=1S/C22H24O11/c23-6-15-17(27)18(28)19(29)22(33-15)31-9-1-2-10-14(4-9)32-20-11-5-13(25)12(24)3-8(11)7-30-21(20)16(10)26/h1-5,15-29H,6-7H2	null	C1C2=CC(=C(C=C2C3C(O1)C(C4=C(O3)C=C(C=C4)OC5C(C(C(C(O5)CO)O)O)O)O)O)O	-1.0	46844953	COCONUT:(CNP0329132);Natural Products:(UNPD9311);PubChem:(46844953);SuperNatural:(SN00349704)	3178498
31	2	N/A	-228.52037951049567	C22H24O11	[M + H]+	GEHBBZGIVURJOG	InChI=1S/C22H24O11/c23-9-17-19(28)20(29)21(30)22(33-17)32-16-5-3-13(24)8-12(16)10-31-18(27)6-2-11-1-4-14(25)15(26)7-11/h1-8,17,19-26,28-30H,9-10H2	null	C1=CC(=C(C=C1C=CC(=O)OCC2=C(C=CC(=C2)O)OC3C(C(C(C(O3)CO)O)O)O)O)O	0.5	102340969	COCONUT:(CNP0276675);Natural Products:(UNPD203059 UNPD209907);PubChem:(102340969)	2129922
32	2	N/A	-237.2783107954792	C22H24O11	[M + H]+	QBCURMGOSCOETK	InChI=1S/C22H24O11/c1-30-16-9-12(4-6-14(16)24)32-22-21(29)20(28)19(27)17(33-22)10-31-18(26)7-3-11-2-5-13(23)15(25)8-11/h2-9,17,19-25,27-29H,10H2,1H3	null	COC1=C(C=CC(=C1)OC2C(C(C(C(O2)COC(=O)C=CC3=CC(=C(C=C3)O)O)O)O)O)O	0.800000012	25061513;72737666	COCONUT:(CNP0107221);Natural Products:(UNPD40830);PubChem:(25061513 72737666);SuperNatural:(SN00372406)	3178498
33	2	N/A	-238.39280687677126	C22H24O11	[M + H]+	SRXSWBGWKUIDDM	InChI=1S/C22H24O11/c1-31-18-10(5-7-13(24)11-3-2-4-12(23)9-11)6-8-14(25)19(18)32-22-17(28)15(26)16(27)20(33-22)21(29)30/h2-4,6,8-9,15-17,20,22-23,25-28H,5,7H2,1H3,(H,29,30)	null	COC1=C(C=CC(=C1OC2C(C(C(C(O2)C(=O)O)O)O)O)O)CCC(=O)C3=CC(=CC=C3)O	0.800000012	131832520	HMDB:(126074);PubChem:(131832520);PubChem class - bio and metabolites	16777226
34	2	N/A	-240.89573715753696	C22H24O11	[M + H]+	SCMOBXWRKULMAJ	InChI=1S/C22H24O11/c1-31-10-6-11-13(17(27)19(29)21(32-11)8-2-4-9(24)5-3-8)16(26)14(10)22-20(30)18(28)15(25)12(7-23)33-22/h2-6,12,15,18-26,28-30H,7H2,1H3	null	COC1=C(C(=C2C(=C1)OC(C(C2=O)O)C3=CC=C(C=C3)O)O)C4C(C(C(C(O4)CO)O)O)O	-0.300000012	129711695	COCONUT:(CNP0327653);KNApSAcK:(6126);Natural Products:(UNPD66629 UNPD70701);PubChem:(129711695);SuperNatural:(SN00297421 SN00243025)	3178514
35	2	N/A	-243.0137043940928	C22H24O11	[M + H]+	HYAYRSABYPTQLR	InChI=1S/C22H24O11/c1-28-9-4-5-11-10(6-9)16(24)15-12(31-11)7-13(29-2)20(30-3)21(15)33-22-19(27)18(26)17(25)14(8-23)32-22/h4-7,14,17-19,22-23,25-27H,8H2,1-3H3	null	COC1=CC2=C(C=C1)OC3=CC(=C(C(=C3C2=O)OC4C(C(C(C(O4)CO)O)O)O)OC)OC	0.790170431	""	COCONUT:(CNP0386080);Natural Products:(UNPD95117);SuperNatural:(SN00301345)	3178496
36	2	N/A	-244.91914913961648	C22H24O11	[M + H]+	OWIWTGCIOOWGCZ	InChI=1S/C22H24O11/c1-30-15-4-2-9(6-13(15)24)14-5-3-11-12(23)7-10(8-16(11)32-14)31-22-19(27)17(25)18(26)20(33-22)21(28)29/h2,4,6-8,14,17-20,22-27H,3,5H2,1H3,(H,28,29)	null	COC1=C(C=C(C=C1)C2CCC3=C(C=C(C=C3O2)OC4C(C(C(C(O4)C(=O)O)O)O)O)O)O	0.96184355	""	COCONUT:(CNP0385234)	2097152
37	2	N/A	-251.43352665171807	C22H24O11	[M + H]+	VCSQFSOLZRGCBV	InChI=1S/C22H24O11/c1-11-21(14(24)7-8-30-11)33-22-20(28)19(27)18(26)16(32-22)10-31-17(25)6-4-12-3-5-13(23)15(9-12)29-2/h3-9,16,18-20,22-23,26-28H,10H2,1-2H3	null	CC1=C(C(=O)C=CO1)OC2C(C(C(C(O2)COC(=O)C=CC3=CC(=C(C=C3)O)OC)O)O)O	0.300000012	101142126;101142127	COCONUT:(CNP0150366);Natural Products:(UNPD94639 UNPD169114);PubChem:(101142126 101142127);SuperNatural:(SN00354583 SN00266532)	3178498
38	2	N/A	-252.32512283242278	C22H24O11	[M + H]+	XTLSJFNRUNZKMK	InChI=1S/C22H24O11/c1-28-10-6-4-5-9-15(24)14-11(31-19(9)10)7-12(29-2)20(30-3)21(14)33-22-18(27)17(26)16(25)13(8-23)32-22/h4-7,13,16-18,22-23,25-27H,8H2,1-3H3	null	COC1=CC=CC2=C1OC3=CC(=C(C(=C3C2=O)OC4C(C(C(C(O4)CO)O)O)O)OC)OC	0.790170431	""	COCONUT:(CNP0219007);Natural Products:(UNPD110060);SuperNatural:(SN00281068)	3178496
39	2	N/A	-254.49798780238802	C22H24O11	[M + H]+	WGMYIKWUVFQALS	InChI=1S/C22H24O11/c1-29-10-6-14-21(31-12-5-3-2-4-11(12)13(30-14)8-17(24)25)15(7-10)32-22-20(28)19(27)18(26)16(9-23)33-22/h2-7,13,16,18-20,22-23,26-28H,8-9H2,1H3,(H,24,25)	null	COC1=CC2=C(C(=C1)OC3C(C(C(C(O3)CO)O)O)O)OC4=CC=CC=C4C(O2)CC(=O)O	0.300000012	102103086	COCONUT:(CNP0215577);Natural Products:(UNPD219393);PubChem:(102103086)	2129922
40	2	N/A	-259.7088986899781	C22H24O11	[M + H]+	MMTXJEZUWWPMDK	InChI=1S/C22H24O11/c1-29-13-8-12(20(26)27)9-14(30-2)19(13)33-22-18(25)17(24)16(23)15(32-22)10-31-21(28)11-6-4-3-5-7-11/h3-9,15-18,22-25H,10H2,1-2H3,(H,26,27)	null	COC1=CC(=CC(=C1OC2C(C(C(C(O2)COC(=O)C3=CC=CC=C3)O)O)O)OC)C(=O)O	1.02621567	""	COCONUT:(CNP0197054);Natural Products:(UNPD215136)	2129920
41	2	N/A	-261.5945903146475	C22H24O11	[M + H]+	MLIAPYGFYBSVBC	InChI=1S/C22H24O11/c1-8-4-10-15(21(28)31-8)17(25)14-11(20(10)30-3)5-9(29-2)6-12(14)32-22-19(27)18(26)16(24)13(7-23)33-22/h4-6,13,16,18-19,22-27H,7H2,1-3H3	null	CC1=CC2=C(C(=C3C(=CC(=CC3=C2OC)OC)OC4C(C(C(C(O4)CO)O)O)O)O)C(=O)O1	1.5	10027431	COCONUT:(CNP0176484);Natural Products:(UNPD131801);PubChem:(10027431);SuperNatural:(SN00309550);PubMed	3178562
42	2	N/A	-264.7789543821853	C22H24O11	[M + H]+	JEZVBZIONAZMBE	InChI=1S/C22H24O11/c1-30-13-3-2-9(5-12(13)25)14-6-10-4-11(24)7-15(17(10)21(29)31-14)32-22-20(28)19(27)18(26)16(8-23)33-22/h2-5,7,14,16,18-20,22-28H,6,8H2,1H3	null	COC1=C(C=C(C=C1)C2CC3=C(C(=CC(=C3)O)OC4C(C(C(C(O4)CO)O)O)O)C(=O)O2)O	0.400000006	71663424	COCONUT:(CNP0318583);Natural Products:(UNPD215033);PubChem:(71663424)	2129922
43	2	N/A	-264.89653935699937	C22H24O11	[M + H]+	HJCIWMLGZSMZQD	InChI=1S/C22H24O11/c1-30-10-4-2-3-9(5-10)19-14(24)8-12-13(23)6-11(7-15(12)32-19)31-22-18(27)16(25)17(26)20(33-22)21(28)29/h2-7,14,16-20,22-27H,8H2,1H3,(H,28,29)	null	COC1=CC=CC(=C1)C2C(CC3=C(C=C(C=C3O2)OC4C(C(C(C(O4)C(=O)O)O)O)O)O)O	0.5	131834099	HMDB:(127775);PubChem:(131834099);PubChem class - bio and metabolites	16777226
44	2	N/A	-271.1265264441293	C22H24O11	[M + H]+	IZCGRMVGZNQVCO	InChI=1S/C22H24O11/c1-30-21-12(24)6-13-15(18(21)27)16(25)11(8-31-13)9-2-4-10(5-3-9)32-22-20(29)19(28)17(26)14(7-23)33-22/h2-6,11,14,17,19-20,22-24,26-29H,7-8H2,1H3	null	COC1=C(C=C2C(=C1O)C(=O)C(CO2)C3=CC=C(C=C3)OC4C(C(C(C(O4)CO)O)O)O)O	-0.0128568159	""	COCONUT:(CNP0190561);Natural Products:(UNPD122767);SuperNatural:(SN00315006)	3178496
45	2	N/A	-274.95026717434746	C22H24O11	[M + H]+	GJCVUEKNBGLUQF	InChI=1S/C22H24O11/c1-31-19-10(5-7-13(24)11-3-2-4-12(23)9-11)6-8-14(15(19)25)32-22-18(28)16(26)17(27)20(33-22)21(29)30/h2-4,6,8-9,16-18,20,22-23,25-28H,5,7H2,1H3,(H,29,30)	null	COC1=C(C=CC(=C1O)OC2C(C(C(C(O2)C(=O)O)O)O)O)CCC(=O)C3=CC(=CC=C3)O	0.800000012	131832521	HMDB:(126075);PubChem:(131832521);PubChem class - bio and metabolites	16777226
46	2	N/A	-275.3606332959361	C22H24O11	[M + H]+	LRRDCIMOYDXDJD	InChI=1S/C22H24O11/c1-30-21-13(32-22-20(29)19(28)17(26)14(7-23)33-22)6-12-15(18(21)27)16(25)11(8-31-12)9-2-4-10(24)5-3-9/h2-6,11,14,17,19-20,22-24,26-29H,7-8H2,1H3	null	COC1=C(C=C2C(=C1O)C(=O)C(CO2)C3=CC=C(C=C3)O)OC4C(C(C(C(O4)CO)O)O)O	0.699999988	53486253	COCONUT:(CNP0242096);Natural Products:(UNPD27034);PubChem:(53486253);SuperNatural:(SN00295325);KEGG Mine	8593113090
47	2	N/A	-275.7377124758722	C22H24O11	[M + H]+	ODPDERVBQNXEAF	InChI=1S/C22H24O11/c23-6-14-17(27)18(28)19(29)22(33-14)31-8-1-2-10-13(5-8)32-20-9-3-4-12(24)15(25)11(9)7-30-21(20)16(10)26/h1-5,14,16-29H,6-7H2	null	C1C2=C(C=CC(=C2O)O)C3C(O1)C(C4=C(O3)C=C(C=C4)OC5C(C(C(C(O5)CO)O)O)O)O	-1.0	101846311	COCONUT:(CNP0111227);Natural Products:(UNPD32124 UNPD50620);PubChem:(101846311);SuperNatural:(SN00356498 SN00304135)	3178498
48	2	N/A	-278.06592208607094	C22H24O11	[M + H]+	PGZNSEFIKNCSOE	InChI=1S/C22H24O11/c1-30-14-3-2-9(5-12(14)24)15-6-10-4-11(7-13(25)17(10)21(29)32-15)31-22-20(28)19(27)18(26)16(8-23)33-22/h2-5,7,15-16,18-20,22-28H,6,8H2,1H3	null	COC1=C(C=C(C=C1)C2CC3=C(C(=CC(=C3)OC4C(C(C(C(O4)CO)O)O)O)O)C(=O)O2)O	1.0	71663603	COCONUT:(CNP0122876);Natural Products:(UNPD219229);PubChem:(71663603)	2129922
49	2	N/A	-279.626339407396	C22H24O11	[M + H]+	DFYGREURLNLROW	InChI=1S/C22H24O11/c1-31-19-10(6-8-14(24)15(19)25)5-7-13(23)11-3-2-4-12(9-11)32-22-18(28)16(26)17(27)20(33-22)21(29)30/h2-4,6,8-9,16-18,20,22,24-28H,5,7H2,1H3,(H,29,30)	null	COC1=C(C=CC(=C1O)O)CCC(=O)C2=CC(=CC=C2)OC3C(C(C(C(O3)C(=O)O)O)O)O	0.800000012	131832522	HMDB:(126076);PubChem:(131832522);PubChem class - bio and metabolites	16777226
50	2	N/A	-289.6210757655312	C22H24O11	[M + H]+	NQOUIEULJPZTGG	InChI=1S/C22H24O11/c1-30-11-6-12(24)17-13(25)8-16(32-14(17)7-11)22(29)4-2-10(3-5-22)31-20-15(9-23)33-21(28)19(27)18(20)26/h2-8,10,15,18-21,23-24,26-29H,9H2,1H3	null	COC1=CC(=C2C(=C1)OC(=CC2=O)C3(C=CC(C=C3)OC4C(OC(C(C4O)O)O)CO)O)O	-0.780837357	""	COCONUT:(CNP0386152);Natural Products:(UNPD50294);SuperNatural:(SN00255961)	3178496
51	2	N/A	-325.60226299789434	C22H24O11	[M + H]+	KQYFTNXPSKTAES	InChI=1S/C22H24O11/c1-10(25)16-12-7-11(5-3-2-4-6-23)31-21(30)17(12)14(8-13(16)26)32-22-20(29)19(28)18(27)15(9-24)33-22/h2-6,8,11,15,18-20,22,24,26-29H,7,9H2,1H3	null	CC(=O)C1=C2CC(OC(=O)C2=C(C=C1O)OC3C(C(C(C(O3)CO)O)O)O)C=CC=CC=O	0.0	102212905	COCONUT:(CNP0231881);Natural Products:(UNPD24797);PubChem:(102212905);SuperNatural:(SN00299059)	3178498
52	2	N/A	-330.8438617536639	C22H24O11	[M + H]+	WEPOXIFVIQFSNW	InChI=1S/C22H24O11/c1-30-12-5-2-11(3-6-12)4-7-17(25)31-13-8-14(24)18(26)15(9-13)32-22-21(29)20(28)19(27)16(10-23)33-22/h2-9,16,19-24,26-29H,10H2,1H3	null	COC1=CC=C(C=C1)C=CC(=O)OC2=CC(=C(C(=C2)OC3C(C(C(C(O3)CO)O)O)O)O)O	0.792565525	""	COCONUT:(CNP0358245)	2097152
53	2	N/A	-369.16304662083905	C22H24O11	[M + H]+	WPGQLVFNDMDIEY	InChI=1S/C22H24O11/c1-30-11-4-3-9(24)14-18(28)15-10(25)6-13(21(31-2)22(15)33-20(11)14)32-12-5-8(7-23)16(26)19(29)17(12)27/h3-4,6,8,12,16-17,19,23-27,29H,5,7H2,1-2H3	null	COC1=C2C(=C(C=C1)O)C(=O)C3=C(O2)C(=C(C=C3O)OC4CC(C(C(C4O)O)O)CO)OC	0.591315627	""	COCONUT:(CNP0159923 CNP0374708);SuperNatural:(SN00163360)	3145728
54	2	N/A	-394.30681969915196	C22H24O11	[M + H]+	UMWNGGYPGAHOPP	InChI=1S/C22H24O11/c1-31-13-6-14-16(11(26)5-12(32-14)8-2-3-9(24)10(25)4-8)19(28)17(13)22-21(30)20(29)18(27)15(7-23)33-22/h2-6,14-16,18,20-25,27-30H,7H2,1H3	null	COC1=CC2C(C(=O)C=C(O2)C3=CC(=C(C=C3)O)O)C(=C1C4C(C(C(C(O4)CO)O)O)O)O	-1.70000005	91825557	COCONUT:(CNP0085558);PubChem:(91825557);CHEBI:(9369);KEGG Mine	8592031778
1	2	N/A	-130.5407002632813	C22H26O12	[M - H2O + H]+	SQZLLZXKGWZQGX	InChI=1S/C22H26O12/c1-30-14-6-4-12(25)20(31-2)16(14)21(29)32-9-10-7-11(24)3-5-13(10)33-22-19(28)18(27)17(26)15(8-23)34-22/h3-7,15,17-19,22-28H,8-9H2,1-2H3	[5-hydroxy-2-[(2S,3R,4S,5S,6R)-3,4,5-trihydroxy-6-(hydroxymethyl)oxan-2-yl]oxyphenyl]methyl 3-hydroxy-2,6-dimethoxybenzoate	COC1=C(C(=C(C=C1)O)OC)C(=O)OCC2=C(C=CC(=C2)O)OC3C(C(C(C(O3)CO)O)O)O	0.300000012	11503965	COCONUT:(CNP0392504);KNApSAcK:(31704);Natural Products:(UNPD5959);PubChem:(11503965);SuperNatural:(SN00163638)	3178514
2	2	N/A	-136.03963938507508	C22H26O12	[M - H2O + H]+	ZPJXHZWSVVTKED	InChI=1S/C22H26O12/c1-29-13-8-11(23)4-5-12(13)33-22-20(27)19(26)18(25)16(34-22)9-32-21(28)10-6-14(30-2)17(24)15(7-10)31-3/h4-8,16,18-20,22-27H,9H2,1-3H3	4-Hydroxy-2-methoxyphenol 1-O-(6-O-syringoyl)glucoside	COC1=CC(=CC(=C1O)OC)C(=O)OCC2C(C(C(C(O2)OC3=C(C=C(C=C3)O)OC)O)O)O	0.600000024	73554079;86337935;86337936;92024106;133612273	COCONUT:(CNP0172027);Natural Products:(UNPD204258);PubChem:(73554079 86337935 86337936 92024106 133612273);PubMed	2129986
3	2	N/A	-137.97623269364655	C22H26O12	[M - H2O + H]+	WCXHEUMNHRAWIJ	InChI=1S/C22H26O12/c1-29-14-6-10(4-5-12(14)23)21(28)32-9-16-17(25)18(26)19(27)22(34-16)33-11-7-13(24)20(31-3)15(8-11)30-2/h4-8,16-19,22-27H,9H2,1-3H3	3-hydroxy-4,5-dimethoxyphenyl 6-O-(4-hydroxy-3-methoxybenzoyl)-beta-D-glucopyranoside	COC1=CC(=CC(=C1OC)O)OC2C(C(C(C(O2)COC(=O)C3=CC(=C(C=C3)O)OC)O)O)O	0.600000024	53356307	COCONUT:(CNP0339306);Natural Products:(UNPD201092);PubChem:(53356307);PubMed;CHEBI:(67506)	2130018
4	2	N/A	-140.14013701897824	C22H26O12	[M - H2O + H]+	AGQYUQJWDJDTHF	InChI=1S/C22H26O12/c1-11(23)29-10-17-18(30-12(2)24)19(31-13(3)25)20(32-14(4)26)22(34-17)33-16-8-6-7-15(9-16)21(27)28-5/h6-9,17-20,22H,10H2,1-5H3	Methyl 3-[3,4,5-triacetyloxy-6-(acetyloxymethyl)oxan-2-yl]oxybenzoate	CC(=O)OCC1C(C(C(C(O1)OC2=CC=CC(=C2)C(=O)OC)OC(=O)C)OC(=O)C)OC(=O)C	0.887936771	4361261;16398249;46839059	COCONUT:(CNP0373166);PubChem:(4361261 16398249 46839059);SuperNatural:(SN00083729);ZINC bio:(ZINC09033722)	3153922
5	2	N/A	-144.24807329535778	C22H26O12	[M - H2O + H]+	AUOJHTOJMYHMLV	InChI=1S/C22H26O12/c1-30-14-6-5-13(25)20(31-2)16(14)21(29)32-9-15-17(26)18(27)19(28)22(34-15)33-8-10-7-11(23)3-4-12(10)24/h3-7,15,17-19,22-28H,8-9H2,1-2H3	null	COC1=C(C(=C(C=C1)O)OC)C(=O)OCC2C(C(C(C(O2)OCC3=C(C=CC(=C3)O)O)O)O)O	0.248837903	""	COCONUT:(CNP0301419);Natural Products:(UNPD195696 UNPD43043);SuperNatural:(SN00239359 SN00307855)	3178496
6	2	N/A	-147.90959870017505	C22H26O12	[M - H2O + H]+	KIUACJLRHARMJS	InChI=1S/C22H26O12/c1-29-13-6-10(4-5-12(13)24)21(28)32-9-16-17(25)18(26)19(27)22(33-16)34-20-14(30-2)7-11(23)8-15(20)31-3/h4-8,16-19,22-27H,9H2,1-3H3	null	COC1=CC(=CC(=C1OC2C(C(C(C(O2)COC(=O)C3=CC(=C(C=C3)O)OC)O)O)O)OC)O	0.693825781	""	COCONUT:(CNP0253560);Natural Products:(UNPD204257)	2129920
7	2	N/A	-154.8434112065235	C22H26O12	[M - H2O + H]+	IXDFDPOPSXBXHH	InChI=1S/C22H26O12/c1-29-13-8-11(4-5-12(13)23)33-22-20(27)19(26)18(25)16(34-22)9-32-21(28)10-6-14(30-2)17(24)15(7-10)31-3/h4-8,16,18-20,22-27H,9H2,1-3H3	null	COC1=CC(=CC(=C1O)OC)C(=O)OCC2C(C(C(C(O2)OC3=CC(=C(C=C3)O)OC)O)O)O	0.600000024	91895374;129317091	COCONUT:(CNP0145181);Natural Products:(UNPD214672);PubChem:(91895374 129317091)	2129922
8	2	N/A	-157.30221155516764	C22H26O12	[M - H2O + H]+	XGHWMISYPPWNDJ	InChI=1S/C22H26O12/c1-11(23)28-10-18-19(30-13(3)25)20(31-14(4)26)21(32-15(5)27)22(34-18)33-17-8-6-16(7-9-17)29-12(2)24/h6-9,18-22H,10H2,1-5H3	Penta-acetyl arbutin	CC(=O)OCC1C(C(C(C(O1)OC2=CC=C(C=C2)OC(=O)C)OC(=O)C)OC(=O)C)OC(=O)C	0.922872424	518990;9805253;20719119;70163371;70165538	COCONUT:(CNP0172680);Natural Products:(UNPD183340);PubChem:(518990 9805253 20719119 70163371 70165538);SuperNatural:(SN00279709)	3178498
9	2	N/A	-166.0913474913349	C22H26O12	[M - H2O + H]+	SFLVCICJLIKJKU	InChI=1S/C22H26O12/c1-30-14-6-11(7-15(31-2)17(14)25)21(29)32-9-10-3-4-13(12(24)5-10)33-22-20(28)19(27)18(26)16(8-23)34-22/h3-7,16,18-20,22-28H,8-9H2,1-2H3	null	COC1=CC(=CC(=C1O)OC)C(=O)OCC2=CC(=C(C=C2)OC3C(C(C(C(O3)CO)O)O)O)O	0.300000012	38358688	COCONUT:(CNP0087252);PubChem:(38358688);SuperNatural:(SN00029694);ZINC bio:(ZINC31165206);additional;Training Set	3694594
10	2	N/A	-175.21534318257056	C22H26O12	[M - H2O + H]+	SXABCPSTWKKCBF	InChI=1S/C22H26O12/c1-32-15-3-2-9(5-14(15)26)4-10(23)6-12-13(25)7-11(24)8-16(12)33-22-19(29)17(27)18(28)20(34-22)21(30)31/h2-3,5,7-8,10,17-20,22-29H,4,6H2,1H3,(H,30,31)	null	COC1=C(C=C(C=C1)CC(CC2=C(C=C(C=C2OC3C(C(C(C(O3)C(=O)O)O)O)O)O)O)O)O	0.5	131834183	HMDB:(127833);PubChem:(131834183);PubChem class - bio and metabolites	16777226
11	2	N/A	-178.57833159188064	C22H26O12	[M - H2O + H]+	NUZRCGHCJJERSY	InChI=1S/C22H26O12/c1-11(24)29-10-18-19(30-12(2)25)20(31-13(3)26)21(32-14(4)27)22(34-18)33-17-8-15(9-23)6-7-16(17)28-5/h6-9,18-22H,10H2,1-5H3	5-formyl-2-methoxyphenyl 2,3,4,6-tetra-O-acetylhexopyranoside	CC(=O)OCC1C(C(C(C(O1)OC2=C(C=CC(=C2)C=O)OC)OC(=O)C)OC(=O)C)OC(=O)C	0.899999976	3739383;11988995	COCONUT:(CNP0406370);PubChem:(3739383 11988995);SuperNatural:(SN00086125);ZINC bio:(ZINC12656598)	3153922
12	2	N/A	-183.43519730783947	C22H26O12	[M - H2O + H]+	PDILNSBCDCNSKH	InChI=1S/C22H26O12/c1-32-16-3-2-9(5-15(16)26)4-10(23)6-12-13(24)7-11(8-14(12)25)33-22-19(29)17(27)18(28)20(34-22)21(30)31/h2-3,5,7-8,10,17-20,22-29H,4,6H2,1H3,(H,30,31)	null	COC1=C(C=C(C=C1)CC(CC2=C(C=C(C=C2O)OC3C(C(C(C(O3)C(=O)O)O)O)O)O)O)O	0.5	131834182	HMDB:(127832);PubChem:(131834182);PubChem class - bio and metabolites	16777226
13	2	N/A	-184.31252055978445	C22H26O12	[M - H2O + H]+	VWXGSVUJVYUPKS	InChI=1S/C22H26O12/c1-32-16-5-9(4-10(23)6-12-13(25)7-11(24)8-14(12)26)2-3-15(16)33-22-19(29)17(27)18(28)20(34-22)21(30)31/h2-3,5,7-8,10,17-20,22-29H,4,6H2,1H3,(H,30,31)	null	COC1=C(C=CC(=C1)CC(CC2=C(C=C(C=C2O)O)O)O)OC3C(C(C(C(O3)C(=O)O)O)O)O	0.5	131834096	HMDB:(127772);PubChem:(131834096);PubChem class - bio and metabolites	16777226
14	2	N/A	-194.03984760688812	C22H26O12	[M - H2O + H]+	DKUQQXGSTIAJIE	InChI=1S/C22H26O12/c1-32-16-5-9(2-3-13(16)25)4-10(23)6-12-14(26)7-11(24)8-15(12)33-22-19(29)17(27)18(28)20(34-22)21(30)31/h2-3,5,7-8,10,17-20,22-29H,4,6H2,1H3,(H,30,31)	null	COC1=C(C=CC(=C1)CC(CC2=C(C=C(C=C2OC3C(C(C(C(O3)C(=O)O)O)O)O)O)O)O)O	0.5	131834095	HMDB:(127771);PubChem:(131834095);PubChem class - bio and metabolites	16777226
15	2	N/A	-197.8215485310689	C22H26O12	[M - H2O + H]+	FEJGIDFIOXMPBO	InChI=1S/C22H26O12/c1-32-15-3-2-9(4-10(23)6-12-13(25)7-11(24)8-14(12)26)5-16(15)33-22-19(29)17(27)18(28)20(34-22)21(30)31/h2-3,5,7-8,10,17-20,22-29H,4,6H2,1H3,(H,30,31)	null	COC1=C(C=C(C=C1)CC(CC2=C(C=C(C=C2O)O)O)O)OC3C(C(C(C(O3)C(=O)O)O)O)O	0.5	131834184	HMDB:(127834);PubChem:(131834184);PubChem class - bio and metabolites	16777226
16	2	N/A	-202.2597017321572	C22H26O12	[M - H2O + H]+	GMHSQOPZLUTSAK	InChI=1S/C22H26O12/c1-32-16-5-9(2-3-13(16)24)4-10(23)6-12-14(25)7-11(8-15(12)26)33-22-19(29)17(27)18(28)20(34-22)21(30)31/h2-3,5,7-8,10,17-20,22-29H,4,6H2,1H3,(H,30,31)	null	COC1=C(C=CC(=C1)CC(CC2=C(C=C(C=C2O)OC3C(C(C(C(O3)C(=O)O)O)O)O)O)O)O	0.5	131834094	HMDB:(127770);PubChem:(131834094);PubChem class - bio and metabolites	16777226
17	2	N/A	-206.9283345917524	C22H26O12	[M - H2O + H]+	MZXXWNWABKHVLS	InChI=1S/C22H26O12/c1-10(23)16-7-6-15(8-17(16)28)33-22-21(32-14(5)27)20(31-13(4)26)19(30-12(3)25)18(34-22)9-29-11(2)24/h6-8,18-22,28H,9H2,1-5H3	4-acetyl-3-hydroxyphenyl 2,3,4,6-tetra-O-acetylhexopyranoside	CC(=O)C1=C(C=C(C=C1)OC2C(C(C(C(O2)COC(=O)C)OC(=O)C)OC(=O)C)OC(=O)C)O	1.39999998	2817716;3741939;16398149;42100541;42100542;42100543;42100544;51445830;51445831;51445832;51445833;124896854;124896853	COCONUT:(CNP0156275);PubChem:(2817716 3741939 16398149 42100541 42100542 42100543 42100544 51445830 51445831 51445832 51445833 124896854 124896853);SuperNatural:(SN00086891);ZINC bio:(ZINC12661524)	3153922
18	2	N/A	-208.30637220999313	C22H26O12	[M - H2O + H]+	UVVWSZVDMSPHKK	InChI=1S/C22H26O12/c1-21-15-20(30-7-6-22(15,29)16(27)17(21)34-21)33-19-14(26)13(25)12(24)11(32-19)8-31-18(28)9-2-4-10(23)5-3-9/h2-7,11-17,19-20,23-27,29H,8H2,1H3	null	CC12C3C(OC=CC3(C(C1O2)O)O)OC4C(C(C(C(O4)COC(=O)C5=CC=C(C=C5)O)O)O)O	-1.89999998	101396698	COCONUT:(CNP0306301);Natural Products:(UNPD63503);PubChem:(101396698);SuperNatural:(SN00401727)	3178498
19	2	N/A	-213.73246895897043	C22H26O12	[M - H2O + H]+	MWMWUAQALQTNGV	InChI=1S/C22H26O12/c23-8-22-13-11(14(25)18(22)34-22)5-6-30-20(13)33-21-17(28)16(27)15(26)12(32-21)7-31-19(29)9-1-3-10(24)4-2-9/h1-6,11-18,20-21,23-28H,7-8H2	null	C1=COC(C2C1C(C3C2(O3)CO)O)OC4C(C(C(C(O4)COC(=O)C5=CC=C(C=C5)O)O)O)O	-1.89999998	101618816	COCONUT:(CNP0298041);Natural Products:(UNPD53791);PubChem:(101618816);SuperNatural:(SN00381594)	3178498
20	2	N/A	-225.58251813291108	C22H26O12	[M - H2O + H]+	LNWDBCZJPZTNQI	InChI=1S/C22H26O12/c23-7-15-17(27)18(28)19(29)22(33-15)34-21-16-10(6-13(25)11(16)3-4-31-21)8-32-20(30)9-1-2-12(24)14(26)5-9/h1-6,11,13,15-19,21-29H,7-8H2	Buddlejoside B, 2	C1=COC(C2C1C(C=C2COC(=O)C3=CC(=C(C=C3)O)O)O)OC4C(C(C(C(O4)CO)O)O)O	-1.5	16104873;24829301;57340451	COCONUT:(CNP0235442);KNApSAcK:(38657);Natural Products:(UNPD142988);PubChem:(16104873 24829301 57340451);SuperNatural:(SN00246108);KEGG Mine	8593113106
21	2	N/A	-230.87240811558965	C22H26O12	[M - H2O + H]+	RUMMZUFGTMKLMC	InChI=1S/C22H26O12/c23-8-11-7-14(33-19(29)10-1-3-12(25)4-2-10)22(30)5-6-31-20(15(11)22)34-21-18(28)17(27)16(26)13(9-24)32-21/h1-7,13-18,20-21,23-28,30H,8-9H2	null	C1=CC(=CC=C1C(=O)OC2C=C(C3C2(C=COC3OC4C(C(C(C(O4)CO)O)O)O)O)CO)O	-2.20000005	23872115;51692980;51692981;51692982;51692983;124899996;124899997;124899999;124900002	COCONUT:(CNP0183153);Natural Products:(UNPD15301);PubChem:(23872115 51692980 51692981 51692982 51692983 124899996 124899997 124899999 124900002);SuperNatural:(SN00037531 SN00032771 SN00032772 SN00032770 SN00225374 SN00037534 SN00037533 SN00032773 SN00037532);ZINC bio:(ZINC31156812 ZINC31156817 ZINC31156821 ZINC31156826 ZINC35455248 ZINC35455251 ZINC35455254 ZINC35455258);additional;Training Set	3727362
22	2	N/A	-239.8702624820939	C22H26O12	[M - H2O + H]+	OFQJPOBZWXRPSD	InChI=1S/C22H26O12/c23-7-12-14-11(15(26)19(12)33-20(30)9-1-3-10(25)4-2-9)5-6-31-21(14)34-22-18(29)17(28)16(27)13(8-24)32-22/h1-6,11,13-18,21-29H,7-8H2	null	C1=COC(C2C1C(C(=C2CO)OC(=O)C3=CC=C(C=C3)O)O)OC4C(C(C(C(O4)CO)O)O)O	-1.09293091	""	COCONUT:(CNP0288059)	2097152
23	2	N/A	-240.92435648191167	C22H26O12	[M - H2O + H]+	UXSACQOOWZMGSE	InChI=1S/C22H26O12/c23-7-12-14(26)15(27)16(28)21(31-12)33-20-13-11(5-6-30-20)17(18-22(13,8-24)34-18)32-19(29)9-1-3-10(25)4-2-9/h1-6,11-18,20-21,23-28H,7-8H2	Catalposide	C1=COC(C2C1C(C3C2(O3)CO)OC(=O)C4=CC=C(C=C4)O)OC5C(C(C(C(O5)CO)O)O)O	-1.29999995	93039;232494;5705546;9956891;45005770;50989893;53297355;84820882;98049317;98049318;98049319;98049320;98049849;98049852;98049853;98512276;98512277;98512280;98512282;98116113;98116114;98116116;117065328;118701743;118705453;124708577;124708578;124708579;124203854;129317142;131704757;137705841	SuperNatural:(SN00136770 SN00282365 SN00374303 SN00036469);ZINC bio:(ZINC08234299 ZINC68568530);additional;MeSH:(93039 232494 9956891 53297355 118701743 118705453 129317142 137705841);PubMed;NORMAN:(NS00046512);COCONUT:(CNP0239939);KNApSAcK:(3076);Natural Products:(UNPD24378 UNPD111809 UNPD120625);PubChem:(93039 232494 5705546 9956891 45005770 50989893 53297355 84820882 98049317 98049318 98049319 98049320 98049849 98049852 98049853 98512276 98512277 98512280 98512282 98116113 98116114 98116116 117065328 118701743 118705453 124708577 124708578 124708579 124203854 129317142 131704757 137705841);CHEBI:(3465);KEGG:(C09775);PubChem class - safety and toxic;Training Set	71098742
24	2	N/A	-243.3258237277147	C22H26O12	[M - H2O + H]+	FHINLKPLNHTRNY	InChI=1S/C22H26O12/c1-31-21-12(26)2-8(20-13(27)6-10-11(25)4-9(24)5-14(10)32-20)3-15(21)33-22-19(30)18(29)17(28)16(7-23)34-22/h2-5,13,16-20,22-30H,6-7H2,1H3	(+)-4''-Methylgallocatechin 3''-O-.beta.-D-glucopyranoside	COC1=C(C=C(C=C1OC2C(C(C(C(O2)CO)O)O)O)C3C(CC4=C(C=C(C=C4O3)O)O)O)O	-0.400000006	476782	COCONUT:(CNP0136235);KNApSAcK:(40745);Natural Products:(UNPD196142);PubChem:(476782);SuperNatural:(SN00253642);PubMed	3178578
25	2	N/A	-253.1640343741615	C22H26O12	[M - H2O + H]+	YXHLIRULWWQBDY	InChI=1S/C22H26O12/c1-31-21-11(25)2-8(3-12(21)26)20-13(27)6-10-14(32-20)4-9(24)5-15(10)33-22-19(30)18(29)17(28)16(7-23)34-22/h2-5,13,16-20,22-30H,6-7H2,1H3	(-)-4''-Methylepigallocatechin 5-O-.beta.-D-glucopyranoside	COC1=C(C=C(C=C1O)C2C(CC3=C(O2)C=C(C=C3OC4C(C(C(C(O4)CO)O)O)O)O)O)O	-0.400000006	476781	COCONUT:(CNP0200134);KNApSAcK:(40735);PubChem:(476781);PubMed	2097234
26	2	N/A	-278.1681570844041	C22H26O12	[M - H2O + H]+	OIZNQQKKXWWKMU	InChI=1S/C22H26O12/c1-29-10-4-2-9(3-5-10)18(27)31-16-11-6-7-30-20(12(11)22(8-23)17(16)34-22)33-21-15(26)13(24)14(25)19(28)32-21/h2-7,11-17,19-21,23-26,28H,8H2,1H3	null	COC1=CC=C(C=C1)C(=O)OC2C3C=COC(C3C4(C2O4)CO)OC5C(C(C(C(O5)O)O)O)O	-1.05764687	""	COCONUT:(CNP0226841)	2097152
27	2	N/A	-278.98591051384864	C22H26O12	[M - H2O + H]+	KRQVLBAATCPMJK	InChI=1S/C22H26O12/c1-32-14-3-8(9(24)4-11(14)26)20-13(28)2-7-10(25)5-12(27)16(21(7)34-20)22-19(31)18(30)17(29)15(6-23)33-22/h3-5,13,15,17-20,22-31H,2,6H2,1H3	null	COC1=C(C=C(C(=C1)C2C(CC3=C(O2)C(=C(C=C3O)O)C4C(C(C(C(O4)CO)O)O)O)O)O)O	-1.10000002	131833112	HMDB:(126730);PubChem:(131833112);PubChem class - bio and metabolites	16777226
28	2	N/A	-281.5896144507885	C22H26O12	[M - H2O + H]+	JXUBTPPHIRIYJZ	InChI=1S/C22H26O12/c23-9-15-17(27)18(28)19(29)22(33-15)34-20-13(25)7-11(21(30)31)8-14(20)32-16(26)6-3-10-1-4-12(24)5-2-10/h1-7,13-15,17-20,22-25,27-29H,8-9H2,(H,30,31)	null	C1C(C(C(C=C1C(=O)O)O)OC2C(C(C(C(O2)CO)O)O)O)OC(=O)C=CC3=CC=C(C=C3)O	-1.0	44203416	COCONUT:(CNP0203892);Natural Products:(UNPD69965 UNPD218249);PubChem:(44203416);SuperNatural:(SN00351082)	3178498
29	2	N/A	-282.15981630699173	C22H26O12	[M - H2O + H]+	HSANTHNWDVNORK	InChI=1S/C22H26O12/c1-32-14-4-9(24)7(2-10(14)25)21-12(27)3-8-13(33-21)5-11(26)16(17(8)28)22-20(31)19(30)18(29)15(6-23)34-22/h2,4-5,12,15,18-31H,3,6H2,1H3	null	COC1=C(C=C(C(=C1)O)C2C(CC3=C(O2)C=C(C(=C3O)C4C(C(C(C(O4)CO)O)O)O)O)O)O	-1.10000002	131833077	HMDB:(126695);PubChem:(131833077);PubChem class - bio and metabolites	16777226
30	2	N/A	-287.3385796889893	C22H26O12	[M - H2O + H]+	PRKXBTWNXKZIQO	InChI=1S/C22H26O12/c1-32-14-5-10(25)7(2-11(14)26)20-13(28)3-8-9(24)4-12(27)16(21(8)34-20)22-19(31)18(30)17(29)15(6-23)33-22/h2,4-5,13,15,17-20,22-31H,3,6H2,1H3	null	COC1=C(C=C(C(=C1)O)C2C(CC3=C(O2)C(=C(C=C3O)O)C4C(C(C(C(O4)CO)O)O)O)O)O	-1.10000002	131833127	HMDB:(126745);PubChem:(131833127);PubChem class - bio and metabolites	16777226
31	2	N/A	-299.5593971180241	C22H26O12	[M - H2O + H]+	PATFXJLZMVZPET	InChI=1S/C22H26O12/c1-8(20(29)30)12(24)6-11-14(21(31)32)15(25)9-4-2-3-5-10(9)19(11)34-22-18(28)17(27)16(26)13(7-23)33-22/h2-5,8,12-13,16-18,22-28H,6-7H2,1H3,(H,29,30)(H,31,32)	null	CC(C(CC1=C(C2=CC=CC=C2C(=C1C(=O)O)O)OC3C(C(C(C(O3)CO)O)O)O)O)C(=O)O	0.400000006	11038186	COCONUT:(CNP0283069);KNApSAcK:(33343);Natural Products:(UNPD98686);PubChem:(11038186);SuperNatural:(SN00318008)	3178514
32	2	N/A	-325.4164990256024	C22H26O12	[M - H2O + H]+	OHBCQZHHEGRATF	InChI=1S/C22H26O12/c23-9-17-19(30)20(31)21(34-18(29)6-10-1-2-12(24)14(26)5-10)22(33-17)32-4-3-11-7-15(27)16(28)8-13(11)25/h1-2,5,7-8,17,19-28,30-31H,3-4,6,9H2	2-(2,4,5-trihydroxyphenyl)ethyl 2-O-[(3,4-dihydroxyphenyl)acetyl]-beta-D-glucopyranoside	C1=CC(=C(C=C1CC(=O)OC2C(C(C(OC2OCCC3=CC(=C(C=C3O)O)O)CO)O)O)O)O	0.300000012	16091524	COCONUT:(CNP0265364);Natural Products:(UNPD139913);PubChem:(16091524);SuperNatural:(SN00343758);CHEBI:(66208)	3178530
33	2	N/A	-339.5718048279573	C22H26O12	[M - H2O + H]+	JZTNMHGRPLSBAX	InChI=1S/C22H26O12/c1-32-11-4-7(2-3-9(11)24)20-10(25)5-8-14(26)17(29)16(28)13(21(8)34-20)22-19(31)18(30)15(27)12(6-23)33-22/h2-4,10,12,15,18-20,22-31H,5-6H2,1H3	null	COC1=C(C=CC(=C1)C2C(CC3=C(C(=C(C(=C3O2)C4C(C(C(C(O4)CO)O)O)O)O)O)O)O)O	-1.10000002	131833104	HMDB:(126722);PubChem:(131833104);PubChem class - bio and metabolites	16777226
34	2	N/A	-344.09870909246166	C22H26O12	[M - H2O + H]+	RLXWQODPAWIVOI	InChI=1S/C22H26O12/c23-7-11-14(25)15(26)16(27)18(31-11)33-21-5-12-20(21,19-32-13(21)6-22(12,29)34-19)8-30-17(28)9-1-3-10(24)4-2-9/h1-4,11-16,18-19,23-27,29H,5-8H2	null	C1C2C3(CC4C1(C2(C(O4)O3)COC(=O)C5=CC=C(C=C5)O)OC6C(C(C(C(O6)CO)O)O)O)O	-1.66766739	""	COCONUT:(CNP0143809);Natural Products:(UNPD152617);SuperNatural:(SN00280791)	3178496