structureRankPerFormula	formulaRank	ConfidenceScore	CSI:FingerIDScore	molecularFormula	adduct	InChIkey2D	InChI	name	smiles	xlogp	pubchemids	links	dbflags
1	1	0.2547468432607596	-68.550873173875	C8H8O3	[M - H2O + H]+	CCVYRRGZDBSHFU	InChI=1S/C8H8O3/c9-7-4-2-1-3-6(7)5-8(10)11/h1-4,9H,5H2,(H,10,11)	bmse000715	C1=CC=C(C(=C1)CC(=O)O)O	1.05920589	11970;6933325;58399617;76973316;101569100;138396033	HMDB:(669);SuperNatural:(SN00331327 SN00001240);ZINC bio:(ZINC00164777);additional;MeSH:(11970);Plantcyc:(CPD-11495);PubMed;NORMAN:(NS00014664);COCONUT:(CNP0204938 CNP0298923);Natural Products:(UNPD54746);PubChem:(11970 6933325 58399617 76973316 101569100 138396033);YMDB Mine;CHEBI:(28478 62423);PubChem class - bio and metabolites;EcoCyc Mine;KEGG:(C05852);PubChem class - safety and toxic;Training Set;Biocyc:(CPD-11495)	51627616622
2	1	N/A	-71.26705388826265	C8H8O3	[M - H2O + H]+	FVMDYYGIDFPZAX	InChI=1S/C8H8O3/c9-7-3-1-2-6(4-7)5-8(10)11/h1-4,9H,5H2,(H,10,11)	bmse000339	C1=CC(=CC(=C1)O)CC(=O)O	1.05920589	12122;6950813	HMDB:(440);ZINC bio:(ZINC00395673);additional;MeSH:(12122);PubMed;NORMAN:(NS00014720);COCONUT:(CNP0342864);PubChem:(12122 6950813);YMDB Mine;CHEBI:(58149 17445);PubChem class - bio and metabolites;KEGG:(C05593);PubChem class - safety and toxic;Training Set;PubChem class - drug;Biocyc:(3-HYDROXYPHENYLACETATE)	34480089454
3	1	N/A	-72.80042685716104	C8H8O3	[M - H2O + H]+	IADQVXRMSNIUEL	InChI=1S/C8H8O3/c9-4-3-6-1-2-7(10)8(11)5-6/h1-2,4-5,10-11H,3H2	Protocatechuatealdehyde	C1=CC(=C(C=C1CC=O)O)O	0.892255366	119219;121231067;131709127	HMDB:(3791);SuperNatural:(SN00228775);ZINC bio:(ZINC00901908);MeSH:(119219);Plantcyc:(34-DIHYDROXYPHENYLACETALDEHYDE);PubMed;COCONUT:(CNP0123574);Natural Products:(UNPD25413);PubChem:(119219 121231067 131709127);CHEBI:(27978);PubChem class - bio and metabolites;KEGG:(C04043);PubChem class - safety and toxic;Biocyc:(34-DIHYDROXYPHENYLACETALDEHYDE)	87206254
4	1	N/A	-76.3506949814199	C8H8O3	[M - H2O + H]+	OUWKTIRCGDAGJB	InChI=1S/C8H8O3/c9-4-3-6-1-2-7(10)8(11)5-6/h1-5,9-11H	null	C1=CC(=C(C=C1C=CO)O)O	1.00281537	86016769;89292581;139243449	COCONUT:(CNP0157779);HMDB:(137457);Natural Products:(UNPD174468);PubChem:(86016769 89292581 139243449);PubChem class - bio and metabolites	18907146
5	1	N/A	-78.80527333428752	C8H8O3	[M - H2O + H]+	UCQUAMAQHHEXGD	InChI=1S/C8H8O3/c1-5(9)6-2-3-7(10)8(11)4-6/h2-4,10-11H,1H3	Qingxintong	CC(=O)C1=CC(=C(C=C1)O)O	0.82003063	14530;132278971	HMDB:(29661);SuperNatural:(SN00156013);ZINC bio:(ZINC00900177);additional;MeSH:(14530);PubMed;COCONUT:(CNP0310121);KNApSAcK:(2693);Natural Products:(UNPD71278);PubChem:(14530 132278971);YMDB Mine;CHEBI:(19868 69446);PubChem class - bio and metabolites;KEGG:(C10675);PubChem class - safety and toxic;Training Set	34447352190
6	1	N/A	-91.54640554918558	C8H8O3	[M - H2O + H]+	WLDWSGZHNBANIO	InChI=1S/C8H8O3/c1-5(9)7-4-6(10)2-3-8(7)11/h2-4,10-11H,1H3	Acetylquinol	CC(=O)C1=C(C=CC(=C1)O)O	0.82003063	10279	HMDB:(32629);SuperNatural:(SN00143845);ZINC bio:(ZINC00164902);additional;PubMed;NORMAN:(NS00031851);COCONUT:(CNP0226762);Natural Products:(UNPD91401);PubChem:(10279);PubChem class - bio and metabolites;PubChem class - safety and toxic;Training Set;KEGG Mine	8677810250
7	1	N/A	-92.02919058116993	C8H8O3	[M - H2O + H]+	ZZMFDMIBZYLXQE	InChI=1S/C8H8O3/c1-2-5-3-6(9)8(11)7(10)4-5/h2-4,9-11H,1H2	5-ethenylbenzene-1,2,3-triol	C=CC1=CC(=C(C(=C1)O)O)O	1.60000002	22247518	HMDB:(125528);PubChem:(22247518);KEGG Mine;PubChem class - bio and metabolites	8606711818
8	1	N/A	-95.34917321543583	C8H8O3	[M - H2O + H]+	XQXPVVBIMDBYFF	InChI=1S/C8H8O3/c9-7-3-1-6(2-4-7)5-8(10)11/h1-4,9H,5H2,(H,10,11)	bmse000455	C1=CC(=CC=C1CC(=O)O)O	1.05920589	127;4693933;10796946;11788406;59838712;91368157;118404243;131709120	HMDB:(20);SuperNatural:(SN00001284 SN00265185);ZINC bio:(ZINC00213065);MeSH:(127);Plantcyc:(4-HYDROXYPHENYLACETATE);PubMed;NORMAN:(NS00006155);COCONUT:(CNP0212603 CNP0251603);KNApSAcK:(50490);Natural Products:(UNPD154511);PubChem:(127 4693933 10796946 11788406 59838712 91368157 118404243 131709120);CHEBI:(48999 18101);PubChem class - bio and metabolites;KEGG:(C00642);PubChem class - safety and toxic;YMDB:(1486);Biocyc:(4-HYDROXYPHENYLACETATE)	87533950
9	1	N/A	-95.55474051904945	C8H8O3	[M - H2O + H]+	HEJLFBLJYFSKCE	InChI=1S/C8H8O3/c1-5(9)6-3-2-4-7(10)8(6)11/h2-4,10-11H,1H3	3-Acetyl-1,2-benzenediol	CC(=O)C1=C(C(=CC=C1)O)O	0.82003063	6429110	COCONUT:(CNP0306897);HMDB:(29658);PubChem:(6429110);PubChem class - bio and metabolites;MeSH:(6429110);PubMed	18874446
10	1	N/A	-97.26264927080996	C8H8O3	[M - H2O + H]+	YPTJKHVBDCRKNF	InChI=1S/C8H8O3/c1-5(9)8-6(10)3-2-4-7(8)11/h2-4,10-11H,1H3	2-Acetylresorcinol	CC(=O)C1=C(C=CC=C1O)O	1.39999998	69687;101502067	HMDB:(29660);SuperNatural:(SN00224829);ZINC bio:(ZINC00157768);additional;MeSH:(69687);PubMed;NORMAN:(NS00001185);COCONUT:(CNP0132108);Natural Products:(UNPD178520);PubChem:(69687 101502067);PubChem class - bio and metabolites;PubChem class - safety and toxic	87859278
11	1	N/A	-102.347445161326	C8H8O3	[M - H2O + H]+	SULYEHHGGXARJS	InChI=1S/C8H8O3/c1-5(9)7-3-2-6(10)4-8(7)11/h2-4,10-11H,1H3	Resacetophenone	CC(=O)C1=C(C=C(C=C1)O)O	0.82003063	6990;46702271	HMDB:(29659);SuperNatural:(SN00155208);ZINC bio:(ZINC00038028);additional;MeSH:(6990);PubMed;NORMAN:(NS00039344);COCONUT:(CNP0230310);KNApSAcK:(33340);Natural Products:(UNPD191282);PubChem:(6990 46702271);CHEBI:(18414);PubChem class - bio and metabolites;KEGG:(C03663);PubChem class - safety and toxic;Training Set	87875966
12	1	N/A	-115.83364101437242	C8H8O3	[M - H2O + H]+	IWYDHOAUDWTVEP	InChI=1S/C8H8O3/c9-7(8(10)11)6-4-2-1-3-5-6/h1-5,7,9H,(H,10,11)	mandelate	C1=CC=C(C=C1)C(C(=O)O)O	0.825461566	1292;11914;439616;3839223;5460269;5460348;11019130;15621037;15621040;16081029;57792116;90673197;101884416;101884417;101987533;101987534;129712810;134979164;139025125;138402711	HMDB:(703 62635 124926);SuperNatural:(SN00000004 SN00352375 SN00001229 SN00305699);ZINC bio:(ZINC00000036 ZINC00164392);additional;MeSH:(1292);Plantcyc:(CPD-121);PubMed;NORMAN:(NS00001311);COCONUT:(CNP0248394 CNP0417500);KNApSAcK:(37426);Natural Products:(UNPD114172 UNPD156713);PubChem:(1292 11914 439616 3839223 5460269 5460348 11019130 15621037 15621040 16081029 57792116 90673197 101884416 101884417 101987533 101987534 129712810 134979164 139025125 138402711);YMDB Mine;CHEBI:(35825 32382 17656 32800 25147 17756);PubChem class - bio and metabolites;EcoCyc Mine;KEGG:(C01983 C01984);PubChem class - safety and toxic;PubChem class - drug;Biocyc:(CPD-121 CPD1G-1534 CPD-122)	51661154686
13	1	N/A	-116.39936655207163	C8H8O3	[M - H2O + H]+	WQXWIKCZNIGMAP	InChI=1S/C8H8O3/c1-5(9)6-2-7(10)4-8(11)3-6/h2-4,10-11H,1H3	5-Acetylresorcinol	CC(=O)C1=CC(=CC(=C1)O)O	0.899999976	103993	NORMAN:(NS00032361);COCONUT:(CNP0352952);HMDB:(29662);PubChem:(103993);PubChem class - bio and metabolites;PubChem class - safety and toxic;PubMed	86245450
14	1	N/A	-117.8843883186661	C8H8O3	[M - H2O + H]+	KLAKIAVEMQMVBT	InChI=1S/C8H8O3/c9-5-8(11)6-1-3-7(10)4-2-6/h1-4,9-10H,5H2	4-Hydroxyacetylphenol	C1=CC(=CC=C1C(=O)CO)O	0.720774114	440082	COCONUT:(CNP0183122);HMDB:(29657);Natural Products:(UNPD119514);PubChem:(440082);CHEBI:(35164);PubChem class - bio and metabolites;KEGG:(C13635);Plantcyc:(CPD-242);PubMed;Biocyc:(CPD-242)	19040618
15	1	N/A	-122.39387012784684	C8H8O3	[M - H2O + H]+	AOPMHYFEQDBXPZ	InChI=1S/C8H8O3/c1-5-7(10)3-2-6(4-9)8(5)11/h2-4,10-11H,1H3	4-Formyl-2-methylresorcinol	CC1=C(C=CC(=C1O)C=O)O	1.60000002	80395	NORMAN:(NS00035047);PubChem class - safety and toxic;PubChem:(80395);KEGG Mine	8657305602
16	1	N/A	-122.62581450293246	C8H8O3	[M - H2O + H]+	ZQLCWPXBHUALQC	InChI=1S/C8H8O3/c1-5-2-3-6(8(10)11)4-7(5)9/h2-4,9H,1H3,(H,10,11)	3,4-Cresotic acid	CC1=C(C=C(C=C1)C(=O)O)O	1.38094532	68512;54706651	NORMAN:(NS00033983);COCONUT:(CNP0262674);Natural Products:(UNPD85542);PubChem:(68512 54706651);PubChem class - bio and metabolites;PubChem class - safety and toxic;Plantcyc:(CPD-18274);PubMed;Biocyc:(CPD-18274);KEGG Mine	8676345922
17	1	N/A	-126.82179993222888	C8H8O3	[M - H2O + H]+	OWAQGWDSFNLJGH	InChI=1S/C8H8O3/c9-4-6-1-2-7(5-10)8(11)3-6/h1-3,5,9,11H,4H2	4-Hydroxymethylsalicylaldehyde	C1=CC(=C(C=C1CO)O)C=O	0.699999988	656882	KEGG:(C14108);PubChem:(656882);PubMed;CHEBI:(20414)	354
18	1	N/A	-127.44184718956076	C8H8O3	[M - H2O + H]+	OSYMDNUEVGSSKZ	InChI=1S/C8H8O3/c1-5-6(4-9)2-3-7(10)8(5)11/h2-4,10-11H,1H3	Benzaldehyde, 3,4-dihydroxy-2-methyl-	CC1=C(C=CC(=C1O)O)C=O	1.0	11263595	COCONUT:(CNP0202109);Natural Products:(UNPD207682);PubChem:(11263595);PubChem class - safety and toxic;PubMed;KEGG Mine	8659173442
19	1	N/A	-131.90614478472628	C8H8O3	[M - H2O + H]+	LTFHNKUKQYVHDX	InChI=1S/C8H8O3/c1-5-4-6(8(10)11)2-3-7(5)9/h2-4,9H,1H3,(H,10,11)	4,3-Cresotic acid	CC1=C(C=CC(=C1)C(=O)O)O	1.38094532	68138;54710471	HMDB:(4815);SuperNatural:(SN00216363);ZINC bio:(ZINC01846606);PubMed;NORMAN:(NS00014691);COCONUT:(CNP0305353);Natural Products:(UNPD62250);PubChem:(68138 54710471);YMDB Mine;CHEBI:(85239);PubChem class - bio and metabolites;EcoCyc Mine;KEGG:(C21167);PubChem class - safety and toxic;Biocyc:(CPD-18291);KEGG Mine	60216879466
20	1	N/A	-133.55780060728128	C8H8O3	[M - H2O + H]+	SCXZNYRQOPBUTM	InChI=1S/C8H8O3/c9-4-6-1-2-8(11)7(3-6)5-10/h1-4,10-11H,5H2	Oprea1_353947	C1=CC(=C(C=C1C=O)CO)O	0.695358396	40975	PubChem:(40975);PubChem class - safety and toxic	67108866
21	1	N/A	-133.72894251810035	C8H8O3	[M - H2O + H]+	NJESAXZANHETJV	InChI=1S/C8H8O3/c1-5-2-3-6(8(10)11)7(9)4-5/h2-4,9H,1H3,(H,10,11)	bmse000624	CC1=CC(=C(C=C1)C(=O)O)O	1.38094532	5788;54675829	ZINC bio:(ZINC00407084);additional;MeSH:(5788);Plantcyc:(CPD-8815);PubMed;NORMAN:(NS00022260);PubChem:(5788 54675829);YMDB Mine;CHEBI:(20450);PubChem class - bio and metabolites;EcoCyc Mine;KEGG:(C14103);PubChem class - safety and toxic;Biocyc:(CPD-8815)	51624421734
22	1	N/A	-136.12435824265526	C8H8O3	[M - H2O + H]+	DLGBEGBHXSAQOC	InChI=1S/C8H8O3/c1-5-2-3-7(9)6(4-5)8(10)11/h2-4,9H,1H3,(H,10,11)	p-Cresotic acid	CC1=CC(=C(C=C1)O)C(=O)O	1.38094532	6973;54706644	ZINC bio:(ZINC00388280);MeSH:(6973);Plantcyc:(CPD-10664);PubMed;NORMAN:(NS00039335);PubChem:(6973 54706644);YMDB Mine;PubChem class - bio and metabolites;EcoCyc Mine;PubChem class - safety and toxic;Biocyc:(CPD-10664);KEGG Mine	60213831750
23	1	N/A	-136.15739260295055	C8H8O3	[M - H2O + H]+	JASONGFGOLHLGB	InChI=1S/C8H8O3/c1-5-2-7(10)6(4-9)8(11)3-5/h2-4,10-11H,1H3	Atranol	CC1=CC(=C(C(=C1)O)C=O)O	1.60000002	458186	COCONUT:(CNP0218508);KNApSAcK:(29760);Natural Products:(UNPD108841);PubChem:(458186);SuperNatural:(SN00359746);CHEBI:(144118);ZINC bio:(ZINC02529209);MeSH:(458186);PubChem class - safety and toxic;PubMed;KEGG Mine	8660230262
24	1	N/A	-141.91114112125297	C8H8O3	[M - H2O + H]+	WZUODJNEIXSNEU	InChI=1S/C8H8O3/c1-11-7-3-2-6(5-9)8(10)4-7/h2-5,10H,1H3	4-Methoxysalicyaldehyde	COC1=CC(=C(C=C1)C=O)O	1.14034629	69600	PubChem class - food;SuperNatural:(SN00156101);ZINC bio:(ZINC01420780);additional;MeSH:(69600);PubMed;NORMAN:(NS00022648);COCONUT:(CNP0298651);KNApSAcK:(50720);Natural Products:(UNPD54471);PubChem:(69600);PubChem class - safety and toxic;Training Set;KEGG Mine	8795250774
25	1	N/A	-142.19235005861702	C8H8O3	[M - H2O + H]+	JVTZFYYHCGSXJV	InChI=1S/C8H8O3/c1-11-8-3-2-6(5-9)4-7(8)10/h2-5,10H,1H3	isovanilin	COC1=C(C=C(C=C1)C=O)O	1.14034629	12127;12998387;71309429;76972996;131699277	SuperNatural:(SN00043619);ZINC bio:(ZINC00164617);additional;MeSH:(12127);PubMed;NORMAN:(NS00022524);COCONUT:(CNP0420166);KNApSAcK:(44826);Natural Products:(UNPD151706);PubChem:(12127 12998387 71309429 76972996 131699277);PubChem class - bio and metabolites;PubChem class - safety and toxic;Biocyc:(CPD-8489);KEGG Mine	8677795926
26	1	N/A	-142.77618824677157	C8H8O3	[M - H2O + H]+	MFHBKQHAPQBJFO	InChI=1S/C8H8O3/c9-4-6-1-2-8(11)7(3-6)5-10/h1-3,5,9,11H,4H2	5-(Hydroxymethyl)salicylaldehyde	C1=CC(=C(C=C1CO)C=O)O	0.699999988	53142	PubChem:(53142);PubChem class - safety and toxic	67108866
27	1	N/A	-144.09853145225094	C8H8O3	[M - H2O + H]+	WBIZZNFQJPOKDK	InChI=1S/C8H8O3/c1-11-8-4-7(10)3-2-6(8)5-9/h2-5,10H,1H3	ArgoGel&trade;-MB-CHO	COC1=C(C=CC(=C1)O)C=O	1.14034629	519541	COCONUT:(CNP0328475);Natural Products:(UNPD92227);PubChem:(519541);SuperNatural:(SN00156100);ZINC bio:(ZINC01420501);additional;PubChem class - safety and toxic;PubMed	70819906
28	1	N/A	-144.48494797621075	C8H8O3	[M - H2O + H]+	ZIOYQUNKXJQXQY	InChI=1S/C8H8O3/c1-5-2-3-6(9)4-7(5)8(10)11/h2-4,9H,1H3,(H,10,11)	5,2-Cresotic acid	CC1=C(C=C(C=C1)O)C(=O)O	1.5	235188;54720119	PubChem class - safety and toxic;PubChem:(235188 54720119);KEGG Mine	8657043458
29	1	N/A	-146.01082653335283	C8H8O3	[M - H2O + H]+	BXGXGTXWGGOFSP	InChI=1S/C8H8O3/c9-8(11-10)6-7-4-2-1-3-5-7/h1-5,10H,6H2	2-phenylethaneperoxoate	C1=CC=C(C=C1)CC(=O)OO	1.64717209	167853;21044990	MeSH:(167853);PubChem:(167853 21044990);PubMed	70
30	1	N/A	-150.06221006212374	C8H8O3	[M - H2O + H]+	RIERSGULWXEJKL	InChI=1S/C8H8O3/c1-5-6(8(10)11)3-2-4-7(5)9/h2-4,9H,1H3,(H,10,11)	3,2-Cresotic acid	CC1=C(C=CC=C1O)C(=O)O	1.5	252023;45039463;54712088	PubChem class - safety and toxic;PubChem:(252023 45039463 54712088);PubMed;KEGG Mine	8657043522
31	1	N/A	-150.93343562345598	C8H8O3	[M - H2O + H]+	FZHSPPYCNDYIKD	InChI=1S/C8H8O3/c1-11-7-2-3-8(10)6(4-7)5-9/h2-5,10H,1H3	5-Methoxysalicylaldehyde	COC1=CC(=C(C=C1)O)C=O	1.14034629	95695	ZINC bio:(ZINC01656240);additional;MeSH:(95695);PubMed;NORMAN:(NS00036099);COCONUT:(CNP0269274);KNApSAcK:(44431);Natural Products:(UNPD171222);PubChem:(95695);CHEBI:(137359);PubChem class - bio and metabolites;PubChem class - safety and toxic;KEGG Mine	8676745334
32	1	N/A	-150.94666800135144	C8H8O3	[M - H2O + H]+	CQCKLDAUFPKXPU	InChI=1S/C8H8O3/c1-6-2-3-7(11-6)4-5-8(9)10/h2-5H,1H3,(H,9,10)	Enamine_004970	CC1=CC=C(O1)C=CC(=O)O	1.39999998	1712615;177463;766922;4194774;5565788	PubChem class - safety and toxic;PubChem:(1712615 177463 766922 4194774 5565788);PubMed	67108930
33	1	N/A	-151.16176559577434	C8H8O3	[M - H2O + H]+	BBMFSGOFUHEVNP	InChI=1S/C8H8O3/c1-5-4-6(9)2-3-7(5)8(10)11/h2-4,9H,1H3,(H,10,11)	4,2-Cresotic acid	CC1=C(C=CC(=C1)O)C(=O)O	1.5	68475;54678414	NORMAN:(NS00014690);COCONUT:(CNP0075319 CNP0085718);PubChem:(68475 54678414);YMDB Mine;ZINC bio:(ZINC04266368);EcoCyc Mine;PubChem class - safety and toxic;PubMed;KEGG Mine	60199018562
34	1	N/A	-151.1841396487032	C8H8O3	[M - H2O + H]+	HWNIBJPEJAWOTR	InChI=1S/C8H8O3/c1-11-8-3-2-7(10)4-6(8)5-9/h2-5,10H,1H3	5-hydroxy-2-methoxybenzaldehyde	COC1=C(C=C(C=C1)O)C=O	1.14034629	358341	COCONUT:(CNP0214934);KNApSAcK:(36597);Natural Products:(UNPD3984);PubChem:(358341);SuperNatural:(SN00261007);ZINC bio:(ZINC01440526);PubChem class - safety and toxic;KEGG Mine	8660230162
35	1	N/A	-153.24105085435752	C8H8O3	[M - H2O + H]+	DZJPDDVDKXHRLF	InChI=1S/C8H8O3/c1-11-8-4-2-3-7(10)6(8)5-9/h2-5,10H,1H3	6-Methoxysalicylaldehyde	COC1=CC=CC(=C1C=O)O	1.60000002	69692	NORMAN:(NS00022714);PubChem class - safety and toxic;PubChem:(69692);PubMed	67371074
36	1	N/A	-154.16567915854998	C8H8O3	[M - H2O + H]+	WHSXTWFYRGOBGO	InChI=1S/C8H8O3/c1-5-3-2-4-6(7(5)9)8(10)11/h2-4,9H,1H3,(H,10,11)	bmse000620	CC1=C(C(=CC=C1)C(=O)O)O	1.38094532	6738;54675854	HMDB:(2390);SuperNatural:(SN00376504 SN00000129);ZINC bio:(ZINC00001548);additional;MeSH:(6738);PubMed;NORMAN:(NS00007358);COCONUT:(CNP0134592 CNP0160969);KNApSAcK:(44054);Natural Products:(UNPD21371);PubChem:(6738 54675854);YMDB Mine;CHEBI:(20141);PubChem class - bio and metabolites;EcoCyc Mine;KEGG:(C14088);PubChem class - safety and toxic;Training Set;PubChem class - drug;Biocyc:(CPD-10665)	51661039998
37	1	N/A	-154.6326145578682	C8H8O3	[M - H2O + H]+	JJVNINGBHGBWJH	InChI=1S/C8H8O3/c1-11-7-4-2-3-6(5-9)8(7)10/h2-5,10H,1H3	2-Vanillin	COC1=CC=CC(=C1O)C=O	1.14034629	8991;56851417;71752916;71752917;102407623	NORMAN:(NS00024863);COCONUT:(CNP0274414);Natural Products:(UNPD82641);PubChem:(8991 56851417 71752916 71752917 102407623);SuperNatural:(SN00043200);CHEBI:(78339);ZINC bio:(ZINC00096615);additional;MeSH:(8991);PubChem class - safety and toxic;PubMed	71082086
38	1	N/A	-156.7462760303282	C8H8O3	[M - H2O + H]+	HCJMNOSIAGSZBM	InChI=1S/C8H8O3/c1-5-3-2-4-6(9)7(5)8(10)11/h2-4,9H,1H3,(H,10,11)	2,6-cresotate	CC1=C(C(=CC=C1)O)C(=O)O	1.38094532	11279;54693536;100945498	SuperNatural:(SN00118989 SN00239729);ZINC bio:(ZINC00901434);MeSH:(11279);Plantcyc:(CPD-637);PubMed;COCONUT:(CNP0206449 CNP0209474);KNApSAcK:(486);Natural Products:(UNPD8590);PubChem:(11279 54693536 100945498);YMDB Mine;CHEBI:(36658 17637);PubChem class - bio and metabolites;EcoCyc Mine;KEGG:(C02657);PubChem class - safety and toxic;Biocyc:(CPD-637)	51626813814
39	1	N/A	-157.1645485916307	C8H8O3	[M - H2O + H]+	LCPDWSOZIOUXRV	InChI=1S/C8H8O3/c9-8(10)6-11-7-4-2-1-3-5-7/h1-5H,6H2,(H,9,10)	bmse000742	C1=CC=C(C=C1)OCC(=O)O	1.24297595	19188;4523333;18667269;18667270;138396220	HMDB:(31609);PubChem class - food;SuperNatural:(SN00243646);ZINC bio:(ZINC00331715);MeSH:(19188);PubMed;NORMAN:(NS00000984);COCONUT:(CNP0231951);Natural Products:(UNPD112634);PubChem:(19188 4523333 18667269 18667270 138396220);YMDB Mine;CHEBI:(8075 38846);PubChem class - bio and metabolites;EcoCyc Mine;KEGG:(C02181);PubChem class - safety and toxic;Biocyc:(CPD-10902)	51761162606
40	1	N/A	-159.78180118880462	C8H8O3	[M - H2O + H]+	MWOOGOJBHIARFG	InChI=1S/C8H8O3/c1-11-8-4-6(5-9)2-3-7(8)10/h2-5,10H,1H3	vaniline	COC1=C(C=CC(=C1)C=O)O	1.14034629	1183;10678436;10749408;12226901;12226905;11389509;10487069;16109963;71752918;71309238;71309620;123230524;123719897;131699278;132281554	HMDB:(12308);PubChem class - food;SuperNatural:(SN00003169);ZINC bio:(ZINC02567933);additional;HSDB:(121-33-5);MeSH:(1183);Plantcyc:(VANILLIN);PubMed;NORMAN:(NS00009754);COCONUT:(CNP0076470 CNP0270199);KNApSAcK:(29531);Natural Products:(UNPD137556);PubChem:(1183 10678436 10749408 12226901 12226905 11389509 10487069 16109963 71752918 71309238 71309620 123230524 123719897 131699278 132281554);CHEBI:(18346);PubChem class - bio and metabolites;EcoCyc Mine;KEGG:(C00755);PubChem class - safety and toxic;YMDB:(1803);PubChem class - drug;Biocyc:(VANILLIN)	17435700094
41	1	N/A	-160.58193542891615	C8H8O3	[M - H2O + H]+	OSWPMRLSEDHDFF	InChI=1S/C8H8O3/c1-11-8(10)6-4-2-3-5-7(6)9/h2-5,9H,1H3	Analgit	COC(=O)C1=CC=CC=C1O	1.30729675	4133;12196098;11378589;16216930;21972286;129849694;129851308;134915257	HMDB:(34172);PubChem class - food;SuperNatural:(SN00116756);ZINC bio:(ZINC00000490);additional;HSDB:(119-36-8);MeSH:(4133);Plantcyc:(CPD-6442);PubMed;NORMAN:(NS00008765);COCONUT:(CNP0320906);KNApSAcK:(30767);Natural Products:(UNPD114370);PubChem:(4133 12196098 11378589 16216930 21972286 129849694 129851308 134915257);CHEBI:(31832);PubChem class - bio and metabolites;EcoCyc Mine;KEGG:(C12305);PubChem class - safety and toxic;YMDB:(1370);Training Set;PubChem class - drug;Biocyc:(CPD-6442 B-DARA-HEX-2:6_2:KETO)	17435716478
42	1	N/A	-160.94283221248486	C8H8O3	[M - H2O + H]+	LJFQTUKKYWDRAT	InChI=1S/C8H8O3/c1-5-2-6(10)3-8(11)7(5)4-9/h2-4,10-11H,1H3	Orcinaldehyde	CC1=CC(=CC(=C1C=O)O)O	1.60000002	251690	COCONUT:(CNP0115622);Natural Products:(UNPD23946);PubChem:(251690);ZINC bio:(ZINC01698463);MeSH:(251690);PubChem class - safety and toxic;PubMed	69247046
43	1	N/A	-161.19252863172787	C8H8O3	[M - H2O + H]+	ZZPKZRHERLGEKA	InChI=1S/C8H8O3/c1-6(9)11-8-4-2-3-7(10)5-8/h2-5,10H,1H3	Euresol	CC(=O)OC1=CC=CC(=C1)O	1.34223247	5055;124202785	NORMAN:(NS00014035);COCONUT:(CNP0341697);PubChem:(5055 124202785);SuperNatural:(SN00000180);YMDB Mine;CHEBI:(29672);ZINC bio:(ZINC00002029);MeSH:(5055);KEGG:(C12064);PubChem class - safety and toxic;PubMed	34430263654
44	1	N/A	-164.02475860145955	C8H8O3	[M - H2O + H]+	PLNJUBIUGVATKW	InChI=1S/C8H8O3/c1-10-8(9)5-4-7-3-2-6-11-7/h2-6H,1H3	Methyl furanacrylate	COC(=O)C=CC1=CC=CO1	1.39630997	61165;6066657;5355414	COCONUT:(CNP0003236);HMDB:(32399);PubChem class - food;PubChem:(61165 6066657 5355414);PubChem class - bio and metabolites	153092106
45	1	N/A	-164.5434319737261	C8H8O3	[M - H2O + H]+	MGMNPSAERQZUIM	InChI=1S/C8H8O3/c9-5-6-3-1-2-4-7(6)8(10)11/h1-4,9H,5H2,(H,10,11)	2-(hydroxymethyl)benzoate	C1=CC=C(C(=C1)CO)C(=O)O	0.86230886	11920;6971231	NORMAN:(NS00010676);COCONUT:(CNP0283123);HMDB:(32594);PubChem:(11920 6971231);ZINC bio:(ZINC00900396);PubChem class - bio and metabolites;KEGG:(C10804);PubMed;Biocyc:(CPD-19749)	19147082
46	1	N/A	-165.05535891439615	C8H8O3	[M - H2O + H]+	YKUCHDXIBAQWSF	InChI=1S/C8H8O3/c1-11-8(10)6-3-2-4-7(9)5-6/h2-5,9H,1H3	m-Carbomethoxyphenol	COC(=O)C1=CC(=CC=C1)O	1.30729675	88068;58667849;59429110;91535893	NORMAN:(NS00008226);COCONUT:(CNP0301417);Natural Products:(UNPD13625);PubChem:(88068 58667849 59429110 91535893);SuperNatural:(SN00155808);ZINC bio:(ZINC00388757);additional;PubChem class - safety and toxic;PubMed;KEGG Mine	8661016642
47	1	N/A	-170.32076589430085	C8H8O3	[M - H2O + H]+	JKZFRKHYUVIIFN	InChI=1S/C8H8O3/c9-8(10)5-1-3-7-4-2-6-11-7/h1-2,4-6H,3H2,(H,9,10)	2-Furancrotonic acid	C1=COC(=C1)CC=CC(=O)O	1.29999995	50657;6080366;92854762	PubChem:(50657 6080366 92854762);PubChem class - safety and toxic	67108866
48	1	N/A	-170.48568081641244	C8H8O3	[M - H2O + H]+	WWYFPDXEIFBNKE	InChI=1S/C8H8O3/c9-5-6-1-3-7(4-2-6)8(10)11/h1-4,9H,5H2,(H,10,11)	HMBA Linker;	C1=CC(=CC=C1CO)C(=O)O	0.86230886	76360;7009454;59470959	COCONUT:(CNP0163373);PubChem:(76360 7009454 59470959);ZINC bio:(ZINC00135484);PubChem class - bio and metabolites;EcoCyc Mine;PubChem class - safety and toxic;Plantcyc:(4-CARBOXYBENZYL-ALCOHOL);PubMed;Biocyc:(4-CARBOXYBENZYL-ALCOHOL);KEGG Mine	25855928386
49	1	N/A	-172.9381158159614	C8H8O3	[M - H2O + H]+	HBMCQTHGYMTCOF	InChI=1S/C8H8O3/c1-6(9)11-8-4-2-7(10)3-5-8/h2-5,10H,1H3	4-Acetoxyphenol	CC(=O)OC1=CC=C(C=C1)O	1.34223247	96009	HMDB:(60390);SuperNatural:(SN00002466);ZINC bio:(ZINC01679468);MeSH:(96009);PubMed;COCONUT:(CNP0172781);Natural Products:(UNPD196197);PubChem:(96009);YMDB Mine;CHEBI:(31128);PubChem class - bio and metabolites;KEGG:(C13636)	34379702638
50	1	N/A	-175.7430671037884	C8H8O3	[M - H2O + H]+	ILUJQPXNXACGAN	InChI=1S/C8H8O3/c1-11-7-5-3-2-4-6(7)8(9)10/h2-5H,1H3,(H,9,10)	2-Anisic acid	COC1=CC=CC=C1C(=O)O	1.30729675	11370;450655;6950218;12217773;117065521;138402677	HMDB:(32604);PubChem class - food;ZINC bio:(ZINC00388432);additional;MeSH:(11370 6950218);PubMed;NORMAN:(NS00015109);COCONUT:(CNP0156098);Natural Products:(UNPD165682);PubChem:(11370 450655 6950218 12217773 117065521 138402677);YMDB Mine;CHEBI:(421840 59128);PubChem class - bio and metabolites;EcoCyc Mine;PubChem class - safety and toxic;Training Set;Biocyc:(CPD-14380);KEGG Mine	60350589038
51	1	N/A	-176.0167232236371	C8H8O3	[M - H2O + H]+	XHQZJYCNDZAGLW	InChI=1S/C8H8O3/c1-11-7-4-2-3-6(5-7)8(9)10/h2-5H,1H3,(H,9,10)	3-Anisic acid	COC1=CC=CC(=C1)C(=O)O	1.30729675	11461;3433717;69909160;102350311	HMDB:(32606);PubChem class - food;SuperNatural:(SN00369316 SN00117291);ZINC bio:(ZINC00120430);additional;MeSH:(11461);PubMed;NORMAN:(NS00015702);COCONUT:(CNP0192510 CNP0251972);Natural Products:(UNPD143453);PubChem:(11461 3433717 69909160 102350311);CHEBI:(88458);PubChem class - bio and metabolites;PubChem class - safety and toxic;Biocyc:(CPD-12220);KEGG Mine	8812013678
52	1	N/A	-180.5992721114929	C8H8O3	[M - H2O + H]+	FGQOOHJZONJGDT	InChI=1S/C8H8O3/c1-11-8-3-6(5-9)2-7(10)4-8/h2-5,10H,1H3	ghl.PD_Mitscher_leg0.685	COC1=CC(=CC(=C1)O)C=O	1.14034629	5314561	COCONUT:(CNP0302868);Natural Products:(UNPD199173);PubChem:(5314561);ZINC bio:(ZINC13481365);PubMed;KEGG Mine	8592072770
53	1	N/A	-181.09617058532007	C8H8O3	[M - H2O + H]+	ZEYHEAKUIGZSGI	InChI=1S/C8H8O3/c1-11-7-4-2-6(3-5-7)8(9)10/h2-5H,1H3,(H,9,10)	bmse000356	COC1=CC=C(C=C1)C(=O)O	1.30729675	7478;3783514;10654435;10796957;12219315;22796081;71308947;71309376;101007754;102602369;117064263;117064370;131869335	HMDB:(1101);PubChem class - food;SuperNatural:(SN00318237 SN00155782);ZINC bio:(ZINC00332748);additional;MeSH:(7478 3783514);PubMed;NORMAN:(NS00013936);COCONUT:(CNP0249583 CNP0369705);KNApSAcK:(41076);Natural Products:(UNPD163358);PubChem:(7478 3783514 10654435 10796957 12219315 22796081 71308947 71309376 101007754 102602369 117064263 117064370 131869335);CHEBI:(40813 16639);PubChem class - bio and metabolites;EcoCyc Mine;KEGG:(C02519);PubChem class - safety and toxic;YMDB:(1638);Training Set;Biocyc:(CPD-1076)	17402030462
54	1	N/A	-181.2904717851499	C8H8O3	[M - H2O + H]+	CFXOUQXGRQXUSE	InChI=1S/C8H8O3/c1-5-2-6(8(10)11)4-7(9)3-5/h2-4,9H,1H3,(H,10,11)	3,5-Cresotic acid	CC1=CC(=CC(=C1)O)C(=O)O	1.5	231756;54711413	PubChem:(231756 54711413);ZINC bio:(ZINC01646464);PubChem class - bio and metabolites;Plantcyc:(CPD-18275);PubMed;Biocyc:(CPD-18275);KEGG Mine	8606853186
55	1	N/A	-182.17303302718557	C8H8O3	[M - H2O + H]+	UOKBFIOAEPCADP	InChI=1S/C8H8O3/c9-5-6-2-1-3-7(4-6)8(10)11/h1-4,9H,5H2,(H,10,11)	3-(hydroxymethyl)benzoate	C1=CC(=CC(=C1)C(=O)O)CO	0.86230886	185629;23344080	PubChem class - safety and toxic;PubChem:(185629 23344080);ZINC bio:(ZINC06092332);KEGG Mine	8657051650
56	1	N/A	-184.84010699198242	C8H8O3	[M - H2O + H]+	SMUNJBNGTHEKIO	InChI=1S/C8H8O3/c1-9-7-3-2-4-8-6(7)5-10-11-8/h2-4H,5H2,1H3	4-methoxy-3H-1,2-benzodioxole	COC1=CC=CC2=C1COO2	1.5	5319407	COCONUT:(CNP0298183);Natural Products:(UNPD34364);PubChem:(5319407);SuperNatural:(SN00167434)	3178498
57	1	N/A	-187.0964192712738	C8H8O3	[M - H2O + H]+	NBIBDIKAOBCFJN	InChI=1S/C8H8O3/c9-7(8(10)11)6-4-2-1-3-5-6/h1-5,8,10-11H	Dioxyacetophenone	C1=CC=C(C=C1)C(=O)C(O)O	0.793567777	99611;134965908	COCONUT:(CNP0177704);PubChem class - food;PubChem:(99611 134965908);ZINC bio:(ZINC01767981);MeSH:(99611);PubChem class - safety and toxic;PubMed;KEGG Mine	8793366598
58	1	N/A	-189.42125463236067	C8H8O3	[M - H2O + H]+	LXCFILQKKLGQFO	InChI=1S/C8H8O3/c1-11-8(10)6-2-4-7(9)5-3-6/h2-5,9H,1H3	Maseptol	COC(=O)C1=CC=C(C=C1)O	1.30729675	7456;4445627;20588851;57369290;58415158;71750518;117065203;138396089	HMDB:(32572);PubChem class - food;SuperNatural:(SN00000147);ZINC bio:(ZINC00001712);additional;HSDB:(99-76-3);MeSH:(7456);PubMed;NORMAN:(NS00001849);COCONUT:(CNP0259416);KNApSAcK:(30751);Natural Products:(UNPD166151);PubChem:(7456 4445627 20588851 57369290 58415158 71750518 117065203 138396089);YMDB Mine;CHEBI:(31835);PubChem class - bio and metabolites;EcoCyc Mine;PubChem class - safety and toxic;Biocyc:(CPD-18691);KEGG Mine	60351621758
59	1	N/A	-193.22272082501664	C8H8O3	[M - H2O + H]+	FIXFJSCIIIVDHU	InChI=1S/C8H8O3/c9-7-3-1-6(5-7)2-4-8(10)11/h2,4-5H,1,3H2,(H,10,11)	null	C1CC(=O)C=C1C=CC(=O)O	0.0	139588008	PubChem:(139588008);COCONUT:(CNP0224386)	2097154
60	1	N/A	-205.96166925246504	C8H8O3	[M - H2O + H]+	IGXSSRPZRAIXQF	InChI=1S/C8H8O3/c9-6-2-1-3-7-8(6)11-5-4-10-7/h1-3,9H,4-5H2	2H,3H-benzo[e]1,4-dioxin-5-ol	C1COC2=C(C=CC=C2O1)O	1.29999995	82520	NORMAN:(NS00021454);PubChem class - safety and toxic;PubChem:(82520)	67371010
61	1	N/A	-208.7501118121249	C8H8O3	[M - H2O + H]+	CSILYJHAPLAXTQ	InChI=1S/C8H8O3/c1-5-3-4-7(11-5)8(10)6(2)9/h3-4H,1-2H3	1-(5-methyl-2-furyI)-1,2-propanedione	CC1=CC=C(O1)C(=O)C(=O)C	1.10000002	70968	NORMAN:(NS00023875);COCONUT:(CNP0165601);HMDB:(33003);Natural Products:(UNPD126132);PubChem:(70968);SuperNatural:(SN00381246);PubChem class - bio and metabolites	20217866
62	1	N/A	-211.47131270138087	C8H8O3	[M - H2O + H]+	IWMXBRWYPMCNQM	InChI=1S/C8H8O3/c1-2-6(9)8(10)7-4-3-5-11-7/h3-5H,2H2,1H3	1,2-Butanedione, 1-(2-furanyl)-	CCC(=O)C(=O)C1=CC=CO1	1.10000002	19776197	COCONUT:(CNP0113129);HMDB:(32919);Natural Products:(UNPD28400);PubChem:(19776197);PubChem class - bio and metabolites	18907146
63	1	N/A	-211.79089259083298	C8H8O3	[M - H2O + H]+	CPNSHCHMSWIIAF	InChI=1S/C8H8O3/c1-5-3-2-4-6(9)8(11)7(5)10/h2-4H,1H3,(H2,9,10,11)	2,3-dihydroxy-4-methylcyclohepta-2,4,6-trien-1-one	CC1=CC=CC(=O)C(=C1O)O	0.699999988	2755150	COCONUT:(CNP0050316);PubChem:(2755150);SuperNatural:(SN00127727);ZINC bio:(ZINC03851563)	3153922
64	1	N/A	-215.58963668468175	C8H8O3	[M - H2O + H]+	GPYKJDYMMUIUFG	InChI=1S/C8H8O3/c1-6(9)5-7(10)8-3-2-4-11-8/h2-4H,5H2,1H3	Furoyl acetone	CC(=O)CC(=O)C1=CC=CO1	0.765051126	12168	NORMAN:(NS00021950);COCONUT:(CNP0334244);HMDB:(41283);Natural Products:(UNPD85995);PubChem class - food;PubChem:(12168);PubChem class - bio and metabolites;PubChem class - safety and toxic;PubMed	220495946
65	1	N/A	-216.63019415908127	C8H8O3	[M - H2O + H]+	LTYPWDAORXWBGR	InChI=1S/C8H8O3/c1-5-2-3-6(9)8(11)7(10)4-5/h2-4H,1H3,(H2,9,10,11)	2,3-dihydroxy-6-methylcyclohepta-2,4,6-trien-1-one	CC1=CC(=O)C(=C(C=C1)O)O	0.699999988	2755148	COCONUT:(CNP0053190);PubChem:(2755148);SuperNatural:(SN00127726);ZINC bio:(ZINC03851562)	3153922
66	1	N/A	-218.65719480011117	C8H8O3	[M - H2O + H]+	BHUIUXNAPJIDOG	InChI=1S/C8H8O3/c9-4-6-1-2-7-8(3-6)11-5-10-7/h1-3,9H,4-5H2	Piperonol	C1OC2=C(O1)C=C(C=C2)CO	1.21303153	10322;10796955;87286995	PubChem class - food;SuperNatural:(SN00043586);ZINC bio:(ZINC00157455);additional;MeSH:(10322);PubMed;NORMAN:(NS00022238);COCONUT:(CNP0392701);PubChem:(10322 10796955 87286995);YMDB Mine;PubChem class - bio and metabolites;PubChem class - safety and toxic;Training Set;KEGG Mine	43171733574
67	1	N/A	-222.65538074206282	C8H8O3	[M - H2O + H]+	XVCMMPXFVAHHQN	InChI=1S/C8H8O3/c9-4-6-2-1-3-7-8(6)11-5-10-7/h1-3,9H,4-5H2	1,3-Benzodioxole-4-methanol	C1OC2=CC=CC(=C2O1)CO	0.800000012	2776187	PubChem:(2776187);PubChem class - safety and toxic	67108866
68	1	N/A	-229.19886091303673	C8H8O3	[M - H2O + H]+	FIQAFBCVOCRLKV	InChI=1S/C8H8O3/c9-7-5-3-1-2-4-6(7)8(10)11/h1-4,9H,5H2,(H,10,11)	null	C1C=CC=CC(=C1O)C(=O)O	1.79999995	90657133;90657134	PubChem:(90657133 90657134);Biocyc:(CPD0-2559)	2050
69	1	N/A	-232.22050185469672	C8H8O3	[M - H2O + H]+	BHPLCUDMENJIRS	InChI=1S/C8H8O3/c1-2-8(9)11-6-7-4-3-5-10-7/h2-5H,1,6H2	Furfuryl acrylate	C=CC(=O)OCC1=CC=CO1	1.29999995	82699	NORMAN:(NS00023360);PubChem class - safety and toxic;PubChem:(82699)	67371010
70	1	N/A	-239.67803749699075	C8H8O3	[M - H2O + H]+	AVPYWHNVUUFYRS	InChI=1S/C8H8O3/c1-5-3-4-7(6(2)9)11-8(5)10/h3-4H,1-2H3	null	CC1=CC=C(OC1=O)C(=O)C	1.0	10080571	COCONUT:(CNP0144436);Natural Products:(UNPD187096);PubChem:(10080571);SuperNatural:(SN00274674)	3178498
71	1	N/A	-243.5937546605869	C8H8O3	[M - H2O + H]+	OJRUCLKIAXLMBK	InChI=1S/C8H8O3/c1-6-7(2-4-9)8(10)3-5-11-6/h3-5H,2H2,1H3	null	CC1=C(C(=O)C=CO1)CC=O	-0.100000001	40469791	PubChem:(40469791);CHEBI:(107665)	34
72	1	N/A	-247.38410804227846	C8H8O3	[M - H2O + H]+	SJRQTHAMRUOPBJ	InChI=1S/C8H8O3/c1-2-5-11-8(9)7-4-3-6-10-7/h2-4,6H,1,5H2	Allyl furoate	C=CCOC(=O)C1=CC=CO1	1.46747267	61337	NORMAN:(NS00022173);COCONUT:(CNP0002876);HMDB:(36907);PubChem class - food;PubChem:(61337);PubChem class - bio and metabolites	153354250
73	1	N/A	-250.77740183307253	C8H8O3	[M - H2O + H]+	LAZYRSUGAIOZQO	InChI=1S/C8H8O3/c1-2-3-7-4-6(9)5-8(10)11-7/h2-5,9H,1H3	null	CC=CC1=CC(=CC(=O)O1)O	1.20000005	54733183;76213211	COCONUT:(CNP0118981);Natural Products:(UNPD224450 UNPD130220);PubChem:(54733183 76213211);PubMed	2129986
74	1	N/A	-255.82859033022035	C8H8O3	[M - H2O + H]+	XPLAHBQULJNNLX	InChI=1S/C8H8O3/c9-8-5-10-6-3-1-2-4-7(6)11-8/h1-4,8-9H,5H2	2H,3H-benzo[e]1,4-dioxan-2-ol	C1C(OC2=CC=CC=C2O1)O	1.10000002	110711;40541954;40541957	PubChem:(110711 40541954 40541957);NORMAN:(NS00047465)	262146
75	1	N/A	-256.7265867766975	C8H8O3	[M - H2O + H]+	MSUIQNOEASGXHI	InChI=1S/C8H8O3/c1-11-7-5-3-2-4-6(9)8(7)10/h2-5H,1H3,(H,9,10)	2-hydroxy-3-methoxycyclohepta-2,4,6-trien-1-one	COC1=C(C(=O)C=CC=C1)O	1.10000002	439776	COCONUT:(CNP0345100);Natural Products:(UNPD86082);PubChem:(439776);SuperNatural:(SN00372277);CHEBI:(1581);KEGG:(C02639)	3178786
76	1	N/A	-261.73054946320883	C8H8O3	[M - H2O + H]+	DVKAHSGVCRCIJY	InChI=1S/C8H8O3/c9-8(10)6-3-4-11-7(6)5-1-2-5/h3-5H,1-2H2,(H,9,10)	null	C1CC1C2=C(C=CO2)C(=O)O	1.10000002	91654465	PubChem:(91654465);PubChem class - safety and toxic	67108866
77	1	N/A	-267.7096230149129	C8H8O3	[M - H2O + H]+	AFMHCDNELHMGHI	InChI=1S/C8H8O3/c1-6-7(2-4-9)8(10)3-5-11-6/h2-5,9H,1H3	Spectrum_001545	CC1=C(C(=O)C=CO1)C=CO	0.600000024	4014560;5986986;45082987	COCONUT:(CNP0337481);PubChem:(4014560 5986986 45082987);PubMed	2097218
78	1	N/A	-268.7168361774105	C8H8O3	[M - H2O + H]+	BIDFQZFXUARDQG	InChI=1S/C8H8O3/c1-11-8-6(9)4-2-3-5-7(8)10/h2-5,9H,1H3	3-hydroxy-2-methoxycyclohepta-2,4,6-trien-1-one	COC1=C(C=CC=CC1=O)O	1.10000002	2755139	COCONUT:(CNP0053010);PubChem:(2755139);SuperNatural:(SN00127719);ZINC bio:(ZINC03851553)	3153922
79	1	N/A	-271.1753163976863	C8H8O3	[M - H2O + H]+	LCPIUODQEAEATK	InChI=1S/C8H8O3/c1-11-6-3-2-4-7(9)8(10)5-6/h2-5H,1H3,(H,9,10)	Antibiotic XK-100	COC1=CC(=O)C(=CC=C1)O	1.10000002	47625	MeSH:(47625);PubChem class - safety and toxic;PubChem:(47625);PubMed	67108934
80	1	N/A	-272.69735860145784	C8H8O3	[M - H2O + H]+	UMYJQPRVRNMXKM	InChI=1S/C8H8O3/c1-4-3-6(9)5(2)8(11)7(4)10/h3,11H,1-2H3	3-hydroxy-2,5-dimethylcyclohexa-2,5-diene-1,4-dione	CC1=CC(=O)C(=C(C1=O)O)C	0.776270211	4231438	COCONUT:(CNP0231654);Natural Products:(UNPD140270);PubChem:(4231438);SuperNatural:(SN00283823)	3178498
81	1	N/A	-274.4770900166258	C8H8O3	[M - H2O + H]+	KMOUUZVZFBCRAM	InChI=1S/C8H8O3/c9-7-5-3-1-2-4-6(5)8(10)11-7/h1-2,5-6H,3-4H2	Rikacid TH	C1C=CCC2C1C(=O)OC2=O	0.800000012	6810;98495;9231232;9496807;15620752;45040503;58012571;58060883	NORMAN:(NS00008366);COCONUT:(CNP0079756);PubChem class - food;PubChem:(6810 98495 9231232 9496807 15620752 45040503 58012571 58060883);PubChem class - bio and metabolites;HSDB:(85-43-8);PubChem class - safety and toxic;Training Set;PubMed	220480066
82	1	N/A	-275.2002111832775	C8H8O3	[M - H2O + H]+	MTOQDDYJTBUKCK	InChI=1S/C8H8O3/c1-4-3-6(10)7(5(2)9)8(4)11/h3,7H,1-2H3	2-acetyl-4-methylcyclopent-4-ene-1,3-dione	CC1=CC(=O)C(C1=O)C(=O)C	0.300000012	928602;3739913;28636148	COCONUT:(CNP0363698);PubChem:(928602 3739913 28636148);SuperNatural:(SN00094473 SN00094472);ZINC bio:(ZINC20111141 ZINC20111143)	3153922
83	1	N/A	-279.7952106023267	C8H8O3	[M - H2O + H]+	LGWGHIVCHVTBRS	InChI=1S/C8H8O3/c1-10-8(9)7-5-3-2-4-6-11-7/h2-6H,1H3	null	COC(=O)C1=CC=CC=CO1	1.79999995	45090123;134915298;134987072	COCONUT:(CNP0163197);Natural Products:(UNPD174477);PubChem:(45090123 134915298 134987072)	2129922
84	1	N/A	-281.49753680941586	C8H8O3	[M - H2O + H]+	HMMBJOWWRLZEMI	InChI=1S/C8H8O3/c9-7-5-3-1-2-4-6(5)8(10)11-7/h1-4H2	1, 4,5,6,7-tetrahydro-	C1CCC2=C(C1)C(=O)OC2=O	1.29999995	12475	NORMAN:(NS00021913);PubChem:(12475);additional;MeSH:(12475);PubChem class - safety and toxic;PubMed;KEGG Mine	8657829958
85	1	N/A	-282.154021765735	C8H8O3	[M - H2O + H]+	RAXNUTINVDSFEU	InChI=1S/C8H8O3/c9-6-2-1-5-3-8(10)11-7(5)4-6/h1-3,6-7,9H,4H2	Menisdaurilide	C1C(C=CC2=CC(=O)OC21)O	-0.100000001	639165;155054;185347;11286568;11298065;15927878;130994742	COCONUT:(CNP0267394);KNApSAcK:(42233);Natural Products:(UNPD114386 UNPD9794 UNPD84300 UNPD155647);PubChem:(639165 155054 185347 11286568 11298065 15927878 130994742);SuperNatural:(SN00367515 SN00307136 SN00378636 SN00385225);CHEBI:(81370);MeSH:(155054 185347);KEGG:(C17900);PubMed	3178870
86	1	N/A	-290.92954192732776	C8H8O3	[M - H2O + H]+	XVGQCWWUXBWHHZ	InChI=1S/C8H8O3/c9-7-5-3-1-2-4-6(5)8(10)11-7/h3,6H,1-2,4H2	1,3-Isobenzofurandione, 3a,4,5,6-tetrahydro-	C1CC=C2C(C1)C(=O)OC2=O	1.10000002	13321638;87359360;87376755	COCONUT:(CNP0364714);PubChem:(13321638 87359360 87376755);SuperNatural:(SN00163579)	3145730
87	1	N/A	-292.5579200314347	C8H8O3	[M - H2O + H]+	NLHGEUBYWAAMID	InChI=1S/C8H8O3/c1-5-3-8(10)11-6(2)7(5)4-9/h3-4H,1-2H3	2,4-dimethyl-6-oxopyran-3-carbaldehyde	CC1=CC(=O)OC(=C1C=O)C	0.300000012	21117095	PubChem:(21117095);NORMAN:(NS00043462)	262146
88	1	N/A	-298.34451873788186	C8H8O3	[M - H2O + H]+	OILJPEOTAOIWTL	InChI=1S/C8H8O3/c9-6-3-5-1-2-8(10)11-7(5)4-6/h1-3,6-7,9H,4H2	null	C1C(C=C2C1OC(=O)C=C2)O	-0.100000001	101409158;101445414;101445415;101445416	COCONUT:(CNP0217259);Natural Products:(UNPD85815);PubChem:(101409158 101445414 101445415 101445416);SuperNatural:(SN00393140)	3178498
89	1	N/A	-298.7887530763026	C8H8O3	[M - H2O + H]+	DFHHICWDTCBHEX	InChI=1S/C8H8O3/c1-2-11-8-5-6(9)3-4-7(8)10/h3-5H,2H2,1H3	2-ethoxycyclohexa-2,5-diene-1,4-dione	CCOC1=CC(=O)C=CC1=O	0.908371866	5314264	COCONUT:(CNP0125200);Natural Products:(UNPD48086);PubChem:(5314264)	2129922
90	1	N/A	-302.42153430727785	C8H8O3	[M - H2O + H]+	VJVOAGLABGZRSL	InChI=1S/C8H8O3/c1-5-3-7(10)8(11-2)4-6(5)9/h3-4H,1-2H3	Coprinin	CC1=CC(=O)C(=CC1=O)OC	0.600000024	11958	COCONUT:(CNP0269462);KNApSAcK:(17066);Natural Products:(UNPD120361);PubChem:(11958);SuperNatural:(SN00358338);MeSH:(11958);PubChem class - safety and toxic;PubMed;KEGG Mine	8660222038
91	1	N/A	-304.411627926694	C8H8O3	[M - H2O + H]+	HVGWDVJUMODUIZ	InChI=1S/C8H8O3/c1-5-3-6(9)4-7(11-2)8(5)10/h3-4H,1-2H3	4-Methoxy-toluoquinone	CC1=CC(=O)C=C(C1=O)OC	0.831665814	101355	COCONUT:(CNP0357550);Natural Products:(UNPD90250);PubChem:(101355);SuperNatural:(SN00347029);MeSH:(101355);PubChem class - safety and toxic;PubMed	70287430
92	1	N/A	-309.6916998115373	C8H8O3	[M - H2O + H]+	BVXDGJNEZSLRCV	InChI=1S/C8H8O3/c1-5-6(9)3-4-7(10)8(5)11-2/h3-4H,1-2H3	2-methoxy-3-methyl-[1,4]benzoquinone	CC1=C(C(=O)C=CC1=O)OC	0.831665814	10931620;131859196	COCONUT:(CNP0331227);Natural Products:(UNPD96044);PubChem:(10931620 131859196);SuperNatural:(SN00280763);MeSH:(10931620);PubMed	3178566
93	1	N/A	-310.0779995070849	C8H8O3	[M - H2O + H]+	QABTZOKANJRUFL	InChI=1S/C8H8O3/c1-10-7(9)8-5-3-2-4-6(8)11-8/h2-6H,1H3	7-Oxabicyclo[4.1.0]hepta-2,4-diene-1-carboxylic acid, methyl ester	COC(=O)C12C=CC=CC1O2	0.899999976	12414264;12414263;134996809	PubChem:(12414264 12414263 134996809);COCONUT:(CNP0242156)	2097154
94	1	N/A	-310.2592308456618	C8H8O3	[M - H2O + H]+	UIKXPQHSUCBEDS	InChI=1S/C8H8O3/c9-8(10)7-6-3-1-2-5(6)4-11-7/h4H,1-3H2,(H,9,10)	null	C1CC2=COC(=C2C1)C(=O)O	1.70000005	75481473	PubChem:(75481473);PubChem class - safety and toxic	67108866
95	1	N/A	-320.33093567825233	C8H8O3	[M - H2O + H]+	MQMWRHIPFRVQIK	InChI=1S/C8H8O3/c9-3-1-2-8-4(6(3)10)5(8)7(8)11/h1-2,4-5,7,9-11H	null	C1=CC23C(C2C(=C1O)O)C3O	-0.300000012	134823826	PubChem:(134823826);PubChem class - bio and metabolites	16777218
96	1	N/A	-374.7453709820653	C8H8O3	[M - H2O + H]+	CUTDDLOXKCKTNE	InChI=1S/C8H8O3/c9-5-2-1-3-7-8(5)6(10)4-11-7/h1-4H2	6,7-dihydro-5H-1-benzofuran-3,4-dione	C1CC2=C(C(=O)C1)C(=O)CO2	0.400000006	908930	COCONUT:(CNP0310434);PubChem:(908930);SuperNatural:(SN00046860);ZINC bio:(ZINC00491197)	3153922
1	1	N/A	-87.86716800617438	C8H6O2	[M + H]+	ZWLUXSQADUDCSB	InChI=1S/C8H6O2/c9-5-7-3-1-2-4-8(7)6-10/h1-6H	Disopa (TN)	C1=CC=C(C(=C1)C=O)C=O	1.30578566	4807;101589081;131667963	NORMAN:(NS00005771);COCONUT:(CNP0152858);PubChem:(4807 101589081 131667963);SuperNatural:(SN00120114);CHEBI:(70851);ZINC bio:(ZINC01729594);PubChem class - bio and metabolites;MeSH:(4807);PubChem class - safety and toxic;PubMed;Biocyc:(CPD-15790)	87304294
2	1	N/A	-91.79992423966698	C8H6O2	[M + H]+	KUCOHFSKRZZVRO	InChI=1S/C8H6O2/c9-5-7-1-2-8(6-10)4-3-7/h1-6H	Terephtaldehyde	C1=CC(=CC=C1C=O)C=O	1.30578566	12173;12198200;72736609;139244498	NORMAN:(NS00022535);COCONUT:(CNP0084604);PubChem:(12173 12198200 72736609 139244498);SuperNatural:(SN00120115);ZINC bio:(ZINC01729595);PubChem class - safety and toxic;PubMed;Biocyc:(CPD-19226)	70527042
3	1	N/A	-104.8966741668351	C8H6O2	[M + H]+	OJUGVDODNPJEEC	InChI=1S/C8H6O2/c9-6-8(10)7-4-2-1-3-5-7/h1-6H	phenylglyoxal	C1=CC=C(C=C1)C(=O)C=O	1.27274406	14090;59034380;118099549	HMDB:(61916);ZINC bio:(ZINC01634211);MeSH:(14090);Plantcyc:(PHENYLGLYOXAL);PubMed;NORMAN:(NS00023460);COCONUT:(CNP0256547);KNApSAcK:(211);Natural Products:(UNPD134816);PubChem:(14090 59034380 118099549);YMDB Mine;CHEBI:(88868);PubChem class - bio and metabolites;PubChem class - safety and toxic;Biocyc:(1-PHOSPHATIDYL-MYO-INOSITOL PHENYLGLYOXAL);KEGG Mine	43036092542
4	1	N/A	-109.09392320825188	C8H6O2	[M + H]+	WNZQDUSMALZDQF	InChI=1S/C8H6O2/c9-8-7-4-2-1-3-6(7)5-10-8/h1-4H,5H2	Phthalid	C1C2=CC=CC=C2C(=O)O1	1.48085535	6885;12217805;102429121;102429122	HMDB:(32469);PubChem class - food;additional;MeSH:(6885);PubMed;NORMAN:(NS00008646);COCONUT:(CNP0263138);Natural Products:(UNPD163717);PubChem:(6885 12217805 102429121 102429122);CHEBI:(38085);PubChem class - bio and metabolites;PubChem class - safety and toxic;Training Set;KEGG Mine	8810971246
5	1	N/A	-111.17005015831982	C8H6O2	[M + H]+	IZALUMVGBVKPJD	InChI=1S/C8H6O2/c9-5-7-2-1-3-8(4-7)6-10/h1-6H	Isophtaldehydes	C1=CC(=CC(=C1)C=O)C=O	1.30578566	34777;12198199;10219460;18653403;53942843;59890955	NORMAN:(NS00042925);PubChem class - safety and toxic;PubChem:(34777 12198199 10219460 18653403 53942843 59890955);PubMed;ZINC bio:(ZINC00005774)	67379266
6	1	N/A	-119.80872311639924	C8H6O2	[M + H]+	KXGFMDJXCMQABM	InChI=1S/C8H6O2/c1-6-4-3-5-7(10-2)8(6)9/h1-5,9H	Phenol-formaldehyde resin	[CH]C1=C(C(=CC=C1)O[CH])O	1.89414561	24754	MeSH:(24754);PubChem class - safety and toxic;PubChem:(24754);PubMed	67108934
7	1	N/A	-123.36391529422366	C8H6O2	[M + H]+	UVJMVWURCUYFFK	InChI=1S/C8H6O2/c9-7-2-1-6-3-4-10-8(6)5-7/h1-5,9H	6-Benzofuranol	C1=CC(=CC2=C1C=CO2)O	2.0	128844	COCONUT:(CNP0263236);PubChem:(128844);ZINC bio:(ZINC06092584);MeSH:(128844);PubChem class - safety and toxic;PubMed;KEGG Mine	8659148870
8	1	N/A	-127.59252173482706	C8H6O2	[M + H]+	IZFOPMSVNDORMZ	InChI=1S/C8H6O2/c9-7-1-2-8-6(5-7)3-4-10-8/h1-5,9H	Benzofuran-5-ol	C1=CC2=C(C=CO2)C=C1O	2.0	11651159	COCONUT:(CNP0360936);Natural Products:(UNPD170498);PubChem:(11651159);ZINC bio:(ZINC13376268);PubMed;KEGG Mine	8592072770
9	1	N/A	-137.90579929158372	C8H6O2	[M + H]+	WXVRAHOQLYAQCR	InChI=1S/C8H6O2/c9-7-3-1-2-6-4-5-10-8(6)7/h1-5,9H	7-benzofuranol	C1=CC2=C(C(=C1)O)OC=C2	2.0	78515	NORMAN:(NS00031733);PubChem:(78515);PubMed;KEGG Mine	8590196802
10	1	N/A	-144.32754424915856	C8H6O2	[M + H]+	PLQITNSZGATMPR	InChI=1S/C8H6O2/c1-2-3-4-5-6-7-8(9)10/h2-3H,1H3,(H,9,10)	6E-Octene-2,4-diynoic acid	CC=CC#CC#CC(=O)O	1.79999995	9543640;9543641	COCONUT:(CNP0114383);Natural Products:(UNPD118891);PubChem:(9543640 9543641);CHEBI:(137819)	2129954
11	1	N/A	-152.00547675333752	C8H6O2	[M + H]+	CFBCZETZIPZOGW	InChI=1S/C8H6O2/c9-7-2-1-3-8-6(7)4-5-10-8/h1-5,9H	Karanjol	C1=CC(=C2C=COC2=C1)O	2.0	11607921	COCONUT:(CNP0278370);HMDB:(129378);Natural Products:(UNPD83947);PubChem:(11607921);PubChem class - bio and metabolites;KEGG Mine	8608841738
12	1	N/A	-154.48759815544392	C8H6O2	[M + H]+	ACZGCWSMSTYWDQ	InChI=1S/C8H6O2/c9-8-5-6-3-1-2-4-7(6)10-8/h1-4H,5H2	2-Coumaranone	C1C2=CC=CC=C2OC1=O	1.29999995	68382	NORMAN:(NS00007800);PubChem:(68382);ZINC bio:(ZINC01757785);PubChem class - bio and metabolites;MeSH:(68382);PubChem class - safety and toxic;PubMed;KEGG Mine	8674091078
13	1	N/A	-172.2648177203771	C8H6O2	[M + H]+	MGKPCLNUSDGXGT	InChI=1S/C8H6O2/c9-7-5-10-8-4-2-1-3-6(7)8/h1-4H,5H2	Coumaranone	C1C(=O)C2=CC=CC=C2O1	1.5	23556	MeSH:(23556);PubChem class - safety and toxic;PubChem:(23556);PubMed;ZINC bio:(ZINC01603598)	67117126
14	1	N/A	-181.72340611541372	C8H6O2	[M + H]+	HPARLNRMYDSBNO	InChI=1S/C8H6O2/c1-2-4-8-7(3-1)9-5-6-10-8/h1-6H	benzodioxine	C1=CC=C2C(=C1)OC=CO2	1.60000002	136071	MeSH:(136071);PubChem:(136071);PubMed	70
15	1	N/A	-232.06081831302257	C8H6O2	[M + H]+	ASZDXZKUBDYMPZ	InChI=1S/C8H6O2/c1-2-6-7(10-6)3-5(1)8-4-9-8/h1-3,8H,4H2	Benzene, 2-(1,2-epoxyethyl)-5,6-epoxy-	C1C(O1)C2=CC3=C(O3)C=C2	0.400000006	202906;121492548;121492549	PubChem:(202906 121492548 121492549);PubChem class - safety and toxic	67108866