structureRankPerFormula	formulaRank	ConfidenceScore	CSI:FingerIDScore	molecularFormula	adduct	InChIkey2D	InChI	name	smiles	xlogp	pubchemids	links	dbflags
1	1	0.1446337872238091	-78.51423385270485	C8H12O5	[M - H2O + H]+	CMGTZMRSJJKAPM	InChI=1S/C8H12O5/c1-12-7(10)4-3-6(9)5-8(11)13-2/h3-5H2,1-2H3	Dimethyl 3-oxoadipate	COC(=O)CCC(=O)CC(=O)OC	-0.300000012	79561	NORMAN:(NS00033131);COCONUT:(CNP0306860);Natural Products:(UNPD68237);PubChem:(79561);SuperNatural:(SN00273952);PubMed	3440706
2	1	N/A	-79.90427834944171	C8H12O5	[M - H2O + H]+	LSNUUAUXWJZSFD	InChI=1S/C8H12O5/c1-13-8(12)4-2-5(9)7(11)6(10)3-4/h2,5-7,9-11H,3H2,1H3	AmbotzLS-1150	COC(=O)C1=CC(C(C(C1)O)O)O	-1.39999998	430652;10773951;10867095;10899392;13990584;11816304;11816305;11830170;10352498;10397620;21724702;26238871;101035445;130917542	COCONUT:(CNP0298633);Natural Products:(UNPD54446);PubChem:(430652 10773951 10867095 10899392 13990584 11816304 11816305 11830170 10352498 10397620 21724702 26238871 101035445 130917542);SuperNatural:(SN00011638 SN00011640 SN00037079 SN00011639 SN00037078 SN00037080 SN00037081 SN00011641);YMDB Mine;ZINC bio:(ZINC05385282 ZINC05385283 ZINC05385284 ZINC05385286 ZINC14778950 ZINC14778953 ZINC14778955 ZINC14778958);EcoCyc Mine;MeSH:(10773951);PubMed;KEGG Mine	60132728902
3	1	N/A	-89.14399567551636	C8H12O5	[M - H2O + H]+	XREKLQOUFWBSFH	InChI=1S/C8H12O5/c1-5(9)6(8(11)13-3)4-7(10)12-2/h6H,4H2,1-3H3	Dimethyl acetylsuccinate	CC(=O)C(CC(=O)OC)C(=O)OC	-0.200000003	112039;1809809;1809810	NORMAN:(NS00009150);PubChem:(112039 1809809 1809810);PubMed	262210
4	1	N/A	-109.88906377599466	C8H12O5	[M - H2O + H]+	QTARAZRKLLBBCB	InChI=1S/C8H12O5/c1-5(4-6(9)12-2)7(10)8(11)13-3/h4,7,10H,1-3H3	null	CC(=CC(=O)OC)C(C(=O)OC)O	0.400000006	91747716	COCONUT:(CNP0303191);Natural Products:(UNPD59601);PubChem:(91747716);SuperNatural:(SN00374810)	3178498
5	1	N/A	-136.7522910790413	C8H12O5	[M - H2O + H]+	JDXYSCUOABNLIR	InChI=1S/C8H12O5/c1-3-12-7(10)5-6(9)8(11)13-4-2/h3-5H2,1-2H3	bmse000148	CCOC(=O)CC(=O)C(=O)OCC	0.800000012	66951	NORMAN:(NS00030864);PubChem class - safety and toxic;PubChem:(66951);YMDB Mine;ZINC bio:(ZINC05573987)	34427117570
6	1	N/A	-137.09489601344703	C8H12O5	[M - H2O + H]+	LDFQMMUIJQDSAB	InChI=1S/C8H12O5/c1-3-11-7(9)5-6(13-5)8(10)12-4-2/h5-6H,3-4H2,1-2H3	zlchem 164	CCOC(=O)C1C(O1)C(=O)OCC	0.5	2733646;7021072;10035374;12567702;87814009	PubChem class - safety and toxic;PubChem:(2733646 7021072 10035374 12567702 87814009);PubMed;ZINC bio:(ZINC02382901 ZINC02569611 ZINC14618970)	67117122
7	1	N/A	-143.5746597406797	C8H12O5	[M - H2O + H]+	NGAVSCAXDJMZQP	InChI=1S/C8H12O5/c1-6(9)5-8(11)13-4-3-12-7(2)10/h3-5H2,1-2H3	2-Acetoxyethyl acetoacetate	CC(=O)CC(=O)OCCOC(=O)C	-0.108212233	214861	PubChem:(214861);PubChem class - safety and toxic	67108866
8	1	N/A	-149.06685235947305	C8H12O5	[M - H2O + H]+	CVYAVSIMBYOCGA	InChI=1S/C8H12O5/c9-7(10)3-5-1-2-6(13-5)4-8(11)12/h5-6H,1-4H2,(H,9,10)(H,11,12)	2,5-Furandiacetic acid, tetrahydro-	C1CC(OC1CC(=O)O)CC(=O)O	-0.300000012	13220191;13220193;92469138	COCONUT:(CNP0419430);HMDB:(59767);Natural Products:(UNPD152439 UNPD181855);PubChem:(13220191 13220193 92469138);SuperNatural:(SN00368483 SN00377129);CHEBI:(89885);ZINC bio:(ZINC14723476 ZINC14723480 ZINC14723481)	3186730
9	1	N/A	-150.484157924033	C8H12O5	[M - H2O + H]+	DBLLZDYDAFRZEE	InChI=1S/C8H12O5/c1-4(9)8-6(12-5(2)10)3-7(11)13-8/h4,6,8-9H,3H2,1-2H3	null	CC(C1C(CC(=O)O1)OC(=O)C)O	-0.400000006	101683182;101683183;133626305	COCONUT:(CNP0222300);Natural Products:(UNPD165984);PubChem:(101683182 101683183 133626305);SuperNatural:(SN00269749)	3178498
10	1	N/A	-165.122437930861	C8H12O5	[M - H2O + H]+	HAGOOZVJLSSXGZ	InChI=1S/C8H12O5/c9-6(8(12)13)4-2-1-3-5-7(10)11/h1-5H2,(H,10,11)(H,12,13)	2-Oxosuberate	C(CCC(=O)C(=O)O)CCC(=O)O	0.400000006	146903;21122671	COCONUT:(CNP0359734);KNApSAcK:(773);PubChem:(146903 21122671);YMDB Mine;CHEBI:(80587);PubChem class - bio and metabolites;EcoCyc Mine;MeSH:(146903 21122671);KEGG:(C16589);PubMed;Biocyc:(CPD-337)	51558484342
11	1	N/A	-166.79505392013624	C8H12O5	[M - H2O + H]+	QKQPBZPCABVALD	InChI=1S/C8H12O5/c9-7-1-2-8(10)13-6-4-11-3-5-12-7/h1-6H2	1,4,7-Trioxacycloundecane-8,11-dione	C1CC(=O)OCCOCCOC1=O	-0.5	81819	PubChem:(81819);NORMAN:(NS00043215)	262146
12	1	N/A	-177.81290779639946	C8H12O5	[M - H2O + H]+	NQKWEPDOJOIIKF	InChI=1S/C8H12O5/c9-1-3-11-5-7-13-8-6-12-4-2-10/h1,3,5-10H,2,4H2	null	C(COC=COC=COC=CO)O	-0.300000012	71571543;71464721	PubChem:(71571543 71464721);PubChem class - bio and metabolites	16777218
13	1	N/A	-188.78683370256778	C8H12O5	[M - H2O + H]+	HGGXTTRDEHPOBJ	InChI=1S/C8H12O5/c1-5-7(10)12-4-2-3-6(9)8(11)13-5/h5-6,9H,2-4H2,1H3	null	CC1C(=O)OCCCC(C(=O)O1)O	0.300000012	130130523	COCONUT:(CNP0132506);Natural Products:(UNPD202731);PubChem:(130130523)	2129922
14	1	N/A	-192.1628770244131	C8H12O5	[M - H2O + H]+	GSEPZJXCVYXWKJ	InChI=1S/C8H12O5/c1-12-5-3-4(9)6(10)7(11)8(5)13-2/h3,6-8,10-11H,1-2H3	null	COC1C(C(C(=O)C=C1OC)O)O	-1.5	132487892	MeSH:(132487892);PubChem:(132487892);PubMed	70
15	1	N/A	-207.29090400270766	C8H12O5	[M - H2O + H]+	PFWXPUQAVAQRNT	InChI=1S/C8H12O5/c1-5(13-6(2)9)7(10)3-4-8(11)12/h5H,3-4H2,1-2H3,(H,11,12)	null	CC(C(=O)CCC(=O)O)OC(=O)C	0.0905503258	""	COCONUT:(CNP0266089)	2097152
16	1	N/A	-208.0768683148576	C8H12O5	[M - H2O + H]+	TXMKZYZATZZMPU	InChI=1S/C8H12O5/c1-4-3-13-8(11)6(12-2)5(4)7(9)10/h4,8,11H,3H2,1-2H3,(H,9,10)	null	CC1COC(C(=C1C(=O)O)OC)O	-0.5	139587022	PubChem:(139587022);COCONUT:(CNP0354742)	2097154
17	1	N/A	-223.6730476969201	C8H12O5	[M - H2O + H]+	IBSRQNZCDRVKHD	InChI=1S/C8H12O5/c1-3-4(9)6(11)8(13-2)7(12)5(3)10/h3-5,9-11H,1-2H3	null	CC1C(C(=C(C(=O)C1O)OC)O)O	-0.800000012	130128436;133673110	COCONUT:(CNP0264844);Natural Products:(UNPD54751);PubChem:(130128436 133673110);SuperNatural:(SN00224479)	3178498
18	1	N/A	-225.89366822615065	C8H12O5	[M - H2O + H]+	CQQQJOUVFXTXRF	InChI=1S/C8H12O5/c1-8(12)6(10)4(9)3-5(13-2)7(8)11/h3,6-7,10-12H,1-2H3	(4R,5S,6R)-4,5,6-trihydroxy-3-methoxy-5-methylcyclohex-2-en-1-one	CC1(C(C(=CC(=O)C1O)OC)O)O	-1.89999998	5275345;78381196	COCONUT:(CNP0355110);PubChem:(5275345 78381196);PubMed	2097218
19	1	N/A	-232.868603759054	C8H12O5	[M - H2O + H]+	PAUIKJKTXNZJEV	InChI=1S/C8H12O5/c1-2-12-5-6-13-8(11)4-3-7(9)10/h3-4H,2,5-6H2,1H3,(H,9,10)	2-Ethoxyethyl hydrogen maleate	CCOCCOC(=O)C=CC(=O)O	0.100000001	10965262;21245382;54179484	PubChem:(10965262 21245382 54179484);NORMAN:(NS00051216)	262146
20	1	N/A	-233.6521812619613	C8H12O5	[M - H2O + H]+	ZONRIYAALKITGT	InChI=1S/C8H12O5/c1-13-7-5(10)2-8(12,4-9)3-6(7)11/h9-10,12H,2-4H2,1H3	null	COC1=C(CC(CC1=O)(CO)O)O	-1.39999998	85926716;122706197;122706403	COCONUT:(CNP0323946);Natural Products:(UNPD167193);PubChem:(85926716 122706197 122706403);SuperNatural:(SN00389813);PubChem class - bio and metabolites;PubMed;Biocyc:(CPD-18779 CPD-18776)	19957826
21	1	N/A	-234.97757879101374	C8H12O5	[M - H2O + H]+	GHVXSSBZJZUDSO	InChI=1S/C8H12O5/c1-10-6-4-5-8(12-3,13-6)7(9)11-2/h4-6H,1-3H3	methyl 2,5-dimethoxy-2H-furan-5-carboxylate	COC1C=CC(O1)(C(=O)OC)OC	0.200000003	2723832;7058018;7058019;7058016;7058017	PubChem:(2723832 7058018 7058019 7058016 7058017);NORMAN:(NS00056394)	262146
22	1	N/A	-241.61272379692687	C8H12O5	[M - H2O + H]+	YTEPYGBARSCSMX	InChI=1S/C8H12O5/c1-4-5(9)13-8(3,6(10)11)7(4,2)12/h4,12H,1-3H3,(H,10,11)	Monocrotalic acid	CC1C(=O)OC(C1(C)O)(C)C(=O)O	0.300000012	33537;15560601;15560602	COCONUT:(CNP0203703);Natural Products:(UNPD102083);PubChem class - safety and toxic;PubChem:(33537 15560601 15560602);SuperNatural:(SN00272727)	70287362
23	1	N/A	-243.7558954343295	C8H12O5	[M - H2O + H]+	ASUQMWUAFHPXOG	InChI=1S/C8H12O5/c1-4(9)13-6-3-12-7-5(10)2-11-8(6)7/h5-8,10H,2-3H2,1H3	Isosorbide-2-acetate	CC(=O)OC1COC2C1OCC2O	-1.09656703	114446;10856233;13002941;13002942;13002945;11095348;22839133;59074153;59509514;68119638;70363161;124925485;131705769;138454129	PubChem:(114446 10856233 13002941 13002942 13002945 11095348 22839133 59074153 59509514 68119638 70363161 124925485 131705769 138454129);NORMAN:(NS00052283)	262146
24	1	N/A	-257.16294008312184	C8H12O5	[M - H2O + H]+	RQHGZNBWBKINOY	InChI=1S/C8H12O5/c1-8(2,3)13-12-7(11)5-4-6(9)10/h4-5H,1-3H3,(H,9,10)	OO-tert-butyl monoperoxymaleate	CC(C)(C)OOC(=O)C=CC(=O)O	0.899999976	16009;5702664;6506153;53446639	NORMAN:(NS00045700);PubChem class - safety and toxic;PubChem:(16009 5702664 6506153 53446639)	67371010
25	1	N/A	-262.4707253742179	C8H12O5	[M - H2O + H]+	NHHKFJCWLPPNCN	InChI=1S/C8H12O5/c1-8(2)12-5-4(3-9)11-7(10)6(5)13-8/h4-6,9H,3H2,1-2H3	Oprea1_109540	CC1(OC2C(OC(=O)C2O1)CO)C	-0.400000006	500172;1268067;377713;377714;7075120;6553880;6978727;6993382;9990017;11872159;16212393;46781996;60113180;59518218;58662822;71749610;129118119;130425860;137704543;138482623	COCONUT:(CNP0292114);PubChem:(500172 1268067 377713 377714 7075120 6553880 6978727 6993382 9990017 11872159 16212393 46781996 60113180 59518218 58662822 71749610 129118119 130425860 137704543 138482623);SuperNatural:(SN00050600 SN00066500 SN00049044 SN00066499);PubMed;ZINC bio:(ZINC01081162 ZINC01637057 ZINC04023898 ZINC04023900)	3153986
26	1	N/A	-271.8402112956956	C8H12O5	[M - H2O + H]+	RUKIXLZWGIGPPI	InChI=1S/C8H12O5/c1-4-8(13-5(2)9)6(10)3-7(11)12-4/h3-4,7-8,10-11H,1-2H3	null	CC1C(C(=CC(O1)O)O)OC(=O)C	-0.5	138753618	PubChem:(138753618);PubChem class - bio and metabolites	16777218
27	1	N/A	-274.0764819054066	C8H12O5	[M - H2O + H]+	SYWFRADVYITYRG	InChI=1S/C8H12O5/c9-3-7(10)13-6-4-12-8-5(6)1-2-11-8/h5-6,8-9H,1-4H2	null	C1COC2C1C(CO2)OC(=O)CO	-0.400000006	91827566	COCONUT:(CNP0082247);PubChem:(91827566);CHEBI:(88342)	2097186
1	1	N/A	-101.80034458616045	C8H10O4	[M + H]+	PXYBXMZVYNWQAM	InChI=1S/C8H10O4/c1-11-7(9)5-3-4-6-8(10)12-2/h3-6H,1-2H3	Dimethyl (E,E)-muconate	COC(=O)C=CC=CC(=O)OC	0.899999976	265103;5370244;5370245;5380594;11814607;60136167	PubChem class - safety and toxic;PubChem:(265103 5370244 5370245 5380594 11814607 60136167);PubMed	67108930
2	1	N/A	-132.23014933577969	C8H10O4	[M + H]+	GXYHQVZORYVUOP	InChI=1S/C8H10O4/c1-10-5-6-3-4-7(12-6)8(9)11-2/h3-4H,5H2,1-2H3	Methyl 5-(methoxymethyl)furan-2-carboxylate	COCC1=CC=C(O1)C(=O)OC	0.899999976	4193918	COCONUT:(CNP0341102);PubChem:(4193918);SuperNatural:(SN00075992);ZINC bio:(ZINC06229069)	3153922
3	1	N/A	-142.56525849765342	C8H10O4	[M + H]+	UKLBIZOAVHVYIC	InChI=1S/C8H10O4/c1-11-8(10)4-2-5(9)7-6(3-4)12-7/h2,5-7,9H,3H2,1H3	methyl (1S,5S,6R)-5-hydroxy-7-oxabicyclo[4.1.0]hept-3-ene-3-carboxylate	COC(=O)C1=CC(C2C(C1)O2)O	-0.400000006	10920934;11658350;11768979;11344239;21724848;101020313;130831884	PubChem:(10920934 11658350 11768979 11344239 21724848 101020313 130831884);COCONUT:(CNP0125004)	2097154
4	1	N/A	-148.20956922668807	C8H10O4	[M + H]+	XBRCQTOOSIDDOJ	InChI=1S/C8H10O4/c1-7(9)11-5-3-4-6-12-8(2)10/h3-6H,1-2H3	ACMC-20ajhj	CC(=O)OC=CC=COC(=O)C	0.699999988	85183;5324872;90471734	PubChem:(85183 5324872 90471734);NORMAN:(NS00054610)	262146
5	1	N/A	-152.9948047046224	C8H10O4	[M + H]+	GLJCPHKWYYCHCQ	InChI=1S/C8H10O4/c1-11-7-3-6(10)8(12-2)4-5(7)9/h3-4,9-10H,1-2H3	ghl.PD_Mitscher_leg0.1033	COC1=CC(=C(C=C1O)OC)O	0.974906862	97641	PubChem class - safety and toxic;PubChem:(97641);PubMed;ZINC bio:(ZINC05051884)	67117122
6	1	N/A	-154.50397407763595	C8H10O4	[M + H]+	GXAVBFNRWXCOPY	InChI=1S/C8H10O4/c1-11-6-3-5(9)4-7(12-2)8(6)10/h3-4,9-10H,1-2H3	1, 2,6-dimethoxy-	COC1=CC(=CC(=C1O)OC)O	0.974906862	96038;13743752	HMDB:(132907);ZINC bio:(ZINC01681321);PubMed;NORMAN:(NS00024965);COCONUT:(CNP0396396);KNApSAcK:(35789);Natural Products:(UNPD155590);PubChem:(96038 13743752);YMDB Mine;PubChem class - bio and metabolites;PubChem class - safety and toxic;KEGG Mine	43035959386
7	1	N/A	-155.65895467124773	C8H10O4	[M + H]+	LHPOIQVOXOVXFQ	InChI=1S/C8H10O4/c1-11-8(10)4-2-5(9)7-6(3-4)12-7/h3,5-7,9H,2H2,1H3	methyl 5-hydroxy-7-oxabicyclo[4.1.0]hept-2-ene-3-carboxylate	COC(=O)C1=CC2C(O2)C(C1)O	-0.400000006	339336;3963765;101213423;130859577;130928086	COCONUT:(CNP0231546);Natural Products:(UNPD22839);PubChem:(339336 3963765 101213423 130859577 130928086);SuperNatural:(SN00264246)	3178498
8	1	N/A	-157.64601260563015	C8H10O4	[M + H]+	WMZGDDNEICWXRT	InChI=1S/C8H10O4/c1-11-7-4-5(9)3-6(10)8(7)12-2/h3-4,9-10H,1-2H3	null	COC1=CC(=CC(=C1OC)O)O	0.974906862	12046014	HMDB:(133982);PubChem:(12046014);KEGG Mine;PubChem class - bio and metabolites	8606711818
9	1	N/A	-163.12787029831966	C8H10O4	[M + H]+	STRNXFOUBFLVIN	InChI=1S/C8H10O4/c1-3-11-7(9)5-6-8(10)12-4-2/h3-4H2,1-2H3	diethylbut-2-indioat	CCOC(=O)C#CC(=O)OCC	1.5	69803	NORMAN:(NS00037766);PubChem:(69803);ZINC bio:(ZINC01694847);MeSH:(69803);PubChem class - safety and toxic;PubMed	67379270
10	1	N/A	-166.9395656880284	C8H10O4	[M + H]+	XGFABYCTEQAZOP	InChI=1S/C8H10O4/c1-11-7-5(9)3-4-6(10)8(7)12-2/h3-4,9-10H,1-2H3	Ambap52643-52-4	COC1=C(C=CC(=C1OC)O)O	0.974906862	13743755	HMDB:(133972);PubChem:(13743755);PubMed;PubChem class - bio and metabolites	16777290
11	1	N/A	-169.58743492766422	C8H10O4	[M + H]+	TVIMIQVBDDNCCR	InChI=1S/C8H10O4/c1-7(9)11-5-3-4-6-12-8(2)10/h5-6H2,1-2H3	Butynediol diacetate	CC(=O)OCC#CCOC(=O)C	0.100000001	74081;45038531	PubChem:(74081 45038531);NORMAN:(NS00048599)	262146
12	1	N/A	-169.7149947222742	C8H10O4	[M + H]+	RPEXDXAQJRQLJO	InChI=1S/C8H10O4/c1-11-5-3-6(9)8(10)7(4-5)12-2/h3-4,9-10H,1-2H3	3,5-dimethoxybenzene-1,2-diol	COC1=CC(=C(C(=C1)OC)O)O	0.974906862	15289502	HMDB:(132906);PubChem:(15289502);PubMed;KEGG Mine;PubChem class - bio and metabolites	8606711882
13	1	N/A	-170.8582315787612	C8H10O4	[M + H]+	VQMRYJZWLGXFLR	InChI=1S/C8H10O4/c1-11-5-3-6(9)8(12-2)7(10)4-5/h3-4,9-10H,1-2H3	2,5-dimethoxybenzene-1,3-diol	COC1=CC(=C(C(=C1)O)OC)O	0.974906862	4174848	COCONUT:(CNP0238336);Natural Products:(UNPD220591);PubChem:(4174848)	2129922
14	1	N/A	-171.73049893116578	C8H10O4	[M + H]+	FBRSHCVRTNPNES	InChI=1S/C8H10O4/c1-4-3-5(9)8(12-2)7(11)6(4)10/h3,9-11H,1-2H3	fumigatol	CC1=CC(=C(C(=C1O)O)OC)O	1.04855537	25244596	COCONUT:(CNP0170903);Natural Products:(UNPD171786);PubChem:(25244596);SuperNatural:(SN00257232);PubChem class - bio and metabolites;Plantcyc:(CPD-9934);PubMed;Biocyc:(CPD-9934)	20088898
15	1	N/A	-172.3080264042379	C8H10O4	[M + H]+	VGULQRVGQOWFOY	InChI=1S/C8H10O4/c1-11-5-3-4-6(12-2)8(10)7(5)9/h3-4,9-10H,1-2H3	null	COC1=C(C(=C(C=C1)OC)O)O	0.974906862	11182873	PubChem:(11182873);COCONUT:(CNP0075796)	2097154
16	1	N/A	-173.06801618773991	C8H10O4	[M + H]+	UVNRAOUIOBZBCS	InChI=1S/C8H10O4/c1-11-6-4-3-5(9)7(10)8(6)12-2/h3-4,9-10H,1-2H3	1,2-Benzenediol, dimethoxy-	COC1=C(C(=C(C=C1)O)O)OC	0.974906862	13834125	HMDB:(133971);PubChem:(13834125);KEGG Mine;PubChem class - bio and metabolites	8606711818
17	1	N/A	-173.53731690542998	C8H10O4	[M + H]+	ZNHXQNPNLZSOHO	InChI=1S/C8H10O4/c1-5(9)7-3-6(11-2)4-8(10)12-7/h3-5,9H,1-2H3	null	CC(C1=CC(=CC(=O)O1)OC)O	0.0	102476173	COCONUT:(CNP0267166);KNApSAcK:(39848);Natural Products:(UNPD141036);PubChem:(102476173);SuperNatural:(SN00327725)	3178514
18	1	N/A	-176.8704650429799	C8H10O4	[M + H]+	XOZREIXAQFKCKP	InChI=1S/C8H10O4/c1-10-4-6-3-7(9)8(11-2)5-12-6/h3,5H,4H2,1-2H3	ghl.PD_Mitscher_leg0.278	COCC1=CC(=O)C(=CO1)OC	0.0	3252046	COCONUT:(CNP0145153);Natural Products:(UNPD198751);PubChem:(3252046);ZINC bio:(ZINC02532449)	2138114
19	1	N/A	-178.77892019320356	C8H10O4	[M + H]+	YAXUEWSAEFZPFJ	InChI=1S/C8H10O4/c1-12-4-5-2-6(9)8(11)7(10)3-5/h2-3,9-11H,4H2,1H3	1,2,3-Benzenetriol, 5-(methoxymethyl)-	COCC1=CC(=C(C(=C1)O)O)O	0.5	14261265	COCONUT:(CNP0298714);Natural Products:(UNPD163013);PubChem:(14261265);ZINC bio:(ZINC14488735)	2138114
20	1	N/A	-179.4431258608246	C8H10O4	[M + H]+	BKXRKRANFLFTFU	InChI=1S/C8H10O4/c1-3-5-11-7(9)8(10)12-6-4-2/h3-4H,1-2,5-6H2	Diallyl oxalate	C=CCOC(=O)C(=O)OCC=C	1.70000005	69215	NORMAN:(NS00034740);PubChem:(69215);ZINC bio:(ZINC01680399)	270338
21	1	N/A	-180.98298796561886	C8H10O4	[M + H]+	ZRKLIHAMOVCDEP	InChI=1S/C8H10O4/c1-4-5(9)3-6(12-2)8(11)7(4)10/h3,9-11H,1-2H3	null	CC1=C(C(=C(C=C1O)OC)O)O	1.20000005	129648925	COCONUT:(CNP0250808);Natural Products:(UNPD147358);PubChem:(129648925)	2129922
22	1	N/A	-186.00925272286332	C8H10O4	[M + H]+	KUVRLCOEIGGESY	InChI=1S/C8H10O4/c1-6(10)11-5-8-3-2-7(4-9)12-8/h2-3,9H,4-5H2,1H3	2,5-Bis(hydroxymethyl)furan monoacetate	CC(=O)OCC1=CC=C(O1)CO	-0.100000001	12711087	COCONUT:(CNP0421204);Natural Products:(UNPD35236);PubChem:(12711087);SuperNatural:(SN00228589);PubMed	3178562
23	1	N/A	-187.2362765026043	C8H10O4	[M + H]+	QWSHNEPQDNJHHB	InChI=1S/C8H10O4/c1-5(10)7-4-12-6(3-9)2-8(7)11/h2,4-5,9-10H,3H2,1H3	Herierin IV	CC(C1=COC(=CC1=O)CO)O	-0.699999988	131341	COCONUT:(CNP0212626);HMDB:(38761);Natural Products:(UNPD161191);PubChem:(131341);SuperNatural:(SN00271267);PubChem class - bio and metabolites;MeSH:(131341);PubMed	19955790
24	1	N/A	-187.64688453270477	C8H10O4	[M + H]+	QLLXAUQRZSMUJB	InChI=1S/C8H10O4/c1-6(8(11)12-2)4-3-5-7(9)10/h3-5H,1-2H3,(H,9,10)	6-methoxy-5-methyl-6-oxohexa-2,4-dienoic acid	CC(=CC=CC(=O)O)C(=O)OC	0.899999976	4415686;6104358;6383348;24976479	PubChem:(4415686 6104358 6383348 24976479);PubChem class - safety and toxic	67108866
25	1	N/A	-187.71796716481245	C8H10O4	[M + H]+	VOUGEZYPVGAPBB	InChI=1S/C8H10O4/c1-5(2)8(11)6(12-3)4-7(9)10/h4H,1H2,2-3H3,(H,9,10)	Ambotz90-65-3	CC(=C)C(=O)C(=CC(=O)O)OC	0.899999976	7025;1268111;5385314;6997394;37888461	ZINC bio:(ZINC01854717);additional;HSDB:(90-65-3);MeSH:(7025 1268111 5385314);PubMed;NORMAN:(NS00018321);COCONUT:(CNP0177358);KNApSAcK:(24006);Natural Products:(UNPD118967 UNPD228545);PubChem:(7025 1268111 5385314 6997394 37888461);PubChem class - bio and metabolites;KEGG:(C19495);PubChem class - safety and toxic;Training Set	86827862
26	1	N/A	-195.98807943710938	C8H10O4	[M + H]+	CNGXWOSXDKIIKP	InChI=1S/C8H10O4/c1-5-7(8(10)11-2)6(3-9)4-12-5/h4,9H,3H2,1-2H3	null	CC1=C(C(=CO1)CO)C(=O)OC	0.400000006	130120310	PubChem:(130120310);PubChem class - safety and toxic	67108866
27	1	N/A	-197.91364900409417	C8H10O4	[M + H]+	SZUVOHPGDMWXRD	InChI=1S/C8H10O4/c1-5(9)7-8(11-3)6(10-2)4-12-7/h4H,1-3H3	1-(3,4-dimethoxyfuran-2-yl)ethanone	CC(=O)C1=C(C(=CO1)OC)OC	0.899999976	5316662	COCONUT:(CNP0144119);KNApSAcK:(40943);Natural Products:(UNPD148780);PubChem:(5316662)	2129938
28	1	N/A	-199.4448723963094	C8H10O4	[M + H]+	KUDUQBURMYMBIJ	InChI=1S/C8H10O4/c1-3-7(9)11-5-6-12-8(10)4-2/h3-4H,1-2,5-6H2	Ethylene acrylate	C=CC(=O)OCCOC(=O)C=C	1.20000005	75282	NORMAN:(NS00019556);PubChem class - food;PubChem:(75282);CHEBI:(53379);MeSH:(75282);PubChem class - safety and toxic;PubMed	201588838
29	1	N/A	-200.62197248065652	C8H10O4	[M + H]+	UJZHYIMESNWEQA	InChI=1S/C8H10O4/c1-12-6(11)8-2-7(3-8,4-8)5(9)10/h2-4H2,1H3,(H,9,10)	3-methoxycarbonylbicyclo[1.1.1]pentane-1-carboxylic acid	COC(=O)C12CC(C1)(C2)C(=O)O	-0.100000001	15579850;71415944	PubChem:(15579850 71415944);PubChem class - safety and toxic	67108866
30	1	N/A	-201.31132986668243	C8H10O4	[M + H]+	HWRHBSUZMNXAQK	InChI=1S/C8H10O4/c1-11-5-3-6(7(9)4-5)8(10)12-2/h4,6H,3H2,1-2H3	methyl 4-methoxy-2-oxocyclopent-3-enecarboxylate	COC1=CC(=O)C(C1)C(=O)OC	0.400000006	928382;928383;4441627	COCONUT:(CNP0322158);PubChem:(928382 928383 4441627);SuperNatural:(SN00047298 SN00047299);ZINC bio:(ZINC00518539 ZINC00518540)	3153922
31	1	N/A	-201.75288391359146	C8H10O4	[M + H]+	FEEAMUNPZANTSE	InChI=1S/C8H10O4/c1-5-7(4-10)8(11)2-6(3-9)12-5/h2,9-10H,3-4H2,1H3	ACMC-20mtyd	CC1=C(C(=O)C=C(O1)CO)CO	-0.699999988	131340	COCONUT:(CNP0379470);HMDB:(38760);Natural Products:(UNPD117815);PubChem:(131340);SuperNatural:(SN00157761);PubChem class - bio and metabolites;MeSH:(131340);PubMed	19955790
32	1	N/A	-202.1535800533942	C8H10O4	[M + H]+	VTYYHQNFQPOVDL	InChI=1S/C8H10O4/c1-12-8(11)7(10)5-3-2-4-6(5)9/h5H,2-4H2,1H3	methyl oxo(2-oxocyclopentyl)acetate	COC(=O)C(=O)C1CCCC1=O	0.400000006	4737217;98087275;98087276	PubChem:(4737217 98087275 98087276);COCONUT:(CNP0399740)	2097154
33	1	N/A	-210.65581507750383	C8H10O4	[M + H]+	JZYZONUPRTWCMF	InChI=1S/C8H10O4/c1-5-8(11-3)7(9)6(10-2)4-12-5/h4H,1-3H3	null	CC1=C(C(=O)C(=CO1)OC)OC	0.899999976	10419590	COCONUT:(CNP0194493);KNApSAcK:(38035);Natural Products:(UNPD100165);PubChem:(10419590);SuperNatural:(SN00374103);MeSH:(10419590);PubMed	3178582
34	1	N/A	-212.12080493651138	C8H10O4	[M + H]+	IJZJQOKHINBQCY	InChI=1S/C8H10O4/c1-12-7(10)8(11)5-3-2-4-6(8)9/h3,5,11H,2,4H2,1H3	null	COC(=O)C1(C=CCCC1=O)O	0.100000001	23649674;45140671	COCONUT:(CNP0123244);Natural Products:(UNPD2188);PubChem:(23649674 45140671);SuperNatural:(SN00270838);PubMed	3178562
35	1	N/A	-212.53778926510904	C8H10O4	[M + H]+	XPCANESROYLLJW	InChI=1S/C8H10O4/c1-2-11-6-3-7(5-9)12-8(10)4-6/h3-4,9H,2,5H2,1H3	2H-Pyran-2-one, 4-ethoxy-6-(hydroxymethyl)-	CCOC1=CC(=O)OC(=C1)CO	0.0	11041131	COCONUT:(CNP0362607);Natural Products:(UNPD36846);PubChem:(11041131);SuperNatural:(SN00386365);PubMed	3178562
36	1	N/A	-214.44643405381197	C8H10O4	[M + H]+	NYYQBSUCPHNFQS	InChI=1S/C8H10O4/c1-5-6(11-2)3-8(10)12-7(5)4-9/h3,9H,4H2,1-2H3	null	CC1=C(OC(=O)C=C1OC)CO	-0.5	134143541	COCONUT:(CNP0186819);PubChem:(134143541);PubMed	2097218
37	1	N/A	-214.7906621939251	C8H10O4	[M + H]+	FVFKPNJLMIYAQM	InChI=1S/C8H10O4/c9-7-3-1-5(11-7)6-2-4-8(10)12-6/h5-6H,1-4H2	5-(5-oxooxolan-2-yl)oxolan-2-one	C1CC(=O)OC1C2CCC(=O)O2	0.300000012	11062821;13700970;13700971;13700972	COCONUT:(CNP0368855);Natural Products:(UNPD211522);PubChem:(11062821 13700970 13700971 13700972)	2129922
38	1	N/A	-221.49661232385654	C8H10O4	[M + H]+	MPFKIKJXEMXMNX	InChI=1S/C8H10O4/c1-3-6(2)12-8(11)5-4-7(9)10/h1,6H,4-5H2,2H3,(H,9,10)	Succinic acid, 1-methyl-2-propynyl ester	CC(C#C)OC(=O)CCC(=O)O	0.100000001	24846228	PubChem:(24846228);PubChem class - safety and toxic	67108866
39	1	N/A	-226.46683088525137	C8H10O4	[M + H]+	MTVWFVDWRVYDOR	InChI=1S/C8H10O4/c9-4-8(12)5-1-2-6(10)7(11)3-5/h1-3,8-12H,4H2	3,4-Dihydroxyphenylglycol	C1=CC(=C(C=C1C(CO)O)O)O	0.0540752113	91528;5324679;6951097;45039038;71316270;131674197	HMDB:(318);SuperNatural:(SN00249564);ZINC bio:(ZINC00402870 ZINC00402871);additional;MeSH:(91528);Plantcyc:(CPD-11878);PubMed;NORMAN:(NS00014708);COCONUT:(CNP0188951);Natural Products:(UNPD134149);PubChem:(91528 5324679 6951097 45039038 71316270 131674197);CHEBI:(1387);PubChem class - bio and metabolites;KEGG:(C05576);PubChem class - safety and toxic;Training Set;Biocyc:(CPD-11878)	88009070
40	1	N/A	-227.02761409603067	C8H10O4	[M + H]+	QWLLYAHKDUIWRK	InChI=1S/C8H10O4/c9-4-3-6-1-2-7(12-6)5-8(10)11/h1-2,9H,3-5H2,(H,10,11)	null	C1=C(OC(=C1)CC(=O)O)CCO	0.100000001	24776537	COCONUT:(CNP0142323);PubChem:(24776537);PubMed	2097218
41	1	N/A	-228.7686780563417	C8H10O4	[M + H]+	GLBLQXOHMULXPC	InChI=1S/C8H10O4/c1-2-3-4-5-6(7(9)10)8(11)12/h1,6H,3-5H2,(H,9,10)(H,11,12)	null	C#CCCCC(C(=O)O)C(=O)O	1.0	133107890	PubChem:(133107890);PubChem class - bio and metabolites	16777218
42	1	N/A	-231.89489466647368	C8H10O4	[M + H]+	CCZSPEMGEIWYHD	InChI=1S/C8H10O4/c1-12-8-6(10)2-5(4-9)3-7(8)11/h2-3,9-11H,4H2,1H3	null	COC1=C(C=C(C=C1O)CO)O	0.300000012	16097842	COCONUT:(CNP0164196);MeSH:(16097842);Natural Products:(UNPD199872);PubChem:(16097842);PubMed	2129990
43	1	N/A	-233.26379940783755	C8H10O4	[M + H]+	ZPWVTTHIHKYUQK	InChI=1S/C8H10O4/c1-5(3-7(9)10)6(2)4-8(11)12/h1-4H2,(H,9,10)(H,11,12)	null	C=C(CC(=O)O)C(=C)CC(=O)O	1.29999995	124202119	COCONUT:(CNP0116390);HMDB:(59756);PubChem:(124202119);CHEBI:(89898);PubChem class - bio and metabolites	18874410
44	1	N/A	-239.8499182203395	C8H10O4	[M + H]+	UYUFTVIQTSWWST	InChI=1S/C8H10O4/c1-2-6(9)4-3-5-7(10)8(11)12/h3-5,10H,2H2,1H3,(H,11,12)	2-Hydroxy-6-oxoocta-2,4-dienoate	CCC(=O)C=CC=C(C(=O)O)O	0.699999988	441231;6308061;9776835;54675825;54692424	EcoCyc Mine;KEGG:(C07123);PubChem:(441231 6308061 9776835 54675825 54692424);CHEBI:(1139);KEGG Mine	25769804066
45	1	N/A	-240.43253560289014	C8H10O4	[M + H]+	TVDDXVUEWIHEHC	InChI=1S/C8H10O4/c1-5(9)3-7(11)8(12)4-6(2)10/h3-4H2,1-2H3	2,4,5,7-octanetetrone	CC(=O)CC(=O)C(=O)CC(=O)C	-0.699999988	70688	NORMAN:(NS00045184);PubChem:(70688);PubMed	262210
46	1	N/A	-240.58182111913192	C8H10O4	[M + H]+	SVONJANWQJOAHA	InChI=1S/C8H10O4/c1-3-4(9)7-8(12-7)5(10)6(3)11-2/h4,7-9H,1-2H3	null	CC1=C(C(=O)C2C(C1O)O2)OC	-0.699999988	71619010;78136164	COCONUT:(CNP0147895);Natural Products:(UNPD229453);PubChem:(71619010 78136164);PubMed	2129986
47	1	N/A	-242.64854759955654	C8H10O4	[M + H]+	VKPYFRHGYZSIRG	InChI=1S/C8H10O4/c1-5-7(11-2)3-6(4-9)12-8(5)10/h3,9H,4H2,1-2H3	null	CC1=C(C=C(OC1=O)CO)OC	0.0	139583128	PubChem:(139583128);COCONUT:(CNP0354954)	2097154
48	1	N/A	-245.04644807026793	C8H10O4	[M + H]+	VUZYEALEJNVPDU	InChI=1S/C8H10O4/c9-5-2-1-4-3-6(10)12-8(4)7(5)11/h1-2,4-5,7-9,11H,3H2	null	C1C2C=CC(C(C2OC1=O)O)O	-0.899999976	130148052;131014862	COCONUT:(CNP0196672);Natural Products:(UNPD202559);PubChem:(130148052 131014862)	2129922
49	1	N/A	-246.6574006315545	C8H10O4	[M + H]+	CHKRKQARNANJOD	InChI=1S/C8H10O4/c1-4(9)8-6(11)2-5(10)3-7(8)12/h5,10-11H,2-3H2,1H3	2-acetyl-3,5-dihydroxycyclohex-2-en-1-one	CC(=O)C1=C(CC(CC1=O)O)O	-0.300000012	169880;92256341;98076957	COCONUT:(CNP0171559);Natural Products:(UNPD156527);PubChem:(169880 92256341 98076957);MeSH:(169880);PubChem class - safety and toxic;PubMed	69238854
50	1	N/A	-247.69088568952353	C8H10O4	[M + H]+	KWQSYZVAOWYCNP	InChI=1S/C8H10O4/c1-5-2-3-8(12,7(10)11)6(9)4-5/h2-4,6,9,12H,1H3,(H,10,11)	cis-p-Toluate diol	CC1=CC(C(C=C1)(C(=O)O)O)O	0.0	441156;5459893;9543091;21145163;21145164;25202441;66754560	KEGG:(C06729);PubChem:(441156 5459893 9543091 21145163 21145164 25202441 66754560);PubMed;CHEBI:(58768 49008 49009);Biocyc:(CIS-12-DIHYDROXY-ETCETERA-CARBOXYLATE)	2402
51	1	N/A	-248.75919332269945	C8H10O4	[M + H]+	KBQQBFVBQXZPAS	InChI=1S/C8H10O4/c1-5-4-11-8(10)3-7(5)12-6(2)9/h7H,1,3-4H2,2H3	(5-methylidene-2-oxooxan-4-yl) acetate	CC(=O)OC1CC(=O)OCC1=C	-0.200000003	21637498	COCONUT:(CNP0220473);Natural Products:(UNPD170983);PubChem:(21637498);SuperNatural:(SN00254920)	3178498
52	1	N/A	-251.53956600505703	C8H10O4	[M + H]+	YDQIPYXHPWYUHB	InChI=1S/C8H10O4/c1-5(9)7(10)4-6-2-3-8(11)12-6/h2-5,7,9-10H,1H3	null	CC(C(C=C1C=CC(=O)O1)O)O	-0.400000006	73291892;101960335;101960336;102592858;102592859;102592860;102592861;102592862;130830182;130884689;133614207	COCONUT:(CNP0203411);Natural Products:(UNPD202708 UNPD202709);PubChem:(73291892 101960335 101960336 102592858 102592859 102592860 102592861 102592862 130830182 130884689 133614207)	2129922
53	1	N/A	-251.985615962685	C8H10O4	[M + H]+	MYSYQFMSWWNJHG	InChI=1S/C8H10O4/c9-6-4-2-1-3-5(6)7(10)8(11)12/h5H,1-4H2,(H,11,12)	2-Dioxocyclohexaneacetic acid	C1CCC(=O)C(C1)C(=O)C(=O)O	0.600000024	102487;20284387	NORMAN:(NS00041770);PubChem:(102487 20284387);KEGG Mine	8590196738
54	1	N/A	-254.5726537983401	C8H10O4	[M + H]+	AXRMZRLNCOVFJZ	InChI=1S/C8H10O4/c1-5-3-2-4-8(12,6(5)9)7(10)11/h2-4,6,9,12H,1H3,(H,10,11)	1,2-Dihydroxy-3-methylcyclohexa-3,5-dienecarboxylate	CC1=CC=CC(C1O)(C(=O)O)O	0.0	441149;5121034;9543243;21145162	KEGG:(C06720);PubChem:(441149 5121034 9543243 21145162);PubMed;CHEBI:(17641)	354
55	1	N/A	-255.96583226901907	C8H10O4	[M + H]+	UFDHBDMSHIXOKF	InChI=1S/C8H10O4/c9-7(10)5-3-1-2-4-6(5)8(11)12/h1-4H2,(H,9,10)(H,11,12)	delta4-Tetrahydrophthalic acid	C1CCC(=C(C1)C(=O)O)C(=O)O	1.0	6958;102236271	NORMAN:(NS00010645);COCONUT:(CNP0154422);Natural Products:(UNPD153842);PubChem:(6958 102236271);PubMed	2392130
56	1	N/A	-263.3025088369178	C8H10O4	[M + H]+	WKALOJDKDORAMD	InChI=1S/C8H10O4/c1-12-8(11)7(10)5-3-2-4-6(5)9/h10H,2-4H2,1H3	null	COC(=O)C(=C1CCCC1=O)O	0.899999976	42013943	COCONUT:(CNP0363159);PubChem:(42013943);SuperNatural:(SN00084432)	3145730
57	1	N/A	-263.6990754937206	C8H10O4	[M + H]+	VPKIUOQJQJVLRW	InChI=1S/C8H10O4/c1-4-7(10)8(5(2)11-4)12-6(3)9/h4H,1-3H3	Strawberry acetate	CC1C(=O)C(=C(O1)C)OC(=O)C	0.800000012	61334;6997367;6997368	COCONUT:(CNP0003152);HMDB:(32966);PubChem class - food;PubChem:(61334 6997367 6997368);ZINC bio:(ZINC01850839);PubChem class - bio and metabolites;PubChem class - safety and toxic	220209162
58	1	N/A	-263.90204290694913	C8H10O4	[M + H]+	IHLIVAHFDOAPFC	InChI=1S/C8H10O4/c9-7(10)5-1-2-6(4-3-5)8(11)12/h1-2,5-6H,3-4H2,(H,9,10)(H,11,12)	null	C1CC(C=CC1C(=O)O)C(=O)O	0.600000024	316214;14753964;14753965;14753966;18944671	PubChem:(316214 14753964 14753965 14753966 18944671);PubChem class - safety and toxic	67108866
59	1	N/A	-265.70779025882365	C8H10O4	[M + H]+	AIVUQNKTJDAYQX	InChI=1S/C8H10O4/c1-8-6(10)5(11-2)3-4(9)7(8)12-8/h3,6-7,10H,1-2H3	(1S,5S,6S)-5-hydroxy-4-methoxy-6-methyl-7-oxabicyclo[4.1.0]hept-3-en-2-one	CC12C(C(=CC(=O)C1O2)OC)O	-0.899999976	5275343;12866385	COCONUT:(CNP0177366);Natural Products:(UNPD24236);PubChem:(5275343 12866385);SuperNatural:(SN00361004);PubMed	3178562
60	1	N/A	-267.14787421263884	C8H10O4	[M + H]+	JAZGQWJNJDFLTE	InChI=1S/C8H10O4/c1-10-7-3-2-5-4-6(9)11-8(5)12-7/h2-3,5,7-8H,4H2,1H3	null	COC1C=CC2CC(=O)OC2O1	0.300000012	57387366;57387609	MeSH:(57387366 57387609);PubChem:(57387366 57387609);PubMed	70
61	1	N/A	-270.2175194164106	C8H10O4	[M + H]+	LHEBXDITPBTHSR	InChI=1S/C8H10O4/c1-5-3-2-4-6(9)8(5,12)7(10)11/h2-4,6,9,12H,1H3,(H,10,11)	1,2-Dihydroxy-6-methylcyclohexa-3,5-dienecarboxylate	CC1=CC=CC(C1(C(=O)O)O)O	0.0	441157;9543078;9543079;21145165	KEGG:(C06731);PubChem:(441157 9543078 9543079 21145165);PubMed;CHEBI:(57640 16100);Biocyc:(12-DIHYDROXY-6-METHYLCYCLOHEXA-35-DIEN)	2402
62	1	N/A	-270.6259992032513	C8H10O4	[M + H]+	DFSFLZCLKYZYRD	InChI=1S/C8H10O4/c1-3-11-7-5(9)6(10)8(7)12-4-2/h3-4H2,1-2H3	Diethyl squarate	CCOC1=C(C(=O)C1=O)OCC	0.699999988	123228	MeSH:(123228);PubChem class - safety and toxic;PubChem:(123228);PubMed	67108934
63	1	N/A	-271.0507594302587	C8H10O4	[M + H]+	AEBHNZKXZVFYHY	InChI=1S/C8H10O4/c1-5(4-9)8-6(11-2)3-7(10)12-8/h3,9H,4H2,1-2H3	null	CC(=C1C(=CC(=O)O1)OC)CO	0.100000001	124873271	PubChem:(124873271);COCONUT:(CNP0099582)	2097154
64	1	N/A	-272.42186940017297	C8H10O4	[M + H]+	CINCBZDVMGZOQJ	InChI=1S/C8H10O4/c9-7-4-5(8(10)12-7)6-2-1-3-11-6/h5-6H,1-4H2	3-(oxolan-2-yl)oxolane-2,5-dione	C1CC(OC1)C2CC(=O)OC2=O	0.0	3503030;95369554;95369555;98114974;98114976	COCONUT:(CNP0339421);PubChem:(3503030 95369554 95369555 98114974 98114976);SuperNatural:(SN00105677 SN00105679);ZINC bio:(ZINC70665119 ZINC70665121)	3153922
65	1	N/A	-279.2119593614344	C8H10O4	[M + H]+	BNBWJJUDIYUSFU	InChI=1S/C8H10O4/c1-5-6(2-3-7(9)10)4-12-8(5)11/h2-4H2,1H3,(H,9,10)	null	CC1=C(COC1=O)CCC(=O)O	-0.100000001	139587081	PubChem:(139587081);COCONUT:(CNP0354152)	2097154
66	1	N/A	-282.13600265451646	C8H10O4	[M + H]+	BKRXMKVDYAWYHS	InChI=1S/C8H10O4/c9-4-6-5-11-8(12-6)7-2-1-3-10-7/h1-3,6,8-9H,4-5H2	1, 2-(2-furyl)-	C1C(OC(O1)C2=CC=CO2)CO	-0.200000003	15573;92153382;92153383;92153384;92153385	PubChem:(15573 92153382 92153383 92153384 92153385);PubChem class - safety and toxic	67108866
67	1	N/A	-284.2319427079704	C8H10O4	[M + H]+	YCOFRPYSZKIPBQ	InChI=1S/C8H10O4/c1-5(2)8(10)6(11-3)4-7(9)12-8/h4,10H,1H2,2-3H3	Spectrum_000460	CC(=C)C1(C(=CC(=O)O1)OC)O	0.600000024	4728;40468114;40468115	NORMAN:(NS00004523);COCONUT:(CNP0162231);Natural Products:(UNPD169035);PubChem:(4728 40468114 40468115);SuperNatural:(SN00005948 SN00005947);CHEBI:(91702);ZINC bio:(ZINC03874657 ZINC03874658);KEGG:(C16804);PubMed	3449186
68	1	N/A	-286.04808058646194	C8H10O4	[M + H]+	AXJVPXNVESYGDT	InChI=1S/C8H10O4/c1-7(2)11-5(9)8(3-4-8)6(10)12-7/h3-4H2,1-2H3	6,6-Dimethyl-5,7-dioxaspiro(2.5)octane-4,8-dione	CC1(OC(=O)C2(CC2)C(=O)O1)C	1.0	79720	NORMAN:(NS00033476);PubChem class - safety and toxic;PubChem:(79720);PubMed	67371074
69	1	N/A	-287.9809823383089	C8H10O4	[M + H]+	ILUAAIDVFMVTAU	InChI=1S/C8H10O4/c9-7(10)5-3-1-2-4-6(5)8(11)12/h1-2,5-6H,3-4H2,(H,9,10)(H,11,12)	1,3,6-Tetrahydrophthalic acid	C1C=CCC(C1C(=O)O)C(=O)O	0.400000006	504243;16823;7045643;7045644;7072621;7072620;6950878;21953482;59116144;59116169;59116176;58947900	NORMAN:(NS00041399);PubChem class - food;PubChem class - safety and toxic;PubChem:(504243 16823 7045643 7045644 7072621 7072620 6950878 21953482 59116144 59116169 59116176 58947900);PubMed	201588802
70	1	N/A	-291.2849037791797	C8H10O4	[M + H]+	ANKQOBXQEHGUJT	InChI=1S/C8H10O4/c1-8(2)4-5(9)3-6(12-8)7(10)11/h3H,4H2,1-2H3,(H,10,11)	2,2-dimethyl-4-oxo-3H-pyran-6-carboxylate	CC1(CC(=O)C=C(O1)C(=O)O)C	0.300000012	198592;7004186	NORMAN:(NS00038093);COCONUT:(CNP0023570 CNP0361321);PubChem:(198592 7004186);SuperNatural:(SN00062144);ZINC bio:(ZINC02149361);PubChem class - safety and toxic;KEGG Mine	8660459522
71	1	N/A	-297.3172326950066	C8H10O4	[M + H]+	ZACUJTPWYBMFGR	InChI=1S/C8H10O4/c1-4-5(2)8(11)12-6(4)3-7(9)10/h6H,3H2,1-2H3,(H,9,10)	null	CC1=C(C(=O)OC1CC(=O)O)C	0.0	85713729;130841450	COCONUT:(CNP0352919);PubChem:(85713729 130841450);KEGG Mine	8592031746
72	1	N/A	-306.41528525142064	C8H10O4	[M + H]+	SMQKAULSDWQFJM	InChI=1S/C8H10O4/c1-6(9)11-5-8(2)4-3-7(10)12-8/h3-4H,5H2,1-2H3	(2-methyl-5-oxofuran-2-yl)methyl acetate	CC(=O)OCC1(C=CC(=O)O1)C	0.300000012	21577270;21777520	COCONUT:(CNP0313384);Natural Products:(UNPD71903);PubChem:(21577270 21777520);SuperNatural:(SN00231296);PubMed	3178562
73	1	N/A	-319.3094274940616	C8H10O4	[M + H]+	QCNDCHYPFPGAEG	InChI=1S/C8H10O4/c1-8-6(11)4(3-9)2-5(10)7(8)12-8/h2,6-7,9,11H,3H2,1H3	null	CC12C(C(=CC(=O)C1O2)CO)O	-1.29999995	130145411;130758896	COCONUT:(CNP0129525);Natural Products:(UNPD221819);PubChem:(130145411 130758896)	2129922
74	1	N/A	-326.63918518979915	C8H10O4	[M + H]+	MEPOSOVTGFPBQX	InChI=1S/C8H10O4/c9-5-11-4-7-1-2-8(3-7)12-6-10/h1-2,5-8H,3-4H2	(4-(Formyloxy)cyclopent-2-enyl)methyl formate	C1C(C=CC1OC=O)COC=O	0.899999976	3024497	PubChem:(3024497);NORMAN:(NS00065672)	262146
75	1	N/A	-336.7285295456526	C8H10O4	[M + H]+	WDBWMWDAYBDTOO	InChI=1S/C8H10O4/c1-4-5(6(9)10)7(11)12-8(4,2)3/h1-3H3,(H,9,10)	4,5,5-trimethyl-2-oxofuran-3-carboxylate	CC1=C(C(=O)OC1(C)C)C(=O)O	1.0	3720797;7074865	COCONUT:(CNP0041502 CNP0283529);PubChem:(3720797 7074865);SuperNatural:(SN00066308);ZINC bio:(ZINC04023386)	3153922
76	1	N/A	-337.8107423311452	C8H10O4	[M + H]+	CUYYJUFSLQRLEZ	InChI=1S/C8H10O4/c1-5-3-8(2,4-6(9)10)12-7(5)11/h3H,4H2,1-2H3,(H,9,10)	null	CC1=CC(OC1=O)(C)CC(=O)O	0.300000012	85975395	COCONUT:(CNP0352918);PubChem:(85975395);KEGG Mine	8592031746
77	1	N/A	-371.6995353886651	C8H10O4	[M + H]+	CLPLRRVKMWVWPU	InChI=1S/C8H10O4/c1-8-2-4-6(12-8)5(3-10-8)11-7(4)9/h4-6H,2-3H2,1H3	null	CC12CC3C(O1)C(CO2)OC3=O	-0.100000001	132572203;139586228	PubChem:(132572203 139586228);COCONUT:(CNP0356206)	2097154