structureRankPerFormula	formulaRank	ConfidenceScore	CSI:FingerIDScore	molecularFormula	adduct	InChIkey2D	InChI	name	smiles	xlogp	pubchemids	links	dbflags
1	1	0.2397123188751495	-46.39930950735758	C8H18O3	[M - H2O + H]+	NGACGNKKNNNNHK	InChI=1S/C8H18O3/c1-7(10)3-2-4-8(11)5-6-9/h7-11H,2-6H2,1H3	null	CC(CCCC(CCO)O)O	0.100000001	10820887;10997367;85279741	COCONUT:(CNP0334179);HMDB:(33625);Natural Products:(UNPD93522);PubChem:(10820887 10997367 85279741);SuperNatural:(SN00393306);PubChem class - bio and metabolites	19955722
2	1	N/A	-68.19629430913758	C8H18O3	[M - H2O + H]+	FQJXITFHANYMET	InChI=1S/C8H18O3/c1-2-3-4-5-11-7-8(10)6-9/h8-10H,2-7H2,1H3	1-O-Pentylglycerol	CCCCCOCC(CO)O	0.600000024	90819;56628191;88756803;90747574	MeSH:(90819);PubChem class - safety and toxic;PubChem:(90819 56628191 88756803 90747574);PubMed;KEGG Mine	8657043526
3	1	N/A	-85.06067978071248	C8H18O3	[M - H2O + H]+	VKWZWOKLRQWMPC	InChI=1S/C8H18O3/c1-3-7(9)5-11-6-8(10)4-2/h7-10H,3-6H2,1-2H3	1,1''-Oxybisbutan-2-ol	CCC(COCC(CC)O)O	0.600000024	12645978	PubChem:(12645978);NORMAN:(NS00059530)	262146
4	1	N/A	-87.18234607805056	C8H18O3	[M - H2O + H]+	YLGKTKNKMPOCBY	InChI=1S/C8H18O3/c1-3-7(5-9)11-8(4-2)6-10/h7-10H,3-6H2,1-2H3	2,2''-Oxybisbutan-1-ol	CCC(CO)OC(CC)CO	0.600000024	6453113	PubChem:(6453113);NORMAN:(NS00058022)	262146
5	1	N/A	-87.2784932218511	C8H18O3	[M - H2O + H]+	HNXKBOZFEUCZHF	InChI=1S/C8H18O3/c1-7(10)4-6-11-8(2)3-5-9/h7-10H,3-6H2,1-2H3	3-(3-Hydroxybutoxy)butan-1-ol	CC(CCOC(C)CCO)O	0.300000012	171694;56841190;56841192;92287230;92287945	NORMAN:(NS00040067);PubChem:(171694 56841190 56841192 92287230 92287945);PubMed	262210
6	1	N/A	-87.40327748962277	C8H18O3	[M - H2O + H]+	AFSYRVDDZGJTIL	InChI=1S/C8H18O3/c1-7(9)3-5-11-6-4-8(2)10/h7-10H,3-6H2,1-2H3	Boutybil	CC(CCOCCC(C)O)O	0.300000012	92141;56626223;56635328;56841191;88686108;88686896	NORMAN:(NS00040068);COCONUT:(CNP0211333);PubChem:(92141 56626223 56635328 56841191 88686108 88686896);CHEBI:(134793);MeSH:(92141);PubMed	2359398
7	1	N/A	-90.33844394858417	C8H18O3	[M - H2O + H]+	ZIYSJVFROIOYRQ	InChI=1S/C8H18O3/c1-7(3-5-9)11-8(2)4-6-10/h7-10H,3-6H2,1-2H3	3,3''-oxydibutan-1-ol	CC(CCO)OC(C)CCO	0.300000012	171333;56841193;56841194;92287223	NORMAN:(NS00040070);PubChem:(171333 56841193 56841194 92287223);PubMed	262210
8	1	N/A	-94.17105331332172	C8H18O3	[M - H2O + H]+	AIOHBDYXYKMBIF	InChI=1S/C8H18O3/c1-7(2)3-4-11-6-8(10)5-9/h7-10H,3-6H2,1-2H3	1, 3-isopentyloxy-	CC(C)CCOCC(CO)O	0.5	95650;124301073;124301780	PubChem:(95650 124301073 124301780);PubChem class - safety and toxic	67108866
9	1	N/A	-96.09196668790655	C8H18O3	[M - H2O + H]+	MVEWAQOGSDLLAT	InChI=1S/C8H18O3/c1-3-7(10)6-11-8(4-2)5-9/h7-10H,3-6H2,1-2H3	2-(2-Hydroxybutoxy)butan-1-ol	CCC(CO)OCC(CC)O	0.600000024	113427;92284672	PubChem:(113427 92284672);NORMAN:(NS00065754)	262146
10	1	N/A	-103.11539808107538	C8H18O3	[M - H2O + H]+	CTKXFMQHOOWWEB	InChI=1S/C8H18O3/c1-3-5-11-8(2)7-10-6-4-9/h8-9H,3-7H2,1-2H3	2-(2-propoxypropoxy)ethanol	CCCOC(C)COCCO	0.600000024	22895896	HMDB:(32263);PubChem:(22895896);PubChem class - bio and metabolites	16777226
11	1	N/A	-103.36055440387707	C8H18O3	[M - H2O + H]+	OAYXUHPQHDHDDZ	InChI=1S/C8H18O3/c1-2-3-5-10-7-8-11-6-4-9/h9H,2-8H2,1H3	DB Solvent	CCCCOCCOCCO	0.919318259	8177	PubChem class - food;Maconda:(CON00010);additional;HSDB:(112-34-5);MeSH:(8177);PubMed;NORMAN:(NS00007962 NS00056522);COCONUT:(CNP0079968);PubChem:(8177);PubChem class - bio and metabolites;PubChem class - safety and toxic;Training Set;PubChem class - drug;KEGG Mine	8844494406
12	1	N/A	-103.87659388165004	C8H18O3	[M - H2O + H]+	LYKRIFJRHXXXDZ	InChI=1S/C8H18O3/c9-5-1-3-7-11-8-4-2-6-10/h9-10H,1-8H2	Oxybisbutanol	C(CCOCCCCO)CO	0.100000001	76946	NORMAN:(NS00049466);PubChem:(76946);PubMed;KEGG Mine	8590196802
13	1	N/A	-105.4097361298021	C8H18O3	[M - H2O + H]+	VKCROHJIGLNYSC	InChI=1S/C8H18O3/c1-2-10-7-4-8-11-6-3-5-9/h9H,2-8H2,1H3	3-(3-ethoxypropoxy)propan-1-ol	CCOCCCOCCCO	0.300000012	85087	PubChem:(85087);PubChem class - safety and toxic	67108866
14	1	N/A	-110.08344153730326	C8H18O3	[M - H2O + H]+	RRQYJINTUHWNHW	InChI=1S/C8H18O3/c1-3-9-5-7-11-8-6-10-4-2/h3-8H2,1-2H3	Ethyl diglyme	CCOCCOCCOCC	0.861660242	8179	NORMAN:(NS00004273);COCONUT:(CNP0019781);PubChem:(8179);CHEBI:(44664);Maconda:(CON00023);PubChem class - bio and metabolites;HSDB:(112-36-7);PubChem class - safety and toxic;PubMed	86247010
15	1	N/A	-111.01181449174959	C8H18O3	[M - H2O + H]+	ZLCKVFFTASJQTA	InChI=1S/C8H18O3/c1-7(5-9)3-4-8(2,11)6-10/h7,9-11H,3-6H2,1-2H3	Hexanetriol, 2,5-dimethyl-	CC(CCC(C)(CO)O)CO	-0.100000001	256067;92153008;92153009;92153010;92153011	PubChem:(256067 92153008 92153009 92153010 92153011);PubChem class - safety and toxic	67108866
16	1	N/A	-112.84328383898142	C8H18O3	[M - H2O + H]+	REWWIIBUGWWCGY	InChI=1S/C8H18O3/c1-3-5-7(10)8(11,4-2)6-9/h7,9-11H,3-6H2,1-2H3	2-Ethylhexane-1,2,3-triol	CCCC(C(CC)(CO)O)O	0.300000012	3018754	NORMAN:(NS00058541);PubChem:(3018754);KEGG Mine	8590196738
17	1	N/A	-113.44819276248964	C8H18O3	[M - H2O + H]+	OXBPUQRCWRHUEM	InChI=1S/C8H18O3/c1-3-5-7(9)11-8(10)6-4-2/h7-10H,3-6H2,1-2H3	1-(1-hydroxybutoxy)butan-1-ol	CCCC(O)OC(CCC)O	1.5	22590217;93481915;93481916;93481917	PubChem:(22590217 93481915 93481916 93481917);NORMAN:(NS00049032)	262146
18	1	N/A	-114.17968403266606	C8H18O3	[M - H2O + H]+	YJTIFIMHZHDNQZ	InChI=1S/C8H18O3/c1-8(2)7-11-6-5-10-4-3-9/h8-9H,3-7H2,1-2H3	Ektasolve DIB	CC(C)COCCOCCO	0.699746549	29331	NORMAN:(NS00021795);PubChem class - safety and toxic;PubChem:(29331)	67371010
19	1	N/A	-117.7147387401784	C8H18O3	[M - H2O + H]+	KWDCKLXGUZOEGM	InChI=1S/C8H18O3/c1-9-5-3-7-11-8-4-6-10-2/h3-8H2,1-2H3	Propane, oxybis(methoxy-	COCCCOCCCOC	0.5	86302	PubChem class - safety and toxic;PubChem:(86302);PubMed	67108930
20	1	N/A	-143.9084811320759	C8H18O3	[M - H2O + H]+	QWOZZTWBWQMEPD	InChI=1S/C8H18O3/c1-4-11-8(3)6-10-5-7(2)9/h7-9H,4-6H2,1-3H3	1-(2-Ethoxypropoxy)-2-propanol	CCOC(C)COCC(C)O	0.5	93059;92283039	PubChem:(93059 92283039);NORMAN:(NS00012347)	262146
21	1	N/A	-144.52129613831514	C8H18O3	[M - H2O + H]+	FWZJTQPVXZIABW	InChI=1S/C8H18O3/c1-7(5-9-3)11-8(2)6-10-4/h7-8H,5-6H2,1-4H3	Proglyde(R) DMM	CC(COC)OC(C)COC	0.600000024	14029748;86309684;86312910;86312911	PubChem:(14029748 86309684 86312910 86312911);NORMAN:(NS00020601)	262146
22	1	N/A	-148.34359827789933	C8H18O3	[M - H2O + H]+	QNFOREOOFJCKMI	InChI=1S/C8H18O3/c1-4-10-6-8(3)11-5-7(2)9/h7-9H,4-6H2,1-3H3	dipropylene glycol ethyl ether	CCOCC(C)OCC(C)O	0.5	10130118;103489633;103489698;124397661;124397662;124397663;124397664	PubChem:(10130118 103489633 103489698 124397661 124397662 124397663 124397664);NORMAN:(NS00008322)	262146
23	1	N/A	-151.62423220612803	C8H18O3	[M - H2O + H]+	RJBIZCOYFBKBIM	InChI=1S/C8H18O3/c1-8(2)11-7-6-10-5-4-9-3/h8H,4-7H2,1-3H3	2-[2-(2-methoxyethoxy)ethoxy]propane	CC(C)OCCOCCOC	0.883142412	3018692	PubChem:(3018692);NORMAN:(NS00058223)	262146
24	1	N/A	-155.24006081570008	C8H18O3	[M - H2O + H]+	GWHZXOQHXAXFQK	InChI=1S/C8H18O3/c1-5(9)7(3)11-8(4)6(2)10/h5-10H,1-4H3	2-Butanol,3,3''-oxydi-	CC(C(C)OC(C)C(C)O)O	0.400000006	185767	MeSH:(185767);PubChem:(185767);PubMed	70
25	1	N/A	-155.76457046545707	C8H18O3	[M - H2O + H]+	NKPXTNPNZFWDCL	InChI=1S/C8H18O3/c1-4-5-6-11-7-8(9-2)10-3/h8H,4-7H2,1-3H3	1-(2,2-Dimethoxyethoxy)butane	CCCCOCC(OC)OC	1.20000005	3020468	PubChem:(3020468);NORMAN:(NS00038822)	262146
26	1	N/A	-158.47299829665064	C8H18O3	[M - H2O + H]+	ZATQNAGGARBGCM	InChI=1S/C8H18O3/c1-4-10-5-8(9)6-11-7(2)3/h7-9H,4-6H2,1-3H3	1-Ethoxy-3-isopropoxy-2-propanol	CCOCC(COC(C)C)O	0.5	95635	PubChem:(95635);PubChem class - safety and toxic	67108866
27	1	N/A	-160.4574575382139	C8H18O3	[M - H2O + H]+	XUXVVQKJULMMKX	InChI=1S/C8H18O3/c1-5-6-7-8(9-2,10-3)11-4/h5-7H2,1-4H3	1,1,1-Trimethoxypentane	CCCCC(OC)(OC)OC	1.70000005	83755	NORMAN:(NS00052177);PubChem class - safety and toxic;PubChem:(83755);PubMed	67371074
28	1	N/A	-164.95523313057387	C8H18O3	[M - H2O + H]+	VNSJUZIHZNZLKM	InChI=1S/C8H18O3/c1-4-9-7-8(10-5-2)11-6-3/h8H,4-7H2,1-3H3	1,1,2-Triethoxyethane	CCOCC(OCC)OCC	1.0	43390	PubChem:(43390);NORMAN:(NS00031777)	262146
29	1	N/A	-174.15102875274098	C8H18O3	[M - H2O + H]+	OQUIHNRSFOIOFU	InChI=1S/C8H18O3/c1-7(10-4)6-11-8(2)5-9-3/h7-8H,5-6H2,1-4H3	Propane, 2-methoxy-1-(2-methoxy-1-methylethoxy)-	CC(COC)OCC(C)OC	0.904624581	14455226;51669412;51669409;51669410;51669411	PubChem:(14455226 51669412 51669409 51669410 51669411);NORMAN:(NS00005434)	262146
30	1	N/A	-180.73953332132734	C8H18O3	[M - H2O + H]+	NDQXKKFRNOPRDW	InChI=1S/C8H18O3/c1-5-9-8(4,10-6-2)11-7-3/h5-7H2,1-4H3	Ethyl orthoacetate	CCOC(C)(OCC)OCC	1.29999995	66221;71752730	NORMAN:(NS00041222);PubChem class - safety and toxic;PubChem:(66221 71752730)	67371010
31	1	N/A	-191.43217921673374	C8H18O3	[M - H2O + H]+	JEQCQCCFONGTMM	InChI=1S/C8H18O3/c1-5-6-7-11-8(2,9-3)10-4/h5-7H2,1-4H3	1-(1,1-Dimethoxyethoxy)butane	CCCCOC(C)(OC)OC	1.5	3020441	PubChem:(3020441);NORMAN:(NS00064180)	262146
32	1	N/A	-202.50644118122523	C8H18O3	[M - H2O + H]+	KCCPBJDUXBCOSN	InChI=1S/C8H18O3/c1-8(2,3)11-6-7(9)5-10-4/h7,9H,5-6H2,1-4H3	Terbuprol	CC(C)(C)OCC(COC)O	0.300000012	3084129;76961343;76961344	PubChem:(3084129 76961343 76961344);PubChem class - safety and toxic	67108866
1	1	N/A	-56.78835891328321	C8H16O2	[M + H]+	WWZKQHOCKIZLMA	InChI=1S/C8H16O2/c1-2-3-4-5-6-7-8(9)10/h2-7H2,1H3,(H,9,10)	octylate	CCCCCCCC(=O)O	2.56170964	379;119389;450624;450625;450632;3597698;11550032;10964812;13011402;13011403;11084017;11137306;10219504;16213598;16217435;49791918;45934147;71308942;71308943;71309161;71309160;71309162;71309264;71309392;88425083;91233744;101338841;135372298	HMDB:(482 62511);PubChem class - food;SuperNatural:(SN00383605 SN00002083);ZINC bio:(ZINC01530416);additional;HSDB:(124-07-2);MeSH:(379 119389);Plantcyc:(CPD-195);PubMed;NORMAN:(NS00008861);COCONUT:(CNP0295653 CNP0334094);KNApSAcK:(1231);Natural Products:(UNPD194225);PubChem:(379 119389 450624 450625 450632 3597698 11550032 10964812 13011402 13011403 11084017 11137306 10219504 16213598 16217435 49791918 45934147 71308942 71308943 71309161 71309160 71309162 71309264 71309392 88425083 91233744 101338841 135372298);CHEBI:(25646 28837);PubChem class - bio and metabolites;KEGG:(C06423);PubChem class - safety and toxic;YMDB:(676);PubChem class - drug;Biocyc:(CPD-195)	255830910
2	1	N/A	-69.15367345229075	C8H16O2	[M + H]+	OEOIWYCWCDBOPA	InChI=1S/C8H16O2/c1-7(2)5-3-4-6-8(9)10/h7H,3-6H2,1-2H3,(H,9,10)	Cecanoic C8 acid	CC(C)CCCCC(=O)O	2.34213781	90716;21932263;130304733	HMDB:(31588);SuperNatural:(SN00003325 SN00390129);ZINC bio:(ZINC02584579);MeSH:(90716);PubMed;NORMAN:(NS00020544);COCONUT:(CNP0149587 CNP0196819);Natural Products:(UNPD94879);PubChem:(90716 21932263 130304733);PubChem class - bio and metabolites;PubChem class - safety and toxic;Biocyc:(CPD-20063);KEGG Mine	8677271630
3	1	N/A	-71.7526168350464	C8H16O2	[M + H]+	NIJJYAXOARWZEE	InChI=1S/C8H16O2/c1-3-5-7(6-4-2)8(9)10/h7H,3-6H2,1-2H3,(H,9,10)	Convulex	CCCC(CCC)C(=O)O	2.48592544	3121;159148;3549980;12429180;11643942;46200988;46209523;46215392;46215393;46215394;46215395;46215396;46215397;46215398;46215399;46832535;46832536;46832537;46832538;46832539;46832540;46832541;46832833;46832834;71308961;76973098;87158683;87158809;87158811;88202175;88202300;91384429;118353291;131953166;139507926	HMDB:(1877);SuperNatural:(SN00388177 SN00003342);ZINC bio:(ZINC03008621);additional;HSDB:(99-66-1);MeSH:(3121 3549980);PubMed;NORMAN:(NS00010277);COCONUT:(CNP0268351 CNP0384704);Natural Products:(UNPD138858);PubChem:(3121 159148 3549980 12429180 11643942 46200988 46209523 46215392 46215393 46215394 46215395 46215396 46215397 46215398 46215399 46832535 46832536 46832537 46832538 46832539 46832540 46832541 46832833 46832834 71308961 76973098 87158683 87158809 87158811 88202175 88202300 91384429 118353291 131953166 139507926);CHEBI:(39867 60654);PubChem class - bio and metabolites;EcoCyc Mine;KEGG:(C07185);PubChem class - safety and toxic;Training Set;PubChem class - drug;Biocyc:(CPD-19635)	17301302126
4	1	N/A	-77.82323203180592	C8H16O2	[M + H]+	VGFJNJIGFHOBEJ	InChI=1S/C8H16O2/c1-2-3-4-5-8(10)6-7-9/h9H,2-7H2,1H3	3-Octanone, 1-hydroxy-	CCCCCC(=O)CCO	1.10000002	10678453;13864714	COCONUT:(CNP0135586);HMDB:(31290);Natural Products:(UNPD196911);PubChem:(10678453 13864714);YMDB Mine;PubChem class - bio and metabolites;PubMed;KEGG Mine	42968580170
5	1	N/A	-77.96076965356833	C8H16O2	[M + H]+	NKBWMBRPILTCRD	InChI=1S/C8H16O2/c1-3-4-5-6-7(2)8(9)10/h7H,3-6H2,1-2H3,(H,9,10)	ACMC-20mmgv	CCCCCC(C)C(=O)O	2.48592544	14475;6999927;6999928;6999929;6999930;22472763	HMDB:(31587);PubChem class - food;SuperNatural:(SN00249108);PubMed;NORMAN:(NS00045590);COCONUT:(CNP0262834);Natural Products:(UNPD171546);PubChem:(14475 6999927 6999928 6999929 6999930 22472763);YMDB Mine;PubChem class - bio and metabolites;EcoCyc Mine;PubChem class - safety and toxic;KEGG Mine	60351086666
6	1	N/A	-78.02005629265523	C8H16O2	[M + H]+	OJTHHBCWUMTZEY	InChI=1S/C8H16O2/c1-3-7(2)5-4-6-8(9)10/h7H,3-6H2,1-2H3,(H,9,10)	5-methylheptanoate	CCC(C)CCCC(=O)O	2.5	112481;12815096;21748547;92179307	COCONUT:(CNP0085923);PubChem:(112481 12815096 21748547 92179307);PubMed	2097218
7	1	N/A	-80.83125829747651	C8H16O2	[M + H]+	LXHFVSWWDNNDPW	InChI=1S/C8H16O2/c1-3-4-7(2)5-6-8(9)10/h7H,3-6H2,1-2H3,(H,9,10)	4-methylheptanoate	CCCC(C)CCC(=O)O	2.5	13800368;13800369;13800370;22112646	PubChem:(13800368 13800369 13800370 22112646);PubChem class - food	134217730
8	1	N/A	-82.39387126885943	C8H16O2	[M + H]+	OBETXYAYXDNJHR	InChI=1S/C8H16O2/c1-3-5-6-7(4-2)8(9)10/h7H,3-6H2,1-2H3,(H,9,10)	2-ethylhexans	CCCCC(CC)C(=O)O	2.48592544	8697;78052;135309;4072356;6993582;6997317;10261242;16212007;56619861;71309490;91545384;101340008;101340009	HMDB:(31230 62546);PubChem class - food;SuperNatural:(SN00247747);ZINC bio:(ZINC01648303 ZINC01849774);HSDB:(149-57-5);MeSH:(8697);PubMed;NORMAN:(NS00010660);COCONUT:(CNP0333356);KNApSAcK:(7414);Natural Products:(UNPD99063);PubChem:(8697 78052 135309 4072356 6993582 6997317 10261242 16212007 56619861 71309490 91545384 101340008 101340009);CHEBI:(89058);PubChem class - bio and metabolites;PubChem class - safety and toxic;KEGG Mine	8811487870
9	1	N/A	-83.51218829013733	C8H16O2	[M + H]+	SHZIWNPUGXLXDT	InChI=1S/C8H16O2/c1-3-5-6-7-8(9)10-4-2/h3-7H2,1-2H3	Ethyl hexoate	CCCCCC(=O)OCC	2.4000001	31265;11194415;91748626;129885367;129887313	HMDB:(40209);PubChem class - food;SuperNatural:(SN00156347);ZINC bio:(ZINC01648304);MeSH:(31265);PubMed;NORMAN:(NS00004110);COCONUT:(CNP0149883);KNApSAcK:(35612);Natural Products:(UNPD181772);PubChem:(31265 11194415 91748626 129885367 129887313);CHEBI:(86055);PubChem class - bio and metabolites;PubChem class - safety and toxic;YMDB:(1381);Biocyc:(CPD-10093);KEGG Mine	8811554942
10	1	N/A	-83.69642030133198	C8H16O2	[M + H]+	OGCKUGCNRAHIPG	InChI=1S/C8H16O2/c1-2-3-4-5-6-8(10)7-9/h9H,2-7H2,1H3	1-hydroxy-2-octanone	CCCCCCC(=O)CO	1.9357028	10855595	PubChem class - safety and toxic;PubChem:(10855595);PubMed;KEGG Mine	8657043522
11	1	N/A	-83.80511375164984	C8H16O2	[M + H]+	AOGQPLXWSUTHQB	InChI=1S/C8H16O2/c1-3-4-5-6-7-10-8(2)9/h3-7H2,1-2H3	hexylacetat	CCCCCCOC(=O)C	2.36026406	8908;10012044;9989391;10464465;91748631;129885563	HMDB:(29980);PubChem class - food;SuperNatural:(SN00156392);ZINC bio:(ZINC01683479);HSDB:(142-92-7);PubMed;NORMAN:(NS00003895);COCONUT:(CNP0292917);KNApSAcK:(35701);Natural Products:(UNPD162455);PubChem:(8908 10012044 9989391 10464465 91748631 129885563);CHEBI:(87510);PubChem class - bio and metabolites;PubChem class - safety and toxic;YMDB:(1384);Biocyc:(CPD-19627)	221620858
12	1	N/A	-89.34476729481628	C8H16O2	[M + H]+	NNBJGVGKBIFRHE	InChI=1S/C8H16O2/c1-2-3-4-5-7-10-8-6-9/h6H,2-5,7-8H2,1H3	2-hexoxyacetaldehyde	CCCCCCOCC=O	1.89999998	87167	NORMAN:(NS00025776);PubChem:(87167);YMDB Mine;KEGG Mine	42949935106
13	1	N/A	-90.64616461804962	C8H16O2	[M + H]+	QWEHQNZGVUHHME	InChI=1S/C8H16O2/c1-3-4-5-6-8(10)7(2)9/h8,10H,3-6H2,1-2H3	2-octanon-3-ol	CCCCCC(C(=O)C)O	1.70000005	6428543;10898831;11446401	COCONUT:(CNP0254836);HMDB:(32335);Natural Products:(UNPD133821 UNPD138917);PubChem class - food;PubChem:(6428543 10898831 11446401);SuperNatural:(SN00272720);PubChem class - bio and metabolites;MeSH:(6428543);PubMed	154173518
14	1	N/A	-91.88966358076435	C8H16O2	[M + H]+	KJYXVWHRKCNYKU	InChI=1S/C8H16O2/c1-3-7(4-2)5-6-8(9)10/h7H,3-6H2,1-2H3,(H,9,10)	4-ethylhexanoate	CCC(CC)CCC(=O)O	2.5	22734;22311603	NORMAN:(NS00065946);PubChem:(22734 22311603);PubMed	262210
15	1	N/A	-95.96144683522779	C8H16O2	[M + H]+	VBHRLSQLJDHSCO	InChI=1S/C8H16O2/c1-8(2,3)6-4-5-7(9)10/h4-6H2,1-3H3,(H,9,10)	5,5-dimethylhexanoate	CC(C)(C)CCCC(=O)O	2.18644881	3015183;22743987;118042006;118042013;118042028	NORMAN:(NS00027679);PubChem class - safety and toxic;PubChem:(3015183 22743987 118042006 118042013 118042028);ZINC bio:(ZINC02508030)	67379202
16	1	N/A	-96.71663074028797	C8H16O2	[M + H]+	XNCNNDVCAUWAIT	InChI=1S/C8H16O2/c1-3-4-5-6-7-8(9)10-2/h3-7H2,1-2H3	Methyl heptoate	CCCCCCC(=O)OC	2.52222538	7826;12222848;11819290	HMDB:(31478);PubChem class - food;SuperNatural:(SN00002749);ZINC bio:(ZINC02041110);PubMed;NORMAN:(NS00012899);COCONUT:(CNP0149439);Natural Products:(UNPD90916);PubChem:(7826 12222848 11819290);YMDB Mine;CHEBI:(88620);PubChem class - bio and metabolites;PubChem class - safety and toxic;KEGG Mine	43171225706
17	1	N/A	-98.75320287231546	C8H16O2	[M + H]+	BVEYJWQCMOVMAR	InChI=1S/C8H16O2/c1-3-5-7(9)8(10)6-4-2/h7,9H,3-6H2,1-2H3	Butyroin	CCCC(C(=O)CCC)O	1.39999998	219794;11829569;40152660	NORMAN:(NS00043549);COCONUT:(CNP0003366);HMDB:(35457);PubChem class - food;PubChem:(219794 11829569 40152660);PubChem class - bio and metabolites	153354250
18	1	N/A	-103.73995506628481	C8H16O2	[M + H]+	MHOXVRWQBOAOAU	InChI=1S/C8H16O2/c1-3-4-5-8(6-9)7(2)10/h8-9H,3-6H2,1-2H3	3-Octanon-1-ol	CCCCC(CO)C(=O)C	1.20000005	5362561;57841196;76964879	NORMAN:(NS00057034);COCONUT:(CNP0071990);HMDB:(36165);PubChem class - food;PubChem:(5362561 57841196 76964879);PubChem class - bio and metabolites	153354250
19	1	N/A	-105.96051395157569	C8H16O2	[M + H]+	XTCNGAJYWUIFFB	InChI=1S/C8H16O2/c1-4-7(8(9)10)5-6(2)3/h6-7H,4-5H2,1-3H3,(H,9,10)	2-ethyl-4-methylpentanoate	CCC(CC(C)C)C(=O)O	2.29999995	164536;13525768;18548149;55301778;58248940;58248959	PubChem class - safety and toxic;PubChem:(164536 13525768 18548149 55301778 58248940 58248959);PubMed	67108930
20	1	N/A	-107.13870196755525	C8H16O2	[M + H]+	WUWPVNVBYOKSSZ	InChI=1S/C8H16O2/c1-4-6-8(3,5-2)7(9)10/h4-6H2,1-3H3,(H,9,10)	ACMC-20cfsc	CCCC(C)(CC)C(=O)O	2.4000001	95300;11051793;17821103;54450874;86306121;86306311	NORMAN:(NS00043446);PubChem class - safety and toxic;PubChem:(95300 11051793 17821103 54450874 86306121 86306311)	67371010
21	1	N/A	-107.14671442407528	C8H16O2	[M + H]+	UXGHWJFURBQKCJ	InChI=1S/C8H16O2/c1-2-3-4-5-6-8(10)7-9/h2,8-10H,1,3-7H2	7-Octene-1,2-diol	C=CCCCCC(CO)O	1.29999995	565266;92177992;92221520	PubChem:(565266 92177992 92221520);NORMAN:(NS00065204)	262146
22	1	N/A	-107.47239491754985	C8H16O2	[M + H]+	ROJKPKOYARNFNB	InChI=1S/C8H16O2/c1-3-5-6-8(9)10-7-4-2/h3-7H2,1-2H3	Propyl valerate	CCCCC(=O)OCCC	2.4000001	67328	NORMAN:(NS00013168);COCONUT:(CNP0084151);HMDB:(40296);PubChem class - food;PubChem:(67328);CHEBI:(89769);ZINC bio:(ZINC01688155);PubChem class - bio and metabolites;PubChem class - safety and toxic	220471338
23	1	N/A	-108.02259974421555	C8H16O2	[M + H]+	YTTWDTVYXAEAJA	InChI=1S/C8H16O2/c1-4-5-6-8(2,3)7(9)10/h4-6H2,1-3H3,(H,9,10)	2,2-dimethylhexanoate	CCCCC(C)(C)C(=O)O	2.5999999	163217;7021354	NORMAN:(NS00062029);PubChem class - safety and toxic;PubChem:(163217 7021354);PubMed	67371074
24	1	N/A	-108.31397656174089	C8H16O2	[M + H]+	BNHJODMDMOKFFL	InChI=1S/C8H16O2/c1-3-4-5-6-8(10)7(2)9/h7,9H,3-6H2,1-2H3	2-Hydroxyoctan-3-one	CCCCCC(=O)C(C)O	1.60000002	158645;176722;13129593;102522877	COCONUT:(CNP0109068);Natural Products:(UNPD3685);PubChem:(158645 176722 13129593 102522877);SuperNatural:(SN00302256);PubMed;KEGG Mine	8593113154
25	1	N/A	-110.08396479442308	C8H16O2	[M + H]+	OFQRUTMGVBMTFQ	InChI=1S/C8H16O2/c1-4-10-8(9)6-5-7(2)3/h7H,4-6H2,1-3H3	Ethyl isocaproate	CCOC(=O)CCC(C)C	2.0999999	117477	NORMAN:(NS00021943);COCONUT:(CNP0084329);HMDB:(32272);KNApSAcK:(50448);PubChem class - food;PubChem:(117477);CHEBI:(89445);ZINC bio:(ZINC02584406);PubChem class - bio and metabolites;PubChem class - safety and toxic;PubMed	220471418
26	1	N/A	-110.13080533342433	C8H16O2	[M + H]+	TWSRVQVEYJNFKQ	InChI=1S/C8H16O2/c1-3-5-6-7-10-8(9)4-2/h3-7H2,1-2H3	Amyl propanoate	CCCCCOC(=O)CC	2.50405169	12217	HMDB:(31638);PubChem class - food;SuperNatural:(SN00345871);ZINC bio:(ZINC01586315);PubMed;NORMAN:(NS00002743);COCONUT:(CNP0268077);Natural Products:(UNPD142620);PubChem:(12217);CHEBI:(87373);PubChem class - bio and metabolites;PubChem class - safety and toxic;YMDB:(1636);KEGG Mine	8811552874
27	1	N/A	-115.40479552946773	C8H16O2	[M + H]+	MVNDLBVMQJUQOA	InChI=1S/C8H16O2/c1-4-6(3)7(5-2)8(9)10/h6-7H,4-5H2,1-3H3,(H,9,10)	2-Ethyl-3-methylvaleric acid	CCC(C)C(CC)C(=O)O	2.5	90775;12015995;49781619;55301027;92179303;92284385	PubChem:(90775 12015995 49781619 55301027 92179303 92284385);NORMAN:(NS00049550)	262146
28	1	N/A	-115.93684901246039	C8H16O2	[M + H]+	XEAMDSXSXYAICO	InChI=1S/C8H16O2/c1-2-3-4-5-6-7-10-8-9/h8H,2-7H2,1H3	Heptyl formate	CCCCCCCOC=O	3.0	8169	NORMAN:(NS00012523);COCONUT:(CNP0272781);HMDB:(34459);PubChem class - food;PubChem:(8169);PubChem class - bio and metabolites;MeSH:(8169);PubChem class - safety and toxic;PubMed;KEGG Mine	8810397774
29	1	N/A	-117.08375920331652	C8H16O2	[M + H]+	FMBAIQMSJGQWLF	InChI=1S/C8H16O2/c1-3-5-8(10)7(4-2)6-9/h6-8,10H,3-5H2,1-2H3	Butyraldol	CCCC(C(CC)C=O)O	1.20000005	10324;11126396;72941672;72941699;76956266	HSDB:(496-03-7);NORMAN:(NS00042990);PubChem:(10324 11126396 72941672 72941699 76956266);KEGG Mine	8590197250
30	1	N/A	-117.24092452836236	C8H16O2	[M + H]+	XUPYJHCZDLZNFP	InChI=1S/C8H16O2/c1-3-5-7-10-8(9)6-4-2/h3-7H2,1-2H3	Butyl butylate	CCCCOC(=O)CCC	2.20000005	7983;91748613;91748616;91748617	HMDB:(39620);PubChem class - food;SuperNatural:(SN00156272);ZINC bio:(ZINC01586750);MeSH:(7983);PubMed;NORMAN:(NS00012028);COCONUT:(CNP0123594);KNApSAcK:(35546);Natural Products:(UNPD21841);PubChem:(7983 91748613 91748616 91748617);CHEBI:(87429);PubChem class - bio and metabolites;PubChem class - safety and toxic;YMDB:(1399);Biocyc:(CPD-19960)	221620350
31	1	N/A	-118.50958123394138	C8H16O2	[M + H]+	QTHIKVMVWXLPKQ	InChI=1S/C8H16O2/c1-2-3-4-5-8(10)6-7-9/h3-4,8-10H,2,5-7H2,1H3	5-Octene-1,3-diol	CCC=CCC(CCO)O	1.10000002	15875246;21159437;54245960;89827092;102092250;131234164	COCONUT:(CNP0003570);HMDB:(30368);PubChem:(15875246 21159437 54245960 89827092 102092250 131234164);PubChem class - bio and metabolites	18874378
32	1	N/A	-119.67336551591673	C8H16O2	[M + H]+	JOTRMYCCALXLNJ	InChI=1S/C8H16O2/c1-4-7(6(2)3)5-8(9)10/h6-7H,4-5H2,1-3H3,(H,9,10)	3-ethyl-4-methylpentanoic acid	CCC(CC(=O)O)C(C)C	2.4000001	13538957;13538958;13538959	COCONUT:(CNP0293988);Natural Products:(UNPD11114 UNPD171058);PubChem:(13538957 13538958 13538959);SuperNatural:(SN00397288 SN00334191);ZINC bio:(ZINC02578879 ZINC15205233)	3186690
33	1	N/A	-121.50173230829743	C8H16O2	[M + H]+	GMWSHXONQKXRHS	InChI=1S/C8H16O2/c1-4-6(2)5-7(3)8(9)10/h6-7H,4-5H2,1-3H3,(H,9,10)	2,4-dimethylhexanoate	CCC(C)CC(C)C(=O)O	2.5	39177;13834049;13834050;13834051;20077165;57021572;55298807;86308613;86308614;86308615;86308616;137937651;137942147	NORMAN:(NS00061596);PubChem class - safety and toxic;PubChem:(39177 13834049 13834050 13834051 20077165 57021572 55298807 86308613 86308614 86308615 86308616 137937651 137942147)	67371010
34	1	N/A	-122.17038299595653	C8H16O2	[M + H]+	BDKJAPPUGXLAHC	InChI=1S/C8H16O2/c1-7(9)5-4-6-8(2,3)10/h10H,4-6H2,1-3H3	6-Hydroxy-6-methylheptan-2-one	CC(=O)CCCC(C)(C)O	0.5	78762	NORMAN:(NS00032142);PubChem:(78762);KEGG Mine	8590196738
35	1	N/A	-122.46240175343227	C8H16O2	[M + H]+	ODPKTGAWWHZBOY	InChI=1S/C8H16O2/c1-4-5-7(6(2)3)8(9)10/h6-7H,4-5H2,1-3H3,(H,9,10)	2-propan-2-ylpentanoate	CCCC(C(C)C)C(=O)O	2.5	147513;10176197;10197756;22035531	NORMAN:(NS00057286);MeSH:(147513);PubChem class - safety and toxic;PubChem:(147513 10176197 10197756 22035531);PubMed	67371078
36	1	N/A	-123.00546419403372	C8H16O2	[M + H]+	NHBUGGCJRMEOCC	InChI=1S/C8H16O2/c1-6(2)5-8(3,4)7(9)10/h6H,5H2,1-4H3,(H,9,10)	2,2,4-trimethylpentanoate	CC(C)CC(C)(C)C(=O)O	2.29999995	3013951;19887926	PubChem:(3013951 19887926);NORMAN:(NS00060761)	262146
37	1	N/A	-124.62169585177635	C8H16O2	[M + H]+	UZTVUHTZGGZFCI	InChI=1S/C8H16O2/c1-4-5-7(2)6-10-8(3)9/h7H,4-6H2,1-3H3	2-Methylamyl acetate	CCCC(C)COC(=O)C	2.14069247	24625;11051791;86308729	PubChem class - safety and toxic;PubChem:(24625 11051791 86308729);ZINC bio:(ZINC02036784 ZINC02036785)	67117058
38	1	N/A	-125.46252780475305	C8H16O2	[M + H]+	CHGORMNWCVRPCH	InChI=1S/C8H16O2/c1-3-5-6-7-8(4-2)10-9/h4,8-9H,2-3,5-7H2,1H3	null	CCCCCC(C=C)OO	2.5999999	85981774	PubChem:(85981774);COCONUT:(CNP0001521)	2097154
39	1	N/A	-127.5428647434499	C8H16O2	[M + H]+	VMHVFMBDCWCBHO	InChI=1S/C8H16O2/c1-7(2)5-4-6-8(9)10-3/h7H,4-6H2,1-3H3	Methyl 5-methylhexanoate	CC(C)CCCC(=O)OC	2.30265379	519894	COCONUT:(CNP0354056);HMDB:(31596);PubChem:(519894);ZINC bio:(ZINC02556430);PubChem class - bio and metabolites	18882570
40	1	N/A	-130.31876102382216	C8H16O2	[M + H]+	XEXSBXKKNKXLTA	InChI=1S/C8H16O2/c1-2-8(10)6-4-3-5-7-9/h2,8-10H,1,3-7H2	7-Octene-1,6-diol	C=CC(CCCCCO)O	1.0	15084186	COCONUT:(CNP0167960);KNApSAcK:(33589);Natural Products:(UNPD129355);PubChem:(15084186);SuperNatural:(SN00273727);YMDB Mine;KEGG Mine	42952851474
41	1	N/A	-135.99214699493112	C8H16O2	[M + H]+	NFYJZIICTJCGOR	InChI=1S/C8H16O2/c1-4-7(2)5-6-10-8(3)9/h7H,4-6H2,1-3H3	3-Methylpentyl acetate	CCC(C)CCOC(=O)C	2.29999995	3015816;92178820;92938947	NORMAN:(NS00058929);PubChem class - safety and toxic;PubChem:(3015816 92178820 92938947)	67371010
42	1	N/A	-136.13547389606688	C8H16O2	[M + H]+	HZPKNSYIDSNZKW	InChI=1S/C8H16O2/c1-4-6-7(3)8(9)10-5-2/h7H,4-6H2,1-3H3	Manzanate	CCCC(C)C(=O)OCC	2.4000001	62902;6997313;6997314	NORMAN:(NS00004474);COCONUT:(CNP0333238);HMDB:(31579);Natural Products:(UNPD129999 UNPD195441);PubChem class - food;PubChem:(62902 6997313 6997314);SuperNatural:(SN00354437);ZINC bio:(ZINC01849645 ZINC01849646);PubChem class - bio and metabolites;PubChem class - safety and toxic	221552650
43	1	N/A	-136.7450206888488	C8H16O2	[M + H]+	SLBRLDSZDNWJSU	InChI=1S/C8H16O2/c1-4-5-7(9)6-8(2,3)10/h10H,4-6H2,1-3H3	2-Hydroxy-2-methylheptan-4-one	CCCC(=O)CC(C)(C)O	0.600000024	56936212	MeSH:(56936212);PubChem:(56936212);CHEBI:(137719)	38
44	1	N/A	-137.64899501978581	C8H16O2	[M + H]+	BDNXUVOJBGHQFD	InChI=1S/C8H16O2/c9-7-3-1-4-8(10)6-2-5-7/h7-10H,1-6H2	ACMC-20alfl	C1CC(CCCC(C1)O)O	0.899999976	90092	PubChem:(90092);NORMAN:(NS00027413)	262146
45	1	N/A	-137.73277255305211	C8H16O2	[M + H]+	FGPMBONEKHYAHO	InChI=1S/C8H16O2/c1-4-7(9)5-6-8(2,3)10/h10H,4-6H2,1-3H3	ACMC-20mqdp	CCC(=O)CCC(C)(C)O	0.600000024	129891	COCONUT:(CNP0416466);MeSH:(129891);PubChem:(129891);PubMed;PubChem class - bio and metabolites	18874438
46	1	N/A	-138.26003701113228	C8H16O2	[M + H]+	UNMYKPSSIFZORM	InChI=1S/C8H16O2/c1-3-5-6-10-8-7-9-4-2/h4H,2-3,5-8H2,1H3	2-Butoxyethylvinyl ether	CCCCOCCOC=C	1.89999998	20207	HSDB:(4223-11-4);NORMAN:(NS00031130);PubChem class - safety and toxic;PubChem:(20207)	67371522
47	1	N/A	-138.97425276665098	C8H16O2	[M + H]+	FHHJAZSGOVDVTP	InChI=1S/C8H16O2/c1-2-3-4-5-7(9)8-6-10-8/h7-9H,2-6H2,1H3	(1S)-1-[(2R)-oxiran-2-yl]hexan-1-ol	CCCCCC(C1CO1)O	1.60000002	10888041;11672682;13678155;13678156;10290854;11446400;25240451;102056281;102056282	PubChem:(10888041 11672682 13678155 13678156 10290854 11446400 25240451 102056281 102056282);YMDB Mine;KEGG Mine;PubChem class - bio and metabolites	42966450178
48	1	N/A	-139.6469312431713	C8H16O2	[M + H]+	RJIZCWQDPRRTRM	InChI=1S/C8H16O2/c1-7-6-10-5-3-8(7)2-4-9/h7-9H,2-6H2,1H3	null	CC1COCCC1CCO	0.899999976	75411976	PubChem:(75411976);COCONUT:(CNP0154189)	2097154
49	1	N/A	-139.83393831700738	C8H16O2	[M + H]+	PRCYIYOCMALJCX	InChI=1S/C8H16O2/c1-4-7-8(9-5-2)10-6-3/h4,8H,1,5-7H2,2-3H3	4,4-Diethoxy-1-butene	CCOC(CC=C)OCC	1.89999998	256426	PubChem:(256426);PubChem class - safety and toxic	67108866
50	1	N/A	-139.9868278076433	C8H16O2	[M + H]+	IQCASZIDTNHBIW	InChI=1S/C8H16O2/c1-2-3-4-5-9-6-8-7-10-8/h8H,2-7H2,1H3	ACMC-20mpsh	CCCCCOCC1CO1	1.60000002	138978;12355414;22831445	PubChem:(138978 12355414 22831445);PubChem class - safety and toxic	67108866
51	1	N/A	-140.11635747552253	C8H16O2	[M + H]+	BIYRBPAUTLBNTB	InChI=1S/C8H16O2/c9-7-3-1-2-4-8(10)6-5-7/h7-10H,1-6H2	1,4-Cyclooctanediol	C1CCC(CCC(C1)O)O	0.899999976	110650;12538219;12538220;67796580;89197085	PubChem:(110650 12538219 12538220 67796580 89197085);NORMAN:(NS00044186)	262146
52	1	N/A	-140.8494507213944	C8H16O2	[M + H]+	AVXZMWDBEBBNOE	InChI=1S/C8H16O2/c1-7(9)10-6-5-8(2,3)4/h5-6H2,1-4H3	3,3-dimethylbutyl acetate	CC(=O)OCCC(C)(C)C	1.98500335	193328	MeSH:(193328);PubChem:(193328);PubMed	70
53	1	N/A	-141.92689146378123	C8H16O2	[M + H]+	GEZUGFBWAPDBGZ	InChI=1S/C8H16O2/c1-4-7(9)6(3)8(10)5-2/h6-7,9H,4-5H2,1-3H3	Sitophilure	CCC(C(C)C(=O)CC)O	1.20000005	155663;12185143;12712024;12712025;10986363;11693926;57988709;129724505	COCONUT:(CNP0412913);Natural Products:(UNPD179371 UNPD144523);PubChem:(155663 12185143 12712024 12712025 10986363 11693926 57988709 129724505);SuperNatural:(SN00345352 SN00274777);ZINC bio:(ZINC05925886 ZINC14490282 ZINC14490283 ZINC14490285);MeSH:(155663);PubMed	3186758
54	1	N/A	-144.6813986711633	C8H16O2	[M + H]+	RGFNRWTWDWVHDD	InChI=1S/C8H16O2/c1-4-5-8(9)10-6-7(2)3/h7H,4-6H2,1-3H3	Isobutyl butyrate	CCCC(=O)OCC(C)C	2.29999995	10885;10351830;91748637	NORMAN:(NS00012674);COCONUT:(CNP0134371);HMDB:(34161);Natural Products:(UNPD199011);PubChem class - food;PubChem:(10885 10351830 91748637);CHEBI:(87683);ZINC bio:(ZINC01599553);PubChem class - bio and metabolites;PubChem class - safety and toxic;PubMed	220504170
55	1	N/A	-145.377478470256	C8H16O2	[M + H]+	XAOGXQMKWQFZEM	InChI=1S/C8H16O2/c1-4-8(9)10-6-5-7(2)3/h7H,4-6H2,1-3H3	Isoamyl propionate	CCC(=O)OCCC(C)C	2.28447986	7772	NORMAN:(NS00012664);COCONUT:(CNP0244888);HMDB:(34164);Natural Products:(UNPD122384);PubChem class - food;PubChem:(7772);CHEBI:(87419);ZINC bio:(ZINC01586316);PubChem class - bio and metabolites;PubChem class - safety and toxic;PubMed	220504170
56	1	N/A	-146.123745486493	C8H16O2	[M + H]+	HQLKZWRSOHTERR	InChI=1S/C8H16O2/c1-4-8(5-2)6-10-7(3)9/h8H,4-6H2,1-3H3	2-Ethylbutyl acetate	CCC(CC)COC(=O)C	2.14069247	61448	NORMAN:(NS00020906);COCONUT:(CNP0003350);HMDB:(31703);PubChem class - food;PubChem:(61448);PubChem class - bio and metabolites;PubChem class - safety and toxic	220463114
57	1	N/A	-146.2508897338253	C8H16O2	[M + H]+	BJRVNLMGJUBQLM	InChI=1S/C8H16O2/c1-4-10-8(5-6-9)7(2)3/h6-8H,4-5H2,1-3H3	3-Ethoxy-4-methylpentanal	CCOC(CC=O)C(C)C	1.29999995	107101	PubChem:(107101);NORMAN:(NS00063077)	262146
58	1	N/A	-147.4140452394766	C8H16O2	[M + H]+	LSJMDWFAADPNAX	InChI=1S/C8H16O2/c1-4-5-10-8(9)6-7(2)3/h7H,4-6H2,1-3H3	Propyl isopentanoate	CCCOC(=O)CC(C)C	2.29999995	11176	NORMAN:(NS00022372);COCONUT:(CNP0105828);HMDB:(32047);Natural Products:(UNPD43822);PubChem class - food;PubChem:(11176);SuperNatural:(SN00238296);CHEBI:(89725);ZINC bio:(ZINC02034780);PubChem class - bio and metabolites;PubChem class - safety and toxic	221552682
59	1	N/A	-149.60516671859304	C8H16O2	[M + H]+	VWZROJWIDGHRRX	InChI=1S/C8H16O2/c1-3-4-8(2)5-7(9)6-10-8/h7,9H,3-6H2,1-2H3	5-methyl-5-propyloxolan-3-ol	CCCC1(CC(CO1)O)C	1.10000002	34709	PubChem:(34709);PubChem class - safety and toxic	67108866
60	1	N/A	-151.47071641593206	C8H16O2	[M + H]+	OTOLBWRSIUFKOJ	InChI=1S/C8H16O2/c1-4-7(2)5-6-8(9)10-3/h7H,4-6H2,1-3H3	Methyl 4-methylhexanoate	CCC(C)CCC(=O)OC	2.29999995	519893;71403852;92179311	PubChem:(519893 71403852 92179311);COCONUT:(CNP0076942)	2097154
61	1	N/A	-151.63519291649015	C8H16O2	[M + H]+	MJGSLNIPTRPYJV	InChI=1S/C8H16O2/c1-4-7(5-2)8(9)10-6-3/h7H,4-6H2,1-3H3	Ethyl 2-ethylbutyrate	CCC(CC)C(=O)OCC	2.20000005	76326	NORMAN:(NS00022008);COCONUT:(CNP0165107);HMDB:(40298);PubChem class - food;PubChem:(76326);PubChem class - bio and metabolites;PubChem class - safety and toxic	220463114
62	1	N/A	-151.65400478253184	C8H16O2	[M + H]+	TXAWGHYFBQBVNK	InChI=1S/C8H16O2/c1-4-7(3)6-8(9)10-5-2/h7H,4-6H2,1-3H3	Ethyl 3-methylvalerate	CCC(C)CC(=O)OCC	2.29999995	560255;7567160;7567163	NORMAN:(NS00046726);COCONUT:(CNP0112934);HMDB:(34234);Natural Products:(UNPD101626);PubChem class - food;PubChem:(560255 7567160 7567163);SuperNatural:(SN00309003);ZINC bio:(ZINC05225057 ZINC05225061);PubChem class - bio and metabolites;PubChem class - safety and toxic	221552650
63	1	N/A	-153.24466544720474	C8H16O2	[M + H]+	PKOQGLKMAXRWPD	InChI=1S/C8H16O2/c1-2-10-8-6-4-3-5-7(8)9/h7-9H,2-6H2,1H3	2-Ethoxycyclohexanol	CCOC1CCCCC1O	1.10000002	98428;10920634;14493903;92163948;92163949	NORMAN:(NS00047632);PubChem class - safety and toxic;PubChem:(98428 10920634 14493903 92163948 92163949);PubMed	67371074
64	1	N/A	-153.64324750034982	C8H16O2	[M + H]+	XDODWINGEHBYRT	InChI=1S/C8H16O2/c9-5-7-3-1-2-4-8(7)6-10/h7-10H,1-6H2	1,2-Cyclohexanedimethanol	C1CCC(C(C1)CO)CO	0.899999976	85902;2724019;10678373;11217323;45051665;66587441;102349367;134211431	NORMAN:(NS00052010);PubChem class - safety and toxic;PubChem:(85902 2724019 10678373 11217323 45051665 66587441 102349367 134211431);PubMed	67371074
65	1	N/A	-154.00523581785743	C8H16O2	[M + H]+	MVYIQVQYQBTWRR	InChI=1S/C8H16O2/c1-6(9)7-4-2-3-5-8(7)10/h6-10H,2-5H2,1H3	2-(1-Hydroxyethyl)Cyclohexanol	CC(C1CCCCC1O)O	1.60000002	141103;13526105;13526106;13526108;13526110;21728228;21728579;40489577	PubChem:(141103 13526105 13526106 13526108 13526110 21728228 21728579 40489577);PubChem class - safety and toxic	67108866
66	1	N/A	-154.03860479560214	C8H16O2	[M + H]+	HXHXCPKOFVYRBD	InChI=1S/C8H16O2/c1-3-8(4-2)5-7(9)6-10-8/h7,9H,3-6H2,1-2H3	5,5-diethyloxolan-3-ol	CCC1(CC(CO1)O)CC	1.29999995	34707	PubChem:(34707);PubChem class - safety and toxic	67108866
67	1	N/A	-154.3672444162906	C8H16O2	[M + H]+	OCAIYHCKLADPEG	InChI=1S/C8H16O2/c1-4-5-6-8(9)10-7(2)3/h7H,4-6H2,1-3H3	Isopropyl valerate	CCCCC(=O)OC(C)C	2.29999995	87598	NORMAN:(NS00021781);COCONUT:(CNP0348909);Natural Products:(UNPD3139);PubChem class - food;PubChem:(87598);ZINC bio:(ZINC02504531);PubChem class - safety and toxic	203726850
68	1	N/A	-154.59856870654016	C8H16O2	[M + H]+	QJLYVCMEBJYLQD	InChI=1S/C8H16O2/c1-6(9)7-2-4-8(10)5-3-7/h6-10H,2-5H2,1H3	4-(1-hydroxyethyl)cyclohexan-1-ol	CC(C1CCC(CC1)O)O	0.800000012	22245678;60204982	COCONUT:(CNP0080673);PubChem:(22245678 60204982);SuperNatural:(SN00143501)	3145730
69	1	N/A	-156.46879402635273	C8H16O2	[M + H]+	YIMQCDZDWXUDCA	InChI=1S/C8H16O2/c9-5-7-1-2-8(6-10)4-3-7/h7-10H,1-6H2	1,4-Chidm	C1CC(CCC1CO)CO	0.600000024	7735;71309956;88792954	NORMAN:(NS00007618);PubChem class - food;PubChem:(7735 71309956 88792954);ZINC bio:(ZINC00388163);additional;PubChem class - bio and metabolites;HSDB:(105-08-8);MeSH:(7735);PubChem class - safety and toxic;Training Set;PubMed	218915398
70	1	N/A	-156.47364343040826	C8H16O2	[M + H]+	WFDGVYOPMMQGAR	InChI=1S/C8H16O2/c1-6(2)7(3)5-10-8(4)9/h6-7H,5H2,1-4H3	2,3-Dimethylbutyl acetate	CC(C)C(C)COC(=O)C	1.92112064	3018125;90251680;92950784	PubChem:(3018125 90251680 92950784);NORMAN:(NS00062081)	262146
71	1	N/A	-157.19759076047998	C8H16O2	[M + H]+	HUSOFJYAGDTKSK	InChI=1S/C8H16O2/c9-7-5-3-1-2-4-6-8(7)10/h7-10H,1-6H2	ACMC-20alfr	C1CCCC(C(CC1)O)O	1.71745539	545297;3794412;7273013;10888034;10197757;43835089;53313410;53313421;68603507	NORMAN:(NS00059589);PubChem class - safety and toxic;PubChem:(545297 3794412 7273013 10888034 10197757 43835089 53313410 53313421 68603507);PubMed	67371074
72	1	N/A	-157.32655554748456	C8H16O2	[M + H]+	JWMNHAMYTBAUPI	InChI=1S/C8H16O2/c1-5-10-7(9)6-8(2,3)4/h5-6H2,1-4H3	Ethyl tert-butylacetate	CCOC(=O)CC(C)(C)C	2.0999999	79284	NORMAN:(NS00032751);PubChem class - safety and toxic;PubChem:(79284)	67371010
73	1	N/A	-158.42478828024002	C8H16O2	[M + H]+	VSHXAKJGKGGKKE	InChI=1S/C8H16O2/c1-3-5-7-8(4-2,6-9)10-7/h7,9H,3-6H2,1-2H3	2,3-Epoxy-2-ethyl hexanol	CCCC1C(O1)(CC)CO	1.29999995	6551;124301778;130877545;131154368	PubChem:(6551 124301778 130877545 131154368);PubChem class - safety and toxic	67108866
74	1	N/A	-159.18107914759597	C8H16O2	[M + H]+	CPIVYSAVIPTCCX	InChI=1S/C8H16O2/c1-6(2)5-7(3)10-8(4)9/h6-7H,5H2,1-4H3	sec-Hexyl acetate	CC(C)CC(C)OC(=O)C	2.20000005	7959;76955875;76955876	NORMAN:(NS00012273);PubChem:(7959 76955875 76955876);PubChem class - bio and metabolites;HSDB:(108-84-9);PubChem class - safety and toxic;PubMed	84148802
75	1	N/A	-160.93650765165427	C8H16O2	[M + H]+	QGOZUGDFQXKWJX	InChI=1S/C8H16O2/c1-2-3-4-5-7-10-8-6-9/h3-4,9H,2,5-8H2,1H3	Ethanol, 2-(3-hexenyloxy)-	CCC=CCCOCCO	1.20000005	3023474;6366397;20836310	PubChem:(3023474 6366397 20836310);NORMAN:(NS00064883)	262146
76	1	N/A	-161.10650961645788	C8H16O2	[M + H]+	IPVKBEOJURLVER	InChI=1S/C8H16O2/c1-4-6-7(3)10-8(9)5-2/h7H,4-6H2,1-3H3	2-Pentanol, propanoate	CCCC(C)OC(=O)CC	2.29999995	521483;90333269;101991829;101991830	PubChem:(521483 90333269 101991829 101991830);COCONUT:(CNP0076186)	2097154
77	1	N/A	-163.0723478237742	C8H16O2	[M + H]+	BJQJGDGEKXRYBA	InChI=1S/C8H16O2/c1-7-3-4-8(2,6-9)10-5-7/h7,9H,3-6H2,1-2H3	2H-Pyranmethanol,5-dimethyl-	CC1CCC(OC1)(C)CO	0.899999976	98034;92139750;92139751;92139752;92139753	NORMAN:(NS00056978);COCONUT:(CNP0084724);HMDB:(61931);PubChem:(98034 92139750 92139751 92139752 92139753);CHEBI:(88826)	2359338
78	1	N/A	-163.70498223114956	C8H16O2	[M + H]+	RXTNIJMLAQNTEG	InChI=1S/C8H16O2/c1-4-5-6-7(2)10-8(3)9/h7H,4-6H2,1-3H3	2-Hexyl acetate	CCCCC(C)OC(=O)C	2.29999995	110740;12545758;11205821	NORMAN:(NS00048101);COCONUT:(CNP0107912);Natural Products:(UNPD39506);PubChem:(110740 12545758 11205821);SuperNatural:(SN00247053)	3440642
79	1	N/A	-165.2223362232707	C8H16O2	[M + H]+	ZOIRKXLFEHOVER	InChI=1S/C8H16O2/c1-6(2)5-8(9)10-7(3)4/h6-7H,5H2,1-4H3	Isopropyl isovalerate	CC(C)CC(=O)OC(C)C	2.20000005	61914	NORMAN:(NS00012737);COCONUT:(CNP0311912);HMDB:(32046);Natural Products:(UNPD7010);PubChem class - food;PubChem:(61914);ZINC bio:(ZINC01850552);PubChem class - bio and metabolites;PubChem class - safety and toxic;PubMed	220504138
80	1	N/A	-166.36738473322387	C8H16O2	[M + H]+	QJHDFBAAFGELLO	InChI=1S/C8H16O2/c1-4-6-8(9)10-7(3)5-2/h7H,4-6H2,1-3H3	sec-Butyl butyrate	CCCC(=O)OC(C)CC	2.50735998	13174;12253192;12253193	NORMAN:(NS00042383);PubChem class - food;PubChem class - safety and toxic;PubChem:(13174 12253192 12253193);CHEBI:(87318)	201588770
81	1	N/A	-167.83379656925726	C8H16O2	[M + H]+	AHJYOYDRGYJRDR	InChI=1S/C8H16O2/c1-3-4-8-9-6-5-7(2)10-8/h7-8H,3-6H2,1-2H3	1, 4-methyl-2-propyl-	CCCC1OCCC(O1)C	1.89999998	95403;37888553;37888554;40486148;40486149	PubChem:(95403 37888553 37888554 40486148 40486149);NORMAN:(NS00046313)	262146
82	1	N/A	-170.04712950087514	C8H16O2	[M + H]+	JSLCOZYBKYHZNL	InChI=1S/C8H16O2/c1-4-5-6-10-8(9)7(2)3/h7H,4-6H2,1-3H3	Butyl isobutyrate	CCCCOC(=O)C(C)C	2.4000001	7353	NORMAN:(NS00012045);COCONUT:(CNP0252598);HMDB:(40251);Natural Products:(UNPD199010);PubChem class - food;PubChem:(7353);ZINC bio:(ZINC02041165);PubChem class - bio and metabolites;PubChem class - safety and toxic;YMDB:(1328);PubMed	220569674
83	1	N/A	-171.54857374612115	C8H16O2	[M + H]+	TZFQMSDUSOTCJC	InChI=1S/C8H16O2/c1-4-6-10-8(9)7(3)5-2/h7H,4-6H2,1-3H3	Propyl 2-methylbutyrate	CCCOC(=O)C(C)CC	2.4000001	162239;54341446;86306230;91748493;91748494	NORMAN:(NS00056660);COCONUT:(CNP0204627);Natural Products:(UNPD4725);PubChem class - food;PubChem:(162239 54341446 86306230 91748493 91748494);SuperNatural:(SN00297948);PubChem class - safety and toxic	204767234
84	1	N/A	-172.74413516959086	C8H16O2	[M + H]+	GXLCAMYCQRAOMY	InChI=1S/C8H16O2/c1-2-3-4-5-8-9-6-7-10-8/h8H,2-7H2,1H3	2-Pentyl-1,3-dioxolane	CCCCCC1OCCO1	2.20000005	77050	PubChem:(77050);NORMAN:(NS00029785)	262146
85	1	N/A	-172.88931821989658	C8H16O2	[M + H]+	RXGUIWHIADMCFC	InChI=1S/C8H16O2/c1-6(2)5-10-8(9)7(3)4/h6-7H,5H2,1-4H3	FEMA Number 2189	CC(C)COC(=O)C(C)C	2.5	7351	HMDB:(40252);PubChem class - food;SuperNatural:(SN00365784);ZINC bio:(ZINC00391110);HSDB:(97-85-8);NORMAN:(NS00009910);COCONUT:(CNP0146650);KNApSAcK:(35117);Natural Products:(UNPD174010);PubChem:(7351);PubChem class - bio and metabolites;PubChem class - safety and toxic	221553178
86	1	N/A	-174.72480865021384	C8H16O2	[M + H]+	LUSFFPXRDZKBMF	InChI=1S/C8H16O2/c9-5-7-2-1-3-8(4-7)6-10/h7-10H,1-6H2	1,3-Cyclohexanedimethanol	C1CC(CC(C1)CO)CO	0.800000012	107204;12890858;54053682;57682973;66765880;71309268	NORMAN:(NS00049402);PubChem class - food;PubChem class - safety and toxic;PubChem:(107204 12890858 54053682 57682973 66765880 71309268)	201588738
87	1	N/A	-174.72895911120537	C8H16O2	[M + H]+	FQXGHZNSUOHCLO	InChI=1S/C8H16O2/c1-7(2)5(9)8(3,4)6(7)10/h5-6,9-10H,1-4H3	1, 2,2,4,4-tetramethyl-, cis-	CC1(C(C(C1O)(C)C)O)C	1.10000002	76382	NORMAN:(NS00006132);PubChem class - food;PubChem class - safety and toxic;PubChem:(76382);PubMed	201588802
88	1	N/A	-174.8876257135694	C8H16O2	[M + H]+	MQTLTQMOALIWRO	InChI=1S/C8H16O2/c1-9-7-4-3-5-8(6-7)10-2/h7-8H,3-6H2,1-2H3	1,3-Dimethoxycyclohexane	COC1CCCC(C1)OC	1.29999995	547181;22213706;22213707;101635091	MeSH:(547181 22213706);PubChem:(547181 22213706 22213707 101635091);PubMed	70
89	1	N/A	-175.0941021087136	C8H16O2	[M + H]+	ORLQHILJRHBSAY	InChI=1S/C8H16O2/c9-6-8(7-10)4-2-1-3-5-8/h9-10H,1-7H2	cyclohexanedimethanol	C1CCC(CC1)(CO)CO	1.10000002	250594;10396973	MeSH:(250594);PubChem:(250594 10396973);PubMed	70
90	1	N/A	-177.07534883863292	C8H16O2	[M + H]+	YGOZVDCPBOZJMK	InChI=1S/C8H16O2/c1-7(2)3-4-9-5-8-6-10-8/h7-8H,3-6H2,1-2H3	((Isopentyloxy)methyl)oxirane	CC(C)CCOCC1CO1	1.5	85936;36688278;38988842	PubChem:(85936 36688278 38988842);NORMAN:(NS00053771)	262146
91	1	N/A	-178.01954153798317	C8H16O2	[M + H]+	IHXUJOUBCCPWGV	InChI=1S/C8H16O2/c1-8(2)5-7(6-9)3-4-10-8/h7,9H,3-6H2,1-2H3	Ambcb4034242	CC1(CC(CCO1)CO)C	0.800000012	28065190;28065191;51072184	PubChem:(28065190 28065191 51072184);PubChem class - safety and toxic	67108866
92	1	N/A	-178.88753164176117	C8H16O2	[M + H]+	ZUMISMXLQDKQDS	InChI=1S/C8H16O2/c1-4-7-8(9-5-2)10-6-3/h4,7-8H,5-6H2,1-3H3	ACMC-20ajgw	CCOC(C=CC)OCC	1.70000005	99778;6278424;12303526	NORMAN:(NS00052475);MeSH:(99778);PubChem class - safety and toxic;PubChem:(99778 6278424 12303526);PubMed	67371078
93	1	N/A	-181.35797301940036	C8H16O2	[M + H]+	PXZBONIIVQBUBP	InChI=1S/C8H16O2/c1-3-8(4-2)5-9-7-10-6-8/h3-7H2,1-2H3	5,5-Diethyl-1,3-dioxane	CCC1(COCOC1)CC	1.70000005	18821	PubChem:(18821);PubChem class - safety and toxic	67108866
94	1	N/A	-181.80688944345394	C8H16O2	[M + H]+	YKCGOADDFIPXPB	InChI=1S/C8H16O2/c1-4-7-6(9)5-8(2,3)10-7/h6-7,9H,4-5H2,1-3H3	2-ethyl-5,5-dimethyloxolan-3-ol	CCC1C(CC(O1)(C)C)O	1.20000005	34716	PubChem:(34716);PubChem class - safety and toxic	67108866
95	1	N/A	-183.63351776163213	C8H16O2	[M + H]+	MVJLYXCJBPXRCY	InChI=1S/C8H16O2/c1-4-7(3)6-10-8(9)5-2/h7H,4-6H2,1-3H3	2-Methylbutyl propionate	CCC(C)COC(=O)CC	2.29999995	102817;92284356;92284577;91748479	NORMAN:(NS00047647);COCONUT:(CNP0161389);Natural Products:(UNPD135587);PubChem class - food;PubChem:(102817 92284356 92284577 91748479);SuperNatural:(SN00297601);PubChem class - safety and toxic;PubMed	204767298
96	1	N/A	-186.37359941412774	C8H16O2	[M + H]+	GKSJXWYSYWFBEY	InChI=1S/C8H16O2/c1-7(2)5-6(9)8(3,4)10-7/h6,9H,5H2,1-4H3	2,2,5,5-tetramethyloxolan-3-ol	CC1(CC(C(O1)(C)C)O)C	0.800000012	34730;92155900;92169792	PubChem:(34730 92155900 92169792);PubChem class - safety and toxic	67108866
97	1	N/A	-186.66307115802465	C8H16O2	[M + H]+	KUFAMFIGLZITMN	InChI=1S/C8H16O2/c1-3-4-8-5-9-7(2)10-6-8/h7-8H,3-6H2,1-2H3	cis-2-Methyl-5-propyl-1,3-dioxane	CCCC1COC(OC1)C	1.89999998	31464	PubChem:(31464);PubChem class - safety and toxic	67108866
98	1	N/A	-188.59590560582635	C8H16O2	[M + H]+	GDFJZYRQAYBNLM	InChI=1S/C8H16O2/c1-6-4-5-7(10-6)8(2,3)9/h6-7,9H,4-5H2,1-3H3	null	CC1CCC(O1)C(C)(C)O	1.0	10909691;13346424;13346425;11073546;11073548	COCONUT:(CNP0273829);Natural Products:(UNPD145567);PubChem:(10909691 13346424 13346425 11073546 11073548);SuperNatural:(SN00337421);MeSH:(10909691 13346424);PubMed	3178566
99	1	N/A	-189.63199960320975	C8H16O2	[M + H]+	RFHPMEOKJKCEFR	InChI=1S/C8H16O2/c9-6-7-10-8-4-2-1-3-5-8/h8-9H,1-7H2	ACMC-20aonm	C1CCC(CC1)OCCO	1.20000005	224775	PubChem:(224775);PubChem class - safety and toxic	67108866
100	1	N/A	-190.23011133045043	C8H16O2	[M + H]+	CXYOPONFFFZKNL	InChI=1S/C8H16O2/c1-4-8(3)5-7(9)6(2)10-8/h6-7,9H,4-5H2,1-3H3	5-ethyl-2,5-dimethyloxolan-3-ol	CCC1(CC(C(O1)C)O)C	1.20000005	34717	PubChem:(34717);PubChem class - safety and toxic	67108866
101	1	N/A	-191.68242781023028	C8H16O2	[M + H]+	KVXADUFVDCQARL	InChI=1S/C8H16O2/c1-3-9-8-6-7(2)4-5-10-8/h7-8H,3-6H2,1-2H3	2-ethoxy-4-methyloxane	CCOC1CC(CCO1)C	1.70000005	33152;12724528;21670794	PubChem:(33152 12724528 21670794);PubChem class - safety and toxic	67108866
102	1	N/A	-193.23997867005764	C8H16O2	[M + H]+	YHSJEDVJYGRFHX	InChI=1S/C8H16O2/c9-7-6-8(10)4-2-1-3-5-8/h9-10H,1-7H2	1-(2-hydroxyethyl)cyclohexanol	C1CCC(CC1)(CCO)O	1.39999998	275048	PubChem:(275048);PubChem class - safety and toxic	67108866
103	1	N/A	-194.29873472445175	C8H16O2	[M + H]+	WTZJUXYVLRJTMQ	InChI=1S/C8H16O2/c1-3-4-5-8-9-6-7(2)10-8/h7-8H,3-6H2,1-2H3	FEMA No. 4372, trans-	CCCCC1OCC(O1)C	2.0999999	156273;71587084;71356362;76958246;76963887;89291564	NORMAN:(NS00060478);COCONUT:(CNP0084612);HMDB:(32551);PubChem class - food;PubChem:(156273 71587084 71356362 76958246 76963887 89291564);PubChem class - bio and metabolites	153354250
104	1	N/A	-195.44406022935294	C8H16O2	[M + H]+	DIRDKDDFAMNBNY	InChI=1S/C8H16O2/c1-5-7(4)8(9)10-6(2)3/h6-7H,5H2,1-4H3	Isopropyl 2-methylbutyrate	CCC(C)C(=O)OC(C)C	2.29999995	522214;71402199;76961682	NORMAN:(NS00019574);COCONUT:(CNP0190185);HMDB:(39217);Natural Products:(UNPD116223);PubChem class - food;PubChem:(522214 71402199 76961682);SuperNatural:(SN00280490);ZINC bio:(ZINC02575203 ZINC14590584);PubChem class - bio and metabolites;PubChem class - safety and toxic	221552650
105	1	N/A	-202.3892297693971	C8H16O2	[M + H]+	KWGQMMAUPVIDIG	InChI=1S/C8H16O2/c1-7(2)5-6-8(3,4)10-9-7/h5-6H2,1-4H3	3,3,6,6-tetramethyldioxane	CC1(CCC(OO1)(C)C)C	1.79999995	140921	PubChem:(140921);PubChem class - safety and toxic	67108866
106	1	N/A	-204.90092537526704	C8H16O2	[M + H]+	HLIYSUDZNWPHKZ	InChI=1S/C8H16O2/c1-5-7(4)10-8(9)6(2)3/h6-7H,5H2,1-4H3	1-Methylpropyl isobutyrate	CCC(C)OC(=O)C(C)C	2.43157601	90923;87212999;87461690	NORMAN:(NS00051003);PubChem:(90923 87212999 87461690);PubMed	262210
107	1	N/A	-207.05536888886104	C8H16O2	[M + H]+	PCOPLOBNIDKMHD	InChI=1S/C8H16O2/c1-6-4-5-7(9)8(2,3)10-6/h6-7,9H,4-5H2,1-3H3	null	CC1CCC(C(O1)(C)C)O	1.0	11018994;13346420;13346421;13346422	COCONUT:(CNP0252855);Natural Products:(UNPD147036 UNPD61649 UNPD181539 UNPD176076);PubChem:(11018994 13346420 13346421 13346422);SuperNatural:(SN00264217 SN00313696 SN00273511)	3178498
108	1	N/A	-210.61723800181116	C8H16O2	[M + H]+	KVWOTUDBCFBGFJ	InChI=1S/C8H16O2/c1-6(2)7(9)10-8(3,4)5/h6H,1-5H3	Tertiary butyl isobutyrate	CC(C)C(=O)OC(C)(C)C	2.0999999	519334	PubChem:(519334);PubChem class - safety and toxic	67108866
109	1	N/A	-212.7013668760412	C8H16O2	[M + H]+	OSVRJMZINDGZFB	InChI=1S/C8H16O2/c1-4-5-6-7-8(9-2)10-3/h6-8H,4-5H2,1-3H3	1,1-dimethoxyhex-2-ene	CCCC=CC(OC)OC	1.89999998	87582;6436486;25021744	NORMAN:(NS00052016);COCONUT:(CNP0003291);HMDB:(32225);PubChem class - food;PubChem:(87582 6436486 25021744);PubChem class - bio and metabolites;PubChem class - safety and toxic	220463114
110	1	N/A	-215.14562492316657	C8H16O2	[M + H]+	XPIJMQVLTXAGME	InChI=1S/C8H16O2/c1-9-8(10-2)6-4-3-5-7-8/h3-7H2,1-2H3	Cyclohexane, dimethoxy-	COC1(CCCCC1)OC	1.70000005	13616	COCONUT:(CNP0076484);PubChem class - safety and toxic;PubChem:(13616);ZINC bio:(ZINC00403112)	69214210
111	1	N/A	-219.14189191887127	C8H16O2	[M + H]+	QEKMRRYREDRZMQ	InChI=1S/C8H16O2/c1-8(2,3)10-7-4-6(9)5-7/h6-7,9H,4-5H2,1-3H3	null	CC(C)(C)OC1CC(C1)O	1.0	66368353	PubChem:(66368353);PubChem class - safety and toxic	67108866
112	1	N/A	-220.84700706064933	C8H16O2	[M + H]+	ASGJWJIFWZSCDB	InChI=1S/C8H16O2/c1-4-5-7-9-6-8(2,3)10-7/h7H,4-6H2,1-3H3	4,4-Dimethyl-2-propyl-1,3-dioxolane	CCCC1OCC(O1)(C)C	1.70000005	114560	PubChem:(114560);NORMAN:(NS00052399)	262146
113	1	N/A	-229.75960488420105	C8H16O2	[M + H]+	YUIHSLYOPKDRCJ	InChI=1S/C8H16O2/c1-8(2,3)10-7-5-4-6-9-7/h7H,4-6H2,1-3H3	2-tert-Butoxytetrahydrofuran	CC(C)(C)OC1CCCO1	1.60000002	102716;7568275;7021344	PubChem:(102716 7568275 7021344);NORMAN:(NS00045697)	262146
114	1	N/A	-230.61419231921377	C8H16O2	[M + H]+	YANXWVZZCXIZDQ	InChI=1S/C8H16O2/c1-4-5-8(3)9-6-7(2)10-8/h7H,4-6H2,1-3H3	1, 2,4-dimethyl-2-propyl-	CCCC1(OCC(O1)C)C	1.70000005	22737	PubChem:(22737);PubChem class - safety and toxic	67108866
115	1	N/A	-232.11018697221678	C8H16O2	[M + H]+	QSHOOPIYPOINNH	InChI=1S/C8H16O2/c1-4-7-9-5-8(2,3)6-10-7/h7H,4-6H2,1-3H3	2-Ethyl-5,5-dimethyl-1,3-dioxane	CCC1OCC(CO1)(C)C	2.0	69852	NORMAN:(NS00037852);MeSH:(69852);PubChem class - safety and toxic;PubChem:(69852);PubMed	67371078
116	1	N/A	-233.42809007330874	C8H16O2	[M + H]+	PDVLTWPJDBXATJ	InChI=1S/C8H16O2/c1-6(2)4-8-9-5-7(3)10-8/h6-8H,4-5H2,1-3H3	ACMC-20mpun	CC1COC(O1)CC(C)C	2.0	86733;71587453;71587085;71587452;71352037	NORMAN:(NS00052190);COCONUT:(CNP0003300);HMDB:(32203);PubChem class - food;PubChem:(86733 71587453 71587085 71587452 71352037);PubChem class - bio and metabolites;PubChem class - safety and toxic	220463114