structureRankPerFormula	formulaRank	ConfidenceScore	CSI:FingerIDScore	molecularFormula	adduct	InChIkey2D	InChI	name	smiles	xlogp	pubchemids	links	dbflags
1	1	0.16497175688441987	-176.87734275717696	C22H32O10	[M + Na]+	ZPCBYJQZZRLGIS	InChI=1S/C22H32O10/c1-3-4-5-6-7-8-9-10-11-29-21-20(28)18(26)16(24)14(32-21)12-30-22-19(27)17(25)15(23)13(2)31-22/h3-4,13-28H,9-12H2,1-2H3	null	CC=CC#CC#CCCCOC1C(C(C(C(O1)COC2C(C(C(C(O2)C)O)O)O)O)O)O	-1.20000005	46830375	COCONUT:(CNP0208593);Natural Products:(UNPD129819);PubChem:(46830375)	2129922
2	1	N/A	-201.70885231952795	C22H32O10	[M + Na]+	INSIZZAHTZXHAX	InChI=1S/C22H32O10/c1-8-4-12(24)16-11(7-29-3)21(28)32-20(16)15-9(2)13(5-10(8)15)30-22-19(27)18(26)17(25)14(6-23)31-22/h10-20,22-27H,1-2,4-7H2,3H3	null	COCC1C2C(CC(=C)C3CC(C(=C)C3C2OC1=O)OC4C(C(C(C(O4)CO)O)O)O)O	-1.79999995	101665851	COCONUT:(CNP0270957);Natural Products:(UNPD107358 UNPD100019);PubChem:(101665851);SuperNatural:(SN00271797 SN00385084)	3178498
3	1	N/A	-208.14253718223665	C22H32O10	[M + Na]+	PPOAAMJIUQKYNN	InChI=1S/C22H32O10/c1-9(23)32-12-6-13-21(28,8-30-13)15-14(25)10-5-11(24)20(4)22(29,18(10,2)7-31-20)17(27)16(26)19(12,15)3/h10-15,17,24-25,27-29H,5-8H2,1-4H3	null	CC(=O)OC1CC2C(CO2)(C3C1(C(=O)C(C4(C5(COC4(C(CC5C3O)O)C)C)O)O)C)O	-2.4000001	6325030;101607468	COCONUT:(CNP0146971);Natural Products:(UNPD184559);PubChem:(6325030 101607468);SuperNatural:(SN00272577)	3178498
4	1	N/A	-227.96637934152025	C22H32O10	[M + Na]+	DSTVWMFPWBECRJ	InChI=1S/C22H32O10/c23-14-5-1-12(2-6-14)9-17(25)30-11-16-19(27)20(28)21(29)22(31-16)32-18(26)10-13-3-7-15(24)8-4-13/h1,3,14-16,19-24,27-29H,2,4-11H2	[(2R,3S,4S,5R,6S)-3,4,5-trihydroxy-6-[2-[(4S)-4-hydroxycyclohexen-1-yl]acetyl]oxyoxan-2-yl]methyl 2-[(4S)-4-hydroxycyclohexen-1-yl]acetate	C1CC(=CCC1O)CC(=O)OCC2C(C(C(C(O2)OC(=O)CC3=CCC(CC3)O)O)O)O	-1.29999995	21577091	COCONUT:(CNP0166127);KNApSAcK:(31819);Natural Products:(UNPD10109);PubChem:(21577091);SuperNatural:(SN00399357)	3178514
5	1	N/A	-260.81335596108056	C22H32O10	[M + Na]+	QWTQHGRPPPISNQ	InChI=1S/C22H32O10/c1-3-11-12(8-15(24)25)13(20(29)30-2)9-22(6-4-5-7-22)19(11)32-21-18(28)17(27)16(26)14(10-23)31-21/h3,9,11-12,14,16-19,21,23,26-28H,1,4-8,10H2,2H3,(H,24,25)/p-1	null	COC(=O)C1=CC2(CCCC2)C(C(C1CC(=O)[O-])C=C)OC3C(C(C(C(O3)CO)O)O)O	0.157520533	""	COCONUT:(CNP0034435 CNP0190652);SuperNatural:(SN00166336)	3145728
6	1	N/A	-272.52209014774854	C22H32O10	[M + Na]+	LIRZSBYTAGXRSZ	InChI=1S/C22H32O10/c1-3-4-11-5-7-13(29-2)15(9-11)31-22-21(28)20(27)19(26)16(32-22)10-30-14-8-6-12(23)17(24)18(14)25/h3-5,7,9,12,14,16-28H,6,8,10H2,1-2H3	null	CC=CC1=CC(=C(C=C1)OC)OC2C(C(C(C(O2)COC3CCC(C(C3O)O)O)O)O)O	0.17273964	""	COCONUT:(CNP0177466);SuperNatural:(SN00177553)	3145728
7	1	N/A	-288.4406914746905	C22H32O10	[M + Na]+	UTTNMMFDHCADED	InChI=1S/C22H32O10/c1-10-6-12-21(8-29-11(2)23,17(27)15(10)32-13(24)7-19(3,4)28)20(5)16(26)14(25)18(31-12)22(20)9-30-22/h6,12,14-18,25-28H,7-9H2,1-5H3	null	CC1=CC2C(C(C1OC(=O)CC(C)(C)O)O)(C3(C(C(C(C34CO4)O2)O)O)C)COC(=O)C	-1.16910362	""	COCONUT:(CNP0220449);Natural Products:(UNPD34209);SuperNatural:(SN00283624)	3178496
8	1	N/A	-292.834757666167	C22H32O10	[M + Na]+	WXTMWYWXEZIKCD	InChI=1S/C22H32O10/c1-4-12-14(9-17(24)25)13(18(26)30-3)5-6-15(12)31-20-22(29)11(2)7-8-21(28,19(22)27)16(10-23)32-20/h4-5,11-12,14-16,19-20,23,27-29H,1,6-10H2,2-3H3,(H,24,25)/p-1	null	CC1CCC2(C(OC(C1(C2O)O)OC3CC=C(C(C3C=C)CC(=O)[O-])C(=O)OC)CO)O	-0.103487454	""	COCONUT:(CNP0069329 CNP0417664);SuperNatural:(SN00166333)	3145728
9	1	N/A	-296.1716482652948	C22H32O10	[M + Na]+	MJUAEVZNNYRTEZ	InChI=1S/C22H32O10/c1-10(23)19-13(31-17-8-15(27-4)20(24)11(2)29-17)6-7-14(22(19)26)32-18-9-16(28-5)21(25)12(3)30-18/h6-7,11-12,15-18,20-21,24-26H,8-9H2,1-5H3	null	CC1C(C(CC(O1)OC2=C(C(=C(C=C2)OC3CC(C(C(O3)C)O)OC)O)C(=O)C)OC)O	1.40754342	""	COCONUT:(CNP0307086)	2097152
10	1	N/A	-296.19440730378426	C22H32O10	[M + Na]+	ANQZPQXQPXBEDE	InChI=1S/C22H32O10/c1-10(2)7-15(24)30-16(11(3)4)18(25)28-9-22-14(29-13(6)23)8-21(27)12(5)20(32-22)31-19(26)17(21)22/h10-11,14,16-17,19-20,26-27H,5,7-9H2,1-4,6H3	null	CC(C)CC(=O)OC(C(C)C)C(=O)OCC12C(CC3(C1C(OC(C3=C)O2)O)O)OC(=O)C	1.0	71471744	COCONUT:(CNP0274411);Natural Products:(UNPD227100);PubChem:(71471744)	2129922
11	1	N/A	-308.38119939094094	C22H32O10	[M + Na]+	CIJZZWKWDSLZRK	InChI=1S/C22H32O10/c23-14-3-1-13(2-4-14)11-17(25)31-12-16-18(26)19(27)20(28)21(32-16)30-10-9-22(29)7-5-15(24)6-8-22/h1-4,15-16,18-21,23-24,26-29H,5-12H2	null	C1CC(CCC1O)(CCOC2C(C(C(C(O2)COC(=O)CC3=CC=C(C=C3)O)O)O)O)O	0.461298496	""	COCONUT:(CNP0407226);Natural Products:(UNPD112472 UNPD176431);SuperNatural:(SN00390518 SN00259407)	3178496
12	1	N/A	-313.74332075238243	C22H32O10	[M + Na]+	AVKZRWFYBSEQEB	InChI=1S/C22H32O10/c1-29-13-7-10-3-5-22(15(10)17(26)20(13)30-2)6-4-12(11(24)8-22)31-21-19(28)18(27)16(25)14(9-23)32-21/h7,11-12,14,16,18-19,21,23-28H,3-6,8-9H2,1-2H3	null	COC1=C(C(=C2C(=C1)CCC23CCC(C(C3)O)OC4C(C(C(C(O4)CO)O)O)O)O)OC	0.200000003	138990066	PubChem:(138990066);COCONUT:(CNP0389106)	2097154
13	1	N/A	-321.48314113591795	C22H32O10	[M + Na]+	ROASQELKUPLKOX	InChI=1S/C22H32O10/c1-3-22(29)19(27)17(26)15(10-23)31-21(22)32-18-11-6-4-5-7-12(18)13(9-16(24)25)14(8-11)20(28)30-2/h5,7-8,11-13,15,17-19,21,23,26-27,29H,3-4,6,9-10H2,1-2H3,(H,24,25)/p-1	null	CCC1(C(C(C(OC1OC2C3CCC=CC2C(C(=C3)C(=O)OC)CC(=O)[O-])CO)O)O)O	0.0215160288	""	COCONUT:(CNP0067523 CNP0091566);SuperNatural:(SN00166331)	3145728