structureRankPerFormula	formulaRank	ConfidenceScore	CSI:FingerIDScore	molecularFormula	adduct	InChIkey2D	InChI	name	smiles	xlogp	pubchemids	links	dbflags
1	2	N/A	-162.61533323459233	C19H30O11	[M - H2O + H]+	HUVIXLWRQSMCLN	InChI=1S/C19H30O11/c1-5-9-10(6-13(25-2)26-3)11(17(24)27-4)8-28-18(9)30-19-16(23)15(22)14(21)12(7-20)29-19/h5,8-10,12-16,18-23H,1,6-7H2,2-4H3	Secologanin dimethyl acetal	COC(CC1C(C(OC=C1C(=O)OC)OC2C(C(C(C(O2)CO)O)O)O)C=C)OC	-0.800000012	157140;14192587	COCONUT:(CNP0135753);KNApSAcK:(31339);Natural Products:(UNPD196719 UNPD228128);PubChem:(157140 14192587);SuperNatural:(SN00159908);PubMed	3178578
2	2	N/A	-219.40350485733933	C19H30O11	[M - H2O + H]+	LJKWMWRHSPHMOE	InChI=1S/C19H30O11/c1-8-14-9(4-13(25-2)29-8)10(18(24)26-3)6-27-12(14)7-28-19-17(23)16(22)15(21)11(5-20)30-19/h6,8-9,11-17,19-23H,4-5,7H2,1-3H3	null	CC1C2C(CC(O1)OC)C(=COC2COC3C(C(C(C(O3)CO)O)O)O)C(=O)OC	-1.10696471	""	COCONUT:(CNP0118520);Natural Products:(UNPD225225 UNPD227310)	2129920
3	2	N/A	-219.5573669637458	C19H30O11	[M - H2O + H]+	IRKFOLIBBQDADK	InChI=1S/C19H30O11/c1-4-26-12-5-9-10(17(24)25-3)7-27-18(13(9)8(2)28-12)30-19-16(23)15(22)14(21)11(6-20)29-19/h7-9,11-16,18-23H,4-6H2,1-3H3	null	CCOC1CC2C(C(O1)C)C(OC=C2C(=O)OC)OC3C(C(C(C(O3)CO)O)O)O	-0.899999976	25178023;74399180;102004657;102594480;125126805;124585685;125416063;125416064;125416065;125416066;129008844;138114878	COCONUT:(CNP0087160);Training Set;PubChem:(25178023 74399180 102004657 102594480 125126805 124585685 125416063 125416064 125416065 125416066 129008844 138114878)	2113538
1	2	0.2841158808234303	-41.883310152299615	C19H28O10	[M + H]+	ZRGXCWYRIBRSQA	InChI=1S/C19H28O10/c20-11-8-27-18(16(24)13(11)21)28-9-12-14(22)15(23)17(25)19(29-12)26-7-6-10-4-2-1-3-5-10/h1-5,11-25H,6-9H2	2-Phenylethyl beta-primeveroside	C1C(C(C(C(O1)OCC2C(C(C(C(O2)OCCC3=CC=CC=C3)O)O)O)O)O)O	-2.20000005	131129;14704521;52325692;52325693;52325694;52325695;101714791;102397351;124905186;124905187;124905188;124905189	HMDB:(41274);SuperNatural:(SN00039260 SN00240283 SN00039263 SN00039262 SN00298801 SN00039261);ZINC bio:(ZINC49600052 ZINC49600055 ZINC49600056 ZINC49600058);additional;MeSH:(131129);Plantcyc:(CPD-14735);PubMed;COCONUT:(CNP0148741);KNApSAcK:(36505);Natural Products:(UNPD101197 UNPD125865);PubChem:(131129 14704521 52325692 52325693 52325694 52325695 101714791 102397351 124905186 124905187 124905188 124905189);CHEBI:(136550);PubChem class - bio and metabolites;Training Set;Biocyc:(CPD-14735)	20637822
2	2	N/A	-59.01428054046766	C19H28O10	[M + H]+	CGZNTHDUAFIKOH	InChI=1S/C19H28O10/c20-8-12-14(23)15(24)17(29-18-16(25)13(22)11(21)9-27-18)19(28-12)26-7-6-10-4-2-1-3-5-10/h1-5,11-25H,6-9H2	null	C1C(C(C(C(O1)OC2C(C(C(OC2OCCC3=CC=CC=C3)CO)O)O)O)O)O	-1.60000002	24121293;133556347	COCONUT:(CNP0176085);KNApSAcK:(29469);Natural Products:(UNPD123380);PubChem:(24121293 133556347);SuperNatural:(SN00029125);CHEBI:(139450);ZINC bio:(ZINC31160820);additional;Training Set	3727410
3	2	N/A	-75.43730326374109	C19H28O10	[M + H]+	VXOJXCBBJWLAPR	InChI=1S/C19H28O10/c1-9(10-5-3-2-4-6-10)28-19-17(25)15(23)14(22)12(29-19)8-27-18-16(24)13(21)11(20)7-26-18/h2-6,9,11-25H,7-8H2,1H3	(2R,3R,4S,5S,6R)-2-[(1R)-1-phenylethoxy]-6-[[(2S,3R,4S,5S)-3,4,5-trihydroxyoxan-2-yl]oxymethyl]oxane-3,4,5-triol	CC(C1=CC=CC=C1)OC2C(C(C(C(O2)COC3C(C(C(CO3)O)O)O)O)O)O	-2.20000005	21630460;21630461;21630462;102043289;102282240	COCONUT:(CNP0393088);KNApSAcK:(30989);Natural Products:(UNPD112530);PubChem:(21630460 21630461 21630462 102043289 102282240);SuperNatural:(SN00335938)	3178514
4	2	N/A	-75.50996343175962	C19H28O10	[M + H]+	GZSQKOFXMZDKPV	InChI=1S/C19H28O10/c20-9-19(25)10-28-18(16(19)24)27-8-12-13(21)14(22)15(23)17(29-12)26-7-6-11-4-2-1-3-5-11/h1-5,12-18,20-25H,6-10H2	(2R,3S,4S,5R,6R)-2-[[(2R,3R,4R)-3,4-dihydroxy-4-(hydroxymethyl)oxolan-2-yl]oxymethyl]-6-(2-phenylethoxy)oxane-3,4,5-triol	C1C(C(C(O1)OCC2C(C(C(C(O2)OCCC3=CC=CC=C3)O)O)O)O)(CO)O	-1.89999998	13893574;13893575;56776299;101936057	COCONUT:(CNP0206016);KNApSAcK:(31876);Natural Products:(UNPD7351 UNPD72458 UNPD187431);PubChem:(13893574 13893575 56776299 101936057);SuperNatural:(SN00394831 SN00160748 SN00039728);ZINC bio:(ZINC67902890);additional;Training Set	3727378
5	2	N/A	-78.33384722759429	C19H28O10	[M + H]+	DWYFWLYCTOAXKY	InChI=1S/C19H28O10/c20-8-11-13(21)16(24)19(28-11)27-9-12-14(22)15(23)17(25)18(29-12)26-7-6-10-4-2-1-3-5-10/h1-5,11-25H,6-9H2	null	C1=CC=C(C=C1)CCOC2C(C(C(C(O2)COC3C(C(C(O3)CO)O)O)O)O)O	-1.60000002	14682811	COCONUT:(CNP0242858);Natural Products:(UNPD137256);PubChem:(14682811);SuperNatural:(SN00273877)	3178498
6	2	N/A	-78.85502915863327	C19H28O10	[M + H]+	VBMPVWBQCYKQHM	InChI=1S/C19H28O10/c20-8-12-14(23)17(29-18-15(24)13(22)11(21)9-27-18)16(25)19(28-12)26-7-6-10-4-2-1-3-5-10/h1-5,11-25H,6-9H2	null	C1C(C(C(C(O1)OC2C(C(OC(C2O)OCCC3=CC=CC=C3)CO)O)O)O)O	-1.60000002	100930979	COCONUT:(CNP0188643);Natural Products:(UNPD12373);PubChem:(100930979)	2129922
7	2	N/A	-80.47743392070785	C19H28O10	[M + H]+	JDGKZYSACWLQKT	InChI=1S/C19H28O10/c20-6-11-14(21)15(22)13(9-27-11)29-19-18(25)17(24)16(23)12(28-19)8-26-7-10-4-2-1-3-5-10/h1-5,11-25H,6-9H2	(2S,3S,4R,5S,6S)-2-[(3S,4S,5S,6R)-4,5-dihydroxy-6-(hydroxymethyl)oxan-3-yl]oxy-6-(phenylmethoxymethyl)oxane-3,4,5-triol	C1C(C(C(C(O1)CO)O)O)OC2C(C(C(C(O2)COCC3=CC=CC=C3)O)O)O	-2.20000005	16040173;44559129	COCONUT:(CNP0185666);PubChem:(16040173 44559129);PubMed	2097218
8	2	N/A	-91.28576366519462	C19H28O10	[M + H]+	UWKRNCNWJVCHGZ	InChI=1S/C19H28O10/c20-8-12-13(22)14(23)15(29-18-16(24)19(25,9-21)10-27-18)17(28-12)26-7-6-11-4-2-1-3-5-11/h1-5,12-18,20-25H,6-10H2	null	C1C(C(C(O1)OC2C(C(C(OC2OCCC3=CC=CC=C3)CO)O)O)O)(CO)O	-1.29999995	10993414	COCONUT:(CNP0300934);KNApSAcK:(33365);Natural Products:(UNPD56968);PubChem:(10993414);SuperNatural:(SN00039234);ZINC bio:(ZINC49181913);additional;Training Set	3727378
9	2	N/A	-102.37486022504736	C19H28O10	[M + H]+	FRACCEHBKJCTJJ	InChI=1S/C19H28O10/c20-6-11-14(22)15(23)13(9-26-11)29-19-17(25)16(24)18(12(7-21)28-19)27-8-10-4-2-1-3-5-10/h1-5,11-25H,6-9H2	null	C1C(C(C(C(O1)CO)O)O)OC2C(C(C(C(O2)CO)OCC3=CC=CC=C3)O)O	-1.83331263	25019904	COCONUT:(CNP0101599);PubChem:(25019904);SuperNatural:(SN00161971)	3145730
10	2	N/A	-105.5866902240296	C19H28O10	[M + H]+	YSMFIJDRMWRYKD	InChI=1S/C19H28O10/c20-8-12-15(29-18-16(24)19(25,9-21)10-27-18)13(22)14(23)17(28-12)26-7-6-11-4-2-1-3-5-11/h1-5,12-18,20-25H,6-10H2	null	C1C(C(C(O1)OC2C(OC(C(C2O)O)OCCC3=CC=CC=C3)CO)O)(CO)O	-1.89999998	44178762	COCONUT:(CNP0197961);Natural Products:(UNPD2679);PubChem:(44178762);SuperNatural:(SN00244609);PubMed	3178562
11	2	N/A	-107.81958270417825	C19H28O10	[M + H]+	SMUMBCREXHTKFN	InChI=1S/C19H28O10/c1-9-12(20)14(22)16(24)18(28-9)27-8-11-13(21)15(23)17(25)19(29-11)26-7-10-5-3-2-4-6-10/h2-6,9,11-25H,7-8H2,1H3	hydrangeifolin I	CC1C(C(C(C(O1)OCC2C(C(C(C(O2)OCC3=CC=CC=C3)O)O)O)O)O)O	-1.23825097	10549806	COCONUT:(CNP0268352);Natural Products:(UNPD155846 UNPD14092 UNPD178550);PubChem:(10549806);SuperNatural:(SN00242310 SN00029225 SN00143558 SN00326460);ZINC bio:(ZINC31161541);additional;Training Set;PubMed	3727426
12	2	N/A	-109.99769304911203	C19H28O10	[M + H]+	PBKBHCJPMCMBCZ	InChI=1S/C19H28O10/c20-6-11-14(22)15(23)13(9-26-11)29-19-17(25)18(16(24)12(7-21)28-19)27-8-10-4-2-1-3-5-10/h1-5,11-25H,6-9H2	null	C1C(C(C(C(O1)CO)O)O)OC2C(C(C(C(O2)CO)O)OCC3=CC=CC=C3)O	-1.83331263	25019903;44559130	COCONUT:(CNP0416153);PubChem:(25019903 44559130);SuperNatural:(SN00161755);PubMed	3145794
13	2	N/A	-116.7487567862198	C19H28O10	[M + H]+	KGDOTJVAFOIYCT	InChI=1S/C19H28O10/c1-9-12(21)15(24)17(19(27-9)26-8-10-5-3-2-4-6-10)29-18-16(25)14(23)13(22)11(7-20)28-18/h2-6,9,11-25H,7-8H2,1H3	null	CC1C(C(C(C(O1)OCC2=CC=CC=C2)OC3C(C(C(C(O3)CO)O)O)O)O)O	-1.23825097	""	COCONUT:(CNP0289146);Natural Products:(UNPD79659);SuperNatural:(SN00247811)	3178496
14	2	N/A	-119.07334001181957	C19H28O10	[M + H]+	KZJGQDHNEMBJJZ	InChI=1S/C19H28O10/c1-9-12(21)17(29-19-15(24)14(23)13(22)11(7-20)28-19)16(25)18(27-9)26-8-10-5-3-2-4-6-10/h2-6,9,11-25H,7-8H2,1H3	null	CC1C(C(C(C(O1)OCC2=CC=CC=C2)O)OC3C(C(C(C(O3)CO)O)O)O)O	-1.23825097	""	COCONUT:(CNP0137945);Natural Products:(UNPD5309);SuperNatural:(SN00224736)	3178496
15	2	N/A	-122.5501871423989	C19H28O10	[M + H]+	WMYNFWZLMQEVTL	InChI=1S/C19H28O10/c1-9-12(21)14(23)16(25)18(27-9)29-17-15(24)13(22)11(7-20)28-19(17)26-8-10-5-3-2-4-6-10/h2-6,9,11-25H,7-8H2,1H3	null	CC1C(C(C(C(O1)OC2C(C(C(OC2OCC3=CC=CC=C3)CO)O)O)O)O)O	-1.23825097	""	COCONUT:(CNP0177601);Natural Products:(UNPD227578)	2129920
16	2	N/A	-123.03712486815955	C19H28O10	[M + H]+	MZHBYHJOWQQUIV	InChI=1S/C19H28O10/c1-9-17(29-19-15(24)13(22)12(21)11(7-20)28-19)14(23)16(25)18(27-9)26-8-10-5-3-2-4-6-10/h2-6,9,11-25H,7-8H2,1H3	null	CC1C(C(C(C(O1)OCC2=CC=CC=C2)O)O)OC3C(C(C(C(O3)CO)O)O)O	-1.23825097	""	COCONUT:(CNP0156329);Natural Products:(UNPD175762)	2129920
17	2	N/A	-123.71086677521897	C19H28O10	[M + H]+	AKEZYQDNPMFFCO	InChI=1S/C19H28O10/c1-25-19(24)10-28-18(16(19)23)27-9-12-13(20)14(21)15(22)17(29-12)26-8-7-11-5-3-2-4-6-11/h2-6,12-18,20-24H,7-10H2,1H3	null	COC1(COC(C1O)OCC2C(C(C(C(O2)OCCC3=CC=CC=C3)O)O)O)O	-0.910570204	""	COCONUT:(CNP0324022);Natural Products:(UNPD86187);SuperNatural:(SN00274485)	3178496
18	2	N/A	-135.89335076424493	C19H28O10	[M + H]+	PGJYVMDPNVGNPV	InChI=1S/C19H28O10/c1-26-14-7-11(3-2-6-20)4-5-13(14)28-12(8-21)10-27-19-18(25)17(24)16(23)15(9-22)29-19/h2-5,7,12,15-25H,6,8-10H2,1H3	null	COC1=C(C=CC(=C1)C=CCO)OC(CO)COC2C(C(C(C(O2)CO)O)O)O	-1.29999995	101472567	COCONUT:(CNP0110397);Natural Products:(UNPD33991);PubChem:(101472567);SuperNatural:(SN00380457)	3178498
19	2	N/A	-142.41660947040558	C19H28O10	[M + H]+	ZNCIFZQZRARGRD	InChI=1S/C19H28O10/c1-26-14-7-11(4-5-13(14)22)3-2-6-27-12(8-20)10-28-19-18(25)17(24)16(23)15(9-21)29-19/h2-5,7,12,15-25H,6,8-10H2,1H3	null	COC1=C(C=CC(=C1)C=CCOC(CO)COC2C(C(C(C(O2)CO)O)O)O)O	-1.10000002	45783009	COCONUT:(CNP0375130);PubChem:(45783009);SuperNatural:(SN00034371 SN00034372);CHEBI:(139403);ZINC bio:(ZINC35465759 ZINC35465762)	3153954
20	2	N/A	-160.63029771623542	C19H28O10	[M + H]+	JELKUXPUYSRKMH	InChI=1S/C19H28O10/c1-24-11-7-10(5-6-14(26-3)27-4)8-12(25-2)18(11)29-19-17(23)16(22)15(21)13(9-20)28-19/h5-8,13-17,19-23H,9H2,1-4H3	null	COC1=CC(=CC(=C1OC2C(C(C(C(O2)CO)O)O)O)OC)C=CC(OC)OC	0.129998386	53253932	COCONUT:(CNP0231601);Natural Products:(UNPD200147);PubChem:(53253932)	2129922
21	2	N/A	-210.78781791144337	C19H28O10	[M + H]+	UKSHFSUBKYPKMO	InChI=1S/C19H28O10/c1-3-19(2,26)16(24)17(25)27-9-10-4-6-11(7-5-10)28-18-15(23)14(22)13(21)12(8-20)29-18/h4-7,12-16,18,20-24,26H,3,8-9H2,1-2H3	null	CCC(C)(C(C(=O)OCC1=CC=C(C=C1)OC2C(C(C(C(O2)CO)O)O)O)O)O	-0.339528769	57509396;95790106;95790107;95790108;95790109	COCONUT:(CNP0287696);PubChem:(57509396 95790106 95790107 95790108 95790109);SuperNatural:(SN00041748 SN00041750 SN00041749 SN00041751);ZINC bio:(ZINC72320191 ZINC72320192 ZINC72320193 ZINC72320194);additional;Training Set	3694594
22	2	N/A	-232.22374175596977	C19H28O10	[M + H]+	SUGOCCUAKZVLFE	InChI=1S/C19H28O10/c1-2-3-6-27-18(26)12(22)8-10-4-5-13(11(21)7-10)28-19-17(25)16(24)15(23)14(9-20)29-19/h4-5,7,12,14-17,19-25H,2-3,6,8-9H2,1H3	null	CCCCOC(=O)C(CC1=CC(=C(C=C1)OC2C(C(C(C(O2)CO)O)O)O)O)O	0.384147733	""	COCONUT:(CNP0328713);Natural Products:(UNPD92559);SuperNatural:(SN00373910)	3178496
23	2	N/A	-259.817180631953	C19H28O10	[M + H]+	GTNFLOUXEFGGSM	InChI=1S/C19H28O10/c1-18(26,10-21)16(24)9-28-17(25)6-4-12-3-5-14(13(22)7-12)29-11-19(2,27)15(23)8-20/h3-7,15-16,20-24,26-27H,8-11H2,1-2H3	2,3,4-trihydroxy-3-methylbutyl-3-[3-hydroxy-4-(2,3,4-trihydroxy-2-methyl-butoxy)-phenyl]-2-propenoate	CC(CO)(C(COC(=O)C=CC1=CC(=C(C=C1)OCC(C)(C(CO)O)O)O)O)O	-1.70000005	16723783;16747707;73310959	COCONUT:(CNP0117180);Natural Products:(UNPD14955);PubChem:(16723783 16747707 73310959);SuperNatural:(SN00354564);CHEBI:(65890);PubMed	3178594
24	2	N/A	-266.4862429100884	C19H28O10	[M + H]+	YWYMRDWOSVYTFC	InChI=1S/C19H28O10/c1-27-18(26)10-2-3-11(14-9(6-21)4-8(5-20)13(10)14)28-19-17(25)16(24)15(23)12(7-22)29-19/h2,4,8,11-17,19-25H,3,5-7H2,1H3	null	COC(=O)C1=CCC(C2C1C(C=C2CO)CO)OC3C(C(C(C(O3)CO)O)O)O	-1.73422801	""	COCONUT:(CNP0241494)	2097152
1	3	N/A	-359.35358519055393	C18H26N4O6	[M + Na]+	SIKRQBHORYFZFT	InChI=1S/C18H26N4O6/c1-9(19)15(24)20-10(2)16(25)21-11(3)17(26)22-14(18(27)28)8-12-4-6-13(23)7-5-12/h4-7,9-11,14,23H,8,19H2,1-3H3,(H,20,24)(H,21,25)(H,22,26)(H,27,28)	2-[2-[2-(2-aminopropanoylamino)propanoylamino]propanoylamino]-3-(4-hydroxyphenyl)propanoic acid	CC(C(=O)NC(C)C(=O)NC(C)C(=O)NC(CC1=CC=C(C=C1)O)C(=O)O)N	-0.51703465	7021447;7021448;18232600	PubChem:(7021447 7021448 18232600);PubChem class - bio and metabolites	16777218
2	3	N/A	-375.4541275292972	C18H26N4O6	[M + Na]+	BKDXMAZNLKKASN	InChI=1S/C18H26N4O6/c23-15(20-10-12-2-1-3-19-9-12)8-13-16(24)17(25)14(28-13)11-21-18(26)22-4-6-27-7-5-22/h1-3,9,13-14,16-17,24-25H,4-8,10-11H2,(H,20,23)(H,21,26)	null	C1COCCN1C(=O)NCC2C(C(C(O2)CC(=O)NCC3=CN=CC=C3)O)O	-2.0999999	40778191	COCONUT:(CNP0038027);PubChem:(40778191);SuperNatural:(SN00016818);ZINC bio:(ZINC08627140)	3153922
3	3	N/A	-376.08787608680046	C18H26N4O6	[M + Na]+	URBOARVOIXPJJL	InChI=1S/C18H26N4O6/c1-26-6-5-20-15(23)8-12-7-13-17(27-12)16(24)14(28-13)10-21-18(25)22-11-3-2-4-19-9-11/h2-4,9,12-14,16-17,24H,5-8,10H2,1H3,(H,20,23)(H2,21,22,25)	null	COCCNC(=O)CC1CC2C(O1)C(C(O2)CNC(=O)NC3=CN=CC=C3)O	-1.20000005	100663018	PubChem:(100663018);COCONUT:(CNP0052791)	2097154
4	3	N/A	-401.3895644037764	C18H26N4O6	[M + Na]+	HDNZXHPGJIKYQD	InChI=1S/C18H26N4O6/c1-9-3-5-11(6-4-9)21-17(27)22-12-7-18(28,8-13(23)14(12)24)16(26)20-10(2)15(19)25/h3-6,10,12-14,23-24,28H,7-8H2,1-2H3,(H2,19,25)(H,20,26)(H2,21,22,27)	N-(1-amino-1-oxopropan-2-yl)-1,3,4-trihydroxy-5-[(4-methylphenyl)carbamoylamino]cyclohexane-1-carboxamide	CC1=CC=C(C=C1)NC(=O)NC2CC(CC(C2O)O)(C(=O)NC(C)C(=O)N)O	-1.5	5113983;11866353	COCONUT:(CNP0026846);PubChem:(5113983 11866353);SuperNatural:(SN00004474);ZINC bio:(ZINC03840168)	3153922
5	3	N/A	-401.5505828139378	C18H26N4O6	[M + Na]+	COCJMXAJNGDANK	InChI=1S/C18H26N4O6/c1-10-2-4-11(5-3-10)21-17(27)22-12-8-18(28,9-13(23)15(12)25)16(26)20-7-6-14(19)24/h2-5,12-13,15,23,25,28H,6-9H2,1H3,(H2,19,24)(H,20,26)(H2,21,22,27)	N-(3-amino-3-oxopropyl)-1,3,4-trihydroxy-5-[(4-methylphenyl)carbamoylamino]cyclohexane-1-carboxamide	CC1=CC=C(C=C1)NC(=O)NC2CC(CC(C2O)O)(C(=O)NCCC(=O)N)O	-2.0	3875382;11866368	COCONUT:(CNP0085867);PubChem:(3875382 11866368);SuperNatural:(SN00004501);ZINC bio:(ZINC03840203)	3153922
6	3	N/A	-402.45267207359115	C18H26N4O6	[M + Na]+	JNXSIMBACYZUEN	InChI=1S/C18H26N4O6/c1-10(16(25)20-9-15(24)21-11(2)18(27)28-3)22-17(26)14(19)8-12-4-6-13(23)7-5-12/h4-7,10-11,14,23H,8-9,19H2,1-3H3,(H,20,25)(H,21,24)(H,22,26)	methyl tyrosylalanylglycylalaninate	CC(C(=O)NCC(=O)NC(C)C(=O)OC)NC(=O)C(CC1=CC=C(C=C1)O)N	-0.565818667	3840758;3951002;7077380;7077381;7077382;7077383;16396478;137946858	COCONUT:(CNP0415117);PubChem:(3840758 3951002 7077380 7077381 7077382 7077383 16396478 137946858);SuperNatural:(SN00104229 SN00104230);ZINC bio:(ZINC61991204 ZINC61991205)	3153922
7	3	N/A	-464.81919932792124	C18H26N4O6	[M + Na]+	PASWVXVLNLFAGI	InChI=1S/C18H26N4O6/c1-18(2,3)19-15(23)10-21(6)16(24)11-28-17(25)13-9-12(22(26)27)7-8-14(13)20(4)5/h7-9H,10-11H2,1-6H3,(H,19,23)	[2-[[2-(tert-butylamino)-2-oxoethyl]-methylamino]-2-oxoethyl] 2-(dimethylamino)-5-nitrobenzoate	CC(C)(C)NC(=O)CN(C)C(=O)COC(=O)C1=C(C=CC(=C1)[N+](=O)[O-])N(C)C	1.60000002	8225325	PubChem:(8225325);COCONUT:(CNP0345571)	2097154