structureRankPerFormula	formulaRank	ConfidenceScore	CSI:FingerIDScore	molecularFormula	adduct	InChIkey2D	InChI	name	smiles	xlogp	pubchemids	links	dbflags
1	1	0.4065368445883444	-199.17463687854826	C22H28O12	[M + H]+	JZCXWLYHHFCGQT	InChI=1S/C22H28O12/c23-7-13-15(25)17(27)19(29)21(33-13)31-11-5-6-12(10-4-2-1-3-9(10)11)32-22-20(30)18(28)16(26)14(8-24)34-22/h1-6,13-30H,7-8H2	null	C1=CC=C2C(=C1)C(=CC=C2OC3C(C(C(C(O3)CO)O)O)O)OC4C(C(C(C(O4)CO)O)O)O	-1.10000002	11134650	COCONUT:(CNP0327680);KNApSAcK:(33342);Natural Products:(UNPD91151);PubChem:(11134650);SuperNatural:(SN00279688)	3178514
2	1	N/A	-223.67435661496359	C22H28O12	[M + H]+	GRSGXQGRUSGLSH	InChI=1S/C22H28O12/c23-8-12-14(25)15(26)16(27)21(32-12)34-20-13-11(6-7-31-20)17(18(28)22(13,30)9-24)33-19(29)10-4-2-1-3-5-10/h1-7,11-18,20-21,23-28,30H,8-9H2	null	C1=CC=C(C=C1)C(=O)OC2C3C=COC(C3C(C2O)(CO)O)OC4C(C(C(C(O4)CO)O)O)O	-1.39999998	51136433	COCONUT:(CNP0055286);PubChem:(51136433);SuperNatural:(SN00041074 SN00041076 SN00041075 SN00041073);ZINC bio:(ZINC67913112 ZINC67913115 ZINC67913118 ZINC67913121)	3153922
3	1	N/A	-243.7640338271048	C22H28O12	[M + H]+	YEERFDIHRXRKNF	InChI=1S/C22H28O12/c23-7-11-14(24)15(25)16(26)21(31-11)34-20-13-10-6-12(32-20)30-8-22(13,29)18(27)17(10)33-19(28)9-4-2-1-3-5-9/h1-5,10-18,20-21,23-27,29H,6-8H2	null	C1C2C3C(OC1OCC3(C(C2OC(=O)C4=CC=CC=C4)O)O)OC5C(C(C(C(O5)CO)O)O)O	-1.60000002	51136576;56776363;95224757	COCONUT:(CNP0357671);Training Set;PubChem:(51136576 56776363 95224757);SuperNatural:(SN00041064);ZINC bio:(ZINC67913089)	3170306
4	1	N/A	-244.41251884137517	C22H28O12	[M + H]+	DBULDXXXNYFHIC	InChI=1S/C22H28O12/c1-8-4-3-5-10-14(8)11(6-13(23)32-10)33-22-20(29)18(27)16(25)12(34-22)7-30-21-19(28)17(26)15(24)9(2)31-21/h3-6,9,12,15-22,24-29H,7H2,1-2H3	null	CC1C(C(C(C(O1)OCC2C(C(C(C(O2)OC3=CC(=O)OC4=CC=CC(=C43)C)O)O)O)O)O)O	-0.583093107	""	COCONUT:(CNP0391053);Natural Products:(UNPD113546);SuperNatural:(SN00321265)	3178496
5	1	N/A	-249.90663259228918	C22H28O12	[M + H]+	OTIAAGNDDJEMIJ	InChI=1S/C22H28O12/c23-8-14-16(26)17(27)18(28)21(33-14)34-20-15-12(5-6-31-20)13(7-22(15,30)9-24)32-19(29)10-1-3-11(25)4-2-10/h1-6,12-18,20-21,23-28,30H,7-9H2	[(1S,4aR,5R,7S,7aS)-7-hydroxy-7-(hydroxymethyl)-1-[(2S,3R,4S,5S,6R)-3,4,5-trihydroxy-6-(hydroxymethyl)oxan-2-yl]oxy-4a,5,6,7a-tetrahydro-1H-cyclopenta[c]pyran-5-yl] 4-hydroxybenzoate	C1C(C2C=COC(C2C1(CO)O)OC3C(C(C(C(O3)CO)O)O)O)OC(=O)C4=CC=C(C=C4)O	-1.39999998	15127101	COCONUT:(CNP0355416);Natural Products:(UNPD730);PubChem:(15127101);SuperNatural:(SN00373113);PubMed	3178562
6	1	N/A	-250.5895145791659	C22H28O12	[M + H]+	HONDCAIBTDBEKM	InChI=1S/C22H28O12/c1-8-4-9-10(23)2-3-13(15(9)11(24)5-8)33-22-20(30)18(28)17(27)14(34-22)7-32-21-19(29)16(26)12(25)6-31-21/h2-5,12,14,16-30H,6-7H2,1H3	null	CC1=CC2=C(C=CC(=C2C(=C1)O)OC3C(C(C(C(O3)COC4C(C(C(CO4)O)O)O)O)O)O)O	-1.39999998	100937817;131751636	COCONUT:(CNP0289537);HMDB:(34909);Natural Products:(UNPD177461);PubChem:(100937817 131751636);PubChem class - bio and metabolites	18907146
7	1	N/A	-266.9427099439636	C22H28O12	[M + H]+	VGNSHUAFKWSOOW	InChI=1S/C22H28O12/c23-7-13-16(25)17(26)18(27)21(32-13)34-20-15-11-5-14(33-20)30-8-22(15,29)6-12(11)31-19(28)9-1-3-10(24)4-2-9/h1-4,11-18,20-21,23-27,29H,5-8H2	null	C1C2C(CC3(C2C(OC1OC3)OC4C(C(C(C(O4)CO)O)O)O)O)OC(=O)C5=CC=C(C=C5)O	-1.0	71574362;71719407	COCONUT:(CNP0241229);Natural Products:(UNPD225408);PubChem:(71574362 71719407);PubMed	2129986
8	1	N/A	-284.9773063474864	C22H28O12	[M + H]+	PTMHNNQOVURLID	InChI=1S/C22H28O12/c1-8-4-3-5-10-14(8)11(6-13(23)32-10)33-20-9(2)31-22(19(28)17(20)26)30-7-12-15(24)16(25)18(27)21(29)34-12/h3-6,9,12,15-22,24-29H,7H2,1-2H3	null	CC1C(C(C(C(O1)OCC2C(C(C(C(O2)O)O)O)O)O)O)OC3=CC(=O)OC4=CC=CC(=C43)C	-0.583093107	""	COCONUT:(CNP0374698);Natural Products:(UNPD109833);SuperNatural:(SN00394691)	3178496
9	1	N/A	-299.2111324042407	C22H28O12	[M + H]+	QDTCMYWFUPXQPA	InChI=1S/C22H28O12/c23-7-12-14(26)15(27)16(28)21(31-12)33-20-13-11(5-6-30-20)17(18-22(13,8-24)34-18)32-19(29)9-1-3-10(25)4-2-9/h1-4,11-18,20-21,23-28H,5-8H2	3,4-Dihydrocatalposide	C1COC(C2C1C(C3C2(O3)CO)OC(=O)C4=CC=C(C=C4)O)OC5C(C(C(C(O5)CO)O)O)O	-1.5	270526;5705529	COCONUT:(CNP0263121);Natural Products:(UNPD213906);PubChem:(270526 5705529);SuperNatural:(SN00136757);ZINC bio:(ZINC68568505);PubMed	3186754
10	1	N/A	-299.57183399378806	C22H28O12	[M + H]+	XCLZLXHEWADJTE	InChI=1S/C22H28O12/c1-31-11-2-3-12(14(25)6-11)13-9-32-22(30)7-10(24)4-5-21(22,19(13)29)34-20-18(28)17(27)16(26)15(8-23)33-20/h2-6,13,15-20,23,25-30H,7-9H2,1H3	null	COC1=CC(=C(C=C1)C2COC3(CC(=O)C=CC3(C2O)OC4C(C(C(C(O4)CO)O)O)O)O)O	-2.06716895	""	COCONUT:(CNP0193465);Natural Products:(UNPD215114)	2129920
11	1	N/A	-336.0159717341285	C22H28O12	[M + H]+	QYGDSCPOSKDXGE	InChI=1S/C22H28O12/c1-5-13-14-6-7-28-20(27)15(14)8-30-21(13)34-22-19(32-12(4)25)17(26)18(31-11(3)24)16(33-22)9-29-10(2)23/h5,8,13-14,16-19,21-22,26H,1,6-7,9H2,2-4H3	null	CC(=O)OCC1C(C(C(C(O1)OC2C(C3CCOC(=O)C3=CO2)C=C)OC(=O)C)O)OC(=O)C	0.200000003	118715426	COCONUT:(CNP0078987);PubChem:(118715426);PubMed	2097218
12	1	N/A	-341.5325828809137	C22H28O12	[M + H]+	YNPOIPFNQJKGQJ	InChI=1S/C22H28O12/c1-11(22(30)7-17(26)33-10-22)8-32-21-20(29)19(28)18(27)15(34-21)9-31-16(25)5-3-12-2-4-13(23)14(24)6-12/h2-6,11,15,18-21,23-24,27-30H,7-10H2,1H3	null	CC(COC1C(C(C(C(O1)COC(=O)C=CC2=CC(=C(C=C2)O)O)O)O)O)C3(CC(=O)OC3)O	-1.10000002	23928151;38360684;38360688;38360692;38360696	COCONUT:(CNP0347539);PubChem:(23928151 38360684 38360688 38360692 38360696);SuperNatural:(SN00030009 SN00030011 SN00030008 SN00030010);ZINC bio:(ZINC31167114 ZINC31167118 ZINC31167122 ZINC31167126);additional;Training Set	3694594
13	1	N/A	-343.59899401392454	C22H28O12	[M + H]+	KXDRSDLZKYGACK	InChI=1S/C22H28O12/c1-5-13-14-6-7-28-20(27)15(14)8-30-21(13)34-22-17(26)19(32-12(4)25)18(31-11(3)24)16(33-22)9-29-10(2)23/h5,8,13-14,16-19,21-22,26H,1,6-7,9H2,2-4H3	null	CC(=O)OCC1C(C(C(C(O1)OC2C(C3CCOC(=O)C3=CO2)C=C)O)OC(=O)C)OC(=O)C	0.200000003	118715427	COCONUT:(CNP0078985);PubChem:(118715427);PubMed	2097218
14	1	N/A	-353.8191750613914	C22H28O12	[M + H]+	PDOGRHLUXBLKAT	InChI=1S/C22H28O12/c1-5-13-14-6-7-28-20(27)15(14)8-30-21(13)34-22-19(32-12(4)25)18(31-11(3)24)17(26)16(33-22)9-29-10(2)23/h5,8,13-14,16-19,21-22,26H,1,6-7,9H2,2-4H3	null	CC(=O)OCC1C(C(C(C(O1)OC2C(C3CCOC(=O)C3=CO2)C=C)OC(=O)C)OC(=O)C)O	0.200000003	118715425	COCONUT:(CNP0308624);PubChem:(118715425);PubMed	2097218
15	1	N/A	-556.1717741838769	C22H28O12	[M + H]+	VLROXOQHKZQLBQ	InChI=1S/C22H28O12/c1-8(23)10-5-11-21-7-32-22(19(30)31-4,16(21)14(18(29)34-11)33-9(2)24)17(28)13(27)15(21)20(10,3)6-12(25)26/h10-11,13-17,27-28H,5-7H2,1-4H3,(H,25,26)/p-1	null	CC(=O)C1CC2C34COC(C3C(C(=O)O2)OC(=O)C)(C(C(C4C1(C)CC(=O)[O-])O)O)C(=O)OC	-1.64175034	""	COCONUT:(CNP0340701 CNP0420330);SuperNatural:(SN00163738)	3145728