structureRankPerFormula	formulaRank	ConfidenceScore	CSI:FingerIDScore	molecularFormula	adduct	InChIkey2D	InChI	name	smiles	xlogp	pubchemids	links	dbflags
1	1	0.21461793583965594	-77.9728069919384	C19H38O4	[M + Na]+	QHZLMUACJMDIAE	InChI=1S/C19H38O4/c1-2-3-4-5-6-7-8-9-10-11-12-13-14-15-19(22)23-17-18(21)16-20/h18,20-21H,2-17H2,1H3	Monopalmitin	CCCCCCCCCCCCCCCC(=O)OCC(CO)O	5.56583691	14900;3084463;11359451;54229153;57694152	HMDB:(11564);PubChem class - food;SuperNatural:(SN00038308 SN00038309);ZINC bio:(ZINC32840891 ZINC32840892);additional;MeSH:(14900 3084463 11359451);PubMed;Lipid:(MG(16:0));NORMAN:(NS00010577);COCONUT:(CNP0138044);KNApSAcK:(42063);Natural Products:(UNPD194139 UNPD25833);PubChem:(14900 3084463 11359451 54229153 57694152);CHEBI:(64757 75542 75811 69081);PubChem class - bio and metabolites;EcoCyc Mine;PubChem class - safety and toxic;YMDB:(2313);Training Set;Biocyc:(CPD-8508);KEGG Mine	30286932094
2	1	N/A	-99.09468663281196	C19H38O4	[M + Na]+	SMBMFDANVRZQJV	InChI=1S/C19H38O4/c20-16-14-12-10-8-6-4-2-1-3-5-7-9-11-13-15-18(21)17-19(22)23/h18,20-21H,1-17H2,(H,22,23)	null	C(CCCCCCCCO)CCCCCCCC(CC(=O)O)O	5.80000019	86289870	PubChem:(86289870);CHEBI:(79291)	34
3	1	N/A	-118.8862720365324	C19H38O4	[M + Na]+	ZGVQWXVMOLBGJN	InChI=1S/C19H38O4/c1-17(20)14-12-10-8-6-4-2-3-5-7-9-11-13-15-18(21)16-19(22)23/h17-18,20-21H,2-16H2,1H3,(H,22,23)	null	CC(CCCCCCCCCCCCCCC(CC(=O)O)O)O	5.69999981	86289839	PubChem:(86289839);CHEBI:(79251)	34
4	1	N/A	-120.62203068112616	C19H38O4	[M + Na]+	UJXZLNLZBUWQKD	InChI=1S/C19H38O4/c1-17(2)13-11-9-7-5-3-4-6-8-10-12-14-19(22)23-16-18(21)15-20/h17-18,20-21H,3-16H2,1-2H3	AggrecerideB	CC(C)CCCCCCCCCCCCC(=O)OCC(CO)O	5.34626532	128631;51416799	COCONUT:(CNP0341374);HMDB:(72844);PubChem:(128631 51416799);SuperNatural:(SN00013671 SN00013670);ZINC bio:(ZINC05757962 ZINC05757965);PubChem class - bio and metabolites;MeSH:(128631);PubChem class - safety and toxic;PubMed	87040078
5	1	N/A	-126.89987137603622	C19H38O4	[M + Na]+	BBNYCLAREVXOSG	InChI=1S/C19H38O4/c1-2-3-4-5-6-7-8-9-10-11-12-13-14-15-19(22)23-18(16-20)17-21/h18,20-21H,2-17H2,1H3	2-Monopalmitin	CCCCCCCCCCCCCCCC(=O)OC(CO)CO	6.0999999	123409	HMDB:(11533);SuperNatural:(SN00344247);ZINC bio:(ZINC08022579);additional;MeSH:(123409);PubMed;NORMAN:(NS00051368);COCONUT:(CNP0267171);Natural Products:(UNPD140766);PubChem:(123409);YMDB Mine;CHEBI:(75455);PubChem class - bio and metabolites;EcoCyc Mine;Training Set;Biocyc:(CPD66-43)	51560376430
6	1	N/A	-131.96611740270427	C19H38O4	[M + Na]+	RITHLQKJQSKUAO	InChI=1S/C19H38O4/c1-3-4-5-6-8-11-14-17(20)18(21)15-12-9-7-10-13-16-19(22)23-2/h17-18,20-21H,3-16H2,1-2H3	Methyl 9,10-dihydroxystearate	CCCCCCCCC(C(CCCCCCCC(=O)OC)O)O	5.5	66194;10980439;13916396;13916397;13916398;139265375	NORMAN:(NS00045100);COCONUT:(CNP0356122);Natural Products:(UNPD133244 UNPD21526 UNPD60121);PubChem:(66194 10980439 13916396 13916397 13916398 139265375);SuperNatural:(SN00338733 SN00310144);PubMed;KEGG Mine	8593375298
7	1	N/A	-134.50469091069505	C19H38O4	[M + Na]+	ZBVKFVTUHVIICH	InChI=1S/C19H38O4/c1-3-4-5-6-7-8-9-10-11-12-13-14-18(21)15-19(22)16-23-17(2)20/h18-19,21-22H,3-16H2,1-2H3	Spectrum3_000777	CCCCCCCCCCCCCC(CC(COC(=O)C)O)O	5.9000001	6710731;92481365;92481366;92481367;92481368	COCONUT:(CNP0338180);PubChem:(6710731 92481365 92481366 92481367 92481368);SuperNatural:(SN00220562 SN00037336 SN00037335 SN00037337 SN00037338);CHEBI:(139453);ZINC bio:(ZINC15449170 ZINC15449172 ZINC15449173 ZINC15449175);additional;Training Set	3694626
8	1	N/A	-148.83957817251965	C19H38O4	[M + Na]+	MLQSJCKTTGXTJK	InChI=1S/C19H38O4/c1-2-3-4-5-6-7-8-9-10-11-12-13-14-17(19(22)23)15-18(21)16-20/h17-18,20-21H,2-16H2,1H3,(H,22,23)	2-(2,3-dihydroxypropyl)hexadecanoic acid	CCCCCCCCCCCCCCC(CC(CO)O)C(=O)O	6.19999981	17986608	COCONUT:(CNP0344798);Natural Products:(UNPD125793);PubChem:(17986608);SuperNatural:(SN00292054);PubMed	3178562
9	1	N/A	-169.54909506522412	C19H38O4	[M + Na]+	ITYNPYUDZAXHPL	InChI=1S/C19H38O4/c1-17(2)13-11-9-7-5-3-4-6-8-10-12-14-19(22)23-18(15-20)16-21/h17-18,20-21H,3-16H2,1-2H3	null	CC(C)CCCCCCCCCCCCC(=O)OC(CO)CO	5.9000001	131779653	HMDB:(72873);PubChem:(131779653);PubChem class - bio and metabolites	16777226
10	1	N/A	-375.0391078649666	C19H38O4	[M + Na]+	VWFGBMFJJPHJPW	InChI=1S/C19H38O4/c1-13(2)9-7-10-14(3)11-8-12-19(6)22-17(15(4)20)18(23-19)16(5)21/h13-18,20-21H,7-12H2,1-6H3	(1R)-1-[(4R,5R)-2-(4,8-dimethylnonyl)-5-[(1R)-1-hydroxyethyl]-2-methyl-1,3-dioxolan-4-yl]ethanol	CC(C)CCCC(C)CCCC1(OC(C(O1)C(C)O)C(C)O)C	4.69999981	14609990;71738621	COCONUT:(CNP0117356);Natural Products:(UNPD228360);PubChem:(14609990 71738621)	2129922