structureRankPerFormula	formulaRank	ConfidenceScore	CSI:FingerIDScore	molecularFormula	adduct	InChIkey2D	InChI	name	smiles	xlogp	pubchemids	links	dbflags
1	1	0.9611225874342838	-3.124401685734895	C9H17NO5	[M + H]+	GHOKWGTUZJEAQD	InChI=1S/C9H17NO5/c1-9(2,5-11)7(14)8(15)10-4-3-6(12)13/h7,11,14H,3-5H2,1-2H3,(H,10,15)(H,12,13)	vitamin B5	CC(C)(CO)C(C(=O)NCCC(=O)O)O	-1.10000002	988;6613;167945;5748353;5191579;6997253;57074123;71310749;90479988;101257666;133686971	HMDB:(210);PubChem class - food;SuperNatural:(SN00159658 SN00024327 SN00251994);ZINC bio:(ZINC05356858 ZINC18279942 ZINC19203125);additional;HSDB:(79-83-4);MeSH:(6613);Plantcyc:(PANTOTHENATE);PubMed;NORMAN:(NS00013937);COCONUT:(CNP0086464 CNP0153142);KNApSAcK:(1550);Natural Products:(UNPD178642 UNPD29488 UNPD209188);PubChem:(988 6613 167945 5748353 5191579 6997253 57074123 71310749 90479988 101257666 133686971);CHEBI:(29032 46905 7916 16454);PubChem class - bio and metabolites;KEGG:(C00864);PubChem class - safety and toxic;YMDB:(203);Training Set;PubChem class - drug;Biocyc:(CPD3DJ-34313 PANTOTHENATE SMA-0000145)	255847294
2	1	N/A	-160.14491807777497	C9H17NO5	[M + H]+	ATGOBFMBFBNCPF	InChI=1S/C9H17NO5/c1-9(2,15)5-6(11)8(14)10-4-3-7(12)13/h6,11,15H,3-5H2,1-2H3,(H,10,14)(H,12,13)	n-(2,4-dihydroxy-4-methylpentanoyl)-|A-alanine	CC(C)(CC(C(=O)NCCC(=O)O)O)O	-1.29999995	13349;25022036;24848408;38989014;38989015;38989016	PubChem:(13349 25022036 24848408 38989014 38989015 38989016);NORMAN:(NS00014086)	262146
3	1	N/A	-258.88737682054546	C9H17NO5	[M + H]+	DQTVOWNRRLNDEY	InChI=1S/C9H17NO5/c1-9(2,3)15-8(13)10-5-6(11)7(12)14-4/h6,11H,5H2,1-4H3,(H,10,13)	methyl 3-{[(tert-butoxy)carbonyl]amino}-2-hydroxypropanoate	CC(C)(C)OC(=O)NCC(C(=O)OC)O	0.200000003	19756641;18652472;89223702	PubChem:(19756641 18652472 89223702);PubChem class - safety and toxic	67108866
4	1	N/A	-269.02100513756176	C9H17NO5	[M + H]+	PZEMWPDUXBZKJN	InChI=1S/C9H17NO5/c1-9(2,3)15-8(14)10-6(4-5-11)7(12)13/h6,11H,4-5H2,1-3H3,(H,10,14)(H,12,13)	Boc-Homoser-OH	CC(C)(C)OC(=O)NC(CCO)C(=O)O	0.200000003	4118627;13066456;13066457;21898154;86306267	MeSH:(13066457);PubChem class - safety and toxic;PubChem:(4118627 13066456 13066457 21898154 86306267);PubMed	67108934
5	1	N/A	-273.64107659074364	C9H17NO5	[M + H]+	LLHOYOCAAURYRL	InChI=1S/C9H17NO5/c1-5(11)6(7(12)13)10-8(14)15-9(2,3)4/h5-6,11H,1-4H3,(H,10,14)(H,12,13)	AmbotzBAA1339	CC(C(C(=O)O)NC(=O)OC(C)(C)C)O	0.300000012	100116;2724766;2729877;6992537;6992538;6992539;6992540;6992541;6992542;6992543;45357648;71463662;118070216;129820414	NORMAN:(NS00046167);COCONUT:(CNP0058330);PubChem class - safety and toxic;PubChem:(100116 2724766 2729877 6992537 6992538 6992539 6992540 6992541 6992542 6992543 45357648 71463662 118070216 129820414);PubMed	69468226
6	1	N/A	-279.1871996512337	C9H17NO5	[M + H]+	UPBQMAHYLWJGDW	InChI=1S/C9H17NO5/c1-9(2,3)15-8(13)10-4-5-14-6-7(11)12/h4-6H2,1-3H3,(H,10,13)(H,11,12)	AmbotzBAA5240	CC(C)(C)OC(=O)NCCOCC(=O)O	0.400000006	15000283	PubChem:(15000283);PubChem class - safety and toxic	67108866
7	1	N/A	-287.6507621144172	C9H17NO5	[M + H]+	FKQQQROPNALGDM	InChI=1S/C9H17NO5/c11-2-4-1-6(13)7-9(15)8(14)5(3-12)10(4)7/h4-9,11-15H,1-3H2	hyacinthacine C3	C1C(N2C(C(C(C2C1O)O)O)CO)CO	-2.29999995	16737238;16737240;102319082;101471676;101477300;132583141;132583142;132583143;132583144	COCONUT:(CNP0421167);Natural Products:(UNPD65150 UNPD143607);PubChem:(16737238 16737240 102319082 101471676 101477300 132583141 132583142 132583143 132583144);SuperNatural:(SN00321603);PubMed	3178562
8	1	N/A	-288.2758641678113	C9H17NO5	[M + H]+	JDFAPMRAFUTCBO	InChI=1S/C9H17NO5/c1-9(2,3)15-8(13)10-5-6(14-4)7(11)12/h6H,5H2,1-4H3,(H,10,13)(H,11,12)	(2S)-2-methoxy-3-[(2-methylpropan-2-yl)oxycarbonylamino]propanoic acid	CC(C)(C)OC(=O)NCC(C(=O)O)OC	0.400000006	18652471;20584751;22311121	PubChem:(18652471 20584751 22311121);PubChem class - safety and toxic	67108866
9	1	N/A	-302.921634500854	C9H17NO5	[M + H]+	TXKSAMJHOAHOGY	InChI=1S/C9H17NO5/c1-3-6(12)8(14)5-9(15)7(13)4(2-11)10(3)5/h3-9,11-15H,2H2,1H3	hyacinthacine C4	CC1C(C(C2N1C(C(C2O)O)CO)O)O	-2.20000005	10608892;15489824;16737239;45111959;53494067;53494397;53494398;73316637;101572833;102041182;100984029;135040565	COCONUT:(CNP0183022);KNApSAcK:(37287);Natural Products:(UNPD433 UNPD82257 UNPD75514);PubChem:(10608892 15489824 16737239 45111959 53494067 53494397 53494398 73316637 101572833 102041182 100984029 135040565);SuperNatural:(SN00232147 SN00348246);MeSH:(16737239);PubMed	3178582
10	1	N/A	-305.1310366717452	C9H17NO5	[M + H]+	GCPYBGUUIFAVBB	InChI=1S/C9H17NO5/c1-3-5(10-4(2)11)7(13)9(15)8(14)6(3)12/h3,5-9,12-15H,1-2H3,(H,10,11)	null	CC1C(C(C(C(C1O)O)O)O)NC(=O)C	-2.29999995	86223090	PubChem:(86223090);PubChem class - bio and metabolites	16777218
11	1	N/A	-321.5772138512907	C9H17NO5	[M + H]+	SANNKFASHWONFD	InChI=1S/C9H17NO5/c1-9(2,3)15-8(13)10-6(5-11)7(12)14-4/h6,11H,5H2,1-4H3,(H,10,13)	zlchem 1160	CC(C)(C)OC(=O)NC(CO)C(=O)OC	0.200000003	377723;495564;7019177;57105415	PubChem class - safety and toxic;PubChem:(377723 495564 7019177 57105415);PubMed	67108930
12	1	N/A	-327.33112634349175	C9H17NO5	[M + H]+	OVAMKVLNBXWPRN	InChI=1S/C9H17NO5/c1-4-7(12)6(10-5(2)11)8(13)9(14-3)15-4/h4,6-9,12-13H,1-3H3,(H,10,11)	N-[(2R,3R,4R,5S,6S)-3,5-dihydroxy-2-methoxy-6-methyloxan-4-yl]acetamide	CC1C(C(C(C(O1)OC)O)NC(=O)C)O	-1.60000002	10856978;15082207;57012935;54170994;54170995;54170996;54170997;54170998;57253780;57266917;70005624;70005625;129353989	COCONUT:(CNP0198038);Natural Products:(UNPD23168);PubChem:(10856978 15082207 57012935 54170994 54170995 54170996 54170997 54170998 57253780 57266917 70005624 70005625 129353989);SuperNatural:(SN00317751)	3178498
13	1	N/A	-328.8569960625501	C9H17NO5	[M + H]+	WQQQECZSNNTNJJ	InChI=1S/C9H17NO5/c11-2-4-6(13)1-10-5(3-12)8(14)9(15)7(4)10/h4-9,11-15H,1-3H2	null	C1C(C(C2N1C(C(C2O)O)CO)CO)O	-1.89999998	46897857;102049580;122218121	PubChem:(46897857 102049580 122218121);PubChem class - bio and metabolites	16777218
14	1	N/A	-329.051820099717	C9H17NO5	[M + H]+	BKISDXCOTDQJJY	InChI=1S/C9H17NO5/c1-5(12)10-8-7(13)3-6(4-11)15-9(8)14-2/h6-9,11,13H,3-4H2,1-2H3,(H,10,12)	null	CC(=O)NC1C(CC(OC1OC)CO)O	-1.60000002	101015838;101015839;101174457;118494513;134856900	MeSH:(101015839);PubChem:(101015838 101015839 101174457 118494513 134856900);PubMed	70
15	1	N/A	-330.995052233836	C9H17NO5	[M + H]+	RFGMSGRWQUMJIR	InChI=1S/C9H17NO5/c1-9(2,3)15-8(13)10-6(5-14-4)7(11)12/h6H,5H2,1-4H3,(H,10,13)(H,11,12)	AmbotzBAA5080	CC(C)(C)OC(=O)NC(COC)C(=O)O	0.400000006	7016353;7016354;21901692;27281800;27281801	PubChem class - safety and toxic;PubChem:(7016353 7016354 21901692 27281800 27281801);PubMed	67108930
16	1	N/A	-346.4962001993117	C9H17NO5	[M + H]+	QNVNPQBAPQNAJC	InChI=1S/C9H17NO5/c1-4-6(10-5(2)11)7(12)8(14-3)9(13)15-4/h4,6-9,12-13H,1-3H3,(H,10,11)	Adme-galactose	CC1C(C(C(C(O1)O)OC)O)NC(=O)C	-1.60000002	197628;57348787;53431985;91859697	MeSH:(197628 53431985 57348787);PubChem:(197628 57348787 53431985 91859697);PubMed	70
17	1	N/A	-348.00452440926324	C9H17NO5	[M + H]+	ZDUWEUJKUHDFSU	InChI=1S/C9H17NO5/c1-5(12)10-6-3-7(13)8(4-11)15-9(6)14-2/h6-9,11,13H,3-4H2,1-2H3,(H,10,12)	N-[(2S,3R,5S,6R)-5-hydroxy-6-(hydroxymethyl)-2-methoxyoxan-3-yl]acetamide	CC(=O)NC1CC(C(OC1OC)CO)O	-1.10000002	11736118;18654018;18654017	COCONUT:(CNP0108772);Natural Products:(UNPD38875);PubChem:(11736118 18654018 18654017);SuperNatural:(SN00229106)	3178498
18	1	N/A	-371.38460813893494	C9H17NO5	[M + H]+	NJQGIDVCNBZXLG	InChI=1S/C9H17NO5/c1-9(2,3)15-8(14)10(4)6(5-11)7(12)13/h6,11H,5H2,1-4H3,(H,12,13)	Boc-N-methyl-L-serine	CC(C)(C)OC(=O)N(C)C(CO)C(=O)O	0.100000001	4118932;7009593;7009594;56845807	PubChem:(4118932 7009593 7009594 56845807);COCONUT:(CNP0030609)	2097154
19	1	N/A	-371.52387425229693	C9H17NO5	[M + H]+	HYHFUUJWYZCDBC	InChI=1S/C9H17NO5/c1-2-3-10-9-8(14)7(13)6(12)5(4-11)15-9/h2,5-14H,1,3-4H2	Oprea1_635673	C=CCNC1C(C(C(C(O1)CO)O)O)O	-1.70000005	2192613;2192614;3075388;2835261;7434654;7434655;7434657;7434658;7434659;7434660;6593882;6593883;30226689;45093560;57370689;93503961;129770254;129770374;129770405	PubChem:(2192613 2192614 3075388 2835261 7434654 7434655 7434657 7434658 7434659 7434660 6593882 6593883 30226689 45093560 57370689 93503961 129770254 129770374 129770405);PubChem class - safety and toxic	67108866
20	1	N/A	-394.4926333585084	C9H17NO5	[M + H]+	QZNSDZBPNZUKEQ	InChI=1S/C9H17NO5/c1-5(2)3-9(15,8(13)14)4-6(10)7(11)12/h5-6,15H,3-4,10H2,1-2H3,(H,11,12)(H,13,14)	null	CC(C)CC(CC(C(=O)O)N)(C(=O)O)O	-2.5999999	54255198;76114410	COCONUT:(CNP0145271);Natural Products:(UNPD187205);PubChem:(54255198 76114410);SuperNatural:(SN00262843)	3178498
21	1	N/A	-401.19357247020463	C9H17NO5	[M + H]+	CILDSYMDUWIXMG	InChI=1S/C9H17NO5/c1-5(11)10(2)7-6(12)4-15-9(14-3)8(7)13/h6-9,12-13H,4H2,1-3H3	null	CC(=O)N(C)C1C(COC(C1O)OC)O	-1.43262708	""	COCONUT:(CNP0268856);Natural Products:(UNPD183636);SuperNatural:(SN00264590)	3178496
22	1	N/A	-415.17643586088025	C9H17NO5	[M + H]+	IYHNPXMPHOUJTN	InChI=1S/C9H17NO5/c1-5(12)10(2)7-6(4-11)15-9(14-3)8(7)13/h6-9,11,13H,4H2,1-3H3	methyl 3-[acetyl(methyl)amino]-3-deoxypentofuranoside	CC(=O)N(C)C1C(OC(C1O)OC)CO	-1.79999995	270222;92246463;92246464;92246465;92246466;131876791	COCONUT:(CNP0124760);Natural Products:(UNPD36772);PubChem:(270222 92246463 92246464 92246465 92246466 131876791);SuperNatural:(SN00324337);ZINC bio:(ZINC04994673 ZINC04994675 ZINC04994676 ZINC04994677);PubMed	3186754
23	1	N/A	-437.01167287831504	C9H17NO5	[M + H]+	JUDJPNSCYDFLQN	InChI=1S/C9H17NO5/c1-6(2)4-7(9(13)15-3)10(14)8(12)5-11/h6-7,11,14H,4-5H2,1-3H3	methyl (2R)-2-[hydroxy-(2-hydroxyacetyl)amino]-4-methylpentanoate	CC(C)CC(C(=O)OC)N(C(=O)CO)O	0.200000003	449601	PubChem:(449601);PubChem class - bio and metabolites	16777218
1	1	N/A	-289.2905189681701	C9H19NO6	[M - H2O + H]+	HIQUUSNBAJBMPX	InChI=1S/C9H19NO6/c1-4(16-2)6(10)8(14)9(15)7(13)5(12)3-11/h3-9,12-15H,10H2,1-2H3	Celestosamine	CC(C(C(C(C(C(C=O)O)O)O)O)N)OC	-3.29999995	5491917	PubChem:(5491917);MeSH:(5491917)	6
2	1	N/A	-322.69232870682276	C9H19NO6	[M - H2O + H]+	DDUSOVXOHFJEPC	InChI=1S/C9H19NO6/c1-9(15)2-4(12)6(10)8(16-9)7(14)5(13)3-11/h4-8,11-15H,2-3,10H2,1H3	Neuraminin	CC1(CC(C(C(O1)C(C(CO)O)O)N)O)O	-2.9000001	6454589;71401331;129088080	MeSH:(6454589);PubChem:(6454589 71401331 129088080);PubMed	70
3	1	N/A	-342.2298847346205	C9H19NO6	[M - H2O + H]+	NEKGNGUPHCHTGI	InChI=1S/C9H19NO6/c1-10(2)9(15)8(14)7(13)6(12)5(4-11)16-3/h5-8,11-14H,4H2,1-3H3	5-O-Methyl-d-gluconic acid dimethylamide	CN(C)C(=O)C(C(C(C(CO)OC)O)O)O	-2.9000001	542382;22213409	PubChem:(542382 22213409);COCONUT:(CNP0275432)	2097154