structureRankPerFormula	formulaRank	ConfidenceScore	CSI:FingerIDScore	molecularFormula	adduct	InChIkey2D	InChI	name	smiles	xlogp	pubchemids	links	dbflags
1	1	0.27146517992046654	-33.11840128360082	C18H28O3	[M + H]+	ACHDMUPTZYZIGR	InChI=1S/C18H28O3/c1-2-3-4-5-6-8-11-14-17(19)15-12-9-7-10-13-16-18(20)21/h3-4,6,8,11,14H,2,5,7,9-10,12-13,15-16H2,1H3,(H,20,21)	9-Oxo-10,12,15-odta	CCC=CCC=CC=CC(=O)CCCCCCCC(=O)O	4.5999999	3017510;6365597;11380794	COCONUT:(CNP0256961);Natural Products:(UNPD131773);PubChem:(3017510 6365597 11380794);CHEBI:(142251);additional;MeSH:(6365597);Training Set;PubMed;KEGG Mine	8592605286
2	1	N/A	-42.67392858927797	C18H28O3	[M + H]+	BNMYUQILBYIYOG	InChI=1S/C18H28O3/c1-2-3-11-14-17(19)15-12-9-7-5-4-6-8-10-13-16-18(20)21/h3,7,9,11-12,15H,2,4-6,8,10,13-14,16H2,1H3,(H,20,21)	9,11,15-Octadecatrienoic acid, 13-oxo-	CCC=CCC(=O)C=CC=CCCCCCCCC(=O)O	4.69999981	11426350;53691468;122164584;137349668	COCONUT:(CNP0385342);Natural Products:(UNPD62204 UNPD222099 UNPD207908);PubChem:(11426350 53691468 122164584 137349668);SuperNatural:(SN00327776);PubChem class - bio and metabolites;KEGG Mine	8609890306
3	1	N/A	-49.837834900010485	C18H28O3	[M + H]+	PMTMAFAPLCGXGK	InChI=1S/C18H28O3/c1-2-3-7-11-16-15(13-14-17(16)19)10-8-5-4-6-9-12-18(20)21/h3,7,13-16H,2,4-6,8-12H2,1H3,(H,20,21)	o-Phytodienoic acid	CCC=CCC1C(C=CC1=O)CCCCCCCC(=O)O	4.69999981	656750;188366;439449;6168511;5280411;5282268;6526145;14037060;14037061;14037062;14037063;10334541;45266620;45480565;49867442;57358591;71751403;71348099	SuperNatural:(SN00337898 SN00315795 SN00006859 SN00036718);ZINC bio:(ZINC04095588 ZINC13452110 ZINC13512452 ZINC13512454);additional;MeSH:(188366 5280411 6168511 6526145 10334541 14037063);Plantcyc:(CPD-729);PubMed;COCONUT:(CNP0050238 CNP0173799);KNApSAcK:(365);Natural Products:(UNPD56120 UNPD17522 UNPD53741);PubChem:(656750 188366 439449 6168511 5280411 5282268 6526145 14037060 14037061 14037062 14037063 10334541 45266620 45480565 49867442 57358591 71751403 71348099);CHEBI:(59427 57411 15560 34005);PubChem class - bio and metabolites;KEGG:(C13816 C01226);Training Set;Biocyc:(CPD-729 CPD-21296)	20638070
4	1	N/A	-54.35275980967341	C18H28O3	[M + H]+	RHVWQVSLVMXMBR	InChI=1S/C18H28O3/c1-2-3-7-11-16-15(13-14-17(16)19)10-8-5-4-6-9-12-18(20)21/h3,7H,2,4-6,8-14H2,1H3,(H,20,21)	8-[3-Oxo-2-(pent-2-en-1-yl)cyclopent-1-enyl]octanoic acid	CCC=CCC1=C(CCC1=O)CCCCCCCC(=O)O	4.0999999	591115;5373082;10424442;101221957	COCONUT:(CNP0087280 CNP0255998);PubChem:(591115 5373082 10424442 101221957);SuperNatural:(SN00020293);MeSH:(10424442);Training Set;PubMed;KEGG Mine	8593096774
5	1	N/A	-54.41055489228978	C18H28O3	[M + H]+	UDNFCQRCBRMBQF	InChI=1S/C18H28O3/c1-2-17(19)15-13-11-9-7-5-3-4-6-8-10-12-14-16-18(20)21/h3,5,9,11,13,15H,2,4,6-8,10,12,14,16H2,1H3,(H,20,21)	null	CCC(=O)C=CC=CCC=CCCCCCCCC(=O)O	4.69999981	129602189	COCONUT:(CNP0086877);Training Set;PubChem:(129602189)	2113538
6	1	N/A	-56.066414427590075	C18H28O3	[M + H]+	KWTFJBXQTYIPIU	InChI=1S/C18H28O3/c1-2-3-4-11-14-17(19)15-12-9-7-5-6-8-10-13-16-18(20)21/h3-4,9,11-12,14H,2,5-8,10,13,15-16H2,1H3,(H,20,21)	null	CCC=CC=CC(=O)CC=CCCCCCCCC(=O)O	4.69999981	86111239;131839809	COCONUT:(CNP0222355);Natural Products:(UNPD103041 UNPD217860 UNPD207909);PubChem:(86111239 131839809);SuperNatural:(SN00383484)	3178498
7	1	N/A	-73.98667807935654	C18H28O3	[M + H]+	IYEHRWJNUWAXAD	InChI=1S/C18H28O3/c1-2-3-7-10-15-13-14-17(19)16(15)11-8-5-4-6-9-12-18(20)21/h3,7,13-16H,2,4-6,8-12H2,1H3,(H,20,21)	10-Oxo-11,15-phytodienoic acid	CCC=CCC1C=CC(=O)C1CCCCCCCC(=O)O	4.5	23724712;122706550;122706551;139291902	COCONUT:(CNP0031264);PubChem:(23724712 122706550 122706551 139291902);SuperNatural:(SN00215256);CHEBI:(80446);KEGG:(C16325);PubMed;Biocyc:(CPD-19348)	3148130
8	1	N/A	-79.63531397678372	C18H28O3	[M + H]+	OYKAXBUWOIRLGF	InChI=1S/C18H28O3/c1-2-3-4-5-7-10-13-16-21-17-14-11-8-6-9-12-15-18(19)20/h3-4,7,10,13-14,16-17H,2,5-6,8-9,11-12,15H2,1H3,(H,19,20)	colnelenate	CCC=CCC=CC=COC=CCCCCCCC(=O)O	5.19999981	171172;6441679;25245649;102069289	COCONUT:(CNP0304838);HMDB:(30996);KNApSAcK:(448);PubChem:(171172 6441679 25245649 102069289);CHEBI:(60960 60959);PubChem class - bio and metabolites;MeSH:(6441679);KEGG:(C16320);Plantcyc:(CPD-8680);PubMed;Biocyc:(CPD-8680)	19007870
9	1	N/A	-80.5012376035017	C18H28O3	[M + H]+	PAJZUMALTGAWTA	InChI=1S/C18H28O3/c1-2-3-4-5-6-7-8-11-14-17(19)15-12-9-10-13-16-18(20)21/h17,19H,2-6,9-10,12-13,15-16H2,1H3,(H,20,21)	8-hydroxy-9,11-octadecadiynoic acid	CCCCCCC#CC#CC(CCCCCCC(=O)O)O	4.80000019	5312836	COCONUT:(CNP0175607);Natural Products:(UNPD58696);PubChem:(5312836)	2129922
10	1	N/A	-85.05478706598326	C18H28O3	[M + H]+	BEXXCDTWFLMRDJ	InChI=1S/C18H28O3/c1-2-3-4-5-6-7-8-11-14-17(19)15-12-9-10-13-16-18(20)21/h17,19H,2-5,9-10,12-16H2,1H3,(H,20,21)	8-hydroxy-10,12-octadecadiynoic acid	CCCCCC#CC#CCC(CCCCCCC(=O)O)O	4.80000019	5312837	COCONUT:(CNP0391849);Natural Products:(UNPD30916);PubChem:(5312837)	2129922
11	1	N/A	-89.15434800229642	C18H28O3	[M + H]+	QWRJRLCIDLDGLM	InChI=1S/C18H28O3/c1-2-3-4-13-16-21-17-14-11-9-7-5-6-8-10-12-15-18(19)20/h3-4,9,11,13-14,16-17H,2,5-8,10,12,15H2,1H3,(H,19,20)	Etherolenic acid	CCC=CC=COC=CC=CCCCCCCCC(=O)O	5.28191662	23724709;71446765;101716242;101716244;134820435;134820457;134820498	PubChem:(23724709 71446765 101716242 101716244 134820435 134820457 134820498);CHEBI:(80443);ZINC bio:(ZINC30730621);KEGG:(C16319);PubMed;Biocyc:(CPD-21297 CPD-21301 CPD-21298)	10594
12	1	N/A	-91.2102002587526	C18H28O3	[M + H]+	AAJODOMQIUQTFG	InChI=1S/C18H28O3/c1-2-3-4-5-7-10-13-16-17(21-16)14-11-8-6-9-12-15-18(19)20/h3-4,7,10,13,17H,2,5-6,8-9,11-12,14-15H2,1H3,(H,19,20)	9,10-Epoxyoctadecatrienoic acid	CCC=CCC=CC=C1C(O1)CCCCCCCC(=O)O	4.9000001	23724711;25202728;25245491;91820017;102165368	PubChem:(23724711 25202728 25245491 91820017 102165368);CHEBI:(80445);PubChem class - bio and metabolites;KEGG:(C16324);Plantcyc:(CPD-8682);Biocyc:(CPD-8682)	16910626
13	1	N/A	-95.41575221100224	C18H28O3	[M + H]+	FHISTCNLGBJMKN	InChI=1S/C18H28O3/c1-2-3-4-5-8-11-14-17(19)15-12-9-6-7-10-13-16-18(20)21/h12,15H,2-5,7-8,10-11,13-14,16H2,1H3,(H,20,21)	8-Octadecen-6-ynoicacid, 10-oxo-, (8E)-	CCCCCCCCC(=O)C=CC#CCCCCC(=O)O	5.0	57357377	COCONUT:(CNP0183243);Natural Products:(UNPD119467);PubChem:(57357377)	2129922
14	1	N/A	-95.87112945909492	C18H28O3	[M + H]+	YZBZORUZOSCZRN	InChI=1S/C18H28O3/c1-2-3-10-13-16-17(21-16)14-11-8-6-4-5-7-9-12-15-18(19)20/h3,8,10-11,14,16H,2,4-7,9,12-13,15H2,1H3,(H,19,20)	epoxylinolenic acid	CCC=CCC1C(=CC=CCCCCCCCC(=O)O)O1	5.0	644080;440433;5280712;5497151;9548585;16061041;16069997;20843327;20843328;21158458;21158459;25244011;87570476;87220917;87440564;90121910	COCONUT:(CNP0081386 CNP0246690);PubChem:(644080 440433 5280712 5497151 9548585 16061041 16069997 20843327 20843328 21158458 21158459 25244011 87570476 87220917 87440564 90121910);SuperNatural:(SN00215527);CHEBI:(136633 15653 134055 36438);PubChem class - bio and metabolites;KEGG:(C04672);Plantcyc:(CPD-728);PubMed;Biocyc:(CPD-728)	20056418
15	1	N/A	-99.73683842371396	C18H28O3	[M + H]+	YUVVYHALXOFCQY	InChI=1S/C18H28O3/c1-2-3-4-5-8-11-14-17(19)15-12-9-6-7-10-13-16-18(20)21/h3-4,6,8-9,11-12,15,17,19H,2,5,7,10,13-14,16H2,1H3,(H,20,21)	(6Z,8Z,12Z,15Z)-10-hydroxyoctadeca-6,8,12,15-tetraenoate	CCC=CCC=CCC(C=CC=CCCCCC(=O)O)O	4.0999999	44222893;46872291;59755727;72553385	COCONUT:(CNP0311059);Natural Products:(UNPD6909);PubChem:(44222893 46872291 59755727 72553385);SuperNatural:(SN00331694)	3178498
16	1	N/A	-105.31519977983247	C18H28O3	[M + H]+	KICRKYKTMPUVKC	InChI=1S/C18H28O3/c1-2-3-4-5-6-7-8-11-14-17(19)15-12-9-10-13-16-18(20)21/h2,7-8,17,19H,1,3-6,9-10,12-13,15-16H2,(H,20,21)	(-)-8-hydroxy-11E,17-octadecadien-9-ynoic acid	C=CCCCCC=CC#CC(CCCCCCC(=O)O)O	4.5999999	5312834	COCONUT:(CNP0323475);Natural Products:(UNPD8545);PubChem:(5312834)	2129922
17	1	N/A	-105.83746562780246	C18H28O3	[M + H]+	DTRGDWOPRCXRET	InChI=1S/C18H28O3/c1-2-3-4-5-6-7-8-9-10-11-12-13-14-17(19)15-16-18(20)21/h5-10H,2-4,11-16H2,1H3,(H,20,21)	Couepic acid	CCCCC=CC=CC=CCCCCC(=O)CCC(=O)O	4.4000001	101804;5281118;5318988;6325523	NORMAN:(NS00042832);COCONUT:(CNP0042567 CNP0154827);KNApSAcK:(1222);Natural Products:(UNPD177119 UNPD193190);PubChem:(101804 5281118 5318988 6325523);SuperNatural:(SN00267295 SN00160389 SN00356972);CHEBI:(28771);KEGG:(C08319)	3440946
18	1	N/A	-108.16100147417886	C18H28O3	[M + H]+	GJJQSLHKYMBDMD	InChI=1S/C18H28O3/c1-2-3-4-5-6-7-8-9-10-11-12-13-14-17(19)15-16-18(20)21/h2,7-8,15-16H,1,3-6,9-14H2,(H,20,21)	(2E,11Z)-4-oxooctadeca-2,11,17-trienoic Acid	C=CCCCCC=CCCCCCCC(=O)C=CC(=O)O	5.0999999	11818661	COCONUT:(CNP0275058);Natural Products:(UNPD181229);PubChem:(11818661);SuperNatural:(SN00396290)	3178498
19	1	N/A	-108.99547919030812	C18H28O3	[M + H]+	CJWSTQBYJWFAJS	InChI=1S/C18H28O3/c1-2-17(20)13-9-6-7-11-15-18(21)14-10-5-3-4-8-12-16-19/h11,15,17-21H,2-5,8,10,12,14,16H2,1H3	null	CCC(C#CC#CC=CC(CCCCCCCCO)O)O	3.29999995	53348970	COCONUT:(CNP0254829);Natural Products:(UNPD36715);PubChem:(53348970)	2129922
20	1	N/A	-111.5059494605162	C18H28O3	[M + H]+	DFVZVNJGUDAZDP	InChI=1S/C18H28O3/c1-2-3-4-5-6-8-11-14-17(19)15-12-9-7-10-13-16-18(20)21/h4-5,11,14,17,19H,2-3,7,9-10,12-13,15-16H2,1H3,(H,20,21)	9-hydroxy-10E,14Z-octadecadien-12-ynoic acid	CCCC=CC#CC=CC(CCCCCCCC(=O)O)O	4.69999981	5312835;14757745	COCONUT:(CNP0204929);Natural Products:(UNPD207763);PubChem:(5312835 14757745);PubMed	2129986
21	1	N/A	-118.08208804178406	C18H28O3	[M + H]+	APWVQFPFWVNZPF	InChI=1S/C18H28O3/c1-2-3-4-5-6-7-8-9-10-11-14-17(19)15-12-13-16-18(20)21/h17,19H,2-8,12-13,15-16H2,1H3,(H,20,21)	6-hydroxy-7,9-octadecadiynoic acid	CCCCCCCCC#CC#CC(CCCCC(=O)O)O	4.80000019	14309408	COCONUT:(CNP0400127);Natural Products:(UNPD148346);PubChem:(14309408)	2129922
22	1	N/A	-118.46339514264729	C18H28O3	[M + H]+	NQKZDMRQSOUOJH	InChI=1S/C18H28O3/c1-2-3-7-11-16-17(21-16)14-13-15-10-8-5-4-6-9-12-18(19)20-15/h3,7,13-17H,2,4-6,8-12H2,1H3	gloeolactone	CCC=CCC1C(O1)C=CC2CCCCCCCC(=O)O2	4.4000001	10517777;10517778;10589748;10589750;10780007;10266359;101096866;101096867;101096868;101936988	COCONUT:(CNP0308375);Natural Products:(UNPD175772 UNPD176923);PubChem:(10517777 10517778 10589748 10589750 10780007 10266359 101096866 101096867 101096868 101936988);SuperNatural:(SN00225249 SN00308778);PubMed	3178562
23	1	N/A	-123.0133612840385	C18H28O3	[M + H]+	UAPHRLWQVWHFJC	InChI=1S/C18H28O3/c1-2-17(20)13-10-11-15-18(21)14-9-7-5-3-4-6-8-12-16-19/h9,14,17-21H,2-8,12,16H2,1H3	null	CCC(C#CC#CC(C=CCCCCCCCCO)O)O	3.4000001	102336598	COCONUT:(CNP0215030);Natural Products:(UNPD75727);PubChem:(102336598)	2129922
24	1	N/A	-127.65830467349461	C18H28O3	[M + H]+	NSMPAJLGSQXBPP	InChI=1S/C18H28O3/c1-2-3-4-5-6-7-8-9-11-14-17(19)15-12-10-13-16-18(20)21/h6-7,9,11,17,19H,2-5,8,10,13-14,16H2,1H3,(H,20,21)	(9Z,12Z)-7-hydroxyoctadeca-9,12-dien-5-ynoic acid	CCCCCC=CCC=CCC(C#CCCCC(=O)O)O	4.30000019	23247571	COCONUT:(CNP0111709);Natural Products:(UNPD31194);PubChem:(23247571)	2129922
25	1	N/A	-128.48006400047333	C18H28O3	[M + H]+	QIMVLWYRLMXOML	InChI=1S/C18H28O3/c1-14(2)8-5-12-17(18(20)21)13-7-10-15(3)9-6-11-16(4)19/h8-9,13H,5-7,10-12H2,1-4H3,(H,20,21)	null	CC(=CCCC(=CCCC(=CCCC(=O)C)C)C(=O)O)C	4.30000019	16655283;16125348	COCONUT:(CNP0194072 CNP0290101);KNApSAcK:(30533);Natural Products:(UNPD70382 UNPD114650);PubChem:(16655283 16125348);SuperNatural:(SN00143444 SN00280745)	3178514
26	1	N/A	-128.83197832653832	C18H28O3	[M + H]+	YUAMLBJTILMTGK	InChI=1S/C18H28O3/c1-2-3-4-5-6-7-8-9-10-11-12-13-14-17(19)15-16-18(20)21/h2,9-10,15-16H,1,3-8,11-14H2,(H,20,21)	null	C=CCCCCCCC=CCCCCC(=O)C=CC(=O)O	5.0999999	102586821	COCONUT:(CNP0210689);Natural Products:(UNPD51893);PubChem:(102586821);SuperNatural:(SN00243759)	3178498
27	1	N/A	-145.60037427143968	C18H28O3	[M + H]+	NTSLXGQBSLVZGL	InChI=1S/C18H28O3/c1-2-16(19)17-14-12-10-8-6-4-3-5-7-9-11-13-15-18(20)21-17/h4-7,10,12,16-17,19H,2-3,8-9,11,13-15H2,1H3	null	CCC(C1CC=CCC=CCC=CCCCCC(=O)O1)O	4.5999999	10780004	COCONUT:(CNP0306523);Natural Products:(UNPD63771);PubChem:(10780004);SuperNatural:(SN00313463)	3178498
28	1	N/A	-150.92947725473908	C18H28O3	[M + H]+	SLOVMPRLEGRJSP	InChI=1S/C18H28O3/c1-2-3-4-5-8-11-14-17(19)15-12-9-6-7-10-13-16-18(20)21/h6-12,15,17,19H,2-5,13-14,16H2,1H3,(H,20,21)	null	CCCCCC=CCC(C=CC=CC=CCCC(=O)O)O	4.5	54312051;101925463	MeSH:(54312051);PubChem:(54312051 101925463);PubMed	70
29	1	N/A	-155.57543831562276	C18H28O3	[M + H]+	JTSYZNWZAZGCRT	InChI=1S/C18H28O3/c1-2-17-16(19)14-12-10-8-6-4-3-5-7-9-11-13-15-18(20)21-17/h4-7,10,12,16-17,19H,2-3,8-9,11,13-15H2,1H3	null	CCC1C(CC=CCC=CCC=CCCCCC(=O)O1)O	4.5999999	10803596	COCONUT:(CNP0186867);Natural Products:(UNPD108007);PubChem:(10803596);SuperNatural:(SN00299842)	3178498
30	1	N/A	-176.32121049858216	C18H28O3	[M + H]+	XQUGJIFOYBNDBQ	InChI=1S/C18H28O3/c1-12-6-7-13-4-2-3-5-17(13)16(12)9-8-15-10-14(19)11-18(20)21-15/h6-7,12-17,19H,2-5,8-11H2,1H3	null	CC1C=CC2CCCCC2C1CCC3CC(CC(=O)O3)O	4.0999999	38363010;45359535;51694301;51694302;51694303;51694304;101116324;124827952;124827953	COCONUT:(CNP0347316);PubChem:(38363010 45359535 51694301 51694302 51694303 51694304 101116324 124827952 124827953);SuperNatural:(SN00038211 SN00034164 SN00034165 SN00038210 SN00034166 SN00034167 SN00038213 SN00038212);ZINC bio:(ZINC31169290 ZINC31169294 ZINC31169297 ZINC31169301 ZINC35465219 ZINC35465222 ZINC35465225 ZINC35465227);additional;Training Set;KEGG Mine	8593629186
31	1	N/A	-179.07697430398764	C18H28O3	[M + H]+	LRNWRHRCWTZGNY	InChI=1S/C18H28O3/c1-4-6-7-8-9-10-15-18(21-3)17(20)14-12-11-13-16(19)5-2/h5,16-20H,2,4,6-10,15H2,1,3H3	9-methoxyheptadec-1-en-4,6-diyne-3,8-diol	CCCCCCCCC(C(C#CC#CC(C=C)O)O)OC	4.0999999	5319441	PubChem:(5319441);COCONUT:(CNP0109213)	2097154
32	1	N/A	-187.4267158441212	C18H28O3	[M + H]+	XIILEOHFUKMEBS	InChI=1S/C18H28O3/c1-4-5-6-7-8-9-10-11-12-13-17(20-3)16-14-15(2)21-18(16)19/h4,14,17H,1-2,5-13H2,3H3	null	COC(CCCCCCCCCC=C)C1=CC(=C)OC1=O	5.5999999	9994490	COCONUT:(CNP0262175);Natural Products:(UNPD95679);PubChem:(9994490);SuperNatural:(SN00308170)	3178498
33	1	N/A	-194.48955222413073	C18H28O3	[M + H]+	PSBRSUDXSHBUIU	InChI=1S/C18H28O3/c1-4-5-6-7-8-9-10-11-12-13-14-17(15-16(2)19)18(20)21-3/h1,14H,5-13,15H2,2-3H3	null	CC(=O)CC(=CCCCCCCCCCC#C)C(=O)OC	4.90786743	""	COCONUT:(CNP0273245);Natural Products:(UNPD85422)	2129920
34	1	N/A	-195.48978704840502	C18H28O3	[M + H]+	QSLYECSTHSYXDL	InChI=1S/C18H28O3/c1-4-6-7-8-12-15-18(21-3)17(20)14-11-9-10-13-16(19)5-2/h5,16-20H,2,4,6-8,12,14-15H2,1,3H3	10-methoxyheptadec-1-en-4,6-diyne-3,9-diol	CCCCCCCC(C(CC#CC#CC(C=C)O)O)OC	4.0	5320688;16655448;16655450;16655582;16656203;16656205	COCONUT:(CNP0146603);HMDB:(38035);Natural Products:(UNPD96745 UNPD184968);PubChem:(5320688 16655448 16655450 16655582 16656203 16656205);CHEBI:(142269);PubChem class - bio and metabolites;KEGG Mine	8608841770
35	1	N/A	-198.06315415724194	C18H28O3	[M + H]+	PDQDPBXUHQIIKF	InChI=1S/C18H28O3/c1-18-7-6-12-11-3-2-10(19)8-14(11)16(20)9-13(12)15(18)4-5-17(18)21/h10-16,19-20H,2-9H2,1H3	(3R,5S,6R,8R,9S,10R,13S,14S)-3,6-dihydroxy-13-methyl-2,3,4,5,6,7,8,9,10,11,12,14,15,16-tetradecahydro-1H-cyclopenta[a]phenanthren-17-one	CC12CCC3C4CCC(CC4C(CC3C1CCC2=O)O)O	2.0999999	21580614;21580615;102211771	COCONUT:(CNP0113746);Natural Products:(UNPD43754);PubChem:(21580614 21580615 102211771);SuperNatural:(SN00367767)	3178498
36	1	N/A	-205.21241644181862	C18H28O3	[M + H]+	NEJZHJHZOUISSH	InChI=1S/C18H28O3/c1-2-3-4-5-6-7-8-9-10-15-21-17-13-11-16(12-14-17)18(19)20/h11-14H,2-10,15H2,1H3,(H,19,20)	4-undecoxybenzoate	CCCCCCCCCCCOC1=CC=C(C=C1)C(=O)O	5.78125	519187;1810390	PubChem:(519187 1810390);PubChem class - safety and toxic	67108866
37	1	N/A	-206.99778725785418	C18H28O3	[M + H]+	LSMAUQIQTAVNFS	InChI=1S/C18H28O3/c1-4-6-8-10-12-14-16(19)18(20)17(21-3)15-13-11-9-7-5-2/h5,16-20H,2,4,6-7,9,11,13,15H2,1,3H3	null	CCCC#CC#CC(C(C(CCCCCC=C)OC)O)O	3.79999995	15730330	COCONUT:(CNP0339923);Natural Products:(UNPD50784);PubChem:(15730330)	2129922
38	1	N/A	-208.90405572714923	C18H28O3	[M + H]+	IUVFRVBMKOCTCP	InChI=1S/C18H28O3/c1-11(19)3-4-14-12-9-10-18(2)15(6-8-17(18)21)13(12)5-7-16(14)20/h12-15,17,21H,3-10H2,1-2H3	17-beta-Hydroxy-4,5-secooestrane-3,5-dione	CC(=O)CCC1C2CCC3(C(C2CCC1=O)CCC3O)C	2.0999999	114418;21119233;22792587;101099029	PubChem:(114418 21119233 22792587 101099029);NORMAN:(NS00053314)	262146
39	1	N/A	-209.52199833120036	C18H28O3	[M + H]+	HTPPATYWLRBHDR	InChI=1S/C18H28O3/c1-12-6-5-7-15-17(12,3)11-9-14(16(20)21)18(15,4)10-8-13(2)19/h6,14-15H,5,7-11H2,1-4H3,(H,20,21)	null	CC1=CCCC2C1(CCC(C2(C)CCC(=O)C)C(=O)O)C	3.29999995	15378120	COCONUT:(CNP0247766);Natural Products:(UNPD56858);PubChem:(15378120);SuperNatural:(SN00324404)	3178498
40	1	N/A	-210.0797092194327	C18H28O3	[M + H]+	MWTVKHPOHVKKET	InChI=1S/C18H28O3/c1-18-7-6-13-12-3-2-11(19)8-10(12)9-15(20)17(13)14(18)4-5-16(18)21/h10-15,17,19-20H,2-9H2,1H3	null	CC12CCC3C4CCC(CC4CC(C3C1CCC2=O)O)O	2.97097015	""	COCONUT:(CNP0333234);Natural Products:(UNPD98875);SuperNatural:(SN00389107)	3178496
41	1	N/A	-210.105490790768	C18H28O3	[M + H]+	YQYVOHICSWXXAJ	InChI=1S/C18H28O3/c1-2-3-4-5-6-7-10-18(20)21-15-8-9-16-11-13-17(19)14-12-16/h11-14,19H,2-10,15H2,1H3	null	CCCCCCCCC(=O)OCCCC1=CC=C(C=C1)O	5.49367476	""	COCONUT:(CNP0139812);Natural Products:(UNPD192132);SuperNatural:(SN00383627)	3178496
42	1	N/A	-210.72354715322018	C18H28O3	[M + H]+	WPGKEQMMTRTWDF	InChI=1S/C18H28O3/c1-4-5-6-7-8-9-16(19)12-10-15-11-13-17(20-2)18(14-15)21-3/h11,13-14H,4-10,12H2,1-3H3	null	CCCCCCCC(=O)CCC1=CC(=C(C=C1)OC)OC	5.08940172	85807832	COCONUT:(CNP0399688);KNApSAcK:(35687);PubChem:(85807832);SuperNatural:(SN00163736);KEGG Mine	8593080338
43	1	N/A	-211.9089883106274	C18H28O3	[M + H]+	WPFIJMIBEGNIHW	InChI=1S/C18H28O3/c1-2-3-4-5-6-7-8-9-10-12-15(19)18-16(20)13-11-14-17(18)21/h11,13-14,20-21H,2-10,12H2,1H3	Phen-1,3-diol, 2-dodecanoyl-	CCCCCCCCCCCC(=O)C1=C(C=CC=C1O)O	6.5999999	365016	COCONUT:(CNP0299505);Natural Products:(UNPD55306);PubChem:(365016);SuperNatural:(SN00050595);ZINC bio:(ZINC01622614);additional;Training Set;PubMed	3727426
44	1	N/A	-213.2948951453928	C18H28O3	[M + H]+	GRZIQOGCJOLRQO	InChI=1S/C18H28O3/c1-12-7-8-15-14(17(12,3)11-9-13(2)19)6-5-10-18(15,4)16(20)21/h6,12,15H,5,7-11H2,1-4H3,(H,20,21)	null	CC1CCC2C(=CCCC2(C)C(=O)O)C1(C)CCC(=O)C	3.7222147	""	COCONUT:(CNP0180850);Natural Products:(UNPD97654 UNPD118619);SuperNatural:(SN00343179)	3178496
45	1	N/A	-216.8901785281975	C18H28O3	[M + H]+	LRYVDYNQYBMNJP	InChI=1S/C18H28O3/c1-3-4-5-6-7-8-9-10-11-12-15-13-16(19)14-17(21-2)18(15)20/h13-14H,3-12H2,1-2H3	null	CCCCCCCCCCCC1=CC(=O)C=C(C1=O)OC	5.9000001	44559530	COCONUT:(CNP0330036);Natural Products:(UNPD94338);PubChem:(44559530);SuperNatural:(SN00301808);MeSH:(44559530);PubMed	3178566
46	1	N/A	-219.93785558217638	C18H28O3	[M + H]+	XWKFUHRLLPQKDR	InChI=1S/C18H28O3/c1-2-3-4-5-6-10-16(19)11-8-7-9-15-12-13-17(20)18(21)14-15/h12-14,20-21H,2-11H2,1H3	null	CCCCCCCC(=O)CCCCC1=CC(=C(C=C1)O)O	5.16837025	""	COCONUT:(CNP0166484);Natural Products:(UNPD71458);SuperNatural:(SN00238658)	3178496
47	1	N/A	-226.77340081020444	C18H28O3	[M + H]+	WJXLWXJYJCBHME	InChI=1S/C18H28O3/c1-12-6-9-15-17(3,14(12)8-7-13(2)19)10-5-11-18(15,4)16(20)21/h14-15H,1,5-11H2,2-4H3,(H,20,21)	(1S,4aR,5S,8aR)-1,4a-dimethyl-6-methylidene-5-(3-oxobutyl)-3,4,5,7,8,8a-hexahydro-2H-naphthalene-1-carboxylic acid	CC(=O)CCC1C(=C)CCC2C1(CCCC2(C)C(=O)O)C	3.4000001	10565597;21635785;71546126	COCONUT:(CNP0181540);Natural Products:(UNPD229535 UNPD80861 UNPD12766);PubChem:(10565597 21635785 71546126);SuperNatural:(SN00382441 SN00365166)	3178498
48	1	N/A	-228.23038523010442	C18H28O3	[M + H]+	LGEIXYGSQMJMKE	InChI=1S/C18H28O3/c1-2-15-14-12-16-18(21-16)13(14)10-8-6-4-3-5-7-9-11-17(19)20-15/h8,10,13-16,18H,2-7,9,11-12H2,1H3	Ecklonialactone B	CCC1C2CC3C(C2C=CCCCCCCCC(=O)O1)O3	4.5999999	6438442;14282403;23428256;135061432;135062110	COCONUT:(CNP0126237);Natural Products:(UNPD111470);PubChem:(6438442 14282403 23428256 135061432 135062110);SuperNatural:(SN00401419);MeSH:(6438442 23428256);PubMed	3178566
49	1	N/A	-235.97348520565373	C18H28O3	[M + H]+	CNKCFVAEACZBPL	InChI=1S/C18H28O3/c1-3-4-5-6-7-8-9-16(19)12-10-15-11-13-17(20)18(14-15)21-2/h11,13-14,20H,3-10,12H2,1-2H3	3-Undecanone, 1-(4-hydroxy-3-methoxyphenyl)-	CCCCCCCCC(=O)CCC1=CC(=C(C=C1)O)OC	5.12888575	13733135	COCONUT:(CNP0114705);HMDB:(40806);KNApSAcK:(35032);Natural Products:(UNPD87095);PubChem:(13733135);SuperNatural:(SN00334171);PubChem class - bio and metabolites;PubMed	19955802
50	1	N/A	-237.13069980482197	C18H28O3	[M + H]+	KMTXKMXDKGLFCK	InChI=1S/C18H28O3/c1-17-8-7-14-12(13(17)5-6-15(17)19)4-3-11-9-16(20)21-10-18(11,14)2/h11-15,19H,3-10H2,1-2H3	17|A-hydroxy-2-oxa-5|A-androstan-3-one	CC12CCC3C(C1CCC2O)CCC4C3(COC(=O)C4)C	3.36833882	252289;4562700;58356502;69104070;92316339;92316340;92316388;92316389	COCONUT:(CNP0236500);PubChem:(252289 4562700 58356502 69104070 92316339 92316340 92316388 92316389);SuperNatural:(SN00214686);CHEBI:(79436);KEGG:(C14911);PubMed	3146082
51	1	N/A	-237.7733702929318	C18H28O3	[M + H]+	PVYKKUGCNXURBV	InChI=1S/C18H28O3/c1-3-4-5-6-7-8-9-10-15-21-17-13-11-16(12-14-17)18(19)20-2/h11-14H,3-10,15H2,1-2H3	methyl 4-decoxybenzoate	CCCCCCCCCCOC1=CC=C(C=C1)C(=O)OC	5.74176598	3574987	PubChem class - safety and toxic;PubChem:(3574987);PubMed	67108930
52	1	N/A	-238.3820666601369	C18H28O3	[M + H]+	QWBXOCNPBJFCSB	InChI=1S/C18H28O3/c1-12-8-10-18(4)14(16(20)21)6-5-7-15(18)17(12,3)11-9-13(2)19/h6,12,15H,5,7-11H2,1-4H3,(H,20,21)	null	CC1CCC2(C(C1(C)CCC(=O)C)CCC=C2C(=O)O)C	4.0999999	101324816	COCONUT:(CNP0275711);Natural Products:(UNPD108958);PubChem:(101324816);SuperNatural:(SN00297376)	3178498
53	1	N/A	-240.9736113939788	C18H28O3	[M + H]+	QXQMENSTZKYZCE	InChI=1S/C18H28O3/c1-7-17(3,4)13-9-10-15(21-12-16(19)20)14(11-13)18(5,6)8-2/h9-11H,7-8,12H2,1-6H3,(H,19,20)	Oprea1_260726	CCC(C)(C)C1=CC(=C(C=C1)OCC(=O)O)C(C)(C)CC	5.05291033	83411;6931458	NORMAN:(NS00024322);PubChem class - safety and toxic;PubChem:(83411 6931458)	67371010
54	1	N/A	-243.1660557957909	C18H28O3	[M + H]+	RSPXKHIGUUKIRP	InChI=1S/C18H28O3/c1-6-15(4)18(21)16(5)12-14(3)9-7-8-13(2)10-11-17(19)20/h6-7,9-10,12,16,18,21H,8,11H2,1-5H3,(H,19,20)	null	CC=C(C)C(C(C)C=C(C)C=CCC(=CCC(=O)O)C)O	4.69999981	125416496;125416497;125416498;125416499;129008978	COCONUT:(CNP0086900);Training Set;PubChem:(125416496 125416497 125416498 125416499 129008978)	2113538
55	1	N/A	-243.34508445745033	C18H28O3	[M + H]+	DFLRQQOMLLBRKN	InChI=1S/C18H28O3/c1-3-4-5-6-7-8-9-10-13-21-17-12-11-16(15-19)14-18(17)20-2/h11-12,14-15H,3-10,13H2,1-2H3	4-decoxy-3-methoxybenzaldehyde	CCCCCCCCCCOC1=C(C=C(C=C1)C=O)OC	5.80000019	3572058	PubChem:(3572058);PubChem class - safety and toxic	67108866
56	1	N/A	-249.51553130291035	C18H28O3	[M + H]+	YMRDFGZGYLPGPW	InChI=1S/C18H28O3/c1-3-4-5-6-7-8-9-10-14-21-17-13-11-12-16(15-17)18(19)20-2/h11-13,15H,3-10,14H2,1-2H3	Methyl 3-decoxybenzoate	CCCCCCCCCCOC1=CC=CC(=C1)C(=O)OC	5.74176598	4143720	PubChem:(4143720);PubChem class - safety and toxic	67108866
57	1	N/A	-252.81389674702288	C18H28O3	[M + H]+	CXNZCFVPMJZWJF	InChI=1S/C18H28O3/c1-18-8-12(20)7-15(18)14-4-2-10-6-11(19)3-5-13(10)17(14)16(21)9-18/h10,12-17,20-21H,2-9H2,1H3	null	CC12CC(CC1C3CCC4CC(=O)CCC4C3C(C2)O)O	2.68339491	""	COCONUT:(CNP0184938);Natural Products:(UNPD130211);SuperNatural:(SN00361759)	3178496
58	1	N/A	-255.0477370458021	C18H28O3	[M + H]+	NZAAUHVZNQSNCV	InChI=1S/C18H28O3/c1-13(6-5-7-14(2)20)8-9-16-15(3)17(21)10-11-18(16,4)12-19/h6,8-9,14,19-20H,5,7,10-12H2,1-4H3	null	CC1=C(C(CCC1=O)(C)CO)C=CC(=CCCC(C)O)C	2.70000005	16107307;101536857	COCONUT:(CNP0199704);Natural Products:(UNPD181091 UNPD10263);PubChem:(16107307 101536857);SuperNatural:(SN00258797 SN00360295)	3178498
59	1	N/A	-257.5649418056211	C18H28O3	[M + H]+	WLCQFJVNKAFPHT	InChI=1S/C18H28O3/c1-4-5-6-7-8-9-10-11-17(19)16-14-15(20-2)12-13-18(16)21-3/h12-14H,4-11H2,1-3H3	2'',5''-Dimethoxydecanophenone	CCCCCCCCCC(=O)C1=C(C=CC(=C1)OC)OC	5.5999999	3033006	PubChem:(3033006);PubChem class - safety and toxic	67108866
60	1	N/A	-261.89812265858427	C18H28O3	[M + H]+	YVSIRBTWQSGOBH	InChI=1S/C18H28O3/c1-4-5-6-7-8-9-10-11-18(19)15-12-16(20-2)14-17(13-15)21-3/h12-14H,4-11H2,1-3H3	1-(3,5-Dimethoxyphenyl)decan-1-one	CCCCCCCCCC(=O)C1=CC(=CC(=C1)OC)OC	5.5999999	71816144	PubChem:(71816144);PubMed;PubChem class - bio and metabolites	16777282
61	1	N/A	-262.9057585446178	C18H28O3	[M + H]+	XEZFYRLYOQMUJU	InChI=1S/C18H28O3/c1-12(19)6-8-14-13(16(20)21)7-9-15-17(2,3)10-5-11-18(14,15)4/h7,14-15H,5-6,8-11H2,1-4H3,(H,20,21)	null	CC(=O)CCC1C(=CCC2C1(CCCC2(C)C)C)C(=O)O	3.7222147	""	COCONUT:(CNP0251224);KNApSAcK:(23388);Natural Products:(UNPD16828 UNPD50211);SuperNatural:(SN00343991 SN00321832)	3178512
62	1	N/A	-264.00069529912673	C18H28O3	[M + H]+	IWUPZPJBWFXWOI	InChI=1S/C18H28O3/c1-7-16(20-11-13(2)3)15-8-9-17(18(10-15)19-6)21-12-14(4)5/h7-10,13-14,16H,1,11-12H2,2-6H3	null	CC(C)COC1=C(C=C(C=C1)C(C=C)OCC(C)C)OC	4.58000278	""	COCONUT:(CNP0290595);Natural Products:(UNPD159946);SuperNatural:(SN00385996)	3178496
63	1	N/A	-264.62446782816073	C18H28O3	[M + H]+	KWYIZCAVXFLWSZ	InChI=1S/C18H28O3/c1-2-3-4-5-6-7-8-9-10-12-15-13-11-14-16(19)17(15)18(20)21/h11,13-14,19H,2-10,12H2,1H3,(H,20,21)	null	CCCCCCCCCCCC1=C(C(=CC=C1)O)C(=O)O	7.30000019	10946274	COCONUT:(CNP0292630);Natural Products:(UNPD66102 UNPD16208);PubChem:(10946274);SuperNatural:(SN00294824)	3178498
64	1	N/A	-281.22423576774	C18H28O3	[M + H]+	RYAPXWXREQUXBI	InChI=1S/C18H28O3/c1-6-13(3)16(12-19)9-8-15-11-18(21-5)17(20-4)10-14(15)7-2/h10-13,16H,6-9H2,1-5H3	null	CCC1=CC(=C(C=C1CCC(C=O)C(C)CC)OC)OC	5.04422235	""	COCONUT:(CNP0310170);Natural Products:(UNPD68016);SuperNatural:(SN00287924)	3178496
65	1	N/A	-281.3883432359081	C18H28O3	[M + H]+	LNJSVPNNIXQXHB	InChI=1S/C18H28O3/c1-15(2)9-7-5-3-4-6-8-14-21-18(20)16-10-12-17(19)13-11-16/h10-13,15,19H,3-9,14H2,1-2H3	null	CC(C)CCCCCCCCOC(=O)C1=CC=C(C=C1)O	5.56167841	58159123	COCONUT:(CNP0237595);Natural Products:(UNPD107694);PubChem:(58159123);SuperNatural:(SN00329363)	3178498
66	1	N/A	-292.51735417226365	C18H28O3	[M + H]+	DNACOAAHNFXRTM	InChI=1S/C18H28O3/c1-16-6-5-14(20)8-12(16)4-7-17-9-13(2-3-15(16)17)18(21,10-17)11-19/h12-13,15,19,21H,2-11H2,1H3	null	CC12CCC(=O)CC1CCC34C2CCC(C3)C(C4)(CO)O	2.0999999	4596648;6708726	PubChem:(4596648 6708726);COCONUT:(CNP0338835)	2097154
67	1	N/A	-292.659824743327	C18H28O3	[M + H]+	JXOIHUQGYNBPCC	InChI=1S/C18H28O3/c1-12(20)6-7-14-13(2)15(21)10-16-17(3,11-19)8-5-9-18(14,16)4/h6-7,14-16,19,21H,2,5,8-11H2,1,3-4H3	null	CC(=O)C=CC1C(=C)C(CC2C1(CCCC2(C)CO)C)O	2.29999995	102472834	COCONUT:(CNP0215738);Natural Products:(UNPD145238);PubChem:(102472834)	2129922
68	1	N/A	-293.46017030791495	C18H28O3	[M + H]+	GDDHSNYWKRZZQI	InChI=1S/C18H28O3/c1-12(19)9-13-10-17(4)7-6-8-18(17,5)15(20)14(13)11-16(2,3)21/h21H,6-11H2,1-5H3	null	CC(=O)CC1=C(C(=O)C2(CCCC2(C1)C)C)CC(C)(C)O	2.20000005	25156428	COCONUT:(CNP0144600);Natural Products:(UNPD113863);PubChem:(25156428);SuperNatural:(SN00371183)	3178498
69	1	N/A	-299.1136387395974	C18H28O3	[M + H]+	HBRFKORKLCCQOQ	InChI=1S/C18H28O3/c1-11-15(20)13(19)9-14-17(11,3)6-5-12-10-16(2,21)7-8-18(12,14)4/h12,14,20-21H,5-10H2,1-4H3	Tagalsin P	CC1=C(C(=O)CC2C1(CCC3C2(CCC(C3)(C)O)C)C)O	3.0999999	49831499	COCONUT:(CNP0403648);Natural Products:(UNPD28025);PubChem:(49831499);SuperNatural:(SN00285987);PubMed	3178562
70	1	N/A	-299.1203146835752	C18H28O3	[M + H]+	GTFMLRZLGJZNBV	InChI=1S/C18H28O3/c1-14(2)10-7-5-3-4-6-8-11-15-12-9-13-16(19)17(15)18(20)21/h9,12-14,19H,3-8,10-11H2,1-2H3,(H,20,21)	Salaceyin A	CC(C)CCCCCCCCC1=C(C(=CC=C1)O)C(=O)O	7.0	16098308	COCONUT:(CNP0290622);MeSH:(16098308);PubChem:(16098308);PubMed	2097222
71	1	N/A	-300.7153345998906	C18H28O3	[M + H]+	ZLIYHAIWQBHWRO	InChI=1S/C18H28O3/c1-4-5-6-7-8-9-10-11-12-13-14-16-17(20-3)15(2)21-18(16)19/h4,14,17H,1-2,5-13H2,3H3	null	COC1C(=C)OC(=O)C1=CCCCCCCCCCC=C	5.69999981	101667800;129834178	COCONUT:(CNP0181098);Natural Products:(UNPD103775);PubChem:(101667800 129834178);SuperNatural:(SN00238682)	3178498
72	1	N/A	-302.664033514508	C18H28O3	[M + H]+	MIXQIMNQZANDMA	InChI=1S/C18H28O3/c1-5-7-8-10-13(3)11-12-16-15(9-6-2)17(19)14(4)18(20)21-16/h11,19H,5-10,12H2,1-4H3	iromycin MO	CCCCCC(=CCC1=C(C(=C(C(=O)O1)C)O)CCC)C	5.4000001	54732498	COCONUT:(CNP0272899);PubChem:(54732498);PubMed	2097218
73	1	N/A	-313.4441851750517	C18H28O3	[M + H]+	IHHBZEDPSGRLEW	InChI=1S/C18H28O3/c1-8-15(19)21-11-12-9-13(17(2,3)4)16(20)14(10-12)18(5,6)7/h9-10,20H,8,11H2,1-7H3	ACMC-20lghu	CCC(=O)OCC1=CC(=C(C(=C1)C(C)(C)C)O)C(C)(C)C	5.0999999	16205665	PubChem:(16205665);NORMAN:(NS00066115)	262146
74	1	N/A	-314.94357380495495	C18H28O3	[M + H]+	CZLXQUDWYLAZQZ	InChI=1S/C18H28O3/c1-12-7-10-15(19)13(2)8-9-14-16(11-12)20-18(5,6)21-17(14,3)4/h11,14,16H,2,7-10H2,1,3-6H3	null	CC1=CC2C(CCC(=C)C(=O)CC1)C(OC(O2)(C)C)(C)C	2.9000001	10732427	COCONUT:(CNP0257423);Natural Products:(UNPD135315);PubChem:(10732427);SuperNatural:(SN00276005)	3178498
75	1	N/A	-314.9757589571766	C18H28O3	[M + H]+	UCVKCMREOJPPIO	InChI=1S/C18H28O3/c1-2-3-4-5-6-7-8-10-14-13-17(20)15-11-9-12-16(19)18(15)21-14/h13,16,19H,2-12H2,1H3	null	CCCCCCCCCC1=CC(=O)C2=C(O1)C(CCC2)O	4.5	101219430	COCONUT:(CNP0144924);Natural Products:(UNPD107648);PubChem:(101219430);SuperNatural:(SN00394065)	3178498
76	1	N/A	-317.8521771485387	C18H28O3	[M + H]+	JUVISUKSYZUMFB	InChI=1S/C18H28O3/c1-11-15-8-13-7-12(10-20)14(5-4-6-19)18(15,9-16(11)21)17(13,2)3/h12-14,19-20H,4-10H2,1-3H3	null	CC1=C2CC3CC(C(C2(C3(C)C)CC1=O)CCCO)CO	2.69468832	""	COCONUT:(CNP0143283);SuperNatural:(SN00171027)	3145728
77	1	N/A	-317.9945077601871	C18H28O3	[M + H]+	OVJQXJFASKBALI	InChI=1S/C18H28O3/c1-6-15(19)18-13(9-11(2)3)10-12(4)14(18)7-8-17(5,21)16(18)20/h9,12-14,21H,6-8,10H2,1-5H3	null	CCC(=O)C12C(CCC(C1=O)(C)O)C(CC2C=C(C)C)C	3.4000001	25215563	COCONUT:(CNP0262629);Natural Products:(UNPD182656);PubChem:(25215563);SuperNatural:(SN00313813)	3178498
78	1	N/A	-320.1758563893141	C18H28O3	[M + H]+	MQJPOSCYXGJLPQ	InChI=1S/C18H28O3/c1-5-16(19)20-13-14(2)7-6-10-18(4)15-8-11-17(3,21-18)12-9-15/h7-8,11,15H,5-6,9-10,12-13H2,1-4H3	null	CCC(=O)OCC(=CCCC1(C2CCC(O1)(C=C2)C)C)C	3.94204688	""	COCONUT:(CNP0416064);Natural Products:(UNPD118860);SuperNatural:(SN00247159)	3178496
79	1	N/A	-322.18920110696985	C18H28O3	[M + H]+	SZQVHHNSXMFIQI	InChI=1S/C18H28O3/c1-12(19)21-11-14-4-5-17-16(14)8-13-6-7-18(17,2)9-15(13)10-20-3/h9,13-14,16-17H,4-8,10-11H2,1-3H3	null	CC(=O)OCC1CCC2C1CC3CCC2(C=C3COC)C	3.32434273	""	COCONUT:(CNP0029636);Natural Products:(UNPD76212);SuperNatural:(SN00401568)	3178496
80	1	N/A	-327.66615808782393	C18H28O3	[M + H]+	GZXZIYNDNRYJAI	InChI=1S/C18H28O3/c1-13(2)7-4-8-14(3)9-5-10-15-11-6-12-16(19)17(15)18(20)21/h6,11-14,19H,4-5,7-10H2,1-3H3,(H,20,21)	6-(4'',8''-dimethylnonyl)salicylic acid	CC(C)CCCC(C)CCCC1=C(C(=CC=C1)O)C(=O)O	6.69999981	12071638	MeSH:(12071638);PubChem:(12071638);PubMed	70
81	1	N/A	-328.13082508779115	C18H28O3	[M + H]+	PXMJCECEFTYEKE	InChI=1S/C18H28O3/c1-17(2,3)13-10-12(8-9-15(19)21-7)11-14(16(13)20)18(4,5)6/h10-11,20H,8-9H2,1-7H3	Oprea1_220662	CC(C)(C)C1=CC(=CC(=C1O)C(C)(C)C)CCC(=O)OC	5.0	62603	NORMAN:(NS00010693);PubChem class - safety and toxic;PubChem:(62603)	67371010
82	1	N/A	-330.63949241506447	C18H28O3	[M + H]+	SMNWIHINAXZJMV	InChI=1S/C18H28O3/c1-5-21-10-12-9-18-11(2)6-7-13(17(18,3)4)8-14(18)15(12)16(19)20/h11-13H,5-10H2,1-4H3,(H,19,20)/p-1	null	CCOCC1CC23C(CCC(C2(C)C)CC3=C1C(=O)[O-])C	3.4685688	""	COCONUT:(CNP0176789 CNP0294955);SuperNatural:(SN00170909)	3145728
83	1	N/A	-335.864140357181	C18H28O3	[M + H]+	VEFWVOKQOAMEEI	InChI=1S/C18H28O3/c1-5-8-9-10-14(6-2)11-16-12-15(7-3)17(21-16)13-18(19)20-4/h9-10,12-14,16H,5-8,11H2,1-4H3	null	CCCC=CC(CC)CC1C=C(C(=CC(=O)OC)O1)CC	5.01365948	""	COCONUT:(CNP0423484);Natural Products:(UNPD220710)	2129920
84	1	N/A	-345.8086514363505	C18H28O3	[M + H]+	RKQSDAXYMAGIET	InChI=1S/C18H28O3/c1-13(2)9-19-11-15-6-7-16(18(5)12-21-18)17(8-15)20-10-14(3)4/h6-8,13-14H,9-12H2,1-5H3	2-methyl-2-[2-(2-methylpropoxy)-4-(2-methylpropoxymethyl)phenyl]oxirane	CC(C)COCC1=CC(=C(C=C1)C2(CO2)C)OCC(C)C	3.9000001	21630999	COCONUT:(CNP0140337);Natural Products:(UNPD31699);PubChem:(21630999);SuperNatural:(SN00393282)	3178498
85	1	N/A	-353.2508309563768	C18H28O3	[M + H]+	MHKGRXHGSXALIB	InChI=1S/C18H28O3/c1-12-8-15(19)9-13(2)18(12)7-6-14(10-18)17(5)11-20-16(3,4)21-17/h8,13-14H,6-7,9-11H2,1-5H3	null	CC1CC(=O)C=C(C12CCC(C2)C3(COC(O3)(C)C)C)C	2.79999995	102442060	COCONUT:(CNP0105269);Natural Products:(UNPD215361 UNPD221900);PubChem:(102442060)	2129922
86	1	N/A	-353.5122264742952	C18H28O3	[M + H]+	PPLRKWKEQMDOCT	InChI=1S/C18H28O3/c1-6-14(4)19-11-18(12-20-18)16-9-8-13(3)10-17(16)21-15(5)7-2/h8-10,14-15H,6-7,11-12H2,1-5H3	null	CCC(C)OCC1(CO1)C2=C(C=C(C=C2)C)OC(C)CC	4.3632288	""	COCONUT:(CNP0369113);Natural Products:(UNPD69295);SuperNatural:(SN00370995)	3178496
87	1	N/A	-355.0168413348771	C18H28O3	[M + H]+	AZOIPHHKXZQWIE	InChI=1S/C18H28O3/c1-6-9-10-14(7-2)12-18(4)13-15(8-3)16(21-18)11-17(19)20-5/h9-11,13-14H,6-8,12H2,1-5H3	spongosoritin A	CCC=CC(CC)CC1(C=C(C(=CC(=O)OC)O1)CC)C	4.30000019	11522149;21778120	COCONUT:(CNP0192657);Natural Products:(UNPD9096);PubChem:(11522149 21778120);SuperNatural:(SN00266965);PubMed	3178562
88	1	N/A	-358.6901944798788	C18H28O3	[M + H]+	DNFFPEBVRBASNE	InChI=1S/C18H28O3/c1-12-9-13(2)17(10-20-15(4)19)11-21-18(7-5-6-8-18)16(12)14(17)3/h9,13-14,16H,5-8,10-11H2,1-4H3	Oprea1_709963	CC1C=C(C2C(C1(COC23CCCC3)COC(=O)C)C)C	2.9000001	720032;1248509;927977;927978;3771312;7565006;16395414;40543315;50897966;50935485;124305337;124305342	COCONUT:(CNP0361796);PubChem:(720032 1248509 927977 927978 3771312 7565006 16395414 40543315 50897966 50935485 124305337 124305342);SuperNatural:(SN00049009 SN00075004);ZINC bio:(ZINC01057591 ZINC05529047)	3153922
89	1	N/A	-359.4712252089028	C18H28O3	[M + H]+	WAXILJQBZIRBRJ	InChI=1S/C18H28O3/c1-11-9-14-15(18(4,5)20-6)8-7-12(2)17(14)16(10-11)21-13(3)19/h8-9,12,14,16-17H,7,10H2,1-6H3	null	CC1CC=C(C2C1C(CC(=C2)C)OC(=O)C)C(C)(C)OC	2.70000005	15923267	COCONUT:(CNP0252985);Natural Products:(UNPD132815);PubChem:(15923267);SuperNatural:(SN00391979)	3178498
90	1	N/A	-370.7700894989033	C18H28O3	[M + H]+	VLVAXURMCCHFLL	InChI=1S/C18H28O3/c1-13(2)9-19-11-18(12-21-18)16-7-6-15(5)8-17(16)20-10-14(3)4/h6-8,13-14H,9-12H2,1-5H3	null	CC1=CC(=C(C=C1)C2(CO2)COCC(C)C)OCC(C)C	3.91746879	""	COCONUT:(CNP0188710);KNApSAcK:(21112);Natural Products:(UNPD116883);SuperNatural:(SN00247218)	3178512
91	1	N/A	-373.2417210054828	C18H28O3	[M + H]+	AOWHBUFUMSNEAB	InChI=1S/C18H28O3/c1-12-15-9-20-10-18(12,11-21-13(2)19)8-16-14(15)6-5-7-17(16,3)4/h6,12,15-16H,5,7-11H2,1-4H3	Oprea1_433364	CC1C2COCC1(CC3C2=CCCC3(C)C)COC(=O)C	3.0999999	927488;927489;927490;927491;3812656;18397683;16395044	COCONUT:(CNP0360333);PubChem:(927488 927489 927490 927491 3812656 18397683 16395044);SuperNatural:(SN00046934 SN00046932 SN00046933 SN00046935);ZINC bio:(ZINC00517225 ZINC00517226 ZINC00517227 ZINC00517228)	3153922
92	1	N/A	-374.4043244513605	C18H28O3	[M + H]+	NNZZRIZSRDTULJ	InChI=1S/C18H28O3/c1-4-5-6-7-8-9-15-16(19)12-14(11-10-13(2)3)17(20)18(15)21/h10,12,19-21H,4-9,11H2,1-3H3	null	CCCCCCCC1=C(C=C(C(=C1O)O)CC=C(C)C)O	5.53922272	""	COCONUT:(CNP0395393)	2097152
93	1	N/A	-374.46439358248557	C18H28O3	[M + H]+	XMCPNCDFYSBNAT	InChI=1S/C18H28O3/c1-12-15-13(10-19)9-18(11-20,16(15)21-3)17(12,2)14-7-5-4-6-8-14/h11,13-16,19H,1,4-10H2,2-3H3	null	CC1(C(=C)C2C(CC1(C2OC)C=O)CO)C3CCCCC3	3.05874109	""	COCONUT:(CNP0308639);SuperNatural:(SN00170336)	3145728
94	1	N/A	-375.67978303671003	C18H28O3	[M + H]+	RANKACWCUPIJMQ	InChI=1S/C18H28O3/c1-15(2)14-11-5-6-12-7-8-13(19)18(12,14)17(20,10-21-4)16(15,3)9-11/h5-6,11-14,19-20H,7-10H2,1-4H3	null	CC1(C2C3CC1(C(C24C(CCC4O)C=C3)(COC)O)C)C	2.04310703	""	COCONUT:(CNP0093144);SuperNatural:(SN00170130)	3145728
95	1	N/A	-389.60481820592975	C18H28O3	[M + H]+	JLQLWTUUSOMCCC	InChI=1S/C18H28O3/c1-15(2)7-4-8-18-12(15)6-10-17(21-14(18)19)11-16(3,20)9-5-13(17)18/h12-13,20H,4-11H2,1-3H3	null	CC1(CCCC23C1CCC4(C2CCC(C4)(C)O)OC3=O)C	3.4000001	132580055	COCONUT:(CNP0147523);Natural Products:(UNPD151416);PubChem:(132580055);SuperNatural:(SN00293851)	3178498
1	1	N/A	-47.98109260341819	C18H30O4	[M - H2O + H]+	MHALAIOXRHAOFI	InChI=1S/C18H30O4/c1-2-3-8-11-16(19)14-15-17(20)12-9-6-4-5-7-10-13-18(21)22/h3,8,14-16,19H,2,4-7,9-13H2,1H3,(H,21,22)	(11E,15E)-13-hydroxy-10-oxooctadeca-11,15-dienoic acid	CCC=CCC(C=CC(=O)CCCCCCCCC(=O)O)O	3.5999999	15452471;59931979;73195153;122706235	PubChem:(15452471 59931979 73195153 122706235);PubMed;Biocyc:(CPD-19358)	2114
2	1	N/A	-52.38626617029113	C18H30O4	[M - H2O + H]+	UANZCTRZDQLPDX	InChI=1S/C18H30O4/c19-17(20)15-13-11-9-7-5-3-1-2-4-6-8-10-12-14-16-18(21)22/h1-2,5,7H,3-4,6,8-16H2,(H,19,20)(H,21,22)	6,9-Octadecadienedioicacid, (6Z,9Z)-	C(CCCC=CCC=CCCCCC(=O)O)CCCC(=O)O	4.80000019	21841857;25156710;54343379;87186246	KNApSAcK:(7431);PubChem:(21841857 25156710 54343379 87186246);PubMed	82
3	1	N/A	-52.989717155034235	C18H30O4	[M - H2O + H]+	UYQGVDXDXBAABN	InChI=1S/C18H30O4/c1-2-3-11-14-17(22-21)15-12-9-7-5-4-6-8-10-13-16-18(19)20/h3,7,9,11-12,15,17,21H,2,4-6,8,10,13-14,16H2,1H3,(H,19,20)	13(S)-Hydroperoxylinolenic acid	CCC=CCC(C=CC=CCCCCCCCC(=O)O)OO	4.80000019	644027;152967;5282866;5497123;6440263;14057236;25244639;45266757;71771324;71355571;88048255;87879187;98288126;101044248;101623262;122391288;122391289;129852223;134689711	SuperNatural:(SN00215526);ZINC bio:(ZINC56871133);additional;MeSH:(152967 5497123 6440263 14057236);Plantcyc:(CPD-725);PubMed;COCONUT:(CNP0273684);KNApSAcK:(364);PubChem:(644027 152967 5282866 5497123 6440263 14057236 25244639 45266757 71771324 71355571 88048255 87879187 98288126 101044248 101623262 122391288 122391289 129852223 134689711);CHEBI:(133986 58757 144034 133987 48905);PubChem class - bio and metabolites;KEGG:(C04785);Biocyc:(CPD-725)	20588918
4	1	N/A	-54.09059562335738	C18H30O4	[M - H2O + H]+	RWKJTIHNYSIIHW	InChI=1S/C18H30O4/c1-2-3-4-5-6-8-11-14-17(22-21)15-12-9-7-10-13-16-18(19)20/h3-4,6,8,11,14,17,21H,2,5,7,9-10,12-13,15-16H2,1H3,(H,19,20)	10,12,15-Octadecatrienoic acid 9-hydroperoxy	CCC=CCC=CC=CC(CCCCCCCC(=O)O)OO	4.69999981	3082601;5282864;6450029;22169437;23724710;25200982;25244268;25244269;49852426;56927761;87879191;101623263;101681043;123323718	ZINC bio:(ZINC56874229);additional;MeSH:(3082601 6450029 22169437 25200982 101623263);Plantcyc:(CPD-13767 CPD-8678);PubMed;COCONUT:(CNP0346715);PubChem:(3082601 5282864 6450029 22169437 23724710 25200982 25244268 25244269 49852426 56927761 87879191 101623263 101681043 123323718);CHEBI:(63241 63237 63239 60962 60961 63238);PubChem class - bio and metabolites;KEGG:(C16321 C19936);Training Set;Biocyc:(CPD-13767 CPD-8678)	19556710
5	1	N/A	-65.70140299408023	C18H30O4	[M - H2O + H]+	UXYFUYRKYUHZOH	InChI=1S/C18H30O4/c1-2-3-4-6-11-16(19)13-9-10-14-17(20)12-7-5-8-15-18(21)22/h9-10,13-14,16,19H,2-8,11-12,15H2,1H3,(H,21,22)	(8E,10E)-12-hydroxy-7-oxooctadeca-8,10-dienoic acid	CCCCCCC(C=CC=CC(=O)CCCCCC(=O)O)O	3.79999995	16082062;102256997;102256998	COCONUT:(CNP0150234);Natural Products:(UNPD167645);PubChem:(16082062 102256997 102256998);SuperNatural:(SN00285011)	3178498
6	1	N/A	-67.2588457015914	C18H30O4	[M - H2O + H]+	QVUYXFFTZMKSBG	InChI=1S/C18H30O4/c1-2-3-4-5-6-8-11-14-17(22-21)15-12-9-7-10-13-16-18(19)20/h3-4,6,8,14,21H,2,5,7,9-13,15-16H2,1H3,(H,19,20)	null	CCC=CCC=CCC=C(CCCCCCCC(=O)O)OO	5.0	54249599;87347015;101689778	MeSH:(101689778);PubChem:(54249599 87347015 101689778);PubMed	70
7	1	N/A	-69.68218062216357	C18H30O4	[M - H2O + H]+	PTYXOLTZOUXIKI	InChI=1S/C18H30O4/c1-2-3-4-5-8-11-14-17(22-21)15-12-9-6-7-10-13-16-18(19)20/h3-4,8,11-12,15,17,21H,2,5-7,9-10,13-14,16H2,1H3,(H,19,20)	8,12,15-Octadecatrienoic acid, 10-hydroperoxy-, (E,Z,Z)-	CCC=CCC=CCC(C=CCCCCCCC(=O)O)OO	4.5999999	71728395;71728427;71332882;71360199;101700726	KEGG:(C20704);PubChem:(71728395 71728427 71332882 71360199 101700726);CHEBI:(75348 75615);Biocyc:(CPD-15843)	2338
8	1	N/A	-70.19247725528447	C18H30O4	[M - H2O + H]+	NJAYHLDXCVDTEV	InChI=1S/C18H30O4/c1-2-3-4-5-7-10-13-16(19)17(20)14-11-8-6-9-12-15-18(21)22/h3-4,7,10,17,20H,2,5-6,8-9,11-15H2,1H3,(H,21,22)	(9R,12Z,15Z)-9-hydroxy-10-oxooctadeca-12,15-dienoic acid	CCC=CCC=CCC(=O)C(CCCCCCCC(=O)O)O	3.9000001	12113212;11209104;11243846;56607718;71357586;71360793;92034580;101868472;101434043;122706566;122706599;129725779	PubChem:(12113212 11209104 11243846 56607718 71357586 71360793 92034580 101868472 101434043 122706566 122706599 129725779);PubMed;Biocyc:(CPD-19357 CPD-19379)	2114
9	1	N/A	-71.64233055477536	C18H30O4	[M - H2O + H]+	VWKNCZXDXPBMJN	InChI=1S/C18H30O4/c1-2-3-4-5-6-7-8-10-13-16(19)17(20)14-11-9-12-15-18(21)22/h3-4,6-7,10,13,16-17,19-20H,2,5,8-9,11-12,14-15H2,1H3,(H,21,22)	7,8-dihydroxyoctadeca-9,12,15-trienoic acid	CCC=CCC=CCC=CC(C(CCCCCC(=O)O)O)O	3.29999995	5230526;5281031;16061036;90470011	COCONUT:(CNP0048705);KEGG:(C07357);PubChem:(5230526 5281031 16061036 90470011);SuperNatural:(SN00213479);CHEBI:(268)	3146018
10	1	N/A	-72.17992094269182	C18H30O4	[M - H2O + H]+	WYLMMQRVMQAKNJ	InChI=1S/C18H30O4/c1-2-3-4-8-11-16(19)14-15-17(20)12-9-6-5-7-10-13-18(21)22/h14-15H,2-13H2,1H3,(H,21,22)	10-Octadecenoic acid,12-dioxo-	CCCCCCC(=O)C=CC(=O)CCCCCCCC(=O)O	4.0999999	349301;6255851;5385710	COCONUT:(CNP0341381);Natural Products:(UNPD110064);PubChem:(349301 6255851 5385710)	2129922
11	1	N/A	-72.9957293208723	C18H30O4	[M - H2O + H]+	RCMABBHQYMBYKV	InChI=1S/C18H30O4/c1-2-3-7-11-16-17(22-16)14-13-15(19)10-8-5-4-6-9-12-18(20)21/h13-14,16-17H,2-12H2,1H3,(H,20,21)	trans-EKODE-(E)-Ib	CCCCCC1C(O1)C=CC(=O)CCCCCCCC(=O)O	4.0	5283007;24179381;24179382;51665989;51665991;53394018;56614657	COCONUT:(CNP0254173);HMDB:(13623);PubChem:(5283007 24179381 24179382 51665989 51665991 53394018 56614657);CHEBI:(89606);ZINC bio:(ZINC33820426 ZINC33820427 ZINC33820428 ZINC33820429);additional;PubChem class - bio and metabolites;MeSH:(5283007);Training Set;PubMed;KEGG Mine	8609357934
12	1	N/A	-73.63265259497068	C18H30O4	[M - H2O + H]+	GDCBVHSUEZTUIW	InChI=1S/C18H30O4/c1-2-3-11-16(19)13-9-10-14-17(20)12-7-5-4-6-8-15-18(21)22/h9-10,13-14,16,19H,2-8,11-12,15H2,1H3,(H,21,22)	(10E,12E)-14-hydroxy-9-oxooctadeca-10,12-dienoic acid	CCCCC(C=CC=CC(=O)CCCCCCCC(=O)O)O	3.79999995	16082060;25052836;102256999	COCONUT:(CNP0220076);KNApSAcK:(31076);Natural Products:(UNPD24326 UNPD62680 UNPD209947);PubChem:(16082060 25052836 102256999);SuperNatural:(SN00233424 SN00374113);CHEBI:(66776);KEGG Mine	8593113138
13	1	N/A	-76.34633193504507	C18H30O4	[M - H2O + H]+	RYAKCZURVOCRAI	InChI=1S/C18H30O4/c1-2-3-4-8-11-14-17(22-21)15-12-9-6-5-7-10-13-16-18(19)20/h3-4,11-12,14-15,17,21H,2,5-10,13,16H2,1H3,(H,19,20)	null	CCC=CCC=CC(C=CCCCCCCCC(=O)O)OO	4.80000019	91288040;102438750;123132020;122391290;122391291;123468956	PubChem:(91288040 102438750 123132020 122391290 122391291 123468956);PubMed;CHEBI:(136686 134110 133989 133988)	98
14	1	N/A	-78.0649812634628	C18H30O4	[M - H2O + H]+	MGYJEJUWQRJNBN	InChI=1S/C18H30O4/c1-2-3-7-11-16-17(22-16)14-13-15(19)10-8-5-4-6-9-12-18(20)21/h3,7,13-17,19H,2,4-6,8-12H2,1H3,(H,20,21)	9S-hydroxy-12R,13S-epoxy-10E,15Z-octadecadienoic acid	CCC=CCC1C(O1)C=CC(CCCCCCCC(=O)O)O	3.5999999	16061054;71333984;101381020	COCONUT:(CNP0106351);PubChem:(16061054 71333984 101381020);KEGG Mine	8592031746
15	1	N/A	-80.37619179481423	C18H30O4	[M - H2O + H]+	ABCUJZSRBYAWAE	InChI=1S/C18H30O4/c1-2-3-11-16(19)14-15-17(20)12-9-7-5-4-6-8-10-13-18(21)22/h9,12,16-17,19-20H,2-8,10-11,13H2,1H3,(H,21,22)	null	CCCCC(C#CC(C=CCCCCCCCC(=O)O)O)O	3.70000005	24800194	COCONUT:(CNP0285595);KNApSAcK:(39249);Natural Products:(UNPD186163);PubChem:(24800194)	2129938
16	1	N/A	-84.67938654579376	C18H30O4	[M - H2O + H]+	UKAYSZOBJMGOTG	InChI=1S/C18H30O4/c1-2-3-11-14-17(22-21)15-12-9-7-5-4-6-8-10-13-16-18(19)20/h7,9,11-12,14-15,17,21H,2-6,8,10,13,16H2,1H3,(H,19,20)	13-hydroperoxyoctadeca-9,11,14-trienoic acid	CCCC=CC(C=CC=CCCCCCCCC(=O)O)OO	5.0999999	3394960;5280730;9548586	COCONUT:(CNP0001495 CNP0081788);Plantcyc:(CPD-59 CPDQT-462);PubChem:(3394960 5280730 9548586);CHEBI:(36435 136803);Biocyc:(CPD-59)	2230306
17	1	N/A	-84.9991413414908	C18H30O4	[M - H2O + H]+	AAJBIBPYWAVKOQ	InChI=1S/C18H30O4/c1-2-3-4-8-11-16(19)14-15-17(20)12-9-6-5-7-10-13-18(21)22/h3-4,14-15,17,20H,2,5-13H2,1H3,(H,21,22)	10,15-Octadecadienoic acid, 9-hydroxy-12-oxo-, (E,Z)-	CCC=CCCC(=O)C=CC(CCCCCCCC(=O)O)O	3.5	14057241;45934096;71403115;95048990;95048991;122706340	COCONUT:(CNP0062047);PubChem:(14057241 45934096 71403115 95048990 95048991 122706340);SuperNatural:(SN00035173 SN00035174);ZINC bio:(ZINC64219908 ZINC64219909);KEGG:(C21923);PubMed;Biocyc:(CPD-19356)	3156290
18	1	N/A	-87.16064698651431	C18H30O4	[M - H2O + H]+	QQFQXBIUWRILKW	InChI=1S/C18H30O4/c1-4-5-8-11-16(19)14(2)15(3)17(20)12-9-6-7-10-13-18(21)22/h4-13H2,1-3H3,(H,21,22)	null	CCCCCC(=O)C(=C(C)C(=O)CCCCCCC(=O)O)C	4.51543856	""	COCONUT:(CNP0286295);Natural Products:(UNPD56074)	2129920
19	1	N/A	-88.95294721587705	C18H30O4	[M - H2O + H]+	CXXMQDYRBRVCTH	InChI=1S/C18H30O4/c1-2-3-10-13-16(19)17(20)14-11-8-6-4-5-7-9-12-15-18(21)22/h3,8,10-11,16,19H,2,4-7,9,12-15H2,1H3,(H,21,22)	(9E,15E)-13-hydroxy-12-oxooctadeca-9,15-dienoic acid	CCC=CCC(C(=O)CC=CCCCCCCCC(=O)O)O	4.0	14057238;59931981;71404911;122706627;129726139	PubChem:(14057238 59931981 71404911 122706627 129726139);PubMed;Biocyc:(CPD-19355)	2114
20	1	N/A	-129.08726187961037	C18H30O4	[M - H2O + H]+	MLHUENSFQCPBQH	InChI=1S/C18H30O4/c1-2-3-4-5-6-7-8-9-12-16(19)15-17(20)13-10-11-14-18(21)22/h6-7,9,12,16,19H,2-5,8,10-11,13-15H2,1H3,(H,21,22)	(8r,9z,12z)-8-Hydroxy-6-Oxooctadeca-9,12-Dienoic Acid	CCCCCC=CCC=CC(CC(=O)CCCCC(=O)O)O	3.20000005	46937061;75243784;138692965	COCONUT:(CNP0020312);PubChem:(46937061 75243784 138692965);PubChem class - bio and metabolites	18874370
21	1	N/A	-129.4013940241048	C18H30O4	[M - H2O + H]+	BFDKCISGMFXZOW	InChI=1S/C18H30O4/c1-2-3-4-5-6-7-8-9-10-11-12-13-14-15-16-17(22-21)18(19)20/h3-4,6-7,9-10,17,21H,2,5,8,11-16H2,1H3,(H,19,20)	(R)-2-hydroperoxy-alpha-linolenate(1-)	CCC=CCC=CCC=CCCCCCCC(C(=O)O)OO	5.19999981	23724727;53678850;72193744;87347255;87770653	COCONUT:(CNP0328515);KEGG:(C16341);PubChem:(23724727 53678850 72193744 87347255 87770653);SuperNatural:(SN00215264);CHEBI:(76236 76161)	3146018
22	1	N/A	-129.44445540776837	C18H30O4	[M - H2O + H]+	NBHLHVQEXIPLAI	InChI=1S/C18H30O4/c1-2-3-4-5-8-11-14-17(22-21)15-12-9-6-7-10-13-16-18(19)20/h6,8-9,11-12,15,17,21H,2-5,7,10,13-14,16H2,1H3,(H,19,20)	null	CCCCCC=CCC(C=CC=CCCCCC(=O)O)OO	4.80000019	86289458;86289459;86290095;86290096;129859206	PubChem:(86289458 86289459 86290095 86290096 129859206);CHEBI:(83342 78908 78070 84180);KEGG Mine	8589934626
23	1	N/A	-133.17018946085383	C18H30O4	[M - H2O + H]+	XHMGEKKHSKIGMI	InChI=1S/C18H30O4/c1-2-3-9-13-16-18(22-16)15(19)12-10-7-5-4-6-8-11-14-17(20)21/h3,9-10,12,15-16,18-19H,2,4-8,11,13-14H2,1H3,(H,20,21)	(Z,11S)-11-hydroxy-11-[(2R,3S)-3-[(Z)-pent-2-enyl]oxiran-2-yl]undec-9-enoic acid	CCC=CCC1C(O1)C(C=CCCCCCCCC(=O)O)O	3.9000001	10935815;10957878;23229323;74021547;131751443	COCONUT:(CNP0375383);HMDB:(33505);Natural Products:(UNPD181031 UNPD137798);PubChem:(10935815 10957878 23229323 74021547 131751443);SuperNatural:(SN00356280 SN00300501);CHEBI:(138784);PubChem class - bio and metabolites	19955754
24	1	N/A	-136.88613352481354	C18H30O4	[M - H2O + H]+	OJFOOCZBVPQYRS	InChI=1S/C18H30O4/c1-2-3-4-5-6-7-11-16(19)13-10-14-17(20)12-8-9-15-18(21)22/h6-7,10,13,16,19H,2-5,8-9,11-12,14-15H2,1H3,(H,21,22)	(8e,10s,12z)-10-Hydroxy-6-Oxooctadeca-8,12-Dienoic Acid	CCCCCC=CCC(C=CCC(=O)CCCCC(=O)O)O	3.20000005	46937060;75243783;138692876	COCONUT:(CNP0020313);PubChem:(46937060 75243783 138692876);PubChem class - bio and metabolites	18874370
25	1	N/A	-138.08331356765368	C18H30O4	[M - H2O + H]+	FOVPQOUBUVRIGY	InChI=1S/C18H30O4/c1-2-3-6-11-16(19)12-7-4-5-8-13-17(20)14-9-10-15-18(21)22/h9-10,13-16,19-20H,2-8,11-12H2,1H3,(H,21,22)	6,13-Dihot	CCCCCC(CCCCCC=C(C=CC=CC(=O)O)O)O	4.69999981	129366;6439081	MeSH:(129366 6439081);PubChem:(129366 6439081);PubMed	70
26	1	N/A	-140.99776732421543	C18H30O4	[M - H2O + H]+	RDGAFGWICQNYLG	InChI=1S/C18H30O4/c1-2-3-9-13-16-18(22-16)15(19)12-10-7-5-4-6-8-11-14-17(20)21/h10,12,16,18H,2-9,11,13-14H2,1H3,(H,20,21)	Epooda	CCCCCC1C(O1)C(=O)C=CCCCCCCCC(=O)O	4.80000019	6439534;20839327;20981634;50987878;101456781;131885315;137399221	MeSH:(6439534 20981634);PubChem:(6439534 20839327 20981634 50987878 101456781 131885315 137399221);PubMed	70
27	1	N/A	-141.2112759039577	C18H30O4	[M - H2O + H]+	SCRFTRABHSKSMO	InChI=1S/C18H30O4/c1-12-6-7-13-4-2-3-5-17(13)16(12)9-8-14(19)10-15(20)11-18(21)22/h6-7,12-17,19-20H,2-5,8-11H2,1H3,(H,21,22)	null	CC1C=CC2CCCCC2C1CCC(CC(CC(=O)O)O)O	3.29999995	134716710;134716711	PubChem:(134716710 134716711);CHEBI:(142045)	34
28	1	N/A	-144.88626463497076	C18H30O4	[M - H2O + H]+	UTGUHFOMNVLJSL	InChI=1S/C18H30O4/c19-17(21-15-9-3-1-4-10-15)13-7-8-14-18(20)22-16-11-5-2-6-12-16/h15-16H,1-14H2	Ergoplast ADC	C1CCC(CC1)OC(=O)CCCCC(=O)OC2CCCCC2	4.19999981	13321	NORMAN:(NS00038729);COCONUT:(CNP0176378);PubChem:(13321);MeSH:(13321);PubChem class - safety and toxic;PubMed	69468230
29	1	N/A	-160.03450171507325	C18H30O4	[M - H2O + H]+	DVKUEUADFHEKNX	InChI=1S/C18H30O4/c1-2-3-4-7-10-13-16(19)17(20)14-11-8-5-6-9-12-15-18(21)22/h5,8,10-11,13-14,16-17,19-20H,2-4,6-7,9,12,15H2,1H3,(H,21,22)	10,11-Dihydroxy-6,8,12-octadecatrienoic acid	CCCCCC=CC(C(C=CC=CCCCCC(=O)O)O)O	3.70000005	6439106;20839241;23427580;53422619	COCONUT:(CNP0276765);Natural Products:(UNPD175739);PubChem:(6439106 20839241 23427580 53422619);SuperNatural:(SN00322082);MeSH:(6439106 53422619);PubMed	3178566
30	1	N/A	-164.28826686843678	C18H30O4	[M - H2O + H]+	FVLOVPUOMLOXJT	InChI=1S/C18H30O4/c1-4-6-7-8-9-14-17(22-3)18(21)16(20)13-11-10-12-15(19)5-2/h15-21H,4-9,14H2,1-3H3	null	CCCCCCCC(C(C(C#CC#CC(CC)O)O)O)OC	3.0	46832813;52918168;53243217;75215444	COCONUT:(CNP0286614);MeSH:(46832813);Natural Products:(UNPD155823);PubChem:(46832813 52918168 53243217 75215444);PubMed	2129990
31	1	N/A	-178.01206616767996	C18H30O4	[M - H2O + H]+	POKFFIIGJSIPPY	InChI=1S/C18H30O4/c1-4-12(3)16(19)9-7-6-8-13-10-14(13)11-17(20)15(5-2)18(21)22/h6-7,12-15,17,20H,4-5,8-11H2,1-3H3,(H,21,22)	null	CCC(C)C(=O)CC=CCC1CC1CC(C(CC)C(=O)O)O	3.20000005	91972260;91972261	PubChem:(91972260 91972261);CHEBI:(88040)	34
32	1	N/A	-185.57135467222486	C18H30O4	[M - H2O + H]+	MQETZQLZTJUQHR	InChI=1S/C18H30O4/c1-5-11(3)13-7-15(12(4)6-2)16(8-13)17(20)9-14(19)10-18(21)22/h8,11-13,15,17,20H,5-7,9-10H2,1-4H3,(H,21,22)	Auxinb (6CI)	CCC(C)C1CC(C(=C1)C(CC(=O)CC(=O)O)O)C(C)CC	3.29999995	103739	NORMAN:(NS00057269);COCONUT:(CNP0112335);HMDB:(38484);Natural Products:(UNPD29923);PubChem:(103739);SuperNatural:(SN00224023);PubChem class - bio and metabolites	20217866
33	1	N/A	-187.20881826433913	C18H30O4	[M - H2O + H]+	QBSJJOAODFGMQJ	InChI=1S/C18H30O4/c1-3-5-7-8-10-12-15(19)17-16(20)13-14(22-18(17)21)11-9-6-4-2/h14,19H,3-13H2,1-2H3	null	CCCCCCCC(=C1C(=O)CC(OC1=O)CCCCC)O	6.0	132506166	COCONUT:(CNP0222988);Natural Products:(UNPD197194);PubChem:(132506166);SuperNatural:(SN00324889)	3178498
34	1	N/A	-187.78887021620912	C18H30O4	[M - H2O + H]+	LQOVGJZNKREJKN	InChI=1S/C18H30O4/c1-3-5-6-7-8-9-10-11-12-13-16(19)17(20)14-15-18(21)22-4-2/h14-15H,3-13H2,1-2H3	Ethyl (E)-4,5-dioxohexadec-2-enoate	CCCCCCCCCCCC(=O)C(=O)C=CC(=O)OCC	5.19999981	11266899	COCONUT:(CNP0122031);Natural Products:(UNPD16870);PubChem:(11266899);SuperNatural:(SN00241887)	3178498
35	1	N/A	-200.93030214089436	C18H30O4	[M - H2O + H]+	TYFBKCNLJSYFSS	InChI=1S/C18H30O4/c1-2-3-4-5-6-7-8-9-10-11-12-15(19)18(22)16(20)13-14-17(18)21/h13-14,16,20,22H,2-12H2,1H3	(4S,5R)-4,5-dihydroxy-5-tridecanoylcyclopent-2-en-1-one	CCCCCCCCCCCCC(=O)C1(C(C=CC1=O)O)O	4.9000001	11174365;11197678;11209105;139583301;139584469	COCONUT:(CNP0244068);Natural Products:(UNPD64598 UNPD72316 UNPD95881 UNPD185594);PubChem:(11174365 11197678 11209105 139583301 139584469);SuperNatural:(SN00252055 SN00294570 SN00394630 SN00360407)	3178498
36	1	N/A	-206.68137684900177	C18H30O4	[M - H2O + H]+	ZQUICPBUMISQIC	InChI=1S/C18H30O4/c1-5-9-10-14(6-2)12-18(8-4)13-15(7-3)16(21-22-18)11-17(19)20/h9-10,13-14,16H,5-8,11-12H2,1-4H3,(H,19,20)	haterumadioxin A	CCC=CC(CC)CC1(C=C(C(OO1)CC(=O)O)CC)CC	4.0	9926707;10425522	COCONUT:(CNP0281370);Natural Products:(UNPD177223);PubChem:(9926707 10425522);SuperNatural:(SN00298771);MeSH:(10425522);PubMed	3178566
37	1	N/A	-208.90526600106045	C18H30O4	[M - H2O + H]+	NLZZWSRYPUGPEO	InChI=1S/C18H30O4/c1-13(10-12-18(21)22-5)9-11-17(20)15(3)8-6-7-14(2)16(4)19/h8-10,12,14,16-17,19-20H,6-7,11H2,1-5H3	null	CC(CCC=C(C)C(CC=C(C)C=CC(=O)OC)O)C(C)O	3.70000005	56773932;95224893;95224894;95224895;95224896;98789368;98789370	COCONUT:(CNP0362813);PubChem:(56773932 95224893 95224894 95224895 95224896 98789368 98789370);SuperNatural:(SN00041220 SN00041221 SN00041222 SN00041219);ZINC bio:(ZINC67913476 ZINC67913477 ZINC67913479 ZINC67913481);additional;Training Set	3694594
38	1	N/A	-214.07673868894253	C18H30O4	[M - H2O + H]+	UHFDVJRNQGHKJH	InChI=1S/C18H30O4/c1-2-3-4-5-6-7-8-9-10-11-12-13-14-15-16(19)17(20)18(21)22/h12-15,19-20H,2-11H2,1H3,(H,21,22)	null	CCCCCCCCCCCC=CC=CC(=C(C(=O)O)O)O	7.0	129826610	PubChem:(129826610);COCONUT:(CNP0265509)	2097154
39	1	N/A	-219.02190328800214	C18H30O4	[M - H2O + H]+	PPGCTBHMJARNCR	InChI=1S/C18H30O4/c1-4-12(3)17(20)11-14-10-13(14)8-6-7-9-16(19)15(5-2)18(21)22/h6-7,12-16,19H,4-5,8-11H2,1-3H3,(H,21,22)	null	CCC(C)C(=O)CC1CC1CC=CCC(C(CC)C(=O)O)O	3.20000005	91972258;91972259	PubChem:(91972258 91972259);CHEBI:(141096 88039)	34
40	1	N/A	-223.01792499974366	C18H30O4	[M - H2O + H]+	LRZPQLZONWIQOJ	InChI=1S/C18H30O4/c1-15(2)17(19)21-13-11-9-7-5-6-8-10-12-14-22-18(20)16(3)4/h1,3,5-14H2,2,4H3	1,10-Decanediol dimethacrylate	CC(=C)C(=O)OCCCCCCCCCCOC(=O)C(=C)C	5.5	81196	NORMAN:(NS00022645);PubChem class - safety and toxic;PubChem:(81196);PubMed	67371074
41	1	N/A	-223.09074364442085	C18H30O4	[M - H2O + H]+	HHGGSGYLANSCRF	InChI=1S/C18H30O4/c1-2-16-14-12-15(19)18(21)13(14)10-8-6-4-3-5-7-9-11-17(20)22-16/h8,10,13-16,18-19,21H,2-7,9,11-12H2,1H3	null	CCC1C2CC(C(C2C=CCCCCCCCC(=O)O1)O)O	3.5999999	10244894	COCONUT:(CNP0289345);Natural Products:(UNPD70013 UNPD158564);PubChem:(10244894);SuperNatural:(SN00285041)	3178498
42	1	N/A	-237.65435604779736	C18H30O4	[M - H2O + H]+	KZUSVZNJHFYUQX	InChI=1S/C18H30O4/c1-6-11(2)18(21)12(3)7-8-17-14(5)16(20)10-15(22-17)9-13(4)19/h6-8,12,14-18,20-21H,9-10H2,1-5H3	null	CC=C(C)C(C(C)C=CC1C(C(CC(O1)CC(=O)C)O)C)O	2.0999999	134687257	COCONUT:(CNP0219297);Natural Products:(UNPD75815);PubChem:(134687257);SuperNatural:(SN00358230)	3178498
43	1	N/A	-237.88697860703417	C18H30O4	[M - H2O + H]+	QALMJEBRDYDKOB	InChI=1S/C18H30O4/c1-12(2)6-5-7-13(3)8-9-15-11-17(20)16(10-14(4)19)18(21)22-15/h6,8,14-17,19-20H,5,7,9-11H2,1-4H3	null	CC(CC1C(CC(OC1=O)CC=C(C)CCC=C(C)C)O)O	3.5999999	14539952	COCONUT:(CNP0161673);Natural Products:(UNPD33926);PubChem:(14539952);SuperNatural:(SN00298856)	3178498
44	1	N/A	-238.16102978304056	C18H30O4	[M - H2O + H]+	HDNGHNOEMOMCKM	InChI=1S/C18H30O4/c1-4-5-6-7-15(19)13-16(20)10-8-14-9-11-17(21-2)18(12-14)22-3/h9,11-12,15-16,19-20H,4-8,10,13H2,1-3H3	1-(3,4-dimethoxyphenyl)decane-3,5-diol	CCCCCC(CC(CCC1=CC(=C(C=C1)OC)OC)O)O	4.47054243	639573;5319663;22298177	COCONUT:(CNP0146318);Natural Products:(UNPD33005);PubChem:(639573 5319663 22298177);SuperNatural:(SN00243341 SN00159984)	3178498
45	1	N/A	-241.3290899905768	C18H30O4	[M - H2O + H]+	LPCGEFKEAAGXRE	InChI=1S/C18H30O4/c1-14(2)7-5-8-15(3)9-6-10-16(4)11-18(21)22-13-17(20)12-19/h7,9,11,17,19-20H,5-6,8,10,12-13H2,1-4H3	2,3-dihydroxypropyl (2E,6E)-3,7,11-trimethyldodeca-2,6,10-trienoate	CC(=CCCC(=CCCC(=CC(=O)OCC(CO)O)C)C)C	4.0	21602207;21775455;73798421;100972440	COCONUT:(CNP0265708);Natural Products:(UNPD192668);PubChem:(21602207 21775455 73798421 100972440)	2129922
46	1	N/A	-242.98333643428487	C18H30O4	[M - H2O + H]+	LJVXSEXOYXPHPD	InChI=1S/C18H30O4/c1-15(18(20)21)11-9-10-14-17(22-3)13-8-6-4-5-7-12-16(2)19/h4,6,9-11,16-17,19H,5,7-8,12-14H2,1-3H3,(H,20,21)	null	CC(CCCC=CCCC(CC=CC=C(C)C(=O)O)OC)O	3.5	10591063;10686413;11045129;101707396;101707397	MeSH:(101707396);PubChem:(10591063 10686413 11045129 101707396 101707397);PubMed	70
47	1	N/A	-245.37380791523736	C18H30O4	[M - H2O + H]+	GWQYQRGSZVCKKI	InChI=1S/C18H30O4/c1-14(2)7-5-8-15(3)9-6-10-16(4)11-12-22-17(13-19)18(20)21/h7,9,11,17,19H,5-6,8,10,12-13H2,1-4H3,(H,20,21)/p-1	null	CC(=CCCC(=CCCC(=CCOC(CO)C(=O)[O-])C)C)C	3.83443618	""	COCONUT:(CNP0252751);SuperNatural:(SN00033945 SN00033946)	3145728
48	1	N/A	-250.56192874178245	C18H30O4	[M - H2O + H]+	DGTXWIIFBBXJAA	InChI=1S/C18H30O4/c1-5-7-8-12(3)18(21)13(4)15(19)11-16-14(6-2)9-10-17(20)22-16/h5,7,9-10,12-16,18-19,21H,6,8,11H2,1-4H3	null	CCC1C=CC(=O)OC1CC(C(C)C(C(C)CC=CC)O)O	3.5	9796728;9926706;123166159	COCONUT:(CNP0148492);Natural Products:(UNPD183698);PubChem:(9796728 9926706 123166159)	2129922
49	1	N/A	-254.22268545115415	C18H30O4	[M - H2O + H]+	ULSLQASWGCDIGX	InChI=1S/C18H30O4/c1-12-6-7-14-17(2,3)8-5-9-18(14,4)15(12)16(21)22-11-13(20)10-19/h6,13-15,19-20H,5,7-11H2,1-4H3	[(2S)-2,3-dihydroxypropyl] (1S,4aS,8aS)-2,5,5,8a-tetramethyl-1,4,4a,6,7,8-hexahydronaphthalene-1-carboxylate	CC1=CCC2C(CCCC2(C1C(=O)OCC(CO)O)C)(C)C	3.0999999	15885708;21602208;21602209;22832246;23424636;100972432;100972441	COCONUT:(CNP0218835);Natural Products:(UNPD154615 UNPD3891);PubChem:(15885708 21602208 21602209 22832246 23424636 100972432 100972441);SuperNatural:(SN00353344 SN00396751)	3178498
50	1	N/A	-254.93736926523098	C18H30O4	[M - H2O + H]+	OQQKGRMBCSOPSZ	InChI=1S/C18H30O4/c1-12(19)21-11-14-15(22-13(2)20)7-8-16-17(3,4)9-6-10-18(14,16)5/h14-16H,6-11H2,1-5H3	null	CC(=O)OCC1C(CCC2C1(CCCC2(C)C)C)OC(=O)C	4.30000019	10591062;10686414;15816560	COCONUT:(CNP0339855);Natural Products:(UNPD58760);PubChem:(10591062 10686414 15816560);PubMed	2129986
51	1	N/A	-258.07543609537794	C18H30O4	[M - H2O + H]+	UUWSFDRGXOLSFH	InChI=1S/C18H30O4/c19-12-6-3-1-2-4-8-15-10-11-17(16(15)14-20)22-18-9-5-7-13-21-18/h12,14-18H,1-11,13H2	null	C1CCOC(C1)OC2CCC(C2C=O)CCCCCCC=O	3.20000005	88854010;89041164	PubChem:(88854010 89041164);COCONUT:(CNP0105145)	2097154
52	1	N/A	-259.4343578156324	C18H30O4	[M - H2O + H]+	ICCRUNGFVSMBMK	InChI=1S/C18H30O4/c1-2-3-4-5-6-7-8-9-10-11-15(19)12-17-13-16(20)14-18(21)22-17/h13-15,19-20H,2-12H2,1H3	null	CCCCCCCCCCCC(CC1=CC(=CC(=O)O1)O)O	5.4000001	91825612	PubChem:(91825612);CHEBI:(85474)	34
53	1	N/A	-285.9087692035073	C18H30O4	[M - H2O + H]+	XIHUXEHAQPSMTF	InChI=1S/C18H30O4/c1-13-7-6-8-14(2)16(21-5)9-11-18(4,20)12-10-17(19)22-15(13)3/h8-9,11,13,15-16,20H,6-7,10,12H2,1-5H3	Dihydroalbocycline	CC1CCC=C(C(C=CC(CCC(=O)OC1C)(C)O)OC)C	2.5999999	6443598;10615177;10781482;23724567;138404421	COCONUT:(CNP0343454);KNApSAcK:(16029);PubChem:(6443598 10615177 10781482 23724567 138404421);SuperNatural:(SN00215226 SN00027406);CHEBI:(80081);ZINC bio:(ZINC30729589 ZINC33955948);additional;MeSH:(23724567);KEGG:(C15753);Training Set	3694902
54	1	N/A	-294.60134718970295	C18H30O4	[M - H2O + H]+	RRYVAIMRWICAQE	InChI=1S/C18H30O4/c1-16(2)21-9-12-5-6-14-17(3,13(12)10-22-16)8-7-15(20)18(14,4)11-19/h5,13-15,19-20H,6-11H2,1-4H3	null	CC1(OCC2C(=CCC3C2(CCC(C3(C)CO)O)C)CO1)C	2.36716247	""	COCONUT:(CNP0116738);Natural Products:(UNPD176781);SuperNatural:(SN00351495)	3178496
55	1	N/A	-298.7590721753753	C18H30O4	[M - H2O + H]+	GUVJPXABQYFWPD	InChI=1S/C18H30O4/c1-11(19)7-8-12-17(4)10-6-9-16(2,3)14(17)13(20)15(21)18(12,5)22/h7-8,12-15,20-22H,6,9-10H2,1-5H3	(E)-4-[(1R,2S,3S,4R,4aS,8aS)-2,3,4-trihydroxy-2,5,5,8a-tetramethyl-3,4,4a,6,7,8-hexahydro-1H-naphthalen-1-yl]but-3-en-2-one	CC(=O)C=CC1C2(CCCC(C2C(C(C1(C)O)O)O)(C)C)C	2.0999999	21681091;71694416;95789922;131751709	COCONUT:(CNP0293342);HMDB:(35337);KNApSAcK:(23382);Natural Products:(UNPD94935 UNPD164932);PubChem:(21681091 71694416 95789922 131751709);SuperNatural:(SN00041530 SN00041531);ZINC bio:(ZINC72319971 ZINC72319972);additional;PubChem class - bio and metabolites;Training Set	20504602
56	1	N/A	-300.6387284115011	C18H30O4	[M - H2O + H]+	VRUFZWKTAKCFGU	InChI=1S/C18H30O4/c1-4-5-6-7-8-9-10-11-12-13-14-16(18(21)22-3)17(20)15(2)19/h4,14,17,20H,1,5-13H2,2-3H3	null	CC(=O)C(C(=CCCCCCCCCCC=C)C(=O)OC)O	4.43262291	""	COCONUT:(CNP0187370);Natural Products:(UNPD6238 UNPD186612);SuperNatural:(SN00377527 SN00263675)	3178496
57	1	N/A	-304.9157976067824	C18H30O4	[M - H2O + H]+	VUYLBQKFSMHJLC	InChI=1S/C18H30O4/c1-5-8-9-13-11-17(21,6-2)16(12(13)4)18(7-3)14(19)10-15(20)22-18/h8-9,12-14,16,19,21H,5-7,10-11H2,1-4H3	Simplextone C	CCC=CC1CC(C(C1C)C2(C(CC(=O)O2)O)CC)(CC)O	2.79999995	71665569;102440236	COCONUT:(CNP0127099);MeSH:(71665569);Natural Products:(UNPD212867);PubChem:(71665569 102440236);PubMed	2129990
58	1	N/A	-317.5415499130897	C18H30O4	[M - H2O + H]+	TYRVJKXVESQUNB	InChI=1S/C18H30O4/c1-11(2)15(19)21-10-18(6)13-7-8-17(18,5)14(9-13)22-16(20)12(3)4/h11-14H,7-10H2,1-6H3	8-Isobutyryloxy isobornyl isobutyrate	CC(C)C(=O)OCC1(C2CCC1(C(C2)OC(=O)C(C)C)C)C	4.5	6430792	COCONUT:(CNP0241187);Natural Products:(UNPD103321);PubChem:(6430792);SuperNatural:(SN00317702)	3178498
59	1	N/A	-319.14853635898106	C18H30O4	[M - H2O + H]+	HFULRMSLMBVSDW	InChI=1S/C18H30O4/c1-13(10-17(21)22-12-15(20)11-19)7-8-16-14(2)6-5-9-18(16,3)4/h10,15-16,19-20H,2,5-9,11-12H2,1,3-4H3	null	CC(=CC(=O)OCC(CO)O)CCC1C(=C)CCCC1(C)C	3.5	23425250	COCONUT:(CNP0199721);Natural Products:(UNPD107111);PubChem:(23425250);SuperNatural:(SN00242593)	3178498
60	1	N/A	-333.5605210737132	C18H30O4	[M - H2O + H]+	CQVCJRAFQMGRDD	InChI=1S/C18H30O4/c1-9-11-12-10(17(12,4)8-19)6-7-18(5,20)13(11)15-14(9)21-16(2,3)22-15/h9-15,19-20H,6-8H2,1-5H3	null	CC1C2C3C(C3(C)CO)CCC(C2C4C1OC(O4)(C)C)(C)O	1.89999998	139587321	COCONUT:(CNP0243145);Natural Products:(UNPD50107);PubChem:(139587321);SuperNatural:(SN00252561)	3178498
61	1	N/A	-336.25875941094984	C18H30O4	[M - H2O + H]+	YYZBBTIMECBEED	InChI=1S/C18H30O4/c1-4-5-6-7-8-9-13-10-11-18(21-13)12-14-15(22-18)17(2,3)16(19)20-14/h13-15H,4-12H2,1-3H3	null	CCCCCCCC1CCC2(O1)CC3C(O2)C(C(=O)O3)(C)C	4.69999981	49831822;102050107	COCONUT:(CNP0353657);MeSH:(49831822);PubChem:(49831822 102050107);PubMed	2097222
62	1	N/A	-355.4641675446913	C18H30O4	[M - H2O + H]+	WBGZYWAQSKEEGP	InChI=1S/C18H30O4/c1-4-5-6-7-8-9-10-11-12-13-14-15-16(19)18(2,21-3)22-17(15)20/h4,14,16,19H,1,5-13H2,2-3H3	null	CC1(C(C(=CCCCCCCCCCC=C)C(=O)O1)O)OC	4.9000001	10662755;10041067;46830514	COCONUT:(CNP0189131);Natural Products:(UNPD90152 UNPD131896);PubChem:(10662755 10041067 46830514);SuperNatural:(SN00395701 SN00368623)	3178498