structureRankPerFormula	formulaRank	ConfidenceScore	CSI:FingerIDScore	molecularFormula	adduct	InChIkey2D	InChI	name	smiles	xlogp	pubchemids	links	dbflags
1	1	0.12746576054382774	-175.54429442687427	C18H27NO11	[M + H]+	VKYWQQIUMKKPIN	InChI=1S/C18H27NO11/c1-7-10(21)12(23)14(25)16(28-7)27-5-9-11(22)13(24)15(26)17(29-9)30-18(6-19)3-2-8(20)4-18/h2-3,7-17,20-26H,4-5H2,1H3	Epipassibiflorin	CC1C(C(C(C(O1)OCC2C(C(C(C(O2)OC3(CC(C=C3)O)C#N)O)O)O)O)O)O	-4.0	176644;71430833	COCONUT:(CNP0270749);Natural Products:(UNPD4160 UNPD107522 UNPD183148 UNPD168719);PubChem:(176644 71430833)	2129922
2	1	N/A	-179.5750967643359	C18H27NO11	[M + H]+	OCHWUNNDLIWPAO	InChI=1S/C18H27NO11/c19-7-1-3-8(4-2-7)27-17-15(26)13(24)16(10(6-21)29-17)30-18-14(25)12(23)11(22)9(5-20)28-18/h1-4,9-18,20-26H,5-6,19H2	p-Aminophenyl |A-lactoside	C1=CC(=CC=C1N)OC2C(C(C(C(O2)CO)OC3C(C(C(C(O3)CO)O)O)O)O)O	-2.76187968	188328;4167510;29971857;29971860;29971863;45038146;46780336;46780331;71307135;94029782;94029783;94029784;94029785;102010209;102351391;101990901;122679481;126968675;131705867	MeSH:(188328);PubChem:(188328 4167510 29971857 29971860 29971863 45038146 46780336 46780331 71307135 94029782 94029783 94029784 94029785 102010209 102351391 101990901 122679481 126968675 131705867);PubMed	70
3	1	N/A	-192.23816599491914	C18H27NO11	[M + H]+	WSDAOKMCDDRLAL	InChI=1S/C18H27NO11/c1-7-10(21)12(23)14(25)16(27-7)28-8-2-3-18(4-8,6-19)30-17-15(26)13(24)11(22)9(5-20)29-17/h2-3,7-17,20-26H,4-5H2,1H3	1-[(3R,4S,5S,6R)-3,4,5-trihydroxy-6-(hydroxymethyl)oxan-2-yl]oxy-4-[(3R,4R,5R,6R)-3,4,5-trihydroxy-6-methyloxan-2-yl]oxycyclopent-2-ene-1-carbonitrile	CC1C(C(C(C(O1)OC2CC(C=C2)(C#N)OC3C(C(C(C(O3)CO)O)O)O)O)O)O	-3.4000001	21120760;21120761;101182023;101724710;121225704	COCONUT:(CNP0319030);MeSH:(101182023 121225704);Natural Products:(UNPD62042 UNPD122634);PubChem:(21120760 21120761 101182023 101724710 121225704);PubMed	2129990
4	1	N/A	-210.67502586775063	C18H27NO11	[M + H]+	YLFQAFOUWIZQAU	InChI=1S/C18H27NO11/c1-7-10(22)11(23)13(25)16(27-7)29-15-9(5-20)28-17(14(26)12(15)24)30-18(6-19)3-2-8(21)4-18/h2-3,7-17,20-26H,4-5H2,1H3	1-[(2S,3R,4R,5S,6R)-3,4-dihydroxy-6-(hydroxymethyl)-5-[(2S,3S,4S,5S,6R)-3,4,5-trihydroxy-6-methyloxan-2-yl]oxyoxan-2-yl]oxy-4-hydroxycyclopent-2-ene-1-carbonitrile	CC1C(C(C(C(O1)OC2C(OC(C(C2O)O)OC3(CC(C=C3)O)C#N)CO)O)O)O	-4.0	21120759	COCONUT:(CNP0110091);Natural Products:(UNPD64574);PubChem:(21120759)	2129922
1	1	N/A	-485.92235632611965	C18H29NO12	[M - H2O + H]+	UVJJPEOVVIRPDY	InChI=1S/C18H29NO12/c1-6-9(21)11(23)13(25)15(28-6)29-7-2-3-18(4-7,17(19)27)31-16-14(26)12(24)10(22)8(5-20)30-16/h2-3,6-16,20-26H,4-5H2,1H3,(H2,19,27)	null	CC1C(C(C(C(O1)OC2CC(C=C2)(C(=O)N)OC3C(C(C(C(O3)CO)O)O)O)O)O)O	-3.90128183	""	COCONUT:(CNP0152539);Natural Products:(UNPD77277);SuperNatural:(SN00356868)	3178496
1	2	N/A	-438.8825314027499	C19H23N5O7	[M + H]+	NVXLFIPTHPKSKL	InChI=1S/C19H23N5O7/c20-11(6-16(26)27)17(28)23-13(18(29)24-14(19(30)31)7-15(21)25)5-9-8-22-12-4-2-1-3-10(9)12/h1-4,8,11,13-14,22H,5-7,20H2,(H2,21,25)(H,23,28)(H,24,29)(H,26,27)(H,30,31)	(3S)-3-amino-4-[[(2S)-1-[[(1S)-3-amino-1-carboxy-3-oxopropyl]amino]-3-(1H-indol-3-yl)-1-oxopropan-2-yl]amino]-4-oxobutanoic acid	C1=CC=C2C(=C1)C(=CN2)CC(C(=O)NC(CC(=O)N)C(=O)O)NC(=O)C(CC(=O)O)N	-1.97792864	18219687;16058613	PubChem:(18219687 16058613);PubChem class - bio and metabolites	16777218
2	2	N/A	-561.3684486124687	C19H23N5O7	[M + H]+	CRFQJHNXTNBRQR	InChI=1S/C19H23N5O7/c1-31-16(28)8-13-19(30)23(10-15(26)27)6-7-24(13)14(25)9-22-18(29)12-4-2-11(3-5-12)17(20)21/h2-5,13H,6-10H2,1H3,(H3,20,21)(H,22,29)(H,26,27)	null	COC(=O)CC1C(=O)N(CCN1C(=O)CNC(=O)C2=CC=C(C=C2)C(=N)N)CC(=O)O	-1.60000002	10622651;9824171;9910713	MeSH:(9824171);PubChem:(10622651 9824171 9910713);PubMed	70
3	2	N/A	-622.7570017943357	C19H23N5O7	[M + H]+	LRNNMLVIRJQBQS	InChI=1S/C19H23N5O7/c1-10(19(30)31)15-18(29)23(9-14(26)27)6-7-24(15)13(25)8-22-17(28)12-4-2-11(3-5-12)16(20)21/h2-5,10,15H,6-9H2,1H3,(H3,20,21)(H,22,28)(H,26,27)(H,30,31)	4-(4-Amidinobenzoylglycyl)-3-methoxycarbonyl-2-oxopiperazine-1-acetic acid	CC(C1C(=O)N(CCN1C(=O)CNC(=O)C2=CC=C(C=C2)C(=N)N)CC(=O)O)C(=O)O	-1.29999995	177305	MeSH:(177305);PubChem:(177305);PubMed	70
1	2	N/A	-538.767514669887	C19H25N5O8	[M - H2O + H]+	GVUGADOWXGKRAE	InChI=1S/C19H25N5O8/c1-10(20-15(25)8-9-16(26)27)17(28)21-11(2)18(29)22-12(3)19(30)23-13-4-6-14(7-5-13)24(31)32/h4-7,10-12H,8-9H2,1-3H3,(H,20,25)(H,21,28)(H,22,29)(H,23,30)(H,26,27)	Succinyl-trialanine-4-nitroanilide	CC(C(=O)NC(C)C(=O)NC(C)C(=O)NC1=CC=C(C=C1)[N+](=O)[O-])NC(=O)CCC(=O)O	-0.400000006	93274;4608426;5484223;40520312;40520314;98403709;98403712	NORMAN:(NS00032474);MeSH:(5484223);PubChem:(93274 4608426 5484223 40520312 40520314 98403709 98403712);PubMed;ZINC bio:(ZINC05273802 ZINC05273803 ZINC05273804 ZINC05273805)	270406
2	2	N/A	-707.3411158928773	C19H25N5O8	[M - H2O + H]+	AKFPJMPDELFVBU	InChI=1S/C19H25N5O8/c1-11(2)8-13(18(27)20-10-17(25)26)21-19(28)15-4-3-7-22(15)14-6-5-12(23(29)30)9-16(14)24(31)32/h5-6,9,11,13,15H,3-4,7-8,10H2,1-2H3,(H,20,27)(H,21,28)(H,25,26)	N-(N-(1-(2,4-Dinitrophenyl)-L-prolyl)-L-leucyl)glycine	CC(C)CC(C(=O)NCC(=O)O)NC(=O)C1CCCN1C2=C(C=C(C=C2)[N+](=O)[O-])[N+](=O)[O-]	2.20000005	6455226;15916664;133126700	PubChem:(6455226 15916664 133126700);NORMAN:(NS00035937)	262146