structureRankPerFormula	formulaRank	ConfidenceScore	CSI:FingerIDScore	molecularFormula	adduct	InChIkey2D	InChI	name	smiles	xlogp	pubchemids	links	dbflags
1	1	N/A	-141.20657820645607	C7H6N2O3S2	[M + H]+	NOOBQTYVTDBXTL	InChI=1S/C7H6N2O3S2/c8-14(11,12)7-9-5-2-1-4(10)3-6(5)13-7/h1-3,10H,(H2,8,11,12)	aromatic/heteroaromatic sulfonamide 19	C1=CC2=C(C=C1O)SC(=N2)S(=O)(=O)N	0.664281785	6852129	COCONUT:(CNP0019622);PubChem:(6852129);PubChem class - bio and metabolites;MeSH:(6852129);PubMed;KEGG Mine	8608809030
2	1	N/A	-144.43878886977842	C7H6N2O3S2	[M + H]+	CKAGMVXJHAZUBL	InChI=1S/C7H6N2O3S2/c8-7-9-5-2-1-4(14(10,11)12)3-6(5)13-7/h1-3H,(H2,8,9)(H,10,11,12)	2-aminobenzothiazole-6-sulfonic acid	C1=CC2=C(C=C1S(=O)(=O)O)SC(=N2)N	0.800000012	89112;6999188;139060825	NORMAN:(NS00027001);PubChem class - safety and toxic;PubChem:(89112 6999188 139060825);PubMed	67371074
3	1	N/A	-161.75905207316785	C7H6N2O3S2	[M + H]+	ZOAXTOPVRCPOQX	InChI=1S/C7H6N2O3S2/c8-14(11,12)7-9-5-3-4(10)1-2-6(5)13-7/h1-3,10H,(H2,8,11,12)	6-Hydroxybenzothiazide-2-sulfonamide	C1=CC2=C(C=C1O)N=C(S2)S(=O)(=O)N	0.664281785	121595	MeSH:(121595);PubChem:(121595);PubMed;KEGG Mine	8589934662
4	1	N/A	-165.043218438719	C7H6N2O3S2	[M + H]+	AOVDONCOLZOGQB	InChI=1S/C7H6N2O3S2/c8-7-5-3-4(14(10,11)12)1-2-6(5)9-13-7/h1-3H,8H2,(H,10,11,12)	3-amino-2,1-benzothiazole-5-sulfonic acid	C1=CC2=NSC(=C2C=C1S(=O)(=O)O)N	0.699999988	104612	PubChem:(104612);NORMAN:(NS00032848)	262146
5	1	N/A	-189.74853492316052	C7H6N2O3S2	[M + H]+	LLOAINVMNYBDNR	InChI=1S/C7H6N2O3S2/c10-14(11,12)4-1-2-5-6(3-4)9-7(13)8-5/h1-3H,(H2,8,9,13)(H,10,11,12)	2-sulfanylbenzimidazole-5-sulfonic acid	C1=CC2=C(C=C1S(=O)(=O)O)NC(=S)N2	-0.100000001	2738126;4360972	NORMAN:(NS00020094);MeSH:(2738126);PubChem:(2738126 4360972);PubMed	262214
1	2	0.03783783336290968	-134.08487128265082	C5H11O4PS2	[M + H]+	NOQSFQMPWUXNPT	InChI=1S/C5H11O4PS2/c1-5(6)9-4-12-10(11,7-2)8-3/h4H2,1-3H3	Stauffer R-8033	CC(=O)OCSP(=S)(OC)OC	1.60000002	74447	PubChem:(74447);PubChem class - safety and toxic	67108866
2	2	N/A	-153.80454561367418	C5H11O4PS2	[M + H]+	PLZVCZLWZIJPPO	InChI=1S/C5H11O4PS2/c1-7-5(6)4-12-10(11,8-2)9-3/h4H2,1-3H3	Methyl (Dimethoxyphosphinothioylthio)-Acetate	COC(=O)CSP(=S)(OC)OC	1.28732479	69793	PubChem:(69793);NORMAN:(NS00009857)	262146