structureRankPerFormula	formulaRank	ConfidenceScore	CSI:FingerIDScore	molecularFormula	adduct	InChIkey2D	InChI	name	smiles	xlogp	pubchemids	links	dbflags
1	1	0.23195662360190594	-216.062421386188	C17H29NO9	[M + H]+	ZPCZUCCAEZBWFU	InChI=1S/C17H29NO9/c1-5-17(24,10(4)19)16(23)25-7-11-12(20)13(21)14(22)15(27-11)26-9(3)8(2)6-18/h8-15,19-22,24H,5,7H2,1-4H3	null	CCC(C(C)O)(C(=O)OCC1C(C(C(C(O1)OC(C)C(C)C#N)O)O)O)O	-1.5	102192142;102448004;102448005;102448006	COCONUT:(CNP0141795);Natural Products:(UNPD221101 UNPD216874 UNPD219017);PubChem:(102192142 102448004 102448005 102448006)	2129922
2	1	N/A	-298.8521942569724	C17H29NO9	[M + H]+	AWYJVKOIRCMUHE	InChI=1S/C17H29NO9/c1-10(19)18(5)14(8-25-11(2)20)16(24-7)17(27-13(4)22)15(9-23-6)26-12(3)21/h14-17H,8-9H2,1-7H3	[2-[acetyl(methyl)amino]-4,5-diacetyloxy-3,6-dimethoxyhexyl] acetate	CC(=O)N(C)C(COC(=O)C)C(C(C(COC)OC(=O)C)OC(=O)C)OC	-0.600000024	539147;22212991;101621145	COCONUT:(CNP0317187);Natural Products:(UNPD77064);PubChem:(539147 22212991 101621145);SuperNatural:(SN00299368)	3178498
1	2	N/A	-285.54402620998616	C18H25N5O5	[M + H]+	CDANUSUTFSNLOG	InChI=1S/C18H25N5O5/c19-18(20)22-9-5-4-8-21-15(24)12(10-11-6-2-1-3-7-11)23-16(25)13-14(28-13)17(26)27/h1-3,6-7,12-14H,4-5,8-10H2,(H,21,24)(H,23,25)(H,26,27)(H4,19,20,22)	Estatin A	C1=CC=C(C=C1)CC(C(=O)NCCCCN=C(N)N)NC(=O)C2C(O2)C(=O)O	-0.600000024	129330;14032016	COCONUT:(CNP0296766);KNApSAcK:(17703);Natural Products:(UNPD173861);PubChem:(129330 14032016);SuperNatural:(SN00304614);additional;MeSH:(129330);PubChem class - safety and toxic;PubMed	70811734
2	2	N/A	-339.953305862119	C18H25N5O5	[M + H]+	JHIPUJPTQJYEQK	InChI=1S/C18H25N5O5/c1-12(20-25-4)16(22-26-5)13(2)21-28-11-14-9-7-8-10-15(14)17(23-27-6)18(24)19-3/h7-10H,11H2,1-6H3,(H,19,24)	Orysastrobin	CC(=NOC)C(=NOC)C(=NOCC1=CC=CC=C1C(=NOC)C(=O)NC)C	2.5	15982648;11486133;17988638;60006000;60070318;59839411;72980153;71312537;87487537;89023909;88952062;87920445;98061299	NORMAN:(NS00002380);PubChem:(15982648 11486133 17988638 60006000 60070318 59839411 72980153 71312537 87487537 89023909 88952062 87920445 98061299);CHEBI:(81832);MeSH:(11486133 17988638 60006000);KEGG:(C18560);PubChem class - safety and toxic;PubMed	67371366
3	2	N/A	-380.301536714628	C18H25N5O5	[M + H]+	XBIMPEXPZJZUMP	InChI=1S/C18H25N5O5/c1-28-18(27)14-4-2-3-7-23(14)17(26)13(8-11-9-19-10-20-11)22-16(25)12-5-6-15(24)21-12/h9-10,12-14H,2-8H2,1H3,(H,19,20)(H,21,24)(H,22,25)	Methyl pyroglutamyl-histidyl-pipecolate	COC(=O)C1CCCCN1C(=O)C(CC2=CN=CN2)NC(=O)C3CCC(=O)N3	2.46788986E-4	127706;53462045	MeSH:(127706);PubChem:(127706 53462045);PubMed	70
4	2	N/A	-470.18256173321794	C18H25N5O5	[M + H]+	AVKVOAKRJPZSFS	InChI=1S/C18H25N5O5/c1-9(2)5-12(16(19)26)23-17(27)10-6-11(15(25)14(24)7-10)22-18(28)13-8-20-3-4-21-13/h3-4,6,8-9,11-12,14-15,24-25H,5,7H2,1-2H3,(H2,19,26)(H,22,28)(H,23,27)	N-[3-[(1-amino-4-methyl-1-oxopentan-2-yl)carbamoyl]-5,6-dihydroxycyclohex-2-en-1-yl]pyrazine-2-carboxamide	CC(C)CC(C(=O)N)NC(=O)C1=CC(C(C(C1)O)O)NC(=O)C2=NC=CN=C2	-1.5	5011529;7050088	COCONUT:(CNP0059102);PubChem:(5011529 7050088);SuperNatural:(SN00004407);ZINC bio:(ZINC03840062)	3153922