structureRankPerFormula	formulaRank	ConfidenceScore	CSI:FingerIDScore	molecularFormula	adduct	InChIkey2D	InChI	name	smiles	xlogp	pubchemids	links	dbflags
1	1	0.9058305367996384	-22.411270264596077	C5H11N3O2	[M + H]+	TUHVEAJXIMEOSA	InChI=1S/C5H11N3O2/c6-5(7)8-3-1-2-4(9)10/h1-3H2,(H,9,10)(H4,6,7,8)	bmse000344	C(CC(=O)O)CN=C(N)N	-1.5	500;23104037;25200642;102319962	HMDB:(3464);SuperNatural:(SN00156217);ZINC bio:(ZINC01532820);additional;MeSH:(500 25200642);Plantcyc:(CPD-592);PubMed;NORMAN:(NS00014565);COCONUT:(CNP0082304 CNP0333230);Natural Products:(UNPD163165);PubChem:(500 23104037 25200642 102319962);CHEBI:(86564 57486 86392 15728);PubChem class - bio and metabolites;KEGG:(C01035);YMDB:(585);Training Set;Biocyc:(CPD-592)	20965742
2	1	N/A	-136.35936758731305	C5H11N3O2	[M + H]+	KKGUWQNQEARROH	InChI=1S/C5H11N3O2/c1-3(2-4(9)10)8-5(6)7/h3H,2H2,1H3,(H,9,10)(H4,6,7,8)	beta-GBA	CC(CC(=O)O)N=C(N)N	-1.39999998	97855;53999154;92158546;126611242;126611243	MeSH:(97855);PubChem:(97855 53999154 92158546 126611242 126611243);PubMed	70
3	1	N/A	-183.11584035673405	C5H11N3O2	[M + H]+	LCGISIDBXHGCDW	InChI=1S/C5H11N3O2/c6-3(5(8)10)1-2-4(7)9/h3H,1-2,6H2,(H2,7,9)(H2,8,10)	Glutamamide	C(CC(=O)N)C(C(=O)N)N	-2.2808311	445691;3015113;7018835;7019720;7019721;87229218	PubChem:(445691 3015113 7018835 7019720 7019721 87229218);YMDB Mine;CHEBI:(21309);ZINC bio:(ZINC02555105);PubChem class - bio and metabolites;EcoCyc Mine;PubMed;Biocyc:(CPD-11638);KEGG Mine	60146329698
4	1	N/A	-200.12382014005937	C5H11N3O2	[M + H]+	DXMQZKIEVHKNTN	InChI=1S/C5H11N3O2/c1-2-8(5(6)7)3-4(9)10/h2-3H2,1H3,(H3,6,7)(H,9,10)	N-Ethylguanidinoacetate	CCN(CC(=O)O)C(=N)N	-0.800000012	188988;19018927	MeSH:(188988);PubChem:(188988 19018927);PubMed	70
5	1	N/A	-211.59175837602046	C5H11N3O2	[M + H]+	YXWDZUGIIGEORF	InChI=1S/C5H11N3O2/c1-6-5(7-2)8-3-4(9)10/h3H2,1-2H3,(H,9,10)(H2,6,7,8)	2-[(N,N''-dimethylcarbamimidoyl)amino]acetic acid	CNC(=NC)NCC(=O)O	-0.899999976	21721259	PubChem:(21721259);PubChem class - safety and toxic	67108866
6	1	N/A	-224.8442096454523	C5H11N3O2	[M + H]+	LSWOCDLIYSKTRX	InChI=1S/C5H11N3O2/c1-2-3-4-8(7-10)5(6)9/h2-4H2,1H3,(H2,6,9)	Nitrosobutylurea	CCCCN(C(=O)N)N=O	0.94253248	13362	PubChem:(13362);PubChem class - bio and metabolites;HSDB:(869-01-2);MeSH:(13362);PubChem class - safety and toxic;PubMed	83886662
7	1	N/A	-234.7360009538763	C5H11N3O2	[M + H]+	XWAUFZXBGKOTGL	InChI=1S/C5H11N3O2/c9-2-1-8-3-6-5(10)7-4-8/h9H,1-4H2,(H2,6,7,10)	5-(2-hydroxyethyl)-1,3,5-triazinan-2-one	C1NC(=O)NCN1CCO	-1.29999995	75741	NORMAN:(NS00027970);PubChem:(75741);PubMed	262210
8	1	N/A	-251.07533899080792	C5H11N3O2	[M + H]+	DVELXLKFMZFAEV	InChI=1S/C5H11N3O2/c6-1-2-3(7)4(8)5(9)10-2/h2-4H,1,6-8H2	(3S,4S,5R)-3,4-diamino-5-(aminomethyl)oxolan-2-one	C(C1C(C(C(=O)O1)N)N)N	-2.20000005	18534281;22887059	COCONUT:(CNP0242874);Natural Products:(UNPD124027);PubChem:(18534281 22887059);SuperNatural:(SN00310841)	3178498
9	1	N/A	-256.27119549498343	C5H11N3O2	[M + H]+	UVYOJOLPDPMHBJ	InChI=1S/C5H11N3O2/c1-3-7-5(6-2)4-8(9)10/h4,6-7H,3H2,1-2H3	(E)-1-N''-ethyl-1-N-methyl-2-nitroethene-1,1-diamine	CCNC(=C[N+](=O)[O-])NC	0.899999976	20261640	PubChem:(20261640);NORMAN:(NS00000904)	262146
10	1	N/A	-272.0152963180146	C5H11N3O2	[M + H]+	DEWYOTJLJIGZHS	InChI=1S/C5H11N3O2/c1-3-6-5(9)8(4-2)7-10/h3-4H2,1-2H3,(H,6,9)	Nitrosodiethylurea	CCNC(=O)N(CC)N=O	0.824118137	96620	MeSH:(96620);PubChem:(96620);PubMed	70
11	1	N/A	-273.5859920940183	C5H11N3O2	[M + H]+	BWGVNKXGVNDBDI	InChI=1S/C5H11N3O2/c1-7-5(10)3-8-4(9)2-6/h2-3,6H2,1H3,(H,7,10)(H,8,9)	2-amino-N-[(methylcarbamoyl)methyl]acetamide	CNC(=O)CNC(=O)CN	-2.2331934	439199	COCONUT:(CNP0047702);PubChem:(439199);SuperNatural:(SN00213017);CHEBI:(5054);ZINC bio:(ZINC01532605);PubChem class - bio and metabolites;MeSH:(439199);PubMed;PubChem class - drug;KEGG Mine	8643420262
12	1	N/A	-281.2780151297331	C5H11N3O2	[M + H]+	IQQINRUQUTUNST	InChI=1S/C5H11N3O2/c1-4-8(6-10)5(9)7(2)3/h4H2,1-3H3	Nitrosodimethylethylurea	CCN(C(=O)N(C)C)N=O	0.662513077	39588	MeSH:(39588);PubChem:(39588);PubMed	70
13	1	N/A	-307.5014193817338	C5H11N3O2	[M + H]+	SRSYSQPJIQFKKN	InChI=1S/C5H11N3O2/c1-4(2)3-8(7-10)5(6)9/h4H,3H2,1-2H3,(H2,6,9)	Isobutylnitrosourea	CC(C)CN(C(=O)N)N=O	0.72296077	69800	MeSH:(69800);PubChem:(69800);PubMed	70