structureRankPerFormula	formulaRank	ConfidenceScore	CSI:FingerIDScore	molecularFormula	adduct	InChIkey2D	InChI	name	smiles	xlogp	pubchemids	links	dbflags
1	1	N/A	-545.3852828813225	C16H17NO8S	[M + Na]+	CCNNORQHMFOLBZ	InChI=1S/C16H17NO8S/c18-13(9-17-7-1-2-12(8-17)15(19)20)10-25-14-5-3-11(4-6-14)16(21)26(22,23)24/h1-8,13,16,18,21H,9-10H2,(H-,19,20,22,23,24)/p+1	null	C1=CC(=C[N+](=C1)CC(COC2=CC=C(C=C2)C(O)S(=O)(=O)O)O)C(=O)O	-0.400000006	73556238	PubChem:(73556238);NORMAN:(NS00056133)	262146
1	2	0.20125315927006876	-198.80458349256207	C19H13NO8	[M + Na]+	SIYMDRCJJBFZSH	InChI=1S/C19H13NO8/c1-9(21)27-19(28-10(2)22)14-8-7-13-15(16(14)20(25)26)18(24)12-6-4-3-5-11(12)17(13)23/h3-8,19H,1-2H3	[acetyloxy-(1-nitro-9,10-dioxoanthracen-2-yl)methyl] acetate	CC(=O)OC(C1=C(C2=C(C=C1)C(=O)C3=CC=CC=C3C2=O)[N+](=O)[O-])OC(=O)C	2.4000001	2748954	COCONUT:(CNP0043793);PubChem:(2748954);SuperNatural:(SN00123296);ZINC bio:(ZINC03844575)	3153922
2	2	N/A	-334.72157392711097	C19H13NO8	[M + Na]+	PIXFQUMLCLXSMP	InChI=1S/C19H13NO8/c20-12(23)6-11(22)14-7(5-13(24)25)4-9-16(18(14)27)19(28)15-8(17(9)26)2-1-3-10(15)21/h1-4,21,27H,5-6H2,(H2,20,23)(H,24,25)	null	C1=CC2=C(C(=C1)O)C(=O)C3=C(C2=O)C=C(C(=C3O)C(=O)CC(=O)N)CC(=O)O	0.899999976	12314612	COCONUT:(CNP0304287);Natural Products:(UNPD60997);PubChem:(12314612);SuperNatural:(SN00250032)	3178498
3	2	N/A	-408.5217273661101	C19H13NO8	[M + Na]+	SJKDFKPUQAGSOX	InChI=1S/C19H13NO8/c21-17-10-1-2-12-16(28-8-25-12)15(10)18(22)20(17)4-3-9-5-13-14(27-7-26-13)6-11(9)19(23)24/h1-2,5-6H,3-4,7-8H2,(H,23,24)	null	C1OC2=C(O1)C3=C(C=C2)C(=O)N(C3=O)CCC4=CC5=C(C=C4C(=O)O)OCO5	2.01488256	""	COCONUT:(CNP0261742);Natural Products:(UNPD221731)	2129920
1	3	N/A	-446.4612001103592	C17H13N5O5	[M + K]+	YRXXQRFUEXMUAQ	InChI=1S/C17H13N5O5/c1-10-15(19-18-11-6-8-12(9-7-11)22(26)27)17(25)21(20-10)16(24)13-4-2-3-5-14(13)23/h2-9,15,23H,1H3	null	CC1=NN(C(=O)C1N=NC2=CC=C(C=C2)[N+](=O)[O-])C(=O)C3=CC=CC=C3O	3.20000005	15656964;95242421;98125371	COCONUT:(CNP0023445);PubChem:(15656964 95242421 98125371);SuperNatural:(SN00142431);ZINC bio:(ZINC68602437)	3153922