structureRankPerFormula	formulaRank	ConfidenceScore	CSI:FingerIDScore	molecularFormula	adduct	InChIkey2D	InChI	name	smiles	xlogp	pubchemids	links	dbflags
1	1	N/A	-125.0173955200554	C12H16O5	[M - H2O + H]+	RHZUJSCGWUGANM	InChI=1S/C12H16O5/c1-2-16-12(15)9-3-5-11(6-4-9)17-8-10(14)7-13/h3-6,10,13-14H,2,7-8H2,1H3	ethyl 4-(2,3-dihydroxypropoxy)benzoate	CCOC(=O)C1=CC=C(C=C1)OCC(CO)O	0.800000012	49016	PubChem:(49016);PubChem class - safety and toxic	67108866
2	1	N/A	-137.53492836038316	C12H16O5	[M - H2O + H]+	UEOFNBCUGJADBM	InChI=1S/C12H16O5/c1-5-17-12(13)8-6-9(14-2)11(16-4)10(7-8)15-3/h6-7H,5H2,1-4H3	ethyltrimethoxy benzoate	CCOC(=O)C1=CC(=C(C(=C1)OC)OC)OC	2.0999999	231162	COCONUT:(CNP0282371);HMDB:(38627);Natural Products:(UNPD69312);PubChem:(231162);SuperNatural:(SN00268718);ZINC bio:(ZINC01634150);PubChem class - bio and metabolites;Training Set;PubMed	19980362
3	1	N/A	-139.9050799525548	C12H16O5	[M - H2O + H]+	CYQOPJTYJJJBHN	InChI=1S/C12H16O5/c1-4-16-10-7-8(12(13)14)6-9(15-3)11(10)17-5-2/h6-7H,4-5H2,1-3H3,(H,13,14)	null	CCOC1=CC(=CC(=C1OCC)OC)C(=O)O	2.14324141	14123046	COCONUT:(CNP0155977);Natural Products:(UNPD182678);PubChem:(14123046)	2129922
4	1	N/A	-149.12534057084332	C12H16O5	[M - H2O + H]+	HXOYWJCDYVODON	InChI=1S/C12H16O5/c1-16-11-7-10(5-4-9(11)8-13)17-6-2-3-12(14)15/h4-5,7,13H,2-3,6,8H2,1H3,(H,14,15)	HMPB;Rinicker Handle;	COC1=C(C=CC(=C1)OCCCC(=O)O)CO	0.800000012	4660281;40425055	PubChem class - safety and toxic;PubChem:(4660281 40425055);PubMed	67108930
5	1	N/A	-151.57597800485428	C12H16O5	[M - H2O + H]+	UNANLNXLVVFIDK	InChI=1S/C12H16O5/c1-15-10-5-4-8(7-11(10)16-2)6-9(13)12(14)17-3/h4-5,7,9,13H,6H2,1-3H3	null	COC1=C(C=C(C=C1)CC(C(=O)OC)O)OC	1.65826952	10966619;11128405;10490202	COCONUT:(CNP0177869);Natural Products:(UNPD92841);PubChem:(10966619 11128405 10490202);SuperNatural:(SN00355455)	3178498
6	1	N/A	-153.39568045017833	C12H16O5	[M - H2O + H]+	TXKORQPSJUQGFY	InChI=1S/C12H16O5/c1-4-17-12(14)11(13)8-5-6-9(15-2)10(7-8)16-3/h5-7,11,13H,4H2,1-3H3	Ethyl 3,4-dimethoxymandelate	CCOC(=O)C(C1=CC(=C(C=C1)OC)OC)O	1.5	122605;92282927;92282974	PubChem:(122605 92282927 92282974);NORMAN:(NS00059281)	262146
7	1	N/A	-156.07244309652359	C12H16O5	[M - H2O + H]+	ZCYXGVJUZBKJAI	InChI=1S/C12H16O5/c1-15-9-6-8(4-5-11(13)14)7-10(16-2)12(9)17-3/h6-7H,4-5H2,1-3H3,(H,13,14)	Oprea1_083965	COC1=CC(=CC(=C1OC)OC)CCC(=O)O	1.89201379	64860;6922778	HMDB:(30254);SuperNatural:(SN00335192 SN00000983);ZINC bio:(ZINC00073032);additional;PubMed;NORMAN:(NS00027824);COCONUT:(CNP0065380 CNP0423577);Natural Products:(UNPD148025);PubChem:(64860 6922778);CHEBI:(58962 583580);PubChem class - bio and metabolites;PubChem class - safety and toxic;Training Set	87875690
8	1	N/A	-172.76645451673392	C12H16O5	[M - H2O + H]+	QEGYEIXJXIALOP	InChI=1S/C12H16O5/c1-17-11-7-8(2-4-10(11)14)6-9(13)3-5-12(15)16/h2,4,7,9,13-14H,3,5-6H2,1H3,(H,15,16)	null	COC1=C(C=CC(=C1)CC(CCC(=O)O)O)O	1.45565426	131834077	HMDB:(127748);PubChem:(131834077);PubChem class - bio and metabolites	16777226
9	1	N/A	-181.79235172943126	C12H16O5	[M - H2O + H]+	QOPNYPCVRBRZOP	InChI=1S/C12H16O5/c1-15-9-6-4-8(5-7-10(13)14)11(16-2)12(9)17-3/h4,6H,5,7H2,1-3H3,(H,13,14)	Benzenepropanoic acid,2,3,4-trimethoxy-	COC1=C(C(=C(C=C1)CCC(=O)O)OC)OC	1.89201379	118401	NORMAN:(NS00029423);HMDB:(142074);PubChem class - safety and toxic;PubChem:(118401);PubChem class - bio and metabolites	84148234
10	1	N/A	-184.03348439154885	C12H16O5	[M - H2O + H]+	WMCQWXZMVIETAO	InChI=1S/C12H16O5/c1-3-4-8-7(2)11(12(15)16)9(17-8)5-6-10(13)14/h3-6H2,1-2H3,(H,13,14)(H,15,16)	Cmpfpa	CCCC1=C(C(=C(O1)CCC(=O)O)C(=O)O)C	1.89999998	123979;21120291;40566100;137699791	COCONUT:(CNP0304168 CNP0318642);HMDB:(61112);PubChem:(123979 21120291 40566100 137699791);CHEBI:(41254 82986);ZINC bio:(ZINC05844289);additional;PubChem class - bio and metabolites;MeSH:(123979 40566100);Training Set;PubMed;Biocyc:(CPD-16818)	19425390
11	1	N/A	-189.2834712921213	C12H16O5	[M - H2O + H]+	KVEWMYIEWUOFBI	InChI=1S/C12H16O5/c1-17-11-6-8(3-5-10(11)14)2-4-9(13)7-12(15)16/h3,5-6,9,13-14H,2,4,7H2,1H3,(H,15,16)	null	COC1=C(C=CC(=C1)CCC(CC(=O)O)O)O	1.45565426	""	COCONUT:(CNP0153981);Natural Products:(UNPD202951);YMDB Mine;KEGG Mine	42951802880
12	1	N/A	-190.55090960360894	C12H16O5	[M - H2O + H]+	UGHPWKLKDZLPNM	InChI=1S/C12H16O5/c1-15-9-7-11(17-3)10(16-2)6-8(9)4-5-12(13)14/h6-7H,4-5H2,1-3H3,(H,13,14)	null	COC1=CC(=C(C=C1CCC(=O)O)OC)OC	1.89201379	24703911	COCONUT:(CNP0042499 CNP0362411);PubChem:(24703911);SuperNatural:(SN00037134);ZINC bio:(ZINC14818019);additional;Training Set;PubMed	3694658
13	1	N/A	-200.18410312226874	C12H16O5	[M - H2O + H]+	YBMTWYWCLVMFFD	InChI=1S/C12H16O5/c1-7(2)3-4-17-12(16)8-5-9(13)11(15)10(14)6-8/h5-7,13-15H,3-4H2,1-2H3	Ambap2486-02-4	CC(C)CCOC(=O)C1=CC(=C(C(=C1)O)O)O	2.0208118	75596	NORMAN:(NS00046230);PubChem class - food;PubChem:(75596);ZINC bio:(ZINC01461351)	134488066
14	1	N/A	-203.2319483492093	C12H16O5	[M - H2O + H]+	HZEDXSOUEKTFMT	InChI=1S/C12H16O5/c1-14-4-5-17-12-10(15-2)6-9(8-13)7-11(12)16-3/h6-8H,4-5H2,1-3H3	3,5-Dimethoxy-4-(2-methoxyethoxy)benzaldehyde	COCCOC1=C(C=C(C=C1OC)C=O)OC	1.20000005	3017594	PubChem:(3017594);NORMAN:(NS00056974)	262146
15	1	N/A	-203.52221306246693	C12H16O5	[M - H2O + H]+	LVZSTCWLAWIFNV	InChI=1S/C12H16O5/c1-7(13)12(14)8-5-10(16-3)11(17-4)6-9(8)15-2/h5-6,12,14H,1-4H3	null	CC(=O)C(C1=CC(=C(C=C1OC)OC)OC)O	0.899999976	46848158;71551256;102592325	COCONUT:(CNP0277578);Natural Products:(UNPD16528);PubChem:(46848158 71551256 102592325);SuperNatural:(SN00278195)	3178498
16	1	N/A	-204.8723598475476	C12H16O5	[M - H2O + H]+	AQXAMCMWSDKKIG	InChI=1S/C12H16O5/c1-2-11(15)10-5-9(3-4-12(10)16)17-7-8(14)6-13/h3-5,8,13-14,16H,2,6-7H2,1H3	3-(4-Hydroxy-3-propionylphenoxy)-1,2-propanediol	CCC(=O)C1=C(C=CC(=C1)OCC(CO)O)O	0.899999976	120853	PubChem:(120853);PubChem class - safety and toxic	67108866
17	1	N/A	-205.07609456297516	C12H16O5	[M - H2O + H]+	CFMJXTBZNIHBSJ	InChI=1S/C12H16O5/c1-17-11-4-2-8(7-10(11)14)6-9(13)3-5-12(15)16/h2,4,7,9,13-14H,3,5-6H2,1H3,(H,15,16)	null	COC1=C(C=C(C=C1)CC(CCC(=O)O)O)O	1.0	131834179	HMDB:(127826);PubChem:(131834179);PubChem class - bio and metabolites	16777226
18	1	N/A	-215.4278405616017	C12H16O5	[M - H2O + H]+	JVDDGFUMQFNKGJ	InChI=1S/C12H16O5/c1-7-10(12(13)17-5)8(14-2)6-9(15-3)11(7)16-4/h6H,1-5H3	Benzoic acid, 3,4,6-trimethoxy-2-methyl-, methyl ester	CC1=C(C(=CC(=C1OC)OC)OC)C(=O)OC	2.0999999	14037919	COCONUT:(CNP0215078);Natural Products:(UNPD3607);PubChem:(14037919);SuperNatural:(SN00231222)	3178498
19	1	N/A	-215.88646138108132	C12H16O5	[M - H2O + H]+	PGECTJLZXWRSFB	InChI=1S/C12H16O5/c1-15-9-7-8(5-4-6-13)11(16-2)12(17-3)10(9)14/h4-5,7,13-14H,6H2,1-3H3	null	COC1=C(C(=C(C(=C1)C=CCO)OC)OC)O	1.20000005	131835020	PubChem:(131835020);HMDB:(128721)	10
20	1	N/A	-220.25926985641652	C12H16O5	[M - H2O + H]+	WJILVMHVYJKMND	InChI=1S/C12H16O5/c1-4-8(13)7-5-9(14-2)11-12(10(7)15-3)17-6-16-11/h5,8,13H,4,6H2,1-3H3	null	CCC(C1=CC(=C2C(=C1OC)OCO2)OC)O	2.08863211	""	COCONUT:(CNP0364156);Natural Products:(UNPD174020);SuperNatural:(SN00385093)	3178496
21	1	N/A	-223.41809901491993	C12H16O5	[M - H2O + H]+	PQIWJWWULVHOAA	InChI=1S/C12H16O5/c1-16-7-6-9-2-4-10(5-3-9)17-8-11(13)12(14)15/h2-5,11,13H,6-8H2,1H3,(H,14,15)	2-hydroxy-3-[4-(2-methoxyethyl)phenoxy]propanoic acid	COCCC1=CC=C(C=C1)OCC(C(=O)O)O	1.0	3043944;102058225;102058226	NORMAN:(NS00003111);PubChem class - safety and toxic;PubChem:(3043944 102058225 102058226)	67371010
22	1	N/A	-224.33071959207663	C12H16O5	[M - H2O + H]+	LKDSCRCVTKEXRX	InChI=1S/C12H16O5/c1-15-8-6-10(16-2)9(4-5-12(13)14)11(7-8)17-3/h6-7H,4-5H2,1-3H3,(H,13,14)	3-(2,4,6-trimethoxyphenyl)propanoic acid	COC1=CC(=C(C(=C1)OC)CCC(=O)O)OC	1.89201379	3018538	NORMAN:(NS00059703);PubChem class - safety and toxic;PubChem:(3018538)	67371010
23	1	N/A	-229.2965981937816	C12H16O5	[M - H2O + H]+	FKACTIKLTVZJSM	InChI=1S/C12H16O5/c1-8-3-4-10(11(15)5-8)12(16,6-13)7-17-9(2)14/h3-5,13,15-16H,6-7H2,1-2H3	[2,3-dihydroxy-2-(2-hydroxy-4-methylphenyl)propyl] acetate	CC1=CC(=C(C=C1)C(CO)(COC(=O)C)O)O	0.699999988	14543615	COCONUT:(CNP0198862);Natural Products:(UNPD184676);PubChem:(14543615);SuperNatural:(SN00340287)	3178498
24	1	N/A	-232.4056010117804	C12H16O5	[M - H2O + H]+	YYZOXGSWCULAMT	InChI=1S/C12H16O5/c1-9(13)11-4-3-10(7-12(11)14)17-8-16-6-5-15-2/h3-4,7,14H,5-6,8H2,1-2H3	Ethanone, 1-[2-hydroxy-4-[(2-methoxyethoxy)methoxy]phenyl]-	CC(=O)C1=C(C=C(C=C1)OCOCCOC)O	1.18059444	11264942	COCONUT:(CNP0114587);KNApSAcK:(47336);Natural Products:(UNPD25644);PubChem:(11264942);SuperNatural:(SN00297081);MeSH:(11264942);PubMed	3178582
25	1	N/A	-232.74559826761265	C12H16O5	[M - H2O + H]+	JNSBJCYCYJLQLD	InChI=1S/C12H16O5/c1-14-10-8(4-3-5-13)6-9-11(12(10)15-2)17-7-16-9/h6,13H,3-5,7H2,1-2H3	null	COC1=C(C2=C(C=C1CCCO)OCO2)OC	1.60000002	71202957	HMDB:(128672);PubChem:(71202957);PubChem class - bio and metabolites	16777226
26	1	N/A	-233.46261179875353	C12H16O5	[M - H2O + H]+	FENZKGOUICFKMZ	InChI=1S/C12H16O5/c1-7(13)10-8(14-2)6-9(15-3)11(16-4)12(10)17-5/h6H,1-5H3	Ambap7508-05-6	CC(=O)C1=C(C(=C(C=C1OC)OC)OC)OC	1.5	344502	COCONUT:(CNP0152623);Natural Products:(UNPD179091);PubChem:(344502);SuperNatural:(SN00224074);ZINC bio:(ZINC01594131)	3186690
27	1	N/A	-234.0919698673232	C12H16O5	[M - H2O + H]+	YZDSYNUVCHNUIT	InChI=1S/C12H16O5/c1-7(13)12(14)8-5-10(16-3)11(17-4)6-9(8)15-2/h5-7,13H,1-4H3	null	CC(C(=O)C1=CC(=C(C=C1OC)OC)OC)O	1.29999995	46848157;75220370;124510405	COCONUT:(CNP0178025);Natural Products:(UNPD181845);PubChem:(46848157 75220370 124510405);SuperNatural:(SN00354775)	3178498
28	1	N/A	-236.23595601039975	C12H16O5	[M - H2O + H]+	WPIWESPAZBOBPS	InChI=1S/C12H16O5/c1-15-9-7-8(5-4-6-13)11(16-2)12(17-3)10(9)14/h6-7,14H,4-5H2,1-3H3	null	COC1=C(C(=C(C(=C1)CCC=O)OC)OC)O	1.20000005	131835004	HMDB:(128705);PubChem:(131835004);PubChem class - bio and metabolites	16777226
29	1	N/A	-239.72435544311213	C12H16O5	[M - H2O + H]+	MWSFJTCZFKZJIL	InChI=1S/C12H16O5/c1-7(13)4-9(14)12-10(15)5-8(16-2)6-11(12)17-3/h5-7,13,15H,4H2,1-3H3	null	CC(CC(=O)C1=C(C=C(C=C1OC)OC)O)O	1.39999998	44233635;74959454	COCONUT:(CNP0335702);Natural Products:(UNPD92925);PubChem:(44233635 74959454);SuperNatural:(SN00253885)	3178498
30	1	N/A	-240.81205769725486	C12H16O5	[M - H2O + H]+	POCFBDFTJMJWLG	InChI=1S/C12H16O5/c1-15-9-6-8(4-5-11(13)17-3)7-10(16-2)12(9)14/h6-7,14H,4-5H2,1-3H3	Benzenepropanoic acid, 4-hydroxy-3,5-dimethoxy-, methyl ester	COC1=CC(=CC(=C1O)OC)CCC(=O)OC	1.60000002	14035437	COCONUT:(CNP0137811);Natural Products:(UNPD194353);PubChem:(14035437)	2129922
31	1	N/A	-241.56735447343374	C12H16O5	[M - H2O + H]+	IIOADSXXVWNOSC	InChI=1S/C12H16O5/c1-2-3-4-5-17-12(16)8-6-9(13)11(15)10(14)7-8/h6-7,13-15H,2-5H2,1H3	Amyl gallate	CCCCCOC(=O)C1=CC(=C(C(=C1)O)O)O	2.24038363	487559	COCONUT:(CNP0092512);PubChem:(487559);SuperNatural:(SN00143306);ZINC bio:(ZINC05973246);MeSH:(487559);PubMed	3153990
32	1	N/A	-241.9327263522143	C12H16O5	[M - H2O + H]+	IENSYSQTQGXKIV	InChI=1S/C12H16O5/c13-6-9(14)11-10(15)7-16-12(17-11)8-4-2-1-3-5-8/h1-5,9-15H,6-7H2	Oprea1_126623	C1C(C(OC(O1)C2=CC=CC=C2)C(CO)O)O	0.0	677216;1284741;3945069;7922010;7922011;7922026;6541054;11075553;21583199;53912193;53912194;71619335;101604600;101604606;102067384;124929755;124929756;124356014;134986521	PubChem class - safety and toxic;PubChem:(677216 1284741 3945069 7922010 7922011 7922026 6541054 11075553 21583199 53912193 53912194 71619335 101604600 101604606 102067384 124929755 124929756 124356014 134986521);PubMed	67108930
33	1	N/A	-244.42472984378458	C12H16O5	[M - H2O + H]+	LBRCZJOEFVTDQU	InChI=1S/C12H16O5/c1-7(13)12(15-3)8-4-10-11(17-6-16-10)5-9(8)14-2/h4-5,7,12-13H,6H2,1-3H3	null	CC(C(C1=CC2=C(C=C1OC)OCO2)OC)O	1.10000002	25180317;25180318	COCONUT:(CNP0132972);Natural Products:(UNPD189377);PubChem:(25180317 25180318);SuperNatural:(SN00303233)	3178498
34	1	N/A	-245.13212031339518	C12H16O5	[M - H2O + H]+	IJGOLUUBHRHFCD	InChI=1S/C12H16O5/c13-6-9-11(15)10(7-14)17-12(16-9)8-4-2-1-3-5-8/h1-5,9-15H,6-7H2	(4R,6S)-4,6-bis(hydroxymethyl)-2-phenyl-1,3-dioxan-5-ol	C1=CC=C(C=C1)C2OC(C(C(O2)CO)O)CO	0.0	11470476	COCONUT:(CNP0417656);Natural Products:(UNPD96812);PubChem:(11470476);SuperNatural:(SN00385960)	3178498
35	1	N/A	-245.2435302278955	C12H16O5	[M - H2O + H]+	IFBOEHZIJLSXLY	InChI=1S/C12H16O5/c1-12(2,3)15-11(13)9-14-17-16-10-7-5-4-6-8-10/h4-8H,9H2,1-3H3	tert-butyl 2-phenoxyperoxyacetate	CC(C)(C)OC(=O)COOOC1=CC=CC=C1	2.9000001	21115651	PubChem:(21115651);NORMAN:(NS00048119)	262146
36	1	N/A	-246.7733852841435	C12H16O5	[M - H2O + H]+	DMPSZPVEKHHIBR	InChI=1S/C12H16O5/c1-13-10-4-8(16-6-9-7-17-9)5-11(14-2)12(10)15-3/h4-5,9H,6-7H2,1-3H3	((3,4,5-Trimethoxyphenoxy)methyl)oxirane	COC1=CC(=CC(=C1OC)OC)OCC2CO2	1.5	5743635;49788168;58739296	PubChem:(5743635 49788168 58739296);NORMAN:(NS00060006)	262146
37	1	N/A	-248.18768452172128	C12H16O5	[M - H2O + H]+	ZYFWDUKUSGLMGL	InChI=1S/C12H16O5/c1-7(2)17-12(16)11(15)6-8-3-4-9(13)10(14)5-8/h3-5,7,11,13-15H,6H2,1-2H3	null	CC(C)OC(=O)C(CC1=CC(=C(C=C1)O)O)O	1.72237265	44234503;101778398;101778399	COCONUT:(CNP0144612);HMDB:(41756);PubChem:(44234503 101778398 101778399);SuperNatural:(SN00162554);PubChem class - bio and metabolites;PubMed	19923018
38	1	N/A	-248.96547553464097	C12H16O5	[M - H2O + H]+	MBBBSHXQRFAIPA	InChI=1S/C12H16O5/c13-6-9-10(14)11(15)12(17-9)16-7-8-4-2-1-3-5-8/h1-5,9-15H,6-7H2	2-(hydroxymethyl)-5-phenylmethoxyoxolane-3,4-diol	C1=CC=C(C=C1)COC2C(C(C(O2)CO)O)O	0.093357116	5127599;12016012;12172445;14055083;11149145;24209806;54063011;54063012;54063014;54063016;69921245;69286913;68491886;92140675;92143397;92237303;92276962;91108488;91524445;91383285	COCONUT:(CNP0402918);Natural Products:(UNPD209671);PubChem:(5127599 12016012 12172445 14055083 11149145 24209806 54063011 54063012 54063014 54063016 69921245 69286913 68491886 92140675 92143397 92237303 92276962 91108488 91524445 91383285);PubMed	2129986
39	1	N/A	-249.7080071164739	C12H16O5	[M - H2O + H]+	FZNSXPYKKOQNBX	InChI=1S/C12H16O5/c1-7-3-2-4-8(5-7)17-12-11(15)10(14)9(13)6-16-12/h2-5,9-15H,6H2,1H3	2-(3-methylphenoxy)oxane-3,4,5-triol	CC1=CC(=CC=C1)OC2C(C(C(CO2)O)O)O	0.200000003	904520;904521;3760157;7078430;7078431;18397822;16397084;25425538	COCONUT:(CNP0367794);PubChem:(904520 904521 3760157 7078430 7078431 18397822 16397084 25425538);SuperNatural:(SN00068658 SN00086538);ZINC bio:(ZINC04028625 ZINC12659982)	3153922
40	1	N/A	-250.5850369444983	C12H16O5	[M - H2O + H]+	WDLJGGRLBGZZPQ	InChI=1S/C12H16O5/c1-15-11(13)7-5-9-3-4-10(17-9)6-8-12(14)16-2/h3-4H,5-8H2,1-2H3	2,5-Furandipropanoic acid, dimethyl ester	COC(=O)CCC1=CC=C(O1)CCC(=O)OC	1.20000005	14293510	COCONUT:(CNP0157940);Natural Products:(UNPD81378);PubChem:(14293510)	2129922
41	1	N/A	-251.0779582186308	C12H16O5	[M - H2O + H]+	YAURVMGBGYEPTE	InChI=1S/C12H16O5/c1-7(12(13)14)8-5-6-9(15-2)11(17-4)10(8)16-3/h5-7H,1-4H3,(H,13,14)	methyl 2,3,4-trimethoxyphenylacetate	CC(C1=C(C(=C(C=C1)OC)OC)OC)C(=O)O	1.89999998	3018310;53446751;92950844;92950845	PubChem:(3018310 53446751 92950844 92950845);NORMAN:(NS00064253)	262146
42	1	N/A	-260.1162755525737	C12H16O5	[M - H2O + H]+	OPQNWXQQJCIOBW	InChI=1S/C12H16O5/c1-7-2-4-8(5-3-7)17-12-11(15)10(14)9(13)6-16-12/h2-5,9-15H,6H2,1H3	4-methylphenyl pentopyranoside	CC1=CC=C(C=C1)OC2C(C(C(CO2)O)O)O	0.200000003	757650;928563;1379865;3733846;7076386	COCONUT:(CNP0277185);PubChem:(757650 928563 1379865 3733846 7076386);SuperNatural:(SN00067352);ZINC bio:(ZINC04026259)	3153922
43	1	N/A	-260.3074138423264	C12H16O5	[M - H2O + H]+	MWNRQKCSZFAAGI	InChI=1S/C12H16O5/c1-8(14)12-10(16)6-9(15)7-11(12)17-5-3-2-4-13/h6-7,13,15-16H,2-5H2,1H3	null	CC(=O)C1=C(C=C(C=C1OCCCCO)O)O	1.19499683	""	COCONUT:(CNP0168806);Natural Products:(UNPD73220)	2129920
44	1	N/A	-275.48527381837204	C12H16O5	[M - H2O + H]+	XUGMDBJXWCFLRQ	InChI=1S/C12H16O5/c13-9-7-17-12(11(15)10(9)14)16-6-8-4-2-1-3-5-8/h1-5,9-15H,6-7H2	Oprea1_820628	C1C(C(C(C(O1)OCC2=CC=CC=C2)O)O)O	-0.5	151522;220191;3246011;6713563;10933603;11564962;11736583;13831535;13831537;13831538;11230194;11253445;11253449;40486048;40486049;46780704;46783487;69880739;92219447;121002077;126968779	MeSH:(151522);PubChem:(151522 220191 3246011 6713563 10933603 11564962 11736583 13831535 13831537 13831538 11230194 11253445 11253449 40486048 40486049 46780704 46783487 69880739 92219447 121002077 126968779);PubMed;ZINC bio:(ZINC06096442)	8262
45	1	N/A	-275.55274206051877	C12H16O5	[M - H2O + H]+	PCUCKDCJMYQVBR	InChI=1S/C12H16O5/c13-7-11-9(14)6-10(15)12(17-11)16-8-4-2-1-3-5-8/h1-5,9-15H,6-7H2	Phenyl 3-deoxy-.alpha.-d-ribo-hexoside	C1C(C(OC(C1O)OC2=CC=CC=C2)CO)O	0.577829242	511913;564998	COCONUT:(CNP0237815);Natural Products:(UNPD138464);PubChem:(511913 564998);SuperNatural:(SN00367765);PubMed	3178562
46	1	N/A	-276.837304278921	C12H16O5	[M - H2O + H]+	SIWSTFPNTHPGPV	InChI=1S/C12H16O5/c13-7-11(15)8-17-12(16)6-3-9-1-4-10(14)5-2-9/h1-2,4-5,11,13-15H,3,6-8H2	null	C1=CC(=CC=C1CCC(=O)OCC(CO)O)O	0.918844044	""	COCONUT:(CNP0097378);SuperNatural:(SN00167798)	3145728
47	1	N/A	-282.5486330959176	C12H16O5	[M - H2O + H]+	UHEOCPAMGZSLMB	InChI=1S/C12H16O5/c1-5(7(3)13)8-4-9(14)10(12(16)17)11(15)6(8)2/h4-5,7,13-15H,1-3H3,(H,16,17)	phenol A acid	CC1=C(C(=C(C=C1C(C)C(C)O)O)C(=O)O)O	2.5	15200541;44715167	COCONUT:(CNP0081157 CNP0325505);Natural Products:(UNPD88202);PubChem:(15200541 44715167);SuperNatural:(SN00032720 SN00032722 SN00307990 SN00032719 SN00032721);ZINC bio:(ZINC35455047 ZINC35455050 ZINC35455054 ZINC35455057);PubMed	3186754
48	1	N/A	-296.15631239758835	C12H16O5	[M - H2O + H]+	REPZTFJHHCCRRS	InChI=1S/C12H16O5/c1-7-9(13)10(14)11(15)12(16-7)17-8-5-3-2-4-6-8/h2-7,9-15H,1H3	.beta.-D-Glucopyranoside, phenyl 6-deoxy-	CC1C(C(C(C(O1)OC2=CC=CC=C2)O)O)O	0.581137657	511890;11379460;23260821;22887319;57123326;69533017;70538603;90807784;91274049;91434130	COCONUT:(CNP0218800);Natural Products:(UNPD40265);PubChem:(511890 11379460 23260821 22887319 57123326 69533017 70538603 90807784 91274049 91434130);SuperNatural:(SN00351963);PubMed	3178562
49	1	N/A	-296.57345013554874	C12H16O5	[M - H2O + H]+	VYMFDNISAJNCNA	InChI=1S/C12H16O5/c1-7(15-3)5-9(13)12-8(2)17-11(14)6-10(12)16-4/h6-7H,5H2,1-4H3	null	CC1=C(C(=CC(=O)O1)OC)C(=O)CC(C)OC	0.5	10376983	COCONUT:(CNP0315349);KNApSAcK:(16043);Natural Products:(UNPD39342);PubChem:(10376983);SuperNatural:(SN00247094);MeSH:(10376983);PubMed	3178582
50	1	N/A	-320.8193610319552	C12H16O5	[M - H2O + H]+	MBJGXBXSSPCMDR	InChI=1S/C12H16O5/c13-8-6-5-7-11(8)9(17-12(7)16)3-1-2-4-10(14)15/h1,3,7-9,11,13H,2,4-6H2,(H,14,15)	null	C1CC(C2C1C(=O)OC2C=CCCC(=O)O)O	0.300000012	12137321;11172501	COCONUT:(CNP0104192);Natural Products:(UNPD178565);PubChem:(12137321 11172501);SuperNatural:(SN00261510);MeSH:(12137321);PubMed	3178566
51	1	N/A	-322.1802927616446	C12H16O5	[M - H2O + H]+	UMHSTRUKUXAWBA	InChI=1S/C12H16O5/c1-2-3-4-5-6-8-9(7-10(13)14)12(16)17-11(8)15/h2-7H2,1H3,(H,13,14)	2-(4-hexyl-2,5-dioxofuran-3-yl)acetic acid	CCCCCCC1=C(C(=O)OC1=O)CC(=O)O	2.29999995	580944	COCONUT:(CNP0149699);Natural Products:(UNPD181955);PubChem:(580944);SuperNatural:(SN00404072);CHEBI:(87585)	3178530
52	1	N/A	-322.2550415070143	C12H16O5	[M - H2O + H]+	QTIYCDRIKNEILX	InChI=1S/C12H16O5/c1-15-6-8-9(16-2)5-7-3-4-17-12(14)10(7)11(8)13/h5,12-14H,3-4,6H2,1-2H3	null	COCC1=C(C=C2CCOC(C2=C1O)O)OC	0.300000012	23900011	COCONUT:(CNP0054677);PubChem:(23900011);SuperNatural:(SN00029760 SN00029761);ZINC bio:(ZINC31165600 ZINC31165603)	3153922
53	1	N/A	-323.82253948328264	C12H16O5	[M - H2O + H]+	LVPYBBRMUJCOKG	InChI=1S/C12H16O5/c1-7(13)3-8-4-11-9(6-16-8)10(15-2)5-12(14)17-11/h5,7-8,13H,3-4,6H2,1-2H3	null	CC(CC1CC2=C(CO1)C(=CC(=O)O2)OC)O	-0.100000001	57387252;101578424	COCONUT:(CNP0413377);PubChem:(57387252 101578424);PubMed	2097218
54	1	N/A	-324.73752728832443	C12H16O5	[M - H2O + H]+	ZZORPIJLMLMPSQ	InChI=1S/C12H16O5/c1-3-5-15-8-10-6-9(12(14)17-10)7-11(13)16-4-2/h1,9-10H,4-8H2,2H3	ethyl 2-[2-oxo-5-(prop-2-ynoxymethyl)oxolan-3-yl]acetate	CCOC(=O)CC1CC(OC1=O)COCC#C	0.400000006	50374	PubChem:(50374);PubChem class - safety and toxic	67108866
55	1	N/A	-327.5513363232758	C12H16O5	[M - H2O + H]+	NUFZEIIWXGYLGF	InChI=1S/C12H16O5/c1-6(2)8(5-10(14)15)12-11(16)9(13)4-7(3)17-12/h4,6,8,16H,5H2,1-3H3,(H,14,15)	null	CC1=CC(=O)C(=C(O1)C(CC(=O)O)C(C)C)O	1.20000005	135640544	PubChem:(135640544);COCONUT:(CNP0414706)	2097154
56	1	N/A	-329.7234320378938	C12H16O5	[M - H2O + H]+	RGNMEAQLEFNCEC	InChI=1S/C12H16O5/c1-3-4-7-5-8-9(12(15)17-7)11(14)10(13)6(2)16-8/h5-6,10-11,13-14H,3-4H2,1-2H3	null	CCCC1=CC2=C(C(C(C(O2)C)O)O)C(=O)O1	0.400000006	75528797;102170001	PubChem:(75528797 102170001);COCONUT:(CNP0173179)	2097154
57	1	N/A	-332.4174558560643	C12H16O5	[M - H2O + H]+	RKOIRCBYNVPQOO	InChI=1S/C12H16O5/c1-7(8(2)16-9(3)13)11-5-10(15-4)6-12(14)17-11/h5-8H,1-4H3	null	CC(C1=CC(=CC(=O)O1)OC)C(C)OC(=O)C	1.39999998	52920588	COCONUT:(CNP0294850);Natural Products:(UNPD164825);PubChem:(52920588);SuperNatural:(SN00242881)	3178498
58	1	N/A	-338.9910910267831	C12H16O5	[M - H2O + H]+	DUSJKIGASUUXTE	InChI=1S/C12H16O5/c1-6(2)7-5-8(12(15)17-4)9(13)10(14)11(7)16-3/h5-6,13-14H,1-4H3	null	CC(C)C1=C(C(=C(C(=C1)C(=O)OC)O)O)OC	2.03366566	""	COCONUT:(CNP0138130);Natural Products:(UNPD28387)	2129920
59	1	N/A	-340.66024872688695	C12H16O5	[M - H2O + H]+	DOWVCXFTRZKOAB	InChI=1S/C12H16O5/c1-6(2)9-8(13)5-7(12(15)17-4)10(14)11(9)16-3/h5-6,13-14H,1-4H3	null	CC(C)C1=C(C=C(C(=C1OC)O)C(=O)OC)O	2.03366566	""	COCONUT:(CNP0366485);Natural Products:(UNPD69709)	2129920
60	1	N/A	-350.4995882618544	C12H16O5	[M - H2O + H]+	VWYYNACOORUTNR	InChI=1S/C12H16O5/c1-3-4-8-11(14)12-7(6-16-8)9(15-2)5-10(13)17-12/h5,8,11,14H,3-4,6H2,1-2H3	null	CCCC1C(C2=C(CO1)C(=CC(=O)O2)OC)O	-0.100000001	101578425;134150054	COCONUT:(CNP0355874);PubChem:(101578425 134150054);PubMed	2097218
61	1	N/A	-351.90391797578786	C12H16O5	[M - H2O + H]+	VZSBFQVKQKKYLS	InChI=1S/C12H16O5/c1-3-4-5-6-7-8-9(11(14)16-2)12(15)17-10(8)13/h3-7H2,1-2H3	null	CCCCCCC1=C(C(=O)OC1=O)C(=O)OC	2.60713482	""	COCONUT:(CNP0264714)	2097152
62	1	N/A	-358.53606243423104	C12H16O5	[M - H2O + H]+	IKFFQIXHTZRUGX	InChI=1S/C12H16O5/c1-7(13)11(4)6-12(9(15)17-11)5-10(2,3)16-8(12)14/h5-6H2,1-4H3	3-acetyl-3,8,8-trimethyl-2,7-dioxaspiro[4.4]nonane-1,6-dione	CC(=O)C1(CC2(CC(OC2=O)(C)C)C(=O)O1)C	0.899999976	808679;808680;808681;808683;2900812	COCONUT:(CNP0371960);PubChem:(808679 808680 808681 808683 2900812);SuperNatural:(SN00001320 SN00001318 SN00001319 SN00001317);ZINC bio:(ZINC00319605 ZINC00319606 ZINC00319607 ZINC00319609)	3153922
63	1	N/A	-360.2013035812911	C12H16O5	[M - H2O + H]+	YIMWXJSLPREWBL	InChI=1S/C12H16O5/c1-6(2)9-8(13)5-7(12(15)17-4)11(16-3)10(9)14/h5-6,13-14H,1-4H3	null	CC(C)C1=C(C=C(C(=C1O)OC)C(=O)OC)O	2.03366566	""	COCONUT:(CNP0327721);Natural Products:(UNPD91201)	2129920
64	1	N/A	-360.5651237373051	C12H16O5	[M - H2O + H]+	DKHUMXGLEVQQSJ	InChI=1S/C12H16O5/c1-17-9-4-6(5-13)10-8(14)3-2-7(11(9)10)12(15)16/h2,4,8-11,13-14H,3,5H2,1H3,(H,15,16)	null	COC1C=C(C2C1C(=CCC2O)C(=O)O)CO	-0.176431388	""	COCONUT:(CNP0270303)	2097152
65	1	N/A	-373.384028962148	C12H16O5	[M - H2O + H]+	XJGANEFDEDYAJS	InChI=1S/C12H16O5/c1-2-6(13)5-9-7-3-4-8(14)11(15)10(7)12(16)17-9/h5-6,8,11,13-15H,2-4H2,1H3	null	CCC(C=C1C2=C(C(C(CC2)O)O)C(=O)O1)O	-0.800000012	101686923;101686924;101686925;101686926;138114051	COCONUT:(CNP0147456);Natural Products:(UNPD75025 UNPD184136);PubChem:(101686923 101686924 101686925 101686926 138114051);SuperNatural:(SN00260527 SN00349835)	3178498
66	1	N/A	-377.2339374594861	C12H16O5	[M - H2O + H]+	CGUPHDUDDLOQFJ	InChI=1S/C12H16O5/c1-7-11-8(6-16-12(7,2)15-4)9(14-3)5-10(13)17-11/h5,7H,6H2,1-4H3	null	CC1C2=C(COC1(C)OC)C(=CC(=O)O2)OC	0.200000003	139585322	PubChem:(139585322);COCONUT:(CNP0353546)	2097154
67	1	N/A	-382.08287293425036	C12H16O5	[M - H2O + H]+	WPDUHZUOYGPEOT	InChI=1S/C12H16O5/c1-12(6-13)5-9(15)11-8(14)3-7(16-2)4-10(11)17-12/h3-4,9,13-15H,5-6H2,1-2H3	null	CC1(CC(C2=C(C=C(C=C2O1)OC)O)O)CO	0.400000006	131832270	HMDB:(125804);PubChem:(131832270);PubChem class - bio and metabolites	16777226
68	1	N/A	-384.26108826712203	C12H16O5	[M - H2O + H]+	XGNRWCPOCXGARJ	InChI=1S/C12H16O5/c1-12(2)5-6(13)9-7(17-12)4-8(16-3)10(14)11(9)15/h4,6,13-15H,5H2,1-3H3	null	CC1(CC(C2=C(C(=C(C=C2O1)OC)O)O)O)C	1.10000002	131832268	HMDB:(125802);PubChem:(131832268);PubChem class - bio and metabolites	16777226
69	1	N/A	-386.61329827328717	C12H16O5	[M - H2O + H]+	UJTPZWKMPAKALM	InChI=1S/C12H16O5/c1-2-3-6-4-7-8(13)5-9(14)11(15)10(7)12(16)17-6/h6,9,11,14-15H,2-5H2,1H3	7,8-dihydroxy-3-propyl-4,6,7,8-tetrahydro-1h-isochromene-1,5(3h)-dione	CCCC1CC2=C(C(C(CC2=O)O)O)C(=O)O1	-0.300000012	11708530;11831537;101383035	COCONUT:(CNP0294650);KNApSAcK:(14941);Natural Products:(UNPD174631);PubChem:(11708530 11831537 101383035);SuperNatural:(SN00397024);MeSH:(11831537);PubMed	3178582
70	1	N/A	-391.73626421095645	C12H16O5	[M - H2O + H]+	VTAGIXKLJWOHCH	InChI=1S/C12H16O5/c1-3-4-7-5-9-11(12(14)16-7)8(15-2)6-10(13)17-9/h6-7,12,14H,3-5H2,1-2H3	null	CCCC1CC2=C(C(O1)O)C(=CC(=O)O2)OC	0.5	134146121	COCONUT:(CNP0175840);PubChem:(134146121);PubMed	2097218
71	1	N/A	-392.9232215484579	C12H16O5	[M - H2O + H]+	JAYIAMKATBCOIA	InChI=1S/C12H16O5/c1-4-7-8-5-6-16-10(13)9(8)12(15-3)17-11(7)14-2/h4,11-12H,5-6H2,1-3H3	(1R,3S,4Z)-4-ethylidene-1,3-dimethoxy-5,6-dihydro-1H-pyrano[3,4-c]pyran-8-one	CC=C1C(OC(C2=C1CCOC2=O)OC)OC	0.100000001	14702231;21672556	COCONUT:(CNP0199652);Natural Products:(UNPD64388 UNPD104461 UNPD135918);PubChem:(14702231 21672556);SuperNatural:(SN00348459 SN00375950 SN00339862)	3178498
72	1	N/A	-393.1314117269286	C12H16O5	[M - H2O + H]+	OUGZTEBDFKLHPZ	InChI=1S/C12H16O5/c1-11(2,15)10-8(16-10)5-4-6(13)12(3)9(17-12)7(5)14/h4,7-10,14-15H,1-3H3	null	CC12C(O1)C(C(=CC2=O)C3C(O3)C(C)(C)O)O	-1.60000002	25214161;45782808;49788511;51694622;51694623;98050737;98050738;124871094;124871095	COCONUT:(CNP0300741);Natural Products:(UNPD192848);PubChem:(25214161 45782808 49788511 51694622 51694623 98050737 98050738 124871094 124871095);SuperNatural:(SN00310075 SN00034530 SN00034529);ZINC bio:(ZINC35466117 ZINC35466119);Training Set	3203074
73	1	N/A	-399.0801808134329	C12H16O5	[M - H2O + H]+	FQEOCFATKIDBGB	InChI=1S/C12H16O5/c1-2-3-6-9(14)7-5(4-16-6)8(13)11-12(17-11)10(7)15/h6,9-12,14-15H,2-4H2,1H3	(1aS,5S,6R,7R,7aS)-6,7-dihydroxy-5-propyl-1a,3,5,6,7,7a-hexahydrooxireno[2,3-g]isochromen-2-one	CCCC1C(C2=C(CO1)C(=O)C3C(C2O)O3)O	-1.29999995	10220384;11276499	COCONUT:(CNP0153223);KNApSAcK:(16050);Natural Products:(UNPD178566);PubChem:(10220384 11276499);SuperNatural:(SN00373899);MeSH:(10220384);PubMed	3178582
74	1	N/A	-399.72249603626034	C12H16O5	[M - H2O + H]+	LYVLYKYBSADXKN	InChI=1S/C12H16O5/c1-2-3-5-4-6-7(12(15)16-5)9(14)11-10(17-11)8(6)13/h5,8-11,13-14H,2-4H2,1H3	null	CCCC1CC2=C(C(C3C(C2O)O3)O)C(=O)O1	-0.600000024	25227714	COCONUT:(CNP0309311);Natural Products:(UNPD66973);PubChem:(25227714);SuperNatural:(SN00280681)	3178498
75	1	N/A	-402.345754963122	C12H16O5	[M - H2O + H]+	JAQXBCCCRCNHFC	InChI=1S/C12H16O5/c1-6(7(2)13)8-5-9(14)11(16-3)12(17-4)10(8)15/h5-7,13H,1-4H3	5-(3-hydroxybutan-2-yl)-2,3-dimethoxycyclohexa-2,5-diene-1,4-dione	CC(C1=CC(=O)C(=C(C1=O)OC)OC)C(C)O	0.986169338	11276501	PubChem:(11276501);COCONUT:(CNP0179246)	2097154
76	1	N/A	-413.6590929018048	C12H16O5	[M - H2O + H]+	WLSDLBZHCOHBHX	InChI=1S/C12H16O5/c1-4-5-9-6-10(15)12(17-8(3)14)11(9)16-7(2)13/h6,11-12H,4-5H2,1-3H3	[(1S,5R)-5-acetyloxy-4-oxo-2-propylcyclopent-2-en-1-yl] acetate	CCCC1=CC(=O)C(C1OC(=O)C)OC(=O)C	0.899999976	11746725	COCONUT:(CNP0366679);Natural Products:(UNPD25311);PubChem:(11746725);SuperNatural:(SN00355836)	3178498
77	1	N/A	-423.00130064343716	C12H16O5	[M - H2O + H]+	DJMYUSHSKVTQAD	InChI=1S/C12H16O5/c1-2-3-5-4-6-7(12(15)16-5)9(14)11-10(17-11)8(6)13/h5,9-12,14-15H,2-4H2,1H3	null	CCCC1CC2=C(C(C3C(C2=O)O3)O)C(O1)O	-0.699999988	10130980;11195805	COCONUT:(CNP0105522);KNApSAcK:(14924);Natural Products:(UNPD44446);PubChem:(10130980 11195805);SuperNatural:(SN00228901);MeSH:(11195805);PubMed	3178582
78	1	N/A	-441.5243040301985	C12H16O5	[M - H2O + H]+	HIQLTIKZYHQJCA	InChI=1S/C12H16O5/c1-6(14)4-8-7(2)10(15)9(5-13)12(17-3)11(8)16/h6,13-14H,4-5H2,1-3H3	2-(hydroxymethyl)-5-(2-hydroxypropyl)-3-methoxy-6-methylcyclohexa-2,5-diene-1,4-dione	CC1=C(C(=O)C(=C(C1=O)CO)OC)CC(C)O	0.300000012	21777485	PubChem:(21777485);COCONUT:(CNP0353668)	2097154
79	1	N/A	-443.98473216561734	C12H16O5	[M - H2O + H]+	MMVVQWHXKIAXOJ	InChI=1S/C12H16O5/c1-6-3-4-12(17-11(6)16)8(13)5-7(2)9(14)10(12)15/h5-6,9-10,14-15H,3-4H2,1-2H3	null	CC1CCC2(C(C(C(=CC2=O)C)O)O)OC1=O	-0.400000006	127041680	COCONUT:(CNP0353853);PubChem:(127041680);PubMed	2097218
80	1	N/A	-447.3474915343736	C12H16O5	[M - H2O + H]+	RILPFFNPAKGKIG	InChI=1S/C12H16O5/c1-11(2)16-9-6-8(13)4-5-12(9,17-11)7-10(14)15-3/h4-5,9H,6-7H2,1-3H3	null	CC1(OC2CC(=O)C=CC2(O1)CC(=O)OC)C	0.0	101122457	COCONUT:(CNP0312974);Natural Products:(UNPD71410);PubChem:(101122457);SuperNatural:(SN00363332)	3178498
81	1	N/A	-450.90961717000056	C12H16O5	[M - H2O + H]+	ASNRHZXVVZZGSB	InChI=1S/C12H16O5/c1-16-10(13)8-6-2-4-12(15)5-3-7(9(6)12)17-11(8)14/h2,4,6-9,11,14-15H,3,5H2,1H3	null	COC(=O)C1C2C=CC3(C2C(CC3)OC1O)O	0.122812279	""	COCONUT:(CNP0075653)	2097152
82	1	N/A	-472.3444557997386	C12H16O5	[M - H2O + H]+	OBKKJIQNSYTIOB	InChI=1S/C12H16O5/c1-6-3-7(13)4-8-9(11(14)16-2)5-17-12(15)10(6)8/h5-6,8,10,12,15H,3-4H2,1-2H3	null	CC1CC(=O)CC2C1C(OC=C2C(=O)OC)O	0.724381685	""	COCONUT:(CNP0048380);SuperNatural:(SN00143579)	3145728
83	1	N/A	-475.8460995787224	C12H16O5	[M - H2O + H]+	JQNLAQMUJVEPCK	InChI=1S/C12H16O5/c1-7(6-13)3-4-12-9(14)5-8(16-2)10(15)11(12)17-12/h3,5,10-11,13,15H,4,6H2,1-2H3	null	CC(=CCC12C(O1)C(C(=CC2=O)OC)O)CO	-0.5	139587823	PubChem:(139587823);COCONUT:(CNP0355113)	2097154
84	1	N/A	-475.9419592549113	C12H16O5	[M - H2O + H]+	FMNHMHWTXQBGKO	InChI=1S/C12H16O5/c1-6-9(13)4-7-8(11(14)15-2)5-17-12(16-3)10(6)7/h5-7,10,12H,4H2,1-3H3	null	CC1C2C(CC1=O)C(=COC2OC)C(=O)OC	0.828685045	""	COCONUT:(CNP0157592);Natural Products:(UNPD45154)	2129920
85	1	N/A	-488.89982478811294	C12H16O5	[M - H2O + H]+	MALLXYWJMJGPQU	InChI=1S/C12H16O5/c1-4-5-7-9(13)11(15-3)8-10(17-7)6(2)16-12(8)14/h4-7,9-10,13H,1-3H3	null	CC=CC1C(C(=C2C(O1)C(OC2=O)C)OC)O	0.100000001	139587156	PubChem:(139587156);COCONUT:(CNP0118153)	2097154
86	1	N/A	-494.71430267276685	C12H16O5	[M - H2O + H]+	APIXJZVCGREBPH	InChI=1S/C12H16O5/c1-3-4-6-7-5-12(15)10(14)8(6)9(13)11(2,16-7)17-12/h3-4,6-8,10,14-15H,5H2,1-2H3	null	CC=CC1C2CC3(C(C1C(=O)C(O2)(O3)C)O)O	-0.400000006	139587484	COCONUT:(CNP0137622);Natural Products:(UNPD17654 UNPD107115);PubChem:(139587484);SuperNatural:(SN00254243 SN00297285)	3178498
87	1	N/A	-500.3038536687849	C12H16O5	[M - H2O + H]+	BUZCIAFJGKSFNX	InChI=1S/C12H16O5/c1-6-9-5-16-10(13)4-8(9)11(7(2)17-6)12(14)15-3/h6,8-9H,4-5H2,1-3H3	null	CC1C2COC(=O)CC2C(=C(O1)C)C(=O)OC	1.27876377	""	COCONUT:(CNP0130942);Natural Products:(UNPD206121 UNPD206122)	2129920
88	1	N/A	-534.1024319373882	C12H16O5	[M - H2O + H]+	CMKNRAGJXTXODZ	InChI=1S/C12H16O5/c1-6-4-5-7-8-12(6,10(14)15-3)9(13)11(2,16-7)17-8/h4-9,13H,1-3H3	null	CC1C=CC2C3C1(C(C(O2)(O3)C)O)C(=O)OC	0.600000024	44596940;102296458;139584765	COCONUT:(CNP0187970);Natural Products:(UNPD147088);PubChem:(44596940 102296458 139584765);SuperNatural:(SN00302462)	3178498
89	1	N/A	-544.5124332535994	C12H16O5	[M - H2O + H]+	KXOFTNMGLNQQNY	InChI=1S/C12H16O5/c1-7-8(2)12(17-11(7,3)15-5)9(14-4)6-10(13)16-12/h6-7H,2H2,1,3-5H3	null	CC1C(=C)C2(C(=CC(=O)O2)OC)OC1(C)OC	0.699999988	23730436;102308004	COCONUT:(CNP0135082);Natural Products:(UNPD197707);PubChem:(23730436 102308004);PubMed	2129986
1	1	0.2868120954968627	-20.43237397347797	C12H14O4	[M + H]+	FLKPEMZONWLCSK	InChI=1S/C12H14O4/c1-3-15-11(13)9-7-5-6-8-10(9)12(14)16-4-2/h5-8H,3-4H2,1-2H3	Neantine	CCOC(=O)C1=CC=CC=C1C(=O)OCC	2.47563124	6781;16213549;90477973	HMDB:(94660);PubChem class - food;SuperNatural:(SN00155710);ZINC bio:(ZINC00001287);additional;HSDB:(84-66-2);MeSH:(6781);PubMed;NORMAN:(NS00009893);COCONUT:(CNP0275362);KNApSAcK:(42472);Natural Products:(UNPD146661);PubChem:(6781 16213549 90477973);CHEBI:(34698);PubChem class - bio and metabolites;KEGG:(C14175);PubChem class - safety and toxic	222077822
2	1	N/A	-29.556664876292967	C12H14O4	[M + H]+	YZBOVSFWWNVKRJ	InChI=1S/C12H14O4/c1-2-3-8-16-12(15)10-7-5-4-6-9(10)11(13)14/h4-7H,2-3,8H2,1H3,(H,13,14)	monobutyl ester	CCCCOC(=O)C1=CC=CC=C1C(=O)O	2.53328919	8575;21584886;71750779;101678631;101678632	HMDB:(13247);ZINC bio:(ZINC01586773);additional;MeSH:(8575);PubMed;NORMAN:(NS00006195);COCONUT:(CNP0257384);Natural Products:(UNPD135299);PubChem:(8575 21584886 71750779 101678631 101678632);CHEBI:(88522);PubChem class - bio and metabolites;PubChem class - safety and toxic;Training Set;KEGG Mine	8676761710
3	1	N/A	-32.77022699663742	C12H14O4	[M + H]+	RZJSUWQGFCHNFS	InChI=1S/C12H14O4/c1-8(2)7-16-12(15)10-6-4-3-5-9(10)11(13)14/h3-6,8H,7H2,1-2H3,(H,13,14)	Monoisobutyl phthalate	CC(C)COC(=O)C1=CC=CC=C1C(=O)O	2.3137176	92272;21894285;71750803;138396124	HMDB:(2056);SuperNatural:(SN00216123);ZINC bio:(ZINC05759355);additional;PubMed;NORMAN:(NS00010915);COCONUT:(CNP0189299);PubChem:(92272 21894285 71750803 138396124);CHEBI:(90038);PubChem class - bio and metabolites;Training Set;KEGG Mine	8610668650
4	1	N/A	-56.29613522276627	C12H14O4	[M + H]+	ONIHPYYWNBVMID	InChI=1S/C12H14O4/c1-3-15-11(13)9-5-7-10(8-6-9)12(14)16-4-2/h5-8H,3-4H2,1-2H3	p-Diethyl phthalate	CCOC(=O)C1=CC=C(C=C1)C(=O)OCC	2.47563124	12483;129655460	NORMAN:(NS00020326);PubChem:(12483 129655460);ZINC bio:(ZINC01695304);MeSH:(12483);PubChem class - safety and toxic;PubMed	67379270
5	1	N/A	-88.17026910514075	C12H14O4	[M + H]+	JLVWYWVLMFVCDI	InChI=1S/C12H14O4/c1-3-15-11(13)9-6-5-7-10(8-9)12(14)16-4-2/h5-8H,3-4H2,1-2H3	Diethyl isophthlate	CCOC(=O)C1=CC(=CC=C1)C(=O)OCC	2.47563124	12491;10421241	NORMAN:(NS00035519);PubChem:(12491 10421241);ZINC bio:(ZINC01767954);HSDB:(636-53-3);PubChem class - safety and toxic;PubMed	67379778
6	1	N/A	-93.06295080417095	C12H14O4	[M + H]+	NOUWRSCMGQNHEH	InChI=1S/C12H14O4/c1-3-8-15-12(14)10-6-4-5-7-11(10)16-9(2)13/h4-7H,3,8H2,1-2H3	2-Acetoxy-benzoic acid propyl ester	CCCOC(=O)C1=CC=CC=C1OC(=O)C	2.52874064	22489270	COCONUT:(CNP0316567);Natural Products:(UNPD76303);PubChem:(22489270);SuperNatural:(SN00344878);PubMed	3178562
7	1	N/A	-102.25439317765637	C12H14O4	[M + H]+	USZVTXIEQADBGH	InChI=1S/C12H14O4/c1-3-8(2)16-12(15)10-7-5-4-6-9(10)11(13)14/h4-8H,3H2,1-2H3,(H,13,14)	Mono-sec-butyl phthalate	CCC(C)OC(=O)C1=CC=CC=C1C(=O)O	2.53659773	97701;20559083;92139567;92139568	PubChem class - safety and toxic;PubChem:(97701 20559083 92139567 92139568);PubMed	67108930
8	1	N/A	-114.1379710215526	C12H14O4	[M + H]+	ZYFMKIYAGDGYLM	InChI=1S/C12H14O4/c1-11(13)15-9-7-5-3-4-6-8-10-16-12(2)14/h7-10H2,1-2H3	8-acetyloxyocta-3,5-diynyl acetate	CC(=O)OCCC#CC#CCCOC(=O)C	1.39999998	21721568	COCONUT:(CNP0273240);Natural Products:(UNPD159567);PubChem:(21721568)	2129922
9	1	N/A	-117.54380050957482	C12H14O4	[M + H]+	WNADMYJZFVSGLU	InChI=1S/C12H14O4/c1-9(11(13)15-2)8-16-12(14)10-6-4-3-5-7-10/h3-7,9H,8H2,1-2H3	3-Methoxy-2-methyl-3-oxopropyl benzoate	CC(COC(=O)C1=CC=CC=C1)C(=O)OC	2.20000005	613691;69093584	COCONUT:(CNP0406400);Natural Products:(UNPD24048);PubChem:(613691 69093584);SuperNatural:(SN00367178)	3178498
10	1	N/A	-118.75889463997937	C12H14O4	[M + H]+	JXIMIKKYEKCCOX	InChI=1S/C12H14O4/c1-7-5-6-8(2)10(12(14)16-4)9(7)11(13)15-3/h5-6H,1-4H3	dimethyl 3,6-dimethylphthalate	CC1=C(C(=C(C=C1)C)C(=O)OC)C(=O)OC	2.4000001	2752047	COCONUT:(CNP0043485);PubChem:(2752047);SuperNatural:(SN00125365);ZINC bio:(ZINC03847165)	3153922
11	1	N/A	-131.59054683761715	C12H14O4	[M + H]+	NQAZSYLIZHQVQH	InChI=1S/C12H14O4/c1-8(2)6-14-12(13)9-3-4-10-11(5-9)16-7-15-10/h3-5,8H,6-7H2,1-2H3	Isobutyl piperonylate	CC(C)COC(=O)C1=CC2=C(C=C1)OCO2	2.66444016	3018473	PubChem:(3018473);NORMAN:(NS00059443)	262146
12	1	N/A	-133.0749891569249	C12H14O4	[M + H]+	XYQCGGPYZALUAE	InChI=1S/C12H14O4/c1-7-5-10(12(14)16-4)8(2)6-9(7)11(13)15-3/h5-6H,1-4H3	dimethyl 2,5-dimethylbenzene-1,4-dicarboxylate	CC1=CC(=C(C=C1C(=O)OC)C)C(=O)OC	2.4000001	289462	COCONUT:(CNP0066654);PubChem:(289462);SuperNatural:(SN00118494);ZINC bio:(ZINC00393348)	3153922
13	1	N/A	-134.31730959177403	C12H14O4	[M + H]+	KRAHENMBSVAAHD	InChI=1S/C12H14O4/c1-3-16-12(14)8-11(13)9-4-6-10(15-2)7-5-9/h4-7H,3,8H2,1-2H3	Ethyl p-anisoylacetate	CCOC(=O)CC(=O)C1=CC=C(C=C1)OC	2.07667804	76150	NORMAN:(NS00028555);COCONUT:(CNP0114204);Natural Products:(UNPD26342);PubChem:(76150);ZINC bio:(ZINC01695805)	2400258
14	1	N/A	-136.33734566310372	C12H14O4	[M + H]+	XWROHOGFYZQROV	InChI=1S/C12H14O4/c1-2-15-11(13)12(14)16-9-8-10-6-4-3-5-7-10/h3-7H,2,8-9H2,1H3	Ethyl 2-phenylethyl oxalate	CCOC(=O)C(=O)OCCC1=CC=CC=C1	2.44146705	3023679	PubChem:(3023679);NORMAN:(NS00040119)	262146
15	1	N/A	-137.56597876377091	C12H14O4	[M + H]+	KROPYAVVJDXRPH	InChI=1S/C12H14O4/c1-3-16-12(14)8-10(13)9-6-4-5-7-11(9)15-2/h4-7H,3,8H2,1-2H3	Ethyl (2-methoxybenzoyl)acetate	CCOC(=O)CC(=O)C1=CC=CC=C1OC	2.07667804	2759695	PubChem:(2759695);PubChem class - safety and toxic	67108866
16	1	N/A	-140.22011667573085	C12H14O4	[M + H]+	DFOCUWFSRVQSNI	InChI=1S/C12H14O4/c13-11(14)7-5-9-1-2-10(4-3-9)6-8-12(15)16/h1-4H,5-8H2,(H,13,14)(H,15,16)	1,4-Benzenedipropanoicacid	C1=CC(=CC=C1CCC(=O)O)CCC(=O)O	1.39999998	77926;6951514	NORMAN:(NS00031196);PubChem:(77926 6951514);PubMed	262210
17	1	N/A	-146.2191133906187	C12H14O4	[M + H]+	UUKXRCZQOHIIPD	InChI=1S/C12H14O4/c1-3-9-15-11(13)7-5-6-8-12(14)16-10-4-2/h1-2H,5-10H2	Di-2-propynyl adipate	C#CCOC(=O)CCCCC(=O)OCC#C	0.800000012	242160	PubChem:(242160);PubChem class - safety and toxic	67108866
18	1	N/A	-149.0744343661181	C12H14O4	[M + H]+	ZOXATXRUISPBNC	InChI=1S/C12H14O4/c1-4-10-5-6-11(15-8(2)13)12(7-10)16-9(3)14/h5-7H,4H2,1-3H3	(2-acetyloxy-4-ethylphenyl) acetate	CCC1=CC(=C(C=C1)OC(=O)C)OC(=O)C	2.61601448	14368877	COCONUT:(CNP0231620);Natural Products:(UNPD39237);PubChem:(14368877)	2129922
19	1	N/A	-150.33540794057177	C12H14O4	[M + H]+	ILBDCOLCHNVWNS	InChI=1S/C12H14O4/c1-12(2,3)16-11(15)9-6-4-8(5-7-9)10(13)14/h4-7H,1-3H3,(H,13,14)	Ambpe2001921	CC(C)(C)OC(=O)C1=CC=C(C=C1)C(=O)O	2.29999995	2760954;6930916	PubChem class - safety and toxic;PubChem:(2760954 6930916);ZINC bio:(ZINC00153961)	67117058
20	1	N/A	-150.78938917875232	C12H14O4	[M + H]+	HXMFVOXVXQBEEJ	InChI=1S/C12H14O4/c1-2-16-10-5-3-9(4-6-10)11(13)7-8-12(14)15/h3-6H,2,7-8H2,1H3,(H,14,15)	Oprea1_267646	CCOC1=CC=C(C=C1)C(=O)CCC(=O)O	1.82858706	725709;4988236	NORMAN:(NS00016660);PubChem:(725709 4988236);PubMed	262210
21	1	N/A	-151.49713813101246	C12H14O4	[M + H]+	WFWVINOHIVDSEV	InChI=1S/C12H14O4/c1-8-4-2-3-5-9(8)6-10(12(15)16)7-11(13)14/h2-5,10H,6-7H2,1H3,(H,13,14)(H,15,16)	ACMC-20ctka	CC1=CC=CC=C1CC(CC(=O)O)C(=O)O	1.60000002	277927;1352769;1352770;7453850;7453851;101197000	PubChem class - safety and toxic;PubChem:(277927 1352769 1352770 7453850 7453851 101197000);PubMed;KEGG Mine	8657043522
22	1	N/A	-152.15176232305143	C12H14O4	[M + H]+	WJHZBTMHUNVIKC	InChI=1S/C12H14O4/c1-2-3-8-11(13)16-10-7-5-4-6-9(10)12(14)15/h4-7H,2-3,8H2,1H3,(H,14,15)	Spectrum2_000160	CCCCC(=O)OC1=CC=CC=C1C(=O)O	2.73018622	135269;22152019	COCONUT:(CNP0055589);PubChem:(135269 22152019);SuperNatural:(SN00002920);CHEBI:(78250);ZINC bio:(ZINC02390211);MeSH:(135269);PubChem class - safety and toxic;PubMed	70262886
23	1	N/A	-152.32577466170375	C12H14O4	[M + H]+	WXVFMRKUWGIPRB	InChI=1S/C12H14O4/c1-7(2)6-8-4-3-5-9(11(13)14)10(8)12(15)16/h3-5,7H,6H2,1-2H3,(H,13,14)(H,15,16)	3-(2-methylpropyl)phthalate	CC(C)CC1=C(C(=CC=C1)C(=O)O)C(=O)O	2.5999999	22559779;22394963	NORMAN:(NS00014605);PubChem:(22559779 22394963);additional	786434
24	1	N/A	-152.5007609364794	C12H14O4	[M + H]+	HJVOTTIXQHVSBN	InChI=1S/C12H14O4/c1-3-15-10-7-5-9(6-8-10)11(13)12(14)16-4-2/h5-8H,3-4H2,1-2H3	Ethyl 4-ethoxybenzoylformate	CCOC1=CC=C(C=C1)C(=O)C(=O)OCC	2.4000001	20303216	PubChem:(20303216);PubChem class - safety and toxic	67108866
25	1	N/A	-154.70262941982298	C12H14O4	[M + H]+	FDPPVAYPZOORBP	InChI=1S/C12H14O4/c1-3-16-12(14)8-11(13)9-5-4-6-10(7-9)15-2/h4-7H,3,8H2,1-2H3	Ethyl m-anisoylacetate	CCOC(=O)CC(=O)C1=CC(=CC=C1)OC	2.07667804	2759696	PubChem:(2759696);PubChem class - safety and toxic	67108866
26	1	N/A	-155.45470372517525	C12H14O4	[M + H]+	DIVRAHZSTAIUNB	InChI=1S/C12H14O4/c13-11(14)6-4-9-2-1-3-10(8-9)5-7-12(15)16/h1-3,8H,4-7H2,(H,13,14)(H,15,16)	1,3-Benzenedipropanoicacid	C1=CC(=CC(=C1)CCC(=O)O)CCC(=O)O	2.0157969	2749422;7004838	COCONUT:(CNP0063663);PubChem:(2749422 7004838);SuperNatural:(SN00120463);PubMed;ZINC bio:(ZINC02163727)	3153986
27	1	N/A	-160.83310617534403	C12H14O4	[M + H]+	JZAFFXNUPACUTQ	InChI=1S/C12H14O4/c1-2-11(13)9-3-5-10(6-4-9)16-8-7-12(14)15/h3-6H,2,7-8H2,1H3,(H,14,15)	3-(4-propanoylphenoxy)propanoic acid	CCC(=O)C1=CC=C(C=C1)OCCC(=O)O	1.5	3050237	PubChem:(3050237);PubChem class - safety and toxic	67108866
28	1	N/A	-162.22122574952476	C12H14O4	[M + H]+	NEOZDUDLYDUOTE	InChI=1S/C12H14O4/c1-5-6(2)10(12(15)16)8(4)7(3)9(5)11(13)14/h1-4H3,(H,13,14)(H,15,16)	Tetramethyl terephthalic acid	CC1=C(C(=C(C(=C1C(=O)O)C)C)C(=O)O)C	2.4000001	261543;6993197;58835596	COCONUT:(CNP0083974);PubChem:(261543 6993197 58835596);SuperNatural:(SN00119701);ZINC bio:(ZINC01609586);MeSH:(261543);Training Set;PubMed	3170374
29	1	N/A	-164.2043844315362	C12H14O4	[M + H]+	SVCWXPPYJQWHRS	InChI=1S/C12H14O4/c13-11(14)9-7-5-3-1-2-4-6-8-10-12(15)16/h5-10H2,(H,13,14)(H,15,16)	5,7-Dodecadiynedioicacid	C(CC#CC#CCCCC(=O)O)CC(=O)O	1.29999995	2758729;7019580	PubChem:(2758729 7019580);PubChem class - safety and toxic	67108866
30	1	N/A	-165.70231456449724	C12H14O4	[M + H]+	OHQFGTDAUDLCBG	InChI=1S/C12H14O4/c1-8-3-2-4-9(5-8)6-10(12(15)16)7-11(13)14/h2-5,10H,6-7H2,1H3,(H,13,14)(H,15,16)	Oprea1_547384	CC1=CC(=CC=C1)CC(CC(=O)O)C(=O)O	1.60000002	768885;768886;228104;3528011;6940802;6940803;102333540	PubChem:(768885 768886 228104 3528011 6940802 6940803 102333540);PubChem class - bio and metabolites;PubChem class - safety and toxic;Training Set;PubMed;Biocyc:(3-METHYLBENZYLSUCCINATE);KEGG Mine	8673839170
31	1	N/A	-166.61995752384615	C12H14O4	[M + H]+	JONZCYQJADMMKA	InChI=1S/C12H14O4/c1-8-3-5-9(6-4-8)7-12(2,10(13)14)11(15)16/h3-6H,7H2,1-2H3,(H,13,14)(H,15,16)	null	CC1=CC=C(C=C1)CC(C)(C(=O)O)C(=O)O	2.20000005	2753377;7055998	COCONUT:(CNP0073296);PubChem:(2753377 7055998);SuperNatural:(SN00126381);ZINC bio:(ZINC03848645)	3153922
32	1	N/A	-167.50222685989044	C12H14O4	[M + H]+	SEZPICVFXSJZBS	InChI=1S/C12H14O4/c1-2-15-12(14)8-10(13)9-16-11-6-4-3-5-7-11/h3-7H,2,8-9H2,1H3	Ambcb4002004	CCOC(=O)CC(=O)COC1=CC=CC=C1	2.0	3016246	PubChem:(3016246);NORMAN:(NS00030907)	262146
33	1	N/A	-168.960455795999	C12H14O4	[M + H]+	IBQDIVVPYSCTQV	InChI=1S/C12H14O4/c1-3-4-11(13)16-10-7-5-9(6-8-10)12(14)15-2/h5-8H,3-4H2,1-2H3	methyl 4-butanoyloxybenzoate	CCCC(=O)OC1=CC=C(C=C1)C(=O)OC	2.69070196	236690	COCONUT:(CNP0135120);KNApSAcK:(34602);Natural Products:(UNPD126401);PubChem:(236690);PubMed	2130002
34	1	N/A	-169.53629074998167	C12H14O4	[M + H]+	VTVRQPAFUYRQQH	InChI=1S/C12H14O4/c1-3-15-12(14)11(16-9(2)13)10-7-5-4-6-8-10/h4-8,11H,3H2,1-2H3	ethyl (acetyloxy)(phenyl)acetate	CCOC(=O)C(C1=CC=CC=C1)OC(=O)C	2.0999999	312023;12250253;11287486	COCONUT:(CNP0222219);Natural Products:(UNPD38691);PubChem:(312023 12250253 11287486);SuperNatural:(SN00334409)	3178498
35	1	N/A	-169.79954189604788	C12H14O4	[M + H]+	WNNVNQBKNSPKPP	InChI=1S/C12H14O4/c1-8-7-9(3-5-11(8)16-2)10(13)4-6-12(14)15/h3,5,7H,4,6H2,1-2H3,(H,14,15)	4-(4-methoxy-3-methylphenyl)-4-oxobutanoate	CC1=C(C=CC(=C1)C(=O)CCC(=O)O)OC	1.88092506	3163596;7263432	COCONUT:(CNP0049951 CNP0398773);PubChem:(3163596 7263432);SuperNatural:(SN00074550);ZINC bio:(ZINC04511272)	3153922
36	1	N/A	-169.86911194719633	C12H14O4	[M + H]+	XLZFUNZRKIQHOL	InChI=1S/C12H14O4/c1-9(13)16-7-3-4-10-5-6-11(14)12(8-10)15-2/h3-6,8,14H,7H2,1-2H3	coniferyl acetate	CC(=O)OCC=CC1=CC(=C(C=C1)O)OC	1.79529941	12835430;25200581	COCONUT:(CNP0397189);Natural Products:(UNPD138124);PubChem:(12835430 25200581);CHEBI:(47905);PubChem class - bio and metabolites;KEGG:(C20225);Plantcyc:(CPD-9875);PubMed;Biocyc:(CPD-9875)	19040610
37	1	N/A	-171.5058726533718	C12H14O4	[M + H]+	ZHBNZYWJCHZKLZ	InChI=1S/C12H14O4/c1-9(8-13)6-7-16-12(15)10-4-2-3-5-11(10)14/h2-6,13-14H,7-8H2,1H3	null	CC(=CCOC(=O)C1=CC=CC=C1O)CO	1.64663863	101417724	COCONUT:(CNP0108199);Natural Products:(UNPD68999);PubChem:(101417724);SuperNatural:(SN00371300)	3178498
38	1	N/A	-172.46639574473505	C12H14O4	[M + H]+	SHFDGDJEJOHKSV	InChI=1S/C12H14O4/c1-2-14-12(13)6-4-9-3-5-10-11(7-9)16-8-15-10/h3,5,7H,2,4,6,8H2,1H3	Ethyl homopiperonylacetate	CCOC(=O)CCC1=CC2=C(C=C1)OCO2	2.59643674	81545	PubChem:(81545);NORMAN:(NS00037159)	262146
39	1	N/A	-172.49298182740748	C12H14O4	[M + H]+	CBRJMHNWUUTCDW	InChI=1S/C12H14O4/c1-8-2-4-9(5-3-8)6-10(12(15)16)7-11(13)14/h2-5,10H,6-7H2,1H3,(H,13,14)(H,15,16)	Oprea1_705358	CC1=CC=C(C=C1)CC(CC(=O)O)C(=O)O	1.60000002	95557;768888;768889;3528012;6940804;6940805	PubChem class - safety and toxic;PubChem:(95557 768888 768889 3528012 6940804 6940805);PubMed;ZINC bio:(ZINC00249048 ZINC00249050);KEGG Mine	8657051714
40	1	N/A	-173.2513069600594	C12H14O4	[M + H]+	IJFKREIIZMVGDI	InChI=1S/C12H14O4/c1-7-5-11(15-9(3)13)8(2)12(6-7)16-10(4)14/h5-6H,1-4H3	(3-acetyloxy-2,5-dimethylphenyl) acetate	CC1=CC(=C(C(=C1)OC(=O)C)C)OC(=O)C	2.20000005	59572920	COCONUT:(CNP0347804);Natural Products:(UNPD176700);PubChem:(59572920);SuperNatural:(SN00390640)	3178498
41	1	N/A	-173.57341086382513	C12H14O4	[M + H]+	ATJVZXXHKSYELS	InChI=1S/C12H14O4/c1-3-16-12(14)7-5-9-4-6-10(13)11(8-9)15-2/h4-8,13H,3H2,1-2H3	Ethyl ferulate	CCOC(=O)C=CC1=CC(=C(C=C1)O)OC	2.2206707	65133;736681;5712090;10751663	SuperNatural:(SN00235350);ZINC bio:(ZINC14488535);additional;MeSH:(736681);PubMed;NORMAN:(NS00049271);COCONUT:(CNP0259003);KNApSAcK:(31779);Natural Products:(UNPD136180 UNPD224129);PubChem:(65133 736681 5712090 10751663);PubChem class - bio and metabolites;PubChem class - safety and toxic;Training Set	87875670
42	1	N/A	-174.25950538772312	C12H14O4	[M + H]+	XFXBVFUUEWWMFT	InChI=1S/C12H14O4/c1-3-16-12(14)7-5-9-4-6-10(15-2)8-11(9)13/h4-8,13H,3H2,1-2H3	ACMC-20myti	CCOC(=O)C=CC1=C(C=C(C=C1)OC)O	2.20000005	71342848;92016737;131866613	HMDB:(131283);PubChem:(71342848 92016737 131866613);KEGG Mine;PubChem class - bio and metabolites	8606711818
43	1	N/A	-174.65181600917467	C12H14O4	[M + H]+	PPUNWCBBLYYUCQ	InChI=1S/C12H14O4/c1-9(6-7-13)8-16-12(15)10-2-4-11(14)5-3-10/h2-6,13-14H,7-8H2,1H3	null	CC(=CCO)COC(=O)C1=CC=C(C=C1)O	1.70000005	56776201	COCONUT:(CNP0154538);PubChem:(56776201);SuperNatural:(SN00041305);ZINC bio:(ZINC67913722)	3153922
44	1	N/A	-175.2464185971122	C12H14O4	[M + H]+	LAEJCXAEDSFVBW	InChI=1S/C12H14O4/c1-4-8-16-11-9(12(13)15-3)6-5-7-10(11)14-2/h4-7H,1,8H2,2-3H3	Methyl 2-allyloxy-m-anisate	COC1=CC=CC(=C1OCC=C)C(=O)OC	2.27052283	11264526	PubChem:(11264526);NORMAN:(NS00065438)	262146
45	1	N/A	-175.41775256122025	C12H14O4	[M + H]+	JXRYDOZRPYFBKO	InChI=1S/C12H14O4/c1-14-10-6-4-9(8-11(10)15-2)5-7-12(13)16-3/h4-8H,1-3H3	bmse010231	COC1=C(C=C(C=C1)C=CC(=O)OC)OC	2.19936013	94307;766745;6431040	COCONUT:(CNP0218465);KNApSAcK:(48280);Natural Products:(UNPD3177 UNPD56045 UNPD209944);PubChem:(94307 766745 6431040);SuperNatural:(SN00264251 SN00392124);CHEBI:(86899);ZINC bio:(ZINC00243581);PubMed	3186802
46	1	N/A	-176.41525113192412	C12H14O4	[M + H]+	UCVDDOYNNJKCLL	InChI=1S/C12H14O4/c1-8(2)12(10(13)14,11(15)16)9-6-4-3-5-7-9/h3-8H,1-2H3,(H,13,14)(H,15,16)	null	CC(C)C(C1=CC=CC=C1)(C(=O)O)C(=O)O	2.29999995	2754198	COCONUT:(CNP0066477);PubChem:(2754198);SuperNatural:(SN00127044);ZINC bio:(ZINC03850121)	3153922
47	1	N/A	-176.5037730188836	C12H14O4	[M + H]+	LFWWWRPUVDIHKC	InChI=1S/C12H14O4/c1-9(2)11(13)15-7-5-6-8-16-12(14)10(3)4/h1,3,7-8H2,2,4H3	1,4-Butynediol dimethacrylate	CC(=C)C(=O)OCC#CCOC(=O)C(=C)C	2.0	106047	PubChem:(106047);NORMAN:(NS00053421)	262146
48	1	N/A	-177.05114032019463	C12H14O4	[M + H]+	LJMXXNVTJTYKRH	InChI=1S/C12H14O4/c1-3-16-10-6-4-9(5-7-12(13)14)8-11(10)15-2/h4-8H,3H2,1-2H3,(H,13,14)	4-Ethoxy-3-Methoxycinnamic Acid	CCOC1=C(C=C(C=C1)C=CC(=O)O)OC	2.2206707	1563376;1563377;719767;719769;4083425;5542536	COCONUT:(CNP0024015);PubChem:(1563376 1563377 719767 719769 4083425 5542536);SuperNatural:(SN00117292);ZINC bio:(ZINC00120487);PubChem class - safety and toxic;PubMed	70262850
49	1	N/A	-180.1033948763853	C12H14O4	[M + H]+	LGKWYOQEGGBNPN	InChI=1S/C12H14O4/c1-3-15-12(14)9(2)16-11-6-4-10(8-13)5-7-11/h4-9H,3H2,1-2H3	ethyl 2-(4-formylphenoxy)propanoate	CCOC(=O)C(C)OC1=CC=C(C=C1)C=O	2.0	3016639;25898069;25898068	PubChem:(3016639 25898069 25898068);NORMAN:(NS00057388)	262146
50	1	N/A	-180.79378298913593	C12H14O4	[M + H]+	UAMMMFTXGWKQLG	InChI=1S/C12H14O4/c1-16-10-7-5-9(6-8-10)11(13)3-2-4-12(14)15/h5-8H,2-4H2,1H3,(H,14,15)	5-(4-Methoxyphenyl)-5-oxovaleric acid	COC1=CC=C(C=C1)C(=O)CCCC(=O)O	1.84676075	266817	PubChem class - safety and toxic;PubChem:(266817);PubMed	67108930
51	1	N/A	-180.95083976338472	C12H14O4	[M + H]+	RQULTIASPCVEFO	InChI=1S/C12H14O4/c1-8(2)12(13)14-6-9-3-4-10-11(5-9)16-7-15-10/h3-5,8H,6-7H2,1-2H3	Piperonyl isobutyrate	CC(C)C(=O)OCC1=CC2=C(C=C1)OCO2	2.52065253	62580	NORMAN:(NS00022351);COCONUT:(CNP0002862);HMDB:(37130);PubChem class - food;PubChem:(62580);ZINC bio:(ZINC00056507);PubChem class - bio and metabolites;MeSH:(62580);PubChem class - safety and toxic;PubMed	220471374
52	1	N/A	-181.72343365626244	C12H14O4	[M + H]+	LEHVKCUBJITYCL	InChI=1S/C12H14O4/c1-12(7-10(13)14,8-11(15)16)9-5-3-2-4-6-9/h2-6H,7-8H2,1H3,(H,13,14)(H,15,16)	NCIStruc1_000621	CC(CC(=O)O)(CC(=O)O)C1=CC=CC=C1	1.5	77814	NORMAN:(NS00031018);PubChem:(77814);PubMed	262210
53	1	N/A	-182.20954182294668	C12H14O4	[M + H]+	OFILKMBFUQQLSU	InChI=1S/C12H14O4/c1-12(2,3)16-11(15)9-6-4-5-8(7-9)10(13)14/h4-7H,1-3H3,(H,13,14)	zlchem 980	CC(C)(C)OC(=O)C1=CC=CC(=C1)C(=O)O	2.32824922	2760951;6930915	PubChem:(2760951 6930915);PubChem class - safety and toxic	67108866
54	1	N/A	-183.75307268292318	C12H14O4	[M + H]+	MKZOWDOHBBISIF	InChI=1S/C12H14O4/c1-5-6(2)9(11(13)14)8(4)10(7(5)3)12(15)16/h1-4H3,(H,13,14)(H,15,16)	null	CC1=C(C(=C(C(=C1C)C(=O)O)C)C(=O)O)C	2.4000001	54077888	COCONUT:(CNP0161725);Natural Products:(UNPD190934);PubChem:(54077888);SuperNatural:(SN00283471)	3178498
55	1	N/A	-185.15968795661885	C12H14O4	[M + H]+	XBVFRINUJXHFCH	InChI=1S/C12H14O4/c1-2-3-5-8-9(11(13)14)6-4-7-10(8)12(15)16/h4,6-7H,2-3,5H2,1H3,(H,13,14)(H,15,16)	null	CCCCC1=C(C=CC=C1C(=O)O)C(=O)O	2.9000001	1770911;1770912	COCONUT:(CNP0058050 CNP0363071);PubChem:(1770911 1770912);SuperNatural:(SN00057525);PubMed;ZINC bio:(ZINC02116201)	3153986
56	1	N/A	-185.8125245572609	C12H14O4	[M + H]+	ONOCGKVKAPMGRX	InChI=1S/C12H14O4/c1-3-16-12(14)7-5-9-4-6-11(15-2)10(13)8-9/h4-8,13H,3H2,1-2H3	(E)-Ethyl 3-(3-hydroxy-4-methoxyphenyl)acrylate	CCOC(=O)C=CC1=CC(=C(C=C1)OC)O	2.2206707	21080040;69043564	COCONUT:(CNP0325284);Natural Products:(UNPD87895);PubChem:(21080040 69043564);KEGG Mine	8592064514
57	1	N/A	-187.39964149400257	C12H14O4	[M + H]+	FXNNIQRXQQHHLV	InChI=1S/C12H14O4/c1-3-16-12-9(7-8-11(13)14)5-4-6-10(12)15-2/h4-8H,3H2,1-2H3,(H,13,14)	3-(2-ethoxy-3-methoxyphenyl)prop-2-enoic acid	CCOC1=C(C=CC=C1OC)C=CC(=O)O	2.20000005	2753333;5705743;7009678	COCONUT:(CNP0224397);PubChem:(2753333 5705743 7009678);SuperNatural:(SN00120627);ZINC bio:(ZINC02385220)	3153922
58	1	N/A	-187.869165453851	C12H14O4	[M + H]+	JXJMQLWUVREZGB	InChI=1S/C12H14O4/c1-6(2)8-5-10(12(15)16)9(11(13)14)4-7(8)3/h4-6H,1-3H3,(H,13,14)(H,15,16)	4-methyl-5-propan-2-ylphthalic acid	CC1=CC(=C(C=C1C(C)C)C(=O)O)C(=O)O	2.5	3019603	PubChem:(3019603);NORMAN:(NS00038385)	262146
59	1	N/A	-194.49888859377504	C12H14O4	[M + H]+	YTDPXTAVZROPBD	InChI=1S/C12H14O4/c1-4-10(14)9-5-6-11(16-8(2)13)12(7-9)15-3/h5-7H,4H2,1-3H3	2-methoxy-4-propanoylphenyl acetate	CCC(=O)C1=CC(=C(C=C1)OC(=O)C)OC	1.79999995	3346277	COCONUT:(CNP0225735);Natural Products:(UNPD125951);PubChem:(3346277)	2129922
60	1	N/A	-195.2145412482125	C12H14O4	[M + H]+	YHXACRRSCRZOIX	InChI=1S/C12H14O4/c1-2-15-12(14)8-7-10-5-3-4-6-11(10)16-9-13/h3-8,13H,2,9H2,1H3	ethyl (E)-3-[2-(hydroxymethoxy)phenyl]prop-2-enoate	CCOC(=O)C=CC1=CC=CC=C1OCO	2.28523684	3013999;20836100	PubChem:(3013999 20836100);NORMAN:(NS00044747)	262146
61	1	N/A	-196.63097606570804	C12H14O4	[M + H]+	FEGOYEOTGDLKPE	InChI=1S/C12H14O4/c1-9(8-13)6-7-16-11-4-2-10(3-5-11)12(14)15/h2-6,13H,7-8H2,1H3,(H,14,15)	null	CC(=CCOC1=CC=C(C=C1)C(=O)O)CO	1.64663863	""	COCONUT:(CNP0375576);Natural Products:(UNPD185188)	2129920
62	1	N/A	-204.98773256682946	C12H14O4	[M + H]+	NGFQCVNXZSQSRY	InChI=1S/C12H14O4/c1-8(15-9(2)13)11-4-6-12(7-5-11)16-10(3)14/h4-8H,1-3H3	bmse010014	CC(C1=CC=C(C=C1)OC(=O)C)OC(=O)C	1.79999995	10911126	COCONUT:(CNP0259225);Natural Products:(UNPD160146);PubChem:(10911126);SuperNatural:(SN00228944)	3178498
63	1	N/A	-205.36778342521302	C12H14O4	[M + H]+	FQBPCNCFOCPCJP	InChI=1S/C12H14O4/c1-3-4-9-5-6-10(11(7-9)15-2)16-8-12(13)14/h3,5-7H,1,4,8H2,2H3,(H,13,14)	Oprea1_017854	COC1=C(C=CC(=C1)CC=C)OCC(=O)O	2.29802442	235909;3606373	COCONUT:(CNP0038122 CNP0232474);PubChem:(235909 3606373);SuperNatural:(SN00043817);PubMed;ZINC bio:(ZINC00185753)	3153986
64	1	N/A	-206.37386883900237	C12H14O4	[M + H]+	LMMKFQCREXZAJN	InChI=1S/C12H14O4/c1-16-10-5-2-4-9(8-10)11(13)6-3-7-12(14)15/h2,4-5,8H,3,6-7H2,1H3,(H,14,15)	5-(3-methoxyphenyl)-5-oxopentanoate	COC1=CC=CC(=C1)C(=O)CCCC(=O)O	1.84676075	2759700;7160370	PubChem:(2759700 7160370);PubChem class - safety and toxic	67108866
65	1	N/A	-208.93474785203387	C12H14O4	[M + H]+	CKWVNEFOTDGUQW	InChI=1S/C12H14O4/c1-15-11-5-2-10(3-6-11)4-7-12(14)16-9-8-13/h2-7,13H,8-9H2,1H3	2-Propenoic acid, 3-(4-methoxyphenyl)-, 2-hydroxyethyl ester	COC1=CC=C(C=C1)C=CC(=O)OCCO	1.5	19362415;53726561	HMDB:(131285);PubChem:(19362415 53726561);KEGG Mine;PubChem class - bio and metabolites	8606711818
66	1	N/A	-209.62194959640908	C12H14O4	[M + H]+	UORQJKKOBXSGRG	InChI=1S/C12H14O4/c1-3-4-9-5-6-10(11(7-9)15-2)16-8-12(13)14/h3-7H,8H2,1-2H3,(H,13,14)	2-(2-methoxy-4-prop-1-enylphenoxy)acetate	CC=CC1=CC(=C(C=C1)OCC(=O)O)OC	2.21467924	1573108;1573107;734627;347174;5544161;4985715	COCONUT:(CNP0057999);PubChem class - safety and toxic;Training Set;PubChem:(1573108 1573107 734627 347174 5544161 4985715);PubMed	69222466
67	1	N/A	-209.84192191850835	C12H14O4	[M + H]+	TYLYMTQVHRTRCO	InChI=1S/C12H14O4/c13-11(14)8-9-2-4-10(5-3-9)12-15-6-1-7-16-12/h2-5,12H,1,6-8H2,(H,13,14)	4-(1,3-Dioxan-2-yl)benzeneacetic acid	C1COC(OC1)C2=CC=C(C=C2)CC(=O)O	1.20000005	206209	PubChem:(206209);PubChem class - safety and toxic	67108866
68	1	N/A	-211.44085436170272	C12H14O4	[M + H]+	DDSRVFWTSCQXGY	InChI=1S/C12H14O4/c1-15-11-8-9(6-7-10(11)13)4-3-5-12(14)16-2/h3,5-8,13H,4H2,1-2H3	null	COC1=C(C=CC(=C1)CC=CC(=O)OC)O	2.23884439	""	COCONUT:(CNP0174985);Natural Products:(UNPD201427)	2129920
69	1	N/A	-212.03114970534514	C12H14O4	[M + H]+	AGKXFNIJKRGQMC	InChI=1S/C12H14O4/c1-8(13)6-11(14)10-5-4-9(15-2)7-12(10)16-3/h4-5,7H,6H2,1-3H3	1-(2,4-dimethoxyphenyl)butane-1,3-dione	CC(=O)CC(=O)C1=C(C=C(C=C1)OC)OC	1.39999998	2749722	COCONUT:(CNP0308703);PubChem:(2749722);SuperNatural:(SN00123736);ZINC bio:(ZINC03845153)	3153922
70	1	N/A	-212.77000517743085	C12H14O4	[M + H]+	FOKZHJCFBNVOAV	InChI=1S/C12H14O4/c1-2-8-15-12(14)11(13)9-16-10-6-4-3-5-7-10/h3-7,9,13H,2,8H2,1H3	3-Phenoxy-2-hydroxypropyl acrylate	CCCOC(=O)C(=COC1=CC=CC=C1)O	2.5999999	86493;21225515	PubChem:(86493 21225515);NORMAN:(NS00019785)	262146
71	1	N/A	-213.02877733503158	C12H14O4	[M + H]+	BJLUCDZIWWSFIB	InChI=1S/C12H14O4/c1-12(2,3)9-5-7(10(13)14)4-8(6-9)11(15)16/h4-6H,1-3H3,(H,13,14)(H,15,16)	5-tert-Butylisophthalic acid	CC(C)(C)C1=CC(=CC(=C1)C(=O)O)C(=O)O	2.5999999	75379;6950368	NORMAN:(NS00049514);PubChem class - safety and toxic;PubChem:(75379 6950368);PubMed	67371074
72	1	N/A	-213.14181116516878	C12H14O4	[M + H]+	SXPCMUCUZSVRMB	InChI=1S/C12H14O4/c13-11(14)9-7-5-3-1-2-4-6-8-10-12(15)16/h3-10H,1-2H2,(H,13,14)(H,15,16)	2E,4E,8E,10E-Dodecatetraenedioic acid	C(CC=CC=CC(=O)O)C=CC=CC(=O)O	2.0999999	9543653;85034031	PubChem:(9543653 85034031);CHEBI:(73715)	34
73	1	N/A	-215.8194751576655	C12H14O4	[M + H]+	BGKAKRUFBSTALK	InChI=1S/C12H14O4/c1-8(2)12(14)16-10-5-4-9(7-13)6-11(10)15-3/h4-8H,1-3H3	Vanillin isobutyrate	CC(C)C(=O)OC1=C(C=C(C=C1)C=O)OC	2.0999999	539829	NORMAN:(NS00019708);COCONUT:(CNP0002796);HMDB:(37681);PubChem class - food;PubChem:(539829);ZINC bio:(ZINC02534721);PubChem class - bio and metabolites;PubChem class - safety and toxic	220471306
74	1	N/A	-216.19615233880901	C12H14O4	[M + H]+	BPJXSLLUNRTWHM	InChI=1S/C12H14O4/c1-2-7-16-12(15)6-4-9-3-5-10(13)11(14)8-9/h3-6,8,13-14H,2,7H2,1H3	Propyl 3-(3,4-Dihydroxyphenyl)Acrylate	CCCOC(=O)C=CC1=CC(=C(C=C1)O)O	2.26015496	10082261;53694253	COCONUT:(CNP0410431);MeSH:(10082261);Natural Products:(UNPD217814);PubChem:(10082261 53694253);PubMed	2129990
75	1	N/A	-219.94135443737494	C12H14O4	[M + H]+	DSMOYXWZPJLKEI	InChI=1S/C12H14O4/c1-14-9-16-11-6-5-10(4-3-7-13)8-12(11)15-2/h3-8H,9H2,1-2H3	3''-Methoxy-4''-(methoxymethoxy)cinnamaldehyde	COCOC1=C(C=C(C=C1)C=CC=O)OC	1.70000005	92552;6436645;6538312	NORMAN:(NS00055271);PubChem:(92552 6436645 6538312);PubMed	262210
76	1	N/A	-220.97028264955773	C12H14O4	[M + H]+	NXQMRHPIOJUVFS	InChI=1S/C12H14O4/c1-9(13)16-11(12(14)15-2)8-10-6-4-3-5-7-10/h3-7,11H,8H2,1-2H3	methyl (2S)-2-acetyloxy-3-phenylpropanoate	CC(=O)OC(CC1=CC=CC=C1)C(=O)OC	2.0	10922090;13598462;11983922;23251328	COCONUT:(CNP0333706);Natural Products:(UNPD120018);PubChem:(10922090 13598462 11983922 23251328);SuperNatural:(SN00317488)	3178498
77	1	N/A	-221.09936846234078	C12H14O4	[M + H]+	VNLOISSPTMDCIF	InChI=1S/C12H14O4/c1-8(6-12(13)14)10-5-4-9(15-2)7-11(10)16-3/h4-7H,1-3H3,(H,13,14)	Molnia (TN)	CC(=CC(=O)O)C1=C(C=C(C=C1)OC)OC	2.4000001	33270;6433947;6445007	NORMAN:(NS00037878);PubChem:(33270 6433947 6445007);CHEBI:(134913);ZINC bio:(ZINC20259920);PubChem class - safety and toxic;PubMed	67379298
78	1	N/A	-223.01386183317703	C12H14O4	[M + H]+	NKANYVMWDXJHLE	InChI=1S/C12H14O4/c1-2-4-12(16-8-10-6-14-10)11(3-1)15-7-9-5-13-9/h1-4,9-10H,5-8H2	o-Bis(2,3-epoxypropoxy)benzene	C1C(O1)COC2=CC=CC=C2OCC3CO3	1.05898404	100070;91827250;91827251;91827252	PubChem:(100070 91827250 91827251 91827252);NORMAN:(NS00048695)	262146
79	1	N/A	-226.45443884861257	C12H14O4	[M + H]+	WPYCRFCQABTEKC	InChI=1S/C12H14O4/c1-2-9(13-5-11-7-15-11)4-10(3-1)14-6-12-8-16-12/h1-4,11-12H,5-8H2	Araldite ERE 1359	C1C(O1)COC2=CC(=CC=C2)OCC3CO3	1.20000005	7586;6994628;6994629;6994630;88900120;89174278	NORMAN:(NS00020363);PubChem:(7586 6994628 6994629 6994630 88900120 89174278);CHEBI:(82318);ZINC bio:(ZINC01707983 ZINC01707986 ZINC12359983);HSDB:(101-90-6);MeSH:(7586);KEGG:(C19228);PubChem class - safety and toxic;PubMed	67380070
80	1	N/A	-232.29855158314413	C12H14O4	[M + H]+	QZYOCLVDEHOOLT	InChI=1S/C12H14O4/c1-13-5-3-4-9-6-11-12(16-8-15-11)7-10(9)14-2/h3-4,6-7H,5,8H2,1-2H3	null	COCC=CC1=CC2=C(C=C1OC)OCO2	2.0	101547864;101547865	COCONUT:(CNP0130552);Natural Products:(UNPD206443 UNPD206444);PubChem:(101547864 101547865)	2129922
81	1	N/A	-232.58150070426228	C12H14O4	[M + H]+	HHQAGBQXOWLTLL	InChI=1S/C12H14O4/c1-2-12(14)16-9-10(13)8-15-11-6-4-3-5-7-11/h2-7,10,13H,1,8-9H2	2-Hydroxy-3-phenoxypropyl acrylate	C=CC(=O)OCC(COC1=CC=CC=C1)O	1.79999995	4443516;92177999;91068156	NORMAN:(NS00053767);PubChem class - safety and toxic;PubChem:(4443516 92177999 91068156)	67371010
82	1	N/A	-234.98066644614994	C12H14O4	[M + H]+	ZHRKDNDVZCPRBF	InChI=1S/C12H14O4/c1-14-9-7-11(15-2)10(5-4-6-13)12(8-9)16-3/h4-8H,1-3H3	null	COC1=CC(=C(C(=C1)OC)C=CC=O)OC	1.70000005	10536994;79331614	PubChem:(10536994 79331614);COCONUT:(CNP0080552)	2097154
83	1	N/A	-242.4500691460126	C12H14O4	[M + H]+	MLOXWGPUSURGIB	InChI=1S/C12H14O4/c1-8(13)6-7-10-4-3-5-11(15)12(10)16-9(2)14/h3-5,15H,6-7H2,1-2H3	null	CC(=O)CCC1=C(C(=CC=C1)O)OC(=O)C	1.20000005	90883434	COCONUT:(CNP0081078);PubChem:(90883434);PubMed	2097218
84	1	N/A	-243.64978495847024	C12H14O4	[M + H]+	SZUGSSXTTCVUAY	InChI=1S/C12H14O4/c1-2-14-7-9-8-15-11-6-4-3-5-10(11)12(13)16-9/h3-6,9H,2,7-8H2,1H3	3-(ethoxymethyl)-2,3-dihydro-1,4-benzodioxepin-5-one	CCOCC1COC2=CC=CC=C2C(=O)O1	1.79999995	211317	PubChem:(211317);PubChem class - safety and toxic	67108866
85	1	N/A	-243.6574961530087	C12H14O4	[M + H]+	DNAVOCNYHNNEQI	InChI=1S/C12H14O4/c1-14-10-8-12(16-3)11(15-2)7-9(10)5-4-6-13/h4-8H,1-3H3	2-Propenal, 3-(2,4,5-trimethoxyphenyl)-	COC1=CC(=C(C=C1C=CC=O)OC)OC	2.03240967	9813266;46906714;54045441	COCONUT:(CNP0108732);HMDB:(38563);KNApSAcK:(36457);Natural Products:(UNPD224288 UNPD156399 UNPD197140);PubChem:(9813266 46906714 54045441);SuperNatural:(SN00239345 SN00328169);PubChem class - bio and metabolites;MeSH:(9813266 54045441);PubMed	19955806
86	1	N/A	-244.53756614612075	C12H14O4	[M + H]+	AVTNGUKTXURBJA	InChI=1S/C12H14O4/c1-8(13)10(14)7-11(15)9-5-3-4-6-12(9)16-2/h3-6,10,14H,7H2,1-2H3	null	CC(=O)C(CC(=O)C1=CC=CC=C1OC)O	1.08626616	102358963	COCONUT:(CNP0119449);Natural Products:(UNPD225014);PubChem:(102358963)	2129922
87	1	N/A	-245.18080538588626	C12H14O4	[M + H]+	VSLFLWQBWGEPBW	InChI=1S/C12H14O4/c13-12(14)4-2-1-3-9-5-6-10-11(7-9)16-8-15-10/h5-7H,1-4,8H2,(H,13,14)	1,3-Benzodioxole-5-pentanoic acid	C1OC2=C(O1)C=C(C=C2)CCCCC(=O)O	2.6540947	5321853	COCONUT:(CNP0051358 CNP0246287);HMDB:(34056);Natural Products:(UNPD46056);PubChem:(5321853);SuperNatural:(SN00158814);ZINC bio:(ZINC14591331);PubChem class - bio and metabolites	19963914
88	1	N/A	-248.175967361841	C12H14O4	[M + H]+	VLSGACWGKWLNCR	InChI=1S/C12H14O4/c1-3-15-12(13)11-10(16-11)8-4-6-9(14-2)7-5-8/h4-7,10-11H,3H2,1-2H3	Methoxy ethyl phenyl glycidate	CCOC(=O)C1C(O1)C2=CC=C(C=C2)OC	1.70000005	86025;13410535;10376246;10443528	HMDB:(131284);PubChem:(86025 13410535 10376246 10443528);KEGG Mine;PubChem class - bio and metabolites	8606711818
89	1	N/A	-248.52336534874732	C12H14O4	[M + H]+	CDUYSGJRDZEJPK	InChI=1S/C12H14O4/c1-8(13)9-4-6-10(7-5-9)16-12(2,3)11(14)15/h4-7H,1-3H3,(H,14,15)	2-(4-acetylphenoxy)-2-methylpropanoate	CC(=O)C1=CC=C(C=C1)OC(C)(C)C(=O)O	1.76733446	104106;21654085	NORMAN:(NS00032441);PubChem class - safety and toxic;PubChem:(104106 21654085)	67371010
90	1	N/A	-250.25366221398806	C12H14O4	[M + H]+	NSPIPHLQGRBQKJ	InChI=1S/C12H14O4/c1-7(13)9-5-10(8(2)14)12(16-4)6-11(9)15-3/h5-6H,1-4H3	1,3-Diacetyl-4,6-dimethoxybenzene	CC(=O)C1=CC(=C(C=C1OC)OC)C(=O)C	1.20000005	2758026	PubChem:(2758026);PubChem class - safety and toxic	67108866
91	1	N/A	-254.10146249346442	C12H14O4	[M + H]+	HHXVRTWUQBYAFG	InChI=1S/C12H14O4/c13-8-11(14)7-10(12(15)16)6-9-4-2-1-3-5-9/h1-5,10,13H,6-8H2,(H,15,16)	null	C1=CC=C(C=C1)CC(CC(=O)CO)C(=O)O	0.699999988	44543640;72199909	PubChem:(44543640 72199909);PubChem class - bio and metabolites	16777218
92	1	N/A	-254.29997739381807	C12H14O4	[M + H]+	HKTADEFLXWAPTA	InChI=1S/C12H14O4/c1-13-5-3-4-9-6-10(14-2)12-11(7-9)15-8-16-12/h3-4,6-7H,5,8H2,1-2H3	null	COCC=CC1=CC2=C(C(=C1)OC)OCO2	2.0	12851551	COCONUT:(CNP0157077);MeSH:(12851551);Natural Products:(UNPD125257);PubChem:(12851551);PubMed	2129990
93	1	N/A	-254.97949206271463	C12H14O4	[M + H]+	XDSHNNRBLSBDAP	InChI=1S/C12H14O4/c1-14-10-7-9(5-4-6-13)8-11(15-2)12(10)16-3/h4-8H,1-3H3	Spectrum_000800	COC1=CC(=CC(=C1OC)OC)C=CC=O	2.03240967	36798;5839209;12514230	COCONUT:(CNP0189014);Natural Products:(UNPD12724 UNPD220320 UNPD49559);PubChem:(36798 5839209 12514230);SuperNatural:(SN00002287 SN00233188);CHEBI:(113534);ZINC bio:(ZINC01563660);additional;MeSH:(5839209);Training Set;PubMed;KEGG Mine	8593662054
94	1	N/A	-257.10370136429697	C12H14O4	[M + H]+	GIWVWMBTCWHKMO	InChI=1S/C12H14O4/c1-2-7-14-12(13)11-8-15-9-5-3-4-6-10(9)16-11/h3-6,11H,2,7-8H2,1H3	Amlure	CCCOC(=O)C1COC2=CC=CC=C2O1	2.24578834	32734	PubChem:(32734);PubChem class - safety and toxic	67108866
95	1	N/A	-257.5947707699354	C12H14O4	[M + H]+	JVMUMZYOAWLJQW	InChI=1S/C12H14O4/c1-8(2)5-12(15)16-7-9-6-10(13)3-4-11(9)14/h3-4,6,8H,5,7H2,1-2H3	Blattellaquinone	CC(C)CC(=O)OCC1=CC(=O)C=CC1=O	1.0	11379050	MeSH:(11379050);PubChem:(11379050);PubMed	70
96	1	N/A	-258.8311439154715	C12H14O4	[M + H]+	GBGGUUFBWZWOMC	InChI=1S/C12H14O4/c1-9(7-13)4-5-16-12-3-2-10(8-14)6-11(12)15/h2-4,6,8,13,15H,5,7H2,1H3	null	CC(=CCOC1=C(C=C(C=C1)C=O)O)CO	1.47968817	""	COCONUT:(CNP0337579)	2097152
97	1	N/A	-261.38914670193543	C12H14O4	[M + H]+	VSBPRBXTUAKKSY	InChI=1S/C12H14O4/c1-8-5-13-6-16-12(8)9-2-3-10-11(4-9)15-7-14-10/h2-4,8,12H,5-7H2,1H3	Safroxan	CC1COCOC1C2=CC3=C(C=C2)OCO3	1.89999998	101152;92149746;92149747;92149748;92149749	NORMAN:(NS00041595);MeSH:(101152);PubChem:(101152 92149746 92149747 92149748 92149749)	262150
98	1	N/A	-265.96599320117144	C12H14O4	[M + H]+	LSRKEDUXVFACQU	InChI=1S/C12H14O4/c1-8-5-6-11(14)9(7-8)10(13)3-2-4-12(15)16/h5-7,14H,2-4H2,1H3,(H,15,16)	5-(2-hydroxy-5-methylphenyl)-5-oxopentanoic acid	CC1=CC(=C(C=C1)O)C(=O)CCCC(=O)O	2.0	4164198	PubChem:(4164198);PubChem class - safety and toxic	67108866
99	1	N/A	-269.9556023598369	C12H14O4	[M + H]+	VNDLMXQTZJPTOR	InChI=1S/C12H14O4/c13-11-6-2-1-5-10(11)12(14)16-8-9-4-3-7-15-9/h1-2,5-6,9,13H,3-4,7-8H2	Tetrahydrofurfuryl salicylate	C1CC(OC1)COC(=O)C2=CC=CC=C2O	1.8249656	98017;86308426;86308773	NORMAN:(NS00050212);PubChem:(98017 86308426 86308773);ZINC bio:(ZINC01695143 ZINC02042065)	270338
100	1	N/A	-276.3691977679434	C12H14O4	[M + H]+	IFWNTXRIQDWBMQ	InChI=1S/C12H14O4/c1-8(14)11(15)6-5-9-3-2-4-12(16)10(9)7-13/h2-6,8,13-14,16H,7H2,1H3	null	CC(C(=O)C=CC1=C(C(=CC=C1)O)CO)O	1.10000002	101417746	COCONUT:(CNP0169908);Natural Products:(UNPD127708);PubChem:(101417746);SuperNatural:(SN00340618)	3178498
101	1	N/A	-277.74874402379544	C12H14O4	[M + H]+	FWPZORRTDTZVAB	InChI=1S/C12H14O4/c1-3-10(13)9-6-8(4-5-11(9)14)7-12(15)16-2/h4-6,14H,3,7H2,1-2H3	methyl 2-(4-hydroxy-3-propanoylphenyl)acetate	CCC(=O)C1=C(C=CC(=C1)CC(=O)OC)O	2.0999999	3018226	PubChem:(3018226);NORMAN:(NS00063480)	262146
102	1	N/A	-280.6068555497582	C12H14O4	[M + H]+	SRMCSVPXTIJOBW	InChI=1S/C12H14O4/c1-15-10-5-7-3-4-8(12(13)14)9(7)6-11(10)16-2/h5-6,8H,3-4H2,1-2H3,(H,13,14)	1-Indancarboxylicacid, 5,6-dimethoxy- (8CI)	COC1=C(C=C2C(CCC2=C1)C(=O)O)OC	1.79999995	209068;92203042;92203043	PubChem:(209068 92203042 92203043);PubChem class - safety and toxic	67108866
103	1	N/A	-280.6583221539515	C12H14O4	[M + H]+	IPVMXYKINISIOK	InChI=1S/C12H14O4/c1-12(2)10(16-12)7-15-9-5-3-8(4-6-9)11(13)14/h3-6,10H,7H2,1-2H3,(H,13,14)	Benzoic acid, 4-[(3,3-dimethyloxiranyl)methoxy]-	CC1(C(O1)COC2=CC=C(C=C2)C(=O)O)C	1.70000005	14259119	COCONUT:(CNP0141112);Natural Products:(UNPD191844);PubChem:(14259119);SuperNatural:(SN00345998)	3178498
104	1	N/A	-280.9149263479656	C12H14O4	[M + H]+	OOFWCWCUKUVTKD	InChI=1S/C12H14O4/c1-8(13)4-5-9-6-10(15-2)12(14)11(7-9)16-3/h4-7,14H,1-3H3	3-Buten-2-one, 4-(4-hydroxy-3,5-dimethoxyphenyl)-	CC(=O)C=CC1=CC(=C(C(=C1)OC)O)OC	1.60000002	10727728;71350958	COCONUT:(CNP0333338);HMDB:(135689);Natural Products:(UNPD99047);PubChem:(10727728 71350958);PubChem class - bio and metabolites;PubMed;KEGG Mine	8608841802
105	1	N/A	-281.65453608373224	C12H14O4	[M + H]+	FUFIYZTYLVNRFU	InChI=1S/C12H14O4/c1-3-15-12(14)11-7(2)10-8(13)5-4-6-9(10)16-11/h3-6H2,1-2H3	ethyl 3-methyl-4-oxo-6,7-dihydro-5H-1-benzofuran-2-carboxylate	CCOC(=O)C1=C(C2=C(O1)CCCC2=O)C	2.0	753911	COCONUT:(CNP0050590);PubChem:(753911);SuperNatural:(SN00143854);PubMed;ZINC bio:(ZINC00206958)	3153986
106	1	N/A	-282.5949720192658	C12H14O4	[M + H]+	IFRAPWHYQQHOCM	InChI=1S/C12H14O4/c1-2-10(13)7-5-3-4-6-8-11(14)9-12(15)16/h2,10-11,13-14H,1,6,8-9H2,(H,15,16)	11-Dodecene-6,8-diynoicacid, 3,10-dihydroxy- (9CI)	C=CC(C#CC#CCCC(CC(=O)O)O)O	0.5	71346454	COCONUT:(CNP0217111);Natural Products:(UNPD137897);PubChem:(71346454)	2129922
107	1	N/A	-284.74094775364597	C12H14O4	[M + H]+	XKCIPTFOQRVXGG	InChI=1S/C12H14O4/c1-4-5-8-6-9(13-2)11-12(10(8)14-3)16-7-15-11/h4-6H,7H2,1-3H3	Isoapiol	CC=CC1=CC(=C2C(=C1OC)OCO2)OC	2.70000005	15559838;53397165;97106831	COCONUT:(CNP0269607);MeSH:(15559838);Natural Products:(UNPD148126);PubChem:(15559838 53397165 97106831);PubMed	2129990
108	1	N/A	-285.3586852038947	C12H14O4	[M + H]+	NOOJUIMBXKXPDX	InChI=1S/C12H14O4/c1-4-5-8-6-9(13-2)11(14-3)12-10(8)15-7-16-12/h4-6H,7H2,1-3H3	null	CC=CC1=CC(=C(C2=C1OCO2)OC)OC	2.70000005	100984965	COCONUT:(CNP0143498);Natural Products:(UNPD188078);PubChem:(100984965);SuperNatural:(SN00288342)	3178498
109	1	N/A	-285.700220411047	C12H14O4	[M + H]+	ZKVIBKWHKHBWPT	InChI=1S/C12H14O4/c1-4-5-9(13)12-10(14)6-8(15-2)7-11(12)16-3/h4-7,14H,1-3H3	1-(6-Hydroxy-2,4-dimethoxyphenyl)-2-butene-1-one	CC=CC(=O)C1=C(C=C(C=C1OC)OC)O	2.5999999	14162648;53440428	COCONUT:(CNP0375235);Natural Products:(UNPD222175 UNPD103760);PubChem:(14162648 53440428);SuperNatural:(SN00155605);ZINC bio:(ZINC14817799)	3186690
110	1	N/A	-289.3267532463782	C12H14O4	[M + H]+	OEDZKYGAFWDLGE	InChI=1S/C12H14O4/c1-4-5-8-6-9-11(16-7-15-9)12(14-3)10(8)13-2/h4-6H,7H2,1-3H3	Isodillapiol	CC=CC1=CC2=C(C(=C1OC)OC)OCO2	2.70000005	11435991;53397162	COCONUT:(CNP0270363);HMDB:(29470);Natural Products:(UNPD158126);PubChem:(11435991 53397162);SuperNatural:(SN00403165);PubChem class - bio and metabolites;PubMed	19955786
111	1	N/A	-290.57631357953085	C12H14O4	[M + H]+	HOSRDVYFIODRKS	InChI=1S/C12H14O4/c1-8(7-13)2-3-9-6-10(12(15)16)4-5-11(9)14/h2,4-6,13-14H,3,7H2,1H3,(H,15,16)	null	CC(=CCC1=C(C=CC(=C1)C(=O)O)O)CO	1.79999995	131839381	HMDB:(135900);PubChem:(131839381);KEGG Mine	8589934602
112	1	N/A	-290.99359102099737	C12H14O4	[M + H]+	ZZWHWGZFHPVYFV	InChI=1S/C12H14O4/c1-8(14)11(15)6-5-9-3-2-4-12(16)10(9)7-13/h2-8,11,14-16H,1H3	null	CC(C(C=CC1=C(C(=CC=C1)O)C=O)O)O	1.10000002	10489200;62706204;101417747;139586213	COCONUT:(CNP0328500);KNApSAcK:(30433);Natural Products:(UNPD125599 UNPD226998);PubChem:(10489200 62706204 101417747 139586213);SuperNatural:(SN00327024);MeSH:(62706204);PubMed	3178582
113	1	N/A	-291.746976390163	C12H14O4	[M + H]+	BRDOXYZXXDKBND	InChI=1S/C12H14O4/c1-4-9(13-2)8-5-10(14-3)12-11(6-8)15-7-16-12/h4-6,9H,1,7H2,2-3H3	null	COC1=CC(=CC2=C1OCO2)C(C=C)OC	2.20000005	10198380	COCONUT:(CNP0136072);Natural Products:(UNPD196355);PubChem:(10198380);SuperNatural:(SN00242553)	3178498
114	1	N/A	-292.0020819034824	C12H14O4	[M + H]+	LYSUGZLJKRSLHM	InChI=1S/C12H14O4/c1-4-5-8-6-9(12(14)16-3)11(13)10(7-8)15-2/h4,6-7,13H,1,5H2,2-3H3	methyl 3-methoxy-5-allylsalicylate	COC1=CC(=CC(=C1O)C(=O)OC)CC=C	3.0	3020842	NORMAN:(NS00039000);PubChem class - safety and toxic;PubChem:(3020842);PubMed	67371074
115	1	N/A	-294.592693484518	C12H14O4	[M + H]+	HPSJZNGEFHQTKP	InChI=1S/C12H14O4/c1-15-10-4-7-3-8(6-13)12(14)9(7)5-11(10)16-2/h4-5,8,13H,3,6H2,1-2H3	null	COC1=C(C=C2C(=C1)CC(C2=O)CO)OC	1.43342209	""	COCONUT:(CNP0056137);SuperNatural:(SN00137651 SN00137650)	3145728
116	1	N/A	-298.08395692851957	C12H14O4	[M + H]+	QQRSPHJOOXUALR	InChI=1S/C12H14O4/c1-4-5-8-6-9(13-2)11-12(10(8)14-3)16-7-15-11/h4,6H,1,5,7H2,2-3H3	Apioline	COC1=C2C(=C(C(=C1)CC=C)OC)OCO2	2.70000005	10659	HMDB:(33776);SuperNatural:(SN00000005);ZINC bio:(ZINC00000048);additional;MeSH:(10659);PubMed;NORMAN:(NS00032497);COCONUT:(CNP0170992);KNApSAcK:(2714);Natural Products:(UNPD196228);PubChem:(10659);CHEBI:(70353);PubChem class - bio and metabolites;KEGG:(C10429);PubChem class - safety and toxic;Training Set	87875966
117	1	N/A	-298.39972044126046	C12H14O4	[M + H]+	LIKYNOPXHGPMIH	InChI=1S/C12H14O4/c1-4-5-8-6-9-11(16-7-15-9)12(14-3)10(8)13-2/h4,6H,1,5,7H2,2-3H3	Dillapiol	COC1=C(C2=C(C=C1CC=C)OCO2)OC	2.70000005	10231	HMDB:(30725);PubChem class - food;SuperNatural:(SN00155734);ZINC bio:(ZINC00057585);additional;MeSH:(10231);PubMed;COCONUT:(CNP0319842);KNApSAcK:(2737);Natural Products:(UNPD195027);PubChem:(10231);CHEBI:(70453);PubChem class - bio and metabolites;KEGG:(C10449);PubChem class - safety and toxic;Training Set	221831550
118	1	N/A	-298.91729412217876	C12H14O4	[M + H]+	KJHALSUYGSKPQA	InChI=1S/C12H14O4/c1-7(13)16-12-4-2-3-8-5-10(14)11(15)6-9(8)12/h2-4,10-11,14-15H,5-6H2,1H3	(2,3-dihydroxytetralin-5-yl) acetate	CC(=O)OC1=CC=CC2=C1CC(C(C2)O)O	1.48873365	45108238;53395303;95480100;95480101;95480102	PubChem:(45108238 53395303 95480100 95480101 95480102);PubChem class - safety and toxic	67108866
119	1	N/A	-299.44680746271064	C12H14O4	[M + H]+	VLYREJMJQZGCTP	InChI=1S/C12H14O4/c1-12(10(16-12)11(13)15-3)8-6-4-5-7-9(8)14-2/h4-7,10H,1-3H3	null	CC1(C(O1)C(=O)OC)C2=CC=CC=C2OC	1.5	65918003	PubChem:(65918003);PubChem class - safety and toxic	67108866
120	1	N/A	-300.77266836323656	C12H14O4	[M + H]+	KEIBJMJTHYJQLI	InChI=1S/C12H14O4/c1-12(16,8-14)5-4-10-6-9(7-13)2-3-11(10)15/h2-3,6,13-16H,7-8H2,1H3	null	CC(CO)(C#CC1=C(C=CC(=C1)CO)O)O	-0.300000012	14394292	COCONUT:(CNP0125047);Natural Products:(UNPD22518);PubChem:(14394292);PubMed	2129986
121	1	N/A	-307.7838002504035	C12H14O4	[M + H]+	NEJMNNJFWLVHHF	InChI=1S/C12H14O4/c1-12(2)6-8-9(13)4-7(11(14)15-3)5-10(8)16-12/h4-5,13H,6H2,1-3H3	methyl 4-hydroxy-2,2-dimethyl-3H-1-benzofuran-6-carboxylate	CC1(CC2=C(C=C(C=C2O1)C(=O)OC)O)C	2.0	25067323	PubChem:(25067323);PubChem class - safety and toxic	67108866
122	1	N/A	-309.0599805575713	C12H14O4	[M + H]+	SBWMDDUILBUFJS	InChI=1S/C12H14O4/c1-4-5-8-6-9(13-2)11(14-3)12-10(8)15-7-16-12/h4,6H,1,5,7H2,2-3H3	1,3-Benzodioxole, 4,5-dimethoxy-7-(2-propenyl)-	COC1=C(C2=C(C(=C1)CC=C)OCO2)OC	2.70000005	12558252	COCONUT:(CNP0285158);Natural Products:(UNPD45931);PubChem:(12558252);SuperNatural:(SN00395971)	3178498
123	1	N/A	-310.713785769026	C12H14O4	[M + H]+	RVUBGUZEGNBNED	InChI=1S/C12H14O4/c1-6-9(11(14)15)10-7(13)4-12(2,3)5-8(10)16-6/h4-5H2,1-3H3,(H,14,15)	2,6,6-trimethyl-4-oxo-5,7-dihydro-1-benzofuran-3-carboxylic acid	CC1=C(C2=C(O1)CC(CC2=O)(C)C)C(=O)O	1.89999998	14471244	COCONUT:(CNP0063083 CNP0321412);PubChem:(14471244);SuperNatural:(SN00098132);ZINC bio:(ZINC22126468)	3153922
124	1	N/A	-313.7859665383443	C12H14O4	[M + H]+	BQWKFERJTQPNJF	InChI=1S/C12H14O4/c1-7-4-8(5-14-2)9-6-16-12(13)10(9)11(7)15-3/h4H,5-6H2,1-3H3	null	CC1=CC(=C2COC(=O)C2=C1OC)COC	1.29999995	139584638	PubChem:(139584638);COCONUT:(CNP0352744)	2097154
125	1	N/A	-315.8782829886928	C12H14O4	[M + H]+	BXPNBLFBKXWVDG	InChI=1S/C12H14O4/c13-11(14)6-8-12(15)7-5-9-3-1-2-4-10(9)16-12/h1-4,15H,5-8H2,(H,13,14)	null	C1CC(OC2=CC=CC=C21)(CCC(=O)O)O	1.39999998	67346634	MeSH:(67346634);PubChem:(67346634);PubMed	70
126	1	N/A	-317.2526697617685	C12H14O4	[M + H]+	DLXIQKGNIITZEK	InChI=1S/C12H14O4/c1-4-5-8-9(13-2)6-10-12(11(8)14-3)16-7-15-10/h4,6H,1,5,7H2,2-3H3	null	COC1=C(C(=C2C(=C1)OCO2)OC)CC=C	2.70000005	15699856	COCONUT:(CNP0235947);Natural Products:(UNPD168398);PubChem:(15699856);SuperNatural:(SN00020863);ZINC bio:(ZINC14680042);PubMed	3186754
127	1	N/A	-317.67428665243887	C12H14O4	[M + H]+	GCIFEQYZDROELP	InChI=1S/C12H14O4/c1-15-11-7-8(2-4-10(11)13)6-9-3-5-12(14)16-9/h2,4,7,9,13H,3,5-6H2,1H3	5-[(4-hydroxy-3-methoxyphenyl)methyl]oxolan-2-one	COC1=C(C=CC(=C1)CC2CCC(=O)O2)O	2.07420063	3028410	COCONUT:(CNP0075784);HMDB:(29226);PubChem:(3028410);PubMed	2097226
128	1	N/A	-319.2951379409739	C12H14O4	[M + H]+	BBGDMJGYFNHPDK	InChI=1S/C12H14O4/c1-7(13)11(15)5-12-8-3-2-4-10(14)9(8)6-16-12/h2-4,7,12-14H,5-6H2,1H3	null	CC(C(=O)CC1C2=C(CO1)C(=CC=C2)O)O	0.200000003	38354355;38354363	COCONUT:(CNP0373267);Natural Products:(UNPD203897);PubChem:(38354355 38354363);SuperNatural:(SN00029212 SN00029214 SN00029213 SN00029211);CHEBI:(69694 69695);ZINC bio:(ZINC31161464 ZINC31161468 ZINC31161472 ZINC31161476)	3186722
129	1	N/A	-322.35311997083585	C12H14O4	[M + H]+	GPMIPHAWSKXHCS	InChI=1S/C12H14O4/c1-7(5-8(2)13)10-6-11(15-4)9(3)12(14)16-10/h5-6H,1-4H3	4-methoxy-3-methyl-6-[(E)-4-oxopent-2-en-2-yl]pyran-2-one	CC1=C(C=C(OC1=O)C(=CC(=O)C)C)OC	1.60000002	11413395	COCONUT:(CNP0338313);Natural Products:(UNPD192389);PubChem:(11413395);SuperNatural:(SN00350377)	3178498
130	1	N/A	-323.51505946359725	C12H14O4	[M + H]+	BTUCTWLEHBWHDN	InChI=1S/C12H14O4/c1-4-5-8-9(13-2)6-10(14-3)12-11(8)15-7-16-12/h4,6H,1,5,7H2,2-3H3	null	COC1=CC(=C2C(=C1CC=C)OCO2)OC	2.70000005	10443527	COCONUT:(CNP0341456);Natural Products:(UNPD173765);PubChem:(10443527);SuperNatural:(SN00301647);PubMed	3178562
131	1	N/A	-328.4463164545087	C12H14O4	[M + H]+	KMVYZEIWFKLMPP	InChI=1S/C12H14O4/c1-7(13)5-9-6-8-3-2-4-10(14)11(8)12(15)16-9/h2-4,7,9,13-14H,5-6H2,1H3	null	CC(CC1CC2=C(C(=CC=C2)O)C(=O)O1)O	2.20000005	90960339	COCONUT:(CNP0195613);Natural Products:(UNPD147989);PubChem:(90960339);SuperNatural:(SN00253280);PubMed	3178562
132	1	N/A	-330.547124387197	C12H14O4	[M + H]+	IMUDJPJBCPARAW	InChI=1S/C12H14O4/c1-7(13)2-5-11-10-6-8(14)3-4-9(10)12(15)16-11/h3-4,6-7,11,13-14H,2,5H2,1H3	null	CC(CCC1C2=C(C=CC(=C2)O)C(=O)O1)O	1.92009628	102321598	COCONUT:(CNP0247741);Natural Products:(UNPD197863);PubChem:(102321598)	2129922
133	1	N/A	-331.5486970153046	C12H14O4	[M + H]+	AIOYRQGGEZEEPI	InChI=1S/C12H14O4/c1-12(14,7-13)11-5-8-3-4-9(15-2)6-10(8)16-11/h3-6,13-14H,7H2,1-2H3	null	CC(CO)(C1=CC2=C(O1)C=C(C=C2)OC)O	1.47972739	""	COCONUT:(CNP0127383);Natural Products:(UNPD57917);SuperNatural:(SN00399190)	3178496
134	1	N/A	-332.0745480201419	C12H14O4	[M + H]+	XANBXQAFBJDNNB	InChI=1S/C12H14O4/c1-7-4-8-5-9(14-2)6-10(15-3)11(8)12(13)16-7/h5-7H,4H2,1-3H3	6,8-DMD-isocoumarin	CC1CC2=C(C(=CC(=C2)OC)OC)C(=O)O1	2.20000005	5743657;10536991;10331124	COCONUT:(CNP0312057);Natural Products:(UNPD11091);PubChem:(5743657 10536991 10331124);SuperNatural:(SN00372120);MeSH:(5743657);PubMed;KEGG Mine	8593113158
135	1	N/A	-334.2466964236258	C12H14O4	[M + H]+	CEZQHDADSGTTOP	InChI=1S/C12H14O4/c1-15-11-4-2-8(7-10(11)13)6-9-3-5-12(14)16-9/h2,4,7,9,13H,3,5-6H2,1H3	2(3H)-Furanone, dihydro-5-[(3-hydroxy-4-methoxyphenyl)methyl]-	COC1=C(C=C(C=C1)CC2CCC(=O)O2)O	1.79999995	44389510	HMDB:(127824);PubChem:(44389510);PubMed;PubChem class - bio and metabolites	16777290
136	1	N/A	-334.6520658742325	C12H14O4	[M + H]+	UPTYIXWDMPCKFE	InChI=1S/C12H14O4/c1-2-7(13)6-10-8-4-3-5-9(14)11(8)12(15)16-10/h3-5,7,10,13-14H,2,6H2,1H3	null	CCC(CC1C2=C(C(=CC=C2)O)C(=O)O1)O	2.20000005	129882091;139586034	PubChem:(129882091 139586034);COCONUT:(CNP0354069)	2097154
137	1	N/A	-336.45716024486114	C12H14O4	[M + H]+	RXWLBXTZYXRODO	InChI=1S/C12H14O4/c1-15-9-3-4-10(16-2)11-8(9)5-7(6-13)12(11)14/h3-4,7,13H,5-6H2,1-2H3	null	COC1=C2CC(C(=O)C2=C(C=C1)OC)CO	1.43342209	""	COCONUT:(CNP0047483);SuperNatural:(SN00137652 SN00137653)	3145728
138	1	N/A	-339.9645859465459	C12H14O4	[M + H]+	NMAKQSXJWYBYRF	InChI=1S/C12H14O4/c1-7(2)3-4-8-5-9(12(15)16)6-10(13)11(8)14/h3,5-6,13-14H,4H2,1-2H3,(H,15,16)	null	CC(=CCC1=C(C(=CC(=C1)C(=O)O)O)O)C	2.70000005	57339268;57339269	COCONUT:(CNP0225571);HMDB:(135906);Natural Products:(UNPD64250);PubChem:(57339268 57339269);SuperNatural:(SN00272002);CHEBI:(64921 64694);PubChem class - bio and metabolites;KEGG Mine	8609890346
139	1	N/A	-345.48532414267123	C12H14O4	[M + H]+	XHYNCDRUCNAFEB	InChI=1S/C12H14O4/c1-7-9(6-12(14)16-7)8-3-4-10(13)11(5-8)15-2/h3-5,7,9,13H,6H2,1-2H3	Curculactone A	CC1C(CC(=O)O1)C2=CC(=C(C=C2)O)OC	1.60000002	53317011	MeSH:(53317011);PubChem:(53317011);PubMed	70
140	1	N/A	-347.1452862640885	C12H14O4	[M + H]+	JYXVFFDYMJVWCP	InChI=1S/C12H14O4/c1-7-6-8-4-5-9(14-2)11(15-3)10(8)12(13)16-7/h4-5,7H,6H2,1-3H3	1H-2-Benzopyran-1-one, 3,4-dihydro-7,8-dimethoxy-3-methyl-	CC1CC2=C(C(=C(C=C2)OC)OC)C(=O)O1	2.20000005	15677558	COCONUT:(CNP0214455);Natural Products:(UNPD15385);PubChem:(15677558);SuperNatural:(SN00276260)	3178498
141	1	N/A	-349.7280478477661	C12H14O4	[M + H]+	WOPKZRHXULYHMT	InChI=1S/C12H14O4/c1-7-11(6-12(14)16-7)8-3-9(13)5-10(4-8)15-2/h3-5,7,11,13H,6H2,1-2H3	Curculactone B	CC1C(CC(=O)O1)C2=CC(=CC(=C2)OC)O	1.60000002	53324913	MeSH:(53324913);PubChem:(53324913);PubMed	70
142	1	N/A	-353.0965787362794	C12H14O4	[M + H]+	WAYMAQYXINVUDB	InChI=1S/C12H14O4/c1-14-10-6-8-7(4-5-9(8)13)11(15-2)12(10)16-3/h6H,4-5H2,1-3H3	4,5,6-trimethoxy-2,3-dihydro-1H-inden-1-one	COC1=C(C(=C2CCC(=O)C2=C1)OC)OC	1.60000002	19021700	COCONUT:(CNP0246461);PubChem:(19021700);SuperNatural:(SN00134379);ZINC bio:(ZINC19865705)	3153922
143	1	N/A	-355.1106122289153	C12H14O4	[M + H]+	SIGIFLFHWBFSEM	InChI=1S/C12H14O4/c1-8(13)12(15)6-5-9-3-2-4-11(14)10(9)7-16-12/h2-6,8,13-15H,7H2,1H3	null	CC(C1(C=CC2=C(CO1)C(=CC=C2)O)O)O	1.02362657	""	COCONUT:(CNP0116976);Natural Products:(UNPD106787);SuperNatural:(SN00366164)	3178496
144	1	N/A	-355.4869428474445	C12H14O4	[M + H]+	SJPHNOVSXSGUAF	InChI=1S/C12H14O4/c1-12(2,15)10-6-8-5-7(11(13)14)3-4-9(8)16-10/h3-5,10,15H,6H2,1-2H3,(H,13,14)	null	CC(C)(C1CC2=C(O1)C=CC(=C2)C(=O)O)O	1.5	101417744;101455854	COCONUT:(CNP0389674);Natural Products:(UNPD132456 UNPD203588);PubChem:(101417744 101455854);SuperNatural:(SN00301396)	3178498
145	1	N/A	-356.15497536654505	C12H14O4	[M + H]+	GQMRLYSXCICRFW	InChI=1S/C12H14O4/c1-14-9-6-7-4-5-8(13)10(7)12(16-3)11(9)15-2/h6H,4-5H2,1-3H3	Maybridge1_004149	COC1=C(C(=C2C(=C1)CCC2=O)OC)OC	1.60000002	610210	COCONUT:(CNP0086254);PubChem:(610210);PubMed	2097218
146	1	N/A	-364.1080160037297	C12H14O4	[M + H]+	FTOBXGMWCGITQF	InChI=1S/C12H14O4/c1-12(2)10(16-12)6-8-5-7(11(14)15)3-4-9(8)13/h3-5,10,13H,6H2,1-2H3,(H,14,15)	null	CC1(C(O1)CC2=C(C=CC(=C2)C(=O)O)O)C	1.70000005	131839382	HMDB:(135904);PubChem:(131839382);KEGG Mine;PubChem class - bio and metabolites	8606711818
147	1	N/A	-375.20726055753215	C12H14O4	[M + H]+	RKKMWSKMQXWDAI	InChI=1S/C12H14O4/c1-5-6(2)9-8(10(13)7(5)3)11(14)16-12(9,4)15/h13,15H,1-4H3	null	CC1=C(C2=C(C(=C1C)O)C(=O)OC2(C)O)C	2.29999995	12315414	COCONUT:(CNP0196349);Natural Products:(UNPD100043);PubChem:(12315414);SuperNatural:(SN00284579)	3178498
148	1	N/A	-376.84234425748997	C12H14O4	[M + H]+	VGIKIXGNPGVZPT	InChI=1S/C12H14O4/c1-6(2)10-9(14)5-7(3)11(15)12(10)16-8(4)13/h5-6H,1-4H3	2,5-Cyclohexadiene-1,4-dione, 3-(acetyloxy)-5-methyl-2-(1-methylethyl)-	CC1=CC(=O)C(=C(C1=O)OC(=O)C)C(C)C	1.5	14287135	COCONUT:(CNP0231684);Natural Products:(UNPD110057);PubChem:(14287135)	2129922
149	1	N/A	-377.02114524462075	C12H14O4	[M + H]+	NKBUOKRVRGFIDM	InChI=1S/C12H14O4/c1-6-7(2)16-12(15)10-9(6)4-3-8(5-13)11(10)14/h3-4,6-7,13-14H,5H2,1-2H3	null	CC1C(OC(=O)C2=C1C=CC(=C2O)CO)C	1.89999998	101630976;101417726	COCONUT:(CNP0279660);Natural Products:(UNPD150021);PubChem:(101630976 101417726);SuperNatural:(SN00352150)	3178498
150	1	N/A	-377.6400265230449	C12H14O4	[M + H]+	YTGHSHJESKKQEY	InChI=1S/C12H14O4/c1-12(2)11(14)10(13)8-6-7(15-3)4-5-9(8)16-12/h4-6,11,14H,1-3H3	(3R)-3-hydroxy-6-methoxy-2,2-dimethyl-3H-chromen-4-one	CC1(C(C(=O)C2=C(O1)C=CC(=C2)OC)O)C	1.39999998	11321999;72800869;131392537	COCONUT:(CNP0002414);HMDB:(41379);PubChem:(11321999 72800869 131392537);PubMed;PubChem class - bio and metabolites	18874442
151	1	N/A	-379.377754218096	C12H14O4	[M + H]+	PLTMWDJLYFXKEE	InChI=1S/C12H14O4/c1-15-12(14)11-6-5-9(16-11)7-8-3-2-4-10(8)13/h5-6,8H,2-4,7H2,1H3	methyl 5-[(2-oxocyclopentyl)methyl]furan-2-carboxylate	COC(=O)C1=CC=C(O1)CC2CCCC2=O	1.70000005	805526;805527;2910009	COCONUT:(CNP0351229);PubChem:(805526 805527 2910009);SuperNatural:(SN00044852 SN00044853);ZINC bio:(ZINC00315007 ZINC00315009)	3153922
152	1	N/A	-379.7484794154861	C12H14O4	[M + H]+	ZDIRIHZRWYAAEV	InChI=1S/C12H14O4/c1-6-4-8-7(2)9(13)5-10(15-3)11(8)12(14)16-6/h5-6,13H,4H2,1-3H3	null	CC1CC2=C(C(=CC(=C2C(=O)O1)OC)O)C	2.20000005	14582207;14582208	COCONUT:(CNP0218361);Natural Products:(UNPD184380);PubChem:(14582207 14582208);SuperNatural:(SN00387900)	3178498
153	1	N/A	-380.45971416392683	C12H14O4	[M + H]+	NFOLCIKUKLTTDV	InChI=1S/C12H14O4/c1-12(15,7-14)11-5-9-4-8(6-13)2-3-10(9)16-11/h2-4,6,11,14-15H,5,7H2,1H3	null	CC(CO)(C1CC2=C(O1)C=CC(=C2)C=O)O	0.300000012	14165213	COCONUT:(CNP0399950);Natural Products:(UNPD137932);PubChem:(14165213);SuperNatural:(SN00240930);ZINC bio:(ZINC13461687 ZINC13461689 ZINC13461691 ZINC13461693)	3186690
154	1	N/A	-381.3352619385747	C12H14O4	[M + H]+	GWGQJCWWKYBQJW	InChI=1S/C12H14O4/c1-7-4-9(13)12-10(15-3)5-8(14-2)6-11(12)16-7/h5-7H,4H2,1-3H3	null	CC1CC(=O)C2=C(O1)C=C(C=C2OC)OC	1.79999995	15674965;101717805	COCONUT:(CNP0344152);Natural Products:(UNPD86207);PubChem:(15674965 101717805);SuperNatural:(SN00395063)	3178498
155	1	N/A	-384.20267496662933	C12H14O4	[M + H]+	SBXQRIDZIXLNSM	InChI=1S/C12H14O4/c1-12(2)6-9(14)11-8(13)4-7(15-3)5-10(11)16-12/h4-5,13H,6H2,1-3H3	Ambcb7790626	CC1(CC(=O)C2=C(C=C(C=C2O1)OC)O)C	2.20000005	573572	COCONUT:(CNP0208339);PubChem:(573572);SuperNatural:(SN00048008);PubMed;ZINC bio:(ZINC00609230)	3153986
156	1	N/A	-390.0890882982662	C12H14O4	[M + H]+	VWPDGYAHZLEFCQ	InChI=1S/C12H14O4/c1-12(2)6-9(14)7-4-11(15-3)8(13)5-10(7)16-12/h4-5,13H,6H2,1-3H3	null	CC1(CC(=O)C2=CC(=C(C=C2O1)O)OC)C	1.60000002	11085379	COCONUT:(CNP0203587);Natural Products:(UNPD102782);PubChem:(11085379);SuperNatural:(SN00356262);ZINC bio:(ZINC13459405)	3186690
157	1	N/A	-394.0678867693778	C12H14O4	[M + H]+	OBSGEDWYLWRNBD	InChI=1S/C12H14O4/c1-6-4-8-7(2)10(15-3)5-9(13)11(8)12(14)16-6/h5-6,13H,4H2,1-3H3	null	CC1CC2=C(C(=CC(=C2C)OC)O)C(=O)O1	2.79999995	101417725;124351009;124351010	COCONUT:(CNP0107615);Natural Products:(UNPD146206);PubChem:(101417725 124351009 124351010);KEGG Mine	8592064514
158	1	N/A	-397.07151641504106	C12H14O4	[M + H]+	CJYYHIQJJHOGBG	InChI=1S/C12H14O4/c1-3-4-8-6-10-11(12(14)16-8)9(13)5-7(2)15-10/h3-4,6-7,9,13H,5H2,1-2H3	null	CC=CC1=CC2=C(C(CC(O2)C)O)C(=O)O1	1.20000005	102115513;101417836	COCONUT:(CNP0228543);Natural Products:(UNPD195497);PubChem:(102115513 101417836);SuperNatural:(SN00373637)	3178498
159	1	N/A	-398.9573799723616	C12H14O4	[M + H]+	ZDFOMFPCBOUZSD	InChI=1S/C12H14O4/c1-6-10(16-2)5-7-8(13)3-4-9(14)11(7)12(6)15/h5,8,13,15H,3-4H2,1-2H3	null	CC1=C(C=C2C(CCC(=O)C2=C1O)O)OC	1.39999998	10353484	COCONUT:(CNP0106274);Natural Products:(UNPD42856);PubChem:(10353484);SuperNatural:(SN00241674)	3178498
160	1	N/A	-401.43903180742103	C12H14O4	[M + H]+	HDKWMJBKSLIKEN	InChI=1S/C12H14O4/c1-5-4-8-11(15)10(14)7(3)16-12(8)6(2)9(5)13/h4,7,10,13-14H,1-3H3	null	CC1C(C(=O)C2=C(O1)C(=C(C(=C2)C)O)C)O	1.60000002	52953426	COCONUT:(CNP0264650);Natural Products:(UNPD200889);PubChem:(52953426)	2129922
161	1	N/A	-403.7966052009868	C12H14O4	[M + H]+	PPEPKULENIXILK	InChI=1S/C12H14O4/c1-5-7(3)16-12(15)11-9(14)4-8(13)6(2)10(5)11/h4-5,7,13-14H,1-3H3	null	CC1C(OC(=O)C2=C(C=C(C(=C12)C)O)O)C	2.79999995	101304431;101786840;101405164	COCONUT:(CNP0422537);Natural Products:(UNPD56363 UNPD74010);PubChem:(101304431 101786840 101405164);SuperNatural:(SN00336950 SN00346502);PubMed	3178562
162	1	N/A	-405.64413665070254	C12H14O4	[M + H]+	XZGKIAFWYRPETG	InChI=1S/C12H14O4/c1-12(16)7(6-13)5-10(15)11-8(12)3-2-4-9(11)14/h2-4,7,13-14,16H,5-6H2,1H3	(3S,4S)-4,8-dihydroxy-3-(hydroxymethyl)-4-methyl-2,3-dihydronaphthalen-1-one	CC1(C(CC(=O)C2=C1C=CC=C2O)CO)O	1.10000002	11586597;73020727;101387173;139583490	COCONUT:(CNP0144678);PubChem:(11586597 73020727 101387173 139583490);PubMed	2097218
163	1	N/A	-411.5533392744731	C12H14O4	[M + H]+	MKIQLENCKKWIHW	InChI=1S/C12H14O4/c13-8-2-4-10(14)9(6-8)7-1-3-11(15)12(16)5-7/h1,3,5,9-10,14-16H,2,4,6H2	null	C1CC(=O)CC(C1O)C2=CC(=C(C=C2)O)O	1.05017197	""	COCONUT:(CNP0212634);Natural Products:(UNPD205062)	2129920
164	1	N/A	-412.37269500260396	C12H14O4	[M + H]+	LKLJXWDGEQKJPN	InChI=1S/C12H14O4/c1-12(2)6-9(14)7-4-8(13)11(15-3)5-10(7)16-12/h4-5,13H,6H2,1-3H3	null	CC1(CC(=O)C2=CC(=C(C=C2O1)OC)O)C	1.60000002	12637720	COCONUT:(CNP0109716);Natural Products:(UNPD127551);PubChem:(12637720);SuperNatural:(SN00290070);ZINC bio:(ZINC13459407)	3186690
165	1	N/A	-412.46235807751077	C12H14O4	[M + H]+	JDOPMTLEFYDNNZ	InChI=1S/C12H14O4/c1-4-5-8(2)12(14)16-11-9(3)15-7-6-10(11)13/h5-7H,4H2,1-3H3	2-Methyl-4-oxo-4H-pyran-3-yl 2-methyl-pent-2-en-1-oate	CCC=C(C)C(=O)OC1=C(OC=CC1=O)C	2.0999999	16206045;53424699	PubChem:(16206045 53424699);NORMAN:(NS00040224)	262146
166	1	N/A	-414.80608969101417	C12H14O4	[M + H]+	ZPQUKKQFTDITFH	InChI=1S/C12H14O4/c1-7-6-9-8(4-5-13)2-3-10(14)11(9)12(15)16-7/h2-3,7,13-14H,4-6H2,1H3	null	CC1CC2=C(C=CC(=C2C(=O)O1)O)CCO	2.0	14807794;14807795	COCONUT:(CNP0310513);Natural Products:(UNPD68431);PubChem:(14807794 14807795);SuperNatural:(SN00275175)	3178498
167	1	N/A	-417.76934800472714	C12H14O4	[M + H]+	ZBTYTGOHWKPJPL	InChI=1S/C12H14O4/c1-12(7-13)6-5-8-10(16-12)4-3-9(14)11(8)15-2/h3-6,13-14H,7H2,1-2H3	null	CC1(C=CC2=C(O1)C=CC(=C2OC)O)CO	1.39999998	91478499;102285277	COCONUT:(CNP0246992);Natural Products:(UNPD185229);PubChem:(91478499 102285277);PubMed	2129986
168	1	N/A	-418.73028430586425	C12H14O4	[M + H]+	WWSWVMRYHCEPFK	InChI=1S/C12H14O4/c1-5-7(3)16-12(15)10-8(5)4-9(13)6(2)11(10)14/h4-5,7,13-14H,1-3H3	null	CC1C(OC(=O)C2=C(C(=C(C=C12)O)C)O)C	2.79999995	44632078;102595352	COCONUT:(CNP0272890);Natural Products:(UNPD197358 UNPD176676);PubChem:(44632078 102595352);SuperNatural:(SN00392535)	3178498
169	1	N/A	-419.5046323609427	C12H14O4	[M + H]+	XYNBKIVTFGGLMN	InChI=1S/C12H14O4/c1-7(2)3-4-12-6-8(10(13)14)5-9(12)16-11(12)15/h3,6,9H,4-5H2,1-2H3,(H,13,14)	null	CC(=CCC12C=C(CC1OC2=O)C(=O)O)C	1.79999995	72708615	PubChem:(72708615);COCONUT:(CNP0357680)	2097154
170	1	N/A	-419.88494550181923	C12H14O4	[M + H]+	QTMNSNQNVBIAJF	InChI=1S/C12H14O4/c1-2-3-4-9-10-7(13)5-6-8(14)11(10)12(15)16-9/h5-6,9,13-14H,2-4H2,1H3	3-butyl-4,7-dihydroxy-3H-2-benzofuran-1-one	CCCCC1C2=C(C=CC(=C2C(=O)O1)O)O	3.0	5316756	COCONUT:(CNP0293895);Natural Products:(UNPD163623);PubChem:(5316756);SuperNatural:(SN00320132);PubMed	3178562
171	1	N/A	-421.1361317716942	C12H14O4	[M + H]+	NQVZUYJZFVVHKX	InChI=1S/C12H14O4/c1-4-12(3)7-5-8(13)6(2)10(14)9(7)11(15)16-12/h5,13-14H,4H2,1-3H3	1(3H)-Isobenzofuranone, 3-ethyl-5,7-dihydroxy-3,6-dimethyl-	CCC1(C2=CC(=C(C(=C2C(=O)O1)O)C)O)C	2.70000005	14131421	COCONUT:(CNP0285064);Natural Products:(UNPD131875);PubChem:(14131421);SuperNatural:(SN00395243);ZINC bio:(ZINC15204906 ZINC15204907)	3186690
172	1	N/A	-421.61130870919607	C12H14O4	[M + H]+	QCSZJTQLDKTFCT	InChI=1S/C12H14O4/c1-2-3-7-6-8-9(13)4-5-10(14)11(8)12(15)16-7/h4-5,7,13-14H,2-3,6H2,1H3	null	CCCC1CC2=C(C=CC(=C2C(=O)O1)O)O	3.0	25227719;101890350	COCONUT:(CNP0212579);Natural Products:(UNPD1704);PubChem:(25227719 101890350);SuperNatural:(SN00316910)	3178498
173	1	N/A	-424.5688563161661	C12H14O4	[M + H]+	YXPGSWNIQAUNJR	InChI=1S/C12H14O4/c1-6-7(13)4-9-10(11(6)15)8(14)5-12(2,3)16-9/h4,13,15H,5H2,1-3H3	null	CC1=C(C2=C(C=C1O)OC(CC2=O)(C)C)O	2.20000005	101357041	COCONUT:(CNP0137242);Natural Products:(UNPD195002);PubChem:(101357041);SuperNatural:(SN00233376)	3178498
174	1	N/A	-427.92072361109757	C12H14O4	[M + H]+	QMRKBQDMSRODGM	InChI=1S/C12H14O4/c1-2-3-8-6-7-4-5-9(13)11(14)10(7)12(15)16-8/h4-5,8,13-14H,2-3,6H2,1H3	null	CCCC1CC2=C(C(=C(C=C2)O)O)C(=O)O1	3.0	25227720	COCONUT:(CNP0156035);Natural Products:(UNPD176013);PubChem:(25227720);SuperNatural:(SN00287693)	3178498
175	1	N/A	-429.3462904366805	C12H14O4	[M + H]+	LBKKWDZRPZHFNQ	InChI=1S/C12H14O4/c1-6-4-9(15-3)11(13)10-8(6)5-7(2)16-12(10)14/h4,7,13H,5H2,1-3H3	8-Hydroxy-7-methoxy-3,5-dimethyl-isochroman-1-one	CC1CC2=C(C(=C(C=C2C)OC)O)C(=O)O1	2.79999995	637303;11790777;92449300	COCONUT:(CNP0359836);Natural Products:(UNPD37451);PubChem:(637303 11790777 92449300);SuperNatural:(SN00340488)	3178498
176	1	N/A	-434.5470512256534	C12H14O4	[M + H]+	LUROOFSVNUUOCG	InChI=1S/C12H14O4/c1-6-4-9-10(7(2)5-15-9)11(14)12(6)16-8(3)13/h5-6,12H,4H2,1-3H3	[(5S,6S)-3,6-dimethyl-4-oxo-6,7-dihydro-5H-1-benzofuran-5-yl] acetate	CC1CC2=C(C(=CO2)C)C(=O)C1OC(=O)C	1.89999998	14163447	COCONUT:(CNP0275021);Natural Products:(UNPD146481);PubChem:(14163447);SuperNatural:(SN00365893)	3178498
177	1	N/A	-436.6265376408433	C12H14O4	[M + H]+	VYUXCMNBSLJEAW	InChI=1S/C12H14O4/c1-6-5-9(7(2)13)10-11(14-4)8(3)16-12(10)15-6/h5,12H,1-4H3	null	CC1=CC(=C2C(O1)OC(=C2OC)C)C(=O)C	0.899999976	132940965;139586037	PubChem:(132940965 139586037);COCONUT:(CNP0355823)	2097154
178	1	N/A	-444.2710834806006	C12H14O4	[M + H]+	PJAZMXDMTZUGJC	InChI=1S/C12H14O4/c1-6-10(14)8-4-3-7(13)5-9(8)11(15)12(6,2)16/h3-6,10,13-14,16H,1-2H3	null	CC1C(C2=C(C=C(C=C2)O)C(=O)C1(C)O)O	0.600000024	101417835;139587810	COCONUT:(CNP0243169);Natural Products:(UNPD109625 UNPD161860 UNPD154764);PubChem:(101417835 139587810);SuperNatural:(SN00272729 SN00231485)	3178498
179	1	N/A	-449.93232970200506	C12H14O4	[M + H]+	VRGDKEJODCLSBA	InChI=1S/C12H14O4/c1-5-3-7-10(11(15)6(5)2)8(13)4-9(14)12(7)16/h3,9,12,14-16H,4H2,1-2H3	null	CC1=CC2=C(C(=O)CC(C2O)O)C(=C1C)O	0.899999976	122209044	PubChem:(122209044);COCONUT:(CNP0165039)	2097154
180	1	N/A	-452.4947076197987	C12H14O4	[M + H]+	GYXLUSUKKWRTDJ	InChI=1S/C12H14O4/c1-2-6-10(15)5-7-8(13)3-4-9(14)11(7)12(6)16/h5,8,13,15-16H,2-4H2,1H3	Asparvenone	CCC1=C(C=C2C(CCC(=O)C2=C1O)O)O	1.5	194018;21126187	COCONUT:(CNP0159049);Natural Products:(UNPD30938 UNPD48429);PubChem:(194018 21126187);SuperNatural:(SN00254300 SN00350769);MeSH:(194018);PubMed	3178566
181	1	N/A	-460.06657242781125	C12H14O4	[M + H]+	UGROTEPUQKOPNU	InChI=1S/C12H14O4/c1-2-5-10(13)12(15)9-7-4-3-6-8(9)11(14)16-12/h3,6,15H,2,4-5,7H2,1H3	1(3H)-Isobenzofuranone, 4,5-dihydro-3-hydroxy-3-(1-oxobutyl)-	CCCC(=O)C1(C2=C(C=CCC2)C(=O)O1)O	0.899999976	11264524	COCONUT:(CNP0239876);Natural Products:(UNPD145684 UNPD39549);PubChem:(11264524);SuperNatural:(SN00158323 SN00315848)	3178498
182	1	N/A	-464.5016257173555	C12H14O4	[M + H]+	MDVVLGWXQJTHLW	InChI=1S/C12H14O4/c1-5-4-8(13)9-11(15)6(2)10(14)7(3)12(9)16-5/h5,14-15H,4H2,1-3H3	5,7-dihydroxy-2,6,8-trimethyl-2,3-dihydrochromen-4-one	CC1CC(=O)C2=C(C(=C(C(=C2O1)C)O)C)O	2.4000001	5316707	COCONUT:(CNP0173631);Natural Products:(UNPD127677);PubChem:(5316707);SuperNatural:(SN00159384)	3178498
183	1	N/A	-471.0672209166123	C12H14O4	[M + H]+	RJLGVWYEZQYNKN	InChI=1S/C12H14O4/c1-3-7-8(13)5-10(15)11-9(14)4-6(2)16-12(7)11/h5-6,13,15H,3-4H2,1-2H3	null	CCC1=C2C(=C(C=C1O)O)C(=O)CC(O2)C	2.4000001	24011601;74202867	COCONUT:(CNP0158211);Natural Products:(UNPD195333);PubChem:(24011601 74202867);SuperNatural:(SN00382262)	3178498
184	1	N/A	-489.1133062854205	C12H14O4	[M + H]+	JVUYBLROBHJEJN	InChI=1S/C12H14O4/c1-6-4-8-7(2)10(13)12(3,15)11(14)9(8)5-16-6/h4-5,11,14-15H,1-3H3	null	CC1=CC2=C(C(=O)C(C(C2=CO1)O)(C)O)C	-0.5	57509475;76551322;133562542	COCONUT:(CNP0207051);HMDB:(31668);Natural Products:(UNPD142720);PubChem:(57509475 76551322 133562542);SuperNatural:(SN00036699);ZINC bio:(ZINC13460178);additional;PubChem class - bio and metabolites;Training Set	20504586
185	1	N/A	-538.292818974086	C12H14O4	[M + H]+	XNXITGULJNHNOT	InChI=1S/C12H14O4/c1-12-3-2-7(16-12)4-6-5-8(13)10(14)11(15)9(6)12/h5,7,13-15H,2-4H2,1H3	null	CC12CCC(O1)CC3=CC(=C(C(=C23)O)O)O	1.29999995	102333916	MeSH:(102333916);PubChem:(102333916);PubMed	70