structureRankPerFormula	formulaRank	ConfidenceScore	CSI:FingerIDScore	molecularFormula	adduct	InChIkey2D	InChI	name	smiles	xlogp	pubchemids	links	dbflags
1	1	N/A	-220.20677179475152	C27H34O	[M + H]+	GTBFQOGSRWBGDY	InChI=1S/C27H34O/c1-24(2)21-11-13-27-15-14-25(3,18-27)12-10-22(27)26(21,4)17-20(23(24)28)16-19-8-6-5-7-9-19/h5-9,14-16,21-22H,10-13,17-18H2,1-4H3	null	CC1(C2CCC34CC(CCC3C2(CC(=CC5=CC=CC=C5)C1=O)C)(C=C4)C)C	6.73599386	""	COCONUT:(CNP0385372);Natural Products:(UNPD145277);SuperNatural:(SN00400753)	3178496
2	1	N/A	-275.7866836810119	C27H34O	[M + H]+	TXVOZZXWSDXOCP	InChI=1S/C27H34O/c1-3-4-5-6-13-21-27(28-23-26-18-11-8-12-19-26)22-24(2)15-14-20-25-16-9-7-10-17-25/h7-12,15-19,27H,3-6,14,20,22-23H2,1-2H3	null	CCCCCC#CC(CC(=CCCC1=CC=CC=C1)C)OCC2=CC=CC=C2	8.10000038	101768758;134887224	MeSH:(101768758);PubChem:(101768758 134887224);PubMed	70
1	1	0.18240360472113898	-162.74325588239776	C27H36O2	[M - H2O + H]+	VIAXZJZCXWZOOV	InChI=1S/C27H36O2/c1-21(11-7-8-12-22(2)17-19-26(28)29)13-9-14-23(3)16-18-25-24(4)15-10-20-27(25,5)6/h7-9,11-14,16-19H,10,15,20H2,1-6H3,(H,28,29)	null	CC1=C(C(CCC1)(C)C)C=CC(=CC=CC(=CC=CC=C(C)C=CC(=O)O)C)C	7.05723143	87442809	COCONUT:(CNP0282473);Natural Products:(UNPD164844);PubChem:(87442809);SuperNatural:(SN00387263)	3178498
2	1	N/A	-164.54880400937293	C27H36O2	[M - H2O + H]+	LZYLYVQWNIUJNH	InChI=1S/C27H36O2/c1-25-14-11-21(28)18-20(25)8-9-22-23(25)12-15-26(2)24(22)13-17-27(26,29)16-10-19-6-4-3-5-7-19/h3-7,20-24,28-29H,8-9,11-15,17-18H2,1-2H3	10,13-dimethyl-17-(2-phenylethynyl)-1,2,3,4,5,6,7,8,9,11,12,14,15,16-tetradecahydrocyclopenta[a]phenanthrene-3,17-diol	CC12CCC(CC1CCC3C2CCC4(C3CCC4(C#CC5=CC=CC=C5)O)C)O	5.9000001	2748271;3980036;11868213;11868214;11868215;11868216;11868512;11868513;11868514;11868515;21779023;99566396;99566397;99566398;99566399;99566415;99566416;99566417;99566418;124768092;124768093;124916736;124916737;124917257;124350850	COCONUT:(CNP0363782);PubChem:(2748271 3980036 11868213 11868214 11868215 11868216 11868512 11868513 11868514 11868515 21779023 99566396 99566397 99566398 99566399 99566415 99566416 99566417 99566418 124768092 124768093 124916736 124916737 124917257 124350850);ZINC bio:(ZINC03844134 ZINC03844135 ZINC03844136 ZINC03844137 ZINC03846853 ZINC03846854 ZINC03846855 ZINC03846856)	2105346
3	1	N/A	-165.98785806198106	C27H36O2	[M - H2O + H]+	HQPQTQQUHPFUOA	InChI=1S/C27H36O2/c1-21(11-7-8-12-22(2)15-10-18-28)13-9-14-23(3)16-17-26-24(4)19-25(29)20-27(26,5)6/h7-18,25,29H,19-20H2,1-6H3	null	CC1=C(C(CC(C1)O)(C)C)C=CC(=CC=CC(=CC=CC=C(C)C=CC=O)C)C	7.0999999	87443544;101716225	COCONUT:(CNP0244029);HMDB:(39019);KNApSAcK:(22185);Natural Products:(UNPD3234);PubChem:(87443544 101716225);SuperNatural:(SN00314567);YMDB Mine;PubChem class - bio and metabolites;KEGG Mine	42969628698
4	1	N/A	-184.20919581229364	C27H36O2	[M - H2O + H]+	BYCCROCAWYNZBN	InChI=1S/C27H36O2/c1-22(2)12-9-15-24(4)17-11-19-25(5)18-10-16-23(3)13-7-8-14-26(6)20-21-27(28)29/h7-8,10-14,16-21H,9,15H2,1-6H3,(H,28,29)	(2E,4E,6E,8E,10E,12E,14E,16E)-4,9,13,17,21-pentamethyldocosa-2,4,6,8,10,12,14,16,20-nonaenoic acid	CC(=CCCC(=CC=CC(=CC=CC(=CC=CC=C(C)C=CC(=O)O)C)C)C)C	9.5	13940467;73189120	COCONUT:(CNP0142555);MeSH:(13940467);Natural Products:(UNPD189035);PubChem:(13940467 73189120);PubMed	2129990
5	1	N/A	-189.60791780975242	C27H36O2	[M - H2O + H]+	CZJKYXNFNXCGTA	InChI=1S/C27H36O2/c1-24-11-7-12-25(2,23(28)29-16-18-8-5-4-6-9-18)21(24)10-13-27-15-20-19(14-22(24)27)26(20,3)17-27/h4-6,8-9,19-22H,7,10-17H2,1-3H3	null	CC12CCCC(C1CCC34C2CC5C(C3)C5(C4)C)(C)C(=O)OCC6=CC=CC=C6	7.4000001	11596321;23281040;101769674	PubChem:(11596321 23281040 101769674);COCONUT:(CNP0392897)	2097154
6	1	N/A	-238.02248702802672	C27H36O2	[M - H2O + H]+	COLYSLCNGKYMCR	InChI=1S/C27H36O2/c1-24(2)14-26(5,6)20-12-22(28)16(10-18(20)24)9-17-11-19-21(13-23(17)29)27(7,8)15-25(19,3)4/h10-13,28-29H,9,14-15H2,1-8H3	6,6''-Methylenebis(1,1,3,3-tetramethylindan-5-ol)	CC1(CC(C2=C1C=C(C(=C2)O)CC3=CC4=C(C=C3O)C(CC4(C)C)(C)C)(C)C)C	8.30000019	6453050	PubChem:(6453050);NORMAN:(NS00033163)	262146
7	1	N/A	-242.33192363693573	C27H36O2	[M - H2O + H]+	AKNMPWVTPUHKCG	InChI=1S/C27H36O2/c1-18-13-22(26(28)24(15-18)20-9-5-3-6-10-20)17-23-14-19(2)16-25(27(23)29)21-11-7-4-8-12-21/h13-16,20-21,28-29H,3-12,17H2,1-2H3	Vulkanox ZKF	CC1=CC(=C(C(=C1)C2CCCCC2)O)CC3=C(C(=CC(=C3)C)C4CCCCC4)O	8.89999962	77681	NORMAN:(NS00020645);PubChem class - safety and toxic;PubChem:(77681)	67371010
8	1	N/A	-244.545584817109	C27H36O2	[M - H2O + H]+	IWQWRFCCDBDLGY	InChI=1S/C27H36O2/c1-3-5-6-8-22-11-19-26(20-12-22)29-27(28)25-17-15-24(16-18-25)23-13-9-21(7-4-2)10-14-23/h11-12,15-21,23H,3-10,13-14H2,1-2H3	(4-pentylphenyl) 4-(4-propylcyclohexyl)benzoate	CCCCCC1=CC=C(C=C1)OC(=O)C2=CC=C(C=C2)C3CCC(CC3)CCC	9.60000038	3315466	PubChem:(3315466);PubChem class - safety and toxic	67108866
9	1	N/A	-247.3031006246067	C27H36O2	[M - H2O + H]+	VDXLRVQMTSSZRM	InChI=1S/C27H36O2/c1-3-5-6-8-22-9-13-23(14-10-22)24-15-17-25(18-16-24)27(28)29-26-19-11-21(7-4-2)12-20-26/h11-12,15-20,22-23H,3-10,13-14H2,1-2H3	(4-propylphenyl) 4-(4-pentylcyclohexyl)benzoate	CCCCCC1CCC(CC1)C2=CC=C(C=C2)C(=O)OC3=CC=C(C=C3)CCC	9.60000038	3020280	NORMAN:(NS00058675);PubChem class - safety and toxic;PubChem:(3020280)	67371010
10	1	N/A	-272.4147377595481	C27H36O2	[M - H2O + H]+	WKVWOPDUENJKAR	InChI=1S/C27H36O2/c1-27(2,21-13-15-25(28)23(17-21)19-9-5-3-6-10-19)22-14-16-26(29)24(18-22)20-11-7-4-8-12-20/h13-20,28-29H,3-12H2,1-2H3	4,4''-Isopropylidenebis(2-cyclohexylphenol)	CC(C)(C1=CC(=C(C=C1)O)C2CCCCC2)C3=CC(=C(C=C3)O)C4CCCCC4	9.10000038	10938040	PubChem class - safety and toxic;PubChem:(10938040);PubMed	67108930