structureRankPerFormula	formulaRank	ConfidenceScore	CSI:FingerIDScore	molecularFormula	adduct	InChIkey2D	InChI	name	smiles	xlogp	pubchemids	links	dbflags
1	1	N/A	-368.92799386354125	C10H6N2O6	[M + H]+	FAPILHTVXITDRL	InChI=1S/C10H6N2O6/c13-5-1-3(7(15)11-9(5)17)4-2-6(14)10(18)12-8(4)16/h1-2,13H,(H2,11,15,17)(H,12,16,18)	null	C1=C(C(=O)NC(=O)C1=O)C2=C(NC(=O)C(=C2)O)O	-1.60000002	192767;76515986	COCONUT:(CNP0056585);PubChem:(192767 76515986);SuperNatural:(SN00215237);CHEBI:(80355 65011 64998);MeSH:(192767 76515986);KEGG:(C16152);PubMed	3146086
1	2	0.11656339216119709	-221.19134043712202	C8H9ClN4O2	[M + Na]+	LTSHFFRMSMRSGJ	InChI=1S/C8H9ClN4O2/c9-6-1-3-7(4-2-6)11-8(12-10)5-13(14)15/h1-5,11-12H,10H2	4-chloro-N-(1-hydrazinyl-2-nitroethenyl)aniline	C1=CC(=CC=C1NC(=C[N+](=O)[O-])NN)Cl	2.5	3457343;5831999	PubChem:(3457343 5831999);PubMed;CHEBI:(105780)	98
2	2	N/A	-234.82924333826614	C8H9ClN4O2	[M + Na]+	HGKPGBJNNATDRR	InChI=1S/C8H9ClN4O2/c1-11-4-5(10-7(11)9)12(2)8(15)13(3)6(4)14/h1-3H3	8-Chlorocaffeine	CN1C2=C(N=C1Cl)N(C(=O)N(C2=O)C)C	0.596754491	21031	NORMAN:(NS00031874);COCONUT:(CNP0070836);MeSH:(21031);PubChem:(21031);PubMed	2359366
3	2	N/A	-239.424612357217	C8H9ClN4O2	[M + Na]+	HHFGMAGXJKCINI	InChI=1S/C8H9ClN4O2/c1-11-5-4(10-7(11)9)6(14)13(3)8(15)12(5)2/h1-3H3	8-chloro-1,3,9-trimethylpurine-2,6-dione	CN1C2=C(C(=O)N(C(=O)N2C)C)N=C1Cl	0.5	853897	PubChem:(853897);PubChem class - safety and toxic	67108866
1	3	N/A	-264.2845033705968	C11H12N2O2S2	[M - H2O + H]+	PENUZPQXEOSXGJ	InChI=1S/C11H12N2O2S2/c1-2-15-7-3-4-8-9(5-7)17-11(12-8)13-10(14)6-16/h3-5,16H,2,6H2,1H3,(H,12,13,14)	N-(6-Ethoxybenzothiazol-2-yl)-2-mercaptoacetamide	CCOC1=CC2=C(C=C1)N=C(S2)NC(=O)CS	2.38488746	3023608	PubChem:(3023608);NORMAN:(NS00040072)	262146
2	3	N/A	-430.5158811617743	C11H12N2O2S2	[M - H2O + H]+	DXLDPLVGKCAHPY	InChI=1S/C11H12N2O2S2/c1-17-10(16)12-6-11(15)7-4-2-3-5-8(7)13-9(11)14/h2-5,15H,6H2,1H3,(H,12,16)(H,13,14)	methyl N-[(3-hydroxy-2-oxo-1H-indol-3-yl)methyl]carbamodithioate	CSC(=S)NCC1(C2=CC=CC=C2NC1=O)O	1.5	11807698;53483538;101255059	COCONUT:(CNP0259457);HMDB:(38634);KNApSAcK:(37061);Natural Products:(UNPD3922 UNPD46793);PubChem:(11807698 53483538 101255059);SuperNatural:(SN00353437 SN00238408);PubChem class - bio and metabolites	19955738
3	3	N/A	-550.0859549847714	C11H12N2O2S2	[M - H2O + H]+	PORQOSQSJUEYRC	InChI=1S/C11H12N2O2S2/c1-4-6(2)10(14)12-8-9-7(5-16-17-9)13(3)11(8)15/h4-5H,1-3H3,(H,12,14)	(E)-2-methyl-N-(4-methyl-5-oxodithiolo[4,3-b]pyrrol-6-yl)but-2-enamide	CC=C(C)C(=O)NC1=C2C(=CSS2)N(C1=O)C	0.600000024	6477697	COCONUT:(CNP0314424);PubChem:(6477697);PubMed;Biocyc:(CPD-17964)	2099266
4	3	N/A	-566.5054355785038	C11H12N2O2S2	[M - H2O + H]+	JFEBCAJATWCFMT	InChI=1S/C11H12N2O2S2/c1-6(2)4-8(14)12-9-10-7(5-16-17-10)13(3)11(9)15/h4-5H,1-3H3,(H,12,14)	3-methyl-N-(4-methyl-5-oxodithiolo[4,3-b]pyrrol-6-yl)but-2-enamide	CC(=CC(=O)NC1=C2C(=CSS2)N(C1=O)C)C	0.800000012	497680	COCONUT:(CNP0139112);Natural Products:(UNPD13593);PubChem:(497680);SuperNatural:(SN00278642);MeSH:(497680);PubMed;Biocyc:(CPD-17963)	3180614
1	3	N/A	-223.35676330932083	C11H10N2OS2	[M + H]+	QVPDSWIYSVKEKP	InChI=1S/C11H10N2OS2/c1-15-11-13-10(12)9(16-11)8(14)7-5-3-2-4-6-7/h2-6H,12H2,1H3	Oprea1_201358	CSC1=NC(=C(S1)C(=O)C2=CC=CC=C2)N	3.70000005	676887	COCONUT:(CNP0209393);PubChem:(676887);SuperNatural:(SN00116861);ZINC bio:(ZINC00040302)	3153922
2	3	N/A	-235.73847797464657	C11H10N2OS2	[M + H]+	NZECVLMIUBMJSK	InChI=1S/C11H10N2OS2/c1-8(9-4-2-6-15-9)12-13-11(14)10-5-3-7-16-10/h2-7H,1H3,(H,13,14)	N-(1-thiophen-2-ylethylideneamino)thiophene-2-carboxamide	CC(=NNC(=O)C1=CC=CS1)C2=CC=CS2	3.0999999	4602276;6161556;6386111	PubChem:(4602276 6161556 6386111);PubMed;CHEBI:(114664)	98
3	3	N/A	-239.1575797557949	C11H10N2OS2	[M + H]+	FJLQPCRQLSAFGY	InChI=1S/C11H10N2OS2/c1-8-4-6-16-10(8)7-12-13-11(14)9-3-2-5-15-9/h2-7H,1H3,(H,13,14)	N''-[(3-methyl-2-thienyl)methylene]-2-thiophenecarbohydrazide	CC1=C(SC=C1)C=NNC(=O)C2=CC=CS2	3.20000005	668402;5390298;6879064	PubChem:(668402 5390298 6879064);PubMed;CHEBI:(116207)	98
4	3	N/A	-264.5530730988326	C11H10N2OS2	[M + H]+	REPXMWRBOBUUCW	InChI=1S/C11H10N2OS2/c12-10(14)9(11-13-6-7-15-11)16-8-4-2-1-3-5-8/h1-7,9H,(H2,12,14)	2-Thiazoleethanethioamide,a-phenyl-	C1=CC=C(C=C1)SC(C2=NC=CS2)C(=O)N	2.0999999	208406	PubChem:(208406);PubChem class - safety and toxic	67108866
5	3	N/A	-349.45500050624224	C11H10N2OS2	[M + H]+	YUXKTUVIOWXKPA	InChI=1S/C11H10N2OS2/c1-16(14)11-12-6-8-7-4-2-3-5-9(7)13-10(8)15-11/h2-5,13H,6H2,1H3	null	CS(=O)C1=NCC2=C(S1)NC3=CC=CC=C23	1.89999998	14585498	COCONUT:(CNP0220423);HMDB:(38570);Natural Products:(UNPD133479);PubChem:(14585498);PubChem class - bio and metabolites	18907146
6	3	N/A	-384.2277134974217	C11H10N2OS2	[M + H]+	FUHQSEOSBHASCH	InChI=1S/C11H10N2OS2/c1-15-10-12-6-11(16-10)7-4-2-3-5-8(7)13-9(11)14/h2-5H,6H2,1H3,(H,13,14)	2''-methylsulfanylspiro[1H-indole-3,5''-4H-1,3-thiazole]-2-one	CSC1=NCC2(S1)C3=CC=CC=C3NC2=O	1.79999995	188830;6424827;90658190;101132230;101600278;101862240	COCONUT:(CNP0350502);HMDB:(35974);KNApSAcK:(26995);Natural Products:(UNPD14973 UNPD134318);PubChem:(188830 6424827 90658190 101132230 101600278 101862240);SuperNatural:(SN00254946);additional;PubChem class - bio and metabolites;MeSH:(188830 90658190);PubMed;Biocyc:(CPD-16850)	20482142
7	3	N/A	-421.7321083749043	C11H10N2OS2	[M + H]+	JONJYJNMJFZOPB	InChI=1S/C11H10N2OS2/c14-6-15-11-12-5-8-7-3-1-2-4-9(7)13-10(8)16-11/h1-4,13-14H,5-6H2	null	C1C2=C(NC3=CC=CC=C23)SC(=N1)SCO	3.00745559	""	COCONUT:(CNP0317537);Natural Products:(UNPD775)	2129920