structureRankPerFormula	formulaRank	ConfidenceScore	CSI:FingerIDScore	molecularFormula	adduct	InChIkey2D	InChI	name	smiles	xlogp	pubchemids	links	dbflags
1	1	0.10388325474280655	-95.97746534209165	C13H24O4	[M - H2O + H]+	ISXDVFNOXYQPIA	InChI=1S/C13H24O4/c1-3-5-10-16-12(14)8-7-9-13(15)17-11-6-4-2/h3-11H2,1-2H3	Dibutyl glutarate	CCCCOC(=O)CCCC(=O)OCCCC	2.70000005	81101	NORMAN:(NS00035986);PubChem:(81101);PubMed	262210
2	1	N/A	-100.43159211692722	C13H24O4	[M - H2O + H]+	SNYLMMBOWZVQEB	InChI=1S/C13H24O4/c1-3-5-6-7-8-9-13(15)17-11-10-16-12(14)4-2/h3-11H2,1-2H3	null	CCCCCCCC(=O)OCCOC(=O)CC	3.5	9549239	PubChem:(9549239);PubChem class - bio and metabolites	16777218
3	1	N/A	-113.00945082953926	C13H24O4	[M - H2O + H]+	HCUZVMHXDRSBKX	InChI=1S/C13H24O4/c1-2-3-4-5-6-7-8-9-10-11(12(14)15)13(16)17/h11H,2-10H2,1H3,(H,14,15)(H,16,17)	Decylmalonic acid	CCCCCCCCCCC(C(=O)O)C(=O)O	3.72234511	20389;22059015	NORMAN:(NS00031361);MeSH:(20389);PubChem class - safety and toxic;PubChem:(20389 22059015);PubMed	67371078
4	1	N/A	-114.46338448776959	C13H24O4	[M - H2O + H]+	XLEBGGMRMNRYRT	InChI=1S/C13H24O4/c1-5-7-11(14)16-9-13(3,4)10-17-12(15)8-6-2/h5-10H2,1-4H3	2,2-dimethylpropane-1,3-diyl dibutanoate	CCCC(=O)OCC(C)(C)COC(=O)CCC	2.9000001	220138	PubChem:(220138);NORMAN:(NS00045455)	262146
5	1	N/A	-116.18662768222863	C13H24O4	[M - H2O + H]+	DXNCZXXFRKPEPY	InChI=1S/C13H24O4/c14-12(15)10-8-6-4-2-1-3-5-7-9-11-13(16)17/h1-11H2,(H,14,15)(H,16,17)	Brassilate	C(CCCCCC(=O)O)CCCCCC(=O)O	3.51055408	10458;6994474	HMDB:(2327);SuperNatural:(SN00002517 SN00216183);ZINC bio:(ZINC01700020);additional;MeSH:(10458);PubMed;NORMAN:(NS00010118);COCONUT:(CNP0138353 CNP0346637);PubChem:(10458 6994474);CHEBI:(73718);PubChem class - bio and metabolites;PubChem class - safety and toxic;Training Set	87842926
6	1	N/A	-116.78625624815174	C13H24O4	[M - H2O + H]+	MIVWVMMAZAALNA	InChI=1S/C13H24O4/c1-2-3-4-5-6-7-11(15)12-10(8-14)9-17-13(12)16/h10-12,14-15H,2-9H2,1H3	2(3H)-Furanone, dihydro-4-(hydroxymethyl)-3-(1-hydroxyoctyl)-	CCCCCCCC(C1C(COC1=O)CO)O	2.79999995	14239898;95224164	COCONUT:(CNP0169634);Natural Products:(UNPD124374);PubChem:(14239898 95224164);SuperNatural:(SN00040124 SN00040123 SN00040122 SN00040121);ZINC bio:(ZINC67910593 ZINC67910595 ZINC67910598 ZINC67910600);MeSH:(14239898);PubMed;Biocyc:(CPD-19945)	3188806
7	1	N/A	-116.79348987114969	C13H24O4	[M - H2O + H]+	WPPWKDDHDZVRTQ	InChI=1S/C13H24O4/c1-2-3-4-5-6-7-8-9-13(16)17-11-12(15)10-14/h2,12,14-15H,1,3-11H2	null	C=CCCCCCCCC(=O)OCC(CO)O	2.55687308	53301863;76003249;121225592	PubChem:(53301863 76003249 121225592);PubChem class - bio and metabolites	16777218
8	1	N/A	-117.21911590897899	C13H24O4	[M - H2O + H]+	BXXCVHNCCFZMSE	InChI=1S/C13H24O4/c1-2-3-4-5-6-8-11(13(16)17)9-7-10-12(14)15/h11H,2-10H2,1H3,(H,14,15)(H,16,17)	2-heptylhexanedioic Acid	CCCCCCCC(CCCC(=O)O)C(=O)O	3.5999999	5133398;92192879;92192889	PubChem:(5133398 92192879 92192889);COCONUT:(CNP0004933)	2097154
9	1	N/A	-117.42107202052978	C13H24O4	[M - H2O + H]+	GSEKUTHOMWBXQU	InChI=1S/C13H24O4/c1-5-8-10(4)9-11(12(14)16-6-2)13(15)17-7-3/h10-11H,5-9H2,1-4H3	diethyl(2-methylpentyl)propanedioate	CCCC(C)CC(C(=O)OCC)C(=O)OCC	3.70000005	276518;92163517;92173568	PubChem:(276518 92163517 92173568);PubChem class - safety and toxic	67108866
10	1	N/A	-117.70799778272652	C13H24O4	[M - H2O + H]+	CQMYCPZZIPXILQ	InChI=1S/C13H24O4/c1-3-16-12(14)10-8-6-5-7-9-11-13(15)17-4-2/h3-11H2,1-2H3	Diethyl azelaate	CCOC(=O)CCCCCCCC(=O)OCC	2.9000001	12204	NORMAN:(NS00022539);COCONUT:(CNP0174241);PubChem class - food;PubChem:(12204);ZINC bio:(ZINC01690605);additional;MeSH:(12204);Training Set;PubMed	137125958
11	1	N/A	-117.85163111973122	C13H24O4	[M - H2O + H]+	HACYJIJMLQDPDS	InChI=1S/C13H24O4/c1-9(2)11(14)16-7-13(5,6)8-17-12(15)10(3)4/h9-10H,7-8H2,1-6H3	1,3-Propanediol diisobutyrate, 2,2-dimethyl	CC(C)C(=O)OCC(C)(C)COC(=O)C(C)C	3.29999995	99510	PubChem:(99510);NORMAN:(NS00035483)	262146
12	1	N/A	-118.16062113630171	C13H24O4	[M - H2O + H]+	PHBJNSWUIXMFPC	InChI=1S/C13H24O4/c1-4-5-10(14)8(2)11-6-7-12(17-11)9(3)13(15)16/h8-12,14H,4-7H2,1-3H3,(H,15,16)	(2S)-2-[(2R,5S)-5-[(2S,3S)-3-hydroxyhexan-2-yl]oxolan-2-yl]propanoic Acid	CCCC(C(C)C1CCC(O1)C(C)C(=O)O)O	2.20000005	12176660;12176662;11687393;11276607;101363314	PubChem:(12176660 12176662 11687393 11276607 101363314);COCONUT:(CNP0131196)	2097154
13	1	N/A	-119.58792402542272	C13H24O4	[M - H2O + H]+	HSHMTDVEKPAEGS	InChI=1S/C13H24O4/c1-4-7-8-9-10-11(12(14)16-5-2)13(15)17-6-3/h11H,4-10H2,1-3H3	Diethyl hexylmalonate	CCCCCCC(C(=O)OCC)C(=O)OCC	4.0	79385;10083243;11665949	PubChem:(79385 10083243 11665949);NORMAN:(NS00045172)	262146
14	1	N/A	-122.16351633417639	C13H24O4	[M - H2O + H]+	XRVXEMNLTYHFFR	InChI=1S/C13H24O4/c1-5-6-10(14)13(4)8-7-9(11(15)16)12(2,3)17-13/h9-10,14H,5-8H2,1-4H3,(H,15,16)	6-(1-hydroxybutyl)-2,2,6-trimethyloxane-3-carboxylic acid	CCCC(C1(CCC(C(O1)(C)C)C(=O)O)C)O	1.60000002	2750560;7053931;7053928;7053929;7053930;7053932;7053933;7053934;7053935;92448487;92448489	COCONUT:(CNP0069963);PubChem:(2750560 7053931 7053928 7053929 7053930 7053932 7053933 7053934 7053935 92448487 92448489);SuperNatural:(SN00124297 SN00124295 SN00124296 SN00124294);ZINC bio:(ZINC03845867 ZINC03845868 ZINC03845869 ZINC03845870)	3153922
15	1	N/A	-127.1173676490667	C13H24O4	[M - H2O + H]+	UEZVTCSABYGOGY	InChI=1S/C13H24O4/c1-12(2,10(14)15)8-6-5-7-9-13(3,4)11(16)17/h5-9H2,1-4H3,(H,14,15)(H,16,17)	null	CC(C)(CCCCCC(C)(C)C(=O)O)C(=O)O	3.4000001	207628;19091046	PubChem:(207628 19091046);PubChem class - safety and toxic	67108866
16	1	N/A	-130.89489921581088	C13H24O4	[M - H2O + H]+	REGGDLIBDASKGE	InChI=1S/C13H24O4/c1-17-13(16)11-9-7-5-3-2-4-6-8-10-12(14)15/h2-11H2,1H3,(H,14,15)	11MeOCO undec acid	COC(=O)CCCCCCCCCCC(=O)O	3.5	231998;11572299;22672980	COCONUT:(CNP0162114);Natural Products:(UNPD7881);PubChem:(231998 11572299 22672980);SuperNatural:(SN00380941);PubChem class - safety and toxic;PubMed;KEGG Mine	8660222018
17	1	N/A	-133.38520704021403	C13H24O4	[M - H2O + H]+	CFXMOECYUQUKMY	InChI=1S/C13H24O4/c1-3-4-5-6-7-8-9-11(13(16)17)10(2)12(14)15/h10-11H,3-9H2,1-2H3,(H,14,15)(H,16,17)	sphaeric acid	CCCCCCCCC(C(C)C(=O)O)C(=O)O	4.0	10752825;11521601;122411806;122411807	COCONUT:(CNP0179461);KNApSAcK:(49400);Natural Products:(UNPD40583);PubChem:(10752825 11521601 122411806 122411807);SuperNatural:(SN00266112);MeSH:(10752825);PubMed	3178582
18	1	N/A	-133.9105052272362	C13H24O4	[M - H2O + H]+	FZFOOMUZELIHDR	InChI=1S/C13H24O4/c1-5-16-12(15)9(2)11(14)10-6-7-17-13(3,4)8-10/h9-11,14H,5-8H2,1-4H3	ethyl 3-(2,2-dimethyloxan-4-yl)-3-hydroxy-2-methylpropanoate	CCOC(=O)C(C)C(C1CCOC(C1)(C)C)O	1.60000002	908240;3815371;7086967;7086968;7086969;6545475;124867421	COCONUT:(CNP0191183);PubChem:(908240 3815371 7086967 7086968 7086969 6545475 124867421);SuperNatural:(SN00071005 SN00071003 SN00071002 SN00071004);ZINC bio:(ZINC04062108 ZINC04062110 ZINC04062111 ZINC04062112)	3153922
19	1	N/A	-134.2689819988769	C13H24O4	[M - H2O + H]+	LADJFIHHYMBJHB	InChI=1S/C13H24O4/c1-16-12(14)10-8-6-4-3-5-7-9-11-13(15)17-2/h3-11H2,1-2H3	Dimethyl undecanedioate	COC(=O)CCCCCCCCCC(=O)OC	3.43158555	78321	NORMAN:(NS00031551);COCONUT:(CNP0276425);Natural Products:(UNPD149428);PubChem:(78321);SuperNatural:(SN00002273);ZINC bio:(ZINC01555765);PubMed	3448898
20	1	N/A	-136.83626744896517	C13H24O4	[M - H2O + H]+	KSWFVGWXXMTKQB	InChI=1S/C13H24O4/c1-2-3-4-5-6-7-8-9-13(16)17-11-12(15)10-14/h3-4,12,14-15H,2,5-11H2,1H3	null	CCC=CCCCCCC(=O)OCC(CO)O	2.47352815	134693706;134812723	PubChem:(134693706 134812723);PubChem class - bio and metabolites	16777218
21	1	N/A	-140.40804923992417	C13H24O4	[M - H2O + H]+	NNDOHYGFLASMFR	InChI=1S/C13H24O4/c1-5-9-13(10-6-2,11(14)16-7-3)12(15)17-8-4/h5-10H2,1-4H3	Diethyl dipropylmalonate	CCCC(CCC)(C(=O)OCC)C(=O)OCC	3.5999999	80168	NORMAN:(NS00008852);PubChem class - safety and toxic;PubChem:(80168);PubMed	67371074
22	1	N/A	-143.17992466740418	C13H24O4	[M - H2O + H]+	HIVPYRXMOMQRRU	InChI=1S/C13H24O4/c1-11(14)8-6-4-3-5-7-9-12(15)10-13(16)17-2/h12,15H,3-10H2,1-2H3	null	CC(=O)CCCCCCCC(CC(=O)OC)O	1.79999995	14543664	COCONUT:(CNP0281589);Natural Products:(UNPD125386);PubChem:(14543664)	2129922
23	1	N/A	-143.22079280327213	C13H24O4	[M - H2O + H]+	KJHMFBXSFYEECB	InChI=1S/C13H24O4/c1-4-10(14)8-11-6-7-12(17-11)9(3)13(15)16-5-2/h9-12,14H,4-8H2,1-3H3	null	CCC(CC1CCC(O1)C(C)C(=O)OCC)O	2.0999999	139583994;139587664	PubChem:(139583994 139587664);COCONUT:(CNP0352000)	2097154
24	1	N/A	-143.70425607641195	C13H24O4	[M - H2O + H]+	APOIUMVPTCBLQD	InChI=1S/C13H24O4/c1-9-7-13(16,17)8-11(2,3)10(9)5-6-12(4,14)15/h7,10,14-17H,5-6,8H2,1-4H3	null	CC1=CC(CC(C1CCC(C)(O)O)(C)C)(O)O	1.73548329	""	COCONUT:(CNP0103338)	2097152
25	1	N/A	-145.38344052323066	C13H24O4	[M - H2O + H]+	OPFFBDXXUZAUAK	InChI=1S/C13H24O4/c1-5-9-10-13(6-2,11(14)16-7-3)12(15)17-8-4/h5-10H2,1-4H3	Diethyl butylethylmalonate	CCCCC(CC)(C(=O)OCC)C(=O)OCC	3.5999999	69001;10264089	PubChem:(69001 10264089);NORMAN:(NS00034218)	262146
26	1	N/A	-146.48226660590163	C13H24O4	[M - H2O + H]+	AIUDWMLXCFRVDR	InChI=1S/C13H24O4/c1-6-13(3,7-2)9-8-10(11(14)16-4)12(15)17-5/h10H,6-9H2,1-5H3	Dimethyl (3,3-diethylbutyl)malonate	CCC(C)(CC)CCC(C(=O)OC)C(=O)OC	3.9000001	42552953	MeSH:(42552953);PubChem class - food;PubChem:(42552953);PubMed	134217798
27	1	N/A	-146.8941815362634	C13H24O4	[M - H2O + H]+	XRKZVXDFKCVICZ	InChI=1S/C13H24O4/c1-9(2)5-3-4-6-11(15)12-10(7-14)8-17-13(12)16/h9-12,14-15H,3-8H2,1-2H3	4-(hydroxymethyl)-3-(1-hydroxy-6-methylheptyl)oxolan-2-one	CC(C)CCCCC(C1C(COC1=O)CO)O	2.5	134812;11806877;23241320;23241321;101140044;101631539	COCONUT:(CNP0198454);Natural Products:(UNPD30414);PubChem:(134812 11806877 23241320 23241321 101140044 101631539);SuperNatural:(SN00308524);Biocyc:(CPD-19918)	3180546
28	1	N/A	-149.0662424236026	C13H24O4	[M - H2O + H]+	QJANQSIODSCOQO	InChI=1S/C13H24O4/c1-8(2)10(14)13(5)7-6-9(11(15)16)12(3,4)17-13/h8-10,14H,6-7H2,1-5H3,(H,15,16)	6-(1-hydroxy-2-methylpropyl)-2,2,6-trimethyloxane-3-carboxylic acid	CC(C)C(C1(CCC(C(O1)(C)C)C(=O)O)C)O	1.70000005	2750561;7053936;7053937;7053938;7053939;7053940;7053941;7053942;7053943;92448491;92448493	COCONUT:(CNP0054544);PubChem:(2750561 7053936 7053937 7053938 7053939 7053940 7053941 7053942 7053943 92448491 92448493);SuperNatural:(SN00124298 SN00124300 SN00124299 SN00124301);ZINC bio:(ZINC03845871 ZINC03845872 ZINC03845873 ZINC03845874)	3153922
29	1	N/A	-149.19709263012032	C13H24O4	[M - H2O + H]+	UFWRCRCDRAUAAO	InChI=1S/C13H24O4/c1-10(2)8-16-12(14)6-5-7-13(15)17-9-11(3)4/h10-11H,5-9H2,1-4H3	Diisobutyl glutarate	CC(C)COC(=O)CCCC(=O)OCC(C)C	2.9000001	117054	NORMAN:(NS00019472);PubChem:(117054);PubMed	262210
30	1	N/A	-150.31711010866957	C13H24O4	[M - H2O + H]+	AHEPPWIHINNDTF	InChI=1S/C13H24O4/c1-4-6-7-8-11(12(14)15-5-2)13(3)16-9-10-17-13/h11H,4-10H2,1-3H3	ethyl 2-(2-methyl-1,3-dioxolan-2-yl)heptanoate	CCCCCC(C(=O)OCC)C1(OCCO1)C	2.79999995	175122	PubChem:(175122);NORMAN:(NS00062058)	262146
31	1	N/A	-151.84864449621506	C13H24O4	[M - H2O + H]+	ANMSHEPZNSIGRK	InChI=1S/C13H24O4/c1-5-8(3)10(12(14)15)7-11(13(16)17)9(4)6-2/h8-11H,5-7H2,1-4H3,(H,14,15)(H,16,17)	null	CCC(C)C(CC(C(C)CC)C(=O)O)C(=O)O	3.4000001	15070776;15070777;15070778;15070779	COCONUT:(CNP0277444);Natural Products:(UNPD14576 UNPD169756 UNPD2147);PubChem:(15070776 15070777 15070778 15070779);SuperNatural:(SN00385247 SN00274140 SN00388356)	3178498
32	1	N/A	-154.8148370336319	C13H24O4	[M - H2O + H]+	MDBWDQSQRMQYDX	InChI=1S/C13H24O4/c1-6-9(3)12(14)16-8-11(5)17-13(15)10(4)7-2/h9-11H,6-8H2,1-5H3	Propyleneglycol di-2-methylbutyrate	CCC(C)C(=O)OCC(C)OC(=O)C(C)CC	3.20000005	57009973;76960108;76960109;76960110;76960111;76960113;76960114;76960115	PubChem:(57009973 76960108 76960109 76960110 76960111 76960113 76960114 76960115);PubChem class - food	134217730
33	1	N/A	-155.82532203447244	C13H24O4	[M - H2O + H]+	OHUHEQCNAGNRAL	InChI=1S/C13H24O4/c1-11(2)9(10(14)16-6)7-8-13(5,17-11)12(3,4)15/h9,15H,7-8H2,1-6H3	methyl 6-(2-hydroxypropan-2-yl)-2,2,6-trimethyloxane-3-carboxylate	CC1(C(CCC(O1)(C)C(C)(C)O)C(=O)OC)C	1.20000005	2750555;7053902;7053903;7053904;7053905	COCONUT:(CNP0191221);PubChem:(2750555 7053902 7053903 7053904 7053905);SuperNatural:(SN00124276 SN00124278 SN00124277 SN00124279);ZINC bio:(ZINC03845849 ZINC03845850 ZINC03845851 ZINC03845852)	3153922
34	1	N/A	-156.68105983544535	C13H24O4	[M - H2O + H]+	FWDZBBIKQATTEH	InChI=1S/C13H24O4/c1-5-8-13(15)17-11(6-2)10(4)9-16-12(14)7-3/h10-11H,5-9H2,1-4H3	1-Ethyl-2-methyl-3-(1-oxopropoxy)propyl butyrate	CCCC(=O)OC(CC)C(C)COC(=O)CC	3.0999999	16206058	PubChem:(16206058);NORMAN:(NS00066451)	262146
35	1	N/A	-156.81762868447396	C13H24O4	[M - H2O + H]+	CTXSTFRGAWSIFV	InChI=1S/C13H24O4/c1-11(2)7-4-3-5-10-17-13(16)9-6-8-12(14)15/h11H,3-10H2,1-2H3,(H,14,15)	Isooctyl hydrogen glutarate	CC(C)CCCCCOC(=O)CCCC(=O)O	3.0	44151982	PubChem:(44151982);NORMAN:(NS00040339)	262146
36	1	N/A	-163.55778616045052	C13H24O4	[M - H2O + H]+	WZFGIKMWBJCRBU	InChI=1S/C13H24O4/c1-6-10(5)13(7-2,11(14)16-8-3)12(15)17-9-4/h10H,6-9H2,1-5H3	Diethyl sec-butylethylmalonate	CCC(C)C(CC)(C(=O)OCC)C(=O)OCC	3.5	78939;86308446;92179202	NORMAN:(NS00041215);PubChem class - safety and toxic;PubChem:(78939 86308446 92179202)	67371010
37	1	N/A	-163.76026154496594	C13H24O4	[M - H2O + H]+	FXJKNCDSABKERB	InChI=1S/C13H24O4/c1-12(2,3)16-10(14)8-7-9-11(15)17-13(4,5)6/h7-9H2,1-6H3	Di-tert-butyl glutarate	CC(C)(C)OC(=O)CCCC(=O)OC(C)(C)C	2.20000005	3016405	PubChem:(3016405);NORMAN:(NS00031292)	262146
38	1	N/A	-164.209530980226	C13H24O4	[M - H2O + H]+	HJEKFWBWYCIINK	InChI=1S/C13H24O4/c1-8-6-9(14)7-13(2,3)10(8)4-5-11(15)12(16)17/h8-11,14-15H,4-7H2,1-3H3,(H,16,17)	null	CC1CC(CC(C1CCC(C(=O)O)O)(C)C)O	2.0	16216665	COCONUT:(CNP0065094 CNP0414917);KNApSAcK:(31307);Natural Products:(UNPD40859);PubChem:(16216665);SuperNatural:(SN00272421 SN00162042);MeSH:(16216665);PubMed	3178582
39	1	N/A	-166.20744299462712	C13H24O4	[M - H2O + H]+	YJJLDYAUGTVVPM	InChI=1S/C13H24O4/c1-6-10(4)16-12(14)8-9(3)13(15)17-11(5)7-2/h9-11H,6-8H2,1-5H3	Di(sec-butyl) 2-methylsuccinate	CCC(C)OC(=O)CC(C)C(=O)OC(C)CC	3.0999999	575332	PubChem:(575332);COCONUT:(CNP0076707)	2097154
40	1	N/A	-176.18618153735284	C13H24O4	[M - H2O + H]+	LSSSDBQTAUBGLM	InChI=1S/C13H24O4/c1-8(15)4-5-10-9(2)11(16)6-12(17)13(10,3)7-14/h4-5,8-12,14-17H,6-7H2,1-3H3	null	CC1C(CC(C(C1C=CC(C)O)(C)CO)O)O	0.872527659	""	COCONUT:(CNP0223028);Natural Products:(UNPD164636);SuperNatural:(SN00403847)	3178496
41	1	N/A	-176.68125707740379	C13H24O4	[M - H2O + H]+	CTCKPFXFWVNGLG	InChI=1S/C13H24O4/c1-9(14)5-6-13(17)11(2,3)7-10(15)8-12(13,4)16/h5-6,9-10,14-17H,7-8H2,1-4H3	1-(3-Hydroxy-but-1-enyl)-2,6,6-trimethyl-cyclohexane-1,2,4-triol	CC(C=CC1(C(CC(CC1(C)O)O)(C)C)O)O	0.100000001	637237;11207283;20055725;21630912;22297666;23251170;72751004;101805523;129316798;132586981	COCONUT:(CNP0382213);Natural Products:(UNPD26498 UNPD229325 UNPD230013 UNPD124977 UNPD198904);PubChem:(637237 11207283 20055725 21630912 22297666 23251170 72751004 101805523 129316798 132586981);SuperNatural:(SN00235436 SN00281478);MeSH:(637237);PubMed	3178566
42	1	N/A	-178.62098371265094	C13H24O4	[M - H2O + H]+	SLETUNZSOAVNDN	InChI=1S/C13H24O4/c1-8(14)5-6-9-12(2,3)10(15)7-11(16)13(9,4)17/h5-6,8-11,14-17H,7H2,1-4H3	null	CC(C=CC1C(C(CC(C1(C)O)O)O)(C)C)O	0.200000003	71746442;102433816	COCONUT:(CNP0249497);Natural Products:(UNPD215110);PubChem:(71746442 102433816);PubMed	2129986
43	1	N/A	-182.51938688564695	C13H24O4	[M - H2O + H]+	KZBUUDBZBXMITR	InChI=1S/C13H24O4/c1-9(2)6-4-5-7-10(14)12-11(16-3)8-17-13(12)15/h9-12,14H,4-8H2,1-3H3	null	CC(C)CCCCC(C1C(COC1=O)OC)O	2.2738018	""	COCONUT:(CNP0339550)	2097152
44	1	N/A	-188.3728121958661	C13H24O4	[M - H2O + H]+	GCQCPDARGFUABN	InChI=1S/C13H24O4/c1-8(14)10(16)5-11-12(2,3)6-9(15)7-13(11,4)17/h5,8-10,14-17H,6-7H2,1-4H3	null	CC(C(C=C1C(CC(CC1(C)O)O)(C)C)O)O	1.00575984	""	COCONUT:(CNP0103276)	2097152
45	1	N/A	-189.70636523771554	C13H24O4	[M - H2O + H]+	XUVKIVFZTRZJRP	InChI=1S/C13H24O4/c1-4-5-6-7-8-13(17-12(3)15)9-10-16-11(2)14/h13H,4-10H2,1-3H3	3-acetyloxynonyl acetate	CCCCCCC(CCOC(=O)C)OC(=O)C	3.29999995	112635;92178734	NORMAN:(NS00056443);PubChem:(112635 92178734);PubMed	262210
46	1	N/A	-191.4056275004609	C13H24O4	[M - H2O + H]+	GOTQJVUEKCNRKB	InChI=1S/C13H24O4/c1-8(14)5-6-13(17)9(2)11(16)10(15)7-12(13,3)4/h5-6,8-11,14-17H,7H2,1-4H3	null	CC1C(C(CC(C1(C=CC(C)O)O)(C)C)O)O	0.300000012	46217788;71746438;75151906;101564135;133561928;131849974	COCONUT:(CNP0261615);Natural Products:(UNPD213017 UNPD221411);PubChem:(46217788 71746438 75151906 101564135 133561928 131849974);PubMed	2129986
47	1	N/A	-203.575982033971	C13H24O4	[M - H2O + H]+	ZCDPXYMKJQTCSP	InChI=1S/C13H24O4/c1-4-5-6-8-13(17-12(3)15)9-7-10-16-11(2)14/h13H,4-10H2,1-3H3	1,4-Nonadiol diacetate	CCCCCC(CCCOC(=O)C)OC(=O)C	3.0999999	12914607;76967627;76967628	COCONUT:(CNP0388536);HMDB:(37184);PubChem class - food;PubChem:(12914607 76967627 76967628);PubChem class - bio and metabolites	153092106
48	1	N/A	-205.08507852563503	C13H24O4	[M - H2O + H]+	VPZJYBYUQWBRKZ	InChI=1S/C13H24O4/c1-9(2)5-3-4-6-12(15)11-7-10(8-14)17-13(11)16/h9-12,14-15H,3-8H2,1-2H3	null	CC(C)CCCCC(C1CC(OC1=O)CO)O	2.70000005	23427905	COCONUT:(CNP0247654);Natural Products:(UNPD162558);PubChem:(23427905);SuperNatural:(SN00021150);ZINC bio:(ZINC15044372 ZINC15044374)	3186690
49	1	N/A	-205.3848658704922	C13H24O4	[M - H2O + H]+	KIXXIXABYBOQEB	InChI=1S/C13H24O4/c1-6-10(5)17-12(15)13(7-2,8-3)11(14)16-9-4/h10H,6-9H2,1-5H3	butan-2-yl ethyl diethylpropanedioate	CCC(C)OC(=O)C(CC)(CC)C(=O)OCC	3.5	45261	PubChem:(45261);PubChem class - safety and toxic	67108866
50	1	N/A	-209.4760742061948	C13H24O4	[M - H2O + H]+	JFKCVAZSEWPOIX	InChI=1S/C13H24O4/c1-9(2)11-5-4-10(3)8-12(11)17-13(15)16-7-6-14/h9-12,14H,4-8H2,1-3H3	Menthyl glycol carbonate	CC1CCC(C(C1)OC(=O)OCCO)C(C)C	3.29999995	189860;9837728;11673181;51668688;68267427;98139421;98139422;134254464	NORMAN:(NS00020589);COCONUT:(CNP0293651);HMDB:(36141);PubChem class - food;PubChem:(189860 9837728 11673181 51668688 68267427 98139421 98139422 134254464);PubChem class - bio and metabolites;MeSH:(9837728);PubChem class - safety and toxic;PubMed	220463182
51	1	N/A	-210.89517086348832	C13H24O4	[M - H2O + H]+	FLTHTXOHIZKWMR	InChI=1S/C13H24O4/c1-4-5-6-7-8-9-13(17-12(3)15)10-16-11(2)14/h13H,4-10H2,1-3H3	2-acetyloxynonyl acetate	CCCCCCCC(COC(=O)C)OC(=O)C	3.5	163261	PubChem:(163261);NORMAN:(NS00013090)	262146
52	1	N/A	-211.16960194773668	C13H24O4	[M - H2O + H]+	TVGYJOZXWMFEJX	InChI=1S/C13H24O4/c1-5-6-7-8-13(17-12(4)15)10(2)9-16-11(3)14/h10,13H,5-9H2,1-4H3	2-Methyloctane-1,3-diyl diacetate	CCCCCC(C(C)COC(=O)C)OC(=O)C	3.20000005	106737	PubChem:(106737);NORMAN:(NS00012944)	262146
53	1	N/A	-245.57470488757608	C13H24O4	[M - H2O + H]+	ZALVGSSYVAPZDA	InChI=1S/C13H24O4/c1-4-5-6-7-8-9-10-13(16-11(2)14)17-12(3)15/h13H,4-10H2,1-3H3	Jasmonyl	CCCCCCCCC(OC(=O)C)OC(=O)C	4.0999999	162000	NORMAN:(NS00013035);PubChem class - safety and toxic;PubChem:(162000)	67371010
1	1	N/A	-115.03174126806391	C13H22O3	[M + H]+	RZMRKQQJGBTKOK	InChI=1S/C13H22O3/c1-9-6-11(16)7-13(2,3)12(9)5-4-10(15)8-14/h6,10,12,14-15H,4-5,7-8H2,1-3H3	null	CC1=CC(=O)CC(C1CCC(CO)O)(C)C	0.800000012	23583100;74065368	COCONUT:(CNP0168123);Natural Products:(UNPD209673);PubChem:(23583100 74065368);SuperNatural:(SN00163266);YMDB Mine;PubMed	34362916930
2	1	N/A	-119.01679193738423	C13H22O3	[M + H]+	ZBINRPLPEWTFBX	InChI=1S/C13H22O3/c1-9-6-11(16)7-13(3,8-14)12(9)5-4-10(2)15/h11,14,16H,4-8H2,1-3H3	4-[(4R,6S)-4-hydroxy-6-(hydroxymethyl)-2,6-dimethylcyclohexen-1-yl]butan-2-one	CC1=C(C(CC(C1)O)(C)CO)CCC(=O)C	0.200000003	13893571	COCONUT:(CNP0124466);Natural Products:(UNPD162036);PubChem:(13893571);SuperNatural:(SN00297972)	3178498
3	1	N/A	-120.10432877047032	C13H22O3	[M + H]+	CWOFGGNDZOPNFG	InChI=1S/C13H22O3/c1-9-7-11(15)8-12(3,4)13(9,16)6-5-10(2)14/h7,10,14,16H,5-6,8H2,1-4H3	7,8-Dihydrovomifoliol	CC1=CC(=O)CC(C1(CCC(C)O)O)(C)C	0.800000012	14135401;14135402;25755221;25755223;129317062	COCONUT:(CNP0193250);KNApSAcK:(42289);Natural Products:(UNPD115004 UNPD37032 UNPD81109 UNPD125372);PubChem:(14135401 14135402 25755221 25755223 129317062);SuperNatural:(SN00019915 SN00019917 SN00019918 SN00019916);YMDB Mine;ZINC bio:(ZINC13331154 ZINC13331156 ZINC13331158 ZINC13331160);additional;Training Set;PubMed	34363465810
4	1	N/A	-122.93359001157505	C13H22O3	[M + H]+	NNHZRFWALNMRKS	InChI=1S/C13H22O3/c1-9-7-11(15)8-12(3,4)13(9,16)6-5-10(2)14/h9-11,14-16H,7-8H2,1-4H3	1,4-Cyclohexanediol, 1-(3-hydroxy-1-butynyl)-2,2,6-trimethyl-	CC1CC(CC(C1(C#CC(C)O)O)(C)C)O	1.0	15624543;54120440	COCONUT:(CNP0272165);Natural Products:(UNPD173210);PubChem:(15624543 54120440)	2129922
5	1	N/A	-124.92763022346955	C13H22O3	[M + H]+	SUEHQRQENOZFTJ	InChI=1S/C13H22O3/c1-9(15)4-5-12-10(8-14)6-11(16)7-13(12,2)3/h4-5,9,11,14-16H,6-8H2,1-3H3	null	CC(C=CC1=C(CC(CC1(C)C)O)CO)O	0.400000006	71746623;71746624	COCONUT:(CNP0303514);Natural Products:(UNPD210892 UNPD229878);PubChem:(71746623 71746624)	2129922
6	1	N/A	-129.78471390636278	C13H22O3	[M + H]+	ZWAAAEHDCOEGQK	InChI=1S/C13H22O3/c1-8-7-11(15)12(16)13(3,4)10(8)6-5-9(2)14/h7,9-10,12,14,16H,5-6H2,1-4H3	(4S,6R)-6-hydroxy-4-[(3R)-3-hydroxybutyl]-3,5,5-trimethylcyclohex-2-en-1-one	CC1=CC(=O)C(C(C1CCC(C)O)(C)C)O	1.29999995	11218401	COCONUT:(CNP0202333);Natural Products:(UNPD120475);PubChem:(11218401);SuperNatural:(SN00362089);YMDB Mine	34362916866
7	1	N/A	-131.87697314714129	C13H22O3	[M + H]+	JSORAKUVTJZTFV	InChI=1S/C13H22O3/c1-5-13(3)11(16-13)8-6-10(2)7-9-12(14)15-4/h7,11H,5-6,8-9H2,1-4H3	null	CCC1(C(O1)CCC(=CCC(=O)OC)C)C	2.80433702	""	COCONUT:(CNP0150308);Natural Products:(UNPD188467);SuperNatural:(SN00375497)	3178496
8	1	N/A	-132.91068932658314	C13H22O3	[M + H]+	KAYPVDMYTBBFGJ	InChI=1S/C13H22O3/c1-12(2,15)10-6-7-13(3)8-9(14)4-5-11(13)16-10/h10-11,15H,4-8H2,1-3H3	(2R,4aS,8aS)-2-(2-hydroxypropan-2-yl)-4a-methyl-3,4,5,7,8,8a-hexahydro-2H-chromen-6-one	CC12CCC(OC1CCC(=O)C2)C(C)(C)O	1.10000002	15513428;102512285	COCONUT:(CNP0310536);Natural Products:(UNPD68449);PubChem:(15513428 102512285);SuperNatural:(SN00262173);MeSH:(15513428);PubMed	3178566
9	1	N/A	-138.9746196618416	C13H22O3	[M + H]+	KVWWIYGFBYDJQC	InChI=1S/C13H22O3/c1-3-4-5-6-11-10(7-8-12(11)14)9-13(15)16-2/h10-11H,3-9H2,1-2H3	Cepionate	CCCCCC1C(CCC1=O)CC(=O)OC	2.70000005	102861;1738122;1738124;1738125;1738127;54016344;57174084;129129463	HMDB:(31740);PubChem class - food;SuperNatural:(SN00002754 SN00051789 SN00051790 SN00051788);ZINC bio:(ZINC02077814 ZINC02077816 ZINC02077817 ZINC02077819);additional;MeSH:(102861);PubMed;NORMAN:(NS00004102);COCONUT:(CNP0239046);KNApSAcK:(226);Natural Products:(UNPD189385);PubChem:(102861 1738122 1738124 1738125 1738127 54016344 57174084 129129463);CHEBI:(89741);PubChem class - bio and metabolites;PubChem class - safety and toxic;Training Set	222093438
10	1	N/A	-140.12544727929804	C13H22O3	[M + H]+	IHDJYDVWNNFPHR	InChI=1S/C13H22O3/c1-9-7-11(15)8-12(3,4)13(9,16)6-5-10(2)14/h5-6,9-10,14,16H,7-8H2,1-4H3	Cyclohexanone, 4-hydroxy-4-(3-hydroxy-1-butenyl)-3,3,5-trimethyl-	CC1CC(=O)CC(C1(C=CC(C)O)O)(C)C	0.899999976	15847407;11447477;21630916;23136584;57759163;68830701;71344200;91486610;129316634;132586923	COCONUT:(CNP0235511);HMDB:(40615);Natural Products:(UNPD106022 UNPD32598 UNPD117606);PubChem:(15847407 11447477 21630916 23136584 57759163 68830701 71344200 91486610 129316634 132586923);SuperNatural:(SN00248198 SN00395484 SN00396361);CHEBI:(138758);PubChem class - bio and metabolites;KEGG Mine	8609890346
11	1	N/A	-140.74379192130527	C13H22O3	[M + H]+	OOYCGMQJIWHWHA	InChI=1S/C13H22O3/c1-3-4-5-6-11-10(7-8-12(11)14)9-13(15)16-2/h4-5,10-12,14H,3,6-9H2,1-2H3	Cyclopentaneacetic acid, 3-hydroxy-2-(2-pentenyl)-, methyl ester	CCC=CCC1C(CCC1O)CC(=O)OC	2.20000005	10727960;10059594;11009664;14037102;14037104;11107054;11172176;11195486;24886481;54161798;91584500;91747484;101130847;102092782;101334370	COCONUT:(CNP0241005);Natural Products:(UNPD130004);PubChem:(10727960 10059594 11009664 14037102 14037104 11107054 11172176 11195486 24886481 54161798 91584500 91747484 101130847 102092782 101334370);SuperNatural:(SN00317444);PubMed;KEGG Mine	8593113154
12	1	N/A	-140.91464917843592	C13H22O3	[M + H]+	DGSQNDBKBFKKOZ	InChI=1S/C13H22O3/c1-9(2)4-6-11-10(5-7-12(11)14)8-13(15)16-3/h9-11H,4-8H2,1-3H3	Methyl 2-isopentyl-3-oxocyclopentaneacetate	CC(C)CCC1C(CCC1=O)CC(=O)OC	2.4000001	122519	PubChem:(122519);NORMAN:(NS00051080)	262146
13	1	N/A	-144.01806699851926	C13H22O3	[M + H]+	ZASZETBXFSDFOD	InChI=1S/C13H22O3/c1-10(14)6-5-9-13(3,4)12(16)8-7-11(2)15/h5-9H2,1-4H3	6,6-dimethylundecane-2,5,10-trione	CC(=O)CCCC(C)(C)C(=O)CCC(=O)C	0.800000012	39675	COCONUT:(CNP0152126);Natural Products:(UNPD128094);PubChem:(39675);SuperNatural:(SN00281733);PubMed	3178562
14	1	N/A	-144.2169408265339	C13H22O3	[M + H]+	RMWIEEYTJKQJFF	InChI=1S/C13H22O3/c1-5-15-11(14)10-13(16-10)7-9(2)6-12(3,4)8-13/h9-10H,5-8H2,1-4H3	ethyl 5,5,7-trimethyl-1-oxaspiro[2.5]octane-2-carboxylate	CCOC(=O)C1C2(O1)CC(CC(C2)(C)C)C	3.0999999	108423	PubChem:(108423);NORMAN:(NS00012472)	262146
15	1	N/A	-147.34547982004875	C13H22O3	[M + H]+	WDDXOWKFBRTFGR	InChI=1S/C13H22O3/c1-2-3-4-5-7-12(14)8-9-13-15-10-6-11-16-13/h3-4,13H,2,5-11H2,1H3	(E)-1-(1,3-dioxan-2-yl)non-6-en-3-one	CCC=CCCC(=O)CCC1OCCCO1	1.89999998	11970647;20846346;53427578	PubChem:(11970647 20846346 53427578);NORMAN:(NS00058517)	262146
16	1	N/A	-149.7921161300284	C13H22O3	[M + H]+	MNXADTNACOINFR	InChI=1S/C13H22O3/c1-2-3-4-6-9-12(15)13(16)10-7-5-8-11-14/h2-5,8,12-16H,1,6-7,9-11H2	null	C=CC=CCCC(C(CCC=CCO)O)O	1.5	139585961;139587746	PubChem:(139585961 139587746);COCONUT:(CNP0355465)	2097154
17	1	N/A	-153.64626187046346	C13H22O3	[M + H]+	PKTPPUCVSIVUJC	InChI=1S/C13H22O3/c1-9-7-10(14)8-12(2,3)11(9)5-6-13(4,15)16/h5-7,10-11,14-16H,8H2,1-4H3	null	CC1=CC(CC(C1C=CC(C)(O)O)(C)C)O	1.90610063	""	COCONUT:(CNP0284407)	2097152
18	1	N/A	-153.83859360176956	C13H22O3	[M + H]+	XUKHTJZFVQWUKR	InChI=1S/C13H22O3/c1-9-5-12(4)6-10(2)13(9,8-16-12)7-15-11(3)14/h9-10H,5-8H2,1-4H3	CBMicro_019439	CC1CC2(CC(C1(CO2)COC(=O)C)C)C	2.20000005	780330;780331;780332;3115164	COCONUT:(CNP0111082);PubChem:(780330 780331 780332 3115164);SuperNatural:(SN00085685 SN00044536 SN00044535);ZINC bio:(ZINC00273463 ZINC00273464 ZINC12341409)	3153922
19	1	N/A	-155.55350290926603	C13H22O3	[M + H]+	RIJOBLHGDPBGDU	InChI=1S/C13H22O3/c1-3-6-11(14)7-4-5-8-12-10(2)9-13(15)16-12/h4-5,10-12,14H,3,6-9H2,1-2H3	null	CCCC(CC=CCC1C(CC(=O)O1)C)O	2.5999999	101883055;139583303	PubChem:(101883055 139583303);COCONUT:(CNP0356913)	2097154
20	1	N/A	-155.80426007378117	C13H22O3	[M + H]+	HODWUFMHAGVDJY	InChI=1S/C13H22O3/c1-8(14)5-6-10-9(2)12(16)11(15)7-13(10,3)4/h5-6,8,11-12,14-16H,7H2,1-4H3	3-Cyclohexene-1,2-diol, 4-(3-hydroxy-1-butenyl)-3,5,5-trimethyl-	CC1=C(C(CC(C1O)O)(C)C)C=CC(C)O	0.5	15628171;11379144;101215660	COCONUT:(CNP0115197);Natural Products:(UNPD619);PubChem:(15628171 11379144 101215660);SuperNatural:(SN00290937)	3178498
21	1	N/A	-155.8044617427132	C13H22O3	[M + H]+	LOVYECFMRPYLLZ	InChI=1S/C13H22O3/c1-3-11(14-9-1)4-5-12-6-8-13(16-12)7-2-10-15-13/h11-12H,1-10H2	4-19-00-04744 (Beilstein Handbook Reference)	C1CC(OC1)CCC2CCC3(O2)CCCO3	2.0999999	45284	PubChem:(45284);PubChem class - safety and toxic	67108866
22	1	N/A	-157.55984341489943	C13H22O3	[M + H]+	HYNHXOXLUXVTRM	InChI=1S/C13H22O3/c1-9(14)4-5-11-12(2,3)6-10(15)7-13(11)8-16-13/h9,11,14H,4-8H2,1-3H3	(3R,8R)-8-[(3S)-3-hydroxybutyl]-7,7-dimethyl-2-oxaspiro[2.5]octan-5-one	CC(CCC1C(CC(=O)CC12CO2)(C)C)O	1.10000002	5319213	COCONUT:(CNP0268476);Natural Products:(UNPD14190);PubChem:(5319213);SuperNatural:(SN00326622)	3178498
23	1	N/A	-160.37819323243946	C13H22O3	[M + H]+	WBBFALIHLDNIJV	InChI=1S/C13H22O3/c1-9-7-11(15)8-13(9,16)12(3,4)6-5-10(2)14/h7,10,14,16H,5-6,8H2,1-4H3	null	CC1=CC(=O)CC1(C(C)(C)CCC(C)O)O	0.800000012	49801759	COCONUT:(CNP0137861);Natural Products:(UNPD19431);PubChem:(49801759);SuperNatural:(SN00265850)	3178498
24	1	N/A	-162.94948579821505	C13H22O3	[M + H]+	OWFGLXIJMKELAW	InChI=1S/C13H22O3/c1-9(14)5-6-11-12(2,3)7-10(15)8-13(11,4)16/h5,9-10,14-16H,7-8H2,1-4H3	null	CC(C=C=C1C(CC(CC1(C)O)O)(C)C)O	0.0	15703400;45097932;92467541;92467542;101254390;134994882	COCONUT:(CNP0142459);KNApSAcK:(35810);Natural Products:(UNPD189148);PubChem:(15703400 45097932 92467541 92467542 101254390 134994882);SuperNatural:(SN00368757)	3178514
25	1	N/A	-163.20665949047873	C13H22O3	[M + H]+	LYOJMOXGTZZPFW	InChI=1S/C13H22O3/c1-11(2)10(14)5-6-12(3)8-9-4-7-13(11,12)16-15-9/h9-10,14H,4-8H2,1-3H3	2-Hydroxy-1,1,10-trimethyl-6,9-epidioxydecalin	CC1(C(CCC2(C13CCC(C2)OO3)C)O)C	2.4000001	538297;124918453;124918454;124918455;124437122	COCONUT:(CNP0085803);PubChem:(538297 124918453 124918454 124918455 124437122);PubMed	2097218
26	1	N/A	-163.69465565200153	C13H22O3	[M + H]+	XEEADALXYJFRNI	InChI=1S/C13H22O3/c1-9-7-13(15,16)8-12(3,4)11(9)6-5-10(2)14/h5-7,10-11,14-16H,8H2,1-4H3	null	CC1=CC(CC(C1C=CC(C)O)(C)C)(O)O	1.90610063	""	COCONUT:(CNP0211400)	2097152
27	1	N/A	-164.17200951177728	C13H22O3	[M + H]+	IPWBXORAIBJDDQ	InChI=1S/C13H22O3/c1-3-4-5-6-7-10-11(13(15)16-2)8-9-12(10)14/h10-11H,3-9H2,1-2H3	Dihydrojasmonate	CCCCCCC1C(CCC1=O)C(=O)OC	3.0	162249;76970448;76970449;76970450;76970451	NORMAN:(NS00002696);MeSH:(162249);PubChem class - safety and toxic;PubChem:(162249 76970448 76970449 76970450 76970451);PubMed	67371078
28	1	N/A	-164.81401729969303	C13H22O3	[M + H]+	PLTWWOSCVCHERF	InChI=1S/C13H22O3/c1-9(5-6-12(14)16-4)11-7-8-13(3,15)10(11)2/h10-11,15H,1,5-8H2,2-4H3	null	CC1C(CCC1(C)O)C(=C)CCC(=O)OC	2.5028882	""	COCONUT:(CNP0336014)	2097152
29	1	N/A	-166.23753765177096	C13H22O3	[M + H]+	YCUYYUAPJJVTBX	InChI=1S/C13H22O3/c1-9(14)5-6-11-12(2,3)7-10(15)8-13(11,4)16/h5-6,10-11,15-16H,7-8H2,1-4H3	3-Buten-2-one, 4-(2,4-dihydroxy-2,6,6-trimethylcyclohexyl)-	CC(=O)C=CC1C(CC(CC1(C)O)O)(C)C	1.10000002	14229052;57090228	PubChem:(14229052 57090228);COCONUT:(CNP0001238)	2097154
30	1	N/A	-166.47716430501308	C13H22O3	[M + H]+	AYWGPQFATRWJMF	InChI=1S/C13H22O3/c1-10(14)6-9-13(16)11(2,3)7-5-8-12(13,4)15/h6,9,15-16H,5,7-8H2,1-4H3	(E)-4-(1,2-dihydroxy-2,6,6-trimethylcyclohexyl)but-3-en-2-one	CC(=O)C=CC1(C(CCCC1(C)O)(C)C)O	1.0	5363659;15693868;101637769	COCONUT:(CNP0115439);Natural Products:(UNPD58084 UNPD64171);PubChem:(5363659 15693868 101637769);SuperNatural:(SN00359700 SN00242919);KEGG Mine	8593113090
31	1	N/A	-170.55434928845537	C13H22O3	[M + H]+	SYVFGLXUEAXFAP	InChI=1S/C13H22O3/c1-3-13(2,15)10-6-4-5-7-11-8-9-12(14)16-11/h8-9,11,15H,3-7,10H2,1-2H3	2-(6-hydroxy-6-methyloctyl)-2H-furan-5-one	CCC(C)(CCCCCC1C=CC(=O)O1)O	2.70000005	10799274;11746327;92466459;92466460;92466461;92466462	COCONUT:(CNP0274976);KNApSAcK:(46161);Natural Products:(UNPD43087 UNPD71787);PubChem:(10799274 11746327 92466459 92466460 92466461 92466462);SuperNatural:(SN00036879 SN00036880 SN00036878 SN00036881);ZINC bio:(ZINC14490828 ZINC14490830 ZINC14490832 ZINC14490834);additional;PubMed	3711058
32	1	N/A	-171.24584912196374	C13H22O3	[M + H]+	AISJENNWEMLKIH	InChI=1S/C13H22O3/c1-2-3-10-16-13(15)9-8-11-6-4-5-7-12(11)14/h11H,2-10H2,1H3	Butyl 2-oxocyclohexanepropionate	CCCCOC(=O)CCC1CCCCC1=O	2.4000001	109161	PubChem:(109161);NORMAN:(NS00064275)	262146
33	1	N/A	-171.95847501675445	C13H22O3	[M + H]+	ZKLGONMUSTXSKO	InChI=1S/C13H22O3/c1-2-3-4-5-6-7-10-8-11(14)13(16)12(15)9-10/h4-7,10-16H,2-3,8-9H2,1H3	null	CCCC=CC=CC1CC(C(C(C1)O)O)O	1.60000002	124878547;124878548;124878554;128964467	COCONUT:(CNP0381056);Training Set;PubChem:(124878547 124878548 124878554 128964467)	2113538
34	1	N/A	-172.83065667130634	C13H22O3	[M + H]+	BVNCCXWAZAZQNM	InChI=1S/C13H22O3/c1-9(14)5-6-13-11(2,3)7-10(15)8-12(13,4)16-13/h5-6,9-10,14-15H,7-8H2,1-4H3	Corchoionol A	CC(C=CC12C(CC(CC1(O2)C)O)(C)C)O	1.0	539381;5363777;10656857;21630907;23251169	COCONUT:(CNP0221428);Natural Products:(UNPD136720 UNPD220402 UNPD129196 UNPD139093);PubChem:(539381 5363777 10656857 21630907 23251169);SuperNatural:(SN00246095 SN00402589 SN00234422);PubMed	3178562
35	1	N/A	-173.06570680021866	C13H22O3	[M + H]+	ICNXSEHALJKFAA	InChI=1S/C13H22O3/c1-9-6-11(16)7-13(2,3)12(9)5-4-10(15)8-14/h9,12,14H,4-8H2,1-3H3	null	CC1CC(=O)CC(C1CCC(=O)CO)(C)C	1.29999995	23583102	COCONUT:(CNP0416104);PubChem:(23583102);SuperNatural:(SN00163265)	3145730
36	1	N/A	-174.43831229117885	C13H22O3	[M + H]+	AEPMKZIOUKHDOO	InChI=1S/C13H22O3/c1-10(11(2)14)6-4-3-5-7-12-8-9-13(15)16-12/h8-12,14H,3-7H2,1-2H3	null	CC(CCCCCC1C=CC(=O)O1)C(C)O	3.0	10633021;23729847;25053249;44613441;58370762;92466463;96355445;96355446;100582847;100582857;101209770;101209771	COCONUT:(CNP0341296);Natural Products:(UNPD28092);PubChem:(10633021 23729847 25053249 44613441 58370762 92466463 96355445 96355446 100582847 100582857 101209770 101209771);SuperNatural:(SN00036882 SN00318179 SN00042413 SN00042414 SN00036883);ZINC bio:(ZINC14490836 ZINC14490840 ZINC77257507 ZINC77257508);additional;Training Set;PubMed	3727426
37	1	N/A	-175.63722288674057	C13H22O3	[M + H]+	SZYCBJGUAAOPDY	InChI=1S/C13H22O3/c1-10-9-13(15)16-12(10)8-6-4-3-5-7-11(2)14/h4,6,10-12,14H,3,5,7-9H2,1-2H3	null	CC1CC(=O)OC1CC=CCCCC(C)O	2.4000001	101883056;139588287	PubChem:(101883056 139588287);COCONUT:(CNP0418625)	2097154
38	1	N/A	-176.37894390402914	C13H22O3	[M + H]+	ATKLFQNRZDAYDU	InChI=1S/C13H22O3/c1-8-7-11(15)12(16)13(3,4)10(8)6-5-9(2)14/h5-6,8,10-12,15-16H,7H2,1-4H3	null	CC1CC(C(C(C1C=CC(=O)C)(C)C)O)O	1.63249171	""	COCONUT:(CNP0142828);Natural Products:(UNPD63644);SuperNatural:(SN00161898)	3178496
39	1	N/A	-176.99335751851712	C13H22O3	[M + H]+	OLXZYZHHDDGGQC	InChI=1S/C13H22O3/c1-3-5-11(6-4-2)9-12(14)10-13-15-7-8-16-13/h9,13H,3-8,10H2,1-2H3	1-(1,3-Dioxolan-2-yl)-4-propylhept-3-en-2-one	CCCC(=CC(=O)CC1OCCO1)CCC	2.9000001	41698	PubChem:(41698);PubChem class - safety and toxic	67108866
40	1	N/A	-177.111687763127	C13H22O3	[M + H]+	KZQPCBQSLCLWQU	InChI=1S/C13H22O3/c1-4-6-7-8-9-10-12(11(3)14)13(15)16-5-2/h10H,4-9H2,1-3H3	Ethyl2-acetyl-2-nonenoate	CCCCCCC=C(C(=O)C)C(=O)OCC	3.79999995	3017514;6365602;6509792	PubChem:(3017514 6365602 6509792);NORMAN:(NS00053063)	262146
41	1	N/A	-177.31830485962408	C13H22O3	[M + H]+	DTKRFHZIFOHAMP	InChI=1S/C13H22O3/c1-4-11(14)9-7-5-6-8-10(9)13(2,3)12(15)16/h9-10H,4-8H2,1-3H3,(H,15,16)	2-methyl-2-(2-propanoylcyclohexyl)propanoic Acid	CCC(=O)C1CCCCC1C(C)(C)C(=O)O	2.79999995	2754206;7056716;7056717;7056718;7056719;7056720;7056721;7056722;7056723	COCONUT:(CNP0046605);PubChem:(2754206 7056716 7056717 7056718 7056719 7056720 7056721 7056722 7056723);SuperNatural:(SN00127063 SN00127062 SN00127064 SN00127061);ZINC bio:(ZINC03850143 ZINC03850144 ZINC03850145 ZINC03850146)	3153922
42	1	N/A	-178.5995356193474	C13H22O3	[M + H]+	YDPPBENWUYMGNZ	InChI=1S/C13H22O3/c1-3-4-6-11(14)7-5-8-12-10(2)9-13(15)16-12/h5,7,10-12,14H,3-4,6,8-9H2,1-2H3	null	CCCCC(C=CCC1C(CC(=O)O1)C)O	2.5999999	11107056;101251214	COCONUT:(CNP0189649);Natural Products:(UNPD116469);PubChem:(11107056 101251214);SuperNatural:(SN00236764)	3178498
43	1	N/A	-178.78808379778405	C13H22O3	[M + H]+	FORDTPYVXPUZAX	InChI=1S/C13H22O3/c1-4-7-8-10(5-2)12(15)9-13(16)11(14)6-3/h8,13,16H,4-7,9H2,1-3H3	null	CCCC=C(CC)C(=O)CC(C(=O)CC)O	2.0999999	101854810	COCONUT:(CNP0258054);Natural Products:(UNPD136240);PubChem:(101854810);SuperNatural:(SN00363350)	3178498
44	1	N/A	-179.44275070498358	C13H22O3	[M + H]+	MSBRSFQZKZOPDR	InChI=1S/C13H22O3/c1-4-5-6-11-10(8-12(14)16-3)7-9(2)13(11)15/h9-11H,4-8H2,1-3H3	Methyl 2-butyl-4-methyl-3-oxocyclopentaneacetate	CCCCC1C(CC(C1=O)C)CC(=O)OC	2.70000005	21149606	PubChem:(21149606);NORMAN:(NS00062277)	262146
45	1	N/A	-179.60601356565098	C13H22O3	[M + H]+	FASIIYNRDQNTIU	InChI=1S/C13H22O3/c1-7-3-4-8-6-16-13(2)10(14)5-9(7)11(8)12(13)15/h7-12,14-15H,3-6H2,1-2H3	null	CC1CCC2COC3(C(CC1C2C3O)O)C	1.35064828	""	COCONUT:(CNP0182859);Natural Products:(UNPD67287);SuperNatural:(SN00320436)	3178496
46	1	N/A	-180.48911370497626	C13H22O3	[M + H]+	GHZNRTXUTGFTAC	InChI=1S/C13H22O3/c1-3-12(14)9-6-10-4-7-11(8-5-10)13(15)16-2/h10-11H,3-9H2,1-2H3	null	CCC(=O)CCC1CCC(CC1)C(=O)OC	2.95031905	""	COCONUT:(CNP0150207);Natural Products:(UNPD185027);SuperNatural:(SN00265534)	3178496
47	1	N/A	-181.07135766728854	C13H22O3	[M + H]+	HXNJREREBYTEGW	InChI=1S/C13H22O3/c1-4-6-7-8-9-11(13(15)16)10(3)12(14)5-2/h9-10H,4-8H2,1-3H3,(H,15,16)	null	CCCCCC=C(C(C)C(=O)CC)C(=O)O	3.26427364	""	COCONUT:(CNP0118141);Natural Products:(UNPD227147)	2129920
48	1	N/A	-181.12442603600863	C13H22O3	[M + H]+	PGMPWEGLIACGIU	InChI=1S/C13H22O3/c1-2-12-8-14-13(15-9-12,16-10-12)11-6-4-3-5-7-11/h11H,2-10H2,1H3	1-Cyclohexyl-4-ethylbicycloorthocarboxylate	CCC12COC(OC1)(OC2)C3CCCCC3	2.79999995	175721	PubChem:(175721);PubChem class - safety and toxic	67108866
49	1	N/A	-182.08777779263292	C13H22O3	[M + H]+	PRYKRPSKOZIRLZ	InChI=1S/C13H22O3/c1-9(8-11(3)12(4)14)6-5-7-10(2)13(15)16/h5-6,9-11H,7-8H2,1-4H3,(H,15,16)	null	CC(CC=CC(C)CC(C)C(=O)C)C(=O)O	2.6384263	""	COCONUT:(CNP0340287);Natural Products:(UNPD156656);SuperNatural:(SN00276032)	3178496
50	1	N/A	-182.21303591876514	C13H22O3	[M + H]+	NUQAIRUKFLHEIK	InChI=1S/C13H22O3/c1-10(2)5-4-6-11(3)7-13-15-8-12(14)9-16-13/h5,7,12-14H,4,6,8-9H2,1-3H3	2-(2,6-Dimethylhepta-1,5-dienyl)-1,3-dioxan-5-ol	CC(=CCCC(=CC1OCC(CO1)O)C)C	2.5999999	107586;6437337	PubChem:(107586 6437337);NORMAN:(NS00031685)	262146
51	1	N/A	-184.05645586450692	C13H22O3	[M + H]+	UMZZGLBLVAIHPM	InChI=1S/C13H22O3/c1-5-15-13(4)10-6-9(14)7-12(2,3)11(10)8-16-13/h10-11H,5-8H2,1-4H3	(3S,3aS)-3-ethoxy-3,7,7-trimethyl-3a,4,6,7a-tetrahydro-1H-2-benzofuran-5-one	CCOC1(C2CC(=O)CC(C2CO1)(C)C)C	1.60000002	5317526	COCONUT:(CNP0410142);PubChem:(5317526);SuperNatural:(SN00160254)	3145730
52	1	N/A	-186.91470235260385	C13H22O3	[M + H]+	PARQKBHRABMRKU	InChI=1S/C13H22O3/c1-10(2)5-4-6-11(3)7-13-15-9-12(8-14)16-13/h5,7,12-14H,4,6,8-9H2,1-3H3	Citral glyceryl acetal, (Z)-	CC(=CCCC(=CC1OCC(O1)CO)C)C	2.5999999	110693;6437578;71587781;76961621;76961622;76961623;76961624;76968249;76968250;76968251;76968252	NORMAN:(NS00046096);PubChem class - food;PubChem:(110693 6437578 71587781 76961621 76961622 76961623 76961624 76968249 76968250 76968251 76968252)	134479874
53	1	N/A	-187.01112624397086	C13H22O3	[M + H]+	ZQIIAKHOIHRGSM	InChI=1S/C13H22O3/c1-6-12(4,15-10(3)14)9-8-11-13(5,7-2)16-11/h6,11H,1,7-9H2,2-5H3	3,7-Dimethyl-6,7-epoxy-1-nonen-3-yl acetate	CCC1(C(O1)CCC(C)(C=C)OC(=O)C)C	2.5	112033;92284539;92284540;92285658;92285659;92855270;92855269	PubChem:(112033 92284539 92284540 92285658 92285659 92855270 92855269);NORMAN:(NS00053941)	262146
54	1	N/A	-187.2795922833231	C13H22O3	[M + H]+	YLXMIDJRRREVMX	InChI=1S/C13H22O3/c1-9(14)4-5-11-12(2)6-10(15)7-13(11,3)16-8-12/h9,11,14H,4-8H2,1-3H3	null	CC(CCC1C2(CC(=O)CC1(OC2)C)C)O	0.899999976	101260349;101362066	COCONUT:(CNP0284710);KNApSAcK:(35808);Natural Products:(UNPD167453 UNPD67541);PubChem:(101260349 101362066);SuperNatural:(SN00279579 SN00237043)	3178514
55	1	N/A	-187.9066615732006	C13H22O3	[M + H]+	SEGPUWHDYYKOHF	InChI=1S/C13H22O3/c1-10(2)12-7-14-13(15-8-12,16-9-12)11-5-3-4-6-11/h10-11H,3-9H2,1-2H3	1-Cyclopentyl-4-isopropylbicycloorthocarboxylate	CC(C)C12COC(OC1)(OC2)C3CCCC3	2.70000005	175755	PubChem:(175755);PubChem class - safety and toxic	67108866
56	1	N/A	-188.01015779807642	C13H22O3	[M + H]+	CWLKAPCFJXJCEO	InChI=1S/C13H22O3/c1-9-7-11(15)8-12(3,4)13(9,16)6-5-10(2)14/h5-6,9,11,15-16H,7-8H2,1-4H3	(+)-boscialin	CC1CC(CC(C1(C=CC(=O)C)O)(C)C)O	1.20000005	6442487;10537244;10656867;10846879;14564103;20055776;72732886	COCONUT:(CNP0398541);KNApSAcK:(42295);Natural Products:(UNPD36230 UNPD39429);PubChem:(6442487 10537244 10656867 10846879 14564103 20055776 72732886);SuperNatural:(SN00338183 SN00294224);MeSH:(6442487);PubMed	3178582
57	1	N/A	-188.82408733435102	C13H22O3	[M + H]+	ORXJSCDQUTXZPA	InChI=1S/C13H22O3/c1-4-11(7-6-10(3)14)13(16)9-8-12(15)5-2/h7,10,14H,4-6,8-9H2,1-3H3	null	CCC(=O)CCC(=O)C(=CCC(C)O)CC	1.29999995	101854808	COCONUT:(CNP0187626);Natural Products:(UNPD144018);PubChem:(101854808);SuperNatural:(SN00368023)	3178498
58	1	N/A	-190.51856422758163	C13H22O3	[M + H]+	KLMVGMFEHSXUMU	InChI=1S/C13H22O3/c1-4-10(9-12(15)6-3)13(16)8-7-11(14)5-2/h9,12,15H,4-8H2,1-3H3	null	CCC(C=C(CC)C(=O)CCC(=O)CC)O	1.29999995	101854809	COCONUT:(CNP0124848);Natural Products:(UNPD47219 UNPD58015);PubChem:(101854809);SuperNatural:(SN00344005)	3178498
59	1	N/A	-193.69284400797812	C13H22O3	[M + H]+	GGUQIBLJJDDPJR	InChI=1S/C13H22O3/c1-3-5-7-9-11(14)13(16)12(15)10-8-6-4-2/h3-6,11,13-14,16H,7-10H2,1-2H3	null	CC=CCCC(C(C(=O)CCC=CC)O)O	1.70000005	139583846;139586989	PubChem:(139583846 139586989);COCONUT:(CNP0355455)	2097154
60	1	N/A	-193.99654212081336	C13H22O3	[M + H]+	YOVOSAKDAZXQLZ	InChI=1S/C13H22O3/c1-5-10(9(2)3)6-7-13(4)8-11(14)12(15)16-13/h6-7,9-11,14H,5,8H2,1-4H3	null	CCC(C=CC1(CC(C(=O)O1)O)C)C(C)C	2.78713274	""	COCONUT:(CNP0195515);Natural Products:(UNPD106478);SuperNatural:(SN00318242)	3178496
61	1	N/A	-196.6912598893461	C13H22O3	[M + H]+	JZZFHGHGUGITAS	InChI=1S/C13H22O3/c1-8(14)10-5-11-12(2,3)6-9(15)7-13(11,4)16-10/h5,8-10,14-15H,6-7H2,1-4H3	null	CC(C1C=C2C(CC(CC2(O1)C)O)(C)C)O	0.899999976	91748725;91750247;101109309;101109310	COCONUT:(CNP0160478);Natural Products:(UNPD134981);PubChem:(91748725 91750247 101109309 101109310);SuperNatural:(SN00255416)	3178498
62	1	N/A	-197.47902724527262	C13H22O3	[M + H]+	LYIHRLYQELBUKR	InChI=1S/C13H22O3/c1-5-8(2)12(14)11-7-16-13(4)9(3)10(11)6-15-13/h8-11H,5-7H2,1-4H3	null	CCC(C)C(=O)C1COC2(C(C1CO2)C)C	2.0	44551277;44551278;72734372;75066723;90070305;132500979;132500980	COCONUT:(CNP0172374);Natural Products:(UNPD125921 UNPD185978);PubChem:(44551277 44551278 72734372 75066723 90070305 132500979 132500980);SuperNatural:(SN00332981 SN00314930);MeSH:(132500979 132500980);PubMed	3178566
63	1	N/A	-198.18661951815307	C13H22O3	[M + H]+	QEDHJKYYYBPRDH	InChI=1S/C13H22O3/c1-8(2)11-6-5-9(3)12(13(11)15)7-16-10(4)14/h8-9,11-12H,5-7H2,1-4H3	(6-methyl-2-oxo-3-propan-2-ylcyclohexyl)methyl acetate	CC1CCC(C(=O)C1COC(=O)C)C(C)C	2.70000005	2750475;7053777;7053778;7053779;7053780;11868309;11868310;11868311;11868312	COCONUT:(CNP0386769);PubChem:(2750475 7053777 7053778 7053779 7053780 11868309 11868310 11868311 11868312);SuperNatural:(SN00124205 SN00124204 SN00124207 SN00124206);ZINC bio:(ZINC03845737 ZINC03845738 ZINC03845739 ZINC03845740)	3153922
64	1	N/A	-199.50720806671703	C13H22O3	[M + H]+	UOZDDNRMIPAGFH	InChI=1S/C13H22O3/c1-6-8(3)9-10(16-5)12(15)13(4,7-2)11(9)14/h8,12,15H,6-7H2,1-5H3	null	CCC(C)C1=C(C(C(C1=O)(C)CC)O)OC	2.0999999	73346125;102227941	COCONUT:(CNP0120171);MeSH:(102227941);Natural Products:(UNPD223671);PubChem:(73346125 102227941);PubMed	2129990
65	1	N/A	-200.29465789419191	C13H22O3	[M + H]+	DULVWNSMHRFHLL	InChI=1S/C13H22O3/c1-16-13(15)11-9-7-5-3-2-4-6-8-10-12-14/h8,10,12H,2-7,9,11H2,1H3	methyl (10E)-12-oxo-10-dodecenoate	COC(=O)CCCCCCCCC=CC=O	3.29999995	12496414;53779846	COCONUT:(CNP0327747);Natural Products:(UNPD9125);PubChem:(12496414 53779846);SuperNatural:(SN00323077);KEGG Mine	8593113090
66	1	N/A	-202.52201123099573	C13H22O3	[M + H]+	BDHDHTHQHMXIDO	InChI=1S/C13H22O3/c1-9(14)4-5-11-12(2)6-10(15)7-13(11,3)16-8-12/h10-11,15H,4-8H2,1-3H3	4-[(1R,3R,5S,8R)-3-hydroxy-1,5-dimethyl-6-oxabicyclo[3.2.1]octan-8-yl]butan-2-one	CC(=O)CCC1C2(CC(CC1(OC2)C)O)C	0.899999976	10585349;11424667;101740297	COCONUT:(CNP0320399);KNApSAcK:(43054);Natural Products:(UNPD81338);PubChem:(10585349 11424667 101740297);MeSH:(101740297);PubMed	2130006
67	1	N/A	-202.75775270304175	C13H22O3	[M + H]+	ULLVLIKQBNKVSQ	InChI=1S/C13H22O3/c1-9-6-7-13(5,12(9,3)4)11(15)8-16-10(2)14/h9H,6-8H2,1-5H3	[2-oxo-2-(1,2,2,3-tetramethylcyclopentyl)ethyl] acetate	CC1CCC(C1(C)C)(C)C(=O)COC(=O)C	2.9000001	2750743;7054279;7054280;7054281;7054282	COCONUT:(CNP0266555);PubChem:(2750743 7054279 7054280 7054281 7054282);SuperNatural:(SN00124538 SN00124537 SN00124540 SN00124539);ZINC bio:(ZINC03846169 ZINC03846170 ZINC03846171 ZINC03846172)	3153922
68	1	N/A	-203.55752845388568	C13H22O3	[M + H]+	SJZGKFZUNCXEEW	InChI=1S/C13H22O3/c1-9-7-10(14)8-11(2,3)13(9)6-5-12(4,15)16-13/h7,10,14-15H,5-6,8H2,1-4H3	null	CC1=CC(CC(C12CCC(O2)(C)O)(C)C)O	1.10000002	57473083	COCONUT:(CNP0002804);HMDB:(37562);PubChem:(57473083);PubChem class - bio and metabolites	18874378
69	1	N/A	-206.10494842875272	C13H22O3	[M + H]+	ILDJSXPOMKNCOL	InChI=1S/C13H22O3/c1-5-8(2)6-7-11-9(3)12(14)10(4)13(15)16-11/h6-12,14H,5H2,1-4H3	null	CCC(C)C=CC1C(C(C(C(=O)O1)C)O)C	2.79999995	56839942;101542392	COCONUT:(CNP0410304);Natural Products:(UNPD219439 UNPD205324);PubChem:(56839942 101542392)	2129922
70	1	N/A	-207.05438014452054	C13H22O3	[M + H]+	PMSSUODTFUHXHO	InChI=1S/C13H22O3/c1-2-3-4-5-6-7-8-9-11-10-12(14)16-13(11)15/h11H,2-10H2,1H3	2,5-Furandione, dihydro-3-nonyl-	CCCCCCCCCC1CC(=O)OC1=O	4.30000019	34369	PubChem:(34369);COCONUT:(CNP0203615)	2097154
71	1	N/A	-207.9880003422099	C13H22O3	[M + H]+	MGKALPYWYBAWNU	InChI=1S/C13H22O3/c1-9(14)5-6-13-11(2,3)7-10(16-13)8-12(13,4)15/h5-6,9-10,14-15H,7-8H2,1-4H3	null	CC(C=CC12C(CC(O1)CC2(C)O)(C)C)O	1.0	46873695;53494234	COCONUT:(CNP0172977);Natural Products:(UNPD47356 UNPD185705);PubChem:(46873695 53494234);SuperNatural:(SN00274736)	3178498
72	1	N/A	-210.98735193092483	C13H22O3	[M + H]+	BGMGGJVWSQUKQA	InChI=1S/C13H22O3/c1-6-7-13(5)9(14)8-10(12(2,3)4)16-11(13)15/h6,9-10,14H,1,7-8H2,2-5H3	null	CC1(C(CC(OC1=O)C(C)(C)C)O)CC=C	2.77343965	""	COCONUT:(CNP0246309)	2097152
73	1	N/A	-212.5154027559425	C13H22O3	[M + H]+	YUMHJXLSSASJGN	InChI=1S/C13H22O3/c1-3-4-5-6-7-8-12(14)11-9-10(2)16-13(11)15/h9-10,12,14H,3-8H2,1-2H3	Acaterin	CCCCCCCC(C1=CC(OC1=O)C)O	3.70000005	126830;10082421;11790946;11390504;92463636;92463637;92463638	COCONUT:(CNP0161887);KNApSAcK:(16735);Natural Products:(UNPD170786);PubChem:(126830 10082421 11790946 11390504 92463636 92463637 92463638);SuperNatural:(SN00239543);MeSH:(126830 10082421);PubMed	3178582
74	1	N/A	-233.81797911495255	C13H22O3	[M + H]+	VUWCGGOBVYCOMA	InChI=1S/C13H22O3/c1-8(2)11-6-5-9(3)7-13(11)15-10(4)12(14)16-13/h8-11H,5-7H2,1-4H3	Freshone	CC1CCC(C2(C1)OC(C(=O)O2)C)C(C)C	3.5999999	13641049;13641050;11264633;11976204;44467287;58750498;69540414;71191419;76970429;76970430;76970431;76970432;76970433;76970434;76970435;76970436;76970437;76970438;76970439;76970440;76970441	COCONUT:(CNP0377698);PubChem class - food;PubChem:(13641049 13641050 11264633 11976204 44467287 58750498 69540414 71191419 76970429 76970430 76970431 76970432 76970433 76970434 76970435 76970436 76970437 76970438 76970439 76970440 76970441)	136314882
75	1	N/A	-235.14906097778064	C13H22O3	[M + H]+	PKKVIPFBICXMFP	InChI=1S/C13H22O3/c1-8(14)11(15)16-10-7-9-5-6-13(10,4)12(9,2)3/h8-10,14H,5-7H2,1-4H3	Borneol lactate	CC(C(=O)OC1CC2CCC1(C2(C)C)C)O	2.59633684	106971;254659	PubChem:(106971 254659);NORMAN:(NS00056354)	262146
76	1	N/A	-242.4251923053718	C13H22O3	[M + H]+	IDOOSKYTQXTQKP	InChI=1S/C13H22O3/c1-4-5-10-8(2)11-6-7-12(15-11)9(3)13(14)16-10/h8-12H,4-7H2,1-3H3	(1S,2R,3S,6S,7R)-2,6-dimethyl-3-propyl-4,10-dioxabicyclo[5.2.1]decan-5-one	CCCC1C(C2CCC(O2)C(C(=O)O1)C)C	3.0	11206901	COCONUT:(CNP0274210);Natural Products:(UNPD73340);PubChem:(11206901);SuperNatural:(SN00269707)	3178498
77	1	N/A	-248.0244906795108	C13H22O3	[M + H]+	VZOMVQNIIPKADB	InChI=1S/C13H22O3/c1-8(2)10-13(5)7-6-9(11(14)15-10)12(3,4)16-13/h8-10H,6-7H2,1-5H3	5,7,7-trimethyl-4-propan-2-yl-3,6-dioxabicyclo[3.2.2]nonan-2-one	CC(C)C1C2(CCC(C(=O)O1)C(O2)(C)C)C	2.5	2750562;7053944;7053945;98102814;98102815;98426888;98426889	COCONUT:(CNP0029643);PubChem:(2750562 7053944 7053945 98102814 98102815 98426888 98426889);SuperNatural:(SN00124302 SN00124303);ZINC bio:(ZINC03845875 ZINC03845876)	3153922