structureRankPerFormula	formulaRank	ConfidenceScore	CSI:FingerIDScore	molecularFormula	adduct	InChIkey2D	InChI	name	smiles	xlogp	pubchemids	links	dbflags
1	1	N/A	-378.4972613011789	C21H31NO5S	[M + H]+	QFJACOUEVLILBV	InChI=1S/C21H31NO5S/c1-14-6-4-5-7-15(2)10-19(23)26-17-11-16(9-8-14)27-21(12-17,25-3)18-13-28-20(24)22-18/h4,6,10,14,16-18H,5,7-9,11-13H2,1-3H3,(H,22,24)	15-methoxylatrunculin B	CC1CCC2CC(CC(O2)(C3CSC(=O)N3)OC)OC(=O)C=C(CCC=C1)C	3.4000001	14504505;68222590;68222592	COCONUT:(CNP0216438);KNApSAcK:(43161);Natural Products:(UNPD122554);PubChem:(14504505 68222590 68222592);SuperNatural:(SN00391809);PubMed;KEGG Mine	8593113170
2	1	N/A	-480.29924902310046	C21H31NO5S	[M + H]+	SMSHEBYPBWDJEV	InChI=1S/C21H31NO5S/c1-14-6-4-5-7-15(2)10-20(24)27-17(11-16(26-3)9-8-14)12-19(23)18-13-28-21(25)22-18/h4,6,10,14,16-18H,5,7-9,11-13H2,1-3H3,(H,22,25)	(4R)-4-[2-[(2R,4R,7S,8Z,12Z)-4-methoxy-7,12-dimethyl-14-oxo-1-oxacyclotetradeca-8,12-dien-2-yl]acetyl]-1,3-thiazolidin-2-one	CC1CCC(CC(OC(=O)C=C(CCC=C1)C)CC(=O)C2CSC(=O)N2)OC	3.0999999	23247391;23425223	COCONUT:(CNP0276644);Natural Products:(UNPD44049 UNPD147596);PubChem:(23247391 23425223);SuperNatural:(SN00318438 SN00325322)	3178498
1	1	N/A	-372.07371664589266	C21H33NO6S	[M - H2O + H]+	BOVLETMKONPOKL	InChI=1S/C21H33NO6S/c1-15(6-5-7-16(2)20(25)22-12-13-29(26,27)28)8-9-18-17(3)19(24)10-11-21(18,4)14-23/h6,8-9,16,23H,5,7,10-14H2,1-4H3,(H,22,25)(H,26,27,28)	Retinotaurine	CC1=C(C(CCC1=O)(C)CO)C=CC(=CCCC(C)C(=O)NCCS(=O)(=O)O)C	1.70000005	133800;6439605;101587910	MeSH:(6439605 101587910);PubChem:(133800 6439605 101587910);PubMed	70
1	2	0.11712695828221346	-268.43683694472907	C21H29N3O4	[M + Na]+	VKRFFQFUQUAIST	InChI=1S/C21H29N3O4/c1-4-5-6-7-12-22-13-14-23(21(28)20(22)27)15-18-8-10-19(11-9-18)24(16(2)25)17(3)26/h8-11H,4-7,12-15H2,1-3H3	1-(4-Diacetylaminobenzyl)-4-n-hexyl-2,3-dioxopiperazine	CCCCCCN1CCN(C(=O)C1=O)CC2=CC=C(C=C2)N(C(=O)C)C(=O)C	2.4000001	3060275	PubChem:(3060275);PubChem class - safety and toxic	67108866
2	2	N/A	-278.773517993634	C21H29N3O4	[M + Na]+	FPEHZAMHYCAINJ	InChI=1S/C21H29N3O4/c1-15(25)22-9-12-23-10-8-18-14-24(11-7-17(18)13-20(23)26)21(27)16-3-5-19(28-2)6-4-16/h3-6,17-18H,7-14H2,1-2H3,(H,22,25)	null	CC(=O)NCCN1CCC2CN(CCC2CC1=O)C(=O)C3=CC=C(C=C3)OC	0.899999976	26742637	COCONUT:(CNP0363238);PubChem:(26742637);SuperNatural:(SN00021759);ZINC bio:(ZINC15672877)	3153922
3	2	N/A	-294.9407425812979	C21H29N3O4	[M + Na]+	HWEQMPAYSNTICF	InChI=1S/C21H29N3O4/c1-21(2,3)18(20(27)28)22-19(26)17-15-6-4-5-7-16(15)24(23-17)12-13-8-10-14(25)11-9-13/h4-7,13-14,18,25H,8-12H2,1-3H3,(H,22,26)(H,27,28)	null	CC(C)(C)C(C(=O)O)NC(=O)C1=NN(C2=CC=CC=C21)CC3CCC(CC3)O	3.29999995	125181294;139595329	PubChem:(125181294 139595329);NORMAN:(NS00018167)	262146
4	2	N/A	-295.1760921268026	C21H29N3O4	[M + Na]+	CLKLKGASLWLGQY	InChI=1S/C21H29N3O4/c1-15(25)22-9-7-16(8-10-22)24-14-17-13-19(24)21(26)23(11-12-27-2)18-5-3-4-6-20(18)28-17/h3-6,16-17,19H,7-14H2,1-2H3	null	CC(=O)N1CCC(CC1)N2CC3CC2C(=O)N(C4=CC=CC=C4O3)CCOC	1.20000005	75529005	PubChem:(75529005);COCONUT:(CNP0096939)	2097154
5	2	N/A	-305.637984923723	C21H29N3O4	[M + Na]+	AZUJXOXVFGRAJJ	InChI=1S/C21H29N3O4/c1-2-28-21(27)20(26)23-17-10-8-15(9-11-17)19(25)22-14-16-6-5-13-24-12-4-3-7-18(16)24/h8-11,16,18H,2-7,12-14H2,1H3,(H,22,25)(H,23,26)	null	CCOC(=O)C(=O)NC1=CC=C(C=C1)C(=O)NCC2CCCN3C2CCCC3	2.70000005	71755086	COCONUT:(CNP0120041 CNP0149625);PubChem:(71755086);SuperNatural:(SN00115952)	3145730
6	2	N/A	-323.2217407879705	C21H29N3O4	[M + Na]+	LFWCVQKWGTWSKA	InChI=1S/C21H29N3O4/c1-2-28-21(27)20(26)23-17-9-5-7-15(13-17)19(25)22-14-16-8-6-12-24-11-4-3-10-18(16)24/h5,7,9,13,16,18H,2-4,6,8,10-12,14H2,1H3,(H,22,25)(H,23,26)	null	CCOC(=O)C(=O)NC1=CC=CC(=C1)C(=O)NCC2CCCN3C2CCCC3	2.70000005	71825582	PubChem:(71825582);COCONUT:(CNP0370648)	2097154
7	2	N/A	-323.46906113569236	C21H29N3O4	[M + Na]+	CUXSQHPLDQHMHR	InChI=1S/C21H29N3O4/c1-21(2)14-16(11-13-28-21)22-18(25)9-8-17-19(26)24(20(27)23-17)12-10-15-6-4-3-5-7-15/h3-7,16-17H,8-14H2,1-2H3,(H,22,25)(H,23,27)	null	CC1(CC(CCO1)NC(=O)CCC2C(=O)N(C(=O)N2)CCC3=CC=CC=C3)C	1.79999995	71754987;71831296;97045937;97045938;98207428;98207429	COCONUT:(CNP0192004);PubChem:(71754987 71831296 97045937 97045938 98207428 98207429);SuperNatural:(SN00115820 SN00115819)	3145730
8	2	N/A	-332.391477576195	C21H29N3O4	[M + Na]+	BPUIWZWXAYCJKI	InChI=1S/C21H29N3O4/c1-2-18(26)24-17(13-25)20(16-6-4-3-5-7-16)21(24)14-23(15-21)19(27)12-22-8-10-28-11-9-22/h3-7,17,20,25H,2,8-15H2,1H3	1-[(2S,3S)-2-(hydroxymethyl)-6-(2-morpholin-4-ylacetyl)-3-phenyl-1,6-diazaspiro[3.3]heptan-1-yl]propan-1-one	CCC(=O)N1C(C(C12CN(C2)C(=O)CN3CCOCC3)C4=CC=CC=C4)CO	-0.100000001	60189752;60189753;71760221	PubChem:(60189752 60189753 71760221);CHEBI:(127689 126321 126381)	34
9	2	N/A	-333.4917785829468	C21H29N3O4	[M + Na]+	XWSKLFDALAGOEG	InChI=1S/C21H29N3O4/c22-20(27)18-7-4-10-23(18)11-9-17-14-24(12-8-16(17)13-19(25)26)21(28)15-5-2-1-3-6-15/h1-3,5-6,16-18H,4,7-14H2,(H2,22,27)(H,25,26)	null	C1CC(N(C1)CCC2CN(CCC2CC(=O)O)C(=O)C3=CC=CC=C3)C(=O)N	-0.899999976	28959661;28959662	COCONUT:(CNP0036934);PubChem:(28959661 28959662);SuperNatural:(SN00024646);ZINC bio:(ZINC20463016)	3153922
10	2	N/A	-341.0968683907147	C21H29N3O4	[M + Na]+	YMKLBHGVCGFSGL	InChI=1S/C21H29N3O4/c1-16(25)22-9-12-23-10-8-18-14-24(11-7-17(18)13-20(23)26)21(27)15-28-19-5-3-2-4-6-19/h2-6,17-18H,7-15H2,1H3,(H,22,25)	null	CC(=O)NCCN1CCC2CN(CCC2CC1=O)C(=O)COC3=CC=CC=C3	0.899999976	26742635	COCONUT:(CNP0031365);PubChem:(26742635);SuperNatural:(SN00021757);ZINC bio:(ZINC15672872)	3153922
11	2	N/A	-347.51701021549815	C21H29N3O4	[M + Na]+	XYOPJSFXBYTGRP	InChI=1S/C21H29N3O4/c1-28-14-20(26)23-9-7-16-12-19(25)24(10-8-17(16)13-23)18(21(22)27)11-15-5-3-2-4-6-15/h2-6,16-18H,7-14H2,1H3,(H2,22,27)	null	COCC(=O)N1CCC2CC(=O)N(CCC2C1)C(CC3=CC=CC=C3)C(=O)N	0.699999988	26742774	COCONUT:(CNP0063478);PubChem:(26742774);SuperNatural:(SN00021850);ZINC bio:(ZINC15673078)	3153922
12	2	N/A	-355.6998333507804	C21H29N3O4	[M + Na]+	WBLVOWHFRUAMCP	InChI=1S/C21H29N3O4/c1-14(2)18-12-17(28-23-18)13-22-21(25)15-5-6-19(26-4)20(11-15)27-16-7-9-24(3)10-8-16/h5-6,11-12,14,16H,7-10,13H2,1-4H3,(H,22,25)	null	CC(C)C1=NOC(=C1)CNC(=O)C2=CC(=C(C=C2)OC)OC3CCN(CC3)C	2.9000001	70679283	MeSH:(70679283);PubChem:(70679283);PubMed	70
13	2	N/A	-361.02876672123887	C21H29N3O4	[M + Na]+	DJNALDHRHLLAGB	InChI=1S/C21H29N3O4/c1-13(19(25)23-11-14-6-8-15(9-7-14)21(27)28)24-20(26)18-10-16-4-2-3-5-17(16)12-22-18/h2-5,13-15,18,22H,6-12H2,1H3,(H,23,25)(H,24,26)(H,27,28)	4-[[2-(1,2,3,4-tetrahydroisoquinoline-3-carbonylamino)propanoylamino]methyl]cyclohexane-1-carboxylic acid	CC(C(=O)NCC1CCC(CC1)C(=O)O)NC(=O)C2CC3=CC=CC=C3CN2	-0.800000012	4964821;7094887;7094888	COCONUT:(CNP0024816 CNP0355760);PubChem:(4964821 7094887 7094888);SuperNatural:(SN00100277);ZINC bio:(ZINC35485054)	3153922
14	2	N/A	-382.6552372574419	C21H29N3O4	[M + Na]+	AFXVKRXTXIJUMT	InChI=1S/C21H29N3O4/c1-14(2)9-22-12-21(13-22)20(27)23(10-15-4-6-17(28-3)7-5-15)19(26)18-8-16(25)11-24(18)21/h4-7,14,16,18,25H,8-13H2,1-3H3	null	CC(C)CN1CC2(C1)C(=O)N(C(=O)C3N2CC(C3)O)CC4=CC=C(C=C4)OC	1.39999998	100611874	PubChem:(100611874);COCONUT:(CNP0007203)	2097154
15	2	N/A	-384.3863239534491	C21H29N3O4	[M + Na]+	UVTCAZPAFBBAKN	InChI=1S/C21H29N3O4/c1-28-12-18(26)23-13-21(14-23)19(15-7-3-2-4-8-15)17(11-25)24(21)20(27)22-16-9-5-6-10-16/h2-4,7-8,16-17,19,25H,5-6,9-14H2,1H3,(H,22,27)	(2S,3S)-N-cyclopentyl-2-(hydroxymethyl)-6-(2-methoxyacetyl)-3-phenyl-1,6-diazaspiro[3.3]heptane-1-carboxamide	COCC(=O)N1CC2(C1)C(C(N2C(=O)NC3CCCC3)CO)C4=CC=CC=C4	0.800000012	60189710;60189712;60189782	PubChem:(60189710 60189712 60189782);CHEBI:(129852 129507 129686)	34
16	2	N/A	-385.6172561904158	C21H29N3O4	[M + Na]+	RJNDVCNWVBWHLY	InChI=1S/C21H29N3O4/c25-20(26)11-7-2-1-6-10-16-17(19-13-12-18(16)28-19)14-22-24-21(27)23-15-8-4-3-5-9-15/h1,3-6,8-9,16-19,22H,2,7,10-14H2,(H,25,26)(H2,23,24,27)	7-(3-{[2-(phenylcarbamoyl)hydrazinyl]methyl}-7-oxabicyclo[2.2.1]hept-2-yl)hept-5-enoic acid	C1CC2C(C(C1O2)CC=CCCCC(=O)O)CNNC(=O)NC3=CC=CC=C3	0.300000012	5271;5311448;5353960;6437074;9800398;14349239;16759359;23815472;24177561;25886399;44284806;44294109;50935368;54270097;57213319;69981376;73354171;70412448;89664997;98043835;98043837;101587779;124524480;124918533;129391332	PubChem:(5271 5311448 5353960 6437074 9800398 14349239 16759359 23815472 24177561 25886399 44284806 44294109 50935368 54270097 57213319 69981376 73354171 70412448 89664997 98043835 98043837 101587779 124524480 124918533 129391332);CHEBI:(91956);additional;PubChem class - bio and metabolites;MeSH:(5271 5311448 6437074 16759359 73354171);Training Set;PubMed	17317990
17	2	N/A	-390.1236575838507	C21H29N3O4	[M + Na]+	IQNMPECXLDZPLC	InChI=1S/C21H29N3O4/c1-21(27)9-10-24(20(26)23-11-13-28-14-12-23)17(15-5-3-2-4-6-15)18(21)22-19(25)16-7-8-16/h2-6,16-18,27H,7-14H2,1H3,(H,22,25)	null	CC1(CCN(C(C1NC(=O)C2CC2)C3=CC=CC=C3)C(=O)N4CCOCC4)O	0.400000006	129603046	PubChem:(129603046);COCONUT:(CNP0006006)	2097154
18	2	N/A	-397.0165063009274	C21H29N3O4	[M + Na]+	MBSHZYNGTPOMFY	InChI=1S/C21H29N3O4/c1-16(2)20(26)22-10-17-11-27-9-8-24(17)21(13-22)14-23(15-21)19(25)12-28-18-6-4-3-5-7-18/h3-7,16-17H,8-15H2,1-2H3	null	CC(C)C(=O)N1CC2COCCN2C3(C1)CN(C3)C(=O)COC4=CC=CC=C4	1.10000002	129602278	PubChem:(129602278);COCONUT:(CNP0355032)	2097154
19	2	N/A	-398.2158462633042	C21H29N3O4	[M + Na]+	VDYUKDNKPOBFMN	InChI=1S/C21H29N3O4/c1-24(2)14-18-12-16(23-28-18)11-17-8-9-19(25)20(27-17)13-22-21(26)10-15-6-4-3-5-7-15/h3-7,12,17,19-20,25H,8-11,13-14H2,1-2H3,(H,22,26)	null	CN(C)CC1=CC(=NO1)CC2CCC(C(O2)CNC(=O)CC3=CC=CC=C3)O	1.89999998	75366919	PubChem:(75366919);COCONUT:(CNP0398589)	2097154
20	2	N/A	-399.19503897778094	C21H29N3O4	[M + Na]+	ZUPBTORDTSZOQB	InChI=1S/C21H29N3O4/c1-21(2,3)28-20(27)23-9-5-7-17(23)19(26)22-11-14-10-15(13-22)16-6-4-8-18(25)24(16)12-14/h4,6,8,14-15,17H,5,7,9-13H2,1-3H3	null	CC(C)(C)OC(=O)N1CCCC1C(=O)N2CC3CC(C2)C4=CC=CC(=O)N4C3	1.5	1803031;4662965;7004393;6576164;16405712;98139447;98139448;131664532	COCONUT:(CNP0377497);PubChem:(1803031 4662965 7004393 6576164 16405712 98139447 98139448 131664532);SuperNatural:(SN00070875 SN00062866 SN00074064);ZINC bio:(ZINC02153421 ZINC04061328 ZINC04090334)	3153922
21	2	N/A	-399.85384043913524	C21H29N3O4	[M + Na]+	WDDALOGIJRPOCZ	InChI=1S/C21H29N3O4/c1-3-4-9-23-19(26)18-10-16(25)12-24(18)21(20(23)27)13-22(14-21)11-15-5-7-17(28-2)8-6-15/h5-8,16,18,25H,3-4,9-14H2,1-2H3	null	CCCCN1C(=O)C2CC(CN2C3(C1=O)CN(C3)CC4=CC=C(C=C4)OC)O	1.29999995	100609140	PubChem:(100609140);COCONUT:(CNP0007133)	2097154
22	2	N/A	-399.94256253375465	C21H29N3O4	[M + Na]+	JPHQLFLOXPHBGF	InChI=1S/C21H29N3O4/c1-14(2)20(26)23-8-16-6-17(25)9-24(16)21(12-23)10-22(11-21)7-15-3-4-18-19(5-15)28-13-27-18/h3-5,14,16-17,25H,6-13H2,1-2H3	null	CC(C)C(=O)N1CC2CC(CN2C3(C1)CN(C3)CC4=CC5=C(C=C4)OCO5)O	1.20000005	125417554	PubChem:(125417554);COCONUT:(CNP0021963)	2097154
23	2	N/A	-404.3231197472243	C21H29N3O4	[M + Na]+	DISYWAUUWMZQCJ	InChI=1S/C21H29N3O4/c1-26-14-20-11-18(24-28-20)9-17-13-22-8-7-16(17)10-21(25)23-12-15-3-5-19(27-2)6-4-15/h3-6,11,16-17,22H,7-10,12-14H2,1-2H3,(H,23,25)	null	COCC1=CC(=NO1)CC2CNCCC2CC(=O)NCC3=CC=C(C=C3)OC	1.29999995	26743022	COCONUT:(CNP0068867 CNP0399508);PubChem:(26743022);SuperNatural:(SN00021994);ZINC bio:(ZINC15673410)	3153922
24	2	N/A	-408.5139008823423	C21H29N3O4	[M + Na]+	VXSZLKSCQPFQRS	InChI=1S/C21H29N3O4/c1-3-4-8-23-19(26)18-10-16(25)12-24(18)21(20(23)27)13-22(14-21)11-15-6-5-7-17(9-15)28-2/h5-7,9,16,18,25H,3-4,8,10-14H2,1-2H3	null	CCCCN1C(=O)C2CC(CN2C3(C1=O)CN(C3)CC4=CC(=CC=C4)OC)O	1.29999995	100610623	PubChem:(100610623);COCONUT:(CNP0201797)	2097154
25	2	N/A	-413.1508945233806	C21H29N3O4	[M + Na]+	AKVLHWMHTBRAST	InChI=1S/C21H29N3O4/c1-23-17-10-14(28-3)4-5-15(17)19-20(23)16(11-25)22-13-21(19)6-8-24(9-7-21)18(26)12-27-2/h4-5,10,16,22,25H,6-9,11-13H2,1-3H3	1-[(1S)-1-(hydroxymethyl)-7-methoxy-9-methylspiro[2,3-dihydro-1H-pyrido[3,4-b]indole-4,4''-piperidine]-1''-yl]-2-methoxyethanone	CN1C2=C(C=CC(=C2)OC)C3=C1C(NCC34CCN(CC4)C(=O)COC)CO	0.400000006	60185242;60185243	PubChem:(60185242 60185243);CHEBI:(128193 126664)	34
26	2	N/A	-418.3507003922024	C21H29N3O4	[M + Na]+	NDMZDRRQMKQJPG	InChI=1S/C21H29N3O4/c1-27-18-4-2-3-17-21(18)23-19(22-17)11-15-13-24(16-6-9-28-10-7-16)8-5-14(15)12-20(25)26/h2-4,14-16H,5-13H2,1H3,(H,22,23)(H,25,26)	null	COC1=CC=CC2=C1N=C(N2)CC3CN(CCC3CC(=O)O)C4CCOCC4	0.100000001	125417406	PubChem:(125417406);COCONUT:(CNP0248789)	2097154
27	2	N/A	-418.60607470901846	C21H29N3O4	[M + Na]+	AJTDXLOIWDBOQO	InChI=1S/C21H29N3O4/c1-26-14-19-11-18(24-28-19)9-17-12-22-8-7-15(17)10-21(25)23-13-16-5-3-4-6-20(16)27-2/h3-6,11,15,17,22H,7-10,12-14H2,1-2H3,(H,23,25)	null	COCC1=CC(=NO1)CC2CNCCC2CC(=O)NCC3=CC=CC=C3OC	1.29999995	26743024	COCONUT:(CNP0021784 CNP0027254);PubChem:(26743024);SuperNatural:(SN00021995);ZINC bio:(ZINC15673412)	3153922
28	2	N/A	-422.62207244310775	C21H29N3O4	[M + Na]+	PHEFNBGABJMHOG	InChI=1S/C21H29N3O4/c1-13(2)9-19(25)24-8-7-14(11-20(26)27)15(12-24)10-18-22-16-5-4-6-17(28-3)21(16)23-18/h4-6,13-15H,7-12H2,1-3H3,(H,22,23)(H,26,27)	null	CC(C)CC(=O)N1CCC(C(C1)CC2=NC3=C(N2)C=CC=C3OC)CC(=O)O	2.70000005	125417628	PubChem:(125417628);COCONUT:(CNP0016476)	2097154
29	2	N/A	-423.2227919182157	C21H29N3O4	[M + Na]+	PBTCYEHOLZFKGG	InChI=1S/C21H29N3O4/c1-13(2)22-21(27)24-18-8-7-17(28-19(18)12-25)11-20(26)23-16-9-14-5-3-4-6-15(14)10-16/h3-8,13,16-19,25H,9-12H2,1-2H3,(H,23,26)(H2,22,24,27)	null	CC(C)NC(=O)NC1C=CC(OC1CO)CC(=O)NC2CC3=CC=CC=C3C2	1.60000002	54638508;54638509;54638510;54638511;54638512;54638513;54638514;54638515	PubChem:(54638508 54638509 54638510 54638511 54638512 54638513 54638514 54638515);CHEBI:(102742 102252 100209 101770 102586 98628 102637 101586)	34
30	2	N/A	-431.9393634761432	C21H29N3O4	[M + Na]+	TXSMETWKTDDGMS	InChI=1S/C21H29N3O4/c1-27-17-2-3-18-19(12-17)23-20(22-18)10-15-13-24(16-5-8-28-9-6-16)7-4-14(15)11-21(25)26/h2-3,12,14-16H,4-11,13H2,1H3,(H,22,23)(H,25,26)	null	COC1=CC2=C(C=C1)N=C(N2)CC3CN(CCC3CC(=O)O)C4CCOCC4	0.100000001	125417766	PubChem:(125417766);COCONUT:(CNP0017017)	2097154
31	2	N/A	-436.21073552704837	C21H29N3O4	[M + Na]+	VXXRVINVYYKRET	InChI=1S/C21H29N3O4/c1-13(2)8-20(25)24-7-6-14(10-21(26)27)15(12-24)9-19-22-17-5-4-16(28-3)11-18(17)23-19/h4-5,11,13-15H,6-10,12H2,1-3H3,(H,22,23)(H,26,27)	null	CC(C)CC(=O)N1CCC(C(C1)CC2=NC3=C(N2)C=C(C=C3)OC)CC(=O)O	2.70000005	125417929	PubChem:(125417929);COCONUT:(CNP0073688)	2097154
32	2	N/A	-444.1747266370317	C21H29N3O4	[M + Na]+	UYTGTKGJQKYNFT	InChI=1S/C21H29N3O4/c1-15(2)27-12-6-10-22-20(25)14-28-16-8-9-18-17(13-16)21(26)24-11-5-3-4-7-19(24)23-18/h8-9,13,15H,3-7,10-12,14H2,1-2H3,(H,22,25)	2-[(12-oxo-7,8,9,10-tetrahydro-6H-azepino[2,1-b]quinazolin-2-yl)oxy]-N-(3-propan-2-yloxypropyl)acetamide	CC(C)OCCCNC(=O)COC1=CC2=C(C=C1)N=C3CCCCCN3C2=O	2.0	17572034	COCONUT:(CNP0107918);PubChem:(17572034);SuperNatural:(SN00090775);ZINC bio:(ZINC12901091)	3153922
33	2	N/A	-452.7684558649284	C21H29N3O4	[M + Na]+	ZWAXBKIXZBRMLK	InChI=1S/C21H29N3O4/c1-3-22-21(27)24-9-7-14(12-20(25)26)16(13-24)11-19-18-5-4-17(28-2)10-15(18)6-8-23-19/h4-5,10,14,16H,3,6-9,11-13H2,1-2H3,(H,22,27)(H,25,26)	null	CCNC(=O)N1CCC(C(C1)CC2=NCCC3=C2C=CC(=C3)OC)CC(=O)O	1.39999998	51136669	PubChem:(51136669);COCONUT:(CNP0106716)	2097154
34	2	N/A	-455.5829550047001	C21H29N3O4	[M + Na]+	BFCXYRQEJPCLFU	InChI=1S/C21H29N3O4/c1-3-22-21(27)24-9-7-15(11-20(25)26)16(13-24)10-19-18-12-17(28-2)5-4-14(18)6-8-23-19/h4-5,12,15-16H,3,6-11,13H2,1-2H3,(H,22,27)(H,25,26)	null	CCNC(=O)N1CCC(C(C1)CC2=NCCC3=C2C=C(C=C3)OC)CC(=O)O	1.39999998	51136682	PubChem:(51136682);COCONUT:(CNP0213400)	2097154
35	2	N/A	-470.2296152469765	C21H29N3O4	[M + Na]+	UZAHQUZPZDLPFH	InChI=1S/C21H29N3O4/c1-21(2,3)20(27)24-9-8-13(11-18(25)26)14(12-24)10-17-22-15-6-5-7-16(28-4)19(15)23-17/h5-7,13-14H,8-12H2,1-4H3,(H,22,23)(H,25,26)	null	CC(C)(C)C(=O)N1CCC(C(C1)CC2=NC3=C(N2)C=CC=C3OC)CC(=O)O	2.79999995	125417899	PubChem:(125417899);COCONUT:(CNP0396400)	2097154
36	2	N/A	-473.8937001360961	C21H29N3O4	[M + Na]+	WBXCPZZCTCIIES	InChI=1S/C21H29N3O4/c1-14(2)19(26)23-9-17-7-18(25)10-24(17)21(13-23)11-22(12-21)8-15-4-3-5-16(6-15)20(27)28/h3-6,14,17-18,25H,7-13H2,1-2H3,(H,27,28)	null	CC(C)C(=O)N1CC2CC(CN2C3(C1)CN(C3)CC4=CC(=CC=C4)C(=O)O)O	-1.39999998	125418614;125418616	PubChem:(125418614 125418616);COCONUT:(CNP0331433)	2097154
37	2	N/A	-478.83126594992103	C21H29N3O4	[M + Na]+	XBEYJPMYIDGJEE	InChI=1S/C21H29N3O4/c1-14-7-8-17(28-14)11-23-19(26)18-9-16(25)10-24(18)21(20(23)27)12-22(13-21)15-5-3-2-4-6-15/h7-8,15-16,18,25H,2-6,9-13H2,1H3	null	CC1=CC=C(O1)CN2C(=O)C3CC(CN3C4(C2=O)CN(C4)C5CCCCC5)O	1.39999998	100633575	PubChem:(100633575);COCONUT:(CNP0007604)	2097154
38	2	N/A	-483.8182783309172	C21H29N3O4	[M + Na]+	WKJOEEXKGBFLPT	InChI=1S/C21H29N3O4/c1-21(2,3)20(27)24-8-7-13(10-19(25)26)14(12-24)9-18-22-16-6-5-15(28-4)11-17(16)23-18/h5-6,11,13-14H,7-10,12H2,1-4H3,(H,22,23)(H,25,26)	null	CC(C)(C)C(=O)N1CCC(C(C1)CC2=NC3=C(N2)C=C(C=C3)OC)CC(=O)O	2.79999995	125417944	PubChem:(125417944);COCONUT:(CNP0314303)	2097154
39	2	N/A	-526.9156495409649	C21H29N3O4	[M + Na]+	KZYQJKKUJGOPQM	InChI=1S/C21H29N3O4/c1-6-24(7-2)20(25)11-15-13-22(4)17-12-16-14(10-19(17)28-15)9-18(23(16)5)21(26)27-8-3/h9-10,12,15H,6-8,11,13H2,1-5H3	null	CCN(CC)C(=O)CC1CN(C2=C(O1)C=C3C=C(N(C3=C2)C)C(=O)OCC)C	2.70000005	45934561	COCONUT:(CNP0026543);PubChem:(45934561);SuperNatural:(SN00035884 SN00035883);ZINC bio:(ZINC71404732 ZINC71404734)	3153922
40	2	N/A	-534.6076533832497	C21H29N3O4	[M + Na]+	RIXDFYAJYWMUMR	InChI=1S/C21H29N3O4/c1-20(2,26)18-17-16(14-7-6-13(28-3)9-15(14)22-17)19(25)21(27)11-23-8-4-5-12(23)10-24(18)21/h6-7,9,12,18-19,22,25-27H,4-5,8,10-11H2,1-3H3	verruculogen TR-2	CC(C)(C1C2=C(C(C3(N1CC4CCCN4C3)O)O)C5=C(N2)C=C(C=C5)OC)O	0.400000006	46885581	COCONUT:(CNP0079687);PubChem:(46885581);PubMed	2097218
41	2	N/A	-555.1412611806853	C21H29N3O4	[M + Na]+	PWJRHLOMAXLBAS	InChI=1S/C21H29N3O4/c1-14-17(15(2)28-23-14)12-24-11-10-21(3,26)20(22-18(25)13-27-4)19(24)16-8-6-5-7-9-16/h5-9,19-20,26H,10-13H2,1-4H3,(H,22,25)	null	CC1=C(C(=NO1)C)CN2CCC(C(C2C3=CC=CC=C3)NC(=O)COC)(C)O	1.5	129602851	PubChem:(129602851);COCONUT:(CNP0075575)	2097154
42	2	N/A	-580.7159907004864	C21H29N3O4	[M + Na]+	OMGNEMQHTMVYAP	InChI=1S/C21H29N3O4/c1-14(2)28-21(25)19-15(3)22-17-4-5-18-16(20(17)19)12-24(13-27-18)7-6-23-8-10-26-11-9-23/h4-5,14,22H,6-13H2,1-3H3	propan-2-yl 8-methyl-2-(2-morpholin-4-ylethyl)-3,7-dihydro-1H-pyrrolo[3,2-f][1,3]benzoxazine-9-carboxylate	CC1=C(C2=C(N1)C=CC3=C2CN(CO3)CCN4CCOCC4)C(=O)OC(C)C	2.4000001	3041592	PubChem:(3041592);PubChem class - safety and toxic	67108866
43	2	N/A	-583.8289009782682	C21H29N3O4	[M + Na]+	DXLKLAUQXJQNDN	InChI=1S/C21H29N3O4/c1-16-19(27-14-9-23-7-5-22(2)6-8-23)4-3-17-18(25)15-20(28-21(16)17)24-10-12-26-13-11-24/h3-4,15H,5-14H2,1-2H3	Mmpem-benzopyran-4-one	CC1=C(C=CC2=C1OC(=CC2=O)N3CCOCC3)OCCN4CCN(CC4)C	1.70000005	4742792	MeSH:(4742792);PubChem:(4742792);PubMed	70
44	2	N/A	-590.1285667077501	C21H29N3O4	[M + Na]+	RPMHNIXIKVMTCE	InChI=1S/C21H29N3O4/c1-3-10-27-21(25)19-15(2)22-17-4-5-18-16(20(17)19)13-24(14-28-18)7-6-23-8-11-26-12-9-23/h4-5,22H,3,6-14H2,1-2H3	propyl 8-methyl-2-(2-morpholin-4-ylethyl)-3,7-dihydro-1H-pyrrolo[3,2-f][1,3]benzoxazine-9-carboxylate	CCCOC(=O)C1=C(NC2=C1C3=C(C=C2)OCN(C3)CCN4CCOCC4)C	2.5	3041590	PubChem:(3041590);PubChem class - safety and toxic	67108866
1	3	N/A	-322.7403012689929	C16H29N5O6	[M + Na]+	KAFOIVJDVSZUMD	InChI=1S/C16H29N5O6/c1-8(2)7-9(17)14(24)20-10(3-5-12(18)22)15(25)21-11(16(26)27)4-6-13(19)23/h8-11H,3-7,17H2,1-2H3,(H2,18,22)(H2,19,23)(H,20,24)(H,21,25)(H,26,27)	null	CC(C)CC(C(=O)NC(CCC(=O)N)C(=O)NC(CCC(=O)N)C(=O)O)N	-2.0746851	""	COCONUT:(CNP0342750);Natural Products:(UNPD171890);SuperNatural:(SN00340630)	3178496