structureRankPerFormula	formulaRank	ConfidenceScore	CSI:FingerIDScore	molecularFormula	adduct	InChIkey2D	InChI	name	smiles	xlogp	pubchemids	links	dbflags
1	1	0.10050421889669053	-242.1789714257228	C45H72O11	[M - H2O + H]+	DGPJKNVULQGFLQ	InChI=1S/C45H73O11/c1-12-33-17-15-13-14-16-25(3)42(51)44(11,53)43(52)31(9)40(50)30(8)39(49)29(7)38(48)24(2)18-21-37(47)54-41-28(6)35(20-19-33)56-36-22-26(4)34(23-27(5)46)55-45(36,56)32(41)10/h13-15,17-18,21,24-36,38,40-42,46,48,50-51,53H,12,16,19-20,22-23H2,1-11H3/q+1	null	CCC1CCC2C(C(C(C34[O+]2C3CC(C(O4)CC(C)O)C)C)OC(=O)C=CC(C(C(C(=O)C(C(C(C(=O)C(C(C(CC=CC=C1)C)O)(C)O)C)O)C)C)O)C)C	0.0	71737805	PubChem:(71737805);PubChem class - bio and metabolites	16777218
2	1	N/A	-261.67039437592524	C45H72O11	[M - H2O + H]+	YRVYJYODXYESHQ	InChI=1S/C45H72O11/c1-3-5-7-8-9-10-11-12-13-14-15-16-17-20-24-28-40(48)53-33-36(34-54-45-44(52)43(51)42(50)39(32-46)56-45)55-41(49)29-25-21-18-19-23-26-35-30-31-38(47)37(35)27-22-6-4-2/h5-7,9-10,12-13,22,30-31,35-37,39,42-46,50-52H,3-4,8,11,14-21,23-29,32-34H2,1-2H3	null	CCC=CCC=CCC=CCCCCCCCC(=O)OCC(COC1C(C(C(C(O1)CO)O)O)O)OC(=O)CCCCCCCC2C=CC(=O)C2CC=CCC	8.8309679	""	COCONUT:(CNP0270236);Natural Products:(UNPD118799);SuperNatural:(SN00246447)	3178496
1	1	N/A	-390.69002487644474	C45H70O10	[M + H]+	OBTMNFZFNXQANA	InChI=1S/C45H70O10/c1-12-25(3)37(50)54-35-36(55-38(51)26(4)13-2)45(24-52-39-34(49)33(48)29(23-46)53-39)21-20-43(10)27(28(45)22-40(35,5)6)14-15-31-42(9)18-17-32(47)41(7,8)30(42)16-19-44(31,43)11/h12-14,28-36,39,46-49H,15-24H2,1-11H3	null	CC=C(C)C(=O)OC1C(C2(CCC3(C(=CCC4C3(CCC5C4(CCC(C5(C)C)O)C)C)C2CC1(C)C)C)COC6C(C(C(O6)CO)O)O)OC(=O)C(=CC)C	7.20084858	""	COCONUT:(CNP0279524);Natural Products:(UNPD178448);SuperNatural:(SN00303151)	3178496
2	1	N/A	-473.4847239981539	C45H70O10	[M + H]+	MDAUFUALHVJQPD	InChI=1S/C45H70O10/c1-3-5-7-9-11-13-15-17-19-21-23-25-27-29-31-33-40(47)52-36-38(37-53-45-44(51)43(50)42(49)39(35-46)55-45)54-41(48)34-32-30-28-26-24-22-20-18-16-14-12-10-8-6-4-2/h5-8,11-14,17-20,23-26,38-39,42-46,49-51H,3-4,9-10,15-16,21-22,27-37H2,1-2H3	[(2S)-2-[(6Z,9Z,12Z,15Z)-octadeca-6,9,12,15-tetraenoyl]oxy-3-[(2R,5R)-3,4,5-trihydroxy-6-(hydroxymethyl)oxan-2-yl]oxypropyl] (6Z,9Z,12Z,15Z)-octadeca-6,9,12,15-tetraenoate	CCC=CCC=CCC=CCC=CCCCCC(=O)OCC(COC1C(C(C(C(O1)CO)O)O)O)OC(=O)CCCCC=CCC=CCC=CCC=CCC	8.60000038	22832732;44575939;101625242;101437446;134749027;138208970	COCONUT:(CNP0105803);Natural Products:(UNPD43858 UNPD74141);PubChem:(22832732 44575939 101625242 101437446 134749027 138208970);SuperNatural:(SN00243391 SN00282723)	3178498
3	1	N/A	-495.2200903928499	C45H70O10	[M + H]+	SHAALCCXWADAJS	InChI=1S/C45H70O10/c1-3-5-7-9-11-13-15-17-18-19-20-22-23-25-27-29-31-33-40(47)52-36-38(37-53-45-44(51)43(50)42(49)39(35-46)55-45)54-41(48)34-32-30-28-26-24-21-16-14-12-10-8-6-4-2/h5,7-8,10-11,13-14,16-18,20,22,24-27,38-39,42-46,49-51H,3-4,6,9,12,15,19,21,23,28-37H2,1-2H3	null	CCCC=CCC=CCC=CCCCCC(=O)OC(COC1C(C(C(C(O1)CO)O)O)O)COC(=O)CCCC=CCC=CCC=CCC=CCC=CCC	8.60000038	24970920	COCONUT:(CNP0275440);Natural Products:(UNPD107627);PubChem:(24970920);SuperNatural:(SN00356941);PubMed	3178562