structureRankPerFormula	formulaRank	ConfidenceScore	CSI:FingerIDScore	molecularFormula	adduct	InChIkey2D	InChI	name	smiles	xlogp	pubchemids	links	dbflags
1	1	N/A	-113.7468174085286	C9H10O3	[M + H]+	GXHHSLSRXYXWOE	InChI=1S/C9H10O3/c1-2-3-4-5-6-8(11)9(12)7-10/h1,5-6,8-12H,7H2	null	C#CC#CC=CC(C(CO)O)O	-0.600000024	101410408;131237061;131247337	COCONUT:(CNP0189385);Natural Products:(UNPD144132);PubChem:(101410408 131237061 131247337)	2129922
2	1	N/A	-114.90569640967904	C9H10O3	[M + H]+	LZTWXXJTDLQTAT	InChI=1S/C9H10O3/c1-3-6-4-7(10)5-8(12-2)9(6)11/h4-5H,3H2,1-2H3	2,5-Cyclohexadiene-1,4-dione, 2-ethyl-6-methoxy-	CCC1=CC(=O)C=C(C1=O)OC	1.28087854	21592367	COCONUT:(CNP0105786);PubChem:(21592367);PubMed	2097218
3	1	N/A	-120.62016281272055	C9H10O3	[M + H]+	UKONNDAGJKZVAC	InChI=1S/C9H10O3/c1-2-8(11)5-3-4-6-9(12)7-10/h9-10,12H,2,7H2,1H3	null	CCC(=O)C#CC#CC(CO)O	-0.100000001	101410407;130612579	COCONUT:(CNP0320802);Natural Products:(UNPD81888);PubChem:(101410407 130612579)	2129922
4	1	N/A	-129.150073031505	C9H10O3	[M + H]+	RTIGHDNEIVWONG	InChI=1S/C9H10O3/c1-5-4-7(10)6(2)9(12-3)8(5)11/h4H,1-3H3	2,5-Cyclohexadiene-1,4-dione, 3-methoxy-2,5-dimethyl-	CC1=CC(=O)C(=C(C1=O)OC)C	1.18599868	12361066	COCONUT:(CNP0209703);Natural Products:(UNPD189328);PubChem:(12361066);SuperNatural:(SN00391073)	3178498
5	1	N/A	-142.09207945285226	C9H10O3	[M + H]+	CRJFIHMEFSTVQX	InChI=1S/C9H10O3/c1-3-12-9-5-7(10)6(2)4-8(9)11/h4-5H,3H2,1-2H3	null	CCOC1=CC(=O)C(=CC1=O)C	1.0	15657132	COCONUT:(CNP0330602);Natural Products:(UNPD69638);PubChem:(15657132);SuperNatural:(SN00315700)	3178498
6	1	N/A	-143.781832336483	C9H10O3	[M + H]+	MWSKJDNQKGCKPA	InChI=1S/C9H10O3/c1-5-2-3-6-7(4-5)9(11)12-8(6)10/h4,6-7H,2-3H2,1H3	5-Methyl-7,7a-dihydroisobenzofuran-1,3(3aH,6H)-dione	CC1=CC2C(CC1)C(=O)OC2=O	0.699999988	13608902;88105490;88108986;98043184;98043185	PubChem:(13608902 88105490 88108986 98043184 98043185);NORMAN:(NS00026340)	262146
7	1	N/A	-145.0324096342774	C9H10O3	[M + H]+	YWNWJINIIOQBMP	InChI=1S/C9H10O3/c10-8-4-2-1-3-7(8)5-6-9(11)12/h1-3,5-6,8,10H,4H2,(H,11,12)	null	C1C=CC=C(C1O)C=CC(=O)O	0.797187269	""	COCONUT:(CNP0190830);EcoCyc Mine;Natural Products:(UNPD172786);SuperNatural:(SN00274071);KEGG Mine	25772982272
8	1	N/A	-148.5627325183808	C9H10O3	[M + H]+	VGNCCQOFTZVXIF	InChI=1S/C9H10O3/c1-3-12-8-5-7(10)4-6(2)9(8)11/h4-5H,3H2,1-2H3	2-ethoxy-6-methylcyclohexa-2,5-diene-1,4-dione	CCOC1=CC(=O)C=C(C1=O)C	1.0	14911945	COCONUT:(CNP0216915);Natural Products:(UNPD146698);PubChem:(14911945);SuperNatural:(SN00344725)	3178498
9	1	N/A	-157.74829579244462	C9H10O3	[M + H]+	QJRLHAVJETWARS	InChI=1S/C9H10O3/c1-3-4-5-7-6(2)8(10)12-9(7)11/h5H,2-4H2,1H3	null	CCCC=C1C(=C)C(=O)OC1=O	2.0	101523002	COCONUT:(CNP0134432);Natural Products:(UNPD198881);PubChem:(101523002)	2129922
10	1	N/A	-161.25339343620837	C9H10O3	[M + H]+	XPEKVUUBSDFMDR	InChI=1S/C9H10O3/c1-5-3-2-4-6-7(5)9(11)12-8(6)10/h2-3,5-7H,4H2,1H3	4-Cyclohexene-1, 3-methyl-	CC1C=CCC2C1C(=O)OC2=O	1.10000002	95332;12248721;12248722;12248723;12248725;12248727;12248728;10920871;11321163;54481323;124540941	NORMAN:(NS00002136);PubChem class - safety and toxic;PubChem:(95332 12248721 12248722 12248723 12248725 12248727 12248728 10920871 11321163 54481323 124540941)	67371010
11	1	N/A	-162.8452490306397	C9H10O3	[M + H]+	LOYDTBZMMPQJNI	InChI=1S/C9H10O3/c1-9-5-3-2-4-6(9)7(10)12-8(9)11/h4H,2-3,5H2,1H3	Tetrahydromethylphthalic anhydride	CC12CCCC=C1C(=O)OC2=O	1.39999998	3033842;97297420;97297421	NORMAN:(NS00003849);PubChem class - safety and toxic;PubChem:(3033842 97297420 97297421)	67371010
12	1	N/A	-169.65082442195703	C9H10O3	[M + H]+	YFTRWHCSHCKDRJ	InChI=1S/C9H10O3/c10-8(9(11)12)6-7-4-2-1-3-5-7/h1-2,4H,3,5-6H2,(H,11,12)	3-(cyclohexa-1,3-dien-1-yl)-2-oxopropanoate	C1CC(=CC=C1)CC(=O)C(=O)O	1.10000002	49859591;49859592	PubChem:(49859591 49859592);YMDB Mine;PubChem class - bio and metabolites;EcoCyc Mine;PubMed;Biocyc:(CPD-12682);KEGG Mine	60146321474
13	1	N/A	-178.9928632522206	C9H10O3	[M + H]+	ZNGZXLVMNCCHAT	InChI=1S/C9H10O3/c1-11-7-3-2-6-4-9(10)12-8(6)5-7/h2-4,7-8H,5H2,1H3	null	COC1CC2C(=CC(=O)O2)C=C1	0.835158825	""	COCONUT:(CNP0081648);KEGG Mine	8592031744
14	1	N/A	-179.32207767489874	C9H10O3	[M + H]+	LQOPXMZSGSTGMF	InChI=1S/C9H10O3/c10-8-6-4-1-2-5(3-4)7(6)9(11)12-8/h4-7H,1-3H2	Hexahydro-3,6-methanophthalic anhydride	C1CC2CC1C3C2C(=O)OC3=O	1.29999995	96196;246290;10535053;10931793;12955836;24800111;58077970;58420459;73011116;88557666;88211902;88897750;88902958;89390183;89477264;89900611;89900645;99128165;98048035;98048036;98048070;98108021;98116483;122463905;126969627;130305783	NORMAN:(NS00047627);PubChem class - safety and toxic;PubChem:(96196 246290 10535053 10931793 12955836 24800111 58077970 58420459 73011116 88557666 88211902 88897750 88902958 89390183 89477264 89900611 89900645 99128165 98048035 98048036 98048070 98108021 98116483 122463905 126969627 130305783)	67371010
15	1	N/A	-184.64830369373925	C9H10O3	[M + H]+	OEMSKMUAMXLNKL	InChI=1S/C9H10O3/c1-5-2-3-6-7(4-5)9(11)12-8(6)10/h2,6-7H,3-4H2,1H3	4-Cyclohexene-1, 4-methyl-	CC1=CCC2C(C1)C(=O)OC2=O	0.699999988	74330;98496;10930234;10329655;11953727;45045238	NORMAN:(NS00006717);COCONUT:(CNP0068997);PubChem:(74330 98496 10930234 10329655 11953727 45045238);SuperNatural:(SN00139729);ZINC bio:(ZINC68582228);PubChem class - safety and toxic	70524930
16	1	N/A	-185.45195875061123	C9H10O3	[M + H]+	TVAXTWUXDQIZLA	InChI=1S/C9H10O3/c10-5-1-2-7-6-8(11)3-4-9(7)12/h1-4,6,10-12H,5H2	null	C1=CC(=C(C=C1O)C=CCO)O	1.0	54335306;67518445	HMDB:(134038);PubChem:(54335306 67518445);PubChem class - bio and metabolites	16777226
17	1	N/A	-189.36983594179443	C9H10O3	[M + H]+	XJMUIXMLTVKITM	InChI=1S/C9H10O3/c1-5-2-3-6-7(4-5)9(11)12-8(6)10/h5H,2-4H2,1H3	Tetrahydro-4-methylphthalic anhydride	CC1CCC2=C(C1)C(=O)OC2=O	1.5	118131;88443832;97297419	PubChem:(118131 88443832 97297419);NORMAN:(NS00006846)	262146
18	1	N/A	-189.55755794673226	C9H10O3	[M + H]+	MVWYXQDEVKHUSQ	InChI=1S/C9H10O3/c10-6-5-9(12)7-3-1-2-4-8(7)11/h1-4,6,9,11-12H,5H2	null	C1=CC=C(C(=C1)C(CC=O)O)O	0.699999988	131837796	HMDB:(134035);PubChem:(131837796);PubChem class - bio and metabolites	16777226
19	1	N/A	-190.89983369163699	C9H10O3	[M + H]+	SOOZEQGBHHIHEF	InChI=1S/C9H10O3/c1-9-5-3-2-4-6(9)7(10)12-8(9)11/h2-3,6H,4-5H2,1H3	Lindride	CC12CC=CCC1C(=O)OC2=O	1.10000002	198243;12248720;23270646;71441891;95054967	NORMAN:(NS00051786);PubChem:(198243 12248720 23270646 71441891 95054967);CHEBI:(55466);MeSH:(198243);PubChem class - safety and toxic;PubMed	67371110
20	1	N/A	-194.68036254345807	C9H10O3	[M + H]+	PHYJQNVIKKCEIM	InChI=1S/C9H10O3/c1-7(10)6-9(12)4-2-8(11)3-5-9/h2-5,12H,6H2,1H3	null	CC(=O)CC1(C=CC(=O)C=C1)O	0.0	130032021	COCONUT:(CNP0198879);Natural Products:(UNPD203585);PubChem:(130032021)	2129922
21	1	N/A	-195.05991807008147	C9H10O3	[M + H]+	YVQOPMVVZGYOBC	InChI=1S/C9H10O3/c1-4-5(2)8(10)6(3)7(4)9(11)12/h7H,3H2,1-2H3,(H,11,12)	2,3-dimethyl-5-methylene-4-oxo-2-cyclopentene-1-carboxylic acid	CC1=C(C(=O)C(=C)C1C(=O)O)C	0.699999988	11137491;102509096	PubChem:(11137491 102509096);COCONUT:(CNP0349475)	2097154
22	1	N/A	-199.4207999138078	C9H10O3	[M + H]+	VFJXEDRWXXFXMH	InChI=1S/C9H10O3/c10-5-8-9(12-8)6-1-3-7(11)4-2-6/h1-4,8-11H,5H2	null	C1=CC(=CC=C1C2C(O2)CO)O	0.400000006	131839524	HMDB:(141766);PubChem:(131839524);KEGG Mine;PubChem class - bio and metabolites	8606711818
23	1	N/A	-199.92993592149654	C9H10O3	[M + H]+	UWFOMOXAVOCBPE	InChI=1S/C9H10O3/c10-5-8-9(12-8)6-3-1-2-4-7(6)11/h1-4,8-11H,5H2	null	C1=CC=C(C(=C1)C2C(O2)CO)O	0.400000006	131837798	HMDB:(134037);PubChem:(131837798);PubChem class - bio and metabolites	16777226
24	1	N/A	-203.01277804202147	C9H10O3	[M + H]+	PPRXLJBOTUNPJM	InChI=1S/C9H10O3/c10-6-8(11)5-7-3-1-2-4-9(7)12/h1-4,6,8,11-12H,5H2	2-hydroxy-3-(2-hydroxyphenyl)propanal	C1=CC=C(C(=C1)CC(C=O)O)O	1.10772383	21706129	HMDB:(134034);PubChem:(21706129);PubChem class - bio and metabolites	16777226
25	1	N/A	-205.66691646750408	C9H10O3	[M + H]+	AYOLELPCNDVZKZ	InChI=1S/C9H10O3/c10-8(6-9(11)12)7-4-2-1-3-5-7/h1-5,8,10H,6H2,(H,11,12)	Oprea1_612432	C1=CC=C(C=C1)C(CC(=O)O)O	0.99309057	92959;2735057;6950814;6950815;6950816;22328018;102009730;101249586;101249587	HMDB:(124925);SuperNatural:(SN00403565 SN00276273);ZINC bio:(ZINC00395679 ZINC00395680);MeSH:(92959 22328018);Plantcyc:(CPD-12218);PubMed;COCONUT:(CNP0238020);Natural Products:(UNPD61577 UNPD187372);PubChem:(92959 2735057 6950814 6950815 6950816 22328018 102009730 101249586 101249587);YMDB Mine;CHEBI:(51058 63469 19929 51059);PubChem class - bio and metabolites;EcoCyc Mine;PubChem class - safety and toxic;Biocyc:(CPD-12218);KEGG Mine	60216748142
26	1	N/A	-208.00229982122644	C9H10O3	[M + H]+	APGBCPJYKMCGMZ	InChI=1S/C9H10O3/c10-5-1-2-7-6-8(11)3-4-9(7)12/h3-6,11-12H,1-2H2	null	C1=CC(=C(C=C1O)CCC=O)O	0.899999976	117276385	HMDB:(134033);PubChem:(117276385);PubChem class - bio and metabolites	16777226
27	1	N/A	-208.77579076632958	C9H10O3	[M + H]+	FTNUHCHHYACFSB	InChI=1S/C9H10O3/c1-6(10)9(12)7-2-4-8(11)5-3-7/h2-5,9,11-12H,1H3	2-Propanone, 1-hydroxy-1-(4-hydroxyphenyl)-, (1R)-	CC(=O)C(C1=CC=C(C=C1)O)O	0.600000024	10192592;10261435;96008604	COCONUT:(CNP0285683);Natural Products:(UNPD102051);PubChem:(10192592 10261435 96008604);SuperNatural:(SN00286427);KEGG Mine	8593113090
28	1	N/A	-214.2166747527601	C9H10O3	[M + H]+	CTMHFVBELISBOG	InChI=1S/C9H10O3/c10-5-7-2-1-3-8(4-7)9(12)6-11/h1-5,9,11-12H,6H2	null	C1=CC(=CC(=C1)C(CO)O)C=O	-0.200000003	71665843;78144742	COCONUT:(CNP0192523);Natural Products:(UNPD210794);PubChem:(71665843 78144742)	2129922
29	1	N/A	-218.25694805762726	C9H10O3	[M + H]+	UITACZFIINUHQR	InChI=1S/C9H10O3/c10-4-3-5(11)9-7-2-1-6(12-7)8(4)9/h6-9H,1-3H2	Hexahydro-4,7-epoxy-1H-indene-1,3(2H)-dione, (3a-alpha,4-beta,7-beta,7a-alpha)-	C1CC2C3C(C1O2)C(=O)CC3=O	-0.100000001	176121;49868360;59351951;58061470;89115144;129147029	PubChem:(176121 49868360 59351951 58061470 89115144 129147029);PubChem class - safety and toxic	67108866
30	1	N/A	-221.8028171914083	C9H10O3	[M + H]+	JACRWUWPXAESPB	InChI=1S/C9H10O3/c10-6-8(9(11)12)7-4-2-1-3-5-7/h1-5,8,10H,6H2,(H,11,12)	Tropate	C1=CC=C(C=C1)C(CO)C(=O)O	0.913998008	10726;643328;785356;5460086;6943522;6943523;15967845;10442075;21635870;21635871	HMDB:(62590);SuperNatural:(SN00044585 SN00044586 SN00358914 SN00360857);ZINC bio:(ZINC00281901 ZINC00281902);additional;MeSH:(10726);Plantcyc:(TROPATE);PubMed;NORMAN:(NS00042941);COCONUT:(CNP0058818 CNP0185259);KNApSAcK:(35885);Natural Products:(UNPD99979 UNPD177837);PubChem:(10726 643328 785356 5460086 6943522 6943523 15967845 10442075 21635870 21635871);CHEBI:(17000 30767 30766 30765);EcoCyc Mine;KEGG:(C01456);PubChem class - safety and toxic;YMDB:(2309);Training Set;Biocyc:(TROPATE)	17251166590
31	1	N/A	-222.96891785606505	C9H10O3	[M + H]+	BVBSGGBDFJUSIH	InChI=1S/C9H10O3/c1-12-9(11)6-7-4-2-3-5-8(7)10/h2-5,10H,6H2,1H3	methyl(2-hydroxyphenyl)acetate	COC(=O)CC1=CC=CC=C1O	1.4689343	89719;19356399	NORMAN:(NS00027188);COCONUT:(CNP0205970);Natural Products:(UNPD33927);PubChem:(89719 19356399);ZINC bio:(ZINC00397535);PubChem class - safety and toxic;PubMed;KEGG Mine	8659443778
32	1	N/A	-224.59513052854666	C9H10O3	[M + H]+	HWQPMOIAGCFYGY	InChI=1S/C9H10O3/c1-12-9-4-2-3-7(5-10)8(9)6-11/h2-5,11H,6H2,1H3	Benzaldehyde, 2-(hydroxymethyl)-3-methoxy-	COC1=CC=CC(=C1CO)C=O	0.5	11542834	COCONUT:(CNP0110792);Natural Products:(UNPD33104);PubChem:(11542834);SuperNatural:(SN00260366)	3178498
33	1	N/A	-224.7943761965107	C9H10O3	[M + H]+	OXPNMGJGEUNBPO	InChI=1S/C9H10O3/c10-6-2-4-7-3-1-5-8(11)9(7)12/h1-5,10-12H,6H2	null	C1=CC(=C(C(=C1)O)O)C=CCO	1.0	131837797	PubChem:(131837797);HMDB:(134036)	10
34	1	N/A	-226.8111495687647	C9H10O3	[M + H]+	VUENWDJSJYJARL	InChI=1S/C9H10O3/c1-7(10)2-3-9(11)8-4-5-12-6-8/h4-6H,2-3H2,1H3	Ipomeanin	CC(=O)CCC(=O)C1=COC=C1	0.779429197	100689	COCONUT:(CNP0262889);HMDB:(34243);Natural Products:(UNPD99106);PubChem:(100689);SuperNatural:(SN00228839);ZINC bio:(ZINC05159516);PubChem class - bio and metabolites;MeSH:(100689);PubChem class - safety and toxic;PubMed	87072846
35	1	N/A	-227.94075919309554	C9H10O3	[M + H]+	CJBDUOMQLFKVQC	InChI=1S/C9H10O3/c10-8-4-2-1-3-7(8)5-6-9(11)12/h1-4,10H,5-6H2,(H,11,12)	bmse000331	C1=CC=C(C(=C1)CCC(=O)O)O	1.50841856	873;6930705	HMDB:(33752);SuperNatural:(SN00043549 SN00268398);ZINC bio:(ZINC00153019);additional;MeSH:(873);Plantcyc:(MELILOTATE);PubMed;COCONUT:(CNP0053955 CNP0103376);KNApSAcK:(2756);Natural Products:(UNPD49515);PubChem:(873 6930705);CHEBI:(16104 46957);PubChem class - bio and metabolites;KEGG:(C01198);PubChem class - safety and toxic;Biocyc:(MELILOTATE)	87730558
36	1	N/A	-228.22169045497938	C9H10O3	[M + H]+	MWZBTMXISMOMAE	InChI=1S/C9H10O3/c1-2-11-9(10)6-5-8-4-3-7-12-8/h3-7H,2H2,1H3	Ethyl 2-furanacrylate	CCOC(=O)C=CC1=CC=CO1	1.82734895	1550909;95368;699489	NORMAN:(NS00043344);COCONUT:(CNP0393898);HMDB:(41611);PubChem class - food;PubChem:(1550909 95368 699489);PubChem class - bio and metabolites;PubMed	153354314
37	1	N/A	-229.18706089026026	C9H10O3	[M + H]+	GOQGGGANVKPMNH	InChI=1S/C9H10O3/c1-12-9-6-7(4-5-10)2-3-8(9)11/h2-3,5-6,11H,4H2,1H3	Homovanillin	COC1=C(C=CC(=C1)CC=O)O	1.30198383	151276;10630932;87722761	HMDB:(5175);SuperNatural:(SN00216494);ZINC bio:(ZINC00895803);MeSH:(151276);PubMed;COCONUT:(CNP0262632);Natural Products:(UNPD60748);PubChem:(151276 10630932 87722761);YMDB Mine;CHEBI:(28111);PubChem class - bio and metabolites;EcoCyc Mine;KEGG:(C05581)	51559571822
38	1	N/A	-230.6138125188924	C9H10O3	[M + H]+	ITATYELQCJRCCK	InChI=1S/C9H10O3/c1-12-9(11)8(10)7-5-3-2-4-6-7/h2-6,8,10H,1H3	Spectrum_000182	COC(=O)C(C1=CC=CC=C1)O	1.23519003	78066;643570;2724623;11073795;16081032;21628562;57792128;57901280;101137831;100961624;101995478	NORMAN:(NS00042141);COCONUT:(CNP0421747);Natural Products:(UNPD111269);PubChem:(78066 643570 2724623 11073795 16081032 21628562 57792128 57901280 101137831 100961624 101995478);SuperNatural:(SN00001413 SN00001412 SN00220553);ZINC bio:(ZINC00391161 ZINC00391162);MeSH:(78066);PubMed;KEGG Mine	8593383494
39	1	N/A	-230.99983593118466	C9H10O3	[M + H]+	JQXBETDGCMQLMK	InChI=1S/C9H10O3/c1-6(10)4-7-2-3-8(11)9(12)5-7/h2-3,5,11-12H,4H2,1H3	Ambap2503-44-8	CC(=O)CC1=CC(=C(C=C1)O)O	0.981668234	2762430	NORMAN:(NS00018385);COCONUT:(CNP0097636);HMDB:(31132);PubChem:(2762430);ZINC bio:(ZINC02598081);PubChem class - bio and metabolites;EcoCyc Mine;MeSH:(2762430);PubChem class - safety and toxic;PubMed;KEGG Mine	25856057422
40	1	N/A	-233.14506950611795	C9H10O3	[M + H]+	XGDZEDRBLVIUMX	InChI=1S/C9H10O3/c1-12-9(11)6-7-2-4-8(10)5-3-7/h2-5,10H,6H2,1H3	Methyl4-hydroxyphenylacetate	COC(=O)CC1=CC=C(C=C1)O	1.4689343	518900;10583200;19356325;57774076;58415186	SuperNatural:(SN00155825);ZINC bio:(ZINC00395674);PubMed;NORMAN:(NS00015145);COCONUT:(CNP0332506);KNApSAcK:(31015);Natural Products:(UNPD97848);PubChem:(518900 10583200 19356325 57774076 58415186);YMDB Mine;CHEBI:(68078);EcoCyc Mine;PubChem class - safety and toxic;KEGG Mine	60200099954
41	1	N/A	-233.3402091400084	C9H10O3	[M + H]+	WXSGQHKHUYTJNB	InChI=1S/C9H10O3/c1-11-8-4-3-5-9(12-2)7(8)6-10/h3-6H,1-2H3	2,6-Dimethoxybenzaldehyde	COC1=C(C(=CC=C1)OC)C=O	1.55007482	96404	NORMAN:(NS00029575);PubChem class - safety and toxic;PubChem:(96404)	67371010
42	1	N/A	-233.47253006845608	C9H10O3	[M + H]+	GYCKQBWUSACYIF	InChI=1S/C9H10O3/c1-2-12-9(11)7-5-3-4-6-8(7)10/h3-6,10H,2H2,1H3	Mesotol	CCOC(=O)C1=CC=CC=C1O	1.73833573	8365;21790273	HMDB:(29817);PubChem class - food;SuperNatural:(SN00358150);ZINC bio:(ZINC00157490);additional;MeSH:(8365);PubMed;NORMAN:(NS00012461);COCONUT:(CNP0169358);Natural Products:(UNPD119291);PubChem:(8365 21790273);CHEBI:(88839);PubChem class - bio and metabolites;PubChem class - safety and toxic;Training Set;KEGG Mine	8812028014
43	1	N/A	-233.5020058195556	C9H10O3	[M + H]+	UENLHUMCIOWYQN	InChI=1S/C9H10O3/c1-6(10)9-7(11)4-3-5-8(9)12-2/h3-5,11H,1-2H3	1-acetyl-2-hydroxy-6-methoxybenzene	CC(=O)C1=C(C=CC=C1OC)O	1.79999995	69709;101320312	NORMAN:(NS00037046);COCONUT:(CNP0394493);Natural Products:(UNPD144761);PubChem:(69709 101320312);SuperNatural:(SN00290163);ZINC bio:(ZINC00164091);additional;PubChem class - safety and toxic;PubMed	71082050
44	1	N/A	-235.02286518096184	C9H10O3	[M + H]+	HXLWZDUJTZJMQQ	InChI=1S/C9H10O3/c1-6-4-3-5-7(10)9(12-2)8(6)11/h3-5,11H,1-2H3	3-hydroxy-2-methoxy-4-methylcyclohepta-2,4,6-trien-1-one	CC1=CC=CC(=O)C(=C1O)OC	1.10000002	2755144	COCONUT:(CNP0415588);PubChem:(2755144);SuperNatural:(SN00127722)	3145730
45	1	N/A	-235.56089775239948	C9H10O3	[M + H]+	FCGIQKXMUQPTPR	InChI=1S/C9H10O3/c1-7(11)2-3-8-4-5-9(6-10)12-8/h2-5,10H,6H2,1H3	(E)-4-[5-(Hydroxymethyl)-2-furanyl]-3-butene-2-one	CC(=O)C=CC1=CC=C(O1)CO	0.300000012	24861973;66936256	COCONUT:(CNP0211846);Natural Products:(UNPD124592);PubChem:(24861973 66936256);SuperNatural:(SN00159017);PubMed	3178562
46	1	N/A	-235.72145754465132	C9H10O3	[M + H]+	KRHQRJXHSUXNQY	InChI=1S/C9H10O3/c1-6(9(11)12)7-4-2-3-5-8(7)10/h2-6,10H,1H3,(H,11,12)	2-(2-hydroxyphenyl)propanoate	CC(C1=CC=CC=C1O)C(=O)O	1.60000002	7568238;7568239;7568243;7568244;15075538;21694468;67517010	EcoCyc Mine;HMDB:(142136);PubChem:(7568238 7568239 7568243 7568244 15075538 21694468 67517010);KEGG Mine;PubChem class - bio and metabolites	25786581002
47	1	N/A	-236.67292377148513	C9H10O3	[M + H]+	AFUKNJHPZAVHGQ	InChI=1S/C9H10O3/c1-11-8-3-4-9(12-2)7(5-8)6-10/h3-6H,1-2H3	2,5-Dimethoxybenzaldehyde	COC1=CC(=C(C=C1)OC)C=O	1.55007482	66726;16096480	NORMAN:(NS00039516);PubChem:(66726 16096480);ZINC bio:(ZINC01693397);PubChem class - safety and toxic;PubMed;KEGG Mine	8657313858
48	1	N/A	-237.7382916282774	C9H10O3	[M + H]+	CFQYIIXIHXUPQT	InChI=1S/C9H10O3/c1-2-8(11)7-5-6(10)3-4-9(7)12/h3-5,10,12H,2H2,1H3	2,5-Dihydroxypropiophenone	CCC(=O)C1=C(C=CC(=C1)O)O	1.41303086	70312	NORMAN:(NS00039688);PubChem class - safety and toxic;PubChem:(70312)	67371010
49	1	N/A	-238.45680891948564	C9H10O3	[M + H]+	NMHMNPHRMNGLLB	InChI=1S/C9H10O3/c10-8-4-1-7(2-5-8)3-6-9(11)12/h1-2,4-5,10H,3,6H2,(H,11,12)	bmse010064	C1=CC(=CC=C1CCC(=O)O)O	1.50841856	10394;5460080;10797231;101205458;101364536;123654687	HMDB:(2199);SuperNatural:(SN00077204 SN00304771);ZINC bio:(ZINC08383206);additional;MeSH:(10394);Plantcyc:(PHLORETATE);PubMed;NORMAN:(NS00014704);COCONUT:(CNP0025642 CNP0290882);KNApSAcK:(29471);Natural Products:(UNPD42521);PubChem:(10394 5460080 10797231 101205458 101364536 123654687);YMDB Mine;CHEBI:(16331 32980);PubChem class - bio and metabolites;EcoCyc Mine;KEGG:(C01744);PubChem class - safety and toxic;Training Set;Biocyc:(PHLORETATE)	51627616638
50	1	N/A	-239.2476818148322	C9H10O3	[M + H]+	ZDFBTCGNMLBHHT	InChI=1S/C9H10O3/c1-6-2-7(4-10)9(12)8(3-6)5-11/h2-4,11-12H,5H2,1H3	3-(Hydroxymethyl)-5-methylsalicylaldehyde	CC1=CC(=C(C(=C1)C=O)O)CO	1.10000002	2754908	NORMAN:(NS00055767);COCONUT:(CNP0030692);PubChem:(2754908);SuperNatural:(SN00121270);ZINC bio:(ZINC03124973);PubMed	3416130
51	1	N/A	-240.8170473980427	C9H10O3	[M + H]+	LTEPZFZSPZASKJ	InChI=1S/C9H10O3/c10-6-5-9(12)7-1-3-8(11)4-2-7/h1-4,10-11H,5-6H2	3-hydroxy-1-(4-hydroxyphenyl)propan-1-one	C1=CC(=CC=C1C(=O)CCO)O	0.894394457	638759	HMDB:(40645);SuperNatural:(SN00019767);ZINC bio:(ZINC13118172);additional;PubMed;COCONUT:(CNP0268127);KNApSAcK:(29478);Natural Products:(UNPD160812);PubChem:(638759);PubChem class - bio and metabolites;PubChem class - safety and toxic;Training Set;KEGG Mine	8677548122
52	1	N/A	-240.97720236733312	C9H10O3	[M + H]+	YCNSGSUGQPDYTK	InChI=1S/C9H10O3/c1-2-11-9(10)12-8-6-4-3-5-7-8/h3-7H,2H2,1H3	Ethyl phenyl carbonate	CCOC(=O)OC1=CC=CC=C1	2.4000001	138067	PubChem class - safety and toxic;PubChem:(138067);PubMed	67108930
53	1	N/A	-241.2800241854437	C9H10O3	[M + H]+	RDFDQSKPVOIWGZ	InChI=1S/C9H10O3/c1-6(10)2-7-3-8(11)5-9(12)4-7/h3-5,11-12H,2H2,1H3	2-Propanone, 1-(3,5-dihydroxyphenyl)-	CC(=O)CC1=CC(=CC(=C1)O)O	0.800000012	44715205	COCONUT:(CNP0215843);Natural Products:(UNPD66088);PubChem:(44715205);SuperNatural:(SN00297587)	3178498
54	1	N/A	-242.95345195670734	C9H10O3	[M + H]+	CUMIGPPRWNRSMW	InChI=1S/C9H10O3/c1-11-8-2-4-9(5-3-8)12-7-6-10/h2-6H,7H2,1H3	p-Methoxyphenoxyacetaldehyde	COC1=CC=C(C=C1)OCC=O	1.39999998	96383	NORMAN:(NS00036598);PubChem:(96383);PubMed	262210
55	1	N/A	-243.88475918730205	C9H10O3	[M + H]+	AMDDOQIUPAINLH	InChI=1S/C9H10O3/c1-12-9(11)6-7-3-2-4-8(10)5-7/h2-5,10H,6H2,1H3	Ambap42058-59-3	COC(=O)CC1=CC(=CC=C1)O	1.4689343	39129;19356318	EcoCyc Mine;PubChem class - safety and toxic;PubChem:(39129 19356318);ZINC bio:(ZINC02006465);KEGG Mine	25836920834
56	1	N/A	-244.43246746816428	C9H10O3	[M + H]+	QAWBTVDBXWOTRD	InChI=1S/C9H10O3/c1-5-3-4-7(11)8(6(2)10)9(5)12/h3-4,11-12H,1-2H3	1-(2,6-Dihydroxy-3-methylphenyl)ethanone	CC1=C(C(=C(C=C1)O)C(=O)C)O	1.79999995	592143	PubChem class - safety and toxic;PubChem:(592143);PubMed	67108930
57	1	N/A	-244.4732825817391	C9H10O3	[M + H]+	XPHIPEXPAGCEBM	InChI=1S/C9H10O3/c1-6(10)8-4-3-7(11)5-9(8)12-2/h3-5,11H,1-2H3	Apocynin-d3	CC(=O)C1=C(C=C(C=C1)O)OC	1.2297591	529402;71312762	COCONUT:(CNP0146399);Natural Products:(UNPD23345);PubChem:(529402 71312762);SuperNatural:(SN00007275);ZINC bio:(ZINC04166509);additional;Training Set;PubMed;KEGG Mine	8593662018
58	1	N/A	-245.03935531275778	C9H10O3	[M + H]+	CEKCNQSWPNISHG	InChI=1S/C9H10O3/c1-6(11)8-3-2-7(5-10)4-9(8)12/h2-4,10,12H,5H2,1H3	null	CC(=O)C1=C(C=C(C=C1)CO)O	0.899999976	56663527	COCONUT:(CNP0111501);Natural Products:(UNPD147343);PubChem:(56663527);CHEBI:(67435);PubMed;KEGG Mine	8592064610
59	1	N/A	-245.27801091613787	C9H10O3	[M + H]+	IVEWTCACRDEAOB	InChI=1S/C9H10O3/c1-12-8-5-3-2-4-7(8)6-9(10)11/h2-5H,6H2,1H3,(H,10,11)	2-(Carboxymethyl)anisole	COC1=CC=CC=C1CC(=O)O	1.4689343	7134;6950471	NORMAN:(NS00039538);PubChem:(7134 6950471);ZINC bio:(ZINC00391189);PubChem class - safety and toxic;Training Set;PubMed;KEGG Mine	8657330242
60	1	N/A	-245.46669644020352	C9H10O3	[M + H]+	DIWVBIXQCNRCFE	InChI=1S/C9H10O3/c1-12-8(9(10)11)7-5-3-2-4-6-7/h2-6,8H,1H3,(H,10,11)	Bionet2_000356	COC(C1=CC=CC=C1)C(=O)O	1.39999998	107202;643325;2724294;4569340;6931594;6950472;101036514	NORMAN:(NS00015555);COCONUT:(CNP0291222);Natural Products:(UNPD85927 UNPD175744);PubChem:(107202 643325 2724294 4569340 6931594 6950472 101036514);SuperNatural:(SN00296544 SN00275131);ZINC bio:(ZINC00156675 ZINC00391190);MeSH:(107202);PubChem class - safety and toxic;PubMed;KEGG Mine	8660492358
61	1	N/A	-245.66266676268364	C9H10O3	[M + H]+	ZCKDCRKBURQZPT	InChI=1S/C9H10O3/c10-5-1-2-7-3-4-8(11)9(12)6-7/h1-4,6,10-12H,5H2	Spectrum_001694	C1=CC(=C(C=C1C=CCO)O)O	1.04437864	361171;5282096;16109954;101215183;131243616	HMDB:(141765);SuperNatural:(SN00255654);ZINC bio:(ZINC01532486);additional;PubMed;COCONUT:(CNP0214486);Natural Products:(UNPD124031 UNPD112387);PubChem:(361171 5282096 16109954 101215183 131243616);CHEBI:(31334 86071);PubChem class - bio and metabolites;KEGG:(C12206);Training Set	20504938
62	1	N/A	-246.43400611698019	C9H10O3	[M + H]+	BYRVXROVZBYNOZ	InChI=1S/C9H10O3/c1-6(9(11)12)7-3-2-4-8(10)5-7/h2-6,10H,1H3,(H,11,12)	null	CC(C1=CC(=CC=C1)O)C(=O)O	1.43263435	12446853;23615196;68816315;96008603	COCONUT:(CNP0140626);PubChem:(12446853 23615196 68816315 96008603);CHEBI:(131432);EcoCyc Mine;MeSH:(12446853);PubMed;KEGG Mine	25771901030
63	1	N/A	-246.59183721206605	C9H10O3	[M + H]+	LLBBBYLDTDJMNU	InChI=1S/C9H10O3/c1-2-8(11)7-4-3-6(10)5-9(7)12/h3-5,10,12H,2H2,1H3	4-Propionylresorcinol	CCC(=O)C1=C(C=C(C=C1)O)O	1.41303086	79856	NORMAN:(NS00033810);PubChem:(79856);ZINC bio:(ZINC00155598);PubChem class - bio and metabolites;PubChem class - safety and toxic;PubMed;KEGG Mine	8674091074
64	1	N/A	-247.35172976337248	C9H10O3	[M + H]+	QVWAEZJXDYOKEH	InChI=1S/C9H10O3/c10-8-3-1-2-7(6-8)4-5-9(11)12/h1-3,6,10H,4-5H2,(H,11,12)	Dihydro-m-coumarate	C1=CC(=CC(=C1)O)CCC(=O)O	1.50841856	91;6931501	HMDB:(375);SuperNatural:(SN00215748);ZINC bio:(ZINC00156346);MeSH:(91 6931501);PubMed;NORMAN:(NS00034942);COCONUT:(CNP0166101);PubChem:(91 6931501);CHEBI:(1427 57277);PubChem class - bio and metabolites;KEGG:(C11457);PubChem class - safety and toxic;Biocyc:(3-HYDROXYPHENYL-PROPIONATE)	87304558
65	1	N/A	-248.33032336423503	C9H10O3	[M + H]+	NWPQSEVAIPWZJY	InChI=1S/C9H10O3/c1-3-4-7-5-8(11-2)6-9(10)12-7/h3-6H,1-2H3	4-methoxy-6-[(E)-prop-1-enyl]-pyran-2-one	CC=CC1=CC(=CC(=O)O1)OC	1.5	12206036	PubChem:(12206036);COCONUT:(CNP0351266)	2097154
66	1	N/A	-248.83609818575275	C9H10O3	[M + H]+	HUXGFSJRCMJOAK	InChI=1S/C9H10O3/c1-12-6-9(11)7-2-4-8(10)5-3-7/h2-5,10H,6H2,1H3	4''-Hydroxy-2-methoxyacetophenone	COCC(=O)C1=CC=C(C=C1)O	1.13050258	3015614	NORMAN:(NS00029218);COCONUT:(CNP0289032);Natural Products:(UNPD119120);PubChem:(3015614);ZINC bio:(ZINC13480979);PubMed;KEGG Mine	8592334914
67	1	N/A	-249.99768922396666	C9H10O3	[M + H]+	ASTGXUHKUFFOQX	InChI=1S/C9H10O3/c1-6-3-2-4-7(5-6)8(10)9(11)12/h2-5,8,10H,1H3,(H,11,12)	3-Methylmandelic acid	CC1=CC(=CC=C1)C(C(=O)O)O	1.30883861	277664;450659;7015463;7015464;6994737;6994738	PubChem class - safety and toxic;PubChem:(277664 450659 7015463 7015464 6994737 6994738);PubMed;KEGG Mine	8657043522
68	1	N/A	-250.3228157904819	C9H10O3	[M + H]+	UILPJVPSNHJFIK	InChI=1S/C9H10O3/c1-6(10)8-4-3-7(12-2)5-9(8)11/h3-5,11H,1-2H3	Paeonal	CC(=O)C1=C(C=C(C=C1)OC)O	1.2297591	11092;11816097;46702130;101320311	SuperNatural:(SN00000165);ZINC bio:(ZINC00001906);additional;MeSH:(11092);PubMed;NORMAN:(NS00033267);COCONUT:(CNP0076361 CNP0324617);KNApSAcK:(2704);Natural Products:(UNPD64073);PubChem:(11092 11816097 46702130 101320311);CHEBI:(69581);KEGG:(C10712);PubChem class - safety and toxic;Training Set	71098742
69	1	N/A	-250.67521512670695	C9H10O3	[M + H]+	BSEXMELCOOVGNF	InChI=1S/C9H10O3/c1-2-7(6-10)9(11)8-4-3-5-12-8/h2-6,9,11H,1H3	2-Furanpropanal, a-ethylidene-b-hydroxy-	CC=C(C=O)C(C1=CC=CO1)O	0.5	20833793;44150220;57354215	PubChem:(20833793 44150220 57354215);NORMAN:(NS00058977)	262146
70	1	N/A	-251.13558631159802	C9H10O3	[M + H]+	ZHMMPVANGNPCBW	InChI=1S/C9H10O3/c1-6(9(11)12)7-2-4-8(10)5-3-7/h2-6,10H,1H3,(H,11,12)	4-Hydroxyhydratropate	CC(C1=CC=C(C=C1)O)C(=O)O	1.43263435	102526;9543338;6971267;6971268;6971269;6971270;46702128	HMDB:(41683);SuperNatural:(SN00001885 SN00001886);ZINC bio:(ZINC00901641 ZINC00901642);MeSH:(102526);PubMed;NORMAN:(NS00041919);COCONUT:(CNP0076057 CNP0251220);Natural Products:(UNPD180014);PubChem:(102526 9543338 6971267 6971268 6971269 6971270 46702128);CHEBI:(1868);PubChem class - bio and metabolites;KEGG:(C03080);PubChem class - safety and toxic	87335278
71	1	N/A	-251.40667699636492	C9H10O3	[M + H]+	JQJMAHBZVDMIIT	InChI=1S/C9H10O3/c1-6-4-7(5-9(11)12)2-3-8(6)10/h2-4,10H,5H2,1H3,(H,11,12)	4-Hydroxy-3-methylphenylacetic acid	CC1=C(C=CC(=C1)CC(=O)O)O	1.54258287	23440817	COCONUT:(CNP0116223);Natural Products:(UNPD230493);PubChem:(23440817);YMDB Mine;ZINC bio:(ZINC13542637);EcoCyc Mine;KEGG Mine	60131680258
72	1	N/A	-252.5884222461901	C9H10O3	[M + H]+	PFYHAAAQPNMZHO	InChI=1S/C9H10O3/c1-11-8-6-4-3-5-7(8)9(10)12-2/h3-6H,1-2H3	Methyl o-anisate	COC1=CC=CC=C1C(=O)OC	1.71702528	61151;9989611;87806298	HMDB:(32605);PubChem class - food;SuperNatural:(SN00391723);ZINC bio:(ZINC00409176);PubMed;NORMAN:(NS00012846);COCONUT:(CNP0297770);Natural Products:(UNPD68736);PubChem:(61151 9989611 87806298);YMDB Mine;PubChem class - bio and metabolites;PubChem class - safety and toxic;KEGG Mine	43171225674
73	1	N/A	-253.40763753161283	C9H10O3	[M + H]+	YTOKFOPFITZGDM	InChI=1S/C9H10O3/c1-12-8-4-2-7(3-5-8)9(11)6-10/h2-5,10H,6H2,1H3	hydroxymethoxyphenylethanone	COC1=CC=C(C=C1)C(=O)CO	1.13050258	77786;59922646	NORMAN:(NS00030970);COCONUT:(CNP0302541);Natural Products:(UNPD72618);PubChem:(77786 59922646);SuperNatural:(SN00261488);ZINC bio:(ZINC00169340);PubChem class - safety and toxic;PubMed;KEGG Mine	8660492354
74	1	N/A	-253.67530491908946	C9H10O3	[M + H]+	FWZBPBKAANKOJQ	InChI=1S/C9H10O3/c10-6-8-3-1-7(2-4-8)5-9(11)12/h1-4,10H,5-6H2,(H,11,12)	AmbotzRL-1037	C1=CC(=CC=C1CC(=O)O)CO	1.0239464	3283498;40426964	PubChem:(3283498 40426964);PubChem class - safety and toxic	67108866
75	1	N/A	-254.96502545129187	C9H10O3	[M + H]+	MLIBGOFSXXWRIY	InChI=1S/C9H10O3/c1-6(10)8-5-7(12-2)3-4-9(8)11/h3-5,11H,1-2H3	Maybridge1_004072	CC(=O)C1=C(C=CC(=C1)OC)O	1.2297591	69714;101320313	NORMAN:(NS00037062);COCONUT:(CNP0250088);Natural Products:(UNPD168780);PubChem:(69714 101320313);SuperNatural:(SN00043599);ZINC bio:(ZINC00160317);additional;PubChem class - safety and toxic;Training Set;PubMed	71098434
76	1	N/A	-256.1031986578512	C9H10O3	[M + H]+	UCWVXCBZZYBRAB	InChI=1S/C9H10O3/c1-6-3-7(12-2)4-9(11)8(6)5-10/h3-5,11H,1-2H3	4-Methoxy-6-methylsalicylaldehyde	CC1=CC(=CC(=C1C=O)O)OC	1.89999998	596815	COCONUT:(CNP0205790);Natural Products:(UNPD19378);PubChem:(596815);SuperNatural:(SN00365737);ZINC bio:(ZINC04137043)	3186690
77	1	N/A	-256.35736618106904	C9H10O3	[M + H]+	XVBRPLXVCJSVAW	InChI=1S/C9H10O3/c1-6-2-3-7(9(11)12)4-8(6)5-10/h2-4,10H,5H2,1H3,(H,11,12)	3-(hydroxymethyl)-4-methylbenzoic acid	CC1=C(C=C(C=C1)C(=O)O)CO	0.899999976	23344100	PubChem:(23344100);PubChem class - safety and toxic	67108866
78	1	N/A	-257.41107247078924	C9H10O3	[M + H]+	YAPCNXGBNRDBIW	InChI=1S/C9H10O3/c1-7(10)12-9-5-3-8(11-2)4-6-9/h3-6H,1-2H3	p-Acetoxyanisole	CC(=O)OC1=CC=C(C=C1)OC	1.75196087	70987;101519980;122375151	NORMAN:(NS00045237);PubChem:(70987 101519980 122375151);PubMed;ZINC bio:(ZINC01675907);KEGG Mine	8590204994
79	1	N/A	-257.46405382467304	C9H10O3	[M + H]+	AGHFRPLMFHUFDG	InChI=1S/C9H10O3/c10-6-2-4-7-3-1-5-8(11)9(7)12/h1,3,5-6,11-12H,2,4H2	null	C1=CC(=C(C(=C1)O)O)CCC=O	0.899999976	117276384	HMDB:(134032);PubChem:(117276384);PubChem class - bio and metabolites	16777226
80	1	N/A	-258.25914217506346	C9H10O3	[M + H]+	LWRSYTXEQUUTKW	InChI=1S/C9H10O3/c1-11-8-4-3-7(6-10)9(5-8)12-2/h3-6H,1-2H3	ArgoPore&trade;-MB-CHO	COC1=CC(=C(C=C1)C=O)OC	1.55007482	69175;101073548	NORMAN:(NS00034651);COCONUT:(CNP0303686);Natural Products:(UNPD60177);PubChem:(69175 101073548);SuperNatural:(SN00155764);ZINC bio:(ZINC00157150);MeSH:(69175);PubChem class - safety and toxic;PubMed;KEGG Mine	8660492358
81	1	N/A	-258.6513479396328	C9H10O3	[M + H]+	NRPFNQUDKRYCNX	InChI=1S/C9H10O3/c1-12-8-4-2-7(3-5-8)6-9(10)11/h2-5H,6H2,1H3,(H,10,11)	Homoanisate	COC1=CC=C(C=C1)CC(=O)O	1.4689343	7690;4740745;10773396;59838700	HMDB:(2072);SuperNatural:(SN00300886);ZINC bio:(ZINC00157067);MeSH:(7690);PubMed;NORMAN:(NS00023274);COCONUT:(CNP0125359);Natural Products:(UNPD177586);PubChem:(7690 4740745 10773396 59838700);YMDB Mine;CHEBI:(55501);PubChem class - bio and metabolites;EcoCyc Mine;PubChem class - safety and toxic;KEGG Mine	60216877166
82	1	N/A	-259.0722339884757	C9H10O3	[M + H]+	FQOTZLQTVXWZQZ	InChI=1S/C9H10O3/c1-6-3-7(11)4-9(12-2)8(6)5-10/h3-5,11H,1-2H3	4-Hydroxy-2-methoxy-6-methylbenzaldehyde	CC1=CC(=CC(=C1C=O)OC)O	1.39999998	14309396	COCONUT:(CNP0131937);Natural Products:(UNPD31336);PubChem:(14309396);KEGG Mine	8592064514
83	1	N/A	-259.47864886977237	C9H10O3	[M + H]+	JVWHEFWNYRUQMG	InChI=1S/C9H10O3/c1-6-2-3-7(4-8(6)10)5-9(11)12/h2-4,10H,5H2,1H3,(H,11,12)	2-(3-hydroxy-4-methylphenyl)acetate	CC1=C(C=C(C=C1)CC(=O)O)O	1.54258287	820261;23125430	EcoCyc Mine;PubChem class - safety and toxic;PubChem:(820261 23125430);KEGG Mine	25836912642
84	1	N/A	-259.5323903888254	C9H10O3	[M + H]+	ZNVONSOLBUDTMB	InChI=1S/C9H10O3/c1-2-9(12)6-3-7(10)5-8(11)4-6/h3-5,10-11H,2H2,1H3	1-Propanone, 1-(3,5-dihydroxyphenyl)-	CCC(=O)C1=CC(=CC(=C1)O)O	1.39999998	11528410	PubChem:(11528410);COCONUT:(CNP0081565)	2097154
85	1	N/A	-259.94390734754575	C9H10O3	[M + H]+	RPBYFWCDWKXDJU	InChI=1S/C9H10O3/c1-6-5-8(11)3-4-9(6)12-7(2)10/h3-5,11H,1-2H3	(4-hydroxy-2-methylphenyl) acetate	CC1=C(C=CC(=C1)O)OC(=O)C	1.82560945	19848408	COCONUT:(CNP0077014);PubChem:(19848408);PubMed;KEGG Mine	8592031810
86	1	N/A	-259.98237466552854	C9H10O3	[M + H]+	UITFCFWKYAOJEJ	InChI=1S/C9H10O3/c1-6-3-4-7(8(10)5-6)9(11)12-2/h3-5,10H,1-2H3	Methyl m-Cresotate	CC1=CC(=C(C=C1)C(=O)OC)O	1.79067373	78400	NORMAN:(NS00012929);PubChem:(78400);YMDB Mine;MeSH:(78400);PubChem class - safety and toxic;PubMed;KEGG Mine	43017044038
87	1	N/A	-260.7043335780675	C9H10O3	[M + H]+	RNOSZJQXPVHHLQ	InChI=1S/C9H10O3/c1-2-4-9(10)12-7-8-5-3-6-11-8/h2-6H,7H2,1H3	furan-2-ylmethyl (E)-but-2-enoate	CC=CC(=O)OCC1=CC=CO1	1.5	21954672;53424389	PubChem:(21954672 53424389);PubChem class - food	134217730
88	1	N/A	-261.641777579708	C9H10O3	[M + H]+	VOXXWSYKYCBWHO	InChI=1S/C9H10O3/c10-8(9(11)12)6-7-4-2-1-3-5-7/h1-5,8,10H,6H2,(H,11,12)	Phenyllactate	C1=CC=C(C=C1)CC(C(=O)O)O	1.10000002	3848;643327;444718;4060207;5460756;5461132;10261475;11819411;21635872;21635873;23251329;101136783;101368006	HMDB:(563 748 779);SuperNatural:(SN00371483 SN00036076 SN00323874 SN00036077);ZINC bio:(ZINC00388089 ZINC00388090);additional;MeSH:(3848);Plantcyc:(CPD-5921 MG-PROTOPORPHYRIN);PubMed;NORMAN:(NS00015349);COCONUT:(CNP0085602 CNP0213490);KNApSAcK:(150);Natural Products:(UNPD152564 UNPD111625 UNPD150937);PubChem:(3848 643327 444718 4060207 5460756 5461132 10261475 11819411 21635872 21635873 23251329 101136783 101368006);YMDB Mine;CHEBI:(43065 32979 32978 11009 8100 25998);PubChem class - bio and metabolites;EcoCyc Mine;KEGG:(C05607);PubChem class - safety and toxic;Biocyc:(CPD-5921)	51627600254
89	1	N/A	-262.26073617815547	C9H10O3	[M + H]+	MWSMNBYIEBRXAL	InChI=1S/C9H10O3/c1-2-12-9(11)7-4-3-5-8(10)6-7/h3-6,10H,2H2,1H3	m-Ethoxycarbonylphenol	CCOC(=O)C1=CC(=CC=C1)O	1.73833573	24522;101613616	NORMAN:(NS00037952);COCONUT:(CNP0114890);Natural Products:(UNPD25165);PubChem:(24522 101613616);SuperNatural:(SN00309533);ZINC bio:(ZINC00388755);additional;PubChem class - safety and toxic;PubMed	71082050
90	1	N/A	-262.65503576061326	C9H10O3	[M + H]+	JIVGSHFYXPRRSZ	InChI=1S/C9H10O3/c1-11-8-5-3-4-7(6-10)9(8)12-2/h3-6H,1-2H3	o-Veratraldehyde	COC1=CC=CC(=C1OC)C=O	1.55007482	66581;12217076	NORMAN:(NS00039131);COCONUT:(CNP0172526);Natural Products:(UNPD5142);PubChem:(66581 12217076);SuperNatural:(SN00241215);ZINC bio:(ZINC00157156);PubChem class - safety and toxic;PubMed;KEGG Mine	8660492354
91	1	N/A	-262.9726601347615	C9H10O3	[M + H]+	XJSIOIUWJIMDDN	InChI=1S/C9H10O3/c1-6-5-8(12-7(2)10)3-4-9(6)11/h3-5,11H,1-2H3	(4-hydroxy-3-methylphenyl) acetate	CC1=C(C=CC(=C1)OC(=O)C)O	1.82560945	15532447	COCONUT:(CNP0297817);Natural Products:(UNPD53554);PubChem:(15532447);SuperNatural:(SN00340198);KEGG Mine	8593113090
92	1	N/A	-263.1626246801762	C9H10O3	[M + H]+	LEGPZHPSIPPYIO	InChI=1S/C9H10O3/c1-12-8-4-2-3-7(5-8)6-9(10)11/h2-5H,6H2,1H3,(H,10,11)	3-methoxyphenylacetate	COC1=CC=CC(=C1)CC(=O)O	1.4689343	15719;6930763;101878467	HMDB:(59969);ZINC bio:(ZINC00153280);MeSH:(15719);PubMed;NORMAN:(NS00014725);COCONUT:(CNP0272560);PubChem:(15719 6930763 101878467);CHEBI:(88719);PubChem class - bio and metabolites;EcoCyc Mine;PubChem class - safety and toxic;Training Set;KEGG Mine	25856073838
93	1	N/A	-263.16939411286165	C9H10O3	[M + H]+	QQYNGKGFOZQMHD	InChI=1S/C9H10O3/c1-7(10)12-9-5-3-4-8(6-9)11-2/h3-6H,1-2H3	m-Acetoxyanisole	CC(=O)OC1=CC=CC(=C1)OC	1.75196087	138507	PubChem class - safety and toxic;PubChem:(138507);KEGG Mine	8657043458
94	1	N/A	-263.6187926623254	C9H10O3	[M + H]+	WGHPWLUYIPUQOJ	InChI=1S/C9H10O3/c10-5-6-12-9-4-2-1-3-8(9)7-11/h1-4,7,10H,5-6H2	Phenoxyethyl formate	C1=CC=C(C(=C1)C=O)OCCO	1.0527488	93989	PubChem:(93989);PubChem class - safety and toxic	67108866
95	1	N/A	-264.13623068107927	C9H10O3	[M + H]+	UCOPLHZKEWBGSP	InChI=1S/C9H10O3/c1-5-3-7(6(2)10)9(12)4-8(5)11/h3-4,11-12H,1-2H3	Ethanone, 1-(2,4-dihydroxy-5-methylphenyl)-	CC1=CC(=C(C=C1O)O)C(=O)C	1.79999995	13462844	COCONUT:(CNP0284124);Natural Products:(UNPD199199);PubChem:(13462844)	2129922
96	1	N/A	-264.65978195011024	C9H10O3	[M + H]+	DUKYPQBGYRJVAN	InChI=1S/C9H10O3/c1-11-8-5-3-4-7(6-8)9(10)12-2/h3-6H,1-2H3	Methyl m-anisate	COC1=CC=CC(=C1)C(=O)OC	1.71702528	79332	NORMAN:(NS00032812);COCONUT:(CNP0332308);Natural Products:(UNPD97563);PubChem:(79332);SuperNatural:(SN00301370);ZINC bio:(ZINC01662514);PubMed	3448898
97	1	N/A	-265.02609175911573	C9H10O3	[M + H]+	DWXAVNJYFLGAEF	InChI=1S/C9H10O3/c1-7(2)9(10)12-6-8-4-3-5-11-8/h3-5H,1,6H2,2H3	ACMC-20akui	CC(=C)C(=O)OCC1=CC=CO1	1.70000005	76993	NORMAN:(NS00029679);MeSH:(76993);PubChem class - safety and toxic;PubChem:(76993);PubMed	67371078
98	1	N/A	-265.1007249721066	C9H10O3	[M + H]+	KMTLZBUHQPQFAV	InChI=1S/C9H10O3/c1-5-8(11)4-3-7(6(2)10)9(5)12/h3-4,11-12H,1-2H3	ACMC-20aocy	CC1=C(C=CC(=C1O)C(=O)C)O	1.79999995	592139	COCONUT:(CNP0289312);PubChem:(592139);SuperNatural:(SN00117551);ZINC bio:(ZINC00163302);PubChem class - safety and toxic;PubMed;Biocyc:(CPD-18149)	70264898
99	1	N/A	-266.18591259075254	C9H10O3	[M + H]+	JQYUQKRFSSSGJM	InChI=1S/C9H10O3/c1-6-3-4-8(10)7(5-6)9(11)12-2/h3-5,10H,1-2H3	methyl-5-methylsalicylate	CC1=CC(=C(C=C1)O)C(=O)OC	1.79067373	89802	NORMAN:(NS00020280);PubChem class - safety and toxic;PubChem:(89802);YMDB Mine;KEGG Mine	43017043970
100	1	N/A	-266.8754871886677	C9H10O3	[M + H]+	XDZMPRGFOOFSBL	InChI=1S/C9H10O3/c1-2-12-8-6-4-3-5-7(8)9(10)11/h3-6H,2H2,1H3,(H,10,11)	2-ethoxybenzoate	CCOC1=CC=CC=C1C(=O)O	1.73833573	67252;5248465	NORMAN:(NS00024324);PubChem:(67252 5248465);ZINC bio:(ZINC00388283);MeSH:(67252);PubChem class - safety and toxic;PubMed	67379270
101	1	N/A	-266.93537630121847	C9H10O3	[M + H]+	DFYRUELUNQRZTB	InChI=1S/C9H10O3/c1-6(10)7-3-4-8(11)9(5-7)12-2/h3-5,11H,1-2H3	apocynin	CC(=O)C1=CC(=C(C=C1)O)OC	1.2297591	2214;12268985;21793333;76973991	PubChem class - food;SuperNatural:(SN00043608);ZINC bio:(ZINC00162515);additional;MeSH:(2214);PubMed;NORMAN:(NS00006260);COCONUT:(CNP0219031);KNApSAcK:(2689);Natural Products:(UNPD157048);PubChem:(2214 12268985 21793333 76973991);CHEBI:(2781);PubChem class - bio and metabolites;KEGG:(C11380);PubChem class - safety and toxic;YMDB:(1631);PubChem class - drug	255697270
102	1	N/A	-267.007591462176	C9H10O3	[M + H]+	BZCKRPHEZOHHBK	InChI=1S/C9H10O3/c1-11-9(10)7-12-8-5-3-2-4-6-8/h2-6H,7H2,1H3	Methyl phenoxy acetate	COC(=O)COC1=CC=CC=C1	1.65270448	16365	NORMAN:(NS00026708);PubChem:(16365);ZINC bio:(ZINC00409231);PubChem class - safety and toxic;PubMed;KEGG Mine	8657313858
103	1	N/A	-267.41461432055354	C9H10O3	[M + H]+	RXTAZJSIQKRTJQ	InChI=1S/C9H10O3/c1-2-9(11)12-8-5-3-4-7(10)6-8/h3-6,10H,2H2,1H3	resorcinol monopropanoate	CCC(=O)OC1=CC=CC(=C1)O	1.93523276	244285	PubChem:(244285);PubMed;CHEBI:(65228)	98
104	1	N/A	-267.71290441310174	C9H10O3	[M + H]+	ZYRIJURXMYXWQP	InChI=1S/C9H10O3/c1-2-3-6-4-7(10)9(12)8(11)5-6/h2,4-5,10-12H,1,3H2	1,2,3-Benzenetriol, 5-(2-propenyl)-	C=CCC1=CC(=C(C(=C1)O)O)O	1.89999998	19910496	PubChem:(19910496);COCONUT:(CNP0018885)	2097154
105	1	N/A	-268.7262517824085	C9H10O3	[M + H]+	OFQBYHLLIJGMNP	InChI=1S/C9H10O3/c1-2-12-8-5-3-4-7(6-10)9(8)11/h3-6,11H,2H2,1H3	Novovanillin	CCOC1=CC=CC(=C1O)C=O	1.57138526	68117	NORMAN:(NS00031882);PubChem class - safety and toxic;PubChem:(68117);PubMed;ZINC bio:(ZINC01720165)	67379266
106	1	N/A	-268.82169171697603	C9H10O3	[M + H]+	YLTGFGDODHXMFB	InChI=1S/C9H10O3/c1-6(10)7-3-4-9(12-2)8(11)5-7/h3-5,11H,1-2H3	Acetoisovanillone-d3	CC(=O)C1=CC(=C(C=C1)OC)O	1.2297591	95693;71749482	ZINC bio:(ZINC01656180);additional;MeSH:(95693);PubMed;COCONUT:(CNP0215048);KNApSAcK:(32695);Natural Products:(UNPD160072);PubChem:(95693 71749482);CHEBI:(67899);PubChem class - safety and toxic;Training Set;KEGG Mine	8659722358
107	1	N/A	-270.47009664936303	C9H10O3	[M + H]+	GPNCYIZKJTXKRO	InChI=1S/C9H10O3/c1-6-4-3-5-7(10)8(6)9(11)12-2/h3-5,10H,1-2H3	2,6-Cresotic acid, methyl ester	CC1=C(C(=CC=C1)O)C(=O)OC	2.29999995	584223	COCONUT:(CNP0214787);Natural Products:(UNPD10625);PubChem:(584223);SuperNatural:(SN00319490);YMDB Mine;ZINC bio:(ZINC14488785);MeSH:(584223);PubMed;KEGG Mine	42952859718
108	1	N/A	-270.5133113898263	C9H10O3	[M + H]+	MGRQLSWDIFMJGV	InChI=1S/C9H10O3/c1-12-9-6-7(4-5-10)2-3-8(9)11/h2-6,10-11H,1H3	null	COC1=C(C=CC(=C1)C=CO)O	1.41254389	13879729	COCONUT:(CNP0237756);HMDB:(137472);Natural Products:(UNPD20713);PubChem:(13879729);YMDB Mine;PubChem class - bio and metabolites	34378645514
109	1	N/A	-270.85850078920316	C9H10O3	[M + H]+	VFIVMIIQIYPVCM	InChI=1S/C9H10O3/c1-5-3-7(9(11)12)8(10)4-6(5)2/h3-4,10H,1-2H3,(H,11,12)	4,5-Dimethylsalicylic acid	CC1=CC(=C(C=C1C)O)C(=O)O	1.8643223	93965	NORMAN:(NS00033872);PubChem:(93965);KEGG Mine	8590196738
110	1	N/A	-271.57154576743585	C9H10O3	[M + H]+	QEFQGRZFYWPDSU	InChI=1S/C9H10O3/c1-6-3-4-8(12-2)7(5-6)9(10)11/h3-5H,1-2H3,(H,10,11)	ACMC-20ahsy	CC1=CC(=C(C=C1)OC)C(=O)O	1.79067373	520167;7015135	PubChem:(520167 7015135);PubChem class - safety and toxic	67108866
111	1	N/A	-271.6541127064088	C9H10O3	[M + H]+	SDQFDFFLPQFIHQ	InChI=1S/C9H10O3/c1-5-3-4-6(2)8(10)7(5)9(11)12/h3-4,10H,1-2H3,(H,11,12)	2-hydroxy-3,6-dimethylbenzoic acid	CC1=C(C(=C(C=C1)C)O)C(=O)O	2.4000001	261630;54731374	COCONUT:(CNP0351770);PubChem:(261630 54731374);CHEBI:(70733);PubChem class - safety and toxic;PubMed;KEGG Mine	8659140706
112	1	N/A	-272.19768608483054	C9H10O3	[M + H]+	GQXZUABNLSWQJA	InChI=1S/C9H10O3/c1-5-3-7(11)4-8(12)9(5)6(2)10/h3-4,11-12H,1-2H3	1-(2,4-dihydroxy-6-methylphenyl)ethanone	CC1=CC(=CC(=C1C(=O)C)O)O	1.79999995	254140	COCONUT:(CNP0142841);Natural Products:(UNPD188772);PubChem:(254140);SuperNatural:(SN00271341);ZINC bio:(ZINC01713872);PubChem class - safety and toxic	70295554
113	1	N/A	-272.97953348907726	C9H10O3	[M + H]+	MICCJGFEXKNBLU	InChI=1S/C9H10O3/c1-6-4-3-5-7(12-2)8(6)9(10)11/h3-5H,1-2H3,(H,10,11)	2-methoxy-6-methylbenzoate	CC1=C(C(=CC=C1)OC)C(=O)O	1.79067373	273170;6950440	NORMAN:(NS00009078);COCONUT:(CNP0023946 CNP0198561);Natural Products:(UNPD104989);PubChem:(273170 6950440);SuperNatural:(SN00118447 SN00395560);ZINC bio:(ZINC00390855);PubChem class - safety and toxic;PubMed;KEGG Mine	8660492354
114	1	N/A	-273.3674481950591	C9H10O3	[M + H]+	SUHLUMKZPUMAFP	InChI=1S/C9H10O3/c1-6-4-3-5-7(8(6)10)9(11)12-2/h3-5,10H,1-2H3	Levegal PT	CC1=C(C(=CC=C1)C(=O)OC)O	1.79067373	31835	NORMAN:(NS00021889);PubChem:(31835);YMDB Mine;ZINC bio:(ZINC00166806);PubChem class - safety and toxic;KEGG Mine	43017052162
115	1	N/A	-273.68611753901615	C9H10O3	[M + H]+	XOAAGSCMGLMPKG	InChI=1S/C9H10O3/c1-5-3-8(11)6(2)9(12)7(5)4-10/h3-4,11-12H,1-2H3	.beta.-Orcinaldehyde	CC1=CC(=C(C(=C1C=O)O)C)O	2.0	596811	COCONUT:(CNP0150662);Natural Products:(UNPD76471);PubChem:(596811);SuperNatural:(SN00302299);ZINC bio:(ZINC13484856);PubChem class - bio and metabolites;MeSH:(596811);PubMed;Biocyc:(CPD-18145)	19966022
116	1	N/A	-274.8558094704205	C9H10O3	[M + H]+	VFZRZRDOXPRTSC	InChI=1S/C9H10O3/c1-11-8-3-7(6-10)4-9(5-8)12-2/h3-6H,1-2H3	3,5-dimethoxybenzaldehyd	COC1=CC(=CC(=C1)C=O)OC	1.29999995	81747;9989602	NORMAN:(NS00037474);COCONUT:(CNP0220405);HMDB:(62348);Natural Products:(UNPD27653);PubChem:(81747 9989602);ZINC bio:(ZINC01081074);PubChem class - safety and toxic;PubMed;KEGG Mine	8659443786
117	1	N/A	-275.0937816321147	C9H10O3	[M + H]+	XSAVLGOTFYRGCX	InChI=1S/C9H10O3/c1-2-6-5-7(9(11)12)3-4-8(6)10/h3-5,10H,2H2,1H3,(H,11,12)	3-ethyl-4-hydroxybenzoic acid	CCC1=C(C=CC(=C1)C(=O)O)O	1.830158	21472426	COCONUT:(CNP0121187);Natural Products:(UNPD228349);PubChem:(21472426)	2129922
118	1	N/A	-275.28768642322024	C9H10O3	[M + H]+	BHJHPYFAYGAPLS	InChI=1S/C9H10O3/c1-7(10)12-9-6-4-3-5-8(9)11-2/h3-6H,1-2H3	bmse010104	CC(=O)OC1=CC=CC=C1OC	1.75196087	61155;10329684;10329695;131848814	HMDB:(32030);PubChem class - food;ZINC bio:(ZINC00389574);MeSH:(61155);PubMed;NORMAN:(NS00012507);COCONUT:(CNP0214774);Natural Products:(UNPD159249);PubChem:(61155 10329684 10329695 131848814);YMDB Mine;PubChem class - bio and metabolites;PubChem class - safety and toxic	34580242510
119	1	N/A	-275.4270524160653	C9H10O3	[M + H]+	HNWIHBDMOYWCGX	InChI=1S/C9H10O3/c1-2-7(10)6-3-4-8(11)9(12)5-6/h3-5,11-12H,2H2,1H3	3,4-Dihydroxypropiophenone	CCC(=O)C1=CC(=C(C=C1)O)O	1.41303086	96267	COCONUT:(CNP0313770);Natural Products:(UNPD57855);PubChem class - safety and toxic;PubChem:(96267);KEGG Mine	8659173378
120	1	N/A	-275.526866024118	C9H10O3	[M + H]+	BUSOTUQRURCMCM	InChI=1S/C9H10O3/c10-9(11)6-7-12-8-4-2-1-3-5-8/h1-5H,6-7H2,(H,10,11)	Enamine_004187	C1=CC=C(C=C1)OCCC(=O)O	1.41659629	81596;4377573	HMDB:(2229);ZINC bio:(ZINC00080797);additional;MeSH:(81596);PubMed;NORMAN:(NS00014732);COCONUT:(CNP0002351);PubChem:(81596 4377573);PubChem class - bio and metabolites;EcoCyc Mine;PubChem class - safety and toxic;Training Set;KEGG Mine	25856598094
121	1	N/A	-276.8415535761848	C9H10O3	[M + H]+	LQIYIUJTJNQJTJ	InChI=1S/C9H10O3/c1-5-6(2)8(11)3-9(12)7(5)4-10/h3-4,11-12H,1-2H3	5-Methylorcylaldehyde	CC1=C(C(=C(C=C1O)O)C=O)C	2.0	254155	COCONUT:(CNP0130042);Natural Products:(UNPD207372);PubChem:(254155)	2129922
122	1	N/A	-277.6039348121779	C9H10O3	[M + H]+	OQDPLEDHXOOBPW	InChI=1S/C9H10O3/c1-5-3-6(2)8(9(11)12)7(10)4-5/h3-4,10H,1-2H3,(H,11,12)	2, 6-hydroxy-	CC1=CC(=C(C(=C1)O)C(=O)O)C	2.4000001	80737	NORMAN:(NS00035534);PubChem:(80737);YMDB Mine;KEGG Mine	42949935106
123	1	N/A	-279.11627386794544	C9H10O3	[M + H]+	LSWRBVSEWBWTDR	InChI=1S/C9H10O3/c10-6-7-12-9(11)8-4-2-1-3-5-8/h1-5,10H,6-7H2	2-(Benzoyloxy)ethanol	C1=CC=C(C=C1)C(=O)OCCO	1.21969926	66747	NORMAN:(NS00041266);PubChem:(66747);PubMed	262210
124	1	N/A	-279.7810817796094	C9H10O3	[M + H]+	SOWDWUPMHVDZGL	InChI=1S/C9H10O3/c1-6-3-4-7(9(10)11)8(5-6)12-2/h3-5H,1-2H3,(H,10,11)	4-Methyl-2-methoxybenzoicacid	CC1=CC(=C(C=C1)C(=O)O)OC	1.79067373	597164;41098294	PubChem class - safety and toxic;PubChem:(597164 41098294);KEGG Mine	8657043458
125	1	N/A	-279.8047299538078	C9H10O3	[M + H]+	MCFGYHKPYCQXJH	InChI=1S/C9H10O3/c1-5-3-6(2)8(10)7(4-5)9(11)12/h3-4,10H,1-2H3,(H,11,12)	3,5-Dimethylsalicylic acid	CC1=CC(=C(C(=C1)C(=O)O)O)C	1.8643223	80390;54692819	NORMAN:(NS00043892);PubChem:(80390 54692819);PubMed;KEGG Mine	8590196802
126	1	N/A	-280.6989401331764	C9H10O3	[M + H]+	RYZUSWFYHRXXRU	InChI=1S/C9H10O3/c1-5-3-9(12)7(6(2)10)4-8(5)11/h3-4,11-12H,1-2H3	1-(2,5-dihydroxy-4-methylphenyl)ethanone	CC1=CC(=C(C=C1O)C(=O)C)O	1.79999995	3305216	COCONUT:(CNP0136455);KNApSAcK:(32617);Natural Products:(UNPD148744);PubChem:(3305216);SuperNatural:(SN00246017);ZINC bio:(ZINC03051350)	3186706
127	1	N/A	-280.7446496666295	C9H10O3	[M + H]+	VBWFYEFYHJRJER	InChI=1S/C9H10O3/c1-12-9(11)8-4-2-7(6-10)3-5-8/h2-5,10H,6H2,1H3	4-Carbomethoxybenzyl alcohol	COC(=O)C1=CC=C(C=C1)CO	1.27203739	81325	NORMAN:(NS00036801);PubChem:(81325);PubMed	262210
128	1	N/A	-280.7749779354044	C9H10O3	[M + H]+	DTFQMPQJMDEWKJ	InChI=1S/C9H10O3/c1-2-12-8-5-3-4-7(6-8)9(10)11/h3-6H,2H2,1H3,(H,10,11)	3-Ethoxybenzoate	CCOC1=CC=CC(=C1)C(=O)O	1.73833573	12126;6951193	NORMAN:(NS00034940);COCONUT:(CNP0286822);Natural Products:(UNPD156066);PubChem:(12126 6951193);SuperNatural:(SN00213104);CHEBI:(36648 27990);ZINC bio:(ZINC00403460);KEGG:(C02363);PubChem class - safety and toxic;PubMed	70558050
129	1	N/A	-281.780965523363	C9H10O3	[M + H]+	NUVBSKCKDOMJSU	InChI=1S/C9H10O3/c1-2-12-9(11)7-3-5-8(10)6-4-7/h3-6,10H,2H2,1H3	Easeptol	CCOC(=O)C1=CC=C(C=C1)O	1.73833573	8434;12233516;10241177;22844968;25214152;57667284;101613617;102523287;139024099;138396217	HMDB:(32573);PubChem class - food;SuperNatural:(SN00000114);ZINC bio:(ZINC00001392);additional;HSDB:(120-47-8);MeSH:(8434);PubMed;NORMAN:(NS00008316);COCONUT:(CNP0179290);KNApSAcK:(33837);Natural Products:(UNPD115503);PubChem:(8434 12233516 10241177 22844968 25214152 57667284 101613617 102523287 139024099 138396217);CHEBI:(31575);PubChem class - bio and metabolites;PubChem class - safety and toxic;YMDB:(1688);Training Set;PubChem class - drug;KEGG Mine	8845648510
130	1	N/A	-282.74370653930544	C9H10O3	[M + H]+	TZEDTVXPONCZRL	InChI=1S/C9H10O3/c1-12-5-4-7-2-3-8(10)9(11)6-7/h2-6,10-11H,1H3	null	COC=CC1=CC(=C(C=C1)O)O	1.41254389	""	COCONUT:(CNP0132109);Natural Products:(UNPD20345);SuperNatural:(SN00357429)	3178496
131	1	N/A	-283.299157946549	C9H10O3	[M + H]+	DNMUMZLKDOZMEY	InChI=1S/C9H10O3/c1-6-5-7(9(10)11)3-4-8(6)12-2/h3-5H,1-2H3,(H,10,11)	3-Methyl-p-anisic acid	CC1=C(C=CC(=C1)C(=O)O)OC	1.79067373	2759583;7020314	PubChem class - safety and toxic;PubChem:(2759583 7020314);YMDB Mine;KEGG Mine	43016781826
132	1	N/A	-285.26690737035284	C9H10O3	[M + H]+	SFGURAWGCAPHON	InChI=1S/C9H10O3/c1-6-2-4-7(5-3-6)8(10)9(11)12/h2-5,8,10H,1H3,(H,11,12)	4-Methylmandelic acid	CC1=CC=C(C=C1)C(C(=O)O)O	1.30883861	98421;12458822;12458823;36690823;56625697;74652524	PubChem class - safety and toxic;PubChem:(98421 12458822 12458823 36690823 56625697 74652524);ZINC bio:(ZINC05416132);KEGG Mine	8657051650
133	1	N/A	-286.2586058710204	C9H10O3	[M + H]+	SXERGJJQSKIUIC	InChI=1S/C9H10O3/c1-7(9(10)11)12-8-5-3-2-4-6-8/h2-7H,1H3,(H,10,11)	2-phenoxypropanoate	CC(C(=O)O)OC1=CC=CC=C1	1.70148849	13658;643326;775997;4111639;6941953;6941954	NORMAN:(NS00014738);COCONUT:(CNP0058094);PubChem:(13658 643326 775997 4111639 6941953 6941954);MeSH:(13658);PubChem class - safety and toxic;PubMed;KEGG Mine	8659402822
134	1	N/A	-286.30227309061223	C9H10O3	[M + H]+	GWQOQQVKVOOHTI	InChI=1S/C9H10O3/c10-5-7-6-11-8-3-1-2-4-9(8)12-7/h1-4,7,10H,5-6H2	-methanol	C1C(OC2=CC=CC=C2O1)CO	1.0	19314;676612;6541029	NORMAN:(NS00047715);PubChem class - safety and toxic;PubChem:(19314 676612 6541029)	67371010
135	1	N/A	-286.4445808254577	C9H10O3	[M + H]+	OORFINRYBCDBEN	InChI=1S/C9H10O3/c1-12-6-7-2-4-8(5-3-7)9(10)11/h2-5H,6H2,1H3,(H,10,11)	4-(methoxymethyl)benzoate	COCC1=CC=C(C=C1)C(=O)O	1.27203739	1554052;308473;59918268	PubChem:(1554052 308473 59918268);PubChem class - safety and toxic	67108866
136	1	N/A	-286.62397706420217	C9H10O3	[M + H]+	FINKSGWSBJRISB	InChI=1S/C9H10O3/c1-6-5-7(10)3-4-8(6)9(11)12-2/h3-5,10H,1-2H3	methyl 4-hydroxy-2-methylbenzoate	CC1=C(C=CC(=C1)O)C(=O)OC	1.79067373	12351986	COCONUT:(CNP0298795);Natural Products:(UNPD158869);PubChem class - safety and toxic;PubChem:(12351986)	69238786
137	1	N/A	-287.10769265206983	C9H10O3	[M + H]+	WNNFOAQKFKIJQP	InChI=1S/C9H10O3/c1-6-3-8(11)5-9(4-6)12-7(2)10/h3-5,11H,1-2H3	(3-hydroxy-5-methylphenyl) acetate	CC1=CC(=CC(=C1)OC(=O)C)O	1.70000005	22722640	COCONUT:(CNP0121903);Natural Products:(UNPD56478);PubChem:(22722640);KEGG Mine	8592064514
138	1	N/A	-288.2899295571446	C9H10O3	[M + H]+	KRPXWQJAYIUHCI	InChI=1S/C9H10O3/c1-3-6-4-5-7(12-2)9(11)8(6)10/h3-5,10-11H,1H2,2H3	null	COC1=C(C(=C(C=C1)C=C)O)O	1.60687578	""	COCONUT:(CNP0422952);SuperNatural:(SN00161740)	3145728
139	1	N/A	-288.6940856737509	C9H10O3	[M + H]+	QJVXBRUGKLCUMY	InChI=1S/C9H10O3/c1-7-4-2-3-5-8(7)12-6-9(10)11/h2-5H,6H2,1H3,(H,10,11)	o-Toloxyacetic acid	CC1=CC=CC=C1OCC(=O)O	1.72635293	74651;3388588	NORMAN:(NS00020759);PubChem class - safety and toxic;PubChem:(74651 3388588);PubMed;KEGG Mine	8657305666
140	1	N/A	-289.58151510892014	C9H10O3	[M + H]+	CEAVPXDEPGAVDA	InChI=1S/C9H10O3/c1-6-3-4-7(9(10)11)5-8(6)12-2/h3-5H,1-2H3,(H,10,11)	4-Methyl-m-anisic acid	CC1=C(C=C(C=C1)C(=O)O)OC	1.79067373	81579;7131688	NORMAN:(NS00037232);PubChem class - safety and toxic;PubChem:(81579 7131688);Biocyc:(CPD-18451)	67373058
141	1	N/A	-289.7979182045711	C9H10O3	[M + H]+	TXSBFJRIUVWDAZ	InChI=1S/C9H10O3/c1-3-6-4-5-7(10)9(12-2)8(6)11/h3-5,10-11H,1H2,2H3	null	COC1=C(C=CC(=C1O)C=C)O	2.0	131832019	HMDB:(125539);PubChem:(131832019);YMDB Mine;KEGG Mine;PubChem class - bio and metabolites	42966450186
142	1	N/A	-290.19845940468514	C9H10O3	[M + H]+	FKMVNGWJGSSDCF	InChI=1S/C9H10O3/c1-7(11)12-9-4-2-8(6-10)3-5-9/h2-5,10H,6H2,1H3	p-Acetoxybenzyl alcohol	CC(=O)OC1=CC=C(C=C1)CO	1.3069731	95906	PubChem class - safety and toxic;PubChem:(95906);PubMed;KEGG Mine	8657043522
143	1	N/A	-291.8835478361655	C9H10O3	[M + H]+	WDPJCNNIVOVKPZ	InChI=1S/C9H10O3/c1-6-3-9(12-2)8(11)4-7(6)5-10/h3-5,11H,1-2H3	5-hydroxy-4-methoxy-2-methyl-benzaldehyde	CC1=CC(=C(C=C1C=O)O)OC	1.39999998	12644575	PubChem:(12644575);PubChem class - safety and toxic	67108866
144	1	N/A	-293.8518995751122	C9H10O3	[M + H]+	PBUWDSBWYMQASI	InChI=1S/C9H10O3/c1-6-3-7(9(11)12-2)5-8(10)4-6/h3-5,10H,1-2H3	Methyl 3-hydroxy-5-methylbenzoate	CC1=CC(=CC(=C1)O)C(=O)OC	1.79999995	14288744	COCONUT:(CNP0134842);Natural Products:(UNPD97199);PubChem:(14288744)	2129922
145	1	N/A	-293.93061850162525	C9H10O3	[M + H]+	WJUFSDZVCOTFON	InChI=1S/C9H10O3/c1-11-8-4-3-7(6-10)5-9(8)12-2/h3-6H,1-2H3	Veratral	COC1=C(C=C(C=C1)C=O)OC	1.55007482	8419;12198012;12198015;45039057;56933525;57607859;57607862;57607868;57792118;71309610;71309611;87229007;101137816;129646600;135037950	HMDB:(32138);PubChem class - food;SuperNatural:(SN00117465);ZINC bio:(ZINC00155456);additional;MeSH:(8419);Plantcyc:(VERATRALDEHYDE);PubMed;NORMAN:(NS00013328);COCONUT:(CNP0216130);KNApSAcK:(51592);Natural Products:(UNPD118415);PubChem:(8419 12198012 12198015 45039057 56933525 57607859 57607862 57607868 57792118 71309610 71309611 87229007 101137816 129646600 135037950);YMDB Mine;CHEBI:(17098);PubChem class - bio and metabolites;KEGG:(C02201);PubChem class - safety and toxic;Training Set;Biocyc:(VERATRALDEHYDE)	34581965182
146	1	N/A	-294.1116502913585	C9H10O3	[M + H]+	NWCHELUCVWSRRS	InChI=1S/C9H10O3/c1-9(12,8(10)11)7-5-3-2-4-6-7/h2-6,12H,1H3,(H,10,11)	ACMC-20apgu	CC(C1=CC=CC=C1)(C(=O)O)O	1.07231712	1303;736858;445144;3015501;6932632;6932633;101987535;101987536	NORMAN:(NS00043616);COCONUT:(CNP0021992);HMDB:(142137);PubChem:(1303 736858 445144 3015501 6932632 6932633 101987535 101987536);SuperNatural:(SN00215778);CHEBI:(50392 40741);ZINC bio:(ZINC00161956 ZINC00161958);PubChem class - bio and metabolites;MeSH:(1303);YMDB:(1774);PubMed	20258926
147	1	N/A	-294.59847015290785	C9H10O3	[M + H]+	CBOQJANXLMLOSS	InChI=1S/C9H10O3/c1-2-12-9-5-7(6-10)3-4-8(9)11/h3-6,11H,2H2,1H3	Vanillal	CCOC1=C(C=CC(=C1)C=O)O	1.57138526	8467;131667753	HMDB:(29665);PubChem class - food;ZINC bio:(ZINC02567934);additional;HSDB:(121-32-4);MeSH:(8467);PubMed;NORMAN:(NS00008588);COCONUT:(CNP0155747);Natural Products:(UNPD170547);PubChem:(8467 131667753);CHEBI:(48408);PubChem class - bio and metabolites;PubChem class - safety and toxic;YMDB:(1687);Training Set	221110894
148	1	N/A	-294.64793492375003	C9H10O3	[M + H]+	MSVRGYOYISBGTH	InChI=1S/C9H10O3/c1-6-5-7(12-2)3-4-8(6)9(10)11/h3-5H,1-2H3,(H,10,11)	2-Methyl-p-anisic acid	CC1=C(C=CC(=C1)OC)C(=O)O	1.79999995	597216;6951190	COCONUT:(CNP0252149);PubChem:(597216 6951190);SuperNatural:(SN00118564);YMDB Mine;ZINC bio:(ZINC00403424);PubChem class - safety and toxic;KEGG Mine	43019935746
149	1	N/A	-295.5029830041689	C9H10O3	[M + H]+	OJDIEULKBFEZGD	InChI=1S/C9H10O3/c1-6-3-4-7(12-2)5-8(6)9(10)11/h3-5H,1-2H3,(H,10,11)	5-methoxy-2-methylbenzoate	CC1=C(C=C(C=C1)OC)C(=O)O	1.79999995	263218;6993338	COCONUT:(CNP0040968);PubChem class - safety and toxic;PubChem:(263218 6993338);SuperNatural:(SN00119740);ZINC bio:(ZINC01632799)	70262786
150	1	N/A	-295.59521835855134	C9H10O3	[M + H]+	DLMVOXMRGJFYOC	InChI=1S/C9H10O3/c1-10-7-3-2-4-8-9(7)12-6-5-11-8/h2-4H,5-6H2,1H3	2,3-Dihydro-5-methoxy-1,4-benzodioxin	COC1=CC=CC2=C1OCCO2	1.60000002	74371	PubChem:(74371);NORMAN:(NS00025609)	262146
151	1	N/A	-296.51910420390624	C9H10O3	[M + H]+	ADCBXMRONJTGPD	InChI=1S/C9H10O3/c1-3-6-4-7(10)9(12-2)8(11)5-6/h3-5,10-11H,1H2,2H3	null	COC1=C(C=C(C=C1O)C=C)O	2.0	89042090	PubChem:(89042090);COCONUT:(CNP0344299)	2097154
152	1	N/A	-296.60933144529514	C9H10O3	[M + H]+	GRZHHTYDZVRPIC	InChI=1S/C9H10O3/c10-9(11)7-12-6-8-4-2-1-3-5-8/h1-5H,6-7H2,(H,10,11)	Benzyloxyacetic acid	C1=CC=C(C=C1)COCC(=O)O	1.20000005	290301;10511297;11126660;18008865;11480658	PubChem:(290301 10511297 11126660 18008865 11480658);ZINC bio:(ZINC00396091);PubChem class - bio and metabolites;EcoCyc Mine;PubChem class - safety and toxic;PubMed;KEGG Mine	25853698114
153	1	N/A	-297.5997907121202	C9H10O3	[M + H]+	XPDORSROGAZEGY	InChI=1S/C9H10O3/c1-11-9-4-2-8(3-5-9)6-12-7-10/h2-5,7H,6H2,1H3	Anisyl formate	COC1=CC=C(C=C1)COC=O	1.67573893	61054	NORMAN:(NS00011988);COCONUT:(CNP0338310);HMDB:(34993);PubChem class - food;PubChem:(61054);ZINC bio:(ZINC01687335);PubChem class - bio and metabolites;MeSH:(61054);PubChem class - safety and toxic;PubMed	220471374
154	1	N/A	-298.6032608936053	C9H10O3	[M + H]+	DVNPKYOZAQMNJW	InChI=1S/C9H10O3/c1-2-4-8(5-3-1)6-9-10-7-11-12-9/h1-5,9H,6-7H2	Allylbenzene ozonide	C1OC(OO1)CC2=CC=CC=C2	2.0	129507	MeSH:(129507);PubChem:(129507);PubMed	70
155	1	N/A	-300.803585916738	C9H10O3	[M + H]+	BCLVKHGKEGFPJV	InChI=1S/C9H10O3/c1-2-12-9-4-3-7(6-10)5-8(9)11/h3-6,11H,2H2,1H3	Isoethylvanillin	CCOC1=C(C=C(C=C1)C=O)O	1.57138526	75679	NORMAN:(NS00027884);PubChem class - safety and toxic;PubChem:(75679)	67371010
156	1	N/A	-301.43222087924465	C9H10O3	[M + H]+	FFUMDYCIOSWRLV	InChI=1S/C9H10O3/c1-5-3-7(10)4-6(2)8(5)9(11)12/h3-4,10H,1-2H3,(H,11,12)	zlchem 643	CC1=CC(=CC(=C1C(=O)O)C)O	1.79999995	1514302;54751275	PubChem:(1514302 54751275);PubChem class - safety and toxic	67108866
157	1	N/A	-302.1262971263673	C9H10O3	[M + H]+	DDIZAANNODHTRB	InChI=1S/C9H10O3/c1-11-8-5-3-7(4-6-8)9(10)12-2/h3-6H,1-2H3	bmse010016	COC1=CC=C(C=C1)C(=O)OC	1.71702528	8499;45039838;101137808;101264466;132596394;131844592	HMDB:(32639);PubChem class - food;SuperNatural:(SN00117161);ZINC bio:(ZINC00087933);MeSH:(8499);PubMed;NORMAN:(NS00012845);COCONUT:(CNP0223742);KNApSAcK:(30761);Natural Products:(UNPD35673);PubChem:(8499 45039838 101137808 101264466 132596394 131844592);YMDB Mine;CHEBI:(86903);PubChem class - bio and metabolites;PubChem class - safety and toxic;KEGG Mine	43171225726
158	1	N/A	-304.8405898163639	C9H10O3	[M + H]+	JLNKEXQRXXPSPC	InChI=1S/C9H10O3/c1-3-6-4-9(12-2)8(11)5-7(6)10/h3-5,10-11H,1H2,2H3	null	COC1=C(C=C(C(=C1)C=C)O)O	2.0	131832016	HMDB:(125519);PubChem:(131832016);YMDB Mine;KEGG Mine;PubChem class - bio and metabolites	42966450186
159	1	N/A	-312.2453061231792	C9H10O3	[M + H]+	GEEXFDOMGJGVHC	InChI=1S/C9H10O3/c1-3-6-4-7(10)9(11)8(5-6)12-2/h3-5,10-11H,1H2,2H3	null	COC1=CC(=CC(=C1O)O)C=C	2.0	68751242	HMDB:(125525);PubChem:(68751242);YMDB Mine;KEGG Mine;PubChem class - bio and metabolites	42966450186
160	1	N/A	-312.8715256714917	C9H10O3	[M + H]+	OMNHTTWQSSUZHO	InChI=1S/C9H10O3/c1-5-3-7(9(11)12)4-6(2)8(5)10/h3-4,10H,1-2H3,(H,11,12)	4-hydroxy-3,5-dimethylbenzoate	CC1=CC(=CC(=C1O)C)C(=O)O	1.8643223	138387;54694268	NORMAN:(NS00031867);COCONUT:(CNP0192461);Natural Products:(UNPD230123);PubChem:(138387 54694268);ZINC bio:(ZINC00156581);PubChem class - safety and toxic;PubMed	69509186
161	1	N/A	-314.4517462548794	C9H10O3	[M + H]+	VZECTCSEONQIPP	InChI=1S/C9H10O3/c1-7-3-2-4-8(5-7)12-6-9(10)11/h2-5H,6H2,1H3,(H,10,11)	m-Toloxyacetic acid	CC1=CC(=CC=C1)OCC(=O)O	1.72635293	74235;4745126	NORMAN:(NS00025373);PubChem class - safety and toxic;PubChem:(74235 4745126);PubMed;KEGG Mine	8657305666
162	1	N/A	-314.80666715197185	C9H10O3	[M + H]+	SHSGDXCJYVZFTP	InChI=1S/C9H10O3/c1-2-12-8-5-3-7(4-6-8)9(10)11/h3-6H,2H2,1H3,(H,10,11)	4-ethoxybenzoate	CCOC1=CC=C(C=C1)C(=O)O	1.73833573	12093;3433720;22796079	NORMAN:(NS00034877);COCONUT:(CNP0304369);Natural Products:(UNPD61075);PubChem:(12093 3433720 22796079);SuperNatural:(SN00364682);ZINC bio:(ZINC00120469);additional;PubChem class - bio and metabolites;PubChem class - safety and toxic;Training Set;PubMed	87875650
163	1	N/A	-316.387647460441	C9H10O3	[M + H]+	CLGRECOAUFWBDF	InChI=1S/C9H10O3/c1-6-11-5-7-4-8(10)2-3-9(7)12-6/h2-4,6,10H,5H2,1H3	null	CC1OCC2=C(O1)C=CC(=C2)O	1.5	45117137	COCONUT:(CNP0320828);Natural Products:(UNPD8194);PubChem:(45117137);SuperNatural:(SN00354836)	3178498
164	1	N/A	-319.659242247402	C9H10O3	[M + H]+	WATIARBIFSKYKC	InChI=1S/C9H10O3/c10-6-7-2-1-3-8-9(7)12-5-4-11-8/h1-3,10H,4-6H2	2,3-dihydro-1,4-benzodioxin-5-ylmethanol	C1COC2=C(C=CC=C2O1)CO	0.800000012	2776182	PubChem:(2776182);PubChem class - bio and metabolites	16777218
165	1	N/A	-320.6971724627753	C9H10O3	[M + H]+	VCDGTEZSUNFOKA	InChI=1S/C9H10O3/c10-5-6-12-9-3-1-8(7-11)2-4-9/h1-4,7,10H,5-6H2	4-(2-hydroxyethoxy)benzaldehyde	C1=CC(=CC=C1C=O)OCCO	1.0527488	89178	PubChem class - safety and toxic;PubChem:(89178);PubMed	67108930
166	1	N/A	-337.42353520587454	C9H10O3	[M + H]+	FFLHNBGNAWYMRH	InChI=1S/C9H10O3/c10-6-7-1-2-8-9(5-7)12-4-3-11-8/h1-2,5,10H,3-4,6H2	2,3-Dihydro-1,4-benzodioxin-6-methanol	C1COC2=C(O1)C=CC(=C2)CO	1.06086802	2776174	NORMAN:(NS00030560);PubChem class - safety and toxic;PubChem:(2776174);PubMed;PubChem class - bio and metabolites	84148290
167	1	N/A	-339.19381738180215	C9H10O3	[M + H]+	SFTDDFBJWUWKMN	InChI=1S/C9H10O3/c1-7-2-4-8(5-3-7)12-6-9(10)11/h2-5H,6H2,1H3,(H,10,11)	ACMC-20apmz	CC1=CC=C(C=C1)OCC(=O)O	1.72635293	70329;4739915	NORMAN:(NS00039946);PubChem class - safety and toxic;PubChem:(70329 4739915);PubMed;KEGG Mine	8657305666
168	1	N/A	-342.598256940842	C9H10O3	[M + H]+	JADSGOFBFPTCHG	InChI=1S/C9H10O3/c10-4-3-7-1-2-8-9(5-7)12-6-11-8/h1-2,5,10H,3-4,6H2	benzodioxolylethanol	C1OC2=C(O1)C=C(C=C2)CCO	1.6622442	2759846	COCONUT:(CNP0131322);Natural Products:(UNPD183786);PubChem:(2759846);SuperNatural:(SN00384088);ZINC bio:(ZINC02567211);PubChem class - safety and toxic	70295554
169	1	N/A	-354.47012409515315	C9H10O3	[M + H]+	CSSWBRMYHJVCPZ	InChI=1S/C9H10O3/c1-9(2)11-7-5-3-4-6(10)8(7)12-9/h3-5,10H,1-2H3	Bendiocarb phenol	CC1(OC2=CC=CC(=C2O1)O)C	1.92243028	62765	NORMAN:(NS00021882);PubChem class - safety and toxic;PubChem:(62765);KEGG Mine	8657305602
1	1	0.15213032729223985	-85.48689877895903	C9H12O4	[M - H2O + H]+	WJJBBOSKMWTZLS	InChI=1S/C9H12O4/c10-2-1-5-7-4-13-9(12)6(7)3-8(5)11/h1,6-8,10-11H,2-4H2	null	C1C2C(COC2=O)C(=CCO)C1O	-1.39999998	133679963;133680955	COCONUT:(CNP0405987);Natural Products:(UNPD207268 UNPD216295);PubChem:(133679963 133680955)	2129922
2	1	N/A	-86.76287927941361	C9H12O4	[M - H2O + H]+	SRQUTZJZABSZRQ	InChI=1S/C9H12O4/c1-3-4-6-7(8(10)11)5(2)9(12)13-6/h6-7H,2-4H2,1H3,(H,10,11)	Butyrolactone 3	CCCC1C(C(=C)C(=O)O1)C(=O)O	1.29999995	10081070;21579153;73803898;131138506;131222453	COCONUT:(CNP0261333);Natural Products:(UNPD133354);PubChem:(10081070 21579153 73803898 131138506 131222453);SuperNatural:(SN00228042);CHEBI:(125615);ZINC bio:(ZINC14724233 ZINC14724235);additional;PubChem class - safety and toxic;Training Set;PubMed	70836322
3	1	N/A	-92.71465961912834	C9H12O4	[M - H2O + H]+	SNZCOILRCAGWER	InChI=1S/C9H12O4/c10-3-5-1-8-6(7(5)4-11)2-9(12)13-8/h1,6-8,10-11H,2-4H2	null	C1C2C(C=C(C2CO)CO)OC1=O	-1.39999998	10888602;85303656;131039401	COCONUT:(CNP0330998);Natural Products:(UNPD95691);PubChem:(10888602 85303656 131039401);SuperNatural:(SN00400700)	3178498
4	1	N/A	-103.79643249532135	C9H12O4	[M - H2O + H]+	IVRPRMNKXQYVJC	InChI=1S/C9H12O4/c10-2-1-6-7(11)3-5-4-13-9(12)8(5)6/h6-7,10-11H,1-4H2	null	C1C(C(C2=C1COC2=O)CCO)O	-1.10000002	10702623;85238792	COCONUT:(CNP0170679);Natural Products:(UNPD39573);PubChem:(10702623 85238792)	2129922
5	1	N/A	-108.62381124990407	C9H12O4	[M - H2O + H]+	QISJSHBLMHINFW	InChI=1S/C9H12O4/c10-4-5-3-7(11)6-1-2-13-9(12)8(5)6/h6-7,10-11H,1-4H2	null	C1COC(=O)C2=C(CC(C21)O)CO	-1.10000002	10607533;85204058	COCONUT:(CNP0240243);Natural Products:(UNPD110217);PubChem:(10607533 85204058)	2129922
6	1	N/A	-111.00378147848141	C9H12O4	[M - H2O + H]+	IGAJHBXTLAVHLX	InChI=1S/C9H12O4/c10-3-5-1-8(11)6-2-9(12)13-4-7(5)6/h1,6-8,10-11H,2-4H2	null	C1C2C(COC1=O)C(=CC2O)CO	-1.39999998	10866992;15241405;85294993	COCONUT:(CNP0226442);Natural Products:(UNPD108674 UNPD186454);PubChem:(10866992 15241405 85294993);SuperNatural:(SN00246833)	3178498
7	1	N/A	-112.61743672983035	C9H12O4	[M - H2O + H]+	VMLNPJDEXLLCQG	InChI=1S/C9H12O4/c1-4(10)7-3-6(9(11)13-7)8-5(2)12-8/h3-5,7-8,10H,1-2H3	Asperlactone	CC1C(O1)C2=CC(OC2=O)C(C)O	-0.100000001	156698;21678496;51340290;89154509;101294917;130918414	COCONUT:(CNP0135289);Natural Products:(UNPD92987 UNPD19733 UNPD83770);PubChem:(156698 21678496 51340290 89154509 101294917 130918414);SuperNatural:(SN00274495 SN00300848 SN00312724);additional;Training Set	3719170
8	1	N/A	-123.59184087310841	C9H12O4	[M - H2O + H]+	XMQWHCLRSSKUPV	InChI=1S/C9H12O4/c1-5(10)3-7-4-8(6(2)11)13-9(7)12/h4,6,8,11H,3H2,1-2H3	null	CC(C1C=C(C(=O)O1)CC(=O)C)O	-0.400000006	139583981	PubChem:(139583981);COCONUT:(CNP0331613)	2097154
9	1	N/A	-129.381004263862	C9H12O4	[M - H2O + H]+	RCAULRNMJFUWRP	InChI=1S/C9H12O4/c1-4-7(10)3-6(9(11)13-4)8-5(2)12-8/h3-5,7-8,10H,1-2H3	Aspyrone	CC1C(C=C(C(=O)O1)C2C(O2)C)O	-0.100000001	167653;284691;15742453;97547544;130884183;130917785;131170392	COCONUT:(CNP0214889);Natural Products:(UNPD118408 UNPD181903 UNPD65842);PubChem:(167653 284691 15742453 97547544 130884183 130917785 131170392);SuperNatural:(SN00278847 SN00330395 SN00277533);additional;MeSH:(167653 284691 97547544 130884183);PubMed;PubChem class - drug	37257286
10	1	N/A	-129.59620387758966	C9H12O4	[M - H2O + H]+	GFLJTEHFZZNCTR	InChI=1S/C9H12O4/c1-3-8(10)12-6-5-7-13-9(11)4-2/h3-4H,1-2,5-7H2	1,3-Propanediol diacrylate	C=CC(=O)OCCCOC(=O)C=C	1.5	62784;59248279	PubChem:(62784 59248279);NORMAN:(NS00049291)	262146
11	1	N/A	-131.59354113144124	C9H12O4	[M - H2O + H]+	MRTKEGDWVJCJJG	InChI=1S/C9H12O4/c1-2-6-5-13-9(12)4-7(6)3-8(10)11/h2,7H,3-5H2,1H3,(H,10,11)	null	CC=C1COC(=O)CC1CC(=O)O	-0.100000001	69749229;102074927	COCONUT:(CNP0033526);Natural Products:(UNPD39402);PubChem:(69749229 102074927);SuperNatural:(SN00302571);PubMed	3178562
12	1	N/A	-138.88601971504093	C9H12O4	[M - H2O + H]+	GMDXRLRSQUTZAT	InChI=1S/C9H12O4/c1-3-4-6-7(8(10)11)5(2)9(12)13-6/h6H,3-4H2,1-2H3,(H,10,11)	4-methyl-5-oxo-2-propyl-2H-furan-3-carboxylic acid	CCCC1C(=C(C(=O)O1)C)C(=O)O	1.10000002	21579152;71360444	COCONUT:(CNP0113040);Natural Products:(UNPD28603);PubChem:(21579152 71360444);SuperNatural:(SN00333695)	3178498
13	1	N/A	-141.2233601600474	C9H12O4	[M - H2O + H]+	OSUVUWXVONVXOE	InChI=1S/C9H12O4/c1-5(10)3-7-4-8(11)6(2)13-9(7)12/h4,6,8,11H,3H2,1-2H3	null	CC1C(C=C(C(=O)O1)CC(=O)C)O	-0.400000006	139586319	PubChem:(139586319);COCONUT:(CNP0287202)	2097154
14	1	N/A	-145.86285600156472	C9H12O4	[M - H2O + H]+	IVVOCRBADNIWDM	InChI=1S/C9H12O4/c10-8(11)6-4-1-2-5(3-4)7(6)9(12)13/h4-7H,1-3H2,(H,10,11)(H,12,13)	Oprea1_379166	C1CC2CC1C(C2C(=O)O)C(=O)O	1.0	99835;1241578;7188245;6553279;6850830;13910290;11889205;11889206;11889207;20023182;20023183;20023184;20023185;21867889;22821221;24848276;53938080;59116130;58947899;91870298;105440986;124585481;131097171	PubChem class - safety and toxic;PubChem:(99835 1241578 7188245 6553279 6850830 13910290 11889205 11889206 11889207 20023182 20023183 20023184 20023185 21867889 22821221 24848276 53938080 59116130 58947899 91870298 105440986 124585481 131097171);PubMed	67108930
15	1	N/A	-149.3501609828326	C9H12O4	[M - H2O + H]+	XFFVATGTKQPOOV	InChI=1S/C9H12O4/c1-5-3-7(9(12)13-5)4-8(11)6(2)10/h3,5-6,10H,4H2,1-2H3	null	CC1C=C(C(=O)O1)CC(=O)C(C)O	0.0	122206500	PubChem:(122206500);COCONUT:(CNP0354720)	2097154
16	1	N/A	-151.68857906758586	C9H12O4	[M - H2O + H]+	SXFHHVGLBFBLIG	InChI=1S/C9H12O4/c1-4-5-12-9(11)6-7(2)13-8(3)10/h4H,1-2,5-6H2,3H3	Allyl 3-(acetoxy)but-3-enoate	CC(=O)OC(=C)CC(=O)OCC=C	1.0	3020752	PubChem:(3020752);NORMAN:(NS00038952)	262146
17	1	N/A	-155.17704226316096	C9H12O4	[M - H2O + H]+	IGAWKPMXUGZZIH	InChI=1S/C9H12O4/c1-4-8(10)12-5-6-13-9(11)7(2)3/h4H,1-2,5-6H2,3H3	2-Propenoic acid, 2-methyl-, 2-[(1-oxo-2-propenyl)oxy]ethyl ester	CC(=C)C(=O)OCCOC(=O)C=C	1.43930006	23367658	PubChem:(23367658);PubChem class - safety and toxic	67108866
18	1	N/A	-156.3548665925489	C9H12O4	[M - H2O + H]+	QFWGZKOYLFAYDY	InChI=1S/C9H12O4/c1-6-7(5-13-9(6)12)3-2-4-8(10)11/h2-5H2,1H3,(H,10,11)	null	CC1=C(COC1=O)CCCC(=O)O	0.300000012	139584106	PubChem:(139584106);COCONUT:(CNP0354140)	2097154
19	1	N/A	-165.04734378203102	C9H12O4	[M - H2O + H]+	VFZKVQVQOMDJEG	InChI=1S/C9H12O4/c1-4-8(10)12-6-7(3)13-9(11)5-2/h4-5,7H,1-2,6H2,3H3	1,2-Propanediol diacrylate	CC(COC(=O)C=C)OC(=O)C=C	1.60000002	91305	PubChem:(91305);NORMAN:(NS00049941)	262146
20	1	N/A	-165.33031113059704	C9H12O4	[M - H2O + H]+	VYYXNEFTRUNFCV	InChI=1S/C9H12O4/c1-4-5-13-9(12)8(6(2)10)7(3)11/h4,8H,1,5H2,2-3H3	Allyl 2-acetylacetoacetate	CC(=O)C(C(=O)C)C(=O)OCC=C	0.600000024	3015524	NORMAN:(NS00049924);PubChem class - safety and toxic;PubChem:(3015524)	67371010
21	1	N/A	-165.86374117038397	C9H12O4	[M - H2O + H]+	DGMSJCVOBYTYTE	InChI=1S/C9H12O4/c10-5-8(12)9(13)6-1-3-7(11)4-2-6/h1-4,8-13H,5H2	null	C1=CC(=CC=C1C(C(CO)O)O)O	-0.600000024	11095273;130740339;131178377	COCONUT:(CNP0286437);HMDB:(40603);Natural Products:(UNPD82509 UNPD56596 UNPD130378);PubChem:(11095273 130740339 131178377);SuperNatural:(SN00376511 SN00323053);PubChem class - bio and metabolites;PubMed	19955786
22	1	N/A	-167.9340771902995	C9H12O4	[M - H2O + H]+	STCJJAGQHVRZSG	InChI=1S/C9H12O4/c1-2-7-6(5-8(10)11)3-4-13-9(7)12/h2,6H,3-5H2,1H3,(H,10,11)	null	CC=C1C(CCOC1=O)CC(=O)O	0.600000024	130646718;133675076	COCONUT:(CNP0419950);Natural Products:(UNPD20721);PubChem:(130646718 133675076);SuperNatural:(SN00250706)	3178498
23	1	N/A	-169.06316166695694	C9H12O4	[M - H2O + H]+	ABMPOYCAXJZJJB	InChI=1S/C9H12O4/c10-7-3-1-6(2-4-7)5-8(11)9(12)13/h1,3,6-7,10H,2,4-5H2,(H,12,13)	tetrahydro-4-hydroxyphenylpyruvate	C1CC(C=CC1CC(=O)C(=O)O)O	0.200000003	57339230;57339312;91820424;91820425;91820489;91820490;131169773	COCONUT:(CNP0081750);PubChem:(57339230 57339312 91820424 91820425 91820489 91820490 131169773);PubMed;CHEBI:(137659 64790 136784 64808 137660 136783);Biocyc:(CPD-17512 CPD-17549)	2099298
24	1	N/A	-173.99498381222776	C9H12O4	[M - H2O + H]+	YZPUIHVHPSUCHD	InChI=1S/C9H12O4/c1-5-2-3-6(8(10)11)7(4-5)9(12)13/h2,6-7H,3-4H2,1H3,(H,10,11)(H,12,13)	4-methylcyclohex-4-ene-1,2-dicarboxylate	CC1=CCC(C(C1)C(=O)O)C(=O)O	0.400000006	787403;787404;787405;263032;7336045;7336046;7336047;7336048;6543119;22642515;117066692	COCONUT:(CNP0046626);PubChem:(787403 787404 787405 263032 7336045 7336046 7336047 7336048 6543119 22642515 117066692);SuperNatural:(SN00131333 SN00131336 SN00131335 SN00131334);PubMed;ZINC bio:(ZINC04728952 ZINC04728953 ZINC04728954 ZINC04728955)	3153986
25	1	N/A	-175.69781836025135	C9H12O4	[M - H2O + H]+	VVVNXNZZTJUXDV	InChI=1S/C9H12O4/c1-5(9(12)13)6-3-2-4-7(10)8(6)11/h2-5,7-8,10-11H,1H3,(H,12,13)	cis-3-(1-Carboxy-ethyl)-3,5-cyclo-hexadiene-1,2-diol	CC(C1=CC=CC(C1O)O)C(=O)O	-0.5	443213;4488903	COCONUT:(CNP0294121);PubChem:(443213 4488903);SuperNatural:(SN00213840);CHEBI:(10471);EcoCyc Mine;KEGG:(C11456)	17183015202
26	1	N/A	-177.7940896855218	C9H12O4	[M - H2O + H]+	CSNVGEOLHZRUFI	InChI=1S/C9H12O4/c1-6(3-4-8(10)11)7(2)5-9(12)13/h1-5H2,(H,10,11)(H,12,13)	null	C=C(CCC(=O)O)C(=C)CC(=O)O	1.60000002	124202121	COCONUT:(CNP0084075);HMDB:(59730);PubChem:(124202121);CHEBI:(89913);PubChem class - bio and metabolites	18874410
27	1	N/A	-179.02906771425006	C9H12O4	[M - H2O + H]+	DBMWDRVDXUPGBP	InChI=1S/C9H12O4/c1-2-7(6-11)8(3-4-10)5-9(12)13/h2,4,6,8H,3,5H2,1H3,(H,12,13)	(E)-4-formyl-3-(2-oxoethyl)hex-4-enoic acid	CC=C(C=O)C(CC=O)CC(=O)O	-0.5	59561170;72326566;87261140;90714927;124102696	COCONUT:(CNP0408589);HMDB:(39650);PubChem:(59561170 72326566 87261140 90714927 124102696);PubChem class - bio and metabolites	18874378
28	1	N/A	-179.66582288248657	C9H12O4	[M - H2O + H]+	ODGCZQFTJDEYNI	InChI=1S/C9H12O4/c1-9(8(12)13)5-3-2-4-6(9)7(10)11/h3,5-6H,2,4H2,1H3,(H,10,11)(H,12,13)	Mthp acid	CC1(C=CCCC1C(=O)O)C(=O)O	0.899999976	152935	MeSH:(152935);PubChem:(152935);PubMed	70
29	1	N/A	-183.90233982350387	C9H12O4	[M - H2O + H]+	JBOGAYSIPRNPPS	InChI=1S/C9H12O4/c1-6(2)3-4-7(9(12)13)5-8(10)11/h3-4H,5H2,1-2H3,(H,10,11)(H,12,13)	null	CC(=CC=C(CC(=O)O)C(=O)O)C	1.00547099	""	COCONUT:(CNP0000161)	2097152
30	1	N/A	-185.4420740849157	C9H12O4	[M - H2O + H]+	TXRLFJACISMBTO	InChI=1S/C9H12O4/c1-5-4-6-2-3-12-8(10)7(6)9(11)13-5/h5,9,11H,2-4H2,1H3	null	CC1CC2=C(C(O1)O)C(=O)OCC2	-0.200000003	77994545;71497389;102428403	COCONUT:(CNP0139262);Natural Products:(UNPD220981);PubChem:(77994545 71497389 102428403)	2129922
31	1	N/A	-188.9162549809651	C9H12O4	[M - H2O + H]+	RKDFGWAXBBGKMR	InChI=1S/C9H12O4/c10-7-3-1-2-6(9(7)13)4-5-8(11)12/h1-3,7,9-10,13H,4-5H2,(H,11,12)	cis-3-(carboxyethyl)-3,5-cyclohexadiene-1,2-diol	C1=CC(C(C(=C1)CCC(=O)O)O)O	-0.699999988	282;443290;9543127;9543128;46878520	PubChem:(282 443290 9543127 9543128 46878520);CHEBI:(10472 60089 60088 60087 48690);PubChem class - bio and metabolites;KEGG:(C11588);Plantcyc:(CARBOXYETHYL-3-5-CYCLOHEXADIENE-1-2-DIOL);PubMed;Biocyc:(CARBOXYETHYL-3-5-CYCLOHEXADIENE-1-2-DIOL)	16910690
32	1	N/A	-190.26685288205107	C9H12O4	[M - H2O + H]+	WEIMAUFVBNAXLV	InChI=1S/C9H12O4/c10-7(11)9(8(12)13)5-3-1-2-4-6(5)9/h5-6H,1-4H2,(H,10,11)(H,12,13)	null	C1CCC2C(C1)C2(C(=O)O)C(=O)O	1.60000002	2755684;7057676;7057677;98100232;98100233	COCONUT:(CNP0293375);PubChem:(2755684 7057676 7057677 98100232 98100233);SuperNatural:(SN00128148);ZINC bio:(ZINC03852384)	3153922
33	1	N/A	-190.6204106585432	C9H12O4	[M - H2O + H]+	QAMHNBFRAXJYEI	InChI=1S/C9H12O4/c1-5-3-9(7(10)12-5)4-6(2)13-8(9)11/h5-6H,3-4H2,1-2H3	Bis-beta-hydroksypropylomalonowego	CC1CC2(CC(OC2=O)C)C(=O)O1	1.10000002	18274;706398;706400;706401	COCONUT:(CNP0385582);PubChem class - safety and toxic;PubChem:(18274 706398 706400 706401);SuperNatural:(SN00085767 SN00043068 SN00043069);ZINC bio:(ZINC00092525 ZINC00092527 ZINC12410497)	70262786
34	1	N/A	-197.17144669249538	C9H12O4	[M - H2O + H]+	PGVZCPVTJJYDTC	InChI=1S/C9H12O4/c1-4-5-12-9(11)6-7(2)13-8(3)10/h4,6H,1,5H2,2-3H3	Allyl 3-(acetoxy)but-2-enoate	CC(=CC(=O)OCC=C)OC(=O)C	1.10000002	3020753;6366071;20836239	PubChem:(3020753 6366071 20836239);NORMAN:(NS00065465)	262146
35	1	N/A	-198.11085336991908	C9H12O4	[M - H2O + H]+	YOELNWPMMURSQH	InChI=1S/C9H12O4/c1-5-3-6(10)4-7(11)8(5)9(12)13-2/h5,8H,3-4H2,1-2H3	methyl 2-methyl-4,6-dioxocyclohexanecarboxylate	CC1CC(=O)CC(=O)C1C(=O)OC	0.5	4661376;15186970;98051144;98051145;98051146	PubChem:(4661376 15186970 98051144 98051145 98051146);PubChem class - safety and toxic	67108866
36	1	N/A	-199.84480133716193	C9H12O4	[M - H2O + H]+	MYYLMIDEMAPSGH	InChI=1S/C9H12O4/c1-13-9(12)7-5-3-2-4-6(7)8(10)11/h2-3,6-7H,4-5H2,1H3,(H,10,11)	(1S,2R)-1-Methyl cis-1,2,3,6-tetrahydrophthalate	COC(=O)C1CC=CCC1C(=O)O	0.800000012	139522;853171;853172;7269413;7273154;5325907;6950375;6950376;6950377;22258341;43835090;102379726;131027861;132518437;139247855	COCONUT:(CNP0226067);PubChem:(139522 853171 853172 7269413 7273154 5325907 6950375 6950376 6950377 22258341 43835090 102379726 131027861 132518437 139247855);SuperNatural:(SN00130932 SN00118445 SN00130958 SN00118444);ZINC bio:(ZINC00389775 ZINC00389776 ZINC04521857 ZINC04537915);MeSH:(139522 5325907);PubMed	3153990
37	1	N/A	-201.95481652536247	C9H12O4	[M - H2O + H]+	LUHZDMKRIAUCOY	InChI=1S/C9H12O4/c1-13-7(12)9-3-8(4-9,5-9)2-6(10)11/h2-5H2,1H3,(H,10,11)	null	COC(=O)C12CC(C1)(C2)CC(=O)O	0.100000001	92135483	PubChem:(92135483);PubChem class - safety and toxic	67108866
38	1	N/A	-202.502632399695	C9H12O4	[M - H2O + H]+	BACWCXKATFIVFS	InChI=1S/C9H12O4/c10-4-5-3-7(11)6-1-2-13-9(12)8(5)6/h1-3,6-12H,4H2	Aucubigenin	C1=COC(C2C1C(C=C2CO)O)O	-1.39999998	163040;5321090;10058196;59869225;101932165;130857698;131043615;131106615	COCONUT:(CNP0349059);Natural Products:(UNPD180139);PubChem:(163040 5321090 10058196 59869225 101932165 130857698 131043615 131106615);SuperNatural:(SN00311283 SN00164264);MeSH:(163040);PubMed;KEGG Mine	8593113158
39	1	N/A	-204.0571714451469	C9H12O4	[M - H2O + H]+	IIOYAXLMGNWCQN	InChI=1S/C9H12O4/c1-9(8(12)13)5-3-2-4-6(9)7(10)11/h2-3,6H,4-5H2,1H3,(H,10,11)(H,12,13)	null	CC1(CC=CCC1C(=O)O)C(=O)O	0.800000012	3019601;7113019;11834952;11879465;18610443;67213866	PubChem:(3019601 7113019 11834952 11879465 18610443 67213866);NORMAN:(NS00059863)	262146
40	1	N/A	-204.1545285840865	C9H12O4	[M - H2O + H]+	SYJZOWMPITUCHW	InChI=1S/C9H12O4/c1-2-13-9(12)8(11)6-4-3-5-7(6)10/h6H,2-5H2,1H3	ethyl oxo(2-oxocyclopentyl)acetate	CCOC(=O)C(=O)C1CCCC1=O	0.800000012	252487;98047612;98047614	PubChem:(252487 98047612 98047614);PubChem class - safety and toxic	67108866
41	1	N/A	-206.11161734332973	C9H12O4	[M - H2O + H]+	WKYIJSKXLFGLAN	InChI=1S/C9H12O4/c1-6(12-8(3)10)5-7(2)13-9(4)11/h5H,1H2,2-4H3	Penta-1,3-diene-2,4-diyl diacetate	CC(=CC(=C)OC(=O)C)OC(=O)C	1.20000005	53432312;93483389	PubChem:(53432312 93483389);NORMAN:(NS00064204)	262146
42	1	N/A	-208.03966600438426	C9H12O4	[M - H2O + H]+	MXBULAUIYCGYJY	InChI=1S/C9H12O4/c1-6(10)3-8(12)5-9(13)4-7(2)11/h3-5H2,1-2H3	2,4,6,8-Nonanetetrone	CC(=O)CC(=O)CC(=O)CC(=O)C	-0.146255508	13086373	COCONUT:(CNP0196679);Natural Products:(UNPD162409);PubChem:(13086373);SuperNatural:(SN00394487)	3178498
43	1	N/A	-209.78799181287138	C9H12O4	[M - H2O + H]+	KWBASGHXHPTPGU	InChI=1S/C9H12O4/c10-7(11)3-5-1-2-6-4-13-9(12)8(5)6/h5,9,12H,1-4H2,(H,10,11)	2-[(3S,4S)-3-hydroxy-3,4,5,6-tetrahydro-1H-cyclopenta[c]furan-4-yl]acetic acid	C1CC2=C(C1CC(=O)O)C(OC2)O	-1.0	5317549;78384968	COCONUT:(CNP0151117 CNP0281522);HMDB:(36072);KNApSAcK:(10562);Natural Products:(UNPD144555);PubChem:(5317549 78384968);SuperNatural:(SN00159515 SN00299945);PubChem class - bio and metabolites	19955738
44	1	N/A	-211.55487412953374	C9H12O4	[M - H2O + H]+	IIOKXVSQSQLJMO	InChI=1S/C9H12O4/c1-3-4-5-8(9(11)12)6-13-7(2)10/h3-5H,6H2,1-2H3,(H,11,12)	null	CC=CC=C(COC(=O)C)C(=O)O	1.0	23651309	COCONUT:(CNP0135162);Natural Products:(UNPD197573);PubChem:(23651309)	2129922
45	1	N/A	-216.70825688584242	C9H12O4	[M - H2O + H]+	YWTLCGMGZCXRMS	InChI=1S/C9H12O4/c1-13-9(5-10)6-2-3-7(11)8(12)4-6/h2-4,9-12H,5H2,1H3	4-(2-Hydroxy-1-methoxyethyl)-1,2-benzenediol	COC(CO)C1=CC(=C(C=C1)O)O	0.463803709	22394752;86333778;86333779	COCONUT:(CNP0242961);Natural Products:(UNPD111428);PubChem:(22394752 86333778 86333779);SuperNatural:(SN00277357);KEGG Mine	8593113090
46	1	N/A	-216.74558945579903	C9H12O4	[M - H2O + H]+	DEJHQJQRBACQQV	InChI=1S/C9H12O4/c1-6-4-13-9(11-2)3-8(10)12-5-7(6)9/h7H,1,3-5H2,2H3	null	COC12CC(=O)OCC1C(=C)CO2	-0.400000006	102481729	COCONUT:(CNP0123460);Natural Products:(UNPD44636);PubChem:(102481729);SuperNatural:(SN00229735)	3178498
47	1	N/A	-220.11919414825275	C9H12O4	[M - H2O + H]+	LSYXXLMBRSSBGS	InChI=1S/C9H12O4/c10-3-6-1-7(4-11)9(13)8(2-6)5-12/h1-2,10-13H,3-5H2	2,4,6-Trimethylol phenol	C1=C(C=C(C(=C1CO)O)CO)CO	-0.5	76246;20468669	NORMAN:(NS00021999);MeSH:(76246);PubChem:(76246 20468669);PubMed	262214
48	1	N/A	-221.59793337744907	C9H12O4	[M - H2O + H]+	YOQPDIXNIJUCFJ	InChI=1S/C9H12O4/c1-4-7(10)13-6-5-12-8(11)9(6,2)3/h4,6H,1,5H2,2-3H3	(4,4-dimethyl-5-oxooxolan-3-yl) prop-2-enoate	CC1(C(COC1=O)OC(=O)C=C)C	1.29999995	22051649;66661162	MeSH:(22051649);PubChem:(22051649 66661162);PubMed	70
49	1	N/A	-224.9864022194631	C9H12O4	[M - H2O + H]+	GJTMBEFCTBJFIH	InChI=1S/C9H12O4/c1-7(6-13-9(3)11)4-5-12-8(2)10/h4-6H,1-3H3	1,3-Butadiene-1,4-diol,2-methyl-, 1,4-diacetate	CC(=COC(=O)C)C=COC(=O)C	1.29999995	104348;6437037;15916858;88661419	NORMAN:(NS00057208);PubChem class - safety and toxic;PubChem:(104348 6437037 15916858 88661419)	67371010
50	1	N/A	-225.331640769469	C9H12O4	[M - H2O + H]+	ICMBTQSRUNSRKI	InChI=1S/C9H12O4/c1-4-6(10)13-7-8(11)12-5-9(7,2)3/h4,7H,1,5H2,2-3H3	(4,4-dimethyl-2-oxooxolan-3-yl) prop-2-enoate	CC1(COC(=O)C1OC(=O)C=C)C	1.60000002	737020;3529221;2794997	PubChem:(737020 3529221 2794997);PubChem class - safety and toxic	67108866
51	1	N/A	-228.59885377672268	C9H12O4	[M - H2O + H]+	XPGWFAZUEHWZIR	InChI=1S/C9H12O4/c1-5(2)6-7(10)12-9(3,4)13-8(6)11/h1-4H3	5-isopropylidene-2,2-dimethyl-1,3-dioxane-4,6-dione	CC(=C1C(=O)OC(OC1=O)(C)C)C	2.0999999	75218	PubChem:(75218);NORMAN:(NS00027126)	262146
52	1	N/A	-231.9321249928712	C9H12O4	[M - H2O + H]+	SSXUXPNPVFUMDJ	InChI=1S/C9H12O4/c1-2-13-9(12)6-3-7(10)5-8(11)4-6/h5-6,10H,2-4H2,1H3	3-Hydroxy-5-oxo-3-cyclohexene-1-carboxylicacid ethyl ester	CCOC(=O)C1CC(=CC(=O)C1)O	0.100000001	10559379;124581007;124413336	NORMAN:(NS00002523);PubChem class - safety and toxic;PubChem:(10559379 124581007 124413336)	67371010
53	1	N/A	-235.07534848213965	C9H12O4	[M - H2O + H]+	QIUBALCNECIHCV	InChI=1S/C9H12O4/c1-8-4-6-9(13-8,2-3-11-8)5-7(10)12-6/h6H,2-5H2,1H3	null	CC12CC3C(O1)(CCO2)CC(=O)O3	0.100000001	11217635;72755635;129317199;133561877	COCONUT:(CNP0317247);Natural Products:(UNPD39690);PubChem:(11217635 72755635 129317199 133561877);SuperNatural:(SN00345343);MeSH:(11217635 72755635 129317199 133561877);PubMed	3178566
54	1	N/A	-235.17503159283112	C9H12O4	[M - H2O + H]+	XUNCLPUITPERRV	InChI=1S/C9H12O4/c1-2-4-7(10)5-3-6-8(11)9(12)13/h3,5-6,11H,2,4H2,1H3,(H,12,13)	2-Hondo	CCCC(=O)C=CC=C(C(=O)O)O	1.0	192407;6443675;20839721;54717729;54727805;90659215	PubChem:(192407 6443675 20839721 54717729 54727805 90659215);PubChem class - bio and metabolites;MeSH:(6443675 54727805 90659215);Plantcyc:(CPD-14149);PubMed;Biocyc:(CPD-14149)	16910406
55	1	N/A	-235.226001303207	C9H12O4	[M - H2O + H]+	YFTRBASNPFHPAJ	InChI=1S/C9H12O4/c10-5-7(11)6-13-9-4-2-1-3-8(9)12/h1-4,7,10-12H,5-6H2	Guaifenesin M (des-methyl)	C1=CC=C(C(=C1)O)OCC(CO)O	0.411465645	89231;11679932	PubChem class - safety and toxic;PubChem:(89231 11679932);PubMed	67108930
56	1	N/A	-238.6199781611242	C9H12O4	[M - H2O + H]+	DBZLPCCISTZHHF	InChI=1S/C9H12O4/c1-3-6(10)4-8-7(12-2)5-9(11)13-8/h5,8H,3-4H2,1-2H3	2(5H)-Furanone, 4-methoxy-5-(2-oxobutyl)-, (-)-	CCC(=O)CC1C(=CC(=O)O1)OC	0.100000001	11423970;102055875;101474327	COCONUT:(CNP0242807);KNApSAcK:(44527);Natural Products:(UNPD190746);PubChem:(11423970 102055875 101474327);SuperNatural:(SN00278958);MeSH:(11423970);PubMed	3178582
57	1	N/A	-239.37486551643846	C9H12O4	[M - H2O + H]+	AQUQFJSWDYSOPK	InChI=1S/C9H12O4/c10-3-5-1-8(12)7-2-6(11)4-13-9(5)7/h1,7-10,12H,2-4H2	null	C1C2C(C=C(C2OCC1=O)CO)O	-1.79999995	130151041;131108302	COCONUT:(CNP0115053);Natural Products:(UNPD24916);PubChem:(130151041 131108302);SuperNatural:(SN00349295)	3178498
58	1	N/A	-241.3099576108648	C9H12O4	[M - H2O + H]+	FBWPWWWZWKPJFL	InChI=1S/C9H12O4/c1-13-9-4-6(8(12)5-10)2-3-7(9)11/h2-4,8,10-12H,5H2,1H3	Vanylglycol	COC1=C(C=CC(=C1)C(CO)O)O	0.463803709	10805;688029;688030;12569539	HMDB:(1490);SuperNatural:(SN00000411 SN00000412);ZINC bio:(ZINC00056459 ZINC00056460);additional;MeSH:(10805 688030);PubMed;COCONUT:(CNP0116546);Natural Products:(UNPD140811);PubChem:(10805 688029 688030 12569539);YMDB Mine;CHEBI:(1576);PubChem class - bio and metabolites;KEGG:(C05594);Training Set;Biocyc:(CPD-11497)	34380245358
59	1	N/A	-242.9052064540637	C9H12O4	[M - H2O + H]+	FBDKAIYPFAFJHV	InChI=1S/C9H12O4/c1-13-9-3-2-6(4-7(9)11)8(12)5-10/h2-4,8,10-12H,5H2,1H3	Isomhpg	COC1=C(C=C(C=C1)C(CO)O)O	0.463803709	170451;10631337;15354304	COCONUT:(CNP0150126);HMDB:(35056);Natural Products:(UNPD181521);PubChem:(170451 10631337 15354304);SuperNatural:(SN00288811);CHEBI:(125412);PubChem class - bio and metabolites;MeSH:(170451);PubMed;KEGG Mine	8609890414
60	1	N/A	-243.34882744313472	C9H12O4	[M - H2O + H]+	IGNIFCHMNYFZNK	InChI=1S/C9H12O4/c10-5-9(6-11)13-8-3-1-7(12)2-4-8/h1-4,9-12H,5-6H2	2-(4-hydroxyphenoxy)propane-1,3-diol	C1=CC(=CC=C1O)OC(CO)CO	0.200000003	89695	PubChem:(89695);PubChem class - safety and toxic	67108866
61	1	N/A	-244.17493145301938	C9H12O4	[M - H2O + H]+	QTCDAEXXECYNNS	InChI=1S/C9H12O4/c10-5-9(12)7-3-1-2-6(7)4-8(11)13-9/h3,6,10,12H,1-2,4-5H2	null	C1CC2CC(=O)OC(C2=C1)(CO)O	-0.800000012	24800210	COCONUT:(CNP0152544);Natural Products:(UNPD128088);PubChem:(24800210);SuperNatural:(SN00324073)	3178498
62	1	N/A	-245.17891726007102	C9H12O4	[M - H2O + H]+	QAKJEUIMEVJFTM	InChI=1S/C9H12O4/c10-5-8(12)6-13-9-3-1-7(11)2-4-9/h1-4,8,10-12H,5-6H2	1,2-Propanediol, 3-(4-hydroxyphenoxy)-	C1=CC(=CC=C1O)OCC(CO)O	0.200000003	12941034;12941035	COCONUT:(CNP0221041);Natural Products:(UNPD134217);PubChem:(12941034 12941035);SuperNatural:(SN00319648);KEGG Mine	8593113090
63	1	N/A	-249.54972719998756	C9H12O4	[M - H2O + H]+	BQBCFJSPAJUHRN	InChI=1S/C9H12O4/c1-12-9(13-2)6-3-4-7(10)8(11)5-6/h3-5,9-11H,1-2H3	4-(dimethoxymethyl)benzene-1,2-diol	COC(C1=CC(=C(C=C1)O)O)OC	1.01607275	14314013	COCONUT:(CNP0129986);Natural Products:(UNPD207531);PubChem:(14314013);PubMed	2129986
64	1	N/A	-250.12151447852835	C9H12O4	[M - H2O + H]+	LOFNBJJOPRYALE	InChI=1S/C9H12O4/c1-3-2-12-9(11)5-4(3)6(10)8-7(5)13-8/h2,4-11H,1H3	null	CC1=COC(C2C1C(C3C2O3)O)O	-0.800000012	101412324;133623394;133674751	COCONUT:(CNP0189678);Natural Products:(UNPD122872 UNPD143679);PubChem:(101412324 133623394 133674751);SuperNatural:(SN00327427 SN00277215);KEGG Mine	8593113090
65	1	N/A	-250.94107247752822	C9H12O4	[M - H2O + H]+	OEUMAONYVQQDBW	InChI=1S/C9H12O4/c1-6(2)7(10)4-3-5-8(11)9(12)13/h3-6,11H,1-2H3,(H,12,13)	2-Hydroxy-6-oxo-7-methylocta-2,4-dienoate	CC(C)C(=O)C=CC=C(C(=O)O)O	1.29999995	184526;5280696;5280967;54675856;54724343	PubChem:(184526 5280696 5280967 54675856 54724343);CHEBI:(79380 2271 83171);PubChem class - bio and metabolites;KEGG:(C06582 C04535);Plantcyc:(CPD-1008);PubMed;Biocyc:(CPD-1008);KEGG Mine	8606845282
66	1	N/A	-257.98153668862994	C9H12O4	[M - H2O + H]+	RPPMIZUMAXAWTB	InChI=1S/C9H12O4/c1-5-7(10)4-3-6(8(5)11)9(12)13-2/h6,11H,3-4H2,1-2H3	Methyl3-methyldihydro-b-resorcylate	CC1=C(C(CCC1=O)C(=O)OC)O	0.699999988	103738	PubChem:(103738);NORMAN:(NS00057268)	262146
67	1	N/A	-260.357588433077	C9H12O4	[M - H2O + H]+	RGJQSVMOPGCGFV	InChI=1S/C9H12O4/c1-2-12-9(11)6-7(10)8-4-3-5-13-8/h3-5,7,10H,2,6H2,1H3	ethyl 3-(furan-2-yl)-3-hydroxypropanoate	CCOC(=O)CC(C1=CC=CO1)O	0.400000006	4738172;10012608;11240852	PubChem:(4738172 10012608 11240852);NORMAN:(NS00051041)	262146
68	1	N/A	-260.64923378142066	C9H12O4	[M - H2O + H]+	OJCCRGIYJGGVOG	InChI=1S/C9H12O4/c1-13-9-7(11)4-6(2-3-10)5-8(9)12/h4,10-11H,2-3,5H2,1H3	null	COC1=C(C=C(CC1=O)CCO)O	-0.300000012	137274410	COCONUT:(CNP0151990);Natural Products:(UNPD103094);PubChem:(137274410)	2129922
69	1	N/A	-263.73160761123097	C9H12O4	[M - H2O + H]+	GDGUXPASNWGBJR	InChI=1S/C9H12O4/c1-13-9-7(11)4-6(2-3-10)5-8(9)12/h4-5,10-12H,2-3H2,1H3	null	COC1=C(C=C(C=C1O)CCO)O	0.800000012	10035291	COCONUT:(CNP0374339);MeSH:(10035291);Natural Products:(UNPD225170);PubChem:(10035291);PubMed	2129990
70	1	N/A	-265.84805808770903	C9H12O4	[M - H2O + H]+	DZSHGQHHHVLRIU	InChI=1S/C9H12O4/c1-13-9-3-2-6(11)4-7(9)8(12)5-10/h2-4,8,10-12H,5H2,1H3	2''-Methoxy-5''-hydroxyphenylglycol	COC1=C(C=C(C=C1)O)C(CO)O	0.0	3044298	PubChem:(3044298);PubChem class - safety and toxic	67108866
71	1	N/A	-277.74997627234217	C9H12O4	[M - H2O + H]+	FFFHTHUTTLBLCU	InChI=1S/C9H12O4/c1-12-6-3-8(11)7(5-10)9(4-6)13-2/h3-4,10-11H,5H2,1-2H3	2-(hydroxymethyl)-3,5-dimethoxyphenol	COC1=CC(=C(C(=C1)OC)CO)O	1.20000005	19773760	HMDB:(131233);PubChem:(19773760);PubChem class - bio and metabolites	16777226
72	1	N/A	-284.8943984015559	C9H12O4	[M - H2O + H]+	QUPHIMRKLSEULX	InChI=1S/C9H12O4/c1-11-7-5-9(13-3)8(12-2)4-6(7)10/h4-5,10H,1-3H3	null	COC1=CC(=C(C=C1O)OC)OC	1.38463533	12445134	COCONUT:(CNP0202440);Natural Products:(UNPD63292);PubChem:(12445134);SuperNatural:(SN00342922);KEGG Mine	8593113090
73	1	N/A	-286.94246982660013	C9H12O4	[M - H2O + H]+	WAPFINTXQVFPAP	InChI=1S/C9H12O4/c1-5-7(11)3-8(13-2)6(4-10)9(5)12/h3,10-12H,4H2,1-2H3	null	CC1=C(C(=C(C=C1O)OC)CO)O	1.20000005	131833008	HMDB:(126619);PubChem:(131833008);PubChem class - bio and metabolites	16777226
74	1	N/A	-287.51218915303986	C9H12O4	[M - H2O + H]+	CXACLBZDTNUOHN	InChI=1S/C9H12O4/c1-5-8(13-2)3-7(11)6(4-10)9(5)12/h3,10-12H,4H2,1-2H3	null	CC1=C(C=C(C(=C1O)CO)O)OC	1.20000005	131833007	HMDB:(126618);PubChem:(131833007);PubChem class - bio and metabolites	16777226
75	1	N/A	-288.4251068037283	C9H12O4	[M - H2O + H]+	PPHXVCMGTMHJDG	InChI=1S/C9H12O4/c10-6-3-5-1-2-9(11)4-12-8(13-6)7(5)9/h1-2,5-8,10-11H,3-4H2	2H-1,7-Dioxacyclopent[cd]indene-2a,6(4aH)-diol, 5,6,7a,7b-tetrahydro-	C1C2C=CC3(C2C(OC3)OC1O)O	-0.600000024	14334530;21724600;100930978;131175145;133673105	COCONUT:(CNP0210884);Natural Products:(UNPD179641);PubChem:(14334530 21724600 100930978 131175145 133673105);SuperNatural:(SN00292386)	3178498
76	1	N/A	-293.5340049824695	C9H12O4	[M - H2O + H]+	OEVFBTZWWJIAIJ	InChI=1S/C9H12O4/c1-5-8(12-3)7(6(2)10)4-13-9(5)11/h4,6,10H,1-3H3	null	CC1=C(C(=COC1=O)C(C)O)OC	-0.100000001	130130653	COCONUT:(CNP0414950);Natural Products:(UNPD206500);PubChem:(130130653)	2129922
77	1	N/A	-295.98054393746827	C9H12O4	[M - H2O + H]+	HSJYYLNJWGKZMD	InChI=1S/C9H12O4/c1-11-6-4-7(12-2)9(10)8(5-6)13-3/h4-5,10H,1-3H3	2,4,6-Trimethoxyphenol	COC1=CC(=C(C(=C1)OC)O)OC	1.38463533	88563	NORMAN:(NS00026642);COCONUT:(CNP0265592);KNApSAcK:(35473);Natural Products:(UNPD139963);PubChem:(88563);SuperNatural:(SN00267709);ZINC bio:(ZINC02566113);PubMed	3448914
78	1	N/A	-298.3695120463577	C9H12O4	[M - H2O + H]+	LUOAEJWSKPQLJD	InChI=1S/C9H12O4/c1-12-7-3-6(5-10)4-8(13-2)9(7)11/h3-4,10-11H,5H2,1-2H3	bmse010007	COC1=CC(=CC(=C1O)OC)CO	0.600000024	10741	NORMAN:(NS00022304);COCONUT:(CNP0268066);KNApSAcK:(36577);Natural Products:(UNPD116699);PubChem class - food;PubChem:(10741);YMDB Mine;CHEBI:(86948);ZINC bio:(ZINC02034898);PubChem class - safety and toxic;PubMed	34563465330
79	1	N/A	-299.8297878955358	C9H12O4	[M - H2O + H]+	NKACRNZUVSMENA	InChI=1S/C9H12O4/c1-5(10)9-6(2)13-8(11)4-7(9)12-3/h4-5,10H,1-3H3	5-(1-hydroxyethyl)-4-methoxy-6-methylpyran-2-one	CC1=C(C(=CC(=O)O1)OC)C(C)O	-0.100000001	14077398;90476996	COCONUT:(CNP0322002);Natural Products:(UNPD8354);PubChem:(14077398 90476996);SuperNatural:(SN00373320)	3178498
80	1	N/A	-301.0913773530979	C9H12O4	[M - H2O + H]+	UVXMCKIOTOHKKJ	InChI=1S/C9H12O4/c1-6(5-10)8-3-7(12-2)4-9(11)13-8/h3-4,6,10H,5H2,1-2H3	null	CC(CO)C1=CC(=CC(=O)O1)OC	1.0141809	""	COCONUT:(CNP0106429);Natural Products:(UNPD42435);SuperNatural:(SN00269791)	3178496
81	1	N/A	-305.26644041173233	C9H12O4	[M - H2O + H]+	GGKULMZJHUQCEJ	InChI=1S/C9H12O4/c1-5(10)3-7-4-8(11)6(2)9(12)13-7/h4-5,10-11H,3H2,1-2H3	null	CC1=C(C=C(OC1=O)CC(C)O)O	0.5	54697862;76173741	COCONUT:(CNP0126980);KNApSAcK:(31669);Natural Products:(UNPD121434);PubChem:(54697862 76173741);SuperNatural:(SN00321230)	3178514
82	1	N/A	-309.20180168582317	C9H12O4	[M - H2O + H]+	RYGUPZGVNOZNPO	InChI=1S/C9H12O4/c1-12-8-5-7(3-2-4-10)13-9(11)6-8/h5-6,10H,2-4H2,1H3	null	COC1=CC(=O)OC(=C1)CCCO	0.400000006	139587395	PubChem:(139587395);COCONUT:(CNP0354805)	2097154
83	1	N/A	-310.6442206159131	C9H12O4	[M - H2O + H]+	NXEJUFMLUUNXKI	InChI=1S/C9H12O4/c1-13-8-3-6(4-10)2-7(5-11)9(8)12/h2-3,10-12H,4-5H2,1H3	2,4-bis(hydroxymethyl)-6-methoxyphenol	COC1=CC(=CC(=C1O)CO)CO	0.300000012	76614;123590685	PubChem:(76614 123590685);NORMAN:(NS00029126)	262146
84	1	N/A	-313.018123763669	C9H12O4	[M - H2O + H]+	DSBZYDDWLLIJJS	InChI=1S/C9H12O4/c1-5-4-6(10)8(12-2)9(13-3)7(5)11/h4,10-11H,1-3H3	ubiquinol-0	CC1=CC(=C(C(=C1O)OC)OC)O	1.4582839	10943211;11116828;11183027	PubChem:(10943211 11116828 11183027);CHEBI:(60899);ZINC bio:(ZINC02566114);PubChem class - bio and metabolites;MeSH:(11183027);PubChem class - safety and toxic;PubMed;Biocyc:(CPD-15062)	83896422
85	1	N/A	-313.3088989503797	C9H12O4	[M - H2O + H]+	STXRLTSAXAWSTB	InChI=1S/C9H12O4/c1-5-4-6(12-2)8(11)9(13-3)7(5)10/h4,10-11H,1-3H3	null	CC1=CC(=C(C(=C1O)OC)O)OC	1.4582839	87294508	COCONUT:(CNP0389704);Natural Products:(UNPD52449);PubChem:(87294508);SuperNatural:(SN00262846);PubMed	3178562
86	1	N/A	-315.29306859464356	C9H12O4	[M - H2O + H]+	RMJMFPNPBUGUMP	InChI=1S/C9H12O4/c10-2-1-5-6-3-13-4-7(6)9(12)8(5)11/h3-5,8-12H,1-2H2	(4R,5S,6R)-6-(2-hydroxyethyl)-5,6-dihydro-4H-cyclopenta[c]furan-4,5-diol	C1=C2C(C(C(C2=CO1)O)O)CCO	-1.0	5318702;14413759;129716195	COCONUT:(CNP0157043);Natural Products:(UNPD175082 UNPD47442);PubChem:(5318702 14413759 129716195);SuperNatural:(SN00160360 SN00269592)	3178498
87	1	N/A	-315.8174042198444	C9H12O4	[M - H2O + H]+	VTCDZPUMZAZMSB	InChI=1S/C9H12O4/c1-11-7-4-6(10)5-8(12-2)9(7)13-3/h4-5,10H,1-3H3	Antiarol	COC1=CC(=CC(=C1OC)OC)O	1.38463533	69505	SuperNatural:(SN00001500);ZINC bio:(ZINC00405113);PubMed;NORMAN:(NS00021306);COCONUT:(CNP0285878);KNApSAcK:(2637);Natural Products:(UNPD179372);PubChem:(69505);CHEBI:(2760);KEGG:(C10765);PubChem class - safety and toxic;Training Set	70574450
88	1	N/A	-322.3554668153869	C9H12O4	[M - H2O + H]+	WHUAFAYVVUYGNC	InChI=1S/C9H12O4/c1-6(4-10)7-5-13-9(11)3-8(7)12-2/h3,5-6,10H,4H2,1-2H3	null	CC(CO)C1=COC(=O)C=C1OC	-0.100000001	14309397	PubChem:(14309397);COCONUT:(CNP0336364)	2097154
89	1	N/A	-322.9107622481626	C9H12O4	[M - H2O + H]+	DEBQSJUOQKVEJG	InChI=1S/C9H12O4/c1-6-7(3-4-10)8(12-2)5-9(11)13-6/h5,10H,3-4H2,1-2H3	5-(2-Hydroxyethyl)-4-methoxy-6-methyl-2H-pyran-2-one	CC1=C(C(=CC(=O)O1)OC)CCO	0.0	14077395	COCONUT:(CNP0275167);Natural Products:(UNPD117652);PubChem:(14077395);SuperNatural:(SN00344434)	3178498
90	1	N/A	-323.574602891145	C9H12O4	[M - H2O + H]+	LEHJPVXVDQTGBS	InChI=1S/C9H12O4/c1-5(2)7(11)9-8(12)6(10)3-4-13-9/h3-5,7,11-12H,1-2H3	3-hydroxy-2-(1-hydroxy-2-methylpropyl)pyran-4-one	CC(C)C(C1=C(C(=O)C=CO1)O)O	1.0	199785	PubChem:(199785);PubChem class - safety and toxic	67108866
91	1	N/A	-327.92746972699723	C9H12O4	[M - H2O + H]+	AVNQQAWDCPSNKU	InChI=1S/C9H12O4/c1-5-7(12-3)4-8(6(2)10)13-9(5)11/h4,6,10H,1-3H3	null	CC1=C(C=C(OC1=O)C(C)O)OC	0.400000006	52920585	COCONUT:(CNP0217104);Natural Products:(UNPD199906);PubChem:(52920585);PubMed	2129986
92	1	N/A	-330.97808182813463	C9H12O4	[M - H2O + H]+	KNXILUUVCQEGQH	InChI=1S/C9H12O4/c1-5-4-6(12-2)7(10)8(11)9(5)13-3/h4,10-11H,1-3H3	1,2-Benzenediol, 3,6-dimethoxy-4-methyl-	CC1=CC(=C(C(=C1OC)O)O)OC	1.5	16099554	PubChem:(16099554);COCONUT:(CNP0356278)	2097154
93	1	N/A	-335.3920100872506	C9H12O4	[M - H2O + H]+	MRGJYCLKAHJMHH	InChI=1S/C9H12O4/c1-6-3-7(10)4-9(2,13-6)5-8(11)12/h3H,4-5H2,1-2H3,(H,11,12)	null	CC1=CC(=O)CC(O1)(C)CC(=O)O	0.100000001	91592132	COCONUT:(CNP0265647);Natural Products:(UNPD149610);PubChem:(91592132);SuperNatural:(SN00355309);PubMed	3178562
94	1	N/A	-348.33764660031363	C9H12O4	[M - H2O + H]+	OHYXRKJVUMOIDX	InChI=1S/C9H12O4/c1-4-6(10)5(2)9(13-3)8(12)7(4)11/h10-12H,1-3H3	null	CC1=C(C(=C(C(=C1O)O)OC)C)O	1.60000002	130034004	HMDB:(126620);PubChem:(130034004);PubChem class - bio and metabolites	16777226
95	1	N/A	-349.65049561582566	C9H12O4	[M - H2O + H]+	JAAQAAFKQSNUEH	InChI=1S/C9H12O4/c1-2-3-7-8(9(11)12)6(4-10)5-13-7/h5,10H,2-4H2,1H3,(H,11,12)	null	CCCC1=C(C(=CO1)CO)C(=O)O	0.800000012	101483165	PubChem:(101483165);COCONUT:(CNP0080886)	2097154
96	1	N/A	-351.64383253430634	C9H12O4	[M - H2O + H]+	NGYMGVJOUWPPJW	InChI=1S/C9H12O4/c1-8-4-6(10)5-2-7(12-8)13-9(8,11)3-5/h5,7,11H,2-4H2,1H3	null	CC12CC(=O)C3CC(O1)OC2(C3)O	0.00679039396	""	COCONUT:(CNP0075847)	2097152
97	1	N/A	-353.36518801704335	C9H12O4	[M - H2O + H]+	KMIUQUZTQYBVHJ	InChI=1S/C9H12O4/c1-3-5-4-6(13-2)8(11)9(12)7(5)10/h4,10-12H,3H2,1-2H3	null	CCC1=CC(=C(C(=C1O)O)O)OC	1.60000002	131832068	HMDB:(125593);PubChem:(131832068);PubChem class - bio and metabolites	16777226
98	1	N/A	-355.64630623838656	C9H12O4	[M - H2O + H]+	RXTOFBMQCVYNHX	InChI=1S/C9H12O4/c1-3-5-4-6(10)8(12)9(13-2)7(5)11/h4,10-12H,3H2,1-2H3	null	CCC1=CC(=C(C(=C1O)OC)O)O	1.60000002	131832071	HMDB:(125597);PubChem:(131832071);PubChem class - bio and metabolites	16777226