structureRankPerFormula	formulaRank	ConfidenceScore	CSI:FingerIDScore	molecularFormula	adduct	InChIkey2D	InChI	name	smiles	xlogp	pubchemids	links	dbflags
1	1	0.5579091887870792	-28.339147503100964	C18H26O	[M + H]+	UBTNVRPIHJRBCI	InChI=1S/C18H26O/c1-14(8-6-10-16(3)19)11-12-17-15(2)9-7-13-18(17,4)5/h6,8,10-12H,7,9,13H2,1-5H3	13-apo-beta-carotenone	CC1=C(C(CCC1)(C)C)C=CC(=CC=CC(=O)C)C	4.70023394	196568;5363697;6444123;10659303;10777772;10801408;12701247;12701250;11784285;16106587	COCONUT:(CNP0325060);PubChem:(196568 5363697 6444123 10659303 10777772 10801408 12701247 12701250 11784285 16106587);YMDB Mine;CHEBI:(53175);PubChem class - bio and metabolites;MeSH:(5363697 6444123);KEGG:(C20696);Plantcyc:(CPD-13369);PubMed;Biocyc:(CPD-21222 CPD-13369);KEGG Mine	42968680806
2	1	N/A	-67.97134835620076	C18H26O	[M + H]+	WLMRDJQKYYVAJT	InChI=1S/C18H26O/c1-15(2)9-6-10-16(3)11-7-12-17(4)13-8-14-18(5)19/h7-9,11-14H,6,10H2,1-5H3	(3E,5E,7E,9E)-6,10,14-trimethylpentadeca-3,5,7,9,13-pentaen-2-one	CC(=CCCC(=CC=CC(=CC=CC(=O)C)C)C)C	5.80000019	14495389;72732462;134820096	PubChem:(14495389 72732462 134820096);PubMed;Biocyc:(CPD-21206);KEGG Mine	8589936706
3	1	N/A	-154.78630120329555	C18H26O	[M + H]+	JSSOGWPPKQYPSP	InChI=1S/C18H26O/c1-3-4-5-15-6-8-17(9-7-15)18-12-10-16(11-13-18)14(2)19/h10-13,15,17H,3-9H2,1-2H3	1-[4-(4-butylcyclohexyl)phenyl]ethanone	CCCCC1CCC(CC1)C2=CC=C(C=C2)C(=O)C	6.0	3104713	NORMAN:(NS00002338);PubChem class - safety and toxic;PubChem:(3104713)	67371010
4	1	N/A	-157.39780509293266	C18H26O	[M + H]+	UXCKNEGQGAKQLT	InChI=1S/C18H26O/c19-18-16(14-8-3-1-4-9-14)12-7-13-17(18)15-10-5-2-6-11-15/h8,10,16-17H,1-7,9,11-13H2	2,6-di(cyclohexen-1-yl)cyclohexan-1-one	C1CCC(=CC1)C2CCCC(C2=O)C3=CCCCC3	4.5	1549329;1549330;1549331;91170	PubChem:(1549329 1549330 1549331 91170);NORMAN:(NS00050712)	262146
5	1	N/A	-163.5783531947163	C18H26O	[M + H]+	HADLISHZBKJUMM	InChI=1S/C18H26O/c1-11(2)18(7)10-17(5,6)15-9-14(13(4)19)12(3)8-16(15)18/h8-9,11H,10H2,1-7H3	1-(1,3,3,6-tetramethyl-1-propan-2-yl-2H-inden-5-yl)ethanone	CC1=CC2=C(C=C1C(=O)C)C(CC2(C)C(C)C)(C)C	5.30000019	5463809	NORMAN:(NS00001326);PubChem class - safety and toxic;PubChem:(5463809)	67371010
6	1	N/A	-171.66713883764328	C18H26O	[M + H]+	HYUPSGGKJPMYLH	InChI=1S/C18H26O/c19-18-16(14-8-3-1-4-9-14)12-7-13-17(18)15-10-5-2-6-11-15/h8,16H,1-7,9-13H2	2-Cyclohexylidene-6-(1-cyclohexenyl)cyclohexanone	C1CCC(=C2CCCC(C2=O)C3=CCCCC3)CC1	4.69999981	3016281	PubChem:(3016281);NORMAN:(NS00057249)	262146
7	1	N/A	-174.8376610824814	C18H26O	[M + H]+	DNRJTBAOUJJKDY	InChI=1S/C18H26O/c1-11-8-16-15(9-14(11)13(3)19)17(4,5)10-12(2)18(16,6)7/h8-9,12H,10H2,1-7H3	Tonalide	CC1CC(C2=C(C1(C)C)C=C(C(=C2)C(=O)C)C)(C)C	5.30000019	89440;1427577;1427578;101270802	HMDB:(61860);SuperNatural:(SN00050186 SN00050187);ZINC bio:(ZINC01323080 ZINC01323081);HSDB:(21145-77-7);MeSH:(89440 1427577);PubMed;NORMAN:(NS00003324);COCONUT:(CNP0362743);PubChem:(89440 1427577 1427578 101270802);CHEBI:(88666);PubChem class - bio and metabolites;PubChem class - safety and toxic;Training Set	87319150
8	1	N/A	-181.2179364118981	C18H26O	[M + H]+	UXLWGCCTUFJXDJ	InChI=1S/C18H26O/c19-18-16(14-8-3-1-4-9-14)12-7-13-17(18)15-10-5-2-6-11-15/h1-13H2	Cyclohexanone,2,6-dicyclohexylidene-	C1CCC(=C2CCCC(=C3CCCCC3)C2=O)CC1	4.9000001	76796	PubChem:(76796);NORMAN:(NS00029386)	262146
9	1	N/A	-182.40975899638678	C18H26O	[M + H]+	OLYAEHZZXXLNQQ	InChI=1S/C18H26O/c1-18-11-10-14-13-5-3-2-4-12(13)6-7-15(14)16(18)8-9-17(18)19/h4,13-16H,2-3,5-11H2,1H3	estr-4-en-17-one	CC12CCC3C(C1CCC2=O)CCC4=CCCCC34	4.0	107437;2825529;7213549;10061079;11861304;11890381;11890382;11890383;21626773;25771361;124897322	NORMAN:(NS00048363);PubChem class - safety and toxic;PubChem:(107437 2825529 7213549 10061079 11861304 11890381 11890382 11890383 21626773 25771361 124897322)	67371010
10	1	N/A	-182.48516362490403	C18H26O	[M + H]+	KSEZPRJUTHMFGZ	InChI=1S/C18H26O/c1-7-13-10-15-16(11-14(13)12(2)19)18(5,6)9-8-17(15,3)4/h10-11H,7-9H2,1-6H3	Versalide	CCC1=CC2=C(C=C1C(=O)C)C(CCC2(C)C)(C)C	5.5	6930	NORMAN:(NS00022865);COCONUT:(CNP0126354);Natural Products:(UNPD214141);PubChem:(6930);MeSH:(6930);PubChem class - safety and toxic;PubMed	69500998
11	1	N/A	-194.47208267125208	C18H26O	[M + H]+	ABCBBMZSTXBGMW	InChI=1S/C18H26O/c1-2-3-4-5-6-7-8-9-10-11-12-13-14-15-16-17-18-19/h3-10,16-18H,2,11-15H2,1H3	null	CCC=CC=CC=CC=CCCCCCC=CC=O	5.60610294	""	COCONUT:(CNP0229712);Natural Products:(UNPD129349)	2129920
12	1	N/A	-206.1915102931237	C18H26O	[M + H]+	IMRYETFJNLKUHK	InChI=1S/C18H26O/c1-10(2)17-12(4)18(6,7)16-8-11(3)14(13(5)19)9-15(16)17/h8-10,12,17H,1-7H3	Traseolide	CC1C(C2=C(C1(C)C)C=C(C(=C2)C(=O)C)C)C(C)C	5.0999999	50256;91696;53924341;92177788;92288876	NORMAN:(NS00007224);PubChem:(50256 91696 53924341 92177788 92288876);CHEBI:(63780 63781);MeSH:(50256 91696);PubChem class - safety and toxic;PubMed	67371110
13	1	N/A	-211.81736903665455	C18H26O	[M + H]+	MFDBCJCPPDNMHU	InChI=1S/C18H26O/c1-7-18(15(6)19)10-8-9-16-13(4)11(2)12(3)14(5)17(16)18/h7-10H2,1-6H3	null	CCC1(CCCC2=C(C(=C(C(=C21)C)C)C)C)C(=O)C	4.69999981	129642521	MeSH:(129642521);PubChem:(129642521);PubMed	70
14	1	N/A	-214.15827673452674	C18H26O	[M + H]+	KXXXNMZPAJTCQY	InChI=1S/C18H26O/c1-5-18(4,13-6-7-15(2)3)14-12-16-8-10-17(19)11-9-16/h5,8-12,14-15,19H,1,6-7,13H2,2-4H3	null	CC(C)CCCC(C)(C=C)C=CC1=CC=C(C=C1)O	5.54299974	""	COCONUT:(CNP0251658);Natural Products:(UNPD132100);SuperNatural:(SN00309629)	3178496
15	1	N/A	-217.31276439307484	C18H26O	[M + H]+	BOUBBPHZUPRWIO	InChI=1S/C18H26O/c1-3-5-6-7-8-9-10-11-12-13-14-15-16-17-18(19)4-2/h4,11-12,18-19H,2-3,5-10,13H2,1H3	null	CCCCCCCCC=CCC#CC#CC(C=C)O	5.68282318	""	COCONUT:(CNP0290780);Natural Products:(UNPD205615 UNPD222624)	2129920
16	1	N/A	-236.9458868396941	C18H26O	[M + H]+	UUJICVPYWDJSSZ	InChI=1S/C18H26O/c1-12-11-13(2)17(15-9-5-6-10-15)18(19)16(12)14-7-3-4-8-14/h11,14-15,19H,3-10H2,1-2H3	2,6-Dicyclopentyl-3,5-xylenol	CC1=CC(=C(C(=C1C2CCCC2)O)C3CCCC3)C	6.30000019	6454047	PubChem:(6454047);NORMAN:(NS00034478)	262146
17	1	N/A	-239.2741963919273	C18H26O	[M + H]+	IAXRJXQHJSFPBF	InChI=1S/C18H26O/c1-17(2)11-18(3,4)15-10-16(19)13(9-14(15)17)12-7-5-6-8-12/h9-10,12,19H,5-8,11H2,1-4H3	6-Cyclopentyl-1,1,3,3-tetramethylindan-5-ol	CC1(CC(C2=C1C=C(C(=C2)O)C3CCCC3)(C)C)C	6.0999999	3022777	PubChem:(3022777);NORMAN:(NS00039731)	262146
18	1	N/A	-240.29742207157025	C18H26O	[M + H]+	FGPOGAUCGOZVPS	InChI=1S/C18H26O/c1-2-3-4-5-6-7-8-9-10-11-12-17-13-15-18(19)16-14-17/h7-10,13-16,19H,2-6,11-12H2,1H3	null	CCCCCCC=CC=CCCC1=CC=C(C=C1)O	6.4000001	10332757	COCONUT:(CNP0306725);Natural Products:(UNPD64016);PubChem:(10332757);SuperNatural:(SN00228615)	3178498
19	1	N/A	-245.282194690319	C18H26O	[M + H]+	BYAUGQHXQRQQPB	InChI=1S/C18H26O/c1-6-18(5)11-17(3,4)15-8-14-12(2)9-19-10-13(14)7-16(15)18/h7-8,12H,6,9-11H2,1-5H3	8-Ethyl-1,3,4,6,7,8-hexahydro-4,6,6,8-tetramethylcyclopenta(g)-2-benzopyran	CCC1(CC(C2=C1C=C3COCC(C3=C2)C)(C)C)C	5.0999999	10220788	PubChem:(10220788);NORMAN:(NS00058399)	262146
20	1	N/A	-245.282194690319	C18H26O	[M + H]+	QHYRRSDBBBZQKI	InChI=1S/C18H26O/c1-6-18(5)11-17(3,4)15-7-13-10-19-9-12(2)14(13)8-16(15)18/h7-8,12H,6,9-11H2,1-5H3	6-Ethyl-1,3,4,6,7,8-hexahydro-4,6,8,8-tetramethylcyclopenta(g)-2-benzopyran	CCC1(CC(C2=C1C=C3C(COCC3=C2)C)(C)C)C	5.0999999	10199063	PubChem:(10199063);NORMAN:(NS00059439)	262146
21	1	N/A	-258.99898080634216	C18H26O	[M + H]+	PUIILCQXXZJDIM	InChI=1S/C18H26O/c1-2-3-4-5-6-7-8-9-10-11-12-13-14-15-16-17-18-19/h2-3,9-10,19H,8,11-18H2,1H3	null	CC=CC#CC#CCC=CCCCCCCCCO	5.59616995	""	COCONUT:(CNP0107476);Natural Products:(UNPD41096)	2129920
22	1	N/A	-260.2053739504377	C18H26O	[M + H]+	ZIASQZKMMDNGSU	InChI=1S/C18H26O/c1-11-8-15-16(9-14(11)10-19)18(6,7)13(3)12(2)17(15,4)5/h8-10,12-13H,1-7H3	3,5,5,6,7,8,8-heptamethyl-6,7-dihydronaphthalene-2-carbaldehyde	CC1C(C(C2=C(C1(C)C)C=C(C(=C2)C=O)C)(C)C)C	5.4000001	14446273;11459584;22861286;54548173;88410783	PubChem:(14446273 11459584 22861286 54548173 88410783);PubChem class - safety and toxic	67108866
23	1	N/A	-271.5035323836523	C18H26O	[M + H]+	AUEZNTKYSSUTGZ	InChI=1S/C18H26O/c19-18-16(14-8-3-1-4-9-14)12-7-13-17(18)15-10-5-2-6-11-15/h7,12-15,19H,1-6,8-11H2	Oprea1_510377	C1CCC(CC1)C2=C(C(=CC=C2)C3CCCCC3)O	6.5999999	78540	NORMAN:(NS00031779);PubChem class - safety and toxic;Training Set;PubChem:(78540);PubMed	67387458
24	1	N/A	-276.92298919473905	C18H26O	[M + H]+	ONKNPOPIGWHAQC	InChI=1S/C18H26O/c1-11-9-19-10-13-7-15-16(8-14(11)13)18(5,6)12(2)17(15,3)4/h7-8,11-12H,9-10H2,1-6H3	Abbalide	CC1COCC2=CC3=C(C=C12)C(C(C3(C)C)C)(C)C	4.80000019	91497;14177988;14177989;14177990;14177991;11322880;71018151;91753603	NORMAN:(NS00008760);COCONUT:(CNP0079951);PubChem:(91497 14177988 14177989 14177990 14177991 11322880 71018151 91753603);CHEBI:(83784);PubChem class - bio and metabolites;HSDB:(1222-05-5);MeSH:(91497);PubChem class - safety and toxic;PubMed	86245990
25	1	N/A	-285.3386722890117	C18H26O	[M + H]+	HIEQGQHLWHRFOV	InChI=1S/C18H26O/c1-12-10-19-11-13-8-15-16(9-14(12)13)18(4,5)7-6-17(15,2)3/h8-9,12H,6-7,10-11H2,1-5H3	4,6,6,9,9-pentamethyl-3,4,7,8-tetrahydro-1H-benzo[g]isochromene	CC1COCC2=CC3=C(C=C12)C(CCC3(C)C)(C)C	5.0999999	102714;92287671;92288238	PubChem:(102714 92287671 92288238);NORMAN:(NS00012548)	262146
26	1	N/A	-287.4509271992472	C18H26O	[M + H]+	RNRHMQWZFJXKLZ	InChI=1S/C18H26O/c1-11-8-14(16(19)9-12(11)2)15-10-13-6-7-18(15,5)17(13,3)4/h8-9,13,15,19H,6-7,10H2,1-5H3	Xibornol	CC1=CC(=C(C=C1C)O)C2CC3CCC2(C3(C)C)C	5.5999999	72144;93201;3034430;11777299;49868156;76967262;92168252;124559919;137353052	NORMAN:(NS00011767);PubChem:(72144 93201 3034430 11777299 49868156 76967262 92168252 124559919 137353052);CHEBI:(131713);MeSH:(72144 11777299 76967262);PubChem class - safety and toxic;PubMed	67371110
27	1	N/A	-302.7878987861026	C18H26O	[M + H]+	QVKROXHNVAKLSP	InChI=1S/C18H26O/c1-10-6-16(17(19)7-11(10)2)15-9-13-8-14(15)12(3)18(13,4)5/h6-7,12-15,19H,8-9H2,1-5H3	6-exo-Isocamphanyl-3,4-xylenol	CC1C2CC(C1(C)C)CC2C3=C(C=C(C(=C3)C)C)O	5.5	214946;131878185	PubChem:(214946 131878185);PubChem class - safety and toxic	67108866
28	1	N/A	-306.0895982266599	C18H26O	[M + H]+	FDPJCOQMIYJDTL	InChI=1S/C18H26O/c19-18-11-9-15(10-12-18)17-8-4-7-16(13-17)14-5-2-1-3-6-14/h4,7-8,13-15,18-19H,1-3,5-6,9-12H2	null	C1CCC(CC1)C2=CC(=CC=C2)C3CCC(CC3)O	5.0999999	139594869	PubChem:(139594869);NORMAN:(NS00009678)	262146
29	1	N/A	-320.95424390921085	C18H26O	[M + H]+	ZOMWPAHEBIICIQ	InChI=1S/C18H26O/c1-11-8-12(2)16(19)14(9-11)15-10-13-6-7-18(15,5)17(13,3)4/h8-9,13,15,19H,6-7,10H2,1-5H3	6-Isobornyl-2,4-xylenol	CC1=CC(=C(C(=C1)C2CC3CCC2(C3(C)C)C)O)C	5.5999999	214836;92162231;92220264;92220265;92337777;98057514;98057515;98084225;98084226	PubChem:(214836 92162231 92220264 92220265 92337777 98057514 98057515 98084225 98084226);PubChem class - safety and toxic	67108866
1	1	N/A	-79.50730917279161	C18H28O2	[M - H2O + H]+	AQMKARDJTJSPIX	InChI=1S/C18H28O2/c1-12-5-7-14-13(11-12)6-8-15-17(14,2)9-4-10-18(15,3)16(19)20/h11-12,14-15H,4-10H2,1-3H3,(H,19,20)	1,4a,7-trimethyl-2,3,4,4b,5,6,7,9,10,10a-decahydrophenanthrene-1-carboxylic acid	CC1CCC2C(=C1)CCC3C2(CCCC3(C)C(=O)O)C	4.69999981	20744630;59078947	PubChem:(20744630 59078947);COCONUT:(CNP0086195)	2097154
2	1	N/A	-104.22647698759354	C18H28O2	[M - H2O + H]+	KDYILQLPKVZDGB	InChI=1S/C18H28O2/c1-2-3-4-5-6-7-8-9-10-11-12-13-14-15-16-17-18(19)20/h2-5,8,11-17H2,1H3,(H,19,20)	9,12-Octadecadiynoicacid	CCCCCC#CCC#CCCCCCCCC(=O)O	6.03444719	1931	PubChem:(1931);CHEBI:(142250);additional;MeSH:(1931);Training Set;PubMed	540774
3	1	N/A	-105.84706139703206	C18H28O2	[M - H2O + H]+	JRBUVHZXBJFVBZ	InChI=1S/C18H28O2/c1-2-3-4-5-6-7-8-9-10-11-12-13-14-15-16-17-18(19)20/h2-7,12-17H2,1H3,(H,19,20)	8,10-Octadecadiynoic acid	CCCCCCCC#CC#CCCCCCCC(=O)O	6.03444719	5312666	COCONUT:(CNP0239481);Natural Products:(UNPD178324);PubChem:(5312666)	2129922
4	1	N/A	-107.57874724412272	C18H28O2	[M - H2O + H]+	KRKKLNBMQJXYTE	InChI=1S/C18H28O2/c1-2-3-4-5-6-7-8-9-10-11-12-13-14-15-16-17-18(19)20/h2-6,11-17H2,1H3,(H,19,20)	9,11-Octadecadiynoic acid	CCCCCCC#CC#CCCCCCCCC(=O)O	6.03444719	5312669	COCONUT:(CNP0269017);Natural Products:(UNPD98549);PubChem:(5312669)	2129922
5	1	N/A	-108.82971712156473	C18H28O2	[M - H2O + H]+	JIWBIWFOSCKQMA	InChI=1S/C18H28O2/c1-2-3-4-5-6-7-8-9-10-11-12-13-14-15-16-17-18(19)20/h3-4,6-7,9-10,12-13H,2,5,8,11,14-17H2,1H3,(H,19,20)	stearidonate	CCC=CCC=CCC=CCC=CCCCCC(=O)O	5.19999981	163841;5282837;5312508;22486337;25245840;44184145;57518576;87131704;90375516;124928630;124351439	HMDB:(6547);SuperNatural:(SN00266346 SN00253014 SN00357194);ZINC bio:(ZINC12496917 ZINC13551720);additional;MeSH:(163841 5282837 5312508);Plantcyc:(CPD-12653);PubMed;NORMAN:(NS00010575);COCONUT:(CNP0156231);Natural Products:(UNPD61521 UNPD25743 UNPD228681 UNPD1973);PubChem:(163841 5282837 5312508 22486337 25245840 44184145 57518576 87131704 90375516 124928630 124351439);YMDB Mine;CHEBI:(77222 32389);PubChem class - bio and metabolites;KEGG:(C16300);Training Set;Biocyc:(CPD-12653 CPD-21048)	34380638574
6	1	N/A	-109.13097105072593	C18H28O2	[M - H2O + H]+	LDZUDUYCHODRLO	InChI=1S/C18H28O2/c1-2-3-4-5-6-7-8-9-10-11-12-13-14-15-16-17-18(19)20/h2-8,13-17H2,1H3,(H,19,20)	7,9-Octadecadiynoic acid	CCCCCCCCC#CC#CCCCCCC(=O)O	6.30000019	5312662	COCONUT:(CNP0343675);Natural Products:(UNPD24547);PubChem:(5312662)	2129922
7	1	N/A	-111.59021388800751	C18H28O2	[M - H2O + H]+	WNNYSRHBDYRXCH	InChI=1S/C18H28O2/c1-2-3-4-5-6-7-8-9-10-11-12-13-14-15-16-17-18(19)20/h2-5,10-17H2,1H3,(H,19,20)	octadeca-10,12-diynoate	CCCCCC#CC#CCCCCCCCCC(=O)O	6.03444719	522487;1810819	COCONUT:(CNP0085954);PubChem:(522487 1810819);CHEBI:(32411)	2097186
8	1	N/A	-112.34781468638874	C18H28O2	[M - H2O + H]+	IOWMGGBYHCCEJN	InChI=1S/C18H28O2/c1-2-3-4-5-6-7-8-9-10-11-12-13-14-15-16-17-18(19)20/h7-8,11-12H,2-6,13-17H2,1H3,(H,19,20)	null	CCCCCCC=CC#CC=CCCCCCC(=O)O	6.0999999	9878706;102095959	MeSH:(102095959);PubChem:(9878706 102095959);PubMed	70
9	1	N/A	-114.00674749501162	C18H28O2	[M - H2O + H]+	UECZBRRJYAZMDX	InChI=1S/C18H28O2/c1-2-3-4-5-6-7-8-9-10-11-12-13-14-15-16-17-18(19)20/h6-7,9-10H,2-5,8,11,14-17H2,1H3,(H,19,20)	cis-9,12-octadecadien-6-ynoate	CCCCCC=CCC=CCC#CCCCCC(=O)O	5.5999999	9543633;49859730;71395440	COCONUT:(CNP0196020);Natural Products:(UNPD186119 UNPD207386 UNPD210122);PubChem:(9543633 49859730 71395440);CHEBI:(86506);Plantcyc:(CPD-12652);Biocyc:(CPD-12652)	2263074
10	1	N/A	-118.95372638608148	C18H28O2	[M - H2O + H]+	ACKYYVOKVMZDCL	InChI=1S/C18H28O2/c1-12(19)7-8-14-13(2)15(20)11-16-17(3,4)9-6-10-18(14,16)5/h16H,6-11H2,1-5H3	3,4a,8,8-tetramethyl-4-(3-oxobutyl)-5,6,7,8a-tetrahydro-1H-naphthalen-2-one	CC1=C(C2(CCCC(C2CC1=O)(C)C)C)CCC(=O)C	3.5999999	5163755;53297879	COCONUT:(CNP0237213);Natural Products:(UNPD18978);PubChem:(5163755 53297879);SuperNatural:(SN00347509)	3178498
11	1	N/A	-121.88739864565406	C18H28O2	[M - H2O + H]+	JNIPNHCEUZIVID	InChI=1S/C18H28O2/c1-2-3-4-5-6-7-8-9-10-11-12-13-14-15-16-17-18(19)20/h3-4,6-7,9-10,15-16H,2,5,8,11-14,17H2,1H3,(H,19,20)	3E,9Z,12Z,15Z-octadecatetraenoic acid	CCC=CCC=CCC=CCCCCC=CCC(=O)O	5.4000001	5282835	COCONUT:(CNP0372715);Natural Products:(UNPD41218);PubChem:(5282835)	2129922
12	1	N/A	-122.26762858036845	C18H28O2	[M - H2O + H]+	PVLHKMGYBLUVEL	InChI=1S/C18H28O2/c1-2-3-4-5-6-7-8-9-10-11-12-13-14-15-16-17-18(19)20/h2,7-8H,1,3-6,11-17H2,(H,19,20)	null	C=CCCCCC=CC#CCCCCCCCC(=O)O	5.83342218	101677277	COCONUT:(CNP0205788);Natural Products:(UNPD178719);PubChem:(101677277)	2129922
13	1	N/A	-122.9905206274553	C18H28O2	[M - H2O + H]+	UCHYLNQKIYPHBX	InChI=1S/C18H28O2/c1-2-3-4-5-6-7-8-9-10-11-12-13-14-15-16-17-18(19)20/h4-5,7-8,10-11,13-14H,2-3,6,9,12,15-17H2,1H3,(H,19,20)	5,8,11,14-Octadecatetraenoicacid	CCCC=CCC=CCC=CCC=CCCCC(=O)O	5.19999981	194669;5312505;5312507	MeSH:(194669 5312505);PubChem:(194669 5312505 5312507);PubMed	70
14	1	N/A	-124.67756265907052	C18H28O2	[M - H2O + H]+	CIUORYCGUNFGHQ	InChI=1S/C18H28O2/c1-12-6-8-18(5)13(2)10-15(20)11-16(18)17(12,4)9-7-14(3)19/h10,12,16H,6-9,11H2,1-5H3	null	CC1CCC2(C(C1(C)CCC(=O)C)CC(=O)C=C2C)C	3.4000001	12082660	COCONUT:(CNP0138342);Natural Products:(UNPD23941);PubChem:(12082660);SuperNatural:(SN00317671)	3178498
15	1	N/A	-126.64436989481341	C18H28O2	[M - H2O + H]+	NDTDEVRGTYZRRA	InChI=1S/C18H28O2/c1-12-11-15(20)16-17(3,4)9-6-10-18(16,5)14(12)8-7-13(2)19/h11,14,16H,6-10H2,1-5H3	null	CC1=CC(=O)C2C(CCCC2(C1CCC(=O)C)C)(C)C	3.5	13392640;125113835	COCONUT:(CNP0287582);Natural Products:(UNPD83716);PubChem:(13392640 125113835);SuperNatural:(SN00328611)	3178498
16	1	N/A	-129.14190244147764	C18H28O2	[M - H2O + H]+	SOQSIPMGMKGFRF	InChI=1S/C18H28O2/c1-2-3-4-5-6-7-8-9-10-11-12-13-14-15-16-17-18(19)20/h3-4,9-10,12-13,15-16H,2,5-8,11,14,17H2,1H3,(H,19,20)	null	CCC=CCCCCC=CCC=CCC=CCC(=O)O	5.46570683	""	COCONUT:(CNP0151777);Natural Products:(UNPD179923)	2129920
17	1	N/A	-129.17483230877664	C18H28O2	[M - H2O + H]+	HJYQCZVMQAYTMN	InChI=1S/C18H28O2/c1-2-3-4-5-6-7-8-9-10-11-12-13-14-15-16-17-18(19)20/h4-5,9-10H,2-3,8,11-17H2,1H3,(H,19,20)	(9Z,14Z)-octadeca-9,14-dien-12-ynoic acid	CCCC=CC#CCC=CCCCCCCCC(=O)O	5.9000001	14427322;14427323;71437671	COCONUT:(CNP0318135);KNApSAcK:(47136);Natural Products:(UNPD78209);PubChem:(14427322 14427323 71437671)	2129938
18	1	N/A	-129.36649048916533	C18H28O2	[M - H2O + H]+	FCQPVKRMQXBSAO	InChI=1S/C18H28O2/c1-2-3-4-5-6-7-8-9-10-11-12-13-14-15-16-17-18(19)20/h4-11H,2-3,12-17H2,1H3,(H,19,20)	8,10,12,14-Octadecatetraenoicacid, (8Z,10Z,12Z,14E)-	CCCC=CC=CC=CC=CCCCCCCC(=O)O	5.46570683	14583652;71340678;129726866	COCONUT:(CNP0329521);Natural Products:(UNPD93658);PubChem:(14583652 71340678 129726866);SuperNatural:(SN00243464)	3178498
19	1	N/A	-130.66424223920166	C18H28O2	[M - H2O + H]+	QAECBHSTFKKNOF	InChI=1S/C18H28O2/c1-2-3-4-5-6-7-8-9-10-11-12-13-14-15-16-17-18(19)20/h4-5,8-9,12-13,15-16H,2-3,6-7,10-11,14,17H2,1H3,(H,19,20)	null	CCCC=CCCC=CCCC=CCC=CCC(=O)O	5.46570683	""	COCONUT:(CNP0165610);Natural Products:(UNPD158331)	2129920
20	1	N/A	-130.78383277968095	C18H28O2	[M - H2O + H]+	RFUWLZKZDWRDDA	InChI=1S/C18H28O2/c1-2-3-4-5-6-7-8-9-10-11-12-13-14-15-16-17-18(19)20/h6-13H,2-5,14-17H2,1H3,(H,19,20)	6-Idtea	CCCCCC=CC=CC=CC=CCCCCC(=O)O	5.9000001	132704;6439481;10062114;10084905;9993664;20839316;87187733	COCONUT:(CNP0265250);MeSH:(132704 6439481);KNApSAcK:(436);PubChem:(132704 6439481 10062114 10084905 9993664 20839316 87187733);PubMed	2097238
21	1	N/A	-131.77217947928415	C18H28O2	[M - H2O + H]+	RHVBIEJVJWNXBU	InChI=1S/C18H28O2/c1-18-9-8-14-13-5-3-12(19)10-11(13)2-4-15(14)16(18)6-7-17(18)20/h11,13-17,20H,2-10H2,1H3	5-Dihydronandrolone	CC12CCC3C(C1CCC2O)CCC4C3CCC(=O)C4	3.62151814	528786;94202;6431251;10016319;12583590;10446172;18647774;21634212;45043609;44379952;57367043;71749000;125028276;125028277;125028278;124911649;124911650;124911651;124304530;124389375;131700612;131706906;134612757;133689027;131876283	COCONUT:(CNP0082294);HMDB:(62677);PubChem:(528786 94202 6431251 10016319 12583590 10446172 18647774 21634212 45043609 44379952 57367043 71749000 125028276 125028277 125028278 124911649 124911650 124911651 124304530 124389375 131700612 131706906 134612757 133689027 131876283);CHEBI:(87333);ZINC bio:(ZINC13546213);PubChem class - bio and metabolites;MeSH:(94202);PubMed;KEGG Mine	8608817262
22	1	N/A	-131.8475642355207	C18H28O2	[M - H2O + H]+	LGHXTTIAZFVCCU	InChI=1S/C18H28O2/c1-2-3-4-5-6-7-8-9-10-11-12-13-14-15-16-17-18(19)20/h10-17H,2-9H2,1H3,(H,19,20)	Octadecatetraenoic acid	CCCCCCCCCC=CC=CC=CC=CC(=O)O	6.80000019	11778225;21158583;21158977;21158978;53438755;89498479;129724877;129725404;129775367;129882677	MeSH:(11778225 53438755);PubChem:(11778225 21158583 21158977 21158978 53438755 89498479 129724877 129725404 129775367 129882677);PubMed	70
23	1	N/A	-132.30018680471846	C18H28O2	[M - H2O + H]+	WKKCENUZQQZVOF	InChI=1S/C18H28O2/c1-12(19)20-11-13-6-8-16(2,3)18-9-7-14(10-18)17(4,5)15(13)18/h14H,6-11H2,1-5H3	(2S)-1,3,4,5,6,7-Hexahydro-1,1,5,5-tetramethyl-2H-2,4a-methanonaphthalene-8-methyl acetate	CC(=O)OCC1=C2C(C3CCC2(C3)C(CC1)(C)C)(C)C	4.30000019	112745;14543882;92256470	PubChem:(112745 14543882 92256470);NORMAN:(NS00012554)	262146
24	1	N/A	-133.0412542431687	C18H28O2	[M - H2O + H]+	QDMHHKINLKEGLI	InChI=1S/C18H28O2/c1-13-6-9-16-17(3,12-19)10-5-11-18(16,4)15(13)8-7-14(2)20/h7-8,15-16,19H,1,5-6,9-12H2,2-4H3	(E)-4-[(1S,4aR,5R,8aS)-5-(hydroxymethyl)-5,8a-dimethyl-2-methylidene-3,4,4a,6,7,8-hexahydro-1H-naphthalen-1-yl]but-3-en-2-one	CC(=O)C=CC1C(=C)CCC2C1(CCCC2(C)CO)C	3.5999999	10660117;21668712	COCONUT:(CNP0290410);Natural Products:(UNPD160458);PubChem:(10660117 21668712);SuperNatural:(SN00302470)	3178498
25	1	N/A	-135.5173178891758	C18H28O2	[M - H2O + H]+	IBHQSODTBQCZDA	InChI=1S/C18H28O2/c1-18-9-8-14-13-5-3-12(19)10-11(13)2-4-15(14)16(18)6-7-17(18)20/h12,14-17,19-20H,2-10H2,1H3	3,17-Dihydroxy-5-estrene	CC12CCC3C(C1CCC2O)CCC4=C3CCC(C4)O	2.5999999	21093;57138;9814177;9878704;9921702;9943497;23618367;23623204;57369713;69853429;124225454;124225455;124225456;124306204;131700533;131706107;133688148;134688584	MeSH:(57138 9814177 23623204);PubChem:(21093 57138 9814177 9878704 9921702 9943497 23618367 23623204 57369713 69853429 124225454 124225455 124225456 124306204 131700533 131706107 133688148 134688584);PubMed;KEGG Mine	8589934662
26	1	N/A	-135.76822394796403	C18H28O2	[M - H2O + H]+	IJTNSXPMYKJZPR	InChI=1S/C18H28O2/c1-2-3-4-5-6-7-8-9-10-11-12-13-14-15-16-17-18(19)20/h3-10H,2,11-17H2,1H3,(H,19,20)	Parinaric acid	CCC=CC=CC=CC=CCCCCCCCC(=O)O	5.46570683	107981;5282838;5312509;5320416;5460991;5460993;5460995;12313969;9970695;10378843;35025837;88113245;87119813;101625845;118433567	SuperNatural:(SN00226753 SN00370177 SN00160559);additional;MeSH:(107981 5282838 5460995);PubMed;NORMAN:(NS00010558);COCONUT:(CNP0043971 CNP0076398 CNP0308184);Natural Products:(UNPD65715 UNPD84103 UNPD88186);PubChem:(107981 5282838 5312509 5320416 5460991 5460993 5460995 12313969 9970695 10378843 35025837 88113245 87119813 101625845 118433567);CHEBI:(32408 32416 32410 32409 32414);PubChem class - safety and toxic;Training Set;PubChem class - drug;Biocyc:(CPD-17408);KEGG Mine	8694581350
27	1	N/A	-136.0545172110925	C18H28O2	[M - H2O + H]+	OJBBVRWULKDROR	InChI=1S/C18H28O2/c1-3-4-5-6-7-8-9-10-11-12-13-14-15-16-17-20-18(2)19/h3-5,8-9,12-17H2,1-2H3	Hexadeca-7,11-diynyl acetate	CCCCC#CCCC#CCCCCCCOC(=O)C	5.5	112805	PubChem:(112805);NORMAN:(NS00055328)	262146
28	1	N/A	-137.02898380035077	C18H28O2	[M - H2O + H]+	IYOMABBTSBKXGO	InChI=1S/C18H28O2/c1-12-7-8-15-17(3,4)9-6-10-18(15,5)16(12)14(20)11-13(2)19/h7,11,15-16,20H,6,8-10H2,1-5H3	null	CC1=CCC2C(CCCC2(C1C(=CC(=O)C)O)C)(C)C	4.69999981	23427522	COCONUT:(CNP0158919);Natural Products:(UNPD173429);PubChem:(23427522);SuperNatural:(SN00394745)	3178498
29	1	N/A	-139.63990874936343	C18H28O2	[M - H2O + H]+	IXEHFJJSVBVZHI	InChI=1S/C18H28O2/c19-18(20)16-12-7-5-3-1-2-4-6-9-13-17-14-10-8-11-15-17/h8,10-11,14-15H,1-7,9,12-13,16H2,(H,19,20)	12-phenyldodecanoate	C1=CC=C(C=C1)CCCCCCCCCCCC(=O)O	5.97412825	1550347;151922	COCONUT:(CNP0065256 CNP0118504);Natural Products:(UNPD22645);PubChem:(1550347 151922);SuperNatural:(SN00050604);ZINC bio:(ZINC01641890);MeSH:(151922);PubChem class - safety and toxic;PubMed	70295622
30	1	N/A	-141.2778268584593	C18H28O2	[M - H2O + H]+	WXTWOJBDAKYXLP	InChI=1S/C18H28O2/c1-13-6-5-7-15(10-11-20-14(2)19)16-12-18(3,4)17(16)9-8-13/h6-7,16-17H,5,8-12H2,1-4H3	2-(6,10,10-Trimethylbicyclo(7.2.0)undeca-2,5-dien-2-yl)ethyl acetate	CC1=CCC=C(C2CC(C2CC1)(C)C)CCOC(=O)C	4.19999981	166399;6441362	PubChem:(166399 6441362);NORMAN:(NS00059118)	262146
31	1	N/A	-141.34198274137765	C18H28O2	[M - H2O + H]+	WOSWLPBJUVEXMK	InChI=1S/C18H28O2/c1-14(2)12-18(20)13-16(4)10-6-8-15(3)9-7-11-17(5)19/h9-10,12H,6-8,11,13H2,1-5H3	null	CC(=CC(=O)CC(=CCCC(=CCCC(=O)C)C)C)C	4.4000001	23426805	COCONUT:(CNP0323328);Natural Products:(UNPD63915);PubChem:(23426805);SuperNatural:(SN00246107)	3178498
32	1	N/A	-142.2448557011771	C18H28O2	[M - H2O + H]+	UOUIARGWRPHDBX	InChI=1S/C18H28O2/c1-18-9-8-14-13-5-3-12(19)10-11(13)2-4-15(14)16(18)6-7-17(18)20/h11-16,19H,2-10H2,1H3	19-Norandrosterone	CC12CCC3C4CCC(CC4CCC3C1CCC2=O)O	3.90909338	623875;128251;9548753;10891128;10016318;14009228;14009229;14009230;11778226;10446174;16679839;16679840;22795659;54364458;54364459;54364460;57507587;78319060;76333108;91011246;90349978;90350332;91193835;129850004;132049754;131878458	HMDB:(2697 5886);SuperNatural:(SN00320673 SN00284359);ZINC bio:(ZINC06067691 ZINC06067693);additional;MeSH:(128251 9548753 14009228);PubMed;NORMAN:(NS00010272);COCONUT:(CNP0258694);Natural Products:(UNPD38937 UNPD148438);PubChem:(623875 128251 9548753 10891128 10016318 14009228 14009229 14009230 11778226 10446174 16679839 16679840 22795659 54364458 54364459 54364460 57507587 78319060 76333108 91011246 90349978 90350332 91193835 129850004 132049754 131878458);CHEBI:(36412);PubChem class - bio and metabolites;Training Set;KEGG Mine	8610701422
33	1	N/A	-143.08467984490528	C18H28O2	[M - H2O + H]+	ONYHYSLZNLJFHX	InChI=1S/C18H28O2/c1-2-3-4-5-6-7-8-9-10-11-12-13-14-15-16-17-18(19)20/h5-8H,2-4,11-17H2,1H3,(H,19,20)	11E,13E-octadecadien-9-ynoic acid	CCCCC=CC=CC#CCCCCCCCC(=O)O	6.0999999	5312641;129730692;131751554	COCONUT:(CNP0261611);HMDB:(34382);Natural Products:(UNPD184323);PubChem:(5312641 129730692 131751554);PubChem class - bio and metabolites	18907146
34	1	N/A	-143.11937547393936	C18H28O2	[M - H2O + H]+	CMXKUJNZWYTFJN	InChI=1S/C18H28O2/c1-18-9-8-14-13-5-3-12(19)10-11(13)2-4-15(14)16(18)6-7-17(18)20/h10,12-17,19-20H,2-9H2,1H3	Estren	CC12CCC3C(C1CCC2O)CCC4=CC(CCC34)O	3.66244984	25440;9814176;9835303;9838481;9921701;9965410;11208152;10333689;16760418;29926901;29933827;45358333;57170420;69827784;69828246;71314186;124910848;124917069;131708155;134688474	COCONUT:(CNP0021647);PubChem:(25440 9814176 9835303 9838481 9921701 9965410 11208152 10333689 16760418 29926901 29933827 45358333 57170420 69827784 69828246 71314186 124910848 124917069 131708155 134688474);MeSH:(9835303 9921701 16760418 134688474);PubChem class - safety and toxic;PubMed;KEGG Mine	8659140678
35	1	N/A	-149.2468057244621	C18H28O2	[M - H2O + H]+	LUXFAZPVINNUAJ	InChI=1S/C18H28O2/c1-14(2)12-18(20)13-16(4)10-6-8-15(3)9-7-11-17(5)19/h9,12-13H,6-8,10-11H2,1-5H3	null	CC(=CC(=O)C=C(C)CCCC(=CCCC(=O)C)C)C	4.80000019	23426804	COCONUT:(CNP0258501);Natural Products:(UNPD135932);PubChem:(23426804);SuperNatural:(SN00265456)	3178498
36	1	N/A	-149.55966632445887	C18H28O2	[M - H2O + H]+	ZEVMIZQHKILAPM	InChI=1S/C18H28O2/c1-2-3-4-5-6-7-8-9-10-11-12-13-14-15-16-17-18(19)20/h5-6,8-9,11-14H,2-4,7,10,15-17H2,1H3,(H,19,20)	null	CCCCC=CCC=CCC=CC=CCCCC(=O)O	5.46570683	""	COCONUT:(CNP0110394);Natural Products:(UNPD213943 UNPD137223)	2129920
37	1	N/A	-150.06746315683756	C18H28O2	[M - H2O + H]+	SLXBQEDLVODPNT	InChI=1S/C18H28O2/c1-3-5-6-7-8-9-10-11-12-13-14-15-16-17-18(19)20-4-2/h3,6-7,9-10,12-13H,1,4-5,8,11,14-17H2,2H3	null	CCOC(=O)CCCCC=CCC=CCC=CCC=C	5.19999981	90659847	PubChem:(90659847);CHEBI:(84935)	34
38	1	N/A	-151.37273700714326	C18H28O2	[M - H2O + H]+	DNOBNGNBPVOMLW	InChI=1S/C18H28O2/c1-2-3-4-5-6-7-8-9-10-11-12-13-14-15-16-17-18(19)20/h3-4,6-7,9-10,13-14H,2,5,8,11-12,15-17H2,1H3,(H,19,20)	5,9,12,15-octadecatetraenoic acid	CCC=CCC=CCC=CCCC=CCCCC(=O)O	5.0	5312506;13751481;53769418;90658025;131839806	COCONUT:(CNP0172224);Natural Products:(UNPD208184 UNPD213766 UNPD85419);PubChem:(5312506 13751481 53769418 90658025 131839806);SuperNatural:(SN00233915);CHEBI:(86135);MeSH:(13751481);PubMed;Biocyc:(CPD-14868)	3180646
39	1	N/A	-154.9484268183644	C18H28O2	[M - H2O + H]+	SIVLURJESSFFDP	InChI=1S/C18H28O2/c1-2-3-4-5-6-7-8-9-10-11-12-13-14-15-16-17-18(19)20/h3-4,6-7,10-11,14-15H,2,5,8-9,12-13,16-17H2,1H3,(H,19,20)	4,8,12,15-octadecatetraenoic acid	CCC=CCC=CCCC=CCCC=CCCC(=O)O	4.9000001	5282836;20055155;54307922;131751278	COCONUT:(CNP0149777);HMDB:(32672);Natural Products:(UNPD73533 UNPD181879);PubChem:(5282836 20055155 54307922 131751278);SuperNatural:(SN00363343 SN00281279);PubChem class - bio and metabolites	19955722
40	1	N/A	-156.22253429434517	C18H28O2	[M - H2O + H]+	PORPGKSIWVNTJC	InChI=1S/C18H28O2/c1-2-3-4-5-6-7-8-9-10-11-12-13-14-15-16-17-18(19)20/h8-15H,2-7,16-17H2,1H3,(H,19,20)	null	CCCCCCCC=CC=CC=CC=CCCC(=O)O	5.46570683	""	COCONUT:(CNP0262147);Natural Products:(UNPD160108)	2129920
41	1	N/A	-156.77669722538573	C18H28O2	[M - H2O + H]+	VVUQRXPUVKXAIO	InChI=1S/C18H28O2/c1-18-9-8-14-13-5-3-12(19)10-11(13)2-4-15(14)16(18)6-7-17(18)20/h2,12-17,19-20H,3-10H2,1H3	D5-Estrene-3b,17b-diol	CC12CCC3C4CCC(CC4=CCC3C1CCC2O)O	2.79999995	9814178;9856842;9878705;9900246;23623203;23297355;68208504;89732700	COCONUT:(CNP0322798);HMDB:(4590);PubChem:(9814178 9856842 9878705 9900246 23623203 23297355 68208504 89732700);SuperNatural:(SN00216348);CHEBI:(138778);ZINC bio:(ZINC12496354);PubChem class - bio and metabolites;PubMed	19931242
42	1	N/A	-159.00755662542056	C18H28O2	[M - H2O + H]+	YZQVZNIBOPZYDK	InChI=1S/C18H28O2/c19-17-15-13-11-9-7-5-3-1-2-4-6-8-10-12-14-16-18-20/h1-2,10,12,14,16,19-20H,3-5,7,9,11,13,15,17-18H2	null	C(CCCCO)CCCC=CCC#CC=CC=CCO	4.5	44613550	COCONUT:(CNP0308726);Natural Products:(UNPD82313);PubChem:(44613550);PubMed	2129986
43	1	N/A	-159.95571988716162	C18H28O2	[M - H2O + H]+	WHZFYNOZQWGAQX	InChI=1S/C18H28O2/c1-13-7-6-8-14(2)18(13,5)10-9-17(4)12-16(19)11-15(3)20-17/h7,11,14H,6,8-10,12H2,1-5H3	Sollasin E	CC1CCC=C(C1(C)CCC2(CC(=O)C=C(O2)C)C)C	4.0	9970696	COCONUT:(CNP0199401);Natural Products:(UNPD190101);PubChem:(9970696);SuperNatural:(SN00251572);PubMed	3178562
44	1	N/A	-162.20293061418795	C18H28O2	[M - H2O + H]+	GODPUQPTJYDDHR	InChI=1S/C18H28O2/c1-2-3-4-5-6-7-8-9-10-11-12-13-14-15-16-17-18(19)20/h3-4,7-8,10-11,14-15H,2,5-6,9,12-13,16-17H2,1H3,(H,19,20)	(4E,8E,11E,15E)-octadeca-4,8,11,15-tetraenoic Acid	CCC=CCCC=CCC=CCCC=CCCC(=O)O	4.9000001	5315978;53420802	COCONUT:(CNP0231604 CNP0264749);PubChem:(5315978 53420802);SuperNatural:(SN00158088)	3145730
45	1	N/A	-163.98717332041997	C18H28O2	[M - H2O + H]+	ANPXCNWSCGYEMA	InChI=1S/C18H28O2/c1-11(19)20-10-12-6-7-15(2,3)17-9-13-8-14(17)18(12,17)16(13,4)5/h12-14H,6-10H2,1-5H3	(7,7,8,8-tetramethyloctahydro-2,3b-methanocyclopenta[1,3]cyclopropa[1,2]benzen-4-yl)methyl acetate	CC(=O)OCC1CCC(C23C14C2CC(C3)C4(C)C)(C)C	4.5999999	100938;91747171	NORMAN:(NS00013070);PubChem class - safety and toxic;PubChem:(100938 91747171)	67371010
46	1	N/A	-164.9841487591959	C18H28O2	[M - H2O + H]+	APNQQQRDLMWNLM	InChI=1S/C18H28O2/c1-4-5-6-7-8-9-10-11-12-16-13-17(19)14(2)15(3)18(16)20/h13H,4-12H2,1-3H3	Decylplastoquinone	CCCCCCCCCCC1=CC(=O)C(=C(C1=O)C)C	5.61868572	5158539	PubChem:(5158539);CHEBI:(72953);MeSH:(5158539);PubChem class - safety and toxic;PubMed;Biocyc:(CPD-17761)	67111014
47	1	N/A	-168.41966452178863	C18H28O2	[M - H2O + H]+	GKYMEBBVOZBYSE	InChI=1S/C18H28O2/c1-12(19)20-11-8-14-13-6-7-15-16(13)17(2,3)9-5-10-18(14,15)4/h8,13,15-16H,5-7,9-11H2,1-4H3	Acetoxymethyllongifolene	CC(=O)OCC=C1C2CCC3C2C(CCCC31C)(C)C	4.5999999	119610;6438170;20839056;101829421;122362178	PubChem:(119610 6438170 20839056 101829421 122362178);NORMAN:(NS00051166)	262146
48	1	N/A	-172.663265485179	C18H28O2	[M - H2O + H]+	YDFIZHXVIYIJCO	InChI=1S/C18H28O2/c1-3-4-5-6-7-8-9-10-11-12-13-14-15-16-17-18(19)20-2/h3,8-9H,1,4-7,12-17H2,2H3	null	COC(=O)CCCCCCC#CC=CCCCCC=C	5.80000019	129726044	COCONUT:(CNP0130041);Natural Products:(UNPD60473 UNPD220633 UNPD207382);PubChem:(129726044)	2129922
49	1	N/A	-177.31846805703452	C18H28O2	[M - H2O + H]+	DDMQLUJPAGWJOB	InChI=1S/C18H28O2/c1-2-3-4-5-6-7-11-14-18(19)20-16-15-17-12-9-8-10-13-17/h8-10,12-13H,2-7,11,14-16H2,1H3	Phenethyl decanoate	CCCCCCCCCC(=O)OCCC1=CC=CC=C1	6.0999999	112733	NORMAN:(NS00022518);COCONUT:(CNP0003216);HMDB:(32464);PubChem class - food;PubChem:(112733);PubChem class - bio and metabolites;PubChem class - safety and toxic	220463114
50	1	N/A	-177.5179411040378	C18H28O2	[M - H2O + H]+	IMRRTMCIGNGCAG	InChI=1S/C18H28O2/c1-12-15-10-14-8-7-13(6-4-5-9-19)18(15,11-16(12)20)17(14,2)3/h13-14,19H,4-11H2,1-3H3	null	CC1=C2CC3CCC(C2(C3(C)C)CC1=O)CCCCO	3.85569143	""	COCONUT:(CNP0094892);SuperNatural:(SN00171041)	3145728
51	1	N/A	-184.0953826851734	C18H28O2	[M - H2O + H]+	BUWRZRKJRCFAGA	InChI=1S/C18H28O2/c1-13(7-6-8-14(2)19)9-10-16-15(3)17(20)11-12-18(16,4)5/h7,9-10,14,19H,6,8,11-12H2,1-5H3	null	CC1=C(C(CCC1=O)(C)C)C=CC(=CCCC(C)O)C	4.0	44521071	COCONUT:(CNP0214104);Natural Products:(UNPD122185 UNPD154187);PubChem:(44521071);SuperNatural:(SN00327936 SN00232642)	3178498
52	1	N/A	-184.2923507894275	C18H28O2	[M - H2O + H]+	FZRBKIRIBLNOAM	InChI=1S/C18H28O2/c1-6-13-20-18(19)14-17(5)12-8-11-16(4)10-7-9-15(2)3/h1,8,12,14-16H,7,9-11,13H2,2-5H3	Kinopren	CC(C)CCCC(C)CC=CC(=CC(=O)OCC#C)C	6.0	37852;6434236;9838482;18772461;76957736;93939550;125183200;134688560	NORMAN:(NS00004731);COCONUT:(CNP0320963);PubChem:(37852 6434236 9838482 18772461 76957736 93939550 125183200 134688560);CHEBI:(39243);additional;MeSH:(37852 6434236);KEGG:(C19042);PubChem class - safety and toxic;Training Set;PubMed	70009190
53	1	N/A	-188.54277831048475	C18H28O2	[M - H2O + H]+	OEYUUCWCJJESQQ	InChI=1S/C18H28O2/c1-20-18(19)16-12-7-5-3-2-4-6-9-13-17-14-10-8-11-15-17/h8,10-11,14-15H,2-7,9,12-13,16H2,1H3	null	COC(=O)CCCCCCCCCCC1=CC=CC=C1	5.93464375	10660115	PubChem:(10660115);COCONUT:(CNP0080397)	2097154
54	1	N/A	-189.91099444352966	C18H28O2	[M - H2O + H]+	MPZCKSXAXSTSKM	InChI=1S/C18H28O2/c1-6-16(19)18-14(9-11(2)3)10-13(5)15(18)8-7-12(4)17(18)20/h9,12-15H,6-8,10H2,1-5H3	Elisabethin C	CCC(=O)C12C(CCC(C1=O)C)C(CC2C=C(C)C)C	4.5	404630	COCONUT:(CNP0317714);Natural Products:(UNPD77708);PubChem:(404630);SuperNatural:(SN00295348)	3178498
55	1	N/A	-195.92064122020983	C18H28O2	[M - H2O + H]+	IJDSUFQMYUARCQ	InChI=1S/C18H28O2/c1-15(2)6-12-7-17(5)9-16(3,4)10-18(20,11-17)14(12)13(19)8-15/h20H,6-11H2,1-5H3	Diisophorone	CC1(CC2=C(C(=O)C1)C3(CC(CC(C2)(C3)C)(C)C)O)C	3.20000005	609628;825365;825366;825367;825368	MeSH:(609628);PubChem:(609628 825365 825366 825367 825368);PubMed	70
56	1	N/A	-197.18408989376684	C18H28O2	[M - H2O + H]+	ZLNHKBABSKKKMS	InChI=1S/C18H28O2/c1-15(2)8-7-9-16(3)12-13-20-18(19)14-17-10-5-4-6-11-17/h4-6,10-11,15-16H,7-9,12-14H2,1-3H3	3,7-Dimethyloctyl phenylacetate	CC(C)CCCC(C)CCOC(=O)CC1=CC=CC=C1	5.47732687	106936	PubChem:(106936);NORMAN:(NS00055801)	262146
57	1	N/A	-198.77278257986757	C18H28O2	[M - H2O + H]+	ZPORCTAUIXXZAI	InChI=1S/C18H28O2/c1-2-3-4-5-6-7-8-9-13-16-18(19)20-17-14-11-10-12-15-17/h10-12,14-15H,2-9,13,16H2,1H3	Phenyl laurate	CCCCCCCCCCCC(=O)OC1=CC=CC=C1	6.80000019	77903	PubChem:(77903);NORMAN:(NS00031148)	262146
58	1	N/A	-200.03538603634155	C18H28O2	[M - H2O + H]+	SJERAYZFFRGWJK	InChI=1S/C18H28O2/c1-11-13-4-3-12-9-18(2,17-10-20-17)8-7-14(12)15(13)5-6-16(11)19/h12-17,19H,1,3-10H2,2H3	null	CC1(CCC2C(C1)CCC3C2CCC(C3=C)O)C4CO4	3.4000001	134716632	PubChem:(134716632);CHEBI:(141820)	34
59	1	N/A	-204.03134326987416	C18H28O2	[M - H2O + H]+	FFYQDBBQFAYIDR	InChI=1S/C18H28O2/c1-10-7-6-8-14-9-11(2)17(18(5)13(4)20-18)16(12(3)19)15(10)14/h9-10,13-17H,6-8H2,1-5H3	null	CC1CCCC2C1C(C(C(=C2)C)C3(C(O3)C)C)C(=O)C	3.29999995	132594644	PubChem:(132594644);COCONUT:(CNP0282602)	2097154
60	1	N/A	-215.2959818817601	C18H28O2	[M - H2O + H]+	AEOCGZGNXNIVTO	InChI=1S/C18H28O2/c1-2-3-11-14-17-15-12-9-7-5-4-6-8-10-13-16-18(19)20-17/h3,7,9,11-12,15,17H,2,4-6,8,10,13-14,16H2,1H3	null	CCC=CCC1C=CC=CCCCCCCCC(=O)O1	5.9000001	23655270;91561143	COCONUT:(CNP0302923);Natural Products:(UNPD59307);PubChem:(23655270 91561143);SuperNatural:(SN00387370);PubMed	3178562
61	1	N/A	-217.23091016584502	C18H28O2	[M - H2O + H]+	AVKQYWUBGXNBCW	InChI=1S/C18H28O2/c1-2-3-4-5-6-7-8-9-16-10-12-17(13-11-16)19-14-18-15-20-18/h10-13,18H,2-9,14-15H2,1H3	ACMC-20aksx	CCCCCCCCCC1=CC=C(C=C1)OCC2CO2	6.19999981	61374;92168502;92168503	NORMAN:(NS00044155);PubChem class - safety and toxic;PubChem:(61374 92168502 92168503)	67371010
62	1	N/A	-218.30231464335088	C18H28O2	[M - H2O + H]+	ZXXZNGHSKXHZPG	InChI=1S/C18H28O2/c1-6-18(19)20-15-7-12(4)16-9-14(11(2)3)10-17(16)13(5)8-15/h7,13,15-17H,6,8-10H2,1-5H3	1,2,3,3a,4,5,6,8a-Octahydro-2-isopropylidene-4,8-dimethylazulen-6-yl propionate	CCC(=O)OC1CC(C2CC(=C(C)C)CC2C(=C1)C)C	4.0	112053	PubChem:(112053);NORMAN:(NS00055297)	262146
63	1	N/A	-220.40720308136147	C18H28O2	[M - H2O + H]+	MPKOLWUWOADQCX	InChI=1S/C18H28O2/c1-4-7-9-14-17(18(19-5-2)20-6-3)15-16-12-10-8-11-13-16/h8,10-13,15,18H,4-7,9,14H2,1-3H3	2-Diethoxymethyl-1-phenylhept-1-ene	CCCCCC(=CC1=CC=CC=C1)C(OCC)OCC	5.5999999	108505;5875676;69333897	NORMAN:(NS00011960);PubChem class - safety and toxic;PubChem:(108505 5875676 69333897)	67371010
64	1	N/A	-227.50922551484433	C18H28O2	[M - H2O + H]+	WNISWKAEAPQCJQ	InChI=1S/C18H28O2/c1-2-3-4-5-6-7-8-11-16-12-9-10-13-18(16)20-15-17-14-19-17/h9-10,12-13,17H,2-8,11,14-15H2,1H3	((o-Nonylphenoxy)methyl)oxirane	CCCCCCCCCC1=CC=CC=C1OCC2CO2	6.19999981	5744287	PubChem:(5744287);NORMAN:(NS00065604)	262146
65	1	N/A	-228.7893547632995	C18H28O2	[M - H2O + H]+	CIUVHSRFRVWPDP	InChI=1S/C18H28O2/c1-4-5-6-7-8-9-10-11-12-13-14-18(3)15-16(2)17(19)20-18/h11-14H,2,4-10,15H2,1,3H3	Plakolide A	CCCCCCCCC=CC=CC1(CC(=C)C(=O)O1)C	6.19999981	641587;11608815;11437352;20979960	COCONUT:(CNP0161804);KNApSAcK:(43822);Natural Products:(UNPD27977);PubChem:(641587 11608815 11437352 20979960);SuperNatural:(SN00257023);MeSH:(641587);PubMed	3178582
66	1	N/A	-255.14012829147674	C18H28O2	[M - H2O + H]+	APKNJXZVSIVSTO	InChI=1S/C18H28O2/c1-15(2)14-12-7-8-13-6-5-9-17(13,14)18(19,11-20-4)16(15,3)10-12/h7-8,12-14,19H,5-6,9-11H2,1-4H3	null	CC1(C2C3CC1(C(C24CCCC4C=C3)(COC)O)C)C	2.98123026	""	COCONUT:(CNP0087797);SuperNatural:(SN00170141)	3145728
67	1	N/A	-255.65437714512538	C18H28O2	[M - H2O + H]+	GKULZSGLUGVHKX	InChI=1S/C18H28O2/c1-9-15(19)20-16-13(17(3,4)5)10-12(2)11-14(16)18(6,7)8/h10-11H,9H2,1-8H3	(2,6-ditert-butyl-4-methylphenyl) propanoate	CCC(=O)OC1=C(C=C(C=C1C(C)(C)C)C)C(C)(C)C	5.9000001	5105672	PubChem:(5105672);PubChem class - safety and toxic	67108866
68	1	N/A	-259.8200526401881	C18H28O2	[M - H2O + H]+	QNEAJARGVHIUBG	InChI=1S/C18H28O2/c1-13(2)16-5-4-14(3)18(12-16)15-6-8-17(9-7-15)20-11-10-19/h6-9,13-14,16,18-19H,4-5,10-12H2,1-3H3	p-Menthanylphenyl polyoxyethylene ether	CC1CCC(CC1C2=CC=C(C=C2)OCCO)C(C)C	5.0	65408	MeSH:(65408);PubChem:(65408);PubMed	70
69	1	N/A	-262.20766657249635	C18H28O2	[M - H2O + H]+	LQWPEACAJAMZQF	InChI=1S/C18H28O2/c1-2-3-4-5-6-7-8-9-10-11-18(20)16-12-14-17(19)15-13-16/h12-15,19H,2-11H2,1H3	4''-Hydroxydodecanophenone	CCCCCCCCCCCC(=O)C1=CC=C(C=C1)O	6.4000001	585917	PubChem class - safety and toxic;PubChem:(585917);PubMed	67108930
70	1	N/A	-275.9055226469623	C18H28O2	[M - H2O + H]+	SJMCEMOUZGZCON	InChI=1S/C18H28O2/c1-6-8-15(9-7-2)18(19)20-17-12-14(5)10-11-16(17)13(3)4/h10-13,15H,6-9H2,1-5H3	Thymyl 2-propylvalerate	CCCC(CCC)C(=O)OC1=C(C=CC(=C1)C)C(C)C	6.17391491	207506	PubChem:(207506);PubChem class - safety and toxic	67108866
71	1	N/A	-281.7201405732684	C18H28O2	[M - H2O + H]+	IUDMBDWVRIJRDE	InChI=1S/C18H28O2/c1-6-8-15(9-7-2)18(19)20-17-12-16(13(3)4)11-10-14(17)5/h10-13,15H,6-9H2,1-5H3	Carvacryl 2-propylvalerate	CCCC(CCC)C(=O)OC1=C(C=CC(=C1)C(C)C)C	6.0	207507	PubChem:(207507);PubChem class - safety and toxic	67108866
72	1	N/A	-319.06741317808286	C18H28O2	[M - H2O + H]+	RMZUHPQNJVYTSB	InChI=1S/C18H28O2/c1-13(2)10-19-12-16(6)17-8-7-15(5)9-18(17)20-11-14(3)4/h7-9,13-14H,6,10-12H2,1-5H3	null	CC1=CC(=C(C=C1)C(=C)COCC(C)C)OCC(C)C	4.97226667	""	COCONUT:(CNP0137108);Natural Products:(UNPD195137)	2129920
73	1	N/A	-329.90395173284287	C18H28O2	[M - H2O + H]+	WPKSHCKNVIUZMF	InChI=1S/C18H28O2/c1-2-3-4-5-6-7-8-9-10-11-16-12-13-17-18(14-16)20-15-19-17/h12-14H,2-11,15H2,1H3	5-undecyl-1,3-benzodioxole	CCCCCCCCCCCC1=CC2=C(C=C1)OCO2	6.64659023	5315124	COCONUT:(CNP0420488);PubChem:(5315124);SuperNatural:(SN00169033)	3145730