structureRankPerFormula	formulaRank	ConfidenceScore	CSI:FingerIDScore	molecularFormula	adduct	InChIkey2D	InChI	name	smiles	xlogp	pubchemids	links	dbflags
1	1	N/A	-187.74444755513193	C15H17NO4	[M - H2O + H]+	DRKWUQGWCYRVJI	InChI=1S/C15H17NO4/c17-9-3-1-2-4-14(10-15(19)20)16-13-7-5-12(11-18)6-8-13/h1-8,11,14,16-17H,9-10H2,(H,19,20)	null	C1=CC(=CC=C1C=O)NC(CC(=O)O)C=CC=CCO	1.70000005	38355657;38355663;44715362	COCONUT:(CNP0029548 CNP0140753);PubChem:(38355657 38355663 44715362);SuperNatural:(SN00029337 SN00029338);ZINC bio:(ZINC31162593 ZINC31162597);additional;Training Set	3694594
2	1	N/A	-190.6246273285586	C15H17NO4	[M - H2O + H]+	OCBLUPJLUUEJLO	InChI=1S/C15H17NO4/c1-3-19-14(17)13(15(18)20-4-2)12(10-16)11-8-6-5-7-9-11/h5-9,12-13H,3-4H2,1-2H3	diethyl [cyano(phenyl)methyl]propanedioate	CCOC(=O)C(C(C#N)C1=CC=CC=C1)C(=O)OCC	2.29999995	658508;1811953;1811954	PubChem class - safety and toxic;PubChem:(658508 1811953 1811954);PubMed	67108930
3	1	N/A	-210.95119639899548	C15H17NO4	[M - H2O + H]+	OPJGBIZKNKLMSX	InChI=1S/C15H17NO4/c1-10-6-4-5-7-13(10)16(14(19)8-11(2)17)15(20)9-12(3)18/h4-7H,8-9H2,1-3H3	Diacetoacetato-o-toluidide	CC1=CC=CC=C1N(C(=O)CC(=O)C)C(=O)CC(=O)C	1.10000002	99552	PubChem:(99552);NORMAN:(NS00036750)	262146
4	1	N/A	-238.60828659369116	C15H17NO4	[M - H2O + H]+	RYJWSNUDETVRFF	InChI=1S/C15H17NO4/c1-10(18)2-7-14-13(8-15(19)20-14)16-12-5-3-11(9-17)4-6-12/h2-7,9-10,13-14,16,18H,8H2,1H3	Obscurolide A2	CC(C=CC1C(CC(=O)O1)NC2=CC=C(C=C2)C=O)O	1.10000002	126827;5467708;25719091;25719093;51410168;51410171;51416632;51416633	COCONUT:(CNP0369380);Natural Products:(UNPD140365);PubChem:(126827 5467708 25719091 25719093 51410168 51410171 51416632 51416633);SuperNatural:(SN00036527 SN00011519 SN00011521 SN00036524 SN00036525 SN00013644 SN00013645 SN00036526);ZINC bio:(ZINC05141467 ZINC05141661 ZINC05733770 ZINC05733774 ZINC13125788 ZINC13125789 ZINC13125790 ZINC13125791);additional;MeSH:(5467708);Training Set;PubMed	3727430
5	1	N/A	-242.2949407785689	C15H17NO4	[M - H2O + H]+	RUJFAYQEVZESOH	InChI=1S/C15H17NO4/c1-2-3-13(18)15-12(8-14(19)20-15)16-11-6-4-10(9-17)5-7-11/h2-7,9,12-13,15-16,18H,8H2,1H3	null	CC=CC(C1C(CC(=O)O1)NC2=CC=C(C=C2)C=O)O	1.89999998	101656827	COCONUT:(CNP0280846);Natural Products:(UNPD78069);PubChem:(101656827);SuperNatural:(SN00229716)	3178498
6	1	N/A	-255.7679276368682	C15H17NO4	[M - H2O + H]+	AKJKGSPZKUCMLG	InChI=1S/C15H17NO4/c1-15(2)19-13(17)12(14(18)20-15)9-10-5-7-11(8-6-10)16(3)4/h5-9H,1-4H3	Ambcb5112654	CC1(OC(=O)C(=CC2=CC=C(C=C2)N(C)C)C(=O)O1)C	2.9000001	332919	COCONUT:(CNP0037553);PubChem:(332919);SuperNatural:(SN00117280);ZINC bio:(ZINC00119001);PubChem class - safety and toxic;PubMed	70262850
7	1	N/A	-256.1561979465237	C15H17NO4	[M - H2O + H]+	FOCFNVJDEWZINJ	InChI=1S/C15H17NO4/c1-10(18)2-7-14-13(8-15(19)20-14)16-12-5-3-11(9-17)4-6-12/h3-6,9,13-14,16H,2,7-8H2,1H3	null	CC(=O)CCC1C(CC(=O)O1)NC2=CC=C(C=C2)C=O	1.10000002	101656831	COCONUT:(CNP0192079);Natural Products:(UNPD108235);PubChem:(101656831);SuperNatural:(SN00361749)	3178498
8	1	N/A	-262.85236707762334	C15H17NO4	[M - H2O + H]+	ZJCSSAVUFFCYCC	InChI=1S/C15H17NO4/c1-2-20-15(19)12-8-14(18)16(10-13(12)17)9-11-6-4-3-5-7-11/h3-7,17H,2,8-10H2,1H3	ethyl 1-benzyl-3-hydroxy-6-oxo-2,5-dihydropyridine-4-carboxylate	CCOC(=O)C1=C(CN(C(=O)C1)CC2=CC=CC=C2)O	1.39999998	59575769	PubChem:(59575769);PubChem class - safety and toxic	67108866
9	1	N/A	-264.801587710676	C15H17NO4	[M - H2O + H]+	GLXSIKPSZVSQJO	InChI=1S/C15H17NO4/c1-3-6-16-14(17)9-19-11-4-5-12-10(2)7-15(18)20-13(12)8-11/h4-5,7-8H,3,6,9H2,1-2H3,(H,16,17)	2-(4-methyl-2-oxochromen-7-yl)oxy-N-propylacetamide	CCCNC(=O)COC1=CC2=C(C=C1)C(=CC(=O)O2)C	2.50696707	1802029	COCONUT:(CNP0377007);PubChem:(1802029);SuperNatural:(SN00062633);ZINC bio:(ZINC02151915)	3153922
10	1	N/A	-269.79219760664506	C15H17NO4	[M - H2O + H]+	YTLMIHBTPWTPEV	InChI=1S/C15H17NO4/c1-8-3-9(2)15(20)11(4-8)12(17)5-10-6-13(18)16-14(19)7-10/h3-4,10,20H,5-7H2,1-2H3,(H,16,18,19)	Actinophenol	CC1=CC(=C(C(=C1)C(=O)CC2CC(=O)NC(=O)C2)O)C	1.5	245940	COCONUT:(CNP0260134);Natural Products:(UNPD47867);PubChem:(245940);SuperNatural:(SN00036132);ZINC bio:(ZINC01689064);additional;PubChem class - safety and toxic;Training Set;PubMed	70836290
11	1	N/A	-300.26723997768113	C15H17NO4	[M - H2O + H]+	NYDZDLACUVHREM	InChI=1S/C15H17NO4/c1-10(17)16-6-4-15(5-7-16)9-13(19)12-3-2-11(18)8-14(12)20-15/h2-3,8,18H,4-7,9H2,1H3	1''-acetyl-7-hydroxyspiro[3H-chromene-2,4''-piperidine]-4-one	CC(=O)N1CCC2(CC1)CC(=O)C3=C(O2)C=C(C=C3)O	0.899999976	16394674	COCONUT:(CNP0361454);PubChem:(16394674);SuperNatural:(SN00078710);ZINC bio:(ZINC08764850)	3153922
12	1	N/A	-305.15149010897215	C15H17NO4	[M - H2O + H]+	ILGYVNBDUOSYLF	InChI=1S/C15H17NO4/c1-10(2)20-15(17)12(9-16)5-11-6-13(18-3)8-14(7-11)19-4/h5-8,10H,1-4H3	Propan-2-yl 2-cyano-3-(3,5-dimethoxyphenyl)prop-2-enoate	CC(C)OC(=O)C(=CC1=CC(=CC(=C1)OC)OC)C#N	2.9000001	4481174;6123234;93022849	COCONUT:(CNP0009871);Training Set;PubChem:(4481174 6123234 93022849)	2113538
13	1	N/A	-313.20263224079764	C15H17NO4	[M - H2O + H]+	QIAAZWPFGHTXNZ	InChI=1S/C15H17NO4/c17-14(18)12-8-4-5-9-13(12)16-15(19)20-10-11-6-2-1-3-7-11/h1-7,12-13H,8-10H2,(H,16,19)(H,17,18)	6-(phenylmethoxycarbonylamino)cyclohex-3-ene-1-carboxylic acid	C1C=CCC(C1C(=O)O)NC(=O)OCC2=CC=CC=C2	2.70000005	2733678;7157276;14320475;14320476;11886865;21356433;21356434;58915818;69694208	PubChem:(2733678 7157276 14320475 14320476 11886865 21356433 21356434 58915818 69694208);COCONUT:(CNP0023828)	2097154
14	1	N/A	-324.86483348807	C15H17NO4	[M - H2O + H]+	FQWVFPQMOJOLSZ	InChI=1S/C15H17NO4/c1-15(2)8-11(19)13-12(20-15)6-5-9(14(13)16)10(18)4-3-7-17/h3-6,17H,7-8,16H2,1-2H3	null	CC1(CC(=O)C2=C(O1)C=CC(=C2N)C(=O)C=CCO)C	1.10000002	15225569	COCONUT:(CNP0315581);HMDB:(41329);PubChem:(15225569);PubChem class - bio and metabolites	18874378
15	1	N/A	-326.9334422050538	C15H17NO4	[M - H2O + H]+	KJTVROXSLJVPOO	InChI=1S/C15H17NO4/c17-14(16-6-8-19-9-7-16)13-10-12(15(18)20-13)11-4-2-1-3-5-11/h1-5,12-13H,6-10H2	5-(morpholine-4-carbonyl)-3-phenyloxolan-2-one	C1COCCN1C(=O)C2CC(C(=O)O2)C3=CC=CC=C3	1.10000002	39082	PubChem:(39082);PubChem class - safety and toxic	67108866
16	1	N/A	-339.36868722264813	C15H17NO4	[M - H2O + H]+	VPSQCEPUUCZBBQ	InChI=1S/C15H17NO4/c1-11(17)16-13(10-12-6-4-3-5-7-12)14(18)8-9-15(19)20-2/h3-9,13H,10H2,1-2H3,(H,16,17)	2-Hexenoic acid, 5-(acetylamino)-4-oxo-6-phenyl-, methyl ester	CC(=O)NC(CC1=CC=CC=C1)C(=O)C=CC(=O)OC	1.39999998	16066793;67505109	MeSH:(67505109);PubChem:(16066793 67505109);PubMed	70
17	1	N/A	-344.9370496200936	C15H17NO4	[M - H2O + H]+	YZEYXUODTOBXBK	InChI=1S/C15H17NO4/c17-13(10-16-5-7-18-8-6-16)3-1-12-2-4-14-15(9-12)20-11-19-14/h1-4,9H,5-8,10-11H2	1-(3,4-Methylenedioxyphenyl)-4-morpholino-1-buten-3-one	C1COCCN1CC(=O)C=CC2=CC3=C(C=C2)OCO3	1.4773922	47967;6434905	PubChem:(47967 6434905);PubChem class - safety and toxic	67108866
18	1	N/A	-350.4330941596146	C15H17NO4	[M - H2O + H]+	GBMFUOJPDAIZDH	InChI=1S/C15H17NO4/c1-10(17)20-11-4-5-15-12(8-11)13(9-19-15)14(18)6-7-16(2)3/h4-5,8-9H,6-7H2,1-3H3	Oprea1_586772	CC(=O)OC1=CC2=C(C=C1)OC=C2C(=O)CCN(C)C	1.70000005	674274;7610031	PubChem:(674274 7610031);CHEBI:(94299)	34
19	1	N/A	-350.97495488620257	C15H17NO4	[M - H2O + H]+	YCWMGZCJKRLNOQ	InChI=1S/C15H17NO4/c17-15-4-2-12-1-3-13(11-14(12)20-15)19-10-7-16-5-8-18-9-6-16/h1-4,11H,5-10H2	Oprea1_063777	C1COCCN1CCOC2=CC3=C(C=C2)C=CC(=O)O3	1.50202274	4270952	COCONUT:(CNP0030750);PubChem:(4270952);PubMed	2097218
20	1	N/A	-354.36665273238276	C15H17NO4	[M - H2O + H]+	KADHWZBHHXWDKY	InChI=1S/C15H17NO4/c1-9-10(2)15(18)20-13-7-11(5-6-12(9)13)19-8-14(17)16(3)4/h5-7H,8H2,1-4H3	Oprea1_623574	CC1=C(C(=O)OC2=C1C=CC(=C2)OCC(=O)N(C)C)C	1.70000005	843235	COCONUT:(CNP0366701);PubChem:(843235);SuperNatural:(SN00045101);ZINC bio:(ZINC00374028)	3153922
21	1	N/A	-356.14800111989086	C15H17NO4	[M - H2O + H]+	IFZAWUQJQYBPBI	InChI=1S/C15H17NO4/c1-18-12-2-3-13-11(8-15(17)20-14(13)9-12)10-16-4-6-19-7-5-16/h2-3,8-9H,4-7,10H2,1H3	7-methoxy-4-(morpholin-4-ylmethyl)chromen-2-one	COC1=CC2=C(C=C1)C(=CC(=O)O2)CN3CCOCC3	1.41932535	944395;4746793	COCONUT:(CNP0347241);PubChem:(944395 4746793);SuperNatural:(SN00153348);PubMed;ZINC bio:(ZINC20274014)	3153986
22	1	N/A	-356.2547555924026	C15H17NO4	[M - H2O + H]+	NERHVUWWNSRPKK	InChI=1S/C15H17NO4/c1-8(2)16-14(18)7-12-9(3)11-5-4-10(17)6-13(11)20-15(12)19/h4-6,8,17H,7H2,1-3H3,(H,16,18)	2-(7-hydroxy-4-methyl-2-oxochromen-3-yl)-N-propan-2-ylacetamide	CC1=C(C(=O)OC2=C1C=CC(=C2)O)CC(=O)NC(C)C	1.5	6217015	COCONUT:(CNP0366581);PubChem:(6217015);SuperNatural:(SN00072812);ZINC bio:(ZINC04084334)	3153922
23	1	N/A	-357.7605876957722	C15H17NO4	[M - H2O + H]+	AFNYBTZXPMRQIV	InChI=1S/C15H17NO4/c1-4-12(17)16-11-7-6-9(3)8-10(11)14(15(16)19)20-13(18)5-2/h6-8,14H,4-5H2,1-3H3	5-Methyl-N,O-dipropionyldioxindole	CCC(=O)N1C2=C(C=C(C=C2)C)C(C1=O)OC(=O)CC	2.0999999	57494	PubChem:(57494);PubChem class - safety and toxic	67108866
24	1	N/A	-357.923752840006	C15H17NO4	[M - H2O + H]+	UTDDKRXCEFANPH	InChI=1S/C15H17NO4/c1-10-14(16-5-7-19-8-6-16)15(17)12-9-11(18-2)3-4-13(12)20-10/h3-4,9H,5-8H2,1-2H3	6-methoxy-2-methyl-3-morpholin-4-ylchromen-4-one	CC1=C(C(=O)C2=C(O1)C=CC(=C2)OC)N3CCOCC3	1.79999995	3053454	PubChem:(3053454);PubChem class - safety and toxic	67108866
25	1	N/A	-362.5862289499035	C15H17NO4	[M - H2O + H]+	XFNSDBMHJRIHTB	InChI=1S/C15H17NO4/c1-18-12-9-14-13(19-10-20-14)8-11(12)4-5-15(17)16-6-2-3-7-16/h4-5,8-9H,2-3,6-7,10H2,1H3	null	COC1=CC2=C(C=C1C=CC(=O)N3CCCC3)OCO2	2.0999999	92020008	COCONUT:(CNP0177542);Natural Products:(UNPD122544 UNPD67833);PubChem:(92020008);SuperNatural:(SN00143368)	3178498
26	1	N/A	-364.7221912562834	C15H17NO4	[M - H2O + H]+	ZSSDQYBHZQJKGP	InChI=1S/C15H17NO4/c1-8(2)5-6-20-11-7-10-12(13(19-4)9(11)3)15(18)16-14(10)17/h5,7H,6H2,1-4H3,(H,16,17,18)	null	CC1=C(C=C2C(=C1OC)C(=O)NC2=O)OCC=C(C)C	2.5	100641860	COCONUT:(CNP0203224);Natural Products:(UNPD103707);Training Set;PubChem:(100641860);additional	2670594
27	1	N/A	-367.42581444064473	C15H17NO4	[M - H2O + H]+	VOCLGIYKATVHSV	InChI=1S/C15H17NO4/c1-16(8-11-5-3-2-4-6-11)9-14-15(19)13(18)7-12(10-17)20-14/h2-7,17,19H,8-10H2,1H3	2-[[benzyl(methyl)amino]methyl]-3-hydroxy-6-(hydroxymethyl)pyran-4-one	CN(CC1=CC=CC=C1)CC2=C(C(=O)C=C(O2)CO)O	0.400000006	1478122;7249011;28907127	COCONUT:(CNP0309942);PubChem:(1478122 7249011 28907127);SuperNatural:(SN00095410);ZINC bio:(ZINC20386783)	3153922
28	1	N/A	-368.6000063973332	C15H17NO4	[M - H2O + H]+	ATESHWCIDHONSM	InChI=1S/C15H17NO4/c1-9-15(14(18)8-20-10(2)17)12-7-11(19-4)5-6-13(12)16(9)3/h5-7H,8H2,1-4H3	Oprea1_497008	CC1=C(C2=C(N1C)C=CC(=C2)OC)C(=O)COC(=O)C	2.41246915	804953	COCONUT:(CNP0276670);PubChem:(804953);SuperNatural:(SN00044841);ZINC bio:(ZINC00314062)	3153922
29	1	N/A	-368.676416196521	C15H17NO4	[M - H2O + H]+	QGLPWYHEXNFVBQ	InChI=1S/C15H17NO4/c1-4-20-15(18)9-16-10(2)7-14(17)12-8-11(19-3)5-6-13(12)16/h5-8H,4,9H2,1-3H3	ethyl 2-(6-methoxy-2-methyl-4-oxoquinolin-1-yl)acetate	CCOC(=O)CN1C(=CC(=O)C2=C1C=CC(=C2)OC)C	2.29999995	905530	COCONUT:(CNP0257940);PubChem:(905530);SuperNatural:(SN00045815);ZINC bio:(ZINC00486915)	3153922
30	1	N/A	-376.22483681736225	C15H17NO4	[M - H2O + H]+	BPQBPQRMYRYICN	InChI=1S/C15H17NO4/c1-2-15(13(17)18)9-6-10-16(15)14(19)20-11-12-7-4-3-5-8-12/h2-5,7-8H,1,6,9-11H2,(H,17,18)	N-Carbobenzoxy-L-proline vinyl ester	C=CC1(CCCN1C(=O)OCC2=CC=CC=C2)C(=O)O	2.4000001	3048970	PubChem:(3048970);PubChem class - safety and toxic	67108866
31	1	N/A	-378.33896516748166	C15H17NO4	[M - H2O + H]+	CMYJDRSCSOXYHG	InChI=1S/C15H17NO4/c17-14(18)13-11-7-6-10(16-11)8-12(13)20-15(19)9-4-2-1-3-5-9/h1-5,10-13,16H,6-8H2,(H,17,18)	Benzoylnorecgonine	C1CC2C(C(CC1N2)OC(=O)C3=CC=CC=C3)C(=O)O	1.68934381	114718;173736;415793;5289268;13475820;24188189;44385815;86308430;86308431;92161073;92301499;98369948;98369949;139594571	NORMAN:(NS00010186);PubChem:(114718 173736 415793 5289268 13475820 24188189 44385815 86308430 86308431 92161073 92301499 98369948 98369949 139594571);additional;PubChem class - bio and metabolites;MeSH:(114718);PubChem class - safety and toxic;Training Set;PubMed;KEGG Mine	8674623558
32	1	N/A	-378.5694607491006	C15H17NO4	[M - H2O + H]+	LTAWLNXRMOAJDO	InChI=1S/C15H17NO4/c1-19-12-9-11(10-13(20-2)15(12)18)5-6-14(17)16-7-3-4-8-16/h3-4,7-10,18H,5-6H2,1-2H3	null	COC1=CC(=CC(=C1O)OC)CCC(=O)N2C=CC=C2	2.0	50994066	COCONUT:(CNP0223225);Natural Products:(UNPD131408);PubChem:(50994066);SuperNatural:(SN00390114);CHEBI:(70085);PubMed	3178594
33	1	N/A	-379.8564144150563	C15H17NO4	[M - H2O + H]+	XHORWCKOXRWDLW	InChI=1S/C15H17NO4/c1-10(16-15(2,8-17)9-18)12-7-11-5-3-4-6-13(11)20-14(12)19/h3-7,17-18H,8-9H2,1-2H3	3-[N-(1,3-dihydroxy-2-methylpropan-2-yl)-C-methylcarbonimidoyl]chromen-2-one	CC(=NC(C)(CO)CO)C1=CC2=CC=CC=C2OC1=O	0.800000012	2751654	COCONUT:(CNP0034863);PubChem:(2751654);SuperNatural:(SN00131200);ZINC bio:(ZINC04701575)	3153922
34	1	N/A	-381.86957515793154	C15H17NO4	[M - H2O + H]+	BOTKZCHEQHPNMA	InChI=1S/C15H17NO4/c1-10-7-15(13(17)19-10)8-12(20-14(15)18)9-16-11-5-3-2-4-6-11/h2-6,10,12,16H,7-9H2,1H3	7-(anilinomethyl)-2-methyl-3,8-dioxaspiro[4.4]nonane-4,9-dione	CC1CC2(CC(OC2=O)CNC3=CC=CC=C3)C(=O)O1	2.4000001	47872	PubChem:(47872);PubChem class - safety and toxic	67108866
35	1	N/A	-382.7689078399714	C15H17NO4	[M - H2O + H]+	WYRNZOUEDQCVFD	InChI=1S/C15H17NO4/c1-2-19-8-9-20-15(18)16-14-5-3-4-11-6-7-12(17)10-13(11)14/h3-7,10,17H,2,8-9H2,1H3,(H,16,18)	2-Ethoxyethyl 7-hydroxynaphthalene-1-carbamate	CCOCCOC(=O)NC1=CC=CC2=C1C=C(C=C2)O	2.5999999	88950	PubChem:(88950);NORMAN:(NS00026908)	262146
36	1	N/A	-383.88800845076156	C15H17NO4	[M - H2O + H]+	CEEGVJOMOKTGHA	InChI=1S/C15H17NO4/c1-18-11-7-9-12(15(20-3)14(11)19-2)8-5-4-6-10(17)13(8)16-9/h7,16H,4-6H2,1-3H3	5,6,7-trimethoxy-2,3,4,9-tetrahydro-1H-carbazol-1-one	COC1=C(C(=C2C3=C(C(=O)CCC3)NC2=C1)OC)OC	2.4000001	52897309	COCONUT:(CNP0399056);PubChem:(52897309);ZINC bio:(ZINC61714948)	2105346
37	1	N/A	-385.04787664772647	C15H17NO4	[M - H2O + H]+	HUQQFAJNFGJOJN	InChI=1S/C15H17NO4/c1-10(16-9-14(18-2)19-3)12-8-11-6-4-5-7-13(11)20-15(12)17/h4-8,14H,9H2,1-3H3	3-((1E)-4,4-dimethoxy-1-methyl-2-azabut-1-enyl)chromen-2-one	CC(=NCC(OC)OC)C1=CC2=CC=CC=C2OC1=O	1.79999995	2751664	COCONUT:(CNP0061648);PubChem:(2751664);SuperNatural:(SN00131203);ZINC bio:(ZINC04701582)	3153922
38	1	N/A	-387.0118403000755	C15H17NO4	[M - H2O + H]+	KJLIDVIGOGVICU	InChI=1S/C15H17NO4/c1-4-20-14(18)9-16-10(2)8-12(17)11-6-5-7-13(19-3)15(11)16/h5-8H,4,9H2,1-3H3	ethyl 2-(8-methoxy-2-methyl-4-oxohydroquinolyl)acetate	CCOC(=O)CN1C(=CC(=O)C2=C1C(=CC=C2)OC)C	2.29999995	892755	COCONUT:(CNP0370234);PubChem:(892755);SuperNatural:(SN00045514);PubMed;ZINC bio:(ZINC00468881)	3153986
39	1	N/A	-394.6523948164352	C15H17NO4	[M - H2O + H]+	RHRLUMFHXZLPBA	InChI=1S/C15H17NO4/c1-10-6-14-12(8-13(10)17)11(7-15(18)20-14)9-16-2-4-19-5-3-16/h6-8,17H,2-5,9H2,1H3	6-hydroxy-7-methyl-4-(morpholin-4-ylmethyl)chromen-2-one	CC1=CC2=C(C=C1O)C(=CC(=O)O2)CN3CCOCC3	0.899999976	941988;7542023;4917252	COCONUT:(CNP0195422);PubChem:(941988 7542023 4917252);SuperNatural:(SN00153412);PubMed;ZINC bio:(ZINC20391074)	3153986
40	1	N/A	-419.1765985601891	C15H17NO4	[M - H2O + H]+	ZWZKORBNOCDZQY	InChI=1S/C15H17NO4/c1-10-13(17)3-2-12-11(8-14(18)20-15(10)12)9-16-4-6-19-7-5-16/h2-3,8,17H,4-7,9H2,1H3	7-hydroxy-8-methyl-4-(morpholin-4-ylmethyl)chromen-2-one	CC1=C(C=CC2=C1OC(=O)C=C2CN3CCOCC3)O	0.899999976	7198669;6215320	COCONUT:(CNP0041674);PubChem:(7198669 6215320);SuperNatural:(SN00153700);PubMed;ZINC bio:(ZINC20573031)	3153986
41	1	N/A	-420.504450677959	C15H17NO4	[M - H2O + H]+	GYCLTPIGVDWVAI	InChI=1S/C15H17NO4/c1-9(2)15(18)20-8-11-6-10-7-12(19-3)4-5-13(10)16-14(11)17/h4-7,9H,8H2,1-3H3,(H,16,17)	(6-methoxy-2-oxo-1H-quinolin-3-yl)methyl 2-methylpropanoate	CC(C)C(=O)OCC1=CC2=C(C=CC(=C2)OC)NC1=O	2.0	908665	COCONUT:(CNP0147483);PubChem:(908665);ZINC bio:(ZINC03985005)	2105346
42	1	N/A	-423.27993211336536	C15H17NO4	[M - H2O + H]+	CBKIPSBSCTYYOT	InChI=1S/C15H17NO4/c1-3-8-20-13(17)9-11-14(18)10-6-4-5-7-12(10)16(2)15(11)19/h4-7,18H,3,8-9H2,1-2H3	propyl 2-(2-hydroxy-1-methyl-4-oxoquinolin-3-yl)acetate	CCCOC(=O)CC1=C(C2=CC=CC=C2N(C1=O)C)O	1.60000002	54682419	COCONUT:(CNP0154292 CNP0373286);PubChem:(54682419);SuperNatural:(SN00077046)	3145730
43	1	N/A	-435.2726654129352	C15H17NO4	[M - H2O + H]+	AYLPJERLLUZRGD	InChI=1S/C15H17NO4/c1-15(2,3)20-14(18)16-8-7-10-9-11(13(17)19-4)5-6-12(10)16/h5-9H,1-4H3	1-Boc-1H-indole-5-carboxylic acid methyl ester	CC(C)(C)OC(=O)N1C=CC2=C1C=CC(=C2)C(=O)OC	3.0999999	53668780	PubChem:(53668780);PubChem class - safety and toxic	67108866
44	1	N/A	-438.7012240045562	C15H17NO4	[M - H2O + H]+	XARWXXBOTBELBC	InChI=1S/C15H17NO4/c1-19-14(20-2)7-8-16-12-9-13(17)10-5-3-4-6-11(10)15(12)18/h3-6,9,14,16H,7-8H2,1-2H3	2-(3,3-dimethoxypropylamino)naphthalene-1,4-dione	COC(CCNC1=CC(=O)C2=CC=CC=C2C1=O)OC	1.77512038	2755745	COCONUT:(CNP0328631);PubChem:(2755745);SuperNatural:(SN00129095);ZINC bio:(ZINC04262823)	3153922
45	1	N/A	-440.5254629853024	C15H17NO4	[M - H2O + H]+	SPHHXMSWMGBGKF	InChI=1S/C15H17NO4/c1-9(2)16-8-11(17)13(15(16)19)14(18)10-6-4-5-7-12(10)20-3/h4-7,9,18H,8H2,1-3H3	null	CC(C)N1CC(=O)C(=C(C2=CC=CC=C2OC)O)C1=O	2.4000001	54727833	COCONUT:(CNP0078516);PubChem:(54727833);SuperNatural:(SN00142660);PubMed	3145794
46	1	N/A	-442.20207060689586	C15H17NO4	[M - H2O + H]+	FTVHWJZIFKOGPZ	InChI=1S/C15H17NO4/c1-10-8-14(18)20-15-11(10)2-3-13(17)12(15)9-16-4-6-19-7-5-16/h2-3,8,17H,4-7,9H2,1H3	Oprea1_049633	CC1=CC(=O)OC2=C1C=CC(=C2CN3CCOCC3)O	0.899999976	5310697;6266236;44667193	COCONUT:(CNP0287198);PubChem:(5310697 6266236 44667193);PubMed	2097218
47	1	N/A	-443.279821982852	C15H17NO4	[M - H2O + H]+	FLQRMKITMZBSRQ	InChI=1S/C15H17NO4/c1-8-3-9(2)14-10(4-8)7-15(19,20-14)11-5-12(17)16-13(18)6-11/h3-4,11,19H,5-7H2,1-2H3,(H,16,17,18)	null	CC1=CC(=C2C(=C1)CC(O2)(C3CC(=O)NC(=O)C3)O)C	0.899999976	135083216	PubChem:(135083216);COCONUT:(CNP0127754)	2097154
48	1	N/A	-443.9236427712607	C15H17NO4	[M - H2O + H]+	LNZQVTCIUDPEEP	InChI=1S/C15H17NO4/c1-9-6-16(7-10(2)19-9)8-14-15(18)12-4-3-11(17)5-13(12)20-14/h3-5,8-10,17H,6-7H2,1-2H3	2-[(2,6-dimethylmorpholin-4-yl)methylene]-6-hydroxybenzo[b]furan-3-one	CC1CN(CC(O1)C)C=C2C(=O)C3=C(O2)C=C(C=C3)O	2.0	24280337;42234358;42234359;42234360;72185466	COCONUT:(CNP0054183);PubChem:(24280337 42234358 42234359 42234360 72185466);SuperNatural:(SN00151133 SN00151134 SN00151135);ZINC bio:(ZINC11865336 ZINC11865338 ZINC11865339)	3153922
49	1	N/A	-446.52277197754745	C15H17NO4	[M - H2O + H]+	AWOGQGYSUKXISO	InChI=1S/C15H17NO4/c17-7-5-16(6-8-18)15(20)13-9-11-3-1-2-4-12(11)10-14(13)19/h1-4,9-10,17-19H,5-8H2	Oprea1_610294	C1=CC=C2C=C(C(=CC2=C1)C(=O)N(CCO)CCO)O	1.5	82344	PubChem:(82344);NORMAN:(NS00021436)	262146
50	1	N/A	-459.03140626796886	C15H17NO4	[M - H2O + H]+	LFIINZZVXMUCCL	InChI=1S/C15H17NO4/c1-15(2,3)20-14(18)16-9-8-10-6-5-7-11(12(10)16)13(17)19-4/h5-9H,1-4H3	Methyl 1-BOC-indole-7-carboxylate	CC(C)(C)OC(=O)N1C=CC2=C1C(=CC=C2)C(=O)OC	3.0999999	25307168	PubChem:(25307168);PubChem class - safety and toxic	67108866
51	1	N/A	-460.80469341090935	C15H17NO4	[M - H2O + H]+	MQVCTHIVDZNWKO	InChI=1S/C15H17NO4/c1-16(2)7-8-6-11-9-4-3-5-10(9)15(19)20-14(11)13(18)12(8)17/h6,17-18H,3-5,7H2,1-2H3	8-(dimethylaminomethyl)-6,7-dihydroxy-2,3-dihydro-1H-cyclopenta[c]chromen-4-one	CN(C)CC1=CC2=C(C(=C1O)O)OC(=O)C3=C2CCC3	1.39999998	1427837;7086116;6164927	COCONUT:(CNP0029703 CNP0377205);PubChem:(1427837 7086116 6164927);SuperNatural:(SN00070813);ZINC bio:(ZINC04060846)	3153922
52	1	N/A	-486.47527880215983	C15H17NO4	[M - H2O + H]+	UUMDTSHNNJDBLI	InChI=1S/C15H17NO4/c1-9(2)20-13(17)8-11-14(18)10-6-4-5-7-12(10)16(3)15(11)19/h4-7,9,18H,8H2,1-3H3	propan-2-yl 2-(2-hydroxy-1-methyl-4-oxoquinolin-3-yl)acetate	CC(C)OC(=O)CC1=C(C2=CC=CC=C2N(C1=O)C)O	1.5	54682444	COCONUT:(CNP0022468 CNP0373600);PubChem:(54682444);SuperNatural:(SN00049937)	3145730
53	1	N/A	-521.6175406359991	C15H17NO4	[M - H2O + H]+	FQIQQNIQIRUWGC	InChI=1S/C15H17NO4/c1-15(2)12(18)7-10-13(19)9-6-8(17)4-5-11(9)16(3)14(10)20-15/h4-6,12,17-18H,7H2,1-3H3	Ribalinidine	CC1(C(CC2=C(O1)N(C3=C(C2=O)C=C(C=C3)O)C)O)C	1.60000002	336322;92147291;92265608	COCONUT:(CNP0152047);Natural Products:(UNPD96535 UNPD39708);PubChem:(336322 92147291 92265608);SuperNatural:(SN00330693 SN00156260);ZINC bio:(ZINC05486356);PubMed	3186754
54	1	N/A	-526.0481879948117	C15H17NO4	[M - H2O + H]+	OTCQSIWJTHQBFR	InChI=1S/C15H17NO4/c1-9(17)12-7-11-10(4-5-16(12)2)6-13-15(14(11)18-3)20-8-19-13/h6-7H,4-5,8H2,1-3H3	1-(10-methoxy-7-methyl-6,7-dihydro-5H-[1,3]dioxolo[4,5-h][3]benzazepin-8-yl)ethanone	CC(=O)C1=CC2=C(C3=C(C=C2CCN1C)OCO3)OC	2.29999995	45490512	COCONUT:(CNP0062483 CNP0122918);PubChem:(45490512);SuperNatural:(SN00100913);ZINC bio:(ZINC36369869)	3153922
55	1	N/A	-529.1479276370699	C15H17NO4	[M - H2O + H]+	HEUVGODFDJKJTP	InChI=1S/C15H17NO4/c1-15(2)13(18)11(17)10-12(20-15)8-6-4-5-7-9(8)16(3)14(10)19/h4-7,11,13,17-18H,1-3H3	(3R,4S)-3,4-dihydroxy-2,2,6-trimethyl-3,4-dihydropyrano[3,2-c]quinolin-5-one	CC1(C(C(C2=C(O1)C3=CC=CC=C3N(C2=O)C)O)O)C	0.100000001	10778776;10492626;21573064;46843633	COCONUT:(CNP0206151);KNApSAcK:(43796);Natural Products:(UNPD78239);PubChem:(10778776 10492626 21573064 46843633);SuperNatural:(SN00397579)	3178514
56	1	N/A	-532.6938758259967	C15H17NO4	[M - H2O + H]+	UTACRIJPENVRBM	InChI=1S/C15H17NO4/c1-15(8-17)12(18)7-10-13(20-15)9-5-3-4-6-11(9)16(2)14(10)19/h3-6,12,17-18H,7-8H2,1-2H3	3-hydroxy-2-(hydroxymethyl)-2,6-dimethyl-3,4-dihydropyrano[3,2-c]quinolin-5-one	CC1(C(CC2=C(O1)C3=CC=CC=C3N(C2=O)C)O)CO	0.800000012	906014;906015;3698319;7081550;7081551;16397770	COCONUT:(CNP0411250);PubChem:(906014 906015 3698319 7081550 7081551 16397770);SuperNatural:(SN00069577 SN00069576 SN00220635);ZINC bio:(ZINC04038092 ZINC04038093)	3153922
57	1	N/A	-534.7052864812073	C15H17NO4	[M - H2O + H]+	BMPYOQPJESJVEJ	InChI=1S/C15H17NO4/c1-15(2)12(18)7-10-13(19-3)9-6-8(17)4-5-11(9)16-14(10)20-15/h4-6,12,17-18H,7H2,1-3H3	null	CC1(C(CC2=C(C3=C(C=CC(=C3)O)N=C2O1)OC)O)C	2.38621092	""	COCONUT:(CNP0160642);Natural Products:(UNPD17177);SuperNatural:(SN00260355)	3178496
58	1	N/A	-541.248658867728	C15H17NO4	[M - H2O + H]+	PZNOSOQRSUCZBI	InChI=1S/C15H17NO4/c1-16-6-5-10-8-12-14(20-9-19-12)15(18-2)13(10)11(16)4-3-7-17/h8,11,17H,5-7,9H2,1-2H3	3-(4-methoxy-6-methyl-7,8-dihydro-5H-[1,3]dioxolo[4,5-g]isoquinolin-5-yl)prop-2-yn-1-ol	CN1CCC2=CC3=C(C(=C2C1C#CCO)OC)OCO3	1.20000005	1773182;1773183;1773184;1773185;3775518	COCONUT:(CNP0367289);PubChem:(1773182 1773183 1773184 1773185 3775518);ZINC bio:(ZINC20111895 ZINC20111897)	2105346
59	1	N/A	-592.4698388869876	C15H17NO4	[M - H2O + H]+	IEHZFIKGZUDXED	InChI=1S/C15H17NO4/c1-15(2,18)13-11(17)10-12(19-3)8-6-4-5-7-9(8)16-14(10)20-13/h4-7,11,13,17-18H,1-3H3	2-(2-hydroxypropan-2-yl)-4-methoxy-2,3-dihydrofuro[2,3-b]quinolin-3-ol	CC(C)(C1C(C2=C(C3=CC=CC=C3N=C2O1)OC)O)O	1.89999998	21769979;102150112	COCONUT:(CNP0301945);Natural Products:(UNPD68723);PubChem:(21769979 102150112);SuperNatural:(SN00252076);KEGG Mine	8593113090
60	1	N/A	-597.9749389359489	C15H17NO4	[M - H2O + H]+	FKPYMOUOELMBKI	InChI=1S/C15H17NO4/c1-15(19,8-17)12-7-10-13(18)9-5-3-4-6-11(9)16(2)14(10)20-12/h3-6,12,17,19H,7-8H2,1-2H3	2-(1,2-dihydroxypropan-2-yl)-9-methyl-2,3-dihydrofuro[2,3-b]quinolin-4-one	CC(CO)(C1CC2=C(O1)N(C3=CC=CC=C3C2=O)C)O	0.899999976	1787311;928435;4835779;18398019;16402904	COCONUT:(CNP0227061);Natural Products:(UNPD103885);PubChem:(1787311 928435 4835779 18398019 16402904);SuperNatural:(SN00060285 SN00364861 SN00047315);ZINC bio:(ZINC00518609 ZINC02131836)	3186690
61	1	N/A	-599.9022009911747	C15H17NO4	[M - H2O + H]+	NETGEQWGGLFVRL	InChI=1S/C15H17NO4/c1-15(18,8-17)12-7-10-13(19-2)9-5-3-4-6-11(9)16-14(10)20-12/h3-6,12,17-18H,7-8H2,1-2H3	Dubinidine	CC(CO)(C1CC2=C(C3=CC=CC=C3N=C2O1)OC)O	1.39999998	673466;673467;673468;673469;442897;16396425;16402667	COCONUT:(CNP0165797);KNApSAcK:(2153);Natural Products:(UNPD69366);PubChem:(673466 673467 673468 673469 442897 16396425 16402667);SuperNatural:(SN00000319 SN00000320 SN00000318 SN00000321);CHEBI:(4722);ZINC bio:(ZINC00035528 ZINC00035529 ZINC00035530 ZINC00035531);additional;KEGG:(C10662);Training Set;PubMed	3727730
62	1	N/A	-610.7744276362763	C15H17NO4	[M - H2O + H]+	ONPUKGULNMQBLF	InChI=1S/C15H17NO4/c1-15(2,19)12-7-10-13(18)9-6-8(17)4-5-11(9)16(3)14(10)20-12/h4-6,12,17,19H,7H2,1-3H3	Ribaline	CC(C)(C1CC2=C(O1)N(C3=C(C2=O)C=C(C=C3)O)C)O	1.60000002	336321;51380995;51413675	COCONUT:(CNP0380577);HMDB:(33345);Natural Products:(UNPD77246 UNPD164329);PubChem:(336321 51380995 51413675);SuperNatural:(SN00013510 SN00002319);ZINC bio:(ZINC01581503 ZINC05486355);PubChem class - bio and metabolites;PubMed	19963978
1	1	0.11526193670718536	-181.14429929049962	C15H15NO3	[M + H]+	AVEUZYHDYBJRPU	InChI=1S/C15H15NO3/c1-2-19-12-9-7-11(8-10-12)16-15(18)13-5-3-4-6-14(13)17/h3-10,17H,2H2,1H3,(H,16,18)	Efuamide	CCOC1=CC=C(C=C1)NC(=O)C2=CC=CC=C2O	2.91338301	94777	MeSH:(94777);PubChem class - safety and toxic;PubChem:(94777);PubMed	67108934
2	1	N/A	-187.22043597503935	C15H15NO3	[M + H]+	ZTRSGBHHPFPTEC	InChI=1S/C15H15NO3/c1-19-14-8-2-11(3-9-14)10-16-13-6-4-12(5-7-13)15(17)18/h2-9,16H,10H2,1H3,(H,17,18)	Oprea1_676343	COC1=CC=C(C=C1)CNC2=CC=C(C=C2)C(=O)O	2.9000001	2731039;5009685	PubChem class - safety and toxic;PubChem:(2731039 5009685);PubMed	67108930
3	1	N/A	-187.4632614611853	C15H15NO3	[M + H]+	RYMRPANRHFXAQB	InChI=1S/C15H15NO3/c1-19-14-8-2-11(3-9-14)10-15(18)16-12-4-6-13(17)7-5-12/h2-9,17H,10H2,1H3,(H,16,18)	N-(4-hydroxyphenyl)-2-(4-methoxyphenyl)acetamide	COC1=CC=C(C=C1)CC(=O)NC2=CC=C(C=C2)O	2.64398146	1234497	MeSH:(1234497);PubChem:(1234497);PubMed	70
4	1	N/A	-201.54690641320533	C15H15NO3	[M + H]+	BDSUMUIBCNKLIQ	InChI=1S/C15H15NO3/c1-18-12-8-9-14(19-2)13(10-12)16-15(17)11-6-4-3-5-7-11/h3-10H,1-2H3,(H,16,17)	Oprea1_128625	COC1=CC(=C(C=C1)OC)NC(=O)C2=CC=CC=C2	2.89207244	67267	NORMAN:(NS00024388);PubChem:(67267);PubMed	262210
5	1	N/A	-202.11612561596047	C15H15NO3	[M + H]+	AVVOMQBZPZJLJP	InChI=1S/C15H15NO3/c1-18-12-9-6-10-13(19-2)14(12)15(17)16-11-7-4-3-5-8-11/h3-10H,1-2H3,(H,16,17)	Oprea1_419362	COC1=C(C(=CC=C1)OC)C(=O)NC2=CC=CC=C2	2.89207244	835468	MeSH:(835468);PubChem:(835468);PubMed	70
6	1	N/A	-205.90627875894464	C15H15NO3	[M + H]+	FORCEYYIYKUJGA	InChI=1S/C15H15NO3/c1-18-12-9-7-11(8-10-12)15(17)16-13-5-3-4-6-14(13)19-2/h3-10H,1-2H3,(H,16,17)	Oprea1_458951	COC1=CC=C(C=C1)C(=O)NC2=CC=CC=C2OC	2.89207244	346050	PubChem class - safety and toxic;PubChem:(346050);PubMed	67108930
7	1	N/A	-210.65155317950914	C15H15NO3	[M + H]+	OJWMBNSRBKSJIK	InChI=1S/C15H15NO3/c1-2-18-15(17)12-6-8-14(9-7-12)19-11-13-5-3-4-10-16-13/h3-10H,2,11H2,1H3	ethyl 4-(pyridin-2-ylmethoxy)benzoate	CCOC(=O)C1=CC=C(C=C1)OCC2=CC=CC=N2	2.5999999	191126	PubChem:(191126);MeSH:(191126)	6
8	1	N/A	-213.28577811039042	C15H15NO3	[M + H]+	IRLUOHGSVLDVLW	InChI=1S/C15H15NO3/c1-2-19-14-10-6-3-7-11(14)15(18)16-12-8-4-5-9-13(12)17/h3-10,17H,2H2,1H3,(H,16,18)	2-ethoxy-N-(2-hydroxyphenyl)benzamide	CCOC1=CC=CC=C1C(=O)NC2=CC=CC=C2O	2.91338301	836564	PubChem:(836564);PubMed;CHEBI:(123415)	98
9	1	N/A	-214.93437923579475	C15H15NO3	[M + H]+	WTRVUYRIQZHZQF	InChI=1S/C15H15NO3/c1-18-13-8-5-11(9-14(13)19-2)15(17)10-3-6-12(16)7-4-10/h3-9H,16H2,1-2H3	4-(3,4-dimethoxybenzoyl)aniline	COC1=C(C=C(C=C1)C(=O)C2=CC=C(C=C2)N)OC	2.61974859	11543424	COCONUT:(CNP0398046);PubChem:(11543424);SuperNatural:(SN00077459);ZINC bio:(ZINC08701821)	3153922
10	1	N/A	-215.23326734049297	C15H15NO3	[M + H]+	CMAKZYKJFVSLBM	InChI=1S/C15H15NO3/c1-18-13-8-12(9-14(10-13)19-2)16-15(17)11-6-4-3-5-7-11/h3-10H,1-2H3,(H,16,17)	Oprea1_123564	COC1=CC(=CC(=C1)NC(=O)C2=CC=CC=C2)OC	2.89207244	2192547	NORMAN:(NS00040019);PubChem:(2192547);PubMed	262210
11	1	N/A	-217.74652279206848	C15H15NO3	[M + H]+	KTZJVRVFLGMFSB	InChI=1S/C15H15NO3/c1-10-3-8-13(14(17)9-10)15(18)16-11-4-6-12(19-2)7-5-11/h3-9,17H,1-2H3,(H,16,18)	2,4-Cresot-p-anisidide	CC1=CC(=C(C=C1)C(=O)NC2=CC=C(C=C2)OC)O	2.96572089	3047112	PubChem class - safety and toxic;PubChem:(3047112);PubMed	67108930
12	1	N/A	-222.23167598822633	C15H15NO3	[M + H]+	HFZPYPRRAVDPBX	InChI=1S/C15H15NO3/c1-18-13-7-6-11(9-14(13)19-2)15(17)10-4-3-5-12(16)8-10/h3-9H,16H2,1-2H3	3-(3,4-dimethoxybenzoyl)aniline	COC1=C(C=C(C=C1)C(=O)C2=CC(=CC=C2)N)OC	2.5	10563087	COCONUT:(CNP0236020);PubChem:(10563087);SuperNatural:(SN00091258);ZINC bio:(ZINC14988635)	3153922
13	1	N/A	-227.77006245230447	C15H15NO3	[M + H]+	IPMVYTFFNWLSAN	InChI=1S/C15H15NO3/c1-19-12-6-7-13(15(18)10-12)14(17)8-5-11-4-2-3-9-16-11/h2-4,6-7,9-10,18H,5,8H2,1H3	null	COC1=CC(=C(C=C1)C(=O)CCC2=CC=CC=N2)O	2.5999999	49869549	PubChem:(49869549);PubChem class - food	134217730
14	1	N/A	-228.89915517542215	C15H15NO3	[M + H]+	PPLVIICZBZGSPO	InChI=1S/C15H15NO3/c1-18-15-9-13(10-16-17)7-8-14(15)19-11-12-5-3-2-4-6-12/h2-10,17H,11H2,1H3	Oprea1_068266	COC1=C(C=CC(=C1)C=NO)OCC2=CC=CC=C2	3.0999999	2063305;5630194;6898836	PubChem:(2063305 5630194 6898836);PubChem class - safety and toxic	67108866
15	1	N/A	-231.26735486344901	C15H15NO3	[M + H]+	FHTMZNVXGSGVOA	InChI=1S/C15H15NO3/c1-18-15(17)16-13-7-9-14(10-8-13)19-11-12-5-3-2-4-6-12/h2-10H,11H2,1H3,(H,16,17)	methyl [4-(benzyloxy)phenyl]carbamate	COC(=O)NC1=CC=C(C=C1)OCC2=CC=CC=C2	3.23462081	894605	PubChem:(894605);PubMed;CHEBI:(116211)	98
16	1	N/A	-240.4756340243121	C15H15NO3	[M + H]+	LBCNEMKATYAVOO	InChI=1S/C15H15NO3/c1-19-14-4-2-11(3-5-14)12-6-10(8-15(17)18)7-13(16)9-12/h2-7,9H,8,16H2,1H3,(H,17,18)	5-Amino-4''-methoxy-3-biphenylacetic acid	COC1=CC=C(C=C1)C2=CC(=CC(=C2)CC(=O)O)N	2.29999995	53373	PubChem class - safety and toxic;PubChem:(53373);PubMed	67108930
17	1	N/A	-245.15479318710558	C15H15NO3	[M + H]+	IZHWXUWIXVXUDM	InChI=1S/C15H15NO3/c1-18-15(17)12-7-8-13(16)14(9-12)19-10-11-5-3-2-4-6-11/h2-9H,10,16H2,1H3	methyl 4-amino-3-(benzyloxy)benzoate	COC(=O)C1=CC(=C(C=C1)N)OCC2=CC=CC=C2	2.5999999	25052945	PubChem:(25052945);PubChem class - safety and toxic	67108866
18	1	N/A	-248.09309080567542	C15H15NO3	[M + H]+	KDIGZGCAYQKYEH	InChI=1S/C15H15NO3/c1-18-13-6-4-12(5-7-13)16-10-11-3-8-14(17)15(9-11)19-2/h3-10,17H,1-2H3	null	COC1=CC=C(C=C1)N=CC2=CC(=C(C=C2)O)OC	3.05618238	681370	PubChem:(681370);PubChem class - safety and toxic	67108866
19	1	N/A	-252.32430068111793	C15H15NO3	[M + H]+	VTLOQFRBRRZEIC	InChI=1S/C15H15NO3/c17-12-7-5-11(6-8-12)9-10-16-15(19)13-3-1-2-4-14(13)18/h1-8,17-18H,9-10H2,(H,16,19)	null	C1=CC=C(C(=C1)C(=O)NCCC2=CC=C(C=C2)O)O	2.39189172	24285087	COCONUT:(CNP0125065);Natural Products:(UNPD108505);PubChem:(24285087);SuperNatural:(SN00352458);ZINC bio:(ZINC11639215);PubMed	3186754
20	1	N/A	-256.5349673405662	C15H15NO3	[M + H]+	WBIICVGYYRRURR	InChI=1S/C15H15NO3/c1-7-4-13(17)19-14-8(2)15-11(5-10(7)14)12(6-16)9(3)18-15/h4-5H,6,16H2,1-3H3	Aminomethylpsoralen	CC1=CC(=O)OC2=C(C3=C(C=C12)C(=C(O3)C)CN)C	1.89999998	107680;6921712	MeSH:(107680);PubChem class - safety and toxic;PubChem:(107680 6921712);PubMed	67108934
21	1	N/A	-259.8465021960752	C15H15NO3	[M + H]+	XKTXFHFQGLRJKG	InChI=1S/C15H15NO3/c16-13-8-6-12(7-9-13)15(17)19-11-10-18-14-4-2-1-3-5-14/h1-9H,10-11,16H2	2-Phenoxyethyl 4-aminobenzoate	C1=CC=C(C=C1)OCCOC(=O)C2=CC=C(C=C2)N	2.64462447	13684901	PubChem:(13684901);PubChem class - safety and toxic	67108866
22	1	N/A	-260.68846389326495	C15H15NO3	[M + H]+	RIKQWTFUEZOMFA	InChI=1S/C15H15NO3/c1-2-10-7-12(15(19)9-13(10)17)14(18)8-11-5-3-4-6-16-11/h3-7,9,17,19H,2,8H2,1H3	Oprea1_406343	CCC1=CC(=C(C=C1O)O)C(=O)CC2=CC=CC=N2	2.79999995	692809	COCONUT:(CNP0143873);PubChem:(692809);SuperNatural:(SN00042888);PubMed;ZINC bio:(ZINC00064468)	3153986
23	1	N/A	-264.3832084325143	C15H15NO3	[M + H]+	UDNLEGGJHUPMPN	InChI=1S/C15H15NO3/c1-10-6-4-8-13(11(10)2)19-14-12(15(17)18-3)7-5-9-16-14/h4-9H,1-3H3	2-(2'',3''-Dimethyl) phenoxy nicotinate de methyle	CC1=C(C(=CC=C1)OC2=C(C=CC=N2)C(=O)OC)C	3.29999995	215894	PubChem:(215894);PubChem class - safety and toxic	67108866
24	1	N/A	-268.5697899091887	C15H15NO3	[M + H]+	ATMOOXXFMHQVMN	InChI=1S/C15H15NO3/c17-14(16-7-3-4-8-16)10-12-9-11-5-1-2-6-13(11)19-15(12)18/h1-2,5-6,9H,3-4,7-8,10H2	3-((1-Pyrrolidinylcarbonyl)methyl)coumarin	C1CCN(C1)C(=O)CC2=CC3=CC=CC=C3OC2=O	1.79999995	28938	PubChem:(28938);PubChem class - safety and toxic	67108866
25	1	N/A	-270.2317516270497	C15H15NO3	[M + H]+	AVYZBJKQGNDSEQ	InChI=1S/C15H15NO3/c1-18-12-7-8-15(19-2)13(9-12)16-10-11-5-3-4-6-14(11)17/h3-10,17H,1-2H3	null	COC1=CC(=C(C=C1)OC)N=CC2=CC=CC=C2O	2.79999995	4076495	PubChem:(4076495);PubChem class - safety and toxic	67108866
26	1	N/A	-270.9304571613203	C15H15NO3	[M + H]+	UQBMHYREWDMIHR	InChI=1S/C15H15NO3/c17-15(16-13-7-3-1-4-8-13)19-12-11-18-14-9-5-2-6-10-14/h1-10H,11-12H2,(H,16,17)	Ambcb5406572	C1=CC=C(C=C1)NC(=O)OCCOC2=CC=CC=C2	3.18228292	346767	PubChem:(346767);PubMed;CHEBI:(112988)	98
27	1	N/A	-274.02779788856435	C15H15NO3	[M + H]+	BJMDCXZRQJFTJP	InChI=1S/C15H15NO3/c1-3-13(17)14-11(15(18)19-2)9-12(16-14)10-7-5-4-6-8-10/h4-9,16H,3H2,1-2H3	Methyl 5-phenyl-2-propionyl-3-pyrrolecarboxylate	CCC(=O)C1=C(C=C(N1)C2=CC=CC=C2)C(=O)OC	2.70000005	125045	MeSH:(125045);PubChem:(125045);PubMed	70
28	1	N/A	-276.52543800993635	C15H15NO3	[M + H]+	ATVBRGIKCZGPSC	InChI=1S/C15H15NO3/c17-13-4-1-11(2-5-13)7-8-16-10-12-3-6-14(18)15(19)9-12/h1-6,9-10,17-19H,7-8H2	null	C1=CC(=CC=C1CCN=CC2=CC(=C(C=C2)O)O)O	2.4000001	253995	KEGG:(C21634);Plantcyc:(CPD-19419);PubChem:(253995);PubMed;Biocyc:(CPD-19419)	133442
29	1	N/A	-280.15492408698464	C15H15NO3	[M + H]+	CWEASYFATKMCTF	InChI=1S/C15H15NO3/c1-9(2)13(17)8-11-14(19-3)10-6-4-5-7-12(10)16-15(11)18/h4-7H,1,8H2,2-3H3,(H,16,18)	null	CC(=C)C(=O)CC1=C(C2=CC=CC=C2NC1=O)OC	2.29235911	""	COCONUT:(CNP0149767);Natural Products:(UNPD218658)	2129920
30	1	N/A	-285.17247157998406	C15H15NO3	[M + H]+	UPSPUYADGBWSHF	InChI=1S/C15H15NO3/c1-10-3-5-11(6-4-10)15(19)13-8-7-12(16(13)2)9-14(17)18/h3-8H,9H2,1-2H3,(H,17,18)	Tolectin	CC1=CC=C(C=C1)C(=O)C2=CC=C(N2C)CC(=O)O	2.80529475	5508;5509;11230877;46783103	HMDB:(14643);SuperNatural:(SN00000197);ZINC bio:(ZINC00002191);additional;HSDB:(26171-23-3);MeSH:(5509);PubMed;NORMAN:(NS00008120);COCONUT:(CNP0021785 CNP0341581);PubChem:(5508 5509 11230877 46783103);CHEBI:(72213 71941);PubChem class - bio and metabolites;KEGG:(C07149);PubChem class - safety and toxic;Training Set;PubChem class - drug	121398126
31	1	N/A	-290.02494302359736	C15H15NO3	[M + H]+	OKNDVFYNEXAKQN	InChI=1S/C15H15NO3/c1-11-4-3-5-14(10-11)19-16-15(17)12-6-8-13(18-2)9-7-12/h3-10H,1-2H3,(H,16,17)	4-methoxy-n-(3-methylphenoxy)benzamide	CC1=CC(=CC=C1)ONC(=O)C2=CC=C(C=C2)OC	3.4000001	127068	MeSH:(127068);PubChem:(127068);PubMed	70
32	1	N/A	-292.7806654464921	C15H15NO3	[M + H]+	XVRYJVBZYWBOFI	InChI=1S/C15H15NO3/c1-18-13-9-12(16)14(19-2)8-11(13)15(17)10-6-4-3-5-7-10/h3-9H,16H2,1-2H3	4-Amino-2,5-dimethoxybenzophenone	COC1=CC(=C(C=C1C(=O)C2=CC=CC=C2)OC)N	2.5	84860	PubChem:(84860);NORMAN:(NS00024970)	262146
33	1	N/A	-293.72750527733035	C15H15NO3	[M + H]+	GSEKYIWUAPZIEF	InChI=1S/C15H15NO3/c1-16-13-5-3-2-4-11(13)12-7-15-14(18-9-19-15)6-10(12)8-17/h2-7,16-17H,8-9H2,1H3	Ismine	CNC1=CC=CC=C1C2=CC3=C(C=C2CO)OCO3	2.5	188957	COCONUT:(CNP0155730);KNApSAcK:(28390);Natural Products:(UNPD176314);PubChem:(188957);SuperNatural:(SN00298510);CHEBI:(31723);MeSH:(188957);KEGG:(C12181);PubMed	3178870
34	1	N/A	-303.63482684633306	C15H15NO3	[M + H]+	WUPHWKZIRRHVHA	InChI=1S/C15H15NO3/c1-8-4-10-9-6-13(18-2)14(19-3)7-11(9)16-15(10)12(17)5-8/h4-7,16-17H,1-3H3	null	CC1=CC2=C(C(=C1)O)NC3=CC(=C(C=C32)OC)OC	3.29999995	15840194	COCONUT:(CNP0259678);Natural Products:(UNPD80950);PubChem:(15840194)	2129922
35	1	N/A	-309.6118685968762	C15H15NO3	[M + H]+	DOHHGYXZPWMNKT	InChI=1S/C15H15NO3/c16-14(10-15(17)18)11-5-4-8-13(9-11)19-12-6-2-1-3-7-12/h1-9,14H,10,16H2,(H,17,18)	Enamine_005462	C1=CC=C(C=C1)OC2=CC=CC(=C2)C(CC(=O)O)N	-0.400000006	776378;776379;5124137;5124138;6942016;6942017	COCONUT:(CNP0396879);PubChem:(776378 776379 5124137 5124138 6942016 6942017);SuperNatural:(SN00044478 SN00044479);ZINC bio:(ZINC00265981 ZINC00265983);PubChem class - safety and toxic;PubMed	70262850
36	1	N/A	-310.2556007245673	C15H15NO3	[M + H]+	GTEIQKSJABHGJE	InChI=1S/C15H15NO3/c1-3-9-15(10-4-2)13(17)16-11-7-5-6-8-12(11)19-14(15)18/h3-8H,1-2,9-10H2,(H,16,17)	3,3-bis(prop-2-enyl)-5H-1,5-benzoxazepine-2,4-dione	C=CCC1(C(=O)NC2=CC=CC=C2OC1=O)CC=C	3.07981157	3050885	PubChem:(3050885);PubChem class - safety and toxic	67108866
37	1	N/A	-311.2126635524639	C15H15NO3	[M + H]+	MSNTXSKOUDIFMS	InChI=1S/C15H15NO3/c1-15(2)7-6-11-13(19-15)10-5-4-9(18-3)8-12(10)16-14(11)17/h4-8H,1-3H3,(H,16,17)	null	CC1(C=CC2=C(O1)C3=C(C=C(C=C3)OC)NC2=O)C	2.0	101995295	COCONUT:(CNP0146732);Natural Products:(UNPD184830);PubChem:(101995295)	2129922
38	1	N/A	-314.1842562849701	C15H15NO3	[M + H]+	RPDYHHVRQGESJA	InChI=1S/C15H15NO3/c17-14(16-8-4-1-5-9-16)12-10-11-6-2-3-7-13(11)19-15(12)18/h2-3,6-7,10H,1,4-5,8-9H2	Oprea1_179320	C1CCN(CC1)C(=O)C2=CC3=CC=CC=C3OC2=O	2.4000001	28913	PubChem:(28913);PubChem class - safety and toxic	67108866
39	1	N/A	-316.85088086299834	C15H15NO3	[M + H]+	XGQHQAIJSMRFPT	InChI=1S/C15H15NO3/c1-8-11-7-14(9(2)17)19-15(11)12-6-10(18-3)4-5-13(12)16-8/h4-7,9,17H,1-3H3	1-(8-methoxy-4-methylfuro[3,2-c]quinolin-2-yl)ethanol	CC1=C2C=C(OC2=C3C=C(C=CC3=N1)OC)C(C)O	2.5	13157298	PubChem:(13157298);PubChem class - safety and toxic	67108866
40	1	N/A	-317.17509926506307	C15H15NO3	[M + H]+	PIMQUYFJDPYHBL	InChI=1S/C15H15NO3/c17-15(18-11-13-7-3-1-4-8-13)16-19-12-14-9-5-2-6-10-14/h1-10H,11-12H2,(H,16,17)	benzyl benzyloxycarbamate	C1=CC=C(C=C1)COC(=O)NOCC2=CC=CC=C2	3.0	13417381	COCONUT:(CNP0396591);PubChem:(13417381);PubMed	2097218
41	1	N/A	-321.1304564428106	C15H15NO3	[M + H]+	SMAYXCAPAZDLBX	InChI=1S/C15H15NO3/c1-15(2)8-7-9-13(19-15)12-10(16-14(9)17)5-4-6-11(12)18-3/h4-8H,1-3H3,(H,16,17)	null	CC1(C=CC2=C(O1)C3=C(C=CC=C3OC)NC2=O)C	2.0	12968471	COCONUT:(CNP0163576);KNApSAcK:(26438);Natural Products:(UNPD169333);PubChem:(12968471);MeSH:(12968471);PubMed	2130006
42	1	N/A	-323.37150031071354	C15H15NO3	[M + H]+	NEYFYCLOJHBSEE	InChI=1S/C15H15NO3/c1-8-5-9(7-17)15(18)14-13(8)11-6-10(19-2)3-4-12(11)16-14/h3-4,6-8,16-17H,5H2,1-2H3	2,3,4,9-Tetrahydro-2-(hydroxymethylene)-6-methoxy-4-methyl-1H-carbazol-1-one	CC1CC(=CO)C(=O)C2=C1C3=C(N2)C=CC(=C3)OC	3.20000005	3018329;6365720;20836184	PubChem:(3018329 6365720 20836184);NORMAN:(NS00061770)	262146
43	1	N/A	-331.42655487029646	C15H15NO3	[M + H]+	WQJBDEHULKUMKX	InChI=1S/C15H15NO3/c16-9-8-11-6-7-13(17)14(10-11)19-15(18)12-4-2-1-3-5-12/h1-7,10,17H,8-9,16H2	3-Benzoyl dopamine	C1=CC=C(C=C1)C(=O)OC2=C(C=CC(=C2)CCN)O	2.29999995	166531	MeSH:(166531);PubChem:(166531);PubMed	70
44	1	N/A	-332.6376785374013	C15H15NO3	[M + H]+	MHSHKYQGEAQPMA	InChI=1S/C15H15NO3/c17-14-7-13(19-10-15(14)18)9-16-6-5-11-3-1-2-4-12(11)8-16/h1-4,7,10,18H,5-6,8-9H2	null	C1CN(CC2=CC=CC=C21)CC3=CC(=O)C(=CO3)O	1.39999998	52107694	PubChem:(52107694);COCONUT:(CNP0130370)	2097154
45	1	N/A	-341.6266727484544	C15H15NO3	[M + H]+	YQOMGYYSWFJSPK	InChI=1S/C15H15NO3/c1-8-7-16-15(10-3-5-13(19)14(8)10)11-6-9(17)2-4-12(11)18/h2,4,6-7,13,17-19H,3,5H2,1H3	null	CC1=CN=C(C2=C1C(CC2)O)C3=C(C=CC(=C3)O)O	1.70000005	139583117;139585018	PubChem:(139583117 139585018);COCONUT:(CNP0355525)	2097154
46	1	N/A	-345.5269844676075	C15H15NO3	[M + H]+	YPBLZWKNRAQYQM	InChI=1S/C15H15NO3/c17-11-6-2-1-5-10(9-11)16-14(18)12-7-3-4-8-13(12)15(16)19/h3-4,7-8,10H,1-2,5-6,9H2	2-(3-oxocycloheptyl)-2,3-dihydro-1H-isoindole-1,3-dione	C1CCC(=O)CC(C1)N2C(=O)C3=CC=CC=C3C2=O	1.5	71756697;96581800;96581801	PubChem:(71756697 96581800 96581801);PubChem class - safety and toxic	67108866
47	1	N/A	-349.13217768250047	C15H15NO3	[M + H]+	KLQKIRKWYATAMF	InChI=1S/C15H15NO3/c16-14(15(18)19)8-10-3-1-4-11(7-10)12-5-2-6-13(17)9-12/h1-7,9,14,17H,8,16H2,(H,18,19)	null	C1=CC(=CC(=C1)C2=CC(=CC=C2)O)CC(C(=O)O)N	-0.100000001	102515535;127025254;127025255	PubChem:(102515535 127025254 127025255);PubMed;PubChem class - bio and metabolites	16777282
48	1	N/A	-350.0844426596015	C15H15NO3	[M + H]+	YPOWUDFWQJTCEM	InChI=1S/C15H15NO3/c17-15(18)12-13(10-6-2-1-3-7-10)16-19-14(12)11-8-4-5-9-11/h1-3,6-7,11H,4-5,8-9H2,(H,17,18)	null	C1CCC(C1)C2=C(C(=NO2)C3=CC=CC=C3)C(=O)O	3.20000005	113390705	PubChem:(113390705);PubChem class - safety and toxic	67108866
49	1	N/A	-362.87982128082166	C15H15NO3	[M + H]+	IXRKDGGGFFCRIR	InChI=1S/C15H15NO3/c1-15(2)7-6-10-13(19-15)11-8-9(18-3)4-5-12(11)16-14(10)17/h4-8H,1-3H3,(H,16,17)	Oprea1_154408	CC1(C=CC2=C(O1)C3=C(C=CC(=C3)OC)NC2=O)C	2.0	648601	COCONUT:(CNP0185612);KNApSAcK:(26394);Natural Products:(UNPD134784);PubChem:(648601);ZINC bio:(ZINC08578613);additional;MeSH:(648601);Training Set;PubMed	2678870
50	1	N/A	-368.24379667234524	C15H15NO3	[M + H]+	NGNUATHUAAONSD	InChI=1S/C15H15NO3/c17-15-11-3-5-16(6-4-11)12(15)7-10-1-2-13-14(8-10)19-9-18-13/h1-2,7-8,11H,3-6,9H2	Maybridge1_003469	C1CN2CCC1C(=O)C2=CC3=CC4=C(C=C3)OCO4	2.5	60520;703512;703513	PubChem class - safety and toxic;PubChem:(60520 703512 703513);PubMed	67108930
51	1	N/A	-371.1278926277571	C15H15NO3	[M + H]+	QLHFGNPCPMZWQU	InChI=1S/C15H15NO3/c1-10(16-11(2)17)15(18)19-14-9-5-7-12-6-3-4-8-13(12)14/h3-10H,1-2H3,(H,16,17)	Naaape	CC(C(=O)OC1=CC=CC2=CC=CC=C21)NC(=O)C	2.53765273	125815;22916330;129369397	MeSH:(125815);PubChem:(125815 22916330 129369397);PubMed;ZINC bio:(ZINC02528218)	8262
52	1	N/A	-374.6386729582304	C15H15NO3	[M + H]+	HRXAUDACLOQULD	InChI=1S/C15H15NO3/c1-10-8-12(17)15(2,19)14(18)13(10)16-9-11-6-4-3-5-7-11/h3-8,19H,9H2,1-2H3	null	CC1=CC(=O)C(C(=O)C1=NCC2=CC=CC=C2)(C)O	1.29999995	139584367	PubChem:(139584367);COCONUT:(CNP0268009)	2097154
53	1	N/A	-375.25606817682853	C15H15NO3	[M + H]+	RDSAPPHSPDYYDG	InChI=1S/C15H15NO3/c1-15(2)13-12(14(18)19-15)10(8-11(17)16-13)9-6-4-3-5-7-9/h3-7,10H,8H2,1-2H3,(H,16,17)	null	CC1(C2=C(C(CC(=O)N2)C3=CC=CC=C3)C(=O)O1)C	1.10000002	56698840;98140164;98140165	COCONUT:(CNP0112236);PubChem:(56698840 98140164 98140165);SuperNatural:(SN00106358 SN00106359);ZINC bio:(ZINC70666291 ZINC70666292)	3153922
54	1	N/A	-377.38837066006033	C15H15NO3	[M + H]+	HOKPHCZNVHWSGT	InChI=1S/C15H15NO3/c1-8-7-15(2,3)16-12-9(8)5-6-10(19-4)11(12)13(17)14(16)18/h5-7H,1-4H3	9-methoxy-4,4,6-trimethyl-4H-pyrrolo[3,2,1-ij]quinoline-1,2-dione	CC1=CC(N2C3=C1C=CC(=C3C(=O)C2=O)OC)(C)C	1.70000005	1758358	COCONUT:(CNP0210593);PubChem:(1758358);SuperNatural:(SN00054925);ZINC bio:(ZINC02103147)	3153922
55	1	N/A	-378.4756705755372	C15H15NO3	[M + H]+	NWZMQXVXEVYQFP	InChI=1S/C15H15NO3/c17-15(13-6-3-8-18-13)16-10-14-12-5-2-1-4-11(12)7-9-19-14/h1-6,8,14H,7,9-10H2,(H,16,17)	Oprea1_573404	C1COC(C2=CC=CC=C21)CNC(=O)C3=CC=CO3	2.0	583866;743426;743427	COCONUT:(CNP0363235);PubChem:(583866 743426 743427);SuperNatural:(SN00043785);PubMed;ZINC bio:(ZINC00183254)	3153986
56	1	N/A	-380.49127725887035	C15H15NO3	[M + H]+	PZVXTKRJMNEADY	InChI=1S/C15H15NO3/c1-19-15(16(17)18)11-9-14(10-12-15)8-7-13-5-3-2-4-6-13/h2-11H,12H2,1H3	null	COC1(CC=C(C=C1)C=CC2=CC=CC=C2)[N+](=O)[O-]	3.29999995	67769581;88412314	MeSH:(67769581);PubChem:(67769581 88412314);PubMed	70
57	1	N/A	-386.24173784327286	C15H15NO3	[M + H]+	PVDOFCYXPIFXML	InChI=1S/C15H15NO3/c17-13(5-6-16-7-9-18-10-8-16)15-11-12-3-1-2-4-14(12)19-15/h1-6,11H,7-10H2	1-Benzofuran-2-yl-3-morpholin-4-yl-propenone	C1COCCN1C=CC(=O)C2=CC3=CC=CC=C3O2	2.29999995	762422;771491	PubChem:(762422 771491);PubMed;CHEBI:(120634)	98
58	1	N/A	-387.7876216534805	C15H15NO3	[M + H]+	BCSGQDMAQOOCSY	InChI=1S/C15H15NO3/c1-8-7-15(2,3)16-12-10(8)5-9(19-4)6-11(12)13(17)14(16)18/h5-7H,1-4H3	8-Methoxy-4,4,6-trimethyl-4H-pyrrolo[3,2,1-ij]quinoline-1,2-dione	CC1=CC(N2C3=C1C=C(C=C3C(=O)C2=O)OC)(C)C	1.70000005	1603092	COCONUT:(CNP0319701);PubChem:(1603092);SuperNatural:(SN00051233);PubMed;ZINC bio:(ZINC01824489)	3153986
59	1	N/A	-389.15046581214256	C15H15NO3	[M + H]+	ULPPULDUDQICOV	InChI=1S/C15H15NO3/c17-9-5-6-10-12(7-9)14(19)8-16-15(10)11-3-1-2-4-13(11)18/h1-7,14-19H,8H2	1,2,3,4-Tetrahydro-1-(2-hydroxyphenyl)-4,6-isoquinolinediol	C1C(C2=C(C=CC(=C2)O)C(N1)C3=CC=CC=C3O)O	1.20000005	56587	PubChem:(56587);PubChem class - safety and toxic	67108866
60	1	N/A	-390.2592122317884	C15H15NO3	[M + H]+	KPQVKOCVRRAGSW	InChI=1S/C15H15NO3/c1-15(2,17)12-8-10-13(18-3)9-6-4-5-7-11(9)16-14(10)19-12/h4-8,17H,1-3H3	null	CC(C)(C1=CC2=C(C3=CC=CC=C3N=C2O1)OC)O	2.82672524	""	COCONUT:(CNP0373892);Natural Products:(UNPD35964);KEGG Mine	8592064512
61	1	N/A	-392.4210237532546	C15H15NO3	[M + H]+	KOURANDLSLPUPE	InChI=1S/C15H15NO3/c17-14(16-8-4-1-5-9-16)13-10-19-15(18)12-7-3-2-6-11(12)13/h2-3,6-7,10H,1,4-5,8-9H2	1-((1-Oxo-1H-2-benzopyran-4-yl)carbonyl)piperidine	C1CCN(CC1)C(=O)C2=COC(=O)C3=CC=CC=C32	1.89999998	10015322	PubChem:(10015322);PubChem class - safety and toxic	67108866
62	1	N/A	-399.77878460810854	C15H15NO3	[M + H]+	DSRKIBHIKLYUOK	InChI=1S/C15H15NO3/c1-8-7-16-15(14-12(8)2-3-13(14)19)9-4-10(17)6-11(18)5-9/h4-7,13,17-19H,2-3H2,1H3	null	CC1=CN=C(C2=C1CCC2O)C3=CC(=CC(=C3)O)O	1.70000005	139588492	COCONUT:(CNP0166705);Natural Products:(UNPD176776);PubChem:(139588492);SuperNatural:(SN00383992)	3178498
63	1	N/A	-400.7195452985862	C15H15NO3	[M + H]+	JSGFJQIPSAHMIO	InChI=1S/C15H15NO3/c17-14(16-11-4-2-1-3-5-11)12-9-6-7-10(8-9)13(12)15(18)19/h1-7,9-10,12-13H,8H2,(H,16,17)(H,18,19)	Maybridge1_002735	C1C2C=CC1C(C2C(=O)NC3=CC=CC=C3)C(=O)O	1.70000005	2054169;747418;300676;7012531;7012532;6542412;6589422;6589423;20328990;20328991;23306887;23306888;23309006;23309007;51007273;50897703;50904300;50935527;50935528;50936554;99935877;105631981;137465479	PubChem class - safety and toxic;PubChem:(2054169 747418 300676 7012531 7012532 6542412 6589422 6589423 20328990 20328991 23306887 23306888 23309006 23309007 51007273 50897703 50904300 50935527 50935528 50936554 99935877 105631981 137465479);PubMed	67108930
64	1	N/A	-401.6985933398209	C15H15NO3	[M + H]+	OLMLXLYLTJSOSI	InChI=1S/C15H15NO3/c16-15(18)13-8-4-7-12(14(13)19-10-9-17)11-5-2-1-3-6-11/h1-8,17H,9-10H2,(H2,16,18)	2-(2-hydroxyethoxy)-3-phenylbenzamide	C1=CC=C(C=C1)C2=C(C(=CC=C2)C(=O)N)OCCO	1.70000005	45170	PubChem:(45170);PubChem class - safety and toxic	67108866
65	1	N/A	-402.52211596846774	C15H15NO3	[M + H]+	YBYSRJYNHOVUKM	InChI=1S/C15H15NO3/c1-15(2)8-7-10-13(19-15)9-5-4-6-11(18-3)12(9)16-14(10)17/h4-8H,1-3H3,(H,16,17)	null	CC1(C=CC2=C(O1)C3=C(C(=CC=C3)OC)NC2=O)C	2.0	14166104	COCONUT:(CNP0347239);KNApSAcK:(26399);Natural Products:(UNPD56278);PubChem:(14166104);PubMed	2130002
66	1	N/A	-405.7794404723919	C15H15NO3	[M + H]+	BJLUMCCGHWLDON	InChI=1S/C15H15NO3/c17-10-9-16-15(19)13-8-4-7-12(14(13)18)11-5-2-1-3-6-11/h1-8,17-18H,9-10H2,(H,16,19)	N-(beta-Hydroxyethyl)-3-phenylsalicylamide	C1=CC=C(C=C1)C2=C(C(=CC=C2)C(=O)NCCO)O	2.29999995	116139	PubChem:(116139);PubChem class - safety and toxic	67108866
67	1	N/A	-407.5068633682477	C15H15NO3	[M + H]+	APLMCDIFIAKMLY	InChI=1S/C15H15NO3/c1-7-10-6-15(3)8(2)13(18)12(17)5-9(15)4-11(10)16-14(7)19/h4-5,18H,6H2,1-3H3,(H,16,19)	null	CC1=C2CC3(C(=C(C(=O)C=C3C=C2NC1=O)O)C)C	0.600000024	139588026	PubChem:(139588026);COCONUT:(CNP0354094)	2097154
68	1	N/A	-415.36811941735976	C15H15NO3	[M + H]+	VEZCGDOXKNSWMC	InChI=1S/C15H15NO3/c1-15(2)7-12(17)10(8-19-15)13-9-5-3-4-6-11(9)16-14(13)18/h3-6H,7-8H2,1-2H3,(H,16,18)	3-(2,2-Dimethyltetrahydropyranyliden-4-one)oxindole	CC1(CC(=O)C(=C2C3=CC=CC=C3NC2=O)CO1)C	0.800000012	3088666;20980720;21156312	PubChem:(3088666 20980720 21156312);PubChem class - safety and toxic	67108866
69	1	N/A	-417.7587192689452	C15H15NO3	[M + H]+	WPFYQSJKOJNEMK	InChI=1S/C15H15NO3/c1-8-4-2-3-5-9(8)16-14(17)12-10-6-7-11(19-10)13(12)15(16)18/h2-5,10-13H,6-7H2,1H3	2-(2-methylphenyl)hexahydro-1h-4,7-epoxyisoindole-1,3(2h)-dione	CC1=CC=CC=C1N2C(=O)C3C4CCC(C3C2=O)O4	1.39999998	89372;7315452;11896549;11896550;51015677;98115755;99720529;99720530;124818106	PubChem class - safety and toxic;PubChem:(89372 7315452 11896549 11896550 51015677 98115755 99720529 99720530 124818106);PubMed	67108930
70	1	N/A	-418.70418907484236	C15H15NO3	[M + H]+	XHIVRAVUXVHJKQ	InChI=1S/C15H15NO3/c1-8-13(19-3)12(17)11-9-6-4-5-7-10(9)16-14(11)15(8,2)18/h4-7,16,18H,1-3H3	Carbazomycin G	CC1=C(C(=O)C2=C(C1(C)O)NC3=CC=CC=C32)OC	1.60000002	3082757;92136271;92211222	COCONUT:(CNP0292772);KNApSAcK:(26727);Natural Products:(UNPD207056);PubChem:(3082757 92136271 92211222);MeSH:(3082757);PubMed	2130006
71	1	N/A	-423.67208243632336	C15H15NO3	[M + H]+	CNWARQWFIXCVHX	InChI=1S/C15H15NO3/c1-6(2)8-5-10(17)12-11-9(8)4-7(3)14(18)13(11)16-15(12)19/h4-6,17-18H,1-3H3,(H,16,19)	null	CC1=C(C2=C3C(=C1)C(=CC(=C3C(=O)N2)O)C(C)C)O	2.90578127	""	COCONUT:(CNP0230142);Natural Products:(UNPD219518)	2129920
72	1	N/A	-424.13972360736057	C15H15NO3	[M + H]+	MZQBXEHXRQQBQP	InChI=1S/C15H15NO3/c1-3-4-5-6-7-11(2)8-9-12(17)14-13(18)10-16-15(14)19/h3-4,7-9,17H,10H2,1-2H3,(H,16,19)	null	CC=CC#CC=C(C)C=CC(=C1C(=O)CNC1=O)O	3.0999999	132596093	PubChem:(132596093);COCONUT:(CNP0353685)	2097154
73	1	N/A	-429.6549964205903	C15H15NO3	[M + H]+	DBBULPFSAWELFQ	InChI=1S/C15H15NO3/c17-14-11-5-1-2-6-12(11)15(18)13(14)9-16-8-10-4-3-7-19-10/h1-2,5-6,9-10,13H,3-4,7-8H2	null	C1CC(OC1)CN=CC2C(=O)C3=CC=CC=C3C2=O	1.60000002	124202201	PubChem:(124202201);CHEBI:(105842)	34
74	1	N/A	-433.54500483456366	C15H15NO3	[M + H]+	RUKMJOPQKBQMHB	InChI=1S/C15H15NO3/c1-15(2)5-9-10(6-15)13(17)11-7-16-4-3-8(11)12(9)14(18)19/h3-4,7,17H,5-6H2,1-2H3,(H,18,19)	null	CC1(CC2=C(C3=C(C=NC=C3)C(=C2C1)O)C(=O)O)C	2.79999995	137229815;137229816	PubChem:(137229815 137229816);PubMed;Biocyc:(CPD-20161)	2114
75	1	N/A	-433.8727737484726	C15H15NO3	[M + H]+	LIFFPBRSTQSZSP	InChI=1S/C15H15NO3/c1-15(2)8-7-11-13(19-15)10-5-3-4-6-12(10)16(9-17)14(11)18/h3-8,17H,9H2,1-2H3	null	CC1(C=CC2=C(O1)C3=CC=CC=C3N(C2=O)CO)C	2.1620965	""	COCONUT:(CNP0205652);Natural Products:(UNPD17207);SuperNatural:(SN00247901);KEGG Mine	8593113088
76	1	N/A	-437.8642061109289	C15H15NO3	[M + H]+	HGTIILKZSFKZMS	InChI=1S/C15H15NO3/c1-10(17)16-14(15(18)19)9-11-6-7-12-4-2-3-5-13(12)8-11/h2-8,14H,9H2,1H3,(H,16,17)(H,18,19)	Oprea1_506025	CC(=O)NC(CC1=CC2=CC=CC=C2C=C1)C(=O)O	2.4000001	723249;1268231;3755735;6978778;101987284;101987285;129700755	PubChem:(723249 1268231 3755735 6978778 101987284 101987285 129700755);PubChem class - bio and metabolites	16777218
77	1	N/A	-438.12354987453625	C15H15NO3	[M + H]+	CQJNEJKGCVYECU	InChI=1S/C15H15NO3/c1-15-11-8-7-10(19-11)12(15)13(17)16(14(15)18)9-5-3-2-4-6-9/h2-6,10-12H,7-8H2,1H3	Compd., m. 200-1.degree.	CC12C3CCC(C1C(=O)N(C2=O)C4=CC=CC=C4)O3	1.39999998	605122;10967132	COCONUT:(CNP0189442);Natural Products:(UNPD128103);PubChem:(605122 10967132)	2129922
78	1	N/A	-450.4151877250114	C15H15NO3	[M + H]+	YYBMBBAPYWDAJX	InChI=1S/C15H15NO3/c1-15(2)8-7-10-13(19-15)9-5-4-6-11(17)12(9)16(3)14(10)18/h4-8,17H,1-3H3	null	CC1(C=CC2=C(O1)C3=C(C(=CC=C3)O)N(C2=O)C)C	2.0975306	""	COCONUT:(CNP0127957);KEGG Mine	8592031744
79	1	N/A	-461.0827487430678	C15H15NO3	[M + H]+	CYCJFMKXQPLWCL	InChI=1S/C15H15NO3/c1-8(2)15(18)14(17)11-5-4-10-6-9(3)16-7-12(10)13(11)19-15/h4-8,18H,1-3H3	null	CC1=CC2=C(C=N1)C3=C(C=C2)C(=O)C(O3)(C(C)C)O	2.70000005	10467646;139584135	COCONUT:(CNP0285810);KNApSAcK:(15416);Natural Products:(UNPD88380);PubChem:(10467646 139584135);SuperNatural:(SN00382763);MeSH:(10467646);PubMed	3178582
80	1	N/A	-462.09068659606453	C15H15NO3	[M + H]+	IKQQXQLLOSZQOS	InChI=1S/C15H15NO3/c17-15(16-8-2-1-3-9-16)7-5-12-4-6-13-14(10-12)19-11-18-13/h2,4-8,10H,1,3,9,11H2	null	C1CC=CN(C1)C(=O)C=CC2=CC3=C(C=C2)OCO3	2.83684707	""	COCONUT:(CNP0310097)	2097152
81	1	N/A	-479.58422603078714	C15H15NO3	[M + H]+	UIBXWHOZQBESMO	InChI=1S/C15H15NO3/c17-14-10-12-4-2-1-3-11(12)9-13(14)15(18)16-5-7-19-8-6-16/h1-4,9-10,17H,5-8H2	Oprea1_158817	C1COCCN1C(=O)C2=CC3=CC=CC=C3C=C2O	2.5	741858	PubChem class - safety and toxic;PubChem:(741858);PubMed	67108930
82	1	N/A	-571.0593569340904	C15H15NO3	[M + H]+	CSOVVIZBUODROO	InChI=1S/C15H15NO3/c1-8(9-5-3-2-4-6-9)15(17)18-11-7-10-13-14(19-13)12(11)16-10/h2-6,10-14,16H,1,7H2	null	C=C(C1=CC=CC=C1)C(=O)OC2CC3C4C(C2N3)O4	1.39008868	""	COCONUT:(CNP0344631)	2097152