structureRankPerFormula	formulaRank	ConfidenceScore	CSI:FingerIDScore	molecularFormula	adduct	InChIkey2D	InChI	name	smiles	xlogp	pubchemids	links	dbflags
1	1	0.3296257592760969	-71.35238313472482	C16H20O8	[M - H2O + H]+	SMUSRXYXHUGDLY	InChI=1S/C16H20O8/c1-8-13(19)14(20)15(21)16(23-8)24-10-5-3-9(4-6-12(17)18)7-11(10)22-2/h3-8,13-16,19-21H,1-2H3,(H,17,18)	null	CC1C(C(C(C(O1)OC2=C(C=C(C=C2)C=CC(=O)O)OC)O)O)O	0.537205577	11142361	COCONUT:(CNP0157917);Natural Products:(UNPD220829);PubChem:(11142361)	2129922
2	1	N/A	-93.63839168469038	C16H20O8	[M - H2O + H]+	PJFKUPRDDXTASO	InChI=1S/C16H20O8/c1-22-11-7-9(3-2-6-17)4-5-10(11)23-16-15(21)14(20)13(19)12(8-18)24-16/h2-7,12-16,18-21H,8H2,1H3	coniferaldehyde glucoside	COC1=C(C=CC(=C1)C=CC=O)OC2C(C(C(C(O2)CO)O)O)O	-0.148381308	15699109;25245998;54192079;72549260	COCONUT:(CNP0169917);Natural Products:(UNPD121596 UNPD210864 UNPD172651);PubChem:(15699109 25245998 54192079 72549260);SuperNatural:(SN00229275);CHEBI:(136949);PubChem class - bio and metabolites;Plantcyc:(CPD-81);PubMed;Biocyc:(CPD-81);KEGG Mine	8610023522
3	1	N/A	-103.9017327813574	C16H20O8	[M - H2O + H]+	MUEZIDNXMWEAOM	InChI=1S/C16H20O8/c1-8(18)2-3-9-4-5-10(19)11(6-9)23-16-15(22)14(21)13(20)12(7-17)24-16/h2-6,12-17,19-22H,7H2,1H3	null	CC(=O)C=CC1=CC(=C(C=C1)O)OC2C(C(C(C(O2)CO)O)O)O	-0.468696952	138377173	COCONUT:(CNP0222861);Natural Products:(UNPD214027 UNPD10199);PubChem:(138377173);SuperNatural:(SN00273148)	3178498
4	1	N/A	-110.65882429460886	C16H20O8	[M - H2O + H]+	LNRJPFZEOOOQOH	InChI=1S/C16H20O8/c1-22-12(18)7-6-9-4-2-3-5-10(9)23-16-15(21)14(20)13(19)11(8-17)24-16/h2-7,11,13-17,19-21H,8H2,1H3	null	COC(=O)C=CC1=CC=CC=C1OC2C(C(C(C(O2)CO)O)O)O	0.0185691658	102089797	COCONUT:(CNP0377173);Natural Products:(UNPD4588);PubChem:(102089797);SuperNatural:(SN00362597);EcoCyc Mine;KEGG Mine	25772982274
5	1	N/A	-118.25641799949476	C16H20O8	[M - H2O + H]+	IXCNPLVGVYCNDZ	InChI=1S/C16H20O8/c1-8-13(19)15(14(20)16(21)23-8)24-12(18)6-4-9-3-5-10(17)11(7-9)22-2/h3-8,13-17,19-21H,1-2H3	null	CC1C(C(C(C(O1)O)O)OC(=O)C=CC2=CC(=C(C=C2)O)OC)O	0.537205577	""	COCONUT:(CNP0130245);Natural Products:(UNPD215291)	2129920
6	1	N/A	-124.59022694776817	C16H20O8	[M - H2O + H]+	KPYQJVYNSWDFQU	InChI=1S/C16H20O8/c1-22-12(18)7-4-9-2-5-10(6-3-9)23-16-15(21)14(20)13(19)11(8-17)24-16/h2-7,11,13-17,19-21H,8H2,1H3	null	COC(=O)C=CC1=CC=C(C=C1)OC2C(C(C(C(O2)CO)O)O)O	0.0185691658	12311283;12311284	COCONUT:(CNP0117641);HMDB:(30678);Natural Products:(UNPD72989 UNPD227874);PubChem:(12311283 12311284);SuperNatural:(SN00039539);ZINC bio:(ZINC58574669);PubChem class - bio and metabolites;Training Set;PubMed;KEGG Mine	8609914954
7	1	N/A	-139.51251751184063	C16H20O8	[M - H2O + H]+	NASHUJVUBDVGDN	InChI=1S/C16H20O8/c1-8-13(19)14(20)15(16(21)23-8)24-12(18)6-4-9-3-5-10(17)11(7-9)22-2/h3-8,13-17,19-21H,1-2H3	null	CC1C(C(C(C(O1)O)OC(=O)C=CC2=CC(=C(C=C2)O)OC)O)O	0.537205577	""	COCONUT:(CNP0180426);Natural Products:(UNPD213208)	2129920
8	1	N/A	-150.99660106845388	C16H20O8	[M - H2O + H]+	KBRVSMBFJLKDNC	InChI=1S/C16H20O8/c1-8-13(19)15(14(20)16(21)23-8)24-12(18)6-4-9-3-5-11(22-2)10(17)7-9/h3-8,13-17,19-21H,1-2H3	null	CC1C(C(C(C(O1)O)O)OC(=O)C=CC2=CC(=C(C=C2)OC)O)O	0.200000003	101620460	COCONUT:(CNP0360564);Natural Products:(UNPD38049);PubChem:(101620460);SuperNatural:(SN00313173)	3178498
9	1	N/A	-167.85271046530374	C16H20O8	[M - H2O + H]+	HBQGHTRBYUFZLV	InChI=1S/C16H20O8/c1-3-4-8-5-6-9(10(7-8)22-2)23-16-13(19)11(17)12(18)14(24-16)15(20)21/h3-7,11-14,16-19H,1-2H3,(H,20,21)	null	CC=CC1=CC(=C(C=C1)OC2C(C(C(C(O2)C(=O)O)O)O)O)OC	1.0	124202102	COCONUT:(CNP0115603 CNP0255146);HMDB:(60021);PubChem:(124202102);CHEBI:(89553);PubChem class - bio and metabolites	18874410
10	1	N/A	-168.26847240320507	C16H20O8	[M - H2O + H]+	MQXZRKSWEMEXCG	InChI=1S/C16H20O8/c1-3-4-8-5-6-9(10(7-8)22-2)23-16-13(19)11(17)12(18)14(24-16)15(20)21/h3,5-7,11-14,16-19H,1,4H2,2H3,(H,20,21)	beta-D-Glucopyranosiduronic acid, 2-methoxy-4-(2-propen-1-yl)phenyl	COC1=C(C=CC(=C1)CC=C)OC2C(C(C(C(O2)C(=O)O)O)O)O	1.10000002	180633;10404975;54086604;53463113	HMDB:(135244);PubChem:(180633 10404975 54086604 53463113);PubMed;PubChem class - bio and metabolites	16777290
11	1	N/A	-172.25270058079965	C16H20O8	[M - H2O + H]+	UGNCQBJDUPXVHT	InChI=1S/C16H20O8/c1-8-13(19)14(20)15(16(21)23-8)24-12(18)6-4-9-3-5-11(22-2)10(17)7-9/h3-8,13-17,19-21H,1-2H3	null	CC1C(C(C(C(O1)O)OC(=O)C=CC2=CC(=C(C=C2)OC)O)O)O	0.200000003	101620459	COCONUT:(CNP0204018);Natural Products:(UNPD170116);PubChem:(101620459);SuperNatural:(SN00294326)	3178498
12	1	N/A	-178.27284652596813	C16H20O8	[M - H2O + H]+	FDKJBXIGTBNKPD	InChI=1S/C16H20O8/c1-22-16-15(21)14(20)13(19)11(24-16)8-23-12(18)7-4-9-2-5-10(17)6-3-9/h2-7,11,13-17,19-21H,8H2,1H3	null	COC1C(C(C(C(O1)COC(=O)C=CC2=CC=C(C=C2)O)O)O)O	-0.300000012	15048037;72191992;102371158	COCONUT:(CNP0159517);KNApSAcK:(37495);Natural Products:(UNPD43728 UNPD98162);PubChem:(15048037 72191992 102371158);SuperNatural:(SN00281813 SN00275164)	3178514
13	1	N/A	-183.8128633828021	C16H20O8	[M - H2O + H]+	ZZURYFWHVNDXFG	InChI=1S/C16H20O8/c1-8(7-17)6-9-4-2-3-5-10(9)23-16-13(20)11(18)12(19)14(24-16)15(21)22/h2-6,11-14,16-20H,7H2,1H3,(H,21,22)	null	CC(=CC1=CC=CC=C1OC2C(C(C(C(O2)C(=O)O)O)O)O)CO	0.400000006	131837510	HMDB:(133657);PubChem:(131837510);PubChem class - bio and metabolites	16777226
14	1	N/A	-187.45866154691922	C16H20O8	[M - H2O + H]+	MTOYMHLXRWCTMD	InChI=1S/C16H20O8/c1-22-10-5-2-9(3-6-10)4-7-12(17)23-8-11-13(18)14(19)15(20)16(21)24-11/h2-7,11,13-16,18-21H,8H2,1H3	null	COC1=CC=C(C=C1)C=CC(=O)OCC2C(C(C(C(O2)O)O)O)O	-0.5	44514056	COCONUT:(CNP0296842);Natural Products:(UNPD30788);PubChem:(44514056);SuperNatural:(SN00348918)	3178498
15	1	N/A	-194.35362469649655	C16H20O8	[M - H2O + H]+	ICCOBDHPGDDITK	InChI=1S/C16H20O8/c17-7-12-13(20)14(21)15(22)16(24-12)23-8-11(19)6-3-9-1-4-10(18)5-2-9/h1-6,12-18,20-22H,7-8H2	null	C1=CC(=CC=C1C=CC(=O)COC2C(C(C(C(O2)CO)O)O)O)O	-0.567953467	""	COCONUT:(CNP0380329)	2097152
16	1	N/A	-208.90784155016854	C16H20O8	[M - H2O + H]+	WNSDAHLUDKXJAU	InChI=1S/C16H20O8/c1-22-10-6-4-9(5-7-10)3-2-8-23-16-13(19)11(17)12(18)14(24-16)15(20)21/h2-7,11-14,16-19H,8H2,1H3,(H,20,21)	null	COC1=CC=C(C=C1)C=CCOC2C(C(C(C(O2)C(=O)O)O)O)O	0.300000012	131839166	PubChem:(131839166);HMDB:(135652)	10
17	1	N/A	-214.18363010482102	C16H20O8	[M - H2O + H]+	LETMSZAPHATPGU	InChI=1S/C16H20O8/c1-21-11-7-9(3-5-10(11)17)4-6-13(18)23-8-12-14(19)15(20)16(22-2)24-12/h3-7,12,14-17,19-20H,8H2,1-2H3	Methyl 5-O-feruloylarabinofuranoside	COC1C(C(C(O1)COC(=O)C=CC2=CC(=C(C=C2)O)OC)O)O	0.300000012	6438677;11724870;54029788;90469809	MeSH:(6438677);PubChem:(6438677 11724870 54029788 90469809);PubMed	70
18	1	N/A	-214.7536499993903	C16H20O8	[M - H2O + H]+	ZSKRUZIATHPLAD	InChI=1S/C16H20O8/c1-8(7-17)6-9-2-4-10(5-3-9)23-16-13(20)11(18)12(19)14(24-16)15(21)22/h2-6,11-14,16-20H,7H2,1H3,(H,21,22)	null	CC(=CC1=CC=C(C=C1)OC2C(C(C(C(O2)C(=O)O)O)O)O)CO	0.400000006	131837503	HMDB:(133650);PubChem:(131837503);PubChem class - bio and metabolites	16777226
19	1	N/A	-217.76505406743544	C16H20O8	[M - H2O + H]+	CMBNPKMTAKKMFF	InChI=1S/C16H20O8/c17-8-10(7-6-9-4-2-1-3-5-9)23-16-13(20)11(18)12(19)14(24-16)15(21)22/h1-7,10-14,16-20H,8H2,(H,21,22)	null	C1=CC=C(C=C1)C=CC(CO)OC2C(C(C(C(O2)C(=O)O)O)O)O	-0.300000012	131837566	HMDB:(133733);PubChem:(131837566);PubChem class - bio and metabolites	16777226
20	1	N/A	-218.50049102395838	C16H20O8	[M - H2O + H]+	BTKSCBBNCQCUOJ	InChI=1S/C16H20O8/c17-7-10(6-9-4-2-1-3-5-9)8-23-16-13(20)11(18)12(19)14(24-16)15(21)22/h1-6,11-14,16-20H,7-8H2,(H,21,22)	null	C1=CC=C(C=C1)C=C(CO)COC2C(C(C(C(O2)C(=O)O)O)O)O	-0.300000012	131837498	HMDB:(133645);PubChem:(131837498);PubChem class - bio and metabolites	16777226
21	1	N/A	-224.82928475146707	C16H20O8	[M - H2O + H]+	JSDFYXMSUKTBCA	InChI=1S/C16H20O8/c1-23-12(19)3-2-8-4-9(6-10(18)5-8)16-15(22)14(21)13(20)11(7-17)24-16/h2-6,11,13-18,20-22H,7H2,1H3	null	COC(=O)C=CC1=CC(=CC(=C1)O)C2C(C(C(C(O2)CO)O)O)O	-0.481361836	""	COCONUT:(CNP0075375)	2097152
22	1	N/A	-227.03642309098063	C16H20O8	[M - H2O + H]+	XWFHNHCOKMNEIG	InChI=1S/C16H20O8/c1-8(7-17)13(9-5-3-2-4-6-9)23-16-12(20)10(18)11(19)14(24-16)15(21)22/h2-8,10-14,16,18-20H,1H3,(H,21,22)	null	CC(C=O)C(C1=CC=CC=C1)OC2C(C(C(C(O2)C(=O)O)O)O)O	-0.300000012	131837492	HMDB:(133639);PubChem:(131837492);PubChem class - bio and metabolites	16777226
23	1	N/A	-229.6264283814442	C16H20O8	[M - H2O + H]+	AWMSVZXKFIZFCN	InChI=1S/C16H20O8/c1-7(12-13(23-12)8-5-3-2-4-6-8)22-16-11(19)9(17)10(18)14(24-16)15(20)21/h2-7,9-14,16-19H,1H3,(H,20,21)	null	CC(C1C(O1)C2=CC=CC=C2)OC3C(C(C(C(O3)C(=O)O)O)O)O	-0.200000003	131837575	HMDB:(133742);PubChem:(131837575);PubChem class - bio and metabolites	16777226
24	1	N/A	-233.81861812477317	C16H20O8	[M - H2O + H]+	WSBIGXWOOLUSSX	InChI=1S/C16H20O8/c1-2-3-8-4-9-15(22-7-21-9)10(5-8)23-16-14(20)13(19)12(18)11(6-17)24-16/h2,4-5,11-14,16-20H,1,3,6-7H2	null	C=CCC1=CC2=C(C(=C1)OC3C(C(C(C(O3)CO)O)O)O)OCO2	0.600000024	54446769;131751755	COCONUT:(CNP0196156);HMDB:(35441);Natural Products:(UNPD160013);PubChem:(54446769 131751755);SuperNatural:(SN00367477);PubChem class - bio and metabolites	19955722
25	1	N/A	-235.36204371166846	C16H20O8	[M - H2O + H]+	XMKJXDKWKWPNGG	InChI=1S/C16H20O8/c1-8(17)7-10(9-5-3-2-4-6-9)23-16-13(20)11(18)12(19)14(24-16)15(21)22/h2-6,10-14,16,18-20H,7H2,1H3,(H,21,22)	null	CC(=O)CC(C1=CC=CC=C1)OC2C(C(C(C(O2)C(=O)O)O)O)O	-0.600000024	131837591	HMDB:(133769);PubChem:(131837591);PubChem class - bio and metabolites	16777226
26	1	N/A	-247.06666241623955	C16H20O8	[M - H2O + H]+	LXHKSZKCMWKUQC	InChI=1S/C16H20O8/c17-10(7-6-9-4-2-1-3-5-9)8-23-16-13(20)11(18)12(19)14(24-16)15(21)22/h1-7,10-14,16-20H,8H2,(H,21,22)	null	C1=CC=C(C=C1)C=CC(COC2C(C(C(C(O2)C(=O)O)O)O)O)O	-0.300000012	131837565	HMDB:(133732);PubChem:(131837565);PubChem class - bio and metabolites	16777226
27	1	N/A	-249.58885721724994	C16H20O8	[M - H2O + H]+	ICUASRZGBSRBCL	InChI=1S/C16H20O8/c1-8(7-17)5-9-3-2-4-10(6-9)23-16-13(20)11(18)12(19)14(24-16)15(21)22/h2-6,11-14,16-20H,7H2,1H3,(H,21,22)	null	CC(=CC1=CC(=CC=C1)OC2C(C(C(C(O2)C(=O)O)O)O)O)CO	0.400000006	131837500	HMDB:(133647);PubChem:(131837500);PubChem class - bio and metabolites	16777226
28	1	N/A	-249.71876965992925	C16H20O8	[M - H2O + H]+	OFVIILMEBGXPGW	InChI=1S/C16H20O8/c1-8(17)2-3-9-4-6-10(7-5-9)23-16-13(20)11(18)12(19)14(24-16)15(21)22/h2-8,11-14,16-20H,1H3,(H,21,22)	null	CC(C=CC1=CC=C(C=C1)OC2C(C(C(C(O2)C(=O)O)O)O)O)O	0.200000003	131837572	HMDB:(133739);PubChem:(131837572);PubChem class - bio and metabolites	16777226
29	1	N/A	-262.5100769824523	C16H20O8	[M - H2O + H]+	LDUCPRSGOORDSF	InChI=1S/C16H20O8/c1-8(17)5-6-9-3-2-4-10(7-9)23-16-13(20)11(18)12(19)14(24-16)15(21)22/h2-8,11-14,16-20H,1H3,(H,21,22)	null	CC(C=CC1=CC(=CC=C1)OC2C(C(C(C(O2)C(=O)O)O)O)O)O	0.200000003	131837569	HMDB:(133736);PubChem:(131837569);PubChem class - bio and metabolites	16777226
30	1	N/A	-273.06233174032354	C16H20O8	[M - H2O + H]+	QTXYTEQMJMZIBS	InChI=1S/C16H20O8/c17-6-11-13(20)14(21)15(22)16(24-11)23-10-5-4-8(18)7-2-1-3-9(19)12(7)10/h1-3,10-11,13-17,19-22H,4-6H2	(4S)-5-hydroxy-4-[(2R,3R,4S,5S,6R)-3,4,5-trihydroxy-6-(hydroxymethyl)oxan-2-yl]oxy-3,4-dihydro-2H-naphthalen-1-one	C1CC(=O)C2=C(C1OC3C(C(C(C(O3)CO)O)O)O)C(=CC=C2)O	-1.0	21577028	COCONUT:(CNP0342280);KNApSAcK:(31926);Natural Products:(UNPD7212 UNPD20071);PubChem:(21577028);SuperNatural:(SN00301643)	3178514
31	1	N/A	-273.3327392355511	C16H20O8	[M - H2O + H]+	GSFWDAXCUBJKMY	InChI=1S/C16H20O8/c17-7-10(6-9-4-2-1-3-5-9)8-23-16-13(20)11(18)12(19)14(24-16)15(21)22/h1-5,7,10-14,16,18-20H,6,8H2,(H,21,22)	null	C1=CC=C(C=C1)CC(COC2C(C(C(C(O2)C(=O)O)O)O)O)C=O	-0.400000006	131837489	HMDB:(133636);PubChem:(131837489);PubChem class - bio and metabolites	16777226
32	1	N/A	-274.590343110278	C16H20O8	[M - H2O + H]+	TVHVBTSMUPQRGD	InChI=1S/C16H20O8/c1-16(13(24-16)8-5-3-2-4-6-8)7-22-15-11(19)9(17)10(18)12(23-15)14(20)21/h2-6,9-13,15,17-19H,7H2,1H3,(H,20,21)	null	CC1(C(O1)C2=CC=CC=C2)COC3C(C(C(C(O3)C(=O)O)O)O)O	-0.400000006	131837506	HMDB:(133653);PubChem:(131837506);PubChem class - bio and metabolites	16777226
33	1	N/A	-282.552340203036	C16H20O8	[M - H2O + H]+	XPGJRDYIODHRCO	InChI=1S/C16H20O8/c17-10(7-6-9-4-2-1-3-5-9)8-23-16-13(20)11(18)12(19)14(24-16)15(21)22/h1-5,11-14,16,18-20H,6-8H2,(H,21,22)	null	C1=CC=C(C=C1)CCC(=O)COC2C(C(C(C(O2)C(=O)O)O)O)O	-0.200000003	131837589	HMDB:(133767);PubChem:(131837589);PubChem class - bio and metabolites	16777226
34	1	N/A	-283.4489157593417	C16H20O8	[M - H2O + H]+	YEPXBPBYFZLCGU	InChI=1S/C16H20O8/c1-8(17)2-3-9-4-6-10(7-5-9)23-16-13(20)11(18)12(19)14(24-16)15(21)22/h4-7,11-14,16,18-20H,2-3H2,1H3,(H,21,22)	null	CC(=O)CCC1=CC=C(C=C1)OC2C(C(C(C(O2)C(=O)O)O)O)O	-0.100000001	10830983;85282430;117763325	HMDB:(133773);PubChem:(10830983 85282430 117763325);PubChem class - bio and metabolites	16777226
35	1	N/A	-299.27681150655906	C16H20O8	[M - H2O + H]+	VFINYNLJNQORJH	InChI=1S/C16H20O8/c1-8(7-17)6-9-2-4-10(5-3-9)23-16-13(20)11(18)12(19)14(24-16)15(21)22/h2-5,7-8,11-14,16,18-20H,6H2,1H3,(H,21,22)	null	CC(CC1=CC=C(C=C1)OC2C(C(C(C(O2)C(=O)O)O)O)O)C=O	0.300000012	131837496	HMDB:(133643);PubChem:(131837496);PubChem class - bio and metabolites	16777226
36	1	N/A	-300.49991443380384	C16H20O8	[M - H2O + H]+	AALUOHFELQKPQT	InChI=1S/C16H20O8/c1-8(17)5-6-9-3-2-4-10(7-9)23-16-13(20)11(18)12(19)14(24-16)15(21)22/h2-4,7,11-14,16,18-20H,5-6H2,1H3,(H,21,22)	null	CC(=O)CCC1=CC(=CC=C1)OC2C(C(C(C(O2)C(=O)O)O)O)O	-0.100000001	131837593	HMDB:(133771);PubChem:(131837593);PubChem class - bio and metabolites	16777226
37	1	N/A	-302.43382037082284	C16H20O8	[M - H2O + H]+	VUQLWLPBIKCXPF	InChI=1S/C16H20O8/c1-8(7-9-5-3-2-4-6-9)15(22)24-16-12(19)10(17)11(18)13(23-16)14(20)21/h2-6,8,10-13,16-19H,7H2,1H3,(H,20,21)	null	CC(CC1=CC=CC=C1)C(=O)OC2C(C(C(C(O2)C(=O)O)O)O)O	0.699999988	131837527	HMDB:(133675);PubChem:(131837527);PubChem class - bio and metabolites	16777226
38	1	N/A	-303.06062867654674	C16H20O8	[M - H2O + H]+	KODWUJKPORHWMA	InChI=1S/C16H20O8/c1-7(15(21)22)5-9-3-4-11(10(18)6-9)23-16-13(20)12(19)14(24-16)8(2)17/h3-6,8,12-14,16-20H,1-2H3,(H,21,22)	null	CC(C1C(C(C(O1)OC2=C(C=C(C=C2)C=C(C)C(=O)O)O)O)O)O	0.800000012	139584872	PubChem:(139584872);COCONUT:(CNP0104970)	2097154
39	1	N/A	-303.35349792348956	C16H20O8	[M - H2O + H]+	JIUJVEDQFZYETQ	InChI=1S/C16H20O8/c17-6-12-13(20)14(21)15(22)16(24-12)23-11-4-3-10(19)8-2-1-7(18)5-9(8)11/h1-2,5,11-18,20-22H,3-4,6H2	(4S)-6-hydroxy-4-[(2R,3R,4S,5S,6R)-3,4,5-trihydroxy-6-(hydroxymethyl)oxan-2-yl]oxy-3,4-dihydro-2H-naphthalen-1-one	C1CC(=O)C2=C(C1OC3C(C(C(C(O3)CO)O)O)O)C=C(C=C2)O	-1.0	21577029	COCONUT:(CNP0154017);KNApSAcK:(31927);Natural Products:(UNPD39470 UNPD182509);PubChem:(21577029);SuperNatural:(SN00250067 SN00394421)	3178514
40	1	N/A	-330.32643536655877	C16H20O8	[M - H2O + H]+	ZLDZEMAECZXUJI	InChI=1S/C16H20O8/c1-8(7-17)5-9-3-2-4-10(6-9)23-16-13(20)11(18)12(19)14(24-16)15(21)22/h2-4,6-8,11-14,16,18-20H,5H2,1H3,(H,21,22)	null	CC(CC1=CC(=CC=C1)OC2C(C(C(C(O2)C(=O)O)O)O)O)C=O	0.300000012	131837494	HMDB:(133641);PubChem:(131837494);PubChem class - bio and metabolites	16777226
41	1	N/A	-399.45349971933706	C16H20O8	[M - H2O + H]+	BUJQDSFTDISLDT	InChI=1S/C16H20O8/c1-9-8-16(21)24-11(3)13(18)5-7-15(20)23-10(2)12(17)4-6-14(19)22-9/h4-7,9-12,17H,8H2,1-3H3	null	CC1CC(=O)OC(C(=O)C=CC(=O)OC(C(C=CC(=O)O1)O)C)C	0.600000024	9798010;9840875;10830984;10382600	COCONUT:(CNP0349762);KNApSAcK:(16157);Natural Products:(UNPD10477);PubChem:(9798010 9840875 10830984 10382600);SuperNatural:(SN00323108);MeSH:(10830984);PubMed	3178582
42	1	N/A	-407.7116595684146	C16H20O8	[M - H2O + H]+	BXTKFJOTXLUZOE	InChI=1S/C16H20O8/c1-7-12(18)9(22-3)6-10(13(7)19)24-15-8(17)5-11(23-4)14(20)16(15,2)21/h5-6,14-15,18-21H,1-4H3	null	CC1=C(C(=CC(=C1O)OC2C(=O)C=C(C(C2(C)O)O)OC)OC)O	0.100000001	73334205	PubChem:(73334205);COCONUT:(CNP0354849)	2097154
43	1	N/A	-419.9248865454217	C16H20O8	[M - H2O + H]+	CMWOPTLOKFKJEC	InChI=1S/C16H20O8/c1-21-11(17)13(19)7-3-6-10-16(13)23-14(12(18)22-2)8-4-5-9-15(14,20)24-16/h3-4,7-8,19-20H,5-6,9-10H2,1-2H3	null	COC(=O)C1(C=CCCC12OC3(CCC=CC3(O2)C(=O)OC)O)O	0.800000012	11186847;45142131;101744342	COCONUT:(CNP0352543);Natural Products:(UNPD5546);PubChem:(11186847 45142131 101744342);SuperNatural:(SN00316942);MeSH:(101744342);PubMed	3178566
44	1	N/A	-451.14052072319913	C16H20O8	[M - H2O + H]+	PAQBRRIKEATDDL	InChI=1S/C16H20O8/c1-6(17)8-11-16(24-13(8)19)5-4-7-9(12(18)20-2)14(21-3)23-15(22-11)10(7)16/h4-11,14-15,17H,1-3H3	null	CC(C1C2C3(C=CC4C3C(O2)OC(C4C(=O)OC)OC)OC1=O)O	-0.216428906	""	COCONUT:(CNP0252533);Natural Products:(UNPD132543);SuperNatural:(SN00374093)	3178496
45	1	N/A	-453.36021701866514	C16H20O8	[M - H2O + H]+	KHXWHZISMSEWKS	InChI=1S/C16H20O8/c1-7-6-10(17)16(21,8(2)13(18)22-3)12-11-15(20,14(19)24-12)5-4-9(7)23-11/h6,8-9,11-12,20-21H,4-5H2,1-3H3	null	CC1=CC(=O)C(C2C3C(CCC1O3)(C(=O)O2)O)(C(C)C(=O)OC)O	-0.291079581	""	COCONUT:(CNP0161911);Natural Products:(UNPD7310 UNPD170762);SuperNatural:(SN00242404 SN00239142)	3178496
46	1	N/A	-457.06693152699825	C16H20O8	[M - H2O + H]+	FTDLNCOFPDXPIB	InChI=1S/C16H20O8/c1-4-22-16-14(13(20)12(19)8(3)23-16)24-15(21)11-7(2)5-9(17)6-10(11)18/h5-6,8,12,14,16-19H,4H2,1-3H3	null	CCOC1C(C(=O)C(C(O1)C)O)OC(=O)C2=C(C=C(C=C2C)O)O	1.70000005	139586000	PubChem:(139586000);COCONUT:(CNP0353617)	2097154
47	1	N/A	-466.70724719359015	C16H20O8	[M - H2O + H]+	BECCUNGYVJUQCO	InChI=1S/C16H20O8/c1-16(23)4-5-8(14(21)15(16)22)13(20)9-6(17)3-7(24-2)12(19)10(9)11(5)18/h3,5,8,11,14-15,17-19,21-23H,4H2,1-2H3	null	CC1(CC2C(C(C1O)O)C(=O)C3=C(C2O)C(=C(C=C3O)OC)O)O	-0.899999976	25014989;25270037;24778338;102148492	COCONUT:(CNP0205197);KNApSAcK:(48875);Natural Products:(UNPD197795 UNPD15962);PubChem:(25014989 25270037 24778338 102148492);SuperNatural:(SN00363551);PubMed	3178578
48	1	N/A	-495.181951549452	C16H20O8	[M - H2O + H]+	WYVKBAUSAOYEHR	InChI=1S/C16H20O8/c1-16(23)14(21)10-9(13(20)15(16)22)12(19)8-6(11(10)18)3-5(24-2)4-7(8)17/h3-4,9-11,13-15,17-18,20-23H,1-2H3	Ampelanol	CC1(C(C2C(C(C1O)O)C(=O)C3=C(C2O)C=C(C=C3O)OC)O)O	-1.5	24882470	COCONUT:(CNP0136779);Natural Products:(UNPD195524 UNPD227660);PubChem:(24882470);PubMed	2129986
1	1	N/A	-181.76803115535358	C16H18O7	[M + H]+	AHZAHMZTRGKNPT	InChI=1S/C16H18O7/c17-7-11-13(19)14(20)15(21)16(23-11)22-10-6-2-4-8-3-1-5-9(18)12(8)10/h1-6,11,13-21H,7H2	(2R,3S,4S,5R,6R)-2-(hydroxymethyl)-6-(8-hydroxynaphthalen-1-yl)oxyoxane-3,4,5-triol	C1=CC2=C(C(=C1)O)C(=CC=C2)OC3C(C(C(C(O3)CO)O)O)O	0.251099408	11427241;69038988	COCONUT:(CNP0213448);Natural Products:(UNPD30890);PubChem:(11427241 69038988);SuperNatural:(SN00278181);PubMed	3178562
2	1	N/A	-222.0705529073539	C16H18O7	[M + H]+	CQKHENXHLAUMBH	InChI=1S/C16H18O7/c1-7-5-12(17)23-11-6-9(3-4-10(7)11)22-16-15(20)14(19)13(18)8(2)21-16/h3-6,8,13-16,18-20H,1-2H3	AmbotzGBB1280	CC1C(C(C(C(O1)OC2=CC3=C(C=C2)C(=CC(=O)O3)C)O)O)O	1.094365	171334;3045274;3573836;6453189;14671369;26470329;26470503;26470505;26470512;26470767;26470768;24802324;24802325;24802326;24830107;44612416;44120044;44120048;44319301;53734761;53308518;92139504;92223691;92223692;93982609;98129240;118705364	NORMAN:(NS00056538);MeSH:(171334);PubChem:(171334 3045274 3573836 6453189 14671369 26470329 26470503 26470505 26470512 26470767 26470768 24802324 24802325 24802326 24830107 44612416 44120044 44120048 44319301 53734761 53308518 92139504 92223691 92223692 93982609 98129240 118705364);PubMed;ZINC bio:(ZINC02387029 ZINC02539734)	270406
3	1	N/A	-244.2345307065643	C16H18O7	[M + H]+	LTGVASJLENYPRP	InChI=1S/C16H18O7/c17-7-12-13(19)14(20)15(21)16(23-12)22-11-6-5-10(18)8-3-1-2-4-9(8)11/h1-6,12-21H,7H2	null	C1=CC=C2C(=C1)C(=CC=C2OC3C(C(C(C(O3)CO)O)O)O)O	0.251099408	67920370;101728056	COCONUT:(CNP0127058);Natural Products:(UNPD106763);PubChem:(67920370 101728056);SuperNatural:(SN00242943)	3178498
4	1	N/A	-265.7469919686414	C16H18O7	[M + H]+	PXAQGWCOXJEGQN	InChI=1S/C16H18O7/c1-21-11-6-9(5-8-3-2-4-10(18)13(8)11)22-16-15(20)14(19)12(7-17)23-16/h2-6,12,14-20H,7H2,1H3	null	COC1=C2C(=CC(=C1)OC3C(C(C(O3)CO)O)O)C=CC=C2O	0.726943195	25157559;102031769	COCONUT:(CNP0303477);Natural Products:(UNPD59939);PubChem:(25157559 102031769);SuperNatural:(SN00402845);PubMed	3178562
5	1	N/A	-278.7530495028993	C16H18O7	[M + H]+	ADEXVVHMWRYPCI	InChI=1S/C16H18O7/c1-10(17)23-12-7-8-13(18)16(21,14(12)19)9-22-15(20)11-5-3-2-4-6-11/h2-8,12-14,18-19,21H,9H2,1H3	Ellipeiopsol A	CC(=O)OC1C=CC(C(C1O)(COC(=O)C2=CC=CC=C2)O)O	-0.100000001	636536;22297212;56958775	COCONUT:(CNP0242783);Natural Products:(UNPD205998);PubChem:(636536 22297212 56958775)	2129922
6	1	N/A	-284.01988609666	C16H18O7	[M + H]+	MRSUSMHOQKMYCF	InChI=1S/C16H18O7/c1-2-3-4-5-6-7-11(8-9-13(18)19)23-16-15(21)14(20)12(17)10-22-16/h1,5,7,11-12,14-17,20-21H,8-10H2,(H,18,19)	null	C#CC#CC=C=CC(CCC(=O)O)OC1C(C(C(CO1)O)O)O	0.0194492396	""	COCONUT:(CNP0221131);Natural Products:(UNPD166522)	2129920
7	1	N/A	-289.053238046423	C16H18O7	[M + H]+	NGBFUIVXAMJSQR	InChI=1S/C16H18O7/c1-10(17)23-14-12(18)7-8-13(19)16(14,21)9-22-15(20)11-5-3-2-4-6-11/h2-8,12-14,18-19,21H,9H2,1H3	null	CC(=O)OC1C(C=CC(C1(COC(=O)C2=CC=CC=C2)O)O)O	-0.100000001	56958774	COCONUT:(CNP0288878);Natural Products:(UNPD205997);PubChem:(56958774)	2129922
8	1	N/A	-293.43861285520745	C16H18O7	[M + H]+	WHXVNEAEZMDWKP	InChI=1S/C16H18O7/c1-9(17)19-8-12-13-14(16(21-12)20-10(2)18)23-15(22-13)11-6-4-3-5-7-11/h3-7,12-16H,8H2,1-2H3	null	CC(=O)OCC1C2C(C(O1)OC(=O)C)OC(O2)C3=CC=CC=C3	1.04791832	""	COCONUT:(CNP0117011);Natural Products:(UNPD91050 UNPD23729);SuperNatural:(SN00344821 SN00282247)	3178496
9	1	N/A	-297.8447691376432	C16H18O7	[M + H]+	CWPFKCXRZMQTPA	InChI=1S/C16H18O7/c1-19-12-5-9(17)6-13(20-2)16(12)23-10-7-11(18)15(22-4)14(8-10)21-3/h5-8,17-18H,1-4H3	null	COC1=CC(=CC(=C1OC2=CC(=C(C(=C2)OC)OC)O)OC)O	2.56836033	""	COCONUT:(CNP0115567);Natural Products:(UNPD24020)	2129920
10	1	N/A	-317.1968231905069	C16H18O7	[M + H]+	ONWQBROUEMQPQV	InChI=1S/C16H18O7/c1-9(17)22-15(13(20)11(21-2)8-12(18)19)16-14(23-16)10-6-4-3-5-7-10/h3-8,13-16,20H,1-2H3,(H,18,19)	null	CC(=O)OC(C1C(O1)C2=CC=CC=C2)C(C(=CC(=O)O)OC)O	0.300000012	45359603;57481821	COCONUT:(CNP0111999);PubChem:(45359603 57481821);SuperNatural:(SN00037686 SN00033086 SN00037684 SN00037683 SN00037685 SN00033085 SN00033083 SN00033084);ZINC bio:(ZINC31160089 ZINC31160093 ZINC31160097 ZINC31160100 ZINC35456856 ZINC35456858 ZINC35456862 ZINC35456865)	3153922
11	1	N/A	-331.51920411656545	C16H18O7	[M + H]+	CLDAKARZYFIUGC	InChI=1S/C16H18O7/c17-11-8-16(22,15(20)21)9-12(18)14(11)23-13(19)7-6-10-4-2-1-3-5-10/h1-7,11-12,14,17-18,22H,8-9H2,(H,20,21)	null	C1C(C(C(CC1(C(=O)O)O)O)OC(=O)C=CC2=CC=CC=C2)O	0.300000012	101735701	COCONUT:(CNP0125104);KNApSAcK:(29541);Natural Products:(UNPD36635 UNPD215714);PubChem:(101735701);SuperNatural:(SN00310444)	3178514
12	1	N/A	-360.4156444649222	C16H18O7	[M + H]+	VYRMVGMGPSPOAC	InChI=1S/C16H18O7/c1-9-4-5-13(22-9)11(7-14(18)21-3)16-15(19)12(17)6-10(23-16)8-20-2/h4-6,11,19H,7-8H2,1-3H3	null	CC1=CC=C(O1)C(CC(=O)OC)C2=C(C(=O)C=C(O2)COC)O	0.699999988	71826770;97424364;97424365	PubChem:(71826770 97424364 97424365);COCONUT:(CNP0401906)	2097154
13	1	N/A	-373.6989249622877	C16H18O7	[M + H]+	SYKVXLJVXXJYAM	InChI=1S/C16H18O7/c1-10-15(16(18)21-7-6-19-2)12-8-11(4-5-13(12)23-10)22-9-14(17)20-3/h4-5,8H,6-7,9H2,1-3H3	2-methoxyethyl 5-(2-methoxy-2-oxoethoxy)-2-methylbenzofuran-3-carboxylate	CC1=C(C2=C(O1)C=CC(=C2)OCC(=O)OC)C(=O)OCCOC	2.29999995	1780288	COCONUT:(CNP0108197);PubChem:(1780288);SuperNatural:(SN00059430);ZINC bio:(ZINC02125599)	3153922
14	1	N/A	-378.29452259752657	C16H18O7	[M + H]+	PPIQKLUMTCDPST	InChI=1S/C16H18O7/c1-18-11-8-12(19-2)10(7-13-16(20-3,21-4)23-13)15-9(11)5-6-14(17)22-15/h5-6,8,13H,7H2,1-4H3	null	COC1=CC(=C(C2=C1C=CC(=O)O2)CC3C(O3)(OC)OC)OC	1.60000002	101026646	COCONUT:(CNP0229210);Natural Products:(UNPD173513);PubChem:(101026646);SuperNatural:(SN00261420)	3178498
15	1	N/A	-382.1097402477301	C16H18O7	[M + H]+	ZLGSCYHHHPKEHP	InChI=1S/C16H18O7/c1-4-20-16(18)23-11-5-6-13-12(9-11)14(10(2)22-13)15(17)21-8-7-19-3/h5-6,9H,4,7-8H2,1-3H3	2-methoxyethyl 5-ethoxycarbonyloxy-2-methyl-1-benzofuran-3-carboxylate	CCOC(=O)OC1=CC2=C(C=C1)OC(=C2C(=O)OCCOC)C	3.0	663248	COCONUT:(CNP0121975);PubChem:(663248);SuperNatural:(SN00145923);PubMed;ZINC bio:(ZINC02396610)	3153986
16	1	N/A	-417.3180109441234	C16H18O7	[M + H]+	AXGVFLQALSABLQ	InChI=1S/C16H18O7/c1-9(15(20)21)3-2-4-10(16(22)23)7-14(19)12-8-11(17)5-6-13(12)18/h3,5-6,8,10,17-18H,2,4,7H2,1H3,(H,20,21)(H,22,23)	null	CC(=CCCC(CC(=O)C1=C(C=CC(=C1)O)O)C(=O)O)C(=O)O	1.89999998	139584073	PubChem:(139584073);COCONUT:(CNP0355535)	2097154
17	1	N/A	-424.34743221125746	C16H18O7	[M + H]+	GZVVHHXNPRBBSD	InChI=1S/C16H18O7/c1-8-11(18)4-5-16(14(8)21,15(22)23)7-13(20)10-6-9(17)2-3-12(10)19/h2-3,6,11,14,17-19,21H,1,4-5,7H2,(H,22,23)	null	C=C1C(CCC(C1O)(CC(=O)C2=C(C=CC(=C2)O)O)C(=O)O)O	0.5	132542821;139588386	PubChem:(132542821 139588386);COCONUT:(CNP0355526)	2097154
18	1	N/A	-424.91378953647	C16H18O7	[M + H]+	CWLINRWSQJGKGK	InChI=1S/C16H18O7/c1-16(2,18)9-7-21-14-13(20-4)11(19-3)8-5-6-10(17)23-12(8)15(14)22-9/h5-6,9,18H,7H2,1-4H3	null	CC(C)(C1COC2=C(O1)C3=C(C=CC(=O)O3)C(=C2OC)OC)O	1.60000002	15689635	COCONUT:(CNP0172132);Natural Products:(UNPD4923);PubChem:(15689635);SuperNatural:(SN00329702)	3178498
19	1	N/A	-426.7825748449754	C16H18O7	[M + H]+	XKUCPSVYNUBFAI	InChI=1S/C16H18O7/c1-16(2,21)15(20)12(19)14-11(18)10-8(22-14)5-3-7-4-6-9(17)23-13(7)10/h3-6,11-12,14-15,18-21H,1-2H3	null	CC(C)(C(C(C1C(C2=C(O1)C=CC3=C2OC(=O)C=C3)O)O)O)O	0.486956745	""	COCONUT:(CNP0113137);Natural Products:(UNPD28377);SuperNatural:(SN00240815)	3178496
20	1	N/A	-428.8003066427739	C16H18O7	[M + H]+	LHIUAXYKBWBSBL	InChI=1S/C16H18O7/c17-13(18)9-5-1-3-7-11(9)15(21)23-16(22)12-8-4-2-6-10(12)14(19)20/h1-4,9-12H,5-8H2,(H,17,18)(H,19,20)	6-(6-carboxycyclohex-3-ene-1-carbonyl)oxycarbonylcyclohex-3-ene-1-carboxylic acid	C1C=CCC(C1C(=O)O)C(=O)OC(=O)C2CC=CCC2C(=O)O	1.20000005	20112097;20112143;23616322	PubChem:(20112097 20112143 23616322);NORMAN:(NS00047354)	262146
21	1	N/A	-430.1760146526438	C16H18O7	[M + H]+	GUVHIYQXEZUQDO	InChI=1S/C16H18O7/c17-8-9-2-1-5-16(14(9)21,15(22)23)7-13(20)11-6-10(18)3-4-12(11)19/h2-4,6,14,17-19,21H,1,5,7-8H2,(H,22,23)	null	C1CC(C(C(=C1)CO)O)(CC(=O)C2=C(C=CC(=C2)O)O)C(=O)O	0.400000006	132542824;139583299	PubChem:(132542824 139583299);COCONUT:(CNP0377837)	2097154
22	1	N/A	-433.3419757435346	C16H18O7	[M + H]+	ZGEFAWWFLHUTII	InChI=1S/C16H18O7/c17-9-3-1-8(2-4-9)14(19)22-11-6-16(20)7-21-15-13(16)10(11)5-12(18)23-15/h1-4,10-13,15,17-18,20H,5-7H2	Catalpin	C1C2C(CC3(C2C(OC3)OC1O)O)OC(=O)C4=CC=C(C=C4)O	0.600000024	160573;10591903;50918816;71716362;75582028	COCONUT:(CNP0159104);MeSH:(160573 71716362 75582028);Natural Products:(UNPD17323);PubChem:(160573 10591903 50918816 71716362 75582028);PubMed	2129990
23	1	N/A	-442.02259013391824	C16H18O7	[M + H]+	LDKXJGREMRAESV	InChI=1S/C16H18O7/c17-10-4-1-9(2-5-10)3-6-11(18)14-12(19)7-16(23,15(21)22)8-13(14)20/h1-6,12-14,17,19-20,23H,7-8H2,(H,21,22)	null	C1C(C(C(CC1(C(=O)O)O)O)C(=O)C=CC2=CC=C(C=C2)O)O	0.200000003	101639422	PubChem:(101639422);COCONUT:(CNP0105517)	2097154
24	1	N/A	-442.3611761334567	C16H18O7	[M + H]+	WHMUEJXPAUEKOX	InChI=1S/C16H18O7/c1-16(2,21)15(20)14(19)13(18)9-6-8-4-5-12(17)23-10(8)7-11(9)22-3/h4-7,13-14,18-19,21H,1-3H3	null	CC(C)(C(=O)C(C(C1=C(C=C2C(=C1)C=CC(=O)O2)OC)O)O)O	1.01694441	""	COCONUT:(CNP0081245)	2097152
25	1	N/A	-442.5254801990288	C16H18O7	[M + H]+	ODAPTVSSFGLOLG	InChI=1S/C16H18O7/c1-9-14(16(19)21-7-6-20-3)12-8-11(4-5-13(12)23-9)22-10(2)15(17)18/h4-5,8,10H,6-7H2,1-3H3,(H,17,18)	2-((3-((2-methoxyethoxy)carbonyl)-2-methylbenzofuran-5-yl)oxy)propanoic acid	CC1=C(C2=C(O1)C=CC(=C2)OC(C)C(=O)O)C(=O)OCCOC	2.4000001	1572505;1572506;1572508;1572509;2936628	COCONUT:(CNP0036908 CNP0183215);PubChem:(1572505 1572506 1572508 1572509 2936628);SuperNatural:(SN00050927 SN00050926);ZINC bio:(ZINC01782605 ZINC01782607)	3153922
26	1	N/A	-445.07887326474776	C16H18O7	[M + H]+	VVGCXZDHBJNPRE	InChI=1S/C16H18O7/c1-18-10-5-6-12-13(7-10)22-15(20-3)9-11(19-2)8-14(17)16(15,21-4)23-12/h5-8H,9H2,1-4H3	null	COC1=CC(=O)C2(C(C1)(OC3=C(O2)C=CC(=C3)OC)OC)OC	1.29999995	53360082	COCONUT:(CNP0213993);Natural Products:(UNPD200636);PubChem:(53360082)	2129922
27	1	N/A	-446.68343641279176	C16H18O7	[M + H]+	YMKXORWCVJTAMW	InChI=1S/C16H18O7/c1-6(17)9-7(2)23-16-5-4-8-10(13(18)20-3)14(19)22-15(11(8)16)21-12(9)16/h4-6,8,10-11,14-15,17,19H,2H2,1,3H3	null	CC(C1=C2C3(C=CC4C3C(O2)OC(C4C(=O)OC)O)OC1=C)O	0.420271397	""	COCONUT:(CNP0358321)	2097152
28	1	N/A	-454.5006566190269	C16H18O7	[M + H]+	ACSAPBOZTQYZSV	InChI=1S/C16H18O7/c1-7(17)20-11-5-13-16(2,23-13)6-12-8(4-14(18)21-12)10-3-9(11)15(19)22-10/h3,8,10-13H,4-6H2,1-2H3	null	CC(=O)OC1CC2C(O2)(CC3C(CC(=O)O3)C4C=C1C(=O)O4)C	0.562506914	""	COCONUT:(CNP0223361);Natural Products:(UNPD128791);SuperNatural:(SN00265930)	3178496
29	1	N/A	-468.9632726321465	C16H18O7	[M + H]+	MLOZPTTXVAPEPM	InChI=1S/C16H18O7/c1-16(22)10(18)5-8-12(15(16)21)14(20)7-3-6(23-2)4-9(17)11(7)13(8)19/h3-5,10,12,14-15,17-18,20-22H,1-2H3	Rel-Dihydroaltersolanol A	CC1(C(C=C2C(C1O)C(C3=C(C2=O)C(=CC(=C3)OC)O)O)O)O	-0.699999988	57332240	COCONUT:(CNP0355206);PubChem:(57332240);PubMed	2097218
30	1	N/A	-471.92490351157323	C16H18O7	[M + H]+	YAYLZJMYAWCSFK	InChI=1S/C16H18O7/c1-7-16(21)14(20)12-9(3-2-4-10(12)17)13(19)15(16)6-8(22-7)5-11(18)23-15/h2-4,7-8,13-14,17,19-21H,5-6H2,1H3	Ambotz5500138	CC1C2(C(C3=C(C=CC=C3O)C(C24CC(O1)CC(=O)O4)O)O)O	-1.20000005	10782062;85266063	COCONUT:(CNP0317582);MeSH:(10782062);KNApSAcK:(49209);PubChem:(10782062 85266063);PubMed	2097238
31	1	N/A	-475.8337639218207	C16H18O7	[M + H]+	YBIUZLUVUQHDHO	InChI=1S/C16H18O7/c1-7(17)4-8-5-11-14(22-8)9-6-10(20-2)15(21-3)13(18)12(9)16(19)23-11/h6,8,11,14,18H,4-5H2,1-3H3	null	CC(=O)CC1CC2C(O1)C3=CC(=C(C(=C3C(=O)O2)O)OC)OC	1.29999995	71436822;122201316	COCONUT:(CNP0254754);Natural Products:(UNPD133774);PubChem:(71436822 122201316);SuperNatural:(SN00347927)	3178498
32	1	N/A	-482.69652055024653	C16H18O7	[M + H]+	VPMBQAULVONHEM	InChI=1S/C16H18O7/c17-7-16-8-23-14(22)15(16,4-3-13(16)21)6-12(20)10-5-9(18)1-2-11(10)19/h1-2,5,13,17-19,21H,3-4,6-8H2	null	C1CC2(C(=O)OCC2(C1O)CO)CC(=O)C3=C(C=CC(=C3)O)O	0.699999988	132542817;139587847	PubChem:(132542817 139587847);COCONUT:(CNP0355555)	2097154
33	1	N/A	-485.46637536090634	C16H18O7	[M + H]+	SPSVXKCRZBHPJN	InChI=1S/C16H18O7/c1-8-16(22)14(20)12-10(3-2-4-11(12)18)13(19)15(16,21)7-9(23-8)5-6-17/h2-4,8-9,17-18,21-22H,5-7H2,1H3	null	CC1C2(C(=O)C3=C(C=CC=C3O)C(=O)C2(CC(O1)CCO)O)O	0.0	57509544	COCONUT:(CNP0066871);PubChem:(57509544);SuperNatural:(SN00042200 SN00042201 SN00042198 SN00042199);ZINC bio:(ZINC72320643 ZINC72320644 ZINC72320645 ZINC72320646)	3153922
34	1	N/A	-492.59895694281397	C16H18O7	[M + H]+	WUYKSAOSAAJMEW	InChI=1S/C16H18O7/c1-16(22)10(18)5-8-12(15(16)21)14(20)7-3-6(23-2)4-9(17)11(7)13(8)19/h3-4,8,10,12,15,17-18,21-22H,5H2,1-2H3	null	CC1(C(CC2C(C1O)C(=O)C3=C(C2=O)C(=CC(=C3)OC)O)O)O	-0.200000003	132562011	PubChem:(132562011);COCONUT:(CNP0356974)	2097154
35	1	N/A	-515.8228457683945	C16H18O7	[M + H]+	OFCZYAPTCLNKHM	InChI=1S/C16H18O7/c1-7-6-9(18)12-13(19)11-8(17)4-3-5-10(11)23-16(12,14(7)20)15(21)22-2/h3-5,7,9,12,14,17-18,20H,6H2,1-2H3	null	CC1CC(C2C(=O)C3=C(C=CC=C3OC2(C1O)C(=O)OC)O)O	1.60000002	134151247;134155262	COCONUT:(CNP0313109);PubChem:(134151247 134155262);PubMed	2097218
36	1	N/A	-536.2895507782953	C16H18O7	[M + H]+	BKNKCWICQIBONA	InChI=1S/C16H18O7/c1-16(22-3)5-7-8(6-23-16)14(19)11-9(17)4-10(21-2)15(20)12(11)13(7)18/h4,7-8,17,20H,5-6H2,1-3H3	null	CC1(CC2C(CO1)C(=O)C3=C(C2=O)C(=C(C=C3O)OC)O)OC	1.70000005	102190218	COCONUT:(CNP0244684);Natural Products:(UNPD39536);PubChem:(102190218);SuperNatural:(SN00235954)	3178498
37	1	N/A	-539.4257120456069	C16H18O7	[M + H]+	ZDTVVJKZWOPSHO	InChI=1S/C16H18O7/c1-13(2)6-7(12(19)20-4)16(23-13)11-10(22-11)15(5-21-15)14(16,3)9(18)8(6)17/h6-7,10-11H,5H2,1-4H3	null	CC1(C2C(C3(O1)C4C(O4)C5(C3(C(=O)C2=O)C)CO5)C(=O)OC)C	-1.29999995	11220966	MeSH:(11220966);PubChem:(11220966);PubMed	70
38	1	N/A	-578.3792037490291	C16H18O7	[M + H]+	KAEISJZNDFFRCY	InChI=1S/C16H18O7/c1-16(20)5-7-8(6-23-16)14(18)11-9(21-2)4-10(22-3)15(19)12(11)13(7)17/h4,7-8,19-20H,5-6H2,1-3H3	8-O-methylfusarubin	CC1(CC2C(CO1)C(=O)C3=C(C2=O)C(=C(C=C3OC)OC)O)O	1.0	46906535	COCONUT:(CNP0306038);Natural Products:(UNPD747);PubChem:(46906535);SuperNatural:(SN00363969);PubMed	3178562
39	1	N/A	-608.359602414977	C16H18O7	[M + H]+	PCSBVPMYIHSHPB	InChI=1S/C16H18O7/c1-8-2-3-11(18)12(19)7-14(21)16-9(5-15(22)23-8)4-10(17)6-13(16)20/h4,6,8,12,17,19-20H,2-3,5,7H2,1H3	9,13,15-trihydroxy-5-methyl-4-oxabicyclo[10.4.0]hexadeca-1(12),13,15-triene-3,8,11-trione	CC1CCC(=O)C(CC(=O)C2=C(CC(=O)O1)C=C(C=C2O)O)O	1.0	638961;14582209;14582210	COCONUT:(CNP0276792);Natural Products:(UNPD168890 UNPD89566);PubChem:(638961 14582209 14582210);SuperNatural:(SN00234682 SN00300039)	3178498