structureRankPerFormula	formulaRank	ConfidenceScore	CSI:FingerIDScore	molecularFormula	adduct	InChIkey2D	InChI	name	smiles	xlogp	pubchemids	links	dbflags
1	1	N/A	-54.541438940796375	C42H80NO9P	[M + H]+	HZKBHRZARZUXPO	InChI=1S/C42H80NO9P/c1-6-8-10-11-12-13-14-15-16-17-21-24-28-32-41(44)48-36-38(37-50-53(46,47)49-35-34-43(3,4)5)51-42(45)33-29-25-22-19-18-20-23-27-31-40-39(52-40)30-26-9-7-2/h23,27,38-40H,6-22,24-26,28-37H2,1-5H3/p+1	null	CCCCCCCCCCCCCCCC(=O)OCC(COP(=O)(O)OCC[N+](C)(C)C)OC(=O)CCCCCCCC=CCC1C(O1)CCCCC	12.0	49859724;49859725;90659302;90659303	Plantcyc:(CPD-12644);PubChem:(49859724 49859725 90659302 90659303);YMDB Mine;Biocyc:(CPD-18897 CPD-12644);PubChem class - bio and metabolites	34376648706
2	1	N/A	-235.24961123834169	C42H80NO9P	[M + H]+	WBKLUOHQBQPPBN	InChI=1S/C42H80NO9P/c1-3-5-7-9-11-13-15-17-19-21-23-25-27-29-31-33-35-49-36-39(37-50-53(47,48)51-38-40(43)42(45)46)52-41(44)34-32-30-28-26-24-22-20-18-16-14-12-10-8-6-4-2/h18,20,33,35,39-40H,3-17,19,21-32,34,36-38,43H2,1-2H3,(H,45,46)(H,47,48)	1-(1Z-octadecenyl)-2-(9Z-octadecenoyl)-glycero-3-phosphoserine	CCCCCCCCCCCCCCCCC=COCC(COP(=O)(O)OCC(C(=O)O)N)OC(=O)CCCCCCCC=CCCCCCCCC	11.6999998	52926273;86289531	PubChem:(52926273 86289531);CHEBI:(79206 78341)	34
1	1	0.15451715381829143	-42.61839136785315	C42H82NO10P	[M - H2O + H]+	PZGLXPVJRAJRPD	InChI=1S/C42H82NO10P/c1-6-8-10-12-14-15-16-17-18-19-21-25-29-33-41(44)49-37-40(38-51-54(47,48)50-36-35-43(3,4)5)52-42(45)34-30-26-22-24-28-32-39(53-46)31-27-23-20-13-11-9-7-2/h27,31,39-40H,6-26,28-30,32-38H2,1-5H3,(H-,46,47,48)/p+1	null	CCCCCCCCCCCCCCCC(=O)OCC(COP(=O)(O)OCC[N+](C)(C)C)OC(=O)CCCCCCCC(C=CCCCCCCC)OO	12.3000002	86583339;86583340	PubChem:(86583339 86583340);CHEBI:(77753)	34
2	1	N/A	-58.15960333390923	C42H82NO10P	[M - H2O + H]+	WDVMUQGXOAZRKX	InChI=1S/C42H82NO10P/c1-6-8-10-12-14-15-16-17-18-19-20-25-29-33-41(44)49-37-40(38-51-54(47,48)50-36-35-43(3,4)5)52-42(45)34-30-26-22-21-24-28-32-39(53-46)31-27-23-13-11-9-7-2/h28,32,39-40H,6-27,29-31,33-38H2,1-5H3,(H-,46,47,48)/p+1	null	CCCCCCCCCCCCCCCC(=O)OCC(COP(=O)(O)OCC[N+](C)(C)C)OC(=O)CCCCCCC=CC(CCCCCCCC)OO	12.3000002	86289547;86289548	PubChem:(86289547 86289548);CHEBI:(77749)	34
3	1	N/A	-87.43684857002134	C42H82NO10P	[M - H2O + H]+	YPXDUVWMKVFZDW	InChI=1S/C42H82NO10P/c1-3-5-7-9-11-13-15-17-18-19-20-22-23-25-27-29-31-33-40(44)50-35-38(36-51-54(48,49)52-37-39(43)42(46)47)53-41(45)34-32-30-28-26-24-21-16-14-12-10-8-6-4-2/h38-39H,3-37,43H2,1-2H3,(H,46,47)(H,48,49)	1-eicosanoyl-2-hexadecanoyl-glycero-3-phosphoserine	CCCCCCCCCCCCCCCCCCCC(=O)OCC(COP(=O)(O)OCC(C(=O)O)N)OC(=O)CCCCCCCCCCCCCCC	12.1000004	52925973	HMDB:(112514);PubChem:(52925973);PubChem class - bio and metabolites	16777226
4	1	N/A	-87.43684857002134	C42H82NO10P	[M - H2O + H]+	MKJXHEZRBYAXTM	InChI=1S/C42H82NO10P/c1-3-5-7-9-11-13-15-16-17-18-19-20-21-22-24-25-27-29-31-33-40(44)50-35-38(36-51-54(48,49)52-37-39(43)42(46)47)53-41(45)34-32-30-28-26-23-14-12-10-8-6-4-2/h38-39H,3-37,43H2,1-2H3,(H,46,47)(H,48,49)	1-docosanoyl-2-tetradecanoyl-glycero-3-phosphoserine	CCCCCCCCCCCCCCCCCCCCCC(=O)OCC(COP(=O)(O)OCC(C(=O)O)N)OC(=O)CCCCCCCCCCCCC	12.1000004	52925958;134749782	HMDB:(112707);PubChem:(52925958 134749782);PubChem class - bio and metabolites	16777226
5	1	N/A	-87.43684857002134	C42H82NO10P	[M - H2O + H]+	MXERKOUIKYBOJD	InChI=1S/C42H82NO10P/c1-3-5-7-9-11-13-15-16-17-18-19-20-21-22-24-26-28-30-32-34-41(45)53-38(36-51-54(48,49)52-37-39(43)42(46)47)35-50-40(44)33-31-29-27-25-23-14-12-10-8-6-4-2/h38-39H,3-37,43H2,1-2H3,(H,46,47)(H,48,49)	1-tetradecanoyl-2-docosanoyl-glycero-3-phosphoserine	CCCCCCCCCCCCCCCCCCCCCC(=O)OC(COC(=O)CCCCCCCCCCCCC)COP(=O)(O)OCC(C(=O)O)N	12.1000004	52926028;75958944;134751174	HMDB:(112300);PubChem:(52926028 75958944 134751174);PubChem class - bio and metabolites	16777226
6	1	N/A	-87.43684857002134	C42H82NO10P	[M - H2O + H]+	TZCPCKNHXULUIY	InChI=1S/C42H82NO10P/c1-3-5-7-9-11-13-15-17-19-21-23-25-27-29-31-33-40(44)50-35-38(36-51-54(48,49)52-37-39(43)42(46)47)53-41(45)34-32-30-28-26-24-22-20-18-16-14-12-10-8-6-4-2/h38-39H,3-37,43H2,1-2H3,(H,46,47)(H,48,49)	Phosphatidylserine(36:0)	CCCCCCCCCCCCCCCCCC(=O)OCC(COP(=O)(O)OCC(C(=O)O)N)OC(=O)CCCCCCCCCCCCCCCCC	12.1000004	9547075;9547096;15409341;10417847;49859635;91746197;133612130;136212664	COCONUT:(CNP0234076);HMDB:(12378);PubChem:(9547075 9547096 15409341 10417847 49859635 91746197 133612130 136212664);CHEBI:(84519);additional;PubChem class - bio and metabolites;Biocyc:(CPD-12816)	19400746
7	1	N/A	-87.43684857002134	C42H82NO10P	[M - H2O + H]+	GJYVTUCBLWPUAE	InChI=1S/C42H82NO10P/c1-3-5-7-9-11-13-15-17-18-19-20-22-24-26-28-30-32-34-41(45)53-38(36-51-54(48,49)52-37-39(43)42(46)47)35-50-40(44)33-31-29-27-25-23-21-16-14-12-10-8-6-4-2/h38-39H,3-37,43H2,1-2H3,(H,46,47)(H,48,49)	1-hexadecanoyl-2-eicosanoyl-sn-glycero-3-phosphoserine	CCCCCCCCCCCCCCCCCCCC(=O)OC(COC(=O)CCCCCCCCCCCCCCC)COP(=O)(O)OCC(C(=O)O)N	12.1000004	9547095;85036845	HMDB:(112345);PubChem:(9547095 85036845);PubChem class - bio and metabolites	16777226