structureRankPerFormula	formulaRank	ConfidenceScore	CSI:FingerIDScore	molecularFormula	adduct	InChIkey2D	InChI	name	smiles	xlogp	pubchemids	links	dbflags
1	1	N/A	-128.05888597424754	C15H20O9	[M - H2O + H]+	JTUGHXNNGQUKSQ	InChI=1S/C15H20O9/c1-6-4-8(17)15(21)2-3-22-13(9(6)15)24-14-12(20)11(19)10(18)7(5-16)23-14/h2-4,7,9-14,16,18-21H,5H2,1H3	null	CC1=CC(=O)C2(C1C(OC=C2)OC3C(C(C(C(O3)CO)O)O)O)O	-2.29999995	132596042	COCONUT:(CNP0264297);KNApSAcK:(10717);Natural Products:(UNPD72622 UNPD13923);PubChem:(132596042);SuperNatural:(SN00303472 SN00306934)	3178514
2	1	N/A	-139.434392017505	C15H20O9	[M - H2O + H]+	CZLZOXCIBSFIKX	InChI=1S/C15H20O9/c16-5-7-1-2-15(21)3-4-22-13(9(7)15)24-14-12(20)11(19)10(18)8(6-17)23-14/h1,3-5,8-14,17-21H,2,6H2	null	C1C=C(C2C1(C=COC2OC3C(C(C(C(O3)CO)O)O)O)O)C=O	-1.95903063	""	COCONUT:(CNP0081522);KNApSAcK:(10577);Natural Products:(UNPD35987);SuperNatural:(SN00279878)	3178512
3	1	N/A	-158.91365038963346	C15H20O9	[M - H2O + H]+	FAOBAMPQSYZUJH	InChI=1S/C15H20O9/c16-3-1-2-7-4-8(18)14(9(19)5-7)24-15-13(22)12(21)11(20)10(6-17)23-15/h1-2,4-5,10-13,15-22H,3,6H2	null	C1=C(C=C(C(=C1O)OC2C(C(C(C(O2)CO)O)O)O)O)C=CCO	-1.16254568	""	COCONUT:(CNP0198043);Natural Products:(UNPD124974)	2129920
4	1	N/A	-180.7929842973753	C15H20O9	[M - H2O + H]+	ZOXGFRPOVZICLP	InChI=1S/C15H20O9/c16-6-10-12(20)13(21)14(22)15(24-10)23-9-5-8(17)3-1-7(9)2-4-11(18)19/h1,3,5,10,12-17,20-22H,2,4,6H2,(H,18,19)	3-[4-hydroxy-2-[(2S,3R,4S,5S,6R)-3,4,5-trihydroxy-6-(hydroxymethyl)oxan-2-yl]oxyphenyl]propanoic acid	C1=CC(=C(C=C1O)OC2C(C(C(C(O2)CO)O)O)O)CCC(=O)O	-0.6985057	11427899	COCONUT:(CNP0123940);Natural Products:(UNPD29499);PubChem:(11427899);SuperNatural:(SN00347769)	3178498
5	1	N/A	-193.93767333691386	C15H20O9	[M - H2O + H]+	SSWOBGVMZQWPTN	InChI=1S/C15H20O9/c1-21-8-4-3-7(5-9(8)22-2)14(20)24-15-13(19)12(18)11(17)10(6-16)23-15/h3-5,10-13,15-19H,6H2,1-2H3	null	COC1=C(C=C(C=C1)C(=O)OC2C(C(C(C(O2)CO)O)O)O)OC	-0.489899039	101712128;137796461	COCONUT:(CNP0205502);Natural Products:(UNPD103475);PubChem:(101712128 137796461);SuperNatural:(SN00350807);KEGG Mine	8593113090
6	1	N/A	-207.58222548878092	C15H20O9	[M - H2O + H]+	YIVAJDUKDDJWPS	InChI=1S/C15H20O9/c1-6(17)11-8(22-2)3-7(18)4-9(11)23-15-14(21)13(20)12(19)10(5-16)24-15/h3-4,10,12-16,18-21H,5H2,1-2H3	null	CC(=O)C1=C(C=C(C=C1OC2C(C(C(C(O2)CO)O)O)O)O)OC	-0.977165163	100986272;131751630	COCONUT:(CNP0185412);HMDB:(34862);Natural Products:(UNPD144301);PubChem:(100986272 131751630);CHEBI:(140767);PubChem class - bio and metabolites	18907178
7	1	N/A	-209.06615186963475	C15H20O9	[M - H2O + H]+	INSAQPSCUXYJAY	InChI=1S/C15H20O9/c1-21-9-5-7(14(20)22-2)3-4-8(9)23-15-13(19)12(18)11(17)10(6-16)24-15/h3-5,10-13,15-19H,6H2,1-2H3	null	COC1=C(C=CC(=C1)C(=O)OC)OC2C(C(C(C(O2)CO)O)O)O	-0.489899039	53304887;57481803;75368784;91825829;133645887	COCONUT:(CNP0123622);Natural Products:(UNPD218356);PubChem:(53304887 57481803 75368784 91825829 133645887)	2129922
8	1	N/A	-211.22825612406362	C15H20O9	[M - H2O + H]+	APQFDHZCDLNMLA	InChI=1S/C15H20O9/c16-6-9-11(20)12(21)13(22)15(23-9)24-14-7(4-5-10(18)19)2-1-3-8(14)17/h1-3,9,11-13,15-17,20-22H,4-6H2,(H,18,19)	null	C1=CC(=C(C(=C1)O)OC2C(C(C(C(O2)CO)O)O)O)CCC(=O)O	-0.800000012	100640816;133562323	COCONUT:(CNP0086998);Training Set;PubChem:(100640816 133562323);additional	2637826
9	1	N/A	-218.77839001305924	C15H20O9	[M - H2O + H]+	JDNUVLAJLPVYNP	InChI=1S/C15H20O9/c16-6-9-12(20)13(21)14(22)15(24-9)23-8-3-1-2-7(11(8)19)4-5-10(17)18/h1-3,9,12-16,19-22H,4-6H2,(H,17,18)	null	C1=CC(=C(C(=C1)OC2C(C(C(C(O2)CO)O)O)O)O)CCC(=O)O	-0.6985057	100640774;133562322	COCONUT:(CNP0095325);Training Set;PubChem:(100640774 133562322);additional	2637826
10	1	N/A	-219.07246307036243	C15H20O9	[M - H2O + H]+	LRLSUOQJGUVLHS	InChI=1S/C15H20O9/c1-8(16)21-7-15(24-11(4)19)6-5-12(20)13(22-9(2)17)14(15)23-10(3)18/h5-6,12-14,20H,7H2,1-4H3	null	CC(=O)OCC1(C=CC(C(C1OC(=O)C)OC(=O)C)O)OC(=O)C	-0.790046871	""	COCONUT:(CNP0305004);Natural Products:(UNPD61873);SuperNatural:(SN00327841)	3178496
11	1	N/A	-228.05539838853414	C15H20O9	[M - H2O + H]+	XERRGONJPVYTDB	InChI=1S/C15H20O9/c1-6(17)11-8(18)3-7(22-2)4-9(11)23-15-14(21)13(20)12(19)10(5-16)24-15/h3-4,10,12-16,18-21H,5H2,1-2H3	pleoside	CC(=O)C1=C(C=C(C=C1OC2C(C(C(C(O2)CO)O)O)O)OC)O	-0.977165163	44566416;75072039	COCONUT:(CNP0201008);HMDB:(29647);Natural Products:(UNPD189394 UNPD107689 UNPD82207);PubChem:(44566416 75072039);SuperNatural:(SN00233719 SN00393125 SN00376636);PubChem class - bio and metabolites;PubMed;KEGG Mine	8609890378
12	1	N/A	-232.6177429405493	C15H20O9	[M - H2O + H]+	LSHBVEKPESRSHY	InChI=1S/C15H20O9/c1-22-10-4-7(2-3-8(10)17)9(18)6-23-15-14(21)13(20)12(19)11(5-16)24-15/h2-4,11-17,19-21H,5-6H2,1H3	null	COC1=C(C=CC(=C1)C(=O)COC2C(C(C(C(O2)CO)O)O)O)O	-1.0	101992980	COCONUT:(CNP0308197);Natural Products:(UNPD85117);PubChem:(101992980);SuperNatural:(SN00342304)	3178498
13	1	N/A	-233.81216647059335	C15H20O9	[M - H2O + H]+	DNMNFEFVHVMPES	InChI=1S/C15H20O9/c1-6(17)11-8(18)3-7(4-9(11)22-2)23-15-14(21)13(20)12(19)10(5-16)24-15/h3-4,10,12-16,18-21H,5H2,1-2H3	1-[2-hydroxy-6-methoxy-4-[(2S,3R,4S,5S,6R)-3,4,5-trihydroxy-6-(hydroxymethyl)oxan-2-yl]oxyphenyl]ethanone	CC(=O)C1=C(C=C(C=C1OC)OC2C(C(C(C(O2)CO)O)O)O)O	-0.977165163	15929152	COCONUT:(CNP0293459);Natural Products:(UNPD163095);PubChem:(15929152);SuperNatural:(SN00266533);PubMed	3178562
14	1	N/A	-237.66621174561357	C15H20O9	[M - H2O + H]+	JZUUBLXPQTVXPP	InChI=1S/C15H20O9/c1-21-9-5-7(14(19)20)3-4-8(9)23-15-12(18)11(17)13(22-2)10(6-16)24-15/h3-5,10-13,15-18H,6H2,1-2H3,(H,19,20)	null	COC1C(OC(C(C1O)O)OC2=C(C=C(C=C2)C(=O)O)OC)CO	-0.489899039	102274087	COCONUT:(CNP0416293);Natural Products:(UNPD52174);PubChem:(102274087);SuperNatural:(SN00266430)	3178498
15	1	N/A	-240.8726498511125	C15H20O9	[M - H2O + H]+	AYMJCHHSHFRKRI	InChI=1S/C15H20O9/c1-22-11(18)5-7-4-8(17)2-3-9(7)23-15-14(21)13(20)12(19)10(6-16)24-15/h2-4,10,12-17,19-21H,5-6H2,1H3	methyl 2-[5-hydroxy-2-[(2S,3R,4S,5S,6R)-3,4,5-trihydroxy-6-(hydroxymethyl)oxan-2-yl]oxyphenyl]acetate	COC(=O)CC1=C(C=CC(=C1)O)OC2C(C(C(C(O2)CO)O)O)O	-0.737989962	11256426	COCONUT:(CNP0203593);Natural Products:(UNPD31684);PubChem:(11256426);SuperNatural:(SN00293628);PubMed	3178562
16	1	N/A	-267.4733730664661	C15H20O9	[M - H2O + H]+	ZBFCDPOKIFSNQU	InChI=1S/C15H20O9/c1-6-10(16)11(17)12(18)15(23-6)24-13-8(21-2)4-7(14(19)20)5-9(13)22-3/h4-6,10-12,15-18H,1-3H3,(H,19,20)	3,5-dimethoxy-4-(3,4,5-trihydroxy-6-methyloxan-2-yl)oxybenzoic acid	CC1C(C(C(C(O1)OC2=C(C=C(C=C2OC)C(=O)O)OC)O)O)O	-0.300000012	20981139;90845766	COCONUT:(CNP0272845);Natural Products:(UNPD199808);PubChem:(20981139 90845766);PubMed	2129986
17	1	N/A	-274.93375978367607	C15H20O9	[M - H2O + H]+	ZYYFGDMJGUTQFS	InChI=1S/C15H20O9/c1-6-2-7(17)3-8(18)11(6)9(19)5-23-15-14(22)13(21)12(20)10(4-16)24-15/h2-3,10,12-18,20-22H,4-5H2,1H3	null	CC1=CC(=CC(=C1C(=O)COC2C(C(C(C(O2)CO)O)O)O)O)O	-0.400000006	101458349	COCONUT:(CNP0118903);Natural Products:(UNPD225751);PubChem:(101458349)	2129922
18	1	N/A	-290.7869145605503	C15H20O9	[M - H2O + H]+	DHJIBWLBYKDTFT	InChI=1S/C15H20O9/c1-3-6-4-5-7(16)12(22-2)11(6)23-15-10(19)8(17)9(18)13(24-15)14(20)21/h4-5,8-10,13,15-19H,3H2,1-2H3,(H,20,21)	null	CCC1=C(C(=C(C=C1)O)OC)OC2C(C(C(C(O2)C(=O)O)O)O)O	0.400000006	131834429	HMDB:(128054);PubChem:(131834429);PubChem class - bio and metabolites	16777226
19	1	N/A	-291.98318197938704	C15H20O9	[M - H2O + H]+	ZXJJNQBRYWHKQP	InChI=1S/C15H20O9/c1-3-6-4-7(22-2)9(16)8(5-6)23-15-12(19)10(17)11(18)13(24-15)14(20)21/h4-5,10-13,15-19H,3H2,1-2H3,(H,20,21)	null	CCC1=CC(=C(C(=C1)OC2C(C(C(C(O2)C(=O)O)O)O)O)O)OC	0.400000006	131834392	HMDB:(128017);PubChem:(131834392);PubChem class - bio and metabolites	16777226
20	1	N/A	-292.38916994275144	C15H20O9	[M - H2O + H]+	UVYUXRVHTAFBAR	InChI=1S/C15H20O9/c1-5-7(16)8(17)15(22)13(5)3-6(24-10(19)9(13)18)12(2,21)14(15)4-23-11(14)20/h5-9,16-18,21-22H,3-4H2,1-2H3	null	CC1C(C(C2(C13CC(C(C24COC4=O)(C)O)OC(=O)C3O)O)O)O	-2.9000001	10958863;101151013	COCONUT:(CNP0278166);Natural Products:(UNPD148798);PubChem:(10958863 101151013);SuperNatural:(SN00163372);KEGG Mine	8593113090
21	1	N/A	-297.97177716139197	C15H20O9	[M - H2O + H]+	QAQLSBADVTWOPZ	InChI=1S/C15H20O9/c1-5-7(16)8(17)15(22)12(2)4-23-11(20)14(12,21)6-3-13(5,15)9(18)10(19)24-6/h5-9,16-18,21-22H,3-4H2,1-2H3	null	CC1C(C(C2(C13CC(C4(C2(COC4=O)C)O)OC(=O)C3O)O)O)O	-2.4000001	102251624	COCONUT:(CNP0202599);Natural Products:(UNPD174844);PubChem:(102251624);SuperNatural:(SN00388539)	3178498
22	1	N/A	-299.21569150366076	C15H20O9	[M - H2O + H]+	LMEAQQVORZRQGH	InChI=1S/C15H20O9/c1-3-6-4-5-7(12(22-2)8(6)16)23-15-11(19)9(17)10(18)13(24-15)14(20)21/h4-5,9-11,13,15-19H,3H2,1-2H3,(H,20,21)	null	CCC1=C(C(=C(C=C1)OC2C(C(C(C(O2)C(=O)O)O)O)O)OC)O	0.400000006	131834430	HMDB:(128055);PubChem:(131834430);PubChem class - bio and metabolites	16777226
23	1	N/A	-309.6901600379685	C15H20O9	[M - H2O + H]+	QETJCMDEKNDYPU	InChI=1S/C15H20O9/c1-3-6-4-7(16)12(8(5-6)22-2)23-15-11(19)9(17)10(18)13(24-15)14(20)21/h4-5,9-11,13,15-19H,3H2,1-2H3,(H,20,21)	null	CCC1=CC(=C(C(=C1)OC)OC2C(C(C(C(O2)C(=O)O)O)O)O)O	0.400000006	131834393	HMDB:(128018);PubChem:(131834393);PubChem class - bio and metabolites	16777226
24	1	N/A	-312.80923186036654	C15H20O9	[M - H2O + H]+	XQCDDUUWFBOXSV	InChI=1S/C15H20O9/c1-3-6-4-9(22-2)7(16)5-8(6)23-15-12(19)10(17)11(18)13(24-15)14(20)21/h4-5,10-13,15-19H,3H2,1-2H3,(H,20,21)	null	CCC1=CC(=C(C=C1OC2C(C(C(C(O2)C(=O)O)O)O)O)O)OC	0.400000006	131834418	HMDB:(128043);PubChem:(131834418);PubChem class - bio and metabolites	16777226
25	1	N/A	-319.4129860746804	C15H20O9	[M - H2O + H]+	ACXHQCFMOARBQJ	InChI=1S/C15H20O9/c1-3-6-4-8(22-2)9(5-7(6)16)23-15-12(19)10(17)11(18)13(24-15)14(20)21/h4-5,10-13,15-19H,3H2,1-2H3,(H,20,21)	null	CCC1=CC(=C(C=C1O)OC2C(C(C(C(O2)C(=O)O)O)O)O)OC	0.400000006	131834419	HMDB:(128044);PubChem:(131834419);PubChem class - bio and metabolites	16777226
26	1	N/A	-337.13555191728267	C15H20O9	[M - H2O + H]+	PRIASYUIKDWKKL	InChI=1S/C15H20O9/c1-7(2-3-9(16)8-4-5-22-6-8)23-15-12(19)10(17)11(18)13(24-15)14(20)21/h4-7,10-13,15,17-19H,2-3H2,1H3,(H,20,21)	Ipomeanol 4-glucuronide	CC(CCC(=O)C1=COC=C1)OC2C(C(C(C(O2)C(=O)O)O)O)O	-0.600000024	134151;53462321	MeSH:(134151);PubChem:(134151 53462321);PubMed	70
1	1	0.21317934247592749	-37.43443327560176	C15H18O8	[M + H]+	DSNCQKUYZOSARM	InChI=1S/C15H18O8/c16-7-10-12(19)13(20)14(21)15(22-10)23-11(18)6-3-8-1-4-9(17)5-2-8/h1-6,10,12-17,19-21H,7H2	1-p-Coumarylglucose	C1=CC(=CC=C1C=CC(=O)OC2C(C(C(C(O2)CO)O)O)O)O	-0.391159326	14158116;14158117;14158118;15939568;21550923;50906376;56606525;67494429;72727649;89716736;89718966;123186214;123688150;129858048	HMDB:(36936);SuperNatural:(SN00315652 SN00377906 SN00309077 SN00020418);ZINC bio:(ZINC13507867);Plantcyc:(CPD-8674);PubMed;COCONUT:(CNP0225272);KNApSAcK:(32376);Natural Products:(UNPD121336 UNPD224715 UNPD13463 UNPD177482 UNPD215979 UNPD173518);PubChem:(14158116 14158117 14158118 15939568 21550923 50906376 56606525 67494429 72727649 89716736 89718966 123186214 123688150 129858048);CHEBI:(71498);PubChem class - bio and metabolites;KEGG:(C16827);Biocyc:(CPD-8674)	20097402
2	1	N/A	-40.430925618949054	C15H18O8	[M + H]+	GVRIYIMNJGULCZ	InChI=1S/C15H18O8/c16-7-10-12(19)13(20)14(21)15(23-10)22-9-4-2-1-3-8(9)5-6-11(17)18/h1-6,10,12-16,19-21H,7H2,(H,17,18)	Melilotoside	C1=CC=C(C(=C1)C=CC(=O)O)OC2C(C(C(C(O2)CO)O)O)O	-0.391159326	101800;5117619;5280759;5316113;6275271;15560466;22524167;25202776;25796113;40473153;56612793;59950525;90790769;91501158	HMDB:(33581 60077);SuperNatural:(SN00006891 SN00389835 SN00321026 SN00020472);ZINC bio:(ZINC04096644 ZINC13540313);additional;Plantcyc:(CPD-459 CPD-7417);PubMed;COCONUT:(CNP0042952 CNP0356741);Natural Products:(UNPD147115 UNPD230548 UNPD139208);PubChem:(101800 5117619 5280759 5316113 6275271 15560466 22524167 25202776 25796113 40473153 56612793 59950525 90790769 91501158);CHEBI:(62251 62223 58181 17531);PubChem class - bio and metabolites;KEGG:(C05839 C05158);PubChem class - safety and toxic;Training Set;Biocyc:(CPD-7417 CPD-459)	87746922
3	1	N/A	-41.6103761494214	C15H18O8	[M + H]+	LJFYQZQUAULRDF	InChI=1S/C15H18O8/c16-7-10-12(19)13(20)14(21)15(23-10)22-9-4-1-8(2-5-9)3-6-11(17)18/h1-6,10,12-16,19-21H,7H2,(H,17,18)	4-O-beta-D-glucosyl-4-coumarate	C1=CC(=CC=C1C=CC(=O)O)OC2C(C(C(C(O2)CO)O)O)O	-0.391159326	6398614;10604651;9840292;11068501;13783631;13783633;17756753;17756754;24992651;54036359;67157668;73208527;90946598;101202349;101237131;101354882;129650569;139031345	HMDB:(39509);SuperNatural:(SN00379218 SN00315039 SN00257611 SN00020480 SN00389647);ZINC bio:(ZINC13542698);additional;Plantcyc:(CPD-457);PubMed;COCONUT:(CNP0142351 CNP0209682);KNApSAcK:(31477);Natural Products:(UNPD187755 UNPD48421 UNPD189062 UNPD71082 UNPD228423);PubChem:(6398614 10604651 9840292 11068501 13783631 13783633 17756753 17756754 24992651 54036359 67157668 73208527 90946598 101202349 101237131 101354882 129650569 139031345);CHEBI:(47893 47892 17335 16099 79066 83032);PubChem class - bio and metabolites;KEGG:(C04415 C06739);Training Set;Biocyc:(4-O-BETA-D-GLUCOSYL-CIS-P-COUMARATE CPD-457)	20638074
4	1	N/A	-67.73486503114128	C15H18O8	[M + H]+	BYOUHUPERRXZGM	InChI=1S/C15H18O8/c16-7-10-12(19)14(13(20)15(21)22-10)23-11(18)6-3-8-1-4-9(17)5-2-8/h1-6,10,12-17,19-21H,7H2	3-(cis-4-coumaroyl)-beta-D-glucose	C1=CC(=CC=C1C=CC(=O)OC2C(C(OC(C2O)O)CO)O)O	-0.300000012	72551453;72551454	PubChem:(72551453 72551454);CHEBI:(76093 76094)	34
5	1	N/A	-69.88332927096334	C15H18O8	[M + H]+	ROJVJYZGYUIFEF	InChI=1S/C15H18O8/c16-7-10-12(19)13(20)14(15(21)22-10)23-11(18)6-3-8-1-4-9(17)5-2-8/h1-6,10,12-17,19-21H,7H2	[(3R,4S,5S,6R)-2,4,5-trihydroxy-6-(hydroxymethyl)oxan-3-yl] (E)-3-(4-hydroxyphenyl)prop-2-enoate	C1=CC(=CC=C1C=CC(=O)OC2C(C(C(OC2O)CO)O)O)O	-0.300000012	14034264;135017744	COCONUT:(CNP0135858);HMDB:(39167);Natural Products:(UNPD30342);PubChem:(14034264 135017744);SuperNatural:(SN00255133);PubChem class - bio and metabolites;KEGG Mine	8609890314
6	1	N/A	-73.20447272442574	C15H18O8	[M + H]+	KDNJTHIKZATBIB	InChI=1S/C15H18O8/c16-7-10-12(19)13(20)14(21)15(22-10)23-11(18)6-5-8-3-1-2-4-9(8)17/h1-6,10,12-17,19-21H,7H2	[3,4,5-trihydroxy-6-(hydroxymethyl)oxan-2-yl] 3-(2-hydroxyphenyl)prop-2-enoate	C1=CC=C(C(=C1)C=CC(=O)OC2C(C(C(C(O2)CO)O)O)O)O	-0.300000012	4636294;6171686;40626559;123570824;129676007	COCONUT:(CNP0191344);Natural Products:(UNPD11592);PubChem:(4636294 6171686 40626559 123570824 129676007);SuperNatural:(SN00014153);ZINC bio:(ZINC06567723);additional;Training Set;PubMed;KEGG Mine	8593662018
7	1	N/A	-76.49211624203404	C15H18O8	[M + H]+	VZAHCKYRIIDFRU	InChI=1S/C15H18O8/c16-7-10-14(12(19)13(20)15(21)22-10)23-11(18)6-3-8-1-4-9(17)5-2-8/h1-6,10,12-17,19-21H,7H2	null	C1=CC(=CC=C1C=CC(=O)OC2C(OC(C(C2O)O)O)CO)O	-0.800000012	102202715	COCONUT:(CNP0210084);Natural Products:(UNPD4459 UNPD220225);PubChem:(102202715);SuperNatural:(SN00276489)	3178498
8	1	N/A	-90.89831005117003	C15H18O8	[M + H]+	GKUSDFCBGXFHIL	InChI=1S/C15H18O8/c16-9-4-1-8(2-5-9)3-6-11(17)22-7-10-12(18)13(19)14(20)15(21)23-10/h1-6,10,12-16,18-21H,7H2	6-(trans-4-coumaroyl)-beta-D-glucose	C1=CC(=CC=C1C=CC(=O)OCC2C(C(C(C(O2)O)O)O)O)O	-0.800000012	10087731;13915664;13915665;23900072	COCONUT:(CNP0282411);HMDB:(39169);Natural Products:(UNPD207847 UNPD37988 UNPD199681 UNPD211496);PubChem:(10087731 13915664 13915665 23900072);SuperNatural:(SN00237125 SN00028614);YMDB Mine;CHEBI:(76089 76092);ZINC bio:(ZINC31156836);PubChem class - bio and metabolites;PubMed;KEGG Mine	42969636970
9	1	N/A	-93.79036713705888	C15H18O8	[M + H]+	IFJZNZBKGRGNSP	InChI=1S/C15H18O8/c16-7-10-11(17)12(18)13(19)15(23-10)22-9(14(20)21)6-8-4-2-1-3-5-8/h1-6,10-13,15-19H,7H2,(H,20,21)	null	C1=CC=C(C=C1)C=C(C(=O)O)OC2C(C(C(C(O2)CO)O)O)O	-0.100000001	53913433;53385591;53468995;56961667;56961961;66980268;66980270;66980274;76031018;87223493;91055935;89904421;89910459;102253470	COCONUT:(CNP0062007 CNP0232079);Natural Products:(UNPD220493 UNPD107375);PubChem:(53913433 53385591 53468995 56961667 56961961 66980268 66980270 66980274 76031018 87223493 91055935 89904421 89910459 102253470);SuperNatural:(SN00042157 SN00355503 SN00163647);ZINC bio:(ZINC72320602);Training Set	3203074
10	1	N/A	-108.09074258949812	C15H18O8	[M + H]+	IHMJMBPCCMPFDW	InChI=1S/C15H18O8/c16-7-10-14(12(19)13(20)15(21)23-10)22-9-4-1-8(2-5-9)3-6-11(17)18/h1-6,10,12-16,19-21H,7H2,(H,17,18)	4-O-[4-(2-carboxyethenyl)phenyl]hexopyranose	C1=CC(=CC=C1C=CC(=O)O)OC2C(OC(C(C2O)O)O)CO	-0.391159326	3363159;5280674;6398609	COCONUT:(CNP0135297);Natural Products:(UNPD19731);PubChem:(3363159 5280674 6398609);SuperNatural:(SN00249364)	3178498
11	1	N/A	-112.91692241585856	C15H18O8	[M + H]+	BLAKLJDVFMLDKM	InChI=1S/C15H18O8/c16-8-4-1-7(2-5-8)3-6-9(17)23-15-13(21)11(19)10(18)12(20)14(15)22/h1-6,10-16,18-22H	null	C1=CC(=CC=C1C=CC(=O)OC2C(C(C(C(C2O)O)O)O)O)O	-1.39999998	10758473;101586324	COCONUT:(CNP0230487);Natural Products:(UNPD20286 UNPD63384 UNPD113156);PubChem:(10758473 101586324);SuperNatural:(SN00310625 SN00231197)	3178498
12	1	N/A	-138.302850798782	C15H18O8	[M + H]+	NAQGPPVLWFBGCW	InChI=1S/C15H18O8/c16-7-3-5-8-4-1-2-6-9(8)22-15-12(19)10(17)11(18)13(23-15)14(20)21/h1-6,10-13,15-19H,7H2,(H,20,21)	null	C1=CC=C(C(=C1)C=CCO)OC2C(C(C(C(O2)C(=O)O)O)O)O	-0.200000003	131837803	PubChem:(131837803);HMDB:(134047)	10
13	1	N/A	-145.40644881841956	C15H18O8	[M + H]+	SZYJRGMLXAMCNX	InChI=1S/C15H18O8/c1-7(14(20)21)8-2-4-9(5-3-8)22-15-13(19)12(18)11(17)10(6-16)23-15/h2-5,10-13,15-19H,1,6H2,(H,20,21)	null	C=C(C1=CC=C(C=C1)OC2C(C(C(C(O2)CO)O)O)O)C(=O)O	-0.402694106	53348662	COCONUT:(CNP0232056);Natural Products:(UNPD201124);PubChem:(53348662)	2129922
14	1	N/A	-159.01539613237497	C15H18O8	[M + H]+	SYMOOUNJUJTJAV	InChI=1S/C15H18O8/c16-6-2-4-8-3-1-5-9(7-8)22-15-12(19)10(17)11(18)13(23-15)14(20)21/h1-5,7,10-13,15-19H,6H2,(H,20,21)	null	C1=CC(=CC(=C1)OC2C(C(C(C(O2)C(=O)O)O)O)O)C=CCO	-0.200000003	131838906	HMDB:(135302);PubChem:(131838906);PubChem class - bio and metabolites	16777226
15	1	N/A	-162.84192389515084	C15H18O8	[M + H]+	MSLQNFGPTVYLTO	InChI=1S/C15H18O8/c16-7-1-2-8-3-5-9(6-4-8)22-15-12(19)10(17)11(18)13(23-15)14(20)21/h1-6,10-13,15-19H,7H2,(H,20,21)	null	C1=CC(=CC=C1C=CCO)OC2C(C(C(C(O2)C(=O)O)O)O)O	-0.200000003	131838909	HMDB:(135305 135655);PubChem:(131838909);KEGG Mine;PubChem class - bio and metabolites	8606711818
16	1	N/A	-174.7356487691048	C15H18O8	[M + H]+	VTHUCAJSJUNKLH	InChI=1S/C15H18O8/c16-7-9(6-8-4-2-1-3-5-8)22-15-12(19)10(17)11(18)13(23-15)14(20)21/h1-5,7,9-13,15,17-19H,6H2,(H,20,21)	null	C1=CC=C(C=C1)CC(C=O)OC2C(C(C(C(O2)C(=O)O)O)O)O	-0.300000012	131838898	HMDB:(135294);PubChem:(131838898);PubChem class - bio and metabolites	16777226
17	1	N/A	-175.55167125867172	C15H18O8	[M + H]+	COSQFIUTHLABQD	InChI=1S/C15H18O8/c16-7-6-9(8-4-2-1-3-5-8)22-15-12(19)10(17)11(18)13(23-15)14(20)21/h1-5,7,9-13,15,17-19H,6H2,(H,20,21)	null	C1=CC=C(C=C1)C(CC=O)OC2C(C(C(C(O2)C(=O)O)O)O)O	-0.800000012	131838900	HMDB:(135296);PubChem:(131838900);PubChem class - bio and metabolites	16777226
18	1	N/A	-181.85558249277202	C15H18O8	[M + H]+	RRBFAJWNNUHFMC	InChI=1S/C15H18O8/c1-3-7-4-5-8(9(6-7)21-2)22-15-12(18)10(16)11(17)13(23-15)14(19)20/h3-6,10-13,15-18H,1H2,2H3,(H,19,20)	null	COC1=C(C=CC(=C1)C=C)OC2C(C(C(C(O2)C(=O)O)O)O)O	0.800000012	131834360	HMDB:(127979);PubChem:(131834360);PubChem class - bio and metabolites	16777226
19	1	N/A	-183.26166475195342	C15H18O8	[M + H]+	NKQBCHTWUYOXAU	InChI=1S/C15H18O8/c1-22-13-6-9(2-4-10(13)18)3-5-14(21)23-15(11(19)7-16)12(20)8-17/h2-7,11-12,15,17-20H,8H2,1H3	5-O-Feruloylarabinose	COC1=C(C=CC(=C1)C=CC(=O)OC(C(CO)O)C(C=O)O)O	-0.5	130608;6439230	MeSH:(6439230);PubChem:(130608 6439230);PubMed	70
20	1	N/A	-190.7479477908511	C15H18O8	[M + H]+	BDEXCUQHBTVULQ	InChI=1S/C15H18O8/c1-21-10-6-8(2-4-9(10)16)3-5-12(17)22-7-11-13(18)14(19)15(20)23-11/h2-6,11,13-16,18-20H,7H2,1H3	Epitope ID:150942	COC1=C(C=CC(=C1)C=CC(=O)OCC2C(C(C(O2)O)O)O)O	-0.200000003	23629648;53239757;91219139;91290825;101704579;122219972;129829927	COCONUT:(CNP0241803);Natural Products:(UNPD5999);PubChem:(23629648 53239757 91219139 91290825 101704579 122219972 129829927);SuperNatural:(SN00345557);CHEBI:(62281);PubChem class - bio and metabolites;PubMed	19955810
21	1	N/A	-200.1426925942449	C15H18O8	[M + H]+	GMOLLSCULBTFSI	InChI=1S/C15H18O8/c1-8(17)21-11-5-3-2-4-9(11)15(20)23-13-6-10(18)14(19)12(7-16)22-13/h2-5,10,12-14,16,18-19H,6-7H2,1H3	1-O-(2''-Acetoxy)benzoyl-alpha-deoxyglucopyronse	CC(=O)OC1=CC=CC=C1C(=O)OC2CC(C(C(O2)CO)O)O	0.400000006	189755;21125626	MeSH:(189755);PubChem:(189755 21125626);PubMed	70
22	1	N/A	-202.93359020782736	C15H18O8	[M + H]+	TYACITPTYYKIBM	InChI=1S/C15H18O8/c16-7-3-5-8-4-1-2-6-9(8)22-15-12(19)10(17)11(18)13(23-15)14(20)21/h1-2,4,6-7,10-13,15,17-19H,3,5H2,(H,20,21)	null	C1=CC=C(C(=C1)CCC=O)OC2C(C(C(C(O2)C(=O)O)O)O)O	-0.300000012	131837802	HMDB:(134046);PubChem:(131837802);PubChem class - bio and metabolites	16777226
23	1	N/A	-205.48162195579334	C15H18O8	[M + H]+	DIDHICFPPOWXNV	InChI=1S/C15H18O8/c1-22-13-6-9(2-4-10(13)17)3-5-14(20)23-8-12(19)15(21)11(18)7-16/h2-7,11-12,15,17-19,21H,8H2,1H3	null	COC1=C(C=CC(=C1)C=CC(=O)OCC(C(C(C=O)O)O)O)O	-0.5	87515293;91757378;101706275	MeSH:(101706275);PubChem:(87515293 91757378 101706275);PubMed	70
24	1	N/A	-205.75850901008323	C15H18O8	[M + H]+	OKZANUAFFFDGFG	InChI=1S/C15H18O8/c16-7-1-2-8-3-5-9(6-4-8)22-15-12(19)10(17)11(18)13(23-15)14(20)21/h3-7,10-13,15,17-19H,1-2H2,(H,20,21)	null	C1=CC(=CC=C1CCC=O)OC2C(C(C(C(O2)C(=O)O)O)O)O	-0.300000012	131838904	HMDB:(135300);PubChem:(131838904);PubChem class - bio and metabolites	16777226
25	1	N/A	-207.78495212980204	C15H18O8	[M + H]+	GMMRCHNPIMZXJF	InChI=1S/C15H18O8/c1-3-7-4-8(21-2)6-9(5-7)22-15-12(18)10(16)11(17)13(23-15)14(19)20/h3-6,10-13,15-18H,1H2,2H3,(H,19,20)	null	COC1=CC(=CC(=C1)C=C)OC2C(C(C(C(O2)C(=O)O)O)O)O	0.800000012	131834395	HMDB:(128020);PubChem:(131834395);PubChem class - bio and metabolites	16777226
26	1	N/A	-213.15955929323545	C15H18O8	[M + H]+	SMUMUFUQWBKGHU	InChI=1S/C15H18O8/c1-21-11-6-8(2-4-9(11)16)3-5-12(18)23-14-13(19)10(17)7-22-15(14)20/h2-6,10,13-17,19-20H,7H2,1H3	null	COC1=C(C=CC(=C1)C=CC(=O)OC2C(C(COC2O)O)O)O	0.0846844614	""	COCONUT:(CNP0114995);Natural Products:(UNPD153062);SuperNatural:(SN00404537)	3178496
27	1	N/A	-217.5111186835511	C15H18O8	[M + H]+	IEPQZIWEKIJAOM	InChI=1S/C15H18O8/c1-23-12-6-8(2-4-9(12)17)3-5-10(18)13(20)15(22)14(21)11(19)7-16/h2-6,11,14-17,19,21-22H,7H2,1H3	null	COC1=C(C=CC(=C1)C=CC(=O)C(=O)C(C(C(CO)O)O)O)O	-1.20000005	20782746;53912312;129720491	MeSH:(129720491);PubChem:(20782746 53912312 129720491);PubMed	70
28	1	N/A	-220.21179045313696	C15H18O8	[M + H]+	QDYMARWCXAOVGU	InChI=1S/C15H18O8/c16-6-2-4-8-3-1-5-9(7-8)22-15-12(19)10(17)11(18)13(23-15)14(20)21/h1,3,5-7,10-13,15,17-19H,2,4H2,(H,20,21)	null	C1=CC(=CC(=C1)OC2C(C(C(C(O2)C(=O)O)O)O)O)CCC=O	-0.300000012	131838902	HMDB:(135298);PubChem:(131838902);PubChem class - bio and metabolites	16777226
29	1	N/A	-221.46895618287087	C15H18O8	[M + H]+	GOMSMXROJXSLEY	InChI=1S/C15H18O8/c16-9-10(17)13(14(19)20)23-15(11(9)18)21-6-8-12(22-8)7-4-2-1-3-5-7/h1-5,8-13,15-18H,6H2,(H,19,20)	null	C1=CC=C(C=C1)C2C(O2)COC3C(C(C(C(O3)C(=O)O)O)O)O	-0.600000024	131838912	HMDB:(135308);PubChem:(131838912);PubChem class - bio and metabolites	16777226
30	1	N/A	-235.43155871646988	C15H18O8	[M + H]+	YDYDFDAUGYHMIG	InChI=1S/C15H18O8/c1-7(8-5-3-2-4-6-8)14(21)23-15-11(18)9(16)10(17)12(22-15)13(19)20/h2-7,9-12,15-18H,1H3,(H,19,20)	null	CC(C1=CC=CC=C1)C(=O)OC2C(C(C(C(O2)C(=O)O)O)O)O	0.400000006	44179275;44179347;74941634	COCONUT:(CNP0295746);HMDB:(141878);Natural Products:(UNPD114501 UNPD37084);PubChem:(44179275 44179347 74941634);SuperNatural:(SN00290498 SN00346172);PubChem class - bio and metabolites	19955722
31	1	N/A	-237.8147926848161	C15H18O8	[M + H]+	IFMJBDUHDALUJG	InChI=1S/C15H18O8/c1-15(21,14(20)22-2)12(8-16)23-13(19)6-4-9-3-5-10(17)11(18)7-9/h3-7,12,16-18,21H,8H2,1-2H3	null	CC(C(CO)OC(=O)C=CC1=CC(=C(C=C1)O)O)(C(=O)OC)O	0.474070013	""	COCONUT:(CNP0331497);Natural Products:(UNPD168295);SuperNatural:(SN00388186)	3178496
32	1	N/A	-248.9708108859171	C15H18O8	[M + H]+	UYTQAPPQYJTNSJ	InChI=1S/C15H18O8/c16-9(7-6-8-4-2-1-3-5-8)22-15-12(19)10(17)11(18)13(23-15)14(20)21/h1-5,10-13,15,17-19H,6-7H2,(H,20,21)	null	C1=CC=C(C=C1)CCC(=O)OC2C(C(C(C(O2)C(=O)O)O)O)O	0.100000001	131831704	HMDB:(125172);PubChem:(131831704);PubChem class - bio and metabolites	16777226
33	1	N/A	-266.7277661502361	C15H18O8	[M + H]+	QFCZAZIEGZQUIA	InChI=1S/C15H18O8/c16-6-10-12(18)13(19)14(20)15(23-10)21-8-3-1-7-2-4-11(17)22-9(7)5-8/h1-4,8,10,12-16,18-20H,5-6H2	null	C1C(C=CC2=C1OC(=O)C=C2)OC3C(C(C(C(O3)CO)O)O)O	-0.819555044	""	COCONUT:(CNP0391014)	2097152
34	1	N/A	-269.15157499460054	C15H18O8	[M + H]+	JAWMEIYOFQXNOE	InChI=1S/C15H18O8/c1-15(12(19)8-16,14(21)22-2)23-13(20)6-4-9-3-5-10(17)11(18)7-9/h3-7,12,16-19H,8H2,1-2H3	null	CC(C(CO)O)(C(=O)OC)OC(=O)C=CC1=CC(=C(C=C1)O)O	0.474070013	""	COCONUT:(CNP0106175);Natural Products:(UNPD43136)	2129920
35	1	N/A	-272.2114570309612	C15H18O8	[M + H]+	PTUNZWVRRAZGFN	InChI=1S/C15H18O8/c1-2-3-7-4-5-9(8(16)6-7)22-15-12(19)10(17)11(18)13(23-15)14(20)21/h2,4-6,10-13,15-19H,1,3H2,(H,20,21)	null	C=CCC1=CC(=C(C=C1)OC2C(C(C(C(O2)C(=O)O)O)O)O)O	0.699999988	131838877	HMDB:(135256);PubChem:(131838877);PubChem class - bio and metabolites	16777226
36	1	N/A	-317.328143393313	C15H18O8	[M + H]+	LHNKBXRFNPMIBR	InChI=1S/C15H18O8/c1-12(2,18)14(19)6-11(17)23-9(14)8-13(3)4(10(16)22-8)5-7(21-5)15(6,13)20/h4-9,18-20H,1-3H3	null	CC12C3C4C(C1(C5C(=O)OC(C2OC3=O)C5(C(C)(C)O)O)O)O4	-1.98457193	""	COCONUT:(CNP0299283);Natural Products:(UNPD126338);SuperNatural:(SN00331885)	3178496
37	1	N/A	-361.7962502551545	C15H18O8	[M + H]+	CVKWZMKSOLCEOF	InChI=1S/C15H18O8/c1-12(19,4-16)6-7-10(17)21-8(6)9-13(2)14(7,20)3-5-15(13,23-5)11(18)22-9/h5-9,16,19-20H,3-4H2,1-2H3	null	CC12C3C4C(C(C1(CC5C2(O5)C(=O)O3)O)C(=O)O4)C(C)(CO)O	-1.89999998	5316822;100966722	COCONUT:(CNP0359397);KNApSAcK:(40948);PubChem:(5316822 100966722);KEGG Mine	8592031762
38	1	N/A	-373.2679219538066	C15H18O8	[M + H]+	VLBNONAQDKTJCU	InChI=1S/C15H18O8/c1-5(16)7-10-15(23-13(7)19)4-3-6-8(11(17)20-2)12(18)22-14(21-10)9(6)15/h3-10,12,14,16,18H,1-2H3	null	CC(C1C2C3(C=CC4C3C(O2)OC(C4C(=O)OC)O)OC1=O)O	0.100000001	90473101	COCONUT:(CNP0253369);KNApSAcK:(10730);Natural Products:(UNPD57950);PubChem:(90473101);SuperNatural:(SN00228797);KEGG Mine	8593113106
39	1	N/A	-389.5528081713414	C15H18O8	[M + H]+	XVTUVYDLNDXGDX	InChI=1S/C15H18O8/c1-11-5-21-10(18)15(11,20)7-3-13(8(16)9(17)22-7)12(2)6(23-12)4-14(11,13)19/h6-8,16,19-20H,3-5H2,1-2H3	null	CC12COC(=O)C1(C3CC4(C2(CC5C4(O5)C)O)C(C(=O)O3)O)O	-1.60000002	101361614	COCONUT:(CNP0307267);Natural Products:(UNPD64636);PubChem:(101361614);SuperNatural:(SN00368440)	3178498
40	1	N/A	-393.31440517231874	C15H18O8	[M + H]+	HKOJVRDYNQSPLM	InChI=1S/C15H18O8/c1-6-4-8(16)5-9(17)10(6)14(20)23-13-7(2)22-15(21-3)12(19)11(13)18/h4-5,7,12-13,15-17,19H,1-3H3	[(2R,3R,5S,6S)-5-hydroxy-6-methoxy-2-methyl-4-oxooxan-3-yl] 2,4-dihydroxy-6-methylbenzoate	CC1C(C(=O)C(C(O1)OC)O)OC(=O)C2=C(C=C(C=C2C)O)O	1.29999995	11616825;73030948	PubChem:(11616825 73030948);COCONUT:(CNP0379389)	2097154
41	1	N/A	-394.61727764864776	C15H18O8	[M + H]+	GROVRTRSJQFELY	InChI=1S/C15H18O8/c1-21-11-4-7(2-3-9(11)16)8-5-12(18)23-15(8)14(20)13(19)10(17)6-22-15/h2-4,8,10,13-14,16-17,19-20H,5-6H2,1H3	null	COC1=C(C=CC(=C1)C2CC(=O)OC23C(C(C(CO3)O)O)O)O	-0.502637148	""	COCONUT:(CNP0124375);Natural Products:(UNPD216954)	2129920
42	1	N/A	-401.8696745909321	C15H18O8	[M + H]+	ICEOXHAJZGHJNJ	InChI=1S/C15H18O8/c1-6-5-9(16)15(21,7(2)12(17)18)11-10-14(20,13(19)23-11)4-3-8(6)22-10/h5,7-8,10-11,20-21H,3-4H2,1-2H3,(H,17,18)	null	CC1=CC(=O)C(C2C3C(CCC1O3)(C(=O)O2)O)(C(C)C(=O)O)O	-0.699999988	101996836	COCONUT:(CNP0186888);KNApSAcK:(11734);Natural Products:(UNPD3567);PubChem:(101996836);SuperNatural:(SN00271657);MeSH:(101996836);PubMed	3178582
43	1	N/A	-402.8215927640167	C15H18O8	[M + H]+	NIESVUZNUQXFRG	InChI=1S/C15H18O8/c1-6-4-8(16)5-9(17)10(6)14(20)23-13-12(19)11(18)7(2)22-15(13)21-3/h4-5,7,11,13,15-18H,1-3H3	[(2S,3S,5R,6R)-5-hydroxy-2-methoxy-6-methyl-4-oxooxan-3-yl] 2,4-dihydroxy-6-methylbenzoate	CC1C(C(=O)C(C(O1)OC)OC(=O)C2=C(C=C(C=C2C)O)O)O	1.29999995	11544388;73001684	PubChem:(11544388 73001684);COCONUT:(CNP0278732)	2097154
44	1	N/A	-403.30028332904334	C15H18O8	[M + H]+	BNLUQONOBPMVBG	InChI=1S/C15H18O8/c1-15(21)13(19)12(23-14(15)20)8-5-7(3-4-11(17)18)9(16)6-10(8)22-2/h5-6,12-13,16,19,21H,3-4H2,1-2H3,(H,17,18)	null	CC1(C(C(OC1=O)C2=C(C=C(C(=C2)CCC(=O)O)O)OC)O)O	-0.300000012	38361468;38361477;45360164;51694169;51694171;132586941	COCONUT:(CNP0348893 CNP0404086);PubChem:(38361468 38361477 45360164 51694169 51694171 132586941);SuperNatural:(SN00030097 SN00038133 SN00034024 SN00038132 SN00034023 SN00030098);ZINC bio:(ZINC31167814 ZINC31167817 ZINC31167821 ZINC31167823 ZINC35464772 ZINC35464775);additional;Training Set	3694594
45	1	N/A	-404.37902273157545	C15H18O8	[M + H]+	KXJGMBLSSWASGG	InChI=1S/C15H18O8/c1-6-7(16)3-14(20)12(2)5-22-11(19)15(12,21)8-4-13(6,14)9(17)10(18)23-8/h6,8-9,17,20-21H,3-5H2,1-2H3	null	CC1C(=O)CC2(C13CC(C4(C2(COC4=O)C)O)OC(=O)C3O)O	-1.70000005	14564520;72203166	COCONUT:(CNP0296456);KNApSAcK:(45175);Natural Products:(UNPD149473 UNPD115044);PubChem:(14564520 72203166);SuperNatural:(SN00240542 SN00328028)	3178514
46	1	N/A	-411.20838057079743	C15H18O8	[M + H]+	MOLPUWBMSBJXER	InChI=1S/C15H18O8/c1-12(2,3)14(20)4-6-13(5-7(16)21-6)10(19)23-11-15(13,14)8(17)9(18)22-11/h6,8,11,17,20H,4-5H2,1-3H3	Bilobalid	CC(C)(C)C1(CC2C3(C14C(C(=O)OC4OC3=O)O)CC(=O)O2)O	-0.300000012	545839;73581;441297;6543720;6604657;12308750;9949232;11870381;11870382;11875005;10381708;15940184;16219059;25090658;25200033;26339694;28125507;24883646;24883648;29927610;25886432;45358112;45359816;44144323;44353155;59738929;71774432;73758753;71431160;92460633;98047226;101731766;101306935;118024237;124145859;126963541;129010088;129010389;129359789;131704570;134128044;137323730;137323731;138059754;138107786	HMDB:(36735);SuperNatural:(SN00006142 SN00155196 SN00006915 SN00001795 SN00155192 SN00006803 SN00006143 SN00021145 SN00020546);ZINC bio:(ZINC00897062 ZINC03947565 ZINC03947567 ZINC04046842 ZINC04097411 ZINC08679998 ZINC13815747 ZINC13815750 ZINC14859723 ZINC14984521);additional;MeSH:(73581 545839 6543720 11875005 12308750 25090658 44353155 45358112 101306935 126963541 129010088 134128044 138107786);PubMed;NORMAN:(NS00029508);COCONUT:(CNP0148745);KNApSAcK:(11512);Natural Products:(UNPD21786 UNPD182855);PubChem:(545839 73581 441297 6543720 6604657 12308750 9949232 11870381 11870382 11875005 10381708 15940184 16219059 25090658 25200033 26339694 28125507 24883646 24883648 29927610 25886432 45358112 45359816 44144323 44353155 59738929 71774432 73758753 71431160 92460633 98047226 101731766 101306935 118024237 124145859 126963541 129010088 129010389 129359789 131704570 134128044 137323730 137323731 138059754 138107786);CHEBI:(3103);PubChem class - bio and metabolites;KEGG:(C07605);Training Set	20767102