structureRankPerFormula	formulaRank	ConfidenceScore	CSI:FingerIDScore	molecularFormula	adduct	InChIkey2D	InChI	name	smiles	xlogp	pubchemids	links	dbflags
1	1	N/A	-178.7027273004676	C12H13NO4	[M - H2O + H]+	KKZDZTIKRNEPQG	InChI=1S/C12H13NO4/c1-16-10-4-3-8(6-11(10)17-2)5-9(7-13)12(14)15/h3-4,6,9H,5H2,1-2H3,(H,14,15)	null	COC1=C(C=C(C=C1)CC(C#N)C(=O)O)OC	1.56179309	14817981;27282036;27282038	PubChem:(14817981 27282036 27282038);PubChem class - safety and toxic	67108866
2	1	N/A	-214.0954829263529	C12H13NO4	[M - H2O + H]+	IFLWVSHRWAIVQF	InChI=1S/C12H13NO4/c13-10(12(16)17)8-7(9(8)11(14)15)6-4-2-1-3-5-6/h1-5,7-10H,13H2,(H,14,15)(H,16,17)	(2S,1''S,2''S,3?R)-2-(2''-carboxy-3''-phenylcyclopropyl)glycine	C1=CC=C(C=C1)C2C(C2C(=O)O)C(C(=O)O)N	-2.0999999	2733524;7157252;5311344;10513894;10513895;10513896;10537699;10681240;10704895;10704896;10752213;10752214;10059959;9991660;9991661;10198574;11886863;10489913;10489914;21911187;42618898;44312783;57461938;57517386;68789198;67340071;69137307	MeSH:(10059959 21911187);PubChem class - safety and toxic;PubChem:(2733524 7157252 5311344 10513894 10513895 10513896 10537699 10681240 10704895 10704896 10752213 10752214 10059959 9991660 9991661 10198574 11886863 10489913 10489914 21911187 42618898 44312783 57461938 57517386 68789198 67340071 69137307);PubMed	67108934
3	1	N/A	-234.78472821962475	C12H13NO4	[M - H2O + H]+	PKXGKIVRBVNQJC	InChI=1S/C12H13NO4/c1-3-16-11(14)8-17-12-9(7-13)5-4-6-10(12)15-2/h4-6H,3,8H2,1-2H3	ethyl (2-cyano-6-methoxyphenoxy)acetate	CCOC(=O)COC1=C(C=CC=C1OC)C#N	1.89999998	30850418	COCONUT:(CNP0316497);PubChem:(30850418);ZINC bio:(ZINC23127123)	2105346
4	1	N/A	-239.06808516248196	C12H13NO4	[M - H2O + H]+	IHBWXJXQXPFUAE	InChI=1S/C12H13NO4/c1-2-7-13-12(16)9-5-3-4-6-10(9)17-8-11(14)15/h2-6H,1,7-8H2,(H,13,16)(H,14,15)	[2-(allylcarbamoyl)phenoxy]acetic acid	C=CCNC(=O)C1=CC=CC=C1OCC(=O)O	1.39999998	67066;86308409	NORMAN:(NS00023858);PubChem class - safety and toxic;PubChem:(67066 86308409)	67371010
5	1	N/A	-243.04145063214273	C12H13NO4	[M - H2O + H]+	FCGZNXGKWUHBKD	InChI=1S/C12H13NO4/c1-6(14)8-5-9(12(16)17)13-11-7(8)3-2-4-10(11)15/h2-3,5-6,10,14-15H,4H2,1H3,(H,16,17)	8-hydroxy-4-(1-hydroxyethyl)-7,8-dihydroquinoline-2-carboxylic acid	CC(C1=CC(=NC2=C1C=CCC2O)C(=O)O)O	0.200000003	3334071;5289243	COCONUT:(CNP0021353);PubChem:(3334071 5289243);PubChem class - bio and metabolites	18874370
6	1	N/A	-246.90644674015897	C12H13NO4	[M - H2O + H]+	MGHQKUMJBPRMPS	InChI=1S/C12H13NO4/c1-8(12(16)17)13-11(15)7-4-9-2-5-10(14)6-3-9/h2-8,14H,1H3,(H,13,15)(H,16,17)	L-Alanine, N-[3-(4-hydroxyphenyl)-1-oxo-2-propenyl]-	CC(C(=O)O)NC(=O)C=CC1=CC=C(C=C1)O	1.29999995	15160196;44540966;43355243;56990474;61131564;71343879	COCONUT:(CNP0171322);Natural Products:(UNPD100585);PubChem:(15160196 44540966 43355243 56990474 61131564 71343879);SuperNatural:(SN00364935)	3178498
7	1	N/A	-255.37584166560066	C12H13NO4	[M - H2O + H]+	LMKGVUJKILHRCE	InChI=1S/C12H13NO4/c1-2-17-12(16)13-10(11(14)15)8-9-6-4-3-5-7-9/h2-7,10H,1,8H2,(H,13,16)(H,14,15)	N-[(ethenyloxy)carbonyl]phenylalanine	C=COC(=O)NC(CC1=CC=CC=C1)C(=O)O	1.93145669	269992;6452065;92161700	PubChem:(269992 6452065 92161700);NORMAN:(NS00031638)	262146
8	1	N/A	-256.2570175215918	C12H13NO4	[M - H2O + H]+	QMNGUAWXPGHDJO	InChI=1S/C12H13NO4/c1-17-10-5-3-2-4-9(10)13-7-6-8(11(13)14)12(15)16/h2-5,8H,6-7H2,1H3,(H,15,16)	1-(2-Methoxyphenyl)-2-oxopyrrolidine-3-carboxylic	COC1=CC=CC=C1N2CCC(C2=O)C(=O)O	1.70000005	4344448;40611553;40424415	PubChem:(4344448 40611553 40424415);PubChem class - safety and toxic	67108866
9	1	N/A	-257.3741885411329	C12H13NO4	[M - H2O + H]+	YDMWUMUNUXUYKT	InChI=1S/C12H13NO4/c1-3-16-12(15)17-13-9(2)11(14)10-7-5-4-6-8-10/h4-8H,3H2,1-2H3	1-Phenyl-1,2-propanedione-2-(O-ethoxycarboxy)oxime	CCOC(=O)ON=C(C)C(=O)C1=CC=CC=C1	2.4000001	105228;5484747;9576244	NORMAN:(NS00035927);PubChem class - safety and toxic;PubChem:(105228 5484747 9576244)	67371010
10	1	N/A	-266.3276023605738	C12H13NO4	[M - H2O + H]+	PNKJMWWGWBCNQL	InChI=1S/C12H13NO4/c1-2-16-12(15)7-13-9-5-3-4-6-10(9)17-8-11(13)14/h3-6H,2,7-8H2,1H3	ethyl 2-(3-oxo-1,4-benzoxazin-4-yl)acetate	CCOC(=O)CN1C(=O)COC2=CC=CC=C21	1.29999995	3155598	PubChem:(3155598);PubChem class - bio and metabolites	16777218
11	1	N/A	-268.80183077289354	C12H13NO4	[M - H2O + H]+	ANSUPYBJVNMSJB	InChI=1S/C12H13NO4/c1-13-8-6-11(17-3)10(16-2)5-7(8)4-9(13)12(14)15/h4-6H,1-3H3,(H,14,15)	5,6-dimethoxy-1-methylindole-2-carboxylate	CN1C2=CC(=C(C=C2C=C1C(=O)O)OC)OC	1.79999995	907432;7061101	COCONUT:(CNP0086301 CNP0264368);PubChem:(907432 7061101);SuperNatural:(SN00064614);ZINC bio:(ZINC03881740)	3153922
12	1	N/A	-271.7670373957992	C12H13NO4	[M - H2O + H]+	BLCLJDWSZXZERU	InChI=1S/C12H13NO4/c1-2-17-10-6-4-3-5-9(10)13-11(14)7-8-12(15)16/h3-8H,2H2,1H3,(H,13,14)(H,15,16)	4-(2-ethoxyanilino)-4-oxobut-2-enoate	CCOC1=CC=CC=C1NC(=O)C=CC(=O)O	1.6495893	1581598;1581599;1581600;1581601;2758766;4335659	PubChem:(1581598 1581599 1581600 1581601 2758766 4335659);PubChem class - safety and toxic	67108866
13	1	N/A	-276.88772638201044	C12H13NO4	[M - H2O + H]+	LMTIUWRMRAZPEN	InChI=1S/C12H13NO4/c1-2-17-10-5-3-9(4-6-10)13-11(14)7-8-12(15)16/h3-8H,2H2,1H3,(H,13,14)(H,15,16)	ACMC-20akbc	CCOC1=CC=C(C=C1)NC(=O)C=CC(=O)O	1.6495893	707102;707105;1808882;1808883;3541212;5582756	PubChem class - safety and toxic;PubChem:(707102 707105 1808882 1808883 3541212 5582756);PubMed	67108930
14	1	N/A	-280.4292070306094	C12H13NO4	[M - H2O + H]+	YVGJSPGOWDHGIO	InChI=1S/C12H13NO4/c1-2-17-10-5-3-4-9(8-10)13-11(14)6-7-12(15)16/h3-8H,2H2,1H3,(H,13,14)(H,15,16)	4-(3-ethoxyanilino)-4-oxobut-2-enoate	CCOC1=CC=CC(=C1)NC(=O)C=CC(=O)O	1.6495893	7040195;5185509;6294717;23004838	COCONUT:(CNP0330518);PubChem:(7040195 5185509 6294717 23004838);SuperNatural:(SN00135202);ZINC bio:(ZINC33770393)	3153922
15	1	N/A	-281.7599419841513	C12H13NO4	[M - H2O + H]+	VAQISUZJGFUGIH	InChI=1S/C12H13NO4/c1-3-16-9-6-4-5-8-10(7-13-11(8)9)17-12(14)15-2/h4-7,13H,3H2,1-2H3	null	CCOC1=CC=CC2=C1NC=C2OC(=O)OC	2.24479747	""	COCONUT:(CNP0418819)	2097152
16	1	N/A	-290.1306043569273	C12H13NO4	[M - H2O + H]+	QXNQMHHGQWNYFY	InChI=1S/C12H13NO4/c14-11(13-5-7-17-8-6-13)9-3-1-2-4-10(9)12(15)16/h1-4H,5-8H2,(H,15,16)	Oprea1_546159	C1COCCN1C(=O)C2=CC=CC=C2C(=O)O	0.5	52295;6920126	PubChem:(52295 6920126);PubChem class - safety and toxic	67108866
17	1	N/A	-295.060933599667	C12H13NO4	[M - H2O + H]+	AIMIQQQEWMWGNW	InChI=1S/C12H13NO4/c1-17-9-4-2-8(3-5-9)13-7-6-10(11(13)14)12(15)16/h2-5,10H,6-7H2,1H3,(H,15,16)	1-(4-methoxyphenyl)-2-oxopyrrolidine-3-carboxylic acid	COC1=CC=C(C=C1)N2CCC(C2=O)C(=O)O	1.70000005	3373117;40632983;40424419	PubChem:(3373117 40632983 40424419);PubChem class - safety and toxic	67108866
18	1	N/A	-298.6533212086446	C12H13NO4	[M - H2O + H]+	HDSDOJMUZFFCFU	InChI=1S/C12H13NO4/c1-16-10(17-2)7-13-11(14)8-5-3-4-6-9(8)12(13)15/h3-6,10H,7H2,1-2H3	Ambcb5173142	COC(CN1C(=O)C2=CC=CC=C2C1=O)OC	0.808326364	844086;11118024	NORMAN:(NS00028286);PubChem class - safety and toxic;PubChem:(844086 11118024);PubMed	67371074
19	1	N/A	-305.43643015568756	C12H13NO4	[M - H2O + H]+	KHINKCGJKZSHAJ	InChI=1S/C12H13NO4/c14-10(15)12(6-7-12)13-11(16)17-8-9-4-2-1-3-5-9/h1-5H,6-8H2,(H,13,16)(H,14,15)	1-(Z-amino)cyclopropanecarboxylic acid	C1CC1(C(=O)O)NC(=O)OCC2=CC=CC=C2	1.39999998	3589012;51374294	COCONUT:(CNP0023991);PubChem class - safety and toxic;PubChem:(3589012 51374294)	69206018
20	1	N/A	-308.4854943135474	C12H13NO4	[M - H2O + H]+	JIKAEHOGWAHVIJ	InChI=1S/C12H13NO4/c1-17-10-4-2-9(3-5-10)13-7-8(12(15)16)6-11(13)14/h2-5,8H,6-7H2,1H3,(H,15,16)	Oprea1_850628	COC1=CC=C(C=C1)N2CC(CC2=O)C(=O)O	0.5	715836;715837;2736758;4442486;6926301;6926302	PubChem class - safety and toxic;PubChem:(715836 715837 2736758 4442486 6926301 6926302);PubMed	67108930
21	1	N/A	-309.06293701280623	C12H13NO4	[M - H2O + H]+	CEUWDWAXFLFQHR	InChI=1S/C12H13NO4/c1-13-8(12(14)15)6-7-9(16-2)4-5-10(17-3)11(7)13/h4-6H,1-3H3,(H,14,15)	4,7-dimethoxy-1-methylindole-2-carboxylic acid	CN1C(=CC2=C(C=CC(=C21)OC)OC)C(=O)O	1.79999995	907487;6953965	COCONUT:(CNP0339639 CNP0376047);PubChem:(907487 6953965);SuperNatural:(SN00046459);ZINC bio:(ZINC00489429)	3153922
22	1	N/A	-310.8823180678351	C12H13NO4	[M - H2O + H]+	BEBFQDDKTUAVDH	InChI=1S/C12H13NO4/c1-13-9-4-7(16-2)5-11(17-3)8(9)6-10(13)12(14)15/h4-6H,1-3H3,(H,14,15)	4,6-dimethoxy-1-methylindole-2-carboxylate	CN1C(=CC2=C1C=C(C=C2OC)OC)C(=O)O	1.79999995	907438;7061103	COCONUT:(CNP0044163 CNP0375776);PubChem:(907438 7061103);SuperNatural:(SN00064616);ZINC bio:(ZINC03881742)	3153922
23	1	N/A	-311.400357065659	C12H13NO4	[M - H2O + H]+	JJLSSLSXTRMIGR	InChI=1S/C12H13NO4/c1-8(12(15)16)13-11(14)7-9-5-3-4-6-10(9)17-2/h3-6H,1,7H2,2H3,(H,13,14)(H,15,16)	ACMC-20couh	COC1=CC=CC=C1CC(=O)NC(=C)C(=O)O	1.29999995	159468	MeSH:(159468);PubChem:(159468);PubMed	70
24	1	N/A	-315.49521046898263	C12H13NO4	[M - H2O + H]+	JYKQZYMZPYYHLX	InChI=1S/C12H13NO4/c1-2-16-11(14)8-13-12(15)17-9-10-6-4-3-5-7-10/h2-7H,1,8-9H2,(H,13,15)	N-Carbobenzoxyglycine vinyl ester	C=COC(=O)CNC(=O)OCC1=CC=CC=C1	1.79999995	47309	PubChem class - safety and toxic;PubChem:(47309);PubMed	67108930
25	1	N/A	-317.33640463323843	C12H13NO4	[M - H2O + H]+	LAHROJZLGLNLBT	InChI=1S/C12H13NO4/c14-11-8-17-7-10(12(15)16)13(11)6-9-4-2-1-3-5-9/h1-5,10H,6-8H2,(H,15,16)	ACMC-20dkpf	C1C(N(C(=O)CO1)CC2=CC=CC=C2)C(=O)O	0.5	13543370;13543371;13543372;29973445;40151965	PubChem:(13543370 13543371 13543372 29973445 40151965);PubChem class - safety and toxic	67108866
26	1	N/A	-317.54134657732703	C12H13NO4	[M - H2O + H]+	XYPXVGQCONOYAI	InChI=1S/C12H13NO4/c1-16-11(14)10(12(15)17-2)8-13-9-6-4-3-5-7-9/h3-8,13H,1-2H3	dimethyl 2-(anilinomethylidene)propanedioate	COC(=O)C(=CNC1=CC=CC=C1)C(=O)OC	2.5	2751139	COCONUT:(CNP0028442);PubChem:(2751139);SuperNatural:(SN00124958);ZINC bio:(ZINC03846649)	3153922
27	1	N/A	-317.65715605349305	C12H13NO4	[M - H2O + H]+	VFXVGUKENCPCBN	InChI=1S/C12H13NO4/c14-11(6-10-8-17-12(15)13-10)16-7-9-4-2-1-3-5-9/h1-5,10H,6-8H2,(H,13,15)	Benzyl 2-[(4S)-2-oxo-1,3-oxazolidin-4-yl]acetate	C1C(NC(=O)O1)CC(=O)OCC2=CC=CC=C2	1.10000002	11241814;21632917	PubChem:(11241814 21632917);COCONUT:(CNP0093714)	2097154
28	1	N/A	-318.3729396008588	C12H13NO4	[M - H2O + H]+	FDVUHHSIORKKMP	InChI=1S/C12H13NO4/c1-13-8-4-5-10(16-2)11(17-3)7(8)6-9(13)12(14)15/h4-6H,1-3H3,(H,14,15)	4,5-dimethoxy-1-methylindole-2-carboxylate	CN1C2=C(C=C1C(=O)O)C(=C(C=C2)OC)OC	1.79999995	907535;7069622	COCONUT:(CNP0113735 CNP0376239);PubChem:(907535 7069622);SuperNatural:(SN00065561);ZINC bio:(ZINC03999806)	3153922
29	1	N/A	-318.7001187235935	C12H13NO4	[M - H2O + H]+	FSQYFQDNXPYJQH	InChI=1S/C12H13NO4/c1-3-8-16-11(14)10-6-5-7-13(10)12(15)17-9-4-2/h1-2,10H,5-9H2	null	C#CCOC(=O)C1CCCN1C(=O)OCC#C	0.800000012	91721202;138756232	PubChem:(91721202 138756232);CHEBI:(144322)	34
30	1	N/A	-329.48192840997154	C12H13NO4	[M - H2O + H]+	AGILOUWCNJCUIT	InChI=1S/C12H13NO4/c1-2-16-11(14)8-13-7-9-5-3-4-6-10(9)17-12(13)15/h3-6H,2,7-8H2,1H3	Ethyl 2-oxo-2H-1,3-benzoxazine-3(4H)-acetate	CCOC(=O)CN1CC2=CC=CC=C2OC1=O	1.5	209627	PubChem:(209627);PubChem class - safety and toxic	67108866
31	1	N/A	-330.9821272087905	C12H13NO4	[M - H2O + H]+	LXYQYRHUAUEDDG	InChI=1S/C12H13NO4/c1-16-11(14)6-8-7-17-10-5-3-2-4-9(10)13-12(8)15/h2-5,8H,6-7H2,1H3,(H,13,15)	methyl (4-oxo-2,3,4,5-tetrahydro-1,5-benzoxazepin-3-yl)acetate	COC(=O)CC1COC2=CC=CC=C2NC1=O	0.600000024	30033546;30033548;43841294	PubChem:(30033546 30033548 43841294);COCONUT:(CNP0401617)	2097154
32	1	N/A	-332.24165701345515	C12H13NO4	[M - H2O + H]+	XZXBMLVOUMGNIB	InChI=1S/C12H13NO4/c1-15-8-5-4-7-9(16-2)6-10(14)13-11(7)12(8)17-3/h4-6H,1-3H3,(H,13,14)	null	COC1=C(C2=C(C=C1)C(=CC(=O)N2)OC)OC	1.0	10823636	COCONUT:(CNP0132782);Natural Products:(UNPD68596);PubChem:(10823636)	2129922
33	1	N/A	-334.55800782261014	C12H13NO4	[M - H2O + H]+	TVUJONIYWNBWPM	InChI=1S/C12H13NO4/c1-15-7-4-9-8(11(5-7)16-2)6-10(13-9)12(14)17-3/h4-6,13H,1-3H3	ACMC-20effb	COC1=CC2=C(C=C(N2)C(=O)OC)C(=C1)OC	2.20000005	671212	COCONUT:(CNP0376162);PubChem:(671212);ZINC bio:(ZINC00032326)	2105346
34	1	N/A	-334.69123661332804	C12H13NO4	[M - H2O + H]+	AUOCWXRAIMAMOY	InChI=1S/C12H13NO4/c1-8(2)7-16-11(14)13-9-5-3-4-6-10(9)17-12(13)15/h3-6,8H,7H2,1-2H3	Oprea1_249284	CC(C)COC(=O)N1C2=CC=CC=C2OC1=O	2.79999995	927561	COCONUT:(CNP0360522);PubChem:(927561);SuperNatural:(SN00046963);ZINC bio:(ZINC00517330)	3153922
35	1	N/A	-335.8748366398239	C12H13NO4	[M - H2O + H]+	FKWDZIFOVOUDAG	InChI=1S/C12H13NO4/c14-11-10(6-7-16-11)13-12(15)17-8-9-4-2-1-3-5-9/h1-5,10H,6-8H2,(H,13,15)	Z-D-homoserinelactone	C1COC(=O)C1NC(=O)OCC2=CC=CC=C2	1.5	301122;489185;489186	COCONUT:(CNP0120873);PubChem:(301122 489185 489186);ZINC bio:(ZINC00392026 ZINC00392027);additional;Training Set;PubMed	2646082
36	1	N/A	-338.44315987122275	C12H13NO4	[M - H2O + H]+	BNIBNUOPVTZWRT	InChI=1S/C12H13NO4/c14-11-6-10(8-16-11)13-12(15)17-7-9-4-2-1-3-5-9/h1-5,10H,6-8H2,(H,13,15)	Oprea1_012853	C1C(COC1=O)NC(=O)OCC2=CC=CC=C2	1.10000002	562277;697922;697924	PubChem class - safety and toxic;PubChem:(562277 697922 697924);PubMed;ZINC bio:(ZINC00074702 ZINC00074706)	67117122
37	1	N/A	-342.52065399747494	C12H13NO4	[M - H2O + H]+	JBKIFGNPYPHRJA	InChI=1S/C12H13NO4/c14-6-8-17-7-5-13-11(15)9-3-1-2-4-10(9)12(13)16/h1-4,14H,5-8H2	2-[2-(2-hydroxyethoxy)ethyl]isoindole-1,3-dione	C1=CC=C2C(=C1)C(=O)N(C2=O)CCOCCO	0.234575182	2755406	COCONUT:(CNP0224782);PubChem:(2755406);SuperNatural:(SN00127917);ZINC bio:(ZINC03851898)	3153922
38	1	N/A	-348.3635118140907	C12H13NO4	[M - H2O + H]+	HUIXFVSBBMWVRZ	InChI=1S/C12H13NO4/c1-16-11(14)7-8-2-3-10-9(6-8)12(15)13-4-5-17-10/h2-3,6H,4-5,7H2,1H3,(H,13,15)	Methyl 2,3,4,5-tetrahydro-5-oxo-1,4-benzoxazepine-7-acetate	COC(=O)CC1=CC2=C(C=C1)OCCNC2=O	0.699999988	3055703	PubChem:(3055703);PubChem class - safety and toxic	67108866
39	1	N/A	-349.94865434209936	C12H13NO4	[M - H2O + H]+	WHQIRWQTHDCINN	InChI=1S/C12H13NO4/c1-16-11-5-8-3-4-13(15)10(7-14)9(8)6-12(11)17-2/h3-6,14H,7H2,1-2H3	1-Isoquinolinemethanol, 6,7-dimethoxy-, 2-oxide	COC1=C(C=C2C(=C1)C=C[N+](=C2CO)[O-])OC	0.800000012	71406619	PubChem:(71406619);Natural Products:(UNPD80393)	32770
40	1	N/A	-353.54200260169335	C12H13NO4	[M - H2O + H]+	DJMXYPOBEYNJDS	InChI=1S/C12H13NO4/c1-15-9-6-8-7(4-5-13-12(8)14)10(16-2)11(9)17-3/h4-6H,1-3H3,(H,13,14)	5,6,7-trimethoxyisoquinolin-1-ol	COC1=C(C(=C2C=CNC(=O)C2=C1)OC)OC	1.20000005	4644196	PubChem:(4644196);PubChem class - safety and toxic	67108866
41	1	N/A	-361.8190570993145	C12H13NO4	[M - H2O + H]+	DNBSASOCQLUZFR	InChI=1S/C12H13NO4/c1-8(12(15)16)13-11(14)7-9-3-5-10(17-2)6-4-9/h3-6H,1,7H2,2H3,(H,13,14)(H,15,16)	N-(4-Methoxyphenylacetyl)dehydroalanine	COC1=CC=C(C=C1)CC(=O)NC(=C)C(=O)O	1.29999995	130300	MeSH:(130300);PubChem:(130300);PubMed	70
42	1	N/A	-362.8763635165236	C12H13NO4	[M - H2O + H]+	AIXMJTYHQHQJLU	InChI=1S/C12H13NO4/c1-16-12(15)7-10-6-11(13-17-10)8-2-4-9(14)5-3-8/h2-5,10,14H,6-7H2,1H3	null	COC(=O)CC1CC(=NO1)C2=CC=C(C=C2)O	1.29999995	4633677;5288525;135564896	COCONUT:(CNP0019998);PubChem:(4633677 5288525 135564896);additional;PubChem class - bio and metabolites;Training Set;PubMed	19415106
43	1	N/A	-364.704273198127	C12H13NO4	[M - H2O + H]+	TWZNHNBGZBKUJJ	InChI=1S/C12H13NO4/c1-15-7-4-8-9(16-2)6-11(14)13-12(8)10(5-7)17-3/h4-6H,1-3H3,(H,13,14)	null	COC1=CC2=C(C(=C1)OC)NC(=O)C=C2OC	1.0	15559611	COCONUT:(CNP0149525);Natural Products:(UNPD183986);PubChem:(15559611);ZINC bio:(ZINC14684899)	2138114
44	1	N/A	-368.8484958397311	C12H13NO4	[M - H2O + H]+	SAGFXHROGAPVFB	InChI=1S/C12H13NO4/c1-16-7-3-4-10-8(5-7)9(12(15)13-10)6-11(14)17-2/h3-5,9H,6H2,1-2H3,(H,13,15)	null	COC1=CC2=C(C=C1)NC(=O)C2CC(=O)OC	1.15529692	""	COCONUT:(CNP0117045);Natural Products:(UNPD229168)	2129920
45	1	N/A	-379.1333565834165	C12H13NO4	[M - H2O + H]+	RZSKBLLMNZPTPM	InChI=1S/C12H13NO4/c1-3-7-15-9-16-10-5-4-6-11(8-10)17-12(14)13-2/h1,4-6,8H,7,9H2,2H3,(H,13,14)	Hercules 9908	CNC(=O)OC1=CC=CC(=C1)OCOCC#C	1.97931898	29007	PubChem:(29007);PubChem class - safety and toxic	67108866
46	1	N/A	-393.93486252707413	C12H13NO4	[M - H2O + H]+	KILZYNRCCTZBRH	InChI=1S/C12H13NO4/c1-13-9-7(5-4-6-8(9)16-2)10(14)11(17-3)12(13)15/h4-6,14H,1-3H3	null	CN1C2=C(C=CC=C2OC)C(=C(C1=O)OC)O	1.0	54723908	COCONUT:(CNP0293882);KNApSAcK:(26486);Natural Products:(UNPD118444);PubChem:(54723908);SuperNatural:(SN00381729)	3178514
47	1	N/A	-397.11262468519266	C12H13NO4	[M - H2O + H]+	JIOZHSSMPMWZQB	InChI=1S/C12H13NO4/c14-12(13-3-5-15-6-4-13)9-1-2-10-11(7-9)17-8-16-10/h1-2,7H,3-6,8H2	Oprea1_155022	C1COCCN1C(=O)C2=CC3=C(C=C2)OCO3	0.882526219	785894	PubChem class - safety and toxic;PubChem:(785894);PubMed	67108930
48	1	N/A	-414.2959589619491	C12H13NO4	[M - H2O + H]+	XPLNSJFVMBLFNT	InChI=1S/C12H13NO4/c1-17-10-5-4-8(7-9(10)14)12(16)13-6-2-3-11(13)15/h4-5,7,14H,2-3,6H2,1H3	1-(3-Hydroxy-4-methoxybenzoyl)-2-pyrrolidinone	COC1=C(C=C(C=C1)C(=O)N2CCCC2=O)O	0.800000012	3060805	PubChem class - safety and toxic;PubChem:(3060805);KEGG Mine	8657043458
49	1	N/A	-418.01780927488335	C12H13NO4	[M - H2O + H]+	QMRKITLQPPLTLQ	InChI=1S/C12H13NO4/c1-7(14)9-10(15)13-11(9)17-12(16)8-5-3-2-4-6-8/h2-7,9,11,14H,1H3,(H,13,15)	3-(1-hydroxyethyl)-4-oxoazetidin-2-yl benzoate	CC(C1C(NC1=O)OC(=O)C2=CC=CC=C2)O	1.29999995	2751585;3970164;57061957;67850524;102328611	COCONUT:(CNP0326883);PubChem:(2751585 3970164 57061957 67850524 102328611);SuperNatural:(SN00125165);ZINC bio:(ZINC03846895)	3153922
50	1	N/A	-419.04938654193916	C12H13NO4	[M - H2O + H]+	GJXVDSKKWOHCHJ	InChI=1S/C12H13NO4/c1-13-11(15)6-9(14)8-4-7(16-2)5-10(17-3)12(8)13/h4-6,14H,1-3H3	null	CN1C(=O)C=C(C2=C1C(=CC(=C2)OC)OC)O	0.800000012	121015249	COCONUT:(CNP0373277);Natural Products:(UNPD162891);PubChem:(121015249)	2129922
51	1	N/A	-437.7800996048341	C12H13NO4	[M - H2O + H]+	HKUOTYAJDSTUAU	InChI=1S/C12H13NO4/c1-2-17-10(14)7-12(16)8-5-3-4-6-9(8)13-11(12)15/h3-6,16H,2,7H2,1H3,(H,13,15)	ethyl 2-(3-hydroxy-2-oxo-1H-indol-3-yl)acetate	CCOC(=O)CC1(C2=CC=CC=C2NC1=O)O	0.800000012	316956	COCONUT:(CNP0246347);Natural Products:(UNPD207818);PubChem:(316956)	2129922
52	1	N/A	-438.5186497343305	C12H13NO4	[M - H2O + H]+	OJLLODMRNXRZIT	InChI=1S/C12H13NO4/c1-13-5-4-7-6-8(16-2)10(14)11(17-3)9(7)12(13)15/h4-6,14H,1-3H3	7-hydroxy-6,8-dimethoxy-2-methylisoquinolin-1-one	CN1C=CC2=CC(=C(C(=C2C1=O)OC)O)OC	1.10000002	5315819	COCONUT:(CNP0168744);KNApSAcK:(27321);Natural Products:(UNPD132743);PubChem:(5315819);SuperNatural:(SN00158357)	3178514
53	1	N/A	-442.1488910919917	C12H13NO4	[M - H2O + H]+	ZUSPUYXHFZBBBB	InChI=1S/C12H13NO4/c1-17-9-4-2-8(3-5-9)11(15)13-7-6-10(14)12(13)16/h2-5,10,14H,6-7H2,1H3	3-Hydroxyaniracetam	COC1=CC=C(C=C1)C(=O)N2CCC(C2=O)O	0.600000024	174127;3060804;70510087	MeSH:(174127);PubChem class - safety and toxic;PubChem:(174127 3060804 70510087);PubMed;KEGG Mine	8657043526
54	1	N/A	-446.85800448393354	C12H13NO4	[M - H2O + H]+	PTTIXXJFMSKCPB	InChI=1S/C12H13NO4/c1-8-12(16-3)13(7-14)10-5-4-9(15-2)6-11(10)17-8/h4-7H,1-3H3	null	CC1=C(N(C2=C(O1)C=C(C=C2)OC)C=O)OC	1.60000002	44310862	COCONUT:(CNP0081619);PubChem:(44310862);PubMed	2097218
55	1	N/A	-452.68195471707406	C12H13NO4	[M - H2O + H]+	SRMMAOXDXMDUGY	InChI=1S/C12H13NO4/c1-17-10-4-2-8(3-5-10)12(16)13-7-9(14)6-11(13)15/h2-5,9,14H,6-7H2,1H3	4-hydroxy-1-(4-methoxybenzoyl)pyrrolidin-2-one	COC1=CC=C(C=C1)C(=O)N2CC(CC2=O)O	0.200000003	3060806;56622458;70510224	PubChem class - safety and toxic;PubChem:(3060806 56622458 70510224);KEGG Mine	8657043458
56	1	N/A	-477.2874422911076	C12H13NO4	[M - H2O + H]+	LTVXBOAZCXIEGL	InChI=1S/C12H13NO4/c1-12(2)11(13(14)15)7-8-6-9(16-3)4-5-10(8)17-12/h4-7H,1-3H3	6-methoxy-2,2-dimethyl-3-nitrochromene	CC1(C(=CC2=C(O1)C=CC(=C2)OC)[N+](=O)[O-])C	2.4000001	42464	PubChem:(42464);PubChem class - safety and toxic	67108866
57	1	N/A	-479.1466291290071	C12H13NO4	[M - H2O + H]+	WXNZYYXXILQTKX	InChI=1S/C12H13NO4/c1-12(2)10(14)7-5-4-6-8(9(7)17-12)16-11(15)13-3/h4-6H,1-3H3,(H,13,15)	3-Oxocarbofuran	CC1(C(=O)C2=C(O1)C(=CC=C2)OC(=O)NC)C	1.75367486	27999	NORMAN:(NS00003026);COCONUT:(CNP0003171);HMDB:(32776);PubChem:(27999);additional;PubChem class - bio and metabolites;MeSH:(27999);PubChem class - safety and toxic;Training Set;PubMed	86786126
58	1	N/A	-497.62317566160016	C12H13NO4	[M - H2O + H]+	MFRDKFMNFJXLSH	InChI=1S/C12H13NO4/c1-13-4-3-7-8(12(13)14)5-9(15-2)11-10(7)16-6-17-11/h5H,3-4,6H2,1-2H3	4-methoxy-7-methyl-8,9-dihydro-[1,3]dioxolo[4,5-f]isoquinolin-6-one	CN1CCC2=C3C(=C(C=C2C1=O)OC)OCO3	1.20000005	14355975	COCONUT:(CNP0170020);KNApSAcK:(26062);Natural Products:(UNPD127618);PubChem:(14355975);SuperNatural:(SN00354717)	3178514
59	1	N/A	-503.36666870363985	C12H13NO4	[M - H2O + H]+	ONPOXXGCIAQPEL	InChI=1S/C12H13NO4/c1-13-4-3-7-8(12(13)14)5-9-11(10(7)15-2)17-6-16-9/h5H,3-4,6H2,1-2H3	9-methoxy-6-methyl-7,8-dihydro-[1,3]dioxolo[4,5-g]isoquinolin-5-one	CN1CCC2=C(C3=C(C=C2C1=O)OCO3)OC	1.20000005	13475781	COCONUT:(CNP0309483);Natural Products:(UNPD67194);PubChem:(13475781)	2129922
60	1	N/A	-792.2147169655542	C12H13NO4	[M - H2O + H]+	FSDTUOKRYYZAQY	InChI=1S/C12H13NO4/c14-7-4-12-5(3-9(15)16-12)10-6-1-2-8(12)13(6)17-11(7)10/h3,6-8,10-11,14H,1-2,4H2	null	C1CC2C34CC(C5C(C1N2O5)C3=CC(=O)O4)O	-0.5	60154178;60154247;135068607;134968845	MeSH:(60154178 60154247);PubChem:(60154178 60154247 135068607 134968845);PubMed	70
1	1	0.519939842375144	-31.133937701800193	C12H11NO3	[M + H]+	VKKWCKNFSMMXJZ	InChI=1S/C12H11NO3/c1-8-6-11(14)13(7-12(15)16)10-5-3-2-4-9(8)10/h2-6H,7H2,1H3,(H,15,16)	2-(4-methyl-2-oxoquinolin-1-yl)acetate	CC1=CC(=O)N(C2=CC=CC=C12)CC(=O)O	1.0	268297;6949670	COCONUT:(CNP0138000 CNP0396166);PubChem:(268297 6949670);SuperNatural:(SN00045127);PubMed;ZINC bio:(ZINC00380285)	3153986
2	1	N/A	-90.73769720143778	C12H11NO3	[M + H]+	BLCBANRNSXYIEB	InChI=1S/C12H11NO3/c1-2-13-10-6-4-3-5-8(10)11(15)9(7-14)12(13)16/h3-7,15H,2H2,1H3	null	CCN1C2=CC=CC=C2C(=C(C1=O)C=O)O	1.5	135402476	COCONUT:(CNP0227227);PubChem:(135402476);SuperNatural:(SN00125638);ZINC bio:(ZINC03847569)	3153922
3	1	N/A	-104.95859967858352	C12H11NO3	[M + H]+	NDYCTYRHTJYACP	InChI=1S/C12H11NO3/c1-6-3-4-8-10(7(6)2)13-5-9(11(8)14)12(15)16/h3-5H,1-2H3,(H,13,14)(H,15,16)	7,8-dimethyl-4-oxo-1H-quinoline-3-carboxylate	CC1=C(C2=C(C=C1)C(=O)C(=CN2)C(=O)O)C	2.5999999	735358;4276086	COCONUT:(CNP0280943);PubChem:(735358 4276086);ZINC bio:(ZINC00151623);PubChem class - safety and toxic;Training Set;PubMed	69230658
4	1	N/A	-120.17327107719707	C12H11NO3	[M + H]+	BRENAYCUDGIHED	InChI=1S/C12H11NO3/c1-7-3-4-10-8(5-7)11(14)9(12(15)16)6-13(10)2/h3-6H,1-2H3,(H,15,16)	Oprea1_336066	CC1=CC2=C(C=C1)N(C=C(C2=O)C(=O)O)C	1.66417885	718163;5064963	COCONUT:(CNP0059292 CNP0398029);PubChem:(718163 5064963);SuperNatural:(SN00043334);PubMed;ZINC bio:(ZINC00117364)	3153986
5	1	N/A	-125.26977199106422	C12H11NO3	[M + H]+	AVGIGXGPOOBSGR	InChI=1S/C12H11NO3/c14-11-5-7-13(8-6-12(15)16)10-4-2-1-3-9(10)11/h1-5,7H,6,8H2,(H,15,16)	3-(4-oxoquinolin-1(4H)-yl)propanoic acid	C1=CC=C2C(=C1)C(=O)C=CN2CCC(=O)O	1.41914546	53264528	COCONUT:(CNP0095854 CNP0399076);PubChem:(53264528);SuperNatural:(SN00102908);ZINC bio:(ZINC44419158)	3153922
6	1	N/A	-127.64720112912411	C12H11NO3	[M + H]+	JLHAMAZZACUPTQ	InChI=1S/C12H11NO3/c1-6-3-7(2)11-8(4-6)13-9(12(15)16)5-10(11)14/h3-5H,1-2H3,(H,13,14)(H,15,16)	4-Hydroxy-5,7-Dimethylquinoline-2-Carboxylic Acid	CC1=CC(=C2C(=C1)NC(=CC2=O)C(=O)O)C	2.0	14842737	PubChem:(14842737);PubMed;PubChem class - bio and metabolites	16777282
7	1	N/A	-133.23339188577611	C12H11NO3	[M + H]+	YBEOYBKKSWUSBR	InChI=1S/C12H11NO3/c1-2-16-12(15)9-7-13-10-6-4-3-5-8(10)11(9)14/h3-7H,2H2,1H3,(H,13,14)	Oprea1_405827	CCOC(=O)C1=CNC2=CC=CC=C2C1=O	2.0	220876;21762535	NORMAN:(NS00008653);PubChem:(220876 21762535);additional;PubChem class - safety and toxic;Training Set;PubMed	67911746
8	1	N/A	-135.1703888168422	C12H11NO3	[M + H]+	WTHATVQLTWYSCI	InChI=1S/C12H11NO3/c1-2-16-12(15)9-7-11(14)13-10-6-4-3-5-8(9)10/h3-7H,2H2,1H3,(H,13,14)	Oprea1_546855	CCOC(=O)C1=CC(=O)NC2=CC=CC=C21	1.29999995	160782	COCONUT:(CNP0009730 CNP0089586 CNP0236724);Natural Products:(UNPD142124);PubChem:(160782);ZINC bio:(ZINC13470856);MeSH:(160782);PubMed	2138182
9	1	N/A	-139.9305812595259	C12H11NO3	[M + H]+	POZIHPKRJFLANV	InChI=1S/C12H11NO3/c1-2-16-12(15)9-7-8-5-3-4-6-10(8)13-11(9)14/h3-7H,2H2,1H3,(H,13,14)	Oprea1_644440	CCOC(=O)C1=CC2=CC=CC=C2NC1=O	1.79999995	589276	PubChem class - safety and toxic;PubChem:(589276);PubMed	67108930
10	1	N/A	-147.92585491512156	C12H11NO3	[M + H]+	UACLREXZGKWWIC	InChI=1S/C12H11NO3/c1-2-16-12(15)10-7-11(14)8-5-3-4-6-9(8)13-10/h3-7H,2H2,1H3,(H,13,14)	Kynurenic acid ethyl ester	CCOC(=O)C1=CC(=O)C2=CC=CC=C2N1	2.0	282844	PubChem class - safety and toxic;Training Set;PubChem:(282844);PubMed;additional	67649602
11	1	N/A	-149.89507228578816	C12H11NO3	[M + H]+	BHYKHYYQPFOAPJ	InChI=1S/C12H11NO3/c1-2-16-12(15)13-10-6-4-3-5-9(10)7-8-11(13)14/h3-8H,2H2,1H3	ethyl 2-oxoquinoline-1-carboxylate	CCOC(=O)N1C(=O)C=CC2=CC=CC=C21	2.14033914	207809	PubChem:(207809);PubChem class - safety and toxic	67108866
12	1	N/A	-154.55317394932652	C12H11NO3	[M + H]+	IYDOWWOCDFMIPL	InChI=1S/C12H11NO3/c1-16-12(15)8-13-7-6-11(14)9-4-2-3-5-10(9)13/h2-7H,8H2,1H3	methyl 2-(4-oxohydroquinolyl)acetate	COC(=O)CN1C=CC(=O)C2=CC=CC=C21	1.65525365	13285415	COCONUT:(CNP0397418);PubChem:(13285415);SuperNatural:(SN00101978);ZINC bio:(ZINC39473531)	3153922
13	1	N/A	-162.5254639819312	C12H11NO3	[M + H]+	USZZQHXFNKXDHV	InChI=1S/C12H11NO3/c1-13-11-6-10(16-2)4-3-8(11)5-9(7-14)12(13)15/h3-7H,1-2H3	7-methoxy-1-methyl-2-oxohydroquinoline-3-carbaldehyde	CN1C2=C(C=CC(=C2)OC)C=C(C1=O)C=O	1.20000005	14146167	COCONUT:(CNP0318658);PubChem:(14146167);SuperNatural:(SN00077480);ZINC bio:(ZINC08733254)	3153922
14	1	N/A	-174.155203136289	C12H11NO3	[M + H]+	IHFYUTMZSUUALN	InChI=1S/C12H11NO3/c1-8(14)7-13-5-4-9-6-10(12(15)16)2-3-11(9)13/h2-6H,7H2,1H3,(H,15,16)	null	CC(=O)CN1C=CC2=C1C=CC(=C2)C(=O)O	1.39999998	90317816	MeSH:(90317816);PubChem:(90317816);PubMed	70
15	1	N/A	-176.99568231970804	C12H11NO3	[M + H]+	DNVFBLDIZKYQPL	InChI=1S/C12H11NO3/c1-8(14)13-7-12(16-9(2)15)10-5-3-4-6-11(10)13/h3-7H,1-2H3	Indoxyl 1,3-diacetate	CC(=O)N1C=C(C2=CC=CC=C21)OC(=O)C	1.60000002	583602	COCONUT:(CNP0193209);Natural Products:(UNPD10524);PubChem:(583602);SuperNatural:(SN00243084);ZINC bio:(ZINC00057379);PubMed	3186754
16	1	N/A	-181.5343236828001	C12H11NO3	[M + H]+	VSANSNPZLCXLRK	InChI=1S/C12H11NO3/c1-7(11(14)12(15)16)9-6-13-10-5-3-2-4-8(9)10/h2-7,13H,1H3,(H,15,16)	3-Methylindolepyruvate	CC(C1=CNC2=CC=CC=C21)C(=O)C(=O)O	2.0	440163;440740;21145064;118796911;118796912	COCONUT:(CNP0082117);PubChem:(440163 440740 21145064 118796911 118796912);CHEBI:(112106 28549 16083 91180 57633);PubChem class - bio and metabolites;KEGG:(C21289 C05644);Biocyc:(CPD-398)	18876706
17	1	N/A	-182.30370276176993	C12H11NO3	[M + H]+	WTPMFFQBDYIARF	InChI=1S/C12H11NO3/c1-2-16-12(15)11(14)9-7-13-10-6-4-3-5-8(9)10/h3-7,13H,2H2,1H3	Ethyl indole-3-glyoxylate	CCOC(=O)C(=O)C1=CNC2=CC=CC=C21	1.95732749	101242	NORMAN:(NS00032202);COCONUT:(CNP0292173);Natural Products:(UNPD87025);PubChem class - safety and toxic;PubChem:(101242)	69500930
18	1	N/A	-184.90266030754623	C12H11NO3	[M + H]+	NLUOPJQCFYTMGC	InChI=1S/C12H11NO3/c14-11(5-6-12(15)16)9-7-13-10-4-2-1-3-8(9)10/h1-4,7,13H,5-6H2,(H,15,16)	Oprea1_673990	C1=CC=C2C(=C1)C(=CN2)C(=O)CCC(=O)O	1.43983519	730037;6929525	PubChem class - safety and toxic;PubChem:(730037 6929525);PubMed	67108930
19	1	N/A	-185.75339487126826	C12H11NO3	[M + H]+	CFFNAFFCJAEKRB	InChI=1S/C12H11NO3/c1-6-3-7(2)11-8(4-6)13-12(16)10(15)5-9(11)14/h3-5,14H,1-2H3,(H,13,15,16)	null	CC1=CC(=C2C(=C1)NC(=O)C(=O)C=C2O)C	1.29999995	10104763	MeSH:(10104763);PubChem:(10104763);PubMed	70
20	1	N/A	-188.71352446667788	C12H11NO3	[M + H]+	MAWKFBYSXNWFSD	InChI=1S/C12H11NO3/c1-13-10-6-4-3-5-8(10)9(7-14)11(13)12(15)16-2/h3-7H,1-2H3	methyl 3-formyl-1-methylindole-2-carboxylate	CN1C2=CC=CC=C2C(=C1C(=O)OC)C=O	1.60000002	4777797	COCONUT:(CNP0398025);PubChem:(4777797);SuperNatural:(SN00077216);ZINC bio:(ZINC08417244)	3153922
21	1	N/A	-191.80704794145598	C12H11NO3	[M + H]+	XEWJNPORMBGGKZ	InChI=1S/C12H11NO3/c1-8-10(7-11(14)15)13-12(16-8)9-5-3-2-4-6-9/h2-6H,7H2,1H3,(H,14,15)	Maybridge1_002118	CC1=C(N=C(O1)C2=CC=CC=C2)CC(=O)O	1.89999998	2775139;22119458	PubChem class - safety and toxic;PubChem:(2775139 22119458);PubMed	67108930
22	1	N/A	-199.690216728182	C12H11NO3	[M + H]+	UHTMDXSOGQARCU	InChI=1S/C12H11NO3/c1-2-16-12(15)11-9(7-14)8-5-3-4-6-10(8)13-11/h3-7,13H,2H2,1H3	Oprea1_266872	CCOC(=O)C1=C(C2=CC=CC=C2N1)C=O	2.0999999	5107764	COCONUT:(CNP0415255);Training Set;PubChem:(5107764)	2113538
23	1	N/A	-209.82178164782897	C12H11NO3	[M + H]+	QEIPBKOIMJTHFL	InChI=1S/C12H11NO3/c1-16-9-4-2-3-8(7-9)10-5-6-11(14)12(15)13-10/h2-7,14H,1H3,(H,13,15)	3-Hydroxy-6-(3-Methoxyphenyl)pyridin-2(5h)-One	COC1=CC=CC(=C1)C2=CC=C(C(=O)N2)O	1.70000005	71720917	PubChem:(71720917);PubMed;PubChem class - bio and metabolites	16777282
24	1	N/A	-218.3070273761989	C12H11NO3	[M + H]+	PKWIQNMYISXPPV	InChI=1S/C12H11NO3/c1-8(14)16-7-12(15)10-6-13-11-5-3-2-4-9(10)11/h2-6,13H,7H2,1H3	Oprea1_149911	CC(=O)OCC(=O)C1=CNC2=CC=CC=C21	1.51398206	214011	COCONUT:(CNP0263028);PubChem:(214011);ZINC bio:(ZINC00325346);additional;PubChem class - safety and toxic;Training Set;PubMed	69754946
25	1	N/A	-218.510892744913	C12H11NO3	[M + H]+	SBHIWUQNUXJUMN	InChI=1S/C12H11NO3/c1-13-7-9(11(14)12(15)16-2)8-5-3-4-6-10(8)13/h3-7H,1-2H3	zlchem 1011	CN1C=C(C2=CC=CC=C21)C(=O)C(=O)OC	1.70000005	4453675	PubChem:(4453675);PubChem class - safety and toxic	67108866
26	1	N/A	-219.7735666344141	C12H11NO3	[M + H]+	ITKQVWKZLCNILF	InChI=1S/C12H11NO3/c1-2-16-12(15)7-11(14)10-5-3-9(8-13)4-6-10/h3-6H,2,7H2,1H3	ethyl (4-cyanobenzoyl)acetate	CCOC(=O)CC(=O)C1=CC=C(C=C1)C#N	1.85640574	2757969	PubChem:(2757969);PubChem class - safety and toxic	67108866
27	1	N/A	-221.2536576765623	C12H11NO3	[M + H]+	FEMZVADPTYXZIF	InChI=1S/C12H11NO3/c1-7-5-10(14)13(2)11-8(7)3-4-9-12(11)16-6-15-9/h3-5H,6H2,1-2H3	casimiroin analogue, 1b	CC1=CC(=O)N(C2=C1C=CC3=C2OCO3)C	1.20000005	42618027	PubChem:(42618027);PubMed;PubChem class - bio and metabolites	16777282
28	1	N/A	-222.68982180386067	C12H11NO3	[M + H]+	YUDGWDNZKSVTHL	InChI=1S/C12H11NO3/c13-12-9-4-2-1-3-8(9)5-6-10(12)16-7-11(14)15/h1-6H,7,13H2,(H,14,15)	((1-Amino-2-naphthyl)oxy)acetic acid	C1=CC=C2C(=C1)C=CC(=C2N)OCC(=O)O	2.0999999	3020557	PubChem:(3020557);NORMAN:(NS00038857)	262146
29	1	N/A	-229.96323433311392	C12H11NO3	[M + H]+	AICKYZOVKLTAFW	InChI=1S/C12H11NO3/c1-13-6-8(7-14)11-9(12(15)16-2)4-3-5-10(11)13/h3-7H,1-2H3	methyl 3-formyl-1-methylindole-4-carboxylate	CN1C=C(C2=C(C=CC=C21)C(=O)OC)C=O	1.29999995	12396111	COCONUT:(CNP0346276);PubChem:(12396111);SuperNatural:(SN00084806);ZINC bio:(ZINC11919630)	3153922
30	1	N/A	-234.06475638539573	C12H11NO3	[M + H]+	ZDIVCPODDCJMDM	InChI=1S/C12H11NO3/c1-15-10-7-8-5-3-4-6-9(8)13-11(10)12(14)16-2/h3-7H,1-2H3	ACMC-20mddl	COC1=CC2=CC=CC=C2N=C1C(=O)OC	2.29999995	19692170	COCONUT:(CNP0247039);Natural Products:(UNPD16900);PubChem:(19692170);SuperNatural:(SN00300668)	3178498
31	1	N/A	-235.8560072098491	C12H11NO3	[M + H]+	GFVIYHMHRMUSLA	InChI=1S/C12H11NO3/c14-12(15)7-6-11-13-8-10(16-11)9-4-2-1-3-5-9/h1-5,8H,6-7H2,(H,14,15)	5-Phenyloxazole-2-propionic acid	C1=CC=C(C=C1)C2=CN=C(O2)CCC(=O)O	1.79999995	3460796;6926538	PubChem:(3460796 6926538);PubChem class - safety and toxic	67108866
32	1	N/A	-243.37037183928996	C12H11NO3	[M + H]+	YWNRATDDUSMBPR	InChI=1S/C12H11NO3/c1-2-16-12(15)11(14)10(8-13)9-6-4-3-5-7-9/h3-7,10H,2H2,1H3	Ethyl cyanophenylpyruvate	CCOC(=O)C(=O)C(C#N)C1=CC=CC=C1	1.89999998	22845;6993749;6999767	NORMAN:(NS00044433);PubChem class - safety and toxic;PubChem:(22845 6993749 6999767);PubMed	67371074
33	1	N/A	-245.20932606638604	C12H11NO3	[M + H]+	JTUCCIJVUMWRPQ	InChI=1S/C12H11NO3/c1-15-10-5-6-11(16-2)12-9(10)4-3-8(7-14)13-12/h3-7H,1-2H3	5,8-dimethoxyquinoline-2-carbaldehyde	COC1=C2C=CC(=NC2=C(C=C1)OC)C=O	1.89999998	1548876	COCONUT:(CNP0386442);PubChem:(1548876);SuperNatural:(SN00050515);ZINC bio:(ZINC01526717)	3153922
34	1	N/A	-254.52519471219284	C12H11NO3	[M + H]+	HRBVVSOFSLPAOY	InChI=1S/C12H11NO3/c1-2-16-12(15)10(8-13)7-9-3-5-11(14)6-4-9/h3-7,14H,2H2,1H3	CBMicro_017528	CCOC(=O)C(=CC1=CC=C(C=C1)O)C#N	1.87135434	1550980;668171;243062	COCONUT:(CNP0099780);PubChem class - safety and toxic;PubChem:(1550980 668171 243062);ZINC bio:(ZINC00028208)	69214210
35	1	N/A	-259.53537715975955	C12H11NO3	[M + H]+	ARUDIIZCBYPNNS	InChI=1S/C12H11NO3/c1-8-11(7-14)12(13-16-8)9-3-5-10(15-2)6-4-9/h3-7H,1-2H3	ACMC-20anjo	CC1=C(C(=NO1)C2=CC=C(C=C2)OC)C=O	1.89999998	11053098	PubChem:(11053098);PubChem class - safety and toxic	67108866
36	1	N/A	-262.81155988439565	C12H11NO3	[M + H]+	LOCJAKWRQPUYTL	InChI=1S/C12H11NO3/c1-16-12(15)11(14)6-8-7-13-10-5-3-2-4-9(8)10/h2-7,13-14H,1H3	null	COC(=O)C(=CC1=CNC2=CC=CC=C21)O	2.20000005	11063872	PubChem:(11063872);COCONUT:(CNP0306049)	2097154
37	1	N/A	-266.10653335730086	C12H11NO3	[M + H]+	VUFWMWBNRFMIHW	InChI=1S/C12H11NO3/c1-2-16-12(15)7-6-10-4-3-5-11(8-10)13-9-14/h3-8H,2H2,1H3	Ethyl 3-(3-isocyanatophenyl)acrylate	CCOC(=O)C=CC1=CC(=CC=C1)N=C=O	3.4000001	86836;6537996	PubChem:(86836 6537996);NORMAN:(NS00048394)	262146
38	1	N/A	-273.2538361279444	C12H11NO3	[M + H]+	UAKAXMMJCPVGNY	InChI=1S/C12H11NO3/c1-2-16-12(15)13-11(14)9-8-10-6-4-3-5-7-10/h3-7H,2H2,1H3,(H,13,14,15)	null	CCOC(=O)NC(=O)C#CC1=CC=CC=C1	2.29999995	50741837	COCONUT:(CNP0030523);PubChem:(50741837);ZINC bio:(ZINC68602092)	2105346
39	1	N/A	-275.6635103518406	C12H11NO3	[M + H]+	DJJRKYNKJQAPHU	InChI=1S/C12H11NO3/c14-12(15)9-6-7-3-4-10-8(11(7)13-9)2-1-5-16-10/h3-4,6,13H,1-2,5H2,(H,14,15)	1,7,8,9-tetrahydropyrano[2,3-g]indole-2-carboxylic acid	C1CC2=C(C=CC3=C2NC(=C3)C(=O)O)OC1	2.29999995	3067316	PubChem:(3067316);PubChem class - safety and toxic	67108866
40	1	N/A	-276.0523048866321	C12H11NO3	[M + H]+	IZIZPLREWPTKFV	InChI=1S/C12H11NO3/c1-15-12(14)11-6-5-10(16-11)8-3-2-4-9(13)7-8/h2-7H,13H2,1H3	zlchem 695	COC(=O)C1=CC=C(O1)C2=CC(=CC=C2)N	2.20000005	7148520	PubChem:(7148520);PubChem class - safety and toxic	67108866
41	1	N/A	-286.0741199342922	C12H11NO3	[M + H]+	VFWZTMZWNJSVMH	InChI=1S/C12H11NO3/c1-15-12(14)11-7-6-10(16-11)8-4-2-3-5-9(8)13/h2-7H,13H2,1H3	methyl 5-(2-aminophenyl)-2-furoate	COC(=O)C1=CC=C(O1)C2=CC=CC=C2N	2.20000005	5192714	PubChem:(5192714);PubChem class - safety and toxic	67108866
42	1	N/A	-287.027235658958	C12H11NO3	[M + H]+	YVXRPLSLGJTXGY	InChI=1S/C12H11NO3/c1-2-13-11-8-5-3-4-6-10(8)16-12(15)9(11)7-14/h3-7,13H,2H2,1H3	4-(ethylamino)-2-oxochromene-3-carbaldehyde	CCNC1=C(C(=O)OC2=CC=CC=C21)C=O	2.20000005	820813	COCONUT:(CNP0048516);PubChem:(820813);SuperNatural:(SN00118278);ZINC bio:(ZINC00337353)	3153922
43	1	N/A	-293.2994314251148	C12H11NO3	[M + H]+	OWEYCEAOEGYVFC	InChI=1S/C12H11NO3/c1-2-8(14)7-13-11(15)9-5-3-4-6-10(9)12(13)16/h2-6,8,14H,1,7H2	2-(2-hydroxybut-3-enyl)isoindole-1,3-dione	C=CC(CN1C(=O)C2=CC=CC=C2C1=O)O	0.923285663	339439;92147928;92271077	PubChem:(339439 92147928 92271077);PubChem class - safety and toxic	67108866
44	1	N/A	-293.6410940887872	C12H11NO3	[M + H]+	JOIQXOMSFVFDQY	InChI=1S/C12H11NO3/c1-15-12(14)11-7-6-10(16-11)8-2-4-9(13)5-3-8/h2-7H,13H2,1H3	Methyl 5-(4-aminophenyl)furan-2-carboxylate	COC(=O)C1=CC=C(O1)C2=CC=C(C=C2)N	2.20000005	11310484	PubChem:(11310484);PubChem class - safety and toxic	67108866
45	1	N/A	-298.6170406217111	C12H11NO3	[M + H]+	IVIHOQMJEBQALJ	InChI=1S/C12H11NO3/c1-7(2)10(14)13-11(15)8-5-3-4-6-9(8)12(13)16/h3-7H,1-2H3	2-(2-methylpropanoyl)isoindole-1,3-dione	CC(C)C(=O)N1C(=O)C2=CC=CC=C2C1=O	1.4462961	244345	PubChem:(244345);PubChem class - safety and toxic	67108866
46	1	N/A	-299.4724682878749	C12H11NO3	[M + H]+	RLKAWJIZIHNQHZ	InChI=1S/C12H11NO3/c1-8-4-5-10(14)9(7-8)13-12(15)11-3-2-6-16-11/h2-7,14H,1H3,(H,13,15)	Oprea1_644124	CC1=CC(=C(C=C1)O)NC(=O)C2=CC=CO2	2.20000005	2878765	PubChem:(2878765);PubMed;CHEBI:(111323)	98
47	1	N/A	-299.9324822947734	C12H11NO3	[M + H]+	UHXZYLPOMAITGU	InChI=1S/C12H11NO3/c1-15-11-5-3-2-4-10(11)12-7-6-9(16-12)8-13-14/h2-8,14H,1H3	Oprea1_625171	COC1=CC=CC=C1C2=CC=C(O2)C=NO	2.70000005	915958;5706177;5418786	COCONUT:(CNP0211523);PubChem:(915958 5706177 5418786);SuperNatural:(SN00132619);PubMed;ZINC bio:(ZINC13110434)	3153986
48	1	N/A	-303.27258657816674	C12H11NO3	[M + H]+	DZNFLGGCJZUMEM	InChI=1S/C12H11NO3/c1-16-12(15)13-11-4-2-3-8-5-6-9(14)7-10(8)11/h2-7,14H,1H3,(H,13,15)	1-Methoxycarbonylamino-7-naphthol	COC(=O)NC1=CC=CC2=C1C=C(C=C2)O	2.26168704	67240	NORMAN:(NS00024228);PubChem class - safety and toxic;PubChem:(67240)	67371010
49	1	N/A	-306.37690256417034	C12H11NO3	[M + H]+	NJPWIKVAYDDPNC	InChI=1S/C12H11NO3/c1-8-4-5-13-7-12(8)16-11-6-9(14)2-3-10(11)15/h2-7,14-15H,1H3	null	CC1=C(C=NC=C1)OC2=C(C=CC(=C2)O)O	2.0	10608794	COCONUT:(CNP0105468);MeSH:(10608794);Natural Products:(UNPD44586);PubChem:(10608794);PubMed	2129990
50	1	N/A	-307.39270564831446	C12H11NO3	[M + H]+	WMXADABRNBNSJC	InChI=1S/C12H11NO3/c14-8-4-3-7-13-11(15)9-5-1-2-6-10(9)12(13)16/h1-2,5-6,8H,3-4,7H2	4-Phthalimidobutanal	C1=CC=C2C(=C1)C(=O)N(C2=O)CCCC=O	1.13372171	77150;50992676	PubChem:(77150 50992676);PubChem class - safety and toxic	67108866
51	1	N/A	-312.59936245182917	C12H11NO3	[M + H]+	AOVJSWHKUGNIDY	InChI=1S/C12H11NO3/c1-7-5-12(15)16-11-6-9(13-8(2)14)3-4-10(7)11/h3-6H,1-2H3,(H,13,14)	Oprea1_626203	CC1=CC(=O)OC2=C1C=CC(=C2)NC(=O)C	1.83371556	927433	COCONUT:(CNP0360178);PubChem:(927433);SuperNatural:(SN00046908);PubMed;ZINC bio:(ZINC00517139)	3153986
52	1	N/A	-317.67277285044815	C12H11NO3	[M + H]+	UTAURGNFTNUWCZ	InChI=1S/C12H11NO3/c1-6-3-7(2)11-8(14)5-10(12(13)15)16-9(11)4-6/h3-5H,1-2H3,(H2,13,15)	5,7-dimethyl-4-oxochromene-2-carboxamide	CC1=CC(=C2C(=C1)OC(=CC2=O)C(=O)N)C	1.39999998	214629	PubChem:(214629);PubChem class - safety and toxic	67108866
53	1	N/A	-321.1524547850852	C12H11NO3	[M + H]+	VHPOBVWIUYMENY	InChI=1S/C12H11NO3/c1-6-3-8-10(4-7(6)2)16-12(13)9(5-14)11(8)15/h3-5H,13H2,1-2H3	2-Amino-3-formyl-6,7-dimethylchromone	CC1=CC2=C(C=C1C)OC(=C(C2=O)C=O)N	2.0	591132	PubChem class - safety and toxic;PubChem:(591132);PubMed	67108930
54	1	N/A	-322.83971052926177	C12H11NO3	[M + H]+	MDIMSJGGKSUKJZ	InChI=1S/C12H11NO3/c1-13-12(15)16-11-7-3-4-8-9(11)5-2-6-10(8)14/h2-7,14H,1H3,(H,13,15)	5-Hydroxycarbaryl	CNC(=O)OC1=CC=CC2=C1C=CC=C2O	2.16700983	21956	PubChem class - safety and toxic;PubChem:(21956);KEGG Mine	8657043458
55	1	N/A	-323.8762924843182	C12H11NO3	[M + H]+	RRXDDBJMCPRNNO	InChI=1S/C12H11NO3/c1-2-16-10-6-4-3-5-9(10)13-11(14)7-8-12(13)15/h3-8H,2H2,1H3	1-(2-ethoxyphenyl)azoline-2,5-dione	CCOC1=CC=CC=C1N2C(=O)C=CC2=O	1.39999998	300884	COCONUT:(CNP0213206);PubChem:(300884);SuperNatural:(SN00117344);ZINC bio:(ZINC00131766)	3153922
56	1	N/A	-326.7616304664346	C12H11NO3	[M + H]+	VBKWRQMKMIPEHG	InChI=1S/C12H11NO3/c1-15-11-7-3-2-4-9(14)10(7)13-12-8(11)5-6-16-12/h2-4,14H,5-6H2,1H3	null	COC1=C2CCOC2=NC3=C1C=CC=C3O	2.18173599	""	COCONUT:(CNP0090310);SuperNatural:(SN00168295);KEGG Mine	8593080320
57	1	N/A	-327.2097656967983	C12H11NO3	[M + H]+	DBCJWPPQXWNERC	InChI=1S/C12H11NO3/c1-2-16-11(14)7-9-8-5-3-4-6-10(8)13-12(9)15/h3-7H,2H2,1H3,(H,13,15)	ethyl 2-(2-oxo-1H-indol-3-ylidene)acetate	CCOC(=O)C=C1C2=CC=CC=C2NC1=O	1.29999995	4240616;6045897;10998461	PubChem class - safety and toxic;PubChem:(4240616 6045897 10998461);PubMed	67108930
58	1	N/A	-328.3664671209482	C12H11NO3	[M + H]+	KOHYRMHFQJXHDI	InChI=1S/C12H11NO3/c1-8-5-9(7-16-8)12(15)13-10-3-2-4-11(14)6-10/h2-7,14H,1H3,(H,13,15)	Oprea1_861771	CC1=CC(=CO1)C(=O)NC2=CC(=CC=C2)O	1.89999998	877422	PubChem:(877422);PubMed;CHEBI:(113153)	98
59	1	N/A	-332.7853382563184	C12H11NO3	[M + H]+	BDRUBILCCDSZIW	InChI=1S/C12H11NO3/c1-8-11(12(14)16-13-8)7-9-3-5-10(15-2)6-4-9/h3-7H,1-2H3	CBMicro_013366	CC1=NOC(=O)C1=CC2=CC=C(C=C2)OC	2.20000005	356868;5337756;5386572	PubChem:(356868 5337756 5386572);PubChem class - safety and toxic	67108866
60	1	N/A	-334.95494355159775	C12H11NO3	[M + H]+	CKOPWCOBXHDAOZ	InChI=1S/C12H11NO3/c14-12(15)10-5-1-2-6-11(10)13-8-9-4-3-7-16-9/h1-7,13H,8H2,(H,14,15)	Oprea1_356393	C1=CC=C(C(=C1)C(=O)O)NCC2=CC=CO2	1.92819607	332769;6926372	PubChem:(332769 6926372);PubMed;PubChem class - bio and metabolites	16777282
61	1	N/A	-338.72524822112763	C12H11NO3	[M + H]+	BAPQOHAPCRWHRC	InChI=1S/C12H11NO3/c1-15-10-6-4-9(5-7-10)13-12(14)11-3-2-8-16-11/h2-8H,1H3,(H,13,14)	Oprea1_644447	COC1=CC=C(C=C1)NC(=O)C2=CC=CO2	2.07595563	303388	PubChem class - safety and toxic;PubChem:(303388);PubMed	67108930
62	1	N/A	-343.91201028624016	C12H11NO3	[M + H]+	HLQZPKWGAFLVHJ	InChI=1S/C12H11NO3/c1-2-16-10-5-3-9(4-6-10)13-11(14)7-8-12(13)15/h3-8H,2H2,1H3	1-(4-Ethoxyphenyl)maleimide	CCOC1=CC=C(C=C1)N2C(=O)C=CC2=O	1.73946118	29407	COCONUT:(CNP0128516);PubChem class - safety and toxic;PubChem:(29407);SuperNatural:(SN00118390);ZINC bio:(ZINC00375074)	70262786
63	1	N/A	-344.68226820363867	C12H11NO3	[M + H]+	QBKVVMUXEOBMLS	InChI=1S/C12H11NO3/c1-8(14)11-10(15)7-13(12(11)16)9-5-3-2-4-6-9/h2-6,11H,7H2,1H3	2,4-Pyrrolidinedione, 3-acetyl-1-phenyl-	CC(=O)C1C(=O)CN(C1=O)C2=CC=CC=C2	1.0	15088156;124563162;124563163	NORMAN:(NS00009266);PubChem class - safety and toxic;PubChem:(15088156 124563162 124563163);PubMed	67371074
64	1	N/A	-358.1415778024823	C12H11NO3	[M + H]+	FTQZZDNELPUTCV	InChI=1S/C12H11NO3/c1-13-9-4-6-10(7-5-9)16-12(14)11-3-2-8-15-11/h2-8,13H,1H3	4-(methylamino)phenyl furan-2-carboxylate	CNC1=CC=C(C=C1)OC(=O)C2=CC=CO2	2.37318397	4250984	PubChem class - safety and toxic;PubChem:(4250984);KEGG Mine	8657043458
65	1	N/A	-359.0582271541821	C12H11NO3	[M + H]+	VDZXTSOINJESSP	InChI=1S/C12H11NO3/c14-7-3-4-10-9(6-7)8-2-1-5-13-11(8)12(15)16-10/h3-4,6,13-14H,1-2,5H2	9-hydroxy-1,2,3,4-tetrahydrochromeno[3,4-b]pyridin-5-one	C1CC2=C(C(=O)OC3=C2C=C(C=C3)O)NC1	1.70000005	797718;3985018	COCONUT:(CNP0124622);PubChem:(797718 3985018);SuperNatural:(SN00044716);PubMed;ZINC bio:(ZINC00302630)	3153986
66	1	N/A	-362.32730900106543	C12H11NO3	[M + H]+	RHWBEJLEOZOCQX	InChI=1S/C12H11NO3/c1-7(14)9-10(13-12(16)11(9)15)8-5-3-2-4-6-8/h2-6,10,15H,1H3,(H,13,16)	3-acetyl-4-hydroxy-5-oxo-2-phenyl-3-pyrroline	CC(=O)C1=C(C(=O)NC1C2=CC=CC=C2)O	1.10000002	723615;723618;2891049	COCONUT:(CNP0295719);PubChem:(723615 723618 2891049);SuperNatural:(SN00043412 SN00043413);PubMed;ZINC bio:(ZINC00128917 ZINC00128925)	3153986
67	1	N/A	-368.65875561297827	C12H11NO3	[M + H]+	GMYLCNWXXSTPJU	InChI=1S/C12H11NO3/c14-12(13-10-5-2-1-3-6-10)16-9-11-7-4-8-15-11/h1-8H,9H2,(H,13,14)	furan-2-ylmethyl phenylcarbamate	C1=CC=C(C=C1)NC(=O)OCC2=CC=CO2	2.0999999	232376	PubChem:(232376);PubChem class - safety and toxic	67108866
68	1	N/A	-368.6780261017775	C12H11NO3	[M + H]+	WBDXCBZSLZXLCT	InChI=1S/C12H11NO3/c1-8-7-11(14)13(12(8)15)9-3-5-10(16-2)6-4-9/h3-6H,1,7H2,2H3	N-(4-Methoxyphenyl)itaconimide	COC1=CC=C(C=C1)N2C(=O)CC(=C)C2=O	1.29999995	99443	PubChem:(99443);PubChem class - safety and toxic	67108866
69	1	N/A	-370.5161576556039	C12H11NO3	[M + H]+	CYEQNCOGYHCBOC	InChI=1S/C12H11NO3/c1-6-10(14)8-4-5-13-7(2)9(8)11(15)12(6)16-3/h4-5H,1-3H3	7-Methoxy-1,6-dimethyl-5,8-isoquinolinedione	CC1=C(C(=O)C2=C(C1=O)C=CN=C2C)OC	1.29999995	72191	COCONUT:(CNP0251514);Natural Products:(UNPD140213);PubChem:(72191);SuperNatural:(SN00312626);MeSH:(72191);PubMed	3178566
70	1	N/A	-370.54326974931564	C12H11NO3	[M + H]+	ZURJHNWXHWLCDM	InChI=1S/C12H11NO3/c1-15-9-4-2-8(3-5-9)10-6-7-11(16-10)12(13)14/h2-7H,1H3,(H2,13,14)	5-(4-methoxyphenyl)furan-2-carboxamide	COC1=CC=C(C=C1)C2=CC=C(O2)C(=O)N	1.79999995	2753223	COCONUT:(CNP0032038);PubChem:(2753223);SuperNatural:(SN00126287);ZINC bio:(ZINC03848455)	3153922
71	1	N/A	-373.9261441711135	C12H11NO3	[M + H]+	AXMHCYHGQSQUDN	InChI=1S/C12H11NO3/c1-13-12(15)16-11-7-6-10(14)8-4-2-3-5-9(8)11/h2-7,14H,1H3,(H,13,15)	4-Hydroxycarbaryl	CNC(=O)OC1=CC=C(C2=CC=CC=C21)O	2.16700983	21342	PubChem class - safety and toxic;PubChem:(21342);KEGG Mine	8657043458
72	1	N/A	-382.82981379015854	C12H11NO3	[M + H]+	OBFZZQGUNWTREB	InChI=1S/C12H11NO3/c14-8-13-12(15)16-11-7-3-5-9-4-1-2-6-10(9)11/h1-7,14H,8H2,(H,13,15)	N-(Hydroxymethyl)carbaryl	C1=CC=C2C(=C1)C=CC=C2OC(=O)NCO	2.23157597	21341	MeSH:(21341);PubChem:(21341);PubMed;KEGG Mine	8589934662
73	1	N/A	-383.0688863157991	C12H11NO3	[M + H]+	NMFQOPOKXPVGDH	InChI=1S/C12H11NO3/c1-16-11(15)13-9-5-3-2-4-8(9)10(14)12(13)6-7-12/h2-5H,6-7H2,1H3	methyl 3''-oxospiro[cyclopropane-1,2''-indole]-1''-carboxylate	COC(=O)N1C2=CC=CC=C2C(=O)C13CC3	1.60000002	3061597	PubChem:(3061597);PubChem class - safety and toxic	67108866
74	1	N/A	-386.9134755779905	C12H11NO3	[M + H]+	AACFPJSJOWQNBN	InChI=1S/C12H11NO3/c14-7-3-4-10-9(6-7)8-2-1-5-13-12(15)11(8)16-10/h3-4,6,14H,1-2,5H2,(H,13,15)	7-hydroxy-2H,3H,4H,5H-azepino[6,5-b]benzo[d]furan-1-one	C1CC2=C(C(=O)NC1)OC3=C2C=C(C=C3)O	2.0	755673	PubChem:(755673);CHEBI:(92059);additional;MeSH:(755673);PubChem class - safety and toxic;Training Set;PubMed	67649638
75	1	N/A	-387.071525060189	C12H11NO3	[M + H]+	DZLOYALXDCQGTA	InChI=1S/C12H11NO3/c14-13(15)11-7-9-6-5-8-3-1-2-4-10(8)12(9)16-11/h5-7H,1-4H2	2-nitro-6,7,8,9-tetrahydronaphtho[1,2-b]furan	C1CCC2=C(C1)C=CC3=C2OC(=C3)[N+](=O)[O-]	3.9000001	55489	PubChem:(55489);PubMed;PubChem class - bio and metabolites	16777282
76	1	N/A	-398.55521198612223	C12H11NO3	[M + H]+	UGMJNFNGAUVDRE	InChI=1S/C12H11NO3/c1-16-9-4-2-3-8(7-9)10-5-6-11(14)12(15)13-10/h2-4,6-7,14H,5H2,1H3	null	COC1=CC=CC(=C1)C2=NC(=O)C(=CC2)O	1.60000002	137348033	PubChem:(137348033);PubChem class - bio and metabolites	16777218
77	1	N/A	-399.08736526935877	C12H11NO3	[M + H]+	SJHPCNCNNSSLPL	InChI=1S/C12H11NO3/c1-2-15-8-10-12(14)16-11(13-10)9-6-4-3-5-7-9/h3-8H,2H2,1H3	Oxazolone	CCOC=C1C(=O)OC(=N1)C2=CC=CC=C2	2.0999999	27435;1712093;1712094	NORMAN:(NS00025081);PubChem:(27435 1712093 1712094);CHEBI:(53076);MeSH:(27435 1712093 1712094);PubChem class - safety and toxic;PubMed	67371110
78	1	N/A	-405.4407336558526	C12H11NO3	[M + H]+	SNLMFEPOVGGXMK	InChI=1S/C12H11NO3/c14-6-5-13-7-10-11(15)8-3-1-2-4-9(8)12(10)16/h1-4,7,14-15H,5-6H2	null	C1=CC=C2C(=C1)C(=C(C2=O)C=NCCO)O	0.400000006	135416871	PubChem:(135416871);PubChem class - safety and toxic	67108866
79	1	N/A	-405.6042792375818	C12H11NO3	[M + H]+	PWPKCQPPIDXVNX	InChI=1S/C12H11NO3/c1-8-13-11(12(14)16-8)7-9-4-3-5-10(6-9)15-2/h3-7H,1-2H3	5(4H)-Oxazolone, 4-[(3-methoxyphenyl)methylene]-2-methyl-	CC1=NC(=CC2=CC(=CC=C2)OC)C(=O)O1	1.89999998	10703971;71363217;108936247	COCONUT:(CNP0038259);PubChem:(10703971 71363217 108936247);SuperNatural:(SN00133672);ZINC bio:(ZINC13925067)	3153922
80	1	N/A	-406.8598306127879	C12H11NO3	[M + H]+	HSKVPAFMAZDKCS	InChI=1S/C12H11NO3/c1-8-13-10(12(14)16-8)7-9-5-3-4-6-11(9)15-2/h3-7H,1-2H3	4-(2-Methoxybenzylidene)-2-methyloxazol-5(4H)-one	CC1=NC(=CC2=CC=CC=C2OC)C(=O)O1	1.89999998	361416;5387536;6515971	COCONUT:(CNP0135137);PubChem:(361416 5387536 6515971);SuperNatural:(SN00131036);ZINC bio:(ZINC04693043)	3153922
81	1	N/A	-414.32145829039183	C12H11NO3	[M + H]+	VGGBMGVPRXKSLL	InChI=1S/C12H12NO3/c1-13-4-3-8-5-10-12(16-7-15-10)11(14-2)9(8)6-13/h3-6H,7H2,1-2H3/q+1	Spectrum_000671	C[N+]1=CC2=C(C3=C(C=C2C=C1)OCO3)OC	2.0	21338	COCONUT:(CNP0339071);PubChem:(21338);PubMed	2097218
82	1	N/A	-425.1083012472883	C12H11NO3	[M + H]+	JQSDDEOTKCXZRJ	InChI=1S/C12H11NO3/c1-15-9-6-7-2-4-13-11(7)10-8(14)3-5-16-12(9)10/h2,4,6,13H,3,5H2,1H3	Oprea1_762715	COC1=C2C(=C3C(=C1)C=CN3)C(=O)CCO2	1.5	847728	PubChem:(847728);PubChem class - safety and toxic	67108866
83	1	N/A	-460.9303119562903	C12H11NO3	[M + H]+	LMZWVGBFRUORCV	InChI=1S/C12H11NO3/c14-7-5-10-8-3-1-2-4-9(8)11(6-7)12(10)13(15)16/h1-4,10-12H,5-6H2	null	C1C2C(C(CC1=O)C3=CC=CC=C23)[N+](=O)[O-]	1.10000002	13616355;13616356;98125424;98125425	COCONUT:(CNP0266978);PubChem:(13616355 13616356 98125424 98125425);SuperNatural:(SN00142678);ZINC bio:(ZINC68603869)	3153922
84	1	N/A	-461.03429843356764	C12H11NO3	[M + H]+	FFBAGSRAJWFZIJ	InChI=1S/C12H11NO3/c1-16-10-6-4-9(5-7-10)12(15)13-8-2-3-11(13)14/h2,4-8H,3H2,1H3	1-(4-methoxybenzoyl)-3H-pyrrol-2-one	COC1=CC=C(C=C1)C(=O)N2C=CCC2=O	1.20000005	5327022	PubChem:(5327022);PubChem class - bio and metabolites	16777218
85	1	N/A	-479.1755313874744	C12H11NO3	[M + H]+	NFGZVNREIPIDST	InChI=1S/C12H11NO3/c1-16-8-4-2-7(3-5-8)12-6-9(12)10(14)13-11(12)15/h2-5,9H,6H2,1H3,(H,13,14,15)	3-Azabicyclo[3.1.0]hexane-2,4-dione, 1-(4-methoxyphenyl)-	COC1=CC=C(C=C1)C23CC2C(=O)NC3=O	0.600000024	12719821;12719822;59759995;91291393;99640208;99640209	PubChem:(12719821 12719822 59759995 91291393 99640208 99640209);PubChem class - safety and toxic	67108866
86	1	N/A	-491.3298089693901	C12H11NO3	[M + H]+	LQHCRFSEGFPYLD	InChI=1S/C12H11NO3/c1-7-12(6-10(14)16-7)8-4-2-3-5-9(8)13-11(12)15/h2-5,7H,6H2,1H3,(H,13,15)	null	CC1C2(CC(=O)O1)C3=CC=CC=C3NC2=O	0.699999988	44625879;44820011;44820012;101784885;101784886	COCONUT:(CNP0341409);Natural Products:(UNPD183113 UNPD143206);PubChem:(44625879 44820011 44820012 101784885 101784886);SuperNatural:(SN00389991 SN00306282)	3178498
87	1	N/A	-527.9372163344481	C12H11NO3	[M + H]+	XKYVWEDZUBUDQV	InChI=1S/C12H11NO3/c1-2-3-8-4-5-16-10(6-8)11-9(14)7-13-12(11)15/h2-6H,7H2,1H3,(H,13,15)	null	CC=CC1=CC(=C2C(=O)CNC2=O)OC=C1	1.0	131325105;131356744;139585324	PubChem:(131325105 131356744 139585324);COCONUT:(CNP0250712)	2097154
88	1	N/A	-539.8870335026616	C12H11NO3	[M + H]+	AGPWDHWZOCXKTC	InChI=1S/C12H11NO3/c1-2-4-8-5-3-6-10(16-8)11-9(14)7-13-12(11)15/h2-6H,7H2,1H3,(H,13,15)	E/Z-Vermelhotin	CC=CC1=CC=CC(=C2C(=O)CNC2=O)O1	1.5	16090268;73240332;73346754;73349254;102458554;102458555	COCONUT:(CNP0284067);Natural Products:(UNPD153510 UNPD227249);PubChem:(16090268 73240332 73346754 73349254 102458554 102458555);SuperNatural:(SN00339927);MeSH:(73349254);PubMed	3178566
89	1	N/A	-560.6506075364597	C12H11NO3	[M + H]+	OCCGHPZXUIYTDN	InChI=1S/C12H11NO3/c1-8(14)13-3-2-9-4-11-12(16-7-15-11)5-10(9)6-13/h2-5H,6-7H2,1H3	1-(5H-[1,3]dioxolo[4,5-g]isoquinolin-6-yl)ethanone	CC(=O)N1CC2=CC3=C(C=C2C=C1)OCO3	1.20000005	600082	COCONUT:(CNP0088721);PubChem:(600082);SuperNatural:(SN00125528);ZINC bio:(ZINC03847414)	3153922