structureRankPerFormula	formulaRank	ConfidenceScore	CSI:FingerIDScore	molecularFormula	adduct	InChIkey2D	InChI	name	smiles	xlogp	pubchemids	links	dbflags
1	1	0.09165110454992959	-281.9448955367816	C16H23N5O6	[M - H2O + H]+	VYRAJOITMBSQSE	InChI=1S/C16H23N5O6/c1-8(4-22)2-3-17-14-10-15(19-6-18-14)21(7-20-10)16-13(26)12(25)11(24)9(5-23)27-16/h2,6-7,9,11-13,16,22-26H,3-5H2,1H3,(H,17,18,19)	trans-Zeatin glucoside	CC(=CCNC1=C2C(=NC=N1)N(C=N2)C3C(C(C(C(O3)CO)O)O)O)CO	-1.53666103	9842892;25243916;25244554;57369721;53399083;53481386;101921807;131753125	HMDB:(12202 41369);SuperNatural:(SN00259941);ZINC bio:(ZINC12956064);additional;Plantcyc:(CPD-4613 CPD-4619);PubMed;COCONUT:(CNP0191331);Natural Products:(UNPD141848);PubChem:(9842892 25243916 25244554 57369721 53399083 53481386 101921807 131753125);CHEBI:(133210 72607 72609 133208);PubChem class - bio and metabolites;Training Set;Biocyc:(CPD-4613 CPD-4619)	20637802
2	1	N/A	-291.17539914936316	C16H23N5O6	[M - H2O + H]+	HTDHRCLVWUEXIS	InChI=1S/C16H23N5O6/c1-8(4-22)2-3-17-14-10-15(19-6-18-14)20-7-21(10)16-13(26)12(25)11(24)9(5-23)27-16/h2,6-7,9,11-13,16,22-26H,3-5H2,1H3,(H,17,18,19)	Raphanatin	CC(=CCNC1=NC=NC2=C1N(C=N2)C3C(C(C(C(O3)CO)O)O)O)CO	-1.60000002	6450275;25244153;25245759;74413368;101928901;131751241	HMDB:(12201 32000);SuperNatural:(SN00362092);additional;MeSH:(6450275 101928901 131751241);Plantcyc:(CPD-4612 CPD-4618);PubMed;NORMAN:(NS00014965);COCONUT:(CNP0338817);KNApSAcK:(7549);Natural Products:(UNPD189351);PubChem:(6450275 25244153 25245759 74413368 101928901 131751241);CHEBI:(133211 80494);PubChem class - bio and metabolites;KEGG:(C16443);Biocyc:(CPD-4612 CPD-4618)	20875646
3	1	N/A	-301.1153918474153	C16H23N5O6	[M - H2O + H]+	UUPDCCPAOMDMPT	InChI=1S/C16H23N5O6/c1-8(2-3-17-14-10-15(19-6-18-10)21-7-20-14)5-26-16-13(25)12(24)11(23)9(4-22)27-16/h2,6-7,9,11-13,16,22-25H,3-5H2,1H3,(H2,17,18,19,20,21)	cis-Zeatin-O-glucoside	CC(=CCNC1=NC=NC2=C1NC=N2)COC3C(C(C(C(O3)CO)O)O)O	-0.899999976	3253682;5280589;5461146;11574470;25244165	HMDB:(12203);additional;Plantcyc:(CPD-4614 CPD-4620);PubMed;COCONUT:(CNP0286144);Natural Products:(UNPD155029 UNPD173014);PubChem:(3253682 5280589 5461146 11574470 25244165);CHEBI:(38266 29043);PubChem class - bio and metabolites;KEGG:(C03423 C15546);Training Set;Biocyc:(CPD-4614 CPD-4620)	19581290
4	1	N/A	-366.97547258924527	C16H23N5O6	[M - H2O + H]+	QTSAHVCUJWDFEQ	InChI=1S/C16H23N5O6/c17-14(25)11-2-1-5-21(11)16(27)10(6-9-7-18-8-19-9)20-15(26)12(22)3-4-13(23)24/h7-8,10-12,22H,1-6H2,(H2,17,25)(H,18,19)(H,20,26)(H,23,24)	2-Hydroxy-4-carboxybutyrylhistidylprolinamide	C1CC(N(C1)C(=O)C(CC2=CN=CN2)NC(=O)C(CCC(=O)O)O)C(=O)N	-1.41648448	196249;21126480	MeSH:(196249);PubChem:(196249 21126480);PubMed	70
5	1	N/A	-417.46320765350686	C16H23N5O6	[M - H2O + H]+	KPQOKZBKDUUWME	InChI=1S/C16H23N5O6/c1-7(2)3-4-20-14-9(13(17)19-16(20)26)21(6-18-14)15-12(25)11(24)10(23)8(5-22)27-15/h3,6,8,10-12,15,22-25H,4-5H2,1-2H3,(H2,17,19,26)	null	CC(=CCN1C2=C(C(=NC1=O)N)N(C=N2)C3C(C(C(C(O3)CO)O)O)O)C	-1.70000005	102261380	COCONUT:(CNP0320656);Natural Products:(UNPD204292);PubChem:(102261380)	2129922
6	1	N/A	-449.9240505294197	C16H23N5O6	[M - H2O + H]+	ZAFKCZSGQZIQED	InChI=1S/C16H23N5O6/c1-10(22)26-8-6-21(7-9-27-11(2)23)15-17-13-12(18(15)3)14(24)20(5)16(25)19(13)4/h6-9H2,1-5H3	2-[2-acetyloxyethyl-(1,3,7-trimethyl-2,6-dioxopurin-8-yl)amino]ethyl acetate	CC(=O)OCCN(CCOC(=O)C)C1=NC2=C(N1C)C(=O)N(C(=O)N2C)C	-0.200000003	3077673	PubChem:(3077673);PubChem class - safety and toxic	67108866
1	1	N/A	-336.6847642747629	C16H21N5O5	[M + H]+	ITYONPBTNRIEBA	InChI=1S/C16H21N5O5/c22-13-4-3-10(19-13)14(23)20-11(6-9-7-17-8-18-9)15(24)21-5-1-2-12(21)16(25)26/h7-8,10-12H,1-6H2,(H,17,18)(H,19,22)(H,20,23)(H,25,26)	TRH, free acid	C1CC(N(C1)C(=O)C(CC2=CN=CN2)NC(=O)C3CCC(=O)N3)C(=O)O	-0.858694434	4968;6427034;11902898;10428784;129359877;129362193;129425712;129425713	COCONUT:(CNP0217711);Natural Products:(UNPD105555);PubChem:(4968 6427034 11902898 10428784 129359877 129362193 129425712 129425713);additional;MeSH:(4968);Training Set;PubMed;KEGG Mine	8592605254
2	1	N/A	-349.584134615469	C16H21N5O5	[M + H]+	KZAVRHNKDXLWFV	InChI=1S/C16H21N5O5/c17-14(23)11-2-1-5-21(11)16(25)10(6-9-7-18-8-19-9)20-15(24)12-3-4-13(22)26-12/h7-8,10-12H,1-6H2,(H2,17,23)(H,18,19)(H,20,24)	77026-81-4 (citrate[1:1])	C1CC(N(C1)C(=O)C(CC2=CN=CN2)NC(=O)C3CCC(=O)O3)C(=O)N	-0.797938049	115199;10007863;54021200;76958337	MeSH:(115199);PubChem:(115199 10007863 54021200 76958337);PubMed	70
3	1	N/A	-367.5473329736104	C16H21N5O5	[M + H]+	ADDJKOLVQCQUMT	InChI=1S/C16H21N5O5/c22-13-4-3-10(19-13)14(23)20-11(6-9-7-17-8-18-9)15(24)21-5-1-2-12(21)16(25)26/h7-12H,1-6H2,(H,19,22)(H,20,23)(H,25,26)	Deamido-trh	C1CC(N(C1)C(=O)C(CC2C=NC=N2)NC(=O)C3CCC(=O)N3)C(=O)O	-1.01084256	122057	MeSH:(122057);PubChem:(122057);PubMed	70