structureRankPerFormula	formulaRank	ConfidenceScore	CSI:FingerIDScore	molecularFormula	adduct	InChIkey2D	InChI	name	smiles	xlogp	pubchemids	links	dbflags
1	1	0.5673691223068807	-44.97373024625038	C28H48O3	[M - H2O + H]+	QNBPVJMQPAQXML	InChI=1S/C28H48O3/c1-20(12-8-13-22(3)19-29)10-7-11-21(2)14-9-16-28(6)17-15-25-18-26(30)23(4)24(5)27(25)31-28/h18,20-22,29-30H,7-17,19H2,1-6H3	13''-OH-tocopherol	CC1=C(C=C2CCC(OC2=C1C)(C)CCCC(C)CCCC(C)CCCC(C)CO)O	8.89999962	53481467;90659907	COCONUT:(CNP0281418);HMDB:(12561);PubChem:(53481467 90659907);CHEBI:(84963);PubChem class - bio and metabolites;KEGG Mine	8608809002
2	1	N/A	-142.8811097507355	C28H48O3	[M - H2O + H]+	HDQPGQGXAKBMAE	InChI=1S/C28H48O3/c1-17(26(3,4)31)15-25(30)18(2)22-9-10-23-21-8-7-19-16-20(29)11-13-27(19,5)24(21)12-14-28(22,23)6/h7,17-18,20-25,29-31H,8-16H2,1-6H3	null	CC(CC(C(C)C1CCC2C1(CCC3C2CC=C4C3(CCC(C4)O)C)C)O)C(C)(C)O	6.0999999	23427360;129683553	COCONUT:(CNP0247883);Natural Products:(UNPD38853);PubChem:(23427360 129683553);KEGG Mine	8592064514
3	1	N/A	-149.84975304780397	C28H48O3	[M - H2O + H]+	UJGZOSZMMQGHPD	InChI=1S/C28H48O3/c1-16(2)17(3)25(30)26(31)18(4)22-9-10-23-21-8-7-19-15-20(29)11-13-27(19,5)24(21)12-14-28(22,23)6/h7,16-18,20-26,29-31H,8-15H2,1-6H3	22,23-dihydroxycampesterol	CC(C)C(C)C(C(C(C)C1CCC2C1(CCC3C2CC=C4C3(CCC(C4)O)C)C)O)O	6.5	11048310;14536658;11453274;23724681;101355463	COCONUT:(CNP0062934);PubChem:(11048310 14536658 11453274 23724681 101355463);SuperNatural:(SN00215249);CHEBI:(80401);PubChem class - bio and metabolites;KEGG:(C16252);Plantcyc:(CPD-12495);PubMed;Biocyc:(CPD-12495)	20056418
4	1	N/A	-157.35729530786853	C28H48O3	[M - H2O + H]+	BKSPUQVZENTWRF	InChI=1S/C28H48O3/c1-17(15-25(30)18(2)26(3,4)31)22-9-10-23-21-8-7-19-16-20(29)11-13-27(19,5)24(21)12-14-28(22,23)6/h7,17-18,20-25,29-31H,8-16H2,1-6H3	null	CC(CC(C(C)C(C)(C)O)O)C1CCC2C1(CCC3C2CC=C4C3(CCC(C4)O)C)C	6.19370127	""	COCONUT:(CNP0211898);Natural Products:(UNPD227083)	2129920
5	1	N/A	-175.8968409821098	C28H48O3	[M - H2O + H]+	XEXGHDCZBILZDD	InChI=1S/C28H48O3/c1-20(2)11-8-12-21(3)13-9-14-22(4)15-10-17-28(7,31)18-16-25-19-26(29)23(5)24(6)27(25)30/h19-22,31H,8-18H2,1-7H3	null	CC1=C(C(=O)C(=CC1=O)CCC(C)(CCCC(C)CCCC(C)CCCC(C)C)O)C	8.39999962	10320624;53473453;58488759;71774362;97046701;97046702;98118145;98118146	COCONUT:(CNP0211824);HMDB:(33998);PubChem:(10320624 53473453 58488759 71774362 97046701 97046702 98118145 98118146);PubChem class - bio and metabolites	18874378
6	1	N/A	-179.05128826372095	C28H48O3	[M - H2O + H]+	BLMNGVQLHSBJCS	InChI=1S/C28H48O3/c1-18(2)7-6-8-19(3)24-16-25(31)28(17-29)23-10-9-20-15-21(30)11-13-26(20,4)22(23)12-14-27(24,28)5/h10,18-22,24-25,29-31H,6-9,11-17H2,1-5H3	14-Hydroxymethylcholest-7-ene-3,15-diol	CC(C)CCCC(C)C1CC(C2(C1(CCC3C2=CCC4C3(CCC(C4)O)C)C)CO)O	6.80000019	194644;21126289;21126290;53688353;71440313	MeSH:(194644);PubChem:(194644 21126289 21126290 53688353 71440313);PubMed	70
7	1	N/A	-180.43106347837372	C28H48O3	[M - H2O + H]+	ITLZIXCIULJMPV	InChI=1S/C28H48O3/c1-20(2)11-8-12-21(3)13-9-14-22(4)15-10-17-28(7,31)18-16-25-24(6)26(29)19-23(5)27(25)30/h19-22,31H,8-18H2,1-7H3	null	CC1=CC(=O)C(=C(C1=O)CCC(C)(CCCC(C)CCCC(C)CCCC(C)C)O)C	8.39999962	12444428;101361194	COCONUT:(CNP0262721);HMDB:(35194);Natural Products:(UNPD105690);PubChem:(12444428 101361194);SuperNatural:(SN00229589);PubChem class - bio and metabolites	19955722
8	1	N/A	-186.3483619726828	C28H48O3	[M - H2O + H]+	JSVPGVHCEQDJCZ	InChI=1S/C28H48O3/c1-16(2)17(3)13-25(30)18(4)21-7-8-22-20-15-26(31)24-14-19(29)9-11-28(24,6)23(20)10-12-27(21,22)5/h16-25,29-30H,7-15H2,1-6H3	Cathasterone	CC(C)C(C)CC(C(C)C1CCC2C1(CCC3C2CC(=O)C4C3(CCC(C4)O)C)C)O	6.5999999	12043401;11144543;15341086;23724582;60149432;101584143;101212488	COCONUT:(CNP0160363);KNApSAcK:(7275);Natural Products:(UNPD33736);PubChem:(12043401 11144543 15341086 23724582 60149432 101584143 101212488);SuperNatural:(SN00382366);CHEBI:(23057);PubChem class - bio and metabolites;KEGG:(C15790);Plantcyc:(CPD-11837 CPD-714);PubMed;Biocyc:(CPD-11837 CPD-714)	20089202
9	1	N/A	-188.27286656871087	C28H48O3	[M - H2O + H]+	CUTLVOWAGHDRHK	InChI=1S/C28H48O3/c1-18(2)7-6-8-19(3)24-16-25(31)28(17-29)23-10-9-20-15-21(30)11-13-26(20,4)22(23)12-14-27(24,28)5/h9-10,18-25,29-31H,6-8,11-17H2,1-5H3	14-Hydroxymethylcholest-6-ene-3,15-diol	CC(C)CCCC(C)C1CC(C2(C1(CCC3C2C=CC4C3(CCC(C4)O)C)C)CO)O	7.0999999	194643;21126287;21126288;53463672	MeSH:(194643);PubChem:(194643 21126287 21126288 53463672);PubMed	70
10	1	N/A	-189.6339326328239	C28H48O3	[M - H2O + H]+	HSNDEHHXLIPMTE	InChI=1S/C28H48O3/c1-18(6-7-19(2)28(5,31)17-29)23-10-11-24-22-9-8-20-16-21(30)12-14-26(20,3)25(22)13-15-27(23,24)4/h8,18-19,21-25,29-31H,6-7,9-17H2,1-5H3	(3S,6R)-6-[(3S,10R,13R)-3-hydroxy-10,13-dimethyl-2,3,4,7,8,9,11,12,14,15,16,17-dodecahydro-1H-cyclopenta[a]phenanthren-17-yl]-2,3-dimethylheptane-1,2-diol	CC(CCC(C)C(C)(CO)O)C1CCC2C1(CCC3C2CC=C4C3(CCC(C4)O)C)C	6.19999981	22832908;102059182	COCONUT:(CNP0168289);Natural Products:(UNPD129104);PubChem:(22832908 102059182);SuperNatural:(SN00318485)	3178498
11	1	N/A	-192.03657169409547	C28H48O3	[M - H2O + H]+	PJARFCFHURTCPY	InChI=1S/C28H48O3/c1-18(2)19(3)7-8-20(4)22-9-10-23-25(22,5)13-12-24-26(6)14-11-21(29)17-27(26,30)15-16-28(23,24)31/h7-8,18-24,29-31H,9-17H2,1-6H3	null	CC(C)C(C)C=CC(C)C1CCC2C1(CCC3C2(CCC4(C3(CCC(C4)O)C)O)O)C	6.08622408	""	COCONUT:(CNP0172688);Natural Products:(UNPD215885 UNPD189908);SuperNatural:(SN00340739)	3178496
12	1	N/A	-197.2310922313622	C28H48O3	[M - H2O + H]+	MHAOMYNDINDLMT	InChI=1S/C28H48O3/c1-15(2)16(3)25(29)26(30)17(4)20-9-10-21-19-8-7-18-13-23-24(31-23)14-28(18,6)22(19)11-12-27(20,21)5/h15-26,29-30H,7-14H2,1-6H3	null	CC(C)C(C)C(C(C(C)C1CCC2C1(CCC3C2CCC4C3(CC5C(C4)O5)C)C)O)O	6.14123344	""	COCONUT:(CNP0413257);Natural Products:(UNPD133741);SuperNatural:(SN00282601)	3178496
13	1	N/A	-201.69884347929138	C28H48O3	[M - H2O + H]+	URNVSZVQLKHKDE	InChI=1S/C28H48O3/c1-16(2)17(3)25(30)26(31)18(4)22-9-10-23-21-8-7-19-15-20(29)11-13-27(19,5)24(21)12-14-28(22,23)6/h16-19,21-26,30-31H,7-15H2,1-6H3	dehydro-deoxoteasterone	CC(C)C(C)C(C(C(C)C1CCC2C1(CCC3C2CCC4C3(CCC(=O)C4)C)C)O)O	6.9000001	16061345;23724592;59444565	COCONUT:(CNP0249664);KNApSAcK:(7274);Natural Products:(UNPD160688);PubChem:(16061345 23724592 59444565);SuperNatural:(SN00370202);CHEBI:(20710);PubChem class - bio and metabolites;KEGG:(C15800);Plantcyc:(CPD-717);PubMed;Biocyc:(CPD-717)	20089202
14	1	N/A	-203.29150081276038	C28H48O3	[M - H2O + H]+	IFSZTTVBHPWHLF	InChI=1S/C28H48O3/c1-17(7-8-18(2)25(3,4)30)21-9-10-22-20-15-24-28(31-24)16-19(29)11-14-27(28,6)23(20)12-13-26(21,22)5/h17-24,29-30H,7-16H2,1-6H3	null	CC(CCC(C)C(C)(C)O)C1CCC2C1(CCC3C2CC4C5(C3(CCC(C5)O)C)O4)C	6.5999999	72715266	COCONUT:(CNP0125540);Natural Products:(UNPD215194);PubChem:(72715266)	2129922
15	1	N/A	-213.79285838732085	C28H48O3	[M - H2O + H]+	NCBNYFAKBWFMMC	InChI=1S/C28H48O3/c1-17(2)13-20(30)14-18(3)22-7-6-8-23-21-16-26(31)25-15-19(29)9-11-28(25,5)24(21)10-12-27(22,23)4/h10,17-23,25-26,29-31H,6-9,11-16H2,1-5H3	null	CC(C)CC(CC(C)C1CCCC2C1(CC=C3C2CC(C4C3(CCC(C4)O)C)O)C)O	6.40204954	""	COCONUT:(CNP0081476)	2097152
16	1	N/A	-214.56381367311093	C28H48O3	[M - H2O + H]+	OSTVPVPQEYXOIN	InChI=1S/C28H48O3/c1-18(2)8-7-9-19(3)22-10-11-23-21-16-25(31-6)28(30)17-20(29)12-15-27(28,5)24(21)13-14-26(22,23)4/h16,18-20,22-25,29-30H,7-15,17H2,1-6H3	null	CC(C)CCCC(C)C1CCC2C1(CCC3C2=CC(C4(C3(CCC(C4)O)C)O)OC)C	6.69999981	23426043;23427365	COCONUT:(CNP0285993);Natural Products:(UNPD165088);PubChem:(23426043 23427365);SuperNatural:(SN00375216)	3178498
17	1	N/A	-220.44524813011026	C28H48O3	[M - H2O + H]+	IWHGIUPHPWHJHD	InChI=1S/C28H48O3/c1-18(2)19(3)7-8-20(4)24-11-12-25(28(24,6)15-16-29)23-10-9-21-17-22(30)13-14-27(21,5)26(23)31/h9,18-20,22-25,29-30H,7-8,10-17H2,1-6H3	9-oxo-9,11-seco-campest-5-en-3beta,11-diol	CC(C)C(C)CCC(C)C1CCC(C1(C)CCO)C2CC=C3CC(CCC3(C2=O)C)O	6.5999999	23255014;44583849;52931365	COCONUT:(CNP0200955);Natural Products:(UNPD108582 UNPD117049);PubChem:(23255014 44583849 52931365);SuperNatural:(SN00383192 SN00330432);PubMed	3178562
18	1	N/A	-228.82405689142712	C28H48O3	[M - H2O + H]+	JWMRKFVNKPPGSE	InChI=1S/C28H48O3/c1-17(2)18(3)7-8-19(4)22-9-10-23-21-15-25(30)28(31)16-20(29)11-14-27(28,6)24(21)12-13-26(22,23)5/h15,17-20,22-25,29-31H,7-14,16H2,1-6H3	17-(5,6-dimethylheptan-2-yl)-10,13-dimethyl-1,2,3,4,6,9,11,12,14,15,16,17-dodecahydrocyclopenta[a]phenanthrene-3,5,6-triol	CC(C)C(C)CCC(C)C1CCC2C1(CCC3C2=CC(C4(C3(CCC(C4)O)C)O)O)C	6.4000001	6480640;14236575;14236576;14236578;23426122;122392875;129682641;129685341;129882504	COCONUT:(CNP0103986);KNApSAcK:(32942);Natural Products:(UNPD74423 UNPD47886);PubChem:(6480640 14236575 14236576 14236578 23426122 122392875 129682641 129685341 129882504);SuperNatural:(SN00384836 SN00160728);PubMed	3178578
19	1	N/A	-230.61348066470487	C28H48O3	[M - H2O + H]+	NJXFGFILMQEWFG	InChI=1S/C28H48O3/c1-16(2)17(3)7-8-18(4)26-24(30)14-23-21-10-9-19-13-20(29)11-12-27(19,5)22(21)15-25(31)28(23,26)6/h7-8,16-26,29-31H,9-15H2,1-6H3	5alpha-ergost-22E-en-3alpha,12alpha,16alpha-triol	CC(C)C(C)C=CC(C)C1C(CC2C1(C(CC3C2CCC4C3(CCC(C4)O)C)O)C)O	6.0999999	25208132	COCONUT:(CNP0139908);Natural Products:(UNPD193337);PubChem:(25208132);SuperNatural:(SN00338483)	3178498
20	1	N/A	-231.08142079005222	C28H48O3	[M - H2O + H]+	TXNNVGFGCZGHTJ	InChI=1S/C28H48O3/c1-16(2)17(3)7-8-18(4)26-24(30)14-23-21-10-9-19-13-20(29)11-12-27(19,5)22(21)15-25(31)28(23,26)6/h16,18-26,29-31H,3,7-15H2,1-2,4-6H3	24-methylene-5alpha-cholestan-3alpha,12alpha,16alpha-triol	CC(C)C(=C)CCC(C)C1C(CC2C1(C(CC3C2CCC4C3(CCC(C4)O)C)O)C)O	6.80000019	25208282;56660485	COCONUT:(CNP0319482);Natural Products:(UNPD80056);PubChem:(25208282 56660485);SuperNatural:(SN00347921);PubMed	3178562
21	1	N/A	-232.30323458449567	C28H48O3	[M - H2O + H]+	BIYANMICVIESRU	InChI=1S/C28H48O3/c1-16(2)17(3)7-8-18(4)22-11-12-23-21-10-9-19-13-20(29)14-25(31)28(19,6)26(21)24(30)15-27(22,23)5/h9,16-18,20-26,29-31H,7-8,10-15H2,1-6H3	(1S,3R,8S,9S,10R,11R,13R,14S,17R)-17-[(2R)-5,6-dimethylheptan-2-yl]-10,13-dimethyl-2,3,4,7,8,9,11,12,14,15,16,17-dodecahydro-1H-cyclopenta[a]phenanthrene-1,3,11-triol	CC(C)C(C)CCC(C)C1CCC2C1(CC(C3C2CC=C4C3(C(CC(C4)O)O)C)O)C	6.5	21764226;22832304	COCONUT:(CNP0263170);Natural Products:(UNPD13839 UNPD145795);PubChem:(21764226 22832304);SuperNatural:(SN00400201 SN00271858)	3178498
22	1	N/A	-237.91340114788093	C28H48O3	[M - H2O + H]+	XYHLUHZFBHYCOX	InChI=1S/C28H48O3/c1-18(2)19(3)7-8-20(4)24-11-12-25(28(24,6)15-16-29)23-10-9-21-17-22(30)13-14-27(21,5)26(23)31/h18,20-25,29-30H,3,7-17H2,1-2,4-6H3	(2S,4aS,6S,8aS)-6-hydroxy-2-[(1S,2R)-2-(2-hydroxyethyl)-2-methyl-3-[(2R)-6-methyl-5-methylideneheptan-2-yl]cyclopentyl]-8a-methyl-2,3,4,4a,5,6,7,8-octahydronaphthalen-1-one	CC(C)C(=C)CCC(C)C1CCC(C1(C)CCO)C2CCC3CC(CCC3(C2=O)C)O	7.0	11661989;44583845;91024104	COCONUT:(CNP0328408);Natural Products:(UNPD54505);PubChem:(11661989 44583845 91024104);SuperNatural:(SN00330363);PubMed	3178562
23	1	N/A	-237.99668736998805	C28H48O3	[M - H2O + H]+	DVEFSLWXSGHWLC	InChI=1S/C28H48O3/c1-18(9-7-15-27(4,5)31)23-13-14-24-21(10-8-16-28(23,24)6)11-12-22-17-25(29)20(3)26(30)19(22)2/h11,18,20,23-26,29-31H,7-10,12-17H2,1-6H3	null	CC1C(CC(=C(C1O)C)CC=C2CCCC3(C2CCC3C(C)CCCC(C)(C)O)C)O	5.4000001	9547978	PubChem:(9547978);PubChem class - bio and metabolites	16777218
24	1	N/A	-244.89091697777715	C28H48O3	[M - H2O + H]+	UAHRFUZWEZHJIW	InChI=1S/C28H48O3/c1-18(6-9-23(30)24(2,3)31)21-11-12-26(5)22-8-7-19-16-20(29)10-13-27(19)17-28(22,27)15-14-25(21,26)4/h18-23,29-31H,6-17H2,1-5H3	null	CC(CCC(C(C)(C)O)O)C1CCC2(C1(CCC34C2CCC5C3(C4)CCC(C5)O)C)C	6.5	23655534	COCONUT:(CNP0251110);Natural Products:(UNPD157435);PubChem:(23655534);SuperNatural:(SN00291350)	3178498
25	1	N/A	-246.54271215847115	C28H48O3	[M - H2O + H]+	AGJSTPZQHXWFBB	InChI=1S/C28H48O3/c1-17(2)18(3)7-8-19(4)22-9-10-23-21-15-25(30)28(31)16-20(29)11-14-27(28,6)24(21)12-13-26(22,23)5/h17-24,29,31H,7-16H2,1-6H3	null	CC(C)C(C)CCC(C)C1CCC2C1(CCC3C2CC(=O)C4(C3(CCC(C4)O)C)O)C	7.19999981	23426890	COCONUT:(CNP0286583);Natural Products:(UNPD27316 UNPD195032 UNPD28526);PubChem:(23426890);SuperNatural:(SN00327809 SN00251799 SN00242995);KEGG Mine	8593113090
26	1	N/A	-248.92540795143654	C28H48O3	[M - H2O + H]+	WPOQOKILDWTELQ	InChI=1S/C28H48O3/c1-17(2)18(3)7-8-19(4)22-9-10-23-21-15-25(30)28(31)16-20(29)11-14-27(28,6)24(21)12-13-26(22,23)5/h7-8,17-25,29-31H,9-16H2,1-6H3	(22E,24R)-Cerevisterol	CC(C)C(C)C=CC(C)C1CCC2C1(CCC3C2CC(C4(C3(CCC(C4)O)C)O)O)C	6.4000001	16078335;23427229;23427230;102195122;134816241	COCONUT:(CNP0169284);Natural Products:(UNPD223110 UNPD29065);PubChem:(16078335 23427229 23427230 102195122 134816241);SuperNatural:(SN00276372);PubMed	3178562
27	1	N/A	-254.06830486965788	C28H48O3	[M - H2O + H]+	MCXULCLKYCWUMP	InChI=1S/C28H48O3/c1-18(2)8-7-9-19(3)22-10-11-23-21-16-25(29)28(30)17-20(31-6)12-15-27(28,5)24(21)13-14-26(22,23)4/h18-24,30H,7-17H2,1-6H3	(3R,5R,8S,9R,10R,13R,14R,17R)-5-hydroxy-3-methoxy-10,13-dimethyl-17-[(2R)-6-methylheptan-2-yl]-2,3,4,7,8,9,11,12,14,15,16,17-dodecahydro-1H-cyclopenta[a]phenanthren-6-one	CC(C)CCCC(C)C1CCC2C1(CCC3C2CC(=O)C4(C3(CCC(C4)OC)C)O)C	7.5	7099891;7099892;7099893;7099894;11877429;11877430;11877431;11877432;28365034;28365036;51708098	COCONUT:(CNP0164167);PubChem:(7099891 7099892 7099893 7099894 11877429 11877430 11877431 11877432 28365034 28365036 51708098);SuperNatural:(SN00155642 SN00155372 SN00155371 SN00155643);ZINC bio:(ZINC04104757 ZINC04104758 ZINC36020276 ZINC36020277)	3153922
28	1	N/A	-255.29300340706806	C28H48O3	[M - H2O + H]+	ZGVRWNYCQXZLTR	InChI=1S/C28H48O3/c1-17(2)18(3)7-8-19(4)22-9-10-23-21-15-25(30)28(31)16-20(29)11-14-27(28,6)24(21)12-13-26(22,23)5/h17,19-25,29-31H,3,7-16H2,1-2,4-6H3	(3S,5R,6R,10R,13R)-10,13-dimethyl-17-(6-methyl-5-methylideneheptan-2-yl)-1,2,3,4,6,7,8,9,11,12,14,15,16,17-tetradecahydrocyclopenta[a]phenanthrene-3,5,6-triol	CC(C)C(=C)CCC(C)C1CCC2C1(CCC3C2CC(C4(C3(CCC(C4)O)C)O)O)C	7.0	14679361;21775108	COCONUT:(CNP0146099);Natural Products:(UNPD185498 UNPD193155);PubChem:(14679361 21775108);SuperNatural:(SN00265722 SN00256900)	3178498
29	1	N/A	-257.8545849346135	C28H48O3	[M - H2O + H]+	RBCSSMLYHHOVJH	InChI=1S/C28H48O3/c1-3-4-5-6-7-8-9-10-11-12-13-14-15-16-17-18-19-20-21-22-25-23-26(29)24(2)27(30)28(25)31/h23,30H,3-22H2,1-2H3	null	CCCCCCCCCCCCCCCCCCCCCC1=CC(=O)C(=C(C1=O)O)C	11.3999996	85609827	COCONUT:(CNP0106566);Natural Products:(UNPD42178);PubChem:(85609827);SuperNatural:(SN00357515)	3178498
30	1	N/A	-262.26607010542347	C28H48O3	[M - H2O + H]+	YVQHOFBBAKVZBW	InChI=1S/C28H48O3/c1-17(6-11-24(30)25(3,4)31)20-12-13-26(5)23-10-7-19-18(2)22(29)9-8-21(19)27(23)14-15-28(20,26)16-27/h17-24,29-31H,6-16H2,1-5H3	null	CC1C2CCC3C4(CCC(C45CCC3(C5)C2CCC1O)C(C)CCC(C(C)(C)O)O)C	6.05111694	""	COCONUT:(CNP0256725);Natural Products:(UNPD134927);SuperNatural:(SN00288027)	3178496
31	1	N/A	-269.7160932318381	C28H48O3	[M - H2O + H]+	HINRHPMPWQHLJA	InChI=1S/C28H48O3/c1-2-3-4-5-6-7-8-9-10-11-12-13-14-15-16-17-18-19-20-21-22-23-24-25-26-27(29)28(30)31/h6-7,9-10,12-13,15-16,27,29H,2-5,8,11,14,17-26H2,1H3,(H,30,31)	null	CCCCCC=CCC=CCC=CCC=CCCCCCCCCCCC(C(=O)O)O	9.89999962	86583450;86583451	PubChem:(86583450 86583451);CHEBI:(85240 84306)	34
32	1	N/A	-273.93783327733905	C28H48O3	[M - H2O + H]+	CSHBKBJSGSRKLB	InChI=1S/C28H48O3/c1-20(2)11-8-12-21(3)13-9-14-22(4)15-10-17-27(7)18-16-25-19-26(29)23(5)24(6)28(25,30)31-27/h19-22,30H,8-18H2,1-7H3	null	CC1=C(C2(C(=CC1=O)CCC(O2)(C)CCCC(C)CCCC(C)CCCC(C)C)O)C	7.69999981	101701365;131769847	HMDB:(60143);PubChem:(101701365 131769847);PubChem class - bio and metabolites	16777226
33	1	N/A	-277.93949911757903	C28H48O3	[M - H2O + H]+	IVQYKOVVDYDHCJ	InChI=1S/C28H48O3/c1-18(2)8-7-9-19(3)22-10-11-23-21-16-25(30)28(31-6)17-20(29)12-15-27(28,5)24(21)13-14-26(22,23)4/h7,9,18-25,29-30H,8,10-17H2,1-6H3	null	CC(C)CC=CC(C)C1CCC2C1(CCC3C2CC(C4(C3(CCC(C4)O)C)OC)O)C	6.5999999	56962699;71525162	COCONUT:(CNP0215566);MeSH:(71525162);Natural Products:(UNPD216763);PubChem:(56962699 71525162);PubMed	2129990
34	1	N/A	-286.4176203914636	C28H48O3	[M - H2O + H]+	PPCNQVKTHHQNLT	InChI=1S/C28H48O3/c1-16(2)17(3)7-8-18(4)22-11-12-23-21-10-9-19-13-20(29)14-25(31)28(19,6)26(21)24(30)15-27(22,23)5/h16,18-26,29-31H,3,7-15H2,1-2,4-6H3	(1S,3R,5S,8S,9S,10S,11R,13R,14S,17R)-10,13-dimethyl-17-[(2R)-6-methyl-5-methylideneheptan-2-yl]-2,3,4,5,6,7,8,9,11,12,14,15,16,17-tetradecahydro-1H-cyclopenta[a]phenanthrene-1,3,11-triol	CC(C)C(=C)CCC(C)C1CCC2C1(CC(C3C2CCC4C3(C(CC(C4)O)O)C)O)C	7.0999999	21764231;23425525	COCONUT:(CNP0150785);Natural Products:(UNPD49970);PubChem:(21764231 23425525);SuperNatural:(SN00323250)	3178498
35	1	N/A	-291.3144456142092	C28H48O3	[M - H2O + H]+	ICWKNVRGHUAALP	InChI=1S/C28H48O3/c1-2-3-4-5-6-7-8-9-10-11-12-13-14-15-16-17-18-25-31-28(30)24-21-26-19-22-27(29)23-20-26/h19-20,22-23,29H,2-18,21,24-25H2,1H3	null	CCCCCCCCCCCCCCCCCCCOC(=O)CCC1=CC=C(C=C1)O	11.0	86022608	COCONUT:(CNP0278111);Natural Products:(UNPD148735);PubChem:(86022608)	2129922
36	1	N/A	-318.7902444870263	C28H48O3	[M - H2O + H]+	DOLXPTLYXTUEKU	InChI=1S/C28H48O3/c1-2-3-4-5-6-7-8-9-10-11-12-13-14-15-16-17-18-19-28(30)31-25-24-26-20-22-27(29)23-21-26/h20-23,29H,2-19,24-25H2,1H3	2-(4-hydroxyphenyl)ethyl icosanoate	CCCCCCCCCCCCCCCCCCCC(=O)OCCC1=CC=C(C=C1)O	11.1999998	481674	COCONUT:(CNP0178539);Natural Products:(UNPD137404);PubChem:(481674);SuperNatural:(SN00248109);PubMed	3178562
37	1	N/A	-380.1687439050365	C28H48O3	[M - H2O + H]+	FFIODWHMPHVNMQ	InChI=1S/C28H48O3/c1-6-8-9-10-11-12-13-14-15-16-17-18-19-20-21-22-27(29)31-26(24-23-25(3)4)28(5,30)7-2/h7,11-12,14-15,23,26,30H,2,6,8-10,13,16-22,24H2,1,3-5H3	null	CCCCCC=CCC=CCCCCCCCC(=O)OC(CC=C(C)C)C(C)(C=C)O	9.10000038	15895323	COCONUT:(CNP0359680);Natural Products:(UNPD53891);PubChem:(15895323);SuperNatural:(SN00299549)	3178498
1	1	N/A	-116.81480287784737	C28H46O2	[M + H]+	UGGWLEJOHZBWFT	InChI=1S/C28H46O2/c1-20(2)11-8-12-21(3)13-9-14-22(4)15-10-17-28(7)18-16-25-24(6)26(29)19-23(5)27(25)30-28/h16,18-22,29H,8-15,17H2,1-7H3	2H-1-Benzopyran-6-ol, 2,5,8-trimethyl-2-(4,8,12-trimethyltridecyl)-	CC1=CC(=C(C2=C1OC(C=C2)(C)CCCC(C)CCCC(C)CCCC(C)C)C)O	10.3000002	12132872;11384452;21578598	COCONUT:(CNP0302369);Natural Products:(UNPD58564);PubChem:(12132872 11384452 21578598);SuperNatural:(SN00306517 SN00159181);KEGG Mine	8593113090
2	1	N/A	-118.29387004681236	C28H46O2	[M + H]+	BIXWVSLNTIFDQN	InChI=1S/C28H46O2/c1-20(2)11-8-12-21(3)13-9-14-22(4)15-10-17-28(7)18-16-25-19-26(29)23(5)24(6)27(25)30-28/h16,18-22,29H,8-15,17H2,1-7H3	2H-1-Benzopyran-6-ol, 2,7,8-trimethyl-2-(4,8,12-trimethyltridecyl)-	CC1=C(C=C2C=CC(OC2=C1C)(C)CCCC(C)CCCC(C)CCCC(C)C)O	10.3000002	14657170;11281431;21578599	COCONUT:(CNP0126344);Natural Products:(UNPD127006);PubChem:(14657170 11281431 21578599);SuperNatural:(SN00273431 SN00159183);CHEBI:(70411);KEGG Mine	8593113122
3	1	N/A	-172.35495770809504	C28H46O2	[M + H]+	NMDBQRLBLJHPJR	InChI=1S/C28H46O2/c1-18(2)19(3)6-7-20(17-29)24-10-11-25-23-9-8-21-16-22(30)12-14-27(21,4)26(23)13-15-28(24,25)5/h8,18,20,22-26,29-30H,3,6-7,9-17H2,1-2,4-5H3	(3S,8S,9S,10R,13S,14S,17R)-17-[(2R)-1-hydroxy-6-methyl-5-methylideneheptan-2-yl]-10,13-dimethyl-2,3,4,7,8,9,11,12,14,15,16,17-dodecahydro-1H-cyclopenta[a]phenanthren-3-ol	CC(C)C(=C)CCC(CO)C1CCC2C1(CCC3C2CC=C4C3(CCC(C4)O)C)C	7.19999981	21669889;21776794;23425555;129682567	COCONUT:(CNP0182956);Natural Products:(UNPD132225);PubChem:(21669889 21776794 23425555 129682567);SuperNatural:(SN00370298);KEGG Mine	8593113090
4	1	N/A	-179.77202742549846	C28H46O2	[M + H]+	ABTDMVGTVHLKEM	InChI=1S/C28H46O2/c1-17(2)18(3)15-26(30)19(4)23-9-10-24-22-8-7-20-16-21(29)11-13-27(20,5)25(22)12-14-28(23,24)6/h7,17,19,21-26,29-30H,3,8-16H2,1-2,4-6H3	22S-hydroxy-24-methylene-cholesterol	CC(C)C(=C)CC(C(C)C1CCC2C1(CCC3C2CC=C4C3(CCC(C4)O)C)C)O	7.5	52931380	COCONUT:(CNP0126090);PubChem:(52931380);KEGG Mine	8592031746
5	1	N/A	-185.5923254085619	C28H46O2	[M + H]+	NMTGDMNIHVGVNP	InChI=1S/C28H46O2/c1-17(2)19(4)26(30)15-18(3)23-9-10-24-22-8-7-20-16-21(29)11-13-27(20,5)25(22)12-14-28(23,24)6/h7,17-18,21-26,29-30H,4,8-16H2,1-3,5-6H3	24-methylene-cholest-5-en-3beta,23S-diol	CC(C)C(=C)C(CC(C)C1CCC2C1(CCC3C2CC=C4C3(CCC(C4)O)C)C)O	7.30000019	24179688;52931377	COCONUT:(CNP0161729);Natural Products:(UNPD170875 UNPD28129);PubChem:(24179688 52931377);SuperNatural:(SN00277018 SN00400070);KEGG Mine	8593113090
6	1	N/A	-187.10053901627435	C28H46O2	[M + H]+	ZPODYVOEXOEZAC	InChI=1S/C28H46O2/c1-16(2)17(3)25-26(30-25)18(4)22-9-10-23-21-8-7-19-15-20(29)11-13-27(19,5)24(21)12-14-28(22,23)6/h7,16-18,20-26,29H,8-15H2,1-6H3	22,23-epoxycampesterol	CC(C)C(C)C1C(O1)C(C)C2CCC3C2(CCC4C3CC=C5C4(CCC(C5)O)C)C	7.5	52931322;137455570;137455574;137455594	COCONUT:(CNP0260981);Natural Products:(UNPD42469);PubChem:(52931322 137455570 137455574 137455594);KEGG Mine	8592064514
7	1	N/A	-190.3273650355462	C28H46O2	[M + H]+	GROJFWPWXYEXGV	InChI=1S/C28H46O2/c1-18(7-8-19(2)26(3,4)30)23-11-12-24-22-10-9-20-17-21(29)13-15-27(20,5)25(22)14-16-28(23,24)6/h9,18,21-25,29-30H,2,7-8,10-17H2,1,3-6H3	null	CC(CCC(=C)C(C)(C)O)C1CCC2C1(CCC3C2CC=C4C3(CCC(C4)O)C)C	7.19999981	129664387	COCONUT:(CNP0289914);Natural Products:(UNPD99406);PubChem:(129664387);SuperNatural:(SN00277224);KEGG Mine	8593113090
8	1	N/A	-191.97323159927075	C28H46O2	[M + H]+	XSQPEDUIZLIJNM	InChI=1S/C28H46O2/c1-18(2)20(4)16-27(30)21(5)25-13-14-26-22(8-7-15-28(25,26)6)10-11-23-17-24(29)12-9-19(23)3/h10-11,18,20-21,24-27,29-30H,3,7-9,12-17H2,1-2,4-6H3	22-Hydroxyvitamin D4	CC(C)C(C)CC(C(C)C1CCC2C1(CCCC2=CC=C3CC(CCC3=C)O)C)O	6.9000001	6443542;20839702;24779654;73946708	MeSH:(6443542);PubChem:(6443542 20839702 24779654 73946708);KEGG Mine	8589934598
9	1	N/A	-192.86285696403246	C28H46O2	[M + H]+	CJYKTRYRFPHSGB	InChI=1S/C28H46O2/c1-19-10-14-24(29)18-23(19)13-12-22-8-7-17-28(6)25(15-16-26(22)28)20(2)9-11-21(3)27(4,5)30/h9,11-13,19-21,24-26,29-30H,7-8,10,14-18H2,1-6H3	25-Hydroxydihydrotachysterol(2)	CC1CCC(CC1=CC=C2CCCC3(C2CCC3C(C)C=CC(C)C(C)(C)O)C)O	6.30000019	6438813;9979202;10431959	COCONUT:(CNP0163533);Natural Products:(UNPD65195);PubChem:(6438813 9979202 10431959);SuperNatural:(SN00226624);MeSH:(6438813);PubMed;KEGG Mine	8593113158
10	1	N/A	-195.9912603708568	C28H46O2	[M + H]+	OIBDKISTMGYAJC	InChI=1S/C28H46O2/c1-17(2)18(3)7-8-19(4)22-9-10-23-26-24(12-14-28(22,23)6)27(5)13-11-21(29)15-20(27)16-25(26)30/h16-17,19,21-26,29-30H,3,7-15H2,1-2,4-6H3	(3S,7R,8S,9S,10R,13R,14S,17R)-10,13-dimethyl-17-[(2R)-6-methyl-5-methylideneheptan-2-yl]-2,3,4,7,8,9,11,12,14,15,16,17-dodecahydro-1H-cyclopenta[a]phenanthrene-3,7-diol	CC(C)C(=C)CCC(C)C1CCC2C1(CCC3C2C(C=C4C3(CCC(C4)O)C)O)C	7.5	10949727;11742541;11373355;23425650;23425656;23427462;23427466;91346685	COCONUT:(CNP0213517);Natural Products:(UNPD27103 UNPD128062);PubChem:(10949727 11742541 11373355 23425650 23425656 23427462 23427466 91346685);SuperNatural:(SN00271328 SN00226812);PubMed;KEGG Mine	8593113154
11	1	N/A	-197.37980603443717	C28H46O2	[M + H]+	NXPWPFRPPGHFQT	InChI=1S/C28H46O2/c1-17(2)18(3)7-8-19(4)22-11-12-23-21-10-9-20-15-25(29)26(30)16-28(20,6)24(21)13-14-27(22,23)5/h9,17,19,21-26,29-30H,3,7-8,10-16H2,1-2,4-6H3	(2S,3R,8S,9S,10R,13R,14S,17R)-10,13-dimethyl-17-[(2R)-6-methyl-5-methylideneheptan-2-yl]-2,3,4,7,8,9,11,12,14,15,16,17-dodecahydro-1H-cyclopenta[a]phenanthrene-2,3-diol	CC(C)C(=C)CCC(C)C1CCC2C1(CCC3C2CC=C4C3(CC(C(C4)O)O)C)C	7.5999999	11495331	COCONUT:(CNP0182273);Natural Products:(UNPD193826);PubChem:(11495331);SuperNatural:(SN00234680);KEGG Mine	8593113090
12	1	N/A	-199.5026954346902	C28H46O2	[M + H]+	WOOKNJANWWBKHW	InChI=1S/C28H46O2/c1-18(2)19(3)6-7-20(4)24-10-11-25-23-9-8-21-16-22(30)12-15-28(21,17-29)26(23)13-14-27(24,25)5/h8,18,20,22-26,29-30H,3,6-7,9-17H2,1-2,4-5H3	Linosterol	CC(C)C(=C)CCC(C)C1CCC2C1(CCC3C2CC=C4C3(CCC(C4)O)CO)C	7.4000001	463811;11582404;14445209;11212165;10387116;23426204;91350864	COCONUT:(CNP0246616);Natural Products:(UNPD24446 UNPD147242);PubChem:(463811 11582404 14445209 11212165 10387116 23426204 91350864);SuperNatural:(SN00365991 SN00366797);PubMed;KEGG Mine	8593113154
13	1	N/A	-200.91706196174542	C28H46O2	[M + H]+	VQIMWWKEEWJICR	InChI=1S/C28H46O2/c1-17(2)18(3)7-8-19(4)26-25(30)16-24-22-10-9-20-15-21(29)11-13-27(20,5)23(22)12-14-28(24,26)6/h9,17,19,21-26,29-30H,3,7-8,10-16H2,1-2,4-6H3	null	CC(C)C(=C)CCC(C)C1C(CC2C1(CCC3C2CC=C4C3(CCC(C4)O)C)C)O	7.30000019	10070426;23427431;122177416	COCONUT:(CNP0251472);Natural Products:(UNPD11723);PubChem:(10070426 23427431 122177416);SuperNatural:(SN00337589);PubMed;KEGG Mine	8593113154
14	1	N/A	-201.6521181274739	C28H46O2	[M + H]+	CRHZTCBCKPSKLB	InChI=1S/C28H46O2/c1-17(2)18(3)7-8-19(4)23-11-12-24-22-10-9-20-15-21(29)13-14-27(20,5)25(22)16-26(30)28(23,24)6/h9,17,19,21-26,29-30H,3,7-8,10-16H2,1-2,4-6H3	null	CC(C)C(=C)CCC(C)C1CCC2C1(C(CC3C2CC=C4C3(CCC(C4)O)C)O)C	6.92561436	""	COCONUT:(CNP0080527);KEGG Mine	8592031744
15	1	N/A	-202.27506535597834	C28H46O2	[M + H]+	WSBLPAKODCVTFR	InChI=1S/C28H46O2/c1-17(2)18(3)7-8-19(4)22-9-10-23-21-16-26(30)25-15-20(29)11-13-28(25,6)24(21)12-14-27(22,23)5/h17,19-20,22-23,25-26,29-30H,3,7-16H2,1-2,4-6H3	ergosta-8,24(28)-diene-3|A,6|A-diol	CC(C)C(=C)CCC(C)C1CCC2C1(CCC3=C2CC(C4C3(CCC(C4)O)C)O)C	6.9000001	192002;135205429	MeSH:(192002);PubChem:(192002 135205429);YMDB Mine;KEGG Mine	42949672966
16	1	N/A	-204.10610815151696	C28H46O2	[M + H]+	MGNWMLGIVDEXBR	InChI=1S/C28H46O2/c1-18(2)19(3)7-8-21(5)25-13-14-26-24(27(30)15-16-28(25,26)6)12-10-22-17-23(29)11-9-20(22)4/h9,11,17-19,21,24-27,29-30H,7-8,10,12-16H2,1-6H3	null	CC1=C(C=C(C=C1)O)CCC2C3CCC(C3(CCC2O)C)C(C)CCC(C)C(C)C	8.21357536	""	COCONUT:(CNP0202863)	2097152
17	1	N/A	-204.9078330074562	C28H46O2	[M + H]+	JVEARGBOXRHBPV	InChI=1S/C28H46O2/c1-17(2)18(3)7-8-19(4)22-9-10-23-26-24(12-14-28(22,23)6)27(5)13-11-21(29)15-20(27)16-25(26)30/h7-8,16-19,21-26,29-30H,9-15H2,1-6H3	null	CC(C)C(C)C=CC(C)C1CCC2C1(CCC3C2C(C=C4C3(CCC(C4)O)C)O)C	6.9000001	23425649;23427385;23427387;101259184;101259185;101369300	COCONUT:(CNP0216885);Natural Products:(UNPD182144 UNPD110180 UNPD106722);PubChem:(23425649 23427385 23427387 101259184 101259185 101369300);SuperNatural:(SN00355077 SN00253136 SN00340686);KEGG Mine	8593113090
18	1	N/A	-206.0546245198193	C28H46O2	[M + H]+	TZBRTFZJHPIVQV	InChI=1S/C28H46O2/c1-18(2)28(6,30)16-11-19(3)23-9-10-24-22-8-7-20-17-21(29)12-14-26(20,4)25(22)13-15-27(23,24)5/h7,19,21-25,29-30H,1,8-17H2,2-6H3	null	CC(CCC(C)(C(=C)C)O)C1CCC2C1(CCC3C2CC=C4C3(CCC(C4)O)C)C	7.0999999	101318125;102188775	COCONUT:(CNP0357690);Natural Products:(UNPD31294);PubChem:(101318125 102188775);SuperNatural:(SN00271655)	3178498
19	1	N/A	-206.24037051092506	C28H46O2	[M + H]+	QNWJILCOFLDPDE	InChI=1S/C28H46O2/c1-18(7-8-19(2)26(3,4)30)23-11-12-24-22-10-9-20-17-21(29)13-15-27(20,5)25(22)14-16-28(23,24)6/h10,18,20-21,23-25,29-30H,2,7-9,11-17H2,1,3-6H3	null	CC(CCC(=C)C(C)(C)O)C1CCC2C1(CCC3C2=CCC4C3(CCC(C4)O)C)C	6.9000001	16721041;16112795	COCONUT:(CNP0395885);PubChem:(16721041 16112795);YMDB Mine;KEGG Mine	42951770114
20	1	N/A	-206.6015639297203	C28H46O2	[M + H]+	XXJYXMGEJZQJKL	InChI=1S/C28H46O2/c1-2-3-4-5-6-7-8-9-10-11-12-13-14-15-16-17-21-24-27(29)25-28(30)26-22-19-18-20-23-26/h18-20,22-23H,2-17,21,24-25H2,1H3	null	CCCCCCCCCCCCCCCCCCCC(=O)CC(=O)C1=CC=CC=C1	11.0	101970115	COCONUT:(CNP0047369);HMDB:(35586);PubChem:(101970115);PubChem class - bio and metabolites	18874378
21	1	N/A	-207.28315630445613	C28H46O2	[M + H]+	COMISLYNEQPREW	InChI=1S/C28H46O2/c1-18(2)19(3)6-7-20(4)24-10-11-25-23-9-8-21-16-22(30)12-15-28(21,17-29)26(23)13-14-27(24,25)5/h6-8,18-20,22-26,29-30H,9-17H2,1-5H3	(3S,8S,9S,10S,13R,14S,17R)-17-[(E,2R,5R)-5,6-dimethylhept-3-en-2-yl]-10-(hydroxymethyl)-13-methyl-2,3,4,7,8,9,11,12,14,15,16,17-dodecahydro-1H-cyclopenta[a]phenanthren-3-ol	CC(C)C(C)C=CC(C)C1CCC2C1(CCC3C2CC=C4C3(CCC(C4)O)CO)C	6.80000019	11315972;11475517;21777893;21777894	COCONUT:(CNP0250457);KNApSAcK:(43236);PubChem:(11315972 11475517 21777893 21777894);KEGG Mine	8592031762
22	1	N/A	-208.41589958245143	C28H46O2	[M + H]+	ZPVFWTSVFVOTQH	InChI=1S/C28H46O2/c1-20(2)11-8-12-21(3)13-9-14-22(4)15-10-16-23(5)17-18-26-19-27(29)24(6)25(7)28(26)30/h17,19-22H,8-16,18H2,1-7H3	Phytylplastoquinone	CC1=C(C(=O)C(=CC1=O)CC=C(C)CCCC(C)CCCC(C)CCCC(C)C)C	9.89999962	6449782;11811834;10454482;68667626	COCONUT:(CNP0138370);Natural Products:(UNPD18346);PubChem:(6449782 11811834 10454482 68667626);SuperNatural:(SN00237258);MeSH:(6449782);PubMed	3178566
23	1	N/A	-210.46608222518657	C28H46O2	[M + H]+	DMPCQZBAZOKWKU	InChI=1S/C28H46O2/c1-6-20(19(3)29)8-7-18(2)24-11-12-25-23-10-9-21-17-22(30)13-15-27(21,4)26(23)14-16-28(24,25)5/h9,18,20,22-26,30H,6-8,10-17H2,1-5H3	null	CCC(CCC(C)C1CCC2C1(CCC3C2CC=C4C3(CCC(C4)O)C)C)C(=O)C	7.02090931	""	COCONUT:(CNP0255576);Natural Products:(UNPD62443);SuperNatural:(SN00401711)	3178496
24	1	N/A	-211.01608840760014	C28H46O2	[M + H]+	HTLJJZSYTBKDHR	InChI=1S/C28H46O2/c1-17(2)18(3)7-8-19(4)22-9-10-23-21-16-26(30)25-15-20(29)11-13-28(25,6)24(21)12-14-27(22,23)5/h15,17,19-24,26,29-30H,3,7-14,16H2,1-2,4-6H3	(3S,6R,8S,9S,10R,13R,14S,17R)-10,13-dimethyl-17-[(2R)-6-methyl-5-methylideneheptan-2-yl]-2,3,6,7,8,9,11,12,14,15,16,17-dodecahydro-1H-cyclopenta[a]phenanthrene-3,6-diol	CC(C)C(=C)CCC(C)C1CCC2C1(CCC3C2CC(C4=CC(CCC34C)O)O)C	7.4000001	12020008;10341759;11486817;21773220;21773444;53895530	COCONUT:(CNP0249773);Natural Products:(UNPD37770);PubChem:(12020008 10341759 11486817 21773220 21773444 53895530);SuperNatural:(SN00317893);PubMed	3178562
25	1	N/A	-211.42916836726042	C28H46O2	[M + H]+	BGFFWNIGBDDDCN	InChI=1S/C28H46O2/c1-19(8-7-15-26(2,3)30-6)23-11-12-24-22-10-9-20-18-21(29)13-16-27(20,4)25(22)14-17-28(23,24)5/h7,9,15,19,21-25,29H,8,10-14,16-18H2,1-6H3	null	CC(CC=CC(C)(C)OC)C1CCC2C1(CCC3C2CC=C4C3(CCC(C4)O)C)C	6.80000019	129881970	COCONUT:(CNP0285264);Natural Products:(UNPD154598);PubChem:(129881970);SuperNatural:(SN00268529)	3178498
26	1	N/A	-211.760095285731	C28H46O2	[M + H]+	HGGDUZQCHPXQPL	InChI=1S/C28H46O2/c1-17(2)18(3)7-8-19(4)22-9-10-23-21-16-26(30)25-15-20(29)11-13-28(25,6)24(21)12-14-27(22,23)5/h7-8,16-20,22-26,29-30H,9-15H2,1-6H3	(3beta,6beta,22E)-ergosta-7,22-diene-3,6-diol	CC(C)C(C)C=CC(C)C1CCC2C1(CCC3C2=CC(C4C3(CCC(C4)O)C)O)C	6.5999999	10525888;9979203;14162393;23426130;70698240;102062139;129685340	COCONUT:(CNP0123038);Natural Products:(UNPD58134);PubChem:(10525888 9979203 14162393 23426130 70698240 102062139 129685340);SuperNatural:(SN00330808);CHEBI:(70338)	3178530
27	1	N/A	-215.46364801427478	C28H46O2	[M + H]+	KKCUYJKFHVZXJO	InChI=1S/C28H46O2/c1-18(2)19(3)7-8-20(4)23-9-10-24-22-12-16-28(30)17-21(29)11-15-27(28,6)25(22)13-14-26(23,24)5/h7-8,12,18-21,23-25,29-30H,9-11,13-17H2,1-6H3	5alpha-Ergosta-7,22-diene-3beta,5-diol	CC(C)C(C)C=CC(C)C1CCC2C1(CCC3C2=CCC4(C3(CCC(C4)O)C)O)C	6.69999981	440329;4607673;6162874;5280675;45044058;45044473;125030938;125030939;125030940;125030941;125034587;125034588;125034589;124421307	KEGG:(C04416);PubChem:(440329 4607673 6162874 5280675 45044058 45044473 125030938 125030939 125030940 125030941 125034587 125034588 125034589 124421307);PubMed;CHEBI:(17938);Biocyc:(CPD-1833 ERGOSTA-ETCETERA-BETA-DIOL)	2402
28	1	N/A	-217.75775085737192	C28H46O2	[M + H]+	VEQLCAQNWTZKGV	InChI=1S/C28H46O2/c1-5-20(18-29)8-6-7-19(2)24-11-12-25-23-10-9-21-17-22(30)13-15-27(21,3)26(23)14-16-28(24,25)4/h8,19,21-22,24-25,29-30H,5-7,9-18H2,1-4H3	24-alkyl sterol 3	CCC(=CCCC(C)C1CCC2C1(CCC3=C2CCC4C3(CCC(C4)O)C)C)CO	6.69999981	91820109	Plantcyc:(CPD-12162);PubChem:(91820109);PubMed;Biocyc:(CPD-12162);PubChem class - bio and metabolites	16910402
29	1	N/A	-218.04321032680426	C28H46O2	[M + H]+	FTXKHJXUVPWVQB	InChI=1S/C28H46O2/c1-18(2)7-6-8-19(3)22-11-12-23-20-9-10-24-21(17-29)26(30)14-16-28(24,5)25(20)13-15-27(22,23)4/h7,9,19,21-26,29-30H,6,8,10-17H2,1-5H3	4alpha-hydroxymethyl-5alpha-cholesta-7,24-dien-3beta-ol	CC(CCC=C(C)C)C1CCC2C1(CCC3C2=CCC4C3(CCC(C4CO)O)C)C	6.83896065	""	Biocyc:(CPD-12917);Plantcyc:(CPD-12917)	133120
30	1	N/A	-219.0284474606269	C28H46O2	[M + H]+	ORZKEIGPXNMCHC	InChI=1S/C28H46O2/c1-18(2)7-6-8-19(3)22-11-12-23-20-9-10-24-21(17-29)26(30)14-16-28(24,5)25(20)13-15-27(22,23)4/h7,19,21-24,26,29-30H,6,8-17H2,1-5H3	zymosterol intermediate 1a	CC(CCC=C(C)C)C1CCC2C1(CCC3=C2CCC4C3(CCC(C4CO)O)C)C	7.30000019	656455;22298940;25202625;25271595	COCONUT:(CNP0305068);HMDB:(12172 62392);PubChem:(656455 22298940 25202625 25271595);SuperNatural:(SN00215487);CHEBI:(52388);PubChem class - bio and metabolites;YMDB:(612);Plantcyc:(CPD-4579);Biocyc:(CPD-4579);KEGG Mine	8610056234
31	1	N/A	-220.5800762020374	C28H46O2	[M + H]+	MHYWFGFPMGLYBL	InChI=1S/C28H46O2/c1-18(2)7-6-8-19(3)22-11-12-23-20-9-10-24-21(17-29)26(30)14-16-28(24,5)25(20)13-15-27(22,23)4/h17-19,21-24,26,30H,6-16H2,1-5H3	4a-formyl-5a-cholesta-8-en-3b-ol	CC(C)CCCC(C)C1CCC2C1(CCC3=C2CCC4C3(CCC(C4C=O)O)C)C	7.69999981	25200885;44263320	COCONUT:(CNP0366162);HMDB:(12169);PubChem:(25200885 44263320);SuperNatural:(SN00215571);YMDB Mine;CHEBI:(87054);PubChem class - bio and metabolites;Biocyc:(CPD-8618)	34379663402
32	1	N/A	-220.68678075415863	C28H46O2	[M + H]+	HTCJGXGLMIWOCW	InChI=1S/C28H46O2/c1-17(2)18(3)7-8-19(4)23-11-12-24-22-10-9-20-15-21(29)16-26(30)28(20,6)25(22)13-14-27(23,24)5/h9,17,19,21-26,29-30H,3,7-8,10-16H2,1-2,4-6H3	null	CC(C)C(=C)CCC(C)C1CCC2C1(CCC3C2CC=C4C3(C(CC(C4)O)O)C)C	7.5999999	25194640	COCONUT:(CNP0243678);Natural Products:(UNPD41913);PubChem:(25194640);SuperNatural:(SN00343784);KEGG Mine	8593113090
33	1	N/A	-225.38772776344868	C28H46O2	[M + H]+	BHMYRYNHHQYGTN	InChI=1S/C28H46O2/c1-18(2)8-7-9-19(3)21-11-14-28(6)23-17-25(30)24-16-20(29)10-13-26(24,4)22(23)12-15-27(21,28)5/h8,19-21,24-25,29-30H,7,9-17H2,1-6H3	null	CC(CCC=C(C)C)C1CCC2(C1(CCC3=C2CC(C4C3(CCC(C4)O)C)O)C)C	6.9000001	86035860	COCONUT:(CNP0177614);HMDB:(34329);Natural Products:(UNPD128868 UNPD60544);PubChem:(86035860);SuperNatural:(SN00312989 SN00258107);PubChem class - bio and metabolites	19955722
34	1	N/A	-227.33105178062303	C28H46O2	[M + H]+	LTLKHSBYMNKWPF	InChI=1S/C28H46O2/c1-17(2)18(3)7-8-19(4)22-9-10-23-26-24(12-14-28(22,23)6)27(5)13-11-21(29)15-20(27)16-25(26)30/h16-19,21-24,26,29H,7-15H2,1-6H3	3beta-Hydroxyergost-5-en-7-one	CC(C)C(C)CCC(C)C1CCC2C1(CCC3C2C(=O)C=C4C3(CCC(C4)O)C)C	7.69999981	71307326;85843745;101664022;101704474;100922558;126970163	COCONUT:(CNP0344538);Natural Products:(UNPD124618 UNPD164811);PubChem:(71307326 85843745 101664022 101704474 100922558 126970163);SuperNatural:(SN00398741 SN00272558)	3178498
35	1	N/A	-228.23568097599286	C28H46O2	[M + H]+	YBLHASCZKLAOQF	InChI=1S/C28H46O2/c1-18(2)16-21(29)8-6-19(3)24-10-11-25-23-9-7-20-17-22(30)12-14-27(20,4)26(23)13-15-28(24,25)5/h19-22,24-25,29-30H,1,6-17H2,2-5H3	24-alkyl sterol 2	CC(CCC(CC(=C)C)O)C1CCC2C1(CCC3=C2CCC4C3(CCC(C4)O)C)C	7.26388645	""	Biocyc:(CPD-12161);Plantcyc:(CPD-12161)	133120
36	1	N/A	-241.64340612777474	C28H46O2	[M + H]+	FMFAICDKESPFNH	InChI=1S/C28H46O2/c1-17(2)18(3)15-26(30)19(4)23-9-10-24-22-8-7-20-16-21(29)11-13-27(20,5)25(22)12-14-28(23,24)6/h16-19,22-26,30H,7-15H2,1-6H3	22S-hydroxycampest-4-en-3-one	CC(C)C(C)CC(C(C)C1CCC2C1(CCC3C2CCC4=CC(=O)CCC34C)C)O	7.4000001	15341631;23724588;25201842;44263327;129651070;129704256	COCONUT:(CNP0178413);HMDB:(12113);KNApSAcK:(7519);PubChem:(15341631 23724588 25201842 44263327 129651070 129704256);SuperNatural:(SN00215481);CHEBI:(72330);PubChem class - bio and metabolites;KEGG:(C15796);Plantcyc:(CPD-3945);PubMed;Biocyc:(CPD-3945)	20056442
37	1	N/A	-248.0466742592021	C28H46O2	[M + H]+	GDTCMKSKBJMNJH	InChI=1S/C28H46O2/c1-17(2)18(3)7-8-19(4)22-9-10-23-21-16-26(30)25-15-20(29)11-13-28(25,6)24(21)12-14-27(22,23)5/h15,17-19,21-24,26,30H,7-14,16H2,1-6H3	(6R,8S,9S,10R,13R,14S,17R)-17-[(2R,5R)-5,6-dimethylheptan-2-yl]-6-hydroxy-10,13-dimethyl-1,2,6,7,8,9,11,12,14,15,16,17-dodecahydrocyclopenta[a]phenanthren-3-one	CC(C)C(C)CCC(C)C1CCC2C1(CCC3C2CC(C4=CC(=O)CCC34C)O)C	7.5	15542141;15542142;102029908;101664179;101751035;101751036;102253325	COCONUT:(CNP0267538);Natural Products:(UNPD141271 UNPD156246 UNPD183221 UNPD217742);PubChem:(15542141 15542142 102029908 101664179 101751035 101751036 102253325);SuperNatural:(SN00276814 SN00325881);KEGG Mine	8593113090
38	1	N/A	-251.10993054972948	C28H46O2	[M + H]+	JLEPZAUPTZFVIM	InChI=1S/C28H46O2/c1-19(2)7-6-8-20(3)23-13-16-28(18-29)25-10-9-21-17-22(30)11-14-26(21,4)24(25)12-15-27(23,28)5/h10,18-24,30H,6-9,11-17H2,1-5H3	3-Hydroxycholest-7-ene-14-carbaldehyde	CC(C)CCCC(C)C1CCC2(C1(CCC3C2=CCC4C3(CCC(C4)O)C)C)C=O	7.30000019	194176;21126204;21126205	MeSH:(194176);PubChem:(194176 21126204 21126205);PubMed	70
39	1	N/A	-254.65379142360936	C28H46O2	[M + H]+	NLRBATXBDYLZDD	InChI=1S/C28H46O2/c1-10-22(8)26(29)25-27(30)23(15-13-20(4)5)18-24(16-14-21(6)7)28(25,9)17-11-12-19(2)3/h12-14,22-25H,10-11,15-18H2,1-9H3	null	CCC(C)C(=O)C1C(=O)C(CC(C1(C)CCC=C(C)C)CC=C(C)C)CC=C(C)C	8.03486156	""	COCONUT:(CNP0119659);Natural Products:(UNPD227036)	2129920
40	1	N/A	-254.8933648864507	C28H46O2	[M + H]+	LWNXAKRKGITUJQ	InChI=1S/C28H46O2/c1-17(2)19(4)26(30)15-18(3)23-9-10-24-22-8-7-20-16-21(29)11-13-27(20,5)25(22)12-14-28(23,24)6/h7-8,17-19,21,23-26,29-30H,9-16H2,1-6H3	17-(4-hydroxy-5,6-dimethylheptan-2-yl)-10,13-dimethyl-2,3,4,9,11,12,14,15,16,17-decahydro-1H-cyclopenta[a]phenanthren-3-ol	CC(C)C(C)C(CC(C)C1CCC2C1(CCC3C2=CC=C4C3(CCC(C4)O)C)C)O	6.9000001	13941786;101318124;137442971;137442972;137442973;137455337;137455568;137641742;137657515	COCONUT:(CNP0218563);Natural Products:(UNPD14149);PubChem:(13941786 101318124 137442971 137442972 137442973 137455337 137455568 137641742 137657515);SuperNatural:(SN00317930)	3178498
41	1	N/A	-256.2859793896916	C28H46O2	[M + H]+	BJJMHFSVVTWJFH	InChI=1S/C28H46O2/c1-17(2)18(3)7-8-19(4)22-9-10-23-21-16-26(30)25-15-20(29)11-13-28(25,6)24(21)12-14-27(22,23)5/h8,12,17-18,20-23,25-26,29-30H,7,9-11,13-16H2,1-6H3	null	CC(C)C(C)CC=C(C)C1CCC2C1(CC=C3C2CC(C4C3(CCC(C4)O)C)O)C	6.84226894	""	COCONUT:(CNP0267400);Natural Products:(UNPD188413 UNPD219996);SuperNatural:(SN00334956)	3178496
42	1	N/A	-256.3173115688374	C28H46O2	[M + H]+	AGPAIMHVURAKMU	InChI=1S/C28H46O2/c1-17(2)18(3)7-8-19(4)22-9-10-23-21-15-25-28(30-25)16-20(29)11-14-27(28,6)24(21)12-13-26(22,23)5/h15,17-20,22-25,29H,7-14,16H2,1-6H3	null	CC(C)C(C)CCC(C)C1CCC2C1(CCC3C2=CC4C5(C3(CCC(C5)O)C)O4)C	7.4000001	101851966	COCONUT:(CNP0420931);Natural Products:(UNPD150885);PubChem:(101851966);SuperNatural:(SN00289067)	3178498
43	1	N/A	-256.458711024346	C28H46O2	[M + H]+	VKROWFPXQDYCPA	InChI=1S/C28H46O2/c1-18(2)8-7-9-19(3)22-10-11-23-26-24(13-15-28(22,23)5)27(4)14-12-21(29)16-20(27)17-25(26)30-6/h7,9,17-19,21-26,29H,8,10-16H2,1-6H3	null	CC(C)CC=CC(C)C1CCC2C1(CCC3C2C(C=C4C3(CCC(C4)O)C)OC)C	6.90365601	""	COCONUT:(CNP0317421);Natural Products:(UNPD77369);SuperNatural:(SN00231608)	3178496
44	1	N/A	-257.4766019811025	C28H46O2	[M + H]+	GVYKPOLJSCOPHA	InChI=1S/C28H46O2/c1-18(2)8-7-9-19(3)22-11-15-28(6)25-23(12-14-27(22,28)5)26(4)13-10-21(29)16-20(26)17-24(25)30/h8,12,19-22,24-25,29-30H,7,9-11,13-17H2,1-6H3	null	CC(CCC=C(C)C)C1CCC2(C1(CC=C3C2C(CC4C3(CCC(C4)O)C)O)C)C	7.0	85624090;101618000	COCONUT:(CNP0239073);HMDB:(41111);Natural Products:(UNPD170941);PubChem:(85624090 101618000);SuperNatural:(SN00242965);PubChem class - bio and metabolites	19955722
45	1	N/A	-264.8080667768763	C28H46O2	[M + H]+	VETZNBAGZJYCQT	InChI=1S/C28H46O2/c1-17(2)18(3)7-8-19(4)22-9-10-23-21-16-26(30)25-15-20(29)11-13-28(25,6)24(21)12-14-27(22,23)5/h17-19,21-25H,7-16H2,1-6H3	null	CC(C)C(C)CCC(C)C1CCC2C1(CCC3C2CC(=O)C4C3(CCC(=O)C4)C)C	7.5999999	15542143;15542144;76380930;101261704;102253326	COCONUT:(CNP0147003);HMDB:(32004);Natural Products:(UNPD62673 UNPD94317 UNPD74614 UNPD184545);PubChem:(15542143 15542144 76380930 101261704 102253326);SuperNatural:(SN00364601 SN00355783 SN00390212 SN00384367);PubChem class - bio and metabolites;MeSH:(76380930);PubMed;KEGG Mine	8609890382
46	1	N/A	-267.37688250633005	C28H46O2	[M + H]+	WGQQVYQFMINSIL	InChI=1S/C28H46O2/c1-18(2)7-6-8-19(3)21-10-11-26(5)24-16-23(30)22-15-20(29)9-12-27(22)17-28(24,27)14-13-25(21,26)4/h7,19-24,29-30H,6,8-17H2,1-5H3	null	CC(CCC=C(C)C)C1CCC2(C1(CCC34C2CC(C5C3(C4)CCC(C5)O)O)C)C	7.5999999	10621749;21672167	COCONUT:(CNP0329014);Natural Products:(UNPD92963);PubChem:(10621749 21672167)	2129922
47	1	N/A	-267.7693593899409	C28H46O2	[M + H]+	ISWCIVAWIORWPI	InChI=1S/C28H46O2/c1-18(2)26(29)12-7-19(3)23-10-11-24-22-9-8-20-17-21(30-6)13-15-27(20,4)25(22)14-16-28(23,24)5/h8,18-19,21-25H,7,9-17H2,1-6H3	null	CC(C)C(=O)CCC(C)C1CCC2C1(CCC3C2CC=C4C3(CCC(C4)OC)C)C	7.12521267	""	COCONUT:(CNP0154725);Natural Products:(UNPD177182);SuperNatural:(SN00385634)	3178496
48	1	N/A	-270.20829147899445	C28H46O2	[M + H]+	UZCGMNMYZDLKDA	InChI=1S/C28H46O2/c1-23(2)12-10-14-25(5)18-20-29-28(22-27-16-8-7-9-17-27)30-21-19-26(6)15-11-13-24(3)4/h7-9,12-13,16-17,25-26,28H,10-11,14-15,18-22H2,1-6H3	2,2-bis(3,7-dimethyloct-6-enoxy)ethylbenzene	CC(CCC=C(C)C)CCOC(CC1=CC=CC=C1)OCCC(C)CCC=C(C)C	9.39999962	106732	PubChem:(106732);NORMAN:(NS00013131)	262146
49	1	N/A	-272.78921714592	C28H46O2	[M + H]+	VGZLGFZHNWXMPM	InChI=1S/C28H46O2/c1-2-3-4-5-6-7-8-9-10-11-12-13-14-15-16-17-18-19-20-21-22-23-24-25-26-27-28(29)30/h6-7,9-10,12-13,15-16,18-19H,2-5,8,11,14,17,20-27H2,1H3,(H,29,30)	10Z,13Z,16Z,19Z,22Z-octacosapentaenoic acid	CCCCCC=CCC=CCC=CCC=CCC=CCCCCCCCCC(=O)O	9.56080151	52921821;86289190	KEGG:(C21966);PubChem:(52921821 86289190);CHEBI:(77541 77243)	290
50	1	N/A	-272.8152062042799	C28H46O2	[M + H]+	NAWYQIYLOZTOBS	InChI=1S/C28H46O2/c1-25(2)13-14-27(5)22(15-25)21-9-7-18-17-8-12-23(29)26(3,4)19(17)10-11-20(18)28(21,6)16-24(27)30/h9,17-20,22-24,29-30H,7-8,10-16H2,1-6H3	null	CC1(CCC2(C(C1)C3=CCC4C5CCC(C(C5CCC4C3(CC2O)C)(C)C)O)C)C	6.54399586	""	COCONUT:(CNP0358777)	2097152
51	1	N/A	-279.1090046510042	C28H46O2	[M + H]+	IZEARVDHWBTRLQ	InChI=1S/C28H46O2/c1-17(2)18(3)7-8-19(4)23-11-12-24-22-10-9-20-15-21(29)13-14-27(20,5)25(22)16-26(30)28(23,24)6/h15,17-19,22-26,30H,7-14,16H2,1-6H3	12-Hydroxyergost-4-en-3-one	CC(C)C(C)CCC(C)C1CCC2C1(C(CC3C2CCC4=CC(=O)CCC34C)O)C	7.4000001	539337;22213015;22213016;91691830;101287881	COCONUT:(CNP0080534);PubChem:(539337 22213015 22213016 91691830 101287881);KEGG Mine	8592031746
52	1	N/A	-281.080198293867	C28H46O2	[M + H]+	YEYCQJVCAMFWCO	InChI=1S/C28H46O2/c1-19(2)7-6-8-20(3)24-11-12-25-23-10-9-21-17-22(30-18-29)13-15-27(21,4)26(23)14-16-28(24,25)5/h9,18-20,22-26H,6-8,10-17H2,1-5H3	a cholesterol ester	CC(C)CCCC(C)C1CCC2C1(CCC3C2CC=C4C3(CCC(C4)OC=O)C)C	9.10000038	521143;165217;1772591;1772593;1772595;1772596;12507193;12507195;11875968;11875969;11875970;11875971;18640087;21778757;16401333;24999719;51052087;52327277;52327278;52327279;50990813;87416079;89011529;90070111;89108079;90090672;89163192;99565595;125128960;125128961;124765168;124916490;124916491;124916492;124298603;124298604;124298605;126685738;132007635;135639063;138113417	NORMAN:(NS00046461);COCONUT:(CNP0119777);Natural Products:(UNPD27396);PubChem:(521143 165217 1772591 1772593 1772595 1772596 12507193 12507195 11875968 11875969 11875970 11875971 18640087 21778757 16401333 24999719 51052087 52327277 52327278 52327279 50990813 87416079 89011529 90070111 89108079 90090672 89163192 99565595 125128960 125128961 124765168 124916490 124916491 124916492 124298603 124298604 124298605 126685738 132007635 135639063 138113417);SuperNatural:(SN00103416 SN00075252 SN00103418 SN00103417);ZINC bio:(ZINC04787186 ZINC04787188 ZINC04787191 ZINC04787194 ZINC05758807 ZINC49708037 ZINC49708040 ZINC49708043);PubMed	3448898
53	1	N/A	-285.1390000507603	C28H46O2	[M + H]+	ANZQHGMZAPLDMI	InChI=1S/C28H46O2/c1-18(2)7-6-8-19(3)26-13-14-27-25-11-9-21-17-22(30-20(4)29)10-12-23(21)24(25)15-16-28(26,27)5/h9,18-19,22-27H,6-8,10-17H2,1-5H3	null	CC(C)CCCC(C)C1CCC2C1(CCC3C2CC=C4C3CCC(C4)OC(=O)C)C	7.8767519	""	COCONUT:(CNP0318420);Natural Products:(UNPD78629)	2129920
54	1	N/A	-292.1636410439244	C28H46O2	[M + H]+	RDROALZQSJZKED	InChI=1S/C28H46O2/c1-2-3-4-5-6-7-8-9-10-11-12-13-14-15-16-17-18-19-20-21-22-23-24-25-26-27-28(29)30/h3-4,6-7,9-10,12-13,15-16H,2,5,8,11,14,17-27H2,1H3,(H,29,30)	13Z,16Z,19Z,22Z,25Z-octacosapentaenoic acid	CCC=CCC=CCC=CCC=CCC=CCCCCCCCCCCCC(=O)O	9.56080151	52921808;86289164	KEGG:(C21950);PubChem:(52921808 86289164);CHEBI:(77372 77206)	290
55	1	N/A	-295.46674519993934	C28H46O2	[M + H]+	JYFFGOKGYAJZFI	InChI=1S/C28H46O2/c1-17(2)18(3)7-8-19(4)25-11-12-26-23-16-27(30-6)24-15-20(29)9-10-21(24)22(23)13-14-28(25,26)5/h17,19-20,22-23,25-27,29H,3,7-16H2,1-2,4-6H3	null	CC(C)C(=C)CCC(C)C1CCC2C1(CCC3C2CC(C4=C3CCC(C4)O)OC)C	7.1605196	""	COCONUT:(CNP0124348);Natural Products:(UNPD216982)	2129920
56	1	N/A	-297.82149516054324	C28H46O2	[M + H]+	YLJFYUPNPBFGPI	InChI=1S/C28H46O2/c1-18(2)8-7-9-19(3)22-10-11-23-26-24(13-15-28(22,23)5)27(4)14-12-21(30-6)16-20(27)17-25(26)29/h17-19,21-24,26H,7-16H2,1-6H3	3-methoxy-10,13-dimethyl-17-(6-methylheptan-2-yl)-1,2,3,4,8,9,11,12,14,15,16,17-dodecahydrocyclopenta[a]phenanthren-7-one	CC(C)CCCC(C)C1CCC2C1(CCC3C2C(=O)C=C4C3(CCC(C4)OC)C)C	8.0	3467035;14238555;11407336;45044369;99574714;125032525;124919618;124404192;124404193	COCONUT:(CNP0245269);Natural Products:(UNPD26995);PubChem:(3467035 14238555 11407336 45044369 99574714 125032525 124919618 124404192 124404193);SuperNatural:(SN00339391)	3178498
57	1	N/A	-301.4864571088515	C28H46O2	[M + H]+	NJWNOPZHMZOOOQ	InChI=1S/C28H46O2/c1-17(2)18(3)7-8-19(4)22-9-10-23-21-15-25-28(30-25)16-20(29)11-14-27(28,6)24(21)12-13-26(22,23)5/h7-8,17-25,29H,9-16H2,1-6H3	null	CC(C)C(C)C=CC(C)C1CCC2C1(CCC3C2CC4C5(C3(CCC(C5)O)C)O4)C	7.4000001	10549741	COCONUT:(CNP0135345);Natural Products:(UNPD4187);PubChem:(10549741);SuperNatural:(SN00394028);KEGG Mine	8593113090
58	1	N/A	-303.07015355776326	C28H46O2	[M + H]+	NEUGPJADIYLTOQ	InChI=1S/C28H46O2/c1-17(2)18(3)7-8-19(4)22-9-10-23-21-15-25-28(30-25)16-20(29)11-14-27(28,6)24(21)12-13-26(22,23)5/h17,19-25,29H,3,7-16H2,1-2,4-6H3	null	CC(C)C(=C)CCC(C)C1CCC2C1(CCC3C2CC4C5(C3(CCC(C5)O)C)O4)C	8.0	21674174;23425652	COCONUT:(CNP0246117);Natural Products:(UNPD108954);PubChem:(21674174 23425652);SuperNatural:(SN00263130);KEGG Mine	8593113090
59	1	N/A	-303.3570567002728	C28H46O2	[M + H]+	AZXDOKXVRMMDJJ	InChI=1S/C28H46O2/c1-17(2)18(3)7-8-19(4)23-11-12-24-22-10-9-20-15-21(29)16-26(30)28(20,6)25(22)13-14-27(23,24)5/h9,13,17-19,21-24,26,29-30H,7-8,10-12,14-16H2,1-6H3	null	CC(C)C(C)CCC(C)C1CCC2C1(CC=C3C2CC=C4C3(C(CC(C4)O)O)C)C	6.9000001	102026092	COCONUT:(CNP0289103);Natural Products:(UNPD169896);PubChem:(102026092);SuperNatural:(SN00383310)	3178498
60	1	N/A	-317.474561930694	C28H46O2	[M + H]+	IKUYBMRKMWNUMR	InChI=1S/C28H46O2/c1-18(2)19(3)7-8-20(4)23-10-11-24-25-12-9-21-17-22(29)13-15-27(21,5)26(30-25)14-16-28(23,24)6/h7-8,12,18-24,26,29H,9-11,13-17H2,1-6H3	null	CC(C)C(C)C=CC(C)C1CCC2C1(CCC3C4(CCC(CC4CC=C2O3)O)C)C	7.47662544	""	COCONUT:(CNP0178996);Natural Products:(UNPD121789);SuperNatural:(SN00265377)	3178496
61	1	N/A	-337.38996092575417	C28H46O2	[M + H]+	NOOLKHUGCQHDQZ	InChI=1S/C28H46O2/c1-7-9-11-21(8-2)19-30-26(29)28(6)17-10-16-27(5)24-14-12-22(20(3)4)18-23(24)13-15-25(27)28/h13,18,20-21,24-25H,7-12,14-17,19H2,1-6H3	2-ethylhexyl abieta-7,13-dien-18-oate	CCCCC(CC)COC(=O)C1(CCCC2(C1CC=C3C2CCC(=C3)C(C)C)C)C	8.19999981	114520;102269182	PubChem:(114520 102269182);NORMAN:(NS00054344)	262146
62	1	N/A	-348.0190932269557	C28H46O2	[M + H]+	SAWMHXICEQYKKZ	InChI=1S/C28H46O2/c1-18(2)7-8-19(3)24-11-12-25-23-10-9-21-17-22(30-20(4)29)13-15-27(21,5)26(23)14-16-28(24,25)6/h7-8,18-19,21-26H,9-17H2,1-6H3	null	CC(C)C=CC(C)C1CCC2C1(CCC3C2CCC4C3(CCC(C4)OC(=O)C)C)C	7.60236216	""	COCONUT:(CNP0166701);Natural Products:(UNPD182325 UNPD144553 UNPD227284 UNPD217902);SuperNatural:(SN00397979 SN00383013)	3178496
63	1	N/A	-352.403634684779	C28H46O2	[M + H]+	UCACJVAPKGZMLE	InChI=1S/C28H46O2/c1-18(2)7-6-8-19(3)26-13-14-27-25-11-9-21-17-22(30-20(4)29)10-12-23(21)24(25)15-16-28(26,27)5/h6,8,18-19,21-27H,7,9-17H2,1-5H3	null	CC(C)CC=CC(C)C1CCC2C1(CCC3C2CCC4C3CCC(C4)OC(=O)C)C	8.69999981	23425067	COCONUT:(CNP0344172);Natural Products:(UNPD24151 UNPD101824 UNPD138374);PubChem:(23425067);SuperNatural:(SN00332997 SN00289638)	3178498
64	1	N/A	-365.06788184656943	C28H46O2	[M + H]+	JAVFSUSPBIUPLW	InChI=1S/C28H46O2/c1-17-16-25(30-26(29)18(17)2)19(3)22-11-12-23-21-10-9-20-8-6-7-14-27(20,4)24(21)13-15-28(22,23)5/h17-25H,6-16H2,1-5H3	null	CC1CC(OC(=O)C1C)C(C)C2CCC3C2(CCC4C3CCC5C4(CCCC5)C)C	9.5	67549959	COCONUT:(CNP0334060);KNApSAcK:(32512);PubChem:(67549959);PubMed	2097234