structureRankPerFormula	formulaRank	ConfidenceScore	CSI:FingerIDScore	molecularFormula	adduct	InChIkey2D	InChI	name	smiles	xlogp	pubchemids	links	dbflags
1	1	0.3070349876753323	-74.40070463133445	C16H26O8	[M + Na]+	AEXJDSDOWQJVOT	InChI=1S/C16H26O8/c1-9(5-3-4-6-10(2)15(21)22)8-23-16-14(20)13(19)12(18)11(7-17)24-16/h3-5,10-14,16-20H,6-8H2,1-2H3,(H,21,22)	null	CC(CC=CC=C(C)COC1C(C(C(C(O1)CO)O)O)O)C(=O)O	0.100000001	125416129;125416130;129008983	COCONUT:(CNP0086895);Training Set;PubChem:(125416129 125416130 129008983)	2113538
2	1	N/A	-85.1365199438346	C16H26O8	[M + Na]+	QZIOPOIUZGGXKI	InChI=1S/C16H26O8/c1-9(6-7-17)4-3-5-10(2)15(22)24-16-14(21)13(20)12(19)11(8-18)23-16/h5-6,11-14,16-21H,3-4,7-8H2,1-2H3	[(2S,3R,4S,5S,6R)-3,4,5-trihydroxy-6-(hydroxymethyl)oxan-2-yl] (2E,6E)-8-hydroxy-2,6-dimethylocta-2,6-dienoate	CC(=CCO)CCC=C(C)C(=O)OC1C(C(C(C(O1)CO)O)O)O	-0.200000003	14635445	COCONUT:(CNP0277214);Natural Products:(UNPD132224 UNPD165048);PubChem:(14635445);SuperNatural:(SN00029383 SN00234976);ZINC bio:(ZINC31162994);additional;Training Set	3727362
3	1	N/A	-99.17974229764712	C16H26O8	[M + Na]+	VNPZQBORDBFYGV	InChI=1S/C16H26O8/c1-9(6-12(18)19)4-3-5-10(2)8-23-16-15(22)14(21)13(20)11(7-17)24-16/h5-6,11,13-17,20-22H,3-4,7-8H2,1-2H3,(H,18,19)	null	CC(=CC(=O)O)CCC=C(C)COC1C(C(C(C(O1)CO)O)O)O	0.020350771	49788112	COCONUT:(CNP0141300);Natural Products:(UNPD199795);PubChem:(49788112)	2129922
4	1	N/A	-102.1654357430174	C16H26O8	[M + Na]+	ASZSYMZCLJJNIT	InChI=1S/C16H26O8/c1-9(4-3-5-10(2)15(21)22)6-7-23-16-14(20)13(19)12(18)11(8-17)24-16/h5-6,11-14,16-20H,3-4,7-8H2,1-2H3,(H,21,22)	null	CC(=CCOC1C(C(C(C(O1)CO)O)O)O)CCC=C(C)C(=O)O	0.0	49788111	COCONUT:(CNP0301254);KNApSAcK:(29317);Natural Products:(UNPD70675 UNPD5731);PubChem:(49788111);SuperNatural:(SN00345849 SN00368431)	3178514
5	1	N/A	-102.90402577303841	C16H26O8	[M + Na]+	IKBSXSWJOQRTRW	InChI=1S/C16H26O8/c1-9(7-17)5-3-4-6-10(2)15(22)24-16-14(21)13(20)12(19)11(8-18)23-16/h3-5,10-14,16-21H,6-8H2,1-2H3	null	CC(CC=CC=C(C)CO)C(=O)OC1C(C(C(C(O1)CO)O)O)O	-0.236145914	""	COCONUT:(CNP0299338);Natural Products:(UNPD20253 UNPD204635);SuperNatural:(SN00397725)	3178496
6	1	N/A	-124.6475249407112	C16H26O8	[M + Na]+	KGZIIQVXEHGOPU	InChI=1S/C16H26O8/c1-7-6-22-15(11-8(4-17)2-3-9(7)11)24-16-14(21)13(20)12(19)10(5-18)23-16/h6,8-21H,2-5H2,1H3	(2S,3R,4S,5S,6R)-2-[[(1S,4aS,7S,7aS)-7-(hydroxymethyl)-4-methyl-1,4a,5,6,7,7a-hexahydrocyclopenta[c]pyran-1-yl]oxy]-6-(hydroxymethyl)oxane-3,4,5-triol	CC1=COC(C2C1CCC2CO)OC3C(C(C(C(O3)CO)O)O)O	-1.10000002	21123538;24094124	COCONUT:(CNP0178000);Natural Products:(UNPD124812 UNPD165555);PubChem:(21123538 24094124);SuperNatural:(SN00238308 SN00270746);KEGG Mine	8593113090
7	1	N/A	-125.21125626783643	C16H26O8	[M + Na]+	IVWJMPAYYVHQPT	InChI=1S/C16H26O8/c1-4-16(3,22)7-5-6-9(2)14(21)24-15-13(20)12(19)11(18)10(8-17)23-15/h4,6,10-13,15,17-20,22H,1,5,7-8H2,2-3H3	null	CC(=CCCC(C)(C=C)O)C(=O)OC1C(C(C(C(O1)CO)O)O)O	-0.400000006	101949668;131751869	COCONUT:(CNP0311731);HMDB:(35822);Natural Products:(UNPD193593);PubChem:(101949668 131751869);SuperNatural:(SN00374446);PubChem class - bio and metabolites	19955722
8	1	N/A	-145.12551863504268	C16H26O8	[M + Na]+	HIONMARAZMFXCA	InChI=1S/C16H26O8/c1-16(2,22)9-5-3-8(4-6-9)14(21)24-15-13(20)12(19)11(18)10(7-17)23-15/h3,9-13,15,17-20,22H,4-7H2,1-2H3	null	CC(C)(C1CCC(=CC1)C(=O)OC2C(C(C(C(O2)CO)O)O)O)O	-0.600000024	101542607	COCONUT:(CNP0235216);Natural Products:(UNPD215422 UNPD219137);PubChem:(101542607)	2129922
9	1	N/A	-149.4434689406	C16H26O8	[M + Na]+	UTCXESIWEYTBMM	InChI=1S/C16H26O8/c17-13(18)11(14(19)20)9-7-5-3-1-2-4-6-8-10-12(15(21)22)16(23)24/h11-12H,1-10H2,(H,17,18)(H,19,20)(H,21,22)(H,23,24)	null	C(CCCCCC(C(=O)O)C(=O)O)CCCCC(C(=O)O)C(=O)O	3.9000001	106392;86306281	PubChem:(106392 86306281);NORMAN:(NS00036352)	262146
10	1	N/A	-152.20749430902683	C16H26O8	[M + Na]+	CGTBKKCAKWNILX	InChI=1S/C16H26O8/c1-6-5-22-15(11-7(2)9(18)3-8(6)11)24-16-14(21)13(20)12(19)10(4-17)23-16/h5,7-21H,3-4H2,1-2H3	null	CC1C(CC2C1C(OC=C2C)OC3C(C(C(C(O3)CO)O)O)O)O	-0.589780986	""	COCONUT:(CNP0283738);Natural Products:(UNPD120447);SuperNatural:(SN00337696);KEGG Mine	8593113088
11	1	N/A	-154.06050269069047	C16H26O8	[M + Na]+	PLSSBWGEYMENGJ	InChI=1S/C16H26O8/c1-7-2-3-9-8(5-22-15(21)11(7)9)6-23-16-14(20)13(19)12(18)10(4-17)24-16/h7-14,16-20H,2-6H2,1H3	7-methyl-4-[[(2S,3R,4S,5S,6R)-3,4,5-trihydroxy-6-(hydroxymethyl)oxan-2-yl]oxymethyl]-4,4a,5,6,7,7a-hexahydro-3H-cyclopenta[c]pyran-1-one	CC1CCC2C1C(=O)OCC2COC3C(C(C(C(O3)CO)O)O)O	-0.300000012	11968303;21550214	COCONUT:(CNP0273501);KNApSAcK:(10728);Natural Products:(UNPD25980 UNPD145380);PubChem:(11968303 21550214);SuperNatural:(SN00169066 SN00246564 SN00363990)	3178514
12	1	N/A	-171.66457069787648	C16H26O8	[M + Na]+	LBTAFDHXNSPZSZ	InChI=1S/C16H26O8/c1-7-4-8(5-16(2,3)10(7)14(21)22)23-15-13(20)12(19)11(18)9(6-17)24-15/h8-9,11-13,15,17-20H,4-6H2,1-3H3,(H,21,22)	(4R)-2,6,6-trimethyl-4-[(2R,3R,4R,5S,6R)-3,4,5-trihydroxy-6-(hydroxymethyl)oxan-2-yl]oxycyclohexene-1-carboxylic acid	CC1=C(C(CC(C1)OC2C(C(C(C(O2)CO)O)O)O)(C)C)C(=O)O	-0.400000006	5320582;22524433	COCONUT:(CNP0112626 CNP0227658);KNApSAcK:(10996);Natural Products:(UNPD24300 UNPD125855);PubChem:(5320582 22524433);SuperNatural:(SN00359450 SN00160566 SN00263091);KEGG Mine	8593113106
13	1	N/A	-176.83020602106453	C16H26O8	[M + Na]+	XBRXLXOCHNGHBC	InChI=1S/C16H26O8/c1-16(2)4-9(19)3-8(10(16)5-17)7-23-15-14(22)13(21)12(20)11(6-18)24-15/h3,10-15,17-18,20-22H,4-7H2,1-2H3	null	CC1(CC(=O)C=C(C1CO)COC2C(C(C(C(O2)CO)O)O)O)C	-2.0999999	73775426;102507168;125181854;137796439	COCONUT:(CNP0203731);KNApSAcK:(39486);Natural Products:(UNPD68758);PubChem:(73775426 102507168 125181854 137796439);SuperNatural:(SN00253662)	3178514
14	1	N/A	-177.7311599831149	C16H26O8	[M + Na]+	ITYUWPGZACWPPQ	InChI=1S/C16H26O8/c1-7-8(4-5-16(2,3)10(7)14(21)22)23-15-13(20)12(19)11(18)9(6-17)24-15/h8-9,11-13,15,17-20H,4-6H2,1-3H3,(H,21,22)	2,6,6-trimethyl-3-[(2R,3R,4S,5S,6R)-3,4,5-trihydroxy-6-(hydroxymethyl)oxan-2-yl]oxycyclohexene-1-carboxylic acid	CC1=C(C(CCC1OC2C(C(C(C(O2)CO)O)O)O)(C)C)C(=O)O	-0.600000024	5320914;21637711;22524467;73818293	COCONUT:(CNP0250353 CNP0403494);Natural Products:(UNPD138704 UNPD9111);PubChem:(5320914 21637711 22524467 73818293);SuperNatural:(SN00160591 SN00403039)	3178498
15	1	N/A	-178.09580900129905	C16H26O8	[M + Na]+	RQEWNDZNKBUWDH	InChI=1S/C16H26O8/c1-16(2,9-5-3-8(4-6-9)14(21)22)24-15-13(20)12(19)11(18)10(7-17)23-15/h3,9-13,15,17-20H,4-7H2,1-2H3,(H,21,22)	(-)-Oleuropeic acid 8-O-glucoside	CC(C)(C1CCC(=CC1)C(=O)O)OC2C(C(C(C(O2)CO)O)O)O	-0.400000006	11152176;85417253	COCONUT:(CNP0176644);Natural Products:(UNPD112787);PubChem:(11152176 85417253);SuperNatural:(SN00248111);PubMed	3178562
16	1	N/A	-183.70918469950718	C16H26O8	[M + Na]+	OAUMGPGYHSGESA	InChI=1S/C16H26O8/c1-7-8(5-17)16(2,3)4-9(19)14(7)24-15-13(22)12(21)11(20)10(6-18)23-15/h5,9-15,18-22H,4,6H2,1-3H3	null	CC1=C(C(CC(C1OC2C(C(C(C(O2)CO)O)O)O)O)(C)C)C=O	-1.60000002	102507170	COCONUT:(CNP0163458);Natural Products:(UNPD169459);PubChem:(102507170)	2129922
17	1	N/A	-187.9623927091589	C16H26O8	[M + Na]+	MJUSAYWWRYZTDN	InChI=1S/C16H26O8/c1-7-2-3-9-8(4-17)6-22-15(11(7)9)24-16-14(21)13(20)12(19)10(5-18)23-16/h6-7,9-21H,2-5H2,1H3	null	CC1CCC2C1C(OC=C2CO)OC3C(C(C(C(O3)CO)O)O)O	-0.593089402	""	COCONUT:(CNP0305058);Natural Products:(UNPD66604);SuperNatural:(SN00337547);KEGG Mine	8593113088
18	1	N/A	-190.1371417191442	C16H26O8	[M + Na]+	CUIDBUWFCFYEPL	InChI=1S/C16H26O8/c1-6-5-22-15(21)11-7(2)9(3-8(6)11)23-16-14(20)13(19)12(18)10(4-17)24-16/h6-14,16-20H,3-5H2,1-2H3	null	CC1COC(=O)C2C1CC(C2C)OC3C(C(C(C(O3)CO)O)O)O	-0.400000006	14020067;138453914	COCONUT:(CNP0263648);HMDB:(38149);KNApSAcK:(10642);Natural Products:(UNPD9553 UNPD119713);PubChem:(14020067 138453914);SuperNatural:(SN00343852 SN00263792);CHEBI:(143821);PubChem class - bio and metabolites	19955770
19	1	N/A	-190.16519277507692	C16H26O8	[M + Na]+	HKMDHBXRMZEVHY	InChI=1S/C16H26O8/c1-7-8-3-4-16(2,9(8)6-22-14(7)21)24-15-13(20)12(19)11(18)10(5-17)23-15/h7-13,15,17-20H,3-6H2,1-2H3	Patriridoside E	CC1C2CCC(C2COC1=O)(C)OC3C(C(C(C(O3)CO)O)O)O	-0.600000024	71453061	COCONUT:(CNP0115268);Natural Products:(UNPD216750);PubChem:(71453061);PubMed	2129986
20	1	N/A	-194.56243378074535	C16H26O8	[M + Na]+	NAYYMQIWUJKQDJ	InChI=1S/C16H26O8/c1-7-6-22-14(10-8(7)3-4-16(10,2)21)24-15-13(20)12(19)11(18)9(5-17)23-15/h6,8-15,17-21H,3-5H2,1-2H3	(2S,3R,4S,5S,6R)-2-[[(1S,4aS,7S,7aS)-7-hydroxy-4,7-dimethyl-4a,5,6,7a-tetrahydro-1H-cyclopenta[c]pyran-1-yl]oxy]-6-(hydroxymethyl)oxane-3,4,5-triol	CC1=COC(C2C1CCC2(C)O)OC3C(C(C(C(O3)CO)O)O)O	-1.29999995	11515758;16755534	COCONUT:(CNP0149430);KNApSAcK:(30587);Natural Products:(UNPD182237);PubChem:(11515758 16755534);SuperNatural:(SN00315856);KEGG Mine	8593113106
21	1	N/A	-201.46977193641123	C16H26O8	[M + Na]+	BIUQGDGSXUQICF	InChI=1S/C16H26O8/c1-4-16(3,7-5-6-10(8-17)14(21)22)24-15-13(20)12(19)11(18)9(2)23-15/h4,6,9,11-13,15,17-20H,1,5,7-8H2,2-3H3,(H,21,22)	(2E,6R)-2-(hydroxymethyl)-6-methyl-6-[(2S,3R,4S,5S,6R)-3,4,5-trihydroxy-6-methyloxan-2-yl]oxyocta-2,7-dienoic acid	CC1C(C(C(C(O1)OC(C)(CCC=C(CO)C(=O)O)C=C)O)O)O	-0.899999976	10617557;21628391;21628392;44566294	COCONUT:(CNP0151201);Natural Products:(UNPD167926);PubChem:(10617557 21628391 21628392 44566294);SuperNatural:(SN00333717);PubMed	3178562
22	1	N/A	-203.15580174895933	C16H26O8	[M + Na]+	PFXVOQOTPKYRIK	InChI=1S/C16H26O8/c1-5-9(4)15(21)22-7-10-12(18)13(19)14(20)16(23-10)24-11(17)6-8(2)3/h5,8,10,12-14,16,18-20H,6-7H2,1-4H3	null	CC=C(C)C(=O)OCC1C(C(C(C(O1)OC(=O)CC(C)C)O)O)O	0.832660079	""	COCONUT:(CNP0198662);Natural Products:(UNPD174932);SuperNatural:(SN00227931)	3178496
23	1	N/A	-205.92230640409997	C16H26O8	[M + Na]+	IJUOZEBZJUUBNX	InChI=1S/C16H26O8/c1-3-15(17)23-13-11-21-9-7-19-5-6-20-8-10-22-12-14-24-16(18)4-2/h3-4H,1-2,5-14H2	3,6,9,12-Tetraoxatetradecane-1,14-diyl diacrylate	C=CC(=O)OCCOCCOCCOCCOCCOC(=O)C=C	0.600000024	100995	PubChem:(100995);NORMAN:(NS00034118)	262146
24	1	N/A	-210.98237699535395	C16H26O8	[M + Na]+	CTSFPRLVGFROJO	InChI=1S/C16H26O8/c1-4-16(3,22)7-5-6-9(2)14(20)23-8-10-11(17)12(18)13(19)15(21)24-10/h4,6,10-13,15,17-19,21-22H,1,5,7-8H2,2-3H3	[(2R,3S,4S,5R,6R)-3,4,5,6-tetrahydroxyoxan-2-yl]methyl (2E)-6-hydroxy-2,6-dimethylocta-2,7-dienoate	CC(=CCCC(C)(C=C)O)C(=O)OCC1C(C(C(C(O1)O)O)O)O	-0.899999976	60163832;102451566	COCONUT:(CNP0130516);Natural Products:(UNPD206487);PubChem:(60163832 102451566)	2129922
25	1	N/A	-217.71585296312847	C16H26O8	[M + Na]+	GNXFLWHEWHXBDS	InChI=1S/C16H26O8/c1-5-9(4)15(21)24-14-13(20)12(19)10(7-17)22-16(14)23-11(18)6-8(2)3/h5,8,10,12-14,16-17,19-20H,6-7H2,1-4H3	null	CC=C(C)C(=O)OC1C(C(C(OC1OC(=O)CC(C)C)CO)O)O	0.832660079	""	COCONUT:(CNP0336769);Natural Products:(UNPD218594)	2129920
26	1	N/A	-218.03306023527244	C16H26O8	[M + Na]+	VHKVJYPHKNZCFD	InChI=1S/C16H26O8/c1-8-3-4-9(5-10(8)18)16(2,22)7-23-15-14(21)13(20)12(19)11(6-17)24-15/h3,9,11-15,17,19-22H,4-7H2,1-2H3	null	CC1=CCC(CC1=O)C(C)(COC2C(C(C(C(O2)CO)O)O)O)O	-1.5	10665244;11024434	COCONUT:(CNP0208903);Natural Products:(UNPD188846 UNPD72228);PubChem:(10665244 11024434);SuperNatural:(SN00301114 SN00246678)	3178498
27	1	N/A	-222.40752408813708	C16H26O8	[M + Na]+	COVZIUXOQFAJNB	InChI=1S/C16H26O8/c1-16(2,22)9-5-3-8(4-6-9)14(20)23-7-10-11(17)12(18)13(19)15(21)24-10/h3,9-13,15,17-19,21-22H,4-7H2,1-2H3	null	CC(C)(C1CCC(=CC1)C(=O)OCC2C(C(C(C(O2)O)O)O)O)O	-1.20000005	44631994;44482054;101542608;102417839;134813469	COCONUT:(CNP0290495);Natural Products:(UNPD219606 UNPD217524);PubChem:(44631994 44482054 101542608 102417839 134813469);PubMed	2129986
28	1	N/A	-222.8705848519031	C16H26O8	[M + Na]+	VOSKDOKSPQKSPY	InChI=1S/C16H26O8/c1-15(6-18)8-2-3-16(4-8,14(15)22)7-23-13-12(21)11(20)10(19)9(5-17)24-13/h8-13,17-21H,2-7H2,1H3	null	CC1(C2CCC(C2)(C1=O)COC3C(C(C(C(O3)CO)O)O)O)CO	-1.20000005	10712580;10807518;85241696	COCONUT:(CNP0137716);HMDB:(33223);Natural Products:(UNPD23459 UNPD72693);PubChem:(10712580 10807518 85241696);SuperNatural:(SN00332925 SN00360911);PubChem class - bio and metabolites	19955722
29	1	N/A	-225.64684840224936	C16H26O8	[M + Na]+	KOMHTYYQRGPWLA	InChI=1S/C16H26O8/c1-16(2)4-9(19)3-8(5-17)10(16)7-23-15-14(22)13(21)12(20)11(6-18)24-15/h3,10-15,17-18,20-22H,4-7H2,1-2H3	Jasminoside G	CC1(CC(=O)C=C(C1COC2C(C(C(C(O2)CO)O)O)O)CO)C	-2.0999999	5326342;11523073;15939774	COCONUT:(CNP0189759);KNApSAcK:(42643);Natural Products:(UNPD4846);PubChem:(5326342 11523073 15939774);SuperNatural:(SN00334270)	3178514
30	1	N/A	-239.14261394815128	C16H26O8	[M + Na]+	QIPOUSKNIMYTRA	InChI=1S/C16H26O8/c1-3-15(19)23-11-13(17)9-21-7-5-6-8-22-10-14(18)12-24-16(20)4-2/h3-4,13-14,17-18H,1-2,5-12H2	1,4-Butanediylbis(oxy(2-hydroxy-3,1-propanediyl)) diacrylate	C=CC(=O)OCC(COCCCCOCC(COC(=O)C=C)O)O	0.400000006	103631;92256115;92256119;92855093	NORMAN:(NS00003160);PubChem class - safety and toxic;PubChem:(103631 92256115 92256119 92855093)	67371010
31	1	N/A	-243.89535573860195	C16H26O8	[M + Na]+	QZAWDTYMSDWVFW	InChI=1S/C16H26O8/c1-15-4-7(16(2,6-18)14(15)22)3-9(15)24-13-12(21)11(20)10(19)8(5-17)23-13/h7-13,17-21H,3-6H2,1-2H3	null	CC12CC(CC1OC3C(C(C(C(O3)CO)O)O)O)C(C2=O)(C)CO	-1.10000002	10497757;85160606	COCONUT:(CNP0225327);HMDB:(33222);Natural Products:(UNPD125479);PubChem:(10497757 85160606);SuperNatural:(SN00393319);PubChem class - bio and metabolites	19955722
32	1	N/A	-245.98188631579194	C16H26O8	[M + Na]+	CCVKNCMJSRNECQ	InChI=1S/C16H26O8/c1-15(2)7-3-9(15)16(22,10(18)4-7)6-23-14-13(21)12(20)11(19)8(5-17)24-14/h7-9,11-14,17,19-22H,3-6H2,1-2H3	null	CC1(C2CC1C(C(=O)C2)(COC3C(C(C(C(O3)CO)O)O)O)O)C	-1.42934823	""	COCONUT:(CNP0207185);Natural Products:(UNPD153667);SuperNatural:(SN00306329)	3178496
33	1	N/A	-249.96974104320148	C16H26O8	[M + Na]+	LXDQFZXPMQXZJM	InChI=1S/C16H26O8/c1-16(2,23)10-5-3-9(4-6-10)15(22)24-8-12(19)14(21)13(20)11(18)7-17/h3,7,10-14,18-21,23H,4-6,8H2,1-2H3	null	CC(C)(C1CCC(=CC1)C(=O)OCC(C(C(C(C=O)O)O)O)O)O	-0.256128937	""	COCONUT:(CNP0169396)	2097152
34	1	N/A	-252.75675653990137	C16H26O8	[M + Na]+	OZKBUAKZRTVUOW	InChI=1S/C16H26O8/c1-14(2)8-4-16(14,5-9(18)15(8,3)22)24-13-12(21)11(20)10(19)7(6-17)23-13/h7-8,10-13,17,19-22H,4-6H2,1-3H3	null	CC1(C2CC1(CC(=O)C2(C)O)OC3C(C(C(C(O3)CO)O)O)O)C	-1.41481662	""	COCONUT:(CNP0321622);Natural Products:(UNPD83010);SuperNatural:(SN00388885)	3178496
35	1	N/A	-253.27710930811514	C16H26O8	[M + Na]+	JJWSNOZEJYLPKX	InChI=1S/C16H26O8/c1-16(21)10(7-18)23-15(12(19)13(16)20)24-14-11-8(4-5-22-14)2-3-9(11)6-17/h4-5,8-15,17-21H,2-3,6-7H2,1H3	beta-D-Glucopyranoside, (1S,4aS,7S,7aS)-1,4a,5,6,7,7a-hexahydro-7-(hydroxymethyl)-4-methylcyclopenta(c)pyran-1-yl	CC1(C(OC(C(C1O)O)OC2C3C(CCC3CO)C=CO2)CO)O	-0.800000012	157261	PubChem:(157261);KNApSAcK:(10534)	18
36	1	N/A	-259.0593452430279	C16H26O8	[M + Na]+	OHLHJLGLXOHROA	InChI=1S/C16H26O8/c1-15(2)4-7(18)13-16(3,24-13)9(15)6-22-14-12(21)11(20)10(19)8(5-17)23-14/h8-14,17,19-21H,4-6H2,1-3H3	null	CC1(CC(=O)C2C(C1COC3C(C(C(C(O3)CO)O)O)O)(O2)C)C	-1.10000002	100914028	COCONUT:(CNP0304989);Natural Products:(UNPD40813);PubChem:(100914028);SuperNatural:(SN00398725)	3178498
37	1	N/A	-261.7607406966125	C16H26O8	[M + Na]+	WGDXUILXVFPOLD	InChI=1S/C16H26O8/c1-7-4-8(5-16(2,3)10(7)14(20)21)23-6-9-11(17)12(18)13(19)15(22)24-9/h8-9,11-13,15,17-19,22H,4-6H2,1-3H3,(H,20,21)	null	CC1=C(C(CC(C1)OCC2C(C(C(C(O2)O)O)O)O)(C)C)C(=O)O	-0.213804841	""	COCONUT:(CNP0167229);Natural Products:(UNPD50331);SuperNatural:(SN00271830)	3178496
38	1	N/A	-269.5674952896354	C16H26O8	[M + Na]+	QKTWROSLSKQSBD	InChI=1S/C16H26O8/c1-7(2)16-5-4-15(3,24-16)12(21)13(16)23-14-11(20)10(19)9(18)8(6-17)22-14/h8-14,17-21H,1,4-6H2,2-3H3	null	CC(=C)C12CCC(O1)(C(C2OC3C(C(C(C(O3)CO)O)O)O)O)C	-1.10000002	10569581	COCONUT:(CNP0355190);Natural Products:(UNPD91057);PubChem:(10569581);SuperNatural:(SN00250908)	3178498
39	1	N/A	-276.6235983864385	C16H26O8	[M + Na]+	MVDLVNLRKQPBOS	InChI=1S/C16H26O8/c1-16(22)5-8(18)7-2-3-23-9(12(7)16)4-10-13(19)15(21)14(20)11(6-17)24-10/h2-3,7-15,17-22H,4-6H2,1H3	null	CC1(CC(C2C1C(OC=C2)CC3C(C(C(C(O3)CO)O)O)O)O)O	-1.60022676	""	COCONUT:(CNP0393208);SuperNatural:(SN00215356)	3145728
40	1	N/A	-287.93998705809474	C16H26O8	[M + Na]+	GZAZHVQZRFCUGW	InChI=1S/C16H26O8/c1-14(2)7-4-10(15(14,3)5-8(7)18)24-13-12(20)16(21,22)11(19)9(6-17)23-13/h7,9-13,17,19-22H,4-6H2,1-3H3	null	CC1(C2CC(C1(CC2=O)C)OC3C(C(C(C(O3)CO)O)(O)O)O)C	-1.14669454	""	COCONUT:(CNP0097656);SuperNatural:(SN00163936)	3145728
41	1	N/A	-297.20725734651677	C16H26O8	[M + Na]+	FFLUVDOEJBDSSD	InChI=1S/C16H26O8/c1-4-16(3,22)7-5-6-10(8-17)14(20)24-13-9(2)23-15(21)12(19)11(13)18/h4,6,9,11-13,15,17-19,21-22H,1,5,7-8H2,2-3H3	[(2R,3S,4R,5R,6S)-4,5,6-trihydroxy-2-methyloxan-3-yl] (2E)-6-hydroxy-2-(hydroxymethyl)-6-methylocta-2,7-dienoate	CC1C(C(C(C(O1)O)O)O)OC(=O)C(=CCCC(C)(C=C)O)CO	-1.10000002	10688919;21628389;21628390	COCONUT:(CNP0176623);Natural Products:(UNPD123034);PubChem:(10688919 21628389 21628390);SuperNatural:(SN00296903);PubMed	3178562
42	1	N/A	-299.5553604236722	C16H26O8	[M + Na]+	XOEAXQFWXCUHKH	InChI=1S/C16H26O8/c1-5-8(4)16(22)24-15-13(21)11(19)10(18)12(20)14(15)23-9(17)6-7(2)3/h5,7,10-15,18-21H,6H2,1-4H3	null	CC=C(C)C(=O)OC1C(C(C(C(C1OC(=O)CC(C)C)O)O)O)O	0.301873177	""	COCONUT:(CNP0216994);Natural Products:(UNPD140450);SuperNatural:(SN00341428)	3178496