structureRankPerFormula	formulaRank	ConfidenceScore	CSI:FingerIDScore	molecularFormula	adduct	InChIkey2D	InChI	name	smiles	xlogp	pubchemids	links	dbflags
1	1	0.5644695017438713	-168.60199085013588	C14H27NO8	[M + H]+	YGMUTOUTBXHMBA	InChI=1S/C14H27NO8/c1-2-6-3-8(17)10(18)7(15-6)5-22-14-13(21)12(20)11(19)9(4-16)23-14/h6-21H,2-5H2,1H3	null	CCC1CC(C(C(N1)COC2C(C(C(C(O2)CO)O)O)O)O)O	-2.5999999	10359695	COCONUT:(CNP0102821);Natural Products:(UNPD1245);PubChem:(10359695);SuperNatural:(SN00244650)	3178498
2	1	N/A	-245.9710709773156	C14H27NO8	[M + H]+	QFRUZJPIPVRNJR	InChI=1S/C14H27NO8/c1-6-7(16)4-8(17)13(21-6)23-12-10(15)14(20-3)22-9(5-19-2)11(12)18/h6-14,16-18H,4-5,15H2,1-3H3	beta-D-Tyv-(1->3)-beta-D-GalN6,OMe2	CC1C(CC(C(O1)OC2C(C(OC(C2O)COC)OC)N)O)O	-2.4000001	72715852	PubChem:(72715852);CHEBI:(77114)	34
3	1	N/A	-369.7951664923842	C14H27NO8	[M + H]+	CUEHNLMLFJFMER	InChI=1S/C14H27NO8/c1-7(2)15(8(3)4)5-10(17)23-6-9(16)11(18)12(19)13(20)14(21)22/h7-9,11-13,16,18-20H,5-6H2,1-4H3,(H,21,22)	6-o-[n,n-di(propan-2-yl)glycyl]hexonic acid	CC(C)N(CC(=O)OCC(C(C(C(C(=O)O)O)O)O)O)C(C)C	-3.4000001	9356;83181;92176608;124929243;124929244;124389611	NORMAN:(NS00039842);PubChem:(9356 83181 92176608 124929243 124929244 124389611);PubChem class - drug	33816578
1	2	N/A	-174.6430424550442	C15H23N5O4	[M + H]+	AYGMJXUCSYBOMJ	InChI=1S/C15H23N5O4/c1-8(2)3-4-16-13-10-14(18-6-17-13)20(7-19-10)15-12(23)11(22)9(5-21)24-15/h6-9,11-12,15,21-23H,3-5H2,1-2H3,(H,16,17,18)	N-Isopentyladenosine	CC(C)CCNC1=C2C(=NC=N1)N(C=N2)C3C(C(C(O3)CO)O)O	0.172012925	87216;13955940;46876691;57191254	NORMAN:(NS00053485);PubChem:(87216 13955940 46876691 57191254);PubMed;KEGG Mine;PubChem class - bio and metabolites	8606974018
2	2	N/A	-351.1861517563778	C15H23N5O4	[M + H]+	JXNRXNCCROJZFB	InChI=1S/C15H23N5O4/c16-11(8-9-3-5-10(21)6-4-9)13(22)20-12(14(23)24)2-1-7-19-15(17)18/h3-6,11-12,21H,1-2,7-8,16H2,(H,20,22)(H,23,24)(H4,17,18,19)	Kiotorphin	C1=CC(=CC=C1CC(C(=O)NC(CCCN=C(N)N)C(=O)O)N)O	-0.703749776	2932;123804;155578;7015681;6708688;6991995;44332545;53393707;129709988;129717160	HMDB:(5768 29099);SuperNatural:(SN00362322 SN00389662);ZINC bio:(ZINC01529568 ZINC02516113);additional;MeSH:(2932 123804 155578 129717160);PubMed;COCONUT:(CNP0261572);Natural Products:(UNPD37916 UNPD33922);PubChem:(2932 123804 155578 7015681 6708688 6991995 44332545 53393707 129709988 129717160);CHEBI:(17537 58184);PubChem class - bio and metabolites;KEGG:(C02993);Biocyc:(CPD-210)	20490606
3	2	N/A	-383.70995797334433	C15H23N5O4	[M + H]+	AKJPAUXGPOUISG	InChI=1S/C15H23N5O4/c1-5-7-9-18-12-10(13(21)19(8-6-2)14(18)22)11(16-3)20(17-12)15(23)24-4/h16H,5-9H2,1-4H3	methyl 7-butyl-3-(methylamino)-4,6-dioxo-5-propylpyrazolo[3,4-d]pyrimidine-2-carboxylate	CCCCN1C2=NN(C(=C2C(=O)N(C1=O)CCC)NC)C(=O)OC	2.79999995	128390	MeSH:(128390);PubChem class - safety and toxic;PubChem:(128390);PubMed	67108934
4	2	N/A	-394.56550685302386	C15H23N5O4	[M + H]+	JWWIBWMTUOTLKI	InChI=1S/C15H23N5O4/c21-13-11(19-15(22)18-9-4-2-1-3-5-9)10-6-23-14(24-10)12(13)20-8-16-7-17-20/h7-14,21H,1-6H2,(H2,18,19,22)	null	C1CCC(CC1)NC(=O)NC2C3COC(O3)C(C2O)N4C=NC=N4	-0.100000001	132353249	PubChem:(132353249);COCONUT:(CNP0269323)	2097154
5	2	N/A	-440.76429641925733	C15H23N5O4	[M + H]+	XTWSWDJMIKUJDQ	InChI=1S/C15H23N5O4/c16-11(2-1-7-19-15(17)18)13(22)20-12(14(23)24)8-9-3-5-10(21)6-4-9/h3-6,11-12,21H,1-2,7-8,16H2,(H,20,22)(H,23,24)(H4,17,18,19)	arginyltyrosine	C1=CC(=CC=C1CC(C(=O)O)NC(=O)C(CCCN=C(N)N)N)O	-0.703749776	7021455;7021456;13017549;13017550;68868452;124417423	COCONUT:(CNP0347398);HMDB:(28721);PubChem:(7021455 7021456 13017549 13017550 68868452 124417423);CHEBI:(73822);ZINC bio:(ZINC02572104);additional;PubChem class - bio and metabolites;Training Set;PubMed	19423338
6	2	N/A	-477.4761666167749	C15H23N5O4	[M + H]+	FSDVEZFAZMXCKC	InChI=1S/C15H23N5O4/c1-11-13(22)16-15(24)20(14(11)23)19-8-6-17(7-9-19)10-12(21)18-4-2-3-5-18/h11H,2-10H2,1H3,(H,16,22,24)	5-methyl-1-[4-(2-oxo-2-pyrrolidin-1-ylethyl)piperazin-1-yl]-1,3-diazinane-2,4,6-trione	CC1C(=O)NC(=O)N(C1=O)N2CCN(CC2)CC(=O)N3CCCC3	-0.300000012	3039159	PubChem:(3039159);PubChem class - safety and toxic	67108866
7	2	N/A	-495.9154661114723	C15H23N5O4	[M + H]+	YHAPSXCNPRCEGM	InChI=1S/C15H23N5O4/c1-2-7-22-9-11-10-23-15(24-11)3-5-19(6-4-15)13-8-12(16)20(21)14(17)18-13/h2,8,11,17,21H,1,3-7,9-10,16H2	2-(Allyloxymethyl)-8-(2,6-diamino-4-pyrimidinyl)-1,4-dioxa-8-azaspiro(4.5)decane 1''-oxide	C=CCOCC1COC2(O1)CCN(CC2)C3=NC(=N)N(C(=C3)N)O	-0.255898416	55044	PubChem:(55044);PubChem class - safety and toxic	67108866
8	2	N/A	-547.4530255229997	C15H23N5O4	[M + H]+	CFPOQCPZKHPNPN	InChI=1S/C15H23N5O4/c1-2-3-6-18-7-9-19(10-8-18)12-14(21)17-16-11-13-4-5-15(24-13)20(22)23/h4-5,11H,2-3,6-10,12H2,1H3,(H,17,21)	5-Nitro-2-furaldehyde N''-butylpiperazinoacetylhydrazone	CCCCN1CCN(CC1)CC(=O)NN=CC2=CC=C(O2)[N+](=O)[O-]	1.75871444	6433862;9570394	PubChem:(6433862 9570394);PubChem class - safety and toxic	67108866
1	2	N/A	-490.77374195444787	C15H25N5O5	[M - H2O + H]+	BJZZFRWPJGBSSZ	InChI=1S/C15H25N5O5/c1-10-8-19(15(25)18-13(10)22)9-12(21)20(7-6-17)11(14(23)24)4-2-3-5-16/h8,11H,2-7,9,16-17H2,1H3,(H,23,24)(H,18,22,25)	(2R)-6-amino-2-[2-aminoethyl-[2-(5-methyl-2,4-dioxopyrimidin-1-yl)acetyl]amino]hexanoic acid	CC1=CN(C(=O)NC1=O)CC(=O)N(CCN)C(CCCCN)C(=O)O	-4.30000019	5289433	PubChem:(5289433);PubChem class - bio and metabolites	16777218
2	2	N/A	-524.9570709078722	C15H25N5O5	[M - H2O + H]+	HAYFMKCVKJWRMJ	InChI=1S/C15H25N5O5/c1-16-7-10-8-20(18-17-10)9-12-15(23)14(22)11(25-12)6-13(21)19-2-4-24-5-3-19/h8,11-12,14-16,22-23H,2-7,9H2,1H3	null	CNCC1=CN(N=N1)CC2C(C(C(O2)CC(=O)N3CCOCC3)O)O	-3.4000001	40781635	COCONUT:(CNP0011161 CNP0024799);PubChem:(40781635);SuperNatural:(SN00017722);ZINC bio:(ZINC08643718)	3153922