structureRankPerFormula	formulaRank	ConfidenceScore	CSI:FingerIDScore	molecularFormula	adduct	InChIkey2D	InChI	name	smiles	xlogp	pubchemids	links	dbflags
1	1	0.17887544026836338	-255.75893064876755	C20H29N5O5	[M + H]+	WSMVEHPVOYXPAQ	InChI=1S/C20H29N5O5/c21-8-4-3-7-16(20(29)30)24-19(28)17(11-26)25-18(27)14(22)9-12-10-23-15-6-2-1-5-13(12)15/h1-2,5-6,10,14,16-17,23,26H,3-4,7-9,11,21-22H2,(H,24,28)(H,25,27)(H,29,30)	6-amino-2-[[2-[[2-amino-3-(1H-indol-3-yl)propanoyl]amino]-3-hydroxypropanoyl]amino]hexanoic acid	C1=CC=C2C(=C1)C(=CN2)CC(C(=O)NC(CO)C(=O)NC(CCCCN)C(=O)O)N	-0.922904372	18231762	PubChem:(18231762);COCONUT	2097154
2	1	N/A	-257.2180435342506	C20H29N5O5	[M + H]+	XPVIVVLLLOFBRH	InChI=1S/C20H29N5O5/c21-8-4-3-7-16(20(29)30)24-19(28)17(25-18(27)14(22)11-26)9-12-10-23-15-6-2-1-5-13(12)15/h1-2,5-6,10,14,16-17,23,26H,3-4,7-9,11,21-22H2,(H,24,28)(H,25,27)(H,29,30)	6-amino-2-[[2-[(2-amino-3-hydroxypropanoyl)amino]-3-(1H-indol-3-yl)propanoyl]amino]hexanoic acid	C1=CC=C2C(=C1)C(=CN2)CC(C(=O)NC(CCCCN)C(=O)O)NC(=O)C(CO)N	-0.922904372	18224124;139036279	PubChem:(18224124 139036279);CHEBI:(144904)	34
3	1	N/A	-314.78781427732434	C20H29N5O5	[M + H]+	UIJVKVHLCQSPOJ	InChI=1S/C20H29N5O5/c21-8-4-3-6-14(22)18(27)25-17(11-26)19(28)24-16(20(29)30)9-12-10-23-15-7-2-1-5-13(12)15/h1-2,5,7,10,14,16-17,23,26H,3-4,6,8-9,11,21-22H2,(H,24,28)(H,25,27)(H,29,30)	2-[[2-(2,6-diaminohexanoylamino)-3-hydroxypropanoyl]amino]-3-(1H-indol-3-yl)propanoic acid	C1=CC=C2C(=C1)C(=CN2)CC(C(=O)O)NC(=O)C(CO)NC(=O)C(CCCCN)N	-0.922904372	18222599;102301634	PubChem:(18222599 102301634);CHEBI:(144474)	34
4	1	N/A	-319.84347475188923	C20H29N5O5	[M + H]+	MYDYWLOAMBIRQL	InChI=1S/C20H29N5O5/c1-11(26)21-14-9-16-18(28)22-15-5-8-24(17(15)20(30)25(16)10-14)19(29)13-3-6-23(7-4-13)12(2)27/h13-17H,3-10H2,1-2H3,(H,21,26)(H,22,28)	N-[(3aS,5aR,7S,10aS)-1-(1-acetylpiperidine-4-carbonyl)-5,10-dioxo-3,3a,4,5a,6,7,8,10a-octahydro-2H-dipyrrolo[2,3-a:1'',2''-e][1,4]diazepin-7-yl]acetamide	CC(=O)NC1CC2C(=O)NC3CCN(C3C(=O)N2C1)C(=O)C4CCN(CC4)C(=O)C	-1.89999998	3295452;11865872	COCONUT:(CNP0031724);PubChem:(3295452 11865872);SuperNatural:(SN00004087);ZINC bio:(ZINC03839261)	3153922
5	1	N/A	-372.03548220319453	C20H29N5O5	[M + H]+	AFWYSXMAJCDYQV	InChI=1S/C20H29N5O5/c1-11(2)16(17(21)27)24-19(29)15-10-14(6-9-25(15)20(30)12(3)26)23-18(28)13-4-7-22-8-5-13/h4-5,7-8,11-12,14-16,26H,6,9-10H2,1-3H3,(H2,21,27)(H,23,28)(H,24,29)	N-[(2S,4S)-2-[[(2R)-1-amino-3-methyl-1-oxobutan-2-yl]carbamoyl]-1-[(2S)-2-hydroxypropanoyl]piperidin-4-yl]pyridine-4-carboxamide	CC(C)C(C(=O)N)NC(=O)C1CC(CCN1C(=O)C(C)O)NC(=O)C2=CC=NC=C2	-0.400000006	7050349	COCONUT:(CNP0214389);PubChem:(7050349);SuperNatural:(SN00004619);ZINC bio:(ZINC03840407)	3153922
6	1	N/A	-377.5020504602807	C20H29N5O5	[M + H]+	BZSPSJKBCACRIE	InChI=1S/C20H29N5O5/c1-13(2)21-20(29)25-11-10-24(19(28)23-15-8-6-5-7-9-15)12-16(25)17(26)22-14(3)18(27)30-4/h5-9,13-14,16H,10-12H2,1-4H3,(H,21,29)(H,22,26)(H,23,28)	methyl (2R)-2-[[(2R)-4-(phenylcarbamoyl)-1-(propan-2-ylcarbamoyl)piperazine-2-carbonyl]amino]propanoate	CC(C)NC(=O)N1CCN(CC1C(=O)NC(C)C(=O)OC)C(=O)NC2=CC=CC=C2	0.699999988	11911742	COCONUT:(CNP0034072);PubChem:(11911742);SuperNatural:(SN00011944);ZINC bio:(ZINC05398223)	3153922
7	1	N/A	-390.6813282975766	C20H29N5O5	[M + H]+	WIFHLHPPWHXHPW	InChI=1S/C20H29N5O5/c1-30-19(28)12-4-6-13(7-5-12)24-20(29)22-11-14-8-9-15(23-14)18(27)25-10-2-3-16(25)17(21)26/h4-7,14-17,23,26H,2-3,8-11,21H2,1H3,(H2,22,24,29)	methyl 4-[[(2R,5S)-5-[(2S)-2-[amino(hydroxy)methyl]pyrrolidine-1-carbonyl]pyrrolidin-2-yl]methylcarbamoylamino]benzoate	COC(=O)C1=CC=C(C=C1)NC(=O)NCC2CCC(N2)C(=O)N3CCCC3C(N)O	-0.400000006	6914640	PubChem:(6914640);PubChem class - bio and metabolites	16777218
8	1	N/A	-392.4396571645452	C20H29N5O5	[M + H]+	FZZGONLGYUNWRC	InChI=1S/C20H29N5O5/c1-13(2)22-20(29)24-8-9-25(14(3)26)17(12-24)18(27)23-16(19(28)30-4)10-15-6-5-7-21-11-15/h5-7,11,13,16-17H,8-10,12H2,1-4H3,(H,22,29)(H,23,27)	methyl (2R)-2-[[(2S)-1-acetyl-4-(propan-2-ylcarbamoyl)piperazine-2-carbonyl]amino]-3-pyridin-3-ylpropanoate	CC(C)NC(=O)N1CCN(C(C1)C(=O)NC(CC2=CN=CC=C2)C(=O)OC)C(=O)C	-0.200000003	7052040	COCONUT:(CNP0030497);PubChem:(7052040);SuperNatural:(SN00005598);ZINC bio:(ZINC03842133)	3153922
9	1	N/A	-409.59512064776993	C20H29N5O5	[M + H]+	OANJCXWWHPNJSG	InChI=1S/C20H29N5O5/c1-13(2)22-20(29)25-9-8-24(14(3)26)12-17(25)18(27)23-16(19(28)30-4)10-15-6-5-7-21-11-15/h5-7,11,13,16-17H,8-10,12H2,1-4H3,(H,22,29)(H,23,27)	methyl (2R)-2-[[(2R)-4-acetyl-1-(propan-2-ylcarbamoyl)piperazine-2-carbonyl]amino]-3-pyridin-3-ylpropanoate	CC(C)NC(=O)N1CCN(CC1C(=O)NC(CC2=CN=CC=C2)C(=O)OC)C(=O)C	-0.200000003	11867603	COCONUT:(CNP0113160);PubChem:(11867603);SuperNatural:(SN00005611);ZINC bio:(ZINC03842166)	3153922
10	1	N/A	-473.1655337768657	C20H29N5O5	[M + H]+	JRZWTXXTXXXMJV	InChI=1S/C20H29N5O5/c1-24(2)9-8-21-18(26)10-16-19(27)20(28)17(30-16)12-25-11-14(22-23-25)13-29-15-6-4-3-5-7-15/h3-7,11,16-17,19-20,27-28H,8-10,12-13H2,1-2H3,(H,21,26)	null	CN(C)CCNC(=O)CC1C(C(C(O1)CN2C=C(N=N2)COC3=CC=CC=C3)O)O	-1.10000002	40781582	COCONUT:(CNP0173107);PubChem:(40781582);SuperNatural:(SN00017701);ZINC bio:(ZINC08643574)	3153922
1	1	N/A	-652.1134325554412	C20H31N5O6	[M - H2O + H]+	LTFSOAYCFXEALB	InChI=1S/C20H31N5O6/c1-2-8-22-20(30)31-15-10-12(18(28)23-11-16(21)26)9-14(17(15)27)25-19(29)24-13-6-4-3-5-7-13/h2,9,13-15,17,27H,1,3-8,10-11H2,(H2,21,26)(H,22,30)(H,23,28)(H2,24,25,29)	[3-[(2-amino-2-oxoethyl)carbamoyl]-5-(cyclohexylcarbamoylamino)-6-hydroxycyclohex-3-en-1-yl] N-prop-2-enylcarbamate	C=CCNC(=O)OC1CC(=CC(C1O)NC(=O)NC2CCCCC2)C(=O)NCC(=O)N	-0.300000012	3859701;11881995	COCONUT:(CNP0046478);PubChem:(3859701 11881995);SuperNatural:(SN00007342);ZINC bio:(ZINC04200801)	3153922