structureRankPerFormula	formulaRank	ConfidenceScore	CSI:FingerIDScore	molecularFormula	adduct	InChIkey2D	InChI	name	smiles	xlogp	pubchemids	links	dbflags
1	1	N/A	-305.7269733017168	C18H39NO4	[M - H2O + H]+	MVKAHJLPJBMCFN	InChI=1S/C18H39NO4/c1-2-3-4-5-6-7-8-9-10-11-12-19(13-17(22)15-20)14-18(23)16-21/h17-18,20-23H,2-16H2,1H3	3,3''-(dodecylimino)dipropane-1,2-diol	CCCCCCCCCCCCN(CC(CO)O)CC(CO)O	3.20000005	102492;91864837;91864838;91864839	PubChem:(102492 91864837 91864838 91864839);NORMAN:(NS00041914)	262146
2	1	N/A	-357.4265911572194	C18H39NO4	[M - H2O + H]+	XGFVOVNOWWDFRD	InChI=1S/C18H39NO4/c1-2-3-4-5-6-7-8-9-14-23-16-17(22)15-18(19,10-12-20)11-13-21/h17,20-22H,2-16,19H2,1H3	null	CCCCCCCCCCOCC(CC(CCO)(CCO)N)O	2.5999999	16205232	PubChem:(16205232);NORMAN:(NS00063319)	262146
1	1	0.15559654859453098	-95.34229628667778	C18H37NO3	[M + H]+	CQKNELOTFUSOTP	InChI=1S/C18H37NO3/c1-2-3-4-5-6-7-8-9-10-11-12-13-14-17(21)18(22)16(19)15-20/h10-11,16-18,20-22H,2-9,12-15,19H2,1H3	4-hydroxy-8-sphingenine	CCCCCCCCCC=CCCCC(C(C(CO)N)O)O	3.70000005	11174511;14757418;14757419;25203815;57184518;71356533;86290044;91819912;101214579;102209901;102397042	COCONUT:(CNP0104894);HMDB:(38057);Natural Products:(UNPD67326 UNPD142582 UNPD107172);PubChem:(11174511 14757418 14757419 25203815 57184518 71356533 86290044 91819912 101214579 102209901 102397042);SuperNatural:(SN00346326 SN00383138 SN00274633);CHEBI:(83175 20386);PubChem class - bio and metabolites;MeSH:(14757418);Plantcyc:(CPD-10693);PubMed;Biocyc:(CPD-10693 CPD-17588)	20088942
2	1	N/A	-96.66403370294402	C18H37NO3	[M + H]+	LUZYTSCABOWJAC	InChI=1S/C18H37NO3/c1-2-3-4-5-6-7-8-9-10-11-12-16(21)13-14-18(22)17(19)15-20/h13-14,16-18,20-22H,2-12,15,19H2,1H3	6-hydroxysphingosine	CCCCCCCCCCCCC(C=CC(C(CO)N)O)O	3.79999995	12991068;10267812;11449891;17849691;54054101;71353566;101236554;138319180	PubChem:(12991068 10267812 11449891 17849691 54054101 71353566 101236554 138319180);YMDB Mine;CHEBI:(73900);MeSH:(12991068);PubMed;Biocyc:(CPD-22027);KEGG Mine	42949675110
3	1	N/A	-105.47146493809964	C18H37NO3	[M + H]+	FLPXYDHRVFVGRJ	InChI=1S/C18H37NO3/c1-15(21)10-8-6-4-2-3-5-7-9-11-16-12-13-18(22)17(14-20)19-16/h15-22H,2-14H2,1H3	6-(11-hydroxydodecyl)-2-(hydroxymethyl)piperidin-3-ol	CC(CCCCCCCCCCC1CCC(C(N1)CO)O)O	4.0999999	315679;44517938;102294897	COCONUT:(CNP0285284);Natural Products:(UNPD154610 UNPD46275);PubChem:(315679 44517938 102294897);SuperNatural:(SN00238495 SN00228814)	3178498
4	1	N/A	-109.53057808961512	C18H37NO3	[M + H]+	VKNVTBLRNBCIQW	InChI=1S/C18H37NO3/c1-2-3-4-5-6-7-8-9-10-11-12-13-14-17(21)18(22)16(19)15-20/h6-7,16-18,20-22H,2-5,8-15,19H2,1H3	null	CCCCCC=CCCCCCCCC(C(C(CO)N)O)O	3.61399889	""	COCONUT:(CNP0358658)	2097152
5	1	N/A	-130.5393394068762	C18H37NO3	[M + H]+	QSBHSPFCUOHNKQ	InChI=1S/C18H37NO3/c1-2-3-4-5-6-7-8-9-10-11-12-16(21)13-14-18(22)17(19)15-20/h11-12,16-18,20-22H,2-10,13-15,19H2,1H3	(2R,3R,6R,7Z)-2-Aminooctadec-7-en-1,3,6-triol	CCCCCCCCCCC=CC(CCC(C(CO)N)O)O	3.79999995	70697781	COCONUT:(CNP0082647);MeSH:(70697781);PubChem:(70697781);PubMed;CHEBI:(66519)	2097254
6	1	N/A	-142.32255798999032	C18H37NO3	[M + H]+	SKDZEPBJPGSFHS	InChI=1S/C18H37NO3/c1-2-3-4-5-6-7-8-9-10-11-12-13-18(22)19(14-16-20)15-17-21/h20-21H,2-17H2,1H3	Myristamide DEA	CCCCCCCCCCCCCC(=O)N(CCO)CCO	4.5999999	82045	NORMAN:(NS00013869);PubChem:(82045);PubMed	262210
7	1	N/A	-161.56800712723606	C18H37NO3	[M + H]+	GEWFAQFFOMNBAU	InChI=1S/C18H37NO3/c1-2-3-4-5-6-7-8-9-10-11-12-13-18(21)19-14-16-22-17-15-20/h20H,2-17H2,1H3,(H,19,21)	null	CCCCCCCCCCCCCC(=O)NCCOCCO	5.0	85869652	PubChem:(85869652);PubChem class - safety and toxic	67108866
8	1	N/A	-166.68575839263053	C18H37NO3	[M + H]+	ATZALMRXHIBLKA	InChI=1S/C18H37NO3/c1-15-18(22)13-12-16(19-15)10-8-6-4-2-3-5-7-9-11-17(21)14-20/h15-22H,2-14H2,1H3	12-[(2R,5S,6S)-5-hydroxy-6-methylpiperidin-2-yl]dodecane-1,2-diol	CC1C(CCC(N1)CCCCCCCCCCC(CO)O)O	3.5	15287168	COCONUT:(CNP0105977 CNP0243948);Natural Products:(UNPD43531);PubChem:(15287168);SuperNatural:(SN00295231 SN00143437)	3178498
9	1	N/A	-180.02268018935717	C18H37NO3	[M + H]+	ITQLLPIWYFCLTO	InChI=1S/C18H37NO3/c1-4-5-6-7-8-9-10-11-12-13-18(22)19(14-16(2)20)15-17(3)21/h16-17,20-21H,4-15H2,1-3H3	Lauric diisopropanolamide	CCCCCCCCCCCC(=O)N(CC(C)O)CC(C)O	4.4000001	108266;76968898	PubChem:(108266 76968898);NORMAN:(NS00060341)	262146