structureRankPerFormula	formulaRank	ConfidenceScore	CSI:FingerIDScore	molecularFormula	adduct	InChIkey2D	InChI	name	smiles	xlogp	pubchemids	links	dbflags
1	1	0.728826660740833	-5.9990798824733	C9H8O2	[M - H2O + H]+	WBYWAXJHAXSJNI	InChI=1S/C9H8O2/c10-9(11)7-6-8-4-2-1-3-5-8/h1-7H,(H,10,11)	cinnamate	C1=CC=C(C=C1)C=CC(=O)O	1.81576502	8784;444539;3920069;5957728;5372954;6857483;10773127;12206115;12206117;11008079;11298058;16213746;16213747;21677327;21677329;87138530;101086315;101086316;101086317;101086318;101108447;102009729;101188533;101636136;101249582;101249583;100943778;100943781;118797106;123151745;129848421;129849789;129883117;131854032;135121404;139025096	HMDB:(567 930 128078);PubChem class - food;SuperNatural:(SN00280202 SN00133813);ZINC bio:(ZINC04532783 ZINC16051516);additional;MeSH:(8784 444539 5957728);Plantcyc:(CPD-674);PubMed;NORMAN:(NS00001286);COCONUT:(CNP0085905 CNP0390407);KNApSAcK:(34743);Natural Products:(UNPD226281 UNPD219915 UNPD109023 UNPD171793 UNPD161812);PubChem:(8784 444539 3920069 5957728 5372954 6857483 10773127 12206115 12206117 11008079 11298058 16213746 16213747 21677327 21677329 87138530 101086315 101086316 101086317 101086318 101108447 102009729 101188533 101636136 101249582 101249583 100943778 100943781 118797106 123151745 129848421 129849789 129883117 131854032 135121404 139025096);CHEBI:(35700 35697 23248 15669 35699 27386);PubChem class - bio and metabolites;KEGG:(C00423 C10438);PubChem class - safety and toxic;YMDB:(1324);Training Set;PubChem class - drug;Biocyc:(CPD-674)	255846782
2	1	N/A	-67.59454172616347	C9H8O2	[M - H2O + H]+	ONPJWQSDZCGSQM	InChI=1S/C9H8O2/c1-7(9(10)11)8-5-3-2-4-6-8/h2-6H,1H2,(H,10,11)	Atropic acid	C=C(C1=CC=CC=C1)C(=O)O	2.0	68114;22386283	NORMAN:(NS00031875);PubChem:(68114 22386283);YMDB Mine;PubChem class - bio and metabolites;PubChem class - safety and toxic;Training Set;PubMed;KEGG Mine	43033837634
3	1	N/A	-88.07036426350781	C9H8O2	[M - H2O + H]+	BSDNZCQPDVTDET	InChI=1S/C9H8O2/c10-7-3-5-8-4-1-2-6-9(8)11/h1-7,11H	2-Hydroxycinnamaldehyde	C1=CC=C(C(=C1)C=CC=O)O	1.5	98373;5318169;54600252	COCONUT:(CNP0237654);HMDB:(31725 134039);Natural Products:(UNPD223204 UNPD179198);PubChem:(98373 5318169 54600252);SuperNatural:(SN00156451);YMDB Mine;ZINC bio:(ZINC01704590 ZINC13547077);PubChem class - bio and metabolites;PubChem class - safety and toxic;PubMed;KEGG Mine	43036745802
4	1	N/A	-97.11047570276854	C9H8O2	[M - H2O + H]+	QSZQTGNYQLNKAQ	InChI=1S/C9H8O2/c10-7-9(11)6-8-4-2-1-3-5-8/h1-7,11H	2-Propenal, 2-hydroxy-3-phenyl-	C1=CC=C(C=C1)C=C(C=O)O	1.70000005	13170418;21946478;71407359	HMDB:(135273);PubChem:(13170418 21946478 71407359);YMDB Mine;PubChem class - bio and metabolites;MeSH:(71407359);PubMed;KEGG Mine	42966450254
5	1	N/A	-104.60492412389502	C9H8O2	[M - H2O + H]+	KZHCVYMQWVJNEY	InChI=1S/C9H8O2/c10-7-6-9(11)8-4-2-1-3-5-8/h1-7,10H	3-oxo-3-phenylprop-1-en-1-olate	C1=CC=C(C=C1)C(=O)C=CO	1.60939038	202937;3364905;5804874;6368974;5474661;6911892	COCONUT:(CNP0046467);PubChem:(202937 3364905 5804874 6368974 5474661 6911892);SuperNatural:(SN00132041);YMDB Mine;KEGG Mine	42952818690
6	1	N/A	-105.52180647416685	C9H8O2	[M - H2O + H]+	DCHPWNOJPJRSEA	InChI=1S/C9H8O2/c10-6-2-4-8-3-1-5-9(11)7-8/h1-7,11H	Cinnamaldehyde deriv. IIb	C1=CC(=CC(=C1)O)C=CC=O	1.64881444	6538957;53752745;131403772	HMDB:(135274);PubChem:(6538957 53752745 131403772);YMDB Mine;ZINC bio:(ZINC13547091);PubChem class - bio and metabolites;PubMed;KEGG Mine	42966458442
7	1	N/A	-114.49704960624342	C9H8O2	[M - H2O + H]+	XUDBVJCTLZTSDC	InChI=1S/C9H8O2/c1-2-7-5-3-4-6-8(7)9(10)11/h2-6H,1H2,(H,10,11)	2-ethenylbenzoate	C=CC1=CC=CC=C1C(=O)O	1.93926573	3015504;22223103	NORMAN:(NS00028938);PubChem:(3015504 22223103);PubMed;KEGG Mine	8590196802
8	1	N/A	-116.07196142447525	C9H8O2	[M - H2O + H]+	CJXMVKYNVIGQBS	InChI=1S/C9H8O2/c10-7-1-2-8-3-5-9(11)6-4-8/h1-7,11H	bmse000611	C1=CC(=CC=C1C=CC=O)O	1.64881444	641301;440733;11040912;16109951;57400876	HMDB:(40986 135648);SuperNatural:(SN00400469);ZINC bio:(ZINC01530240);MeSH:(641301);Plantcyc:(COUMARALDEHYDE);PubMed;COCONUT:(CNP0344624);KNApSAcK:(31422);Natural Products:(UNPD226633 UNPD453);PubChem:(641301 440733 11040912 16109951 57400876);YMDB Mine;CHEBI:(28353);PubChem class - bio and metabolites;KEGG:(C05608);PubChem class - safety and toxic;Biocyc:(COUMARALDEHYDE)	34446944638
9	1	N/A	-121.76694609025353	C9H8O2	[M - H2O + H]+	PGTSKBVCLZBQFK	InChI=1S/C9H8O2/c10-6-9(7-11)8-4-2-1-3-5-8/h1-7,9H	Ambpe2000318	C1=CC=C(C=C1)C(C=O)C=O	1.10000002	3672296	PubChem class - safety and toxic;Training Set;PubChem:(3672296);PubMed;additional	67649602
10	1	N/A	-123.7708078822178	C9H8O2	[M - H2O + H]+	VWXZFDWVWMQRQR	InChI=1S/C9H8O2/c1-2-7-4-3-5-8(6-7)9(10)11/h2-6H,1H2,(H,10,11)	3-Vinylbenzoic acid	C=CC1=CC(=CC=C1)C(=O)O	1.93926573	4438231;51374301	PubChem class - safety and toxic;PubChem:(4438231 51374301);KEGG Mine	8657043458
11	1	N/A	-125.29668132066699	C9H8O2	[M - H2O + H]+	BVQVLAIMHVDZEL	InChI=1S/C9H8O2/c1-7(10)9(11)8-5-3-2-4-6-8/h2-6H,1H3	Acetylbenzoyl	CC(=O)C(=O)C1=CC=CC=C1	1.43259704	11363;89745225	HMDB:(35243);PubChem class - food;SuperNatural:(SN00156394);ZINC bio:(ZINC01683675);MeSH:(11363);Plantcyc:(CPD-9949);PubMed;NORMAN:(NS00022411);COCONUT:(CNP0302092);Natural Products:(UNPD58274);PubChem:(11363 89745225);CHEBI:(63552);PubChem class - bio and metabolites;EcoCyc Mine;KEGG:(C17268);PubChem class - safety and toxic;Biocyc:(CPD-9949)	17401555310
12	1	N/A	-128.5297801893201	C9H8O2	[M - H2O + H]+	AFKZVCPNRIVQCL	InChI=1S/C9H8O2/c1-3-4-5-6-7-8-9(10)11-2/h7-8H,1-2H3	null	CC#CC#CC=CC(=O)OC	1.70000005	14779621	COCONUT:(CNP0149520);Natural Products:(UNPD175254 UNPD128665 UNPD224210);PubChem:(14779621)	2129922
13	1	N/A	-129.16997192616995	C9H8O2	[M - H2O + H]+	IRQWEODKXLDORP	InChI=1S/C9H8O2/c1-2-7-3-5-8(6-4-7)9(10)11/h2-6H,1H2,(H,10,11)	4-Carboxystyrene	C=CC1=CC=C(C=C1)C(=O)O	1.93926573	14098;6932756;59952761	NORMAN:(NS00023466);PubChem:(14098 6932756 59952761);ZINC bio:(ZINC00162323);MeSH:(14098);PubChem class - safety and toxic;PubMed	67379270
14	1	N/A	-129.81942925961093	C9H8O2	[M - H2O + H]+	VDEAMZDXUCYOQJ	InChI=1S/C9H8O2/c1-7(11)9-5-3-2-4-8(9)6-10/h2-6H,1H3	2-Acetylbenzaldehyde	CC(=O)C1=CC=CC=C1C=O	1.39519846	152671;59973973	MeSH:(152671);PubChem:(152671 59973973);PubMed;KEGG Mine	8589934662
15	1	N/A	-133.993298643931	C9H8O2	[M - H2O + H]+	MNHWRUCVFATHDL	InChI=1S/C9H8O2/c1-7-4-8(5-10)2-3-9(7)6-11/h2-6H,1H3	2-Methylterephthalaldehyde	CC1=C(C=CC(=C1)C=O)C=O	1.78916264	590599	COCONUT:(CNP0301871);Natural Products:(UNPD580);PubChem:(590599);SuperNatural:(SN00308591);ZINC bio:(ZINC14590414)	3186690
16	1	N/A	-141.8346121446882	C9H8O2	[M - H2O + H]+	NKPPNPJUBLEKAD	InChI=1S/C9H8O2/c1-2-9(11)7-3-5-8(10)6-4-7/h2-6,10H,1H2	4-acryloylphenol	C=CC(=O)C1=CC=C(C=C1)O	1.80372226	16036927	MeSH:(16036927);PubChem:(16036927);PubMed;KEGG Mine;PubChem class - bio and metabolites	8606711878
17	1	N/A	-146.4055836806231	C9H8O2	[M - H2O + H]+	LKGNPIZAOBMSOD	InChI=1S/C9H8O2/c10-6-5-8-3-1-2-4-9(8)7-11/h1-4,6-7H,5H2	Homophthalaldehyde	C1=CC=C(C(=C1)CC=O)C=O	1.46742332	152806;101408973	MeSH:(152806);PubChem:(152806 101408973);PubMed	70
18	1	N/A	-146.51333542256782	C9H8O2	[M - H2O + H]+	KOZCZZVUFDCZGG	InChI=1S/C9H8O2/c1-2-11-9(10)8-6-4-3-5-7-8/h2-7H,1H2	Vinyl benzoate	C=COC(=O)C1=CC=CC=C1	2.29999995	13037	NORMAN:(NS00010803);COCONUT:(CNP0083042);PubChem:(13037);CHEBI:(84279);PubChem class - safety and toxic;PubMed	69468258
19	1	N/A	-150.57125527039102	C9H8O2	[M - H2O + H]+	ZGEVEJIVAMKDIG	InChI=1S/C9H8O2/c1-2-8(10)7-5-3-4-6-9(7)11/h1,3-6,8,10-11H	null	C#CC(C1=CC=CC=C1O)O	1.5	10953671;122226907;129385065	MeSH:(10953671);PubChem:(10953671 122226907 129385065);PubMed	70
20	1	N/A	-152.2151484253007	C9H8O2	[M - H2O + H]+	WRAQQYDMVSCOTE	InChI=1S/C9H8O2/c1-2-9(10)11-8-6-4-3-5-7-8/h2-7H,1H2	Phenyl acrylate	C=CC(=O)OC1=CC=CC=C1	2.32592416	61242	NORMAN:(NS00039584);PubChem class - safety and toxic;PubChem:(61242);PubMed;ZINC bio:(ZINC01850915)	67379266
21	1	N/A	-152.6363965349106	C9H8O2	[M - H2O + H]+	QVNFUJVNBRCKNJ	InChI=1S/C9H8O2/c1-7(11)9-4-2-3-8(5-9)6-10/h2-6H,1H3	ACMC-20anam	CC(=O)C1=CC=CC(=C1)C=O	1.39519846	643436	COCONUT:(CNP0357224);PubChem:(643436);PubMed	2097218
22	1	N/A	-160.64924941202017	C9H8O2	[M - H2O + H]+	HJIZWUSXXLVAOJ	InChI=1S/C9H8O2/c1-2-3-4-5-6-7-9(11)8-10/h9-11H,8H2,1H3	null	CC#CC#CC#CC(CO)O	0.300000012	101408974	COCONUT:(CNP0301295);Natural Products:(UNPD135974);PubChem:(101408974)	2129922
23	1	N/A	-161.1816603401818	C9H8O2	[M - H2O + H]+	SAAOVMMXTKNFRE	InChI=1S/C9H8O2/c1-2-3-4-5-6-7-8-9(10)11/h1,5-6H,7-8H2,(H,10,11)	null	C#CC#CC=CCCC(=O)O	1.29999995	12309381;12309382	COCONUT:(CNP0326369);Natural Products:(UNPD197117);PubChem:(12309381 12309382)	2129922
24	1	N/A	-164.54300668539057	C9H8O2	[M - H2O + H]+	MNDACYSEJXGHML	InChI=1S/C9H8O2/c10-6-8-9(11-8)7-4-2-1-3-5-7/h1-6,8-9H	Oxiranecarboxaldehyde, 3-phenyl-	C1=CC=C(C=C1)C2C(O2)C=O	0.899999976	10855623;11159390;11194419;11240566;57031949;58990518;88555112;135057097	HMDB:(135275);PubChem:(10855623 11159390 11194419 11240566 57031949 58990518 88555112 135057097);YMDB Mine;KEGG Mine;PubChem class - bio and metabolites	42966450186
25	1	N/A	-171.39872433866927	C9H8O2	[M - H2O + H]+	AMQXTEVQEXICQN	InChI=1S/C9H8O2/c1-2-3-4-5-6-7-9(11)8-10/h1,9-11H,7-8H2	null	C#CC#CC#CCC(CO)O	0.300000012	12308739	PubChem:(12308739);COCONUT:(CNP0335342)	2097154
26	1	N/A	-181.78833730760488	C9H8O2	[M - H2O + H]+	NYOXTUZNVYEODT	InChI=1S/C9H8O2/c10-9(11)8-5-6-3-1-2-4-7(6)8/h1-4,8H,5H2,(H,10,11)	1-carboxyl benzocyclobutene	C1C(C2=CC=CC=C21)C(=O)O	1.0	302324;6950324;6950325;6950326;6950327	COCONUT:(CNP0260313);PubChem class - safety and toxic;PubChem:(302324 6950324 6950325 6950326 6950327);SuperNatural:(SN00118441 SN00118440);ZINC bio:(ZINC00389501 ZINC00389502)	70262786
27	1	N/A	-207.35229990176086	C9H8O2	[M - H2O + H]+	YUZXDOLBTJJCDY	InChI=1S/C9H8O2/c10-8-6-11-9(8)7-4-2-1-3-5-7/h1-5,9H,6H2	null	C1C(=O)C(O1)C2=CC=CC=C2	1.39999998	13111189;129375319;129375320	PubChem:(13111189 129375319 129375320);PubChem class - safety and toxic	67108866
28	1	N/A	-213.40886511945337	C9H8O2	[M - H2O + H]+	CJEXJTRQJSWEAS	InChI=1S/C9H8O2/c1-6-7-4-2-3-5-8(7)11-9(6)10/h2-5,9-10H,1H2	null	C=C1C(OC2=CC=CC=C12)O	1.29999995	130125136	COCONUT:(CNP0201067);Natural Products:(UNPD187739);PubChem:(130125136)	2129922
29	1	N/A	-222.06493876747788	C9H8O2	[M - H2O + H]+	ILHLUZUMRJQEAH	InChI=1S/C9H8O2/c10-9-5-7-3-1-2-4-8(7)6-11-9/h1-4H,5-6H2	bmse000539	C1C2=CC=CC=C2COC1=O	1.29999995	78092	NORMAN:(NS00031370);COCONUT:(CNP0331991);PubChem:(78092);SuperNatural:(SN00119518);ZINC bio:(ZINC01530894);KEGG:(C07728);PubChem class - safety and toxic;PubMed;Biocyc:(ISOCHROMANONE)	70527298
30	1	N/A	-224.2703292351802	C9H8O2	[M - H2O + H]+	YHGNXEIQSHICNK	InChI=1S/C9H8O2/c1-3-8(10-5-1)7-9-4-2-6-11-9/h1-6H,7H2	Di-2-furylmethane	C1=COC(=C1)CC2=CC=CO2	2.0	70972	NORMAN:(NS00021559);COCONUT:(CNP0282334);HMDB:(32947);Natural Products:(UNPD172605);PubChem class - food;PubChem:(70972);SuperNatural:(SN00368385);PubChem class - bio and metabolites;PubChem class - safety and toxic;PubMed	221544522
31	1	N/A	-227.80834169413734	C9H8O2	[M - H2O + H]+	CLXXUGOCVBQNAI	InChI=1S/C9H8O2/c10-6-8-3-1-2-7-4-5-11-9(7)8/h1-3,6H,4-5H2	2,3-Dihydrobenzofuran-7-carbaldehyde	C1COC2=C1C=CC=C2C=O	1.39999998	2795018	PubChem:(2795018);PubChem class - safety and toxic	67108866
32	1	N/A	-230.75140037947415	C9H8O2	[M - H2O + H]+	VWAVZAMMNJMAEM	InChI=1S/C9H8O2/c1-2-7-3-4-8-9(5-7)11-6-10-8/h2-5H,1,6H2	5-ethenyl-1,3-benzodioxole	C=CC1=CC2=C(C=C1)OCO2	2.28998828	138986	COCONUT:(CNP0179510);Natural Products:(UNPD68885);PubChem:(138986);KEGG Mine	8592064514
33	1	N/A	-231.75406820561255	C9H8O2	[M - H2O + H]+	UOBZGMJWBBQSLX	InChI=1S/C9H8O2/c10-8-5-9(11)7-4-2-1-3-6(7)8/h1-4,8,10H,5H2	3-Hydroxy-1-indanone	C1C(C2=CC=CC=C2C1=O)O	0.600000024	176448;10820702;11367082	KEGG:(C07720);PubChem:(176448 10820702 11367082);PubMed;Biocyc:(3H1INDANONE)	2370
34	1	N/A	-232.29197172253737	C9H8O2	[M - H2O + H]+	ASYKSLFXWMWVIU	InChI=1S/C9H8O2/c1-10-8-3-2-7-4-5-11-9(7)6-8/h2-6H,1H3	6-Methoxybenzofuran	COC1=CC2=C(C=C1)C=CO2	2.29999995	5314410	COCONUT:(CNP0337609);PubChem:(5314410);ZINC bio:(ZINC33822813)	2105346
35	1	N/A	-235.52484150951338	C9H8O2	[M - H2O + H]+	QPLLPLLBBSWRTM	InChI=1S/C9H8O2/c1-10-8-4-2-3-7-5-6-11-9(7)8/h2-6H,1H3	7-Methoxybenzofuran	COC1=CC=CC2=C1OC=C2	2.29999995	590462	PubChem:(590462);PubChem class - safety and toxic	67108866
36	1	N/A	-235.83658110901752	C9H8O2	[M - H2O + H]+	JJXPTUWJVQUHKN	InChI=1S/C9H8O2/c1-10-8-2-3-9-7(6-8)4-5-11-9/h2-6H,1H3	5-Methoxybenzofuran	COC1=CC2=C(C=C1)OC=C2	2.29999995	25943;71725612	COCONUT:(CNP0295160);Natural Products:(UNPD7330);PubChem class - safety and toxic;PubChem:(25943 71725612);ZINC bio:(ZINC01744453)	69246978
37	1	N/A	-236.35330398564264	C9H8O2	[M - H2O + H]+	CJQQKSVOADEXIS	InChI=1S/C9H8O2/c1-2-3-4-7-5-8(10)6-9(7)11/h1,5,8-11H,6H2	null	C#CC#CC1=CC(CC1O)O	-0.300000012	10909719;71435535	COCONUT:(CNP0170503);Natural Products:(UNPD65346);PubChem:(10909719 71435535)	2129922
38	1	N/A	-236.85304712888856	C9H8O2	[M - H2O + H]+	RBEPUKMEVUHMAR	InChI=1S/C9H8O2/c1-11-8-4-2-3-6-5-7(10)9(6)8/h2-4H,5H2,1H3	5-Methoxybicyclo[4.2.0]octa-1,3,5-trien-7-one	COC1=CC=CC2=C1C(=O)C2	0.800000012	2752744	COCONUT:(CNP0108126);PubChem class - safety and toxic;PubChem:(2752744);SuperNatural:(SN00125861);ZINC bio:(ZINC03847815)	70262786
39	1	N/A	-237.50802893686583	C9H8O2	[M - H2O + H]+	XGKHXPZXSOYXGP	InChI=1S/C9H8O2/c1-11-7-3-2-6-4-9(10)8(6)5-7/h2-3,5H,4H2,1H3	4-methoxybicyclo[4.2.0]octa-1(6),2,4-trien-7-one	COC1=CC2=C(CC2=O)C=C1	0.800000012	2752748	COCONUT:(CNP0032157);PubChem:(2752748);SuperNatural:(SN00125865);ZINC bio:(ZINC03847819)	3153922
40	1	N/A	-242.39242991563432	C9H8O2	[M - H2O + H]+	YMPSDIOQNNBLRO	InChI=1S/C9H8O2/c1-2-3-4-8-5-6-11-9(10)7-8/h3,5-7H,1,4H2	null	C=C=CCC1=CC(=O)OC=C1	1.0	101408975	COCONUT:(CNP0150565);Natural Products:(UNPD162323);PubChem:(101408975);SuperNatural:(SN00345641)	3178498
41	1	N/A	-247.40395635574862	C9H8O2	[M - H2O + H]+	XVTAQSGZOGYIEY	InChI=1S/C9H8O2/c10-9-8-4-2-1-3-7(8)5-6-11-9/h1-4H,5-6H2	1-oxo-isochroman	C1COC(=O)C2=CC=CC=C21	1.79999995	78429	NORMAN:(NS00031659);PubChem:(78429);CHEBI:(23745);PubChem class - safety and toxic;PubMed;KEGG Mine	8657305698
42	1	N/A	-247.7013381232905	C9H8O2	[M - H2O + H]+	OYXTZAZUFUWSIR	InChI=1S/C9H8O2/c10-9-6-11-5-7-3-1-2-4-8(7)9/h1-4H,5-6H2	isochroman-4-one	C1C2=CC=CC=C2C(=O)CO1	1.20000005	12339648	PubChem class - safety and toxic;PubChem:(12339648);PubMed;KEGG Mine	8657043522
43	1	N/A	-249.43417292789263	C9H8O2	[M - H2O + H]+	WAYCQEPIQNTRDJ	InChI=1S/C9H8O2/c10-4-7-1-2-8-5-11-6-9(8)3-7/h1-4H,5-6H2	1,3-dihydro-2-benzofuran-5-carbaldehyde	C1C2=C(CO1)C=C(C=C2)C=O	0.600000024	11389470	PubChem:(11389470);PubChem class - safety and toxic	67108866
44	1	N/A	-249.97743573437955	C9H8O2	[M - H2O + H]+	HFMZPBSZKCDKOR	InChI=1S/C9H8O2/c10-7-3-1-2-6-4-5-8(11)9(6)7/h1-3,10H,4-5H2	ACMC-20mvbk	C1CC(=O)C2=C1C=CC=C2O	1.89999998	248078	PubChem class - safety and toxic;PubChem:(248078);PubMed;KEGG Mine	8657043522
45	1	N/A	-251.2154343824438	C9H8O2	[M - H2O + H]+	CFWUXOWTWHWMSB	InChI=1S/C9H8O2/c1-6-5-11-9-3-2-7(10)4-8(6)9/h2-5,10H,1H3	5-Benzofuranol,3-methyl-	CC1=COC2=C1C=C(C=C2)O	2.29999995	13542526	PubChem:(13542526);PubChem class - safety and toxic	67108866
46	1	N/A	-251.95154727575212	C9H8O2	[M - H2O + H]+	CKSCMRNFDBWFND	InChI=1S/C9H8O2/c10-8-3-1-2-6-7(8)4-5-9(6)11/h1-3,10H,4-5H2	4-Hydroxyindanone	C1CC(=O)C2=C1C(=CC=C2)O	1.29999995	590547	PubChem class - safety and toxic;PubChem:(590547);PubMed;KEGG Mine	8657043522
47	1	N/A	-252.10560407625854	C9H8O2	[M - H2O + H]+	MSTDXOZUKAQDRL	InChI=1S/C9H8O2/c10-8-5-6-11-9-4-2-1-3-7(8)9/h1-4H,5-6H2	Chromanone	C1COC2=CC=CC=C2C1=O	1.39999998	68110	NORMAN:(NS00022233);COCONUT:(CNP0350030);PubChem:(68110);SuperNatural:(SN00024206);ZINC bio:(ZINC15848231);additional;MeSH:(68110);PubChem class - safety and toxic;Training Set;PubMed	71065670
48	1	N/A	-252.19354137560794	C9H8O2	[M - H2O + H]+	DUABZCRKUHNELM	InChI=1S/C9H8O2/c1-11-7-2-3-8-6(4-7)5-9(8)10/h2-4H,5H2,1H3	3-methoxybicyclo[4.2.0]octa-1(6),2,4-trien-7-one	COC1=CC2=C(C=C1)C(=O)C2	0.800000012	2752745	COCONUT:(CNP0182366);PubChem:(2752745);SuperNatural:(SN00125862);ZINC bio:(ZINC03847816)	3153922
49	1	N/A	-255.65276886494254	C9H8O2	[M - H2O + H]+	WEBVDBDZSOJGPB	InChI=1S/C9H8O2/c10-6-7-1-2-9-8(5-7)3-4-11-9/h1-2,5-6H,3-4H2	ACMC-20aivv	C1COC2=C1C=C(C=C2)C=O	1.76311755	735901	NORMAN:(NS00033382);PubChem class - safety and toxic;PubChem:(735901);PubMed	67371074
50	1	N/A	-256.75392429277474	C9H8O2	[M - H2O + H]+	QSHSWEPLQGJFBP	InChI=1S/C9H8O2/c1-6-2-3-9-7(4-6)8(10)5-11-9/h2-5,10H,1H3	null	CC1=CC2=C(C=C1)OC=C2O	2.11221719	54244519	PubChem:(54244519);PubChem class - safety and toxic	67108866
51	1	N/A	-258.0604001944942	C9H8O2	[M - H2O + H]+	NVBIDTXRBMYRGD	InChI=1S/C9H8O2/c10-8(11)9-5-2-1-3(5)7(9)4(1)6(2)9/h1-7H,(H,10,11)	Pentacyclo[4.2.0.02,5.03,8.04,7]octanecarboxylic acid (7CI,9CI)	C12C3C4C1C5C2C3C45C(=O)O	0.300000012	12603465;10997192;15181749;57448877	PubChem:(12603465 10997192 15181749 57448877);PubChem class - safety and toxic	67108866
52	1	N/A	-258.77371749680765	C9H8O2	[M - H2O + H]+	MOANRQDXNNXOLW	InChI=1S/C9H8O2/c10-7-3-1-6-2-4-9(11)8(6)5-7/h1,3,5,10H,2,4H2	6-Hydroxy-1-indanone	C1CC(=O)C2=C1C=CC(=C2)O	1.29999995	7020659	COCONUT:(CNP0121062);Natural Products:(UNPD222311);PubChem:(7020659);PubChem class - safety and toxic;PubMed;KEGG Mine	8659173442
53	1	N/A	-264.2207510529184	C9H8O2	[M - H2O + H]+	XSLXZYDPOMAXTM	InChI=1S/C9H8O2/c10-6-7-1-2-9-8(5-7)3-4-11-9/h1-5,10H,6H2	Benzofuran-5-ylmethanol	C1=CC2=C(C=CO2)C=C1CO	1.39999998	2795179	COCONUT:(CNP0151111);Natural Products:(UNPD180528);PubChem:(2795179);SuperNatural:(SN00344008);ZINC bio:(ZINC00158635);PubChem class - safety and toxic	70295554
54	1	N/A	-264.69446191193384	C9H8O2	[M - H2O + H]+	XSJAJQSDUJUNAI	InChI=1S/C9H8O2/c10-6-7-1-2-8-3-4-11-9(8)5-7/h1-2,5-6H,3-4H2	2,3-Dihydrobenzofuran-6-carbaldehyde	C1COC2=C1C=CC(=C2)C=O	1.39999998	14964394	PubChem:(14964394);PubChem class - safety and toxic	67108866
55	1	N/A	-269.6380325206355	C9H8O2	[M - H2O + H]+	DNPKCNWKZWLJEM	InChI=1S/C9H8O2/c10-5-8-2-1-7-3-4-11-6-9(7)8/h1-4,6,10H,5H2	null	C1=COC=C2C1=CC=C2CO	1.10000002	69834262	PubChem:(69834262);COCONUT:(CNP0300361)	2097154
56	1	N/A	-270.039481171948	C9H8O2	[M - H2O + H]+	QSLQEQHQWZHUEW	InChI=1S/C9H8O2/c1-6-3-2-4-7-5-11-9(10)8(6)7/h2-4H,5H2,1H3	7-methyl-3H-2-benzofuran-1-one	CC1=C2C(=CC=C1)COC2=O	1.70000005	638757;101390625;101390627	COCONUT:(CNP0056851);PubChem:(638757 101390625 101390627);SuperNatural:(SN00126020);ZINC bio:(ZINC03847995)	3153922
57	1	N/A	-275.49627715057585	C9H8O2	[M - H2O + H]+	ZRKQOVXGDIZYDS	InChI=1S/C9H8O2/c10-7-2-3-8-6(5-7)1-4-9(8)11/h2-3,5,10H,1,4H2	5-Hydroxyindanone	C1CC(=O)C2=C1C=C(C=C2)O	1.29999995	233147	PubChem class - safety and toxic;PubChem:(233147);KEGG Mine	8657043458
58	1	N/A	-278.02396953533844	C9H8O2	[M - H2O + H]+	VMUXSMXIQBNMGZ	InChI=1S/C9H8O2/c10-9-6-5-7-3-1-2-4-8(7)11-9/h1-4H,5-6H2	melilotin	C1CC(=O)OC2=CC=CC=C21	1.60000002	660	HMDB:(36626);PubChem class - food;SuperNatural:(SN00013788);ZINC bio:(ZINC05934751);additional;HSDB:(119-84-6);MeSH:(660);Plantcyc:(DIHYDROCOUMARIN);PubMed;NORMAN:(NS00019587);COCONUT:(CNP0191146);Natural Products:(UNPD102607);PubChem:(660);CHEBI:(16151);PubChem class - bio and metabolites;KEGG:(C02274);PubChem class - safety and toxic;Training Set;Biocyc:(DIHYDROCOUMARIN)	222227310
59	1	N/A	-312.6240062272854	C9H8O2	[M - H2O + H]+	ROMJQMNMWWVTMS	InChI=1S/C9H8O2/c1-2-7-4-9-8(3-6(1)7)10-5-11-9/h3-4H,1-2,5H2	5,6-dihydrocyclobuta[f][1,3]benzodioxole	C1CC2=CC3=C(C=C21)OCO3	1.0	2753027	COCONUT:(CNP0312540);PubChem:(2753027);SuperNatural:(SN00126136);ZINC bio:(ZINC03848181)	3153922