structureRankPerFormula	formulaRank	ConfidenceScore	CSI:FingerIDScore	molecularFormula	adduct	InChIkey2D	InChI	name	smiles	xlogp	pubchemids	links	dbflags
1	1	N/A	-63.99803355004537	C18H35NO2	[M - H2O + H]+	WFRLANWAASSSFV	InChI=1S/C18H35NO2/c1-2-3-4-5-6-7-8-9-10-11-12-13-14-15-18(21)19-16-17-20/h7-8,20H,2-6,9-17H2,1H3,(H,19,21)	ACMC-20lypg	CCCCCCC=CCCCCCCCC(=O)NCCO	5.30000019	9835868;19606638;54428293	COCONUT:(CNP0346818);HMDB:(13648);PubChem:(9835868 19606638 54428293);CHEBI:(71465);ZINC bio:(ZINC59725637);additional;PubChem class - bio and metabolites;MeSH:(9835868);Training Set;PubMed	19423342
2	1	N/A	-86.64877814432579	C18H35NO2	[M - H2O + H]+	VSKRSEHLMRRKOS	InChI=1S/C18H35NO2/c1-2-3-4-11-14-17(20)15-12-9-7-5-6-8-10-13-16-18(19)21/h9,12,17,20H,2-8,10-11,13-16H2,1H3,(H2,19,21)	9-Octadecenamide, 12-hydroxy-	CCCCCCC(CC=CCCCCCCCC(=O)N)O	5.0999999	118258;5365372;6438074;20838733;54408487;92281377;138115550	NORMAN:(NS00058854);PubChem:(118258 5365372 6438074 20838733 54408487 92281377 138115550);PubMed;KEGG Mine	8590196802
3	1	N/A	-89.4486082431196	C18H35NO2	[M - H2O + H]+	RTQVJTLVVBJRJG	InChI=1S/C18H35NO2/c1-2-3-4-5-6-7-8-9-10-11-12-13-14-15-18(21)17(19)16-20/h10-11,14-15,17-18,20-21H,2-9,12-13,16,19H2,1H3	sphingadiene	CCCCCCCCCC=CCCC=CC(C(CO)N)O	4.4000001	11220228;11993697;25202784;25245532;70682641;71296149;101262463;101768097;101768099;101340835;101354273;123236216;129824350;138319256	COCONUT:(CNP0217511);Natural Products:(UNPD100935 UNPD30122);PubChem:(11220228 11993697 25202784 25245532 70682641 71296149 101262463 101768097 101768099 101340835 101354273 123236216 129824350 138319256);SuperNatural:(SN00256903 SN00344082);CHEBI:(72800 72758);Plantcyc:(CPD-8427);PubMed;Biocyc:(CPD-22079 CPD-8427)	3311714
4	1	N/A	-92.02677533376833	C18H35NO2	[M - H2O + H]+	KWDXKYNWAKMLKK	InChI=1S/C18H35NO2/c1-2-3-4-5-6-7-8-9-10-11-12-13-14-15-18(21)17(19)16-20/h4-5,14-15,17-18,20-21H,2-3,6-13,16,19H2,1H3	Sphingadienine	CCCC=CCCCCCCCCC=CC(C(CO)N)O	4.4000001	6449795;42608343;86290180	COCONUT:(CNP0082599);MeSH:(42608343);PubChem:(6449795 42608343 86290180);PubMed;CHEBI:(73889 83568)	2097254
5	1	N/A	-101.47648391079684	C18H35NO2	[M - H2O + H]+	YJXGFSAKPYAXAY	InChI=1S/C18H35NO2/c1-2-3-4-5-6-7-8-9-10-11-12-13-14-15-18(21)17(19)16-20/h17-18,20-21H,2-13,16,19H2,1H3	Maybridge1_002493	CCCCCCCCCCCCCC#CC(C(CO)N)O	5.0	2802958;14131081;14131082;97041744;97294809	NORMAN:(NS00018717);PubChem:(2802958 14131081 14131082 97041744 97294809);PubMed	262210
6	1	N/A	-116.4283447698817	C18H35NO2	[M - H2O + H]+	ODURFHDFZAVGHC	InChI=1S/C18H35NO2/c1-2-3-4-5-6-7-8-9-10-11-12-13-14-15-16-17(19)18(20)21/h9-10,17H,2-8,11-16,19H2,1H3,(H,20,21)	2-Amino oleic acid	CCCCCCCCC=CCCCCCCC(C(=O)O)N	4.0	171523;6441701;23506365;71359156;98092509	MeSH:(171523 6441701);PubChem:(171523 6441701 23506365 71359156 98092509);PubMed	70
7	1	N/A	-145.0752578296233	C18H35NO2	[M - H2O + H]+	LTXHELLMCCEDJG	InChI=1S/C18H35NO2/c1-2-3-4-5-6-7-8-9-10-11-12-13-14-15-16-17-18(20)19-21/h9-10,21H,2-8,11-17H2,1H3,(H,19,20)	mmp-2 inhibitor i	CCCCCCCCC=CCCCCCCCC(=O)NO	6.5	4220;5353783;6436367	NORMAN:(NS00054763);MeSH:(4220 5353783 6436367);PubChem:(4220 5353783 6436367);PubMed;KEGG Mine	8590196806
8	1	N/A	-154.16630425994947	C18H35NO2	[M - H2O + H]+	PIBPDMARGRAGIJ	InChI=1S/C18H35NO2/c1-2-3-4-5-7-10-13-16-17(21-16)14-11-8-6-9-12-15-18(19)20/h16-17H,2-15H2,1H3,(H2,19,20)	9,10-Epoxyoctadecanamide	CCCCCCCCC1C(O1)CCCCCCCC(=O)N	5.5	85859;9839211;91694079;98050686;98050687	NORMAN:(NS00051843);PubChem:(85859 9839211 91694079 98050686 98050687);KEGG Mine	8590196738
9	1	N/A	-154.46014429919103	C18H35NO2	[M - H2O + H]+	PXAAOMUPAZBKPQ	InChI=1S/C18H35NO2/c1-2-3-4-5-6-7-8-9-10-11-12-17(15-16-19)13-14-18(20)21/h7-8,17H,2-6,9-16,19H2,1H3,(H,20,21)	null	CCCCCCC=CCCCCC(CCC(=O)[O-])CC[NH3+]	0.0	""	COCONUT:(CNP0045152 CNP0422310);SuperNatural:(SN00166056)	3145728
10	1	N/A	-163.7769055162069	C18H35NO2	[M - H2O + H]+	VWTPJNGTEYZXFV	InChI=1S/C18H35NO2/c1-2-3-4-5-6-7-8-9-10-11-12-13-14-15-18(21)17(19)16-20/h14-15,17,20H,2-13,16,19H2,1H3	3-Ketosphingosine	CCCCCCCCCCCCCC=CC(=O)C(CO)N	5.5999999	440922;6178001;5280901;9839212	COCONUT:(CNP0220466);PubChem:(440922 6178001 5280901 9839212);SuperNatural:(SN00213390);YMDB Mine;CHEBI:(20096);additional;KEGG:(C06121)	34363408674
11	1	N/A	-180.35042495224724	C18H35NO2	[M - H2O + H]+	AIRWKIPVSKEKOA	InChI=1S/C18H35NO2/c1-3-4-5-6-7-8-9-10-11-13-17(16-19-2)14-12-15-18(20)21/h8-9,17,19H,3-7,10-16H2,1-2H3,(H,20,21)	null	CCCCCCC=CCCCC(CCCC(=O)[O-])C[NH2+]C	0.0	""	COCONUT:(CNP0151875);SuperNatural:(SN00166087)	3145728
12	1	N/A	-199.88923275329793	C18H35NO2	[M - H2O + H]+	QNJKVOIRHZVTSR	InChI=1S/C18H35NO2/c1-2-3-4-5-6-7-8-9-10-11-12-13-18(20)19-14-16-21-17-15-19/h2-17H2,1H3	Ambcb5117728	CCCCCCCCCCCCCC(=O)N1CCOCC1	5.5999999	94792	PubChem:(94792);PubChem class - safety and toxic	67108866
13	1	N/A	-238.8423096475287	C18H35NO2	[M - H2O + H]+	QPRMGHKASRLPJP	InChI=1S/C18H35NO2/c1-15(20)11-9-7-5-3-4-6-8-10-12-17-13-14-18(21)16(2)19-17/h16-19,21H,3-14H2,1-2H3	Cassine	CC1C(CCC(N1)CCCCCCCCCCC(=O)C)O	4.0999999	575174;193405;10990156;11130276;24772871;132533370	COCONUT:(CNP0031097 CNP0189037);KNApSAcK:(2027);Natural Products:(UNPD129154 UNPD160078 UNPD132391);PubChem:(575174 193405 10990156 11130276 24772871 132533370);SuperNatural:(SN00143385 SN00143293 SN00253111 SN00251019 SN00251610);CHEBI:(3456);MeSH:(193405 575174 24772871);KEGG:(C10136);PubMed	3178870
14	1	N/A	-241.40752542096322	C18H35NO2	[M - H2O + H]+	HHBMAUAHAWVHBL	InChI=1S/C18H35NO2/c1-3-17(20)12-10-8-6-4-5-7-9-11-16-13-14-18(21)15(2)19-16/h15-16,18-19,21H,3-14H2,1-2H3	null	CCC(=O)CCCCCCCCCC1CCC(C(N1)C)O	4.0999999	11109271	COCONUT:(CNP0184081);Natural Products:(UNPD98260 UNPD153394);PubChem:(11109271);SuperNatural:(SN00238370)	3178498
15	1	N/A	-286.4837508273339	C18H35NO2	[M - H2O + H]+	PLMLPTOHDLJVEL	InChI=1S/C18H35NO2/c1-14(16(3)20)10-8-6-4-5-7-9-11-17-12-13-18(21)15(2)19-17/h14-15,17-19,21H,4-13H2,1-3H3	null	CC1C(CCC(N1)CCCCCCCCC(C)C(=O)C)O	4.40383291	""	COCONUT:(CNP0241133);Natural Products:(UNPD38889);SuperNatural:(SN00299540)	3178496
16	1	N/A	-291.4776057330985	C18H35NO2	[M - H2O + H]+	YGHXGAUAIDHSES	InChI=1S/C18H35NO2/c1-17(2)18(20)21-16-14-12-10-8-6-5-7-9-11-13-15-19(3)4/h1,5-16H2,2-4H3	null	CC(=C)C(=O)OCCCCCCCCCCCCN(C)C	5.44554281	54506828	MeSH:(54506828);PubChem:(54506828);PubMed	70
17	1	N/A	-298.6563767245053	C18H35NO2	[M - H2O + H]+	TVZYQAQDHXWCER	InChI=1S/C18H35NO2/c1-5-6-7-8-9-10-11-17(4)12-13-19-14-15-21-18(20)16(2)3/h17,19H,2,5-15H2,1,3-4H3	2-((3-Methylundecyl)amino)ethyl methacrylate	CCCCCCCCC(C)CCNCCOC(=O)C(=C)C	6.0999999	106955	PubChem:(106955);NORMAN:(NS00056144)	262146
18	1	N/A	-311.26458746176047	C18H35NO2	[M - H2O + H]+	CYQRNPRRACEWDZ	InChI=1S/C18H35NO2/c1-3-4-5-6-7-8-9-10-11-12-13-14-15-21-18(20)16-17(2)19/h16H,3-15,19H2,1-2H3	Tetradecyl 3-amino-2-butenoate	CCCCCCCCCCCCCCOC(=O)C=C(C)N	5.84534693	3020674;6432968	PubChem:(3020674 6432968);NORMAN:(NS00063752)	262146
19	1	N/A	-312.57952250257836	C18H35NO2	[M - H2O + H]+	NJFOAUTWTZYJGQ	InChI=1S/C18H35NO2/c1-3-4-5-6-7-8-9-10-11-12-13-14-17-19-18(2,15-20)16-21-17/h20H,3-16H2,1-2H3	4-Methyl-2-tridecyl-2-oxazoline-4-methanol	CCCCCCCCCCCCCC1=NC(CO1)(C)CO	5.5999999	19844011	PubChem:(19844011);NORMAN:(NS00063604)	262146
20	1	N/A	-322.1735430277026	C18H35NO2	[M - H2O + H]+	PUYXTUJWRLOUCW	InChI=1S/C18H35NO2/c1-6-12-19(7-2)13-16-14-20-18(21-16)10-8-15(9-11-18)17(3,4)5/h15-16H,6-14H2,1-5H3	Impulse	CCCN(CC)CC1COC2(O1)CCC(CC2)C(C)(C)C	4.19999981	86160;51377535;51377537;139024066	SuperNatural:(SN00213748);ZINC bio:(ZINC00967717 ZINC00967718);additional;MeSH:(86160);PubMed;NORMAN:(NS00009694);COCONUT:(CNP0059939);PubChem:(86160 51377535 51377537 139024066);CHEBI:(9242);KEGG:(C11124);PubChem class - safety and toxic;Training Set;PubChem class - drug	104620390
21	1	N/A	-355.09261371391705	C18H35NO2	[M - H2O + H]+	LNSIIDDYOVTXHK	InChI=1S/C18H35NO2/c1-3-7-15(20)10-5-4-8-14-9-6-11-17-16(14)12-18(21)13(2)19-17/h13-21H,3-12H2,1-2H3	Lepadin D	CCCC(CCCCC1CCCC2C1CC(C(N2)C)O)O	3.79999995	11066430;11266487;21632573;21776435;21776436;42608374;72776131	COCONUT:(CNP0183088);KNApSAcK:(26353);Natural Products:(UNPD115262);PubChem:(11066430 11266487 21632573 21776435 21776436 42608374 72776131);SuperNatural:(SN00332740);MeSH:(42608374);PubMed	3178582
22	1	N/A	-361.6593192152363	C18H35NO2	[M - H2O + H]+	KALBIOVQHQVRED	InChI=1S/C18H35NO2/c1-13(2)7-8-15(14(3)4)11-17(20)19-16-9-10-21-18(5,6)12-16/h13-16H,7-12H2,1-6H3,(H,19,20)	null	CC(C)CCC(CC(=O)NC1CCOC(C1)(C)C)C(C)C	4.5	42506903;42506904;42506905;42506906;42648678	COCONUT:(CNP0394978);PubChem:(42506903 42506904 42506905 42506906 42648678);SuperNatural:(SN00085211 SN00085210 SN00085208 SN00085209);ZINC bio:(ZINC12296620 ZINC12296621 ZINC12296622 ZINC12296623)	3153922
1	1	0.5709433342456793	-34.656985241647156	C18H33NO	[M + H]+	SFIHQZFZMWZOJV	InChI=1S/C18H33NO/c1-2-3-4-5-6-7-8-9-10-11-12-13-14-15-16-17-18(19)20/h6-7,9-10H,2-5,8,11-17H2,1H3,(H2,19,20)	linoleamide	CCCCCC=CCC=CCCCCCCCC(=O)N	5.9000001	3930;5353723;6435901;88175293	HMDB:(62656);PubChem class - food;MeSH:(6435901);PubMed;NORMAN:(NS00049417);COCONUT:(CNP0161573);Natural Products:(UNPD14642);PubChem:(3930 5353723 6435901 88175293);YMDB Mine;CHEBI:(93121 82984);PubChem class - bio and metabolites;KEGG Mine	43103060078
2	1	N/A	-188.6442532393463	C18H33NO	[M + H]+	QXXLUPWSUAZMPG	InChI=1S/C18H33NO/c1-2-3-13-19-18(20)17-11-9-16(10-12-17)14-15-7-5-4-6-8-15/h15-17H,2-14H2,1H3,(H,19,20)	N-Butyl-4-(cyclohexylmethyl)cyclohexanecarboxamide	CCCCNC(=O)C1CCC(CC1)CC2CCCCC2	5.9000001	299686	PubChem:(299686);PubChem class - safety and toxic	67108866
3	1	N/A	-219.79796043443682	C18H33NO	[M + H]+	AGJAUFUNZWHLKE	InChI=1S/C18H33NO/c1-4-5-6-7-8-9-10-11-12-13-14-15-18(20)19-16-17(2)3/h12-15,17H,4-11,16H2,1-3H3,(H,19,20)	(2E,4E)-N-isobutyltetradeca-2,4-dienamide	CCCCCCCCCC=CC=CC(=O)NCC(C)C	6.5999999	10731388;85248609	COCONUT:(CNP0131538);Natural Products:(UNPD4261 UNPD20440 UNPD213761);PubChem:(10731388 85248609);SuperNatural:(SN00266184 SN00397241);PubMed	3178562
4	1	N/A	-287.0607592848225	C18H33NO	[M + H]+	LRKXDIHJVKQTHF	InChI=1S/C18H33NO/c1-2-3-4-5-6-7-8-11-15-14-18(20)16-12-9-10-13-17(16)19-15/h15-17,19H,2-14H2,1H3/p+1	null	CCCCCCCCCC1CC(=O)C2CCCCC2[NH2+]1	0.0	""	COCONUT:(CNP0117072)	2097152
5	1	N/A	-297.69442569768705	C18H33NO	[M + H]+	KPEBWQGRAPDCOD	InChI=1S/C18H33NO/c1-17(2)13-9-6-4-3-5-7-10-14-18(20)19-15-11-8-12-16-19/h10,14,17H,3-9,11-13,15-16H2,1-2H3	null	CC(C)CCCCCCCC=CC(=O)N1CCCCC1	5.9000001	92136107	PubChem:(92136107);CHEBI:(87149)	34
6	1	N/A	-313.10588579168666	C18H33NO	[M + H]+	CXUNGJFNAGVPSI	InChI=1S/C18H33NO/c1-4-5-6-7-8-9-10-11-12-13-18-14-15-19(16(18)2)17(3)20/h4-15H2,1-3H3	null	CCCCCCCCCCCC1=C(N(CC1)C(=O)C)C	5.84236336	""	COCONUT:(CNP0184559);Natural Products:(UNPD118804)	2129920
7	1	N/A	-420.8276258758088	C18H33NO	[M + H]+	OGLNWBXTRBZBNR	InChI=1S/C18H33NO/c1-6-19(7-2)13-9-8-12-18(20)14-16(5)10-11-17(18)15(3)4/h15-17,20H,6-7,10-14H2,1-5H3	(1S,2S,5R)-1-[4-(diethylamino)but-2-ynyl]-5-methyl-2-propan-2-ylcyclohexan-1-ol	CCN(CC)CC#CCC1(CC(CCC1C(C)C)C)O	4.0999999	206419;101981682;101981683	PubChem:(206419 101981682 101981683);PubChem class - safety and toxic	67108866