structureRankPerFormula	formulaRank	ConfidenceScore	CSI:FingerIDScore	molecularFormula	adduct	InChIkey2D	InChI	name	smiles	xlogp	pubchemids	links	dbflags
1	1	0.45523150856676164	-5.9146308465214625	C6H8O7	[M - H2O + H]+	KRKNYBCHXYNGOX	InChI=1S/C6H8O7/c7-3(8)1-6(13,5(11)12)2-4(9)10/h13H,1-2H2,(H,7,8)(H,9,10)(H,11,12)	Chemfill	C(C(=O)O)C(CC(=O)O)(C(=O)O)O	-1.79005051	311;24802;31348;4099777;3853591;4342083;9815540;12303294;12303295;10012881;9990172;10241686;10313505;19782904;16213286;16213403;16217547;16219104;22051957;25113638;59575930;76764134;87060892;88113319;87111074;88162338;87306242;102066902;129761155	HMDB:(94);PubChem class - food;SuperNatural:(SN00317829 SN00001730);ZINC bio:(ZINC00895081);additional;HSDB:(77-92-9);MeSH:(311 31348);Plantcyc:(CIT);PubMed;NORMAN:(NS00007335 NS00042537);COCONUT:(CNP0149674 CNP0346802 CNP0354288);KNApSAcK:(7619);Natural Products:(UNPD145647);PubChem:(311 24802 31348 4099777 3853591 4342083 9815540 12303294 12303295 10012881 9990172 10241686 10313505 19782904 16213286 16213403 16217547 16219104 22051957 25113638 59575930 76764134 87060892 88113319 87111074 88162338 87306242 102066902 129761155);CHEBI:(16947 35806 76049 35810 35809 35802 30769);PubChem class - bio and metabolites;KEGG:(C00158);PubChem class - safety and toxic;YMDB:(86);Training Set;PubChem class - drug;Biocyc:(CPD1UA-5664 CIT)	255847294
2	1	N/A	-37.17475991691476	C6H8O7	[M - H2O + H]+	ODBLHEXUDAPZAU	InChI=1S/C6H8O7/c7-3(8)1-2(5(10)11)4(9)6(12)13/h2,4,9H,1H2,(H,7,8)(H,10,11)(H,12,13)	isocitrate	C(C(C(C(=O)O)O)C(=O)O)C(=O)O	-1.79999995	1198;167886;439238;440409;447805;5318532;6398637;5459771;5460172;5461051;5461053;6971026;10012818;10241687;10330228;10375400;20848914;24755498;24755499;58100216;71307987;101667904;122410736;122410737;129883072	HMDB:(193 1874 33717);SuperNatural:(SN00155865 SN00285993 SN00272695 SN00321533 SN00155866);ZINC bio:(ZINC00895175 ZINC00895176 ZINC00895179 ZINC00895180);additional;MeSH:(1198 5460172);Plantcyc:(THREO-DS-ISO-CITRATE);PubMed;NORMAN:(NS00041848);COCONUT:(CNP0083628 CNP0271038);KNApSAcK:(1188);Natural Products:(UNPD148074 UNPD164504 UNPD90877);PubChem:(1198 167886 439238 440409 447805 5318532 6398637 5459771 5460172 5461051 5461053 6971026 10012818 10241687 10330228 10375400 20848914 24755498 24755499 58100216 71307987 101667904 122410736 122410737 129883072);CHEBI:(15563 151 43291 36453 30897 16087 15562 160 30889 30887 36454 30896);PubChem class - bio and metabolites;KEGG:(C00451 C00311 C04617);YMDB:(26);Biocyc:(THREO-DS-ISO-CITRATE CPD-10747 CPD-10748 CPD-10745)	20949374
3	1	N/A	-94.80830704108077	C6H8O7	[M - H2O + H]+	VLFFNIKCNGLGIG	InChI=1S/C6H8O7/c7-1-2(8)3(9)4(10)5(11)6(12)13/h1,3-5,9-11H,(H,12,13)	(2S,3S,4S)-2,3,4-trihydroxy-5,6-dioxohexanoate	C(=O)C(=O)C(C(C(C(=O)O)O)O)O	-2.70000005	6326749;5459871;6602427;23615212	EcoCyc Mine;PubChem:(6326749 5459871 6602427 23615212);YMDB Mine;KEGG Mine;PubChem class - bio and metabolites	60146319362
4	1	N/A	-96.03323047846415	C6H8O7	[M - H2O + H]+	QUURPCHWPQNNGL	InChI=1S/C6H8O7/c7-2(4(9)6(12)13)1-3(8)5(10)11/h2,4,7,9H,1H2,(H,10,11)(H,12,13)	2-keto-3-deoxy-glucarate	C(C(C(C(=O)O)O)O)C(=O)C(=O)O	-2.0999999	145;1811;439290;440165;5288442;6323338;25245202;53262282;86289498	COCONUT:(CNP0346819);PubChem:(145 1811 439290 440165 5288442 6323338 25245202 53262282 86289498);CHEBI:(35453 58098 78267 42819 17305 78709 16369);PubChem class - bio and metabolites;KEGG:(C00679 C21091 C03921);Plantcyc:(2-KETO-3-DEOXY-D-GLUCARATE 5-KETO-4-DEOXY-D-GLUCARATE);PubMed;Biocyc:(5-KETO-4-DEOXY-D-GLUCARATE CPD-17670 2-KETO-3-DEOXY-D-GLUCARATE)	19007842
5	1	N/A	-107.55996749239652	C6H8O7	[M - H2O + H]+	CIOXZGOUEYHNBF	InChI=1S/C6H8O7/c7-4(8)1-3(6(11)12)13-2-5(9)10/h3H,1-2H2,(H,7,8)(H,9,10)(H,11,12)	carboxymethoxysuccinate	C(C(C(=O)O)OCC(=O)O)C(=O)O	-1.20000005	36681;21864345;21329016;25201360	NORMAN:(NS00054912);KEGG:(C03600);PubChem:(36681 21864345 21329016 25201360);CHEBI:(57992 17040);Biocyc:(CPD-668)	264482
6	1	N/A	-117.00950386206449	C6H8O7	[M - H2O + H]+	RXMWXENJQAINCC	InChI=1S/C6H8O7/c7-1-2(8)3(9)4(10)5(11)6(12)13/h3-4,7,9-10H,1H2,(H,12,13)	2,5-Diketogluconate	C(C(=O)C(C(C(=O)C(=O)O)O)O)O	-2.5	67;102287;9548631;9794131;102060422	MeSH:(67 102287 9548631);Plantcyc:(25-DIDEHYDRO-D-GLUCONATE);PubMed;NORMAN:(NS00046179);COCONUT:(CNP0179056);Natural Products:(UNPD121762);PubChem:(67 102287 9548631 9794131 102060422);YMDB Mine;CHEBI:(18281 11449);PubChem class - bio and metabolites;KEGG:(C02780);Biocyc:(25-DIDEHYDRO-D-GLUCONATE)	34379041126
7	1	N/A	-118.54080149974287	C6H8O7	[M - H2O + H]+	BPPRLLGFTNCWBI	InChI=1S/C6H8O7/c7-3(8)1-6(11,5(9)10)2-4-12-13-4/h4,11H,1-2H2,(H,7,8)(H,9,10)	null	C(C1OO1)C(CC(=O)O)(C(=O)O)O	-1.29999995	66557864	PubChem:(66557864);PubChem class - bio and metabolites	16777218
8	1	N/A	-137.82314474574054	C6H8O7	[M - H2O + H]+	GJQWCDSAOUMKSE	InChI=1S/C6H8O7/c7-1-2(8)3(9)4(10)5(11)6(12)13/h2-3,7-9H,1H2,(H,12,13)	Diketogulonic acid	C(C(C(C(=O)C(=O)C(=O)O)O)O)O	-1.79999995	18;18871;440390;21145097;53477844;56991692;92144407	HMDB:(5971 6511 62803);SuperNatural:(SN00216608);ZINC bio:(ZINC01530152 ZINC01530154 ZINC30725382 ZINC31259150);MeSH:(18871 440390);Plantcyc:(CPD-334);PubMed;COCONUT:(CNP0082944 CNP0391356);PubChem:(18 18871 440390 21145097 53477844 56991692 92144407);YMDB Mine;CHEBI:(15622 57441);PubChem class - bio and metabolites;KEGG:(C04575);Biocyc:(CPD-19692 CPD-334)	34379802990
9	1	N/A	-138.32543539018772	C6H8O7	[M - H2O + H]+	XECPAIJNBXCOBO	InChI=1S/C6H8O7/c7-1-2(8)6(12)13-4(1)3(9)5(10)11/h1-4,7-9H,(H,10,11)	Oprea1_101122	C1(C(C(=O)OC1C(C(=O)O)O)O)O	-1.79999995	78997;102327;122306;1801447;1801448;7004284;6353613;6575938;9837008;10867165;10888761;13035175;13035176;13035177;13035178;11873518;11873519;10397687;16219942;16396806;24208754;40488244;45039347;46781935;60003530;60003531;90658314;90658315;89022742;92132382;91666371;92982280;91746265;91825577;101241797;118987465;126969100;130885555;130893899;131196209;131704672;131707139	HMDB:(41862);SuperNatural:(SN00074554 SN00068418);ZINC bio:(ZINC04028087 ZINC04521523 ZINC04528686 ZINC04528687 ZINC06072528);additional;MeSH:(122306);Plantcyc:(CPD-16522);PubMed;NORMAN:(NS00049807);COCONUT:(CNP0347619 CNP0374488);PubChem:(78997 102327 122306 1801447 1801448 7004284 6353613 6575938 9837008 10867165 10888761 13035175 13035176 13035177 13035178 11873518 11873519 10397687 16219942 16396806 24208754 40488244 45039347 46781935 60003530 60003531 90658314 90658315 89022742 92132382 91666371 92982280 91746265 91825577 101241797 118987465 126969100 130885555 130893899 131196209 131704672 131707139);YMDB Mine;CHEBI:(85805 85336 85317 85532);PubChem class - bio and metabolites;EcoCyc Mine;KEGG:(C20896 C21095);PubChem class - safety and toxic;Training Set;Biocyc:(CPD-16522 CPD-17141);KEGG Mine	60217518446
10	1	N/A	-142.65447272684446	C6H8O7	[M - H2O + H]+	ZIXWWHRLERWHHV	InChI=1S/C6H8O7/c7-3-1(12-3)6(11,5(9)10)2-4(8)13-2/h1-4,7-8,11H,(H,9,10)	2-hydroxy-2,2-bis[(2R,3S)-3-hydroxyoxiran-2-yl]acetic acid	C1(C(O1)O)C(C2C(O2)O)(C(=O)O)O	-2.0999999	447910	PubChem:(447910);PubChem class - bio and metabolites	16777218
11	1	N/A	-152.29004991839815	C6H8O7	[M - H2O + H]+	MIAZZVSGMRFZEG	InChI=1S/C6H8O7/c7-3(8)1-5(10)2-6(11,12)13-4(5)9/h10-12H,1-2H2,(H,7,8)	null	C1C(C(=O)OC1(O)O)(CC(=O)O)O	-1.79999995	86280441	PubChem:(86280441);PubChem class - bio and metabolites	16777218
12	1	N/A	-154.49363879368514	C6H8O7	[M - H2O + H]+	YLKFQNUGXOLRNI	InChI=1S/C6H8O7/c7-1-2(8)4(5(10)11)13-6(12)3(1)9/h1-4,7-9H,(H,10,11)	D-glucarolactone	C1(C(C(OC(=O)C1O)C(=O)O)O)O	-1.79999995	46926210;46926211;53321658;75239953;86290100;137552722	COCONUT:(CNP0082480);PubChem:(46926210 46926211 53321658 75239953 86290100 137552722);YMDB Mine;CHEBI:(84191 83384 84190 83383);PubChem class - bio and metabolites;EcoCyc Mine;KEGG:(C20890 C20889);Plantcyc:(CPD-12595);PubMed;Biocyc:(CPD-12595 CPD-17138);KEGG Mine	60148549986
13	1	N/A	-158.7657831650524	C6H8O7	[M - H2O + H]+	NESDAFUVNYXDTK	InChI=1S/C6H8O7/c7-1-2(8)4(5(10)11)13-6(12)3(1)9/h1,3-4,6-7,9,12H,(H,10,11)	(2S,4R,5R,6R)-4,5,6-trihydroxy-3-oxooxane-2-carboxylic acid	C1(C(C(=O)C(OC1O)C(=O)O)O)O	-1.70000005	16741080	PubChem:(16741080);YMDB Mine;KEGG Mine;PubChem class - bio and metabolites	42966450178
14	1	N/A	-180.46827349281764	C6H8O7	[M - H2O + H]+	BPCLKHIDDIVGBM	InChI=1S/C6H8O7/c7-1-2(8)4(5(10)11)13-6(12)3(1)9/h1,3,6-9,12H,(H,10,11)	2-(dihydroxymethylidene)-4,5,6-trihydroxyoxan-3-one	C1(C(C(=C(OC1O)C(=O)O)O)O)O	-1.79999995	54676720;54688710;54715135;129629424	COCONUT:(CNP0214584);PubChem:(54676720 54688710 54715135 129629424);YMDB Mine;KEGG Mine;PubChem class - bio and metabolites	42968547330
15	1	N/A	-192.0475707935975	C6H8O7	[M - H2O + H]+	ZNJUNWARRIXWAA	InChI=1S/C6H8O7/c7-1-2-3(8)6(12,4(9)10)5(11)13-2/h2-3,7-8,12H,1H2,(H,9,10)	null	C(C1C(C(C(=O)O1)(C(=O)O)O)O)O	-1.29999995	90658445;90658446	COCONUT:(CNP0166074);PubChem:(90658445 90658446);PubChem class - bio and metabolites;Plantcyc:(CPD-13913);PubMed;Biocyc:(SMA-0000610 CPD-13913)	19007554
16	1	N/A	-241.29119776356399	C6H8O7	[M - H2O + H]+	QPPOKIPSRPKDEM	InChI=1S/C6H8O7/c7-2-1-12-6(11)3(2)13-4(8)5(6,9)10/h2-3,7,9-11H,1H2	(3S,3aR)-3,6,6,6a-tetrahydroxy-3,3a-dihydro-2H-furo[3,2-b]furan-5-one	C1C(C2C(O1)(C(C(=O)O2)(O)O)O)O	-3.0999999	14159508;21587373;90659000;130875353;130875875;131217763	COCONUT:(CNP0242058);PubChem:(14159508 21587373 90659000 130875353 130875875 131217763);PubChem class - bio and metabolites;Plantcyc:(CPD-13907);PubMed;Biocyc:(SMA-0000353 CPD-13907)	19007554
1	1	N/A	-23.718006582677262	C6H6O6	[M + H]+	GTZCVFVGUGFEME	InChI=1S/C6H6O6/c7-4(8)1-3(6(11)12)2-5(9)10/h1H,2H2,(H,7,8)(H,9,10)(H,11,12)	aconitate	C(C(=CC(=O)O)C(=O)O)C(=O)O	-1.0	309;643757;444212;3382781;5289496;5459816;21604878;20848975;23246404;124202778	HMDB:(72 958);PubChem class - food;SuperNatural:(SN00234642 SN00011192 SN00005669 SN00235854 SN00305008);ZINC bio:(ZINC03860972 ZINC04501392);additional;HSDB:(499-12-7);MeSH:(309 444212 643757);Plantcyc:(CIS-ACONITATE CPD-225);PubMed;NORMAN:(NS00001021);COCONUT:(CNP0022017 CNP0177793 CNP0184949);KNApSAcK:(50426);Natural Products:(UNPD111714 UNPD226578 UNPD155806);PubChem:(309 643757 444212 3382781 5289496 5459816 21604878 20848975 23246404 124202778);CHEBI:(32805 22211 32806 15708 22210 16383);PubChem class - bio and metabolites;KEGG:(C00417 C02341);PubChem class - safety and toxic;YMDB:(340 630);Training Set;Biocyc:(CIS-ACONITATE CPD-225 SMA-0000590 SMA-0000556)	222292862
2	1	N/A	-131.4943781147659	C6H6O6	[M + H]+	HKMGTBOLJQLMES	InChI=1S/C6H6O6/c7-1-2(8)5-3(9)4(10)6(11)12-5/h1-2,5,8-10H	null	C(=O)C(C1C(=C(C(=O)O1)O)O)O	-1.10000002	71660639;78142326	EcoCyc Mine;PubChem:(71660639 78142326);KEGG Mine;PubChem class - bio and metabolites	25786580994
3	1	N/A	-153.58596263957926	C6H6O6	[M + H]+	UKZDIMBDWHZXOK	InChI=1S/C6H6O6/c7-3-1-2(5(8)9)4(12-3)6(10)11/h2,4H,1H2,(H,8,9)(H,10,11)	Oprea1_393997	C1C(C(OC1=O)C(=O)O)C(=O)O	-1.0	98259;853429;853430;853431;853432;6950458;6950459;6950460;6950461;134186025	NORMAN:(NS00045025);COCONUT:(CNP0144313);PubChem:(98259 853429 853430 853431 853432 6950458 6950459 6950460 6950461 134186025);SuperNatural:(SN00118455 SN00118456 SN00118453 SN00118454);YMDB Mine;CHEBI:(139374);ZINC bio:(ZINC00391118 ZINC00391119 ZINC00391120 ZINC00391121);EcoCyc Mine;PubChem class - safety and toxic;PubMed;KEGG Mine	60200067170
4	1	N/A	-156.91808606705192	C6H6O6	[M + H]+	QRFNDAVXJCGLFB	InChI=1S/C6H6O6/c7-1-3-4(12-5(1)9)2(8)6(10)11-3/h1-4,7-8H	D-Mannaric acid, 1,4:3,6-dilactone	C12C(C(C(=O)O1)O)OC(=O)C2O	-1.60000002	137758;10678808;11586365;11686982;11701124;58626896;89222768;92244843;93476461;92543456;102154533;130918291;131041873;131170723;139515786	MeSH:(11686982);PubChem:(137758 10678808 11586365 11686982 11701124 58626896 89222768 92244843 93476461 92543456 102154533 130918291 131041873 131170723 139515786);PubMed	70
5	1	N/A	-178.13172869844806	C6H6O6	[M + H]+	FFECMNQDTNCATK	InChI=1S/C6H6O6/c7-3(8)1-2-4(5(9)10)12-6(2)11/h2,4H,1H2,(H,7,8)(H,9,10)	null	C(C1C(OC1=O)C(=O)O)C(=O)O	-1.04493117	""	COCONUT:(CNP0131695);Natural Products:(UNPD208702 UNPD149944);SuperNatural:(SN00391959)	3178496
6	1	N/A	-201.73332758195255	C6H6O6	[M + H]+	JMMUPWYGEQCUML	InChI=1S/C6H6O6/c7-1-2(8)5-3(9)4(10)6(11)12-5/h2,7-9H,1H2	L-dehydro-ascorbate	C(C(C1=C(C(=O)C(=O)O1)O)O)O	-1.20000005	44123501;44123502;49791981;49791982	COCONUT:(CNP0089343);HMDB:(62706);PubChem:(44123501 44123502 49791981 49791982);CHEBI:(58070 58539);PubChem class - bio and metabolites;KEGG Mine	8608809002
7	1	N/A	-204.9051473559972	C6H6O6	[M + H]+	SBJKKFFYIZUCET	InChI=1S/C6H6O6/c7-1-2(8)5-3(9)4(10)6(11)12-5/h2,5,7-8H,1H2	gamma-lactone	C(C(C1C(=O)C(=O)C(=O)O1)O)O	-1.0	835;10280;210328;440667;9815359;15558808;15558810;36688190;50990289;57369509;53470524;71616926;101642777	HMDB:(1264);SuperNatural:(SN00372476 SN00002237 SN00050527);ZINC bio:(ZINC01532646 ZINC01532647 ZINC01532648 ZINC01532649);additional;MeSH:(210328 440667);Plantcyc:(L-DEHYDRO-ASCORBATE);PubMed;COCONUT:(CNP0280536);Natural Products:(UNPD109607);PubChem:(835 10280 210328 440667 9815359 15558808 15558810 36688190 50990289 57369509 53470524 71616926 101642777);YMDB Mine;CHEBI:(17242 27956);PubChem class - bio and metabolites;KEGG:(C05422);PubChem class - safety and toxic;Training Set;PubChem class - drug;Biocyc:(CPD1UA-36 L-DEHYDRO-ASCORBATE)	34481039726
8	1	N/A	-205.9320428105849	C6H6O6	[M + H]+	VWPUAXALDFFXJW	InChI=1S/C6H6O6/c7-1-2(8)4(10)6(12)5(11)3(1)9/h7-12H	Benzenehexol	C1(=C(C(=C(C(=C1O)O)O)O)O)O	-0.200000003	69102;101202389;132543778	MeSH:(69102);PubChem class - safety and toxic;PubChem:(69102 101202389 132543778);PubMed	67108934
9	1	N/A	-227.12699146321611	C6H6O6	[M + H]+	ZWGIZHOZSXFSNW	InChI=1S/C6H6O6/c7-5-9-1-3(11-5)4-2-10-6(8)12-4/h3-4H,1-2H2	Erythritol bis(carbonate)	C1C(OC(=O)O1)C2COC(=O)O2	0.5	3661569;16219302;76853035;86295095;86295096	PubChem:(3661569 16219302 76853035 86295095 86295096);PubChem class - safety and toxic	67108866
10	1	N/A	-301.20992745088813	C6H6O6	[M + H]+	PWGJVRJRWZJRPG	InChI=1S/C6H6O6/c7-1-2-3(8)4(9)5(10)6(11)12-2/h7-10H,1H2	null	C(C1=C(C(=C(C(=O)O1)O)O)O)O	-1.0	54742065	PubChem:(54742065);PubChem class - bio and metabolites	16777218