structureRankPerFormula	formulaRank	ConfidenceScore	CSI:FingerIDScore	molecularFormula	adduct	InChIkey2D	InChI	name	smiles	xlogp	pubchemids	links	dbflags
1	1	0.462248300380293	-10.800113384941584	C19H38O4	[M - H2O + H]+	QHZLMUACJMDIAE	InChI=1S/C19H38O4/c1-2-3-4-5-6-7-8-9-10-11-12-13-14-15-19(22)23-17-18(21)16-20/h18,20-21H,2-17H2,1H3	Monopalmitin	CCCCCCCCCCCCCCCC(=O)OCC(CO)O	5.56583691	14900;3084463;11359451;54229153;57694152	HMDB:(11564);PubChem class - food;SuperNatural:(SN00038308 SN00038309);ZINC bio:(ZINC32840891 ZINC32840892);additional;MeSH:(14900 3084463 11359451);PubMed;NORMAN:(NS00010577);COCONUT:(CNP0138044);KNApSAcK:(42063);Natural Products:(UNPD194139 UNPD25833);PubChem:(14900 3084463 11359451 54229153 57694152);CHEBI:(64757 75542 75811 69081);PubChem class - bio and metabolites;EcoCyc Mine;PubChem class - safety and toxic;YMDB:(2313);Training Set;Biocyc:(CPD-8508);KEGG Mine	25991964798
2	1	N/A	-27.60170992575675	C19H38O4	[M - H2O + H]+	BBNYCLAREVXOSG	InChI=1S/C19H38O4/c1-2-3-4-5-6-7-8-9-10-11-12-13-14-15-19(22)23-18(16-20)17-21/h18,20-21H,2-17H2,1H3	2-Monopalmitin	CCCCCCCCCCCCCCCC(=O)OC(CO)CO	6.0999999	123409	HMDB:(11533);SuperNatural:(SN00344247);ZINC bio:(ZINC08022579);additional;MeSH:(123409);PubMed;NORMAN:(NS00051368);COCONUT:(CNP0267171);Natural Products:(UNPD140766);PubChem:(123409);YMDB Mine;CHEBI:(75455);PubChem class - bio and metabolites;EcoCyc Mine;Training Set;Biocyc:(CPD66-43)	51560376430
3	1	N/A	-56.94619634581391	C19H38O4	[M - H2O + H]+	UJXZLNLZBUWQKD	InChI=1S/C19H38O4/c1-17(2)13-11-9-7-5-3-4-6-8-10-12-14-19(22)23-16-18(21)15-20/h17-18,20-21H,3-16H2,1-2H3	AggrecerideB	CC(C)CCCCCCCCCCCCC(=O)OCC(CO)O	5.34626532	128631;51416799	COCONUT:(CNP0341374);HMDB:(72844);PubChem:(128631 51416799);SuperNatural:(SN00013671 SN00013670);ZINC bio:(ZINC05757962 ZINC05757965);PubChem class - bio and metabolites;MeSH:(128631);PubChem class - safety and toxic;PubMed	87040078
4	1	N/A	-73.74779288662933	C19H38O4	[M - H2O + H]+	ITYNPYUDZAXHPL	InChI=1S/C19H38O4/c1-17(2)13-11-9-7-5-3-4-6-8-10-12-14-19(22)23-18(15-20)16-21/h17-18,20-21H,3-16H2,1-2H3	null	CC(C)CCCCCCCCCCCCC(=O)OC(CO)CO	5.9000001	131779653	HMDB:(72873);PubChem:(131779653);PubChem class - bio and metabolites	16777226
5	1	N/A	-81.71884368793002	C19H38O4	[M - H2O + H]+	RITHLQKJQSKUAO	InChI=1S/C19H38O4/c1-3-4-5-6-8-11-14-17(20)18(21)15-12-9-7-10-13-16-19(22)23-2/h17-18,20-21H,3-16H2,1-2H3	Methyl 9,10-dihydroxystearate	CCCCCCCCC(C(CCCCCCCC(=O)OC)O)O	5.5	66194;10980439;13916396;13916397;13916398;139265375	NORMAN:(NS00045100);COCONUT:(CNP0356122);Natural Products:(UNPD133244 UNPD21526 UNPD60121);PubChem:(66194 10980439 13916396 13916397 13916398 139265375);SuperNatural:(SN00338733 SN00310144);PubMed;KEGG Mine	8593375298
6	1	N/A	-85.50823430819625	C19H38O4	[M - H2O + H]+	ZBVKFVTUHVIICH	InChI=1S/C19H38O4/c1-3-4-5-6-7-8-9-10-11-12-13-14-18(21)15-19(22)16-23-17(2)20/h18-19,21-22H,3-16H2,1-2H3	Spectrum3_000777	CCCCCCCCCCCCCC(CC(COC(=O)C)O)O	5.9000001	6710731;92481365;92481366;92481367;92481368	COCONUT:(CNP0338180);PubChem:(6710731 92481365 92481366 92481367 92481368);SuperNatural:(SN00220562 SN00037336 SN00037335 SN00037337 SN00037338);CHEBI:(139453);ZINC bio:(ZINC15449170 ZINC15449172 ZINC15449173 ZINC15449175);additional;Training Set	3694626
7	1	N/A	-103.82013295884475	C19H38O4	[M - H2O + H]+	SMBMFDANVRZQJV	InChI=1S/C19H38O4/c20-16-14-12-10-8-6-4-2-1-3-5-7-9-11-13-15-18(21)17-19(22)23/h18,20-21H,1-17H2,(H,22,23)	null	C(CCCCCCCCO)CCCCCCCC(CC(=O)O)O	5.80000019	86289870	PubChem:(86289870);CHEBI:(79291)	34
8	1	N/A	-114.2696256884322	C19H38O4	[M - H2O + H]+	ZGVQWXVMOLBGJN	InChI=1S/C19H38O4/c1-17(20)14-12-10-8-6-4-2-3-5-7-9-11-13-15-18(21)16-19(22)23/h17-18,20-21H,2-16H2,1H3,(H,22,23)	null	CC(CCCCCCCCCCCCCCC(CC(=O)O)O)O	5.69999981	86289839	PubChem:(86289839);CHEBI:(79251)	34
9	1	N/A	-134.55891668103965	C19H38O4	[M - H2O + H]+	MLQSJCKTTGXTJK	InChI=1S/C19H38O4/c1-2-3-4-5-6-7-8-9-10-11-12-13-14-17(19(22)23)15-18(21)16-20/h17-18,20-21H,2-16H2,1H3,(H,22,23)	2-(2,3-dihydroxypropyl)hexadecanoic acid	CCCCCCCCCCCCCCC(CC(CO)O)C(=O)O	6.19999981	17986608	COCONUT:(CNP0344798);Natural Products:(UNPD125793);PubChem:(17986608);SuperNatural:(SN00292054);PubMed	3178562
10	1	N/A	-260.5025314649421	C19H38O4	[M - H2O + H]+	VWFGBMFJJPHJPW	InChI=1S/C19H38O4/c1-13(2)9-7-10-14(3)11-8-12-19(6)22-17(15(4)20)18(23-19)16(5)21/h13-18,20-21H,7-12H2,1-6H3	(1R)-1-[(4R,5R)-2-(4,8-dimethylnonyl)-5-[(1R)-1-hydroxyethyl]-2-methyl-1,3-dioxolan-4-yl]ethanol	CC(C)CCCC(C)CCCC1(OC(C(O1)C(C)O)C(C)O)C	4.69999981	14609990;71738621	COCONUT:(CNP0117356);Natural Products:(UNPD228360);PubChem:(14609990 71738621)	2129922
1	1	N/A	-65.4014384881586	C19H36O3	[M + H]+	PEBIXVCZWGYSTN	InChI=1S/C19H36O3/c1-2-3-4-5-6-9-12-15-18(20)16-13-10-7-8-11-14-17-19(21)22/h2-17H2,1H3,(H,21,22)	10-oxononadecanoic acid	CCCCCCCCCC(=O)CCCCCCCCC(=O)O	6.24566269	5312916	PubChem:(5312916);CHEBI:(138422)	34
2	1	N/A	-67.55835450333143	C19H36O3	[M + H]+	YZQUPDATKHOMLU	InChI=1S/C19H36O3/c1-3-4-5-6-9-12-15-18(20)16-13-10-7-8-11-14-17-19(21)22-2/h3-17H2,1-2H3	Methyl 10-ketostearate	CCCCCCCCC(=O)CCCCCCCCC(=O)OC	6.0999999	543603	COCONUT:(CNP0252345);Natural Products:(UNPD132446);PubChem:(543603)	2129922
3	1	N/A	-68.91595333842825	C19H36O3	[M + H]+	NNUFZSSGONRIJT	InChI=1S/C19H36O3/c1-3-4-5-6-7-9-12-15-18(20)16-13-10-8-11-14-17-19(21)22-2/h3-17H2,1-2H3	Methyl 9-oxostearate	CCCCCCCCCC(=O)CCCCCCCC(=O)OC	6.0999999	536966	COCONUT:(CNP0252541);Natural Products:(UNPD48624);PubChem:(536966)	2129922
4	1	N/A	-69.19001263205963	C19H36O3	[M + H]+	CJIHQKTUUVMNSU	InChI=1S/C19H36O3/c1-3-4-11-14-17-18(22-17)15-12-9-7-5-6-8-10-13-16-19(20)21-2/h17-18H,3-16H2,1-2H3	Methyl 11-(3-pentyl-2-oxiranyl)undecanoate	CCCCCC1C(O1)CCCCCCCCCCC(=O)OC	6.5	543248;21635955;71360559;91692401;91692407	COCONUT:(CNP0374250);PubChem:(543248 21635955 71360559 91692401 91692407);SuperNatural:(SN00035217 SN00035216 SN00035215 SN00035218);ZINC bio:(ZINC64220115 ZINC64220116 ZINC64220117 ZINC64220118)	3153922
5	1	N/A	-69.21783164406531	C19H36O3	[M + H]+	CAMHHLOGFDZBBG	InChI=1S/C19H36O3/c1-3-4-5-6-8-11-14-17-18(22-17)15-12-9-7-10-13-16-19(20)21-2/h17-18H,3-16H2,1-2H3	Methyl 3-octyloxiraneoctanoate	CCCCCCCCC1C(O1)CCCCCCCC(=O)OC	6.5	543923;6451414;6454051;11001473;16219321;22213501	NORMAN:(NS00045879);COCONUT:(CNP0396532);Natural Products:(UNPD113261 UNPD45990);PubChem:(543923 6451414 6454051 11001473 16219321 22213501);SuperNatural:(SN00305055 SN00387606);MeSH:(543923 11001473);PubMed;KEGG Mine	8593375302
6	1	N/A	-70.55261708501433	C19H36O3	[M + H]+	XVSPEBNRFAFNAV	InChI=1S/C19H36O3/c1-3-4-5-12-15-18(20)16-13-10-8-6-7-9-11-14-17-19(21)22-2/h3-17H2,1-2H3	ACMC-20akjk	CCCCCCC(=O)CCCCCCCCCCC(=O)OC	6.0999999	137570	COCONUT:(CNP0397496);PubChem:(137570);SuperNatural:(SN00011219);ZINC bio:(ZINC04529418)	3153922
7	1	N/A	-71.09283098237121	C19H36O3	[M + H]+	PJELCFQUQJJWGD	InChI=1S/C19H36O3/c1-3-4-12-15-18(20)16-13-10-8-6-5-7-9-11-14-17-19(21)22-2/h3-17H2,1-2H3	Methyl 13-oxostearate	CCCCCC(=O)CCCCCCCCCCCC(=O)OC	6.0999999	537022	COCONUT:(CNP0248223);Natural Products:(UNPD130161);PubChem:(537022);SuperNatural:(SN00035210);ZINC bio:(ZINC64220110)	3186690
8	1	N/A	-72.18296922435576	C19H36O3	[M + H]+	QJTGGJRVQKZYMO	InChI=1S/C19H36O3/c1-3-4-5-9-12-15-18(20)16-13-10-7-6-8-11-14-17-19(21)22-2/h3-17H2,1-2H3	Octadecanoic acid, 11-oxo-, methyl ester	CCCCCCCC(=O)CCCCCCCCCC(=O)OC	6.0999999	14454482	COCONUT:(CNP0413254);Natural Products:(UNPD98257);PubChem:(14454482)	2129922
9	1	N/A	-72.4803159899157	C19H36O3	[M + H]+	SPVJKPBJLRNLPI	InChI=1S/C19H36O3/c1-22-19(21)17-15-13-11-9-7-5-3-2-4-6-8-10-12-14-16-18-20/h2-3,20H,4-18H2,1H3	9-Octadecenoic acid, 18-hydroxy-, methyl ester	COC(=O)CCCCCCCC=CCCCCCCCCO	6.0	11702365;20146971;54318362	COCONUT:(CNP0248945);Natural Products:(UNPD84089 UNPD106535 UNPD218167);PubChem:(11702365 20146971 54318362);SuperNatural:(SN00252895);KEGG Mine	8593113090
10	1	N/A	-73.79579477033028	C19H36O3	[M + H]+	WYJRXGALGVIRCQ	InChI=1S/C19H36O3/c1-3-4-5-6-7-8-9-12-15-18(20)16-13-10-11-14-17-19(21)22-2/h3-17H2,1-2H3	Methyl 8-oxostearate	CCCCCCCCCCC(=O)CCCCCCC(=O)OC	6.0999999	604227	COCONUT:(CNP0160527);Natural Products:(UNPD48532);PubChem:(604227)	2129922
11	1	N/A	-74.3768078099483	C19H36O3	[M + H]+	GSDRPKJZNUOSDT	InChI=1S/C19H36O3/c1-3-4-5-6-7-9-12-15-18(20)16-13-10-8-11-14-17-19(21)22-2/h9,12,18,20H,3-8,10-11,13-17H2,1-2H3	null	CCCCCCC=CCC(CCCCCCCC(=O)OC)O	6.12840986	""	COCONUT:(CNP0373395);Natural Products:(UNPD148919);SuperNatural:(SN00296990)	3178496
12	1	N/A	-76.15250415728279	C19H36O3	[M + H]+	CZIMTJBUEYHHCM	InChI=1S/C19H36O3/c1-3-4-15-18(20)16-13-11-9-7-5-6-8-10-12-14-17-19(21)22-2/h3-17H2,1-2H3	Octadecanoic acid, 14-oxo-, methyl ester	CCCCC(=O)CCCCCCCCCCCCC(=O)OC	6.20617819	13991164	COCONUT:(CNP0292875);Natural Products:(UNPD162382);PubChem:(13991164)	2129922
13	1	N/A	-82.00125656336063	C19H36O3	[M + H]+	XKGDWZQXVZSXAO	InChI=1S/C19H36O3/c1-3-4-5-12-15-18(20)16-13-10-8-6-7-9-11-14-17-19(21)22-2/h10,13,18,20H,3-9,11-12,14-17H2,1-2H3	Flexricin P-1	CCCCCCC(CC=CCCCCCCCC(=O)OC)O	6.0999999	8841;219669;6032867;5354133;5364698;6507945;11823123;40468178;129704279	PubChem class - food;SuperNatural:(SN00020644 SN00230538 SN00006015);ZINC bio:(ZINC03875931 ZINC13541731 ZINC14494861);additional;HSDB:(141-24-2);MeSH:(8841 219669 5354133 5364698 6032867 6507945);PubMed;NORMAN:(NS00013859);COCONUT:(CNP0179358);Natural Products:(UNPD209705 UNPD127178 UNPD119280 UNPD71998);PubChem:(8841 219669 6032867 5354133 5364698 6507945 11823123 40468178 129704279);PubChem class - safety and toxic;Training Set;KEGG Mine	8795251270
14	1	N/A	-87.15657999195129	C19H36O3	[M + H]+	CQVPXNVLTFUYEO	InChI=1S/C19H36O3/c1-3-4-5-6-7-9-12-15-18(20)16-13-10-8-11-14-17-19(21)22-2/h7,9,18,20H,3-6,8,10-17H2,1-2H3	methyl (Z)-9-hydroxyoctadec-12-enoate	CCCCCC=CCCC(CCCCCCCC(=O)OC)O	5.9000001	13406970;71400217;101915234;101915235	COCONUT:(CNP0236466);Natural Products:(UNPD143543);PubChem:(13406970 71400217 101915234 101915235);SuperNatural:(SN00225789)	3178498
15	1	N/A	-87.78335142323922	C19H36O3	[M + H]+	XASSSMVZPSMQCP	InChI=1S/C19H36O3/c1-3-17-18(22-17)15-13-11-9-7-5-4-6-8-10-12-14-16-19(20)21-2/h17-18H,3-16H2,1-2H3	methyl 14-[(2S,3R)-3-ethyloxiran-2-yl]tetradecanoate	CCC1C(O1)CCCCCCCCCCCCCC(=O)OC	6.5999999	21635941;21635952	COCONUT:(CNP0047538);PubChem:(21635941 21635952);SuperNatural:(SN00035213 SN00035212 SN00035214 SN00035211);ZINC bio:(ZINC64220111 ZINC64220112 ZINC64220113 ZINC64220114)	3153922
16	1	N/A	-89.98778206819233	C19H36O3	[M + H]+	UKKQXJNTICLENY	InChI=1S/C19H36O3/c1-3-4-5-6-7-8-9-10-11-12-13-14-15-16-18(20)17-19(21)22-2/h3-17H2,1-2H3	Methyl3-oxooctadecanoate	CCCCCCCCCCCCCCCC(=O)CC(=O)OC	7.30000019	84501	NORMAN:(NS00024727);COCONUT:(CNP0165399);Natural Products:(UNPD216048);PubChem:(84501)	2392066
17	1	N/A	-92.56204991843907	C19H36O3	[M + H]+	IYSITFOIRGLNED	InChI=1S/C19H36O3/c1-3-18(20)16-14-12-10-8-6-4-5-7-9-11-13-15-17-19(21)22-2/h3-17H2,1-2H3	Methyl 16-oxostearate	CCC(=O)CCCCCCCCCCCCCCC(=O)OC	6.30000019	624850	COCONUT:(CNP0124129);Natural Products:(UNPD32659);PubChem:(624850)	2129922
18	1	N/A	-106.92064631222561	C19H36O3	[M + H]+	BVRPGVKJUHZXTH	InChI=1S/C19H36O3/c1-3-4-5-6-7-8-9-10-11-12-13-15-18(20)16-14-17-19(21)22-2/h3-17H2,1-2H3	Methyl 5-oxooctadecanoate	CCCCCCCCCCCCCC(=O)CCCC(=O)OC	6.30000019	3483658	COCONUT:(CNP0384008);Natural Products:(UNPD99492);PubChem:(3483658)	2129922
19	1	N/A	-111.08125598943468	C19H36O3	[M + H]+	OKDDONFWHSATNB	InChI=1S/C19H36O3/c1-2-3-4-5-6-7-8-9-10-11-12-15-19(20)22-17-18-14-13-16-21-18/h18H,2-17H2,1H3	Tetrahydrofurfuryl myristate	CCCCCCCCCCCCCC(=O)OCC1CCCO1	6.80000019	3023997	PubChem:(3023997);NORMAN:(NS00066731)	262146
20	1	N/A	-111.87322750034744	C19H36O3	[M + H]+	UIUPUTHABPRTHT	InChI=1S/C19H36O3/c1-3-4-5-6-7-8-9-10-11-12-13-14-15-18(20)16-17-19(21)22-2/h3-17H2,1-2H3	Methyl 4-oxooctadecanoate	CCCCCCCCCCCCCCC(=O)CCC(=O)OC	6.5	582540	COCONUT:(CNP0217380);Natural Products:(UNPD156600);PubChem:(582540)	2129922
21	1	N/A	-116.16906748407546	C19H36O3	[M + H]+	HTLXEMNYVIZBPL	InChI=1S/C19H36O3/c20-18-16-14-12-10-8-6-4-2-1-3-5-7-9-11-13-15-17-19(21)22/h15,17,20H,1-14,16,18H2,(H,21,22)	null	C(CCCCCCCCO)CCCCCCCC=CC(=O)O	7.0	86289805	PubChem:(86289805);CHEBI:(79180)	34
22	1	N/A	-119.26530400785003	C19H36O3	[M + H]+	SVWJXEGKYDLPRN	InChI=1S/C19H36O3/c1-3-4-5-6-7-8-9-10-11-12-13-14-15-16-17-18-19(20)22-21-2/h10-11H,3-9,12-18H2,1-2H3	Methyl oleate peroxide	CCCCCCCCC=CCCCCCCCC(=O)OOC	7.5999999	6438056;101630620	PubChem:(6438056 101630620);PubChem class - safety and toxic	67108866
23	1	N/A	-123.42588808357213	C19H36O3	[M + H]+	NXNXUNDCVRGYCT	InChI=1S/C19H36O3/c1-18(20)16-14-12-10-8-6-4-2-3-5-7-9-11-13-15-17-19(21)22/h15,17-18,20H,2-14,16H2,1H3,(H,21,22)	null	CC(CCCCCCCCCCCCCCC=CC(=O)O)O	6.9000001	86289723	PubChem:(86289723);CHEBI:(79006)	34
24	1	N/A	-132.9317606312263	C19H36O3	[M + H]+	YOHFGOLWIPJHER	InChI=1S/C19H36O3/c1-5-12-17-15(2)16(3)18(22-17)13-10-8-6-7-9-11-14-19(20)21-4/h15-18H,5-14H2,1-4H3	null	CCCC1C(C(C(O1)CCCCCCCCC(=O)OC)C)C	5.7667222	""	COCONUT:(CNP0211512);Natural Products:(UNPD27904);SuperNatural:(SN00234428)	3178496
25	1	N/A	-133.08598958282093	C19H36O3	[M + H]+	CTAVBSJDGRRDNY	InChI=1S/C19H36O3/c1-3-4-5-6-7-8-9-10-11-12-13-14-15-16-18(20)17(2)19(21)22/h17H,3-16H2,1-2H3,(H,21,22)	null	CCCCCCCCCCCCCCCC(=O)C(C)C(=O)O	7.5	137347933	PubChem:(137347933);PubChem class - bio and metabolites	16777218
26	1	N/A	-140.17258218919076	C19H36O3	[M + H]+	NFGXMNREFYZHCW	InChI=1S/C19H36O3/c1-3-4-5-6-7-8-9-10-11-12-13-14-15-16-17-18(22-2)19(20)21/h13-14,18H,3-12,15-17H2,1-2H3,(H,20,21)	(Z)-2-methoxyoctadec-6-enoic acid	CCCCCCCCCCCC=CCCCC(C(=O)O)OC	7.0999999	21776357;73837186;132822207;132822208	MeSH:(21776357);PubChem:(21776357 73837186 132822207 132822208);PubMed	70
27	1	N/A	-140.7866754820671	C19H36O3	[M + H]+	WJYKVPMEISIQKB	InChI=1S/C19H36O3/c1-5-6-9-12-17-15(2)16(3)18(22-17)13-10-7-8-11-14-19(20)21-4/h15-18H,5-14H2,1-4H3	null	CCCCCC1C(C(C(O1)CCCCCCC(=O)OC)C)C	5.7667222	""	COCONUT:(CNP0177679);Natural Products:(UNPD122431);SuperNatural:(SN00362542)	3178496
28	1	N/A	-141.58967820699928	C19H36O3	[M + H]+	YURWZDJEVHQYGV	InChI=1S/C19H36O3/c1-3-4-5-6-7-8-9-10-11-12-13-14-15-16-17-18(20)19(21)22-2/h10-11,18,20H,3-9,12-17H2,1-2H3	9-Octadecenoic acid, hydroxy-, methyl ester	CCCCCCCCC=CCCCCCCC(C(=O)OC)O	6.9000001	71356337;87221142;87221143;102376542;102376543;102376544;102376545	COCONUT:(CNP0242499);Natural Products:(UNPD51511 UNPD229115);PubChem:(71356337 87221142 87221143 102376542 102376543 102376544 102376545);SuperNatural:(SN00348518);KEGG Mine	8593113090
29	1	N/A	-149.79183732591324	C19H36O3	[M + H]+	HHAKWRQGEQMRLW	InChI=1S/C19H36O3/c1-2-3-4-5-6-9-12-17-15-22-16-18(17)13-10-7-8-11-14-19(20)21/h17-18H,2-16H2,1H3,(H,20,21)	10-Oxaprostanoicacid	CCCCCCCCC1COCC1CCCCCCC(=O)O	6.30000019	193847;53463626	MeSH:(193847);PubChem:(193847 53463626);PubMed	70
30	1	N/A	-176.84362720694577	C19H36O3	[M + H]+	SGQMGABRRCOLGS	InChI=1S/C19H36O3/c1-22-19(21)16-18(20)15-11-5-3-2-4-8-12-17-13-9-6-7-10-14-17/h17-18,20H,2-16H2,1H3	null	COC(=O)CC(CCCCCCCCC1CCCCCC1)O	6.04064322	""	COCONUT:(CNP0292138);Natural Products:(UNPD163762)	2129920
31	1	N/A	-179.2141668012425	C19H36O3	[M + H]+	ZUZRSAWJTGDYAK	InChI=1S/C19H36O3/c1-2-3-4-9-12-16-15-17(16)13-10-7-5-6-8-11-14-18(20)19(21)22/h16-18,20H,2-15H2,1H3,(H,21,22)	null	CCCCCCC1CC1CCCCCCCCC(C(=O)O)O	7.19999981	129630269	COCONUT:(CNP0151508);Natural Products:(UNPD46201);PubChem:(129630269);SuperNatural:(SN00306968);KEGG Mine	8593113090
32	1	N/A	-189.80218177367487	C19H36O3	[M + H]+	ZPHRIOPZYRKRRG	InChI=1S/C19H36O3/c1-3-5-7-8-9-10-12-13-16(20)19-15-17(21)18(22-19)14-11-6-4-2/h3,16-21H,1,4-15H2,2H3	5-(1-hydroxydec-9-enyl)-2-pentyloxolan-3-ol	CCCCCC1C(CC(O1)C(CCCCCCCC=C)O)O	5.4000001	362024;494498;10018427;10969002;10969003;13288609;13288610;11077855;11120550;11781943;11781945;10448256;10495344;21627240;21627241;53348413;53350173;90662538;91039345;102035176;102035180;132535616;135037836	COCONUT:(CNP0147184);Natural Products:(UNPD184385 UNPD31278);PubChem:(362024 494498 10018427 10969002 10969003 13288609 13288610 11077855 11120550 11781943 11781945 10448256 10495344 21627240 21627241 53348413 53350173 90662538 91039345 102035176 102035180 132535616 135037836);SuperNatural:(SN00248230);PubMed	3178562
33	1	N/A	-209.50609225741746	C19H36O3	[M + H]+	MVYSUTIAAQDMGB	InChI=1S/C19H36O3/c1-14(2)8-6-9-15(3)10-7-11-16(4)12-13-18(20)17(5)19(21)22/h14-17H,6-13H2,1-5H3,(H,21,22)	2,6,10,14-tetramethyl-3-oxopentadecanoic acid	CC(C)CCCC(C)CCCC(C)CCC(=O)C(C)C(=O)O	6.69999981	70788953	PubChem:(70788953);CHEBI:(63891);KEGG Mine	8589934626
34	1	N/A	-215.31079546751167	C19H36O3	[M + H]+	IOQYRDAQBPDYNV	InChI=1S/C19H36O3/c1-3-4-5-6-7-8-9-10-11-12-13-14-15-16-17-18(20)19(21)22-2/h16-18,20H,3-15H2,1-2H3	Methyl (E)-2-hydroxyoctadec-3-enoate	CCCCCCCCCCCCCCC=CC(C(=O)OC)O	7.5	11066949;14376443;11771372;73095142	COCONUT:(CNP0287457);Natural Products:(UNPD69023);PubChem:(11066949 14376443 11771372 73095142);SuperNatural:(SN00326283)	3178498
35	1	N/A	-221.4480558418449	C19H36O3	[M + H]+	GCLFCKUONLYPPX	InChI=1S/C19H36O3/c1-22-19(21)18(20)16-12-6-4-2-3-5-9-13-17-14-10-7-8-11-15-17/h17-18,20H,2-16H2,1H3	null	COC(=O)C(CCCCCCCCCC1CCCCCC1)O	6.322227	""	COCONUT:(CNP0116676);Natural Products:(UNPD27005);SuperNatural:(SN00318699)	3178496
36	1	N/A	-278.50789312062955	C19H36O3	[M + H]+	BEEKFGLUGMQFSX	InChI=1S/C19H36O3/c1-3-4-5-6-7-8-9-10-11-12-13-14-15-17-18(20)16(2)22-19(17)21/h16-18,20H,3-15H2,1-2H3	(3S,4S,5R)-4-hydroxy-5-methyl-3-tetradecyloxolan-2-one	CCCCCCCCCCCCCCC1C(C(OC1=O)C)O	7.0999999	10567128;10662953;11077856;11174423;11186053;21795758	COCONUT:(CNP0201476);Natural Products:(UNPD181006);PubChem:(10567128 10662953 11077856 11174423 11186053 21795758);SuperNatural:(SN00294536)	3178498