structureRankPerFormula	formulaRank	ConfidenceScore	CSI:FingerIDScore	molecularFormula	adduct	InChIkey2D	InChI	name	smiles	xlogp	pubchemids	links	dbflags
1	1	N/A	-217.29593821346378	C44H82NO10P	[M - H2O + H]+	YEKGDVVXEDFZAD	InChI=1S/C44H82NO10P/c1-3-5-7-9-11-13-15-17-18-19-20-21-22-24-26-28-30-32-34-36-43(47)55-40(38-53-56(50,51)54-39-41(45)44(48)49)37-52-42(46)35-33-31-29-27-25-23-16-14-12-10-8-6-4-2/h11,13,17-18,40-41H,3-10,12,14-16,19-39,45H2,1-2H3,(H,48,49)(H,50,51)	1-hexadecanoyl-2-(13Z,16Z-docosadienoyl)-glycero-3-phosphoserine	CCCCCCCCCCCCCCCC(=O)OCC(COP(=O)(O)OCC(C(=O)O)N)OC(=O)CCCCCCCCCCCC=CCC=CCCCCC	11.5	52925310;134780954;138303677	HMDB:(112351);PubChem:(52925310 134780954 138303677);PubChem class - bio and metabolites	16777226
2	1	N/A	-217.29593821346378	C44H82NO10P	[M - H2O + H]+	KELGSHJXOKETBM	InChI=1S/C44H82NO10P/c1-3-5-7-9-11-13-15-17-19-20-22-23-25-27-29-31-33-35-42(46)52-37-40(38-53-56(50,51)54-39-41(45)44(48)49)55-43(47)36-34-32-30-28-26-24-21-18-16-14-12-10-8-6-4-2/h11,13,17,19,40-41H,3-10,12,14-16,18,20-39,45H2,1-2H3,(H,48,49)(H,50,51)	1-(11Z,14Z-eicosadienoyl)-2-octadecanoyl-glycero-3-phosphoserine	CCCCCCCCCCCCCCCCCC(=O)OC(COC(=O)CCCCCCCCCC=CCC=CCCCCC)COP(=O)(O)OCC(C(=O)O)N	11.5	52925679;134743449	HMDB:(112572);PubChem:(52925679 134743449);PubChem class - bio and metabolites	16777226
3	1	N/A	-217.29593821346378	C44H82NO10P	[M - H2O + H]+	SHPVDAWYGBNNGE	InChI=1S/C44H82NO10P/c1-3-5-7-9-11-13-15-17-19-20-22-24-26-28-30-32-34-36-43(47)55-40(38-53-56(50,51)54-39-41(45)44(48)49)37-52-42(46)35-33-31-29-27-25-23-21-18-16-14-12-10-8-6-4-2/h12,14,18,21,40-41H,3-11,13,15-17,19-20,22-39,45H2,1-2H3,(H,48,49)(H,50,51)	1-(9Z,12Z-octadecadienoyl)-2-eicosanoyl-glycero-3-phosphoserine	CCCCCCCCCCCCCCCCCCCC(=O)OC(COC(=O)CCCCCCCC=CCC=CCCCCC)COP(=O)(O)OCC(C(=O)O)N	11.5	52925466;134766656	HMDB:(112429);PubChem:(52925466 134766656);PubChem class - bio and metabolites	16777226
4	1	N/A	-217.29593821346378	C44H82NO10P	[M - H2O + H]+	VQBUNNLIFOLWSM	InChI=1S/C44H82NO10P/c1-3-5-7-9-11-13-15-17-19-20-22-24-26-28-30-32-34-36-43(47)55-40(38-53-56(50,51)54-39-41(45)44(48)49)37-52-42(46)35-33-31-29-27-25-23-21-18-16-14-12-10-8-6-4-2/h11,13,17,19,40-41H,3-10,12,14-16,18,20-39,45H2,1-2H3,(H,48,49)(H,50,51)	1-octadecanoyl-2-(11Z,14Z-eicosadienoyl)-glycero-3-phosphoserine	CCCCCCCCCCCCCCCCCC(=O)OCC(COP(=O)(O)OCC(C(=O)O)N)OC(=O)CCCCCCCCCC=CCC=CCCCCC	11.5	52926067;134773932;138282322	HMDB:(112376);PubChem:(52926067 134773932 138282322);PubChem class - bio and metabolites	16777226
5	1	N/A	-217.29593821346378	C44H82NO10P	[M - H2O + H]+	DULYYYPVJPEIAL	InChI=1S/C44H82NO10P/c1-3-5-7-9-11-13-15-17-18-19-20-21-22-24-25-27-29-31-33-35-42(46)52-37-40(38-53-56(50,51)54-39-41(45)44(48)49)55-43(47)36-34-32-30-28-26-23-16-14-12-10-8-6-4-2/h11,13,17-18,40-41H,3-10,12,14-16,19-39,45H2,1-2H3,(H,48,49)(H,50,51)	1-(13Z,16Z-docosadienoyl)-2-hexadecanoyl-glycero-3-phosphoserine	CCCCCCCCCCCCCCCC(=O)OC(COC(=O)CCCCCCCCCCCC=CCC=CCCCCC)COP(=O)(O)OCC(C(=O)O)N	11.5	52925872;134728073	HMDB:(112764);PubChem:(52925872 134728073);PubChem class - bio and metabolites	16777226
6	1	N/A	-217.29593821346378	C44H82NO10P	[M - H2O + H]+	MBVNMGSYVTUTBM	InChI=1S/C44H82NO10P/c1-3-5-7-9-11-13-15-17-19-20-22-23-25-27-29-31-33-35-42(46)52-37-40(38-53-56(50,51)54-39-41(45)44(48)49)55-43(47)36-34-32-30-28-26-24-21-18-16-14-12-10-8-6-4-2/h12,14,18,21,40-41H,3-11,13,15-17,19-20,22-39,45H2,1-2H3,(H,48,49)(H,50,51)	1-20:0-2-18:2-phosphatidylserine	CCCCCCCCCCCCCCCCCCCC(=O)OCC(COP(=O)(O)OCC(C(=O)O)N)OC(=O)CCCCCCCC=CCC=CCCCCC	11.5	25245379;52926057;102515411;134748882	HMDB:(112519);PubChem:(25245379 52926057 102515411 134748882);Biocyc:(CPD-8397);PubChem class - bio and metabolites	16779274
7	1	N/A	-221.57939970548745	C44H82NO10P	[M - H2O + H]+	IOGTZSHHILXYSV	InChI=1S/C44H82NO10P/c1-3-5-7-9-11-13-15-17-19-20-22-23-25-27-29-31-33-35-42(46)52-37-40(38-53-56(50,51)54-39-41(45)44(48)49)55-43(47)36-34-32-30-28-26-24-21-18-16-14-12-10-8-6-4-2/h17-19,21,40-41H,3-16,20,22-39,45H2,1-2H3,(H,48,49)(H,50,51)	1-(11Z-eicosenoyl)-2-(9Z-octadecenoyl)-glycero-3-phosphoserine	CCCCCCCCC=CCCCCCCCCCC(=O)OCC(COP(=O)(O)OCC(C(=O)O)N)OC(=O)CCCCCCCC=CCCCCCCCC	11.3000002	52925650;134738791	HMDB:(112547);PubChem:(52925650 134738791);PubChem class - bio and metabolites	16777226
8	1	N/A	-221.57939970548745	C44H82NO10P	[M - H2O + H]+	UOIREORWDLQXSA	InChI=1S/C44H82NO10P/c1-3-5-7-9-11-13-15-16-17-18-19-20-21-22-23-24-26-28-30-32-34-36-43(47)55-40(38-53-56(50,51)54-39-41(45)44(48)49)37-52-42(46)35-33-31-29-27-25-14-12-10-8-6-4-2/h10,12,16-17,40-41H,3-9,11,13-15,18-39,45H2,1-2H3,(H,48,49)(H,50,51)	null	CCCCCCCCC=CCCCCCCCCCCCCCC(=O)OC(COC(=O)CCCCCCCC=CCCCC)COP(=O)(O)OCC(C(=O)O)N	11.3000002	131819702;134771048	HMDB:(112292);PubChem:(131819702 134771048);PubChem class - bio and metabolites	16777226
9	1	N/A	-221.57939970548745	C44H82NO10P	[M - H2O + H]+	IIQYZGWQUHYURC	InChI=1S/C44H82NO10P/c1-3-5-7-9-11-13-15-17-19-20-22-24-26-28-30-32-34-36-43(47)55-40(38-53-56(50,51)54-39-41(45)44(48)49)37-52-42(46)35-33-31-29-27-25-23-21-18-16-14-12-10-8-6-4-2/h17-19,21,40-41H,3-16,20,22-39,45H2,1-2H3,(H,48,49)(H,50,51)	1-(9Z-octadecenoyl)-2-(11Z-eicosenoyl)-glycero-3-phosphoserine	CCCCCCCCC=CCCCCCCCCCC(=O)OC(COC(=O)CCCCCCCC=CCCCCCCCC)COP(=O)(O)OCC(C(=O)O)N	11.3000002	52926063;134738155;138177226	HMDB:(112412);PubChem:(52926063 134738155 138177226);PubChem class - bio and metabolites	16777226
10	1	N/A	-221.57939970548745	C44H82NO10P	[M - H2O + H]+	YFWKGOYNCRFQDZ	InChI=1S/C44H82NO10P/c1-3-5-7-9-11-13-15-17-19-20-22-23-25-27-29-31-33-35-42(46)52-37-40(38-53-56(50,51)54-39-41(45)44(48)49)55-43(47)36-34-32-30-28-26-24-21-18-16-14-12-10-8-6-4-2/h14,16-17,19,40-41H,3-13,15,18,20-39,45H2,1-2H3,(H,48,49)(H,50,51)	null	CCCCCCCCC=CCCCCCCCCCC(=O)OCC(COP(=O)(O)OCC(C(=O)O)N)OC(=O)CCCCCCCCCC=CCCCCCC	11.3000002	131819807;134781079	HMDB:(112546);PubChem:(131819807 134781079);PubChem class - bio and metabolites	16777226
11	1	N/A	-221.57939970548745	C44H82NO10P	[M - H2O + H]+	IDGUMOJKVRIWCO	InChI=1S/C44H82NO10P/c1-3-5-7-9-11-13-15-16-17-18-19-20-21-22-23-24-26-27-29-31-33-35-42(46)52-37-40(38-53-56(50,51)54-39-41(45)44(48)49)55-43(47)36-34-32-30-28-25-14-12-10-8-6-4-2/h10,12,16-17,40-41H,3-9,11,13-15,18-39,45H2,1-2H3,(H,48,49)(H,50,51)	null	CCCCCCCCC=CCCCCCCCCCCCCCC(=O)OCC(COP(=O)(O)OCC(C(=O)O)N)OC(=O)CCCCCCCC=CCCCC	11.3000002	131820030;134737535	HMDB:(112911);PubChem:(131820030 134737535);PubChem class - bio and metabolites	16777226
12	1	N/A	-221.57939970548745	C44H82NO10P	[M - H2O + H]+	ATYNXHHNUUZAKR	InChI=1S/C44H82NO10P/c1-3-5-7-9-11-13-15-17-18-19-20-21-22-24-25-27-29-31-33-35-42(46)52-37-40(38-53-56(50,51)54-39-41(45)44(48)49)55-43(47)36-34-32-30-28-26-23-16-14-12-10-8-6-4-2/h14,16-18,40-41H,3-13,15,19-39,45H2,1-2H3,(H,48,49)(H,50,51)	null	CCCCCCCCC=CCCCCCCCCCCCC(=O)OCC(COP(=O)(O)OCC(C(=O)O)N)OC(=O)CCCCCCCC=CCCCCCC	11.3000002	131819910;134719512	HMDB:(112740);PubChem:(131819910 134719512);PubChem class - bio and metabolites	16777226
13	1	N/A	-221.57939970548745	C44H82NO10P	[M - H2O + H]+	LEHMHNFPLTXPMR	InChI=1S/C44H82NO10P/c1-3-5-7-9-11-13-15-17-18-19-20-21-22-24-26-28-30-32-34-36-43(47)55-40(38-53-56(50,51)54-39-41(45)44(48)49)37-52-42(46)35-33-31-29-27-25-23-16-14-12-10-8-6-4-2/h14,16-18,40-41H,3-13,15,19-39,45H2,1-2H3,(H,48,49)(H,50,51)	null	CCCCCCCCC=CCCCCCCCCCCCC(=O)OC(COC(=O)CCCCCCCC=CCCCCCC)COP(=O)(O)OCC(C(=O)O)N	11.3000002	131819731;134746241;138200937	HMDB:(112365);PubChem:(131819731 134746241 138200937);PubChem class - bio and metabolites	16777226
14	1	N/A	-221.57939970548745	C44H82NO10P	[M - H2O + H]+	ZKLDBIKEXWKEGP	InChI=1S/C44H82NO10P/c1-3-5-7-9-11-13-15-17-19-20-22-24-26-28-30-32-34-36-43(47)55-40(38-53-56(50,51)54-39-41(45)44(48)49)37-52-42(46)35-33-31-29-27-25-23-21-18-16-14-12-10-8-6-4-2/h14,16-17,19,40-41H,3-13,15,18,20-39,45H2,1-2H3,(H,48,49)(H,50,51)	null	CCCCCCCCC=CCCCCCCCCCC(=O)OC(COC(=O)CCCCCCCCCC=CCCCCCC)COP(=O)(O)OCC(C(=O)O)N	11.3000002	131819748;134784427	HMDB:(112393);PubChem:(131819748 134784427);PubChem class - bio and metabolites	16777226
1	1	N/A	-61.67011657110811	C44H80NO9P	[M + H]+	IVTVKFZMSCWBFZ	InChI=1S/C44H80NO9P/c1-6-8-10-12-14-16-18-20-22-24-26-28-30-33-41(46)34-32-36-44(48)54-42(40-53-55(49,50)52-38-37-45(3,4)5)39-51-43(47)35-31-29-27-25-23-21-19-17-15-13-11-9-7-2/h14,16,20,22,26,28,30,33,41-42,46H,6-13,15,17-19,21,23-25,27,29,31-32,34-40H2,1-5H3/p+1	1-Palmitoyl-2-(5-hydroxy-6,8,11,14-eicosatetraenoyl)-glycero-3-phosphocholine	CCCCCCCCCCCCCCCC(=O)OCC(COP(=O)(O)OCC[N+](C)(C)C)OC(=O)CCCC(C=CC=CCC=CCC=CCCCCC)O	11.6999998	6439198;6913102;52929779;52929780;91331340;134739629;134739630;138181528;138181529	COCONUT:(CNP0196607);MeSH:(6439198);PubChem:(6439198 6913102 52929779 52929780 91331340 134739629 134739630 138181528 138181529);PubMed;CHEBI:(131655)	2097254
2	1	N/A	-93.33611729165827	C44H80NO9P	[M + H]+	SJCASUIXKYTFID	InChI=1S/C44H80NO9P/c1-6-8-10-11-12-13-14-15-18-21-24-27-31-35-43(47)51-39-42(40-53-55(49,50)52-38-37-45(3,4)5)54-44(48)36-32-28-25-22-19-16-17-20-23-26-30-34-41(46)33-29-9-7-2/h16-17,22-23,25-26,30,34,41-42,46H,6-15,18-21,24,27-29,31-33,35-40H2,1-5H3/p+1	1-Palmitoyl-2-(15-hydroxy-5,8,11,13-eicosatetraenoyl)-glycero-3-phosphocholine	CCCCCCCCCCCCCCCC(=O)OCC(COP(=O)(O)OCC[N+](C)(C)C)OC(=O)CCCC=CCC=CCC=CC=CC(CCCCC)O	11.5	6439201;6913103;91232025;101206053;134766794;134766795	MeSH:(6439201);PubChem:(6439201 6913103 91232025 101206053 134766794 134766795);PubMed	70
3	1	N/A	-104.82526463012883	C44H80NO9P	[M + H]+	YQWFSBLEXGUMGO	InChI=1S/C44H80NO9P/c1-6-8-10-12-14-15-16-17-18-19-23-27-31-35-43(47)51-39-42(40-53-55(49,50)52-38-37-45(3,4)5)54-44(48)36-32-28-24-21-20-22-26-30-34-41(46)33-29-25-13-11-9-7-2/h21-22,24-26,29-30,34,41-42,46H,6-20,23,27-28,31-33,35-40H2,1-5H3/p+1	1-hexadecanoyl-2-(12S-hydroxy-5Z,8Z,10E,14Z-eicosatetraenoyl)-sn-glycero-3-phosphocholine	CCCCCCCCCCCCCCCC(=O)OCC(COP(=O)(O)OCC[N+](C)(C)C)OC(=O)CCCC=CCC=CC=CC(CC=CCCCCC)O	11.6000004	52929777;52929778;91348031;101494185;134782300;134782301	COCONUT:(CNP0310861);PubChem:(52929777 52929778 91348031 101494185 134782300 134782301);PubMed;CHEBI:(131654)	2097250
1	2	0.2422919160318887	-55.46823417792215	C42H82NO9P	[M + Na]+	GSWLBFLGSWEXML	InChI=1S/C42H82NO9P/c1-6-8-10-12-14-15-16-17-18-19-20-24-28-32-41(44)48-36-38(37-50-53(46,47)49-35-34-43(3,4)5)51-42(45)33-29-25-21-23-27-31-40-39(52-40)30-26-22-13-11-9-7-2/h38-40H,6-37H2,1-5H3/p+1	1-Palmitoyl-2-epoxystearoylphosphatidylcholine	CCCCCCCCCCCCCCCC(=O)OCC(COP(=O)(O)OCC[N+](C)(C)C)OC(=O)CCCCCCCC1C(O1)CCCCCCCC	12.6000004	133449;133450;122391234;122391235	COCONUT:(CNP0082010);PubChem:(133449 133450 122391234 122391235);YMDB Mine;CHEBI:(131661);MeSH:(133449 122391234);PubMed;KEGG Mine	42951770214