structureRankPerFormula	formulaRank	ConfidenceScore	CSI:FingerIDScore	molecularFormula	adduct	InChIkey2D	InChI	name	smiles	xlogp	pubchemids	links	dbflags
1	1	N/A	-113.76786959395085	C11H18O9	[M + H]+	KVRQQFBSAHPTAB	InChI=1S/C11H18O9/c1-4(5(14)2-12)10(18)20-11-9(17)8(16)7(15)6(3-13)19-11/h5-9,11-17H,1-3H2	Tuliposide B	C=C(C(CO)O)C(=O)OC1C(C(C(C(O1)CO)O)O)O	-3.0	441643;4481059;11969012;21550676;46947448;52942535;56936273	COCONUT:(CNP0227316);KNApSAcK:(1328);Natural Products:(UNPD107224);PubChem:(441643 4481059 11969012 21550676 46947448 52942535 56936273);SuperNatural:(SN00156938);CHEBI:(9778);KEGG:(C08570);PubMed	3178866
2	1	N/A	-116.36343678892153	C11H18O9	[M + H]+	GPIJMIWHLZJMMT	InChI=1S/C11H18O9/c12-2-5-4(1-7(14)18-5)19-11-10(17)9(16)8(15)6(3-13)20-11/h4-6,8-13,15-17H,1-3H2	null	C1C(C(OC1=O)CO)OC2C(C(C(C(O2)CO)O)O)O	-3.0	102322384	COCONUT:(CNP0252439);Natural Products:(UNPD27754);PubChem:(102322384);SuperNatural:(SN00329411)	3178498
3	1	N/A	-118.5430084192275	C11H18O9	[M + H]+	FMHJNIRDGYFPEC	InChI=1S/C11H18O9/c1-4(5(13)2-12)10(17)19-3-6-7(14)8(15)9(16)11(18)20-6/h5-9,11-16,18H,1-3H2	6-O-(3R,4-dihydroxy-2-methylene-butanoyl)-beta-D-glucopyranose	C=C(C(CO)O)C(=O)OCC1C(C(C(C(O1)O)O)O)O	-3.5	25034024;24939251;56940682;101377763;101869117	COCONUT:(CNP0204600);Natural Products:(UNPD190331 UNPD31802);PubChem:(25034024 24939251 56940682 101377763 101869117);SuperNatural:(SN00232319);CHEBI:(87124);MeSH:(25034024);KEGG:(C21186);PubMed;Biocyc:(CPD-18286);KEGG Mine	8593115494
4	1	N/A	-122.55857264556033	C11H18O9	[M + H]+	MQTDVMQAXSPEHQ	InChI=1S/C11H18O9/c12-1-4-6(14)8-10(18-4)17-3-11(20-8)9(16)7(15)5(2-13)19-11/h4-10,12-16H,1-3H2	null	C1C2(C(C(C(O2)CO)O)O)OC3C(C(OC3O1)CO)O	-2.79999995	25202954	PubChem:(25202954);Biocyc:(DFA-III)	2050
5	1	N/A	-148.80771145069525	C11H18O9	[M + H]+	MDHZAFUATLVBMS	InChI=1S/C11H18O9/c1-5(6(14)2-12)11(19)20-4-8(16)10(18)9(17)7(15)3-13/h3,6-10,12,14-18H,1-2,4H2	null	C=C(C(CO)O)C(=O)OCC(C(C(C(C=O)O)O)O)O	-2.66713166	""	COCONUT:(CNP0307403)	2097152
6	1	N/A	-169.7755891590845	C11H18O9	[M + H]+	MJWRJGHIYDIAQR	InChI=1S/C11H18O9/c1-2-3-19-11(10(17)18)9(16)7(15)6(14)8(20-11)5(13)4-12/h2,5-9,12-16H,1,3-4H2,(H,17,18)	Prop-2-En-1-Yl D-Glycero-Alpha-D-Talo-Oct-2-Ulopyranosidonic Acid	C=CCOC1(C(C(C(C(O1)C(CO)O)O)O)O)C(=O)O	-2.0999999	49867201	PubChem:(49867201);PubChem class - bio and metabolites	16777218
7	1	N/A	-173.05831820142376	C11H18O9	[M + H]+	KPCWJVBMVFRAMY	InChI=1S/C11H18O9/c12-1-4-6(14)7(15)8-9(19-4)18-3-11(16)5(13)2-17-10(11)20-8/h4-10,12-16H,1-3H2	null	C1C(C2(COC3C(C(C(C(O3)CO)O)O)OC2O1)O)O	-3.4000001	21601269;101060128	COCONUT:(CNP0190307);Natural Products:(UNPD2480);PubChem:(21601269 101060128);SuperNatural:(SN00256361)	3178498
8	1	N/A	-288.687464551078	C11H18O9	[M + H]+	XBPHQASFDKGYPZ	InChI=1S/C11H18O9/c1-4(13)7-5(14)2-11(19,10(17)18)20-9(7)8(16)6(15)3-12/h5-9,12,14-16,19H,2-3H2,1H3,(H,17,18)	null	CC(=O)C1C(CC(OC1C(C(CO)O)O)(C(=O)O)O)O	-3.20000005	25162920	COCONUT:(CNP0071160);PubChem:(25162920);PubMed	2097218
1	1	0.1948015603582697	-21.450254522881195	C11H20O10	[M - H2O + H]+	BYZQBCIYLALLPA	InChI=1S/C11H20O10/c12-1-4(15)7(16)5(2-13)20-11-10(19)9(18)8(17)6(3-14)21-11/h1,4-11,13-19H,2-3H2	4-O-Galactosylxylose	C(C1C(C(C(C(O1)OC(CO)C(C(C=O)O)O)O)O)O)O	-4.4000001	3082054;19602252;21155593;101046142;129806356;129848632	COCONUT:(CNP0161563);Natural Products:(UNPD171021);PubChem:(3082054 19602252 21155593 101046142 129806356 129848632);SuperNatural:(SN00323784);YMDB Mine;MeSH:(3082054);PubMed;PubChem class - drug	34396471366
2	1	N/A	-23.04576604042594	C11H20O10	[M - H2O + H]+	ZTTRCZJSZGZSTB	InChI=1S/C11H20O10/c12-1-4(15)10(5(16)2-13)21-11-9(19)8(18)7(17)6(3-14)20-11/h1,4-11,13-19H,2-3H2	Arabinosylgalactose	C(C1C(C(C(C(O1)OC(C(CO)O)C(C=O)O)O)O)O)O	-4.4000001	193417;4427707;21126085;87601553;87771547;101212830;132506144;129850951;131707369	COCONUT:(CNP0173151);Natural Products:(UNPD4394 UNPD105149 UNPD132136 UNPD179194);PubChem:(193417 4427707 21126085 87601553 87771547 101212830 132506144 129850951 131707369);SuperNatural:(SN00262584 SN00243925 SN00242534 SN00392820);CHEBI:(73916);MeSH:(193417);PubMed;Biocyc:(CPD-3785);KEGG Mine	8593115238
3	1	N/A	-25.544146265242343	C11H20O10	[M - H2O + H]+	XOPPYWGGTZVUFP	InChI=1S/C11H20O10/c12-1-4(13)7(16)8(17)5(14)2-20-11-10(19)9(18)6(15)3-21-11/h1,4-11,13-19H,2-3H2	beta-D-Xylp-(1->6)-D-Glc	C1C(C(C(C(O1)OCC(C(C(C(C=O)O)O)O)O)O)O)O	-5.0	5460006;6452837;20056723;100995679	COCONUT:(CNP0289100);PubChem:(5460006 6452837 20056723 100995679);CHEBI:(28784);MeSH:(6452837);PubMed;KEGG Mine	8592031846
4	1	N/A	-25.77552832863133	C11H20O10	[M - H2O + H]+	SCNMSNRHKWGYGM	InChI=1S/C11H20O10/c12-1-4(14)7(16)5(15)3-20-11-10(19)9(18)8(17)6(2-13)21-11/h1,4-11,13-19H,2-3H2	null	C(C1C(C(C(C(O1)OCC(C(C(C=O)O)O)O)O)O)O)O	-3.78843021	""	COCONUT:(CNP0236015);Natural Products:(UNPD103095);KEGG Mine	8592064512
5	1	N/A	-26.96630379279635	C11H20O10	[M - H2O + H]+	AXHPKHDTOXXPGU	InChI=1S/C11H20O10/c12-1-4(15)7(16)5(2-13)20-11-10(19)9(18)8(17)6(3-14)21-11/h2,4-12,14-19H,1,3H2	(2S,3R,4R)-3,4,5-trihydroxy-2-[(2S,3R,4S,5R,6R)-3,4,5-trihydroxy-6-(hydroxymethyl)oxan-2-yl]oxypentanal	C(C1C(C(C(C(O1)OC(C=O)C(C(CO)O)O)O)O)O)O	-4.4000001	10662882;22852470;53667096;53667098;87083962;87346003;87883626;129850961	COCONUT:(CNP0170998);Natural Products:(UNPD94907 UNPD105642 UNPD7470);PubChem:(10662882 22852470 53667096 53667098 87083962 87346003 87883626 129850961);SuperNatural:(SN00319842 SN00351964 SN00368386);EcoCyc Mine;KEGG Mine	25772982274
6	1	N/A	-28.05371506385991	C11H20O10	[M - H2O + H]+	PVKZAQYUEVYDGV	InChI=1S/C11H20O10/c12-1-4(14)7(16)9(18)6(2-13)21-11-10(19)8(17)5(15)3-20-11/h2,4-12,14-19H,1,3H2	D-Glucose, O-D-xylosyl-	C1C(C(C(C(O1)OC(C=O)C(C(C(CO)O)O)O)O)O)O	-5.0	3083150;101306772	MeSH:(3083150);PubChem:(3083150 101306772);PubMed	70
7	1	N/A	-34.193515251662234	C11H20O10	[M - H2O + H]+	QYNRIDLOTGRNML	InChI=1S/C11H20O10/c12-3-1-19-11(9(17)5(3)13)20-2-4-6(14)7(15)8(16)10(18)21-4/h3-18H,1-2H2	Vicianose	C1C(C(C(C(O1)OCC2C(C(C(C(O2)O)O)O)O)O)O)O	-4.69999981	439537;441427;441487;443248;4474425;12305733;56625777;67350816;68980803;101122762;101601472;101432361;101450393;129630293;129830189	HMDB:(29897);SuperNatural:(SN00349566 SN00287268);MeSH:(4474425 12305733 56625777);Plantcyc:(VICIANOSE 6-O-BETA-D-XYLOPYRANOSYL CPD0-1202);PubMed;COCONUT:(CNP0200657);KNApSAcK:(1155);Natural Products:(UNPD171374 UNPD143819);PubChem:(439537 441427 441487 443248 4474425 12305733 56625777 67350816 68980803 101122762 101601472 101432361 101450393 129630293 129830189);CHEBI:(16177 16405);PubChem class - bio and metabolites;EcoCyc Mine;KEGG:(C08245 C11535 C01625);Biocyc:(VICIANOSE 6-O-BETA-D-XYLOPYRANOSYL CPD0-1202)	17199958398
8	1	N/A	-37.3677522459594	C11H20O10	[M - H2O + H]+	MFTSWYCHBFRGSV	InChI=1S/C11H20O10/c12-2-5(4(14)1-7(15)16)20-11-10(19)9(18)8(17)6(3-13)21-11/h4-6,8-14,17-19H,1-3H2,(H,15,16)	2-Deoxy-4-O-mannopyranosyl-erythro-pentonic acid	C(C1C(C(C(C(O1)OC(CO)C(CC(=O)O)O)O)O)O)O	-3.79999995	5492489;20833233	MeSH:(5492489);PubChem:(5492489 20833233);PubMed	70
9	1	N/A	-45.5920273049417	C11H20O10	[M - H2O + H]+	XSXQXHMPBBNYRD	InChI=1S/C11H20O10/c12-1-4-5(14)6(15)7(16)11(20-4)21-9-3(13)2-19-10(18)8(9)17/h3-18H,1-2H2	beta-D-Galp-(1->3)-D-Arap	C1C(C(C(C(O1)O)O)OC2C(C(C(C(O2)CO)O)O)O)O	-4.0999999	11141474;13783679;11823089;54486861;70117899;71010739;71317026;93234246;93234247;96361126;96361127;96361128;96361129;91845818;91850980;91859168;91862423;91862933;101713934;101713943;131752477;131847840	COCONUT:(CNP0271462);HMDB:(38854);Natural Products:(UNPD143905 UNPD208785 UNPD36833 UNPD58054 UNPD208784);PubChem:(11141474 13783679 11823089 54486861 70117899 71010739 71317026 93234246 93234247 96361126 96361127 96361128 96361129 91845818 91850980 91859168 91862423 91862933 101713934 101713943 131752477 131847840);SuperNatural:(SN00323819 SN00274355);CHEBI:(60213);PubChem class - bio and metabolites;EcoCyc Mine;PubMed;KEGG Mine	25789759594
10	1	N/A	-46.0162250450281	C11H20O10	[M - H2O + H]+	NTQWZXRSBBGWFC	InChI=1S/C11H20O10/c12-1-4-6(15)7(16)8(17)11(20-4)21-9-5(14)3(13)2-19-10(9)18/h3-18H,1-2H2	2-(hydroxymethyl)-6-(2,4,5-trihydroxyoxan-3-yl)oxyoxane-3,4,5-triol	C1C(C(C(C(O1)O)OC2C(C(C(C(O2)CO)O)O)O)O)O	-4.0999999	11001447;14259293;54129978;70119455;71010740;91849302;91861823;91862745;101121604;101713935;101713944	COCONUT:(CNP0214707);HMDB:(38863);Natural Products:(UNPD208872 UNPD25314 UNPD131040 UNPD174027);PubChem:(11001447 14259293 54129978 70119455 71010740 91849302 91861823 91862745 101121604 101713935 101713944);SuperNatural:(SN00282166 SN00400899 SN00389925);PubChem class - bio and metabolites;PubMed;KEGG Mine	8609890378
11	1	N/A	-49.409068657921786	C11H20O10	[M - H2O + H]+	BUEBVQCTEJTADB	InChI=1S/C11H20O10/c12-1-4-6(15)7(16)9(10(18)20-4)21-11-8(17)5(14)3(13)2-19-11/h3-18H,1-2H2	Epitope ID:145668	C1C(C(C(C(O1)OC2C(C(C(OC2O)CO)O)O)O)O)O	-4.0999999	21924842;25061959;52921646;69620814;69620815;91845089;91851341;91852926;91854991;91858392;91859954	COCONUT:(CNP0296652);HMDB:(29883);Natural Products:(UNPD52259);PubChem:(21924842 25061959 52921646 69620814 69620815 91845089 91851341 91852926 91854991 91858392 91859954);SuperNatural:(SN00288224);CHEBI:(62132);PubChem class - bio and metabolites;PubMed;KEGG Mine	8609890410
12	1	N/A	-49.51265690087338	C11H20O10	[M - H2O + H]+	KMIKSOYDDIZGBV	InChI=1S/C11H20O10/c12-1-3-5(13)7(15)9(17)11(21-3)19-2-4-6(14)8(16)10(18)20-4/h3-18H,1-2H2	null	C(C1C(C(C(C(O1)OCC2C(C(C(O2)O)O)O)O)O)O)O	-4.0999999	10946883;69937083;91606477;91846154;91849291;91853333	COCONUT:(CNP0129479);Natural Products:(UNPD208786 UNPD50842);PubChem:(10946883 69937083 91606477 91846154 91849291 91853333);SuperNatural:(SN00278535)	3178498
13	1	N/A	-56.03185494150863	C11H20O10	[M - H2O + H]+	MXFNFDZCYXYDOE	InChI=1S/C11H20O10/c12-1-3-5(14)7(16)8(17)11(20-3)21-9-6(15)4(2-13)19-10(9)18/h3-18H,1-2H2	null	C(C1C(C(C(O1)O)OC2C(C(C(C(O2)CO)O)O)O)O)O	-3.5999999	91859593	COCONUT:(CNP0222125);Natural Products:(UNPD19254 UNPD104677);PubChem:(91859593);SuperNatural:(SN00345715)	3178498
14	1	N/A	-57.52001599559111	C11H20O10	[M - H2O + H]+	ZUYPVQFMUYPJIH	InChI=1S/C11H20O10/c12-2-6-7(15)8(16)9(17)11(21-6)20-3-4(13)1-5(14)10(18)19/h4-9,11-17H,1-3H2,(H,18,19)	null	C(C1C(C(C(C(O1)OCC(CC(C(=O)O)O)O)O)O)O)O	-3.10615182	""	COCONUT:(CNP0148614);Natural Products:(UNPD91040 UNPD105841);SuperNatural:(SN00297181 SN00248004)	3178496
15	1	N/A	-58.913397531674455	C11H20O10	[M - H2O + H]+	CKIPPJHUIHDREQ	InChI=1S/C11H20O10/c12-1-4-6(15)9(8(17)10(18)20-4)21-11-7(16)5(14)3(13)2-19-11/h3-18H,1-2H2	Arabino-galactose	C1C(C(C(C(O1)OC2C(C(OC(C2O)O)CO)O)O)O)O	-4.0999999	656512;5230271;10086837;25061960;92042748;91851492;91851652;91852777;91855080;91858046;101616853	COCONUT:(CNP0113161);Natural Products:(UNPD28320);PubChem:(656512 5230271 10086837 25061960 92042748 91851492 91851652 91852777 91855080 91858046 101616853);SuperNatural:(SN00398720 SN00213475);CHEBI:(2795);PubChem class - bio and metabolites;KEGG:(C07285)	19956002
16	1	N/A	-59.06906770206483	C11H20O10	[M - H2O + H]+	YNHLBDYXAQJXAN	InChI=1S/C11H20O10/c12-1-3-5(14)6(15)7(16)11(20-3)21-9-4(2-13)19-10(18)8(9)17/h3-18H,1-2H2	null	C(C1C(C(C(C(O1)OC2C(OC(C2O)O)CO)O)O)O)O	-4.0999999	10979870;13783671;26470801;26470802;24802260;59912513;91325874;91850775;91861030;101713946;102301372;132564699	COCONUT:(CNP0220180);EcoCyc Mine;Natural Products:(UNPD10829);PubChem:(10979870 13783671 26470801 26470802 24802260 59912513 91325874 91850775 91861030 101713946 102301372 132564699);SuperNatural:(SN00239024)	17183047682
17	1	N/A	-59.89254527809181	C11H20O10	[M - H2O + H]+	VCTBNHVCBSUQPG	InChI=1S/C11H20O10/c12-1-3-5(13)7(15)9(17)11(20-3)21-4-2-19-10(18)8(16)6(4)14/h3-18H,1-2H2	Galactosyl-1,4-xylose	C1C(C(C(C(O1)O)O)O)OC2C(C(C(C(O2)CO)O)O)O	-4.0999999	9857914;11088249;14885840;25061717;25235749;53481024;60042689;68214784;90986652;89818556;89821241;91849166;91850649;91851496;91851581;91855144;101713936;101713945;123793089;131752482	COCONUT:(CNP0331214);HMDB:(11677 38864);Natural Products:(UNPD96028);PubChem:(9857914 11088249 14885840 25061717 25235749 53481024 60042689 68214784 90986652 89818556 89821241 91849166 91850649 91851496 91851581 91855144 101713936 101713945 123793089 131752482);PubChem class - bio and metabolites;PubMed;KEGG Mine	8608841802
18	1	N/A	-62.26990613193908	C11H20O10	[M - H2O + H]+	FWHMSYJZNKVPEG	InChI=1S/C11H20O10/c12-1-4-6(15)7(16)9(18)11(20-4)21-10-8(17)5(14)3(13)2-19-10/h3-18H,1-2H2	alpha-Glucopyranosyl alpha-xylopyranoside	C1C(C(C(C(O1)OC2C(C(C(C(O2)CO)O)O)O)O)O)O	-4.0999999	3080780;10064084;10335668;22796170;68794529;68903797;68981109;70014676;69303687;90108770;90108771;101067596;101674474;101713933;101714783;101868029;122630563;122630566	MeSH:(3080780);PubChem:(3080780 10064084 10335668 22796170 68794529 68903797 68981109 70014676 69303687 90108770 90108771 101067596 101674474 101713933 101714783 101868029 122630563 122630566);PubMed	70
19	1	N/A	-65.22877654324932	C11H20O10	[M - H2O + H]+	GMIAWATVTRICKZ	InChI=1S/C11H20O10/c12-1-4-9(6(15)7(16)10(18)20-4)21-11-8(17)5(14)3(13)2-19-11/h3-18H,1-2H2	null	C1C(C(C(C(O1)OC2C(OC(C(C2O)O)O)CO)O)O)O	-4.69999981	14029492;25234544;91847929;91847971;91852545;91856920;101601471	COCONUT:(CNP0226300);Natural Products:(UNPD88013);PubChem:(14029492 25234544 91847929 91847971 91852545 91856920 101601471);SuperNatural:(SN00236835)	3178498
20	1	N/A	-77.1087044637587	C11H20O10	[M - H2O + H]+	ZTUXXEBTGKCWOB	InChI=1S/C11H20O10/c12-2-1-20-11(9(19)3(2)13)21-10-7(17)5(15)4(14)6(16)8(10)18/h2-19H,1H2	6-(3,4,5-trihydroxyoxan-2-yl)oxycyclohexane-1,2,3,4,5-pentol	C1C(C(C(C(O1)OC2C(C(C(C(C2O)O)O)O)O)O)O)O	-5.19999981	4188678;11370367;69169041;92043182	COCONUT:(CNP0118206);Natural Products:(UNPD23180);PubChem:(4188678 11370367 69169041 92043182);SuperNatural:(SN00274337);PubMed;KEGG Mine	8593113154
21	1	N/A	-81.0977716938154	C11H20O10	[M - H2O + H]+	DRYHSZUFKNRFCT	InChI=1S/C11H20O10/c12-1-5-7(16)9(18)11(3-13,20-5)21-10-8(17)6(15)4(14)2-19-10/h4-10,12-18H,1-3H2	Xylosucrose	C1C(C(C(C(O1)OC2(C(C(C(O2)CO)O)O)CO)O)O)O	-3.91917419	193307;12176057;12444995;12444996;53384542;57621285;67877528;71024600;71026770;101414857;101416582;101941700;137796229	MeSH:(193307 12444996 53384542 137796229);PubChem:(193307 12176057 12444995 12444996 53384542 57621285 67877528 71024600 71026770 101414857 101416582 101941700 137796229);PubMed	70
22	1	N/A	-84.78798181024071	C11H20O10	[M - H2O + H]+	VEXXNWQUANSCBT	InChI=1S/C11H20O10/c12-1-3-5(14)8(17)11(20-3)21-9-4(2-13)19-10(18)7(16)6(9)15/h3-18H,1-2H2	null	C(C1C(C(C(O1)OC2C(OC(C(C2O)O)O)CO)O)O)O	-4.0999999	25061699	COCONUT:(CNP0185138);Natural Products:(UNPD40275);PubChem:(25061699);SuperNatural:(SN00337794)	3178498
23	1	N/A	-97.28283069287156	C11H20O10	[M - H2O + H]+	MGDBDYSQAXSLKB	InChI=1S/C11H20O10/c12-1-3(13)5(15)7(17)8(18)10(20)11-9(19)6(16)4(14)2-21-11/h3-9,11-19H,1-2H2	null	C1C(C(C(C(O1)C(=O)C(C(C(C(CO)O)O)O)O)O)O)O	-4.80000019	54070565;129671544;129671545;129710653;129834906	MeSH:(54070565);PubChem:(54070565 129671544 129671545 129710653 129834906);PubMed	70
24	1	N/A	-105.78859535668464	C11H20O10	[M - H2O + H]+	MRAAUGYJHQVNBA	InChI=1S/C11H20O10/c12-2-11(18)3-20-10(8(11)16)19-1-4-5(13)6(14)7(15)9(17)21-4/h4-10,12-18H,1-3H2	beta-D-apiofuranosyl-(1->6)-D-glucose	C1C(C(C(O1)OCC2C(C(C(C(O2)O)O)O)O)O)(CO)O	-4.4000001	25200845;44602452;44237138;91852148;129844718	COCONUT:(CNP0041920);HMDB:(140855);PubChem:(25200845 44602452 44237138 91852148 129844718);SuperNatural:(SN00215592);CHEBI:(55406);PubChem class - bio and metabolites;Plantcyc:(CPD-9004);PubMed;Biocyc:(CPD-9004);KEGG Mine	8609990762
25	1	N/A	-110.4843236948625	C11H20O10	[M - H2O + H]+	VCRLMVBVZNUXMO	InChI=1S/C11H20O10/c12-1-3(13)5(15)7(17)8(18)10(20)11-9(19)6(16)4(14)2-21-11/h3-7,9-17,19-20H,1-2H2	null	C1C(C(C(C(O1)C(C(=O)C(C(C(CO)O)O)O)O)O)O)O	-4.80000019	129852831	MeSH:(129852831);PubChem:(129852831);PubMed	70
26	1	N/A	-124.8612110774682	C11H20O10	[M - H2O + H]+	ZVUOWXAUNRUWMN	InChI=1S/C11H20O10/c12-1-4-5(14)6(15)7(9(17)20-4)21-10-8(16)11(18,2-13)3-19-10/h4-10,12-18H,1-3H2	null	C1C(C(C(O1)OC2C(C(C(OC2O)CO)O)O)O)(CO)O	-3.79999995	91846094;91857690	COCONUT:(CNP0185686);Natural Products:(UNPD119179);PubChem:(91846094 91857690);SuperNatural:(SN00247065);KEGG Mine	8593113090