structureRankPerFormula	formulaRank	ConfidenceScore	CSI:FingerIDScore	molecularFormula	adduct	InChIkey2D	InChI	name	smiles	xlogp	pubchemids	links	dbflags
1	1	0.21274681109941893	-204.53784181380766	C16H29NO9	[M + H]+	BEQCNDVZUVUOCA	InChI=1S/C16H29NO9/c1-7-9(20)5-10(22-3)15(24-7)26-14-12(17-8(2)19)16(23-4)25-11(6-18)13(14)21/h7,9-16,18,20-21H,5-6H2,1-4H3,(H,17,19)	beta-D-Tyv2Me-(1->3)-beta-D-GalNAc-OMe	CC1C(CC(C(O1)OC2C(C(OC(C2O)CO)OC)NC(=O)C)OC)O	-1.60000002	72715851	PubChem:(72715851);CHEBI:(77112)	34
2	1	N/A	-244.58535965787493	C16H29NO9	[M + H]+	MLJBMAAQGRYZTK	InChI=1S/C16H29NO9/c1-7-9(19)5-10(20)15(24-7)26-14-12(17-8(2)18)16(23-4)25-11(6-22-3)13(14)21/h7,9-16,19-21H,5-6H2,1-4H3,(H,17,18)	beta-D-Tyv-(1->3)-beta-D-GalNAc6,OMe2	CC1C(CC(C(O1)OC2C(C(OC(C2O)COC)OC)NC(=O)C)O)O	-2.20000005	72715850	PubChem:(72715850);CHEBI:(77104)	34
3	1	N/A	-352.59078495239856	C16H29NO9	[M + H]+	XVYCQMRADMEERS	InChI=1S/C16H29NO9/c1-8(20)11(21)12(10(6-18)23-4)26-15-14(24-5)16(3,22)13(17-7-19)9(2)25-15/h6-15,20-22H,1-5H3,(H,17,19)	N-Formylkansosaminyl-(1-3)-2-O-methylrhamnopyranose	CC1C(C(C(C(O1)OC(C(C=O)OC)C(C(C)O)O)OC)(C)O)NC=O	-2.20000005	195143	MeSH:(195143);PubChem:(195143);PubMed	70
1	2	N/A	-476.7547121113166	C17H27N5O6	[M - H2O + H]+	CAVKXZMMDNOZJU	InChI=1S/C17H27N5O6/c1-10(20-16(26)11-4-2-6-21(11)13(23)8-18)15(25)19-9-14(24)22-7-3-5-12(22)17(27)28/h10-12H,2-9,18H2,1H3,(H,19,25)(H,20,26)(H,27,28)	(2S)-1-[2-[[(2S)-2-[[(2S)-1-(2-aminoacetyl)pyrrolidine-2-carbonyl]amino]propanoyl]amino]acetyl]pyrrolidine-2-carboxylic acid	CC(C(=O)NCC(=O)N1CCCC1C(=O)O)NC(=O)C2CCCN2C(=O)CN	-4.19999981	60194388	COCONUT:(CNP0160398);Natural Products:(UNPD171968);PubChem:(60194388);SuperNatural:(SN00307728)	3178498
1	2	N/A	-279.9409226436589	C17H25N5O5	[M + H]+	ZPANGIRRRHIUNM	InChI=1S/C17H25N5O5/c1-6-13(9-27-12(3)24)22(11(2)23)8-7-21-10-18-15-14(21)16(25)20(5)17(26)19(15)4/h10,13H,6-9H2,1-5H3	(R)-(-)-2-N-(Theophyllinyl-7''-ethyl)-2-acetamino-1-acetoxybutane	CCC(COC(=O)C)N(CCN1C=NC2=C1C(=O)N(C(=O)N2C)C)C(=O)C	0.184758455	3053004	PubChem:(3053004);PubChem class - safety and toxic	67108866
2	2	N/A	-321.2318631518846	C17H25N5O5	[M + H]+	KCFIDDRVZLDJEY	InChI=1S/C17H25N5O5/c1-5-21(6-2)12(23)7-8-13(24)27-10-9-22-11-18-15-14(22)16(25)20(4)17(26)19(15)3/h11H,5-10H2,1-4H3	2-(1,3-dimethyl-2,6-dioxopurin-7-yl)ethyl 4-(diethylamino)-4-oxobutanoate	CCN(CC)C(=O)CCC(=O)OCCN1C=NC2=C1C(=O)N(C(=O)N2C)C	0.469025165	83027	PubChem:(83027);NORMAN:(NS00024045)	262146
3	2	N/A	-404.34199981567923	C17H25N5O5	[M + H]+	DAUBELVLYXUJJV	InChI=1S/C17H25N5O5/c1-10-17(27)22-7-3-5-12(22)16(26)19-9-14(24)21-6-2-4-11(21)15(25)18-8-13(23)20-10/h10-12H,2-9H2,1H3,(H,18,25)(H,19,26)(H,20,23)	null	CC1C(=O)N2CCCC2C(=O)NCC(=O)N3CCCC3C(=O)NCC(=O)N1	-1.5	23278197;101684831;124201523;129698781	MeSH:(124201523);PubChem:(23278197 101684831 124201523 129698781);PubMed	70
4	2	N/A	-455.10240172129295	C17H25N5O5	[M + H]+	IUZPTAUNRJJBPR	InChI=1S/C17H25N5O5/c1-2-3-6-19-7-9-20(10-8-19)12-15-13-21(17(23)27-15)18-11-14-4-5-16(26-14)22(24)25/h4-5,11,15H,2-3,6-10,12-13H2,1H3	5-(4-Butyl-1-piperazinylmethyl)-3-((5-nitro-2-furfurylidene)amino)-2-oxazolidinone	CCCCN1CCN(CC1)CC2CN(C(=O)O2)N=CC3=CC=C(O3)[N+](=O)[O-]	2.29999995	3024422;6366562;9554107	PubChem:(3024422 6366562 9554107);PubChem class - safety and toxic	67108866
5	2	N/A	-474.24655697070585	C17H25N5O5	[M + H]+	BLWHUXXKWKVPAY	InChI=1S/C17H26N5O5/c1-22(2,3)11-12-26-15(23)7-5-4-6-10-18-13-8-9-14(21(24)25)17-16(13)19-27-20-17/h8-9,18H,4-7,10-12H2,1-3H3/q+1	Nbd-5-acylcholine	C[N+](C)(C)CCOC(=O)CCCCCNC1=CC=C(C2=NON=C12)[N+](=O)[O-]	1.89999998	194337	MeSH:(194337);PubChem:(194337);PubMed	70
6	2	N/A	-545.537742078345	C17H25N5O5	[M + H]+	LLYKKEZKGOFBLU	InChI=1S/C17H25N5O5/c1-25-16(23)11-7-22(21-20-11)13-9-27-14-12(8-26-15(13)14)19-17(24)18-10-5-3-2-4-6-10/h7,10,12-15H,2-6,8-9H2,1H3,(H2,18,19,24)	methyl 1-[(3S,3aR,6S,6aR)-3-(cyclohexylcarbamoylamino)-2,3,3a,5,6,6a-hexahydrofuro[3,2-b]furan-6-yl]triazole-4-carboxylate	COC(=O)C1=CN(N=N1)C2COC3C2OCC3NC(=O)NC4CCCCC4	0.200000003	11886716	COCONUT:(CNP0262906);PubChem:(11886716);SuperNatural:(SN00010563);ZINC bio:(ZINC04260943)	3153922