structureRankPerFormula	formulaRank	ConfidenceScore	CSI:FingerIDScore	molecularFormula	adduct	InChIkey2D	InChI	name	smiles	xlogp	pubchemids	links	dbflags
1	1	N/A	-83.13302330102856	C9H6O2	[M + H]+	ADDZHRRCUWNSCS	InChI=1S/C9H6O2/c10-6-8-5-7-3-1-2-4-9(7)11-8/h1-6H	Coumarilaldehyde	C1=CC=C2C(=C1)C=C(O2)C=O	1.9284724	61341	NORMAN:(NS00047150);COCONUT:(CNP0003119);HMDB:(33183);PubChem class - food;PubChem:(61341);PubChem class - bio and metabolites;PubChem class - safety and toxic;PubMed	220463178
2	1	N/A	-86.6218532057091	C9H6O2	[M + H]+	ZYGHJZDHTFUPRJ	InChI=1S/C9H6O2/c10-9-6-5-7-3-1-2-4-8(7)11-9/h1-6H	coumarin	C1=CC=C2C(=C1)C=CC(=O)O2	2.01151633	323;6914114;13027893;13027895;56845950;59950530;59973219;90996372;89421045	HMDB:(1218);PubChem class - food;SuperNatural:(SN00000987);ZINC bio:(ZINC00074709);additional;HSDB:(91-64-5);MeSH:(323);Plantcyc:(COUMARIN);PubMed;NORMAN:(NS00002381);COCONUT:(CNP0225025 CNP0257364);KNApSAcK:(2460);Natural Products:(UNPD21132);PubChem:(323 6914114 13027893 13027895 56845950 59950530 59973219 90996372 89421045);CHEBI:(28794);PubChem class - bio and metabolites;KEGG:(C05851);PubChem class - safety and toxic;Training Set;PubChem class - drug;Biocyc:(COUMARIN)	255781758
3	1	N/A	-99.8468575564403	C9H6O2	[M + H]+	UHKAJLSKXBADFT	InChI=1S/C9H6O2/c10-8-5-9(11)7-4-2-1-3-6(7)8/h1-4H,5H2	zlchem 150	C1C(=O)C2=CC=CC=C2C1=O	1.34532177	11815	NORMAN:(NS00034407);PubChem:(11815);CHEBI:(78877);MeSH:(11815);PubChem class - safety and toxic;PubMed;KEGG Mine	8657305702
4	1	N/A	-101.73449522546755	C9H6O2	[M + H]+	OTAFHZMPRISVEM	InChI=1S/C9H6O2/c10-8-5-6-11-9-4-2-1-3-7(8)9/h1-6H	4-Chromone	C1=CC=C2C(=C1)C(=O)C=CO2	1.80514169	10286;13027889;69748422;89421303;132522906	HMDB:(32938);SuperNatural:(SN00000597);ZINC bio:(ZINC00057736);additional;MeSH:(10286);PubMed;NORMAN:(NS00031861);COCONUT:(CNP0132668);Natural Products:(UNPD224437);PubChem:(10286 13027889 69748422 89421303 132522906);CHEBI:(72013);PubChem class - bio and metabolites;PubChem class - safety and toxic;Training Set	87875694
5	1	N/A	-109.22438386014161	C9H6O2	[M + H]+	LLLBDLDNTMMZHL	InChI=1S/C9H6O2/c10-6-7-1-2-9-8(5-7)3-4-11-9/h1-6H	5-formylbenzofuran	C1=CC2=C(C=CO2)C=C1C=O	1.79999995	2773875	COCONUT:(CNP0118306);KNApSAcK:(42152);Natural Products:(UNPD48113);PubChem:(2773875);SuperNatural:(SN00155769);ZINC bio:(ZINC00158634);PubChem class - safety and toxic;PubMed	70295634
6	1	N/A	-120.90500713563588	C9H6O2	[M + H]+	XNERWVPQCYSMLC	InChI=1S/C9H6O2/c10-9(11)7-6-8-4-2-1-3-5-8/h1-5H,(H,10,11)	Phenylpropiolate	C1=CC=C(C=C1)C#CC(=O)O	2.0	69475;4465833;21677325	HMDB:(2359);ZINC bio:(ZINC00332026);additional;MeSH:(69475);PubMed;NORMAN:(NS00001477);COCONUT:(CNP0082220);PubChem:(69475 4465833 21677325);YMDB Mine;CHEBI:(90355);PubChem class - bio and metabolites;EcoCyc Mine;PubChem class - safety and toxic;Training Set;KEGG Mine	60216336494
7	1	N/A	-121.18017348904046	C9H6O2	[M + H]+	WFFZGYRTVIPBFN	InChI=1S/C9H6O2/c10-8-5-6-3-1-2-4-7(6)9(8)11/h1-4H,5H2	1,2-Indandione	C1C2=CC=CC=C2C(=O)C1=O	0.899999976	123358	MeSH:(123358);PubChem class - safety and toxic;PubChem:(123358);PubMed	67108934
8	1	N/A	-126.8527134838067	C9H6O2	[M + H]+	HLSNQZQSNWFXET	InChI=1S/C9H6O2/c10-6-7-1-2-8-3-4-11-9(8)5-7/h1-6H	Benzofuran-6-carbaldehyde	C1=CC(=CC2=C1C=CO2)C=O	1.79999995	14354086	COCONUT:(CNP0203335);Natural Products:(UNPD106888);PubChem:(14354086);SuperNatural:(SN00318260);ZINC bio:(ZINC13376265)	3186690
9	1	N/A	-126.90446228289595	C9H6O2	[M + H]+	RGPUSZZTRKTMNA	InChI=1S/C9H6O2/c10-6-8-3-1-2-7-4-5-11-9(7)8/h1-6H	7-benzofurancarbaldehyde	C1=CC2=C(C(=C1)C=O)OC=C2	1.79999995	11126406	PubChem:(11126406);PubChem class - safety and toxic	67108866
10	1	N/A	-138.2358008540831	C9H6O2	[M + H]+	SJXHLZCPDZPBPW	InChI=1S/C9H6O2/c1-2-7-3-5-8(6-4-7)9(10)11/h1,3-6H,(H,10,11)	Ambcb4032345	C#CC1=CC=C(C=C1)C(=O)O	1.75797105	589706;6949641;101349164	PubChem class - safety and toxic;PubChem:(589706 6949641 101349164);PubMed	67108930
11	1	N/A	-139.91642034755424	C9H6O2	[M + H]+	PHPIMLZTBYCDSX	InChI=1S/C9H6O2/c1-2-7-4-3-5-8(6-7)9(10)11/h1,3-6H,(H,10,11)	Ambcb4004240	C#CC1=CC(=CC=C1)C(=O)O	1.75797105	15897047	PubChem:(15897047);PubChem class - safety and toxic	67108866
12	1	N/A	-148.87096775314816	C9H6O2	[M + H]+	IQZZFVDIZRWADY	InChI=1S/C9H6O2/c10-9-8-4-2-1-3-7(8)5-6-11-9/h1-6H	Isocoumarin	C1=CC=C2C(=C1)C=COC2=O	1.89999998	68108	COCONUT:(CNP0123677);Natural Products:(UNPD38670);PubChem:(68108);SuperNatural:(SN00375704);CHEBI:(38759);PubMed	3178594
13	1	N/A	-149.1628745108957	C9H6O2	[M + H]+	RJJLSKXWSJWUEZ	InChI=1S/C9H6O2/c1-5-3-2-4-6-7(5)9(11)8(6)10/h2-4H,1H3	2-methylbicyclo[4.2.0]octa-1,3,5-triene-7,8-dione	CC1=C2C(=CC=C1)C(=O)C2=O	0.800000012	638921	COCONUT:(CNP0039191);PubChem:(638921);SuperNatural:(SN00125927);ZINC bio:(ZINC03847883)	3153922
14	1	N/A	-153.57855356361168	C9H6O2	[M + H]+	VRMFZTBAWYVGGB	InChI=1S/C9H6O2/c10-5-8-2-1-7-3-4-11-6-9(7)8/h1-6H	Norviburtinal	C1=COC=C2C1=CC=C2C=O	1.39999998	390664	COCONUT:(CNP0236522);KNApSAcK:(10531);Natural Products:(UNPD108359);PubChem:(390664);SuperNatural:(SN00261184);MeSH:(390664);PubMed	3178582
15	1	N/A	-179.9034755449123	C9H6O2	[M + H]+	CDCWFGFMJOMQLJ	InChI=1S/C9H6O2/c1-3-4-5-6-7-8-9(10)11-2/h1-2H3	2,4,6-Octatriynoic acid, methyl ester	CC#CC#CC#CC(=O)OC	1.89999998	12051451	COCONUT:(CNP0305830);Natural Products:(UNPD93765);PubChem:(12051451)	2129922
16	1	N/A	-198.8389937153964	C9H6O2	[M + H]+	XMXCRJLWEKHZAV	InChI=1S/C9H6O2/c1-2-7-3-4-8-9(5-7)11-6-10-8/h1,3-5H,6H2	5-ethynyl-1,3-benzodioxole	C#CC1=CC2=C(C=C1)OCO2	2.1086936	92680	NORMAN:(NS00033648);PubChem:(92680);PubMed	262210
17	1	N/A	-200.3108486199041	C9H6O2	[M + H]+	OOEAKVRVYSOBRL	InChI=1S/C9H6O2/c1-2-3-4-5-6-7-8-9(10)11/h1H,7-8H2,(H,10,11)	null	C#CC#CC#CCCC(=O)O	1.10000002	55300751	COCONUT:(CNP0260735);Natural Products:(UNPD137134);PubChem:(55300751)	2129922
18	1	N/A	-224.57673810255935	C9H6O2	[M + H]+	PWSBQQODAGTNHR	InChI=1S/C9H6O2/c1-2-3-4-5-6-7-8-9(10)11/h1,5,7H,8H2,(H,10,11)	null	C#CC#CC=C=CCC(=O)O	0.600000024	55302135	COCONUT:(CNP0261252);Natural Products:(UNPD24292);PubChem:(55302135)	2129922
19	1	N/A	-298.2776783968226	C9H6O2	[M + H]+	NJQJZRIBPVDBOR	InChI=1S/C9H6O2/c1-2-3-4-7-5-8(10)6-9(7)11/h1,5,9,11H,6H2	null	C#CC#CC1=CC(=O)CC1O	-0.400000006	101408824;131163941	COCONUT:(CNP0282016);Natural Products:(UNPD177361);PubChem:(101408824 131163941)	2129922
20	1	N/A	-333.56809133062245	C9H6O2	[M + H]+	IIUXKFHSJIUAFU	InChI=1S/C9H6O2/c1-2-3-4-5-6-8-9(7-10)11-8/h1,8-10H,7H2	Biformin	C#CC#CC#CC1C(O1)CO	0.200000003	121452;12308740;131037840	COCONUT:(CNP0205209);KNApSAcK:(43313);Natural Products:(UNPD191125);PubChem class - safety and toxic;PubChem:(121452 12308740 131037840)	69238802
1	1	0.3831924482676808	-5.514678801568229	C9H8O3	[M - H2O + H]+	NGSWKAQJJWESNS	InChI=1S/C9H8O3/c10-8-4-1-7(2-5-8)3-6-9(11)12/h1-6,10H,(H,11,12)	coumarate	C1=CC(=CC=C1C=CC(=O)O)O	1.39296985	322;1549106;637542;11116469;16109932;54708745;54721280;54729371;71310960;117064649;124202750;131708669;131871182	HMDB:(2035 30677 128076);SuperNatural:(SN00157333 SN00000381 SN00248047 SN00397780);ZINC bio:(ZINC00039811 ZINC04632590);additional;MeSH:(637542);Plantcyc:(COUMARATE);PubMed;NORMAN:(NS00004354);COCONUT:(CNP0255341 CNP0359225);KNApSAcK:(580);Natural Products:(UNPD19621 UNPD96408 UNPD212098);PubChem:(322 1549106 637542 11116469 16109932 54708745 54721280 54729371 71310960 117064649 124202750 131708669 131871182);CHEBI:(32374 58152 12876 36090 32373 17450);PubChem class - bio and metabolites;EcoCyc Mine;KEGG:(C06738 C00811);PubChem class - safety and toxic;YMDB:(498);Training Set;Biocyc:(CIS-P-COUMARATE COUMARATE CPD1UA-13)	17267943806
2	1	N/A	-16.59154739507803	C9H8O3	[M - H2O + H]+	KKSDGJDHHZEWEP	InChI=1S/C9H8O3/c10-8-3-1-2-7(6-8)4-5-9(11)12/h1-6,10H,(H,11,12)	bmse000093	C1=CC(=CC(=C1)O)C=CC(=O)O	1.39296985	11496;637541;5316112;54694258;71310991;124202751;131871544	HMDB:(1713 62774 125104);SuperNatural:(SN00043577 SN00315066 SN00158081);ZINC bio:(ZINC00155996 ZINC12410372);additional;MeSH:(637541);Plantcyc:(CPD-10797);PubMed;NORMAN:(NS00014562);COCONUT:(CNP0049821 CNP0335428);Natural Products:(UNPD78050 UNPD219867);PubChem:(11496 637541 5316112 54694258 71310991 124202751 131871544);YMDB Mine;CHEBI:(47925 47928 32357 47927 47926);PubChem class - bio and metabolites;KEGG:(C12621);PubChem class - safety and toxic;Training Set;Biocyc:(CPD-10797)	34447747438
3	1	N/A	-32.08002636184881	C9H8O3	[M - H2O + H]+	PMOWTIHVNWZYFI	InChI=1S/C9H8O3/c10-8-4-2-1-3-7(8)5-6-9(11)12/h1-6,10H,(H,11,12)	bmse000347	C1=CC=C(C(=C1)C=CC(=O)O)O	1.39296985	11968;637540;5280841;54690158;54693535;54714352	HMDB:(2641 41592 62655 134028);PubChem class - food;SuperNatural:(SN00400666 SN00001775 SN00225115 SN00157332);ZINC bio:(ZINC00895911 ZINC04632126);additional;MeSH:(11968 637540);Plantcyc:(2-COUMARATE CPD-7418);PubMed;NORMAN:(NS00014689);COCONUT:(CNP0082819 CNP0207361);KNApSAcK:(2729);Natural Products:(UNPD115871 UNPD214200 UNPD101136);PubChem:(11968 637540 5280841 54690158 54693535 54714352);YMDB Mine;CHEBI:(18125 28873 12875 11594 47921 18176);PubChem class - bio and metabolites;KEGG:(C01772 C05838);PubChem class - safety and toxic;Training Set;Biocyc:(CPD-7418 2-COUMARATE)	34581965182
4	1	N/A	-92.08527006207206	C9H8O3	[M - H2O + H]+	NFZXTKAGXSVCRD	InChI=1S/C9H8O3/c10-5-1-2-7-6-8(11)3-4-9(7)12/h1-6,11-12H	null	C1=CC(=C(C=C1O)C=CC=O)O	1.10000002	12023877;85638857	HMDB:(134030);PubChem:(12023877 85638857);PubChem class - bio and metabolites	16777226
5	1	N/A	-95.84827920963544	C9H8O3	[M - H2O + H]+	DEDGUGJNLNLJSR	InChI=1S/C9H8O3/c10-8(9(11)12)6-7-4-2-1-3-5-7/h1-6,10H,(H,11,12)	enol-phenylpyruvate	C1=CC=C(C=C1)C=C(C(=O)O)O	1.70000005	691;641637;12654816;54705603;54711002	HMDB:(12225);ZINC bio:(ZINC30724499);Plantcyc:(ENOL-PHENYLPYRUVATE);COCONUT:(CNP0271736);Natural Products:(UNPD109061 UNPD225824);PubChem:(691 641637 12654816 54705603 54711002);YMDB Mine;CHEBI:(32815 16815);PubChem class - bio and metabolites;EcoCyc Mine;KEGG:(C02763);Biocyc:(SMA-0000399 CPD-8199 ENOL-PHENYLPYRUVATE)	51558656298
6	1	N/A	-110.12963549632568	C9H8O3	[M - H2O + H]+	AXMVYSVVTMKQSL	InChI=1S/C9H8O3/c10-5-1-2-7-3-4-8(11)9(12)6-7/h1-6,11-12H	Caffeic aldehyde	C1=CC(=C(C=C1C=CC=O)O)O	1.22601938	443034;5281871;16109934;101215184;131468559	HMDB:(141767);SuperNatural:(SN00324468 SN00358208);Plantcyc:(CPD-18120);PubMed;COCONUT:(CNP0169964);KNApSAcK:(7511);Natural Products:(UNPD220386 UNPD71218 UNPD142122);PubChem:(443034 5281871 16109934 101215184 131468559);CHEBI:(28323);PubChem class - bio and metabolites;KEGG:(C10945);Biocyc:(CPD-18120)	20089210
7	1	N/A	-115.37491469876088	C9H8O3	[M - H2O + H]+	UWKMOYBXBMGPMF	InChI=1S/C9H8O3/c10-6-2-4-7-3-1-5-8(11)9(7)12/h1-6,11-12H	null	C1=CC(=C(C(=C1)O)O)C=CC=O	1.10000002	87897826	PubChem:(87897826);HMDB:(134029)	10
8	1	N/A	-123.99966238745016	C9H8O3	[M - H2O + H]+	NIUHGYUFFPSEOW	InChI=1S/C9H8O3/c1-2-9(11)12-8-5-3-7(10)4-6-8/h2-6,10H,1H2	4-hydroxyphenyl acrylate	C=CC(=O)OC1=CC=C(C=C1)O	1.89999998	76709	NORMAN:(NS00029261);MeSH:(76709);PubChem:(76709);PubMed	262214
9	1	N/A	-140.15635495646865	C9H8O3	[M - H2O + H]+	GVUMZPWBUAGJBP	InChI=1S/C9H8O3/c1-7(11)12-9-4-2-3-8(5-9)6-10/h2-6H,1H3	3-Acetoxybenzaldehyde	CC(=O)OC1=CC=CC(=C1)C=O	1.49460518	118618	NORMAN:(NS00029627);PubChem class - safety and toxic;PubChem:(118618);ZINC bio:(ZINC02146872)	67379202
10	1	N/A	-140.7811732796546	C9H8O3	[M - H2O + H]+	FZHBZSJDJMWMQB	InChI=1S/C9H8O3/c10-9(12-11)7-6-8-4-2-1-3-5-8/h1-7,11H	3-phenyl-2-propeneperoxoic acid	C1=CC=C(C=C1)C=CC(=O)OO	1.98093605	15723159;53411209;129824145	PubChem:(15723159 53411209 129824145);COCONUT:(CNP0086495)	2097154
11	1	N/A	-148.86787990472948	C9H8O3	[M - H2O + H]+	CHZPJUSFUDUEMZ	InChI=1S/C9H8O3/c1-6(10)7-3-2-4-8(5-7)9(11)12/h2-5H,1H3,(H,11,12)	3-acetylbenzoate	CC(=O)C1=CC(=CC=C1)C(=O)O	1.13935387	220324;6993474	COCONUT:(CNP0341136);PubChem:(220324 6993474);SuperNatural:(SN00119763);ZINC bio:(ZINC01641228);PubChem class - safety and toxic;PubMed	70262850
12	1	N/A	-149.1658279921813	C9H8O3	[M - H2O + H]+	QDAWXRKTSATEOP	InChI=1S/C9H8O3/c1-6(10)7-4-2-3-5-8(7)9(11)12/h2-5H,1H3,(H,11,12)	2-acetylbenzoate	CC(=O)C1=CC=CC=C1C(=O)O	1.13935387	68474;4740746	NORMAN:(NS00033780);PubChem class - safety and toxic;PubChem:(68474 4740746);PubMed;KEGG Mine	8657305666
13	1	N/A	-150.1653875845573	C9H8O3	[M - H2O + H]+	SIHYQEYAJMDKQH	InChI=1S/C9H8O3/c1-12-8-4-2-3-7(5-8)9(11)6-10/h2-6H,1H3	3-Methoxyphenylglyoxal	COC1=CC=CC(=C1)C(=O)C=O	1.25967741	3080767	MeSH:(3080767);PubChem:(3080767);PubMed;ZINC bio:(ZINC04204405)	8262
14	1	N/A	-152.7424409600835	C9H8O3	[M - H2O + H]+	LTURIPNWWNHWAO	InChI=1S/C9H8O3/c10-5-2-6-12-9-4-1-3-8(11)7-9/h1-7,11H	null	C1=CC(=CC(=C1)OC=CC=O)O	1.54184663	101410203	COCONUT:(CNP0162512);Natural Products:(UNPD170224);PubChem:(101410203);SuperNatural:(SN00256266)	3178498
15	1	N/A	-158.6100774488641	C9H8O3	[M - H2O + H]+	HXUIDZOMTRMIOE	InChI=1S/C9H8O3/c10-8(6-9(11)12)7-4-2-1-3-5-7/h1-5H,6H2,(H,11,12)	Benzoylacetate	C1=CC=C(C=C1)C(=O)CC(=O)O	1.24897707	97045;9543196;57608095;90674806;102009731	PubChem:(97045 9543196 57608095 90674806 102009731);YMDB Mine;CHEBI:(28759 22731);ZINC bio:(ZINC00896629);PubChem class - bio and metabolites;MeSH:(97045);KEGG:(C07114);Plantcyc:(BENZOYL-ACETATE);PubMed;Biocyc:(BENZOYL-ACETATE)	34376657254
16	1	N/A	-160.33102336454638	C9H8O3	[M - H2O + H]+	QNLSLYKWBHYEHK	InChI=1S/C9H8O3/c10-6-8-4-2-1-3-7(8)5-9(11)12/h1-4,6H,5H2,(H,11,12)	(2-formylphenyl)acetic acid	C1=CC=C(C(=C1)CC(=O)O)C=O	1.21157861	5289058	PubChem:(5289058);KEGG Mine;PubChem class - bio and metabolites	8606711810
17	1	N/A	-163.29818014366754	C9H8O3	[M - H2O + H]+	JWSIJFDOWHFZTK	InChI=1S/C9H8O3/c1-7(11)12-9-5-3-2-4-8(9)6-10/h2-6H,1H3	2-formylphenyl acetate	CC(=O)OC1=CC=CC=C1C=O	1.49460518	237228;59850304	COCONUT:(CNP0308567);Natural Products:(UNPD66122);PubChem:(237228 59850304);SuperNatural:(SN00353075);ZINC bio:(ZINC01672090);PubChem class - safety and toxic;PubMed	70295618
18	1	N/A	-164.0974062746419	C9H8O3	[M - H2O + H]+	QBHDSQZASIBAAI	InChI=1S/C9H8O3/c1-6(10)7-2-4-8(5-3-7)9(11)12/h2-5H,1H3,(H,11,12)	4-acetylbenzoate	CC(=O)C1=CC=C(C=C1)C(=O)O	1.13935387	11470;6995281;11205952;11263682	NORMAN:(NS00033998);COCONUT:(CNP0089019);PubChem:(11470 6995281 11205952 11263682);ZINC bio:(ZINC01747138);EcoCyc Mine;MeSH:(11470);PubChem class - safety and toxic;PubMed	17249345606
19	1	N/A	-165.71542029648694	C9H8O3	[M - H2O + H]+	UIIIPQVTXBPHTI	InChI=1S/C9H8O3/c1-6-2-4-7(5-3-6)8(10)9(11)12/h2-5H,1H3,(H,11,12)	4-Methylbenzoylformic acid	CC1=CC=C(C=C1)C(=O)C(=O)O	1.70000005	151451;7131408	MeSH:(151451);PubChem:(151451 7131408);PubMed;ZINC bio:(ZINC04218789);KEGG Mine	8589942854
20	1	N/A	-165.7274030423962	C9H8O3	[M - H2O + H]+	LNZBSIXPXJKKDF	InChI=1S/C9H8O3/c1-12-8-4-2-7(3-5-8)9(11)6-10/h2-6H,1H3	p-Anisoylglyoxal	COC1=CC=C(C=C1)C(=O)C=O	1.25967741	70643	NORMAN:(NS00023472);COCONUT:(CNP0302922);Natural Products:(UNPD59306);PubChem:(70643);SuperNatural:(SN00325459);ZINC bio:(ZINC01578776);MeSH:(70643);Training Set;PubMed	3465286
21	1	N/A	-167.69024138551572	C9H8O3	[M - H2O + H]+	SEVSMVUOKAMPDO	InChI=1S/C9H8O3/c1-7(11)12-9-4-2-8(6-10)3-5-9/h2-6H,1H3	bmse010134	CC(=O)OC1=CC=C(C=C1)C=O	1.49460518	70144	NORMAN:(NS00039223);COCONUT:(CNP0169665);Natural Products:(UNPD127943);PubChem:(70144);CHEBI:(86559);ZINC bio:(ZINC01672089);PubChem class - safety and toxic;PubMed	69509218
22	1	N/A	-171.811683576241	C9H8O3	[M - H2O + H]+	DSMORYZYOBMZIC	InChI=1S/C9H8O3/c10-8-6-4-2-1-3-5-7-9(11)12/h4,6,10H,7-8H2,(H,11,12)	9-hydroxy-7E-Nonene-3,5-diynoic acid	C(C=CC#CC#CCC(=O)O)O	0.300000012	9543628;9543629	COCONUT:(CNP0297463);Natural Products:(UNPD53133);PubChem:(9543628 9543629);CHEBI:(137825)	2129954
23	1	N/A	-172.5034770876864	C9H8O3	[M - H2O + H]+	AGPZPJHWVWZCMG	InChI=1S/C9H8O3/c10-6-8-3-1-7(2-4-8)5-9(11)12/h1-4,6H,5H2,(H,11,12)	2-(4-formylphenyl)acetic Acid	C1=CC(=CC=C1CC(=O)O)C=O	1.21157861	11344187	PubChem:(11344187);PubChem class - safety and toxic	67108866
24	1	N/A	-175.7470137446351	C9H8O3	[M - H2O + H]+	CXBNMPMLFONTPO	InChI=1S/C9H8O3/c1-7(10)12-9(11)8-5-3-2-4-6-8/h2-6H,1H3	acetyl benzoate	CC(=O)OC(=O)C1=CC=CC=C1	1.60000002	9548685	PubChem:(9548685);PubMed;CHEBI:(36633);KEGG Mine	8589934690
25	1	N/A	-175.80434884010867	C9H8O3	[M - H2O + H]+	FEIOASZZURHTHB	InChI=1S/C9H8O3/c1-12-9(11)8-4-2-7(6-10)3-5-8/h2-6H,1H3	Methyl p-formylbenzoate	COC(=O)C1=CC=C(C=C1)C=O	1.45966947	15294;10012266;18653404;135044709	NORMAN:(NS00021702);COCONUT:(CNP0296512);KNApSAcK:(32013);Natural Products:(UNPD52092);PubChem:(15294 10012266 18653404 135044709);HSDB:(1571-08-0);EcoCyc Mine;PubChem class - safety and toxic;PubMed	17249370706
26	1	N/A	-180.83063194113834	C9H8O3	[M - H2O + H]+	UVSBCUAQEZINCQ	InChI=1S/C9H8O3/c1-12-9(11)8-4-2-3-7(5-8)6-10/h2-6H,1H3	methyl 3-formylbenzoate	COC(=O)C1=CC=CC(=C1)C=O	1.45966947	639145	PubChem:(639145);PubChem class - safety and toxic	67108866
27	1	N/A	-184.21785542168155	C9H8O3	[M - H2O + H]+	BTNMPGBKDVTSJY	InChI=1S/C9H8O3/c10-8(9(11)12)6-7-4-2-1-3-5-7/h1-5H,6H2,(H,11,12)	phenylpyruvate	C1=CC=C(C=C1)CC(=O)C(=O)O	1.29999995	997;450649;4592697;10773918;25257241;135027057;135027768	HMDB:(205);PubChem class - food;SuperNatural:(SN00331989 SN00001881);ZINC bio:(ZINC00901485);MeSH:(997 4592697);Plantcyc:(PHENYL-PYRUVATE);PubMed;NORMAN:(NS00003384);COCONUT:(CNP0177093 CNP0368355);KNApSAcK:(751);Natural Products:(UNPD100524 UNPD68892);PubChem:(997 450649 4592697 10773918 25257241 135027057 135027768);CHEBI:(18005 30851);PubChem class - bio and metabolites;KEGG:(C00166);PubChem class - safety and toxic;YMDB:(786);Biocyc:(PHENYL-PYRUVATE)	221751678
28	1	N/A	-191.55629037149816	C9H8O3	[M - H2O + H]+	JBZKDSMJNITUIW	InChI=1S/C9H8O3/c1-6(11)7-2-3-9(12)8(4-7)5-10/h2-5,12H,1H3	5-Acetylsalicylaldehyde	CC(=O)C1=CC(=C(C=C1)O)C=O	1.29999995	3085391	NORMAN:(NS00036719);COCONUT:(CNP0387842);Natural Products:(UNPD132860);PubChem:(3085391);SuperNatural:(SN00259208);ZINC bio:(ZINC13306315);KEGG Mine	8593383426
29	1	N/A	-195.91354800825997	C9H8O3	[M - H2O + H]+	YLHXLHGIAMFFBU	InChI=1S/C9H8O3/c1-12-9(11)8(10)7-5-3-2-4-6-7/h2-6H,1H3	Methylbenzoylformate	COC(=O)C(=O)C1=CC=CC=C1	1.70000005	84835;56845962;101137843;101831350	NORMAN:(NS00008812);COCONUT:(CNP0304624);HMDB:(62605);Natural Products:(UNPD61368);PubChem:(84835 56845962 101137843 101831350);SuperNatural:(SN00382314);CHEBI:(84256);ZINC bio:(ZINC02166852);PubChem class - safety and toxic;PubMed;KEGG Mine	8660492394
30	1	N/A	-198.0814349061832	C9H8O3	[M - H2O + H]+	RYIGSDDWQGKRMF	InChI=1S/C9H8O3/c1-12-9-3-2-7(5-10)4-8(9)6-11/h2-6H,1H3	4-Methoxyisophthalaldehyde	COC1=C(C=C(C=C1)C=O)C=O	1.29271901	2794861	COCONUT:(CNP0350650);Natural Products:(UNPD190854);PubChem:(2794861);ZINC bio:(ZINC00163445)	2138114
31	1	N/A	-198.17112566434352	C9H8O3	[M - H2O + H]+	VXVAFQMBYKUOIZ	InChI=1S/C9H8O3/c1-12-9(11)7-5-3-2-4-6-8-10/h5,7,10H,8H2,1H3	null	COC(=O)C=CC#CC#CCO	0.5	130124984	COCONUT:(CNP0112963);Natural Products:(UNPD38593);PubChem:(130124984)	2129922
32	1	N/A	-198.30347124564096	C9H8O3	[M - H2O + H]+	ISZLCNAQEKYXOV	InChI=1S/C9H8O3/c10-4-7-1-8(5-11)3-9(2-7)6-12/h1-5,12H,6H2	null	C1=C(C=C(C=C1C=O)C=O)CO	0.0	89042525	PubChem:(89042525);COCONUT:(CNP0345745)	2097154
33	1	N/A	-204.60068333531896	C9H8O3	[M - H2O + H]+	CMXXMZYAYIHTBU	InChI=1S/C9H8O3/c1-2-12-9(11)7-5-3-4-6-8(7)10/h2-6,10H,1H2	ethenyl 2-hydroxybenzoate	C=COC(=O)C1=CC=CC=C1O	1.8322978	263172	PubChem:(263172);PubChem class - safety and toxic	67108866
34	1	N/A	-207.9437330274879	C9H8O3	[M - H2O + H]+	YRMODRRGEUGHTF	InChI=1S/C9H8O3/c1-12-9(11)8-5-3-2-4-7(8)6-10/h2-6H,1H3	Methyl 2-formylbenzoate	COC(=O)C1=CC=CC=C1C=O	1.45966947	243003	PubChem class - safety and toxic;PubChem:(243003);PubMed;KEGG Mine	8657043522
35	1	N/A	-208.44497826868047	C9H8O3	[M - H2O + H]+	ZBOUXALQDLLARY	InChI=1S/C9H8O3/c1-6-2-7(4-10)9(12)8(3-6)5-11/h2-5,12H,1H3	2,6-diformyl-4-methylphenol	CC1=CC(=C(C(=C1)C=O)O)C=O	1.39999998	81744;15187110	NORMAN:(NS00037473);MeSH:(81744);PubChem class - safety and toxic;PubChem:(81744 15187110);PubMed	67371078
36	1	N/A	-218.95054925920323	C9H8O3	[M - H2O + H]+	YXAHHYHNIJIRDA	InChI=1S/C9H8O3/c1-6(10)7-3-2-4-8(11)9(12)5-7/h2-5H,1H3,(H,11,12)	4-Acetyl-2-hydroxy-2,4,6-cycloheptatrien-1-one	CC(=O)C1=CC(=O)C(=CC=C1)O	0.899999976	596299	COCONUT:(CNP0339263);Natural Products:(UNPD190084);PubChem:(596299);SuperNatural:(SN00338160);MeSH:(596299);PubMed	3178566
37	1	N/A	-228.88873441512987	C9H8O3	[M - H2O + H]+	OTOXILWYOKJRNV	InChI=1S/C9H8O3/c10-5-8-9(12-8)6-3-1-2-4-7(6)11/h1-5,8-9,11H	null	C1=CC=C(C(=C1)C2C(O2)C=O)O	0.600000024	131837795	HMDB:(134031);PubChem:(131837795);PubChem class - bio and metabolites	16777226
38	1	N/A	-230.11116912354194	C9H8O3	[M - H2O + H]+	SMUQNYRNLQJOOO	InChI=1S/C9H8O3/c10-5-8-9(12-8)6-1-3-7(11)4-2-6/h1-5,8-9,11H	null	C1=CC(=CC=C1C2C(O2)C=O)O	0.600000024	131839525	HMDB:(141768);PubChem:(131839525);KEGG Mine;PubChem class - bio and metabolites	8606711818
39	1	N/A	-234.4307338242434	C9H8O3	[M - H2O + H]+	UHXBMSNEECJPSX	InChI=1S/C9H8O3/c10-9(11)7-3-1-2-6-4-5-12-8(6)7/h1-3H,4-5H2,(H,10,11)	7-Coumarancarboxylic Acid	C1COC2=C1C=CC=C2C(=O)O	1.5	2795014;7020755	PubChem:(2795014 7020755);PubChem class - safety and toxic	67108866
40	1	N/A	-235.82914777356035	C9H8O3	[M - H2O + H]+	RCRHNSUOQUMQQV	InChI=1S/C9H8O3/c1-7(10)12-9-6-4-2-3-5-8(9)11/h2-6H,1H3	2-Acetoxytropone	CC(=O)OC1=CC=CC=CC1=O	1.60000002	214692	COCONUT:(CNP0251937);Natural Products:(UNPD23479);PubChem class - safety and toxic;PubChem:(214692);SuperNatural:(SN00287160)	70287362
41	1	N/A	-239.66154819489807	C9H8O3	[M - H2O + H]+	HALONVPKHYIEQU	InChI=1S/C9H8O3/c10-9(11)8-7(12-8)6-4-2-1-3-5-6/h1-5,7-8H,(H,10,11)	trans-3-Phenylglycidic acid	C1=CC=C(C=C1)C2C(O2)C(=O)O	1.0	906621;906622;906623;906624;415606;4142286;6953789;6953790;6953791;6953792;60102729;88028612;87277763;91179711	HMDB:(126545);PubChem:(906621 906622 906623 906624 415606 4142286 6953789 6953790 6953791 6953792 60102729 88028612 87277763 91179711);YMDB Mine;ZINC bio:(ZINC00488416 ZINC00488417 ZINC00488418 ZINC00488419);PubChem class - bio and metabolites;EcoCyc Mine;PubMed;KEGG Mine	60146327626
42	1	N/A	-243.14329721197697	C9H8O3	[M - H2O + H]+	QSJBSTJSAZCHSA	InChI=1S/C9H8O3/c1-11-8-4-2-3-6-7(10)5-12-9(6)8/h2-4H,5H2,1H3	Maybridge1_004379	COC1=CC=CC2=C1OCC2=O	1.39999998	2818112	NORMAN:(NS00005302);PubChem:(2818112);PubMed	262210
43	1	N/A	-243.6934193450359	C9H8O3	[M - H2O + H]+	XJWBVGDAFGVJEG	InChI=1S/C9H8O3/c10-6-1-2-7-8(11)3-4-12-9(7)5-6/h1-2,5,10H,3-4H2	7-hydroxychroman-4-one	C1COC2=C(C1=O)C=CC(=C2)O	1.0	10855817	COCONUT:(CNP0038707);PubChem class - safety and toxic;PubChem:(10855817);SuperNatural:(SN00034571);ZINC bio:(ZINC35570235)	70262786
44	1	N/A	-245.89555485364414	C9H8O3	[M - H2O + H]+	ZCNZNVIRVHJXKV	InChI=1S/C9H8O3/c10-7-2-3-8-6(5-7)1-4-9(11)12-8/h2-3,5,10H,1,4H2	Hydrocoumarin, 6-hydroxy-	C1CC(=O)OC2=C1C=C(C=C2)O	1.29999995	64809	NORMAN:(NS00028157);EcoCyc Mine;PubChem:(64809);PubMed;KEGG Mine	25770065986
45	1	N/A	-247.0655363428183	C9H8O3	[M - H2O + H]+	WEVFUSSJCGAVOH	InChI=1S/C9H8O3/c10-9(11)8-5-6-3-1-2-4-7(6)12-8/h1-4,8H,5H2,(H,10,11)	2,3-dihydro-1-benzofuran-2-carboxylate	C1C(OC2=CC=CC=C21)C(=O)O	1.47042561	2776555;7130940;7130941;7130942;7130943;22241584;87650124	NORMAN:(NS00017793);PubChem class - safety and toxic;PubChem:(2776555 7130940 7130941 7130942 7130943 22241584 87650124);PubMed	67371074
46	1	N/A	-247.4658034650208	C9H8O3	[M - H2O + H]+	GEKLVYHRWIIUSV	InChI=1S/C9H8O3/c1-2-3-4-5-6-8(11)9(12)7-10/h1,8-12H,7H2	null	C#CC#CC#CC(C(CO)O)O	-0.800000012	85612929;130683696;131133427	COCONUT:(CNP0154578);Natural Products:(UNPD41905 UNPD177336);PubChem:(85612929 130683696 131133427)	2129922
47	1	N/A	-251.9812701791302	C9H8O3	[M - H2O + H]+	ZAEFHXWWOCVZKR	InChI=1S/C9H8O3/c1-7-4-2-3-5-8(7)9(11)12-6-10/h2-6H,1H3	formyl 2-methylbenzoate	CC1=CC=CC=C1C(=O)OC=O	2.10397005	20063091	PubChem:(20063091);COCONUT:(CNP0077020)	2097154
48	1	N/A	-254.32214385906119	C9H8O3	[M - H2O + H]+	TVBNTFVSONEKOU	InChI=1S/C9H8O3/c10-5-7-6-11-8-3-1-2-4-9(8)12-7/h1-5,7H,6H2	2-Formyl-1,4-benzodioxane	C1C(OC2=CC=CC=C2O1)C=O	1.21165287	191725;40463716;40463717	MeSH:(191725);PubChem:(191725 40463716 40463717);PubMed	70
49	1	N/A	-254.82904381433343	C9H8O3	[M - H2O + H]+	YXYOLVAXVPOIMA	InChI=1S/C9H8O3/c10-9(11)7-1-2-8-6(5-7)3-4-12-8/h1-2,5H,3-4H2,(H,10,11)	Maybridge1_002497	C1COC2=C1C=C(C=C2)C(=O)O	1.5	676583;6920214	COCONUT:(CNP0064654 CNP0201380);PubChem:(676583 6920214);SuperNatural:(SN00042702);ZINC bio:(ZINC00039810);PubChem class - bio and metabolites;PubChem class - safety and toxic	87040002
50	1	N/A	-256.33520006772477	C9H8O3	[M - H2O + H]+	RBIFJUFOAYMXFE	InChI=1S/C9H8O3/c10-9(11)7-5-12-8-4-2-1-3-6(7)8/h1-4,7H,5H2,(H,10,11)	2,3-Dihydro-3-benzofurancarboxylic acid	C1C(C2=CC=CC=C2O1)C(=O)O	1.20000005	562423;67537501;67537831	PubChem class - safety and toxic;PubChem:(562423 67537501 67537831);PubMed	67108930
51	1	N/A	-258.04144658385513	C9H8O3	[M - H2O + H]+	GPJCOQPUQUEBTB	InChI=1S/C9H8O3/c10-7-3-1-6-2-4-9(11)12-8(6)5-7/h1,3,5,10H,2,4H2	7-Hydroxy-2-chromanone	C1CC(=O)OC2=C1C=CC(=C2)O	1.29999995	298130	COCONUT:(CNP0221407);PubChem:(298130);ZINC bio:(ZINC05063215);additional;EcoCyc Mine;Training Set;KEGG Mine	25772449794
52	1	N/A	-263.9167255992722	C9H8O3	[M - H2O + H]+	CWKXDPPQCVWXAG	InChI=1S/C9H8O3/c10-6-7-1-2-8-9(5-7)12-4-3-11-8/h1-2,5-6H,3-4H2	6-Formyl-1,4-benzodioxane	C1COC2=C(O1)C=CC(=C2)C=O	1.24850011	248127;118916418;118916413	NORMAN:(NS00052367);PubChem class - safety and toxic;PubChem:(248127 118916418 118916413);CHEBI:(137382)	67371042
53	1	N/A	-265.40927245375815	C9H8O3	[M - H2O + H]+	BMHMKWXYXFBWMI	InChI=1S/C9H8O3/c1-6(10)7-2-3-8-9(4-7)12-5-11-8/h2-4H,5H2,1H3	Acetopiperone	CC(=O)C1=CC2=C(C=C1)OCO2	1.49007654	76622;132552928	NORMAN:(NS00029153);COCONUT:(CNP0109786);Natural Products:(UNPD79186);PubChem:(76622 132552928);SuperNatural:(SN00350043);YMDB Mine;ZINC bio:(ZINC00154661);Training Set;PubMed;KEGG Mine	42953138242
54	1	N/A	-274.3883024516252	C9H8O3	[M - H2O + H]+	HTONKCSNONAUAZ	InChI=1S/C9H8O3/c1-11-8-4-2-3-6-7(8)5-12-9(6)10/h2-4H,5H2,1H3	4-methoxy-3H-2-benzofuran-1-one	COC1=CC=CC2=C1COC2=O	1.29999995	11116379	COCONUT:(CNP0351140);PubChem:(11116379);ZINC bio:(ZINC14505669)	2105346
55	1	N/A	-274.94509336674207	C9H8O3	[M - H2O + H]+	RRMZTAWQQFJQHL	InChI=1S/C9H8O3/c10-4-3-7-1-2-8-9(5-7)12-6-11-8/h1-2,4-5H,3,6H2	1,3-Benzodioxole-5-acetaldehyde	C1OC2=C(O1)C=C(C=C2)CC=O	1.56230128	267889	COCONUT:(CNP0277871);Natural Products:(UNPD15883);PubChem:(267889);SuperNatural:(SN00261534);ZINC bio:(ZINC01699712)	3186690
56	1	N/A	-275.570726712971	C9H8O3	[M - H2O + H]+	LXIBNARWIWVYBK	InChI=1S/C9H8O3/c1-5-7(10)3-2-6-8(11)4-12-9(5)6/h2-3,10H,4H2,1H3	6-hydroxy-7-methyl-1-benzofuran-3-one	CC1=C(C=CC2=C1OCC2=O)O	1.5	291675	COCONUT:(CNP0042986);PubChem:(291675);SuperNatural:(SN00144990);ZINC bio:(ZINC01583376)	3153922
57	1	N/A	-279.8094506885293	C9H8O3	[M - H2O + H]+	JANZWCJQQFVOPT	InChI=1S/C9H8O3/c1-5-2-6(10)3-8-9(5)7(11)4-12-8/h2-3,10H,4H2,1H3	6-hydroxy-4-methyl-1-benzofuran-3-one	CC1=CC(=CC2=C1C(=O)CO2)O	1.5	8073277	COCONUT:(CNP0082490);PubChem:(8073277);SuperNatural:(SN00148362);ZINC bio:(ZINC06760790);PubChem class - bio and metabolites	19931138
58	1	N/A	-280.4260759520604	C9H8O3	[M - H2O + H]+	NXTNWTAZYOVOGN	InChI=1S/C9H8O3/c1-9(11)7-5-3-2-4-6(7)8(10)12-9/h2-5,11H,1H3	1(3h)-isobenzofuranone,3-hydroxy-3-methyl-	CC1(C2=CC=CC=C2C(=O)O1)O	1.36572671	12677388;92440469;92440470	MeSH:(12677388);PubChem:(12677388 92440469 92440470);PubMed	70
59	1	N/A	-280.64251690182306	C9H8O3	[M - H2O + H]+	OIIJJGAFRGJQSQ	InChI=1S/C9H8O3/c1-11-9-7-5-3-2-4-6(7)8(10)12-9/h2-5,9H,1H3	3-Methoxyphthalide	COC1C2=CC=CC=C2C(=O)O1	1.54421389	819004;819006;349017	COCONUT:(CNP0262154);PubChem class - safety and toxic;PubChem:(819004 819006 349017);SuperNatural:(SN00118257 SN00118258);ZINC bio:(ZINC00334315 ZINC00334318)	70262786
60	1	N/A	-283.939753646707	C9H8O3	[M - H2O + H]+	HHDKMGSELKNURM	InChI=1S/C9H8O3/c1-11-8-4-6(10)5-9-7(8)2-3-12-9/h2-5,10H,1H3	null	COC1=CC(=CC2=C1C=CO2)O	1.89999998	45122636	HMDB:(129375);PubChem:(45122636);PubChem class - bio and metabolites	16777226
61	1	N/A	-284.40186527509644	C9H8O3	[M - H2O + H]+	PYVNMBGWXYJCCL	InChI=1S/C9H8O3/c10-9-7-3-1-2-4-8(7)11-5-6-12-9/h1-4H,5-6H2	2H,3H-benzo[f]1,4-dioxepin-5-one	C1COC(=O)C2=CC=CC=C2O1	1.5	211314	PubChem:(211314);PubChem class - safety and toxic	67108866
62	1	N/A	-284.86732632710635	C9H8O3	[M - H2O + H]+	YEGQYRDJSUITQT	InChI=1S/C9H8O3/c1-11-7-3-2-6-5-12-9(10)8(6)4-7/h2-4H,5H2,1H3	6-Methoxyphtalide	COC1=CC2=C(COC2=O)C=C1	1.4677887	330539	PubChem class - safety and toxic;PubChem:(330539);PubMed	67108930
63	1	N/A	-299.5897443984226	C9H8O3	[M - H2O + H]+	KJOJTPANXQIYQH	InChI=1S/C9H8O3/c10-8(11)9(6-12-9)7-4-2-1-3-5-7/h1-5H,6H2,(H,10,11)	alpha-Phenylglycidate	C1C(O1)(C2=CC=CC=C2)C(=O)O	1.0	131154;13479290;13479292;22057630	MeSH:(131154);PubChem:(131154 13479290 13479292 22057630);PubMed;Biocyc:(CPD-19557);PubChem class - bio and metabolites	16779334
64	1	N/A	-310.0440739348347	C9H8O3	[M - H2O + H]+	LAAXOAGMCJHXLC	InChI=1S/C9H8O3/c1-5-3-2-4-6-7(5)9(11)12-8(6)10/h2-4,8,10H,1H3	3-hydroxy-7-methyl-3H-2-benzofuran-1-one	CC1=C2C(=CC=C1)C(OC2=O)O	1.20000005	639140;299171;6994340	COCONUT:(CNP0048978);PubChem:(639140 299171 6994340);SuperNatural:(SN00119957 SN00125701);ZINC bio:(ZINC01692782 ZINC03847640)	3153922
65	1	N/A	-312.94411637893995	C9H8O3	[M - H2O + H]+	LSEDBFAOUVOFHX	InChI=1S/C9H8O3/c1-5-2-3-7(10)8-6(5)4-12-9(8)11/h2-3,10H,4H2,1H3	1(3H)-Isobenzofuranone, 7-hydroxy-4-methyl-	CC1=C2COC(=O)C2=C(C=C1)O	1.89999998	71384796	COCONUT:(CNP0162510);Natural Products:(UNPD12278);PubChem:(71384796);SuperNatural:(SN00231306)	3178498
66	1	N/A	-321.9205613762781	C9H8O3	[M - H2O + H]+	KNDQHSIWLOJIGP	InChI=1S/C9H8O3/c10-8-6-4-1-2-5(3-4)7(6)9(11)12-8/h1-2,4-7H,3H2	Nadic anhydrid	C1C2C=CC1C3C2C(=O)OC3=O	0.699999988	13223;75977;98507;637794;2723766;6452815;12201597;12201596;12201599;9964188;25026996;60018572;57626771;57789643;59861033;58295041;58420466;58420472;71751170;71772083;88484272;88897749;88897751;88933372;89197959;89208862;92328078;89900638;98056907;98111688;126963424;135037907	NORMAN:(NS00038218);COCONUT:(CNP0107915);PubChem class - food;PubChem:(13223 75977 98507 637794 2723766 6452815 12201597 12201596 12201599 9964188 25026996 60018572 57626771 57789643 59861033 58295041 58420466 58420472 71751170 71772083 88484272 88897749 88897751 88933372 89197959 89208862 92328078 89900638 98056907 98111688 126963424 135037907);MeSH:(13223 75977 637794 2723766 9964188);PubChem class - safety and toxic;PubMed	203685958
67	1	N/A	-329.4209102533673	C9H8O3	[M - H2O + H]+	DGOAWOUYELXMNT	InChI=1S/C9H8O3/c10-3-6-1-7-4-12-5-8(7)2-9(6)11/h1-3,11H,4-5H2	null	C1C2=CC(=C(C=C2CO1)O)C=O	0.800000012	84021270	PubChem:(84021270);PubChem class - safety and toxic	67108866
68	1	N/A	-330.8391704789744	C9H8O3	[M - H2O + H]+	SKTYUPHFRCASKQ	InChI=1S/C9H8O3/c1-5-2-6(10)9-7(11)4-12-8(9)3-5/h2-3,10H,4H2,1H3	4-hydroxy-6-methyl-2H-1-benzofuran-3-one	CC1=CC(=C2C(=O)COC2=C1)O	2.0	24278917	COCONUT:(CNP0043045);PubChem:(24278917);SuperNatural:(SN00150900);ZINC bio:(ZINC11764641)	3153922
69	1	N/A	-355.4010308563395	C9H8O3	[M - H2O + H]+	CHWKGJOTGCSFNF	InChI=1S/C9H8O3/c10-8-6-4-1-2-5(3-4)7(6)9(11)12-8/h4,6H,1-3H2	Norbornene anhydride	C1CC2=C3C(C1C2)C(=O)OC3=O	0.600000024	53721977;89251736	MeSH:(53721977);PubChem:(53721977 89251736);PubMed	70
70	1	N/A	-420.5891664904953	C9H8O3	[M - H2O + H]+	TYHXSNBTCKZPMK	InChI=1S/C9H8O3/c1-5-7-3-4-11-6(2)8(7)12-9(5)10/h3-4H,1-2H3	2H-Furo[2,3-c]pyran-2-one, 3,7-dimethyl-	CC1=C2C=COC(=C2OC1=O)C	0.899999976	11321142	MeSH:(11321142);PubChem:(11321142);PubMed	70