structureRankPerFormula	formulaRank	ConfidenceScore	CSI:FingerIDScore	molecularFormula	adduct	InChIkey2D	InChI	name	smiles	xlogp	pubchemids	links	dbflags
1	1	0.6337460121575714	-96.71157440285833	C42H80NO10P	[M - H2O + H]+	IDKONAAHVQTOSX	InChI=1S/C42H80NO10P/c1-6-8-10-12-14-16-18-20-22-24-26-28-30-32-40(44)49-36-38(37-51-54(47,48)50-34-33-43(3,4)5)52-41(45)35-42(46)39(53-42)31-29-27-25-23-21-19-17-15-13-11-9-7-2/h21,23,38-39,46H,6-20,22,24-37H2,1-5H3/p+1	null	CCCCCCCCCCCCCCCC(=O)OCC(COP(=O)(O)OCC[N+](C)(C)C)OC(=O)CC1(C(O1)CCCCC=CCCCCCCCC)O	12.0	44517620	PubChem:(44517620);PubChem class - bio and metabolites	16777218
2	1	N/A	-122.89203151016774	C42H80NO10P	[M - H2O + H]+	LJXFBEPGRCXHSF	InChI=1S/C42H80NO10P/c1-3-5-7-9-11-13-15-16-17-18-19-20-21-22-24-26-28-30-32-34-41(45)53-38(36-51-54(48,49)52-37-39(43)42(46)47)35-50-40(44)33-31-29-27-25-23-14-12-10-8-6-4-2/h10,12,38-39H,3-9,11,13-37,43H2,1-2H3,(H,46,47)(H,48,49)	1-(9Z-tetradecenoyl)-2-docosanoyl-glycero-3-phosphoserine	CCCCCCCCCCCCCCCCCCCCCC(=O)OC(COC(=O)CCCCCCCC=CCCCC)COP(=O)(O)OCC(C(=O)O)N	11.1000004	52925244;134746904	HMDB:(112279);PubChem:(52925244 134746904);PubChem class - bio and metabolites	16777226
3	1	N/A	-122.89203151016774	C42H80NO10P	[M - H2O + H]+	HRWGJAQJODJBJW	InChI=1S/C42H80NO10P/c1-3-5-7-9-11-13-15-17-18-19-20-22-24-26-28-30-32-34-41(45)53-38(36-51-54(48,49)52-37-39(43)42(46)47)35-50-40(44)33-31-29-27-25-23-21-16-14-12-10-8-6-4-2/h14,16,38-39H,3-13,15,17-37,43H2,1-2H3,(H,46,47)(H,48,49)	1-(9Z-hexadecenoyl)-2-eicosanoyl-glycero-3-phosphoserine	CCCCCCCCCCCCCCCCCCCC(=O)OC(COC(=O)CCCCCCCC=CCCCCCC)COP(=O)(O)OCC(C(=O)O)N	11.1000004	52925326;134736347	HMDB:(112287);PubChem:(52925326 134736347);PubChem class - bio and metabolites	16777226
4	1	N/A	-122.89203151016774	C42H80NO10P	[M - H2O + H]+	ANTUFZYLJWQYBV	InChI=1S/C42H80NO10P/c1-3-5-7-9-11-13-15-16-17-18-19-20-21-22-24-25-27-29-31-33-40(44)50-35-38(36-51-54(48,49)52-37-39(43)42(46)47)53-41(45)34-32-30-28-26-23-14-12-10-8-6-4-2/h10,12,38-39H,3-9,11,13-37,43H2,1-2H3,(H,46,47)(H,48,49)	1-docosanoyl-2-(9Z-tetradecenoyl)-glycero-3-phosphoserine	CCCCCCCCCCCCCCCCCCCCCC(=O)OCC(COP(=O)(O)OCC(C(=O)O)N)OC(=O)CCCCCCCC=CCCCC	11.1000004	52925812;134718837;138120191	HMDB:(112708);PubChem:(52925812 134718837 138120191);PubChem class - bio and metabolites	16777226
5	1	N/A	-122.89203151016774	C42H80NO10P	[M - H2O + H]+	OWIQDHDCLGBOFU	InChI=1S/C42H80NO10P/c1-3-5-7-9-11-13-15-17-19-21-23-25-27-29-31-33-40(44)50-35-38(36-51-54(48,49)52-37-39(43)42(46)47)53-41(45)34-32-30-28-26-24-22-20-18-16-14-12-10-8-6-4-2/h13,15,38-39H,3-12,14,16-37,43H2,1-2H3,(H,46,47)(H,48,49)	null	CCCCCCCCCCCCCCCCCC(=O)OC(COC(=O)CCCCCCCCCC=CCCCCCC)COP(=O)(O)OCC(C(=O)O)N	11.1000004	131819743;134756704	HMDB:(112388);PubChem:(131819743 134756704);PubChem class - bio and metabolites	16777226
6	1	N/A	-122.89203151016774	C42H80NO10P	[M - H2O + H]+	AKYGQDUFVKSOCY	InChI=1S/C42H80NO10P/c1-3-5-7-9-11-13-15-17-18-19-20-22-23-25-27-29-31-33-40(44)50-35-38(36-51-54(48,49)52-37-39(43)42(46)47)53-41(45)34-32-30-28-26-24-21-16-14-12-10-8-6-4-2/h14,16,38-39H,3-13,15,17-37,43H2,1-2H3,(H,46,47)(H,48,49)	1-eicosanoyl-2-(9Z-hexadecenoyl)-glycero-3-phosphoserine	CCCCCCCCCCCCCCCCCCCC(=O)OCC(COP(=O)(O)OCC(C(=O)O)N)OC(=O)CCCCCCCC=CCCCCCC	11.1000004	52925624;134718552;138119312	HMDB:(112515);PubChem:(52925624 134718552 138119312);PubChem class - bio and metabolites	16777226
7	1	N/A	-122.89203151016774	C42H80NO10P	[M - H2O + H]+	LDPJFEPYYCUUOO	InChI=1S/C42H80NO10P/c1-3-5-7-9-11-13-15-17-19-21-23-25-27-29-31-33-40(44)50-35-38(36-51-54(48,49)52-37-39(43)42(46)47)53-41(45)34-32-30-28-26-24-22-20-18-16-14-12-10-8-6-4-2/h14,16,38-39H,3-13,15,17-37,43H2,1-2H3,(H,46,47)(H,48,49)	null	CCCCCCCCCCCCCCCCCC(=O)OCC(COP(=O)(O)OCC(C(=O)O)N)OC(=O)CCCCCCCCCC=CCCCCCC	11.1000004	131819699;134746142;139291941	HMDB:(112289);PubChem:(131819699 134746142 139291941);PubChem class - bio and metabolites	16777226
8	1	N/A	-124.93658938942148	C42H80NO10P	[M - H2O + H]+	OUMZAOJFRJQBOF	InChI=1S/C42H80NO10P/c1-3-5-7-9-11-13-15-17-18-19-20-22-24-26-28-30-32-34-41(45)53-38(36-51-54(48,49)52-37-39(43)42(46)47)35-50-40(44)33-31-29-27-25-23-21-16-14-12-10-8-6-4-2/h17-18,38-39H,3-16,19-37,43H2,1-2H3,(H,46,47)(H,48,49)	1-hexadecanoyl-2-(11Z-eicosenoyl)-glycero-3-phosphoserine	CCCCCCCCCCCCCCCC(=O)OCC(COP(=O)(O)OCC(C(=O)O)N)OC(=O)CCCCCCCCCC=CCCCCCCCC	11.1000004	52926074;134756506;138231221	HMDB:(112286);PubChem:(52926074 134756506 138231221);PubChem class - bio and metabolites	16777226
9	1	N/A	-124.93658938942148	C42H80NO10P	[M - H2O + H]+	LTWLOTNOIYNOPC	InChI=1S/C42H80NO10P/c1-3-5-7-9-11-13-15-16-17-18-19-20-21-22-24-26-28-30-32-34-41(45)53-38(36-51-54(48,49)52-37-39(43)42(46)47)35-50-40(44)33-31-29-27-25-23-14-12-10-8-6-4-2/h16-17,38-39H,3-15,18-37,43H2,1-2H3,(H,46,47)(H,48,49)	null	CCCCCCCCCCCCCC(=O)OCC(COP(=O)(O)OCC(C(=O)O)N)OC(=O)CCCCCCCCCCCC=CCCCCCCCC	11.1000004	131819705;134747971;138205981	HMDB:(112301);PubChem:(131819705 134747971 138205981);PubChem class - bio and metabolites	16777226
10	1	N/A	-124.93658938942148	C42H80NO10P	[M - H2O + H]+	GANPTWKUTLOPRG	InChI=1S/C42H80NO10P/c1-3-5-7-9-11-13-15-17-18-19-20-22-23-25-27-29-31-33-40(44)50-35-38(36-51-54(48,49)52-37-39(43)42(46)47)53-41(45)34-32-30-28-26-24-21-16-14-12-10-8-6-4-2/h17-18,38-39H,3-16,19-37,43H2,1-2H3,(H,46,47)(H,48,49)	1-(11Z-eicosenoyl)-2-hexadecanoyl-glycero-3-phosphoserine	CCCCCCCCCCCCCCCC(=O)OC(COC(=O)CCCCCCCCCC=CCCCCCCCC)COP(=O)(O)OCC(C(=O)O)N	11.1000004	52925644;134731600	HMDB:(112543);PubChem:(52925644 134731600);PubChem class - bio and metabolites	16777226
11	1	N/A	-124.93658938942148	C42H80NO10P	[M - H2O + H]+	VYDABBXFPODZIE	InChI=1S/C42H80NO10P/c1-3-5-7-9-11-13-15-17-19-21-23-25-27-29-31-33-40(44)50-35-38(36-51-54(48,49)52-37-39(43)42(46)47)53-41(45)34-32-30-28-26-24-22-20-18-16-14-12-10-8-6-4-2/h17,19,38-39H,3-16,18,20-37,43H2,1-2H3,(H,46,47)(H,48,49)	PS(18:1omega9/18:0)	CCCCCCCCCCCCCCCCCC(=O)OC(COC(=O)CCCCCCCC=CCCCCCCCC)COP(=O)(O)OCC(C(=O)O)N	11.1000004	9547082;9547094;71728382;71767538;134774801	HMDB:(12389);PubChem:(9547082 9547094 71728382 71767538 134774801);CHEBI:(74902 75103);PubChem class - bio and metabolites	16777258
12	1	N/A	-124.93658938942148	C42H80NO10P	[M - H2O + H]+	JORCEKLLBNHGBY	InChI=1S/C42H80NO10P/c1-3-5-7-9-11-13-15-16-17-18-19-20-21-22-24-25-27-29-31-33-40(44)50-35-38(36-51-54(48,49)52-37-39(43)42(46)47)53-41(45)34-32-30-28-26-23-14-12-10-8-6-4-2/h16-17,38-39H,3-15,18-37,43H2,1-2H3,(H,46,47)(H,48,49)	null	CCCCCCCCCCCCCC(=O)OC(COC(=O)CCCCCCCCCCCC=CCCCCCCCC)COP(=O)(O)OCC(C(=O)O)N	11.1000004	131819906;134741730	HMDB:(112736);PubChem:(131819906 134741730);PubChem class - bio and metabolites	16777226
13	1	N/A	-124.93658938942148	C42H80NO10P	[M - H2O + H]+	AJFWREUFUPEYII	InChI=1S/C42H80NO10P/c1-3-5-7-9-11-13-15-17-19-21-23-25-27-29-31-33-40(44)50-35-38(36-51-54(48,49)52-37-39(43)42(46)47)53-41(45)34-32-30-28-26-24-22-20-18-16-14-12-10-8-6-4-2/h18,20,38-39H,3-17,19,21-37,43H2,1-2H3,(H,46,47)(H,48,49)	Phosphatidylserine(18:0/18:1)	CCCCCCCCCCCCCCCCCC(=O)OCC(COP(=O)(O)OCC(C(=O)O)N)OC(=O)CCCCCCCC=CCCCCCCCC	11.1000004	9547076;9547087;6912513;9962404;53645799;59720717;72367181;71576785;86289491	HMDB:(10163);SuperNatural:(SN00394834);additional;PubMed;COCONUT:(CNP0118740);Natural Products:(UNPD54560);PubChem:(9547076 9547087 6912513 9962404 53645799 59720717 72367181 71576785 86289491);CHEBI:(79096 78260);PubChem class - bio and metabolites;YMDB:(1257);Training Set;Biocyc:(CPD-8336)	20564074