structureRankPerFormula	formulaRank	ConfidenceScore	CSI:FingerIDScore	molecularFormula	adduct	InChIkey2D	InChI	name	smiles	xlogp	pubchemids	links	dbflags
1	1	N/A	-92.62396858118885	C15H20O8	[M + H]+	NPAQHLFPEOMKAL	InChI=1S/C15H20O8/c16-7-11-12(19)13(20)14(21)15(23-11)22-6-5-10(18)8-1-3-9(17)4-2-8/h1-4,11-17,19-21H,5-7H2	null	C1=CC(=CC=C1C(=O)CCOC2C(C(C(C(O2)CO)O)O)O)O	-1.10000002	10471692	COCONUT:(CNP0291401);Natural Products:(UNPD160741 UNPD42580);PubChem:(10471692);SuperNatural:(SN00289533 SN00029874);CHEBI:(141404);ZINC bio:(ZINC31166226);additional;Training Set	3727394
2	1	N/A	-103.25082776407945	C15H20O8	[M + H]+	CTBTYMWZDWFXTH	InChI=1S/C15H20O8/c16-7-10-12(19)13(20)14(21)15(23-10)22-9-4-1-8(2-5-9)3-6-11(17)18/h1-2,4-5,10,12-16,19-21H,3,6-7H2,(H,17,18)	null	C1=CC(=CC=C1CCC(=O)O)OC2C(C(C(C(O2)CO)O)O)O	-0.275710613	101928034	COCONUT:(CNP0298104);Natural Products:(UNPD190393);PubChem:(101928034);SuperNatural:(SN00302690);Training Set;KEGG Mine	8593129474
3	1	N/A	-103.39508842323	C15H20O8	[M + H]+	AVIUTYMRHHBXPB	InChI=1S/C15H20O8/c1-7(17)9-4-3-8(21-2)5-10(9)22-15-14(20)13(19)12(18)11(6-16)23-15/h3-5,11-16,18-20H,6H2,1-2H3	2-Acetyl-5-methoxyphenyl beta-D-Glucopyranoside	CC(=O)C1=C(C=C(C=C1)OC)OC2C(C(C(C(O2)CO)O)O)O	-0.554370046	442924;4486114;53384347;57375575	COCONUT:(CNP0318081);KNApSAcK:(2706);Natural Products:(UNPD84846);PubChem:(442924 4486114 53384347 57375575);SuperNatural:(SN00157236);CHEBI:(718638 7892);KEGG:(C10717);PubMed	3178866
4	1	N/A	-105.25212233751974	C15H20O8	[M + H]+	GXLXFBBEKMNRQK	InChI=1S/C15H20O8/c1-6-3-8(18)4-9(11(6)7(2)17)22-15-14(21)13(20)12(19)10(5-16)23-15/h3-4,10,12-16,18-21H,5H2,1-2H3	null	CC1=CC(=CC(=C1C(=O)C)OC2C(C(C(C(O2)CO)O)O)O)O	-0.5	56776250	COCONUT:(CNP0398765);PubChem:(56776250);SuperNatural:(SN00041185);ZINC bio:(ZINC67913388);additional;Training Set	3694594
5	1	N/A	-114.61403414833815	C15H20O8	[M + H]+	SHZMGEYUEFSGCM	InChI=1S/C15H20O8/c1-6-4-8(17)7-2-3-21-14(10(6)7)23-15-13(20)12(19)11(18)9(5-16)22-15/h2-4,7,9-16,18-20H,5H2,1H3	null	CC1=CC(=O)C2C1C(OC=C2)OC3C(C(C(C(O3)CO)O)O)O	-1.11034679	""	COCONUT:(CNP0250455);Natural Products:(UNPD78092);SuperNatural:(SN00290677)	3178496
6	1	N/A	-117.00999379782529	C15H20O8	[M + H]+	FXEOLMWSBWXMSF	InChI=1S/C15H20O8/c16-7-10-12(19)13(20)14(21)15(23-10)22-9-4-2-1-3-8(9)5-6-11(17)18/h1-4,10,12-16,19-21H,5-7H2,(H,17,18)	Dihydromelilotoside	C1=CC=C(C(=C1)CCC(=O)O)OC2C(C(C(C(O2)CO)O)O)O	-0.275710613	5316728;22524187;73981563	COCONUT:(CNP0049058 CNP0257270);HMDB:(38334);Natural Products:(UNPD63410 UNPD210138);PubChem:(5316728 22524187 73981563);SuperNatural:(SN00273535 SN00160157);additional;PubChem class - bio and metabolites;EcoCyc Mine;PubMed;KEGG Mine	25790283850
7	1	N/A	-120.8423260963979	C15H20O8	[M + H]+	OEFVURHDSCIHJB	InChI=1S/C15H20O8/c1-2-21-14(20)8-3-5-9(6-4-8)22-15-13(19)12(18)11(17)10(7-16)23-15/h3-6,10-13,15-19H,2,7H2,1H3	ethyl 4-[3,4,5-trihydroxy-6-(hydroxymethyl)oxan-2-yl]oxybenzoate	CCOC(=O)C1=CC=C(C=C1)OC2C(C(C(C(O2)CO)O)O)O	-0.0457934588	908174;3465344;7086926;11438856	COCONUT:(CNP0364924);PubChem:(908174 3465344 7086926 11438856);SuperNatural:(SN00070980);ZINC bio:(ZINC04062046)	3153922
8	1	N/A	-124.86622740871705	C15H20O8	[M + H]+	IERQJNGBILWLCY	InChI=1S/C15H20O8/c1-8(17)21-7-11-12(18)13(19)14(20)15(23-11)22-10-5-3-2-4-9(10)6-16/h2-5,11-16,18-20H,6-7H2,1H3	Fragilin	CC(=O)OCC1C(C(C(C(O1)OC2=CC=CC=C2CO)O)O)O	-0.477156132	3084324;11209634	COCONUT:(CNP0210600);Natural Products:(UNPD41606 UNPD56879 UNPD198924);PubChem:(3084324 11209634);SuperNatural:(SN00271125 SN00393793);CHEBI:(137484)	3178530
9	1	N/A	-127.9581471758762	C15H20O8	[M + H]+	WVKOWKLLVMFWGV	InChI=1S/C15H20O8/c1-21-9-4-2-8(3-5-9)10(17)7-22-15-14(20)13(19)12(18)11(6-16)23-15/h2-5,11-16,18-20H,6-7H2,1H3	null	COC1=CC=C(C=C1)C(=O)COC2C(C(C(C(O2)CO)O)O)O	-0.653626561	""	COCONUT:(CNP0299170);Natural Products:(UNPD54990);SuperNatural:(SN00294323)	3178496
10	1	N/A	-132.55193506758667	C15H20O8	[M + H]+	WPYITBHVUBHJHS	InChI=1S/C15H20O8/c1-21-7-10(17)8-2-4-9(5-3-8)22-15-14(20)13(19)12(18)11(6-16)23-15/h2-5,11-16,18-20H,6-7H2,1H3	null	COCC(=O)C1=CC=C(C=C1)OC2C(C(C(C(O2)CO)O)O)O	-0.653626561	""	COCONUT:(CNP0111767);Natural Products:(UNPD96073);SuperNatural:(SN00344839)	3178496
11	1	N/A	-137.81201259088337	C15H20O8	[M + H]+	QUOZWMJFTQUXON	InChI=1S/C15H20O8/c1-7(17)8-3-4-9(10(5-8)21-2)22-15-14(20)13(19)12(18)11(6-16)23-15/h3-5,11-16,18-20H,6H2,1-2H3	Androsin	CC(=O)C1=CC(=C(C=C1)OC2C(C(C(C(O2)CO)O)O)O)OC	-0.554370046	164648;12306788;10336601;20055279;57121680;67742033;102584714	COCONUT:(CNP0270683);KNApSAcK:(29684);Natural Products:(UNPD149830 UNPD171891);PubChem:(164648 12306788 10336601 20055279 57121680 67742033 102584714);SuperNatural:(SN00315341 SN00011548 SN00160952);ZINC bio:(ZINC05167579);additional;MeSH:(164648);Training Set;PubMed;KEGG Mine	8593662038
12	1	N/A	-141.36768883576903	C15H20O8	[M + H]+	LIOOJQZRNLJKMU	InChI=1S/C15H20O8/c16-5-1-2-8-3-4-10(9(18)6-8)22-15-14(21)13(20)12(19)11(7-17)23-15/h1-4,6,11-21H,5,7H2	null	C1=CC(=C(C=C1C=CCO)O)OC2C(C(C(C(O2)CO)O)O)O	-0.739750564	101273492	COCONUT:(CNP0149935);Natural Products:(UNPD181727 UNPD220356);PubChem:(101273492);SuperNatural:(SN00320338);KEGG Mine	8593113090
13	1	N/A	-143.6640070313958	C15H20O8	[M + H]+	CFJLERBDXYGARW	InChI=1S/C15H20O8/c1-6-3-8(4-9(18)11(6)7(2)17)22-15-14(21)13(20)12(19)10(5-16)23-15/h3-4,10,12-16,18-21H,5H2,1-2H3	null	CC1=CC(=CC(=C1C(=O)C)O)OC2C(C(C(C(O2)CO)O)O)O	-0.480721533	45783012	COCONUT:(CNP0349040);PubChem:(45783012);SuperNatural:(SN00034436);ZINC bio:(ZINC35465909);additional;Training Set	3694594
14	1	N/A	-143.751796752067	C15H20O8	[M + H]+	WEQVXFUVESXEJQ	InChI=1S/C15H20O8/c1-2-21-15-13(19)12(18)11(17)10(23-15)7-22-14(20)8-3-5-9(16)6-4-8/h3-6,10-13,15-19H,2,7H2,1H3	null	CCOC1C(C(C(C(O1)COC(=O)C2=CC=C(C=C2)O)O)O)O	-0.400000006	101098635	COCONUT:(CNP0212367);Natural Products:(UNPD16383);PubChem:(101098635);SuperNatural:(SN00314862)	3178498
15	1	N/A	-144.96139459233584	C15H20O8	[M + H]+	CSTQMOBLRGXKBB	InChI=1S/C15H20O8/c16-7-10-12(19)13(20)14(21)15(23-10)22-9-3-1-2-8(6-9)4-5-11(17)18/h1-3,6,10,12-16,19-21H,4-5,7H2,(H,17,18)	null	C1=CC(=CC(=C1)OC2C(C(C(C(O2)CO)O)O)O)CCC(=O)O	-0.275710613	""	COCONUT:(CNP0233009);Natural Products:(UNPD36696)	2129920
16	1	N/A	-145.37347941952467	C15H20O8	[M + H]+	JKAYPNQEJVZOMU	InChI=1S/C15H20O8/c16-7-10-12(19)13(20)14(21)15(22-10)23-11(18)6-5-8-3-1-2-4-9(8)17/h1-4,10,12-17,19-21H,5-7H2	dihydrocinnacasside	C1=CC=C(C(=C1)CCC(=O)OC2C(C(C(C(O2)CO)O)O)O)O	-0.5	44178764	COCONUT:(CNP0224335);Natural Products:(UNPD42363);PubChem:(44178764);SuperNatural:(SN00268566);PubMed	3178562
17	1	N/A	-148.2429018596831	C15H20O8	[M + H]+	NXWQDZYMPJYLPQ	InChI=1S/C15H20O8/c16-6-9(8-4-2-1-3-5-8)14(21)23-15-13(20)12(19)11(18)10(7-17)22-15/h1-5,9-13,15-20H,6-7H2	null	C1=CC=C(C=C1)C(CO)C(=O)OC2C(C(C(C(O2)CO)O)O)O	-0.870131195	""	COCONUT:(CNP0213864);Natural Products:(UNPD161956 UNPD142387);SuperNatural:(SN00335302 SN00262605)	3178496
18	1	N/A	-151.84931445480964	C15H20O8	[M + H]+	QKSCZMWGZVJJFT	InChI=1S/C15H20O8/c1-7-3-2-4-8(17)11(7)9(18)6-22-15-14(21)13(20)12(19)10(5-16)23-15/h2-4,10,12-17,19-21H,5-6H2,1H3	null	CC1=C(C(=CC=C1)O)C(=O)COC2C(C(C(C(O2)CO)O)O)O	-0.100000001	101458348	COCONUT:(CNP0421763);Natural Products:(UNPD223628);PubChem:(101458348)	2129922
19	1	N/A	-152.3461845202058	C15H20O8	[M + H]+	QKSXDTCOXDRTCI	InChI=1S/C15H20O8/c16-6-10-11(17)12(18)13(19)15(23-10)22-7-9(14(20)21)8-4-2-1-3-5-8/h1-5,9-13,15-19H,6-7H2,(H,20,21)	null	C1=CC=C(C=C1)C(COC2C(C(C(C(O2)CO)O)O)O)C(=O)O	-0.870131195	75528813	COCONUT:(CNP0343267);Natural Products:(UNPD93917 UNPD167482);PubChem:(75528813);SuperNatural:(SN00309192 SN00368943)	3178498
20	1	N/A	-155.3439763055372	C15H20O8	[M + H]+	SWESETWDPGZBCR	InChI=1S/C15H20O8/c1-2-21-10-5-8(6-16)3-4-9(10)22-15-14(20)13(19)12(18)11(7-17)23-15/h3-6,11-15,17-20H,2,7H2,1H3	Glucoethylvanillin	CCOC1=C(C=CC(=C1)C=O)OC2C(C(C(C(O2)CO)O)O)O	-0.212743938	11163251;21924275;22841405	NORMAN:(NS00008547);COCONUT:(CNP0258809);HMDB:(37682);PubChem class - food;PubChem:(11163251 21924275 22841405);PubChem class - bio and metabolites	153354250
21	1	N/A	-166.71877523112425	C15H20O8	[M + H]+	RRRGZNGWWIEOLB	InChI=1S/C15H20O8/c1-8(18)21-14-13(20)12(19)11(7-17)23-15(14)22-10-5-3-2-4-9(10)6-16/h2-5,11-17,19-20H,6-7H2,1H3	null	CC(=O)OC1C(C(C(OC1OC2=CC=CC=C2CO)CO)O)O	-0.477156132	137333735	COCONUT:(CNP0226517);Natural Products:(UNPD208498);PubChem:(137333735);CHEBI:(137481)	2129954
22	1	N/A	-170.02948169413878	C15H20O8	[M + H]+	XWODHOVNBAEXRX	InChI=1S/C15H20O8/c1-7(8-2-4-9(17)5-3-8)14(21)23-15-13(20)12(19)11(18)10(6-16)22-15/h2-5,7,10-13,15-20H,6H2,1H3	null	CC(C1=CC=C(C=C1)O)C(=O)OC2C(C(C(C(O2)CO)O)O)O	-0.351494759	""	COCONUT:(CNP0213787);Natural Products:(UNPD4184 UNPD72319);SuperNatural:(SN00225834 SN00345622)	3178496
23	1	N/A	-174.6836802031835	C15H20O8	[M + H]+	KNHOEAFGAAOPKI	InChI=1S/C15H20O8/c1-6-9(7(2)17)3-8(4-10(6)18)22-15-14(21)13(20)12(19)11(5-16)23-15/h3-4,11-16,18-21H,5H2,1-2H3	null	CC1=C(C=C(C=C1C(=O)C)OC2C(C(C(C(O2)CO)O)O)O)O	-0.480721533	""	COCONUT:(CNP0125111);Natural Products:(UNPD215708)	2129920
24	1	N/A	-177.36859038612846	C15H20O8	[M + H]+	XEPVGMRVOARCJN	InChI=1S/C15H20O8/c1-7(17)2-8-3-9(18)5-10(4-8)22-15-14(21)13(20)12(19)11(6-16)23-15/h3-5,11-16,18-21H,2,6H2,1H3	null	CC(=O)CC1=CC(=CC(=C1)OC2C(C(C(C(O2)CO)O)O)O)O	-0.802460968	102203237	COCONUT:(CNP0319365);Natural Products:(UNPD221035);PubChem:(102203237)	2129922
25	1	N/A	-181.1982223685638	C15H20O8	[M + H]+	BVJMHIAJLGZOHQ	InChI=1S/C15H20O8/c1-7(14(20)21)8-2-4-9(5-3-8)22-15-13(19)12(18)11(17)10(6-16)23-15/h2-5,7,10-13,15-19H,6H2,1H3,(H,20,21)	null	CC(C1=CC=C(C=C1)OC2C(C(C(C(O2)CO)O)O)O)C(=O)O	-0.351494759	""	COCONUT:(CNP0104702);Natural Products:(UNPD135025);SuperNatural:(SN00373920)	3178496
26	1	N/A	-187.04598686694501	C15H20O8	[M + H]+	BWTUAYQDFBDCQV	InChI=1S/C15H20O8/c1-8(18)21-14-12(19)11(7-17)23-15(13(14)20)22-10-5-3-2-4-9(10)6-16/h2-5,11-17,19-20H,6-7H2,1H3	null	CC(=O)OC1C(C(OC(C1O)OC2=CC=CC=C2CO)CO)O	-0.477156132	137333736	PubChem:(137333736);CHEBI:(137482)	34
27	1	N/A	-218.85246811791953	C15H20O8	[M + H]+	XWQIOGZOIREUJW	InChI=1S/C15H20O8/c16-6-9(8-4-2-1-3-5-8)14(20)23-13-12(19)11(18)10(7-17)22-15(13)21/h1-5,9-13,15-19,21H,6-7H2	null	C1=CC=C(C=C1)C(CO)C(=O)OC2C(C(C(OC2O)CO)O)O	-0.870131195	""	COCONUT:(CNP0155292);Natural Products:(UNPD176701);SuperNatural:(SN00258902)	3178496
28	1	N/A	-253.81859478933134	C15H20O8	[M + H]+	LZDSGRJZIUFAEV	InChI=1S/C15H20O8/c1-2-22-15-13(21)10(18)12(20)14(23-15)11(19)9(17)7-3-5-8(16)6-4-7/h3-6,10-16,18-21H,2H2,1H3	null	CCOC1C(C(C(C(O1)C(C(=O)C2=CC=C(C=C2)O)O)O)O)O	-0.604842544	""	COCONUT:(CNP0229582)	2097152
29	1	N/A	-282.6461043488219	C15H20O8	[M + H]+	JQYHXAPKBUDBOM	InChI=1S/C15H20O8/c1-3-7-4-5-8(9(6-7)21-2)22-15-12(18)10(16)11(17)13(23-15)14(19)20/h4-6,10-13,15-18H,3H2,1-2H3,(H,19,20)	null	CCC1=CC(=C(C=C1)OC2C(C(C(C(O2)C(=O)O)O)O)O)OC	0.800000012	131834363	HMDB:(127987);PubChem:(131834363);PubChem class - bio and metabolites	16777226
30	1	N/A	-309.4153187764535	C15H20O8	[M + H]+	WIRBWTZCZVCTCC	InChI=1S/C15H20O8/c1-3-7-4-8(21-2)6-9(5-7)22-15-12(18)10(16)11(17)13(23-15)14(19)20/h4-6,10-13,15-18H,3H2,1-2H3,(H,19,20)	null	CCC1=CC(=CC(=C1)OC2C(C(C(C(O2)C(=O)O)O)O)O)OC	0.800000012	131834410	HMDB:(128035);PubChem:(131834410);PubChem class - bio and metabolites	16777226
31	1	N/A	-327.94041974161456	C15H20O8	[M + H]+	HAFGKVOAGMMHTR	InChI=1S/C15H20O8/c1-7(16)21-12-10-4-5-19-14-11(10)15(6-20-14,23-9(3)18)13(12)22-8(2)17/h10-14H,4-6H2,1-3H3	null	CC(=O)OC1C2CCOC3C2C(C1OC(=O)C)(CO3)OC(=O)C	0.0	14447015	COCONUT:(CNP0217684);Natural Products:(UNPD99122);PubChem:(14447015)	2129922
32	1	N/A	-349.1229289357451	C15H20O8	[M + H]+	RMZBPHXCQGMGOD	InChI=1S/C15H20O8/c1-3-4-9-10(8(5-16)6-21-9)14(20)23-15-13(19)12(18)11(17)7(2)22-15/h3-4,6-7,11-13,15-19H,5H2,1-2H3	[(2S,3R,4R,5R,6S)-3,4,5-trihydroxy-6-methyloxan-2-yl] 4-(hydroxymethyl)-2-[(E)-prop-1-enyl]furan-3-carboxylate	CC=CC1=C(C(=CO1)CO)C(=O)OC2C(C(C(C(O2)C)O)O)O	-0.600000024	11723999;101369680;139587176	COCONUT:(CNP0206710);Natural Products:(UNPD49248 UNPD64681);PubChem:(11723999 101369680 139587176);SuperNatural:(SN00266861 SN00352323)	3178498
33	1	N/A	-371.65666940497323	C15H20O8	[M + H]+	XHBQCWVVJZZBAX	InChI=1S/C15H20O8/c1-5-7-6(16)4-13(2,23-20)15-9(8(7)21-12(5)18)14(3,19)10(17)11(15)22-15/h6-11,16-17,19-20H,1,4H2,2-3H3	null	CC1(CC(C2C(C3C14C(O4)C(C3(C)O)O)OC(=O)C2=C)O)OO	-1.70000005	11131259;42617543;101169054	COCONUT:(CNP0273707);Natural Products:(UNPD103261 UNPD51610);PubChem:(11131259 42617543 101169054);SuperNatural:(SN00228346)	3178498
34	1	N/A	-446.29319600339215	C15H20O8	[M + H]+	BBMMSLGOXDWPOL	InChI=1S/C15H20O8/c1-8(16)14-10(18)4-5-11(20-14)15(9(2)17)21-12(3)13(22-14,23-15)6-7-19-12/h10-11,18H,4-7H2,1-3H3	Laurencia sesquiterpene 1	CC(=O)C12C(CCC(O1)C3(OC4(C(O2)(O3)CCO4)C)C(=O)C)O	-0.600000024	5122107;5459083;13846129	COCONUT:(CNP0215864);Natural Products:(UNPD158158);PubChem:(5122107 5459083 13846129);SuperNatural:(SN00277979)	3178498
35	1	N/A	-455.9926665212215	C15H20O8	[M + H]+	JCQVKLGHFBILKX	InChI=1S/C15H20O8/c1-6-7(16)3-14(20)12(2)5-22-11(19)15(12,21)8-4-13(6,14)9(17)10(18)23-8/h6-9,16-17,20-21H,3-5H2,1-2H3	null	CC1C(CC2(C13CC(C4(C2(COC4=O)C)O)OC(=O)C3O)O)O	-1.39999998	21629989;102251623;102251625	COCONUT:(CNP0227712);Natural Products:(UNPD55747 UNPD158843 UNPD72494);PubChem:(21629989 102251623 102251625);SuperNatural:(SN00384934 SN00322185 SN00380268)	3178498
36	1	N/A	-465.1661384103521	C15H20O8	[M + H]+	VXDVFPLMCHUTNP	InChI=1S/C15H20O8/c1-6-3-7(16)15(21)12(2)5-22-11(19)14(12,20)8-4-13(6,15)9(17)10(18)23-8/h6-9,16-17,20-21H,3-5H2,1-2H3	Majucin	CC1CC(C2(C13CC(C4(C2(COC4=O)C)O)OC(=O)C3O)O)O	-1.39999998	365773;494843;3086559;15600074;21672427;101792614	COCONUT:(CNP0252955);KNApSAcK:(21767);Natural Products:(UNPD22341 UNPD116188 UNPD12560);PubChem:(365773 494843 3086559 15600074 21672427 101792614);SuperNatural:(SN00303726 SN00337295 SN00362212);PubChem class - safety and toxic	70287378
37	1	N/A	-467.9366707743381	C15H20O8	[M + H]+	RIYJLCNQRZRASC	InChI=1S/C15H20O8/c1-6-7(16)3-15(21)13(6)4-8(23-10(18)9(13)17)12(2,20)14(15)5-22-11(14)19/h6-9,16-17,20-21H,3-5H2,1-2H3	null	CC1C(CC2(C13CC(C(C24COC4=O)(C)O)OC(=O)C3O)O)O	-1.33406043	""	COCONUT:(CNP0245126);KNApSAcK:(47144);Natural Products:(UNPD148940);SuperNatural:(SN00248343)	3178512
38	1	N/A	-470.6938620192026	C15H20O8	[M + H]+	YXFITIOIIUGHKR	InChI=1S/C15H20O8/c1-11(19)3-4-15(21)13(11)5-7(23-9(17)8(13)16)12(2,20)14(15)6-22-10(14)18/h7-8,16,19-21H,3-6H2,1-2H3	null	CC1(CCC2(C13CC(C(C24COC4=O)(C)O)OC(=O)C3O)O)O	-2.0999999	101602355	COCONUT:(CNP0168595);Natural Products:(UNPD131804);PubChem:(101602355);SuperNatural:(SN00323460)	3178498
39	1	N/A	-477.84678352025713	C15H20O8	[M + H]+	GEVWHIDSUOMVRI	InChI=1S/C15H20O8/c1-6-3-7(16)15(21)13(6)4-8(23-10(18)9(13)17)12(2,20)14(15)5-22-11(14)19/h6-9,16-17,20-21H,3-5H2,1-2H3	Anisatin	CC1CC(C2(C13CC(C(C24COC4=O)(C)O)OC(=O)C3O)O)O	-1.89999998	115121;171029;12306850;10019386;11970036;44575426;134945750	SuperNatural:(SN00232237 SN00157031);additional;MeSH:(115121 171029 11970036 12306850 44575426);PubMed;COCONUT:(CNP0249842);KNApSAcK:(3212);Natural Products:(UNPD131279 UNPD155997);PubChem:(115121 171029 12306850 10019386 11970036 44575426 134945750);CHEBI:(2733);KEGG:(C09294);PubChem class - safety and toxic;Training Set	70828406
1	1	0.5634557511256055	-13.800394266650923	C15H22O9	[M - H2O + H]+	RJWJHRPNHPHBRN	InChI=1S/C15H22O9/c16-4-6-3-8(18)7-1-2-22-14(10(6)7)24-15-13(21)12(20)11(19)9(5-17)23-15/h1-3,7-21H,4-5H2	Aucubin	C1=COC(C2C1C(C=C2CO)O)OC3C(C(C(C(O3)CO)O)O)O	-3.0	91458;348157;372840;2751825;2752068;7098685;12358432;10020493;11110762;11198783;11875891;11887213;11887214;11887215;11887216;11887217;11887218;11887219;16760065;22489711;44202880;92269360;92269361;100806017;100956133;102552753;125040022;125462848;124708021;124708123;124768672;124906526;124916799;124916800;124916801;124350854;138114249;139292051	HMDB:(36562);SuperNatural:(SN00010603 SN00359488 SN00010600 SN00238102 SN00161684 SN00071902 SN00006965 SN00010602 SN00130047 SN00177501 SN00013551 SN00130046 SN00164266 SN00271883 SN00010604 SN00336673 SN00384829 SN00271970 SN00284110 SN00244607 SN00013550 SN00327934 SN00010601);ZINC bio:(ZINC04073951 ZINC04098334 ZINC04268259 ZINC04268261 ZINC04268262 ZINC04268265 ZINC04268352 ZINC04268353 ZINC04268354 ZINC05566519 ZINC05566520);additional;MeSH:(91458);PubMed;NORMAN:(NS00043461);COCONUT:(CNP0242593);KNApSAcK:(3073);Natural Products:(UNPD100419 UNPD83200 UNPD124951 UNPD187612 UNPD19856 UNPD69981 UNPD15122 UNPD162935 UNPD53264 UNPD12516 UNPD53248);PubChem:(91458 348157 372840 2751825 2752068 7098685 12358432 10020493 11110762 11198783 11875891 11887213 11887214 11887215 11887216 11887217 11887218 11887219 16760065 22489711 44202880 92269360 92269361 100806017 100956133 102552753 125040022 125462848 124708021 124708123 124768672 124906526 124916799 124916800 124916801 124350854 138114249 139292051);CHEBI:(69796);PubChem class - bio and metabolites;KEGG:(C09771);PubChem class - safety and toxic;Training Set	87875966
2	1	N/A	-67.43090066368005	C15H22O9	[M - H2O + H]+	QZDZJFPCACBGIO	InChI=1S/C15H22O9/c16-5-8-10(18)11(19)12(20)14(23-8)24-13-9-7(2-4-22-13)1-3-15(9,21)6-17/h1-4,7-14,16-21H,5-6H2	null	C1=CC(C2C1C=COC2OC3C(C(C(C(O3)CO)O)O)O)(CO)O	-2.26536322	""	COCONUT:(CNP0116149);KNApSAcK:(10547);Natural Products:(UNPD23088);KEGG Mine	8592064528
3	1	N/A	-70.46596523541429	C15H22O9	[M - H2O + H]+	DINMMVOHYZBIQX	InChI=1S/C15H22O9/c1-15-7-5(8(17)12(15)24-15)2-3-21-13(7)23-14-11(20)10(19)9(18)6(4-16)22-14/h2-3,5-14,16-20H,4H2,1H3	null	CC12C3C(C=COC3OC4C(C(C(C(O4)CO)O)O)O)C(C1O2)O	-2.20000005	101928761	COCONUT:(CNP0196108);Natural Products:(UNPD138683 UNPD190850);PubChem:(101928761);SuperNatural:(SN00321883 SN00230107)	3178498
4	1	N/A	-74.55405076007193	C15H22O9	[M - H2O + H]+	WOWLZVXPLCQTSV	InChI=1S/C15H22O9/c1-15(21)8(17)4-6-2-3-22-13(9(6)15)24-14-12(20)11(19)10(18)7(5-16)23-14/h2-4,7-14,16-21H,5H2,1H3	null	CC1(C(C=C2C1C(OC=C2)OC3C(C(C(C(O3)CO)O)O)O)O)O	-2.70000005	127043597	COCONUT:(CNP0153205);Natural Products:(UNPD178582 UNPD35414);PubChem:(127043597);SuperNatural:(SN00367467);PubMed	3178562
5	1	N/A	-78.19475416412492	C15H22O9	[M - H2O + H]+	RPLYFIDPUPZXQC	InChI=1S/C15H22O9/c16-3-6-5-22-14(7-1-2-8(18)10(6)7)24-15-13(21)12(20)11(19)9(4-17)23-15/h1-2,5,7-21H,3-4H2	null	C1=CC(C2C1C(OC=C2CO)OC3C(C(C(C(O3)CO)O)O)O)O	-3.0	101281308	COCONUT:(CNP0419943);KNApSAcK:(10532);Natural Products:(UNPD115017);PubChem:(101281308);SuperNatural:(SN00260836)	3178514
6	1	N/A	-86.87626452649039	C15H22O9	[M - H2O + H]+	NZUIJGRMABSDPS	InChI=1S/C15H22O9/c1-5-8-6(10(18)9(5)17)2-3-22-14(8)24-15-13(21)12(20)11(19)7(4-16)23-15/h2-3,6-21H,1,4H2	null	C=C1C2C(C=COC2OC3C(C(C(C(O3)CO)O)O)O)C(C1O)O	-2.70000005	102333345	COCONUT:(CNP0156237);KNApSAcK:(35959);Natural Products:(UNPD175864);PubChem:(102333345);SuperNatural:(SN00365165)	3178514
7	1	N/A	-88.34391493613101	C15H22O9	[M - H2O + H]+	ODODCCJADTXAKN	InChI=1S/C15H22O9/c16-5-7-1-2-15(21)3-4-22-13(9(7)15)24-14-12(20)11(19)10(18)8(6-17)23-14/h1,3-4,8-14,16-21H,2,5-6H2	null	C1C=C(C2C1(C=COC2OC3C(C(C(C(O3)CO)O)O)O)O)CO	-2.14666271	""	COCONUT:(CNP0216248);Natural Products:(UNPD103836 UNPD113218);SuperNatural:(SN00387946 SN00265471)	3178496
8	1	N/A	-90.50828132147302	C15H22O9	[M - H2O + H]+	RUROMUOJORASTD	InChI=1S/C15H22O9/c1-14-7(24-14)4-15(20)2-3-21-13(11(14)15)23-12-10(19)9(18)8(17)6(5-16)22-12/h2-3,6-13,16-20H,4-5H2,1H3	(2S,3R,4S,5S,6R)-2-[[(1aR,1bS,2S,5aS,6aS)-5a-hydroxy-1a-methyl-1b,2,6,6a-tetrahydrooxireno[1,2]cyclopenta[4,5-b]pyran-2-yl]oxy]-6-(hydroxymethyl)oxane-3,4,5-triol	CC12C(O1)CC3(C2C(OC=C3)OC4C(C(C(C(O4)CO)O)O)O)O	-2.29999995	5259442;21604823	COCONUT:(CNP0260450);KNApSAcK:(10480);Natural Products:(UNPD117567 UNPD141081 UNPD395);PubChem:(5259442 21604823);SuperNatural:(SN00347727 SN00267011)	3178514
9	1	N/A	-99.86101741583298	C15H22O9	[M - H2O + H]+	QSOURIMNVDBNHL	InChI=1S/C15H22O9/c1-4-3-21-14(7-6(4)9(18)13-12(7)23-13)24-15-11(20)10(19)8(17)5(2-16)22-15/h3,5-20H,2H2,1H3	Deutzioside	CC1=COC(C2C1C(C3C2O3)O)OC4C(C(C(C(O4)CO)O)O)O	-2.4000001	443352;4490613	COCONUT:(CNP0120022);KNApSAcK:(10613);Natural Products:(UNPD32835 UNPD95449 UNPD135191);PubChem:(443352 4490613);SuperNatural:(SN00357884 SN00372171 SN00386445);CHEBI:(4458);KEGG:(C11671)	3178802
10	1	N/A	-100.64442953888519	C15H22O9	[M - H2O + H]+	PESNXVJICRFESF	InChI=1S/C15H22O9/c16-5-9(19)14(7-1-3-8(18)4-2-7)24-15-13(22)12(21)11(20)10(6-17)23-15/h1-4,9-22H,5-6H2	null	C1=CC(=CC=C1C(C(CO)O)OC2C(C(C(C(O2)CO)O)O)O)O	-1.79616928	""	COCONUT:(CNP0163731);Natural Products:(UNPD70109 UNPD167568);SuperNatural:(SN00320992 SN00395424)	3178496
11	1	N/A	-103.96972809055657	C15H22O9	[M - H2O + H]+	NHBYOQPNAVRZAE	InChI=1S/C15H22O9/c16-5-9(11(19)7-1-3-8(18)4-2-7)23-15-14(22)13(21)12(20)10(6-17)24-15/h1-4,9-22H,5-6H2	null	C1=CC(=CC=C1C(C(CO)OC2C(C(C(C(O2)CO)O)O)O)O)O	-2.20000005	51136408;75614524	COCONUT:(CNP0110305);HMDB:(40601);Natural Products:(UNPD34161);PubChem:(51136408 75614524);SuperNatural:(SN00228749 SN00039217 SN00039218 SN00039216 SN00039215);ZINC bio:(ZINC49181768 ZINC49181771 ZINC49181774 ZINC49181777);PubChem class - bio and metabolites	19963914
12	1	N/A	-106.60556593137703	C15H22O9	[M - H2O + H]+	ZUKLFFYDSALIQW	InChI=1S/C15H22O9/c16-5-8-10(17)11(18)12(19)15(23-8)24-14-9-6(3-4-22-14)1-2-7(9)13(20)21/h3-4,6-12,14-19H,1-2,5H2,(H,20,21)	8-epi-Grandifloric acid	C1CC(C2C1C=COC2OC3C(C(C(C(O3)CO)O)O)O)C(=O)O	-1.10000002	636574;6325299;20979870;22297238;22297239;23304423;101202242	COCONUT:(CNP0270884);KNApSAcK:(37307);Natural Products:(UNPD77868 UNPD94475);PubChem:(636574 6325299 20979870 22297238 22297239 23304423 101202242);SuperNatural:(SN00309225 SN00369403);MeSH:(6325299);PubMed	3178582
13	1	N/A	-111.41669793995209	C15H22O9	[M - H2O + H]+	PUGXDKPZBZICDX	InChI=1S/C15H22O9/c16-5-10-12(20)13(21)14(22)15(24-10)23-6-9(18)11(19)7-1-3-8(17)4-2-7/h1-4,9-22H,5-6H2	null	C1=CC(=CC=C1C(C(COC2C(C(C(C(O2)CO)O)O)O)O)O)O	-2.20000005	131752861	COCONUT:(CNP0204891);HMDB:(40602);Natural Products:(UNPD6782 UNPD209516 UNPD135536 UNPD83247);PubChem:(131752861);SuperNatural:(SN00229519 SN00328116 SN00240505);PubChem class - bio and metabolites	19955722
14	1	N/A	-119.11913000258933	C15H22O9	[M - H2O + H]+	ZJCJWENRZLVNQE	InChI=1S/C15H22O9/c16-4-7-8(18)3-6-1-2-22-14(10(6)7)24-15-13(21)12(20)11(19)9(5-17)23-15/h1-2,6-7,9-17,19-21H,3-5H2	null	C1C2C=COC(C2C(C1=O)CO)OC3C(C(C(C(O3)CO)O)O)O	-1.89999998	101937129	COCONUT:(CNP0178112);Natural Products:(UNPD29439);PubChem:(101937129);SuperNatural:(SN00303473)	3178498
15	1	N/A	-119.40995298499672	C15H22O9	[M - H2O + H]+	DHSHYQJABUIJDG	InChI=1S/C15H22O9/c16-4-7-10(18)11(19)12(20)14(22-7)23-13-9-6(1-2-21-13)3-8-15(9,5-17)24-8/h1-2,6-14,16-20H,3-5H2	(2S,3R,4S,5S,6R)-2-[[(1aS,1bS,2S,5aR,6aS)-1a-(hydroxymethyl)-2,5a,6,6a-tetrahydro-1bH-oxireno[4,5]cyclopenta[2,4-c]pyran-2-yl]oxy]-6-(hydroxymethyl)oxane-3,4,5-triol	C1C2C=COC(C2C3(C1O3)CO)OC4C(C(C(C(O4)CO)O)O)O	-2.20000005	188553;14729927;129011855	COCONUT:(CNP0373457);KNApSAcK:(10517);Natural Products:(UNPD144060 UNPD97288);PubChem:(188553 14729927 129011855);SuperNatural:(SN00232953)	3178514
16	1	N/A	-137.02463316493373	C15H22O9	[M - H2O + H]+	CEAVUNYMFVXZKB	InChI=1S/C15H22O9/c1-22-9-3-2-7(8(18)5-16)4-10(9)23-15-14(21)13(20)12(19)11(6-17)24-15/h2-4,8,11-21H,5-6H2,1H3	null	COC1=C(C=C(C=C1)C(CO)O)OC2C(C(C(C(O2)CO)O)O)O	-1.32032549	10617551;85207142	COCONUT:(CNP0309878);HMDB:(35057);Natural Products:(UNPD67656);PubChem:(10617551 85207142);SuperNatural:(SN00350174);PubChem class - bio and metabolites	19955722
17	1	N/A	-146.47173156419197	C15H22O9	[M - H2O + H]+	RWIINOLFQCPJMH	InChI=1S/C15H22O9/c1-21-8-3-7(5-16)4-9(22-2)14(8)24-15-13(20)12(19)11(18)10(6-17)23-15/h3-4,10-13,15-20H,5-6H2,1-2H3	Di-O-Methylcrenatin	COC1=CC(=CC(=C1OC2C(C(C(C(O2)CO)O)O)O)OC)CO	-0.844481707	10736338;13965334	COCONUT:(CNP0115651);HMDB:(32742);Natural Products:(UNPD42643);PubChem:(10736338 13965334);SuperNatural:(SN00038408);CHEBI:(68338);ZINC bio:(ZINC34430431);PubChem class - bio and metabolites;PubMed	19964010
18	1	N/A	-152.48406339089735	C15H22O9	[M - H2O + H]+	VZSGMNVXQXYFPI	InChI=1S/C15H22O9/c1-21-8-3-7(4-9(22-2)11(8)17)6-23-15-14(20)13(19)12(18)10(5-16)24-15/h3-4,10,12-20H,5-6H2,1-2H3	null	COC1=CC(=CC(=C1O)OC)COC2C(C(C(C(O2)CO)O)O)O	-0.844481707	51136354;52316101;52316102;52316103;52316104;57395395;124905170;124905171	COCONUT:(CNP0348802);PubChem:(51136354 52316101 52316102 52316103 52316104 57395395 124905170 124905171);SuperNatural:(SN00039003 SN00039005 SN00039002 SN00039004);ZINC bio:(ZINC49176730 ZINC49176732 ZINC49176734 ZINC49176735);additional;Training Set;PubMed	3694658
19	1	N/A	-155.15268040418553	C15H22O9	[M - H2O + H]+	MBDDYZCDLSSYFC	InChI=1S/C15H22O9/c1-21-9-4-7(3-8(17)14(9)22-2)6-23-15-13(20)12(19)11(18)10(5-16)24-15/h3-4,10-13,15-20H,5-6H2,1-2H3	null	COC1=CC(=CC(=C1OC)O)COC2C(C(C(C(O2)CO)O)O)O	-0.844481707	101492674	COCONUT:(CNP0119147);Natural Products:(UNPD225450);PubChem:(101492674)	2129922
20	1	N/A	-155.2132425187293	C15H22O9	[M - H2O + H]+	NMGLHCRCWAPJGC	InChI=1S/C15H22O9/c1-6-5-22-13(20)7-2-3-21-14(9(6)7)24-15-12(19)11(18)10(17)8(4-16)23-15/h2-3,6-12,14-19H,4-5H2,1H3	null	CC1COC(=O)C2C1C(OC=C2)OC3C(C(C(C(O3)CO)O)O)O	-1.2110889	""	COCONUT:(CNP0380250);Natural Products:(UNPD36668 UNPD190462);SuperNatural:(SN00344773 SN00392341)	3178496
21	1	N/A	-160.49668440003356	C15H22O9	[M - H2O + H]+	NPRQMRFYHZUOIN	InChI=1S/C15H22O9/c16-4-7-10(17)11(18)12(19)14(22-7)24-13-9-6-1-2-15(9,20)5-21-8(3-6)23-13/h1-2,6-14,16-20H,3-5H2	null	C1C2C=CC3(C2C(OC1OC3)OC4C(C(C(C(O4)CO)O)O)O)O	-2.00380373	""	COCONUT:(CNP0152567);Natural Products:(UNPD128407);SuperNatural:(SN00363424)	3178496
22	1	N/A	-161.00093629238592	C15H22O9	[M - H2O + H]+	NBLLRWANAFOKON	InChI=1S/C15H22O9/c1-20-8-4-7(5-9(21-2)14(8)22-3)23-15-13(19)12(18)11(17)10(6-16)24-15/h4-5,10-13,15-19H,6H2,1-3H3	3,4,5-trimethoxyphenyl beta-glucopyranoside	COC1=CC(=CC(=C1OC)OC)OC2C(C(C(C(O2)CO)O)O)O	-0.399493814	636454;13922637;13922638;10382966;15939206;57487848;57997987;70943551;70943575	HMDB:(41189);SuperNatural:(SN00028427 SN00228744);ZINC bio:(ZINC31155414);additional;PubMed;COCONUT:(CNP0210469);KNApSAcK:(34384);Natural Products:(UNPD73257 UNPD159635);PubChem:(636454 13922637 13922638 10382966 15939206 57487848 57997987 70943551 70943575);CHEBI:(68966);PubChem class - bio and metabolites;Training Set	20504698
23	1	N/A	-162.51626462469443	C15H22O9	[M - H2O + H]+	YBNSHGZGFVJIGM	InChI=1S/C15H22O9/c1-20-7-4-8(21-2)14(9(5-7)22-3)24-15-13(19)12(18)11(17)10(6-16)23-15/h4-5,10-13,15-19H,6H2,1-3H3	2,4,6-Trimethoxyphenol 1-O-beta-D-glucopyranoside	COC1=CC(=C(C(=C1)OC)OC2C(C(C(C(O2)CO)O)O)O)OC	-0.399493814	23259943;57997982;74037387;70943556;70943574;126970122	COCONUT:(CNP0152698);Natural Products:(UNPD161091);PubChem:(23259943 57997982 74037387 70943556 70943574 126970122);SuperNatural:(SN00390298)	3178498
24	1	N/A	-168.01373044222245	C15H22O9	[M - H2O + H]+	GSXXDXIJOSPEQP	InChI=1S/C15H22O9/c16-3-6-4-22-15(7-1-2-8(17)10(6)7)23-5-9-11(18)12(19)13(20)14(21)24-9/h1-2,4,7-21H,3,5H2	null	C1=CC(C2C1C(OC=C2CO)OCC3C(C(C(C(O3)O)O)O)O)O	-2.15788603	""	COCONUT:(CNP0309570);Natural Products:(UNPD179820);SuperNatural:(SN00290096)	3178496
25	1	N/A	-168.8844140793106	C15H22O9	[M - H2O + H]+	MKCKISDMIMMTRV	InChI=1S/C15H22O9/c1-6-4-7-13(22-3-2-15(7,21)12(6)20)24-14-11(19)10(18)9(17)8(5-16)23-14/h2-3,6-11,13-14,16-19,21H,4-5H2,1H3	null	CC1CC2C(OC=CC2(C1=O)O)OC3C(C(C(C(O3)CO)O)O)O	-1.75292337	""	COCONUT:(CNP0357744);Natural Products:(UNPD42326);SuperNatural:(SN00290675)	3178496
26	1	N/A	-184.34648268307689	C15H22O9	[M - H2O + H]+	QMBUXWAVZQWFED	InChI=1S/C15H22O9/c1-5-8(17)10(19)11(20)14(22-5)23-13-7-6(2-3-21-13)9(18)12-15(7,4-16)24-12/h2-3,5-14,16-20H,4H2,1H3	(2S,3R,4R,5R,6S)-2-[[(1bS,2S,5aR,6S)-6-hydroxy-1a-(hydroxymethyl)-2,5a,6,6a-tetrahydro-1bH-oxireno[5,6]cyclopenta[1,3-c]pyran-2-yl]oxy]-6-methyloxane-3,4,5-triol	CC1C(C(C(C(O1)OC2C3C(C=CO2)C(C4C3(O4)CO)O)O)O)O	-2.70000005	11968647;21550421;25027213	COCONUT:(CNP0099717);PubChem:(11968647 21550421 25027213);PubMed	2097218
27	1	N/A	-198.83114884177513	C15H22O9	[M - H2O + H]+	XCHBXOJVNFFCJZ	InChI=1S/C15H22O9/c16-3-5-7(17)9(19)10(20)11(21)12(5)24-15-6-4(1-2-22-15)8(18)14-13(6)23-14/h1-2,4-21H,3H2	null	C1=COC(C2C1C(C3C2O3)O)OC4C(C(C(C(C4O)O)O)O)CO	-2.72991753	""	COCONUT:(CNP0190171);Natural Products:(UNPD104350);SuperNatural:(SN00395207)	3178496
28	1	N/A	-201.41479508392132	C15H22O9	[M - H2O + H]+	LEYROQNXDKXGLZ	InChI=1S/C15H22O9/c1-8(16)19-6-11-12(21-10(3)18)13-15(22-11,7-20-9(2)17)24-14(4,5)23-13/h11-13H,6-7H2,1-5H3	[(3aS,5S,6R,6aS)-6-acetyloxy-3a-(acetyloxymethyl)-2,2-dimethyl-6,6a-dihydro-5H-furo[2,3-d][1,3]dioxol-5-yl]methyl acetate	CC(=O)OCC1C(C2C(O1)(OC(O2)(C)C)COC(=O)C)OC(=O)C	-0.100000001	23261807	COCONUT:(CNP0250078);Natural Products:(UNPD6671);PubChem:(23261807)	2129922
29	1	N/A	-201.76364177789523	C15H22O9	[M - H2O + H]+	LLTBEOWDOXBOEW	InChI=1S/C15H22O9/c16-3-6-1-9-7(2-11(18)23-9)8(6)5-22-15-14(21)13(20)12(19)10(4-17)24-15/h1,7-10,12-17,19-21H,2-5H2	5-(hydroxymethyl)-4-[[(2R,3R,4S,5S,6R)-3,4,5-trihydroxy-6-(hydroxymethyl)oxan-2-yl]oxymethyl]-3,3a,4,6a-tetrahydrocyclopenta[b]furan-2-one	C1C2C(C=C(C2COC3C(C(C(C(O3)CO)O)O)O)CO)OC1=O	-3.0	5320440	COCONUT:(CNP0351209);Natural Products:(UNPD188214);PubChem:(5320440);SuperNatural:(SN00168047)	3178498
30	1	N/A	-203.53062289960656	C15H22O9	[M - H2O + H]+	UNSACEOBUSYVIQ	InChI=1S/C15H22O9/c1-21-9-3-7(4-10(22-2)8(9)5-16)23-14-11(6-17)24-15(20)13(19)12(14)18/h3-4,11-20H,5-6H2,1-2H3	null	COC1=CC(=CC(=C1CO)OC)OC2C(OC(C(C2O)O)O)CO	-0.844481707	""	COCONUT:(CNP0131191);Natural Products:(UNPD205214)	2129920
31	1	N/A	-215.41624108087308	C15H22O9	[M - H2O + H]+	OQHXBOSJZXHGGI	InChI=1S/C15H22O9/c1-8(16)19-7-15(22-10(3)18)13-12(23-14(4,5)24-13)11(6-20-15)21-9(2)17/h11-13H,6-7H2,1-5H3	null	CC(=O)OCC1(C2C(C(CO1)OC(=O)C)OC(O2)(C)C)OC(=O)C	-0.25619337	""	COCONUT:(CNP0174771);Natural Products:(UNPD141884);SuperNatural:(SN00351583)	3178496
32	1	N/A	-260.4508113893227	C15H22O9	[M - H2O + H]+	UTDFQMAXCUGNJR	InChI=1S/C15H22O9/c16-5-9-11(19)12(20)13(21)15(24-9)23-8-3-4-22-14(8)10-6(17)1-2-7(10)18/h3-4,6-7,9-13,15-21H,1-2,5H2	null	C1CC(C(C1O)C2=C(C=CO2)OC3C(C(C(C(O3)CO)O)O)O)O	-1.27029467	""	COCONUT:(CNP0231711);Natural Products:(UNPD182417);SuperNatural:(SN00246446)	3178496
33	1	N/A	-261.83251834072695	C15H22O9	[M - H2O + H]+	SJYYWTQGNZKQHJ	InChI=1S/C15H22O9/c1-20-9-4-7(5-10(21-2)14(9)22-3)23-15-12(19)11(18)13(24-15)8(17)6-16/h4-5,8,11-13,15-19H,6H2,1-3H3	null	COC1=CC(=CC(=C1OC)OC)OC2C(C(C(O2)C(CO)O)O)O	-0.300000012	101348530	COCONUT:(CNP0128421);Natural Products:(UNPD210884);PubChem:(101348530)	2129922
34	1	N/A	-315.433287219406	C15H22O9	[M - H2O + H]+	GNVCGAGVWLLEDN	InChI=1S/C15H22O9/c1-5-21-11(17)8-15(14(20)23-7-3,9-12(18)22-6-2)24-13(19)10(4)16/h5-9H2,1-4H3	triethyl 2-(pyruvoyloxy)propane-1,2,3-tricarboxylate	CCOC(=O)CC(CC(=O)OCC)(C(=O)OCC)OC(=O)C(=O)C	0.5	111813	PubChem:(111813);NORMAN:(NS00036765)	262146