structureRankPerFormula	formulaRank	ConfidenceScore	CSI:FingerIDScore	molecularFormula	adduct	InChIkey2D	InChI	name	smiles	xlogp	pubchemids	links	dbflags
1	1	0.26108566394485583	-121.96951200400343	C6H11N3O3	[M + H]+	ARBHXJXXVVHMET	InChI=1S/C6H11N3O3/c7-6(8)9-3-1-2-4(10)5(11)12/h1-3H2,(H,11,12)(H4,7,8,9)	2-oxoarginine	C(CC(=O)C(=O)O)CN=C(N)N	-1.60000002	558;5459924;25244978	HMDB:(4225);SuperNatural:(SN00156130);MeSH:(558 25244978);Plantcyc:(CPD-824);PubMed;COCONUT:(CNP0208068);Natural Products:(UNPD101099);PubChem:(558 5459924 25244978);YMDB Mine;CHEBI:(28116 18253 58489);PubChem class - bio and metabolites;EcoCyc Mine;KEGG:(C03771);Biocyc:(CPD-824)	51559696750
2	1	N/A	-186.00077101388962	C6H11N3O3	[M + H]+	CKRLZVNSTCQAJW	InChI=1S/C6H11N3O3/c7-5(6(11)12)2-1-4(10)3-9-8/h5,8H,1-3,7H2,(H,11,12)	null	C(CC(=O)CN=N)C(C(=O)O)N	-2.5	49866913	PubChem:(49866913);PubChem class - bio and metabolites	16777218
3	1	N/A	-202.43914643817257	C6H11N3O3	[M + H]+	FMVMFABHHLRSFT	InChI=1S/C6H11N3O3/c1-4(2-3-5(10)11)8-9-6(7)12/h2-3H2,1H3,(H,10,11)(H3,7,9,12)	Ambcb5108138	CC(=NNC(=O)N)CCC(=O)O	-1.39999998	229875;5370319;7427786;9568126	PubChem class - safety and toxic;PubChem:(229875 5370319 7427786 9568126);PubMed	67108930
4	1	N/A	-242.8741072866513	C6H11N3O3	[M + H]+	FJDSLLZMUFNXHB	InChI=1S/C6H11N3O3/c1-2-12-5(10)3-4-8-9-6(7)11/h4H,2-3H2,1H3,(H3,7,9,11)	Ethyl 3-((aminocarbonyl)hydrazono)propionate	CCOC(=O)CC=NNC(=O)N	-0.699999988	3016924;6365531;9567893	PubChem:(3016924 6365531 9567893);NORMAN:(NS00059359)	262146
5	1	N/A	-251.45836494674083	C6H11N3O3	[M + H]+	RRUCHHPCCXAUEE	InChI=1S/C6H11N3O3/c7-3-5(11)9-4-6(12)8-1-2-10/h2H,1,3-4,7H2,(H,8,12)(H,9,11)	2-amino-N-[2-oxo-2-(2-oxoethylamino)ethyl]acetamide	C(C=O)NC(=O)CNC(=O)CN	-2.56793666	448212	PubChem:(448212);PubChem class - bio and metabolites	16777218
6	1	N/A	-297.1586065355887	C6H11N3O3	[M + H]+	GEGOVQUAXGTHFG	InChI=1S/C6H11N3O3/c7-6(8)9(2-5(10)11)1-4-3-12-4/h4H,1-3H2,(H3,7,8)(H,10,11)	Epoxycreatine	C1C(O1)CN(CC(=O)O)C(=N)N	-1.5	194341	MeSH:(194341);PubChem:(194341);PubMed	70
7	1	N/A	-309.8831771404587	C6H11N3O3	[M + H]+	XGYAQUIYVRSSJC	InChI=1S/C6H11N3O3/c7-9-8-4-6(12)5(11)2-1-3-10/h3,5-6,11-12H,1-2,4H2	null	C(CC(C(CN=[N+]=[N-])O)O)C=O	-0.300000012	86737057	PubChem:(86737057);MeSH:(86737057)	6
1	1	N/A	-190.84363790996122	C6H13N3O4	[M - H2O + H]+	WSFLFFUIEVIDJY	InChI=1S/C6H13N3O4/c7-4(5(11)12)1-3(10)2-9-6(8)13/h3-4,10H,1-2,7H2,(H,11,12)(H3,8,9,13)	null	C(C(CNC(=O)N)O)C(C(=O)O)N	-4.9000001	54446991;87253507;101413035	COCONUT:(CNP0285803);HMDB:(29384);Natural Products:(UNPD1827);PubChem:(54446991 87253507 101413035);SuperNatural:(SN00260374);YMDB Mine;PubChem class - bio and metabolites;EcoCyc Mine;KEGG Mine	60149497866