structureRankPerFormula	formulaRank	ConfidenceScore	CSI:FingerIDScore	molecularFormula	adduct	InChIkey2D	InChI	name	smiles	xlogp	pubchemids	links	dbflags
1	1	0.2310456677531649	-9.805800332941047	C18H30O3	[M - H2O + H]+	JHXAZBBVQSRKJR	InChI=1S/C18H30O3/c1-2-3-11-14-17(19)15-12-9-7-5-4-6-8-10-13-16-18(20)21/h7,9,12,15H,2-6,8,10-11,13-14,16H2,1H3,(H,20,21)	13-Kodda	CCCCCC(=O)C=CC=CCCCCCCCC(=O)O	5.19999981	160205;5283012;6446027;25791066;40490648;117642238	HMDB:(4668);SuperNatural:(SN00241423 SN00391898 SN00358986 SN00011320);ZINC bio:(ZINC04655398 ZINC13515840);additional;MeSH:(160205 5283012 6446027);PubMed;COCONUT:(CNP0144879 CNP0389625);Natural Products:(UNPD43091 UNPD49933 UNPD59866);PubChem:(160205 5283012 6446027 25791066 40490648 117642238);CHEBI:(72815 136531 90781 68947);KEGG:(C14765);Training Set	3727726
2	1	N/A	-14.136518354430802	C18H30O3	[M - H2O + H]+	LUZSWWYKKLTDHU	InChI=1S/C18H30O3/c1-2-3-4-5-6-8-11-14-17(19)15-12-9-7-10-13-16-18(20)21/h6,8,11,14H,2-5,7,9-10,12-13,15-16H2,1H3,(H,20,21)	9-Oxo-10,12-odda	CCCCCC=CC=CC(=O)CCCCCCCC(=O)O	5.19999981	193923;5283011;9839084;35025211;38346859;40490649;122605051;132892553	HMDB:(4669);SuperNatural:(SN00028454 SN00352489 SN00327528 SN00011321 SN00246258 SN00013525);ZINC bio:(ZINC04655399 ZINC05523704 ZINC27643508 ZINC31155585);additional;MeSH:(193923 5283011);PubMed;NORMAN:(NS00018018);COCONUT:(CNP0044852 CNP0191563);Natural Products:(UNPD7901 UNPD96725 UNPD213695 UNPD139988);PubChem:(193923 5283011 9839084 35025211 38346859 40490649 122605051 132892553);CHEBI:(72842 133845 72843);KEGG:(C14766);Training Set	3989870
3	1	N/A	-39.813377756516445	C18H30O3	[M - H2O + H]+	YVWMHFYOIJMUMN	InChI=1S/C18H30O3/c1-2-3-4-5-6-7-8-9-10-11-12-14-17(19)15-13-16-18(20)21/h10-12,14H,2-9,13,15-16H2,1H3,(H,20,21)	5-Oxo-(6E,8Z)-octadecadienoic Acid	CCCCCCCCCC=CC=CC(=O)CCCC(=O)O	5.4000001	71751402;85815814;90478988	COCONUT:(CNP0415930);Natural Products:(UNPD18900);PubChem:(71751402 85815814 90478988);SuperNatural:(SN00319893);CHEBI:(137754);MeSH:(90478988);PubMed	3178598
4	1	N/A	-41.13381057069142	C18H30O3	[M - H2O + H]+	UXONISNZWGFLGH	InChI=1S/C18H30O3/c1-2-3-4-5-6-8-11-14-17(19)15-12-9-7-10-13-16-18(20)21/h7,9,12,15H,2-6,8,10-11,13-14,16H2,1H3,(H,20,21)	null	CCCCCCCCCC(=O)C=CC=CCCCC(=O)O	5.19999981	129882182;129882199	COCONUT:(CNP0121137);Natural Products:(UNPD221995);PubChem:(129882182 129882199)	2129922
5	1	N/A	-41.68613619999286	C18H30O3	[M - H2O + H]+	PQDJTTDGUJFDQI	InChI=1S/C18H30O3/c1-2-3-4-8-11-14-17(19)15-12-9-6-5-7-10-13-16-18(20)21/h11-12,14-15H,2-10,13,16H2,1H3,(H,20,21)	9,12-Octadecadienoic acid, 11-oxo-, (Z,Z)-	CCCCCC=CC(=O)C=CCCCCCCCC(=O)O	5.56555271	9882600;71356927;102518370	COCONUT:(CNP0197032);KNApSAcK:(432);Natural Products:(UNPD102046);PubChem:(9882600 71356927 102518370);SuperNatural:(SN00273635)	3178514
6	1	N/A	-43.38472426571352	C18H30O3	[M - H2O + H]+	MECYDNMVWUSMSU	InChI=1S/C18H30O3/c1-2-3-4-5-6-8-11-14-17(19)15-12-9-7-10-13-16-18(20)21/h7,10,13,16H,2-6,8-9,11-12,14-15H2,1H3,(H,20,21)	null	CCCCCCCCCC(=O)CCCC=CC=CC(=O)O	5.19999981	54067607;56776331;89806663	COCONUT:(CNP0087376 CNP0129249);PubChem:(54067607 56776331 89806663);SuperNatural:(SN00039595);ZINC bio:(ZINC67902546);Training Set;PubMed	3170370
7	1	N/A	-54.96008640385633	C18H30O3	[M - H2O + H]+	YPHQMIRXEFDOQM	InChI=1S/C18H30O3/c19-17-15-13-11-9-7-5-3-1-2-4-6-8-10-12-14-16-18(20)21/h1-3,5,7,9,19H,4,6,8,10-17H2,(H,20,21)	ACMC-20mqet	C(CCCC=CC=CC=CCCCCO)CCCC(=O)O	4.80000019	5282949;5282950;20980883	COCONUT:(CNP0214249);Natural Products:(UNPD184820);PubChem:(5282949 5282950 20980883);SuperNatural:(SN00295099);KEGG Mine	8593113090
8	1	N/A	-58.174342136053646	C18H30O3	[M - H2O + H]+	IULIULPFRYVHEC	InChI=1S/C18H30O3/c1-17(19)15-13-11-9-7-5-3-2-4-6-8-10-12-14-16-18(20)21/h2-3,5,7,9,11,17,19H,4,6,8,10,12-16H2,1H3,(H,20,21)	null	CC(CCC=CC=CC=CCCCCCCCC(=O)O)O	4.9000001	101967558	COCONUT:(CNP0183394);Natural Products:(UNPD116817);PubChem:(101967558);SuperNatural:(SN00241641);KEGG Mine	8593113090
9	1	N/A	-58.94629882029682	C18H30O3	[M - H2O + H]+	HHZKKFXQEIBVEV	InChI=1S/C18H30O3/c1-2-3-4-5-7-10-13-16-21-17-14-11-8-6-9-12-15-18(19)20/h7,10,13-14,16-17H,2-6,8-9,11-12,15H2,1H3,(H,19,20)	colneleate	CCCCCC=CC=COC=CCCCCCCC(=O)O	5.9000001	171201;6441681;13917543;25245832	HMDB:(30995);ZINC bio:(ZINC13406033);MeSH:(6441681);Plantcyc:(CPD-8679);PubMed;COCONUT:(CNP0081213);KNApSAcK:(449);PubChem:(171201 6441681 13917543 25245832);CHEBI:(60957 60956);PubChem class - bio and metabolites;KEGG:(C19827);Biocyc:(CPD-8679)	19016062
10	1	N/A	-62.381791940519584	C18H30O3	[M - H2O + H]+	RIGGEAZDTKMXSI	InChI=1S/C18H30O3/c1-2-3-4-5-6-8-11-14-17(19)15-12-9-7-10-13-16-18(20)21/h3-4,6,8,11,14,17,19H,2,5,7,9-10,12-13,15-16H2,1H3,(H,20,21)	ACMC-20lrpq	CCC=CCC=CC=CC(CCCCCCCC(=O)O)O	4.69999981	146104;6439873;10085948;13917187;10447175;23724713;35025253;53394275;86289427;91820443;101681044;124556869;124556870;124934195;134688571	HMDB:(31934);SuperNatural:(SN00295338 SN00387768 SN00027408);ZINC bio:(ZINC30730644 ZINC33954700);additional;MeSH:(146104 6439873 13917187 35025253 53394275 134688571);Plantcyc:(CPD-17614);PubMed;COCONUT:(CNP0027283 CNP0359787);KNApSAcK:(386);Natural Products:(UNPD162524 UNPD181853);PubChem:(146104 6439873 10085948 13917187 10447175 23724713 35025253 53394275 86289427 91820443 101681044 124556869 124556870 124934195 134688571);CHEBI:(80447 77949 89388 72625);PubChem class - bio and metabolites;KEGG:(C16326);Training Set;Biocyc:(CPD-17614)	20638078
11	1	N/A	-65.99222050757214	C18H30O3	[M - H2O + H]+	ZALZJWKAEHMXRH	InChI=1S/C18H30O3/c19-17-15-13-11-9-7-5-3-1-2-4-6-8-10-12-14-16-18(20)21/h6,8,10,12,14,16,19H,1-5,7,9,11,13,15,17H2,(H,20,21)	Octadecatrienoic acid, 18-hydroxy-	C(CCCCCC=CC=CC=CC(=O)O)CCCCCO	5.5999999	71413157	COCONUT:(CNP0251570);Natural Products:(UNPD207458 UNPD23905 UNPD217104);PubChem:(71413157);SuperNatural:(SN00253599);PubMed	3178562
12	1	N/A	-66.04241034670709	C18H30O3	[M - H2O + H]+	AUBZNAUZNGCKAN	InChI=1S/C18H30O3/c1-2-3-4-5-6-8-11-14-17(19)15-12-9-7-10-13-16-18(20)21/h11,14,17,19H,2-5,7,9-10,12-13,15-16H2,1H3,(H,20,21)	Helenynolic acid	CCCCCC#CC=CC(CCCCCCCC(=O)O)O	5.0999999	5312856;20054934;21159008;53662211	PubChem:(5312856 20054934 21159008 53662211);KNApSAcK:(47245)	18
13	1	N/A	-66.71814286568927	C18H30O3	[M - H2O + H]+	PUMIBSUJPRFRQZ	InChI=1S/C18H30O3/c1-2-3-11-14-17(19)15-12-9-7-5-4-6-8-10-13-16-18(20)21/h3,7,9,11H,2,4-6,8,10,12-16H2,1H3,(H,20,21)	null	CCC=CCC(=O)CCC=CCCCCCCCC(=O)O	4.5	45934154;57066224	COCONUT:(CNP0053511);PubChem:(45934154 57066224);SuperNatural:(SN00020447);ZINC bio:(ZINC13516730)	3153922
14	1	N/A	-68.20842328345039	C18H30O3	[M - H2O + H]+	OTAWOAZBNLPFQR	InChI=1S/C18H30O3/c1-2-3-4-5-6-7-8-11-14-17(19)15-12-9-10-13-16-18(20)21/h7-8,17,19H,2-6,9-10,12-13,15-16H2,1H3,(H,20,21)	8-hydroxy-11Z-octadecen-9-ynoic acid	CCCCCCC=CC#CC(CCCCCCC(=O)O)O	5.0999999	5312855;22590937	COCONUT:(CNP0256388);Natural Products:(UNPD138415);PubChem:(5312855 22590937)	2129922
15	1	N/A	-71.61132210009052	C18H30O3	[M - H2O + H]+	NQNHRHWFZHFAAH	InChI=1S/C18H30O3/c1-2-3-4-13-16-21-17-14-11-9-7-5-6-8-10-12-15-18(19)20/h9,11,13-14,16-17H,2-8,10,12,15H2,1H3,(H,19,20)	etheroleate	CCCCC=COC=CC=CCCCCCCCC(=O)O	5.9000001	15312790;25203459;25246007;25246008;45934076;101716243;134820117;134820159	COCONUT:(CNP0037731 CNP0352728);PubChem:(15312790 25203459 25246007 25246008 45934076 101716243 134820117 134820159);SuperNatural:(SN00035112 SN00035069);CHEBI:(133329);ZINC bio:(ZINC59211669 ZINC62612373);PubChem class - bio and metabolites;MeSH:(25246007 25246008);Plantcyc:(CPD-8690);PubMed;Biocyc:(CPD-21302 CPD-8690 CPD-21299);KEGG Mine	8609998950
16	1	N/A	-73.32930653863838	C18H30O3	[M - H2O + H]+	ILSZLGCGBGSHFR	InChI=1S/C18H30O3/c1-2-17(19)15-13-11-9-7-5-3-4-6-8-10-12-14-16-18(20)21/h3,5,9,11,13,15,17,19H,2,4,6-8,10,12,14,16H2,1H3,(H,20,21)	9,12,14-Octadecatrienoic acid, 16-hydroxy-	CCC(C=CC=CCC=CCCCCCCCC(=O)O)O	4.80000019	13917178;13917179;51533305;51533307;53922940	COCONUT:(CNP0053152 CNP0277937);HMDB:(34586);Natural Products:(UNPD199047 UNPD209720 UNPD51195 UNPD79095);PubChem:(13917178 13917179 51533305 51533307 53922940);SuperNatural:(SN00020643 SN00305526 SN00020642 SN00230802);ZINC bio:(ZINC14494723 ZINC14494726);PubChem class - bio and metabolites	19963914
17	1	N/A	-74.29006286990258	C18H30O3	[M - H2O + H]+	KLLGGGQNRTVBSU	InChI=1S/C18H30O3/c1-2-3-11-14-17(19)15-12-9-7-5-4-6-8-10-13-16-18(20)21/h3,7,9,11-12,15,17,19H,2,4-6,8,10,13-14,16H2,1H3,(H,20,21)	13-OH-9Z,11E,15Z-octadecatrienoate	CCC=CCC(C=CC=CCCCCCCCC(=O)O)O	4.80000019	643552;643726;10017485;10469728;16061072;22041877;25015073;54000793;57369995;53394276;90657736;133114396	HMDB:(10203);SuperNatural:(SN00275309 SN00273633 SN00261912 SN00311085);ZINC bio:(ZINC34961834);additional;MeSH:(16061072);PubMed;COCONUT:(CNP0192749);Natural Products:(UNPD26475 UNPD222289 UNPD121251 UNPD9346 UNPD115206 UNPD199766);PubChem:(643552 643726 10017485 10469728 16061072 22041877 25015073 54000793 57369995 53394276 90657736 133114396);CHEBI:(72641 84441 90773 80442);PubChem class - bio and metabolites;KEGG:(C16316);Training Set;Biocyc:(CPD-14994)	20506990
18	1	N/A	-77.68947781271997	C18H30O3	[M - H2O + H]+	XLQJTUVHYOEDEB	InChI=1S/C18H30O3/c1-2-3-11-14-17(19)15-12-9-7-5-4-6-8-10-13-16-18(20)21/h7,9,11-12,14-15,17,19H,2-6,8,10,13,16H2,1H3,(H,20,21)	null	CCCC=CC(C=CC=CCCCCCCCC(=O)O)O	5.0	23724708	COCONUT:(CNP0053932);PubChem:(23724708);SuperNatural:(SN00215255)	3145730
19	1	N/A	-78.33799408327637	C18H30O3	[M - H2O + H]+	JOXIVAIPQNTJLU	InChI=1S/C18H30O3/c1-2-3-4-5-6-7-8-9-10-11-12-13-14-17(19)15-16-18(20)21/h9-10,15-16H,2-8,11-14H2,1H3,(H,20,21)	(2E,9E)-4-oxooctadeca-2,9-dienoic Acid	CCCCCCCCC=CCCCCC(=O)C=CC(=O)O	5.5999999	11380863	COCONUT:(CNP0371578);Natural Products:(UNPD15728);PubChem:(11380863);SuperNatural:(SN00256928)	3178498
20	1	N/A	-78.37129242620148	C18H30O3	[M - H2O + H]+	DFJANWUFKCWCIA	InChI=1S/C18H30O3/c1-2-14-17(19)15-12-10-8-6-4-3-5-7-9-11-13-16-18(20)21/h4,6,10,12H,2-3,5,7-9,11,13-16H2,1H3,(H,20,21)/p-1	null	CCCC(=O)CC=CCC=CCCCCCCCC(=O)[O-]	4.93232441	""	COCONUT:(CNP0156891);SuperNatural:(SN00035166)	3145728
21	1	N/A	-79.38896421707418	C18H30O3	[M - H2O + H]+	VOYQBHLXQQYUDZ	InChI=1S/C18H30O3/c1-2-3-10-13-16-17(21-16)14-11-8-6-4-5-7-9-12-15-18(19)20/h7,9,12,15-17H,2-6,8,10-11,13-14H2,1H3,(H,19,20)	null	CCCCCC1C(O1)CCCCCCC=CC=CC(=O)O	5.5999999	87347330;91264929	COCONUT:(CNP0386240);PubChem:(87347330 91264929);SuperNatural:(SN00035168 SN00035167);PubMed;ZINC bio:(ZINC64219901 ZINC64219902)	3153986
22	1	N/A	-80.23925376758201	C18H30O3	[M - H2O + H]+	BFEZTQZQUDAAIS	InChI=1S/C18H30O3/c1-2-3-4-5-6-7-8-9-10-11-12-13-14-17(19)15-16-18(20)21/h7-8,15-16H,2-6,9-14H2,1H3,(H,20,21)	(2E,11Z)-4-oxooctadeca-2,11-dienoic Acid	CCCCCCC=CCCCCCCC(=O)C=CC(=O)O	5.5999999	11289408	COCONUT:(CNP0290503);Natural Products:(UNPD133561);PubChem:(11289408);SuperNatural:(SN00249972)	3178498
23	1	N/A	-84.14629615265514	C18H30O3	[M - H2O + H]+	WOZLPPGKSWZLBI	InChI=1S/C18H30O3/c1-2-3-4-11-14-17(19)15-12-9-7-5-6-8-10-13-16-18(20)21/h3-4,9,11-12,14,17,19H,2,5-8,10,13,15-16H2,1H3,(H,20,21)	9,13,15-Octadecatrienoic acid, 12-hydroxy-, (9Z,13E,15Z)-	CCC=CC=CC(CC=CCCCCCCCC(=O)O)O	4.80000019	23815432;71407440;101926807;102522407	COCONUT:(CNP0182809);Natural Products:(UNPD200431 UNPD36180);PubChem:(23815432 71407440 101926807 102522407);SuperNatural:(SN00321047)	3178498
24	1	N/A	-85.16601603011989	C18H30O3	[M - H2O + H]+	FPBPRIGRWBZTAC	InChI=1S/C18H30O3/c1-2-3-4-5-8-11-14-17(19)15-12-9-6-7-10-13-16-18(20)21/h12,15,17,19H,2-5,7-8,10-11,13-14,16H2,1H3,(H,20,21)	8-Octadecen-6-ynoicacid, 10-hydroxy-, (8E)-	CCCCCCCCC(C=CC#CCCCCC(=O)O)O	5.0999999	71339334	COCONUT:(CNP0307846);Natural Products:(UNPD65366);PubChem:(71339334)	2129922
25	1	N/A	-89.06969407377949	C18H30O3	[M - H2O + H]+	JTEGNNHWOIJBJZ	InChI=1S/C18H30O3/c1-2-3-4-5-7-10-13-16-17(21-16)14-11-8-6-9-12-15-18(19)20/h3-4,7,10,16-17H,2,5-6,8-9,11-15H2,1H3,(H,19,20)	alpha-9(10)-EpODE	CCC=CCC=CCC1C(O1)CCCCCCCC(=O)O	4.9000001	111585;6437668;11323872;16061060;52940134	COCONUT:(CNP0129495);HMDB:(10220);Natural Products:(UNPD34862 UNPD208725);PubChem:(111585 6437668 11323872 16061060 52940134);SuperNatural:(SN00392727);CHEBI:(88441);PubChem class - bio and metabolites;Plantcyc:(CPD-13089);PubMed;Biocyc:(CPD-13089 SMA-0000697);KEGG Mine	8610023530
26	1	N/A	-91.88112148461727	C18H30O3	[M - H2O + H]+	UGTCOILQUYCYAW	InChI=1S/C18H30O3/c19-17-14-13-16(15-17)11-9-7-5-3-1-2-4-6-8-10-12-18(20)21/h15H,1-14H2,(H,20,21)	null	C1CC(=O)C=C1CCCCCCCCCCCCC(=O)O	5.31490278	""	COCONUT:(CNP0247023);Natural Products:(UNPD113294);SuperNatural:(SN00289813)	3178496
27	1	N/A	-92.29805734285411	C18H30O3	[M - H2O + H]+	HKSDVVJONLXYKL	InChI=1S/C18H30O3/c1-2-16-17(21-16)14-12-10-8-6-4-3-5-7-9-11-13-15-18(19)20/h4,6,10,12,16-17H,2-3,5,7-9,11,13-15H2,1H3,(H,19,20)	alpha-15(16)-EpODE	CCC1C(O1)CC=CCC=CCCCCCCCC(=O)O	5.0999999	182395;6442688;14212253;16061062;52940137;53882399;87509731;101167770;101221946;101221947;131751107;131839807	COCONUT:(CNP0234143);HMDB:(10206 30950);Natural Products:(UNPD181701 UNPD38093 UNPD11105);PubChem:(182395 6442688 14212253 16061062 52940137 53882399 87509731 101167770 101221946 101221947 131751107 131839807);SuperNatural:(SN00317541 SN00312870 SN00297264);CHEBI:(88460);PubChem class - bio and metabolites;Plantcyc:(CPD-13091);PubMed;Biocyc:(SMA-0000031 CPD-13091);KEGG Mine	8610023530
28	1	N/A	-95.1807015633827	C18H30O3	[M - H2O + H]+	LAIGSRSLYYWKPR	InChI=1S/C18H30O3/c1-2-3-4-5-6-7-8-9-10-11-12-13-14-17(19)15-16-18(20)21/h2,15-16H,1,3-14H2,(H,20,21)	null	C=CCCCCCCCCCCCCC(=O)C=CC(=O)O	6.0	102586820	COCONUT:(CNP0244491);Natural Products:(UNPD167156);PubChem:(102586820);SuperNatural:(SN00340242)	3178498
29	1	N/A	-96.68789233234057	C18H30O3	[M - H2O + H]+	BKKGUKSHPCTUGE	InChI=1S/C18H30O3/c1-2-3-10-13-16-17(21-16)14-11-8-6-4-5-7-9-12-15-18(19)20/h3,8,10-11,16-17H,2,4-7,9,12-15H2,1H3,(H,19,20)	alpha-12(13)-EpODE	CCC=CCC1C(O1)CC=CCCCCCCCC(=O)O	5.0	111551;6437661;11335394;16061061;52940266;101159983;101691497;123663890;131751130;137347928	COCONUT:(CNP0186441);HMDB:(10200 31088);Natural Products:(UNPD148956 UNPD117869);PubChem:(111551 6437661 11335394 16061061 52940266 101159983 101691497 123663890 131751130 137347928);SuperNatural:(SN00269218 SN00372943);CHEBI:(88462);PubChem class - bio and metabolites;Plantcyc:(CPD-13090);PubMed;Biocyc:(SMA-0000065 CPD-13090);KEGG Mine	8610023530
30	1	N/A	-99.07500858999738	C18H30O3	[M - H2O + H]+	JIYAONITMKZUHD	InChI=1S/C18H30O3/c1-2-3-4-5-6-8-11-14-17(19)15-12-9-7-10-13-16-18(20)21/h6,8-9,11-12,14,17,19H,2-5,7,10,13,15-16H2,1H3,(H,20,21)	(6Z,10E,12Z)-9-hydroxyoctadeca-6,10,12-trienoate	CCCCCC=CC=CC(CC=CCCCCC(=O)O)O	4.80000019	11000896;10334749;10379717;42636917;59755723;72553380	COCONUT:(CNP0144469);Natural Products:(UNPD187062 UNPD228730 UNPD199168);PubChem:(11000896 10334749 10379717 42636917 59755723 72553380);SuperNatural:(SN00263354)	3178498
31	1	N/A	-106.6742372805601	C18H30O3	[M - H2O + H]+	JQXGCBKGIBTCHY	InChI=1S/C18H30O3/c1-2-3-4-5-6-7-8-9-10-11-12-13-14-15-16-17(19)18(20)21/h3-4,6-7,9-10,17,19H,2,5,8,11-16H2,1H3,(H,20,21)	9,12,15-Octadecatrienoic acid, hydroxy-	CCC=CCC=CCC=CCCCCCCC(C(=O)O)O	5.19999981	5312775;16061058;22717119;53969926;72193753;92966022;131751135	COCONUT:(CNP0304800);HMDB:(31103);PubChem:(5312775 16061058 22717119 53969926 72193753 92966022 131751135);CHEBI:(76234 76150);ZINC bio:(ZINC30730659);additional;PubChem class - bio and metabolites;KEGG:(C16342)	19407146
32	1	N/A	-107.1529234431438	C18H30O3	[M - H2O + H]+	YUPHIKSLGBATJK	InChI=1S/C18H30O3/c1-2-3-4-5-6-8-11-14-17(19)15-12-9-7-10-13-16-18(20)21/h3-4,8,11,14,19H,2,5-7,9-10,12-13,15-16H2,1H3,(H,20,21)	9-hydroxy-10,12,15(E,Z,Z) octadecatrienoate	CCC=CCCC=CC=C(CCCCCCCC(=O)O)O	5.0999999	53480359	COCONUT:(CNP0084953);HMDB:(10224);PubChem:(53480359);SuperNatural:(SN00219968);CHEBI:(88438);PubMed	3145834
33	1	N/A	-107.58687790672225	C18H30O3	[M - H2O + H]+	HNBLUNXZQNJFRB	InChI=1S/C18H30O3/c1-2-3-11-14-17(19)15-12-9-7-5-4-6-8-10-13-16-18(20)21/h4,6-7,9,12,15,17,19H,2-3,5,8,10-11,13-14,16H2,1H3,(H,20,21)	13-Hodta	CCCCCC(C=CC=CCC=CCCCCC(=O)O)O	4.69999981	1425;126472;5282971;5353274;10040121;10040239;59755726;76331557;87703938;124389575	MeSH:(5282971 5353274);PubChem:(1425 126472 5282971 5353274 10040121 10040239 59755726 76331557 87703938 124389575);PubMed;CHEBI:(72808)	102
34	1	N/A	-110.76840000782964	C18H30O3	[M - H2O + H]+	TWTHFEGWSHYELZ	InChI=1S/C18H30O3/c1-2-3-4-8-11-14-17(19)15-12-9-6-5-7-10-13-16-18(20)21/h5-6,11-12,14-15,17,19H,2-4,7-10,13,16H2,1H3,(H,20,21)	11-Hodta	CCCCCC=CC(C=CCC=CCCCCC(=O)O)O	4.80000019	6438775;10017416;10357170;10379786;10379836;10469870;20704673;20839174;25240599;53422640;101967521	MeSH:(6438775 53422640);KNApSAcK:(435);PubChem:(6438775 10017416 10357170 10379786 10379836 10469870 20704673 20839174 25240599 53422640 101967521);PubMed;KEGG Mine	8589934678
35	1	N/A	-111.31008303645906	C18H30O3	[M - H2O + H]+	TVHXKPMFCYEQTM	InChI=1S/C18H30O3/c1-2-3-10-13-16-17(21-16)14-11-8-6-4-5-7-9-12-15-18(19)20/h4-5,8,11,16-17H,2-3,6-7,9-10,12-15H2,1H3,(H,19,20)	gamma- 12(13)-EpODE	CCCCCC1C(O1)CC=CCC=CCCCCC(=O)O	4.9000001	16061065;131839812;131839813	COCONUT:(CNP0211093);HMDB:(62288);Natural Products:(UNPD90871 UNPD199767);PubChem:(16061065 131839812 131839813);SuperNatural:(SN00338995);PubChem class - bio and metabolites;KEGG Mine	8609890314
36	1	N/A	-111.76550427205133	C18H30O3	[M - H2O + H]+	PSQSSLVXOIJSMX	InChI=1S/C18H30O3/c1-17(19)15-13-11-9-7-5-3-2-4-6-8-10-12-14-16-18(20)21/h2-3,7,9,13,15,17,19H,4-6,8,10-12,14,16H2,1H3,(H,20,21)	17-Hydroxylinolenate	CC(C=CCC=CCC=CCCCCCCCC(=O)O)O	4.92461634	10708957;11369899;54206215;102379765	COCONUT:(CNP0287815);HMDB:(11108);PubChem:(10708957 11369899 54206215 102379765);SuperNatural:(SN00220429);CHEBI:(80463);PubChem class - bio and metabolites;KEGG:(C16346)	19923242
37	1	N/A	-112.73155591799566	C18H30O3	[M - H2O + H]+	WKABMUFTMQMEAJ	InChI=1S/C18H30O3/c1-2-3-7-10-15-13-14-17(19)16(15)11-8-5-4-6-9-12-18(20)21/h13-16H,2-12H2,1H3,(H,20,21)	(9R,13R)-10-oxo-11-phytoenoic acid	CCCCCC1C=CC(=O)C1CCCCCCCC(=O)O	5.4000001	16061073;16061074;54434858;101005831;122706033;122706559;122228892	PubChem:(16061073 16061074 54434858 101005831 122706033 122706559 122228892);PubMed;Biocyc:(CPD-19382 CPD-19385)	2114
38	1	N/A	-114.05564083121793	C18H30O3	[M - H2O + H]+	LVVCDOSOKGYQFY	InChI=1S/C18H30O3/c1-2-3-4-5-7-10-13-16-17(21-16)14-11-8-6-9-12-15-18(19)20/h7,10,13,17H,2-6,8-9,11-12,14-15H2,1H3,(H,19,20)	9,10-epoxy-10,12Z-octadecadienoic acid	CCCCCC=CC=C1C(O1)CCCCCCCC(=O)O	5.5999999	16061051;25201464;54055323;90831183;91820283;91820284;122228891;137333894	PubChem:(16061051 25201464 54055323 90831183 91820283 91820284 122228891 137333894);CHEBI:(143139 143790);PubChem class - bio and metabolites;Plantcyc:(CPD-8681);PubMed;Biocyc:(CPD-8681);KEGG Mine	8606845026
39	1	N/A	-114.51033024234572	C18H30O3	[M - H2O + H]+	BJTONYHCPUUWFX	InChI=1S/C18H30O3/c1-2-3-8-11-16-14-15-17(21-16)12-9-6-4-5-7-10-13-18(19)20/h14-15H,2-13H2,1H3,(H,19,20)	2-Furannonanoic acid, 5-pentyl-	CCCCCC1=CC=C(O1)CCCCCCCCC(=O)O	5.9000001	53685760	HMDB:(112102);PubChem:(53685760);PubChem class - bio and metabolites	16777226
40	1	N/A	-119.41268148332658	C18H30O3	[M - H2O + H]+	ZFVKKBAQVWQQHP	InChI=1S/C18H30O3/c1-2-3-10-13-16-17(21-16)14-11-8-6-4-5-7-9-12-15-18(19)20/h8,11,14,16H,2-7,9-10,12-13,15H2,1H3,(H,19,20)	12,13S-epoxy-9Z,11-octadecadienoic acid	CCCCCC1C(=CC=CCCCCCCCC(=O)O)O1	5.5999999	3081061;3379974;5809214;5280703;5459776;6449835;16061040;20841328;21158456;21158457;46878374;87394805;129757796	COCONUT:(CNP0146417 CNP0208495);PubChem:(3081061 3379974 5809214 5280703 5459776 6449835 16061040 20841328 21158456 21158457 46878374 87394805 129757796);SuperNatural:(SN00213275);CHEBI:(15654 19135 57465);MeSH:(6449835);KEGG:(C04594);Plantcyc:(EPOXYOCTA-CPD);PubMed;Biocyc:(EPOXYOCTA-CPD)	3279206
41	1	N/A	-126.01971371216678	C18H30O3	[M - H2O + H]+	SZNVIDWMWMWUCY	InChI=1S/C18H30O3/c1-2-3-4-8-11-16-14-15-17(21-16)12-9-6-5-7-10-13-18(19)20/h14-15H,2-13H2,1H3,(H,19,20)	8-(5-hexylfuran-2-yl)octanoate	CCCCCCC1=CC=C(O1)CCCCCCCC(=O)O	5.9000001	395943;21144048	KEGG:(C13798);HMDB:(112099);PubChem:(395943 21144048);CHEBI:(34491);PubChem class - bio and metabolites	16777514
42	1	N/A	-128.3718498890129	C18H30O3	[M - H2O + H]+	WOAUICHIUBIWJY	InChI=1S/C18H30O3/c1-2-3-4-5-6-7-8-9-10-11-12-13-14-15-17(19)16-18(20)21/h3-4,12-15,17,19H,2,5-11,16H2,1H3,(H,20,21)	null	CCC=CCCCCCCCC=CC=CC(CC(=O)O)O	5.0	25146753	COCONUT:(CNP0275972);Natural Products:(UNPD154428);PubChem:(25146753);SuperNatural:(SN00299233)	3178498
43	1	N/A	-137.34188238467885	C18H30O3	[M - H2O + H]+	VKJKVBSGNYKEGH	InChI=1S/C18H30O3/c1-2-3-4-5-6-7-8-9-10-11-13-16-17(21-16)14-12-15-18(19)20/h6-7,9-10,16-17H,2-5,8,11-15H2,1H3,(H,19,20)/p-1	null	CCCCCC=CCC=CCCC1C(O1)CCCC(=O)[O-]	4.93201113	""	COCONUT:(CNP0149530);SuperNatural:(SN00035170 SN00035169 SN00035172 SN00035171)	3145728
44	1	N/A	-141.35677030266487	C18H30O3	[M - H2O + H]+	DIQFORWONKLMOZ	InChI=1S/C18H30O3/c1-2-3-4-5-8-11-16-14-15-17(21-16)12-9-6-7-10-13-18(19)20/h14-15H,2-13H2,1H3,(H,19,20)	null	CCCCCCCC1=CC=C(O1)CCCCCCC(=O)O	5.9000001	101929482	HMDB:(112093);PubChem:(101929482);PubChem class - bio and metabolites	16777226
45	1	N/A	-142.12550077183113	C18H30O3	[M - H2O + H]+	OEYKGJFTEBHJCL	InChI=1S/C18H30O3/c1-2-3-4-5-6-7-8-9-10-11-12-13-14-15-16-17-18(19)21-20/h3-4,6-7,9-10,20H,2,5,8,11-17H2,1H3	Peroxylinolenic acid	CCC=CCC=CCC=CCCCCCCCC(=O)OO	5.69999981	3036442;6439905	MeSH:(6439905);PubChem:(3036442 6439905);PubMed	70
46	1	N/A	-143.34497189621456	C18H30O3	[M - H2O + H]+	BZXZFDKIRZBJEP	InChI=1S/C18H30O3/c1-2-3-7-11-16-15(13-14-17(16)19)10-8-5-4-6-9-12-18(20)21/h3,7,15-16H,2,4-6,8-14H2,1H3,(H,20,21)	(+/-)-12-Oxodihydrophytodienoic acid	CCC=CCC1C(CCC1=O)CCCCCCCC(=O)O	4.69999981	440477;2826711;3394958;5716902;5813616;5280729;5459804;22910886;25190962;102330614;126961123	COCONUT:(CNP0085036 CNP0313826);KNApSAcK:(366);Natural Products:(UNPD72464 UNPD88888);PubChem:(440477 2826711 3394958 5716902 5813616 5280729 5459804 22910886 25190962 102330614 126961123);SuperNatural:(SN00231165 SN00241746);CHEBI:(137132 49265 15720);PubChem class - bio and metabolites;KEGG:(C04780);Plantcyc:(CPD-730 CPDQT-395);PubMed;Biocyc:(CPD-730)	20089202
47	1	N/A	-153.07840560894047	C18H30O3	[M - H2O + H]+	FKRZJGPWVXVAFI	InChI=1S/C18H30O3/c1-3-4-11-16-14-15(2)17(21-16)12-9-7-5-6-8-10-13-18(19)20/h14H,3-13H2,1-2H3,(H,19,20)	null	CCCCC1=CC(=C(O1)CCCCCCCCC(=O)O)C	5.80000019	85564660	HMDB:(112103);PubChem:(85564660);PubChem class - bio and metabolites	16777226
48	1	N/A	-159.49597289685164	C18H30O3	[M - H2O + H]+	NMZGYZMOQZXEOU	InChI=1S/C18H30O3/c1-4-11-16-14(2)15(3)17(21-16)12-9-7-5-6-8-10-13-18(19)20/h4-13H2,1-3H3,(H,19,20)	2-Furannonanoic acid, 3,4-dimethyl-5-propyl-	CCCC1=C(C(=C(O1)CCCCCCCCC(=O)O)C)C	5.5999999	13963864	COCONUT:(CNP0372367);HMDB:(61644);Natural Products:(UNPD102558);PubChem:(13963864);SuperNatural:(SN00388737);PubChem class - bio and metabolites	19955722
49	1	N/A	-166.40321339812579	C18H30O3	[M - H2O + H]+	DLSPCSIOTSYWBY	InChI=1S/C18H30O3/c1-2-3-4-5-6-7-8-9-10-11-12-13-14-15-21-17-18(20)16-19/h10-11,14-15,18-20H,2-9,16-17H2,1H3	(2S)-3-[(1Z,5Z)-pentadeca-1,5-dien-3-ynoxy]propane-1,2-diol	CCCCCCCCCC=CC#CC=COCC(CO)O	5.0	21591335;23425873;71434680;101834985	COCONUT:(CNP0284656);Natural Products:(UNPD38720);PubChem:(21591335 23425873 71434680 101834985)	2129922
50	1	N/A	-177.41214675817398	C18H30O3	[M - H2O + H]+	AAYSBNXVIDAGPI	InChI=1S/C18H30O3/c1-17(2)13-11-9-7-5-3-4-6-8-10-12-14-21-16-18(20)15-19/h4,6,12,14,17-20H,3,5,7,9,11,13,15-16H2,1-2H3	(2S)-3-[(1Z,5Z)-13-methyltetradeca-1,5-dien-3-ynoxy]propane-1,2-diol	CC(C)CCCCCCC=CC#CC=COCC(CO)O	4.69999981	21591337;21591339;23425868;23425875	COCONUT:(CNP0228945);Natural Products:(UNPD112897 UNPD91608);PubChem:(21591337 21591339 23425868 23425875)	2129922
51	1	N/A	-180.7693843721185	C18H30O3	[M - H2O + H]+	RFNALLFQILGKLF	InChI=1S/C18H30O3/c1-4-5-8-11-16-14(2)15(3)17(21-16)12-9-6-7-10-13-18(19)20/h4-13H2,1-3H3,(H,19,20)	2-Furanheptanoic acid, 3,4-dimethyl-5-pentyl-	CCCCCC1=C(C(=C(O1)CCCCCCC(=O)O)C)C	5.5999999	13963863	COCONUT:(CNP0293564);HMDB:(39603);Natural Products:(UNPD163266);PubChem:(13963863);SuperNatural:(SN00319273);PubChem class - bio and metabolites	19955722
52	1	N/A	-189.18883363156235	C18H30O3	[M - H2O + H]+	POILPAKVYRBZLL	InChI=1S/C18H30O3/c1-3-17(2)13-11-9-7-5-4-6-8-10-12-14-21-16-18(20)15-19/h4,6,12,14,17-20H,3,5,7,9,11,13,15-16H2,1-2H3	petroraspailyne A3	CCC(C)CCCCCC=CC#CC=COCC(CO)O	4.69999981	9971702;21672255;100933666	COCONUT:(CNP0254869);Natural Products:(UNPD110514);PubChem:(9971702 21672255 100933666);PubMed	2129986
53	1	N/A	-197.00960816855402	C18H30O3	[M - H2O + H]+	SSQZBGJHGPTSLK	InChI=1S/C18H30O3/c1-2-3-8-12-17-15-14-16(19)11-9-6-4-5-7-10-13-18(20)21-17/h14-15,17H,2-13H2,1H3	Oxacyclotetradec-12-ene-2,11-dione, 14-pentyl-, (12E)-	CCCCCC1C=CC(=O)CCCCCCCCC(=O)O1	5.0999999	10541851;9882599;10494044;69971989;101244096	COCONUT:(CNP0199008);HMDB:(29786);Natural Products:(UNPD155641);PubChem:(10541851 9882599 10494044 69971989 101244096);SuperNatural:(SN00252520);PubChem class - bio and metabolites;PubMed	19955786
54	1	N/A	-200.90338279828205	C18H30O3	[M - H2O + H]+	IHMSRKRQXGKFCB	InChI=1S/C18H30O3/c1-2-3-4-5-6-7-8-9-16-10-12-18(13-11-16)21-15-17(20)14-19/h10-13,17,19-20H,2-9,14-15H2,1H3	1, 3-(p-nonylphenoxy)-	CCCCCCCCCC1=CC=C(C=C1)OCC(CO)O	5.19999981	101160;92149859;97290918	NORMAN:(NS00047264);PubChem class - safety and toxic;PubChem:(101160 92149859 97290918)	67371010
55	1	N/A	-201.106287262463	C18H30O3	[M - H2O + H]+	TXHNLEIEJZFRRG	InChI=1S/C18H30O3/c1-2-3-4-10-13-16(19)17-14-11-8-6-5-7-9-12-15-18(20)21-17/h11,14,17H,2-10,12-13,15H2,1H3	12-Keto-9(2)-octadecen-11-olide	CCCCCCC(=O)C1C=CCCCCCCCC(=O)O1	5.69999981	6443929	MeSH:(6443929);PubChem:(6443929);PubMed	70
56	1	N/A	-201.6769948775376	C18H30O3	[M - H2O + H]+	YGIVJGMUJAYHJF	InChI=1S/C18H30O3/c1-2-3-4-5-6-7-8-9-10-11-12-16(19)15-17-13-14-18(20)21-17/h13-16,19H,2-12H2,1H3	(5E)-5-(2-hydroxytetradecylidene)furan-2-one	CCCCCCCCCCCCC(C=C1C=CC(=O)O1)O	6.0	11162215;11737967	COCONUT:(CNP0164636);Natural Products:(UNPD28584 UNPD26478);PubChem:(11162215 11737967);SuperNatural:(SN00264187 SN00229098)	3178498
57	1	N/A	-209.53276189446498	C18H30O3	[M - H2O + H]+	IAPDOQWBIGLMRU	InChI=1S/C18H30O3/c1-3-12-9-13(12)7-5-6-8-14-10-15(14)11-17(19)16(4-2)18(20)21/h5-6,12-17,19H,3-4,7-11H2,1-2H3,(H,20,21)	null	CCC1CC1CC=CCC2CC2CC(C(CC)C(=O)O)O	4.4000001	91972284;91972285	PubChem:(91972284 91972285);CHEBI:(88023)	34
58	1	N/A	-215.13078021485154	C18H30O3	[M - H2O + H]+	MANKLCWXYICFDJ	InChI=1S/C18H30O3/c1-2-3-10-14-17-16(19)13-11-8-6-4-5-7-9-12-15-18(20)21-17/h8,11,17H,2-7,9-10,12-15H2,1H3	12-Keto-9(2)-octadecen-13-olide	CCCCCC1C(=O)CC=CCCCCCCCC(=O)O1	5.5999999	6443930	MeSH:(6443930);PubChem:(6443930);PubMed	70
59	1	N/A	-222.78668606240922	C18H30O3	[M - H2O + H]+	NVSJAROWBKQATK	InChI=1S/C18H30O3/c1-4-5-6-7-8-9-10-11-12-13-14-17(15-16(2)19)18(20)21-3/h4,14H,1,5-13,15H2,2-3H3	null	CC(=O)CC(=CCCCCCCCCCC=C)C(=O)OC	5.4000001	88773499	COCONUT:(CNP0121028);Natural Products:(UNPD51314);PubChem:(88773499)	2129922
60	1	N/A	-225.81652315641853	C18H30O3	[M - H2O + H]+	CWCAGZXBGYHWNE	InChI=1S/C18H30O3/c1-16-15-17(18(20)21-16)13-11-9-7-5-3-2-4-6-8-10-12-14-19/h14-16H,2-13H2,1H3	null	CC1C=C(C(=O)O1)CCCCCCCCCCCCC=O	5.5999999	10902491;85308895	COCONUT:(CNP0139288);HMDB:(29969);Natural Products:(UNPD192738);PubChem:(10902491 85308895);PubChem class - bio and metabolites	18907146
61	1	N/A	-229.78432946885707	C18H30O3	[M - H2O + H]+	LHXZOGRKPMWMPS	InChI=1S/C18H30O3/c1-3-4-11-14-17(19)15-12-9-7-5-6-8-10-13-16-18(20)21-2/h6-9,12,15,17,19H,3-5,10-11,13-14,16H2,1-2H3	null	CCCCCC(C=CC=CCC=CCCCC(=O)OC)O	4.4000001	14384180	COCONUT:(CNP0386724);Natural Products:(UNPD83635);PubChem:(14384180);SuperNatural:(SN00395539);KEGG Mine	8593113090
62	1	N/A	-231.84031367428787	C18H30O3	[M - H2O + H]+	VLPHJTSSBQZBFD	InChI=1S/C18H30O3/c1-2-3-4-5-6-7-8-9-11-16(19)14-15-17-12-10-13-18(20)21-17/h6-7,9,11,16-17,19H,2-5,8,10,12-15H2,1H3	(6S)-6-[(3R,4Z,7Z)-3-hydroxytrideca-4,7-dienyl]oxan-2-one	CCCCCC=CCC=CC(CCC1CCCC(=O)O1)O	4.5	14754245;101346644	COCONUT:(CNP0231851);Natural Products:(UNPD38782);PubChem:(14754245 101346644);SuperNatural:(SN00260653)	3178498
63	1	N/A	-233.28265436524947	C18H30O3	[M - H2O + H]+	WSCIWZRMZZZKRD	InChI=1S/C18H30O3/c1-4-5-6-8-11-14(2)12-9-7-10-13-16-17(21-16)15(3)18(19)20/h12,16-17H,3-11,13H2,1-2H3,(H,19,20)	Conocandin	CCCCCCC(=CCCCCC1C(O1)C(=C)C(=O)O)C	5.69999981	6444370;20981664;90474111	COCONUT:(CNP0299819);Natural Products:(UNPD55703);PubChem:(6444370 20981664 90474111);SuperNatural:(SN00266700);MeSH:(6444370);PubChem class - safety and toxic	70287366
64	1	N/A	-242.4200420072823	C18H30O3	[M - H2O + H]+	LBCZOTMMGHGTPH	InChI=1S/C18H30O3/c1-17(2,3)14-18(4,5)15-6-8-16(9-7-15)21-13-12-20-11-10-19/h6-9,19H,10-14H2,1-5H3	Macol 10	CC(C)(C)CC(C)(C)C1=CC=C(C=C1)OCCOCCO	4.5	24775;46782623;71312305	NORMAN:(NS00010302);PubChem:(24775 46782623 71312305);Maconda:(CON00134);PubChem class - bio and metabolites;HSDB:(9036-19-5);MeSH:(24775);PubChem class - safety and toxic;PubMed	84149830
65	1	N/A	-243.6818645755693	C18H30O3	[M - H2O + H]+	LWPLJHROTQIHMD	InChI=1S/C18H30O3/c1-15(8-7-12-18(2,3)20)14-17(19)21-13-11-16-9-5-4-6-10-16/h4-6,9-10,15,17,19-20H,7-8,11-14H2,1-3H3	3,7-dimethyl-1-phenethyloxyoctane-1,7-diol	CC(CCCC(C)(C)O)CC(O)OCCC1=CC=CC=C1	3.9000001	3020890	PubChem:(3020890);NORMAN:(NS00064578)	262146
66	1	N/A	-247.48772531101898	C18H30O3	[M - H2O + H]+	SJGBVXPXTMNDDG	InChI=1S/C18H30O3/c1-3-5-7-9-10-12-15-14-17(19)16(18(20)21-15)13-11-8-6-4-2/h14,19H,3-13H2,1-2H3	Pseudopyronines B	CCCCCCCC1=CC(=C(C(=O)O1)CCCCCC)O	6.4000001	54710733	COCONUT:(CNP0266951);KNApSAcK:(15217);Natural Products:(UNPD108233);PubChem:(54710733);SuperNatural:(SN00402328);MeSH:(54710733);PubMed	3178582
67	1	N/A	-249.44571723112108	C18H30O3	[M - H2O + H]+	GJHOJUCNLYBQEQ	InChI=1S/C18H30O3/c1-5-8-14(6-2)9-13(4)10-16-11-15(7-3)17(21-16)12-18(19)20/h11,13-14H,5-10,12H2,1-4H3,(H,19,20)	Glnvillic acid B	CCCC(CC)CC(C)CC1=CC(=C(O1)CC(=O)O)CC	5.9000001	10017357	COCONUT:(CNP0147261);Natural Products:(UNPD151078);PubChem:(10017357);SuperNatural:(SN00277126);MeSH:(10017357);PubMed	3178566
68	1	N/A	-253.4871862550873	C18H30O3	[M - H2O + H]+	ZQTOEYIVWCCNSY	InChI=1S/C18H30O3/c1-15(2)11-9-7-5-3-4-6-8-10-12-17-13-16(19)14-18(20)21-17/h13-15,19H,3-12H2,1-2H3	null	CC(C)CCCCCCCCCCC1=CC(=CC(=O)O1)O	6.4000001	91825620	PubChem:(91825620);CHEBI:(85485)	34
69	1	N/A	-254.1411388678659	C18H30O3	[M - H2O + H]+	GWHUDSFTSIWWMJ	InChI=1S/C18H30O3/c1-3-4-5-6-7-8-9-10-11-12-15-17(21-2)14-13-16(19)18(15)20/h13-14,19-20H,3-12H2,1-2H3	null	CCCCCCCCCCCC1=C(C=CC(=C1O)O)OC	5.96347761	""	COCONUT:(CNP0136063);Natural Products:(UNPD206945)	2129920
70	1	N/A	-254.52154057499249	C18H30O3	[M - H2O + H]+	JEWULUYLEVWRFY	InChI=1S/C18H30O3/c1-2-16(19)17-14-12-10-8-6-4-3-5-7-9-11-13-15-18(20)21-17/h4,6,10,12,16-17,19H,2-3,5,7-9,11,13-15H2,1H3	null	CCC(C1CC=CCC=CCCCCCCCC(=O)O1)O	5.19999981	10708956	COCONUT:(CNP0235755);Natural Products:(UNPD118110);PubChem:(10708956);SuperNatural:(SN00367531)	3178498
71	1	N/A	-256.2829302044828	C18H30O3	[M - H2O + H]+	URVNZJUYUMEJFZ	InChI=1S/C18H30O3/c1-2-3-4-5-6-7-8-9-10-11-12-13-14-16-15-17(19)21-18(16)20/h13-14,16H,2-12,15H2,1H3	Tetradecenylsuccinic anhydride	CCCCCCCCCCCCC=CC1CC(=O)OC1=O	6.5	227803;6043265;25022196;25113579;54605082;98043911;98043912	NORMAN:(NS00059565);PubChem class - safety and toxic;PubChem:(227803 6043265 25022196 25113579 54605082 98043911 98043912)	67371010
72	1	N/A	-260.0070254206318	C18H30O3	[M - H2O + H]+	UCXPNVVUUNXKPX	InChI=1S/C18H30O3/c1-2-3-4-5-6-7-8-9-10-11-12-13-14-16-15-17(19)21-18(16)20/h12-13,16H,2-11,14-15H2,1H3	2-Tetradecenylsuccinic anhydride	CCCCCCCCCCCC=CCC1CC(=O)OC1=O	6.19999981	108239;5362665;98093345;98093349;101289884	PubChem:(108239 5362665 98093345 98093349 101289884);NORMAN:(NS00056124)	262146
73	1	N/A	-261.7385696197567	C18H30O3	[M - H2O + H]+	BMOGLKGVEPTWEO	InChI=1S/C18H30O3/c1-16-7-2-3-14(20)13(16)6-8-17-9-12(4-5-15(16)17)18(21,10-17)11-19/h12-15,19-21H,2-11H2,1H3	null	CC12CCCC(C1CCC34C2CCC(C3)C(C4)(CO)O)O	2.85488439	""	COCONUT:(CNP0092342)	2097152
74	1	N/A	-262.37920518642017	C18H30O3	[M - H2O + H]+	RQIDGZHMTWSMMC	InChI=1S/C18H30O3/c1-6-15(11-12-16-18(4,7-2)21-16)10-8-9-14(3)13-17(19)20-5/h10,13,16H,6-9,11-12H2,1-5H3	Ambap13804-51-8	CCC(=CCCC(=CC(=O)OC)C)CCC1C(O1)(C)CC	4.9000001	26280;5365101;12304765;11197171;25075834;88189439;90746395	PubChem:(26280 5365101 12304765 11197171 25075834 88189439 90746395);CHEBI:(83641);MeSH:(5365101 11197171);KEGG:(C19613);PubMed;Biocyc:(CPD-17897)	2406
75	1	N/A	-266.9099628290475	C18H30O3	[M - H2O + H]+	KRXUBJDPPIWBJD	InChI=1S/C18H30O3/c1-18-8-12(20)7-15(18)14-4-2-10-6-11(19)3-5-13(10)17(14)16(21)9-18/h10-17,19-21H,2-9H2,1H3	null	CC12CC(CC1C3CCC4CC(CCC4C3C(C2)O)O)O	3.00265861	""	COCONUT:(CNP0347650);Natural Products:(UNPD65489);SuperNatural:(SN00392471)	3178496
76	1	N/A	-269.3368528400755	C18H30O3	[M - H2O + H]+	ISRUEVDBKYNTDC	InChI=1S/C18H30O3/c1-16-4-2-5-18(21,11-16)13-8-17(15(13)14(20)9-16)6-3-12(7-17)10-19/h12-15,19-21H,2-11H2,1H3	null	CC12CCCC(C1)(C3CC4(C3C(C2)O)CCC(C4)CO)O	2.85488439	""	COCONUT:(CNP0089288);SuperNatural:(SN00170510)	3145728
77	1	N/A	-269.9111785199831	C18H30O3	[M - H2O + H]+	RLXIIDVTPCQPSG	InChI=1S/C18H30O3/c1-15-5-4-8-17(21,11-15)13-9-16(6-2-3-7-16)18(13,12-19)14(20)10-15/h13-14,19-21H,2-12H2,1H3	null	CC12CCCC(C1)(C3CC4(C3(C(C2)O)CO)CCCC4)O	2.91876721	""	COCONUT:(CNP0416849);SuperNatural:(SN00170528)	3145728
78	1	N/A	-281.2591642302513	C18H30O3	[M - H2O + H]+	FYQCXLILPFHHCJ	InChI=1S/C18H30O3/c1-2-17-16(19)14-12-10-8-6-4-3-5-7-9-11-13-15-18(20)21-17/h4,6,10,12,16-17,19H,2-3,5,7-9,11,13-15H2,1H3	null	CCC1C(CC=CCC=CCCCCCCCC(=O)O1)O	5.19999981	10780163	COCONUT:(CNP0149502);Natural Products:(UNPD18215);PubChem:(10780163);SuperNatural:(SN00395903)	3178498
79	1	N/A	-286.13161984992905	C18H30O3	[M - H2O + H]+	BQUAFPABUCARCY	InChI=1S/C18H30O3/c1-12(19)7-8-13-17(4)10-6-9-16(2,3)14(17)11-15(20)18(13,5)21/h7-8,13-15,20-21H,6,9-11H2,1-5H3	(E)-4-[(1R,2S,3S,4aS,8aS)-2,3-dihydroxy-2,5,5,8a-tetramethyl-3,4,4a,6,7,8-hexahydro-1H-naphthalen-1-yl]but-3-en-2-one	CC(=O)C=CC1C2(CCCC(C2CC(C1(C)O)O)(C)C)C	3.0	14396288;21681093	COCONUT:(CNP0213443);HMDB:(36832);KNApSAcK:(23381);Natural Products:(UNPD32174);PubChem:(14396288 21681093);SuperNatural:(SN00255983);PubChem class - bio and metabolites;PubMed	19955802
80	1	N/A	-294.32344794758444	C18H30O3	[M - H2O + H]+	UUORLUZANDRGRZ	InChI=1S/C18H30O3/c1-15-8-4-6-12-10-13(15)17(9-5-7-14(17)19)18(20,11-21-3)16(12,15)2/h12-14,19-20H,4-11H2,1-3H3	null	CC12CCCC3C1(C(C4(C2C3)CCCC4O)(COC)O)C	2.65971112	""	COCONUT:(CNP0093163);SuperNatural:(SN00170131)	3145728
81	1	N/A	-295.4754287379941	C18H30O3	[M - H2O + H]+	WKDCECLQLOZEBT	InChI=1S/C18H30O3/c1-5-6-7-8-9-10-11-12-13-16-14(2)17(19)15(3)18(20-4)21-16/h5-13H2,1-4H3	null	CCCCCCCCCCC1=C(C(=O)C(=C(O1)OC)C)C	5.99045372	""	COCONUT:(CNP0214546);Natural Products:(UNPD190111);SuperNatural:(SN00322389)	3178496
82	1	N/A	-299.2822027896504	C18H30O3	[M - H2O + H]+	SYQYUHNZUXSKCQ	InChI=1S/C18H30O3/c1-3-4-5-6-7-8-9-10-11-12-13-14-16-17(19)15(2)21-18(16)20/h4-5,14-15,17,19H,3,6-13H2,1-2H3	null	CCC=CCCCCCCCCC=C1C(C(OC1=O)C)O	5.18877602	""	COCONUT:(CNP0081641)	2097152
83	1	N/A	-303.9229014482249	C18H30O3	[M - H2O + H]+	RLUDYXBURNZPFV	InChI=1S/C18H30O3/c1-6-13(4)9-14(7-2)10-16-11-15(8-3)17(21-16)12-18(19)20-5/h11-14,16H,6-10H2,1-5H3	null	CCC1=CC(OC1=CC(=O)OC)CC(CC)CC(C)CC	5.19112062	""	COCONUT:(CNP0297230)	2097152
84	1	N/A	-313.02884157918453	C18H30O3	[M - H2O + H]+	HTKSPKWIEZBJMH	InChI=1S/C18H30O3/c1-6-9-10-14(4)12-18(8-3)13-15(7-2)16(21-18)11-17(19)20-5/h11,13-14H,6-10,12H2,1-5H3	methyl (2Z)-2-[(5S)-3,5-diethyl-5-[(2S)-2-methylhexyl]furan-2-ylidene]acetate	CCCCC(C)CC1(C=C(C(=CC(=O)OC)O1)CC)CC	5.0999999	10685234;10780166;21668719	COCONUT:(CNP0305044);Natural Products:(UNPD117560 UNPD120717);PubChem:(10685234 10780166 21668719);SuperNatural:(SN00333944 SN00364460);PubMed	3178562
85	1	N/A	-314.98113541389154	C18H30O3	[M - H2O + H]+	SWDAGTBJDSMABM	InChI=1S/C18H30O3/c1-15-8-4-6-12-10-16(15,2)18(20,11-21-3)17(14(12)15)9-5-7-13(17)19/h12-14,19-20H,4-11H2,1-3H3	null	CC12CCCC3C1C4(CCCC4O)C(C2(C3)C)(COC)O	2.65971112	""	COCONUT:(CNP0371682);SuperNatural:(SN00170132)	3145728
86	1	N/A	-317.35409712636744	C18H30O3	[M - H2O + H]+	NPZLRLSICAXOCO	InChI=1S/C18H30O3/c1-11(19)13-14(21-13)15-17(4)9-6-8-16(2,3)12(17)7-10-18(15,5)20/h12-15,20H,6-10H2,1-5H3	null	CC(=O)C1C(O1)C2C3(CCCC(C3CCC2(C)O)(C)C)C	3.10717463	""	COCONUT:(CNP0198017);Natural Products:(UNPD95840 UNPD119914);SuperNatural:(SN00258201 SN00231344)	3178496
87	1	N/A	-319.60304524150354	C18H30O3	[M - H2O + H]+	WCKRVXUPNAUYPH	InChI=1S/C18H30O3/c1-3-4-5-6-7-8-9-10-11-12-13-14-16-17(19)15(2)21-18(16)20/h14,17,19H,2-13H2,1H3	null	CCCCCCCCCCCCC=C1C(C(=C)OC1=O)O	6.19999981	9971701	COCONUT:(CNP0201937);Natural Products:(UNPD104301 UNPD45270);PubChem:(9971701);SuperNatural:(SN00313103)	3178498
88	1	N/A	-322.4292946866076	C18H30O3	[M - H2O + H]+	LQOFNPZEGRZRPE	InChI=1S/C18H30O3/c1-16(2)14-7-6-12-10-20-17(3,4)21-11-13(12)18(14,5)9-8-15(16)19/h6,13-15,19H,7-11H2,1-5H3	null	CC1(C(CCC2(C1CC=C3C2COC(OC3)(C)C)C)O)C	2.70000005	46912658	COCONUT:(CNP0220717);Natural Products:(UNPD106085 UNPD51383);PubChem:(46912658);SuperNatural:(SN00331301 SN00377219);PubMed	3178562
89	1	N/A	-324.41554989735914	C18H30O3	[M - H2O + H]+	HWGBMUWLOSWPLI	InChI=1S/C18H30O3/c1-7-18(6,20)12-8-9-15(4)13-17(21-16(5)19)11-10-14(2)3/h7,9-11,14,17,20H,1,8,12-13H2,2-6H3	null	CC(C)C=CC(CC(=CCCC(C)(C=C)O)C)OC(=O)C	4.28103256	""	COCONUT:(CNP0346606)	2097152
90	1	N/A	-324.9581697809272	C18H30O3	[M - H2O + H]+	CQSUOAMXLAIXBZ	InChI=1S/C18H30O3/c1-6-9-10-14(7-2)12-18(4)13-15(8-3)16(21-18)11-17(19)20-5/h9-11,14-15H,6-8,12-13H2,1-5H3	null	CCC=CC(CC)CC1(CC(C(=CC(=O)OC)O1)CC)C	4.69999981	9994617;100963190	COCONUT:(CNP0333541);Natural Products:(UNPD83304);PubChem:(9994617 100963190);SuperNatural:(SN00333794)	3178498
91	1	N/A	-337.4446439993055	C18H30O3	[M - H2O + H]+	XXSUKBDTENQZKX	InChI=1S/C18H30O3/c1-15(2)11-7-9-18(10-20-16(3,4)21-18)12-6-8-17(5,19)14(12)13(11)15/h11-14,19H,6-10H2,1-5H3	null	CC1(C2C1C3C(CCC3(C)O)C4(CC2)COC(O4)(C)C)C	2.79999995	16127387	COCONUT:(CNP0204739);Natural Products:(UNPD137182);PubChem:(16127387);SuperNatural:(SN00323416)	3178498
92	1	N/A	-338.8639244331182	C18H30O3	[M - H2O + H]+	UYKLIVZPURVAGU	InChI=1S/C18H30O3/c1-5-9-10-14(6-2)13-18(8-4)16(21-18)17(7-3)12-11-15(19)20-17/h11-12,14,16H,5-10,13H2,1-4H3	Plakortoxide B	CCCCC(CC)CC1(C(O1)C2(C=CC(=O)O2)CC)CC	5.30000019	71665595;78144595	COCONUT:(CNP0261109);Natural Products:(UNPD210718);PubChem:(71665595 78144595);PubMed	2129986
93	1	N/A	-342.1975918094747	C18H30O3	[M - H2O + H]+	WYWLOZXPFDNZML	InChI=1S/C18H30O3/c1-7-17(19)21-16(12-14(3)4)13-15(5)10-9-11-18(6,20)8-2/h8,10,12,16,20H,2,7,9,11,13H2,1,3-6H3	null	CCC(=O)OC(CC(=CCCC(C)(C=C)O)C)C=C(C)C	4.5	15109108	COCONUT:(CNP0137910);Natural Products:(UNPD194287);PubChem:(15109108);SuperNatural:(SN00286704)	3178498
94	1	N/A	-346.04339304922996	C18H30O3	[M - H2O + H]+	KNHZDELUSUIGNS	InChI=1S/C18H30O3/c1-16(2)12-8-11-18(4)13(6-7-15(20-5)21-18)17(12,3)10-9-14(16)19/h12-13,15H,6-11H2,1-5H3	null	CC1(C2CCC3(C(C2(CCC1=O)C)CCC(O3)OC)C)C	3.20000005	132536765	MeSH:(132536765);PubChem:(132536765);PubMed	70
95	1	N/A	-359.9852433290924	C18H30O3	[M - H2O + H]+	PMHIXAUIZGLZBG	InChI=1S/C18H30O3/c1-6-20-16-13(3)15-17(4)12(2)8-7-9-14(17)10-11-18(15,19-5)21-16/h9,12-13,15-16H,6-8,10-11H2,1-5H3	null	CCOC1C(C2C3(C(CCC=C3CCC2(O1)OC)C)C)C	3.9000001	101841609	COCONUT:(CNP0338839);Natural Products:(UNPD52330);PubChem:(101841609);SuperNatural:(SN00370496)	3178498
96	1	N/A	-361.90047083090116	C18H30O3	[M - H2O + H]+	IOGKCWCSLWPEGF	InChI=1S/C18H30O3/c1-12(2)18(20)11-10-16(5)9-7-8-13(3)17(16,6)15(18)21-14(4)19/h12,15,20H,3,7-11H2,1-2,4-6H3	null	CC(C)C1(CCC2(CCCC(=C)C2(C1OC(=O)C)C)C)O	3.79412198	""	COCONUT:(CNP0104006);Natural Products:(UNPD192351);SuperNatural:(SN00339713)	3178496
97	1	N/A	-364.4881623361866	C18H30O3	[M - H2O + H]+	CUKSEWOBMWHBEW	InChI=1S/C18H30O3/c1-5-9-10-14(6-2)12-17(7-3)13-18(8-4)15(20-17)11-16(19)21-18/h9-10,14-15H,5-8,11-13H2,1-4H3	(3aS,5S,6aS)-5,6a-diethyl-5-[(E,2R)-2-ethylhex-3-enyl]-3a,6-dihydro-3H-furo[3,2-b]furan-2-one	CCC=CC(CC)CC1(CC2(C(O1)CC(=O)O2)CC)CC	4.4000001	9971700;11666487;21778532;101271724;101271726;101271727	COCONUT:(CNP0323391);MeSH:(9971700);Natural Products:(UNPD85340);PubChem:(9971700 11666487 21778532 101271724 101271726 101271727);SuperNatural:(SN00310354)	3178502
98	1	N/A	-372.25037393840194	C18H30O3	[M - H2O + H]+	NRNQVCNAWNDYOT	InChI=1S/C18H30O3/c1-11(2)13-6-7-18(5)14(13)8-12(10-19)9-15-16(18)21-17(3,4)20-15/h8,11,13-16,19H,6-7,9-10H2,1-5H3	null	CC(C)C1CCC2(C1C=C(CC3C2OC(O3)(C)C)CO)C	3.0999999	101394433	COCONUT:(CNP0243521);Natural Products:(UNPD49244);PubChem:(101394433);SuperNatural:(SN00271470)	3178498
99	1	N/A	-376.3763359201634	C18H30O3	[M - H2O + H]+	PRCDDNKVZQBPNG	InChI=1S/C18H30O3/c1-11-9-14(20-12(2)19)15-17(11,5)10-13-7-8-18(15,6)21-16(13,3)4/h11,13-15H,7-10H2,1-6H3	null	CC1CC(C2C1(CC3CCC2(OC3(C)C)C)C)OC(=O)C	3.61687279	""	COCONUT:(CNP0252024);Natural Products:(UNPD124196);SuperNatural:(SN00255342)	3178496
100	1	N/A	-382.6786845231359	C18H30O3	[M - H2O + H]+	PTOBLQWYQHCBCQ	InChI=1S/C18H30O3/c1-6-7-8-16-17-12(2)9-13(3)18(11-21-16,14(17)4)10-20-15(5)19/h9,13-14,16-17H,6-8,10-11H2,1-5H3	Oprea1_362192	CCCCC1C2C(C(CO1)(C(C=C2C)C)COC(=O)C)C	3.70000005	1755830;1755831;1755833;1755834;3793828;16395176;98656566;98656568;98133910;98133911;98133912;98133913;99975502;99975507;99975512;99975516;131665080	PubChem:(1755830 1755831 1755833 1755834 3793828 16395176 98656566 98656568 98133910 98133911 98133912 98133913 99975502 99975507 99975512 99975516 131665080);COCONUT:(CNP0222610)	2097154
1	1	N/A	-25.71817682032536	C18H28O2	[M + H]+	IJTNSXPMYKJZPR	InChI=1S/C18H28O2/c1-2-3-4-5-6-7-8-9-10-11-12-13-14-15-16-17-18(19)20/h3-10H,2,11-17H2,1H3,(H,19,20)	Parinaric acid	CCC=CC=CC=CC=CCCCCCCCC(=O)O	5.46570683	107981;5282838;5312509;5320416;5460991;5460993;5460995;12313969;9970695;10378843;35025837;88113245;87119813;101625845;118433567	SuperNatural:(SN00226753 SN00370177 SN00160559);additional;MeSH:(107981 5282838 5460995);PubMed;NORMAN:(NS00010558);COCONUT:(CNP0043971 CNP0076398 CNP0308184);Natural Products:(UNPD65715 UNPD84103 UNPD88186);PubChem:(107981 5282838 5312509 5320416 5460991 5460993 5460995 12313969 9970695 10378843 35025837 88113245 87119813 101625845 118433567);CHEBI:(32408 32416 32410 32409 32414);PubChem class - safety and toxic;Training Set;PubChem class - drug;Biocyc:(CPD-17408);KEGG Mine	8694581350
2	1	N/A	-26.201419273602447	C18H28O2	[M + H]+	KDYILQLPKVZDGB	InChI=1S/C18H28O2/c1-2-3-4-5-6-7-8-9-10-11-12-13-14-15-16-17-18(19)20/h2-5,8,11-17H2,1H3,(H,19,20)	9,12-Octadecadiynoicacid	CCCCCC#CCC#CCCCCCCCC(=O)O	6.03444719	1931	PubChem:(1931);CHEBI:(142250);additional;MeSH:(1931);Training Set;PubMed	540774
3	1	N/A	-32.72945037603632	C18H28O2	[M + H]+	WNNYSRHBDYRXCH	InChI=1S/C18H28O2/c1-2-3-4-5-6-7-8-9-10-11-12-13-14-15-16-17-18(19)20/h2-5,10-17H2,1H3,(H,19,20)	octadeca-10,12-diynoate	CCCCCC#CC#CCCCCCCCCC(=O)O	6.03444719	522487;1810819	COCONUT:(CNP0085954);PubChem:(522487 1810819);CHEBI:(32411)	2097186
4	1	N/A	-33.13732236863501	C18H28O2	[M + H]+	KRKKLNBMQJXYTE	InChI=1S/C18H28O2/c1-2-3-4-5-6-7-8-9-10-11-12-13-14-15-16-17-18(19)20/h2-6,11-17H2,1H3,(H,19,20)	9,11-Octadecadiynoic acid	CCCCCCC#CC#CCCCCCCCC(=O)O	6.03444719	5312669	COCONUT:(CNP0269017);Natural Products:(UNPD98549);PubChem:(5312669)	2129922
5	1	N/A	-34.937658062785076	C18H28O2	[M + H]+	JRBUVHZXBJFVBZ	InChI=1S/C18H28O2/c1-2-3-4-5-6-7-8-9-10-11-12-13-14-15-16-17-18(19)20/h2-7,12-17H2,1H3,(H,19,20)	8,10-Octadecadiynoic acid	CCCCCCCC#CC#CCCCCCCC(=O)O	6.03444719	5312666	COCONUT:(CNP0239481);Natural Products:(UNPD178324);PubChem:(5312666)	2129922
6	1	N/A	-37.61263726802333	C18H28O2	[M + H]+	FCQPVKRMQXBSAO	InChI=1S/C18H28O2/c1-2-3-4-5-6-7-8-9-10-11-12-13-14-15-16-17-18(19)20/h4-11H,2-3,12-17H2,1H3,(H,19,20)	8,10,12,14-Octadecatetraenoicacid, (8Z,10Z,12Z,14E)-	CCCC=CC=CC=CC=CCCCCCCC(=O)O	5.46570683	14583652;71340678;129726866	COCONUT:(CNP0329521);Natural Products:(UNPD93658);PubChem:(14583652 71340678 129726866);SuperNatural:(SN00243464)	3178498
7	1	N/A	-38.47450354033146	C18H28O2	[M + H]+	LDZUDUYCHODRLO	InChI=1S/C18H28O2/c1-2-3-4-5-6-7-8-9-10-11-12-13-14-15-16-17-18(19)20/h2-8,13-17H2,1H3,(H,19,20)	7,9-Octadecadiynoic acid	CCCCCCCCC#CC#CCCCCCC(=O)O	6.30000019	5312662	COCONUT:(CNP0343675);Natural Products:(UNPD24547);PubChem:(5312662)	2129922
8	1	N/A	-42.6810817781995	C18H28O2	[M + H]+	PVLHKMGYBLUVEL	InChI=1S/C18H28O2/c1-2-3-4-5-6-7-8-9-10-11-12-13-14-15-16-17-18(19)20/h2,7-8H,1,3-6,11-17H2,(H,19,20)	null	C=CCCCCC=CC#CCCCCCCCC(=O)O	5.83342218	101677277	COCONUT:(CNP0205788);Natural Products:(UNPD178719);PubChem:(101677277)	2129922
9	1	N/A	-43.59933595537247	C18H28O2	[M + H]+	ONYHYSLZNLJFHX	InChI=1S/C18H28O2/c1-2-3-4-5-6-7-8-9-10-11-12-13-14-15-16-17-18(19)20/h5-8H,2-4,11-17H2,1H3,(H,19,20)	11E,13E-octadecadien-9-ynoic acid	CCCCC=CC=CC#CCCCCCCCC(=O)O	6.0999999	5312641;129730692;131751554	COCONUT:(CNP0261611);HMDB:(34382);Natural Products:(UNPD184323);PubChem:(5312641 129730692 131751554);PubChem class - bio and metabolites	18907146
10	1	N/A	-45.32190673319508	C18H28O2	[M + H]+	HJYQCZVMQAYTMN	InChI=1S/C18H28O2/c1-2-3-4-5-6-7-8-9-10-11-12-13-14-15-16-17-18(19)20/h4-5,9-10H,2-3,8,11-17H2,1H3,(H,19,20)	(9Z,14Z)-octadeca-9,14-dien-12-ynoic acid	CCCC=CC#CCC=CCCCCCCCC(=O)O	5.9000001	14427322;14427323;71437671	COCONUT:(CNP0318135);KNApSAcK:(47136);Natural Products:(UNPD78209);PubChem:(14427322 14427323 71437671)	2129938
11	1	N/A	-46.04755714173968	C18H28O2	[M + H]+	IOWMGGBYHCCEJN	InChI=1S/C18H28O2/c1-2-3-4-5-6-7-8-9-10-11-12-13-14-15-16-17-18(19)20/h7-8,11-12H,2-6,13-17H2,1H3,(H,19,20)	null	CCCCCCC=CC#CC=CCCCCCC(=O)O	6.0999999	9878706;102095959	MeSH:(102095959);PubChem:(9878706 102095959);PubMed	70
12	1	N/A	-46.11457768006383	C18H28O2	[M + H]+	LGHXTTIAZFVCCU	InChI=1S/C18H28O2/c1-2-3-4-5-6-7-8-9-10-11-12-13-14-15-16-17-18(19)20/h10-17H,2-9H2,1H3,(H,19,20)	Octadecatetraenoic acid	CCCCCCCCCC=CC=CC=CC=CC(=O)O	6.80000019	11778225;21158583;21158977;21158978;53438755;89498479;129724877;129725404;129775367;129882677	MeSH:(11778225 53438755);PubChem:(11778225 21158583 21158977 21158978 53438755 89498479 129724877 129725404 129775367 129882677);PubMed	70
13	1	N/A	-55.31078405573067	C18H28O2	[M + H]+	RFUWLZKZDWRDDA	InChI=1S/C18H28O2/c1-2-3-4-5-6-7-8-9-10-11-12-13-14-15-16-17-18(19)20/h6-13H,2-5,14-17H2,1H3,(H,19,20)	6-Idtea	CCCCCC=CC=CC=CC=CCCCCC(=O)O	5.9000001	132704;6439481;10062114;10084905;9993664;20839316;87187733	COCONUT:(CNP0265250);MeSH:(132704 6439481);KNApSAcK:(436);PubChem:(132704 6439481 10062114 10084905 9993664 20839316 87187733);PubMed	2097238
14	1	N/A	-58.85240607081128	C18H28O2	[M + H]+	JIWBIWFOSCKQMA	InChI=1S/C18H28O2/c1-2-3-4-5-6-7-8-9-10-11-12-13-14-15-16-17-18(19)20/h3-4,6-7,9-10,12-13H,2,5,8,11,14-17H2,1H3,(H,19,20)	stearidonate	CCC=CCC=CCC=CCC=CCCCCC(=O)O	5.19999981	163841;5282837;5312508;22486337;25245840;44184145;57518576;87131704;90375516;124928630;124351439	HMDB:(6547);SuperNatural:(SN00266346 SN00253014 SN00357194);ZINC bio:(ZINC12496917 ZINC13551720);additional;MeSH:(163841 5282837 5312508);Plantcyc:(CPD-12653);PubMed;NORMAN:(NS00010575);COCONUT:(CNP0156231);Natural Products:(UNPD61521 UNPD25743 UNPD228681 UNPD1973);PubChem:(163841 5282837 5312508 22486337 25245840 44184145 57518576 87131704 90375516 124928630 124351439);YMDB Mine;CHEBI:(77222 32389);PubChem class - bio and metabolites;KEGG:(C16300);Training Set;Biocyc:(CPD-12653 CPD-21048)	34380638574
15	1	N/A	-58.95598626774063	C18H28O2	[M + H]+	UECZBRRJYAZMDX	InChI=1S/C18H28O2/c1-2-3-4-5-6-7-8-9-10-11-12-13-14-15-16-17-18(19)20/h6-7,9-10H,2-5,8,11,14-17H2,1H3,(H,19,20)	cis-9,12-octadecadien-6-ynoate	CCCCCC=CCC=CCC#CCCCCC(=O)O	5.5999999	9543633;49859730;71395440	COCONUT:(CNP0196020);Natural Products:(UNPD186119 UNPD207386 UNPD210122);PubChem:(9543633 49859730 71395440);CHEBI:(86506);Plantcyc:(CPD-12652);Biocyc:(CPD-12652)	2263074
16	1	N/A	-79.42807661556856	C18H28O2	[M + H]+	YZQVZNIBOPZYDK	InChI=1S/C18H28O2/c19-17-15-13-11-9-7-5-3-1-2-4-6-8-10-12-14-16-18-20/h1-2,10,12,14,16,19-20H,3-5,7,9,11,13,15,17-18H2	null	C(CCCCO)CCCC=CCC#CC=CC=CCO	4.5	44613550	COCONUT:(CNP0308726);Natural Products:(UNPD82313);PubChem:(44613550);PubMed	2129986
17	1	N/A	-81.3984265925056	C18H28O2	[M + H]+	YDFIZHXVIYIJCO	InChI=1S/C18H28O2/c1-3-4-5-6-7-8-9-10-11-12-13-14-15-16-17-18(19)20-2/h3,8-9H,1,4-7,12-17H2,2H3	null	COC(=O)CCCCCCC#CC=CCCCCC=C	5.80000019	129726044	COCONUT:(CNP0130041);Natural Products:(UNPD60473 UNPD220633 UNPD207382);PubChem:(129726044)	2129922
18	1	N/A	-82.30907729344901	C18H28O2	[M + H]+	IXEHFJJSVBVZHI	InChI=1S/C18H28O2/c19-18(20)16-12-7-5-3-1-2-4-6-9-13-17-14-10-8-11-15-17/h8,10-11,14-15H,1-7,9,12-13,16H2,(H,19,20)	12-phenyldodecanoate	C1=CC=C(C=C1)CCCCCCCCCCCC(=O)O	5.97412825	1550347;151922	COCONUT:(CNP0065256 CNP0118504);Natural Products:(UNPD22645);PubChem:(1550347 151922);SuperNatural:(SN00050604);ZINC bio:(ZINC01641890);MeSH:(151922);PubChem class - safety and toxic;PubMed	70295622
19	1	N/A	-85.53901100575312	C18H28O2	[M + H]+	SLXBQEDLVODPNT	InChI=1S/C18H28O2/c1-3-5-6-7-8-9-10-11-12-13-14-15-16-17-18(19)20-4-2/h3,6-7,9-10,12-13H,1,4-5,8,11,14-17H2,2H3	null	CCOC(=O)CCCCC=CCC=CCC=CCC=C	5.19999981	90659847	PubChem:(90659847);CHEBI:(84935)	34
20	1	N/A	-91.8547299044269	C18H28O2	[M + H]+	PORPGKSIWVNTJC	InChI=1S/C18H28O2/c1-2-3-4-5-6-7-8-9-10-11-12-13-14-15-16-17-18(19)20/h8-15H,2-7,16-17H2,1H3,(H,19,20)	null	CCCCCCCC=CC=CC=CC=CCCC(=O)O	5.46570683	""	COCONUT:(CNP0262147);Natural Products:(UNPD160108)	2129920
21	1	N/A	-92.47997259710202	C18H28O2	[M + H]+	OJBBVRWULKDROR	InChI=1S/C18H28O2/c1-3-4-5-6-7-8-9-10-11-12-13-14-15-16-17-20-18(2)19/h3-5,8-9,12-17H2,1-2H3	Hexadeca-7,11-diynyl acetate	CCCCC#CCCC#CCCCCCCOC(=O)C	5.5	112805	PubChem:(112805);NORMAN:(NS00055328)	262146
22	1	N/A	-107.07792941634115	C18H28O2	[M + H]+	JNIPNHCEUZIVID	InChI=1S/C18H28O2/c1-2-3-4-5-6-7-8-9-10-11-12-13-14-15-16-17-18(19)20/h3-4,6-7,9-10,15-16H,2,5,8,11-14,17H2,1H3,(H,19,20)	3E,9Z,12Z,15Z-octadecatetraenoic acid	CCC=CCC=CCC=CCCCCC=CCC(=O)O	5.4000001	5282835	COCONUT:(CNP0372715);Natural Products:(UNPD41218);PubChem:(5282835)	2129922
23	1	N/A	-107.40162450941372	C18H28O2	[M + H]+	SOQSIPMGMKGFRF	InChI=1S/C18H28O2/c1-2-3-4-5-6-7-8-9-10-11-12-13-14-15-16-17-18(19)20/h3-4,9-10,12-13,15-16H,2,5-8,11,14,17H2,1H3,(H,19,20)	null	CCC=CCCCCC=CCC=CCC=CCC(=O)O	5.46570683	""	COCONUT:(CNP0151777);Natural Products:(UNPD179923)	2129920
24	1	N/A	-121.37697539610876	C18H28O2	[M + H]+	OEYUUCWCJJESQQ	InChI=1S/C18H28O2/c1-20-18(19)16-12-7-5-3-2-4-6-9-13-17-14-10-8-11-15-17/h8,10-11,14-15H,2-7,9,12-13,16H2,1H3	null	COC(=O)CCCCCCCCCCC1=CC=CC=C1	5.93464375	10660115	PubChem:(10660115);COCONUT:(CNP0080397)	2097154
25	1	N/A	-123.36282989302237	C18H28O2	[M + H]+	DDMQLUJPAGWJOB	InChI=1S/C18H28O2/c1-2-3-4-5-6-7-11-14-18(19)20-16-15-17-12-9-8-10-13-17/h8-10,12-13H,2-7,11,14-16H2,1H3	Phenethyl decanoate	CCCCCCCCCC(=O)OCCC1=CC=CC=C1	6.0999999	112733	NORMAN:(NS00022518);COCONUT:(CNP0003216);HMDB:(32464);PubChem class - food;PubChem:(112733);PubChem class - bio and metabolites;PubChem class - safety and toxic	220463114
26	1	N/A	-129.66245714940118	C18H28O2	[M + H]+	UCHYLNQKIYPHBX	InChI=1S/C18H28O2/c1-2-3-4-5-6-7-8-9-10-11-12-13-14-15-16-17-18(19)20/h4-5,7-8,10-11,13-14H,2-3,6,9,12,15-17H2,1H3,(H,19,20)	5,8,11,14-Octadecatetraenoicacid	CCCC=CCC=CCC=CCC=CCCCC(=O)O	5.19999981	194669;5312505;5312507	MeSH:(194669 5312505);PubChem:(194669 5312505 5312507);PubMed	70
27	1	N/A	-133.3829535447327	C18H28O2	[M + H]+	ZEVMIZQHKILAPM	InChI=1S/C18H28O2/c1-2-3-4-5-6-7-8-9-10-11-12-13-14-15-16-17-18(19)20/h5-6,8-9,11-14H,2-4,7,10,15-17H2,1H3,(H,19,20)	null	CCCCC=CCC=CCC=CC=CCCCC(=O)O	5.46570683	""	COCONUT:(CNP0110394);Natural Products:(UNPD213943 UNPD137223)	2129920
28	1	N/A	-133.7876883206525	C18H28O2	[M + H]+	ZPORCTAUIXXZAI	InChI=1S/C18H28O2/c1-2-3-4-5-6-7-8-9-13-16-18(19)20-17-14-11-10-12-15-17/h10-12,14-15H,2-9,13,16H2,1H3	Phenyl laurate	CCCCCCCCCCCC(=O)OC1=CC=CC=C1	6.80000019	77903	PubChem:(77903);NORMAN:(NS00031148)	262146
29	1	N/A	-134.12521577658669	C18H28O2	[M + H]+	DNOBNGNBPVOMLW	InChI=1S/C18H28O2/c1-2-3-4-5-6-7-8-9-10-11-12-13-14-15-16-17-18(19)20/h3-4,6-7,9-10,13-14H,2,5,8,11-12,15-17H2,1H3,(H,19,20)	5,9,12,15-octadecatetraenoic acid	CCC=CCC=CCC=CCCC=CCCCC(=O)O	5.0	5312506;13751481;53769418;90658025;131839806	COCONUT:(CNP0172224);Natural Products:(UNPD208184 UNPD213766 UNPD85419);PubChem:(5312506 13751481 53769418 90658025 131839806);SuperNatural:(SN00233915);CHEBI:(86135);MeSH:(13751481);PubMed;Biocyc:(CPD-14868)	3180646
30	1	N/A	-145.2291808116767	C18H28O2	[M + H]+	SIVLURJESSFFDP	InChI=1S/C18H28O2/c1-2-3-4-5-6-7-8-9-10-11-12-13-14-15-16-17-18(19)20/h3-4,6-7,10-11,14-15H,2,5,8-9,12-13,16-17H2,1H3,(H,19,20)	4,8,12,15-octadecatetraenoic acid	CCC=CCC=CCCC=CCCC=CCCC(=O)O	4.9000001	5282836;20055155;54307922;131751278	COCONUT:(CNP0149777);HMDB:(32672);Natural Products:(UNPD73533 UNPD181879);PubChem:(5282836 20055155 54307922 131751278);SuperNatural:(SN00363343 SN00281279);PubChem class - bio and metabolites	19955722
31	1	N/A	-145.55287590474927	C18H28O2	[M + H]+	GODPUQPTJYDDHR	InChI=1S/C18H28O2/c1-2-3-4-5-6-7-8-9-10-11-12-13-14-15-16-17-18(19)20/h3-4,7-8,10-11,14-15H,2,5-6,9,12-13,16-17H2,1H3,(H,19,20)	(4E,8E,11E,15E)-octadeca-4,8,11,15-tetraenoic Acid	CCC=CCCC=CCC=CCCC=CCCC(=O)O	4.9000001	5315978;53420802	COCONUT:(CNP0231604 CNP0264749);PubChem:(5315978 53420802);SuperNatural:(SN00158088)	3145730
32	1	N/A	-153.00018720281605	C18H28O2	[M + H]+	QAECBHSTFKKNOF	InChI=1S/C18H28O2/c1-2-3-4-5-6-7-8-9-10-11-12-13-14-15-16-17-18(19)20/h4-5,8-9,12-13,15-16H,2-3,6-7,10-11,14,17H2,1H3,(H,19,20)	null	CCCC=CCCC=CCCC=CCC=CCC(=O)O	5.46570683	""	COCONUT:(CNP0165610);Natural Products:(UNPD158331)	2129920
33	1	N/A	-163.24679179319227	C18H28O2	[M + H]+	APNQQQRDLMWNLM	InChI=1S/C18H28O2/c1-4-5-6-7-8-9-10-11-12-16-13-17(19)14(2)15(3)18(16)20/h13H,4-12H2,1-3H3	Decylplastoquinone	CCCCCCCCCCC1=CC(=O)C(=C(C1=O)C)C	5.61868572	5158539	PubChem:(5158539);CHEBI:(72953);MeSH:(5158539);PubChem class - safety and toxic;PubMed;Biocyc:(CPD-17761)	67111014
34	1	N/A	-163.45826363468223	C18H28O2	[M + H]+	WOSWLPBJUVEXMK	InChI=1S/C18H28O2/c1-14(2)12-18(20)13-16(4)10-6-8-15(3)9-7-11-17(5)19/h9-10,12H,6-8,11,13H2,1-5H3	null	CC(=CC(=O)CC(=CCCC(=CCCC(=O)C)C)C)C	4.4000001	23426805	COCONUT:(CNP0323328);Natural Products:(UNPD63915);PubChem:(23426805);SuperNatural:(SN00246107)	3178498
35	1	N/A	-173.67152188522783	C18H28O2	[M + H]+	LUXFAZPVINNUAJ	InChI=1S/C18H28O2/c1-14(2)12-18(20)13-16(4)10-6-8-15(3)9-7-11-17(5)19/h9,12-13H,6-8,10-11H2,1-5H3	null	CC(=CC(=O)C=C(C)CCCC(=CCCC(=O)C)C)C	4.80000019	23426804	COCONUT:(CNP0258501);Natural Products:(UNPD135932);PubChem:(23426804);SuperNatural:(SN00265456)	3178498
36	1	N/A	-178.38899876036987	C18H28O2	[M + H]+	AEOCGZGNXNIVTO	InChI=1S/C18H28O2/c1-2-3-11-14-17-15-12-9-7-5-4-6-8-10-13-16-18(19)20-17/h3,7,9,11-12,15,17H,2,4-6,8,10,13-14,16H2,1H3	null	CCC=CCC1C=CC=CCCCCCCCC(=O)O1	5.9000001	23655270;91561143	COCONUT:(CNP0302923);Natural Products:(UNPD59307);PubChem:(23655270 91561143);SuperNatural:(SN00387370);PubMed	3178562
37	1	N/A	-182.2350731189429	C18H28O2	[M + H]+	AVKQYWUBGXNBCW	InChI=1S/C18H28O2/c1-2-3-4-5-6-7-8-9-16-10-12-17(13-11-16)19-14-18-15-20-18/h10-13,18H,2-9,14-15H2,1H3	ACMC-20aksx	CCCCCCCCCC1=CC=C(C=C1)OCC2CO2	6.19999981	61374;92168502;92168503	NORMAN:(NS00044155);PubChem class - safety and toxic;PubChem:(61374 92168502 92168503)	67371010
38	1	N/A	-189.2819560217208	C18H28O2	[M + H]+	WNISWKAEAPQCJQ	InChI=1S/C18H28O2/c1-2-3-4-5-6-7-8-11-16-12-9-10-13-18(16)20-15-17-14-19-17/h9-10,12-13,17H,2-8,11,14-15H2,1H3	((o-Nonylphenoxy)methyl)oxirane	CCCCCCCCCC1=CC=CC=C1OCC2CO2	6.19999981	5744287	PubChem:(5744287);NORMAN:(NS00065604)	262146
39	1	N/A	-194.28662073558772	C18H28O2	[M + H]+	FZRBKIRIBLNOAM	InChI=1S/C18H28O2/c1-6-13-20-18(19)14-17(5)12-8-11-16(4)10-7-9-15(2)3/h1,8,12,14-16H,7,9-11,13H2,2-5H3	Kinopren	CC(C)CCCC(C)CC=CC(=CC(=O)OCC#C)C	6.0	37852;6434236;9838482;18772461;76957736;93939550;125183200;134688560	NORMAN:(NS00004731);COCONUT:(CNP0320963);PubChem:(37852 6434236 9838482 18772461 76957736 93939550 125183200 134688560);CHEBI:(39243);additional;MeSH:(37852 6434236);KEGG:(C19042);PubChem class - safety and toxic;Training Set;PubMed	70009190
40	1	N/A	-197.59501132076755	C18H28O2	[M + H]+	WXTWOJBDAKYXLP	InChI=1S/C18H28O2/c1-13-6-5-7-15(10-11-20-14(2)19)16-12-18(3,4)17(16)9-8-13/h6-7,16-17H,5,8-12H2,1-4H3	2-(6,10,10-Trimethylbicyclo(7.2.0)undeca-2,5-dien-2-yl)ethyl acetate	CC1=CCC=C(C2CC(C2CC1)(C)C)CCOC(=O)C	4.19999981	166399;6441362	PubChem:(166399 6441362);NORMAN:(NS00059118)	262146
41	1	N/A	-207.43571303682924	C18H28O2	[M + H]+	ZLNHKBABSKKKMS	InChI=1S/C18H28O2/c1-15(2)8-7-9-16(3)12-13-20-18(19)14-17-10-5-4-6-11-17/h4-6,10-11,15-16H,7-9,12-14H2,1-3H3	3,7-Dimethyloctyl phenylacetate	CC(C)CCCC(C)CCOC(=O)CC1=CC=CC=C1	5.47732687	106936	PubChem:(106936);NORMAN:(NS00055801)	262146
42	1	N/A	-209.13205575211032	C18H28O2	[M + H]+	LQWPEACAJAMZQF	InChI=1S/C18H28O2/c1-2-3-4-5-6-7-8-9-10-11-18(20)16-12-14-17(19)15-13-16/h12-15,19H,2-11H2,1H3	4''-Hydroxydodecanophenone	CCCCCCCCCCCC(=O)C1=CC=C(C=C1)O	6.4000001	585917	PubChem class - safety and toxic;PubChem:(585917);PubMed	67108930
43	1	N/A	-213.08188388239773	C18H28O2	[M + H]+	MPKOLWUWOADQCX	InChI=1S/C18H28O2/c1-4-7-9-14-17(18(19-5-2)20-6-3)15-16-12-10-8-11-13-16/h8,10-13,15,18H,4-7,9,14H2,1-3H3	2-Diethoxymethyl-1-phenylhept-1-ene	CCCCCC(=CC1=CC=CC=C1)C(OCC)OCC	5.5999999	108505;5875676;69333897	NORMAN:(NS00011960);PubChem class - safety and toxic;PubChem:(108505 5875676 69333897)	67371010
44	1	N/A	-220.94913246435078	C18H28O2	[M + H]+	CIUVHSRFRVWPDP	InChI=1S/C18H28O2/c1-4-5-6-7-8-9-10-11-12-13-14-18(3)15-16(2)17(19)20-18/h11-14H,2,4-10,15H2,1,3H3	Plakolide A	CCCCCCCCC=CC=CC1(CC(=C)C(=O)O1)C	6.19999981	641587;11608815;11437352;20979960	COCONUT:(CNP0161804);KNApSAcK:(43822);Natural Products:(UNPD27977);PubChem:(641587 11608815 11437352 20979960);SuperNatural:(SN00257023);MeSH:(641587);PubMed	3178582
45	1	N/A	-233.27844863797904	C18H28O2	[M + H]+	AQMKARDJTJSPIX	InChI=1S/C18H28O2/c1-12-5-7-14-13(11-12)6-8-15-17(14,2)9-4-10-18(15,3)16(19)20/h11-12,14-15H,4-10H2,1-3H3,(H,19,20)	1,4a,7-trimethyl-2,3,4,4b,5,6,7,9,10,10a-decahydrophenanthrene-1-carboxylic acid	CC1CCC2C(=C1)CCC3C2(CCCC3(C)C(=O)O)C	4.69999981	20744630;59078947	PubChem:(20744630 59078947);COCONUT:(CNP0086195)	2097154
46	1	N/A	-249.6495394262849	C18H28O2	[M + H]+	WHZFYNOZQWGAQX	InChI=1S/C18H28O2/c1-13-7-6-8-14(2)18(13,5)10-9-17(4)12-16(19)11-15(3)20-17/h7,11,14H,6,8-10,12H2,1-5H3	Sollasin E	CC1CCC=C(C1(C)CCC2(CC(=O)C=C(O2)C)C)C	4.0	9970696	COCONUT:(CNP0199401);Natural Products:(UNPD190101);PubChem:(9970696);SuperNatural:(SN00251572);PubMed	3178562
47	1	N/A	-251.15920828363207	C18H28O2	[M + H]+	QDMHHKINLKEGLI	InChI=1S/C18H28O2/c1-13-6-9-16-17(3,12-19)10-5-11-18(16,4)15(13)8-7-14(2)20/h7-8,15-16,19H,1,5-6,9-12H2,2-4H3	(E)-4-[(1S,4aR,5R,8aS)-5-(hydroxymethyl)-5,8a-dimethyl-2-methylidene-3,4,4a,6,7,8-hexahydro-1H-naphthalen-1-yl]but-3-en-2-one	CC(=O)C=CC1C(=C)CCC2C1(CCCC2(C)CO)C	3.5999999	10660117;21668712	COCONUT:(CNP0290410);Natural Products:(UNPD160458);PubChem:(10660117 21668712);SuperNatural:(SN00302470)	3178498
48	1	N/A	-265.5163844585562	C18H28O2	[M + H]+	QNEAJARGVHIUBG	InChI=1S/C18H28O2/c1-13(2)16-5-4-14(3)18(12-16)15-6-8-17(9-7-15)20-11-10-19/h6-9,13-14,16,18-19H,4-5,10-12H2,1-3H3	p-Menthanylphenyl polyoxyethylene ether	CC1CCC(CC1C2=CC=C(C=C2)OCCO)C(C)C	5.0	65408	MeSH:(65408);PubChem:(65408);PubMed	70
49	1	N/A	-267.5600418568868	C18H28O2	[M + H]+	CIUORYCGUNFGHQ	InChI=1S/C18H28O2/c1-12-6-8-18(5)13(2)10-15(20)11-16(18)17(12,4)9-7-14(3)19/h10,12,16H,6-9,11H2,1-5H3	null	CC1CCC2(C(C1(C)CCC(=O)C)CC(=O)C=C2C)C	3.4000001	12082660	COCONUT:(CNP0138342);Natural Products:(UNPD23941);PubChem:(12082660);SuperNatural:(SN00317671)	3178498
50	1	N/A	-267.56737054911815	C18H28O2	[M + H]+	WPKSHCKNVIUZMF	InChI=1S/C18H28O2/c1-2-3-4-5-6-7-8-9-10-11-16-12-13-17-18(14-16)20-15-19-17/h12-14H,2-11,15H2,1H3	5-undecyl-1,3-benzodioxole	CCCCCCCCCCCC1=CC2=C(C=C1)OCO2	6.64659023	5315124	COCONUT:(CNP0420488);PubChem:(5315124);SuperNatural:(SN00169033)	3145730
51	1	N/A	-272.7418085962829	C18H28O2	[M + H]+	MPZCKSXAXSTSKM	InChI=1S/C18H28O2/c1-6-16(19)18-14(9-11(2)3)10-13(5)15(18)8-7-12(4)17(18)20/h9,12-15H,6-8,10H2,1-5H3	Elisabethin C	CCC(=O)C12C(CCC(C1=O)C)C(CC2C=C(C)C)C	4.5	404630	COCONUT:(CNP0317714);Natural Products:(UNPD77708);PubChem:(404630);SuperNatural:(SN00295348)	3178498
52	1	N/A	-273.27147963361415	C18H28O2	[M + H]+	ZXXZNGHSKXHZPG	InChI=1S/C18H28O2/c1-6-18(19)20-15-7-12(4)16-9-14(11(2)3)10-17(16)13(5)8-15/h7,13,15-17H,6,8-10H2,1-5H3	1,2,3,3a,4,5,6,8a-Octahydro-2-isopropylidene-4,8-dimethylazulen-6-yl propionate	CCC(=O)OC1CC(C2CC(=C(C)C)CC2C(=C1)C)C	4.0	112053	PubChem:(112053);NORMAN:(NS00055297)	262146
53	1	N/A	-273.5187051296157	C18H28O2	[M + H]+	RHVBIEJVJWNXBU	InChI=1S/C18H28O2/c1-18-9-8-14-13-5-3-12(19)10-11(13)2-4-15(14)16(18)6-7-17(18)20/h11,13-17,20H,2-10H2,1H3	5-Dihydronandrolone	CC12CCC3C(C1CCC2O)CCC4C3CCC(=O)C4	3.62151814	528786;94202;6431251;10016319;12583590;10446172;18647774;21634212;45043609;44379952;57367043;71749000;125028276;125028277;125028278;124911649;124911650;124911651;124304530;124389375;131700612;131706906;134612757;133689027;131876283	COCONUT:(CNP0082294);HMDB:(62677);PubChem:(528786 94202 6431251 10016319 12583590 10446172 18647774 21634212 45043609 44379952 57367043 71749000 125028276 125028277 125028278 124911649 124911650 124911651 124304530 124389375 131700612 131706906 134612757 133689027 131876283);CHEBI:(87333);ZINC bio:(ZINC13546213);PubChem class - bio and metabolites;MeSH:(94202);PubMed;KEGG Mine	8608817262
54	1	N/A	-273.6322092802869	C18H28O2	[M + H]+	GKYMEBBVOZBYSE	InChI=1S/C18H28O2/c1-12(19)20-11-8-14-13-6-7-15-16(13)17(2,3)9-5-10-18(14,15)4/h8,13,15-16H,5-7,9-11H2,1-4H3	Acetoxymethyllongifolene	CC(=O)OCC=C1C2CCC3C2C(CCCC31C)(C)C	4.5999999	119610;6438170;20839056;101829421;122362178	PubChem:(119610 6438170 20839056 101829421 122362178);NORMAN:(NS00051166)	262146
55	1	N/A	-275.54220691380556	C18H28O2	[M + H]+	GKULZSGLUGVHKX	InChI=1S/C18H28O2/c1-9-15(19)20-16-13(17(3,4)5)10-12(2)11-14(16)18(6,7)8/h10-11H,9H2,1-8H3	(2,6-ditert-butyl-4-methylphenyl) propanoate	CCC(=O)OC1=C(C=C(C=C1C(C)(C)C)C)C(C)(C)C	5.9000001	5105672	PubChem:(5105672);PubChem class - safety and toxic	67108866
56	1	N/A	-276.7686339600102	C18H28O2	[M + H]+	IYOMABBTSBKXGO	InChI=1S/C18H28O2/c1-12-7-8-15-17(3,4)9-6-10-18(15,5)16(12)14(20)11-13(2)19/h7,11,15-16,20H,6,8-10H2,1-5H3	null	CC1=CCC2C(CCCC2(C1C(=CC(=O)C)O)C)(C)C	4.69999981	23427522	COCONUT:(CNP0158919);Natural Products:(UNPD173429);PubChem:(23427522);SuperNatural:(SN00394745)	3178498
57	1	N/A	-276.98383715680956	C18H28O2	[M + H]+	CMXKUJNZWYTFJN	InChI=1S/C18H28O2/c1-18-9-8-14-13-5-3-12(19)10-11(13)2-4-15(14)16(18)6-7-17(18)20/h10,12-17,19-20H,2-9H2,1H3	Estren	CC12CCC3C(C1CCC2O)CCC4=CC(CCC34)O	3.66244984	25440;9814176;9835303;9838481;9921701;9965410;11208152;10333689;16760418;29926901;29933827;45358333;57170420;69827784;69828246;71314186;124910848;124917069;131708155;134688474	COCONUT:(CNP0021647);PubChem:(25440 9814176 9835303 9838481 9921701 9965410 11208152 10333689 16760418 29926901 29933827 45358333 57170420 69827784 69828246 71314186 124910848 124917069 131708155 134688474);MeSH:(9835303 9921701 16760418 134688474);PubChem class - safety and toxic;PubMed;KEGG Mine	8659140678
58	1	N/A	-279.2628766706719	C18H28O2	[M + H]+	NDTDEVRGTYZRRA	InChI=1S/C18H28O2/c1-12-11-15(20)16-17(3,4)9-6-10-18(16,5)14(12)8-7-13(2)19/h11,14,16H,6-10H2,1-5H3	null	CC1=CC(=O)C2C(CCCC2(C1CCC(=O)C)C)(C)C	3.5	13392640;125113835	COCONUT:(CNP0287582);Natural Products:(UNPD83716);PubChem:(13392640 125113835);SuperNatural:(SN00328611)	3178498
59	1	N/A	-281.36673846550417	C18H28O2	[M + H]+	SJMCEMOUZGZCON	InChI=1S/C18H28O2/c1-6-8-15(9-7-2)18(19)20-17-12-14(5)10-11-16(17)13(3)4/h10-13,15H,6-9H2,1-5H3	Thymyl 2-propylvalerate	CCCC(CCC)C(=O)OC1=C(C=CC(=C1)C)C(C)C	6.17391491	207506	PubChem:(207506);PubChem class - safety and toxic	67108866
60	1	N/A	-283.405963363687	C18H28O2	[M + H]+	WKKCENUZQQZVOF	InChI=1S/C18H28O2/c1-12(19)20-11-13-6-8-16(2,3)18-9-7-14(10-18)17(4,5)15(13)18/h14H,6-11H2,1-5H3	(2S)-1,3,4,5,6,7-Hexahydro-1,1,5,5-tetramethyl-2H-2,4a-methanonaphthalene-8-methyl acetate	CC(=O)OCC1=C2C(C3CCC2(C3)C(CC1)(C)C)(C)C	4.30000019	112745;14543882;92256470	PubChem:(112745 14543882 92256470);NORMAN:(NS00012554)	262146
61	1	N/A	-283.5001602745243	C18H28O2	[M + H]+	UOUIARGWRPHDBX	InChI=1S/C18H28O2/c1-18-9-8-14-13-5-3-12(19)10-11(13)2-4-15(14)16(18)6-7-17(18)20/h11-16,19H,2-10H2,1H3	19-Norandrosterone	CC12CCC3C4CCC(CC4CCC3C1CCC2=O)O	3.90909338	623875;128251;9548753;10891128;10016318;14009228;14009229;14009230;11778226;10446174;16679839;16679840;22795659;54364458;54364459;54364460;57507587;78319060;76333108;91011246;90349978;90350332;91193835;129850004;132049754;131878458	HMDB:(2697 5886);SuperNatural:(SN00320673 SN00284359);ZINC bio:(ZINC06067691 ZINC06067693);additional;MeSH:(128251 9548753 14009228);PubMed;NORMAN:(NS00010272);COCONUT:(CNP0258694);Natural Products:(UNPD38937 UNPD148438);PubChem:(623875 128251 9548753 10891128 10016318 14009228 14009229 14009230 11778226 10446174 16679839 16679840 22795659 54364458 54364459 54364460 57507587 78319060 76333108 91011246 90349978 90350332 91193835 129850004 132049754 131878458);CHEBI:(36412);PubChem class - bio and metabolites;Training Set;KEGG Mine	8610701422
62	1	N/A	-288.3834479978922	C18H28O2	[M + H]+	IUDMBDWVRIJRDE	InChI=1S/C18H28O2/c1-6-8-15(9-7-2)18(19)20-17-12-16(13(3)4)11-10-14(17)5/h10-13,15H,6-9H2,1-5H3	Carvacryl 2-propylvalerate	CCCC(CCC)C(=O)OC1=C(C=CC(=C1)C(C)C)C	6.0	207507	PubChem:(207507);PubChem class - safety and toxic	67108866
63	1	N/A	-297.4821638588254	C18H28O2	[M + H]+	ANPXCNWSCGYEMA	InChI=1S/C18H28O2/c1-11(19)20-10-12-6-7-15(2,3)17-9-13-8-14(17)18(12,17)16(13,4)5/h12-14H,6-10H2,1-5H3	(7,7,8,8-tetramethyloctahydro-2,3b-methanocyclopenta[1,3]cyclopropa[1,2]benzen-4-yl)methyl acetate	CC(=O)OCC1CCC(C23C14C2CC(C3)C4(C)C)(C)C	4.5999999	100938;91747171	NORMAN:(NS00013070);PubChem class - safety and toxic;PubChem:(100938 91747171)	67371010
64	1	N/A	-302.7371233132063	C18H28O2	[M + H]+	VVUQRXPUVKXAIO	InChI=1S/C18H28O2/c1-18-9-8-14-13-5-3-12(19)10-11(13)2-4-15(14)16(18)6-7-17(18)20/h2,12-17,19-20H,3-10H2,1H3	D5-Estrene-3b,17b-diol	CC12CCC3C4CCC(CC4=CCC3C1CCC2O)O	2.79999995	9814178;9856842;9878705;9900246;23623203;23297355;68208504;89732700	COCONUT:(CNP0322798);HMDB:(4590);PubChem:(9814178 9856842 9878705 9900246 23623203 23297355 68208504 89732700);SuperNatural:(SN00216348);CHEBI:(138778);ZINC bio:(ZINC12496354);PubChem class - bio and metabolites;PubMed	19931242
65	1	N/A	-304.9637134801773	C18H28O2	[M + H]+	ACKYYVOKVMZDCL	InChI=1S/C18H28O2/c1-12(19)7-8-14-13(2)15(20)11-16-17(3,4)9-6-10-18(14,16)5/h16H,6-11H2,1-5H3	3,4a,8,8-tetramethyl-4-(3-oxobutyl)-5,6,7,8a-tetrahydro-1H-naphthalen-2-one	CC1=C(C2(CCCC(C2CC1=O)(C)C)C)CCC(=O)C	3.5999999	5163755;53297879	COCONUT:(CNP0237213);Natural Products:(UNPD18978);PubChem:(5163755 53297879);SuperNatural:(SN00347509)	3178498
66	1	N/A	-306.8127498804554	C18H28O2	[M + H]+	IBHQSODTBQCZDA	InChI=1S/C18H28O2/c1-18-9-8-14-13-5-3-12(19)10-11(13)2-4-15(14)16(18)6-7-17(18)20/h12,14-17,19-20H,2-10H2,1H3	3,17-Dihydroxy-5-estrene	CC12CCC3C(C1CCC2O)CCC4=C3CCC(C4)O	2.5999999	21093;57138;9814177;9878704;9921702;9943497;23618367;23623204;57369713;69853429;124225454;124225455;124225456;124306204;131700533;131706107;133688148;134688584	MeSH:(57138 9814177 23623204);PubChem:(21093 57138 9814177 9878704 9921702 9943497 23618367 23623204 57369713 69853429 124225454 124225455 124225456 124306204 131700533 131706107 133688148 134688584);PubMed;KEGG Mine	8589934662
67	1	N/A	-309.2736700297113	C18H28O2	[M + H]+	RMZUHPQNJVYTSB	InChI=1S/C18H28O2/c1-13(2)10-19-12-16(6)17-8-7-15(5)9-18(17)20-11-14(3)4/h7-9,13-14H,6,10-12H2,1-5H3	null	CC1=CC(=C(C=C1)C(=C)COCC(C)C)OCC(C)C	4.97226667	""	COCONUT:(CNP0137108);Natural Products:(UNPD195137)	2129920
68	1	N/A	-309.7904062352023	C18H28O2	[M + H]+	IMRRTMCIGNGCAG	InChI=1S/C18H28O2/c1-12-15-10-14-8-7-13(6-4-5-9-19)18(15,11-16(12)20)17(14,2)3/h13-14,19H,4-11H2,1-3H3	null	CC1=C2CC3CCC(C2(C3(C)C)CC1=O)CCCCO	3.85569143	""	COCONUT:(CNP0094892);SuperNatural:(SN00171041)	3145728
69	1	N/A	-317.06408490858155	C18H28O2	[M + H]+	IJDSUFQMYUARCQ	InChI=1S/C18H28O2/c1-15(2)6-12-7-17(5)9-16(3,4)10-18(20,11-17)14(12)13(19)8-15/h20H,6-11H2,1-5H3	Diisophorone	CC1(CC2=C(C(=O)C1)C3(CC(CC(C2)(C3)C)(C)C)O)C	3.20000005	609628;825365;825366;825367;825368	MeSH:(609628);PubChem:(609628 825365 825366 825367 825368);PubMed	70
70	1	N/A	-322.88118050311823	C18H28O2	[M + H]+	SJERAYZFFRGWJK	InChI=1S/C18H28O2/c1-11-13-4-3-12-9-18(2,17-10-20-17)8-7-14(12)15(13)5-6-16(11)19/h12-17,19H,1,3-10H2,2H3	null	CC1(CCC2C(C1)CCC3C2CCC(C3=C)O)C4CO4	3.4000001	134716632	PubChem:(134716632);CHEBI:(141820)	34
71	1	N/A	-325.45362894042626	C18H28O2	[M + H]+	FFYQDBBQFAYIDR	InChI=1S/C18H28O2/c1-10-7-6-8-14-9-11(2)17(18(5)13(4)20-18)16(12(3)19)15(10)14/h9-10,13-17H,6-8H2,1-5H3	null	CC1CCCC2C1C(C(C(=C2)C)C3(C(O3)C)C)C(=O)C	3.29999995	132594644	PubChem:(132594644);COCONUT:(CNP0282602)	2097154
72	1	N/A	-334.81089734661464	C18H28O2	[M + H]+	BUWRZRKJRCFAGA	InChI=1S/C18H28O2/c1-13(7-6-8-14(2)19)9-10-16-15(3)17(20)11-12-18(16,4)5/h7,9-10,14,19H,6,8,11-12H2,1-5H3	null	CC1=C(C(CCC1=O)(C)C)C=CC(=CCCC(C)O)C	4.0	44521071	COCONUT:(CNP0214104);Natural Products:(UNPD122185 UNPD154187);PubChem:(44521071);SuperNatural:(SN00327936 SN00232642)	3178498
73	1	N/A	-400.18457136951247	C18H28O2	[M + H]+	APKNJXZVSIVSTO	InChI=1S/C18H28O2/c1-15(2)14-12-7-8-13-6-5-9-17(13,14)18(19,11-20-4)16(15,3)10-12/h7-8,12-14,19H,5-6,9-11H2,1-4H3	null	CC1(C2C3CC1(C(C24CCCC4C=C3)(COC)O)C)C	2.98123026	""	COCONUT:(CNP0087797);SuperNatural:(SN00170141)	3145728