structureRankPerFormula	formulaRank	ConfidenceScore	CSI:FingerIDScore	molecularFormula	adduct	InChIkey2D	InChI	name	smiles	xlogp	pubchemids	links	dbflags
1	1	N/A	-104.69930185574634	C11H16O6	[M - H2O + H]+	GIZSHQYTTBQKOQ	InChI=1S/C11H16O6/c1-16-8-3-6(10(14)7(13)5-12)4-9(17-2)11(8)15/h3-4,7,10,12-15H,5H2,1-2H3	(1R,2R)-1-(4-hydroxy-3,5-dimethoxyphenyl)propane-1,2,3-triol	COC1=CC(=CC(=C1O)OC)C(C(CO)O)O	-0.600000024	14237629;14237630;14237631;75492726;122187152	COCONUT:(CNP0137029);HMDB:(31237);Natural Products:(UNPD142714 UNPD153697 UNPD156230);PubChem:(14237629 14237630 14237631 75492726 122187152);SuperNatural:(SN00306809 SN00333728 SN00335433);PubChem class - bio and metabolites;PubMed	19955786
2	1	N/A	-169.87132076685748	C11H16O6	[M - H2O + H]+	LJJMDCNKKJRLBW	InChI=1S/C11H16O6/c1-7(12)4-10(14)16-6-9(3)17-11(15)5-8(2)13/h9H,4-6H2,1-3H3	Propylene diacetoacetate	CC(COC(=O)CC(=O)C)OC(=O)CC(=O)C	0.100000001	110763	PubChem:(110763);NORMAN:(NS00045011)	262146
3	1	N/A	-227.37878564661813	C11H16O6	[M - H2O + H]+	TWOYHFIJNHPEEO	InChI=1S/C11H16O6/c1-5(2)11(16)17-10-6(4-12)3-7(13)8(14)9(10)15/h3-5,7-10,13-15H,1-2H3	Rancinamycin IA	CC(C)C(=O)OC1C(C(C(C=C1C=O)O)O)O	-1.29999995	71438887;76965488;76965489;76965490;76965491;76965492;76965493;76965494;76965495;76965496;76965497;76965498;76965499;76965500;76965501;76965502;76965503	COCONUT:(CNP0174125);Natural Products:(UNPD186207);PubChem:(71438887 76965488 76965489 76965490 76965491 76965492 76965493 76965494 76965495 76965496 76965497 76965498 76965499 76965500 76965501 76965502 76965503);SuperNatural:(SN00404808)	3178498
4	1	N/A	-239.7658313775096	C11H16O6	[M - H2O + H]+	CQHKDHVZYZUZMJ	InChI=1S/C11H16O6/c1-3-9(14)16-7-11(5-12,6-13)8-17-10(15)4-2/h3-4,12-13H,1-2,5-8H2	2,2-Bis(hydroxymethyl)-1,3-propanediyl diacrylate	C=CC(=O)OCC(CO)(CO)COC(=O)C=C	-0.100000001	93284	PubChem:(93284);NORMAN:(NS00059406)	262146
5	1	N/A	-243.2755432665699	C11H16O6	[M - H2O + H]+	FJEOWKWJJXFJGT	InChI=1S/C11H16O6/c12-9(13)5-3-1-2-4-8(11(16)17)6-7-10(14)15/h6H,1-5,7H2,(H,12,13)(H,14,15)(H,16,17)	null	C(CCC(=CCC(=O)O)C(=O)O)CCC(=O)O	0.899999976	101893001	PubChem:(101893001);COCONUT:(CNP0399379)	2097154
6	1	N/A	-244.10265872493082	C11H16O6	[M - H2O + H]+	QSJRAVMNJQBBCD	InChI=1S/C11H16O6/c1-7(6-16-8(2)12)10(17-9(3)13)5-11(14)15-4/h10H,1,5-6H2,2-4H3	methyl 3-acetyloxy-4-(acetyloxymethyl)pent-4-enoate	CC(=O)OCC(=C)C(CC(=O)OC)OC(=O)C	0.600000024	21637499	COCONUT:(CNP0192691);Natural Products:(UNPD115228);PubChem:(21637499);SuperNatural:(SN00378792)	3178498
7	1	N/A	-247.17637526834363	C11H16O6	[M - H2O + H]+	DFYGVGBRRIMUSH	InChI=1S/C11H16O6/c1-3-17-9(12)6-4-5-8(11(15)16)7(2)10(13)14/h8H,2-6H2,1H3,(H,13,14)(H,15,16)	null	CCOC(=O)CCCC(C(=C)C(=O)O)C(=O)O	0.800000012	23652019	COCONUT:(CNP0228794);KNApSAcK:(32300);Natural Products:(UNPD103871);PubChem:(23652019);SuperNatural:(SN00259489);CHEBI:(133828)	3178546
8	1	N/A	-251.73847771994548	C11H16O6	[M - H2O + H]+	OUTLGHADESIIQU	InChI=1S/C11H16O6/c1-2-3-8(14)17-11-6(5-12)4-7(13)9(15)10(11)16/h4-5,7,9-11,13,15-16H,2-3H2,1H3	Rancinamycin IB	CCCC(=O)OC1C(C(C(C=C1C=O)O)O)O	-1.5	71587211;76968275;76968276;76968277;76968278;76968279;76968280;76968281;76968282;76968283;76968284;76968285;76968286;76968287;76968288;76968289;76968290	COCONUT:(CNP0231023);Natural Products:(UNPD146921);PubChem:(71587211 76968275 76968276 76968277 76968278 76968279 76968280 76968281 76968282 76968283 76968284 76968285 76968286 76968287 76968288 76968289 76968290);SuperNatural:(SN00333597)	3178498
9	1	N/A	-263.749345914583	C11H16O6	[M - H2O + H]+	LQQPRBZJTPLMFL	InChI=1S/C11H16O6/c1-7(12)16-4-3-9(13)10-5-8(15-2)6-11(14)17-10/h6,9-10,13H,3-5H2,1-2H3	null	CC(=O)OCCC(C1CC(=CC(=O)O1)OC)O	0.100000001	57409273	PubChem:(57409273);COCONUT:(CNP0354228)	2097154
10	1	N/A	-271.7886528866077	C11H16O6	[M - H2O + H]+	MDFIHAYHEBXNCC	InChI=1S/C11H16O6/c1-7(10(13)14)8(11(15)17-3)5-4-6-9(12)16-2/h8H,1,4-6H2,2-3H3,(H,13,14)	null	COC(=O)CCCC(C(=C)C(=O)O)C(=O)OC	0.800000012	23651872	COCONUT:(CNP0325392);KNApSAcK:(32299);Natural Products:(UNPD88070);PubChem:(23651872);SuperNatural:(SN00361817);CHEBI:(133826)	3178546
11	1	N/A	-306.6523426483075	C11H16O6	[M - H2O + H]+	OBLNJNBQSMDQKK	InChI=1S/C11H16O6/c1-11(15)3-6(12)7-5(9(13)16-2)4-17-10(14)8(7)11/h5-8,12,15H,3-4H2,1-2H3	null	CC1(CC(C2C1C(=O)OCC2C(=O)OC)O)O	-0.471202582	""	COCONUT:(CNP0330790);Natural Products:(UNPD95412);SuperNatural:(SN00288678)	3178496
12	1	N/A	-329.14539754984906	C11H16O6	[M - H2O + H]+	GGZSQSUXBPYCHQ	InChI=1S/C11H16O6/c1-11(15)3-6(12)7-5(9(13)16-2)4-17-10(14)8(7)11/h4,6-8,10,12,14-15H,3H2,1-2H3	null	CC1(CC(C2C1C(OC=C2C(=O)OC)O)O)O	-1.0	25026345;59869282	COCONUT:(CNP0161950);Natural Products:(UNPD19875 UNPD88022);PubChem:(25026345 59869282);SuperNatural:(SN00348735 SN00366927);PubMed	3178562
13	1	N/A	-340.30005655317814	C11H16O6	[M - H2O + H]+	SPCTWPHFTWRLDN	InChI=1S/C11H16O6/c1-11(2)3-4(12)5-6(13)7(14)8(15)9(16)10(5)17-11/h6-9,13-16H,3H2,1-2H3	null	CC1(CC(=O)C2=C(O1)C(C(C(C2O)O)O)O)C	-2.5999999	46844819	COCONUT:(CNP0138571);Natural Products:(UNPD49937);PubChem:(46844819);SuperNatural:(SN00253805)	3178498
14	1	N/A	-388.9083621616933	C11H16O6	[M - H2O + H]+	SSQDVZRGTBAQBK	InChI=1S/C11H16O6/c1-14-7-5-11(16-3)6(4-8(12)17-11)9(13)10(7)15-2/h4,7,9-10,13H,5H2,1-3H3	(4R,5S,6S,7aR)-4-hydroxy-5,6,7a-trimethoxy-4,5,6,7-tetrahydro-1-benzofuran-2-one	COC1CC2(C(=CC(=O)O2)C(C1OC)O)OC	-1.29999995	60201870	COCONUT:(CNP0314665);Natural Products:(UNPD210166);PubChem:(60201870)	2129922
1	1	0.5746611555905017	-33.18056589796198	C11H14O5	[M + H]+	WKUVKFZZCHINKG	InChI=1S/C11H14O5/c1-4-16-11(13)7-5-8(14-2)10(12)9(6-7)15-3/h5-6,12H,4H2,1-3H3	Ethyl syringate	CCOC(=O)C1=CC(=C(C(=C1)OC)O)OC	1.71220243	19845	COCONUT:(CNP0347614);PubChem:(19845);additional;PubChem class - safety and toxic;Training Set;PubMed	69746754
2	1	N/A	-84.20468685328083	C11H14O5	[M + H]+	KACHFMOHOPLTNX	InChI=1S/C11H14O5/c1-13-8-5-7(11(12)16-4)6-9(14-2)10(8)15-3/h5-6H,1-4H3	Methyl tri-O-methylgallate	COC1=CC(=CC(=C1OC)OC)C(=O)OC	1.70000005	15956;10847040;131866591	NORMAN:(NS00026249);COCONUT:(CNP0143799);Natural Products:(UNPD18775);PubChem:(15956 10847040 131866591);SuperNatural:(SN00117001);ZINC bio:(ZINC00057165);PubChem class - safety and toxic;PubMed	70557762
3	1	N/A	-97.74720340875447	C11H14O5	[M + H]+	IJMJUSXUKHSNJO	InChI=1S/C11H14O5/c1-4-16-10-8(14-2)5-7(11(12)13)6-9(10)15-3/h5-6H,4H2,1-3H3,(H,12,13)	Benzoic acid, 4-ethoxy-3,5-dimethoxy-	CCOC1=C(C=C(C=C1OC)C(=O)O)OC	1.71220243	13642510	COCONUT:(CNP0195022);Natural Products:(UNPD175303);PubChem:(13642510)	2129922
4	1	N/A	-98.6599836279719	C11H14O5	[M + H]+	LQLIWGLJAHTMMY	InChI=1S/C11H14O5/c1-7(12)16-11-9(14-3)5-8(13-2)6-10(11)15-4/h5-6H,1-4H3	null	CC(=O)OC1=C(C=C(C=C1OC)OC)OC	1.60000002	68597137	COCONUT:(CNP0176096);HMDB:(41560);Natural Products:(UNPD150341);PubChem:(68597137);SuperNatural:(SN00240397);ZINC bio:(ZINC13376124);PubChem class - bio and metabolites	19963914
5	1	N/A	-99.88561164434107	C11H14O5	[M + H]+	ASPRESJSDRJZBN	InChI=1S/C11H14O5/c1-7(12)16-8-5-9(13-2)11(15-4)10(6-8)14-3/h5-6H,1-4H3	3,4,5-trimethoxyphenyl acetate	CC(=O)OC1=CC(=C(C(=C1)OC)OC)OC	1.60000002	276280	COCONUT:(CNP0105757);HMDB:(31722);Natural Products:(UNPD4396);PubChem:(276280);SuperNatural:(SN00391005);ZINC bio:(ZINC01713247);PubChem class - bio and metabolites;Training Set	19980298
6	1	N/A	-102.54956786769783	C11H14O5	[M + H]+	DDSJXCGGOXKGSJ	InChI=1S/C11H14O5/c1-14-8-4-7(6-10(12)13)5-9(15-2)11(8)16-3/h4-5H,6H2,1-3H3,(H,12,13)	Oprea1_468323	COC1=CC(=CC(=C1OC)OC)CC(=O)O	1.44280112	70372;3288608;118856164	NORMAN:(NS00040438);PubChem:(70372 3288608 118856164);CHEBI:(125676);MeSH:(70372);PubChem class - safety and toxic;PubMed	67371110
7	1	N/A	-103.285695317669	C11H14O5	[M + H]+	CEARZEQLIHOYSV	InChI=1S/C11H14O5/c1-13-7-5-8(14-2)10(11(12)16-4)9(6-7)15-3/h5-6H,1-4H3	methyl 2,4,6-trimethoxybenzoate	COC1=CC(=C(C(=C1)OC)C(=O)OC)OC	1.70000005	289740	PubChem class - safety and toxic;PubChem:(289740);PubMed;ZINC bio:(ZINC00394568)	67117122
8	1	N/A	-106.09812243442921	C11H14O5	[M + H]+	BPPVOXVSMSXBEI	InChI=1S/C11H14O5/c1-15-8-5-7(3-4-10(12)13)6-9(16-2)11(8)14/h5-6,14H,3-4H2,1-2H3,(H,12,13)	Ambap14897-78-0	COC1=CC(=CC(=C1O)OC)CCC(=O)O	1.29999995	84681	NORMAN:(NS00024875);COCONUT:(CNP0251351);HMDB:(41727);Natural Products:(UNPD75879);PubChem:(84681);PubChem class - bio and metabolites;MeSH:(84681);PubMed;KEGG Mine	8609103950
9	1	N/A	-122.24332124291087	C11H14O5	[M + H]+	UVJGEUFORIIASL	InChI=1S/C11H14O5/c1-13-8-5-7(6-12)9(14-2)11(16-4)10(8)15-3/h5-6H,1-4H3	2,3,4,5-tetramethoxybenzaldehyde	COC1=C(C(=C(C(=C1)C=O)OC)OC)OC	1.29999995	639412	COCONUT:(CNP0078246);MeSH:(639412);PubChem:(639412);PubMed;ZINC bio:(ZINC14725475)	2105414
10	1	N/A	-124.56674130281714	C11H14O5	[M + H]+	XVJDJIVBWDQELV	InChI=1S/C11H14O5/c1-14-7-4-9(15-2)8(6-11(12)13)10(5-7)16-3/h4-5H,6H2,1-3H3,(H,12,13)	ACMC-20aoet	COC1=CC(=C(C(=C1)OC)CC(=O)O)OC	1.29999995	5243473;41097331	PubChem:(5243473 41097331);PubChem class - safety and toxic	67108866
11	1	N/A	-130.85913783964477	C11H14O5	[M + H]+	UCLHVCFKZSLALE	InChI=1S/C11H14O5/c1-6(2)5-16-11(15)7-3-8(12)10(14)9(13)4-7/h3-4,6,12-14H,5H2,1-2H3	Ambap3856-05-1	CC(C)COC(=O)C1=CC(=C(C(=C1)O)O)O	1.57159913	77464	NORMAN:(NS00044973);COCONUT:(CNP0400586);PubChem:(77464);SuperNatural:(SN00143279);ZINC bio:(ZINC01729187);MeSH:(77464);PubMed	3416134
12	1	N/A	-131.34124668310244	C11H14O5	[M + H]+	TVPGKWGQPSIRLU	InChI=1S/C11H14O5/c1-3-16-11(14)10(13)7-4-5-9(15-2)8(12)6-7/h4-6,10,12-13H,3H2,1-2H3	Isovanilmandelic acid-ethyl ester	CCOC(=O)C(C1=CC(=C(C=C1)OC)O)O	1.10000002	12569542;93514796;93514797	PubChem:(12569542 93514796 93514797);PubChem class - safety and toxic	67108866
13	1	N/A	-135.08650643536572	C11H14O5	[M + H]+	HBOJXVDFLHJNLK	InChI=1S/C11H14O5/c1-6(12)10(13)7-4-8(15-2)11(14)9(5-7)16-3/h4-6,12,14H,1-3H3	1-Propanone, 2-hydroxy-1-(4-hydroxy-3,5-dimethoxyphenyl)-	CC(C(=O)C1=CC(=C(C(=C1)OC)O)OC)O	1.1531533	14123045	COCONUT:(CNP0205648);Natural Products:(UNPD141045);PubChem:(14123045);SuperNatural:(SN00324744)	3178498
14	1	N/A	-136.2078100332058	C11H14O5	[M + H]+	SISNFIMJZCCPLD	InChI=1S/C11H14O5/c1-6(12)10(13)7-3-8(14-2)11-9(4-7)15-5-16-11/h3-4,6,10,12-13H,5H2,1-2H3	1,2-Propanediol, 1-(7-methoxy-1,3-benzodioxol-5-yl)-, (1R,2S)-	CC(C(C1=CC2=C(C(=C1)OC)OCO2)O)O	0.600000024	71408272;102179926	PubChem:(71408272 102179926);COCONUT:(CNP0156304)	2097154
15	1	N/A	-136.74519588627723	C11H14O5	[M + H]+	XOPOEBVTQYAOSV	InChI=1S/C11H14O5/c1-2-3-4-16-11(15)7-5-8(12)10(14)9(13)6-7/h5-6,12-14H,2-4H2,1H3	n-Butyl gallate	CCCCOC(=O)C1=CC(=C(C(=C1)O)O)O	1.79117084	14128	NORMAN:(NS00023498);COCONUT:(CNP0168219);PubChem:(14128);SuperNatural:(SN00143277);ZINC bio:(ZINC01665979);MeSH:(14128);PubChem class - safety and toxic;PubMed	70524998
16	1	N/A	-137.69234449871772	C11H14O5	[M + H]+	IULDMOXKVBKTBV	InChI=1S/C11H14O5/c1-7-10(15-2)8(6-13)9(4-3-5-12)16-11(7)14/h3-4,12-13H,5-6H2,1-2H3	null	CC1=C(C(=C(OC1=O)C=CCO)CO)OC	-0.699999988	10059573	COCONUT:(CNP0172236);KNApSAcK:(24189);Natural Products:(UNPD126000);PubChem:(10059573);SuperNatural:(SN00360634)	3178514
17	1	N/A	-138.46959636065466	C11H14O5	[M + H]+	WCSOSFHNBSGWPA	InChI=1S/C11H14O5/c1-6(7(2)13)11-8(5-12)9(15-3)4-10(14)16-11/h4,7,12-13H,1,5H2,2-3H3	null	CC(C(=C)C1=C(C(=CC(=O)O1)OC)CO)O	-0.300000012	51136320;52316412	COCONUT:(CNP0357642);PubChem:(51136320 52316412);SuperNatural:(SN00039219 SN00039220);ZINC bio:(ZINC49181811 ZINC49181814)	3153922
18	1	N/A	-140.01414115338508	C11H14O5	[M + H]+	ITJDLAGYSXNWNW	InChI=1S/C11H14O5/c1-3-15-11(13)16-7-8-4-5-9(12)10(6-8)14-2/h4-6,12H,3,7H2,1-2H3	ethyl (4-hydroxy-3-methoxyphenyl)methyl carbonate	CCOC(=O)OCC1=CC(=C(C=C1)O)OC	2.0	21119044	PubChem:(21119044);NORMAN:(NS00065725)	262146
19	1	N/A	-140.54639409726593	C11H14O5	[M + H]+	DGBMMVBFYMZWHX	InChI=1S/C11H14O5/c1-3-7(5-12)11-8(6-13)9(15-2)4-10(14)16-11/h3-4,12-13H,5-6H2,1-2H3	null	CC=C(CO)C1=C(C(=CC(=O)O1)OC)CO	-0.5	51039177;51039178	COCONUT:(CNP0082634);PubChem:(51039177 51039178);CHEBI:(68766 68767)	2097186
20	1	N/A	-141.08042119565047	C11H14O5	[M + H]+	UHOAHNLBCNGCHE	InChI=1S/C11H14O5/c1-15-9-5-7(8(13)3-4-12)6-10(16-2)11(9)14/h5-6,12,14H,3-4H2,1-2H3	3-Hydroxy-1-(4-hydroxy-3,5-dimethoxyphenyl)propan-1-one	COC1=CC(=CC(=C1O)OC)C(=O)CCO	0.868261218	54353627	COCONUT:(CNP0249590);Natural Products:(UNPD11149);PubChem:(54353627);SuperNatural:(SN00158728);ZINC bio:(ZINC14511220);PubMed	3186754
21	1	N/A	-143.22505824255194	C11H14O5	[M + H]+	CJSXFEKGRAQPTL	InChI=1S/C11H14O5/c1-15-9-4-7(3-8(13)6-12)5-10(16-2)11(9)14/h4-5,12,14H,3,6H2,1-2H3	2-Propanone, 1-hydroxy-3-(4-hydroxy-3,5-dimethoxyphenyl)-	COC1=CC(=CC(=C1O)OC)CC(=O)CO	0.5	14008908	COCONUT:(CNP0252781);Natural Products:(UNPD179192);PubChem:(14008908)	2129922
22	1	N/A	-147.03195771576446	C11H14O5	[M + H]+	PBMYJAUUTMLHCA	InChI=1S/C11H14O5/c1-14-8-4-7(5-10(12)13)11(16-3)9(6-8)15-2/h4,6H,5H2,1-3H3,(H,12,13)	null	COC1=CC(=C(C(=C1)OC)OC)CC(=O)O	1.29999995	83892492	COCONUT:(CNP0307094);Natural Products:(UNPD64419);PubChem:(83892492)	2129922
23	1	N/A	-150.05337009429888	C11H14O5	[M + H]+	WKGYQHYYELHOBX	InChI=1S/C11H14O5/c1-14-6-9(13)11-8(12)4-7(15-2)5-10(11)16-3/h4-5,12H,6H2,1-3H3	1-(2-hydroxy-4,6-dimethoxyphenyl)-2-methoxyethan-1-one	COCC(=O)C1=C(C=C(C=C1OC)OC)O	1.60000002	10846850	COCONUT:(CNP0155547);Training Set;PubChem:(10846850)	2113538
24	1	N/A	-151.37095712075745	C11H14O5	[M + H]+	DAXAJRFIWMHFIP	InChI=1S/C11H14O5/c1-14-8-4-7(6-12)10(11(13)16-3)9(5-8)15-2/h4-5,12H,6H2,1-3H3	null	COC1=CC(=C(C(=C1)CO)C(=O)OC)OC	1.24590409	""	COCONUT:(CNP0247823);Natural Products:(UNPD153868);SuperNatural:(SN00363688)	3178496
25	1	N/A	-153.26198103598867	C11H14O5	[M + H]+	WLTFZNFPHXCIAO	InChI=1S/C11H14O5/c1-6(12)9-7(14-2)5-8(15-3)11(16-4)10(9)13/h5,13H,1-4H3	2-Hydroxy-3,4,6-trimethoxyacetophenone	CC(=O)C1=C(C(=C(C=C1OC)OC)OC)O	1.70000005	344492	COCONUT:(CNP0051152);Natural Products:(UNPD80644);PubChem:(344492);SuperNatural:(SN00267040);ZINC bio:(ZINC01594122);PubChem class - safety and toxic	70295554
26	1	N/A	-160.8902660230893	C11H14O5	[M + H]+	OGXXOFURFAHPLQ	InChI=1S/C11H14O5/c1-3-4-9-7(5-12)10(15-2)8(6-13)11(14)16-9/h3-4,12-13H,5-6H2,1-2H3	null	CC=CC1=C(C(=C(C(=O)O1)CO)OC)CO	-0.200000003	10799242	COCONUT:(CNP0213099);Natural Products:(UNPD84095);PubChem:(10799242);SuperNatural:(SN00361984)	3178498
27	1	N/A	-160.89165760892877	C11H14O5	[M + H]+	NXDGLHJHHJJTSZ	InChI=1S/C11H14O5/c1-6(12)4-8(13)11-7(2)16-10(14)5-9(11)15-3/h5-6,12H,4H2,1-3H3	Pyrenocin B	CC1=C(C(=CC(=O)O1)OC)C(=O)CC(C)O	-0.100000001	155735	COCONUT:(CNP0376677);KNApSAcK:(542);Natural Products:(UNPD123813);PubChem:(155735);SuperNatural:(SN00375593);MeSH:(155735);PubMed	3178582
28	1	N/A	-164.4842929602209	C11H14O5	[M + H]+	GEBWXMCCQWXQLP	InChI=1S/C11H14O5/c1-15-10-6-7(8(13)3-4-12)5-9(14)11(10)16-2/h5-6,12,14H,3-4H2,1-2H3	null	COC1=CC(=CC(=C1OC)O)C(=O)CCO	0.400000006	57409879	COCONUT:(CNP0126136);Natural Products:(UNPD222655);PubChem:(57409879)	2129922
29	1	N/A	-169.81197727125706	C11H14O5	[M + H]+	ZMWCKCLDAQWIDA	InChI=1S/C11H14O5/c1-14-8-5-4-7(6-9(12)13)10(15-2)11(8)16-3/h4-5H,6H2,1-3H3,(H,12,13)	2-(2,3,4-trimethoxyphenyl)acetate	COC1=C(C(=C(C=C1)CC(=O)O)OC)OC	1.44280112	89727;6931292	NORMAN:(NS00027195);PubChem class - safety and toxic;PubChem:(89727 6931292)	67371010
30	1	N/A	-171.50753097082782	C11H14O5	[M + H]+	RFIWMQUCNNVHDA	InChI=1S/C11H14O5/c1-15-10-6-7(3-4-8(10)12)5-9(13)11(14)16-2/h3-4,6,9,12-13H,5H2,1-2H3	null	COC1=C(C=CC(=C1)CC(C(=O)OC)O)O	1.248541	131831518	HMDB:(124956);PubChem:(131831518);PubChem class - bio and metabolites	16777226
31	1	N/A	-171.71531785143074	C11H14O5	[M + H]+	YNNLUYGFVUZDAD	InChI=1S/C11H14O5/c1-11(15,10(13)14)6-7-3-4-8(12)9(5-7)16-2/h3-5,12,15H,6H2,1-2H3,(H,13,14)	2-hydroxy-3-(4-hydroxy-3-methoxyphenyl)-2-methylpropanoic acid	CC(CC1=CC(=C(C=C1)O)OC)(C(=O)O)O	1.08566809	13279657	COCONUT:(CNP0280009);HMDB:(60736);Natural Products:(UNPD176406);PubChem:(13279657);SuperNatural:(SN00291117)	3178506
32	1	N/A	-174.89895698590212	C11H14O5	[M + H]+	BBNYFFASTZMSIE	InChI=1S/C11H14O5/c1-16-11-9(6-14)3-7(4-12)2-8(5-13)10(11)15/h2-3,12-14H,4-6H2,1H3	Oprea1_400332	COC1=C(C=C(C=C(C1=O)CO)CO)CO	-1.20000005	906069	COCONUT:(CNP0180535);PubChem:(906069);SuperNatural:(SN00001530);ZINC bio:(ZINC00487709)	3153922
33	1	N/A	-176.5395560616064	C11H14O5	[M + H]+	XFUASGOQVURFSC	InChI=1S/C11H14O5/c1-4-7(12)11(14)10-6(2)16-9(13)5-8(10)15-3/h5,11,14H,4H2,1-3H3	null	CCC(=O)C(C1=C(OC(=O)C=C1OC)C)O	-0.100000001	139588655	PubChem:(139588655);COCONUT:(CNP0357837)	2097154
34	1	N/A	-177.2960052705708	C11H14O5	[M + H]+	RYTSFSLVJDNOHI	InChI=1S/C11H14O5/c1-13-7-15-10-4-3-9(6-12)5-11(10)16-8-14-2/h3-6H,7-8H2,1-2H3	3,4-bis(methoxymethoxy)benzaldehyde	COCOC1=C(C=C(C=C1)C=O)OCOC	1.65307367	11746314	COCONUT:(CNP0129271);PubChem:(11746314);PubMed	2097218
35	1	N/A	-177.67523348705262	C11H14O5	[M + H]+	UCSDPATZVVSYMY	InChI=1S/C11H14O5/c1-6(12)9(13)4-8-7(2)16-11(14)5-10(8)15-3/h5-6,12H,4H2,1-3H3	null	CC1=C(C(=CC(=O)O1)OC)CC(=O)C(C)O	-0.200000003	139588651	PubChem:(139588651);COCONUT:(CNP0357493)	2097154
36	1	N/A	-178.66346117848943	C11H14O5	[M + H]+	OWCOWEZOBNMPMA	InChI=1S/C11H14O5/c1-11(2,15)6-16-10-4-7(13)3-9(14)8(10)5-12/h3-5,13-15H,6H2,1-2H3	Benzaldehyde, 2,4-dihydroxy-6-(2-hydroxy-2-methylpropoxy)-	CC(C)(COC1=CC(=CC(=C1C=O)O)O)O	1.10000002	15138500	COCONUT:(CNP0337825);Natural Products:(UNPD153668);PubChem:(15138500)	2129922
37	1	N/A	-178.78234886932756	C11H14O5	[M + H]+	ZQMCMXRXLGCJJJ	InChI=1S/C11H14O5/c1-15-10-5-7(3-4-9(10)13)8(6-12)11(14)16-2/h3-5,8,12-13H,6H2,1-2H3	null	COC1=C(C=CC(=C1)C(CO)C(=O)OC)O	0.699999988	100955863	COCONUT:(CNP0130884);KNApSAcK:(31786);Natural Products:(UNPD78979 UNPD205824);PubChem:(100955863);SuperNatural:(SN00310953)	3178514
38	1	N/A	-178.84359781754446	C11H14O5	[M + H]+	HZXWAYXFSSLTTI	InChI=1S/C11H14O5/c1-15-10-5-7(3-4-8(10)12)9(13)6-11(14)16-2/h3-5,9,12-13H,6H2,1-2H3	null	COC1=C(C=CC(=C1)C(CC(=O)OC)O)O	0.5	90853129	COCONUT:(CNP0129029);Natural Products:(UNPD205823);PubChem:(90853129);PubMed	2129986
39	1	N/A	-179.97379449149585	C11H14O5	[M + H]+	AWESBQDPCBCYFU	InChI=1S/C11H14O5/c1-14-9-3-7(2-8(13)5-12)4-10-11(9)16-6-15-10/h3-4,8,12-13H,2,5-6H2,1H3	3-(7-Methoxy-1,3-benzodioxol-5-yl)-1,2-propanediol	COC1=CC(=CC2=C1OCO2)CC(CO)O	1.16026711	15126349;92470498;91664891	COCONUT:(CNP0157028);Natural Products:(UNPD32338);PubChem:(15126349 92470498 91664891);ZINC bio:(ZINC14817995 ZINC14817997)	2138114
40	1	N/A	-186.36644170648768	C11H14O5	[M + H]+	ZYSOIVWPFGMXCV	InChI=1S/C11H14O5/c1-5-6(2)15-11(13)9-7(14-3)4-8(12)16-10(5)9/h4-6,11,13H,1-3H3	Inflatin C	CC1C(OC(C2=C1OC(=O)C=C2OC)O)C	-0.100000001	190887;53493987;70698154	COCONUT:(CNP0132299);Natural Products:(UNPD203024 UNPD49390);PubChem:(190887 53493987 70698154);SuperNatural:(SN00269259);CHEBI:(69277 69272);MeSH:(190887 70698154);PubMed	3178598
41	1	N/A	-189.0925917805789	C11H14O5	[M + H]+	BEFPXKJYKXAAEW	InChI=1S/C11H14O5/c1-15-9-4-3-7(5-8(9)12)6-10(16-2)11(13)14/h3-5,10,12H,6H2,1-2H3,(H,13,14)	null	COC1=C(C=C(C=C1)CC(C(=O)O)OC)O	1.248541	""	COCONUT:(CNP0369138)	2097152
42	1	N/A	-189.68467399984615	C11H14O5	[M + H]+	PJQAOXMMZDKWAJ	InChI=1S/C11H14O5/c1-15-11(14)9-4-2-3-5-10(9)16-7-8(13)6-12/h2-5,8,12-13H,6-7H2,1H3	2-(2,3-Dihydroxypropoxy)methylbenzoate	COC(=O)C1=CC=CC=C1OCC(CO)O	0.717722237	40769	PubChem:(40769);PubChem class - safety and toxic	67108866
43	1	N/A	-189.70132262055944	C11H14O5	[M + H]+	RDOULNBRWCNTNY	InChI=1S/C11H14O5/c1-6(15-8(3)12)4-9-5-10(13)7(2)11(14)16-9/h5-6,13H,4H2,1-3H3	null	CC1=C(C=C(OC1=O)CC(C)OC(=O)C)O	1.10000002	54751220	COCONUT:(CNP0224862);KNApSAcK:(33637);Natural Products:(UNPD105295);PubChem:(54751220);SuperNatural:(SN00312127)	3178514
44	1	N/A	-194.85621804680704	C11H14O5	[M + H]+	CCNIWEUCZSTZIU	InChI=1S/C11H14O5/c1-13-7-15-10-4-3-9(6-12)11(5-10)16-8-14-2/h3-6H,7-8H2,1-2H3	Benzaldehyde, 2,4-bis(methoxymethoxy)-	COCOC1=CC(=C(C=C1)C=O)OCOC	1.20000005	11770150	COCONUT:(CNP0071108);PubChem:(11770150);PubMed	2097218
45	1	N/A	-195.8517696351477	C11H14O5	[M + H]+	FGDZULIOQYRILF	InChI=1S/C11H14O5/c1-15-9-5-7(3-4-11(13)14)8(12)6-10(9)16-2/h5-6,12H,3-4H2,1-2H3,(H,13,14)	null	COC1=C(C=C(C(=C1)CCC(=O)O)O)OC	1.29999995	57509490	COCONUT:(CNP0080050);PubChem:(57509490);SuperNatural:(SN00042039);ZINC bio:(ZINC72320484)	3153922
46	1	N/A	-198.7540015143013	C11H14O5	[M + H]+	JPBXWMPAUUZPQK	InChI=1S/C11H14O5/c1-15-9-4-3-7(5-10(9)16-2)11(14)8(13)6-12/h3-5,8,12-13H,6H2,1-2H3	1-Propanone, 1-(3,4-dimethoxyphenyl)-2,3-dihydroxy-	COC1=C(C=C(C=C1)C(=O)C(CO)O)OC	0.200000003	21627687	COCONUT:(CNP0367299);Natural Products:(UNPD140449);PubChem:(21627687);SuperNatural:(SN00345937)	3178498
47	1	N/A	-200.17222142929654	C11H14O5	[M + H]+	LLSYYNYMHUGCJM	InChI=1S/C11H14O5/c1-6(11(13)14)7-4-5-8(15-2)10(16-3)9(7)12/h4-6,12H,1-3H3,(H,13,14)	null	CC(C1=C(C(=C(C=C1)OC)OC)O)C(=O)O	1.5	117325039	HMDB:(133894);PubChem:(117325039);PubChem class - bio and metabolites	16777226
48	1	N/A	-200.9054521968089	C11H14O5	[M + H]+	QLACLEPYLWLNTD	InChI=1S/C11H14O5/c1-15-8-5-3-7(4-6-9(12)13)10(14)11(8)16-2/h3,5,14H,4,6H2,1-2H3,(H,12,13)	null	COC1=C(C(=C(C=C1)CCC(=O)O)O)OC	1.29999995	117325047	COCONUT:(CNP0286960);HMDB:(142080);Natural Products:(UNPD127305);PubChem:(117325047);SuperNatural:(SN00404374);PubChem class - bio and metabolites	19955722
49	1	N/A	-201.6528308873662	C11H14O5	[M + H]+	WCBOPUJMJSLEMZ	InChI=1S/C11H14O5/c1-15-10-4-3-7(5-8(10)12)6-9(13)11(14)16-2/h3-5,9,12-13H,6H2,1-2H3	null	COC1=C(C=C(C=C1)CC(C(=O)OC)O)O	1.248541	""	COCONUT:(CNP0075821)	2097152
50	1	N/A	-209.41200162380392	C11H14O5	[M + H]+	MQBHUFWQURHVOQ	InChI=1S/C11H14O5/c1-15-10(6-11(14)16-2)7-3-4-8(12)9(13)5-7/h3-5,10,12-13H,6H2,1-2H3	null	COC(CC(=O)OC)C1=CC(=C(C=C1)O)O	0.699999988	10987942	COCONUT:(CNP0166027);KNApSAcK:(32286);Natural Products:(UNPD138448);PubChem:(10987942);SuperNatural:(SN00250353);MeSH:(10987942);PubMed	3178582
51	1	N/A	-210.62006409448955	C11H14O5	[M + H]+	PFNTZFUZCHVMEE	InChI=1S/C11H14O5/c1-2-16-11(15)10(14)6-7-3-4-8(12)9(13)5-7/h3-5,10,12-14H,2,6H2,1H3	null	CCOC(=O)C(CC1=CC(=C(C=C1)O)O)O	1.26985145	57507560	COCONUT:(CNP0148678);Natural Products:(UNPD182920);PubChem:(57507560);SuperNatural:(SN00339053)	3178498
52	1	N/A	-215.26766096626923	C11H14O5	[M + H]+	MASHJJSDLKLZLA	InChI=1S/C11H14O5/c12-8-5-7(6-9(13)11(8)16)3-1-2-4-10(14)15/h5-6,12-13,16H,1-4H2,(H,14,15)	null	C1=C(C=C(C(=C1O)O)O)CCCCC(=O)O	1.5	101786869	HMDB:(141549);PubChem:(101786869);PubChem class - bio and metabolites	16777226
53	1	N/A	-215.78300536988377	C11H14O5	[M + H]+	APZIDRCACRTPAG	InChI=1S/C11H14O5/c1-15-11(14)8-3-2-4-10(5-8)16-7-9(13)6-12/h2-5,9,12-13H,6-7H2,1H3	methyl 3-(2,3-dihydroxypropoxy)benzoate	COC(=O)C1=CC(=CC=C1)OCC(CO)O	0.400000006	49017	PubChem:(49017);PubChem class - safety and toxic	67108866
54	1	N/A	-219.03706731364534	C11H14O5	[M + H]+	GTUBQHDUMJNQSV	InChI=1S/C11H14O5/c1-7(12)9-4-5-10(16-9)8(13)3-6-11(14)15-2/h4-5,7,12H,3,6H2,1-2H3	null	CC(C1=CC=C(O1)C(=O)CCC(=O)OC)O	0.300000012	101472981	COCONUT:(CNP0176733);Natural Products:(UNPD126506);PubChem:(101472981);SuperNatural:(SN00304140)	3178498
55	1	N/A	-219.46854318277988	C11H14O5	[M + H]+	DMZJXYVZVWKSFA	InChI=1S/C11H14O5/c1-4-7(12)6-5-8(15-2)10(14)11(16-3)9(6)13/h5,13-14H,4H2,1-3H3	null	CCC(=O)C1=CC(=C(C(=C1O)OC)O)OC	1.89999998	70698279	COCONUT:(CNP0266459);Natural Products:(UNPD140626);PubChem:(70698279);PubMed;CHEBI:(70419)	2130018
56	1	N/A	-220.8795574707266	C11H14O5	[M + H]+	XPXBACLMNLNKLB	InChI=1S/C11H14O5/c1-15-10-7(4-3-5-12)6-8(13)9(14)11(10)16-2/h5-6,13-14H,3-4H2,1-2H3	null	COC1=C(C(=C(C=C1CCC=O)O)O)OC	0.800000012	131834971	HMDB:(128670);PubChem:(131834971);PubChem class - bio and metabolites	16777226
57	1	N/A	-222.82608013730143	C11H14O5	[M + H]+	RTBHKOWSOJOEPS	InChI=1S/C11H14O5/c12-8-6-15-11(10(14)9(8)13)16-7-4-2-1-3-5-7/h1-5,8-14H,6H2	Ambcb5402125	C1C(C(C(C(O1)OC2=CC=CC=C2)O)O)O	-0.200000003	565000;742534;1777700;904067;928317;932918;933316;1379863;7071623;7092874;6572469;6914741;14370101;11836522;24209805;40560152;124463851	COCONUT:(CNP0194925);PubChem:(565000 742534 1777700 904067 928317 932918 933316 1379863 7071623 7092874 6572469 6914741 14370101 11836522 24209805 40560152 124463851);SuperNatural:(SN00047805 SN00049519 SN00072316);PubMed;ZINC bio:(ZINC00526141 ZINC01231721 ZINC04081981)	3153986
58	1	N/A	-226.73781464310662	C11H14O5	[M + H]+	KFERDBMDSPIUTF	InChI=1S/C11H14O5/c1-15-10-5-7(3-4-11(14)16-2)8(12)6-9(10)13/h5-6,12-13H,3-4H2,1-2H3	null	COC1=C(C=C(C(=C1)CCC(=O)OC)O)O	1.29999995	123752723	COCONUT:(CNP0133873);Natural Products:(UNPD200123);PubChem:(123752723);PubMed	2129986
59	1	N/A	-227.46138481547203	C11H14O5	[M + H]+	YBLJMFGWUGQHDR	InChI=1S/C11H14O5/c1-15-10-5-7(8(13)3-4-12)9(14)6-11(10)16-2/h5-6,12,14H,3-4H2,1-2H3	null	COC1=C(C=C(C(=C1)C(=O)CCO)O)OC	0.868261218	""	COCONUT:(CNP0130643);Natural Products:(UNPD206222)	2129920
60	1	N/A	-228.99332221122054	C11H14O5	[M + H]+	SRPQMAMCLJLGNB	InChI=1S/C11H14O5/c1-6(12)4-9(14)11-8(7(2)13)5-10(15-3)16-11/h5-6,12H,4H2,1-3H3	null	CC(CC(=O)C1=C(C=C(O1)OC)C(=O)C)O	1.13864946	""	COCONUT:(CNP0206805);Natural Products:(UNPD36278);SuperNatural:(SN00239195)	3178496
61	1	N/A	-231.97723588498545	C11H14O5	[M + H]+	WWXXBZBOYVVBDR	InChI=1S/C11H14O5/c1-15-10-7(4-3-5-12)6-8(13)9(14)11(10)16-2/h3-4,6,12-14H,5H2,1-2H3	null	COC1=C(C(=C(C=C1C=CCO)O)O)OC	0.899999976	131834976	PubChem:(131834976);HMDB:(128677)	10
62	1	N/A	-234.328980290272	C11H14O5	[M + H]+	BDEOEWDBHLJIBY	InChI=1S/C11H14O5/c1-3-4-6-5-7(12)9(13)10(14)8(6)11(15)16-2/h5,12-14H,3-4H2,1-2H3	null	CCCC1=CC(=C(C(=C1C(=O)OC)O)O)O	2.5999999	86169105	COCONUT:(CNP0079108);PubChem:(86169105);PubMed	2097218
63	1	N/A	-238.22684214837352	C11H14O5	[M + H]+	JDBYFCLHVYVXCX	InChI=1S/C11H14O5/c12-8(2-4-11(15)16)5-7-1-3-9(13)10(14)6-7/h1,3,6,8,12-14H,2,4-5H2,(H,15,16)	null	C1=CC(=C(C=C1CC(CCC(=O)O)O)O)O	1.04592574	52920332;135121427	COCONUT:(CNP0252623);HMDB:(41679);PubChem:(52920332 135121427);CHEBI:(137478);PubChem class - bio and metabolites;PubMed	18874474
64	1	N/A	-238.52294655818508	C11H14O5	[M + H]+	HHOYYCAQWHQFFV	InChI=1S/C11H14O5/c1-6-10-7(5-15-11(6,2)13)8(14-3)4-9(12)16-10/h4,6,13H,5H2,1-3H3	(7S,8S)-7-hydroxy-4-methoxy-7,8-dimethyl-5,8-dihydropyrano[4,3-b]pyran-2-one	CC1C2=C(COC1(C)O)C(=CC(=O)O2)OC	-0.300000012	178233;14841768;21635988;53319537	COCONUT:(CNP0159924);Natural Products:(UNPD172466);PubChem:(178233 14841768 21635988 53319537);SuperNatural:(SN00300417);additional;PubMed	3702850
65	1	N/A	-238.878120638051	C11H14O5	[M + H]+	QKRQBODPNMXFLS	InChI=1S/C11H14O5/c12-8(1-2-11(15)16)3-7-4-9(13)6-10(14)5-7/h4-6,8,12-14H,1-3H2,(H,15,16)	null	C1=C(C=C(C=C1O)O)CC(CCC(=O)O)O	0.699999988	52920333;101786870;101900150	HMDB:(141547);PubChem:(52920333 101786870 101900150);PubMed;PubChem class - bio and metabolites	16777290
66	1	N/A	-239.13835357836987	C11H14O5	[M + H]+	JSRAFVZTHDHHQY	InChI=1S/C11H14O5/c1-2-3-7-6-8(11(14)15)9(16-7)4-5-10(12)13/h6H,2-5H2,1H3,(H,12,13)(H,14,15)	3-Carboxy-5-propyl-2-furanpropionic acid	CCCC1=CC(=C(O1)CCC(=O)O)C(=O)O	1.5	135803	MeSH:(135803);PubChem:(135803);PubMed	70
67	1	N/A	-246.0790072431693	C11H14O5	[M + H]+	YEWJCAJOVXNJSM	InChI=1S/C11H14O5/c1-16-11(15)8-4-2-3-7(5-8)6-9(12)10(13)14/h2-4,7,9,12H,5-6H2,1H3,(H,13,14)	null	COC(=O)C1=CC=CC(C1)CC(C(=O)O)O	0.800000012	23846521	PubChem:(23846521);COCONUT:(CNP0183698)	2097154
68	1	N/A	-251.0328415351315	C11H14O5	[M + H]+	LOHNKCJVXLFVMW	InChI=1S/C11H14O5/c1-3-7-6(2)10(11(14)15)8(16-7)4-5-9(12)13/h3-5H2,1-2H3,(H,12,13)(H,14,15)	3-Cmefp	CCC1=C(C(=C(O1)CCC(=O)O)C(=O)O)C	1.5	3082710	MeSH:(3082710);PubChem:(3082710);PubMed	70
69	1	N/A	-266.071420388092	C11H14O5	[M + H]+	LORTWVPBXJUYJM	InChI=1S/C11H14O5/c1-5-8(12)7-4-15-6(2)11(3,14)9(7)16-10(5)13/h6,12,14H,4H2,1-3H3	null	CC1C(C2=C(CO1)C(=C(C(=O)O2)C)O)(C)O	-0.699999988	54749171;54749907;54749908;54749909;54749910	COCONUT:(CNP0048739 CNP0218858);PubChem:(54749171 54749907 54749908 54749909 54749910);SuperNatural:(SN00029485 SN00029486 SN00029484 SN00029487);ZINC bio:(ZINC31163849 ZINC31163853 ZINC31163857 ZINC31163861);additional;Training Set	3694594
70	1	N/A	-266.97752266023537	C11H14O5	[M + H]+	QGBCGMGBGAHJIT	InChI=1S/C11H14O5/c1-5-9-6-3-8(15-5)16-11(9)14-4-7(6)10(12)13-2/h4-6,8-9,11H,3H2,1-2H3	Sarrancenia flava Extract	CC1C2C3CC(O1)OC2OC=C3C(=O)OC	0.800000012	427877;5321136;10998704;11775860;102069233;129374563;131636889;134715197	COCONUT:(CNP0112599);KNApSAcK:(10790);Natural Products:(UNPD954 UNPD29418);PubChem:(427877 5321136 10998704 11775860 102069233 129374563 131636889 134715197);SuperNatural:(SN00162906 SN00156495 SN00374283)	3178514
71	1	N/A	-272.4996242715681	C11H14O5	[M + H]+	KZSFFEORIHTMOT	InChI=1S/C11H14O5/c1-3-5-14-7-8-6-9(11(13)16-8)10(12)15-4-2/h1,8-9H,4-7H2,2H3	Propargyloxymethyl-4 carbethoxy-2 gamma-butyrolactone	CCOC(=O)C1CC(OC1=O)COCC#C	0.699999988	206635	PubChem:(206635);PubChem class - safety and toxic	67108866
72	1	N/A	-274.5144107333807	C11H14O5	[M + H]+	VWHJPIGTANFGGX	InChI=1S/C11H14O5/c1-5-3-6-8-7(9(12)13-2)4-14-10(6)16-11(8)15-5/h4-6,8,10-11H,3H2,1-2H3	null	CC1CC2C3C(O1)OC2OC=C3C(=O)OC	1.02852297	""	COCONUT:(CNP0249369);Natural Products:(UNPD81782)	2129920
73	1	N/A	-287.12797576735466	C11H14O5	[M + H]+	IKZVKSMJMBFFAC	InChI=1S/C11H14O5/c12-6-2-1-4-8-10(14)9(5-3-7-13)16-11(8)15/h1-5,9-10,12-14H,6-7H2	Eutypellin B	C(C=CC=C1C(C(OC1=O)C=CCO)O)O	-1.10000002	44479729	COCONUT:(CNP0249444);KNApSAcK:(47871);Natural Products:(UNPD13105);PubChem:(44479729);SuperNatural:(SN00320272);MeSH:(44479729);PubMed	3178582
74	1	N/A	-291.43438869553364	C11H14O5	[M + H]+	QJSMDRNOGWHWQO	InChI=1S/C11H14O5/c1-5-9(16-7(3)12)4-8(11(13)15-5)10-6(2)14-10/h4-6,9-10H,1-3H3	null	CC1C(C=C(C(=O)O1)C2C(O2)C)OC(=O)C	0.626386523	""	COCONUT:(CNP0104747);Natural Products:(UNPD46149);SuperNatural:(SN00269008)	3178496
75	1	N/A	-308.30272888546557	C11H14O5	[M + H]+	AZKVWQKMDGGDSV	InChI=1S/C11H14O5/c1-15-10(13)8-5-16-11(14)9-6(4-12)2-3-7(8)9/h2,5,7,9,11-12,14H,3-4H2,1H3	Genipin	COC(=O)C1=COC(C2C1CC=C2CO)O	-0.699999988	23340;442424;6325197;12310085;10059623;25271870;40491676;40491677;44144320;53670235;69325260;73265201;98047565;98637399;118060469;134448282	HMDB:(35830);SuperNatural:(SN00243303 SN00002471 SN00011368 SN00011367 SN00000222);ZINC bio:(ZINC00004358 ZINC01681500 ZINC04720696 ZINC04720697);additional;MeSH:(442424);PubMed;COCONUT:(CNP0231068);KNApSAcK:(321);Natural Products:(UNPD177840 UNPD70448 UNPD107085 UNPD57378);PubChem:(23340 442424 6325197 12310085 10059623 25271870 40491676 40491677 44144320 53670235 69325260 73265201 98047565 98637399 118060469 134448282);CHEBI:(94318 5298);PubChem class - bio and metabolites;KEGG:(C09780);PubChem class - safety and toxic;Training Set	87613822
76	1	N/A	-313.1541428314854	C11H14O5	[M + H]+	KMNCHTPRXWQOIZ	InChI=1S/C11H14O5/c1-7(12)6-11(14)9(15-2)4-8(13)5-10(11)16-3/h4-5,14H,6H2,1-3H3	4-Hydroxy-3,5-dimethoxy-4-(2-oxopropyl)cyclohexa-2,5-dienone	CC(=O)CC1(C(=CC(=O)C=C1OC)OC)O	-0.600000024	241783	COCONUT:(CNP0193375);Natural Products:(UNPD184168);PubChem:(241783);PubMed;ZINC bio:(ZINC01681513)	2138178
77	1	N/A	-333.0291422496108	C11H14O5	[M + H]+	AKZOGHIOUABLTI	InChI=1S/C11H14O5/c1-15-6-7(12)4-5-11-9(14)3-2-8(13)10(11)16-11/h2-3,7-10,12-14H,6H2,1H3	null	COCC(C#CC12C(C=CC(C1O2)O)O)O	-2.0	44255331	COCONUT:(CNP0310746);KNApSAcK:(48138);Natural Products:(UNPD57353);PubChem:(44255331)	2129938
78	1	N/A	-333.17368758522537	C11H14O5	[M + H]+	KZWDBDMVXZKACU	InChI=1S/C11H14O5/c1-6-5-15-11(2)9(10(6)13)7(14-3)4-8(12)16-11/h4,6,13H,5H2,1-3H3	Chlamydosporol	CC1COC2(C(=C1O)C(=CC(=O)O2)OC)C	0.100000001	54688512;54697254;54704005	MeSH:(54697254);PubChem:(54688512 54697254 54704005);PubMed	70
79	1	N/A	-341.39028724717303	C11H14O5	[M + H]+	DXUWKSUWEMSKDA	InChI=1S/C11H14O5/c1-3-4-6-8(12)9(13)7-10(16-6)5(2)15-11(7)14/h3-6,8-9,12-13H,1-2H3	null	CC=CC1C(C(C2=C(O1)C(OC2=O)C)O)O	-0.5	10105097	COCONUT:(CNP0381014);Natural Products:(UNPD9212);PubChem:(10105097);SuperNatural:(SN00239772);MeSH:(10105097);PubMed	3178566
80	1	N/A	-345.3127283515202	C11H14O5	[M + H]+	PQHLYDVQONASLU	InChI=1S/C11H14O5/c1-15-9-7-8(12)3-5-11(9,14)6-4-10(13)16-2/h3-6,9,14H,7H2,1-2H3	null	COC1CC(=O)C=CC1(C=CC(=O)OC)O	-0.5	125416469;125416470;125416471;125416472;129008923	COCONUT:(CNP0377486);Training Set;PubChem:(125416469 125416470 125416471 125416472 129008923)	2113538
81	1	N/A	-349.4679198330143	C11H14O5	[M + H]+	ICLHTGIHDLYEDX	InChI=1S/C11H14O5/c1-5-3-7(12)9-6(10(13)15-2)4-16-11(14)8(5)9/h4-5,8-9,11,14H,3H2,1-2H3	null	CC1CC(=O)C2C1C(OC=C2C(=O)OC)O	0.100000001	10889592;12444745;12444746	COCONUT:(CNP0188870);Natural Products:(UNPD95929);PubChem:(10889592 12444745 12444746);SuperNatural:(SN00321591);PubMed;KEGG Mine	8593113154
82	1	N/A	-352.02660409904684	C11H14O5	[M + H]+	NBVMVBRMJCNNNY	InChI=1S/C11H14O5/c1-10(15,6-12)4-5-11-8(14)3-2-7(13)9(11)16-11/h2-3,7-9,12-15H,6H2,1H3	null	CC(CO)(C#CC12C(C=CC(C1O2)O)O)O	-2.4000001	53260919	COCONUT:(CNP0221933);Natural Products:(UNPD204584);PubChem:(53260919)	2129922
83	1	N/A	-353.86167775999417	C11H14O5	[M + H]+	OXHCWCWKXULCPL	InChI=1S/C11H14O5/c1-14-9(12)7-4-15-10-8-6(7)2-3-11(8,13)5-16-10/h2-3,6-8,10,13H,4-5H2,1H3	null	COC(=O)C1COC2C3C1C=CC3(CO2)O	-0.600000024	5316976;102237317	COCONUT:(CNP0153143);KNApSAcK:(37079);Natural Products:(UNPD178641);PubChem:(5316976 102237317);SuperNatural:(SN00160186);MeSH:(102237317);PubMed	3178582
84	1	N/A	-370.9549994883372	C11H14O5	[M + H]+	WUCUREOFJYRSMJ	InChI=1S/C11H14O5/c12-8(13)10-4-1-5-11(10,9(14)15)7-3-2-6(10)16-7/h6-7H,1-5H2,(H,12,13)(H,14,15)	Hexahydro-4,7-epoxy-1H-indene-3a,7a-dicarboxylic acid, (3a-alpha,4-alpha,7-alpha,7a-alpha)-	C1CC2(C3CCC(C2(C1)C(=O)O)O3)C(=O)O	0.200000003	3080106	PubChem:(3080106);PubChem class - safety and toxic	67108866
85	1	N/A	-375.10877040099496	C11H14O5	[M + H]+	VYTPSQHQAWGKGW	InChI=1S/C11H14O5/c1-5-3-4-7(12)9(14)11(5)8(13)6(2)16-10(11)15/h3-5,7-9,12-14H,2H2,1H3	Massarigenin A	CC1C=CC(C(C12C(C(=C)OC2=O)O)O)O	-0.899999976	637134;21776784;22297593;22297594;22297595	COCONUT:(CNP0270226);KNApSAcK:(44908);Natural Products:(UNPD16766 UNPD143093 UNPD180518);PubChem:(637134 21776784 22297593 22297594 22297595);SuperNatural:(SN00366186 SN00228210 SN00392860);MeSH:(637134);PubMed	3178582
86	1	N/A	-382.72252411155796	C11H14O5	[M + H]+	IZLIRBKYKYMRPY	InChI=1S/C11H14O5/c1-2-3-4-5-7-10(14)8(6-9(12)13)16-11(7)15/h6,14H,2-5H2,1H3,(H,12,13)	null	CCCCCC1=C(C(=CC(=O)O)OC1=O)O	1.79999995	54703018;67359881;90474583	COCONUT:(CNP0047430 CNP0293479);Natural Products:(UNPD163136);PubChem:(54703018 67359881 90474583);SuperNatural:(SN00372423 SN00028956);ZINC bio:(ZINC31159421)	3186690
87	1	N/A	-396.4053495477866	C11H14O5	[M + H]+	XSBZCRLGWCIMRF	InChI=1S/C11H14O5/c1-6-9(16-6)3-2-8(13)10-7(4-12)5-15-11(10)14/h2-3,6-7,9-10,12H,4-5H2,1H3	Butalactin	CC1C(O1)C=CC(=O)C2C(COC2=O)CO	-0.300000012	6439340	COCONUT:(CNP0343187);MeSH:(6439340);KNApSAcK:(17073);PubChem:(6439340);PubMed	2097238
88	1	N/A	-405.6646295116393	C11H14O5	[M + H]+	YIOIHYRGWULMRJ	InChI=1S/C11H14O5/c1-5-3-4-7(12)9(14)11(5)8(13)6(2)16-10(11)15/h3-6,8-9,13-14H,1-2H3	1,10-dihydroxy-2,6-dimethyl-3-oxaspiro[4.5]dec-7-ene-4,9-dione	CC1C=CC(=O)C(C12C(C(OC2=O)C)O)O	-0.400000006	156787;21123507;101607510;131858720	COCONUT:(CNP0169016);Natural Products:(UNPD146165);PubChem:(156787 21123507 101607510 131858720);SuperNatural:(SN00366019);MeSH:(101607510);PubMed	3178566
89	1	N/A	-407.51044084759286	C11H14O5	[M + H]+	ZMFMHHDPSXFPHY	InChI=1S/C11H14O5/c1-5-3-4-6(12)7-11(5)8(13)10(2,15-7)16-9(11)14/h3-8,12-13H,1-2H3	null	CC1C=CC(C2C13C(C(O2)(OC3=O)C)O)O	-0.5	73891092;76313895	COCONUT:(CNP0357239);PubChem:(73891092 76313895);PubMed	2097218
90	1	N/A	-414.8192711574232	C11H14O5	[M + H]+	NTHKEGKZDDYTEV	InChI=1S/C11H14O5/c1-9(2)10(3)4-5-11(9,6(12)13)8(15)16-7(10)14/h4-5H2,1-3H3,(H,12,13)	1,8,8-trimethyl-2,4-dioxo-3-oxabicyclo[3.2.1]octane-5-carboxylic Acid	CC1(C2(CCC1(C(=O)OC2=O)C(=O)O)C)C	1.79999995	2770821;95370831;95370832;98064514;98064518	COCONUT:(CNP0036799 CNP0372228);PubChem:(2770821 95370831 95370832 98064514 98064518);SuperNatural:(SN00107504 SN00107505);ZINC bio:(ZINC70673109 ZINC70673111)	3153922
91	1	N/A	-419.5547155767249	C11H14O5	[M + H]+	MXPZYUJYDKXFAJ	InChI=1S/C11H14O5/c1-2-3-6-8(13)9(14)10(15)5-4-7(12)11(6,10)16/h2,7,12-13,15-16H,1,3-5H2	null	C=CCC1=C(C(=O)C2(C1(C(CC2)O)O)O)O	-1.10000002	10585319	COCONUT:(CNP0259027);Natural Products:(UNPD136199);PubChem:(10585319);SuperNatural:(SN00225233)	3178498
92	1	N/A	-423.4175340128881	C11H14O5	[M + H]+	UEYMIBGYKZFDMD	InChI=1S/C11H14O5/c1-6-7(2)11(16-10(6,3)13)8(14-4)5-9(12)15-11/h5-6,13H,2H2,1,3-4H3	null	CC1C(=C)C2(C(=CC(=O)O2)OC)OC1(C)O	0.200000003	10220164;23730661	COCONUT:(CNP0174063);MeSH:(10220164 23730661);Natural Products:(UNPD197706);PubChem:(10220164 23730661);PubMed	2129990
93	1	N/A	-435.9717496514812	C11H14O5	[M + H]+	GKJAPTNXKYORRM	InChI=1S/C11H14O5/c1-11(2)3-4(12)5-6(13)7(14)9-10(15-9)8(5)16-11/h6-7,9-10,13-14H,3H2,1-2H3	null	CC1(CC(=O)C2=C(O1)C3C(O3)C(C2O)O)C	-1.60000002	46844817	COCONUT:(CNP0287382);Natural Products:(UNPD86218);PubChem:(46844817)	2129922
94	1	N/A	-442.50989285810374	C11H14O5	[M + H]+	YMNKNQQAZLBJFA	InChI=1S/C11H14O5/c1-11(2)3-4(12)5-8(16-11)6(13)7(14)10-9(5)15-10/h6-7,9-10,13-14H,3H2,1-2H3	null	CC1(CC(=O)C2=C(O1)C(C(C3C2O3)O)O)C	-1.60000002	46844816;46844818	COCONUT:(CNP0161733);Natural Products:(UNPD62431 UNPD170870);PubChem:(46844816 46844818);SuperNatural:(SN00256003 SN00359753)	3178498
95	1	N/A	-450.44717351276086	C11H14O5	[M + H]+	ANHHAPDWNRZSRR	InChI=1S/C11H14O5/c1-5-3-4-7(12)9(14)11(5)8(13)6(2)16-10(11)15/h5,8-9,13-14H,2-4H2,1H3	massarigenin B	CC1CCC(=O)C(C12C(C(=C)OC2=O)O)O	-0.600000024	10955250;21776783	COCONUT:(CNP0341506);KNApSAcK:(44909);Natural Products:(UNPD9640);PubChem:(10955250 21776783);SuperNatural:(SN00247164);PubMed	3178578
96	1	N/A	-463.08265720459013	C11H14O5	[M + H]+	WOTOOYHBQRNZLX	InChI=1S/C11H14O5/c1-4-11-5(2)6(12)7(13)10(11,3)16-9(15)8(11)14/h8,12,14H,4H2,1-3H3	null	CCC12C(C(=O)OC1(C(=O)C(=C2C)O)C)O	0.400000006	138989899	PubChem:(138989899);COCONUT:(CNP0402032)	2097154
97	1	N/A	-465.25407885176236	C11H14O5	[M + H]+	WEYVNBPVWCXGFX	InChI=1S/C11H14O5/c1-4-7-3-6(12)8(13)11(4)9(16-7)5(2)15-10(11)14/h4,6-9,12-13H,2-3H2,1H3	null	CC1C2CC(C(C13C(O2)C(=C)OC3=O)O)O	-0.600000024	10799243;10263098;21776052;24812600;73837028;101089466	COCONUT:(CNP0281820);Natural Products:(UNPD69166);PubChem:(10799243 10263098 21776052 24812600 73837028 101089466);SuperNatural:(SN00394138)	3178498
98	1	N/A	-489.52060639624904	C11H14O5	[M + H]+	GGPRMSQKBVQHAH	InChI=1S/C11H14O5/c1-6-5-10-9(2,16-10)7(12)4-8(14-3)11(10,13)15-6/h4,6,13H,5H2,1-3H3	(-)-epoxyserinone A	CC1CC23C(O2)(C(=O)C=C(C3(O1)O)OC)C	-0.699999988	11736274;21576221;21777484	COCONUT:(CNP0267607);Natural Products:(UNPD106673 UNPD66980);PubChem:(11736274 21576221 21777484);SuperNatural:(SN00375401 SN00355405);PubMed	3178562