structureRankPerFormula	formulaRank	ConfidenceScore	CSI:FingerIDScore	molecularFormula	adduct	InChIkey2D	InChI	name	smiles	xlogp	pubchemids	links	dbflags
1	1	N/A	-226.47660541747643	C22H37NO10	[M + H]+	DMUIWVYYEDVXRR	InChI=1S/C22H37NO10/c24-6-12-15(26)16(27)19(30)22(32-12)33-20-13(7-25)31-21(18(29)17(20)28)23-14-10-2-8-1-9(4-10)5-11(14)3-8/h8-30H,1-7H2	4-O-beta-D-Glucopyranosyl-N-tricyclo(3.3.1.1(sup 3,7))dec-2-ylbeta-D-glucopyranosylamine	C1C2CC3CC1CC(C2)C3NC4C(C(C(C(O4)CO)OC5C(C(C(C(O5)CO)O)O)O)O)O	-2.0999999	3075384;10050615	PubChem:(3075384 10050615);PubChem class - safety and toxic	67108866
1	1	0.29176708540034973	-188.71888509028543	C22H39NO11	[M - H2O + H]+	BUGZMDLMIRKFTB	InChI=1S/C22H39NO11/c1-10(2)6-7-29-18-17(32-21-19(18)33-22(4,5)34-21)12(26)9-30-20-14(23-11(3)25)16(28)15(27)13(8-24)31-20/h10,12-21,24,26-28H,6-9H2,1-5H3,(H,23,25)	N-[2-[2-[2,2-dimethyl-6-(3-methylbutoxy)-3a,5,6,6a-tetrahydrofuro[2,3-d][1,3]dioxol-5-yl]-2-hydroxyethoxy]-4,5-dihydroxy-6-(hydroxymethyl)oxan-3-yl]acetamide	CC(C)CCOC1C2C(OC1C(COC3C(C(C(C(O3)CO)O)O)NC(=O)C)O)OC(O2)(C)C	-0.899999976	3734244;16397385;95370590;95370591	COCONUT:(CNP0336194);PubChem:(3734244 16397385 95370590 95370591);SuperNatural:(SN00107166 SN00107167);ZINC bio:(ZINC70670229 ZINC70670230)	3153922
1	2	N/A	-516.2225798636049	C23H35N5O7	[M - H2O + H]+	SNLDOLGYCJWVFX	InChI=1S/C23H35N5O7/c1-14(25-20(32)34-13-16-11-9-8-10-12-16)17(29)24-15(2)18(30)26-23(6,7)19(31)27-28-21(33)35-22(3,4)5/h8-12,14-15H,13H2,1-7H3,(H,24,29)(H,25,32)(H,26,30)(H,27,31)(H,28,33)	null	CC(C(=O)NC(C)(C)C(=O)NNC(=O)OC(C)(C)C)NC(=O)C(C)NC(=O)OCC1=CC=CC=C1	1.79999995	45490426	COCONUT:(CNP0362928);PubChem:(45490426);SuperNatural:(SN00100638);ZINC bio:(ZINC36367468)	3153922
1	2	N/A	-681.2223428890004	C23H33N5O6	[M + H]+	ZXORZQJYFIYLOD	InChI=1S/C23H33N5O6/c1-4-18(23(31,32)21-26-20(34-27-21)16-8-6-5-7-9-16)25-19(29)17(14-15(2)3)24-22(30)28-10-12-33-13-11-28/h5-9,15,17-18,31-32H,4,10-14H2,1-3H3,(H,24,30)(H,25,29)	N-[(2s)-4-Methyl-1-Oxidanylidene-1-[[(1r,2s)-1-Oxidanyl-1-(5-Phenyl-1,2,4-Oxadiazol-3-Yl)butan-2-Yl]amino]pentan-2-Yl]morpholine-4-Carboxamide	CCC(C(C1=NOC(=N1)C2=CC=CC=C2)(O)O)NC(=O)C(CC(C)C)NC(=O)N3CCOCC3	1.20000005	72943165	PubChem:(72943165);PubChem class - bio and metabolites	16777218
2	2	N/A	-698.8311916615701	C23H33N5O6	[M + H]+	BBHMEKULLNVULB	InChI=1S/C23H33N5O6/c1-16(22(31)33-4)24-20(29)19-15-27(21(30)17-5-7-18(8-6-17)25(2)3)9-10-28(19)23(32)26-11-13-34-14-12-26/h5-8,16,19H,9-15H2,1-4H3,(H,24,29)	methyl (2R)-2-[[(2R)-4-[4-(dimethylamino)benzoyl]-1-(morpholine-4-carbonyl)piperazine-2-carbonyl]amino]propanoate	CC(C(=O)OC)NC(=O)C1CN(CCN1C(=O)N2CCOCC2)C(=O)C3=CC=C(C=C3)N(C)C	0.100000001	7661994	COCONUT:(CNP0037975);PubChem:(7661994);SuperNatural:(SN00011665);ZINC bio:(ZINC05396059)	3153922