structureRankPerFormula	formulaRank	ConfidenceScore	CSI:FingerIDScore	molecularFormula	adduct	InChIkey2D	InChI	name	smiles	xlogp	pubchemids	links	dbflags
1	1	0.263752623175334	-46.94536052068215	C14H18O9	[M - H2O + H]+	YROOZUQRTLHXIO	InChI=1S/C14H18O9/c1-21-8-4-6(2-3-7(8)16)13(20)23-14-12(19)11(18)10(17)9(5-15)22-14/h2-4,9-12,14-19H,5H2,1H3	1-O-vanilloyl-beta-D-glucose	COC1=C(C=CC(=C1)C(=O)OC2C(C(C(C(O2)CO)O)O)O)O	-0.699999988	14132343;14132344;50906158	COCONUT:(CNP0157496);Natural Products:(UNPD174669);PubChem:(14132343 14132344 50906158);SuperNatural:(SN00158514);CHEBI:(71512);PubChem class - bio and metabolites;KEGG:(C20470);Plantcyc:(CPD-15006);PubMed;Biocyc:(CPD-15006)	20089186
2	1	N/A	-52.80464662306687	C14H18O9	[M - H2O + H]+	PXDASGXIBCEXNH	InChI=1S/C14H18O9/c1-21-13(20)6-2-3-7(16)8(4-6)22-14-12(19)11(18)10(17)9(5-15)23-14/h2-4,9-12,14-19H,5H2,1H3	Woodorien	COC(=O)C1=CC(=C(C=C1)O)OC2C(C(C(C(O2)CO)O)O)O	-0.899627566	192694;49824629	COCONUT:(CNP0183374);Natural Products:(UNPD179306);PubChem:(192694 49824629);SuperNatural:(SN00156776);MeSH:(192694);PubMed	3178566
3	1	N/A	-67.43671817040885	C14H18O9	[M - H2O + H]+	AQLSLUZPCXWYQZ	InChI=1S/C14H18O9/c1-5-2-6(16)3-7(9(5)13(20)21)22-14-12(19)11(18)10(17)8(4-15)23-14/h2-3,8,10-12,14-19H,4H2,1H3,(H,20,21)	null	CC1=CC(=CC(=C1C(=O)O)OC2C(C(C(C(O2)CO)O)O)O)O	-0.699999988	100926747	PubChem:(100926747);COCONUT:(CNP0003392)	2097154
4	1	N/A	-75.85190563134914	C14H18O9	[M - H2O + H]+	DICIENQKEXNOKV	InChI=1S/C14H18O9/c1-21-13(20)6-2-3-8(7(16)4-6)22-14-12(19)11(18)10(17)9(5-15)23-14/h2-4,9-12,14-19H,5H2,1H3	null	COC(=O)C1=CC(=C(C=C1)OC2C(C(C(C(O2)CO)O)O)O)O	-0.899627566	24814166	COCONUT:(CNP0240572);Natural Products:(UNPD42081);PubChem:(24814166);SuperNatural:(SN00288449)	3178498
5	1	N/A	-76.22974142405228	C14H18O9	[M - H2O + H]+	JYFOSWJYZIVJPO	InChI=1S/C14H18O9/c1-21-8-4-6(13(19)20)2-3-7(8)22-14-12(18)11(17)10(16)9(5-15)23-14/h2-4,9-12,14-18H,5H2,1H3,(H,19,20)	Vanillic acid 4-|A-D-glucoside	COC1=C(C=CC(=C1)C(=O)O)OC2C(C(C(C(O2)CO)O)O)O	-0.899627566	14132336;14132337;68437435;71607615;71607618;92449506;92449507;92449508;92449509;98774697;124905329;124351246	COCONUT:(CNP0130526 CNP0235798);KNApSAcK:(35153);Natural Products:(UNPD125219 UNPD160224);PubChem:(14132336 14132337 68437435 71607615 71607618 92449506 92449507 92449508 92449509 98774697 124905329 124351246);SuperNatural:(SN00036708 SN00036706 SN00036707 SN00296474 SN00036709);CHEBI:(68950);ZINC bio:(ZINC13481490 ZINC13481491 ZINC13481492 ZINC13481493 ZINC13514036);additional;Training Set;KEGG Mine	8593662002
6	1	N/A	-79.95841126510852	C14H18O9	[M - H2O + H]+	INEGDEGDDVWWGU	InChI=1S/C14H18O9/c1-21-8-3-2-6(4-7(8)16)13(20)23-14-12(19)11(18)10(17)9(5-15)22-14/h2-4,9-12,14-19H,5H2,1H3	null	COC1=C(C=C(C=C1)C(=O)OC2C(C(C(C(O2)CO)O)O)O)O	-0.699999988	50906159;67802592	COCONUT:(CNP0181676);Natural Products:(UNPD214954);PubChem:(50906159 67802592)	2129922
7	1	N/A	-82.54650574271763	C14H18O9	[M - H2O + H]+	ZKKNABJGMLHVHS	InChI=1S/C14H18O9/c15-4-9-10(17)11(18)12(19)14(23-9)22-5-6-3-7(16)1-2-8(6)13(20)21/h1-3,9-12,14-19H,4-5H2,(H,20,21)	null	C1=CC(=C(C=C1O)COC2C(C(C(C(O2)CO)O)O)O)C(=O)O	-1.34461546	""	COCONUT:(CNP0306548);Natural Products:(UNPD63806);SuperNatural:(SN00244067)	3178496
8	1	N/A	-87.79106119284046	C14H18O9	[M - H2O + H]+	VLDUXRGYOUFMGC	InChI=1S/C14H18O9/c1-21-8-4-6(2-3-7(8)15)13(19)22-5-9-10(16)11(17)12(18)14(20)23-9/h2-4,9-12,14-18,20H,5H2,1H3	null	COC1=C(C=CC(=C1)C(=O)OCC2C(C(C(C(O2)O)O)O)O)O	-1.29999995	10592506;102451415;102451416	PubChem:(10592506 102451415 102451416);COCONUT:(CNP0309034)	2097154
9	1	N/A	-94.88054789113656	C14H18O9	[M - H2O + H]+	AKQPDLWSZUWOPL	InChI=1S/C14H18O9/c1-21-7-4-2-3-6(9(7)16)13(20)23-14-12(19)11(18)10(17)8(5-15)22-14/h2-4,8,10-12,14-19H,5H2,1H3	null	COC1=CC=CC(=C1O)C(=O)OC2C(C(C(C(O2)CO)O)O)O	-0.200000003	101687175;137796414	COCONUT:(CNP0248351);Natural Products:(UNPD144303);PubChem:(101687175 137796414);SuperNatural:(SN00256650);MeSH:(101687175 137796414);PubMed	3178566
10	1	N/A	-97.87743513069358	C14H18O9	[M - H2O + H]+	HNNJYMLZIJEMNQ	InChI=1S/C14H18O9/c1-21-7-3-2-6(13(19)20)4-8(7)22-14-12(18)11(17)10(16)9(5-15)23-14/h2-4,9-12,14-18H,5H2,1H3,(H,19,20)	null	COC1=C(C=C(C=C1)C(=O)O)OC2C(C(C(C(O2)CO)O)O)O	-0.899627566	101804606	COCONUT:(CNP0133385);Natural Products:(UNPD201152);PubChem:(101804606)	2129922
11	1	N/A	-102.41554847051917	C14H18O9	[M - H2O + H]+	VSTYNZNDJYVPKL	InChI=1S/C14H18O9/c1-21-13(20)6-3-2-4-7(9(6)16)22-14-12(19)11(18)10(17)8(5-15)23-14/h2-4,8,10-12,14-19H,5H2,1H3	null	COC(=O)C1=C(C(=CC=C1)OC2C(C(C(C(O2)CO)O)O)O)O	-0.899627566	54409001	COCONUT:(CNP0326378);Natural Products:(UNPD89366);PubChem:(54409001);SuperNatural:(SN00376639)	3178498
12	1	N/A	-105.15994587295442	C14H18O9	[M - H2O + H]+	MFTAUTLHBIRXOF	InChI=1S/C14H18O9/c1-21-8-4-6(2-3-7(8)13(19)20)22-14-12(18)11(17)10(16)9(5-15)23-14/h2-4,9-12,14-18H,5H2,1H3,(H,19,20)	null	COC1=C(C=CC(=C1)OC2C(C(C(C(O2)CO)O)O)O)C(=O)O	-0.899627566	101985964	COCONUT:(CNP0176715);Natural Products:(UNPD39381);PubChem:(101985964);SuperNatural:(SN00271308)	3178498
13	1	N/A	-108.87760622657605	C14H18O9	[M - H2O + H]+	UNZVEWKPMFASRD	InChI=1S/C14H18O9/c15-4-6-3-7(16)1-2-8(6)13(20)22-5-9-10(17)11(18)12(19)14(21)23-9/h1-3,9-12,14-19,21H,4-5H2	null	C1=CC(=C(C=C1O)CO)C(=O)OCC2C(C(C(C(O2)O)O)O)O	-1.34461546	""	COCONUT:(CNP0278536);Natural Products:(UNPD143639);SuperNatural:(SN00282811)	3178496
14	1	N/A	-116.8410443014324	C14H18O9	[M - H2O + H]+	MVFYXXNAFZRZAM	InChI=1S/C14H18O9/c15-5-9-11(19)12(20)13(21)14(23-9)22-8-2-1-7(16)3-6(8)4-10(17)18/h1-3,9,11-16,19-21H,4-5H2,(H,17,18)	null	C1=CC(=C(C=C1O)CC(=O)O)OC2C(C(C(C(O2)CO)O)O)O	-1.14771843	14104236;14104237;54093105	COCONUT:(CNP0235773);KNApSAcK:(42849);Natural Products:(UNPD159610 UNPD108615);PubChem:(14104236 14104237 54093105);SuperNatural:(SN00260832 SN00276566);PubMed	3178578
15	1	N/A	-123.75784557600403	C14H18O9	[M - H2O + H]+	ARYSAKCPIBLSDO	InChI=1S/C14H18O9/c1-5(16)10-7(17)2-6(3-8(10)18)22-14-13(21)12(20)11(19)9(4-15)23-14/h2-3,9,11-15,17-21H,4H2,1H3	null	CC(=O)C1=C(C=C(C=C1O)OC2C(C(C(C(O2)CO)O)O)O)O	-1.38689363	23928130;74155556	COCONUT:(CNP0338182);Natural Products:(UNPD71386);PubChem:(23928130 74155556);SuperNatural:(SN00028883);ZINC bio:(ZINC31158975);additional;Training Set	3727362
16	1	N/A	-126.97346066386386	C14H18O9	[M - H2O + H]+	GFKQVLKFPJGJEP	InChI=1S/C14H18O9/c1-5(16)10-7(18)2-6(17)3-8(10)22-14-13(21)12(20)11(19)9(4-15)23-14/h2-3,9,11-15,17-21H,4H2,1H3	2-acetyl-3,5-dihydroxyphenyl beta-D-glucopyranoside	CC(=O)C1=C(C=C(C=C1OC2C(C(C(C(O2)CO)O)O)O)O)O	-1.38689363	179470;10042250;14655246;14655247;44571494;51063285;71359096;124869947;124869948	COCONUT:(CNP0150248);Natural Products:(UNPD52904 UNPD1451 UNPD161780);PubChem:(179470 10042250 14655246 14655247 44571494 51063285 71359096 124869947 124869948);SuperNatural:(SN00242886 SN00391899 SN00250022);PubMed	3178562
17	1	N/A	-143.28115693981667	C14H18O9	[M - H2O + H]+	YXQZWNSZGSMOKY	InChI=1S/C14H18O9/c1-5-7(17)2-8(18)6(3-15)13(5)23-14-12(21)11(20)10(19)9(4-16)22-14/h2-3,9-12,14,16-21H,4H2,1H3	null	CC1=C(C(=C(C=C1O)O)C=O)OC2C(C(C(C(O2)CO)O)O)O	-0.600000024	46184091	COCONUT:(CNP0202715);Natural Products:(UNPD69741);PubChem:(46184091);SuperNatural:(SN00275249)	3178498
18	1	N/A	-148.04538104476597	C14H18O9	[M - H2O + H]+	QLFNMRWROGMDLF	InChI=1S/C14H18O9/c1-5(16)6-2-7(17)10(18)8(3-6)22-14-13(21)12(20)11(19)9(4-15)23-14/h2-3,9,11-15,17-21H,4H2,1H3	1-[3,4-dihydroxy-5-[(2S,3R,4S,5S,6R)-3,4,5-trihydroxy-6-(hydroxymethyl)tetrahydropyran-2-yl]oxy-phenyl]ethanone	CC(=O)C1=CC(=C(C(=C1)OC2C(C(C(C(O2)CO)O)O)O)O)O	-1.38689363	71593490	COCONUT:(CNP0329623);Natural Products:(UNPD93800);PubChem:(71593490);SuperNatural:(SN00333189);PubMed	3178562
19	1	N/A	-177.58343965879206	C14H18O9	[M - H2O + H]+	RWNMKVWJIWFKJP	InChI=1S/C14H18O9/c1-6-13(8(16)3-4-20-6)23-14-12(19)11(18)10(17)9(22-14)5-21-7(2)15/h3-4,9-12,14,17-19H,5H2,1-2H3	null	CC1=C(C(=O)C=CO1)OC2C(C(C(C(O2)COC(=O)C)O)O)O	-1.39999998	11088814	COCONUT:(CNP0152136);Natural Products:(UNPD179605);PubChem:(11088814);SuperNatural:(SN00342111)	3178498
20	1	N/A	-182.28085460803382	C14H18O9	[M - H2O + H]+	CECKPYUUJIYPPJ	InChI=1S/C14H18O9/c1-21-12-9(5-15)23-14(11(18)10(12)17)22-8-3-2-6(13(19)20)4-7(8)16/h2-4,9-12,14-18H,5H2,1H3,(H,19,20)	null	COC1C(OC(C(C1O)O)OC2=C(C=C(C=C2)C(=O)O)O)CO	-0.899627566	""	COCONUT:(CNP0174332);Natural Products:(UNPD197945)	2129920
21	1	N/A	-185.23647736323332	C14H18O9	[M - H2O + H]+	HHIIXLFEQMLCPQ	InChI=1S/C14H18O9/c1-5-3-6(15)4-7(8(5)12(19)20)22-14-11(18)9(16)10(17)13(21-2)23-14/h3-4,9-11,13-18H,1-2H3,(H,19,20)	null	CC1=CC(=CC(=C1C(=O)O)OC2C(C(C(C(O2)OC)O)O)O)O	-0.273709983	""	COCONUT:(CNP0271968);Natural Products:(UNPD80230)	2129920
22	1	N/A	-204.3486926026934	C14H18O9	[M - H2O + H]+	OXMMOCDGLISCPM	InChI=1S/C14H18O9/c1-2-5-3-6(15)8(16)7(4-5)22-14-11(19)9(17)10(18)12(23-14)13(20)21/h3-4,9-12,14-19H,2H2,1H3,(H,20,21)	null	CCC1=CC(=C(C(=C1)OC2C(C(C(C(O2)C(=O)O)O)O)O)O)O	0.100000001	131834403	HMDB:(128028);PubChem:(131834403);PubChem class - bio and metabolites	16777226
23	1	N/A	-210.72260207740382	C14H18O9	[M - H2O + H]+	CPHMFZSEPDNJAZ	InChI=1S/C14H18O9/c15-4-3-6-1-2-7(16)8(5-6)22-14-11(19)9(17)10(18)12(23-14)13(20)21/h1-2,5,9-12,14-19H,3-4H2,(H,20,21)	null	C1=CC(=C(C=C1CCO)OC2C(C(C(C(O2)C(=O)O)O)O)O)O	-0.800000012	101422215	PubChem:(101422215);COCONUT:(CNP0007332)	2097154
24	1	N/A	-212.52943227454205	C14H18O9	[M - H2O + H]+	JMDNSUMWVYKARS	InChI=1S/C14H18O9/c15-4-3-6-1-2-8(7(16)5-6)22-14-11(19)9(17)10(18)12(23-14)13(20)21/h1-2,5,9-12,14-19H,3-4H2,(H,20,21)	null	C1=CC(=C(C=C1CCO)O)OC2C(C(C(C(O2)C(=O)O)O)O)O	-0.800000012	102186808	PubChem:(102186808);COCONUT:(CNP0408546)	2097154
25	1	N/A	-214.1979168250626	C14H18O9	[M - H2O + H]+	YDJXMUBJGACGAE	InChI=1S/C14H18O9/c1-2-5-3-6(15)11(7(16)4-5)22-14-10(19)8(17)9(18)12(23-14)13(20)21/h3-4,8-10,12,14-19H,2H2,1H3,(H,20,21)	null	CCC1=CC(=C(C(=C1)O)OC2C(C(C(C(O2)C(=O)O)O)O)O)O	0.100000001	131834404	HMDB:(128029);PubChem:(131834404);PubChem class - bio and metabolites	16777226
26	1	N/A	-229.37298115372204	C14H18O9	[M - H2O + H]+	UEOCXOWUUWTBAK	InChI=1S/C14H18O9/c1-4-6(16)2-5(14(21)22)8(9(4)17)13-12(20)11(19)10(18)7(3-15)23-13/h2,7,10-13,15-20H,3H2,1H3,(H,21,22)	null	CC1=C(C=C(C(=C1O)C2C(C(C(C(O2)CO)O)O)O)C(=O)O)O	-1.32590997	""	COCONUT:(CNP0131347);Natural Products:(UNPD204842)	2129920
27	1	N/A	-237.90772249994242	C14H18O9	[M - H2O + H]+	NDPMSTAEFMZUES	InChI=1S/C14H18O9/c15-7-1-5(2-8(16)11(7)19)14(22)23-4-6-3-9(17)12(20)13(21)10(6)18/h1-2,6,9-10,12-13,15-21H,3-4H2	null	C1C(C(C(C(C1O)O)O)O)COC(=O)C2=CC(=C(C(=C2)O)O)O	-1.09848237	""	COCONUT:(CNP0371566);SuperNatural:(SN00161969)	3145728
28	1	N/A	-258.8926474293481	C14H18O9	[M - H2O + H]+	IWMUXTZLTOTAQO	InChI=1S/C14H18O9/c1-4(16)8-5(17)2-6(18)9(11(8)20)14-13(22)12(21)10(19)7(3-15)23-14/h2,7,10,12-15,17-22H,3H2,1H3	null	CC(=O)C1=C(C=C(C(=C1O)C2C(C(C(C(O2)CO)O)O)O)O)O	-1.39999998	10892862;85305084;89834717;101071400;101269903	COCONUT:(CNP0252661);HMDB:(40621);Natural Products:(UNPD14023 UNPD228535);PubChem:(10892862 85305084 89834717 101071400 101269903);PubChem class - bio and metabolites;PubMed	18907210
29	1	N/A	-268.73052417234794	C14H18O9	[M - H2O + H]+	JSQBDDYDFTZJQM	InChI=1S/C14H18O9/c1-20-8-3-6(13(18)19)4-9(21-2)12(8)23-14-11(17)10(16)7(15)5-22-14/h3-4,7,10-11,14-17H,5H2,1-2H3,(H,18,19)	null	COC1=CC(=CC(=C1OC2C(C(C(CO2)O)O)O)OC)C(=O)O	-0.423783749	""	COCONUT:(CNP0158516);Natural Products:(UNPD224050)	2129920
30	1	N/A	-390.4551411065554	C14H18O9	[M - H2O + H]+	UHWABLZUHZCDLY	InChI=1S/C14H18O9/c1-19-11(15)5-6(12(16)20-2)10-8(14(18)22-4)7(9(5)23-10)13(17)21-3/h5-10H,1-4H3	tetramethyl 7-oxabicyclo[2.2.1]heptane-2,3,5,6-tetracarboxylate	COC(=O)C1C(C2C(C(C1O2)C(=O)OC)C(=O)OC)C(=O)OC	-0.800000012	2748031;5124486;13701051;21578370;21578371	COCONUT:(CNP0041581);PubChem:(2748031 5124486 13701051 21578370 21578371);SuperNatural:(SN00122307);ZINC bio:(ZINC03843457)	3153922
1	1	N/A	-194.37465086970812	C14H16O8	[M + H]+	CFRDJSVAPMHFEQ	InChI=1S/C14H16O8/c1-2-6-3-7(15)5-8(4-6)21-14-11(18)9(16)10(17)12(22-14)13(19)20/h2-5,9-12,14-18H,1H2,(H,19,20)	null	C=CC1=CC(=CC(=C1)OC2C(C(C(C(O2)C(=O)O)O)O)O)O	0.400000006	77519766;131834406	HMDB:(128031);PubChem:(77519766 131834406);PubChem class - bio and metabolites	16777226
2	1	N/A	-194.8210405726392	C14H16O8	[M + H]+	YZUQEQIKTSCPOI	InChI=1S/C14H16O8/c1-2-6-3-4-7(15)8(5-6)21-14-11(18)9(16)10(17)12(22-14)13(19)20/h2-5,9-12,14-18H,1H2,(H,19,20)	null	C=CC1=CC(=C(C=C1)O)OC2C(C(C(C(O2)C(=O)O)O)O)O	0.400000006	131831535	HMDB:(124977);PubChem:(131831535);PubChem class - bio and metabolites	16777226
3	1	N/A	-197.38201321500395	C14H16O8	[M + H]+	UIWCACFKVYEDFE	InChI=1S/C14H16O8/c1-2-6-3-4-7(5-8(6)15)21-14-11(18)9(16)10(17)12(22-14)13(19)20/h2-5,9-12,14-18H,1H2,(H,19,20)	null	C=CC1=C(C=C(C=C1)OC2C(C(C(C(O2)C(=O)O)O)O)O)O	0.400000006	131832848	HMDB:(126429);PubChem:(131832848);PubChem class - bio and metabolites	16777226
4	1	N/A	-203.9405644265338	C14H16O8	[M + H]+	BCGIUGKQOAGBND	InChI=1S/C14H16O8/c1-2-6-3-4-8(7(15)5-6)21-14-11(18)9(16)10(17)12(22-14)13(19)20/h2-5,9-12,14-18H,1H2,(H,19,20)	null	C=CC1=CC(=C(C=C1)OC2C(C(C(C(O2)C(=O)O)O)O)O)O	0.400000006	131831534	HMDB:(124976);PubChem:(131831534);PubChem class - bio and metabolites	16777226
5	1	N/A	-209.2534947303239	C14H16O8	[M + H]+	WZYNSYXZYYCDLC	InChI=1S/C14H16O8/c1-6-4-2-3-5-7(6)13(20)22-14-10(17)8(15)9(16)11(21-14)12(18)19/h2-5,8-11,14-17H,1H3,(H,18,19)	2-Toluic acid glucuronide	CC1=CC=CC=C1C(=O)OC2C(C(C(C(O2)C(=O)O)O)O)O	0.300000012	194582	MeSH:(194582);PubChem:(194582);PubMed	70
6	1	N/A	-209.8065473772587	C14H16O8	[M + H]+	AYJLBPZZGRUJQB	InChI=1S/C14H16O8/c1-2-6-3-4-7(15)5-8(6)21-14-11(18)9(16)10(17)12(22-14)13(19)20/h2-5,9-12,14-18H,1H2,(H,19,20)	null	C=CC1=C(C=C(C=C1)O)OC2C(C(C(C(O2)C(=O)O)O)O)O	0.400000006	131832849	HMDB:(126430);PubChem:(131832849);PubChem class - bio and metabolites	16777226
7	1	N/A	-247.28550971505874	C14H16O8	[M + H]+	ABWSRRGSWCOZTG	InChI=1S/C14H16O8/c15-8(6-7-4-2-1-3-5-7)21-14-11(18)9(16)10(17)12(22-14)13(19)20/h1-5,9-12,14,16-18H,6H2,(H,19,20)	null	C1=CC=C(C=C1)CC(=O)OC2C(C(C(C(O2)C(=O)O)O)O)O	-0.200000003	102064742;131839498	HMDB:(140804);PubChem:(102064742 131839498);PubChem class - bio and metabolites	16777226
8	1	N/A	-312.95762035421734	C14H16O8	[M + H]+	ITLPFVQTQNIPFC	InChI=1S/C14H16O8/c15-3-4-1-5-8-6(2-7(16)10(18)11(8)19)14(21)22-13(5)12(20)9(4)17/h2,4-5,9,12-13,15-20H,1,3H2	null	C1C(C(C(C2C1C3=C(C(=C(C=C3C(=O)O2)O)O)O)O)O)CO	-0.610993743	""	COCONUT:(CNP0131627);Natural Products:(UNPD204252)	2129920
9	1	N/A	-324.03279564981864	C14H16O8	[M + H]+	YLCIIGMCDMDYJF	InChI=1S/C14H16O8/c15-6-10-11(18)12(19)13(20)14(22-10)21-4-3-7-1-2-8(16)9(17)5-7/h1-2,5,10-11,14-18H,3-4,6H2	null	C1=CC(=C(C=C1CCOC2C(=O)C(=O)C(C(O2)CO)O)O)O	-0.200000003	102333450	COCONUT:(CNP0238150);Natural Products:(UNPD104538);PubChem:(102333450);SuperNatural:(SN00274534)	3178498
10	1	N/A	-355.6868333657735	C14H16O8	[M + H]+	LGAQBYWKWZHOKB	InChI=1S/C14H16O8/c15-8-3-1-7(2-4-8)12(18)22-10-6-14(21,13(19)20)5-9(16)11(10)17/h1-4,9-11,15-17,21H,5-6H2,(H,19,20)	null	C1C(C(C(CC1(C(=O)O)O)OC(=O)C2=CC=C(C=C2)O)O)O	-0.5	9839743	COCONUT:(CNP0122256);Natural Products:(UNPD220527);PubChem:(9839743)	2129922
11	1	N/A	-357.5846245373479	C14H16O8	[M + H]+	PSYRONNZYLYIOG	InChI=1S/C14H16O8/c15-8-3-1-7(5-9(8)16)2-4-11(18)22-14-13(20)12(19)10(17)6-21-14/h1-5,10,12-17,19-20H,6H2	null	C1C(C(C(C(O1)OC(=O)C=CC2=CC(=C(C=C2)O)O)O)O)O	-0.600000024	11023363	COCONUT:(CNP0318011);Natural Products:(UNPD78071);PubChem:(11023363);SuperNatural:(SN00320803)	3178498
12	1	N/A	-382.50837571477	C14H16O8	[M + H]+	VYJJGUJNZQPYSP	InChI=1S/C14H16O8/c1-5(16)10-8(18)2-7(17)6-3-14(22-12(6)10)13(20)11(19)9(4-15)21-14/h2,9,11,13,15,17-20H,3-4H2,1H3	null	CC(=O)C1=C(C=C(C2=C1OC3(C2)C(C(C(O3)CO)O)O)O)O	-0.200000003	102444342;102444343	COCONUT:(CNP0129112);Natural Products:(UNPD210108 UNPD229092);PubChem:(102444342 102444343)	2129922
13	1	N/A	-420.90772868791487	C14H16O8	[M + H]+	VFNQXFLXWICPJF	InChI=1S/C14H16O8/c1-14(13(20)21,11(18)7-15)22-12(19)5-3-8-2-4-9(16)10(17)6-8/h2-6,11,15-18H,7H2,1H3,(H,20,21)	null	CC(C(CO)O)(C(=O)O)OC(=O)C=CC1=CC(=C(C=C1)O)O	0.0	23955864;133554289	COCONUT:(CNP0047780 CNP0109437);Natural Products:(UNPD76677);PubChem:(23955864 133554289);SuperNatural:(SN00021078 SN00304607);ZINC bio:(ZINC14814640);additional	3710978
14	1	N/A	-422.68648991182016	C14H16O8	[M + H]+	RUEPXZDDWQCITK	InChI=1S/C14H16O8/c1-14(21,13(19)20)11(17)7-22-12(18)5-3-8-2-4-9(15)10(16)6-8/h2-6,11,15-17,21H,7H2,1H3,(H,19,20)	null	CC(C(COC(=O)C=CC1=CC(=C(C=C1)O)O)O)(C(=O)O)O	0.0	38361920;38361924;38361929;38361934;45360267;101159628;139291717	COCONUT:(CNP0271042 CNP0288659);PubChem:(38361920 38361924 38361929 38361934 45360267 101159628 139291717);SuperNatural:(SN00030165 SN00030164 SN00030166 SN00030167);ZINC bio:(ZINC31168242 ZINC31168245 ZINC31168249 ZINC31168253);additional;Training Set	3694594
15	1	N/A	-428.82293674502137	C14H16O8	[M + H]+	RXGGDNZUKPZWFZ	InChI=1S/C14H16O8/c1-8(15)22-11-7-21-6-9(13(11)14(18)20-3)10(16)4-5-12(17)19-2/h4-5,16H,6-7H2,1-3H3	null	CC(=O)OC1=C(C(=C(C=CC(=O)OC)O)COC1)C(=O)OC	-0.699999988	90681917	COCONUT:(CNP0356781);PubChem:(90681917);PubMed	2097218
16	1	N/A	-478.2203611461166	C14H16O8	[M + H]+	LBMQFKTYWBJJBO	InChI=1S/C14H16O8/c15-8-2-1-6(3-9(8)16)7-4-11(18)22-14(7)13(20)12(19)10(17)5-21-14/h1-3,7,10,12-13,15-17,19-20H,4-5H2	null	C1C(C2(C(C(C(CO2)O)O)O)OC1=O)C3=CC(=C(C=C3)O)O	-0.912365615	""	COCONUT:(CNP0216576);Natural Products:(UNPD204655)	2129920