structureRankPerFormula	formulaRank	ConfidenceScore	CSI:FingerIDScore	molecularFormula	adduct	InChIkey2D	InChI	name	smiles	xlogp	pubchemids	links	dbflags
1	1	N/A	-242.82237853449223	C13H14O7	[M + H]+	MVCZQEYADKZPAR	InChI=1S/C13H14O7/c1-7(14)19-10-5-9(13(16)18-4)6-11(12(10)17-3)20-8(2)15/h5-6H,1-4H3	Benzoic acid, 3,5-bis(acetyloxy)-4-methoxy-, methyl ester	CC(=O)OC1=CC(=CC(=C1OC)OC(=O)C)C(=O)OC	1.20000005	10902054	COCONUT:(CNP0321265);Natural Products:(UNPD82498);PubChem:(10902054)	2129922
2	1	N/A	-243.57944788693138	C13H14O7	[M + H]+	YVWHFCXTCIMUGG	InChI=1S/C13H14O7/c1-17-10-8(12(15)19-3)5-7(11(14)18-2)6-9(10)13(16)20-4/h5-6H,1-4H3	null	COC1=C(C=C(C=C1C(=O)OC)C(=O)OC)C(=O)OC	1.5	85781481	COCONUT:(CNP0153168);Natural Products:(UNPD15991);PubChem:(85781481)	2129922
3	1	N/A	-257.0528601608752	C13H14O7	[M + H]+	AAUNKVZRYQTUNI	InChI=1S/C13H14O7/c1-17-10-6-8(12(15)19-3)7(11(14)18-2)5-9(10)13(16)20-4/h5-6H,1-4H3	Trimethyl 5-methoxybenzene-1,2,4-tricarboxylate	COC1=C(C=C(C(=C1)C(=O)OC)C(=O)OC)C(=O)OC	1.5	72942156	COCONUT:(CNP0288440);Natural Products:(UNPD157723);PubChem:(72942156)	2129922
4	1	N/A	-263.7391451719008	C13H14O7	[M + H]+	QNFXPXLBMKAQFA	InChI=1S/C13H14O7/c1-17-8-6-5-7(11(14)18-2)9(12(15)19-3)10(8)13(16)20-4/h5-6H,1-4H3	null	COC1=C(C(=C(C=C1)C(=O)OC)C(=O)OC)C(=O)OC	1.5	85781903	COCONUT:(CNP0208154);Natural Products:(UNPD145619);PubChem:(85781903)	2129922
5	1	N/A	-268.39989583875695	C13H14O7	[M + H]+	GSTREZWADUCAQX	InChI=1S/C13H14O7/c1-17-10-8(12(15)19-3)6-5-7(11(14)18-2)9(10)13(16)20-4/h5-6H,1-4H3	1,2,4-Benzenetricarboxylic acid, 3-methoxy-, trimethyl ester	COC1=C(C=CC(=C1C(=O)OC)C(=O)OC)C(=O)OC	1.5	71361204	COCONUT:(CNP0163286);Natural Products:(UNPD169585);PubChem:(71361204)	2129922
6	1	N/A	-296.6629995392583	C13H14O7	[M + H]+	GQCJZJRQPUJBML	InChI=1S/C13H14O7/c1-19-11-7-8(2-3-10(11)20-5-4-14)6-9(12(15)16)13(17)18/h2-3,6-7,14H,4-5H2,1H3,(H,15,16)(H,17,18)	((4-(2-Hydroxyethoxy)-3-methoxyphenyl)methylene)malonic acid	COC1=C(C=CC(=C1)C=C(C(=O)O)C(=O)O)OCCO	2.0	3017453	PubChem:(3017453);NORMAN:(NS00054331)	262146
1	1	0.4153024318508709	-31.905860462341515	C13H16O8	[M - H2O + H]+	XWTGDGASXRARSP	InChI=1S/C13H16O8/c14-5-8-9(16)10(17)11(18)13(20-8)21-12(19)6-1-3-7(15)4-2-6/h1-4,8-11,13-18H,5H2	[(2S,3R,4S,5S,6R)-3,4,5-trihydroxy-6-(hydroxymethyl)oxan-2-yl] 4-hydroxybenzoate	C1=CC(=CC=C1C(=O)OC2C(C(C(C(O2)CO)O)O)O)O	-0.886560917	14132341;14132342;50906377;54492551;66694901;91247492	COCONUT:(CNP0289005);Natural Products:(UNPD134590 UNPD84478 UNPD141396);PubChem:(14132341 14132342 50906377 54492551 66694901 91247492);SuperNatural:(SN00263496 SN00392758);PubChem class - bio and metabolites;Plantcyc:(CPD-15283);PubMed;Biocyc:(CPD-15283)	20088898
2	1	N/A	-39.01358689532115	C13H16O8	[M - H2O + H]+	XSSDYIMYZONMBL	InChI=1S/C13H16O8/c14-5-8-9(15)10(16)11(17)13(21-8)20-7-3-1-6(2-4-7)12(18)19/h1-4,8-11,13-17H,5H2,(H,18,19)	4-Hydroxybenzoate-O-glucoside	C1=CC(=CC=C1C(=O)O)OC2C(C(C(C(O2)CO)O)O)O	-0.886560917	440186;3320872;6857424;53235658;57514829;66694866;98766857	COCONUT:(CNP0040976 CNP0167552);KNApSAcK:(35152);Natural Products:(UNPD189869 UNPD147277 UNPD129722);PubChem:(440186 3320872 6857424 53235658 57514829 66694866 98766857);SuperNatural:(SN00036725 SN00036723 SN00282916 SN00034185 SN00034182 SN00034183 SN00380915 SN00034184 SN00036722 SN00336101 SN00036724);CHEBI:(16741 11935);ZINC bio:(ZINC13538582 ZINC13538585 ZINC13538588 ZINC13538591 ZINC35465271 ZINC35465273 ZINC35465276 ZINC35465279);KEGG:(C03993);Plantcyc:(CPD-453);PubMed;Biocyc:(CPD-453)	3320178
3	1	N/A	-45.09479595288011	C13H16O8	[M - H2O + H]+	KBOQXAVWJMJUBC	InChI=1S/C13H16O8/c14-7-3-1-6(2-4-7)12(18)20-5-8-9(15)10(16)11(17)13(19)21-8/h1-4,8-11,13-17,19H,5H2	null	C1=CC(=CC=C1C(=O)OCC2C(C(C(C(O2)O)O)O)O)O	-1.29999995	101938894;131831648	COCONUT:(CNP0224342);HMDB:(125107 125177);Natural Products:(UNPD204888 UNPD10453);PubChem:(101938894 131831648);SuperNatural:(SN00345547);PubChem class - bio and metabolites	19955722
4	1	N/A	-45.51826531387936	C13H16O8	[M - H2O + H]+	XNHKMZHWRNMFCU	InChI=1S/C13H16O8/c14-5-8-9(16)10(17)11(18)13(20-8)21-12(19)6-3-1-2-4-7(6)15/h1-4,8-11,13-18H,5H2	glucosyl salicylate	C1=CC=C(C(=C1)C(=O)OC2C(C(C(C(O2)CO)O)O)O)O	-0.200000003	49859589;54478488	COCONUT:(CNP0211711);PubChem:(49859589 54478488);CHEBI:(133564);PubChem class - bio and metabolites;Plantcyc:(CPD-12629);PubMed;Biocyc:(CPD-12629)	19007586
5	1	N/A	-46.933829610166654	C13H16O8	[M - H2O + H]+	TZPBMNKOLMSJPF	InChI=1S/C13H16O8/c14-5-8-9(15)10(16)11(17)13(21-8)20-7-4-2-1-3-6(7)12(18)19/h1-4,8-11,13-17H,5H2,(H,18,19)	Salicylic acid glucoside	C1=CC=C(C(=C1)C(=O)O)OC2C(C(C(C(O2)CO)O)O)O	-0.886560917	151505;4596190;7099939;7099940;7099941;7099942;7099943;7099944;7099945;7099946;54341953;54341952;101395340;139209098	HMDB:(41271);SuperNatural:(SN00128625 SN00259716);ZINC bio:(ZINC04104822 ZINC08380132 ZINC08380134 ZINC08380136 ZINC08380138);MeSH:(151505 4596190 7099940);Plantcyc:(CPD-12628);PubMed;COCONUT:(CNP0161021 CNP0303673);Natural Products:(UNPD60162);PubChem:(151505 4596190 7099939 7099940 7099941 7099942 7099943 7099944 7099945 7099946 54341953 54341952 101395340 139209098);CHEBI:(87766);PubChem class - bio and metabolites;Biocyc:(CPD-12628)	20097134
6	1	N/A	-51.894406474757325	C13H16O8	[M - H2O + H]+	PCQXEPONZOMDLQ	InChI=1S/C13H16O8/c14-5-8-9(16)10(17)11(18)13(20-8)21-12(19)6-2-1-3-7(15)4-6/h1-4,8-11,13-18H,5H2	null	C1=CC(=CC(=C1)O)C(=O)OC2C(C(C(C(O2)CO)O)O)O	-0.886560917	135398078	PubChem:(135398078);PubMed;Biocyc:(CPD-21670)	2114
7	1	N/A	-57.99773031577177	C13H16O8	[M - H2O + H]+	PWRIVQPFUITQLB	InChI=1S/C13H16O8/c14-7-4-2-1-3-6(7)12(18)20-5-8-9(15)10(16)11(17)13(19)21-8/h1-4,8-11,13-17,19H,5H2	(3,4,5,6-tetrahydroxyoxan-2-yl)methyl 2-hydroxybenzoate	C1=CC=C(C(=C1)C(=O)OCC2C(C(C(C(O2)O)O)O)O)O	-0.699999988	6546269;11055674;21187450;40547057	COCONUT:(CNP0328649);PubChem:(6546269 11055674 21187450 40547057);SuperNatural:(SN00220614);ZINC bio:(ZINC32109487 ZINC32109491 ZINC36367801 ZINC36367802)	3153922
8	1	N/A	-62.0201687686686	C13H16O8	[M - H2O + H]+	QQYZSFSXSYHYIW	InChI=1S/C13H16O8/c14-5-8-9(15)10(16)11(17)13(21-8)20-7-3-1-2-6(4-7)12(18)19/h1-4,8-11,13-17H,5H2,(H,18,19)	3-[(2R,3R,4S,5R,6R)-3,4,5-trihydroxy-6-(hydroxymethyl)oxan-2-yl]oxybenzoic acid	C1=CC(=CC(=C1)OC2C(C(C(C(O2)CO)O)O)O)C(=O)O	-0.886560917	5288339;44223580;46837661;56681198;91477978	PubChem:(5288339 44223580 46837661 56681198 91477978);PubMed;PubChem class - bio and metabolites	16777282
9	1	N/A	-98.16247145790821	C13H16O8	[M - H2O + H]+	HELXVRZEFXGLOR	InChI=1S/C13H16O8/c14-5-9(16)11(18)12(19)10(17)6-21-13(20)7-1-3-8(15)4-2-7/h1-5,9-12,15-19H,6H2	null	C1=CC(=CC=C1C(=O)OCC(C(C(C(C=O)O)O)O)O)O	-0.977096736	""	COCONUT:(CNP0115513);Natural Products:(UNPD230293)	2129920
10	1	N/A	-178.63054356536145	C13H16O8	[M - H2O + H]+	YNYSJHWVHQBIKV	InChI=1S/C13H16O8/c1-6(14)19-10-4-9(13(17)18)5-11(20-7(2)15)12(10)21-8(3)16/h4,10-12H,5H2,1-3H3,(H,17,18)	null	CC(=O)OC1CC(=CC(C1OC(=O)C)OC(=O)C)C(=O)O	0.0	10685589;10063356;24837190;74329274	COCONUT:(CNP0326328);Natural Products:(UNPD43336);PubChem:(10685589 10063356 24837190 74329274);SuperNatural:(SN00313554)	3178498
11	1	N/A	-189.4221479747233	C13H16O8	[M - H2O + H]+	MOBALBURLDTOAP	InChI=1S/C13H16O8/c1-19-6-3-2-4-7(5-6)20-13-10(16)8(14)9(15)11(21-13)12(17)18/h2-5,8-11,13-16H,1H3,(H,17,18)	null	COC1=CC(=CC=C1)OC2C(C(C(C(O2)C(=O)O)O)O)O	0.0	131839164	HMDB:(135642);PubChem:(131839164);PubChem class - bio and metabolites	16777226
12	1	N/A	-419.9773181336077	C13H16O8	[M - H2O + H]+	QHQANDJGWIVAAC	InChI=1S/C13H16O8/c1-20-11(17)10(16)13(19,12(18)21-2)6-7-3-4-8(14)9(15)5-7/h3-5,10,14-16,19H,6H2,1-2H3	null	COC(=O)C(C(CC1=CC(=C(C=C1)O)O)(C(=O)OC)O)O	-0.200000003	131750879	COCONUT:(CNP0275744);HMDB:(29497);Natural Products:(UNPD183915);PubChem:(131750879);SuperNatural:(SN00243630);PubChem class - bio and metabolites	19955722