structureRankPerFormula	formulaRank	ConfidenceScore	CSI:FingerIDScore	molecularFormula	adduct	InChIkey2D	InChI	name	smiles	xlogp	pubchemids	links	dbflags
1	1	0.11971897811243168	-103.50972112894162	C13H24O9	[M + Na]+	ZHMJCBWTPCDXFY	InChI=1S/C13H24O9/c1-4-6(14)8(16)10(18)12(20-4)22-11-9(17)7(15)5(2)21-13(11)19-3/h4-18H,1-3H3	(2R,3R,4R,5R,6S)-2-[(2R,3R,4R,5R,6S)-4,5-dihydroxy-2-methoxy-6-methyloxan-3-yl]oxy-6-methyloxane-3,4,5-triol	CC1C(C(C(C(O1)OC2C(C(C(OC2OC)C)O)O)O)O)O	-2.5999999	13989835;13989841;54547403;57338422;57338423;67329001;68979094;68253465;71268059;101576759;101576760;101643640;100927790;100927792;132493098	COCONUT:(CNP0294846);Natural Products:(UNPD75011);PubChem:(13989835 13989841 54547403 57338422 57338423 67329001 68979094 68253465 71268059 101576759 101576760 101643640 100927790 100927792 132493098);SuperNatural:(SN00239547);MeSH:(54547403);PubMed	3178566
2	1	N/A	-111.05745847538682	C13H24O9	[M + Na]+	ZIWJTDXGUWDLMS	InChI=1S/C13H24O9/c1-4-6(14)7(15)9(17)13(20-4)22-11-5(2)21-12(19-3)10(18)8(11)16/h4-18H,1-3H3	(2S,3R,4R,5R,6S)-2-[(2S,3R,4S,5R,6R)-4,5-dihydroxy-6-methoxy-2-methyloxan-3-yl]oxy-6-methyloxane-3,4,5-triol	CC1C(C(C(C(O1)OC2C(OC(C(C2O)O)OC)C)O)O)O	-2.5999999	5319595;13886369;13886371;16058096;21670842	COCONUT:(CNP0235925);Natural Products:(UNPD73471 UNPD89592 UNPD100979);PubChem:(5319595 13886369 13886371 16058096 21670842);SuperNatural:(SN00328693 SN00160451 SN00241225)	3178498
3	1	N/A	-113.79504900217975	C13H24O9	[M + Na]+	IWTIVOVYLNLEEE	InChI=1S/C13H24O9/c1-4-6(14)8(16)9(17)13(21-4)22-11-7(15)5(2)20-12(19-3)10(11)18/h4-18H,1-3H3	(2S,3R,4R,5R,6S)-2-[(2R,3R,4R,5S,6S)-3,5-dihydroxy-2-methoxy-6-methyloxan-4-yl]oxy-6-methyloxane-3,4,5-triol	CC1C(C(C(C(O1)OC2C(C(OC(C2O)OC)C)O)O)O)O	-2.5999999	13989842;21626035;21626036;21670843;67327847	COCONUT:(CNP0136182);Natural Products:(UNPD46199 UNPD87629);PubChem:(13989842 21626035 21626036 21670843 67327847);SuperNatural:(SN00282278)	3178498
4	1	N/A	-124.59680523394198	C13H24O9	[M + Na]+	VYMPNVIBXBAUDP	InChI=1S/C13H24O9/c1-6(15)3-7(4-9(16)20-2)21-13-12(19)11(18)10(17)8(5-14)22-13/h6-8,10-15,17-19H,3-5H2,1-2H3	methyl 5-hydroxy-3-[(2R,3R,4S,5S,6R)-3,4,5-trihydroxy-6-(hydroxymethyl)oxan-2-yl]oxyhexanoate	CC(CC(CC(=O)OC)OC1C(C(C(C(O1)CO)O)O)O)O	-2.0999999	5319679;14774600;90825502	COCONUT:(CNP0208497);Natural Products:(UNPD88825 UNPD61083);PubChem:(5319679 14774600 90825502);SuperNatural:(SN00243179 SN00160467 SN00344635);PubMed	3178562
5	1	N/A	-126.02241238028991	C13H24O9	[M + Na]+	FWGJBJOIPNCKKF	InChI=1S/C13H24O9/c1-4-7(15)12(8(16)5(2)20-4)22-13-11(19)10(18)9(17)6(3-14)21-13/h4-19H,3H2,1-2H3	null	CC1C(C(C(C(O1)C)O)OC2C(C(C(C(O2)CO)O)O)O)O	-2.44648218	""	CHEBI:(76521)	32
6	1	N/A	-136.70562187586432	C13H24O9	[M + Na]+	NBMBWTIUOJARSX	InChI=1S/C13H24O9/c1-5-12(6(19-2)3-8(15)20-5)22-13-11(18)10(17)9(16)7(4-14)21-13/h5-18H,3-4H2,1-2H3	(2S,3R,4S,5S,6R)-2-[(2R,3R,4S,6R)-6-hydroxy-4-methoxy-2-methyloxan-3-yl]oxy-6-(hydroxymethyl)oxane-3,4,5-triol	CC1C(C(CC(O1)O)OC)OC2C(C(C(C(O2)CO)O)O)O	-2.20000005	12314098;12314099;12314100;20055035;91845572;91847828;91849442;91852987;91853053;91854560;91856054;91857779	COCONUT:(CNP0258763);Natural Products:(UNPD167276 UNPD143197);PubChem:(12314098 12314099 12314100 20055035 91845572 91847828 91849442 91852987 91853053 91854560 91856054 91857779);SuperNatural:(SN00361650 SN00381705);KEGG Mine	8593113090
7	1	N/A	-156.7613477855334	C13H24O9	[M + Na]+	RSVYRIQEGLCWKW	InChI=1S/C13H24O9/c1-4-13(19,12(18)20-3)6(2)21-11-10(17)9(16)8(15)7(5-14)22-11/h6-11,14-17,19H,4-5H2,1-3H3	null	CCC(C(C)OC1C(C(C(C(O1)CO)O)O)O)(C(=O)OC)O	-1.50813615	""	COCONUT:(CNP0163860);SuperNatural:(SN00030280 SN00030283 SN00030282 SN00030281)	3145728