structureRankPerFormula	formulaRank	ConfidenceScore	CSI:FingerIDScore	molecularFormula	adduct	InChIkey2D	InChI	name	smiles	xlogp	pubchemids	links	dbflags
1	1	N/A	-26.231522360918053	C18H32O4	[M - H2O + H]+	QRHSEDZBZMZPOA	InChI=1S/C18H32O4/c1-2-3-4-5-7-10-13-16(19)17(20)14-11-8-6-9-12-15-18(21)22/h3-4,7,10,16-17,19-20H,2,5-6,8-9,11-15H2,1H3,(H,21,22)	alpha-9,10-DiHODE	CCC=CCC=CCC(C(CCCCCCCC(=O)O)O)O	3.9000001	16061066;52940106;101690151;101434044;101434045;101434046;101434047	COCONUT:(CNP0084951);HMDB:(10221);PubChem:(16061066 52940106 101690151 101434044 101434045 101434046 101434047);SuperNatural:(SN00219967);CHEBI:(88440);PubChem class - bio and metabolites;Plantcyc:(CPD-13094);PubMed;Biocyc:(CPD-13094)	20056170
2	1	N/A	-27.113568008165988	C18H32O4	[M - H2O + H]+	SBLKVIQSIHEQOF	InChI=1S/C18H32O4/c19-17(20)15-13-11-9-7-5-3-1-2-4-6-8-10-12-14-16-18(21)22/h1-2H,3-16H2,(H,19,20)(H,21,22)	octadecenedioate	C(CCCC=CCCCCCCCC(=O)O)CCCC(=O)O	5.35958529	9543674;9543675;20482290;25202007;90657642	SuperNatural:(SN00309080 SN00034147 SN00395422);ZINC bio:(ZINC14616324 ZINC35465169);MeSH:(9543674);Plantcyc:(OCTADEC-9-ENE-118-DIOIC-ACID);PubMed;COCONUT:(CNP0040308 CNP0104386);Natural Products:(UNPD102319 UNPD4806);PubChem:(9543674 9543675 20482290 25202007 90657642);PubChem class - bio and metabolites;KEGG:(C19618);PubChem class - safety and toxic;Biocyc:(SMA-0000380 OCTADEC-9-ENE-118-DIOIC-ACID SMA-0000645)	87206214
3	1	N/A	-27.606950941287288	C18H32O4	[M - H2O + H]+	LKLLJYJTYPVCID	InChI=1S/C18H32O4/c1-2-16(19)17(20)14-12-10-8-6-4-3-5-7-9-11-13-15-18(21)22/h4,6,10,12,16-17,19-20H,2-3,5,7-9,11,13-15H2,1H3,(H,21,22)	ACMC-20mzee	CCC(C(CC=CCC=CCCCCCCCC(=O)O)O)O	4.0999999	11209174;16061068;18472036;45783236;52940176;51659266;54038189;51694590;51694592;51694594	HMDB:(10208);SuperNatural:(SN00034492 SN00030472 SN00219962 SN00034494 SN00034493);ZINC bio:(ZINC32821798 ZINC35466036 ZINC35466038 ZINC35466040);additional;Plantcyc:(CPD-13093);PubMed;COCONUT:(CNP0195183 CNP0275050);PubChem:(11209174 16061068 18472036 45783236 52940176 51659266 54038189 51694590 51694592 51694594);CHEBI:(88465);PubChem class - bio and metabolites;Training Set;Biocyc:(CPD-13093)	20605034
4	1	N/A	-28.501764149301387	C18H32O4	[M - H2O + H]+	RGRKFKRAFZJQMS	InChI=1S/C18H32O4/c1-2-3-10-13-16(19)17(20)14-11-8-6-4-5-7-9-12-15-18(21)22/h3,8,10-11,16-17,19-20H,2,4-7,9,12-15H2,1H3,(H,21,22)	alpha-12,13-DiHODE	CCC=CCC(C(CC=CCCCCCCCC(=O)O)O)O	4.0	16061067;52940081;139292049	COCONUT:(CNP0386665);HMDB:(10201);PubChem:(16061067 52940081 139292049);SuperNatural:(SN00219961);CHEBI:(88461);PubChem class - bio and metabolites;Plantcyc:(CPD-13092);Biocyc:(CPD-13092 SMA-0000134)	20056106
5	1	N/A	-33.57625326160932	C18H32O4	[M - H2O + H]+	YDPSQMGOAILWPE	InChI=1S/C18H32O4/c19-17(20)15-13-11-9-7-5-3-1-2-4-6-8-10-12-14-16-18(21)22/h13,15H,1-12,14,16H2,(H,19,20)(H,21,22)	Octadecenedioic acid	C(CCCCCCCC(=O)O)CCCCCCC=CC(=O)O	5.64116907	155501;6440435	COCONUT:(CNP0323144);MeSH:(6440435);PubChem:(155501 6440435);PubMed	2097222
6	1	N/A	-33.75204249108644	C18H32O4	[M - H2O + H]+	PIQZTMSSBGKFNU	InChI=1S/C18H32O4/c1-2-3-4-5-8-11-16(19)14-15-17(20)12-9-6-7-10-13-18(21)22/h8,11,14-17,19-20H,2-7,9-10,12-13H2,1H3,(H,21,22)	8R,11S-dihydroxy-9Z,12Z-octadecadienoic acid	CCCCCC=CC(C=CC(CCCCCCC(=O)O)O)O	4.0	56935844;76463674;91048788;129853925	MeSH:(129853925);PubChem:(56935844 76463674 91048788 129853925);PubMed;KEGG Mine	8589934662
7	1	N/A	-44.105961590993374	C18H32O4	[M - H2O + H]+	JGUNZIWGNMQSBM	InChI=1S/C18H32O4/c1-2-3-4-5-6-8-11-14-17(22-21)15-12-9-7-10-13-16-18(19)20/h6,8,11,14,17,21H,2-5,7,9-10,12-13,15-16H2,1H3,(H,19,20)	9-Hpode	CCCCCC=CC=CC(CCCCCCCC(=O)O)OO	5.4000001	1928;5282856;6439847;6610231;9548877;13291626;13291627;25244877;49852425;56927807;71374811;101532793;101670503;102326256;124511143;134689014	HMDB:(6940 62434);SuperNatural:(SN00216804);ZINC bio:(ZINC08860471 ZINC40164570);additional;MeSH:(5282856 9548877);Plantcyc:(CPD-13768 CPD-8677);PubMed;COCONUT:(CNP0001496 CNP0085561);KNApSAcK:(393);PubChem:(1928 5282856 6439847 6610231 9548877 13291626 13291627 25244877 49852425 56927807 71374811 101532793 101670503 102326256 124511143 134689014);CHEBI:(63331 63323 60955 34498);PubChem class - bio and metabolites;KEGG:(C14827);Biocyc:(CPD-13768 CPD-8677)	20588926
8	1	N/A	-46.245441008823335	C18H32O4	[M - H2O + H]+	LYIOPCJWYKFJQZ	InChI=1S/C18H32O4/c1-2-3-13-16(19)17(20)14-11-9-7-5-4-6-8-10-12-15-18(21)22/h7,9,11,14,16-17,19-20H,2-6,8,10,12-13,15H2,1H3,(H,21,22)	null	CCCCC(C(C=CC=CCCCCCCCC(=O)O)O)O	4.38352537	""	COCONUT:(CNP0089932 CNP0111166);SuperNatural:(SN00164999);KEGG Mine	8593080320
9	1	N/A	-48.604930026923746	C18H32O4	[M - H2O + H]+	IQWYIIPDFISFMV	InChI=1S/C18H32O4/c1-2-16(19)17(20)14-12-10-8-6-4-3-5-7-9-11-13-15-18(21)22/h6,8,12,14,16-17,19-20H,2-5,7,9-11,13,15H2,1H3,(H,21,22)	null	CCC(C(C=CCC=CCCCCCCCCC(=O)O)O)O	4.0999999	23789035;93233212;93233213;93233214;93233215	COCONUT:(CNP0061723 CNP0086829);PubChem:(23789035 93233212 93233213 93233214 93233215);SuperNatural:(SN00038494 SN00038495 SN00038493 SN00038496);ZINC bio:(ZINC36378893 ZINC36378895 ZINC36378897 ZINC36378899)	3153922
10	1	N/A	-51.34576728812412	C18H32O4	[M - H2O + H]+	HIEIDLBUOKMENO	InChI=1S/C18H32O4/c1-2-3-6-11-16(19)13-9-10-14-17(20)12-7-4-5-8-15-18(21)22/h9-10,13-14,16-17,19-20H,2-8,11-12,15H2,1H3,(H,21,22)	8,13-dihydroxy-9,11-octadecadienoic Acid	CCCCCC(C=CC=CC(CCCCCCC(=O)O)O)O	3.9000001	5282963;10064126;53878591;102327517;102327518;102327519	COCONUT:(CNP0143966);Natural Products:(UNPD57608);PubChem:(5282963 10064126 53878591 102327517 102327518 102327519);SuperNatural:(SN00325837);MeSH:(5282963);PubMed;KEGG Mine	8593113158
11	1	N/A	-54.39686201473493	C18H32O4	[M - H2O + H]+	JDSRHVWSAMTSSN	InChI=1S/C18H32O4/c1-2-3-11-14-17(22-21)15-12-9-7-5-4-6-8-10-13-16-18(19)20/h7,9,12,15,17,21H,2-6,8,10-11,13-14,16H2,1H3,(H,19,20)	13-Hpode	CCCCCC(C=CC=CCCCCCCCC(=O)O)OO	5.4000001	1426;440455;5280720;5287424;5353275;6437847;13234548;20838961;21158461;25244709;49866404;88541975;102132738;102571771;119078358;122391287;134688209	HMDB:(3871 62637);ZINC bio:(ZINC08219593 ZINC08219595);additional;MeSH:(5280720 5353275 6437847 49866404);Plantcyc:(13-HYDROPEROXYOCTADECA-911-DIENOATE);PubMed;COCONUT:(CNP0257199 CNP0367878);KNApSAcK:(394);PubChem:(1426 440455 5280720 5287424 5353275 6437847 13234548 20838961 21158461 25244709 49866404 88541975 102132738 102571771 119078358 122391287 134688209);CHEBI:(133985 91272 39573 15655 57466 90823);PubChem class - bio and metabolites;KEGG:(C04717);Training Set;Biocyc:(13-HYDROPEROXYOCTADECA-911-DIENOATE)	19556734
12	1	N/A	-56.70037109795616	C18H32O4	[M - H2O + H]+	YTQIAEGEKPKZHB	InChI=1S/C18H32O4/c1-2-3-4-8-11-16(19)14-15-17(20)12-9-6-5-7-10-13-18(21)22/h14-15,17,20H,2-13H2,1H3,(H,21,22)	9-hydroxy-12-oxo-10-octadecenoic acid	CCCCCCC(=O)C=CC(CCCCCCCC(=O)O)O	4.19999981	5282968;56635340	COCONUT:(CNP0086453 CNP0131901);PubChem:(5282968 56635340);SuperNatural:(SN00030521 SN00030520);ZINC bio:(ZINC33820404 ZINC33820405);KEGG Mine	8593088514
13	1	N/A	-58.279040375500436	C18H32O4	[M - H2O + H]+	HOWCTVFHRUJMDQ	InChI=1S/C18H32O4/c1-2-3-7-11-16(19)13-10-14-17(20)12-8-5-4-6-9-15-18(21)22/h10,14,17,20H,2-9,11-13,15H2,1H3,(H,21,22)	9-hydroxy-13-oxo-10-octadecenoic acid	CCCCCC(=O)CC=CC(CCCCCCCC(=O)O)O	3.79999995	5282969;71380589	PubChem:(5282969 71380589);NORMAN:(NS00010338)	262146
14	1	N/A	-58.61223271649203	C18H32O4	[M - H2O + H]+	NMONGVDUESEHOK	InChI=1S/C18H32O4/c1-2-3-4-5-6-7-8-10-13-16(19)17(20)14-11-9-12-15-18(21)22/h6-7,10,13,16-17,19-20H,2-5,8-9,11-12,14-15H2,1H3,(H,21,22)	7(S),8(S)-DiHODE anion	CCCCCC=CCC=CC(C(CCCCCC(=O)O)O)O	3.9000001	5230525;5281029;6308264;5460412;20839311;46878375;54119385;90658481;90658482	PubChem:(5230525 5281029 6308264 5460412 20839311 46878375 54119385 90658481 90658482);CHEBI:(15658 57468);MeSH:(5230525 5460412 54119385);KEGG:(C07354);Plantcyc:(CPD-13766);PubMed;Biocyc:(CPD-13766)	133478
15	1	N/A	-58.69370288718514	C18H32O4	[M - H2O + H]+	CZGIUGHMJZYXNX	InChI=1S/C18H32O4/c1-2-3-8-11-16(19)14-15-17(20)12-9-6-4-5-7-10-13-18(21)22/h14-16,19H,2-13H2,1H3,(H,21,22)	10-oxo-13-hydroxy-11-octadecenoic acid	CCCCCC(C=CC(=O)CCCCCCCCC(=O)O)O	4.19999981	152976;5283009;9995671;10358170;122706431	COCONUT:(CNP0130823);HMDB:(40900);Natural Products:(UNPD4051);PubChem:(152976 5283009 9995671 10358170 122706431);SuperNatural:(SN00285934);CHEBI:(138786);PubChem class - bio and metabolites;MeSH:(152976 5283009);PubMed;Biocyc:(CPD-19383);KEGG Mine	8609892462
16	1	N/A	-59.14199063889134	C18H32O4	[M - H2O + H]+	KUSHOISAFGTTRU	InChI=1S/C18H32O4/c1-2-3-4-5-7-10-13-16(19)17(20)14-11-8-6-9-12-15-18(21)22/h7,10,17,20H,2-6,8-9,11-15H2,1H3,(H,21,22)	alpha-ketol	CCCCCC=CCC(=O)C(CCCCCCCC(=O)O)O	4.5999999	5282967;16061048;25201447;25244575	PubChem:(5282967 16061048 25201447 25244575);CHEBI:(143972);PubChem class - bio and metabolites;Plantcyc:(CPD-8683);PubMed;Biocyc:(CPD-8683);KEGG Mine	8606845026
17	1	N/A	-62.36412696230654	C18H32O4	[M - H2O + H]+	RGJSGXNKRWWCOQ	InChI=1S/C18H32O4/c1-2-3-4-5-6-7-8-11-14-17(22-21)15-12-9-10-13-16-18(19)20/h6-7,11,14,17,21H,2-5,8-10,12-13,15-16H2,1H3,(H,19,20)	8-Hpode	CCCCCC=CCC=CC(CCCCCCC(=O)O)OO	5.0999999	3035745;5282859;6438758;20839171;45266713;53427338	HMDB:(4706);SuperNatural:(SN00275196);MeSH:(3035745 5282859 6438758 53427338);Plantcyc:(CPD-13762);PubMed;COCONUT:(CNP0205153);Natural Products:(UNPD100761);PubChem:(3035745 5282859 6438758 20839171 45266713 53427338);CHEBI:(58659 34485);PubChem class - bio and metabolites;KEGG:(C14831);Biocyc:(CPD-7010 CPD-13762)	20089198
18	1	N/A	-66.52560661407496	C18H32O4	[M - H2O + H]+	QUEOJKXOXRGXOG	InChI=1S/C18H32O4/c1-2-3-4-10-13-16(19)17(20)14-11-8-6-5-7-9-12-15-18(21)22/h6,8,11,14,16-17,19-20H,2-5,7,9-10,12-13,15H2,1H3,(H,21,22)	null	CCCCCCC(C(C=CC=CCCCCCC(=O)O)O)O	4.19999981	129881881	COCONUT:(CNP0189742);Natural Products:(UNPD202698 UNPD212074);PubChem:(129881881)	2129922
19	1	N/A	-66.89562344969934	C18H32O4	[M - H2O + H]+	YONQBPOWOZLKHS	InChI=1S/C18H32O4/c1-2-3-4-5-8-11-14-17(22-21)15-12-9-6-7-10-13-16-18(19)20/h8,11-12,15,17,21H,2-7,9-10,13-14,16H2,1H3,(H,19,20)	10-Hpode	CCCCCC=CCC(C=CCCCCCCC(=O)O)OO	5.30000019	146203;5282857;13801079;56927724;56927725;56935875;71728463	PubChem:(146203 5282857 13801079 56927724 56927725 56935875 71728463);CHEBI:(64008 63324 75833 64006 75346);MeSH:(146203 5282857 13801079 56927725);KEGG:(C20703 C19937);Plantcyc:(CPD-13769);PubMed;Biocyc:(CPD-13769 CPD-15842)	133478
20	1	N/A	-69.02251908009481	C18H32O4	[M - H2O + H]+	PLWDMWAXENHPLY	InChI=1S/C18H32O4/c1-2-3-4-8-11-14-17(22-21)15-12-9-6-5-7-10-13-16-18(19)20/h11-12,14-15,17,21H,2-10,13,16H2,1H3,(H,19,20)	(11S)-11-hydroperoxylinoleate anion	CCCCCC=CC(C=CCCCCCCCC(=O)O)OO	5.5	441262;5230520;5281026;6308262;21158498;101246249;102518369;124079405	KEGG:(C07338);HMDB:(62281);PubChem:(441262 5230520 5281026 6308262 21158498 101246249 102518369 124079405);CHEBI:(134248 134247 15657 57467);PubChem class - bio and metabolites	16777514
21	1	N/A	-69.20725203976345	C18H32O4	[M - H2O + H]+	JEJFTAIQLBEZLI	InChI=1S/C18H32O4/c1-2-3-4-5-6-7-8-9-12-16(19)15-17(20)13-10-11-14-18(21)22/h6-7,9,12,16-17,19-20H,2-5,8,10-11,13-15H2,1H3,(H,21,22)	null	CCCCCC=CCC=CC(CC(CCCCC(=O)O)O)O	3.79999995	38351772;38351779;38351784;38351791;44715198	COCONUT:(CNP0026703 CNP0087344);PubChem:(38351772 38351779 38351784 38351791 44715198);SuperNatural:(SN00028952 SN00028955 SN00028953 SN00028954);ZINC bio:(ZINC31159406 ZINC31159410 ZINC31159413 ZINC31159417);Training Set;KEGG Mine	8593104898
22	1	N/A	-76.59729670935654	C18H32O4	[M - H2O + H]+	GJGSSMGEAZMVTN	InChI=1S/C18H32O4/c1-2-3-4-7-10-13-16(19)17(20)14-11-8-5-6-9-12-15-18(21)22/h10-11,13-14,16-17,19-20H,2-9,12,15H2,1H3,(H,21,22)	null	CCCCCC=CC(C(C=CCCCCCCC(=O)O)O)O	4.0999999	138393168	COCONUT:(CNP0272510);Natural Products:(UNPD204000);PubChem:(138393168)	2129922
23	1	N/A	-76.81148827226896	C18H32O4	[M - H2O + H]+	CVXOCQUHJDKXHR	InChI=1S/C18H32O4/c1-2-3-4-5-6-7-8-9-11-16(19)14-15-17(20)12-10-13-18(21)22/h6-7,9,11,16-17,19-20H,2-5,8,10,12-15H2,1H3,(H,21,22)	(5S,8R)-5,8-dihydroxylinoleic acid	CCCCCC=CCC=CC(CCC(CCCC(=O)O)O)O	3.79999995	25755601;25755602;101346645;102480503	COCONUT:(CNP0145971 CNP0363731);Natural Products:(UNPD180297);PubChem:(25755601 25755602 101346645 102480503);SuperNatural:(SN00386067 SN00036600);CHEBI:(63217 63216);ZINC bio:(ZINC13336099);KEGG:(C20186);Biocyc:(CPD-13765)	3189026
24	1	N/A	-77.59471536874214	C18H32O4	[M - H2O + H]+	QOUKBWWKBHWVNI	InChI=1S/C18H32O4/c19-15-11-7-9-13-17-16(22-17)12-8-5-3-1-2-4-6-10-14-18(20)21/h5,8,16-17,19H,1-4,6-7,9-15H2,(H,20,21)	null	C(CCCC=CCC1C(O1)CCCCCO)CCCC(=O)O	4.0	129626656;129626657	PubChem:(129626656 129626657);CHEBI:(137469 138270);KEGG Mine	8589934626
25	1	N/A	-78.126464246485	C18H32O4	[M - H2O + H]+	BWLQUNFALXKBSJ	InChI=1S/C18H32O4/c1-2-3-7-10-15(19)13-14-17-16(22-17)11-8-5-4-6-9-12-18(20)21/h13-17,19H,2-12H2,1H3,(H,20,21)	(11E)-9,10-Epoxyoctadecenoic acid	CCCCCC(C=CC1C(O1)CCCCCCCC(=O)O)O	4.0999999	5283016;20756091;21158594;73746123;91456476;137380828;137380835	COCONUT:(CNP0243508);PubChem:(5283016 20756091 21158594 73746123 91456476 137380828 137380835);SuperNatural:(SN00214654);CHEBI:(34504);KEGG:(C14834);PubMed	3146082
26	1	N/A	-79.16083812532585	C18H32O4	[M - H2O + H]+	WCCLYKMJXGYGEN	InChI=1S/C18H32O4/c1-2-3-7-11-16-17(22-16)14-13-15(19)10-8-5-4-6-9-12-18(20)21/h13-17,19H,2-12H2,1H3,(H,20,21)	12,13-Epoxy-9-hydroxy-10-octadecenoate	CCCCCC1C(O1)C=CC(CCCCCCCC(=O)O)O	4.0999999	446304;4470794;5282953;11954062;20846137;101381017;102387705	COCONUT:(CNP0045695);PubChem:(446304 4470794 5282953 11954062 20846137 101381017 102387705);SuperNatural:(SN00214653);CHEBI:(34148);PubChem class - bio and metabolites;KEGG:(C14832)	19923234
27	1	N/A	-80.56185197963774	C18H32O4	[M - H2O + H]+	JGMIHDBBTJHADQ	InChI=1S/C18H32O4/c19-15-11-7-2-1-4-8-12-16-17(22-16)13-9-5-3-6-10-14-18(20)21/h4,8,16-17,19H,1-3,5-7,9-15H2,(H,20,21)	Oxiraneoctanoic acid, 3-(8-hydroxy-2-octenyl)-	C(CCCC1C(O1)CC=CCCCCCO)CCCC(=O)O	4.0	71442428;101392362;129626653;129626654	COCONUT:(CNP0242962);Natural Products:(UNPD150806);PubChem:(71442428 101392362 129626653 129626654);SuperNatural:(SN00403907);CHEBI:(138265 137467);PubMed;KEGG Mine	8593113186
28	1	N/A	-81.29224758110819	C18H32O4	[M - H2O + H]+	PYPUTEDRWCPNSK	InChI=1S/C18H32O4/c1-2-3-4-5-7-10-13-16(19)17(20)14-11-8-6-9-12-15-18(21)22/h6,8,11,14,16-17,19-20H,2-5,7,9-10,12-13,15H2,1H3,(H,21,22)	null	CCCCCCCCC(C(C=CC=CCCCC(=O)O)O)O	4.19999981	44715414	COCONUT:(CNP0317178);PubChem:(44715414);SuperNatural:(SN00040318 SN00040317 SN00040315 SN00040316);ZINC bio:(ZINC67911070 ZINC67911071 ZINC67911074 ZINC67911077)	3153922
29	1	N/A	-82.71703389812885	C18H32O4	[M - H2O + H]+	IFXZTEDNTDVDPL	InChI=1S/C18H32O4/c19-15-11-7-2-1-4-8-12-16-17(22-16)13-9-5-3-6-10-14-18(20)21/h15-17H,1-14H2,(H,20,21)	null	C(CCCC=O)CCCC1C(O1)CCCCCCCC(=O)O	4.30000019	56610689	COCONUT:(CNP0278725);Natural Products:(UNPD149045);PubChem:(56610689);SuperNatural:(SN00395590);KEGG Mine	8593113090
30	1	N/A	-84.37532050117443	C18H32O4	[M - H2O + H]+	LAIUZQCFIABNDP	InChI=1S/C18H32O4/c1-2-3-7-10-14-16(21-14)13-17-15(22-17)11-8-5-4-6-9-12-18(19)20/h14-17H,2-13H2,1H3,(H,19,20)	Diepoxylinoleic acid	CCCCCC1C(O1)CC2C(O2)CCCCCCCC(=O)O	4.5999999	18172;20975723;92219534;92219535;92219536;92219537	COCONUT:(CNP0024438);PubChem:(18172 20975723 92219534 92219535 92219536 92219537);SuperNatural:(SN00214656);CHEBI:(34500);PubChem class - bio and metabolites;MeSH:(18172);KEGG:(C14836);Plantcyc:(CPD-13088);PubMed;Biocyc:(CPD-13088)	20056422
31	1	N/A	-88.21473424095677	C18H32O4	[M - H2O + H]+	XWGDYOAIOAADAR	InChI=1S/C18H32O4/c1-2-3-4-8-11-16(19)14-15-17(20)12-9-6-5-7-10-13-18(21)22/h3-4,17,20H,2,5-15H2,1H3,(H,21,22)	null	CCC=CCCC(=O)CCC(CCCCCCCC(=O)O)O	3.5	134822642	PubChem:(134822642);KEGG:(C21924)	258
32	1	N/A	-89.95742922206907	C18H32O4	[M - H2O + H]+	UCJSYDRGZVWHJS	InChI=1S/C18H32O4/c1-2-3-4-5-7-10-13-16(19)17(20)14-11-8-6-9-12-15-18(21)22/h2-15H2,1H3,(H,21,22)	9,10-dioxooctadecanoic acid	CCCCCCCCC(=O)C(=O)CCCCCCCC(=O)O	4.9000001	5312909	MeSH:(5312909);PubChem:(5312909);PubMed	70
33	1	N/A	-97.69013347155907	C18H32O4	[M - H2O + H]+	ADGNIITUSSHJDU	InChI=1S/C18H32O4/c1-2-3-6-12-16(19)17-13-9-11-15(22-17)10-7-4-5-8-14-18(20)21/h9,11,15-17,19H,2-8,10,12-14H2,1H3,(H,20,21)	null	CCCCCC(C1CC=CC(O1)CCCCCCC(=O)O)O	4.19999981	101914829;138990006	PubChem:(101914829 138990006);COCONUT:(CNP0353732)	2097154
34	1	N/A	-97.87532921031713	C18H32O4	[M - H2O + H]+	UZCLYICSWADYGM	InChI=1S/C18H32O4/c1-2-3-9-13-16-18(22-16)15(19)12-10-7-5-4-6-8-11-14-17(20)21/h10,12,15-16,18-19H,2-9,11,13-14H2,1H3,(H,20,21)	12,13-epoxy-11-hydroxy-9-octadecenoic acid	CCCCCC1C(O1)C(C=CCCCCCCCC(=O)O)O	4.5	446305;4468724;5282954;57484312;102387704;119058195;119058196	COCONUT:(CNP0223876);PubChem:(446305 4468724 5282954 57484312 102387704 119058195 119058196);CHEBI:(132678 132064);PubChem class - bio and metabolites;MeSH:(5282954);PubMed;KEGG Mine	8608809062
35	1	N/A	-100.27636819919971	C18H32O4	[M - H2O + H]+	ITZHGZMZQUJODL	InChI=1S/C18H32O4/c1-2-3-11-14-17(22-21)15-12-9-7-5-4-6-8-10-13-16-18(19)20/h7,9,15,21H,2-6,8,10-14,16H2,1H3,(H,19,20)	13-Hydroperoxylinoleic acid	CCCCCC(=CCC=CCCCCCCCC(=O)O)OO	5.69999981	119266;6438144;15768575;22169439;21158460;92035703	MeSH:(6438144 21158460);PubChem:(119266 6438144 15768575 22169439 21158460 92035703);PubMed;CHEBI:(50097)	102
36	1	N/A	-110.34565997674228	C18H32O4	[M - H2O + H]+	TZTWGGYPSZSNBQ	InChI=1S/C18H32O4/c1-2-3-4-5-6-7-8-11-14-17(19)15-12-9-10-13-16-18(20)22-21/h6-7,11,14,17,19,21H,2-5,8-10,12-13,15-16H2,1H3	null	CCCCCC=CCC=CC(CCCCCCC(=O)OO)O	4.9000001	139585887	PubChem:(139585887);COCONUT:(CNP0353729)	2097154
37	1	N/A	-120.06374678795231	C18H32O4	[M - H2O + H]+	NZIDEIACFROXBU	InChI=1S/C18H32O4/c1-2-3-4-5-6-8-11-14-17(22-21)15-12-9-7-10-13-16-18(19)20/h8,11,14,21H,2-7,9-10,12-13,15-16H2,1H3,(H,19,20)	null	CCCCCCC=CC=C(CCCCCCCC(=O)O)OO	5.9000001	101366800;138756157	PubChem:(101366800 138756157);CHEBI:(144020)	34
38	1	N/A	-133.50686470322597	C18H32O4	[M - H2O + H]+	GIISIZJETLKPQM	InChI=1S/C18H32O4/c1-2-3-4-5-6-9-12-16(19)15-17(20)13-10-7-8-11-14-18(21)22/h15,20H,2-14H2,1H3,(H,21,22)	null	CCCCCCCCC(=O)C=C(CCCCCCC(=O)O)O	5.5	9972832	COCONUT:(CNP0333591);Natural Products:(UNPD69322);PubChem:(9972832);SuperNatural:(SN00371296)	3178498
39	1	N/A	-137.408182993926	C18H32O4	[M - H2O + H]+	LLUBGDHCSCOLNX	InChI=1S/C18H32O4/c1-15(19)9-5-4-7-11-16(20)10-6-2-3-8-12-17-13-14-18(21)22-17/h7,11,15-17,19-20H,2-6,8-10,12-14H2,1H3	null	CC(CCCC=CC(CCCCCCC1CCC(=O)O1)O)O	3.29999995	101782954	COCONUT:(CNP0106201);Natural Products:(UNPD43041);PubChem:(101782954);SuperNatural:(SN00379984)	3178498
40	1	N/A	-153.183442385558	C18H32O4	[M - H2O + H]+	XPIVIEHYRXZHSQ	InChI=1S/C18H32O4/c1-2-3-4-5-6-7-8-9-17-13-12-15(19)10-11-16(20)14-18(21)22-17/h10-11,15-17,19-20H,2-9,12-14H2,1H3	Seimatopolide B	CCCCCCCCCC1CCC(C=CC(CC(=O)O1)O)O	4.30000019	57409556;60165184;71665378	COCONUT:(CNP0241613);MeSH:(57409556);PubChem:(57409556 60165184 71665378);PubMed	2097222
41	1	N/A	-153.65195188196913	C18H32O4	[M - H2O + H]+	KDZSXENKORTDQS	InChI=1S/C18H32O4/c19-17-13-9-5-1-3-7-11-15-21-18(20)14-10-6-2-4-8-12-16-22-17/h1-16H2	1,11-Dioxacycloeicosane-2,12-dione	C1CCCCOC(=O)CCCCCCCCOC(=O)CCC1	5.0	15642894	MeSH:(15642894);PubChem:(15642894);PubMed	70
42	1	N/A	-157.4698103283815	C18H32O4	[M - H2O + H]+	DQHWXDMKGYBSRD	InChI=1S/C18H32O4/c1-2-3-4-5-6-7-8-9-10-11-12-13-16-22-18(21)15-14-17(19)20/h14-15H,2-13,16H2,1H3,(H,19,20)	Tetradecyl hydrogen fumarate	CCCCCCCCCCCCCCOC(=O)C=CC(=O)O	5.86509466	108991;6437415;6912974	PubChem:(108991 6437415 6912974);NORMAN:(NS00057564)	262146
43	1	N/A	-164.06756820576956	C18H32O4	[M - H2O + H]+	KUUZQLFCCOGXKQ	InChI=1S/C18H32O4/c1-3-5-7-9-11-15-21-17(19)13-14-18(20)22-16-12-10-8-6-4-2/h13-14H,3-12,15-16H2,1-2H3	Diheptyl maleate	CCCCCCCOC(=O)C=CC(=O)OCCCCCCC	6.0	3015606;6365368;6432874	NORMAN:(NS00051658);PubChem class - food;PubChem:(3015606 6365368 6432874)	134479874
44	1	N/A	-187.74752112164163	C18H32O4	[M - H2O + H]+	SPOXUSGCKOQPRB	InChI=1S/C18H32O4/c1-3-4-5-6-7-8-9-10-12-16(21-15(2)19)17-13-11-14-18(20)22-17/h16-17H,3-14H2,1-2H3	6-Acetoxy-5-hexadecanolide	CCCCCCCCCCC(C1CCCC(=O)O1)OC(=O)C	5.5999999	205992;10892343;13129261;13129262;13129263	COCONUT:(CNP0280482);Natural Products:(UNPD23369 UNPD94881);PubChem:(205992 10892343 13129261 13129262 13129263);SuperNatural:(SN00161350 SN00381414);PubChem class - bio and metabolites;MeSH:(205992 13129261);PubMed	19955782
45	1	N/A	-191.7892636748291	C18H32O4	[M - H2O + H]+	CRQZQZVUKMYCRH	InChI=1S/C18H32O4/c1-5-9-10-14(6-2)12-18(8-4)13-15(7-3)16(21-22-18)11-17(19)20/h13-14,16H,5-12H2,1-4H3,(H,19,20)	null	CCCCC(CC)CC1(C=C(C(OO1)CC(=O)O)CC)CC	4.80000019	9839778;44584773	COCONUT:(CNP0240631);Natural Products:(UNPD163361);PubChem:(9839778 44584773);SuperNatural:(SN00360334);MeSH:(44584773);PubMed	3178566
46	1	N/A	-194.78212640990117	C18H32O4	[M - H2O + H]+	YVVXYLLLKHONAG	InChI=1S/C18H32O4/c1-5-9-10-14(6-2)12-18(8-4)13-15(7-3)16(21-22-18)11-17(19)20/h9-10,14-16H,5-8,11-13H2,1-4H3,(H,19,20)	null	CCC=CC(CC)CC1(CC(C(OO1)CC(=O)O)CC)CC	4.91678381	""	COCONUT:(CNP0257255);Natural Products:(UNPD5246);SuperNatural:(SN00337994)	3178496
47	1	N/A	-202.5453807437786	C18H32O4	[M - H2O + H]+	YJNRBSIIJBOEIF	InChI=1S/C18H32O4/c1-2-3-4-5-6-7-8-9-10-11-12-13-14-15-16(19)17(20)18(21)22/h14-15,19-20H,2-13H2,1H3,(H,21,22)	null	CCCCCCCCCCCCCC=CC(=C(C(=O)O)O)O	7.5	88100240;134781459	PubChem:(88100240 134781459);COCONUT:(CNP0075031)	2097154
48	1	N/A	-209.02146550636292	C18H32O4	[M - H2O + H]+	AWNCKJSXTDLUET	InChI=1S/C18H32O4/c1-2-3-4-5-6-7-8-9-10-11-12-17(21)22-18-15(19)13-14-16(18)20/h13-16,18-20H,2-12H2,1H3	null	CCCCCCCCCCCCC(=O)OC1C(C=CC1O)O	4.46098137	""	COCONUT:(CNP0188696);Natural Products:(UNPD213021)	2129920
49	1	N/A	-214.60273587047664	C18H32O4	[M - H2O + H]+	BBWLIRJDGKYFLE	InChI=1S/C18H32O4/c1-2-3-4-5-6-7-8-9-10-11-12-15(19)18(22)16(20)13-14-17(18)21/h13-16,19-20,22H,2-12H2,1H3	(4R,5S)-4,5-dihydroxy-5-(1-hydroxytridecyl)cyclopent-2-en-1-one	CCCCCCCCCCCCC(C1(C(C=CC1=O)O)O)O	4.80000019	11335956;122657742;122657743;122209039;139588119	COCONUT:(CNP0138919);Natural Products:(UNPD193215);PubChem:(11335956 122657742 122657743 122209039 139588119);SuperNatural:(SN00369847)	3178498
50	1	N/A	-214.8158308952916	C18H32O4	[M - H2O + H]+	BBTHDALVDNNXRG	InChI=1S/C18H32O4/c1-2-3-4-5-6-7-8-9-10-11-12-13-14-18(21)22-17(15-19)16-20/h8-11,17,19-20H,2-7,12-16H2,1H3	null	CCCCCCCC=CC=CCCCC(=O)OC(CO)CO	4.19999981	76334775	COCONUT:(CNP0077733);PubChem:(76334775);PubMed	2097218
51	1	N/A	-236.9029363386201	C18H32O4	[M - H2O + H]+	NADAFJAMWAJIRR	InChI=1S/C18H32O4/c1-6-9-10-14(4)12-18(8-3)13-15(7-2)16(21-22-18)11-17(19)20-5/h13-14,16H,6-12H2,1-5H3	methyl 2-[(3S,6R)-4,6-diethyl-6-[(2S)-2-methylhexyl]-3H-1,2-dioxin-3-yl]acetate	CCCCC(C)CC1(C=C(C(OO1)CC(=O)OC)CC)CC	4.5999999	10781428;21583534;44575469	COCONUT:(CNP0316324);Natural Products:(UNPD8150);PubChem:(10781428 21583534 44575469);PubMed	2129986
52	1	N/A	-243.13438565728103	C18H32O4	[M - H2O + H]+	CWUVZQMWRPJSFS	InChI=1S/C18H32O4/c1-6-9-10-14(7-2)12-18(4)13-15(8-3)16(21-22-18)11-17(19)20-5/h9-10,14-16H,6-8,11-13H2,1-5H3	plakortin	CCC=CC(CC)CC1(CC(C(OO1)CC(=O)OC)CC)C	4.5	11652539;10448242;23424582;23424628;44584191;44417613;44448232;71439512	COCONUT:(CNP0177021);Natural Products:(UNPD1966 UNPD122152 UNPD18596 UNPD63080);PubChem:(11652539 10448242 23424582 23424628 44584191 44417613 44448232 71439512);SuperNatural:(SN00349196 SN00340162 SN00260493 SN00274490);PubMed;KEGG Mine	8593113154
53	1	N/A	-275.58385641551934	C18H32O4	[M - H2O + H]+	BMDDBWUMPTVTHL	InChI=1S/C18H32O4/c1-6-9-16-14(8-3)12-18(4,22-16)11-13(7-2)15(19)10-17(20)21-5/h6,9,13-16,19H,7-8,10-12H2,1-5H3	methyl (3R,4R)-4-[[(2R,5R)-4-ethyl-2-methyl-5-[(E)-prop-1-enyl]oxolan-2-yl]methyl]-3-hydroxyhexanoate	CCC1CC(OC1C=CC)(C)CC(CC)C(CC(=O)OC)O	3.20000005	10267539;21776924	COCONUT:(CNP0329846);Natural Products:(UNPD94085);PubChem:(10267539 21776924);SuperNatural:(SN00263672)	3178498
54	1	N/A	-285.7749678003223	C18H32O4	[M - H2O + H]+	HOFXBPAZADPVMC	InChI=1S/C18H32O4/c1-4-5-6-7-8-9-10-11-12-13-14-16(18(21)22-3)17(20)15(2)19/h14,17,20H,4-13H2,1-3H3	null	CCCCCCCCCCCC=C(C(C(=O)C)O)C(=O)OC	5.30000019	45275513	COCONUT:(CNP0140149);Natural Products:(UNPD164372);PubChem:(45275513);SuperNatural:(SN00226186)	3178498
55	1	N/A	-304.66054579418443	C18H32O4	[M - H2O + H]+	UBWSIOKTVLUARI	InChI=1S/C18H32O4/c1-5-8-9-13-11-17(21,6-2)16(12(13)4)18(7-3)14(19)10-15(20)22-18/h12-14,16,19,21H,5-11H2,1-4H3	null	CCCCC1CC(C(C1C)C2(C(CC(=O)O2)O)CC)(CC)O	3.70000005	53363203	COCONUT:(CNP0216636);MeSH:(53363203);PubChem:(53363203);PubMed	2097222
56	1	N/A	-307.4310317698765	C18H32O4	[M - H2O + H]+	LMYKUXLTKAEJLC	InChI=1S/C18H32O4/c1-13(20)22-11-7-15-17(3)9-5-8-16(2,12-19)14(17)6-10-18(15,4)21/h14-15,19,21H,5-12H2,1-4H3	null	CC(=O)OCCC1C2(CCCC(C2CCC1(C)O)(C)CO)C	2.9000001	44585997	COCONUT:(CNP0396731);PubChem:(44585997);PubMed	2097218
57	1	N/A	-353.6250402082129	C18H32O4	[M - H2O + H]+	HIEAMEODUHHHLB	InChI=1S/C18H32O4/c1-4-5-6-7-8-9-10-11-12-13-14-15-16(19)18(2,21-3)22-17(15)20/h14,16,19H,4-13H2,1-3H3	null	CCCCCCCCCCCC=C1C(C(OC1=O)(C)OC)O	5.4000001	46834840;46834841	COCONUT:(CNP0175525);Natural Products:(UNPD36097 UNPD117012);PubChem:(46834840 46834841);SuperNatural:(SN00331764)	3178498
1	1	0.16474294972318046	-22.464061755520923	C18H30O3	[M + H]+	JHXAZBBVQSRKJR	InChI=1S/C18H30O3/c1-2-3-11-14-17(19)15-12-9-7-5-4-6-8-10-13-16-18(20)21/h7,9,12,15H,2-6,8,10-11,13-14,16H2,1H3,(H,20,21)	13-Kodda	CCCCCC(=O)C=CC=CCCCCCCCC(=O)O	5.19999981	160205;5283012;6446027;25791066;40490648;117642238	HMDB:(4668);SuperNatural:(SN00241423 SN00391898 SN00358986 SN00011320);ZINC bio:(ZINC04655398 ZINC13515840);additional;MeSH:(160205 5283012 6446027);PubMed;COCONUT:(CNP0144879 CNP0389625);Natural Products:(UNPD43091 UNPD49933 UNPD59866);PubChem:(160205 5283012 6446027 25791066 40490648 117642238);CHEBI:(72815 136531 90781 68947);KEGG:(C14765);Training Set	3727726
2	1	N/A	-26.506520751746457	C18H30O3	[M + H]+	LUZSWWYKKLTDHU	InChI=1S/C18H30O3/c1-2-3-4-5-6-8-11-14-17(19)15-12-9-7-10-13-16-18(20)21/h6,8,11,14H,2-5,7,9-10,12-13,15-16H2,1H3,(H,20,21)	9-Oxo-10,12-odda	CCCCCC=CC=CC(=O)CCCCCCCC(=O)O	5.19999981	193923;5283011;9839084;35025211;38346859;40490649;122605051;132892553	HMDB:(4669);SuperNatural:(SN00028454 SN00352489 SN00327528 SN00011321 SN00246258 SN00013525);ZINC bio:(ZINC04655399 ZINC05523704 ZINC27643508 ZINC31155585);additional;MeSH:(193923 5283011);PubMed;NORMAN:(NS00018018);COCONUT:(CNP0044852 CNP0191563);Natural Products:(UNPD7901 UNPD96725 UNPD213695 UNPD139988);PubChem:(193923 5283011 9839084 35025211 38346859 40490649 122605051 132892553);CHEBI:(72842 133845 72843);KEGG:(C14766);Training Set	3989870
3	1	N/A	-32.722196519158864	C18H30O3	[M + H]+	RIGGEAZDTKMXSI	InChI=1S/C18H30O3/c1-2-3-4-5-6-8-11-14-17(19)15-12-9-7-10-13-16-18(20)21/h3-4,6,8,11,14,17,19H,2,5,7,9-10,12-13,15-16H2,1H3,(H,20,21)	ACMC-20lrpq	CCC=CCC=CC=CC(CCCCCCCC(=O)O)O	4.69999981	146104;6439873;10085948;13917187;10447175;23724713;35025253;53394275;86289427;91820443;101681044;124556869;124556870;124934195;134688571	HMDB:(31934);SuperNatural:(SN00295338 SN00387768 SN00027408);ZINC bio:(ZINC30730644 ZINC33954700);additional;MeSH:(146104 6439873 13917187 35025253 53394275 134688571);Plantcyc:(CPD-17614);PubMed;COCONUT:(CNP0027283 CNP0359787);KNApSAcK:(386);Natural Products:(UNPD162524 UNPD181853);PubChem:(146104 6439873 10085948 13917187 10447175 23724713 35025253 53394275 86289427 91820443 101681044 124556869 124556870 124934195 134688571);CHEBI:(80447 77949 89388 72625);PubChem class - bio and metabolites;KEGG:(C16326);Training Set;Biocyc:(CPD-17614)	20638078
4	1	N/A	-44.11776690360416	C18H30O3	[M + H]+	ILSZLGCGBGSHFR	InChI=1S/C18H30O3/c1-2-17(19)15-13-11-9-7-5-3-4-6-8-10-12-14-16-18(20)21/h3,5,9,11,13,15,17,19H,2,4,6-8,10,12,14,16H2,1H3,(H,20,21)	9,12,14-Octadecatrienoic acid, 16-hydroxy-	CCC(C=CC=CCC=CCCCCCCCC(=O)O)O	4.80000019	13917178;13917179;51533305;51533307;53922940	COCONUT:(CNP0053152 CNP0277937);HMDB:(34586);Natural Products:(UNPD199047 UNPD209720 UNPD51195 UNPD79095);PubChem:(13917178 13917179 51533305 51533307 53922940);SuperNatural:(SN00020643 SN00305526 SN00020642 SN00230802);ZINC bio:(ZINC14494723 ZINC14494726);PubChem class - bio and metabolites	19963914
5	1	N/A	-44.7986096183533	C18H30O3	[M + H]+	YVWMHFYOIJMUMN	InChI=1S/C18H30O3/c1-2-3-4-5-6-7-8-9-10-11-12-14-17(19)15-13-16-18(20)21/h10-12,14H,2-9,13,15-16H2,1H3,(H,20,21)	5-Oxo-(6E,8Z)-octadecadienoic Acid	CCCCCCCCCC=CC=CC(=O)CCCC(=O)O	5.4000001	71751402;85815814;90478988	COCONUT:(CNP0415930);Natural Products:(UNPD18900);PubChem:(71751402 85815814 90478988);SuperNatural:(SN00319893);CHEBI:(137754);MeSH:(90478988);PubMed	3178598
6	1	N/A	-48.89339595749202	C18H30O3	[M + H]+	IULIULPFRYVHEC	InChI=1S/C18H30O3/c1-17(19)15-13-11-9-7-5-3-2-4-6-8-10-12-14-16-18(20)21/h2-3,5,7,9,11,17,19H,4,6,8,10,12-16H2,1H3,(H,20,21)	null	CC(CCC=CC=CC=CCCCCCCCC(=O)O)O	4.9000001	101967558	COCONUT:(CNP0183394);Natural Products:(UNPD116817);PubChem:(101967558);SuperNatural:(SN00241641);KEGG Mine	8593113090
7	1	N/A	-49.40122197389921	C18H30O3	[M + H]+	AUBZNAUZNGCKAN	InChI=1S/C18H30O3/c1-2-3-4-5-6-8-11-14-17(19)15-12-9-7-10-13-16-18(20)21/h11,14,17,19H,2-5,7,9-10,12-13,15-16H2,1H3,(H,20,21)	Helenynolic acid	CCCCCC#CC=CC(CCCCCCCC(=O)O)O	5.0999999	5312856;20054934;21159008;53662211	PubChem:(5312856 20054934 21159008 53662211);KNApSAcK:(47245)	18
8	1	N/A	-49.51961701160217	C18H30O3	[M + H]+	OTAWOAZBNLPFQR	InChI=1S/C18H30O3/c1-2-3-4-5-6-7-8-11-14-17(19)15-12-9-10-13-16-18(20)21/h7-8,17,19H,2-6,9-10,12-13,15-16H2,1H3,(H,20,21)	8-hydroxy-11Z-octadecen-9-ynoic acid	CCCCCCC=CC#CC(CCCCCCC(=O)O)O	5.0999999	5312855;22590937	COCONUT:(CNP0256388);Natural Products:(UNPD138415);PubChem:(5312855 22590937)	2129922
9	1	N/A	-49.66018170798573	C18H30O3	[M + H]+	YPHQMIRXEFDOQM	InChI=1S/C18H30O3/c19-17-15-13-11-9-7-5-3-1-2-4-6-8-10-12-14-16-18(20)21/h1-3,5,7,9,19H,4,6,8,10-17H2,(H,20,21)	ACMC-20mqet	C(CCCC=CC=CC=CCCCCO)CCCC(=O)O	4.80000019	5282949;5282950;20980883	COCONUT:(CNP0214249);Natural Products:(UNPD184820);PubChem:(5282949 5282950 20980883);SuperNatural:(SN00295099);KEGG Mine	8593113090
10	1	N/A	-50.167414964538516	C18H30O3	[M + H]+	PUMIBSUJPRFRQZ	InChI=1S/C18H30O3/c1-2-3-11-14-17(19)15-12-9-7-5-4-6-8-10-13-16-18(20)21/h3,7,9,11H,2,4-6,8,10,12-16H2,1H3,(H,20,21)	null	CCC=CCC(=O)CCC=CCCCCCCCC(=O)O	4.5	45934154;57066224	COCONUT:(CNP0053511);PubChem:(45934154 57066224);SuperNatural:(SN00020447);ZINC bio:(ZINC13516730)	3153922
11	1	N/A	-50.56185658184081	C18H30O3	[M + H]+	KLLGGGQNRTVBSU	InChI=1S/C18H30O3/c1-2-3-11-14-17(19)15-12-9-7-5-4-6-8-10-13-16-18(20)21/h3,7,9,11-12,15,17,19H,2,4-6,8,10,13-14,16H2,1H3,(H,20,21)	13-OH-9Z,11E,15Z-octadecatrienoate	CCC=CCC(C=CC=CCCCCCCCC(=O)O)O	4.80000019	643552;643726;10017485;10469728;16061072;22041877;25015073;54000793;57369995;53394276;90657736;133114396	HMDB:(10203);SuperNatural:(SN00275309 SN00273633 SN00261912 SN00311085);ZINC bio:(ZINC34961834);additional;MeSH:(16061072);PubMed;COCONUT:(CNP0192749);Natural Products:(UNPD26475 UNPD222289 UNPD121251 UNPD9346 UNPD115206 UNPD199766);PubChem:(643552 643726 10017485 10469728 16061072 22041877 25015073 54000793 57369995 53394276 90657736 133114396);CHEBI:(72641 84441 90773 80442);PubChem class - bio and metabolites;KEGG:(C16316);Training Set;Biocyc:(CPD-14994)	20506990
12	1	N/A	-52.92884387591051	C18H30O3	[M + H]+	PQDJTTDGUJFDQI	InChI=1S/C18H30O3/c1-2-3-4-8-11-14-17(19)15-12-9-6-5-7-10-13-16-18(20)21/h11-12,14-15H,2-10,13,16H2,1H3,(H,20,21)	9,12-Octadecadienoic acid, 11-oxo-, (Z,Z)-	CCCCCC=CC(=O)C=CCCCCCCCC(=O)O	5.56555271	9882600;71356927;102518370	COCONUT:(CNP0197032);KNApSAcK:(432);Natural Products:(UNPD102046);PubChem:(9882600 71356927 102518370);SuperNatural:(SN00273635)	3178514
13	1	N/A	-55.016557390507174	C18H30O3	[M + H]+	JQXGCBKGIBTCHY	InChI=1S/C18H30O3/c1-2-3-4-5-6-7-8-9-10-11-12-13-14-15-16-17(19)18(20)21/h3-4,6-7,9-10,17,19H,2,5,8,11-16H2,1H3,(H,20,21)	9,12,15-Octadecatrienoic acid, hydroxy-	CCC=CCC=CCC=CCCCCCCC(C(=O)O)O	5.19999981	5312775;16061058;22717119;53969926;72193753;92966022;131751135	COCONUT:(CNP0304800);HMDB:(31103);PubChem:(5312775 16061058 22717119 53969926 72193753 92966022 131751135);CHEBI:(76234 76150);ZINC bio:(ZINC30730659);additional;PubChem class - bio and metabolites;KEGG:(C16342)	19407146
14	1	N/A	-55.37054540243066	C18H30O3	[M + H]+	WOZLPPGKSWZLBI	InChI=1S/C18H30O3/c1-2-3-4-11-14-17(19)15-12-9-7-5-6-8-10-13-16-18(20)21/h3-4,9,11-12,14,17,19H,2,5-8,10,13,15-16H2,1H3,(H,20,21)	9,13,15-Octadecatrienoic acid, 12-hydroxy-, (9Z,13E,15Z)-	CCC=CC=CC(CC=CCCCCCCCC(=O)O)O	4.80000019	23815432;71407440;101926807;102522407	COCONUT:(CNP0182809);Natural Products:(UNPD200431 UNPD36180);PubChem:(23815432 71407440 101926807 102522407);SuperNatural:(SN00321047)	3178498
15	1	N/A	-55.56011305705573	C18H30O3	[M + H]+	JTEGNNHWOIJBJZ	InChI=1S/C18H30O3/c1-2-3-4-5-7-10-13-16-17(21-16)14-11-8-6-9-12-15-18(19)20/h3-4,7,10,16-17H,2,5-6,8-9,11-15H2,1H3,(H,19,20)	alpha-9(10)-EpODE	CCC=CCC=CCC1C(O1)CCCCCCCC(=O)O	4.9000001	111585;6437668;11323872;16061060;52940134	COCONUT:(CNP0129495);HMDB:(10220);Natural Products:(UNPD34862 UNPD208725);PubChem:(111585 6437668 11323872 16061060 52940134);SuperNatural:(SN00392727);CHEBI:(88441);PubChem class - bio and metabolites;Plantcyc:(CPD-13089);PubMed;Biocyc:(CPD-13089 SMA-0000697);KEGG Mine	8610023530
16	1	N/A	-56.37308172916224	C18H30O3	[M + H]+	HHZKKFXQEIBVEV	InChI=1S/C18H30O3/c1-2-3-4-5-7-10-13-16-21-17-14-11-8-6-9-12-15-18(19)20/h7,10,13-14,16-17H,2-6,8-9,11-12,15H2,1H3,(H,19,20)	colneleate	CCCCCC=CC=COC=CCCCCCCC(=O)O	5.9000001	171201;6441681;13917543;25245832	HMDB:(30995);ZINC bio:(ZINC13406033);MeSH:(6441681);Plantcyc:(CPD-8679);PubMed;COCONUT:(CNP0081213);KNApSAcK:(449);PubChem:(171201 6441681 13917543 25245832);CHEBI:(60957 60956);PubChem class - bio and metabolites;KEGG:(C19827);Biocyc:(CPD-8679)	19016062
17	1	N/A	-57.19393329038453	C18H30O3	[M + H]+	UXONISNZWGFLGH	InChI=1S/C18H30O3/c1-2-3-4-5-6-8-11-14-17(19)15-12-9-7-10-13-16-18(20)21/h7,9,12,15H,2-6,8,10-11,13-14,16H2,1H3,(H,20,21)	null	CCCCCCCCCC(=O)C=CC=CCCCC(=O)O	5.19999981	129882182;129882199	COCONUT:(CNP0121137);Natural Products:(UNPD221995);PubChem:(129882182 129882199)	2129922
18	1	N/A	-58.98030922490581	C18H30O3	[M + H]+	HKSDVVJONLXYKL	InChI=1S/C18H30O3/c1-2-16-17(21-16)14-12-10-8-6-4-3-5-7-9-11-13-15-18(19)20/h4,6,10,12,16-17H,2-3,5,7-9,11,13-15H2,1H3,(H,19,20)	alpha-15(16)-EpODE	CCC1C(O1)CC=CCC=CCCCCCCCC(=O)O	5.0999999	182395;6442688;14212253;16061062;52940137;53882399;87509731;101167770;101221946;101221947;131751107;131839807	COCONUT:(CNP0234143);HMDB:(10206 30950);Natural Products:(UNPD181701 UNPD38093 UNPD11105);PubChem:(182395 6442688 14212253 16061062 52940137 53882399 87509731 101167770 101221946 101221947 131751107 131839807);SuperNatural:(SN00317541 SN00312870 SN00297264);CHEBI:(88460);PubChem class - bio and metabolites;Plantcyc:(CPD-13091);PubMed;Biocyc:(SMA-0000031 CPD-13091);KEGG Mine	8610023530
19	1	N/A	-59.494954084033026	C18H30O3	[M + H]+	DFJANWUFKCWCIA	InChI=1S/C18H30O3/c1-2-14-17(19)15-12-10-8-6-4-3-5-7-9-11-13-16-18(20)21/h4,6,10,12H,2-3,5,7-9,11,13-16H2,1H3,(H,20,21)/p-1	null	CCCC(=O)CC=CCC=CCCCCCCCC(=O)[O-]	4.93232441	""	COCONUT:(CNP0156891);SuperNatural:(SN00035166)	3145728
20	1	N/A	-63.25741583494238	C18H30O3	[M + H]+	FPBPRIGRWBZTAC	InChI=1S/C18H30O3/c1-2-3-4-5-8-11-14-17(19)15-12-9-6-7-10-13-16-18(20)21/h12,15,17,19H,2-5,7-8,10-11,13-14,16H2,1H3,(H,20,21)	8-Octadecen-6-ynoicacid, 10-hydroxy-, (8E)-	CCCCCCCCC(C=CC#CCCCCC(=O)O)O	5.0999999	71339334	COCONUT:(CNP0307846);Natural Products:(UNPD65366);PubChem:(71339334)	2129922
21	1	N/A	-63.63624499324092	C18H30O3	[M + H]+	XLQJTUVHYOEDEB	InChI=1S/C18H30O3/c1-2-3-11-14-17(19)15-12-9-7-5-4-6-8-10-13-16-18(20)21/h7,9,11-12,14-15,17,19H,2-6,8,10,13,16H2,1H3,(H,20,21)	null	CCCC=CC(C=CC=CCCCCCCCC(=O)O)O	5.0	23724708	COCONUT:(CNP0053932);PubChem:(23724708);SuperNatural:(SN00215255)	3145730
22	1	N/A	-64.37648385374999	C18H30O3	[M + H]+	ZALZJWKAEHMXRH	InChI=1S/C18H30O3/c19-17-15-13-11-9-7-5-3-1-2-4-6-8-10-12-14-16-18(20)21/h6,8,10,12,14,16,19H,1-5,7,9,11,13,15,17H2,(H,20,21)	Octadecatrienoic acid, 18-hydroxy-	C(CCCCCC=CC=CC=CC(=O)O)CCCCCO	5.5999999	71413157	COCONUT:(CNP0251570);Natural Products:(UNPD207458 UNPD23905 UNPD217104);PubChem:(71413157);SuperNatural:(SN00253599);PubMed	3178562
23	1	N/A	-65.89408101332411	C18H30O3	[M + H]+	NQNHRHWFZHFAAH	InChI=1S/C18H30O3/c1-2-3-4-13-16-21-17-14-11-9-7-5-6-8-10-12-15-18(19)20/h9,11,13-14,16-17H,2-8,10,12,15H2,1H3,(H,19,20)	etheroleate	CCCCC=COC=CC=CCCCCCCCC(=O)O	5.9000001	15312790;25203459;25246007;25246008;45934076;101716243;134820117;134820159	COCONUT:(CNP0037731 CNP0352728);PubChem:(15312790 25203459 25246007 25246008 45934076 101716243 134820117 134820159);SuperNatural:(SN00035112 SN00035069);CHEBI:(133329);ZINC bio:(ZINC59211669 ZINC62612373);PubChem class - bio and metabolites;MeSH:(25246007 25246008);Plantcyc:(CPD-8690);PubMed;Biocyc:(CPD-21302 CPD-8690 CPD-21299);KEGG Mine	8609998950
24	1	N/A	-68.61723383792095	C18H30O3	[M + H]+	MECYDNMVWUSMSU	InChI=1S/C18H30O3/c1-2-3-4-5-6-8-11-14-17(19)15-12-9-7-10-13-16-18(20)21/h7,10,13,16H,2-6,8-9,11-12,14-15H2,1H3,(H,20,21)	null	CCCCCCCCCC(=O)CCCC=CC=CC(=O)O	5.19999981	54067607;56776331;89806663	COCONUT:(CNP0087376 CNP0129249);PubChem:(54067607 56776331 89806663);SuperNatural:(SN00039595);ZINC bio:(ZINC67902546);Training Set;PubMed	3170370
25	1	N/A	-71.24574253635609	C18H30O3	[M + H]+	BKKGUKSHPCTUGE	InChI=1S/C18H30O3/c1-2-3-10-13-16-17(21-16)14-11-8-6-4-5-7-9-12-15-18(19)20/h3,8,10-11,16-17H,2,4-7,9,12-15H2,1H3,(H,19,20)	alpha-12(13)-EpODE	CCC=CCC1C(O1)CC=CCCCCCCCC(=O)O	5.0	111551;6437661;11335394;16061061;52940266;101159983;101691497;123663890;131751130;137347928	COCONUT:(CNP0186441);HMDB:(10200 31088);Natural Products:(UNPD148956 UNPD117869);PubChem:(111551 6437661 11335394 16061061 52940266 101159983 101691497 123663890 131751130 137347928);SuperNatural:(SN00269218 SN00372943);CHEBI:(88462);PubChem class - bio and metabolites;Plantcyc:(CPD-13090);PubMed;Biocyc:(SMA-0000065 CPD-13090);KEGG Mine	8610023530
26	1	N/A	-73.52240421452854	C18H30O3	[M + H]+	JIYAONITMKZUHD	InChI=1S/C18H30O3/c1-2-3-4-5-6-8-11-14-17(19)15-12-9-7-10-13-16-18(20)21/h6,8-9,11-12,14,17,19H,2-5,7,10,13,15-16H2,1H3,(H,20,21)	(6Z,10E,12Z)-9-hydroxyoctadeca-6,10,12-trienoate	CCCCCC=CC=CC(CC=CCCCCC(=O)O)O	4.80000019	11000896;10334749;10379717;42636917;59755723;72553380	COCONUT:(CNP0144469);Natural Products:(UNPD187062 UNPD228730 UNPD199168);PubChem:(11000896 10334749 10379717 42636917 59755723 72553380);SuperNatural:(SN00263354)	3178498
27	1	N/A	-78.13439632663487	C18H30O3	[M + H]+	VOYQBHLXQQYUDZ	InChI=1S/C18H30O3/c1-2-3-10-13-16-17(21-16)14-11-8-6-4-5-7-9-12-15-18(19)20/h7,9,12,15-17H,2-6,8,10-11,13-14H2,1H3,(H,19,20)	null	CCCCCC1C(O1)CCCCCCC=CC=CC(=O)O	5.5999999	87347330;91264929	COCONUT:(CNP0386240);PubChem:(87347330 91264929);SuperNatural:(SN00035168 SN00035167);PubMed;ZINC bio:(ZINC64219901 ZINC64219902)	3153986
28	1	N/A	-79.5721687541899	C18H30O3	[M + H]+	HNBLUNXZQNJFRB	InChI=1S/C18H30O3/c1-2-3-11-14-17(19)15-12-9-7-5-4-6-8-10-13-16-18(20)21/h4,6-7,9,12,15,17,19H,2-3,5,8,10-11,13-14,16H2,1H3,(H,20,21)	13-Hodta	CCCCCC(C=CC=CCC=CCCCCC(=O)O)O	4.69999981	1425;126472;5282971;5353274;10040121;10040239;59755726;76331557;87703938;124389575	MeSH:(5282971 5353274);PubChem:(1425 126472 5282971 5353274 10040121 10040239 59755726 76331557 87703938 124389575);PubMed;CHEBI:(72808)	102
29	1	N/A	-80.75791294373836	C18H30O3	[M + H]+	PSQSSLVXOIJSMX	InChI=1S/C18H30O3/c1-17(19)15-13-11-9-7-5-3-2-4-6-8-10-12-14-16-18(20)21/h2-3,7,9,13,15,17,19H,4-6,8,10-12,14,16H2,1H3,(H,20,21)	17-Hydroxylinolenate	CC(C=CCC=CCC=CCCCCCCCC(=O)O)O	4.92461634	10708957;11369899;54206215;102379765	COCONUT:(CNP0287815);HMDB:(11108);PubChem:(10708957 11369899 54206215 102379765);SuperNatural:(SN00220429);CHEBI:(80463);PubChem class - bio and metabolites;KEGG:(C16346)	19923242
30	1	N/A	-84.67750726950129	C18H30O3	[M + H]+	TWTHFEGWSHYELZ	InChI=1S/C18H30O3/c1-2-3-4-8-11-14-17(19)15-12-9-6-5-7-10-13-16-18(20)21/h5-6,11-12,14-15,17,19H,2-4,7-10,13,16H2,1H3,(H,20,21)	11-Hodta	CCCCCC=CC(C=CCC=CCCCCC(=O)O)O	4.80000019	6438775;10017416;10357170;10379786;10379836;10469870;20704673;20839174;25240599;53422640;101967521	MeSH:(6438775 53422640);KNApSAcK:(435);PubChem:(6438775 10017416 10357170 10379786 10379836 10469870 20704673 20839174 25240599 53422640 101967521);PubMed;KEGG Mine	8589934678
31	1	N/A	-90.7804217280575	C18H30O3	[M + H]+	TVHXKPMFCYEQTM	InChI=1S/C18H30O3/c1-2-3-10-13-16-17(21-16)14-11-8-6-4-5-7-9-12-15-18(19)20/h4-5,8,11,16-17H,2-3,6-7,9-10,12-15H2,1H3,(H,19,20)	gamma- 12(13)-EpODE	CCCCCC1C(O1)CC=CCC=CCCCCC(=O)O	4.9000001	16061065;131839812;131839813	COCONUT:(CNP0211093);HMDB:(62288);Natural Products:(UNPD90871 UNPD199767);PubChem:(16061065 131839812 131839813);SuperNatural:(SN00338995);PubChem class - bio and metabolites;KEGG Mine	8609890314
32	1	N/A	-91.83304110904457	C18H30O3	[M + H]+	YUPHIKSLGBATJK	InChI=1S/C18H30O3/c1-2-3-4-5-6-8-11-14-17(19)15-12-9-7-10-13-16-18(20)21/h3-4,8,11,14,19H,2,5-7,9-10,12-13,15-16H2,1H3,(H,20,21)	9-hydroxy-10,12,15(E,Z,Z) octadecatrienoate	CCC=CCCC=CC=C(CCCCCCCC(=O)O)O	5.0999999	53480359	COCONUT:(CNP0084953);HMDB:(10224);PubChem:(53480359);SuperNatural:(SN00219968);CHEBI:(88438);PubMed	3145834
33	1	N/A	-95.00718956138923	C18H30O3	[M + H]+	JOXIVAIPQNTJLU	InChI=1S/C18H30O3/c1-2-3-4-5-6-7-8-9-10-11-12-13-14-17(19)15-16-18(20)21/h9-10,15-16H,2-8,11-14H2,1H3,(H,20,21)	(2E,9E)-4-oxooctadeca-2,9-dienoic Acid	CCCCCCCCC=CCCCCC(=O)C=CC(=O)O	5.5999999	11380863	COCONUT:(CNP0371578);Natural Products:(UNPD15728);PubChem:(11380863);SuperNatural:(SN00256928)	3178498
34	1	N/A	-96.2532814393489	C18H30O3	[M + H]+	VKJKVBSGNYKEGH	InChI=1S/C18H30O3/c1-2-3-4-5-6-7-8-9-10-11-13-16-17(21-16)14-12-15-18(19)20/h6-7,9-10,16-17H,2-5,8,11-15H2,1H3,(H,19,20)/p-1	null	CCCCCC=CCC=CCCC1C(O1)CCCC(=O)[O-]	4.93201113	""	COCONUT:(CNP0149530);SuperNatural:(SN00035170 SN00035169 SN00035172 SN00035171)	3145728
35	1	N/A	-97.21312510728117	C18H30O3	[M + H]+	BFEZTQZQUDAAIS	InChI=1S/C18H30O3/c1-2-3-4-5-6-7-8-9-10-11-12-13-14-17(19)15-16-18(20)21/h7-8,15-16H,2-6,9-14H2,1H3,(H,20,21)	(2E,11Z)-4-oxooctadeca-2,11-dienoic Acid	CCCCCCC=CCCCCCCC(=O)C=CC(=O)O	5.5999999	11289408	COCONUT:(CNP0290503);Natural Products:(UNPD133561);PubChem:(11289408);SuperNatural:(SN00249972)	3178498
36	1	N/A	-99.71413180695114	C18H30O3	[M + H]+	WOAUICHIUBIWJY	InChI=1S/C18H30O3/c1-2-3-4-5-6-7-8-9-10-11-12-13-14-15-17(19)16-18(20)21/h3-4,12-15,17,19H,2,5-11,16H2,1H3,(H,20,21)	null	CCC=CCCCCCCCC=CC=CC(CC(=O)O)O	5.0	25146753	COCONUT:(CNP0275972);Natural Products:(UNPD154428);PubChem:(25146753);SuperNatural:(SN00299233)	3178498
37	1	N/A	-104.00448080657719	C18H30O3	[M + H]+	LAIGSRSLYYWKPR	InChI=1S/C18H30O3/c1-2-3-4-5-6-7-8-9-10-11-12-13-14-17(19)15-16-18(20)21/h2,15-16H,1,3-14H2,(H,20,21)	null	C=CCCCCCCCCCCCCC(=O)C=CC(=O)O	6.0	102586820	COCONUT:(CNP0244491);Natural Products:(UNPD167156);PubChem:(102586820);SuperNatural:(SN00340242)	3178498
38	1	N/A	-107.33149714158769	C18H30O3	[M + H]+	UGTCOILQUYCYAW	InChI=1S/C18H30O3/c19-17-14-13-16(15-17)11-9-7-5-3-1-2-4-6-8-10-12-18(20)21/h15H,1-14H2,(H,20,21)	null	C1CC(=O)C=C1CCCCCCCCCCCCC(=O)O	5.31490278	""	COCONUT:(CNP0247023);Natural Products:(UNPD113294);SuperNatural:(SN00289813)	3178496
39	1	N/A	-108.8721696935572	C18H30O3	[M + H]+	LVVCDOSOKGYQFY	InChI=1S/C18H30O3/c1-2-3-4-5-7-10-13-16-17(21-16)14-11-8-6-9-12-15-18(19)20/h7,10,13,17H,2-6,8-9,11-12,14-15H2,1H3,(H,19,20)	9,10-epoxy-10,12Z-octadecadienoic acid	CCCCCC=CC=C1C(O1)CCCCCCCC(=O)O	5.5999999	16061051;25201464;54055323;90831183;91820283;91820284;122228891;137333894	PubChem:(16061051 25201464 54055323 90831183 91820283 91820284 122228891 137333894);CHEBI:(143139 143790);PubChem class - bio and metabolites;Plantcyc:(CPD-8681);PubMed;Biocyc:(CPD-8681);KEGG Mine	8606845026
40	1	N/A	-114.93965106552432	C18H30O3	[M + H]+	OEYKGJFTEBHJCL	InChI=1S/C18H30O3/c1-2-3-4-5-6-7-8-9-10-11-12-13-14-15-16-17-18(19)21-20/h3-4,6-7,9-10,20H,2,5,8,11-17H2,1H3	Peroxylinolenic acid	CCC=CCC=CCC=CCCCCCCCC(=O)OO	5.69999981	3036442;6439905	MeSH:(6439905);PubChem:(3036442 6439905);PubMed	70
41	1	N/A	-123.26489169557928	C18H30O3	[M + H]+	ZFVKKBAQVWQQHP	InChI=1S/C18H30O3/c1-2-3-10-13-16-17(21-16)14-11-8-6-4-5-7-9-12-15-18(19)20/h8,11,14,16H,2-7,9-10,12-13,15H2,1H3,(H,19,20)	12,13S-epoxy-9Z,11-octadecadienoic acid	CCCCCC1C(=CC=CCCCCCCCC(=O)O)O1	5.5999999	3081061;3379974;5809214;5280703;5459776;6449835;16061040;20841328;21158456;21158457;46878374;87394805;129757796	COCONUT:(CNP0146417 CNP0208495);PubChem:(3081061 3379974 5809214 5280703 5459776 6449835 16061040 20841328 21158456 21158457 46878374 87394805 129757796);SuperNatural:(SN00213275);CHEBI:(15654 19135 57465);MeSH:(6449835);KEGG:(C04594);Plantcyc:(EPOXYOCTA-CPD);PubMed;Biocyc:(EPOXYOCTA-CPD)	3279206
42	1	N/A	-127.70321728921084	C18H30O3	[M + H]+	BZXZFDKIRZBJEP	InChI=1S/C18H30O3/c1-2-3-7-11-16-15(13-14-17(16)19)10-8-5-4-6-9-12-18(20)21/h3,7,15-16H,2,4-6,8-14H2,1H3,(H,20,21)	(+/-)-12-Oxodihydrophytodienoic acid	CCC=CCC1C(CCC1=O)CCCCCCCC(=O)O	4.69999981	440477;2826711;3394958;5716902;5813616;5280729;5459804;22910886;25190962;102330614;126961123	COCONUT:(CNP0085036 CNP0313826);KNApSAcK:(366);Natural Products:(UNPD72464 UNPD88888);PubChem:(440477 2826711 3394958 5716902 5813616 5280729 5459804 22910886 25190962 102330614 126961123);SuperNatural:(SN00231165 SN00241746);CHEBI:(137132 49265 15720);PubChem class - bio and metabolites;KEGG:(C04780);Plantcyc:(CPD-730 CPDQT-395);PubMed;Biocyc:(CPD-730)	20089202
43	1	N/A	-141.44625507578561	C18H30O3	[M + H]+	BJTONYHCPUUWFX	InChI=1S/C18H30O3/c1-2-3-8-11-16-14-15-17(21-16)12-9-6-4-5-7-10-13-18(19)20/h14-15H,2-13H2,1H3,(H,19,20)	2-Furannonanoic acid, 5-pentyl-	CCCCCC1=CC=C(O1)CCCCCCCCC(=O)O	5.9000001	53685760	HMDB:(112102);PubChem:(53685760);PubChem class - bio and metabolites	16777226
44	1	N/A	-145.14656690902382	C18H30O3	[M + H]+	WKABMUFTMQMEAJ	InChI=1S/C18H30O3/c1-2-3-7-10-15-13-14-17(19)16(15)11-8-5-4-6-9-12-18(20)21/h13-16H,2-12H2,1H3,(H,20,21)	(9R,13R)-10-oxo-11-phytoenoic acid	CCCCCC1C=CC(=O)C1CCCCCCCC(=O)O	5.4000001	16061073;16061074;54434858;101005831;122706033;122706559;122228892	PubChem:(16061073 16061074 54434858 101005831 122706033 122706559 122228892);PubMed;Biocyc:(CPD-19382 CPD-19385)	2114
45	1	N/A	-145.82615165864726	C18H30O3	[M + H]+	DLSPCSIOTSYWBY	InChI=1S/C18H30O3/c1-2-3-4-5-6-7-8-9-10-11-12-13-14-15-21-17-18(20)16-19/h10-11,14-15,18-20H,2-9,16-17H2,1H3	(2S)-3-[(1Z,5Z)-pentadeca-1,5-dien-3-ynoxy]propane-1,2-diol	CCCCCCCCCC=CC#CC=COCC(CO)O	5.0	21591335;23425873;71434680;101834985	COCONUT:(CNP0284656);Natural Products:(UNPD38720);PubChem:(21591335 23425873 71434680 101834985)	2129922
46	1	N/A	-151.81983283086507	C18H30O3	[M + H]+	SZNVIDWMWMWUCY	InChI=1S/C18H30O3/c1-2-3-4-8-11-16-14-15-17(21-16)12-9-6-5-7-10-13-18(19)20/h14-15H,2-13H2,1H3,(H,19,20)	8-(5-hexylfuran-2-yl)octanoate	CCCCCCC1=CC=C(O1)CCCCCCCC(=O)O	5.9000001	395943;21144048	KEGG:(C13798);HMDB:(112099);PubChem:(395943 21144048);CHEBI:(34491);PubChem class - bio and metabolites	16777514
47	1	N/A	-159.62370986096215	C18H30O3	[M + H]+	TXHNLEIEJZFRRG	InChI=1S/C18H30O3/c1-2-3-4-10-13-16(19)17-14-11-8-6-5-7-9-12-15-18(20)21-17/h11,14,17H,2-10,12-13,15H2,1H3	12-Keto-9(2)-octadecen-11-olide	CCCCCCC(=O)C1C=CCCCCCCCC(=O)O1	5.69999981	6443929	MeSH:(6443929);PubChem:(6443929);PubMed	70
48	1	N/A	-160.79575077414177	C18H30O3	[M + H]+	IAPDOQWBIGLMRU	InChI=1S/C18H30O3/c1-3-12-9-13(12)7-5-6-8-14-10-15(14)11-17(19)16(4-2)18(20)21/h5-6,12-17,19H,3-4,7-11H2,1-2H3,(H,20,21)	null	CCC1CC1CC=CCC2CC2CC(C(CC)C(=O)O)O	4.4000001	91972284;91972285	PubChem:(91972284 91972285);CHEBI:(88023)	34
49	1	N/A	-163.02130433163165	C18H30O3	[M + H]+	VLPHJTSSBQZBFD	InChI=1S/C18H30O3/c1-2-3-4-5-6-7-8-9-11-16(19)14-15-17-12-10-13-18(20)21-17/h6-7,9,11,16-17,19H,2-5,8,10,12-15H2,1H3	(6S)-6-[(3R,4Z,7Z)-3-hydroxytrideca-4,7-dienyl]oxan-2-one	CCCCCC=CCC=CC(CCC1CCCC(=O)O1)O	4.5	14754245;101346644	COCONUT:(CNP0231851);Natural Products:(UNPD38782);PubChem:(14754245 101346644);SuperNatural:(SN00260653)	3178498
50	1	N/A	-166.90821582457113	C18H30O3	[M + H]+	JEWULUYLEVWRFY	InChI=1S/C18H30O3/c1-2-16(19)17-14-12-10-8-6-4-3-5-7-9-11-13-15-18(20)21-17/h4,6,10,12,16-17,19H,2-3,5,7-9,11,13-15H2,1H3	null	CCC(C1CC=CCC=CCCCCCCCC(=O)O1)O	5.19999981	10708956	COCONUT:(CNP0235755);Natural Products:(UNPD118110);PubChem:(10708956);SuperNatural:(SN00367531)	3178498
51	1	N/A	-174.8767988502989	C18H30O3	[M + H]+	DIQFORWONKLMOZ	InChI=1S/C18H30O3/c1-2-3-4-5-8-11-16-14-15-17(21-16)12-9-6-7-10-13-18(19)20/h14-15H,2-13H2,1H3,(H,19,20)	null	CCCCCCCC1=CC=C(O1)CCCCCCC(=O)O	5.9000001	101929482	HMDB:(112093);PubChem:(101929482);PubChem class - bio and metabolites	16777226
52	1	N/A	-178.3198111690973	C18H30O3	[M + H]+	MANKLCWXYICFDJ	InChI=1S/C18H30O3/c1-2-3-10-14-17-16(19)13-11-8-6-4-5-7-9-12-15-18(20)21-17/h8,11,17H,2-7,9-10,12-15H2,1H3	12-Keto-9(2)-octadecen-13-olide	CCCCCC1C(=O)CC=CCCCCCCCC(=O)O1	5.5999999	6443930	MeSH:(6443930);PubChem:(6443930);PubMed	70
53	1	N/A	-178.8669169765518	C18H30O3	[M + H]+	AAYSBNXVIDAGPI	InChI=1S/C18H30O3/c1-17(2)13-11-9-7-5-3-4-6-8-10-12-14-21-16-18(20)15-19/h4,6,12,14,17-20H,3,5,7,9,11,13,15-16H2,1-2H3	(2S)-3-[(1Z,5Z)-13-methyltetradeca-1,5-dien-3-ynoxy]propane-1,2-diol	CC(C)CCCCCCC=CC#CC=COCC(CO)O	4.69999981	21591337;21591339;23425868;23425875	COCONUT:(CNP0228945);Natural Products:(UNPD112897 UNPD91608);PubChem:(21591337 21591339 23425868 23425875)	2129922
54	1	N/A	-190.29270836146856	C18H30O3	[M + H]+	LHXZOGRKPMWMPS	InChI=1S/C18H30O3/c1-3-4-11-14-17(19)15-12-9-7-5-6-8-10-13-16-18(20)21-2/h6-9,12,15,17,19H,3-5,10-11,13-14,16H2,1-2H3	null	CCCCCC(C=CC=CCC=CCCCC(=O)OC)O	4.4000001	14384180	COCONUT:(CNP0386724);Natural Products:(UNPD83635);PubChem:(14384180);SuperNatural:(SN00395539);KEGG Mine	8593113090
55	1	N/A	-191.55851864321198	C18H30O3	[M + H]+	POILPAKVYRBZLL	InChI=1S/C18H30O3/c1-3-17(2)13-11-9-7-5-4-6-8-10-12-14-21-16-18(20)15-19/h4,6,12,14,17-20H,3,5,7,9,11,13,15-16H2,1-2H3	petroraspailyne A3	CCC(C)CCCCCC=CC#CC=COCC(CO)O	4.69999981	9971702;21672255;100933666	COCONUT:(CNP0254869);Natural Products:(UNPD110514);PubChem:(9971702 21672255 100933666);PubMed	2129986
56	1	N/A	-192.30808833967026	C18H30O3	[M + H]+	FKRZJGPWVXVAFI	InChI=1S/C18H30O3/c1-3-4-11-16-14-15(2)17(21-16)12-9-7-5-6-8-10-13-18(19)20/h14H,3-13H2,1-2H3,(H,19,20)	null	CCCCC1=CC(=C(O1)CCCCCCCCC(=O)O)C	5.80000019	85564660	HMDB:(112103);PubChem:(85564660);PubChem class - bio and metabolites	16777226
57	1	N/A	-193.1918457733168	C18H30O3	[M + H]+	SSQZBGJHGPTSLK	InChI=1S/C18H30O3/c1-2-3-8-12-17-15-14-16(19)11-9-6-4-5-7-10-13-18(20)21-17/h14-15,17H,2-13H2,1H3	Oxacyclotetradec-12-ene-2,11-dione, 14-pentyl-, (12E)-	CCCCCC1C=CC(=O)CCCCCCCCC(=O)O1	5.0999999	10541851;9882599;10494044;69971989;101244096	COCONUT:(CNP0199008);HMDB:(29786);Natural Products:(UNPD155641);PubChem:(10541851 9882599 10494044 69971989 101244096);SuperNatural:(SN00252520);PubChem class - bio and metabolites;PubMed	19955786
58	1	N/A	-193.91532912232535	C18H30O3	[M + H]+	NVSJAROWBKQATK	InChI=1S/C18H30O3/c1-4-5-6-7-8-9-10-11-12-13-14-17(15-16(2)19)18(20)21-3/h4,14H,1,5-13,15H2,2-3H3	null	CC(=O)CC(=CCCCCCCCCCC=C)C(=O)OC	5.4000001	88773499	COCONUT:(CNP0121028);Natural Products:(UNPD51314);PubChem:(88773499)	2129922
59	1	N/A	-196.2539661394279	C18H30O3	[M + H]+	NMZGYZMOQZXEOU	InChI=1S/C18H30O3/c1-4-11-16-14(2)15(3)17(21-16)12-9-7-5-6-8-10-13-18(19)20/h4-13H2,1-3H3,(H,19,20)	2-Furannonanoic acid, 3,4-dimethyl-5-propyl-	CCCC1=C(C(=C(O1)CCCCCCCCC(=O)O)C)C	5.5999999	13963864	COCONUT:(CNP0372367);HMDB:(61644);Natural Products:(UNPD102558);PubChem:(13963864);SuperNatural:(SN00388737);PubChem class - bio and metabolites	19955722
60	1	N/A	-203.95223499330302	C18H30O3	[M + H]+	CWCAGZXBGYHWNE	InChI=1S/C18H30O3/c1-16-15-17(18(20)21-16)13-11-9-7-5-3-2-4-6-8-10-12-14-19/h14-16H,2-13H2,1H3	null	CC1C=C(C(=O)O1)CCCCCCCCCCCCC=O	5.5999999	10902491;85308895	COCONUT:(CNP0139288);HMDB:(29969);Natural Products:(UNPD192738);PubChem:(10902491 85308895);PubChem class - bio and metabolites	18907146
61	1	N/A	-204.47535199149416	C18H30O3	[M + H]+	FYQCXLILPFHHCJ	InChI=1S/C18H30O3/c1-2-17-16(19)14-12-10-8-6-4-3-5-7-9-11-13-15-18(20)21-17/h4,6,10,12,16-17,19H,2-3,5,7-9,11,13-15H2,1H3	null	CCC1C(CC=CCC=CCCCCCCCC(=O)O1)O	5.19999981	10780163	COCONUT:(CNP0149502);Natural Products:(UNPD18215);PubChem:(10780163);SuperNatural:(SN00395903)	3178498
62	1	N/A	-204.56536661618458	C18H30O3	[M + H]+	IHMSRKRQXGKFCB	InChI=1S/C18H30O3/c1-2-3-4-5-6-7-8-9-16-10-12-18(13-11-16)21-15-17(20)14-19/h10-13,17,19-20H,2-9,14-15H2,1H3	1, 3-(p-nonylphenoxy)-	CCCCCCCCCC1=CC=C(C=C1)OCC(CO)O	5.19999981	101160;92149859;97290918	NORMAN:(NS00047264);PubChem class - safety and toxic;PubChem:(101160 92149859 97290918)	67371010
63	1	N/A	-205.55680168044043	C18H30O3	[M + H]+	WSCIWZRMZZZKRD	InChI=1S/C18H30O3/c1-4-5-6-8-11-14(2)12-9-7-10-13-16-17(21-16)15(3)18(19)20/h12,16-17H,3-11,13H2,1-2H3,(H,19,20)	Conocandin	CCCCCCC(=CCCCCC1C(O1)C(=C)C(=O)O)C	5.69999981	6444370;20981664;90474111	COCONUT:(CNP0299819);Natural Products:(UNPD55703);PubChem:(6444370 20981664 90474111);SuperNatural:(SN00266700);MeSH:(6444370);PubChem class - safety and toxic	70287366
64	1	N/A	-217.00651242846354	C18H30O3	[M + H]+	RFNALLFQILGKLF	InChI=1S/C18H30O3/c1-4-5-8-11-16-14(2)15(3)17(21-16)12-9-6-7-10-13-18(19)20/h4-13H2,1-3H3,(H,19,20)	2-Furanheptanoic acid, 3,4-dimethyl-5-pentyl-	CCCCCC1=C(C(=C(O1)CCCCCCC(=O)O)C)C	5.5999999	13963863	COCONUT:(CNP0293564);HMDB:(39603);Natural Products:(UNPD163266);PubChem:(13963863);SuperNatural:(SN00319273);PubChem class - bio and metabolites	19955722
65	1	N/A	-229.3779867173845	C18H30O3	[M + H]+	YGIVJGMUJAYHJF	InChI=1S/C18H30O3/c1-2-3-4-5-6-7-8-9-10-11-12-16(19)15-17-13-14-18(20)21-17/h13-16,19H,2-12H2,1H3	(5E)-5-(2-hydroxytetradecylidene)furan-2-one	CCCCCCCCCCCCC(C=C1C=CC(=O)O1)O	6.0	11162215;11737967	COCONUT:(CNP0164636);Natural Products:(UNPD28584 UNPD26478);PubChem:(11162215 11737967);SuperNatural:(SN00264187 SN00229098)	3178498
66	1	N/A	-229.58049732376324	C18H30O3	[M + H]+	KRXUBJDPPIWBJD	InChI=1S/C18H30O3/c1-18-8-12(20)7-15(18)14-4-2-10-6-11(19)3-5-13(10)17(14)16(21)9-18/h10-17,19-21H,2-9H2,1H3	null	CC12CC(CC1C3CCC4CC(CCC4C3C(C2)O)O)O	3.00265861	""	COCONUT:(CNP0347650);Natural Products:(UNPD65489);SuperNatural:(SN00392471)	3178496
67	1	N/A	-240.8083938274763	C18H30O3	[M + H]+	RQIDGZHMTWSMMC	InChI=1S/C18H30O3/c1-6-15(11-12-16-18(4,7-2)21-16)10-8-9-14(3)13-17(19)20-5/h10,13,16H,6-9,11-12H2,1-5H3	Ambap13804-51-8	CCC(=CCCC(=CC(=O)OC)C)CCC1C(O1)(C)CC	4.9000001	26280;5365101;12304765;11197171;25075834;88189439;90746395	PubChem:(26280 5365101 12304765 11197171 25075834 88189439 90746395);CHEBI:(83641);MeSH:(5365101 11197171);KEGG:(C19613);PubMed;Biocyc:(CPD-17897)	2406
68	1	N/A	-243.35738260836277	C18H30O3	[M + H]+	UCXPNVVUUNXKPX	InChI=1S/C18H30O3/c1-2-3-4-5-6-7-8-9-10-11-12-13-14-16-15-17(19)21-18(16)20/h12-13,16H,2-11,14-15H2,1H3	2-Tetradecenylsuccinic anhydride	CCCCCCCCCCCC=CCC1CC(=O)OC1=O	6.19999981	108239;5362665;98093345;98093349;101289884	PubChem:(108239 5362665 98093345 98093349 101289884);NORMAN:(NS00056124)	262146
69	1	N/A	-243.41451097634936	C18H30O3	[M + H]+	URVNZJUYUMEJFZ	InChI=1S/C18H30O3/c1-2-3-4-5-6-7-8-9-10-11-12-13-14-16-15-17(19)21-18(16)20/h13-14,16H,2-12,15H2,1H3	Tetradecenylsuccinic anhydride	CCCCCCCCCCCCC=CC1CC(=O)OC1=O	6.5	227803;6043265;25022196;25113579;54605082;98043911;98043912	NORMAN:(NS00059565);PubChem class - safety and toxic;PubChem:(227803 6043265 25022196 25113579 54605082 98043911 98043912)	67371010
70	1	N/A	-253.68652223016073	C18H30O3	[M + H]+	LBCZOTMMGHGTPH	InChI=1S/C18H30O3/c1-17(2,3)14-18(4,5)15-6-8-16(9-7-15)21-13-12-20-11-10-19/h6-9,19H,10-14H2,1-5H3	Macol 10	CC(C)(C)CC(C)(C)C1=CC=C(C=C1)OCCOCCO	4.5	24775;46782623;71312305	NORMAN:(NS00010302);PubChem:(24775 46782623 71312305);Maconda:(CON00134);PubChem class - bio and metabolites;HSDB:(9036-19-5);MeSH:(24775);PubChem class - safety and toxic;PubMed	84149830
71	1	N/A	-254.11809821058324	C18H30O3	[M + H]+	BMOGLKGVEPTWEO	InChI=1S/C18H30O3/c1-16-7-2-3-14(20)13(16)6-8-17-9-12(4-5-15(16)17)18(21,10-17)11-19/h12-15,19-21H,2-11H2,1H3	null	CC12CCCC(C1CCC34C2CCC(C3)C(C4)(CO)O)O	2.85488439	""	COCONUT:(CNP0092342)	2097152
72	1	N/A	-254.44867534935702	C18H30O3	[M + H]+	LWPLJHROTQIHMD	InChI=1S/C18H30O3/c1-15(8-7-12-18(2,3)20)14-17(19)21-13-11-16-9-5-4-6-10-16/h4-6,9-10,15,17,19-20H,7-8,11-14H2,1-3H3	3,7-dimethyl-1-phenethyloxyoctane-1,7-diol	CC(CCCC(C)(C)O)CC(O)OCCC1=CC=CC=C1	3.9000001	3020890	PubChem:(3020890);NORMAN:(NS00064578)	262146
73	1	N/A	-255.04833519493195	C18H30O3	[M + H]+	ISRUEVDBKYNTDC	InChI=1S/C18H30O3/c1-16-4-2-5-18(21,11-16)13-8-17(15(13)14(20)9-16)6-3-12(7-17)10-19/h12-15,19-21H,2-11H2,1H3	null	CC12CCCC(C1)(C3CC4(C3C(C2)O)CCC(C4)CO)O	2.85488439	""	COCONUT:(CNP0089288);SuperNatural:(SN00170510)	3145728
74	1	N/A	-263.82332870158774	C18H30O3	[M + H]+	BQUAFPABUCARCY	InChI=1S/C18H30O3/c1-12(19)7-8-13-17(4)10-6-9-16(2,3)14(17)11-15(20)18(13,5)21/h7-8,13-15,20-21H,6,9-11H2,1-5H3	(E)-4-[(1R,2S,3S,4aS,8aS)-2,3-dihydroxy-2,5,5,8a-tetramethyl-3,4,4a,6,7,8-hexahydro-1H-naphthalen-1-yl]but-3-en-2-one	CC(=O)C=CC1C2(CCCC(C2CC(C1(C)O)O)(C)C)C	3.0	14396288;21681093	COCONUT:(CNP0213443);HMDB:(36832);KNApSAcK:(23381);Natural Products:(UNPD32174);PubChem:(14396288 21681093);SuperNatural:(SN00255983);PubChem class - bio and metabolites;PubMed	19955802
75	1	N/A	-265.23677734145184	C18H30O3	[M + H]+	SYQYUHNZUXSKCQ	InChI=1S/C18H30O3/c1-3-4-5-6-7-8-9-10-11-12-13-14-16-17(19)15(2)21-18(16)20/h4-5,14-15,17,19H,3,6-13H2,1-2H3	null	CCC=CCCCCCCCCC=C1C(C(OC1=O)C)O	5.18877602	""	COCONUT:(CNP0081641)	2097152
76	1	N/A	-268.4880773377003	C18H30O3	[M + H]+	NPZLRLSICAXOCO	InChI=1S/C18H30O3/c1-11(19)13-14(21-13)15-17(4)9-6-8-16(2,3)12(17)7-10-18(15,5)20/h12-15,20H,6-10H2,1-5H3	null	CC(=O)C1C(O1)C2C3(CCCC(C3CCC2(C)O)(C)C)C	3.10717463	""	COCONUT:(CNP0198017);Natural Products:(UNPD95840 UNPD119914);SuperNatural:(SN00258201 SN00231344)	3178496
77	1	N/A	-269.1984029806956	C18H30O3	[M + H]+	RLXIIDVTPCQPSG	InChI=1S/C18H30O3/c1-15-5-4-8-17(21,11-15)13-9-16(6-2-3-7-16)18(13,12-19)14(20)10-15/h13-14,19-21H,2-12H2,1H3	null	CC12CCCC(C1)(C3CC4(C3(C(C2)O)CO)CCCC4)O	2.91876721	""	COCONUT:(CNP0416849);SuperNatural:(SN00170528)	3145728
78	1	N/A	-275.39070190173425	C18H30O3	[M + H]+	GWHUDSFTSIWWMJ	InChI=1S/C18H30O3/c1-3-4-5-6-7-8-9-10-11-12-15-17(21-2)14-13-16(19)18(15)20/h13-14,19-20H,3-12H2,1-2H3	null	CCCCCCCCCCCC1=C(C=CC(=C1O)O)OC	5.96347761	""	COCONUT:(CNP0136063);Natural Products:(UNPD206945)	2129920
79	1	N/A	-279.2522814645586	C18H30O3	[M + H]+	UUORLUZANDRGRZ	InChI=1S/C18H30O3/c1-15-8-4-6-12-10-13(15)17(9-5-7-14(17)19)18(20,11-21-3)16(12,15)2/h12-14,19-20H,4-11H2,1-3H3	null	CC12CCCC3C1(C(C4(C2C3)CCCC4O)(COC)O)C	2.65971112	""	COCONUT:(CNP0093163);SuperNatural:(SN00170131)	3145728
80	1	N/A	-286.3586820483461	C18H30O3	[M + H]+	WYWLOZXPFDNZML	InChI=1S/C18H30O3/c1-7-17(19)21-16(12-14(3)4)13-15(5)10-9-11-18(6,20)8-2/h8,10,12,16,20H,2,7,9,11,13H2,1,3-6H3	null	CCC(=O)OC(CC(=CCCC(C)(C=C)O)C)C=C(C)C	4.5	15109108	COCONUT:(CNP0137910);Natural Products:(UNPD194287);PubChem:(15109108);SuperNatural:(SN00286704)	3178498
81	1	N/A	-288.06722629860025	C18H30O3	[M + H]+	HWGBMUWLOSWPLI	InChI=1S/C18H30O3/c1-7-18(6,20)12-8-9-15(4)13-17(21-16(5)19)11-10-14(2)3/h7,9-11,14,17,20H,1,8,12-13H2,2-6H3	null	CC(C)C=CC(CC(=CCCC(C)(C=C)O)C)OC(=O)C	4.28103256	""	COCONUT:(CNP0346606)	2097152
82	1	N/A	-289.3184131801226	C18H30O3	[M + H]+	SWDAGTBJDSMABM	InChI=1S/C18H30O3/c1-15-8-4-6-12-10-16(15,2)18(20,11-21-3)17(14(12)15)9-5-7-13(17)19/h12-14,19-20H,4-11H2,1-3H3	null	CC12CCCC3C1C4(CCCC4O)C(C2(C3)C)(COC)O	2.65971112	""	COCONUT:(CNP0371682);SuperNatural:(SN00170132)	3145728
83	1	N/A	-295.1930239876425	C18H30O3	[M + H]+	SJGBVXPXTMNDDG	InChI=1S/C18H30O3/c1-3-5-7-9-10-12-15-14-17(19)16(18(20)21-15)13-11-8-6-4-2/h14,19H,3-13H2,1-2H3	Pseudopyronines B	CCCCCCCC1=CC(=C(C(=O)O1)CCCCCC)O	6.4000001	54710733	COCONUT:(CNP0266951);KNApSAcK:(15217);Natural Products:(UNPD108233);PubChem:(54710733);SuperNatural:(SN00402328);MeSH:(54710733);PubMed	3178582
84	1	N/A	-299.4752923318986	C18H30O3	[M + H]+	GJHOJUCNLYBQEQ	InChI=1S/C18H30O3/c1-5-8-14(6-2)9-13(4)10-16-11-15(7-3)17(21-16)12-18(19)20/h11,13-14H,5-10,12H2,1-4H3,(H,19,20)	Glnvillic acid B	CCCC(CC)CC(C)CC1=CC(=C(O1)CC(=O)O)CC	5.9000001	10017357	COCONUT:(CNP0147261);Natural Products:(UNPD151078);PubChem:(10017357);SuperNatural:(SN00277126);MeSH:(10017357);PubMed	3178566
85	1	N/A	-300.7466141360248	C18H30O3	[M + H]+	RLUDYXBURNZPFV	InChI=1S/C18H30O3/c1-6-13(4)9-14(7-2)10-16-11-15(8-3)17(21-16)12-18(19)20-5/h11-14,16H,6-10H2,1-5H3	null	CCC1=CC(OC1=CC(=O)OC)CC(CC)CC(C)CC	5.19112062	""	COCONUT:(CNP0297230)	2097152
86	1	N/A	-303.4500189368183	C18H30O3	[M + H]+	WCKRVXUPNAUYPH	InChI=1S/C18H30O3/c1-3-4-5-6-7-8-9-10-11-12-13-14-16-17(19)15(2)21-18(16)20/h14,17,19H,2-13H2,1H3	null	CCCCCCCCCCCCC=C1C(C(=C)OC1=O)O	6.19999981	9971701	COCONUT:(CNP0201937);Natural Products:(UNPD104301 UNPD45270);PubChem:(9971701);SuperNatural:(SN00313103)	3178498
87	1	N/A	-303.62302033275864	C18H30O3	[M + H]+	CUKSEWOBMWHBEW	InChI=1S/C18H30O3/c1-5-9-10-14(6-2)12-17(7-3)13-18(8-4)15(20-17)11-16(19)21-18/h9-10,14-15H,5-8,11-13H2,1-4H3	(3aS,5S,6aS)-5,6a-diethyl-5-[(E,2R)-2-ethylhex-3-enyl]-3a,6-dihydro-3H-furo[3,2-b]furan-2-one	CCC=CC(CC)CC1(CC2(C(O1)CC(=O)O2)CC)CC	4.4000001	9971700;11666487;21778532;101271724;101271726;101271727	COCONUT:(CNP0323391);MeSH:(9971700);Natural Products:(UNPD85340);PubChem:(9971700 11666487 21778532 101271724 101271726 101271727);SuperNatural:(SN00310354)	3178502
88	1	N/A	-306.34620806777895	C18H30O3	[M + H]+	LQOFNPZEGRZRPE	InChI=1S/C18H30O3/c1-16(2)14-7-6-12-10-20-17(3,4)21-11-13(12)18(14,5)9-8-15(16)19/h6,13-15,19H,7-11H2,1-5H3	null	CC1(C(CCC2(C1CC=C3C2COC(OC3)(C)C)C)O)C	2.70000005	46912658	COCONUT:(CNP0220717);Natural Products:(UNPD106085 UNPD51383);PubChem:(46912658);SuperNatural:(SN00331301 SN00377219);PubMed	3178562
89	1	N/A	-310.832640703563	C18H30O3	[M + H]+	ZQTOEYIVWCCNSY	InChI=1S/C18H30O3/c1-15(2)11-9-7-5-3-4-6-8-10-12-17-13-16(19)14-18(20)21-17/h13-15,19H,3-12H2,1-2H3	null	CC(C)CCCCCCCCCCC1=CC(=CC(=O)O1)O	6.4000001	91825620	PubChem:(91825620);CHEBI:(85485)	34
90	1	N/A	-311.1228196513312	C18H30O3	[M + H]+	WKDCECLQLOZEBT	InChI=1S/C18H30O3/c1-5-6-7-8-9-10-11-12-13-16-14(2)17(19)15(3)18(20-4)21-16/h5-13H2,1-4H3	null	CCCCCCCCCCC1=C(C(=O)C(=C(O1)OC)C)C	5.99045372	""	COCONUT:(CNP0214546);Natural Products:(UNPD190111);SuperNatural:(SN00322389)	3178496
91	1	N/A	-321.5084656939714	C18H30O3	[M + H]+	IOGKCWCSLWPEGF	InChI=1S/C18H30O3/c1-12(2)18(20)11-10-16(5)9-7-8-13(3)17(16,6)15(18)21-14(4)19/h12,15,20H,3,7-11H2,1-2,4-6H3	null	CC(C)C1(CCC2(CCCC(=C)C2(C1OC(=O)C)C)C)O	3.79412198	""	COCONUT:(CNP0104006);Natural Products:(UNPD192351);SuperNatural:(SN00339713)	3178496
92	1	N/A	-321.92093398051014	C18H30O3	[M + H]+	XXSUKBDTENQZKX	InChI=1S/C18H30O3/c1-15(2)11-7-9-18(10-20-16(3,4)21-18)12-6-8-17(5,19)14(12)13(11)15/h11-14,19H,6-10H2,1-5H3	null	CC1(C2C1C3C(CCC3(C)O)C4(CC2)COC(O4)(C)C)C	2.79999995	16127387	COCONUT:(CNP0204739);Natural Products:(UNPD137182);PubChem:(16127387);SuperNatural:(SN00323416)	3178498
93	1	N/A	-323.495685289131	C18H30O3	[M + H]+	CQSUOAMXLAIXBZ	InChI=1S/C18H30O3/c1-6-9-10-14(7-2)12-18(4)13-15(8-3)16(21-18)11-17(19)20-5/h9-11,14-15H,6-8,12-13H2,1-5H3	null	CCC=CC(CC)CC1(CC(C(=CC(=O)OC)O1)CC)C	4.69999981	9994617;100963190	COCONUT:(CNP0333541);Natural Products:(UNPD83304);PubChem:(9994617 100963190);SuperNatural:(SN00333794)	3178498
94	1	N/A	-330.8861183355175	C18H30O3	[M + H]+	PTOBLQWYQHCBCQ	InChI=1S/C18H30O3/c1-6-7-8-16-17-12(2)9-13(3)18(11-21-16,14(17)4)10-20-15(5)19/h9,13-14,16-17H,6-8,10-11H2,1-5H3	Oprea1_362192	CCCCC1C2C(C(CO1)(C(C=C2C)C)COC(=O)C)C	3.70000005	1755830;1755831;1755833;1755834;3793828;16395176;98656566;98656568;98133910;98133911;98133912;98133913;99975502;99975507;99975512;99975516;131665080	PubChem:(1755830 1755831 1755833 1755834 3793828 16395176 98656566 98656568 98133910 98133911 98133912 98133913 99975502 99975507 99975512 99975516 131665080);COCONUT:(CNP0222610)	2097154
95	1	N/A	-332.58986753164254	C18H30O3	[M + H]+	KNHZDELUSUIGNS	InChI=1S/C18H30O3/c1-16(2)12-8-11-18(4)13(6-7-15(20-5)21-18)17(12,3)10-9-14(16)19/h12-13,15H,6-11H2,1-5H3	null	CC1(C2CCC3(C(C2(CCC1=O)C)CCC(O3)OC)C)C	3.20000005	132536765	MeSH:(132536765);PubChem:(132536765);PubMed	70
96	1	N/A	-332.8226171181891	C18H30O3	[M + H]+	PRCDDNKVZQBPNG	InChI=1S/C18H30O3/c1-11-9-14(20-12(2)19)15-17(11,5)10-13-7-8-18(15,6)21-16(13,3)4/h11,13-15H,7-10H2,1-6H3	null	CC1CC(C2C1(CC3CCC2(OC3(C)C)C)C)OC(=O)C	3.61687279	""	COCONUT:(CNP0252024);Natural Products:(UNPD124196);SuperNatural:(SN00255342)	3178496
97	1	N/A	-347.6609543117133	C18H30O3	[M + H]+	HTKSPKWIEZBJMH	InChI=1S/C18H30O3/c1-6-9-10-14(4)12-18(8-3)13-15(7-2)16(21-18)11-17(19)20-5/h11,13-14H,6-10,12H2,1-5H3	methyl (2Z)-2-[(5S)-3,5-diethyl-5-[(2S)-2-methylhexyl]furan-2-ylidene]acetate	CCCCC(C)CC1(C=C(C(=CC(=O)OC)O1)CC)CC	5.0999999	10685234;10780166;21668719	COCONUT:(CNP0305044);Natural Products:(UNPD117560 UNPD120717);PubChem:(10685234 10780166 21668719);SuperNatural:(SN00333944 SN00364460);PubMed	3178562
98	1	N/A	-358.34236361729126	C18H30O3	[M + H]+	PMHIXAUIZGLZBG	InChI=1S/C18H30O3/c1-6-20-16-13(3)15-17(4)12(2)8-7-9-14(17)10-11-18(15,19-5)21-16/h9,12-13,15-16H,6-8,10-11H2,1-5H3	null	CCOC1C(C2C3(C(CCC=C3CCC2(O1)OC)C)C)C	3.9000001	101841609	COCONUT:(CNP0338839);Natural Products:(UNPD52330);PubChem:(101841609);SuperNatural:(SN00370496)	3178498
99	1	N/A	-366.41510529607405	C18H30O3	[M + H]+	NRNQVCNAWNDYOT	InChI=1S/C18H30O3/c1-11(2)13-6-7-18(5)14(13)8-12(10-19)9-15-16(18)21-17(3,4)20-15/h8,11,13-16,19H,6-7,9-10H2,1-5H3	null	CC(C)C1CCC2(C1C=C(CC3C2OC(O3)(C)C)CO)C	3.0999999	101394433	COCONUT:(CNP0243521);Natural Products:(UNPD49244);PubChem:(101394433);SuperNatural:(SN00271470)	3178498
100	1	N/A	-371.1662901730912	C18H30O3	[M + H]+	UYKLIVZPURVAGU	InChI=1S/C18H30O3/c1-5-9-10-14(6-2)13-18(8-4)16(21-18)17(7-3)12-11-15(19)20-17/h11-12,14,16H,5-10,13H2,1-4H3	Plakortoxide B	CCCCC(CC)CC1(C(O1)C2(C=CC(=O)O2)CC)CC	5.30000019	71665595;78144595	COCONUT:(CNP0261109);Natural Products:(UNPD210718);PubChem:(71665595 78144595);PubMed	2129986