structureRankPerFormula	formulaRank	ConfidenceScore	CSI:FingerIDScore	molecularFormula	adduct	InChIkey2D	InChI	name	smiles	xlogp	pubchemids	links	dbflags
1	1	N/A	-305.8163107459994	C13H20N4O10	[M + Na]+	USXKBURXVCBLKJ	InChI=1S/C13H20N4O10/c14-2(8(21)22)3(18)12(24)5-1-7(20)16-10(15)17-11(1)4(19)6(12)27-13(25,26-5)9(11)23/h1-7,9,18-20,23-25H,14H2,(H,21,22)(H3,15,16,17)	Chiriquitoxin	C12C3C(C4C(C1(C(C(O3)(O4)O)O)NC(=NC2O)N)O)(C(C(C(=O)O)N)O)O	-8.89999962	162174;11581927;20055818;21674092;101348289;137325715	COCONUT:(CNP0188787);KNApSAcK:(44626);Natural Products:(UNPD174478);PubChem:(162174 11581927 20055818 21674092 101348289 137325715);SuperNatural:(SN00310798);MeSH:(162174);PubChem class - safety and toxic;PubMed	70287446
1	2	0.12079707880407974	-205.79944634530665	C18H20N2O8	[M + Na]+	GOMAIPVDHSKHBG	InChI=1S/C18H20N2O8/c21-19(22)15-5-1-3-7-17(15)27-13-11-25-9-10-26-12-14-28-18-8-4-2-6-16(18)20(23)24/h1-8H,9-14H2	1-nitro-2-[2-[2-[2-(2-nitrophenoxy)ethoxy]ethoxy]ethoxy]benzene	C1=CC=C(C(=C1)[N+](=O)[O-])OCCOCCOCCOC2=CC=CC=C2[N+](=O)[O-]	3.04016328	2748736	COCONUT:(CNP0321844);PubChem:(2748736);SuperNatural:(SN00123188);ZINC bio:(ZINC03844449)	3153922
2	2	N/A	-384.2824923410094	C18H20N2O8	[M + Na]+	AFLLJLIMCFMEGM	InChI=1S/C18H20N2O8/c19-11(17(23)24)5-9-2-4-15(14(22)7-9)27-28-16-8-10(1-3-13(16)21)6-12(20)18(25)26/h1-4,7-8,11-12,21-22H,5-6,19-20H2,(H,23,24)(H,25,26)	null	C1=CC(=C(C=C1CC(C(=O)O)N)OOC2=C(C=C(C=C2)CC(C(=O)O)N)O)O	0.473438233	""	COCONUT:(CNP0111098);Natural Products:(UNPD32429);SuperNatural:(SN00343344)	3178496
3	2	N/A	-397.0736071100951	C18H20N2O8	[M + Na]+	WPQMKQXDKDNECR	InChI=1S/C18H20N2O8/c1-9-11(6-14(21)19-7-15(22)20-8-16(23)24)18(25)28-13-5-10(26-2)4-12(27-3)17(9)13/h4-5H,6-8H2,1-3H3,(H,19,21)(H,20,22)(H,23,24)	2-[[2-[[2-(5,7-dimethoxy-4-methyl-2-oxochromen-3-yl)acetyl]amino]acetyl]amino]acetate	CC1=C(C(=O)OC2=C1C(=CC(=C2)OC)OC)CC(=O)NCC(=O)NCC(=O)O	-0.100000001	1775942;1775943	COCONUT:(CNP0088027 CNP0384136);PubChem:(1775942 1775943);SuperNatural:(SN00058518);ZINC bio:(ZINC02120951)	3153922
4	2	N/A	-408.1755665267448	C18H20N2O8	[M + Na]+	KAJPVEFTHSJMAG	InChI=1S/C18H20N2O8/c1-9-10-4-13(26-2)14(27-3)6-12(10)28-18(25)11(9)5-15(21)19-7-16(22)20-8-17(23)24/h4,6H,5,7-8H2,1-3H3,(H,19,21)(H,20,22)(H,23,24)	2-[[2-[[2-(6,7-dimethoxy-4-methyl-2-oxochromen-3-yl)acetyl]amino]acetyl]amino]acetate	CC1=C(C(=O)OC2=CC(=C(C=C12)OC)OC)CC(=O)NCC(=O)NCC(=O)O	-0.100000001	1772580;1772581	COCONUT:(CNP0066756 CNP0383111);PubChem:(1772580 1772581);SuperNatural:(SN00057870);ZINC bio:(ZINC02118008)	3153922
5	2	N/A	-408.95523337690287	C18H20N2O8	[M + Na]+	HLTDOKQCNCFYGG	InChI=1S/C18H20N2O8/c1-9-10-4-5-12(26-2)17(27-3)16(10)28-18(25)11(9)6-13(21)19-7-14(22)20-8-15(23)24/h4-5H,6-8H2,1-3H3,(H,19,21)(H,20,22)(H,23,24)	2-[[2-[[2-(7,8-dimethoxy-4-methyl-2-oxochromen-3-yl)acetyl]amino]acetyl]amino]acetate	CC1=C(C(=O)OC2=C1C=CC(=C2OC)OC)CC(=O)NCC(=O)NCC(=O)O	-0.100000001	1769087;1769088	COCONUT:(CNP0034620 CNP0382542);PubChem:(1769087 1769088);SuperNatural:(SN00057158);ZINC bio:(ZINC02114384)	3153922
6	2	N/A	-504.0358633050141	C18H20N2O8	[M + Na]+	WSSGNEVICOSWBG	InChI=1S/C18H20N2O8/c1-26-11-4-8(5-12(27-2)16(11)23)9(6-13(19)21)14-15(22)10(18(25)28-3)7-20-17(14)24/h4-5,7,9,23H,6H2,1-3H3,(H2,19,21)(H2,20,22,24)	null	COC1=CC(=CC(=C1O)OC)C(CC(=O)N)C2=C(C(=CNC2=O)C(=O)OC)O	-0.100000001	110207653;124917800;124917801	PubChem:(110207653 124917800 124917801);COCONUT:(CNP0132737)	2097154
7	2	N/A	-582.7924768840969	C18H20N2O8	[M + Na]+	DHEUSGDHJNTOLK	InChI=1S/C18H20N2O8/c1-7(21)20-5-4-9-10-6-8(2-3-11(10)19-16(9)20)27-18-14(24)12(22)13(23)15(28-18)17(25)26/h2-3,6,12-15,18-19,22-24H,4-5H2,1H3,(H,25,26)	null	CC(=O)N1CCC2=C1NC3=C2C=C(C=C3)OC4C(C(C(C(O4)C(=O)O)O)O)O	-0.100000001	131769960	PubChem:(131769960);HMDB:(60812)	10