structureRankPerFormula	formulaRank	ConfidenceScore	CSI:FingerIDScore	molecularFormula	adduct	InChIkey2D	InChI	name	smiles	xlogp	pubchemids	links	dbflags
1	1	N/A	-23.867075295289226	C18H32O3	[M - H2O + H]+	NPDSHTNEKLQQIJ	InChI=1S/C18H32O3/c1-2-3-4-5-6-8-11-14-17(19)15-12-9-7-10-13-16-18(20)21/h6,8,11,14,17,19H,2-5,7,9-10,12-13,15-16H2,1H3,(H,20,21)	dimorphecolate	CCCCCC=CC=CC(CCCCCCCC(=O)O)O	5.30000019	1927;5282944;5282945;5312829;5312830;6610222;15559032;16061038;16061059;25245815;35025190;40467936;40490650;51405081;57357244;71434126;90658775;102052894;122388205;124355518;134689020;134689021	HMDB:(4670 10223 62652);SuperNatural:(SN00011322 SN00028453 SN00257425 SN00011323 SN00361119 SN00005767 SN00280143);ZINC bio:(ZINC03871295 ZINC04655400 ZINC04655401 ZINC31155577);additional;MeSH:(1927 5282944 5282945);Plantcyc:(CPD-8204);PubMed;COCONUT:(CNP0146027 CNP0206712);Natural Products:(UNPD36936 UNPD154313 UNPD186121 UNPD214211);PubChem:(1927 5282944 5282945 5312829 5312830 6610222 15559032 16061038 16061059 25245815 35025190 40467936 40490650 51405081 57357244 71434126 90658775 102052894 122388205 124355518 134689020 134689021);CHEBI:(68946 77852 72651 78730 34496 133820 77895);PubChem class - bio and metabolites;KEGG:(C14767);PubChem class - safety and toxic;Training Set;Biocyc:(CPD-13649 CPD-8204)	87746926
2	1	N/A	-25.17791007152111	C18H32O3	[M - H2O + H]+	HNICUWMFWZBIFP	InChI=1S/C18H32O3/c1-2-3-11-14-17(19)15-12-9-7-5-4-6-8-10-13-16-18(20)21/h7,9,12,15,17,19H,2-6,8,10-11,13-14,16H2,1H3,(H,20,21)	Coriolic acid	CCCCCC(C=CC=CCCCCCCCC(=O)O)O	5.30000019	1424;185693;5282947;5282948;5312832;5312833;6443013;9971818;13723970;13723971;21159006;42607290;51404246;51405080;53886205;70690902;102052893;122198256;134689018;134689019	HMDB:(4667 61708 112194);SuperNatural:(SN00342814 SN00324545 SN00156808 SN00011243 SN00363633 SN00238390 SN00011319);ZINC bio:(ZINC04556502 ZINC04655397);additional;MeSH:(1424 5282947 5282948 6443013);PubMed;COCONUT:(CNP0172274 CNP0294039);KNApSAcK:(403);Natural Products:(UNPD134346 UNPD182463 UNPD113661 UNPD125763 UNPD224119);PubChem:(1424 185693 5282947 5282948 5312832 5312833 6443013 9971818 13723970 13723971 21159006 42607290 51404246 51405080 53886205 70690902 102052893 122198256 134689018 134689019);CHEBI:(133819 34154 137495 90850 136655 94780 72639);PubChem class - bio and metabolites;KEGG:(C14762)	20488574
3	1	N/A	-30.78946477630535	C18H32O3	[M - H2O + H]+	SKIQULSONATZGK	InChI=1S/C18H32O3/c1-2-3-4-5-8-11-14-17(19)15-12-9-6-7-10-13-16-18(20)21/h12,15H,2-11,13-14,16H2,1H3,(H,20,21)	ACMC-20lyqc	CCCCCCCCC(=O)C=CCCCCCCC(=O)O	5.69999981	188625;6443259	COCONUT:(CNP0275340);Natural Products:(UNPD228391 UNPD74289 UNPD147575);PubChem:(188625 6443259);SuperNatural:(SN00370266 SN00347950)	3178498
4	1	N/A	-31.041777397783395	C18H32O3	[M - H2O + H]+	IEQLMTRAAYQDSD	InChI=1S/C18H32O3/c1-2-3-4-5-8-11-14-17(19)15-12-9-6-7-10-13-16-18(20)21/h8,11H,2-7,9-10,12-16H2,1H3,(H,20,21)	10-oxo-12Z-octadecenoic acid	CCCCCC=CCC(=O)CCCCCCCCC(=O)O	5.30000019	23325268;24970825;57294410	MeSH:(23325268);PubChem:(23325268 24970825 57294410);PubMed;KEGG Mine;PubChem class - bio and metabolites	8606711878
5	1	N/A	-31.944806130491823	C18H32O3	[M - H2O + H]+	LDYZTLZOFONHNA	InChI=1S/C18H32O3/c1-2-3-11-14-17(19)15-12-9-7-5-4-6-8-10-13-16-18(20)21/h7,9H,2-6,8,10-16H2,1H3,(H,20,21)	13-Oxo-9Z-octadecenoic acid	CCCCCC(=O)CCC=CCCCCCCCC(=O)O	5.0	9948134;44612156;54028602	COCONUT:(CNP0276161);HMDB:(29796);Natural Products:(UNPD191369);PubChem:(9948134 44612156 54028602);SuperNatural:(SN00402234);PubChem class - bio and metabolites;PubMed;KEGG Mine	8609890378
6	1	N/A	-32.078163182335565	C18H32O3	[M - H2O + H]+	WPPBDPYWQAWPCV	InChI=1S/C18H32O3/c1-2-3-4-5-8-11-14-17(19)15-12-9-6-7-10-13-16-18(20)21/h3-4,8,11,17,19H,2,5-7,9-10,12-16H2,1H3,(H,20,21)	12,15-Octadecadienoic acid, 10-hydroxy-, (Z,Z)-	CCC=CCC=CCC(CCCCCCCCC(=O)O)O	5.0999999	15775251;71359789;88320085	COCONUT:(CNP0110816);Natural Products:(UNPD3305);PubChem:(15775251 71359789 88320085);SuperNatural:(SN00268188)	3178498
7	1	N/A	-32.94285894665764	C18H32O3	[M - H2O + H]+	VUESNBMVNBNUIE	InChI=1S/C18H32O3/c1-2-3-4-5-6-8-11-14-17(19)15-12-9-7-10-13-16-18(20)21/h12,15H,2-11,13-14,16H2,1H3,(H,20,21)	null	CCCCCCCCCC(=O)C=CCCCCCC(=O)O	5.69999981	75201658	COCONUT:(CNP0302110);Natural Products:(UNPD216989);PubChem:(75201658)	2129922
8	1	N/A	-34.693404024896914	C18H32O3	[M - H2O + H]+	ITRZNVYXOFOBRV	InChI=1S/C18H32O3/c1-2-3-4-8-11-14-17(19)15-12-9-6-5-7-10-13-16-18(20)21/h11,14H,2-10,12-13,15-16H2,1H3,(H,20,21)	(Z)-11-oxooctadec-12-enoic Acid	CCCCCC=CC(=O)CCCCCCCCCC(=O)O	5.69999981	11415232;44543287	COCONUT:(CNP0319317);Natural Products:(UNPD64642);PubChem:(11415232 44543287);SuperNatural:(SN00313308)	3178498
9	1	N/A	-35.6815606388153	C18H32O3	[M - H2O + H]+	XTLVZNQEJRQDTP	InChI=1S/C18H32O3/c1-2-3-4-11-14-17(19)15-12-9-7-5-6-8-10-13-16-18(20)21/h7,9,12,15,17,19H,2-6,8,10-11,13-14,16H2,1H3,(H,20,21)	null	CCCCCCC(C=CC=CCCCCCCC(=O)O)O	5.30000019	91562774;131750940	COCONUT:(CNP0207350);HMDB:(29998);Natural Products:(UNPD199417 UNPD61423 UNPD218273);PubChem:(91562774 131750940);SuperNatural:(SN00268741);PubChem class - bio and metabolites;PubMed	19955786
10	1	N/A	-35.92436759504642	C18H32O3	[M - H2O + H]+	UKRXAPMQXXXXTD	InChI=1S/C18H32O3/c1-2-3-4-5-6-7-8-11-14-17(19)15-12-9-10-13-16-18(20)21/h6-7,11,14,17,19H,2-5,8-10,12-13,15-16H2,1H3,(H,20,21)	Laetisaric acid	CCCCCC=CCC=CC(CCCCCCC(=O)O)O	5.0999999	128134;441461;5281117;6438937;16061037	COCONUT:(CNP0254827 CNP0267164);KNApSAcK:(398);Natural Products:(UNPD158938);PubChem:(128134 441461 5281117 6438937 16061037);SuperNatural:(SN00243512 SN00020640 SN00020639);YMDB Mine;CHEBI:(28932);ZINC bio:(ZINC14494508 ZINC14494511);MeSH:(128134 6438937);KEGG:(C08318);PubMed	34362925430
11	1	N/A	-35.96502808963655	C18H32O3	[M - H2O + H]+	NTYHQKJCCYNCMG	InChI=1S/C18H32O3/c1-2-3-4-5-6-7-8-11-14-17(19)15-12-9-10-13-16-18(20)21/h7-8,11,14,17,19H,2-6,9-10,12-13,15-16H2,1H3,(H,20,21)	null	CCCCCCC=CC=CC(CCCCCCC(=O)O)O	5.30000019	45359531;98395135;98395136	COCONUT:(CNP0113533);PubChem:(45359531 98395135 98395136);KEGG Mine	8592031746
12	1	N/A	-36.09247730751845	C18H32O3	[M - H2O + H]+	BKJBXNYJVJPQLE	InChI=1S/C18H32O3/c1-2-3-4-5-6-8-11-14-17(19)15-12-9-7-10-13-16-18(20)21/h6,8H,2-5,7,9-16H2,1H3,(H,20,21)	ACMC-20mghw	CCCCCC=CCCC(=O)CCCCCCCC(=O)O	5.0	14289305;53686719	COCONUT:(CNP0181450);Natural Products:(UNPD153776);PubChem:(14289305 53686719);KEGG Mine	8592064514
13	1	N/A	-37.763516723240556	C18H32O3	[M - H2O + H]+	QHEOVCWNVASAFS	InChI=1S/C18H32O3/c1-2-3-4-11-14-17(19)15-12-9-7-5-6-8-10-13-16-18(20)21/h9,12H,2-8,10-11,13-16H2,1H3,(H,20,21)	12-Ketooleic acid	CCCCCCC(=O)CC=CCCCCCCCC(=O)O	5.30000019	94899;5312912;5312913	COCONUT:(CNP0038632 CNP0221937);Natural Products:(UNPD102569 UNPD4007);PubChem:(94899 5312912 5312913);SuperNatural:(SN00016245 SN00259465);ZINC bio:(ZINC08602874);MeSH:(5312913);PubMed;KEGG Mine	8593121350
14	1	N/A	-39.91691089359283	C18H32O3	[M - H2O + H]+	XLGYOGUDSFUNBU	InChI=1S/C18H32O3/c1-2-3-4-5-6-8-11-14-17(19)15-12-9-7-10-13-16-18(20)21/h8,11H,2-7,9-10,12-16H2,1H3,(H,20,21)	null	CCCCCCC=CCC(=O)CCCCCCCC(=O)O	5.30000019	131839815	COCONUT:(CNP0322921);Natural Products:(UNPD148522);PubChem:(131839815);SuperNatural:(SN00266427)	3178498
15	1	N/A	-39.93175617582996	C18H32O3	[M - H2O + H]+	PHIXKQDGLSTYQU	InChI=1S/C18H32O3/c1-2-3-4-5-6-7-8-11-14-17(19)15-12-9-10-13-16-18(20)21/h11,14H,2-10,12-13,15-16H2,1H3,(H,20,21)	8-Oxo-octadec-9-enoic acid	CCCCCCCCC=CC(=O)CCCCCCC(=O)O	5.69999981	637456	COCONUT:(CNP0079903);Natural Products:(UNPD11637);PubChem:(637456);SuperNatural:(SN00230896);PubMed;KEGG Mine	8593113154
16	1	N/A	-40.228731461577624	C18H32O3	[M - H2O + H]+	XUDNDTZOWNNWHA	InChI=1S/C18H32O3/c1-2-3-4-5-8-11-14-17(19)15-12-9-6-7-10-13-16-18(20)21/h8,11-12,15,17,19H,2-7,9-10,13-14,16H2,1H3,(H,20,21)	8,12-Octadecadienoic acid, 10-hydroxy-	CCCCCC=CCC(C=CCCCCCCC(=O)O)O	5.19999981	158266;6440705;6506081;13801081;56935845;101290451	COCONUT:(CNP0158677);Natural Products:(UNPD50328);PubChem:(158266 6440705 6506081 13801081 56935845 101290451);SuperNatural:(SN00245374);PubMed	3178562
17	1	N/A	-40.96957482984261	C18H32O3	[M - H2O + H]+	CCPPLLJZDQAOHD	InChI=1S/C18H32O3/c1-2-3-10-13-16-17(21-16)14-11-8-6-4-5-7-9-12-15-18(19)20/h8,11,16-17H,2-7,9-10,12-15H2,1H3,(H,19,20)	Vernoleate	CCCCCC1C(O1)CC=CCCCCCCCC(=O)O	5.5999999	1416;176959;3080555;5281128;5283014;5356421;6449780;12444770;12444771;12444772;25246088;40491781;40491779;40491783;51399535;53714214;89013300;100958169	HMDB:(4702);SuperNatural:(SN00395335 SN00403814 SN00011374 SN00011375 SN00011373 SN00383578 SN00396250 SN00006921);ZINC bio:(ZINC04097549 ZINC04726635 ZINC04726636 ZINC04726637);additional;MeSH:(176959 5281128 5283014 5356421 6449780);Plantcyc:(CPD-14396);PubMed;COCONUT:(CNP0054649 CNP0161030);KNApSAcK:(1241);Natural Products:(UNPD88637 UNPD117438 UNPD80238 UNPD174226 UNPD185253);PubChem:(1416 176959 3080555 5281128 5283014 5356421 6449780 12444770 12444771 12444772 25246088 40491781 40491779 40491783 51399535 53714214 89013300 100958169);YMDB Mine;CHEBI:(38300 38299 84026 27706);PubChem class - bio and metabolites;KEGG:(C14826 C08368);Training Set;Biocyc:(CPD-14397 CPD-14396)	34380376446
18	1	N/A	-41.33910594459037	C18H32O3	[M - H2O + H]+	CCGQEYYMFYDMAX	InChI=1S/C18H32O3/c1-2-3-4-5-6-8-11-14-17(19)15-12-9-7-10-13-16-18(20)21/h11,14H,2-10,12-13,15-16H2,1H3,(H,20,21)	ACMC-20lyqb	CCCCCCCC=CC(=O)CCCCCCCC(=O)O	5.69999981	188624;6443258	COCONUT:(CNP0202303);Natural Products:(UNPD219955 UNPD26222 UNPD104226);PubChem:(188624 6443258);PubMed;KEGG Mine	8592064578
19	1	N/A	-41.41514335035404	C18H32O3	[M - H2O + H]+	HOGGRKZIIRPLLG	InChI=1S/C18H32O3/c1-2-3-4-11-14-17(19)15-12-9-7-5-6-8-10-13-16-18(20)21/h12,15H,2-11,13-14,16H2,1H3,(H,20,21)	12-oxooctadec-10-enoic acid	CCCCCCC(=O)C=CCCCCCCCCC(=O)O	5.69999981	349303;5312910;5312911	COCONUT:(CNP0200287);Natural Products:(UNPD30432);PubChem:(349303 5312910 5312911)	2129922
20	1	N/A	-43.14162773663705	C18H32O3	[M - H2O + H]+	MZQXAWAWDWCIKG	InChI=1S/C18H32O3/c1-2-14-17(19)15-12-10-8-6-4-3-5-7-9-11-13-16-18(20)21/h4,6,10,12,17,19H,2-3,5,7-9,11,13-16H2,1H3,(H,20,21)	Avenoleic acid	CCCC(CC=CCC=CCCCCCCCC(=O)O)O	5.0999999	45934094;75536015;90879314;92466501;102392633	HMDB:(29978);SuperNatural:(SN00036884 SN00020641 SN00399287);ZINC bio:(ZINC14494581 ZINC14494583);MeSH:(45934094);PubMed;COCONUT:(CNP0113550 CNP0168937);KNApSAcK:(445);Natural Products:(UNPD211908 UNPD109746);PubChem:(45934094 75536015 90879314 92466501 102392633);YMDB Mine;PubChem class - bio and metabolites;Training Set;KEGG Mine	42969653342
21	1	N/A	-43.568537520706364	C18H32O3	[M - H2O + H]+	SBQFPIFSENQOQP	InChI=1S/C18H32O3/c1-2-3-4-5-8-11-14-17(19)15-12-9-6-7-10-13-16-18(20)21/h11,14H,2-10,12-13,15-16H2,1H3,(H,20,21)	null	CCCCCCC=CC(=O)CCCCCCCCC(=O)O	5.69999981	10308378;54297224	PubChem:(10308378 54297224);MeSH:(10308378)	6
22	1	N/A	-43.885978149220826	C18H32O3	[M - H2O + H]+	FBUKMFOXMZRGRB	InChI=1S/C18H32O3/c1-2-3-4-5-7-10-13-16-17(21-16)14-11-8-6-9-12-15-18(19)20/h7,10,16-17H,2-6,8-9,11-15H2,1H3,(H,19,20)	Coronaric acid	CCCCCC=CCC1C(O1)CCCCCCCC(=O)O	5.5999999	1929;5283018;6246154;5316080;12097313;23511205;40846584;40846586;53790963;86583477;124305192;124356328	HMDB:(4701);SuperNatural:(SN00017844 SN00017843 SN00275869 SN00386824 SN00302375 SN00158037);ZINC bio:(ZINC08860472 ZINC08860473 ZINC08860474 ZINC08860475);additional;MeSH:(5283018);Plantcyc:(CPD-13636);PubMed;COCONUT:(CNP0055676 CNP0251605);Natural Products:(UNPD17948 UNPD132082 UNPD71499);PubChem:(1929 5283018 6246154 5316080 12097313 23511205 40846584 40846586 53790963 86583477 124305192 124356328);YMDB Mine;CHEBI:(84023 86022 34494);PubChem class - bio and metabolites;KEGG:(C14825);Training Set;Biocyc:(CPD-13636)	34380376430
23	1	N/A	-43.99042333597973	C18H32O3	[M - H2O + H]+	PLKBLKWFUGXKDQ	InChI=1S/C18H32O3/c1-17(19)15-13-11-9-7-5-3-2-4-6-8-10-12-14-16-18(20)21/h2-3,7,9,17,19H,4-6,8,10-16H2,1H3,(H,20,21)	null	CC(CCCC=CCC=CCCCCCCCC(=O)O)O	4.9000001	101967425;129725079;138756162	PubChem:(101967425 129725079 138756162);YMDB Mine;CHEBI:(144041);KEGG Mine	42949672994
24	1	N/A	-45.77609191721346	C18H32O3	[M - H2O + H]+	SNOSCANYFCXCGY	InChI=1S/C18H32O3/c19-17-15-13-11-9-7-5-3-1-2-4-6-8-10-12-14-16-18(20)21/h1-2,17H,3-16H2,(H,20,21)	null	C(CCCC=CCCCCCCCC(=O)O)CCCC=O	5.61542988	25202755;56928100;90657874	COCONUT:(CNP0001484 CNP0083855);PubChem:(25202755 56928100 90657874);SuperNatural:(SN00187745);CHEBI:(133357);PubChem class - bio and metabolites;KEGG:(C19617);Plantcyc:(18-OXOOLEATE);Biocyc:(18-OXOOLEATE)	20056354
25	1	N/A	-46.03703593151353	C18H32O3	[M - H2O + H]+	QAWDFAKVVKKSPM	InChI=1S/C18H32O3/c1-2-3-4-11-14-17(19)15-12-9-7-5-6-8-10-13-16-18(20)21/h7,9H,2-6,8,10-16H2,1H3,(H,20,21)	null	CCCCCCC(=O)CCC=CCCCCCCC(=O)O	5.0	44448193	COCONUT:(CNP0088109);PubChem:(44448193);PubMed	2097218
26	1	N/A	-48.88117519199234	C18H32O3	[M - H2O + H]+	ODMIQOBHTQJVEA	InChI=1S/C18H32O3/c1-2-3-4-5-6-7-8-9-11-14-17(19)15-12-10-13-16-18(20)21/h7-8,11,14,17,19H,2-6,9-10,12-13,15-16H2,1H3,(H,20,21)	null	CCCCCCC=CCC=CC(CCCCCC(=O)O)O	5.0999999	139584657	PubChem:(139584657);COCONUT:(CNP0356469)	2097154
27	1	N/A	-49.37983686162565	C18H32O3	[M - H2O + H]+	KJXHHTPQSFDEKB	InChI=1S/C18H32O3/c1-2-3-11-14-17(19)15-12-9-7-5-4-6-8-10-13-16-18(20)21/h7,9,15,19H,2-6,8,10-14,16H2,1H3,(H,20,21)	13-Hydroxylinoleic acid	CCCCCC(=CCC=CCCCCCCCC(=O)O)O	5.80000019	125660;6438633;9839164;22665119	MeSH:(125660 6438633 9839164);PubChem:(125660 6438633 9839164 22665119);YMDB Mine;PubMed;KEGG Mine	42949673030
28	1	N/A	-51.68966038115015	C18H32O3	[M - H2O + H]+	VCGWSRUBSQIDEJ	InChI=1S/C18H32O3/c1-2-3-4-11-14-17(19)15-12-9-7-5-6-8-10-13-16-18(20)21/h9,11-12,14,17,19H,2-8,10,13,15-16H2,1H3,(H,20,21)	9,13-Octadecadienoic acid, 12-hydroxy-	CCCCC=CC(CC=CCCCCCCCC(=O)O)O	5.19999981	11483347;71416911;101290452	COCONUT:(CNP0196609);Natural Products:(UNPD82330);PubChem:(11483347 71416911 101290452);SuperNatural:(SN00323686)	3178498
29	1	N/A	-53.079865433461094	C18H32O3	[M - H2O + H]+	VWEWTQPRFPEQEU	InChI=1S/C18H32O3/c1-2-3-4-5-6-7-8-9-11-14-17(19)15-12-10-13-16-18(20)21/h7-8H,2-6,9-16H2,1H3,(H,20,21)	null	CCCCCCC=CCCCC(=O)CCCCCC(=O)O	4.9000001	14861231	COCONUT:(CNP0294813);Natural Products:(UNPD35765);PubChem:(14861231);SuperNatural:(SN00309477)	3178498
30	1	N/A	-53.213504307850215	C18H32O3	[M - H2O + H]+	OKIDIWHWTIMACU	InChI=1S/C18H32O3/c1-2-3-4-11-14-17(19)15-12-9-7-5-6-8-10-13-16-18(20)21/h3-4,9,12,17,19H,2,5-8,10-11,13-16H2,1H3,(H,20,21)	densipolate	CCC=CCCC(CC=CCCCCCCCC(=O)O)O	5.0	165572;5282946;5312831;20980882;22336206;46173448;87366656;90476030	COCONUT:(CNP0284424);Natural Products:(UNPD85469);PubChem:(165572 5282946 5312831 20980882 22336206 46173448 87366656 90476030);SuperNatural:(SN00287990);MeSH:(5312831 46173448);Plantcyc:(CPD-12192);PubMed;Biocyc:(CPD-12192)	3311686
31	1	N/A	-54.82305879744074	C18H32O3	[M - H2O + H]+	JDOLBVXUTAGQDQ	InChI=1S/C18H32O3/c1-2-3-4-5-6-8-11-14-17(19)15-12-9-7-10-13-16-18(20)21/h6,8,14,19H,2-5,7,9-13,15-16H2,1H3,(H,20,21)	(9E,12E)-9-hydroxyoctadeca-9,12-dienoic acid	CCCCCC=CCC=C(CCCCCCCC(=O)O)O	5.80000019	16048021;22169436;21158590	COCONUT:(CNP0241304);Natural Products:(UNPD110992);PubChem:(16048021 22169436 21158590);YMDB Mine;MeSH:(21158590);PubMed;KEGG Mine	42951802950
32	1	N/A	-58.59965920977662	C18H32O3	[M - H2O + H]+	XARXRMIAOTVTEH	InChI=1S/C18H32O3/c1-2-3-4-5-6-8-11-14-17(19)15-12-9-7-10-13-16-18(20)21/h3-4,6,8,17,19H,2,5,7,9-16H2,1H3,(H,20,21)	null	CCC=CCC=CCCC(CCCCCCCC(=O)O)O	5.3216486	""	COCONUT:(CNP0331851);Natural Products:(UNPD96924);SuperNatural:(SN00360147);KEGG Mine	8593113088
33	1	N/A	-60.631932248721185	C18H32O3	[M - H2O + H]+	KPBOLLJJMHIJPH	InChI=1S/C18H32O3/c19-17-15-13-11-9-7-5-3-1-2-4-6-8-10-12-14-16-18(20)21/h1-2,5,7,19H,3-4,6,8-17H2,(H,20,21)	9,12-Octadecadienoic acid, 18-hydroxy-	C(CCCC=CCC=CCCCCCO)CCCC(=O)O	5.0	18981428;54006235;87314906;91820096	COCONUT:(CNP0219728);KNApSAcK:(7432);Natural Products:(UNPD167411 UNPD217954);PubChem:(18981428 54006235 87314906 91820096);YMDB Mine;CHEBI:(132029);PubMed;Biocyc:(CPD-17376);KEGG Mine	42951805042
34	1	N/A	-61.133242343304815	C18H32O3	[M - H2O + H]+	GIJZWHLTBMCTJV	InChI=1S/C18H32O3/c1-2-3-4-8-11-14-17(19)15-12-9-6-5-7-10-13-16-18(20)21/h11-12,14-15,17,19H,2-10,13,16H2,1H3,(H,20,21)	11-Hydroxy-9,12-octadecadienoic acid	CCCCCC=CC(C=CCCCCCCCC(=O)O)O	5.3216486	124275;6438497;20839114;126456463	COCONUT:(CNP0403326);KNApSAcK:(429);Natural Products:(UNPD80189 UNPD222561 UNPD200137);PubChem:(124275 6438497 20839114 126456463);SuperNatural:(SN00315770);YMDB Mine;CHEBI:(137305 136522);MeSH:(6438497);PubMed;KEGG Mine	42952851574
35	1	N/A	-61.72178239679496	C18H32O3	[M - H2O + H]+	AFDSETGKYZMEEA	InChI=1S/C18H32O3/c1-2-3-4-5-6-7-8-9-10-11-12-13-14-15-16-17(19)18(20)21/h6-7,9-10,17,19H,2-5,8,11-16H2,1H3,(H,20,21)	2-hydroxy-linoleic acid	CCCCCC=CCC=CCCCCCCC(C(=O)O)O	5.80000019	22505854;21158511;52921871;53639639;126961795	COCONUT:(CNP0081785);PubChem:(22505854 21158511 52921871 53639639 126961795);YMDB Mine;CHEBI:(136927);PubChem class - drug;KEGG Mine	42985324578
36	1	N/A	-70.78714248157192	C18H32O3	[M - H2O + H]+	RMGWMIWPOTZVQN	InChI=1S/C18H32O3/c1-2-3-4-5-6-7-8-9-10-11-12-13-14-15-17(19)16-18(20)21/h12-15,17,19H,2-11,16H2,1H3,(H,20,21)	(4E,6Z)-3-hydroxyoctadeca-4,6-dienoic acid	CCCCCCCCCCCC=CC=CC(CC(=O)O)O	5.9000001	16046184	COCONUT:(CNP0157086);Natural Products:(UNPD17504);PubChem:(16046184)	2129922
37	1	N/A	-80.35214132997469	C18H32O3	[M - H2O + H]+	LSFQETKRPYYPIB	InChI=1S/C18H32O3/c19-17-15-13-11-9-7-5-3-1-2-4-6-8-10-12-14-16-18(20)21/h10,12,14,16,19H,1-9,11,13,15,17H2,(H,20,21)	Octadecadienoic acid, 18-hydroxy-	C(CCCCCCC=CC=CC(=O)O)CCCCCCO	6.0999999	19900865;54050040	COCONUT:(CNP0198415);MeSH:(19900865);PubChem:(19900865 54050040);PubMed	2097222
38	1	N/A	-83.60988479421938	C18H32O3	[M - H2O + H]+	OVRTWMXZJDPGEQ	InChI=1S/C18H32O3/c1-2-3-4-5-6-8-11-14-17(19)15-12-9-7-10-13-16-18(20)21/h5-6H,2-4,7-16H2,1H3,(H,20,21)	null	CCCCC=CCCCC(=O)CCCCCCCC(=O)O	4.9000001	101995299	COCONUT:(CNP0151855);Natural Products:(UNPD179842);PubChem:(101995299);SuperNatural:(SN00282833)	3178498
39	1	N/A	-100.92311216308691	C18H32O3	[M - H2O + H]+	GXAQLKLMIQWKNL	InChI=1S/C18H32O3/c1-2-3-4-8-11-16(19)12-9-6-5-7-10-13-17-14-15-18(20)21-17/h17H,2-15H2,1H3	2(3H)-Furanone, dihydro-5-(8-oxotetradecyl)-	CCCCCCC(=O)CCCCCCCC1CCC(=O)O1	5.4768734	49818210;71445194	COCONUT:(CNP0103995);PubChem:(49818210 71445194);SuperNatural:(SN00163669);PubMed	3145794
40	1	N/A	-111.79445373542765	C18H32O3	[M - H2O + H]+	RAXOXVFTKUDLED	InChI=1S/C18H32O3/c1-2-3-4-5-8-11-16(19)12-9-6-7-10-13-17-14-15-18(20)21-17/h8,11,16-17,19H,2-7,9-10,12-15H2,1H3	null	CCCCCC=CC(CCCCCCC1CCC(=O)O1)O	5.3991046	52912624;59539778;75951471;89564652	COCONUT:(CNP0236018);Natural Products:(UNPD199658 UNPD212001 UNPD123282);PubChem:(52912624 59539778 75951471 89564652);SuperNatural:(SN00294822)	3178498
41	1	N/A	-112.8190162507285	C18H32O3	[M - H2O + H]+	DOCHQQOWHPNKAZ	InChI=1S/C18H32O3/c1-2-3-4-5-6-7-8-9-10-11-12-13-14-17(19)15-16-18(20)21/h15-16H,2-14H2,1H3,(H,20,21)	2-Octadecenoic acid, 4-oxo-, (2E)-	CCCCCCCCCCCCCCC(=O)C=CC(=O)O	6.5	11150638;71357058	COCONUT:(CNP0326924);Natural Products:(UNPD90116);PubChem:(11150638 71357058);SuperNatural:(SN00402062)	3178498
42	1	N/A	-121.16573586016182	C18H32O3	[M - H2O + H]+	DRKSTAFYCRUMEE	InChI=1S/C18H32O3/c1-2-3-4-5-6-7-8-9-10-11-12-13-14-15-16-17-18(19)21-20/h6-7,9-10,20H,2-5,8,11-17H2,1H3	(Z,Z)-9,12-Octadecadieneperoxic acid	CCCCCC=CCC=CCCCCCCCC(=O)OO	6.4000001	13798022;11369954;53775225;101252630	MeSH:(11369954);PubChem:(13798022 11369954 53775225 101252630);PubMed	70
43	1	N/A	-122.07992960244445	C18H32O3	[M - H2O + H]+	ITXGIRZCCUTEJX	InChI=1S/C18H32O3/c1-2-3-7-11-16-15(13-14-17(16)19)10-8-5-4-6-9-12-18(20)21/h15-16H,2-14H2,1H3,(H,20,21)	Cyclopentaneoctanoic acid, 3-oxo-2-pentyl-	CCCCCC1C(CCC1=O)CCCCCCCC(=O)O	5.4000001	15726664;16061077;16061078;100988719	COCONUT:(CNP0138202);Natural Products:(UNPD121080 UNPD163401);PubChem:(15726664 16061077 16061078 100988719);SuperNatural:(SN00344198 SN00285191)	3178498
44	1	N/A	-140.60904593538064	C18H32O3	[M - H2O + H]+	FAWKVPJWFKTGOB	InChI=1S/C18H32O3/c1-3-5-6-7-8-11-14-17(19)15-12-9-10-13-16-18(20)21-4-2/h11,14H,3-10,12-13,15-16H2,1-2H3	null	CCCCCCC=CC(=O)CCCCCCC(=O)OCC	5.30000019	10266599	COCONUT:(CNP0326475);Natural Products:(UNPD96370);PubChem:(10266599);SuperNatural:(SN00387664);PubMed	3178562
45	1	N/A	-146.3839749436168	C18H32O3	[M - H2O + H]+	NOCWDMQAHCQAKS	InChI=1S/C18H32O3/c1-2-3-4-5-6-7-8-9-10-11-12-13-14-15-16-17(19)18(20)21/h14-16,19H,2-13H2,1H3,(H,20,21)	Octadecadienoic acid, hydroxy-	CCCCCCCCCCCCCC=CC=C(C(=O)O)O	7.5	21693633;21159005;73746259	MeSH:(73746259);PubChem:(21693633 21159005 73746259);PubMed	70
46	1	N/A	-157.73812025289627	C18H32O3	[M - H2O + H]+	IMFKTHUZGVQOAQ	InChI=1S/C18H32O3/c1-2-3-6-9-15-12-13-16(17(19)14-15)10-7-4-5-8-11-18(20)21/h12-13,15-17,19H,2-11,14H2,1H3,(H,20,21)/p-1	null	CCCCCC1CC(C(C=C1)CCCCCCC(=O)[O-])O	4.94424963	""	COCONUT:(CNP0055526 CNP0097654);SuperNatural:(SN00165391)	3145728
47	1	N/A	-161.64780684244607	C18H32O3	[M - H2O + H]+	AZYWJWTUDZBNAU	InChI=1S/C18H32O3/c1-2-3-4-5-6-7-8-9-10-11-12-13-16(19)17-14-15-18(20)21-17/h17H,2-15H2,1H3	null	CCCCCCCCCCCCCC(=O)C1CCC(=O)O1	6.19999981	124511367;124511368;129682910	COCONUT:(CNP0293970);Natural Products:(UNPD163682);PubChem:(124511367 124511368 129682910);SuperNatural:(SN00303736)	3178498
48	1	N/A	-169.78204776067258	C18H32O3	[M - H2O + H]+	NKPIBBODUUDLIE	InChI=1S/C18H32O3/c1-2-3-4-5-6-7-8-9-11-16(19)14-15-17-12-10-13-18(20)21-17/h9,11,16-17,19H,2-8,10,12-15H2,1H3	null	CCCCCCCCC=CC(CCC1CCCC(=O)O1)O	5.19999981	101621040;135024042	COCONUT:(CNP0264811);Natural Products:(UNPD105578);PubChem:(101621040 135024042);SuperNatural:(SN00331645)	3178498
49	1	N/A	-174.90944169371394	C18H32O3	[M - H2O + H]+	ANMUQNHDGYFRPB	InChI=1S/C18H32O3/c1-14(10-7-11-16(3)19)8-6-9-15(2)12-13-17(20)18(4,5)21/h9-10,17,20-21H,6-8,11-13H2,1-5H3	null	CC(=CCCC(=O)C)CCC=C(C)CCC(C(C)(C)O)O	3.29999995	23426355	COCONUT:(CNP0160318);KNApSAcK:(22147);Natural Products:(UNPD33873);PubChem:(23426355);SuperNatural:(SN00231691);PubMed	3178578
50	1	N/A	-177.2782000077477	C18H32O3	[M - H2O + H]+	KFOLVZRHOIUOCW	InChI=1S/C18H32O3/c1-2-3-10-14-17-16(19)13-11-8-6-4-5-7-9-12-15-18(20)21-17/h8,11,16-17,19H,2-7,9-10,12-15H2,1H3	null	CCCCCC1C(CC=CCCCCCCCC(=O)O1)O	5.5	101288374	COCONUT:(CNP0184215);Natural Products:(UNPD120963);PubChem:(101288374);SuperNatural:(SN00299743)	3178498
51	1	N/A	-177.43205777701345	C18H32O3	[M - H2O + H]+	IPASPKBXTIYIHC	InChI=1S/C18H32O3/c1-3-5-6-7-8-9-12-15-18(21,4-2)16-13-10-11-14-17(19)20/h4,10,13,21H,2-3,5-9,11-12,14-16H2,1H3,(H,19,20)	null	CCCCCCCCCC(CC=CCCC(=O)O)(C=C)O	5.30000019	85694706	COCONUT:(CNP0303708);Natural Products:(UNPD6020);PubChem:(85694706);SuperNatural:(SN00310128)	3178498
52	1	N/A	-179.8109415626667	C18H32O3	[M - H2O + H]+	BZECBEKZECEQRI	InChI=1S/C18H32O3/c1-2-3-4-5-6-7-8-9-10-11-12-13-14-16-15-17(19)21-18(16)20/h16H,2-15H2,1H3	Tetradecylsuccinic Anhydride	CCCCCCCCCCCCCCC1CC(=O)OC1=O	7.0	98128;25022197;98044210	NORMAN:(NS00059215);PubChem class - safety and toxic;PubChem:(98128 25022197 98044210)	67371010
53	1	N/A	-179.88672858196108	C18H32O3	[M - H2O + H]+	ZCHJDPZFFPJKEN	InChI=1S/C18H32O3/c1-3-5-7-8-9-10-11-12-13-14-17(19)16-21-18(20)15-6-4-2/h10-11,13-14,17,19H,3-9,12,15-16H2,1-2H3	null	CCCCCCC=CCC=CC(COC(=O)CCCC)O	5.26399088	""	COCONUT:(CNP0238335);Natural Products:(UNPD211370)	2129920
54	1	N/A	-186.0553672664287	C18H32O3	[M - H2O + H]+	RDADKZPYWXITRK	InChI=1S/C18H32O3/c1-4-5-6-7-9-12-16(2)15-17(21-3)13-10-8-11-14-18(19)20/h8,10,15,17H,4-7,9,11-14H2,1-3H3,(H,19,20)	7-Methoxy-9-methyl-4E,8E-hexadecadienoic acid	CCCCCCCC(=CC(CC=CCCC(=O)O)OC)C	5.5	21773182;73835645	COCONUT:(CNP0154332);PubChem:(21773182 73835645);PubMed	2097218
55	1	N/A	-197.86527558832984	C18H32O3	[M - H2O + H]+	HGIXWNAQTIRBRE	InChI=1S/C18H32O3/c1-4-7-14-20-15-10-13-18(21-16-8-5-2)12-9-11-17(19)6-3/h6,9,11,18H,3-5,7-8,10,12-16H2,1-2H3	null	CCCCOCCCC(CC=CC(=O)C=C)OCCCC	4.19999981	89042045	PubChem:(89042045);COCONUT:(CNP0310058)	2097154
56	1	N/A	-211.43715619598393	C18H32O3	[M - H2O + H]+	PZWUINGHLHNXOM	InChI=1S/C18H32O3/c1-3-5-7-9-10-12-15-14-17(19)16(18(20)21-15)13-11-8-6-4-2/h15,19H,3-14H2,1-2H3	pseudopyronine B	CCCCCCCC1CC(=C(C(=O)O1)CCCCCC)O	6.5	54726681	MeSH:(54726681);PubChem:(54726681);PubMed;additional	524358
57	1	N/A	-248.52149068958312	C18H32O3	[M - H2O + H]+	SKDGJZCQTPSFAG	InChI=1S/C18H32O3/c1-13(7-6-8-14(2)19)9-10-15-17(3,4)16(20)11-12-18(15,5)21/h7,15-16,20-21H,6,8-12H2,1-5H3	null	CC(=CCCC(=O)C)CCC1C(C(CCC1(C)O)O)(C)C	3.0	25015885;25015887	COCONUT:(CNP0302662);KNApSAcK:(39785);Natural Products:(UNPD65044 UNPD107332);PubChem:(25015885 25015887);SuperNatural:(SN00236029 SN00332352);PubMed	3178578
58	1	N/A	-252.839148893024	C18H32O3	[M - H2O + H]+	RYEBHKNMYQTEQG	InChI=1S/C18H32O3/c1-16(2,20)9-5-6-14-15(19)8-7-13-12-17(3,21)10-11-18(13,14)4/h13-14,20-21H,5-12H2,1-4H3	null	CC1(CCC2(C(C1)CCC(=O)C2CCCC(C)(C)O)C)O	3.59965491	""	COCONUT:(CNP0376112);Natural Products:(UNPD158837);SuperNatural:(SN00314591)	3178496
59	1	N/A	-265.74087064029936	C18H32O3	[M - H2O + H]+	JPCBNOLAAJWSEX	InChI=1S/C18H32O3/c1-13(6-4-5-11-19)14-7-9-17(2,20)15-8-10-18(3,21)16(15)12-14/h14-16,19-21H,1,4-12H2,2-3H3	null	CC1(CCC(CC2C1CCC2(C)O)C(=C)CCCCO)O	3.51295304	""	COCONUT:(CNP0314386);SuperNatural:(SN00171087)	3145728
60	1	N/A	-277.5131861038985	C18H32O3	[M - H2O + H]+	WAZIVOKZWOLZGT	InChI=1S/C18H32O3/c1-13(19)21-12-8-15-17(4)10-6-9-16(2,3)14(17)7-11-18(15,5)20/h14-15,20H,6-12H2,1-5H3	2-[(1R,2R,8aS)-2-hydroxy-2,5,5,8a-tetramethyldecahydronaphthalen-1-yl]ethyl acetate	CC(=O)OCCC1C2(CCCC(C2CCC1(C)O)(C)C)C	4.30000019	830724;906658;932908;932909;3114290;7082576;7082577;10891794;14563326;11898674;21609495;24214137;40539116	COCONUT:(CNP0306597);PubChem:(830724 906658 932908 932909 3114290 7082576 7082577 10891794 14563326 11898674 21609495 24214137 40539116);SuperNatural:(SN00069992 SN00069993);ZINC bio:(ZINC04042738 ZINC04042741)	3153922
61	1	N/A	-303.53687827350535	C18H32O3	[M - H2O + H]+	BZLYOWSSNHNYKW	InChI=1S/C18H32O3/c1-13(15-7-6-10-17(2,3)11-15)21-18(4,5)12-20-16(19)14-8-9-14/h13-15H,6-12H2,1-5H3	[2-[1-(3,3-dimethylcyclohexyl)ethoxy]-2-methylpropyl] cyclopropanecarboxylate	CC(C1CCCC(C1)(C)C)OC(C)(C)COC(=O)C2CC2	4.5	12022011	NORMAN:(NS00021167);PubChem class - safety and toxic;PubChem:(12022011)	67371010
62	1	N/A	-309.2639492458481	C18H32O3	[M - H2O + H]+	PMQKDUOLNIZGFG	InChI=1S/C18H32O3/c1-8-18(7,19)13-9-10-14(2)11-12-15-16(3,4)21-17(5,6)20-15/h8,10,15,19H,1,9,11-13H2,2-7H3	null	CC(=CCCC(C)(C=C)O)CCC1C(OC(O1)(C)C)(C)C	3.9000001	139586788	PubChem:(139586788);COCONUT:(CNP0354797)	2097154
63	1	N/A	-316.4442791933469	C18H32O3	[M - H2O + H]+	LXZFHDASUHPSMA	InChI=1S/C18H32O3/c1-5-9-10-14(6-2)11-15(7-3)13-18(8-4)16(19)12-17(20)21-18/h13-14,16,19H,5-12H2,1-4H3	null	CCCCC(CC)CC(=CC1(C(CC(=O)O1)O)CC)CC	5.30000019	102485571;102485572	COCONUT:(CNP0276418);Natural Products:(UNPD210159 UNPD212323);PubChem:(102485571 102485572)	2129922
64	1	N/A	-318.76734416937956	C18H32O3	[M - H2O + H]+	FKEAHKJGDUNXFE	InChI=1S/C18H32O3/c1-14(2)9-7-10-15(3)11-8-12-18(6,19)16-13-20-17(4,5)21-16/h9,11,16,19H,7-8,10,12-13H2,1-6H3	null	CC(=CCCC(=CCCC(C)(C1COC(O1)(C)C)O)C)C	4.19999981	15484421;101719167	COCONUT:(CNP0331802);Natural Products:(UNPD226098);PubChem:(15484421 101719167)	2129922
65	1	N/A	-325.2795263211029	C18H32O3	[M - H2O + H]+	MSEDTCPMPHXYPR	InChI=1S/C18H32O3/c1-16-10-9-14(15(11-19)18(16,20)12-21-3)17(16,2)13-7-5-4-6-8-13/h13-15,19-20H,4-12H2,1-3H3	null	CC12CCC(C1(C)C3CCCCC3)C(C2(COC)O)CO	3.07731891	""	COCONUT:(CNP0261934);SuperNatural:(SN00170142)	3145728
66	1	N/A	-339.0697702807797	C18H32O3	[M - H2O + H]+	NJPSIRBHIZWYBR	InChI=1S/C18H32O3/c1-7-10-18(6,14(5)19)17(20)21-16-11-13(4)8-9-15(16)12(2)3/h12-13,15-16H,7-11H2,1-6H3	(5-methyl-2-propan-2-ylcyclohexyl) 2-acetyl-2-methylpentanoate	CCCC(C)(C(=O)C)C(=O)OC1CC(CCC1C(C)C)C	5.30000019	2750941;7054538;11868443;11868444;11868445;11868446;92448671;124768239	COCONUT:(CNP0367603);PubChem:(2750941 7054538 11868443 11868444 11868445 11868446 92448671 124768239);SuperNatural:(SN00124755 SN00124753 SN00124754 SN00124752);ZINC bio:(ZINC03846418 ZINC03846419 ZINC03846420 ZINC03846421)	3153922
67	1	N/A	-342.2830093680936	C18H32O3	[M - H2O + H]+	XSBOMVRQKOZJON	InChI=1S/C18H32O3/c1-13(19)21-16(2,3)14-8-11-17(4)9-7-10-18(5,20-6)15(17)12-14/h14-15H,7-12H2,1-6H3	2-[(2R,4aR,8R)-8-methoxy-4a,8-dimethyl-1,2,3,4,5,6,7,8a-octahydronaphthalen-2-yl]propan-2-yl acetate	CC(=O)OC(C)(C)C1CCC2(CCCC(C2C1)(C)OC)C	4.0999999	11358408;91246862	COCONUT:(CNP0313064);Natural Products:(UNPD71518);PubChem:(11358408 91246862);SuperNatural:(SN00328249);PubMed	3178562
68	1	N/A	-363.23636368445574	C18H32O3	[M - H2O + H]+	NIWUPBNMEUWSLD	InChI=1S/C18H32O3/c1-6-9-10-14(7-2)12-18(4)13-15(8-3)16(21-18)11-17(19)20-5/h11,14-15H,6-10,12-13H2,1-5H3	null	CCCCC(CC)CC1(CC(C(=CC(=O)OC)O1)CC)C	5.5	10613891;100963191	COCONUT:(CNP0305510);Natural Products:(UNPD62471);PubChem:(10613891 100963191);SuperNatural:(SN00300909)	3178498
1	1	0.21152955982494023	-15.86691329556319	C18H30O2	[M + H]+	DTOSIQBPPRVQHS	InChI=1S/C18H30O2/c1-2-3-4-5-6-7-8-9-10-11-12-13-14-15-16-17-18(19)20/h3-4,6-7,9-10H,2,5,8,11-17H2,1H3,(H,19,20)	alpha-LA	CCC=CCC=CCC=CCCCCCCCC(=O)O	5.86273956	860;445640;4028869;5991656;5280934;5282822;5312499;5312500;5312501;5312502;5312503;5312504;5461005;12359003;12359005;12359006;25245675;52912203;53778543;71749794;70674793;70674794;70675588;70675602;71309393;87329441;88801875;90937457;101947580;101947581;102602067;117064405;118797069;118366622;118366623;129773991;129848552;129853298;132935946;132426821;135385002	HMDB:(1388 30964);PubChem class - food;SuperNatural:(SN00298436 SN00003487 SN00020772 SN00299171 SN00064437);ZINC bio:(ZINC03802189 ZINC03870057 ZINC13508536 ZINC13508538 ZINC13508540 ZINC14616300);MeSH:(5280934);Plantcyc:(LINOLENIC_ACID);PubMed;NORMAN:(NS00012800);COCONUT:(CNP0149780 CNP0218792);KNApSAcK:(7247);Natural Products:(UNPD14564 UNPD213805 UNPD61555);PubChem:(860 445640 4028869 5991656 5280934 5282822 5312499 5312500 5312501 5312502 5312503 5312504 5461005 12359003 12359005 12359006 25245675 52912203 53778543 71749794 70674793 70674794 70675588 70675602 71309393 87329441 88801875 90937457 101947580 101947581 102602067 117064405 118797069 118366622 118366623 129773991 129848552 129853298 132935946 132426821 135385002);YMDB Mine;CHEBI:(32387 92583 27432);PubChem class - bio and metabolites;KEGG:(C06427);PubChem class - safety and toxic;PubChem class - drug;Biocyc:(SMA-0000047 CPD-10245 LINOLENIC_ACID)	34614978942
2	1	N/A	-22.32405779430928	C18H30O2	[M + H]+	ZSXWVPXJLXTOQQ	InChI=1S/C18H30O2/c1-2-3-4-5-6-7-8-9-10-11-12-13-14-15-16-17-18(19)20/h3-8H,2,9-17H2,1H3,(H,19,20)	11,13,15-Octadecatriensaeure	CCC=CC=CC=CCCCCCCCCCC(=O)O	5.86273956	5494436;16070011;54564607	COCONUT:(CNP0416909);PubChem:(5494436 16070011 54564607);CHEBI:(44602 38386);PubChem class - bio and metabolites	18874402
3	1	N/A	-24.790307997636145	C18H30O2	[M + H]+	DQGMPXYVZZCNDQ	InChI=1S/C18H30O2/c1-2-3-4-5-6-7-8-9-10-11-12-13-14-15-16-17-18(19)20/h6-11H,2-5,12-17H2,1H3,(H,19,20)	calendate	CCCCCC=CC=CC=CCCCCCCC(=O)O	5.86273956	193404;5282817;5282818;5282819;9903769;25244314;90473898;91820049;91820050;129727693	HMDB:(30962);SuperNatural:(SN00247752 SN00020771 SN00234650 SN00318409 SN00030514);ZINC bio:(ZINC14616294 ZINC33820306 ZINC33820307);MeSH:(193404 5282817 5282818 5282819 25244314);Plantcyc:(CPD-8228);PubMed;COCONUT:(CNP0069556 CNP0251263);Natural Products:(UNPD12075 UNPD75866 UNPD4957);PubChem:(193404 5282817 5282818 5282819 9903769 25244314 90473898 91820049 91820050 129727693);CHEBI:(86148);PubChem class - bio and metabolites;Biocyc:(CPD-8228 CPD-17615)	20097134
4	1	N/A	-24.934223098450406	C18H30O2	[M + H]+	XDYJRCBGFFKBPA	InChI=1S/C18H30O2/c1-2-3-4-5-6-7-8-9-10-11-12-13-14-15-16-17-18(19)20/h9-10H,4-8,11-17H2,1H3,(H,19,20)	16-Odcya	CC#CCCCCCC=CCCCCCCCC(=O)O	6.19999981	3083479;6450170;88244968	MeSH:(3083479 6450170);PubChem:(3083479 6450170 88244968);PubMed	70
5	1	N/A	-25.158709187897095	C18H30O2	[M + H]+	JJTZDTIVFFYIOY	InChI=1S/C18H30O2/c1-2-3-4-5-6-7-8-9-10-11-12-13-14-15-16-17-18(19)20/h2,6-7,9-10H,1,3-5,8,11-17H2,(H,19,20)	ACMC-20mzcj	C=CCCCC=CCC=CCCCCCCCC(=O)O	5.9460845	71343132;101658430;129729908	COCONUT:(CNP0103107);Natural Products:(UNPD50271);PubChem:(71343132 101658430 129729908);SuperNatural:(SN00304387)	3178498
6	1	N/A	-25.521065222325085	C18H30O2	[M + H]+	SAOSKFBYQJLQOS	InChI=1S/C18H30O2/c1-2-3-4-5-6-7-8-9-10-11-12-13-14-15-16-17-18(19)20/h9-10H,2-5,8,11-17H2,1H3,(H,19,20)	Crepenynate	CCCCCC#CCC=CCCCCCCCC(=O)O	6.30000019	128846;6122992;5281024;5461139	ZINC bio:(ZINC13512399);MeSH:(128846 5281024 6122992);Plantcyc:(CREPENYNATE);PubMed;COCONUT:(CNP0100560 CNP0311772);KNApSAcK:(1278);Natural Products:(UNPD69945 UNPD98807);PubChem:(128846 6122992 5281024 5461139);CHEBI:(16423 14030);PubChem class - bio and metabolites;KEGG:(C07289);Biocyc:(CREPENYNATE)	19048822
7	1	N/A	-25.602829127923574	C18H30O2	[M + H]+	KQQKGWQCNNTQJW	InChI=1S/C18H30O2/c1-2-3-4-5-6-7-8-9-10-11-12-13-14-15-16-17-18(19)20/h2-3,6-7,9-10H,4-5,8,11-17H2,1H3,(H,19,20)	null	CC=CCCC=CCC=CCCCCCCCC(=O)O	5.86273956	54008550	COCONUT:(CNP0205195);Natural Products:(UNPD75903 UNPD226395 UNPD80005);PubChem:(54008550);SuperNatural:(SN00237013)	3178498
8	1	N/A	-26.634396398804675	C18H30O2	[M + H]+	REOBRTYMNNYVNT	InChI=1S/C18H30O2/c1-2-3-4-5-6-7-8-9-10-11-12-13-14-15-16-17-18(19)20/h3-6,9-10H,2,7-8,11-17H2,1H3,(H,19,20)	9,13,15-Octadecatrienoic acid	CCC=CC=CCCC=CCCCCCCCC(=O)O	5.9000001	9903770;19068645;54262584	COCONUT:(CNP0380376);Natural Products:(UNPD28508);PubChem:(9903770 19068645 54262584);SuperNatural:(SN00372891)	3178498
9	1	N/A	-31.59806865508933	C18H30O2	[M + H]+	UAMGAHBYTASXHU	InChI=1S/C18H30O2/c1-2-3-4-5-6-7-8-9-10-11-12-13-14-15-16-17-18(19)20/h9-10H,2-8,13-17H2,1H3,(H,19,20)	null	CCCCCCCCC=CC#CCCCCCC(=O)O	6.14710951	""	COCONUT:(CNP0206292);Natural Products:(UNPD132355)	2129920
10	1	N/A	-31.714914437148884	C18H30O2	[M + H]+	CTMZJQAVRYEWHS	InChI=1S/C18H30O2/c1-2-3-4-5-6-7-8-9-10-11-12-13-14-15-16-17-18(19)20/h4-5,7-8,10-11H,2-3,6,9,12-17H2,1H3,(H,19,20)	8,11,14-Octadecatrienoic acid	CCCC=CCC=CCC=CCCCCCCC(=O)O	5.86273956	21015;6433423;6507258	COCONUT:(CNP0076947);MeSH:(21015);PubChem:(21015 6433423 6507258);PubMed	2097222
11	1	N/A	-31.994187201079683	C18H30O2	[M + H]+	CUXYLFPMQMFGPL	InChI=1S/C18H30O2/c1-2-3-4-5-6-7-8-9-10-11-12-13-14-15-16-17-18(19)20/h5-10H,2-4,11-17H2,1H3,(H,19,20)	punicate	CCCCC=CC=CC=CCCCCCCCC(=O)O	5.86273956	93077;5281115;5281126;5282820;5312498;5322021;5385589;12309425;25244346;25244650;92528561;129649796;129717446;134688634	HMDB:(30963);SuperNatural:(SN00159621 SN00336182 SN00306274 SN00310616 SN00024235 SN00252213 SN00024234 SN00017891 SN00328466 SN00355300);ZINC bio:(ZINC12153304 ZINC14616295 ZINC16343340 ZINC16343346 ZINC17104592 ZINC64219873);MeSH:(93077 5281126 5282820 5385589 12309425);Plantcyc:(CPD-8229 CPD-8231);PubMed;NORMAN:(NS00018678);COCONUT:(CNP0085742 CNP0242263);KNApSAcK:(1216);Natural Products:(UNPD131918 UNPD189180 UNPD72999 UNPD30504 UNPD191709 UNPD60946 UNPD188081);PubChem:(93077 5281115 5281126 5282820 5312498 5322021 5385589 12309425 25244346 25244650 92528561 129649796 129717446 134688634);CHEBI:(8638 38384 38383 38382 10275);PubChem class - bio and metabolites;KEGG:(C08364 C08315);Training Set;Biocyc:(CPD-8231 CPD-8229)	20375934
12	1	N/A	-33.01661110345987	C18H30O2	[M + H]+	VENIIVIRETXKSV	InChI=1S/C18H30O2/c1-2-3-4-5-6-7-8-9-10-11-12-13-14-15-16-17-18(19)20/h7-8H,2-6,11-17H2,1H3,(H,19,20)	Santalbic acid	CCCCCCC=CC#CCCCCCCCC(=O)O	6.5999999	92809;5312688;5312689	NORMAN:(NS00005230);COCONUT:(CNP0256759);Natural Products:(UNPD150537 UNPD105866);PubChem:(92809 5312688 5312689);MeSH:(92809 5312688);PubMed	2392134
13	1	N/A	-40.149498716260624	C18H30O2	[M + H]+	JSDJDUFIGGRVBJ	InChI=1S/C18H30O2/c1-2-3-4-5-6-7-8-9-10-11-12-13-14-15-16-17-18(19)20/h2H,1,3-8,11-17H2,(H,19,20)	17-Octadecen-9-ynoic acid	C=CCCCCCCC#CCCCCCCCC(=O)O	6.23045444	5312690	PubChem:(5312690);KNApSAcK:(47138)	18
14	1	N/A	-41.026857073461834	C18H30O2	[M + H]+	WTMLOMJSCCOUNI	InChI=1S/C18H30O2/c1-2-3-4-5-6-7-8-9-10-11-12-13-14-15-16-17-18(19)20/h3-4,7-10H,2,5-6,11-17H2,1H3,(H,19,20)	9,11,15-octadecatrienoates	CCC=CCCC=CC=CCCCCCCCC(=O)O	5.9000001	9925637;13983929;11364960;16070010;57417471;56621010;101217326	COCONUT:(CNP0308418);Natural Products:(UNPD65943);PubChem:(9925637 13983929 11364960 16070010 57417471 56621010 101217326);SuperNatural:(SN00397636);CHEBI:(38387 38390 48907);MeSH:(9925637);PubMed	3178598
15	1	N/A	-44.64644919418826	C18H30O2	[M + H]+	URICKULZPCAYSQ	InChI=1S/C18H30O2/c1-2-3-4-5-6-7-8-9-10-11-12-13-14-15-16-17-18(19)20/h2-3,5-6,9-10H,4,7-8,11-17H2,1H3,(H,19,20)	null	CC=CCC=CCCC=CCCCCCCCC(=O)O	5.86273956	""	COCONUT:(CNP0235620);Natural Products:(UNPD130599 UNPD208249);SuperNatural:(SN00262638)	3178496
16	1	N/A	-46.10476644309422	C18H30O2	[M + H]+	BWSIKEZDJMZITO	InChI=1S/C18H30O2/c1-2-3-4-5-6-7-8-9-10-11-12-13-14-15-16-17-18(19)20/h11-12H,2-8,13-17H2,1H3,(H,19,20)	(E)-octadecan-9-ynoic acid	CCCCCCCCC#CC=CCCCCCC(=O)O	6.5999999	14309404;14309405;56628602	COCONUT:(CNP0254017);Natural Products:(UNPD78346 UNPD133342);PubChem:(14309404 14309405 56628602);PubMed	2129986
17	1	N/A	-48.631007249328015	C18H30O2	[M + H]+	STPHBDZEVRWTQO	InChI=1S/C18H30O2/c1-2-3-4-5-6-7-8-9-10-11-12-13-14-15-16-17-18(19)20/h4-5,7-10H,2-3,6,11-17H2,1H3,(H,19,20)	9,11,14-octadecatrienoates	CCCC=CCC=CC=CCCCCCCCC(=O)O	5.86273956	16070007;16070006;16070008;16070009	PubChem:(16070007 16070006 16070008 16070009);CHEBI:(38389 38388 38392 38391)	34
18	1	N/A	-50.256110271229204	C18H30O2	[M + H]+	VZCCETWTMQHEPK	InChI=1S/C18H30O2/c1-2-3-4-5-6-7-8-9-10-11-12-13-14-15-16-17-18(19)20/h6-7,9-10,12-13H,2-5,8,11,14-17H2,1H3,(H,19,20)	Viacutan	CCCCCC=CCC=CCC=CCCCCC(=O)O	5.9000001	3453;5280933;5353640;5461003;10016468;10085030;9993879;10423807;10423856;22486343;25240010;25240020;25240078;25240631;25240639;25241132;57518575;59892854;88028088;88028090;87131642;101696155	HMDB:(3073);SuperNatural:(SN00003455 SN00235159 SN00229090);ZINC bio:(ZINC03777423 ZINC05510392 ZINC13507526 ZINC13507528);MeSH:(5280933);Plantcyc:(CPD-8117);PubMed;NORMAN:(NS00009631);COCONUT:(CNP0082857 CNP0126011);KNApSAcK:(1226);Natural Products:(UNPD114489 UNPD164451 UNPD228510);PubChem:(3453 5280933 5353640 5461003 10016468 10085030 9993879 10423807 10423856 22486343 25240010 25240020 25240078 25240631 25240639 25241132 57518575 59892854 88028088 88028090 87131642 101696155);YMDB Mine;CHEBI:(92327 32391 28661);PubChem class - bio and metabolites;KEGG:(C06426);PubChem class - safety and toxic;PubChem class - drug;Biocyc:(CPD-8117)	34480761214
19	1	N/A	-56.31971465630711	C18H30O2	[M + H]+	JVXOCQRVBGITPW	InChI=1S/C18H30O2/c1-2-3-4-5-6-7-8-9-10-11-12-13-14-15-16-17-18(19)20/h6-9,12-13H,2-5,10-11,14-17H2,1H3,(H,19,20)	6,10,12-Octadecatrienoic acid, (6Z,10E,12Z)-	CCCCCC=CC=CCCC=CCCCCC(=O)O	5.9000001	9900304;71334830	MeSH:(71334830);PubChem:(9900304 71334830);PubMed	70
20	1	N/A	-61.394830735364614	C18H30O2	[M + H]+	WHEVOQUCZMDNBG	InChI=1S/C18H30O2/c1-2-3-4-5-6-7-8-9-10-11-12-13-14-15-16-17-18(19)20/h5-6H,2-4,9-17H2,1H3,(H,19,20)	null	CCCCC=CC#CCCCCCCCCCC(=O)O	6.5999999	10934781;85321608	COCONUT:(CNP0230874);Natural Products:(UNPD127512);PubChem:(10934781 85321608);PubMed	2129986
21	1	N/A	-64.6122375510664	C18H30O2	[M + H]+	QWIGRJKFODXCPT	InChI=1S/C18H30O2/c1-2-3-4-5-6-7-8-9-10-11-12-13-14-15-16-17-18(19)20/h4-5,8-9,12-13H,2-3,6-7,10-11,14-17H2,1H3,(H,19,20)	6,10,14-octadecatrienoic acid	CCCC=CCCC=CCCC=CCCCCC(=O)O	5.4000001	5282816;54250397;87944578	COCONUT:(CNP0217937);Natural Products:(UNPD115482);PubChem:(5282816 54250397 87944578)	2129922
22	1	N/A	-64.96820432271629	C18H30O2	[M + H]+	DTQYXDZPCFKIAK	InChI=1S/C18H30O2/c1-2-3-4-5-6-7-8-9-10-11-12-13-14-15-16-17-18(19)20/h5-6,8-9,16-17H,2-4,7,10-15H2,1H3,(H,19,20)	null	CCCCC=CCC=CCCCCCCC=CC(=O)O	6.14432287	""	COCONUT:(CNP0340286);Natural Products:(UNPD40139);SuperNatural:(SN00359796)	3178496
23	1	N/A	-71.65203041838447	C18H30O2	[M + H]+	IHBRXZJPXHXMCN	InChI=1S/C18H30O2/c1-2-3-4-5-6-7-8-9-10-11-12-13-14-15-16-17-18(19)20/h2-3,12,14H,4-11,15-17H2,1H3,(H,19,20)	Lamenallensaeure	CC=CCCCCCCCCC=C=CCCCC(=O)O	5.5	5312491;78383950	COCONUT:(CNP0193617);KNApSAcK:(47265);Natural Products:(UNPD114840);PubChem:(5312491 78383950);SuperNatural:(SN00265863);CHEBI:(38413 38403 38396)	3178546
24	1	N/A	-72.47722033315394	C18H30O2	[M + H]+	DSZQZURPKJVVGY	InChI=1S/C18H30O2/c1-2-3-4-5-6-7-8-9-10-11-12-13-14-15-16-17-18(19)20/h11-12H,2-10,15-17H2,1H3,(H,19,20)	null	CCCCCCCCCCC=CC#CCCCC(=O)O	6.5999999	85992168	COCONUT:(CNP0162599);Natural Products:(UNPD74487);PubChem:(85992168);PubMed	2129986
25	1	N/A	-83.21286780456954	C18H30O2	[M + H]+	HXQHFNIKBKZGRP	InChI=1S/C18H30O2/c1-2-3-4-5-6-7-8-9-10-11-12-13-14-15-16-17-18(19)20/h6-7,9-10,13-14H,2-5,8,11-12,15-17H2,1H3,(H,19,20)	Pinolenic acid	CCCCCC=CCC=CCCC=CCCCC(=O)O	5.5999999	128849;5312493;5312494;5312495;10423704;35027726;88114275;87188041	SuperNatural:(SN00034739 SN00305864 SN00372361 SN00027323);ZINC bio:(ZINC27646178 ZINC38816279);additional;MeSH:(5312493 5312495);PubMed;NORMAN:(NS00018679);COCONUT:(CNP0071264 CNP0234800);Natural Products:(UNPD7030 UNPD183056 UNPD122411 UNPD224546);PubChem:(128849 5312493 5312494 5312495 10423704 35027726 88114275 87188041);CHEBI:(86136);Training Set;Biocyc:(CPD-14869)	3991654
26	1	N/A	-83.26003927155872	C18H30O2	[M + H]+	XADKGDBMULSEAC	InChI=1S/C18H30O2/c19-18(20)16-10-8-6-4-2-1-3-5-7-9-13-17-14-11-12-15-17/h2,4,11,14,17H,1,3,5-10,12-13,15-16H2,(H,19,20)	Gorlisaeure	C1CC(C=C1)CCCCCCC=CCCCCC(=O)O	6.0999999	329668;5282855;12310324;11608850;51351687;57216380;92146107;92449033	COCONUT:(CNP0336140);KNApSAcK:(50596);Natural Products:(UNPD75217 UNPD177003 UNPD102312 UNPD222038 UNPD219900 UNPD2969);PubChem:(329668 5282855 12310324 11608850 51351687 57216380 92146107 92449033);SuperNatural:(SN00302934 SN00293249);CHEBI:(61676 61673)	3178546
27	1	N/A	-87.2242482116296	C18H30O2	[M + H]+	LRGHKKFXSQEYHY	InChI=1S/C18H30O2/c1-3-4-5-6-7-8-9-10-11-12-13-14-15-16-17-18(19)20-2/h4-5,7-8,10-11H,3,6,9,12-17H2,1-2H3	null	CCC=CCC=CCC=CCCCCCCC(=O)OC	5.69999981	85978449;91697551	COCONUT:(CNP0210168);Natural Products:(UNPD73769 UNPD222161 UNPD48081);PubChem:(85978449 91697551);SuperNatural:(SN00325310);KEGG Mine	8593113090
28	1	N/A	-94.42062290385402	C18H30O2	[M + H]+	FEWFGHQMEYATJR	InChI=1S/C18H30O2/c1-2-3-4-5-6-7-8-9-10-11-12-13-14-15-16-17-18(19)20/h6-7,9-10,15-16H,2-5,8,11-14,17H2,1H3,(H,19,20)	3E,9Z,12Z-octadecatrienoic acid	CCCCCC=CCC=CCCCCC=CCC(=O)O	6.0999999	5282815;71356869;87187804;87187805;87441469	COCONUT:(CNP0259758);Natural Products:(UNPD136567);PubChem:(5282815 71356869 87187804 87187805 87441469);SuperNatural:(SN00367001);PubMed	3178562
29	1	N/A	-99.09223256139938	C18H30O2	[M + H]+	LZZANLYIVGPJEZ	InChI=1S/C18H30O2/c19-18(20)16-10-8-6-4-2-1-3-5-7-9-13-17-14-11-12-15-17/h6,8,11,14,17H,1-5,7,9-10,12-13,15-16H2,(H,19,20)	null	C1CC(C=C1)CCCCCCCCC=CCCC(=O)O	6.19999981	54061407;68593177;131839790	COCONUT:(CNP0092725 CNP0136408);PubChem:(54061407 68593177 131839790);SuperNatural:(SN00163301)	3145730
30	1	N/A	-103.35982838921464	C18H30O2	[M + H]+	QSOXHGWBNRSJPE	InChI=1S/C18H30O2/c1-3-4-5-6-7-8-9-10-11-12-13-14-15-16-17-18(19)20-2/h8-9H,3-7,12-17H2,1-2H3	methyl (E)-heptadec-10-en-8-ynoate	CCCCCCC=CC#CCCCCCCC(=O)OC	6.4000001	556363;5367407	COCONUT:(CNP0245059);Natural Products:(UNPD177475);PubChem:(556363 5367407)	2129922
31	1	N/A	-105.4866180392593	C18H30O2	[M + H]+	FTUAIEDAAMWBHD	InChI=1S/C18H30O2/c1-2-3-12-15-18(20)16-13-10-8-6-4-5-7-9-11-14-17-19/h8,10,13-14,16,18,20H,2-7,9,11-12,15H2,1H3	null	CCCCCC(C=CC=CCCCCCCC=C=O)O	6.07116699	""	COCONUT:(CNP0236932);Natural Products:(UNPD43145);SuperNatural:(SN00356430)	3178496
32	1	N/A	-118.16508879527603	C18H30O2	[M + H]+	KGQONBKICZUGHP	InChI=1S/C18H30O2/c1-17(2)15-13-11-9-7-5-3-4-6-8-10-12-14-16-18(19)20/h3,5-6,8-9,11,17H,4,7,10,12-16H2,1-2H3,(H,19,20)	16-methyl-6Z,9Z,12Z-heptadecatrienoic acid	CC(C)CCC=CCC=CCC=CCCCCC(=O)O	5.5999999	5312305;121434276	COCONUT:(CNP0371455);Natural Products:(UNPD21198);PubChem:(5312305 121434276);SuperNatural:(SN00386563)	3178498
33	1	N/A	-127.41554053359125	C18H30O2	[M + H]+	JMXCLEFVXYXEQH	InChI=1S/C18H30O2/c1-3-4-5-6-7-8-9-10-11-12-13-14-15-16-17-20-18(2)19/h4-5H,3,8-17H2,1-2H3	13Z-Hexadecen-11-ynyl acetate	CCC=CC#CCCCCCCCCCCOC(=O)C	6.19999981	10731476;13072121;13072122;73165417	COCONUT:(CNP0283358);Natural Products:(UNPD186383);PubChem:(10731476 13072121 13072122 73165417);PubMed	2129986
34	1	N/A	-161.13008386232414	C18H30O2	[M + H]+	KUTNIFBDXANLKK	InChI=1S/C18H30O2/c1-14(2)18(20)13-12-16(4)9-6-8-15(3)10-7-11-17(5)19/h9-10,18,20H,1,6-8,11-13H2,2-5H3	null	CC(=C)C(CCC(=CCCC(=CCCC(=O)C)C)C)O	4.5999999	23426356;24997206	COCONUT:(CNP0205901);KNApSAcK:(22152);Natural Products:(UNPD180469);PubChem:(23426356 24997206);SuperNatural:(SN00276072);PubMed	3178578
35	1	N/A	-163.02810942535496	C18H30O2	[M + H]+	PDJCYKNESXITTF	InChI=1S/C18H30O2/c1-3-17(13-5-9-15(19)10-6-13)18(4-2)14-7-11-16(20)12-8-14/h13-14,17-18H,3-12H2,1-2H3	Perhydrodiketohexestrol	CCC(C1CCC(=O)CC1)C(CC)C2CCC(=O)CC2	3.70000005	3036655;12561671	MeSH:(3036655);PubChem:(3036655 12561671);PubMed	70
36	1	N/A	-163.10141747552439	C18H30O2	[M + H]+	MLIZDIZAMVPOLA	InChI=1S/C18H30O2/c1-5-9-10-15(6-2)13-17(8-4)14-16(7-3)11-12-18(19)20/h9-12,14-15,17H,5-8,13H2,1-4H3,(H,19,20)	(2E,4Z,9E)-4,6,8-triethyldodeca-2,4,9-trienoic acid	CCC=CC(CC)CC(CC)C=C(CC)C=CC(=O)O	6.30000019	21577979;101756379	COCONUT:(CNP0200272);Natural Products:(UNPD113412);PubChem:(21577979 101756379);SuperNatural:(SN00324490)	3178498
37	1	N/A	-172.21351743084404	C18H30O2	[M + H]+	XHXKILDGHUJLNF	InChI=1S/C18H30O2/c1-2-3-4-5-6-7-8-9-10-11-12-13-14-17-15-16-18(19)20-17/h6-7,9-10,17H,2-5,8,11-16H2,1H3	null	CCCCCC=CCC=CCCCCC1CCC(=O)O1	5.94019508	""	COCONUT:(CNP0278271);Natural Products:(UNPD119195);SuperNatural:(SN00262980)	3178496
38	1	N/A	-175.7520606366677	C18H30O2	[M + H]+	BCMCYUUFPFCEKN	InChI=1S/C18H30O2/c1-15(10-6-12-17(3)14-19)8-5-9-16(2)11-7-13-18(4)20/h8,11-12,19H,5-7,9-10,13-14H2,1-4H3	null	CC(=CCCC(=O)C)CCC=C(C)CCC=C(C)CO	4.30000019	13317964;44586967;53674925	COCONUT:(CNP0387462);Natural Products:(UNPD130003);PubChem:(13317964 44586967 53674925);PubMed	2129986
39	1	N/A	-176.33638192023125	C18H30O2	[M + H]+	VSKHIMSIYRKCTC	InChI=1S/C18H30O2/c1-14(2)12-18(20)13-16(4)10-6-8-15(3)9-7-11-17(5)19/h9-10,14H,6-8,11-13H2,1-5H3	null	CC(C)CC(=O)CC(=CCCC(=CCCC(=O)C)C)C	4.19999981	23426762;74051981	COCONUT:(CNP0310053);KNApSAcK:(22161);Natural Products:(UNPD67864);PubChem:(23426762 74051981);SuperNatural:(SN00235791);PubMed	3178578
40	1	N/A	-180.31356113265244	C18H30O2	[M + H]+	WIHSFNRKGXNWNK	InChI=1S/C18H30O2/c1-14(2)8-7-9-15(3)12-13-17(18(19)20)16-10-5-4-6-11-16/h8,12,16-17H,4-7,9-11,13H2,1-3H3,(H,19,20)	Cigerol	CC(=CCCC(=CCC(C1CCCCC1)C(=O)O)C)C	6.30000019	31792;6433815;92169906;92169907	MeSH:(31792 6433815);PubChem:(31792 6433815 92169906 92169907);PubMed	70
41	1	N/A	-180.33203260382777	C18H30O2	[M + H]+	OBUFHUJYTJTQRE	InChI=1S/C18H30O2/c1-3-4-5-6-7-8-9-10-11-12-13-14-15-16-17-20-18(2)19/h6-7,11-14H,3-5,8-10,15-17H2,1-2H3	4E,6E,11Z-Hexadecatrienyl acetate	CCCCC=CCCCC=CC=CCCCOC(=O)C	5.69999981	15024650;72743366;87224893;101656443;101656444;101656445;138596251	COCONUT:(CNP0214895);Natural Products:(UNPD28569);PubChem:(15024650 72743366 87224893 101656443 101656444 101656445 138596251);SuperNatural:(SN00268201)	3178498
42	1	N/A	-185.96204267838564	C18H30O2	[M + H]+	CNESKTGKCQGZAS	InChI=1S/C18H30O2/c1-14(2)12-18(20)13-16(4)10-6-8-15(3)9-7-11-17(5)19/h9-10,12,17,19H,6-8,11,13H2,1-5H3	Hedaol B	CC(CCC=C(C)CCC=C(C)CC(=O)C=C(C)C)O	4.9000001	10062117;11425935;101248292	COCONUT:(CNP0159126);KNApSAcK:(46000);Natural Products:(UNPD180582);PubChem:(10062117 11425935 101248292);SuperNatural:(SN00331240);MeSH:(10062117);PubMed	3178582
43	1	N/A	-188.91747770239172	C18H30O2	[M + H]+	BOCJMIRVDOHYKS	InChI=1S/C18H30O2/c1-13(7-6-8-15(3)19)9-11-16-14(2)10-12-17(20)18(16,4)5/h7,17,20H,6,8-12H2,1-5H3	null	CC1=C(C(C(CC1)O)(C)C)CCC(=CCCC(=O)C)C	3.20000005	23426351	COCONUT:(CNP0185554);Natural Products:(UNPD147996);PubChem:(23426351);SuperNatural:(SN00324152);PubMed	3178562
44	1	N/A	-189.7776947821875	C18H30O2	[M + H]+	UJLCTWQAXHCCFC	InChI=1S/C18H30O2/c1-2-3-4-5-6-7-8-9-10-11-12-13-14-16-15-17(16)18(19)20/h12,14,16-17H,2-11,15H2,1H3,(H,19,20)	null	CCCCCCCCCCCC=C=CC1CC1C(=O)O	5.9000001	129726852	COCONUT:(CNP0201599);Natural Products:(UNPD183887);PubChem:(129726852);SuperNatural:(SN00227695)	3178498
45	1	N/A	-194.6609761408961	C18H30O2	[M + H]+	TZNBCSGCHOVZDX	InChI=1S/C18H30O2/c1-14(2)12-18(20)13-16(4)10-6-8-15(3)9-7-11-17(5)19/h9,12-13,17,19H,6-8,10-11H2,1-5H3	Hedaol C	CC(CCC=C(C)CCCC(=CC(=O)C=C(C)C)C)O	5.19999981	9970803;10084972;21592431;21592432	COCONUT:(CNP0206741);KNApSAcK:(45999);Natural Products:(UNPD9773 UNPD14958);PubChem:(9970803 10084972 21592431 21592432);SuperNatural:(SN00274385);MeSH:(9970803 10084972);PubMed	3178582
46	1	N/A	-199.35572491945618	C18H30O2	[M + H]+	HTERFNUMHPQMKV	InChI=1S/C18H30O2/c1-2-3-11-14-17-15-12-9-7-5-4-6-8-10-13-16-18(19)20-17/h7,9,12,15,17H,2-6,8,10-11,13-14,16H2,1H3	9,11-Octadecadien-13-olide	CCCCCC1C=CC=CCCCCCCCC(=O)O1	6.4000001	6439192;11097883;91071515;92973808;92973809;102586341;102586342	COCONUT:(CNP0302684);Natural Products:(UNPD59032);PubChem:(6439192 11097883 91071515 92973808 92973809 102586341 102586342);SuperNatural:(SN00401270);MeSH:(6439192);PubMed	3178566
47	1	N/A	-204.93410654748794	C18H30O2	[M + H]+	DDVNUHLHDWACFY	InChI=1S/C18H30O2/c1-13(7-6-8-15(3)19)9-11-16-14(2)10-12-17(20)18(16,4)5/h7,10,16-17,20H,6,8-9,11-12H2,1-5H3	null	CC1=CCC(C(C1CCC(=CCCC(=O)C)C)(C)C)O	3.70000005	23426350	COCONUT:(CNP0228883);Natural Products:(UNPD103855);PubChem:(23426350);SuperNatural:(SN00237042)	3178498
48	1	N/A	-208.2472490808986	C18H30O2	[M + H]+	PSKPVVULUXBPSS	InChI=1S/C18H30O2/c1-14(2)18(20)13-12-16(4)9-6-8-15(3)10-7-11-17(5)19/h9-10,14H,6-8,11-13H2,1-5H3	5,9-Pentadecadiene-2,13-dione, 6,10,14-trimethyl-	CC(C)C(=O)CCC(=CCCC(=CCCC(=O)C)C)C	4.30000019	11087116;71369821	COCONUT:(CNP0268243);Natural Products:(UNPD83541);PubChem:(11087116 71369821);SuperNatural:(SN00397722)	3178498
49	1	N/A	-209.551787281207	C18H30O2	[M + H]+	XFACLYNWBJYMCK	InChI=1S/C18H30O2/c1-6-18(19)20-14-13-17(5)12-8-11-16(4)10-7-9-15(2)3/h9,11,13H,6-8,10,12,14H2,1-5H3	(E,E)-farnesyl propanoate	CCC(=O)OCC=C(C)CCC=C(C)CCC=C(C)C	5.80000019	6431104;54466202;129837392	COCONUT:(CNP0213081);Natural Products:(UNPD126508);PubChem:(6431104 54466202 129837392)	2129922
50	1	N/A	-210.99948296759186	C18H30O2	[M + H]+	WFIQWFJWGZPVFS	InChI=1S/C18H30O2/c1-14(2)12-18(20)13-16(4)10-6-8-15(3)9-7-11-17(5)19/h9,13-14H,6-8,10-12H2,1-5H3	5,10-Pentadecadiene-2,12-dione, 6,10,14-trimethyl-, (5E,10Z)-	CC(C)CC(=O)C=C(C)CCCC(=CCCC(=O)C)C	4.5999999	23426763;23426802;71402246	COCONUT:(CNP0220994);KNApSAcK:(22162);Natural Products:(UNPD47453 UNPD62641);PubChem:(23426763 23426802 71402246);SuperNatural:(SN00321203 SN00233195);PubMed	3178578
51	1	N/A	-214.16064345104053	C18H30O2	[M + H]+	MCSOAOQYLKJIHF	InChI=1S/C18H30O2/c1-18-7-6-15-14-5-3-12(19)8-11(14)2-4-16(15)17(18)9-13(20)10-18/h11-17,19-20H,2-10H2,1H3	null	CC12CCC3C4CCC(CC4CCC3C1CC(C2)O)O	4.0	68814487	COCONUT:(CNP0317878);Natural Products:(UNPD77914);PubChem:(68814487);SuperNatural:(SN00295274)	3178498
52	1	N/A	-215.77284915766631	C18H30O2	[M + H]+	YZNVJVWNDZBBBA	InChI=1S/C18H30O2/c1-14(2)8-6-9-15(3)10-7-13-18(5)17(20-18)12-11-16(4)19/h8,10,17H,6-7,9,11-13H2,1-5H3	2-Butanone, 4-[3-(4,8-dimethyl-3,7-nonadienyl)-3-methyloxiranyl]-	CC(=CCCC(=CCCC1(C(O1)CCC(=O)C)C)C)C	4.4000001	14039502	COCONUT:(CNP0149051);KNApSAcK:(22150);Natural Products:(UNPD182546);PubChem:(14039502);SuperNatural:(SN00237906)	3178514
53	1	N/A	-216.7712959687007	C18H30O2	[M + H]+	WLCXMYXZQNWTKN	InChI=1S/C18H30O2/c1-3-4-5-6-7-8-9-10-17-11-13-18(14-12-17)20-15-16(2)19/h11-14,16,19H,3-10,15H2,1-2H3	1-(4-Nonylphenoxy)propan-2-ol	CCCCCCCCCC1=CC=C(C=C1)OCC(C)O	6.19999981	3024108;98100575;98100576	PubChem:(3024108 98100575 98100576);NORMAN:(NS00065488)	262146
54	1	N/A	-217.65871992002786	C18H30O2	[M + H]+	IGLIUFGSGJRAQF	InChI=1S/C18H30O2/c1-2-3-4-5-6-7-8-9-10-11-12-16-13-14-17(19)18(20)15-16/h13-15,19-20H,2-12H2,1H3	1,2-Benzenediol, 4-dodecyl-	CCCCCCCCCCCCC1=CC(=C(C=C1)O)O	6.42575693	15667771	COCONUT:(CNP0130038);Natural Products:(UNPD207389);PubChem:(15667771);KEGG Mine	8592064514
55	1	N/A	-220.43376487707496	C18H30O2	[M + H]+	JJWVPHWHEGQZOE	InChI=1S/C18H30O2/c1-2-3-4-5-6-7-8-9-10-11-12-16-13-14-17(19)15-18(16)20/h13-15,19-20H,2-12H2,1H3	ACMC-20amjo	CCCCCCCCCCCCC1=C(C=C(C=C1)O)O	6.42575693	90458	NORMAN:(NS00027607);PubChem class - safety and toxic;PubChem:(90458);PubMed;KEGG Mine	8657305666
56	1	N/A	-220.57183832200042	C18H30O2	[M + H]+	VXCBVCVQEPHVDJ	InChI=1S/C18H30O2/c1-2-3-4-5-6-7-8-9-10-11-12-16-13-17(19)15-18(20)14-16/h13-15,19-20H,2-12H2,1H3	1,3-Benzenediol, 5-dodecyl-	CCCCCCCCCCCCC1=CC(=CC(=C1)O)O	7.4000001	17826784	COCONUT:(CNP0263532);Natural Products:(UNPD109917);PubChem:(17826784);SuperNatural:(SN00290000);PubMed	3178562
57	1	N/A	-223.20420304630068	C18H30O2	[M + H]+	QNKATSBSLLYTMH	InChI=1S/C18H30O2/c1-18-9-8-14-13-5-3-12(19)10-11(13)2-4-15(14)16(18)6-7-17(18)20/h11-17,19-20H,2-10H2,1H3	Estrane-3,17-diol	CC12CCC3C4CCC(CC4CCC3C1CCC2O)O	3.94078183	255697;409045;6431235;6452484;9547219;9814225;9814226;9835367;9835368;9900305;9943550;9965470;14009224;20638553;20638554;20841695;21968146;46888423;57147105;69827753;69828504;69828961;68208502;69856344;70918298;71316482;71316483;90964973;90978654;89732710;118548548;117975051;131700158;131705065;131707105;133688307;133688306	COCONUT:(CNP0183619);Natural Products:(UNPD119889 UNPD176259);PubChem:(255697 409045 6431235 6452484 9547219 9814225 9814226 9835367 9835368 9900305 9943550 9965470 14009224 20638553 20638554 20841695 21968146 46888423 57147105 69827753 69828504 69828961 68208502 69856344 70918298 71316482 71316483 90964973 90978654 89732710 118548548 117975051 131700158 131705065 131707105 133688307 133688306);SuperNatural:(SN00286976 SN00286844);CHEBI:(79716);MeSH:(6452484 20841695);KEGG:(C15201);PubMed	3178854
58	1	N/A	-223.71581404612698	C18H30O2	[M + H]+	MCQYQKOOVQBHSZ	InChI=1S/C18H30O2/c1-14(2)8-7-13-18(5)17(20-18)12-11-15(3)9-6-10-16(4)19/h8-9,17H,6-7,10-13H2,1-5H3	null	CC(=CCCC1(C(O1)CCC(=CCCC(=O)C)C)C)C	4.4000001	139585068	COCONUT:(CNP0354987);PubChem:(139585068);KEGG Mine	8592031746
59	1	N/A	-224.26361115127148	C18H30O2	[M + H]+	VZUCBUQOWZRZJJ	InChI=1S/C18H30O2/c1-14(10-7-11-16(3)19)8-6-9-15(2)12-13-17-18(4,5)20-17/h9-10,17H,6-8,11-13H2,1-5H3	Farnesylacetone epoxide	CC(=CCCC(=O)C)CCC=C(C)CCC1C(O1)(C)C	4.30000019	6446781;14039501	COCONUT:(CNP0241401);KNApSAcK:(22164);Natural Products:(UNPD169314 UNPD116557);PubChem:(6446781 14039501);SuperNatural:(SN00334532 SN00323682);MeSH:(14039501);PubChem class - safety and toxic	70287382
60	1	N/A	-228.13402264757445	C18H30O2	[M + H]+	IEBMRBRLNBSESW	InChI=1S/C18H30O2/c1-16-5-2-6-18(20,12-16)15-10-17(14(15)4-7-16)8-3-13(9-17)11-19/h13-15,19-20H,2-12H2,1H3	null	CC12CCCC(C1)(C3CC4(C3CC2)CCC(C4)CO)O	3.79300761	""	COCONUT:(CNP0421019);SuperNatural:(SN00170540)	3145728
61	1	N/A	-230.72200565237824	C18H30O2	[M + H]+	LEOJQXZLSIFSFW	InChI=1S/C18H30O2/c1-17-7-2-3-15(20)14(17)6-8-18-9-12(4-5-16(17)18)13(10-18)11-19/h12-16,19-20H,2-11H2,1H3	null	CC12CCCC(C1CCC34C2CCC(C3)C(C4)CO)O	3.7817843	""	COCONUT:(CNP0092316)	2097152
62	1	N/A	-230.98363431603758	C18H30O2	[M + H]+	YGOYPAMBYXXDFM	InChI=1S/C18H30O2/c1-16-6-5-9-18(20,12-16)13-10-17(7-3-2-4-8-17)15(13)14(19)11-16/h13-15,19-20H,2-12H2,1H3	null	CC12CCCC(C1)(C3CC4(C3C(C2)O)CCCCC4)O	4.01588774	""	COCONUT:(CNP0088174);SuperNatural:(SN00170549)	3145728
63	1	N/A	-231.1073707218567	C18H30O2	[M + H]+	MWSFCHQEVONRLO	InChI=1S/C18H30O2/c1-14(2)8-6-9-16-10-7-11-18(5,12-16)17(19)20-13-15(3)4/h8,10,15H,6-7,9,11-13H2,1-5H3	2-Methylpropyl 1-methyl-3-(4-methyl-3-pentenyl)cyclohex-3-ene-1-carboxylate	CC(C)COC(=O)C1(CCC=C(C1)CCC=C(C)C)C	5.0999999	175121	PubChem:(175121);NORMAN:(NS00062564)	262146
64	1	N/A	-235.9017591375774	C18H30O2	[M + H]+	QGESGKMUHMELFE	InChI=1S/C18H30O2/c1-15-5-4-8-18(20,12-15)14-11-16(6-2-3-7-16)17(14,13-19)10-9-15/h14,19-20H,2-13H2,1H3	null	CC12CCCC(C1)(C3CC4(C3(CC2)CO)CCCC4)O	3.8568902	""	COCONUT:(CNP0105756);SuperNatural:(SN00170547)	3145728
65	1	N/A	-237.639732331912	C18H30O2	[M + H]+	QQPOPKOZBMEWKE	InChI=1S/C18H30O2/c1-13(12-17(19)20)9-10-15-7-4-8-16-14(2)6-5-11-18(15,16)3/h12,14-16H,4-11H2,1-3H3,(H,19,20)	null	CC1CCCC2(C1CCCC2CCC(=CC(=O)O)C)C	5.27308655	""	COCONUT:(CNP0252964);Natural Products:(UNPD2442);SuperNatural:(SN00253704)	3178496
66	1	N/A	-240.23438622847627	C18H30O2	[M + H]+	CBAABHLYEHHMIM	InChI=1S/C18H30O2/c1-14(2)7-6-8-16-9-11-18(5,12-10-16)17(19)20-13-15(3)4/h7,9,15H,6,8,10-13H2,1-5H3	2-Methylpropyl 1-methyl-4-(4-methyl-3-pentenyl)cyclohex-3-ene-1-carboxylate	CC(C)COC(=O)C1(CCC(=CC1)CCC=C(C)C)C	5.0999999	175120	PubChem:(175120);NORMAN:(NS00062357)	262146
67	1	N/A	-241.0607182309863	C18H30O2	[M + H]+	SVLVFYGIGOCFCD	InChI=1S/C18H30O2/c1-15(2)10-12-19-18(20-13-11-16(3)4)14-17-8-6-5-7-9-17/h5-9,15-16,18H,10-14H2,1-4H3	Phenylacetaldehyde diisoamylacetal	CC(C)CCOC(CC1=CC=CC=C1)OCCC(C)C	5.4000001	109464	PubChem:(109464);NORMAN:(NS00013132)	262146
68	1	N/A	-243.84515760686332	C18H30O2	[M + H]+	XKFUZZHODDFIKA	InChI=1S/C18H30O2/c1-14(9-7-11-16(3)19)8-6-10-15(2)17-12-13-18(4,5)20-17/h9-10,17H,6-8,11-13H2,1-5H3	null	CC(=CCCC(=O)C)CCC=C(C)C1CCC(O1)(C)C	4.0999999	23426348	COCONUT:(CNP0148462);KNApSAcK:(22148);Natural Products:(UNPD183173);PubChem:(23426348)	2129938
69	1	N/A	-244.6341336802941	C18H30O2	[M + H]+	IGJMOONLKHMHNY	InChI=1S/C18H30O2/c1-13(2)16-11-12-18(16,5)17(20)10-9-14(3)7-6-8-15(4)19/h7,13,16H,6,8-12H2,1-5H3	null	CC(C)C1CCC1(C)C(=O)CCC(=CCCC(=O)C)C	4.0	23426353	COCONUT:(CNP0218702);Natural Products:(UNPD3653);PubChem:(23426353);SuperNatural:(SN00265374)	3178498
70	1	N/A	-245.12730523801596	C18H30O2	[M + H]+	SNUHZNCSBAQVJV	InChI=1S/C18H30O2/c1-13(19)7-8-15-17(4)11-6-10-16(2,3)14(17)9-12-18(15,5)20/h7-8,14-15,20H,6,9-12H2,1-5H3	Spectrum_001255	CC(=O)C=CC1C2(CCCC(C2CCC1(C)O)(C)C)C	4.0	1493959;3797315;5925577;7243064;7263913;7263914;6708598;6857787;10356218;11892087;11892704;11892705;11892706;17037398;16758029;101057119	COCONUT:(CNP0184383);Natural Products:(UNPD133074 UNPD168945 UNPD195685 UNPD228904);PubChem:(1493959 3797315 5925577 7243064 7263913 7263914 6708598 6857787 10356218 11892087 11892704 11892705 11892706 17037398 16758029 101057119);SuperNatural:(SN00391548 SN00382858 SN00360367);CHEBI:(110196);ZINC bio:(ZINC02558144 ZINC09223158 ZINC13517388);PubMed	3186786
71	1	N/A	-245.30529752608803	C18H30O2	[M + H]+	LTKPTPJAITTZMS	InChI=1S/C18H30O2/c1-12(6-5-7-13(2)19)8-9-16-15-10-14(15)11-17(20)18(16,3)4/h6,14-17,20H,5,7-11H2,1-4H3	null	CC(=CCCC(=O)C)CCC1C2CC2CC(C1(C)C)O	3.94942451	""	COCONUT:(CNP0229737);Natural Products:(UNPD182668);SuperNatural:(SN00331393)	3178496
72	1	N/A	-246.70571721392028	C18H30O2	[M + H]+	ZOVPLJJDPDLGND	InChI=1S/C18H30O2/c1-5-9-11-15(6-2)12-10-13-18(8-4)14-16(7-3)17(19)20-18/h9,11,14-15H,5-8,10,12-13H2,1-4H3	plakortone G	CCC=CC(CC)CCCC1(C=C(C(=O)O1)CC)CC	5.69999981	11778329;11265926;44576264	COCONUT:(CNP0334085);MeSH:(11778329 44576264);Natural Products:(UNPD82452);PubChem:(11778329 11265926 44576264);PubMed	2129990
73	1	N/A	-250.95153141615685	C18H30O2	[M + H]+	CDQRKPOIGQRDHU	InChI=1S/C18H30O2/c1-3-4-5-6-7-8-9-10-11-12-13-17-14-15-18(20-17)16(2)19/h14-15H,3-13H2,1-2H3	Ethanone, 1-(5-dodecyl-2-furanyl)-	CCCCCCCCCCCCC1=CC=C(O1)C(=O)C	7.0999999	14377108	COCONUT:(CNP0105910);Natural Products:(UNPD43655);PubChem:(14377108);PubMed	2129986
74	1	N/A	-256.51994047810524	C18H30O2	[M + H]+	AXTSIJIRCLEZEN	InChI=1S/C18H30O2/c1-13(7-6-8-15(3)19)9-11-16-14(2)10-12-17(20)18(16,4)5/h7,16-17,20H,2,6,8-12H2,1,3-5H3	null	CC(=CCCC(=O)C)CCC1C(=C)CCC(C1(C)C)O	3.79999995	23426349	COCONUT:(CNP0175384);Natural Products:(UNPD145053);PubChem:(23426349);SuperNatural:(SN00270745)	3178498
75	1	N/A	-257.04430007075916	C18H30O2	[M + H]+	MWINCPOPMHABNZ	InChI=1S/C18H30O2/c1-12-6-9-16-17(3,4)10-14(20)11-18(16,5)15(12)8-7-13(2)19/h6,14-16,20H,7-11H2,1-5H3	null	CC1=CCC2C(CC(CC2(C1CCC(=O)C)C)O)(C)C	3.7937355	""	COCONUT:(CNP0173552);Natural Products:(UNPD125000);SuperNatural:(SN00279329)	3178496
76	1	N/A	-260.4780327657348	C18H30O2	[M + H]+	QXKYBQYAKZOANE	InChI=1S/C18H30O2/c1-6-13-19-14-12-16(3)9-7-8-15(2)10-11-17-18(4,5)20-17/h6,8,12-13,17H,7,9-11,14H2,1-5H3	10,11-Epoxy-6,7-farnesyl propenyl ether	CC=COCC=C(C)CCC=C(C)CCC1C(O1)(C)C	5.0	6443538;20839701	PubChem:(6443538 20839701);MeSH:(6443538)	6
77	1	N/A	-261.8127693124399	C18H30O2	[M + H]+	PGCYEKRDYMCFNF	InChI=1S/C18H30O2/c1-3-4-5-6-7-8-9-10-11-12-16-13-17(19)15-18(14-16)20-2/h13-15,19H,3-12H2,1-2H3	null	CCCCCCCCCCCC1=CC(=CC(=C1)OC)O	7.19999981	46189015	COCONUT:(CNP0136242);Natural Products:(UNPD201674);PubChem:(46189015)	2129922
78	1	N/A	-265.01516216155323	C18H30O2	[M + H]+	QWLXSPZLVCBDHM	InChI=1S/C18H30O2/c1-13(2)12-20-16(19)18(5)10-8-14-7-6-9-17(3,4)15(14)11-18/h13H,6-12H2,1-5H3	Isobutyl 1,2,3,4,5,6,7,8-octahydro-2,8,8-trimethyl-2-naphthoate	CC(C)COC(=O)C1(CCC2=C(C1)C(CCC2)(C)C)C	4.5999999	16206060;93484563;93484564	PubChem:(16206060 93484563 93484564);NORMAN:(NS00066733)	262146
79	1	N/A	-265.6347479411465	C18H30O2	[M + H]+	LAPHHMVDAWDHHI	InChI=1S/C18H30O2/c1-12(2)8-13(3)9-14(4)10-15(5)16-6-7-17(19)18(20)11-16/h6-7,11-15,19-20H,8-10H2,1-5H3	null	CC(C)CC(C)CC(C)CC(C)C1=CC(=C(C=C1)O)O	6.30000019	139595861	PubChem:(139595861);NORMAN:(NS00003807)	262146
80	1	N/A	-269.4945667090187	C18H30O2	[M + H]+	NPSBIIPKEQTFPA	InChI=1S/C18H30O2/c1-7-17(19)20-18(6,8-2)14-10-13-16(5)12-9-11-15(3)4/h8,11,13H,2,7,9-10,12,14H2,1,3-6H3	Nerolidyl propionate	CCC(=O)OC(C)(CCC=C(C)CCC=C(C)C)C=C	5.5999999	81573;5357158;5365021	PubChem:(81573 5357158 5365021);NORMAN:(NS00043845)	262146
81	1	N/A	-270.39749756832913	C18H30O2	[M + H]+	YMFUKUBKNARDRB	InChI=1S/C18H30O2/c1-12-6-9-15-17(3,4)16(20)10-11-18(15,5)14(12)8-7-13(2)19/h14-16,20H,1,6-11H2,2-5H3	null	CC(=O)CCC1C(=C)CCC2C1(CCC(C2(C)C)O)C	3.29999995	10564577;44205971	COCONUT:(CNP0138251);Natural Products:(UNPD193892 UNPD204849);PubChem:(10564577 44205971)	2129922
82	1	N/A	-275.3274554524417	C18H30O2	[M + H]+	OOTXTVKIKCULJJ	InChI=1S/C18H30O2/c1-12(20)16-5-6-17-15-4-3-13(8-10-19)11-14(15)7-9-18(16,17)2/h13-17,19H,3-11H2,1-2H3	1-(7-(2-Hydroxyethyl)dodecahydro-3a-methyl-1H-benz(e)inden-3-yl)ethanone	CC(=O)C1CCC2C1(CCC3C2CCC(C3)CCO)C	4.19999981	126873;10588693;10636338;10802577;10107618;15221372;11778327;44351828;44360000;44360357;49823737	MeSH:(126873);PubChem:(126873 10588693 10636338 10802577 10107618 15221372 11778327 44351828 44360000 44360357 49823737);PubMed	70
83	1	N/A	-277.29698363961734	C18H30O2	[M + H]+	SFZIRBVSXDVBFF	InChI=1S/C18H30O2/c1-8-16(20-14(3)19)17(4,5)12-11-15-10-9-13(2)18(15,6)7/h9,11-12,15-16H,8,10H2,1-7H3	[(E)-4,4-dimethyl-6-(2,2,3-trimethylcyclopent-3-en-1-yl)hex-5-en-3-yl] acetate	CCC(C(C)(C)C=CC1CC=C(C1(C)C)C)OC(=O)C	4.9000001	5706294;7057532;7057533;7057534;7057535	COCONUT:(CNP0045819);PubChem:(5706294 7057532 7057533 7057534 7057535);SuperNatural:(SN00128010 SN00128011 SN00128009 SN00128012);ZINC bio:(ZINC03852065 ZINC03852067 ZINC03852069 ZINC03852071)	3153922
84	1	N/A	-280.14168516551155	C18H30O2	[M + H]+	WWRUOBBEFDYYJF	InChI=1S/C18H30O2/c1-16(2,3)13-10-14(17(4,5)19-8)12-15(11-13)18(6,7)20-9/h10-12H,1-9H3	ACMC-20mbds	CC(C)(C)C1=CC(=CC(=C1)C(C)(C)OC)C(C)(C)OC	4.0999999	21600631	PubChem:(21600631);PubChem class - safety and toxic	67108866
85	1	N/A	-280.856143113665	C18H30O2	[M + H]+	KDFIUXIPXNKEPM	InChI=1S/C18H30O2/c1-13-6-9-16-17(3,12-19)10-5-11-18(16,4)15(13)8-7-14(2)20/h15-16,19H,1,5-12H2,2-4H3	null	CC(=O)CCC1C(=C)CCC2C1(CCCC2(C)CO)C	3.4000001	101282025;132838611	COCONUT:(CNP0257908);KNApSAcK:(23401);Natural Products:(UNPD139197 UNPD139560);PubChem:(101282025 132838611);SuperNatural:(SN00226355)	3178514
86	1	N/A	-284.26969417778156	C18H30O2	[M + H]+	MYSZMPRCMQULHI	InChI=1S/C18H30O2/c1-4-5-6-7-8-9-16-10-11-17(14-18(16)19)20-13-12-15(2)3/h10-11,14-15,19H,4-9,12-13H2,1-3H3	Heptylresorzin i-pentylaether	CCCCCCCC1=C(C=C(C=C1)OCCC(C)C)O	6.14852715	203662	PubChem:(203662);PubChem class - safety and toxic	67108866
87	1	N/A	-288.95558292048605	C18H30O2	[M + H]+	ZLALDYHBEJYUAT	InChI=1S/C18H30O2/c1-12(19)7-8-14-13(2)15(20)11-16-17(3,4)9-6-10-18(14,16)5/h14-16,20H,2,6-11H2,1,3-5H3	null	CC(=O)CCC1C(=C)C(CC2C1(CCCC2(C)C)C)O	3.5	44612160	COCONUT:(CNP0143872);KNApSAcK:(23400);Natural Products:(UNPD187666);PubChem:(44612160);SuperNatural:(SN00400667)	3178514
88	1	N/A	-291.8434239951156	C18H30O2	[M + H]+	LRJUWHLEMHCWJI	InChI=1S/C18H30O2/c1-12-6-7-14-17(4)10-9-15(19)16(2,3)13(17)8-11-18(14,5)20-12/h6,13-15,19H,7-11H2,1-5H3	null	CC1=CCC2C3(CCC(C(C3CCC2(O1)C)(C)C)O)C	4.0999999	23426354	COCONUT:(CNP0303803);Natural Products:(UNPD60340);PubChem:(23426354);SuperNatural:(SN00390570)	3178498
89	1	N/A	-295.89055481030874	C18H30O2	[M + H]+	JRRYKZBKIDSIAO	InChI=1S/C18H30O2/c1-7-19-12-13-20-16-10-8-15(9-11-16)18(5,6)14-17(2,3)4/h8-11H,7,12-14H2,1-6H3	1-(2-ethoxyethoxy)-4-(2,4,4-trimethylpentan-2-yl)benzene	CCOCCOC1=CC=C(C=C1)C(C)(C)CC(C)(C)C	5.5	20686550	PubChem:(20686550);PubChem class - bio and metabolites	16777218
90	1	N/A	-301.18561157610804	C18H30O2	[M + H]+	PHNCACYNYORRNS	InChI=1S/C18H30O2/c1-15(2)8-5-9-16(3)13(15)7-11-18-12-19-17(4,20-18)10-6-14(16)18/h13-14H,5-12H2,1-4H3	15,16-Dinorlabdane, 8,13:13,20-diepoxy-, (13S)-	CC1(CCCC2(C1CCC34C2CCC(O3)(OC4)C)C)C	4.69999981	93639;10891200;10891201;10901938;11033204;11033205;11108673;101277962;124356151;124356152;124356153;134970443	NORMAN:(NS00012349);KNApSAcK:(23379);PubChem class - safety and toxic;PubChem:(93639 10891200 10891201 10901938 11033204 11033205 11108673 101277962 124356151 124356152 124356153 134970443)	67371026
91	1	N/A	-301.7550224857159	C18H30O2	[M + H]+	GMPQVQXCPVMBPR	InChI=1S/C18H30O2/c1-15-8-6-7-13-11-16(15,2)18(19,12-20-3)17(14(13)15)9-4-5-10-17/h13-14,19H,4-12H2,1-3H3	null	CC12CCCC3C1C4(CCCC4)C(C2(C3)C)(COC)O	3.59783435	""	COCONUT:(CNP0097681);SuperNatural:(SN00170145)	3145728
92	1	N/A	-302.4451304983119	C18H30O2	[M + H]+	ZHUWKKIRCLKYNJ	InChI=1S/C18H30O2/c1-7-9-17(3,4)13-11-16(20)14(12-15(13)19)18(5,6)10-8-2/h11-12,19-20H,7-10H2,1-6H3	2,5-Bis(1,1-dimethylbutyl)hydroquinone	CCCC(C)(C)C1=CC(=C(C=C1O)C(C)(C)CCC)O	6.69999981	5463753	NORMAN:(NS00002052);PubChem class - safety and toxic;PubChem:(5463753)	67371010
93	1	N/A	-311.06180133121535	C18H30O2	[M + H]+	RRLPVSSSHUDKRO	InChI=1S/C18H30O2/c1-15-8-6-7-13-11-14(15)17(9-4-5-10-17)18(19,12-20-3)16(13,15)2/h13-14,19H,4-12H2,1-3H3	null	CC12CCCC3C1(C(C4(C2C3)CCCC4)(COC)O)C	3.59783435	""	COCONUT:(CNP0097715);SuperNatural:(SN00170144)	3145728
94	1	N/A	-332.0184250646705	C18H30O2	[M + H]+	HBRPOZMVZKEUDD	InChI=1S/C18H30O2/c1-14(2)8-7-9-15(3)10-12-18(5,6)17-19-13-11-16(4)20-17/h8,12,16-17H,7,9,11,13H2,1-6H3	4-methyl-2-(2,5,9-trimethyldeca-3,4,8-trien-2-yl)-1,3-dioxane	CC1CCOC(O1)C(C)(C)C=C=C(C)CCC=C(C)C	5.0	2252134;2252135;2252136;4462150;6595002	COCONUT:(CNP0361334);PubChem:(2252134 2252135 2252136 4462150 6595002);SuperNatural:(SN00064068 SN00064069 SN00064070 SN00066515);ZINC bio:(ZINC02904833 ZINC02904834 ZINC02904836 ZINC04024001)	3153922
95	1	N/A	-332.81725645915503	C18H30O2	[M + H]+	VJHOUDVWZXUGCF	InChI=1S/C18H30O2/c1-6-16(19)20-14-10-18-9-13(12(14)3)17(4,5)15(18)8-7-11(18)2/h11-15H,6-10H2,1-5H3	(3R-(3alpha,3abeta,6alpha,7beta,8aalpha))-Octahydro-3,6,8,8-tetramethyl-1H-3a,7-methanoazulen-5-yl propionate	CCC(=O)OC1CC23CC(C1C)C(C2CCC3C)(C)C	5.4000001	44148064;74934274	PubChem:(44148064 74934274);NORMAN:(NS00040234)	262146
96	1	N/A	-365.27889654848445	C18H30O2	[M + H]+	YJVLDTISLGRQTJ	InChI=1S/C18H30O2/c1-11-7-8-12-15(2,3)13-9-18(11,12)10-14-17(13,6)20-16(4,5)19-14/h11-14H,7-10H2,1-6H3	4H-4a,9-Methanoazuleno[5,6-d]-1,3-dioxole, octahydro-2,2,5,8,8,9a-hexamethyl-, (4aR,5R,7aS,9R)-	CC1CCC2C13CC(C2(C)C)C4(C(C3)OC(O4)(C)C)C	4.5	10967865;57885069;57885070;57885071;57885072;57885073;66731260;68031388;68031390;68031393;69102234;73555318;70963700;70963701;70963703;88565064;88565065;88565066;88565069;126664832;132002496;139598020;139329580	PubChem:(10967865 57885069 57885070 57885071 57885072 57885073 66731260 68031388 68031390 68031393 69102234 73555318 70963700 70963701 70963703 88565064 88565065 88565066 88565069 126664832 132002496 139598020 139329580);PubChem class - safety and toxic	67108866
97	1	N/A	-370.64838597270636	C18H30O2	[M + H]+	YREXDJKVVZTWSU	InChI=1S/C18H30O2/c1-13(7-6-8-14(2)19)9-10-15-17(3,4)16-11-12-18(15,5)20-16/h7,15-16H,6,8-12H2,1-5H3	null	CC(=CCCC(=O)C)CCC1C(C2CCC1(O2)C)(C)C	4.0	23426352;24997205	COCONUT:(CNP0283722);Natural Products:(UNPD151971);PubChem:(23426352 24997205);SuperNatural:(SN00228268)	3178498
98	1	N/A	-374.8919773672067	C18H30O2	[M + H]+	FRBPVGRMDGELKN	InChI=1S/C18H30O2/c1-12-10-19-11-17-5-6-18(17,20-12)13(2)15-9-16(3,4)7-14(15)8-17/h12-15H,5-11H2,1-4H3	null	CC1COCC23CCC2(O1)C(C4CC(CC4C3)(C)C)C	4.0999999	139583859	PubChem:(139583859);COCONUT:(CNP0397182)	2097154