structureRankPerFormula	formulaRank	ConfidenceScore	CSI:FingerIDScore	molecularFormula	adduct	InChIkey2D	InChI	name	smiles	xlogp	pubchemids	links	dbflags
1	1	N/A	-11.822732027390554	C5H7NO3	[M + H]+	ODHCTXKNWHHXJC	InChI=1S/C5H7NO3/c7-4-2-1-3(6-4)5(8)9/h3H,1-2H2,(H,6,7)(H,8,9)	Pidolate	C1CC(=O)NC1C(=O)O	-0.800000012	499;7405;439685;7043982;5289118;10534703;21226158;57536822;71309033;76973407;76973951;101602863;102268616;101958799;102601775;122222193;131698836;134081798	HMDB:(267 805 60262);SuperNatural:(SN00254500 SN00064283 SN00064282 SN00247327);ZINC bio:(ZINC03598262 ZINC03598263);additional;MeSH:(499 7405 439685);Plantcyc:(5-OXOPROLINE);PubMed;NORMAN:(NS00006581);COCONUT:(CNP0086290 CNP0206174);KNApSAcK:(7403);Natural Products:(UNPD42473 UNPD161299 UNPD125310);PubChem:(499 7405 439685 7043982 5289118 10534703 21226158 57536822 71309033 76973407 76973951 101602863 102268616 101958799 102601775 122222193 131698836 134081798);CHEBI:(58402 57948 57606 16010 16924 18183);PubChem class - bio and metabolites;KEGG:(C01879 C02237);PubChem class - safety and toxic;YMDB:(107);Training Set;PubChem class - drug;Biocyc:(5-OXOPROLINE CPD-656 CPD0-2503 SMA-0000541)	121629054
2	1	N/A	-158.06764724715902	C5H7NO3	[M + H]+	WFOFKRKDDKGRIK	InChI=1S/C5H7NO3/c7-3-1-4(5(8)9)6-2-3/h2-4,7H,1H2,(H,8,9)	pyrroline-hydroxy-carboxylate	C1C(C=NC1C(=O)O)O	-1.10000002	1059;11966267;11966268;23615442;46926300;92144401;92144402;90238221;101407380	HMDB:(1369 62585);SuperNatural:(SN00305377);MeSH:(1059);Plantcyc:(PYRROLINE-HYDROXY-CARBOXYLATE);COCONUT:(CNP0083255 CNP0313115);Natural Products:(UNPD4006);PubChem:(1059 11966267 11966268 23615442 46926300 92144401 92144402 90238221 101407380);CHEBI:(37005 62612 27391 6151 58509);PubChem class - bio and metabolites;EcoCyc Mine;KEGG:(C04281);YMDB:(718);Biocyc:(SMA-0000432 PYRROLINE-HYDROXY-CARBOXYLATE)	17200023854
3	1	N/A	-160.91296406782703	C5H7NO3	[M + H]+	RBWXRFBKVDBXEG	InChI=1S/C5H7NO3/c1-2-3(7)4(6)5(8)9/h1,3-4,7H,6H2,(H,8,9)	3-Ethynylserine	C#CC(C(C(=O)O)N)O	-3.9000001	127838;5245928;5245929;54258654;121596469;139036266	COCONUT:(CNP0244576);Natural Products:(UNPD192933);PubChem:(127838 5245928 5245929 54258654 121596469 139036266);CHEBI:(144833 144729);MeSH:(127838 54258654);PubChem class - safety and toxic;PubMed	69238886
4	1	N/A	-161.50674771555572	C5H7NO3	[M + H]+	GZVHQYZRBCSHAI	InChI=1S/C5H7NO3/c7-4-1-3(2-6-4)5(8)9/h3H,1-2H2,(H,6,7)(H,8,9)	5-Oxo-3-pyrrolidinecarboxylic acid	C1C(CNC1=O)C(=O)O	-1.20000005	16785136;25100087;28063204	PubChem class - safety and toxic;PubChem:(16785136 25100087 28063204);PubMed	67108930
5	1	N/A	-172.43762947557045	C5H7NO3	[M + H]+	DQAKJEWZWDQURW	InChI=1S/C5H7NO3/c7-4-2-1-3-6(4)5(8)9/h1-3H2,(H,8,9)	2-oxopyrrolidine-1-carboxylate	C1CC(=O)N(C1)C(=O)O	-0.27349636	9855476;21917698	COCONUT:(CNP0088387);PubChem:(9855476 21917698);SuperNatural:(SN00215845);CHEBI:(139123);ZINC bio:(ZINC12494407);PubMed;KEGG Mine	8593088610
6	1	N/A	-172.94794490223396	C5H7NO3	[M + H]+	CMLUJDMOPDRNRD	InChI=1S/C5H7NO3/c1-3(5(8)9)2-4(6)7/h2H,1H3,(H2,6,7)(H,8,9)	(Z)-4-amino-2-methyl-4-oxobut-2-enoic acid	CC(=CC(=O)N)C(=O)O	-0.699999988	19910842;53728915;55285696	COCONUT:(CNP0166908);EcoCyc Mine;Natural Products:(UNPD152288);PubChem:(19910842 53728915 55285696);KEGG Mine	25771933698
7	1	N/A	-189.46741914392402	C5H7NO3	[M + H]+	LZCXCXDOGAEFQX	InChI=1S/C5H7NO3/c1-2-4(7)6-3-5(8)9/h2H,1,3H2,(H,6,7)(H,8,9)	N-Acryloylglycine	C=CC(=O)NCC(=O)O	-0.300000012	100321	COCONUT:(CNP0077507);HMDB:(1843);PubChem:(100321);SuperNatural:(SN00216074);ZINC bio:(ZINC01565157);PubChem class - bio and metabolites;MeSH:(100321);PubChem class - safety and toxic;PubMed;KEGG Mine	8676974670
8	1	N/A	-194.90786948768593	C5H7NO3	[M + H]+	SDHXFKBMHSJXHA	InChI=1S/C5H7NO3/c6-3(7)5(1-2-5)4(8)9/h1-2H2,(H2,6,7)(H,8,9)	ACMC-20aowd	C1CC1(C(=O)N)C(=O)O	-0.800000012	2733272;6931376	PubChem:(2733272 6931376);PubChem class - safety and toxic	67108866
9	1	N/A	-194.97050157636917	C5H7NO3	[M + H]+	DFQUBYCHLQAFOW	InChI=1S/C5H7NO3/c1-6-4(7)2-3-5(8)9/h2-3H,1H3,(H,6,7)(H,8,9)	N-Methylmaleamic acid	CNC(=O)C=CC(=O)O	-0.699999988	95603;5354909;5367880;6992861	NORMAN:(NS00043283);PubChem class - safety and toxic;PubChem:(95603 5354909 5367880 6992861);KEGG Mine	8657305602
10	1	N/A	-195.32800339897983	C5H7NO3	[M + H]+	HFXAFXVXPMUQCQ	InChI=1S/C5H7NO3/c7-3-1-4(5(8)9)6-2-3/h4,6H,1-2H2,(H,8,9)	4-Oxoproline	C1C(NCC1=O)C(=O)O	-3.29999995	107541;413589;25200726;28125540;28125541;28125542;74546988	ZINC bio:(ZINC00901173 ZINC00901176);MeSH:(107541 413589);PubMed;NORMAN:(NS00015116);COCONUT:(CNP0124683);Natural Products:(UNPD51562);PubChem:(107541 413589 25200726 28125540 28125541 28125542 74546988);YMDB Mine;CHEBI:(77656 84813 37011 16821 58670);PubChem class - bio and metabolites;EcoCyc Mine;KEGG:(C01877);PubChem class - drug;Biocyc:(4-OXOPROLINE)	51592341862
11	1	N/A	-203.94645194513967	C5H7NO3	[M + H]+	AOMLMYXPXUTBQH	InChI=1S/C5H7NO3/c7-3-1-4(5(8)9)6-2-3/h3,7H,1-2H2,(H,8,9)	4-hydroxy-1-pyrroline-2-carboxylate	C1C(CN=C1C(=O)O)O	-1.29999995	440282;15030764;20849161;28125554;28125555	COCONUT:(CNP0083616);HMDB:(2234);PubChem:(440282 15030764 20849161 28125554 28125555);CHEBI:(57745 16352 88149 87834);PubChem class - bio and metabolites;KEGG:(C04282);Plantcyc:(CPD-1128);Biocyc:(CPD-1128)	19007786
12	1	N/A	-214.22275650612005	C5H7NO3	[M + H]+	ZYILYULSVKLHKZ	InChI=1S/C5H7NO3/c1-4(6-3-7)5(8)9-2/h4H,1-2H3	methyl 2-isocyanatopropanoate	CC(C(=O)OC)N=C=O	1.5	2759403;7019162;7159635	PubChem:(2759403 7019162 7159635);PubChem class - safety and toxic	67108866
13	1	N/A	-219.74174569890553	C5H7NO3	[M + H]+	ADUZMHIDLNHECM	InChI=1S/C5H7NO3/c1-3-2-4(5(7)8)9-6-3/h4H,2H2,1H3,(H,7,8)	3-methyl-4,5-dihydroisoxazole-5-carboxylic acid	CC1=NOC(C1)C(=O)O	-0.200000003	12007182;14921239;25775431	PubChem:(12007182 14921239 25775431);PubChem class - safety and toxic	67108866
14	1	N/A	-221.07924169476348	C5H7NO3	[M + H]+	AOFIVJOZERJBKG	InChI=1S/C5H7NO3/c6-5(8)3-1-2-4(7)9-3/h3H,1-2H2,(H2,6,8)	null	C1CC(=O)OC1C(=O)N	-0.800000012	10351721;10419204;53653377	COCONUT:(CNP0031489);EcoCyc Mine;PubChem:(10351721 10419204 53653377);SuperNatural:(SN00143097);ZINC bio:(ZINC68605934)	17183023106
15	1	N/A	-223.26052425937644	C5H7NO3	[M + H]+	VNVPVYUTTNLIEE	InChI=1S/C5H7NO3/c1-9-5(8)3-2-4(6)7/h2-3H,1H3,(H2,6,7)	methyl 4-amino-4-oxobut-2-enoate	COC(=O)C=CC(=O)N	-0.434956968	227708;5354793;14117977	COCONUT:(CNP0302670);Natural Products:(UNPD35791);PubChem:(227708 5354793 14117977);KEGG Mine	8592064514
16	1	N/A	-224.5940905198996	C5H7NO3	[M + H]+	UFDFFEMHDKXMBG	InChI=1S/C5H7NO3/c1-3(5(8)9)6-4(2)7/h1H2,2H3,(H,6,7)(H,8,9)	Acetyldehydroalanine	CC(=O)NC(=C)C(=O)O	-0.200000003	79482;6992974	NORMAN:(NS00033035);PubChem:(79482 6992974);YMDB Mine;ZINC bio:(ZINC01596730);MeSH:(79482);PubChem class - safety and toxic;PubMed	34427117638
17	1	N/A	-230.35243883058405	C5H7NO3	[M + H]+	SKXPOIQAAMIVEO	InChI=1S/C5H7NO3/c7-4(5(8)9)6-2-1-3-6/h1-3H2,(H,8,9)	2-(azetidin-1-yl)-2-oxoacetate	C1CN(C1)C(=O)C(=O)O	-0.200000003	14998207;21291366	COCONUT:(CNP0339837);MeSH:(14998207);PubChem:(14998207 21291366);PubMed;ZINC bio:(ZINC14619013)	2105414
18	1	N/A	-243.7514343920948	C5H7NO3	[M + H]+	BMFNDMNRYPFUPF	InChI=1S/C5H7NO3/c1-3(7)5(6-9)4(2)8/h7H,1-2H3	null	CC(=C(C(=O)C)N=O)O	0.300000012	98584;136308453;135459376	PubChem:(98584 136308453 135459376);PubChem class - safety and toxic	67108866
19	1	N/A	-246.16351439416857	C5H7NO3	[M + H]+	OEYMQQDJCUHKQS	InChI=1S/C5H7NO3/c1-3(7)9-5-2-4(8)6-5/h5H,2H2,1H3,(H,6,8)	4-acetoxy azetidinone	CC(=O)OC1CC(=O)N1	-0.55163306	119981;478962;40488204	MeSH:(119981);PubChem class - safety and toxic;PubChem:(119981 478962 40488204);PubMed	67108934
20	1	N/A	-246.60858619982037	C5H7NO3	[M + H]+	IYPJQABCLBFGTB	InChI=1S/C5H7NO3/c1-2-9-5(8)4(7)3-6/h4,7H,2H2,1H3	null	CCOC(=O)C(C#N)O	-0.200000003	10877143	COCONUT:(CNP0342133);Natural Products:(UNPD193356);PubChem:(10877143)	2129922
21	1	N/A	-246.91148553284947	C5H7NO3	[M + H]+	AZVYYSCOCHRFKW	InChI=1S/C5H7NO3/c7-3-6-4(8)1-2-5(6)9/h7H,1-3H2	2, 1-(hydroxymethyl)-	C1CC(=O)N(C1=O)CO	-0.899999976	95286	MeSH:(95286);PubChem class - safety and toxic;PubChem:(95286);PubMed	67108934
22	1	N/A	-249.54258076575394	C5H7NO3	[M + H]+	DUVOZUPPHBRJJO	InChI=1S/C5H7NO3/c1-2-9-5(8)3-6-4-7/h2-3H2,1H3	Ethyl isocyanatoacetate	CCOC(=O)CN=C=O	1.5	76283	NORMAN:(NS00028717);PubChem class - safety and toxic;PubChem:(76283)	67371010
23	1	N/A	-272.2184810887124	C5H7NO3	[M + H]+	SCXYNWWYWRWGLZ	InChI=1S/C5H7NO3/c1-4(6-3-7)5(8)9-2/h3H,1H2,2H3,(H,6,7)	methyl 2-(formylamino)acrylate	COC(=O)C(=C)NC=O	0.100000001	11499217	MeSH:(11499217);PubChem:(11499217);PubMed	70
24	1	N/A	-278.2782821203104	C5H7NO3	[M + H]+	NLKACWKSCREJEL	InChI=1S/C5H7NO3/c1-6-4(8)2-3(7)5(6)9/h3,7H,2H2,1H3	ACMC-20apen	CN1C(=O)CC(C1=O)O	-1.39999998	260809;13726417;13726418;112758517;139025533	MeSH:(260809);PubChem class - safety and toxic;PubChem:(260809 13726417 13726418 112758517 139025533);PubMed	67108934
25	1	N/A	-296.5922666480356	C5H7NO3	[M + H]+	JYJFNDQBESEHJQ	InChI=1S/C5H7NO3/c1-5(2)3(7)6-4(8)9-5/h1-2H3,(H,6,7,8)	Propazone	CC1(C(=O)NC(=O)O1)C	0.100000001	3081;450446;53981182;53981183	NORMAN:(NS00036886);COCONUT:(CNP0372072);HMDB:(61093);PubChem:(3081 450446 53981182 53981183);SuperNatural:(SN00013679);CHEBI:(94613);ZINC bio:(ZINC05762010);MeSH:(3081);PubChem class - safety and toxic;PubMed;KEGG Mine	8660459630
26	1	N/A	-296.7533760588532	C5H7NO3	[M + H]+	VFERKVPEPDAXQV	InChI=1S/C5H7NO3/c6-3-1-4(5(7)8)9-2-3/h1,3H,2,6H2,(H,7,8)	(S)-4-amino-4,5-dihydro-2-furancarboxylate	C1C(C=C(O1)C(=O)O)N	-3.0999999	13355201;10240822;45089087;44305120;54758664;101728557	PubChem:(13355201 10240822 45089087 44305120 54758664 101728557);PubMed;Biocyc:(CPD0-2462)	2114
27	1	N/A	-329.48109375496006	C5H7NO3	[M + H]+	FGQJBZHMORPBRR	InChI=1S/C5H7NO3/c1-6-2-4(7)9-5(8)3-6/h2-3H2,1H3	MIDA anhydride	CN1CC(=O)OC(=O)C1	-0.200000003	14320324	PubChem:(14320324);PubChem class - safety and toxic	67108866
1	1	0.32483746628717003	-5.754691811561836	C5H9NO4	[M - H2O + H]+	WHUUTDBJXJRKMK	InChI=1S/C5H9NO4/c6-3(5(9)10)1-2-4(7)8/h3H,1-2,6H2,(H,7,8)(H,9,10)	Glutamat	C(CC(=O)O)C(C(=O)O)N	-1.32391071	611;23327;33032;104813;168158;450555;450602;4525487;4179667;4452358;5128032;5147171;5460297;5460299;5460543;5460544;10582905;12248489;12248490;12248491;12248492;12248499;12248500;12248502;12248503;10942598;10057642;11629711;11701061;14598502;11840951;10351852;10396980;16213329;16213424;16213454;16217561;21575125;42615584;44272391;51037439;51037437;51037438;51037440;46932125;50992608;54431527;54431528;57397101;56638524;56845125;56845930;56845948;57607970;57607968;57607971;57607976;57616920;71308417;71308849;71309035;71309130;71309247;71309316;71309505;71309806;71310326;87150909;87206355;88747398;88901897;89254549;90324386;91031500;91083019;91158404;90472821;91466291;101073736;101129201;101129202;102351656;102602046;117064483;117064484;119077677;119077680;119080345;121494059;124202791;129656111;129680450;133188389;132594196;132594197;131667875;131708707;131873974;134775857;139592947;139054390;138397024	HMDB:(148 3339 60475);PubChem class - food;SuperNatural:(SN00002027 SN00335254);ZINC bio:(ZINC00895124 ZINC01482113);additional;HSDB:(56-86-0);MeSH:(611 23327 33032 104813 4525487 5128032 5147171 5460299 5460544 11840951 14598502);Plantcyc:(D-GLT GLT);PubMed;NORMAN:(NS00008008);COCONUT:(CNP0086235 CNP0191057 CNP0200734);KNApSAcK:(19577);Natural Products:(UNPD80939 UNPD56979 UNPD112821);PubChem:(611 23327 33032 104813 168158 450555 450602 4525487 4179667 4452358 5128032 5147171 5460297 5460299 5460543 5460544 10582905 12248489 12248490 12248491 12248492 12248499 12248500 12248502 12248503 10942598 10057642 11629711 11701061 14598502 11840951 10351852 10396980 16213329 16213424 16213454 16217561 21575125 42615584 44272391 51037439 51037437 51037438 51037440 46932125 50992608 54431527 54431528 57397101 56638524 56845125 56845930 56845948 57607970 57607968 57607971 57607976 57616920 71308417 71308849 71309035 71309130 71309247 71309316 71309505 71309806 71310326 87150909 87206355 88747398 88901897 89254549 90324386 91031500 91083019 91158404 90472821 91466291 101073736 101129201 101129202 102351656 102602046 117064483 117064484 119077677 119077680 119080345 121494059 124202791 129656111 129680450 133188389 132594196 132594197 131667875 131708707 131873974 134775857 139592947 139054390 138397024);CHEBI:(14321 76051 29987 29986 16015 53375 53374 29988 29985 15966 53373 29989 18237);PubChem class - bio and metabolites;KEGG:(C00025 C00217 C00302);PubChem class - safety and toxic;YMDB:(271);Training Set;PubChem class - drug;Biocyc:(CPD1UA-4 GLT SMA-0000342 D-GLT)	255847294
2	1	N/A	-71.36582847456378	C5H9NO4	[M - H2O + H]+	BBJIPMIXTXKYLZ	InChI=1S/C5H9NO4/c6-3(1-4(7)8)2-5(9)10/h3H,1-2,6H2,(H,7,8)(H,9,10)	Isoglutamate	C(C(CC(=O)O)N)C(=O)O	-3.9000001	73064;6971072;21115209;51037021;51037020;51037022;101186833	ZINC bio:(ZINC00895793);MeSH:(73064);PubMed;COCONUT:(CNP0324847);Natural Products:(UNPD87311);PubChem:(73064 6971072 21115209 51037021 51037020 51037022 101186833);YMDB Mine;CHEBI:(28791 66948);PubChem class - bio and metabolites;EcoCyc Mine;KEGG:(C05574);Training Set;Biocyc:(CPD-14555)	51558541670
3	1	N/A	-93.53234964347048	C5H9NO4	[M - H2O + H]+	XCXUZPXOFFRGGP	InChI=1S/C5H9NO4/c6-4(5(9)10)1-3(8)2-7/h2-4,8H,1,6H2,(H,9,10)	4-hydroxyglutamate semialdehyde	C(C(C=O)O)C(C(=O)O)N	-4.0999999	440851;5153859;25201126	COCONUT:(CNP0264056);HMDB:(6556);PubChem:(440851 5153859 25201126);SuperNatural:(SN00216705);CHEBI:(27809 62637);PubChem class - bio and metabolites;EcoCyc Mine;KEGG:(C05938);YMDB:(720);Plantcyc:(L-4-HYDROXYGLUTAMATE_SEMIALDEHYDE);Biocyc:(L-4-HYDROXYGLUTAMATE_SEMIALDEHYDE)	17199991082
4	1	N/A	-100.20052328256182	C5H9NO4	[M - H2O + H]+	LXRUAYBIUSUULX	InChI=1S/C5H9NO4/c1-2(4(7)8)3(6)5(9)10/h2-3H,6H2,1H3,(H,7,8)(H,9,10)	bmse000352	CC(C(C(=O)O)N)C(=O)O	-3.29999995	852;151054;440064;5287600;6857392;10419328;11457762;21669089;21681698;21681702;21725662;21725663;23615405;23615406;28125547;36690079;54058082;57047953;55291433;58618371;101141865;101141867;102079156;102079158;131853958;134817810	SuperNatural:(SN00312912 SN00316916);ZINC bio:(ZINC00901781 ZINC01677331 ZINC01677332 ZINC01677333);additional;MeSH:(852 151054);PubMed;COCONUT:(CNP0165783);Natural Products:(UNPD167527 UNPD21259);PubChem:(852 151054 440064 5287600 6857392 10419328 11457762 21669089 21681698 21681702 21725662 21725663 23615405 23615406 28125547 36690079 54058082 57047953 55291433 58618371 101141865 101141867 102079156 102079158 131853958 134817810);YMDB Mine;CHEBI:(47980 58724 16378);PubChem class - bio and metabolites;EcoCyc Mine;KEGG:(C03618);Biocyc:(L-THREO-3-METHYL-ASPARTATE)	51560098150
5	1	N/A	-108.14205929223597	C5H9NO4	[M - H2O + H]+	CWAYDJFPMMUKOI	InChI=1S/C5H9NO4/c1-5(6,4(9)10)2-3(7)8/h2,6H2,1H3,(H,7,8)(H,9,10)	AmbotzHAA7550	CC(CC(=O)O)(C(=O)O)N	-3.70000005	2109;2724884;7015722;6993661;6993662;22649727;44123423;91422679;139087646	COCONUT:(CNP0128541);Natural Products:(UNPD136336);PubChem:(2109 2724884 7015722 6993661 6993662 22649727 44123423 91422679 139087646);SuperNatural:(SN00269224);ZINC bio:(ZINC01655433 ZINC02516276);PubChem class - bio and metabolites;MeSH:(2109 44123423);Plantcyc:(CPD0-1614);PubMed;Biocyc:(CPD0-1614);KEGG Mine	8610031686
6	1	N/A	-118.01404325260263	C5H9NO4	[M - H2O + H]+	FRTKOPTWTJLHNO	InChI=1S/C5H9NO4/c6-4(5(9)10)1-3(8)2-7/h4,7H,1-2,6H2,(H,9,10)	Antibiotic RI-331	C(C(C(=O)O)N)C(=O)CO	-4.4000001	160754;10219513;21730184;92446786	COCONUT:(CNP0170448);Natural Products:(UNPD182963);PubChem:(160754 10219513 21730184 92446786);SuperNatural:(SN00400250);YMDB Mine;ZINC bio:(ZINC05131706 ZINC13353804);EcoCyc Mine;MeSH:(160754 10219513);PubChem class - safety and toxic;PubMed;KEGG Mine	60199837766
7	1	N/A	-118.99801412491473	C5H9NO4	[M - H2O + H]+	VZXPDPZARILFQX	InChI=1S/C5H9NO4/c1-3(7)10-2-4(6)5(8)9/h4H,2,6H2,1H3,(H,8,9)	bmse000983	CC(=O)OCC(C(=O)O)N	-3.5	189;99478;6971051;6995273;6995274;25245438;129675616	HMDB:(3011);SuperNatural:(SN00001761);ZINC bio:(ZINC00895446 ZINC01747043);additional;MeSH:(189 99478);Plantcyc:(ACETYLSERINE);PubMed;NORMAN:(NS00014897);COCONUT:(CNP0343242);KNApSAcK:(7459);PubChem:(189 99478 6971051 6995273 6995274 25245438 129675616);CHEBI:(58340 17981);PubChem class - bio and metabolites;KEGG:(C00979);YMDB:(652);Biocyc:(ACETYLSERINE CPD1A0-6173)	20916606
8	1	N/A	-132.43645004647675	C5H9NO4	[M - H2O + H]+	NOIBHILYFWLMNC	InChI=1S/C5H9NO4/c6-3(5-9-10-5)1-2-4(7)8/h3,5H,1-2,6H2,(H,7,8)	null	C(CC(=O)O)C(C1OO1)N	-3.20000005	66553082	PubChem:(66553082);PubChem class - bio and metabolites	16777218
9	1	N/A	-138.11005851818967	C5H9NO4	[M - H2O + H]+	HOKKHZGPKSLGJE	InChI=1S/C5H9NO4/c1-6-3(5(9)10)2-4(7)8/h3,6H,2H2,1H3,(H,7,8)(H,9,10)	bmse000741	CNC(CC(=O)O)C(=O)O	-3.4000001	4376;22880;92982;6971238;6995041;20056620;21585102;20849174;53887853;129674321	HMDB:(2393);SuperNatural:(SN00360702 SN00273821 SN00001871);ZINC bio:(ZINC00901012 ZINC01733908);additional;MeSH:(4376 22880);PubMed;NORMAN:(NS00013850);COCONUT:(CNP0023389 CNP0177941);Natural Products:(UNPD42466 UNPD133883);PubChem:(4376 22880 92982 6971238 6995041 20056620 21585102 20849174 53887853 129674321);YMDB Mine;CHEBI:(31882);PubChem class - bio and metabolites;EcoCyc Mine;KEGG:(C12269);PubChem class - safety and toxic;Training Set;PubChem class - drug;Biocyc:(CPD-10705)	51661039982
10	1	N/A	-140.8430296881938	C5H9NO4	[M - H2O + H]+	XYUPSBLFPTWJLC	InChI=1S/C5H9NO4/c1-3(5(9)10)6-2-4(7)8/h3,6H,2H2,1H3,(H,7,8)(H,9,10)	N-(Carboxymethyl)-D-alanine	CC(C(=O)O)NCC(=O)O	-2.9000001	440119;2764308;7062323;5462254;6971284;58749904;129722064	SuperNatural:(SN00401537);ZINC bio:(ZINC00901840 ZINC03884275);additional;MeSH:(440119 2764308 5462254);Plantcyc:(CPD-312);PubMed;COCONUT:(CNP0313110);Natural Products:(UNPD71580);PubChem:(440119 2764308 7062323 5462254 6971284 58749904 129722064);CHEBI:(16439 57773);PubChem class - bio and metabolites;KEGG:(C03790);Biocyc:(CPD-312)	20621670
11	1	N/A	-143.85517392366822	C5H9NO4	[M - H2O + H]+	XPMTWLZSOSJMDJ	InChI=1S/C5H9NO4/c1-3(8)4(5(9)10)6-2-7/h2-4,8H,1H3,(H,6,7)(H,9,10)	N-Formyl-L-threonine	CC(C(C(=O)O)NC=O)O	-1.10000002	44148979;61146318;129103241	NORMAN:(NS00062478);PubChem:(44148979 61146318 129103241);ZINC bio:(ZINC13352691 ZINC13352695 ZINC13352699 ZINC13352702)	270338
12	1	N/A	-144.73012134940242	C5H9NO4	[M - H2O + H]+	SBRYFUVVWOMLLP	InChI=1S/C5H9NO4/c1-10-4(7)2-3(6)5(8)9/h3H,2,6H2,1H3,(H,8,9)	AmbotzHAA5190	COC(=O)CC(C(=O)O)N	-1.36339498	97368;102699;642249;7019656;6994658;21579429;71431967	NORMAN:(NS00045728);COCONUT:(CNP0082293);PubChem:(97368 102699 642249 7019656 6994658 21579429 71431967);YMDB Mine;CHEBI:(87437);ZINC bio:(ZINC01708458 ZINC02560671);EcoCyc Mine;MeSH:(97368);PubChem class - safety and toxic;PubMed;KEGG Mine	60199018598
13	1	N/A	-151.6467260893494	C5H9NO4	[M - H2O + H]+	GAUBNQMYYJLWNF	InChI=1S/C5H9NO4/c7-4(8)1-2-6-3-5(9)10/h6H,1-3H2,(H,7,8)(H,9,10)	NCIStruc1_001622	C(CNCC(=O)O)C(=O)O	-3.4000001	281622;25201674;117064664	COCONUT:(CNP0174380);HMDB:(33550);Natural Products:(UNPD124413);PubChem:(281622 25201674 117064664);SuperNatural:(SN00242681);ZINC bio:(ZINC01721201);PubChem class - bio and metabolites;PubMed;Biocyc:(CPD-9405);KEGG Mine	8609900618
14	1	N/A	-153.7048211042791	C5H9NO4	[M - H2O + H]+	DSOJUJXBVIHWRS	InChI=1S/C5H9NO4/c6-3(5(7)8)1-2-4-9-10-4/h3-4H,1-2,6H2,(H,7,8)	null	C(CC(C(=O)O)N)C1OO1	-0.530775428	42627229	PubChem:(42627229);PubChem class - bio and metabolites	16777218
15	1	N/A	-162.5179566745156	C5H9NO4	[M - H2O + H]+	ICMJZHFYQVZYQN	InChI=1S/C5H9NO4/c6-2-3(7)1-4(8)5(9)10/h3,7H,1-2,6H2,(H,9,10)	2-Oxo-4-hydroxy-5-aminovalerate	C(C(CN)O)C(=O)C(=O)O	-4.19999981	440852;5153861;21145132;25203474	PubChem:(440852 5153861 21145132 25203474);YMDB Mine;CHEBI:(1241);EcoCyc Mine;KEGG:(C05941);Biocyc:(2-KETO-4-HYDROXY-5-AMINO-VALERATE)	51539609890
16	1	N/A	-167.73744448993116	C5H9NO4	[M - H2O + H]+	MHDFJESNGMDHQD	InChI=1S/C5H9NO4/c1-9-4(7)3(6)5(8)10-2/h3H,6H2,1-2H3	Dimethyl Aminomalonate	COC(=O)C(C(=O)OC)N	-0.699999988	437601;6931938	NORMAN:(NS00054367);PubChem:(437601 6931938);PubMed	262210
17	1	N/A	-177.2338109470685	C5H9NO4	[M - H2O + H]+	XWSGEVNYFYKXCP	InChI=1S/C5H9NO4/c1-6(2-4(7)8)3-5(9)10/h2-3H2,1H3,(H,7,8)(H,9,10)	NCIStruc1_001758	CN(CC(=O)O)CC(=O)O	-0.973789215	20441;4204708;6994779;23053619;131869339;132275319;139119523	NORMAN:(NS00031390);PubChem:(20441 4204708 6994779 23053619 131869339 132275319 139119523);MeSH:(20441);PubChem class - safety and toxic;PubMed;KEGG Mine	8657305670
18	1	N/A	-177.3946641468658	C5H9NO4	[M - H2O + H]+	JJIHLJJYMXLCOY	InChI=1S/C5H9NO4/c1-3(8)6-4(2-7)5(9)10/h4,7H,2H2,1H3,(H,6,8)(H,9,10)	N-Acetylserine	CC(=O)NC(CO)C(=O)O	-1.48034906	65249;352294;10844522;18603707;40475225;40475226;101115822;101115823	HMDB:(2931);SuperNatural:(SN00253321);ZINC bio:(ZINC00158173 ZINC00158174);additional;MeSH:(65249);PubMed;NORMAN:(NS00014885);COCONUT:(CNP0157865);Natural Products:(UNPD174395);PubChem:(65249 352294 10844522 18603707 40475225 40475226 101115822 101115823);CHEBI:(45441);PubChem class - bio and metabolites;YMDB:(810);Training Set;Biocyc:(CPD-20329)	20834414
19	1	N/A	-196.9914630403993	C5H9NO4	[M - H2O + H]+	CLNVOWMDSFOIPV	InChI=1S/C5H9NO4/c1-3(7)5(10)6-2-4(8)9/h3,7H,2H2,1H3,(H,6,10)(H,8,9)	Glycine, N-(2-hydroxy-1-oxopropyl)-	CC(C(=O)NCC(=O)O)O	-1.10000002	55288439;101690540;101947384	HMDB:(62183);PubChem:(55288439 101690540 101947384);PubChem class - bio and metabolites	16777226
20	1	N/A	-215.64623374664444	C5H9NO4	[M - H2O + H]+	RSHOGRPEOYNOBS	InChI=1S/C5H9NO4/c1-10-3-4(7)6-2-5(8)9/h2-3H2,1H3,(H,6,7)(H,8,9)	N-(methoxyacetyl)glycine	COCC(=O)NCC(=O)O	-1.0	16775934	COCONUT:(CNP0046216 CNP0277433);PubChem:(16775934);SuperNatural:(SN00095381);ZINC bio:(ZINC20205651)	3153922
21	1	N/A	-226.11925217338398	C5H9NO4	[M - H2O + H]+	ZXBGJDZWJJFFQY	InChI=1S/C5H9NO4/c1-3-10-5(7)4(2)6(8)9/h4H,3H2,1-2H3	ethyl 2-nitropropanoate	CCOC(=O)C(C)[N+](=O)[O-]	0.899999976	97978;7000080;6994323	PubChem class - safety and toxic;PubChem:(97978 7000080 6994323);PubMed	67108930
22	1	N/A	-234.84242630136646	C5H9NO4	[M - H2O + H]+	QVIOSGUKMDGWNN	InChI=1S/C5H9NO4/c1-3(2)6(10)4(7)5(8)9/h3,10H,1-2H3,(H,8,9)	ACMC-20biaf	CC(C)N(C(=O)C(=O)O)O	0.5	73284	COCONUT:(CNP0021092);PubChem:(73284);PubChem class - bio and metabolites;MeSH:(73284);PubMed;Biocyc:(CPD0-1218)	18876486
23	1	N/A	-251.4577767191481	C5H9NO4	[M - H2O + H]+	FWGWGVQEZXKOOR	InChI=1S/C5H9NO4/c1-10-6(9)5(8)3-2-4-7/h4,9H,2-3H2,1H3	Melrosporus	CON(C(=O)CCC=O)O	-1.39999998	24846188	PubChem:(24846188);PubChem class - safety and toxic	67108866
24	1	N/A	-255.39478481254295	C5H9NO4	[M - H2O + H]+	MRVZGUCNFLADIT	InChI=1S/C5H8NO4/c1-3(2)6(10)4(7)5(8)9/h3H,1-2H3,(H,8,9)/q-1	N-hydroxy-N-isopropyloxamate, IpOHA	CC(C)N(C(=O)C(=O)O)[O-]	0.5	54721781	PubChem:(54721781);PubChem class - bio and metabolites	16777218
25	1	N/A	-258.36810537665633	C5H9NO4	[M - H2O + H]+	HWNGLKPRXKKTPK	InChI=1S/C5H9NO4/c7-2-1-6-3(4(2)8)5(9)10/h2-4,6-8H,1H2,(H,9,10)	3,4-Dihydroxyproline	C1C(C(C(N1)C(=O)O)O)O	-3.79999995	568381;452017;6454515;10630669;10942588;11615187;13743491;13743492;13743493;11768716;10290865;11815930;55299068;55300813;55302299;101765706;101765707;101765710;130957351;129638004	COCONUT:(CNP0331184);Natural Products:(UNPD47698 UNPD34554 UNPD63547 UNPD163294);PubChem:(568381 452017 6454515 10630669 10942588 11615187 13743491 13743492 13743493 11768716 10290865 11815930 55299068 55300813 55302299 101765706 101765707 101765710 130957351 129638004);SuperNatural:(SN00260379 SN00380158 SN00341394 SN00353119);YMDB Mine;CHEBI:(27041);EcoCyc Mine;MeSH:(568381 6454515);PubMed;KEGG Mine	60132720742
26	1	N/A	-263.90698552289103	C5H9NO4	[M - H2O + H]+	IIJLLHGPEZBIIT	InChI=1S/C5H9NO4/c1-2-10-5(7)3-4-6(8)9/h2-4H2,1H3	Ethyl 3-nitropropanoate	CCOC(=O)CC[N+](=O)[O-]	0.200000003	11804910	COCONUT:(CNP0076682);Natural Products:(UNPD59144);PubChem:(11804910);SuperNatural:(SN00306874);ZINC bio:(ZINC14614148);MeSH:(11804910);PubMed	3186758
27	1	N/A	-265.81376197222755	C5H9NO4	[M - H2O + H]+	ZNYWRGHYXNCRKG	InChI=1S/C5H9NO4/c1-5(7)10-4-2-3-6(8)9/h2-4H2,1H3	null	CC(=O)OCCC[N+](=O)[O-]	0.300000012	10630657	COCONUT:(CNP0400993);Natural Products:(UNPD8084);PubChem:(10630657);SuperNatural:(SN00399819)	3178498
28	1	N/A	-276.1982319248566	C5H9NO4	[M - H2O + H]+	UBSPKGKFFQKZJB	InChI=1S/C5H9NO4/c1-10-5(7)3-2-4-6(8)9/h2-4H2,1H3	Methyl 4-nitrobutyrate	COC(=O)CCC[N+](=O)[O-]	0.578249037	25604;44513698	NORMAN:(NS00051744);MeSH:(25604);PubChem class - safety and toxic;PubChem:(25604 44513698);PubMed	67371078
29	1	N/A	-276.1983384001792	C5H9NO4	[M - H2O + H]+	RLCLQJYIHKSICW	InChI=1S/C5H9NO4/c1-4(7)6-10-3-5(8)9-2/h3H2,1-2H3,(H,6,7)	null	CC(=O)NOCC(=O)OC	-0.5	56654241	COCONUT:(CNP0170381);Natural Products:(UNPD127332);PubChem:(56654241);SuperNatural:(SN00349832)	3178498
30	1	N/A	-303.208682933003	C5H9NO4	[M - H2O + H]+	AENNTASTLOXXMY	InChI=1S/C5H9NO4/c1-5(6(7)8)2-9-4-10-3-5/h2-4H2,1H3	1, 5-methyl-5-nitro-	CC1(COCOC1)[N+](=O)[O-]	-0.200000003	14518	PubChem:(14518);PubChem class - safety and toxic	67108866