structureRankPerFormula	formulaRank	ConfidenceScore	CSI:FingerIDScore	molecularFormula	adduct	InChIkey2D	InChI	name	smiles	xlogp	pubchemids	links	dbflags
1	1	N/A	-243.60743929048047	C23H36O9	[M + H]+	HFUKSHWNUBWWHB	InChI=1S/C23H36O9/c1-13-6-5-7-14(2)16(8-10-23(4,29)11-9-18(25)30-15(13)3)31-22-21(28)20(27)19(26)17(12-24)32-22/h7-11,13,15-17,19-22,24,26-29H,5-6,12H2,1-4H3	null	CC1CCC=C(C(C=CC(C=CC(=O)OC1C)(C)O)OC2C(C(C(C(O2)CO)O)O)O)C	0.699999988	10671494;100985542	COCONUT:(CNP0217933);Natural Products:(UNPD7270);PubChem:(10671494 100985542);SuperNatural:(SN00253545)	3178498
2	1	N/A	-257.53717197512987	C23H36O9	[M + H]+	MTDFXNPARBXDNP	InChI=1S/C23H36O9/c1-6-16(4)22(28)32-21-19(26)18(13-30-17(5)25)31-23(20(21)27)29-11-10-14(2)8-7-9-15(3)12-24/h6,9,18-21,23-24,26-27H,2,7-8,10-13H2,1,3-5H3	null	CC=C(C)C(=O)OC1C(C(OC(C1O)OCCC(=C)CCC=C(C)CO)COC(=O)C)O	2.1413815	""	COCONUT:(CNP0311382);Natural Products:(UNPD69474);SuperNatural:(SN00236437)	3178496
3	1	N/A	-348.27891869731786	C23H36O9	[M + H]+	BDYSOLCKKJJDJS	InChI=1S/C23H36O9/c1-10-6-17(30-22-21(29)20(28)19(27)18(9-24)31-22)15(23(4,5)32-12(3)25)7-14-11(2)16(26)8-13(10)14/h10,13,15,17-22,24,27-29H,6-9H2,1-5H3	null	CC1CC(C(CC2=C(C(=O)CC12)C)C(C)(C)OC(=O)C)OC3C(C(C(C(O3)CO)O)O)O	0.0	10718615;10766221;45102163	COCONUT:(CNP0291340);Natural Products:(UNPD34984 UNPD37897 UNPD101590);PubChem:(10718615 10766221 45102163);SuperNatural:(SN00362098 SN00340720 SN00349474)	3178498
1	2	N/A	-440.0493504367482	C19H32N6O7	[M + H]+	MFXCWOMMKXPCLB	InChI=1S/C19H32N6O7/c1-9(20)15(27)22-10(2)18(30)25-8-4-5-13(25)17(29)24-12(6-7-14(21)26)16(28)23-11(3)19(31)32/h9-13H,4-8,20H2,1-3H3,(H2,21,26)(H,22,27)(H,23,28)(H,24,29)(H,31,32)	null	CC(C(=O)NC(C)C(=O)N1CCCC1C(=O)NC(CCC(=O)N)C(=O)NC(C)C(=O)O)N	-2.41337872	72187575	PubChem:(72187575);PubChem class - bio and metabolites	16777218
1	4	N/A	-244.7314668500924	C24H34N4O6	[M - H2O + H]+	RCOSIAQBXIYIDW	InChI=1S/C24H34N4O6/c1-14(2)11-16(27-23(33)34-24(3,4)5)21(31)26-17-13-19(29)28(22(17)32)18(20(25)30)12-15-9-7-6-8-10-15/h6-10,14,16-18H,11-13H2,1-5H3,(H2,25,30)(H,26,31)(H,27,33)	tert-Butyloxycarbonylleucyl-aminosuccinyl-phenylalaninamide	CC(C)CC(C(=O)NC1CC(=O)N(C1=O)C(CC2=CC=CC=C2)C(=O)N)NC(=O)OC(C)(C)C	2.0	195102;14506013	MeSH:(195102);PubChem:(195102 14506013);PubMed	70
2	4	N/A	-411.74567901098743	C24H34N4O6	[M - H2O + H]+	BPWIVCGUWIKQAF	InChI=1S/C24H34N4O6/c1-16(29)27-12-13-28(23(31)18-8-10-25-11-9-18)21(15-27)22(30)26-20(24(32)34-3)14-17-4-6-19(33-2)7-5-17/h4-7,18,20-21,25H,8-15H2,1-3H3,(H,26,30)	methyl (2S)-2-[[(2R)-4-acetyl-1-(piperidine-4-carbonyl)piperazine-2-carbonyl]amino]-3-(4-methoxyphenyl)propanoate	CC(=O)N1CCN(C(C1)C(=O)NC(CC2=CC=C(C=C2)OC)C(=O)OC)C(=O)C3CCNCC3	0.300000012	7164884;7164885	COCONUT:(CNP0096387);PubChem:(7164884 7164885);SuperNatural:(SN00010896);ZINC bio:(ZINC04277832)	3153922
3	4	N/A	-445.561181670419	C24H34N4O6	[M - H2O + H]+	LWYUSZMJHUZXOD	InChI=1S/C24H34N4O6/c1-14(2)12-19(29)28-11-10-18(21(28)22(30)27-20(15(3)4)23(31)34-6)26-24(32)25-16-8-7-9-17(13-16)33-5/h7-9,12-13,15,18,20-21H,10-11H2,1-6H3,(H,27,30)(H2,25,26,32)	methyl 3-{[(3-methoxyphenyl)carbamoyl]amino}-1-(3-methylbut-2-enoyl)prolylvalinate	CC(C)C(C(=O)OC)NC(=O)C1C(CCN1C(=O)C=C(C)C)NC(=O)NC2=CC(=CC=C2)OC	3.29999995	3834933;7049579	COCONUT:(CNP0176218);PubChem:(3834933 7049579);SuperNatural:(SN00004076);ZINC bio:(ZINC03839225)	3153922
4	4	N/A	-465.710011561726	C24H34N4O6	[M - H2O + H]+	RKJBRMNRZVBKBM	InChI=1S/C24H34N4O6/c1-14(2)11-20(29)28-13-17(26-24(32)25-16-7-9-18(33-5)10-8-16)12-19(28)22(30)27-21(15(3)4)23(31)34-6/h7-11,15,17,19,21H,12-13H2,1-6H3,(H,27,30)(H2,25,26,32)	methyl 2-[[4-[(4-methoxyphenyl)carbamoylamino]-1-(3-methylbut-2-enoyl)pyrrolidine-2-carbonyl]amino]-3-methylbutanoate	CC(C)C(C(=O)OC)NC(=O)C1CC(CN1C(=O)C=C(C)C)NC(=O)NC2=CC=C(C=C2)OC	2.70000005	3416858;7049413	COCONUT:(CNP0174164);PubChem:(3416858 7049413);SuperNatural:(SN00003939);ZINC bio:(ZINC03838917)	3153922
5	4	N/A	-622.9042319516925	C24H34N4O6	[M - H2O + H]+	XLCLXRHITHQMGS	InChI=1S/C24H34N4O6/c1-16-9-28(10-19-13-33-15-25-19)17(2)12-34-21-8-18(26-23(29)14-31-4)6-7-20(21)24(30)27(3)11-22(16)32-5/h6-8,13,15-17,22H,9-12,14H2,1-5H3,(H,26,29)	null	CC1CN(C(COC2=C(C=CC(=C2)NC(=O)COC)C(=O)N(CC1OC)C)C)CC3=COC=N3	1.29999995	54632759;134829394	PubChem:(54632759 134829394);CHEBI:(122814)	34
1	4	0.2497658377062122	-162.62159489719485	C24H32N4O5	[M + H]+	PSALWJCUIAQKFW	InChI=1S/C24H32N4O5/c25-13-5-4-8-20(24(32)33)27-23(31)21(15-16-6-2-1-3-7-16)28-22(30)19(26)14-17-9-11-18(29)12-10-17/h1-3,6-7,9-12,19-21,29H,4-5,8,13-15,25-26H2,(H,27,31)(H,28,30)(H,32,33)	6-amino-2-[[2-[[2-amino-3-(4-hydroxyphenyl)propanoyl]amino]-3-phenylpropanoyl]amino]hexanoic acid	C1=CC=C(C=C1)CC(C(=O)NC(CCCCN)C(=O)O)NC(=O)C(CC2=CC=C(C=C2)O)N	1.1820792	18232098	PubChem:(18232098);COCONUT	2097154
2	4	N/A	-209.83301133718322	C24H32N4O5	[M + H]+	CNKBMTKICGGSCQ	InChI=1S/C24H32N4O5/c25-13-5-4-8-19(26)22(30)27-20(14-16-6-2-1-3-7-16)23(31)28-21(24(32)33)15-17-9-11-18(29)12-10-17/h1-3,6-7,9-12,19-21,29H,4-5,8,13-15,25-26H2,(H,27,30)(H,28,31)(H,32,33)	Spectrum2_001494	C1=CC=C(C=C1)CC(C(=O)NC(CC2=CC=C(C=C2)O)C(=O)O)NC(=O)C(CCCCN)N	1.1820792	3648836;6710772;58811280;129360340;129360341;129360342	PubChem:(3648836 6710772 58811280 129360340 129360341 129360342);PubMed;CHEBI:(92826)	98
3	4	N/A	-249.20055578051225	C24H32N4O5	[M + H]+	VOSPAVAQOKSPTD	InChI=1S/C24H32N4O5/c25-21(29)19-8-4-12-27(19)22(30)18-10-14-26(15-11-18)23(31)20-9-5-13-28(20)24(32)33-16-17-6-2-1-3-7-17/h1-3,6-7,18-20H,4-5,8-16H2,(H2,25,29)	Benzyl 2-[4-(2-carbamoylpyrrolidine-1-carbonyl)piperidine-1-carbonyl]pyrrolidine-1-carboxylate	C1CC(N(C1)C(=O)C2CCN(CC2)C(=O)C3CCCN3C(=O)OCC4=CC=CC=C4)C(=O)N	1.10000002	4837120;16403525	COCONUT:(CNP0373803);PubChem:(4837120 16403525);SuperNatural:(SN00088785);ZINC bio:(ZINC12880574)	3153922
4	4	N/A	-260.36336883574813	C24H32N4O5	[M + H]+	CRCPLBFLOSEABN	InChI=1S/C24H32N4O5/c1-14(2)10-19(13-21(29)28-33)23(31)27-20(24(32)26-15(3)22(25)30)12-16-8-9-17-6-4-5-7-18(17)11-16/h4-9,11,14-15,19-20,33H,10,12-13H2,1-3H3,(H2,25,30)(H,26,32)(H,27,31)(H,28,29)	TNF-alpha Protease Inhibitor-0	CC(C)CC(CC(=O)NO)C(=O)NC(CC1=CC2=CC=CC=C2C=C1)C(=O)NC(C)C(=O)N	1.89999998	3035404;9955704;21881944;51490020;60097333;90988976	PubChem:(3035404 9955704 21881944 51490020 60097333 90988976);additional;PubChem class - bio and metabolites;MeSH:(3035404 9955704 51490020);Training Set;PubMed	17317958
5	4	N/A	-276.2761080595432	C24H32N4O5	[M + H]+	HKYOVILVNXGWMH	InChI=1S/C24H32N4O5/c1-14(2)20-24(33)28-12-4-5-18(28)21(30)25-17(13-15-7-9-16(29)10-8-15)23(32)27-11-3-6-19(27)22(31)26-20/h7-10,14,17-20,29H,3-6,11-13H2,1-2H3,(H,25,30)(H,26,31)	null	CC(C)C1C(=O)N2CCCC2C(=O)NC(C(=O)N3CCCC3C(=O)N1)CC4=CC=C(C=C4)O	1.79999995	10027074;85096467	COCONUT:(CNP0144866);Natural Products:(UNPD41860);PubChem:(10027074 85096467);SuperNatural:(SN00402979);PubChem class - bio and metabolites	19955714
6	4	N/A	-349.3526033215221	C24H32N4O5	[M + H]+	NCJICBACMDWGLU	InChI=1S/C24H32N4O5/c1-4-33-20-7-5-18(6-8-20)25-23(29)16-27-9-11-28(12-10-27)17-24(30)26-19-13-21(31-2)15-22(14-19)32-3/h5-8,13-15H,4,9-12,16-17H2,1-3H3,(H,25,29)(H,26,30)	2-[4-[2-(3,5-dimethoxyanilino)-2-oxoethyl]piperazin-1-yl]-N-(4-ethoxyphenyl)acetamide	CCOC1=CC=C(C=C1)NC(=O)CN2CCN(CC2)CC(=O)NC3=CC(=CC(=C3)OC)OC	2.20000005	3245746	PubChem:(3245746);PubMed;CHEBI:(94225)	98
7	4	N/A	-355.1959498082416	C24H32N4O5	[M + H]+	DEKTXZRFARWGKV	InChI=1S/C24H32N4O5/c1-24(2,3)12-19(29)27-10-9-17-20(27)23(32)28-13-15(11-18(28)22(31)26-17)25-21(30)14-5-7-16(33-4)8-6-14/h5-8,15,17-18,20H,9-13H2,1-4H3,(H,25,30)(H,26,31)	N-[1-(3,3-dimethylbutanoyl)-5,10-dioxododecahydrodipyrrolo[1,2-a:3'',2''-e][1,4]diazepin-7-yl]-4-methoxybenzamide	CC(C)(C)CC(=O)N1CCC2C1C(=O)N3CC(CC3C(=O)N2)NC(=O)C4=CC=C(C=C4)OC	1.39999998	3846351;11865874	COCONUT:(CNP0159399);PubChem:(3846351 11865874);SuperNatural:(SN00004089);ZINC bio:(ZINC03839264)	3153922
8	4	N/A	-369.46910147565444	C24H32N4O5	[M + H]+	LNTAIBWCOVCMKS	InChI=1S/C24H32N4O5/c1-24(2,3)12-19(29)25-15-11-18-21(30)26-17-9-10-27(20(17)23(32)28(18)13-15)22(31)14-5-7-16(33-4)8-6-14/h5-8,15,17-18,20H,9-13H2,1-4H3,(H,25,29)(H,26,30)	N-{1-[(4-methoxyphenyl)carbonyl]-5,10-dioxododecahydrodipyrrolo[1,2-a:3'',2''-e][1,4]diazepin-7-yl}-3,3-dimethylbutanamide	CC(C)(C)CC(=O)NC1CC2C(=O)NC3CCN(C3C(=O)N2C1)C(=O)C4=CC=C(C=C4)OC	1.39999998	3733500;11865884	PubChem:(3733500 11865884);COCONUT:(CNP0011663)	2097154
9	4	N/A	-394.2352156258136	C24H32N4O5	[M + H]+	WSGKEUMMWFYOAF	InChI=1S/C24H32N4O5/c29-22(25-13-17-4-3-11-27-10-2-1-5-19(17)27)9-7-18-23(30)28(24(31)26-18)14-16-6-8-20-21(12-16)33-15-32-20/h6,8,12,17-19H,1-5,7,9-11,13-15H2,(H,25,29)(H,26,31)	null	C1CCN2CCCC(C2C1)CNC(=O)CCC3C(=O)N(C(=O)N3)CC4=CC5=C(C=C4)OCO5	1.79999995	91637416;110209729;122714854;123132620;125375489;124864135	PubChem:(91637416 110209729 122714854 123132620 125375489 124864135);COCONUT:(CNP0405261)	2097154
10	4	N/A	-400.3574053881509	C24H32N4O5	[M + H]+	YFZWBVRNSWDNGQ	InChI=1S/C24H32N4O5/c1-26(14-17-5-4-10-27-9-3-2-6-19(17)27)22(29)12-18-23(30)28(24(31)25-18)13-16-7-8-20-21(11-16)33-15-32-20/h7-8,11,17-19H,2-6,9-10,12-15H2,1H3,(H,25,31)	null	CN(CC1CCCN2C1CCCC2)C(=O)CC3C(=O)N(C(=O)N3)CC4=CC5=C(C=C4)OCO5	1.60000002	127253707;132286103	PubChem:(127253707 132286103);COCONUT:(CNP0413691)	2097154
11	4	N/A	-413.0901744561373	C24H32N4O5	[M + H]+	ZAVWCBQNYMGQBE	InChI=1S/C24H32N4O5/c1-24(2,3)12-18(29)25-15-11-17-21(31)26-16-9-10-27(19(16)22(32)28(17)13-15)23(33)20(30)14-7-5-4-6-8-14/h4-8,15-17,19-20,30H,9-13H2,1-3H3,(H,25,29)(H,26,31)	N-{1-[hydroxy(phenyl)acetyl]-5,10-dioxododecahydrodipyrrolo[1,2-a:3'',2''-e][1,4]diazepin-7-yl}-3,3-dimethylbutanamide	CC(C)(C)CC(=O)NC1CC2C(=O)NC3CCN(C3C(=O)N2C1)C(=O)C(C4=CC=CC=C4)O	0.899999976	3858997;11865888	COCONUT:(CNP0062877);PubChem:(3858997 11865888);SuperNatural:(SN00004098);ZINC bio:(ZINC03839288)	3153922
12	4	N/A	-446.2182502655599	C24H32N4O5	[M + H]+	JMLICXQKIQPBSI	InChI=1S/C24H32N4O5/c1-32-19-10-6-5-9-18(19)27-11-13-28(14-12-27)22-20(33-21(16-29)23(22)30)15-25-24(31)26-17-7-3-2-4-8-17/h2-10,20-23,29-30H,11-16H2,1H3,(H2,25,26,31)	null	COC1=CC=CC=C1N2CCN(CC2)C3C(OC(C3O)CO)CNC(=O)NC4=CC=CC=C4	1.60000002	28961988	COCONUT:(CNP0027798);PubChem:(28961988);SuperNatural:(SN00025507);ZINC bio:(ZINC20465557)	3153922
13	4	N/A	-446.6567454164026	C24H32N4O5	[M + H]+	YEYBFEUJCXSGFH	InChI=1S/C24H32N4O5/c1-32-19-9-7-17(8-10-19)26-24(31)25-15-20-22(23(30)21(16-29)33-20)28-13-11-27(12-14-28)18-5-3-2-4-6-18/h2-10,20-23,29-30H,11-16H2,1H3,(H2,25,26,31)	null	COC1=CC=C(C=C1)NC(=O)NCC2C(C(C(O2)CO)O)N3CCN(CC3)C4=CC=CC=C4	1.60000002	28961280;28961282;45361275	COCONUT:(CNP0046894);PubChem:(28961280 28961282 45361275);SuperNatural:(SN00025217 SN00025216);ZINC bio:(ZINC20464744 ZINC20464747)	3153922
14	4	N/A	-449.709550850827	C24H32N4O5	[M + H]+	DZOSLESZEBLAQM	InChI=1S/C24H32N4O5/c1-32-19-5-2-16(3-6-19)11-26-23(30)9-4-18-12-27-24(31)22-10-17(14-28(18)22)25-13-20-7-8-21(15-29)33-20/h2-3,5-8,17-18,22,25,29H,4,9-15H2,1H3,(H,26,30)(H,27,31)	null	COC1=CC=C(C=C1)CNC(=O)CCC2CNC(=O)C3N2CC(C3)NCC4=CC=C(O4)CO	0.100000001	45360659	COCONUT:(CNP0063037 CNP0262919);PubChem:(45360659);SuperNatural:(SN00027010);ZINC bio:(ZINC22922275)	3153922
15	4	N/A	-470.6480046798266	C24H32N4O5	[M + H]+	KWKNIWRMDQXTMK	InChI=1S/C24H32N4O5/c1-32-19-8-3-2-7-18(19)27-10-12-28(13-11-27)22(29)14-20-23(30)24(31)21(33-20)16-25-15-17-6-4-5-9-26-17/h2-9,20-21,23-25,30-31H,10-16H2,1H3	null	COC1=CC=CC=C1N2CCN(CC2)C(=O)CC3C(C(C(O3)CNCC4=CC=CC=N4)O)O	0.300000012	40778222	COCONUT:(CNP0067460);PubChem:(40778222);SuperNatural:(SN00016840);ZINC bio:(ZINC08627164)	3153922
16	4	N/A	-473.9775467020757	C24H32N4O5	[M + H]+	SVUUCYMZZNXTDK	InChI=1S/C24H32N4O5/c1-16(29)25-9-7-18(8-10-25)26-14-24(15-26)23(32)27(12-17-3-5-20(33-2)6-4-17)22(31)21-11-19(30)13-28(21)24/h3-6,18-19,21,30H,7-15H2,1-2H3	null	CC(=O)N1CCC(CC1)N2CC3(C2)C(=O)N(C(=O)C4N3CC(C4)O)CC5=CC=C(C=C5)OC	0.100000001	100611725	PubChem:(100611725);COCONUT:(CNP0065393)	2097154
17	4	N/A	-494.09193018633596	C24H32N4O5	[M + H]+	KIKNFLUBLJCDHO	InChI=1S/C24H32N4O5/c1-33-19-7-5-17(6-8-19)13-25-15-24(16-25)23(32)27(11-3-10-26-9-2-4-21(26)30)22(31)20-12-18(29)14-28(20)24/h5-8,18,20,29H,2-4,9-16H2,1H3	null	COC1=CC=C(C=C1)CN2CC3(C2)C(=O)N(C(=O)C4N3CC(C4)O)CCCN5CCCC5=O	0.0	100613886	PubChem:(100613886);COCONUT:(CNP0129414)	2097154
18	4	N/A	-516.1976844278673	C24H32N4O5	[M + H]+	OGQZFUTUWYAGOL	InChI=1S/C24H32N4O5/c1-33-20-7-3-2-6-17(20)13-25-15-24(16-25)23(32)27(11-5-10-26-9-4-8-21(26)30)22(31)19-12-18(29)14-28(19)24/h2-3,6-7,18-19,29H,4-5,8-16H2,1H3	null	COC1=CC=CC=C1CN2CC3(C2)C(=O)N(C(=O)C4N3CC(C4)O)CCCN5CCCC5=O	0.0	100614344	PubChem:(100614344);COCONUT:(CNP0007194)	2097154
19	4	N/A	-524.4700914510014	C24H32N4O5	[M + H]+	LJVXTECDOTUETF	InChI=1S/C24H32N4O5/c1-33-19-6-2-5-17(11-19)13-25-15-24(16-25)23(32)27(10-4-9-26-8-3-7-21(26)30)22(31)20-12-18(29)14-28(20)24/h2,5-6,11,18,20,29H,3-4,7-10,12-16H2,1H3	null	COC1=CC=CC(=C1)CN2CC3(C2)C(=O)N(C(=O)C4N3CC(C4)O)CCCN5CCCC5=O	0.0	100614369	PubChem:(100614369);COCONUT:(CNP0007278)	2097154
20	4	N/A	-531.6134588072637	C24H32N4O5	[M + H]+	MNZQRFVQCQGZAM	InChI=1S/C24H32N4O5/c1-15-13-28(16(2)14-29)23(30)19-6-5-7-20(22(19)33-21(15)12-25-3)27-24(31)26-17-8-10-18(32-4)11-9-17/h5-11,15-16,21,25,29H,12-14H2,1-4H3,(H2,26,27,31)	null	CC1CN(C(=O)C2=C(C(=CC=C2)NC(=O)NC3=CC=C(C=C3)OC)OC1CNC)C(C)CO	1.79999995	44500068;44494219;44498702;44499191;44499336;44499393;44499456;44499622	PubChem:(44500068 44494219 44498702 44499191 44499336 44499393 44499456 44499622);CHEBI:(124426 124263)	34
21	4	N/A	-545.1690782192063	C24H32N4O5	[M + H]+	SBTJRJPUBKNDRG	InChI=1S/C24H32N4O5/c1-15-13-28(16(2)14-29)23(30)20-11-18(7-10-21(20)33-22(15)12-25-3)27-24(31)26-17-5-8-19(32-4)9-6-17/h5-11,15-16,22,25,29H,12-14H2,1-4H3,(H2,26,27,31)	null	CC1CN(C(=O)C2=C(C=CC(=C2)NC(=O)NC3=CC=C(C=C3)OC)OC1CNC)C(C)CO	1.79999995	44202805;44484351;44484853;44485354;44485574;44486157;44488528	PubChem:(44202805 44484351 44484853 44485354 44485574 44486157 44488528);PubMed;CHEBI:(124718 124868 111826 111806 111792)	98
22	4	N/A	-545.9257426746415	C24H32N4O5	[M + H]+	AIRKEXWGPAFWGO	InChI=1S/C24H32N4O5/c1-16-10-20(27-33-16)14-25-24(31)18-7-5-8-19(15-28(2)23(30)13-18)26-22(29)12-17-6-4-9-21(11-17)32-3/h4,6,9-11,18-19H,5,7-8,12-15H2,1-3H3,(H,25,31)(H,26,29)	null	CC1=CC(=NO1)CNC(=O)C2CCCC(CN(C(=O)C2)C)NC(=O)CC3=CC(=CC=C3)OC	1.10000002	75411740	PubChem:(75411740);COCONUT:(CNP0014487)	2097154
23	4	N/A	-552.2537447130528	C24H32N4O5	[M + H]+	UYPRQNQOQGBRCB	InChI=1S/C24H32N4O5/c1-27-20(12-19(26-27)16-4-5-21(32-2)22(11-16)33-3)18-14-28-9-8-15(18)10-17(28)13-25-23(29)6-7-24(30)31/h4-5,11-12,15,17-18H,6-10,13-14H2,1-3H3,(H,25,29)(H,30,31)	null	CN1C(=CC(=N1)C2=CC(=C(C=C2)OC)OC)C3CN4CCC3CC4CNC(=O)CCC(=O)O	-1.0	40780097;40780098	COCONUT:(CNP0151155);PubChem:(40780097 40780098);SuperNatural:(SN00017223);ZINC bio:(ZINC08635870)	3153922
24	4	N/A	-557.7361701657836	C24H32N4O5	[M + H]+	CEEBLJIHWMIBSN	InChI=1S/C24H32N4O5/c1-6-8-12-27-22-20(23(29)28(24(27)30)13-9-7-2)25-19(26-22)11-10-16-14-17(31-3)21(33-5)18(15-16)32-4/h10-11,14-15H,6-9,12-13H2,1-5H3,(H,25,26)	(E)-1,3-Dibutyl-8-(3,4,5-trimethoxystyryl)xanthine	CCCCN1C2=C(C(=O)N(C1=O)CCCC)NC(=N2)C=CC3=CC(=C(C(=C3)OC)OC)OC	4.47357798	3072468;6448606	PubChem class - safety and toxic;PubChem:(3072468 6448606);PubMed	67108930
25	4	N/A	-564.9384118952594	C24H32N4O5	[M + H]+	MEMXLLLXSMQOID	InChI=1S/C24H32N4O5/c1-25-9-7-18(8-10-25)26-14-24(15-26)23(32)27(21(30)20-11-19(29)13-28(20)24)12-16-3-5-17(6-4-16)22(31)33-2/h3-6,18-20,29H,7-15H2,1-2H3	null	CN1CCC(CC1)N2CC3(C2)C(=O)N(C(=O)C4N3CC(C4)O)CC5=CC=C(C=C5)C(=O)OC	0.5	100615159	PubChem:(100615159);COCONUT:(CNP0315953)	2097154
26	4	N/A	-573.5769999349782	C24H32N4O5	[M + H]+	LWEDTMNKKNAZPO	InChI=1S/C24H32N4O5/c1-16-21(22(27-33-16)17-8-5-4-6-9-17)24(31)26-19-11-7-10-18(14-20(29)28(2)15-19)23(30)25-12-13-32-3/h4-6,8-9,18-19H,7,10-15H2,1-3H3,(H,25,30)(H,26,31)	null	CC1=C(C(=NO1)C2=CC=CC=C2)C(=O)NC3CCCC(CC(=O)N(C3)C)C(=O)NCCOC	1.20000005	75411700	PubChem:(75411700);COCONUT:(CNP0014440)	2097154
27	4	N/A	-596.6271773520733	C24H32N4O5	[M + H]+	OXSDTGQUYNWJJA	InChI=1S/C24H32N4O5/c1-14(2)33-12-6-10-25-21(29)15(3)28-22(30)24(4)20-17(9-11-27(24)23(28)31)18-13-16(32-5)7-8-19(18)26-20/h7-8,13-15,26H,6,9-12H2,1-5H3,(H,25,29)	2-(8-methoxy-11b-methyl-1,3-dioxo-5,6,11,11b-tetrahydro-1H-imidazo[1'',5'':1,2]pyrido[3,4-b]indol-2(3H)-yl)-N-[3-(1-methylethoxy)propyl]propanamide	CC(C)OCCCNC(=O)C(C)N1C(=O)C2(C3=C(CCN2C1=O)C4=C(N3)C=CC(=C4)OC)C	2.0999999	3750752;16401154	COCONUT:(CNP0137974);PubChem:(3750752 16401154);ZINC bio:(ZINC08951909)	2105346
28	4	N/A	-635.9621701356605	C24H32N4O5	[M + H]+	VRDHGFYBPGFRDS	InChI=1S/C24H32N4O5/c1-17-21(10-11-25-33-15-14-27-12-5-4-6-13-27)23(22(18(2)26-17)24(29)32-3)19-8-7-9-20(16-19)28(30)31/h7-9,11,16,21,23H,4-6,10,12-15H2,1-3H3	null	CC1=NC(=C(C(C1CC=NOCCN2CCCCC2)C3=CC(=CC=C3)[N+](=O)[O-])C(=O)OC)C	2.70000005	129011849	PubChem:(129011849);PubChem class - safety and toxic	67108866