structureRankPerFormula	formulaRank	ConfidenceScore	CSI:FingerIDScore	molecularFormula	adduct	InChIkey2D	InChI	name	smiles	xlogp	pubchemids	links	dbflags
1	1	0.4187612635586177	-73.99814459738462	C11H16O3	[M + H]+	PIJHLJYFYMNUMA	InChI=1S/C11H16O3/c1-8(12)3-2-4-9-5-10(13)7-11(14)6-9/h5-8,12-14H,2-4H2,1H3	null	CC(CCCC1=CC(=CC(=C1)O)O)O	1.89999998	125416105;125416104;129008856	COCONUT:(CNP0087307);Training Set;PubChem:(125416105 125416104 129008856)	2113538
2	1	N/A	-137.46542817941054	C11H16O3	[M + H]+	NBMFDNRJHLWVHY	InChI=1S/C11H16O3/c12-7-6-10(13)11(14)8-9-4-2-1-3-5-9/h1-5,10-14H,6-8H2	null	C1=CC=C(C=C1)CC(C(CCO)O)O	0.600000024	23192783;101905269;118708003	COCONUT:(CNP0366268);MeSH:(23192783);PubChem:(23192783 101905269 118708003);PubMed	2097222
3	1	N/A	-151.55145625744026	C11H16O3	[M + H]+	OJOKJVGGOVOIJJ	InChI=1S/C11H16O3/c1-7-4-11(13)9(6-10(7)12)5-8(2)14-3/h4,6,8,12-13H,5H2,1-3H3	null	CC1=CC(=C(C=C1O)CC(C)OC)O	2.0999999	10012907	COCONUT:(CNP0235913);Natural Products:(UNPD28125);PubChem:(10012907);SuperNatural:(SN00388985);PubMed	3178562
4	1	N/A	-153.1356757360289	C11H16O3	[M + H]+	CJJMAWPEZKYJAP	InChI=1S/C11H16O3/c12-9(13)10-2-7-1-8(3-10)5-11(14,4-7)6-10/h7-8,14H,1-6H2,(H,12,13)	Oprea1_212876	C1C2CC3(CC1CC(C2)(C3)O)C(=O)O	0.899999976	2046524;677006;2736518;4144883;6358507;6920279;6920280;122130745	PubChem class - safety and toxic;PubChem:(2046524 677006 2736518 4144883 6358507 6920279 6920280 122130745);PubMed	67108930
5	1	N/A	-159.98416600208333	C11H16O3	[M + H]+	ZYUVGYBAPZYKSA	InChI=1S/C11H16O3/c1-6(8(3)12)10-4-9(13)5-11(14)7(10)2/h4-6,8,12-14H,1-3H3	phenol A	CC1=C(C=C(C=C1O)O)C(C)C(C)O	1.89999998	12314143;11116966;101921519;124300556;124300557;124300558	COCONUT:(CNP0262448);KNApSAcK:(39990);Natural Products:(UNPD23148);PubChem:(12314143 11116966 101921519 124300556 124300557 124300558);SuperNatural:(SN00258927);ZINC bio:(ZINC00409729 ZINC00409730 ZINC00409731 ZINC00409732);PubMed	3186770
6	1	N/A	-165.0117206947155	C11H16O3	[M + H]+	VOVNVNDGBNLJJB	InChI=1S/C11H16O3/c1-7(12)4-9-5-10(14-3)6-11(13)8(9)2/h5-7,12-13H,4H2,1-3H3	3-[(2S)-2-hydroxypropyl]-5-methoxy-2-methylphenol	CC1=C(C=C(C=C1O)OC)CC(C)O	1.89999998	11333050;21576222;130677289	PubChem:(11333050 21576222 130677289);COCONUT:(CNP0329188)	2097154
7	1	N/A	-166.77071568562172	C11H16O3	[M + H]+	IPOLRLFQPJCFET	InChI=1S/C11H16O3/c1-8-5-3-4-6-11(8)14-7-10(13)9(2)12/h3-6,9-10,12-13H,7H2,1-2H3	1-(2-methylphenoxy)butane-2,3-diol	CC1=CC=CC=C1OCC(C(C)O)O	1.77015889	115629	PubChem:(115629);PubChem class - safety and toxic	67108866
8	1	N/A	-172.30434794634712	C11H16O3	[M + H]+	GVURYEOXXOUZQP	InChI=1S/C11H16O3/c1-3-13-10-6-5-9(8-12)11(7-10)14-4-2/h5-7,12H,3-4,8H2,1-2H3	2,4-Diethoxybenzylalcohol	CCOC1=CC(=C(C=C1)CO)OCC	1.70000005	16216917	PubChem:(16216917);PubChem class - safety and toxic	67108866
9	1	N/A	-175.45819452455174	C11H16O3	[M + H]+	JCLWQYMAWWJMSX	InChI=1S/C11H16O3/c1-2-9-4-3-5-11(6-9)14-8-10(13)7-12/h3-6,10,12-13H,2,7-8H2,1H3	3-(3-ethylphenoxy)propane-1,2-diol	CCC1=CC(=CC=C1)OCC(CO)O	1.76685047	115788	PubChem:(115788);PubChem class - safety and toxic	67108866
10	1	N/A	-177.7376812924024	C11H16O3	[M + H]+	RSTUMYIIRQDRKC	InChI=1S/C11H16O3/c1-9-4-3-5-10(6-9)14-8-11(2,13)7-12/h3-6,12-13H,7-8H2,1-2H3	2-Methyl-3-(m-tolyloxy)-1,2-propanediol	CC1=CC(=CC=C1)OCC(C)(CO)O	1.10000002	115630	PubChem:(115630);PubChem class - safety and toxic	67108866
11	1	N/A	-178.1176314130242	C11H16O3	[M + H]+	QRKQKOWDVJJBOE	InChI=1S/C11H16O3/c1-9-4-6-10(7-5-9)14-8-11(12-2)13-3/h4-7,11H,8H2,1-3H3	Acetaldehyde, dimethylacetal	CC1=CC=C(C=C1)OCC(OC)OC	2.0999999	80614	NORMAN:(NS00012134);PubChem class - safety and toxic;PubChem:(80614)	67371010
12	1	N/A	-178.53633273481225	C11H16O3	[M + H]+	GCKNJKPJTMNFTF	InChI=1S/C11H16O3/c1-8(12)7-9-5-4-6-10(13-2)11(9)14-3/h4-6,8,12H,7H2,1-3H3	1-(2,3-Dimethoxyphenyl)-2-propanol	CC(CC1=C(C(=CC=C1)OC)OC)O	2.26417637	214535	PubChem class - safety and toxic;PubChem:(214535);YMDB Mine	34426847234
13	1	N/A	-179.06950241064075	C11H16O3	[M + H]+	GTLGHKNKLRZSMO	InChI=1S/C11H16O3/c1-8(12)3-4-9-5-6-10(13)11(7-9)14-2/h5-8,12-13H,3-4H2,1-2H3	Zingerol	CC(CCC1=CC(=C(C=C1)O)OC)O	2.30366063	641651;3016110;71764450	HMDB:(135672);SuperNatural:(SN00254390 SN00158197);ZINC bio:(ZINC13339759 ZINC13339761);PubMed;NORMAN:(NS00057648);COCONUT:(CNP0301157);Natural Products:(UNPD572 UNPD59784);PubChem:(641651 3016110 71764450);YMDB Mine;PubChem class - bio and metabolites;PubChem class - safety and toxic;KEGG Mine	43037007946
14	1	N/A	-180.70858142259513	C11H16O3	[M + H]+	UMUMZMDVXFUSNN	InChI=1S/C11H16O3/c12-7-11(8-13,9-14)6-10-4-2-1-3-5-10/h1-5,12-14H,6-9H2	null	C1=CC=C(C=C1)CC(CO)(CO)CO	0.200000003	58388140	COCONUT:(CNP0153346);PubChem:(58388140);SuperNatural:(SN00142085);ZINC bio:(ZINC68600262)	3153922
15	1	N/A	-191.60613909557628	C11H16O3	[M + H]+	HJWIHSLWFROGED	InChI=1S/C11H16O3/c1-11(2,12)8-5-9(13-3)7-10(6-8)14-4/h5-7,12H,1-4H3	2-(3,5-Dimethoxyphenyl)propan-2-ol	CC(C)(C1=CC(=CC(=C1)OC)OC)O	1.60000002	3016081	NORMAN:(NS00030589);COCONUT:(CNP0085705);PubChem:(3016081)	2359298
16	1	N/A	-192.85685244699116	C11H16O3	[M + H]+	MBJYNNMHFMUBHI	InChI=1S/C11H16O3/c1-9-3-5-10(6-4-9)14-8-11(2,13)7-12/h3-6,12-13H,7-8H2,1-2H3	2-Methyl-3-(p-tolyloxy)-1,2-propanediol	CC1=CC=C(C=C1)OCC(C)(CO)O	1.10000002	115632	PubChem:(115632);PubChem class - safety and toxic	67108866
17	1	N/A	-192.8610165334901	C11H16O3	[M + H]+	KWJDGWGMDAQESJ	InChI=1S/C11H16O3/c1-8(12)6-9-4-5-10(13-2)11(7-9)14-3/h4-5,7-8,12H,6H2,1-3H3	1-(3,4-Dimethoxyphenyl)-2-propanol	CC(CC1=CC(=C(C=C1)OC)OC)O	2.26417637	89187;10198066;53234190	PubChem:(89187 10198066 53234190);PubChem class - safety and toxic	67108866
18	1	N/A	-195.97821312675237	C11H16O3	[M + H]+	XWFZEOQPMROJSH	InChI=1S/C11H16O3/c1-13-11(7-12)9-14-8-10-5-3-2-4-6-10/h2-6,11-12H,7-9H2,1H3	1-O-Benzyl-2-O-methylglycerol	COC(CO)COCC1=CC=CC=C1	0.800000012	129427;12486316;54491777	MeSH:(129427);PubChem:(129427 12486316 54491777);PubMed	70
19	1	N/A	-196.35535770538095	C11H16O3	[M + H]+	CSVLJZZEXDDQJF	InChI=1S/C11H16O3/c1-9-5-3-4-6-10(9)14-8-11(2,13)7-12/h3-6,12-13H,7-8H2,1-2H3	2-Methyl-3-(o-tolyloxy)-1,2-propanediol	CC1=CC=CC=C1OCC(C)(CO)O	1.10000002	115631;86306322;86306323	PubChem:(115631 86306322 86306323);PubChem class - safety and toxic	67108866
20	1	N/A	-199.21746046490327	C11H16O3	[M + H]+	FQZYXSHXSFLYAS	InChI=1S/C11H16O3/c1-10-3-2-4-11(9-10)14-8-7-13-6-5-12/h2-4,9,12H,5-8H2,1H3	2-[2-(3-methylphenoxy)ethoxy]ethanol	CC1=CC(=CC=C1)OCCOCCO	1.7058841	3018453	PubChem:(3018453);NORMAN:(NS00061263)	262146
21	1	N/A	-201.52135061478853	C11H16O3	[M + H]+	TYRUSIJKQXMLLQ	InChI=1S/C11H16O3/c1-2-13-8-10(12)9-14-11-6-4-3-5-7-11/h3-7,10,12H,2,8-9H2,1H3	1-Ethoxy-3-phenoxy-2-propanol	CCOCC(COC1=CC=CC=C1)O	1.5	86706	PubChem:(86706);PubChem class - safety and toxic	67108866
22	1	N/A	-202.76199785409273	C11H16O3	[M + H]+	NPQKQKITPJTEBK	InChI=1S/C11H16O3/c1-4-7(3)10-6-9(12)8(5-2)11(13)14-10/h6-7,12H,4-5H2,1-3H3	Germicidin	CCC1=C(C=C(OC1=O)C(C)CC)O	2.4000001	54704417;102106080	COCONUT:(CNP0311211);Natural Products:(UNPD69283);PubChem:(54704417 102106080);SuperNatural:(SN00309408);MeSH:(54704417);PubMed	3178566
23	1	N/A	-204.26711438846644	C11H16O3	[M + H]+	WGPOFWGOLKSEIR	InChI=1S/C11H16O3/c1-3-4-5-6-10(12)9-7-14-11(13)8(9)2/h3-4,10,12H,5-7H2,1-2H3	null	CC=CCCC(C1=C(C(=O)OC1)C)O	1.0	71514048;78093701	COCONUT:(CNP0226439);MeSH:(71514048);PubChem:(71514048 78093701);PubMed	2097222
24	1	N/A	-205.7939649116314	C11H16O3	[M + H]+	UIFXVMBLXKQBOK	InChI=1S/C11H16O3/c1-8-4-5-9(10(13)6-8)11(2,7-12)14-3/h4-6,12-13H,7H2,1-3H3	null	CC1=CC(=C(C=C1)C(C)(CO)OC)O	1.10000002	11106270	COCONUT:(CNP0204397);Natural Products:(UNPD95225);PubChem:(11106270);SuperNatural:(SN00246898 SN00158781)	3178498
25	1	N/A	-206.17789794184444	C11H16O3	[M + H]+	WUWWFJGGMGKQML	InChI=1S/C11H16O3/c1-2-9-3-5-11(6-4-9)14-8-10(13)7-12/h3-6,10,12-13H,2,7-8H2,1H3	3-(4-ethylphenoxy)propane-1,2-diol	CCC1=CC=C(C=C1)OCC(CO)O	1.39999998	108252;102101248	PubChem:(108252 102101248);PubChem class - safety and toxic	67108866
26	1	N/A	-206.52336176811085	C11H16O3	[M + H]+	KYIMBEHWPPBVMI	InChI=1S/C11H16O3/c1-14-11-8-9(4-2-3-7-12)5-6-10(11)13/h5-6,8,12-13H,2-4,7H2,1H3	null	COC1=C(C=CC(=C1)CCCCO)O	2.30035233	57164275	MeSH:(57164275);PubChem:(57164275);PubMed	70
27	1	N/A	-206.66606978709535	C11H16O3	[M + H]+	VAUHVOUAJDOEOR	InChI=1S/C11H16O3/c1-9-2-4-10(5-3-9)7-14-8-11(13)6-12/h2-5,11-13H,6-8H2,1H3	AmbotzBR-5206	CC1=CC=C(C=C1)COCC(CO)O	0.600000024	115785;89774638	PubChem:(115785 89774638);PubChem class - safety and toxic	67108866
28	1	N/A	-207.88871395315525	C11H16O3	[M + H]+	MIKOLWYFKPQXQJ	InChI=1S/C11H16O3/c1-5-11-12-6-10(7-13-11,8-14-11)9(2,3)4/h1H,6-8H2,2-4H3	1-Ethynyl-4-tert-butylbicycloorthocarboxylate	CC(C)(C)C12COC(OC1)(OC2)C#C	1.29999995	175762	PubChem:(175762);PubChem class - safety and toxic	67108866
29	1	N/A	-210.34538258259084	C11H16O3	[M + H]+	DEWMLNMGECEYBQ	InChI=1S/C11H16O3/c1-3-14-11(8(2)12)9-4-6-10(13)7-5-9/h4-8,11-13H,3H2,1-2H3	null	CCOC(C1=CC=C(C=C1)O)C(C)O	1.39999998	101413880;101992388;101992389;101992390;101992391	COCONUT:(CNP0200965);Natural Products:(UNPD36348);PubChem:(101413880 101992388 101992389 101992390 101992391);SuperNatural:(SN00349338)	3178498
30	1	N/A	-214.336631619492	C11H16O3	[M + H]+	DXYXGWDDTLAPGM	InChI=1S/C11H16O3/c1-10-2-4-11(5-3-10)14-9-8-13-7-6-12/h2-5,12H,6-9H2,1H3	2-(2-(p-Tolyloxy)ethoxy)ethanol	CC1=CC=C(C=C1)OCCOCCO	1.39999998	66913	PubChem:(66913);NORMAN:(NS00023300)	262146
31	1	N/A	-216.51156084277906	C11H16O3	[M + H]+	UOSGSTATBMFTNH	InChI=1S/C11H16O3/c1-3-4-10-9(6-5-8(2)12)7-14-11(10)13/h3-4,8,12H,5-7H2,1-2H3	null	CC=CC1=C(COC1=O)CCC(C)O	1.20000005	101899003;139584330	PubChem:(101899003 139584330);COCONUT:(CNP0227070)	2097154
32	1	N/A	-217.61656123081679	C11H16O3	[M + H]+	IAUOVMNXNAEWSV	InChI=1S/C11H16O3/c1-12-10-7-5-4-6-9(10)8-11(13-2)14-3/h4-7,11H,8H2,1-3H3	2-Methoxyphenylacetaldehyde dimethylacetal	COC1=CC=CC=C1CC(OC)OC	2.29780912	71309687	PubChem:(71309687);PubChem class - safety and toxic	67108866
33	1	N/A	-218.33789858208002	C11H16O3	[M + H]+	PYDFXJCTDLAHDG	InChI=1S/C11H16O3/c1-9-4-2-3-5-10(9)7-14-8-11(13)6-12/h2-5,11-13H,6-8H2,1H3	3-[(2-methylphenyl)methoxy]propane-1,2-diol	CC1=CC=CC=C1COCC(CO)O	0.600000024	3340577;92139810;92139811	PubChem:(3340577 92139810 92139811);PubChem class - safety and toxic	67108866
34	1	N/A	-221.72789871398254	C11H16O3	[M + H]+	QTURWMMVIIBRRP	InChI=1S/C11H16O3/c1-3-12-11(13-4-2)14-10-8-6-5-7-9-10/h5-9,11H,3-4H2,1-2H3	diethoxymethoxybenzene	CCOC(OCC)OC1=CC=CC=C1	2.5999999	84440	NORMAN:(NS00055022);PubChem class - safety and toxic;PubChem:(84440)	67371010
35	1	N/A	-221.98047730884844	C11H16O3	[M + H]+	UKVAXOJOOALGOT	InChI=1S/C11H16O3/c1-12-10-6-4-9(5-7-10)8-11(13-2)14-3/h4-7,11H,8H2,1-3H3	1-(2,2-Dimethoxyethyl)-4-methoxybenzene	COC1=CC=C(C=C1)CC(OC)OC	2.29780912	554649	PubChem:(554649);PubChem class - safety and toxic	67108866
36	1	N/A	-222.3579190007261	C11H16O3	[M + H]+	KLIWBPMQXVJEAN	InChI=1S/C11H16O3/c1-2-9-5-3-4-6-11(9)14-8-10(13)7-12/h3-6,10,12-13H,2,7-8H2,1H3	1, 3-(2-ethylphenoxy)-	CCC1=CC=CC=C1OCC(CO)O	1.76685047	98049;92140298;92140299	PubChem class - safety and toxic;PubChem:(98049 92140298 92140299);PubMed	67108930
37	1	N/A	-223.59252458291712	C11H16O3	[M + H]+	AZARHELIPHKHED	InChI=1S/C11H16O3/c1-5-8-6-9(12-2)11(14-4)10(7-8)13-3/h6-7H,5H2,1-4H3	Benzene, 5-ethyl-1,2,3-trimethoxy-	CCC1=CC(=C(C(=C1)OC)OC)OC	2.74002028	10012904	COCONUT:(CNP0190769);Natural Products:(UNPD116241);PubChem:(10012904);SuperNatural:(SN00403965)	3178498
38	1	N/A	-223.60335277368327	C11H16O3	[M + H]+	XYPMGJKFSRTMFY	InChI=1S/C11H16O3/c1-3-14-10-5-4-9(6-7-12)8-11(10)13-2/h4-5,8,12H,3,6-7H2,1-2H3	Benzeneethanol,4-ethoxy-3-methoxy-	CCOC1=C(C=C(C=C1)CCO)OC	2.24269438	586419	NORMAN:(NS00058134);PubChem:(586419);ZINC bio:(ZINC00405281)	270338
39	1	N/A	-224.75596331263586	C11H16O3	[M + H]+	WZLCEHIVYQVRHF	InChI=1S/C11H16O3/c1-8-4-3-5-9(11(8)14-2)6-10(13)7-12/h3-5,10,12-13H,6-7H2,1-2H3	3-(2-Methoxy-3-methylphenyl)-1,2-propanediol	CC1=C(C(=CC=C1)CC(CO)O)OC	1.20000005	3041339	PubChem:(3041339);PubChem class - safety and toxic	67108866
40	1	N/A	-225.34807956880252	C11H16O3	[M + H]+	FORIVXAMKGSSHE	InChI=1S/C11H16O3/c12-9-4-5-3-8(9)6-1-2-7(10(5)6)11(13)14/h5-10,12H,1-4H2,(H,13,14)	Octahydro-5-hydroxy-4,7-methano-1H-indenecarboxylic acid	C1CC(C2C1C3CC2CC3O)C(=O)O	1.10000002	6455280	PubChem:(6455280);NORMAN:(NS00055049)	262146
41	1	N/A	-228.18529964904957	C11H16O3	[M + H]+	YHEWWEXPVKCVFY	InChI=1S/C11H16O3/c1-4-5-8-6-9(13-2)11(12)10(7-8)14-3/h6-7,12H,4-5H2,1-3H3	4-Propylsyringol	CCCC1=CC(=C(C(=C1)OC)O)OC	2.79999995	524975	COCONUT:(CNP0148418);HMDB:(36226);Natural Products:(UNPD183202);PubChem class - food;PubChem:(524975);PubChem class - bio and metabolites;PubMed	153124938
42	1	N/A	-228.4163382224696	C11H16O3	[M + H]+	ZVMSMBHUKJAOEX	InChI=1S/C11H16O3/c1-4-5-8-6-9(12)11(14-3)10(7-8)13-2/h6-7,12H,4-5H2,1-3H3	null	CCCC1=CC(=C(C(=C1)OC)OC)O	2.79999995	89207048	MeSH:(89207048);PubChem:(89207048);PubMed	70
43	1	N/A	-228.71749578854119	C11H16O3	[M + H]+	QQUVUDPCFCXEGO	InChI=1S/C11H16O3/c1-4-11(3,13)6-5-9-8(2)7-10(12)14-9/h4,7,9,13H,1,5-6H2,2-3H3	null	CC1=CC(=O)OC1CCC(C)(C=C)O	1.10000002	101706905;101706906;101706907;101706908;101413883	COCONUT:(CNP0283888);Natural Products:(UNPD67308);PubChem:(101706905 101706906 101706907 101706908 101413883)	2129922
44	1	N/A	-229.3218962088924	C11H16O3	[M + H]+	SSSYMZDZKBTBDM	InChI=1S/C11H16O3/c1-3-5-7-10(12)8-9(6-4-2)11(13)14/h3,5-7,10,12H,1,4,8H2,2H3,(H,13,14)	null	CCC=C(CC(C=CC=C)O)C(=O)O	2.0	57379198;101563977	COCONUT:(CNP0287680);Natural Products:(UNPD222642);PubChem:(57379198 101563977)	2129922
45	1	N/A	-229.37828386231735	C11H16O3	[M + H]+	JZUAKBZLLJDSTQ	InChI=1S/C11H16O3/c1-8(7-12)5-9-3-4-10(13)11(6-9)14-2/h3-4,6,8,12-13H,5,7H2,1-2H3	null	CC(CC1=CC(=C(C=C1)O)OC)CO	2.08078051	""	COCONUT:(CNP0281039);Natural Products:(UNPD151113);SuperNatural:(SN00234917)	3178496
46	1	N/A	-230.6034999319519	C11H16O3	[M + H]+	ZISWRXJZUKDIOO	InChI=1S/C11H16O3/c1-13-10-6-5-9(4-3-7-12)8-11(10)14-2/h5-6,8,12H,3-4,7H2,1-2H3	Benzenepropanol,3,4-dimethoxy-	COC1=C(C=C(C=C1)CCCO)OC	2.26086807	77528	NORMAN:(NS00030562);COCONUT:(CNP0252849);Natural Products:(UNPD156036);PubChem:(77528);PubMed;KEGG Mine	8592326722
47	1	N/A	-235.19510042479945	C11H16O3	[M + H]+	NZMPUCGPIWVSMA	InChI=1S/C11H16O3/c1-6-5-11(3,4)10(14)8(7(2)12)9(6)13/h6,8H,5H2,1-4H3	null	CC1CC(C(=O)C(C1=O)C(=O)C)(C)C	1.39999998	12306809	COCONUT:(CNP0213368);Natural Products:(UNPD107431);PubChem:(12306809);SuperNatural:(SN00351357)	3178498
48	1	N/A	-235.8906088299397	C11H16O3	[M + H]+	KWQXZFPKWWRJGW	InChI=1S/C11H16O3/c1-3-4-10-9(6-5-8(2)12)7-14-11(10)13/h3-7H2,1-2H3	null	CCCC1=C(COC1=O)CCC(=O)C	1.0	139585320	PubChem:(139585320);COCONUT:(CNP0377795)	2097154
49	1	N/A	-236.25230627910562	C11H16O3	[M + H]+	PEWZIEQJXSUCMC	InChI=1S/C11H16O3/c1-4-5-6-10(9(2)12)7-8-11(13)14-3/h6-8H,4-5H2,1-3H3	null	CCCC=C(C=CC(=O)OC)C(=O)C	2.0	46832768	COCONUT:(CNP0185061);Natural Products:(UNPD130538);PubChem:(46832768);SuperNatural:(SN00395634)	3178498
50	1	N/A	-238.1272858737361	C11H16O3	[M + H]+	PWZHEFFAUWAEMU	InChI=1S/C11H16O3/c1-3-4-5-9-7-14-11(13)10(9)6-8(2)12/h3-4,8,12H,5-7H2,1-2H3	null	CC=CCC1=C(C(=O)OC1)CC(C)O	1.10000002	132605339;139583531	PubChem:(132605339 139583531);COCONUT:(CNP0353600)	2097154
51	1	N/A	-238.54247564185383	C11H16O3	[M + H]+	QTIQVWDNPDEMAS	InChI=1S/C11H16O3/c1-3-5-8-6-10(14-11(8)13)7-9(12)4-2/h6,10H,3-5,7H2,1-2H3	null	CCCC1=CC(OC1=O)CC(=O)CC	1.70000005	139586020	PubChem:(139586020);COCONUT:(CNP0355105)	2097154
52	1	N/A	-241.47722490696884	C11H16O3	[M + H]+	BRGMVDIKNKICJS	InChI=1S/C11H16O3/c1-2-10-12-6-11(7-13-10)4-3-8-9(5-11)14-8/h2,8-10H,1,3-7H2	2-vinylspiro[1,3-dioxane-5,3''-[7]oxabicyclo[4.1.0]heptane]	C=CC1OCC2(CCC3C(C2)O3)CO1	1.20000005	102992	PubChem:(102992);NORMAN:(NS00048610)	262146
53	1	N/A	-241.67741036913722	C11H16O3	[M + H]+	KMLFVAGUWNPADU	InChI=1S/C11H16O3/c1-2-3-4-5-8-14-11(12)10-7-6-9-13-10/h6-7,9H,2-5,8H2,1H3	Hexyl furoate	CCCCCCOC(=O)C1=CC=CO1	3.12879825	61984	NORMAN:(NS00022138);COCONUT:(CNP0002785);HMDB:(37725);PubChem class - food;PubChem:(61984);PubChem class - bio and metabolites	153354250
54	1	N/A	-243.0945104077102	C11H16O3	[M + H]+	WJGBLVUCLRVMMC	InChI=1S/C11H16O3/c1-4-9-10(12)6-8(5-7(2)3)14-11(9)13/h6-7,12H,4-5H2,1-3H3	2H-Pyran-2-one, 3-ethyl-4-hydroxy-6-(2-methylpropyl)-	CCC1=C(C=C(OC1=O)CC(C)C)O	2.5999999	71425314	COCONUT:(CNP0151672);Natural Products:(UNPD41783);PubChem:(71425314)	2129922
55	1	N/A	-247.01491044795588	C11H16O3	[M + H]+	CDUDTAOIPVCWDW	InChI=1S/C11H16O3/c1-11(2,3)8-5-7(14-4)6-9(12)10(8)13/h5-6,12-13H,1-4H3	3-t-Butyl-5-methoxycatechol	CC(C)(C)C1=C(C(=CC(=C1)OC)O)O	2.9000001	133433	MeSH:(133433);PubChem class - safety and toxic;PubChem:(133433);PubMed	67108934
56	1	N/A	-249.16789160780897	C11H16O3	[M + H]+	SAYHBWSPMUSNEJ	InChI=1S/C11H16O3/c1-3-4-5-6-7-9-8(2)10(12)14-11(9)13/h3-7H2,1-2H3	Hexylmethylmaleic Anhydride	CCCCCCC1=C(C(=O)OC1=O)C	3.20000005	11127184;71317248	COCONUT:(CNP0145424);Natural Products:(UNPD75679);PubChem:(11127184 71317248)	2129922
57	1	N/A	-249.3028696088972	C11H16O3	[M + H]+	RLUKXCKTNBMDFN	InChI=1S/C11H16O3/c1-11(2,13)9-6-4-8(5-7-9)10(12)14-3/h4,6,13H,5,7H2,1-3H3	null	CC(C)(C1=CC=C(CC1)C(=O)OC)O	1.74993265	""	COCONUT:(CNP0169880);Natural Products:(UNPD223573)	2129920
58	1	N/A	-249.6499299962456	C11H16O3	[M + H]+	CFHWJKSHYAZNGO	InChI=1S/C11H16O3/c1-11(2,14)6-5-8-7-9(12)3-4-10(8)13/h5-7,10,13-14H,3-4H2,1-2H3	null	CC(C)(C=CC1=CC(=O)CCC1O)O	-0.300000012	101798880;130147994	COCONUT:(CNP0402249);Natural Products:(UNPD204579 UNPD220459);PubChem:(101798880 130147994)	2129922
59	1	N/A	-249.65582570137985	C11H16O3	[M + H]+	IBFIZVORYAZWLY	InChI=1S/C11H16O3/c1-4-5-6-9-8(2)14-11(12)7-10(9)13-3/h7H,4-6H2,1-3H3	null	CCCCC1=C(OC(=O)C=C1OC)C	2.29999995	102367319	PubChem:(102367319);COCONUT:(CNP0262691)	2097154
60	1	N/A	-251.64346785485952	C11H16O3	[M + H]+	XEVQXKKKAVVSMW	InChI=1S/C11H16O3/c1-10(2)5-7(12)6-11(3)8(10)4-9(13)14-11/h4,7,12H,5-6H2,1-3H3	(-)-loliolide	CC1(CC(CC2(C1=CC(=O)O2)C)O)C	1.0	14334;100332;12311356;12311357;11019783;10176529;21774329;44511808	COCONUT:(CNP0245641);KNApSAcK:(19144);Natural Products:(UNPD172679 UNPD141914 UNPD89001 UNPD128463);PubChem:(14334 100332 12311356 12311357 11019783 10176529 21774329 44511808);SuperNatural:(SN00036112 SN00036111 SN00036113 SN00036110);CHEBI:(69774);ZINC bio:(ZINC01565389 ZINC01565390 ZINC01565391 ZINC01565392);additional;MeSH:(14334 100332 11019783);PubMed	3711094
61	1	N/A	-252.90701002395838	C11H16O3	[M + H]+	LKHSNVFARIHMHY	InChI=1S/C11H16O3/c12-10-7-4-6-9(10)5-2-1-3-8-11(13)14/h6H,1-5,7-8H2,(H,13,14)	5-Oxo-1-cyclopentene-1-hexanoic acid	C1CC(=O)C(=C1)CCCCCC(=O)O	1.70000005	3040253	PubChem:(3040253);PubChem class - safety and toxic	67108866
62	1	N/A	-255.62041959008775	C11H16O3	[M + H]+	JQGCRHXJDXQXGH	InChI=1S/C11H16O3/c1-3-4-5-6-9-7-10(13-2)8-11(12)14-9/h7-8H,3-6H2,1-2H3	4-Methoxy-6-pentyl-2H-pyran-2-one	CCCCCC1=CC(=CC(=O)O1)OC	2.70000005	13866618	COCONUT:(CNP0113349);Natural Products:(UNPD27952);PubChem:(13866618);SuperNatural:(SN00242160);ZINC bio:(ZINC14502653)	3186690
63	1	N/A	-256.38850464156377	C11H16O3	[M + H]+	XNQYNBDARWOHSB	InChI=1S/C11H16O3/c1-6(2)3-4-7-5-8(12)10-11(14-10)9(7)13/h3,5,8-13H,4H2,1-2H3	null	CC(=CCC1=CC(C2C(C1O)O2)O)C	0.400000006	101967074	COCONUT:(CNP0418423);Natural Products:(UNPD171553);PubChem:(101967074);SuperNatural:(SN00309627)	3178498
64	1	N/A	-256.47313071586984	C11H16O3	[M + H]+	MJFNQTVRNUJMHF	InChI=1S/C11H16O3/c1-8(2)6-9(12)7-11(3)5-4-10(13)14-11/h6H,4-5,7H2,1-3H3	null	CC(=CC(=O)CC1(CCC(=O)O1)C)C	1.5	14830725;66552933	COCONUT:(CNP0363647);Natural Products:(UNPD114170);PubChem:(14830725 66552933);SuperNatural:(SN00296659);MeSH:(14830725);PubMed	3178566
65	1	N/A	-262.31476181013295	C11H16O3	[M + H]+	SVDPTFHRRNUNRS	InChI=1S/C11H16O3/c1-9(2)8-14-11(12)6-5-10-4-3-7-13-10/h3-4,7,9H,5-6,8H2,1-2H3	Isobutyl furfurylacetate	CC(C)COC(=O)CCC1=CC=CO1	2.62165141	7733	NORMAN:(NS00012677);COCONUT:(CNP0002779);HMDB:(37734);PubChem class - food;PubChem:(7733);PubChem class - bio and metabolites;PubChem class - safety and toxic	220463114
66	1	N/A	-262.32596117003334	C11H16O3	[M + H]+	BYOAHAKIXHJNTC	InChI=1S/C11H16O3/c1-5-8(2)11(13)14-7-6-9(3)10(4)12/h5H,3,6-7H2,1-2,4H3	null	CC=C(C)C(=O)OCCC(=C)C(=O)C	2.11320329	""	COCONUT:(CNP0129648);Natural Products:(UNPD20836)	2129920
67	1	N/A	-262.63118051165367	C11H16O3	[M + H]+	QKPHPJQVAIJIOL	InChI=1S/C11H16O3/c1-11(2,3)7-5-8(12)9(13)6-10(7)14-4/h5-6,12-13H,1-4H3	4-tert-Butyl-5-methoxycatechol	CC(C)(C)C1=CC(=C(C=C1OC)O)O	2.9000001	354847	PubChem:(354847);PubChem class - safety and toxic	67108866
68	1	N/A	-264.7642904085518	C11H16O3	[M + H]+	AULQLQUPDNVFNJ	InChI=1S/C11H16O3/c1-7(2)8-4-5-11(3)9(13-8)6-10(12)14-11/h8-9H,1,4-6H2,2-3H3	null	CC(=C)C1CCC2(C(O1)CC(=O)O2)C	1.79999995	16202463;66552628;135043182	COCONUT:(CNP0272807);Natural Products:(UNPD14486);PubChem:(16202463 66552628 135043182);SuperNatural:(SN00253203)	3178498
69	1	N/A	-267.1317063289489	C11H16O3	[M + H]+	VPDVLNNSGPCYGT	InChI=1S/C11H16O3/c1-3-5-7-9(8-12)11(14)10(13)6-4-2/h3-8,10-11,13-14H,1-2H3	null	CC=CC=C(C=O)C(C(C=CC)O)O	0.600000024	101413884;101935617;101935618;139583096	COCONUT:(CNP0227073);Natural Products:(UNPD45916);PubChem:(101413884 101935617 101935618 139583096);SuperNatural:(SN00248696)	3178498
70	1	N/A	-268.06949247530974	C11H16O3	[M + H]+	SZOBRFMKKNAYTL	InChI=1S/C11H16O3/c1-3-4-13-11(12)8-6-10-9(14-10)5-7(8)2/h3,7-10H,1,4-6H2,2H3	3, allyl ester	CC1CC2C(O2)CC1C(=O)OCC=C	1.79999995	98298;92224917;92224918;98049244;98049245;98641939;124924750;124924751;124924752;134613228	PubChem:(98298 92224917 92224918 98049244 98049245 98641939 124924750 124924751 124924752 134613228);PubChem class - safety and toxic	67108866
71	1	N/A	-268.5619053961165	C11H16O3	[M + H]+	VYDQCRQZKDOHND	InChI=1S/C11H16O3/c1-3-4-5-11(12)14-8-10-9(2)6-7-13-10/h6-7H,3-5,8H2,1-2H3	(3-Methyl-2-furyl)methyl valerate	CCCCC(=O)OCC1=C(C=CO1)C	2.4000001	3023737	PubChem:(3023737);NORMAN:(NS00040148)	262146
72	1	N/A	-269.1139578299489	C11H16O3	[M + H]+	JTNYKXXVTWXNLP	InChI=1S/C11H16O3/c1-7-4-8(12)6-11(2,3)9(7)5-10(13)14/h4,9H,5-6H2,1-3H3,(H,13,14)	null	CC1=CC(=O)CC(C1CC(=O)O)(C)C	0.899999976	70541071	COCONUT:(CNP0304973);Natural Products:(UNPD81910);PubChem:(70541071);SuperNatural:(SN00233559)	3178498
73	1	N/A	-269.99590822093256	C11H16O3	[M + H]+	SEUNOWVNFRLGOA	InChI=1S/C11H16O3/c1-8(2)6-5-7-11(4)9(3)13-10(12)14-11/h6H,3,5,7H2,1-2,4H3	5-methyl-4-methylene-5-(4-methylpent-3-enyl)-1,3-dioxolan-2-one	CC(=CCCC1(C(=C)OC(=O)O1)C)C	3.0999999	685917;685918;3380256	COCONUT:(CNP0361838);PubChem:(685917 685918 3380256);SuperNatural:(SN00042816 SN00042815);ZINC bio:(ZINC00053014 ZINC00053015)	3153922
74	1	N/A	-271.2783554588998	C11H16O3	[M + H]+	FZRRPTRTJRUVKH	InChI=1S/C11H16O3/c1-2-3-4-5-6-9-7-10(8-12)14-11(9)13/h5-7,10,12H,2-4,8H2,1H3	2(5H)-Furanone, 3-(1Z)-1-hexenyl-5-(hydroxymethyl)-	CCCCC=CC1=CC(OC1=O)CO	2.0999999	10821721;11816417;71346827;101053613;101413881	COCONUT:(CNP0134326);MeSH:(101053613);PubChem:(10821721 11816417 71346827 101053613 101413881);PubMed	2097222
75	1	N/A	-272.7895119854884	C11H16O3	[M + H]+	DDVFHERXRGWVAP	InChI=1S/C11H16O3/c1-7-5-4-6-11(13-7)9(3)8(2)10(12)14-11/h7H,4-6H2,1-3H3	null	CC1CCCC2(O1)C(=C(C(=O)O2)C)C	1.60000002	53755061	COCONUT:(CNP0263892);Natural Products:(UNPD15681);PubChem:(53755061);SuperNatural:(SN00401676)	3178498
76	1	N/A	-276.23651612277354	C11H16O3	[M + H]+	FYYIUODUDSPAJQ	InChI=1S/C11H16O3/c1-7(2)11(12)13-6-8-3-4-9-10(5-8)14-9/h8-10H,1,3-6H2,2H3	2-Propenoic acid,2-methyl-, 7-oxabicyclo[4.1.0]hept-3-ylmethyl ester	CC(=C)C(=O)OCC1CCC2C(C1)O2	1.89999998	14645478;92980023;92980024;98472003;121231118;121231119;121494101;124929466	NORMAN:(NS00004380);PubChem class - safety and toxic;PubChem:(14645478 92980023 92980024 98472003 121231118 121231119 121494101 124929466)	67371010
77	1	N/A	-279.40165411621035	C11H16O3	[M + H]+	DFEJFZWTBMJTQN	InChI=1S/C11H16O3/c1-13-10(12)9-7-8-3-5-11(9,14-2)6-4-8/h3,5,8-9H,4,6-7H2,1-2H3	ACMC-20akjd	COC(=O)C1CC2CCC1(C=C2)OC	1.10000002	736039;2724151;6542156;6985565;13426867;21239525;23308810;51023846;50897657;71311256;134688341	PubChem:(736039 2724151 6542156 6985565 13426867 21239525 23308810 51023846 50897657 71311256 134688341);NORMAN:(NS00044777)	262146
78	1	N/A	-279.9168014731429	C11H16O3	[M + H]+	VTXAJDXIODUZLG	InChI=1S/C11H16O3/c1-3-8(11(13)14-2)7-9-5-4-6-10(9)12/h5,8H,3-4,6-7H2,1-2H3	methyl (2R)-2-[(5-oxocyclopenten-1-yl)methyl]butanoate	CCC(CC1=CCCC1=O)C(=O)OC	1.60000002	11321520	COCONUT:(CNP0283917);Natural Products:(UNPD24177);PubChem:(11321520);SuperNatural:(SN00356282)	3178498
79	1	N/A	-281.516319860419	C11H16O3	[M + H]+	WDBAEUGYJCJMES	InChI=1S/C11H16O3/c1-7(2)9-4-10(13)6-11(5-9)14-8(3)12/h4,7,11H,5-6H2,1-3H3	3-Isopropyl-5-acetoxycyclohexene-2-one	CC(C)C1=CC(=O)CC(C1)OC(=O)C	1.20000005	643556;23250811	COCONUT:(CNP0418156);Natural Products:(UNPD143998);PubChem:(643556 23250811);SuperNatural:(SN00263972)	3178498
80	1	N/A	-284.86924925947085	C11H16O3	[M + H]+	DLESRUNXEOWSOI	InChI=1S/C11H16O3/c1-3-4-5-6-7-9-8-11(2,13)14-10(9)12/h6-8,13H,3-5H2,1-2H3	null	CCCCC=CC1=CC(OC1=O)(C)O	2.4000001	10655498;85221749;101413882	COCONUT:(CNP0198766);Natural Products:(UNPD26003);PubChem:(10655498 85221749 101413882);SuperNatural:(SN00238442)	3178498
81	1	N/A	-284.9556537997396	C11H16O3	[M + H]+	FDUJDSSSKYHAHB	InChI=1S/C11H16O3/c1-9(2)7-14-11(12)4-3-10-5-6-13-8-10/h5-6,8-9H,3-4,7H2,1-2H3	2-Methylpropyl furan-3-propionate	CC(C)COC(=O)CCC1=COC=C1	2.4000001	21149764	PubChem:(21149764);NORMAN:(NS00063589)	262146
82	1	N/A	-288.2644959655386	C11H16O3	[M + H]+	FIOWMCUECVKUHQ	InChI=1S/C11H16O3/c1-3-4-5-6-9-7-14-11(13)10(9)8(2)12/h3-6,8-10,12H,7H2,1-2H3	null	CC=CC=CC1COC(=O)C1C(C)O	1.89999998	10845550;85287810	COCONUT:(CNP0304271);KNApSAcK:(33091);Natural Products:(UNPD60986);PubChem:(10845550 85287810);SuperNatural:(SN00314360)	3178514
83	1	N/A	-291.5023896069743	C11H16O3	[M + H]+	XUTUUQIIEPJMJI	InChI=1S/C11H16O3/c1-5-7-11(8-6-2,9(3)12)10(13)14-4/h5-6H,1-2,7-8H2,3-4H3	methyl 2-acetyl-2-allylpent-4-enoate	CC(=O)C(CC=C)(CC=C)C(=O)OC	2.0	77235	PubChem:(77235);NORMAN:(NS00030076)	262146
84	1	N/A	-293.6204244180184	C11H16O3	[M + H]+	YVMJSXQLTLADGF	InChI=1S/C11H16O3/c1-6(2)9-7(3)10(13-5)8(4)11(12)14-9/h6H,1-5H3	null	CC1=C(C(=C(OC1=O)C(C)C)C)OC	2.65828681	""	COCONUT:(CNP0310661);Natural Products:(UNPD51099)	2129920
85	1	N/A	-298.54483769214045	C11H16O3	[M + H]+	RTPVZSXBXIHRFM	InChI=1S/C11H16O3/c1-9-6-14-11(8(12)13)5-7(9)3-4-10(9,11)2/h7H,3-6H2,1-2H3,(H,12,13)	Oprea1_736300	CC12CCC3C1(COC2(C3)C(=O)O)C	1.70000005	767697;2770465;5000383;6951585;6951586;18397862;16397958;23308572;23308573;23308574;24893694;43810870;44826375;55266496;98095827;98095828;98135778;98135779;137322868	COCONUT:(CNP0372083);PubChem:(767697 2770465 5000383 6951585 6951586 18397862 16397958 23308572 23308573 23308574 24893694 43810870 44826375 55266496 98095827 98095828 98135778 98135779 137322868);PubMed	2097218
86	1	N/A	-301.26191291521894	C11H16O3	[M + H]+	IBIDUABZZSJJNF	InChI=1S/C11H16O3/c1-2-3-4-7-11(12)14-9-10-6-5-8-13-10/h5-6,8H,2-4,7,9H2,1H3	Furfuryl caproate	CCCCCC(=O)OCC1=CC=CO1	2.5999999	557222	PubChem:(557222);PubChem class - food	134217730
87	1	N/A	-307.2577856028467	C11H16O3	[M + H]+	QMPUENMENUQYLB	InChI=1S/C11H16O3/c1-10(2)7-6-9(13)14-11(7,3)5-4-8(10)12/h4-5,7-8,12H,6H2,1-3H3	null	CC1(C2CC(=O)OC2(C=CC1O)C)C	1.10000002	101192912;129910630	COCONUT:(CNP0233782);Natural Products:(UNPD94195);PubChem:(101192912 129910630);SuperNatural:(SN00345832)	3178498
88	1	N/A	-311.55230518544977	C11H16O3	[M + H]+	RKFCLVFAFZYVCG	InChI=1S/C11H16O3/c1-9(2)10(3)4-5-11(9,8(13)14)6-7(10)12/h4-6H2,1-3H3,(H,13,14)	Oprea1_117962	CC1(C2(CCC1(CC2=O)C(=O)O)C)C	1.10000002	558757;2143504;737380;737381;3782246;6542191;6592241;6933722;98042861	COCONUT:(CNP0279491 CNP0302191);PubChem:(558757 2143504 737380 737381 3782246 6542191 6592241 6933722 98042861);SuperNatural:(SN00101443 SN00101414);PubMed;ZINC bio:(ZINC38193087 ZINC38478013)	3153986
89	1	N/A	-313.71072207245476	C11H16O3	[M + H]+	WDJWXGLOUVSXDG	InChI=1S/C11H16O3/c1-10(2)6-8-4-7(5-9(12)13)11(10,3)14-8/h5,8H,4,6H2,1-3H3,(H,12,13)	null	CC1(CC2CC(=CC(=O)O)C1(O2)C)C	1.20000005	100955862;129994853;133662641	COCONUT:(CNP0414204);KNApSAcK:(39214);Natural Products:(UNPD16540 UNPD209840 UNPD61009 UNPD61104);PubChem:(100955862 129994853 133662641);SuperNatural:(SN00400164 SN00287865 SN00261347)	3178514
90	1	N/A	-314.7375023731956	C11H16O3	[M + H]+	GRQPTGXDINMECF	InChI=1S/C11H16O3/c1-7(13)14-6-11-9-3-2-8(4-9)10(11)5-12/h2-3,8-12H,4-6H2,1H3	2-Amhmbh	CC(=O)OCC1C2CC(C1CO)C=C2	1.0	125465;12035173;14287492	MeSH:(125465);PubChem:(125465 12035173 14287492);PubMed	70
91	1	N/A	-317.0823537562989	C11H16O3	[M + H]+	UMPZPEUPSIHDQY	InChI=1S/C11H16O3/c1-8(2)11(6-4-9(3)12)7-5-10(13)14-11/h4,6,8H,5,7H2,1-3H3	null	CC(C)C1(CCC(=O)O1)C=CC(=O)C	1.29999995	14565819	COCONUT:(CNP0339143);Natural Products:(UNPD15628);PubChem:(14565819);SuperNatural:(SN00322769)	3178498
92	1	N/A	-323.73447374042166	C11H16O3	[M + H]+	XNMVAVGXJZFTEH	InChI=1S/C11H16O3/c1-10(2)6-4-5-11(10,3)8(12)7(6)9(13)14/h6-7H,4-5H2,1-3H3,(H,13,14)	Angimuth	CC1(C2CCC1(C(=O)C2C(=O)O)C)C	2.5	86758;12302340;12966810;24884232;40430067;55250421;69095670;71775434;89722512;89722536;98055510;98055512;102437572;102437573	NORMAN:(NS00043408);PubChem class - safety and toxic;PubChem:(86758 12302340 12966810 24884232 40430067 55250421 69095670 71775434 89722512 89722536 98055510 98055512 102437572 102437573);KEGG Mine	8657305602
93	1	N/A	-327.89461452344005	C11H16O3	[M + H]+	GZQURNFPUYOHDR	InChI=1S/C11H16O3/c12-10-8-9(10)6-4-2-1-3-5-7-11(13)14/h8H,1-7H2,(H,13,14)	1-Cyclopropene-1-octanoicacid, 3-oxo-	C1=C(C1=O)CCCCCCCC(=O)O	2.29999995	9815550	COCONUT:(CNP0103844);Natural Products:(UNPD48224);PubChem:(9815550)	2129922
94	1	N/A	-335.31890439205404	C11H16O3	[M + H]+	BMRCKURWGZUABP	InChI=1S/C11H16O3/c1-7(2)6-10(13)14-11-8(3)4-5-9(11)12/h7H,4-6H2,1-3H3	Cyclotene isovalerate	CC1=C(C(=O)CC1)OC(=O)CC(C)C	1.70000005	106532	PubChem:(106532);NORMAN:(NS00036397)	262146
95	1	N/A	-364.1919646856571	C11H16O3	[M + H]+	MSYDKMYBOQUEDH	InChI=1S/C11H16O3/c1-2-3-7-6-14-11-5-10(13)9(12)4-8(7)11/h6,9-10,12-13H,2-5H2,1H3	null	CCCC1=COC2=C1CC(C(C2)O)O	1.39999998	15340735;85735789	COCONUT:(CNP0295185);Natural Products:(UNPD42259);PubChem:(15340735 85735789);SuperNatural:(SN00317050)	3178498
96	1	N/A	-367.9713611618061	C11H16O3	[M + H]+	UETIGDIBTLPXSL	InChI=1S/C11H16O3/c1-7-4-9(13)10(2)5-8(12)6-11(10,3)14-7/h4,8,12H,5-6H2,1-3H3	null	CC1=CC(=O)C2(CC(CC2(O1)C)O)C	0.800000012	130144109;131089310	COCONUT:(CNP0131582);Natural Products:(UNPD204349);PubChem:(130144109 131089310)	2129922
97	1	N/A	-393.93750054076196	C11H16O3	[M + H]+	CKLJWMXFSCHRER	InChI=1S/C11H16O3/c1-7-3-4-9-8(5-12)6-14-11(13-2)10(7)9/h5-7,9-11H,3-4H2,1-2H3	null	CC1CCC2C1C(OC=C2C=O)OC	1.70000005	100930976;100930977;130035562;130755197;130938465	COCONUT:(CNP0191949);Natural Products:(UNPD192258 UNPD70381);PubChem:(100930976 100930977 130035562 130755197 130938465);SuperNatural:(SN00383395 SN00378871)	3178498
98	1	N/A	-416.5948632820925	C11H16O3	[M + H]+	GBYYWZSCZPZVLI	InChI=1S/C11H16O3/c1-6-4-11(2,3)8-7(9(6)12)5-14-10(8)13/h4,7-8,10,13H,5H2,1-3H3	Tschimganical A	CC1=CC(C2C(C1=O)COC2O)(C)C	1.20000005	636977;12047413;22297498	COCONUT:(CNP0414799);KNApSAcK:(37964);Natural Products:(UNPD386);PubChem:(636977 12047413 22297498);SuperNatural:(SN00291335)	3178514
1	1	N/A	-121.6162969151986	C11H18O4	[M - H2O + H]+	JWXVXVPNKJNCSL	InChI=1S/C11H18O4/c1-2-9(12)10-6-8(7-15-10)4-3-5-11(13)14/h3,5,8-10,12H,2,4,6-7H2,1H3,(H,13,14)	(E)-4-[(3S,5R)-5-[(1S)-1-hydroxypropyl]oxolan-3-yl]but-2-enoic acid	CCC(C1CC(CO1)CC=CC(=O)O)O	1.10000002	10081960;11608199;101776195	COCONUT:(CNP0166575);Natural Products:(UNPD45331);PubChem:(10081960 11608199 101776195);SuperNatural:(SN00262162)	3178498
2	1	N/A	-127.85954659785234	C11H18O4	[M - H2O + H]+	NNTBVWFIJFDEPF	InChI=1S/C11H18O4/c1-2-3-5-8(12)11(14)9-6-4-7-10(13)15-9/h4,7-9,11-12,14H,2-3,5-6H2,1H3	null	CCCCC(C(C1CC=CC(=O)O1)O)O	1.29999995	101248045;101248046;100918704;101881297;101886669	COCONUT:(CNP0418475);KNApSAcK:(43072);Natural Products:(UNPD68846);PubChem:(101248045 101248046 100918704 101881297 101886669);SuperNatural:(SN00260992)	3178514
3	1	N/A	-136.41850944360002	C11H18O4	[M - H2O + H]+	ZHNHBUOFMLNZNN	InChI=1S/C11H18O4/c1-2-3-4-5-6-8-7-9(10(12)13)11(14)15-8/h8-9H,2-7H2,1H3,(H,12,13)	null	CCCCCCC1CC(C(=O)O1)C(=O)O	3.5	10375946	COCONUT:(CNP0003551);HMDB:(30984);PubChem:(10375946);PubChem class - bio and metabolites	18874378
4	1	N/A	-144.2199507897112	C11H18O4	[M - H2O + H]+	FEFSWWMYJINUMK	InChI=1S/C11H18O4/c1-6(2)4-7(3)9-5-8(10(12)13)11(14)15-9/h6-9H,4-5H2,1-3H3,(H,12,13)	null	CC(C)CC(C)C1CC(C(=O)O1)C(=O)O	3.0999999	131751113	COCONUT:(CNP0081524);HMDB:(30986);PubChem:(131751113);PubChem class - bio and metabolites	18874378
5	1	N/A	-145.41950695218503	C11H18O4	[M - H2O + H]+	UYZBRJHRPDMUHS	InChI=1S/C11H18O4/c1-2-3-4-5-8-6-7-9(10(12)13)11(14)15-8/h8-9H,2-7H2,1H3,(H,12,13)	null	CCCCCC1CCC(C(=O)O1)C(=O)O	3.29999995	131751112	COCONUT:(CNP0003550);HMDB:(30985);PubChem:(131751112);PubChem class - bio and metabolites	18874378
6	1	N/A	-149.38319637485506	C11H18O4	[M - H2O + H]+	PRHYKPOPIDLQKJ	InChI=1S/C11H18O4/c12-10(13)8-6-4-2-1-3-5-7-9-11(14)15/h6,8H,1-5,7,9H2,(H,12,13)(H,14,15)	2-Undecenedioic acid	C(CCCC=CC(=O)O)CCCC(=O)O	2.49668002	15369586;54204136;59435158	COCONUT:(CNP0037679 CNP0326959);PubChem:(15369586 54204136 59435158);SuperNatural:(SN00028379);ZINC bio:(ZINC31154979);additional;Training Set	3694594
7	1	N/A	-153.41469685130687	C11H18O4	[M - H2O + H]+	NXWBVVHGBYZNPB	InChI=1S/C11H18O4/c1-9(11(14)15)7-5-3-2-4-6-8-10(12)13/h1-8H2,(H,12,13)(H,14,15)	2-methylidenedecanedioic acid	C=C(CCCCCCCC(=O)O)C(=O)O	2.70000005	19780591	COCONUT:(CNP0066380);PubChem:(19780591);SuperNatural:(SN00028380);ZINC bio:(ZINC31154984)	3153922
8	1	N/A	-154.8661986344999	C11H18O4	[M - H2O + H]+	XSZPDSCYNQJNEM	InChI=1S/C11H18O4/c1-9(2)4-7(12)5-10(3)11(9,14)6-8(13)15-10/h7,12,14H,4-6H2,1-3H3	(3aS)-3a,6-dihydroxy-4,4,7a-trimethyl-3,5,6,7-tetrahydro-1-benzofuran-2-one	CC1(CC(CC2(C1(CC(=O)O2)O)C)O)C	0.300000012	10910889;11063789;21776271;21776273	COCONUT:(CNP0255416);Natural Products:(UNPD99735 UNPD150367);PubChem:(10910889 11063789 21776271 21776273);SuperNatural:(SN00344770 SN00400893)	3178498
9	1	N/A	-157.01509480112193	C11H18O4	[M - H2O + H]+	WXOGMCJBJKIXPV	InChI=1S/C11H18O4/c1-2-3-4-5-6-9(11(14)15)7-8-10(12)13/h7H,2-6,8H2,1H3,(H,12,13)(H,14,15)	null	CCCCCCC(=CCC(=O)O)C(=O)O	2.70000005	101892999	PubChem:(101892999);COCONUT:(CNP0357245)	2097154
10	1	N/A	-159.9607496954053	C11H18O4	[M - H2O + H]+	YFIMUDXPJZVJJO	InChI=1S/C11H18O4/c1-3-4-5-9(12)10-6-8(14-2)7-11(13)15-10/h7,9-10,12H,3-6H2,1-2H3	Pestalotin	CCCCC(C1CC(=CC(=O)O1)OC)O	1.60000002	182201;12213834;12213835;12213837;11950824;101604681	COCONUT:(CNP0318493);KNApSAcK:(23987);Natural Products:(UNPD93253 UNPD78718);PubChem:(182201 12213834 12213835 12213837 11950824 101604681);SuperNatural:(SN00020829 SN00020830 SN00013724 SN00020831);ZINC bio:(ZINC05821894 ZINC14650040 ZINC14650042 ZINC14650044);additional;Training Set	3727378
11	1	N/A	-160.38437533748802	C11H18O4	[M - H2O + H]+	VRNXAQRALVPTGJ	InChI=1S/C11H18O4/c1-3-4-5-6-8-9(10(12)13)7(2)11(14)15-8/h7-9H,3-6H2,1-2H3,(H,12,13)	(2S,3S,4S)-4-Methyl-5-oxo-2-pentyloxolane-3-carboxylic acid	CCCCCC1C(C(C(=O)O1)C)C(=O)O	2.29999995	184105;10608666;10910888;11183480;11769842;13888653	COCONUT:(CNP0262217);MeSH:(184105);Natural Products:(UNPD183485);PubChem:(184105 10608666 10910888 11183480 11769842 13888653);PubMed	2129990
12	1	N/A	-161.09627255253963	C11H18O4	[M - H2O + H]+	PTYWKTSUOWGNCD	InChI=1S/C11H18O4/c1-2-3-4-5-9-6-8(7-10(12)13)11(14)15-9/h8-9H,2-7H2,1H3,(H,12,13)	2-(2-oxo-5-pentyloxolan-3-yl)acetic acid	CCCCCC1CC(C(=O)O1)CC(=O)O	2.0999999	1747656;1747657;1747658;1747659;3242755;7071241;7071242;6351072;6567901	COCONUT:(CNP0272993 CNP0360395);PubChem:(1747656 1747657 1747658 1747659 3242755 7071241 7071242 6351072 6567901);SuperNatural:(SN00066006 SN00051981 SN00066005 SN00051980);PubMed;ZINC bio:(ZINC02090517 ZINC02090520 ZINC04008273 ZINC04008274)	3153986
13	1	N/A	-164.9754476758267	C11H18O4	[M - H2O + H]+	HKMDCNSGDQBQLI	InChI=1S/C11H18O4/c1-3-4-5-6-7-9(11(14)15)8(2)10(12)13/h9H,2-7H2,1H3,(H,12,13)(H,14,15)	Hexylitaconic Acid	CCCCCCC(C(=C)C(=O)O)C(=O)O	2.9000001	11447214;23311559;25837746;25837749	COCONUT:(CNP0120310 CNP0150347);KNApSAcK:(46766);Natural Products:(UNPD199307 UNPD181343);PubChem:(11447214 23311559 25837746 25837749);SuperNatural:(SN00300360 SN00020512 SN00020511);ZINC bio:(ZINC13660164 ZINC13660167);MeSH:(11447214);PubMed	3186774
14	1	N/A	-184.46515050092333	C11H18O4	[M - H2O + H]+	YTUQECDNJQCQAE	InChI=1S/C11H18O4/c1-3-4-5-6-7-9(11(14)15)8(2)10(12)13/h7-8H,3-6H2,1-2H3,(H,12,13)(H,14,15)	(2Z)-2-hexylidene-3-methylbutanedioic acid	CCCCCC=C(C(C)C(=O)O)C(=O)O	2.70000005	486248;6476044;10513084;10512895;10584782;10585272;10585415;10489371;20842192;25241568;101071047;101071048;139069622;137628594	COCONUT:(CNP0068194 CNP0301093);Natural Products:(UNPD218258 UNPD146786 UNPD185786);PubChem:(486248 6476044 10513084 10512895 10584782 10585272 10585415 10489371 20842192 25241568 101071047 101071048 139069622 137628594);SuperNatural:(SN00382060 SN00309418 SN00143305);PubMed	3178562
15	1	N/A	-185.10630250392944	C11H18O4	[M - H2O + H]+	YLRALQSVMCXBSD	InChI=1S/C11H18O4/c1-3-14-10(12)8-6-5-7-9(8)11(13)15-4-2/h8-9H,3-7H2,1-2H3	Diethyl 1,2-cyclopentanedicarboxylate	CCOC(=O)C1CCCC1C(=O)OCC	1.70000005	121741;3021700;57377009;58416699	PubChem:(121741 3021700 57377009 58416699);NORMAN:(NS00004507)	262146
16	1	N/A	-185.48566864904294	C11H18O4	[M - H2O + H]+	HSKWKXQBYGPEEJ	InChI=1S/C11H18O4/c1-3-5-6-11(9(12)14-4-2)7-8-15-10(11)13/h3-8H2,1-2H3	ethyl 3-butyl-2-oxooxolane-3-carboxylate	CCCCC1(CCOC1=O)C(=O)OCC	2.5	253683;92225053;92225054	PubChem:(253683 92225053 92225054);PubChem class - safety and toxic	67108866
17	1	N/A	-185.9066706494964	C11H18O4	[M - H2O + H]+	VPNRLNAIVJHRND	InChI=1S/C11H18O4/c1-2-6-3-4-8-11(13)7(12)5-9(14-8)15-10(6)11/h6-10,12-13H,2-5H2,1H3	Agistatine B	CCC1CCC2C3(C1OC(O2)CC3O)O	0.400000006	10220007;22771242;51340314;73997977;71433626;101697728;101697729	COCONUT:(CNP0153556);Natural Products:(UNPD167363);PubChem:(10220007 22771242 51340314 73997977 71433626 101697728 101697729);SuperNatural:(SN00335545)	3178498
18	1	N/A	-189.2809245738261	C11H18O4	[M - H2O + H]+	VZWDUQQRRIRTCR	InChI=1S/C11H18O4/c1-9(2)10(3)4-5-11(9,8(14)15)7(13)6(10)12/h6-7,12-13H,4-5H2,1-3H3,(H,14,15)	(1R,2R,3S,4R)-2,3-dihydroxy-1,7,7-trimethylbicyclo[2.2.1]heptane-4-carboxylate	CC1(C2(CCC1(C(C2O)O)C(=O)O)C)C	1.0	8016127;11920933;11920934;11920935;11920936;18830200;16406790;25580687;98139565;98139566;98369144;98369145;99980252	COCONUT:(CNP0066967 CNP0275671);PubChem:(8016127 11920933 11920934 11920935 11920936 18830200 16406790 25580687 98139565 98139566 98369144 98369145 99980252);SuperNatural:(SN00101983 SN00101982);ZINC bio:(ZINC39850600 ZINC39850601)	3153922
19	1	N/A	-194.95458299798122	C11H18O4	[M - H2O + H]+	AJHWQYHJELJXSY	InChI=1S/C11H18O4/c1-9(10(12)13-3)5-4-6-11(2)14-7-8-15-11/h1,4-8H2,2-3H3	methyl 5-(2-methyl-1,3-dioxolan-2-yl)-2-methylidenepentanoate	CC1(OCCO1)CCCC(=C)C(=O)OC	1.5	4116413	PubChem:(4116413);PubChem class - safety and toxic	67108866
20	1	N/A	-198.7432845098959	C11H18O4	[M - H2O + H]+	OUPWULBQQGPQFX	InChI=1S/C11H18O4/c1-8-2-4-11(5-3-8,6-9(12)13)7-10(14)15/h8H,2-7H2,1H3,(H,12,13)(H,14,15)	Oprea1_395873	CC1CCC(CC1)(CC(=O)O)CC(=O)O	2.0999999	458125;7349624	PubChem class - safety and toxic;PubChem:(458125 7349624);PubMed	67108930
21	1	N/A	-201.43629872503143	C11H18O4	[M - H2O + H]+	CNYBMRLYVPIVMO	InChI=1S/C11H18O4/c1-5-9(14-6-2)11(13)8(4)7(3)10(12)15-11/h9,13H,5-6H2,1-4H3	null	CCC(C1(C(=C(C(=O)O1)C)C)O)OCC	1.71514046	""	COCONUT:(CNP0121176);Natural Products:(UNPD221922)	2129920
22	1	N/A	-202.23416842991688	C11H18O4	[M - H2O + H]+	HJPDHTDUPWGUHP	InChI=1S/C11H18O4/c1-8-3-2-4-11(5-8,6-9(12)13)7-10(14)15/h8H,2-7H2,1H3,(H,12,13)(H,14,15)	NCIStruc1_000310	CC1CCCC(C1)(CC(=O)O)CC(=O)O	2.0999999	220370;3246014;40492282	PubChem class - safety and toxic;PubChem:(220370 3246014 40492282);PubMed	67108930
23	1	N/A	-203.83304452176276	C11H18O4	[M - H2O + H]+	NAKRHRXBVSLQAO	InChI=1S/C11H18O4/c1-3-14-9(12)11(7-5-6-8-11)10(13)15-4-2/h3-8H2,1-2H3	Diethyl 1,1-cyclopentanedicarboxylate	CCOC(=O)C1(CCCC1)C(=O)OCC	2.29999995	77830;59608561;87449788;118229885;118229892	NORMAN:(NS00031033);PubChem class - safety and toxic;PubChem:(77830 59608561 87449788 118229885 118229892)	67371010
24	1	N/A	-204.9452087098296	C11H18O4	[M - H2O + H]+	ZWJRQBZCMYIWBQ	InChI=1S/C11H18O4/c1-8-3-5-11(14-8)6-4-9(15-11)7-10(12)13-2/h8-9H,3-7H2,1-2H3	null	CC1CCC2(O1)CCC(O2)CC(=O)OC	1.72493732	""	COCONUT:(CNP0297930);Natural Products:(UNPD87977);SuperNatural:(SN00286621)	3178496
25	1	N/A	-210.707226554218	C11H18O4	[M - H2O + H]+	QABJRPWOBYCMBO	InChI=1S/C11H18O4/c12-10-6-4-2-1-3-5-7-11(13)15-9-8-14-10/h1-9H2	Ethylene azelate	C1CCCC(=O)OCCOC(=O)CCC1	2.0	199588	COCONUT:(CNP0319407);PubChem class - safety and toxic;PubChem:(199588);SuperNatural:(SN00067360);ZINC bio:(ZINC04026271)	70262786
26	1	N/A	-210.87763394606387	C11H18O4	[M - H2O + H]+	XFLACBVNBXGJKW	InChI=1S/C11H18O4/c12-9(13)7-11(8-10(14)15)5-3-1-2-4-6-11/h1-8H2,(H,12,13)(H,14,15)	2-[1-(carboxymethyl)cycloheptyl]acetic Acid	C1CCCC(CC1)(CC(=O)O)CC(=O)O	2.4000001	3537895	PubChem:(3537895);PubChem class - safety and toxic	67108866
27	1	N/A	-219.76471308499865	C11H18O4	[M - H2O + H]+	HZXMLBSUEZTYHZ	InChI=1S/C11H18O4/c12-10(13)6-7-11(14)15-8-9-4-2-1-3-5-9/h9H,1-8H2,(H,12,13)	Oprea1_245838	C1CCC(CC1)COC(=O)CCC(=O)O	1.89999998	879026;6952721	COCONUT:(CNP0071019);PubChem:(879026 6952721);PubMed	2097218
28	1	N/A	-222.49978156845376	C11H18O4	[M - H2O + H]+	CWGGTBZQRNZEEF	InChI=1S/C11H18O4/c1-5-8-11(4,9(12)14-6-2)10(13)15-7-3/h5H,1,6-8H2,2-4H3	diethyl 2-methyl-2-prop-2-enylpropanedioate	CCOC(=O)C(C)(CC=C)C(=O)OCC	2.4000001	4383937;10703990	PubChem:(4383937 10703990);PubChem class - safety and toxic	67108866
29	1	N/A	-222.52203097288728	C11H18O4	[M - H2O + H]+	YXVYDRRQLYLXJF	InChI=1S/C11H18O4/c1-11(2)7-14-9(12)5-3-4-6-10(13)15-8-11/h3-8H2,1-2H3	3,3-Dimethyl-1,5-dioxacycloundecane-6,11-dione	CC1(COC(=O)CCCCC(=O)OC1)C	1.60000002	44146823	PubChem:(44146823);NORMAN:(NS00040084)	262146
30	1	N/A	-223.67211869144137	C11H18O4	[M - H2O + H]+	VRPFJYGFBAJGLE	InChI=1S/C11H18O4/c1-8(10(13)15-4)6-5-7-11(3,14)9(2)12/h5-7,9,12,14H,1-4H3	Citreodiol	CC(C(C)(C=CC=C(C)C(=O)OC)O)O	0.699999988	179748;6442412;44477651;56649850;101416437;139587053	COCONUT:(CNP0302508);KNApSAcK:(10284);Natural Products:(UNPD45802 UNPD156165);PubChem:(179748 6442412 44477651 56649850 101416437 139587053);SuperNatural:(SN00367336 SN00276470);MeSH:(6442412 44477651);PubMed	3178582
31	1	N/A	-224.77359892059758	C11H18O4	[M - H2O + H]+	WJXPLOWQFLHVGE	InChI=1S/C11H18O4/c1-6(2)7-4-5-11(3,10(14)15)8(7)9(12)13/h6-8H,4-5H2,1-3H3,(H,12,13)(H,14,15)	1,2-Cyclopentanedicarboxylic acid, 1-methyl-3-(1-methylethyl)-	CC(C)C1CCC(C1C(=O)O)(C)C(=O)O	1.89999998	71369879	COCONUT:(CNP0289613);KNApSAcK:(11534);Natural Products:(UNPD178524);PubChem:(71369879);SuperNatural:(SN00378619)	3178514
32	1	N/A	-225.2656900713511	C11H18O4	[M - H2O + H]+	TYFWYGHIIXLYGV	InChI=1S/C11H18O4/c1-3-5-6-7-8-14-11(13)9-15-10(12)4-2/h4H,2-3,5-9H2,1H3	null	CCCCCCOC(=O)COC(=O)C=C	2.74030137	""	COCONUT:(CNP0197520);Natural Products:(UNPD124284);SuperNatural:(SN00306717)	3178496
33	1	N/A	-230.1413272225076	C11H18O4	[M - H2O + H]+	WYYSEKAAKFGNSL	InChI=1S/C11H18O4/c1-9(2)10(3,7(12)13)5-6-11(9,4)8(14)15/h5-6H2,1-4H3,(H,12,13)(H,14,15)	1,2,2,3-tetramethylcyclopentane-1,3-dicarboxylic Acid	CC1(C(CCC1(C)C(=O)O)(C)C(=O)O)C	1.70000005	198489;4729407;6338051;124324307	PubChem:(198489 4729407 6338051 124324307);NORMAN:(NS00035861)	262146
34	1	N/A	-231.58341887082278	C11H18O4	[M - H2O + H]+	RXWSBWAEIRXXDN	InChI=1S/C11H18O4/c1-3-14-8-6-7-4-5-11(2,13)9(7)10(12)15-8/h7-9,13H,3-6H2,1-2H3	null	CCOC1CC2CCC(C2C(=O)O1)(C)O	0.899999976	10584730	COCONUT:(CNP0193462);Natural Products:(UNPD101503);PubChem:(10584730);SuperNatural:(SN00260093)	3178498
35	1	N/A	-234.77431678747192	C11H18O4	[M - H2O + H]+	NINCXQRSQVSCLG	InChI=1S/C11H18O4/c1-3-4-5-6-11(13-2)7-8-9(14-8)10(12)15-11/h8-9H,3-7H2,1-2H3	null	CCCCCC1(CC2C(O2)C(=O)O1)OC	2.20000005	139583738	PubChem:(139583738);COCONUT:(CNP0354212)	2097154
36	1	N/A	-235.43180884713138	C11H18O4	[M - H2O + H]+	XTZATOSHIQEMFD	InChI=1S/C11H18O4/c1-2-3-5-15-11(13)7-9-8-14-6-4-10(9)12/h9H,2-8H2,1H3	null	CCCCOC(=O)CC1COCCC1=O	0.600000024	91416453	COCONUT:(CNP0251023);Natural Products:(UNPD31871);PubChem:(91416453);SuperNatural:(SN00254655);PubMed	3178562
37	1	N/A	-241.7110763551357	C11H18O4	[M - H2O + H]+	ARXPTSNBVAKGCE	InChI=1S/C11H18O4/c1-2-3-4-5-10(12)14-7-9-6-11(13)15-8-9/h9H,2-8H2,1H3	null	CCCCCC(=O)OCC1CC(=O)OC1	1.89999998	124873321;124873322;128964465	COCONUT:(CNP0086956);Training Set;PubChem:(124873321 124873322 128964465)	2113538
38	1	N/A	-245.45748689722438	C11H18O4	[M - H2O + H]+	PRYGJUVRMNIDAI	InChI=1S/C11H18O4/c1-8(14-9(2)12)11(13)15-10-6-4-3-5-7-10/h8,10H,3-7H2,1-2H3	cyclohexyl 2-acetyloxypropanoate	CC(C(=O)OC1CCCCC1)OC(=O)C	2.20000005	101147	PubChem:(101147);PubChem class - safety and toxic	67108866
39	1	N/A	-246.6554082546562	C11H18O4	[M - H2O + H]+	QRRLJOPJLWRZQP	InChI=1S/C11H18O4/c1-4-13-9(12)10(3)11(15-10)5-6-14-8(2)7-11/h8H,4-7H2,1-3H3	ethyl 1,7-dimethyl-2,6-dioxaspiro[2.5]octane-1-carboxylate	CCOC(=O)C1(C2(O1)CCOC(C2)C)C	1.0	1747853;793361;3115869;7074785;7074786;6543232;6567937;25420568	COCONUT:(CNP0160305);PubChem:(1747853 793361 3115869 7074785 7074786 6543232 6567937 25420568);SuperNatural:(SN00044685 SN00066256 SN00066255 SN00066254);ZINC bio:(ZINC00295451 ZINC04023292 ZINC04023293 ZINC04023294)	3153922
40	1	N/A	-250.9052949958026	C11H18O4	[M - H2O + H]+	JTNQIAWUXFOHFQ	InChI=1S/C11H18O4/c1-6-9(14-8(2)12)7-10(13)15-11(3,4)5/h6,9H,1,7H2,2-5H3	null	CC(=O)OC(CC(=O)OC(C)(C)C)C=C	1.60000002	10976816;85353008;118075337	PubChem:(10976816 85353008 118075337);PubChem class - safety and toxic	67108866
41	1	N/A	-254.13551822798297	C11H18O4	[M - H2O + H]+	ICPQFQAABAQGLG	InChI=1S/C11H18O4/c1-3-5-10(12)13-7-9-8-14-11(15-9)6-4-2/h4,6,9,11H,3,5,7-8H2,1-2H3	(2-(1-Propenyl)-1,3-dioxolan-4-yl)methyl butyrate	CCCC(=O)OCC1COC(O1)C=CC	1.5	11970496;20846315;71437562	PubChem:(11970496 20846315 71437562);NORMAN:(NS00058136)	262146
42	1	N/A	-265.81411052892395	C11H18O4	[M - H2O + H]+	YDZGIHHZMNNFMM	InChI=1S/C11H18O4/c1-7(6-12)5-10(3)9(13)11(4,14)8(2)15-10/h5-6,8-9,13-14H,1-4H3	Citreoviral	CC1C(C(C(O1)(C)C=C(C)C=O)O)(C)O	-0.400000006	401766;5471937;6442339;6520640;10262673;11378891;44517932;101207177	COCONUT:(CNP0303102);Natural Products:(UNPD87263);PubChem:(401766 5471937 6442339 6520640 10262673 11378891 44517932 101207177);SuperNatural:(SN00391523);EcoCyc Mine;MeSH:(6442339);PubMed;KEGG Mine	25772982342
43	1	N/A	-266.6843183716737	C11H18O4	[M - H2O + H]+	KYKASJGYHIMHKE	InChI=1S/C11H18O4/c1-7-5-11(6-8(7)2,9(12)14-3)10(13)15-4/h7-8H,5-6H2,1-4H3	Dimethyl (3R,4R)-3,4-dimethylcyclopentane-1,1-dicarboxylate	CC1CC(CC1C)(C(=O)OC)C(=O)OC	2.0999999	11413232;54020221;131877079	MeSH:(54020221);PubChem:(11413232 54020221 131877079);PubMed	70
44	1	N/A	-288.57034454675403	C11H18O4	[M - H2O + H]+	CNHMFZIFLREWPF	InChI=1S/C11H18O4/c1-10(2)7(8(12)13)5-6-11(10,3)9(14)15-4/h7H,5-6H2,1-4H3,(H,12,13)	Maybridge1_004255	CC1(C(CCC1(C)C(=O)OC)C(=O)O)C	1.70000005	168502;736665;736666;736667;3504282;2736737;6932367;6932368;6932369;6932370;16395377	NORMAN:(NS00034539);COCONUT:(CNP0128009 CNP0226129);PubChem:(168502 736665 736666 736667 3504282 2736737 6932367 6932368 6932369 6932370 16395377);SuperNatural:(SN00101411 SN00101412);ZINC bio:(ZINC38193000 ZINC38193003);MeSH:(168502);PubMed	3416134
45	1	N/A	-307.6452662401461	C11H18O4	[M - H2O + H]+	VFNNTVXOZWMVGX	InChI=1S/C11H18O4/c1-10(2)7(8(12)15-4)5-6-11(10,3)9(13)14/h7H,5-6H2,1-4H3,(H,13,14)	Maybridge1_004299	CC1(C(CCC1(C)C(=O)O)C(=O)OC)C	1.70000005	736663;736661;736662;736664;274491;3753310;6932363;6932364;6932365;6932366;16396107;70026722	COCONUT:(CNP0060990 CNP0364367);PubChem:(736663 736661 736662 736664 274491 3753310 6932363 6932364 6932365 6932366 16396107 70026722);SuperNatural:(SN00101410 SN00101409);ZINC bio:(ZINC38192996 ZINC38192998)	3153922
46	1	N/A	-321.7211059290123	C11H18O4	[M - H2O + H]+	ZGFLIUWPBKNDJY	InChI=1S/C11H18O4/c1-7(12)15-8-5-10(2,3)9(13)11(4,14)6-8/h8,14H,5-6H2,1-4H3	null	CC(=O)OC1CC(C(=O)C(C1)(C)O)(C)C	1.24201453	""	COCONUT:(CNP0125722);Natural Products:(UNPD46462);SuperNatural:(SN00311526)	3178496