structureRankPerFormula	formulaRank	ConfidenceScore	CSI:FingerIDScore	molecularFormula	adduct	InChIkey2D	InChI	name	smiles	xlogp	pubchemids	links	dbflags
1	1	N/A	-662.1119277832172	C14H18N2O5S2	[M - H2O + H]+	HOBCRCKGTLSCDB	InChI=1S/C14H18N2O5S2/c1-7-6-23-12(16-10(7)13(18)19)11(14(20)21)15-9(17)5-8-3-2-4-22-8/h2-4,7,10-12,16H,5-6H2,1H3,(H,15,17)(H,18,19)(H,20,21)	null	CC1CSC(NC1C(=O)O)C(C(=O)O)NC(=O)CC2=CC=CS2	-1.20000005	122706709	PubChem:(122706709);PubChem class - bio and metabolites	16777218
2	1	N/A	-723.5319412872469	C14H18N2O5S2	[M - H2O + H]+	PTXXDIOVHKOXFS	InChI=1S/C14H18N2O5S2/c1-21-11-2-3-13-12(8-11)10(9-16-13)4-6-15-14(17)5-7-22-23(18,19)20/h2-3,8-9,16H,4-7H2,1H3,(H,15,17)(H,18,19,20)	5-methoxy-3-[2-(3-sulfosulfanylpropanoylamino)ethyl]-1H-indole	COC1=CC2=C(C=C1)NC=C2CCNC(=O)CCSS(=O)(=O)O	1.11538851	1788277;3137651	COCONUT:(CNP0364535);PubChem:(1788277 3137651);ZINC bio:(ZINC02132907)	2105346
3	1	N/A	-733.1251281953388	C14H18N2O5S2	[M - H2O + H]+	KGFMURPIPFDQJR	InChI=1S/C14H18N2O5S2/c1-10(16-14(17)21-6-7-22-23(18,19)20)8-11-9-15-13-5-3-2-4-12(11)13/h2-5,9-10,15H,6-8H2,1H3,(H,16,17)(H,18,19,20)	3-[2-(2-sulfosulfanylethoxycarbonylamino)propyl]-1H-indole	CC(CC1=CNC2=CC=CC=C21)NC(=O)OCCSS(=O)(=O)O	1.79999995	1674919;1674920;2827430;3361501	COCONUT:(CNP0364577);PubChem:(1674919 1674920 2827430 3361501);ZINC bio:(ZINC01951062 ZINC01951063)	2105346
4	1	N/A	-756.4351322445036	C14H18N2O5S2	[M - H2O + H]+	KCBKIGMCAIIOJP	InChI=1S/C14H18N2O5S2/c1-7-6-23-12(16-10(7)13(18)19)11(14(20)21)15-9(17)5-8-3-2-4-22-8/h8,11-12H,1-6H2,(H,15,17)(H,18,19)(H,20,21)	(2R)-2-[(R)-carboxy-[[2-(thiolan-2-yl)acetyl]amino]methyl]-5-methylidene-2H-1,3-thiazine-4-carboxylic acid	C=C1CSC(N=C1C(=O)O)C(C(=O)O)NC(=O)CC2CCCS2	0.600000024	11987652	PubChem:(11987652);PubChem class - bio and metabolites	16777218
1	1	N/A	-250.7395279239456	C14H16N2O4S2	[M + H]+	CVRIWLRSJCDOOX	InChI=1S/C14H16N2O4S2/c1-11-3-7-13(8-4-11)21(17,18)15-16-22(19,20)14-9-5-12(2)6-10-14/h3-10,15-16H,1-2H3	1,2-Ditosylhydrazine	CC1=CC=C(C=C1)S(=O)(=O)NNS(=O)(=O)C2=CC=C(C=C2)C	2.5	301521	PubChem class - safety and toxic;PubChem:(301521);PubMed	67108930
2	1	N/A	-260.3134385447208	C14H16N2O4S2	[M + H]+	MNWWPCXFYMPQSJ	InChI=1S/C14H16N2O4S2/c17-21(18,13-7-3-1-4-8-13)15-11-12-16-22(19,20)14-9-5-2-6-10-14/h1-10,15-16H,11-12H2	CBMicro_015327	C1=CC=C(C=C1)S(=O)(=O)NCCNS(=O)(=O)C2=CC=CC=C2	1.5	72892	PubChem class - safety and toxic;PubChem:(72892);PubMed	67108930
3	1	N/A	-316.8718039156096	C14H16N2O4S2	[M + H]+	FRKKVEILBUJQEF	InChI=1S/C14H16N2O4S2/c17-14(9-21)16-8-7-15-12-5-1-4-11-10(12)3-2-6-13(11)22(18,19)20/h1-6,15,21H,7-9H2,(H,16,17)(H,18,19,20)	null	C1=CC2=C(C=CC=C2S(=O)(=O)O)C(=C1)NCCNC(=O)CS	1.5	53814555	PubChem:(53814555);PubChem class - bio and metabolites	16777218
4	1	N/A	-440.6349326682502	C14H16N2O4S2	[M + H]+	SFVACKBZMIZHCK	InChI=1S/C14H16N2O4S2/c1-8-7-22-13(16-12(8)14(19)20)10(6-17)15-11(18)5-9-3-2-4-21-9/h2-4,6,10,13,16H,5,7H2,1H3,(H,15,18)(H,19,20)	5-methyl-2-{2-oxo-1-[(thiophen-2-ylacetyl)amino]ethyl}-3,6-dihydro-2H-1,3-thiazine-4-carboxylic acid	CC1=C(NC(SC1)C(C=O)NC(=O)CC2=CC=CS2)C(=O)O	1.0	2667;5287902;57484521	COCONUT:(CNP0033174);PubChem:(2667 5287902 57484521);PubMed;PubChem class - bio and metabolites	18874434
5	1	N/A	-503.96834419146734	C14H16N2O4S2	[M + H]+	QDYYGTYFXYQFMT	InChI=1S/C14H16N2O4S2/c17-9-7-8(21)12(18)15(9)5-3-1-2-4-6-16-13(19)10-11(22-10)14(16)20/h7,10-11,21H,1-6H2	null	C1=C(C(=O)N(C1=O)CCCCCCN2C(=O)C3C(C2=O)S3)S	0.899999976	71571538;71571539	PubChem:(71571538 71571539);PubChem class - bio and metabolites	16777218
6	1	N/A	-505.5356044348006	C14H16N2O4S2	[M + H]+	VFXXRKZTIHQMHK	InChI=1S/C14H16N2O4S2/c1-8-7-22-13(16-12(8)14(19)20)10(6-17)15-11(18)5-9-3-2-4-21-9/h2-4,6,8,10,13H,5,7H2,1H3,(H,15,18)(H,19,20)	null	CC1CSC(N=C1C(=O)O)C(C=O)NC(=O)CC2=CC=CS2	0.800000012	137551960	PubChem:(137551960);PubChem class - bio and metabolites	16777218
7	1	N/A	-506.46513969960273	C14H16N2O4S2	[M + H]+	OBXTZKQLXVIPIC	InChI=1S/C14H16N2O4S2/c1-8-7-22-13(16-12(8)14(19)20)10(6-17)15-11(18)5-9-3-2-4-21-9/h3,6,10,13H,1-2,4-5,7H2,(H,15,18)(H,19,20)	null	C=C1CSC(N=C1C(=O)O)C(C=O)NC(=O)CC2=CCCS2	0.400000006	53339026	PubChem:(53339026);PubChem class - bio and metabolites	16777218
8	1	N/A	-522.9591985294635	C14H16N2O4S2	[M + H]+	GTBCXYYVWHFQRS	InChI=1S/C14H16N2O4S2/c1-10(21-22-11-4-2-3-9-15-11)5-8-14(19)20-16-12(17)6-7-13(16)18/h2-4,9-10H,5-8H2,1H3	2,5-Pyrrolidinedione, 1-[[1-oxo-4-(2-pyridinyldithio)pentyl]oxy]-	CC(CCC(=O)ON1C(=O)CCC1=O)SSC2=CC=CC=N2	1.5	11588139;98232345;98232346	PubChem:(11588139 98232345 98232346);PubChem class - safety and toxic	67108866
1	2	0.5299783098904112	-225.77102342148825	C11H20N2O4S3	[M + H]+	IIHBKTCHILXGOT	InChI=1S/C11H20N2O4S3/c1-8(14)13-9(10(15)16)7-19-11(18)12-5-3-4-6-20(2)17/h9H,3-7H2,1-2H3,(H,12,18)(H,13,14)(H,15,16)	Sulforaphane NAC	CC(=O)NC(CSC(=S)NCCCCS(=O)C)C(=O)O	-0.200000003	29987146;29987149;29987152;29987154;45040443;46782962;71752290;71772353;131847099	COCONUT;HMDB:(61113);PubChem:(29987146 29987149 29987152 29987154 45040443 46782962 71752290 71772353 131847099);additional;PubChem class - bio and metabolites;Training Set;PubMed	19415114