structureRankPerFormula	formulaRank	ConfidenceScore	CSI:FingerIDScore	molecularFormula	adduct	InChIkey2D	InChI	name	smiles	xlogp	pubchemids	links	dbflags
1	1	0.7563464079638956	-6.936563751680821	C11H15N5O3S	[M + H]+	WUUGFSXJNOTRMR	InChI=1S/C11H15N5O3S/c1-20-2-5-7(17)8(18)11(19-5)16-4-15-6-9(12)13-3-14-10(6)16/h3-5,7-8,11,17-18H,2H2,1H3,(H2,12,13,14)	Vitamin L2	CSCC1C(C(C(O1)N2C=NC3=C(N=CN=C32)N)O)O	-0.807151794	149;99302;688097;439176;453683;13101165;13101166;15939259;25322898;46874793;57104771;59099797;58682801;58108938;91614589;98100246;124300729;124300795;134694842;138107656	HMDB:(1173);SuperNatural:(SN00036172 SN00036174 SN00322908 SN00036175 SN00036173 SN00008121);ZINC bio:(ZINC03869319 ZINC03869320 ZINC03869321 ZINC03869322 ZINC04228245);additional;MeSH:(149 99302 439176 453683);Plantcyc:(5-METHYLTHIOADENOSINE CPD4FS-4 CPDQT-42);PubMed;NORMAN:(NS00014568);COCONUT:(CNP0141020);Natural Products:(UNPD27064 UNPD190794);PubChem:(149 99302 688097 439176 453683 13101165 13101166 15939259 25322898 46874793 57104771 59099797 58682801 58108938 91614589 98100246 124300729 124300795 134694842 138107656);CHEBI:(17509);PubChem class - bio and metabolites;KEGG:(C00170);PubChem class - safety and toxic;YMDB:(178);Training Set;PubChem class - drug;Biocyc:(5-METHYLTHIOADENOSINE CPD-18501)	121629038
2	1	N/A	-355.76763482095083	C11H15N5O3S	[M + H]+	MKHSXTZLSSHHQZ	InChI=1S/C11H15N5O3S/c1-20-2-4-8(17)9(18)10(19-4)6-5-7(16-15-6)11(12)14-3-13-5/h3-4,8-10,17-18H,2H2,1H3,(H,15,16)(H2,12,13,14)	5''-methylthioformycin	CSCC1C(C(C(O1)C2=C3C(=NN2)C(=NC=N3)N)O)O	-1.5	130256;656427;11779374	MeSH:(11779374);PubChem:(130256 656427 11779374);PubMed;Biocyc:(5-METHYLTHIOFORMYCIN);PubChem class - bio and metabolites	16779334
3	1	N/A	-359.08038928263386	C11H15N5O3S	[M + H]+	JFXDHZJSWZPYOX	InChI=1S/C11H15N5O3S/c12-11-14-9-8(10(20)15-11)13-4-16(9)7-1-5(2-17)6(3-18)19-7/h4-7,17-18H,1-3H2,(H3,12,14,15,20)	6-Thioguanine-alpha-2,3-dideoxy-3-(hydroxymethyl)-D-erythro-pentafuranose	C1C(C(OC1N2C=NC3=C2NC(=NC3=S)N)CO)CO	-0.200025558	3037219;23568330	MeSH:(3037219);PubChem:(3037219 23568330);PubMed	70
4	1	N/A	-701.8546122461333	C11H15N5O3S	[M + H]+	IVFQAGGZCNPLAS	InChI=1S/C11H15N5O3S/c1-15(2)10(17)9(20-4)14-19-11(18)16(3)6-8-5-12-7-13-8/h5-7H,1-4H3	null	CN(C)C(=O)C(=NOC(=O)N(C)C=C1C=NC=N1)SC	0.300000012	71676618;95242524	COCONUT:(CNP0032788);PubChem:(71676618 95242524);SuperNatural:(SN00142738);ZINC bio:(ZINC68604248)	3153922
5	1	N/A	-723.0014826044977	C11H15N5O3S	[M + H]+	PXBKTZYLYWNMGL	InChI=1S/C11H15N5O3S/c1-14-4-6-15(7-5-14)11(20)13-12-8-9-2-3-10(19-9)16(17)18/h2-3,8H,4-7H2,1H3,(H,13,20)	4-Methyl-1-piperazinecarbothioic acid (5-nitrofurfurylidene)hydrazide	CN1CCN(CC1)C(=S)NN=CC2=CC=C(O2)[N+](=O)[O-]	1.40252304	6444638;9578411;101276123	PubChem class - safety and toxic;PubChem:(6444638 9578411 101276123);PubMed	67108930
1	1	N/A	-531.6019778782215	C11H17N5O4S	[M - H2O + H]+	VAXBEGYAFJOXBG	InChI=1S/C11H17N5O4S/c1-15-3-16(8-5(15)9(21)14-11(12)13-8)10-7(19)6(18)4(2-17)20-10/h4,6-7,10,17-19H,2-3H2,1H3,(H3,12,13,14,21)	1H-Purinium,2-amino-6,9-dihydro-7-methyl-9-b-D-ribofuranosyl-6-thioxo-, inner salt	CN1CN(C2=C1C(=S)N=C(N2)N)C3C(C(C(O3)CO)O)O	-1.70000005	6102683;22259211;46876775	PubChem:(6102683 22259211 46876775);PubMed;PubChem class - bio and metabolites	16777282