formulaRank	molecularFormula	adduct	precursorFormula	ZodiacScore	SiriusScore	TreeScore	IsotopeScore	numExplainedPeaks	explainedIntensity	medianMassErrorFragmentPeaks(ppm)	medianAbsoluteMassErrorFragmentPeaks(ppm)	massErrorPrecursor(ppm)	lipidClass
1	C6H5Cl3O	[M + K]+	C6H5Cl3O	0.4120603015075377	-0.6094379124341003	-0.6094379124341003	0.0	1	0.0	NaN	NaN	3.774007430718041	
2	C6H3BrN2O	[M + K]+	C6H3BrN2O	0.4090452261306533	-0.6094379124341003	-0.6094379124341003	0.0	1	0.0	NaN	NaN	-5.83743751139767	
3	C3Cl3F5	[M + H]+	C3Cl3F5	0.09045226130653268	-2.2188758248682006	-2.2188758248682006	0.0	1	0.0	NaN	NaN	-5.06782830360948	
4	C5H2BrClN2O2	[M + H]+	C5H2BrClN2O2	0.08844221105527639	-2.2188758248682006	-2.2188758248682006	0.0	1	0.0	NaN	NaN	-6.09332104934971	
