structureRankPerFormula	formulaRank	ConfidenceScore	CSI:FingerIDScore	molecularFormula	adduct	InChIkey2D	InChI	name	smiles	xlogp	pubchemids	links	dbflags
1	1	N/A	-140.41075818546497	C4H10N2O4	[M - H2O + H]+	USGVMGIFCLHDGU	InChI=1S/C4H10N2O4/c5-2(1-3(6)7)4(8,9)10/h2,8-10H,1,5H2,(H2,6,7)	null	C(C(C(O)(O)O)N)C(=O)N	-3.79999995	137349083	PubChem:(137349083);PubChem class - bio and metabolites	16777218
2	1	N/A	-299.0934752614609	C4H10N2O4	[M - H2O + H]+	XJBNELXWSXDUFP	InChI=1S/C4H10N2O4/c7-1-5-4(10)6(2-8)3-9/h7-9H,1-3H2,(H,5,10)	Tris(hydroxymethyl)urea	C(NC(=O)N(CO)CO)O	-2.20000005	83348	NORMAN:(NS00024275);PubChem:(83348);PubMed	262210
1	1	0.9795784774519444	-0.8972348507659632	C4H8N2O3	[M + H]+	DCXYFEDJOCDNAF	InChI=1S/C4H8N2O3/c5-2(4(8)9)1-3(6)7/h2H,1,5H2,(H2,6,7)(H,8,9)	agedoite	C(C(C(=O)O)N)C(=O)N	-2.25158358	236;6267;439600;4333740;5247114;5460880;5460874;5460875;5460877;5460878;5460881;6991971;6992089;16213309;16213311;16213450;16217343;16217399;16217568;16217723;16217724;53753695;58203004;71309330;71309891;87528072;88447182;91065355;101916026;122227568;124202806;131667586;134231473;136814877;138112706	HMDB:(168 33780);PubChem class - food;SuperNatural:(SN00002221 SN00156119);ZINC bio:(ZINC01529313 ZINC01532556);additional;HSDB:(70-47-3);MeSH:(236 6267 6992089);Plantcyc:(ASN B-DIDO-HEX-1:5_6:A CPD-3633);PubMed;NORMAN:(NS00002372);COCONUT:(CNP0405192 CNP0267849);KNApSAcK:(1341);Natural Products:(UNPD141469 UNPD81200);PubChem:(236 6267 439600 4333740 5247114 5460880 5460874 5460875 5460877 5460878 5460881 6991971 6992089 16213309 16213311 16213450 16217343 16217399 16217568 16217723 16217724 53753695 58203004 71309330 71309891 87528072 88447182 91065355 101916026 122227568 124202806 131667586 134231473 136814877 138112706);CHEBI:(32660 32651 28159 17196 74337 32661 32657 32656 22653 58048 32650);PubChem class - bio and metabolites;KEGG:(C00152 C01905 C16438);PubChem class - safety and toxic;YMDB:(849 226);Training Set;PubChem class - drug;Biocyc:(ASN CPD-3633)	255847294
2	1	N/A	-130.392193237769	C4H8N2O3	[M + H]+	PMLJIHNCYNOQEQ	InChI=1S/C4H8N2O3/c5-2(4(6)9)1-3(7)8/h2H,1,5H2,(H2,6,9)(H,7,8)	Isoasparagine	C(C(C(=O)N)N)C(=O)O	-4.5	352913;7015701;7015702;6993154;6993155	COCONUT:(CNP0177552);Natural Products:(UNPD151149);PubChem:(352913 7015701 7015702 6993154 6993155);SuperNatural:(SN00373505);YMDB Mine;CHEBI:(49010 49011 21248);ZINC bio:(ZINC01607276 ZINC02516163);PubChem class - bio and metabolites;EcoCyc Mine;PubMed;KEGG Mine	60149506146
3	1	N/A	-157.11195279396713	C4H8N2O3	[M + H]+	VJGQHMAKHZCYRV	InChI=1S/C4H8N2O3/c5-3(4(8)9)1-6-2-7/h2-3H,1,5H2,(H,6,7)(H,8,9)	null	C(C(C(=O)O)N)NC=O	-4.0	54394938;118264377;137347885	PubChem:(54394938 118264377 137347885);KEGG Mine;PubChem class - bio and metabolites	8606711810
4	1	N/A	-192.34902320604303	C4H8N2O3	[M + H]+	BOEOBKSOOCDYCH	InChI=1S/C4H8N2O3/c5-1-3(4(8)9)6-2-7/h2-3H,1,5H2,(H,6,7)(H,8,9)	null	C(C(C(=O)O)NC=O)N	-4.0	137347857	PubChem:(137347857);PubChem class - bio and metabolites	16777218
5	1	N/A	-203.86472523927264	C4H8N2O3	[M + H]+	YMAWOPBAYDPSLA	InChI=1S/C4H8N2O3/c5-1-3(7)6-2-4(8)9/h1-2,5H2,(H,6,7)(H,8,9)	Diglycine	C(C(=O)NCC(=O)O)N	-2.10370541	11163;1548897;22558288;23278168;54515354;71309412;71309816;88322631;102124520;101273898;101273899;101273900;101273901;101273902;101273903;101273904;101273905;101273906;101273907;101273908;101273909;101273910;101273911;102379420;102379421;102407638	HMDB:(11733);ZINC bio:(ZINC05112515 ZINC18995754);additional;MeSH:(11163);PubMed;NORMAN:(NS00013721);COCONUT:(CNP0355149);Natural Products:(UNPD95529);PubChem:(11163 1548897 22558288 23278168 54515354 71309412 71309816 88322631 102124520 101273898 101273899 101273900 101273901 101273902 101273903 101273904 101273905 101273906 101273907 101273908 101273909 101273910 101273911 102379420 102379421 102407638);CHEBI:(17201 356445);PubChem class - bio and metabolites;EcoCyc Mine;KEGG:(C02037);PubChem class - safety and toxic;Training Set;Biocyc:(GLYCYLGLYCINE)	17266698606
6	1	N/A	-209.5201169813625	C4H8N2O3	[M + H]+	LUSWEUMSEVLFEQ	InChI=1S/C4H8N2O3/c1-2(3(7)8)6-4(5)9/h2H,1H3,(H,7,8)(H3,5,6,9)	Oprea1_557837	CC(C(=O)O)NC(=O)N	-1.0	1535935;1535936;426409;6988658;6988659;21322469;129669105	COCONUT:(CNP0063781 CNP0369812);PubChem:(1535935 1535936 426409 6988658 6988659 21322469 129669105);SuperNatural:(SN00050454);YMDB Mine;ZINC bio:(ZINC01464312 ZINC01464313);PubChem class - bio and metabolites;EcoCyc Mine;PubMed;Biocyc:(2-UREIDO-PROPIONATE);KEGG Mine	60149475394
7	1	N/A	-218.4693493904685	C4H8N2O3	[M + H]+	JSJWCHRYRHKBBW	InChI=1S/C4H8N2O3/c5-4(9)6-2-1-3(7)8/h1-2H2,(H,7,8)(H3,5,6,9)	bmse000333	C(CNC(=O)N)C(=O)O	-1.5	111;10630540;6971254	HMDB:(26 62812);SuperNatural:(SN00215710);ZINC bio:(ZINC00901431);additional;MeSH:(111);Plantcyc:(3-UREIDO-PROPIONATE);PubMed;NORMAN:(NS00014735);COCONUT:(CNP0222470 CNP0350035);PubChem:(111 10630540 6971254);YMDB Mine;CHEBI:(18261 11892);PubChem class - bio and metabolites;EcoCyc Mine;KEGG:(C02642);PubChem class - safety and toxic;Training Set;Biocyc:(3-UREIDO-PROPIONATE)	51627583854
8	1	N/A	-222.46726687034905	C4H8N2O3	[M + H]+	YTMCUIACOKRXQA	InChI=1S/C4H8N2O3/c5-1-3(7)9-4(8)2-6/h1-2,5-6H2	Glycine, anhydride	C(C(=O)OC(=O)CN)N	-1.89999998	20177;57461688	NORMAN:(NS00048987);PubChem:(20177 57461688);PubMed	262210
9	1	N/A	-224.282770646259	C4H8N2O3	[M + H]+	CUSYXOQIPLRISK	InChI=1S/C4H8N2O3/c5-4(7)2-1-3-6(8)9/h1-3H2,(H2,5,7)	4-nitrobutanamide	C(CC(=O)N)C[N+](=O)[O-]	-0.800000012	27314	NORMAN:(NS00025024);PubChem class - safety and toxic;PubChem:(27314)	67371010
10	1	N/A	-236.0319204860774	C4H8N2O3	[M + H]+	SREKYKXYSQMOIB	InChI=1S/C4H8N2O3/c1-6(4(5)9)2-3(7)8/h2H2,1H3,(H2,5,9)(H,7,8)	Carbamoyl Sarcosine	CN(CC(=O)O)C(=O)N	-1.29999995	439375;6971057	HMDB:(12265);ZINC bio:(ZINC00895469);Plantcyc:(CARBAMOYL-SARCOSINE);PubMed;COCONUT:(CNP0335042);PubChem:(439375 6971057);CHEBI:(57490 15737);PubChem class - bio and metabolites;EcoCyc Mine;KEGG:(C01043);Training Set;PubChem class - drug;Biocyc:(CARBAMOYL-SARCOSINE)	17232456042
11	1	N/A	-242.71453095746833	C4H8N2O3	[M + H]+	NTHHMWDGZJHHCY	InChI=1S/C4H8N2O3/c1-5-3(7)6-4(8)9-2/h1-2H3,(H2,5,6,7,8)	methyl N-(methylcarbamoyl)carbamate	CNC(=O)NC(=O)OC	-0.652212143	12956053	COCONUT:(CNP0277536);Natural Products:(UNPD148343);PubChem:(12956053);SuperNatural:(SN00402260);KEGG Mine	8593113090
12	1	N/A	-250.8737845927189	C4H8N2O3	[M + H]+	PIHPSKJRLDSJPX	InChI=1S/C4H8N2O3/c1-2-9-4(8)6-3(5)7/h2H2,1H3,(H3,5,6,7,8)	Ethyl allophanate	CCOC(=O)NC(=O)N	0.100000001	69380	NORMAN:(NS00035114);COCONUT:(CNP0241486);Natural Products:(UNPD33233);PubChem:(69380);SuperNatural:(SN00362082);ZINC bio:(ZINC01555401);MeSH:(69380);PubChem class - safety and toxic;PubMed	70557766
13	1	N/A	-255.77524181224285	C4H8N2O3	[M + H]+	JZVIGHIXBBLOEB	InChI=1S/C4H8N2O3/c1-6(5-9)3-2-4(7)8/h2-3H2,1H3,(H,7,8)	N-Methyl-N-nitroso-|A-alanine	CN(CCC(=O)O)N=O	-0.300000012	151519;45040115	PubChem:(151519 45040115);additional;MeSH:(151519);Training Set;PubMed;KEGG Mine	8590475334
14	1	N/A	-267.01867162992795	C4H8N2O3	[M + H]+	ZSPWEJMLRCUCIX	InChI=1S/C4H8N2O3/c1-9-2(3(5)7)4(6)8/h2H,1H3,(H2,5,7)(H2,6,8)	2-Methoxymalonamide	COC(C(=O)N)C(=O)N	-1.79999995	78719	PubChem:(78719);NORMAN:(NS00032008)	262146
15	1	N/A	-272.4813928507997	C4H8N2O3	[M + H]+	AXDCNQMJSHRGHN	InChI=1S/C4H8N2O3/c1-8-4(7)6-3-9-2-5/h2,5H,3H2,1H3,(H,6,7)	Methyl (iminomethoxymethyl)-carbamate	COC(=O)NCOC=N	0.0	15037334	PubChem:(15037334);NORMAN:(NS00056878)	262146
16	1	N/A	-279.9678343206957	C4H8N2O3	[M + H]+	LMNIXJQFUGLAOP	InChI=1S/C4H8N2O3/c7-3-1-6(5-9)2-4-8/h3,8H,1-2,4H2	[(2-hydroxyethyl)(nitroso)amino]acetaldehyde	C(CO)N(CC=O)N=O	-1.0	124821;10240847	MeSH:(124821);PubChem:(124821 10240847);PubMed;KEGG Mine	8589934662
17	1	N/A	-283.4639085555793	C4H8N2O3	[M + H]+	ZRSZWSTXAIJCAI	InChI=1S/C4H8N2O3/c1-9-2-3(7)6-4(5)8/h2H2,1H3,(H3,5,6,7,8)	Methoxyacetylcarbamide	COCC(=O)NC(=O)N	-0.800000012	3082902	MeSH:(3082902);PubChem:(3082902);PubMed	70
18	1	N/A	-299.4752472326632	C4H8N2O3	[M + H]+	QGYKRMZPOOILBA	InChI=1S/C4H8N2O3/c1-2-9-4(7)3(5)6-8/h8H,2H2,1H3,(H2,5,6)	Ethyl 2-oximinooxamate	CCOC(=O)C(=NO)N	0.600000024	6411350;6785548;9614369	PubChem:(6411350 6785548 9614369);PubChem class - safety and toxic	67108866
19	1	N/A	-304.45245198490426	C4H8N2O3	[M + H]+	CAUBWLYZCDDYEF	InChI=1S/C4H8N2O3/c1-3-9-4(7)6(2)5-8/h3H2,1-2H3	NM-Urethan	CCOC(=O)N(C)N=O	0.200000003	12001	NORMAN:(NS00022504);PubChem:(12001);CHEBI:(82373);ZINC bio:(ZINC04403799);PubChem class - bio and metabolites;HSDB:(615-53-2);MeSH:(12001);KEGG:(C19301);PubChem class - safety and toxic;PubMed	84157286
20	1	N/A	-305.1233450758822	C4H8N2O3	[M + H]+	FIGXZOBRWFEACW	InChI=1S/C4H8N2O3/c1-9-3-2(7)5-4(8)6-3/h2-3,7H,1H3,(H2,5,6,8)	4-Hydroxy-5-methoxyimidazolidin-2-one	COC1C(NC(=O)N1)O	-1.39999998	3023814	PubChem:(3023814);NORMAN:(NS00066457)	262146
21	1	N/A	-307.9276996413189	C4H8N2O3	[M + H]+	OHVWIBVUEFQIRH	InChI=1S/C4H9N2O3/c1-4(7)9-3-5-6(2)8/h3H2,1-2H3,(H,5,8)/q+1	null	CC(=O)OCN[N+](=O)C	0.0	101151104	PubChem:(101151104);NORMAN:(NS00043124)	262146
22	1	N/A	-317.9895887719128	C4H8N2O3	[M + H]+	BELPJCDYWUCHKF	InChI=1S/C4H8N2O3/c1-4(7)9-3-5-6(2)8/h3H2,1-2H3	MAM acetate	CC(=O)OCN=[N+](C)[O-]	-0.300000012	11606;5964719;5363199	NORMAN:(NS00034121);COCONUT:(CNP0040198);Natural Products:(UNPD62497);PubChem:(11606 5964719 5363199);SuperNatural:(SN00302056);CHEBI:(82341);HSDB:(592-62-1);MeSH:(11606 5363199 5964719);KEGG:(C19258);PubChem class - safety and toxic;PubMed	70550374
23	1	N/A	-319.25073233758536	C4H8N2O3	[M + H]+	WBXQXRXMGCOVHA	InChI=1S/C4H8N2O3/c1-4(7)9-3-6(2)5-8/h3H2,1-2H3	ANN [German]	CC(=O)OCN(C)N=O	0.200000003	42016;49930	MeSH:(42016);PubChem class - safety and toxic;PubChem:(42016 49930);PubMed	67108934
24	1	N/A	-337.6253011402841	C4H8N2O3	[M + H]+	YZXKWVREBLYPID	InChI=1S/C4H8N2O3/c7-6(8)5-1-3-9-4-2-5/h1-4H2	4-Nitromorpholine	C1COCCN1[N+](=O)[O-]	0.300000012	20122	MeSH:(20122);PubChem:(20122);PubMed;ZINC bio:(ZINC01621715)	8262
25	1	N/A	-341.1707757171714	C4H8N2O3	[M + H]+	NIRHEGBBHNJANV	InChI=1S/C4H8N2O3/c7-4-3-6(5-8)1-2-9-4/h4,7H,1-3H2	4-Nitrosomorpholinol	C1COC(CN1N=O)O	-0.211392835	107887;10103213;10351738;10374503	MeSH:(107887);PubChem:(107887 10103213 10351738 10374503);PubMed;KEGG Mine	8589934662