structureRankPerFormula	formulaRank	ConfidenceScore	CSI:FingerIDScore	molecularFormula	adduct	InChIkey2D	InChI	name	smiles	xlogp	pubchemids	links	dbflags
1	1	0.04449339201416792	-313.7154944724694	C11H18O6	[M - H2O + H]+	ZNTNUBKHLXBEIN	InChI=1S/C11H18O6/c1-2-3-9(14)10(15)4-5-11(16)17-7-8(13)6-12/h2-5,8-10,12-15H,6-7H2,1H3	null	CC=CC(C(C=CC(=O)OCC(CO)O)O)O	-1.39999998	10586494	COCONUT:(CNP0301788);KNApSAcK:(16222);Natural Products:(UNPD57908);PubChem:(10586494);SuperNatural:(SN00356458)	3178514
2	1	N/A	-342.8506432001838	C11H18O6	[M - H2O + H]+	PLONVEDAIPSMHF	InChI=1S/C11H18O6/c1-5(2)11(16)17-7-3-6(4-12)8(13)10(15)9(7)14/h3,5,7-10,12-15H,4H2,1-2H3	null	CC(C)C(=O)OC1C=C(C(C(C1O)O)O)CO	-1.20000005	102366300;102366301	COCONUT:(CNP0106302);Natural Products:(UNPD42806);PubChem:(102366300 102366301);SuperNatural:(SN00287280)	3178498
3	1	N/A	-354.5372521008171	C11H18O6	[M - H2O + H]+	TVWZLLYAJDSSCJ	InChI=1S/C11H18O6/c1-4-15-9(12)7-8(10(13)16-5-2)11(14)17-6-3/h8H,4-7H2,1-3H3	1,2-Tricarbethoxyethane	CCOC(=O)CC(C(=O)OCC)C(=O)OCC	1.10000002	81961;59497065	NORMAN:(NS00037633);PubChem class - safety and toxic;PubChem:(81961 59497065)	67371010
4	1	N/A	-373.09057526747904	C11H18O6	[M - H2O + H]+	NLKBOVSOZQNIHR	InChI=1S/C11H18O6/c1-11(15)3-6(12)7-5(9(13)16-2)4-17-10(14)8(7)11/h5-8,10,12,14-15H,3-4H2,1-2H3	null	CC1(CC(C2C1C(OCC2C(=O)OC)O)O)O	-0.605572402	""	COCONUT:(CNP0207931);Natural Products:(UNPD114522);SuperNatural:(SN00270913)	3178496
5	1	N/A	-379.4458273685579	C11H18O6	[M - H2O + H]+	UIDCYBLYOWCMBS	InChI=1S/C11H18O6/c1-5(2)11(16)17-10-8(14)6(4-12)3-7(13)9(10)15/h3,5,7-10,12-15H,4H2,1-2H3	null	CC(C)C(=O)OC1C(C(C=C(C1O)CO)O)O	-1.20000005	102366302;102366303	COCONUT:(CNP0314373);Natural Products:(UNPD50505);PubChem:(102366302 102366303);SuperNatural:(SN00290225)	3178498
6	1	N/A	-385.57875667722425	C11H18O6	[M - H2O + H]+	QOLRMRIVONNWSS	InChI=1S/C11H18O6/c1-7(11(15)17-6-9(3)13)4-10(14)16-5-8(2)12/h8-9,12-13H,1,4-6H2,2-3H3	Di-2-hydroxypropyl itaconate	CC(COC(=O)CC(=C)C(=O)OCC(C)O)O	0.0	103703	PubChem:(103703);NORMAN:(NS00052258)	262146
7	1	N/A	-392.7713802138069	C11H18O6	[M - H2O + H]+	BVYJKUKAFKCKMT	InChI=1S/C11H18O6/c1-14-6-3-5-7(10(15-2)16-6)11(4-12)9(17-11)8(5)13/h5-10,12-13H,3-4H2,1-2H3	null	COC1CC2C(C(O1)OC)C3(C(C2O)O3)CO	-1.20000005	5318706;14486934	COCONUT:(CNP0334058);KNApSAcK:(10552);Natural Products:(UNPD90083 UNPD128204);PubChem:(5318706 14486934);SuperNatural:(SN00314811 SN00162725 SN00352773)	3178514
8	1	N/A	-462.65025155812566	C11H18O6	[M - H2O + H]+	ATCKDFUQMODIJJ	InChI=1S/C11H18O6/c1-15-8-4-7(12)5-9(16-2)11(8,14)6-10(13)17-3/h8-9,14H,4-6H2,1-3H3	null	COC1CC(=O)CC(C1(CC(=O)OC)O)OC	-0.754436731	""	COCONUT:(CNP0160308);Natural Products:(UNPD172040);SuperNatural:(SN00352233)	3178496