structureRankPerFormula	formulaRank	ConfidenceScore	CSI:FingerIDScore	molecularFormula	adduct	InChIkey2D	InChI	name	smiles	xlogp	pubchemids	links	dbflags
1	1	0.23030863310078784	-163.218091445402	C14H16O8	[M + Na]+	ABWSRRGSWCOZTG	InChI=1S/C14H16O8/c15-8(6-7-4-2-1-3-5-7)21-14-11(18)9(16)10(17)12(22-14)13(19)20/h1-5,9-12,14,16-18H,6H2,(H,19,20)	null	C1=CC=C(C=C1)CC(=O)OC2C(C(C(C(O2)C(=O)O)O)O)O	-0.200000003	102064742;131839498	HMDB:(140804);PubChem:(102064742 131839498);PubChem class - bio and metabolites	16777226
2	1	N/A	-176.03304134873918	C14H16O8	[M + Na]+	WZYNSYXZYYCDLC	InChI=1S/C14H16O8/c1-6-4-2-3-5-7(6)13(20)22-14-10(17)8(15)9(16)11(21-14)12(18)19/h2-5,8-11,14-17H,1H3,(H,18,19)	2-Toluic acid glucuronide	CC1=CC=CC=C1C(=O)OC2C(C(C(C(O2)C(=O)O)O)O)O	0.300000012	194582	MeSH:(194582);PubChem:(194582);PubMed	70
3	1	N/A	-188.2154007813046	C14H16O8	[M + Na]+	CFRDJSVAPMHFEQ	InChI=1S/C14H16O8/c1-2-6-3-7(15)5-8(4-6)21-14-11(18)9(16)10(17)12(22-14)13(19)20/h2-5,9-12,14-18H,1H2,(H,19,20)	null	C=CC1=CC(=CC(=C1)OC2C(C(C(C(O2)C(=O)O)O)O)O)O	0.400000006	77519766;131834406	HMDB:(128031);PubChem:(77519766 131834406);PubChem class - bio and metabolites	16777226
4	1	N/A	-203.17445613045666	C14H16O8	[M + Na]+	YZUQEQIKTSCPOI	InChI=1S/C14H16O8/c1-2-6-3-4-7(15)8(5-6)21-14-11(18)9(16)10(17)12(22-14)13(19)20/h2-5,9-12,14-18H,1H2,(H,19,20)	null	C=CC1=CC(=C(C=C1)O)OC2C(C(C(C(O2)C(=O)O)O)O)O	0.400000006	131831535	HMDB:(124977);PubChem:(131831535);PubChem class - bio and metabolites	16777226
5	1	N/A	-212.2076457724984	C14H16O8	[M + Na]+	BCGIUGKQOAGBND	InChI=1S/C14H16O8/c1-2-6-3-4-8(7(15)5-6)21-14-11(18)9(16)10(17)12(22-14)13(19)20/h2-5,9-12,14-18H,1H2,(H,19,20)	null	C=CC1=CC(=C(C=C1)OC2C(C(C(C(O2)C(=O)O)O)O)O)O	0.400000006	131831534	HMDB:(124976);PubChem:(131831534);PubChem class - bio and metabolites	16777226
6	1	N/A	-217.4752883556813	C14H16O8	[M + Na]+	AYJLBPZZGRUJQB	InChI=1S/C14H16O8/c1-2-6-3-4-7(15)5-8(6)21-14-11(18)9(16)10(17)12(22-14)13(19)20/h2-5,9-12,14-18H,1H2,(H,19,20)	null	C=CC1=C(C=C(C=C1)O)OC2C(C(C(C(O2)C(=O)O)O)O)O	0.400000006	131832849	HMDB:(126430);PubChem:(131832849);PubChem class - bio and metabolites	16777226
7	1	N/A	-220.71592551333777	C14H16O8	[M + Na]+	UIWCACFKVYEDFE	InChI=1S/C14H16O8/c1-2-6-3-4-7(5-8(6)15)21-14-11(18)9(16)10(17)12(22-14)13(19)20/h2-5,9-12,14-18H,1H2,(H,19,20)	null	C=CC1=C(C=C(C=C1)OC2C(C(C(C(O2)C(=O)O)O)O)O)O	0.400000006	131832848	HMDB:(126429);PubChem:(131832848);PubChem class - bio and metabolites	16777226
8	1	N/A	-293.74740853462816	C14H16O8	[M + Na]+	LGAQBYWKWZHOKB	InChI=1S/C14H16O8/c15-8-3-1-7(2-4-8)12(18)22-10-6-14(21,13(19)20)5-9(16)11(10)17/h1-4,9-11,15-17,21H,5-6H2,(H,19,20)	null	C1C(C(C(CC1(C(=O)O)O)OC(=O)C2=CC=C(C=C2)O)O)O	-0.5	9839743	COCONUT:(CNP0122256);Natural Products:(UNPD220527);PubChem:(9839743)	2129922
9	1	N/A	-299.6703321230479	C14H16O8	[M + Na]+	PSYRONNZYLYIOG	InChI=1S/C14H16O8/c15-8-3-1-7(5-9(8)16)2-4-11(18)22-14-13(20)12(19)10(17)6-21-14/h1-5,10,12-17,19-20H,6H2	null	C1C(C(C(C(O1)OC(=O)C=CC2=CC(=C(C=C2)O)O)O)O)O	-0.600000024	11023363	COCONUT:(CNP0318011);Natural Products:(UNPD78071);PubChem:(11023363);SuperNatural:(SN00320803)	3178498
10	1	N/A	-308.09973385442277	C14H16O8	[M + Na]+	YLCIIGMCDMDYJF	InChI=1S/C14H16O8/c15-6-10-11(18)12(19)13(20)14(22-10)21-4-3-7-1-2-8(16)9(17)5-7/h1-2,5,10-11,14-18H,3-4,6H2	null	C1=CC(=C(C=C1CCOC2C(=O)C(=O)C(C(O2)CO)O)O)O	-0.200000003	102333450	COCONUT:(CNP0238150);Natural Products:(UNPD104538);PubChem:(102333450);SuperNatural:(SN00274534)	3178498
11	1	N/A	-326.539922641095	C14H16O8	[M + Na]+	RUEPXZDDWQCITK	InChI=1S/C14H16O8/c1-14(21,13(19)20)11(17)7-22-12(18)5-3-8-2-4-9(15)10(16)6-8/h2-6,11,15-17,21H,7H2,1H3,(H,19,20)	null	CC(C(COC(=O)C=CC1=CC(=C(C=C1)O)O)O)(C(=O)O)O	0.0	38361920;38361924;38361929;38361934;45360267;101159628;139291717	COCONUT:(CNP0271042 CNP0288659);PubChem:(38361920 38361924 38361929 38361934 45360267 101159628 139291717);SuperNatural:(SN00030165 SN00030164 SN00030166 SN00030167);ZINC bio:(ZINC31168242 ZINC31168245 ZINC31168249 ZINC31168253);additional;Training Set	3694594
12	1	N/A	-340.02181744978424	C14H16O8	[M + Na]+	VYJJGUJNZQPYSP	InChI=1S/C14H16O8/c1-5(16)10-8(18)2-7(17)6-3-14(22-12(6)10)13(20)11(19)9(4-15)21-14/h2,9,11,13,15,17-20H,3-4H2,1H3	null	CC(=O)C1=C(C=C(C2=C1OC3(C2)C(C(C(O3)CO)O)O)O)O	-0.200000003	102444342;102444343	COCONUT:(CNP0129112);Natural Products:(UNPD210108 UNPD229092);PubChem:(102444342 102444343)	2129922
13	1	N/A	-344.32503831680475	C14H16O8	[M + Na]+	VFNQXFLXWICPJF	InChI=1S/C14H16O8/c1-14(13(20)21,11(18)7-15)22-12(19)5-3-8-2-4-9(16)10(17)6-8/h2-6,11,15-18H,7H2,1H3,(H,20,21)	null	CC(C(CO)O)(C(=O)O)OC(=O)C=CC1=CC(=C(C=C1)O)O	0.0	23955864;133554289	COCONUT:(CNP0047780 CNP0109437);Natural Products:(UNPD76677);PubChem:(23955864 133554289);SuperNatural:(SN00021078 SN00304607);ZINC bio:(ZINC14814640);additional	3710978
14	1	N/A	-355.857331781251	C14H16O8	[M + Na]+	ITLPFVQTQNIPFC	InChI=1S/C14H16O8/c15-3-4-1-5-8-6(2-7(16)10(18)11(8)19)14(21)22-13(5)12(20)9(4)17/h2,4-5,9,12-13,15-20H,1,3H2	null	C1C(C(C(C2C1C3=C(C(=C(C=C3C(=O)O2)O)O)O)O)O)CO	-0.610993743	""	COCONUT:(CNP0131627);Natural Products:(UNPD204252)	2129920
15	1	N/A	-390.1870437118199	C14H16O8	[M + Na]+	LBMQFKTYWBJJBO	InChI=1S/C14H16O8/c15-8-2-1-6(3-9(8)16)7-4-11(18)22-14(7)13(20)12(19)10(17)5-21-14/h1-3,7,10,12-13,15-17,19-20H,4-5H2	null	C1C(C2(C(C(C(CO2)O)O)O)OC1=O)C3=CC(=C(C=C3)O)O	-0.912365615	""	COCONUT:(CNP0216576);Natural Products:(UNPD204655)	2129920
16	1	N/A	-394.85407135592004	C14H16O8	[M + Na]+	RXGGDNZUKPZWFZ	InChI=1S/C14H16O8/c1-8(15)22-11-7-21-6-9(13(11)14(18)20-3)10(16)4-5-12(17)19-2/h4-5,16H,6-7H2,1-3H3	null	CC(=O)OC1=C(C(=C(C=CC(=O)OC)O)COC1)C(=O)OC	-0.699999988	90681917	COCONUT:(CNP0356781);PubChem:(90681917);PubMed	2097218