structureRankPerFormula	formulaRank	ConfidenceScore	CSI:FingerIDScore	molecularFormula	adduct	InChIkey2D	InChI	name	smiles	xlogp	pubchemids	links	dbflags
1	1	0.48294177571349695	-4.965595089619171	C11H12O5	[M - H2O + H]+	PCMORTLOPMLEFB	InChI=1S/C11H12O5/c1-15-8-5-7(3-4-10(12)13)6-9(16-2)11(8)14/h3-6,14H,1-2H3,(H,12,13)	Sinapate	COC1=CC(=CC(=C1O)OC)C=CC(=O)O	1.5	10743;1549091;637775;11356559;16109943;54710960;54725814;54733734;90861324;129711653	HMDB:(32616 34069 127488);PubChem class - food;SuperNatural:(SN00273941 SN00306221 SN00157687 SN00001142);ZINC bio:(ZINC00153654 ZINC06004394);additional;MeSH:(10743 637775 1549091);Plantcyc:(SINAPATE);PubMed;NORMAN:(NS00015085);COCONUT:(CNP0063218 CNP0195904);KNApSAcK:(34327);Natural Products:(UNPD178775 UNPD222558 UNPD142592);PubChem:(10743 1549091 637775 11356559 16109943 54710960 54725814 54733734 90861324 129711653);CHEBI:(77131 30023 15714 76350);PubChem class - bio and metabolites;KEGG:(C00482);PubChem class - safety and toxic;Training Set;Biocyc:(SINAPATE)	222226814
2	1	N/A	-34.80594046516259	C11H12O5	[M - H2O + H]+	NDGIDRFOPAADDX	InChI=1S/C11H12O5/c1-15-9-6-7(3-4-10(13)14)5-8(12)11(9)16-2/h3-6,12H,1-2H3,(H,13,14)	null	COC1=CC(=CC(=C1OC)O)C=CC(=O)O	1.5	10998653;53406633	HMDB:(141325);PubChem:(10998653 53406633);PubMed;KEGG Mine;PubChem class - bio and metabolites	8606711882
3	1	N/A	-50.043052726804135	C11H12O5	[M - H2O + H]+	AAKKARXDZDUXHU	InChI=1S/C11H12O5/c1-15-9-6-7(3-4-10(13)16-2)5-8(12)11(9)14/h3-6,12,14H,1-2H3	null	COC1=CC(=CC(=C1O)O)C=CC(=O)OC	1.5	10171379;14843288;70007640	COCONUT:(CNP0264196);Natural Products:(UNPD103718);PubChem:(10171379 14843288 70007640);KEGG Mine	8592064514
4	1	N/A	-92.4808477146624	C11H12O5	[M - H2O + H]+	HWZDEFMEFOFIJG	InChI=1S/C11H12O5/c1-15-8-5-3-7(4-6-9(12)13)11(16-2)10(8)14/h3-6,14H,1-2H3,(H,12,13)	null	COC1=C(C(=C(C=C1)C=CC(=O)O)OC)O	1.5	44593242;91166105	HMDB:(140920);PubChem:(44593242 91166105);PubChem class - bio and metabolites	16777226
5	1	N/A	-104.23947433930766	C11H12O5	[M - H2O + H]+	BFYCMQNZMBSHKP	InChI=1S/C11H12O5/c1-15-8-5-3-7(4-6-9(12)13)10(14)11(8)16-2/h3-6,14H,1-2H3,(H,12,13)	null	COC1=C(C(=C(C=C1)C=CC(=O)O)O)OC	1.5	15801277;53405655	HMDB:(142075);PubChem:(15801277 53405655);PubChem class - bio and metabolites	16777226
6	1	N/A	-152.86452970923497	C11H12O5	[M - H2O + H]+	KEYMIXGHQOCNLC	InChI=1S/C11H12O5/c1-15-10-7(4-3-5-12)6-8(13)9(14)11(10)16-2/h3-6,13-14H,1-2H3	null	COC1=C(C(=C(C=C1C=CC=O)O)O)OC	1.0	131834966	PubChem:(131834966);HMDB:(128665)	10
7	1	N/A	-189.12336203687573	C11H12O5	[M - H2O + H]+	GQMXXQFZDGUTPH	InChI=1S/C11H12O5/c12-5-6-16-11(15)4-2-8-1-3-9(13)10(14)7-8/h1-4,7,12-14H,5-6H2	null	C1=CC(=C(C=C1C=CC(=O)OCCO)O)O	0.869510651	23656804	COCONUT:(CNP0182315);Natural Products:(UNPD104670);PubChem:(23656804);SuperNatural:(SN00291197);PubMed	3178562
8	1	N/A	-190.88656948728783	C11H12O5	[M - H2O + H]+	CSWKYHGBYCNZAS	InChI=1S/C11H12O5/c1-7(13)16-11-9(14-2)4-8(6-12)5-10(11)15-3/h4-6H,1-3H3	bmse010133	CC(=O)OC1=C(C=C(C=C1OC)C=O)OC	1.10000002	688189	COCONUT:(CNP0263192);Natural Products:(UNPD199279);PubChem:(688189);CHEBI:(86945);ZINC bio:(ZINC00056855);PubChem class - safety and toxic	69247010
9	1	N/A	-224.0721852149144	C11H12O5	[M - H2O + H]+	HULVQYKNRRMOBW	InChI=1S/C11H12O5/c1-6(12)10(13)7-4-8(15-2)11(14)9(5-7)16-3/h4-5,14H,1-3H3	null	CC(=O)C(=O)C1=CC(=C(C(=C1)OC)O)OC	0.983668625	13879734	COCONUT:(CNP0298634);Natural Products:(UNPD967);PubChem:(13879734);PubMed	2129986
10	1	N/A	-227.06345996322213	C11H12O5	[M - H2O + H]+	QLJMBAXRCXCSGZ	InChI=1S/C11H12O5/c1-7(12)16-9-4-3-8(6-11(13)14)5-10(9)15-2/h3-5H,6H2,1-2H3,(H,13,14)	4-acetoxy-3-methoxyphenyl acetic acid	CC(=O)OC1=C(C=C(C=C1)CC(=O)O)OC	1.38733149	226484;25272437	COCONUT:(CNP0313364);PubChem class - safety and toxic;PubChem:(226484 25272437);PubMed	69206082
11	1	N/A	-229.67914744068992	C11H12O5	[M - H2O + H]+	BHQRCCUOSHDJQC	InChI=1S/C11H12O5/c1-7(12)16-9-5-4-8(11(13)15-3)6-10(9)14-2/h4-6H,1-3H3	bmse010107	CC(=O)OC1=C(C=C(C=C1)C(=O)OC)OC	1.63542247	602779	COCONUT:(CNP0377044);Natural Products:(UNPD207490);PubChem:(602779);CHEBI:(86557)	2129954
12	1	N/A	-233.75636902623512	C11H12O5	[M - H2O + H]+	RRANFHUAXGKYBS	InChI=1S/C11H12O5/c1-14-8-5-4-7(6-9(8)15-2)10(12)11(13)16-3/h4-6H,1-3H3	methyl (3,4-dimethoxyphenyl)(oxo)acetate	COC1=C(C=C(C=C1)C(=O)C(=O)OC)OC	1.47093475	1712324	PubChem:(1712324);PubChem class - safety and toxic	67108866
13	1	N/A	-234.75122644567926	C11H12O5	[M - H2O + H]+	WWLMWGQMVNRCIH	InChI=1S/C11H12O5/c1-14-10-7(3-2-4-12)5-8-11(9(10)13)16-6-15-8/h2-3,5,12-13H,4,6H2,1H3	null	COC1=C(C2=C(C=C1C=CCO)OCO2)O	1.10000002	131834974	PubChem:(131834974);HMDB:(128674)	10
14	1	N/A	-237.16447857409463	C11H12O5	[M - H2O + H]+	VQABPCNSGLWGBB	InChI=1S/C11H12O5/c1-14-11-9(13)7(3-2-4-12)5-8-10(11)16-6-15-8/h2-3,5,12-13H,4,6H2,1H3	null	COC1=C(C(=CC2=C1OCO2)C=CCO)O	1.10000002	131834973	PubChem:(131834973);HMDB:(128673)	10
15	1	N/A	-238.86236809187025	C11H12O5	[M - H2O + H]+	KKSNRHOMXHCRGF	InChI=1S/C11H12O5/c1-14-8-6-4-5-7(10(12)15-2)9(8)11(13)16-3/h4-6H,1-3H3	dimethyl 3-methoxybenzene-1,2-dicarboxylate	COC1=CC=CC(=C1C(=O)OC)C(=O)OC	1.60048676	316224	COCONUT:(CNP0168287);Natural Products:(UNPD129111);PubChem:(316224)	2129922
16	1	N/A	-243.46993857655818	C11H12O5	[M - H2O + H]+	VYLTWLWJTAJDSS	InChI=1S/C11H12O5/c1-14-9-5-4-7(10(12)15-2)6-8(9)11(13)16-3/h4-6H,1-3H3	Dimethyl 4-methoxyisophthalate	COC1=C(C=C(C=C1)C(=O)OC)C(=O)OC	1.60048676	89938	NORMAN:(NS00027310);COCONUT:(CNP0277924);Natural Products:(UNPD28249);PubChem class - safety and toxic;PubChem:(89938)	69500930
17	1	N/A	-244.98400601458943	C11H12O5	[M - H2O + H]+	MOWWOOBXTGKYPJ	InChI=1S/C11H12O5/c1-8(12)15-6-7-16-11(14)9-4-2-3-5-10(9)13/h2-5,13H,6-7H2,1H3	2-(Acetoxy)ethyl salicylate	CC(=O)OCCOC(=O)C1=CC=CC=C1O	1.13809645	23616336	PubChem:(23616336);NORMAN:(NS00041117)	262146
18	1	N/A	-253.83476821533196	C11H12O5	[M - H2O + H]+	QZXCQBNFILFNOE	InChI=1S/C11H12O5/c1-7(13)11(14)16-9-4-3-8(6-12)5-10(9)15-2/h3-7,13H,1-2H3	Vanillyl lactate	CC(C(=O)OC1=C(C=C(C=C1)C=O)OC)O	0.899999976	71587874;76957614;76957615	PubChem:(71587874 76957614 76957615);PubChem class - food	134217730
19	1	N/A	-258.660372978627	C11H12O5	[M - H2O + H]+	SBBRFMZBVACQCF	InChI=1S/C11H12O5/c1-6(12)8-4-7(15-2)5-9(16-3)10(8)11(13)14/h4-5H,1-3H3,(H,13,14)	null	CC(=O)C1=C(C(=CC(=C1)OC)OC)C(=O)O	1.10000002	44577695	COCONUT:(CNP0121032);Natural Products:(UNPD222407);PubChem:(44577695);PubMed	2129986
20	1	N/A	-258.8880520486481	C11H12O5	[M - H2O + H]+	NGFWAKGWMSOVMP	InChI=1S/C11H12O5/c1-15-6-7-16-11(14)9-5-3-2-4-8(9)10(12)13/h2-5H,6-7H2,1H3,(H,12,13)	Methoxyethyl phthalate	COCCOC(=O)C1=CC=CC=C1C(=O)O	1.10316074	85462;20295175	MeSH:(85462);PubChem class - safety and toxic;PubChem:(85462 20295175);PubMed	67108934
21	1	N/A	-259.7474346165307	C11H12O5	[M - H2O + H]+	JMMYNIBVDWEZBT	InChI=1S/C11H12O5/c1-6-4-8(12)11(7(2)16-6)9(15-3)5-10(13)14/h4-5H,1-3H3,(H,13,14)	null	CC1=CC(=O)C(=C(O1)C)C(=CC(=O)O)OC	0.600000024	10727819	COCONUT:(CNP0311806);Natural Products:(UNPD70008);PubChem:(10727819);SuperNatural:(SN00289968)	3178498
22	1	N/A	-261.3012012607019	C11H12O5	[M - H2O + H]+	MPVGPCOONBUZHV	InChI=1S/C11H12O5/c1-15-8-4-3-7(5-10(12)16-2)9(6-8)11(13)14/h3-4,6H,5H2,1-2H3,(H,13,14)	5-methoxy-2-(2-methoxy-2-oxoethyl)benzoate	COC1=CC(=C(C=C1)CC(=O)OC)C(=O)O	1.20000005	2754319;7056861	COCONUT:(CNP0158340);PubChem:(2754319 7056861);SuperNatural:(SN00127164);ZINC bio:(ZINC03850322)	3153922
23	1	N/A	-262.04904706370047	C11H12O5	[M - H2O + H]+	VUDRYTCMXUBSEV	InChI=1S/C11H12O5/c1-15-9-4-3-7(6-10(9)16-2)5-8(12)11(13)14/h3-4,6H,5H2,1-2H3,(H,13,14)	Ambap2460-33-5	COC1=C(C=C(C=C1)CC(=O)C(=O)O)OC	1.22284389	11020527	COCONUT:(CNP0018846);PubChem:(11020527);PubMed	2097218
24	1	N/A	-262.3201303314556	C11H12O5	[M - H2O + H]+	ZUQRDBCPZDOGMJ	InChI=1S/C11H12O5/c1-5(12)9-7(14)4-8(16-3)10(6(2)13)11(9)15/h4,14-15H,1-3H3	1-(3-acetyl-2,6-dihydroxy-4-methoxyphenyl)ethanone	CC(=O)C1=C(C(=C(C=C1O)OC)C(=O)C)O	1.70000005	2775170	COCONUT:(CNP0206073);Natural Products:(UNPD103364);PubChem:(2775170);SuperNatural:(SN00256621);ZINC bio:(ZINC00157797)	3186690
25	1	N/A	-263.84516573154116	C11H12O5	[M - H2O + H]+	FHQHSPYLIZRPEF	InChI=1S/C11H12O5/c1-6-8(4-5-9(12)13)16-11(14)7(2)10(6)15-3/h4-5H,1-3H3,(H,12,13)	null	CC1=C(OC(=O)C(=C1OC)C)C=CC(=O)O	0.699999988	14077393;85559377	COCONUT:(CNP0139260);Natural Products:(UNPD192762);PubChem:(14077393 85559377);SuperNatural:(SN00228355)	3178498
26	1	N/A	-264.4268496149971	C11H12O5	[M - H2O + H]+	OJWKRUWDYCFIHI	InChI=1S/C11H12O5/c1-6(4-10(12)13)8-5-9(15-3)7(2)11(14)16-8/h4-5H,1-3H3,(H,12,13)	null	CC1=C(C=C(OC1=O)C(=CC(=O)O)C)OC	1.39999998	102367304	PubChem:(102367304);COCONUT:(CNP0224008)	2097154
27	1	N/A	-267.63259285108046	C11H12O5	[M - H2O + H]+	XZWYGKPSIBDYDY	InChI=1S/C11H12O5/c1-14-9-5-7(10(12)15-2)4-8(6-9)11(13)16-3/h4-6H,1-3H3	Dimethyl 5-methoxyisophthalate	COC1=CC(=CC(=C1)C(=O)OC)C(=O)OC	1.60000002	4167302	PubChem class - safety and toxic;PubChem:(4167302);ZINC bio:(ZINC00403469)	67117058
28	1	N/A	-268.7613859073232	C11H12O5	[M - H2O + H]+	VJFDVDXXJRSPLZ	InChI=1S/C11H12O5/c1-7(10(12)13)16-9-5-3-2-4-8(6-9)11(14)15/h2,4,6,9H,1,3,5H2,(H,12,13)(H,14,15)	null	C=C(C(=O)O)OC1CCC=CC(=C1)C(=O)O	1.70000005	44123452;44123451	Plantcyc:(CPD0-1681);PubChem:(44123452 44123451);Biocyc:(CPD0-1681);PubChem class - bio and metabolites	16910338
29	1	N/A	-271.7548735347058	C11H12O5	[M - H2O + H]+	NKAIIFWPOWVGOC	InChI=1S/C11H12O5/c1-8(13)16-10-5-3-2-4-9(10)11(14)15-7-6-12/h2-5,12H,6-7H2,1H3	2-hydroxyethyl 2-acetyloxybenzoate	CC(=O)OC1=CC=CC=C1C(=O)OCCO	1.13809645	6876	PubChem:(6876);NORMAN:(NS00039175)	262146
30	1	N/A	-272.3296802051672	C11H12O5	[M - H2O + H]+	DJQMYWWZWUOCBQ	InChI=1S/C11H12O5/c1-15-10(13)8-2-4-9(5-3-8)11(14)16-7-6-12/h2-5,12H,6-7H2,1H3	2-Hydroxyethyl methyl terephthalate	COC(=O)C1=CC=C(C=C1)C(=O)OCCO	1.10316074	77207	NORMAN:(NS00030046);PubChem:(77207);PubChem class - bio and metabolites	17039362
31	1	N/A	-278.18159955158836	C11H12O5	[M - H2O + H]+	OOIBKTATDVJAFJ	InChI=1S/C11H12O5/c1-2-15-10(13)7-16-11(14)8-5-3-4-6-9(8)12/h3-6,12H,2,7H2,1H3	2-Ethoxy-2-oxoethyl salicylate	CCOC(=O)COC(=O)C1=CC=CC=C1O	1.5574764	119739	NORMAN:(NS00028380);Training Set;PubChem:(119739)	278530
32	1	N/A	-278.41109858647945	C11H12O5	[M - H2O + H]+	YDAUNLHADFMIBZ	InChI=1S/C11H12O5/c1-6(12)10-8(15-2)4-7(11(13)14)5-9(10)16-3/h4-5H,1-3H3,(H,13,14)	4-Acetyl-3,5-dimethoxybenzoic acid	CC(=O)C1=C(C=C(C=C1OC)C(=O)O)OC	1.11322057	3016989	PubChem:(3016989);NORMAN:(NS00033371)	262146
33	1	N/A	-279.0746453504769	C11H12O5	[M - H2O + H]+	UYUOIPIOTPMHKV	InChI=1S/C11H12O5/c1-6(12)11-7(4-10(14)15)3-8(16-2)5-9(11)13/h3,5,13H,4H2,1-2H3,(H,14,15)	Benzeneacetic acid, 2-acetyl-3-hydroxy-5-methoxy-	CC(=O)C1=C(C=C(C=C1O)OC)CC(=O)O	1.20000005	16745395	COCONUT:(CNP0213392 CNP0419219);PubChem:(16745395);SuperNatural:(SN00020524);ZINC bio:(ZINC13660265);additional;Training Set;PubMed	3694658
34	1	N/A	-281.79755873678147	C11H12O5	[M - H2O + H]+	GQJSQEUBPFWQCU	InChI=1S/C11H12O5/c1-2-7-15-11(14)16-9-6-4-3-5-8(9)10(12)13/h3-6H,2,7H2,1H3,(H,12,13)	2-propoxycarbonyloxybenzoic acid	CCCOC(=O)OC1=CC=CC=C1C(=O)O	2.15158939	51460	PubChem:(51460);PubChem class - safety and toxic	67108866
35	1	N/A	-282.53145837179966	C11H12O5	[M - H2O + H]+	OYXGHNICVXMJND	InChI=1S/C11H12O5/c1-14-9-4-7(5-12)8(6-13)10(15-2)11(9)16-3/h4-6H,1-3H3	null	COC1=C(C(=C(C(=C1)C=O)C=O)OC)OC	0.800000012	85987778	COCONUT:(CNP0327037);Natural Products:(UNPD90256);PubChem:(85987778);SuperNatural:(SN00367944)	3178498
36	1	N/A	-284.0928343165511	C11H12O5	[M - H2O + H]+	MDYCUZHBCOPWJQ	InChI=1S/C11H12O5/c1-6(12)11-7(4-10(15)16-2)3-8(13)5-9(11)14/h3,5,13-14H,4H2,1-2H3	Benzeneacetic acid, 2-acetyl-3,5-dihydroxy-, methyl ester	CC(=O)C1=C(C=C(C=C1O)O)CC(=O)OC	1.20000005	10537208;15470976;102010870	COCONUT:(CNP0159233);MeSH:(15470976);Natural Products:(UNPD111518);PubChem:(10537208 15470976 102010870);PubMed	2129990
37	1	N/A	-284.75961328537517	C11H12O5	[M - H2O + H]+	VDGBGPADDGBBMF	InChI=1S/C11H12O5/c1-6(10(12)13)4-8-5-9(15-3)7(2)11(14)16-8/h4-5H,1-3H3,(H,12,13)	null	CC1=C(C=C(OC1=O)C=C(C)C(=O)O)OC	1.20000005	10443596	COCONUT:(CNP0158383);Natural Products:(UNPD193626);PubChem:(10443596);SuperNatural:(SN00225589)	3178498
38	1	N/A	-285.82405890237635	C11H12O5	[M - H2O + H]+	RLDOSQILCSICAK	InChI=1S/C11H12O5/c1-5-8(13)3-7(4-9(14)15)10(6(2)12)11(5)16/h3,13,16H,4H2,1-2H3,(H,14,15)	null	CC1=C(C=C(C(=C1O)C(=O)C)CC(=O)O)O	1.29999995	71725224	COCONUT:(CNP0286693);Natural Products:(UNPD217232);PubChem:(71725224);PubMed	2129986
39	1	N/A	-290.96581743853125	C11H12O5	[M - H2O + H]+	IBFHVVYOZSCYNN	InChI=1S/C11H12O5/c12-9(11(14)15)6-10(13)16-7-8-4-2-1-3-5-8/h1-5,9,12H,6-7H2,(H,14,15)	Benzyl alpha-(S)-malate	C1=CC=C(C=C1)COC(=O)CC(C(=O)O)O	0.5	3050318;21152553;68498179;101226290	COCONUT:(CNP0343529);PubChem class - safety and toxic;PubChem:(3050318 21152553 68498179 101226290)	69206018
40	1	N/A	-291.11542675437363	C11H12O5	[M - H2O + H]+	MMMHZBODZRNHIN	InChI=1S/C11H12O5/c1-16-7-2-3-8(10(13)6-7)9(12)4-5-11(14)15/h2-3,6,13H,4-5H2,1H3,(H,14,15)	Benzenebutanoicacid, 2-hydroxy-4-methoxy-g-oxo-	COC1=CC(=C(C=C1)C(=O)CCC(=O)O)O	0.974752963	254171	MeSH:(254171);PubChem:(254171);PubMed;PubChem class - bio and metabolites	16777286
41	1	N/A	-292.1765384561116	C11H12O5	[M - H2O + H]+	OAJXYMDMOKNADM	InChI=1S/C11H12O5/c1-7(12)6-16-11(15)9-4-2-8(3-5-9)10(13)14/h2-5,7,12H,6H2,1H3,(H,13,14)	4-(2-hydroxypropoxycarbonyl)benzoic acid	CC(COC(=O)C1=CC=C(C=C1)C(=O)O)O	1.0	21199136	PubChem:(21199136);NORMAN:(NS00050543)	262146
42	1	N/A	-292.23177114148365	C11H12O5	[M - H2O + H]+	PCCMWFJJKRPREI	InChI=1S/C11H12O5/c1-14-11-9(13)7(3-2-4-12)5-8-10(11)16-6-15-8/h4-5,13H,2-3,6H2,1H3	null	COC1=C(C(=CC2=C1OCO2)CCC=O)O	1.0	131834968	HMDB:(128667);PubChem:(131834968);PubChem class - bio and metabolites	16777226
43	1	N/A	-292.67862668410197	C11H12O5	[M - H2O + H]+	OUSIFRGZULVWQP	InChI=1S/C11H12O5/c1-7-8(4-3-5-10(12)13)9(15-2)6-11(14)16-7/h3,5-6H,4H2,1-2H3,(H,12,13)	null	CC1=C(C(=CC(=O)O1)OC)CC=CC(=O)O	0.600000024	101379191	COCONUT:(CNP0217287);Natural Products:(UNPD125543);PubChem:(101379191);SuperNatural:(SN00245384)	3178498
44	1	N/A	-292.8251482860239	C11H12O5	[M - H2O + H]+	DBOBHAFGEZXWTC	InChI=1S/C11H12O5/c1-6(12)7-4-8(13-2)10(14-3)11-9(7)15-5-16-11/h4H,5H2,1-3H3	null	CC(=O)C1=CC(=C(C2=C1OCO2)OC)OC	1.46394324	""	COCONUT:(CNP0104804);Natural Products:(UNPD46051);SuperNatural:(SN00342654)	3178496
45	1	N/A	-293.57043240603866	C11H12O5	[M - H2O + H]+	XKJPTHCVZAUTDD	InChI=1S/C11H12O5/c1-14-10-7(3-2-4-12)5-8-11(9(10)13)16-6-15-8/h4-5,13H,2-3,6H2,1H3	null	COC1=C(C2=C(C=C1CCC=O)OCO2)O	1.0	131834969	HMDB:(128668);PubChem:(131834969);PubChem class - bio and metabolites	16777226
46	1	N/A	-294.0249976426041	C11H12O5	[M - H2O + H]+	HTSZGPUBODALCL	InChI=1S/C11H12O5/c1-7(6-12)16-11(15)9-5-3-2-4-8(9)10(13)14/h2-5,7,12H,6H2,1H3,(H,13,14)	2-(1-hydroxypropan-2-yloxycarbonyl)benzoate	CC(CO)OC(=O)C1=CC=CC=C1C(=O)O	1.14595342	92062;18629865	PubChem:(92062 18629865);NORMAN:(NS00056034)	262146
47	1	N/A	-296.7668988691225	C11H12O5	[M - H2O + H]+	IADJINNALUXPJX	InChI=1S/C11H12O5/c12-9-4-2-1-3-7(9)5-8(11(15)16)6-10(13)14/h1-4,8,12H,5-6H2,(H,13,14)(H,15,16)	null	C1=CC=C(C(=C1)CC(CC(=O)O)C(=O)O)O	0.899999976	129661761	HMDB:(142169);PubChem:(129661761);KEGG Mine;PubChem class - bio and metabolites	8606711818
48	1	N/A	-297.3482312721461	C11H12O5	[M - H2O + H]+	PEMSVVZWLJFHRI	InChI=1S/C11H12O5/c12-9(13)6-8(11(15)16)10(14)7-4-2-1-3-5-7/h1-5,8,10,14H,6H2,(H,12,13)(H,15,16)	CBKinase1_002310	C1=CC=C(C=C1)C(C(CC(=O)O)C(=O)O)O	0.100000001	804575;804577;804578;804579;2925296;6945465;6945466;6945467;6945468	HMDB:(142170);PubChem:(804575 804577 804578 804579 2925296 6945465 6945466 6945467 6945468);PubMed;KEGG Mine;PubChem class - bio and metabolites	8606711882
49	1	N/A	-298.1011235624125	C11H12O5	[M - H2O + H]+	LTJBCAXNCIKFQK	InChI=1S/C11H12O5/c12-9-3-1-2-7(5-9)4-8(11(15)16)6-10(13)14/h1-3,5,8,12H,4,6H2,(H,13,14)(H,15,16)	null	C1=CC(=CC(=C1)O)CC(CC(=O)O)C(=O)O	0.899999976	54051743	HMDB:(142174);PubChem:(54051743);KEGG Mine;PubChem class - bio and metabolites	8606711818
50	1	N/A	-298.43935996719375	C11H12O5	[M - H2O + H]+	LWIPABRAHRZWNP	InChI=1S/C11H12O5/c1-15-10(13)9(11(14)16-2)7-3-5-8(12)6-4-7/h3-6,9,12H,1-2H3	Dimethyl (4-hydroxyphenyl)malonate	COC(=O)C(C1=CC=C(C=C1)O)C(=O)OC	1.5	3018973	PubChem:(3018973);NORMAN:(NS00060617)	262146
51	1	N/A	-299.55718524163063	C11H12O5	[M - H2O + H]+	CMGMFEHGLURORF	InChI=1S/C11H12O5/c1-6-8(15-2)4-9(16-3)7(5-12)10(6)11(13)14/h4-5H,1-3H3,(H,13,14)	2-formyl-3,5-dimethoxy-6-methylbenzoic acid	CC1=C(C(=C(C=C1OC)OC)C=O)C(=O)O	1.20000005	22915019	COCONUT:(CNP0219287);Natural Products:(UNPD67865);PubChem:(22915019)	2129922
52	1	N/A	-300.4472919796662	C11H12O5	[M - H2O + H]+	RCEAXNDISKWBGT	InChI=1S/C11H12O5/c1-2-14-7-4-3-5-8-10(7)16-9(6-15-8)11(12)13/h3-5,9H,2,6H2,1H3,(H,12,13)	null	CCOC1=CC=CC2=C1OC(CO2)C(=O)O	1.37378061	""	COCONUT:(CNP0396390);Natural Products:(UNPD196698);SuperNatural:(SN00256906)	3178496
53	1	N/A	-319.71037505900557	C11H12O5	[M - H2O + H]+	NIQTXYHOBXGIAF	InChI=1S/C11H12O5/c1-14-9-4-7(8(13)2-3-12)5-10-11(9)16-6-15-10/h4-5,12H,2-3,6H2,1H3	null	COC1=CC(=CC2=C1OCO2)C(=O)CCO	0.600000024	57409880	COCONUT:(CNP0119619);Natural Products:(UNPD224794);PubChem:(57409880)	2129922
54	1	N/A	-320.24920831821646	C11H12O5	[M - H2O + H]+	HUXJGSHUVDWZAM	InChI=1S/C11H12O5/c1-3-16-11(15)9-6(2)4-8(13)7(5-12)10(9)14/h4-5,13-14H,3H2,1-2H3	Spectrum2_000629	CCOC(=O)C1=C(C(=C(C=C1C)O)C=O)O	2.4000001	3940691	COCONUT:(CNP0376624);Natural Products:(UNPD35536);PubChem:(3940691);SuperNatural:(SN00003405);ZINC bio:(ZINC03200778);additional;Training Set;PubMed	3727426
55	1	N/A	-320.91917382642936	C11H12O5	[M - H2O + H]+	DJPNZRMNDHZMMX	InChI=1S/C11H12O5/c12-8(2-4-11(15)16)5-7-1-3-9(13)10(14)6-7/h1,3,6,13-14H,2,4-5H2,(H,15,16)	null	C1=CC(=C(C=C1CC(=O)CCC(=O)O)O)O	0.300000012	129884204	PubChem:(129884204);CHEBI:(137479)	34
56	1	N/A	-321.9150006723395	C11H12O5	[M - H2O + H]+	GWOSIAKMGPKVAC	InChI=1S/C11H12O5/c1-3-4-9-7(5-12)10(15-2)8(6-13)11(14)16-9/h3-5,13H,6H2,1-2H3	5-(hydroxymethyl)-4-methoxy-6-oxo-2-[(E)-prop-1-enyl]pyran-3-carbaldehyde	CC=CC1=C(C(=C(C(=O)O1)CO)OC)C=O	0.300000012	6442270	COCONUT:(CNP0219440);Natural Products:(UNPD117588);PubChem:(6442270)	2129922
57	1	N/A	-322.20798202743066	C11H12O5	[M - H2O + H]+	JNJWXECUICPRKM	InChI=1S/C11H12O5/c12-9-3-1-7(2-4-9)5-8(11(15)16)6-10(13)14/h1-4,8,12H,5-6H2,(H,13,14)(H,15,16)	null	C1=CC(=CC=C1CC(CC(=O)O)C(=O)O)O	0.899999976	68549174;101703284;101703285	HMDB:(142171);PubChem:(68549174 101703284 101703285);PubMed;KEGG Mine;PubChem class - bio and metabolites	8606711882
58	1	N/A	-322.88629605586954	C11H12O5	[M - H2O + H]+	CDZABZXRYYKRGF	InChI=1S/C11H12O5/c1-14-8-5-4-7(6-12)9(10(8)15-2)11(13)16-3/h4-6H,1-3H3	methyl 6-formyl-2,3-dimethoxybenzoate	COC1=C(C(=C(C=C1)C=O)C(=O)OC)OC	1.20000005	2747763	COCONUT:(CNP0032637);PubChem:(2747763);SuperNatural:(SN00122036);ZINC bio:(ZINC03843095)	3153922
59	1	N/A	-325.3265365048234	C11H12O5	[M - H2O + H]+	KBJYCJYGWNJFOR	InChI=1S/C11H12O5/c1-3-16-11-7(5-12)8(14)4-9(15)10(11)6(2)13/h4-5,14-15H,3H2,1-2H3	Benzaldehyde, 3-acetyl-2-ethoxy-4,6-dihydroxy-	CCOC1=C(C(=CC(=C1C(=O)C)O)O)C=O	1.79999995	71369829	COCONUT:(CNP0194783);Natural Products:(UNPD97223);PubChem:(71369829)	2129922
60	1	N/A	-339.4282218504302	C11H12O5	[M - H2O + H]+	CXFLZKRCHJUUNK	InChI=1S/C11H12O5/c1-6(13)3-7-4-9(14)10(15)11(16-2)8(7)5-12/h4-5,14-15H,3H2,1-2H3	null	CC(=O)CC1=CC(=C(C(=C1C=O)OC)O)O	0.300000012	139586695	PubChem:(139586695);COCONUT:(CNP0350081)	2097154
61	1	N/A	-339.5147532064612	C11H12O5	[M - H2O + H]+	OPOVMNDABAKVQM	InChI=1S/C11H12O5/c1-6(11(15)16)5-9(13)7-3-2-4-8(12)10(7)14/h2-4,6,12,14H,5H2,1H3,(H,15,16)	null	CC(CC(=O)C1=C(C(=CC=C1)O)O)C(=O)O	0.938453019	""	COCONUT:(CNP0320406);Natural Products:(UNPD81352);SuperNatural:(SN00290023)	3178496
62	1	N/A	-341.87109103949115	C11H12O5	[M - H2O + H]+	KPUJGYHKQOMTNO	InChI=1S/C11H12O5/c1-5-8(4-16-7(3)12)11(15)10(14)6(2)9(5)13/h13H,4H2,1-3H3	null	CC1=C(C(=O)C(=O)C(=C1O)C)COC(=O)C	0.530363858	""	COCONUT:(CNP0314976);Natural Products:(UNPD7407);SuperNatural:(SN00281006)	3178496
63	1	N/A	-348.67838817098425	C11H12O5	[M - H2O + H]+	SGNALGPYOOQHOT	InChI=1S/C11H12O5/c1-6(5-9(13)14)10(15)7-3-2-4-8(12)11(7)16/h2-4,6,12,16H,5H2,1H3,(H,13,14)	4-(2,3-Dihydroxyphenyl)-3-methyl-4-oxobutanoic acid	CC(CC(=O)O)C(=O)C1=C(C(=CC=C1)O)O	1.39999998	586465;92468469;92468470	COCONUT:(CNP0066508 CNP0120767);KNApSAcK:(50393);Natural Products:(UNPD169112 UNPD15977);PubChem:(586465 92468469 92468470);SuperNatural:(SN00293387 SN00158975 SN00304293);ZINC bio:(ZINC14660282 ZINC14660285)	3186706
64	1	N/A	-351.4366660960188	C11H12O5	[M - H2O + H]+	SDRCJDXJFGYTRZ	InChI=1S/C11H12O5/c12-9(11(15)16)8(10(13)14)6-7-4-2-1-3-5-7/h1-5,8-9,12H,6H2,(H,13,14)(H,15,16)	3-Benzylmalate	C1=CC=C(C=C1)CC(C(C(=O)O)O)C(=O)O	0.699999988	10944089;22022899;22022900;54300227;70091722	HMDB:(142173);PubChem:(10944089 22022899 22022900 54300227 70091722);PubChem class - bio and metabolites;KEGG:(C20654);PubMed;Biocyc:(CPD-15324);KEGG Mine	8606714186
65	1	N/A	-352.545173972808	C11H12O5	[M - H2O + H]+	ZNAJIKYTBCGAQQ	InChI=1S/C11H12O5/c12-9(13)7-11(16,10(14)15)6-8-4-2-1-3-5-8/h1-5,16H,6-7H2,(H,12,13)(H,14,15)	2-Benzylmalate	C1=CC=C(C=C1)CC(CC(=O)O)(C(=O)O)O	0.400000006	152197;11229827;21152552;22915920	HMDB:(142172);MeSH:(152197);PubMed;COCONUT:(CNP0189029);Natural Products:(UNPD226241);PubChem:(152197 11229827 21152552 22915920);YMDB Mine;PubChem class - bio and metabolites;EcoCyc Mine;KEGG:(C20653);PubChem class - safety and toxic;Biocyc:(CPD-15323);KEGG Mine	60215560526
66	1	N/A	-354.55511533793623	C11H12O5	[M - H2O + H]+	DVEBNONPNBAGBE	InChI=1S/C11H12O5/c1-8(4-5-12)11(14)15-7-10-3-2-9(6-13)16-10/h2-3,6,12H,1,4-5,7H2	null	C=C(CCO)C(=O)OCC1=CC=C(O1)C=O	0.699999988	72694197	COCONUT:(CNP0215610);PubChem:(72694197);PubMed	2097218
67	1	N/A	-355.66955103010247	C11H12O5	[M - H2O + H]+	FQNLHCIUBPSVTD	InChI=1S/C11H12O5/c1-5-9(14)8(6(2)13)10(15)7(4-12)11(5)16-3/h4,14-15H,1-3H3	null	CC1=C(C(=C(C(=C1OC)C=O)O)C(=O)C)O	1.79999995	101420144	COCONUT:(CNP0394096);Natural Products:(UNPD222280);PubChem:(101420144)	2129922
68	1	N/A	-355.66955103010247	C11H12O5	[M - H2O + H]+	IXVOMMDBCFWZHD	InChI=1S/C11H12O5/c1-5-9(14)7(4-12)10(15)8(6(2)13)11(5)16-3/h4,14-15H,1-3H3	null	CC1=C(C(=C(C(=C1OC)C(=O)C)O)C=O)O	1.01991868	""	COCONUT:(CNP0382320);Natural Products:(UNPD187939);SuperNatural:(SN00346863)	3178496
69	1	N/A	-358.91969327075367	C11H12O5	[M - H2O + H]+	YMGHNRDRCGBBJK	InChI=1S/C11H12O5/c1-15-9(12)11(14,10(13)16-2)8-6-4-3-5-7-8/h3-7,14H,1-2H3	Propanedioic acid, hydroxyphenyl-, dimethyl ester	COC(=O)C(C1=CC=CC=C1)(C(=O)OC)O	1.10000002	13361970	COCONUT:(CNP0320104);Natural Products:(UNPD80966);PubChem:(13361970);SuperNatural:(SN00303749)	3178498
70	1	N/A	-360.24270558619213	C11H12O5	[M - H2O + H]+	KINUBXBOAZOHHO	InChI=1S/C11H12O5/c1-6-3-7(4-12)8(5-13)9(11(14)15)10(6)16-2/h3,5,12H,4H2,1-2H3,(H,14,15)	Dihydrogladiolic acid	CC1=CC(=C(C(=C1OC)C(=O)O)C=O)CO	0.400000006	3014613	COCONUT:(CNP0412172);Natural Products:(UNPD164087);PubChem:(3014613);SuperNatural:(SN00253094)	3178498
71	1	N/A	-362.03283280892975	C11H12O5	[M - H2O + H]+	RKLOZIOELXTHBJ	InChI=1S/C11H12O5/c1-14-8-5-7(13)9-6(12)3-4-16-11(9)10(8)15-2/h5,13H,3-4H2,1-2H3	null	COC1=C(C2=C(C(=O)CCO2)C(=C1)O)OC	1.5	122182398	COCONUT:(CNP0078630);PubChem:(122182398);PubMed	2097218
72	1	N/A	-366.65459194110105	C11H12O5	[M - H2O + H]+	NJMLRQVWOPGDSK	InChI=1S/C11H12O5/c1-11(14)10(13)8-6(5-16-11)3-4-7(15-2)9(8)12/h3-4,12,14H,5H2,1-2H3	null	CC1(C(=O)C2=C(CO1)C=CC(=C2O)OC)O	1.0	129688103	COCONUT:(CNP0104344);Natural Products:(UNPD176606);PubChem:(129688103);SuperNatural:(SN00314546)	3178498
73	1	N/A	-367.6882631719532	C11H12O5	[M - H2O + H]+	DYBGHVJXCODBIL	InChI=1S/C11H12O5/c1-6-9(11(12)14-3)7(13-2)4-8-10(6)16-5-15-8/h4H,5H2,1-3H3	null	CC1=C2C(=CC(=C1C(=O)OC)OC)OCO2	1.89999998	57505385	COCONUT:(CNP0285879);Natural Products:(UNPD81776);PubChem:(57505385)	2129922
74	1	N/A	-368.2800199428781	C11H12O5	[M - H2O + H]+	ITQMCGGDQIPRJM	InChI=1S/C11H12O5/c1-5-6(2)15-11(13)9-7(14-3)4-8(12)16-10(5)9/h4,6,11,13H,1H2,2-3H3	null	CC1C(=C)C2=C(C(O1)O)C(=CC(=O)O2)OC	-0.5	139584884	PubChem:(139584884);COCONUT:(CNP0357633)	2097154
75	1	N/A	-370.21381040248133	C11H12O5	[M - H2O + H]+	DYVJOSMIBABKSI	InChI=1S/C11H12O5/c1-5(6(2)12)9-10(14)7(13)4-8(16-3)11(9)15/h4-5,14H,1-3H3	2-hydroxy-5-methoxy-3-(3-oxobutan-2-yl)cyclohexa-2,5-diene-1,4-dione	CC(C1=C(C(=O)C=C(C1=O)OC)O)C(=O)C	0.300000012	11218355	PubChem:(11218355);COCONUT:(CNP0074137 CNP0356728)	2097154
76	1	N/A	-371.064694763727	C11H12O5	[M - H2O + H]+	OPUNBWBQUCHJGF	InChI=1S/C11H12O5/c1-11(15,7-13)5-4-8(6-12)9-2-3-10(14)16-9/h2-3,12-13,15H,6-7H2,1H3	null	CC(CO)(C#CC(=C1C=CC(=O)O1)CO)O	-0.899999976	12124514;101223149	COCONUT:(CNP0258639);Natural Products:(UNPD136007);PubChem:(12124514 101223149)	2129922
77	1	N/A	-372.1448833284672	C11H12O5	[M - H2O + H]+	JKLMRPSQVILGMY	InChI=1S/C11H12O5/c1-11(15)4-6-2-9(13)10(14)3-8(12)7(6)5-16-11/h2-3,12,15H,4-5H2,1H3,(H,13,14)	3,7,9-trihydroxy-3-methyl-1,4-dihydrocyclohepta[c]pyran-6-one	CC1(CC2=C(CO1)C(=CC(=O)C(=C2)O)O)O	-0.699999988	135538591;135600359	COCONUT:(CNP0164874);KNApSAcK:(23994);Natural Products:(UNPD168252);PubChem:(135538591 135600359);SuperNatural:(SN00398503);MeSH:(135600359);PubMed	3178582
78	1	N/A	-372.79455738228876	C11H12O5	[M - H2O + H]+	SRBRUXANGPVKMN	InChI=1S/C11H12O5/c1-13-8-4-6-7(5-16-11(6)12)9(14-2)10(8)15-3/h4H,5H2,1-3H3	4,5,6-trimethoxy-3H-2-benzofuran-1-one	COC1=C(C(=C2COC(=O)C2=C1)OC)OC	1.29999995	230869	COCONUT:(CNP0369114);PubChem:(230869);SuperNatural:(SN00043491);ZINC bio:(ZINC00138990)	3153922
79	1	N/A	-374.39709483627706	C11H12O5	[M - H2O + H]+	YWFBTEHDLKFDCW	InChI=1S/C11H12O5/c1-11(14)10(13)8-6(5-16-11)3-4-7(12)9(8)15-2/h3-4,12,14H,5H2,1-2H3	null	CC1(C(=O)C2=C(CO1)C=CC(=C2OC)O)O	0.76505357	""	COCONUT:(CNP0132087);Natural Products:(UNPD85099);SuperNatural:(SN00367133)	3178496
80	1	N/A	-379.2449505953595	C11H12O5	[M - H2O + H]+	MJPSOCVCUXUXLP	InChI=1S/C11H12O5/c1-5-10(13)7-3-6(15-2)4-8(12)9(7)11(14)16-5/h3-5,10,12-13H,1-2H3	null	CC1C(C2=C(C(=CC(=C2)OC)O)C(=O)O1)O	1.29999995	45359158;93061331;93061332;93061333;93061334	COCONUT:(CNP0132251);Natural Products:(UNPD203100);PubChem:(45359158 93061331 93061332 93061333 93061334);SuperNatural:(SN00032933 SN00032932 SN00032931 SN00032934);ZINC bio:(ZINC35456090 ZINC35456095 ZINC35456099 ZINC35456102);additional;Training Set;KEGG Mine	8593661954
81	1	N/A	-382.1342375034686	C11H12O5	[M - H2O + H]+	VFUAFLPXAQFTLG	InChI=1S/C11H12O5/c1-5-3-6-4-7(12)10(15-2)9(13)8(6)11(14)16-5/h4-5,12-13H,3H2,1-2H3	6,8-dihydroxy-7-methoxy-3-methyl-3,4-dihydroisochromen-1-one	CC1CC2=CC(=C(C(=C2C(=O)O1)O)OC)O	2.0999999	614234;22294900	COCONUT:(CNP0348626);PubChem:(614234 22294900);SuperNatural:(SN00030465 SN00030464);ZINC bio:(ZINC32254419 ZINC32254421);additional;MeSH:(22294900);Training Set;PubMed	3694662
82	1	N/A	-383.0250183408643	C11H12O5	[M - H2O + H]+	ZBHFOCAMTLIHHC	InChI=1S/C11H12O5/c1-11(15-2)5-6-3-7(12)4-8(13)9(6)10(14)16-11/h3-4,12-13H,5H2,1-2H3	null	CC1(CC2=C(C(=CC(=C2)O)O)C(=O)O1)OC	1.89999998	129831560	COCONUT:(CNP0219166);Natural Products:(UNPD20156);PubChem:(129831560);SuperNatural:(SN00255459)	3178498
83	1	N/A	-383.46895626825886	C11H12O5	[M - H2O + H]+	CBOVMILAWSSPKZ	InChI=1S/C11H12O5/c12-6-2-1-4-8-10(14)9(5-3-7-13)16-11(8)15/h1-6,9-10,13-14H,7H2	Eutypellin A	C(C=CC1C(C(=CC=CC=O)C(=O)O1)O)O	-0.899999976	44479732	COCONUT:(CNP0242439);KNApSAcK:(47870);Natural Products:(UNPD14435);PubChem:(44479732);SuperNatural:(SN00375254);MeSH:(44479732);PubMed	3178582
84	1	N/A	-384.8423610180147	C11H12O5	[M - H2O + H]+	JELOYSWGYATABR	InChI=1S/C11H12O5/c1-5(12)9(14)10-7-3-2-6(13)4-8(7)11(15)16-10/h2-5,9-10,12-14H,1H3	1(3H)-Isobenzofuranone, 3-(1,2-dihydroxypropyl)-6-hydroxy-	CC(C(C1C2=C(C=C(C=C2)O)C(=O)O1)O)O	0.200000003	10775490	COCONUT:(CNP0212353);KNApSAcK:(50395);Natural Products:(UNPD181766);PubChem:(10775490);SuperNatural:(SN00367796)	3178514
85	1	N/A	-385.4963486957788	C11H12O5	[M - H2O + H]+	KMMGWWCKVLBXLF	InChI=1S/C11H12O5/c1-2-3-4-7-8(5-6-9(12)13)11(15)16-10(7)14/h3-4H,2,5-6H2,1H3,(H,12,13)	null	CCC=CC1=C(C(=O)OC1=O)CCC(=O)O	1.10000002	10443595;85144948	COCONUT:(CNP0182855);Natural Products:(UNPD89216);PubChem:(10443595 85144948);SuperNatural:(SN00376546)	3178498
86	1	N/A	-386.99374382218144	C11H12O5	[M - H2O + H]+	FQNSWDMLJLMQPR	InChI=1S/C11H12O5/c1-5-7(14-2)4-6(12)8-9(13)11(15-3)16-10(5)8/h4,11-12H,1-3H3	null	CC1=C(C=C(C2=C1OC(C2=O)OC)O)OC	2.0	15386354	COCONUT:(CNP0161880);KNApSAcK:(44317);Natural Products:(UNPD128851);PubChem:(15386354);SuperNatural:(SN00348055)	3178514
87	1	N/A	-388.816739172858	C11H12O5	[M - H2O + H]+	CZVAQLJEUUFQCH	InChI=1S/C11H12O5/c12-8-4-6(5-9(13)11(8)15)3-7-1-2-10(14)16-7/h4-5,7,12-13,15H,1-3H2	null	C1CC(=O)OC1CC2=CC(=C(C(=C2)O)O)O	1.10000002	44389277;92850118	COCONUT:(CNP0083840);HMDB:(41691);PubChem:(44389277 92850118);CHEBI:(134255);PubChem class - bio and metabolites;PubMed	18874474
88	1	N/A	-389.3216344968041	C11H12O5	[M - H2O + H]+	QRBHHBZDQMUFJV	InChI=1S/C11H12O5/c1-5-3-6-7(12)4-8(13)10(15-2)9(6)11(14)16-5/h4-5,12-13H,3H2,1-2H3	null	CC1CC2=C(C(=C(C=C2O)O)OC)C(=O)O1	1.5	76900254;139586462	COCONUT:(CNP0130522);Natural Products:(UNPD223932);PubChem:(76900254 139586462)	2129922
89	1	N/A	-390.6334837589629	C11H12O5	[M - H2O + H]+	GRSVIXWYIHCOGF	InChI=1S/C11H12O5/c1-4-7(13)3-6-8(9(4)14)11(15)16-10(6)5(2)12/h3,5,10,12-14H,1-2H3	pestaphthalide B	CC1=C(C=C2C(OC(=O)C2=C1O)C(C)O)O	1.29999995	24850093;24850094;134857651	COCONUT:(CNP0403357);Natural Products:(UNPD27721 UNPD38030);PubChem:(24850093 24850094 134857651);SuperNatural:(SN00348672 SN00375237);PubMed	3178562
90	1	N/A	-391.7658206401408	C11H12O5	[M - H2O + H]+	TXTINTVPMBCGKO	InChI=1S/C11H12O5/c1-3-7(5-12)8-4-10(13)16-6-9(8)11(14)15-2/h3,5-6,8H,4H2,1-2H3	methyl (4S)-2-oxo-4-[(E)-1-oxobut-2-en-2-yl]-3,4-dihydropyran-5-carboxylate	CC=C(C=O)C1CC(=O)OC=C1C(=O)OC	0.200000003	10013857;20054903	COCONUT:(CNP0238106);HMDB:(30018);Natural Products:(UNPD181299 UNPD185959);PubChem:(10013857 20054903);SuperNatural:(SN00357564);PubChem class - bio and metabolites	19955722
91	1	N/A	-393.59063169028093	C11H12O5	[M - H2O + H]+	GTUWEBOBCOAMGJ	InChI=1S/C11H12O5/c12-8-5-10(14)9(13)4-6(8)3-7-1-2-11(15)16-7/h4-5,7,12-14H,1-3H2	null	C1CC(=O)OC1CC2=CC(=C(C=C2O)O)O	1.10000002	131834533	HMDB:(128183);PubChem:(131834533);PubChem class - bio and metabolites	16777226
92	1	N/A	-398.96582829630836	C11H12O5	[M - H2O + H]+	HUGWHUCHDWOFLZ	InChI=1S/C11H12O5/c1-5-6(14-2)4-7-8(9(5)12)10(13)11(15-3)16-7/h4,11-12H,1-3H3	null	CC1=C(C=C2C(=C1O)C(=O)C(O2)OC)OC	2.0	15386351	COCONUT:(CNP0226486);KNApSAcK:(44316);Natural Products:(UNPD43203);PubChem:(15386351);SuperNatural:(SN00246115)	3178514
93	1	N/A	-403.38942364040497	C11H12O5	[M - H2O + H]+	DIQUDZWYJYGQGV	InChI=1S/C11H12O5/c1-3-8(5-12)9-4-11(14)15-6-10(9)16-7(2)13/h3,5-6,9H,4H2,1-2H3	[(4S)-2-oxo-4-[(E)-1-oxobut-2-en-2-yl]-3,4-dihydropyran-5-yl] acetate	CC=C(C=O)C1CC(=O)OC=C1OC(=O)C	0.100000001	5317027	COCONUT:(CNP0383861);PubChem:(5317027);SuperNatural:(SN00165750)	3145730
94	1	N/A	-404.7269572581639	C11H12O5	[M - H2O + H]+	BIWNDHPZHWCUSL	InChI=1S/C11H12O5/c1-15-8-4-6-2-3-16-11(14)9(6)10(13)7(8)5-12/h4,12-13H,2-3,5H2,1H3	null	COC1=C(C(=C2C(=C1)CCOC2=O)O)CO	1.10000002	25769053	COCONUT:(CNP0221138);Natural Products:(UNPD25971);PubChem:(25769053);SuperNatural:(SN00020345);ZINC bio:(ZINC13461361);PubMed	3186754
95	1	N/A	-408.44131235272886	C11H12O5	[M - H2O + H]+	SPXGRHRWLJRRMZ	InChI=1S/C11H12O5/c1-5(12)8-4-16-11(15)10-7(8)2-6(13)3-9(10)14/h2-3,5,8,12-14H,4H2,1H3	null	CC(C1COC(=O)C2=C1C=C(C=C2O)O)O	1.20000005	71665534;78144561	COCONUT:(CNP0162261);Natural Products:(UNPD219161);PubChem:(71665534 78144561)	2129922
96	1	N/A	-411.5092074942328	C11H12O5	[M - H2O + H]+	DFFWZNDCNBOKDI	InChI=1S/C11H12O5/c12-7-3-6(11(15)16)4-8(13)9(7)10(14)5-1-2-5/h5-6,14H,1-4H2,(H,15,16)	Trinexapac	C1CC1C(=C2C(=O)CC(CC2=O)C(=O)O)O	0.200000003	14371531	NORMAN:(NS00004127);PubChem:(14371531);CHEBI:(83454);additional;MeSH:(14371531);PubChem class - safety and toxic;Training Set;PubMed;KEGG Mine	8657846374
97	1	N/A	-412.06178357843373	C11H12O5	[M - H2O + H]+	KXVMKBWXEKNBQN	InChI=1S/C11H12O5/c1-5-8(13)3-6-2-7(4-12)16-11(15)9(6)10(5)14/h3,7,12-14H,2,4H2,1H3	null	CC1=C(C=C2CC(OC(=O)C2=C1O)CO)O	1.39999998	101890349;132514432	COCONUT:(CNP0354122);PubChem:(101890349 132514432);PubMed	2097218
98	1	N/A	-415.29770209858833	C11H12O5	[M - H2O + H]+	DMURDVUFGONEOC	InChI=1S/C11H12O5/c1-16-5-2-6-10(7(12)3-5)8(13)4-9(14)11(6)15/h2-3,9,11-12,14-15H,4H2,1H3	(3S,4S)-3,4,8-trihydroxy-6-methoxy-tetralin-1-one	COC1=CC2=C(C(=O)CC(C2O)O)C(=C1)O	0.100000001	71588319;132576835	COCONUT:(CNP0241075);Natural Products:(UNPD195470);PubChem:(71588319 132576835);SuperNatural:(SN00283109);PubMed	3178562
99	1	N/A	-420.43696805965243	C11H12O5	[M - H2O + H]+	GRPDFZWZVGSOSZ	InChI=1S/C11H12O5/c1-5-3-7(15-2)9-8(6(5)4-12)10(13)16-11(9)14/h3,10,12-13H,4H2,1-2H3	null	CC1=CC(=C2C(=C1CO)C(OC2=O)O)OC	1.14674127	""	COCONUT:(CNP0298501);Natural Products:(UNPD54292);SuperNatural:(SN00296625)	3178496
100	1	N/A	-425.0656994360869	C11H12O5	[M - H2O + H]+	YGMCLLBEQOVTOF	InChI=1S/C11H12O5/c1-3-6-5-15-11(13)9-7(14-2)4-8(12)16-10(6)9/h3,7H,4-5H2,1-2H3	null	CC=C1COC(=O)C2=C1OC(=O)CC2OC	0.770790815	""	COCONUT:(CNP0226050)	2097152
101	1	N/A	-425.881945603762	C11H12O5	[M - H2O + H]+	ZVRUDYNVKYYNCW	InChI=1S/C11H12O5/c1-3-4-6-8(12)9(13)7-10(16-6)5(2)15-11(7)14/h3-4,6,8-9,12-13H,2H2,1H3	null	CC=CC1C(C(C2=C(O1)C(=C)OC2=O)O)O	-0.200000003	24039271;74167850	COCONUT:(CNP0124882);Natural Products:(UNPD216343);PubChem:(24039271 74167850);SuperNatural:(SN00033232 SN00029243 SN00029242 SN00033231);CHEBI:(93921);ZINC bio:(ZINC31161680 ZINC31161683 ZINC35457411 ZINC35457414)	3186722
102	1	N/A	-431.698058437728	C11H12O5	[M - H2O + H]+	PNKVYPMEXQYKSB	InChI=1S/C11H12O5/c1-5-9(12)7(3-15-2)6-4-16-11(14)8(6)10(5)13/h12-13H,3-4H2,1-2H3	null	CC1=C(C(=C2COC(=O)C2=C1O)COC)O	1.20000005	86136225	COCONUT:(CNP0175912);Natural Products:(UNPD124140);PubChem:(86136225);SuperNatural:(SN00362013)	3178498
103	1	N/A	-438.2890179188815	C11H12O5	[M - H2O + H]+	AIRLSBLAJVEBPQ	InChI=1S/C11H12O5/c1-5-6(12)3-7(13)9-8(14)4-11(2,15)16-10(5)9/h3,12-13,15H,4H2,1-2H3	null	CC1=C2C(=C(C=C1O)O)C(=O)CC(O2)(C)O	1.20000005	45359429	COCONUT:(CNP0139059);PubChem:(45359429);SuperNatural:(SN00020367 SN00020366);ZINC bio:(ZINC13480457 ZINC13480458)	3153922
104	1	N/A	-441.91679485433696	C11H12O5	[M - H2O + H]+	DNTJZIFWHDIJNL	InChI=1S/C11H12O5/c12-4-5-1-6-10(7(13)2-5)8(14)3-9(15)11(6)16/h1-2,9,11-13,15-16H,3-4H2	null	C1C(C(C2=C(C1=O)C(=CC(=C2)CO)O)O)O	-0.800000012	139585700	COCONUT:(CNP0206051);Natural Products:(UNPD200421);PubChem:(139585700)	2129922
105	1	N/A	-445.1345276118555	C11H12O5	[M - H2O + H]+	OZAAZKVZLIUCSD	InChI=1S/C11H12O5/c1-3-6-7-4-9(16-11(6)13)15-5-8(7)10(12)14-2/h3,5,7,9H,4H2,1-2H3	null	CC=C1C2CC(OC=C2C(=O)OC)OC1=O	1.10000002	44186083;44241606;44241608	COCONUT:(CNP0134351);Natural Products:(UNPD164400 UNPD192611);PubChem:(44186083 44241606 44241608);SuperNatural:(SN00262202)	3178498
106	1	N/A	-449.6294456465557	C11H12O5	[M - H2O + H]+	CJGNVGGNKORTNX	InChI=1S/C11H12O5/c1-5-3-6(4-12)7-8(9(5)15-2)11(14)16-10(7)13/h3,10,12-13H,4H2,1-2H3	null	CC1=CC(=C2C(OC(=O)C2=C1OC)O)CO	0.200000003	14636438	COCONUT:(CNP0149926);Natural Products:(UNPD181730);PubChem:(14636438);SuperNatural:(SN00363717)	3178498
107	1	N/A	-452.27770732945083	C11H12O5	[M - H2O + H]+	PYJMOWDBOPKFBI	InChI=1S/C11H12O5/c1-14-9(12)7-4-15-10-8-6(7)2-3-11(8,13)5-16-10/h2-4,6,8,10,13H,5H2,1H3	null	COC(=O)C1=COC2C3C1C=CC3(CO2)O	-0.200000003	11138761;85412566;129317086;138113904	COCONUT:(CNP0270074);Natural Products:(UNPD143013);PubChem:(11138761 85412566 129317086 138113904);SuperNatural:(SN00300530);PubMed	3178562
108	1	N/A	-452.73627913245195	C11H12O5	[M - H2O + H]+	NCWNPMLWLHPEHL	InChI=1S/C11H12O5/c1-5(12)11-9(15)4-7-8(14)2-6(13)3-10(7)16-11/h2-3,9,11,13-15H,4H2,1H3	null	CC(=O)C1C(CC2=C(C=C(C=C2O1)O)O)O	0.481182456	""	COCONUT:(CNP0131325);Natural Products:(UNPD204879 UNPD204878)	2129920
109	1	N/A	-453.68926243956344	C11H12O5	[M - H2O + H]+	ZZCQGUGZJOVBQE	InChI=1S/C11H12O5/c1-11(14)5-8(13)10-7(12)3-6(15-2)4-9(10)16-11/h3-4,12,14H,5H2,1-2H3	null	CC1(CC(=O)C2=C(C=C(C=C2O1)OC)O)O	1.20000005	44233636	COCONUT:(CNP0304907);Natural Products:(UNPD61710);PubChem:(44233636);SuperNatural:(SN00288887);KEGG Mine	8593113090
110	1	N/A	-456.8219935818977	C11H12O5	[M - H2O + H]+	MWZYYACVPIJBPD	InChI=1S/C11H12O5/c1-5-3-4-7(12)9(14)11(5)8(13)6(2)16-10(11)15/h3-5,8-9,13-14H,2H2,1H3	massarigenin D	CC1C=CC(=O)C(C12C(C(=C)OC2=O)O)O	-0.600000024	10105013;10263028;10398700;21776785;21776786;102459630;102459633;139583706;139585183;139588221	COCONUT:(CNP0228911);KNApSAcK:(34427);Natural Products:(UNPD49091 UNPD111593 UNPD220524 UNPD120877 UNPD214286);PubChem:(10105013 10263028 10398700 21776785 21776786 102459630 102459633 139583706 139585183 139588221);SuperNatural:(SN00375343 SN00326731 SN00350098);MeSH:(10398700);PubMed	3178582
111	1	N/A	-485.3484394287345	C11H12O5	[M - H2O + H]+	JXHHNBXXNMCCNK	InChI=1S/C11H12O5/c1-5-9(13)6(3-12)7-4-16-11(14)8(7)10(5)15-2/h12-13H,3-4H2,1-2H3	5-hydroxy-4-(hydroxymethyl)-7-methoxy-6-methyl-3H-2-benzofuran-1-one	CC1=C(C(=C2COC(=O)C2=C1OC)CO)O	1.0	19901299	COCONUT:(CNP0343975);Natural Products:(UNPD32019);PubChem:(19901299);SuperNatural:(SN00388422)	3178498
112	1	N/A	-589.5655616055681	C11H12O5	[M - H2O + H]+	ONMKQPZJGXORPB	InChI=1S/C11H12O5/c1-4-10(14)16-9-5(2)15-7-3-6(12)8(13)11(4,7)9/h4,7-9,13H,2-3H2,1H3	null	CC1C(=O)OC2C13C(CC(=O)C3O)OC2=C	-0.124850839	""	COCONUT:(CNP0215045);Natural Products:(UNPD188173)	2129920
113	1	N/A	-599.9328539324327	C11H12O5	[M - H2O + H]+	OVBNBTYAVURRMB	InChI=1S/C11H12O5/c1-4-7-3-6(12)8(13)11(4)9(16-7)5(2)15-10(11)14/h4,7-9,13H,2-3H2,1H3	null	CC1C2CC(=O)C(C13C(O2)C(=C)OC3=O)O	-0.600000024	11117682;85405106;101182159;139587007	COCONUT:(CNP0312809);KNApSAcK:(34688);Natural Products:(UNPD68905);PubChem:(11117682 85405106 101182159 139587007);SuperNatural:(SN00322440)	3178514
1	1	N/A	-95.82951748716388	C11H10O4	[M + H]+	GUAFOGOEJLSQBT	InChI=1S/C11H10O4/c1-13-9-5-7-3-4-11(12)15-8(7)6-10(9)14-2/h3-6H,1-2H3	Scoparon	COC1=C(C=C2C(=C1)C=CC(=O)O2)OC	1.89999998	8417	HMDB:(30818);SuperNatural:(SN00000189);ZINC bio:(ZINC00002067);additional;MeSH:(8417);Plantcyc:(CPD-14452 CPD-9836);PubMed;NORMAN:(NS00023901);COCONUT:(CNP0286100 CNP0364041);KNApSAcK:(2498);Natural Products:(UNPD66361);PubChem:(8417);CHEBI:(9055);PubChem class - bio and metabolites;KEGG:(C09311);PubChem class - safety and toxic;Training Set;Biocyc:(CPD-9836 CPD-14452)	88009086
2	1	N/A	-98.69070118778467	C11H10O4	[M + H]+	CHBBSMUTOCUVDW	InChI=1S/C11H10O4/c1-13-8-5-3-7-4-6-9(12)15-10(7)11(8)14-2/h3-6H,1-2H3	7,8-Dimethoxycoumarin	COC1=C(C2=C(C=C1)C=CC(=O)O2)OC	1.89999998	142768	COCONUT:(CNP0290927);Natural Products:(UNPD160280);PubChem:(142768);SuperNatural:(SN00000880);ZINC bio:(ZINC00058039);additional;MeSH:(142768);Training Set;PubMed	3727430
3	1	N/A	-99.50269615397842	C11H10O4	[M + H]+	UQUJRRZSWGUHRN	InChI=1S/C11H10O4/c1-13-8-5-7-3-4-10(12)15-11(7)9(6-8)14-2/h3-6H,1-2H3	6,8-dimethoxycoumarin	COC1=CC(=C2C(=C1)C=CC(=O)O2)OC	1.89999998	21790450	COCONUT:(CNP0143254);Natural Products:(UNPD188339);PubChem:(21790450);SuperNatural:(SN00289340);PubMed	3178562
4	1	N/A	-115.43213855185643	C11H10O4	[M + H]+	XICLZVQOVIQOBV	InChI=1S/C11H10O4/c1-6-3-11(13)15-9-5-10(14-2)8(12)4-7(6)9/h3-5,12H,1-2H3	4-Methyl-7-methoxy-6-hydroxycoumarin	CC1=CC(=O)OC2=CC(=C(C=C12)O)OC	1.39999998	238946	COCONUT:(CNP0078986);PubChem:(238946);PubMed;KEGG Mine	8592031810
5	1	N/A	-126.53972223920957	C11H10O4	[M + H]+	PRVOZGKAZHXKMM	InChI=1S/C11H10O4/c1-14-6-7-4-11(13)15-10-5-8(12)2-3-9(7)10/h2-5,12H,6H2,1H3	Oprea1_662014	COCC1=CC(=O)OC2=C1C=CC(=C2)O	1.40535963	5393168	COCONUT:(CNP0365356);PubChem:(5393168);SuperNatural:(SN00000773);ZINC bio:(ZINC00057928);additional;Training Set;PubMed	3694658
6	1	N/A	-127.22195806860756	C11H10O4	[M + H]+	XSWDPIQGBIWAPT	InChI=1S/C11H10O4/c1-13-8-4-3-7-5-10(11(12)14-2)15-9(7)6-8/h3-6H,1-2H3	Methyl 6-methoxy-2-benzofurancarboxylate	COC1=CC2=C(C=C1)C=C(O2)C(=O)OC	2.06928968	3016964	PubChem:(3016964);NORMAN:(NS00058395)	262146
7	1	N/A	-129.51539431590766	C11H10O4	[M + H]+	ZYRLZLIMDGNMHZ	InChI=1S/C11H10O4/c1-14-9-5-10-7(4-8(9)6-12)2-3-11(13)15-10/h2-5,12H,6H2,1H3	null	COC1=C(C=C2C=CC(=O)OC2=C1)CO	1.0	14212558	COCONUT:(CNP0186764);HMDB:(136784);KNApSAcK:(19920);Natural Products:(UNPD47320);PubChem:(14212558);SuperNatural:(SN00305602);PubChem class - bio and metabolites	19955738
8	1	N/A	-130.82795749426685	C11H10O4	[M + H]+	FVOAEBXBHZGWDU	InChI=1S/C11H10O4/c1-6-3-7-4-9(12)10(14-2)5-8(7)11(13)15-6/h3-5,12H,1-2H3	null	CC1=CC2=CC(=C(C=C2C(=O)O1)OC)O	1.89999998	130033088	COCONUT:(CNP0216150);Natural Products:(UNPD161982);PubChem:(130033088)	2129922
9	1	N/A	-133.08016833915977	C11H10O4	[M + H]+	IAFJNCMUCQDWCR	InChI=1S/C11H10O4/c1-13-8-4-3-7-5-10(14-2)11(12)15-9(7)6-8/h3-6H,1-2H3	Coumarin, 3,7-dimethoxy-	COC1=CC2=C(C=C1)C=C(C(=O)O2)OC	2.0999999	609836	COCONUT:(CNP0261653);Natural Products:(UNPD137668);PubChem:(609836);SuperNatural:(SN00391518)	3178498
10	1	N/A	-134.28796207562416	C11H10O4	[M + H]+	VWIUIZNOOWXYFW	InChI=1S/C11H10O4/c1-14-8-2-3-9-7(6-12)4-11(13)15-10(9)5-8/h2-5,12H,6H2,1H3	4-Hydroxymethyl-7-methoxycoumarin	COC1=CC2=C(C=C1)C(=CC(=O)O2)CO	1.40535963	609819;10632155	PubChem:(609819 10632155);PubChem class - safety and toxic	67108866
11	1	N/A	-136.94381769931712	C11H10O4	[M + H]+	LKHUOTSOCUDANT	InChI=1S/C11H10O4/c1-14-9-4-2-7-3-5-10(13)15-11(7)8(9)6-12/h2-5,12H,6H2,1H3	8-(hydroxymethyl)-7-methoxychromen-2-one	COC1=C(C2=C(C=C1)C=CC(=O)O2)CO	1.0	1051542	COCONUT:(CNP0110564);KNApSAcK:(19969);Natural Products:(UNPD187944);PubChem:(1051542);SuperNatural:(SN00267699)	3178514
12	1	N/A	-137.31591948836135	C11H10O4	[M + H]+	HQQDEMPEVPICJD	InChI=1S/C11H10O4/c1-2-6-5-9(13)15-11-7(6)3-4-8(12)10(11)14/h3-5,12,14H,2H2,1H3	4-ethyl-7,8-dihydroxychromen-2-one	CCC1=CC(=O)OC2=C1C=CC(=C2O)O	1.5	5428526	COCONUT:(CNP0393367);PubChem:(5428526);SuperNatural:(SN00048009);PubMed;ZINC bio:(ZINC00615051)	3153986
13	1	N/A	-137.89913478142262	C11H10O4	[M + H]+	LMQDURWTBKNTJF	InChI=1S/C11H10O4/c1-6-5-7(12)10-8(15-6)3-4-9(14-2)11(10)13/h3-5,13H,1-2H3	null	CC1=CC(=O)C2=C(O1)C=CC(=C2O)OC	2.0999999	101570901	COCONUT:(CNP0214426);Natural Products:(UNPD206318);PubChem:(101570901)	2129922
14	1	N/A	-144.2634067825928	C11H10O4	[M + H]+	AVEFEKKVKSUABY	InChI=1S/C11H10O4/c1-13-10-5-7-8(12)3-4-15-9(7)6-11(10)14-2/h3-6H,1-2H3	null	COC1=C(C=C2C(=C1)C(=O)C=CO2)OC	1.77900851	21853370	COCONUT:(CNP0116443);Natural Products:(UNPD9244);PubChem:(21853370);SuperNatural:(SN00314502)	3178498
15	1	N/A	-146.5835195081028	C11H10O4	[M + H]+	QCXJFLREQGIACT	InChI=1S/C11H10O4/c1-14-8-2-3-9-7(4-11(12)13)6-15-10(9)5-8/h2-3,5-6H,4H2,1H3,(H,12,13)	Oprea1_614850	COC1=CC2=C(C=C1)C(=CO2)CC(=O)O	1.79999995	736818;6932577	PubChem:(736818 6932577);PubMed;PubChem class - bio and metabolites	16777282
16	1	N/A	-147.82883119445614	C11H10O4	[M + H]+	YITSCFOPPAUZLM	InChI=1S/C11H10O4/c1-13-8-4-5-9(14-2)11-7(8)3-6-10(12)15-11/h3-6H,1-2H3	5,8-Dimethoxycumarin	COC1=C2C=CC(=O)OC2=C(C=C1)OC	1.89999998	609839	COCONUT:(CNP0168346);Natural Products:(UNPD159943);PubChem:(609839);SuperNatural:(SN00333198)	3178498
17	1	N/A	-149.57147477580094	C11H10O4	[M + H]+	NFYMTYGXJXAZEG	InChI=1S/C11H10O4/c1-14-9-5-3-8(4-6-11(12)13)7-10(9)15-2/h3,5,7H,1-2H3,(H,12,13)	3-(3,4-Dimethoxyphenyl)propiolic acid	COC1=C(C=C(C=C1)C#CC(=O)O)OC	1.68296087	3708335	PubChem:(3708335);PubChem class - safety and toxic	67108866
18	1	N/A	-150.82872906553325	C11H10O4	[M + H]+	XFTYTCGZIHCACM	InChI=1S/C11H10O4/c1-6-5-8(13)10-7(12)3-4-9(14-2)11(10)15-6/h3-5,12H,1-2H3	null	CC1=CC(=O)C2=C(C=CC(=C2O1)OC)O	2.0999999	130032396	COCONUT:(CNP0287307);Natural Products:(UNPD199046);PubChem:(130032396)	2129922
19	1	N/A	-152.37500976836657	C11H10O4	[M + H]+	LJVMXVODLKJAIN	InChI=1S/C11H10O4/c1-5-6(2)11(14)15-10-7(5)3-4-8(12)9(10)13/h3-4,12-13H,1-2H3	7,8-dihydroxy-3,4-dimethylchromen-2-one	CC1=C(C(=O)OC2=C1C=CC(=C2O)O)C	1.5	5428527	COCONUT:(CNP0391457);PubChem:(5428527);SuperNatural:(SN00048010);ZINC bio:(ZINC00615056)	3153922
20	1	N/A	-153.76619460558496	C11H10O4	[M + H]+	PEAFNDBGXUYBRQ	InChI=1S/C11H10O4/c1-13-7-3-4-8-9(5-7)15-6-10(14-2)11(8)12/h3-6H,1-2H3	null	COC1=CC2=C(C=C1)C(=O)C(=CO2)OC	1.70000005	129834844	COCONUT:(CNP0181719);Natural Products:(UNPD100869);PubChem:(129834844);SuperNatural:(SN00265862)	3178498
21	1	N/A	-154.3230706775432	C11H10O4	[M + H]+	ISESONVYWLLDIF	InChI=1S/C11H10O4/c1-2-6-3-11(14)15-10-5-9(13)8(12)4-7(6)10/h3-5,12-13H,2H2,1H3	4-ethyl-6,7-dihydroxychromen-2-one	CCC1=CC(=O)OC2=CC(=C(C=C12)O)O	1.5	16394694	COCONUT:(CNP0107708);PubChem:(16394694);SuperNatural:(SN00078718);ZINC bio:(ZINC08764858)	3153922
22	1	N/A	-159.08458317401073	C11H10O4	[M + H]+	NXJCRELRQHZBQA	InChI=1S/C11H10O4/c1-13-7-5-9(14-2)8-3-4-11(12)15-10(8)6-7/h3-6H,1-2H3	Limettin	COC1=CC2=C(C=CC(=O)O2)C(=C1)OC	1.89999998	2775	HMDB:(32952);SuperNatural:(SN00000612);ZINC bio:(ZINC00057754);additional;MeSH:(2775);PubMed;NORMAN:(NS00031817);COCONUT:(CNP0096443 CNP0292843);Natural Products:(UNPD104780);PubChem:(2775);CHEBI:(113528);PubChem class - bio and metabolites;PubChem class - safety and toxic;Training Set	87875694
23	1	N/A	-163.26278938769755	C11H10O4	[M + H]+	UMLNUFLSRYJZFA	InChI=1S/C11H10O4/c1-6-3-7(12)4-9-11(6)8(14-2)5-10(13)15-9/h3-5,12H,1-2H3	7-hydroxy-4-methoxy-5-methylchromen-2-one	CC1=CC(=CC2=C1C(=CC(=O)O2)OC)O	1.60000002	5318268	COCONUT:(CNP0278572);KNApSAcK:(42174);Natural Products:(UNPD149067);PubChem:(5318268);SuperNatural:(SN00158166);PubMed	3178578
24	1	N/A	-166.55660841673972	C11H10O4	[M + H]+	YZCNMNIEOSATKG	InChI=1S/C11H10O4/c1-15-11(14)5-3-8-2-4-10(13)9(6-8)7-12/h2-7,13H,1H3	null	COC(=O)C=CC1=CC(=C(C=C1)O)C=O	1.89999998	10330602;85112854	COCONUT:(CNP0214902);Natural Products:(UNPD123279);PubChem:(10330602 85112854);SuperNatural:(SN00339687);ZINC bio:(ZINC15217490)	3186690
25	1	N/A	-167.16822725445272	C11H10O4	[M + H]+	CEYBVHFSZZQISA	InChI=1S/C11H10O4/c1-6-3-8(13)11-9(14-2)4-7(12)5-10(11)15-6/h3-5,12H,1-2H3	4H-1-Benzopyran-4-one, 7-hydroxy-5-methoxy-2-methyl-	CC1=CC(=O)C2=C(O1)C=C(C=C2OC)O	1.90111506	11252728	COCONUT:(CNP0119898);Natural Products:(UNPD7555);PubChem:(11252728);SuperNatural:(SN00292274);KEGG Mine	8593113090
26	1	N/A	-169.0367894569304	C11H10O4	[M + H]+	BZMCHKXIXROMSY	InChI=1S/C11H10O4/c1-6-3-7-4-8(14-2)5-9(12)10(7)11(13)15-6/h3-5,12H,1-2H3	null	CC1=CC2=CC(=CC(=C2C(=O)O1)O)OC	2.5	11127420	COCONUT:(CNP0307918);Natural Products:(UNPD35940);PubChem:(11127420);SuperNatural:(SN00388533);ZINC bio:(ZINC13334565);MeSH:(11127420);PubMed;KEGG Mine	8593121350
27	1	N/A	-169.3825847868216	C11H10O4	[M + H]+	STRGGTSNBAPOSA	InChI=1S/C11H10O4/c1-13-9-5-7(11(12)14-2)6-10-8(9)3-4-15-10/h3-6H,1-2H3	methyl 4-methoxybenzofuran-6-carboxylate	COC1=CC(=CC2=C1C=CO2)C(=O)OC	2.0999999	13801350	COCONUT:(CNP0230474);PubChem:(13801350);SuperNatural:(SN00111750);ZINC bio:(ZINC72228351)	3153922
28	1	N/A	-170.10733637658865	C11H10O4	[M + H]+	FTTSLAMJKUQKQB	InChI=1S/C11H10O4/c1-6-3-4-7(12)11-10(6)8(14-2)5-9(13)15-11/h3-5,12H,1-2H3	8-hydroxy-4-methoxy-5-methylchromen-2-one	CC1=C2C(=CC(=O)OC2=C(C=C1)O)OC	1.60000002	158310	COCONUT:(CNP0103591);Natural Products:(UNPD48958);PubChem:(158310);SuperNatural:(SN00326374)	3178498
29	1	N/A	-171.0399623052093	C11H10O4	[M + H]+	ISIRVTHXRLKMRV	InChI=1S/C11H10O4/c1-13-9-6-8(11(12)14-2)5-7-3-4-15-10(7)9/h3-6H,1-2H3	null	COC1=C2C(=CC(=C1)C(=O)OC)C=CO2	2.0999999	91444461	COCONUT:(CNP0131121);Natural Products:(UNPD157519);PubChem:(91444461);SuperNatural:(SN00238080);PubMed	3178562
30	1	N/A	-178.78564889799435	C11H10O4	[M + H]+	IQMBSQBMNIILBR	InChI=1S/C11H10O4/c1-13-9-5-8(3-2-4-12)6-10-11(9)15-7-14-10/h2-6H,7H2,1H3	3-Methoxy-4,5-methylenedioxycinnamaldehyde	COC1=CC(=CC2=C1OCO2)C=CC=O	1.60000002	5319472;53930048	COCONUT:(CNP0305244);HMDB:(35303);Natural Products:(UNPD62136 UNPD89375);PubChem:(5319472 53930048);SuperNatural:(SN00377261 SN00159264);PubChem class - bio and metabolites	19955722
31	1	N/A	-179.1915055831207	C11H10O4	[M + H]+	XSSGQRFNGHRFBC	InChI=1S/C11H10O4/c1-5-3-8(13)10-9(14)4-7(12)6(2)11(10)15-5/h3-4,12,14H,1-2H3	Spectrum_000601	CC1=CC(=O)C2=C(C=C(C(=C2O1)C)O)O	2.0999999	5318562	COCONUT:(CNP0106715);HMDB:(29472);Natural Products:(UNPD41840);PubChem:(5318562);SuperNatural:(SN00156733);CHEBI:(92103);PubChem class - bio and metabolites;PubMed;KEGG Mine	8609890410
32	1	N/A	-182.97452920364964	C11H10O4	[M + H]+	PXTMNPOEAJPRQE	InChI=1S/C11H10O4/c1-5-6(2)11(14)15-10-4-9(13)8(12)3-7(5)10/h3-4,12-13H,1-2H3	Dimethyl esculetin	CC1=C(C(=O)OC2=CC(=C(C=C12)O)O)C	1.5	16394696	COCONUT:(CNP0304042);PubChem:(16394696);SuperNatural:(SN00078705);ZINC bio:(ZINC08764843);MeSH:(16394696);PubMed	3153990
33	1	N/A	-183.10102441051842	C11H10O4	[M + H]+	HMAUJNAGOIPKDG	InChI=1S/C11H10O4/c1-5-3-8(13)10-9(15-5)4-7(12)6(2)11(10)14/h3-4,12,14H,1-2H3	Spectrum_000579	CC1=CC(=O)C2=C(O1)C=C(C(=C2O)C)O	2.0999999	5036604	COCONUT:(CNP0198191);HMDB:(29466);Natural Products:(UNPD111543);PubChem:(5036604);SuperNatural:(SN00251259);CHEBI:(92806);additional;PubChem class - bio and metabolites;PubMed;KEGG Mine	8610414698
34	1	N/A	-183.95292649221088	C11H10O4	[M + H]+	QZLJYWONHJSRPM	InChI=1S/C11H10O4/c1-6-10(11(13)14-2)8-5-7(12)3-4-9(8)15-6/h3-5,12H,1-2H3	Oprea1_232560	CC1=C(C2=C(O1)C=CC(=C2)O)C(=O)OC	2.20000005	2891692	COCONUT:(CNP0067261);PubChem:(2891692);SuperNatural:(SN00146646);ZINC bio:(ZINC03902765)	3153922
35	1	N/A	-184.0928043990717	C11H10O4	[M + H]+	XGCHWRRIHYVQRO	InChI=1S/C11H10O4/c1-6-7(12)3-4-8-11(6)9(14-2)5-10(13)15-8/h3-5,12H,1-2H3	2H-1-Benzopyran-2-one, 6-hydroxy-4-methoxy-5-methyl-	CC1=C(C=CC2=C1C(=CC(=O)O2)OC)O	1.60000002	23260079	COCONUT:(CNP0335116);Natural Products:(UNPD181547);PubChem:(23260079);SuperNatural:(SN00269681);PubMed	3178562
36	1	N/A	-185.13559031051312	C11H10O4	[M + H]+	LEEFXGNUXFGOTQ	InChI=1S/C11H10O4/c1-13-8-4-3-7-6-15-10(9(7)5-8)11(12)14-2/h3-6H,1-2H3	null	COC1=CC2=C(OC=C2C=C1)C(=O)OC	2.4000001	16205144	PubChem:(16205144);NORMAN:(NS00033304)	262146
37	1	N/A	-187.0588235569018	C11H10O4	[M + H]+	SUTUBQHKZRNZRA	InChI=1S/C11H10O4/c1-6-3-8(12)11-9(13)4-7(14-2)5-10(11)15-6/h3-5,13H,1-2H3	Eugenin	CC1=CC(=O)C2=C(C=C(C=C2O1)OC)O	1.90111506	10189	COCONUT:(CNP0106090 CNP0283363);HMDB:(36627);KNApSAcK:(30226);Natural Products:(UNPD30243);PubChem:(10189);SuperNatural:(SN00155218);CHEBI:(67374);ZINC bio:(ZINC00336322);PubChem class - bio and metabolites;KEGG:(C20210);PubMed	19964282
38	1	N/A	-187.90888304185552	C11H10O4	[M + H]+	QGBPWKDDSDODKY	InChI=1S/C11H10O4/c1-5-6(2)15-11(14)10-8(5)3-7(12)4-9(10)13/h3-4,12-13H,1-2H3	null	CC1=C(OC(=O)C2=C1C=C(C=C2O)O)C	2.0	13562749	COCONUT:(CNP0285966);Natural Products:(UNPD26398);PubChem:(13562749);SuperNatural:(SN00331346);KEGG Mine	8593113090
39	1	N/A	-187.9116278707038	C11H10O4	[M + H]+	JJLDSEURXVLQMK	InChI=1S/C11H10O4/c1-14-9-4-2-3-8-10(13)7(5-12)6-15-11(8)9/h2-4,6,12H,5H2,1H3	3-(Hydroxymethyl)-8-methoxychromone	COC1=CC=CC2=C1OC=C(C2=O)CO	1.20000005	216278	MeSH:(216278);PubChem:(216278);PubMed	70
40	1	N/A	-188.33975926162313	C11H10O4	[M + H]+	KTYBWRXYZHFNSL	InChI=1S/C11H10O4/c1-13-7-5-9(14-2)11-8(12)3-4-15-10(11)6-7/h3-6H,1-2H3	4H-1-Benzopyran-4-one, 5,7-dimethoxy-	COC1=CC2=C(C(=O)C=CO2)C(=C1)OC	1.5	12378005	COCONUT:(CNP0205905);KNApSAcK:(42149);Natural Products:(UNPD129631);PubChem:(12378005);SuperNatural:(SN00254924)	3178514
41	1	N/A	-188.5793407009874	C11H10O4	[M + H]+	OWGYZWMBXRFUQP	InChI=1S/C11H10O4/c1-5-9(13)6(2)11-8(10(5)14)7(12)3-4-15-11/h3-4,13-14H,1-2H3	5,7-Dihydroxy-6,8-dimethyl-4H-chromen-4-one	CC1=C(C(=C2C(=C1O)C(=O)C=CO2)C)O	2.0999999	56683359	COCONUT:(CNP0266083);Natural Products:(UNPD118713);PubChem:(56683359);PubMed;CHEBI:(67370)	2130018
42	1	N/A	-189.83895477744375	C11H10O4	[M + H]+	PVHMYONDAPXJSB	InChI=1S/C11H10O4/c1-15-11(14)9-5-2-8(3-6-9)4-7-10(12)13/h2-7H,1H3,(H,12,13)	1-Methyl 4-(2-carboxyvinyl)benzoate	COC(=O)C1=CC=C(C=C1)C=CC(=O)O	1.6992265	86881;2402147;1472795;5682300	NORMAN:(NS00026347);PubChem class - safety and toxic;PubChem:(86881 2402147 1472795 5682300);PubMed	67371074
43	1	N/A	-190.62147841928066	C11H10O4	[M + H]+	VWQBFGBCLXWGQH	InChI=1S/C11H10O4/c1-5-3-7-4-8(12)6(2)10(13)9(7)11(14)15-5/h3-4,12-13H,1-2H3	null	CC1=CC2=CC(=C(C(=C2C(=O)O1)O)C)O	2.5	14037906	COCONUT:(CNP0291609);PubChem:(14037906);KEGG Mine	8592031746
44	1	N/A	-190.78888168427193	C11H10O4	[M + H]+	UJSUZYNQPVWDCA	InChI=1S/C11H10O4/c1-15-10-5-3-2-4-8(10)9(12)6-7-11(13)14/h2-7H,1H3,(H,13,14)	(E)-4-(2-Methoxyphenyl)-4-oxo-2-butenoic acid	COC1=CC=CC=C1C(=O)C=CC(=O)O	1.56368303	3087156;6450596	PubChem:(3087156 6450596);PubChem class - safety and toxic	67108866
45	1	N/A	-191.53534467660504	C11H10O4	[M + H]+	UNMQLUGEYMJJSH	InChI=1S/C11H10O4/c12-4-3-7-5-8-1-2-11(14)15-10(8)6-9(7)13/h1-2,5-6,12-13H,3-4H2	null	C1=CC(=O)OC2=CC(=C(C=C21)CCO)O	1.10000002	10910685	COCONUT:(CNP0141954 CNP0151847);KNApSAcK:(30982);Natural Products:(UNPD61207);PubChem:(10910685);SuperNatural:(SN00158666);PubMed	3178578
46	1	N/A	-192.45534758174287	C11H10O4	[M + H]+	DQJVZIUEXPTEKX	InChI=1S/C11H10O4/c1-2-14-8-5-3-4-7-6-9(11(12)13)15-10(7)8/h3-6H,2H2,1H3,(H,12,13)	7-ethoxy-2-benzofurancarboxylate	CCOC1=CC=CC2=C1OC(=C2)C(=O)O	2.5	736202;6931473	PubChem:(736202 6931473);PubChem class - safety and toxic	67108866
47	1	N/A	-193.89822681325236	C11H10O4	[M + H]+	TZBQCGQSQBDNCY	InChI=1S/C11H10O4/c1-15-9-4-2-3-8(7-9)5-6-10(12)11(13)14/h2-7H,1H3,(H,13,14)	4-(3-methoxyphenyl)-2-oxobut-3-enoic acid	COC1=CC=CC(=C1)C=CC(=O)C(=O)O	1.56967449	4598879;6160676;93043949	PubChem class - safety and toxic;PubChem:(4598879 6160676 93043949);PubMed	67108930
48	1	N/A	-196.10317187010003	C11H10O4	[M + H]+	VTVZMEODWOEJPE	InChI=1S/C11H10O4/c1-5-6(2)15-11-9(5)8(13)3-7(4-12)10(11)14/h3-4,13-14H,1-2H3	4,7-Dihydroxy-2,3-dimethyl-6-benzofuraldehyde	CC1=C(OC2=C(C(=CC(=C12)O)C=O)O)C	2.4000001	29731	PubChem:(29731);PubChem class - safety and toxic	67108866
49	1	N/A	-196.34707056987529	C11H10O4	[M + H]+	SWKJRSKBKHLXMA	InChI=1S/C11H10O4/c12-6-5-8-9(13)3-1-7-2-4-10(14)15-11(7)8/h1-4,12-13H,5-6H2	2H-1-Benzopyran-2-one, 7-hydroxy-8-(2-hydroxyethyl)-	C1=CC(=C(C2=C1C=CC(=O)O2)CCO)O	1.10000002	11745794	COCONUT:(CNP0100817 CNP0309591);KNApSAcK:(45002);Natural Products:(UNPD6729);PubChem:(11745794);SuperNatural:(SN00158667)	3178514
50	1	N/A	-198.80608493006167	C11H10O4	[M + H]+	YWBBXTBWPUJUMI	InChI=1S/C11H10O4/c1-5-6(2)11(14)15-9-4-7(12)3-8(13)10(5)9/h3-4,12-13H,1-2H3	5,7-dihydroxy-3,4-dimethylchromen-2-one	CC1=C(C(=O)OC2=CC(=CC(=C12)O)O)C	1.5	5428530	COCONUT:(CNP0393407);PubChem:(5428530);SuperNatural:(SN00075618);PubMed;ZINC bio:(ZINC05955841)	3153986
51	1	N/A	-199.7342021989243	C11H10O4	[M + H]+	WBQGCPAFYRVWIF	InChI=1S/C11H10O4/c1-5-3-9(13)7-4-8(12)6(2)10(14)11(7)15-5/h3-4,12,14H,1-2H3	4H-1-Benzopyran-4-one, 6,8-dihydroxy-2,7-dimethyl-	CC1=CC(=O)C2=CC(=C(C(=C2O1)O)C)O	1.60000002	11571998	COCONUT:(CNP0309289);KNApSAcK:(34835);Natural Products:(UNPD66945);PubChem:(11571998);SuperNatural:(SN00367153)	3178514
52	1	N/A	-200.56935652447652	C11H10O4	[M + H]+	VKCHGHDJFMXENE	InChI=1S/C11H10O4/c12-9-4-1-8(2-5-9)3-6-10(13)7-11(14)15/h1-6,12H,7H2,(H,14,15)	4-coumaroyldiketide	C1=CC(=CC=C1C=CC(=O)CC(=O)O)O	1.39999998	21416779;46173354;73791634	PubChem:(21416779 46173354 73791634);PubChem class - bio and metabolites;Plantcyc:(CPD-12208);PubMed;Biocyc:(CPD-12208);KEGG Mine	8606844994
53	1	N/A	-200.88132000863936	C11H10O4	[M + H]+	QGTBUESLYPYXRT	InChI=1S/C11H10O4/c1-15-10-5-3-2-4-8(10)6-7-9(12)11(13)14/h2-7H,1H3,(H,13,14)	(3E)-4-(2-methoxyphenyl)-2-oxobut-3-enoic acid	COC1=CC=CC=C1C=CC(=O)C(=O)O	1.56967449	46937166;75243826;101843531;131704311	COCONUT:(CNP0019669);PubChem:(46937166 75243826 101843531 131704311);KEGG Mine;PubChem class - bio and metabolites	8608808962
54	1	N/A	-202.70162216739908	C11H10O4	[M + H]+	JGNYBYBMPAOPJD	InChI=1S/C11H10O4/c1-6(12)10-8(13)5-9-7(3-4-15-9)11(10)14-2/h3-5,13H,1-2H3	1-(6-Hydroxy-4-methoxy-5-benzofuranyl)ethanone	CC(=O)C1=C(C2=C(C=C1O)OC=C2)OC	2.20000005	3013891	HMDB:(129368);PubChem:(3013891);PubMed;PubChem class - bio and metabolites	16777290
55	1	N/A	-203.18010255169793	C11H10O4	[M + H]+	IZAQATSEIVZBKP	InChI=1S/C11H10O4/c1-6-3-7(14-2)4-9-8(6)5-10(15-9)11(12)13/h3-5H,1-2H3,(H,12,13)	null	CC1=CC(=CC2=C1C=C(O2)C(=O)O)OC	2.5	84015220	PubChem:(84015220);PubChem class - safety and toxic	67108866
56	1	N/A	-203.23021429123577	C11H10O4	[M + H]+	WORYXBDHTBWLLL	InChI=1S/C11H10O4/c1-15-9-4-2-8(3-5-9)10(12)6-7-11(13)14/h2-7H,1H3,(H,13,14)	3-(p-Methoxybenzoyl)acrylic acid	COC1=CC=C(C=C1)C(=O)C=CC(=O)O	1.56368303	230423;5355095;6927698;24832729	PubChem class - safety and toxic;PubChem:(230423 5355095 6927698 24832729);PubMed	67108930
57	1	N/A	-204.23569020499102	C11H10O4	[M + H]+	ROTJSHCJTQMNCA	InChI=1S/C11H10O4/c1-14-6-7-2-3-9-8(4-7)5-10(15-9)11(12)13/h2-5H,6H2,1H3,(H,12,13)	5-(methoxymethyl)-1-benzofuran-2-carboxylate	COCC1=CC2=C(C=C1)OC(=C2)C(=O)O	1.62430179	4137691;3239885	COCONUT:(CNP0052085 CNP0371394);PubChem:(4137691 3239885);SuperNatural:(SN00064301);PubMed;ZINC bio:(ZINC03653536)	3153986
58	1	N/A	-204.59939872401384	C11H10O4	[M + H]+	ZMWUSDGUVPWHDE	InChI=1S/C11H10O4/c1-6-5-15-9-4-7(14-2)3-8(12)10(9)11(6)13/h3-5,12H,1-2H3	null	CC1=COC2=CC(=CC(=C2C1=O)O)OC	2.0999999	25243499	COCONUT:(CNP0402007);Natural Products:(UNPD23125);PubChem:(25243499);SuperNatural:(SN00316748);PubMed	3178562
59	1	N/A	-205.206066247665	C11H10O4	[M + H]+	MBHSRSCNOOHRLB	InChI=1S/C11H10O4/c1-7(12)15-10-6-14-11-8(10)4-3-5-9(11)13-2/h3-6H,1-2H3	Maybridge1_004073	CC(=O)OC1=COC2=C1C=CC=C2OC	2.0	736974	PubChem:(736974);PubChem class - safety and toxic	67108866
60	1	N/A	-206.54913646643453	C11H10O4	[M + H]+	SCZKCXUGDWJJGV	InChI=1S/C11H10O4/c1-2-6-5-15-9-4-7(12)3-8(13)10(9)11(6)14/h3-5,12-13H,2H2,1H3	Lathodoratin	CCC1=COC2=CC(=CC(=C2C1=O)O)O	2.20000005	5281344	COCONUT:(CNP0218248);KNApSAcK:(2433);Natural Products:(UNPD22215);PubChem:(5281344);SuperNatural:(SN00157830);CHEBI:(6385);KEGG:(C09012)	3178802
61	1	N/A	-208.5626241733995	C11H10O4	[M + H]+	ZJTMROMSCIWWOV	InChI=1S/C11H10O4/c1-5-3-9-7(4-8(5)12)10(13)6(2)11(14)15-9/h3-4,12-13H,1-2H3	null	CC1=CC2=C(C=C1O)C(=C(C(=O)O2)C)O	1.70000005	102497049	PubChem:(102497049);COCONUT:(CNP0354229)	2097154
62	1	N/A	-208.7274566643182	C11H10O4	[M + H]+	RSHSSGDUMLTSEG	InChI=1S/C11H10O4/c1-6-10(11(12)13)8-5-7(14-2)3-4-9(8)15-6/h3-5H,1-2H3,(H,12,13)	Oprea1_730942	CC1=C(C2=C(O1)C=CC(=C2)OC)C(=O)O	2.20000005	674296;4229209	COCONUT:(CNP0061450 CNP0372742);PubChem:(674296 4229209);SuperNatural:(SN00042683);PubMed;ZINC bio:(ZINC00036691)	3153986
63	1	N/A	-216.11782675582978	C11H10O4	[M + H]+	BUDFSMORTDVVOU	InChI=1S/C11H10O4/c1-5-3-7(12)9-8(4-5)15-6(2)10(13)11(9)14/h3-4,12-13H,1-2H3	Lachnone A	CC1=CC(=C2C(=C1)OC(=C(C2=O)O)C)O	2.29999995	11672906	COCONUT:(CNP0309873);Natural Products:(UNPD116301);PubChem:(11672906);SuperNatural:(SN00305006);PubMed	3178562
64	1	N/A	-219.0728801858882	C11H10O4	[M + H]+	WPNYKVVEDMUXTO	InChI=1S/C11H10O4/c1-13-11(12)5-3-8-2-4-9-10(6-8)15-7-14-9/h2-6H,7H2,1H3	Bionet2_001119	COC(=O)C=CC1=CC2=C(C=C1)OCO2	2.04994917	736822;736823;10679772	COCONUT:(CNP0236067);Natural Products:(UNPD14035);PubChem:(736822 736823 10679772);ZINC bio:(ZINC14591336);PubMed;KEGG Mine	8592072770
65	1	N/A	-219.10701872937994	C11H10O4	[M + H]+	XVCVDNKCUNGTRP	InChI=1S/C11H10O4/c1-2-15-11(14)6-4-8-3-5-9(12)10(13)7-8/h2-7,12-13H,1H2	null	C=COC(=O)C=CC1=CC(=C(C=C1)O)O	1.90490425	11127419;71435608	COCONUT:(CNP0224758);HMDB:(29775);Natural Products:(UNPD162231);PubChem:(11127419 71435608);SuperNatural:(SN00312947);PubChem class - bio and metabolites	19955722
66	1	N/A	-219.6810207570881	C11H10O4	[M + H]+	NQTROFFHTSHIDD	InChI=1S/C11H10O4/c1-6-8(5-12)7-3-2-4-9(13)10(7)11(14)15-6/h2-4,12-13H,5H2,1H3	null	CC1=C(C2=C(C(=CC=C2)O)C(=O)O1)CO	1.10000002	130153081	PubChem:(130153081);COCONUT:(CNP0253673)	2097154
67	1	N/A	-219.80187607330683	C11H10O4	[M + H]+	WOQCLXFQXTUHMV	InChI=1S/C11H10O4/c12-3-1-9(13)8-6-11-7(2-4-15-11)5-10(8)14/h2,4-6,12,14H,1,3H2	null	C1=COC2=CC(=C(C=C21)O)C(=O)CCO	1.5	56964234	COCONUT:(CNP0366272);Natural Products:(UNPD207020);PubChem:(56964234)	2129922
68	1	N/A	-220.23085823378966	C11H10O4	[M + H]+	QMZBSVAOYOMTPD	InChI=1S/C11H10O4/c1-13-9-5-4-8(3-2-6-12)10-11(9)15-7-14-10/h2-6H,7H2,1H3	null	COC1=C2C(=C(C=C1)C=CC=O)OCO2	1.88299859	""	COCONUT:(CNP0205406);Natural Products:(UNPD119516)	2129920
69	1	N/A	-220.70474285483456	C11H10O4	[M + H]+	PGHYAIXOPQQRJA	InChI=1S/C11H10O4/c12-10(13)7-9(11(14)15)6-8-4-2-1-3-5-8/h1-5,7H,6H2,(H,12,13)(H,14,15)	2-Benzylfumaric acid	C1=CC=C(C=C1)CC(=CC(=O)O)C(=O)O	1.5	230422;5912325;5355094;71438226;129627457	MeSH:(5355094 5912325);PubChem:(230422 5912325 5355094 71438226 129627457);PubMed;KEGG Mine	8589934662
70	1	N/A	-221.85922523797723	C11H10O4	[M + H]+	VAOZSTIKIWWEDB	InChI=1S/C11H10O4/c1-14-9-4-2-3-7-5-8(11(12)13)6-15-10(7)9/h2-5H,6H2,1H3,(H,12,13)	8-methoxy-2H-chromene-3-carboxylate	COC1=CC=CC2=C1OCC(=C2)C(=O)O	1.5	2763890;6933959	COCONUT:(CNP0037960 CNP0384911);PubChem:(2763890 6933959);SuperNatural:(SN00043642);ZINC bio:(ZINC00168993)	3153922
71	1	N/A	-225.4712550184451	C11H10O4	[M + H]+	AQYAHPDSJAFBOS	InChI=1S/C11H10O4/c1-15-11(14)10(13)7-9(12)8-5-3-2-4-6-8/h2-6H,7H2,1H3	methyldioxophenylbutanoate	COC(=O)C(=O)CC(=O)C1=CC=CC=C1	1.5	308117	PubChem class - safety and toxic;PubChem:(308117);PubMed	67108930
72	1	N/A	-226.5507920475278	C11H10O4	[M + H]+	DWONKORAGIKGGD	InChI=1S/C11H10O4/c1-7-3-2-4-8(10(7)13)5-6-9(12)11(14)15/h2-6,13H,1H3,(H,14,15)	2-Hydroxy-3-methylbenzalpyruvate	CC1=C(C(=CC=C1)C=CC(=O)C(=O)O)O	1.79999995	5282331;9543158;54675851;54724357	KEGG:(C14086);PubChem:(5282331 9543158 54675851 54724357);PubMed;CHEBI:(19603 34281)	354
73	1	N/A	-230.93438040828062	C11H10O4	[M + H]+	BNJOMEMREVKHBU	InChI=1S/C11H10O4/c1-13-9-6-11-10(14-7-15-11)5-8(9)3-2-4-12/h2-6H,7H2,1H3	(E)-3-(6-methoxy-1,3-benzodioxol-5-yl)prop-2-enal	COC1=CC2=C(C=C1C=CC=O)OCO2	1.60000002	181884;6442643	COCONUT:(CNP0136596);Natural Products:(UNPD195720);PubChem:(181884 6442643);SuperNatural:(SN00281970)	3178498
74	1	N/A	-232.188512131059	C11H10O4	[M + H]+	BDSZGRPPZOUZRA	InChI=1S/C11H10O4/c1-7-2-4-8(5-3-7)9(12)6-10(13)11(14)15/h2-6,12H,1H3,(H,14,15)	ACMC-20aiiq	CC1=CC=C(C=C1)C(=CC(=O)C(=O)O)O	2.0999999	781874;5339384;54715609	PubChem:(781874 5339384 54715609);PubMed;PubChem class - bio and metabolites	16777282
75	1	N/A	-233.4156897133149	C11H10O4	[M + H]+	AVVYWVLNDGDANA	InChI=1S/C11H10O4/c1-7-4-2-3-5-8(7)9(12)6-10(13)11(14)15/h2-5H,6H2,1H3,(H,14,15)	Benzenebutanoic acid, 2-methyl-a,g-dioxo-	CC1=CC=CC=C1C(=O)CC(=O)C(=O)O	1.5	510658	PubChem:(510658);PubMed;PubChem class - bio and metabolites	16777282
76	1	N/A	-234.05997370337855	C11H10O4	[M + H]+	LTGJEIZAUFPWTC	InChI=1S/C11H10O4/c1-6-2-7(13)3-10-9(6)4-8(5-12)15-11(10)14/h2-4,12-13H,5H2,1H3	null	CC1=CC(=CC2=C1C=C(OC2=O)CO)O	1.0	75411966	COCONUT:(CNP0203543);Training Set;PubChem:(75411966);additional	2637826
77	1	N/A	-234.1329369865626	C11H10O4	[M + H]+	VAVLITZQYCDQEZ	InChI=1S/C11H10O4/c1-13-7-3-4-10-8(5-7)9(12)6-11(14-2)15-10/h3-6H,1-2H3	null	COC1=CC2=C(C=C1)OC(=CC2=O)OC	1.70000005	10867463	COCONUT:(CNP0297074);Natural Products:(UNPD5270);PubChem:(10867463);SuperNatural:(SN00397353);PubMed	3178562
78	1	N/A	-234.35672735194728	C11H10O4	[M + H]+	RLRGETOSWKYBHX	InChI=1S/C11H10O4/c1-15-11(14)10(13)7-9(12)8-5-3-2-4-6-8/h2-7,12H,1H3	methyl 4-hydroxy-2-oxo-4-phenylbut-3-enoate	COC(=O)C(=O)C=C(C1=CC=CC=C1)O	2.0999999	514095;1553337;5395730;51411176	PubChem:(514095 1553337 5395730 51411176);PubMed;CHEBI:(137095)	98
79	1	N/A	-234.73591312643745	C11H10O4	[M + H]+	KYILORDWJFEQBS	InChI=1S/C11H10O4/c12-10(13)7-9(11(14)15)6-8-4-2-1-3-5-8/h1-6H,7H2,(H,12,13)(H,14,15)	NCIStruc1_000078	C1=CC=C(C=C1)C=C(CC(=O)O)C(=O)O	1.29999995	1551280;1714529;222998;820629;820630	COCONUT:(CNP0236594);Natural Products:(UNPD68882);PubChem:(1551280 1714529 222998 820629 820630);Training Set;PubMed;KEGG Mine	8592080962
80	1	N/A	-236.73897943084222	C11H10O4	[M + H]+	XYMKKFKCSNLREA	InChI=1S/C11H10O4/c1-7-4-2-3-5-8(7)9(12)6-10(13)11(14)15/h2-6,12H,1H3,(H,14,15)	(Z)-2-hydroxy-4-(o-tolyl)-4-oxo-but-2-enoic acid	CC1=CC=CC=C1C(=CC(=O)C(=O)O)O	2.0999999	56659856;72200398;76389495;87508845	PubChem:(56659856 72200398 76389495 87508845);PubMed;PubChem class - bio and metabolites	16777282
81	1	N/A	-240.98033223857482	C11H10O4	[M + H]+	PVWHKVRSMRDQFV	InChI=1S/C11H10O4/c1-7-10(13-2)8(6-15-11(7)12)9-4-3-5-14-9/h3-6H,1-2H3	Cladobotrin	CC1=C(C(=COC1=O)C2=CC=CO2)OC	1.10000002	10262379	COCONUT:(CNP0274443);KNApSAcK:(24184);Natural Products:(UNPD14600);PubChem:(10262379);SuperNatural:(SN00371559);PubMed	3178578
82	1	N/A	-241.66278333610552	C11H10O4	[M + H]+	WCSYPSLAPJKCFG	InChI=1S/C11H10O4/c12-9-3-4-15-10-2-1-7(5-8(9)10)6-11(13)14/h1-2,5H,3-4,6H2,(H,13,14)	2-(4-oxo-2,3-dihydrochromen-6-yl)acetic acid	C1COC2=C(C1=O)C=C(C=C2)CC(=O)O	0.800000012	3055698	PubChem:(3055698);PubChem class - safety and toxic	67108866
83	1	N/A	-246.30975242429633	C11H10O4	[M + H]+	BOROJPUJWKMSGG	InChI=1S/C11H10O4/c1-6-2-7(13)3-10-11(6)9(14)4-8(5-12)15-10/h2-4,12-13H,5H2,1H3	4H-1-Benzopyran-4-one, 7-hydroxy-2-(hydroxymethyl)-5-methyl-	CC1=CC(=CC2=C1C(=O)C=C(O2)CO)O	0.699999988	71345058	COCONUT:(CNP0247998);Natural Products:(UNPD9482);PubChem:(71345058);SuperNatural:(SN00396507)	3178498
84	1	N/A	-248.32849405996544	C11H10O4	[M + H]+	RYGAENQWIQPFAI	InChI=1S/C11H10O4/c12-9(13)11(10(14)15)5-7-3-1-2-4-8(7)6-11/h1-4H,5-6H2,(H,12,13)(H,14,15)	null	C1C2=CC=CC=C2CC1(C(=O)O)C(=O)O	1.29999995	251957	PubChem:(251957);PubChem class - safety and toxic	67108866
85	1	N/A	-252.68027002179906	C11H10O4	[M + H]+	UMACQLRXHVIXHQ	InChI=1S/C11H10O4/c1-3-7-4-9-11(15-6-14-9)10(13-2)8(7)5-12/h3-5H,1,6H2,2H3	4-Methoxy-6-vinyl-1,3-benzodioxole-5-carbaldehyde	COC1=C(C(=CC2=C1OCO2)C=C)C=O	1.89999998	5142038	PubChem:(5142038);PubChem class - safety and toxic	67108866
86	1	N/A	-253.97696859418704	C11H10O4	[M + H]+	RKVYZYHBLAMLDG	InChI=1S/C11H10O4/c1-14-9-4-6-3-8(12)11(13)7(6)5-10(9)15-2/h4-5H,3H2,1-2H3	null	COC1=C(C=C2C(=C1)CC(=O)C2=O)OC	0.899999976	11009077	MeSH:(11009077);PubChem:(11009077);PubMed	70
87	1	N/A	-256.19603892303184	C11H10O4	[M + H]+	BYHBHNKBISXCEP	InChI=1S/C11H10O4/c1-8(12)15-10-5-2-9(3-6-10)4-7-11(13)14/h2-7H,1H3,(H,13,14)	bmse010066	CC(=O)OC1=CC=C(C=C1)C=CC(=O)O	1.73416209	1550814;1550815;85857;5539345;5373941;53448585	NORMAN:(NS00025029);COCONUT:(CNP0197321);Natural Products:(UNPD114917);PubChem:(1550814 1550815 85857 5539345 5373941 53448585);CHEBI:(86580);PubChem class - safety and toxic;PubMed	69501026
88	1	N/A	-257.3611679269762	C11H10O4	[M + H]+	BHYJLEDUCTYKHX	InChI=1S/C11H10O4/c1-2-9(12)7-15-10-5-3-8(4-6-10)11(13)14/h1,3-6,9,12H,7H2,(H,13,14)	Benzoic acid, 4-[[(2S)-2-hydroxy-3-butynyl]oxy]-	C#CC(COC1=CC=C(C=C1)C(=O)O)O	1.20365584	10035877;45359387	COCONUT:(CNP0069709 CNP0331446);Natural Products:(UNPD96328);PubChem:(10035877 45359387);PubMed;ZINC bio:(ZINC14443497 ZINC14443499)	2138178
89	1	N/A	-265.59323354337965	C11H10O4	[M + H]+	LSZKRNUEKNCZIE	InChI=1S/C11H10O4/c1-8(12)15-10-4-2-3-9(7-10)5-6-11(13)14/h2-7H,1H3,(H,13,14)	Ambap20375-42-2	CC(=O)OC1=CC=CC(=C1)C=CC(=O)O	1.73416209	140679;5373913;86308358;92224853	PubChem:(140679 5373913 86308358 92224853);PubChem class - safety and toxic	67108866
90	1	N/A	-265.66305146917864	C11H10O4	[M + H]+	YKOIZNDTYIQNJQ	InChI=1S/C11H10O4/c1-14-11(13)9-6-7-4-2-3-5-8(7)10(12)15-9/h2-5,9H,6H2,1H3	methyl 1-oxo-3,4-dihydroisochromene-3-carboxylate	COC(=O)C1CC2=CC=CC=C2C(=O)O1	1.79999995	2752709;7039499;7039500	COCONUT:(CNP0062947);PubChem:(2752709 7039499 7039500);SuperNatural:(SN00121605 SN00121606);ZINC bio:(ZINC03175913 ZINC03175914)	3153922
91	1	N/A	-270.45691496529537	C11H10O4	[M + H]+	QKUGKZFASYQCGO	InChI=1S/C11H10O4/c12-10(13)6-7-11(14)15-8-9-4-2-1-3-5-9/h1-7H,8H2,(H,12,13)	Benzyl hydrogen 2-butenedioate	C1=CC=C(C=C1)COC(=O)C=CC(=O)O	1.64089704	106597;6437229;6913010;22311494;53421494;58012570	NORMAN:(NS00063862);PubChem:(106597 6437229 6913010 22311494 53421494 58012570);PubMed	262210
92	1	N/A	-270.81717879645373	C11H10O4	[M + H]+	QFPKSTNFHFEHJL	InChI=1S/C11H10O4/c1-7(2)11(14)15-9-6-4-3-5-8(9)10(12)13/h3-6H,1H2,2H3,(H,12,13)	Polymethacryloyloxybenzoic acid	CC(=C)C(=O)OC1=CC=CC=C1C(=O)O	2.15399003	198203	MeSH:(198203);PubChem class - safety and toxic;PubChem:(198203);PubMed	67108934
93	1	N/A	-277.4667725419988	C11H10O4	[M + H]+	FMTGNGBHGBNWFS	InChI=1S/C11H10O4/c12-10(13)5-4-8-2-1-3-9-11(8)15-7-6-14-9/h1-5H,6-7H2,(H,12,13)	CBMicro_033585	C1COC2=C(C=CC=C2O1)C=CC(=O)O	1.60000002	2868942;7078413;5343159	COCONUT:(CNP0044090 CNP0367774);PubChem:(2868942 7078413 5343159);SuperNatural:(SN00068646);PubMed;ZINC bio:(ZINC04028612)	3153986
94	1	N/A	-279.82779512909616	C11H10O4	[M + H]+	FHEBPOGEHYWXAH	InChI=1S/C11H10O4/c1-6-9(11(14)15-10(6)13)7-2-4-8(12)5-3-7/h2-5,11-12,14H,1H3	null	CC1=C(C(OC1=O)O)C2=CC=C(C=C2)O	0.899999976	52951311	PubChem:(52951311);COCONUT:(CNP0351475)	2097154
95	1	N/A	-287.6171940096854	C11H10O4	[M + H]+	VOOCQPOSPBMQSK	InChI=1S/C11H10O4/c1-14-9-2-3-10-7(5-9)4-8(6-15-10)11(12)13/h2-5H,6H2,1H3,(H,12,13)	6-methoxy-2H-chromene-3-carboxylate	COC1=CC2=C(C=C1)OCC(=C2)C(=O)O	1.5	2764028;6934027	COCONUT:(CNP0331208 CNP0357869);PubChem:(2764028 6934027);SuperNatural:(SN00043644);ZINC bio:(ZINC00169407)	3153922
96	1	N/A	-288.87467771054924	C11H10O4	[M + H]+	UXOWQQCLBQBRMQ	InChI=1S/C11H10O4/c1-8(12)15-10-5-3-2-4-9(10)6-7-11(13)14/h2-7H,1H3,(H,13,14)	Tylmarin	CC(=O)OC1=CC=CC=C1C=CC(=O)O	1.73416209	41486;5372859;6931550;25021207	PubChem class - safety and toxic;PubChem:(41486 5372859 6931550 25021207);ZINC bio:(ZINC00156511)	67117058
97	1	N/A	-291.58370229018334	C11H10O4	[M + H]+	RAQLQVDNIKWBRL	InChI=1S/C11H10O4/c1-2-14-10(12)7-3-4-9-8(5-7)6-15-11(9)13/h3-5H,2,6H2,1H3	ethyl 1-oxo-3H-2-benzofuran-5-carboxylate	CCOC(=O)C1=CC2=C(C=C1)C(=O)OC2	1.60000002	90088	PubChem:(90088);NORMAN:(NS00027412)	262146
98	1	N/A	-298.46143062529313	C11H10O4	[M + H]+	YCVXJZRPLHJINO	InChI=1S/C11H10O4/c1-3-7-6-4-5-8(14-2)10(12)9(6)11(13)15-7/h3-5,12H,1-2H3	null	CC=C1C2=C(C(=C(C=C2)OC)O)C(=O)O1	2.4000001	25135576;74392202	COCONUT:(CNP0221908);Natural Products:(UNPD100762);PubChem:(25135576 74392202);PubMed	2129986
99	1	N/A	-299.1031620897988	C11H10O4	[M + H]+	NZZVDTIYQUASAT	InChI=1S/C11H10O4/c12-10(13)11(3-4-11)7-1-2-8-9(5-7)15-6-14-8/h1-2,5H,3-4,6H2,(H,12,13)	1-Benzo[1,3]dioxol-5-yl-cyclopropanecarboxylic acid	C1CC1(C2=CC3=C(C=C2)OCO3)C(=O)O	1.85196924	14349608;59129454	PubChem:(14349608 59129454);PubChem class - safety and toxic	67108866
100	1	N/A	-310.84031426564053	C11H10O4	[M + H]+	WPYIGQPLAREAID	InChI=1S/C11H10O4/c1-6-2-7-3-10(13)11(14)4-9(12)8(7)5-15-6/h2-4,12H,5H2,1H3,(H,13,14)	6,9-Dihydroxy-3-methylcyclohepta[c]pyran-7(1H)-one	CC1=CC2=C(CO1)C(=CC(=O)C(=C2)O)O	0.300000012	136631898	COCONUT:(CNP0102580);KNApSAcK:(23993);Natural Products:(UNPD51566);PubChem:(136631898)	2129938
101	1	N/A	-312.08967748788314	C11H10O4	[M + H]+	DHUOSWGSFRCYSJ	InChI=1S/C11H10O4/c1-14-11(13)7-5-3-2-4-6-9-10(8-12)15-9/h5,7,9-10,12H,8H2,1H3	null	COC(=O)C=CC#CC#CC1C(O1)CO	0.200000003	11020018;101415122;134994753;137323800	COCONUT:(CNP0225872);Natural Products:(UNPD80022);PubChem:(11020018 101415122 134994753 137323800)	2129922
102	1	N/A	-322.8617603574079	C11H10O4	[M + H]+	USGIGRXDTKONAL	InChI=1S/C11H10O4/c1-6-3-7(4-12)8-5-15-11(13)9(8)10(6)14-2/h3-4H,5H2,1-2H3	null	CC1=CC(=C2COC(=O)C2=C1OC)C=O	1.10000002	131853638	PubChem:(131853638);COCONUT:(CNP0355896)	2097154
103	1	N/A	-326.0360387228758	C11H10O4	[M + H]+	PDXSCKIICTZODY	InChI=1S/C11H10O4/c1-6-3-7(4-12)10(14-2)9-8(6)5-15-11(9)13/h3-4H,5H2,1-2H3	4-methoxy-7-methyl-3-oxo-1H-2-benzofuran-5-carbaldehyde	CC1=CC(=C(C2=C1COC2=O)OC)C=O	1.10000002	21778496	COCONUT:(CNP0353481);PubChem:(21778496);PubMed	2097218
104	1	N/A	-326.5256864913945	C11H10O4	[M + H]+	FVPFQCXKDNZPRK	InChI=1S/C11H10O4/c12-9-8-4-2-1-3-7(8)5-6-11(9,15)10(13)14/h1-6,9,12,15H,(H,13,14)	null	C1=CC=C2C(C(C=CC2=C1)(C(=O)O)O)O	0.899999976	15258009;56610582;101697679	COCONUT:(CNP0285960);Natural Products:(UNPD159050);PubChem:(15258009 56610582 101697679);SuperNatural:(SN00317956)	3178498
105	1	N/A	-327.38224940904286	C11H10O4	[M + H]+	MWHHOFRKRUBRAB	InChI=1S/C11H10O4/c12-5-6-4-9(14)10-7(11(6)15)2-1-3-8(10)13/h1-3,6,12-13H,4-5H2	null	C1C(C(=O)C2=C(C1=O)C(=CC=C2)O)CO	0.516161203	""	COCONUT:(CNP0081597)	2097152
106	1	N/A	-332.79642872382277	C11H10O4	[M + H]+	ARRJEFLYRAVFJA	InChI=1S/C11H10O4/c1-15-9(14)11-5-2-6(11)4-7(11)3(5)10(2,4)8(12)13/h2-7H,1H3,(H,12,13)	4-Methoxycarbonylcubanecarboxylic acid	COC(=O)C12C3C4C1C5C2C3C45C(=O)O	-0.300000012	369179;134129458	PubChem:(369179 134129458);PubChem class - safety and toxic	67108866
107	1	N/A	-333.0115625896514	C11H10O4	[M + H]+	RQQOLRQCNYYVOL	InChI=1S/C11H10O4/c1-15-6-2-3-7-8(4-6)9(11(13)14)5-10(7)12/h2-4,9H,5H2,1H3,(H,13,14)	4-10-00-03708 (Beilstein Handbook Reference)	COC1=CC2=C(C=C1)C(=O)CC2C(=O)O	0.899999976	205362;86309943;86309945	PubChem:(205362 86309943 86309945);PubChem class - safety and toxic	67108866
108	1	N/A	-340.18411410293174	C11H10O4	[M + H]+	HMHYLJXNGHJBJD	InChI=1S/C11H10O4/c12-8-4-5-9(13)10-6(8)2-1-3-7(10)11(14)15/h1,3-7,10H,2H2,(H,14,15)	5,8-dioxo-1,4,4a,8a-tetrahydronaphthalene-1-carboxylic acid	C1C=CC(C2C1C(=O)C=CC2=O)C(=O)O	0.200000003	243544;25181277;25181278;92229432;92532711;92840305;98156240;98156241	PubChem class - safety and toxic;PubChem:(243544 25181277 25181278 92229432 92532711 92840305 98156240 98156241);PubMed	67108930
109	1	N/A	-341.6997656819732	C11H10O4	[M + H]+	BZGSJYGMGKKNDA	InChI=1S/C11H10O4/c1-6-4-7-2-3-8(11(13)14)10(12)9(7)5-15-6/h2-4,12H,5H2,1H3,(H,13,14)	null	CC1=CC2=C(CO1)C(=C(C=C2)C(=O)O)O	2.0999999	101883287	PubChem:(101883287);COCONUT:(CNP0159169)	2097154
110	1	N/A	-343.6215423664737	C11H10O4	[M + H]+	FHNRWXZTMNROSX	InChI=1S/C11H10O4/c1-6-5-9(13)15-11-7(10(6)14)3-2-4-8(11)12/h2-4,6,12H,5H2,1H3	null	CC1CC(=O)OC2=C(C1=O)C=CC=C2O	1.29999995	100991262;130036091;131256710	COCONUT:(CNP0299609);Natural Products:(UNPD55437);PubChem:(100991262 130036091 131256710);SuperNatural:(SN00341518)	3178498
111	1	N/A	-345.2089083696777	C11H10O4	[M + H]+	ZYKCJKCJUYTNHP	InChI=1S/C11H10O4/c12-8-3-1-7(2-4-8)10-5-9(13)6-11(14)15-10/h1-4,6,10,12-13H,5H2	ACMC-20loqy	C1C(OC(=O)C=C1O)C2=CC=C(C=C2)O	1.20000005	54712716	COCONUT:(CNP0288769);Natural Products:(UNPD176357);PubChem:(54712716);SuperNatural:(SN00358870)	3178498
112	1	N/A	-345.73213523575083	C11H10O4	[M + H]+	MSUXGUUSNDNHFC	InChI=1S/C11H10O4/c1-5-8(14)4-9(15)11-7(13)3-2-6(12)10(5)11/h4,14-15H,2-3H2,1H3	null	CC1=C2C(=O)CCC(=O)C2=C(C=C1O)O	1.29999995	139583325	PubChem:(139583325);COCONUT:(CNP0143443)	2097154
113	1	N/A	-348.4981086048946	C11H10O4	[M + H]+	ZSELXDLKMICUKK	InChI=1S/C11H10O4/c12-8-5-4-6-2-1-3-7(11(14)15)9(6)10(8)13/h1-5,8,10,12-13H,(H,14,15)	cis-1,2-Dihydroxy-1,2-dihydro-8-carboxynaphthalene	C1=CC2=C(C(C(C=C2)O)O)C(=C1)C(=O)O	0.300000012	656872;9543251;22298957	KEGG:(C14092);PubChem:(656872 9543251 22298957);PubMed	322
114	1	N/A	-351.8775991805423	C11H10O4	[M + H]+	ZDPBLVCNDJAERM	InChI=1S/C11H10O4/c12-10(13)5-7-6-11(14)15-9-4-2-1-3-8(7)9/h1-4,7H,5-6H2,(H,12,13)	2-(2-oxochroman-4-yl)acetic Acid	C1C(C2=CC=CC=C2OC1=O)CC(=O)O	0.899999976	854340;3825461;7061149;7061150;6951447	COCONUT:(CNP0066632 CNP0252703);PubChem:(854340 3825461 7061149 7061150 6951447);SuperNatural:(SN00045262 SN00064635);ZINC bio:(ZINC00406006 ZINC03881818)	3153922
115	1	N/A	-352.3869556640717	C11H10O4	[M + H]+	ITWDGGQJJPFLGY	InChI=1S/C11H10O4/c12-7-4-5-8(9(13)6-7)10-2-1-3-11(14)15-10/h1,3-6,10,12-13H,2H2	null	C1C=CC(=O)OC1C2=C(C=C(C=C2)O)O	1.54902351	""	COCONUT:(CNP0151531);Natural Products:(UNPD180121);SuperNatural:(SN00247342)	3178496
116	1	N/A	-365.85070768417904	C11H10O4	[M + H]+	NDNLINRFIZVPBU	InChI=1S/C11H10O4/c1-7-3-2-4-8-5-6-11(14,10(12)13)15-9(7)8/h2-6,14H,1H3,(H,12,13)	2-Hydroxy-8-methylchromene-2-carboxylate	CC1=C2C(=CC=C1)C=CC(O2)(C(=O)O)O	1.70000005	656870;9543154	KEGG:(C14085);PubChem:(656870 9543154);PubMed;CHEBI:(34285)	354
117	1	N/A	-385.62053106088916	C11H10O4	[M + H]+	PTNGWSBREHHWFF	InChI=1S/C11H10O4/c1-6-4-8-7(5-12)2-3-9(13)10(8)11(14)15-6/h2-3,5-6,13H,4H2,1H3	null	CC1CC2=C(C=CC(=C2C(=O)O1)O)C=O	1.89999998	44577733;44423672	COCONUT:(CNP0261658);Natural Products:(UNPD137673 UNPD174396);PubChem:(44577733 44423672);SuperNatural:(SN00260296 SN00351069);PubMed	3178562
118	1	N/A	-393.8617195604269	C11H10O4	[M + H]+	URLJMITWYUZHGP	InChI=1S/C11H10O4/c12-10(13)9-6-8(11(14)15-9)7-4-2-1-3-5-7/h1-5,8-9H,6H2,(H,12,13)	13389-96-3 (hydrochloride salt)	C1C(C(=O)OC1C(=O)O)C2=CC=CC=C2	1.5	99776;92167317;92167318;92167319;92167320	MeSH:(99776);PubChem class - safety and toxic;PubChem:(99776 92167317 92167318 92167319 92167320)	67108870
119	1	N/A	-450.0727817372757	C11H10O4	[M + H]+	CAZSBBDSSNQJGI	InChI=1S/C11H10O4/c12-8-1-4-10(5-2-8)7-11(15-10)6-3-9(13)14-11/h1-2,4-5H,3,6-7H2	1,6-Dioxadispiro(4.1.5.1)trideca-8,11-diene-2,10-dione	C1CC2(CC3(O2)C=CC(=O)C=C3)OC1=O	0.400000006	196711	MeSH:(196711);PubChem:(196711);PubMed	70