structureRankPerFormula	formulaRank	ConfidenceScore	CSI:FingerIDScore	molecularFormula	adduct	InChIkey2D	InChI	name	smiles	xlogp	pubchemids	links	dbflags
1	1	N/A	-69.60523028168878	C15H12O7	[M - H2O + H]+	CXQWRCVTCMQVQX	InChI=1S/C15H12O7/c16-7-4-10(19)12-11(5-7)22-15(14(21)13(12)20)6-1-2-8(17)9(18)3-6/h1-5,14-19,21H	Distylin	C1=CC(=C(C=C1C2C(C(=O)C3=C(C=C(C=C3O2)O)O)O)O)O	1.5	471;10185;712316;712318;439533;443758;12309272;25200369;25244891;70862948;101697092	HMDB:(125371);PubChem class - food;SuperNatural:(SN00001025 SN00001024 SN00001023);ZINC bio:(ZINC00105076 ZINC00105082 ZINC00105086);additional;MeSH:(471 439533);Plantcyc:(CPD-474);PubMed;NORMAN:(NS00015857);COCONUT:(CNP0268073);KNApSAcK:(677);Natural Products:(UNPD155042 UNPD162992 UNPD172347 UNPD176049);PubChem:(471 10185 712316 712318 439533 443758 12309272 25200369 25244891 70862948 101697092);YMDB Mine;CHEBI:(60037 38747 58329 41963 17948 32330 75747);PubChem class - bio and metabolites;KEGG:(C12316 C01617);PubChem class - safety and toxic;Training Set;Biocyc:(CPD-10291 CPD-474)	34581965182
2	1	N/A	-88.32446542574296	C15H12O7	[M - H2O + H]+	USQXPEWRYWRRJD	InChI=1S/C15H12O7/c16-7-3-8(17)14-9(18)5-12(22-13(14)4-7)6-1-10(19)15(21)11(20)2-6/h1-4,12,16-17,19-21H,5H2	Dihydrotricetin	C1C(OC2=CC(=CC(=C2C1=O)O)O)C3=CC(=C(C(=C3)O)O)O	1.70000005	440836;5258991;90658763	HMDB:(126033);SuperNatural:(SN00335793);Plantcyc:(CPD-7214);PubMed;COCONUT:(CNP0001498 CNP0318793);KNApSAcK:(8342);Natural Products:(UNPD79204);PubChem:(440836 5258991 90658763);CHEBI:(25882 48026);PubChem class - bio and metabolites;KEGG:(C05911);Biocyc:(CPD-7214)	20089210
3	1	N/A	-93.52893301177488	C15H12O7	[M - H2O + H]+	UIRCARMQMYTLGE	InChI=1S/C15H12O7/c16-8-4-12(20)15(13(21)5-8)14(22)6-10(18)7-1-2-9(17)11(19)3-7/h1-5,16-17,19-21H,6H2	dibenzoylmethane tautomer	C1=CC(=C(C=C1C(=O)CC(=O)C2=C(C=C(C=C2O)O)O)O)O	1.89999998	49859659;49859660	Plantcyc:(CPD-15077);PubChem:(49859659 49859660);PubMed;Biocyc:(CPD-15077);PubChem class - bio and metabolites	16910402
4	1	N/A	-104.12621250172202	C15H12O7	[M - H2O + H]+	AITWUDJQTKPILD	InChI=1S/C15H12O7/c16-7-2-1-6(3-8(7)17)11-4-9(18)13-12(22-11)5-10(19)14(20)15(13)21/h1-3,5,11,16-17,19-21H,4H2	null	C1C(OC2=C(C1=O)C(=C(C(=C2)O)O)O)C3=CC(=C(C=C3)O)O	1.70000005	66551786	HMDB:(126023);PubChem:(66551786);KEGG Mine;PubChem class - bio and metabolites	8606711818
5	1	N/A	-104.46773412086311	C15H12O7	[M - H2O + H]+	WBHCYFXEVWJBEE	InChI=1S/C15H12O7/c16-8-4-11(19)14-12(20)6-15(21,22-13(14)5-8)7-1-2-9(17)10(18)3-7/h1-5,16-19,21H,6H2	null	C1C(=O)C2=C(C=C(C=C2OC1(C3=CC(=C(C=C3)O)O)O)O)O	1.29999995	90657995;134716708;134814699	PubChem:(90657995 134716708 134814699);CHEBI:(142228 142227 141995);PubChem class - bio and metabolites;Plantcyc:(CPD-15079);PubMed;Biocyc:(CPD-15079);KEGG Mine	8606845026
6	1	N/A	-116.56934667760042	C15H12O7	[M - H2O + H]+	SWZQMIOWZFXOGU	InChI=1S/C15H12O7/c16-8-3-1-7(5-10(8)18)2-4-9(17)13-11(19)6-12(20)14(21)15(13)22/h1-6,16,18-22H	null	C1=CC(=C(C=C1C=CC(=O)C2=C(C(=C(C=C2O)O)O)O)O)O	2.0999999	131832482	HMDB:(126025 130332);PubChem:(131832482);KEGG Mine;PubChem class - bio and metabolites	8606711818
7	1	N/A	-116.65093036927766	C15H12O7	[M - H2O + H]+	QIWOFDHUQPJCJF	InChI=1S/C15H12O7/c16-6-1-2-8(9(18)3-6)15-14(21)13(20)12-10(19)4-7(17)5-11(12)22-15/h1-5,14-19,21H	3,5,7,2'',4''-pentahydroxydihydroflavonol	C1=CC(=C(C=C1O)O)C2C(C(=O)C3=C(C=C(C=C3O2)O)O)O	1.5	362637;5458714;92146386;92146387;98049813	COCONUT:(CNP0276391);HMDB:(131756);KNApSAcK:(8570);Natural Products:(UNPD133864 UNPD137287);PubChem:(362637 5458714 92146386 92146387 98049813);SuperNatural:(SN00002302 SN00002301 SN00002303);ZINC bio:(ZINC01573788 ZINC01573789 ZINC01573790);PubChem class - bio and metabolites;PubMed;KEGG Mine	8609898586
8	1	N/A	-119.50668219468652	C15H12O7	[M - H2O + H]+	RSWKNNROTUMDID	InChI=1S/C15H12O7/c16-7-2-1-6(3-8(7)17)12-5-10(19)13-9(18)4-11(20)14(21)15(13)22-12/h1-4,12,16-18,20-21H,5H2	null	C1C(OC2=C(C1=O)C(=CC(=C2O)O)O)C3=CC(=C(C=C3)O)O	1.70000005	101999456	COCONUT:(CNP0404393);Natural Products:(UNPD174479);PubChem:(101999456);SuperNatural:(SN00313137);KEGG Mine	8593113090
9	1	N/A	-122.34276616178911	C15H12O7	[M - H2O + H]+	MBLFTUVXKRACOC	InChI=1S/C15H12O7/c16-8-3-1-6(5-10(8)18)14-13(21)11(19)7-2-4-9(17)12(20)15(7)22-14/h1-5,13-14,16-18,20-21H	(2S,3R)-2-(3,4-dihydroxyphenyl)-3,7,8-trihydroxy-2,3-dihydrochromen-4-one	C1=CC(=C(C=C1C2C(C(=O)C3=C(O2)C(=C(C=C3)O)O)O)O)O	0.899999976	21721858;21721859;73829902	COCONUT:(CNP0392151);KNApSAcK:(8584);Natural Products:(UNPD123815 UNPD138530 UNPD2455 UNPD14728);PubChem:(21721858 21721859 73829902);SuperNatural:(SN00327670 SN00386631 SN00319928);KEGG Mine	8593113106
10	1	N/A	-125.74020385017505	C15H12O7	[M - H2O + H]+	CHWLXVNIAZVLFG	InChI=1S/C15H12O7/c16-8-5-10(18)14(11(19)6-8)9(17)2-1-7-3-12(20)15(22)13(21)4-7/h1-6,16,18-22H	2'',3,4,4'',5,6''-hexahydroxychalcone	C1=C(C=C(C(=C1O)O)O)C=CC(=O)C2=C(C=C(C=C2O)O)O	2.0999999	44428608;75026046	HMDB:(126035 128217);PubChem:(44428608 75026046);PubMed;KEGG Mine;PubChem class - bio and metabolites	8606711882
11	1	N/A	-128.03406258338433	C15H12O7	[M - H2O + H]+	ITFQDSRTZOTUMB	InChI=1S/C15H12O7/c16-6-3-9(18)13-10(19)5-11(22-12(13)4-6)7-1-2-8(17)15(21)14(7)20/h1-4,11,16-18,20-21H,5H2	null	C1C(OC2=CC(=CC(=C2C1=O)O)O)C3=C(C(=C(C=C3)O)O)O	1.70000005	131832486	HMDB:(126029);PubChem:(131832486);KEGG Mine;PubChem class - bio and metabolites	8606711818
12	1	N/A	-131.774434961425	C15H12O7	[M - H2O + H]+	WJMNZKRECUAECE	InChI=1S/C15H12O7/c16-8-5-11(19)14(12(20)6-8)15(22)13(21)4-7-1-2-9(17)10(18)3-7/h1-3,5-6,16-20H,4H2	null	C1=CC(=C(C=C1CC(=O)C(=O)C2=C(C=C(C=C2O)O)O)O)O	1.60000002	9861268	COCONUT:(CNP0199587);HMDB:(125372);Natural Products:(UNPD104911);PubChem:(9861268);PubChem class - bio and metabolites	18907146
13	1	N/A	-133.86819196919353	C15H12O7	[M - H2O + H]+	VSJCDPYIMBSOKN	InChI=1S/C15H12O7/c16-7-1-2-8-11(5-7)22-15(14(21)12(8)19)6-3-9(17)13(20)10(18)4-6/h1-5,14-18,20-21H	Hydrorobinetin	C1=CC2=C(C=C1O)OC(C(C2=O)O)C3=CC(=C(C(=C3)O)O)O	0.899999976	20399;6708707;17751005;36690361;71775272	SuperNatural:(SN00002488 SN00002489 SN00002490);ZINC bio:(ZINC01689530 ZINC01689531 ZINC01689533);additional;MeSH:(20399);PubMed;NORMAN:(NS00049195);COCONUT:(CNP0275146);KNApSAcK:(8586);Natural Products:(UNPD151928);PubChem:(20399 6708707 17751005 36690361 71775272);PubChem class - safety and toxic;Training Set;KEGG Mine	8661033046
14	1	N/A	-140.29209232777777	C15H12O7	[M - H2O + H]+	YLKSVXKBXCRYAD	InChI=1S/C15H12O7/c16-6-1-11(20)15-12(21)5-13(22-14(15)2-6)7-3-9(18)10(19)4-8(7)17/h1-4,13,16-20H,5H2	null	C1C(OC2=CC(=CC(=C2C1=O)O)O)C3=CC(=C(C=C3O)O)O	1.70000005	131832489	HMDB:(126039);PubChem:(131832489);KEGG Mine;PubChem class - bio and metabolites	8606711818
15	1	N/A	-141.36966352342876	C15H12O7	[M - H2O + H]+	JIVANWVLNGMSOX	InChI=1S/C15H12O7/c16-8-2-1-6(3-9(8)17)15-14(21)13(20)7-4-10(18)11(19)5-12(7)22-15/h1-5,14-19,21H	Thr1 inhibitor, 3	C1=CC(=C(C=C1C2C(C(=O)C3=CC(=C(C=C3O2)O)O)O)O)O	0.899999976	235240;54603556;53298495;92156492;92156493	COCONUT:(CNP0419478);Natural Products:(UNPD5962);PubChem:(235240 54603556 53298495 92156492 92156493);SuperNatural:(SN00294257);MeSH:(235240 54603556);PubMed;KEGG Mine	8593113158
16	1	N/A	-144.53158692391025	C15H12O7	[M - H2O + H]+	BYVWXQRJRYELNP	InChI=1S/C15H12O7/c16-7-4-10(19)12-11(5-7)22-15(14(21)13(12)20)6-1-2-8(17)9(18)3-6/h1-5,13,15-20H	null	C1=CC(=C(C=C1C2C(=O)C(C3=C(C=C(C=C3O2)O)O)O)O)O	1.10000002	53708474;53708475;91538239	PubChem:(53708474 53708475 91538239);YMDB Mine;PubMed;KEGG Mine;PubChem class - bio and metabolites	42966450242
17	1	N/A	-153.12800244829714	C15H12O7	[M - H2O + H]+	NBQYBZYBTNQEQG	InChI=1S/C15H12O7/c16-6-4-9(19)12-10(5-6)22-15(14(21)13(12)20)11-7(17)2-1-3-8(11)18/h1-5,14-19,21H	2'',3,5,6'',7-Pentahydroxyflavanone	C1=CC(=C(C(=C1)O)C2C(C(=O)C3=C(C=C(C=C3O2)O)O)O)O	1.5	157633;71307292;86311088;86311089;86311090	COCONUT:(CNP0171117);KNApSAcK:(8574);Natural Products:(UNPD126751 UNPD28514);PubChem:(157633 71307292 86311088 86311089 86311090);SuperNatural:(SN00158900 SN00020808 SN00329698);ZINC bio:(ZINC14643339);additional;MeSH:(71307292);Training Set;PubMed	3727446
18	1	N/A	-162.96165648667906	C15H12O7	[M - H2O + H]+	FIQGVMSAUQNXHJ	InChI=1S/C15H12O7/c1-20-10-5-9-12(14(19)15(10)21-2)13(18)11-7(17)3-6(16)4-8(11)22-9/h3-5,16-17,19H,1-2H3	null	COC1=C(C(=C2C(=C1)OC3=CC(=CC(=C3C2=O)O)O)O)OC	2.4000001	101304460	COCONUT:(CNP0212446);Natural Products:(UNPD29817);PubChem:(101304460);SuperNatural:(SN00361357)	3178498
19	1	N/A	-164.69094101830655	C15H12O7	[M - H2O + H]+	VSTMUYIHCRRVAV	InChI=1S/C15H12O7/c16-8-2-1-6(3-9(8)17)7-5-22-11-4-10(18)14(20)15(21)12(11)13(7)19/h1-4,7,16-18,20-21H,5H2	null	C1C(C(=O)C2=C(O1)C=C(C(=C2O)O)O)C3=CC(=C(C=C3)O)O	1.79999995	131835607	HMDB:(129344);PubChem:(131835607);PubChem class - bio and metabolites	16777226
20	1	N/A	-164.81495737252618	C15H12O7	[M - H2O + H]+	WWLABYIROBORPO	InChI=1S/C15H12O7/c1-20-6-3-7(16)11-9(4-6)22-10-5-8(17)15(21-2)14(19)12(10)13(11)18/h3-5,16-17,19H,1-2H3	ACMC-20mmau	COC1=CC(=C2C(=C1)OC3=C(C2=O)C(=C(C(=C3)O)OC)O)O	2.4000001	71339074	COCONUT:(CNP0390967);Natural Products:(UNPD138870);PubChem:(71339074);SuperNatural:(SN00365193);KEGG Mine	8593113090
21	1	N/A	-165.12029936545594	C15H12O7	[M - H2O + H]+	BWXPZVRFECYQEP	InChI=1S/C15H12O7/c16-8-5-11(19)13(12(20)6-8)9(17)3-1-7-2-4-10(18)15(22)14(7)21/h1-6,16,18-22H	null	C1=CC(=C(C(=C1C=CC(=O)C2=C(C=C(C=C2O)O)O)O)O)O	2.0999999	131832487	HMDB:(126030);PubChem:(131832487);KEGG Mine;PubChem class - bio and metabolites	8606711818
22	1	N/A	-165.1484464013073	C15H12O7	[M - H2O + H]+	SPLXVVIJECEDFW	InChI=1S/C15H12O7/c16-7-3-1-6(2-4-7)15-14(21)13(20)10-9(22-15)5-8(17)11(18)12(10)19/h1-5,14-19,21H	null	C1=CC(=CC=C1C2C(C(=O)C3=C(O2)C=C(C(=C3O)O)O)O)O	1.5	101353295;129681891	COCONUT:(CNP0162842);HMDB:(125366);Natural Products:(UNPD179434);PubChem:(101353295 129681891);SuperNatural:(SN00263279);PubChem class - bio and metabolites;PubMed;KEGG Mine	8609890378
23	1	N/A	-165.46323565416057	C15H12O7	[M - H2O + H]+	GZBVLNACINICEX	InChI=1S/C15H12O7/c1-6-2-8(13(20)11(19)3-6)14(21)15(22)12-9(17)4-7(16)5-10(12)18/h2-5,16-20H,1H3	null	CC1=CC(=C(C(=C1)O)O)C(=O)C(=O)C2=C(C=C(C=C2O)O)O	2.5999999	24123440	COCONUT:(CNP0033040);PubChem:(24123440);SuperNatural:(SN00033078);CHEBI:(93946);ZINC bio:(ZINC35456830)	3153954
24	1	N/A	-165.71388032457327	C15H12O7	[M - H2O + H]+	VCLACNNZBMRRES	InChI=1S/C15H12O7/c16-8-4-11(19)13-12(5-8)22-15(21,14(13)20)6-7-1-2-9(17)10(18)3-7/h1-5,16-19,21H,6H2	Alphitonin	C1=CC(=C(C=C1CC2(C(=O)C3=C(C=C(C=C3O2)O)O)O)O)O	1.79999995	12305769;101534820;101534821	COCONUT:(CNP0236355);HMDB:(133543);KNApSAcK:(8070);Natural Products:(UNPD13733);PubChem:(12305769 101534820 101534821);SuperNatural:(SN00226526);CHEBI:(69013);PubChem class - bio and metabolites;MeSH:(12305769);PubMed	19955838
25	1	N/A	-167.93912138418764	C15H12O7	[M - H2O + H]+	SRHDEHLQIMAWNV	InChI=1S/C15H12O7/c16-7-1-6(2-8(17)3-7)15-14(21)13(20)12-10(19)4-9(18)5-11(12)22-15/h1-5,14-19,21H	(2R,3R)-2-(3,5-dihydroxyphenyl)-3,5,7-trihydroxy-2,3-dihydrochromen-4-one	C1=C(C=C(C=C1O)O)C2C(C(=O)C3=C(C=C(C=C3O2)O)O)O	1.5	5320468;25073455;122196225	COCONUT:(CNP0417060);HMDB:(125208);Natural Products:(UNPD76150);PubChem:(5320468 25073455 122196225);SuperNatural:(SN00158905);PubChem class - bio and metabolites;PubMed	19955786
26	1	N/A	-175.62828509851283	C15H12O7	[M - H2O + H]+	LMUQMEDGLAEQEK	InChI=1S/C15H12O7/c1-21-15(7-2-3-9(17)10(18)4-7)14(20)13-11(19)5-8(16)6-12(13)22-15/h2-6,16-19H,1H3	null	COC1(C(=O)C2=C(C=C(C=C2O1)O)O)C3=CC(=C(C=C3)O)O	2.0999999	51136531;52185904;52185905	COCONUT:(CNP0137208);Natural Products:(UNPD123496);PubChem:(51136531 52185904 52185905);SuperNatural:(SN00038965 SN00038966);ZINC bio:(ZINC43152476 ZINC43152477);Training Set;PubMed	3203138
27	1	N/A	-176.49415203015593	C15H12O7	[M - H2O + H]+	RTKLGUPTSWPLGM	InChI=1S/C15H12O7/c16-8-4-13(21)15(14(22)5-8)9(17)2-1-7-3-11(19)12(20)6-10(7)18/h1-6,16,18-22H	null	C1=C(C=C(C(=C1O)C(=O)C=CC2=CC(=C(C=C2O)O)O)O)O	2.0999999	129685577;131832490	HMDB:(126040);PubChem:(129685577 131832490);KEGG Mine;PubChem class - bio and metabolites	8606711818
28	1	N/A	-178.7447440947745	C15H12O7	[M - H2O + H]+	MJNLXSJLXRHLSA	InChI=1S/C15H12O7/c16-7-3-1-2-6(4-7)15-14(21)13(20)10-9(22-15)5-8(17)11(18)12(10)19/h1-5,14-19,21H	null	C1=CC(=CC(=C1)O)C2C(C(=O)C3=C(O2)C=C(C(=C3O)O)O)O	1.5	131831749	HMDB:(125220);PubChem:(131831749);PubChem class - bio and metabolites	16777226
29	1	N/A	-180.6368260474033	C15H12O7	[M - H2O + H]+	SGSPTYUDAKCYJM	InChI=1S/C15H12O7/c16-8-1-7(2-9(17)4-8)3-13(21)15(22)14-11(19)5-10(18)6-12(14)20/h1-2,4-6,16-20H,3H2	null	C1=C(C=C(C=C1O)O)CC(=O)C(=O)C2=C(C=C(C=C2O)O)O	1.60000002	131831743	HMDB:(125211);PubChem:(131831743);PubChem class - bio and metabolites	16777226
30	1	N/A	-180.6800259345669	C15H12O7	[M - H2O + H]+	LFIJWJNNZWRREP	InChI=1S/C15H12O7/c16-6-3-10(18)12-11(4-6)22-5-8(13(12)19)7-1-2-9(17)15(21)14(7)20/h1-4,8,16-18,20-21H,5H2	null	C1C(C(=O)C2=C(C=C(C=C2O1)O)O)C3=C(C(=C(C=C3)O)O)O	1.79999995	129686301	HMDB:(129353);PubChem:(129686301);KEGG Mine;PubChem class - bio and metabolites	8606711818
31	1	N/A	-182.07415018325122	C15H12O7	[M - H2O + H]+	MEDZADGBRDMLGM	InChI=1S/C15H12O7/c1-20-10-3-6-9(4-7(10)16)22-11-5-8(17)15(21-2)14(19)12(11)13(6)18/h3-5,16-17,19H,1-2H3	1,3,6-trihydroxy-2,7-dimethoxyxanthen-9-one	COC1=C(C=C2C(=C1)C(=O)C3=C(O2)C=C(C(=C3O)OC)O)O	2.4000001	5320291	COCONUT:(CNP0290414);KNApSAcK:(36377);Natural Products:(UNPD159731);PubChem:(5320291);SuperNatural:(SN00156772);PubMed	3178578
32	1	N/A	-182.76349732266428	C15H12O7	[M - H2O + H]+	JXTRONMGACAEHH	InChI=1S/C15H12O7/c1-20-8-4-3-7-10(13(8)18)14(19)11-9(22-7)5-6(16)12(17)15(11)21-2/h3-5,16-18H,1-2H3	null	COC1=C(C2=C(C=C1)OC3=CC(=C(C(=C3C2=O)OC)O)O)O	1.74177599	""	COCONUT:(CNP0114496);Natural Products:(UNPD25812)	2129920
33	1	N/A	-183.40850190815075	C15H12O7	[M - H2O + H]+	QDSAUUOUBPKTKQ	InChI=1S/C15H12O7/c16-6-1-2-8(9(18)3-6)15-14(21)13(20)12-10(19)4-7(17)5-11(12)22-15/h1-5,13,15-20H	null	C1=CC(=C(C=C1O)O)C2C(=O)C(C3=C(C=C(C=C3O2)O)O)O	1.10000002	54222687;90898415;123800810	PubChem:(54222687 90898415 123800810);PubMed;PubChem class - drug;PubChem class - bio and metabolites	50331714
34	1	N/A	-184.5377423320582	C15H12O7	[M - H2O + H]+	JPSQXEBJQQVFGE	InChI=1S/C15H12O7/c1-20-14-8(18)5-10-12(15(14)21-2)13(19)11-7(17)3-6(16)4-9(11)22-10/h3-5,16-18H,1-2H3	7,8-Dimethoxy-1,3,6-trihyroxyxanthen-9-one	COC1=C(C2=C(C=C1O)OC3=CC(=CC(=C3C2=O)O)O)OC	2.4000001	5479782	COCONUT:(CNP0252161);Natural Products:(UNPD10826);PubChem:(5479782);SuperNatural:(SN00388083);PubMed	3178562
35	1	N/A	-185.3688082221757	C15H12O7	[M - H2O + H]+	YOTJHIQKUFOLIM	InChI=1S/C15H12O7/c16-7-3-1-6(2-4-7)14-13(21)12(20)10-8(17)5-9(18)11(19)15(10)22-14/h1-5,13-14,16-19,21H	Flavanone analog	C1=CC(=CC=C1C2C(C(=O)C3=C(O2)C(=C(C=C3O)O)O)O)O	1.5	468911;11722549	COCONUT:(CNP0291650);Natural Products:(UNPD27937);PubChem:(468911 11722549);SuperNatural:(SN00312477);KEGG Mine	8593113090
36	1	N/A	-186.7116086778376	C15H12O7	[M - H2O + H]+	FJHXFEUWNABZJD	InChI=1S/C15H12O7/c16-8-4-11(18)9-6-14(20)15(21,22-13(9)5-8)7-1-2-10(17)12(19)3-7/h1-5,16-19,21H,6H2	null	C1C2=C(C=C(C=C2OC(C1=O)(C3=CC(=C(C=C3)O)O)O)O)O	0.899999976	74686069	COCONUT:(CNP0175237);Natural Products:(UNPD41246);PubChem:(74686069);SuperNatural:(SN00312379)	3178498
37	1	N/A	-187.3478420472086	C15H12O7	[M - H2O + H]+	QHODVXXXBGXNKC	InChI=1S/C15H12O7/c1-20-10-5-7-12(18)11-8(17)3-6(16)4-9(11)22-14(7)15(21-2)13(10)19/h3-5,16-17,19H,1-2H3	1,3,6-Trihydroxy-5,7-Dimethoxyxanthen-9-one	COC1=C(C(=C2C(=C1)C(=O)C3=C(C=C(C=C3O2)O)O)OC)O	2.4000001	5479776	COCONUT:(CNP0316193);Natural Products:(UNPD141999);PubChem:(5479776);SuperNatural:(SN00375409);PubMed	3178562
38	1	N/A	-187.43121830371473	C15H12O7	[M - H2O + H]+	XCAMWEDNTCYIQA	InChI=1S/C15H12O7/c16-7-1-6(2-8(17)3-7)11-4-9(18)13-12(22-11)5-10(19)14(20)15(13)21/h1-3,5,11,16-17,19-21H,4H2	null	C1C(OC2=C(C1=O)C(=C(C(=C2)O)O)O)C3=CC(=CC(=C3)O)O	1.70000005	91404693	HMDB:(131926);PubChem:(91404693);PubMed;PubChem class - bio and metabolites	16777290
39	1	N/A	-189.53802512388705	C15H12O7	[M - H2O + H]+	KGHTYCPIZZSHSK	InChI=1S/C15H12O7/c16-8-3-1-2-7(4-8)5-10(18)13(20)12-9(17)6-11(19)14(21)15(12)22/h1-4,6,16-17,19,21-22H,5H2	null	C1=CC(=CC(=C1)O)CC(=O)C(=O)C2=C(C(=C(C=C2O)O)O)O	1.60000002	131832968	HMDB:(126565);PubChem:(131832968);PubChem class - bio and metabolites	16777226
40	1	N/A	-189.63000723290304	C15H12O7	[M - H2O + H]+	IXZHXALKJLRMLE	InChI=1S/C15H12O7/c16-7-3-9(17)8-5-12(20)15(22-13(8)4-7)6-1-10(18)14(21)11(19)2-6/h1-4,15-19,21H,5H2	null	C1C(=O)C(OC2=CC(=CC(=C21)O)O)C3=CC(=C(C(=C3)O)O)O	1.29999995	53941343	PubChem:(53941343);YMDB Mine;KEGG Mine;PubChem class - bio and metabolites	42966450178
41	1	N/A	-191.96780222560238	C15H12O7	[M - H2O + H]+	HYGZUILBCSQNKM	InChI=1S/C15H12O7/c16-8-4-1-7(2-5-8)3-6-9(17)10-11(18)13(20)15(22)14(21)12(10)19/h1-6,16,18-22H	null	C1=CC(=CC=C1C=CC(=O)C2=C(C(=C(C(=C2O)O)O)O)O)O	2.0999999	129685597;131836372	HMDB:(130180);PubChem:(129685597 131836372);PubChem class - bio and metabolites	16777226
42	1	N/A	-192.9380556789603	C15H12O7	[M - H2O + H]+	GOSJZYBHCHHHCO	InChI=1S/C15H12O7/c16-6-1-12(20)14-13(2-6)22-5-8(15(14)21)7-3-10(18)11(19)4-9(7)17/h1-4,8,16-20H,5H2	null	C1C(C(=O)C2=C(C=C(C=C2O1)O)O)C3=CC(=C(C=C3O)O)O	1.79999995	131835619	HMDB:(129359);PubChem:(131835619);KEGG Mine;PubChem class - bio and metabolites	8606711818
43	1	N/A	-193.29921462242942	C15H12O7	[M - H2O + H]+	PZDTUHVPYVWHCH	InChI=1S/C15H12O7/c1-20-9-5-10(21-2)15-12(13(9)18)14(19)11-7(17)3-6(16)4-8(11)22-15/h3-5,16-18H,1-2H3	null	COC1=CC(=C(C2=C1OC3=CC(=CC(=C3C2=O)O)O)O)OC	1.74177599	""	COCONUT:(CNP0140351);Natural Products:(UNPD19152);SuperNatural:(SN00404379)	3178496
44	1	N/A	-196.76719866829123	C15H12O7	[M - H2O + H]+	PRYBSIGSJBIQKA	InChI=1S/C15H12O7/c1-20-14-7(17)5-9-11(15(14)21-2)13(19)10-8(22-9)4-3-6(16)12(10)18/h3-5,16-18H,1-2H3	null	COC1=C(C2=C(C=C1O)OC3=C(C2=O)C(=C(C=C3)O)O)OC	2.4000001	46872121	COCONUT:(CNP0169282);Natural Products:(UNPD115994);PubChem:(46872121);SuperNatural:(SN00402888)	3178498
45	1	N/A	-197.77845060528145	C15H12O7	[M - H2O + H]+	UBCXIVCXMABZNZ	InChI=1S/C15H12O7/c1-20-6-3-8(16)11-9(4-6)22-15-7(12(11)17)5-10(21-2)13(18)14(15)19/h3-5,16,18-19H,1-2H3	1,5,6-Trihydroxy-3,7-Dimethoxyxanthen-9-one	COC1=CC(=C2C(=C1)OC3=C(C(=C(C=C3C2=O)OC)O)O)O	2.4000001	5479778	COCONUT:(CNP0325752);Natural Products:(UNPD15508);PubChem:(5479778);SuperNatural:(SN00370764);PubMed	3178562
46	1	N/A	-198.28685829428002	C15H12O7	[M - H2O + H]+	XSTWGUHABMMDCN	InChI=1S/C15H12O7/c1-20-10-5-7-12(18)11-8(17)3-6(16)4-9(11)22-14(7)13(19)15(10)21-2/h3-5,16-17,19H,1-2H3	null	COC1=C(C(=C2C(=C1)C(=O)C3=C(C=C(C=C3O2)O)O)O)OC	1.74177599	""	COCONUT:(CNP0307484);Natural Products:(UNPD64903);SuperNatural:(SN00312131)	3178496
47	1	N/A	-198.57065486429744	C15H12O7	[M - H2O + H]+	TZKSXJLHDJMYHG	InChI=1S/C15H12O7/c1-20-11-5-10-12(14(19)15(11)21-2)13(18)6-3-7(16)8(17)4-9(6)22-10/h3-5,16-17,19H,1-2H3	9H-Xanthen-9-one, 1,6,7-trihydroxy-2,3-dimethoxy-	COC1=C(C(=C2C(=C1)OC3=CC(=C(C=C3C2=O)O)O)O)OC	2.4000001	12133316	COCONUT:(CNP0080101);Natural Products:(UNPD227855);PubChem:(12133316);PubMed	2129986
48	1	N/A	-199.20752023498022	C15H12O7	[M - H2O + H]+	AWBWYCUKIZIGAW	InChI=1S/C15H12O7/c16-7-3-1-6(2-4-7)9-5-8(17)10-11(18)12(19)13(20)14(21)15(10)22-9/h1-4,9,16,18-21H,5H2	null	C1C(OC2=C(C(=C(C(=C2C1=O)O)O)O)O)C3=CC=C(C=C3)O	1.70000005	131836370	HMDB:(130177);PubChem:(131836370);KEGG Mine;PubChem class - bio and metabolites	8606711818
49	1	N/A	-199.38553606656527	C15H12O7	[M - H2O + H]+	OSESKHHAMHBKLE	InChI=1S/C15H12O7/c16-6-1-2-9(18)8(3-6)15-14(21)13(20)12-10(19)4-7(17)5-11(12)22-15/h1-5,14-19,21H	null	C1=CC(=C(C=C1O)C2C(C(=O)C3=C(C=C(C=C3O2)O)O)O)O	1.5	25073150;102094442;122196224	COCONUT:(CNP0278676);KNApSAcK:(8571);Natural Products:(UNPD135261);PubChem:(25073150 102094442 122196224);SuperNatural:(SN00285136);PubMed	3178578
50	1	N/A	-200.2426339940043	C15H12O7	[M - H2O + H]+	PAVWLYTVSSXEMJ	InChI=1S/C15H12O7/c1-20-6-3-7(16)11-10(4-6)22-15-12(13(11)19)8(17)5-9(18)14(15)21-2/h3-5,16-18H,1-2H3	null	COC1=CC(=C2C(=C1)OC3=C(C2=O)C(=CC(=C3OC)O)O)O	2.4000001	71546261	COCONUT:(CNP0121859);Natural Products:(UNPD221025);PubChem:(71546261);PubMed;KEGG Mine	8592064578
51	1	N/A	-200.55997424512364	C15H12O7	[M - H2O + H]+	SRFNEFDUSKZJDB	InChI=1S/C15H12O7/c16-8-3-1-7(2-4-8)13(19)15(21)14(20)12-10(18)5-9(17)6-11(12)22-15/h1-6,13,16-19,21H	null	C1=CC(=CC=C1C(C2(C(=O)C3=C(C=C(C=C3O2)O)O)O)O)O	1.10000002	131837420	HMDB:(133542);PubChem:(131837420);PubChem class - bio and metabolites	16777226
52	1	N/A	-202.58734672731057	C15H12O7	[M - H2O + H]+	LZJRSQAXVZJLOF	InChI=1S/C15H12O7/c16-9-3-1-7(5-11(9)18)6-15(21)14(20)8-2-4-10(17)12(19)13(8)22-15/h1-5,16-19,21H,6H2	Nigrescin	C1=CC(=C(C=C1CC2(C(=O)C3=C(O2)C(=C(C=C3)O)O)O)O)O	1.29999995	42607790	COCONUT:(CNP0246044);KNApSAcK:(8071);Natural Products:(UNPD184105);PubChem:(42607790);SuperNatural:(SN00319743);CHEBI:(137847);PubMed	3178610
53	1	N/A	-204.31123602480866	C15H12O7	[M - H2O + H]+	XNRRGGKMFYVLRZ	InChI=1S/C15H12O7/c16-6-1-2-7(9(17)3-6)8-5-22-15-12(13(8)20)10(18)4-11(19)14(15)21/h1-4,8,16-19,21H,5H2	null	C1C(C(=O)C2=C(O1)C(=C(C=C2O)O)O)C3=C(C=C(C=C3)O)O	1.79999995	131839422	HMDB:(137814);PubChem:(131839422);KEGG Mine;PubChem class - bio and metabolites	8606711818
54	1	N/A	-206.0845830090151	C15H12O7	[M - H2O + H]+	KXZSOSZUFXHBHD	InChI=1S/C15H12O7/c1-20-10-4-6(16)3-7-12(18)11-9(22-14(7)10)5-8(17)15(21-2)13(11)19/h3-5,16-17,19H,1-2H3	null	COC1=C2C(=CC(=C1)O)C(=O)C3=C(C(=C(C=C3O2)O)OC)O	1.74177599	""	COCONUT:(CNP0351343);Natural Products:(UNPD52726)	2129920
55	1	N/A	-206.4529096299889	C15H12O7	[M - H2O + H]+	KUNUETKBUPYSON	InChI=1S/C15H12O7/c1-20-14-6(16)3-4-8-11(14)12(18)10-9(22-8)5-7(17)15(21-2)13(10)19/h3-5,16-17,19H,1-2H3	Securixanthone A	COC1=C(C=CC2=C1C(=O)C3=C(O2)C=C(C(=C3O)OC)O)O	2.4000001	5323522	COCONUT:(CNP0290024);KNApSAcK:(37805);Natural Products:(UNPD99585);PubChem:(5323522);SuperNatural:(SN00235413);PubMed	3178578
56	1	N/A	-208.7114758186	C15H12O7	[M - H2O + H]+	IGTOCWFRBRUVNC	InChI=1S/C15H12O7/c1-20-8-4-3-7-11(15(8)21-2)13(18)10-9(22-7)5-6(16)12(17)14(10)19/h3-5,16-17,19H,1-2H3	1,2,3-trihydroxy-7,8-dimethoxyxanthen-9-one	COC1=C(C2=C(C=C1)OC3=C(C2=O)C(=C(C(=C3)O)O)O)OC	2.4000001	23266577	COCONUT:(CNP0322689);Natural Products:(UNPD62684);PubChem:(23266577);SuperNatural:(SN00330676)	3178498
57	1	N/A	-210.65757373620357	C15H12O7	[M - H2O + H]+	NMLLPTIXEAARKK	InChI=1S/C15H12O7/c16-8-3-1-7(2-4-8)5-10(18)13(20)12-9(17)6-11(19)14(21)15(12)22/h1-4,6,16-17,19,21-22H,5H2	null	C1=CC(=CC=C1CC(=O)C(=O)C2=C(C(=C(C=C2O)O)O)O)O	1.60000002	131831885	HMDB:(125368);PubChem:(131831885);PubChem class - bio and metabolites	16777226
58	1	N/A	-211.68396461369872	C15H12O7	[M - H2O + H]+	MSKWVOZFYMGPOJ	InChI=1S/C15H12O7/c1-20-6-3-8(16)11-10(4-6)22-14-7(12(11)18)5-9(17)15(21-2)13(14)19/h3-5,16-17,19H,1-2H3	null	COC1=CC(=C2C(=C1)OC3=C(C(=C(C=C3C2=O)O)OC)O)O	2.4000001	85922547	COCONUT:(CNP0372407);Natural Products:(UNPD109154);PubChem:(85922547);SuperNatural:(SN00322728)	3178498
59	1	N/A	-212.86906735937507	C15H12O7	[M - H2O + H]+	WGKXNCOXEXVDGV	InChI=1S/C15H12O7/c1-20-8-4-3-7-11(12(8)17)14(19)10-6(16)5-9(21-2)13(18)15(10)22-7/h3-5,16-18H,1-2H3	null	COC1=C(C2=C(C=C1)OC3=C(C2=O)C(=CC(=C3O)OC)O)O	2.4000001	13846828	COCONUT:(CNP0164904);Natural Products:(UNPD196052);PubChem:(13846828);SuperNatural:(SN00282961);KEGG Mine	8593113090
60	1	N/A	-214.0251219275503	C15H12O7	[M - H2O + H]+	YMWRHUWNNOOQLF	InChI=1S/C15H12O7/c1-20-6-3-8(16)11-10(4-6)22-14-7(12(11)18)5-9(17)13(19)15(14)21-2/h3-5,16-17,19H,1-2H3	1,6,7-Trihydroxy-3,5-Dimethoxyxanthen-9-one	COC1=CC(=C2C(=C1)OC3=C(C(=C(C=C3C2=O)O)O)OC)O	2.4000001	5479777	COCONUT:(CNP0393068);Natural Products:(UNPD189190);PubChem:(5479777);SuperNatural:(SN00358828);PubMed;KEGG Mine	8593113154
61	1	N/A	-214.44655710758863	C15H12O7	[M - H2O + H]+	YAPFVXIBUYNNQM	InChI=1S/C15H12O7/c1-20-14-8(17)5-9-10(12(14)19)11(18)6-3-4-7(16)15(21-2)13(6)22-9/h3-5,16-17,19H,1-2H3	1,3,6-trihydroxy-2,5-dimethoxyxanthen-9-one	COC1=C(C=CC2=C1OC3=C(C2=O)C(=C(C(=C3)O)OC)O)O	2.4000001	5480343	COCONUT:(CNP0322843);Natural Products:(UNPD84526);PubChem:(5480343);SuperNatural:(SN00349449);PubMed	3178562
62	1	N/A	-220.81131611483323	C15H12O7	[M - H2O + H]+	QXWFRPQOSROKDE	InChI=1S/C15H12O7/c16-8-4-11(18)9-6-14(20)15(21,22-13(9)5-8)7-1-2-10(17)12(19)3-7/h1-6,16-21H	Spectrum_000196	C1=CC(=C(C=C1C2(C(=CC3=C(C=C(C=C3O2)O)O)O)O)O)O	1.10000002	4438437;71375345	COCONUT:(CNP0112372);Natural Products:(UNPD29833);PubChem:(4438437 71375345);SuperNatural:(SN00299766);PubMed	3178562
63	1	N/A	-223.63134342319844	C15H12O7	[M - H2O + H]+	VHHWNXPFWRHUMZ	InChI=1S/C15H12O7/c1-20-9-5-7(17)10-13(19)11-8(4-3-6(16)12(11)18)22-15(10)14(9)21-2/h3-5,16-18H,1-2H3	TJB-5-ML-55-X-aglycon	COC1=C(C2=C(C(=C1)O)C(=O)C3=C(O2)C=CC(=C3O)O)OC	2.4000001	10852019	COCONUT:(CNP0173337);PubChem:(10852019);PubMed	2097218
64	1	N/A	-224.28725911319356	C15H12O7	[M - H2O + H]+	YAAGNRWEJSZFLV	InChI=1S/C15H12O7/c16-7-4-10(19)12-11(5-7)22-15(14(21)13(12)20)6-1-2-8(17)9(18)3-6/h1-5,13,16-21H	null	C1=CC(=C(C=C1C2=C(C(C3=C(C=C(C=C3O2)O)O)O)O)O)O	0.800000012	126961127;131801247	COCONUT:(CNP0336201);PubChem:(126961127 131801247);YMDB Mine;CHEBI:(138948 139471);Plantcyc:(CPD-19726);Biocyc:(CPD-19726);KEGG Mine	42951903266
65	1	N/A	-224.70614621672433	C15H12O7	[M - H2O + H]+	NINXGBUCCNJWPN	InChI=1S/C15H12O7/c1-20-14-9(18)5-7-12(19)11-8(17)3-6(16)4-10(11)22-13(7)15(14)21-2/h3-5,16-18H,1-2H3	null	COC1=C(C=C2C(=C1OC)OC3=CC(=CC(=C3C2=O)O)O)O	1.74177599	""	COCONUT:(CNP0308979);KNApSAcK:(34990);Natural Products:(UNPD666)	2129936
66	1	N/A	-225.20609291045068	C15H12O7	[M - H2O + H]+	BSEZTDIZCHRGGS	InChI=1S/C15H12O7/c1-20-9-4-3-8-11(12(9)18)13(19)10-6(16)5-7(17)14(21-2)15(10)22-8/h3-5,16-18H,1-2H3	null	COC1=C(C2=C(C=C1)OC3=C(C2=O)C(=CC(=C3OC)O)O)O	2.4000001	101304459	COCONUT:(CNP0240167);Natural Products:(UNPD144916);PubChem:(101304459);SuperNatural:(SN00283308)	3178498
67	1	N/A	-225.31084123603978	C15H12O7	[M - H2O + H]+	ISYRSHCFJHQXRU	InChI=1S/C15H12O7/c1-20-14-11(18)9-10(17)8-6(16)4-3-5-7(8)22-13(9)15(21-2)12(14)19/h3-5,16,18-19H,1-2H3	1,3,8-trihydroxy-2,4-dimethoxyxanthen-9-one	COC1=C(C(=C2C(=C1O)C(=O)C3=C(C=CC=C3O2)O)OC)O	2.4000001	16077443	COCONUT:(CNP0300674);Natural Products:(UNPD56719);PubChem:(16077443);PubMed	2129986
68	1	N/A	-228.23380868151153	C15H12O7	[M - H2O + H]+	VYZSKNNGIBILKL	InChI=1S/C15H12O7/c1-20-6-3-7-11-9(17)5-10(21-2)13(18)14(11)22-15(19)12(7)8(16)4-6/h3-5,16-18H,1-2H3	Graphislactone E	COC1=CC2=C(C(=C1)O)C(=O)OC3=C2C(=CC(=C3O)OC)O	2.5	5323544	COCONUT:(CNP0334132);Natural Products:(UNPD129371);PubChem:(5323544);SuperNatural:(SN00402318)	3178498
69	1	N/A	-233.39640428859684	C15H12O7	[M - H2O + H]+	IQYJYAUKZNTWTJ	InChI=1S/C15H12O7/c1-5-3-6(16)4-7-8(5)10(17)9-11(18)15(21-2)13(20)12(19)14(9)22-7/h3-4,16,18-20H,1-2H3	null	CC1=CC(=CC2=C1C(=O)C3=C(C(=C(C(=C3O2)O)O)OC)O)O	1.81542456	""	COCONUT:(CNP0308719)	2097152
70	1	N/A	-233.4244680764381	C15H12O7	[M - H2O + H]+	CQOUGSCOXVXWOD	InChI=1S/C15H12O7/c16-9-3-12(19)10(17)1-6(9)8-5-22-14-4-13(20)11(18)2-7(14)15(8)21/h1-4,8,16-20H,5H2	null	C1C(C(=O)C2=CC(=C(C=C2O1)O)O)C3=CC(=C(C=C3O)O)O	1.29999995	131831565	HMDB:(125017);PubChem:(131831565);PubChem class - bio and metabolites	16777226
71	1	N/A	-235.40893438581324	C15H12O7	[M - H2O + H]+	RTAZJHSWWRKIOX	InChI=1S/C15H12O7/c16-8(12-9(17)5-6-10(18)14(12)21)3-1-7-2-4-11(19)15(22)13(7)20/h1-6,17-22H	null	C1=CC(=C(C(=C1C=CC(=O)C2=C(C=CC(=C2O)O)O)O)O)O	1.22196925	""	COCONUT:(CNP0277297);Natural Products:(UNPD105208)	2129920
72	1	N/A	-241.748421685059	C15H12O7	[M - H2O + H]+	ZXGKYKCGVKMAQK	InChI=1S/C15H12O7/c1-20-9-5-8(18)11-12(19)10-6(16)3-4-7(17)13(10)22-15(11)14(9)21-2/h3-5,16-18H,1-2H3	null	COC1=C(C2=C(C(=C1)O)C(=O)C3=C(C=CC(=C3O2)O)O)OC	2.4000001	86183532	COCONUT:(CNP0160178);Natural Products:(UNPD172209);PubChem:(86183532);SuperNatural:(SN00356428);PubMed	3178562
73	1	N/A	-244.51244467938332	C15H12O7	[M - H2O + H]+	WBGFNJJITBCOQW	InChI=1S/C15H12O7/c16-7-3-9(17)8-5-12(20)15(22-13(8)4-7)6-1-10(18)14(21)11(19)2-6/h1-4,16-21H,5H2	2-(3,4,5-trihydroxyphenyl)-4H-chromene-3,5,7-triol	C1C2=C(C=C(C=C2OC(=C1O)C3=CC(=C(C(=C3)O)O)O)O)O	1.5	18921252	COCONUT:(CNP0323955);Natural Products:(UNPD86110);PubChem:(18921252);YMDB Mine;KEGG Mine	42951802882
74	1	N/A	-246.43353186966456	C15H12O7	[M - H2O + H]+	KQRVLMRAQBTEJE	InChI=1S/C15H12O7/c16-8-3-1-7(2-4-8)6-15(21)14(20)11-10(22-15)5-9(17)12(18)13(11)19/h1-5,16-19,21H,6H2	null	C1=CC(=CC=C1CC2(C(=O)C3=C(O2)C=C(C(=C3O)O)O)O)O	1.79999995	131837419	HMDB:(133541);PubChem:(131837419);PubChem class - bio and metabolites	16777226
75	1	N/A	-246.49989244503996	C15H12O7	[M - H2O + H]+	MXKGQHAVANZONW	InChI=1S/C15H12O7/c1-20-9-4-3-6(16)10-12(19)11-7(17)5-8(18)13(21-2)15(11)22-14(9)10/h3-5,16-18H,1-2H3	null	COC1=C2C(=C(C=C1)O)C(=O)C3=C(O2)C(=C(C=C3O)O)OC	2.4000001	71437983	COCONUT:(CNP0110799);Natural Products:(UNPD33084);PubChem:(71437983);SuperNatural:(SN00326889);additional;Training Set	3719170
76	1	N/A	-251.4613770041709	C15H12O7	[M - H2O + H]+	BWHTUIWFSOQEBH	InChI=1S/C15H12O7/c1-20-11-5-10-6(3-7(11)16)13(19)12-8(17)4-9(18)14(21-2)15(12)22-10/h3-5,16-18H,1-2H3	null	COC1=C(C=C2C(=C1)OC3=C(C2=O)C(=CC(=C3OC)O)O)O	2.4000001	71546262	COCONUT:(CNP0148317);Natural Products:(UNPD223152);PubChem:(71546262)	2129922
77	1	N/A	-260.1387452919294	C15H12O7	[M - H2O + H]+	WBGKMAVZYFBMQE	InChI=1S/C15H12O7/c16-7-4-8-13(20)12(6-1-2-9(17)10(18)3-6)15(21)22-14(8)11(19)5-7/h1-5,12,15-19,21H	3-(3,4-dihydroxyphenyl)-2,6,8-trihydroxy-2,3-dihydrochromen-4-one	C1=CC(=C(C=C1C2C(OC3=C(C2=O)C=C(C=C3O)O)O)O)O	1.10000002	4095661;57336522	COCONUT:(CNP0270800);Natural Products:(UNPD143458);PubChem:(4095661 57336522);SuperNatural:(SN00233626)	3178498
78	1	N/A	-262.83928691993253	C15H12O7	[M - H2O + H]+	KCOGUTDOSVKXOK	InChI=1S/C15H12O7/c1-20-13-6(16)3-4-9-11(13)12(19)10-7(17)5-8(18)14(21-2)15(10)22-9/h3-5,16-18H,1-2H3	null	COC1=C(C=CC2=C1C(=O)C3=C(O2)C(=C(C=C3O)O)OC)O	2.4000001	101929533	COCONUT:(CNP0290990);Natural Products:(UNPD160359);PubChem:(101929533);SuperNatural:(SN00224553)	3178498
79	1	N/A	-268.2051797629366	C15H12O7	[M - H2O + H]+	XCGZWJIXHMSSQC	InChI=1S/C15H12O7/c16-7-4-10(19)12-11(5-7)22-15(14(21)13(12)20)6-1-2-8(17)9(18)3-6/h1-5,11-12,16-19,21H	null	C1=CC(=C(C=C1C2=C(C(=O)C3C(O2)C=C(C=C3O)O)O)O)O	0.699999988	132033997	COCONUT:(CNP0268635);Natural Products:(UNPD142040);PubChem:(132033997);SuperNatural:(SN00246913);YMDB Mine	34362916866
80	1	N/A	-272.7869760069495	C15H12O7	[M - H2O + H]+	FARKQCFHLDLVHE	InChI=1S/C15H12O7/c16-9-3-1-8(2-4-9)15(21)22-13-6-10(17)5-12(18)11(13)7-14(19)20/h1-6,16-18H,7H2,(H,19,20)	null	C1=CC(=CC=C1C(=O)OC2=CC(=CC(=C2CC(=O)O)O)O)O	1.72973037	""	COCONUT:(CNP0323224);Natural Products:(UNPD44980);SuperNatural:(SN00391699)	3178496
81	1	N/A	-278.3914766991668	C15H12O7	[M - H2O + H]+	DEEPPBLYKYFFMO	InChI=1S/C15H12O7/c16-7-1-2-15(21,12(20)5-7)13-6-10(19)14-9(18)3-8(17)4-11(14)22-13/h1-4,6,12,17-18,20-21H,5H2	null	C1C(C(C=CC1=O)(C2=CC(=O)C3=C(C=C(C=C3O2)O)O)O)O	-0.200000003	52914218	COCONUT:(CNP0203494);Natural Products:(UNPD67173 UNPD205759);PubChem:(52914218);SuperNatural:(SN00385645);PubMed	3178562
82	1	N/A	-283.28710981258655	C15H12O7	[M - H2O + H]+	ONQOQEBOMCDRPX	InChI=1S/C15H12O7/c1-21-14(19)13-12(18)7-9(22-15(13)20)4-2-8-3-5-10(16)11(17)6-8/h2-7,16-18H,1H3	phelligridin B	COC(=O)C1=C(C=C(OC1=O)C=CC2=CC(=C(C=C2)O)O)O	2.29999995	54729711	COCONUT:(CNP0169429);Natural Products:(UNPD95722);PubChem:(54729711);SuperNatural:(SN00320588);PubMed	3178562
83	1	N/A	-303.8492890060953	C15H12O7	[M - H2O + H]+	URGLYCPMFYJIPL	InChI=1S/C15H12O7/c16-7-4-10(19)12-11(5-7)22-15(14(21)13(12)20)6-1-2-8(17)9(18)3-6/h1-3,5,11,16-18,20-21H,4H2	null	C1C(=CC2C(=C(C(=C(O2)C3=CC(=C(C=C3)O)O)O)O)C1=O)O	0.426896304	""	COCONUT:(CNP0076070)	2097152
84	1	N/A	-343.25152860219845	C15H12O7	[M - H2O + H]+	QQGQWVKKAVZQAT	InChI=1S/C15H12O7/c1-5(16)15-9-6(4-22-15)12(18)10-7(17)3-8(21-2)13(19)11(10)14(9)20/h3-5,16-17,19H,1-2H3	null	CC(C1=C2C(=CO1)C(=O)C3=C(C2=O)C(=C(C=C3O)OC)O)O	1.79999995	136801551	COCONUT:(CNP0314217);KNApSAcK:(23712);Natural Products:(UNPD73012 UNPD85747);PubChem:(136801551);SuperNatural:(SN00311300)	3178514
85	1	N/A	-356.1156230819488	C15H12O7	[M - H2O + H]+	HEFOWMGZUBJFBY	InChI=1S/C15H12O7/c1-21-14(19)15(20)10(17)6-5-9-12(15)13(18)11-7(16)3-2-4-8(11)22-9/h2-6,10,16-17,20H,1H3	Globosuxanthone A	COC(=O)C1(C(C=CC2=C1C(=O)C3=C(C=CC=C3O2)O)O)O	1.10000002	16046111	COCONUT:(CNP0136915);Natural Products:(UNPD74172);PubChem:(16046111);SuperNatural:(SN00268034);CHEBI:(68712);MeSH:(16046111);PubMed	3178598
86	1	N/A	-364.87358358526296	C15H12O7	[M - H2O + H]+	OGCNEBYUWVVLMZ	InChI=1S/C15H12O7/c1-6-3-8-7(5-21-6)13(16)11-9(22-8)4-10(20-2)14(17)12(11)15(18)19/h3-4,17H,5H2,1-2H3,(H,18,19)	null	CC1=CC2=C(CO1)C(=O)C3=C(C(=C(C=C3O2)OC)O)C(=O)O	1.70000005	14037931	COCONUT:(CNP0338564);Training Set;PubChem:(14037931);additional	2637826
87	1	N/A	-369.4066595108418	C15H12O7	[M - H2O + H]+	KGDIQNMCQSCZLF	InChI=1S/C15H12O7/c1-6-3-8(16)7-5-21-10-4-9(17)14(20-2)12(15(18)19)11(10)13(7)22-6/h3-4,17H,5H2,1-2H3,(H,18,19)	null	CC1=CC(=O)C2=C(O1)C3=C(C=C(C(=C3C(=O)O)OC)O)OC2	0.800000012	24179499	COCONUT:(CNP0107643);KNApSAcK:(38147);Natural Products:(UNPD40029);PubChem:(24179499);SuperNatural:(SN00373668)	3178514
88	1	N/A	-374.6820952512627	C15H12O7	[M - H2O + H]+	WKBLWDNPQQYILN	InChI=1S/C15H12O7/c16-10-2-1-8-3-9(7-22-13(8)4-10)11(5-14(18)19)12(17)6-15(20)21/h1-5,16H,6-7H2,(H,18,19)(H,20,21)	null	C1C(=CC2=C(O1)C=C(C=C2)O)C(=CC(=O)O)C(=O)CC(=O)O	0.600000024	101641113;131752877	COCONUT:(CNP0154850);HMDB:(40631);Natural Products:(UNPD131269);PubChem:(101641113 131752877);PubChem class - bio and metabolites	18907146
89	1	N/A	-378.63680396334996	C15H12O7	[M - H2O + H]+	ZUGRMYDIGDDWDI	InChI=1S/C15H12O7/c1-6-3-9-7(5-21-6)13(17)11-10(22-9)4-8(16)14(20-2)12(11)15(18)19/h3-4,16H,5H2,1-2H3,(H,18,19)	null	CC1=CC2=C(CO1)C(=O)C3=C(O2)C=C(C(=C3C(=O)O)OC)O	1.10000002	24179620	COCONUT:(CNP0324016);KNApSAcK:(38146);Natural Products:(UNPD86184);PubChem:(24179620);SuperNatural:(SN00238380)	3178514
90	1	N/A	-401.17566768841914	C15H12O7	[M - H2O + H]+	ADRRMNWUFRIUFY	InChI=1S/C15H12O7/c1-20-11-3-10(18)12-7(4-21-6-16)2-9(17)14-13(12)8(11)5-22-15(14)19/h2-3,6,17-18H,4-5H2,1H3	null	COC1=C2COC(=O)C3=C(C=C(C(=C23)C(=C1)O)COC=O)O	2.0999999	11312742	COCONUT:(CNP0142721);KNApSAcK:(43408);Natural Products:(UNPD78912);PubChem:(11312742);SuperNatural:(SN00345714)	3178514
91	1	N/A	-442.37437607308516	C15H12O7	[M - H2O + H]+	SYWLUOKMHKDBOL	InChI=1S/C15H12O7/c1-20-14(19)11-8(17)5-6-21-15-12(11)13(18)10-7(16)3-2-4-9(10)22-15/h2-6,8,11,16-17H,1H3	null	COC(=O)C1C(C=COC2=C1C(=O)C3=C(C=CC=C3O2)O)O	1.70000005	139583105	PubChem:(139583105);COCONUT:(CNP0355257)	2097154
92	1	N/A	-444.2850759345088	C15H12O7	[M - H2O + H]+	RMCCONIRBZIDTH	InChI=1S/C15H12O7/c1-8(2)12(16)20-5-6-21-13(17)9-3-4-10-11(7-9)15(19)22-14(10)18/h3-4,7H,1,5-6H2,2H3	Cover-up	CC(=C)C(=O)OCCOC(=O)C1=CC2=C(C=C1)C(=O)OC2=O	2.0	51027	NORMAN:(NS00061345);MeSH:(51027);PubChem class - safety and toxic;PubChem:(51027);PubMed	67371078
93	1	N/A	-452.0107062440267	C15H12O7	[M - H2O + H]+	MBFRYCJJSFENKV	InChI=1S/C15H12O7/c1-5-7-6(3-20-5)10(16)9-8(11(7)17)12(18)14-15(13(9)19-2)22-4-21-14/h5,18H,3-4H2,1-2H3	null	CC1C2=C(CO1)C(=O)C3=C(C2=O)C(=C4C(=C3OC)OCO4)O	0.9585585	""	COCONUT:(CNP0315242);Natural Products:(UNPD74405);SuperNatural:(SN00298214)	3178496
94	1	N/A	-452.0107062440267	C15H12O7	[M - H2O + H]+	UTTJPZASXXQTQB	InChI=1S/C15H12O7/c1-5-7-6(3-20-5)10(16)8-9(11(7)17)13(19-2)15-14(12(8)18)21-4-22-15/h5,18H,3-4H2,1-2H3	null	CC1C2=C(CO1)C(=O)C3=C(C2=O)C(=C4C(=C3O)OCO4)OC	0.9585585	""	COCONUT:(CNP0248149);Natural Products:(UNPD130433);SuperNatural:(SN00358472)	3178496
95	1	N/A	-486.81620490694894	C15H12O7	[M - H2O + H]+	KEIJFRPZODFUBZ	InChI=1S/C15H12O7/c1-6-3-10(17)14-13(19)11-8(4-7(20-2)5-9(11)16)12(18)15(14,21-6)22-14/h3-5,13,16,19H,1-2H3	null	CC1=CC(=O)C23C(C4=C(C=C(C=C4O)OC)C(=O)C2(O1)O3)O	-0.100000001	101883987	COCONUT:(CNP0357438);MeSH:(101883987);PubChem:(101883987);PubMed	2097222
96	1	N/A	-510.11632915487644	C15H12O7	[M - H2O + H]+	FUUCWIMOGRAADA	InChI=1S/C15H12O7/c1-5-3-6-11(17)9-8(16)4-7(15(20)21-2)12(18)10(9)13(19)14(6)22-5/h4-5,16,18H,3H2,1-2H3	null	CC1CC2=C(O1)C(=O)C3=C(C(=CC(=C3C2=O)O)C(=O)OC)O	2.4000001	136247344	COCONUT:(CNP0156277);Natural Products:(UNPD77609);PubChem:(136247344)	2129922
97	1	N/A	-516.7297403979411	C15H12O7	[M - H2O + H]+	KBYFQSOWBFNZAW	InChI=1S/C15H12O7/c1-5-3-6-9(15(20)22-5)14(19)10-7(16)4-8(21-2)13(18)11(10)12(6)17/h3-4,15,17,19-20H,1-2H3	Neuro_000258	CC1=CC2=C(C(O1)O)C(=C3C(=O)C=C(C(=O)C3=C2O)OC)O	1.89999998	148043;92151816;92279565	COCONUT:(CNP0274933);KNApSAcK:(49112);Natural Products:(UNPD80553);PubChem:(148043 92151816 92279565);SuperNatural:(SN00325528);ZINC bio:(ZINC05767720);MeSH:(148043);PubMed	3186774
98	1	N/A	-532.3247409961576	C15H12O7	[M - H2O + H]+	VZSFONBSZGFZNH	InChI=1S/C15H12O7/c1-5-3-6-9(15(20)22-5)14(19)10-7(16)4-8(21-2)13(18)11(10)12(6)17/h4-5,17,19H,3H2,1-2H3	null	CC1CC2=C(C(=C3C(=O)C=C(C(=O)C3=C2O)OC)O)C(=O)O1	2.29999995	101053103;101064754	COCONUT:(CNP0211529);Natural Products:(UNPD43024);PubChem:(101053103 101064754);SuperNatural:(SN00286525);CHEBI:(144256)	3178530
99	1	N/A	-536.3289429087807	C15H12O7	[M - H2O + H]+	LXJWPFSGFDYWTP	InChI=1S/C15H12O7/c1-21-15-11(14-8(17)5-9(18)22-14)12(19)6-3-2-4-7(16)10(6)13(15)20/h2-4,8,14,16-17H,5H2,1H3	5-hydroxy-2-[(2R,3R)-3-hydroxy-5-oxooxolan-2-yl]-3-methoxynaphthalene-1,4-dione	COC1=C(C(=O)C2=C(C1=O)C(=CC=C2)O)C3C(CC(=O)O3)O	0.600000024	11231968;11347247	COCONUT:(CNP0276523);Natural Products:(UNPD115509);PubChem:(11231968 11347247);SuperNatural:(SN00234718)	3178498
1	1	0.45592228056682926	-1.7764798012961864	C15H10O6	[M + H]+	IQPNAANSBPBGFQ	InChI=1S/C15H10O6/c16-8-4-11(19)15-12(20)6-13(21-14(15)5-8)7-1-2-9(17)10(18)3-7/h1-6,16-19H	luteolin	C1=CC(=C(C=C1C2=CC(=O)C3=C(C=C(C=C3O2)O)O)O)O	1.81215119	5280445;12359024;12359025;25201972	HMDB:(5800);SuperNatural:(SN00024306);ZINC bio:(ZINC18185774);additional;MeSH:(5280445);Plantcyc:(5734-TETRAHYDROXYFLAVONE);PubMed;NORMAN:(NS00015143);COCONUT:(CNP0279503 CNP0303945 CNP0423218);KNApSAcK:(674);Natural Products:(UNPD149880);PubChem:(5280445 12359024 12359025 25201972);CHEBI:(15864 57545);PubChem class - bio and metabolites;KEGG:(C01514);PubChem class - safety and toxic;Training Set;PubChem class - drug;Biocyc:(5734-TETRAHYDROXYFLAVONE)	121563518
2	1	N/A	-42.53931130773588	C15H10O6	[M + H]+	CCCIGFPBADVTFE	InChI=1S/C15H10O6/c16-8-1-2-9-10(17)6-13(21-14(9)5-8)7-3-11(18)15(20)12(19)4-7/h1-6,16,18-20H	7,3,4,5-tetrahydroxyflavone	C1=CC2=C(C=C1O)OC(=CC2=O)C3=CC(=C(C(=C3)O)O)O	1.81215119	5393164	COCONUT:(CNP0159041);HMDB:(140457);KNApSAcK:(3873);Natural Products:(UNPD173292);PubChem:(5393164);SuperNatural:(SN00024269);ZINC bio:(ZINC17887543);additional;PubChem class - bio and metabolites;Training Set;PubMed	20504666
3	1	N/A	-47.74874469473623	C15H10O6	[M + H]+	STAGATUVRDVEAT	InChI=1S/C15H10O6/c16-7-4-10(18)14-11(19)6-12(21-13(14)5-7)8-2-1-3-9(17)15(8)20/h1-6,16-18,20H	5,7,2'',3''-Tetrahydroxyflavone	C1=CC(=C(C(=C1)O)O)C2=CC(=O)C3=C(C=C(C=C3O2)O)O	1.81215119	5321864	COCONUT:(CNP0298654);KNApSAcK:(13561);Natural Products:(UNPD54472);PubChem:(5321864);SuperNatural:(SN00159129);MeSH:(5321864);PubMed	3178582
4	1	N/A	-49.87443077372651	C15H10O6	[M + H]+	LRDGATPGVJTWLJ	InChI=1S/C15H10O6/c16-8-1-7(2-9(17)3-8)13-6-12(20)15-11(19)4-10(18)5-14(15)21-13/h1-6,16-19H	2-(3,5-dihydroxyphenyl)-5,7-dihydroxychromen-4-one	C1=C(C=C(C=C1O)O)C2=CC(=O)C3=C(C=C(C=C3O2)O)O	1.81215119	5487757	COCONUT:(CNP0269044);HMDB:(126034);Natural Products:(UNPD207599);PubChem:(5487757);PubChem class - bio and metabolites	18907146
5	1	N/A	-56.98744006136013	C15H10O6	[M + H]+	ARYCMKPCDNHQCL	InChI=1S/C15H10O6/c16-9-3-1-7(5-12(9)19)13-6-11(18)8-2-4-10(17)14(20)15(8)21-13/h1-6,16-17,19-20H	3'',4'',7,8-Tetrahydroxyflavone	C1=CC(=C(C=C1C2=CC(=O)C3=C(O2)C(=C(C=C3)O)O)O)O	1.79999995	688798	COCONUT:(CNP0284172);Natural Products:(UNPD153592);PubChem:(688798);SuperNatural:(SN00000696);CHEBI:(125596);ZINC bio:(ZINC00057844);additional;Training Set;PubMed	3727458
6	1	N/A	-58.60905623750136	C15H10O6	[M + H]+	WJXXUIYFPVIHDH	InChI=1S/C15H10O6/c16-7-4-10(19)15-11(20)6-13(21-12(15)5-7)14-8(17)2-1-3-9(14)18/h1-6,16-19H	5,7,2'',6''-Tetrahydroxyflavone	C1=CC(=C(C(=C1)O)C2=CC(=O)C3=C(C=C(C=C3O2)O)O)O	1.81215119	5321865	COCONUT:(CNP0253153 CNP0361148);KNApSAcK:(13308);Natural Products:(UNPD150958);PubChem:(5321865);SuperNatural:(SN00159132);PubMed	3178578
7	1	N/A	-61.58383770874378	C15H10O6	[M + H]+	GAXJUHBZYMQJBA	InChI=1S/C15H10O6/c16-7-1-2-8-11(18)6-13(21-12(8)5-7)9-3-4-10(17)15(20)14(9)19/h1-6,16-17,19-20H	7-hydroxy-2-(2,3,4-trihydroxyphenyl)chromen-4-one	C1=CC2=C(C=C1O)OC(=CC2=O)C3=C(C(=C(C=C3)O)O)O	1.81215119	21158518	HMDB:(133317);PubChem:(21158518);PubChem class - bio and metabolites	16777226
8	1	N/A	-64.90686786573245	C15H10O6	[M + H]+	ZSYPIPFQOQGYHH	InChI=1S/C15H10O6/c16-7-1-2-9(10(18)3-7)13-6-12(20)15-11(19)4-8(17)5-14(15)21-13/h1-6,16-19H	Norartocarpetin	C1=CC(=C(C=C1O)O)C2=CC(=O)C3=C(C=C(C=C3O2)O)O	1.81215119	5481970	COCONUT:(CNP0376829 CNP0417821);HMDB:(30543);KNApSAcK:(3859);Natural Products:(UNPD194848);PubChem:(5481970);SuperNatural:(SN00159130);PubChem class - bio and metabolites;PubMed;KEGG Mine	8609890394
9	1	N/A	-67.2005378950668	C15H10O6	[M + H]+	XHEFDIBZLJXQHF	InChI=1S/C15H10O6/c16-8-2-3-9-12(6-8)21-15(14(20)13(9)19)7-1-4-10(17)11(18)5-7/h1-6,16-18,20H	Cotinin	C1=CC(=C(C=C1C2=C(C(=O)C3=C(O2)C=C(C=C3)O)O)O)O	2.0	5281614;12309893;54758660	SuperNatural:(SN00000344);ZINC bio:(ZINC00039111);additional;MeSH:(5281614);PubMed;NORMAN:(NS00018308);COCONUT:(CNP0085662 CNP0276366);KNApSAcK:(4579);Natural Products:(UNPD147413);PubChem:(5281614 12309893 54758660);CHEBI:(42567 71992);PubChem class - bio and metabolites;KEGG:(C10041);PubChem class - safety and toxic;Training Set;PubChem class - drug;Biocyc:(CPD-13503)	121432438
10	1	N/A	-67.47600871092534	C15H10O6	[M + H]+	GGHXUACYEVVMIT	InChI=1S/C15H10O6/c16-9-2-1-7(3-11(9)18)14-5-10(17)8-4-12(19)13(20)6-15(8)21-14/h1-6,16,18-20H	null	C1=CC(=C(C=C1C2=CC(=O)C3=CC(=C(C=C3O2)O)O)O)O	1.81215119	24721539	COCONUT:(CNP0264101);HMDB:(133315);Natural Products:(UNPD120734);PubChem:(24721539);ZINC bio:(ZINC14757256);additional;PubChem class - bio and metabolites;PubMed	19439690
11	1	N/A	-68.27320319653039	C15H10O6	[M + H]+	ZFZLITWAAVYXFN	InChI=1S/C15H10O6/c16-8-2-1-3-12-14(8)9(17)6-13(21-12)7-4-10(18)15(20)11(19)5-7/h1-6,16,18-20H	4H-1-Benzopyran-4-one, 5-hydroxy-2-(3,4,5-trihydroxyphenyl)-	C1=CC(=C2C(=C1)OC(=CC2=O)C3=CC(=C(C(=C3)O)O)O)O	2.29999995	17851159	HMDB:(140477);PubChem:(17851159);PubChem class - bio and metabolites	16777226
12	1	N/A	-71.63322410450711	C15H10O6	[M + H]+	NHFGEHLUROYMEB	InChI=1S/C15H10O6/c16-9-3-8-5-13(7-1-2-10(17)11(18)4-7)21-15(20)14(8)12(19)6-9/h1-6,16-19H	Thunberginol B	C1=CC(=C(C=C1C2=CC3=CC(=CC(=C3C(=O)O2)O)O)O)O	2.70000005	5473310	COCONUT:(CNP0292698);KNApSAcK:(50256);Natural Products:(UNPD162178);PubChem:(5473310);SuperNatural:(SN00297452);additional;MeSH:(5473310);Training Set;PubMed	3719254
13	1	N/A	-72.6739969694172	C15H10O6	[M + H]+	IYRMWMYZSQPJKC	InChI=1S/C15H10O6/c16-8-3-1-7(2-4-8)15-14(20)13(19)12-10(18)5-9(17)6-11(12)21-15/h1-6,16-18,20H	Campherol	C1=CC(=CC=C1C2=C(C(=O)C3=C(C=C(C=C3O2)O)O)O)O	1.78977811	5280863;18661268;25202062;49849755	HMDB:(5801);SuperNatural:(SN00005730);ZINC bio:(ZINC03869768);additional;HSDB:(520-18-3);MeSH:(5280863);Plantcyc:(CPD1F-90);PubMed;NORMAN:(NS00001605);COCONUT:(CNP0076076 CNP0090877 CNP0292269);KNApSAcK:(4565);Natural Products:(UNPD161634);PubChem:(5280863 18661268 25202062 49849755);CHEBI:(28499 58573);PubChem class - bio and metabolites;KEGG:(C05903);PubChem class - safety and toxic;YMDB:(1722);Training Set;PubChem class - drug;Biocyc:(CPD1F-90)	121629566
14	1	N/A	-73.66499594297467	C15H10O6	[M + H]+	LCHMQAOFPITTRD	InChI=1S/C15H10O6/c16-7-1-2-8-11(18)6-15(21-14(8)3-7)9-4-12(19)13(20)5-10(9)17/h1-6,16-17,19-20H	null	C1=CC2=C(C=C1O)OC(=CC2=O)C3=CC(=C(C=C3O)O)O	1.81215119	131837242	HMDB:(133318);PubChem:(131837242);PubChem class - bio and metabolites	16777226
15	1	N/A	-74.08510418558701	C15H10O6	[M + H]+	OKWARDZSQXQGBL	InChI=1S/C15H10O6/c16-8-4-9-11(18)6-14(21-15(9)13(20)5-8)7-1-2-10(17)12(19)3-7/h1-6,16-17,19-20H	null	C1=CC(=C(C=C1C2=CC(=O)C3=CC(=CC(=C3O2)O)O)O)O	1.81215119	""	COCONUT:(CNP0148683);Natural Products:(UNPD100146)	2129920
16	1	N/A	-80.35201223875784	C15H10O6	[M + H]+	JVXZRQGOGOXCEC	InChI=1S/C15H10O6/c16-8-3-1-7(2-4-8)11-5-9(17)13-12(21-11)6-10(18)14(19)15(13)20/h1-6,16,18-20H	Scutellarein	C1=CC(=CC=C1C2=CC(=O)C3=C(O2)C=C(C(=C3O)O)O)O	1.81215119	5281697;86289526	HMDB:(128587);SuperNatural:(SN00013745);ZINC bio:(ZINC05842416);additional;MeSH:(5281697);Plantcyc:(CPD-12726 CTAB);PubMed;COCONUT:(CNP0180049 CNP0290456);KNApSAcK:(3834);Natural Products:(UNPD159784);PubChem:(5281697 86289526);CHEBI:(78328 9062);PubChem class - bio and metabolites;KEGG:(C10184);Training Set;Biocyc:(CPD-12726)	20638078
17	1	N/A	-82.98617331243676	C15H10O6	[M + H]+	JUNABCRYHWUBLN	InChI=1S/C15H10O6/c16-8-4-2-1-3-7(8)11-5-9(17)13-12(21-11)6-10(18)14(19)15(13)20/h1-6,16,18-20H	null	C1=CC=C(C(=C1)C2=CC(=O)C3=C(O2)C=C(C(=C3O)O)O)O	2.29999995	57168286	COCONUT:(CNP0205924);Natural Products:(UNPD127813);PubChem:(57168286);SuperNatural:(SN00370024);KEGG Mine	8593113090
18	1	N/A	-83.08875895409327	C15H10O6	[M + H]+	WCNLFPKXBGWWDS	InChI=1S/C15H10O6/c16-7-5-10(18)12-11(6-7)21-15(14(20)13(12)19)8-3-1-2-4-9(8)17/h1-6,16-18,20H	Datiscetin	C1=CC=C(C(=C1)C2=C(C(=O)C3=C(C=C(C=C3O2)O)O)O)O	1.78977811	5281610	SuperNatural:(SN00013911);ZINC bio:(ZINC06095498);additional;PubMed;NORMAN:(NS00021168);COCONUT:(CNP0399551);KNApSAcK:(4562);Natural Products:(UNPD43853);PubChem:(5281610);CHEBI:(75107);PubChem class - bio and metabolites;KEGG:(C10036);PubChem class - safety and toxic;Training Set	87875954
19	1	N/A	-84.09548788335923	C15H10O6	[M + H]+	IOYHCQBYQJQBSK	InChI=1S/C15H10O6/c16-8-4-12(19)14-13(5-8)21-6-9(15(14)20)7-1-2-10(17)11(18)3-7/h1-6,16-19H	Norsantal	C1=CC(=C(C=C1C2=COC3=CC(=CC(=C3C2=O)O)O)O)O	2.29999995	5281801	HMDB:(41658);SuperNatural:(SN00157806);MeSH:(5281801);PubMed;COCONUT:(CNP0049443 CNP0157770);KNApSAcK:(2554);Natural Products:(UNPD174476);PubChem:(5281801);CHEBI:(69437);PubChem class - bio and metabolites;KEGG:(C10510);PubChem class - safety and toxic	87064958
20	1	N/A	-84.65028926013301	C15H10O6	[M + H]+	CFICGXRYLHEUQQ	InChI=1S/C15H10O6/c16-7-1-2-10(18)9(3-7)13-6-12(20)15-11(19)4-8(17)5-14(15)21-13/h1-6,16-19H	5,7,2'',5''-Tetrahydroxyflavone	C1=CC(=C(C=C1O)C2=CC(=O)C3=C(C=C(C=C3O2)O)O)O	1.81215119	5487756	COCONUT:(CNP0391817);KNApSAcK:(13305);Natural Products:(UNPD118959);PubChem:(5487756);SuperNatural:(SN00235315);PubMed	3178578
21	1	N/A	-85.66459698918118	C15H10O6	[M + H]+	JNEATACIZZZBLE	InChI=1S/C15H10O6/c16-8-3-1-2-7(4-8)11-5-9(17)13-12(21-11)6-10(18)14(19)15(13)20/h1-6,16,18-20H	4H-1-Benzopyran-4-one, 5,6,7-trihydroxy-2-(3-hydroxyphenyl)-	C1=CC(=CC(=C1)O)C2=CC(=O)C3=C(O2)C=C(C(=C3O)O)O	1.81215119	71414490	HMDB:(126024);PubChem:(71414490);KEGG Mine;PubChem class - bio and metabolites	8606711818
22	1	N/A	-86.9343122861902	C15H10O6	[M + H]+	DHXSZSIGGVMWQR	InChI=1S/C15H10O6/c16-8-1-2-13-9(5-8)10(17)6-14(21-13)7-3-11(18)15(20)12(19)4-7/h1-6,16,18-20H	null	C1=CC2=C(C=C1O)C(=O)C=C(O2)C3=CC(=C(C(=C3)O)O)O	1.81215119	57912225	HMDB:(140464);PubChem:(57912225);PubChem class - bio and metabolites	16777226
23	1	N/A	-92.43190872894154	C15H10O6	[M + H]+	NXHQVROAKYDSNW	InChI=1S/C15H10O6/c16-8-3-1-7(2-4-8)12-6-10(18)13-9(17)5-11(19)14(20)15(13)21-12/h1-6,16-17,19-20H	Isoscutellarein	C1=CC(=CC=C1C2=CC(=O)C3=C(O2)C(=C(C=C3O)O)O)O	1.81215119	5281665	HMDB:(130166);SuperNatural:(SN00157856);ZINC bio:(ZINC06536302);MeSH:(5281665);PubMed;COCONUT:(CNP0187853);KNApSAcK:(3848);Natural Products:(UNPD113598);PubChem:(5281665);CHEBI:(6059);PubChem class - bio and metabolites;KEGG:(C10097)	19964286
24	1	N/A	-93.33801919721465	C15H10O6	[M + H]+	JHOUXIKRWSICJN	InChI=1S/C15H10O6/c16-7-1-3-9(11(18)5-7)15-14(20)13(19)10-4-2-8(17)6-12(10)21-15/h1-6,16-18,20H	null	C1=CC(=C(C=C1O)O)C2=C(C(=O)C3=C(O2)C=C(C=C3)O)O	1.78977811	91261503	COCONUT:(CNP0295450);Natural Products:(UNPD207631);PubChem:(91261503);PubMed;KEGG Mine	8592064578
25	1	N/A	-93.60628324709431	C15H10O6	[M + H]+	VEVZSMAEJFVWIL	InChI=1S/C15H10O6/c16-8-4-11(18)9-6-13(20)15(21-14(9)5-8)7-1-2-10(17)12(19)3-7/h1-6H,(H4-,16,17,18,19,20)/p+1	Cyanidin	C1=CC(=C(C=C1C2=[O+]C3=CC(=CC(=C3C=C2O)O)O)O)O	2.68552542	128861	SuperNatural:(SN00156768);ZINC bio:(ZINC03775158);additional;MeSH:(128861);Plantcyc:(CPD-591);PubMed;NORMAN:(NS00002029);COCONUT:(CNP0199736 CNP0231159);Natural Products:(UNPD184013);PubChem:(128861);CHEBI:(27843);PubChem class - bio and metabolites;KEGG:(C05905);YMDB:(1659);Training Set;Biocyc:(CPD-591)	20965734
26	1	N/A	-96.76906730416484	C15H10O6	[M + H]+	CMPNIWQMRYYTMK	InChI=1S/C15H10O6/c16-8-5-10(17)9-1-2-13(21-14(9)6-8)7-3-11(18)15(20)12(19)4-7/h1-6H,(H4-,16,17,18,19,20)/p+1	null	C1=CC(=[O+]C2=CC(=CC(=C21)O)O)C3=CC(=C(C(=C3)O)O)O	2.68552542	11199650	COCONUT:(CNP0028799);HMDB:(34043);PubChem:(11199650);SuperNatural:(SN00234915);ZINC bio:(ZINC14645440);PubChem class - bio and metabolites;MeSH:(11199650);PubMed	19931214
27	1	N/A	-98.51706881832592	C15H10O6	[M + H]+	BYXJBJUCNOOYRF	InChI=1S/C15H10O6/c16-8-3-1-7(2-4-8)12-6-10(17)9-5-11(18)13(19)14(20)15(9)21-12/h1-6,16,18-20H	4H-1-Benzopyran-4-one, 6,7,8-trihydroxy-2-(4-hydroxyphenyl)-	C1=CC(=CC=C1C2=CC(=O)C3=CC(=C(C(=C3O2)O)O)O)O	1.79999995	16657778	COCONUT:(CNP0192875);Natural Products:(UNPD123278);PubChem:(16657778);SuperNatural:(SN00380920);PubMed	3178562
28	1	N/A	-99.31254015660913	C15H10O6	[M + H]+	DIJLMQKOVNSDRQ	InChI=1S/C15H10O6/c16-8-4-2-1-3-7(8)12-6-10(18)13-9(17)5-11(19)14(20)15(13)21-12/h1-6,16-17,19-20H	null	C1=CC=C(C(=C1)C2=CC(=O)C3=C(O2)C(=C(C=C3O)O)O)O	2.29999995	14825647	COCONUT:(CNP0292498);Natural Products:(UNPD19982);PubChem:(14825647);SuperNatural:(SN00378170);KEGG Mine	8593113090
29	1	N/A	-99.51631523505291	C15H10O6	[M + H]+	MTPPEXKSTZLWHU	InChI=1S/C15H10O6/c16-8-4-12(19)15-9(6-14(20)21-13(15)5-8)7-1-2-10(17)11(18)3-7/h1-6,16-19H	null	C1=CC(=C(C=C1C2=CC(=O)OC3=CC(=CC(=C23)O)O)O)O	1.70000005	15816423	COCONUT:(CNP0075655);PubChem:(15816423);PubMed	2097218
30	1	N/A	-100.79344713957033	C15H10O6	[M + H]+	JHPWDRHMGFFWMZ	InChI=1S/C15H10O6/c16-7-1-2-9-12(5-7)21-6-10(13(9)18)8-3-4-11(17)15(20)14(8)19/h1-6,16-17,19-20H	null	C1=CC2=C(C=C1O)OC=C(C2=O)C3=C(C(=C(C=C3)O)O)O	1.79999995	87064146	HMDB:(134014);PubChem:(87064146);KEGG Mine;PubChem class - bio and metabolites	8606711818
31	1	N/A	-102.89720957952333	C15H10O6	[M + H]+	YFVNYAXYZNDLIY	InChI=1S/C15H10O6/c16-8-1-2-9-13(5-8)21-6-10(14(9)19)7-3-11(17)15(20)12(18)4-7/h1-6,16-18,20H	Baptigenin	C1=CC2=C(C=C1O)OC=C(C2=O)C3=CC(=C(C(=C3)O)O)O	1.79999995	9965663	COCONUT:(CNP0350876);KNApSAcK:(9394);Natural Products:(UNPD50701);PubChem:(9965663);SuperNatural:(SN00311140);KEGG Mine	8593113106
32	1	N/A	-103.34627848661492	C15H10O6	[M + H]+	QMMUPEDRUCMYIY	InChI=1S/C15H10O6/c16-10-2-1-7(3-11(10)17)9-6-21-14-5-13(19)12(18)4-8(14)15(9)20/h1-6,16-19H	6,3'',4''-Tetrahydroxyisoflavone	C1=CC(=C(C=C1C2=COC3=CC(=C(C=C3C2=O)O)O)O)O	1.79999995	5466141	COCONUT:(CNP0021848);HMDB:(133988);PubChem:(5466141);PubChem class - bio and metabolites;MeSH:(5466141);PubMed;KEGG Mine	8608809038
33	1	N/A	-103.71054341835928	C15H10O6	[M + H]+	ABDQTIKKAYGHNV	InChI=1S/C15H10O6/c16-8-3-1-2-7(4-8)15-14(20)13(19)12-10(18)5-9(17)6-11(12)21-15/h1-6,16-18,20H	null	C1=CC(=CC(=C1)O)C2=C(C(=O)C3=C(C=C(C=C3O2)O)O)O	1.78977811	9860659	COCONUT:(CNP0219017);HMDB:(125209);Natural Products:(UNPD166110);PubChem:(9860659);PubChem class - bio and metabolites;KEGG Mine	8608841738
34	1	N/A	-105.59483523418369	C15H10O6	[M + H]+	FSUHTKIYYAWNMK	InChI=1S/C15H10O6/c16-7-2-1-3-8(17)13(7)12-6-10(19)14-11(21-12)5-4-9(18)15(14)20/h1-6,16-18,20H	null	C1=CC(=C(C(=C1)O)C2=CC(=O)C3=C(O2)C=CC(=C3O)O)O	2.29999995	91665238	COCONUT:(CNP0193245);Natural Products:(UNPD115005);PubChem:(91665238);SuperNatural:(SN00383509)	3178498
35	1	N/A	-107.6014978336688	C15H10O6	[M + H]+	SDILYIBSLKZODH	InChI=1S/C15H10O6/c16-8-6-9-10(12(18)11(8)17)13(19)14(20)15(21-9)7-4-2-1-3-5-7/h1-6,16-18,20H	6-Hydroxygalangin	C1=CC=C(C=C1)C2=C(C(=O)C3=C(O2)C=C(C(=C3O)O)O)O	2.5	15233950;17840574	COCONUT:(CNP0241556);HMDB:(125367);KNApSAcK:(4542);Natural Products:(UNPD26786);PubChem:(15233950 17840574);SuperNatural:(SN00395230);PubChem class - bio and metabolites;PubMed;KEGG Mine	8609890394
36	1	N/A	-107.81530737060923	C15H10O6	[M + H]+	UGXNCLFMWOIXDZ	InChI=1S/C15H10O6/c16-8-4-12(18)10-6-9(15(20)21-14(10)5-8)7-1-2-11(17)13(19)3-7/h1-6,16-19H	null	C1=CC(=C(C=C1C2=CC3=C(C=C(C=C3OC2=O)O)O)O)O	2.0999999	52937587	COCONUT:(CNP0332112);Natural Products:(UNPD207602);PubChem:(52937587);PubMed	2129986
37	1	N/A	-109.32522787115417	C15H10O6	[M + H]+	YXNPLJZTPMOXKR	InChI=1S/C15H10O6/c16-8-3-1-7(2-4-8)14-13(20)11(18)9-5-6-10(17)12(19)15(9)21-14/h1-6,16-17,19-20H	3,7,8,4''-Tetrahydroxyflavone	C1=CC(=CC=C1C2=C(C(=O)C3=C(O2)C(=C(C=C3)O)O)O)O	2.0	22239065	COCONUT:(CNP0141346);KNApSAcK:(4575);Natural Products:(UNPD1001);PubChem:(22239065);SuperNatural:(SN00257806);ZINC bio:(ZINC12359395);PubMed;KEGG Mine	8593121362
38	1	N/A	-110.5085736990626	C15H10O6	[M + H]+	BXPBSBBFPNTFFT	InChI=1S/C15H10O6/c16-8-2-4-12-9(6-8)13(19)14(20)15(21-12)7-1-3-10(17)11(18)5-7/h1-6,16-18,20H	2-(3,4-dihydroxyphenyl)-3,6-dihydroxychromen-4-one	C1=CC(=C(C=C1C2=C(C(=O)C3=C(O2)C=CC(=C3)O)O)O)O	2.0	667581	COCONUT:(CNP0347678);PubChem:(667581);SuperNatural:(SN00000254);ZINC bio:(ZINC00008662);additional;PubChem class - bio and metabolites;PubMed;KEGG Mine	8610390082
39	1	N/A	-111.700242049717	C15H10O6	[M + H]+	VMOBWBRUROXCOO	InChI=1S/C15H10O6/c16-10-3-1-7(5-12(10)18)9-6-21-15-8(13(9)19)2-4-11(17)14(15)20/h1-6,16-18,20H	null	C1=CC(=C(C=C1C2=COC3=C(C2=O)C=CC(=C3O)O)O)O	1.79999995	42604622	COCONUT:(CNP0350336);HMDB:(41702);PubChem:(42604622);CHEBI:(88812);PubChem class - bio and metabolites;PubMed;KEGG Mine	8608809066
40	1	N/A	-111.87480141210801	C15H10O6	[M + H]+	NDYHNWYIGCMVMF	InChI=1S/C15H10O6/c16-9-4-2-1-3-7(9)14-13(20)11(18)8-5-6-10(17)12(19)15(8)21-14/h1-6,16-17,19-20H	3,7,8,2''-Tetrahydroxy Flavone	C1=CC=C(C(=C1)C2=C(C(=O)C3=C(O2)C(=C(C=C3)O)O)O)O	2.0	24721178	COCONUT:(CNP0040241);PubChem:(24721178);SuperNatural:(SN00003193);PubMed;ZINC bio:(ZINC02573950)	3153986
41	1	N/A	-112.37419163211867	C15H10O6	[M + H]+	USQSSTLNPXPPHA	InChI=1S/C15H10O6/c16-9-3-1-7(5-11(9)18)13-4-2-8-10(17)6-12(19)14(20)15(8)21-13/h1-6H,(H4-,16,17,18,19,20)/p+1	null	C1=CC(=C(C=C1C2=[O+]C3=C(C=C2)C(=CC(=C3O)O)O)O)O	2.68552542	57459464	Natural Products:(UNPD47545);PubChem:(57459464);SuperNatural:(SN00345190)	1081346
42	1	N/A	-112.8746053738017	C15H10O6	[M + H]+	XNYOKSPDVZMGIO	InChI=1S/C15H10O6/c16-7-1-2-8-14(3-7)21-6-10(15(8)20)9-4-12(18)13(19)5-11(9)17/h1-6,16-19H	null	C1=CC2=C(C=C1O)OC=C(C2=O)C3=CC(=C(C=C3O)O)O	1.79999995	91665877	HMDB:(134018);PubChem:(91665877);KEGG Mine;PubChem class - bio and metabolites	8606711818
43	1	N/A	-114.55320901667612	C15H10O6	[M + H]+	FBWPKKNAKFWYOJ	InChI=1S/C15H10O6/c16-9-5-7(6-10(17)13(9)19)15-14(20)12(18)8-3-1-2-4-11(8)21-15/h1-6,16-17,19-20H	ACMC-20lvwe	C1=CC=C2C(=C1)C(=O)C(=C(O2)C3=CC(=C(C(=C3)O)O)O)O	1.78977811	10517292	PubChem class - safety and toxic;PubChem:(10517292);PubMed	67108930
44	1	N/A	-114.88080205317186	C15H10O6	[M + H]+	NCHZDDLXWRFDTE	InChI=1S/C15H10O6/c16-7-1-2-9(11(18)4-7)14-6-12(19)10-3-8(17)5-13(20)15(10)21-14/h1-6,16-18,20H	null	C1=CC(=C(C=C1O)O)C2=CC(=O)C3=CC(=CC(=C3O2)O)O	1.81215119	""	COCONUT:(CNP0302549);Natural Products:(UNPD114628)	2129920
45	1	N/A	-115.75964185687151	C15H10O6	[M + H]+	GSSOWCUOWLMMRJ	InChI=1S/C15H10O6/c16-7-1-2-9(11(18)3-7)10-6-21-13-5-8(17)4-12(19)14(13)15(10)20/h1-6,16-19H	2''-Hydroxygenistein	C1=CC(=C(C=C1O)O)C2=COC3=CC(=CC(=C3C2=O)O)O	2.29999995	5282074;25243884	HMDB:(34014);SuperNatural:(SN00014147);ZINC bio:(ZINC06525249);Plantcyc:(CPD-6641);PubMed;COCONUT:(CNP0287703);KNApSAcK:(9453);Natural Products:(UNPD156931);PubChem:(5282074 25243884);CHEBI:(70031 140306);PubChem class - bio and metabolites;KEGG:(C12134);Biocyc:(CPD-6641)	20097402
46	1	N/A	-119.49862201762217	C15H10O6	[M + H]+	WQUAABPUMMPCJB	InChI=1S/C15H10O6/c16-8-6-9(17)11(18)15-10(8)12(19)13(20)14(21-15)7-4-2-1-3-5-7/h1-6,16-18,20H	8-Hydroxygalangin	C1=CC=C(C=C1)C2=C(C(=O)C3=C(O2)C(=C(C=C3O)O)O)O	2.5	5362017	COCONUT:(CNP0303097);KNApSAcK:(4551);Natural Products:(UNPD59503);PubChem:(5362017);SuperNatural:(SN00324342);KEGG Mine	8593113106
47	1	N/A	-119.60947433391829	C15H10O6	[M + H]+	VXVVPCKMPQFWKQ	InChI=1S/C15H10O6/c16-8-3-1-7(2-4-8)15-14(20)13(19)11-10(21-15)6-5-9(17)12(11)18/h1-6,16-18,20H	null	C1=CC(=CC=C1C2=C(C(=O)C3=C(O2)C=CC(=C3O)O)O)O	2.5	57017443	COCONUT:(CNP0111615);Natural Products:(UNPD31422);PubChem:(57017443);KEGG Mine	8592064514
48	1	N/A	-119.64845465895938	C15H10O6	[M + H]+	HDXSEWOOSVMREY	InChI=1S/C15H10O6/c16-8-3-1-7(2-4-8)9-6-21-11-5-10(17)14(19)15(20)12(11)13(9)18/h1-6,16-17,19-20H	6-Hydroxygenistein	C1=CC(=CC=C1C2=COC3=C(C2=O)C(=C(C(=C3)O)O)O)O	2.29999995	6063386	COCONUT:(CNP0322936);HMDB:(41688);KNApSAcK:(9454);Natural Products:(UNPD145611);PubChem:(6063386);SuperNatural:(SN00252554);PubChem class - bio and metabolites;PubMed;KEGG Mine	8609890394
49	1	N/A	-122.00905513004359	C15H10O6	[M + H]+	BQLHYJCUNNPCKQ	InChI=1S/C15H10O6/c16-9-2-1-7-3-12(19)15(21-13(7)6-9)8-4-10(17)14(20)11(18)5-8/h1-6H,(H4-,16,17,18,19,20)/p+1	null	C1=CC(=CC2=[O+]C(=C(C=C21)O)C3=CC(=C(C(=C3)O)O)O)O	2.68552542	12314981	Natural Products:(UNPD70529);PubChem:(12314981);SuperNatural:(SN00332636);PubMed	1081410
50	1	N/A	-124.12830000632935	C15H10O6	[M + H]+	GCOMSCHVZJIJQS	InChI=1S/C15H10O6/c16-8-6-9(7-4-2-1-3-5-7)21-15-10(8)11(17)12(18)13(19)14(15)20/h1-6,17-20H	4H-1-Benzopyran-4-one, 5,6,7,8-tetrahydroxy-2-phenyl-	C1=CC=C(C=C1)C2=CC(=O)C3=C(C(=C(C(=C3O2)O)O)O)O	2.29999995	11550975	HMDB:(130178);PubChem:(11550975);KEGG Mine;PubChem class - bio and metabolites	8606711818
51	1	N/A	-133.32200584998375	C15H10O6	[M + H]+	FAMXEHVEQHCQRE	InChI=1S/C15H10O6/c16-8-3-1-2-7(6-8)14-13(20)11(18)9-4-5-10(17)12(19)15(9)21-14/h1-6,16-17,19-20H	null	C1=CC(=CC(=C1)O)C2=C(C(=O)C3=C(O2)C(=C(C=C3)O)O)O	2.0	91746194	COCONUT;Training Set;PubChem:(91746194);additional	2637826
52	1	N/A	-133.41593895855533	C15H10O6	[M + H]+	TXPADJQVZAFBTP	InChI=1S/C15H10O6/c16-8-3-1-7(2-4-8)12-14(19)13-10(18)5-9(17)6-11(13)21-15(12)20/h1-6,16-19H	null	C1=CC(=CC=C1C2=C(C3=C(C=C(C=C3OC2=O)O)O)O)O	2.4000001	54728923	COCONUT:(CNP0084537);PubChem:(54728923);PubMed;KEGG Mine	8592031810
53	1	N/A	-135.6484094800714	C15H10O6	[M + H]+	ZVIRYCUSVSQVJO	InChI=1S/C15H10O6/c16-7-1-2-8(11(17)3-7)10-6-21-14-5-13(19)12(18)4-9(14)15(10)20/h1-6,16-19H	null	C1=CC(=C(C=C1O)O)C2=COC3=CC(=C(C=C3C2=O)O)O	1.79999995	131837784	HMDB:(134010);PubChem:(131837784);KEGG Mine;PubChem class - bio and metabolites	8606711818
54	1	N/A	-136.2418193985121	C15H10O6	[M + H]+	DNISTMYBAOCXPD	InChI=1S/C15H10O6/c16-7-2-4-12-10(5-7)13(19)14(20)15(21-12)9-3-1-8(17)6-11(9)18/h1-6,16-18,20H	3,6,2,4-tetrahydroxyflavone	C1=CC(=C(C=C1O)O)C2=C(C(=O)C3=C(O2)C=CC(=C3)O)O	1.78977811	688718	COCONUT:(CNP0245400);PubChem:(688718);SuperNatural:(SN00000614);ZINC bio:(ZINC00057756);additional;Training Set;PubMed;KEGG Mine	8593629250
55	1	N/A	-137.79465432755504	C15H10O6	[M + H]+	VGONRPRFJVEJKB	InChI=1S/C15H10O6/c16-8-3-1-7(2-4-8)15-11(18)5-9-12(21-15)6-10(17)14(20)13(9)19/h1-6H,(H4-,16,17,18,19,20)/p+1	Aurantinidin	C1=CC(=CC=C1C2=C(C=C3C(=[O+]2)C=C(C(=C3O)O)O)O)O	2.68552542	441648	COCONUT:(CNP0340915);HMDB:(140805);KNApSAcK:(6613);PubChem:(441648);CHEBI:(2923);PubChem class - bio and metabolites;KEGG:(C08575);Biocyc:(CPD-15048)	18876730
56	1	N/A	-137.9045221689823	C15H10O6	[M + H]+	XCLBJTYTTUIYQL	InChI=1S/C15H10O6/c16-8-1-7(2-9(17)3-8)11-6-21-13-5-10(18)4-12(19)14(13)15(11)20/h1-6,16-19H	null	C1=C(C=C(C=C1O)O)C2=COC3=CC(=CC(=C3C2=O)O)O	2.29999995	46879752	COCONUT:(CNP0177849);Natural Products:(UNPD180033);PubChem:(46879752);PubMed	2129986
57	1	N/A	-138.90514284287627	C15H10O6	[M + H]+	ZKZCRGBCWBCSNJ	InChI=1S/C15H10O6/c16-8-3-1-7(2-4-8)9-6-21-15-12(13(9)19)10(17)5-11(18)14(15)20/h1-6,16-18,20H	8-Hydroxygenistein	C1=CC(=CC=C1C2=COC3=C(C2=O)C(=CC(=C3O)O)O)O	2.29999995	5492944	COCONUT:(CNP0123635);KNApSAcK:(18071);Natural Products:(UNPD36234);PubChem:(5492944);SuperNatural:(SN00235466);PubChem class - safety and toxic;PubMed;KEGG Mine	8660222034
58	1	N/A	-139.90670350350968	C15H10O6	[M + H]+	VBOKBVZZEYWRLT	InChI=1S/C15H10O6/c16-8-1-7(2-9(17)3-8)15-13(20)6-11-12(19)4-10(18)5-14(11)21-15/h1-6H,(H4-,16,17,18,19,20)/p+1	null	C1=C(C=C(C=C1O)O)C2=[O+]C3=CC(=CC(=C3C=C2O)O)O	2.68552542	131836544	HMDB:(130406);PubChem:(131836544);PubChem class - bio and metabolites	16777226
59	1	N/A	-140.7008346193693	C15H10O6	[M + H]+	CDRYROJFUGYDQH	InChI=1S/C15H10O6/c16-8-3-1-7(2-4-8)10-6-21-15-9(12(10)18)5-11(17)13(19)14(15)20/h1-6,16-17,19-20H	null	C1=CC(=CC=C1C2=COC3=C(C(=C(C=C3C2=O)O)O)O)O	1.79999995	91482804	COCONUT:(CNP0216091);HMDB:(132872);Natural Products:(UNPD12597);PubChem:(91482804);SuperNatural:(SN00368489);PubChem class - bio and metabolites;PubMed;KEGG Mine	8609890378
60	1	N/A	-140.9656466046675	C15H10O6	[M + H]+	FKYPAPFJVHALIT	InChI=1S/C15H10O6/c16-8-3-1-2-7(4-8)9-6-21-11-5-10(17)14(19)15(20)12(11)13(9)18/h1-6,16-17,19-20H	null	C1=CC(=CC(=C1)O)C2=COC3=C(C2=O)C(=C(C(=C3)O)O)O	2.29999995	131835608	HMDB:(129345);PubChem:(131835608);PubChem class - bio and metabolites	16777226
61	1	N/A	-141.06786060859397	C15H10O6	[M + H]+	WQGGDKZYHBYSTA	InChI=1S/C15H10O6/c16-8-3-1-7(2-4-8)13(19)15-14(20)12-10(18)5-9(17)6-11(12)21-15/h1-6,16-18,20H	null	C1=CC(=CC=C1C(=O)C2=C(C3=C(C=C(C=C3O2)O)O)O)O	3.0999999	136155028	COCONUT:(CNP0127839);Natural Products:(UNPD229628);PubChem:(136155028)	2129922
62	1	N/A	-142.7738521003181	C15H10O6	[M + H]+	OZOZCKVLUMXFGS	InChI=1S/C15H10O6/c16-7-1-3-9(11(18)5-7)13-14(19)10-4-2-8(17)6-12(10)21-15(13)20/h1-6,16-19H	3-(2,4-dihydroxyphenyl)-4,7-dihydroxy-2H-chromen-2-one	C1=CC(=C(C=C1O)O)C2=C(C3=C(C=C(C=C3)O)OC2=O)O	1.79999995	46926131;54679752	COCONUT:(CNP0256553);KNApSAcK:(38520);Natural Products:(UNPD198131);PubChem:(46926131 54679752);CHEBI:(65453);MeSH:(54679752);PubMed;Biocyc:(CPD-11783);KEGG Mine	8592066678
63	1	N/A	-143.08406404683052	C15H10O6	[M + H]+	MMEMQPVSEZVECO	InChI=1S/C15H10O6/c16-7-1-2-8(12(18)5-7)10-6-21-15-9(13(10)19)3-4-11(17)14(15)20/h1-6,16-18,20H	7,8,2'',4''-Tetrahydroxyisoflavone	C1=CC(=C(C=C1O)O)C2=COC3=C(C2=O)C=CC(=C3O)O	1.79999995	5378260	COCONUT:(CNP0193776);HMDB:(134022);KNApSAcK:(9853);Natural Products:(UNPD19080);PubChem:(5378260);SuperNatural:(SN00267711);PubChem class - bio and metabolites;KEGG Mine	8609890330
64	1	N/A	-143.46263217751118	C15H10O6	[M + H]+	VASFLQKDXBAWEL	InChI=1S/C15H10O6/c16-8-3-1-7(2-4-8)14-13(20)12(19)11-9(17)5-6-10(18)15(11)21-14/h1-6,16-18,20H	null	C1=CC(=CC=C1C2=C(C(=O)C3=C(C=CC(=C3O2)O)O)O)O	2.5	12305712	COCONUT:(CNP0117307);Natural Products:(UNPD22854);PubChem:(12305712)	2129922
65	1	N/A	-145.33254892690042	C15H10O6	[M + H]+	KQRPHHDERPYSPX	InChI=1S/C15H10O6/c16-7-4-5-11-9(6-7)13(19)14(20)15(21-11)8-2-1-3-10(17)12(8)18/h1-6,16-18,20H	3,6,2'',3''-Tetrahydroxyflavone	C1=CC(=C(C(=C1)O)O)C2=C(C(=O)C3=C(O2)C=CC(=C3)O)O	2.0	688828	COCONUT:(CNP0041132);PubChem:(688828);SuperNatural:(SN00000727);ZINC bio:(ZINC00057875);additional;PubMed	3678274
66	1	N/A	-158.8973950818925	C15H10O6	[M + H]+	BATYPWQQQZBSPO	InChI=1S/C15H10O6/c16-8-3-1-2-7(4-8)15-11(18)5-9-12(21-15)6-10(17)14(20)13(9)19/h1-6H,(H4-,16,17,18,19,20)/p+1	null	C1=CC(=CC(=C1)O)C2=C(C=C3C(=[O+]2)C=C(C(=C3O)O)O)O	2.68552542	131836543	HMDB:(130403);PubChem:(131836543);PubChem class - bio and metabolites	16777226
67	1	N/A	-163.00223630000727	C15H10O6	[M + H]+	BNMUTGOMEWQLBJ	InChI=1S/C15H10O6/c16-8-3-1-7(2-4-8)9-6-21-15-11(18)5-10(17)14(20)12(15)13(9)19/h1-6,16-18,20H	null	C1=CC(=CC=C1C2=COC3=C(C=C(C(=C3C2=O)O)O)O)O	1.63464904	""	COCONUT:(CNP0268202)	2097152
68	1	N/A	-165.99849981565157	C15H10O6	[M + H]+	UBSCDKPKWHYZNX	InChI=1S/C15H10O6/c16-8-1-3-10(4-2-8)20-14-7-12(19)15-11(18)5-9(17)6-13(15)21-14/h1-7,16-18H	Demethoxycapillarisin	C1=CC(=CC=C1O)OC2=CC(=O)C3=C(C=C(C=C3O2)O)O	2.30245924	5316511	COCONUT:(CNP0159436 CNP0396326);KNApSAcK:(38303);Natural Products:(UNPD96455);PubChem:(5316511);SuperNatural:(SN00159201);CHEBI:(81338);MeSH:(5316511);KEGG:(C17786);PubMed	3178870
69	1	N/A	-174.54527180327793	C15H10O6	[M + H]+	GOFKYYQWJNZNHQ	InChI=1S/C15H10O6/c16-8-2-1-3-10(4-8)20-14-7-12(19)15-11(18)5-9(17)6-13(15)21-14/h1-7,16-18H	5,7-dihydroxy-2-(3-hydroxyphenoxy)chromen-4-one	C1=CC(=CC(=C1)OC2=CC(=O)C3=C(C=C(C=C3O2)O)O)O	2.30245924	58971287	COCONUT:(CNP0330612);Natural Products:(UNPD95191);PubChem:(58971287)	2129922
70	1	N/A	-180.78147644558481	C15H10O6	[M + H]+	RLEBAXKWJSHQLV	InChI=1S/C15H10O6/c16-8-3-1-7(2-4-8)12-13(19)10-5-9(17)6-11(18)14(10)21-15(12)20/h1-6,16-19H	null	C1=CC(=CC=C1C2=C(C3=CC(=CC(=C3OC2=O)O)O)O)O	1.81265903	""	COCONUT:(CNP0243218);Natural Products:(UNPD117316)	2129920
71	1	N/A	-186.17574065014009	C15H10O6	[M + H]+	NIPNPECHKPMAOO	InChI=1S/C15H10O6/c16-8-4-11(18)9-6-13(20)15(21-14(9)5-8)7-1-2-10(17)12(19)3-7/h1-6,17-20H	2-(3,4-dihydroxyphenyl)-3,5-dihydroxychromen-7-one	C1=CC(=C(C=C1C2=C(C=C3C(=CC(=O)C=C3O2)O)O)O)O	0.600000024	68248;25202542	COCONUT:(CNP0086133 CNP0187899);Natural Products:(UNPD123373);PubChem:(68248 25202542);CHEBI:(71682);PubChem class - bio and metabolites	18907170
72	1	N/A	-186.2554002817223	C15H10O6	[M + H]+	AQEJBANJFDNKHW	InChI=1S/C15H10O6/c1-5-2-3-6-9(11(5)17)14(20)10-7(12(6)18)4-8(16)13(19)15(10)21/h2-4,16-17,19,21H,1H3	1,6,7,8-tetrahydroxy-2-methylanthraquinone	CC1=C(C2=C(C=C1)C(=O)C3=CC(=C(C(=C3C2=O)O)O)O)O	2.4000001	25203423;25203424	Plantcyc:(CPD-9626);PubChem:(25203423 25203424);Biocyc:(CPD-9626);PubChem class - bio and metabolites	16910338
73	1	N/A	-186.54328768685835	C15H10O6	[M + H]+	BCNQJCOWMBZAAW	InChI=1S/C15H10O6/c1-5-2-3-6-9(11(5)17)13(19)7-4-8(16)14(20)15(21)10(7)12(6)18/h2-4,16-17,20-21H,1H3	null	CC1=C(C2=C(C=C1)C(=O)C3=C(C(=C(C=C3C2=O)O)O)O)O	2.9000001	12305200	COCONUT:(CNP0312354);Natural Products:(UNPD70635);PubChem:(12305200);SuperNatural:(SN00277084);KEGG Mine	8593113090
74	1	N/A	-192.06542830749194	C15H10O6	[M + H]+	LAOFTEMTSXNIIM	InChI=1S/C15H10O6/c1-5-2-7-11(15(21)12(5)18)14(20)10-8(13(7)19)3-6(16)4-9(10)17/h2-4,16-18,21H,1H3	4-08-00-03689 (Beilstein Handbook Reference)	CC1=CC2=C(C(=C1O)O)C(=O)C3=C(C2=O)C=C(C=C3O)O	2.4000001	11818503	COCONUT:(CNP0305339);Natural Products:(UNPD62235);PubChem:(11818503);SuperNatural:(SN00285996);MeSH:(11818503);PubMed;KEGG Mine	8593113158
75	1	N/A	-192.35331571262805	C15H10O6	[M + H]+	FTEZMFWDZJWDMU	InChI=1S/C15H10O6/c1-5-2-7-11(15(21)12(5)18)14(20)8-3-6(16)4-9(17)10(8)13(7)19/h2-4,16-18,21H,1H3	null	CC1=CC2=C(C(=C1O)O)C(=O)C3=C(C2=O)C(=CC(=C3)O)O	2.9000001	12308912	COCONUT:(CNP0271155);Natural Products:(UNPD159538);PubChem:(12308912)	2129922
76	1	N/A	-192.97958196619126	C15H10O6	[M + H]+	FIQFPWJQOCOBJX	InChI=1S/C15H10O6/c1-6-2-8(15(19)20)12-10(3-6)21-11-5-7(16)4-9(17)13(11)14(12)18/h2-5,16-17H,1H3,(H,19,20)	null	CC1=CC(=C2C(=C1)OC3=CC(=CC(=C3C2=O)O)O)C(=O)O	2.70000005	129881813	COCONUT:(CNP0256312);Natural Products:(UNPD166646);PubChem:(129881813);SuperNatural:(SN00259460)	3178498
77	1	N/A	-193.29391119133106	C15H10O6	[M + H]+	OWKHJRBCPBBUGG	InChI=1S/C15H10O6/c1-5-2-6-10(8(16)3-5)14(20)11-7(12(6)18)4-9(17)13(19)15(11)21/h2-4,16-17,19,21H,1H3	Alaternin	CC1=CC2=C(C(=C1)O)C(=O)C3=C(C(=C(C=C3C2=O)O)O)O	2.4000001	12548	COCONUT:(CNP0126370);KNApSAcK:(36658);Natural Products:(UNPD195484);PubChem:(12548);SuperNatural:(SN00373559);MeSH:(12548);PubMed;KEGG Mine	8593113174
78	1	N/A	-194.95609863511856	C15H10O6	[M + H]+	BLDJVHTUDLDCHT	InChI=1S/C15H10O6/c1-5-2-9(18)14(20)12-10(5)15(21)11-7(13(12)19)3-6(16)4-8(11)17/h2-4,16-18,20H,1H3	null	CC1=CC(=C(C2=C1C(=O)C3=C(C2=O)C=C(C=C3O)O)O)O	2.9000001	9817337	COCONUT:(CNP0194135);Natural Products:(UNPD2627);PubChem:(9817337);SuperNatural:(SN00300913)	3178498
79	1	N/A	-197.35472861133297	C15H10O6	[M + H]+	JCZGUFVZKUDRMM	InChI=1S/C15H10O6/c1-5-9(17)4-7-11(12(5)18)13(19)6-2-3-8(16)15(21)10(6)14(7)20/h2-4,16-18,21H,1H3	null	CC1=C(C=C2C(=C1O)C(=O)C3=C(C2=O)C(=C(C=C3)O)O)O	2.9000001	86012754	COCONUT:(CNP0187750);Natural Products:(UNPD3536);PubChem:(86012754);SuperNatural:(SN00234955);KEGG Mine	8593113090
80	1	N/A	-199.891760544008	C15H10O6	[M + H]+	ITCNKLLBKUYLLV	InChI=1S/C15H10O6/c1-5-2-6-10(7(16)3-5)15(21)11-8(17)4-9(18)14(20)12(11)13(6)19/h2-4,16-18,20H,1H3	5-Hydroxyemodin	CC1=CC2=C(C(=C1)O)C(=O)C3=C(C2=O)C(=C(C=C3O)O)O	2.9000001	161310	COCONUT:(CNP0114947);Natural Products:(UNPD25098);PubChem:(161310);SuperNatural:(SN00379440);KEGG Mine	8593113090
81	1	N/A	-200.8575564507568	C15H10O6	[M + H]+	DSUDNZBLMXALNU	InChI=1S/C15H10O6/c1-5-11(17)9-10(15(21)12(5)18)13(19)6-3-2-4-7(16)8(6)14(9)20/h2-4,16-18,21H,1H3	9,10-Anthracenedione, 1,2,4,5-tetrahydroxy-3-methyl-	CC1=C(C2=C(C(=C1O)O)C(=O)C3=C(C2=O)C(=CC=C3)O)O	2.9000001	71400828	COCONUT:(CNP0269430);Natural Products:(UNPD175671);PubChem:(71400828);SuperNatural:(SN00282381)	3178498
82	1	N/A	-200.8575564507568	C15H10O6	[M + H]+	ISLPQMKIYJEMAP	InChI=1S/C15H10O6/c1-5-11(17)9-10(15(21)12(5)18)14(20)8-6(13(9)19)3-2-4-7(8)16/h2-4,16-18,21H,1H3	ACMC-20lpbp	CC1=C(C2=C(C(=C1O)O)C(=O)C3=C(C2=O)C=CC=C3O)O	2.9000001	71325692	COCONUT:(CNP0265835);Natural Products:(UNPD35315);PubChem:(71325692);SuperNatural:(SN00341848);KEGG Mine	8593113090
83	1	N/A	-207.32984665180845	C15H10O6	[M + H]+	KZVLHYYGGGXDIF	InChI=1S/C15H10O6/c1-5-2-6(16)3-7-10(5)14(20)11-8(12(7)18)4-9(17)13(19)15(11)21/h2-4,16-17,19,21H,1H3	null	CC1=CC(=CC2=C1C(=O)C3=C(C(=C(C=C3C2=O)O)O)O)O	2.4000001	12865600	COCONUT:(CNP0200423);Natural Products:(UNPD55147);PubChem:(12865600);SuperNatural:(SN00377982)	3178498
84	1	N/A	-210.08869803235112	C15H10O6	[M + H]+	LUNLYNJCCHJJFI	InChI=1S/C15H10O6/c16-9-3-1-2-7-11(9)14(19)12-8(13(7)18)4-6(15(20)21)5-10(12)17/h1-5,16-19H,(H,20,21)	null	C1=CC2=C(C(=C1)O)C(=C3C(=CC(=CC3=C2O)C(=O)O)O)O	3.0999999	54053413	PubChem:(54053413);PubChem class - bio and metabolites	16777218
85	1	N/A	-211.45984062904338	C15H10O6	[M + H]+	VWDXGKUTGQJJHJ	InChI=1S/C15H10O6/c1-5-2-8(17)11-12(13(5)19)14(20)7-3-6(16)4-9(18)10(7)15(11)21/h2-4,16-19H,1H3	Caterarin	CC1=CC(=C2C(=C1O)C(=O)C3=C(C2=O)C(=CC(=C3)O)O)O	2.9000001	10150	COCONUT:(CNP0157746);KNApSAcK:(45734);Natural Products:(UNPD58625);PubChem:(10150);SuperNatural:(SN00353126);ZINC bio:(ZINC05461939);additional;Training Set;PubMed;KEGG Mine	8593662034
86	1	N/A	-214.11817582307054	C15H10O6	[M + H]+	IRXOADZHNKJVKE	InChI=1S/C15H10O6/c16-10-3-1-7(5-12(10)18)13-6-9-8(15(19)20)2-4-11(17)14(9)21-13/h1-6,16-18H,(H,19,20)	null	C1=CC(=C(C=C1C2=CC3=C(C=CC(=C3O2)O)C(=O)O)O)O	2.05397439	""	COCONUT:(CNP0188169)	2097152
87	1	N/A	-217.19712513794326	C15H10O6	[M + H]+	WBEFUVAYFSOUEA	InChI=1S/C15H10O6/c16-8-5-11(19)14-12(6-8)21-13(15(14)20)4-7-1-2-9(17)10(18)3-7/h1-6,16-19H	Cernuin	C1=CC(=C(C=C1C=C2C(=O)C3=C(C=C(C=C3O2)O)O)O)O	2.70000005	193757;6123196;5281220;49852315	HMDB:(34150);SuperNatural:(SN00270437 SN00155908);ZINC bio:(ZINC00897611 ZINC00897612);MeSH:(5281220);Plantcyc:(CPD-2982);PubMed;COCONUT:(CNP0315790);KNApSAcK:(8027);Natural Products:(UNPD183729 UNPD192051 UNPD225573);PubChem:(193757 6123196 5281220 49852315);CHEBI:(58393 18149);PubChem class - bio and metabolites;KEGG:(C08576);Biocyc:(CPD-2982)	20097406
88	1	N/A	-221.33309159312947	C15H10O6	[M + H]+	LQEZHWGJSWHXPJ	InChI=1S/C15H10O6/c16-13(17)9-3-1-8(2-4-9)10-5-11(14(18)19)7-12(6-10)15(20)21/h1-7H,(H,16,17)(H,18,19)(H,20,21)	[1,1''-Biphenyl]-3,4'',5-tricarboxylic acid	C1=CC(=CC=C1C2=CC(=CC(=C2)C(=O)O)C(=O)O)C(=O)O	2.0999999	17960152;101457775	PubChem class - safety and toxic;PubChem:(17960152 101457775);PubMed	67108930
89	1	N/A	-222.55186391984867	C15H10O6	[M + H]+	DIGOUNMGDIJHEB	InChI=1S/C15H10O6/c16-5-6-3-8-11(10(18)4-6)15(21)12-7(13(8)19)1-2-9(17)14(12)20/h1-4,16-18,20H,5H2	null	C1=CC(=C(C2=C1C(=O)C3=C(C2=O)C(=CC(=C3)CO)O)O)O	1.5	91664802	COCONUT:(CNP0148527);Natural Products:(UNPD183098);PubChem:(91664802);SuperNatural:(SN00393787);KEGG Mine	8593113090
90	1	N/A	-224.8427693109884	C15H10O6	[M + H]+	XSPSQSXYKJASKD	InChI=1S/C15H10O6/c1-6-2-9(17)13-10(3-6)21-11-5-7(16)4-8(15(19)20)12(11)14(13)18/h2-5,16-17H,1H3,(H,19,20)	9H-Xanthene-1-carboxylicacid, 3,8-dihydroxy-6-methyl-9-oxo-	CC1=CC(=C2C(=C1)OC3=CC(=CC(=C3C2=O)C(=O)O)O)O	2.70000005	23902332	COCONUT:(CNP0048537 CNP0188384);Natural Products:(UNPD36950);PubChem:(23902332);SuperNatural:(SN00322682 SN00019938);ZINC bio:(ZINC13335390);additional;Training Set	3727362
91	1	N/A	-225.87613260575418	C15H10O6	[M + H]+	YQHZABGPIPECSQ	InChI=1S/C15H10O6/c16-5-6-1-8-12(10(18)2-6)15(21)13-9(14(8)20)3-7(17)4-11(13)19/h1-4,16-19H,5H2	Citreorosein	C1=C(C=C(C2=C1C(=O)C3=C(C2=O)C(=CC(=C3)O)O)O)CO	1.5	361512	HMDB:(34444);SuperNatural:(SN00036382);ZINC bio:(ZINC05812872);MeSH:(361512);PubMed;COCONUT:(CNP0144047);KNApSAcK:(32090);Natural Products:(UNPD129971);PubChem:(361512);CHEBI:(81348);PubChem class - bio and metabolites;KEGG:(C17810);Training Set	19980670
92	1	N/A	-226.16402001089023	C15H10O6	[M + H]+	BYDAZTJBFVZRHM	InChI=1S/C15H10O6/c16-5-6-1-8-12(10(18)2-6)15(21)9-3-7(17)4-11(19)13(9)14(8)20/h1-4,16-19H,5H2	null	C1=C(C=C(C2=C1C(=O)C3=C(C2=O)C=C(C=C3O)O)O)CO	2.0	129875134	PubChem:(129875134);COCONUT:(CNP0081162)	2097154
93	1	N/A	-227.56548762595583	C15H10O6	[M + H]+	DLMOVPAUHQQYHA	InChI=1S/C15H10O6/c16-8-1-3-15(20,4-2-8)13-7-11(19)14-10(18)5-9(17)6-12(14)21-13/h1-7,17-18,20H	Protoapigenone	C1=CC(C=CC1=O)(C2=CC(=O)C3=C(C=C(C=C3O2)O)O)O	0.837467134	11644907	COCONUT:(CNP0175658);Natural Products:(UNPD123626);PubChem:(11644907);SuperNatural:(SN00269567);MeSH:(11644907);PubMed	3178566
94	1	N/A	-230.67842122270343	C15H10O6	[M + H]+	SBVOOJGJEOGEBY	InChI=1S/C15H10O6/c16-8-1-2-9-12(6-8)21-13(14(9)19)5-7-3-10(17)15(20)11(18)4-7/h1-6,16-18,20H	3'',4'',5'',6-tetrahydroxyaurone	C1=CC2=C(C=C1O)OC(=CC3=CC(=C(C(=C3)O)O)O)C2=O	2.20000005	52940175;56663291	PubChem:(52940175 56663291);PubMed;Biocyc:(CPD-13288);KEGG Mine	8589936706
95	1	N/A	-238.11105317036981	C15H10O6	[M + H]+	PPPZPUPPGQRSKR	InChI=1S/C15H10O6/c1-5-9(18)4-6-10(13(5)19)15(21)12-8(17)3-2-7(16)11(12)14(6)20/h2-4,16-19H,1H3	null	CC1=C(C=C2C(=C1O)C(=O)C3=C(C=CC(=C3C2=O)O)O)O	2.9000001	91664814	COCONUT:(CNP0247288);Natural Products:(UNPD122892);PubChem:(91664814);SuperNatural:(SN00353217)	3178498
96	1	N/A	-238.8514637937207	C15H10O6	[M + H]+	CUKVFVMCLBWRHA	InChI=1S/C15H10O6/c16-8-2-1-7(10(18)4-8)3-13-15(20)14-11(19)5-9(17)6-12(14)21-13/h1-6,16-19H	(2Z)-2-[(2,4-dihydroxyphenyl)methylene]-4,6-dihydroxy-benzofuran-3-one	C1=CC(=C(C=C1O)O)C=C2C(=O)C3=C(C=C(C=C3O2)O)O	2.70000005	46926718;75240053	COCONUT:(CNP0406813);Natural Products:(UNPD211998 UNPD175401);PubChem:(46926718 75240053);SuperNatural:(SN00350437);PubMed	3178562
97	1	N/A	-239.221582165921	C15H10O6	[M + H]+	SDVJCGYYQILFQU	InChI=1S/C15H10O6/c16-5-6-1-2-8-12(13(6)19)15(21)11-9(14(8)20)3-7(17)4-10(11)18/h1-4,16-19H,5H2	Versicolorins	C1=CC2=C(C(=C1CO)O)C(=O)C3=C(C2=O)C=C(C=C3O)O	1.5	159258	MeSH:(159258);PubChem:(159258);PubMed	70
98	1	N/A	-240.65961754898737	C15H10O6	[M + H]+	DGZZHABEBFUFSC	InChI=1S/C15H10O6/c1-21-7-4-9-13(11(18)5-7)15(20)12-8(14(9)19)2-6(16)3-10(12)17/h2-5,16-18H,1H3	1,3,8-trihydroxy-6-methoxy-anthraquinone	COC1=CC2=C(C(=C1)O)C(=O)C3=C(C2=O)C=C(C=C3O)O	2.29999995	636723	COCONUT:(CNP0330872);Natural Products:(UNPD95525);PubChem:(636723);SuperNatural:(SN00228789);MeSH:(636723);PubMed	3178566
99	1	N/A	-241.96038730405476	C15H10O6	[M + H]+	NFQXCHAJWVRYND	InChI=1S/C15H10O6/c1-5-4-8(18)11-12(13(5)19)15(21)10-7(17)3-2-6(16)9(10)14(11)20/h2-4,16-19H,1H3	Cynodontin	CC1=CC(=C2C(=C1O)C(=O)C3=C(C=CC(=C3C2=O)O)O)O	2.9000001	10148	COCONUT:(CNP0257591);KNApSAcK:(18258);Natural Products:(UNPD35209);PubChem:(10148);SuperNatural:(SN00261000);ZINC bio:(ZINC04995654);additional;MeSH:(10148);Training Set;PubMed;KEGG Mine	8593662038
100	1	N/A	-243.80529498032504	C15H10O6	[M + H]+	FWDJFYYRADDLPT	InChI=1S/C15H10O6/c16-5-6-4-8-11(15(21)12(6)18)14(20)10-7(13(8)19)2-1-3-9(10)17/h1-4,16-18,21H,5H2	null	C1=CC2=C(C(=C1)O)C(=O)C3=C(C2=O)C=C(C(=C3O)O)CO	2.0	10125440	COCONUT:(CNP0297717);Natural Products:(UNPD53461);PubChem:(10125440);SuperNatural:(SN00270142);KEGG Mine	8593113090
101	1	N/A	-244.17135000501426	C15H10O6	[M + H]+	PYEXJCYQXUYFSF	InChI=1S/C15H10O6/c1-21-15-9(18)5-8(17)11-12(15)13(19)6-3-2-4-7(16)10(6)14(11)20/h2-5,16-18H,1H3	null	COC1=C(C=C(C2=C1C(=O)C3=C(C2=O)C(=CC=C3)O)O)O	2.29999995	86142836	COCONUT:(CNP0355607);Natural Products:(UNPD42318);PubChem:(86142836);SuperNatural:(SN00333067);KEGG Mine	8593113090
102	1	N/A	-245.32321115295764	C15H10O6	[M + H]+	ITLMMMUIWDPRJK	InChI=1S/C15H10O6/c1-21-15-9(17)5-7-11(14(15)20)13(19)10-6(12(7)18)3-2-4-8(10)16/h2-5,16-17,20H,1H3	1,3,8-trihydroxy-2-methoxyanthraquinone	COC1=C(C=C2C(=C1O)C(=O)C3=C(C2=O)C=CC=C3O)O	2.29999995	25202463	COCONUT:(CNP0331006);KNApSAcK:(38111);Natural Products:(UNPD95707);PubChem:(25202463);SuperNatural:(SN00159106);PubChem class - bio and metabolites;Plantcyc:(CPD-9624);PubMed;Biocyc:(CPD-9624)	20088914
103	1	N/A	-245.6110985580937	C15H10O6	[M + H]+	LITYNJFXKVFCBW	InChI=1S/C15H10O6/c1-21-15-9(17)5-7-11(14(15)20)12(18)6-3-2-4-8(16)10(6)13(7)19/h2-5,16-17,20H,1H3	null	COC1=C(C=C2C(=C1O)C(=O)C3=C(C2=O)C(=CC=C3)O)O	1.55196404	""	COCONUT:(CNP0148469);Natural Products:(UNPD33741);SuperNatural:(SN00336547)	3178496
104	1	N/A	-246.99924191717983	C15H10O6	[M + H]+	RFJUMUSVULHSGA	InChI=1S/C15H10O6/c1-21-15-9(18)5-8(17)11-12(15)14(20)10-6(13(11)19)3-2-4-7(10)16/h2-5,16-18H,1H3	null	COC1=C(C=C(C2=C1C(=O)C3=C(C2=O)C=CC=C3O)O)O	2.9000001	86109351	COCONUT:(CNP0246165);Natural Products:(UNPD40550);PubChem:(86109351);PubMed;KEGG Mine	8592064578
105	1	N/A	-248.7277059564184	C15H10O6	[M + H]+	SZNCPOMWHKSBFW	InChI=1S/C15H10O6/c16-6-8-4-10(11(7-17)13(19)5-8)14(20)9-2-1-3-12(18)15(9)21/h1-7,18-19,21H	null	C1=CC(=C(C(=C1)O)O)C(=O)C2=C(C(=CC(=C2)C=O)O)C=O	2.20000005	9860658	COCONUT:(CNP0314022);Natural Products:(UNPD81252);PubChem:(9860658)	2129922
106	1	N/A	-251.34557460239145	C15H10O6	[M + H]+	KIMJRLOJUKVEEZ	InChI=1S/C15H10O6/c16-5-8-10(18)4-7-12(14(8)20)15(21)11-6(13(7)19)2-1-3-9(11)17/h1-4,16-18,20H,5H2	null	C1=CC2=C(C(=C1)O)C(=O)C3=C(C(=C(C=C3C2=O)O)CO)O	2.0	102339057	COCONUT:(CNP0218500);Natural Products:(UNPD92352);PubChem:(102339057);SuperNatural:(SN00249594);KEGG Mine	8593113090
107	1	N/A	-252.23178939418233	C15H10O6	[M + H]+	JZQZYHHISUPRLN	InChI=1S/C15H10O6/c16-10-5-8(20-7-13(17)18)6-12-14(10)15(19)9-3-1-2-4-11(9)21-12/h1-6,16H,7H2,(H,17,18)	2-(1-hydroxy-9-oxoxanthen-3-yl)oxyacetate	C1=CC=C2C(=C1)C(=O)C3=C(C=C(C=C3O2)OCC(=O)O)O	2.70000005	7093561;6216753	COCONUT:(CNP0330422 CNP0386565);PubChem:(7093561 6216753);SuperNatural:(SN00096445);ZINC bio:(ZINC20611226)	3153922
108	1	N/A	-254.253751693769	C15H10O6	[M + H]+	SMXZKICRHJNJNW	InChI=1S/C15H10O6/c16-14-6-2-9-1-3-10(7-13(9)21-14)19-8-11-4-5-12(20-11)15(17)18/h1-7H,8H2,(H,17,18)	Oprea1_741566	C1=CC(=CC2=C1C=CC(=O)O2)OCC3=CC=C(O3)C(=O)O	2.29999995	705662;4080635	COCONUT:(CNP0217734 CNP0379042);PubChem:(705662 4080635);SuperNatural:(SN00043054);ZINC bio:(ZINC00091019)	3153922
109	1	N/A	-254.6478519252563	C15H10O6	[M + H]+	XUHCTZUMZGBPRV	InChI=1S/C15H10O6/c1-21-15-10(17)5-9-11(14(15)20)13(19)7-3-2-6(16)4-8(7)12(9)18/h2-5,16-17,20H,1H3	9,10-Anthracenedione, 1,3,6-trihydroxy-2-methoxy-	COC1=C(C=C2C(=C1O)C(=O)C3=C(C2=O)C=C(C=C3)O)O	2.29999995	11659239	COCONUT:(CNP0311525);Natural Products:(UNPD75979);PubChem:(11659239);SuperNatural:(SN00376178);MeSH:(11659239);PubMed	3178566
110	1	N/A	-256.2391522078795	C15H10O6	[M + H]+	YBQTVIMCHXORHO	InChI=1S/C15H10O6/c1-20-15(19)8-5-7(16)6-11-12(8)14(18)13-9(17)3-2-4-10(13)21-11/h2-6,16-17H,1H3	null	COC(=O)C1=C2C(=CC(=C1)O)OC3=CC=CC(=C3C2=O)O	2.70000005	54586132	COCONUT:(CNP0079534);PubChem:(54586132);PubMed	2097218
111	1	N/A	-259.667964408317	C15H10O6	[M + H]+	UMZDBWOCYMXXJS	InChI=1S/C15H10O6/c16-7-5-10(17)12(11(18)6-7)15(21)13(19)8-3-1-2-4-9(8)14(15)20/h1-6,16-18,21H	2-Hydroxy-2-(2,4,6-trihydroxyphenyl)-1,3-indandione	C1=CC=C2C(=C1)C(=O)C(C2=O)(C3=C(C=C(C=C3O)O)O)O	1.20000005	3047106	PubChem:(3047106);PubChem class - safety and toxic	67108866
112	1	N/A	-259.7990666298843	C15H10O6	[M + H]+	KHPVBMLFKRGATP	InChI=1S/C15H10O6/c16-5-6-1-8-12(10(18)2-6)15(21)13-9(14(8)20)3-7(17)4-11(13)19/h1-5,14,17-20H	null	C1=C(C=C(C2=C1C(C3=CC(=CC(=C3C2=O)O)O)O)O)C=O	1.0387218	""	COCONUT:(CNP0219825);Natural Products:(UNPD156220)	2129920
113	1	N/A	-259.82227118853945	C15H10O6	[M + H]+	YAVDEYBGXMVERN	InChI=1S/C15H10O6/c1-18-15-12-10(5-11-14(15)20-6-19-11)21-9-4-7(16)2-3-8(9)13(12)17/h2-5,16H,6H2,1H3	null	COC1=C2C(=CC3=C1OCO3)OC4=C(C2=O)C=CC(=C4)O	2.42488861	""	COCONUT:(CNP0291618);Natural Products:(UNPD160986);SuperNatural:(SN00402075)	3178496
114	1	N/A	-261.5213923196816	C15H10O6	[M + H]+	PNIFOHGQPKXLJE	InChI=1S/C15H10O6/c16-9-3-1-7(5-11(9)18)6-12-13(19)8-2-4-10(17)14(20)15(8)21-12/h1-6,16-18,20H	Maritimetin	C1=CC(=C(C=C1C=C2C(=O)C3=C(O2)C(=C(C=C3)O)O)O)O	2.20000005	441768;6123451;5281292	COCONUT:(CNP0128813);HMDB:(29711);KNApSAcK:(8029);Natural Products:(UNPD24834 UNPD210403);PubChem:(441768 6123451 5281292);SuperNatural:(SN00362736);CHEBI:(6694);PubChem class - bio and metabolites;MeSH:(5281292);KEGG:(C08720);PubMed	19956094
115	1	N/A	-267.86383233896714	C15H10O6	[M + H]+	SKJXDVDQAIZNDT	InChI=1S/C15H10O6/c16-10-6-5-9(11(17)12(10)18)15(21)13(19)7-3-1-2-4-8(7)14(15)20/h1-6,16-18,21H	2-hydroxy-2-(2,3,4-trihydroxyphenyl)indene-1,3-dione	C1=CC=C2C(=C1)C(=O)C(C2=O)(C3=C(C(=C(C=C3)O)O)O)O	1.20000005	3047110	PubChem:(3047110);PubChem class - safety and toxic	67108866
116	1	N/A	-270.7385372394008	C15H10O6	[M + H]+	WOXOGUFWLMGMQG	InChI=1S/C15H10O6/c1-6-12(15(19)20)9(18)4-11-13(6)14-7(5-16)2-8(17)3-10(14)21-11/h2-5,17-18H,1H3,(H,19,20)	null	CC1=C(C(=CC2=C1C3=C(C=C(C=C3O2)O)C=O)O)C(=O)O	2.9000001	85765201	COCONUT:(CNP0313700);Natural Products:(UNPD72303);PubChem:(85765201)	2129922
117	1	N/A	-271.9716766919145	C15H10O6	[M + H]+	OBXHAWNIHMDNAA	InChI=1S/C15H10O6/c16-8-3-1-7(2-4-8)5-11-14(20)12-9(17)6-10(18)13(19)15(12)21-11/h1-6,16-19H	Helmon	C1=CC(=CC=C1C=C2C(=O)C3=C(O2)C(=C(C=C3O)O)O)O	2.70000005	15538187;73197708	COCONUT:(CNP0264608);KNApSAcK:(14652);Natural Products:(UNPD13944);PubChem:(15538187 73197708);SuperNatural:(SN00373848)	3178514
118	1	N/A	-273.74968986799774	C15H10O6	[M + H]+	KKNPVHCWBCGPCM	InChI=1S/C15H10O6/c16-10-6-12(18)11(17)5-9(10)15(21)13(19)7-3-1-2-4-8(7)14(15)20/h1-6,16-18,21H	2-Hydroxy-2-(2,4,5-trihydroxyphenyl)-1,3-indandione	C1=CC=C2C(=C1)C(=O)C(C2=O)(C3=CC(=C(C=C3O)O)O)O	1.20000005	3047104	PubChem:(3047104);PubChem class - safety and toxic	67108866
119	1	N/A	-285.8593689023332	C15H10O6	[M + H]+	QFXVMBHQFBMSEL	InChI=1S/C15H10O6/c1-18-15-12-10(5-11-14(15)20-6-19-11)21-9-3-2-7(16)4-8(9)13(12)17/h2-5,16H,6H2,1H3	8-hydroxy-11-methoxy-[1,3]dioxolo[4,5-b]xanthen-10-one	COC1=C2C(=CC3=C1OCO3)OC4=C(C2=O)C=C(C=C4)O	2.4000001	5318271	COCONUT:(CNP0413195);Natural Products:(UNPD106660);PubChem:(5318271);SuperNatural:(SN00159173);PubMed	3178562
120	1	N/A	-290.95503281798085	C15H10O6	[M + H]+	XTCYRFROIBWDPU	InChI=1S/C15H10O6/c1-19-15-7-3-5-8(16)12-11(7)10-6(14(18)20-12)2-4-9(17)13(10)21-15/h2-5,15-17H,1H3	null	COC1C2=C3C4=C(C=CC(=C4O1)O)C(=O)OC3=C(C=C2)O	1.89999998	101733537	COCONUT:(CNP0227326);Natural Products:(UNPD178274);PubChem:(101733537);SuperNatural:(SN00269365)	3178498
121	1	N/A	-294.87825309439285	C15H10O6	[M + H]+	HHQNGUQUHZYDEP	InChI=1S/C15H10O6/c16-9-3-1-2-7-11(9)14(19)12-8(13(7)18)4-6(15(20)21)5-10(12)17/h1-5,8,12,16-17H,(H,20,21)	null	C1=CC2=C(C(=C1)O)C(=O)C3C(C2=O)C=C(C=C3O)C(=O)O	1.29999995	58338795	COCONUT:(CNP0255724 CNP0385282);PubChem:(58338795);SuperNatural:(SN00161999);KEGG Mine	8593080322
122	1	N/A	-295.59595189348795	C15H10O6	[M + H]+	ASAUXYYQDCDORO	InChI=1S/C15H10O6/c1-6-4-8(17)11-10(5-6)21-9-3-2-7(16)12(15(19)20)13(9)14(11)18/h2-5,16-17H,1H3,(H,19,20)	null	CC1=CC(=C2C(=C1)OC3=C(C2=O)C(=C(C=C3)O)C(=O)O)O	3.20000005	12314329	COCONUT:(CNP0209218);Natural Products:(UNPD128873);PubChem:(12314329);SuperNatural:(SN00284306)	3178498
123	1	N/A	-299.35450236184283	C15H10O6	[M + H]+	ZWTHNQBQIXDGOG	InChI=1S/C15H10O6/c16-9-4-1-8(2-5-9)3-6-10(17)13-11(18)7-12(19)14(20)15(13)21/h1-7,16,18,21H	null	C1=CC(=CC=C1C=CC(=O)C2=C(C(=O)C(=O)C=C2O)O)O	1.29999995	131833009	HMDB:(126621);PubChem:(131833009);KEGG Mine	8589934602
124	1	N/A	-305.1041412204746	C15H10O6	[M + H]+	KAEDZNNTQBBTDI	InChI=1S/C15H10O6/c1-20-14-7(6-16)5-9(18)15-12(14)13(19)11-8(17)3-2-4-10(11)21-15/h2-6,17-18H,1H3	null	COC1=C2C(=C(C=C1C=O)O)OC3=CC=CC(=C3C2=O)O	1.90721536	""	COCONUT:(CNP0358548)	2097152
125	1	N/A	-317.22359111518375	C15H10O6	[M + H]+	RHTSTEXCCXSDAD	InChI=1S/C15H10O6/c1-20-15(19)12-8(17)5-6-10-13(12)14(18)11-7(16)3-2-4-9(11)21-10/h2-6,16-17H,1H3	methyl 2,8-dihydroxy-9-oxo-9H-xanthene-1-carboxylate	COC(=O)C1=C(C=CC2=C1C(=O)C3=C(C=CC=C3O2)O)O	3.20000005	14309394	COCONUT:(CNP0327364);Natural Products:(UNPD90699);PubChem:(14309394);SuperNatural:(SN00397012);CHEBI:(68716)	3178530
126	1	N/A	-317.4751245477532	C15H10O6	[M + H]+	GIDUHUXAHQRKSD	InChI=1S/C15H10O6/c1-20-8-5-6-10-12(13(8)15(18)19)14(17)11-7(16)3-2-4-9(11)21-10/h2-6,16H,1H3,(H,18,19)	null	COC1=C(C2=C(C=C1)OC3=CC=CC(=C3C2=O)O)C(=O)O	2.07416582	""	COCONUT:(CNP0340988)	2097152
127	1	N/A	-326.3043889594916	C15H10O6	[M + H]+	FGKZJKFGFLPASN	InChI=1S/C15H10O6/c16-12-3-1-8(6-10(12)14(18)19)5-9-2-4-13(17)11(7-9)15(20)21/h1-7,16H,(H,18,19)(H,20,21)	Formaurindicarboxylic acid	C1=CC(=C(C=C1C=C2C=CC(=O)C(=C2)C(=O)O)C(=O)O)O	2.70000005	6454333;10424090;71401213	PubChem:(6454333 10424090 71401213);MeSH:(6454333 71401213)	6
128	1	N/A	-346.9214476551928	C15H10O6	[M + H]+	CMDRFERFCZVBIH	InChI=1S/C15H10O6/c1-5-3-6(16)10-12-9(5)8(21-2)4-7(17)11(12)14(19)15(20)13(10)18/h3-4,16-17H,1-2H3	null	CC1=CC(=C2C3=C(C(=CC(=C13)OC)O)C(=O)C(=O)C2=O)O	2.79999995	101899578	PubChem:(101899578);COCONUT:(CNP0355998)	2097154
129	1	N/A	-352.21251864895055	C15H10O6	[M + H]+	BYIJJCKNMXUKKW	InChI=1S/C15H10O6/c1-19-11-4-8-9(5-12(11)20-2)14(18)15-10(13(8)17)3-7(6-16)21-15/h3-6H,1-2H3	null	COC1=C(C=C2C(=C1)C(=O)C3=C(C2=O)OC(=C3)C=O)OC	1.85493636	""	COCONUT:(CNP0336250)	2097152
130	1	N/A	-358.2163313050723	C15H10O6	[M + H]+	OYCTYROBRSPREE	InChI=1S/C15H10O6/c1-7(16)20-6-11-13-9(5-21-11)14(18)8-3-2-4-10(17)12(8)15(13)19/h2-5,17H,6H2,1H3	null	CC(=O)OCC1=C2C(=CO1)C(=O)C3=C(C2=O)C(=CC=C3)O	1.89999998	10401719	COCONUT:(CNP0117880);Natural Products:(UNPD27298);PubChem:(10401719);SuperNatural:(SN00377519)	3178498
131	1	N/A	-386.1293499605955	C15H10O6	[M + H]+	CFUAWJRXWGQVGT	InChI=1S/C15H10O6/c1-19-11-4-5-13-15(9(11)7-17)21-12-3-2-10(18)8(6-16)14(12)20-13/h2-7,18H,1H3	null	COC1=C(C2=C(C=C1)OC3=C(O2)C=CC(=C3C=O)O)C=O	2.20000005	10779541	COCONUT:(CNP0205746);KNApSAcK:(49042);Natural Products:(UNPD114607);PubChem:(10779541);SuperNatural:(SN00303919)	3178514
132	1	N/A	-410.12374194075574	C15H10O6	[M + H]+	TVKXCLQORLILDK	InChI=1S/C15H10O6/c1-5-2-6(16)3-8-10(5)12-9(20-8)4-7(17)11-13(12)15(19)21-14(11)18/h2-4,15-17,19H,1H3	Alectosarmentin	CC1=CC(=CC2=C1C3=C(O2)C=C(C4=C3C(OC4=O)O)O)O	2.70000005	190922	COCONUT:(CNP0357447);MeSH:(190922);PubChem:(190922);PubMed	2097222