structureRankPerFormula	formulaRank	ConfidenceScore	CSI:FingerIDScore	molecularFormula	adduct	InChIkey2D	InChI	name	smiles	xlogp	pubchemids	links	dbflags
1	1	N/A	-193.88774271668774	C15H16N2O2	[M + H]+	VENDXQNWODZJGB	InChI=1S/C15H16N2O2/c1-10-8-12(16)14(19-2)9-13(10)17-15(18)11-6-4-3-5-7-11/h3-9H,16H2,1-2H3,(H,17,18)	fastvioletb	CC1=CC(=C(C=C1NC(=O)C2=CC=CC=C2)OC)N	2.4000001	66830	NORMAN:(NS00021414);MeSH:(66830);PubChem:(66830);PubMed	262214
2	1	N/A	-199.9819968974075	C15H16N2O2	[M + H]+	YJPUATSIKWOSST	InChI=1S/C15H16N2O2/c16-10-15(18)17-13-6-8-14(9-7-13)19-11-12-4-2-1-3-5-12/h1-9H,10-11,16H2,(H,17,18)	Amino acid analog, 2	C1=CC=C(C=C1)COC2=CC=C(C=C2)NC(=O)CN	1.70000005	22690393;42310319	COCONUT:(CNP0020357);Training Set;PubChem:(22690393 42310319);PubMed;PubChem class - bio and metabolites	18890818
3	1	N/A	-210.18403544085314	C15H16N2O2	[M + H]+	PZBARTUEWCQNSN	InChI=1S/C15H16N2O2/c1-11-7-8-13(15(18)17-19)9-14(11)16-10-12-5-3-2-4-6-12/h2-9,16,19H,10H2,1H3,(H,17,18)	null	CC1=C(C=C(C=C1)C(=O)NO)NCC2=CC=CC=C2	2.5999999	134159676	PubChem:(134159676);PubChem class - bio and metabolites	16777218
4	1	N/A	-214.13831108133084	C15H16N2O2	[M + H]+	AMUGGVOYKJDIQP	InChI=1S/C15H16N2O2/c1-2-19-14-10-8-13(9-11-14)17-15(18)16-12-6-4-3-5-7-12/h3-11H,2H2,1H3,(H2,16,17,18)	Ambcb5276684	CCOC1=CC=C(C=C1)NC(=O)NC2=CC=CC=C2	3.25637984	295257	PubChem class - safety and toxic;PubChem:(295257);PubMed	67108930
5	1	N/A	-219.15309496805355	C15H16N2O2	[M + H]+	RVBLBXYCACHTLV	InChI=1S/C15H16N2O2/c1-3-19-13-7-5-12(6-8-13)16-17-14-10-11(2)4-9-15(14)18/h4-10,18H,3H2,1-2H3	null	CCOC1=CC=C(C=C1)N=NC2=C(C=CC(=C2)C)O	4.0	80739	PubChem:(80739);NORMAN:(NS00043783)	262146
6	1	N/A	-225.60559586863326	C15H16N2O2	[M + H]+	CCSJUIOPAMLLTN	InChI=1S/C15H16N2O2/c1-11-7-3-4-8-12(11)16-15(18)17-13-9-5-6-10-14(13)19-2/h3-10H,1-2H3,(H2,16,17,18)	Ambcb5105076	CC1=CC=CC=C1NC(=O)NC2=CC=CC=C2OC	3.30871797	295285	PubChem:(295285);PubChem class - safety and toxic	67108866
7	1	N/A	-227.0433263872723	C15H16N2O2	[M + H]+	RSECXOGKRPREIU	InChI=1S/C15H16N2O2/c1-4-10-15-13(12(19-3)8-16-10)9-6-5-7-11(18-2)14(9)17-15/h5-8,17H,4H2,1-3H3	1-ethyl-4,8-dimethoxy-9H-pyrido[3,4-b]indole	CCC1=NC=C(C2=C1NC3=C2C=CC=C3OC)OC	3.0999999	5317243	COCONUT:(CNP0418768);Natural Products:(UNPD167604);PubChem:(5317243)	2129922
8	1	N/A	-230.33701292365882	C15H16N2O2	[M + H]+	MGTYYQHBYCCEQB	InChI=1S/C15H16N2O2/c1-11-6-3-4-9-14(11)17-15(18)16-12-7-5-8-13(10-12)19-2/h3-10H,1-2H3,(H2,16,17,18)	Oprea1_155461	CC1=CC=CC=C1NC(=O)NC2=CC(=CC=C2)OC	3.30871797	2787274	PubChem class - safety and toxic;PubChem:(2787274);PubMed	67108930
9	1	N/A	-243.4646803795181	C15H16N2O2	[M + H]+	XSNMUAUBDFNEIO	InChI=1S/C15H16N2O2/c1-9(8-18)14-15-13(12(19-2)7-16-14)10-5-3-4-6-11(10)17-15/h3-7,9,17-18H,8H2,1-2H3	null	CC(CO)C1=NC=C(C2=C1NC3=CC=CC=C32)OC	2.42270231	""	COCONUT:(CNP0133115);Natural Products:(UNPD201681)	2129920
10	1	N/A	-247.98110122662027	C15H16N2O2	[M + H]+	RLESCOYRLMWUTC	InChI=1S/C15H16N2O2/c1-11-4-3-5-14(12(11)2)19-10-15(18)17-13-6-8-16-9-7-13/h3-9H,10H2,1-2H3,(H,16,17,18)	2-(2,3-dimethylphenoxy)-N-(4-pyridyl)acetamide	CC1=C(C(=CC=C1)OCC(=O)NC2=CC=NC=C2)C	2.5	893207	PubChem:(893207);PubMed;CHEBI:(108342)	98
11	1	N/A	-248.0185280114994	C15H16N2O2	[M + H]+	VUATUXZRGNXRDW	InChI=1S/C15H16N2O2/c1-14(2,8-16)11-5-10(13(18)19)6-12(7-11)15(3,4)9-17/h5-7H,1-4H3,(H,18,19)	null	CC(C)(C#N)C1=CC(=CC(=C1)C(=O)O)C(C)(C)C#N	2.5999999	57540772	PubChem:(57540772);CHEBI:(143334)	34
12	1	N/A	-249.18808547378666	C15H16N2O2	[M + H]+	QEJNFWVQDMOATI	InChI=1S/C15H16N2O2/c1-19-15(18)13-9-11(4-7-14(13)17)8-10-2-5-12(16)6-3-10/h2-7,9H,8,16-17H2,1H3	methyl 2-amino-5-(4-aminobenzyl)benzoate	COC(=O)C1=C(C=CC(=C1)CC2=CC=C(C=C2)N)N	2.59412336	104025	NORMAN:(NS00022282);PubChem class - safety and toxic;PubChem:(104025)	67371010
13	1	N/A	-253.69438028351613	C15H16N2O2	[M + H]+	SPYBYBYFMPTBMD	InChI=1S/C15H16N2O2/c18-9-3-6-13(19)15-14-11(7-8-16-15)10-4-1-2-5-12(10)17-14/h1-2,4-5,7-8,13,17-19H,3,6,9H2	null	C1=CC=C2C(=C1)C3=C(N2)C(=NC=C3)C(CCCO)O	1.5	15394712	COCONUT:(CNP0003020);HMDB:(35193);PubChem:(15394712);PubChem class - bio and metabolites	18874378
14	1	N/A	-254.73813275621876	C15H16N2O2	[M + H]+	GKAUVDQVDVCZJP	InChI=1S/C15H16N2O2/c1-18-14-9-5-3-7-12(14)16-11-17-13-8-4-6-10-15(13)19-2/h3-11H,1-2H3,(H,16,17)	N,N''-Bis(2-methoxyphenyl)methanimidamide	COC1=CC=CC=C1NC=NC2=CC=CC=C2OC	2.9000001	3051864;4180410	PubChem class - safety and toxic;PubChem:(3051864 4180410);PubMed	67108930
15	1	N/A	-255.87728648515323	C15H16N2O2	[M + H]+	KKHSCHDAKCEFCP	InChI=1S/C15H16N2O2/c1-13(18)16(14-7-3-2-4-8-14)12-10-15-9-5-6-11-17(15)19/h2-9,11H,10,12H2,1H3	N-[2-(1-oxidopyridin-1-ium-2-yl)ethyl]-N-phenylacetamide	CC(=O)N(CCC1=CC=CC=[N+]1[O-])C2=CC=CC=C2	1.20000005	928375	COCONUT:(CNP0342543);PubChem:(928375);SuperNatural:(SN00047293);ZINC bio:(ZINC00518529)	3153922
16	1	N/A	-256.61471219814905	C15H16N2O2	[M + H]+	JWVVLINNEKRQNI	InChI=1S/C15H16N2O2/c1-18-14-7-3-5-12(9-14)16-11-17-13-6-4-8-15(10-13)19-2/h3-11H,1-2H3,(H,16,17)	N,N-bis-(3-Methoxyphenyl)formamidine	COC1=CC=CC(=C1)NC=NC2=CC(=CC=C2)OC	2.9000001	18544	PubChem class - safety and toxic;PubChem:(18544);PubMed	67108930
17	1	N/A	-265.2673629583786	C15H16N2O2	[M + H]+	MCKGGSQKOSKNHA	InChI=1S/C15H16N2O2/c1-3-12-4-8-14(9-5-12)17(18)16-13-6-10-15(19-2)11-7-13/h4-11H,3H2,1-2H3	Ambcb5550371	CCC1=CC=C(C=C1)[N+](=NC2=CC=C(C=C2)OC)[O-]	3.9000001	82770	PubChem:(82770);NORMAN:(NS00054636)	262146
18	1	N/A	-266.07272297329195	C15H16N2O2	[M + H]+	YQNSBWJQNNQCMO	InChI=1S/C15H16N2O2/c1-18-14-9-8-12(10-15(14)19-2)11-16-17-13-6-4-3-5-7-13/h3-11,17H,1-2H3	3,4-Dimethoxybenzaldehyde phenylhydrazone	COC1=C(C=C(C=C1)C=NNC2=CC=CC=C2)OC	3.5	249853;5377432;9601291	PubChem class - safety and toxic;PubChem:(249853 5377432 9601291);PubMed	67108930
19	1	N/A	-267.6692358767005	C15H16N2O2	[M + H]+	AQOXEBBSSHLDOT	InChI=1S/C15H16N2O2/c1-2-3-9-19-11-6-7-13-12(10-11)15(18)17-8-4-5-14(17)16-13/h2-3,6-7,10H,4-5,8-9H2,1H3	7-[(E)-but-2-enoxy]-2,3-dihydro-1H-pyrrolo[2,1-b]quinazolin-9-one	CC=CCOC1=CC2=C(C=C1)N=C3CCCN3C2=O	1.79999995	17572116;71964895	COCONUT:(CNP0338361);PubChem:(17572116 71964895);SuperNatural:(SN00090853);ZINC bio:(ZINC12901640)	3153922
20	1	N/A	-269.7298673358253	C15H16N2O2	[M + H]+	XMZDOYVKQBUTHQ	InChI=1S/C15H16N2O2/c1-9-6-10(2)8-11(7-9)17-14-12(15(18)19)4-3-5-13(14)16/h3-8,17H,16H2,1-2H3,(H,18,19)	3-amino-2-(3,5-dimethylanilino)benzoic acid	CC1=CC(=CC(=C1)NC2=C(C=CC=C2N)C(=O)O)C	3.5999999	16740477	PubChem:(16740477);PubChem class - safety and toxic	67108866
21	1	N/A	-272.4198141379111	C15H16N2O2	[M + H]+	DYBUAUUVOLDMCO	InChI=1S/C15H16N2O2/c1-15(2,3)11-4-6-12(7-5-11)19-14(18)13-10-16-8-9-17-13/h4-10H,1-3H3	4-tert-Butylphenyl pyrazinoate	CC(C)(C)C1=CC=C(C=C1)OC(=O)C2=NC=CN=C2	3.04140759	122714	PubChem class - safety and toxic;PubChem:(122714);PubMed	67108930
22	1	N/A	-274.8590345919109	C15H16N2O2	[M + H]+	MEJZUDISYWISBC	InChI=1S/C15H16N2O2/c1-19-14-9-5-8-13(10-14)17-15(18)16-11-12-6-3-2-4-7-12/h2-10H,11H2,1H3,(H2,16,17,18)	Oprea1_450410	COC1=CC=CC(=C1)NC(=O)NCC2=CC=CC=C2	2.69540429	2822865	PubChem class - safety and toxic;PubChem:(2822865);PubMed	67108930
23	1	N/A	-279.9549314426681	C15H16N2O2	[M + H]+	YCGFIOZHNUQYSK	InChI=1S/C15H16N2O2/c1-8(2)12-13-11(15(19)16-12)14(18)9-6-4-5-7-10(9)17(13)3/h4-8,12H,1-3H3,(H,16,19)	null	CC(C)C1C2=C(C(=O)C3=CC=CC=C3N2C)C(=O)N1	2.0999999	10956173;10220728;24949191	COCONUT:(CNP0169232);KNApSAcK:(15709);Natural Products:(UNPD133828);PubChem:(10956173 10220728 24949191);SuperNatural:(SN00364025);MeSH:(10220728);Training Set;PubMed	3194966
24	1	N/A	-281.6906929237691	C15H16N2O2	[M + H]+	PTRJRRLUUPHYFO	InChI=1S/C15H16N2O2/c1-19-14-6-4-12(5-7-14)8-10-17-15(18)13-3-2-9-16-11-13/h2-7,9,11H,8,10H2,1H3,(H,17,18)	Oprea1_091899	COC1=CC=C(C=C1)CCNC(=O)C2=CN=CC=C2	2.28965259	790423	COCONUT:(CNP0139944);Natural Products:(UNPD229310);PubChem:(790423);PubMed	2129986
25	1	N/A	-282.3960520785815	C15H16N2O2	[M + H]+	LCIIOYPBHIZBOD	InChI=1S/C15H16N2O2/c1-10(2)8-12-14(18)17-13(15(19)16-12)9-11-6-4-3-5-7-11/h3-10H,1-2H3,(H,16,19)(H,17,18)	Albonursin	CC(C)C=C1C(=O)NC(=CC2=CC=CC=C2)C(=O)N1	2.4000001	121071;667460;6109346;5390101;10332632;21941157	COCONUT:(CNP0316732);Natural Products:(UNPD49827 UNPD103188 UNPD190093 UNPD215900);PubChem:(121071 667460 6109346 5390101 10332632 21941157);CHEBI:(71609);ZINC bio:(ZINC12401188);MeSH:(6109346);KEGG:(C20520);PubChem class - safety and toxic;PubMed;Biocyc:(CPD-15208)	69249382
26	1	N/A	-282.99347518217746	C15H16N2O2	[M + H]+	PCVFYSYUVPQQFL	InChI=1S/C15H16N2O2/c1-17(12-8-4-3-5-9-12)15(18)16-13-10-6-7-11-14(13)19-2/h3-11H,1-2H3,(H,16,18)	3-(2-methoxyphenyl)-1-methyl-1-phenylurea	CN(C1=CC=CC=C1)C(=O)NC2=CC=CC=C2OC	2.5999999	181243	PubChem:(181243);PubChem class - safety and toxic	67108866
27	1	N/A	-285.02547359342236	C15H16N2O2	[M + H]+	PXQXFZBYTZILJD	InChI=1S/C15H16N2O2/c1-18-13-7-3-11(4-8-13)15(17-16)12-5-9-14(19-2)10-6-12/h3-10H,16H2,1-2H3	bis(4-methoxyphenyl)methanonehydrazone	COC1=CC=C(C=C1)C(=NN)C2=CC=C(C=C2)OC	3.0999999	259399	COCONUT:(CNP0042565);PubChem:(259399);SuperNatural:(SN00118293);PubMed;ZINC bio:(ZINC00339281)	3153986
28	1	N/A	-286.46670533011394	C15H16N2O2	[M + H]+	FTUQBXBQWXKLLJ	InChI=1S/C15H16N2O2/c1-19-14-9-7-13(8-10-14)17-15(18)16-11-12-5-3-2-4-6-12/h2-10H,11H2,1H3,(H2,16,17,18)	1-benzyl-3-(4-methoxyphenyl)urea	COC1=CC=C(C=C1)NC(=O)NCC2=CC=CC=C2	2.4000001	2822852	PubChem class - safety and toxic;PubChem:(2822852);PubMed	67108930
29	1	N/A	-288.03824070366926	C15H16N2O2	[M + H]+	MTUBOZOUYQCLOH	InChI=1S/C15H16N2O2/c18-14(11-7-3-1-4-8-11)15-16-12-9-5-2-6-10-13(12)17(15)19/h1,3-4,7-8,19H,2,5-6,9-10H2	Ambcb6436019	C1CCC2=C(CC1)N(C(=N2)C(=O)C3=CC=CC=C3)O	3.9000001	755651	PubChem:(755651);PubMed;CHEBI:(109467)	98
30	1	N/A	-289.6980959388179	C15H16N2O2	[M + H]+	LXWNZCRPDAGUHQ	InChI=1S/C15H16N2O2/c16-13(18)9-11-7-4-8-12(14(11)17)15(19)10-5-2-1-3-6-10/h1-8,15,19H,9,17H2,(H2,16,18)	null	C1=CC=C(C=C1)C(C2=CC=CC(=C2N)CC(=O)N)O	1.39999998	67143888;67143923	PubChem:(67143888 67143923);PubChem class - safety and toxic	67108866
31	1	N/A	-289.76322619580435	C15H16N2O2	[M + H]+	VQDKFHKDYVWQCC	InChI=1S/C15H16N2O2/c1-2-19-15(18)17(12-8-4-3-5-9-12)14-11-7-6-10-13(14)16/h3-11H,2,16H2,1H3	ethyl N-(2-aminophenyl)-N-phenyl-carbamate	CCOC(=O)N(C1=CC=CC=C1)C2=CC=CC=C2N	3.27481151	13519230	PubChem:(13519230);PubChem class - safety and toxic	67108866
32	1	N/A	-290.0925519079089	C15H16N2O2	[M + H]+	RWNBBTAAUXWIMN	InChI=1S/C15H16N2O2/c18-15(19)10-13-12-8-4-5-9-14(12)17(16-13)11-6-2-1-3-7-11/h1-3,6-7H,4-5,8-10H2,(H,18,19)	4,5,6,7-Tetrahydro-1-phenyl-1H-indazole-3-acetic acid	C1CCC2=C(C1)C(=NN2C3=CC=CC=C3)CC(=O)O	2.5999999	210672	PubChem:(210672);PubChem class - safety and toxic	67108866
33	1	N/A	-297.78998739109926	C15H16N2O2	[M + H]+	AJMWNIGDHAUOJD	InChI=1S/C15H16N2O2/c1-3-9-15(10-4-2)13(18)16-11-7-5-6-8-12(11)17-14(15)19/h3-8H,1-2,9-10H2,(H,16,18)(H,17,19)	5-24-08-00298 (Beilstein Handbook Reference)	C=CCC1(C(=O)NC2=CC=CC=C2NC1=O)CC=C	2.63527203	208292	PubChem:(208292);PubChem class - safety and toxic	67108866
34	1	N/A	-301.84063033620566	C15H16N2O2	[M + H]+	ODFMBKSFAAEDJV	InChI=1S/C15H16N2O2/c16-14-8-4-7-13(9-14)10-17-15(18)19-11-12-5-2-1-3-6-12/h1-9H,10-11,16H2,(H,17,18)	zlchem 1346	C1=CC=C(C=C1)COC(=O)NCC2=CC(=CC=C2)N	2.29999995	2757380	PubChem:(2757380);PubChem class - safety and toxic	67108866
35	1	N/A	-303.12403824167535	C15H16N2O2	[M + H]+	DHYYAXTWXTWSAC	InChI=1S/C15H16N2O2/c1-17(2)12-7-5-6-11(10-12)16-14-9-4-3-8-13(14)15(18)19/h3-10,16H,1-2H3,(H,18,19)	2-[3-(dimethylamino)anilino]benzoic acid	CN(C)C1=CC=CC(=C1)NC2=CC=CC=C2C(=O)O	2.81054354	199290	PubChem:(199290);PubChem class - safety and toxic	67108866
36	1	N/A	-307.2404835156248	C15H16N2O2	[M + H]+	DQGQVPYGDSIYEP	InChI=1S/C15H16N2O2/c1-10(2)9-19-11-5-6-13-12(8-11)15(18)17-7-3-4-14(17)16-13/h5-6,8H,1,3-4,7,9H2,2H3	7-(2-methylprop-2-enoxy)-2,3-dihydro-1H-pyrrolo[2,1-b]quinazolin-9-one	CC(=C)COC1=CC2=C(C=C1)N=C3CCCN3C2=O	2.20000005	16409085	COCONUT:(CNP0300530);PubChem:(16409085);SuperNatural:(SN00078819);ZINC bio:(ZINC08764976)	3153922
37	1	N/A	-307.44416733584256	C15H16N2O2	[M + H]+	MEJUYEXIUGNQNF	InChI=1S/C15H16N2O2/c1-17(13-8-4-2-5-9-13)16-15(18)12-19-14-10-6-3-7-11-14/h2-11H,12H2,1H3,(H,16,18)	N''-methyl-2-phenoxy-N''-phenylacetohydrazide	CN(C1=CC=CC=C1)NC(=O)COC2=CC=CC=C2	3.29999995	678077	COCONUT:(CNP0059099);PubChem:(678077);SuperNatural:(SN00116878);PubMed;ZINC bio:(ZINC00041955)	3153986
38	1	N/A	-308.08621329928326	C15H16N2O2	[M + H]+	TUJVPUNUHQIBSM	InChI=1S/C15H16N2O2/c1-10-3-4-12(11(2)7-10)8-17-9-13(15(16)19)5-6-14(17)18/h3-7,9H,8H2,1-2H3,(H2,16,19)	1-(2,4-Dimethylbenzyl)-6-Oxo-1,6-Dihydropyridine-3-Carboxamide	CC1=CC(=C(C=C1)CN2C=C(C=CC2=O)C(=O)N)C	1.20000005	49835969	PubChem:(49835969);PubChem class - bio and metabolites	16777218
39	1	N/A	-309.2244212289514	C15H16N2O2	[M + H]+	VDLWWURNDWEWLO	InChI=1S/C15H16N2O2/c1-18-12-4-5-15-14(7-12)11(9-17-15)8-16-10-13-3-2-6-19-13/h2-7,9,16-17H,8,10H2,1H3	Furan-2-ylmethyl-(5-methoxy-1H-indol-3-ylmethyl)-amine	COC1=CC2=C(C=C1)NC=C2CNCC3=CC=CO3	2.0	25219439	COCONUT:(CNP0396618);PubChem:(25219439);ZINC bio:(ZINC30714468)	2105346
40	1	N/A	-314.0114481001931	C15H16N2O2	[M + H]+	LZYQNASXHHOPDG	InChI=1S/C15H16N2O2/c1-16-10-13(15(19)17-8-4-5-9-17)11-6-2-3-7-12(11)14(16)18/h2-3,6-7,10H,4-5,8-9H2,1H3	Oprea1_519625	CN1C=C(C2=CC=CC=C2C1=O)C(=O)N3CCCC3	1.20000005	3073395	PubChem:(3073395);PubChem class - safety and toxic	67108866
41	1	N/A	-316.49208258087975	C15H16N2O2	[M + H]+	IAKSPNXJJAJCPD	InChI=1S/C15H16N2O2/c1-15(2,18)7-14-17-9-13(19-14)11-8-16-12-6-4-3-5-10(11)12/h3-6,8-9,16,18H,7H2,1-2H3	1-[5-(1H-indol-3-yl)-1,3-oxazol-2-yl]-2-methylpropan-2-ol	CC(C)(CC1=NC=C(O1)C2=CNC3=CC=CC=C32)O	2.4000001	60149300	COCONUT:(CNP0130766);Natural Products:(UNPD222808);PubChem:(60149300)	2129922
42	1	N/A	-316.5478523938535	C15H16N2O2	[M + H]+	UFTCHYBODVRXGY	InChI=1S/C15H16N2O2/c1-19-14(16)12-9-5-6-10-13(12)17-15(18)11-7-3-2-4-8-11/h2-10,14H,16H2,1H3,(H,17,18)	N-[2-[amino(methoxy)methyl]phenyl]benzamide	COC(C1=CC=CC=C1NC(=O)C2=CC=CC=C2)N	2.20000005	21149541	PubChem:(21149541);NORMAN:(NS00062268)	262146
43	1	N/A	-319.97021529531474	C15H16N2O2	[M + H]+	JRKDJBHKCLNIEC	InChI=1S/C15H16N2O2/c1-10-5-4-6-11(2)15(10)16-14(18)8-7-13-9-12(3)19-17-13/h4-9H,1-3H3,(H,16,18)	N-(2,6-Dimethylphenyl)-3-(5-methyl-3-isoxazolyl)-2-propenamide	CC1=C(C(=CC=C1)C)NC(=O)C=CC2=NOC(=C2)C	2.79999995	6448711	PubChem:(6448711);PubChem class - safety and toxic	67108866
44	1	N/A	-320.9841179431688	C15H16N2O2	[M + H]+	CQQPOEPVLMKPHG	InChI=1S/C15H16N2O2/c1-2-19-15(18)13(10-16)11-17-9-5-7-12-6-3-4-8-14(12)17/h3-4,6,8,11H,2,5,7,9H2,1H3	1(2H)-Quinolineacrylic acid,4-dihydro-, ethyl ester	CCOC(=O)C(=CN1CCCC2=CC=CC=C21)C#N	2.70000005	1550210;98147;2836084	PubChem class - safety and toxic;PubChem:(1550210 98147 2836084);PubMed	67108930
45	1	N/A	-321.05679075728	C15H16N2O2	[M + H]+	ZUWXMDDZLGXBOF	InChI=1S/C15H16N2O2/c18-16-14(12-7-3-1-4-8-12)11-15(17-19)13-9-5-2-6-10-13/h1-10,14,16,18-19H,11H2	3-(hydroxyimino)-1,3-diphenylpropylhydroxylamine	C1=CC=C(C=C1)C(CC(=NO)C2=CC=CC=C2)NO	2.4000001	2750019;5705035;7158941;7158943;6392073	COCONUT:(CNP0063331);PubChem:(2750019 5705035 7158941 7158943 6392073);SuperNatural:(SN00129457 SN00129458);ZINC bio:(ZINC04266146 ZINC04266149)	3153922
46	1	N/A	-323.6654903554348	C15H16N2O2	[M + H]+	CCLWZYQBFWCPOO	InChI=1S/C15H16N2O2/c1-2-13(19-12-8-4-3-5-9-12)15(18)17-14-10-6-7-11-16-14/h3-11,13H,2H2,1H3,(H,16,17,18)	2-phenoxy-N-(2-pyridyl)butanamide	CCC(C(=O)NC1=CC=CC=N1)OC2=CC=CC=C2	3.0	1086826;1086827;644606;4753146	PubChem:(1086826 1086827 644606 4753146);PubMed;CHEBI:(116553)	98
47	1	N/A	-324.87846985367815	C15H16N2O2	[M + H]+	KMQNGXDZQAILQD	InChI=1S/C15H16N2O2/c18-14-9-11(8-10-4-1-2-5-12(10)14)17-15(19)13-6-3-7-16-13/h1-2,4-5,8-9,13,16,18H,3,6-7H2,(H,17,19)	n-(4-hydroxynaphthalen-2-yl)prolinamide	C1CC(NC1)C(=O)NC2=CC3=CC=CC=C3C(=C2)O	2.0999999	102980;92290124;92290125	NORMAN:(NS00049533);PubChem:(102980 92290124 92290125);KEGG Mine	8590196738
48	1	N/A	-332.23351530423537	C15H16N2O2	[M + H]+	YVLNNMCEEYRMAL	InChI=1S/C15H16N2O2/c1-10-4-6-13(7-5-10)14-8-9-15(19)17(16-14)11(2)12(3)18/h4-9,11H,1-3H3	null	CC1=CC=C(C=C1)C2=NN(C(=O)C=C2)C(C)C(=O)C	2.0	92222932;92222933;90481556	PubChem:(92222932 92222933 90481556);PubChem class - safety and toxic	67108866
49	1	N/A	-332.35858771601806	C15H16N2O2	[M + H]+	VNZRSIDFGDZTFD	InChI=1S/C15H16N2O2/c1-2-18-13-8-7-11-5-3-4-6-12(11)14(13)17-15-16-9-10-19-15/h3-8H,2,9-10H2,1H3,(H,16,17)	2-(2-Ethoxy-1-naphthylamino)-2-oxazoline	CCOC1=C(C2=CC=CC=C2C=C1)NC3=NCCO3	2.79999995	379569	PubChem:(379569);PubChem class - safety and toxic	67108866
50	1	N/A	-334.01334888884435	C15H16N2O2	[M + H]+	SFCUSJOYYNAHAS	InChI=1S/C15H16N2O2/c1-3-17-10-13(11(2)16-17)6-9-15(19)12-4-7-14(18)8-5-12/h4-10,18H,3H2,1-2H3	3-(1-ethyl-3-methylpyrazol-4-yl)-1-(4-hydroxyphenyl)prop-2-en-1-one	CCN1C=C(C(=N1)C)C=CC(=O)C2=CC=C(C=C2)O	2.29999995	2933006;5736984	COCONUT:(CNP0127129);Training Set;PubChem:(2933006 5736984);PubMed	2113602
51	1	N/A	-343.2313470033327	C15H16N2O2	[M + H]+	WJTUBERIOMZTSV	InChI=1S/C15H16N2O2/c1-3-10-8-15(2)14(19)16-12-7-5-4-6-11(12)13(18)17(15)9-10/h3-7H,8-9H2,1-2H3,(H,16,19)	null	CC=C1CC2(C(=O)NC3=CC=CC=C3C(=O)N2C1)C	1.89263499	""	COCONUT:(CNP0086919)	2097152
52	1	N/A	-354.78757938425656	C15H16N2O2	[M + H]+	HHRAPFSCLJQTTE	InChI=1S/C15H16N2O2/c18-13-4-1-3-12(11-13)14-5-2-6-15(16-14)17-7-9-19-10-8-17/h1-6,11,18H,7-10H2	3-(6-morpholin-4-ylpyridin-2-yl)phenol	C1COCCN1C2=CC=CC(=N2)C3=CC(=CC=C3)O	2.20000005	16049523	PubChem:(16049523);PubChem class - bio and metabolites	16777218
53	1	N/A	-355.8157170933154	C15H16N2O2	[M + H]+	WPIAHWDIBXWUFQ	InChI=1S/C15H16N2O2/c1-18-12-8-9-14(19-2)13(10-12)17-15(16)11-6-4-3-5-7-11/h3-10H,1-2H3,(H2,16,17)	N-(2,5-Dimethoxyphenyl)benzamidine	COC1=CC(=C(C=C1)OC)N=C(C2=CC=CC=C2)N	2.5999999	211749	PubChem:(211749);PubChem class - safety and toxic	67108866
54	1	N/A	-358.9254206408859	C15H16N2O2	[M + H]+	YTRUZYBMZGIRFA	InChI=1S/C15H16N2O2/c1-17(2)13-7-4-11(5-8-13)16-12-6-9-14(18)15(10-12)19-3/h4-10H,1-3H3	2, 4-(p-dimethylaminophenyl)imino-2-methoxy-	CN(C)C1=CC=C(C=C1)N=C2C=CC(=O)C(=C2)OC	2.42414021	95046	PubChem class - safety and toxic;PubChem:(95046);PubMed	67108930
55	1	N/A	-360.33616378792414	C15H16N2O2	[M + H]+	QZCLCVHNXBRKIE	InChI=1S/C15H16N2O2/c1-10(17-14(18)6-7-15(17)19)8-11-9-16-13-5-3-2-4-12(11)13/h2-5,9-10,16H,6-8H2,1H3	Oprea1_164545	CC(CC1=CNC2=CC=CC=C21)N3C(=O)CCC3=O	2.04752326	582690;747443;747445	COCONUT:(CNP0381956);PubChem:(582690 747443 747445);PubMed;ZINC bio:(ZINC00192330 ZINC00192334)	2105410
56	1	N/A	-371.68314303828595	C15H16N2O2	[M + H]+	QIABJYAEDCYFEV	InChI=1S/C15H16N2O2/c1-10(18)9-13-14-7-4-8-17(14)15(19)11-5-2-3-6-12(11)16-13/h2-3,5-6,9,14,16H,4,7-8H2,1H3	(6Z)-6-(2-oxopropylidene)-6a,7,8,9-tetrahydro-5H-pyrrolo[2,1-c][1,4]benzodiazepin-11-one	CC(=O)C=C1C2CCCN2C(=O)C3=CC=CC=C3N1	1.29999995	21577072;42631885;135019113	COCONUT:(CNP0286366);Natural Products:(UNPD155594);PubChem:(21577072 42631885 135019113);SuperNatural:(SN00242446);MeSH:(21577072);PubMed	3178566
57	1	N/A	-374.85326219020806	C15H16N2O2	[M + H]+	RPDYJTXWIGUABB	InChI=1S/C15H16N2O2/c18-13-8-14(16-9-13)15(19)17-12-6-5-10-3-1-2-4-11(10)7-12/h1-7,13-14,16,18H,8-9H2,(H,17,19)	HydroxyPro-betaNA	C1C(CNC1C(=O)NC2=CC3=CC=CC=C3C=C2)O	1.5	4433366;7408247;7408246;18603772;40623406;41097875;41097877;70471278;133587473	PubChem:(4433366 7408247 7408246 18603772 40623406 41097875 41097877 70471278 133587473);CHEBI:(90449);ZINC bio:(ZINC04899558 ZINC06536886);KEGG Mine	8589942818
58	1	N/A	-380.92656603292403	C15H16N2O2	[M + H]+	SNYXWODAEROITA	InChI=1S/C15H16N2O2/c1-16-13(10-11-6-3-2-4-7-11)15(19)17-9-5-8-12(17)14(16)18/h2-4,6-7,10,12H,5,8-9H2,1H3	null	CN1C(=CC2=CC=CC=C2)C(=O)N3CCCC3C1=O	1.70000005	10956174;101115021	COCONUT:(CNP0135164);Natural Products:(UNPD197571);PubChem:(10956174 101115021)	2129922
59	1	N/A	-381.08800639429796	C15H16N2O2	[M + H]+	FTVWOQKTVKETOR	InChI=1S/C15H16N2O2/c16-9-6-13-7-10-17(11-8-13)15(18)19-12-14-4-2-1-3-5-14/h1-6H,7-8,10-12H2	benzylcyanomethylidenepiperidinecarboxylate	C1CN(CCC1=CC#N)C(=O)OCC2=CC=CC=C2	1.79999995	66545215	PubChem:(66545215);PubChem class - safety and toxic	67108866
60	1	N/A	-383.5162327949354	C15H16N2O2	[M + H]+	XWKFIQIWQPVWFQ	InChI=1S/C15H16N2O2/c1-10-7-14(9-16)19-15(8-10)12-3-5-13(6-4-12)17-11(2)18/h3-7,10,15H,8H2,1-2H3,(H,17,18)	N-[4-(6-cyano-4-methyl-3,4-dihydro-2H-pyran-2-yl)phenyl]acetamide	CC1CC(OC(=C1)C#N)C2=CC=C(C=C2)NC(=O)C	2.0999999	2751226;7159828;7159829;7159830;7159832	COCONUT:(CNP0070100);PubChem:(2751226 7159828 7159829 7159830 7159832);ZINC bio:(ZINC04267464 ZINC04267465 ZINC04267466 ZINC04267468)	2105346
61	1	N/A	-388.2710406842227	C15H16N2O2	[M + H]+	VJJHOPPXRPHVCA	InChI=1S/C15H16N2O2/c18-15(19)14-4-3-12-7-11(1-2-13(12)8-14)9-17-6-5-16-10-17/h3-6,8,10-11H,1-2,7,9H2,(H,18,19)	Nafagrel	C1CC2=C(CC1CN3C=CN=C3)C=CC(=C2)C(=O)O	2.0999999	65851;76957444;76957445	MeSH:(65851);PubChem:(65851 76957444 76957445);PubMed	70
62	1	N/A	-402.40894939604016	C15H16N2O2	[M + H]+	UYBLMXKGTIBOLD	InChI=1S/C15H16N2O2/c1-15(2)10-7-12(9(8-18)13(10)15)17-14(19)11-5-3-4-6-16-11/h3-6,8,10,13H,7H2,1-2H3,(H,17,19)	N-(4-formyl-6,6-dimethyl-3-bicyclo[3.1.0]hex-3-enyl)pyridine-2-carboxamide	CC1(C2C1C(=C(C2)NC(=O)C3=CC=CC=N3)C=O)C	1.89999998	905062;3849658	COCONUT:(CNP0369714);PubChem:(905062 3849658);SuperNatural:(SN00045763);ZINC bio:(ZINC00486198)	3153922
63	1	N/A	-411.7239144610923	C15H16N2O2	[M + H]+	UIQFDFVOIWLSJQ	InChI=1S/C15H16N2O2/c18-15-12(14-2-1-5-19-14)3-4-13-11-6-10(7-16-8-11)9-17(13)15/h1-5,10-11,16H,6-9H2	null	C1C2CNCC1C3=CC=C(C(=O)N3C2)C4=CC=CO4	0.899999976	11885201;11885202;69623270	COCONUT:(CNP0024671);PubChem:(11885201 11885202 69623270);SuperNatural:(SN00009275);ZINC bio:(ZINC04237187)	3153922
64	1	N/A	-412.1210763574563	C15H16N2O2	[M + H]+	RRWLWEGYQWNBBU	InChI=1S/C15H16N2O2/c18-15(10-5-6-10)17-8-7-11(9-17)14-16-12-3-1-2-4-13(12)19-14/h1-4,10-11H,5-9H2	null	C1CC1C(=O)N2CCC(C2)C3=NC4=CC=CC=C4O3	1.89999998	75367121	PubChem:(75367121);COCONUT:(CNP0122125)	2097154
65	1	N/A	-416.247367877668	C15H16N2O2	[M + H]+	OUEUSZMEQGJCIO	InChI=1S/C15H16N2O2/c1-3-10-16-13(12-8-6-5-7-9-12)14(18)17(11-4-2)15(16)19/h3-9,13H,1-2,10-11H2	1,3-Diallyl-5-phenylhydantoin	C=CCN1C(C(=O)N(C1=O)CC=C)C2=CC=CC=C2	2.29999995	56459	PubChem:(56459);PubChem class - safety and toxic	67108866
66	1	N/A	-428.60742335174854	C15H16N2O2	[M + H]+	ZPWUDIFHKJGJFY	InChI=1S/C15H16N2O2/c1-4-15(3,5-2)17-14-16-13(18)12(19-14)11-9-7-6-8-10-11/h1,6-10,12H,5H2,2-3H3,(H,16,17,18)	2-(3-methylpent-1-yn-3-ylamino)-5-phenyl-1,3-oxazol-4-one	CCC(C)(C#C)N=C1NC(=O)C(O1)C2=CC=CC=C2	2.53801537	135400196	PubChem:(135400196);PubChem class - safety and toxic	67108866
67	1	N/A	-444.8136123564813	C15H16N2O2	[M + H]+	PKDBWPWERJPOCF	InChI=1S/C15H16N2O2/c1-9-6-10(2)13-12(7-9)14(18)17(15(13)19)11-4-3-5-16-8-11/h3-6,8,10,12-13H,7H2,1-2H3	Oprea1_412385	CC1C=C(CC2C1C(=O)N(C2=O)C3=CN=CC=C3)C	1.10000002	764170;927731;2858106;6939711;16395230;98120120;98452060	COCONUT:(CNP0361099);PubChem:(764170 927731 2858106 6939711 16395230 98120120 98452060);SuperNatural:(SN00066003 SN00066001);ZINC bio:(ZINC04008135 ZINC04008136)	3153922
68	1	N/A	-449.45913214523296	C15H16N2O2	[M + H]+	YFUFISRAPYHEPS	InChI=1S/C15H16N2O2/c1-2-19-14-10-17(15(18)16-14)13-9-5-7-11-6-3-4-8-12(11)13/h3-9,14H,2,10H2,1H3,(H,16,18)	4-Ethoxy-3-(1-naphthyl)-2-imidazolidone	CCOC1CN(C(=O)N1)C2=CC=CC3=CC=CC=C32	2.5	58528	PubChem:(58528);PubChem class - safety and toxic	67108866
69	1	N/A	-452.1818205217796	C15H16N2O2	[M + H]+	NMAHWWYZVAQAMR	InChI=1S/C15H16N2O2/c18-15(17-10-2-1-3-11-17)19-13-8-4-6-12-7-5-9-16-14(12)13/h4-9H,1-3,10-11H2	Oprea1_309963	C1CCN(CC1)C(=O)OC2=CC=CC3=C2N=CC=C3	3.11779928	713309	PubChem:(713309);PubChem class - bio and metabolites	16777218
70	1	N/A	-459.2226949217035	C15H16N2O2	[M + H]+	HUTDUHSNJYTCAR	InChI=1S/C15H16N2O2/c1-19-14-6-4-12(5-7-14)15(18,11-2-3-11)13-8-16-10-17-9-13/h4-11,18H,2-3H2,1H3	Anycmidol	COC1=CC=C(C=C1)C(C2CC2)(C3=CN=CN=C3)O	1.60000002	25572;688385;688386	ZINC bio:(ZINC00057201 ZINC00057202);additional;MeSH:(25572);Plantcyc:(CPD-4022);PubMed;NORMAN:(NS00010292);PubChem:(25572 688385 688386);CHEBI:(73171);PubChem class - bio and metabolites;KEGG:(C18774);PubChem class - safety and toxic;Training Set;Biocyc:(CPD-4022)	84830566
71	1	N/A	-481.82048609375823	C15H16N2O2	[M + H]+	GGCODIIGVWHIHH	InChI=1S/C15H16N2O2/c18-15(14-7-4-10-19-14)17-9-2-1-6-13(17)12-5-3-8-16-11-12/h3-5,7-8,10-11,13H,1-2,6,9H2	furan-2-yl-(2-pyridin-3-ylpiperidin-1-yl)methanone	C1CCN(C(C1)C2=CN=CC=C2)C(=O)C3=CC=CO3	2.0999999	929162;929163;3748757	COCONUT:(CNP0404562);PubChem:(929162 929163 3748757);SuperNatural:(SN00047624 SN00047623);ZINC bio:(ZINC00519670 ZINC00519671)	3153922
72	1	N/A	-491.51594685474026	C15H16N2O2	[M + H]+	NBWFWKYPMRJAEB	InChI=1S/C15H16N2O2/c1-4-11-17-14(19)16(3)13(18)15(17,5-2)12-9-7-6-8-10-12/h1,6-10H,5,11H2,2-3H3	5-Ethyl-3-methyl-5-phenyl-1-(2-propynyl)hydantoin	CCC1(C(=O)N(C(=O)N1CC#C)C)C2=CC=CC=C2	1.79999995	200787	PubChem:(200787);PubChem class - safety and toxic	67108866
73	1	N/A	-494.41527754489863	C15H16N2O2	[M + H]+	SYRXCXSDXGBKQR	InChI=1S/C15H16N2O2/c1-3-8-15-9-10(2)19-14(15)17-12-7-5-4-6-11(12)16-13(15)18/h3-7,10H,1,8-9H2,2H3,(H,16,18)	2-methyl-3a-prop-2-enyl-3,5-dihydro-2H-furo[3,2-c][1,5]benzodiazepin-4-one	CC1CC2(C(=O)NC3=CC=CC=C3N=C2O1)CC=C	2.4000001	354288;92150606;92150607;92150608;92150609	PubChem:(354288 92150606 92150607 92150608 92150609);PubChem class - safety and toxic	67108866
74	1	N/A	-501.04171802071136	C15H16N2O2	[M + H]+	SDLYSVPSFVIEAJ	InChI=1S/C15H16N2O2/c1-8-12-10(7-9-13(12)15(9,2)3)17(16-8)14(18)11-5-4-6-19-11/h4-6,9,13H,7H2,1-3H3	null	CC1=NN(C2=C1C3C(C2)C3(C)C)C(=O)C4=CC=CO4	2.9000001	904886;3499625	COCONUT:(CNP0368985);PubChem:(904886 3499625);SuperNatural:(SN00045699);ZINC bio:(ZINC00485940)	3153922
75	1	N/A	-524.6147425138033	C15H16N2O2	[M + H]+	BNSQUNLBJBNLGW	InChI=1S/C15H16N2O2/c1-3-8-15(9-10(2)19-14(15)18)13-16-11-6-4-5-7-12(11)17-13/h3-7,10H,1,8-9H2,2H3,(H,16,17)	3-(1H-benzimidazol-2-yl)-5-methyl-3-prop-2-enyloxolan-2-one	CC1CC(C(=O)O1)(CC=C)C2=NC3=CC=CC=C3N2	2.79999995	36021	PubChem:(36021);PubChem class - safety and toxic	67108866
1	1	0.20770212052241405	-161.60686133137315	C15H18N2O3	[M - H2O + H]+	GEKSEHFBMPYXLS	InChI=1S/C15H18N2O3/c1-3-9(2)13(15(19)20)17-14(18)11-4-5-12-10(8-11)6-7-16-12/h4-9,13,16H,3H2,1-2H3,(H,17,18)(H,19,20)	2-(1H-indole-5-carbonylamino)-3-methylpentanoic acid	CCC(C)C(C(=O)O)NC(=O)C1=CC2=C(C=C1)NC=C2	2.5999999	4868642;7096548;7096549;7096550;7096551;7096552;7096553;7096555;7096556;63749127	COCONUT:(CNP0398678);PubChem:(4868642 7096548 7096549 7096550 7096551 7096552 7096553 7096555 7096556 63749127);ZINC bio:(ZINC04088973 ZINC04088974 ZINC04088976 ZINC04088980)	2105346
2	1	N/A	-171.0022712448834	C15H18N2O3	[M - H2O + H]+	AMDIGSLXKNGOAS	InChI=1S/C15H18N2O3/c1-3-9(2)13(15(19)20)17-14(18)12-8-10-6-4-5-7-11(10)16-12/h4-9,13,16H,3H2,1-2H3,(H,17,18)(H,19,20)	(2S,3S)-2-(1H-indole-2-carbonylamino)-3-methylpentanoic acid	CCC(C)C(C(=O)O)NC(=O)C1=CC2=CC=CC=C2N1	3.0	16409053;24279978;28398285;28398287;43187101;61173423	COCONUT:(CNP0393489);PubChem:(16409053 24279978 28398285 28398287 43187101 61173423);ZINC bio:(ZINC08764947)	2105346
3	1	N/A	-173.35917662851733	C15H18N2O3	[M - H2O + H]+	GETUXIPWHYHOME	InChI=1S/C15H18N2O3/c1-9(2)14(18)17-13(15(19)20)7-10-8-16-12-6-4-3-5-11(10)12/h3-6,8-9,13,16H,7H2,1-2H3,(H,17,18)(H,19,20)	3-(1H-indol-3-yl)-2-(isobutyrylamino)propanoic acid	CC(C)C(=O)NC(CC1=CNC2=CC=CC=C21)C(=O)O	2.07229924	582733;908833;908834	COCONUT:(CNP0379849);PubChem:(582733 908833 908834);ZINC bio:(ZINC00491080 ZINC00491081)	2105346
4	1	N/A	-182.23725474224466	C15H18N2O3	[M - H2O + H]+	GFQBYYGAPDAZKA	InChI=1S/C15H18N2O3/c1-9(2)7-13(15(19)20)17-14(18)12-8-10-5-3-4-6-11(10)16-12/h3-6,8-9,13,16H,7H2,1-2H3,(H,17,18)(H,19,20)	(2S)-2-(1H-indole-2-carbonylamino)-4-methylpentanoic acid	CC(C)CC(C(=O)O)NC(=O)C1=CC2=CC=CC=C2N1	2.36334634	16409323;28398255;43187096	COCONUT:(CNP0393704);PubChem:(16409323 28398255 43187096);ZINC bio:(ZINC08765243)	2105346
5	1	N/A	-185.5719113019829	C15H18N2O3	[M - H2O + H]+	KFEFNHNXZQYTEW	InChI=1S/C15H18N2O3/c1-8(2)15(4)14(20)16-12(17-15)11-7-9(3)5-6-10(11)13(18)19/h5-8H,1-4H3,(H,18,19)(H,16,17,20)	Imazamethabenz	CC1=CC(=C(C=C1)C(=O)O)C2=NC(C(=O)N2)(C)C(C)C	2.29999995	3034382;19044099;70494658;76955837	NORMAN:(NS00014220);COCONUT:(CNP0003044);HMDB:(34885);PubChem:(3034382 19044099 70494658 76955837);CHEBI:(138129 138125);PubChem class - bio and metabolites;PubChem class - safety and toxic;KEGG Mine	8676180010
6	1	N/A	-185.6585521973942	C15H18N2O3	[M - H2O + H]+	HJZVYBCKGQLUIT	InChI=1S/C15H18N2O3/c1-10(2)14(15(19)20)16-13(18)9-17-8-7-11-5-3-4-6-12(11)17/h3-8,10,14H,9H2,1-2H3,(H,16,18)(H,19,20)	null	CC(C)C(C(=O)O)NC(=O)CN1C=CC2=CC=CC=C21	2.4000001	45490703;56921256;95396936	COCONUT:(CNP0254732 CNP0396930);PubChem:(45490703 56921256 95396936);SuperNatural:(SN00101130);ZINC bio:(ZINC36370086)	3153922
7	1	N/A	-187.95170148254164	C15H18N2O3	[M - H2O + H]+	LUZQQSLTOCTPIN	InChI=1S/C15H18N2O3/c1-8(2)15(4)14(20)16-12(17-15)10-6-5-9(3)7-11(10)13(18)19/h5-8H,1-4H3,(H,18,19)(H,16,17,20)	5-methyl-2-(4-methyl-5-oxo-4-propan-2-yl-1H-imidazol-2-yl)benzoate	CC1=CC(=C(C=C1)C2=NC(C(=O)N2)(C)C(C)C)C(=O)O	2.29999995	13884415;22706924;76959746;76959747	PubChem:(13884415 22706924 76959746 76959747);PubMed;CHEBI:(138119 138117 138118);KEGG Mine	8589934690
8	1	N/A	-188.5384204188888	C15H18N2O3	[M - H2O + H]+	AZEGJHGXTSUPPG	InChI=1S/C15H18N2O3/c1-9(2)14(15(19)20)17-13(18)7-10-8-16-12-6-4-3-5-11(10)12/h3-6,8-9,14,16H,7H2,1-2H3,(H,17,18)(H,19,20)	IAA-valine	CC(C)C(C(=O)O)NC(=O)CC1=CNC2=CC=CC=C21	1.92851174	688152;446641;5165230;6921630;6921631;131868815;138402676	COCONUT:(CNP0001390 CNP0373371);PubChem:(688152 446641 5165230 6921630 6921631 131868815 138402676);CHEBI:(133561);ZINC bio:(ZINC00056772 ZINC00056773);additional;PubChem class - bio and metabolites;Plantcyc:(CPD-9577);Training Set;PubMed;Biocyc:(CPD-9577)	19556450
9	1	N/A	-195.33147903718677	C15H18N2O3	[M - H2O + H]+	ZJYNFLCBIYXQEL	InChI=1S/C15H18N2O3/c1-5-6-16-15(18)12-7-10-8-13(19-3)14(20-4)9-11(10)17(12)2/h5,7-9H,1,6H2,2-4H3,(H,16,18)	null	CN1C2=CC(=C(C=C2C=C1C(=O)NCC=C)OC)OC	2.20000005	71826102	PubChem:(71826102);COCONUT:(CNP0179080)	2097154
10	1	N/A	-195.83453930311242	C15H18N2O3	[M - H2O + H]+	QFAZJCFBYQXBBI	InChI=1S/C15H18N2O3/c1-4-17(5-2)15(19)14-12(9-18)11-8-10(20-3)6-7-13(11)16-14/h6-9,16H,4-5H2,1-3H3	N,N-Diethyl-3-formyl-5-methoxyindole-2-carboxamide	CCN(CC)C(=O)C1=C(C2=C(N1)C=CC(=C2)OC)C=O	2.0	206880	PubChem:(206880);PubChem class - safety and toxic	67108866
11	1	N/A	-196.86237911038899	C15H18N2O3	[M - H2O + H]+	RTNTWFVYTULZPM	InChI=1S/C15H18N2O3/c1-9(2)13(15(19)20)16-14(18)11-4-5-12-10(8-11)6-7-17(12)3/h4-9,13H,1-3H3,(H,16,18)(H,19,20)	null	CC(C)C(C(=O)O)NC(=O)C1=CC2=C(C=C1)N(C=C2)C	2.20000005	91901535;118985936;124824711	PubChem:(91901535 118985936 124824711);COCONUT:(CNP0341190)	2097154
12	1	N/A	-198.55926447789378	C15H18N2O3	[M - H2O + H]+	DTTDWEHZOXBELV	InChI=1S/C15H18N2O3/c1-4-8-16-15(19)13-10-12(17-11(3)18)6-7-14(13)20-9-5-2/h4-7,10H,1-2,8-9H2,3H3,(H,16,19)(H,17,18)	5-Acetamido-N-allyl-2-allyloxybenzamide	CC(=O)NC1=CC(=C(C=C1)OCC=C)C(=O)NCC=C	1.60000002	23027	PubChem:(23027);PubChem class - safety and toxic	67108866
13	1	N/A	-205.00816198049202	C15H18N2O3	[M - H2O + H]+	WTNNBQZMKLUJTA	InChI=1S/C15H18N2O3/c1-10-7-12-8-11(3-4-13(12)17(10)2)9-16-14(18)5-6-15(19)20/h3-4,7-8H,5-6,9H2,1-2H3,(H,16,18)(H,19,20)	4-[(1,2-dimethylindol-5-yl)methylamino]-4-oxobutanoate	CC1=CC2=C(N1C)C=CC(=C2)CNC(=O)CCC(=O)O	0.899999976	4419780;7086472	PubChem:(4419780 7086472);PubMed;CHEBI:(120681)	98
14	1	N/A	-205.4052379352868	C15H18N2O3	[M - H2O + H]+	INDQPITXWQPCCU	InChI=1S/C15H18N2O3/c1-9(2)13(15(19)20)16-14(18)12-8-10-6-4-5-7-11(10)17(12)3/h4-9,13H,1-3H3,(H,16,18)(H,19,20)	null	CC(C)C(C(=O)O)NC(=O)C1=CC2=CC=CC=C2N1C	2.19505095	91637836;118985938;124682227	PubChem:(91637836 118985938 124682227);COCONUT:(CNP0262523)	2097154
15	1	N/A	-210.32071534616134	C15H18N2O3	[M - H2O + H]+	DKBSJJNIFRNNDR	InChI=1S/C15H18N2O3/c1-9(2)13(15(19)20)16-14(18)11-5-4-10-6-7-17(3)12(10)8-11/h4-9,13H,1-3H3,(H,16,18)(H,19,20)	null	CC(C)C(C(=O)O)NC(=O)C1=CC2=C(C=C1)C=CN2C	2.20000005	91637866;118985857;124289682	PubChem:(91637866 118985857 124289682);COCONUT:(CNP0372004)	2097154
16	1	N/A	-214.06065974542167	C15H18N2O3	[M - H2O + H]+	QZHORXWVEGSJQB	InChI=1S/C15H18N2O3/c1-9(2)13(15(19)20)16-14(18)11-5-4-6-12-10(11)7-8-17(12)3/h4-9,13H,1-3H3,(H,16,18)(H,19,20)	null	CC(C)C(C(=O)O)NC(=O)C1=C2C=CN(C2=CC=C1)C	2.20000005	91637334;110209681;124682043	PubChem:(91637334 110209681 124682043);COCONUT:(CNP0188221)	2097154
17	1	N/A	-216.43029675251137	C15H18N2O3	[M - H2O + H]+	KQGQONPKSKUHHT	InChI=1S/C15H18N2O3/c1-3-20-15(19)14(17-10(2)18)8-11-9-16-13-7-5-4-6-12(11)13/h4-7,9,14,16H,3,8H2,1-2H3,(H,17,18)	Ethyl N-Acetyl-L-tryptophan	CCOC(=O)C(CC1=CNC2=CC=CC=C21)NC(=O)C	1.94663799	304749;2724382;9925522;59814406;129689755	NORMAN:(NS00050133);PubChem:(304749 2724382 9925522 59814406 129689755);PubMed;ZINC bio:(ZINC01735316 ZINC04533775)	270402
18	1	N/A	-224.7821138192514	C15H18N2O3	[M - H2O + H]+	KFCBNRAPTYECSY	InChI=1S/C15H18N2O3/c18-14(16-9-3-6-15(19)20)8-11-17-10-7-12-4-1-2-5-13(12)17/h1-2,4-5,7,10H,3,6,8-9,11H2,(H,16,18)(H,19,20)	null	C1=CC=C2C(=C1)C=CN2CCC(=O)NCCCC(=O)O	1.0	49652384	COCONUT:(CNP0171835 CNP0397398);PubChem:(49652384);SuperNatural:(SN00102436);ZINC bio:(ZINC40310211)	3153922
19	1	N/A	-229.1242576621301	C15H18N2O3	[M - H2O + H]+	YPNJGKMLKXJUCY	InChI=1S/C15H18N2O3/c1-3-8-20-14-7-6-12(16-10(2)18)9-13(14)15(19)17-11-4-5-11/h3,6-7,9,11H,1,4-5,8H2,2H3,(H,16,18)(H,17,19)	5-Acetamido-2-allyloxy-N-cyclopropylbenzamide	CC(=O)NC1=CC(=C(C=C1)OCC=C)C(=O)NC2CC2	1.5	201666	PubChem:(201666);PubChem class - safety and toxic	67108866
20	1	N/A	-239.9983409494964	C15H18N2O3	[M - H2O + H]+	RIPDGZHPNKQLDC	InChI=1S/C15H18N2O3/c1-3-8-16-15(19)12-9-17(10-20-2)13-7-5-4-6-11(13)14(12)18/h4-7,9H,3,8,10H2,1-2H3,(H,16,19)	Terbequinil	CCCNC(=O)C1=CN(C2=CC=CC=C2C1=O)COC	2.5999999	65916	PubChem:(65916);PubChem class - safety and toxic	67108866
21	1	N/A	-256.00660036129045	C15H18N2O3	[M - H2O + H]+	ZDSXCFSUGVAQSB	InChI=1S/C15H18N2O3/c1-5-20-15(18)14-10(2)16-17(11(14)3)12-6-8-13(19-4)9-7-12/h6-9H,5H2,1-4H3	Pyrazole carboxylic ester 17	CCOC(=O)C1=C(N(N=C1C)C2=CC=C(C=C2)OC)C	2.9000001	656965	COCONUT:(CNP0020807);PubChem:(656965);PubMed;PubChem class - bio and metabolites	18874434
22	1	N/A	-260.71135516267907	C15H18N2O3	[M - H2O + H]+	GCDVEVQNLOXYAO	InChI=1S/C15H18N2O3/c1-9(2)7-8-16-14(19)12-13(18)10-5-3-4-6-11(10)17-15(12)20/h3-6,9H,7-8H2,1-2H3,(H,16,19)(H2,17,18,20)	Oprea1_285112	CC(C)CCNC(=O)C1=C(C2=CC=CC=C2NC1=O)O	3.0	54684045	PubChem:(54684045);PubChem class - safety and toxic	67108866
23	1	N/A	-265.86412960791404	C15H18N2O3	[M - H2O + H]+	YWPZSFXJTJCZBP	InChI=1S/C15H18N2O3/c1-9(2)13(8-18)17-15(20)12-7-16-14(19)11-6-4-3-5-10(11)12/h3-7,9,13,18H,8H2,1-2H3,(H,16,19)(H,17,20)	null	CC(C)C(CO)NC(=O)C1=CNC(=O)C2=CC=CC=C21	1.0	100003767;122169336;126417345	PubChem:(100003767 122169336 126417345);COCONUT:(CNP0406962)	2097154
24	1	N/A	-269.21545449019254	C15H18N2O3	[M - H2O + H]+	OYLDSWGHIJEPMD	InChI=1S/C15H18N2O3/c1-2-9-16-13(18)8-5-10-17-14(19)11-6-3-4-7-12(11)15(17)20/h3-4,6-7H,2,5,8-10H2,1H3,(H,16,18)	Phthalimide, N-(propylcarbamoylpropyl)-	CCCNC(=O)CCCN1C(=O)C2=CC=CC=C2C1=O	1.62864065	39427	PubChem:(39427);PubChem class - safety and toxic	67108866
25	1	N/A	-271.1699478524532	C15H18N2O3	[M - H2O + H]+	HXUDOEOOKOEWJJ	InChI=1S/C15H18N2O3/c1-10(18)16-13(15(19)20-3)8-11-9-17(2)14-7-5-4-6-12(11)14/h4-7,9,13H,8H2,1-3H3,(H,16,18)	Methyl alpha-acetamido-1-methyl-3-indolepropionate	CC(=O)NC(CC1=CN(C2=CC=CC=C21)C)C(=O)OC	1.5	52557;131858467	PubChem:(52557 131858467);PubChem class - safety and toxic	67108866
26	1	N/A	-273.2698271715686	C15H18N2O3	[M - H2O + H]+	OYEMOBWGSLQZBF	InChI=1S/C15H18N2O3/c1-20-10-9-17-12-6-3-2-5-11(12)14(18)16-8-4-7-13(16)15(17)19/h2-3,5-6,13H,4,7-10H2,1H3	5-(2-methoxyethyl)-6a,7,8,9-tetrahydropyrrolo[2,1-c][1,4]benzodiazepine-6,11-dione	COCCN1C2=CC=CC=C2C(=O)N3CCCC3C1=O	0.899999976	17035874;28629864;28629866	COCONUT:(CNP0407387);PubChem:(17035874 28629864 28629866);SuperNatural:(SN00094468 SN00094467);ZINC bio:(ZINC20102280 ZINC20102283)	3153922
27	1	N/A	-274.65828646963774	C15H18N2O3	[M - H2O + H]+	ZSPXVTAGSPTLSV	InChI=1S/C15H18N2O3/c18-14-9-11(15(19)20)10-17(14)13-5-3-12(4-6-13)16-7-1-2-8-16/h3-6,11H,1-2,7-10H2,(H,19,20)	5-oxo-1-(4-pyrrolidin-1-ylphenyl)pyrrolidine-3-carboxylic acid	C1CCN(C1)C2=CC=C(C=C2)N3CC(CC3=O)C(=O)O	1.10000002	45496786;51893811;51893813	PubChem:(45496786 51893811 51893813);PubChem class - safety and toxic	67108866
28	1	N/A	-275.033310609214	C15H18N2O3	[M - H2O + H]+	BDZOGBDRIFYQKE	InChI=1S/C15H18N2O3/c1-19-14-5-6-15(11(7-14)8-16)20-10-13-4-2-3-12(9-18)17-13/h2-7,18H,8-10,16H2,1H3	null	COC1=CC(=C(C=C1)OCC2=CC=CC(=N2)CO)CN	0.300000012	134812677	PubChem:(134812677);PubChem class - bio and metabolites	16777218
29	1	N/A	-276.65409943714604	C15H18N2O3	[M - H2O + H]+	YNHJXQUUFJJDOA	InChI=1S/C15H18N2O3/c1-9(2)16-15(19)12-13(11-7-5-4-6-8-11)17-20-14(12)10(3)18/h4-10,18H,1-3H3,(H,16,19)	null	CC(C)NC(=O)C1=C(ON=C1C2=CC=CC=C2)C(C)O	1.70000005	124878450	PubChem:(124878450);COCONUT:(CNP0017250)	2097154
30	1	N/A	-282.99836954053006	C15H18N2O3	[M - H2O + H]+	YOTCWOYQOGHXBT	InChI=1S/C15H18N2O3/c1-8-13(9(2)18)14(16)15(17-8)10-5-6-11(19-3)12(7-10)20-4/h5-7,17H,16H2,1-4H3	1-[4-amino-5-(3,4-dimethoxyphenyl)-2-methyl-1H-pyrrol-3-yl]ethanone	CC1=C(C(=C(N1)C2=CC(=C(C=C2)OC)OC)N)C(=O)C	2.29999995	56245	PubChem:(56245);PubChem class - safety and toxic	67108866
31	1	N/A	-288.351267607055	C15H18N2O3	[M - H2O + H]+	KIMKJIXTIWKABF	InChI=1S/C15H18N2O3/c1-10(5-6-14(18)19)17-13-9-12(20-2)8-11-4-3-7-16-15(11)13/h3-4,7-10,17H,5-6H2,1-2H3,(H,18,19)	Cmpamoq	CC(CCC(=O)O)NC1=C2C(=CC(=C1)OC)C=CC=N2	2.4000001	127542;49849549;71352799;71352800;139024893	NORMAN:(NS00014469);PubChem:(127542 49849549 71352799 71352800 139024893);additional;MeSH:(127542);Training Set;PubMed	802886
32	1	N/A	-294.3709975618182	C15H18N2O3	[M - H2O + H]+	HLCBPIJXWDBVHD	InChI=1S/C15H18N2O3/c1-4-15(5-2)12(18)16-14(20)17(13(15)19)11-8-6-10(3)7-9-11/h6-9H,4-5H2,1-3H3,(H,16,18,20)	5,5-Diethyl-1-(p-tolyl)barbituric acid	CCC1(C(=O)NC(=O)N(C1=O)C2=CC=C(C=C2)C)CC	2.61108303	50677	PubChem:(50677);PubChem class - safety and toxic	67108866
33	1	N/A	-295.52774613504425	C15H18N2O3	[M - H2O + H]+	YSCCFYUEQXOKHY	InChI=1S/C15H18N2O3/c1-3-15(4-2)12(18)16-14(20)17(13(15)19)10-11-8-6-5-7-9-11/h5-9H,3-4,10H2,1-2H3,(H,16,18,20)	Oprea1_005601	CCC1(C(=O)NC(=O)N(C1=O)CC2=CC=CC=C2)CC	2.08892107	2054534	NORMAN:(NS00039498);PubChem:(2054534);PubMed	262210
34	1	N/A	-298.50458948838235	C15H18N2O3	[M - H2O + H]+	QODQXHVWCBJOMJ	InChI=1S/C15H18N2O3/c1-4-8-20-16-11(3)12-6-7-14-13(9-12)17(5-2)15(18)10-19-14/h4,6-7,9H,1,5,8,10H2,2-3H3	4-Ethyl-6-(1-((2-propenyloxy)imino)ethyl)-2H-1,4-benzoxazin-3(4H)-one	CCN1C(=O)COC2=C1C=C(C=C2)C(=NOCC=C)C	2.29999995	16205697;24835566	PubChem:(16205697 24835566);PubChem class - safety and toxic	67108866
35	1	N/A	-300.99055484143037	C15H18N2O3	[M - H2O + H]+	PBWKSBSBPBMFIS	InChI=1S/C15H18N2O3/c1-3-15(9-8-13(19)17-14(15)20)11-4-6-12(7-5-11)16-10(2)18/h4-7H,3,8-9H2,1-2H3,(H,16,18)(H,17,19,20)	Acetamidoglutethimide	CCC1(CCC(=O)NC1=O)C2=CC=C(C=C2)NC(=O)C	1.59911907	38050;12232549;12232550	MeSH:(38050);PubChem class - safety and toxic;PubChem:(38050 12232549 12232550);PubMed	67108934
36	1	N/A	-302.1898333705231	C15H18N2O3	[M - H2O + H]+	ZPFSVFJDQAQTQZ	InChI=1S/C15H18N2O3/c18-14-12-4-1-2-5-13(12)15(19)17(14)7-3-6-16-8-10-20-11-9-16/h1-2,4-5H,3,6-11H2	Oprea1_425936	C1COCCN1CCCN2C(=O)C3=CC=CC=C3C2=O	0.798417687	201784	PubChem:(201784);PubChem class - safety and toxic	67108866
37	1	N/A	-303.6653657555069	C15H18N2O3	[M - H2O + H]+	OLBKOFYAZVZSOY	InChI=1S/C15H18N2O3/c1-12(15(18)16-9-3-2-4-10-16)11-13-5-7-14(8-6-13)17(19)20/h5-8,11H,2-4,9-10H2,1H3	1-(2-Methyl-3-(4-nitrophenyl)-1-oxo-2-propenyl)piperidine	CC(=CC1=CC=C(C=C1)[N+](=O)[O-])C(=O)N2CCCCC2	2.9000001	100565;5971432	PubChem:(100565 5971432);PubChem class - safety and toxic	67108866
38	1	N/A	-304.50363359612766	C15H18N2O3	[M - H2O + H]+	FTQYNLXPSONGSQ	InChI=1S/C15H18N2O3/c16-11-1-5-14(6-2-11)19-9-13(18)10-20-15-7-3-12(17)4-8-15/h1-8,13,18H,9-10,16-17H2	1,3-bis(4-aminophenoxy)propan-2-ol	C1=CC(=CC=C1N)OCC(COC2=CC=C(C=C2)N)O	1.60000002	212849	PubChem:(212849);PubChem class - safety and toxic	67108866
39	1	N/A	-304.62712797373615	C15H18N2O3	[M - H2O + H]+	PHBKQVXHHQDCDI	InChI=1S/C15H18N2O3/c1-10-3-4-13-12(7-10)16-15(20-13)11-5-6-17(8-11)14(18)9-19-2/h3-4,7,11H,5-6,8-9H2,1-2H3	null	CC1=CC2=C(C=C1)OC(=N2)C3CCN(C3)C(=O)COC	1.70000005	45783954	COCONUT:(CNP0092165);PubChem:(45783954);SuperNatural:(SN00032317);ZINC bio:(ZINC35442836)	3153922
40	1	N/A	-305.3088229774153	C15H18N2O3	[M - H2O + H]+	LNQAFIYYQSROOW	InChI=1S/C15H18N2O3/c1-19-9-15(18)17-6-5-14-12(8-17)11-7-10(20-2)3-4-13(11)16-14/h3-4,7,16H,5-6,8-9H2,1-2H3	null	COCC(=O)N1CCC2=C(C1)C3=C(N2)C=CC(=C3)OC	1.29999995	29148457	COCONUT:(CNP0140803);PubChem:(29148457);ZINC bio:(ZINC20763432)	2105346
41	1	N/A	-307.652234905902	C15H18N2O3	[M - H2O + H]+	DBZMAKNIJBUOLD	InChI=1S/C15H18N2O3/c18-14-10-12(15(19)16-6-8-20-9-7-16)11-17(14)13-4-2-1-3-5-13/h1-5,12H,6-11H2	4-(Morpholinocarbonyl)-1-phenyl-2-pyrrolidinone	C1COCCN1C(=O)C2CC(=O)N(C2)C3=CC=CC=C3	0.100000001	217788;40461235;40461236	PubChem:(217788 40461235 40461236);PubChem class - safety and toxic	67108866
42	1	N/A	-309.21145714523357	C15H18N2O3	[M - H2O + H]+	RRQQEGUVNLWYAP	InChI=1S/C15H18N2O3/c16-12-5-1-3-7-14(12)19-9-11(18)10-20-15-8-4-2-6-13(15)17/h1-8,11,18H,9-10,16-17H2	ACMC-20mbql	C1=CC=C(C(=C1)N)OCC(COC2=CC=CC=C2N)O	1.60000002	3065743	PubChem:(3065743);PubChem class - safety and toxic	67108866
43	1	N/A	-310.3586676115329	C15H18N2O3	[M - H2O + H]+	YCIVVRODJKCTSH	InChI=1S/C15H18N2O3/c1-4-7-17-10(2)12(9-15(18)16-19)13-8-11(20-3)5-6-14(13)17/h4-6,8,19H,1,7,9H2,2-3H3,(H,16,18)	Acido 1-allil-2-metil-5-metossi-3-indolilacetoidrossammico	CC1=C(C2=C(N1CC=C)C=CC(=C2)OC)CC(=O)NO	2.49284792	36658	PubChem:(36658);PubChem class - safety and toxic	67108866
44	1	N/A	-313.230275232248	C15H18N2O3	[M - H2O + H]+	ZXGUVJSQTAIPKW	InChI=1S/C15H18N2O3/c1-3-10-15(4-2)12(18)16-14(20)17(13(15)19)11-8-6-5-7-9-11/h5-9H,3-4,10H2,1-2H3,(H,16,18,20)	5-Ethyl-1-phenyl-5-propylbarbituric acid	CCCC1(C(=O)NC(=O)N(C1=O)C2=CC=CC=C2)CC	2.5769186	49369	PubChem:(49369);PubChem class - safety and toxic	67108866
45	1	N/A	-320.2979541025174	C15H18N2O3	[M - H2O + H]+	XDNQMQVXDKJOET	InChI=1S/C15H18N2O3/c1-2-3-9-15(10-11-7-5-4-6-8-11)12(18)16-14(20)17-13(15)19/h4-8H,2-3,9-10H2,1H3,(H2,16,17,18,19,20)	5-Benzyl-5-butylbarbituric acid	CCCCC1(C(=O)NC(=O)NC1=O)CC2=CC=CC=C2	2.5999999	48575	PubChem:(48575);PubChem class - safety and toxic	67108866
46	1	N/A	-320.88685039394386	C15H18N2O3	[M - H2O + H]+	YLXHCNALKIUHJV	InChI=1S/C15H18N2O3/c1-10(2)15(19)20-9-8-17-11(3)16-13-7-5-4-6-12(13)14(17)18/h4-7,10H,8-9H2,1-3H3	null	CC1=NC2=CC=CC=C2C(=O)N1CCOC(=O)C(C)C	1.79999995	30339183	COCONUT:(CNP0249104);PubChem:(30339183);SuperNatural:(SN00098181);ZINC bio:(ZINC22469643)	3153922
47	1	N/A	-323.5274734411468	C15H18N2O3	[M - H2O + H]+	JXTMJQNCCMPNQF	InChI=1S/C15H18N2O3/c18-14(16-10-6-2-1-3-7-10)13-15(19)17-11-8-4-5-9-12(11)20-13/h4-5,8-10,13H,1-3,6-7H2,(H,16,18)(H,17,19)	N-cyclohexyl-3-oxo-4H-1,4-benzoxazine-2-carboxamide	C1CCC(CC1)NC(=O)C2C(=O)NC3=CC=CC=C3O2	2.20000005	212255	PubChem:(212255);PubChem class - safety and toxic	67108866
48	1	N/A	-325.55491615198457	C15H18N2O3	[M - H2O + H]+	XMHBGLQLPWENIV	InChI=1S/C15H18N2O3/c18-11-7-5-10(6-8-11)9-17-13-4-2-1-3-12(13)14(16-17)15(19)20/h1-4,10-11,18H,5-9H2,(H,19,20)	null	C1CC(CCC1CN2C3=CC=CC=C3C(=N2)C(=O)O)O	2.20000005	125181435	PubChem:(125181435);NORMAN:(NS00018103)	262146
49	1	N/A	-329.5395340622793	C15H18N2O3	[M - H2O + H]+	JUOAMFZJAQCSQE	InChI=1S/C15H18N2O3/c1-11(18)17(2)9-5-8-16-13-10-15(19)20-14-7-4-3-6-12(13)14/h3-4,6-7,10,16H,5,8-9H2,1-2H3	null	CC(=O)N(C)CCCNC1=CC(=O)OC2=CC=CC=C21	1.5	30343058	PubChem:(30343058);COCONUT:(CNP0244638)	2097154
50	1	N/A	-329.85657293163183	C15H18N2O3	[M - H2O + H]+	KFLYYCYTAIOWNQ	InChI=1S/C15H18N2O3/c16-12-4-6-13(7-5-12)20-11-3-1-2-10-17-14(18)8-9-15(17)19/h4-9H,1-3,10-11,16H2	N-(5-(p-Aminophenoxy)pentyl)maleimide	C1=CC(=CC=C1N)OCCCCCN2C(=O)C=CC2=O	1.5	58133	PubChem:(58133);PubChem class - safety and toxic	67108866
51	1	N/A	-330.6572187251574	C15H18N2O3	[M - H2O + H]+	GBKFUXCEAXJZHU	InChI=1S/C15H18N2O3/c1-3-12-13(18)16-15(20)17(14(12)19)10(2)9-11-7-5-4-6-8-11/h4-8,10,12H,3,9H2,1-2H3,(H,16,18,20)	5-Ethyl-1-(alpha-methylphenethyl)barbituric acid	CCC1C(=O)NC(=O)N(C1=O)C(C)CC2=CC=CC=C2	2.29999995	215154	PubChem:(215154);PubChem class - safety and toxic	67108866
52	1	N/A	-330.74403372104126	C15H18N2O3	[M - H2O + H]+	PDTASUAKSIEHPZ	InChI=1S/C15H18N2O3/c1-9(2)11-14(19)16-12(15(17-11)20-3)13(18)10-7-5-4-6-8-10/h4-9,13,18H,1-3H3,(H,16,19)	Terezine A	CC(C)C1=NC(=C(NC1=O)C(C2=CC=CC=C2)O)OC	1.29999995	462464	COCONUT:(CNP0356103);MeSH:(462464);KNApSAcK:(29082);PubChem:(462464);PubMed	2097238
53	1	N/A	-331.00443244326567	C15H18N2O3	[M - H2O + H]+	JOUDQKUCEBHEFQ	InChI=1S/C15H18N2O3/c1-10-4-5-11(2)17(10)13-6-8-14(9-7-13)20-12(3)15(18)16-19/h4-9,12,19H,1-3H3,(H,16,18)	2-[4-(2,5-dimethylpyrrol-1-yl)phenoxy]-N-hydroxypropanamide	CC1=CC=C(N1C2=CC=C(C=C2)OC(C)C(=O)NO)C	2.29999995	3021959	PubChem:(3021959);PubChem class - safety and toxic	67108866
54	1	N/A	-332.9559819622396	C15H18N2O3	[M - H2O + H]+	IAQXLKMOCCFOMR	InChI=1S/C15H18N2O3/c1-11(18)16-13-7-8-14(19)17(15(13)20)10-9-12-5-3-2-4-6-12/h2-6,13H,7-10H2,1H3,(H,16,18)	null	CC(=O)NC1CCC(=O)N(C1=O)CCC2=CC=CC=C2	0.899999976	102219758	COCONUT:(CNP0219212);Natural Products:(UNPD229684);PubChem:(102219758)	2129922
55	1	N/A	-333.6855654421588	C15H18N2O3	[M - H2O + H]+	NVLJDFSAYBUYQS	InChI=1S/C15H18N2O3/c1-19-9-7-14(18)17-8-6-11(10-17)15-16-12-4-2-3-5-13(12)20-15/h2-5,11H,6-10H2,1H3	null	COCCC(=O)N1CCC(C1)C2=NC3=CC=CC=C3O2	1.29999995	45783963	COCONUT:(CNP0055428);PubChem:(45783963);SuperNatural:(SN00032326);ZINC bio:(ZINC35442845)	3153922
56	1	N/A	-338.5881098285223	C15H18N2O3	[M - H2O + H]+	KCXPSUQLGVGEGL	InChI=1S/C15H18N2O3/c1-10-14(11(2)20-16-10)9-19-15(18)12-5-7-13(8-6-12)17(3)4/h5-8H,9H2,1-4H3	(3,5-dimethyl-1,2-oxazol-4-yl)methyl 4-(dimethylamino)benzoate	CC1=C(C(=NO1)C)COC(=O)C2=CC=C(C=C2)N(C)C	2.5999999	2078139	PubChem:(2078139);PubMed;CHEBI:(120466)	98
57	1	N/A	-341.7390323855629	C15H18N2O3	[M - H2O + H]+	OMLOGGCSARAIGZ	InChI=1S/C15H18N2O3/c1-2-3-9-4-10-6-12(8-13(16)18)17-15(10)11(5-9)7-14(19)20/h4-6,17H,2-3,7-8H2,1H3,(H2,16,18)(H,19,20)	[2-(carbamoylmethyl)-5-propyl-1H-indol-7-yl]acetic acid	CCCC1=CC2=C(C(=C1)CC(=O)O)NC(=C2)CC(=O)N	1.70000005	447739	COCONUT:(CNP0019967);PubChem:(447739);PubChem class - bio and metabolites	18874370
58	1	N/A	-342.9458814623441	C15H18N2O3	[M - H2O + H]+	IXXXSPXHTGEIQP	InChI=1S/C15H18N2O3/c1-2-3-7-10-15(11-8-5-4-6-9-11)12(18)16-14(20)17-13(15)19/h4-6,8-9H,2-3,7,10H2,1H3,(H2,16,17,18,19,20)	5-Pentyl-5-phenylbarbituric acid	CCCCCC1(C(=O)NC(=O)NC1=O)C2=CC=CC=C2	2.28687358	48165	PubChem:(48165);PubChem class - safety and toxic	67108866
59	1	N/A	-344.7512673527409	C15H18N2O3	[M - H2O + H]+	WFUNIJMUMJGVOE	InChI=1S/C15H18N2O3/c1-11(18)16-8-13-14(9-16)20-10-15(19)17(13)7-12-5-3-2-4-6-12/h2-6,13-14H,7-10H2,1H3	null	CC(=O)N1CC2C(C1)OCC(=O)N2CC3=CC=CC=C3	0.300000012	56775200	PubChem:(56775200);COCONUT:(CNP0004096)	2097154
60	1	N/A	-344.9543141972478	C15H18N2O3	[M - H2O + H]+	RGESGFDSLABZTB	InChI=1S/C15H18N2O3/c1-10(2)5-6-17-9-16-12-8-14(20-4)13(19-3)7-11(12)15(17)18/h5,7-9H,6H2,1-4H3	null	CC(=CCN1C=NC2=CC(=C(C=C2C1=O)OC)OC)C	2.29999995	29147287	COCONUT:(CNP0395443);PubChem:(29147287);SuperNatural:(SN00097568);ZINC bio:(ZINC20761005)	3153922
61	1	N/A	-351.9527028805793	C15H18N2O3	[M - H2O + H]+	HNGDKRLBOXOMGC	InChI=1S/C15H18N2O3/c1-4-15(11-8-6-5-7-9-11)12(18)16-14(20)17(10(2)3)13(15)19/h5-10H,4H2,1-3H3,(H,16,18,20)	5-Ethyl-1-isopropyl-5-phenylbarbituric acid	CCC1(C(=O)NC(=O)N(C1=O)C(C)C)C2=CC=CC=C2	2.09222937	3069865	PubChem:(3069865);PubChem class - safety and toxic	67108866
62	1	N/A	-353.9382460202026	C15H18N2O3	[M - H2O + H]+	FDHHGJATBSPRIB	InChI=1S/C15H18N2O3/c1-19-16-10-14-8-5-9-17(11-14)15(18)20-12-13-6-3-2-4-7-13/h2-4,6-8,10H,5,9,11-12H2,1H3	Benzyl (E)-3,6-dihydro-5-((methoxyimino)methyl)-1(2H)-pyridinecarboxylate	CON=CC1=CCCN(C1)C(=O)OCC2=CC=CC=C2	2.0999999	6448654;9588800	PubChem:(6448654 9588800);PubChem class - safety and toxic	67108866
63	1	N/A	-362.81401923323415	C15H18N2O3	[M - H2O + H]+	MJSBSKZABNDYDM	InChI=1S/C15H18N2O3/c1-10-3-4-12-8-16(11(2)18)6-5-13-9-20-15(19)17(13)14(12)7-10/h3-4,7,13H,5-6,8-9H2,1-2H3	null	CC1=CC2=C(CN(CCC3N2C(=O)OC3)C(=O)C)C=C1	1.29999995	75529110	PubChem:(75529110);COCONUT:(CNP0007730)	2097154
64	1	N/A	-366.5846162030702	C15H18N2O3	[M - H2O + H]+	IQMLSUNQOOIGEF	InChI=1S/C15H18N2O3/c1-16-4-6-17(7-5-16)10-11-8-15(19)20-14-3-2-12(18)9-13(11)14/h2-3,8-9,18H,4-7,10H2,1H3	null	CN1CCN(CC1)CC2=CC(=O)OC3=C2C=C(C=C3)O	0.800000012	8072709;8072710	COCONUT:(CNP0278747);PubChem:(8072709 8072710);SuperNatural:(SN00153802);ZINC bio:(ZINC20590837)	3153922
65	1	N/A	-368.1376928807689	C15H18N2O3	[M - H2O + H]+	LPJKVDCUVJMVSG	InChI=1S/C15H18N2O3/c1-3-4-10-15(11-8-6-5-7-9-11)12(18)16-14(20)17(2)13(15)19/h5-9H,3-4,10H2,1-2H3,(H,16,18,20)	1-Methyl-5-phenyl-5-butylbarbituric acid	CCCCC1(C(=O)NC(=O)N(C1=O)C)C2=CC=CC=C2	2.10709476	174022;182397;6454793	MeSH:(174022);PubChem:(174022 182397 6454793);PubMed	70
66	1	N/A	-375.3998272813126	C15H18N2O3	[M - H2O + H]+	UAYMEORMNOUCCG	InChI=1S/C15H18N2O3/c1-4-15(11-8-6-5-7-9-11)12(18)16-14(17-13(15)19)20-10(2)3/h5-10H,4H2,1-3H3,(H,16,17,18,19)	Ethyl-5 phenyl-5 isopropyloxy-2 pyrimidinedione-4,6	CCC1(C(=O)NC(=NC1=O)OC(C)C)C2=CC=CC=C2	2.50332737	3069866	PubChem:(3069866);PubChem class - safety and toxic	67108866
67	1	N/A	-376.2525032511566	C15H18N2O3	[M - H2O + H]+	ADJCUGGUTJEHEC	InChI=1S/C15H18N2O3/c1-3-9-4-10-7-16-12-6-13(18)14(20-2)5-11(12)15(19)17(10)8-9/h3,5-6,10,16,18H,4,7-8H2,1-2H3	(6aS,8E)-8-ethylidene-3-hydroxy-2-methoxy-6,6a,7,9-tetrahydro-5H-pyrrolo[2,1-c][1,4]benzodiazepin-11-one	CC=C1CC2CNC3=CC(=C(C=C3C(=O)N2C1)OC)O	1.39999998	6446898	COCONUT:(CNP0162589);Natural Products:(UNPD124864);PubChem class - safety and toxic;PubChem:(6446898)	69238786
68	1	N/A	-385.37503644456166	C15H18N2O3	[M - H2O + H]+	VHECBSOOPJCHQH	InChI=1S/C15H18N2O3/c1-17-13(10-11-6-3-2-4-7-11)14(19)16-12(15(17)20)8-5-9-18/h2-4,6-7,10,12,18H,5,8-9H2,1H3,(H,16,19)	null	CN1C(=CC2=CC=CC=C2)C(=O)NC(C1=O)CCCO	1.10000002	139585693	PubChem:(139585693);COCONUT:(CNP0328609)	2097154
69	1	N/A	-387.11133392899876	C15H18N2O3	[M - H2O + H]+	JAOCVEPNMXWSTI	InChI=1S/C15H18N2O3/c1-11(15(19)20)9-14(18)17-8-3-2-6-13(17)12-5-4-7-16-10-12/h4-5,7,10,13H,1-3,6,8-9H2,(H,19,20)	Itaconylanabasine	C=C(CC(=O)N1CCCCC1C2=CN=CC=C2)C(=O)O	1.10000002	3055944	PubChem:(3055944);PubChem class - safety and toxic	67108866
70	1	N/A	-394.6758767887559	C15H18N2O3	[M - H2O + H]+	CCEXTQVHYYYTOI	InChI=1S/C15H18N2O3/c1-4-15(11-8-6-5-7-9-11)12(18)16-14(19)17-13(15)20-10(2)3/h5-10H,4H2,1-3H3,(H,16,18,19)	5-Ethyl-6-isopropoxy-5-phenyluracil	CCC1(C(=O)NC(=O)N=C1OC(C)C)C2=CC=CC=C2	2.50332737	3069867	PubChem:(3069867);PubChem class - safety and toxic	67108866
71	1	N/A	-396.87876934144515	C15H18N2O3	[M - H2O + H]+	MZDAWIBFZPTLPG	InChI=1S/C15H18N2O3/c18-9-12-15(20)13(19)8-17(12)7-11-4-1-3-10-5-2-6-16-14(10)11/h1-6,12-13,15,18-20H,7-9H2	(2r,3r,4s)-2-(Hydroxymethyl)-1-(Quinolin-8-Ylmethyl)pyrrolidine-3,4-Diol	C1C(C(C(N1CC2=CC=CC3=C2N=CC=C3)CO)O)O	0.5	24894045	PubChem:(24894045);PubMed;PubChem class - bio and metabolites	16777282
72	1	N/A	-403.2240665960994	C15H18N2O3	[M - H2O + H]+	ZKAPJPARQOIVBG	InChI=1S/C15H18N2O3/c18-14-10-13(12-4-2-1-3-5-12)15(19)17(14)11-16-6-8-20-9-7-16/h1-5,13H,6-11H2	N-(4-Morpholinyl)methyl-2-phenylsuccinimide	C1COCCN1CN2C(=O)CC(C2=O)C3=CC=CC=C3	0.600000024	100779;7730038;7730039;6992734;6992735	PubChem class - safety and toxic;PubChem:(100779 7730038 7730039 6992734 6992735);PubMed	67108930
73	1	N/A	-404.81785906224326	C15H18N2O3	[M - H2O + H]+	ROYASACAZLWRHK	InChI=1S/C15H18N2O3/c18-9-14-6-13(17-20-14)7-15(10-19-11-15)16-8-12-4-2-1-3-5-12/h1-6,16,18H,7-11H2	null	C1C(CO1)(CC2=NOC(=C2)CO)NCC3=CC=CC=C3	0.400000006	56775583	PubChem:(56775583);COCONUT:(CNP0004301)	2097154
74	1	N/A	-405.1347413004068	C15H18N2O3	[M - H2O + H]+	MIEZLWPYHYOCTD	InChI=1S/C15H18N2O3/c1-17(2)8-9-6-13-11(7-12(9)18)10-4-3-5-16-14(10)15(19)20-13/h6-7,16,18H,3-5,8H2,1-2H3	8-(dimethylaminomethyl)-9-hydroxy-1,2,3,4-tetrahydrochromeno[3,4-b]pyridin-5-one	CN(C)CC1=CC2=C(C=C1O)C3=C(C(=O)O2)NCCC3	1.5	750076;4002259;4604556	COCONUT:(CNP0223736 CNP0422556);PubChem:(750076 4002259 4604556);SuperNatural:(SN00043974);ZINC bio:(ZINC00198167)	3153922
75	1	N/A	-409.94158547612886	C15H18N2O3	[M - H2O + H]+	ICIBIIWUBPJFRN	InChI=1S/C15H18N2O3/c18-15-17-12(10-20-15)5-6-16(13-8-19-9-13)7-11-3-1-2-4-14(11)17/h1-4,12-13H,5-10H2	null	C1CN(CC2=CC=CC=C2N3C1COC3=O)C4COC4	1.20000005	75529026	PubChem:(75529026);COCONUT:(CNP0007265)	2097154
76	1	N/A	-412.00604406424713	C15H18N2O3	[M - H2O + H]+	KQJPLIWYFOPKDL	InChI=1S/C15H18N2O3/c1-12-5-7-14(8-6-12)20-15(18)17-9-3-4-13(11-17)10-16-19-2/h4-8,10H,3,9,11H2,1-2H3	4-Methylphenyl (E)-3,6-dihydro-5-((methoxyimino)methyl)-1(2H)-pyridinecarboxylate	CC1=CC=C(C=C1)OC(=O)N2CCC=C(C2)C=NOC	2.5	3072864;6448664;9588810	PubChem:(3072864 6448664 9588810);PubChem class - safety and toxic	67108866
77	1	N/A	-419.2378246125645	C15H18N2O3	[M - H2O + H]+	YKLUPJIECJTFAO	InChI=1S/C15H18N2O3/c1-16-12-4-2-3-5-14(12)20-11-6-13(15(16)18)17(7-11)10-8-19-9-10/h2-5,10-11,13H,6-9H2,1H3	null	CN1C2=CC=CC=C2OC3CC(C1=O)N(C3)C4COC4	1.0	75410316	PubChem:(75410316);COCONUT:(CNP0374353)	2097154
78	1	N/A	-423.1957847863049	C15H18N2O3	[M - H2O + H]+	NTDDETCQPPCETH	InChI=1S/C15H18N2O3/c1-16-12-6-17(10-8-19-9-10)7-14(12)20-13-5-3-2-4-11(13)15(16)18/h2-5,10,12,14H,6-9H2,1H3	null	CN1C2CN(CC2OC3=CC=CC=C3C1=O)C4COC4	0.800000012	125418058	PubChem:(125418058);COCONUT:(CNP0167067)	2097154
79	1	N/A	-429.82968673915536	C15H18N2O3	[M - H2O + H]+	IFZGSXCPFZTFCE	InChI=1S/C15H18N2O3/c1-11(18)17(2)9-5-8-16-13-10-15(19)20-14-7-4-3-6-12(13)14/h3-4,6-7,10,19H,5,8-9H2,1-2H3/p+1	null	CC(=O)N(C)CCC[NH+]=C1C=C(OC2=CC=CC=C21)O	0.0	""	COCONUT:(CNP0034177);SuperNatural:(SN00098197)	3145728
80	1	N/A	-436.7178646455859	C15H18N2O3	[M - H2O + H]+	UTEBLCXHQUUOBI	InChI=1S/C15H18N2O3/c1-18-13-9-20-14-12(8-19-15(13)14)17-7-11-4-2-3-10(5-11)6-16/h2-5,12-15,17H,7-9H2,1H3	3-[[[(3S,3aR,6R,6aS)-6-methoxy-2,3,3a,5,6,6a-hexahydrofuro[3,2-b]furan-3-yl]amino]methyl]benzonitrile	COC1COC2C1OCC2NCC3=CC(=CC=C3)C#N	0.400000006	11884571;11884572	COCONUT:(CNP0176181);PubChem:(11884571 11884572);ZINC bio:(ZINC67898995)	2105346
81	1	N/A	-436.88422116540534	C15H18N2O3	[M - H2O + H]+	GZVCAQBHSBDSRI	InChI=1S/C15H18N2O3/c18-14(16-9-5-2-6-10-16)17-11-13(20-15(17)19)12-7-3-1-4-8-12/h1,3-4,7-8,13H,2,5-6,9-11H2	1-((2-Oxo-5-phenyl-3-oxazolidinyl)carbonyl)piperidine	C1CCN(CC1)C(=O)N2CC(OC2=O)C3=CC=CC=C3	2.0999999	3043217	PubChem:(3043217);PubChem class - safety and toxic	67108866
82	1	N/A	-438.3825648144355	C15H18N2O3	[M - H2O + H]+	KGMWGNSRONWRDC	InChI=1S/C15H18N2O3/c18-15(12-4-2-1-3-5-12)17-16-9-11-6-7-13-14(8-11)20-10-19-13/h6-9,12H,1-5,10H2,(H,17,18)	N-(1,3-benzodioxol-5-ylmethylideneamino)cyclohexanecarboxamide	C1CCC(CC1)C(=O)NN=CC2=CC3=C(C=C2)OCO3	3.3031714	3554784;5859412;9625509	PubChem:(3554784 5859412 9625509);PubChem class - safety and toxic	67108866
83	1	N/A	-465.6744259499735	C15H18N2O3	[M - H2O + H]+	KZRVEYPHWGZLOR	InChI=1S/C15H18N2O3/c1-3-9-20-14(18)12-10(2)16-15(19)17-13(12)11-7-5-4-6-8-11/h4-8,13H,3,9H2,1-2H3,(H2,16,17,19)	Oprea1_235027	CCCOC(=O)C1=C(NC(=O)NC1C2=CC=CC=C2)C	1.89999998	2748302;7053025;7053026	COCONUT:(CNP0241987);PubChem:(2748302 7053025 7053026);SuperNatural:(SN00122969 SN00122968);ZINC bio:(ZINC03844183 ZINC03844184)	3153922
84	1	N/A	-496.3995506311317	C15H18N2O3	[M - H2O + H]+	FNXYYYSWILMZLD	InChI=1S/C15H18N2O3/c1-15(2)8-12(18)14(13(19)9-15)17-16-10-4-6-11(20-3)7-5-10/h4-7,18H,8-9H2,1-3H3	null	CC1(CC(=C(C(=O)C1)N=NC2=CC=C(C=C2)OC)O)C	3.0	135444406	PubChem:(135444406);PubMed;CHEBI:(109166)	98