structureRankPerFormula	formulaRank	ConfidenceScore	CSI:FingerIDScore	molecularFormula	adduct	InChIkey2D	InChI	name	smiles	xlogp	pubchemids	links	dbflags
1	1	N/A	-236.9207839249973	C22H30O9	[M + H]+	ROOOAGWFZPFECL	InChI=1S/C22H30O9/c1-4-22(3,28)11-5-6-13(2)20(27)29-12-16-17(24)18(25)19(26)21(31-16)30-15-9-7-14(23)8-10-15/h4,6-10,16-19,21,23-26,28H,1,5,11-12H2,2-3H3	null	CC(=CCCC(C)(C=C)O)C(=O)OCC1C(C(C(C(O1)OC2=CC=C(C=C2)O)O)O)O	1.10000002	101542615;101643006	COCONUT:(CNP0284042);KNApSAcK:(10347);Natural Products:(UNPD177009 UNPD98393 UNPD28553 UNPD153493);PubChem:(101542615 101643006);SuperNatural:(SN00297196 SN00299161 SN00286561 SN00304663)	3178514
2	1	N/A	-267.84223610010395	C22H30O9	[M + H]+	MMABMYICVVYLAS	InChI=1S/C22H30O9/c1-8-6-12(24)17(27)20(4)11(8)7-13-21(5)16(20)15(26)14(25)9(2)22(21,29)18(19(28)31-13)30-10(3)23/h6,9,11,13-18,25-27,29H,7H2,1-5H3	null	CC1C(C(C2C3(C(CC4C2(C1(C(C(=O)O4)OC(=O)C)O)C)C(=CC(=O)C3O)C)C)O)O	-0.400000006	100931036	COCONUT:(CNP0294622);Natural Products:(UNPD15372);PubChem:(100931036);SuperNatural:(SN00238235)	3178498
3	1	N/A	-277.473301593094	C22H30O9	[M + H]+	HYLRJQAAQIOOIP	InChI=1S/C22H30O9/c1-14(8-17(24)25)6-7-22(29)15(2)9-16(23)10-20(22,3)13-31-19(27)12-21(4,28)11-18(26)30-5/h6-9,28-29H,10-13H2,1-5H3,(H,24,25)	null	CC1=CC(=O)CC(C1(C=CC(=CC(=O)O)C)O)(C)COC(=O)CC(C)(CC(=O)OC)O	1.13861692	""	COCONUT:(CNP0274837);Natural Products:(UNPD16035);SuperNatural:(SN00299282)	3178496
4	1	N/A	-277.493737429089	C22H30O9	[M + H]+	BOHWVMVEKIPKCE	InChI=1S/C22H30O9/c1-9-6-13(25)18(29-11(3)23)20(4)14(26)8-12(24)10(2)16(20)17(27)22-15(7-9)30-19(28)21(22,5)31-22/h7,10,13-18,25-27H,6,8H2,1-5H3	null	CC1C2C(C34C(C=C(CC(C(C2(C(CC1=O)O)C)OC(=O)C)O)C)OC(=O)C3(O4)C)O	-0.699999988	21575397;21775517;101035749	COCONUT:(CNP0189525);Natural Products:(UNPD156667);PubChem:(21575397 21775517 101035749);SuperNatural:(SN00283051)	3178498
5	1	N/A	-286.6738037829195	C22H30O9	[M + H]+	SZEJLTUYAYNYRI	InChI=1S/C22H30O9/c1-11-7-15-16(8-17(11)30-13(3)25)22(4,29)9-18(19(15)12(2)20(26)27)31-21(28)14(10-24)5-6-23/h5,7,15-19,23-24,29H,2,6,8-10H2,1,3-4H3,(H,26,27)	null	CC1=CC2C(CC1OC(=O)C)C(CC(C2C(=C)C(=O)O)OC(=O)C(=CCO)CO)(C)O	-0.300000012	23815277	COCONUT:(CNP0069996);PubChem:(23815277);SuperNatural:(SN00032612 SN00032609 SN00032611 SN00032610);ZINC bio:(ZINC35454629 ZINC35454632 ZINC35454635 ZINC35454637)	3153922
6	1	N/A	-291.7709871383097	C22H30O9	[M + H]+	ZSGWJLBSFZRJAT	InChI=1S/C22H30O9/c1-6-16(25)30-14-8-21(9-27-12(3)23)15(7-11(14)2)31-19-17(26)18(29-13(4)24)20(21,5)22(19)10-28-22/h7,14-15,17-19,26H,6,8-10H2,1-5H3	8-propionylneosolaniol	CCC(=O)OC1CC2(C(C=C1C)OC3C(C(C2(C34CO4)C)OC(=O)C)O)COC(=O)C	0.100000001	183169;13992176;44576026;49868414;102515220	COCONUT:(CNP0410960);HMDB:(38562);Natural Products:(UNPD3398);PubChem:(183169 13992176 44576026 49868414 102515220);SuperNatural:(SN00228377);PubChem class - bio and metabolites;PubMed;Biocyc:(CPD-18506)	19957834
7	1	N/A	-295.0431837010315	C22H30O9	[M + H]+	WTHXAFPDZHTOOX	InChI=1S/C22H30O9/c1-11(8-9-30-13(3)23)20(27)31-15-10-22(4)16(25)7-6-14(24)18(22)19(26)17(15)12(2)21(28)29-5/h8,15-19,25-26H,2,6-7,9-10H2,1,3-5H3	null	CC(=CCOC(=O)C)C(=O)OC1CC2(C(CCC(=O)C2C(C1C(=C)C(=O)OC)O)O)C	0.600000024	45783167	COCONUT:(CNP0055236);PubChem:(45783167);SuperNatural:(SN00038272 SN00038271 SN00031047 SN00031046 SN00038270 SN00031048 SN00038273 SN00031045);ZINC bio:(ZINC31170269 ZINC31170272 ZINC31170275 ZINC31170278 ZINC35271765 ZINC35271767 ZINC35271770 ZINC35271772)	3153922
8	1	N/A	-302.47488545285137	C22H30O9	[M + H]+	QPBUKUPRAWUHCJ	InChI=1S/C22H30O9/c1-11(2)8-17(26)31-19-18-12(3)21(27)30-15(18)9-14(10-23)6-7-16(25)22(5,28)20(19)29-13(4)24/h6-7,11,14-15,18-20,23,28H,3,8-10H2,1-2,4-5H3	null	CC(C)CC(=O)OC1C2C(CC(C=CC(=O)C(C1OC(=O)C)(C)O)CO)OC(=O)C2=C	1.20000005	101921668	COCONUT:(CNP0276963);Natural Products:(UNPD89880);PubChem:(101921668);SuperNatural:(SN00282735)	3178498
9	1	N/A	-312.322110494185	C22H30O9	[M + H]+	DOIJNDZIPAKYBW	InChI=1S/C22H30O9/c1-9-15-12(29-19(26)22(6)10(2)31-22)8-20(4)13(24)7-14(28-11(3)23)21(5,27)17(20)16(15)30-18(9)25/h10,12-17,24,27H,1,7-8H2,2-6H3	null	CC1C(O1)(C)C(=O)OC2CC3(C(CC(C(C3C4C2C(=C)C(=O)O4)(C)O)OC(=O)C)O)C	0.94927609	""	COCONUT:(CNP0005120)	2097152
10	1	N/A	-315.35178863366076	C22H30O9	[M + H]+	HFGADLPRKLVOCB	InChI=1S/C22H30O9/c1-9-6-11(24)16(26)19(3)12(25)8-13-20(4,30-13)15(19)17(28-10(2)23)22-14(7-9)29-18(27)21(22,5)31-22/h7,11-17,24-26H,6,8H2,1-5H3	null	CC1=CC2C3(C(C4C(C(CC5C4(O5)C)O)(C(C(C1)O)O)C)OC(=O)C)C(O3)(C(=O)O2)C	-0.600000024	101540672	PubChem:(101540672);COCONUT:(CNP0131116)	2097154
11	1	N/A	-324.20073381301324	C22H30O9	[M + H]+	MJAHIVDNGNEUAZ	InChI=1S/C22H30O9/c1-11(2)20(25)31-19-17-12(3)21(26)30-16(17)9-14(10-23)7-6-8-15(22(27)28-5)18(19)29-13(4)24/h8,11,14,16-19,23H,3,6-7,9-10H2,1-2,4-5H3	methyl (3aS,4S,5R,6E,10R,11aR)-5-acetyloxy-10-(hydroxymethyl)-3-methylidene-4-(2-methylpropanoyloxy)-2-oxo-3a,4,5,8,9,10,11,11a-octahydrocyclodeca[b]furan-6-carboxylate	CC(C)C(=O)OC1C2C(CC(CCC=C(C1OC(=O)C)C(=O)OC)CO)OC(=O)C2=C	2.0999999	21767715;90475807	COCONUT:(CNP0262601);KNApSAcK:(12297);Natural Products:(UNPD42701);PubChem:(21767715 90475807);SuperNatural:(SN00356860)	3178514
12	1	N/A	-326.45240603358366	C22H30O9	[M + H]+	YKVCJTRWZUQRKG	InChI=1S/C22H30O9/c1-5-13(9-23)21(27)29-16-8-22(4)7-6-15(28-12(3)25)14(10-24)18(31-22)19-17(16)11(2)20(26)30-19/h5,14-19,23-24H,2,6-10H2,1,3-4H3	null	CC=C(CO)C(=O)OC1CC2(CCC(C(C(O2)C3C1C(=C)C(=O)O3)CO)OC(=O)C)C	1.29359198	""	COCONUT:(CNP0195618);Natural Products:(UNPD189907);SuperNatural:(SN00225921)	3178496
13	1	N/A	-327.7420066407792	C22H30O9	[M + H]+	IVTTWDZJSRRHQP	InChI=1S/C22H30O9/c1-12-8-17(30-15(4)25)20(10-27-13(2)23)21(11-28-21)16(29-14(3)24)6-7-22(20)19(12,5)9-18(26)31-22/h12,16-17H,6-11H2,1-5H3	null	CC1CC(C2(C3(C1(CC(=O)O3)C)CCC(C24CO4)OC(=O)C)COC(=O)C)OC(=O)C	0.863481045	""	COCONUT:(CNP0260273);KNApSAcK:(37907);Natural Products:(UNPD10043);SuperNatural:(SN00379556)	3178512
14	1	N/A	-328.8993452781698	C22H30O9	[M + H]+	IBWAIEKYWSHIKB	InChI=1S/C22H30O9/c1-7-10(2)20(26)31-18-17-12(4)21(27)30-15(17)8-11(3)14(24)9-16(25)22(6,28)19(18)29-13(5)23/h7,11,14-15,17-19,24,28H,4,8-9H2,1-3,5-6H3	null	CC=C(C)C(=O)OC1C2C(CC(C(CC(=O)C(C1OC(=O)C)(C)O)O)C)OC(=O)C2=C	1.58809686	""	COCONUT:(CNP0267589);Natural Products:(UNPD192481);SuperNatural:(SN00398722)	3178496
15	1	N/A	-335.5496741258806	C22H30O9	[M + H]+	BKTVHCJQIOTFPT	InChI=1S/C22H30O9/c1-9-11-4-5-12-20-8-31-22(29,21(12,16(9)26)17(11)27)18(28)15(20)19(3,7-30-10(2)23)13(24)6-14(20)25/h11-15,17-18,24-25,27-29H,1,4-8H2,2-3H3	null	CC(=O)OCC1(C(CC(C23C1C(C(C45C2CCC(C4O)C(=C)C5=O)(OC3)O)O)O)O)C	-1.5	23626969;102382578	PubChem:(23626969 102382578);KNApSAcK:(40692)	18
16	1	N/A	-335.73999758736664	C22H30O9	[M + H]+	RIJNMHDHICMZHI	InChI=1S/C22H30O9/c1-7-6-10(24)18(28)21(4)11(7)16(30-9(3)23)19-22(5)12(14(26)20(29)31-19)8(2)13(25)15(27)17(21)22/h6,8,11-19,25-28H,1-5H3	null	CC1C2C(C(=O)OC3C2(C(C(C1O)O)C4(C(C3OC(=O)C)C(=CC(=O)C4O)C)C)C)O	-0.0517668203	""	COCONUT:(CNP0156151);Natural Products:(UNPD175942 UNPD80751);SuperNatural:(SN00240337 SN00402720)	3178496
17	1	N/A	-338.2135231847247	C22H30O9	[M + H]+	HBDNBUUSZXFTAB	InChI=1S/C22H30O9/c1-5-13(9-23)21(27)29-16-8-22(4)7-6-15(25)14(10-28-12(3)24)18(31-22)19-17(16)11(2)20(26)30-19/h5,14-19,23,25H,2,6-10H2,1,3-4H3	null	CC=C(CO)C(=O)OC1CC2(CCC(C(C(O2)C3C1C(=C)C(=O)O3)COC(=O)C)O)C	1.29359198	""	COCONUT:(CNP0311647);Natural Products:(UNPD69767);SuperNatural:(SN00380200)	3178496
18	1	N/A	-340.09476311678935	C22H30O9	[M + H]+	HBHDFCQEBUVCSW	InChI=1S/C22H30O9/c1-9-11-4-12(24)15-20-8-31-22(29,21(15,6-11)17(9)27)18(28)16(20)19(3,7-30-10(2)23)13(25)5-14(20)26/h11-16,18,24-26,28-29H,1,4-8H2,2-3H3	null	CC(=O)OCC1(C(CC(C23C1C(C(C45C2C(CC(C4)C(=C)C5=O)O)(OC3)O)O)O)O)C	-1.70000005	23626970;102382579	PubChem:(23626970 102382579);KNApSAcK:(40693)	18
19	1	N/A	-341.7354733416875	C22H30O9	[M + H]+	WJRLJLDWICEJOE	InChI=1S/C22H30O9/c1-8-5-12(24)17(26)20(4)11(8)6-13-21-7-29-22(28,19(20)21)16(25)9(2)14(21)15(18(27)31-13)30-10(3)23/h5,9,11-17,19,24-26,28H,6-7H2,1-4H3	null	CC1C2C(C(=O)OC3C24COC(C1O)(C4C5(C(C3)C(=CC(C5O)O)C)C)O)OC(=O)C	-0.699999988	10160315;100990338	COCONUT:(CNP0120386);Natural Products:(UNPD182996);PubChem:(10160315 100990338);SuperNatural:(SN00225928)	3178498
20	1	N/A	-345.9251002044906	C22H30O9	[M + H]+	KAJBZGXKODDWJH	InChI=1S/C22H30O9/c1-9-11-6-12(24)14-20-8-31-22(29,21(14,16(9)26)17(11)27)18(28)15(20)19(3,5-4-13(20)25)7-30-10(2)23/h11-15,17-18,24-25,27-29H,1,4-8H2,2-3H3	xerophilusin VI	CC(=O)OCC1(CCC(C23C1C(C(C45C2C(CC(C4O)C(=C)C5=O)O)(OC3)O)O)O)C	-1.70000005	23626813;102382577	COCONUT:(CNP0153424);KNApSAcK:(40691);PubChem:(23626813 102382577);PubMed	2097234
21	1	N/A	-350.913675915588	C22H30O9	[M + H]+	GGSRTZBCYWZKCQ	InChI=1S/C22H30O9/c1-27-17-10-14(5-6-16(17)25)22(30-4)20(12-24)31-15(11-23)7-13-8-18(28-2)21(26)19(9-13)29-3/h5-6,8-10,15,20,22-26H,7,11-12H2,1-4H3	null	COC1=CC(=CC(=C1O)OC)CC(CO)OC(CO)C(C2=CC(=C(C=C2)O)OC)OC	1.90311801	""	COCONUT:(CNP0420260);Natural Products:(UNPD200406)	2129920
22	1	N/A	-355.6840452801289	C22H30O9	[M + H]+	HIJPNHPIXAZIDF	InChI=1S/C22H30O9/c1-27-17-8-13(5-6-16(17)25)7-15(11-23)31-20(12-24)22(30-4)14-9-18(28-2)21(26)19(10-14)29-3/h5-6,8-10,15,20,22-26H,7,11-12H2,1-4H3	null	COC1=CC(=CC(=C1O)OC)C(C(CO)OC(CC2=CC(=C(C=C2)O)OC)CO)OC	1.90311801	""	COCONUT:(CNP0306856);Natural Products:(UNPD200405)	2129920
23	1	N/A	-367.52544364907305	C22H30O9	[M + H]+	KGJXPQCLJJWERC	InChI=1S/C22H30O9/c1-7-9(2)18(24)29-12-8-20(5,26)22-15(14-13(12)10(3)19(25)30-14)21(6,27)16(17(22)31-22)28-11(4)23/h7,10,12-17,26-27H,8H2,1-6H3	null	CC=C(C)C(=O)OC1CC(C23C(C4C1C(C(=O)O4)C)C(C(C2O3)OC(=O)C)(C)O)(C)O	0.669484019	""	COCONUT:(CNP0074955)	2097152
24	1	N/A	-369.7723075279481	C22H30O9	[M + H]+	IRSGLSHNRLNRSY	InChI=1S/C22H30O9/c1-7-10(2)15(24)29-13-8-14-22(31-14)16(28-12(4)23)21(9-19(22,5)11(13)3)18(26)30-17(25)20(21,6)27/h7,11,13-14,16-17,25,27H,8-9H2,1-6H3	null	CC=C(C)C(=O)OC1CC2C3(O2)C(C4(CC3(C1C)C)C(=O)OC(C4(C)O)O)OC(=O)C	1.29868686	""	COCONUT:(CNP0261738);Natural Products:(UNPD119435)	2129920
25	1	N/A	-374.05327780616994	C22H30O9	[M + H]+	YGOZDGLVNDTREI	InChI=1S/C22H30O9/c1-11(23)29-10-22(31-13(3)25)8-7-15-17(21(15,4)5)16-14(19(26)27-6)9-28-20(18(16)22)30-12(2)24/h9,15-18,20H,7-8,10H2,1-6H3	null	CC(=O)OCC1(CCC2C(C2(C)C)C3C1C(OC=C3C(=O)OC)OC(=O)C)OC(=O)C	1.8542335	""	COCONUT:(CNP0275277)	2097152
26	1	N/A	-374.4242545428051	C22H30O9	[M + H]+	KIZWNNDWEPUGBU	InChI=1S/C22H30O9/c1-8-5-12(24)17(26)20(4)11(8)6-13-21-7-29-22(28,19(20)21)16(25)9(2)14(21)15(18(27)31-13)30-10(3)23/h8-9,11,13-17,19,25-26,28H,5-7H2,1-4H3	(1|A,4|A,5xi,11|A,12|A,14|A,15|A)-1,11,12-trihydroxy-2,16-dioxo-11,20-epoxypicrasan-15-yl acetate	CC1CC(=O)C(C2(C1CC3C45C2C(C(C(C4C(C(=O)O3)OC(=O)C)C)O)(OC5)O)C)O	0.200000003	127554;21120860;50987475;53462039;101548960	MeSH:(127554);PubChem:(127554 21120860 50987475 53462039 101548960);PubMed	70
27	1	N/A	-378.21145957016256	C22H30O9	[M + H]+	GRGKJJGKXXGAKD	InChI=1S/C22H30O9/c1-27-17-9-14(8-15(25)10-17)21(30-4)20(12-24)31-22-18(28-2)6-13(5-16(26)11-23)7-19(22)29-3/h6-10,16,20-21,23-26H,5,11-12H2,1-4H3	null	COC1=CC(=CC(=C1)O)C(C(CO)OC2=C(C=C(C=C2OC)CC(CO)O)OC)OC	1.20000005	72188922	COCONUT:(CNP0159265);Natural Products:(UNPD210960);PubChem:(72188922)	2129922
28	1	N/A	-381.12285045105483	C22H30O9	[M + H]+	MFTGHHCPUVBWFW	InChI=1S/C22H30O9/c1-27-15-10-14(11-16(28-2)21(15)26)20(25)19(12-24)31-22-17(29-3)8-13(6-5-7-23)9-18(22)30-4/h8-11,19-20,23-26H,5-7,12H2,1-4H3	1-(4-hydroxy-3,5-dimethoxyphenyl)-2-[4-(3-hydroxypropyl)-2,6-dimethoxyphenoxy]propane-1,3-diol	COC1=CC(=CC(=C1OC(CO)C(C2=CC(=C(C(=C2)OC)O)OC)O)OC)CCCO	1.60000002	11697863;21574505	COCONUT:(CNP0187279);Natural Products:(UNPD180008 UNPD34593);PubChem:(11697863 21574505);SuperNatural:(SN00228515 SN00340898)	3178498
29	1	N/A	-382.7060162089347	C22H30O9	[M + H]+	OSFILHQVHGBLPK	InChI=1S/C22H30O9/c1-8-5-12(24)17(26)20(4)11(8)6-13-21-7-29-22(28,19(20)21)16(25)9(2)14(21)15(18(27)31-13)30-10(3)23/h9,12-17,19,24-26,28H,5-7H2,1-4H3	null	CC1C2C(C(=O)OC3C24COC(C1O)(C4C5(C(C(CC(=C5C3)C)O)O)C)O)OC(=O)C	-0.800000012	100990339	COCONUT:(CNP0143514);Natural Products:(UNPD23025);PubChem:(100990339);SuperNatural:(SN00398879)	3178498
30	1	N/A	-387.9254503041494	C22H30O9	[M + H]+	QLUMLFDCNGPCGF	InChI=1S/C22H30O9/c1-7-9(2)18(25)28-12-8-20(5,30-11(4)23)22-15(14-13(12)10(3)19(26)29-14)21(6,27)16(24)17(22)31-22/h7,10,12-17,24,27H,8H2,1-6H3	null	CC=C(C)C(=O)OC1CC(C23C(C4C1C(C(=O)O4)C)C(C(C2O3)O)(C)O)(C)OC(=O)C	0.669484019	""	COCONUT:(CNP0109764)	2097152
31	1	N/A	-439.57529601276724	C22H30O9	[M + H]+	ANAIPMYUPUEUDW	InChI=1S/C22H30O9/c1-11(2)8-15(9-14-6-7-16(24)17(10-14)28-5)21(26)31-20-19(30-13(4)23)18(25)12(3)29-22(20)27/h6-7,9-12,18-20,22,24-25,27H,8H2,1-5H3	null	CC1C(C(C(C(O1)O)OC(=O)C(=CC2=CC(=C(C=C2)O)OC)CC(C)C)OC(=O)C)O	2.36079717	""	COCONUT:(CNP0400901);SuperNatural:(SN00174606)	3145728
32	1	N/A	-459.11219256244755	C22H30O9	[M + H]+	XVPDRAKPYXYSTB	InChI=1S/C22H30O9/c1-4-10(2)14(23)15-19-8-11-13-16(24)30-18(11,3)22(27,31-21(13,15)26)12(19)9-29-20(17(19)25)6-5-7-28-20/h10-13,15,17,25-27H,4-9H2,1-3H3	null	CCC(C)C(=O)C1C23CC4C5C1(OC(C2COC6(C3O)CCCO6)(C4(OC5=O)C)O)O	-0.200000003	11059214;52913905;135083341	MeSH:(11059214);PubChem:(11059214 52913905 135083341);PubMed	70
33	1	N/A	-466.4364245961018	C22H30O9	[M + H]+	YWXLVYJTSKDZPJ	InChI=1S/C22H30O9/c1-11-4-3-5-13(28-11)8-14-6-12-7-15(9-16(27-2)18(12)21(26)29-14)30-22-20(25)19(24)17(10-23)31-22/h7,9,11,13-14,17,19-20,22-25H,3-6,8,10H2,1-2H3	null	CC1CCCC(O1)CC2CC3=C(C(=CC(=C3)OC4C(C(C(O4)CO)O)O)OC)C(=O)O2	1.89999998	139586584	PubChem:(139586584);COCONUT:(CNP0323083)	2097154
1	1	0.32332120827632255	-160.75844226198208	C22H32O10	[M - H2O + H]+	ZPCBYJQZZRLGIS	InChI=1S/C22H32O10/c1-3-4-5-6-7-8-9-10-11-29-21-20(28)18(26)16(24)14(32-21)12-30-22-19(27)17(25)15(23)13(2)31-22/h3-4,13-28H,9-12H2,1-2H3	null	CC=CC#CC#CCCCOC1C(C(C(C(O1)COC2C(C(C(C(O2)C)O)O)O)O)O)O	-1.20000005	46830375	COCONUT:(CNP0208593);Natural Products:(UNPD129819);PubChem:(46830375)	2129922
2	1	N/A	-199.67640600755914	C22H32O10	[M - H2O + H]+	LIRZSBYTAGXRSZ	InChI=1S/C22H32O10/c1-3-4-11-5-7-13(29-2)15(9-11)31-22-21(28)20(27)19(26)16(32-22)10-30-14-8-6-12(23)17(24)18(14)25/h3-5,7,9,12,14,16-28H,6,8,10H2,1-2H3	null	CC=CC1=CC(=C(C=C1)OC)OC2C(C(C(C(O2)COC3CCC(C(C3O)O)O)O)O)O	0.17273964	""	COCONUT:(CNP0177466);SuperNatural:(SN00177553)	3145728
3	1	N/A	-210.74677707685325	C22H32O10	[M - H2O + H]+	DSTVWMFPWBECRJ	InChI=1S/C22H32O10/c23-14-5-1-12(2-6-14)9-17(25)30-11-16-19(27)20(28)21(29)22(31-16)32-18(26)10-13-3-7-15(24)8-4-13/h1,3,14-16,19-24,27-29H,2,4-11H2	[(2R,3S,4S,5R,6S)-3,4,5-trihydroxy-6-[2-[(4S)-4-hydroxycyclohexen-1-yl]acetyl]oxyoxan-2-yl]methyl 2-[(4S)-4-hydroxycyclohexen-1-yl]acetate	C1CC(=CCC1O)CC(=O)OCC2C(C(C(C(O2)OC(=O)CC3=CCC(CC3)O)O)O)O	-1.29999995	21577091	COCONUT:(CNP0166127);KNApSAcK:(31819);Natural Products:(UNPD10109);PubChem:(21577091);SuperNatural:(SN00399357)	3178514
4	1	N/A	-219.14438023471345	C22H32O10	[M - H2O + H]+	UTTNMMFDHCADED	InChI=1S/C22H32O10/c1-10-6-12-21(8-29-11(2)23,17(27)15(10)32-13(24)7-19(3,4)28)20(5)16(26)14(25)18(31-12)22(20)9-30-22/h6,12,14-18,25-28H,7-9H2,1-5H3	null	CC1=CC2C(C(C1OC(=O)CC(C)(C)O)O)(C3(C(C(C(C34CO4)O2)O)O)C)COC(=O)C	-1.16910362	""	COCONUT:(CNP0220449);Natural Products:(UNPD34209);SuperNatural:(SN00283624)	3178496
5	1	N/A	-232.71671661843334	C22H32O10	[M - H2O + H]+	PPOAAMJIUQKYNN	InChI=1S/C22H32O10/c1-9(23)32-12-6-13-21(28,8-30-13)15-14(25)10-5-11(24)20(4)22(29,18(10,2)7-31-20)17(27)16(26)19(12,15)3/h10-15,17,24-25,27-29H,5-8H2,1-4H3	null	CC(=O)OC1CC2C(CO2)(C3C1(C(=O)C(C4(C5(COC4(C(CC5C3O)O)C)C)O)O)C)O	-2.4000001	6325030;101607468	COCONUT:(CNP0146971);Natural Products:(UNPD184559);PubChem:(6325030 101607468);SuperNatural:(SN00272577)	3178498
6	1	N/A	-242.85162356407739	C22H32O10	[M - H2O + H]+	QWTQHGRPPPISNQ	InChI=1S/C22H32O10/c1-3-11-12(8-15(24)25)13(20(29)30-2)9-22(6-4-5-7-22)19(11)32-21-18(28)17(27)16(26)14(10-23)31-21/h3,9,11-12,14,16-19,21,23,26-28H,1,4-8,10H2,2H3,(H,24,25)/p-1	null	COC(=O)C1=CC2(CCCC2)C(C(C1CC(=O)[O-])C=C)OC3C(C(C(C(O3)CO)O)O)O	0.157520533	""	COCONUT:(CNP0034435 CNP0190652);SuperNatural:(SN00166336)	3145728
7	1	N/A	-265.96780490402045	C22H32O10	[M - H2O + H]+	WXTMWYWXEZIKCD	InChI=1S/C22H32O10/c1-4-12-14(9-17(24)25)13(18(26)30-3)5-6-15(12)31-20-22(29)11(2)7-8-21(28,19(22)27)16(10-23)32-20/h4-5,11-12,14-16,19-20,23,27-29H,1,6-10H2,2-3H3,(H,24,25)/p-1	null	CC1CCC2(C(OC(C1(C2O)O)OC3CC=C(C(C3C=C)CC(=O)[O-])C(=O)OC)CO)O	-0.103487454	""	COCONUT:(CNP0069329 CNP0417664);SuperNatural:(SN00166333)	3145728
8	1	N/A	-266.54488089241744	C22H32O10	[M - H2O + H]+	CIJZZWKWDSLZRK	InChI=1S/C22H32O10/c23-14-3-1-13(2-4-14)11-17(25)31-12-16-18(26)19(27)20(28)21(32-16)30-10-9-22(29)7-5-15(24)6-8-22/h1-4,15-16,18-21,23-24,26-29H,5-12H2	null	C1CC(CCC1O)(CCOC2C(C(C(C(O2)COC(=O)CC3=CC=C(C=C3)O)O)O)O)O	0.461298496	""	COCONUT:(CNP0407226);Natural Products:(UNPD112472 UNPD176431);SuperNatural:(SN00390518 SN00259407)	3178496
9	1	N/A	-299.2868905515344	C22H32O10	[M - H2O + H]+	ROASQELKUPLKOX	InChI=1S/C22H32O10/c1-3-22(29)19(27)17(26)15(10-23)31-21(22)32-18-11-6-4-5-7-12(18)13(9-16(24)25)14(8-11)20(28)30-2/h5,7-8,11-13,15,17-19,21,23,26-27,29H,3-4,6,9-10H2,1-2H3,(H,24,25)/p-1	null	CCC1(C(C(C(OC1OC2C3CCC=CC2C(C(=C3)C(=O)OC)CC(=O)[O-])CO)O)O)O	0.0215160288	""	COCONUT:(CNP0067523 CNP0091566);SuperNatural:(SN00166331)	3145728
10	1	N/A	-317.52521962044943	C22H32O10	[M - H2O + H]+	ANQZPQXQPXBEDE	InChI=1S/C22H32O10/c1-10(2)7-15(24)30-16(11(3)4)18(25)28-9-22-14(29-13(6)23)8-21(27)12(5)20(32-22)31-19(26)17(21)22/h10-11,14,16-17,19-20,26-27H,5,7-9H2,1-4,6H3	null	CC(C)CC(=O)OC(C(C)C)C(=O)OCC12C(CC3(C1C(OC(C3=C)O2)O)O)OC(=O)C	1.0	71471744	COCONUT:(CNP0274411);Natural Products:(UNPD227100);PubChem:(71471744)	2129922
11	1	N/A	-320.7675101833496	C22H32O10	[M - H2O + H]+	INSIZZAHTZXHAX	InChI=1S/C22H32O10/c1-8-4-12(24)16-11(7-29-3)21(28)32-20(16)15-9(2)13(5-10(8)15)30-22-19(27)18(26)17(25)14(6-23)31-22/h10-20,22-27H,1-2,4-7H2,3H3	null	COCC1C2C(CC(=C)C3CC(C(=C)C3C2OC1=O)OC4C(C(C(C(O4)CO)O)O)O)O	-1.79999995	101665851	COCONUT:(CNP0270957);Natural Products:(UNPD107358 UNPD100019);PubChem:(101665851);SuperNatural:(SN00271797 SN00385084)	3178498
12	1	N/A	-321.4340159746427	C22H32O10	[M - H2O + H]+	AVKZRWFYBSEQEB	InChI=1S/C22H32O10/c1-29-13-7-10-3-5-22(15(10)17(26)20(13)30-2)6-4-12(11(24)8-22)31-21-19(28)18(27)16(25)14(9-23)32-21/h7,11-12,14,16,18-19,21,23-28H,3-6,8-9H2,1-2H3	null	COC1=C(C(=C2C(=C1)CCC23CCC(C(C3)O)OC4C(C(C(C(O4)CO)O)O)O)O)OC	0.200000003	138990066	PubChem:(138990066);COCONUT:(CNP0389106)	2097154
13	1	N/A	-333.0040368571286	C22H32O10	[M - H2O + H]+	MJUAEVZNNYRTEZ	InChI=1S/C22H32O10/c1-10(23)19-13(31-17-8-15(27-4)20(24)11(2)29-17)6-7-14(22(19)26)32-18-9-16(28-5)21(25)12(3)30-18/h6-7,11-12,15-18,20-21,24-26H,8-9H2,1-5H3	null	CC1C(C(CC(O1)OC2=C(C(=C(C=C2)OC3CC(C(C(O3)C)O)OC)O)C(=O)C)OC)O	1.40754342	""	COCONUT:(CNP0307086)	2097152