structureRankPerFormula	formulaRank	ConfidenceScore	CSI:FingerIDScore	molecularFormula	adduct	InChIkey2D	InChI	name	smiles	xlogp	pubchemids	links	dbflags
1	2	0.12235829265379519	-241.99113844499504	C27H30O13	[M - H2O + H]+	QNFMEZGAYVOUCH	InChI=1S/C27H30O13/c1-11-20(30)22(32)24(34)26(37-11)36-10-18-21(31)23(33)25(35)27(40-18)38-13-7-14(28)19-15(29)9-16(39-17(19)8-13)12-5-3-2-4-6-12/h2-9,11,18,20-28,30-35H,10H2,1H3	Chrysin 7-rutinoside	CC1C(C(C(C(O1)OCC2C(C(C(C(O2)OC3=CC(=C4C(=C3)OC(=CC4=O)C5=CC=CC=C5)O)O)O)O)O)O)O	-0.400000006	44257629;102208339	COCONUT:(CNP0285957);KNApSAcK:(4113);Natural Products:(UNPD162946 UNPD191207);PubChem:(44257629 102208339);SuperNatural:(SN00301538 SN00376194)	3178514
2	2	N/A	-250.82256331999787	C27H30O13	[M - H2O + H]+	VKIXHBBLGJKSAO	InChI=1S/C27H30O13/c1-11-20(30)22(32)24(34)26(37-11)36-10-19-21(31)23(33)25(35)27(40-19)38-14-6-7-15-16(29)9-17(39-18(15)8-14)12-2-4-13(28)5-3-12/h2-9,11,19-28,30-35H,10H2,1H3	7,4''-Dihydroxyflavone 7-rutinoside	CC1C(C(C(C(O1)OCC2C(C(C(C(O2)OC3=CC4=C(C=C3)C(=O)C=C(O4)C5=CC=C(C=C5)O)O)O)O)O)O)O	-1.0	44257573	COCONUT:(CNP0414242);KNApSAcK:(4118);Natural Products:(UNPD3716);PubChem:(44257573);SuperNatural:(SN00250667)	3178514
3	2	N/A	-257.32483117418366	C27H30O13	[M - H2O + H]+	WMSFFKXKPQJZPN	InChI=1S/C27H30O13/c1-11-19(29)22(32)24(34)26(38-11)37-10-18-21(31)23(33)25(35)27(40-18)39-14-6-7-15-17(8-14)36-9-16(20(15)30)12-2-4-13(28)5-3-12/h2-9,11,18-19,21-29,31-35H,10H2,1H3	null	CC1C(C(C(C(O1)OCC2C(C(C(C(O2)OC3=CC4=C(C=C3)C(=O)C(=CO4)C5=CC=C(C=C5)O)O)O)O)O)O)O	-1.0	101113443	COCONUT:(CNP0294285);KNApSAcK:(19115);Natural Products:(UNPD26540 UNPD57465);PubChem:(101113443);SuperNatural:(SN00256454 SN00377970)	3178514
4	2	N/A	-259.0808761008605	C27H30O13	[M - H2O + H]+	VBKYJCSLRMZJOH	InChI=1S/C27H30O13/c1-35-13-4-2-12(3-5-13)18-9-16(28)15-7-6-14(8-19(15)39-18)38-27-25(34)23(32)22(31)20(40-27)11-37-26-24(33)21(30)17(29)10-36-26/h2-9,17,20-27,29-34H,10-11H2,1H3	2-(4-methoxyphenyl)-7-[(2S,3R,4S,5S,6R)-3,4,5-trihydroxy-6-[[(2S,3R,4S,5R)-3,4,5-trihydroxyoxan-2-yl]oxymethyl]oxan-2-yl]oxychromen-4-one	COC1=CC=C(C=C1)C2=CC(=O)C3=C(O2)C=C(C=C3)OC4C(C(C(C(O4)COC5C(C(C(CO5)O)O)O)O)O)O	-1.10000002	5318902	COCONUT:(CNP0103799);Natural Products:(UNPD50908);PubChem:(5318902);SuperNatural:(SN00167068)	3178498
5	2	N/A	-263.7125983585652	C27H30O13	[M - H2O + H]+	YKLQOTMQENGJJX	InChI=1S/C27H30O13/c1-35-13-4-2-12(3-5-13)16-9-36-18-8-14(6-7-15(18)20(16)29)39-27-25(34)23(32)22(31)19(40-27)11-38-26-24(33)21(30)17(28)10-37-26/h2-9,17,19,21-28,30-34H,10-11H2,1H3	Kushenol O	COC1=CC=C(C=C1)C2=COC3=C(C2=O)C=CC(=C3)OC4C(C(C(C(O4)COC5C(C(C(CO5)O)O)O)O)O)O	-1.10000002	44257224	COCONUT:(CNP0132562);KNApSAcK:(10158);Natural Products:(UNPD28481);PubChem:(44257224);SuperNatural:(SN00247466)	3178514
6	2	N/A	-277.00590354005647	C27H30O13	[M - H2O + H]+	CZGWUJZIXTTXAK	InChI=1S/C27H30O13/c1-11-23(32)25(34)26(35)27(37-11)36-10-20-24(33)17(31)9-21(40-20)38-14-6-15(29)22-16(30)8-18(39-19(22)7-14)12-2-4-13(28)5-3-12/h2-8,11,17,20-21,23-29,31-35H,9-10H2,1H3	null	CC1C(C(C(C(O1)OCC2C(C(CC(O2)OC3=CC(=C4C(=C3)OC(=CC4=O)C5=CC=C(C=C5)O)O)O)O)O)O)O	0.546242654	""	COCONUT:(CNP0041169 CNP0166254);SuperNatural:(SN00177397)	3145728
7	2	N/A	-288.82345344433685	C27H30O13	[M - H2O + H]+	PJHJORWYAZKNAL	InChI=1S/C27H30O13/c1-35-14-4-2-13(3-5-14)17-9-36-18-8-15(6-7-16(18)20(17)29)39-25-23(32)22(31)21(30)19(40-25)10-37-26-24(33)27(34,11-28)12-38-26/h2-9,19,21-26,28,30-34H,10-12H2,1H3	null	COC1=CC=C(C=C1)C2=COC3=C(C2=O)C=CC(=C3)OC4C(C(C(C(O4)COC5C(C(CO5)(CO)O)O)O)O)O	-0.800000012	51136406	COCONUT:(CNP0265899);KNApSAcK:(31789);Natural Products:(UNPD48513 UNPD148215);PubChem:(51136406);SuperNatural:(SN00335707 SN00041014);ZINC bio:(ZINC67912921);additional	3710994
8	2	N/A	-292.1396128214162	C27H30O13	[M - H2O + H]+	FCQTVNINJJNTOJ	InChI=1S/C27H30O13/c1-10-19(30)22(33)25(36)27(38-10)37-9-16-20(31)23(34)24(35)26(40-16)18-13(29)8-15-17(21(18)32)12(28)7-14(39-15)11-5-3-2-4-6-11/h2-8,10,16,19-20,22-27,29-36H,9H2,1H3	null	CC1C(C(C(C(O1)OCC2C(C(C(C(O2)C3=C(C4=C(C=C3O)OC(=CC4=O)C5=CC=CC=C5)O)O)O)O)O)O)O	-1.10000002	73425797	COCONUT:(CNP0231578);Natural Products:(UNPD221675);PubChem:(73425797)	2129922
9	2	N/A	-294.387702729757	C27H30O13	[M - H2O + H]+	ZUUPZDSDPDQRJK	InChI=1S/C27H30O13/c1-9-20(32)23(35)26(40-27-24(36)22(34)19(31)10(2)38-27)25(37-9)18-14(30)8-16-17(21(18)33)13(29)7-15(39-16)11-3-5-12(28)6-4-11/h3-10,19-20,22-28,30-36H,1-2H3	6-[(2R,3S,4R,5S,6S)-4,5-dihydroxy-6-methyl-3-[(2S,3R,4R,5R,6S)-3,4,5-trihydroxy-6-methyloxan-2-yl]oxyoxan-2-yl]-5,7-dihydroxy-2-(4-hydroxyphenyl)chromen-4-one	CC1C(C(C(C(O1)C2=C(C3=C(C=C2O)OC(=CC3=O)C4=CC=C(C=C4)O)O)OC5C(C(C(C(O5)C)O)O)O)O)O	-0.400000006	11952944;45360066;95224407;95224408;95224409;95224410;124871545;124871546;124871547;124871548	COCONUT:(CNP0269011);PubChem:(11952944 45360066 95224407 95224408 95224409 95224410 124871545 124871546 124871547 124871548);SuperNatural:(SN00040547 SN00040546 SN00040549 SN00040548);ZINC bio:(ZINC67911710 ZINC67911711 ZINC67911713 ZINC67911716);additional;Training Set	3694594
10	2	N/A	-300.69892624264526	C27H30O13	[M - H2O + H]+	IXLRJZZLTLIEPP	InChI=1S/C27H30O13/c1-11-21(31)25(40-26-23(33)22(32)17(30)10-36-26)24(34)27(37-11)38-13-5-3-12(4-6-13)18-9-16(29)20-15(28)7-14(35-2)8-19(20)39-18/h3-9,11,17,21-28,30-34H,10H2,1-2H3	null	CC1C(C(C(C(O1)OC2=CC=C(C=C2)C3=CC(=O)C4=C(C=C(C=C4O3)OC)O)O)OC5C(C(C(CO5)O)O)O)O	0.200000003	11092942	COCONUT:(CNP0142511);Natural Products:(UNPD189084);PubChem:(11092942);SuperNatural:(SN00402461)	3178498
11	2	N/A	-304.6169187851856	C27H30O13	[M - H2O + H]+	HPTOQSCKOYXXPI	InChI=1S/C27H30O13/c1-10-15(7-13-17(25(10)36-2)19(30)12-6-4-3-5-11(12)18(13)29)39-27-24(35)22(33)21(32)16(40-27)9-38-26-23(34)20(31)14(28)8-37-26/h3-7,14,16,20-24,26-28,31-35H,8-9H2,1-2H3	null	CC1=C(C=C2C(=C1OC)C(=O)C3=CC=CC=C3C2=O)OC4C(C(C(C(O4)COC5C(C(C(CO5)O)O)O)O)O)O	-0.198416635	""	COCONUT:(CNP0204729);Natural Products:(UNPD113835 UNPD9250 UNPD41278);SuperNatural:(SN00314000 SN00273628 SN00277978)	3178496
12	2	N/A	-305.48938045183826	C27H30O13	[M - H2O + H]+	GJBRADPPUCQNGC	InChI=1S/C27H30O13/c1-10-19(29)22(32)24(34)26(37-10)39-13-5-3-12(4-6-13)15-9-36-17-8-14(7-16(28)18(17)21(15)31)40-27-25(35)23(33)20(30)11(2)38-27/h3-11,19-20,22-30,32-35H,1-2H3	genistein-4'',7-di-alpha-L-6-deoxy-talopyranoside	CC1C(C(C(C(O1)OC2=CC=C(C=C2)C3=COC4=CC(=CC(=C4C3=O)O)OC5C(C(C(C(O5)C)O)O)O)O)O)O	0.100000001	16091460;23815268;68610093;134859053	COCONUT:(CNP0290215);KNApSAcK:(18217);Natural Products:(UNPD122457 UNPD89804);PubChem:(16091460 23815268 68610093 134859053);SuperNatural:(SN00304958 SN00038605 SN00361470);CHEBI:(66187);ZINC bio:(ZINC38139628);additional;MeSH:(16091460);Training Set;PubMed	3727478
13	2	N/A	-312.9389193354965	C27H30O13	[M - H2O + H]+	SJJKJSJCDCJFNW	InChI=1S/C27H30O13/c1-10-22(32)15(31)8-17(37-10)20-14(30)7-18-21(24(20)34)13(29)6-16(39-18)11-2-4-12(5-3-11)38-27-26(36)25(35)23(33)19(9-28)40-27/h2-7,10,15,17,19,22-23,25-28,30-36H,8-9H2,1H3	Rhamnellaflavoside A	CC1C(C(CC(O1)C2=C(C3=C(C=C2O)OC(=CC3=O)C4=CC=C(C=C4)OC5C(C(C(C(O5)CO)O)O)O)O)O)O	-0.100000001	44257779;44257780	COCONUT:(CNP0244706);KNApSAcK:(14045);Natural Products:(UNPD91567 UNPD115641 UNPD39047 UNPD129495 UNPD87003 UNPD102128);PubChem:(44257779 44257780);SuperNatural:(SN00324414 SN00383691 SN00383318 SN00291968 SN00389682 SN00227554)	3178514
14	2	N/A	-314.1138141193601	C27H30O13	[M - H2O + H]+	JQCQLXDUQWVETL	InChI=1S/C27H30O13/c1-10-19(30)22(33)24(35)26(37-10)18-15(39-27-25(36)23(34)20(31)16(9-28)40-27)8-14-17(21(18)32)12(29)7-13(38-14)11-5-3-2-4-6-11/h2-8,10,16,19-20,22-28,30-36H,9H2,1H3	null	CC1C(C(C(C(O1)C2=C(C=C3C(=C2O)C(=O)C=C(O3)C4=CC=CC=C4)OC5C(C(C(C(O5)CO)O)O)O)O)O)O	-0.699999988	11060770	COCONUT:(CNP0114686);Natural Products:(UNPD78987);PubChem:(11060770);SuperNatural:(SN00350594)	3178498
15	2	N/A	-315.26915659637973	C27H30O13	[M - H2O + H]+	KBUZXDWTJJMXMB	InChI=1S/C27H30O13/c1-8-17(30)21(34)23(36)26(38-8)15-19(32)14-12(29)7-13(10-3-5-11(28)6-4-10)40-25(14)16(20(15)33)27-24(37)22(35)18(31)9(2)39-27/h3-9,17-18,21-24,26-28,30-37H,1-2H3	6,8-Di-C-rhamnosylapigenin	CC1C(C(C(C(O1)C2=C(C(=C3C(=C2O)C(=O)C=C(O3)C4=CC=C(C=C4)O)C5C(C(C(C(O5)C)O)O)O)O)O)O)O	-1.29999995	44257707	PubChem:(44257707);KNApSAcK:(6396)	18
16	2	N/A	-316.73262898635045	C27H30O13	[M - H2O + H]+	TUUBGLDJKKCMRH	InChI=1S/C27H30O13/c1-35-14-4-2-13(3-5-14)17-10-36-18-8-15(6-7-16(18)20(17)30)38-25-23(22(32)21(31)19(9-28)39-25)40-26-24(33)27(34,11-29)12-37-26/h2-8,10,19,21-26,28-29,31-34H,9,11-12H2,1H3	Glycyroside	COC1=CC=C(C=C1)C2=COC3=C(C2=O)C=CC(=C3)OC4C(C(C(C(O4)CO)O)O)OC5C(C(CO5)(CO)O)O	-0.200000003	6325281;45783072;44257223;95223233;95223234;95223235;95223236;101939210;124903798;124903799;133556330	COCONUT:(CNP0201601);KNApSAcK:(10157);Natural Products:(UNPD35805);PubChem:(6325281 45783072 44257223 95223233 95223234 95223235 95223236 101939210 124903798 124903799 133556330);SuperNatural:(SN00039940 SN00231595 SN00039938 SN00039941 SN00162521 SN00039939);ZINC bio:(ZINC67903516 ZINC67903518 ZINC67903521 ZINC67903522);additional;Training Set	3727378
17	2	N/A	-317.1529185657071	C27H30O13	[M - H2O + H]+	JNFIIHAPWGTZJC	InChI=1S/C27H30O13/c1-10-20(32)22(34)23(35)27(38-10)40-26-21(33)15(31)9-37-25(26)19-17(36-2)8-14(30)18-13(29)7-16(39-24(18)19)11-3-5-12(28)6-4-11/h3-8,10,15,20-23,25-28,30-35H,9H2,1-2H3	Molludistin 2''''-O-rhamnoside	CC1C(C(C(C(O1)OC2C(C(COC2C3=C(C=C(C4=C3OC(=CC4=O)C5=CC=C(C=C5)O)O)OC)O)O)O)O)O	-0.5	44258327;74977784	COCONUT:(CNP0081404);HMDB:(37418);KNApSAcK:(6250);PubChem:(44258327 74977784);PubChem class - bio and metabolites	18874394
18	2	N/A	-320.1144415459704	C27H30O13	[M - H2O + H]+	UKFJWXXCEYIQKT	InChI=1S/C27H30O13/c1-10-20(31)22(33)24(35)26(37-10)27(25(36)23(34)21(32)11(2)39-27)40-14-7-15(29)19-16(30)9-17(38-18(19)8-14)12-3-5-13(28)6-4-12/h3-11,20-26,28-29,31-36H,1-2H3	null	CC1C(C(C(C(O1)C2(C(C(C(C(O2)C)O)O)O)OC3=CC(=C4C(=C3)OC(=CC4=O)C5=CC=C(C=C5)O)O)O)O)O	-0.202515706	""	COCONUT:(CNP0353048);Natural Products:(UNPD39199)	2129920
19	2	N/A	-323.57742175538044	C27H30O13	[M - H2O + H]+	QWQINSCQRIBWBV	InChI=1S/C27H30O13/c1-10-19(32)21(34)23(36)27(37-10)40-26-22(35)20(33)17(9-28)39-25(26)18-14(30)7-6-13-15(31)8-16(38-24(13)18)11-2-4-12(29)5-3-11/h2-8,10,17,19-23,25-30,32-36H,9H2,1H3	sophoraflavone a	CC1C(C(C(C(O1)OC2C(C(C(OC2C3=C(C=CC4=C3OC(=CC4=O)C5=CC=C(C=C5)O)O)CO)O)O)O)O)O	-1.10000002	184512;44257570	PubChem:(184512 44257570);KNApSAcK:(6199)	18
20	2	N/A	-323.6975066519824	C27H30O13	[M - H2O + H]+	KUUMLWIXIZISJJ	InChI=1S/C27H30O13/c1-10-19(31)22(34)24(36)27(37-10)40-26-23(35)20(32)16(9-28)39-25(26)18-13(30)8-15-17(21(18)33)12(29)7-14(38-15)11-5-3-2-4-6-11/h2-8,10,16,19-20,22-28,30-36H,9H2,1H3	null	CC1C(C(C(C(O1)OC2C(C(C(OC2C3=C(C=C4C(=C3O)C(=O)C=C(O4)C5=CC=CC=C5)O)CO)O)O)O)O)O	-0.469016343	""	COCONUT:(CNP0183581);Natural Products:(UNPD211480)	2129920
21	2	N/A	-326.06863985859457	C27H30O13	[M - H2O + H]+	IXZYOWXVJDLODC	InChI=1S/C27H30O13/c1-11-17(29)20(32)22(34)26(36-11)37-13-7-8-14-15(9-13)38-24(12-5-3-2-4-6-12)25(18(14)30)40-27-23(35)21(33)19(31)16(10-28)39-27/h2-9,11,16-17,19-23,26-29,31-35H,10H2,1H3	null	CC1C(C(C(C(O1)OC2=CC3=C(C=C2)C(=O)C(=C(O3)C4=CC=CC=C4)OC5C(C(C(C(O5)CO)O)O)O)O)O)O	0.00854153	""	COCONUT:(CNP0202952);Natural Products:(UNPD113536);SuperNatural:(SN00257531)	3178496
22	2	N/A	-329.4885921387503	C27H30O13	[M - H2O + H]+	GIILFYALMDFGHW	InChI=1S/C27H30O13/c1-11-18(28)20(30)22(32)25(37-11)39-27-24(34)21(31)23(33)26(40-27)38-14-7-8-15-17(9-14)36-10-16(19(15)29)12-3-5-13(35-2)6-4-12/h3-11,18,20-28,30-34H,1-2H3	null	CC1C(C(C(C(O1)OC2C(C(C(C(O2)OC3=CC4=C(C=C3)C(=O)C(=CO4)C5=CC=C(C=C5)OC)O)O)O)O)O)O	0.405681461	""	COCONUT:(CNP0049404);Natural Products:(UNPD76182);SuperNatural:(SN00331523)	3178496
23	2	N/A	-335.65105130948353	C27H30O13	[M - H2O + H]+	LFECMQHDADBFMC	InChI=1S/C27H30O13/c1-11-20(31)21(32)23(34)26(36-11)40-25-18(10-28)39-27(24(35)22(25)33)37-13-7-14(29)19-15(30)9-16(38-17(19)8-13)12-5-3-2-4-6-12/h2-9,11,18,20-29,31-35H,10H2,1H3	null	CC1C(C(C(C(O1)OC2C(OC(C(C2O)O)OC3=CC(=C4C(=C3)OC(=CC4=O)C5=CC=CC=C5)O)CO)O)O)O	-0.400000006	11017182;71730329;78161769	COCONUT:(CNP0193951);HMDB:(39934);Natural Products:(UNPD148792);PubChem:(11017182 71730329 78161769);SuperNatural:(SN00351588);PubChem class - bio and metabolites	19955722
24	2	N/A	-338.97723841560725	C27H30O13	[M - H2O + H]+	ABVOEFOLDBPXHB	InChI=1S/C27H30O13/c1-11-21(31)23(33)25(35)27(39-11,26-24(34)22(32)17(30)10-37-26)40-14-7-15(28)20-16(29)9-18(38-19(20)8-14)12-3-5-13(36-2)6-4-12/h3-9,11,17,21-26,28,30-35H,10H2,1-2H3	null	CC1C(C(C(C(O1)(C2C(C(C(CO2)O)O)O)OC3=CC(=C4C(=C3)OC(=CC4=O)C5=CC=C(C=C5)OC)O)O)O)O	-0.24530834	""	COCONUT:(CNP0198742);Natural Products:(UNPD105182);SuperNatural:(SN00350504)	3178496
25	2	N/A	-342.26117178493945	C27H30O13	[M - H2O + H]+	YRZRTUZYRIQDNQ	InChI=1S/C27H30O13/c1-35-14-4-2-13(3-5-14)17-9-36-18-8-15(6-7-16(18)20(17)28)38-11-27(34)12-39-26(24(27)32)37-10-19-21(29)22(30)23(31)25(33)40-19/h2-9,19,21-26,29-34H,10-12H2,1H3	null	COC1=CC=C(C=C1)C2=COC3=C(C2=O)C=CC(=C3)OCC4(COC(C4O)OCC5C(C(C(C(O5)O)O)O)O)O	-0.401037127	""	COCONUT:(CNP0323433);Natural Products:(UNPD85398);SuperNatural:(SN00399947)	3178496
26	2	N/A	-342.36644481475327	C27H30O13	[M - H2O + H]+	DDCBRDQSIXIRMC	InChI=1S/C27H30O13/c1-9-6-7-12-16(19(31)11-4-3-5-13(28)15(11)18(12)30)25(9)40-27-24(36)22(34)20(32)14(39-27)8-37-26-23(35)21(33)17(29)10(2)38-26/h3-7,10,14,17,20-24,26-29,32-36H,8H2,1-2H3	null	CC1C(C(C(C(O1)OCC2C(C(C(C(O2)OC3=C(C=CC4=C3C(=O)C5=C(C4=O)C(=CC=C5)O)C)O)O)O)O)O)O	-0.155624002	""	COCONUT:(CNP0263642);Natural Products:(UNPD147828);SuperNatural:(SN00275685)	3178496
27	2	N/A	-343.81127447775344	C27H30O13	[M - H2O + H]+	LWEYUJXFCBVVGX	InChI=1S/C27H30O13/c1-10-17(29)20(32)22(34)26(36-10)38-13-8-14(28)16-15(9-13)39-24(12-6-4-3-5-7-12)25(19(16)31)40-27-23(35)21(33)18(30)11(2)37-27/h3-11,17-18,20-23,26-30,32-35H,1-2H3	null	CC1C(C(C(C(O1)OC2=CC(=C3C(=C2)OC(=C(C3=O)OC4C(C(C(C(O4)C)O)O)O)C5=CC=CC=C5)O)O)O)O	0.300000012	132496246	COCONUT:(CNP0334049);Natural Products:(UNPD99993);PubChem:(132496246);SuperNatural:(SN00358568)	3178498
28	2	N/A	-345.2408324484177	C27H30O13	[M - H2O + H]+	TYUPOCDEQAAAMI	InChI=1S/C27H30O13/c1-36-11-5-3-10(4-6-11)15-7-12(28)16-21(33)17(26-22(34)19(31)13(29)8-38-26)24(37-2)18(25(16)40-15)27-23(35)20(32)14(30)9-39-27/h3-7,13-14,19-20,22-23,26-27,29-35H,8-9H2,1-2H3	5-Hydroxy-7,4''-dimethoxyflavone 6,8-di-C-arabinopyranoside	COC1=CC=C(C=C1)C2=CC(=O)C3=C(C(=C(C(=C3O2)C4C(C(C(CO4)O)O)O)OC)C5C(C(C(CO5)O)O)O)O	-1.5	44258362	COCONUT:(CNP0183421);KNApSAcK:(6238);Natural Products:(UNPD23966 UNPD6030);PubChem:(44258362);SuperNatural:(SN00231264 SN00252500)	3178514
29	2	N/A	-348.7622254429455	C27H30O13	[M - H2O + H]+	MUISKFHYOCFOTJ	InChI=1S/C27H30O13/c1-10-20(31)22(33)24(35)27(38-10)39-12-5-3-11(4-6-12)16-7-13(28)18-17(40-16)8-14(29)19(25(18)36-2)26-23(34)21(32)15(30)9-37-26/h3-8,10,15,20-24,26-27,29-35H,9H2,1-2H3	null	CC1C(C(C(C(O1)OC2=CC=C(C=C2)C3=CC(=O)C4=C(O3)C=C(C(=C4OC)C5C(C(C(CO5)O)O)O)O)O)O)O	-1.29999995	23789050	COCONUT:(CNP0069869);PubChem:(23789050);SuperNatural:(SN00038582 SN00038583 SN00038585 SN00038584);ZINC bio:(ZINC38139544 ZINC38139545 ZINC38139546 ZINC38139547)	3153922
30	2	N/A	-352.74375608226313	C27H30O13	[M - H2O + H]+	WIMQJQBCUWDMHZ	InChI=1S/C27H30O13/c1-9-6-12-17(20(32)16-11(18(12)30)4-3-5-13(16)29)14(7-9)38-26-24(36)22(34)25(10(2)37-26)40-27-23(35)21(33)19(31)15(8-28)39-27/h3-7,10,15,19,21-29,31,33-36H,8H2,1-2H3	null	CC1C(C(C(C(O1)OC2=C3C(=CC(=C2)C)C(=O)C4=C(C3=O)C(=CC=C4)O)O)O)OC5C(C(C(C(O5)CO)O)O)O	-0.155624002	""	COCONUT:(CNP0413658);Natural Products:(UNPD108908)	2129920
31	2	N/A	-362.50574073269905	C27H30O13	[M - H2O + H]+	BPMTYYRIECTJBA	InChI=1S/C27H30O13/c1-11-19(30)22(33)24(35)26(38-11)27(25(36)23(34)21(32)18(9-28)40-27)39-14-6-7-15-17(8-14)37-10-16(20(15)31)12-2-4-13(29)5-3-12/h2-8,10-11,18-19,21-26,28-30,32-36H,9H2,1H3	null	CC1C(C(C(C(O1)C2(C(C(C(C(O2)CO)O)O)O)OC3=CC4=C(C=C3)C(=O)C(=CO4)C5=CC=C(C=C5)O)O)O)O	-0.898654342	""	COCONUT:(CNP0163780);Natural Products:(UNPD146045)	2129920
32	2	N/A	-371.08531571345105	C27H30O13	[M - H2O + H]+	FQJPFALCBBNKHM	InChI=1S/C27H30O13/c1-35-14-4-2-13(3-5-14)17-10-36-18-7-6-15(8-16(18)20(17)30)38-25-23(22(32)21(31)19(9-28)39-25)40-26-24(33)27(34,11-29)12-37-26/h2-8,10,19,21-26,28-29,31-34H,9,11-12H2,1H3	null	COC1=CC=C(C=C1)C2=COC3=C(C2=O)C=C(C=C3)OC4C(C(C(C(O4)CO)O)O)OC5C(C(CO5)(CO)O)O	-0.401037127	""	COCONUT:(CNP0251521);Natural Products:(UNPD41258);SuperNatural:(SN00315128)	3178496
33	2	N/A	-376.2864556906847	C27H30O13	[M - H2O + H]+	QKEXFCYHIQKPSV	InChI=1S/C27H30O13/c28-10-17-20(30)22(32)24(34)26(39-17)36-11-18-21(31)23(33)25(35)27(40-18)38-14-7-3-1-5-12(14)9-16-19(29)13-6-2-4-8-15(13)37-16/h1-9,17-18,20-28,30-35H,10-11H2	Dalmaisione D	C1=CC=C(C(=C1)C=C2C(=O)C3=CC=CC=C3O2)OC4C(C(C(C(O4)COC5C(C(C(C(O5)CO)O)O)O)O)O)O	-0.699999988	11734426;42607755	COCONUT:(CNP0113014);KNApSAcK:(14663);Natural Products:(UNPD46680);PubChem:(11734426 42607755);SuperNatural:(SN00392171)	3178514
34	2	N/A	-379.2449618922643	C27H30O13	[M - H2O + H]+	JTDCBLLHQWIXFM	InChI=1S/C27H30O13/c28-10-15-18(31)20(33)22(35)26(37-15)40-25-21(34)19(32)16(11-29)38-27(25)39-24-17(30)13-8-4-5-9-14(13)36-23(24)12-6-2-1-3-7-12/h1-9,15-16,18-22,25-29,31-35H,10-11H2	Flavonol 3-O-beta-D-glucosyl-(1->2)-beta-D-glucoside	C1=CC=C(C=C1)C2=C(C(=O)C3=CC=CC=C3O2)OC4C(C(C(C(O4)CO)O)O)OC5C(C(C(C(O5)CO)O)O)O	-0.400000006	11954211	COCONUT:(CNP0023293);KEGG:(C15581);PubChem:(11954211);SuperNatural:(SN00215174)	3145986
35	2	N/A	-385.10759276964416	C27H30O13	[M - H2O + H]+	SLCJQMHYGNUWLY	InChI=1S/C27H30O13/c1-4-11(2)26(35)37-10-19-21(31)23(33)24(34)27(40-19)39-18-9-17-20(22(32)25(18)36-3)15(30)8-16(38-17)12-5-6-13(28)14(29)7-12/h5-9,11,19,21,23-24,27-29,31-34H,4,10H2,1-3H3	6-Methoxyluteolin 7-[6''''-(2-methylbutyryl) glucoside]	CCC(C)C(=O)OCC1C(C(C(C(O1)OC2=C(C(=C3C(=C2)OC(=CC3=O)C4=CC(=C(C=C4)O)O)O)OC)O)O)O	1.89999998	44258512;101633397	PubChem:(44258512 101633397);KNApSAcK:(4516)	18
36	2	N/A	-422.2251279579542	C27H30O13	[M - H2O + H]+	HUCNZRPYZDCCEF	InChI=1S/C27H30O13/c1-34-14-4-10(5-15(35-2)20(14)29)18-12-6-16-25(38-9-37-16)24(13(12)3-11-8-36-26(33)19(11)18)40-27-23(32)22(31)21(30)17(7-28)39-27/h4-6,11,17-19,21-23,27-32H,3,7-9H2,1-2H3	9-(4-hydroxy-3,5-dimethoxyphenyl)-4-[3,4,5-trihydroxy-6-(hydroxymethyl)oxan-2-yl]oxy-5a,6,8a,9-tetrahydro-5H-[2]benzofuro[6,5-f][1,3]benzodioxol-8-one	COC1=CC(=CC(=C1O)OC)C2C3C(CC4=C(C5=C(C=C24)OCO5)OC6C(C(C(C(O6)CO)O)O)O)COC3=O	0.800000012	294474;11972430;70694103;92247632;92247633;92247634;92247635;101688100;124903535;124903536;124903537;124903538	COCONUT:(CNP0182708);Natural Products:(UNPD142941);PubChem:(294474 11972430 70694103 92247632 92247633 92247634 92247635 101688100 124903535 124903536 124903537 124903538);SuperNatural:(SN00036311 SN00036313 SN00168051 SN00036312 SN00036310);ZINC bio:(ZINC05022640 ZINC05022641 ZINC05022642 ZINC05022643);additional;Training Set;PubMed	3727426
37	2	N/A	-425.6060775294448	C27H30O13	[M - H2O + H]+	IRXOGXQUOWRWDO	InChI=1S/C27H30O13/c1-34-16-3-10(4-17(35-2)25(16)40-27-24(32)23(31)22(30)18(7-28)39-27)19-11-5-14-15(38-9-37-14)6-12(11)21(29)13-8-36-26(33)20(13)19/h3-6,13,18-24,27-32H,7-9H2,1-2H3	null	COC1=CC(=CC(=C1OC2C(C(C(C(O2)CO)O)O)O)OC)C3C4C(COC4=O)C(C5=CC6=C(C=C35)OCO6)O	0.478818864	""	COCONUT:(CNP0245732)	2097152
38	2	N/A	-426.07145879594356	C27H30O13	[M - H2O + H]+	FOVRGQUEGRCWPD	InChI=1S/C27H30O13/c1-34-16-3-10(4-17(35-2)21(16)29)19-11-5-14-15(38-9-37-14)6-12(11)25(13-8-36-26(33)20(13)19)40-27-24(32)23(31)22(30)18(7-28)39-27/h3-6,13,18-20,22-25,27-32H,7-9H2,1-2H3	Lignan P	COC1=CC(=CC(=C1O)OC)C2C3C(COC3=O)C(C4=CC5=C(C=C24)OCO5)OC6C(C(C(C(O6)CO)O)O)O	0.478818864	159949;170385;345517;10844308;9959529;59890040;101616478;101688099;134990968	COCONUT:(CNP0228405);Natural Products:(UNPD20423 UNPD52730 UNPD110587 UNPD143985);PubChem:(159949 170385 345517 10844308 9959529 59890040 101616478 101688099 134990968);SuperNatural:(SN00286869 SN00270100 SN00270660);MeSH:(159949);PubMed	3178566
39	2	N/A	-516.2601507510203	C27H30O13	[M - H2O + H]+	LQSUPIMCWZKHAQ	InChI=1S/C27H30O13/c1-26-7-8-27(9-14(22(34)40-27)17(30)12-3-5-13(29)6-4-12)21(26)25(37-11-15(26)23(35)36-2)39-24-20(33)19(32)18(31)16(10-28)38-24/h3-9,11,16-21,24-25,28-33H,10H2,1-2H3	null	CC12C=CC3(C1C(OC=C2C(=O)OC)OC4C(C(C(C(O4)CO)O)O)O)C=C(C(=O)O3)C(C5=CC=C(C=C5)O)O	-0.568695843	""	COCONUT:(CNP0358232)	2097152
40	2	N/A	-577.9895121869332	C27H30O13	[M - H2O + H]+	YZBJKHZNDVUYIY	InChI=1S/C27H30O13/c1-3-17-25(36-13-18-24(33)35-11-10-27(17,18)34)40-26-23(37-14(2)29)21(32)22(19(12-28)38-26)39-20(31)9-6-15-4-7-16(30)8-5-15/h3-9,13,17,19,21-23,25-26,28,30,32,34H,1,10-12H2,2H3	null	CC(=O)OC1C(C(C(OC1OC2C(C3(CCOC(=O)C3=CO2)O)C=C)CO)OC(=O)C=CC4=CC=C(C=C4)O)O	0.612733126	""	COCONUT:(CNP0256134);Natural Products:(UNPD134586 UNPD6489);SuperNatural:(SN00235547 SN00269885)	3178496