structureRankPerFormula	formulaRank	ConfidenceScore	CSI:FingerIDScore	molecularFormula	adduct	InChIkey2D	InChI	name	smiles	xlogp	pubchemids	links	dbflags
1	1	N/A	-431.23044319540514	C6H15N4O5P	[M + Na]+	CCTIOCVIZPCTGO	InChI=1S/C6H15N4O5P/c7-4(5(11)12)2-1-3-9-6(8)10-16(13,14)15/h4H,1-3,7H2,(H,11,12)(H5,8,9,10,13,14,15)	arginine-P	C(CC(C(=O)O)N)CN=C(N)NP(=O)(O)O	-5.4000001	92150;440551;4134278;4302935;23421137;25201356	HMDB:(29438);SuperNatural:(SN00379636);ZINC bio:(ZINC01530092);MeSH:(92150 440551 25201356);Plantcyc:(L-ARGININE-P);PubMed;NORMAN:(NS00023830);COCONUT:(CNP0264900);Natural Products:(UNPD101478);PubChem:(92150 440551 4134278 4302935 23421137 25201356);CHEBI:(58477 18412);PubChem class - bio and metabolites;KEGG:(C05945);PubChem class - safety and toxic;Biocyc:(L-ARGININE-P)	87468398
1	2	N/A	-308.0179209092379	C11H9F3N4	[M + Na]+	USLYBKVDQYCANO	InChI=1S/C11H9F3N4/c1-8(9-5-3-2-4-6-9)7-18-10(11(12,13)14)15-16-17-18/h2-7H,1H3	null	CC(=CN1C(=NN=N1)C(F)(F)F)C2=CC=CC=C2	3.16055369	""	COCONUT:(CNP0041836);SuperNatural:(SN00137619)	3145728
1	4	0.024514263465590814	-251.04465134026952	C10H8N6O4	[M + H]+	QHGNJLJFLSMZMG	InChI=1S/C10H8N6O4/c1-2-20-9(18)4(3-11)6-12-7-5(15-16-6)8(17)14-10(19)13-7/h4H,2H2,1H3,(H2,12,13,14,16,17,19)	ethyl 2-cyano-2-(6,8-dioxo-5H-pyrimido[4,5-e][1,2,4]triazin-3-yl)acetate	CCOC(=O)C(C#N)C1=NC2=C(C(=O)NC(=O)N2)N=N1	-1.39999998	5746931	PubChem:(5746931);PubChem class - safety and toxic	67108866
1	4	N/A	-389.22824170897144	C10H10N6O5	[M - H2O + H]+	UCFHTFFUSIAMHZ	InChI=1S/C10H10N6O5/c11-1-4-2-16(10(20)13-8(4)19)9-6(14-15-12)7(18)5(3-17)21-9/h2,5-7,9,17-18H,3H2,(H,13,19,20)	null	C1=C(C(=O)NC(=O)N1C2C(C(C(O2)CO)O)N=[N+]=[N-])C#N	-0.800000012	101787073;123322958	MeSH:(101787073);PubChem:(101787073 123322958);PubMed	70
1	5	N/A	-324.57827372104657	C10H11FN4O3	[M + Na]+	SLWSQPYUSBXANQ	InChI=1S/C10H11FN4O3/c11-6-1-5(2-16)18-10(6)15-4-14-7-8(15)12-3-13-9(7)17/h3-6,10,16H,1-2H2,(H,12,13,17)	F-ribo-ddI	C1C(OC(C1F)N2C=NC3=C2N=CNC3=O)CO	-0.699999988	20653474;59954972;135513649;135602230;136079578;136079579;135412715;136843303;135439441;135455575;135499690;135499691;136461805	MeSH:(135412715 135439441);PubChem class - safety and toxic;PubChem:(20653474 59954972 135513649 135602230 136079578 136079579 135412715 136843303 135439441 135455575 135499690 135499691 136461805);PubMed	67108934