structureRankPerFormula	formulaRank	ConfidenceScore	CSI:FingerIDScore	molecularFormula	adduct	InChIkey2D	InChI	name	smiles	xlogp	pubchemids	links	dbflags
1	1	0.28457076969174444	-100.12987006332096	C21H34O9	[M + Na]+	HVAVGMDRUJHUOH	InChI=1S/C21H34O9/c1-9-5-15(30-19-18(26)17(25)16(24)14(8-22)29-19)21(28,20(3,4)27)7-12-10(2)13(23)6-11(9)12/h9,11,14-19,22,24-28H,5-8H2,1-4H3	null	CC1CC(C(CC2=C(C(=O)CC12)C)(C(C)(C)O)O)OC3C(C(C(C(O3)CO)O)O)O	-1.60000002	10693932;51136495	COCONUT:(CNP0152981);Natural Products:(UNPD178786);PubChem:(10693932 51136495);SuperNatural:(SN00039123 SN00039124 SN00329322 SN00039125 SN00039126);ZINC bio:(ZINC49181187 ZINC49181190 ZINC49181193 ZINC49181196);additional;Training Set	3727362
2	1	N/A	-108.37841162574382	C21H34O9	[M + Na]+	DQHHPAKUNFZVIQ	InChI=1S/C21H34O9/c1-9-10-4-6-20(2)12(5-7-21(3,27)17(20)16(10)30-18(9)26)29-19-15(25)14(24)13(23)11(8-22)28-19/h9-17,19,22-25,27H,4-8H2,1-3H3	null	CC1C2CCC3(C(CCC(C3C2OC1=O)(C)O)OC4C(C(C(C(O4)CO)O)O)O)C	0.0972554311	""	COCONUT:(CNP0131894)	2097152
3	1	N/A	-115.43495872501656	C21H34O9	[M + Na]+	FALKIRIZGCTQBY	InChI=1S/C21H34O9/c1-9-11-5-6-21(2)13(4-3-10(7-22)14(21)18(11)30-19(9)27)29-20-17(26)16(25)15(24)12(8-23)28-20/h9-18,20,22-26H,3-8H2,1-2H3	null	CC1C2CCC3(C(CCC(C3C2OC1=O)CO)OC4C(C(C(C(O4)CO)O)O)O)C	0.0	15628130	COCONUT:(CNP0267261);KNApSAcK:(13014);Natural Products:(UNPD183122 UNPD43686);PubChem:(15628130);SuperNatural:(SN00373447)	3178514
4	1	N/A	-130.0181515731702	C21H34O9	[M + Na]+	LURIVFADCBZEJA	InChI=1S/C21H34O9/c1-10-6-13(24)18(30-19-17(27)16(26)15(25)14(8-22)29-19)11(2)21(10)5-4-12(7-21)20(3,28)9-23/h6,11-12,14-19,22-23,25-28H,4-5,7-9H2,1-3H3	null	CC1C(C(=O)C=C(C12CCC(C2)C(C)(CO)O)C)OC3C(C(C(C(O3)CO)O)O)O	-0.343719125	""	COCONUT:(CNP0271918);Natural Products:(UNPD230352)	2129920
5	1	N/A	-130.5429608663602	C21H34O9	[M + Na]+	NVLSWZADLQKBJW	InChI=1S/C21H34O9/c1-9-6-14-13(11(3)20(27)28-14)5-4-12(9)15(7-10(2)23)29-21-19(26)18(25)17(24)16(8-22)30-21/h4,9-11,13-19,21-26H,5-8H2,1-3H3	null	CC1CC2C(CC=C1C(CC(C)O)OC3C(C(C(C(O3)CO)O)O)O)C(C(=O)O2)C	-0.200000003	101693289	COCONUT:(CNP0310440);Natural Products:(UNPD114263);PubChem:(101693289)	2129922
6	1	N/A	-133.9439973006454	C21H34O9	[M + Na]+	MWWKPIIWLZOHJI	InChI=1S/C21H34O9/c1-9-11-5-6-21(2)13(23)4-3-10(14(21)18(11)30-19(9)27)8-28-20-17(26)16(25)15(24)12(7-22)29-20/h9-18,20,22-26H,3-8H2,1-2H3	null	CC1C2CCC3(C(CCC(C3C2OC1=O)COC4C(C(C(C(O4)CO)O)O)O)O)C	0.0	15628134	COCONUT:(CNP0126818);KNApSAcK:(13015);Natural Products:(UNPD122118 UNPD71633);PubChem:(15628134);SuperNatural:(SN00394351 SN00356525)	3178514
7	1	N/A	-138.1127848498935	C21H34O9	[M + Na]+	YUDDNKJYPPDFCD	InChI=1S/C21H34O9/c1-9-6-15-13(11(3)20(27)29-15)5-4-12(9)14(23)7-10(2)28-21-19(26)18(25)17(24)16(8-22)30-21/h4,9-11,13-19,21-26H,5-8H2,1-3H3	null	CC1CC2C(CC=C1C(CC(C)OC3C(C(C(C(O3)CO)O)O)O)O)C(C(=O)O2)C	-0.200000003	101693288	COCONUT:(CNP0104384);Natural Products:(UNPD47036);PubChem:(101693288);SuperNatural:(SN00401363)	3178498
8	1	N/A	-141.00763961679627	C21H34O9	[M + Na]+	STAINRWYRZEEJG	InChI=1S/C21H34O9/c1-8-10-4-5-21(3)13(6-11(23)9(2)14(21)18(10)30-19(8)27)29-20-17(26)16(25)15(24)12(7-22)28-20/h8-18,20,22-26H,4-7H2,1-3H3	null	CC1C(CC(C2(C1C3C(CC2)C(C(=O)O3)C)C)OC4C(C(C(C(O4)CO)O)O)O)O	0.200000003	101084535	COCONUT:(CNP0328174);Natural Products:(UNPD91799);PubChem:(101084535);SuperNatural:(SN00399626)	3178498
9	1	N/A	-146.3327222879382	C21H34O9	[M + Na]+	MTYMLDACNLVKSY	InChI=1S/C21H34O9/c1-9-5-13(23)12(6-11-10(2)14(24)7-21(9,11)28)20(3,4)30-19-18(27)17(26)16(25)15(8-22)29-19/h9,12-13,15-19,22-23,25-28H,5-8H2,1-4H3	null	CC1CC(C(CC2=C(C(=O)CC12O)C)C(C)(C)OC3C(C(C(C(O3)CO)O)O)O)O	-1.70000005	45102164	COCONUT:(CNP0300533);Natural Products:(UNPD56585);PubChem:(45102164);SuperNatural:(SN00279078)	3178498
10	1	N/A	-147.62630095159955	C21H34O9	[M + Na]+	CLKCCQOMLNZYFZ	InChI=1S/C21H34O9/c1-9-6-13-11(10(2)18(26)28-13)7-21(3)12(9)4-5-27-20(21)30-19-17(25)16(24)15(23)14(8-22)29-19/h9-17,19-20,22-25H,4-8H2,1-3H3	Hymenoxynin	CC1CC2C(CC3(C1CCOC3OC4C(C(C(C(O4)CO)O)O)O)C)C(C(=O)O2)C	0.800000012	282786;101306737	COCONUT:(CNP0144498);Natural Products:(UNPD88009 UNPD156797);PubChem:(282786 101306737);SuperNatural:(SN00366602)	3178498
11	1	N/A	-162.98983645259278	C21H34O9	[M + Na]+	OPNHFNOFPVTIBV	InChI=1S/C21H34O9/c1-10-11-6-21(7-14(23)29-11)13(4-5-20(21,3)27)19(10,2)9-28-18-17(26)16(25)15(24)12(8-22)30-18/h10-13,15-18,22,24-27H,4-9H2,1-3H3	null	CC1C2CC3(CC(=O)O2)C(C1(C)COC4C(C(C(C(O4)CO)O)O)O)CCC3(C)O	-0.205529571	""	COCONUT:(CNP0127900);Natural Products:(UNPD230337)	2129920
12	1	N/A	-164.885704188347	C21H34O9	[M + Na]+	VRWAILOEMVSAOI	InChI=1S/C21H34O9/c1-10(18(26)27)11-4-5-20(2)7-12(8-21(3,28)14(20)6-11)29-19-17(25)16(24)15(23)13(9-22)30-19/h11-17,19,22-25,28H,1,4-9H2,2-3H3,(H,26,27)	null	CC12CCC(CC1C(CC(C2)OC3C(C(C(C(O3)CO)O)O)O)(C)O)C(=C)C(=O)O	0.400000006	101259955	COCONUT:(CNP0332592);KNApSAcK:(36702);Natural Products:(UNPD35168);PubChem:(101259955);SuperNatural:(SN00307893)	3178514
13	1	N/A	-174.5349458515822	C21H34O9	[M + Na]+	VDGVSLYORGPBOK	InChI=1S/C21H34O9/c1-10(18(26)27)11-4-6-20(2)7-5-14(21(3,28)13(20)8-11)30-19-17(25)16(24)15(23)12(9-22)29-19/h11-17,19,22-25,28H,1,4-9H2,2-3H3,(H,26,27)	null	CC12CCC(CC1C(C(CC2)OC3C(C(C(C(O3)CO)O)O)O)(C)O)C(=C)C(=O)O	0.400000006	102595392	COCONUT:(CNP0246265);KNApSAcK:(34539);PubChem:(102595392)	2097170
14	1	N/A	-188.43589493908323	C21H34O9	[M + Na]+	AOBHPRXVJJDYIS	InChI=1S/C21H34O9/c1-10-4-5-12-19(2,20(3,27)13-6-21(10,12)7-14(23)30-13)9-28-18-17(26)16(25)15(24)11(8-22)29-18/h10-13,15-18,22,24-27H,4-9H2,1-3H3	null	CC1CCC2C13CC(C(C2(C)COC4C(C(C(C(O4)CO)O)O)O)(C)O)OC(=O)C3	-0.205529571	""	COCONUT:(CNP0129573);Natural Products:(UNPD228198)	2129920
15	1	N/A	-191.8563156433465	C21H34O9	[M + Na]+	JEPAHIDPGWPTQK	InChI=1S/C21H34O9/c1-8(2)12-13-10-5-4-9(21(10,3)18(26)17(12)30-19(13)27)7-28-20-16(25)15(24)14(23)11(6-22)29-20/h8-18,20,22-26H,4-7H2,1-3H3	null	CC(C)C1C2C3CCC(C3(C(C1OC2=O)O)C)COC4C(C(C(C(O4)CO)O)O)O	0.200000003	6325054;11732737;10252113;23304339;101219070	COCONUT:(CNP0409419);KNApSAcK:(37028);Natural Products:(UNPD132548);PubChem:(6325054 11732737 10252113 23304339 101219070);SuperNatural:(SN00323305)	3178514
16	1	N/A	-193.06619764428982	C21H34O9	[M + Na]+	XEIDZCMZSFQPCS	InChI=1S/C21H34O9/c1-12(10-14(23)24)6-9-21(28)19(2,3)7-5-8-20(21,4)30-18-17(27)16(26)15(25)13(11-22)29-18/h6,9-10,13,15-18,22,25-28H,5,7-8,11H2,1-4H3,(H,23,24)	null	CC(=CC(=O)O)C=CC1(C(CCCC1(C)OC2C(C(C(C(O2)CO)O)O)O)(C)C)O	0.375285923	""	COCONUT:(CNP0265571);Natural Products:(UNPD140020);SuperNatural:(SN00323660)	3178496
17	1	N/A	-196.79110904442334	C21H34O9	[M + Na]+	ZJKAPNQKNPVKFU	InChI=1S/C21H34O9/c1-19(2,29-17-16(26)15(25)14(24)11(9-22)28-17)10-4-7-21-12(8-10)20(3,30-18(21)27)6-5-13(21)23/h10-17,22-26H,4-9H2,1-3H3	null	CC12CCC(C3(C1CC(CC3)C(C)(C)OC4C(C(C(C(O4)CO)O)O)O)C(=O)O2)O	-0.5	11327879;101265704	COCONUT:(CNP0405768);KNApSAcK:(36086);Natural Products:(UNPD54038 UNPD189496);PubChem:(11327879 101265704);SuperNatural:(SN00333593 SN00294690)	3178514
18	1	N/A	-224.35413677716832	C21H34O9	[M + Na]+	AQQOALFKYJWKPJ	InChI=1S/C21H34O9/c1-6-9-14(22)25-12-13(26-15(23)10-7-2)17-18(27-16(24)11-8-3)19-20(28-17)30-21(4,5)29-19/h13,17-20H,6-12H2,1-5H3	1,2-O-(1-Methylethylidene)-alpha-D-glucofuranose tributanoate	CCCC(=O)OCC(C1C(C2C(O1)OC(O2)(C)C)OC(=O)CCC)OC(=O)CCC	2.5999999	3079327	PubChem:(3079327);PubChem class - safety and toxic	67108866
19	1	N/A	-238.21906623033388	C21H34O9	[M + Na]+	SBXZGTISZQUPCH	InChI=1S/C21H34O9/c1-11(5-6-21(28)12(2)8-13(23)9-20(21,3)4)7-15(24)30-19-18(27)17(26)16(25)14(10-22)29-19/h5-7,12-14,16-19,22-23,25-28H,8-10H2,1-4H3	null	CC1CC(CC(C1(C=CC(=CC(=O)OC2C(C(C(C(O2)CO)O)O)O)C)O)(C)C)O	0.364062726	""	COCONUT:(CNP0118674);Natural Products:(UNPD226090)	2129920
20	1	N/A	-245.80421477442775	C21H34O9	[M + Na]+	KKXDSFAMRUKADY	InChI=1S/C21H34O9/c1-12(10-14(23)24)6-9-21(28)19(3,11-22)7-5-8-20(21,4)30-18-17(27)16(26)15(25)13(2)29-18/h6,9-10,13,15-18,22,25-28H,5,7-8,11H2,1-4H3,(H,23,24)	null	CC1C(C(C(C(O1)OC2(CCCC(C2(C=CC(=CC(=O)O)C)O)(C)CO)C)O)O)O	0.300000012	14843206	COCONUT:(CNP0277025);Natural Products:(UNPD20419 UNPD166232);PubChem:(14843206);SuperNatural:(SN00224465 SN00251685)	3178498
21	1	N/A	-248.90847067744892	C21H34O9	[M + Na]+	UGRJCCZETCMCPW	InChI=1S/C21H34O9/c1-7-13(3)18(25)28-17-14(12-22)27-19(16(24)15(17)23)29-21(6,8-2)11-9-10-20(4,5)30-26/h7-10,14-17,19,22-24,26H,2,11-12H2,1,3-6H3	null	CC=C(C)C(=O)OC1C(OC(C(C1O)O)OC(C)(CC=CC(C)(C)OO)C=C)CO	1.75702238	""	COCONUT:(CNP0240827);Natural Products:(UNPD135045);SuperNatural:(SN00377350)	3178496
22	1	N/A	-254.83957775509967	C21H34O9	[M + Na]+	AYEJNUCPRPFJIX	InChI=1S/C21H34O9/c1-7-10(4)19(25)28-16-13(22)14(23)17(29-20(26)11(5)8-2)18(15(16)24)30-21(27)12(6)9-3/h7,11-18,22-24H,8-9H2,1-6H3	6-Angeloyl-2,3-dimethylbutanoyl-myoinositol	CCC(C)C(=O)OC1C(C(C(C(C1OC(=O)C(C)CC)O)OC(=O)C(=CC)C)O)O	2.0	643664;22298520;22298521;22298522;122408470	COCONUT:(CNP0141670);Natural Products:(UNPD190029);PubChem:(643664 22298520 22298521 22298522 122408470);SuperNatural:(SN00326907)	3178498
23	1	N/A	-274.8959960165757	C21H34O9	[M + Na]+	SCKFORCLFKGWPJ	InChI=1S/C21H34O9/c1-7-12(6)21(27)30-20-16(25)18(28-13(22)8-10(2)3)15(24)19(17(20)26)29-14(23)9-11(4)5/h8,11-12,15-20,24-26H,7,9H2,1-6H3	null	CCC(C)C(=O)OC1C(C(C(C(C1O)OC(=O)C=C(C)C)O)OC(=O)CC(C)C)O	2.05271554	""	COCONUT:(CNP0176424);Natural Products:(UNPD38745);SuperNatural:(SN00381199)	3178496
24	1	N/A	-294.31089524201167	C21H34O9	[M + Na]+	HNNKYBNBYRASRR	InChI=1S/C21H34O9/c1-10(2)7-13(22)28-19-16(25)20(29-14(23)8-11(3)4)18(27)21(17(19)26)30-15(24)9-12(5)6/h7,11-12,16-21,25-27H,8-9H2,1-6H3	null	CC(C)CC(=O)OC1C(C(C(C(C1O)OC(=O)C=C(C)C)O)OC(=O)CC(C)C)O	1.90892804	""	COCONUT:(CNP0258408);Natural Products:(UNPD133604);SuperNatural:(SN00248984)	3178496
25	1	N/A	-298.24044387133705	C21H34O9	[M + Na]+	BDGRUPRVKKJOIO	InChI=1S/C21H34O9/c1-9-6-12(23)16(25)19(3)13(24)8-11(22)10(2)15(19)17(26)21(28)14(7-9)30-18(27)20(21,4)29-5/h7,10-17,22-26,28H,6,8H2,1-5H3	null	CC1C(CC(C2(C1C(C3(C(C=C(CC(C2O)O)C)OC(=O)C3(C)OC)O)O)C)O)O	-1.39999998	44246246;101491833	COCONUT:(CNP0260673);Natural Products:(UNPD163352);PubChem:(44246246 101491833);SuperNatural:(SN00255047)	3178498
1	2	N/A	-912.0386041882414	C19H28N6O7	[M + H]+	AOJYORNRFWWEIV	InChI=1S/C19H28N6O7/c20-12(2-1-7-23-19(21)22)16(29)24-13(8-10-3-5-11(26)6-4-10)17(30)25-14(18(31)32)9-15(27)28/h3-6,12-14,26H,1-2,7-9,20H2,(H,24,29)(H,25,30)(H,27,28)(H,31,32)(H4,21,22,23)	ACMC-20mtgx	C1=CC(=CC=C1CC(C(=O)NC(CC(=O)O)C(=O)O)NC(=O)C(CCCN=C(N)N)N)O	-4.30000019	131136;18218934	MeSH:(131136);PubChem:(131136 18218934);PubMed	70
2	2	N/A	-967.5667230324561	C19H28N6O7	[M + H]+	BARBHMSSVWPKPZ	InChI=1S/C19H28N6O7/c20-12(8-10-3-5-11(26)6-4-10)16(29)25-14(9-15(27)28)17(30)24-13(18(31)32)2-1-7-23-19(21)22/h3-6,12-14,26H,1-2,7-9,20H2,(H,24,30)(H,25,29)(H,27,28)(H,31,32)(H4,21,22,23)	2-[[2-[[2-amino-3-(4-hydroxyphenyl)propanoyl]amino]-3-carboxypropanoyl]amino]-5-(diaminomethylideneamino)pentanoic acid	C1=CC(=CC=C1CC(C(=O)NC(CC(=O)O)C(=O)NC(CCCN=C(N)N)C(=O)O)N)O	-1.81331956	18231902	PubChem:(18231902);COCONUT	2097154
1	2	N/A	-913.1672114982944	C19H30N6O8	[M - H2O + H]+	YQAXFVHNHSPUPO	InChI=1S/C19H30N6O8/c1-10(17(31)22-8-16(29)30)23-14(27)7-21-18(32)13-5-11(26)9-25(13)19(33)12-3-2-4-24(12)15(28)6-20/h10-13,26H,2-9,20H2,1H3,(H,21,32)(H,22,31)(H,23,27)(H,29,30)	Atrial peptide	CC(C(=O)NCC(=O)O)NC(=O)CNC(=O)C1CC(CN1C(=O)C2CCCN2C(=O)CN)O	-5.80000019	5490906	COCONUT:(CNP0074127 CNP0384785);Natural Products:(UNPD96375 UNPD128301);PubChem:(5490906);SuperNatural:(SN00236358 SN00362330);MeSH:(5490906);PubMed	3178566