structureRankPerFormula	formulaRank	ConfidenceScore	CSI:FingerIDScore	molecularFormula	adduct	InChIkey2D	InChI	name	smiles	xlogp	pubchemids	links	dbflags
1	1	0.40890216682475017	-136.34533151532182	C17H28O10	[M + Na]+	SAJHQVLFIJLYPM	InChI=1S/C17H28O10/c1-6-9(19)3-7-8(15(23)24-2)5-25-16(11(6)7)27-17-14(22)13(21)12(20)10(4-18)26-17/h5-7,9-23H,3-4H2,1-2H3	null	CC1C(CC2C1C(OC=C2C(O)OC)OC3C(C(C(C(O3)CO)O)O)O)O	-1.4678539	""	COCONUT:(CNP0156941);Natural Products:(UNPD46229);SuperNatural:(SN00244906)	3178496
2	1	N/A	-215.10312385954612	C17H28O10	[M + Na]+	KMOSPRQCWLIEEG	InChI=1S/C17H28O10/c1-16(2,9-6-11(21)26-17(9,3)5-4-10(19)20)27-15-14(24)13(23)12(22)8(7-18)25-15/h8-9,12-15,18,22-24H,4-7H2,1-3H3,(H,19,20)	null	CC1(C(CC(=O)O1)C(C)(C)OC2C(C(C(C(O2)CO)O)O)O)CCC(=O)O	-1.06596911	""	COCONUT:(CNP0225574);Natural Products:(UNPD179930);SuperNatural:(SN00375530)	3178496
1	2	N/A	-190.50343281030777	C19H26O10	[M + H]+	LENQPFHDGQUMMQ	InChI=1S/C19H26O10/c1-26-13-5-2-11(3-6-13)4-7-15(22)27-9-12(21)10-28-19-18(25)17(24)16(23)14(8-20)29-19/h2-7,12,14,16-21,23-25H,8-10H2,1H3	null	COC1=CC=C(C=C1)C=CC(=O)OCC(COC2C(C(C(C(O2)CO)O)O)O)O	-0.571005344	""	COCONUT:(CNP0319082);Natural Products:(UNPD79623);SuperNatural:(SN00341996)	3178496
2	2	N/A	-207.55542808285753	C19H26O10	[M + H]+	IPLHUSAZFXBRMO	InChI=1S/C19H26O10/c1-26-12-5-2-11(3-6-12)4-7-15(22)27-10-13(8-20)28-19-18(25)17(24)16(23)14(9-21)29-19/h2-7,13-14,16-21,23-25H,8-10H2,1H3	null	COC1=CC=C(C=C1)C=CC(=O)OCC(CO)OC2C(C(C(C(O2)CO)O)O)O	-0.571005344	""	COCONUT:(CNP0330655);Natural Products:(UNPD95231);SuperNatural:(SN00301676)	3178496
3	2	N/A	-212.77377751657423	C19H26O10	[M + H]+	CLLOLPKKCBFKKI	InChI=1S/C19H26O10/c1-10(21)28-18-12(25-2)7-11(8-13(18)26-3)5-4-6-27-19-17(24)16(23)15(22)14(9-20)29-19/h4-5,7-8,14-17,19-20,22-24H,6,9H2,1-3H3	null	CC(=O)OC1=C(C=C(C=C1OC)C=CCOC2C(C(C(C(O2)CO)O)O)O)OC	-0.200000003	46849637;91560092	COCONUT:(CNP0199853);Natural Products:(UNPD120638);PubChem:(46849637 91560092);SuperNatural:(SN00403190);PubMed	3178562
4	2	N/A	-214.50431277830802	C19H26O10	[M + H]+	WMJMUBCEXZDILC	InChI=1S/C19H26O10/c1-19(26,7-13(20)21)8-14(22)27-10-12-15(23)16(24)17(25)18(29-12)28-9-11-5-3-2-4-6-11/h2-6,12,15-18,23-26H,7-10H2,1H3,(H,20,21)	null	CC(CC(=O)O)(CC(=O)OCC1C(C(C(C(O1)OCC2=CC=CC=C2)O)O)O)O	-0.557413399	38363079;38363084;45360328;44715457;125416071;125416072;125416073;125416074	COCONUT:(CNP0159349 CNP0218833);Natural Products:(UNPD202200);PubChem:(38363079 38363084 45360328 44715457 125416071 125416072 125416073 125416074);SuperNatural:(SN00032625 SN00030299 SN00032624 SN00030300 SN00032623 SN00032622);ZINC bio:(ZINC31169353 ZINC31169357 ZINC35454681 ZINC35454685 ZINC35454688 ZINC35454690);Training Set	3203074
5	2	N/A	-216.7732365394059	C19H26O10	[M + H]+	DOEMYGSTCKVEGR	InChI=1S/C19H26O10/c1-10(8-20)5-6-27-19-17(24)16(23)15(22)14(29-19)9-28-18(25)11-3-4-12(21)13(7-11)26-2/h3-5,7,14-17,19-24H,6,8-9H2,1-2H3	null	CC(=CCOC1C(C(C(C(O1)COC(=O)C2=CC(=C(C=C2)O)OC)O)O)O)CO	-0.5	132918381	MeSH:(132918381);PubChem:(132918381);PubMed	70
6	2	N/A	-221.61238314752208	C19H26O10	[M + H]+	VCMWDPSHXMHLCP	InChI=1S/C19H26O10/c1-10(4-5-20)8-28-19-18(26)17(25)16(24)14(29-19)9-27-15(23)7-11-2-3-12(21)13(22)6-11/h2-4,6,14,16-22,24-26H,5,7-9H2,1H3	[(2R,3S,4S,5R,6R)-3,4,5-trihydroxy-6-[(E)-4-hydroxy-2-methylbut-2-enoxy]oxan-2-yl]methyl 2-(3,4-dihydroxyphenyl)acetate	CC(=CCO)COC1C(C(C(C(O1)COC(=O)CC2=CC(=C(C=C2)O)O)O)O)O	-0.899999976	11825823	COCONUT:(CNP0380500);KNApSAcK:(33044);Natural Products:(UNPD71404);PubChem:(11825823);SuperNatural:(SN00348979)	3178514
7	2	N/A	-223.29023804729744	C19H26O10	[M + H]+	ZWMVLSSANICBCK	InChI=1S/C19H26O10/c1-26-14-7-11(3-2-6-20)4-5-13(14)28-12(8-21)10-27-19-18(25)17(24)16(23)15(9-22)29-19/h2-7,12,15-19,21-25H,8-10H2,1H3	null	COC1=C(C=CC(=C1)C=CC=O)OC(CO)COC2C(C(C(C(O2)CO)O)O)O	-0.737955809	""	COCONUT:(CNP0183357);Natural Products:(UNPD143114);SuperNatural:(SN00351393)	3178496
8	2	N/A	-236.92488174433117	C19H26O10	[M + H]+	GQPCBYJMUDSCJZ	InChI=1S/C19H26O10/c1-8(21)5-9-3-4-10-11(17(25)26-2)7-27-18(13(9)10)29-19-16(24)15(23)14(22)12(6-20)28-19/h3,7,10,12-16,18-20,22-24H,4-6H2,1-2H3	null	CC(=O)CC1=CCC2C1C(OC=C2C(=O)OC)OC3C(C(C(C(O3)CO)O)O)O	-1.03265429	""	COCONUT:(CNP0095399);SuperNatural:(SN00177691)	3145728
9	2	N/A	-239.91691014594673	C19H26O10	[M + H]+	XFCVPXGZFSWBRI	InChI=1S/C19H26O10/c1-9(2)10-3-4-11(7-20)12(5-10)28-19-18(26)17(25)16(24)13(29-19)8-27-15(23)6-14(21)22/h3-5,9,13,16-20,24-26H,6-8H2,1-2H3,(H,21,22)	null	CC(C)C1=CC(=C(C=C1)CO)OC2C(C(C(C(O2)COC(=O)CC(=O)O)O)O)O	0.268430829	49817855	COCONUT:(CNP0223279);Natural Products:(UNPD98436);PubChem:(49817855);SuperNatural:(SN00243038)	3178498
10	2	N/A	-242.2905011999004	C19H26O10	[M + H]+	TXJUGISOVAMAEN	InChI=1S/C19H26O10/c1-10(4-5-20)9-27-19-18(17(26)16(25)14(8-21)28-19)29-15(24)7-11-2-3-12(22)13(23)6-11/h2-4,6,14,16-23,25-26H,5,7-9H2,1H3	null	CC(=CCO)COC1C(C(C(C(O1)CO)O)O)OC(=O)CC2=CC(=C(C=C2)O)O	-0.300000012	10982563	COCONUT:(CNP0250778);KNApSAcK:(33037);Natural Products:(UNPD190949);PubChem:(10982563);SuperNatural:(SN00264436)	3178514
11	2	N/A	-251.51666553304992	C19H26O10	[M + H]+	CPUZPCQKJSNKFX	InChI=1S/C19H26O10/c1-10(4-5-20)9-27-19-17(26)18(16(25)14(8-21)28-19)29-15(24)7-11-2-3-12(22)13(23)6-11/h2-4,6,14,16-23,25-26H,5,7-9H2,1H3	null	CC(=CCO)COC1C(C(C(C(O1)CO)O)OC(=O)CC2=CC(=C(C=C2)O)O)O	-0.300000012	11133443	COCONUT:(CNP0357255);KNApSAcK:(33043);Natural Products:(UNPD150418);PubChem:(11133443);SuperNatural:(SN00290751)	3178514
12	2	N/A	-255.98964808355913	C19H26O10	[M + H]+	VJVGTGQETNCOEX	InChI=1S/C19H26O10/c1-8(2)10-5-11(20)9(3)4-12(10)28-19-18(26)17(25)16(24)13(29-19)7-27-15(23)6-14(21)22/h4-5,8,13,16-20,24-26H,6-7H2,1-3H3,(H,21,22)	null	CC1=CC(=C(C=C1O)C(C)C)OC2C(C(C(C(O2)COC(=O)CC(=O)O)O)O)O	0.787067235	44715648	COCONUT:(CNP0048328 CNP0105330);PubChem:(44715648);SuperNatural:(SN00038536);ZINC bio:(ZINC37538901);additional;Training Set	3694594
13	2	N/A	-257.8971754223244	C19H26O10	[M + H]+	MZXQTTKWTOGVGF	InChI=1S/C19H26O10/c1-2-10-3-5-11(6-4-10)28-17-15(23)14(22)13(21)12(29-17)7-26-18-16(24)19(25,8-20)9-27-18/h2-6,12-18,20-25H,1,7-9H2	null	C=CC1=CC=C(C=C1)OC2C(C(C(C(O2)COC3C(C(CO3)(CO)O)O)O)O)O	-1.20000005	91895375;124222296	COCONUT:(CNP0218985);Natural Products:(UNPD10843);PubChem:(91895375 124222296);SuperNatural:(SN00397688)	3178498
14	2	N/A	-265.03984954658887	C19H26O10	[M + H]+	GGKZZQZVFIZFKS	InChI=1S/C19H26O10/c1-25-12-4-8(2-3-11(12)21)17-9-6-27-18(10(9)7-26-17)29-19-16(24)15(23)14(22)13(5-20)28-19/h2-4,9-10,13-24H,5-7H2,1H3	null	COC1=C(C=CC(=C1)C2C3COC(C3CO2)OC4C(C(C(C(O4)CO)O)O)O)O	-1.0	101691232	PubChem:(101691232);COCONUT:(CNP0086031)	2097154
15	2	N/A	-286.60795309933707	C19H26O10	[M + H]+	KDEYBHDVXAKYRU	InChI=1S/C19H26O10/c1-2-9-3-5-10(6-4-9)27-19-17(15(24)14(23)12(7-20)28-19)29-18-16(25)13(22)11(21)8-26-18/h2-6,11-25H,1,7-8H2	null	C=CC1=CC=C(C=C1)OC2C(C(C(C(O2)CO)O)O)OC3C(C(C(CO3)O)O)O	-1.03661036	""	COCONUT:(CNP0150738);Natural Products:(UNPD180942);SuperNatural:(SN00381717)	3178496
16	2	N/A	-288.18666517112337	C19H26O10	[M + H]+	DZMYOBBWRZTUTA	InChI=1S/C19H26O10/c1-2-9-3-5-10(6-4-9)28-19-17(25)15(23)14(22)12(29-19)8-27-18-16(24)13(21)11(20)7-26-18/h2-6,11-25H,1,7-8H2	Ptelatoside C	C=CC1=CC=C(C=C1)OC2C(C(C(C(O2)COC3C(C(C(CO3)O)O)O)O)O)O	-1.5	179108;185053;13964506;71430873	COCONUT:(CNP0231805);HMDB:(32600);Natural Products:(UNPD104173 UNPD72629);PubChem:(179108 185053 13964506 71430873);SuperNatural:(SN00378410 SN00321078);PubChem class - bio and metabolites;MeSH:(13964506);PubMed	19955790
17	2	N/A	-366.33430813355864	C19H26O10	[M + H]+	COIWSEYSYQONRZ	InChI=1S/C19H26O10/c20-7-11-13(22)14(23)12(8-27-11)28-19-17(26)15(24)16(25)18(29-19)10(21)6-9-4-2-1-3-5-9/h1-5,11-20,22-26H,6-8H2	null	C1C(C(C(C(O1)CO)O)O)OC2C(C(C(C(O2)C(=O)CC3=CC=CC=C3)O)O)O	-1.81002617	""	COCONUT:(CNP0383640);SuperNatural:(SN00161666)	3145728
1	2	N/A	-197.22117398457445	C19H28O11	[M - H2O + H]+	LLEMMFPELBNINR	InChI=1S/C19H28O11/c20-6-10-12(21)14(23)16(25)19(29-10)28-8-11-13(22)15(24)17(26)18(30-11)27-7-9-4-2-1-3-5-9/h1-5,10-26H,6-8H2	Benzyl gentiobioside	C1=CC=C(C=C1)COC2C(C(C(C(O2)COC3C(C(C(C(O3)CO)O)O)O)O)O)O	-2.17968249	4155678;6453389;66961119;71716040;90470153;102412719;133562200	COCONUT:(CNP0298927);HMDB:(41515);Natural Products:(UNPD88891);PubChem:(4155678 6453389 66961119 71716040 90470153 102412719 133562200);SuperNatural:(SN00163157 SN00259125);additional;PubChem class - bio and metabolites;MeSH:(4155678 6453389 133562200);Training Set;PubMed	20496462
2	2	N/A	-206.7316080536108	C19H28O11	[M - H2O + H]+	VILWFFPGWZNTMK	InChI=1S/C19H28O11/c1-8-12(20)14(22)16(24)18(28-8)27-7-11-13(21)15(23)17(25)19(30-11)29-10-5-3-4-9(6-10)26-2/h3-6,8,11-25H,7H2,1-2H3	null	CC1C(C(C(C(O1)OCC2C(C(C(C(O2)OC3=CC(=CC=C3)OC)O)O)O)O)O)O	-1.21605814	""	COCONUT:(CNP0217390);Natural Products:(UNPD212801)	2129920
3	2	N/A	-206.83540327488456	C19H28O11	[M - H2O + H]+	WKXRKKUZTXIFJY	InChI=1S/C19H28O11/c20-6-10-12(22)14(24)16(26)18(28-10)30-17-15(25)13(23)11(7-21)29-19(17)27-8-9-4-2-1-3-5-9/h1-5,10-26H,6-8H2	Zizybeoside I	C1=CC=C(C=C1)COC2C(C(C(C(O2)CO)O)O)OC3C(C(C(C(O3)CO)O)O)O	-2.17968249	11972301;21550786;73157713	COCONUT:(CNP0194900);HMDB:(34954);KNApSAcK:(32551);Natural Products:(UNPD44825 UNPD36616 UNPD100860);PubChem:(11972301 21550786 73157713);SuperNatural:(SN00161338 SN00228753 SN00272093);CHEBI:(81187);PubChem class - bio and metabolites;KEGG:(C17564)	19956026
4	2	N/A	-208.17065828228525	C19H28O11	[M - H2O + H]+	MRWPZRCMSORCDQ	InChI=1S/C19H28O11/c20-6-10-12(22)14(24)15(25)19(29-10)30-17-13(23)11(7-21)28-18(16(17)26)27-8-9-4-2-1-3-5-9/h1-5,10-26H,6-8H2	null	C1=CC=C(C=C1)COC2C(C(C(C(O2)CO)O)OC3C(C(C(C(O3)CO)O)O)O)O	-2.17968249	72736156	COCONUT:(CNP0291117);Natural Products:(UNPD106159);PubChem:(72736156);SuperNatural:(SN00286678);KEGG Mine	8593113090
5	2	N/A	-220.79253135420086	C19H28O11	[M - H2O + H]+	HAMXSWWFHJAXOK	InChI=1S/C19H28O11/c1-26-11-4-2-10(3-5-11)6-27-17-15(23)14(22)13(21)12(30-17)7-28-18-16(24)19(25,8-20)9-29-18/h2-5,12-18,20-25H,6-9H2,1H3	null	COC1=CC=C(C=C1)COC2C(C(C(C(O2)COC3C(C(CO3)(CO)O)O)O)O)O	-2.4000001	102287979	COCONUT:(CNP0173884);Natural Products:(UNPD47933);PubChem:(102287979);SuperNatural:(SN00332956)	3178498
6	2	N/A	-222.02045666257385	C19H28O11	[M - H2O + H]+	LYSUJONPWOHTSR	InChI=1S/C19H28O11/c1-9-3-4-10(11(5-9)26-2)29-17-15(23)14(22)13(21)12(30-17)6-27-18-16(24)19(25,7-20)8-28-18/h3-5,12-18,20-25H,6-8H2,1-2H3	null	CC1=CC(=C(C=C1)OC2C(C(C(C(O2)COC3C(C(CO3)(CO)O)O)O)O)O)OC	-1.70000005	101589336	COCONUT:(CNP0288062);Natural Products:(UNPD123424);PubChem:(101589336);SuperNatural:(SN00258044)	3178498
7	2	N/A	-233.8764323635977	C19H28O11	[M - H2O + H]+	LLVMMJBRSVVJIP	InChI=1S/C19H28O11/c1-5-9-10(6-12(21)26-3)11(16(25)27-4)7-28-17(9)29-18-14(23)13(22)15(24)19(2,8-20)30-18/h5,7,9-10,13-15,17-18,20,22-24H,1,6,8H2,2-4H3	null	CC1(C(C(C(C(O1)OC2C(C(C(=CO2)C(=O)OC)CC(=O)OC)C=C)O)O)O)CO	-0.727088451	""	COCONUT:(CNP0094575);SuperNatural:(SN00161429)	3145728
8	2	N/A	-234.85225362816902	C19H28O11	[M - H2O + H]+	WGNXATPUZSSFNF	InChI=1S/C19H28O11/c1-3-27-10-4-8(5-20)12-13(10)9(17(25)26-2)7-28-18(12)30-19-16(24)15(23)14(22)11(6-21)29-19/h4,7,10-16,18-24H,3,5-6H2,1-2H3	null	CCOC1C=C(C2C1C(=COC2OC3C(C(C(C(O3)CO)O)O)O)C(=O)OC)CO	-2.5	102262674;129316787;132586972;138113933	COCONUT:(CNP0286226);Natural Products:(UNPD26740 UNPD162645 UNPD31604);PubChem:(102262674 129316787 132586972 138113933);SuperNatural:(SN00308889 SN00271086)	3178498
9	2	N/A	-248.14276347624119	C19H28O11	[M - H2O + H]+	ALGIRKAUXBGVKF	InChI=1S/C19H28O11/c1-8(21)30-19(2)5-4-9-10(16(25)26-3)7-27-17(12(9)19)29-18-15(24)14(23)13(22)11(6-20)28-18/h7,9,11-15,17-18,20,22-24H,4-6H2,1-3H3	null	CC(=O)OC1(CCC2C1C(OC=C2C(=O)OC)OC3C(C(C(C(O3)CO)O)O)O)C	-1.10000002	102023659	COCONUT:(CNP0234002);KNApSAcK:(36667);Natural Products:(UNPD9438);PubChem:(102023659);SuperNatural:(SN00403183)	3178514
10	2	N/A	-249.90507707412385	C19H28O11	[M - H2O + H]+	VPCURQVLLUKAQX	InChI=1S/C19H28O11/c20-6-5-10-1-3-11(4-2-10)29-17-15(24)14(23)13(22)12(30-17)7-27-18-16(25)19(26,8-21)9-28-18/h1-4,12-18,20-26H,5-9H2	null	C1C(C(C(O1)OCC2C(C(C(C(O2)OC3=CC=C(C=C3)CCO)O)O)O)O)(CO)O	-2.4000001	101253489;137918178	COCONUT:(CNP0217049);Natural Products:(UNPD154084);PubChem:(101253489 137918178);SuperNatural:(SN00334739)	3178498
11	2	N/A	-256.69442797624066	C19H28O11	[M - H2O + H]+	IVRQZYXJBVMHCW	InChI=1S/C19H28O11/c20-8-19(26)9-29-18(16(19)25)28-7-12-13(22)14(23)15(24)17(30-12)27-6-5-10-1-3-11(21)4-2-10/h1-4,12-18,20-26H,5-9H2	Osmanthuside H	C1C(C(C(O1)OCC2C(C(C(C(O2)OCCC3=CC=C(C=C3)O)O)O)O)O)(CO)O	-2.20000005	192437;101845626	COCONUT:(CNP0108087);KNApSAcK:(30899);Natural Products:(UNPD16385 UNPD101570);PubChem:(192437 101845626);SuperNatural:(SN00028371 SN00288503);ZINC bio:(ZINC31154941);additional;MeSH:(192437);PubChem class - safety and toxic;Training Set;PubMed	70836310
12	2	N/A	-268.2471248678824	C19H28O11	[M - H2O + H]+	VZJVZMMGTCURHL	InChI=1S/C19H28O11/c20-6-5-9-1-3-10(4-2-9)28-19-17(26)15(24)14(23)12(30-19)8-27-18-16(25)13(22)11(7-21)29-18/h1-4,11-26H,5-8H2	null	C1=CC(=CC=C1CCO)OC2C(C(C(C(O2)COC3C(C(C(O3)CO)O)O)O)O)O	-1.66435444	10961007	COCONUT:(CNP0218657);Natural Products:(UNPD140349);PubChem:(10961007);SuperNatural:(SN00365634)	3178498
13	2	N/A	-271.9019114860193	C19H28O11	[M - H2O + H]+	AXYGOVXLGNRJLT	InChI=1S/C19H28O11/c20-6-5-9-1-3-10(4-2-9)29-19-17(26)15(24)14(23)12(30-19)8-28-18-16(25)13(22)11(21)7-27-18/h1-4,11-26H,5-8H2	null	C1C(C(C(C(O1)OCC2C(C(C(C(O2)OC3=CC=C(C=C3)CCO)O)O)O)O)O)O	-2.70000005	101130148	COCONUT:(CNP0168283);Natural Products:(UNPD152195);PubChem:(101130148);SuperNatural:(SN00385519)	3178498
14	2	N/A	-275.33813134301545	C19H28O11	[M - H2O + H]+	JJMVETREOZSMPA	InChI=1S/C19H28O11/c1-26-10-4-2-9(3-5-10)7-27-19-16(25)17(14(23)12(6-20)29-19)30-18-15(24)13(22)11(21)8-28-18/h2-5,11-25H,6-8H2,1H3	null	COC1=CC=C(C=C1)COC2C(C(C(C(O2)CO)O)OC3C(C(C(CO3)O)O)O)O	-1.70383871	""	COCONUT:(CNP0188215);Natural Products:(UNPD117102);SuperNatural:(SN00232731)	3178496
15	2	N/A	-278.4563938234592	C19H28O11	[M - H2O + H]+	COATVAWKNHHMEI	InChI=1S/C19H28O11/c20-10-3-1-9(2-4-10)5-6-27-19-17(26)15(24)14(23)12(30-19)8-29-18-16(25)13(22)11(21)7-28-18/h1-4,11-26H,5-8H2	(2R,3R,4S,5S,6R)-2-[2-(4-hydroxyphenyl)ethoxy]-6-[[(2S,3R,4S,5R)-3,4,5-trihydroxyoxan-2-yl]oxymethyl]oxane-3,4,5-triol	C1C(C(C(C(O1)OCC2C(C(C(C(O2)OCCC3=CC=C(C=C3)O)O)O)O)O)O)O	-2.5	11972324;21550807	COCONUT:(CNP0301589);Natural Products:(UNPD57727);PubChem:(11972324 21550807);SuperNatural:(SN00165137)	3178498
16	2	N/A	-283.8469788228997	C19H28O11	[M - H2O + H]+	CXRFMTJPRLMTOT	InChI=1S/C19H28O11/c1-19(26,13(21)7-20)9-29-18-16(24)15(23)14(22)12(30-18)8-28-17(25)10-3-5-11(27-2)6-4-10/h3-6,12-16,18,20-24,26H,7-9H2,1-2H3	[(2R,3S,4S,5R,6R)-3,4,5-trihydroxy-6-[(2S,3R)-2,3,4-trihydroxy-2-methylbutoxy]oxan-2-yl]methyl 4-methoxybenzoate	CC(COC1C(C(C(C(O1)COC(=O)C2=CC=C(C=C2)OC)O)O)O)(C(CO)O)O	-2.0999999	11972413;21550871	COCONUT:(CNP0186435);Natural Products:(UNPD42503);PubChem:(11972413 21550871);SuperNatural:(SN00314306)	3178498
17	2	N/A	-299.09476955267775	C19H28O11	[M - H2O + H]+	WWVATHTYIDDAQF	InChI=1S/C19H28O11/c20-7-12-13(23)14(24)15(30-18-16(25)19(26,8-21)9-28-18)17(29-12)27-6-5-10-1-3-11(22)4-2-10/h1-4,12-18,20-26H,5-9H2	null	C1C(C(C(O1)OC2C(C(C(OC2OCCC3=CC=C(C=C3)O)CO)O)O)O)(CO)O	-1.70000005	44715835	COCONUT:(CNP0269053);Natural Products:(UNPD142344 UNPD157773);PubChem:(44715835);SuperNatural:(SN00357521 SN00038944);ZINC bio:(ZINC39560293);additional;MeSH:(44715835);Training Set;PubMed	3727430
18	2	N/A	-335.2660132634031	C19H28O11	[M - H2O + H]+	ZCBRGQZJDLFGEZ	InChI=1S/C19H28O11/c1-3-9-11(6-14(22)23)10(18(27)28-2)4-5-12(9)29-19(8-21)17(26)16(25)15(24)13(7-20)30-19/h3-4,9,11-13,15-17,20-21,24-26H,1,5-8H2,2H3,(H,22,23)/p-1	null	COC(=O)C1=CCC(C(C1CC(=O)[O-])C=C)OC2(C(C(C(C(O2)CO)O)O)O)CO	-1.70903277	""	COCONUT:(CNP0216669 CNP0296791);SuperNatural:(SN00166332)	3145728