structureRankPerFormula	formulaRank	ConfidenceScore	CSI:FingerIDScore	molecularFormula	adduct	InChIkey2D	InChI	name	smiles	xlogp	pubchemids	links	dbflags
1	1	0.1479191072752244	-79.17438168133698	C5H11O8P	[M + K]+	FNZLKVNUWIIPSJ	InChI=1S/C5H11O8P/c6-1-3(7)5(9)4(8)2-13-14(10,11)12/h4-6,8-9H,1-2H2,(H2,10,11,12)	xylulose-P	C(C(C(C(=O)CO)O)O)OP(=O)(O)O	-3.70000005	850;439184;439190;439399;4620163;5178181;5459820;21144996;21145006;23615403;23615404;42609826;42609827;101368053;134693297	HMDB:(618 868);SuperNatural:(SN00002225 SN00379753);ZINC bio:(ZINC01532567 ZINC30320708);additional;MeSH:(439184 439190 5459820 21144996 42609827);Plantcyc:(B-DGAL-HEX-1:5_6:A L-RIBULOSE-5-P L-XYLULOSE-5-P XYLULOSE-5-PHOSPHATE RIBULOSE-5P);PubMed;NORMAN:(NS00015244);COCONUT:(CNP0083326 CNP0198905);KNApSAcK:(19543);Natural Products:(UNPD10515);PubChem:(850 439184 439190 439399 4620163 5178181 5459820 21144996 21145006 23615403 23615404 42609826 42609827 101368053 134693297);CHEBI:(57737 16593 58121 17666 16332 58226 57829 17363);PubChem class - bio and metabolites;KEGG:(C01101 C00231 C00199 C03291);YMDB:(948 362);Biocyc:(L-RIBULOSE-5-P L-XYLULOSE-5-P XYLULOSE-5-PHOSPHATE RIBULOSE-5P)	20949374
2	1	N/A	-81.64492069598947	C5H11O8P	[M + K]+	NBOCCPQHBPGYCX	InChI=1S/C5H11O8P/c6-1-3(7)5(9)4(8)2-13-14(10,11)12/h3,5-7,9H,1-2H2,(H2,10,11,12)	D-ribulose-1-P	C(C(C(C(=O)COP(=O)(O)O)O)O)O	-3.70000005	615;151020;10998795;14844436;20849008;22027282;21145156;54102610;54102611;54102612;91051203;91608136	HMDB:(6534);SuperNatural:(SN00215694);MeSH:(151020);Plantcyc:(D-RIBULOSE-1-P);PubMed;COCONUT:(CNP0333374);PubChem:(615 151020 10998795 14844436 20849008 22027282 21145156 54102610 54102611 54102612 91051203 91608136);YMDB Mine;CHEBI:(71680 71687 28566);PubChem class - bio and metabolites;Biocyc:(CPD0-1115 D-RIBULOSE-1-P);KEGG Mine	42969729134
3	1	N/A	-91.6890651290436	C5H11O8P	[M + K]+	XYAMJJNEOBCRFO	InChI=1S/C5H11O8P/c6-1-3(7)5(9)4(8)2-13-14(10,11)12/h4,6-9H,1-2H2,(H2,10,11,12)	null	C(C(C(=C(CO)O)O)O)OP(=O)(O)O	-3.70000005	25920893	PubChem:(25920893);PubChem class - bio and metabolites	16777218
4	1	N/A	-98.62774440594237	C5H11O8P	[M + K]+	PPQRONHOSHZGFQ	InChI=1S/C5H11O8P/c6-1-3(7)5(9)4(8)2-13-14(10,11)12/h1,3-5,7-9H,2H2,(H2,10,11,12)	bmse000278	C(C(C(C(C=O)O)O)O)OP(=O)(O)O	-2.68515754	230;77982;85049;188324;441187;6101623;21880554;21115541;23615240;42609825;44588262;44588263;53393537;88507863;88508108;90657976;129660973;135075807;135075808	HMDB:(11734);SuperNatural:(SN00216064);ZINC bio:(ZINC01532855 ZINC03606137 ZINC03869426 ZINC03869427 ZINC22116391);additional;MeSH:(77982 188324);Plantcyc:(ARABINOSE-5P CPD-15895);PubMed;NORMAN:(NS00047890);COCONUT:(CNP0415808);KNApSAcK:(7473);PubChem:(230 77982 85049 188324 441187 6101623 21880554 21115541 23615240 42609825 44588262 44588263 53393537 88507863 88508108 90657976 129660973 135075807 135075808);YMDB Mine;CHEBI:(57693 17797 16241 58273 37492);PubChem class - bio and metabolites;KEGG:(C01112 C06814);Biocyc:(CPD-15895 CPD-17006 SMA-0000295 ARABINOSE-5P)	34380589438
5	1	N/A	-122.99471895086313	C5H11O8P	[M + K]+	XALHHFQIICWKJR	InChI=1S/C5H11O8P/c6-3-1-12-5(8,4(3)7)2-13-14(9,10)11/h3-4,6-8H,1-2H2,(H2,9,10,11)	L-Xylulose 1-phosphate	C1C(C(C(O1)(COP(=O)(O)O)O)O)O	-3.9000001	441020;5229252;70853919;101926772	PubChem:(441020 5229252 70853919 101926772);KEGG:(C06441)	258
6	1	N/A	-127.46782248905106	C5H11O8P	[M + K]+	KTVPXOYAKDPRHY	InChI=1S/C5H11O8P/c6-3-2(1-12-14(9,10)11)13-5(8)4(3)7/h2-8H,1H2,(H2,9,10,11)	ribose-5P	C(C1C(C(C(O1)O)O)O)OP(=O)(O)O	-3.5999999	439167;440101;447568;447634;448203;4175041;4357561;7098640;7140377;11401949;23422546;24794349;24794354;24794355;24794356;24794357;24794358;24794359;24794360;24794361;24802507;46876838;53477706;91746440;91825727;118070650;135029204	HMDB:(1548);SuperNatural:(SN00215805 SN00008120);ZINC bio:(ZINC01532547 ZINC04096190 ZINC04228241 ZINC04521830 ZINC04521831 ZINC04521832);additional;MeSH:(439167 24794349 91746440);Plantcyc:(CPD-15318 CPD-18118 CPD-16551);PubMed;NORMAN:(NS00015097);COCONUT:(CNP0040468 CNP0415769);PubChem:(439167 440101 447568 447634 448203 4175041 4357561 7098640 7140377 11401949 23422546 24794349 24794354 24794355 24794356 24794357 24794358 24794359 24794360 24794361 24802507 46876838 53477706 91746440 91825727 118070650 135029204);CHEBI:(45425 40438 52742 18189 140679 85971 86279 78346);PubChem class - bio and metabolites;EcoCyc Mine;KEGG:(C00117 C03736);YMDB:(119 650);Biocyc:(CPD-15318 CPD-18118 CPD-16551 CPD1UA-15)	17200785774
7	1	N/A	-131.09871800159843	C5H11O8P	[M + K]+	YDZXEOXOAWPURF	InChI=1S/C5H11O8P/c6-1-3(8)5(4(9)2-7)13-14(10,11)12/h1,3-5,7-9H,2H2,(H2,10,11,12)	null	C(C(C(C(C=O)O)OP(=O)(O)O)O)O	-3.9000001	22788759;22887322;87497326	PubChem:(22788759 22887322 87497326);YMDB Mine;EcoCyc Mine;MeSH:(22788759);PubMed;KEGG Mine	60129542214
8	1	N/A	-151.64023552779008	C5H11O8P	[M + K]+	QIAIUTJEZJIPSH	InChI=1S/C5H11O8P/c6-2-1-12-5(8)4(3(2)7)13-14(9,10)11/h2-8H,1H2,(H2,9,10,11)	null	C1C(C(C(C(O1)O)OP(=O)(O)O)O)O	-3.5999999	91827314;101068028	PubChem:(91827314 101068028);YMDB Mine;PubChem class - bio and metabolites;EcoCyc Mine;PubChem class - drug;KEGG Mine	60179873794
9	1	N/A	-156.70073230780238	C5H11O8P	[M + K]+	RKCAPQYKXONRSI	InChI=1S/C5H11O8P/c1-3(6)4(7)5(8,9)2-13-14(10,11)12/h4,7-9H,2H2,1H3,(H2,10,11,12)	null	CC(=O)C(C(COP(=O)(O)O)(O)O)O	-3.79999995	54758587;54758588	Plantcyc:(CPD0-2468);PubChem:(54758587 54758588);PubMed;Biocyc:(CPD0-2468)	133186
10	1	N/A	-160.40152164737788	C5H11O8P	[M + K]+	LCTMDKUKDVKPMU	InChI=1S/C5H11O8P/c6-3-1-12-4(5(3,7)8)2-13-14(9,10)11/h3-4,6-8H,1-2H2,(H2,9,10,11)	[(2R,4S)-3,3,4-trihydroxyoxolan-2-yl]methyl dihydrogen phosphate	C1C(C(C(O1)COP(=O)(O)O)(O)O)O	-3.9000001	448243	PubChem:(448243);PubChem class - bio and metabolites	16777218
11	1	N/A	-165.24871826930294	C5H11O8P	[M + K]+	SJMLCPWMIBHTKX	InChI=1S/C5H11O8P/c6-3-1-4(7)13-5(3,8)2-12-14(9,10)11/h3-4,6-8H,1-2H2,(H2,9,10,11)	null	C1C(C(OC1O)(COP(=O)(O)O)O)O	-3.4000001	49867833;57484153	PubChem:(49867833 57484153);PubChem class - bio and metabolites	16777218
12	1	N/A	-169.12320895094444	C5H11O8P	[M + K]+	FWCIRYJUXQBEHG	InChI=1S/C5H11O8P/c1-3(6)5(8,9)4(7)2-13-14(10,11)12/h4,7-9H,2H2,1H3,(H2,10,11,12)	(2s)-2,3,3-Trihydroxy-4-Oxopentyl Dihydrogen Phosphate	CC(=O)C(C(COP(=O)(O)O)O)(O)O	-3.79999995	71768359	PubChem:(71768359);PubChem class - bio and metabolites	16777218
13	1	N/A	-169.1699468673747	C5H11O8P	[M + K]+	ILXHFXFPPZGENN	InChI=1S/C5H11O8P/c6-2-1-12-5(4(8)3(2)7)13-14(9,10)11/h2-8H,1H2,(H2,9,10,11)	Epitope ID:140434	C1C(C(C(C(O1)OP(=O)(O)O)O)O)O	-3.5999999	440102;440160;440960;3036646;3675224;14701112;18610600;16069988;23244556;23431615;25202995;25244737;44237343;44363325;53496352;67794559	HMDB:(12195);SuperNatural:(SN00215497);MeSH:(3036646);Plantcyc:(CPD-1825 CPD-490 CPDIO2-5);PubMed;COCONUT:(CNP0149649 CNP0159499);PubChem:(440102 440160 440960 3036646 3675224 14701112 18610600 16069988 23244556 23431615 25202995 25244737 44237343 44363325 53496352 67794559);YMDB Mine;CHEBI:(57559 57521 28226 15902 35423 15807);PubChem class - bio and metabolites;EcoCyc Mine;KEGG:(C03737 C06238 C06239 C03906);Biocyc:(CPD-1825 CPD-490 CPD-11650)	51559663982
14	1	N/A	-183.17495844349452	C5H11O8P	[M + K]+	ICOBPPWZFJRDGN	InChI=1S/C5H11O8P/c6-1-4(8)5(9,2-7)3-13-14(10,11)12/h6-7,9H,1-3H2,(H2,10,11,12)	null	C(C(=O)C(CO)(COP(=O)(O)O)O)O	-4.0	134692090;134692091	PubChem:(134692090 134692091);CHEBI:(141351)	34
15	1	N/A	-199.54712602613566	C5H11O8P	[M + K]+	YXJDFQJKERBOBM	InChI=1S/C5H11O8P/c6-1-2-3(7)4(8)5(12-2)13-14(9,10)11/h2-8H,1H2,(H2,9,10,11)	D-ribose-1P	C(C1C(C(C(O1)OP(=O)(O)O)O)O)O	-3.0999999	1074;123732;439236;4415769;6419443;12112603;10036813;13269364;13269365;13269366;20849130;23615443;23389099;44229233;45934310;57148008;69859705;92144439;124300901;134857855;134858448	HMDB:(1489);SuperNatural:(SN00216047 SN00008128);ZINC bio:(ZINC01532661 ZINC03870207 ZINC03870208 ZINC03870209 ZINC04228268 ZINC04228289);MeSH:(123732 439236 23615443);Plantcyc:(RIBOSE-1P);PubMed;NORMAN:(NS00015245);COCONUT:(CNP0082936 CNP0083329);PubChem:(1074 123732 439236 4415769 6419443 12112603 10036813 13269364 13269365 13269366 20849130 23615443 23389099 44229233 45934310 57148008 69859705 92144439 124300901 134857855 134858448);CHEBI:(35425 57720 16300);PubChem class - bio and metabolites;KEGG:(C00620);YMDB:(61);Biocyc:(RIBOSE-1P SMA-0000144)	20392302