structureRankPerFormula	formulaRank	ConfidenceScore	CSI:FingerIDScore	molecularFormula	adduct	InChIkey2D	InChI	name	smiles	xlogp	pubchemids	links	dbflags
1	1	0.4075352208592193	-68.982054189663	C7H17NO	[M + H]+	SALYKAIZVOFAEJ	InChI=1S/C7H17NO/c1-2-3-4-5-8-6-7-9/h8-9H,2-7H2,1H3	Pentylethanolamine	CCCCCNCCO	0.899999976	97502;6994764	NORMAN:(NS00029786);MeSH:(97502);PubChem:(97502 6994764);PubMed;ZINC bio:(ZINC01716840)	270406
2	1	N/A	-82.45520220901078	C7H17NO	[M + H]+	LYOUIPAWIRANIU	InChI=1S/C7H17NO/c1-3-7(2)6-8-4-5-9/h7-9H,3-6H2,1-2H3	2-[(2-Methyl-Butyl)Amino]Ethan-1-Ol	CCC(C)CNCCO	0.800000012	296374;24884413;36689607	PubChem:(296374 24884413 36689607);PubChem class - safety and toxic	67108866
3	1	N/A	-87.80053324594063	C7H17NO	[M + H]+	IPLWOCGPIGUXOR	InChI=1S/C7H17NO/c1-7(2)8-5-3-4-6-9/h7-9H,3-6H2,1-2H3	4-(Isopropylamino)butanol	CC(C)NCCCCO	0.600000024	12950986;87219164;89348811;89348824;89348825	PubChem:(12950986 87219164 89348811 89348824 89348825);PubChem class - safety and toxic	67108866
4	1	N/A	-101.06841907355258	C7H17NO	[M + H]+	SEQRMDBRYIGQDX	InChI=1S/C7H17NO/c1-3-7(6-9)4-5-8-2/h7-9H,3-6H2,1-2H3	null	CCC(CCNC)CO	0.600000024	89041503	PubChem:(89041503);COCONUT:(CNP0141963)	2097154
5	1	N/A	-114.42086012715852	C7H17NO	[M + H]+	WKCYFSZDBICRKL	InChI=1S/C7H17NO/c1-3-8(4-2)6-5-7-9/h9H,3-7H2,1-2H3	3-(Diethylamino)propanol	CCN(CC)CCCO	0.699999988	12159;6993570;57624182	NORMAN:(NS00043288);PubChem class - safety and toxic;PubChem:(12159 6993570 57624182);PubMed	67371074
6	1	N/A	-117.95861155519258	C7H17NO	[M + H]+	HFLIHGJYVCGOEH	InChI=1S/C7H17NO/c1-8(2)6-4-3-5-7-9/h9H,3-7H2,1-2H3	5-(dimethylamino)-1-pentanol	CN(C)CCCCCO	0.699999988	295978	PubChem:(295978);PubChem class - safety and toxic	67108866
7	1	N/A	-132.09283147916005	C7H17NO	[M + H]+	ZOOPONUAQQEUQX	InChI=1S/C7H17NO/c1-7(2,6-9)4-3-5-8/h9H,3-6,8H2,1-2H3	5-Amino-2,2-dimethylpentanol	CC(C)(CCCN)CO	0.5	139489;7023115	PubChem:(139489 7023115);PubChem class - safety and toxic	67108866
8	1	N/A	-139.10456499791545	C7H17NO	[M + H]+	LPUBRQWGZPPVBS	InChI=1S/C7H17NO/c1-2-3-6-9-7-4-5-8/h2-8H2,1H3	3-Butoxypropanamine	CCCCOCCCN	0.699999988	85461;7004894	NORMAN:(NS00025403);PubChem class - safety and toxic;PubChem:(85461 7004894)	67371010
9	1	N/A	-147.65523865030534	C7H17NO	[M + H]+	DLPPMKSHLIOSFX	InChI=1S/C7H18NO/c1-4-8(2,3)6-5-7-9/h9H,4-7H2,1-3H3/q+1	Ethylhomocholine	CC[N+](C)(C)CCCO	0.300000012	130040	MeSH:(130040);PubChem:(130040);PubMed	70
10	1	N/A	-152.67159932889396	C7H17NO	[M + H]+	XLAXYNXVOVMHMJ	InChI=1S/C7H17NO/c1-4-9-7-5-6-8(2)3/h4-7H2,1-3H3	3-Ethoxy-N,N-dimethylpropylamine	CCOCCCN(C)C	0.800000012	91374	PubChem:(91374);NORMAN:(NS00027850)	262146
11	1	N/A	-154.85616135241486	C7H17NO	[M + H]+	ISULOSAJSWGBQR	InChI=1S/C7H17NO/c1-6(2)5-7(8)3-4-9/h6-7,9H,3-5,8H2,1-2H3	null	CC(C)CC(CCO)N	0.699999988	57368607;53413882;96637639	PubChem class - safety and toxic;PubChem:(57368607 53413882 96637639);PubMed	67108930
12	1	N/A	-155.87703796227936	C7H17NO	[M + H]+	QLELJGOOIWJCOZ	InChI=1S/C7H17NO/c1-2-3-4-5-7(9)6-8/h7,9H,2-6,8H2,1H3	1-Amino-heptan-2-ol	CCCCCC(CN)O	1.0	14178859;34176877;34176881	PubChem class - safety and toxic;PubChem:(14178859 34176877 34176881);PubMed	67108930
13	1	N/A	-157.3420440974192	C7H17NO	[M + H]+	KMYUSPMACYDQJO	InChI=1S/C7H18NO/c1-4-5-6-7-8(2,3)9/h9H,4-7H2,1-3H3/q+1	null	CCCCC[N+](C)(C)O	1.60000002	42627349	PubChem:(42627349);PubChem class - bio and metabolites	16777218
14	1	N/A	-169.30283479397966	C7H17NO	[M + H]+	BKMLGCPWXVBXHY	InChI=1S/C7H18NO/c1-4-8(3,5-2)6-7-9/h9H,4-7H2,1-3H3/q+1	Diethylcholine	CC[N+](C)(CC)CCO	0.300000012	83239	NORMAN:(NS00048970);PubChem:(83239);ZINC bio:(ZINC01733921);MeSH:(83239);PubMed;KEGG Mine	8590204998
15	1	N/A	-170.9051666196532	C7H17NO	[M + H]+	REJGIEGOYWEWPR	InChI=1S/C7H17NO/c1-7(2)6-9-5-3-4-8/h7H,3-6,8H2,1-2H3	3-Isobutoxypropylamine	CC(C)COCCCN	0.800000012	98668;6993128	PubChem:(98668 6993128);NORMAN:(NS00054628)	262146
16	1	N/A	-176.42592566068868	C7H17NO	[M + H]+	LUAXDSKCXOZUGI	InChI=1S/C7H17NO/c1-6(2)4-7(5-9)8-3/h6-9H,4-5H2,1-3H3	(2R)-4-methyl-2-(methylamino)pentan-1-ol	CC(C)CC(CO)NC	0.899999976	12695790;12695791;59967423	PubChem:(12695790 12695791 59967423);PubChem class - safety and toxic	67108866
17	1	N/A	-177.6436438126701	C7H17NO	[M + H]+	BHUXAQIVYLDUQV	InChI=1S/C7H17NO/c1-4-8(5-2)6-7(3)9/h7,9H,4-6H2,1-3H3	1-Diethylamino-2-propanol	CCN(CC)CC(C)O	0.699999988	95387;6951308;6951309;6951310;6951311;23278727	NORMAN:(NS00048649);PubChem class - safety and toxic;PubChem:(95387 6951308 6951309 6951310 6951311 23278727);PubMed	67371074
18	1	N/A	-194.73094217443176	C7H17NO	[M + H]+	SYZDMLOUOSPLHO	InChI=1S/C7H17NO/c1-6(2)8-5-7(3,4)9/h6,8-9H,5H2,1-4H3	2-methyl-1-(propan-2-ylamino)propan-2-ol	CC(C)NCC(C)(C)O	0.5	97503	PubChem:(97503);PubChem class - safety and toxic	67108866
19	1	N/A	-196.9793914892705	C7H17NO	[M + H]+	BARCWXONXKELGZ	InChI=1S/C7H17NO/c1-7(2,3)6(4-8)5-9/h6,9H,4-5,8H2,1-3H3	null	CC(C)(C)C(CN)CO	0.600000024	12622589;55284934	PubChem:(12622589 55284934);PubChem class - safety and toxic	67108866
20	1	N/A	-197.5065717757262	C7H17NO	[M + H]+	PUVVITURPSDTOB	InChI=1S/C7H17NO/c1-7(2,3)8-5-6-9-4/h8H,5-6H2,1-4H3	tert-butyl(2-methoxyethyl)amine	CC(C)(C)NCCOC	0.600000024	559304	PubChem:(559304);PubChem class - safety and toxic	67108866
21	1	N/A	-200.48288519621573	C7H17NO	[M + H]+	IGWSTDYRCFOAGN	InChI=1S/C7H17NO/c1-7(2,6-8)4-5-9-3/h4-6,8H2,1-3H3	null	CC(C)(CCOC)CN	0.699999988	62739589	PubChem:(62739589);PubChem class - safety and toxic	67108866
22	1	N/A	-202.3443500495035	C7H17NO	[M + H]+	PLLVTSBBBKLRSO	InChI=1S/C7H18NO/c1-5-9-7-6-8(2,3)4/h5-7H2,1-4H3/q+1	O-Ethylcholine	CCOCC[N+](C)(C)C	0.5	80661	MeSH:(80661);PubChem:(80661);PubMed;ZINC bio:(ZINC01681602)	8262
23	1	N/A	-211.70116253392683	C7H17NO	[M + H]+	PYEWZDAEJUUIJX	InChI=1S/C7H17NO/c1-7(2,6-9)5-8(3)4/h9H,5-6H2,1-4H3	1-Propanol,2-dimethyl-	CC(C)(CN(C)C)CO	0.800000012	87919;86308312	NORMAN:(NS00026230);PubChem class - safety and toxic;PubChem:(87919 86308312)	67371010
24	1	N/A	-211.93140978713927	C7H17NO	[M + H]+	FUMQINKTMJGGNY	InChI=1S/C7H17NO/c1-6(5-8)9-7(2,3)4/h6H,5,8H2,1-4H3	null	CC(CN)OC(C)(C)C	0.600000024	57152031	PubChem:(57152031);PubChem class - safety and toxic	67108866
25	1	N/A	-213.73354728954368	C7H17NO	[M + H]+	BZCSKDXOXIUCSS	InChI=1S/C7H17NO/c1-7(2,3)9-6-4-5-8/h4-6,8H2,1-3H3	AmbotzFAL1023	CC(C)(C)OCCCN	0.5	16218572	COCONUT:(CNP0186216);PubChem class - safety and toxic;PubChem:(16218572)	69206018
26	1	N/A	-217.53244565465766	C7H17NO	[M + H]+	KHRLRJPSKWLLPI	InChI=1S/C7H17NO/c1-4-6(8)7(9)5(2)3/h5-7,9H,4,8H2,1-3H3	4-Amino-2-methyl-3-hexanol	CCC(C(C(C)C)O)N	1.0	44674;55288816;55291446;55291447;57714157;92167644;92167645	PubChem:(44674 55288816 55291446 55291447 57714157 92167644 92167645);PubChem class - safety and toxic	67108866
27	1	N/A	-219.3757703683383	C7H17NO	[M + H]+	AGXSAKYCANEZGX	InChI=1S/C7H17NO/c1-5-7(2,9)6-8(3)4/h9H,5-6H2,1-4H3	1-Dimethylamino-2-methylbutan-2-ol	CCC(C)(CN(C)C)O	0.699999988	3018499	NORMAN:(NS00059572);PubChem class - safety and toxic;PubChem:(3018499);KEGG Mine	8657305602
28	1	N/A	-226.290702304543	C7H17NO	[M + H]+	GGSAMCDSFWBGCU	InChI=1S/C7H17NO/c1-6(8)5-7(2,3)9-4/h6H,5,8H2,1-4H3	4-methoxy-4-methylpentan-2-amine	CC(CC(C)(C)OC)N	0.5	22273175;29013822;29013824	PubChem:(22273175 29013822 29013824);PubChem class - safety and toxic	67108866
29	1	N/A	-241.5237876173765	C7H17NO	[M + H]+	FHQBXDQYWIINRX	InChI=1S/C7H17NO/c1-4-5-6(9)7(2,3)8/h6,9H,4-5,8H2,1-3H3	2-Amino-2-methyl-3-hexanol	CCCC(C(C)(C)N)O	0.5	44673;92141135;92141136	PubChem:(44673 92141135 92141136);PubChem class - safety and toxic	67108866
30	1	N/A	-266.53102832581243	C7H17NO	[M + H]+	QOTBCSKXQXCOTD	InChI=1S/C7H17NO/c1-6(8)5-9-7(2,3)4/h6H,5,8H2,1-4H3	2-Propanamine, 1-(1,1-dimethylethoxy)-	CC(COC(C)(C)C)N	0.600000024	15269985;28998053;28998055;58142839	PubChem:(15269985 28998053 28998055 58142839);PubChem class - safety and toxic	67108866
31	1	N/A	-297.8552054792943	C7H17NO	[M + H]+	GNECDGRVHMCXGT	InChI=1S/C7H17NO/c1-6(2)9-5-7(3,4)8/h6H,5,8H2,1-4H3	null	CC(C)OCC(C)(C)N	0.600000024	55291407	PubChem:(55291407);PubChem class - safety and toxic	67108866