structureRankPerFormula	formulaRank	ConfidenceScore	CSI:FingerIDScore	molecularFormula	adduct	InChIkey2D	InChI	name	smiles	xlogp	pubchemids	links	dbflags
1	1	N/A	-95.93282985369987	C10H8O3	[M + H]+	HZUFMSJUNLSDSZ	InChI=1S/C10H8O3/c11-5-1-2-8-3-4-9-10(6-8)13-7-12-9/h1-6H,7H2	3,4-Methylenedioxycinnamaldehyde	C1OC2=C(O1)C=C(C=C2)C=CC=O	1.89606524	84630;5355018;5374493	HMDB:(33813);SuperNatural:(SN00351221 SN00143273);ZINC bio:(ZINC01608655);PubMed;NORMAN:(NS00053102);COCONUT:(CNP0233065);KNApSAcK:(34385);Natural Products:(UNPD16538 UNPD86619);PubChem:(84630 5355018 5374493);PubChem class - bio and metabolites;Training Set;KEGG Mine	8610177114
2	1	N/A	-129.4410117612874	C10H8O3	[M + H]+	OPAYERWEZXLSFC	InChI=1S/C10H8O3/c1-12-8-2-3-10-7(4-8)5-9(6-11)13-10/h2-6H,1H3	5-Methoxybenzofuran-2-carbaldehyde	COC1=CC2=C(C=C1)OC(=C2)C=O	2.0999999	31663	PubChem:(31663);PubChem class - safety and toxic	67108866
3	1	N/A	-136.25896046954858	C10H8O3	[M + H]+	GOFAYQFZGHXFTL	InChI=1S/C10H8O3/c1-12-8-3-2-7-4-9(6-11)13-10(7)5-8/h2-6H,1H3	6-Methoxy-2-benzofurancarboxaldehyde	COC1=CC2=C(C=C1)C=C(O2)C=O	2.0999999	40908	PubChem:(40908);PubChem class - safety and toxic	67108866
4	1	N/A	-136.94875897137683	C10H8O3	[M + H]+	LBOUHDMYVURTMA	InChI=1S/C10H8O3/c11-7-9-3-1-8(2-4-9)5-6-10(12)13/h1-7H,(H,12,13)	p-Formylcinnamicacid	C1=CC(=CC=C1C=CC(=O)O)C=O	1.54534256	98077;5357280;6993260;12600509	NORMAN:(NS00050999);PubChem:(98077 5357280 6993260 12600509);MeSH:(5357280);PubChem class - safety and toxic;PubMed;KEGG Mine	8657305670
5	1	N/A	-137.23365820792282	C10H8O3	[M + H]+	GIJIKNIHYNIDSJ	InChI=1S/C10H8O3/c1-12-10(11)9-6-7-4-2-3-5-8(7)13-9/h2-6H,1H3	methyl benzofuran-2-carboxylate	COC(=O)C1=CC2=CC=CC=C2O1	2.08235621	291153	PubChem:(291153);PubChem class - safety and toxic	67108866
6	1	N/A	-137.75833182200682	C10H8O3	[M + H]+	HQCYVSPJIOJEGA	InChI=1S/C10H8O3/c1-12-9-6-7-4-2-3-5-8(7)13-10(9)11/h2-6H,1H3	3-methoxychromen-2-one	COC1=CC2=CC=CC=C2OC1=O	2.0999999	367929	COCONUT:(CNP0191557);Natural Products:(UNPD228628);PubChem:(367929);CHEBI:(140398);ZINC bio:(ZINC01625438);PubMed	2138210
7	1	N/A	-158.8602733562039	C10H8O3	[M + H]+	MLCMXDYMSAZNPC	InChI=1S/C10H8O3/c1-12-9-6-10(11)13-8-5-3-2-4-7(8)9/h2-6H,1H3	ACMC-20amex	COC1=CC(=O)OC2=CC=CC=C21	1.60000002	529426	COCONUT:(CNP0022166);PubChem:(529426);SuperNatural:(SN00000758);ZINC bio:(ZINC00057913);additional;Training Set;PubMed;KEGG Mine	8593629250
8	1	N/A	-160.46021874491967	C10H8O3	[M + H]+	ODRDTKMYQDXVGG	InChI=1S/C10H8O3/c1-12-8-4-2-3-7-5-6-9(11)13-10(7)8/h2-6H,1H3	Ambap2445-81-0	COC1=CC=CC2=C1OC(=O)C=C2	1.89999998	520130	COCONUT:(CNP0331966);Natural Products:(UNPD149875);PubChem:(520130);SuperNatural:(SN00306646);additional;MeSH:(520130);PubMed	3702854
9	1	N/A	-162.0864836956937	C10H8O3	[M + H]+	VKVCJIMMVPXDQD	InChI=1S/C10H8O3/c1-12-8-3-4-9-7(6-8)2-5-10(11)13-9/h2-6H,1H3	6-methoxycoumarin	COC1=CC2=C(C=C1)OC(=O)C=C2	1.99844968	11240776	COCONUT:(CNP0309169);Natural Products:(UNPD91531);PubChem:(11240776);PubMed;ZINC bio:(ZINC02566046)	2138178
10	1	N/A	-162.96455885563245	C10H8O3	[M + H]+	VZDMYPIDINNYHD	InChI=1S/C10H8O3/c1-12-9-5-7(6-11)4-8-2-3-13-10(8)9/h2-6H,1H3	7-methoxy-1-benzofuran-5-carbaldehyde	COC1=C2C(=CC(=C1)C=O)C=CO2	1.79999995	19834271	COCONUT:(CNP0081586);Natural Products:(UNPD3937);PubChem:(19834271);SuperNatural:(SN00386742)	3178498
11	1	N/A	-167.53787985539117	C10H8O3	[M + H]+	ZYIXXVCNAOYWQA	InChI=1S/C10H8O3/c11-10(12)6-8-5-7-3-1-2-4-9(7)13-8/h1-5H,6H2,(H,11,12)	Oprea1_342401	C1=CC=C2C(=C1)C=C(O2)CC(=O)O	1.79999995	11105888;22624674	PubChem class - safety and toxic;PubChem:(11105888 22624674);PubMed	67108930
12	1	N/A	-173.2921827337562	C10H8O3	[M + H]+	LIIALPBMIOVAHH	InChI=1S/C10H8O3/c1-12-8-4-2-7-3-5-10(11)13-9(7)6-8/h2-6H,1H3	Ayapanin	COC1=CC2=C(C=C1)C=CC(=O)O2	1.99844968	10748;73057259	HMDB:(29758);SuperNatural:(SN00001415);ZINC bio:(ZINC00391177);additional;MeSH:(10748);Plantcyc:(CPD-9828);PubMed;NORMAN:(NS00022307);COCONUT:(CNP0107419 CNP0416323);KNApSAcK:(2476);Natural Products:(UNPD41980);PubChem:(10748 73057259);CHEBI:(5679);PubChem class - bio and metabolites;KEGG:(C09268);PubChem class - safety and toxic;Training Set;Biocyc:(CPD-9828)	88009086
13	1	N/A	-181.58911636299297	C10H8O3	[M + H]+	VRCYFMXDPGWEGA	InChI=1S/C10H8O3/c1-6-2-3-9-7(4-6)5-8(11)10(12)13-9/h2-5,11H,1H3	null	CC1=CC2=C(C=C1)OC(=O)C(=C2)O	2.0999999	12756470	HMDB:(135533);PubChem:(12756470);PubChem class - bio and metabolites	16777226
14	1	N/A	-184.94842181415945	C10H8O3	[M + H]+	XCBLZAJCKKRBED	InChI=1S/C10H8O3/c1-7(11)13-10-6-12-9-5-3-2-4-8(9)10/h2-6H,1H3	ACMC-20anaw	CC(=O)OC1=COC2=CC=CC=C21	2.0999999	2769621	PubChem:(2769621);PubChem class - safety and toxic	67108866
15	1	N/A	-185.37208189392604	C10H8O3	[M + H]+	PLPDHGOODMBBGN	InChI=1S/C10H8O3/c11-9(6-7-10(12)13)8-4-2-1-3-5-8/h1-7H,(H,12,13)	ACMC-20ajgc	C1=CC=C(C=C1)C(=O)C=CC(=O)O	1.57674968	1549170;94714;676116;4057911;5538769;11378821	NORMAN:(NS00033901);COCONUT:(CNP0009522 CNP0110567);PubChem:(1549170 94714 676116 4057911 5538769 11378821);SuperNatural:(SN00116838);ZINC bio:(ZINC00039041 ZINC12375851);EcoCyc Mine;MeSH:(94714 676116);PubChem class - safety and toxic;PubMed;KEGG Mine	25840328774
16	1	N/A	-192.88449171489015	C10H8O3	[M + H]+	XUTBNKYATQJDLC	InChI=1S/C10H8O3/c11-10(12)6-7-1-2-9-8(5-7)3-4-13-9/h1-5H,6H2,(H,11,12)	null	C1=CC2=C(C=CO2)C=C1CC(=O)O	1.79999995	23438892	PubChem:(23438892);PubChem class - safety and toxic	67108866
17	1	N/A	-195.51484139391562	C10H8O3	[M + H]+	XYFXTIBDEAZMAH	InChI=1S/C10H8O3/c1-12-8-3-2-4-9-7(8)5-6-10(11)13-9/h2-6H,1H3	5-methoxy-2H-chromen-2-one	COC1=CC=CC2=C1C=CC(=O)O2	1.89999998	10899191	COCONUT:(CNP0275397);Natural Products:(UNPD56199);PubChem:(10899191);SuperNatural:(SN00403786);PubMed	3178562
18	1	N/A	-199.08764347559256	C10H8O3	[M + H]+	YNURZLOEFNTCMJ	InChI=1S/C10H8O3/c11-6-2-4-8-3-1-5-9(7-8)10(12)13/h1,3,5,7,11H,6H2,(H,12,13)	3-(3-hydroxyprop-1-ynyl)benzoic Acid	C1=CC(=CC(=C1)C(=O)O)C#CCO	1.25103951	5051581;7016306	PubChem:(5051581 7016306);PubChem class - safety and toxic	67108866
19	1	N/A	-199.6348911948479	C10H8O3	[M + H]+	ZIPLCYUNFCYCCT	InChI=1S/C10H8O3/c1-12-7-2-3-8-9(11)4-5-13-10(8)6-7/h2-6H,1H3	Spectrum2_001747	COC1=CC2=C(C=C1)C(=O)C=CO2	1.79207504	600605	PubChem:(600605);PubMed;CHEBI:(107636);ZINC bio:(ZINC00158055)	8290
20	1	N/A	-204.40369126121632	C10H8O3	[M + H]+	QWQWBHZHRMHXOC	InChI=1S/C10H8O3/c1-6-4-7-2-3-10(12)13-9(7)5-8(6)11/h2-5,11H,1H3	7-hydroxy-6-methylchromen-2-one	CC1=CC2=C(C=C1O)OC(=O)C=C2	2.07209826	5412913	COCONUT:(CNP0356490);HMDB:(32990);Natural Products:(UNPD157628);PubChem:(5412913);SuperNatural:(SN00256884);ZINC bio:(ZINC00384854);PubChem class - bio and metabolites;KEGG Mine	8609898506
21	1	N/A	-204.76324660242656	C10H8O3	[M + H]+	LNOUMTOCQWMBOJ	InChI=1S/C10H8O3/c1-2-8(11)7-3-4-9-10(5-7)13-6-12-9/h2-5H,1,6H2	1''-Oxosafrole	C=CC(=O)C1=CC2=C(C=C1)OCO2	2.05097318	160188	MeSH:(160188);PubChem:(160188);PubMed	70
22	1	N/A	-204.77141919741436	C10H8O3	[M + H]+	JSKYRABEGKTTPD	InChI=1S/C10H8O3/c1-6-4-9-7(5-8(6)11)2-3-10(12)13-9/h2-5,11H,1H3	6-hydroxy-7-methylchromen-2-one	CC1=CC2=C(C=CC(=O)O2)C=C1O	1.89999998	850207	COCONUT:(CNP0231681);Natural Products:(UNPD107264);PubChem:(850207);SuperNatural:(SN00155787);PubMed	3178562
23	1	N/A	-204.99146849408584	C10H8O3	[M + H]+	PGFLLSYSGYEGHZ	InChI=1S/C10H8O3/c1-12-7-2-3-10-8(6-7)9(11)4-5-13-10/h2-6H,1H3	6-methoxychromen-4-one	COC1=CC2=C(C=C1)OC=CC2=O	1.79207504	688880	COCONUT:(CNP0021965);PubChem:(688880);SuperNatural:(SN00000793);ZINC bio:(ZINC00057950);additional;Training Set	3694594
24	1	N/A	-205.58793900718467	C10H8O3	[M + H]+	CNZJGFNTBYUJHF	InChI=1S/C10H8O3/c1-13-10(12)7-4-2-3-6-5-8(11)9(6)7/h2-4H,5H2,1H3	methyl 7-oxobicyclo[4.2.0]octa-1,3,5-triene-5-carboxylate	COC(=O)C1=CC=CC2=C1C(=O)C2	0.699999988	2752953	COCONUT:(CNP0032570);PubChem:(2752953);SuperNatural:(SN00126084);ZINC bio:(ZINC03848086)	3153922
25	1	N/A	-205.9616394561842	C10H8O3	[M + H]+	DEBZQUFVQZPPLC	InChI=1S/C10H8O3/c11-10(12)8-5-7-3-1-2-4-9(7)13-6-8/h1-5H,6H2,(H,11,12)	3-Carboxy-2H-chromene	C1C(=CC2=CC=CC=C2O1)C(=O)O	1.5	322304;4328670	COCONUT:(CNP0032573 CNP0256854);PubChem:(322304 4328670);SuperNatural:(SN00043595);ZINC bio:(ZINC00158998);PubChem class - safety and toxic;PubMed	70262850
26	1	N/A	-206.79410667522637	C10H8O3	[M + H]+	AJSNUBLNFVLJEB	InChI=1S/C10H8O3/c11-9-7-5-3-1-2-4-6-8-10(12)13/h5-8,11H,9H2,(H,12,13)	(2E,8E)-10-hydroxydeca-2,8-dien-4,6-diynoic acid	C(C=CC#CC#CC=CC(=O)O)O	0.800000012	20843266;20843267;131751124	COCONUT:(CNP0184102);HMDB:(31054);Natural Products:(UNPD155788);PubChem:(20843266 20843267 131751124);PubChem class - bio and metabolites	18907146
27	1	N/A	-208.0106149135756	C10H8O3	[M + H]+	ZLQJVGSVJRBUNL	InChI=1S/C10H8O3/c1-6-4-7-2-3-8(11)5-9(7)13-10(6)12/h2-5,11H,1H3	7-hydroxy-3-methyl-2H-chromen-2-one	CC1=CC2=C(C=C(C=C2)O)OC1=O	1.94305408	13235410	COCONUT:(CNP0245727);Natural Products:(UNPD117499);PubChem:(13235410);SuperNatural:(SN00296784);ZINC bio:(ZINC14488849);PubMed;KEGG Mine	8593121346
28	1	N/A	-209.75352637009792	C10H8O3	[M + H]+	QWMVFCMIUUHJDH	InChI=1S/C10H8O3/c11-10(12)5-7-6-13-9-4-2-1-3-8(7)9/h1-4,6H,5H2,(H,11,12)	3-Benzofuranacetic acid	C1=CC=C2C(=C1)C(=CO2)CC(=O)O	1.79999995	2762940;7023627	PubChem:(2762940 7023627);PubChem class - safety and toxic	67108866
29	1	N/A	-214.30261310934563	C10H8O3	[M + H]+	NMYHGDAZXIKAFM	InChI=1S/C10H8O3/c1-6(11)7-2-3-9-8(10(7)12)4-5-13-9/h2-5,12H,1H3	Ethanone, 1-(4-hydroxy-5-benzofuranyl)-	CC(=O)C1=C(C2=C(C=C1)OC=C2)O	2.20000005	11788580	HMDB:(129369);PubChem:(11788580);PubMed;PubChem class - bio and metabolites	16777290
30	1	N/A	-214.30320547133618	C10H8O3	[M + H]+	WIRGBZBGYNIZIB	InChI=1S/C10H8O3/c1-6-2-3-9-7(4-6)8(11)5-10(12)13-9/h2-5,11H,1H3	4-Hydroxy-6-methylcoumarin	CC1=CC2=C(C=C1)OC(=O)C=C2O	1.60000002	51371743;54686349	COCONUT:(CNP0065247);PubChem:(51371743 54686349);SuperNatural:(SN00000948);ZINC bio:(ZINC00058109);additional;PubChem class - safety and toxic;PubMed;KEGG Mine	8660721730
31	1	N/A	-215.24820075707584	C10H8O3	[M + H]+	GJSMLKPYZPFTCG	InChI=1S/C10H8O3/c1-6-5-7-3-2-4-8(11)9(7)10(12)13-6/h2-5,11H,1H3	null	CC1=CC2=C(C(=CC=C2)O)C(=O)O1	2.5	11008446	COCONUT:(CNP0211868);Natural Products:(UNPD147415);PubChem:(11008446);SuperNatural:(SN00391383)	3178498
32	1	N/A	-215.77456920768353	C10H8O3	[M + H]+	LEPOYFHYEJNVIJ	InChI=1S/C10H8O3/c11-7-1-2-8-3-5-9(6-4-8)10(12)13/h3-6,11H,7H2,(H,12,13)	4-(3-hydroxyprop-1-ynyl)benzoic Acid	C1=CC(=CC=C1C#CCO)C(=O)O	1.25103951	7016307;5201737	PubChem:(7016307 5201737);PubChem class - safety and toxic	67108866
33	1	N/A	-219.10927500938948	C10H8O3	[M + H]+	WZQJRGJCZFZKAG	InChI=1S/C10H8O3/c1-6-4-7-2-3-9(12)13-10(7)8(11)5-6/h2-5,11H,1H3	2H-1-Benzopyran-2-one, 8-hydroxy-6-methyl-	CC1=CC2=C(C(=C1)O)OC(=O)C=C2	1.89999998	21791306	HMDB:(135531);PubChem:(21791306);PubChem class - bio and metabolites	16777226
34	1	N/A	-219.37161262043332	C10H8O3	[M + H]+	JSPGOHYLKVWWKI	InChI=1S/C10H8O3/c11-5-7-3-8-4-9(12)1-2-10(8)13-6-7/h1-5,12H,6H2	ACMC-20alym	C1C(=CC2=C(O1)C=CC(=C2)O)C=O	1.10000002	4770815	PubChem:(4770815);PubChem class - safety and toxic	67108866
35	1	N/A	-219.4839403358705	C10H8O3	[M + H]+	WELXSIFHTDZTJK	InChI=1S/C10H8O3/c1-6-5-8(12)10-7(11)3-2-4-9(10)13-6/h2-5,11H,1H3	5-hydroxy-2-methylchromen-4-one	CC1=CC(=O)C2=C(C=CC=C2O1)O	2.0999999	821390	COCONUT:(CNP0237764);KNApSAcK:(553);Natural Products:(UNPD171878);PubChem:(821390);SuperNatural:(SN00155225);ZINC bio:(ZINC00338212);PubMed	3186770
36	1	N/A	-220.2555679105375	C10H8O3	[M + H]+	OMBMYWYFYLOVPT	InChI=1S/C10H8O3/c11-9-3-1-2-7-4-5-10(12)13-6-8(7)9/h1-5,11H,6H2	null	C1C2=C(C=CC=C2O)C=CC(=O)O1	1.5	42603801	COCONUT:(CNP0282456);Natural Products:(UNPD203896);PubChem:(42603801);CHEBI:(69692);MeSH:(42603801);PubMed	2130022
37	1	N/A	-220.7740215718946	C10H8O3	[M + H]+	SGMVRLBDQDWGRZ	InChI=1S/C10H8O3/c1-6-3-2-4-8-10(6)7(11)5-9(12)13-8/h2-5,11H,1H3	null	CC1=C2C(=CC=C1)OC(=O)C=C2O	1.60000002	54688203	COCONUT:(CNP0152125);Natural Products:(UNPD179617);PubChem:(54688203);SuperNatural:(SN00334696);MeSH:(54688203);PubMed;KEGG Mine	8593113158
38	1	N/A	-221.59470762018657	C10H8O3	[M + H]+	ZTOSOLQWPWTEEA	InChI=1S/C10H8O3/c1-6-2-3-9-7(4-6)8(5-13-9)10(11)12/h2-5H,1H3,(H,11,12)	3-Benzofurancarboxylic acid, 5-methyl-	CC1=CC2=C(C=C1)OC=C2C(=O)O	2.20000005	20262473	PubChem:(20262473);PubChem class - safety and toxic	67108866
39	1	N/A	-222.41007515293424	C10H8O3	[M + H]+	JUPDJMWLVUWUII	InChI=1S/C10H8O3/c1-6(11)7-3-2-4-8-9(7)5-13-10(8)12/h2-4H,5H2,1H3	null	CC(=O)C1=CC=CC2=C1COC2=O	1.0	11159618	COCONUT:(CNP0113517);Natural Products:(UNPD27621);PubChem:(11159618)	2129922
40	1	N/A	-223.4277439235854	C10H8O3	[M + H]+	SNKGYZVEYQQMFY	InChI=1S/C10H8O3/c1-6-3-2-4-8-7(6)5-9(13-8)10(11)12/h2-5H,1H3,(H,11,12)	4-methyl-1-benzofuran-2-carboxylate	CC1=C2C=C(OC2=CC=C1)C(=O)O	2.15600491	20303940;20303941	PubChem:(20303940 20303941);PubChem class - safety and toxic	67108866
41	1	N/A	-223.8945974820333	C10H8O3	[M + H]+	SWTGXRICOTZSFY	InChI=1S/C10H8O3/c1-6-3-2-4-7-8(11)5-9(12)13-10(6)7/h2-5,11H,1H3	2-hydroxy-8-methylchromen-4-one	CC1=C2C(=CC=C1)C(=CC(=O)O2)O	1.60000002	54676122	COCONUT:(CNP0156496);PubChem:(54676122);SuperNatural:(SN00132024);ZINC bio:(ZINC06491453);PubChem class - safety and toxic;PubMed;KEGG Mine	8660197442
42	1	N/A	-224.01406013953476	C10H8O3	[M + H]+	RBZSTMCKGZFSOH	InChI=1S/C10H8O3/c1-6-9(11)7-4-2-3-5-8(7)13-10(6)12/h2-5,11H,1H3	2-hydroxy-3-methylchromen-4-one	CC1=C(C2=CC=CC=C2OC1=O)O	1.91468954	54687016	COCONUT:(CNP0071048 CNP0333808);Natural Products:(UNPD99649);PubChem:(54687016);SuperNatural:(SN00284957);ZINC bio:(ZINC13154289);PubMed;KEGG Mine	8593121346
43	1	N/A	-224.17901626820827	C10H8O3	[M + H]+	UULUUZLKDVRRQD	InChI=1S/C10H8O3/c1-6-5-8-7(10(11)12)3-2-4-9(8)13-6/h2-5H,1H3,(H,11,12)	2-methyl-1-benzofuran-4-carboxylate	CC1=CC2=C(C=CC=C2O1)C(=O)O	2.29999995	4348547;7099022	PubChem:(4348547 7099022);PubChem class - safety and toxic	67108866
44	1	N/A	-225.01116232453427	C10H8O3	[M + H]+	WEPCDISQBQXOBE	InChI=1S/C10H8O3/c1-5-3-4-6(2)8-7(5)9(11)13-10(8)12/h3-4H,1-2H3	3,6-Dimethylphthalic anhydride	CC1=C2C(=C(C=C1)C)C(=O)OC2=O	2.0	21616	COCONUT:(CNP0044687);PubChem:(21616);SuperNatural:(SN00132182);ZINC bio:(ZINC08383150);PubChem class - safety and toxic;PubMed	70262850
45	1	N/A	-225.92447619458036	C10H8O3	[M + H]+	DZISGMCWORFTOS	InChI=1S/C10H8O3/c11-6-8-5-7-3-1-2-4-9(7)10(12)13-8/h1-5,11H,6H2	null	C1=CC=C2C(=C1)C=C(OC2=O)CO	1.0	10329831	HMDB:(128615);PubChem:(10329831);PubMed;PubChem class - bio and metabolites	16777290
46	1	N/A	-225.96102309980085	C10H8O3	[M + H]+	BPTGMUVORRVIEP	InChI=1S/C10H8O3/c11-6-7-1-3-9-8(5-7)2-4-10(12)13-9/h1-5,11H,6H2	6-(hydroxymethyl)-2H-chromen-2-one	C1=CC2=C(C=CC(=O)O2)C=C1CO	1.55346179	20195365	HMDB:(135530);PubChem:(20195365);PubMed;PubChem class - bio and metabolites	16777290
47	1	N/A	-226.08172023675095	C10H8O3	[M + H]+	QIPBSGDZHKDNNJ	InChI=1S/C10H8O3/c1-6-4-9(12)8-3-2-7(11)5-10(8)13-6/h2-5,11H,1H3	7-hydroxy-2-methylchromen-4-one	CC1=CC(=O)C2=C(O1)C=C(C=C2)O	1.91418171	5355309	COCONUT:(CNP0300806);PubChem class - safety and toxic;PubChem:(5355309)	69206018
48	1	N/A	-229.53496831208773	C10H8O3	[M + H]+	YMZTUCZCQMQFMK	InChI=1S/C10H8O3/c1-6-7-4-2-3-5-8(7)13-9(6)10(11)12/h2-5H,1H3,(H,11,12)	Oprea1_623648	CC1=C(OC2=CC=CC=C12)C(=O)O	2.5	600591;4226063	COCONUT:(CNP0173579);PubChem:(600591 4226063);SuperNatural:(SN00001036);ZINC bio:(ZINC00107768);PubChem class - bio and metabolites;PubChem class - safety and toxic;PubMed	87040066
49	1	N/A	-230.07770986863602	C10H8O3	[M + H]+	TUADBWMDDLWUME	InChI=1S/C10H8O3/c11-6-7-2-1-3-9-8(7)4-5-13-10(9)12/h1-3,6H,4-5H2	Erythrocentaurin	C1COC(=O)C2=CC=CC(=C21)C=O	1.29999995	191120	COCONUT:(CNP0318805);Natural Products:(UNPD79215);PubChem:(191120);SuperNatural:(SN00358630);MeSH:(191120);PubMed	3178566
50	1	N/A	-230.5429224793658	C10H8O3	[M + H]+	YDHPXCHZYXPZIS	InChI=1S/C10H8O3/c1-12-6-8-7-4-2-3-5-9(7)13-10(8)11/h2-6H,1H3	3-(Methoxymethylene)benzofuran-2(3H)-one	COC=C1C2=CC=CC=C2OC1=O	1.60000002	600621;5374492;22117808	PubChem:(600621 5374492 22117808);PubChem class - safety and toxic	67108866
51	1	N/A	-230.55500125990434	C10H8O3	[M + H]+	KECVCWWPPPJSHW	InChI=1S/C10H8O3/c1-6-2-4-8-7(10(6)12)3-5-9(11)13-8/h2-5,12H,1H3	5-hydroxy-6-methylchromen-2-one	CC1=C(C2=C(C=C1)OC(=O)C=C2)O	1.89999998	21159069	HMDB:(135532);PubChem:(21159069);PubChem class - bio and metabolites	16777226
52	1	N/A	-232.19847142478264	C10H8O3	[M + H]+	YZEMVBNZFGKQIE	InChI=1S/C10H8O3/c11-7-1-2-9-6(3-7)4-8(12)5-10(9)13/h1-5,11-13H	naphthalene-1,3,6-triol	C1=CC2=C(C=C(C=C2C=C1O)O)O	1.61243343	22482602	COCONUT:(CNP0114435);Natural Products:(UNPD25932);PubChem:(22482602);SuperNatural:(SN00365699);ZINC bio:(ZINC14612275);Biocyc:(TRINAPHTAL-CPD)	3188738
53	1	N/A	-232.72509978092495	C10H8O3	[M + H]+	DLHGNEVRISSXIV	InChI=1S/C10H8O3/c1-6-5-9(12)7-3-2-4-8(11)10(7)13-6/h2-5,11H,1H3	8-hydroxy-2-methyl-chromen-4-one	CC1=CC(=O)C2=C(O1)C(=CC=C2)O	1.60000002	57330137	COCONUT:(CNP0205573);Natural Products:(UNPD198711);PubChem:(57330137);PubMed	2129986
54	1	N/A	-234.90321340806545	C10H8O3	[M + H]+	QNMGYGHSTHUNJI	InChI=1S/C10H8O3/c1-6-9(10(11)12)7-4-2-3-5-8(7)13-6/h2-5H,1H3,(H,11,12)	Oprea1_600582	CC1=C(C2=CC=CC=C2O1)C(=O)O	2.29999995	10942979	PubChem:(10942979);PubChem class - safety and toxic	67108866
55	1	N/A	-236.26769103153	C10H8O3	[M + H]+	NHEVNUARLCWEED	InChI=1S/C10H8O3/c11-7-4-5-9(13)10-6(7)2-1-3-8(10)12/h1-5,11-13H	Naphthalene-1,4,5-triol	C1=CC2=C(C=CC(=C2C(=C1)O)O)O	1.61243343	3083585	NORMAN:(NS00031767);COCONUT:(CNP0107196);HMDB:(32883);Natural Products:(UNPD40864);PubChem:(3083585);PubChem class - bio and metabolites;PubMed;KEGG Mine	8609103946
56	1	N/A	-236.2893447499578	C10H8O3	[M + H]+	USWUTUCXLQBQCG	InChI=1S/C10H8O3/c11-7-4-6-2-1-3-8(12)10(6)9(13)5-7/h1-5,11-13H	1,3,8-Naphthalenertriol	C1=CC2=CC(=CC(=C2C(=C1)O)O)O	2.70000005	439428	COCONUT:(CNP0096816);PubChem:(439428);SuperNatural:(SN00155880);CHEBI:(18393);ZINC bio:(ZINC00895520);MeSH:(439428);KEGG:(C01173);PubMed	3154278
57	1	N/A	-236.9639887027975	C10H8O3	[M + H]+	MHZZDYJKWIQMFN	InChI=1S/C10H8O3/c1-6-2-3-7-8(11)5-10(12)13-9(7)4-6/h2-5,11H,1H3	4-Hydroxy-7-methylcoumarin	CC1=CC2=C(C=C1)C(=CC(=O)O2)O	1.60000002	54685307	COCONUT:(CNP0024714);PubChem:(54685307);SuperNatural:(SN00000902);ZINC bio:(ZINC00058062);additional;Training Set;KEGG Mine	8593629186
58	1	N/A	-241.61984125296482	C10H8O3	[M + H]+	YBEWLMKRCGNUIO	InChI=1S/C10H8O3/c1-7-2-3-8(12-7)6-9-4-5-10(11)13-9/h2-6H,1H3	5-[(5-methyl-2-furyl)methylene]furan-2-one	CC1=CC=C(O1)C=C2C=CC(=O)O2	1.79999995	600475;742119;742120	COCONUT:(CNP0224666);PubChem:(600475 742119 742120);SuperNatural:(SN00132452);PubMed;ZINC bio:(ZINC12341243)	3153986
59	1	N/A	-241.91463327080137	C10H8O3	[M + H]+	HDXHHAOWBYGNKV	InChI=1S/C10H8O3/c1-6-3-2-4-8-9(6)7(5-13-8)10(11)12/h2-5H,1H3,(H,11,12)	null	CC1=C2C(=CC=C1)OC=C2C(=O)O	2.20000005	117119125	PubChem:(117119125);PubChem class - safety and toxic	67108866
60	1	N/A	-243.09426030671708	C10H8O3	[M + H]+	KZTGTVVRGQELJS	InChI=1S/C10H8O3/c1-6-5-9(12)13-8-4-2-3-7(11)10(6)8/h2-5,11H,1H3	5-hydroxy-4-methylchromen-2-one	CC1=CC(=O)OC2=CC=CC(=C12)O	1.5	5357544	COCONUT:(CNP0145645);Natural Products:(UNPD34537);PubChem:(5357544);SuperNatural:(SN00390937)	3178498
61	1	N/A	-243.29520878164752	C10H8O3	[M + H]+	VEKQSHDKCBTWRO	InChI=1S/C10H8O3/c11-10(12)9-6-5-7-3-1-2-4-8(7)13-9/h1-4,6H,5H2,(H,11,12)	Benzopyran-2-carboxylic acid	C1C=C(OC2=CC=CC=C21)C(=O)O	2.0999999	6455446	MeSH:(6455446);PubChem:(6455446);PubMed	70
62	1	N/A	-243.78355670784026	C10H8O3	[M + H]+	LFIPWJLWVGROTL	InChI=1S/C10H8O3/c1-6-2-4-8(11)10-7(6)3-5-9(12)13-10/h2-5,11H,1H3	5-Methyl-8-hydroxycoumarin	CC1=C2C=CC(=O)OC2=C(C=C1)O	1.89999998	3080784	MeSH:(3080784);PubChem:(3080784);PubMed	70
63	1	N/A	-243.79578089035408	C10H8O3	[M + H]+	PHXDJUCKRPYDTG	InChI=1S/C10H8O3/c11-8-5-4-6-2-1-3-7(9(6)8)10(12)13/h1-3H,4-5H2,(H,12,13)	3-Oxo-4-indancarboxylic Acid	C1CC(=O)C2=C1C=CC=C2C(=O)O	1.20000005	12676392	MeSH:(12676392);PubChem class - safety and toxic;PubChem:(12676392)	67108870
64	1	N/A	-247.28215264829012	C10H8O3	[M + H]+	HSHNITRMYYLLCV	InChI=1S/C10H8O3/c1-6-4-10(12)13-9-5-7(11)2-3-8(6)9/h2-5,11H,1H3	Bilcolic	CC1=CC(=O)OC2=C1C=CC(=C2)O	1.93706274	5280567;73211824;101523215;101559495;101377108;131879340;138396192	HMDB:(59622);SuperNatural:(SN00000957);ZINC bio:(ZINC00058121);additional;MeSH:(5280567);Plantcyc:(CPD-182);PubMed;NORMAN:(NS00010646);COCONUT:(CNP0323480);Natural Products:(UNPD85461);PubChem:(5280567 73211824 101523215 101559495 101377108 131879340 138396192);CHEBI:(17224);PubChem class - bio and metabolites;KEGG:(C03081);PubChem class - safety and toxic;YMDB:(971);Training Set;PubChem class - drug;Biocyc:(CPD-182)	121629038
65	1	N/A	-249.88850032273126	C10H8O3	[M + H]+	VYTBDSUNRJYVHL	InChI=1S/C10H8O3/c11-7-4-5-9(13)10-6(7)2-1-3-8(10)12/h1-3,12H,4-5H2	5-hydroxy-2,3-dihydronaphthalene-1,4-dione	C1CC(=O)C2=C(C1=O)C=CC=C2O	1.08416426	237108	COCONUT:(CNP0321018);Natural Products:(UNPD82159);PubChem:(237108);SuperNatural:(SN00158027);EcoCyc Mine;PubChem class - safety and toxic;KEGG Mine	25840091138
66	1	N/A	-250.9613032285176	C10H8O3	[M + H]+	IRUHWRSITUYICV	InChI=1S/C10H8O3/c1-6-4-10(12)13-9-3-2-7(11)5-8(6)9/h2-5,11H,1H3	6-Hydroxy-4-methylcoumarin	CC1=CC(=O)OC2=C1C=C(C=C2)O	1.93706274	75409	NORMAN:(NS00027474);COCONUT:(CNP0360386);PubChem:(75409);SuperNatural:(SN00000314);ZINC bio:(ZINC00034930);additional;PubChem class - safety and toxic;Training Set;PubMed	71065666
67	1	N/A	-251.26803518060908	C10H8O3	[M + H]+	LVFZGUWNGDFJPC	InChI=1S/C10H8O3/c1-6-2-3-7-8(10(11)12)5-13-9(7)4-6/h2-5H,1H3,(H,11,12)	null	CC1=CC2=C(C=C1)C(=CO2)C(=O)O	2.20000005	84038958	PubChem:(84038958);PubChem class - safety and toxic	67108866
68	1	N/A	-254.1871740942207	C10H8O3	[M + H]+	XHUBNORIRAJQLO	InChI=1S/C10H8O3/c11-9-7-5-3-1-2-4-6-8-10(12)13/h11H,5,7,9H2,(H,12,13)	10-hydroxy-8E-Decene-2,4,6-triynoic acid	C(CC#CC#CC#CC(=O)O)CO	1.10000002	9543623	PubChem:(9543623);CHEBI:(137750)	34
69	1	N/A	-257.73084861753574	C10H8O3	[M + H]+	VXHBBPNYWKGNHL	InChI=1S/C10H8O3/c11-7-5-9(12)8-3-1-2-4-10(8)13-6-7/h1-4H,5-6H2	1-benzoxepine-3,5-dione	C1C(=O)COC2=CC=CC=C2C1=O	1.39999998	319677	PubChem:(319677);NORMAN:(NS00035072)	262146
70	1	N/A	-261.7839399915477	C10H8O3	[M + H]+	XCVQQBHDOYUYDL	InChI=1S/C10H8O3/c1-7-5-8(10(11)13-7)6-9-3-2-4-12-9/h2-6H,1H3	3-(2-furylmethylidene)-5-methyl-furan-2-one	CC1=CC(=CC2=CC=CO2)C(=O)O1	1.79999995	1550743;1550744;234856	COCONUT:(CNP0295426);PubChem:(1550743 1550744 234856);SuperNatural:(SN00131267);PubMed;ZINC bio:(ZINC04712214)	3153986
71	1	N/A	-264.00181502825546	C10H8O3	[M + H]+	UXYMLHIZGRVZRE	InChI=1S/C10H8O3/c11-6-7-2-1-3-9-8(7)4-5-13-10(9)12/h1-5,11H,6H2	null	C1=CC(=C2C=COC(=O)C2=C1)CO	1.0	130127527	PubChem:(130127527);COCONUT:(CNP0075841)	2097154
72	1	N/A	-267.4929167928779	C10H8O3	[M + H]+	OQLQGDWSOXOLOD	InChI=1S/C10H8O3/c11-3-7-1-2-9-8(4-12)5-13-6-10(7)9/h1-3,5-6,12H,4H2	Desacylbaldrinal	C1=C(C2=COC=C(C2=C1)CO)C=O	0.5	155588	COCONUT:(CNP0114441);Natural Products:(UNPD46331);PubChem class - safety and toxic;PubChem:(155588);KEGG Mine	8659173378
73	1	N/A	-275.87885853208485	C10H8O3	[M + H]+	NCIAGQNZQHYKGR	InChI=1S/C10H8O3/c11-8-5-6-3-1-2-4-7(6)9(12)10(8)13/h1-5,11-13H	Naphthalenetriol	C1=CC=C2C(=C1)C=C(C(=C2O)O)O	1.61243343	12257286	COCONUT:(CNP0221810);Natural Products:(UNPD140550);PubChem:(12257286);SuperNatural:(SN00262616);ZINC bio:(ZINC14612262);PubMed;KEGG Mine	8593121346
74	1	N/A	-280.71094303649704	C10H8O3	[M + H]+	RRHOBKXPIMTSRX	InChI=1S/C10H8O3/c1-2-13-7-5-3-4-6-8(7)10(12)9(6)11/h3-5H,2H2,1H3	5-ethoxybicyclo[4.2.0]octa-1(6),2,4-triene-7,8-dione	CCOC1=CC=CC2=C1C(=O)C2=O	0.899999976	2752807	COCONUT:(CNP0388117);PubChem:(2752807);SuperNatural:(SN00125931);ZINC bio:(ZINC03847887)	3153922
75	1	N/A	-287.6453198378014	C10H8O3	[M + H]+	ZRJPJJSLXARURS	InChI=1S/C10H8O3/c11-8-5-9(12)10(13)7-4-2-1-3-6(7)8/h1-5,11-13H	1,2,4-naphthalenetriol	C1=CC=C2C(=C1)C(=CC(=C2O)O)O	1.61243343	83323	NORMAN:(NS00024255);COCONUT:(CNP0265485);Natural Products:(UNPD187225);PubChem:(83323);ZINC bio:(ZINC05935020);PubChem class - bio and metabolites;EcoCyc Mine;PubMed;KEGG Mine	25788981314
76	1	N/A	-290.12858455945707	C10H8O3	[M + H]+	BIABIACQHKYEEB	InChI=1S/C10H8O3/c11-9-4-3-6-1-2-7(10(12)13)5-8(6)9/h1-2,5H,3-4H2,(H,12,13)	1-Indanone-6-carboxylicacid	C1CC(=O)C2=C1C=CC(=C2)C(=O)O	1.20000005	12341286	PubChem:(12341286);PubChem class - safety and toxic	67108866
77	1	N/A	-295.6448092201591	C10H8O3	[M + H]+	XXWIUGNNANJILR	InChI=1S/C10H8O3/c11-9-6-8(10(12)13-9)7-4-2-1-3-5-7/h1-6,10,12H	2(5H)-Furanone, 5-hydroxy-4-phenyl-	C1=CC=C(C=C1)C2=CC(=O)OC2O	0.800000012	12864804	COCONUT:(CNP0314934);Natural Products:(UNPD74024);PubChem:(12864804);SuperNatural:(SN00348636)	3178498
78	1	N/A	-303.3345420357608	C10H8O3	[M + H]+	HXLJFMRZKCSTQD	InChI=1S/C10H8O3/c11-9-5-8(10(12)13)6-3-1-2-4-7(6)9/h1-4,8H,5H2,(H,12,13)	Oprea1_304561	C1C(C2=CC=CC=C2C1=O)C(=O)O	0.899999976	99815;725642;725641;6928206;6928207;22173984	COCONUT:(CNP0373141);PubChem:(99815 725642 725641 6928206 6928207 22173984);SuperNatural:(SN00117354 SN00117353);ZINC bio:(ZINC00133053 ZINC00133055);PubChem class - safety and toxic;PubMed	70262850
79	1	N/A	-317.20494951915254	C10H8O3	[M + H]+	HDFKMLFDDYWABF	InChI=1S/C10H8O3/c11-9-6-8(10(12)13-9)7-4-2-1-3-5-7/h1-5,8H,6H2	ACMC-20ajwd	C1C(C(=O)OC1=O)C2=CC=CC=C2	1.20000005	642780;136911;57562805	PubChem class - safety and toxic;PubChem:(642780 136911 57562805);PubMed	67108930
80	1	N/A	-326.1797861211222	C10H8O3	[M + H]+	LKLNTTMWFRNYLE	InChI=1S/C10H8O3/c11-8-2-1-6-3-9-10(4-7(6)8)13-5-12-9/h3-4H,1-2,5H2	Oprea1_111764	C1CC(=O)C2=CC3=C(C=C21)OCO3	1.5	248351	PubChem:(248351);PubChem class - safety and toxic	67108866
81	1	N/A	-336.8432464370905	C10H8O3	[M + H]+	AXIMRAFIBNWUDM	InChI=1S/C10H8O3/c1-2-3-6-10-8(12)5-4-7(11)9(10)13-10/h2,4-5,7,9,11H,1H2	null	C=CC#CC12C(O1)C(C=CC2=O)O	0.300000012	44255063;53343113;74976187;102517796;130934364	COCONUT:(CNP0180195);KNApSAcK:(48134);Natural Products:(UNPD192);PubChem:(44255063 53343113 74976187 102517796 130934364)	2129938
82	1	N/A	-354.3703266424537	C10H8O3	[M + H]+	XPRGGVYAPJXOQC	InChI=1S/C10H8O3/c11-8-5-9(12)10(13)7-4-2-1-3-6(7)8/h1-4,9,12H,5H2	1,4-Naphthalenedione, 2,3-dihydro-2-hydroxy-	C1C(C(=O)C2=CC=CC=C2C1=O)O	0.600000024	15761444;124577713;135045308	COCONUT:(CNP0046950);EcoCyc Mine;PubChem:(15761444 124577713 135045308);KEGG Mine	25771900930
1	1	0.39200163182128867	-3.3077977101849636	C10H10O4	[M - H2O + H]+	KSEBMYQBYZTDHS	InChI=1S/C10H10O4/c1-14-9-6-7(2-4-8(9)11)3-5-10(12)13/h2-6,11H,1H3,(H,12,13)	ferulate	COC1=C(C=CC(=C1)C=CC(=O)O)O	1.3799032	709;1548883;445858;10262057;11310152;16109944;45039253;54691413;54710368;54730542;57369490;71311006;90887593;117064991;131871184	HMDB:(954 125096);PubChem class - food;SuperNatural:(SN00013826 SN00227139 SN00253517 SN00000975);ZINC bio:(ZINC00058258 ZINC06004762);additional;HSDB:(1135-24-6);MeSH:(445858);Plantcyc:(FERULIC-ACID IMINO-GROUP);PubMed;NORMAN:(NS00006133);COCONUT:(CNP0076256 CNP0082116 CNP0304940);KNApSAcK:(34325);Natural Products:(UNPD23140 UNPD12047 UNPD142498 UNPD215998);PubChem:(709 1548883 445858 10262057 11310152 16109944 45039253 54691413 54710368 54730542 57369490 71311006 90887593 117064991 131871184);CHEBI:(76117 17620 29749);PubChem class - bio and metabolites;EcoCyc Mine;KEGG:(C01494);PubChem class - safety and toxic;YMDB:(1325);Training Set;PubChem class - drug;Biocyc:(FERULIC-ACID)	17435716478
2	1	N/A	-18.463415476274076	C10H10O4	[M - H2O + H]+	QURCVMIEKCOAJU	InChI=1S/C10H10O4/c1-14-9-4-2-7(6-8(9)11)3-5-10(12)13/h2-6,11H,1H3,(H,12,13)	bmse000618	COC1=C(C=C(C=C1)C=CC(=O)O)O	1.3799032	1549043;92126;736186;54706233;54721279;54733733;71749120;131705614	HMDB:(955 131137);SuperNatural:(SN00335980 SN00001173);ZINC bio:(ZINC00156055 ZINC06007141);additional;MeSH:(736186 1549043);PubMed;NORMAN:(NS00014666);COCONUT:(CNP0061978 CNP0283368);KNApSAcK:(2752);Natural Products:(UNPD226810 UNPD139106);PubChem:(1549043 92126 736186 54706233 54721279 54733733 71749120 131705614);YMDB Mine;CHEBI:(27794);PubChem class - bio and metabolites;KEGG:(C10470);PubChem class - safety and toxic;Training Set	34447614334
3	1	N/A	-78.97763133833725	C10H10O4	[M - H2O + H]+	OCNYGKNIVPVPPX	InChI=1S/C10H10O4/c1-14-10(13)5-3-7-2-4-8(11)9(12)6-7/h2-6,11-12H,1H3	Methyl caffeate	COC(=O)C=CC1=CC(=C(C=C1)O)O	1.3799032	92202;689075;13423757	SuperNatural:(SN00258435 SN00155736);ZINC bio:(ZINC00058222 ZINC13549916);additional;MeSH:(689075);PubMed;NORMAN:(NS00018370);COCONUT:(CNP0274791);KNApSAcK:(2759);Natural Products:(UNPD28358 UNPD212011 UNPD146263);PubChem:(92202 689075 13423757);YMDB Mine;CHEBI:(65331 6856);KEGG:(C10477);PubChem class - safety and toxic;Training Set	34430837110
4	1	N/A	-108.87470151289577	C10H10O4	[M - H2O + H]+	DEOQAXQDXRMPMZ	InChI=1S/C10H10O4/c1-6(10(13)14)4-7-2-3-8(11)9(12)5-7/h2-5,11-12H,1H3,(H,13,14)	null	CC(=CC1=CC(=C(C=C1)O)O)C(=O)O	1.32450759	53756084;55255958	COCONUT:(CNP0080811);PubChem:(53756084 55255958);YMDB Mine;PubMed;KEGG Mine	42951770178
5	1	N/A	-112.87470391243498	C10H10O4	[M - H2O + H]+	VZFPHVWLPRCAGD	InChI=1S/C10H10O4/c1-14-8-4-2-3-7(10(8)13)5-6-9(11)12/h2-6,13H,1H3,(H,11,12)	Cinnamic acid, 2-hydroxy-3-methoxy-	COC1=CC=CC(=C1O)C=CC(=O)O	1.5	520785;5463156;54712351;131239630	COCONUT:(CNP0156620);HMDB:(37644 134088);Natural Products:(UNPD158813);PubChem:(520785 5463156 54712351 131239630);PubChem class - bio and metabolites;EcoCyc Mine;KEGG Mine	25788710922
6	1	N/A	-121.45639190650681	C10H10O4	[M - H2O + H]+	LLMZGLGURUGRAT	InChI=1S/C10H10O4/c1-14-10-7(5-6-9(12)13)3-2-4-8(10)11/h2-6,11H,1H3,(H,12,13)	(E)-3-(3-hydroxy-2-methoxyphenyl)prop-2-enoic acid	COC1=C(C=CC=C1O)C=CC(=O)O	1.5	21640039;54039778	EcoCyc Mine;HMDB:(140957);PubChem:(21640039 54039778);KEGG Mine;PubChem class - bio and metabolites	25786581002
7	1	N/A	-122.0040479432051	C10H10O4	[M - H2O + H]+	IEHPLRVWOHZKCS	InChI=1S/C10H10O4/c1-14-9-6-7(3-2-4-11)5-8(12)10(9)13/h2-6,12-13H,1H3	5-Hydroxyconiferaldehyde	COC1=CC(=CC(=C1O)O)C=CC=O	1.10000002	443703;5282094;16109947	COCONUT:(CNP0274631);Natural Products:(UNPD153344 UNPD209861);PubChem:(443703 5282094 16109947);SuperNatural:(SN00378931);CHEBI:(31134);PubChem class - bio and metabolites;KEGG:(C12204);Plantcyc:(5-HYDROXY-CONIFERALDEHYDE);PubMed;Biocyc:(5-HYDROXY-CONIFERALDEHYDE)	20089186
8	1	N/A	-137.12876006746953	C10H10O4	[M - H2O + H]+	PDDKFNWQAKHTBC	InChI=1S/C10H10O4/c1-14-9-6-8(11)4-2-7(9)3-5-10(12)13/h2-6,11H,1H3,(H,12,13)	3-(4-Hydroxy-2-methoxyphenyl)acrylic acid	COC1=C(C=CC(=C1)O)C=CC(=O)O	1.3799032	12137093;53401766;89790159	HMDB:(137510);PubChem:(12137093 53401766 89790159);PubMed;PubChem class - bio and metabolites	16777290
9	1	N/A	-141.056269066428	C10H10O4	[M - H2O + H]+	IKNVEOZIOFMENG	InChI=1S/C10H10O4/c1-14-8-4-2-7(9(11)6-8)3-5-10(12)13/h2-6,11H,1H3,(H,12,13)	3-(2-hydroxy-4-methoxyphenyl)-acrylic acid	COC1=CC(=C(C=C1)C=CC(=O)O)O	1.5	12840862;20985633;42310408;54719512	COCONUT:(CNP0085724 CNP0228359);HMDB:(131172 135741);Natural Products:(UNPD118456);PubChem:(12840862 20985633 42310408 54719512);SuperNatural:(SN00156702);PubChem class - bio and metabolites;KEGG Mine	8609890314
10	1	N/A	-144.6711473689365	C10H10O4	[M - H2O + H]+	VVKZBPVFTSRVGZ	InChI=1S/C10H10O4/c1-14-8-4-2-7(3-5-8)6-9(11)10(12)13/h2-6,11H,1H3,(H,12,13)	2-Propenoic acid, 2-hydroxy-3-(4-methoxyphenyl)-	COC1=CC=C(C=C1)C=C(C(=O)O)O	1.70000005	10583948;11019723;21573077	HMDB:(131171);PubChem:(10583948 11019723 21573077);PubMed;KEGG Mine;PubChem class - bio and metabolites	8606711882
11	1	N/A	-148.0033285002666	C10H10O4	[M - H2O + H]+	VUPCHIRIDPAYAQ	InChI=1S/C10H10O4/c1-14-9-5-7(2-3-10(12)13)4-8(11)6-9/h2-6,11H,1H3,(H,12,13)	(E)-3-(3-hydroxy-5-methoxyphenyl)prop-2-enoic acid	COC1=CC(=CC(=C1)O)C=CC(=O)O	1.5	22928735;54724447;54411716	HMDB:(125524 125588);PubChem:(22928735 54724447 54411716);PubChem class - bio and metabolites	16777226
12	1	N/A	-156.85592592098786	C10H10O4	[M - H2O + H]+	OSKUPNSJCCTTLB	InChI=1S/C10H10O4/c1-14-8-3-4-9(11)7(6-8)2-5-10(12)13/h2-6,11H,1H3,(H,12,13)	3-(2-hydroxy-5-methoxyphenyl)-acrylic acid	COC1=CC(=C(C=C1)O)C=CC(=O)O	1.5	12840861;53403959;96882877	COCONUT:(CNP0318465);Natural Products:(UNPD111225);PubChem:(12840861 53403959 96882877);PubMed	2129986
13	1	N/A	-162.96313612212882	C10H10O4	[M - H2O + H]+	NOQAMNANIGSRAX	InChI=1S/C10H10O4/c1-14-10(13)3-2-7-4-8(11)6-9(12)5-7/h2-6,11-12H,1H3	2-Propenoic acid, 3-(3,5-dihydroxyphenyl)-, methyl ester	COC(=O)C=CC1=CC(=CC(=C1)O)O	1.5	44271408;67111031	COCONUT:(CNP0270285);Natural Products:(UNPD143138);PubChem:(44271408 67111031);PubMed	2129986
14	1	N/A	-164.38182375687325	C10H10O4	[M - H2O + H]+	FJZHISCDCWNQJR	InChI=1S/C10H10O4/c1-14-8-4-2-3-7(5-8)6-9(11)10(12)13/h2-6,11H,1H3,(H,12,13)	null	COC1=CC=CC(=C1)C=C(C(=O)O)O	1.35753012	10631653;69046825	HMDB:(141263);PubChem:(10631653 69046825);PubChem class - bio and metabolites	16777226
15	1	N/A	-167.4335621722706	C10H10O4	[M - H2O + H]+	BQCNSTFWSKOWMA	InChI=1S/C10H10O4/c1-14-10(13)5-2-7-6-8(11)3-4-9(7)12/h2-6,11-12H,1H3	ACMC-20mqdo	COC(=O)C=CC1=C(C=CC(=C1)O)O	1.5	3248;5353609;6604735	HMDB:(61686);SuperNatural:(SN00306693);additional;MeSH:(5353609);PubMed;COCONUT:(CNP0327092);Natural Products:(UNPD90343);PubChem:(3248 5353609 6604735);CHEBI:(84089 93543);PubChem class - bio and metabolites;PubChem class - safety and toxic;Training Set	87605358
16	1	N/A	-172.10020707706389	C10H10O4	[M - H2O + H]+	MAEVSPLUELJOMM	InChI=1S/C10H10O4/c1-14-10(13)5-3-7-2-4-8(11)6-9(7)12/h2-6,11-12H,1H3	methyl (E)-3-(2,4-dihydroxyphenyl)prop-2-enoate	COC(=O)C=CC1=C(C=C(C=C1)O)O	1.5	19968653;70134024	COCONUT:(CNP0266971);Natural Products:(UNPD72784);PubChem:(19968653 70134024)	2129922
17	1	N/A	-176.2972075099477	C10H10O4	[M - H2O + H]+	QCZFQWATVFWNJO	InChI=1S/C10H10O4/c1-14-10(13)9(12)6-7-2-4-8(11)5-3-7/h2-6,11-12H,1H3	null	COC(=O)C(=CC1=CC=C(C=C1)O)O	1.70000005	15834376;86062881;133666030	COCONUT:(CNP0199127);Natural Products:(UNPD19575 UNPD83391);PubChem:(15834376 86062881 133666030);SuperNatural:(SN00316842);KEGG Mine	8593113090
18	1	N/A	-186.4834810194949	C10H10O4	[M - H2O + H]+	QHYKVJVPIJCRRT	InChI=1S/C10H10O4/c11-9(12)7-5-3-1-2-4-6-8-10(13)14/h1-8H,(H,11,12)(H,13,14)	2,6,8-Decatetraenedioic acid	C(=CC=CC(=O)O)C=CC=CC(=O)O	1.5	235758;5812560;5355472;9543651;9543652;57517145;92532295;92532296	PubChem:(235758 5812560 5355472 9543651 9543652 57517145 92532295 92532296);CHEBI:(49057 48542);KEGG Mine	8589934626
19	1	N/A	-198.14614463260608	C10H10O4	[M - H2O + H]+	MMEDJBFVJUFIDD	InChI=1S/C10H10O4/c11-9(12)5-7-3-1-2-4-8(7)6-10(13)14/h1-4H,5-6H2,(H,11,12)(H,13,14)	o-Benzenediacetic acid	C1=CC=C(C(=C1)CC(=O)O)CC(=O)O	1.11737156	24123;6950153	NORMAN:(NS00047039);PubChem class - safety and toxic;PubChem:(24123 6950153);PubMed	67371074
20	1	N/A	-204.93314903153575	C10H10O4	[M - H2O + H]+	UQQPYOTXOILEEW	InChI=1S/C10H10O4/c1-6(11)8-4-7(5-10(13)14)2-3-9(8)12/h2-4,12H,5H2,1H3,(H,13,14)	null	CC(=O)C1=C(C=CC(=C1)CC(=O)O)O	1.29999995	12356977	PubChem:(12356977);COCONUT:(CNP0075792)	2097154
21	1	N/A	-205.40249256421004	C10H10O4	[M - H2O + H]+	VEEXBQLWMFMATJ	InChI=1S/C10H10O4/c11-9(12)6-5-7-3-1-2-4-8(7)10(13)14/h1-4H,5-6H2,(H,11,12)(H,13,14)	null	C1=CC=C(C(=C1)CCC(=O)O)C(=O)O	1.40494668	226294;22174027	PubChem:(226294 22174027);PubChem class - safety and toxic	67108866
22	1	N/A	-212.68419830993435	C10H10O4	[M - H2O + H]+	ZVPGTXJXZIXWGR	InChI=1S/C10H10O4/c1-7(12)14-10-5-8(6-11)3-4-9(10)13-2/h3-6H,1-2H3	Ambcb9071542	CC(=O)OC1=C(C=CC(=C1)C=O)OC	1.48153853	4099572	PubChem class - safety and toxic;PubChem:(4099572);ZINC bio:(ZINC03136355)	67117058
23	1	N/A	-215.25595698565712	C10H10O4	[M - H2O + H]+	PZSJOBKRSVRODF	InChI=1S/C10H10O4/c1-7(12)14-9-4-3-8(6-11)5-10(9)13-2/h3-6H,1-2H3	bmse010102	CC(=O)OC1=C(C=C(C=C1)C=O)OC	1.48153853	61229;118605972	HMDB:(29663);PubChem class - food;SuperNatural:(SN00155773);ZINC bio:(ZINC00166877);PubMed;NORMAN:(NS00022863);COCONUT:(CNP0303424);Natural Products:(UNPD59885);PubChem:(61229 118605972);CHEBI:(86956);PubChem class - bio and metabolites;PubChem class - safety and toxic;YMDB:(1804)	221618282
24	1	N/A	-215.59162119112892	C10H10O4	[M - H2O + H]+	QWXCQNBXZMDLSL	InChI=1S/C10H10O4/c1-13-9(11)7-5-3-4-6-8-10(12)14-2/h5-8H,1-2H3	null	COC(=O)C=CC#CC=CC(=O)OC	1.20000005	12535672;12535673	COCONUT:(CNP0224503);Natural Products:(UNPD41589);PubChem:(12535672 12535673)	2129922
25	1	N/A	-219.81931620204705	C10H10O4	[M - H2O + H]+	FKUJGZJNDUGCFU	InChI=1S/C10H10O4/c1-5-3-8(10(13)14)6(2)4-7(5)9(11)12/h3-4H,1-2H3,(H,11,12)(H,13,14)	2,5-dimethylterephthalate	CC1=CC(=C(C=C1C(=O)O)C)C(=O)O	1.70000005	2053707;299989	COCONUT:(CNP0318971);PubChem:(2053707 299989);SuperNatural:(SN00120649);ZINC bio:(ZINC02464506);PubChem class - safety and toxic;PubMed	70262850
26	1	N/A	-221.23213159963814	C10H10O4	[M - H2O + H]+	XUOCLOJWCPUKCS	InChI=1S/C10H10O4/c11-9(12)5-4-7-2-1-3-8(6-7)10(13)14/h1-3,6H,4-5H2,(H,11,12)(H,13,14)	3-(2-carboxyethyl)benzoic acid	C1=CC(=CC(=C1)C(=O)O)CCC(=O)O	1.40494668	11344556;86335691	PubChem:(11344556 86335691);PubMed;PubChem class - bio and metabolites	16777282
27	1	N/A	-222.2869337675998	C10H10O4	[M - H2O + H]+	SGFXNNKRAMZCNF	InChI=1S/C10H10O4/c1-14-9(11)6-7-3-2-4-8(5-7)10(12)13/h2-5H,6H2,1H3,(H,12,13)	3-(2-methoxy-2-oxoethyl)benzoic acid	COC(=O)CC1=CC(=CC=C1)C(=O)O	1.36546242	13816143	PubChem:(13816143);PubChem class - safety and toxic	67108866
28	1	N/A	-225.15018847199335	C10H10O4	[M - H2O + H]+	NPCYEBHVHXQCEM	InChI=1S/C10H10O4/c1-6(11)8-5-7(10(12)13)3-4-9(8)14-2/h3-5H,1-2H3,(H,12,13)	3-acetyl-4-methoxybenzoic acid	CC(=O)C1=C(C=CC(=C1)C(=O)O)OC	1.12628722	18184450	PubChem:(18184450);COCONUT:(CNP0322723)	2097154
29	1	N/A	-225.19474247606922	C10H10O4	[M - H2O + H]+	GDYYIJNDPMFMTB	InChI=1S/C10H10O4/c11-9(12)5-7-2-1-3-8(4-7)6-10(13)14/h1-4H,5-6H2,(H,11,12)(H,13,14)	m-Benzenediacetic acid	C1=CC(=CC(=C1)CC(=O)O)CC(=O)O	1.11737156	29788;6931669	NORMAN:(NS00026440);PubChem class - safety and toxic;PubChem:(29788 6931669);PubMed	67371074
30	1	N/A	-226.87017980924176	C10H10O4	[M - H2O + H]+	PBAFFKDGFHOMBF	InChI=1S/C10H10O4/c1-7(11)14-6-8-4-2-3-5-9(8)10(12)13/h2-5H,6H2,1H3,(H,12,13)	2-(Acetoxymethyl)benzoic acid	CC(=O)OCC1=CC=CC=C1C(=O)O	1.20350111	169696	MeSH:(169696);PubChem:(169696);PubMed	70
31	1	N/A	-227.99322862510394	C10H10O4	[M - H2O + H]+	ZQKSVHOYMATPAD	InChI=1S/C10H10O4/c1-6-5-7(10(13)14-2)3-4-8(6)9(11)12/h3-5H,1-2H3,(H,11,12)	null	CC1=C(C=CC(=C1)C(=O)OC)C(=O)O	1.70000005	23543120;134129300	PubChem:(23543120 134129300);PubChem class - safety and toxic	67108866
32	1	N/A	-229.20354666624027	C10H10O4	[M - H2O + H]+	UKPMFGARCZOXDI	InChI=1S/C10H10O4/c1-14-9(11)6-7-4-2-3-5-8(7)10(12)13/h2-5H,6H2,1H3,(H,12,13)	2-(2-methoxy-2-oxoethyl)benzoate	COC(=O)CC1=CC=CC=C1C(=O)O	1.20000005	177459;6946622	PubChem:(177459 6946622);PubChem class - safety and toxic	67108866
33	1	N/A	-230.88578997598034	C10H10O4	[M - H2O + H]+	WOZVHXUHUFLZGK	InChI=1S/C10H10O4/c1-13-9(11)7-3-5-8(6-4-7)10(12)14-2/h3-6H,1-2H3	Di-Me terephthalate	COC(=O)C1=CC=C(C=C1)C(=O)OC	1.6135534	8441;12241382;71309233;101134137;101624360;101448795;117064295	PubChem class - food;SuperNatural:(SN00283569);ZINC bio:(ZINC00061509);HSDB:(120-61-6);MeSH:(8441);PubMed;NORMAN:(NS00002929);COCONUT:(CNP0347263);Natural Products:(UNPD146688);PubChem:(8441 12241382 71309233 101134137 101624360 101448795 117064295);PubChem class - bio and metabolites;PubChem class - safety and toxic;Biocyc:(CPD-19189)	221555270
34	1	N/A	-231.10912608885835	C10H10O4	[M - H2O + H]+	CNRMXICSYWVJRD	InChI=1S/C10H10O4/c1-13-9-4-3-7(6-11)5-8(9)10(12)14-2/h3-6H,1-2H3	Benzoic acid,5-formyl-2-methoxy-, methyl ester	COC1=C(C=C(C=C1)C=O)C(=O)OC	1.44660282	10856352	PubChem:(10856352);PubChem class - safety and toxic	67108866
35	1	N/A	-233.34635544806164	C10H10O4	[M - H2O + H]+	BCUDLMOGCPZQHY	InChI=1S/C10H10O4/c1-6(11)10(13)7-3-4-8(12)9(5-7)14-2/h3-5,12H,1-2H3	1,2-Propanedione, 1-(4-hydroxy-3-methoxyphenyl)-	CC(=O)C(=O)C1=CC(=C(C=C1)O)OC	0.996735215	14123044	COCONUT:(CNP0236000);Natural Products:(UNPD176525);PubChem:(14123044)	2129922
36	1	N/A	-235.7998186986131	C10H10O4	[M - H2O + H]+	SLWIPPZWFZGHEU	InChI=1S/C10H10O4/c11-9(12)5-7-1-2-8(4-3-7)6-10(13)14/h1-4H,5-6H2,(H,11,12)(H,13,14)	1,4-Benzenediacetic acid	C1=CC(=CC=C1CC(=O)O)CC(=O)O	1.11737156	81760;6950532	NORMAN:(NS00037485);PubChem class - safety and toxic;PubChem:(81760 6950532);PubMed	67371074
37	1	N/A	-239.2267849274945	C10H10O4	[M - H2O + H]+	OIQBPASRUVCUAN	InChI=1S/C10H10O4/c1-7(10(12)13)14-9-4-2-8(6-11)3-5-9/h2-7H,1H3,(H,12,13)	2-(4-formylphenoxy)propanoate	CC(C(=O)O)OC1=CC=C(C=C1)C=O	1.43106604	351737;907217;907218;7083529;7083530;19863176	COCONUT:(CNP0048064 CNP0374570);PubChem class - safety and toxic;PubChem:(351737 907217 907218 7083529 7083530 19863176);SuperNatural:(SN00070423 SN00070424);ZINC bio:(ZINC04045206 ZINC04045207)	70262786
38	1	N/A	-241.76247733439067	C10H10O4	[M - H2O + H]+	VNGOYPQMJFJDLV	InChI=1S/C10H10O4/c1-13-9(11)7-4-3-5-8(6-7)10(12)14-2/h3-6H,1-2H3	Morflex 1129	COC(=O)C1=CC(=CC=C1)C(=O)OC	1.6135534	15088;24209725;101134136;101624359;129807008	NORMAN:(NS00006739);PubChem class - food;PubChem:(15088 24209725 101134136 101624359 129807008);ZINC bio:(ZINC00061511);HSDB:(1459-93-4);PubChem class - safety and toxic;PubMed	201597506
39	1	N/A	-244.43650935744307	C10H10O4	[M - H2O + H]+	AGGBRPQDAQOWIM	InChI=1S/C10H10O4/c1-13-8-2-4-9(5-3-8)14-7-6-10(11)12/h2-7H,1H3,(H,11,12)	null	COC1=CC=C(C=C1)OC=CC(=O)O	1.5	14037970	COCONUT:(CNP0125475);Natural Products:(UNPD157960);PubChem:(14037970);SuperNatural:(SN00248249);ZINC bio:(ZINC14589730)	3186690
40	1	N/A	-245.1037552822898	C10H10O4	[M - H2O + H]+	HAYIPGIFANTODX	InChI=1S/C10H10O4/c1-5-3-6(2)8(10(13)14)4-7(5)9(11)12/h3-4H,1-2H3,(H,11,12)(H,13,14)	null	CC1=CC(=C(C=C1C(=O)O)C(=O)O)C	1.70000005	314208;6995561	COCONUT:(CNP0053702);PubChem class - safety and toxic;PubChem:(314208 6995561);SuperNatural:(SN00120151);ZINC bio:(ZINC01759739)	70262786
41	1	N/A	-245.60079783823986	C10H10O4	[M - H2O + H]+	CSHNXJMGKLQZHY	InChI=1S/C10H10O4/c1-13-9-4-10(14-2)8(6-12)3-7(9)5-11/h3-6H,1-2H3	4,6-dimethoxybenzene-1,3-dicarbaldehyde	COC1=CC(=C(C=C1C=O)C=O)OC	0.800000012	2748047	COCONUT:(CNP0022312);PubChem:(2748047);SuperNatural:(SN00122314);ZINC bio:(ZINC03843465)	3153922
42	1	N/A	-247.39882926799305	C10H10O4	[M - H2O + H]+	NIQCNGHVCWTJSM	InChI=1S/C10H10O4/c1-13-9(11)7-5-3-4-6-8(7)10(12)14-2/h3-6H,1-2H3	Repeftal	COC(=O)C1=CC=CC=C1C(=O)OC	1.6135534	8554;16212239;45052096;129806874;131668060;129895957	PubChem class - food;SuperNatural:(SN00155817);Maconda:(CON00027);ZINC bio:(ZINC00391885);additional;HSDB:(131-11-3);MeSH:(8554);PubMed;NORMAN:(NS00010268);COCONUT:(CNP0145942);Natural Products:(UNPD38149);PubChem:(8554 16212239 45052096 129806874 131668060 129895957);CHEBI:(4609);PubChem class - bio and metabolites;KEGG:(C11233);PubChem class - safety and toxic;Training Set	222095206
43	1	N/A	-248.40839928961904	C10H10O4	[M - H2O + H]+	YSIIHTHHMPYKFP	InChI=1S/C10H10O4/c1-13-9-3-8(6-12)10(14-2)4-7(9)5-11/h3-6H,1-2H3	ACMC-20aoat	COC1=CC(=C(C=C1C=O)OC)C=O	0.800000012	606648	PubChem:(606648);PubChem class - safety and toxic	67108866
44	1	N/A	-249.9336190853694	C10H10O4	[M - H2O + H]+	LUFHLJPQDOKZKU	InChI=1S/C10H10O4/c1-14-9(11)6-7-2-4-8(5-3-7)10(12)13/h2-5H,6H2,1H3,(H,12,13)	4-(2-methoxy-2-oxoethyl)benzoic acid	COC(=O)CC1=CC=C(C=C1)C(=O)O	1.36546242	13816144	PubChem:(13816144);PubChem class - safety and toxic	67108866
45	1	N/A	-250.59648004200164	C10H10O4	[M - H2O + H]+	TXZVCDJZNRCDKW	InChI=1S/C10H10O4/c1-14-10(13)8-4-2-7(3-5-8)6-9(11)12/h2-5H,6H2,1H3,(H,11,12)	null	COC(=O)C1=CC=C(C=C1)CC(=O)O	1.36546242	10797879;86306626	PubChem:(10797879 86306626);PubChem class - safety and toxic	67108866
46	1	N/A	-251.05172025790975	C10H10O4	[M - H2O + H]+	QSPCOYVUYYFWAU	InChI=1S/C10H10O4/c11-9(12)6-3-7-1-4-8(5-2-7)10(13)14/h1-2,4-5H,3,6H2,(H,11,12)(H,13,14)	4-Carboxyhydrocinnamic acid	C1=CC(=CC=C1CCC(=O)O)C(=O)O	1.40494668	854054;4632959;17957407;71762104;71762105	PubChem class - safety and toxic;PubChem:(854054 4632959 17957407 71762104 71762105);PubMed	67108930
47	1	N/A	-253.39079375399837	C10H10O4	[M - H2O + H]+	ONWPLBKWMAUFGZ	InChI=1S/C10H10O4/c1-7(11)14-9-6-4-3-5-8(9)10(12)13-2/h3-6H,1-2H3	methylrodin	CC(=O)OC1=CC=CC=C1C(=O)OC	1.648489	68484	NORMAN:(NS00033831);COCONUT:(CNP0300463);Natural Products:(UNPD56499);PubChem:(68484);SuperNatural:(SN00155279);ZINC bio:(ZINC02560557);MeSH:(68484);PubMed;KEGG Mine	8593383494
48	1	N/A	-254.69640522645275	C10H10O4	[M - H2O + H]+	RIXOZEBXQQUHQW	InChI=1S/C10H10O4/c1-6(9(11)12)7-3-2-4-8(5-7)10(13)14/h2-6H,1H3,(H,11,12)(H,13,14)	2-(3-Carboxyphenyl)propionic acid	CC(C1=CC(=CC=C1)C(=O)O)C(=O)O	1.32916248	44398682;71587870;71587871;71314548	PubChem class - safety and toxic;PubChem:(44398682 71587870 71587871 71314548);PubMed;KEGG Mine	8657043522
49	1	N/A	-255.8758366929168	C10H10O4	[M - H2O + H]+	PGJQPLVEUVHSFQ	InChI=1S/C10H10O4/c1-7(11)14-9-5-3-8(4-6-9)10(12)13-2/h3-6H,1-2H3	bmse010008	CC(=O)OC1=CC=C(C=C1)C(=O)OC	1.648489	578495;73995221;101137842	COCONUT:(CNP0103381);Natural Products:(UNPD49505);PubChem:(578495 73995221 101137842);PubMed;CHEBI:(86900)	2130018
50	1	N/A	-258.353773810735	C10H10O4	[M - H2O + H]+	FBSAITBEAPNWJG	InChI=1S/C10H10O4/c1-7(11)13-9-5-3-4-6-10(9)14-8(2)12/h3-6H,1-2H3	Ambap635-67-6	CC(=O)OC1=CC=CC=C1OC(=O)C	1.68342471	12479	NORMAN:(NS00035490);COCONUT:(CNP0115840);Natural Products:(UNPD3409);PubChem:(12479);ZINC bio:(ZINC01641632);PubChem class - safety and toxic;PubMed	69509186
51	1	N/A	-258.48821396120127	C10H10O4	[M - H2O + H]+	FAZARMASQCFHAE	InChI=1S/C10H10O4/c11-6-8-7(4-5-10(13)14)2-1-3-9(8)12/h1-3,6,12H,4-5H2,(H,13,14)	null	C1=CC(=C(C(=C1)O)C=O)CCC(=O)O	1.29999995	10058451	COCONUT:(CNP0238344);KNApSAcK:(45552);Natural Products:(UNPD104076);PubChem:(10058451);SuperNatural:(SN00393397);PubMed	3178578
52	1	N/A	-258.56732281819154	C10H10O4	[M - H2O + H]+	XLSMGNNWSRNTIQ	InChI=1S/C10H10O4/c1-6(11)7-3-4-9(12)8(5-7)10(13)14-2/h3-5,12H,1-2H3	Methyl 5-acetylsalicylate	CC(=O)C1=CC(=C(C=C1)O)C(=O)OC	1.12628722	85444;10631693	NORMAN:(NS00025389);PubChem class - safety and toxic;PubChem:(85444 10631693);PubMed	67371074
53	1	N/A	-261.21176069008607	C10H10O4	[M - H2O + H]+	AYMQCLGUHSIDFY	InChI=1S/C10H10O4/c1-13-10(12)7-14-9-4-2-3-8(5-9)6-11/h2-6H,7H2,1H3	Methyl (3-formylphenoxy)acetate	COC(=O)COC1=CC=CC(=C1)C=O	1.38228202	1494380	PubChem:(1494380);PubChem class - safety and toxic	67108866
54	1	N/A	-262.0605885792041	C10H10O4	[M - H2O + H]+	VBFCHMCVAZSGHA	InChI=1S/C10H10O4/c11-5-9(13)7-2-1-3-8(4-7)10(14)6-12/h1-4,11-12H,5-6H2	2-hydroxy-1-[3-(2-hydroxyacetyl)phenyl]ethanone	C1=CC(=CC(=C1)C(=O)CO)C(=O)CO	0.440508097	2749749	COCONUT:(CNP0034035);PubChem:(2749749);SuperNatural:(SN00123752);ZINC bio:(ZINC03845172)	3153922
55	1	N/A	-262.34118158844296	C10H10O4	[M - H2O + H]+	ZRBWAQRGMGTVQC	InChI=1S/C10H10O4/c11-6-5-9(12)7-3-1-2-4-8(7)10(13)14/h1-4,11H,5-6H2,(H,13,14)	null	C1=CC=C(C(=C1)C(=O)CCO)C(=O)O	0.790922582	89041293	PubChem:(89041293);COCONUT:(CNP0344936)	2097154
56	1	N/A	-264.10473359066526	C10H10O4	[M - H2O + H]+	GQZDTCFUDGMSOS	InChI=1S/C10H10O4/c1-7(11)8-4-2-3-5-9(8)14-6-10(12)13/h2-5H,6H2,1H3,(H,12,13)	2-(2-acetylphenoxy)acetate	CC(=O)C1=CC=CC=C1OCC(=O)O	1.06196642	2803551;6928925	COCONUT:(CNP0405039);PubChem class - safety and toxic;PubChem:(2803551 6928925);SuperNatural:(SN00143834);ZINC bio:(ZINC00137688)	70262786
57	1	N/A	-265.0280430813783	C10H10O4	[M - H2O + H]+	FBLNSQMYGLIFII	InChI=1S/C10H10O4/c1-14-8-4-2-7(3-5-8)9(11)6-10(12)13/h2-5H,6H2,1H3,(H,12,13)	3-(4-methoxyphenyl)-3-oxopropanoate	COC1=CC=C(C=C1)C(=O)CC(=O)O	1.29999995	12604606;22020201	COCONUT:(CNP0335874);Natural Products:(UNPD80757);PubChem:(12604606 22020201);SuperNatural:(SN00285577);ZINC bio:(ZINC14504240)	3186690
58	1	N/A	-265.3366066481772	C10H10O4	[M - H2O + H]+	STOUHHBZBQBYHH	InChI=1S/C10H10O4/c1-7(11)13-9-4-3-5-10(6-9)14-8(2)12/h3-6H,1-2H3	1,3-Diacetoxybenzene	CC(=O)OC1=CC(=CC=C1)OC(=O)C	1.68342471	7942	NORMAN:(NS00041143);PubChem class - safety and toxic;PubChem:(7942);PubMed	67371074
59	1	N/A	-265.33681597496854	C10H10O4	[M - H2O + H]+	VDZJGFDUSYCVJA	InChI=1S/C10H10O4/c1-7(11)8-3-2-4-9(5-8)14-6-10(12)13/h2-5H,6H2,1H3,(H,12,13)	Maybridge1_008932	CC(=O)C1=CC(=CC=C1)OCC(=O)O	1.06196642	1550945;241887	PubChem:(1550945 241887);PubChem class - safety and toxic	67108866
60	1	N/A	-266.9252936006641	C10H10O4	[M - H2O + H]+	PFWYHTORQZAGCA	InChI=1S/C10H10O4/c1-7(11)12-5-8-2-3-9-10(4-8)14-6-13-9/h2-4H,5-6H2,1H3	Heliotropin acetate	CC(=O)OCC1=CC2=C(C=C1)OCO2	1.55422378	9473	NORMAN:(NS00013157);COCONUT:(CNP0415728);HMDB:(32614);PubChem class - food;PubChem:(9473);ZINC bio:(ZINC00389599);PubChem class - bio and metabolites;MeSH:(9473);PubChem class - safety and toxic;PubMed	220471374
61	1	N/A	-266.9539980380971	C10H10O4	[M - H2O + H]+	QBQVEOIVSWQRDU	InChI=1S/C10H10O4/c11-8-4-2-1-3-7(8)9(12)5-6-10(13)14/h1-4,11H,5-6H2,(H,13,14)	3-(2-Hydroxybenzoyl)propionic acid	C1=CC=C(C(=C1)C(=O)CCC(=O)O)O	0.987819612	3016086	NORMAN:(NS00030599);COCONUT:(CNP0137475);KNApSAcK:(34393);Natural Products:(UNPD226244);PubChem:(3016086);EcoCyc Mine;KEGG Mine	25772195858
62	1	N/A	-268.13809391298486	C10H10O4	[M - H2O + H]+	CFLAHQSWDKNWPW	InChI=1S/C10H10O4/c11-9(12)6-10(13)14-7-8-4-2-1-3-5-8/h1-5H,6-7H2,(H,11,12)	ACMC-20akdr	C1=CC=C(C=C1)COC(=O)CC(=O)O	1.31312442	181659;22247814	HMDB:(59721);PubChem:(181659 22247814);CHEBI:(84093);ZINC bio:(ZINC00403125);PubChem class - safety and toxic;PubMed	67117162
63	1	N/A	-270.3161897446858	C10H10O4	[M - H2O + H]+	AKOGNYJNGMLDOA	InChI=1S/C10H10O4/c1-7(11)13-9-3-5-10(6-4-9)14-8(2)12/h3-6H,1-2H3	p-Diacetoxybenzene	CC(=O)OC1=CC=C(C=C1)OC(=O)C	1.68342471	71006	NORMAN:(NS00044767);PubChem class - safety and toxic;PubChem:(71006);PubMed;ZINC bio:(ZINC00254933)	67379266
64	1	N/A	-271.01969752491704	C10H10O4	[M - H2O + H]+	GJFXLXKAXXAFPU	InChI=1S/C10H10O4/c11-6-9(13)2-1-7-5-8(12)3-4-10(7)14/h3-5,9,11-14H,6H2	null	C1=CC(=C(C=C1O)C#CC(CO)O)O	0.100000001	101798877	COCONUT:(CNP0131459);MeSH:(101798877);Natural Products:(UNPD204582);PubChem:(101798877);PubMed	2129990
65	1	N/A	-271.5418824338774	C10H10O4	[M - H2O + H]+	LHVJUPHCLWIPLZ	InChI=1S/C10H10O4/c1-6-8(10(12)13)4-3-5-9(6)14-7(2)11/h3-5H,1-2H3,(H,12,13)	3-acetyloxy-2-methylbenzoate	CC1=C(C=CC=C1OC(=O)C)C(=O)O	1.60000002	3798557;6951169	PubChem:(3798557 6951169);PubChem class - safety and toxic	67108866
66	1	N/A	-273.9231081647819	C10H10O4	[M - H2O + H]+	UIYJGLLTSVRSBM	InChI=1S/C10H10O4/c11-10(12)4-2-7-1-3-8-9(5-7)14-6-13-8/h1,3,5H,2,4,6H2,(H,11,12)	Oprea1_823033	C1OC2=C(O1)C=C(C=C2)CCC(=O)O	1.75566936	64810;6919346	NORMAN:(NS00028427);PubChem:(64810 6919346);PubChem class - bio and metabolites;PubChem class - safety and toxic;PubMed;KEGG Mine	8674082882
67	1	N/A	-274.7020058121244	C10H10O4	[M - H2O + H]+	YWWHKOHZGJFMIE	InChI=1S/C10H10O4/c1-2-14-10(13)8-6-4-3-5-7(8)9(11)12/h3-6H,2H2,1H3,(H,11,12)	Monoethyl phthalate	CCOC(=O)C1=CC=CC=C1C(=O)O	1.63486385	75318;21894230;71750793;138396076	HMDB:(2120);ZINC bio:(ZINC00409879);additional;MeSH:(75318);PubMed;NORMAN:(NS00010914);COCONUT:(CNP0017360);PubChem:(75318 21894230 71750793 138396076);CHEBI:(70973);PubChem class - bio and metabolites;PubChem class - safety and toxic;Training Set;KEGG Mine	8676728942
68	1	N/A	-274.9452141042478	C10H10O4	[M - H2O + H]+	DDRPUCDBTNWIFK	InChI=1S/C10H10O4/c1-13-8-5-3-7(4-6-8)9(11)10(12)14-2/h3-6H,1-2H3	methyl 2-(4-methoxyphenyl)-2-oxoacetate	COC1=CC=C(C=C1)C(=O)C(=O)OC	1.60000002	3660944;101831353	COCONUT:(CNP0321266);KNApSAcK:(46137);Natural Products:(UNPD170494);PubChem:(3660944 101831353);ZINC bio:(ZINC02145127);PubMed	2138194
69	1	N/A	-275.34461440330097	C10H10O4	[M - H2O + H]+	RTKKNEBUQCURDQ	InChI=1S/C10H10O4/c11-8-4-2-1-3-7(8)5-6-9(12)10(13)14/h1-4,11H,5-6H2,(H,13,14)	null	C1=CC=C(C(=C1)CCC(=O)C(=O)O)O	1.20000005	16122569	PubChem:(16122569);KEGG Mine;PubChem class - bio and metabolites	8606711810
70	1	N/A	-275.64622235712324	C10H10O4	[M - H2O + H]+	HEMYXNDMAAOTCK	InChI=1S/C10H10O4/c1-12-10(11)5-7-2-3-8-9(4-7)14-6-13-8/h2-4H,5-6H2,1H3	Methyl homopiperonylate	COC(=O)CC1=CC2=C(C=C1)OCO2	1.71618509	266588;57536804	PubChem class - safety and toxic;PubChem:(266588 57536804);ZINC bio:(ZINC01686242)	67117058
71	1	N/A	-277.3192719339935	C10H10O4	[M - H2O + H]+	XRBMKGUDDJPAMH	InChI=1S/C10H10O4/c1-6-4-3-5-8(10(12)13)9(6)14-7(2)11/h3-5H,1-2H3,(H,12,13)	Spectrum_001374	CC1=C(C(=CC=C1)C(=O)O)OC(=O)C	1.72213757	78094;6918960	NORMAN:(NS00015531);COCONUT:(CNP0392043);PubChem:(78094 6918960);ZINC bio:(ZINC00001221);PubChem class - bio and metabolites;PubChem class - safety and toxic;Training Set;PubMed;KEGG Mine	8676204610
72	1	N/A	-278.9022280636478	C10H10O4	[M - H2O + H]+	MDLKHAVFIDFTBO	InChI=1S/C10H10O4/c1-2-9(11)14-8-6-4-3-5-7(8)10(12)13/h3-6H,2H2,1H3,(H,12,13)	2-propanoyloxybenzoic acid	CCC(=O)OC1=CC=CC=C1C(=O)O	1.83176088	95938;23200401	PubChem class - safety and toxic;PubChem:(95938 23200401);ZINC bio:(ZINC01676317)	67117058
73	1	N/A	-280.21487696453636	C10H10O4	[M - H2O + H]+	DJSIZJKPKTXMII	InChI=1S/C10H10O4/c1-6-3-7(9(11)12)5-8(4-6)10(13)14-2/h3-5H,1-2H3,(H,11,12)	3-methoxycarbonyl-5-methylbenzoate	CC1=CC(=CC(=C1)C(=O)OC)C(=O)O	1.68720186	7210835;7210836	PubChem:(7210835 7210836);PubChem class - safety and toxic	67108866
74	1	N/A	-282.6566821960185	C10H10O4	[M - H2O + H]+	AONRSNZGOMBWPX	InChI=1S/C10H10O4/c1-5(11)7-3-4-8(13)9(6(2)12)10(7)14/h3-4,13-14H,1-2H3	2,4-Diacetyl-1,3-benzenediol	CC(=O)C1=C(C(=C(C=C1)O)C(=O)C)O	1.10000002	137461	COCONUT:(CNP0336010);PubChem:(137461);PubMed;ZINC bio:(ZINC05167583)	2105410
75	1	N/A	-282.7274837590416	C10H10O4	[M - H2O + H]+	GEYCQLIOGQPPFM	InChI=1S/C10H10O4/c1-5(11)7-3-8(6(2)12)10(14)4-9(7)13/h3-4,13-14H,1-2H3	resodiacetophenone	CC(=O)C1=CC(=C(C=C1O)O)C(=O)C	1.70000005	75097;101864218	NORMAN:(NS00026921);PubChem:(75097 101864218);additional;MeSH:(75097);PubChem class - safety and toxic;Training Set;PubMed	67911750
76	1	N/A	-283.1929053788265	C10H10O4	[M - H2O + H]+	QRICSZPYENRNSS	InChI=1S/C10H10O4/c1-14-8-4-2-3-7(5-8)6-9(11)10(12)13/h2-5H,6H2,1H3,(H,12,13)	3-(3-methoxyphenyl)-2-oxopropanoic acid	COC1=CC=CC(=C1)CC(=O)C(=O)O	1.23591053	290091	HMDB:(141265);PubChem class - safety and toxic;PubChem:(290091);PubChem class - bio and metabolites	83886090
77	1	N/A	-283.9191402805145	C10H10O4	[M - H2O + H]+	KMXZEXUYXUMHEQ	InChI=1S/C10H10O4/c1-7(11)8-2-4-9(5-3-8)14-6-10(12)13/h2-5H,6H2,1H3,(H,12,13)	2-(4-acetylphenoxy)acetate	CC(=O)C1=CC=C(C=C1)OCC(=O)O	1.06196642	74655;6926525	NORMAN:(NS00026143);PubChem class - safety and toxic;PubChem:(74655 6926525);PubMed;ZINC bio:(ZINC00115002)	67379266
78	1	N/A	-284.0892174571189	C10H10O4	[M - H2O + H]+	PYOVYUCEBCOYSM	InChI=1S/C10H10O4/c1-13-9-5-3-4-7(8(9)6-11)10(12)14-2/h3-6H,1-2H3	null	COC1=CC=CC(=C1C=O)C(=O)OC	1.44660282	12730357	COCONUT:(CNP0159202);Natural Products:(UNPD19980);PubChem:(12730357);SuperNatural:(SN00347063);ZINC bio:(ZINC15217454)	3186690
79	1	N/A	-285.3373807289533	C10H10O4	[M - H2O + H]+	AOPNPZIOVIPWMF	InChI=1S/C10H10O4/c1-14-8-4-2-7(3-5-8)6-9(11)10(12)13/h2-5H,6H2,1H3,(H,12,13)	3-(4-methoxyphenyl)-2-oxopropanoate	COC1=CC=C(C=C1)CC(=O)C(=O)O	1.23591053	578473;1987861	COCONUT:(CNP0018016 CNP0183040);HMDB:(127500);PubChem:(578473 1987861);SuperNatural:(SN00120617);YMDB Mine;ZINC bio:(ZINC02379980);PubChem class - bio and metabolites;EcoCyc Mine;PubMed;KEGG Mine	60149473354
80	1	N/A	-285.55649487268465	C10H10O4	[M - H2O + H]+	FINGOCCQPUZZDR	InChI=1S/C10H10O4/c1-13-8-5-3-4-7(6-11)9(8)10(12)14-2/h3-6H,1-2H3	null	COC1=CC=CC(=C1C(=O)OC)C=O	1.20000005	12730360	COCONUT:(CNP0164668);Natural Products:(UNPD189390);PubChem:(12730360);SuperNatural:(SN00382227);ZINC bio:(ZINC15217460)	3186690
81	1	N/A	-287.63135583697346	C10H10O4	[M - H2O + H]+	OSRBGUCAZNZFMF	InChI=1S/C10H10O4/c1-6-4-3-5-8(14-7(2)11)9(6)10(12)13/h3-5H,1-2H3,(H,12,13)	2-acetyloxy-6-methylbenzoate	CC1=C(C(=CC=C1)OC(=O)C)C(=O)O	1.72213757	5254798;23166939	COCONUT:(CNP0296755);Natural Products:(UNPD52369);PubChem:(5254798 23166939);SuperNatural:(SN00249351);ZINC bio:(ZINC14488787);KEGG Mine	8593121282
82	1	N/A	-288.09102573860446	C10H10O4	[M - H2O + H]+	OBCUSTCTKLTMBX	InChI=1S/C10H10O4/c1-7(11)14-9(10(12)13)8-5-3-2-4-6-8/h2-6,9H,1H3,(H,12,13)	Maybridge1_006465	CC(=O)OC(C1=CC=CC=C1)C(=O)O	1.39999998	225215;2733814;6923378;6923379;6923380;19600743	NORMAN:(NS00001301);COCONUT:(CNP0236433);Natural Products:(UNPD67606);PubChem:(225215 2733814 6923378 6923379 6923380 19600743);SuperNatural:(SN00273067);ZINC bio:(ZINC00081252 ZINC00081255);PubChem class - safety and toxic;Training Set;PubMed	70574146
83	1	N/A	-288.7016732397675	C10H10O4	[M - H2O + H]+	JLBYWHRVEFWQPC	InChI=1S/C10H10O4/c1-13-9-4-7(5-11)3-8(6-12)10(9)14-2/h3-6H,1-2H3	null	COC1=CC(=CC(=C1OC)C=O)C=O	0.800000012	12435071	COCONUT:(CNP0255354);Natural Products:(UNPD66754);PubChem:(12435071);SuperNatural:(SN00240001);ZINC bio:(ZINC13481373)	3186690
84	1	N/A	-290.16440036221377	C10H10O4	[M - H2O + H]+	MQNNRPUVAMHCCO	InChI=1S/C10H10O4/c1-6-3-4-8(14-10(6)13)7(2)5-9(11)12/h3-5H,1-2H3,(H,11,12)	(E)-3-(5-methyl-6-oxopyran-2-yl)but-2-enoic acid	CC1=CC=C(OC1=O)C(=CC(=O)O)C	1.70000005	20056005;73657206	COCONUT:(CNP0377754);Natural Products:(UNPD129829);Training Set;PubChem:(20056005 73657206)	2146306
85	1	N/A	-290.7026452913617	C10H10O4	[M - H2O + H]+	QKDLXQWEBIYZSS	InChI=1S/C10H10O4/c11-8-3-1-7(2-4-8)9(12)5-6-10(13)14/h1-4,11H,5-6H2,(H,13,14)	4-(4-hydroxyphenyl)-4-oxobutanoate	C1=CC(=CC=C1C(=O)CCC(=O)O)O	0.987819612	1550809;237130	PubChem:(1550809 237130);PubChem class - safety and toxic	67108866
86	1	N/A	-290.8779030125666	C10H10O4	[M - H2O + H]+	WQWNVPGJVKVZDH	InChI=1S/C10H10O4/c1-2-14-9-4-7(5-11)3-8(6-12)10(9)13/h3-6,13H,2H2,1H3	Dialdehyde ethylvanillique	CCOC1=CC(=CC(=C1O)C=O)C=O	1.39999998	18034	PubChem:(18034);PubChem class - safety and toxic	67108866
87	1	N/A	-291.8198133281326	C10H10O4	[M - H2O + H]+	ZHJJCJKDNFTHKD	InChI=1S/C10H10O4/c1-6(9(11)12)7-2-4-8(5-3-7)10(13)14/h2-6H,1H3,(H,11,12)(H,13,14)	ACMC-20ceaf	CC(C1=CC=C(C=C1)C(=O)O)C(=O)O	1.5	181888;192348;13123221	MeSH:(192348);PubChem:(181888 192348 13123221);PubMed	70
88	1	N/A	-297.01255261332057	C10H10O4	[M - H2O + H]+	WOANOAGQWVVXQR	InChI=1S/C10H10O4/c1-2-14-10(13)7-3-4-9(12)8(5-7)6-11/h3-6,12H,2H2,1H3	ethyl 3-formyl-4-hydroxybenzoate	CCOC(=O)C1=CC(=C(C=C1)O)C=O	1.79999995	271759	PubChem:(271759);PubChem class - safety and toxic	67108866
89	1	N/A	-300.5581900590063	C10H10O4	[M - H2O + H]+	VZOFEVHSVUBEPH	InChI=1S/C10H10O4/c1-14-10(13)6-9(12)7-2-4-8(11)5-3-7/h2-5,11H,6H2,1H3	Methyl (4-Hydroxybenzoyl)acetate	COC(=O)CC(=O)C1=CC=C(C=C1)O	1.29999995	508465	COCONUT:(CNP0317330);Natural Products:(UNPD108132);PubChem:(508465);SuperNatural:(SN00326017);ZINC bio:(ZINC02556860)	3186690
90	1	N/A	-301.9874960307581	C10H10O4	[M - H2O + H]+	XBBMROOTCQXGMR	InChI=1S/C10H10O4/c1-6(11)9-4-3-8(5-10(9)13)14-7(2)12/h3-5,13H,1-2H3	4-acetyl-3-hydroxyphenyl acetate	CC(=O)C1=C(C=C(C=C1)OC(=O)C)O	1.16122293	2775173	PubChem:(2775173);PubChem class - safety and toxic	67108866
91	1	N/A	-303.7948974377136	C10H10O4	[M - H2O + H]+	AHIQFGJYCGHEEQ	InChI=1S/C10H10O4/c1-2-14-10(13)9(12)7-5-3-4-6-8(7)11/h3-6,11H,2H2,1H3	null	CCOC(=O)C(=O)C1=CC=CC=C1O	1.50531185	10130332	COCONUT:(CNP0231949);Natural Products:(UNPD107337);PubChem:(10130332)	2129922
92	1	N/A	-304.1751996958504	C10H10O4	[M - H2O + H]+	XGIARGRDHVLYGD	InChI=1S/C10H10O4/c1-7(11)14-6-10(13)8-2-4-9(12)5-3-8/h2-5,12H,6H2,1H3	null	CC(=O)OCC(=O)C1=CC=C(C=C1)O	1.20000005	16099942;100982914	COCONUT:(CNP0233235);Natural Products:(UNPD3793);PubChem:(16099942 100982914);SuperNatural:(SN00292957);PubMed	3178562
93	1	N/A	-306.21510051292853	C10H10O4	[M - H2O + H]+	OZEGCCCPLQVTEE	InChI=1S/C10H10O4/c11-8-4-1-7(2-5-8)3-6-9(12)10(13)14/h1-2,4-5,11H,3,6H2,(H,13,14)	null	C1=CC(=CC=C1CCC(=O)C(=O)O)O	1.27539468	54177125;91820190	PubChem:(54177125 91820190);PubMed;Biocyc:(CPD-17728);KEGG Mine;PubChem class - bio and metabolites	8606713922
94	1	N/A	-311.4053624456311	C10H10O4	[M - H2O + H]+	XIWBCMGFBNMOMY	InChI=1S/C10H10O4/c1-10(8(11)12,9(13)14)7-5-3-2-4-6-7/h2-6H,1H3,(H,11,12)(H,13,14)	2-methyl-2-phenylmalonic acid	CC(C1=CC=CC=C1)(C(=O)O)C(=O)O	1.28309679	13725039	PubChem:(13725039);PubMed;CHEBI:(49099);ZINC bio:(ZINC13527796)	8290
95	1	N/A	-312.29441446652487	C10H10O4	[M - H2O + H]+	NTQFLFYOFQFWPM	InChI=1S/C10H10O4/c11-9(12)7-1-3-8(4-2-7)10-13-5-6-14-10/h1-4,10H,5-6H2,(H,11,12)	Benzoic acid, 4-(1,3-dioxolan-2-yl)-	C1COC(O1)C2=CC=C(C=C2)C(=O)O	0.899999976	18949257	PubChem:(18949257);PubChem class - safety and toxic	67108866
96	1	N/A	-314.1770498497972	C10H10O4	[M - H2O + H]+	JAEJSNFTJMYIEF	InChI=1S/C10H10O4/c11-9(12)8(10(13)14)6-7-4-2-1-3-5-7/h1-5,8H,6H2,(H,11,12)(H,13,14)	2-Benzylmalonate	C1=CC=C(C=C1)CC(C(=O)O)C(=O)O	1.5	12031;22059010	NORMAN:(NS00034761);HMDB:(142175);PubChem:(12031 22059010);ZINC bio:(ZINC06661085);PubChem class - bio and metabolites;MeSH:(12031);PubChem class - safety and toxic;PubMed	84156494
97	1	N/A	-315.91683193336945	C10H10O4	[M - H2O + H]+	HVMSPHGUKBLNCL	InChI=1S/C10H10O4/c1-14-9(12)4-7-10(13)5-2-8(11)3-6-10/h2-7,13H,1H3	methyl 3-(1-hydroxy-4-oxo-1-cyclohexa-2,5-dienyl)prop-2-enoate	COC(=O)C=CC1(C=CC(=O)C=C1)O	0.100000001	396467;5470526	COCONUT:(CNP0256692);PubChem:(396467 5470526);SuperNatural:(SN00013825);ZINC bio:(ZINC06003943)	3153922
98	1	N/A	-316.25227049713186	C10H10O4	[M - H2O + H]+	CUHUYVNPCQYRLG	InChI=1S/C10H10O4/c1-13-7-4-2-6(3-5-7)8-9(14-8)10(11)12/h2-5,8-9H,1H3,(H,11,12)	ACMC-20lsqw	COC1=CC=C(C=C1)C2C(O2)C(=O)O	1.0	1757762;1757763;3705990;3478434;7087724;7087725;7649507;6351468;6569476;6569477;13423800	COCONUT:(CNP0378909);HMDB:(131173);PubChem:(1757762 1757763 3705990 3478434 7087724 7087725 7649507 6351468 6569476 6569477 13423800);SuperNatural:(SN00071109);ZINC bio:(ZINC04063198);PubChem class - bio and metabolites;PubMed	19931210
99	1	N/A	-316.5563513116091	C10H10O4	[M - H2O + H]+	LVFFZQQWIZURIO	InChI=1S/C10H10O4/c11-9(12)6-8(10(13)14)7-4-2-1-3-5-7/h1-5,8H,6H2,(H,11,12)(H,13,14)	Ambap4036-30-0	C1=CC=C(C=C1)C(CC(=O)O)C(=O)O	0.899999976	95459;736145;736146;4632740;6931404;6931406;102054204;101797802	NORMAN:(NS00041995);PubChem:(95459 736145 736146 4632740 6931404 6931406 102054204 101797802);ZINC bio:(ZINC00155877 ZINC00155879);PubChem class - bio and metabolites;MeSH:(95459);PubChem class - safety and toxic;PubMed	84156486
100	1	N/A	-318.84315821211686	C10H10O4	[M - H2O + H]+	BVRNERFWPQRVJB	InChI=1S/C10H10O4/c11-10(12)6-7-1-2-8-9(5-7)14-4-3-13-8/h1-2,5H,3-4,6H2,(H,11,12)	Oprea1_471639	C1COC2=C(O1)C=CC(=C2)CC(=O)O	1.15429306	87020;7048441	NORMAN:(NS00025657);PubChem class - safety and toxic;PubChem:(87020 7048441);PubMed	67371074
101	1	N/A	-319.6673421728176	C10H10O4	[M - H2O + H]+	DZSXZYDBNQVSMU	InChI=1S/C10H10O4/c1-2-14-10(13)9(12)7-3-5-8(11)6-4-7/h3-6,11H,2H2,1H3	ethyl 2-(4-hydroxyphenyl)-2-oxoacetate	CCOC(=O)C(=O)C1=CC=C(C=C1)O	1.70000005	11715332	COCONUT:(CNP0219617);Natural Products:(UNPD20363);PubChem:(11715332);SuperNatural:(SN00402272);ZINC bio:(ZINC14504214)	3186690
102	1	N/A	-322.568335572153	C10H10O4	[M - H2O + H]+	LNEPPGKBSBTFDF	InChI=1S/C10H10O4/c1-2-3-8-6-7(10(13)14-8)4-5-9(11)12/h3-6H,2H2,1H3,(H,11,12)	(E/Z)-bombardolide C	CCC=C1C=C(C(=O)O1)C=CC(=O)O	1.5	11745513;10330245;73083143	COCONUT:(CNP0248102);KNApSAcK:(45692);Natural Products:(UNPD3250);PubChem:(11745513 10330245 73083143);SuperNatural:(SN00322166);PubMed	3178578
103	1	N/A	-323.85419796159954	C10H10O4	[M - H2O + H]+	JGHXNKLHSHDHDG	InChI=1S/C10H10O4/c1-2-12-10(11)7-3-4-8-9(5-7)14-6-13-8/h3-5H,2,6H2,1H3	Ethyl piperonylate	CCOC(=O)C1=CC2=C(C=C1)OCO2	1.98558652	81391;87286898	NORMAN:(NS00043699);COCONUT:(CNP0173834);Natural Products:(UNPD124829);PubChem:(81391 87286898);SuperNatural:(SN00332536);ZINC bio:(ZINC01681287)	3448834
104	1	N/A	-324.65286015734347	C10H10O4	[M - H2O + H]+	ZMLVTKKIMDNHCP	InChI=1S/C10H10O4/c1-12-8-3-2-7(6-11)9-10(8)14-5-4-13-9/h2-3,6H,4-5H2,1H3	5-methoxy-2,3-dihydro-1,4-benzodioxine-8-carbaldehyde	COC1=C2C(=C(C=C1)C=O)OCCO2	1.10000002	4359894	COCONUT:(CNP0379085);PubChem:(4359894);SuperNatural:(SN00068573);ZINC bio:(ZINC04028478)	3153922
105	1	N/A	-326.388395383228	C10H10O4	[M - H2O + H]+	VKRLFWZYZOPSHP	InChI=1S/C10H10O4/c1-2-8-9(14-6-13-8)5-7(1)10-11-3-4-12-10/h1-2,5,10H,3-4,6H2	5-(1,3-Dioxolan-2-yl)-1,3-benzodioxole	C1COC(O1)C2=CC3=C(C=C2)OCO3	1.38454401	78122	PubChem:(78122);NORMAN:(NS00031387)	262146
106	1	N/A	-327.1369774491566	C10H10O4	[M - H2O + H]+	UKFAWRZYFYOXEG	InChI=1S/C10H10O4/c1-12-8-3-6-5-14-10(11)7(6)4-9(8)13-2/h3-4H,5H2,1-2H3	Macconine	COC1=C(C=C2C(=C1)COC2=O)OC	1.29999995	230460	COCONUT:(CNP0193379);Natural Products:(UNPD159539);PubChem:(230460);SuperNatural:(SN00001363);CHEBI:(113547);ZINC bio:(ZINC00384402);additional;PubChem class - safety and toxic;Training Set;PubMed	70836322
107	1	N/A	-327.1438014205373	C10H10O4	[M - H2O + H]+	NCVGIWMSTWRQMB	InChI=1S/C10H10O4/c11-8-6-4-2-1-3-5-7-9(12)10(13)14/h3,5,9,11-12H,7-8H2,(H,13,14)	null	C(C=CC#CC#CCO)C(C(=O)O)O	0.0	101413527	COCONUT:(CNP0420404);Natural Products:(UNPD69169);PubChem:(101413527)	2129922
108	1	N/A	-329.2918167523856	C10H10O4	[M - H2O + H]+	COFAOIWBTJSSPD	InChI=1S/C10H10O4/c11-8(6-9(12)10(13)14)7-4-2-1-3-5-7/h1-5,9,12H,6H2,(H,13,14)	3-Benzoyl-2-hydroxypropionic acid	C1=CC=C(C=C1)C(=O)CC(C(=O)O)O	0.754075289	516699;9942381;10965384;25793510;71749224	NORMAN:(NS00056900);PubChem:(516699 9942381 10965384 25793510 71749224);PubMed;PubChem class - bio and metabolites	17039426
109	1	N/A	-332.09341731591917	C10H10O4	[M - H2O + H]+	USZFKSACQAZYHV	InChI=1S/C10H10O4/c1-3-4-7(11)9-8(12)5-6(2)14-10(9)13/h3-5,12H,1-2H3	null	CC=CC(=O)C1=C(C=C(OC1=O)C)O	1.79999995	135570617	PubChem:(135570617);PubChem class - safety and toxic	67108866
110	1	N/A	-333.14935632321885	C10H10O4	[M - H2O + H]+	VKLDQCUGHRGDAN	InChI=1S/C10H10O4/c1-6-9(13)3-7(4-11)8(5-12)10(6)14-2/h3-5,13H,1-2H3	5-Hydroxy-3-methoxy-4-methyl-1,2-benzenedicarbaldehyde	CC1=C(C=C(C(=C1OC)C=O)C=O)O	0.800000012	12314841	COCONUT:(CNP0187118);Natural Products:(UNPD104777);PubChem:(12314841);SuperNatural:(SN00344475)	3178498
111	1	N/A	-333.3134183713172	C10H10O4	[M - H2O + H]+	SINHIGWJWUDRFQ	InChI=1S/C10H10O4/c1-13-7-4-6-2-3-14-9(6)8(5-7)10(11)12/h4-5H,2-3H2,1H3,(H,11,12)	null	COC1=CC2=C(C(=C1)C(=O)O)OCC2	1.39999998	84014577	PubChem:(84014577);PubChem class - safety and toxic	67108866
112	1	N/A	-333.8793444644363	C10H10O4	[M - H2O + H]+	AIRRMJKMFDZHMS	InChI=1S/C10H10O4/c1-7-8(4-3-5-11)14-10(12)6-9(7)13-2/h3-6H,1-2H3	3-(4-methoxy-3-methyl-6-oxopyran-2-yl)prop-2-enal	CC1=C(OC(=O)C=C1OC)C=CC=O	0.300000012	187016;5387141	COCONUT:(CNP0253412);Natural Products:(UNPD157098);PubChem:(187016 5387141);ZINC bio:(ZINC01616260);EcoCyc Mine;KEGG Mine	25771941890
113	1	N/A	-335.851629711892	C10H10O4	[M - H2O + H]+	FJPMLTZXTKBVKX	InChI=1S/C10H10O4/c1-12-6-3-7-8(5-14-10(7)11)9(4-6)13-2/h3-4H,5H2,1-2H3	Phthalide, 4,6-dimethoxy-	COC1=CC2=C(COC2=O)C(=C1)OC	1.29999995	596895	COCONUT:(CNP0071042);PubChem:(596895);PubMed	2097218
114	1	N/A	-336.4393497835581	C10H10O4	[M - H2O + H]+	XUXFXVMZIJMUIO	InChI=1S/C10H10O4/c11-10(12)7-3-1-4-8-9(7)14-6-2-5-13-8/h1,3-4H,2,5-6H2,(H,11,12)	2H,3H,4H-benzo[b]1,4-dioxepin-6-carboxylic acid	C1COC2=CC=CC(=C2OC1)C(=O)O	1.5	2794985;7015399	PubChem:(2794985 7015399);NORMAN:(NS00036033)	262146
115	1	N/A	-337.77246652985326	C10H10O4	[M - H2O + H]+	MLPLZAMGYMIKDU	InChI=1S/C10H10O4/c1-6(11)7-3-8(12-2)10-9(4-7)13-5-14-10/h3-4H,5H2,1-2H3	5-Methoxy-3,4-methylenedioxyacetophenone	CC(=O)C1=CC2=C(C(=C1)OC)OCO2	1.39999998	48373	PubChem:(48373);PubChem class - safety and toxic	67108866
116	1	N/A	-340.26479306157177	C10H10O4	[M - H2O + H]+	COBAEYCUCRUGRP	InChI=1S/C10H10O4/c1-5-9(12)10(13)8-6(11)3-2-4-7(8)14-5/h2-5,9,11-12H,1H3	(-)-Gynuraone	CC1C(C(=O)C2=C(C=CC=C2O1)O)O	1.5	54582272;76152820	COCONUT:(CNP0192570);Natural Products:(UNPD161483);PubChem:(54582272 76152820);SuperNatural:(SN00402826);CHEBI:(68289);PubMed	3178594
117	1	N/A	-344.8486143810621	C10H10O4	[M - H2O + H]+	BQWDCZPSFPXRCB	InChI=1S/C10H10O4/c11-5-9-7(13-9)3-1-2-4-8-10(6-12)14-8/h7-12H,5-6H2	Repandiol	C(C1C(O1)C#CC#CC2C(O2)CO)O	-1.20000005	127295;9990203;11127133;55250332	COCONUT:(CNP0156139);HMDB:(39606);Natural Products:(UNPD73748 UNPD133191);PubChem:(127295 9990203 11127133 55250332);PubChem class - bio and metabolites;MeSH:(127295);PubMed	18907214
118	1	N/A	-347.0817175005022	C10H10O4	[M - H2O + H]+	ODHPXVGFARBBSK	InChI=1S/C10H10O4/c1-12-7-3-6-5-14-10(11)9(6)8(4-7)13-2/h3-4H,5H2,1-2H3	5,7-dimethoxy-3H-2-benzofuran-1-one	COC1=CC2=C(C(=C1)OC)C(=O)OC2	1.29999995	7314397	COCONUT:(CNP0150479);Natural Products:(UNPD31387);PubChem:(7314397);ZINC bio:(ZINC04666928);MeSH:(7314397);PubMed	2138182
119	1	N/A	-348.13055445128083	C10H10O4	[M - H2O + H]+	ORFFGRQMMWVHIB	InChI=1S/C10H10O4/c1-12-7-4-3-6-5-14-10(11)8(6)9(7)13-2/h3-4H,5H2,1-2H3	Maconine	COC1=C(C2=C(COC2=O)C=C1)OC	1.29999995	68437;71749883	HMDB:(32652);SuperNatural:(SN00001217);ZINC bio:(ZINC00161294);additional;MeSH:(68437);PubMed;NORMAN:(NS00007888);COCONUT:(CNP0295959);KNApSAcK:(51520);Natural Products:(UNPD123952);PubChem:(68437 71749883);PubChem class - bio and metabolites;PubChem class - safety and toxic;Training Set	87875678
120	1	N/A	-349.85482721582287	C10H10O4	[M - H2O + H]+	UMHYKDRIZFCRLF	InChI=1S/C10H10O4/c1-13-8-2-3-9-7(6-8)4-5-10(11,12)14-9/h2-6,11-12H,1H3	null	COC1=CC2=C(C=C1)OC(C=C2)(O)O	0.899999976	101681784	COCONUT:(CNP0183772);Natural Products:(UNPD15312);PubChem:(101681784);SuperNatural:(SN00365403)	3178498
121	1	N/A	-350.7757844712416	C10H10O4	[M - H2O + H]+	MQSSBVLREFSMDP	InChI=1S/C10H10O4/c11-10(12)7-2-3-8-9(6-7)14-5-1-4-13-8/h2-3,6H,1,4-5H2,(H,11,12)	Oprea1_108575	C1COC2=C(C=C(C=C2)C(=O)O)OC1	1.44186819	2776383;7128690	PubChem class - safety and toxic;PubChem:(2776383 7128690);PubMed	67108930
122	1	N/A	-350.827190724521	C10H10O4	[M - H2O + H]+	MMRYEEUZQALQGT	InChI=1S/C10H10O4/c1-2-7(11)6-3-8(12)10-9(4-6)13-5-14-10/h3-4,12H,2,5H2,1H3	1-Propanone, 1-(7-hydroxy-1,3-benzodioxol-5-yl)-	CCC(=O)C1=CC(=C2C(=C1)OCO2)O	1.5	23261099	COCONUT:(CNP0287400);Natural Products:(UNPD165753);PubChem:(23261099);SuperNatural:(SN00396324)	3178498
123	1	N/A	-350.9645435043074	C10H10O4	[M - H2O + H]+	RQSKEMWBCJHQMX	InChI=1S/C10H10O4/c1-13-9-5-8-6(4-7(9)11)2-3-10(12)14-8/h4-5,11H,2-3H2,1H3	null	COC1=C(C=C2CCC(=O)OC2=C1)O	1.29999995	101413526	COCONUT:(CNP0218092);Natural Products:(UNPD164117);PubChem:(101413526);SuperNatural:(SN00240028);KEGG Mine	8593113090
124	1	N/A	-351.0896331352201	C10H10O4	[M - H2O + H]+	WDZMAKLDQJGEFI	InChI=1S/C10H10O4/c11-8-3-1-2-6-7(8)5-14-9(6)4-10(12)13/h1-3,9,11H,4-5H2,(H,12,13)	3-deoxyisoochracinic acid	C1C2=C(C=CC=C2O)C(O1)CC(=O)O	0.300000012	1403724;1403725;4873040;6984643;6984644	COCONUT:(CNP0369374);KNApSAcK:(45560);Natural Products:(UNPD168932);PubChem:(1403724 1403725 4873040 6984643 6984644);SuperNatural:(SN00297240);MeSH:(4873040);PubMed	3178582
125	1	N/A	-353.1981833415582	C10H10O4	[M - H2O + H]+	XEHFSYYAGCUKEN	InChI=1S/C10H10O4/c1-13-9-4-6-2-3-10(12)14-8(6)5-7(9)11/h4-5,11H,2-3H2,1H3	ACMC-20ltka	COC1=C(C=C2C(=C1)CCC(=O)O2)O	1.29999995	21673805	COCONUT:(CNP0423453);Natural Products:(UNPD147715);PubChem:(21673805);KEGG Mine	8592064514
126	1	N/A	-354.6013262185137	C10H10O4	[M - H2O + H]+	JTCQHKLPDZBYKO	InChI=1S/C10H10O4/c1-6(11)7-2-3-8(12)10-9(7)13-4-5-14-10/h2-3,12H,4-5H2,1H3	1-(5-hydroxy-2,3-dihydro-1,4-benzodioxin-8-yl)ethanone	CC(=O)C1=C2C(=C(C=C1)O)OCCO2	1.0	80337	PubChem:(80337);NORMAN:(NS00034897)	262146
127	1	N/A	-361.5096403410207	C10H10O4	[M - H2O + H]+	IBNFFIKIHHCABM	InChI=1S/C10H10O4/c1-7(11)9(12)6-5-8-3-2-4-10(13)14-8/h2-7,11H,1H3	null	CC(C(=O)C=CC1=CC=CC(=O)O1)O	0.600000024	130127362;134163447	COCONUT:(CNP0262897);Natural Products:(UNPD170297);PubChem:(130127362 134163447);SuperNatural:(SN00249363)	3178498
128	1	N/A	-361.9630069512546	C10H10O4	[M - H2O + H]+	FHAMKLIXDLEUPK	InChI=1S/C10H10O4/c11-6-3-1-2-5-7(12)4-8(13)10(14)9(5)6/h1-3,7-8,11-13H,4H2	2,4,8-Trihydroxy-1-tetralone	C1C(C2=C(C(=CC=C2)O)C(=O)C1O)O	0.600000024	130654;442545;11275563;23258849;119026151	COCONUT:(CNP0404506);KNApSAcK:(3020);Natural Products:(UNPD141776);PubChem:(130654 442545 11275563 23258849 119026151);SuperNatural:(SN00317716);CHEBI:(901);MeSH:(130654 442545);KEGG:(C09974);PubMed	3178870
129	1	N/A	-364.85719292211076	C10H10O4	[M - H2O + H]+	UNBPACVPFRFNDG	InChI=1S/C10H10O4/c1-5-8(11)3-6-7(9(5)13-2)4-14-10(6)12/h3,11H,4H2,1-2H3	null	CC1=C(C=C2C(=C1OC)COC2=O)O	1.29999995	10921396	COCONUT:(CNP0349135);KNApSAcK:(45405);Natural Products:(UNPD174728);PubChem:(10921396);SuperNatural:(SN00331479)	3178514
130	1	N/A	-365.5217106688364	C10H10O4	[M - H2O + H]+	WAMLPDYUAZSUNU	InChI=1S/C10H10O4/c1-5(11)2-3-6-4-7(12)9-10(14-9)8(6)13/h4,7-10,12-13H,1H3	null	CC(=O)C#CC1=CC(C2C(C1O)O2)O	-1.29999995	132969607	PubChem:(132969607);COCONUT:(CNP0298815)	2097154
131	1	N/A	-366.17366256969154	C10H10O4	[M - H2O + H]+	SEBRJTCSPHILIQ	InChI=1S/C10H10O4/c1-5-7(11)3-6-4-14-10(12)8(6)9(5)13-2/h3,11H,4H2,1-2H3	1(3H)-Isobenzofuranone, 5-hydroxy-7-methoxy-6-methyl-	CC1=C(C=C2COC(=O)C2=C1OC)O	1.29999995	11600840	COCONUT:(CNP0247981);Natural Products:(UNPD97923);PubChem:(11600840)	2129922
132	1	N/A	-366.3154383240405	C10H10O4	[M - H2O + H]+	IWQBULDDQSARRE	InChI=1S/C10H10O4/c11-6-3-1-2-5-9(6)7(12)4-8(13)10(5)14/h1-3,7-8,11-13H,4H2	2,4,5-Trihydroxy-1-tetralone	C1C(C2=C(C=CC=C2O)C(=O)C1O)O	0.0	130653;20977480;23258848;76971677;92449503	COCONUT:(CNP0332272);Natural Products:(UNPD97515);PubChem:(130653 20977480 23258848 76971677 92449503);SuperNatural:(SN00399772);MeSH:(130653 20977480 76971677);PubMed	3178566
133	1	N/A	-367.4678749972753	C10H10O4	[M - H2O + H]+	VAVWPUISYXXUCV	InChI=1S/C10H10O4/c11-7-3-1-6(2-4-7)9-12-5-8-10(13-8)14-9/h1-4,8-11H,5H2	null	C1C2C(O2)OC(O1)C3=CC=C(C=C3)O	0.800000012	129834614	COCONUT:(CNP0354227);PubChem:(129834614);CHEBI:(141302)	2097186
134	1	N/A	-370.2616695794698	C10H10O4	[M - H2O + H]+	JELREGOQGBYVKW	InChI=1S/C10H10O4/c1-5-7(13-2)3-6-4-14-10(12)8(6)9(5)11/h3,11H,4H2,1-2H3	null	CC1=C(C=C2COC(=O)C2=C1O)OC	1.89999998	13963318	COCONUT:(CNP0286363);Natural Products:(UNPD106041);PubChem:(13963318);SuperNatural:(SN00342379);ZINC bio:(ZINC13334982)	3186690
135	1	N/A	-371.9989251643138	C10H10O4	[M - H2O + H]+	KBBSSMZKVMEGDK	InChI=1S/C10H10O4/c1-10(6-9(11)12)13-7-4-2-3-5-8(7)14-10/h2-5H,6H2,1H3,(H,11,12)	2-Methyl-1,3-benzodioxole-2-acetic acid	CC1(OC2=CC=CC=C2O1)CC(=O)O	1.5	20507	PubChem:(20507);PubChem class - safety and toxic	67108866
136	1	N/A	-373.6159395705111	C10H10O4	[M - H2O + H]+	GUCDQYRLEPKXBP	InChI=1S/C10H10O4/c11-5-3-1-2-4-6(5)8(13)10-9(14-10)7(4)12/h1-3,7-13H	null	C1=CC2=C(C(C3C(C2O)O3)O)C(=C1)O	-0.600000024	130036098;130985823	COCONUT:(CNP0323668);Natural Products:(UNPD198717);PubChem:(130036098 130985823)	2129922
137	1	N/A	-374.7762961711881	C10H10O4	[M - H2O + H]+	QBGSYEUMUSQXPP	InChI=1S/C10H10O4/c1-5-6(2)10(14)8(4-12)7(3-11)9(5)13/h3-4,13-14H,1-2H3	3,6-Dihydroxy-4,5-dimethylphthalaldehyde	CC1=C(C(=C(C(=C1O)C=O)C=O)O)C	2.0	3080819	MeSH:(3080819);PubChem:(3080819);PubMed	70
138	1	N/A	-376.0239839835172	C10H10O4	[M - H2O + H]+	NUAKROUEBAHTAU	InChI=1S/C10H10O4/c1-5-8(13-2)3-6-7(9(5)11)4-14-10(6)12/h3,11H,4H2,1-2H3	null	CC1=C(C=C2C(=C1O)COC2=O)OC	1.29999995	85993205	COCONUT:(CNP0222626);Natural Products:(UNPD107486);PubChem:(85993205);SuperNatural:(SN00361102)	3178498
139	1	N/A	-380.5431657678828	C10H10O4	[M - H2O + H]+	QOVAQJFUUCNXQE	InChI=1S/C10H10O4/c11-6-3-1-2-5-7(12)4-8(13)10(14)9(5)6/h1-3,8,10-11,13-14H,4H2	(3R,4R)-3,4,5-trihydroxy-3,4-dihydro-2H-naphthalen-1-one	C1C(C(C2=C(C1=O)C=CC=C2O)O)O	-0.400000006	21637658;23789042;73818281;102057017;130825453	COCONUT:(CNP0343178);Natural Products:(UNPD216258 UNPD32087 UNPD80566);PubChem:(21637658 23789042 73818281 102057017 130825453);SuperNatural:(SN00258212 SN00344639);PubMed	3178562
140	1	N/A	-380.6564191143145	C10H10O4	[M - H2O + H]+	QRAPKMOTXWJWOZ	InChI=1S/C10H10O4/c11-5-7-6-13-9-4-2-1-3-8(9)10(12)14-7/h1-4,7,11H,5-6H2	3-(hydroxymethyl)-2,3-dihydro-1,4-benzodioxepin-5-one	C1C(OC(=O)C2=CC=CC=C2O1)CO	0.899999976	31554	PubChem:(31554);PubChem class - safety and toxic	67108866
141	1	N/A	-381.24229317241014	C10H10O4	[M - H2O + H]+	SLLMHZXMVHNZOR	InChI=1S/C10H10O4/c1-2-7(11)6-3-9-10(4-8(6)12)14-5-13-9/h3-4,12H,2,5H2,1H3	Kakoul	CCC(=O)C1=CC2=C(C=C1O)OCO2	2.0999999	596894	COCONUT:(CNP0242540);KNApSAcK:(51119);Natural Products:(UNPD50891);PubChem:(596894);SuperNatural:(SN00159263);CHEBI:(80841);MeSH:(596894);KEGG:(C16982);PubMed	3178870
142	1	N/A	-381.8531634141533	C10H10O4	[M - H2O + H]+	WIBUSMFVNUWHPI	InChI=1S/C10H10O4/c1-5-2-7-8(10(12)13)3-6(11)4-9(7)14-5/h3-5,11H,2H2,1H3,(H,12,13)	6-hydroxy-2-methyl-2,3-dihydro-1-benzofuran-4-carboxylic acid	CC1CC2=C(C=C(C=C2O1)O)C(=O)O	1.5	21329828;139587282	PubChem:(21329828 139587282);COCONUT:(CNP0355023)	2097154
143	1	N/A	-382.051157310941	C10H10O4	[M - H2O + H]+	FDAOUJHEWGCELW	InChI=1S/C10H10O4/c11-5-4-8-6-2-1-3-7(12)9(6)10(13)14-8/h1-3,8,11-12H,4-5H2	(3R)-7-hydroxy-3-(2-hydroxyethyl)-3H-2-benzofuran-1-one	C1=CC2=C(C(=C1)O)C(=O)OC2CCO	1.29999995	5324649;11008793	COCONUT:(CNP0109043);Natural Products:(UNPD36922);PubChem:(5324649 11008793);SuperNatural:(SN00242849);MeSH:(11008793);PubMed	3178566
144	1	N/A	-383.9284153825025	C10H10O4	[M - H2O + H]+	STSOHAOGZMLWFR	InChI=1S/C10H10O4/c1-5-9(12)6-3-2-4-7(11)8(6)10(13)14-5/h2-5,9,11-12H,1H3	4-hydroxymellein	CC1C(C2=C(C(=CC=C2)O)C(=O)O1)O	1.29999995	169539;10262028;10420140;44445003;75528781;119025905	HMDB:(30765);SuperNatural:(SN00254326 SN00230133 SN00143312 SN00305582);additional;MeSH:(44445003);PubMed;COCONUT:(CNP0244185);KNApSAcK:(119);Natural Products:(UNPD94529 UNPD158458 UNPD109408 UNPD180109);PubChem:(169539 10262028 10420140 44445003 75528781 119025905);CHEBI:(141335);PubChem class - bio and metabolites;PubChem class - safety and toxic;Training Set	87605374
145	1	N/A	-384.5468664462905	C10H10O4	[M - H2O + H]+	HPIFRXWPEZBFHJ	InChI=1S/C10H10O4/c11-6-3-1-2-5-9(6)7(12)4-8(13)10(5)14/h1-3,8,10-11,13-14H,4H2	(3S,4S)-3,4,8-trihydroxytetralin-1-one	C1C(C(C2=C(C1=O)C(=CC=C2)O)O)O	0.100000001	14138743;14138744;21769465;42612830;101997917;102424649	COCONUT:(CNP0204009);Natural Products:(UNPD57216 UNPD176875 UNPD41226);PubChem:(14138743 14138744 21769465 42612830 101997917 102424649);SuperNatural:(SN00272292 SN00274521 SN00143346);PubMed;KEGG Mine	8593113154
146	1	N/A	-392.3793402831579	C10H10O4	[M - H2O + H]+	YCQNBUUXBNUQHS	InChI=1S/C10H10O4/c11-9(12)7-1-3-8(4-2-7)10(13)5-14-6-10/h1-4,13H,5-6H2,(H,11,12)	null	C1C(CO1)(C2=CC=C(C=C2)C(=O)O)O	0.0	68291681	PubChem:(68291681);PubChem class - safety and toxic	67108866
147	1	N/A	-394.16387429640076	C10H10O4	[M - H2O + H]+	RTWVXIIKUFSDJB	InChI=1S/C10H10O4/c11-6-1-5-2-7(12)4-9(14)10(5)8(13)3-6/h1,3,7,11-13H,2,4H2	Scytalone	C1C(CC(=O)C2=C1C=C(C=C2O)O)O	0.899999976	162567;439309;3477029	COCONUT:(CNP0385108);Natural Products:(UNPD166069 UNPD22106);PubChem:(162567 439309 3477029);SuperNatural:(SN00338348 SN00332911);CHEBI:(16945);ZINC bio:(ZINC04082015 ZINC05510929);additional;MeSH:(162567 439309 3477029);KEGG:(C00779);PubMed;Biocyc:(CPD-56)	3713382
148	1	N/A	-395.8532112454798	C10H10O4	[M - H2O + H]+	OEVSVHJSZJTZDW	InChI=1S/C10H10O4/c1-5(11)9-6-3-2-4-7(12)8(6)10(13)14-9/h2-5,9,11-12H,1H3	1(3H)-Isobenzofuranone, 7-hydroxy-3-(1-hydroxyethyl)-, (-)-	CC(C1C2=C(C(=CC=C2)O)C(=O)O1)O	1.29999995	11542924	COCONUT:(CNP0212331);Natural Products:(UNPD165112);PubChem:(11542924);SuperNatural:(SN00353766)	3178498
149	1	N/A	-398.77324940347546	C10H10O4	[M - H2O + H]+	JQZALCBYHVNZHT	InChI=1S/C10H10O4/c1-5-2-6-3-8(11)9(12)4-7(6)10(13)14-5/h3-5,11-12H,2H2,1H3	null	CC1CC2=CC(=C(C=C2C(=O)O1)O)O	1.5	130033062	COCONUT:(CNP0207219);Natural Products:(UNPD169277);PubChem:(130033062);SuperNatural:(SN00240948)	3178498
150	1	N/A	-399.4340975736474	C10H10O4	[M - H2O + H]+	BVWCZKFEARXFOE	InChI=1S/C10H10O4/c11-5-7-4-6-2-1-3-8(12)9(6)10(13)14-7/h1-3,7,11-12H,4-5H2	null	C1C(OC(=O)C2=C1C=CC=C2O)CO	1.39999998	139588534	PubChem:(139588534);COCONUT:(CNP0332033)	2097154
151	1	N/A	-400.5808804611155	C10H10O4	[M - H2O + H]+	MVRQPBMJXSNAHE	InChI=1S/C10H10O4/c1-5(11)7-3-8-6(2-9(7)12)4-14-10(8)13/h2-3,5,11-12H,4H2,1H3	null	CC(C1=C(C=C2COC(=O)C2=C1)O)O	1.10000002	101910505	PubChem:(101910505);COCONUT:(CNP0356811)	2097154
152	1	N/A	-403.1835719837961	C10H10O4	[M - H2O + H]+	OXMQYBQLAILBAF	InChI=1S/C10H10O4/c1-4-6-3-14-10(13)7(6)9(12)5(2)8(4)11/h11-12H,3H2,1-2H3	null	CC1=C2COC(=O)C2=C(C(=C1O)C)O	1.89999998	86136221	COCONUT:(CNP0288269);Natural Products:(UNPD89775);PubChem:(86136221);SuperNatural:(SN00397833);PubChem class - bio and metabolites;PubMed;Biocyc:(CPD-17317)	19957826
153	1	N/A	-403.5635162215494	C10H10O4	[M - H2O + H]+	DHLPMLVSBRRUGA	InChI=1S/C10H10O4/c1-5-2-6-3-7(11)4-8(12)9(6)10(13)14-5/h3-5,11-12H,2H2,1H3	6-Hydroxymellein	CC1CC2=C(C(=CC(=C2)O)O)C(=O)O1	2.0999999	172675;439718;14353462	SuperNatural:(SN00006867 SN00332714);ZINC bio:(ZINC04095848 ZINC06495304);MeSH:(172675);Plantcyc:(6-HYDROXYMELLEIN);PubMed;COCONUT:(CNP0395266);KNApSAcK:(554);Natural Products:(UNPD91786 UNPD168924);PubChem:(172675 439718 14353462);CHEBI:(16368);PubChem class - bio and metabolites;KEGG:(C02379);Biocyc:(6-HYDROXYMELLEIN)	20097398
154	1	N/A	-403.87969457384844	C10H10O4	[M - H2O + H]+	PLMBFVOFAXJSSW	InChI=1S/C10H10O4/c11-9(12)5-6-1-2-8-7(10(6)13)3-4-14-8/h3-4,6H,1-2,5H2,(H,11,12)	2-(4-oxo-6,7-dihydro-5H-1-benzofuran-5-yl)acetic acid	C1CC2=C(C=CO2)C(=O)C1CC(=O)O	0.699999988	11830302;93234272;93234273	PubChem:(11830302 93234272 93234273);PubChem class - safety and toxic	67108866
155	1	N/A	-405.6310110251505	C10H10O4	[M - H2O + H]+	NNADFONXCWKMRA	InChI=1S/C10H10O4/c1-5-4-6-2-3-7(11)9(12)8(6)10(13)14-5/h2-3,5,11-12H,4H2,1H3	1H-2-Benzopyran-1-one, 3,4-dihydro-7,8-dihydroxy-3-methyl-	CC1CC2=C(C(=C(C=C2)O)O)C(=O)O1	2.0999999	15677562;130776091;130779739	COCONUT:(CNP0187546);Natural Products:(UNPD117405 UNPD41651);PubChem:(15677562 130776091 130779739);SuperNatural:(SN00143341 SN00364353);PubMed	3178562
156	1	N/A	-405.7078582461026	C10H10O4	[M - H2O + H]+	VIORJHPCHINTKE	InChI=1S/C10H10O4/c11-5-1-2-6(12)10-8(14)4-3-7(13)9(5)10/h1-2,7,11-13H,3-4H2	null	C1CC(=O)C2=C(C=CC(=C2C1O)O)O	0.800000012	10921397;46239261;53495986	COCONUT:(CNP0222888);Natural Products:(UNPD12938);PubChem:(10921397 46239261 53495986);SuperNatural:(SN00257825);PubMed;KEGG Mine	8593113154
157	1	N/A	-407.36486384990866	C10H10O4	[M - H2O + H]+	AIJQFRIMFUSUEZ	InChI=1S/C10H10O4/c1-5-10-6(3-9(13)14-5)2-7(11)4-8(10)12/h2,4-5,11-12H,3H2,1H3	6,8-dihydroxy-1-methyl-1,4-dihydroisochromen-3-one	CC1C2=C(CC(=O)O1)C=C(C=C2O)O	1.0	15470977	COCONUT:(CNP0186999);Natural Products:(UNPD117637);PubChem:(15470977);SuperNatural:(SN00291831)	3178498
158	1	N/A	-408.6424243694856	C10H10O4	[M - H2O + H]+	RAWBOGKVAAFNEW	InChI=1S/C10H10O4/c1-6-10-8(14-10)4-2-7(11)3-5-9(12)13-6/h2-6,8,10H,1H3	pyrenolide A	CC1C2C(O2)C=CC(=O)C=CC(=O)O1	0.400000006	6440482;20839481;44576041;139586081	COCONUT:(CNP0238809);Natural Products:(UNPD172977);PubChem:(6440482 20839481 44576041 139586081)	2129922
159	1	N/A	-408.6809351393463	C10H10O4	[M - H2O + H]+	QJSBDHNFEOLVCI	InChI=1S/C10H10O4/c1-2-7-8-5(11)3-4-6(12)9(8)10(13)14-7/h3-4,7,11-12H,2H2,1H3	1(3H)-Isobenzofuranone, 3-ethyl-4,7-dihydroxy-	CCC1C2=C(C=CC(=C2C(=O)O1)O)O	2.0999999	71409663	COCONUT:(CNP0315992);Natural Products:(UNPD75373);PubChem:(71409663);SuperNatural:(SN00249607)	3178498
160	1	N/A	-412.4735802791969	C10H10O4	[M - H2O + H]+	DCRGULRFFRBGTR	InChI=1S/C10H10O4/c1-5-3-4-6(11)8-7(5)9(12)10(2,13)14-8/h3-4,11,13H,1-2H3	Enalin A	CC1=C2C(=C(C=C1)O)OC(C2=O)(C)O	1.10000002	636514;12084864	COCONUT:(CNP0256936);KNApSAcK:(34497);Natural Products:(UNPD135090);PubChem:(636514 12084864);SuperNatural:(SN00266317);MeSH:(12084864);PubMed	3178582
161	1	N/A	-414.2174606872575	C10H10O4	[M - H2O + H]+	PKYBFGVAQQQADR	InChI=1S/C10H10O4/c1-10(13)9(12)6-3-2-4-8(11)7(6)5-14-10/h2-4,11,13H,5H2,1H3	null	CC1(C(=O)C2=C(CO1)C(=CC=C2)O)O	0.400000006	101883286;139583289	PubChem:(101883286 139583289);COCONUT:(CNP0222672)	2097154
162	1	N/A	-419.6038780878762	C10H10O4	[M - H2O + H]+	YIIXGDYMMKWBPB	InChI=1S/C10H10O4/c11-5-3-6-7(12)1-2-8(13)10(6)9(14)4-5/h3-4,7,11-12,14H,1-2H2	6-hydroxy-isosclerone	C1CC(=O)C2=C(C1O)C=C(C=C2O)O	0.800000012	44585560;75052576;129834663	COCONUT:(CNP0285884);Natural Products:(UNPD155175 UNPD2582);PubChem:(44585560 75052576 129834663);SuperNatural:(SN00336212 SN00341776);PubMed	3178562
163	1	N/A	-420.5019950214176	C10H10O4	[M - H2O + H]+	TYQPFQRKZPTHKH	InChI=1S/C10H10O4/c11-5-1-2-6(12)9(5)10-7(13)3-4-8(10)14/h11,13H,1-4H2	null	C1CC(=O)C(=C1O)C2=C(CCC2=O)O	0.389150023	""	COCONUT:(CNP0295283);Natural Products:(UNPD165300)	2129920
164	1	N/A	-425.7897695034627	C10H10O4	[M - H2O + H]+	OYNVCZYCJBELMQ	InChI=1S/C10H10O4/c1-5-4-6-7(11)2-3-8(12)9(6)10(13)14-5/h2-3,5,11-12H,4H2,1H3	null	CC1CC2=C(C=CC(=C2C(=O)O1)O)O	2.0999999	14779567;10442609;131020789	COCONUT:(CNP0165793);Natural Products:(UNPD167520 UNPD30943);PubChem:(14779567 10442609 131020789);SuperNatural:(SN00276958 SN00143340);PubMed	3178562
165	1	N/A	-429.6359854508123	C10H10O4	[M - H2O + H]+	ZWGNATRKDFUMPV	InChI=1S/C10H10O4/c1-5-3-7(11)9-8(13-5)4-6(2)14-10(9)12/h4-5H,3H2,1-2H3	2,7-dimethyl-2,3-dihydropyrano[3,2-c]pyran-4,5-dione	CC1CC(=O)C2=C(O1)C=C(OC2=O)C	1.0	99062	PubChem:(99062);PubChem class - safety and toxic	67108866
166	1	N/A	-431.05484732391744	C10H10O4	[M - H2O + H]+	PSHGBKDLSXUEFM	InChI=1S/C10H10O4/c1-3-4-10-7(11)5-6(13-2)8(12)9(10)14-10/h3-5,9H,1-2H3	null	CC=CC12C(O1)C(=O)C(=CC2=O)OC	0.600000024	102190223	COCONUT:(CNP0289772);Natural Products:(UNPD223353);PubChem:(102190223)	2129922
167	1	N/A	-431.9694455530189	C10H10O4	[M - H2O + H]+	RDTZWOOKIBKFCJ	InChI=1S/C10H10O4/c1-5-8(10(12)13)9-6(11)3-2-4-7(9)14-5/h2-4H2,1H3,(H,12,13)	2-methyl-4-oxo-4,5,6,7-tetrahydrobenzofuran-3-carboxylic acid	CC1=C(C2=C(O1)CCCC2=O)C(=O)O	1.0	28607143	COCONUT:(CNP0045366 CNP0344440);PubChem:(28607143);SuperNatural:(SN00094466);ZINC bio:(ZINC20082938)	3153922
168	1	N/A	-433.38542303944877	C10H10O4	[M - H2O + H]+	MZNDBUPBPVNTQD	InChI=1S/C10H10O4/c11-4-8-2-6-1-7(12)3-10(13)9(6)5-14-8/h1-3,11-13H,4-5H2	null	C1C2=C(C=C(C=C2O)O)C=C(O1)CO	0.753710926	""	COCONUT:(CNP0090912);SuperNatural:(SN00029080)	3145728
169	1	N/A	-437.35946394264295	C10H10O4	[M - H2O + H]+	WKKNTWOZLCCKIR	InChI=1S/C10H10O4/c1-5-3-7(11)9-8(13-5)4-6(2)14-10(9)12/h3,6H,4H2,1-2H3	2,7-dimethyl-7,8-dihydropyrano[4,3-b]pyran-4,5-dione	CC1CC2=C(C(=O)C=C(O2)C)C(=O)O1	1.0	206179	PubChem:(206179);PubChem class - safety and toxic	67108866
170	1	N/A	-438.1408772496456	C10H10O4	[M - H2O + H]+	SDGOMJUKDHSPPU	InChI=1S/C10H10O4/c1-10(13)5-6-3-2-4-7(11)8(6)9(12)14-10/h2-4,11,13H,5H2,1H3	3,8-dihydroxy-3-methyl-4H-isochromen-1-one	CC1(CC2=C(C(=CC=C2)O)C(=O)O1)O	1.70000005	93142;92203205;92203206	COCONUT:(CNP0290565);Natural Products:(UNPD17268);PubChem class - safety and toxic;PubChem:(93142 92203205 92203206);SuperNatural:(SN00344085)	70287362
171	1	N/A	-441.03564037237794	C10H10O4	[M - H2O + H]+	UIUICYCXZXXMKB	InChI=1S/C10H10O4/c11-7-1-2-8(12)10(9(7)14-10)4-3-6-5-13-6/h1-2,6-9,11-12H,5H2	null	C1C(O1)C#CC23C(C=CC(C2O3)O)O	-1.60000002	44255329;74976334	COCONUT:(CNP0333786);KNApSAcK:(48137);Natural Products:(UNPD99598);PubChem:(44255329 74976334)	2129938
172	1	N/A	-453.951923623473	C10H10O4	[M - H2O + H]+	DBVDPKVOHHNTRU	InChI=1S/C10H10O4/c1-5-2-7(12)10-8(13)3-6(11)4-9(10)14-5/h3-5,11,13H,2H2,1H3	4H-1-Benzopyran-4-one, 2,3-dihydro-5,7-dihydroxy-2-methyl-	CC1CC(=O)C2=C(C=C(C=C2O1)O)O	1.60000002	14033631;11805589;57855346	COCONUT:(CNP0112211);Natural Products:(UNPD30137);PubChem:(14033631 11805589 57855346);SuperNatural:(SN00281999);ZINC bio:(ZINC13459757 ZINC13459759);KEGG Mine	8593121282
173	1	N/A	-462.9824078964948	C10H10O4	[M - H2O + H]+	CYXPOLJZVSSCOT	InChI=1S/C10H10O4/c1-6-8(4-11)7-2-3-13-10(12)9(7)5-14-6/h4-6H,2-3H2,1H3	3-methyl-8-oxo-5,6-dihydro-3H-pyrano[3,4-c]pyran-4-carbaldehyde	CC1C(=C2CCOC(=O)C2=CO1)C=O	-0.100000001	159036	COCONUT:(CNP0242079);Natural Products:(UNPD23066);PubChem:(159036);SuperNatural:(SN00248655)	3178498
174	1	N/A	-473.8987585726106	C10H10O4	[M - H2O + H]+	ZNVGYHOBTCWGTO	InChI=1S/C10H10O4/c1-5-3-6(11)4-7-8(5)9(12)10(2,13)14-7/h3-4,11,13H,1-2H3	null	CC1=CC(=CC2=C1C(=O)C(O2)(C)O)O	1.10000002	130034884	COCONUT:(CNP0291580);Natural Products:(UNPD127091);PubChem:(130034884);SuperNatural:(SN00382052)	3178498
175	1	N/A	-480.9016354624936	C10H10O4	[M - H2O + H]+	XEBVLIGPNNLVIR	InChI=1S/C10H10O4/c1-6(11)7-5-9(12)14-10(7)8-3-2-4-13-8/h2-4,7,10H,5H2,1H3	4-acetyl-5-(furan-2-yl)oxolan-2-one	CC(=O)C1CC(=O)OC1C2=CC=CO2	0.100000001	3021205;21789891;71428894	PubChem:(3021205 21789891 71428894);PubChem class - safety and toxic	67108866
176	1	N/A	-496.39625822802515	C10H10O4	[M - H2O + H]+	YWQUGOPHOBRANF	InChI=1S/C10H10O4/c1-2-6-7-3-4-13-10(12)8(7)5-14-9(6)11/h2-3,5-6,9,11H,1,4H2	null	C=CC1C(OC=C2C1=CCOC2=O)O	0.692721665	""	COCONUT:(CNP0189244);KEGG Mine	8592031744
177	1	N/A	-502.1660043454691	C10H10O4	[M - H2O + H]+	CZNAGSOSJIGERX	InChI=1S/C10H10O4/c1-13-8-6-7(11)2-4-10(8)5-3-9(12)14-10/h2,4,6H,3,5H2,1H3	10-methoxy-4-oxaspiro[4.5]deca-6,9-diene-3,8-dione	COC1=CC(=O)C=CC12CCC(=O)O2	0.100000001	2755076;7173665;7173666	COCONUT:(CNP0026232);PubChem:(2755076 7173665 7173666);SuperNatural:(SN00130678 SN00130679);ZINC bio:(ZINC04293456 ZINC04293457)	3153922