structureRankPerFormula	formulaRank	ConfidenceScore	CSI:FingerIDScore	molecularFormula	adduct	InChIkey2D	InChI	name	smiles	xlogp	pubchemids	links	dbflags
1	1	0.17482108242039	-29.400152626195062	C37H64O5	[M + Na]+	OSJZKMLDRVKCSL	InChI=1S/C37H64O5/c1-3-5-7-9-11-13-15-16-17-18-19-20-22-23-25-27-29-31-36(39)41-34-35(33-38)42-37(40)32-30-28-26-24-21-14-12-10-8-6-4-2/h5,7,11,13,16-17,19-20,35,38H,3-4,6,8-10,12,14-15,18,21-34H2,1-2H3	Diacylglycerol(20:4n3/14:0)	CCCCCCCCCCCCCC(=O)OC(CO)COC(=O)CCCCCCC=CCC=CCC=CCC=CCC	12.1000004	53478308	COCONUT:(CNP0248194);HMDB:(7530);PubChem:(53478308);SuperNatural:(SN00217365);YMDB Mine;CHEBI:(89664);PubChem class - bio and metabolites;Lipid:(DG(18:4_16:0))	38674628650
2	1	N/A	-31.228440157252276	C37H64O5	[M + Na]+	VAWMHRKGQOLSLO	InChI=1S/C37H64O5/c1-3-5-7-9-11-13-15-16-17-18-19-20-22-24-26-28-30-32-37(40)42-35(33-38)34-41-36(39)31-29-27-25-23-21-14-12-10-8-6-4-2/h5,7,11,13,16-17,19-20,35,38H,3-4,6,8-10,12,14-15,18,21-34H2,1-2H3	Diacylglycerol(14:0/20:4n3)	CCCCCCCCCCCCCC(=O)OCC(CO)OC(=O)CCCCCCC=CCC=CCC=CCC=CCC	12.1000004	53477961;138277344	COCONUT:(CNP0084731);HMDB:(7026);PubChem:(53477961 138277344);SuperNatural:(SN00216867);YMDB Mine;CHEBI:(88803);PubChem class - bio and metabolites;Lipid:(DG(18:4_16:0))	38674628650
3	1	N/A	-31.526768632665462	C37H64O5	[M + Na]+	CDEBMQMYQOXDIK	InChI=1S/C37H64O5/c1-3-5-7-9-11-13-15-17-18-20-21-23-25-27-29-31-36(39)41-34-35(33-38)42-37(40)32-30-28-26-24-22-19-16-14-12-10-8-6-4-2/h5,7,11,13,17-18,21,23,35,38H,3-4,6,8-10,12,14-16,19-20,22,24-34H2,1-2H3	Diacylglycerol(18:4/16:0)	CCCCCCCCCCCCCCCC(=O)OC(CO)COC(=O)CCCCC=CCC=CCC=CCC=CCC	12.1000004	53478159;134723400	COCONUT:(CNP0234033);HMDB:(7330);PubChem:(53478159 134723400);SuperNatural:(SN00217165);YMDB Mine;CHEBI:(88981);PubChem class - bio and metabolites;Lipid:(DG(18:4_16:0))	38674628650
4	1	N/A	-32.895630418601975	C37H64O5	[M + Na]+	SKFOPGGYQYBFCU	InChI=1S/C37H64O5/c1-3-5-7-9-11-13-15-16-17-18-19-20-22-23-25-27-29-31-36(39)41-34-35(33-38)42-37(40)32-30-28-26-24-21-14-12-10-8-6-4-2/h10-13,16-17,19-20,35,38H,3-9,14-15,18,21-34H2,1-2H3	Diacylglycerol(20:3n6/14:1n5)	CCCCCC=CCC=CCC=CCCCCCCC(=O)OCC(CO)OC(=O)CCCCCCCC=CCCCC	11.8999996	53478268;134766926	COCONUT:(CNP0084137);HMDB:(7473);PubChem:(53478268 134766926);SuperNatural:(SN00217308);YMDB Mine;CHEBI:(89789);PubChem class - bio and metabolites;Lipid:(DG(18:4_16:0))	38674628650
5	1	N/A	-33.35505616372281	C37H64O5	[M + Na]+	KDNUYTRUCDQVPP	InChI=1S/C37H64O5/c1-3-5-7-9-11-13-15-17-18-20-22-24-26-28-30-32-37(40)42-35(33-38)34-41-36(39)31-29-27-25-23-21-19-16-14-12-10-8-6-4-2/h5,7,11,13,17-18,22,24,35,38H,3-4,6,8-10,12,14-16,19-21,23,25-34H2,1-2H3	Diacylglycerol(16:0/18:4)	CCCCCCCCCCCCCCCC(=O)OCC(CO)OC(=O)CCCCC=CCC=CCC=CCC=CCC	12.1000004	53478027;134743364;138192386	COCONUT:(CNP0084943);HMDB:(7106);PubChem:(53478027 134743364 138192386);SuperNatural:(SN00216945);YMDB Mine;CHEBI:(88451);PubChem class - bio and metabolites;Lipid:(DG(18:4_16:0))	38674628650
6	1	N/A	-34.10978228199754	C37H64O5	[M + Na]+	WTCFWLQVTFTUDM	InChI=1S/C37H64O5/c1-3-5-7-9-11-13-15-17-18-20-21-23-25-27-29-31-36(39)41-34-35(33-38)42-37(40)32-30-28-26-24-22-19-16-14-12-10-8-6-4-2/h5,7,11,13-14,16-18,35,38H,3-4,6,8-10,12,15,19-34H2,1-2H3	Diacylglycerol(18:3n3/16:1n7)	CCCCCCC=CCCCCCCCC(=O)OC(CO)COC(=O)CCCCCCCC=CCC=CCC=CCC	11.8999996	53478144;117846520;121434218;134777047	COCONUT:(CNP0280695);HMDB:(7302);PubChem:(53478144 117846520 121434218 134777047);SuperNatural:(SN00217137);YMDB Mine;CHEBI:(89258);PubChem class - bio and metabolites;Lipid:(DG(18:4_16:0))	38674628650
7	1	N/A	-34.10978228199754	C37H64O5	[M + Na]+	UUPFPLJLQPYEKS	InChI=1S/C37H64O5/c1-3-5-7-9-11-13-15-17-18-20-22-24-26-28-30-32-37(40)42-35(33-38)34-41-36(39)31-29-27-25-23-21-19-16-14-12-10-8-6-4-2/h5,7,11,13-14,16-18,35,38H,3-4,6,8-10,12,15,19-34H2,1-2H3	Diacylglycerol(16:1n7/18:3n3)	CCCCCCC=CCCCCCCCC(=O)OCC(CO)OC(=O)CCCCCCCC=CCC=CCC=CCC	11.8999996	9543703;134771718;138275375	COCONUT:(CNP0084911);HMDB:(7134);PubChem:(9543703 134771718 138275375);SuperNatural:(SN00216973);YMDB Mine;CHEBI:(88497);PubChem class - bio and metabolites;Lipid:(DG(18:4_16:0))	38674628650
8	1	N/A	-34.72391794965922	C37H64O5	[M + Na]+	IUUIEXFKBNBZAX	InChI=1S/C37H64O5/c1-3-5-7-9-11-13-15-16-17-18-19-20-22-24-26-28-30-32-37(40)42-35(33-38)34-41-36(39)31-29-27-25-23-21-14-12-10-8-6-4-2/h10-13,16-17,19-20,35,38H,3-9,14-15,18,21-34H2,1-2H3	Diacylglycerol(14:1n5/20:3n6)	CCCCCC=CCC=CCC=CCCCCCCC(=O)OC(CO)COC(=O)CCCCCCCC=CCCCC	11.8999996	53477988;134739502	COCONUT:(CNP0084776);HMDB:(7053);PubChem:(53477988 134739502);SuperNatural:(SN00216893);YMDB Mine;CHEBI:(88722);PubChem class - bio and metabolites;Lipid:(DG(18:4_16:0))	38674628650
9	1	N/A	-37.374215123673416	C37H64O5	[M + Na]+	NMSWJOWPISSOTH	InChI=1S/C37H64O5/c1-3-5-7-9-11-13-15-17-18-20-21-23-25-27-29-31-36(39)41-34-35(33-38)42-37(40)32-30-28-26-24-22-19-16-14-12-10-8-6-4-2/h11,13-14,16-18,21,23,35,38H,3-10,12,15,19-20,22,24-34H2,1-2H3	Diacylglycerol(18:3n6/16:1n7)	CCCCCCC=CCCCCCCCC(=O)OC(CO)COC(=O)CCCCC=CCC=CCC=CCCCCC	11.8999996	53478116	COCONUT:(CNP0084506);HMDB:(7273);PubChem:(53478116);SuperNatural:(SN00217108);YMDB Mine;CHEBI:(89167);PubChem class - bio and metabolites;Lipid:(DG(18:4_16:0))	38674628650
10	1	N/A	-39.20250265473061	C37H64O5	[M + Na]+	ALRUJMSZDYDUJX	InChI=1S/C37H64O5/c1-3-5-7-9-11-13-15-17-18-20-22-24-26-28-30-32-37(40)42-35(33-38)34-41-36(39)31-29-27-25-23-21-19-16-14-12-10-8-6-4-2/h11,13-14,16-18,22,24,35,38H,3-10,12,15,19-21,23,25-34H2,1-2H3	Diacylglycerol(16:1n7/18:3n6)	CCCCCCC=CCCCCCCCC(=O)OCC(CO)OC(=O)CCCCC=CCC=CCC=CCCCCC	11.8999996	53478038	COCONUT:(CNP0291456);HMDB:(7133);PubChem:(53478038);SuperNatural:(SN00216972);YMDB Mine;CHEBI:(88502);PubChem class - bio and metabolites;Lipid:(DG(18:4_16:0))	38674628650
11	1	N/A	-47.422149051276314	C37H64O5	[M + Na]+	WLMAJIZBTUHGQH	InChI=1S/C37H64O5/c1-3-5-7-9-11-13-15-16-17-18-19-20-22-24-26-28-30-32-37(40)42-34-35(38)33-41-36(39)31-29-27-25-23-21-14-12-10-8-6-4-2/h5,7,11,13,16-17,19-20,35,38H,3-4,6,8-10,12,14-15,18,21-34H2,1-2H3	null	CCCCCCCCCCCCCC(=O)OCC(COC(=O)CCCCCCC=CCC=CCC=CCC=CCC)O	12.1000004	131801709	PubChem:(131801709);HMDB:(55977)	10
12	1	N/A	-49.548765057746735	C37H64O5	[M + Na]+	PDKYQAJNXSTAOZ	InChI=1S/C37H64O5/c1-3-5-7-9-11-13-15-17-18-20-22-24-26-28-30-32-37(40)42-34-35(38)33-41-36(39)31-29-27-25-23-21-19-16-14-12-10-8-6-4-2/h5,7,11,13,17-18,22,24,35,38H,3-4,6,8-10,12,14-16,19-21,23,25-34H2,1-2H3	null	CCCCCCCCCCCCCCCC(=O)OCC(COC(=O)CCCCC=CCC=CCC=CCC=CCC)O	12.1000004	131801753	PubChem:(131801753);HMDB:(56031)	10
13	1	N/A	-51.50648402993456	C37H64O5	[M + Na]+	KBYRTZWNKBDCRG	InChI=1S/C37H64O5/c1-3-5-7-9-11-13-15-17-18-20-22-24-26-28-30-32-37(40)42-34-35(38)33-41-36(39)31-29-27-25-23-21-19-16-14-12-10-8-6-4-2/h5,7,11,13,17-19,21,35,38H,3-4,6,8-10,12,14-16,20,22-34H2,1-2H3	null	CCCCCCCCC=CCCCCCC(=O)OCC(COC(=O)CCCCCCCC=CCC=CCC=CCC)O	11.8999996	131801881	PubChem:(131801881);HMDB:(56171)	10
14	1	N/A	-54.41034365516919	C37H64O5	[M + Na]+	IWFGCEFHVOYIJT	InChI=1S/C37H64O5/c1-3-5-7-9-11-13-15-16-17-18-19-20-22-24-26-28-30-32-37(40)42-35(33-38)34-41-36(39)31-29-27-25-23-21-14-12-10-8-6-4-2/h10,12,16-17,19-20,24,26,35,38H,3-9,11,13-15,18,21-23,25,27-34H2,1-2H3	Diacylglycerol(14:1n5/20:3n9)	CCCCCCCCC=CCC=CCC=CCCCC(=O)OC(CO)COC(=O)CCCCCCCC=CCCCC	11.8999996	53477987	COCONUT:(CNP0231651);HMDB:(7052);PubChem:(53477987);SuperNatural:(SN00216892);YMDB Mine;CHEBI:(88724);PubChem class - bio and metabolites;Lipid:(DG(18:4_16:0))	38674628650
15	1	N/A	-57.01333133564878	C37H64O5	[M + Na]+	ZPMRPNXEEGOUEF	InChI=1S/C37H64O5/c1-3-5-7-9-11-13-15-16-17-18-19-20-22-23-25-27-29-31-36(39)41-34-35(33-38)42-37(40)32-30-28-26-24-21-14-12-10-8-6-4-2/h10,12,16-17,19-20,23,25,35,38H,3-9,11,13-15,18,21-22,24,26-34H2,1-2H3	Diacylglycerol(20:3n9/14:1n5)	CCCCCCCCC=CCC=CCC=CCCCC(=O)OCC(CO)OC(=O)CCCCCCCC=CCCCC	11.8999996	53478239	COCONUT:(CNP0393772);HMDB:(7444);PubChem:(53478239);SuperNatural:(SN00217279);YMDB Mine;CHEBI:(89051);PubChem class - bio and metabolites;Lipid:(DG(18:4_16:0))	38674628650
16	1	N/A	-58.627818699283814	C37H64O5	[M + Na]+	XZSLGDUWWJDYCA	InChI=1S/C37H64O5/c1-3-5-7-9-11-13-15-17-18-20-22-24-26-28-30-32-37(40)42-34-35(38)33-41-36(39)31-29-27-25-23-21-19-16-14-12-10-8-6-4-2/h11,13,17-19,21-22,24,35,38H,3-10,12,14-16,20,23,25-34H2,1-2H3	null	CCCCCCCCC=CCCCCCC(=O)OCC(COC(=O)CCCCC=CCC=CCC=CCCCCC)O	11.8999996	131801874	PubChem:(131801874);HMDB:(56164)	10
17	1	N/A	-64.13483024873123	C37H64O5	[M + Na]+	WUAKTBJJBHNDEY	InChI=1S/C37H64O5/c1-3-5-7-9-11-13-15-16-17-18-19-20-22-24-26-28-30-32-37(40)42-35(33-38)34-41-36(39)31-29-27-25-23-21-14-12-10-8-6-4-2/h11,13,16-17,19-20,24,26,35,38H,3-10,12,14-15,18,21-23,25,27-34H2,1-2H3	Diacylglycerol(14:0/20:4n6)	CCCCCCCCCCCCCC(=O)OCC(CO)OC(=O)CCCC=CCC=CCC=CCC=CCCCCC	12.1000004	53477960;134777153	COCONUT:(CNP0240350);HMDB:(7025);PubChem:(53477960 134777153);SuperNatural:(SN00216866);YMDB Mine;CHEBI:(88804);PubChem class - bio and metabolites;Lipid:(DG(18:4_16:0))	38674628650
18	1	N/A	-66.6575717556889	C37H64O5	[M + Na]+	LXAWSKNWHHKAKC	InChI=1S/C37H64O5/c1-3-5-7-9-11-13-15-16-17-18-19-20-22-24-26-28-30-32-37(40)42-34-35(38)33-41-36(39)31-29-27-25-23-21-14-12-10-8-6-4-2/h11,13,16-17,19-20,23,25,35,38H,3-10,12,14-15,18,21-22,24,26-34H2,1-2H3	null	CCCCCCCCC=CCCCC(=O)OCC(COC(=O)CCCCCCC=CCC=CCC=CCCCCC)O	11.8999996	131801855	PubChem:(131801855);HMDB:(56145)	10
19	1	N/A	-66.73781792921072	C37H64O5	[M + Na]+	JJXZMRRQULHJIN	InChI=1S/C37H64O5/c1-3-5-7-9-11-13-15-16-17-18-19-20-22-23-25-27-29-31-36(39)41-34-35(33-38)42-37(40)32-30-28-26-24-21-14-12-10-8-6-4-2/h11,13,16-17,19-20,23,25,35,38H,3-10,12,14-15,18,21-22,24,26-34H2,1-2H3	Diacylglycerol(20:4n6/14:0)	CCCCCCCCCCCCCC(=O)OC(CO)COC(=O)CCCC=CCC=CCC=CCC=CCCCCC	12.1000004	53478287;134741197	COCONUT:(CNP0354008);HMDB:(7501);PubChem:(53478287 134741197);SuperNatural:(SN00217336);YMDB Mine;CHEBI:(89683);PubChem class - bio and metabolites;Lipid:(DG(18:4_16:0))	38674628650
20	1	N/A	-74.88771401167598	C37H64O5	[M + Na]+	JIURWVHBFVDYBH	InChI=1S/C37H64O5/c1-3-5-7-9-11-13-15-16-17-18-19-20-22-24-26-28-30-32-37(40)42-34-35(38)33-41-36(39)31-29-27-25-23-21-14-12-10-8-6-4-2/h11,13,16-17,19-20,24,26,35,38H,3-10,12,14-15,18,21-23,25,27-34H2,1-2H3	null	CCCCCCCCCCCCCC(=O)OCC(COC(=O)CCCC=CCC=CCC=CCC=CCCCCC)O	12.1000004	131801703	PubChem:(131801703);HMDB:(55971)	10
21	1	N/A	-88.57649905221786	C37H64O5	[M + Na]+	IJIAVYVNLRAPAZ	InChI=1S/C37H64O5/c1-3-5-7-9-11-13-15-16-17-18-19-20-22-24-26-28-30-32-37(40)42-34-35(38)33-41-36(39)31-29-27-25-23-21-14-12-10-8-6-4-2/h16-17,19-20,23-26,35,38H,3-15,18,21-22,27-34H2,1-2H3	null	CCCCCCCCC=CCCCC(=O)OCC(COC(=O)CCCC=CCC=CCC=CCCCCCCCC)O	11.8999996	131801849	PubChem:(131801849);HMDB:(56139)	10
22	1	N/A	-202.74812062922075	C37H64O5	[M + Na]+	KCYRZEFVHDREPK	InChI=1S/C37H64O5/c1-3-4-5-6-7-13-16-19-22-31-33(40-31)24-26-35-36(42-35)27-25-34-32(41-34)23-20-17-14-11-9-8-10-12-15-18-21-30-28-29(2)39-37(30)38/h28-29,31-36H,3-27H2,1-2H3	null	CCCCCCCCCCC1C(O1)CCC2C(O2)CCC3C(O3)CCCCCCCCCCCCC4=CC(OC4=O)C	12.1999998	10099916;131753021	COCONUT:(CNP0162381);HMDB:(41092);KNApSAcK:(44363);Natural Products:(UNPD133595 UNPD32972);PubChem:(10099916 131753021);SuperNatural:(SN00304660 SN00341111);PubChem class - bio and metabolites	19955738