structureRankPerFormula	formulaRank	ConfidenceScore	CSI:FingerIDScore	molecularFormula	adduct	InChIkey2D	InChI	name	smiles	xlogp	pubchemids	links	dbflags
1	1	0.1636766148557079	-26.86862071288447	C8H8O4	[M - H2O + H]+	MRIXVKKOHPQOFK	InChI=1S/C8H8O4/c1-12-5-2-3-6(8(10)11)7(9)4-5/h2-4,9H,1H3,(H,10,11)	2-Hydroxy-p-anisic Acid	COC1=CC(=C(C=C1)C(=O)O)O	0.884501636	75231;54694280	HMDB:(131176);SuperNatural:(SN00300710 SN00155212);ZINC bio:(ZINC00162391);additional;PubMed;NORMAN:(NS00014744);COCONUT:(CNP0102420 CNP0182362);Natural Products:(UNPD127906);PubChem:(75231 54694280);YMDB Mine;PubChem class - bio and metabolites;EcoCyc Mine;PubChem class - safety and toxic;Training Set	51627483210
2	1	N/A	-35.76170537331781	C8H8O4	[M - H2O + H]+	IZZIWIAOVZOBLF	InChI=1S/C8H8O4/c1-12-5-2-3-7(9)6(4-5)8(10)11/h2-4,9H,1H3,(H,10,11)	5-Methoxysalicylate	COC1=CC(=C(C=C1)O)C(=O)O	0.884501636	75787;54694270	HMDB:(1868);SuperNatural:(SN00388420);ZINC bio:(ZINC00157039);additional;MeSH:(75787);PubMed;NORMAN:(NS00014758);COCONUT:(CNP0195415);Natural Products:(UNPD168645);PubChem:(75787 54694270);CHEBI:(89830);PubChem class - bio and metabolites;EcoCyc Mine;PubChem class - safety and toxic;Training Set;KEGG Mine	25857679470
3	1	N/A	-36.141443848789905	C8H8O4	[M - H2O + H]+	AMKYESDOVDKZKV	InChI=1S/C8H8O4/c1-4-2-5(9)3-6(10)7(4)8(11)12/h2-3,9-10H,1H3,(H,11,12)	Orsellinate	CC1=CC(=CC(=C1C(=O)O)O)O	1.70000005	68072;54718175	SuperNatural:(SN00383078 SN00001877);ZINC bio:(ZINC00901157);MeSH:(68072);PubMed;NORMAN:(NS00031754);COCONUT:(CNP0026553 CNP0194999);KNApSAcK:(487);Natural Products:(UNPD84208);PubChem:(68072 54718175);CHEBI:(16162 32807);PubChem class - bio and metabolites;EcoCyc Mine;KEGG:(C01839);PubChem class - safety and toxic;Biocyc:(CPD-47)	17267206518
4	1	N/A	-40.136337260189556	C8H8O4	[M - H2O + H]+	AUZQQIPZESHNMG	InChI=1S/C8H8O4/c1-12-6-4-2-3-5(7(6)9)8(10)11/h2-4,9H,1H3,(H,10,11)	o-Vanillic acid	COC1=CC=CC(=C1O)C(=O)O	0.884501636	70140;54716706	HMDB:(59713);SuperNatural:(SN00043607 SN00382219);ZINC bio:(ZINC00162392);additional;MeSH:(70140);PubMed;NORMAN:(NS00014726);COCONUT:(CNP0153479 CNP0252951);Natural Products:(UNPD178325);PubChem:(70140 54716706);CHEBI:(68496);PubChem class - bio and metabolites;EcoCyc Mine;PubChem class - safety and toxic;Training Set;KEGG Mine	25857679470
5	1	N/A	-40.66519303365708	C8H8O4	[M - H2O + H]+	YBZAVRDNSPUMFK	InChI=1S/C8H8O4/c1-4-2-5(9)7(8(11)12)6(10)3-4/h2-3,9-10H,1H3,(H,11,12)	p-Osellinic acid	CC1=CC(=C(C(=C1)O)C(=O)O)O	2.20000005	68074;54706646	NORMAN:(NS00031756);COCONUT:(CNP0244321);Natural Products:(UNPD109811);PubChem:(68074 54706646);SuperNatural:(SN00247852);ZINC bio:(ZINC00391412);additional;PubChem class - safety and toxic;PubMed;KEGG Mine	8661016642
6	1	N/A	-41.73700164866493	C8H8O4	[M - H2O + H]+	KZCSDJKWEYGAIX	InChI=1S/C8H8O4/c1-4-6(9)3-2-5(7(4)10)8(11)12/h2-3,9-10H,1H3,(H,11,12)	3-Methyl-beta-resorcylic acid	CC1=C(C=CC(=C1O)C(=O)O)O	1.70000005	78436	NORMAN:(NS00006639);EcoCyc Mine;PubChem class - safety and toxic;PubChem:(78436);KEGG Mine	25837174786
7	1	N/A	-42.07804101887271	C8H8O4	[M - H2O + H]+	WCQZCKUNZVMBDC	InChI=1S/C8H8O4/c1-12-8(11)7-5(9)3-2-4-6(7)10/h2-4,9-10H,1H3	Methyl 2,6-dihydroxybenzoate	COC(=O)C1=C(C=CC=C1O)O	0.884501636	519869	COCONUT:(CNP0175842);Natural Products:(UNPD123518);PubChem:(519869);YMDB Mine;ZINC bio:(ZINC00396094);PubChem class - safety and toxic;PubMed;KEGG Mine	43018920002
8	1	N/A	-42.65544292559943	C8H8O4	[M - H2O + H]+	YLRJQJWRABXQKQ	InChI=1S/C8H8O4/c1-4-2-5(8(11)12)7(10)3-6(4)9/h2-3,9-10H,1H3,(H,11,12)	5-Methyl-beta-resorcylic acid	CC1=CC(=C(C=C1O)O)C(=O)O	1.70000005	199705	EcoCyc Mine;PubChem class - safety and toxic;PubChem:(199705)	17246978050
9	1	N/A	-42.97523171395349	C8H8O4	[M - H2O + H]+	AAUQLHHARJUJEH	InChI=1S/C8H8O4/c1-12-6-4-2-3-5(9)7(6)8(10)11/h2-4,9H,1H3,(H,10,11)	6-Hydroxy-o-anisic Acid	COC1=CC=CC(=C1C(=O)O)O	0.884501636	591524;54694278	NORMAN:(NS00014767);COCONUT:(CNP0192684);Natural Products:(UNPD18291);PubChem:(591524 54694278);SuperNatural:(SN00386091);ZINC bio:(ZINC00160506);PubChem class - safety and toxic;PubMed	70557762
10	1	N/A	-45.77048739839902	C8H8O4	[M - H2O + H]+	GWYPJBKNXSRAPX	InChI=1S/C8H8O4/c1-12-7-4-5(9)2-3-6(7)8(10)11/h2-4,9H,1H3,(H,10,11)	4-Hydroxy-2-methoxybenzoic acid	COC1=C(C=CC(=C1)O)C(=O)O	0.884501636	12695575;54708241	COCONUT:(CNP0174648 CNP0302772);KNApSAcK:(34769);Natural Products:(UNPD174527);PubChem:(12695575 54708241);SuperNatural:(SN00250192 SN00158458);ZINC bio:(ZINC13481432);EcoCyc Mine;KEGG Mine	25772990482
11	1	N/A	-46.59279906167475	C8H8O4	[M - H2O + H]+	IIFCLXHRIYTHPV	InChI=1S/C8H8O4/c1-12-8(11)6-3-2-5(9)4-7(6)10/h2-4,9-10H,1H3	Methyl beta-resorcylate	COC(=O)C1=C(C=C(C=C1)O)O	0.884501636	16523	NORMAN:(NS00026885);COCONUT:(CNP0316033);Natural Products:(UNPD75412);PubChem:(16523);SuperNatural:(SN00155211);YMDB Mine;ZINC bio:(ZINC00080786);EcoCyc Mine;PubChem class - safety and toxic;PubMed;KEGG Mine	60200099906
12	1	N/A	-47.70477691634137	C8H8O4	[M - H2O + H]+	KMRRXSZDSGYLCD	InChI=1S/C8H8O4/c1-4-6(9)2-5(8(11)12)3-7(4)10/h2-3,9-10H,1H3,(H,11,12)	3,5-dihydroxy-4-methylbenzoate	CC1=C(C=C(C=C1O)C(=O)O)O	1.10000002	2748045;54694273	COCONUT:(CNP0063468);PubChem:(2748045 54694273);SuperNatural:(SN00117488);ZINC bio:(ZINC00157336);additional;EcoCyc Mine;PubChem class - safety and toxic;Training Set	17250672642
13	1	N/A	-52.16072661502215	C8H8O4	[M - H2O + H]+	FZLOTQMQISYYEK	InChI=1S/C8H8O4/c1-4-2-7(10)5(8(11)12)3-6(4)9/h2-3,9-10H,1H3,(H,11,12)	Benzoic acid, 2,5-dihydroxy-4-methyl-	CC1=CC(=C(C=C1O)C(=O)O)O	1.70000005	14402032;102515158	PubChem:(14402032 102515158);ZINC bio:(ZINC13526482);PubChem class - bio and metabolites;EcoCyc Mine;PubMed;Biocyc:(CPD-18272);KEGG Mine	25786591298
14	1	N/A	-60.51355119877201	C8H8O4	[M - H2O + H]+	BQODWKVFKSFKMB	InChI=1S/C8H8O4/c1-4-5(9)2-3-6(10)7(4)8(11)12/h2-3,9-10H,1H3,(H,11,12)	3,6-dihydroxy-2-methylbenzoate	CC1=C(C=CC(=C1C(=O)O)O)O	1.70000005	2752041;54702511	COCONUT:(CNP0026322);PubChem:(2752041 54702511);SuperNatural:(SN00125360);ZINC bio:(ZINC03847160);EcoCyc Mine;KEGG Mine	25772957698
15	1	N/A	-62.16390635078898	C8H8O4	[M - H2O + H]+	ZBVPYEQOYJWSJW	InChI=1S/C8H8O4/c1-4-2-5(9)3-6(7(4)10)8(11)12/h2-3,9-10H,1H3,(H,11,12)	3-methylgentisate	CC1=CC(=CC(=C1O)C(=O)O)O	0.958150148	14402033;54728789	PubChem:(14402033 54728789);ZINC bio:(ZINC13526825);PubChem class - bio and metabolites;EcoCyc Mine;PubMed;Biocyc:(CPD-11245);KEGG Mine	25786591298
16	1	N/A	-62.36933437304522	C8H8O4	[M - H2O + H]+	LBKFGYZQBSGRHY	InChI=1S/C8H8O4/c1-12-7-3-2-5(8(10)11)4-6(7)9/h2-4,9H,1H3,(H,10,11)	isovanillate	COC1=C(C=C(C=C1)C(=O)O)O	0.884501636	12575;12304637;54706655	HMDB:(60003);SuperNatural:(SN00045228 SN00232357);ZINC bio:(ZINC00402986);additional;MeSH:(12575);PubMed;NORMAN:(NS00014856);COCONUT:(CNP0220341 CNP0376338);KNApSAcK:(29502);Natural Products:(UNPD107344);PubChem:(12575 12304637 54706655);YMDB Mine;CHEBI:(63797 63798);PubChem class - bio and metabolites;EcoCyc Mine;PubChem class - safety and toxic;Training Set;KEGG Mine	60217417854
17	1	N/A	-63.062647656574036	C8H8O4	[M - H2O + H]+	XGDPKUKRQHHZTH	InChI=1S/C8H8O4/c1-12-8(11)6-4-5(9)2-3-7(6)10/h2-4,9-10H,1H3	Methyl gentisate	COC(=O)C1=C(C=CC(=C1)O)O	0.884501636	75077;12285944	SuperNatural:(SN00351630);ZINC bio:(ZINC00396084);MeSH:(75077);PubMed;NORMAN:(NS00026884);COCONUT:(CNP0221274);Natural Products:(UNPD35540);PubChem:(75077 12285944);YMDB Mine;EcoCyc Mine;PubChem class - safety and toxic;KEGG Mine	60200099910
18	1	N/A	-64.54345648345733	C8H8O4	[M - H2O + H]+	TUUBOHWZSQXCSW	InChI=1S/C8H8O4/c1-12-7-3-5(8(10)11)2-6(9)4-7/h2-4,9H,1H3,(H,10,11)	3-hydroxy-5-methoxybenzoate	COC1=CC(=CC(=C1)O)C(=O)O	0.884501636	7472024;54685935	COCONUT:(CNP0247560);HMDB:(125536);Natural Products:(UNPD57520);PubChem:(7472024 54685935);ZINC bio:(ZINC05046498);PubChem class - bio and metabolites;EcoCyc Mine;PubMed;KEGG Mine	25788719178
19	1	N/A	-65.65029737234445	C8H8O4	[M - H2O + H]+	DSMHCSBCMFQGAZ	InChI=1S/C8H8O4/c1-12-7-5(8(10)11)3-2-4-6(7)9/h2-4,9H,1H3,(H,10,11)	Ambap2169-28-0	COC1=C(C=CC=C1O)C(=O)O	0.884501636	13434501	COCONUT:(CNP0226066);HMDB:(140902);Natural Products:(UNPD45535);PubChem:(13434501);ZINC bio:(ZINC02513709);PubChem class - bio and metabolites;EcoCyc Mine;KEGG Mine	25788719114
20	1	N/A	-70.99253052854272	C8H8O4	[M - H2O + H]+	RNVFYQUEEMZKLR	InChI=1S/C8H8O4/c1-12-8(11)5-2-6(9)4-7(10)3-5/h2-4,9-10H,1H3	Methyl alpha-resorcylate	COC(=O)C1=CC(=CC(=C1)O)O	0.884501636	75076	NORMAN:(NS00026883);COCONUT:(CNP0192698);Natural Products:(UNPD163106);PubChem:(75076);SuperNatural:(SN00284261);ZINC bio:(ZINC00156974);EcoCyc Mine;PubMed	17183318082
21	1	N/A	-71.76181560306978	C8H8O4	[M - H2O + H]+	WKOLLVMJNQIZCI	InChI=1S/C8H8O4/c1-12-7-4-5(8(10)11)2-3-6(7)9/h2-4,9H,1H3,(H,10,11)	Vanillate	COC1=C(C=CC(=C1)C(=O)O)O	0.884501636	8468;10535133;10630957;10749645;12358657;54675858;71752915;102295056;102295057;131708670	HMDB:(484);PubChem class - food;SuperNatural:(SN00313543 SN00001340);ZINC bio:(ZINC00338275);additional;MeSH:(8468);Plantcyc:(VANILLATE);PubMed;NORMAN:(NS00014581);COCONUT:(CNP0086401 CNP0122021);KNApSAcK:(2682);Natural Products:(UNPD165274 UNPD172019);PubChem:(8468 10535133 10630957 10749645 12358657 54675858 71752915 102295056 102295057 131708670);CHEBI:(30816 16632);PubChem class - bio and metabolites;KEGG:(C06672);PubChem class - safety and toxic;YMDB:(1802);PubChem class - drug;Biocyc:(VANILLATE)	255830398
22	1	N/A	-75.42737304846823	C8H8O4	[M - H2O + H]+	FXMQSVMVTHLCSF	InChI=1S/C8H8O4/c1-12-7-3-2-5(9)4-6(7)8(10)11/h2-4,9H,1H3,(H,10,11)	3-Hydroxy-6-methoxybenzoic acid	COC1=C(C=C(C=C1)O)C(=O)O	0.884501636	18464607	COCONUT:(CNP0241896);Natural Products:(UNPD20596);PubChem:(18464607);ZINC bio:(ZINC13481458);EcoCyc Mine;PubMed;KEGG Mine	25771941954
23	1	N/A	-78.0398954953397	C8H8O4	[M - H2O + H]+	QZCIFUSRAPIQJN	InChI=1S/C8H8O4/c9-4-6-3-5(8(11)12)1-2-7(6)10/h1-3,9-10H,4H2,(H,11,12)	4-hydroxy-3-(hydroxymethyl)benzoic acid	C1=CC(=C(C=C1C(=O)O)CO)O	0.439513743	14402031;102515204	PubChem:(14402031 102515204);PubMed;Biocyc:(CPD-18293);PubChem class - bio and metabolites	16779330
24	1	N/A	-78.31779888859937	C8H8O4	[M - H2O + H]+	DOAJWTSNTNAEIY	InChI=1S/C8H8O4/c1-12-8(11)5-3-2-4-6(9)7(5)10/h2-4,9-10H,1H3	methyl2,3-dihydroxybenzoate	COC(=O)C1=C(C(=CC=C1)O)O	0.884501636	75484	NORMAN:(NS00027560);COCONUT:(CNP0158183);Natural Products:(UNPD38180);PubChem:(75484);SuperNatural:(SN00290930);YMDB Mine;ZINC bio:(ZINC01702439);EcoCyc Mine;PubChem class - safety and toxic;PubMed;KEGG Mine	60200099906
25	1	N/A	-78.45723707560883	C8H8O4	[M - H2O + H]+	DSQWHAJLUOQMFI	InChI=1S/C8H8O4/c9-4-5-1-2-6(8(11)12)7(10)3-5/h1-3,9-10H,4H2,(H,11,12)	4-Hydroxymethylsalicylate	C1=CC(=C(C=C1CO)O)C(=O)O	0.439513743	656883;54675847	KEGG:(C14109);PubChem:(656883 54675847);PubMed;CHEBI:(20415)	354
26	1	N/A	-84.76874124188976	C8H8O4	[M - H2O + H]+	UWYHEGBHZPUZEE	InChI=1S/C8H8O4/c1-4-2-3-5(8(11)12)7(10)6(4)9/h2-3,9-10H,1H3,(H,11,12)	4-Methyl-o-pyrocatechuic acid	CC1=C(C(=C(C=C1)C(=O)O)O)O	0.958150148	19827;54750445	PubChem:(19827 54750445);ZINC bio:(ZINC02038230);EcoCyc Mine;PubMed;Biocyc:(CPD-19404);KEGG Mine	25769814082
27	1	N/A	-87.11096928907241	C8H8O4	[M - H2O + H]+	LUQAZOYFYBTSKU	InChI=1S/C8H8O4/c9-4-6-2-1-5(8(11)12)3-7(6)10/h1-3,9-10H,4H2,(H,11,12)	null	C1=CC(=C(C=C1C(=O)O)O)CO	0.800000012	13909571;54696588	COCONUT:(CNP0123838);Natural Products:(UNPD71207);PubChem:(13909571 54696588)	2129922
28	1	N/A	-95.64754256903056	C8H8O4	[M - H2O + H]+	CUFLZUDASVUNOE	InChI=1S/C8H8O4/c1-12-8(11)5-2-3-6(9)7(10)4-5/h2-4,9-10H,1H3	Methyl protocatechuate	COC(=O)C1=CC(=C(C=C1)O)O	0.884501636	287064	SuperNatural:(SN00036086);ZINC bio:(ZINC00405329);MeSH:(287064);PubMed;COCONUT:(CNP0279680);KNApSAcK:(31089);Natural Products:(UNPD152829);PubChem:(287064);YMDB Mine;CHEBI:(132366);EcoCyc Mine;PubChem class - safety and toxic;Training Set;KEGG Mine	60199854198
29	1	N/A	-101.26448375972156	C8H8O4	[M - H2O + H]+	CROCAQYJJNCZQH	InChI=1S/C8H8O4/c9-6-2-1-3-7(10)5(6)4-8(11)12/h1-3,9-10H,4H2,(H,11,12)	2,6-Dihydroxyphenylacetate	C1=CC(=C(C(=C1)O)CC(=O)O)O	0.699999988	440944;5460016	COCONUT:(CNP0135400);PubChem:(440944 5460016);SuperNatural:(SN00213398);CHEBI:(28440 952);ZINC bio:(ZINC00896079);KEGG:(C06207)	3154210
30	1	N/A	-110.9600381868475	C8H8O4	[M - H2O + H]+	IAPQCQCJCOIPGG	InChI=1S/C8H8O4/c1-11-7-4-2-6(3-5-7)8(9)12-10/h2-5,10H,1H3	p-Methoxyperbenzoic acid	COC1=CC=C(C=C1)C(=O)OO	1.47246778	70325	PubChem:(70325);NORMAN:(NS00039887)	262146
31	1	N/A	-114.1035240972735	C8H8O4	[M - H2O + H]+	FSQDURCMBCGCIK	InChI=1S/C8H8O4/c9-6-2-1-5(3-8(11)12)7(10)4-6/h1-2,4,9-10H,3H2,(H,11,12)	Homo-beta-resorcylic acid	C1=CC(=C(C=C1O)O)CC(=O)O	0.636410713	69199	NORMAN:(NS00034699);COCONUT:(CNP0153620);Natural Products:(UNPD224240);PubChem:(69199);YMDB Mine;ZINC bio:(ZINC01845974);EcoCyc Mine;MeSH:(69199);PubMed;KEGG Mine	60131942470
32	1	N/A	-116.13405678920935	C8H8O4	[M - H2O + H]+	IOVOJJDSFSXJQN	InChI=1S/C8H8O4/c9-6-1-5(3-8(11)12)2-7(10)4-6/h1-2,4,9-10H,3H2,(H,11,12)	Ambap4670-09-1	C1=C(C=C(C=C1O)O)CC(=O)O	0.699999988	597768;22596846	COCONUT:(CNP0371328);HMDB:(94709);PubChem:(597768 22596846);CHEBI:(131431);ZINC bio:(ZINC02586006);PubChem class - bio and metabolites;EcoCyc Mine;PubMed;KEGG Mine	25788686442
33	1	N/A	-117.01352403930989	C8H8O4	[M - H2O + H]+	IGMNYECMUMZDDF	InChI=1S/C8H8O4/c9-6-1-2-7(10)5(3-6)4-8(11)12/h1-3,9-10H,4H2,(H,11,12)	Alcapton	C1=CC(=C(C=C1O)CC(=O)O)O	0.636410713	780;5460389;46781702	HMDB:(130);SuperNatural:(SN00001381 SN00387546);ZINC bio:(ZINC00388428);additional;MeSH:(780);Plantcyc:(HOMOGENTISATE);PubMed;NORMAN:(NS00015132);COCONUT:(CNP0114662 CNP0197540);KNApSAcK:(7309);Natural Products:(UNPD49904);PubChem:(780 5460389 46781702);CHEBI:(16169 44747);PubChem class - bio and metabolites;EcoCyc Mine;KEGG:(C00544);PubChem class - safety and toxic;Training Set;Biocyc:(HOMOGENTISATE)	17267878270
34	1	N/A	-117.7199201296237	C8H8O4	[M - H2O + H]+	ZFZAFNQYRZGWNK	InChI=1S/C8H8O4/c1-12-8-2-5(4-9)6(10)3-7(8)11/h2-4,10-11H,1H3	2,4-Dihydroxy-5-methoxybenzaldehyde	COC1=C(C=C(C(=C1)C=O)O)O	1.20000005	11194554	PubChem class - safety and toxic;PubChem:(11194554);YMDB Mine;KEGG Mine	43016781826
35	1	N/A	-124.79238259611239	C8H8O4	[M - H2O + H]+	QCDFFGWKIQHYBT	InChI=1S/C8H8O4/c9-3-5-1-6(11)2-8(12)7(5)4-10/h1-2,4,9,11-12H,3H2	null	C1=C(C=C(C(=C1CO)C=O)O)O	0.300000012	101410629	COCONUT:(CNP0279166);Natural Products:(UNPD146835);PubChem:(101410629)	2129922
36	1	N/A	-135.60040621985235	C8H8O4	[M - H2O + H]+	UAFQVVYJCLAIGY	InChI=1S/C8H8O4/c1-12-8-6(10)2-5(4-9)3-7(8)11/h2-4,10-11H,1H3	3,5-dihydroxy-4-methoxybenzaldehyde	COC1=C(C=C(C=C1O)C=O)O	0.600000024	12928004	COCONUT:(CNP0109385);Natural Products:(UNPD126350);PubChem:(12928004);SuperNatural:(SN00392892);ZINC bio:(ZINC14775570);PubMed	3186754
37	1	N/A	-137.46871989482892	C8H8O4	[M - H2O + H]+	OJZYLUUHIAKDJT	InChI=1S/C8H8O4/c1-12-6-3-2-5(4-9)7(10)8(6)11/h2-4,10-11H,1H3	Ambap4055-69-0	COC1=C(C(=C(C=C1)C=O)O)O	0.717551172	11557352;132915917	COCONUT:(CNP0224833);Natural Products:(UNPD193059);PubChem:(11557352 132915917)	2129922
38	1	N/A	-141.26580672349255	C8H8O4	[M - H2O + H]+	RRKMWVISRMWBAL	InChI=1S/C8H8O4/c1-12-7-3-5(4-9)2-6(10)8(7)11/h2-4,10-11H,1H3	5-Hydroxyvanillin	COC1=CC(=CC(=C1O)O)C=O	0.717551172	77535;10931871	NORMAN:(NS00030569);COCONUT:(CNP0377931);Natural Products:(UNPD16627);PubChem:(77535 10931871);SuperNatural:(SN00336139);YMDB Mine;ZINC bio:(ZINC01747212);PubChem class - safety and toxic;PubMed;KEGG Mine	43020230722
39	1	N/A	-142.2427056701716	C8H8O4	[M - H2O + H]+	SORMFPBLGIOKJT	InChI=1S/C8H8O4/c9-6-1-2-7(10)5(3-6)4-8(11)12/h1-3,7,10H,4H2,(H,11,12)	null	C1=CC(=O)C=C(C1O)CC(=O)O	-1.0	137349529;139033418	PubChem:(137349529 139033418);PubChem class - bio and metabolites	16777218
40	1	N/A	-152.678694919161	C8H8O4	[M - H2O + H]+	XLEYFDVVXLMULC	InChI=1S/C8H8O4/c1-4(9)8-6(11)2-5(10)3-7(8)12/h2-3,10-12H,1H3	Spectrum2_001989	CC(=O)C1=C(C=C(C=C1O)O)O	1.10000002	68073;46702272;49788856	HMDB:(29644);SuperNatural:(SN00001202);ZINC bio:(ZINC00157773);additional;MeSH:(68073);PubMed;NORMAN:(NS00015208);COCONUT:(CNP0255105);Natural Products:(UNPD133987);PubChem:(68073 46702272 49788856);CHEBI:(64344);PubChem class - bio and metabolites;PubChem class - safety and toxic;Training Set;Biocyc:(CPD-19213);KEGG Mine	8677812334
41	1	N/A	-156.28216636225898	C8H8O4	[M - H2O + H]+	MZMRFDKQPOMOGX	InChI=1S/C8H8O4/c1-4-3-6(9)7(8(10)11)5(2)12-4/h3H,1-2H3,(H,10,11)	2,6-Dimethyl-4-pyrone-3-carboxylic acid	CC1=CC(=O)C(=C(O1)C)C(=O)O	1.20000005	201105;6987082	PubChem:(201105 6987082);PubChem class - safety and toxic	67108866
42	1	N/A	-165.22112387258696	C8H8O4	[M - H2O + H]+	PKLPQOJFHFGVBS	InChI=1S/C8H8O4/c1-4-3-6(10)7(5(2)9)8(11)12-4/h3,10H,1-2H3	Biocide 470F	CC1=CC(=C(C(=O)O1)C(=O)C)O	1.0	5047019;54678494	NORMAN:(NS00042174 NS00047928);COCONUT:(CNP0065333 CNP0290556 CNP0309619);HMDB:(33129);Natural Products:(UNPD67318);PubChem:(5047019 54678494);SuperNatural:(SN00299089 SN00064869);PubChem class - bio and metabolites;MeSH:(54678494);PubChem class - safety and toxic;PubMed	87326798
43	1	N/A	-165.28101222773307	C8H8O4	[M - H2O + H]+	RHVCAYPGAKFGLL	InChI=1S/C8H8O4/c1-5(9)12-6-2-3-7(10)8(11)4-6/h2-4,10-11H,1H3	(3,4-dihydroxyphenyl) acetate	CC(=O)OC1=CC(=C(C=C1)O)O	0.919437349	13783060	COCONUT:(CNP0238472);Natural Products:(UNPD113120);PubChem:(13783060);ZINC bio:(ZINC13510783);PubMed;KEGG Mine	8592072770
44	1	N/A	-167.47060960643853	C8H8O4	[M - H2O + H]+	PKGWLCZTTHWKIZ	InChI=1S/C8H8O4/c9-6-1-3-7(4-2-6)12-5-8(10)11/h1-4,9H,5H2,(H,10,11)	4-Hydroxypheoxyacetate	C1=CC(=CC=C1O)OCC(=O)O	0.820180833	15881;6950842	SuperNatural:(SN00213170);ZINC bio:(ZINC00396107);MeSH:(15881);PubMed;NORMAN:(NS00026144);COCONUT:(CNP0053966);PubChem:(15881 6950842);YMDB Mine;CHEBI:(1881);EcoCyc Mine;KEGG:(C03235);PubChem class - safety and toxic	51610132838
45	1	N/A	-170.83666129175393	C8H8O4	[M - H2O + H]+	LPXHPAYRONCQIF	InChI=1S/C8H8O4/c9-6-3-1-2-4-7(6)12-5-8(10)11/h1-4,9H,5H2,(H,10,11)	Oprea1_081061	C1=CC=C(C(=C1)O)OCC(=O)O	0.820180833	22783;3340143	NORMAN:(NS00044256);PubChem:(22783 3340143);EcoCyc Mine;PubChem class - safety and toxic;PubMed;KEGG Mine	25837174850
46	1	N/A	-173.89411686223826	C8H8O4	[M - H2O + H]+	TWLSOWAQVSIFIF	InChI=1S/C8H8O4/c9-6-4-2-1-3-5(6)7(10)8(11)12/h1-4,7,9-10H,(H,11,12)	2-Hydroxymandelic acid	C1=CC=C(C(=C1)C(C(=O)O)O)O	1.0	161262;161263;13358345;52938359;138398384	MeSH:(161262 161263 138398384);PubChem:(161262 161263 13358345 52938359 138398384);PubMed;KEGG Mine	8589934662
47	1	N/A	-174.14282520073786	C8H8O4	[M - H2O + H]+	OLSDAJRAVOVKLG	InChI=1S/C8H8O4/c9-6-3-1-2-5(4-6)7(10)8(11)12/h1-4,7,9-10H,(H,11,12)	bmse000573	C1=CC(=CC(=C1)O)C(C(=O)O)O	0.402666479	86957;13358352;13358353;20849044;41097513;41097514	HMDB:(750);SuperNatural:(SN00215836 SN00378628);ZINC bio:(ZINC00395643 ZINC00395644);additional;MeSH:(86957);PubMed;NORMAN:(NS00014719);COCONUT:(CNP0133718);Natural Products:(UNPD76300);PubChem:(86957 13358352 13358353 20849044 41097513 41097514);CHEBI:(86553);PubChem class - bio and metabolites;EcoCyc Mine;Training Set;Biocyc:(CPD-17655);KEGG Mine	25790572654
48	1	N/A	-174.33270574675907	C8H8O4	[M - H2O + H]+	MLQUXOCAFOIUKM	InChI=1S/C8H8O4/c1-2-5-3-6(8(10)11)12-7(9)4-5/h3-4H,2H2,1H3,(H,10,11)	null	CCC1=CC(=O)OC(=C1)C(=O)O	0.899999976	14516694	COCONUT:(CNP0216144);Natural Products:(UNPD32253);PubChem:(14516694);SuperNatural:(SN00341044)	3178498
49	1	N/A	-180.41800846686056	C8H8O4	[M - H2O + H]+	CFFZDZCDUFSOFZ	InChI=1S/C8H8O4/c9-6-2-1-5(3-7(6)10)4-8(11)12/h1-3,9-10H,4H2,(H,11,12)	bmse000329	C1=CC(=C(C=C1CC(=O)O)O)O	0.636410713	547;5460350;10797206;46781331;76973352;76973721;76973825	HMDB:(1336);SuperNatural:(SN00001382 SN00362340);ZINC bio:(ZINC00388555);MeSH:(547);Plantcyc:(CPD-782);PubMed;NORMAN:(NS00014707);COCONUT:(CNP0276169 CNP0313943);KNApSAcK:(40996);Natural Products:(UNPD147290);PubChem:(547 5460350 10797206 46781331 76973352 76973721 76973825);YMDB Mine;CHEBI:(41941 17612);PubChem class - bio and metabolites;KEGG:(C01161);PubChem class - safety and toxic;Biocyc:(CPD-782)	34447206782
50	1	N/A	-180.62245357564638	C8H8O4	[M - H2O + H]+	WINMHOHYPKKTEM	InChI=1S/C8H8O4/c1-5-7(8(10)11-2)3-6(4-9)12-5/h3-4H,1-2H3	methyl 5-formyl-2-methyl-3-furoate	CC1=C(C=C(O1)C=O)C(=O)OC	1.0	2779820	PubChem:(2779820);PubChem class - safety and toxic	67108866
51	1	N/A	-181.78943071754082	C8H8O4	[M - H2O + H]+	DCNHYWSNHGOKHN	InChI=1S/C8H8O4/c1-11-7-3-5(9)6(10)4-8(7)12-2/h3-4H,1-2H3	3,2-dione, 4,5-dimethoxy-	COC1=CC(=O)C(=O)C=C1OC	-0.300000012	88786	NORMAN:(NS00026785);PubChem:(88786);PubMed;ZINC bio:(ZINC01710884)	270402
52	1	N/A	-182.08511338871222	C8H8O4	[M - H2O + H]+	BJIODCHLKBGSCT	InChI=1S/C8H8O4/c1-2-6(9)4-3-5-7(10)8(11)12/h2-5,10H,1H2,(H,11,12)	2-Hydroxy-6-oxoocta-2,4,7-trienoate	C=CC(=O)C=CC=C(C(=O)O)O	0.800000012	441227;5281013;9543045;54675828;54724351	PubChem:(441227 5281013 9543045 54675828 54724351);CHEBI:(18540 1141);EcoCyc Mine;KEGG:(C07087);PubMed;KEGG Mine	25769804130
53	1	N/A	-185.21994928680243	C8H8O4	[M - H2O + H]+	WONDPHGHRLIPCB	InChI=1S/C8H8O4/c9-6-3-5(7(10)4-6)1-2-8(11)12/h1-3,7,10H,4H2,(H,11,12)	2-Propenoic acid, 3-(5-hydroxy-3-oxo-1-cyclopenten-1-yl)-	C1C(C(=CC1=O)C=CC(=O)O)O	-1.10000002	20736170;73702668	COCONUT:(CNP0304480);Natural Products:(UNPD61202);PubChem:(20736170 73702668)	2129922
54	1	N/A	-185.33613282261803	C8H8O4	[M - H2O + H]+	QOADIMYPCZMZSG	InChI=1S/C8H8O4/c1-4-3-6(9)12-5(2)7(4)8(10)11/h3H,1-2H3,(H,10,11)	Isodehydracetic acid	CC1=CC(=O)OC(=C1C(=O)O)C	0.300000012	95775;4226342	NORMAN:(NS00031755);COCONUT:(CNP0062703 CNP0133346);PubChem:(95775 4226342);SuperNatural:(SN00042679);ZINC bio:(ZINC00036422);PubChem class - safety and toxic;PubMed	70524994
55	1	N/A	-188.15001300367555	C8H8O4	[M - H2O + H]+	YHXHKYRQLYQUIH	InChI=1S/C8H8O4/c9-6-3-1-5(2-4-6)7(10)8(11)12/h1-4,7,9-10H,(H,11,12)	4-Hydroxymandelate	C1=CC(=CC=C1C(C(=O)O)O)O	0.402666479	328;439940;440639;5460030;5460261;5460397;56614189	HMDB:(822);SuperNatural:(SN00370711);ZINC bio:(ZINC00388426 ZINC00395645);MeSH:(328);Plantcyc:(CPD-105 CPD-106);PubMed;NORMAN:(NS00014743);COCONUT:(CNP0103860);Natural Products:(UNPD103096 UNPD55642);PubChem:(328 439940 440639 5460030 5460261 5460397 56614189);YMDB Mine;CHEBI:(32804 27996 17210 32802 32803 16388);PubChem class - bio and metabolites;EcoCyc Mine;KEGG:(C05343 C03198 C11527);PubChem class - safety and toxic;Biocyc:(CPD-105 CPD-106 CPD1UA-5653 CPD1UA-5662)	51627075950
56	1	N/A	-191.11915525137903	C8H8O4	[M - H2O + H]+	BOSIWTLJHREICN	InChI=1S/C8H8O4/c1-5-3-7(12-6(2)9)4-8(10)11-5/h3-4H,1-2H3	2H-Pyran-2-one, 4-(acetyloxy)-6-methyl-	CC1=CC(=CC(=O)O1)OC(=O)C	0.600000024	12416524	COCONUT:(CNP0194677);Natural Products:(UNPD4028);PubChem:(12416524);SuperNatural:(SN00257218)	3178498
57	1	N/A	-191.74368222714727	C8H8O4	[M - H2O + H]+	VKVOJYUPJRVDPP	InChI=1S/C8H8O4/c9-7(10)8(11,12)6-4-2-1-3-5-6/h1-5,11-12H,(H,9,10)	2,2-dihydroxy-2-phenylacetate	C1=CC=C(C=C1)C(C(=O)O)(O)O	0.263803214	15930710;17978928	NORMAN:(NS00038261);PubChem:(15930710 17978928);PubMed	262210
58	1	N/A	-193.64705779696678	C8H8O4	[M - H2O + H]+	MELHVRFNTXYFMN	InChI=1S/C8H8O4/c1-5(9)7-3-6(11-2)4-8(10)12-7/h3-4H,1-2H3	null	CC(=O)C1=CC(=CC(=O)O1)OC	0.400000006	42611989	COCONUT:(CNP0295805);Natural Products:(UNPD27605);PubChem:(42611989);SuperNatural:(SN00245355);additional	3702786
59	1	N/A	-197.75070357725065	C8H8O4	[M - H2O + H]+	RRSIQEMLRDKPLK	InChI=1S/C8H8O4/c1-3-4(2)6(10)8(12)7(11)5(3)9/h11-12H,1-2H3	null	CC1=C(C(=O)C(=C(C1=O)O)O)C	0.5	136239716	COCONUT:(CNP0318306);EcoCyc Mine;Natural Products:(UNPD78451);PubChem:(136239716);SuperNatural:(SN00340000)	17183047682
60	1	N/A	-198.15825944491704	C8H8O4	[M - H2O + H]+	RFJUCKOEXRTZPN	InChI=1S/C8H8O4/c9-6-1-3-8(12,4-2-6)5-7(10)11/h1-4,12H,5H2,(H,10,11)	Quinolacetic acid	C1=CC(C=CC1=O)(CC(=O)O)O	-0.100000001	6453213;23031674	COCONUT:(CNP0292188);HMDB:(240257);Natural Products:(UNPD22709);PubChem:(6453213 23031674);SuperNatural:(SN00324689);YMDB Mine;PubChem class - bio and metabolites;EcoCyc Mine;MeSH:(6453213);PubMed;KEGG Mine	60149497934
61	1	N/A	-200.68731129654296	C8H8O4	[M - H2O + H]+	YUGMCLJIWGEKCK	InChI=1S/C8H8O4/c9-4-8(12)5-1-2-6(10)7(11)3-5/h1-4,8,10-12H	3,4-Dihydroxymandelaldehyde	C1=CC(=C(C=C1C(C=O)O)O)O	0.235715985	151725;90657292;92143140	COCONUT:(CNP0280132);HMDB:(6242);PubChem:(151725 90657292 92143140);CHEBI:(27852);PubChem class - bio and metabolites;EcoCyc Mine;MeSH:(151725);KEGG:(C05577);Plantcyc:(DIHYDROXYPHENYLGLYCOLALDEHYDE);PubMed;Biocyc:(DIHYDROXYPHENYLGLYCOLALDEHYDE)	17198877038
62	1	N/A	-201.1292660058159	C8H8O4	[M - H2O + H]+	BVWJFDHKOJMNQI	InChI=1S/C8H8O4/c1-4-2-5(9)7-8(6(4)10)12-3-11-7/h2,9-10H,3H2,1H3	null	CC1=CC(=C2C(=C1O)OCO2)O	1.39999998	67170181	COCONUT:(CNP0132046);Natural Products:(UNPD203580);PubChem:(67170181);PubMed	2129986
63	1	N/A	-201.98919146217682	C8H8O4	[M - H2O + H]+	OYUWHGGWLCJJNP	InChI=1S/C8H8O4/c9-7(10)5-3-1-2-4-6(5)8(11)12/h1-6H,(H,9,10)(H,11,12)	1,2-Dihydrophthalic acid	C1=CC(C(C=C1)C(=O)O)C(=O)O	0.600000024	89904;9543383;12257173;12257174;92243802	NORMAN:(NS00048817);KEGG:(C16215);PubChem:(89904 9543383 12257173 12257174 92243802);CHEBI:(80385);ZINC bio:(ZINC04962652 ZINC04962653 ZINC12403040)	270626
64	1	N/A	-206.86723976150978	C8H8O4	[M - H2O + H]+	XDVHNDSJLILZDR	InChI=1S/C8H8O4/c1-5(10)7-3-2-6(4-9)8(11)12-7/h2-3,9H,4H2,1H3	null	CC(=O)C1=CC=C(C(=O)O1)CO	0.400000006	102442335	COCONUT:(CNP0139436);Natural Products:(UNPD221634);PubChem:(102442335)	2129922
65	1	N/A	-206.9319256075848	C8H8O4	[M - H2O + H]+	WCJLAYDOJJYRHF	InChI=1S/C8H8O4/c1-4(9)5-2-7(11)8(12)3-6(5)10/h2-3,10-12H,1H3	Acetophenone, 2,4,5-trihydroxy	CC(=O)C1=CC(=C(C=C1O)O)O	1.10000002	74559	COCONUT:(CNP0243066);Natural Products:(UNPD199220);PubChem:(74559);ZINC bio:(ZINC01460500);KEGG Mine	8592072706
66	1	N/A	-207.13415958981747	C8H8O4	[M - H2O + H]+	XIROXSOOOAZHLL	InChI=1S/C8H8O4/c1-4(9)5-2-3-6(10)8(12)7(5)11/h2-3,10-12H,1H3	Gallacetophenone	CC(=O)C1=C(C(=C(C=C1)O)O)O	1.10000002	10706	NORMAN:(NS00021192);COCONUT:(CNP0213966);PubChem:(10706);ZINC bio:(ZINC00156821);additional;MeSH:(10706);PubChem class - safety and toxic;Training Set;PubMed;KEGG Mine	8659951686
67	1	N/A	-210.96886733723375	C8H8O4	[M - H2O + H]+	MCDHEVCLXSINGJ	InChI=1S/C8H8O4/c1-5-6(11-2)3-8(10)12-7(5)4-9/h3-4H,1-2H3	null	CC1=C(OC(=O)C=C1OC)C=O	0.100000001	10678671	COCONUT:(CNP0217750);Natural Products:(UNPD112469);PubChem:(10678671);ZINC bio:(ZINC13397908);EcoCyc Mine;KEGG Mine	25771941890
68	1	N/A	-213.4000462740549	C8H8O4	[M - H2O + H]+	YGTDKZHHEPVYGJ	InChI=1S/C8H8O4/c1-11-8(10)5-6(9)7-3-2-4-12-7/h2-4H,5H2,1H3	methyl 2-furoylacetate	COC(=O)CC(=O)C1=CC=CO1	1.0	228584	PubChem:(228584);PubChem class - safety and toxic	67108866
69	1	N/A	-217.4839913186158	C8H8O4	[M - H2O + H]+	IBKQQKPQRYUGBJ	InChI=1S/C8H8O4/c1-4(9)5-2-6(10)8(12)7(11)3-5/h2-3,10-12H,1H3	3,4,5-Trihydroxyacetophenone	CC(=O)C1=CC(=C(C(=C1)O)O)O	0.397235513	36586	COCONUT:(CNP0139788);Natural Products:(UNPD167650);PubChem:(36586);PubChem class - safety and toxic;PubMed;KEGG Mine	8659173442
70	1	N/A	-220.6955474330262	C8H8O4	[M - H2O + H]+	SWZKXPBLVIKXFB	InChI=1S/C8H8O4/c9-3-5-1-6(4-10)8(12)7(11)2-5/h1-2,4,9,11-12H,3H2	null	C1=C(C=C(C(=C1C=O)O)O)CO	0.300000012	90970230	COCONUT:(CNP0095333);PubChem:(90970230);PubMed	2097218
71	1	N/A	-225.7069360800749	C8H8O4	[M - H2O + H]+	WJSQCAWGGRFZJK	InChI=1S/C8H8O4/c1-2-4-7(11)5(9)3-6(10)8(4)12/h3,9,12H,2H2,1H3	Embelin deriv. 6a	CCC1=C(C(=O)C=C(C1=O)O)O	0.5	821411	COCONUT:(CNP0131476);Natural Products:(UNPD23433);PubChem:(821411);SuperNatural:(SN00404136);PubMed	3178562
72	1	N/A	-226.69255324860927	C8H8O4	[M - H2O + H]+	OLBNOBQOQZRLMP	InChI=1S/C8H8O4/c1-11-6-3-5(9)4-7(12-2)8(6)10/h3-4H,1-2H3	Spectrum_000723	COC1=CC(=O)C=C(C1=O)OC	0.44189316	68262	HMDB:(29673);SuperNatural:(SN00155748);MeSH:(68262);PubMed;NORMAN:(NS00006663);COCONUT:(CNP0209741);KNApSAcK:(258);Natural Products:(UNPD22348);PubChem:(68262);PubChem class - bio and metabolites;KEGG:(C10331);PubChem class - safety and toxic;Biocyc:(CPD-14556)	87329118
73	1	N/A	-228.3228200880666	C8H8O4	[M - H2O + H]+	RMMPZDDLWLALLJ	InChI=1S/C8H8O4/c1-11-7-3-6(10)8(12-2)4-5(7)9/h3-4H,1-2H3	Ambap3117-03-1	COC1=CC(=O)C(=CC1=O)OC	0.44189316	101405	COCONUT:(CNP0323230);HMDB:(34335);KNApSAcK:(36463);Natural Products:(UNPD85080);PubChem:(101405);PubChem class - bio and metabolites;MeSH:(101405);PubMed	18907230
74	1	N/A	-229.10384359974302	C8H8O4	[M - H2O + H]+	BGZCOKROXRLPFV	InChI=1S/C8H7O4/c1-12-7-3-6(10)2-5(4-9)8(7)11/h2-3H,4H2,1H3/q-1	null	COC1=CC(=O)C=C(C1=O)C[O-]	-0.179826498	""	COCONUT:(CNP0070616);SuperNatural:(SN00047010)	3145728
75	1	N/A	-229.5462856904389	C8H8O4	[M - H2O + H]+	BFOTXRXRHJHTDX	InChI=1S/C8H8O4/c1-4-5(9)3-6(12-2)8(11)7(4)10/h3,10H,1-2H3	null	CC1=C(C(=O)C(=CC1=O)OC)O	0.400000006	13918554	COCONUT:(CNP0188138);Natural Products:(UNPD169886);PubChem:(13918554);SuperNatural:(SN00286136)	3178498
76	1	N/A	-232.23535309867123	C8H8O4	[M - H2O + H]+	GZEXNXJQYUBHHP	InChI=1S/C8H8O4/c1-2-11-8(10)7(9)6-4-3-5-12-6/h3-5H,2H2,1H3	ethyl furan-2-yl(oxo)acetate	CCOC(=O)C(=O)C1=CC=CO1	1.09892344	74230	PubChem:(74230);NORMAN:(NS00025356)	262146
77	1	N/A	-232.59334288414814	C8H8O4	[M - H2O + H]+	KGGCKPCQFGNZTC	InChI=1S/C8H8O4/c1-4-7(10)5(9)3-6(12-2)8(4)11/h3,10H,1-2H3	2,5-Cyclohexadiene-1,4-dione, 2-hydroxy-5-methoxy-3-methyl-	CC1=C(C(=O)C=C(C1=O)OC)O	0.400000006	14381939	COCONUT:(CNP0164479);Natural Products:(UNPD168518);PubChem:(14381939);SuperNatural:(SN00240318);PubMed	3178562
78	1	N/A	-235.68164690247121	C8H8O4	[M - H2O + H]+	QAVITTVTXPZTSE	InChI=1S/C8H8O4/c1-6(10)11-5-8-3-2-7(4-9)12-8/h2-4H,5H2,1H3	5-Acetoxymethylfurfural	CC(=O)OCC1=CC=C(O1)C=O	0.5	66349;46779929	NORMAN:(NS00023382);COCONUT:(CNP0144118);Natural Products:(UNPD187618);PubChem:(66349 46779929);SuperNatural:(SN00332586);ZINC bio:(ZINC00047425);PubChem class - bio and metabolites;MeSH:(66349);PubChem class - safety and toxic;PubMed	87334982
79	1	N/A	-237.01774468850266	C8H8O4	[M - H2O + H]+	PXEBZHWTQGYVCO	InChI=1S/C8H8O4/c1-12-7-3-6(10)2-5(4-9)8(7)11/h2-3,9H,4H2,1H3	2-Hydroxymethyl-6-methoxy-1,4-benzoquinone	COC1=CC(=O)C=C(C1=O)CO	-0.109765738	321309	COCONUT:(CNP0360843);PubChem class - safety and toxic;PubChem:(321309)	69206018
80	1	N/A	-242.6145490171096	C8H8O4	[M - H2O + H]+	LNZSKFZHPHBUDI	InChI=1S/C8H8O4/c9-4-8(12)5-1-2-6(10)7(11)3-5/h1-3,9-11H,4H2	Ethanone, 1-(3,4-dihydroxyphenyl)-2-hydroxy-	C1=CC(=C(C=C1C(=O)CO)O)O	0.297978997	22134444	COCONUT:(CNP0281749);Natural Products:(UNPD151655);PubChem:(22134444);SuperNatural:(SN00347239);PubMed;KEGG Mine	8593113154
81	1	N/A	-244.67916632890163	C8H8O4	[M - H2O + H]+	LKJLJGMBGVAJEG	InChI=1S/C8H8O4/c1-11-8(10)4-6-5-12-3-2-7(6)9/h2-3,5H,4H2,1H3	null	COC(=O)CC1=COC=CC1=O	-0.100000001	10678672	COCONUT:(CNP0157606);Natural Products:(UNPD196658);PubChem:(10678672)	2129922
82	1	N/A	-244.72805745595977	C8H8O4	[M - H2O + H]+	GSNBWTFAGXSQCO	InChI=1S/C8H8O4/c1-4-3-5(9)8(12-2)7(11)6(4)10/h3,11H,1-2H3	Fumigatin	CC1=CC(=O)C(=C(C1=O)O)OC	0.386497557	119035	COCONUT:(CNP0304377);Natural Products:(UNPD61082);PubChem:(119035);SuperNatural:(SN00384644);EcoCyc Mine;MeSH:(119035);PubMed	17183047750
83	1	N/A	-244.72805745595977	C8H8O4	[M - H2O + H]+	ULWVTWVOKKFTIW	InChI=1S/C8H8O4/c1-4-3-5(9)7(11)8(12-2)6(4)10/h3,11H,1-2H3	null	CC1=CC(=O)C(=C(C1=O)OC)O	0.386497557	136462571	COCONUT:(CNP0171369);EcoCyc Mine;Natural Products:(UNPD11884);PubChem:(136462571);SuperNatural:(SN00273426)	17183047682
84	1	N/A	-246.95669238857613	C8H8O4	[M - H2O + H]+	STVPTNMFKNDFLX	InChI=1S/C8H8O4/c1-5(9)2-7-3-6(10)4-8(11)12-7/h3-4,10H,2H2,1H3	2-hydroxy-6-(2-oxopropyl)pyran-4-one	CC(=O)CC1=CC(=CC(=O)O1)O	-0.200000003	54688211	COCONUT:(CNP0149763);PubChem:(54688211);CHEBI:(133952)	2097186
85	1	N/A	-248.7071518427132	C8H8O4	[M - H2O + H]+	NRQULFRLDJKNGP	InChI=1S/C8H8O4/c1-5-8(12-6(2)9)7(10)3-4-11-5/h3-4H,1-2H3	Maltol acetate	CC1=C(C(=O)C=CO1)OC(=O)C	0.5	120048	PubChem:(120048);NORMAN:(NS00047516)	262146
86	1	N/A	-253.5392401689343	C8H8O4	[M - H2O + H]+	NADHCXOXVRHBHC	InChI=1S/C8H8O4/c1-11-7-5(9)3-4-6(10)8(7)12-2/h3-4H,1-2H3	Ambap3117-02-0	COC1=C(C(=O)C=CC1=O)OC	0.44189316	76565	NORMAN:(NS00029030);COCONUT:(CNP0305061);KNApSAcK:(31535);Natural Products:(UNPD99897);PubChem:(76565);SuperNatural:(SN00278883);PubChem class - safety and toxic;PubMed	70549586
87	1	N/A	-254.6197275891199	C8H8O4	[M - H2O + H]+	UHBRGPQMMUQLOR	InChI=1S/C8H8O4/c1-4(9)3-6-7(10)5(2)8(11)12-6/h3,10H,1-2H3	Xanthofusin	CC1=C(C(=CC(=O)C)OC1=O)O	-0.100000001	54697199;76173461;101650216	COCONUT:(CNP0188670);Natural Products:(UNPD119284);PubChem:(54697199 76173461 101650216);SuperNatural:(SN00380388);MeSH:(54697199 101650216);PubChem class - safety and toxic;PubMed	70287430
88	1	N/A	-270.4437345942703	C8H8O4	[M - H2O + H]+	VXWUBYBAUIHOHG	InChI=1S/C8H8O4/c9-5-2-1-4-3-6(10)12-8(4)7(5)11/h1-3,5,7-9,11H	Griffonilide	C1=CC2=CC(=O)OC2C(C1O)O	-1.10000002	100341;324687;21117505;124542568;124542569;124356405;124356406;137117735	COCONUT:(CNP0188198);Natural Products:(UNPD124665 UNPD120135);PubChem:(100341 324687 21117505 124542568 124542569 124356405 124356406 137117735);SuperNatural:(SN00350593 SN00397784);MeSH:(100341);PubMed;KEGG Mine	8593113158
89	1	N/A	-275.76766860964705	C8H8O4	[M - H2O + H]+	XVKTWSZJQDOMMI	InChI=1S/C8H8O4/c1-5(4-9)7-2-6(10)3-8(11)12-7/h2-5,10H,1H3	null	CC(C=O)C1=CC(=CC(=O)O1)O	0.648297012	""	COCONUT:(CNP0282655);Natural Products:(UNPD152391);SuperNatural:(SN00294455)	3178496
90	1	N/A	-282.1884374498358	C8H8O4	[M - H2O + H]+	PGRHXDWITVMQBC	InChI=1S/C8H8O4/c1-4-3-6(10)7(5(2)9)8(11)12-4/h3,7H,1-2H3	Dehydracetic acid	CC1=CC(=O)C(C(=O)O1)C(=O)C	0.300000012	122903;667426;1712264	PubChem class - food;SuperNatural:(SN00099367);ZINC bio:(ZINC32911469);MeSH:(122903);PubMed;NORMAN:(NS00003021);COCONUT:(CNP0129464);Natural Products:(UNPD20892);PubChem:(122903 667426 1712264);CHEBI:(137426);PubChem class - bio and metabolites;PubChem class - safety and toxic	221552742
91	1	N/A	-282.22066212758267	C8H8O4	[M - H2O + H]+	JAABVEXCGCXWRR	InChI=1S/C8H8O4/c9-7-5-3-1-2-4(11-3)6(5)8(10)12-7/h3-6H,1-2H2	Lopac-N-8784	C1CC2C3C(C1O2)C(=O)OC3=O	-0.100000001	93004;6603949;6852411;12251906;12251907;9877482;40784192;44271383;57216876;53393644;87991668;98049502;98150795;130397085	COCONUT:(CNP0198401);PubChem:(93004 6603949 6852411 12251906 12251907 9877482 40784192 44271383 57216876 53393644 87991668 98049502 98150795 130397085);MeSH:(93004 9877482);PubChem class - safety and toxic;PubMed;KEGG Mine	8659140678
92	1	N/A	-300.2677576815876	C8H8O4	[M - H2O + H]+	PEHLCCGXTLWMRW	InChI=1S/C8H8O4/c9-7-5-3-1-2-4(12-7)6(5)8(10)11-3/h3-6H,1-2H2	Bis-lactone	C1CC2C3C(C1OC3=O)C(=O)O2	0.100000001	3076046	PubChem:(3076046);PubChem class - safety and toxic	67108866
93	1	N/A	-303.718740331984	C8H8O4	[M - H2O + H]+	MKXNJYOXVYLCPJ	InChI=1S/C8H8O4/c9-5-3-1-11-2-4(3)6(10)8-7(5)12-8/h1-2,5-10H	Phaeofurans A	C1=C2C(C3C(O3)C(C2=CO1)O)O	-1.20000005	11593500	COCONUT:(CNP0306362);KNApSAcK:(41750);Natural Products:(UNPD63573);PubChem:(11593500);SuperNatural:(SN00285900);MeSH:(11593500);PubMed	3178582
94	1	N/A	-330.39197579374434	C8H8O4	[M - H2O + H]+	USTIRZSUTZHBAK	InChI=1S/C8H8O4/c9-5-1-2-8(11)4-7(10)12-6(8)3-5/h1-2,6,11H,3-4H2	null	C1C2C(CC(=O)O2)(C=CC1=O)O	-1.10000002	85844078;92469142;92469143;92469144;92469145	COCONUT:(CNP0267147);Natural Products:(UNPD141025 UNPD49281);PubChem:(85844078 92469142 92469143 92469144 92469145);SuperNatural:(SN00341028 SN00294649);PubMed	3178562
95	1	N/A	-345.456475242608	C8H8O4	[M - H2O + H]+	RCJPIGWCCFSOIN	InChI=1S/C8H8O4/c1-8-6(10)5(11-2)3-4(9)7(8)12-8/h3,7H,1-2H3	null	CC12C(O1)C(=O)C=C(C2=O)OC	-0.136478856	""	COCONUT:(CNP0341269)	2097152
1	1	N/A	-97.95135470889936	C8H6O3	[M + H]+	ZSCIMKFWMUXNBS	InChI=1S/C8H6O3/c9-7-3-1-2-5-6(7)4-11-8(5)10/h1-3,9H,4H2	4-hydroxy-2-benzofuran-1(3H)-one	C1C2=C(C=CC=C2O)C(=O)O1	1.0	12662077	COCONUT:(CNP0250510);HMDB:(32598);Natural Products:(UNPD107569);PubChem:(12662077);SuperNatural:(SN00297752);ZINC bio:(ZINC14505663);PubChem class - bio and metabolites	19963914
2	1	N/A	-98.97227060745207	C8H6O3	[M + H]+	FEUATHOQKVGPEK	InChI=1S/C8H6O3/c9-4-6-1-2-8(11)7(3-6)5-10/h1-5,11H	2,4-Diformylphenol	C1=CC(=C(C=C1C=O)C=O)O	0.882990539	165106;76973348;132849751	COCONUT:(CNP0277701);Natural Products:(UNPD64015);PubChem:(165106 76973348 132849751);SuperNatural:(SN00269001);ZINC bio:(ZINC00163443);MeSH:(165106);PubChem class - safety and toxic;PubMed	70295622
3	1	N/A	-101.25959237653919	C8H6O3	[M + H]+	DWTFHAFMPRANQN	InChI=1S/C8H6O3/c9-4-6-2-1-3-8(11)7(6)5-10/h1-5,11H	1,2-Benzenedicarboxaldehyde, 3-hydroxy-	C1=CC(=C(C(=C1)O)C=O)C=O	1.0	22114517	COCONUT:(CNP0288393);Natural Products:(UNPD154910);PubChem:(22114517);SuperNatural:(SN00274739);ZINC bio:(ZINC14443324);MeSH:(22114517);PubMed;KEGG Mine	8593121350
4	1	N/A	-103.08131271839136	C8H6O3	[M + H]+	UHDNUPHSDMOGCR	InChI=1S/C8H6O3/c9-5-6-2-1-3-7(4-6)8(10)11/h1-5H,(H,10,11)	3-formylbenzoate	C1=CC(=CC(=C1)C(=O)O)C=O	1.04994106	12077;6999772	NORMAN:(NS00034845);PubChem:(12077 6999772);ZINC bio:(ZINC02034365);PubChem class - safety and toxic;PubMed;Biocyc:(CPD0-2303);KEGG Mine	8657315906
5	1	N/A	-108.6577077163785	C8H6O3	[M + H]+	GOUHYARYYWKXHS	InChI=1S/C8H6O3/c9-5-6-1-3-7(4-2-6)8(10)11/h1-5H,(H,10,11)	4-formylbenzoate	C1=CC(=CC=C1C=O)C(=O)O	1.04994106	12088;4289537;59055382	SuperNatural:(SN00242327);ZINC bio:(ZINC00151786);HSDB:(619-66-9);MeSH:(12088);Plantcyc:(4-CARBOXYBENZALDEHYDE);PubMed;NORMAN:(NS00034869);COCONUT:(CNP0158402);KNApSAcK:(30975);Natural Products:(UNPD22092);PubChem:(12088 4289537 59055382);PubChem class - bio and metabolites;PubChem class - safety and toxic;Biocyc:(4-CARBOXYBENZALDEHYDE);KEGG Mine	8677403222
6	1	N/A	-113.64131354617821	C8H6O3	[M + H]+	DYNFCHNNOHNJFG	InChI=1S/C8H6O3/c9-5-6-3-1-2-4-7(6)8(10)11/h1-5H,(H,10,11)	formylbenzoate	C1=CC=C(C(=C1)C=O)C(=O)O	1.04994106	8406;5082939	NORMAN:(NS00023872);PubChem:(8406 5082939);CHEBI:(58203 17605);ZINC bio:(ZINC00056413);KEGG:(C03057);PubChem class - safety and toxic;Plantcyc:(CPD-1131);PubMed;Biocyc:(CPD-1131)	67512674
7	1	N/A	-115.23890859439153	C8H6O3	[M + H]+	JJOPQMAMJLOGFB	InChI=1S/C8H6O3/c9-4-6-2-1-3-7(5-10)8(6)11/h1-5,11H	2,6-Diformylphenol	C1=CC(=C(C(=C1)C=O)O)C=O	1.0	345554;101788239	COCONUT:(CNP0062742);PubChem:(345554 101788239);SuperNatural:(SN00119655);ZINC bio:(ZINC01595540);PubChem class - safety and toxic;PubMed	70262850
8	1	N/A	-121.36943484032129	C8H6O3	[M + H]+	MTMONFVFAYLRSG	InChI=1S/C8H6O3/c9-5-8(11)6-1-3-7(10)4-2-6/h1-5,10H	Glyoxal, hydrate	C1=CC(=CC=C1C(=O)C=O)O	0.849948943	90568	COCONUT:(CNP0271271);Natural Products:(UNPD151646);PubChem:(90568);SuperNatural:(SN00323188);ZINC bio:(ZINC01728403);EcoCyc Mine;MeSH:(90568);PubMed;KEGG Mine	25772990534
9	1	N/A	-124.82628809454876	C8H6O3	[M + H]+	PTWPWUVEQZXOFJ	InChI=1S/C8H6O3/c9-6-3-1-2-5-4-11-8(10)7(5)6/h1-3,9H,4H2	1(3H)-Isobenzofuranone, 7-hydroxy-	C1C2=C(C(=CC=C2)O)C(=O)O1	1.5	11829616	COCONUT:(CNP0160114);KNApSAcK:(45587);Natural Products:(UNPD172261);PubChem:(11829616);SuperNatural:(SN00342434);ZINC bio:(ZINC14505672);MeSH:(11829616);PubMed	3186774
10	1	N/A	-125.56512279882729	C8H6O3	[M + H]+	WCHUTMOUMWZQFD	InChI=1S/C8H6O3/c9-5-1-2-8-6(3-5)7(10)4-11-8/h1-3,9H,4H2	5-hydroxybenzofuran-3-one	C1C(=O)C2=C(O1)C=CC(=C2)O	1.10000002	9964142	COCONUT:(CNP0168548);Natural Products:(UNPD198737);PubChem class - safety and toxic;PubChem:(9964142)	69238786
11	1	N/A	-126.44312075656771	C8H6O3	[M + H]+	GBDMODVZBPFQKI	InChI=1S/C8H6O3/c9-5-1-2-6-7(10)4-11-8(6)3-5/h1-3,9H,4H2	6-Hydroxy-3-coumaranone	C1C(=O)C2=C(O1)C=C(C=C2)O	1.10000002	235717	COCONUT:(CNP0333641);PubChem:(235717);SuperNatural:(SN00050625);ZINC bio:(ZINC01670006);PubChem class - safety and toxic;PubMed	70262850
12	1	N/A	-131.3959750051737	C8H6O3	[M + H]+	POUITAHNNRJWMA	InChI=1S/C8H6O3/c9-6-1-2-7-5(3-6)4-8(10)11-7/h1-3,9H,4H2	Homogentisic lactone	C1C2=C(C=CC(=C2)O)OC1=O	1.0	75898	NORMAN:(NS00028219);COCONUT:(CNP0197068);PubChem:(75898);SuperNatural:(SN00050644);CHEBI:(141343);ZINC bio:(ZINC01690954);PubChem class - safety and toxic;PubMed	70525026
13	1	N/A	-136.76553108440186	C8H6O3	[M + H]+	JKNKNWJNCOJPLI	InChI=1S/C8H6O3/c9-7-5-3-1-2-4-6(5)8(10)11-7/h1-4,7,9H	3-hydroxy-3H-2-benzofuran-1-one	C1=CC=C2C(=C1)C(OC2=O)O	1.13448548	636688;3804259;12220872	COCONUT:(CNP0079973);PubChem:(636688 3804259 12220872);PubMed;CHEBI:(495639);KEGG Mine	8592031842
14	1	N/A	-150.06071868992862	C8H6O3	[M + H]+	ULEKGOXADQVOIF	InChI=1S/C8H6O3/c9-8-5-10-6-3-1-2-4-7(6)11-8/h1-4H,5H2	1,4-benzodioxin-3-one	C1C(=O)OC2=CC=CC=C2O1	1.39999998	4685450	COCONUT:(CNP0002476);HMDB:(40528);PubChem:(4685450);PubChem class - bio and metabolites;PubChem class - safety and toxic;PubMed	85983306
15	1	N/A	-155.06916229147765	C8H6O3	[M + H]+	FAQJJMHZNSSFSM	InChI=1S/C8H6O3/c9-7(8(10)11)6-4-2-1-3-5-6/h1-5H,(H,10,11)	bmse000743	C1=CC=C(C=C1)C(=O)C(=O)O	1.29999995	11915;1548898;12252257;46782741;56846696;56848407;89745211;89745215;89745218;89745224;89745226;89745228;89745229;89745231;89745274;101831351;132214675	HMDB:(1587);SuperNatural:(SN00216071);ZINC bio:(ZINC01529359);MeSH:(11915 1548898);Plantcyc:(Peptidyl-Carrier-Protein-Group PHENYLGLYOXYLATE);PubMed;NORMAN:(NS00015182);COCONUT:(CNP0256089);Natural Products:(UNPD77764);PubChem:(11915 1548898 12252257 46782741 56846696 56848407 89745211 89745215 89745218 89745224 89745226 89745228 89745229 89745231 89745274 101831351 132214675);YMDB Mine;CHEBI:(18280 36656);PubChem class - bio and metabolites;EcoCyc Mine;KEGG:(C02137);PubChem class - safety and toxic;Biocyc:(PHENYLGLYOXYLATE)	51627075950
16	1	N/A	-158.6970813000635	C8H6O3	[M + H]+	QZMQKPGVXNSITP	InChI=1S/C8H6O3/c9-4-6-2-1-3-7-8(6)11-5-10-7/h1-4H,5H2	4-Formyl-1,3-benzodioxole	C1OC2=CC=CC(=C2O1)C=O	1.20000005	82264	NORMAN:(NS00037965);PubChem class - safety and toxic;PubChem:(82264);PubMed	67371074
17	1	N/A	-162.09100275796303	C8H6O3	[M + H]+	SATCULPHIDQDRE	InChI=1S/C8H6O3/c9-4-6-1-2-7-8(3-6)11-5-10-7/h1-4H,5H2	Geliotropin	C1OC2=C(O1)C=C(C=C2)C=O	1.40066373	8438;10820744;12998383;57971425;58878705;87475128	HMDB:(32612);PubChem class - food;SuperNatural:(SN00000172);ZINC bio:(ZINC00001953);additional;HSDB:(120-57-0);MeSH:(8438);PubMed;NORMAN:(NS00001813);COCONUT:(CNP0179491);KNApSAcK:(2666);Natural Products:(UNPD64754);PubChem:(8438 10820744 12998383 57971425 58878705 87475128);CHEBI:(8240);PubChem class - bio and metabolites;KEGG:(C10812);PubChem class - safety and toxic;YMDB:(1776);Training Set;PubChem class - drug;Biocyc:(CPD-19433)	255716222
18	1	N/A	-192.5317355813051	C8H6O3	[M + H]+	ACMHTOFQUBCMIA	InChI=1S/C8H6O3/c1-5-4-7(9)11-6-2-3-10-8(5)6/h2-4H,1H3	null	CC1=CC(=O)OC2=C1OC=C2	0.899999976	57805541	COCONUT:(CNP0311589);Natural Products:(UNPD69694);PubChem:(57805541);SuperNatural:(SN00395902)	3178498
19	1	N/A	-196.1458282230159	C8H6O3	[M + H]+	GKFXZHLOGJDYKO	InChI=1S/C8H6O3/c9-7-5-3-1-2-4-6-8(10)11/h4,6,9H,7H2,(H,10,11)	null	C(C#CC#CC=CC(=O)O)O	0.200000003	101409060;131751174	COCONUT:(CNP0225337);HMDB:(31515);Natural Products:(UNPD135107);PubChem:(101409060 131751174);PubChem class - bio and metabolites	18907146
20	1	N/A	-197.1538622061005	C8H6O3	[M + H]+	OCIDWCNTDVLGKP	InChI=1S/C8H6O3/c9-7-5-3-1-2-4-6(5)8(10)11-7/h1,3H,2,4H2	4,5-dihydro-2-benzofuran-1,3-dione	C1CC2=C(C=C1)C(=O)OC2=O	1.0	22908190	COCONUT:(CNP0113734);PubChem:(22908190);SuperNatural:(SN00163576)	3145730
21	1	N/A	-210.96496763880313	C8H6O3	[M + H]+	JUTMAMXOAOYKHT	InChI=1S/C8H6O3/c1-5-6-2-3-10-4-7(6)11-8(5)9/h2-4H,1H3	Karrikinolide	CC1=C2C=COC=C2OC1=O	0.5	11469158;51003129;102264112	COCONUT:(CNP0206179);Natural Products:(UNPD118929);PubChem:(11469158 51003129 102264112);SuperNatural:(SN00311216);PubChem class - bio and metabolites;MeSH:(11469158);PubMed	19955782
22	1	N/A	-212.47023013201056	C8H6O3	[M + H]+	XCGJCRKHWHYKIE	InChI=1S/C8H6O3/c9-7-5-3-1-2-4-6(5)8(10)11-7/h1-2H,3-4H2	3,6-Dihydrophthalic anhydride	C1C=CCC2=C1C(=O)OC2=O	1.0	138348	PubChem:(138348);COCONUT:(CNP0253398)	2097154
23	1	N/A	-242.91096376918043	C8H6O3	[M + H]+	QBQMAYZRWYXFMW	InChI=1S/C8H6O3/c9-8-4-6(5-11-8)7-2-1-3-10-7/h1-4H,5H2	null	C1C(=CC(=O)O1)C2=CC=CO2	0.5	10866515	COCONUT:(CNP0215277);Natural Products:(UNPD144734);PubChem:(10866515);SuperNatural:(SN00329161)	3178498
24	1	N/A	-264.8294138533999	C8H6O3	[M + H]+	LCMVWZCQKTZBFZ	InChI=1S/C8H6O3/c9-7-5-3-1-2-4-6(5)8(10)11-7/h1-3,6H,4H2	3a,4-dihydro-2-benzofuran-1,3-dione	C1C=CC=C2C1C(=O)OC2=O	1.0	5316734	COCONUT:(CNP0305683);Natural Products:(UNPD25096);PubChem:(5316734);SuperNatural:(SN00243277 SN00162886)	3178498