structureRankPerFormula	formulaRank	ConfidenceScore	CSI:FingerIDScore	molecularFormula	adduct	InChIkey2D	InChI	name	smiles	xlogp	pubchemids	links	dbflags
1	1	N/A	-229.25433605677108	C14H23NO8	[M + H]+	HUJIDEAKQMIQLN	InChI=1S/C14H23NO8/c15-4-3-6-1-2-7(17)9(18)13(6)23-14-12(21)11(20)10(19)8(5-16)22-14/h1-3,7-14,16-21H,4-5,15H2	null	C1=CC(=CCN)C(C(C1O)O)OC2C(C(C(C(O2)CO)O)O)O	-3.42538834	""	COCONUT:(CNP0213793);Natural Products:(UNPD101176 UNPD60904 UNPD174198);SuperNatural:(SN00312428 SN00314773)	3178496
2	1	N/A	-421.18329687477507	C14H23NO8	[M + H]+	HTMBAJBCOAIPGE	InChI=1S/C14H23NO8/c16-3-5-1-7(11(20)13(22)9(5)18)15-8-2-6(4-17)10(19)14(23)12(8)21/h1-2,7-23H,3-4H2	(1S,2S,3R,6S)-4-(hydroxymethyl)-6-[[(1S,4R,5S,6S)-4,5,6-trihydroxy-3-(hydroxymethyl)cyclohex-2-en-1-yl]amino]cyclohex-4-ene-1,2,3-triol	C1=C(C(C(C(C1NC2C=C(C(C(C2O)O)O)CO)O)O)O)CO	-5.0	11174982;11382021;21021612	MeSH:(11382021);PubChem:(11174982 11382021 21021612);PubMed;Biocyc:(CPD-18791)	2118
3	1	N/A	-477.8085807799425	C14H23NO8	[M + H]+	IUGVDRFIVSPVGO	InChI=1S/C14H23NO8/c1-3-4-14(13(21)22)5-8(18)10(15-7(2)17)12(23-14)11(20)9(19)6-16/h3,8-12,16,18-20H,1,4-6H2,2H3,(H,15,17)(H,21,22)	5-acetamido-4-hydroxy-2-prop-2-enyl-6-(1,2,3-trihydroxypropyl)oxane-2-carboxylic acid	CC(=O)NC1C(CC(OC1C(C(CO)O)O)(CC=C)C(=O)O)O	-1.79999995	449535;4627391;46936198;71450895;71454431	COCONUT:(CNP0021612);PubChem:(449535 4627391 46936198 71450895 71454431);PubMed;PubChem class - bio and metabolites	18874434
1	1	0.245545996164824	-209.675441664367	C14H25NO9	[M - H2O + H]+	UQSNMDDZJRJJQN	InChI=1S/C14H25NO9/c1-23-14-13(22)11(20)8(7(4-17)24-14)15-6-2-5(3-16)9(18)12(21)10(6)19/h2,6-22H,3-4H2,1H3	6-Hmecv	COC1C(C(C(C(O1)CO)NC2C=C(C(C(C2O)O)O)CO)O)O	-4.19999981	127767;15586867;58618580;58618603;58618622;58618645;58960848;58960855;58960860;70684192;70692640;101343187	MeSH:(127767);PubChem:(127767 15586867 58618580 58618603 58618622 58618645 58960848 58960855 58960860 70684192 70692640 101343187);PubMed	70
2	1	N/A	-242.36673421903544	C14H25NO9	[M - H2O + H]+	GKBHOUDSQKMYLD	InChI=1S/C14H25NO9/c16-4-7-10(20)11(21)12(22)14(23-7)24-13-8-5(17)1-2-15(8)3-6(18)9(13)19/h5-14,16-22H,1-4H2	null	C1CN2CC(C(C(C2C1O)OC3C(C(C(C(O3)CO)O)O)O)O)O	-3.79999995	10089286;10315921;45110292;67836532;67836534;67836704;67837069	COCONUT:(CNP0280729);Natural Products:(UNPD26914);PubChem:(10089286 10315921 45110292 67836532 67836534 67836704 67837069);SuperNatural:(SN00385051)	3178498
3	1	N/A	-242.84606006694077	C14H25NO9	[M - H2O + H]+	IBRGQMNBXXWJOL	InChI=1S/C14H25NO9/c1-5-7(18)3-8(19)14(22-5)24-12-10(15-6(2)17)13(21)23-9(4-16)11(12)20/h5,7-14,16,18-21H,3-4H2,1-2H3,(H,15,17)	Epitope ID:194982	CC1C(CC(C(O1)OC2C(C(OC(C2O)CO)O)NC(=O)C)O)O	-2.70000005	50909814	PubChem:(50909814);PubMed;CHEBI:(61212)	98
4	1	N/A	-247.18391364549194	C14H25NO9	[M - H2O + H]+	OJXPOESQKZPFOR	InChI=1S/C14H25NO9/c16-3-5-13(10(20)8-6(18)1-2-15(5)8)24-14-12(22)11(21)9(19)7(4-17)23-14/h5-14,16-22H,1-4H2	(2R,3R,4S,5S,6R)-2-[[(1S,2R,3R,7S,8R)-1,7-dihydroxy-3-(hydroxymethyl)-2,3,5,6,7,8-hexahydro-1H-pyrrolizin-2-yl]oxy]-6-(hydroxymethyl)oxane-3,4,5-triol	C1CN2C(C(C(C2C1O)O)OC3C(C(C(C(O3)CO)O)O)O)CO	-3.79999995	21576629	COCONUT:(CNP0129761);Natural Products:(UNPD52785);PubChem:(21576629)	2129922
5	1	N/A	-251.45836658257662	C14H25NO9	[M - H2O + H]+	VSIBQEVRUCQEPI	InChI=1S/C14H25NO9/c1-5-9(18)11(20)12(21)14(23-5)24-13-7(15-6(2)17)4-22-8(3-16)10(13)19/h5,7-14,16,18-21H,3-4H2,1-2H3,(H,15,17)	N-[(3S,4R,5S,6R)-5-hydroxy-6-(hydroxymethyl)-4-[(2R,3S,4R,5S,6S)-3,4,5-trihydroxy-6-methyloxan-2-yl]oxyoxan-3-yl]acetamide	CC1C(C(C(C(O1)OC2C(COC(C2O)CO)NC(=O)C)O)O)O	-3.20000005	5288292;5288904	PubChem:(5288292 5288904);PubChem class - bio and metabolites	16777218
6	1	N/A	-256.7881858478524	C14H25NO9	[M - H2O + H]+	RZSPTXNJXPJAAB	InChI=1S/C14H25NO9/c16-3-5-1-6(9(19)11(21)8(5)18)15-7-2-14(24,4-17)13(23)12(22)10(7)20/h1,6-13,15-24H,2-4H2	ACMC-20cxjo	C1C(C(C(C(C1(CO)O)O)O)O)NC2C=C(C(C(C2O)O)O)CO	-5.19999981	194720;9998060	COCONUT:(CNP0151622);KNApSAcK:(17814);Natural Products:(UNPD180047);PubChem:(194720 9998060);SuperNatural:(SN00282289);MeSH:(194720);PubMed	3178582
7	1	N/A	-258.16260367852055	C14H25NO9	[M - H2O + H]+	OTSKEODGNQKECL	InChI=1S/C14H25NO9/c16-2-4-1-6(11(21)13(23)8(4)18)15-7-9(19)5(3-17)10(20)14(24)12(7)22/h1,5-24H,2-3H2	Validoxylamine B	C1=C(C(C(C(C1NC2C(C(C(C(C2O)O)O)CO)O)O)O)O)CO	-5.0999999	170180;9975215;71695617;101280136;134692037	COCONUT:(CNP0142557);Natural Products:(UNPD189033);PubChem:(170180 9975215 71695617 101280136 134692037);SuperNatural:(SN00290624);CHEBI:(141057 141055);MeSH:(71695617 101280136);PubChem class - safety and toxic;PubMed	70287462
8	1	N/A	-283.31700933025445	C14H25NO9	[M - H2O + H]+	UIXRJFNYBVNZID	InChI=1S/C14H25NO9/c1-5-9(17)12(20)13(21)14(24-5)23-4-8-11(19)10(18)7(3-22-8)15-6(2)16/h5,7-14,17-21H,3-4H2,1-2H3,(H,15,16)	N-[(3S,4R,5S,6R)-4,5-dihydroxy-6-[[(2R,3S,4R,5S,6S)-3,4,5-trihydroxy-6-methyloxan-2-yl]oxymethyl]oxan-3-yl]acetamide	CC1C(C(C(C(O1)OCC2C(C(C(CO2)NC(=O)C)O)O)O)O)O	-3.70000005	5288976;5288977	PubChem:(5288976 5288977);PubChem class - bio and metabolites	16777218
9	1	N/A	-348.45886461184267	C14H25NO9	[M - H2O + H]+	NWZJNQQHMPANAH	InChI=1S/C14H25NO9/c1-14(2,3)24-13(20)15-5-8(16)22-6-7-9(17)10(18)11(19)12(21-4)23-7/h7,9-12,17-19H,5-6H2,1-4H3,(H,15,20)	methyl 6-O-[N-(tert-butoxycarbonyl)glycyl]-alpha-L-glucopyranoside	CC(C)(C)OC(=O)NCC(=O)OCC1C(C(C(C(O1)OC)O)O)O	-1.29999995	1794318;1794319;4837082;7093938;7093939;7188547;7188548;7188549;6574972;16403510;25573212;25573218;25573224;25573231;124867673;124896964	COCONUT:(CNP0411425);PubChem:(1794318 1794319 4837082 7093938 7093939 7188547 7188548 7188549 6574972 16403510 25573212 25573218 25573224 25573231 124867673 124896964);SuperNatural:(SN00088777 SN00088778 SN00088780 SN00088779);PubMed;ZINC bio:(ZINC12880471 ZINC12880479 ZINC12880487 ZINC12880496)	3153986
1	2	N/A	-218.3824991919008	C15H21N5O5	[M - H2O + H]+	GYWXTRVEUURNEW	InChI=1S/C15H21N5O5/c21-4-9-11(23)12(24)15(25-9)20-6-18-10-13(16-5-17-14(10)20)19-7-2-1-3-8(7)22/h5-9,11-12,15,21-24H,1-4H2,(H,16,17,19)	Tocris-1957	C1CC(C(C1)O)NC2=C3C(=NC=N2)N(C=N3)C4C(C(C(O4)CO)O)O	-0.808457196	130214;4545575;6604923;10736906;10760508;10808094;9884817;16759592;21121259;23581828;25172276;44343895;51371105;57186228;53864706;53864707;56620851;58403773;66696606;67120731;69861030;92211540;95768270;129359785;134693095;138663631	PubChem:(130214 4545575 6604923 10736906 10760508 10808094 9884817 16759592 21121259 23581828 25172276 44343895 51371105 57186228 53864706 53864707 56620851 58403773 66696606 67120731 69861030 92211540 95768270 129359785 134693095 138663631);CHEBI:(131303 92714);additional;PubChem class - bio and metabolites;MeSH:(130214 4545575 9884817 16759592 23581828 44343895 134693095);PubChem class - safety and toxic;PubMed	84410470
2	2	N/A	-231.1885667934214	C15H21N5O5	[M - H2O + H]+	UTXZRKUAJPWZOZ	InChI=1S/C15H21N5O5/c1-2-3-4-9(21)24-5-8-11(22)12(23)15(25-8)20-7-19-10-13(16)17-6-18-14(10)20/h6-8,11-12,15,22-23H,2-5H2,1H3,(H2,16,17,18)	Ara-A-5''-valerate	CCCCC(=O)OCC1C(C(C(O1)N2C=NC3=C(N=CN=C32)N)O)O	-0.0115533937	163097;21387438;57152189;57358450	MeSH:(163097);PubChem:(163097 21387438 57152189 57358450);PubMed	70
3	2	N/A	-250.2016299136935	C15H21N5O5	[M - H2O + H]+	KWGURUHJWXXKEQ	InChI=1S/C15H21N5O5/c16-15(17)18-7-1-2-11(14(24)25)20-12(22)8-19-13(23)9-3-5-10(21)6-4-9/h3-6,11,21H,1-2,7-8H2,(H,19,23)(H,20,22)(H,24,25)(H4,16,17,18)	4-Hydroxy-Bz-gly-L-arg	C1=CC(=CC=C1C(=O)NCC(=O)NC(CCCN=C(N)N)C(=O)O)O	-1.0	129204;21121102	MeSH:(129204);PubChem:(129204 21121102);PubMed	70
4	2	N/A	-259.36111894153555	C15H21N5O5	[M - H2O + H]+	GOSWTRUMMSCNCW	InChI=1S/C15H21N5O5/c1-8(4-21)2-3-16-13-10-14(18-6-17-13)20(7-19-10)15-12(24)11(23)9(5-22)25-15/h2,6-7,9,11-12,15,21-24H,3-5H2,1H3,(H,16,17,18)	Ribosylzeatin	CC(=CCNC1=C2C(=NC=N1)N(C=N2)C3C(C(C(O3)CO)O)O)CO	-1.04775059	5529;161606;7059623;7067468;7067469;7251187;7251189;5354008;5375662;6440982;6604678;9841360;13935023;13935024;26281480;23986636;24802566;29922448;44120136;57016549;68896524;71182815;86287434;95566345;95401047;131632286;135419297	HMDB:(30388);SuperNatural:(SN00011190 SN00005981 SN00005982 SN00402929 SN00348953 SN00291658 SN00011189);ZINC bio:(ZINC03875158 ZINC03875160 ZINC04492892 ZINC04492894 ZINC04521935 ZINC21985929 ZINC21985931);additional;MeSH:(5529 161606 5375662 6440982 13935024 24802566 86287434);Plantcyc:(CPD-4442 METHYL-GROUP CPD-4208);PubMed;NORMAN:(NS00014570);COCONUT:(CNP0240376);KNApSAcK:(95);Natural Products:(UNPD89143 UNPD126037 UNPD190622 UNPD228578);PubChem:(5529 161606 7059623 7067468 7067469 7251187 7251189 5354008 5375662 6440982 6604678 9841360 13935023 13935024 26281480 23986636 24802566 29922448 44120136 57016549 68896524 71182815 86287434 95566345 95401047 131632286 135419297);CHEBI:(71693 20838 20833);PubChem class - bio and metabolites;KEGG:(C16431 C16449);Training Set;Biocyc:(CPD-4442 CPD-4208)	20900222
5	2	N/A	-264.59173391732895	C15H21N5O5	[M - H2O + H]+	JMLKMOZXMNZTAS	InChI=1S/C15H21N5O5/c1-8(2-3-21)4-16-13-10-14(18-6-17-13)20(7-19-10)15-12(24)11(23)9(5-22)25-15/h2,6-7,9,11-12,15,21-24H,3-5H2,1H3,(H,16,17,18)	Norzeatin riboside	CC(=CCO)CNC1=C2C(=NC=N1)N(C=N2)C3C(C(C(O3)CO)O)O	-1.04775059	6450017	MeSH:(6450017);PubChem:(6450017);PubMed	70
6	2	N/A	-293.55823851997155	C15H21N5O5	[M - H2O + H]+	RLJFXPQTJCNTCL	InChI=1S/C15H21N5O5/c21-6-8-10(22)11(23)14(25-8)20-12-9(13(24)17-7-16-12)18-15(20)19-4-2-1-3-5-19/h7-8,10-11,14,21-23H,1-6H2,(H,16,17,24)	Oprea1_458536	C1CCN(CC1)C2=NC3=C(N2C4C(C(C(O4)CO)O)O)N=CNC3=O	-0.800000012	135665662;135737020;135737021;135737022;135737023;136039886;136089165;137021612;135881415;135403899;135482468	COCONUT:(CNP0365583);PubChem:(135665662 135737020 135737021 135737022 135737023 136039886 136089165 137021612 135881415 135403899 135482468);ZINC bio:(ZINC05886092)	2105346
7	2	N/A	-349.66903360108086	C15H21N5O5	[M - H2O + H]+	FZTZGUHMZVISAB	InChI=1S/C15H21N5O5/c1-10-5-7-11(8-6-10)13(21)18-12(14(22)25-2)4-3-9-17-15(16)19-20(23)24/h5-8,12H,3-4,9H2,1-2H3,(H,18,21)(H3,16,17,19)	methyl 5-{[imino(nitroamino)methyl]amino}-2-[(4-methylphenyl)carbonylamino]pen tanoate	CC1=CC=C(C=C1)C(=O)NC(CCCN=C(N)N[N+](=O)[O-])C(=O)OC	1.20000005	51063596;136205490;136205491	COCONUT:(CNP0094953);Training Set;PubChem:(51063596 136205490 136205491)	2113538
8	2	N/A	-400.4884050119948	C15H21N5O5	[M - H2O + H]+	JZZKQYZIVNXGQG	InChI=1S/C15H21N5O5/c1-8(5-24-15-12(23)11(22)9(4-21)25-15)2-3-16-13-10-14(18-6-17-10)20-7-19-13/h2,6-7,9,11-12,15,21-23H,3-5H2,1H3,(H2,16,17,18,19,20)	null	CC(=CCNC1=NC=NC2=C1NC=N2)COC3C(C(C(O3)CO)O)O	-0.300000012	134817355	COCONUT:(CNP0264467);Natural Products:(UNPD139334);PubChem:(134817355)	2129922
9	2	N/A	-420.27542967028035	C15H21N5O5	[M - H2O + H]+	BTXBYCHDVZGXMF	InChI=1S/C15H21N5O5/c1-8(4-24-15-12(23)11(22)9(21)5-25-15)2-3-16-13-10-14(18-6-17-10)20-7-19-13/h2,6-7,9,11-12,15,21-23H,3-5H2,1H3,(H2,16,17,18,19,20)	O-beta-D-Xylosylzeatin	CC(=CCNC1=NC=NC2=C1NC=N2)COC3C(C(C(CO3)O)O)O	-0.899999976	5189700;5280583;21158449	KEGG:(C03300);Plantcyc:(CPD-174);PubChem:(5189700 5280583 21158449);CHEBI:(17438);Biocyc:(CPD-174)	133410
10	2	N/A	-566.7162079282626	C15H21N5O5	[M - H2O + H]+	STHNBKLGORPDEO	InChI=1S/C15H21N5O5/c1-2-17-5-7-18(8-6-17)10-13-11-19(15(21)25-13)16-9-12-3-4-14(24-12)20(22)23/h3-4,9,13H,2,5-8,10-11H2,1H3	5-(4-Ethyl-1-piperazinylmethyl)-3-((5-nitro-2-furfurylidene)amino)-2-oxazolidinone	CCN1CCN(CC1)CC2CN(C(=O)O2)N=CC3=CC=C(O3)[N+](=O)[O-]	1.39999998	3022189;6366215;9554032	PubChem:(3022189 6366215 9554032);PubChem class - safety and toxic	67108866
11	2	N/A	-591.9267762774398	C15H21N5O5	[M - H2O + H]+	VQRWKNSHAPORCJ	InChI=1S/C15H21N5O5/c1-11-8-18(6-5-17(11)2)9-13-10-19(15(21)25-13)16-7-12-3-4-14(24-12)20(22)23/h3-4,7,11,13H,5-6,8-10H2,1-2H3	N-(5-Nitro-2-furfurilidene)-3-amino-5-(3,4-dimetilpiperazinometil)-2-ossazolidinone	CC1CN(CCN1C)CC2CN(C(=O)O2)N=CC3=CC=C(O3)[N+](=O)[O-]	1.39999998	3022188;6366214;9554031	PubChem:(3022188 6366214 9554031);PubChem class - safety and toxic	67108866
12	2	N/A	-595.2348600566752	C15H21N5O5	[M - H2O + H]+	UNPLJKONDXUTJW	InChI=1S/C15H21N5O5/c1-11-8-17(2)5-6-18(11)9-13-10-19(15(21)25-13)16-7-12-3-4-14(24-12)20(22)23/h3-4,7,11,13H,5-6,8-10H2,1-2H3	N-(5-Nitro-2-furfurilidene)-3-amino-5-(2,4-dimetilpiperazinometil)-2-ossazolidinone	CC1CN(CCN1CC2CN(C(=O)O2)N=CC3=CC=C(O3)[N+](=O)[O-])C	1.39999998	3022187;6366213;9554030	PubChem:(3022187 6366213 9554030);PubChem class - safety and toxic	67108866
13	2	N/A	-608.6488519140127	C15H21N5O5	[M - H2O + H]+	NAKCBMVTFVJDCW	InChI=1S/C15H21N5O5/c1-8-3-12(18-25-8)15(23)16-11-4-9(13(21)14(11)22)5-20-6-10(7-24-2)17-19-20/h3,6,9,11,13-14,21-22H,4-5,7H2,1-2H3,(H,16,23)	null	CC1=CC(=NO1)C(=O)NC2CC(C(C2O)O)CN3C=C(N=N3)COC	-1.29999995	75529366	PubChem:(75529366);COCONUT:(CNP0007402)	2097154
1	2	N/A	-280.66176664430424	C15H19N5O4	[M + H]+	QHMAWZUYSNXUJM	InChI=1S/C15H19N5O4/c1-2-3-4-14(21)18-15(22)16-7-8-19-10-17-12-6-5-11(20(23)24)9-13(12)19/h5-6,9-10H,2-4,7-8H2,1H3,(H2,16,18,21,22)	N-[2-(6-nitrobenzimidazol-1-yl)ethylcarbamoyl]pentanamide	CCCCC(=O)NC(=O)NCCN1C=NC2=C1C=C(C=C2)[N+](=O)[O-]	2.0	3050481	PubChem:(3050481);PubChem class - safety and toxic	67108866
2	2	N/A	-404.9946385606113	C15H19N5O4	[M + H]+	VBSQNHBYSYNMIG	InChI=1S/C15H19N5O4/c1-18(2)9-14(21)17-11-4-6-13(7-5-11)24-10-12-8-16-15(19(12)3)20(22)23/h4-8H,9-10H2,1-3H3,(H,17,21)	2-(Dimethylamino)-4''-((1-methyl-2-nitroimidazole-5-yl)methoxy)acetanilide	CN1C(=CN=C1[N+](=O)[O-])COC2=CC=C(C=C2)NC(=O)CN(C)C	1.62920356	137306;101131899;101131900	MeSH:(137306);PubChem:(137306 101131899 101131900);PubMed	70
3	2	N/A	-432.8782439046977	C15H19N5O4	[M + H]+	IRJCUGKXTJOKJJ	InChI=1S/C15H19N5O4/c16-18-9-10-1-3-11(4-2-10)20-8-6-12(14(20)23)19-15(24)17-7-5-13(21)22/h1-4,9,12H,5-8,16H2,(H,21,22)(H2,17,19,24)	null	C1CN(C(=O)C1NC(=O)NCCC(=O)O)C2=CC=C(C=C2)C=NN	-0.5	19697146;70083296;88140082	MeSH:(70083296);PubChem:(19697146 70083296 88140082);PubMed	70
4	2	N/A	-482.05827454675426	C15H19N5O4	[M + H]+	ZMVJFDSUHZPPDR	InChI=1S/C15H19N5O4/c1-2-3-9-23-14(21)18-13-16-11(19-7-5-4-6-8-19)10-12-17-15(22)24-20(12)13/h4-5,10H,2-3,6-9H2,1H3,(H,16,18,21)	Butyl 7-(3,6-dihydro-1(2H)-pyridyl)-2-oxo-2H-(1,2,4)-oxadiazolo(2,3-c)pyrimidine-5-carbamate	CCCCOC(=O)NC1=NC(=CC2=NC(=O)ON21)N3CCC=CC3	2.0	3068370	PubChem:(3068370);PubChem class - safety and toxic	67108866
5	2	N/A	-520.0363114700657	C15H19N5O4	[M + H]+	MWWOXOPFRZUERC	InChI=1S/C15H19N5O4/c1-10(2)9-23-14(21)18-13-16-11(19-6-4-3-5-7-19)8-12-17-15(22)24-20(12)13/h3-4,8,10H,5-7,9H2,1-2H3,(H,16,18,21)	Isobutyl 7-(3,6-dihydro-1(2H)-pyridyl)-2-oxo-2H-(1,2,4)oxadiazolo(2,3-c)pyrimidine-5-carbamate	CC(C)COC(=O)NC1=NC(=CC2=NC(=O)ON21)N3CCC=CC3	2.0999999	3070521	PubChem:(3070521);PubChem class - safety and toxic	67108866
6	2	N/A	-523.6127320411788	C15H19N5O4	[M + H]+	ZCWQWKGQGKOVJR	InChI=1S/C15H19N5O4/c1-8-11-12(9-4-6-10(7-5-9)20(23)24)18(2)15(22)17-13(11)19(3)14(21)16-8/h4-8,11-13H,1-3H3,(H,16,21)(H,17,22)	Oprea1_288333	CC1C2C(N(C(=O)NC2N(C(=O)N1)C)C)C3=CC=C(C=C3)[N+](=O)[O-]	0.600000024	1516484;1516485;1516486;1516487;1516488;1516489;1516490;1516491;580595;703944;1256236;933508;933510;933511;933513;5291726;5291727;6955590;6955591;16396877;23796235	COCONUT:(CNP0367128);PubChem:(1516484 1516485 1516486 1516487 1516488 1516489 1516490 1516491 580595 703944 1256236 933508 933510 933511 933513 5291726 5291727 6955590 6955591 16396877 23796235);SuperNatural:(SN00068489 SN00043024 SN00049019 SN00068488);PubMed;ZINC bio:(ZINC00087468 ZINC01067349 ZINC04028236 ZINC04028237)	3153986