structureRankPerFormula	formulaRank	ConfidenceScore	CSI:FingerIDScore	molecularFormula	adduct	InChIkey2D	InChI	name	smiles	xlogp	pubchemids	links	dbflags
1	1	0.18869527417786364	-19.175077139002425	C35H66O5	[M + Na]+	ADLOEVQMJKYKSR	InChI=1S/C35H66O5/c1-3-5-7-9-11-13-15-17-19-21-23-25-27-29-34(37)39-32-33(31-36)40-35(38)30-28-26-24-22-20-18-16-14-12-10-8-6-4-2/h14,16,33,36H,3-13,15,17-32H2,1-2H3	Diacylglycerol(16:0/16:1)	CCCCCCCCCCCCCCCC(=O)OCC(CO)OC(=O)CCCCCCCC=CCCCCCC	13.1000004	9543678;14275339;138116950	COCONUT:(CNP0216777);HMDB:(7099);PubChem:(9543678 14275339 138116950);SuperNatural:(SN00216938);CHEBI:(84394);PubChem class - bio and metabolites;YMDB:(1128);Lipid:(DG(16:1_16:0))	4314955818
2	1	N/A	-19.175077139002425	C35H66O5	[M + Na]+	SOSGKRNPXYNQLV	InChI=1S/C35H66O5/c1-3-5-7-9-11-13-15-16-17-18-20-21-23-25-27-29-34(37)39-32-33(31-36)40-35(38)30-28-26-24-22-19-14-12-10-8-6-4-2/h13,15,33,36H,3-12,14,16-32H2,1-2H3	Diacylglycerol(18:1n7/14:0)	CCCCCCCCCCCCCC(=O)OC(CO)COC(=O)CCCCCCCCCC=CCCCCCC	13.1000004	53478057;134767429	COCONUT:(CNP0084991);HMDB:(7182);PubChem:(53478057 134767429);SuperNatural:(SN00217020);YMDB Mine;CHEBI:(88367);PubChem class - bio and metabolites;Lipid:(DG(16:1_16:0))	38674628650
3	1	N/A	-19.175077139002425	C35H66O5	[M + Na]+	MBRVICKZLSURSE	InChI=1S/C35H66O5/c1-3-5-7-9-11-13-15-16-17-18-20-21-23-25-27-29-34(37)39-32-33(31-36)40-35(38)30-28-26-24-22-19-14-12-10-8-6-4-2/h10,12,33,36H,3-9,11,13-32H2,1-2H3	Diacylglycerol(18:0/14:1)	CCCCCCCCCCCCCCCCCC(=O)OCC(CO)OC(=O)CCCCCCCC=CCCCC	13.1000004	53478046;134748866;138208540	COCONUT:(CNP0084882);HMDB:(7154);PubChem:(53478046 134748866 138208540);SuperNatural:(SN00216993);YMDB Mine;CHEBI:(88536);PubChem class - bio and metabolites;Lipid:(DG(16:1_16:0))	38674628650
4	1	N/A	-19.175077139002425	C35H66O5	[M + Na]+	PAHKOLCUPPSBEU	InChI=1S/C35H66O5/c1-3-5-7-9-11-13-15-16-17-18-20-22-24-26-28-30-35(38)40-33(31-36)32-39-34(37)29-27-25-23-21-19-14-12-10-8-6-4-2/h10,12,33,36H,3-9,11,13-32H2,1-2H3	Diacylglycerol(14:1/18:0)	CCCCCCCCCCCCCCCCCC(=O)OC(CO)COC(=O)CCCCCCCC=CCCCC	13.1000004	53477977;134757166	COCONUT:(CNP0084740);HMDB:(7042);PubChem:(53477977 134757166);SuperNatural:(SN00216882);YMDB Mine;CHEBI:(88786);PubChem class - bio and metabolites;Lipid:(DG(16:1_16:0))	38674628650
5	1	N/A	-19.175077139002425	C35H66O5	[M + Na]+	XITYIRJXXQNQKT	InChI=1S/C35H66O5/c1-3-5-7-9-11-13-15-16-17-18-20-22-24-26-28-30-35(38)40-33(31-36)32-39-34(37)29-27-25-23-21-19-14-12-10-8-6-4-2/h13,15,33,36H,3-12,14,16-32H2,1-2H3	Diacylglycerol(14:0/18:1n7)	CCCCCCCCCCCCCC(=O)OCC(CO)OC(=O)CCCCCCCCCC=CCCCCCC	13.1000004	53477952;134778621	COCONUT:(CNP0084729);HMDB:(7014);PubChem:(53477952 134778621);SuperNatural:(SN00216855);YMDB Mine;CHEBI:(88809);PubChem class - bio and metabolites;Lipid:(DG(16:1_16:0))	38674628650
6	1	N/A	-19.175077139002425	C35H66O5	[M + Na]+	PBQUPIXOPSSWNK	InChI=1S/C35H66O5/c1-3-5-7-9-11-13-15-17-19-21-23-25-27-29-34(37)39-32-33(31-36)40-35(38)30-28-26-24-22-20-18-16-14-12-10-8-6-4-2/h13,15,33,36H,3-12,14,16-32H2,1-2H3	Diacylglycerol(16:1/16:0)	CCCCCCCCCCCCCCCC(=O)OC(CO)COC(=O)CCCCCCCC=CCCCCCC	13.1000004	54180809;53478036;88619415;134757337	COCONUT:(CNP0084931);HMDB:(7127);PubChem:(54180809 53478036 88619415 134757337);SuperNatural:(SN00216966);YMDB Mine;CHEBI:(88471);PubChem class - bio and metabolites;Lipid:(DG(16:1_16:0))	38674628650
7	1	N/A	-22.454558423648997	C35H66O5	[M + Na]+	XEQQGHISHUGMIP	InChI=1S/C35H66O5/c1-3-5-7-9-11-13-15-16-17-18-20-22-24-26-28-30-35(38)40-33(31-36)32-39-34(37)29-27-25-23-21-19-14-12-10-8-6-4-2/h16-17,33,36H,3-15,18-32H2,1-2H3	myristoyl-oleoyl-glycerol	CCCCCCCCCCCCCC(=O)OCC(CO)OC(=O)CCCCCCCC=CCCCCCCCC	13.1000004	14275341;54465660;71728388;71728391	COCONUT:(CNP0202816);HMDB:(7015);PubChem:(14275341 54465660 71728388 71728391);SuperNatural:(SN00216856);YMDB Mine;CHEBI:(75541 75465 75582 75540);PubChem class - bio and metabolites;Lipid:(DG(16:1_16:0))	38674628650
8	1	N/A	-22.454558423648997	C35H66O5	[M + Na]+	HMLMESHNDWTNJR	InChI=1S/C35H66O5/c1-3-5-7-9-11-13-15-16-17-18-20-21-23-25-27-29-34(37)39-32-33(31-36)40-35(38)30-28-26-24-22-19-14-12-10-8-6-4-2/h16-17,33,36H,3-15,18-32H2,1-2H3	Diacylglycerol(18:1n9/14:0)	CCCCCCCCCCCCCC(=O)OC(CO)COC(=O)CCCCCCCC=CCCCCCCCC	13.1000004	53884923;53478086;88290582;88290583	COCONUT:(CNP0047448);HMDB:(7211);PubChem:(53884923 53478086 88290582 88290583);SuperNatural:(SN00217048);YMDB Mine;CHEBI:(75446);PubChem class - bio and metabolites;Lipid:(DG(16:1_16:0))	38674628650
9	1	N/A	-64.5216340003339	C35H66O5	[M + Na]+	HOLHLECQGLHJBO	InChI=1S/C35H66O5/c1-3-5-7-9-11-13-15-16-17-18-20-22-24-26-28-30-35(38)40-32-33(36)31-39-34(37)29-27-25-23-21-19-14-12-10-8-6-4-2/h13,15,33,36H,3-12,14,16-32H2,1-2H3	null	CCCCCCCCCCCCCC(=O)OCC(COC(=O)CCCCCCCCCC=CCCCCCC)O	13.1000004	98117725;98117726;132939463;131801694	PubChem:(98117725 98117726 132939463 131801694);HMDB:(55961)	10
10	1	N/A	-67.80111528498054	C35H66O5	[M + Na]+	DPKKTCYRXHCYKZ	InChI=1S/C35H66O5/c1-3-5-7-9-11-13-15-16-17-18-20-22-24-26-28-30-35(38)40-32-33(36)31-39-34(37)29-27-25-23-21-19-14-12-10-8-6-4-2/h16-17,33,36H,3-15,18-32H2,1-2H3	null	CCCCCCCCCCCCCC(=O)OCC(COC(=O)CCCCCCCC=CCCCCCCCC)O	13.1000004	98117724;97289724;131766443	HMDB:(55962);PubChem:(98117724 97289724 131766443);YMDB Mine	34359738378
11	1	N/A	-67.80111528498054	C35H66O5	[M + Na]+	GDBBHUCNLZBTBE	InChI=1S/C35H66O5/c1-3-5-7-9-11-13-15-17-19-21-23-25-27-29-34(37)39-31-33(36)32-40-35(38)30-28-26-24-22-20-18-16-14-12-10-8-6-4-2/h17,19,33,36H,3-16,18,20-32H2,1-2H3	null	CCCCCCCCCCCCCCCC(=O)OCC(COC(=O)CCCCCC=CCCCCCCCC)O	13.1000004	131801738	PubChem:(131801738);HMDB:(56015)	10
12	1	N/A	-73.30867385701657	C35H66O5	[M + Na]+	CDFZYIZFRNOOQS	InChI=1S/C35H66O5/c1-3-5-7-9-11-13-15-16-17-18-20-22-24-26-28-30-35(38)40-32-33(36)31-39-34(37)29-27-25-23-21-19-14-12-10-8-6-4-2/h21,23,33,36H,3-20,22,24-32H2,1-2H3	null	CCCCCCCCCCCCCCCCCC(=O)OCC(COC(=O)CCCC=CCCCCCCCC)O	13.1000004	131801759	PubChem:(131801759);HMDB:(56040)	10
13	1	N/A	-199.03337713288946	C35H66O5	[M + Na]+	JQIWPIBBXGJDOF	InChI=1S/C35H66O5/c1-3-4-5-6-18-22-25-28-34(38)32(33(30-36)31(2)37)27-24-21-19-16-14-12-10-8-7-9-11-13-15-17-20-23-26-29-35(39)40/h6,18,23,26,31-34,36-38H,3-5,7-17,19-22,24-25,27-30H2,1-2H3,(H,39,40)	(3E,26E)-21-(1,3-dihydroxybutan-2-yl)-22-hydroxyhentriaconta-3,26-dienoic acid	CCCCC=CCCCC(C(CCCCCCCCCCCCCCCCC=CCC(=O)O)C(CO)C(C)O)O	11.1000004	58892262;72455234	COCONUT:(CNP0211891);Natural Products:(UNPD112287);PubChem:(58892262 72455234);SuperNatural:(SN00259542)	3178498
14	1	N/A	-242.58015443487437	C35H66O5	[M + Na]+	OKFLZRPANVZVIQ	InChI=1S/C35H66O5/c1-3-4-5-6-7-8-9-10-11-12-14-18-23-32(36)24-19-15-13-16-20-25-33(37)26-21-17-22-27-34(38)29-31-28-30(2)40-35(31)39/h28,30,32-34,36-38H,3-27,29H2,1-2H3	longanin	CCCCCCCCCCCCCCC(CCCCCCCC(CCCCCC(CC1=CC(OC1=O)C)O)O)O	11.3000002	10531032;44559076	COCONUT:(CNP0382305);KNApSAcK:(44225);Natural Products:(UNPD10362);PubChem:(10531032 44559076);SuperNatural:(SN00362124);PubMed	3178578