structureRankPerFormula	formulaRank	ConfidenceScore	CSI:FingerIDScore	molecularFormula	adduct	InChIkey2D	InChI	name	smiles	xlogp	pubchemids	links	dbflags
1	1	N/A	-110.44570683465636	C18H28O3	[M - H2O + H]+	PDQDPBXUHQIIKF	InChI=1S/C18H28O3/c1-18-7-6-12-11-3-2-10(19)8-14(11)16(20)9-13(12)15(18)4-5-17(18)21/h10-16,19-20H,2-9H2,1H3	(3R,5S,6R,8R,9S,10R,13S,14S)-3,6-dihydroxy-13-methyl-2,3,4,5,6,7,8,9,10,11,12,14,15,16-tetradecahydro-1H-cyclopenta[a]phenanthren-17-one	CC12CCC3C4CCC(CC4C(CC3C1CCC2=O)O)O	2.0999999	21580614;21580615;102211771	COCONUT:(CNP0113746);Natural Products:(UNPD43754);PubChem:(21580614 21580615 102211771);SuperNatural:(SN00367767)	3178498
2	1	N/A	-112.79938778308976	C18H28O3	[M - H2O + H]+	MWTVKHPOHVKKET	InChI=1S/C18H28O3/c1-18-7-6-13-12-3-2-11(19)8-10(12)9-15(20)17(13)14(18)4-5-16(18)21/h10-15,17,19-20H,2-9H2,1H3	null	CC12CCC3C4CCC(CC4CC(C3C1CCC2=O)O)O	2.97097015	""	COCONUT:(CNP0333234);Natural Products:(UNPD98875);SuperNatural:(SN00389107)	3178496
3	1	N/A	-113.4550660589061	C18H28O3	[M - H2O + H]+	PMTMAFAPLCGXGK	InChI=1S/C18H28O3/c1-2-3-7-11-16-15(13-14-17(16)19)10-8-5-4-6-9-12-18(20)21/h3,7,13-16H,2,4-6,8-12H2,1H3,(H,20,21)	o-Phytodienoic acid	CCC=CCC1C(C=CC1=O)CCCCCCCC(=O)O	4.69999981	656750;188366;439449;6168511;5280411;5282268;6526145;14037060;14037061;14037062;14037063;10334541;45266620;45480565;49867442;57358591;71751403;71348099	SuperNatural:(SN00337898 SN00315795 SN00006859 SN00036718);ZINC bio:(ZINC04095588 ZINC13452110 ZINC13512452 ZINC13512454);additional;MeSH:(188366 5280411 6168511 6526145 10334541 14037063);Plantcyc:(CPD-729);PubMed;COCONUT:(CNP0050238 CNP0173799);KNApSAcK:(365);Natural Products:(UNPD56120 UNPD17522 UNPD53741);PubChem:(656750 188366 439449 6168511 5280411 5282268 6526145 14037060 14037061 14037062 14037063 10334541 45266620 45480565 49867442 57358591 71751403 71348099);CHEBI:(59427 57411 15560 34005);PubChem class - bio and metabolites;KEGG:(C13816 C01226);Training Set;Biocyc:(CPD-729 CPD-21296)	20638070
4	1	N/A	-119.11328251244194	C18H28O3	[M - H2O + H]+	ACHDMUPTZYZIGR	InChI=1S/C18H28O3/c1-2-3-4-5-6-8-11-14-17(19)15-12-9-7-10-13-16-18(20)21/h3-4,6,8,11,14H,2,5,7,9-10,12-13,15-16H2,1H3,(H,20,21)	9-Oxo-10,12,15-odta	CCC=CCC=CC=CC(=O)CCCCCCCC(=O)O	4.5999999	3017510;6365597;11380794	COCONUT:(CNP0256961);Natural Products:(UNPD131773);PubChem:(3017510 6365597 11380794);CHEBI:(142251);additional;MeSH:(6365597);Training Set;PubMed;KEGG Mine	8592605286
5	1	N/A	-120.50248285412356	C18H28O3	[M - H2O + H]+	BNMYUQILBYIYOG	InChI=1S/C18H28O3/c1-2-3-11-14-17(19)15-12-9-7-5-4-6-8-10-13-16-18(20)21/h3,7,9,11-12,15H,2,4-6,8,10,13-14,16H2,1H3,(H,20,21)	9,11,15-Octadecatrienoic acid, 13-oxo-	CCC=CCC(=O)C=CC=CCCCCCCCC(=O)O	4.69999981	11426350;53691468;122164584;137349668	COCONUT:(CNP0385342);Natural Products:(UNPD62204 UNPD222099 UNPD207908);PubChem:(11426350 53691468 122164584 137349668);SuperNatural:(SN00327776);PubChem class - bio and metabolites;KEGG Mine	8609890306
6	1	N/A	-124.53811483595636	C18H28O3	[M - H2O + H]+	XQUGJIFOYBNDBQ	InChI=1S/C18H28O3/c1-12-6-7-13-4-2-3-5-17(13)16(12)9-8-15-10-14(19)11-18(20)21-15/h6-7,12-17,19H,2-5,8-11H2,1H3	null	CC1C=CC2CCCCC2C1CCC3CC(CC(=O)O3)O	4.0999999	38363010;45359535;51694301;51694302;51694303;51694304;101116324;124827952;124827953	COCONUT:(CNP0347316);PubChem:(38363010 45359535 51694301 51694302 51694303 51694304 101116324 124827952 124827953);SuperNatural:(SN00038211 SN00034164 SN00034165 SN00038210 SN00034166 SN00034167 SN00038213 SN00038212);ZINC bio:(ZINC31169290 ZINC31169294 ZINC31169297 ZINC31169301 ZINC35465219 ZINC35465222 ZINC35465225 ZINC35465227);additional;Training Set;KEGG Mine	8593629186
7	1	N/A	-125.2685649671991	C18H28O3	[M - H2O + H]+	FHISTCNLGBJMKN	InChI=1S/C18H28O3/c1-2-3-4-5-8-11-14-17(19)15-12-9-6-7-10-13-16-18(20)21/h12,15H,2-5,7-8,10-11,13-14,16H2,1H3,(H,20,21)	8-Octadecen-6-ynoicacid, 10-oxo-, (8E)-	CCCCCCCCC(=O)C=CC#CCCCCC(=O)O	5.0	57357377	COCONUT:(CNP0183243);Natural Products:(UNPD119467);PubChem:(57357377)	2129922
8	1	N/A	-127.50501738533457	C18H28O3	[M - H2O + H]+	UDNFCQRCBRMBQF	InChI=1S/C18H28O3/c1-2-17(19)15-13-11-9-7-5-3-4-6-8-10-12-14-16-18(20)21/h3,5,9,11,13,15H,2,4,6-8,10,12,14,16H2,1H3,(H,20,21)	null	CCC(=O)C=CC=CCC=CCCCCCCCC(=O)O	4.69999981	129602189	COCONUT:(CNP0086877);Training Set;PubChem:(129602189)	2113538
9	1	N/A	-127.62113724020985	C18H28O3	[M - H2O + H]+	IYEHRWJNUWAXAD	InChI=1S/C18H28O3/c1-2-3-7-10-15-13-14-17(19)16(15)11-8-5-4-6-9-12-18(20)21/h3,7,13-16H,2,4-6,8-12H2,1H3,(H,20,21)	10-Oxo-11,15-phytodienoic acid	CCC=CCC1C=CC(=O)C1CCCCCCCC(=O)O	4.5	23724712;122706550;122706551;139291902	COCONUT:(CNP0031264);PubChem:(23724712 122706550 122706551 139291902);SuperNatural:(SN00215256);CHEBI:(80446);KEGG:(C16325);PubMed;Biocyc:(CPD-19348)	3148130
10	1	N/A	-128.67321701936226	C18H28O3	[M - H2O + H]+	PAJZUMALTGAWTA	InChI=1S/C18H28O3/c1-2-3-4-5-6-7-8-11-14-17(19)15-12-9-10-13-16-18(20)21/h17,19H,2-6,9-10,12-13,15-16H2,1H3,(H,20,21)	8-hydroxy-9,11-octadecadiynoic acid	CCCCCCC#CC#CC(CCCCCCC(=O)O)O	4.80000019	5312836	COCONUT:(CNP0175607);Natural Products:(UNPD58696);PubChem:(5312836)	2129922
11	1	N/A	-128.94183015831436	C18H28O3	[M - H2O + H]+	IUVFRVBMKOCTCP	InChI=1S/C18H28O3/c1-11(19)3-4-14-12-9-10-18(2)15(6-8-17(18)21)13(12)5-7-16(14)20/h12-15,17,21H,3-10H2,1-2H3	17-beta-Hydroxy-4,5-secooestrane-3,5-dione	CC(=O)CCC1C2CCC3(C(C2CCC1=O)CCC3O)C	2.0999999	114418;21119233;22792587;101099029	PubChem:(114418 21119233 22792587 101099029);NORMAN:(NS00053314)	262146
12	1	N/A	-129.75986113291958	C18H28O3	[M - H2O + H]+	GRZIQOGCJOLRQO	InChI=1S/C18H28O3/c1-12-7-8-15-14(17(12,3)11-9-13(2)19)6-5-10-18(15,4)16(20)21/h6,12,15H,5,7-11H2,1-4H3,(H,20,21)	null	CC1CCC2C(=CCCC2(C)C(=O)O)C1(C)CCC(=O)C	3.7222147	""	COCONUT:(CNP0180850);Natural Products:(UNPD97654 UNPD118619);SuperNatural:(SN00343179)	3178496
13	1	N/A	-132.4699903498286	C18H28O3	[M - H2O + H]+	KWTFJBXQTYIPIU	InChI=1S/C18H28O3/c1-2-3-4-11-14-17(19)15-12-9-7-5-6-8-10-13-16-18(20)21/h3-4,9,11-12,14H,2,5-8,10,13,15-16H2,1H3,(H,20,21)	null	CCC=CC=CC(=O)CC=CCCCCCCCC(=O)O	4.69999981	86111239;131839809	COCONUT:(CNP0222355);Natural Products:(UNPD103041 UNPD217860 UNPD207909);PubChem:(86111239 131839809);SuperNatural:(SN00383484)	3178498
14	1	N/A	-134.03429325176225	C18H28O3	[M - H2O + H]+	HTPPATYWLRBHDR	InChI=1S/C18H28O3/c1-12-6-5-7-15-17(12,3)11-9-14(16(20)21)18(15,4)10-8-13(2)19/h6,14-15H,5,7-11H2,1-4H3,(H,20,21)	null	CC1=CCCC2C1(CCC(C2(C)CCC(=O)C)C(=O)O)C	3.29999995	15378120	COCONUT:(CNP0247766);Natural Products:(UNPD56858);PubChem:(15378120);SuperNatural:(SN00324404)	3178498
15	1	N/A	-134.32513132204883	C18H28O3	[M - H2O + H]+	HBRFKORKLCCQOQ	InChI=1S/C18H28O3/c1-11-15(20)13(19)9-14-17(11,3)6-5-12-10-16(2,21)7-8-18(12,14)4/h12,14,20-21H,5-10H2,1-4H3	Tagalsin P	CC1=C(C(=O)CC2C1(CCC3C2(CCC(C3)(C)O)C)C)O	3.0999999	49831499	COCONUT:(CNP0403648);Natural Products:(UNPD28025);PubChem:(49831499);SuperNatural:(SN00285987);PubMed	3178562
16	1	N/A	-137.37003068860116	C18H28O3	[M - H2O + H]+	BEXXCDTWFLMRDJ	InChI=1S/C18H28O3/c1-2-3-4-5-6-7-8-11-14-17(19)15-12-9-10-13-16-18(20)21/h17,19H,2-5,9-10,12-16H2,1H3,(H,20,21)	8-hydroxy-10,12-octadecadiynoic acid	CCCCCC#CC#CCC(CCCCCCC(=O)O)O	4.80000019	5312837	COCONUT:(CNP0391849);Natural Products:(UNPD30916);PubChem:(5312837)	2129922
17	1	N/A	-137.70797109379038	C18H28O3	[M - H2O + H]+	DTRGDWOPRCXRET	InChI=1S/C18H28O3/c1-2-3-4-5-6-7-8-9-10-11-12-13-14-17(19)15-16-18(20)21/h5-10H,2-4,11-16H2,1H3,(H,20,21)	Couepic acid	CCCCC=CC=CC=CCCCCC(=O)CCC(=O)O	4.4000001	101804;5281118;5318988;6325523	NORMAN:(NS00042832);COCONUT:(CNP0042567 CNP0154827);KNApSAcK:(1222);Natural Products:(UNPD177119 UNPD193190);PubChem:(101804 5281118 5318988 6325523);SuperNatural:(SN00267295 SN00160389 SN00356972);CHEBI:(28771);KEGG:(C08319)	3440946
18	1	N/A	-138.00892059511	C18H28O3	[M - H2O + H]+	WJXLWXJYJCBHME	InChI=1S/C18H28O3/c1-12-6-9-15-17(3,14(12)8-7-13(2)19)10-5-11-18(15,4)16(20)21/h14-15H,1,5-11H2,2-4H3,(H,20,21)	(1S,4aR,5S,8aR)-1,4a-dimethyl-6-methylidene-5-(3-oxobutyl)-3,4,5,7,8,8a-hexahydro-2H-naphthalene-1-carboxylic acid	CC(=O)CCC1C(=C)CCC2C1(CCCC2(C)C(=O)O)C	3.4000001	10565597;21635785;71546126	COCONUT:(CNP0181540);Natural Products:(UNPD229535 UNPD80861 UNPD12766);PubChem:(10565597 21635785 71546126);SuperNatural:(SN00382441 SN00365166)	3178498
19	1	N/A	-138.34779634586667	C18H28O3	[M - H2O + H]+	DFVZVNJGUDAZDP	InChI=1S/C18H28O3/c1-2-3-4-5-6-8-11-14-17(19)15-12-9-7-10-13-16-18(20)21/h4-5,11,14,17,19H,2-3,7,9-10,12-13,15-16H2,1H3,(H,20,21)	9-hydroxy-10E,14Z-octadecadien-12-ynoic acid	CCCC=CC#CC=CC(CCCCCCCC(=O)O)O	4.69999981	5312835;14757745	COCONUT:(CNP0204929);Natural Products:(UNPD207763);PubChem:(5312835 14757745);PubMed	2129986
20	1	N/A	-139.71219391533435	C18H28O3	[M - H2O + H]+	APWVQFPFWVNZPF	InChI=1S/C18H28O3/c1-2-3-4-5-6-7-8-9-10-11-14-17(19)15-12-13-16-18(20)21/h17,19H,2-8,12-13,15-16H2,1H3,(H,20,21)	6-hydroxy-7,9-octadecadiynoic acid	CCCCCCCCC#CC#CC(CCCCC(=O)O)O	4.80000019	14309408	COCONUT:(CNP0400127);Natural Products:(UNPD148346);PubChem:(14309408)	2129922
21	1	N/A	-141.96220830840346	C18H28O3	[M - H2O + H]+	CJWSTQBYJWFAJS	InChI=1S/C18H28O3/c1-2-17(20)13-9-6-7-11-15-18(21)14-10-5-3-4-8-12-16-19/h11,15,17-21H,2-5,8,10,12,14,16H2,1H3	null	CCC(C#CC#CC=CC(CCCCCCCCO)O)O	3.29999995	53348970	COCONUT:(CNP0254829);Natural Products:(UNPD36715);PubChem:(53348970)	2129922
22	1	N/A	-145.33174374132344	C18H28O3	[M - H2O + H]+	UAPHRLWQVWHFJC	InChI=1S/C18H28O3/c1-2-17(20)13-10-11-15-18(21)14-9-7-5-3-4-6-8-12-16-19/h9,14,17-21H,2-8,12,16H2,1H3	null	CCC(C#CC#CC(C=CCCCCCCCCO)O)O	3.4000001	102336598	COCONUT:(CNP0215030);Natural Products:(UNPD75727);PubChem:(102336598)	2129922
23	1	N/A	-146.14157417903988	C18H28O3	[M - H2O + H]+	OYKAXBUWOIRLGF	InChI=1S/C18H28O3/c1-2-3-4-5-7-10-13-16-21-17-14-11-8-6-9-12-15-18(19)20/h3-4,7,10,13-14,16-17H,2,5-6,8-9,11-12,15H2,1H3,(H,19,20)	colnelenate	CCC=CCC=CC=COC=CCCCCCCC(=O)O	5.19999981	171172;6441679;25245649;102069289	COCONUT:(CNP0304838);HMDB:(30996);KNApSAcK:(448);PubChem:(171172 6441679 25245649 102069289);CHEBI:(60960 60959);PubChem class - bio and metabolites;MeSH:(6441679);KEGG:(C16320);Plantcyc:(CPD-8680);PubMed;Biocyc:(CPD-8680)	19007870
24	1	N/A	-146.18262619955516	C18H28O3	[M - H2O + H]+	KICRKYKTMPUVKC	InChI=1S/C18H28O3/c1-2-3-4-5-6-7-8-11-14-17(19)15-12-9-10-13-16-18(20)21/h2,7-8,17,19H,1,3-6,9-10,12-13,15-16H2,(H,20,21)	(-)-8-hydroxy-11E,17-octadecadien-9-ynoic acid	C=CCCCCC=CC#CC(CCCCCCC(=O)O)O	4.5999999	5312834	COCONUT:(CNP0323475);Natural Products:(UNPD8545);PubChem:(5312834)	2129922
25	1	N/A	-150.1967195347558	C18H28O3	[M - H2O + H]+	QWRJRLCIDLDGLM	InChI=1S/C18H28O3/c1-2-3-4-13-16-21-17-14-11-9-7-5-6-8-10-12-15-18(19)20/h3-4,9,11,13-14,16-17H,2,5-8,10,12,15H2,1H3,(H,19,20)	Etherolenic acid	CCC=CC=COC=CC=CCCCCCCCC(=O)O	5.28191662	23724709;71446765;101716242;101716244;134820435;134820457;134820498	PubChem:(23724709 71446765 101716242 101716244 134820435 134820457 134820498);CHEBI:(80443);ZINC bio:(ZINC30730621);KEGG:(C16319);PubMed;Biocyc:(CPD-21297 CPD-21301 CPD-21298)	10594
26	1	N/A	-152.28058039163474	C18H28O3	[M - H2O + H]+	YUVVYHALXOFCQY	InChI=1S/C18H28O3/c1-2-3-4-5-8-11-14-17(19)15-12-9-6-7-10-13-16-18(20)21/h3-4,6,8-9,11-12,15,17,19H,2,5,7,10,13-14,16H2,1H3,(H,20,21)	(6Z,8Z,12Z,15Z)-10-hydroxyoctadeca-6,8,12,15-tetraenoate	CCC=CCC=CCC(C=CC=CCCCCC(=O)O)O	4.0999999	44222893;46872291;59755727;72553385	COCONUT:(CNP0311059);Natural Products:(UNPD6909);PubChem:(44222893 46872291 59755727 72553385);SuperNatural:(SN00331694)	3178498
27	1	N/A	-154.0521502022613	C18H28O3	[M - H2O + H]+	GJJQSLHKYMBDMD	InChI=1S/C18H28O3/c1-2-3-4-5-6-7-8-9-10-11-12-13-14-17(19)15-16-18(20)21/h2,7-8,15-16H,1,3-6,9-14H2,(H,20,21)	(2E,11Z)-4-oxooctadeca-2,11,17-trienoic Acid	C=CCCCCC=CCCCCCCC(=O)C=CC(=O)O	5.0999999	11818661	COCONUT:(CNP0275058);Natural Products:(UNPD181229);PubChem:(11818661);SuperNatural:(SN00396290)	3178498
28	1	N/A	-156.13132036971345	C18H28O3	[M - H2O + H]+	QWBXOCNPBJFCSB	InChI=1S/C18H28O3/c1-12-8-10-18(4)14(16(20)21)6-5-7-15(18)17(12,3)11-9-13(2)19/h6,12,15H,5,7-11H2,1-4H3,(H,20,21)	null	CC1CCC2(C(C1(C)CCC(=O)C)CCC=C2C(=O)O)C	4.0999999	101324816	COCONUT:(CNP0275711);Natural Products:(UNPD108958);PubChem:(101324816);SuperNatural:(SN00297376)	3178498
29	1	N/A	-159.47753475435368	C18H28O3	[M - H2O + H]+	YUAMLBJTILMTGK	InChI=1S/C18H28O3/c1-2-3-4-5-6-7-8-9-10-11-12-13-14-17(19)15-16-18(20)21/h2,9-10,15-16H,1,3-8,11-14H2,(H,20,21)	null	C=CCCCCCCC=CCCCCC(=O)C=CC(=O)O	5.0999999	102586821	COCONUT:(CNP0210689);Natural Products:(UNPD51893);PubChem:(102586821);SuperNatural:(SN00243759)	3178498
30	1	N/A	-159.50605926064026	C18H28O3	[M - H2O + H]+	KMTXKMXDKGLFCK	InChI=1S/C18H28O3/c1-17-8-7-14-12(13(17)5-6-15(17)19)4-3-11-9-16(20)21-10-18(11,14)2/h11-15,19H,3-10H2,1-2H3	17|A-hydroxy-2-oxa-5|A-androstan-3-one	CC12CCC3C(C1CCC2O)CCC4C3(COC(=O)C4)C	3.36833882	252289;4562700;58356502;69104070;92316339;92316340;92316388;92316389	COCONUT:(CNP0236500);PubChem:(252289 4562700 58356502 69104070 92316339 92316340 92316388 92316389);SuperNatural:(SN00214686);CHEBI:(79436);KEGG:(C14911);PubMed	3146082
31	1	N/A	-159.53782287648866	C18H28O3	[M - H2O + H]+	YZBZORUZOSCZRN	InChI=1S/C18H28O3/c1-2-3-10-13-16-17(21-16)14-11-8-6-4-5-7-9-12-15-18(19)20/h3,8,10-11,14,16H,2,4-7,9,12-13,15H2,1H3,(H,19,20)	epoxylinolenic acid	CCC=CCC1C(=CC=CCCCCCCCC(=O)O)O1	5.0	644080;440433;5280712;5497151;9548585;16061041;16069997;20843327;20843328;21158458;21158459;25244011;87570476;87220917;87440564;90121910	COCONUT:(CNP0081386 CNP0246690);PubChem:(644080 440433 5280712 5497151 9548585 16061041 16069997 20843327 20843328 21158458 21158459 25244011 87570476 87220917 87440564 90121910);SuperNatural:(SN00215527);CHEBI:(136633 15653 134055 36438);PubChem class - bio and metabolites;KEGG:(C04672);Plantcyc:(CPD-728);PubMed;Biocyc:(CPD-728)	20056418
32	1	N/A	-160.28975576472513	C18H28O3	[M - H2O + H]+	CXNZCFVPMJZWJF	InChI=1S/C18H28O3/c1-18-8-12(20)7-15(18)14-4-2-10-6-11(19)3-5-13(10)17(14)16(21)9-18/h10,12-17,20-21H,2-9H2,1H3	null	CC12CC(CC1C3CCC4CC(=O)CCC4C3C(C2)O)O	2.68339491	""	COCONUT:(CNP0184938);Natural Products:(UNPD130211);SuperNatural:(SN00361759)	3178496
33	1	N/A	-161.44909017006086	C18H28O3	[M - H2O + H]+	JXOIHUQGYNBPCC	InChI=1S/C18H28O3/c1-12(20)6-7-14-13(2)15(21)10-16-17(3,11-19)8-5-9-18(14,16)4/h6-7,14-16,19,21H,2,5,8-11H2,1,3-4H3	null	CC(=O)C=CC1C(=C)C(CC2C1(CCCC2(C)CO)C)O	2.29999995	102472834	COCONUT:(CNP0215738);Natural Products:(UNPD145238);PubChem:(102472834)	2129922
34	1	N/A	-161.55087760494365	C18H28O3	[M - H2O + H]+	RHVWQVSLVMXMBR	InChI=1S/C18H28O3/c1-2-3-7-11-16-15(13-14-17(16)19)10-8-5-4-6-9-12-18(20)21/h3,7H,2,4-6,8-14H2,1H3,(H,20,21)	8-[3-Oxo-2-(pent-2-en-1-yl)cyclopent-1-enyl]octanoic acid	CCC=CCC1=C(CCC1=O)CCCCCCCC(=O)O	4.0999999	591115;5373082;10424442;101221957	COCONUT:(CNP0087280 CNP0255998);PubChem:(591115 5373082 10424442 101221957);SuperNatural:(SN00020293);MeSH:(10424442);Training Set;PubMed;KEGG Mine	8593096774
35	1	N/A	-164.78416080781662	C18H28O3	[M - H2O + H]+	DNACOAAHNFXRTM	InChI=1S/C18H28O3/c1-16-6-5-14(20)8-12(16)4-7-17-9-13(2-3-15(16)17)18(21,10-17)11-19/h12-13,15,19,21H,2-11H2,1H3	null	CC12CCC(=O)CC1CCC34C2CCC(C3)C(C4)(CO)O	2.0999999	4596648;6708726	PubChem:(4596648 6708726);COCONUT:(CNP0338835)	2097154
36	1	N/A	-169.81087314726872	C18H28O3	[M - H2O + H]+	AAJODOMQIUQTFG	InChI=1S/C18H28O3/c1-2-3-4-5-7-10-13-16-17(21-16)14-11-8-6-9-12-15-18(19)20/h3-4,7,10,13,17H,2,5-6,8-9,11-12,14-15H2,1H3,(H,19,20)	9,10-Epoxyoctadecatrienoic acid	CCC=CCC=CC=C1C(O1)CCCCCCCC(=O)O	4.9000001	23724711;25202728;25245491;91820017;102165368	PubChem:(23724711 25202728 25245491 91820017 102165368);CHEBI:(80445);PubChem class - bio and metabolites;KEGG:(C16324);Plantcyc:(CPD-8682);Biocyc:(CPD-8682)	16910626
37	1	N/A	-170.8085448322875	C18H28O3	[M - H2O + H]+	OVJQXJFASKBALI	InChI=1S/C18H28O3/c1-6-15(19)18-13(9-11(2)3)10-12(4)14(18)7-8-17(5,21)16(18)20/h9,12-14,21H,6-8,10H2,1-5H3	null	CCC(=O)C12C(CCC(C1=O)(C)O)C(CC2C=C(C)C)C	3.4000001	25215563	COCONUT:(CNP0262629);Natural Products:(UNPD182656);PubChem:(25215563);SuperNatural:(SN00313813)	3178498
38	1	N/A	-174.97571937230572	C18H28O3	[M - H2O + H]+	QIMVLWYRLMXOML	InChI=1S/C18H28O3/c1-14(2)8-5-12-17(18(20)21)13-7-10-15(3)9-6-11-16(4)19/h8-9,13H,5-7,10-12H2,1-4H3,(H,20,21)	null	CC(=CCCC(=CCCC(=CCCC(=O)C)C)C(=O)O)C	4.30000019	16655283;16125348	COCONUT:(CNP0194072 CNP0290101);KNApSAcK:(30533);Natural Products:(UNPD70382 UNPD114650);PubChem:(16655283 16125348);SuperNatural:(SN00143444 SN00280745)	3178514
39	1	N/A	-177.0471125706747	C18H28O3	[M - H2O + H]+	NQKZDMRQSOUOJH	InChI=1S/C18H28O3/c1-2-3-7-11-16-17(21-16)14-13-15-10-8-5-4-6-9-12-18(19)20-15/h3,7,13-17H,2,4-6,8-12H2,1H3	gloeolactone	CCC=CCC1C(O1)C=CC2CCCCCCCC(=O)O2	4.4000001	10517777;10517778;10589748;10589750;10780007;10266359;101096866;101096867;101096868;101936988	COCONUT:(CNP0308375);Natural Products:(UNPD175772 UNPD176923);PubChem:(10517777 10517778 10589748 10589750 10780007 10266359 101096866 101096867 101096868 101936988);SuperNatural:(SN00225249 SN00308778);PubMed	3178562
40	1	N/A	-183.2578434100015	C18H28O3	[M - H2O + H]+	MQJPOSCYXGJLPQ	InChI=1S/C18H28O3/c1-5-16(19)20-13-14(2)7-6-10-18(4)15-8-11-17(3,21-18)12-9-15/h7-8,11,15H,5-6,9-10,12-13H2,1-4H3	null	CCC(=O)OCC(=CCCC1(C2CCC(O1)(C=C2)C)C)C	3.94204688	""	COCONUT:(CNP0416064);Natural Products:(UNPD118860);SuperNatural:(SN00247159)	3178496
41	1	N/A	-185.37161141093998	C18H28O3	[M - H2O + H]+	JUVISUKSYZUMFB	InChI=1S/C18H28O3/c1-11-15-8-13-7-12(10-20)14(5-4-6-19)18(15,9-16(11)21)17(13,2)3/h12-14,19-20H,4-10H2,1-3H3	null	CC1=C2CC3CC(C(C2(C3(C)C)CC1=O)CCCO)CO	2.69468832	""	COCONUT:(CNP0143283);SuperNatural:(SN00171027)	3145728
42	1	N/A	-185.74972215992074	C18H28O3	[M - H2O + H]+	LRNWRHRCWTZGNY	InChI=1S/C18H28O3/c1-4-6-7-8-9-10-15-18(21-3)17(20)14-12-11-13-16(19)5-2/h5,16-20H,2,4,6-10,15H2,1,3H3	9-methoxyheptadec-1-en-4,6-diyne-3,8-diol	CCCCCCCCC(C(C#CC#CC(C=C)O)O)OC	4.0999999	5319441	PubChem:(5319441);COCONUT:(CNP0109213)	2097154
43	1	N/A	-187.3001509575072	C18H28O3	[M - H2O + H]+	SLOVMPRLEGRJSP	InChI=1S/C18H28O3/c1-2-3-4-5-8-11-14-17(19)15-12-9-6-7-10-13-16-18(20)21/h6-12,15,17,19H,2-5,13-14,16H2,1H3,(H,20,21)	null	CCCCCC=CCC(C=CC=CC=CCCC(=O)O)O	4.5	54312051;101925463	MeSH:(54312051);PubChem:(54312051 101925463);PubMed	70
44	1	N/A	-187.61787445788573	C18H28O3	[M - H2O + H]+	GDDHSNYWKRZZQI	InChI=1S/C18H28O3/c1-12(19)9-13-10-17(4)7-6-8-18(17,5)15(20)14(13)11-16(2,3)21/h21H,6-11H2,1-5H3	null	CC(=O)CC1=C(C(=O)C2(CCCC2(C1)C)C)CC(C)(C)O	2.20000005	25156428	COCONUT:(CNP0144600);Natural Products:(UNPD113863);PubChem:(25156428);SuperNatural:(SN00371183)	3178498
45	1	N/A	-190.46893898022842	C18H28O3	[M - H2O + H]+	QSLYECSTHSYXDL	InChI=1S/C18H28O3/c1-4-6-7-8-12-15-18(21-3)17(20)14-11-9-10-13-16(19)5-2/h5,16-20H,2,4,6-8,12,14-15H2,1,3H3	10-methoxyheptadec-1-en-4,6-diyne-3,9-diol	CCCCCCCC(C(CC#CC#CC(C=C)O)O)OC	4.0	5320688;16655448;16655450;16655582;16656203;16656205	COCONUT:(CNP0146603);HMDB:(38035);Natural Products:(UNPD96745 UNPD184968);PubChem:(5320688 16655448 16655450 16655582 16656203 16656205);CHEBI:(142269);PubChem class - bio and metabolites;KEGG Mine	8608841770
46	1	N/A	-191.17679404034942	C18H28O3	[M - H2O + H]+	JLQLWTUUSOMCCC	InChI=1S/C18H28O3/c1-15(2)7-4-8-18-12(15)6-10-17(21-14(18)19)11-16(3,20)9-5-13(17)18/h12-13,20H,4-11H2,1-3H3	null	CC1(CCCC23C1CCC4(C2CCC(C4)(C)O)OC3=O)C	3.4000001	132580055	COCONUT:(CNP0147523);Natural Products:(UNPD151416);PubChem:(132580055);SuperNatural:(SN00293851)	3178498
47	1	N/A	-194.02201862907918	C18H28O3	[M - H2O + H]+	NSMPAJLGSQXBPP	InChI=1S/C18H28O3/c1-2-3-4-5-6-7-8-9-11-14-17(19)15-12-10-13-16-18(20)21/h6-7,9,11,17,19H,2-5,8,10,13-14,16H2,1H3,(H,20,21)	(9Z,12Z)-7-hydroxyoctadeca-9,12-dien-5-ynoic acid	CCCCCC=CCC=CCC(C#CCCCC(=O)O)O	4.30000019	23247571	COCONUT:(CNP0111709);Natural Products:(UNPD31194);PubChem:(23247571)	2129922
48	1	N/A	-194.96058692136077	C18H28O3	[M - H2O + H]+	LSMAUQIQTAVNFS	InChI=1S/C18H28O3/c1-4-6-8-10-12-14-16(19)18(20)17(21-3)15-13-11-9-7-5-2/h5,16-20H,2,4,6-7,9,11,13,15H2,1,3H3	null	CCCC#CC#CC(C(C(CCCCCC=C)OC)O)O	3.79999995	15730330	COCONUT:(CNP0339923);Natural Products:(UNPD50784);PubChem:(15730330)	2129922
49	1	N/A	-198.97409448063902	C18H28O3	[M - H2O + H]+	NTSLXGQBSLVZGL	InChI=1S/C18H28O3/c1-2-16(19)17-14-12-10-8-6-4-3-5-7-9-11-13-15-18(20)21-17/h4-7,10,12,16-17,19H,2-3,8-9,11,13-15H2,1H3	null	CCC(C1CC=CCC=CCC=CCCCCC(=O)O1)O	4.5999999	10780004	COCONUT:(CNP0306523);Natural Products:(UNPD63771);PubChem:(10780004);SuperNatural:(SN00313463)	3178498
50	1	N/A	-201.00901235673567	C18H28O3	[M - H2O + H]+	XEZFYRLYOQMUJU	InChI=1S/C18H28O3/c1-12(19)6-8-14-13(16(20)21)7-9-15-17(2,3)10-5-11-18(14,15)4/h7,14-15H,5-6,8-11H2,1-4H3,(H,20,21)	null	CC(=O)CCC1C(=CCC2C1(CCCC2(C)C)C)C(=O)O	3.7222147	""	COCONUT:(CNP0251224);KNApSAcK:(23388);Natural Products:(UNPD16828 UNPD50211);SuperNatural:(SN00343991 SN00321832)	3178512
51	1	N/A	-201.55909410463826	C18H28O3	[M - H2O + H]+	RSPXKHIGUUKIRP	InChI=1S/C18H28O3/c1-6-15(4)18(21)16(5)12-14(3)9-7-8-13(2)10-11-17(19)20/h6-7,9-10,12,16,18,21H,8,11H2,1-5H3,(H,19,20)	null	CC=C(C)C(C(C)C=C(C)C=CCC(=CCC(=O)O)C)O	4.69999981	125416496;125416497;125416498;125416499;129008978	COCONUT:(CNP0086900);Training Set;PubChem:(125416496 125416497 125416498 125416499 129008978)	2113538
52	1	N/A	-202.7686284290607	C18H28O3	[M - H2O + H]+	JTSYZNWZAZGCRT	InChI=1S/C18H28O3/c1-2-17-16(19)14-12-10-8-6-4-3-5-7-9-11-13-15-18(20)21-17/h4-7,10,12,16-17,19H,2-3,8-9,11,13-15H2,1H3	null	CCC1C(CC=CCC=CCC=CCCCCC(=O)O1)O	4.5999999	10803596	COCONUT:(CNP0186867);Natural Products:(UNPD108007);PubChem:(10803596);SuperNatural:(SN00299842)	3178498
53	1	N/A	-208.3796078692617	C18H28O3	[M - H2O + H]+	SMNWIHINAXZJMV	InChI=1S/C18H28O3/c1-5-21-10-12-9-18-11(2)6-7-13(17(18,3)4)8-14(18)15(12)16(19)20/h11-13H,5-10H2,1-4H3,(H,19,20)/p-1	null	CCOCC1CC23C(CCC(C2(C)C)CC3=C1C(=O)[O-])C	3.4685688	""	COCONUT:(CNP0176789 CNP0294955);SuperNatural:(SN00170909)	3145728
54	1	N/A	-210.7624098614038	C18H28O3	[M - H2O + H]+	XIILEOHFUKMEBS	InChI=1S/C18H28O3/c1-4-5-6-7-8-9-10-11-12-13-17(20-3)16-14-15(2)21-18(16)19/h4,14,17H,1-2,5-13H2,3H3	null	COC(CCCCCCCCCC=C)C1=CC(=C)OC1=O	5.5999999	9994490	COCONUT:(CNP0262175);Natural Products:(UNPD95679);PubChem:(9994490);SuperNatural:(SN00308170)	3178498
55	1	N/A	-220.29222608251297	C18H28O3	[M - H2O + H]+	LGEIXYGSQMJMKE	InChI=1S/C18H28O3/c1-2-15-14-12-16-18(21-16)13(14)10-8-6-4-3-5-7-9-11-17(19)20-15/h8,10,13-16,18H,2-7,9,11-12H2,1H3	Ecklonialactone B	CCC1C2CC3C(C2C=CCCCCCCCC(=O)O1)O3	4.5999999	6438442;14282403;23428256;135061432;135062110	COCONUT:(CNP0126237);Natural Products:(UNPD111470);PubChem:(6438442 14282403 23428256 135061432 135062110);SuperNatural:(SN00401419);MeSH:(6438442 23428256);PubMed	3178566
56	1	N/A	-225.74627154503926	C18H28O3	[M - H2O + H]+	YQYVOHICSWXXAJ	InChI=1S/C18H28O3/c1-2-3-4-5-6-7-10-18(20)21-15-8-9-16-11-13-17(19)14-12-16/h11-14,19H,2-10,15H2,1H3	null	CCCCCCCCC(=O)OCCCC1=CC=C(C=C1)O	5.49367476	""	COCONUT:(CNP0139812);Natural Products:(UNPD192132);SuperNatural:(SN00383627)	3178496
57	1	N/A	-227.7129101577014	C18H28O3	[M - H2O + H]+	SZQVHHNSXMFIQI	InChI=1S/C18H28O3/c1-12(19)21-11-14-4-5-17-16(14)8-13-6-7-18(17,2)9-15(13)10-20-3/h9,13-14,16-17H,4-8,10-11H2,1-3H3	null	CC(=O)OCC1CCC2C1CC3CCC2(C=C3COC)C	3.32434273	""	COCONUT:(CNP0029636);Natural Products:(UNPD76212);SuperNatural:(SN00401568)	3178496
58	1	N/A	-232.32582399067846	C18H28O3	[M - H2O + H]+	RANKACWCUPIJMQ	InChI=1S/C18H28O3/c1-15(2)14-11-5-6-12-7-8-13(19)18(12,14)17(20,10-21-4)16(15,3)9-11/h5-6,11-14,19-20H,7-10H2,1-4H3	null	CC1(C2C3CC1(C(C24C(CCC4O)C=C3)(COC)O)C)C	2.04310703	""	COCONUT:(CNP0093144);SuperNatural:(SN00170130)	3145728
59	1	N/A	-237.345545760039	C18H28O3	[M - H2O + H]+	WPGKEQMMTRTWDF	InChI=1S/C18H28O3/c1-4-5-6-7-8-9-16(19)12-10-15-11-13-17(20-2)18(14-15)21-3/h11,13-14H,4-10,12H2,1-3H3	null	CCCCCCCC(=O)CCC1=CC(=C(C=C1)OC)OC	5.08940172	85807832	COCONUT:(CNP0399688);KNApSAcK:(35687);PubChem:(85807832);SuperNatural:(SN00163736);KEGG Mine	8593080338
60	1	N/A	-237.50296076122555	C18H28O3	[M - H2O + H]+	WAXILJQBZIRBRJ	InChI=1S/C18H28O3/c1-11-9-14-15(18(4,5)20-6)8-7-12(2)17(14)16(10-11)21-13(3)19/h8-9,12,14,16-17H,7,10H2,1-6H3	null	CC1CC=C(C2C1C(CC(=C2)C)OC(=O)C)C(C)(C)OC	2.70000005	15923267	COCONUT:(CNP0252985);Natural Products:(UNPD132815);PubChem:(15923267);SuperNatural:(SN00391979)	3178498
61	1	N/A	-237.6356054419724	C18H28O3	[M - H2O + H]+	WPFIJMIBEGNIHW	InChI=1S/C18H28O3/c1-2-3-4-5-6-7-8-9-10-12-15(19)18-16(20)13-11-14-17(18)21/h11,13-14,20-21H,2-10,12H2,1H3	Phen-1,3-diol, 2-dodecanoyl-	CCCCCCCCCCCC(=O)C1=C(C=CC=C1O)O	6.5999999	365016	COCONUT:(CNP0299505);Natural Products:(UNPD55306);PubChem:(365016);SuperNatural:(SN00050595);ZINC bio:(ZINC01622614);additional;Training Set;PubMed	3727426
62	1	N/A	-240.696022880936	C18H28O3	[M - H2O + H]+	QXQMENSTZKYZCE	InChI=1S/C18H28O3/c1-7-17(3,4)13-9-10-15(21-12-16(19)20)14(11-13)18(5,6)8-2/h9-11H,7-8,12H2,1-6H3,(H,19,20)	Oprea1_260726	CCC(C)(C)C1=CC(=C(C=C1)OCC(=O)O)C(C)(C)CC	5.05291033	83411;6931458	NORMAN:(NS00024322);PubChem class - safety and toxic;PubChem:(83411 6931458)	67371010
63	1	N/A	-245.5773633701909	C18H28O3	[M - H2O + H]+	NZAAUHVZNQSNCV	InChI=1S/C18H28O3/c1-13(6-5-7-14(2)20)8-9-16-15(3)17(21)10-11-18(16,4)12-19/h6,8-9,14,19-20H,5,7,10-12H2,1-4H3	null	CC1=C(C(CCC1=O)(C)CO)C=CC(=CCCC(C)O)C	2.70000005	16107307;101536857	COCONUT:(CNP0199704);Natural Products:(UNPD181091 UNPD10263);PubChem:(16107307 101536857);SuperNatural:(SN00258797 SN00360295)	3178498
64	1	N/A	-247.7249556059416	C18H28O3	[M - H2O + H]+	XMCPNCDFYSBNAT	InChI=1S/C18H28O3/c1-12-15-13(10-19)9-18(11-20,16(15)21-3)17(12,2)14-7-5-4-6-8-14/h11,13-16,19H,1,4-10H2,2-3H3	null	CC1(C(=C)C2C(CC1(C2OC)C=O)CO)C3CCCCC3	3.05874109	""	COCONUT:(CNP0308639);SuperNatural:(SN00170336)	3145728
65	1	N/A	-247.93704716479743	C18H28O3	[M - H2O + H]+	NEJZHJHZOUISSH	InChI=1S/C18H28O3/c1-2-3-4-5-6-7-8-9-10-15-21-17-13-11-16(12-14-17)18(19)20/h11-14H,2-10,15H2,1H3,(H,19,20)	4-undecoxybenzoate	CCCCCCCCCCCOC1=CC=C(C=C1)C(=O)O	5.78125	519187;1810390	PubChem:(519187 1810390);PubChem class - safety and toxic	67108866
66	1	N/A	-248.63560989786328	C18H28O3	[M - H2O + H]+	CZLXQUDWYLAZQZ	InChI=1S/C18H28O3/c1-12-7-10-15(19)13(2)8-9-14-16(11-12)20-18(5,6)21-17(14,3)4/h11,14,16H,2,7-10H2,1,3-6H3	null	CC1=CC2C(CCC(=C)C(=O)CC1)C(OC(O2)(C)C)(C)C	2.9000001	10732427	COCONUT:(CNP0257423);Natural Products:(UNPD135315);PubChem:(10732427);SuperNatural:(SN00276005)	3178498
67	1	N/A	-249.53823250409317	C18H28O3	[M - H2O + H]+	AOWHBUFUMSNEAB	InChI=1S/C18H28O3/c1-12-15-9-20-10-18(12,11-21-13(2)19)8-16-14(15)6-5-7-17(16,3)4/h6,12,15-16H,5,7-11H2,1-4H3	Oprea1_433364	CC1C2COCC1(CC3C2=CCCC3(C)C)COC(=O)C	3.0999999	927488;927489;927490;927491;3812656;18397683;16395044	COCONUT:(CNP0360333);PubChem:(927488 927489 927490 927491 3812656 18397683 16395044);SuperNatural:(SN00046934 SN00046932 SN00046933 SN00046935);ZINC bio:(ZINC00517225 ZINC00517226 ZINC00517227 ZINC00517228)	3153922
68	1	N/A	-250.34065426139568	C18H28O3	[M - H2O + H]+	LRYVDYNQYBMNJP	InChI=1S/C18H28O3/c1-3-4-5-6-7-8-9-10-11-12-15-13-16(19)14-17(21-2)18(15)20/h13-14H,3-12H2,1-2H3	null	CCCCCCCCCCCC1=CC(=O)C=C(C1=O)OC	5.9000001	44559530	COCONUT:(CNP0330036);Natural Products:(UNPD94338);PubChem:(44559530);SuperNatural:(SN00301808);MeSH:(44559530);PubMed	3178566
69	1	N/A	-251.3912787327087	C18H28O3	[M - H2O + H]+	DNFFPEBVRBASNE	InChI=1S/C18H28O3/c1-12-9-13(2)17(10-20-15(4)19)11-21-18(7-5-6-8-18)16(12)14(17)3/h9,13-14,16H,5-8,10-11H2,1-4H3	Oprea1_709963	CC1C=C(C2C(C1(COC23CCCC3)COC(=O)C)C)C	2.9000001	720032;1248509;927977;927978;3771312;7565006;16395414;40543315;50897966;50935485;124305337;124305342	COCONUT:(CNP0361796);PubChem:(720032 1248509 927977 927978 3771312 7565006 16395414 40543315 50897966 50935485 124305337 124305342);SuperNatural:(SN00049009 SN00075004);ZINC bio:(ZINC01057591 ZINC05529047)	3153922
70	1	N/A	-252.15794748242766	C18H28O3	[M - H2O + H]+	XWKFUHRLLPQKDR	InChI=1S/C18H28O3/c1-2-3-4-5-6-10-16(19)11-8-7-9-15-12-13-17(20)18(21)14-15/h12-14,20-21H,2-11H2,1H3	null	CCCCCCCC(=O)CCCCC1=CC(=C(C=C1)O)O	5.16837025	""	COCONUT:(CNP0166484);Natural Products:(UNPD71458);SuperNatural:(SN00238658)	3178496
71	1	N/A	-252.77443316555159	C18H28O3	[M - H2O + H]+	MHKGRXHGSXALIB	InChI=1S/C18H28O3/c1-12-8-15(19)9-13(2)18(12)7-6-14(10-18)17(5)11-20-16(3,4)21-17/h8,13-14H,6-7,9-11H2,1-5H3	null	CC1CC(=O)C=C(C12CCC(C2)C3(COC(O3)(C)C)C)C	2.79999995	102442060	COCONUT:(CNP0105269);Natural Products:(UNPD215361 UNPD221900);PubChem:(102442060)	2129922
72	1	N/A	-254.05343046806382	C18H28O3	[M - H2O + H]+	PSBRSUDXSHBUIU	InChI=1S/C18H28O3/c1-4-5-6-7-8-9-10-11-12-13-14-17(15-16(2)19)18(20)21-3/h1,14H,5-13,15H2,2-3H3	null	CC(=O)CC(=CCCCCCCCCCC#C)C(=O)OC	4.90786743	""	COCONUT:(CNP0273245);Natural Products:(UNPD85422)	2129920
73	1	N/A	-256.53093732996393	C18H28O3	[M - H2O + H]+	ZLIYHAIWQBHWRO	InChI=1S/C18H28O3/c1-4-5-6-7-8-9-10-11-12-13-14-16-17(20-3)15(2)21-18(16)19/h4,14,17H,1-2,5-13H2,3H3	null	COC1C(=C)OC(=O)C1=CCCCCCCCCCC=C	5.69999981	101667800;129834178	COCONUT:(CNP0181098);Natural Products:(UNPD103775);PubChem:(101667800 129834178);SuperNatural:(SN00238682)	3178498
74	1	N/A	-256.90144168928157	C18H28O3	[M - H2O + H]+	PVYKKUGCNXURBV	InChI=1S/C18H28O3/c1-3-4-5-6-7-8-9-10-15-21-17-13-11-16(12-14-17)18(19)20-2/h11-14H,3-10,15H2,1-2H3	methyl 4-decoxybenzoate	CCCCCCCCCCOC1=CC=C(C=C1)C(=O)OC	5.74176598	3574987	PubChem class - safety and toxic;PubChem:(3574987);PubMed	67108930
75	1	N/A	-257.4632794535475	C18H28O3	[M - H2O + H]+	IWUPZPJBWFXWOI	InChI=1S/C18H28O3/c1-7-16(20-11-13(2)3)15-8-9-17(18(10-15)19-6)21-12-14(4)5/h7-10,13-14,16H,1,11-12H2,2-6H3	null	CC(C)COC1=C(C=C(C=C1)C(C=C)OCC(C)C)OC	4.58000278	""	COCONUT:(CNP0290595);Natural Products:(UNPD159946);SuperNatural:(SN00385996)	3178496
76	1	N/A	-261.0148969243499	C18H28O3	[M - H2O + H]+	DFLRQQOMLLBRKN	InChI=1S/C18H28O3/c1-3-4-5-6-7-8-9-10-13-21-17-12-11-16(15-19)14-18(17)20-2/h11-12,14-15H,3-10,13H2,1-2H3	4-decoxy-3-methoxybenzaldehyde	CCCCCCCCCCOC1=C(C=C(C=C1)C=O)OC	5.80000019	3572058	PubChem:(3572058);PubChem class - safety and toxic	67108866
77	1	N/A	-274.054179784751	C18H28O3	[M - H2O + H]+	CNKCFVAEACZBPL	InChI=1S/C18H28O3/c1-3-4-5-6-7-8-9-16(19)12-10-15-11-13-17(20)18(14-15)21-2/h11,13-14,20H,3-10,12H2,1-2H3	3-Undecanone, 1-(4-hydroxy-3-methoxyphenyl)-	CCCCCCCCC(=O)CCC1=CC(=C(C=C1)O)OC	5.12888575	13733135	COCONUT:(CNP0114705);HMDB:(40806);KNApSAcK:(35032);Natural Products:(UNPD87095);PubChem:(13733135);SuperNatural:(SN00334171);PubChem class - bio and metabolites;PubMed	19955802
78	1	N/A	-274.860241674376	C18H28O3	[M - H2O + H]+	YMRDFGZGYLPGPW	InChI=1S/C18H28O3/c1-3-4-5-6-7-8-9-10-14-21-17-13-11-12-16(15-17)18(19)20-2/h11-13,15H,3-10,14H2,1-2H3	Methyl 3-decoxybenzoate	CCCCCCCCCCOC1=CC=CC(=C1)C(=O)OC	5.74176598	4143720	PubChem:(4143720);PubChem class - safety and toxic	67108866
79	1	N/A	-285.6376348360553	C18H28O3	[M - H2O + H]+	RYAPXWXREQUXBI	InChI=1S/C18H28O3/c1-6-13(3)16(12-19)9-8-15-11-18(21-5)17(20-4)10-14(15)7-2/h10-13,16H,6-9H2,1-5H3	null	CCC1=CC(=C(C=C1CCC(C=O)C(C)CC)OC)OC	5.04422235	""	COCONUT:(CNP0310170);Natural Products:(UNPD68016);SuperNatural:(SN00287924)	3178496
80	1	N/A	-286.0874162251524	C18H28O3	[M - H2O + H]+	MIXQIMNQZANDMA	InChI=1S/C18H28O3/c1-5-7-8-10-13(3)11-12-16-15(9-6-2)17(19)14(4)18(20)21-16/h11,19H,5-10,12H2,1-4H3	iromycin MO	CCCCCC(=CCC1=C(C(=C(C(=O)O1)C)O)CCC)C	5.4000001	54732498	COCONUT:(CNP0272899);PubChem:(54732498);PubMed	2097218
81	1	N/A	-290.3345323764669	C18H28O3	[M - H2O + H]+	LNJSVPNNIXQXHB	InChI=1S/C18H28O3/c1-15(2)9-7-5-3-4-6-8-14-21-18(20)16-10-12-17(19)13-11-16/h10-13,15,19H,3-9,14H2,1-2H3	null	CC(C)CCCCCCCCOC(=O)C1=CC=C(C=C1)O	5.56167841	58159123	COCONUT:(CNP0237595);Natural Products:(UNPD107694);PubChem:(58159123);SuperNatural:(SN00329363)	3178498
82	1	N/A	-294.4341160311146	C18H28O3	[M - H2O + H]+	YVSIRBTWQSGOBH	InChI=1S/C18H28O3/c1-4-5-6-7-8-9-10-11-18(19)15-12-16(20-2)14-17(13-15)21-3/h12-14H,4-11H2,1-3H3	1-(3,5-Dimethoxyphenyl)decan-1-one	CCCCCCCCCC(=O)C1=CC(=CC(=C1)OC)OC	5.5999999	71816144	PubChem:(71816144);PubMed;PubChem class - bio and metabolites	16777282
83	1	N/A	-299.33909275548154	C18H28O3	[M - H2O + H]+	WLCQFJVNKAFPHT	InChI=1S/C18H28O3/c1-4-5-6-7-8-9-10-11-17(19)16-14-15(20-2)12-13-18(16)21-3/h12-14H,4-11H2,1-3H3	2'',5''-Dimethoxydecanophenone	CCCCCCCCCC(=O)C1=C(C=CC(=C1)OC)OC	5.5999999	3033006	PubChem:(3033006);PubChem class - safety and toxic	67108866
84	1	N/A	-300.5586887009456	C18H28O3	[M - H2O + H]+	IHHBZEDPSGRLEW	InChI=1S/C18H28O3/c1-8-15(19)21-11-12-9-13(17(2,3)4)16(20)14(10-12)18(5,6)7/h9-10,20H,8,11H2,1-7H3	ACMC-20lghu	CCC(=O)OCC1=CC(=C(C(=C1)C(C)(C)C)O)C(C)(C)C	5.0999999	16205665	PubChem:(16205665);NORMAN:(NS00066115)	262146
85	1	N/A	-300.6574602804786	C18H28O3	[M - H2O + H]+	VEFWVOKQOAMEEI	InChI=1S/C18H28O3/c1-5-8-9-10-14(6-2)11-16-12-15(7-3)17(21-16)13-18(19)20-4/h9-10,12-14,16H,5-8,11H2,1-4H3	null	CCCC=CC(CC)CC1C=C(C(=CC(=O)OC)O1)CC	5.01365948	""	COCONUT:(CNP0423484);Natural Products:(UNPD220710)	2129920
86	1	N/A	-307.3650963731635	C18H28O3	[M - H2O + H]+	PXMJCECEFTYEKE	InChI=1S/C18H28O3/c1-17(2,3)13-10-12(8-9-15(19)21-7)11-14(16(13)20)18(4,5)6/h10-11,20H,8-9H2,1-7H3	Oprea1_220662	CC(C)(C)C1=CC(=CC(=C1O)C(C)(C)C)CCC(=O)OC	5.0	62603	NORMAN:(NS00010693);PubChem class - safety and toxic;PubChem:(62603)	67371010
87	1	N/A	-325.75053276663454	C18H28O3	[M - H2O + H]+	KWYIZCAVXFLWSZ	InChI=1S/C18H28O3/c1-2-3-4-5-6-7-8-9-10-12-15-13-11-14-16(19)17(15)18(20)21/h11,13-14,19H,2-10,12H2,1H3,(H,20,21)	null	CCCCCCCCCCCC1=C(C(=CC=C1)O)C(=O)O	7.30000019	10946274	COCONUT:(CNP0292630);Natural Products:(UNPD66102 UNPD16208);PubChem:(10946274);SuperNatural:(SN00294824)	3178498
88	1	N/A	-333.0125192690649	C18H28O3	[M - H2O + H]+	UCVKCMREOJPPIO	InChI=1S/C18H28O3/c1-2-3-4-5-6-7-8-10-14-13-17(20)15-11-9-12-16(19)18(15)21-14/h13,16,19H,2-12H2,1H3	null	CCCCCCCCCC1=CC(=O)C2=C(O1)C(CCC2)O	4.5	101219430	COCONUT:(CNP0144924);Natural Products:(UNPD107648);PubChem:(101219430);SuperNatural:(SN00394065)	3178498
89	1	N/A	-339.6686434354062	C18H28O3	[M - H2O + H]+	AZOIPHHKXZQWIE	InChI=1S/C18H28O3/c1-6-9-10-14(7-2)12-18(4)13-15(8-3)16(21-18)11-17(19)20-5/h9-11,13-14H,6-8,12H2,1-5H3	spongosoritin A	CCC=CC(CC)CC1(C=C(C(=CC(=O)OC)O1)CC)C	4.30000019	11522149;21778120	COCONUT:(CNP0192657);Natural Products:(UNPD9096);PubChem:(11522149 21778120);SuperNatural:(SN00266965);PubMed	3178562
90	1	N/A	-342.30469630839525	C18H28O3	[M - H2O + H]+	RKQSDAXYMAGIET	InChI=1S/C18H28O3/c1-13(2)9-19-11-15-6-7-16(18(5)12-21-18)17(8-15)20-10-14(3)4/h6-8,13-14H,9-12H2,1-5H3	2-methyl-2-[2-(2-methylpropoxy)-4-(2-methylpropoxymethyl)phenyl]oxirane	CC(C)COCC1=CC(=C(C=C1)C2(CO2)C)OCC(C)C	3.9000001	21630999	COCONUT:(CNP0140337);Natural Products:(UNPD31699);PubChem:(21630999);SuperNatural:(SN00393282)	3178498
91	1	N/A	-351.2381468299578	C18H28O3	[M - H2O + H]+	GZXZIYNDNRYJAI	InChI=1S/C18H28O3/c1-13(2)7-4-8-14(3)9-5-10-15-11-6-12-16(19)17(15)18(20)21/h6,11-14,19H,4-5,7-10H2,1-3H3,(H,20,21)	6-(4'',8''-dimethylnonyl)salicylic acid	CC(C)CCCC(C)CCCC1=C(C(=CC=C1)O)C(=O)O	6.69999981	12071638	MeSH:(12071638);PubChem:(12071638);PubMed	70
92	1	N/A	-352.3846162545355	C18H28O3	[M - H2O + H]+	GTFMLRZLGJZNBV	InChI=1S/C18H28O3/c1-14(2)10-7-5-3-4-6-8-11-15-12-9-13-16(19)17(15)18(20)21/h9,12-14,19H,3-8,10-11H2,1-2H3,(H,20,21)	Salaceyin A	CC(C)CCCCCCCCC1=C(C(=CC=C1)O)C(=O)O	7.0	16098308	COCONUT:(CNP0290622);MeSH:(16098308);PubChem:(16098308);PubMed	2097222
93	1	N/A	-361.0684249588191	C18H28O3	[M - H2O + H]+	PPLRKWKEQMDOCT	InChI=1S/C18H28O3/c1-6-14(4)19-11-18(12-20-18)16-9-8-13(3)10-17(16)21-15(5)7-2/h8-10,14-15H,6-7,11-12H2,1-5H3	null	CCC(C)OCC1(CO1)C2=C(C=C(C=C2)C)OC(C)CC	4.3632288	""	COCONUT:(CNP0369113);Natural Products:(UNPD69295);SuperNatural:(SN00370995)	3178496
94	1	N/A	-364.4155318433517	C18H28O3	[M - H2O + H]+	VLVAXURMCCHFLL	InChI=1S/C18H28O3/c1-13(2)9-19-11-18(12-21-18)16-7-6-15(5)8-17(16)20-10-14(3)4/h6-8,13-14H,9-12H2,1-5H3	null	CC1=CC(=C(C=C1)C2(CO2)COCC(C)C)OCC(C)C	3.91746879	""	COCONUT:(CNP0188710);KNApSAcK:(21112);Natural Products:(UNPD116883);SuperNatural:(SN00247218)	3178512
95	1	N/A	-402.0030617611294	C18H28O3	[M - H2O + H]+	NNZZRIZSRDTULJ	InChI=1S/C18H28O3/c1-4-5-6-7-8-9-15-16(19)12-14(11-10-13(2)3)17(20)18(15)21/h10,12,19-21H,4-9,11H2,1-3H3	null	CCCCCCCC1=C(C=C(C(=C1O)O)CC=C(C)C)O	5.53922272	""	COCONUT:(CNP0395393)	2097152
1	1	0.22737277098857506	-87.69685599012142	C18H26O2	[M + H]+	NPAGDVCDWIYMMC	InChI=1S/C18H26O2/c1-18-9-8-14-13-5-3-12(19)10-11(13)2-4-15(14)16(18)6-7-17(18)20/h10,13-17,20H,2-9H2,1H3	decadura	CC12CCC3C(C1CCC2O)CCC4=CC(=O)CCC34	3.62476993	9904;220503;2754096;7048586;7048722;7048725;7087517;6451993;12358925;12358929;12358930;12358934;10016199;10061922;11865439;11865440;11865441;11865442;11875291;11875292;11888113;11888114;11888115;10378880;16760199;16399574;29993438;44135671;44264743;44352419;57255515;68184535;71750926;91463601;101466168;102602365;121403872;124300817;124335852;124397392;124429344;131708458;133550406;133688814;133688815;134688529;138107583	HMDB:(2725);SuperNatural:(SN00064338 SN00071073 SN00130394 SN00130393 SN00216231 SN00131752);ZINC bio:(ZINC03814379 ZINC03831185 ZINC04062829 ZINC04292883 ZINC04292884 ZINC05529987 ZINC05530003);additional;HSDB:(434-22-0);MeSH:(9904);PubMed;NORMAN:(NS00008687);COCONUT:(CNP0168004);PubChem:(9904 220503 2754096 7048586 7048722 7048725 7087517 6451993 12358925 12358929 12358930 12358934 10016199 10061922 11865439 11865440 11865441 11865442 11875291 11875292 11888113 11888114 11888115 10378880 16760199 16399574 29993438 44135671 44264743 44352419 57255515 68184535 71750926 91463601 101466168 102602365 121403872 124300817 124335852 124397392 124429344 131708458 133550406 133688814 133688815 134688529 138107583);CHEBI:(7466);PubChem class - bio and metabolites;KEGG:(C07254);PubChem class - safety and toxic;Training Set;PubChem class - drug	121398126
2	1	N/A	-97.49703172854323	C18H26O2	[M + H]+	BAZGVDKAIHZPOH	InChI=1S/C18H26O2/c1-18-9-8-14-13-5-3-12(19)10-11(13)2-4-15(14)16(18)6-7-17(18)20/h14-17,20H,2-10H2,1H3	Oprea1_234045	CC12CCC3C(C1CCC2O)CCC4=C3CCC(=O)C4	2.20000005	623676;1777990;235672;7092910;7092912;6545899;11876166;11876167;16401763;23825086;57180602;59878752;124305357	NORMAN:(NS00023511);COCONUT:(CNP0276405);PubChem:(623676 1777990 235672 7092910 7092912 6545899 11876166 11876167 16401763 23825086 57180602 59878752 124305357);SuperNatural:(SN00071074 SN00214984 SN00072339 SN00072338 SN00072337 SN00072336);CHEBI:(79759);ZINC bio:(ZINC04062835 ZINC04082026 ZINC04082028 ZINC04082029 ZINC04082030);KEGG:(C15257);PubChem class - safety and toxic	70525218
3	1	N/A	-98.07801546291464	C18H26O2	[M + H]+	NIELHBRGWMDPDV	InChI=1S/C18H26O2/c1-18-9-8-14-13-5-3-12(19)10-11(13)2-4-15(14)16(18)6-7-17(18)20/h5,11,14-17,20H,2-4,6-10H2,1H3	null	CC12CCC3C(C1CCC2O)CCC4C3=CCC(=O)C4	2.70000005	129011074	PubChem:(129011074);CHEBI:(137110)	34
4	1	N/A	-102.39844033736341	C18H26O2	[M + H]+	CRDKSBHJIGNEOH	InChI=1S/C18H26O2/c1-18-9-8-14-13-5-3-12(19)10-11(13)2-4-15(14)16(18)6-7-17(18)20/h11,13-16H,2-10H2,1H3	Estrane-3,17-dione	CC12CCC3C(C1CCC2=O)CCC4C3CCC(=O)C4	3.58982968	151274;5288172;14754309;16679838;21158798;53735894;76322260;89508252;101710462;125129677	COCONUT:(CNP0020742);PubChem:(151274 5288172 14754309 16679838 21158798 53735894 76322260 89508252 101710462 125129677);PubChem class - bio and metabolites;MeSH:(151274 5288172);PubMed;KEGG Mine	8608809030
5	1	N/A	-115.13741094677873	C18H26O2	[M + H]+	IHFRPKCRDFDADJ	InChI=1S/C18H26O2/c1-12-14(19)5-6-15-17(12,3)8-7-13-11-16(2,20)9-10-18(13,15)4/h5-6,13,15,20H,1,7-11H2,2-4H3	Tagalsin Q	CC1(CCC2(C(C1)CCC3(C2C=CC(=O)C3=C)C)C)O	3.79999995	49831500	COCONUT:(CNP0142343);Natural Products:(UNPD42840);PubChem:(49831500);SuperNatural:(SN00339509);MeSH:(49831500);PubMed	3178566
6	1	N/A	-129.25412054014387	C18H26O2	[M + H]+	UNOWSJZQIMOKOA	InChI=1S/C18H26O2/c1-18-7-6-15-14-5-3-12(19)8-11(14)2-4-16(15)17(18)9-13(20)10-18/h8,13-17,20H,2-7,9-10H2,1H3	null	CC12CCC3C(C1CC(C2)O)CCC4=CC(=O)CCC34	3.62476993	""	COCONUT:(CNP0204932);Natural Products:(UNPD13569);SuperNatural:(SN00338344)	3178496
7	1	N/A	-130.7904495304568	C18H26O2	[M + H]+	AJHWPFYAIBXMKJ	InChI=1S/C18H26O2/c1-12-11-18(20)9-6-14-16(2,3)7-5-8-17(14,4)15(18)10-13(12)19/h10-11,14,20H,5-9H2,1-4H3	null	CC1=CC2(CCC3C(CCCC3(C2=CC1=O)C)(C)C)O	3.70000005	71605590	COCONUT:(CNP0140735);Natural Products:(UNPD215032);PubChem:(71605590)	2129922
8	1	N/A	-149.59054815788357	C18H26O2	[M + H]+	BGOVLVKUXFTQDK	InChI=1S/C18H26O2/c1-18-9-8-14-13-5-3-12(19)10-11(13)2-4-15(14)16(18)6-7-17(18)20/h4,12,14,16-17,19-20H,2-3,5-10H2,1H3	(9S,13S,14S,17S)-13-methyl-1,2,3,4,6,9,11,12,14,15,16,17-dodecahydrocyclopenta[a]phenanthrene-3,17-diol	CC12CCC3C4=C(CC=C3C1CCC2O)CC(CC4)O	1.89999998	23387679;53680950	MeSH:(53680950);PubChem:(23387679 53680950);PubMed	70
9	1	N/A	-175.1166023146201	C18H26O2	[M + H]+	VFISUJDCZMSIKT	InChI=1S/C18H26O2/c1-13(7-6-8-15(3)19)9-10-17-14(2)11-16(20)12-18(17,4)5/h6-11,16-17,20H,12H2,1-5H3	(3E,5E,7E)-8-[(1R,4R)-4-hydroxy-2,6,6-trimethylcyclohex-2-en-1-yl]-6-methylocta-3,5,7-trien-2-one	CC1=CC(CC(C1C=CC(=CC=CC(=O)C)C)(C)C)O	3.5999999	11403096;44482348;72833631;91584658	COCONUT:(CNP0106985);Natural Products:(UNPD31142);PubChem:(11403096 44482348 72833631 91584658);SuperNatural:(SN00368411);YMDB Mine;MeSH:(11403096);PubMed;KEGG Mine	42952851526
10	1	N/A	-177.56346994195457	C18H26O2	[M + H]+	JLNMEHQAHDSEEE	InChI=1S/C18H26O2/c1-13(7-6-8-15(3)19)9-10-17-14(2)11-16(20)12-18(17,4)5/h6-10,16,20H,11-12H2,1-5H3	null	CC1=C(C(CC(C1)O)(C)C)C=CC(=CC=CC(=O)C)C	3.5	44482346;44482347;75034374;91264510	COCONUT:(CNP0145372);KNApSAcK:(22189);Natural Products:(UNPD18617 UNPD87523);PubChem:(44482346 44482347 75034374 91264510);SuperNatural:(SN00386553 SN00357246);YMDB Mine;KEGG Mine	42952851474
11	1	N/A	-190.25178951076873	C18H26O2	[M + H]+	OOLOUZMPEFSKTD	InChI=1S/C18H26O2/c1-3-5-6-7-8-12-15-18(20)16-13-10-9-11-14-17(19)4-2/h4,13,16-20H,2-3,5-8,12,15H2,1H3	null	CCCCCCCCC(C=CC#CC#CC(C=C)O)O	4.80000019	129844428	COCONUT:(CNP0281641);Natural Products:(UNPD224760 UNPD205616);PubChem:(129844428)	2129922
12	1	N/A	-196.07174917914568	C18H26O2	[M + H]+	NRECYSCADKAJKM	InChI=1S/C18H26O2/c1-13(7-6-8-14(2)19)9-10-16-15(3)17(20)11-12-18(16,4)5/h7,9-10H,6,8,11-12H2,1-5H3	2-Cyclohexen-1-one, 2,4,4-trimethyl-3-(3-methyl-7-oxo-1,3-octadienyl)-	CC1=C(C(CCC1=O)(C)C)C=CC(=CCCC(=O)C)C	3.5	16046591	COCONUT:(CNP0241807);Natural Products:(UNPD65280 UNPD75169);PubChem:(16046591);SuperNatural:(SN00403135)	3178498
13	1	N/A	-200.52543418099094	C18H26O2	[M + H]+	LETMGPQSRWMBMO	InChI=1S/C18H26O2/c19-17-15-13-11-9-7-5-3-1-2-4-6-8-10-12-14-16-18-20/h1-2,14,16,19-20H,3-5,7,9,11,13,15,17-18H2	null	C(CCCCO)CCCC=CCC#CC#CC=CCO	4.19999981	10588407;44613552;102166501	COCONUT:(CNP0168361);Natural Products:(UNPD129194 UNPD183168);PubChem:(10588407 44613552 102166501);PubMed	2129986
14	1	N/A	-201.8748954938543	C18H26O2	[M + H]+	KDVOULUCGQGVQH	InChI=1S/C18H26O2/c1-2-3-4-5-6-7-8-9-10-11-12-13-14-15-16-17-18(19)20/h2-5,8-9H,10-17H2,1H3,(H,19,20)	(10Z,14E,16E)-10,14,16-Octadecatrien-12-ynoic acid	CC=CC=CC#CC=CCCCCCCCCC(=O)O	5.35304451	10731060	COCONUT:(CNP0414262);HMDB:(35963);Natural Products:(UNPD39103);PubChem:(10731060);PubChem class - bio and metabolites;PubMed	18907210
15	1	N/A	-201.89029707130345	C18H26O2	[M + H]+	RJGPWUHEMVYSDA	InChI=1S/C18H26O2/c1-2-3-4-5-6-7-8-9-10-11-12-13-14-15-16-17-18(19)20/h6-7H,2-5,12-17H2,1H3,(H,19,20)	null	CCCCCC=CC#CC#CCCCCCCC(=O)O	5.9000001	10355991	COCONUT:(CNP0372965);KNApSAcK:(31478);Natural Products:(UNPD82943);PubChem:(10355991)	2129938
16	1	N/A	-202.26125407744956	C18H26O2	[M + H]+	OASRDXXKKGHDJZ	InChI=1S/C18H26O2/c1-2-3-4-5-6-7-8-9-10-11-12-13-14-15-16-17-18(19)20/h2H,1,3-6,11-17H2,(H,19,20)	Isanic acid	C=CCCCCC#CC#CCCCCCCCC(=O)O	5.72075987	5312686	COCONUT:(CNP0123744);Natural Products:(UNPD110677);PubChem:(5312686)	2129922
17	1	N/A	-203.05556709873898	C18H26O2	[M + H]+	WMAMGZISNJIRAE	InChI=1S/C18H26O2/c1-2-3-4-5-6-7-8-9-10-11-12-13-14-15-16-17-18(19)20/h6-7H,2-5,8,13-17H2,1H3,(H,19,20)	null	CCCCCC=CCC#CC#CCCCCCC(=O)O	5.5999999	44566482;75072053	COCONUT:(CNP0078358);PubChem:(44566482 75072053);PubMed	2097218
18	1	N/A	-204.11703252605994	C18H26O2	[M + H]+	ACHMRCSARDWYGC	InChI=1S/C18H26O2/c1-2-3-4-5-6-7-8-9-10-11-12-13-14-15-16-17-18(19)20/h5-6H,2-4,11-17H2,1H3,(H,19,20)	Exocarpic acid	CCCCC=CC#CC#CCCCCCCCC(=O)O	5.9000001	5312685;5312684;53635328	COCONUT:(CNP0214040);MeSH:(5312684);Natural Products:(UNPD110259 UNPD18638);PubChem:(5312685 5312684 53635328);PubMed	2129990
19	1	N/A	-206.15681971223296	C18H26O2	[M + H]+	XHMJUNQEHUQUOV	InChI=1S/C18H26O2/c1-12(19)9-13-10-17(4)7-6-8-18(17,5)15-14(13)11-16(2,3)20-15/h9H,6-8,10-11H2,1-5H3	null	CC(=O)C=C1CC2(CCCC2(C3=C1CC(O3)(C)C)C)C	3.20000005	25156429;129853180	COCONUT:(CNP0171299);Natural Products:(UNPD181178);PubChem:(25156429 129853180);SuperNatural:(SN00305511);PubMed	3178562
20	1	N/A	-208.41112869253655	C18H26O2	[M + H]+	DUGGXGNWQZWAAS	InChI=1S/C18H26O2/c1-12-10-14(3)18-15(11-12)9-8-13(2)16(18)6-4-5-7-17(19)20/h4-9,12-16,18H,10-11H2,1-3H3,(H,19,20)	null	CC1CC(C2C(C1)C=CC(C2C=CC=CC(=O)O)C)C	4.9000001	9993502;85086331;102331593;133701333;137323467;137396319	COCONUT:(CNP0118511);MeSH:(102331593);Natural Products:(UNPD226386);PubChem:(9993502 85086331 102331593 133701333 137323467 137396319);PubMed	2129990
21	1	N/A	-209.5425464638887	C18H26O2	[M + H]+	LMSHDFAHSSPTSG	InChI=1S/C18H26O2/c1-12-7-6-9-17(4)10-8-15(11-18(12,17)5)13(2)14(3)16(19)20/h15H,1-3,6-11H2,4-5H3,(H,19,20)	null	CC12CCCC(=C)C1(CC(CC2)C(=C)C(=C)C(=O)O)C	4.59718847	""	COCONUT:(CNP0120651);Natural Products:(UNPD222999)	2129920
22	1	N/A	-213.03065475822544	C18H26O2	[M + H]+	ODKNULFBMLGPHW	InChI=1S/C18H26O2/c1-2-18(20)16-14-12-10-8-6-4-3-5-7-9-11-13-15-17-19/h2,4,6,18-20H,1,3,5,7-9,11,13,15,17H2	null	C=CC(C#CC#CCC=CCCCCCCCCO)O	4.4000001	101281307;134812113	COCONUT:(CNP0155083);Natural Products:(UNPD28456 UNPD176864);PubChem:(101281307 134812113)	2129922
23	1	N/A	-219.81540960022994	C18H26O2	[M + H]+	HNHFXIBUWYZZML	InChI=1S/C18H26O2/c1-2-3-4-5-6-7-8-9-10-11-12-13-14-15-16-17-18(19)20/h9-10H,2-8,15-17H2,1H3,(H,19,20)	null	CCCCCCCCC=CC#CC#CCCCC(=O)O	5.9000001	46862734	COCONUT:(CNP0272075);MeSH:(46862734);Natural Products:(UNPD142038);PubChem:(46862734);PubMed	2129990
24	1	N/A	-219.94341964922103	C18H26O2	[M + H]+	YDLAGEZWALZWQA	InChI=1S/C18H26O2/c1-13(12-16(19)20)8-6-9-14(2)17-15(3)10-7-11-18(17,4)5/h6,8-9,12H,7,10-11H2,1-5H3,(H,19,20)	null	CC1=C(C(CCC1)(C)C)C(=CC=CC(=CC(=O)O)C)C	4.70331812	""	COCONUT:(CNP0139631);Natural Products:(UNPD192339)	2129920
25	1	N/A	-220.27460596835328	C18H26O2	[M + H]+	BIJPZGIOMHKTGP	InChI=1S/C18H26O2/c1-18(2,3)15-9-11-16(12-10-15)20-17(19)13-14-7-5-4-6-8-14/h4-8,15-16H,9-13H2,1-3H3	4-tert-Butylcyclohexylphenylacetate	CC(C)(C)C1CCC(CC1)OC(=O)CC2=CC=CC=C2	5.0	93761	PubChem:(93761);NORMAN:(NS00033767)	262146
26	1	N/A	-221.1355911071804	C18H26O2	[M + H]+	IGVKWAAPMVVTFX	InChI=1S/C18H26O2/c1-2-3-4-5-6-7-8-9-10-11-12-13-14-15-16-17-18(19)20/h13-14H,2-8,15-17H2,1H3,(H,19,20)	5Z-Octadecene-7,9-diynoic acid	CCCCCCCCC#CC#CC=CCCCC(=O)O	5.9000001	9543636;9543637	COCONUT:(CNP0200129);Natural Products:(UNPD140311);PubChem:(9543636 9543637);PubChem class - bio and metabolites	18907138
27	1	N/A	-221.16547803824423	C18H26O2	[M + H]+	UXMMIMGEKFYPFK	InChI=1S/C18H26O2/c1-2-3-4-5-6-7-8-9-10-11-12-13-14-15-16-17-18(19)20/h3-4,6-7,9-10H,2,5,8,11,14-17H2,1H3,(H,19,20)	Dicranin	CCC=CCC=CCC=CCC#CCCCCC(=O)O	5.0	162943;6441084;44584408;49859565;101806665;129725885	COCONUT:(CNP0200992);Natural Products:(UNPD175032 UNPD124530);PubChem:(162943 6441084 44584408 49859565 101806665 129725885);CHEBI:(65768);MeSH:(162943 6441084 44584408);Plantcyc:(CPD-12654);PubMed;Biocyc:(CPD-12654)	2263142
28	1	N/A	-221.70289581423455	C18H26O2	[M + H]+	ATAPIWUGAQVIQM	InChI=1S/C18H26O2/c1-4-6-7-8-9-10-11-15-18(20-3)16-13-12-14-17(19)5-2/h5,11,15,17-19H,2,4,6-10H2,1,3H3	(3R,8S,9Z)-8-methoxyheptadeca-1,9-dien-4,6-diyn-3-ol	CCCCCCCC=CC(C#CC#CC(C=C)O)OC	4.9000001	11482729	COCONUT:(CNP0282379);Natural Products:(UNPD21182);PubChem:(11482729);KEGG Mine	8592064514
29	1	N/A	-227.6336844177069	C18H26O2	[M + H]+	VBRBNWWNRIMAII	InChI=1S/C18H26O2/c1-5-15-7-9-16(10-8-15)19-13-12-14(2)6-11-17-18(3,4)20-17/h7-10,12,17H,5-6,11,13H2,1-4H3	Stuaffer 20458	CCC1=CC=C(C=C1)OCC=C(C)CCC2C(O2)(C)C	4.80000019	108202;6437390;18595492	MeSH:(6437390);PubChem class - safety and toxic;PubChem:(108202 6437390 18595492);PubMed	67108934
30	1	N/A	-233.93948346661801	C18H26O2	[M + H]+	GIFKSWTZIAVRIG	InChI=1S/C18H26O2/c1-13(2)16-10-9-14(3)11-17(16)20-18(19)12-15-7-5-4-6-8-15/h4-8,13-14,16-17H,9-12H2,1-3H3	1-Menthyl phenylacetate	CC1CCC(C(C1)OC(=O)CC2=CC=CC=C2)C(C)C	5.19999981	102567;10869500;9993505;15565156;53839731;57508688;92855059;118856774	NORMAN:(NS00012816);PubChem class - food;PubChem class - safety and toxic;PubChem:(102567 10869500 9993505 15565156 53839731 57508688 92855059 118856774)	201588738
31	1	N/A	-239.47001546343006	C18H26O2	[M + H]+	WQSRLGOQJXDJSY	InChI=1S/C18H26O2/c1-3-9-17-14-15(2)12-13-16(17)10-7-5-4-6-8-11-18(19)20/h3,12-14H,1,4-11H2,2H3,(H,19,20)	null	CC1=CC(=C(C=C1)CCCCCCCC(=O)O)CC=C	5.5999999	139584026	PubChem:(139584026);COCONUT:(CNP0353377)	2097154
32	1	N/A	-240.66165013648234	C18H26O2	[M + H]+	DESQXKZEZABPBW	InChI=1S/C18H26O2/c1-2-3-4-5-6-7-8-9-10-11-12-13-14-15-16-17-18(19)20/h8-17H,2-7H2,1H3,(H,19,20)	(2E,4E,6E,8E,10E)-octadeca-2,4,6,8,10-pentaenoic acid	CCCCCCCC=CC=CC=CC=CC=CC(=O)O	6.30000019	20847645;21158979;53756324;129774397	COCONUT:(CNP0083828);PubChem:(20847645 21158979 53756324 129774397);PubMed;CHEBI:(136918)	2097250
33	1	N/A	-244.65469180421465	C18H26O2	[M + H]+	YUGWDVYLFSETPE	InChI=1S/C18H26O2/c1-8-10-13(5)15(9-2)20-17(19)16-14(11-12(3)4)18(16,6)7/h2,10-11,14-16H,8H2,1,3-7H3	Empenthrin	CCC=C(C)C(C#C)OC(=O)C1C(C1(C)C)C=C(C)C	5.0	41073;6434488;9903647;12907803;12907804;12907805;29934815;40418596;54527708;54527709;54527710;54527711;57021024;86316232;86316233;86326810;86326811;88434700;87833822;87991952;92264477;91243902;96457249;98066437;98066438	NORMAN:(NS00008644);COCONUT:(CNP0346708);PubChem:(41073 6434488 9903647 12907803 12907804 12907805 29934815 40418596 54527708 54527709 54527710 54527711 57021024 86316232 86316233 86326810 86326811 88434700 87833822 87991952 92264477 91243902 96457249 98066437 98066438);CHEBI:(39404 81804);ZINC bio:(ZINC38614563 ZINC38614566 ZINC63772285 ZINC63772286);additional;MeSH:(6434488);KEGG:(C18524);PubChem class - safety and toxic;Training Set;PubMed	70017382
34	1	N/A	-245.60069701337798	C18H26O2	[M + H]+	ULORBDMEFAYHRJ	InChI=1S/C18H26O2/c1-11-9-12-5-6-15-17(2,3)16(20)7-8-18(15,4)13(12)10-14(11)19/h9-10,15-16,19-20H,5-8H2,1-4H3	13-Methyl-8,11,13-podocarpatriene-3,12-diol	CC1=CC2=C(C=C1O)C3(CCC(C(C3CC2)(C)C)O)C	4.4000001	12096384;71307290;76335499;85434191;86333736;86333765;86333766;86577186;121005698	COCONUT:(CNP0168454);Natural Products:(UNPD111039 UNPD215467);PubChem:(12096384 71307290 76335499 85434191 86333736 86333765 86333766 86577186 121005698);SuperNatural:(SN00361208);PubMed	3178562
35	1	N/A	-246.18933336595632	C18H26O2	[M + H]+	DNOUOXHKVWWDSS	InChI=1S/C18H26O2/c1-2-3-4-5-6-7-11-14-17(19)15-18(20)16-12-9-8-10-13-16/h8-10,12-13H,2-7,11,14-15H2,1H3	1-phenyl-1,3-dodecanedione	CCCCCCCCCC(=O)CC(=O)C1=CC=CC=C1	5.5	10039032	COCONUT:(CNP0002972);HMDB:(35579);PubChem:(10039032);PubChem class - bio and metabolites	18874378
36	1	N/A	-247.32710814623695	C18H26O2	[M + H]+	LYJOUWBWJDKKEF	InChI=1S/C18H26O2/c1-2-3-4-5-6-7-8-9-10-11-12-13-14-15-16-17-18(19)20/h3-4,6-7,9-10,12-13,15-16H,2,5,8,11,14,17H2,1H3,(H,19,20)	3,6,9,12,15-octadecapentaenoic acid	CCC=CCC=CCC=CCC=CCC=CCC(=O)O	5.0	5312510;5312511;9965369;71366074	COCONUT:(CNP0336514);Natural Products:(UNPD19247 UNPD93271);PubChem:(5312510 5312511 9965369 71366074);SuperNatural:(SN00393096 SN00363099);MeSH:(5312510 71366074);PubMed	3178566
37	1	N/A	-253.88224477958624	C18H26O2	[M + H]+	KOYAYWARYIFYSV	InChI=1S/C18H26O2/c1-3-9-17-14-15(2)12-13-16(17)10-7-5-4-6-8-11-18(19)20/h3,9,12-14H,4-8,10-11H2,1-2H3,(H,19,20)	null	CC=CC1=C(C=CC(=C1)C)CCCCCCCC(=O)O	5.5999999	139585985	PubChem:(139585985);COCONUT:(CNP0245232)	2097154
38	1	N/A	-255.86291063638583	C18H26O2	[M + H]+	JBSXTRRQRUQNQG	InChI=1S/C18H26O2/c1-3-4-5-6-7-8-9-10-11-18(19)20-17-14-12-16(2)13-15-17/h3,12-15H,1,4-11H2,2H3	p-Tolyl undec-10-enoate	CC1=CC=C(C=C1)OC(=O)CCCCCCCCC=C	6.0999999	105903	PubChem:(105903);NORMAN:(NS00036246)	262146
39	1	N/A	-255.9598231020806	C18H26O2	[M + H]+	HUEGMMWEUQMMTG	InChI=1S/C18H26O2/c1-15(2)5-4-6-16(3)12-14-20-18-9-7-17(8-10-18)11-13-19/h5,7-10,12,19H,4,6,11,13-14H2,1-3H3	null	CC(=CCCC(=CCOC1=CC=C(C=C1)CCO)C)C	4.80000019	70687713	COCONUT:(CNP0079458);PubChem:(70687713);PubMed	2097218
40	1	N/A	-257.61283313132157	C18H26O2	[M + H]+	ZHPHSHNAYWIUFY	InChI=1S/C18H26O2/c1-2-3-4-5-6-7-8-9-10-11-12-13-14-15-16-17-18(19)20/h6-7,9-12H,2-5,8,15-17H2,1H3,(H,19,20)	7,9,12-Octadecatrien-5-ynoicacid, (7Z,9Z,12Z)-	CCCCCC=CCC=CC=CC#CCCCC(=O)O	5.5	21669830;71405173	COCONUT:(CNP0281706);Natural Products:(UNPD150584);PubChem:(21669830 71405173)	2129922
41	1	N/A	-260.36321706776664	C18H26O2	[M + H]+	UZMGCZJATOOZQP	InChI=1S/C18H26O2/c1-14-10-11-18(4,17(14,2)3)13-20-16(19)12-15-8-6-5-7-9-15/h5-9,14H,10-13H2,1-4H3	(1,2,2,3-tetramethylcyclopentyl)methyl 2-phenylacetate	CC1CCC(C1(C)C)(C)COC(=O)CC2=CC=CC=C2	5.0	2750737;7054271;7054272;7054273;7054274	COCONUT:(CNP0200208);PubChem:(2750737 7054271 7054272 7054273 7054274);SuperNatural:(SN00124529 SN00124531 SN00124528 SN00124530);ZINC bio:(ZINC03846160 ZINC03846161 ZINC03846162 ZINC03846163)	3153922
42	1	N/A	-273.5940578050658	C18H26O2	[M + H]+	VECOJECXTIMSPX	InChI=1S/C18H26O2/c19-18(14-13-17-10-5-2-6-11-17)20-15-7-12-16-8-3-1-4-9-16/h1,3-4,8-9,17H,2,5-7,10-15H2	3-Phenylpropyl cyclohexanepropionate	C1CCC(CC1)CCC(=O)OCCCC2=CC=CC=C2	5.5	94919	PubChem:(94919);NORMAN:(NS00038848)	262146
43	1	N/A	-276.88392348255337	C18H26O2	[M + H]+	JOLMEGIGGGABOB	InChI=1S/C18H26O2/c1-17(2)15(11-10-14-8-6-5-7-9-14)12-13-18(17,3)16(19)20-4/h5-9,15H,10-13H2,1-4H3	methyl 1,2,2-trimethyl-3-phenethylcyclopentane-1-carboxylate	CC1(C(CCC1(C)C(=O)OC)CCC2=CC=CC=C2)C	5.0999999	2750766;7054333;7054334;7054335;7054336	COCONUT:(CNP0087006);PubChem:(2750766 7054333 7054334 7054335 7054336);SuperNatural:(SN00124575 SN00124576 SN00124574 SN00124573);ZINC bio:(ZINC03846214 ZINC03846215 ZINC03846216 ZINC03846217)	3153922
44	1	N/A	-279.55176583233833	C18H26O2	[M + H]+	JQAUHQMUHOHSNA	InChI=1S/C18H26O2/c1-5-18(4)11-10-16(17(2,3)20)15(12-18)13-6-8-14(19)9-7-13/h5-9,15-16,19-20H,1,10-12H2,2-4H3	null	CC1(CCC(C(C1)C2=CC=C(C=C2)O)C(C)(C)O)C=C	4.5	101956380	COCONUT:(CNP0375516);MeSH:(101956380);PubChem:(101956380);PubMed	2097222
45	1	N/A	-285.89543488197	C18H26O2	[M + H]+	HMHFCIOLAIQIJJ	InChI=1S/C18H26O2/c1-13-7-8-14(2)16(10-12-18(5,6)20)15(13)9-11-17(3,4)19/h7-12,19-20H,1-6H3	null	CC1=C(C(=C(C=C1)C)C=CC(C)(C)O)C=CC(C)(C)O	3.29999995	71600584	COCONUT:(CNP0105895);Natural Products:(UNPD225541);PubChem:(71600584);PubMed	2129986
46	1	N/A	-287.1276479597888	C18H26O2	[M + H]+	ZWBLIRYRNUJIKV	InChI=1S/C18H26O2/c1-3-5-7-13-17(15-20-18(19)10-4-2)14-16-11-8-6-9-12-16/h6,8-9,11-12,14H,3-5,7,10,13,15H2,1-2H3	2-(Phenylmethylene)heptyl butyrate	CCCCCC(=CC1=CC=CC=C1)COC(=O)CCC	5.80000019	3018207;6365697;6432914	PubChem:(3018207 6365697 6432914);NORMAN:(NS00061337)	262146
47	1	N/A	-289.81166405075294	C18H26O2	[M + H]+	SKZDJVXLRPCFQC	InChI=1S/C18H26O2/c1-15(2)8-7-9-16(3)12-13-20-18(19)14-17-10-5-4-6-11-17/h4-6,10-11,16H,1,7-9,12-14H2,2-3H3	Rhodinyl alpha-toluate	CC(CCCC(=C)C)CCOC(=O)CC1=CC=CC=C1	5.69999981	61521;23623724;57483269	NORMAN:(NS00013178);COCONUT:(CNP0168675);HMDB:(37191);PubChem class - food;PubChem:(61521 23623724 57483269);CHEBI:(142274);PubChem class - bio and metabolites;PubChem class - safety and toxic	220463146
48	1	N/A	-289.8194431487196	C18H26O2	[M + H]+	ZWVXIAOGGVPPSN	InChI=1S/C18H26O2/c1-15(2)10-12-19-18(20-13-11-16(3)4)14-17-8-6-5-7-9-17/h5-11,18H,12-14H2,1-4H3	2,2-bis(3-methylbut-2-enoxy)ethylbenzene	CC(=CCOC(CC1=CC=CC=C1)OCC=C(C)C)C	5.0	113450	PubChem:(113450);NORMAN:(NS00065643)	262146
49	1	N/A	-293.9961812536887	C18H26O2	[M + H]+	FWLHDQPXBUWTBW	InChI=1S/C18H26O2/c1-2-3-7-14-20-17-12-10-16(11-13-17)18(19)15-8-5-4-6-9-15/h10-13,15H,2-9,14H2,1H3	null	CCCCCOC1=CC=C(C=C1)C(=O)C2CCCCC2	5.5	71675863	COCONUT:(CNP0038379);PubChem:(71675863);SuperNatural:(SN00141299);ZINC bio:(ZINC68588844)	3153922
50	1	N/A	-306.1817620889957	C18H26O2	[M + H]+	QMTNOLKHSWIQBE	InChI=1S/C18H26O2/c1-13(2)18-10-9-17(4,20-18)16(11-18)19-12-15-8-6-5-7-14(15)3/h5-8,13,16H,9-12H2,1-4H3	Cinch-d5	CC1=CC=CC=C1COC2CC3(CCC2(O3)C)C(C)C	4.15053463	91745;188653;13533773;16004722;25137678;51377227;71314870;76318728;98049728;98079213;122696397;130382440;132247025	NORMAN:(NS00001913);COCONUT:(CNP0300722);PubChem:(91745 188653 13533773 16004722 25137678 51377227 71314870 76318728 98049728 98079213 122696397 130382440 132247025);SuperNatural:(SN00213591);CHEBI:(3708);ZINC bio:(ZINC00900521 ZINC00967710);KEGG:(C10903);PubChem class - safety and toxic;PubMed	70525282
51	1	N/A	-306.3702463640292	C18H26O2	[M + H]+	CVJBFMVLVJZZMM	InChI=1S/C18H26O2/c1-15(2)8-7-9-16(3)12-13-20-18(19)14-17-10-5-4-6-11-17/h4-6,8,10-11,16H,7,9,12-14H2,1-3H3	Citronellyl alpha-toluate	CC(CCC=C(C)C)CCOC(=O)CC1=CC=CC=C1	5.4000001	8767;76966445;76966446	NORMAN:(NS00012119);COCONUT:(CNP0002837);HMDB:(37230);PubChem class - food;PubChem:(8767 76966445 76966446);PubChem class - bio and metabolites;PubChem class - safety and toxic	220463114
52	1	N/A	-317.3861117845717	C18H26O2	[M + H]+	NQCGVJWHRRQBEI	InChI=1S/C18H26O2/c1-13(2)7-6-8-14(3)9-10-16-12-17(19)11-15(4)18(16)20-5/h7,9,11-12,19H,6,8,10H2,1-5H3	null	CC1=CC(=CC(=C1OC)CC=C(C)CCC=C(C)C)O	5.69999981	23426765	COCONUT:(CNP0252236);Natural Products:(UNPD175430);PubChem:(23426765);SuperNatural:(SN00227809)	3178498
53	1	N/A	-324.83588442371655	C18H26O2	[M + H]+	XKPAGCGTQMRIAP	InChI=1S/C18H26O2/c1-13(2)7-6-8-14(3)9-10-16-12-17(20-5)11-15(4)18(16)19/h7,9,11-12,19H,6,8,10H2,1-5H3	null	CC1=CC(=CC(=C1O)CC=C(C)CCC=C(C)C)OC	5.69999981	10061923;85107676	COCONUT:(CNP0228537);Natural Products:(UNPD185235 UNPD220664);PubChem:(10061923 85107676);SuperNatural:(SN00387722);PubMed	3178562
54	1	N/A	-341.157461832826	C18H26O2	[M + H]+	JAAABDADPJRGCF	InChI=1S/C18H26O2/c1-10(2)9-13-14-11(3)7-8-12(4)15(14)17(19)16(13)18(5,6)20/h7-9,13,16-17,19-20H,1-6H3	null	CC1=C2C(C(C(C2=C(C=C1)C)O)C(C)(C)O)C=C(C)C	4.0	71600585	COCONUT:(CNP0166605);Natural Products:(UNPD227601);PubChem:(71600585);PubMed	2129986
55	1	N/A	-350.8138827824962	C18H26O2	[M + H]+	YXKKMVGGPRVHIL	InChI=1S/C18H26O2/c1-2-3-4-5-14-6-8-15(9-7-14)16-10-12-17(13-11-16)18(19)20/h10-15H,2-9H2,1H3,(H,19,20)	4-pentyl-cyclohexyl benzoic acid	CCCCCC1CCC(CC1)C2=CC=C(C=C2)C(=O)O	6.4000001	3104716;38988665	PubChem:(3104716 38988665);PubChem class - safety and toxic	67108866
56	1	N/A	-352.71788784765914	C18H26O2	[M + H]+	GYERJOGJSQRWET	InChI=1S/C18H26O2/c19-17-12-18(20)16(14-9-5-2-6-10-14)11-15(17)13-7-3-1-4-8-13/h11-14,19-20H,1-10H2	4,6-Dicyclohexylresorcinol	C1CCC(CC1)C2=CC(=C(C=C2O)O)C3CCCCC3	6.30000019	3020817	PubChem:(3020817);NORMAN:(NS00038989)	262146
57	1	N/A	-356.25253706893517	C18H26O2	[M + H]+	TWDPBGDKUCRDCL	InChI=1S/C18H26O2/c1-12(19)8-9-13-10-14(17(2,3)4)16(20)15(11-13)18(5,6)7/h8-11,20H,1-7H3	beta-Acetyl-3,5-di-tert-butyl-4-hydroxystyrene	CC(=O)C=CC1=CC(=C(C(=C1)C(C)(C)C)O)C(C)(C)C	5.0	215849;6445485	PubChem:(215849 6445485);PubChem class - safety and toxic	67108866
58	1	N/A	-357.4144172232214	C18H26O2	[M + H]+	JKEYRNQYYKBYBG	InChI=1S/C18H26O2/c1-17(2)8-5-9-18(3)13-11-15(20-4)14(19)10-12(13)6-7-16(17)18/h10-11,16,19H,5-9H2,1-4H3	(4bS)-3-methoxy-4b,8,8-trimethyl-5,6,7,8a,9,10-hexahydrophenanthren-2-ol	CC1(CCCC2(C1CCC3=CC(=C(C=C32)OC)O)C)C	5.5999999	14037696	COCONUT:(CNP0212538);Natural Products:(UNPD186461);PubChem:(14037696);SuperNatural:(SN00293020)	3178498
59	1	N/A	-359.5321298117673	C18H26O2	[M + H]+	XXZUFXFFBAWUCU	InChI=1S/C18H26O2/c1-12(2)6-8-15-10-17(14(5)19)11-16(18(15)20)9-7-13(3)4/h6-7,10-11,14,19-20H,8-9H2,1-5H3	null	CC(C1=CC(=C(C(=C1)CC=C(C)C)O)CC=C(C)C)O	4.9000001	101609230	COCONUT:(CNP0114972);Natural Products:(UNPD25048);PubChem:(101609230);SuperNatural:(SN00290013)	3178498
60	1	N/A	-366.62931571794434	C18H26O2	[M + H]+	TUOVWZLZRGOMKY	InChI=1S/C18H26O2/c1-2-3-4-5-6-7-8-9-10-11-16-12-13-17-18(14-16)20-15-19-17/h2,12-14H,1,3-11,15H2	5-undec-10-enyl-1,3-benzodioxole	C=CCCCCCCCCCC1=CC2=C(C=C1)OCO2	6.33290291	21159019	COCONUT:(CNP0174354);Natural Products:(UNPD126276);PubChem:(21159019);SuperNatural:(SN00402496)	3178498
61	1	N/A	-370.4734527281323	C18H26O2	[M + H]+	SIQSVCRIJUURID	InChI=1S/C18H26O2/c1-17(2)8-5-9-18(3)13-11-14(19)15(20-4)10-12(13)6-7-16(17)18/h10-11,16,19H,5-9H2,1-4H3	null	CC1(CCCC2(C1CCC3=CC(=C(C=C32)O)OC)C)C	5.5999999	10731059;15870443	COCONUT:(CNP0407806);Natural Products:(UNPD31347);PubChem:(10731059 15870443);SuperNatural:(SN00364536)	3178498
62	1	N/A	-378.2610996030597	C18H26O2	[M + H]+	NBGGFOLUYCHNQZ	InChI=1S/C18H26O2/c1-17(2)10-5-11-18(3)13-7-8-14(20-4)16(19)12(13)6-9-15(17)18/h7-8,15,19H,5-6,9-11H2,1-4H3	null	CC1(CCCC2(C1CCC3=C2C=CC(=C3O)OC)C)C	5.5999999	10636072;15870444	COCONUT:(CNP0362075);Natural Products:(UNPD32106);PubChem:(10636072 15870444);SuperNatural:(SN00333196)	3178498