structureRankPerFormula	formulaRank	ConfidenceScore	CSI:FingerIDScore	molecularFormula	adduct	InChIkey2D	InChI	name	smiles	xlogp	pubchemids	links	dbflags
1	1	N/A	-158.81779130723896	C15H27NO10	[M + H]+	ZAJNFTOZCLHUJO	InChI=1S/C15H27NO10/c1-5-9(16-6(2)19)14(11(21)8(4-18)24-5)26-15-13(23)12(22)10(20)7(3-17)25-15/h5,7-15,17-18,20-23H,3-4H2,1-2H3,(H,16,19)	null	CC1C(C(C(C(O1)CO)O)OC2C(C(C(C(O2)CO)O)O)O)NC(=O)C	-3.20000005	59153975;57915202;68356042;70930774;70963240;89669288;90308469;90347657;90349523;89983916;100945920	PubChem:(59153975 57915202 68356042 70930774 70963240 89669288 90308469 90347657 90349523 89983916 100945920);CHEBI:(62633)	34
2	1	N/A	-169.0769444268331	C15H27NO10	[M + H]+	NZWHYXYYLICCJY	InChI=1S/C15H27NO10/c1-5(19)16-9-12(23)11(22)8(4-18)25-15(9)26-14-7(20)2-6(3-17)10(21)13(14)24/h6-15,17-18,20-24H,2-4H2,1H3,(H,16,19)	Glcnac-carba-mannopyranose	CC(=O)NC1C(C(C(OC1OC2C(CC(C(C2O)O)CO)O)CO)O)O	-3.5999999	3036143	MeSH:(3036143);PubChem:(3036143);PubMed	70
3	1	N/A	-195.47035623121968	C15H27NO10	[M + H]+	ZBSRIKGSJPSPCA	InChI=1S/C15H27NO10/c1-5-9(19)11(21)12(22)15(24-5)26-13-7(4-17)25-14(23-3)8(10(13)20)16-6(2)18/h5,7-15,17,19-22H,4H2,1-3H3,(H,16,18)	alpha-D-Fuc(1-4)-beta-D-glcNAc-OMe	CC1C(C(C(C(O1)OC2C(OC(C(C2O)NC(=O)C)OC)CO)O)O)O	-3.70000005	3083462;101047270;102303713	MeSH:(3083462);PubChem:(3083462 101047270 102303713);PubMed	70
4	1	N/A	-199.41354490595137	C15H27NO10	[M + H]+	CPKSWFNSVBVTDI	InChI=1S/C15H27NO10/c1-5-9(19)11(21)12(22)15(24-5)26-13-8(16-6(2)18)14(23-3)25-7(4-17)10(13)20/h5,7-15,17,19-22H,4H2,1-3H3,(H,16,18)	Fuc1-alpha-3GlcNAc1-b-OMe	CC1C(C(C(C(O1)OC2C(C(OC(C2O)CO)OC)NC(=O)C)O)O)O	-3.0999999	3664277;5288726;92967072;101047271;101068271;124913911;124913912;124913913	PubChem:(3664277 5288726 92967072 101047271 101068271 124913911 124913912 124913913);PubChem class - bio and metabolites	16777218
5	1	N/A	-217.09726249849928	C15H27NO10	[M + H]+	GMURXYJSTRMISD	InChI=1S/C15H27NO10/c1-15(2,12(23)13(24)16-4-3-8(18)19)6-25-14-11(22)10(21)9(20)7(5-17)26-14/h7,9-12,14,17,20-23H,3-6H2,1-2H3,(H,16,24)(H,18,19)	D-Pantothenic acid 4''-O-beta-glucoside	CC(C)(COC1C(C(C(C(O1)CO)O)O)O)C(C(=O)NCCC(=O)O)O	-2.70000005	3082306;14132229;101030012	COCONUT:(CNP0245758);HMDB:(33965);Natural Products:(UNPD161614);PubChem:(3082306 14132229 101030012);SuperNatural:(SN00268177);PubChem class - bio and metabolites;MeSH:(3082306);PubMed	19955790
1	2	0.1237831673736201	-151.73423577474045	C16H23N5O6	[M + H]+	VYRAJOITMBSQSE	InChI=1S/C16H23N5O6/c1-8(4-22)2-3-17-14-10-15(19-6-18-14)21(7-20-10)16-13(26)12(25)11(24)9(5-23)27-16/h2,6-7,9,11-13,16,22-26H,3-5H2,1H3,(H,17,18,19)	trans-Zeatin glucoside	CC(=CCNC1=C2C(=NC=N1)N(C=N2)C3C(C(C(C(O3)CO)O)O)O)CO	-1.53666103	9842892;25243916;25244554;57369721;53399083;53481386;101921807;131753125	HMDB:(12202 41369);SuperNatural:(SN00259941);ZINC bio:(ZINC12956064);additional;Plantcyc:(CPD-4613 CPD-4619);PubMed;COCONUT:(CNP0191331);Natural Products:(UNPD141848);PubChem:(9842892 25243916 25244554 57369721 53399083 53481386 101921807 131753125);CHEBI:(133210 72607 72609 133208);PubChem class - bio and metabolites;Training Set;Biocyc:(CPD-4613 CPD-4619)	20637802
2	2	N/A	-151.76146934351775	C16H23N5O6	[M + H]+	HTDHRCLVWUEXIS	InChI=1S/C16H23N5O6/c1-8(4-22)2-3-17-14-10-15(19-6-18-14)20-7-21(10)16-13(26)12(25)11(24)9(5-23)27-16/h2,6-7,9,11-13,16,22-26H,3-5H2,1H3,(H,17,18,19)	Raphanatin	CC(=CCNC1=NC=NC2=C1N(C=N2)C3C(C(C(C(O3)CO)O)O)O)CO	-1.60000002	6450275;25244153;25245759;74413368;101928901;131751241	HMDB:(12201 32000);SuperNatural:(SN00362092);additional;MeSH:(6450275 101928901 131751241);Plantcyc:(CPD-4612 CPD-4618);PubMed;NORMAN:(NS00014965);COCONUT:(CNP0338817);KNApSAcK:(7549);Natural Products:(UNPD189351);PubChem:(6450275 25244153 25245759 74413368 101928901 131751241);CHEBI:(133211 80494);PubChem class - bio and metabolites;KEGG:(C16443);Biocyc:(CPD-4612 CPD-4618)	20875646
3	2	N/A	-186.60271343560325	C16H23N5O6	[M + H]+	UUPDCCPAOMDMPT	InChI=1S/C16H23N5O6/c1-8(2-3-17-14-10-15(19-6-18-10)21-7-20-14)5-26-16-13(25)12(24)11(23)9(4-22)27-16/h2,6-7,9,11-13,16,22-25H,3-5H2,1H3,(H2,17,18,19,20,21)	cis-Zeatin-O-glucoside	CC(=CCNC1=NC=NC2=C1NC=N2)COC3C(C(C(C(O3)CO)O)O)O	-0.899999976	3253682;5280589;5461146;11574470;25244165	HMDB:(12203);additional;Plantcyc:(CPD-4614 CPD-4620);PubMed;COCONUT:(CNP0286144);Natural Products:(UNPD155029 UNPD173014);PubChem:(3253682 5280589 5461146 11574470 25244165);CHEBI:(38266 29043);PubChem class - bio and metabolites;KEGG:(C03423 C15546);Training Set;Biocyc:(CPD-4614 CPD-4620)	19581290
4	2	N/A	-286.4803249872494	C16H23N5O6	[M + H]+	KPQOKZBKDUUWME	InChI=1S/C16H23N5O6/c1-7(2)3-4-20-14-9(13(17)19-16(20)26)21(6-18-14)15-12(25)11(24)10(23)8(5-22)27-15/h3,6,8,10-12,15,22-25H,4-5H2,1-2H3,(H2,17,19,26)	null	CC(=CCN1C2=C(C(=NC1=O)N)N(C=N2)C3C(C(C(C(O3)CO)O)O)O)C	-1.70000005	102261380	COCONUT:(CNP0320656);Natural Products:(UNPD204292);PubChem:(102261380)	2129922
5	2	N/A	-346.8685077718527	C16H23N5O6	[M + H]+	ZAFKCZSGQZIQED	InChI=1S/C16H23N5O6/c1-10(22)26-8-6-21(7-9-27-11(2)23)15-17-13-12(18(15)3)14(24)20(5)16(25)19(13)4/h6-9H2,1-5H3	2-[2-acetyloxyethyl-(1,3,7-trimethyl-2,6-dioxopurin-8-yl)amino]ethyl acetate	CC(=O)OCCN(CCOC(=O)C)C1=NC2=C(N1C)C(=O)N(C(=O)N2C)C	-0.200000003	3077673	PubChem:(3077673);PubChem class - safety and toxic	67108866
6	2	N/A	-423.928435962609	C16H23N5O6	[M + H]+	QTSAHVCUJWDFEQ	InChI=1S/C16H23N5O6/c17-14(25)11-2-1-5-21(11)16(27)10(6-9-7-18-8-19-9)20-15(26)12(22)3-4-13(23)24/h7-8,10-12,22H,1-6H2,(H2,17,25)(H,18,19)(H,20,26)(H,23,24)	2-Hydroxy-4-carboxybutyrylhistidylprolinamide	C1CC(N(C1)C(=O)C(CC2=CN=CN2)NC(=O)C(CCC(=O)O)O)C(=O)N	-1.41648448	196249;21126480	MeSH:(196249);PubChem:(196249 21126480);PubMed	70