structureRankPerFormula	formulaRank	ConfidenceScore	CSI:FingerIDScore	molecularFormula	adduct	InChIkey2D	InChI	name	smiles	xlogp	pubchemids	links	dbflags
1	1	0.21471015802588217	-82.45522694832559	C18H24O11	[M + Na]+	VJWJBEKMAHGPHV	InChI=1S/C18H24O11/c19-6-9-11(20)14(23)17(27-9)26-7-10-12(21)13(22)15(24)18(28-10)29-16(25)8-4-2-1-3-5-8/h1-5,9-15,17-24H,6-7H2	[(2R,3S,4R,5R,6S)-6-[[(2R,3R,4R,5S)-3,4-dihydroxy-5-(hydroxymethyl)oxolan-2-yl]oxymethyl]-3,4,5-trihydroxyoxan-2-yl] benzoate	C1=CC=C(C=C1)C(=O)OC2C(C(C(C(O2)COC3C(C(C(O3)CO)O)O)O)O)O	-1.89999998	16084714	COCONUT:(CNP0149631);Natural Products:(UNPD182039);PubChem:(16084714);SuperNatural:(SN00335645)	3178498
2	1	N/A	-94.75845025637285	C18H24O11	[M + Na]+	XCYNBEZJSJGJGO	InChI=1S/C18H24O11/c19-6-10-12(22)13(23)15(28-17-14(24)11(21)9(20)7-26-17)18(27-10)29-16(25)8-4-2-1-3-5-8/h1-5,9-15,17-24H,6-7H2	null	C1C(C(C(C(O1)OC2C(C(C(OC2OC(=O)C3=CC=CC=C3)CO)O)O)O)O)O	-1.75898457	""	COCONUT:(CNP0368517);Natural Products:(UNPD191782);SuperNatural:(SN00391213)	3178496
3	1	N/A	-110.17350517646565	C18H24O11	[M + Na]+	DSDFXGQRZAFFQA	InChI=1S/C18H24O11/c19-5-8-3-1-2-4-10(8)28-18-16(25)14(23)13(22)11(29-18)7-27-17-15(24)12(21)9(20)6-26-17/h1-5,9,11-18,20-25H,6-7H2	null	C1C(C(C(C(O1)OCC2C(C(C(C(O2)OC3=CC=CC=C3C=O)O)O)O)O)O)O	-2.9000001	12442950	COCONUT:(CNP0207851);HMDB:(34157);Natural Products:(UNPD133272);PubChem:(12442950);SuperNatural:(SN00341965);PubChem class - bio and metabolites	19955722
4	1	N/A	-207.45053564927153	C18H24O11	[M + Na]+	DVLNCWXFKKSRQB	InChI=1S/C18H24O11/c19-6-13-15(24)16(25)17(26)18(29-13)28-8-10(20)7-27-14(23)4-2-9-1-3-11(21)12(22)5-9/h1-5,10,13,15-22,24-26H,6-8H2	[(2R)-2-hydroxy-3-[(2R,3R,4S,5S,6R)-3,4,5-trihydroxy-6-(hydroxymethyl)oxan-2-yl]oxypropyl] (E)-3-(3,4-dihydroxyphenyl)prop-2-enoate	C1=CC(=C(C=C1C=CC(=O)OCC(COC2C(C(C(C(O2)CO)O)O)O)O)O)O	-1.39999998	14135348;16061522;58811313;58811319;90721147;90851406;89374054	COCONUT:(CNP0160042);Natural Products:(UNPD160756 UNPD174238 UNPD106155);PubChem:(14135348 16061522 58811313 58811319 90721147 90851406 89374054);SuperNatural:(SN00235627 SN00402378 SN00163534)	3178498
5	1	N/A	-208.5545413669402	C18H24O11	[M + Na]+	GJCLXUNGVGZROH	InChI=1S/C18H24O11/c1-7(20)26-5-8-2-3-9-10(16(24)25)6-27-17(12(8)9)29-18-15(23)14(22)13(21)11(4-19)28-18/h2,6,9,11-15,17-19,21-23H,3-5H2,1H3,(H,24,25)	null	CC(=O)OCC1=CCC2C1C(OC=C2C(=O)O)OC3C(C(C(C(O3)CO)O)O)O	-2.0999999	101996850	COCONUT:(CNP0197530);KNApSAcK:(37568);Natural Products:(UNPD152621);PubChem:(101996850);SuperNatural:(SN00372550)	3178514
6	1	N/A	-210.73184708821788	C18H24O11	[M + Na]+	ASOSAGJEMFNYMK	InChI=1S/C18H24O11/c19-6-10(20)7-28-18-17(26)16(25)15(24)13(29-18)8-27-14(23)4-2-9-1-3-11(21)12(22)5-9/h1-5,10,13,15-22,24-26H,6-8H2	null	C1=CC(=C(C=C1C=CC(=O)OCC2C(C(C(C(O2)OCC(CO)O)O)O)O)O)O	-1.40352893	""	COCONUT:(CNP0180756);Natural Products:(UNPD26329 UNPD191133);SuperNatural:(SN00375413 SN00371826)	3178496
7	1	N/A	-219.9487552235642	C18H24O11	[M + Na]+	FJDZFTLKTCOXAV	InChI=1S/C18H24O11/c19-6-10(28-18-17(26)16(25)15(24)13(7-20)29-18)8-27-14(23)4-2-9-1-3-11(21)12(22)5-9/h1-5,10,13,15-22,24-26H,6-8H2	null	C1=CC(=C(C=C1C=CC(=O)OCC(CO)OC2C(C(C(C(O2)CO)O)O)O)O)O	-1.40352893	""	COCONUT:(CNP0393171);Natural Products:(UNPD40141);SuperNatural:(SN00315338)	3178496
8	1	N/A	-240.74749422241868	C18H24O11	[M + Na]+	ATNKEGCLRAXKFG	InChI=1S/C18H24O11/c19-6-10(8-27-18-17(26)16(25)15(24)13(7-20)29-18)28-14(23)4-2-9-1-3-11(21)12(22)5-9/h1-5,10,13,15-22,24-26H,6-8H2	null	C1=CC(=C(C=C1C=CC(=O)OC(CO)COC2C(C(C(C(O2)CO)O)O)O)O)O	-1.39999998	101608821	COCONUT:(CNP0172508);Natural Products:(UNPD132120);PubChem:(101608821);SuperNatural:(SN00356173)	3178498
9	1	N/A	-245.8914307039561	C18H24O11	[M + Na]+	WOBDOUCWWPCYBL	InChI=1S/C18H24O11/c1-27-11-7-8(6-9(19)3-5-12(20)21)2-4-10(11)28-18-15(24)13(22)14(23)16(29-18)17(25)26/h2,4,7,9,13-16,18-19,22-24H,3,5-6H2,1H3,(H,20,21)(H,25,26)	null	COC1=C(C=CC(=C1)CC(CCC(=O)O)O)OC2C(C(C(C(O2)C(=O)O)O)O)O	-0.5	131834100	HMDB:(127776);PubChem:(131834100);PubChem class - bio and metabolites	16777226
10	1	N/A	-246.57701208597157	C18H24O11	[M + Na]+	WNBIKNLJJFCZAQ	InChI=1S/C18H24O11/c19-5-9-1-3-10(4-2-9)27-16-14(13(23)12(22)11(6-20)28-16)29-17-15(24)18(25,7-21)8-26-17/h1-5,11-17,20-25H,6-8H2	null	C1C(C(C(O1)OC2C(C(C(OC2OC3=CC=C(C=C3)C=O)CO)O)O)O)(CO)O	-2.0	101253490	COCONUT:(CNP0177985);Natural Products:(UNPD12228);PubChem:(101253490);SuperNatural:(SN00311801)	3178498
11	1	N/A	-247.9780858339918	C18H24O11	[M + Na]+	KXHMGUWHUMCDCQ	InChI=1S/C18H24O11/c1-27-10-4-2-8(6-9(19)3-5-12(20)21)7-11(10)28-18-15(24)13(22)14(23)16(29-18)17(25)26/h2,4,7,9,13-16,18-19,22-24H,3,5-6H2,1H3,(H,20,21)(H,25,26)	null	COC1=C(C=C(C=C1)CC(CCC(=O)O)O)OC2C(C(C(C(O2)C(=O)O)O)O)O	-0.5	131834187	HMDB:(127837);PubChem:(131834187);PubChem class - bio and metabolites	16777226
12	1	N/A	-251.0771064384624	C18H24O11	[M + Na]+	SBKHBPAOTDHFBN	InChI=1S/C18H24O11/c1-7(20)26-5-8-2-3-9-10(16(24)25)6-27-17(12(8)9)29-18-15(23)14(22)13(21)11(4-19)28-18/h6,9,11,13-15,17-19,21-23H,2-5H2,1H3,(H,24,25)	(1S,4aS)-7-(acetyloxymethyl)-1-[(2S,3R,4S,5S,6R)-3,4,5-trihydroxy-6-(hydroxymethyl)oxan-2-yl]oxy-1,4a,5,6-tetrahydrocyclopenta[c]pyran-4-carboxylic acid	CC(=O)OCC1=C2C(CC1)C(=COC2OC3C(C(C(C(O3)CO)O)O)O)C(=O)O	-2.29999995	21592389	COCONUT:(CNP0128618);KNApSAcK:(32701);Natural Products:(UNPD143748);PubChem:(21592389);SuperNatural:(SN00249759)	3178514
13	1	N/A	-252.18962006355284	C18H24O11	[M + Na]+	WTLMLCQQDZUASM	InChI=1S/C18H24O11/c19-6-10(21)8-27-18-16(26)15(25)17(13(7-20)28-18)29-14(24)4-2-9-1-3-11(22)12(23)5-9/h1-5,10,13,15-23,25-26H,6-8H2	null	C1=CC(=C(C=C1C=CC(=O)OC2C(OC(C(C2O)O)OCC(CO)O)CO)O)O	-1.40352893	""	COCONUT:(CNP0248586);Natural Products:(UNPD63194 UNPD13713);SuperNatural:(SN00311172 SN00278053)	3178496
14	1	N/A	-253.07454106853515	C18H24O11	[M + Na]+	ONBDTOQGBILOCX	InChI=1S/C18H24O11/c1-27-11-7-8(2-4-10(11)20)6-9(19)3-5-12(21)28-18-15(24)13(22)14(23)16(29-18)17(25)26/h2,4,7,9,13-16,18-20,22-24H,3,5-6H2,1H3,(H,25,26)	null	COC1=C(C=CC(=C1)CC(CCC(=O)OC2C(C(C(C(O2)C(=O)O)O)O)O)O)O	-0.5	131834101	HMDB:(127777);PubChem:(131834101);PubChem class - bio and metabolites	16777226
15	1	N/A	-258.5332833744213	C18H24O11	[M + Na]+	LYCBWADILBLUGP	InChI=1S/C18H24O11/c1-27-11-4-2-8(7-10(11)20)6-9(19)3-5-12(21)28-18-15(24)13(22)14(23)16(29-18)17(25)26/h2,4,7,9,13-16,18-20,22-24H,3,5-6H2,1H3,(H,25,26)	null	COC1=C(C=C(C=C1)CC(CCC(=O)OC2C(C(C(C(O2)C(=O)O)O)O)O)O)O	-0.5	131834188	HMDB:(127838);PubChem:(131834188);PubChem class - bio and metabolites	16777226
16	1	N/A	-261.9859796912135	C18H24O11	[M + Na]+	JWTZSOKUKPIAJY	InChI=1S/C18H24O11/c19-6-10(21)8-27-18-16(26)17(15(25)13(7-20)28-18)29-14(24)4-2-9-1-3-11(22)12(23)5-9/h1-5,10,13,15-23,25-26H,6-8H2	null	C1=CC(=C(C=C1C=CC(=O)OC2C(C(OC(C2O)OCC(CO)O)CO)O)O)O	-1.40352893	""	COCONUT:(CNP0291827);Natural Products:(UNPD161208 UNPD85365);SuperNatural:(SN00310031 SN00393653)	3178496
17	1	N/A	-353.76440829868767	C18H24O11	[M + Na]+	SMAYFJWMMGJNKP	InChI=1S/C18H24O11/c1-24-13-8(6-9-14(16(13)25-2)28-7-27-9)4-3-5-26-18-12(21)10(19)11(20)15(29-18)17(22)23/h6,10-12,15,18-21H,3-5,7H2,1-2H3,(H,22,23)	null	COC1=C(C2=C(C=C1CCCOC3C(C(C(C(O3)C(=O)O)O)O)O)OCO2)OC	0.300000012	131835007	HMDB:(128708);PubChem:(131835007);PubChem class - bio and metabolites	16777226
18	1	N/A	-357.5090309951497	C18H24O11	[M + Na]+	ZAQADUHSJRESER	InChI=1S/C18H24O11/c1-18(6-19)5-8(20)11-9(3-7(26-2)4-10(11)29-18)27-17-14(23)12(21)13(22)15(28-17)16(24)25/h3-4,8,12-15,17,19-23H,5-6H2,1-2H3,(H,24,25)	null	CC1(CC(C2=C(O1)C=C(C=C2OC3C(C(C(C(O3)C(=O)O)O)O)O)OC)O)CO	-1.20000005	131832290	HMDB:(125824);PubChem:(131832290);PubChem class - bio and metabolites	16777226
19	1	N/A	-358.63204389914137	C18H24O11	[M + Na]+	JDXLHWDPJMIHPA	InChI=1S/C18H24O11/c1-18(2)5-6(19)9-7(29-18)4-8(26-3)14(10(9)20)27-17-13(23)11(21)12(22)15(28-17)16(24)25/h4,6,11-13,15,17,19-23H,5H2,1-3H3,(H,24,25)	null	CC1(CC(C2=C(C(=C(C=C2O1)OC)OC3C(C(C(C(O3)C(=O)O)O)O)O)O)O)C	-0.5	131832284	HMDB:(125818);PubChem:(131832284);PubChem class - bio and metabolites	16777226
20	1	N/A	-363.7409256821856	C18H24O11	[M + Na]+	HDUKUISSABZNDN	InChI=1S/C18H24O11/c1-18(2)5-6(19)9-7(29-18)4-8(26-3)10(20)14(9)27-17-13(23)11(21)12(22)15(28-17)16(24)25/h4,6,11-13,15,17,19-23H,5H2,1-3H3,(H,24,25)	null	CC1(CC(C2=C(C(=C(C=C2O1)OC)O)OC3C(C(C(C(O3)C(=O)O)O)O)O)O)C	-0.5	131832285	HMDB:(125819);PubChem:(131832285);PubChem class - bio and metabolites	16777226
21	1	N/A	-394.9881585271248	C18H24O11	[M + Na]+	VLEDVGKQGKWYMC	InChI=1S/C18H24O11/c1-9-11(19)3-4-26-16(9)29-17-15(24)12(20)5-10(28-17)8-27-14(23)7-18(2,25)6-13(21)22/h3-4,10,12,15,17,20,24-25H,5-8H2,1-2H3,(H,21,22)	null	CC1=C(OC=CC1=O)OC2C(C(CC(O2)COC(=O)CC(C)(CC(=O)O)O)O)O	-1.5	23815372	COCONUT:(CNP0026226);PubChem:(23815372);SuperNatural:(SN00028533 SN00028532);ZINC bio:(ZINC31156127 ZINC31156132)	3153922
1	2	N/A	-93.1323015772759	C20H22O11	[M + H]+	SZACRFHIGIHNTF	InChI=1S/C20H22O11/c21-7-9-3-1-2-4-13(9)30-20-18(27)17(26)16(25)14(31-20)8-29-19(28)10-5-11(22)15(24)12(23)6-10/h1-6,14,16-18,20-27H,7-8H2	null	C1=CC=C(C(=C1)CO)OC2C(C(C(C(O2)COC(=O)C3=CC(=C(C(=C3)O)O)O)O)O)O	-0.147823945	10741653	COCONUT:(CNP0264473);Natural Products:(UNPD182708);PubChem:(10741653);SuperNatural:(SN00365196)	3178498
2	2	N/A	-132.68193208400865	C20H22O11	[M + H]+	NJOSWMXZDRAWDS	InChI=1S/C20H22O11/c1-8-2-10(21)6-11(3-8)30-20-18(27)17(26)16(25)14(31-20)7-29-19(28)9-4-12(22)15(24)13(23)5-9/h2-6,14,16-18,20-27H,7H2,1H3	null	CC1=CC(=CC(=C1)OC2C(C(C(C(O2)COC(=O)C3=CC(=C(C(=C3)O)O)O)O)O)O)O	0.400000006	10410854	COCONUT:(CNP0298103);Natural Products:(UNPD53874);PubChem:(10410854);SuperNatural:(SN00247425)	3178498
3	2	N/A	-133.26961079375369	C20H22O11	[M + H]+	SRAPOXOXKGUIKG	InChI=1S/C20H22O11/c1-8-4-10(2-3-11(8)21)30-20-18(27)17(26)16(25)14(31-20)7-29-19(28)9-5-12(22)15(24)13(23)6-9/h2-6,14,16-18,20-27H,7H2,1H3	null	CC1=C(C=CC(=C1)OC2C(C(C(C(O2)COC(=O)C3=CC(=C(C(=C3)O)O)O)O)O)O)O	0.370812476	""	COCONUT:(CNP0291860);Natural Products:(UNPD161241);SuperNatural:(SN00356903)	3178496
4	2	N/A	-142.42432722514323	C20H22O11	[M + H]+	MFOVLHFTNQGRLH	InChI=1S/C20H22O11/c21-7-15-16(25)17(26)18(27)20(31-15)30-14-4-1-9(5-13(14)24)8-29-19(28)10-2-3-11(22)12(23)6-10/h1-6,15-18,20-27H,7-8H2	[3-hydroxy-4-[(3R,4S,5S)-3,4,5-trihydroxy-6-(hydroxymethyl)oxan-2-yl]oxyphenyl]methyl 3,4-dihydroxybenzoate	C1=CC(=C(C=C1COC(=O)C2=CC(=C(C=C2)O)O)O)OC3C(C(C(C(O3)CO)O)O)O	0.0	5320735;11224404;11495846	COCONUT:(CNP0106882);Natural Products:(UNPD41493 UNPD72897);PubChem:(5320735 11224404 11495846);SuperNatural:(SN00029693 SN00393584);ZINC bio:(ZINC31165201);additional;Training Set;PubMed	3727426
5	2	N/A	-142.86229234082043	C20H22O11	[M + H]+	YIMDZXFVFQRQTR	InChI=1S/C20H22O11/c21-7-14-16(25)17(26)18(27)20(31-14)30-13-5-4-10(22)6-9(13)8-29-19(28)11-2-1-3-12(23)15(11)24/h1-6,14,16-18,20-27H,7-8H2	null	C1=CC(=C(C(=C1)O)O)C(=O)OCC2=C(C=CC(=C2)O)OC3C(C(C(C(O3)CO)O)O)O	-0.147823945	""	COCONUT:(CNP0053146);SuperNatural:(SN00033253 SN00033251 SN00033252 SN00033254)	3145728
6	2	N/A	-157.0486522100901	C20H22O11	[M + H]+	PDSZDDOKSIMVRS	InChI=1S/C20H22O11/c1-29-12-4-8(2-3-10(12)23)16(25)15-11(24)5-9(22)6-13(15)30-20-19(28)18(27)17(26)14(7-21)31-20/h2-6,14,17-24,26-28H,7H2,1H3	null	COC1=C(C=CC(=C1)C(=O)C2=C(C=C(C=C2OC3C(C(C(C(O3)CO)O)O)O)O)O)O	0.600000024	72375546	COCONUT:(CNP0271188);Natural Products:(UNPD213156);PubChem:(72375546)	2129922
7	2	N/A	-167.2976739761652	C20H22O11	[M + H]+	RDYHSUICVTZVIJ	InChI=1S/C20H22O11/c1-29-11-6-10(23)13(14(24)8-2-4-9(22)5-3-8)19(16(11)26)31-20-18(28)17(27)15(25)12(7-21)30-20/h2-6,12,15,17-18,20-23,25-28H,7H2,1H3	null	COC1=C(C(=C(C(=C1)O)C(=O)C2=CC=C(C=C2)O)OC3C(C(C(C(O3)CO)O)O)O)O	-0.225037873	""	COCONUT:(CNP0123833);Natural Products:(UNPD217671)	2129920
8	2	N/A	-170.73175341437488	C20H22O11	[M + H]+	RGRRGLCMFAPXLN	InChI=1S/C20H22O11/c1-29-11-6-10(23)13(14(24)8-2-4-9(22)5-3-8)16(26)19(11)31-20-18(28)17(27)15(25)12(7-21)30-20/h2-6,12,15,17-18,20-23,25-28H,7H2,1H3	null	COC1=C(C(=C(C(=C1)O)C(=O)C2=CC=C(C=C2)O)O)OC3C(C(C(C(O3)CO)O)O)O	-0.225037873	""	COCONUT:(CNP0245935);Natural Products:(UNPD215571)	2129920
9	2	N/A	-198.21989088792833	C20H22O11	[M + H]+	YYJZMTBXHDRYKZ	InChI=1S/C20H22O11/c1-27-10-5-7-12-8(22)3-4-9(18(12)31-17(7)19(28-2)14(10)24)29-20-16(26)15(25)13(23)11(6-21)30-20/h3-5,11,13,15-16,20-26H,6H2,1-2H3	null	COC1=C(C(=C2C(=C1)C3=C(C=CC(=C3O2)OC4C(C(C(C(O4)CO)O)O)O)O)OC)O	0.699999988	25052412;24864265;74337541	COCONUT:(CNP0322444);KNApSAcK:(30326);Natural Products:(UNPD22465);PubChem:(25052412 24864265 74337541);SuperNatural:(SN00255458)	3178514
10	2	N/A	-203.24950278966838	C20H22O11	[M + H]+	RVLDSQBYQUOFGB	InChI=1S/C20H22O11/c1-8-2-10(22)6-11(3-8)29-20-17(27)18(16(26)14(7-21)30-20)31-19(28)9-4-12(23)15(25)13(24)5-9/h2-6,14,16-18,20-27H,7H2,1H3	null	CC1=CC(=CC(=C1)OC2C(C(C(C(O2)CO)O)OC(=O)C3=CC(=C(C(=C3)O)O)O)O)O	0.899999976	71553251	COCONUT:(CNP0136216);Natural Products:(UNPD223356);PubChem:(71553251)	2129922
11	2	N/A	-217.1655163277436	C20H22O11	[M + H]+	OXRDDLCZHINXPJ	InChI=1S/C20H22O11/c1-28-15-3-2-10(6-11(15)21)30-17-7-14(24)19(26)16(31-17)8-29-20(27)9-4-12(22)18(25)13(23)5-9/h2-6,14,16-17,19,21-26H,7-8H2,1H3	null	COC1=C(C=C(C=C1)OC2CC(C(C(O2)COC(=O)C3=CC(=C(C(=C3)O)O)O)O)O)O	0.812491953	""	COCONUT:(CNP0161074);Natural Products:(UNPD212349)	2129920
12	2	N/A	-220.12021619987124	C20H22O11	[M + H]+	FBLHZHJKBVPVIO	InChI=1S/C20H22O11/c21-7-13-16(25)17(26)18(27)20(31-13)30-12-4-2-10(22)6-9(12)5-8-1-3-11(23)14(15(8)24)19(28)29/h1-4,6,13,16-18,20-27H,5,7H2,(H,28,29)	null	C1=CC(=C(C=C1O)CC2=C(C(=C(C=C2)O)C(=O)O)O)OC3C(C(C(C(O3)CO)O)O)O	1.20000005	10622860	COCONUT:(CNP0245053);Natural Products:(UNPD172867);PubChem:(10622860);SuperNatural:(SN00284265)	3178498
13	2	N/A	-228.4637103820981	C20H22O11	[M + H]+	YISJRMFABYGQSX	InChI=1S/C20H22O11/c21-8-4-11(24)14-13(5-8)30-18(7-1-2-9(22)10(23)3-7)19(16(14)27)31-20-17(28)15(26)12(25)6-29-20/h1-5,12,15-28H,6H2	Loquatoside	C1C(C(C(C(O1)OC2C(C3=C(C=C(C=C3OC2C4=CC(=C(C=C4)O)O)O)O)O)O)O)O	-1.20000005	156269;78178070	COCONUT:(CNP0002425);HMDB:(41238);PubChem:(156269 78178070);PubChem class - bio and metabolites	18874378
14	2	N/A	-231.47406525977775	C20H22O11	[M + H]+	WRYDCXDQHZQHNS	InChI=1S/C20H22O11/c1-30-11-3-2-7(4-8(11)22)15(25)13-9(23)5-10(24)14(17(13)27)20-19(29)18(28)16(26)12(6-21)31-20/h2-5,12,16,18-24,26-29H,6H2,1H3	null	COC1=C(C=C(C=C1)C(=O)C2=C(C=C(C(=C2O)C3C(C(C(C(O3)CO)O)O)O)O)O)O	-0.100000001	10789146	COCONUT:(CNP0170370);Natural Products:(UNPD190116);PubChem:(10789146);SuperNatural:(SN00361622);MeSH:(10789146);PubMed	3178566
15	2	N/A	-247.75573397957774	C20H22O11	[M + H]+	KAEZXGPWNASHPI	InChI=1S/C20H22O11/c1-8(21)5-13(30-20-17(25)15(23)16(24)18(31-20)19(26)27)10-6-9-3-4-14(22)29-11(9)7-12(10)28-2/h3-4,6-7,13,15-18,20,23-25H,5H2,1-2H3,(H,26,27)	null	CC(=O)CC(C1=C(C=C2C(=C1)C=CC(=O)O2)OC)OC3C(C(C(C(O3)C(=O)O)O)O)O	-0.699999988	131835263	HMDB:(128975);PubChem:(131835263);PubChem class - bio and metabolites	16777226
16	2	N/A	-250.70884049604652	C20H22O11	[M + H]+	RRIYFXDIXQOTIM	InChI=1S/C20H22O11/c21-10-3-1-8(5-12(10)23)6-13(24)15(26)9-2-4-11(22)19(16(9)27)31-20-18(29)17(28)14(25)7-30-20/h1-5,13-14,17-18,20-25,27-29H,6-7H2	null	C1C(C(C(C(O1)OC2=C(C=CC(=C2O)C(=O)C(CC3=CC(=C(C=C3)O)O)O)O)O)O)O	0.0	10622861	COCONUT:(CNP0312916);Natural Products:(UNPD71328);PubChem:(10622861);SuperNatural:(SN00239196)	3178498
17	2	N/A	-258.36162474347515	C20H22O11	[M + H]+	KYSARIXKRNUYQH	InChI=1S/C20H22O11/c1-28-12-7-13-10(3-5-14(22)30-13)6-9(12)2-4-11(21)8-29-20-17(25)15(23)16(24)18(31-20)19(26)27/h3,5-7,15-18,20,23-25H,2,4,8H2,1H3,(H,26,27)	null	COC1=C(C=C2C=CC(=O)OC2=C1)CCC(=O)COC3C(C(C(C(O3)C(=O)O)O)O)O	-0.200000003	131835268	HMDB:(128980);PubChem:(131835268);PubChem class - bio and metabolites	16777226
18	2	N/A	-274.3918025811183	C20H22O11	[M + H]+	LFYZEEIUGCPAGW	InChI=1S/C20H22O11/c21-8-13-15(24)17(31-19(28)9-4-6-10(22)7-5-9)16(25)20(30-13)29-12-3-1-2-11(23)14(12)18(26)27/h1-7,12-17,20-25H,8H2,(H,26,27)	null	C1=CC(C(C(=C1)O)C(=O)O)OC2C(C(C(C(O2)CO)O)OC(=O)C3=CC=C(C=C3)O)O	0.5	102138460	PubChem:(102138460);COCONUT:(CNP0075427)	2097154
19	2	N/A	-274.42570537731456	C20H22O11	[M + H]+	HHFXOOKUNKSKGO	InChI=1S/C20H22O11/c1-8(21)11(30-20-17(25)15(23)16(24)18(31-20)19(26)27)6-10-5-9-3-4-14(22)29-13(9)7-12(10)28-2/h3-5,7,11,15-18,20,23-25H,6H2,1-2H3,(H,26,27)	null	CC(=O)C(CC1=C(C=C2C(=C1)C=CC(=O)O2)OC)OC3C(C(C(C(O3)C(=O)O)O)O)O	-0.100000001	131835270	HMDB:(128982);PubChem:(131835270);PubChem class - bio and metabolites	16777226
20	2	N/A	-287.8633987461931	C20H22O11	[M + H]+	ZAQHLKKETXFKKN	InChI=1S/C20H22O11/c1-28-13-5-3-9(6-11(13)22)2-4-10-7-12(23)18(19(27)29-10)31-20-17(26)16(25)15(24)14(8-21)30-20/h2-7,14-17,20-26H,8H2,1H3	null	COC1=C(C=C(C=C1)C=CC2=CC(=C(C(=O)O2)OC3C(C(C(C(O3)CO)O)O)O)O)O	0.100000001	102247151	COCONUT:(CNP0194743);Natural Products:(UNPD126493);PubChem:(102247151);SuperNatural:(SN00310975)	3178498
21	2	N/A	-296.1712118855433	C20H22O11	[M + H]+	LGAGSKHRLYJFTE	InChI=1S/C20H22O11/c1-6-12(7(2)22)16(25)13-9(14(6)23)3-8(19(28)29)4-10(13)30-20-18(27)17(26)15(24)11(5-21)31-20/h3-4,11,15,17-18,20-21,23-27H,5H2,1-2H3,(H,28,29)/p-1	null	CC1=C(C(=C2C(=CC(=CC2=C1[O-])C(=O)O)OC3C(C(C(C(O3)CO)O)O)O)O)C(=O)C	-0.465655982	""	COCONUT:(CNP0414541 CNP0422722);SuperNatural:(SN00167276)	3145728
22	2	N/A	-302.45794061668704	C20H22O11	[M + H]+	IYKLLMGHYYKZCD	InChI=1S/C20H22O11/c1-8(21)3-4-9-11(28-2)7-12-10(5-6-13(22)29-12)17(9)30-20-16(25)14(23)15(24)18(31-20)19(26)27/h5-7,14-16,18,20,23-25H,3-4H2,1-2H3,(H,26,27)	null	CC(=O)CCC1=C(C=C2C(=C1OC3C(C(C(C(O3)C(=O)O)O)O)O)C=CC(=O)O2)OC	-0.100000001	131835267	HMDB:(128979);PubChem:(131835267);PubChem class - bio and metabolites	16777226
23	2	N/A	-339.69401369202376	C20H22O11	[M + H]+	HRYLWBLBVPVIJG	InChI=1S/C20H22O11/c1-9(21)27-8-15-17(24)18(25)19(28-10(2)22)20(31-15)30-14-7-12-11(6-13(14)26-3)4-5-16(23)29-12/h4-7,15,17-20,24-25H,8H2,1-3H3	[(2R,3S,4S,5R,6S)-5-acetyloxy-3,4-dihydroxy-6-(6-methoxy-2-oxochromen-7-yl)oxyoxan-2-yl]methyl acetate	CC(=O)OCC1C(C(C(C(O1)OC2=C(C=C3C=CC(=O)OC3=C2)OC)OC(=O)C)O)O	0.300000012	21636119	COCONUT:(CNP0309981);Natural Products:(UNPD190474);PubChem:(21636119)	2129922
24	2	N/A	-348.94712299147847	C20H22O11	[M + H]+	IISOLFHWTHDRAJ	InChI=1S/C20H22O11/c1-8(21)3-4-9-7-10-5-6-11(22)29-16(10)18(15(9)28-2)31-20-14(25)12(23)13(24)17(30-20)19(26)27/h5-7,12-14,17,20,23-25H,3-4H2,1-2H3,(H,26,27)	null	CC(=O)CCC1=C(C(=C2C(=C1)C=CC(=O)O2)OC3C(C(C(C(O3)C(=O)O)O)O)O)OC	-0.100000001	131835266	HMDB:(128978);PubChem:(131835266);PubChem class - bio and metabolites	16777226
25	2	N/A	-350.87362451986644	C20H22O11	[M + H]+	AKXFCIJCZSDVRU	InChI=1S/C20H22O11/c1-20(26)17-16(11-8(27-17)4-2-7-3-5-10(22)29-15(7)11)30-19(20)31-18-14(25)13(24)12(23)9(6-21)28-18/h2-5,9,12-14,16-19,21,23-26H,6H2,1H3	null	CC1(C2C(C3=C(O2)C=CC4=C3OC(=O)C=C4)OC1OC5C(C(C(C(O5)CO)O)O)O)O	-0.988606513	""	COCONUT:(CNP0114841 CNP0338438);Natural Products:(UNPD25259);SuperNatural:(SN00161932)	3178496
26	2	N/A	-361.8715757488906	C20H22O11	[M + H]+	HGBYNWRYZOUPGR	InChI=1S/C20H22O11/c1-9(21)27-8-15-17(24)19(28-10(2)22)18(25)20(31-15)30-14-7-12-11(6-13(14)26-3)4-5-16(23)29-12/h4-7,15,17-20,24-25H,8H2,1-3H3	[(2R,3R,4S,5R,6S)-4-acetyloxy-3,5-dihydroxy-6-(6-methoxy-2-oxochromen-7-yl)oxyoxan-2-yl]methyl acetate	CC(=O)OCC1C(C(C(C(O1)OC2=C(C=C3C=CC(=O)OC3=C2)OC)O)OC(=O)C)O	0.300000012	21636120	COCONUT:(CNP0147697);Natural Products:(UNPD183902);PubChem:(21636120);SuperNatural:(SN00314961)	3178498
27	2	N/A	-362.4431089248581	C20H22O11	[M + H]+	IIQCJOQENFQELS	InChI=1S/C20H22O11/c1-11(21)2-12(22)3-13(23)4-14(24)5-15(25)6-16(26)7-17(27)8-18(28)9-19(29)10-20(30)31/h2-10H2,1H3,(H,30,31)	3,5,7,9,11,13,15,17,19-nonaoxoicosanoate	CC(=O)CC(=O)CC(=O)CC(=O)CC(=O)CC(=O)CC(=O)CC(=O)CC(=O)CC(=O)O	-1.5	50986250;50986251	Plantcyc:(CPD-12955);PubChem:(50986250 50986251);Biocyc:(CPD-12955);PubChem class - bio and metabolites	16910338
28	2	N/A	-372.1536123826118	C20H22O11	[M + H]+	CEGDAXYHYIXNAQ	InChI=1S/C20H22O11/c1-20(2,27)9-6-8-5-7-3-4-10(21)29-14(7)17(15(8)28-9)31-19-13(24)11(22)12(23)16(30-19)18(25)26/h3-5,9,11-13,16,19,22-24,27H,6H2,1-2H3,(H,25,26)	null	CC(C)(C1CC2=C(O1)C(=C3C(=C2)C=CC(=O)O3)OC4C(C(C(C(O4)C(=O)O)O)O)O)O	0.0	131836924	HMDB:(132921);PubChem:(131836924);KEGG Mine;PubChem class - bio and metabolites	8606711818
1	2	N/A	-122.25133892435667	C20H24O12	[M - H2O + H]+	FCJIWTZAADYCGI	InChI=1S/C20H24O12/c21-10-6-28-19(17(26)14(10)23)29-7-12-15(24)16(25)18(27)20(32-12)30-9-3-1-8-2-4-13(22)31-11(8)5-9/h1-5,10,12,14-21,23-27H,6-7H2	null	C1C(C(C(C(O1)OCC2C(C(C(C(O2)OC3=CC4=C(C=C3)C=CC(=O)O4)O)O)O)O)O)O	-2.29999995	10072745	COCONUT:(CNP0198332);Natural Products:(UNPD17631);PubChem:(10072745);SuperNatural:(SN00232823);additional;Training Set	3719170
2	2	N/A	-130.9376829150132	C20H24O12	[M - H2O + H]+	SXPBJYHKMRWZNA	InChI=1S/C20H24O12/c21-7-20(27)8-29-19(17(20)26)28-6-12-14(23)15(24)16(25)18(32-12)30-10-3-1-9-2-4-13(22)31-11(9)5-10/h1-5,12,14-19,21,23-27H,6-8H2	apiosylskimmin	C1C(C(C(O1)OCC2C(C(C(C(O2)OC3=CC4=C(C=C3)C=CC(=O)O4)O)O)O)O)(CO)O	-2.0	14236612;14236613;46875315;134692429;138114280	COCONUT:(CNP0221724 CNP0396895);KNApSAcK:(29702);Natural Products:(UNPD81071 UNPD125633);PubChem:(14236612 14236613 46875315 134692429 138114280);SuperNatural:(SN00341970 SN00028737);ZINC bio:(ZINC31157867);additional;MeSH:(14236613);PubMed	3711062
3	2	N/A	-205.56516543479935	C20H24O12	[M - H2O + H]+	HGQDVTBUGONPNS	InChI=1S/C20H24O12/c1-9-6-14(7-16(25)27-9)31-20-19(30-13(5)24)18(29-12(4)23)17(28-11(3)22)15(32-20)8-26-10(2)21/h6-7,15,17-20H,8H2,1-5H3	null	CC1=CC(=CC(=O)O1)OC2C(C(C(C(O2)COC(=O)C)OC(=O)C)OC(=O)C)OC(=O)C	0.447670251	""	COCONUT:(CNP0231010);Natural Products:(UNPD138892);SuperNatural:(SN00296662)	3178496
4	2	N/A	-216.20241743151536	C20H24O12	[M - H2O + H]+	WDRJBSQMNJKJGH	InChI=1S/C20H24O12/c1-9-16(14(25)6-7-26-9)32-20-19(30-13(5)24)18(29-12(4)23)17(28-11(3)22)15(31-20)8-27-10(2)21/h6-7,15,17-20H,8H2,1-5H3	[3,4,5-triacetyloxy-6-(2-methyl-4-oxopyran-3-yl)oxyoxan-2-yl]methyl acetate	CC1=C(C(=O)C=CO1)OC2C(C(C(C(O2)COC(=O)C)OC(=O)C)OC(=O)C)OC(=O)C	0.300000012	14774604;21672574;22841410	COCONUT:(CNP0180947);Natural Products:(UNPD61882);PubChem:(14774604 21672574 22841410);SuperNatural:(SN00329902)	3178498
5	2	N/A	-220.58956802128864	C20H24O12	[M - H2O + H]+	UUOIUESIXZINPC	InChI=1S/C20H24O12/c21-6-12-14(24)15(25)16(32-19-17(26)20(27,7-22)8-28-19)18(31-12)29-10-3-1-9-2-4-13(23)30-11(9)5-10/h1-5,12,14-19,21-22,24-27H,6-8H2	null	C1C(C(C(O1)OC2C(C(C(OC2OC3=CC4=C(C=C3)C=CC(=O)O4)CO)O)O)O)(CO)O	-1.5	10766203	COCONUT:(CNP0187269);Natural Products:(UNPD117151);PubChem:(10766203)	2129922
6	2	N/A	-238.5862358343457	C20H24O12	[M - H2O + H]+	IJMNMNWTGAYYJM	InChI=1S/C20H24O12/c1-7(22)28-5-8-2-11-15-9(19(27)30-11)6-29-10(14(8)15)3-13(23)32-20-18(26)17(25)16(24)12(4-21)31-20/h2,6,10-12,14-18,20-21,24-26H,3-5H2,1H3	null	CC(=O)OCC1=CC2C3C1C(OC=C3C(=O)O2)CC(=O)OC4C(C(C(C(O4)CO)O)O)O	-2.5	5315522;22524635	COCONUT:(CNP0180731);PubChem:(5315522 22524635);SuperNatural:(SN00160061)	3145730
7	2	N/A	-277.6779655701846	C20H24O12	[M - H2O + H]+	GGLAWDIODKKBQZ	InChI=1S/C20H24O12/c1-7(22)9-4-20(32-17(9)28)3-2-8-10(16(26)27)6-29-18(12(8)20)31-19-15(25)14(24)13(23)11(5-21)30-19/h2-4,6-8,11-15,18-19,21-25H,5H2,1H3,(H,26,27)	15-Demethylplumeride	CC(C1=CC2(C=CC3C2C(OC=C3C(=O)O)OC4C(C(C(C(O4)CO)O)O)O)OC1=O)O	-1.5	400631;11155301;14807316;23900076;44593505;133561851;137796257	COCONUT:(CNP0078238);MeSH:(400631);PubChem:(400631 11155301 14807316 23900076 44593505 133561851 137796257);PubMed;KEGG Mine	8592031814
8	2	N/A	-304.81939912928374	C20H24O12	[M - H2O + H]+	SAORNDXWZUOUPH	InChI=1S/C20H24O12/c21-7-12-14(25)15(26)16(27)18(31-12)32-17-9(5-10(22)6-11(17)23)8-30-19(28)20(29)4-2-1-3-13(20)24/h2,4-6,12,14-16,18,21-23,25-27,29H,1,3,7-8H2	null	C1CC(=O)C(C=C1)(C(=O)OCC2=CC(=CC(=C2OC3C(C(C(C(O3)CO)O)O)O)O)O)O	-1.42386305	""	COCONUT:(CNP0199720);Natural Products:(UNPD217068)	2129920
9	2	N/A	-313.59155045569577	C20H24O12	[M - H2O + H]+	XFIOZCMKPNZOII	InChI=1S/C20H24O12/c1-28-17(27)10-7-29-18(31-19-15(25)14(24)13(23)11(6-22)30-19)12-9(10)2-3-20(12)4-8(5-21)16(26)32-20/h2-4,7,9,11-15,18-19,21-25H,5-6H2,1H3	Iridoid	COC(=O)C1=COC(C2C1C=CC23C=C(C(=O)O3)CO)OC4C(C(C(C(O4)CO)O)O)O	-1.60000002	453214;52913320	COCONUT:(CNP0085778);PubChem:(453214 52913320);PubMed	2097218