structureRankPerFormula	formulaRank	ConfidenceScore	CSI:FingerIDScore	molecularFormula	adduct	InChIkey2D	InChI	name	smiles	xlogp	pubchemids	links	dbflags
1	1	N/A	-67.42206849157911	C8H10O2	[M - H2O + H]+	WYLYBQSHRJMURN	InChI=1S/C8H10O2/c1-10-8-5-3-2-4-7(8)6-9/h2-5,9H,6H2,1H3	o-Anisyl alcohol	COC1=CC=CC=C1CO	1.37550926	69154;12344144;59897778;59897789;87811371;101357026	NORMAN:(NS00011986);COCONUT:(CNP0047350);PubChem:(69154 12344144 59897778 59897789 87811371 101357026);SuperNatural:(SN00001414);ZINC bio:(ZINC00391172);additional;EcoCyc Mine;PubChem class - safety and toxic;PubMed;KEGG Mine	25840853058
2	1	N/A	-67.73835071924708	C8H10O2	[M - H2O + H]+	YCCILVSKPBXVIP	InChI=1S/C8H10O2/c9-6-5-7-1-3-8(10)4-2-7/h1-4,9-10H,5-6H2	p-Tyrosol	C1=CC(=CC=C1CCO)O	1.41499341	10393;10510927;10654287;10678320;10773058;25240239;25241064;59032066;119090984	HMDB:(4284);PubChem class - food;SuperNatural:(SN00001235);ZINC bio:(ZINC00164581);additional;MeSH:(10393);Plantcyc:(CPD3O-4151);PubMed;NORMAN:(NS00014657);COCONUT:(CNP0160217);KNApSAcK:(29515);Natural Products:(UNPD17214);PubChem:(10393 10510927 10654287 10678320 10773058 25240239 25241064 59032066 119090984);CHEBI:(1879);PubChem class - bio and metabolites;EcoCyc Mine;KEGG:(C06044);PubChem class - safety and toxic;YMDB:(1798);Training Set;PubChem class - drug;Biocyc:(CPD3O-4151)	17435715966
3	1	N/A	-68.39045072982526	C8H10O2	[M - H2O + H]+	BNMOYKYFKJGWPG	InChI=1S/C8H10O2/c1-6-3-2-4-8(10)7(6)5-9/h2-4,9-10H,5H2,1H3	2-(hydroxymethyl)-3-methylphenol	CC1=C(C(=CC=C1)O)CO	1.60000002	10997099	COCONUT:(CNP0321165);Natural Products:(UNPD82339);PubChem:(10997099);SuperNatural:(SN00393294);ZINC bio:(ZINC14488876);EcoCyc Mine;KEGG Mine	25772990466
4	1	N/A	-69.2229340710022	C8H10O2	[M - H2O + H]+	MSHFRERJPWKJFX	InChI=1S/C8H10O2/c1-10-8-4-2-7(6-9)3-5-8/h2-5,9H,6H2,1H3	bmse010025	COC1=CC=C(C=C1)CO	1.37550926	7738;10558696;10011976;11815896;15618804;25241139;45039716;101137832;134860329	HMDB:(34241);PubChem class - food;SuperNatural:(SN00045157);ZINC bio:(ZINC00388232);additional;MeSH:(7738);PubMed;NORMAN:(NS00009442);COCONUT:(CNP0301946);Natural Products:(UNPD124287);PubChem:(7738 10558696 10011976 11815896 15618804 25241139 45039716 101137832 134860329);PubChem class - bio and metabolites;EcoCyc Mine;PubChem class - safety and toxic;KEGG Mine	25991880782
5	1	N/A	-72.90703075151066	C8H10O2	[M - H2O + H]+	ABFCOJLLBHXNOU	InChI=1S/C8H10O2/c9-6-5-7-3-1-2-4-8(7)10/h1-4,9-10H,5-6H2	2-Hydroxyphenylethanol	C1=CC=C(C(=C1)CCO)O	1.41499341	82200;101520436	SuperNatural:(SN00277303);ZINC bio:(ZINC00406927);additional;MeSH:(82200);PubMed;NORMAN:(NS00020119);COCONUT:(CNP0110289);Natural Products:(UNPD151929);PubChem:(82200 101520436);CHEBI:(64803);PubChem class - safety and toxic;YMDB:(2314);KEGG Mine	8661082214
6	1	N/A	-73.32911763590253	C8H10O2	[M - H2O + H]+	HSKGHUJMBLYPDO	InChI=1S/C8H10O2/c1-6-4-7(5-9)2-3-8(6)10/h2-4,9-10H,5H2,1H3	Ambap18299-15-5	CC1=C(C=CC(=C1)CO)O	1.44915771	14251856	PubChem:(14251856);PubChem class - bio and metabolites;EcoCyc Mine;PubMed;Biocyc:(CPD-18289);KEGG Mine	25786583106
7	1	N/A	-73.46237291465344	C8H10O2	[M - H2O + H]+	XGYCFBRLHVWRLV	InChI=1S/C8H10O2/c1-6-2-3-7(5-9)4-8(6)10/h2-4,9-10H,5H2,1H3	5-(hydroxymethyl)-2-methylphenol	CC1=C(C=C(C=C1)CO)O	1.44915771	11521085	PubChem:(11521085);Biocyc:(CPD-18276);KEGG Mine;PubChem class - bio and metabolites	8606713858
8	1	N/A	-73.74189467136897	C8H10O2	[M - H2O + H]+	GPASWZHHWPVSRG	InChI=1S/C8H10O2/c1-5-3-8(10)6(2)4-7(5)9/h3-4,9-10H,1-2H3	2,5-Dimethylhydroquinone	CC1=CC(=C(C=C1O)C)O	1.89999998	69211;59060490;131855728	NORMAN:(NS00034736);PubChem:(69211 59060490 131855728);PubMed;ZINC bio:(ZINC01593826)	270402
9	1	N/A	-76.74872749549014	C8H10O2	[M - H2O + H]+	SHESIBIEPSTHMZ	InChI=1S/C8H10O2/c1-6-4-3-5-7(9)8(6)10-2/h3-5,9H,1-2H3	2-Methoxy-3-methylphenol	CC1=C(C(=CC=C1)O)OC	1.89414561	87455	NORMAN:(NS00025960);EcoCyc Mine;PubChem:(87455);YMDB Mine;KEGG Mine	60129804290
10	1	N/A	-78.01556077122486	C8H10O2	[M - H2O + H]+	ILASIIGKRFKNQC	InChI=1S/C8H10O2/c1-6-5-7(9)3-4-8(6)10-2/h3-5,9H,1-2H3	4-Methoxy-3-methylphenol	CC1=C(C=CC(=C1)O)OC	1.89414561	297394	COCONUT:(CNP0142095);Natural Products:(UNPD189571);PubChem:(297394);SuperNatural:(SN00319741);ZINC bio:(ZINC01673680);KEGG Mine	8593121282
11	1	N/A	-78.60912016551262	C8H10O2	[M - H2O + H]+	JVNCFFFHVBWVBR	InChI=1S/C8H10O2/c1-6(9)7-4-2-3-5-8(7)10/h2-6,9-10H,1H3	null	CC(C1=CC=CC=C1O)O	1.60000002	10866399;12318664;28561325	MeSH:(10866399);PubChem:(10866399 12318664 28561325);PubMed;KEGG Mine	8589934662
12	1	N/A	-79.19559849251814	C8H10O2	[M - H2O + H]+	VJIDDJAKLVOBSE	InChI=1S/C8H10O2/c1-2-6-5-7(9)3-4-8(6)10/h3-5,9-10H,2H2,1H3	Hydroquinone, ethyl-	CCC1=C(C=CC(=C1)O)O	1.93362987	3083760	COCONUT:(CNP0246876);Natural Products:(UNPD117942);PubChem:(3083760);SuperNatural:(SN00268799);MeSH:(3083760);PubMed;KEGG Mine	8593113158
13	1	N/A	-79.20031275683998	C8H10O2	[M - H2O + H]+	WBHAUHHMPXBZCQ	InChI=1S/C8H10O2/c1-6-4-3-5-7(10-2)8(6)9/h3-5,9H,1-2H3	6-Methoxy-o-cresol	CC1=C(C(=CC=C1)OC)O	1.89414561	76173	NORMAN:(NS00028588);PubChem:(76173);YMDB Mine;EcoCyc Mine;PubChem class - safety and toxic;PubMed;KEGG Mine	60196913218
14	1	N/A	-79.73806649584398	C8H10O2	[M - H2O + H]+	RJWLXGOSIRVRAR	InChI=1S/C8H10O2/c1-5-3-4-7(9)6(2)8(5)10/h3-4,9-10H,1-2H3	2,4-Dimethylresorcinol	CC1=C(C(=C(C=C1)O)C)O	1.89999998	69452	NORMAN:(NS00035454);COCONUT:(CNP0142427);Natural Products:(UNPD127544);PubChem:(69452);PubMed;KEGG Mine	8592326722
15	1	N/A	-80.87405322738373	C8H10O2	[M - H2O + H]+	FGTGRNYBZPTINT	InChI=1S/C8H10O2/c9-7-5-3-1-2-4-6-8-10/h9-10H,5-8H2	3,5-Octadiyne-1,8-diol	C(CO)C#CC#CCCO	0.200000003	18408254	COCONUT:(CNP0366915);Natural Products:(UNPD115474);PubChem class - safety and toxic;PubChem:(18408254);ZINC bio:(ZINC02556440)	69246978
16	1	N/A	-81.69355272438938	C8H10O2	[M - H2O + H]+	BWVAOONFBYYRHY	InChI=1S/C8H10O2/c9-5-7-1-2-8(6-10)4-3-7/h1-4,9-10H,5-6H2	p-Xylylenediol	C1=CC(=CC=C1CO)CO	0.930521369	11506;12411005;10329378;59074534	NORMAN:(NS00034041);PubChem:(11506 12411005 10329378 59074534);ZINC bio:(ZINC00404295);PubChem class - safety and toxic;PubMed;KEGG Mine	8657313858
17	1	N/A	-83.66883083710813	C8H10O2	[M - H2O + H]+	PMRFBLQVGJNGLU	InChI=1S/C8H10O2/c1-6(9)7-2-4-8(10)5-3-7/h2-6,9-10H,1H3	bmse010001	CC(C1=CC=C(C=C1)O)O	1.41830182	102803;10866400;12576674;22666647;102379230	SuperNatural:(SN00231957 SN00328525);ZINC bio:(ZINC02566074 ZINC04654872);additional;Plantcyc:(CPD-10597);PubMed;NORMAN:(NS00050115);COCONUT:(CNP0112149);Natural Products:(UNPD30286 UNPD36665);PubChem:(102803 10866400 12576674 22666647 102379230);CHEBI:(31042);PubChem class - bio and metabolites;KEGG:(C13638);YMDB:(1404);Biocyc:(CPD-10597)	20949346
18	1	N/A	-84.0540102197521	C8H10O2	[M - H2O + H]+	AMQIPHZFLIDOCB	InChI=1S/C8H10O2/c9-5-4-7-2-1-3-8(10)6-7/h1-3,6,9-10H,4-5H2	m-Phenethyl alcohol	C1=CC(=CC(=C1)O)CCO	1.41499341	83404	NORMAN:(NS00024318);COCONUT:(CNP0140785);Natural Products:(UNPD217346);PubChem:(83404);YMDB Mine;ZINC bio:(ZINC00395670);additional;PubChem class - safety and toxic;PubMed;KEGG Mine	43019706434
19	1	N/A	-84.06989499844458	C8H10O2	[M - H2O + H]+	VBIKLMJHBGFTPV	InChI=1S/C8H10O2/c1-2-10-8-5-3-4-7(9)6-8/h3-6,9H,2H2,1H3	3-Ethoxyphenol	CCOC1=CC=CC(=C1)O	1.8418076	69306;45039222	NORMAN:(NS00022522);PubChem:(69306 45039222);ZINC bio:(ZINC01680430);PubChem class - safety and toxic;PubMed;KEGG Mine	8657313858
20	1	N/A	-85.98974960965222	C8H10O2	[M - H2O + H]+	SGWZVZZVXOJRAQ	InChI=1S/C8H10O2/c1-5-3-7(9)4-6(2)8(5)10/h3-4,9-10H,1-2H3	2,6-Xyloquinol	CC1=CC(=CC(=C1O)C)O	1.96779418	69560	HMDB:(32137);PubChem class - food;SuperNatural:(SN00155836);ZINC bio:(ZINC00406908);MeSH:(69560);PubMed;NORMAN:(NS00019915);COCONUT:(CNP0107250);Natural Products:(UNPD40768);PubChem:(69560);PubChem class - bio and metabolites;PubChem class - safety and toxic;KEGG Mine	8811487310
21	1	N/A	-87.160667545075	C8H10O2	[M - H2O + H]+	LKVFCSWBKOVHAH	InChI=1S/C8H10O2/c1-2-10-8-5-3-7(9)4-6-8/h3-6,9H,2H2,1H3	4-Ethoxyphenol	CCOC1=CC=C(C=C1)O	1.8418076	12150;22335843	HMDB:(32036);PubChem class - food;ZINC bio:(ZINC00145734);PubMed;NORMAN:(NS00021260);COCONUT:(CNP0003327);KNApSAcK:(44062);PubChem:(12150 22335843);YMDB Mine;PubChem class - bio and metabolites;PubChem class - safety and toxic;KEGG Mine	43170144346
22	1	N/A	-87.34730338368357	C8H10O2	[M - H2O + H]+	XMUZQOKACOLCSS	InChI=1S/C8H10O2/c9-5-7-3-1-2-4-8(7)6-10/h1-4,9-10H,5-6H2	Phthalyl alcohol	C1=CC=C(C(=C1)CO)CO	0.200000003	69153	NORMAN:(NS00034605);PubChem:(69153);ZINC bio:(ZINC03861341);MeSH:(69153);PubChem class - safety and toxic;PubMed;KEGG Mine	8657313862
23	1	N/A	-87.9571714684732	C8H10O2	[M - H2O + H]+	OHBQPCCCRFSCAX	InChI=1S/C8H10O2/c1-9-7-3-5-8(10-2)6-4-7/h3-6H,1-2H3	USAF uctl-1791	COC1=CC=C(C=C1)OC	1.82049716	9016;12215905;12215906;60071635;90475750	HMDB:(29671);PubChem class - food;SuperNatural:(SN00258990);ZINC bio:(ZINC00388747);HSDB:(150-78-7);MeSH:(9016);PubMed;NORMAN:(NS00002609);COCONUT:(CNP0161668);KNApSAcK:(36386);Natural Products:(UNPD170938);PubChem:(9016 12215905 12215906 60071635 90475750);PubChem class - bio and metabolites;PubChem class - safety and toxic	221553246
24	1	N/A	-88.87128100427529	C8H10O2	[M - H2O + H]+	BXJGUBZTZWCMEX	InChI=1S/C8H10O2/c1-5-6(2)8(10)4-3-7(5)9/h3-4,9-10H,1-2H3	Xylohydroquinone	CC1=C(C=CC(=C1C)O)O	1.96779418	69100;16097786;16098190;131862773	NORMAN:(NS00045363);COCONUT:(CNP0119775);Natural Products:(UNPD224263);PubChem:(69100 16097786 16098190 131862773);additional;MeSH:(69100);PubChem class - safety and toxic;Training Set;PubMed	70041670
25	1	N/A	-88.99502816370178	C8H10O2	[M - H2O + H]+	YWMLORGQOFONNT	InChI=1S/C8H10O2/c9-5-7-2-1-3-8(4-7)6-10/h1-4,9-10H,5-6H2	m-Xylene glycol	C1=CC(=CC(=C1)CO)CO	0.930521369	69374;10103272	NORMAN:(NS00035103);PubChem class - safety and toxic;PubChem:(69374 10103272);PubMed;KEGG Mine	8657305666
26	1	N/A	-90.62150721540121	C8H10O2	[M - H2O + H]+	MSFGJICDOLGZQK	InChI=1S/C8H10O2/c1-2-6-3-7(9)5-8(10)4-6/h3-5,9-10H,2H2,1H3	1,3-Benzenediol, 5-ethyl-	CCC1=CC(=CC(=C1)O)O	2.0	12795898	HMDB:(125590);PubChem:(12795898);ZINC bio:(ZINC13507905);KEGG Mine;PubChem class - bio and metabolites	8606720010
27	1	N/A	-90.67143347957155	C8H10O2	[M - H2O + H]+	RCNCKKACINZDOI	InChI=1S/C8H10O2/c1-5-3-7(9)4-8(10)6(5)2/h3-4,9-10H,1-2H3	o-Xylorcinol	CC1=CC(=CC(=C1C)O)O	1.89999998	10697	NORMAN:(NS00032573);COCONUT:(CNP0138651);Natural Products:(UNPD128536);PubChem:(10697);SuperNatural:(SN00328853);ZINC bio:(ZINC00391601);MeSH:(10697);PubMed;KEGG Mine	8593383494
28	1	N/A	-91.80919646469178	C8H10O2	[M - H2O + H]+	UUCQGNWZASKXNN	InChI=1S/C8H10O2/c1-2-6-4-3-5-7(9)8(6)10/h3-5,9-10H,2H2,1H3	3-Ethylcatechol	CCC1=C(C(=CC=C1)O)O	2.0	70278;22046057	NORMAN:(NS00051105);COCONUT:(CNP0002512);HMDB:(40177);PubChem:(70278 22046057);CHEBI:(16572);ZINC bio:(ZINC00896380);PubChem class - bio and metabolites;MeSH:(70278);KEGG:(C06728);PubMed;Biocyc:(3-ETHYLCATECHOL)	19147118
29	1	N/A	-92.64859146206597	C8H10O2	[M - H2O + H]+	PKDVWOVKDPEBQF	InChI=1S/C8H10O2/c1-6-5-7(10-2)3-4-8(6)9/h3-5,9H,1-2H3	4-Hydroxy-3-methylanisol	CC1=C(C=CC(=C1)OC)O	1.89414561	12483497	COCONUT:(CNP0175131);Natural Products:(UNPD119601);PubChem:(12483497);SuperNatural:(SN00275599);ZINC bio:(ZINC14590427);PubChem class - safety and toxic;PubMed;KEGG Mine	8660230210
30	1	N/A	-92.82472438403242	C8H10O2	[M - H2O + H]+	RYHGQTREHREIBC	InChI=1S/C8H10O2/c1-5-3-4-7(9)8(10)6(5)2/h3-4,9-10H,1-2H3	3,4-Dimethylcatechol	CC1=C(C(=C(C=C1)O)O)C	1.89999998	17738	COCONUT:(CNP0352924);PubChem:(17738);EcoCyc Mine;MeSH:(17738);PubChem class - safety and toxic;PubMed;KEGG Mine	25839009862
31	1	N/A	-94.12416984845841	C8H10O2	[M - H2O + H]+	VGMJYYDKPUPTID	InChI=1S/C8H10O2/c1-2-6-3-4-7(9)5-8(6)10/h3-5,9-10H,2H2,1H3	6-Ethylresorcinol	CCC1=C(C=C(C=C1)O)O	1.93362987	17927	HMDB:(126388);SuperNatural:(SN00155832);ZINC bio:(ZINC00404411);PubMed;NORMAN:(NS00028587);COCONUT:(CNP0279225);Natural Products:(UNPD79777);PubChem:(17927);YMDB Mine;PubChem class - bio and metabolites;PubChem class - safety and toxic;KEGG Mine	43037007946
32	1	N/A	-94.22138351450121	C8H10O2	[M - H2O + H]+	DPZNOMCNRMUKPS	InChI=1S/C8H10O2/c1-9-7-4-3-5-8(6-7)10-2/h3-6H,1-2H3	3-Methoxyanisole	COC1=CC(=CC=C1)OC	1.82049716	9025;12214781;12214783;10034699;9989332;9989339;10329375;49788087;102137125;102601077;102601150	HMDB:(29672);PubChem class - food;SuperNatural:(SN00325276);ZINC bio:(ZINC00388167);MeSH:(9025);PubMed;NORMAN:(NS00013171);COCONUT:(CNP0283758);Natural Products:(UNPD187440);PubChem:(9025 12214781 12214783 10034699 9989332 9989339 10329375 49788087 102137125 102601077 102601150);CHEBI:(89853);PubChem class - bio and metabolites;PubChem class - safety and toxic;KEGG Mine	8811487342
33	1	N/A	-94.77352043910999	C8H10O2	[M - H2O + H]+	IIGNZLVHOZEOPV	InChI=1S/C8H10O2/c1-10-8-4-2-3-7(5-8)6-9/h2-5,9H,6H2,1H3	3-Anise alcohol	COC1=CC=CC(=C1)CO	1.37550926	81437;11593446;91309475	NORMAN:(NS00036927);COCONUT:(CNP0345399);Natural Products:(UNPD122414);PubChem:(81437 11593446 91309475);SuperNatural:(SN00213179);CHEBI:(1580);ZINC bio:(ZINC00391173);additional;KEGG:(C03352);PubChem class - safety and toxic;PubMed	71082338
34	1	N/A	-99.78781174399276	C8H10O2	[M - H2O + H]+	MOEFFSWKSMRFRQ	InChI=1S/C8H10O2/c1-2-10-8-6-4-3-5-7(8)9/h3-6,9H,2H2,1H3	Guaethol	CCOC1=CC=CC=C1O	1.8418076	66755;12257121;59865292;59865293	NORMAN:(NS00004396);PubChem:(66755 12257121 59865292 59865293);YMDB Mine;CHEBI:(141701);ZINC bio:(ZINC00404747);PubChem class - bio and metabolites;MeSH:(66755);PubChem class - safety and toxic;PubMed;KEGG Mine	43033829478
35	1	N/A	-100.84750038544132	C8H10O2	[M - H2O + H]+	AHXXIALEMINDAW	InChI=1S/C8H10O2/c1-10-6-7-2-4-8(9)5-3-7/h2-5,9H,6H2,1H3	4-Methoxymethylphenol	COCC1=CC=C(C=C1)O	1.37550926	79310	PubChem class - food;SuperNatural:(SN00155824);ZINC bio:(ZINC00394208);MeSH:(79310);PubMed;NORMAN:(NS00022322);COCONUT:(CNP0145249);Natural Products:(UNPD186297);PubChem:(79310);CHEBI:(133885);EcoCyc Mine;KEGG Mine	25907470438
36	1	N/A	-101.05146023138245	C8H10O2	[M - H2O + H]+	GHVHDYYKJYXFGU	InChI=1S/C8H10O2/c1-5-3-7(9)6(2)8(10)4-5/h3-4,9-10H,1-2H3	p-Xylene-2,6-diol	CC1=CC(=C(C(=C1)O)C)O	1.89999998	68103	NORMAN:(NS00031835);COCONUT:(CNP0156178);Natural Products:(UNPD175929);PubChem:(68103);SuperNatural:(SN00306206);CHEBI:(144125);PubChem class - safety and toxic;PubMed;KEGG Mine	8660484194
37	1	N/A	-101.58094615319247	C8H10O2	[M - H2O + H]+	IFNDEOYXGHGERA	InChI=1S/C8H10O2/c1-6-3-4-8(10-2)7(9)5-6/h3-5,9H,1-2H3	Isocreosol	CC1=CC(=C(C=C1)OC)O	1.89414561	14519;135563809	SuperNatural:(SN00389852);ZINC bio:(ZINC02039787);additional;PubMed;NORMAN:(NS00021557);COCONUT:(CNP0345030);Natural Products:(UNPD3327);PubChem:(14519 135563809);YMDB Mine;EcoCyc Mine;PubChem class - safety and toxic;Training Set;KEGG Mine	60200640578
38	1	N/A	-102.05428044989144	C8H10O2	[M - H2O + H]+	RGUZWBOJHNWZOK	InChI=1S/C8H10O2/c1-5-3-4-6(2)8(10)7(5)9/h3-4,9-10H,1-2H3	3,6-Dimethylcatechol	CC1=C(C(=C(C=C1)C)O)O	1.89999998	11469114	COCONUT:(CNP0183636);Natural Products:(UNPD29943);PubChem:(11469114);EcoCyc Mine;PubChem class - safety and toxic;PubMed;KEGG Mine	25839042626
39	1	N/A	-102.40126435627738	C8H10O2	[M - H2O + H]+	SSICPQZWCDZSQA	InChI=1S/C8H10O2/c1-10-6-7-4-2-3-5-8(7)9/h2-5,9H,6H2,1H3	2-(Methoxymethyl)phenol	COCC1=CC=CC=C1O	1.37550926	182079	PubChem:(182079);ZINC bio:(ZINC05997970);EcoCyc Mine;PubChem class - safety and toxic;PubMed;KEGG Mine	25836920898
40	1	N/A	-102.48425208711183	C8H10O2	[M - H2O + H]+	ABDKAPXRBAPSQN	InChI=1S/C8H10O2/c1-9-7-5-3-4-6-8(7)10-2/h3-6H,1-2H3	Veratrol	COC1=CC=CC=C1OC	1.82049716	7043;12209213;12209214;12209215;10464398;53633568;56845942;57646500;57646502;76972961	HMDB:(32139);PubChem class - food;SuperNatural:(SN00155797);ZINC bio:(ZINC00388251);additional;MeSH:(7043);PubMed;NORMAN:(NS00006452);COCONUT:(CNP0076904 CNP0141393);Natural Products:(UNPD190368);PubChem:(7043 12209213 12209214 12209215 10464398 53633568 56845942 57646500 57646502 76972961);YMDB Mine;CHEBI:(59114);PubChem class - bio and metabolites;EcoCyc Mine;PubChem class - safety and toxic;Training Set;KEGG Mine	60351635566
41	1	N/A	-103.28422570898097	C8H10O2	[M - H2O + H]+	QCDWFXQBSFUVSP	InChI=1S/C8H10O2/c9-6-7-10-8-4-2-1-3-5-8/h1-5,9H,6-7H2	Erisept	C1=CC=C(C=C1)OCCO	1.32317114	31236;71309019;90472650;131701210	HMDB:(41607);PubChem class - food;SuperNatural:(SN00002314);ZINC bio:(ZINC01577061);additional;HSDB:(122-99-6);MeSH:(31236);PubMed;NORMAN:(NS00002984);COCONUT:(CNP0397013);PubChem:(31236 71309019 90472650 131701210);CHEBI:(64275);PubChem class - bio and metabolites;PubChem class - safety and toxic;Training Set;PubChem class - drug;KEGG Mine	8845550190
42	1	N/A	-104.8682956973706	C8H10O2	[M - H2O + H]+	PETRWTHZSKVLRE	InChI=1S/C8H10O2/c1-6-3-4-7(9)8(5-6)10-2/h3-5,9H,1-2H3	Valspice	CC1=CC(=C(C=C1)O)OC	1.89414561	7144;91447587;122236596;123322324	HMDB:(32136);PubChem class - food;SuperNatural:(SN00156827);ZINC bio:(ZINC03875629);MeSH:(7144);PubMed;NORMAN:(NS00012823);COCONUT:(CNP0264266);Natural Products:(UNPD8523);PubChem:(7144 91447587 122236596 123322324);YMDB Mine;CHEBI:(89886);PubChem class - bio and metabolites;EcoCyc Mine;PubChem class - safety and toxic;KEGG Mine	60351094894
43	1	N/A	-104.93321273525487	C8H10O2	[M - H2O + H]+	NOTCZLKDULMKBR	InChI=1S/C8H10O2/c1-6-3-7(9)5-8(4-6)10-2/h3-5,9H,1-2H3	orcinyl ter	CC1=CC(=CC(=C1)OC)O	1.89999998	76674	SuperNatural:(SN00156666);ZINC bio:(ZINC02522771);Plantcyc:(CPD-9501);PubMed;NORMAN:(NS00012822);COCONUT:(CNP0325489);Natural Products:(UNPD88192);PubChem:(76674);PubChem class - bio and metabolites;PubChem class - safety and toxic;Biocyc:(CPD-9501);KEGG Mine	8677402690
44	1	N/A	-105.82463484283824	C8H10O2	[M - H2O + H]+	SDJQWNMVKBEBSJ	InChI=1S/C8H10O2/c1-6-2-7(5-9)4-8(10)3-6/h2-4,9-10H,5H2,1H3	3-(Hydroxymethyl)-5-methylphenol	CC1=CC(=CC(=C1)O)CO	1.44915771	18008069	PubChem:(18008069);Biocyc:(CPD-18277);KEGG Mine;PubChem class - bio and metabolites	8606713858
45	1	N/A	-106.85149129650387	C8H10O2	[M - H2O + H]+	HFLGBNBLMBSXEM	InChI=1S/C8H10O2/c1-2-6-3-4-7(9)8(10)5-6/h3-5,9-10H,2H2,1H3	ACMC-20ahss	CCC1=CC(=C(C=C1)O)O	1.93362987	70761;45039194;59237745	HMDB:(40174);SuperNatural:(SN00310033);ZINC bio:(ZINC00002501);MeSH:(70761);PubMed;NORMAN:(NS00023642);COCONUT:(CNP0344368);Natural Products:(UNPD111849);PubChem:(70761 45039194 59237745);YMDB Mine;PubChem class - bio and metabolites;PubChem class - safety and toxic;KEGG Mine	43037007950
46	1	N/A	-108.59822604881731	C8H10O2	[M - H2O + H]+	COJRWHSKVYUZHQ	InChI=1S/C8H10O2/c1-6(9)7-3-2-4-8(10)5-7/h2-6,9-10H,1H3	3-(1-hydroxyethyl)phenol	CC(C1=CC(=CC=C1)O)O	1.41830182	13542886;13542887;40715758	COCONUT:(CNP0171685);Natural Products:(UNPD134241);PubChem class - safety and toxic;PubChem:(13542886 13542887 40715758);KEGG Mine	8659173378
47	1	N/A	-109.04350967703641	C8H10O2	[M - H2O + H]+	PWMWNFMRSKOCEY	InChI=1S/C8H10O2/c9-6-8(10)7-4-2-1-3-5-7/h1-5,8-10H,6H2	Fenylglycol	C1=CC=C(C=C1)C(CO)O	0.899665475	7149;643312;2724621;11679836;25271027;25271028;58297821;71752249;119079662;119080517;135043380	SuperNatural:(SN00118468 SN00118469);ZINC bio:(ZINC00391852 ZINC00391853);additional;MeSH:(7149);PubMed;NORMAN:(NS00021395);COCONUT:(CNP0106512);PubChem:(7149 643312 2724621 11679836 25271027 25271028 58297821 71752249 119079662 119080517 135043380);YMDB Mine;PubChem class - bio and metabolites;PubChem class - safety and toxic;Biocyc:(CPD-20312);KEGG Mine	43037501510
48	1	N/A	-124.89134838458828	C8H10O2	[M - H2O + H]+	GQNOPVSQPBUJKQ	InChI=1S/C8H10O2/c1-7(10-9)8-5-3-2-4-6-8/h2-7,9H,1H3	1-hydroperoxyethylbenzene	CC(C1=CC=CC=C1)OO	1.5	92189;11137229;10261157;101365399;100996669;100996670	NORMAN:(NS00008280);MeSH:(92189);PubChem:(92189 11137229 10261157 101365399 100996669 100996670);PubMed	262214
49	1	N/A	-124.9480422859997	C8H10O2	[M - H2O + H]+	VZQOBPXGQJXYGY	InChI=1S/C8H10O2/c9-10-7-6-8-4-2-1-3-5-8/h1-5,9H,6-7H2	2-hydroperoxyethylbenzene	C1=CC=C(C=C1)CCOO	2.00295973	151230	MeSH:(151230);PubChem:(151230);PubMed	70
50	1	N/A	-125.36798388032673	C8H10O2	[M - H2O + H]+	YGLVLWAMIJMBPF	InChI=1S/C8H10O2/c1-5-3-6(2)8(10)7(9)4-5/h3-4,9-10H,1-2H3	3,5-dimethylbenzene-1,2-diol	CC1=CC(=C(C(=C1)O)O)C	1.89999998	17737	COCONUT:(CNP0386654);PubChem:(17737);EcoCyc Mine;PubChem class - safety and toxic;PubMed;KEGG Mine	25839009858
51	1	N/A	-126.82099388280707	C8H10O2	[M - H2O + H]+	RNHWCSPBGKGOLM	InChI=1S/C8H10O2/c1-3-5-9-7-8-10-6-4-2/h1-2H,5-8H2	null	C#CCOCCOCC#C	0.200000003	11083951	PubChem:(11083951);PubChem class - safety and toxic	67108866
52	1	N/A	-131.60913365629906	C8H10O2	[M - H2O + H]+	DDAHODSRFCRULG	InChI=1S/C8H10O2/c1-9-7-10-8-5-3-2-4-6-8/h2-6H,7H2,1H3	Methoxymethoxybenzene	COCOC1=CC=CC=C1	1.88506317	10060101;101777623;101777624;101777630	COCONUT:(CNP0025153);PubChem:(10060101 101777623 101777624 101777630);SuperNatural:(SN00121563);PubMed;ZINC bio:(ZINC03163258)	3153986
53	1	N/A	-142.28087613106695	C8H10O2	[M - H2O + H]+	VQKKVCTZENPFCZ	InChI=1S/C8H10O2/c1-2-6-4-3-5-7(9)8(6)10/h2-5,7-10H,1H2	ACMC-20mksa	C=CC1=CC=CC(C1O)O	0.300000012	441225;9543035;11126324;25058180;25058181	KEGG:(C07084);PubChem:(441225 9543035 11126324 25058180 25058181);PubMed;CHEBI:(51011 51008 51012 26797 28980 51007)	354
54	1	N/A	-150.91943982454242	C8H10O2	[M - H2O + H]+	VCEHMDXCOGIOJJ	InChI=1S/C8H10O2/c1-7-2-4-8(5-3-7)6-10-9/h2-5,9H,6H2,1H3	4-Methylbenzyl hydroperoxide	CC1=CC=C(C=C1)COO	1.39999998	189006	MeSH:(189006);PubChem:(189006);PubMed	70
55	1	N/A	-163.5126392617767	C8H10O2	[M - H2O + H]+	LCSKPZJIQPMRAV	InChI=1S/C8H10O2/c1-2-4-7(9)8-5-3-6-10-8/h2-3,5-7,9H,1,4H2	1-(2-Furyl)-3-buten-1-ol	C=CCC(C1=CC=CO1)O	1.29999995	253052;10909629;10396907	PubChem:(253052 10909629 10396907);PubChem class - safety and toxic	67108866
56	1	N/A	-166.8819697879857	C8H10O2	[M - H2O + H]+	PETXWIMJICIQTQ	InChI=1S/C8H10O2/c9-7-10-6-8-4-2-1-3-5-8/h1-5,9H,6-7H2	Benzylhemiformal	C1=CC=C(C=C1)COCO	1.44007528	84520;10534728;10749260	NORMAN:(NS00007713);PubChem:(84520 10534728 10749260);YMDB Mine;MeSH:(84520);PubChem class - safety and toxic;PubMed;KEGG Mine	43017044038
57	1	N/A	-194.75355632616726	C8H10O2	[M - H2O + H]+	FYGUSUBEMUKACF	InChI=1S/C8H10O2/c9-8(10)7-4-5-1-2-6(7)3-5/h1-2,5-7H,3-4H2,(H,9,10)	Ambcb4101659	C1C2CC(C1C=C2)C(=O)O	1.20000005	78949;721733;1416297;3554581;6432779;6542049;6927335;6985083;12084174;12268635;12268636;12268637;12268638;12268639;12268640;10855523;11859411;11861743;18389112;18389569;60130845;98043173;98043174;118148779;134688100	NORMAN:(NS00041331);PubChem:(78949 721733 1416297 3554581 6432779 6542049 6927335 6985083 12084174 12268635 12268636 12268637 12268638 12268639 12268640 10855523 11859411 11861743 18389112 18389569 60130845 98043173 98043174 118148779 134688100);additional;PubChem class - safety and toxic;Training Set;PubMed	67911746
58	1	N/A	-198.91307045809643	C8H10O2	[M - H2O + H]+	DIYWMJFAVIYCGH	InChI=1S/C8H10O2/c1-2-4-7-5-3-6-8(9)10-7/h3,5-6H,2,4H2,1H3	6-propylpyran-2-one	CCCC1=CC=CC(=O)O1	1.89999998	6610108	PubChem:(6610108);COCONUT:(CNP0334569)	2097154
59	1	N/A	-199.32227659678074	C8H10O2	[M - H2O + H]+	IAAPVNQZSBLWKH	InChI=1S/C8H10O2/c1-2-3-4-5-6-7-8(9)10/h2-7H,1H3,(H,9,10)	Octatrienoic acid	CC=CC=CC=CC(=O)O	1.65219605	95509;5354656;5368831;20267671;87103941;92254829;92468133;92529642;92529643;118485840;123268306;129711829	COCONUT:(CNP0249309);Natural Products:(UNPD146001);PubChem:(95509 5354656 5368831 20267671 87103941 92254829 92468133 92529642 92529643 118485840 123268306 129711829);SuperNatural:(SN00367671);PubChem class - bio and metabolites;MeSH:(5368831 20267671);PubChem class - safety and toxic;PubMed;Biocyc:(CPD-16939)	87066694
60	1	N/A	-199.32628452145153	C8H10O2	[M - H2O + H]+	CMDMLKOYBMVUPY	InChI=1S/C8H10O2/c1-2-3-6-4-7(9)5-8(6)10/h2-4,8,10H,5H2,1H3	null	CC=CC1=CC(=O)CC1O	0.0	12611196;12611197;131542686;139584457	PubChem:(12611196 12611197 131542686 139584457);COCONUT:(CNP0356439)	2097154
61	1	N/A	-202.65536939358225	C8H10O2	[M - H2O + H]+	XVFFSHOUXDIMLE	InChI=1S/C8H10O2/c1-6-3-4-10-8(6)5-7(2)9/h3-4H,5H2,1-2H3	1-(3-Methyl-2-furyl)acetone	CC1=C(OC=C1)CC(=O)C	1.48145199	545772	COCONUT:(CNP0076562);PubChem:(545772);YMDB Mine;PubMed	34361835586
62	1	N/A	-203.04953483218756	C8H10O2	[M - H2O + H]+	GGJUJWSDTDBTLX	InChI=1S/C8H10O2/c1-7(9)4-5-8-3-2-6-10-8/h2-3,6H,4-5H2,1H3	Furfurylacetone	CC(=O)CCC1=CC=CO1	1.44728768	12780	NORMAN:(NS00022712);COCONUT:(CNP0003271);HMDB:(32290);PubChem class - food;PubChem:(12780);ZINC bio:(ZINC02031376);PubChem class - bio and metabolites;PubChem class - safety and toxic	220471306
63	1	N/A	-207.27063688146802	C8H10O2	[M - H2O + H]+	WPBUABKBDHGOAJ	InChI=1S/C8H10O2/c1-7-4-5-8(10-7)3-2-6-9/h4-6H,2-3H2,1H3	2-furanpropanal, 5-methyl-	CC1=CC=C(O1)CCC=O	1.10000002	99537	PubChem:(99537);NORMAN:(NS00029727)	262146
64	1	N/A	-208.87867524727267	C8H10O2	[M - H2O + H]+	FDZCRHSDRBSPBW	InChI=1S/C8H10O2/c1-7(6-9)4-3-5-8(2)10/h3-6H,1-2H3	2-methyl-6-oxohepta-2,4-dienal	CC(=O)C=CC=C(C)C=O	0.699999988	10129991;14443953;45085514;53395415;96842984	KEGG:(C11480);PubChem:(10129991 14443953 45085514 53395415 96842984);CHEBI:(1283);Biocyc:(CPD-18726);ZINC bio:(ZINC15021940)	10530
65	1	N/A	-209.60612872614348	C8H10O2	[M - H2O + H]+	YQKWSKCBPAMHEJ	InChI=1S/C8H10O2/c1-2-10-8(9)6-5-7-3-4-7/h7H,2-4H2,1H3	ethyl 3-cyclopropylprop-2-ynoate	CCOC(=O)C#CC1CC1	2.0	639964	PubChem:(639964);PubChem class - safety and toxic	67108866
66	1	N/A	-217.45166857890192	C8H10O2	[M - H2O + H]+	TYQZWSFEJJSSQR	InChI=1S/C8H10O2/c1-8(4-2-6-9)5-3-7-10/h2-7,9H,1H3	(2E,4E,6E)-7-hydroxy-4-methylhepta-2,4,6-trienal	CC(=CC=CO)C=CC=O	1.5	70678836	PubChem:(70678836);CHEBI:(67191);PubChem class - bio and metabolites;KEGG:(C20694);Plantcyc:(CPD-14650);PubMed;Biocyc:(CPD-14650)	16910690
67	1	N/A	-219.22653651832974	C8H10O2	[M - H2O + H]+	SQWQZVDNBPEROH	InChI=1S/C8H10O2/c1-5-4-6(2)10-8(5)7(3)9/h4H,1-3H3	Ambap22940-86-9	CC1=CC(=C(O1)C(=O)C)C	1.79999995	579675	NORMAN:(NS00021880);COCONUT:(CNP0272475);HMDB:(32159);PubChem class - food;PubChem:(579675);PubChem class - bio and metabolites	153354250
68	1	N/A	-223.50796014457165	C8H10O2	[M - H2O + H]+	VMZSEQYQURLQCV	InChI=1S/C8H10O2/c1-3-7(9)8-6(2)4-5-10-8/h4-5H,3H2,1-2H3	1-(3-Methyl-2-furyl)propan-1-one	CCC(=O)C1=C(C=CO1)C	1.79999995	90245	PubChem:(90245);NORMAN:(NS00021901)	262146
69	1	N/A	-224.63362010807035	C8H10O2	[M - H2O + H]+	KBSVBCHYXYXDAG	InChI=1S/C8H10O2/c1-5-4-8(6(2)9)7(3)10-5/h4H,1-3H3	2,5-Dimethyl-3-acetylfuran	CC1=CC(=C(O1)C)C(=O)C	1.5	61527	NORMAN:(NS00005499);COCONUT:(CNP0003652);HMDB:(29563);PubChem class - food;PubChem:(61527);PubChem class - bio and metabolites;PubChem class - safety and toxic;PubMed	220463178
70	1	N/A	-229.10230505094106	C8H10O2	[M - H2O + H]+	GONWJZJNVDRECJ	InChI=1S/C8H10O2/c1-2-4-7(9)8-5-3-6-10-8/h3,5-6H,2,4H2,1H3	ACMC-20apcm	CCCC(=O)C1=CC=CO1	1.87865031	228588	COCONUT:(CNP0102871);HMDB:(39802);PubChem class - food;PubChem:(228588);PubChem class - bio and metabolites;PubChem class - safety and toxic	220200970
71	1	N/A	-232.34791966002848	C8H10O2	[M - H2O + H]+	ONGVEHLNILCIKL	InChI=1S/C8H10O2/c1-6(2)7-3-4-10-8(9)5-7/h3-6H,1-2H3	2H-Pyran-2-one, 4-(1-methylethyl)-	CC(C)C1=CC(=O)OC=C1	1.5	58655415	COCONUT:(CNP0193118);Natural Products:(UNPD115063);PubChem:(58655415);SuperNatural:(SN00275605)	3178498
72	1	N/A	-232.95192802973355	C8H10O2	[M - H2O + H]+	HAFQHNGZPQYKFF	InChI=1S/C8H10O2/c9-7-1-5-2-8(10)4-6(5)3-7/h5-6H,1-4H2	ACMC-20aler	C1C2CC(=O)CC2CC1=O	-0.400000006	103526;88593028	NORMAN:(NS00032325);COCONUT:(CNP0329594);PubChem:(103526 88593028);SuperNatural:(SN00118597);ZINC bio:(ZINC00406950);PubChem class - safety and toxic;PubMed	70524994
73	1	N/A	-233.12479752371476	C8H10O2	[M - H2O + H]+	BXLPZYAVKVFXEO	InChI=1S/C8H10O2/c1-3-7(9)8-5-4-6(2)10-8/h4-5H,3H2,1-2H3	2-Methyl-5-propionylfuran	CCC(=O)C1=CC=C(O1)C	1.89999998	82757	NORMAN:(NS00015774);PubChem class - safety and toxic;PubChem:(82757)	67371010
74	1	N/A	-247.6302389802343	C8H10O2	[M - H2O + H]+	GYUSHSKDGRZQOB	InChI=1S/C8H10O2/c1-6-4-2-3-5-7(6)8(9)10/h3-5,7H,2H2,1H3,(H,9,10)	1,4-Dihydro-2-methylbenzoic acid	CC1=CCC=CC1C(=O)O	1.29999995	564581;643311;22173982;86295121;86295122;86295123	PubChem class - safety and toxic;PubChem:(564581 643311 22173982 86295121 86295122 86295123);PubMed	67108930
75	1	N/A	-250.93430794504874	C8H10O2	[M - H2O + H]+	LNBHNHANEHGMAQ	InChI=1S/C8H10O2/c1-5-4-10-7(3)8(5)6(2)9/h4H,1-3H3	1-(2,4-Dimethyl-3-furyl)ethanone	CC1=COC(=C1C(=O)C)C	1.39999998	579676	PubChem:(579676);PubChem class - safety and toxic	67108866
76	1	N/A	-258.95060516881193	C8H10O2	[M - H2O + H]+	WMJKUNDVKHUCMV	InChI=1S/C8H10O2/c9-7-4-6-2-1-5(7)3-8(6)10/h5-6H,1-4H2	ACMC-20alop	C1CC2CC(=O)C1CC2=O	-0.100000001	10103235;13570060;13570061;51024889	MeSH:(13570060);PubChem class - safety and toxic;PubChem:(10103235 13570060 13570061 51024889);PubMed	67108934
77	1	N/A	-259.58854520032935	C8H10O2	[M - H2O + H]+	PZXBJHQMLTXRDW	InChI=1S/C8H10O2/c1-2-3-4-7-5-6-8(9)10-7/h4-6H,2-3H2,1H3	5-butylidenefuran-2-one	CCCC=C1C=CC(=O)O1	2.0999999	86704;6537980;12395721	PubChem:(86704 6537980 12395721);NORMAN:(NS00052756)	262146
78	1	N/A	-264.1991049436459	C8H10O2	[M - H2O + H]+	VXBMHPUAHFEJAV	InChI=1S/C8H10O2/c9-7-3-5-1-2-6(7)8(10)4-5/h5-6H,1-4H2	Bicyclo[2.2.2]octane-2,6-dione	C1CC2C(=O)CC1CC2=O	0.600000024	544370	MeSH:(544370);PubChem:(544370);PubMed;CHEBI:(87404)	102
79	1	N/A	-274.88513131405125	C8H10O2	[M - H2O + H]+	ARGGOKUVIPUXPJ	InChI=1S/C8H10O2/c9-8-6-2-4-1-5(6)7(3-4)10-8/h4-7H,1-3H2	hexahydro-2h-3,5-methanocyclopenta[b]furan-2-one	C1C2CC3C1C(C2)OC3=O	1.10000002	262549;12301609;11194369;21724170;21139947;92222133;99123350;98129403;117721794;124630266	PubChem:(262549 12301609 11194369 21724170 21139947 92222133 99123350 98129403 117721794 124630266);PubChem class - safety and toxic	67108866
80	1	N/A	-277.6997188078705	C8H10O2	[M - H2O + H]+	SMCGRXBUOCSXTH	InChI=1S/C8H10O2/c1-2-4-8(7(9)10)5-3-6-8/h1H,3-6H2,(H,9,10)	1-(prop-2-yn-1-yl)cyclobutane-1-carboxylic acid	C#CCC1(CCC1)C(=O)O	1.20000005	71683266	PubChem:(71683266);PubChem class - safety and toxic	67108866
81	1	N/A	-369.1583969839304	C8H10O2	[M - H2O + H]+	DLWICWLNWKVJND	InChI=1S/C8H10O2/c1-5-4-7(2)8(3,10-7)6(5)9/h1,4H2,2-3H3	null	CC12CC(=C)C(=O)C1(O2)C	0.800000012	102000070;130753141	COCONUT:(CNP0317458);Natural Products:(UNPD38835);PubChem:(102000070 130753141);SuperNatural:(SN00257609)	3178498
1	1	0.34362853432828844	-53.17339895336524	C8H8O	[M + H]+	FUGYGGDSWSUORM	InChI=1S/C8H8O/c1-2-7-3-5-8(9)6-4-7/h2-6,9H,1H2	4-Vinylphenol	C=CC1=CC=C(C=C1)O	2.04273748	62453;16687950;21739763	HMDB:(4072);PubChem class - food;SuperNatural:(SN00267768);ZINC bio:(ZINC00895826);MeSH:(62453);PubMed;NORMAN:(NS00005416);COCONUT:(CNP0075870 CNP0119518);KNApSAcK:(50421);Natural Products:(UNPD62341);PubChem:(62453 16687950 21739763);CHEBI:(1883);PubChem class - bio and metabolites;EcoCyc Mine;KEGG:(C05627);PubChem class - safety and toxic;YMDB:(1627);Training Set;Biocyc:(CPD-1075)	17401506174
2	1	N/A	-60.20421214507656	C8H8O	[M + H]+	YNGIFMKMDRDNBQ	InChI=1S/C8H8O/c1-2-7-4-3-5-8(9)6-7/h2-6,9H,1H2	3-Vinylphenol	C=CC1=CC(=CC=C1)O	2.04273748	3013921	HMDB:(124943);PubChem:(3013921);PubChem class - bio and metabolites;EcoCyc Mine;PubChem class - safety and toxic;PubMed;KEGG Mine	25853689930
3	1	N/A	-65.40682524586731	C8H8O	[M + H]+	JESXATFQYMPTNL	InChI=1S/C8H8O/c1-2-7-5-3-4-6-8(7)9/h2-6,9H,1H2	Vinylphenol	C=CC1=CC=CC=C1O	2.29999995	135442;16689743;21719422	NORMAN:(NS00022038);COCONUT:(CNP0164207);Natural Products:(UNPD168784);PubChem:(135442 16689743 21719422);EcoCyc Mine;PubMed;KEGG Mine	25772195906
4	1	N/A	-74.49342674637286	C8H8O	[M + H]+	OVWYEQOVUDKZNU	InChI=1S/C8H8O/c1-7-3-2-4-8(5-7)6-9/h2-6H,1H3	bmse000552	CC1=CC(=CC=C1)C=O	2.05958509	12105;12198189;59104946	HMDB:(29637);PubChem class - food;ZINC bio:(ZINC00896722);HSDB:(620-23-5);MeSH:(12105);PubMed;NORMAN:(NS00013241);COCONUT:(CNP0352234);PubChem:(12105 12198189 59104946);YMDB Mine;CHEBI:(28476);PubChem class - bio and metabolites;KEGG:(C07209);PubChem class - safety and toxic;Biocyc:(CPD-8774)	34580212590
5	1	N/A	-84.45050254759418	C8H8O	[M + H]+	FXLOVSHXALFLKQ	InChI=1S/C8H8O/c1-7-2-4-8(6-9)5-3-7/h2-6H,1H3	bmse000527	CC1=CC=C(C=C1)C=O	2.05958509	7725;12198192;58308412;85786868;91203514;131869372;131869402	HMDB:(29638);PubChem class - food;ZINC bio:(ZINC00896404);HSDB:(104-87-0);MeSH:(7725);Plantcyc:(CPD-8773);PubMed;NORMAN:(NS00013243);COCONUT:(CNP0234694);KNApSAcK:(47546);Natural Products:(UNPD72585);PubChem:(7725 12198192 58308412 85786868 91203514 131869372 131869402);YMDB Mine;CHEBI:(28617);PubChem class - bio and metabolites;EcoCyc Mine;KEGG:(C06758);PubChem class - safety and toxic;Biocyc:(CPD-8773)	51760245630
6	1	N/A	-93.4678951924503	C8H8O	[M + H]+	BTFQKIATRPGRBS	InChI=1S/C8H8O/c1-7-4-2-3-5-8(7)6-9/h2-6H,1H3	bmse000556	CC1=CC=CC=C1C=O	2.05958509	10722;102245834	HMDB:(29636);PubChem class - food;ZINC bio:(ZINC00896726);HSDB:(529-20-4);MeSH:(10722);PubMed;NORMAN:(NS00013242);COCONUT:(CNP0312869);Natural Products:(UNPD7126);PubChem:(10722 102245834);YMDB Mine;CHEBI:(27434);PubChem class - bio and metabolites;EcoCyc Mine;KEGG:(C07214);PubChem class - safety and toxic	51760112494
7	1	N/A	-95.58094005782704	C8H8O	[M + H]+	KWOLFJPFCHCOCG	InChI=1S/C8H8O/c1-7(9)8-5-3-2-4-6-8/h2-6H,1H3	Hypnone	CC(=O)C1=CC=CC=C1	1.66562092	7410;140244;2724856;12196838;12196839;12196840;12196842;12196845;12196846;12196848;10080396;11062360;11105351;11137156;15190341;11457690;16213368;24798841;44124105;68281497;71309115;88237418;100918660;122399221;135027402;135393972	HMDB:(33910);PubChem class - food;SuperNatural:(SN00155893);ZINC bio:(ZINC00896628);HSDB:(98-86-2);MeSH:(7410);Plantcyc:(PHENYL);PubMed;NORMAN:(NS00010659);COCONUT:(CNP0296349);KNApSAcK:(2685);Natural Products:(UNPD113311);PubChem:(7410 140244 2724856 12196838 12196839 12196840 12196842 12196845 12196846 12196848 10080396 11062360 11105351 11137156 15190341 11457690 16213368 24798841 44124105 68281497 71309115 88237418 100918660 122399221 135027402 135393972);CHEBI:(27632);PubChem class - bio and metabolites;EcoCyc Mine;KEGG:(C07113);PubChem class - safety and toxic;YMDB:(1629);Biocyc:(PHENYL)	17401621374
8	1	N/A	-101.97842615533493	C8H8O	[M + H]+	DTUQWGWMVIHBKE	InChI=1S/C8H8O/c9-7-6-8-4-2-1-3-5-8/h1-5,7H,6H2	bmse000427	C1=CC=C(C=C1)CC=O	1.73784566	998;12207446;12207447;12207449;12207451;10441698;21133355;58680230;101137840	HMDB:(6236);PubChem class - food;SuperNatural:(SN00155874);ZINC bio:(ZINC00895323);additional;MeSH:(998);Plantcyc:(PHENYLACETALDEHYDE);PubMed;NORMAN:(NS00013128);COCONUT:(CNP0076950 CNP0175320);KNApSAcK:(7535);Natural Products:(UNPD12381);PubChem:(998 12207446 12207447 12207449 12207451 10441698 21133355 58680230 101137840);CHEBI:(16424);PubChem class - bio and metabolites;KEGG:(C00601);PubChem class - safety and toxic;YMDB:(116);Training Set;Biocyc:(PHENYLACETALDEHYDE CPD-18030)	222292350
9	1	N/A	-110.04901453889269	C8H8O	[M + H]+	NHOGGUYTANYCGQ	InChI=1S/C8H8O/c1-2-9-8-6-4-3-5-7-8/h2-7H,1H2	ethenoxybenzene	C=COC1=CC=CC=C1	2.35856485	69840	COCONUT:(CNP0076291);MeSH:(69840);PubChem class - safety and toxic;PubChem:(69840);PubMed	69206086
10	1	N/A	-120.17085072022763	C8H8O	[M + H]+	HBEDSQVIWPRPAY	InChI=1S/C8H8O/c1-2-4-8-7(3-1)5-6-9-8/h1-4H,5-6H2	Coumaran	C1COC2=CC=CC=C21	2.03354001	10329;23263353;23263357;57539217	HMDB:(13815);SuperNatural:(SN00157861);ZINC bio:(ZINC06661321);MeSH:(10329);PubMed;NORMAN:(NS00031919);COCONUT:(CNP0256577);KNApSAcK:(39027);Natural Products:(UNPD42881);PubChem:(10329 23263353 23263357 57539217);YMDB Mine;CHEBI:(87607);KEGG Mine	42953121918
11	1	N/A	-127.5773661082017	C8H8O	[M + H]+	JGTULGMLMBMIOP	InChI=1S/C8H8O/c1-2-4-6-8-9-7-5-3-1/h1-8H	Oxonin	C1=CC=COC=CC=C1	2.29999995	13287581	MeSH:(13287581);PubChem:(13287581);PubMed	70
12	1	N/A	-137.49122393027451	C8H8O	[M + H]+	VEIIEWOTAHXGKS	InChI=1S/C8H8O/c1-7(9)8-5-3-2-4-6-8/h2-6,9H,1H2	1-Phenylethenol	C=C(C1=CC=CC=C1)O	2.0999999	138213;12871321	PubChem:(138213 12871321);CHEBI:(38961);KEGG Mine	8589934626
13	1	N/A	-138.63566562642663	C8H8O	[M + H]+	SFLGSKRGOWRGBR	InChI=1S/C8H8O/c1-2-4-8-6-9-5-7(8)3-1/h1-4H,5-6H2	2-Oxaindan	C1C2=CC=CC=C2CO1	1.54906785	10327;14664728	NORMAN:(NS00031918);COCONUT:(CNP0243831);MeSH:(10327);PubChem:(10327 14664728);PubMed	2359366
14	1	N/A	-161.62371806960346	C8H8O	[M + H]+	AGWFAJXETXIOEE	InChI=1S/C8H8O/c1-2-3-4-5-6-7-8-9/h2,9H,1,7-8H2	Lentialexin	C=CC#CC#CCCO	1.39999998	15503524	COCONUT:(CNP0222782);HMDB:(38997);Natural Products:(UNPD189426);PubChem:(15503524);PubChem class - bio and metabolites	18907146
15	1	N/A	-169.6325230056618	C8H8O	[M + H]+	SKLKSDFOCXHYOO	InChI=1S/C8H8O/c9-8-5-6-3-1-2-4-7(6)8/h1-4,8-9H,5H2	Bicyclo[4.2.0]octa-1,3,5-trien-7-ol	C1C(C2=CC=CC=C21)O	0.699999988	562415;2752676;7035403;7035404	COCONUT:(CNP0043883);PubChem:(562415 2752676 7035403 7035404);SuperNatural:(SN00121151 SN00121152);ZINC bio:(ZINC03107553 ZINC03107554)	3153922
16	1	N/A	-174.65738450983284	C8H8O	[M + H]+	AWMVMTVKBNGEAK	InChI=1S/C8H8O/c1-2-4-7(5-3-1)8-6-9-8/h1-5,8H,6H2	Fenyloxiran	C1C(O1)C2=CC=CC=C2	1.51821196	7276;114705;114946;2724922;10678224;12141888;12198867;12198868;12198874;10844382;25241546;71752248;126455956	HMDB:(62765);PubChem class - food;ZINC bio:(ZINC00901249 ZINC00901251);HSDB:(96-09-3);MeSH:(7276);Plantcyc:(CPD-13773);PubMed;NORMAN:(NS00008575);COCONUT:(CNP0154763);PubChem:(7276 114705 114946 2724922 10678224 12141888 12198867 12198868 12198874 10844382 25241546 71752248 126455956);CHEBI:(51014 17907 45389);PubChem class - bio and metabolites;KEGG:(C02083 C20782);PubChem class - safety and toxic;Biocyc:(CPD-19035 CPD-13773)	220605294
17	1	N/A	-188.89110039105424	C8H8O	[M + H]+	RALWWJZPMTULQM	InChI=1S/C8H8O/c1-2-6-3-4-7-8(5-6)9-7/h2-5,7-8H,1H2	1-Vinylbenzene 3,4-oxide	C=CC1=CC2C(O2)C=C1	1.29999995	3035209	MeSH:(3035209);PubChem:(3035209);PubMed;KEGG Mine	8589934662