structureRankPerFormula	formulaRank	ConfidenceScore	CSI:FingerIDScore	molecularFormula	adduct	InChIkey2D	InChI	name	smiles	xlogp	pubchemids	links	dbflags
1	1	N/A	-28.673963727869584	C11H9NO2	[M + H]+	PLVPPLCLBIEYEA	InChI=1S/C11H9NO2/c13-11(14)6-5-8-7-12-10-4-2-1-3-9(8)10/h1-7,12H,(H,13,14)	Indol-acrylate	C1=CC=C2C(=C1)C(=CN2)C=CC(=O)O	1.84498549	14558;5355219;5375048;6931339;42586278;74824685	ZINC bio:(ZINC00155654 ZINC12416424);additional;MeSH:(5355219 5375048);Plantcyc:(CPD-11578);PubMed;NORMAN:(NS00014852);COCONUT:(CNP0326277);KNApSAcK:(111);Natural Products:(UNPD89252);PubChem:(14558 5355219 5375048 6931339 42586278 74824685);YMDB Mine;CHEBI:(131929 132244);PubChem class - bio and metabolites;EcoCyc Mine;KEGG:(C21283);PubChem class - safety and toxic;Training Set;Biocyc:(CPD-11578);KEGG Mine	60216502646
2	1	N/A	-33.8143988179808	C11H9NO2	[M + H]+	SXOUIMVOMIGLHO	InChI=1S/C11H9NO2/c13-11(14)6-5-9-7-8-3-1-2-4-10(8)12-9/h1-7,12H,(H,13,14)	3-indoleacrylate	C1=CC=C2C(=C1)C=C(N2)C=CC(=O)O	1.99224496	15030923;54329873	NORMAN:(NS00015052);COCONUT:(CNP0200421);HMDB:(734);PubChem:(15030923 54329873);CHEBI:(90333);ZINC bio:(ZINC12494290);PubChem class - bio and metabolites;Training Set;PubMed	19161194
3	1	N/A	-79.61903234732621	C11H9NO2	[M + H]+	QBDSKOATHWHNOZ	InChI=1S/C11H9NO2/c1-7-6-10(11(13)14)12-9-5-3-2-4-8(7)9/h2-6H,1H3,(H,13,14)	Oprea1_434373	CC1=CC(=NC2=CC=CC=C12)C(=O)O	2.4000001	748357;4047983	COCONUT:(CNP0257016);PubChem:(748357 4047983);KEGG Mine	8592031746
4	1	N/A	-89.31603684711209	C11H9NO2	[M + H]+	UIDHNPTVQFNWOJ	InChI=1S/C11H9NO2/c1-7-6-9(11(13)14)8-4-2-3-5-10(8)12-7/h2-6H,1H3,(H,13,14)	zlchem 657	CC1=NC2=CC=CC=C2C(=C1)C(=O)O	2.14285922	604442;5063597	COCONUT:(CNP0107267);PubChem:(604442 5063597);SuperNatural:(SN00117049);ZINC bio:(ZINC00062063);PubChem class - safety and toxic;PubMed;KEGG Mine	8660197442
5	1	N/A	-99.81168354224805	C11H9NO2	[M + H]+	WXYKQNAKEPRCGF	InChI=1S/C11H9NO2/c1-7-9(11(13)14)6-8-4-2-3-5-10(8)12-7/h2-6H,1H3,(H,13,14)	2-methyl-3-quinolinecarboxylic acid	CC1=NC2=CC=CC=C2C=C1C(=O)O	2.0999999	1481999;6986955	PubChem class - safety and toxic;PubChem:(1481999 6986955);PubMed	67108930
6	1	N/A	-100.80409132282935	C11H9NO2	[M + H]+	LPOPIJMVSXLDBN	InChI=1S/C11H9NO2/c1-7-3-2-4-9-8(7)5-6-12-10(9)11(13)14/h2-6H,1H3,(H,13,14)	null	CC1=C2C=CN=C(C2=CC=C1)C(=O)O	2.29999995	82405555	PubChem:(82405555);PubChem class - safety and toxic	67108866
7	1	N/A	-102.81200457040879	C11H9NO2	[M + H]+	LCJLFGSKHBDOAY	InChI=1S/C11H9NO2/c1-8(14)12-6-9(7-13)10-4-2-3-5-11(10)12/h2-7H,1H3	zlchem 389	CC(=O)N1C=C(C2=CC=CC=C21)C=O	1.29999995	89915	NORMAN:(NS00027307);COCONUT:(CNP0170589);Natural Products:(UNPD195273);PubChem:(89915);SuperNatural:(SN00347145);CHEBI:(133207);ZINC bio:(ZINC00163684);PubChem class - safety and toxic;PubMed	70557794
8	1	N/A	-108.9088740918074	C11H9NO2	[M + H]+	CILJSZLWPHTUIP	InChI=1S/C11H9NO2/c1-14-11(13)10-7-6-8-4-2-3-5-9(8)12-10/h2-7H,1H3	2-Quinoline methyl ester	COC(=O)C1=NC2=CC=CC=C2C=C1	2.06921077	421738	COCONUT:(CNP0071116);PubChem:(421738);ZINC bio:(ZINC00031320);additional;Training Set;PubMed;KEGG Mine	8592580674
9	1	N/A	-110.9679222686395	C11H9NO2	[M + H]+	KXCBWEJWVBHYKF	InChI=1S/C11H9NO2/c1-7-6-12-9-5-3-2-4-8(9)10(7)11(13)14/h2-6H,1H3,(H,13,14)	Oprea1_593712	CC1=C(C2=CC=CC=C2N=C1)C(=O)O	2.0999999	604440;6947392	COCONUT:(CNP0207783);Natural Products:(UNPD157518);PubChem:(604440 6947392);KEGG Mine	8592064514
10	1	N/A	-114.26782524716481	C11H9NO2	[M + H]+	ZBCGBIZQNMVMPC	InChI=1S/C11H9NO2/c1-14-11(13)10-6-8-4-2-3-5-9(8)7-12-10/h2-7H,1H3	Maybridge1_001945	COC(=O)C1=CC2=CC=CC=C2C=N1	2.29999995	725374	PubChem class - safety and toxic;PubChem:(725374);PubMed	67108930
11	1	N/A	-117.170651041732	C11H9NO2	[M + H]+	GNWTWXOZRSBCOZ	InChI=1S/C11H9NO2/c13-11(14)9-5-1-2-6-10(9)12-7-3-4-8-12/h1-8H,(H,13,14)	Oprea1_291568	C1=CC=C(C(=C1)C(=O)O)N2C=CC=C2	1.79999995	728521;6929105	PubChem class - safety and toxic;PubChem:(728521 6929105);PubMed;PubChem class - bio and metabolites	83886146
12	1	N/A	-120.59563503598466	C11H9NO2	[M + H]+	IZONZQFTYGVOOO	InChI=1S/C11H9NO2/c1-7-2-3-8-6-9(11(13)14)4-5-10(8)12-7/h2-6H,1H3,(H,13,14)	Oprea1_304328	CC1=NC2=C(C=C1)C=C(C=C2)C(=O)O	2.14285922	604483;21928054	PubChem:(604483 21928054);PubChem class - safety and toxic	67108866
13	1	N/A	-122.51208096027032	C11H9NO2	[M + H]+	YEQVNAGNEONSTR	InChI=1S/C11H9NO2/c13-11(14)10-7-6-9(12-10)8-4-2-1-3-5-8/h1-7,12H,(H,13,14)	Oprea1_535171	C1=CC=C(C=C1)C2=CC=C(N2)C(=O)O	2.20000005	226199;3583365	PubChem class - safety and toxic;PubChem:(226199 3583365);PubMed	67108930
14	1	N/A	-129.005370037443	C11H9NO2	[M + H]+	NZXUIQMHGFPOHI	InChI=1S/C11H9NO2/c1-7(13)9-6-12-10-5-3-2-4-8(10)11(9)14/h2-6H,1H3,(H,12,14)	3-acetyl-1H-quinolin-4-one	CC(=O)C1=CNC2=CC=CC=C2C1=O	1.5	245041	COCONUT:(CNP0370130);PubChem:(245041);ZINC bio:(ZINC17314849)	2105346
15	1	N/A	-130.21272048665196	C11H9NO2	[M + H]+	LLVNRLHZSZPIJD	InChI=1S/C11H9NO2/c13-11(14)9-4-1-3-8(7-9)10-5-2-6-12-10/h1-7,12H,(H,13,14)	null	C1=CC(=CC(=C1)C(=O)O)C2=CC=CN2	1.96512735	83636552	PubChem:(83636552);PubChem class - safety and toxic	67108866
16	1	N/A	-132.75699637648933	C11H9NO2	[M + H]+	POIMMRXCPIMHDG	InChI=1S/C11H9NO2/c1-12-9-5-3-2-4-8(9)6-7-10(12)11(13)14/h2-7H,1H3/p+1	null	C[N+]1=C(C=CC2=CC=CC=C21)C(=O)O	1.85714972	12226280;12226281	COCONUT:(CNP0312817);KNApSAcK:(26467);Natural Products:(UNPD125699);PubChem:(12226280 12226281);ZINC bio:(ZINC02541092)	2138130
17	1	N/A	-133.11665204781542	C11H9NO2	[M + H]+	PODFNQCZFHLJPH	InChI=1S/C11H9NO2/c13-11(14)9-4-3-5-10(8-9)12-6-1-2-7-12/h1-8H,(H,13,14)	Oprea1_201413	C1=CN(C=C1)C2=CC=CC(=C2)C(=O)O	2.08170652	736537;6932106	PubChem class - safety and toxic;PubChem:(736537 6932106);PubMed	67108930
18	1	N/A	-133.2357514812266	C11H9NO2	[M + H]+	IKQVXJGBIGBKNW	InChI=1S/C11H9NO2/c1-7-3-2-4-8-5-9(11(13)14)6-12-10(7)8/h2-6H,1H3,(H,13,14)	8-Methyl-quinoline-3-carboxylic acid	CC1=C2C(=CC=C1)C=C(C=N2)C(=O)O	2.0999999	17039621	PubChem class - safety and toxic;PubChem:(17039621);PubMed	67108930
19	1	N/A	-136.02638766373983	C11H9NO2	[M + H]+	NLSIIPKSANRIGS	InChI=1S/C11H9NO2/c13-11(14)9-3-5-10(6-4-9)12-7-1-2-8-12/h1-8H,(H,13,14)	Oprea1_671922	C1=CN(C=C1)C2=CC=C(C=C2)C(=O)O	2.08170652	2737256;6932125	PubChem class - safety and toxic;PubChem:(2737256 6932125);PubMed	67108930
20	1	N/A	-138.11283381449843	C11H9NO2	[M + H]+	GMLCQPJLSFPJMX	InChI=1S/C11H9NO2/c13-11(14)10-7-4-8-12(10)9-5-2-1-3-6-9/h1-8H,(H,13,14)	1-phenylpyrrole-2-carboxylic acid	C1=CC=C(C=C1)N2C=CC=C2C(=O)O	2.20000005	227455	PubChem class - safety and toxic;PubChem:(227455);PubMed;ZINC bio:(ZINC01562295)	67117122
21	1	N/A	-145.8428535606003	C11H9NO2	[M + H]+	WXFAZCYUMXZXBA	InChI=1S/C11H9NO2/c1-14-10-4-2-3-8-5-6-9(7-13)12-11(8)10/h2-7H,1H3	8-methoxyquinoline-2-carbaldehyde	COC1=CC=CC2=C1N=C(C=C2)C=O	2.0	1548870	PubChem:(1548870);PubChem class - safety and toxic	67108866
22	1	N/A	-153.86823055712495	C11H9NO2	[M + H]+	XSRWQTDEIOHXSL	InChI=1S/C11H9NO2/c1-14-11(13)9-4-5-10-8(7-9)3-2-6-12-10/h2-7H,1H3	Maybridge1_005415	COC(=O)C1=CC2=C(C=C1)N=CC=C2	1.97677696	736812	PubChem class - safety and toxic;PubChem:(736812);PubMed	67108930
23	1	N/A	-158.44589190176504	C11H9NO2	[M + H]+	OFMFQCKAVYMADW	InChI=1S/C11H9NO2/c1-7-2-3-8-6-12-5-4-9(8)10(7)11(13)14/h2-6H,1H3,(H,13,14)	null	CC1=C(C2=C(C=C1)C=NC=C2)C(=O)O	2.0	115017235	PubChem:(115017235);PubChem class - safety and toxic	67108866
24	1	N/A	-160.34881190208034	C11H9NO2	[M + H]+	XFXOLBNQYFRSLQ	InChI=1S/C11H9NO2/c12-10-6-8-4-2-1-3-7(8)5-9(10)11(13)14/h1-6H,12H2,(H,13,14)	Oprea1_749540	C1=CC=C2C=C(C(=CC2=C1)C(=O)O)N	2.5999999	22244;6946862	NORMAN:(NS00015134);PubChem class - safety and toxic;PubChem:(22244 6946862);PubMed;additional	67895362
25	1	N/A	-163.20142729307713	C11H9NO2	[M + H]+	NZTPZUIIYNYZKT	InChI=1S/C11H9NO2/c12-10-4-3-7-5-9(11(13)14)2-1-8(7)6-10/h1-6H,12H2,(H,13,14)	6-Amino-2-naphthoic	C1=CC2=C(C=CC(=C2)N)C=C1C(=O)O	1.73709524	2733954;6951172	PubChem class - safety and toxic;PubChem:(2733954 6951172);PubMed	67108930
26	1	N/A	-163.928101943429	C11H9NO2	[M + H]+	YIPRQTYMJYGRER	InChI=1S/C11H9NO2/c12-8-5-7-3-1-2-4-9(7)10(6-8)11(13)14/h1-6H,12H2,(H,13,14)	3-aminonaphthalene-1-carboxylic Acid	C1=CC=C2C(=C1)C=C(C=C2C(=O)O)N	1.73709524	272138;51381299	PubChem:(272138 51381299);PubChem class - safety and toxic	67108866
27	1	N/A	-173.65773232649468	C11H9NO2	[M + H]+	ZOILQTHJXYCLQN	InChI=1S/C11H9NO2/c13-10-7-6-9(12-11(10)14)8-4-2-1-3-5-8/h1-7,13H,(H,12,14)	3-Hydroxy-6-Phenylpyridin-2(5h)-One	C1=CC=C(C=C1)C2=CC=C(C(=O)N2)O	1.70000005	71710919	PubChem:(71710919);PubMed;PubChem class - bio and metabolites	16777282
28	1	N/A	-173.93048493298147	C11H9NO2	[M + H]+	SQHQOOVDJCKSFC	InChI=1S/C11H9NO2/c13-9-5-3-8(4-6-9)11-10(14)2-1-7-12-11/h1-7,13-14H	null	C1=CC(=C(N=C1)C2=CC=C(C=C2)O)O	1.79999995	796644	COCONUT:(CNP0340805);PubChem:(796644);SuperNatural:(SN00044707);PubMed;ZINC bio:(ZINC00300822)	3153986
29	1	N/A	-177.65887177943117	C11H9NO2	[M + H]+	AOSRALZFDNFXFZ	InChI=1S/C11H9NO2/c1-8-4-2-6-10-9(8)5-3-7-11(10)12(13)14/h2-7H,1H3	1-Methyl-5-nitronaphthalene	CC1=C2C=CC=C(C2=CC=C1)[N+](=O)[O-]	3.30216503	93496	PubChem:(93496);PubChem class - safety and toxic	67108866
30	1	N/A	-178.59483047356565	C11H9NO2	[M + H]+	AYIKNXKAUAUIBW	InChI=1S/C11H9NO2/c1-14-11(13)10-4-2-3-8-7-12-6-5-9(8)10/h2-7H,1H3	Isoquinoline, 5-carbomethoxy-	COC(=O)C1=CC=CC2=C1C=CN=C2	2.0	313259;123455010	PubChem:(313259 123455010);PubChem class - safety and toxic	67108866
31	1	N/A	-180.36928526037218	C11H9NO2	[M + H]+	MZPCTRNDYNHZQE	InChI=1S/C11H9NO2/c1-8(13)14-10-6-2-4-9-5-3-7-12-11(9)10/h2-7H,1H3	ACMC-20alwl	CC(=O)OC1=CC=CC2=C1N=CC=C2	2.01171279	75777	NORMAN:(NS00028013);PubChem class - safety and toxic;PubChem:(75777)	67371010
32	1	N/A	-192.0993911888715	C11H9NO2	[M + H]+	XIABIZCGZLGBSV	InChI=1S/C11H9NO2/c13-9-1-2-11(14)10(7-9)8-3-5-12-6-4-8/h1-7,13-14H	null	C1=CC(=C(C=C1O)C2=CC=NC=C2)O	1.79999995	136732252	MeSH:(136732252);PubChem:(136732252);PubMed	70
33	1	N/A	-192.7540712542594	C11H9NO2	[M + H]+	HZTCLDNADGMACV	InChI=1S/C11H9NO2/c1-7(13)8-4-5-10(14)11-9(8)3-2-6-12-11/h2-6,14H,1H3	5-Acetyloxine	CC(=O)C1=C2C=CC=NC2=C(C=C1)O	1.48951089	95877;78070121	NORMAN:(NS00022402);PubChem class - safety and toxic;PubChem:(95877 78070121);PubMed;ZINC bio:(ZINC00174383)	67379266
34	1	N/A	-193.91785444002252	C11H9NO2	[M + H]+	AWJCCKYFFMSHCJ	InChI=1S/C11H9NO2/c1-12-10-5-3-2-4-8(10)6-9(7-13)11(12)14/h2-7H,1H3	1-Methyl-2-oxo-1,2-dihydro-quinoline-	CN1C2=CC=CC=C2C=C(C1=O)C=O	1.20000005	4914628	COCONUT:(CNP0391045);PubChem:(4914628);SuperNatural:(SN00064745);ZINC bio:(ZINC03882760)	3153922
35	1	N/A	-197.30180271368252	C11H9NO2	[M + H]+	IZNWACYOILBFEG	InChI=1S/C11H9NO2/c1-8-6-7-9-4-2-3-5-10(9)11(8)12(13)14/h2-7H,1H3	2-Methyl-1-Nitrophthalene	CC1=C(C2=CC=CC=C2C=C1)[N+](=O)[O-]	3.4000001	13432	NORMAN:(NS00039239);PubChem class - safety and toxic;PubChem:(13432)	67371010
36	1	N/A	-197.43854687809952	C11H9NO2	[M + H]+	XONAHZFJTGHACI	InChI=1S/C11H9NO2/c1-12-6-8(7-13)9-4-2-3-5-10(9)11(12)14/h2-7H,1H3	2-methyl-1-oxoisoquinoline-4-carbaldehyde	CN1C=C(C2=CC=CC=C2C1=O)C=O	0.699999988	928358	COCONUT:(CNP0362969);PubChem:(928358);SuperNatural:(SN00047286);ZINC bio:(ZINC00518505)	3153922
37	1	N/A	-198.38437553856164	C11H9NO2	[M + H]+	PCJLUGWQCHMMAG	InChI=1S/C11H9NO2/c13-11(12-14)10-6-5-8-3-1-2-4-9(8)7-10/h1-7,14H,(H,12,13)	2-Naphthohydroximic acid	C1=CC=C2C=C(C=CC2=C1)C(=O)NO	1.87112689	25164	MeSH:(25164);PubChem:(25164);PubMed	70
38	1	N/A	-201.057949321757	C11H9NO2	[M + H]+	YZSCTNNFEVNWDC	InChI=1S/C11H9NO2/c1-7-6-10(12-14)8-4-2-3-5-9(8)11(7)13/h2-6,13H,1H3	2-methyl-4-nitrosonaphthalen-1-ol	CC1=C(C2=CC=CC=C2C(=C1)N=O)O	2.5999999	13751484	COCONUT:(CNP0110579);Natural Products:(UNPD33600);PubChem:(13751484)	2129922
39	1	N/A	-201.68550570895476	C11H9NO2	[M + H]+	BQJYULBYGRTLPZ	InChI=1S/C11H9NO2/c1-14-11(13)6-5-9-3-2-4-10(7-9)8-12/h2-7H,1H3	Methyl 3-cyanocinnamate	COC(=O)C=CC1=CC(=CC=C1)C#N	1.89999998	13415097;42553330;53396017	PubChem:(13415097 42553330 53396017);PubChem class - safety and toxic	67108866
40	1	N/A	-207.606938305031	C11H9NO2	[M + H]+	GXUWXZSLWMEZET	InChI=1S/C11H9NO2/c1-14-11(13)7-10(8-12)9-5-3-2-4-6-9/h2-7H,1H3	null	COC(=O)C=C(C#N)C1=CC=CC=C1	1.70000005	11052369	PubChem:(11052369);PubChem class - bio and metabolites	16777218
41	1	N/A	-207.98896272364001	C11H9NO2	[M + H]+	CDZMIJFSAZPYEZ	InChI=1S/C11H9NO2/c1-14-11(13)7-6-9-2-4-10(8-12)5-3-9/h2-7H,1H3	Methyl 3-(4-cyanophenyl)acrylate	COC(=O)C=CC1=CC=C(C=C1)C#N	1.9921546	12388111;11106082;53412322	PubChem:(12388111 11106082 53412322);PubChem class - safety and toxic	67108866
42	1	N/A	-214.2218300815435	C11H9NO2	[M + H]+	BYQQTWROSPBRIU	InChI=1S/C11H9NO2/c13-9-4-5-11(14)10(8-9)12-6-2-1-3-7-12/h1-8H,(H-,13,14)/p+1	2-pyridin-1-ium-1-ylbenzene-1,4-diol	C1=CC=[N+](C=C1)C2=C(C=CC(=C2)O)O	1.89999998	411955;24187186;102154739	COCONUT:(CNP0280319);HMDB:(40768);Natural Products:(UNPD6912);PubChem:(411955 24187186 102154739);SuperNatural:(SN00395823);PubChem class - bio and metabolites	19955722
43	1	N/A	-215.06040285023454	C11H9NO2	[M + H]+	JRZGPWOEHDOVMC	InChI=1S/C11H9NO2/c13-11(12-14)10-7-3-5-8-4-1-2-6-9(8)10/h1-7,14H,(H,12,13)	N-Hydroxy-1-naphthamide	C1=CC=C2C(=C1)C=CC=C2C(=O)NO	1.87112689	23382	PubChem class - safety and toxic;PubChem:(23382);PubMed;PubChem class - bio and metabolites	83886146
44	1	N/A	-219.85650006111985	C11H9NO2	[M + H]+	OBXWZJVKXGQPTG	InChI=1S/C11H9NO2/c1-7-3-2-4-9-8(7)5-6-10(12-14)11(9)13/h2-6,13H,1H3	null	CC1=C2C=CC(=C(C2=CC=C1)O)N=O	3.07202244	130033950	COCONUT:(CNP0330363);Natural Products:(UNPD94809);PubChem:(130033950)	2129922
45	1	N/A	-224.5815132740519	C11H9NO2	[M + H]+	AQPYUQKKKCLZAT	InChI=1S/C11H9NO2/c1-7(13)6-9-8-4-2-3-5-10(8)12-11(9)14/h2-6H,1H3,(H,12,14)	3-Acetonylidene-2-oxindole	CC(=O)C=C1C2=CC=CC=C2NC1=O	0.699999988	99739;725903;725906	MeSH:(99739 725906);PubChem:(99739 725903 725906);PubMed	70
46	1	N/A	-227.69896253502344	C11H9NO2	[M + H]+	GLCZLSZSLPOQPJ	InChI=1S/C11H9NO2/c13-12-8-10-6-7-11(14-10)9-4-2-1-3-5-9/h1-8,13H	2-Furaldehyde, 5-phenyl-, oxime	C1=CC=C(C=C1)C2=CC=C(O2)C=NO	2.70000005	604425;5375047;5412191	COCONUT:(CNP0282748);PubChem:(604425 5375047 5412191);SuperNatural:(SN00131484);PubMed;ZINC bio:(ZINC05003588)	3153986
47	1	N/A	-229.87476376128484	C11H9NO2	[M + H]+	YVGOTPVUWJIDNA	InChI=1S/C11H9NO2/c1-7-6-10(12-14)11(13)9-5-3-2-4-8(7)9/h2-6,13H,1H3	4-methyl-2-nitrosonaphthalen-1-ol	CC1=CC(=C(C2=CC=CC=C12)O)N=O	3.07202244	20695089	COCONUT:(CNP0111251);Natural Products:(UNPD32096);PubChem:(20695089)	2129922
48	1	N/A	-232.05678578821303	C11H9NO2	[M + H]+	NFTNTGFZYSCPSK	InChI=1S/C11H9NO2/c12-11(14)9-5-7-3-1-2-4-8(7)6-10(9)13/h1-6,13H,(H2,12,14)	Oprea1_641266	C1=CC=C2C=C(C(=CC2=C1)C(=O)N)O	2.20000005	19317;9990022	NORMAN:(NS00030072);PubChem class - safety and toxic;PubChem:(19317 9990022);KEGG Mine	8657305602
49	1	N/A	-233.09295059034204	C11H9NO2	[M + H]+	QVTOATOPMUKDLA	InChI=1S/C11H9NO2/c13-12-11(10-7-4-8-14-10)9-5-2-1-3-6-9/h1-8,13H	furan-2-yl(phenyl)methanone oxime	C1=CC=C(C=C1)C(=NO)C2=CC=CO2	2.9000001	3475040;5837094;9622302	PubChem:(3475040 5837094 9622302);PubChem class - safety and toxic	67108866
50	1	N/A	-235.66749339071802	C11H9NO2	[M + H]+	QYOJZFBQEAZNEW	InChI=1S/C11H9NO2/c1-8-4-2-3-5-9(8)12-10(13)6-7-11(12)14/h2-7H,1H3	N-2-Tolylmaleimide	CC1=CC=CC=C1N2C(=O)C=CC2=O	1.80486584	19989	COCONUT:(CNP0379516);PubChem:(19989);SuperNatural:(SN00117262);ZINC bio:(ZINC00114942);PubChem class - safety and toxic;PubMed	70262850
51	1	N/A	-239.90041626119884	C11H9NO2	[M + H]+	ZXYANCMKJJXEBH	InChI=1S/C11H10NO2/c1-12-3-2-8-4-10-11(14-7-13-10)5-9(8)6-12/h2-6H,7H2,1H3/q+1	6-methyl-[1,3]dioxolo[4,5-g]isoquinolin-6-ium	C[N+]1=CC2=CC3=C(C=C2C=C1)OCO3	2.0	2753983	COCONUT:(CNP0076320 CNP0090616);Natural Products:(UNPD82390);PubChem:(2753983);SuperNatural:(SN00126678);ZINC bio:(ZINC03849371)	3186690
52	1	N/A	-241.29588216046517	C11H9NO2	[M + H]+	XWBHCJMXMDVYLP	InChI=1S/C11H9NO2/c13-9-5-1-2-6-10(9)14-11-7-3-4-8-12-11/h1-8,13H	2-pyridin-2-yloxyphenol	C1=CC=C(C(=C1)O)OC2=CC=CC=N2	2.50085759	3015826	PubChem:(3015826);NORMAN:(NS00058420)	262146
53	1	N/A	-243.82740876316078	C11H9NO2	[M + H]+	IZULDLZFUWWFHF	InChI=1S/C11H9NO2/c1-8-10(7-13)11(14-12-8)9-5-3-2-4-6-9/h2-7H,1H3	4-Formyl-3-methyl-5-phenylisoxazole	CC1=NOC(=C1C=O)C2=CC=CC=C2	1.89999998	2776516	PubChem:(2776516);PubChem class - safety and toxic	67108866
54	1	N/A	-248.19947882775983	C11H9NO2	[M + H]+	MHHGQWMCVNQHLG	InChI=1S/C11H9NO2/c1-2-7-12-10(13)8-5-3-4-6-9(8)11(12)14/h2-6H,1,7H2	N-Allylphthalimide	C=CCN1C(=O)C2=CC=CC=C2C1=O	1.41219604	224401	PubChem class - safety and toxic;PubChem:(224401);PubMed;ZINC bio:(ZINC03898870)	67117122
55	1	N/A	-254.57223514480341	C11H9NO2	[M + H]+	XLNFLJOWTRDNCX	InChI=1S/C11H9NO2/c1-14-11(13)10(8-12)7-9-5-3-2-4-6-9/h2-7H,1H3	Methyl benzalcyanoacetate	COC(=O)C(=CC1=CC=CC=C1)C#N	1.86311054	19414;674252;7290268	PubChem class - safety and toxic;PubChem:(19414 674252 7290268);PubMed	67108930
56	1	N/A	-256.4193052014959	C11H9NO2	[M + H]+	SMSBKEHQYUYAHK	InChI=1S/C11H9NO2/c1-8-10(7-13)11(12-14-8)9-5-3-2-4-6-9/h2-7H,1H3	5-methyl-3-phenylisoxazole-4-carbaldehyde	CC1=C(C(=NO1)C2=CC=CC=C2)C=O	1.89999998	2776144	PubChem class - safety and toxic;PubChem:(2776144);PubMed	67108930
57	1	N/A	-263.5925239983312	C11H9NO2	[M + H]+	ZWNYDPBLEDGGQD	InChI=1S/C11H9NO2/c1-2-7-12-9-6-4-3-5-8(9)10(13)11(12)14/h2-6H,1,7H2	allylindoledione	C=CCN1C2=CC=CC=C2C(=O)C1=O	1.58339798	1713563	PubChem class - safety and toxic;PubChem:(1713563);PubMed	67108930
58	1	N/A	-269.04662188738354	C11H9NO2	[M + H]+	KCFXNGDHQPMIAQ	InChI=1S/C11H9NO2/c1-8-2-4-9(5-3-8)12-10(13)6-7-11(12)14/h2-7H,1H3	p-Tolylmaleimide	CC1=CC=C(C=C1)N2C(=O)C=CC2=O	1.80486584	15399	COCONUT:(CNP0050225);PubChem:(15399);SuperNatural:(SN00117179);ZINC bio:(ZINC00094134);PubChem class - bio and metabolites;PubChem class - safety and toxic;PubMed	87040066
59	1	N/A	-276.23208637590074	C11H9NO2	[M + H]+	GLGWUCADBBVZKO	InChI=1S/C11H9NO2/c1-12-9-6-10(13)7-4-2-3-5-8(7)11(9)14/h2-5H,6H2,1H3	2-methyliminonaphthalene-1,4-dione	CN=C1CC(=O)C2=CC=CC=C2C1=O	1.10000002	7157453	COCONUT:(CNP0026279);PubChem:(7157453);SuperNatural:(SN00129102);ZINC bio:(ZINC04262831)	3153922
60	1	N/A	-284.49359838450493	C11H9NO2	[M + H]+	MYACDOUALUEBHR	InChI=1S/C11H9NO2/c1-8-2-4-9(5-3-8)11-6-10(7-13)12-14-11/h2-7H,1H3	5-(4-Methylphenyl)isoxazole-3-carboxaldehyde	CC1=CC=C(C=C1)C2=CC(=NO2)C=O	2.42948651	16217817	PubChem class - safety and toxic;PubChem:(16217817);PubMed	67108930
61	1	N/A	-288.0550975057617	C11H9NO2	[M + H]+	WCPPQBOBTQFQLZ	InChI=1S/C11H9NO2/c13-11-9(6-7-14-11)8-12-10-4-2-1-3-5-10/h1-8,13H	null	C1=CC=C(C=C1)N=CC2=C(OC=C2)O	2.29999995	135566323	PubChem:(135566323);PubChem class - bio and metabolites	16777218
62	1	N/A	-288.77886787350377	C11H9NO2	[M + H]+	BCXATVHLOPBFLK	InChI=1S/C11H9NO2/c1-12-6-9-10(13)7-4-2-3-5-8(7)11(9)14/h2-6,13H,1H3	null	CN=CC1=C(C2=CC=CC=C2C1=O)O	1.10000002	135416860	COCONUT:(CNP0047380);PubChem:(135416860);SuperNatural:(SN00133662);ZINC bio:(ZINC13837510);PubChem class - safety and toxic;PubMed	70262850
63	1	N/A	-295.7247178512667	C11H9NO2	[M + H]+	KSVQCKSTIKMJNF	InChI=1S/C11H9NO2/c1-13-10-3-2-4-11-9(10)5-8(6-12)7-14-11/h2-5H,7H2,1H3	5-methoxy-2H-chromene-3-carbonitrile	COC1=CC=CC2=C1C=C(CO2)C#N	1.70000005	42441	PubChem:(42441);PubChem class - safety and toxic	67108866
64	1	N/A	-295.9920093147456	C11H9NO2	[M + H]+	MKRBAPNEJMFMHU	InChI=1S/C11H9NO2/c13-10-6-7-11(14)12(10)8-9-4-2-1-3-5-9/h1-7H,8H2	1-benzylmaleimide	C1=CC=C(C=C1)CN2C(=O)C=CC2=O	1.0	74204	NORMAN:(NS00025321);COCONUT:(CNP0071143);PubChem:(74204);SuperNatural:(SN00117189);ZINC bio:(ZINC00096688);MeSH:(74204);PubChem class - safety and toxic;PubMed	70524998
65	1	N/A	-300.96710796883895	C11H9NO2	[M + H]+	IBLLSZUYVXWELO	InChI=1S/C11H9NO2/c1-7(13)12-9-3-4-10-8(6-9)2-5-11(10)14/h2-6H,1H3,(H,12,13)	null	CC(=O)NC1=CC2=C(C=C1)C(=O)C=C2	1.10000002	91810429	PubChem:(91810429);PubMed;PubChem class - bio and metabolites	16777282
66	1	N/A	-302.5858265437617	C11H9NO2	[M + H]+	GLVMLLRAWVMDQC	InChI=1S/C11H9NO2/c13-9-7-3-1-2-4-8(7)11(5-6-11)10(14)12-9/h1-4H,5-6H2,(H,12,13,14)	Spiro[cyclopropane-1,4''(1''H)-isoquinoline]-1'',3''(2''H)-dione	C1CC12C3=CC=CC=C3C(=O)NC2=O	1.0	57336667	PubChem:(57336667);PubChem class - safety and toxic	67108866
67	1	N/A	-311.55126822370727	C11H9NO2	[M + H]+	AWJCOLWSBVPCSE	InChI=1S/C11H9NO2/c12-7-9-6-10(11(13)14-9)8-4-2-1-3-5-8/h1-5,9-10H,6H2	5-oxo-4-phenyloxolane-2-carbonitrile	C1C(OC(=O)C1C2=CC=CC=C2)C#N	1.70000005	39080	PubChem:(39080);PubChem class - safety and toxic	67108866
68	1	N/A	-311.75468804719	C11H9NO2	[M + H]+	QAVUFFJVZGZJMO	InChI=1S/C11H9NO2/c1-8-7-10(13)12(11(8)14)9-5-3-2-4-6-9/h2-7H,1H3	ACMC-20anpw	CC1=CC(=O)N(C1=O)C2=CC=CC=C2	1.39999998	689222	COCONUT:(CNP0207546);PubChem class - safety and toxic;PubChem:(689222);PubMed;ZINC bio:(ZINC00058465)	69214274
69	1	N/A	-311.78190799461123	C11H9NO2	[M + H]+	QFFAZOPNBVZSGX	InChI=1S/C11H9NO2/c1-13-10-2-3-11-9(5-10)4-8(6-12)7-14-11/h2-5H,7H2,1H3	Oprea1_669973	COC1=CC2=C(C=C1)OCC(=C2)C#N	1.70000005	42440	PubChem:(42440);PubChem class - safety and toxic	67108866
70	1	N/A	-324.19583621653254	C11H9NO2	[M + H]+	KNHMTOFSFRMLRQ	InChI=1S/C11H9NO2/c1-8-10(11(13)14-12-8)7-9-5-3-2-4-6-9/h2-7H,1H3	AmbscPOD_03/0582	CC1=NOC(=O)C1=CC2=CC=CC=C2	2.20000005	27875;5356800;5375062	PubChem class - safety and toxic;PubChem:(27875 5356800 5375062);PubMed	67108930
71	1	N/A	-332.3012568219741	C11H9NO2	[M + H]+	GBKKVNBNBVUCIV	InChI=1S/C11H9NO2/c13-9-8-6-11(8,10(14)12-9)7-4-2-1-3-5-7/h1-5,8H,6H2,(H,12,13,14)	1-Phenyl-3-azabicyclo(3.1.0)hexane-2,4-dione	C1C2C1(C(=O)NC2=O)C3=CC=CC=C3	0.600000024	150846;12719805;12719806;59337585;98076584;98076586;121005880;121005881	MeSH:(150846);PubChem:(150846 12719805 12719806 59337585 98076584 98076586 121005880 121005881);PubMed	70
72	1	N/A	-345.1997776447221	C11H9NO2	[M + H]+	BWQBTJRPSDVWIR	InChI=1S/C11H9NO2/c1-8-12-10(11(13)14-8)7-9-5-3-2-4-6-9/h2-7H,1H3	zlchem 901	CC1=NC(=CC2=CC=CC=C2)C(=O)O1	1.89999998	1551278;1551279;94946	NORMAN:(NS00042239);COCONUT:(CNP0284552);PubChem:(1551278 1551279 94946);SuperNatural:(SN00131038 SN00116932);ZINC bio:(ZINC00047878 ZINC04693600);PubChem class - safety and toxic;PubMed	70524994
73	1	N/A	-354.96921138526005	C11H9NO2	[M + H]+	SGNVKVVRCUBSSV	InChI=1S/C11H9NO2/c13-11-9-5-7-3-1-2-4-8(7)6-10(9)12-14-11/h1-5,10,12H,6H2	null	C1C2C(=CC3=CC=CC=C31)C(=O)ON2	1.89826787	""	COCONUT:(CNP0393391);Natural Products:(UNPD172187);SuperNatural:(SN00390751)	3178496
74	1	N/A	-356.96808074370693	C11H9NO2	[M + H]+	OERUTQQJGIUXIC	InChI=1S/C11H9NO2/c13-10-7-6-9(12-11(10)14)8-4-2-1-3-5-8/h1-5,7,13H,6H2	null	C1C=C(C(=O)N=C1C2=CC=CC=C2)O	1.60000002	137350153	PubChem:(137350153);PubChem class - bio and metabolites	16777218
75	1	N/A	-362.9151646628575	C11H9NO2	[M + H]+	LYGPYMPCPHMGPE	InChI=1S/C11H9NO2/c13-7-12-9-4-2-1-3-8(9)10(14)11(12)5-6-11/h1-4,7H,5-6H2	3''-oxospiro[cyclopropane-1,2''-indole]-1''-carbaldehyde	C1CC12C(=O)C3=CC=CC=C3N2C=O	1.20000005	3048858	PubChem:(3048858);PubChem class - safety and toxic	67108866
76	1	N/A	-371.77144819106206	C11H9NO2	[M + H]+	FEWFXZPGPSWQJK	InChI=1S/C11H9NO2/c1-12-9-6-10(13)7-4-2-3-5-8(7)11(9)14/h2-6,12H,1H3	2-(Methylamino)naphthoquinone	CNC1=CC(=O)C2=CC=CC=C2C1=O	1.36321318	464135	MeSH:(464135);PubChem:(464135);PubMed	70
77	1	N/A	-374.87298192590373	C11H9NO2	[M + H]+	BPGSNZXXCCSOAN	InChI=1S/C11H9NO2/c1-12-9-6-10(13)11(14)8-5-3-2-4-7(8)9/h2-6,12H,1H3	4-Methylamino-1,2-naphthoquinone	CNC1=CC(=O)C(=O)C2=CC=CC=C21	1.20000005	12957132	MeSH:(12957132);PubChem:(12957132);PubMed	70
78	1	N/A	-380.9609580757262	C11H9NO2	[M + H]+	OXHUSRBHFWQZGQ	InChI=1S/C11H9NO2/c1-8-4-5-10(13)11(8)14-9-3-2-6-12-7-9/h2-7H,1H3	null	CC1=C(C(=O)C=C1)OC2=CN=CC=C2	1.39999998	137552708	PubChem:(137552708);PubChem class - bio and metabolites	16777218
1	1	0.41145407564873493	-21.78927365302888	C11H11NO3	[M - H2O + H]+	XGILAAMKEQUXLS	InChI=1S/C11H11NO3/c13-10(11(14)15)5-7-6-12-9-4-2-1-3-8(7)9/h1-4,6,10,12-13H,5H2,(H,14,15)	bmse000409	C1=CC=C2C(=C1)C(=CN2)CC(C(=O)O)O	1.30389476	92904;676157;676158;9548603;6920148;6920149;139025994	HMDB:(671);ZINC bio:(ZINC00039098 ZINC00039099);additional;MeSH:(92904);Plantcyc:(INDOLE_LACTATE);PubMed;NORMAN:(NS00014853);COCONUT:(CNP0082919 CNP0416375);Natural Products:(UNPD31711 UNPD35260);PubChem:(92904 676157 676158 9548603 6920148 6920149 139025994);YMDB Mine;CHEBI:(55528 17282 55529 24813);PubChem class - bio and metabolites;EcoCyc Mine;KEGG:(C22006 C02043);PubChem class - safety and toxic;Training Set;Biocyc:(INDOLE_LACTATE CPD-21492)	51626568046
2	1	N/A	-60.7948640597019	C11H11NO3	[M - H2O + H]+	HWRVAGPWLQXABS	InChI=1S/C11H11NO3/c13-10(5-11(14)15)8-6-12-9-4-2-1-3-7(8)9/h1-4,6,10,12-13H,5H2,(H,14,15)	null	C1=CC=C2C(=C1)C(=CN2)C(CC(=O)O)O	1.02231097	69733299	COCONUT:(CNP0084095);HMDB:(59765);PubChem:(69733299);CHEBI:(89877);KEGG Mine	8592031786
3	1	N/A	-128.9612362267522	C11H11NO3	[M - H2O + H]+	YGCMIDOKJLDHEZ	InChI=1S/C11H11NO3/c13-6-10(14)11(15)8-5-12-9-4-2-1-3-7(8)9/h1-5,10,12-14H,6H2	null	C1=CC=C2C(=C1)C(=CN2)C(=O)C(CO)O	0.689870656	121219643;129904718	COCONUT:(CNP0361416);Natural Products:(UNPD64738);PubChem:(121219643 129904718)	2129922
4	1	N/A	-146.19230462740597	C11H11NO3	[M - H2O + H]+	YZIYXJVRBIAHGN	InChI=1S/C11H11NO3/c13-8-2-3-10-9(5-8)7(6-12-10)1-4-11(14)15/h2-3,5-6,12-13H,1,4H2,(H,14,15)	1H-Indole-3-propanoic acid, 5-hydroxy-	C1=CC2=C(C=C1O)C(=CN2)CCC(=O)O	1.53763902	14182642	PubChem:(14182642);CHEBI:(125654)	34
5	1	N/A	-157.43970750740576	C11H11NO3	[M - H2O + H]+	VLSBXQNBTRWZNI	InChI=1S/C11H11NO3/c13-9-2-3-10-7(6-9)5-8(12-10)1-4-11(14)15/h2-3,5-6,12-13H,1,4H2,(H,14,15)	null	C1=CC2=C(C=C1O)C=C(N2)CCC(=O)O	1.5	54398476	MeSH:(54398476);PubChem:(54398476);PubMed	70
6	1	N/A	-177.79212919695723	C11H11NO3	[M - H2O + H]+	JAAYVMHPQAMBJS	InChI=1S/C11H11NO3/c1-14-11(13)9-7-12(15-2)10-6-4-3-5-8(9)10/h3-7H,1-2H3	null	COC(=O)C1=CN(C2=CC=CC=C21)OC	2.29999995	10465540	COCONUT:(CNP0132923);HMDB:(32755);Natural Products:(UNPD173535);PubChem:(10465540);SuperNatural:(SN00295734);PubChem class - bio and metabolites;PubMed	19955786
7	1	N/A	-183.81906488538203	C11H11NO3	[M - H2O + H]+	QILGOCXNADJVBY	InChI=1S/C11H11NO3/c1-15-10-4-2-8(3-5-10)6-9(7-12)11(13)14/h2-5,9H,6H2,1H3,(H,13,14)	2-cyano-3-(4-methoxyphenyl)propanoic acid	COC1=CC=C(C=C1)CC(C#N)C(=O)O	1.60000002	13711148;27282061;27282063	PubChem:(13711148 27282061 27282063);PubChem class - safety and toxic	67108866
8	1	N/A	-187.07614347557245	C11H11NO3	[M - H2O + H]+	COCNDHOPIHDTHK	InChI=1S/C11H11NO3/c1-15-8-2-3-10-9(5-8)7(6-12-10)4-11(13)14/h2-3,5-6,12H,4H2,1H3,(H,13,14)	bmse000694	COC1=CC2=C(C=C1)NC=C2CC(=O)O	1.49815476	18986;6921702;76974079	HMDB:(4096);ZINC bio:(ZINC00057162);additional;MeSH:(18986);PubMed;NORMAN:(NS00014757);COCONUT:(CNP0267742);Natural Products:(UNPD35606);PubChem:(18986 6921702 76974079);CHEBI:(28281);PubChem class - bio and metabolites;KEGG:(C05660);PubChem class - safety and toxic;Training Set;Biocyc:(CPD-12020)	86829422
9	1	N/A	-196.05336487645883	C11H11NO3	[M - H2O + H]+	KEPPBYRCBVXOKK	InChI=1S/C11H11NO3/c1-15-7-2-3-8-9(11(14)6-13)5-12-10(8)4-7/h2-5,12-13H,6H2,1H3	2-Hydroxy-1-(6-methoxy-1H-indol-3-yl)ethanone	COC1=CC2=C(C=C1)C(=CN2)C(=O)CO	1.10000002	213992	PubChem:(213992);PubChem class - safety and toxic	67108866
10	1	N/A	-198.45953775961004	C11H11NO3	[M - H2O + H]+	RGFQVACBIDGKBN	InChI=1S/C11H11NO3/c1-8-4-2-3-5-9(8)12-10(13)6-7-11(14)15/h2-7H,1H3,(H,12,13)(H,14,15)	3-o-Tolylcarbamoyl-acrylic acid	CC1=CC=CC=C1NC(=O)C=CC(=O)O	1.71499395	1550985;1550986;709350;243244;4663692;5539430	COCONUT:(CNP0179041);PubChem:(1550985 1550986 709350 243244 4663692 5539430);SuperNatural:(SN00134985);PubMed;ZINC bio:(ZINC31636863)	3153986
11	1	N/A	-200.95188698189085	C11H11NO3	[M - H2O + H]+	BFQGSVVUAHHSFU	InChI=1S/C11H11NO3/c13-10(14)6-5-8-7-3-1-2-4-9(7)12-11(8)15/h1-4,8H,5-6H2,(H,12,15)(H,13,14)	2,3-Dihydroindole-2-one, 3-propanoic acid	C1=CC=C2C(=C1)C(C(=O)N2)CCC(=O)O	0.699999988	589482;28284178;40816629	COCONUT:(CNP0099013 CNP0242564);PubChem:(589482 28284178 40816629);SuperNatural:(SN00093959 SN00079150);ZINC bio:(ZINC08765375 ZINC19701876)	3153922
12	1	N/A	-203.20894222901163	C11H11NO3	[M - H2O + H]+	QRLZFKJRNQDGFV	InChI=1S/C11H11NO3/c1-15-10-4-2-3-9-8(10)5-6-12(9)7-11(13)14/h2-6H,7H2,1H3,(H,13,14)	(4-methoxy-1H-indol-1-yl)acetic acid	COC1=CC=CC2=C1C=CN2CC(=O)O	1.70000005	49651889	COCONUT:(CNP0031002 CNP0291851);PubChem:(49651889);SuperNatural:(SN00102001);ZINC bio:(ZINC40162797)	3153922
13	1	N/A	-215.1558074310453	C11H11NO3	[M - H2O + H]+	OEGSDTIXVSKASM	InChI=1S/C11H11NO3/c1-15-10(13)6-8-7-4-2-3-5-9(7)12-11(8)14/h2-5,8H,6H2,1H3,(H,12,14)	1H-Indole-3-acetic acid, 2,3-dihydro-2-oxo-, methyl ester	COC(=O)CC1C2=CC=CC=C2NC1=O	0.600000024	11287197;92449498;98051872	COCONUT:(CNP0237537);Natural Products:(UNPD181994);PubChem:(11287197 92449498 98051872);SuperNatural:(SN00036704);ZINC bio:(ZINC13480133);PubMed	3186754
14	1	N/A	-220.5452397321702	C11H11NO3	[M - H2O + H]+	PLXRUBZTKAYNKQ	InChI=1S/C11H11NO3/c1-12-9-4-3-8(15-2)5-7(9)6-10(12)11(13)14/h3-6H,1-2H3,(H,13,14)	Oprea1_681216	CN1C2=C(C=C(C=C2)OC)C=C1C(=O)O	1.76469398	647460;7061102	COCONUT:(CNP0023691 CNP0374340);PubChem:(647460 7061102);SuperNatural:(SN00064615);PubMed;ZINC bio:(ZINC03881741)	3153986
15	1	N/A	-223.34587643581176	C11H11NO3	[M - H2O + H]+	VLWFSWMZGGZHGD	InChI=1S/C11H11NO3/c1-8-2-4-9(5-3-8)12-10(13)6-7-11(14)15/h2-7H,1H3,(H,12,13)(H,14,15)	Maleanilic acid, p-methyl-	CC1=CC=C(C=C1)NC(=O)C=CC(=O)O	1.71499395	707107;245798;3541475;5855920;7279172;5356452	COCONUT:(CNP0110928);PubChem:(707107 245798 3541475 5855920 7279172 5356452);SuperNatural:(SN00130962);PubMed;ZINC bio:(ZINC04551172)	3153986
16	1	N/A	-226.0595212236858	C11H11NO3	[M - H2O + H]+	AFDVGUDDOURIQR	InChI=1S/C11H11NO3/c1-2-15-11(14)9-6-12-10-4-3-7(13)5-8(9)10/h3-6,12-13H,2H2,1H3	Ethyl 5-hydroxy-1H-indole-3-carboxylate	CCOC(=O)C1=CNC2=C1C=C(C=C2)O	1.76755619	53639643	MeSH:(53639643);PubChem:(53639643);PubMed	70
17	1	N/A	-231.34284993532805	C11H11NO3	[M - H2O + H]+	GAXRKJWZFDHHJC	InChI=1S/C11H11NO3/c1-6-8-4-3-7(15-2)5-9(8)12-10(6)11(13)14/h3-5,12H,1-2H3,(H,13,14)	null	CC1=C(NC2=C1C=CC(=C2)OC)C(=O)O	2.20000005	53418084;53418085	PubChem:(53418084 53418085);PubChem class - safety and toxic	67108866
18	1	N/A	-233.06028935784073	C11H11NO3	[M - H2O + H]+	BSECKLZXEJBFRE	InChI=1S/C11H11NO3/c1-6-9-7(5-13)3-2-4-8(9)12-10(6)11(14)15/h2-4,12-13H,5H2,1H3,(H,14,15)	null	CC1=C(NC2=CC=CC(=C12)CO)C(=O)O	1.39999998	10878285	PubChem:(10878285);PubMed;PubChem class - bio and metabolites	16777282
19	1	N/A	-240.83151125173293	C11H11NO3	[M - H2O + H]+	XYQRNJMYQIITCU	InChI=1S/C11H11NO3/c1-15-7-2-3-10-8(4-7)9(5-12-10)11(14)6-13/h2-5,12-13H,6H2,1H3	2-Hydroxy-1-(5-methoxy-1H-indol-3-yl)ethanone	COC1=CC2=C(C=C1)NC=C2C(=O)CO	1.10000002	213991	PubChem:(213991);PubChem class - safety and toxic	67108866
20	1	N/A	-242.67407297798033	C11H11NO3	[M - H2O + H]+	TYEWITXXLBKGLA	InChI=1S/C11H11NO3/c13-10-4-2-8-5-7(6-11(14)15)1-3-9(8)12-10/h1,3,5H,2,4,6H2,(H,12,13)(H,14,15)	null	C1CC(=O)NC2=C1C=C(C=C2)CC(=O)O	0.5	82282952	PubChem:(82282952);PubChem class - safety and toxic	67108866
21	1	N/A	-243.7404884142305	C11H11NO3	[M - H2O + H]+	WANAXLMRGYGCPC	InChI=1S/C11H11NO3/c1-2-15-11(14)10-6-7-5-8(13)3-4-9(7)12-10/h3-6,12-13H,2H2,1H3	Ethyl 5-hydroxyindole-2-carboxylate	CCOC(=O)C1=CC2=C(N1)C=CC(=C2)O	1.91481566	90677	PubChem:(90677);NORMAN:(NS00027783)	262146
22	1	N/A	-245.98879828977	C11H11NO3	[M - H2O + H]+	OXXJVMUTSUYQBR	InChI=1S/C11H11NO3/c1-14-8-3-4-9-7(5-8)6-10(12-9)11(13)15-2/h3-6,12H,1-2H3	Oprea1_041586	COC1=CC2=C(C=C1)NC(=C2)C(=O)OC	1.89350522	2728184	PubChem:(2728184);NORMAN:(NS00056333)	262146
23	1	N/A	-246.10241876653131	C11H11NO3	[M - H2O + H]+	WGMFHSADKZJPGR	InChI=1S/C11H11NO3/c1-8(13)12-10-5-2-9(3-6-10)4-7-11(14)15/h2-7H,1H3,(H,12,13)(H,14,15)	3-(4-acetamidophenyl)acrylic acid	CC(=O)NC1=CC=C(C=C1)C=CC(=O)O	1.28962266	251522;5357155;6932580;25021201	PubChem:(251522 5357155 6932580 25021201);PubChem class - safety and toxic	67108866
24	1	N/A	-246.36623598584112	C11H11NO3	[M - H2O + H]+	MLHFMFQDMLBLID	InChI=1S/C11H11NO3/c1-14-9-6-8(11(13)15-2)5-7-3-4-12-10(7)9/h3-6,12H,1-2H3	null	COC1=C2C(=CC(=C1)C(=O)OC)C=CN2	1.89999998	10774598	PubChem:(10774598);PubChem class - safety and toxic	67108866
25	1	N/A	-247.4590209759292	C11H11NO3	[M - H2O + H]+	CPXMQDRGVOOXSQ	InChI=1S/C11H11NO3/c1-6-8-5-7(15-2)3-4-9(8)12-10(6)11(13)14/h3-5,12H,1-2H3,(H,13,14)	5-methoxy-3-methyl-1H-indole-2-carboxylate	CC1=C(NC2=C1C=C(C=C2)OC)C(=O)O	2.20000005	848534;6949771;71750102	PubChem:(848534 6949771 71750102);PubChem class - safety and toxic	67108866
26	1	N/A	-247.8410686468655	C11H11NO3	[M - H2O + H]+	GLCZQTLCVLVFGV	InChI=1S/C11H11NO3/c1-14-10-5-3-4-8-7(10)6-9(12-8)11(13)15-2/h3-6,12H,1-2H3	Oprea1_354943	COC1=CC=CC2=C1C=C(N2)C(=O)OC	1.89350522	688172	NORMAN:(NS00015764);PubChem:(688172);PubMed	262210
27	1	N/A	-248.47965648853042	C11H11NO3	[M - H2O + H]+	MUFJHYRCIHHATF	InChI=1S/C11H11NO3/c13-11(14)7-9-6-10(12-15-9)8-4-2-1-3-5-8/h1-5,9H,6-7H2,(H,13,14)	null	C1C(ON=C1C2=CC=CC=C2)CC(=O)O	1.29999995	10798271;67023432;92981775	MeSH:(10798271);PubChem class - safety and toxic;PubChem:(10798271 67023432 92981775);PubMed;PubChem class - drug	100663366
28	1	N/A	-248.51975347236223	C11H11NO3	[M - H2O + H]+	JDKYMNFPRFYLKN	InChI=1S/C11H11NO3/c1-15-11(14)8-6-7-4-2-3-5-9(7)12-10(8)13/h2-5,8H,6H2,1H3,(H,12,13)	3-Quinolinecarboxylic acid, 1,2,3,4-tetrahydro-2-oxo-, methyl ester	COC(=O)C1CC2=CC=CC=C2NC1=O	1.20000005	18333017;59194132;101784888	COCONUT:(CNP0142530);Natural Products:(UNPD18907 UNPD207808);PubChem:(18333017 59194132 101784888);SuperNatural:(SN00227482)	3178498
29	1	N/A	-250.2715284996816	C11H11NO3	[M - H2O + H]+	PTKITGCCWDTUOG	InChI=1S/C11H11NO3/c1-2-7-12-10(13)8-3-5-9(6-4-8)11(14)15/h2-6H,1,7H2,(H,12,13)(H,14,15)	null	C=CCNC(=O)C1=CC=C(C=C1)C(=O)O	1.39999998	43452647	PubChem:(43452647);PubChem class - safety and toxic	67108866
30	1	N/A	-252.14382107631778	C11H11NO3	[M - H2O + H]+	IMMGGYQQWAHCLJ	InChI=1S/C11H11NO3/c1-2-7-15-10-5-3-9(4-6-10)8-11(13)12-14/h1,3-6,14H,7-8H2,(H,12,13)	N-hydroxy-2-(4-prop-2-ynoxyphenyl)acetamide	C#CCOC1=CC=C(C=C1)CC(=O)NO	0.699999988	31661	PubChem:(31661);PubChem class - safety and toxic	67108866
31	1	N/A	-253.1648889488102	C11H11NO3	[M - H2O + H]+	LQGIKCCIECNYHT	InChI=1S/C11H11NO3/c13-10-6-5-8-3-1-2-4-9(8)12(10)7-11(14)15/h1-4H,5-7H2,(H,14,15)	2-(2-oxo-3,4-dihydroquinolin-1-yl)acetic acid	C1CC(=O)N(C2=CC=CC=C21)CC(=O)O	0.800000012	16784221	PubChem:(16784221);PubChem class - safety and toxic	67108866
32	1	N/A	-254.67684197714834	C11H11NO3	[M - H2O + H]+	QMNYVASLMSOSFP	InChI=1S/C11H11NO3/c13-10(14)5-6-12-7-8-3-1-2-4-9(8)11(12)15/h1-4H,5-7H2,(H,13,14)	3-(3-oxo-1H-isoindol-2-yl)propanoate	C1C2=CC=CC=C2C(=O)N1CCC(=O)O	0.794105232	648461;4746405	COCONUT:(CNP0051893 CNP0149240);PubChem:(648461 4746405);SuperNatural:(SN00045872);PubMed;ZINC bio:(ZINC00487464)	3153986
33	1	N/A	-259.76943549347374	C11H11NO3	[M - H2O + H]+	LJWIZTFZBBEWOJ	InChI=1S/C11H11NO3/c1-2-15-10-5-3-4-8-7(10)6-9(12-8)11(13)14/h3-6,12H,2H2,1H3,(H,13,14)	4-ethoxy-1H-indole-2-carboxylate	CCOC1=CC=CC2=C1C=C(N2)C(=O)O	2.20000005	4203428;7022955	PubChem:(4203428 7022955);PubChem class - safety and toxic	67108866
34	1	N/A	-263.10666094460765	C11H11NO3	[M - H2O + H]+	AOEKDLRKBOVOJA	InChI=1S/C11H11NO3/c1-15-11(14)7-2-3-10-9(4-7)8(6-13)5-12-10/h2-5,12-13H,6H2,1H3	methyl 3-(hydroxymethyl)-1H-indole-5-carboxylate	COC(=O)C1=CC2=C(C=C1)NC=C2CO	1.0	67300394	PubChem:(67300394);PubChem class - safety and toxic	67108866
35	1	N/A	-263.2909925959212	C11H11NO3	[M - H2O + H]+	XSHRJOVZKKCTIU	InChI=1S/C11H11NO3/c1-2-15-11(14)9-10(13)7-5-3-4-6-8(7)12-9/h3-6,12-13H,2H2,1H3	Ethyl 3-hydroxy-1H-indole-2-carboxylate	CCOC(=O)C1=C(C2=CC=CC=C2N1)O	2.79999995	84394	PubChem:(84394);NORMAN:(NS00024668 NS00054073)	262146
36	1	N/A	-264.9637316536587	C11H11NO3	[M - H2O + H]+	IIQKYWMOMQWBER	InChI=1S/C11H11NO3/c12-9(11(13)14)5-7-6-15-10-4-2-1-3-8(7)10/h1-4,6,9H,5,12H2,(H,13,14)	DL-3-(3-benzofuranyl)-Alanine	C1=CC=C2C(=C1)C(=CO2)CC(C(=O)O)N	0.895455539	6918823;11264191;56971810;135031244	MeSH:(6918823);PubChem:(6918823 11264191 56971810 135031244);PubMed	70
37	1	N/A	-270.57952354038997	C11H11NO3	[M - H2O + H]+	WPXGTTINFFCURX	InChI=1S/C11H11NO3/c1-7-9(14-2)5-4-8(6-12)10(7)11(13)15-3/h4-5H,1-3H3	methyl 6-cyano-3-methoxy-2-methylbenzoate	CC1=C(C=CC(=C1C(=O)OC)C#N)OC	1.79999995	66545179	PubChem:(66545179);PubChem class - safety and toxic	67108866
38	1	N/A	-271.21058314031535	C11H11NO3	[M - H2O + H]+	FVVMQXAIHDUZMW	InChI=1S/C11H11NO3/c1-14-10-7-11(13)12(15-2)9-6-4-3-5-8(9)10/h3-7H,1-2H3	2(1H)-Quinolinone, 1,4-dimethoxy-	COC1=CC(=O)N(C2=CC=CC=C21)OC	1.29999995	21770010	COCONUT:(CNP0151137);Natural Products:(UNPD180517);PubChem:(21770010);SuperNatural:(SN00229635)	3178498
39	1	N/A	-271.6599459838753	C11H11NO3	[M - H2O + H]+	YAADMLWHGMUGQL	InChI=1S/C11H11NO3/c13-10(12-8-11(14)15)7-6-9-4-2-1-3-5-9/h1-7H,8H2,(H,12,13)(H,14,15)	Cinnamoylglycine	C1=CC=C(C=C1)C=CC(=O)NCC(=O)O	1.20000005	152156;709625;2232522;2232523;4250590;5651756;139025558	HMDB:(11621);ZINC bio:(ZINC00099385 ZINC12368567);additional;MeSH:(152156 709625);PubMed;NORMAN:(NS00014800);COCONUT:(CNP0001920);PubChem:(152156 709625 2232522 2232523 4250590 5651756 139025558);CHEBI:(68616 133605);PubChem class - bio and metabolites;PubChem class - safety and toxic;Training Set;Biocyc:(CPD-16824 TIRON)	86796398
40	1	N/A	-274.7726469907637	C11H11NO3	[M - H2O + H]+	FZIFHLRZVOQASN	InChI=1S/C11H11NO3/c1-2-14-11(13)8-15-10-5-3-9(7-12)4-6-10/h3-6H,2,8H2,1H3	Ethyl (4-cyanophenoxy)acetate	CCOC(=O)COC1=CC=C(C=C1)C#N	1.8504045	207426	PubChem class - safety and toxic;PubChem:(207426);PubMed	67108930
41	1	N/A	-276.3756378881125	C11H11NO3	[M - H2O + H]+	RKAGQNNBFLRZRZ	InChI=1S/C11H11NO3/c1-7-4-8(6-12)9(11(13)15-3)5-10(7)14-2/h4-5H,1-3H3	methyl 2-cyano-5-methoxy-4-methylbenzoate	CC1=CC(=C(C=C1OC)C(=O)OC)C#N	1.79999995	66545177	PubChem:(66545177);PubChem class - safety and toxic	67108866
42	1	N/A	-276.39616701260616	C11H11NO3	[M - H2O + H]+	LXOOCVJJMHZKCH	InChI=1S/C11H11NO3/c1-12-6-5-7-3-4-8(15-2)9(10(7)12)11(13)14/h3-6H,1-2H3,(H,13,14)	null	CN1C=CC2=C1C(=C(C=C2)OC)C(=O)O	1.5	84076404	PubChem:(84076404);PubChem class - safety and toxic	67108866
43	1	N/A	-276.97616466977996	C11H11NO3	[M - H2O + H]+	BHWGQIYJCMMSNM	InChI=1S/C11H11NO3/c13-10(6-7-11(14)15)12-8-9-4-2-1-3-5-9/h1-7H,8H2,(H,12,13)(H,14,15)	Benzyl maleamic acid	C1=CC=C(C=C1)CNC(=O)C=CC(=O)O	1.10168052	1549764;85827;716464;5538988;5046524	NORMAN:(NS00051922);PubChem class - safety and toxic;PubChem:(1549764 85827 716464 5538988 5046524);PubMed	67371074
44	1	N/A	-277.108880731017	C11H11NO3	[M - H2O + H]+	LKQYQOBUTXPJCC	InChI=1S/C11H11NO3/c1-7(8(2)13)12-10-6-4-3-5-9(10)11(14)15/h3-6H,1-2H3,(H,14,15)	null	CC(=NC1=CC=CC=C1C(=O)O)C(=O)C	1.0	129990456	PubChem:(129990456);COCONUT:(CNP0353705)	2097154
45	1	N/A	-282.07904620125584	C11H11NO3	[M - H2O + H]+	DLQAPJUEAVEFBX	InChI=1S/C11H11NO3/c1-8-12(7-6-11(13)14)9-4-2-3-5-10(9)15-8/h2-5H,6-7H2,1H3/p+1	3-(2-Carboxy-ethyl)-2-methyl-benzooxazol-3-ium	CC1=[N+](C2=CC=CC=C2O1)CCC(=O)O	1.70000005	109496;6944414	PubChem:(109496 6944414);NORMAN:(NS00060344)	262146
46	1	N/A	-282.68003856641263	C11H11NO3	[M - H2O + H]+	HPPSTURWGYFXQN	InChI=1S/C11H11NO3/c1-14-8-5-3-4-7-9(15-2)6-10(13)12-11(7)8/h3-6H,1-2H3,(H,12,13)	edulitine	COC1=CC=CC2=C1NC(=O)C=C2OC	1.0	826073	COCONUT:(CNP0219584);HMDB:(30179);KNApSAcK:(26423);Natural Products:(UNPD53294);PubChem:(826073);ZINC bio:(ZINC00345844);PubChem class - bio and metabolites;Training Set;PubMed	18931802
47	1	N/A	-284.466012599796	C11H11NO3	[M - H2O + H]+	SFSQLOPNXVVBLC	InChI=1S/C11H11NO3/c1-11(2,13)7-6-9-4-3-5-10(8-9)12(14)15/h3-5,8,13H,1-2H3	2-Methyl-4-(3-nitrophenyl)-3-butyn-2-ol	CC(C)(C#CC1=CC(=CC=C1)[N+](=O)[O-])O	2.40866113	118480	PubChem:(118480);NORMAN:(NS00029490)	262146
48	1	N/A	-286.71307151668094	C11H11NO3	[M - H2O + H]+	JOTMMIYKEOOTNZ	InChI=1S/C11H11NO3/c1-15-11(14)10(12-8-13)7-9-5-3-2-4-6-9/h2-6,10H,7H2,1H3	ACMC-20akjx	COC(=O)C(CC1=CC=CC=C1)N=C=O	3.0999999	1514293;2769481;6558897	PubChem:(1514293 2769481 6558897);PubChem class - safety and toxic	67108866
49	1	N/A	-288.9105071567638	C11H11NO3	[M - H2O + H]+	XODAOBAZOQSFDS	InChI=1S/C11H11NO3/c1-8(13)12-10(11(14)15)7-9-5-3-2-4-6-9/h2-7H,1H3,(H,12,13)(H,14,15)	Ambcb5145568	CC(=O)NC(=CC1=CC=CC=C1)C(=O)O	1.17257249	1580932;95631;699640;3425588;7269310;5370579;11820283;102526662;102526663;102526664	NORMAN:(NS00044075);COCONUT:(CNP0250920 CNP0411128);PubChem:(1580932 95631 699640 3425588 7269310 5370579 11820283 102526662 102526663 102526664);SuperNatural:(SN00130929);YMDB Mine;ZINC bio:(ZINC00078599 ZINC04521087);MeSH:(5370579);PubChem class - safety and toxic;PubMed;KEGG Mine	43020197958
50	1	N/A	-289.47447856849016	C11H11NO3	[M - H2O + H]+	FQGLEMDXDTZJMJ	InChI=1S/C11H11NO3/c1-7(2)15-10-4-3-8(11(13)14)5-9(10)6-12/h3-5,7H,1-2H3,(H,13,14)	3-cyano-4-isopropoxybenzoic acid	CC(C)OC1=C(C=C(C=C1)C(=O)O)C#N	1.89999998	21956832;27282074;87339947;87340990	PubChem:(21956832 27282074 87339947 87340990);PubChem class - safety and toxic	67108866
51	1	N/A	-297.915997292936	C11H11NO3	[M - H2O + H]+	XYNAFWYTBGZRSC	InChI=1S/C11H11NO3/c1-3-11(14)15-10-6-4-9(5-7-10)12-8(2)13/h3-7H,1H2,2H3,(H,12,13)	4-Acryloyloxyacetanilide	CC(=O)NC1=CC=C(C=C1)OC(=O)C=C	1.79978192	5744012	MeSH:(5744012);PubChem:(5744012);PubMed	70
52	1	N/A	-301.96959777248503	C11H11NO3	[M - H2O + H]+	IIPMFYNRTPVVIO	InChI=1S/C11H11NO3/c1-3-14-11-6-9(7-12)4-5-10(11)15-8(2)13/h4-6H,3H2,1-2H3	Oprea1_464595	CCOC1=C(C=CC(=C1)C#N)OC(=O)C	1.70000005	226321	PubChem:(226321);PubChem class - safety and toxic	67108866
53	1	N/A	-307.6936295029142	C11H11NO3	[M - H2O + H]+	JPSRYECJFJNDFI	InChI=1S/C11H11NO3/c1-8(11(14)15)10(12-7-13)9-5-3-2-4-6-9/h2-7H,1H3,(H,12,13)(H,14,15)	null	CC(=C(C1=CC=CC=C1)NC=O)C(=O)O	1.79999995	89042541	PubChem:(89042541);COCONUT:(CNP0337029)	2097154
54	1	N/A	-310.0486361656151	C11H11NO3	[M - H2O + H]+	SZUBEJQEEOURQH	InChI=1S/C11H11NO3/c1-14-9-7-5-3-4-6-8(7)12-11(13)10(9)15-2/h3-6H,1-2H3,(H,12,13)	Swietenidin B	COC1=C(C(=O)NC2=CC=CC=C21)OC	1.20000005	442933	COCONUT:(CNP0184588);KNApSAcK:(2199);Natural Products:(UNPD20752);PubChem:(442933);CHEBI:(9373);KEGG:(C10741)	2130226
55	1	N/A	-310.71887379274153	C11H11NO3	[M - H2O + H]+	QESXXFDZRITHKE	InChI=1S/C11H11NO3/c13-10-5-2-6-12(10)9-4-1-3-8(7-9)11(14)15/h1,3-4,7H,2,5-6H2,(H,14,15)	3-(2-oxopyrrolidin-1-yl)benzoate	C1CC(=O)N(C1)C2=CC=CC(=C2)C(=O)O	0.899999976	3240794;4168944	PubChem class - safety and toxic;PubChem:(3240794 4168944);PubMed	67108930
56	1	N/A	-312.4162901651082	C11H11NO3	[M - H2O + H]+	LAFPNIUVRIVWTD	InChI=1S/C11H11NO3/c13-10-6-5-9(12-10)7-1-3-8(4-2-7)11(14)15/h1-4,9H,5-6H2,(H,12,13)(H,14,15)	null	C1CC(=O)NC1C2=CC=C(C=C2)C(=O)O	0.699999988	124707536;124707547;126804612	PubChem:(124707536 124707547 126804612);PubChem class - safety and toxic	67108866
57	1	N/A	-313.67997544043277	C11H11NO3	[M - H2O + H]+	CBMTTXBZZZABGG	InChI=1S/C11H11NO3/c1-7(13)6-11(15)8-4-2-3-5-9(8)12-10(11)14/h2-5,15H,6H2,1H3,(H,12,14)	3-Hydroxy-3-acetonyl-2-oxindole	CC(=O)CC1(C2=CC=CC=C2NC1=O)O	0.200000003	36460;697275;697277	COCONUT:(CNP0124963);Natural Products:(UNPD40708);PubChem:(36460 697275 697277);SuperNatural:(SN00133945 SN00049544);ZINC bio:(ZINC01261680 ZINC17744128);MeSH:(36460);PubChem class - safety and toxic;PubMed	70295622
58	1	N/A	-314.71390589079436	C11H11NO3	[M - H2O + H]+	MSWVQIVIMVMWFW	InChI=1S/C11H11NO3/c1-15-11-5-8-7(4-10(11)14)2-3-12-9(8)6-13/h2-5,13-14H,6H2,1H3	null	COC1=C(C=C2C=CN=C(C2=C1)CO)O	0.899999976	135402051	COCONUT:(CNP0164425);Natural Products:(UNPD189378);PubChem:(135402051);SuperNatural:(SN00313997);MeSH:(135402051);PubMed	3178566
59	1	N/A	-316.7868887241425	C11H11NO3	[M - H2O + H]+	RSCNYUAUZAUCBZ	InChI=1S/C11H11NO3/c1-14-9-5-7-3-4-12-11(13)8(7)6-10(9)15-2/h3-6H,1-2H3,(H,12,13)	6,7-Dimethoxy-1(2H)-Isoquinolone	COC1=C(C=C2C(=C1)C=CNC2=O)OC	1.29999995	3312489	PubChem class - safety and toxic;PubChem:(3312489);ZINC bio:(ZINC00410059);KEGG Mine	8657051650
60	1	N/A	-317.9435917115539	C11H11NO3	[M - H2O + H]+	UOQRZCNCICUPJO	InChI=1S/C11H11NO3/c13-10-9(11(14)15)8(6-12-10)7-4-2-1-3-5-7/h1-5,8-9H,6H2,(H,12,13)(H,14,15)	Oprea1_502790	C1C(C(C(=O)N1)C(=O)O)C2=CC=CC=C2	1.29999995	762601;762603;762604;762606;2836868;4662058;6939184;6939180;6939182;6939183;91259293;91810337	PubChem class - safety and toxic;PubChem:(762601 762603 762604 762606 2836868 4662058 6939184 6939180 6939182 6939183 91259293 91810337);PubMed	67108930
61	1	N/A	-319.0277960982684	C11H11NO3	[M - H2O + H]+	KIXWRXJXMVUWCP	InChI=1S/C11H11NO3/c13-10-9(11(14)15)6-7-12(10)8-4-2-1-3-5-8/h1-5,9H,6-7H2,(H,14,15)	1-Phenyl-2-oxo-3-pyrrolidinecarboxylic acid	C1CN(C(=O)C1C(=O)O)C2=CC=CC=C2	1.70000005	3043762;13159179;42256725	PubChem:(3043762 13159179 42256725);PubChem class - safety and toxic	67108866
62	1	N/A	-320.8946334264235	C11H11NO3	[M - H2O + H]+	RVWQXFWAUMMLKE	InChI=1S/C11H11NO3/c1-12-10(14)6-9(15-2)7-4-3-5-8(13)11(7)12/h3-6,13H,1-2H3	Oprea1_568132	CN1C(=O)C=C(C2=C1C(=CC=C2)O)OC	0.899999976	776146	COCONUT:(CNP0141307 CNP0247401);Natural Products:(UNPD190463);PubChem:(776146);SuperNatural:(SN00304301 SN00044470);ZINC bio:(ZINC00265505);additional;Training Set;PubMed	3727426
63	1	N/A	-321.9836743840284	C11H11NO3	[M - H2O + H]+	BSMILTTURCQDGJ	InChI=1S/C11H11NO3/c13-7-3-6-12-10(14)8-4-1-2-5-9(8)11(12)15/h1-2,4-5,13H,3,6-7H2	Oprea1_522983	C1=CC=C2C(=C1)C(=O)N(C2=O)CCCO	0.784451962	70160;57036609	NORMAN:(NS00015167);PubChem:(70160 57036609);additional;MeSH:(70160);Training Set;PubMed	802886
64	1	N/A	-327.96358893836225	C11H11NO3	[M - H2O + H]+	VLMMTGKGDOAYER	InChI=1S/C11H11NO3/c13-10-6-12(7-10)11(14)15-8-9-4-2-1-3-5-9/h1-5H,6-8H2	1-Cbz-3-azetidinone	C1C(=O)CN1C(=O)OCC2=CC=CC=C2	1.29999995	10632047	PubChem:(10632047);PubChem class - safety and toxic	67108866
65	1	N/A	-328.77377065068094	C11H11NO3	[M - H2O + H]+	UYDLHTOWSNBXTM	InChI=1S/C11H11NO3/c1-12-8-6-4-3-5-7(8)9(13)10(15-2)11(12)14/h3-6,13H,1-2H3	4-Hydroxy-3-methoxy-1-methylquinolin-2(1H)-one	CN1C2=CC=CC=C2C(=C(C1=O)OC)O	1.10000002	54723909	COCONUT:(CNP0275714);Natural Products:(UNPD154951);PubChem:(54723909);SuperNatural:(SN00246301);PubMed	3178562
66	1	N/A	-328.97665829877883	C11H11NO3	[M - H2O + H]+	PMIJOJQWNBZWIA	InChI=1S/C11H11NO3/c1-12-9-4-3-7(13)5-8(9)10(15-2)6-11(12)14/h3-6,13H,1-2H3	6-hydroxy-4-methoxy-1-methylquinolin-2-one	CN1C2=C(C=C(C=C2)O)C(=CC1=O)OC	0.899999976	158015	COCONUT:(CNP0196600);KNApSAcK:(26442);Natural Products:(UNPD105945);PubChem:(158015);SuperNatural:(SN00349559)	3178514
67	1	N/A	-329.42347966896534	C11H11NO3	[M - H2O + H]+	YCIOUNSWHDKEBM	InChI=1S/C11H11NO3/c1-14-9-5-7-3-4-11(13)12-8(7)6-10(9)15-2/h3-6H,1-2H3,(H,12,13)	Ambap5278-38-6	COC1=C(C=C2C(=C1)C=CC(=O)N2)OC	1.29999995	111055	NORMAN:(NS00044856);PubChem class - safety and toxic;PubChem:(111055)	67371010
68	1	N/A	-329.99288279645367	C11H11NO3	[M - H2O + H]+	YTBSMLRVFPHDOB	InChI=1S/C11H11NO3/c1-7(13)15-10-9(12-11(10)14)8-5-3-2-4-6-8/h2-6,9-10H,1H3,(H,12,14)	2-Azetidinone, 3-(acetyloxy)-4-phenyl-	CC(=O)OC1C(NC1=O)C2=CC=CC=C2	0.800000012	9794260;11009062;10198157;11390119;69472164;92974014;92974015;101352734	COCONUT:(CNP0027921);PubChem:(9794260 11009062 10198157 11390119 69472164 92974014 92974015 101352734);SuperNatural:(SN00135248);ZINC bio:(ZINC33961761);MeSH:(9794260 10198157);PubMed	3153990
69	1	N/A	-335.8638166988028	C11H11NO3	[M - H2O + H]+	QEAULWXPIOSTCA	InChI=1S/C11H11NO3/c1-3-7-14-9-5-4-6-10(8-9)15-11(13)12-2/h1,4-6,8H,7H2,2H3,(H,12,13)	Hercules 8717	CNC(=O)OC1=CC=CC(=C1)OCC#C	1.92781949	19403	PubChem:(19403);PubChem class - safety and toxic	67108866
70	1	N/A	-342.9204363733232	C11H11NO3	[M - H2O + H]+	QOGPNCUTXVZQSL	InChI=1S/C11H11NO3/c1-14-10-5-7-8(6-11(10)15-2)12-4-3-9(7)13/h3-6H,1-2H3,(H,12,13)	6,7-dimethoxy-4-quinolone	COC1=C(C=C2C(=C1)C(=O)C=CN2)OC	1.5	459611	PubChem class - safety and toxic;Training Set;PubChem:(459611);PubMed;additional	67649602
71	1	N/A	-343.70490786250673	C11H11NO3	[M - H2O + H]+	PYGHXQGZDZWMNB	InChI=1S/C11H11NO3/c1-2-11(13)10-5-3-9(4-6-10)7-8-12(14)15/h3-8H,2H2,1H3	null	CCC(=O)C1=CC=C(C=C1)C=C[N+](=O)[O-]	2.60185814	89041637	PubChem:(89041637);COCONUT:(CNP0243840)	2097154
72	1	N/A	-344.3355470388915	C11H11NO3	[M - H2O + H]+	SBFSGQVISGZPJH	InChI=1S/C11H11NO3/c1-12-4-3-7-5-10(15-2)9(13)6-8(7)11(12)14/h3-6,13H,1-2H3	1(2H)-Isoquinolinone, 7-hydroxy-6-methoxy-2-methyl-	CN1C=CC2=CC(=C(C=C2C1=O)O)OC	1.10000002	59620302	COCONUT:(CNP0222064);KNApSAcK:(27346);Natural Products:(UNPD132541);PubChem:(59620302);SuperNatural:(SN00319090)	3178514
73	1	N/A	-345.87332600233486	C11H11NO3	[M - H2O + H]+	LQLIPNNDDMXSGM	InChI=1S/C11H11NO3/c1-3-8-14-9-6-4-5-7-10(9)15-11(13)12-2/h1,4-7H,8H2,2H3,(H,12,13)	Mcpop	CNC(=O)OC1=CC=CC=C1OCC#C	1.92781949	18662	PubChem:(18662);PubChem class - safety and toxic	67108866
74	1	N/A	-350.5370962772796	C11H11NO3	[M - H2O + H]+	PWOARNMOPCOJEV	InChI=1S/C11H11NO3/c1-2-14-11(13)10-9(12)7-5-3-4-6-8(7)15-10/h3-6H,2,12H2,1H3	Oprea1_566336	CCOC(=O)C1=C(C2=CC=CC=C2O1)N	2.70000005	2063537	PubChem class - safety and toxic;PubChem:(2063537);PubMed	67108930
75	1	N/A	-352.66878901095424	C11H11NO3	[M - H2O + H]+	FZOLFKJKTKFVPO	InChI=1S/C11H11NO3/c1-14-10-4-2-8(3-5-10)11-6-9(7-13)12-15-11/h2-6,13H,7H2,1H3	[5-(4-methoxyphenyl)isoxazol-3-yl]methanol	COC1=CC=C(C=C1)C2=CC(=NO2)CO	1.20000005	16641466	PubChem:(16641466);PubChem class - safety and toxic	67108866
76	1	N/A	-353.9857010011909	C11H11NO3	[M - H2O + H]+	KKPDNFHEHGHBMX	InChI=1S/C11H11NO3/c1-5-6(2)12-11(15)10-8(5)3-7(13)4-9(10)14/h3-4,13-14H,1-2H3,(H,12,15)	6,8-dihydroxy-3,4-dimethyl-2h-isoquinolin-1-one	CC1=C(NC(=O)C2=C1C=C(C=C2O)O)C	1.5	5491787	COCONUT:(CNP0121602);Natural Products:(UNPD48515);PubChem:(5491787)	2129922
77	1	N/A	-355.4734900533845	C11H11NO3	[M - H2O + H]+	CLPIWJZJIQJXTP	InChI=1S/C11H11NO3/c12-11(14)8-6-9(13)15-10(8)7-4-2-1-3-5-7/h1-5,8,10H,6H2,(H2,12,14)	5-oxo-2-phenyloxolane-3-carboxamide	C1C(C(OC1=O)C2=CC=CC=C2)C(=O)N	0.200000003	25940	PubChem:(25940);PubChem class - safety and toxic	67108866
78	1	N/A	-357.04776367893504	C11H11NO3	[M - H2O + H]+	ZGBMPGKGTDOIBF	InChI=1S/C11H11NO3/c13-10-6-9(7-12-10)15-11(14)8-4-2-1-3-5-8/h1-5,9H,6-7H2,(H,12,13)	2-Pyrrolidinone, 4-(benzoyloxy)-	C1C(CNC1=O)OC(=O)C2=CC=CC=C2	0.899999976	13195060	PubChem:(13195060);PubChem class - safety and toxic	67108866
79	1	N/A	-358.96707271819946	C11H11NO3	[M - H2O + H]+	IASWWLNIFLMDBI	InChI=1S/C11H11NO3/c1-7(13)12-8-2-3-11-9(6-8)10(14)4-5-15-11/h2-3,6H,4-5H2,1H3,(H,12,13)	6-acetamidochroman-4-one	CC(=O)NC1=CC2=C(C=C1)OCCC2=O	0.600000024	40468294	PubChem:(40468294);PubChem class - safety and toxic	67108866
80	1	N/A	-363.2714019475746	C11H11NO3	[M - H2O + H]+	WGLLBHSIXLWVFU	InChI=1S/C11H11NO3/c13-10-6-9(12-10)11(14)15-7-8-4-2-1-3-5-8/h1-5,9H,6-7H2,(H,12,13)	Oprea1_260819	C1C(NC1=O)C(=O)OCC2=CC=CC=C2	0.699999988	717307;717310;2808534	PubChem:(717307 717310 2808534);PubChem class - safety and toxic	67108866
81	1	N/A	-367.39457233321997	C11H11NO3	[M - H2O + H]+	PUPZEPSSZWBIRL	InChI=1S/C11H11NO3/c1-3-9(13)7-4-5-8-10(6-7)15-11(14)12(8)2/h4-6H,3H2,1-2H3	3-methyl-6-propanoyl-1,3-benzoxazol-2-one	CCC(=O)C1=CC2=C(C=C1)N(C(=O)O2)C	1.5	3043000	PubChem class - safety and toxic;PubChem:(3043000);PubMed	67108930
82	1	N/A	-370.58275248075194	C11H11NO3	[M - H2O + H]+	PSGGVEHPNBDJNA	InChI=1S/C11H11NO3/c1-6-4-9-8(3)11(12(13)14)15-10(9)5-7(6)2/h4-5H,1-3H3	2-Nitro-3,5,6-trimethylbenzofuran	CC1=CC2=C(C=C1C)OC(=C2C)[N+](=O)[O-]	3.5999999	33806	PubChem:(33806);PubChem class - safety and toxic	67108866
83	1	N/A	-377.42594045278975	C11H11NO3	[M - H2O + H]+	VMABOKLGFTUARO	InChI=1S/C11H11NO3/c1-15-12-10(13)7-9(11(12)14)8-5-3-2-4-6-8/h2-6,9H,7H2,1H3	N-Methoxy-2-phenylsuccinimide	CON1C(=O)CC(C1=O)C2=CC=CC=C2	0.899999976	3050261	PubChem:(3050261);PubChem class - safety and toxic	67108866
84	1	N/A	-380.543233225232	C11H11NO3	[M - H2O + H]+	NBJCIFFNSBPITC	InChI=1S/C11H11NO3/c12-10(13)9-6-8(11(14)15-9)7-4-2-1-3-5-7/h1-5,8-9H,6H2,(H2,12,13)	5-oxo-4-phenyloxolane-2-carboxamide	C1C(C(=O)OC1C(=O)N)C2=CC=CC=C2	0.899999976	39081	PubChem:(39081);PubChem class - safety and toxic	67108866
85	1	N/A	-382.2799608234158	C11H11NO3	[M - H2O + H]+	RIAVJIUUQSNGLQ	InChI=1S/C11H11NO3/c1-6-5-12-11-10(7(6)2)8(14-3)4-9(13)15-11/h4-5H,1-3H3	4-methoxy-5,6-dimethylpyrano[2,3-b]pyridin-2-one	CC1=CN=C2C(=C1C)C(=CC(=O)O2)OC	1.60000002	14841766	COCONUT:(CNP0267938);Natural Products:(UNPD141518);PubChem:(14841766)	2129922
86	1	N/A	-383.26395564128916	C11H11NO3	[M - H2O + H]+	COMLJXAQYRAVIB	InChI=1S/C11H11NO3/c1-11(8-5-3-2-4-6-8)7-15-10(14)12-9(11)13/h2-6H,7H2,1H3,(H,12,13,14)	5-methyl-5-phenyl-1,3-oxazinane-2,4-dione	CC1(COC(=O)NC1=O)C2=CC=CC=C2	1.5	11971094;121490014;121490015	PubChem:(11971094 121490014 121490015);PubChem class - safety and toxic	67108866
87	1	N/A	-383.30577215218733	C11H11NO3	[M - H2O + H]+	DAVOTJLHZIPOBO	InChI=1S/C11H11NO3/c1-8-4-2-3-5-10(8)14-6-9-7-15-11(13)12-9/h2-5,7H,6H2,1H3,(H,12,13)	4-(o-Toloxymethyl)-4-oxazolin-2-one	CC1=CC=CC=C1OCC2=COC(=O)N2	1.60000002	211170	PubChem:(211170);PubChem class - safety and toxic	67108866
88	1	N/A	-384.01654719955854	C11H11NO3	[M - H2O + H]+	WRZHCJAMRKTKNK	InChI=1S/C11H11NO3/c1-2-3-9(13)7-4-5-8-10(6-7)15-11(14)12-8/h4-6H,2-3H2,1H3,(H,12,14)	6-(1-Oxobutyl)-2(3H)-benzoxazolone	CCCC(=O)C1=CC2=C(C=C1)NC(=O)O2	2.29751992	3054044	PubChem:(3054044);PubChem class - safety and toxic	67108866
89	1	N/A	-385.8492800611092	C11H11NO3	[M - H2O + H]+	XTLDCEGIZIGZTI	InChI=1S/C11H11NO3/c1-7(13)8-3-4-9-10(5-8)15-6-11(14)12(9)2/h3-5H,6H2,1-2H3	7-acetyl-4-methyl-1,4-benzoxazin-3-one	CC(=O)C1=CC2=C(C=C1)N(C(=O)CO2)C	0.699999988	3087787	PubChem:(3087787);PubChem class - safety and toxic	67108866
90	1	N/A	-385.91084647166434	C11H11NO3	[M - H2O + H]+	DVPGDAXTDJUMAS	InChI=1S/C11H11NO3/c1-14-11(13)9-7-15-10(12-9)8-5-3-2-4-6-8/h2-6,9H,7H2,1H3	ACMC-20akjt	COC(=O)C1COC(=N1)C2=CC=CC=C2	1.60000002	3609401;11074512;11469791	PubChem class - safety and toxic;PubChem:(3609401 11074512 11469791);PubMed	67108930
91	1	N/A	-386.3177177850408	C11H11NO3	[M - H2O + H]+	SGQOVJBGRJMVJR	InChI=1S/C11H11NO3/c1-2-11(8-6-4-3-5-7-8)9(13)12-10(14)15-11/h3-7H,2H2,1H3,(H,12,13,14)	64047-15-0 (hydrochloride salt)	CCC1(C(=O)NC(=O)O1)C2=CC=CC=C2	1.89999998	115735;44287177;44287194	MeSH:(115735);PubChem:(115735 44287177 44287194);PubMed	70
92	1	N/A	-387.0336430514109	C11H11NO3	[M - H2O + H]+	QZZLLHOMMCKWIQ	InChI=1S/C11H11NO3/c1-14-6-7-4-11(13)15-10-5-8(12)2-3-9(7)10/h2-5H,6,12H2,1H3	Oprea1_054029	COCC1=CC(=O)OC2=C1C=CC(=C2)N	1.21069813	519442	COCONUT:(CNP0351413);PubChem:(519442);SuperNatural:(SN00043043);ZINC bio:(ZINC00089816)	3153922
93	1	N/A	-389.63938869408594	C11H11NO3	[M - H2O + H]+	VGBBYOCIBXGFIR	InChI=1S/C11H11NO3/c1-6-7(2)12-5-8-9(14-3)4-10(13)15-11(6)8/h4-5H,1-3H3	Acuminatopyrone	CC1=C2C(=CN=C1C)C(=CC(=O)O2)OC	1.29999995	25080127	COCONUT:(CNP0173889);MeSH:(25080127);Natural Products:(UNPD219698);PubChem:(25080127);PubMed	2129990
94	1	N/A	-390.80422582241226	C11H11NO3	[M - H2O + H]+	JTWMBPZRYBLNNG	InChI=1S/C11H11NO3/c1-14-8-2-3-9-7(6-12)4-11(13)15-10(9)5-8/h2-5H,6,12H2,1H3	4-(aminomethyl)-7-methoxychromen-2-one	COC1=CC2=C(C=C1)C(=CC(=O)O2)CN	0.821135938	8758225;8758226	MeSH:(8758226);PubChem:(8758225 8758226);PubMed	70
95	1	N/A	-404.53753856814154	C11H11NO3	[M - H2O + H]+	BVVBIKLKFXOMAF	InChI=1S/C11H11NO3/c1-5-6(2)11(12(14)15)7(3)8-4-9(13)10(5)8/h4H2,1-3H3	2,4,5-trimethyl-3-nitrobicyclo[4.2.0]octa-1(6),2,4-trien-7-one	CC1=C(C(=C(C2=C1C(=O)C2)C)[N+](=O)[O-])C	0.400000006	2752761	COCONUT:(CNP0045522);PubChem:(2752761);SuperNatural:(SN00125878);ZINC bio:(ZINC03847832)	3153922
96	1	N/A	-408.45583681857784	C11H11NO3	[M - H2O + H]+	ZFJZCFGGCMBNSO	InChI=1S/C11H11NO3/c12-10(14)11(7-6-9(13)15-11)8-4-2-1-3-5-8/h1-5H,6-7H2,(H2,12,14)	5-oxo-2-phenyloxolane-2-carboxamide	C1CC(OC1=O)(C2=CC=CC=C2)C(=O)N	0.600000024	25939	PubChem:(25939);PubChem class - safety and toxic	67108866
97	1	N/A	-415.50600005733725	C11H11NO3	[M - H2O + H]+	PGWRAJMYNMYBFM	InChI=1S/C11H11NO3/c1-2-7-3-12-4-9-10(7)8(5-13)6-15-11(9)14/h2-4,8,13H,1,5-6H2	Gentianamine	C=CC1=CN=CC2=C1C(COC2=O)CO	0.600000024	442535	COCONUT:(CNP0108128);KNApSAcK:(1976);Natural Products:(UNPD38783);PubChem:(442535);SuperNatural:(SN00155979);CHEBI:(5316);KEGG:(C09961)	3178802
98	1	N/A	-422.7030111922243	C11H11NO3	[M - H2O + H]+	DCGRVDRVJLOBOB	InChI=1S/C11H11NO3/c1-2-5-12-11(13)8-3-4-9-10(6-8)15-7-14-9/h2-4,6H,1,5,7H2,(H,12,13)	Oprea1_519899	C=CCNC(=O)C1=CC2=C(C=C1)OCO2	1.58189523	47452	PubChem class - safety and toxic;PubChem:(47452);PubMed	67108930
99	1	N/A	-424.12805732641755	C11H11NO3	[M - H2O + H]+	HUNZJKFFMPFZTC	InChI=1S/C11H11NO3/c13-10(8-4-2-1-3-5-8)12-9-6-7-15-11(9)14/h1-5,9H,6-7H2,(H,12,13)	2-Benzamidobutyrolactone	C1COC(=O)C1NC(=O)C2=CC=CC=C2	1.29999995	97839;11117188;38989187	COCONUT:(CNP0233881);Natural Products:(UNPD1213);PubChem:(97839 11117188 38989187);SuperNatural:(SN00272920);ZINC bio:(ZINC01677595 ZINC02045140);PubChem class - safety and toxic;PubMed	70295618
100	1	N/A	-443.90183918117583	C11H11NO3	[M - H2O + H]+	KNZQLALSUOHHMD	InChI=1S/C11H11NO3/c1-11(14)4-3-7-8(10(13)15-2)5-12-6-9(7)11/h3-6,14H,1-2H3	methyl 7-hydroxy-7-methylcyclopenta[c]pyridine-4-carboxylate	CC1(C=CC2=C1C=NC=C2C(=O)OC)O	0.600000024	14378644	COCONUT:(CNP0396094);Natural Products:(UNPD126380);PubChem:(14378644);SuperNatural:(SN00286530)	3178498
101	1	N/A	-446.53895070400404	C11H11NO3	[M - H2O + H]+	DCZZXWWSCKHUHN	InChI=1S/C11H11NO3/c1-11(2)10(12(13)14)7-8-5-3-4-6-9(8)15-11/h3-7H,1-2H3	2,2-dimethyl-3-nitrochromene	CC1(C(=CC2=CC=CC=C2O1)[N+](=O)[O-])C	2.4000001	42463	PubChem:(42463);PubChem class - safety and toxic	67108866
102	1	N/A	-449.9098506178936	C11H11NO3	[M - H2O + H]+	BYRLCVBOECZOOI	InChI=1S/C11H11NO3/c1-11-8-5-12-4-7(10(13)14-2)6(8)3-9(11)15-11/h4-5,9H,3H2,1-2H3	methyl 1a-methyl-6,6a-dihydrooxireno[5,6]cyclopenta[1,2-a]pyridine-5-carboxylate	CC12C(O1)CC3=C2C=NC=C3C(=O)OC	0.5	23258399	COCONUT:(CNP0186365);Natural Products:(UNPD117910);PubChem:(23258399);SuperNatural:(SN00323361)	3178498
103	1	N/A	-451.9291857221105	C11H11NO3	[M - H2O + H]+	IJANTNORDNYWDA	InChI=1S/C11H11NO3/c1-14-9-4-2-3-7-5-8(11(12)13)6-15-10(7)9/h2-5H,6H2,1H3,(H2,12,13)	8-methoxy-2H-chromene-3-carboxamide	COC1=CC=CC2=C1OCC(=C2)C(=O)N	0.800000012	55158	PubChem:(55158);PubChem class - safety and toxic	67108866
104	1	N/A	-460.9609236782437	C11H11NO3	[M - H2O + H]+	KDJFNBQWHWZRHV	InChI=1S/C11H11NO3/c1-11(2)6-8(15-10(11)14)7-4-3-5-9(13)12-7/h3-6H,1-2H3,(H,12,13)	6-Dodfp	CC1(C=C(OC1=O)C2=CC=CC(=O)N2)C	1.10000002	192361	MeSH:(192361);PubChem:(192361);PubMed	70
105	1	N/A	-483.35398112368256	C11H11NO3	[M - H2O + H]+	JELRTMZOTUVHHE	InChI=1S/C11H11NO3/c13-11(14)10-8(3-1-5-12-10)7-9-4-2-6-15-9/h2,4,6-7H,1,3,5H2,(H,13,14)	null	C1CC(=CC2=CC=CO2)C(=NC1)C(=O)O	1.20000005	91375581;102322887	MeSH:(102322887);PubChem:(91375581 102322887);PubMed	70
106	1	N/A	-485.3331410769019	C11H11NO3	[M - H2O + H]+	PJDGYSDUUGRCMJ	InChI=1S/C11H11NO3/c1-6-9(13)7-4-12(2)5-8(7)10(14)11(6)15-3/h4-5H,1-3H3	2,7-dihydro-isoindole-4,7-dione	CC1=C(C(=O)C2=CN(C=C2C1=O)C)OC	0.699999988	371813	COCONUT:(CNP0107566);Natural Products:(UNPD194700);PubChem:(371813);SuperNatural:(SN00313120)	3178498
107	1	N/A	-508.293415352618	C11H11NO3	[M - H2O + H]+	WIUVXEAALLSOQN	InChI=1S/C11H11NO3/c1-12-3-2-7-4-9-10(15-6-14-9)5-8(7)11(12)13/h4-5H,2-3,6H2,1H3	Oxyhydrastinine	CN1CCC2=CC3=C(C=C2C1=O)OCO3	1.20000005	160522	COCONUT:(CNP0129502);KNApSAcK:(27458);Natural Products:(UNPD126238 UNPD40553);PubChem:(160522);SuperNatural:(SN00360845);additional;MeSH:(160522);PubMed	3702870
108	1	N/A	-629.401592698012	C11H11NO3	[M - H2O + H]+	REPOQDYGCLEMFC	InChI=1S/C11H11NO3/c1-13-10-8-5-12-3-2-7(8)4-9-11(10)15-6-14-9/h4-5H,2-3,6H2,1H3	Oprea1_264086	COC1=C2C=NCCC2=CC3=C1OCO3	1.10000002	697999	COCONUT:(CNP0177841);Natural Products:(UNPD124453);PubChem:(697999);SuperNatural:(SN00343985);ZINC bio:(ZINC00074841)	3186690