structureRankPerFormula	formulaRank	ConfidenceScore	CSI:FingerIDScore	molecularFormula	adduct	InChIkey2D	InChI	name	smiles	xlogp	pubchemids	links	dbflags
1	1	0.4944701463074897	-57.718225498103465	C14H21NO8	[M + H]+	MDLTWTOQCHCLSZ	InChI=1S/C14H21NO8/c1-6-10(18)8(3-16)7(2-15-6)5-22-14-13(21)12(20)11(19)9(4-17)23-14/h2,9,11-14,16-21H,3-5H2,1H3	5''-O-beta-D-Glucosylpyridoxine	CC1=NC=C(C(=C1O)CO)COC2C(C(C(C(O2)CO)O)O)O	-1.89999998	440188;3321053;10215250;54066642;53230091;68612371;94001692;91348906;101004462;102033119	COCONUT:(CNP0269955);Natural Products:(UNPD142933);PubChem:(440188 3321053 10215250 54066642 53230091 68612371 94001692 91348906 101004462 102033119);CHEBI:(17382);PubChem class - bio and metabolites;MeSH:(440188);KEGG:(C03996);PubMed;Biocyc:(CPD-455)	18909542
2	1	N/A	-112.31645733561461	C14H21NO8	[M + H]+	ZWEVNIGTHQCGQT	InChI=1S/C14H21NO8/c1-6-10(17)8(3-16)7(2-15-6)4-22-5-9-11(18)12(19)13(20)14(21)23-9/h2,9,11-14,16-21H,3-5H2,1H3	Pyridoxine-alpha-glucoside	CC1=NC=C(C(=C1O)CO)COCC2C(C(C(C(O2)O)O)O)O	-2.5	3034219	MeSH:(3034219);PubChem:(3034219);PubMed	70
3	1	N/A	-130.13409862470036	C14H21NO8	[M + H]+	LKMKQMFFJLLORN	InChI=1S/C14H21NO8/c1-7-11(19)9(3-16)8(2-15-7)5-22-14(6-18)13(21)12(20)10(4-17)23-14/h2,10,12-13,16-21H,3-6H2,1H3	5''-O-Fructofuranosylpyridoxine	CC1=NC=C(C(=C1O)CO)COC2(C(C(C(O2)CO)O)O)CO	-1.60000002	44149534	MeSH:(44149534);PubChem:(44149534);PubMed	70
4	1	N/A	-261.05024559134023	C14H21NO8	[M + H]+	XDRANPRXTFIDRB	InChI=1S/C14H21NO8/c1-15-4-6-2-7(17)3-8(10(6)18)22-14-13(21)12(20)11(19)9(5-16)23-14/h2-3,9,11-21H,4-5H2,1H3	2,5-dihydroxy-3-[(methylamino)methyl]phenyl beta-D-glucopyranoside	CNCC1=C(C(=CC(=C1)O)OC2C(C(C(C(O2)CO)O)O)O)O	-1.0	16216016	COCONUT:(CNP0208987);KNApSAcK:(32550);Natural Products:(UNPD105633);PubChem:(16216016);SuperNatural:(SN00348485);CHEBI:(66506);MeSH:(16216016);PubMed	3178614
5	1	N/A	-262.9948405013146	C14H21NO8	[M + H]+	OXBQHTTZDDRTNB	InChI=1S/C14H21NO8/c1-3-4-7-10(19)9(15-6(2)17)13(11(20)8(18)5-16)23-12(7)14(21)22/h3,8-11,13,16,18-20H,1,4-5H2,2H3,(H,15,17)(H,21,22)	5-Acetamido-2,6-anhydro-3,5-dideoxy-3-C-(prop-2''-enyl)-D-glycero-D-galacto-non-2-enonic acid	CC(=O)NC1C(C(=C(OC1C(C(CO)O)O)C(=O)O)CC=C)O	-1.89999998	46926584;137349959	PubChem:(46926584 137349959);PubMed;PubChem class - bio and metabolites	16777282
6	1	N/A	-353.98248163991644	C14H21NO8	[M + H]+	GGSFFXKXAVNAID	InChI=1S/C14H21NO8/c1-13(2)20-7-8(21-13)10-12(23-14(3,4)22-10)19-9(7)11(18)15-5-6(16)17/h7-10,12H,5H2,1-4H3,(H,15,18)(H,16,17)	2-[[(3aS,5R,5aR,8aR,8bR)-2,2,7,7-tetramethyl-5,5a,8a,8b-tetrahydro-3aH-di[1,3]dioxolo[5,4-a:5'',4''-d]pyran-5-carbonyl]amino]acetate	CC1(OC2C(O1)C(OC3C2OC(O3)(C)C)C(=O)NCC(=O)O)C	-0.400000006	1789270;1789271;1789273;1789274;3146275;11905766;11905767;11905768;11905769;11905770;11905771;11905772;11905773;16397252;25767478;124766537;124766538;124766539	COCONUT:(CNP0143464 CNP0161187);PubChem:(1789270 1789271 1789273 1789274 3146275 11905766 11905767 11905768 11905769 11905770 11905771 11905772 11905773 16397252 25767478 124766537 124766538 124766539);SuperNatural:(SN00060602 SN00060603);ZINC bio:(ZINC02134242 ZINC02134244)	3153922
1	1	N/A	-362.25482565465444	C14H23NO9	[M - H2O + H]+	SFLHILWYFJEXOJ	InChI=1S/C14H23NO9/c1-6-4-14(22,13(20)21)24-12(11(19)7(2)16)10(6)15-9(18)5-23-8(3)17/h6-7,10-12,16,19,22H,4-5H2,1-3H3,(H,15,18)(H,20,21)	null	CC1CC(OC(C1NC(=O)COC(=O)C)C(C(C)O)O)(C(=O)O)O	-1.49046409	""	COCONUT:(CNP0269036);Natural Products:(UNPD166546);SuperNatural:(SN00311451)	3178496