structureRankPerFormula	formulaRank	ConfidenceScore	CSI:FingerIDScore	molecularFormula	adduct	InChIkey2D	InChI	name	smiles	xlogp	pubchemids	links	dbflags
1	1	N/A	-182.2083914758127	C19H29NO11	[M - H2O + H]+	INVGOWRUVVHOKW	InChI=1S/C19H29NO11/c1-28-9-4-2-8(3-5-9)20-18-15(26)14(25)17(11(7-22)29-18)31-19-16(27)13(24)12(23)10(6-21)30-19/h2-5,10-27H,6-7H2,1H3	2-[4,5-dihydroxy-2-(hydroxymethyl)-6-(4-methoxyanilino)oxan-3-yl]oxy-6-(hydroxymethyl)oxane-3,4,5-triol	COC1=CC=C(C=C1)NC2C(C(C(C(O2)CO)OC3C(C(C(C(O3)CO)O)O)O)O)O	-2.4000001	3791579;16401915	COCONUT:(CNP0236423);PubChem:(3791579 16401915);SuperNatural:(SN00108465);ZINC bio:(ZINC70691919)	3153922
2	1	N/A	-269.31747658655024	C19H29NO11	[M - H2O + H]+	NPFOITLUHMWFMJ	InChI=1S/C19H29NO11/c1-6-7-8-26-19(25)20-18-17(30-13(5)24)16(29-12(4)23)15(28-11(3)22)14(31-18)9-27-10(2)21/h14-18H,6-9H2,1-5H3,(H,20,25)	[3,4,5-triacetyloxy-6-(butoxycarbonylamino)oxan-2-yl]methyl acetate	CCCCOC(=O)NC1C(C(C(C(O1)COC(=O)C)OC(=O)C)OC(=O)C)OC(=O)C	0.423339248	3583020;40805847;42582832;42582834;42582835;98441564;129449189;129449190;129449191;135017815;135017816	PubChem:(3583020 40805847 42582832 42582834 42582835 98441564 129449189 129449190 129449191 135017815 135017816);COCONUT:(CNP0252975)	2097154
3	1	N/A	-401.81392359318596	C19H29NO11	[M - H2O + H]+	HUWTZBOJJBRSIK	InChI=1S/C19H29NO11/c1-29-17-10(4-19(28,8-22)5-11(17)23)20-9(2-3-13(20)24)7-30-18-16(27)15(26)14(25)12(6-21)31-18/h9,12,14-16,18,21-22,25-28H,2-8H2,1H3	null	COC1=C(CC(CC1=O)(CO)O)N2C(CCC2=O)COC3C(C(C(C(O3)CO)O)O)O	-2.69487953	""	COCONUT:(CNP0118082);Natural Products:(UNPD166780);SuperNatural:(SN00297728)	3178496
1	1	0.11787446232686714	-166.4122023496213	C19H27NO10	[M + H]+	KACVHHBXBVTKMS	InChI=1S/C19H27NO10/c1-8(2)5-13(22)28-11-6-10(9(3-4-20)14(23)15(11)24)29-19-18(27)17(26)16(25)12(7-21)30-19/h3,5,10-12,14-19,21,23-27H,6-7H2,1-2H3	null	CC(=CC(=O)OC1CC(C(=CC#N)C(C1O)O)OC2C(C(C(C(O2)CO)O)O)O)C	-2.29999995	10071288;101664405	COCONUT:(CNP0329406);Natural Products:(UNPD93514);PubChem:(10071288 101664405)	2129922
2	1	N/A	-174.80532837407324	C19H27NO10	[M + H]+	WMIIQRWNZOEVQH	InChI=1S/C19H27NO10/c1-8(2)5-13(23)30-18-9(3-4-20)11(6-10(22)14(18)24)28-19-17(27)16(26)15(25)12(7-21)29-19/h3,5,10-12,14-19,21-22,24-27H,6-7H2,1-2H3	null	CC(=CC(=O)OC1C(C(CC(C1=CC#N)OC2C(C(C(C(O2)CO)O)O)O)O)O)C	-2.29999995	10342584;101664406	COCONUT:(CNP0323564);Natural Products:(UNPD85609);PubChem:(10342584 101664406)	2129922
3	1	N/A	-200.5154054147145	C19H27NO10	[M + H]+	FETVEFSIUIGFMX	InChI=1S/C19H27NO10/c1-8(2)5-13(23)30-18-10(22)6-11(9(3-4-20)14(18)24)28-19-17(27)16(26)15(25)12(7-21)29-19/h3,5,10-12,14-19,21-22,24-27H,6-7H2,1-2H3	null	CC(=CC(=O)OC1C(CC(C(=CC#N)C1O)OC2C(C(C(C(O2)CO)O)O)O)O)C	-2.29999995	10432770;101664404	COCONUT:(CNP0238577);Natural Products:(UNPD148116);PubChem:(10432770 101664404)	2129922