row ID,row m/z,row retention time,row ion mobility,row ion mobility unit,row CCS,correlation group ID,annotation network number,best ion,auto MS2 verify,identified by n=,partners,neutral M mass,202405241509_EB_dbgi_002744_01_01.mzML Peak height,
1,198.93997163613483,0.5039581,,,,,,,,,,,460066.62,
2,216.95052903515563,0.5039581,,,,,,,,,,,398230.34,
3,239.96643119838083,0.5039581,,,,,,,,,,,484556.7,
4,241.99944316509058,0.5039581,,,,,,,,,,,1370606.9,
5,265.0153599759864,0.5039581,,,,,,,,,,,453498.3,
6,189.15953456957487,0.5204143,,,,,,,,,,,422906.62,
7,236.90464733889056,0.5429265,,,,,,,,,,,538902.6,
8,320.86596840681625,0.5429265,,,,,,,,,,,1103702.2,
9,336.84341855359116,0.5429265,,,,,,,,,,,388078.3,
10,122.92463011632537,0.561543,,,,,,,,,,,1006575.44,
11,206.88576705646184,0.561543,,,,,,,,,,,1347416.2,
12,208.8837767970577,0.561543,,,,,,,,,,,280461.9,
13,290.8469595936537,0.561543,,,,,,,,,,,2247081.8,
14,292.8449584262683,0.561543,,,,,,,,,,,647115.8,
15,181.9613963080574,0.57314914,,,,,,,,,,,457539.84,
16,251.03048254596226,0.57314914,,,,,,,,,,,752632.3,
17,208.9723751793406,0.5781574,,,,,,,,,,,1176359.5,
18,213.07463418824068,0.5781574,,,,,,,,,,,1819001.2,
19,222.98788608911954,0.5781574,,,,,,,,,,,266838.94,
20,296.0656547893422,0.58960116,,,,,,,,,,,1298999.8,
21,465.04057622081694,0.58960116,,,,,,,,,,,332073.5,
22,145.1698412093245,0.6010198,,,,,,,,,,,345646.2,
23,171.01655185506357,0.6010198,,,,,,,,,,,547323.94,
24,219.02630343393744,0.6010198,,,,,,,,,,,1715601.1,
25,249.0364213483778,0.6010198,,,,,,,,,,,653939.3,
26,323.07352261276554,0.6010198,,,,,,,,,,,321268.78,
27,175.11886545145583,0.612251,,,,,,,,,,,1.6242126E7,
28,214.05866625697544,0.612251,,,,,,,,,,,433166.38,
29,293.0629524325378,0.612251,,,,,,,,,,,985518.1,
30,156.0766852308462,0.62358004,,,,,,,,,,,500750.88,
31,351.0683630121499,0.62358004,,,,,,,,,,,462496.2,
33,381.0790215336932,0.62358004,,,,,,,,,,,1.5830935E7,
35,543.1319912404273,0.62358004,,,,,,,,,,,340314.72,
37,130.0499429141487,0.63482165,,,,,,,,,,,1889517.0,
38,133.0607794917411,0.63482165,,,,,,,,,,,1580153.9,
39,147.07632741795481,0.63482165,,,,,,,,,,,1500571.4,
40,148.06032490044515,0.63482165,,,,,,,,,,,2642667.0,
41,176.10291715476234,0.63482165,,,,,,,,,,,685834.25,
42,258.1097009625975,0.63482165,,,,,,,,,,,1127169.1,
43,263.0160841454492,0.63482165,,,,,,,,,,,631318.8,
44,132.10191568741655,0.646232,,,,,,,,,,,573523.56,
45,174.08725909685475,0.646232,,,,,,,,,,,471240.72,
46,210.94033247523075,0.646232,,,,,,,,,,,456557.0,
47,337.0893435521097,0.646232,,,,,,,,,,,597693.5,
48,198.0970592957112,0.6576382,,,,,,,,,,,292149.44,
49,335.07358079380066,0.6576382,,,,,,,,,,,512595.25,
50,130.0863373230191,0.6690881,,,,,,,,,,,3610843.2,
51,127.0391160863054,0.68063176,,,,,,,,,,,311740.72,
52,325.11257090219596,0.68063176,,,,,,,,,,,428647.34,
53,360.1496490257697,0.68063176,,,,,,,,,,,2192195.2,
54,365.10500493164676,0.68063176,,,,,,,,,,,534450.6,
55,131.15427370296692,0.70562536,,,,,,,,,,,482921.06,
56,146.1650369437576,0.70562536,,,,,,,,,,,347708.44,
57,146.09240088895086,0.75017095,,,,,,,,,,,236072.2,
58,146.11751579630982,0.78050214,,,,,,,,,,,1930840.9,
59,132.13833523977834,0.78744376,,,,,,,,,,,1483742.9,
60,142.08630712737258,0.7976706,,,,,,,,,,,234752.7,
61,129.0184500469593,0.8213912,,,,,,,,,,,490565.84,
62,139.00264301299998,0.8213912,,,,,,,,,,,444427.75,
63,147.02884207298422,0.8213912,,,,,,,,,,,324911.2,
64,175.0237602969054,0.8213912,,,,,,,,,,,802425.3,
65,193.0343527980781,0.8213912,,,,,,,,,,,768197.9,
66,210.06083541559843,0.8213912,,,,,,,,,,,4124285.8,
67,215.01616481140462,0.8213912,,,,,,,,,,,1141662.9,
68,230.9901588903524,0.8213912,,,,,,,,,,,4506507.5,
69,268.94599391025065,0.8213912,,,,,,,,,,,400266.44,
70,437.9728599964412,0.8213912,,,,,,,,,,,300241.62,
71,158.11761868952078,0.8300516,,,,,,,,,,,390474.22,
72,332.13391410288335,0.85532224,,,,,,,,,,,219052.12,
73,130.05010264915614,0.8717367,,,,,,,,,,,437905.03,
74,277.06841448443964,0.8989345,,,,,,,,,,,228529.55,
75,146.16525320726944,0.90644485,,,,,,,,,,,236759.0,
76,182.08130748993477,0.917947,,,,,,,,,,,1018902.7,
77,132.10205963509773,1.1236893,,,,,,,,,,,649099.4,
78,241.15467041125086,1.1385432,,,,,,,,,,,212075.05,
79,213.0749304503135,1.3115735,,,,,,,,,,,272584.66,
80,296.06600867984304,1.3115735,,,,,,,,,,,603134.94,
81,291.08413290912114,1.3503815,,,,,,,,,,,325701.1,
82,151.07543084108286,1.3757771,,,,,,,,,,,581969.44,
83,387.1052981097347,1.3757771,,,,,,,,,,,1649968.5,
84,364.1601788216048,1.4102186,,,,,,,,,,,276246.84,
85,303.08412714034773,1.4295893,,,,,,,,,,,391338.06,
86,341.0642246038804,1.4295893,,,,,,,,,,,261742.06,
87,403.1002203290504,1.4384685,,,,,,,,,,,404128.97,
88,382.17077360725045,1.4495975,,,,,,,,,,,442963.72,
89,293.10195622649303,1.4606391,,,,,,,,,,,808564.9,
90,329.12318155216104,1.4606391,,,,,,,,,,,1757265.0,
91,347.13377391336104,1.4606391,,,,,,,,,,,402355.84,
94,388.0907121468751,1.4606391,,,,,,,,,,,382788.2,
95,415.1083602118833,1.4606391,,,,,,,,,,,484892.28,
96,531.182077036658,1.4606391,,,,,,,,,,,319998.56,
97,121.06510661307591,1.471364,,,,,,,,,,,2724418.0,
98,131.04933492753804,1.471364,,,,,,,,,,,1764023.6,
100,167.0703664631176,1.471364,,,,,,,,,,,2639130.8,
101,311.11259914650736,1.471364,,,,,,,,,,,2978841.0,
102,346.1500325627813,1.471364,,,,,,,,,,,520552.22,
103,364.16043149975116,1.471364,,,,,,,,,,,1.780599E7,
104,369.11584865875,1.471364,,,,,,,,,,,2746689.2,
105,385.0897235854896,1.471364,,,,,,,,,,,3.0815844E7,
107,147.04417964399332,1.4825306,,,,,,,,,,,429114.34,
108,392.19150133942014,1.4825306,,,,,,,,,,,543468.44,
109,133.06090089775788,1.4953139,,,,,,,,,,,376660.53,
110,175.1190696682103,1.4953139,,,,,,,,,,,3069319.2,
111,130.05010556464964,1.501918,,,,,,,,,,,321750.44,
112,148.06051806651038,1.5123054,,,,,,,,,,,430718.06,
113,381.0795234806268,1.5123054,,,,,,,,,,,1618305.6,
114,231.02672682898918,1.5232323,,,,,,,,,,,539560.56,
115,268.98246596853784,1.5232323,,,,,,,,,,,716833.8,
116,258.1100847194946,1.5303074,,,,,,,,,,,345919.47,
117,360.1501562643297,1.5303074,,,,,,,,,,,915259.75,
118,305.0999168676814,1.548476,,,,,,,,,,,209857.34,
119,120.08109794278137,1.5740676,,,,,,,,,,,526387.8,
120,130.08648902437383,1.5740676,,,,,,,,,,,358948.75,
121,166.08642138563425,1.5740676,,,,,,,,,,,3840391.2,
122,362.1084924763961,1.595184,,,,,,,,,,,728589.06,
123,383.03775669543717,1.595184,,,,,,,,,,,373371.7,
124,401.0847831566932,1.6248965,,,,,,,,,,,227999.95,
125,385.0900123841049,1.6373276,,,,,,,,,,,2782177.0,
126,392.1919022708691,1.6373276,,,,,,,,,,,244906.9,
127,334.1499503817157,1.6579691,,,,,,,,,,,241368.66,
128,355.07987008530637,1.6579691,,,,,,,,,,,414106.12,
129,171.06545230846163,1.7211165,,,,,,,,,,,532022.1,
130,350.1452630793229,1.7211165,,,,,,,,,,,529861.7,
131,355.10055112829156,1.7211165,,,,,,,,,,,304910.72,
132,371.0745652690421,1.7211165,,,,,,,,,,,1928266.6,
133,121.06523477374223,1.7256665,,,,,,,,,,,247550.08,
135,167.07054991603698,1.7256665,,,,,,,,,,,339185.03,
136,311.11278503373524,1.7256665,,,,,,,,,,,368530.34,
137,364.1606302099575,1.7256665,,,,,,,,,,,2225477.2,
138,378.1764502095283,1.7256665,,,,,,,,,,,464099.1,
139,399.10582322695615,1.7256665,,,,,,,,,,,268838.56,
140,220.11813862241016,1.734775,,,,,,,,,,,579616.7,
141,369.11614125691443,1.734775,,,,,,,,,,,630446.94,
142,121.06482418719335,1.772112,,,,,,,,,,,2288536.5,
144,159.04377090690605,1.772112,,,,,,,,,,,291085.34,
145,167.06999917300917,1.772112,,,,,,,,,,,3305464.2,
146,177.05429927719334,1.772112,,,,,,,,,,,8779568.0,
147,195.0648892343201,1.772112,,,,,,,,,,,1.5201008E7,
148,213.07529502444885,1.772112,,,,,,,,,,,4592025.5,
149,218.08068553619518,1.772112,,,,,,,,,,,255311.08,
150,339.10665625943255,1.772112,,,,,,,,,,,346916.03,
151,357.11729156011717,1.772112,,,,,,,,,,,677028.56,
152,375.12779558526563,1.772112,,,,,,,,,,,3206026.8,
153,382.17013279965147,1.772112,,,,,,,,,,,962153.56,
154,392.1543899593266,1.772112,,,,,,,,,,,1.645278E7,
155,397.10971747706765,1.772112,,,,,,,,,,,3167241.5,
156,403.09929739967197,1.772112,,,,,,,,,,,546359.4,
157,413.0835461277266,1.772112,,,,,,,,,,,7088133.0,
160,318.15400903934045,1.7981431,,,,,,,,,,,447972.56,
161,339.08347982667453,1.7981431,,,,,,,,,,,250563.92,
163,123.08062397448064,1.8293866,,,,,,,,,,,476935.62,
164,133.0649015628241,1.8293866,,,,,,,,,,,500892.4,
165,151.07533801642595,1.8293866,,,,,,,,,,,1889108.2,
166,169.0858594975949,1.8293866,,,,,,,,,,,745082.4,
167,366.17585639049014,1.8293866,,,,,,,,,,,5304259.5,
168,371.13107769120927,1.8293866,,,,,,,,,,,920345.9,
169,167.07030522674432,1.8415763,,,,,,,,,,,529689.44,
170,364.1602139409949,1.8415763,,,,,,,,,,,1181918.8,
171,369.1152190121701,1.8415763,,,,,,,,,,,318586.12,
172,385.08909251985926,1.8415763,,,,,,,,,,,907470.94,
173,229.10706056353797,1.8760155,,,,,,,,,,,298226.62,
174,408.18643964741983,1.8760155,,,,,,,,,,,1788387.2,
175,413.14162986693185,1.8760155,,,,,,,,,,,641960.2,
176,429.1158408479679,1.8760155,,,,,,,,,,,2232194.2,
177,436.21764967993175,1.8760155,,,,,,,,,,,421781.5,
178,366.17633391686127,1.8909093,,,,,,,,,,,375249.94,
179,375.1281192794428,1.8909093,,,,,,,,,,,238038.72,
180,394.1709443633195,1.9655128,,,,,,,,,,,474093.1,
181,221.08095580441875,1.9775378,,,,,,,,,,,404730.94,
182,418.1709595483489,1.9775378,,,,,,,,,,,1083833.5,
183,439.100271132656,1.9775378,,,,,,,,,,,289580.16,
184,298.0968121616958,1.9941459,,,,,,,,,,,1104308.8,
185,480.207519432117,1.9986959,,,,,,,,,,,1041706.6,
186,485.16275551480027,1.9986959,,,,,,,,,,,230075.14,
187,501.136967725072,1.9986959,,,,,,,,,,,357176.72,
188,188.07065523990104,2.0191083,,,,,,,,,,,1906164.8,
189,205.09722488220024,2.0191083,,,,,,,,,,,2986084.2,
190,227.09124752691096,2.0657537,,,,,,,,,,,448156.28,
191,427.0997652749149,2.0657537,,,,,,,,,,,236669.94,
192,318.15466811096496,2.084035,,,,,,,,,,,1995122.6,
193,323.1098634524944,2.084035,,,,,,,,,,,388379.16,
194,339.0840325022845,2.084035,,,,,,,,,,,942139.8,
195,199.06008084936795,2.0989077,,,,,,,,,,,334378.34,
196,399.0687150061979,2.0989077,,,,,,,,,,,242426.3,
197,471.1262970433112,2.1656282,,,,,,,,,,,347789.47,
198,131.0492228782493,2.1787302,,,,,,,,,,,208462.95,
199,360.1657753857421,2.1787302,,,,,,,,,,,815044.9,
200,365.1213047309282,2.1787302,,,,,,,,,,,382751.06,
201,381.0951281212654,2.1787302,,,,,,,,,,,379597.72,
202,296.17026264410873,2.1957133,,,,,,,,,,,417770.28,
203,301.12567331528106,2.1957133,,,,,,,,,,,638715.8,
204,317.0996078859218,2.1957133,,,,,,,,,,,714923.2,
205,324.2014242230302,2.1957133,,,,,,,,,,,680768.56,
206,346.14960144116884,2.1957133,,,,,,,,,,,407600.12,
207,450.19705774868817,2.2151258,,,,,,,,,,,740163.7,
208,455.15251366647885,2.2151258,,,,,,,,,,,227668.4,
209,420.1501867912377,2.2374692,,,,,,,,,,,637986.44,
210,454.24357441388867,2.277271,,,,,,,,,,,1191484.4,
211,194.10245345413753,2.2966669,,,,,,,,,,,240863.22,
212,199.0577303879994,2.2966669,,,,,,,,,,,671178.94,
213,406.05562026864175,2.2966669,,,,,,,,,,,245021.69,
214,360.12923151552116,2.313198,,,,,,,,,,,497632.2,
215,193.08612219685298,2.3224437,,,,,,,,,,,258233.28,
216,390.1765680179118,2.3224437,,,,,,,,,,,325389.88,
217,395.1314643022171,2.3224437,,,,,,,,,,,402893.56,
218,411.10515849379226,2.3224437,,,,,,,,,,,268457.66,
219,418.2073121776166,2.3224437,,,,,,,,,,,269072.94,
220,373.18364400250033,2.3406582,,,,,,,,,,,286031.97,
221,344.13422340819795,2.3648312,,,,,,,,,,,3843098.8,
222,349.08950559077664,2.3648312,,,,,,,,,,,540072.0,
223,365.06361871308525,2.3648312,,,,,,,,,,,459151.66,
224,372.1654763080419,2.3648312,,,,,,,,,,,284349.66,
225,439.1576888325575,2.3768435,,,,,,,,,,,250799.9,
226,325.1496905142578,2.3947308,,,,,,,,,,,261596.64,
227,342.17632507154303,2.3947308,,,,,,,,,,,1546721.5,
228,347.1316081904709,2.3947308,,,,,,,,,,,473493.8,
229,392.1919399575062,2.4102037,,,,,,,,,,,274071.62,
230,397.14731617731445,2.4102037,,,,,,,,,,,375106.94,
231,420.22316022040417,2.4102037,,,,,,,,,,,258980.36,
232,175.14834084742972,2.4177265,,,,,,,,,,,328899.3,
233,227.09144340329902,2.4222848,,,,,,,,,,,200020.14,
234,418.17112971425206,2.4583616,,,,,,,,,,,420401.66,
235,221.0809343502988,2.4629116,,,,,,,,,,,235776.47,
236,504.1716065732636,2.4629116,,,,,,,,,,,312062.38,
237,398.20226865549245,2.516807,,,,,,,,,,,329916.12,
238,177.05482252608127,2.52713,,,,,,,,,,,292036.84,
239,195.06543309812224,2.52713,,,,,,,,,,,440474.8,
240,374.1450736280834,2.52713,,,,,,,,,,,725454.3,
241,434.16623066879947,2.52713,,,,,,,,,,,802777.0,
242,439.1215827294994,2.52713,,,,,,,,,,,630150.44,
243,219.10193412726775,2.5452318,,,,,,,,,,,197443.78,
244,420.18738948749046,2.5452318,,,,,,,,,,,1.6252735E7,
246,425.14235024252184,2.5452318,,,,,,,,,,,2992704.5,
247,441.1161147540352,2.5452318,,,,,,,,,,,848651.1,
248,448.21824925821306,2.5452318,,,,,,,,,,,1131406.8,
251,225.07597099338201,2.5587215,,,,,,,,,,,385272.06,
252,167.07036828289316,2.5711753,,,,,,,,,,,1896849.2,
253,329.12323447184554,2.5711753,,,,,,,,,,,795008.75,
254,424.181512204427,2.5711753,,,,,,,,,,,2725233.2,
255,429.136935602269,2.5711753,,,,,,,,,,,1970312.9,
256,445.1108684588261,2.5711753,,,,,,,,,,,320618.22,
257,452.21275981431836,2.5711753,,,,,,,,,,,893887.94,
259,404.1560758483249,2.5953338,,,,,,,,,,,568387.06,
260,338.1814693692279,2.6008399,,,,,,,,,,,606124.56,
261,461.1997381140212,2.6008399,,,,,,,,,,,355909.16,
263,441.1162166781655,2.607821,,,,,,,,,,,492078.06,
264,448.21822525407407,2.607821,,,,,,,,,,,739537.2,
265,556.2393505853648,2.623921,,,,,,,,,,,410151.34,
266,561.1948604311574,2.623921,,,,,,,,,,,278397.5,
267,344.1705430545342,2.6330833,,,,,,,,,,,229119.19,
268,380.19171571266304,2.6330833,,,,,,,,,,,322830.0,
269,385.14708110392047,2.6330833,,,,,,,,,,,563849.1,
270,376.1966882118808,2.6450813,,,,,,,,,,,252832.55,
271,283.0812349792875,2.6496353,,,,,,,,,,,360001.7,
272,360.1659067088235,2.6604497,,,,,,,,,,,217012.4,
273,404.1552462907765,2.6604497,,,,,,,,,,,376165.38,
274,409.1106125522828,2.6604497,,,,,,,,,,,249598.44,
275,461.19944350661086,2.6762688,,,,,,,,,,,289239.38,
276,434.27509784530014,2.6838162,,,,,,,,,,,444710.66,
278,227.16422611612464,2.6883686,,,,,,,,,,,278479.7,
279,406.24378447414495,2.6883686,,,,,,,,,,,490961.2,
280,411.19912896160884,2.6883686,,,,,,,,,,,634384.25,
282,413.1413164613369,2.7163806,,,,,,,,,,,4158852.8,
283,429.11512705909513,2.7163806,,,,,,,,,,,555342.8,
284,436.21724208388923,2.7163806,,,,,,,,,,,1662472.2,
285,151.03902316507276,2.740343,,,,,,,,,,,270551.9,
286,163.03882657687177,2.740343,,,,,,,,,,,2026004.0,
287,169.04938672513305,2.740343,,,,,,,,,,,381048.84,
288,181.04935187343494,2.740343,,,,,,,,,,,541797.5,
289,313.0914676230922,2.740343,,,,,,,,,,,836118.0,
290,325.0914576389247,2.740343,,,,,,,,,,,820718.4,
291,400.21750859139576,2.740343,,,,,,,,,,,1197175.5,
292,700.2809843682496,2.752772,,,,,,,,,,,269451.44,
293,137.05991776702584,2.7816596,,,,,,,,,,,740911.9,
294,195.10185419434316,2.7816596,,,,,,,,,,,242300.22,
295,374.18175496036537,2.7816596,,,,,,,,,,,1.3191268E7,
297,379.13660513843877,2.7816596,,,,,,,,,,,3993668.8,
298,395.1106496682269,2.7816596,,,,,,,,,,,606931.5,
299,402.212446054022,2.7816596,,,,,,,,,,,2605162.8,
300,400.21776237973694,2.811824,,,,,,,,,,,2603524.5,
303,405.1730059100379,2.816376,,,,,,,,,,,597486.0,
304,126.09152410790388,2.8520925,,,,,,,,,,,451479.72,
305,625.1398118399202,2.861188,,,,,,,,,,,1334212.1,
306,147.04407767261014,2.8656213,,,,,,,,,,,2899116.0,
308,150.06295861351785,2.8656213,,,,,,,,,,,199853.88,
309,309.0966843578489,2.8656213,,,,,,,,,,,1603903.8,
310,327.1073294233961,2.8656213,,,,,,,,,,,271588.38,
311,457.14929057607253,2.8656213,,,,,,,,,,,298497.56,
312,672.2497825162617,2.8656213,,,,,,,,,,,1299535.4,
313,677.2048840009267,2.8656213,,,,,,,,,,,628605.75,
314,434.20253008160176,2.899271,,,,,,,,,,,628384.7,
315,439.15793908541787,2.899271,,,,,,,,,,,348575.2,
316,461.1996411254995,2.899271,,,,,,,,,,,267053.6,
317,660.3074879233305,2.9141462,,,,,,,,,,,332554.7,
318,665.2628455469787,2.9141462,,,,,,,,,,,244708.34,
320,533.2206479701738,2.931796,,,,,,,,,,,363969.66,
322,177.05467335009615,2.9599104,,,,,,,,,,,1198896.9,
323,195.0652861394113,2.9599104,,,,,,,,,,,284174.7,
324,339.10759362664385,2.9599104,,,,,,,,,,,403968.56,
327,393.1755049435337,2.9644604,,,,,,,,,,,430011.3,
328,410.2022424489695,2.9644604,,,,,,,,,,,309050.88,
329,412.2178258477972,2.9644604,,,,,,,,,,,1028565.8,
330,415.15766163114824,2.9644604,,,,,,,,,,,580723.06,
331,434.2021316193694,2.9644604,,,,,,,,,,,2299192.8,
332,439.1574366685305,2.9644604,,,,,,,,,,,746826.4,
333,163.03895937535188,2.9769728,,,,,,,,,,,624099.3,
334,181.04949047347807,2.9769728,,,,,,,,,,,164397.22,
335,325.0916670647868,2.9769728,,,,,,,,,,,293672.8,
336,492.24364939300796,2.9769728,,,,,,,,,,,283635.97,
337,151.0753692247552,2.9894226,,,,,,,,,,,387302.03,
338,147.04407150077466,3.000206,,,,,,,,,,,500991.94,
339,309.09673456071795,3.000206,,,,,,,,,,,238178.69,
340,313.0916857139636,3.000206,,,,,,,,,,,324873.97,
341,581.150108482389,3.000206,,,,,,,,,,,1303620.2,
342,219.10155035660304,3.0111392,,,,,,,,,,,321699.9,
343,540.2440395611392,3.0111392,,,,,,,,,,,486865.56,
344,457.2407741292407,3.0248995,,,,,,,,,,,525600.5,
345,181.12231614154595,3.0415287,,,,,,,,,,,585689.3,
346,404.15546762121613,3.0415287,,,,,,,,,,,419439.72,
347,412.2178906696497,3.053545,,,,,,,,,,,1810391.2,
348,417.1731674829006,3.053545,,,,,,,,,,,602904.5,
349,595.1657451521688,3.0717473,,,,,,,,,,,370192.44,
350,364.19662146570977,3.0809305,,,,,,,,,,,552037.44,
351,369.1520610645596,3.0809305,,,,,,,,,,,567934.06,
352,541.1914713070984,3.0963614,,,,,,,,,,,298415.62,
353,563.1738215939225,3.0963614,,,,,,,,,,,637423.5,
354,195.06526053377638,3.1122012,,,,,,,,,,,1441804.0,
355,177.05470392431633,3.1213489,,,,,,,,,,,6006862.0,
356,207.06520840341625,3.1213489,,,,,,,,,,,524742.1,
357,339.10749407268105,3.1213489,,,,,,,,,,,1740072.0,
359,505.17031873904114,3.1213489,,,,,,,,,,,319590.03,
360,545.1630707173312,3.1213489,,,,,,,,,,,1030855.75,
361,487.2149298946454,3.1349988,,,,,,,,,,,350902.3,
363,449.1082625796955,3.155709,,,,,,,,,,,1959265.0,
364,463.0874199229638,3.155709,,,,,,,,,,,4639873.5,
365,788.297521709192,3.155709,,,,,,,,,,,4199032.5,
366,135.04422287939272,3.1783733,,,,,,,,,,,316211.66,
367,163.03907370466106,3.1783733,,,,,,,,,,,1.6755426E7,
368,181.04958979156982,3.1783733,,,,,,,,,,,2520044.2,
369,188.09181939341758,3.1783733,,,,,,,,,,,258937.84,
370,309.09697799179884,3.1783733,,,,,,,,,,,1816829.8,
371,325.09193888356776,3.1783733,,,,,,,,,,,1.8743134E7,
372,435.12888941186793,3.1783733,,,,,,,,,,,455357.53,
373,471.1500731274323,3.1783733,,,,,,,,,,,3611362.8,
374,479.1550296147293,3.1783733,,,,,,,,,,,1356062.5,
375,488.1764880671363,3.1783733,,,,,,,,,,,252675.3,
376,625.2132631024829,3.1783733,,,,,,,,,,,1162565.8,
377,640.2239094787815,3.1783733,,,,,,,,,,,3629533.8,
378,642.2395127301519,3.1783733,,,,,,,,,,,1.7629612E7,
379,638.2084102229873,3.1867256,,,,,,,,,,,523437.56,
380,460.18146450600113,3.2084274,,,,,,,,,,,1514400.6,
381,647.1943532224925,3.2084274,,,,,,,,,,,441866.25,
382,197.1172262498314,3.2154734,,,,,,,,,,,208434.86,
383,465.13678976339594,3.2154734,,,,,,,,,,,887378.7,
384,147.04400900427905,3.2225585,,,,,,,,,,,273300.38,
385,175.14813552014013,3.2316377,,,,,,,,,,,302767.75,
386,219.1743106865333,3.2425084,,,,,,,,,,,250020.89,
387,369.1518190672589,3.2425084,,,,,,,,,,,186771.98,
388,399.1413917172003,3.2425084,,,,,,,,,,,260737.11,
389,543.2412070861633,3.2425084,,,,,,,,,,,213491.5,
390,595.1654919484641,3.2425084,,,,,,,,,,,350149.88,
391,177.05460233746783,3.256223,,,,,,,,,,,360110.53,
392,411.19907640399856,3.256223,,,,,,,,,,,228685.84,
393,249.11224252450793,3.2998538,,,,,,,,,,,367143.62,
394,600.2653799179509,3.2998538,,,,,,,,,,,388140.4,
395,163.0390009359191,3.3209622,,,,,,,,,,,1897799.9,
396,181.04954486612925,3.3209622,,,,,,,,,,,513015.72,
397,325.09172663548645,3.3209622,,,,,,,,,,,791825.8,
398,471.14982141992243,3.3209622,,,,,,,,,,,444065.53,
400,625.2130847102587,3.3209622,,,,,,,,,,,416841.62,
401,456.24441650476933,3.3334577,,,,,,,,,,,493157.06,
402,461.1995567881762,3.3334577,,,,,,,,,,,964624.9,
403,579.1711477882774,3.3334577,,,,,,,,,,,541166.1,
404,788.2971933992849,3.3334577,,,,,,,,,,,989032.44,
405,219.10156027562766,3.342689,,,,,,,,,,,270320.53,
406,151.07539913259694,3.3567972,,,,,,,,,,,274698.5,
407,177.054623407442,3.3567972,,,,,,,,,,,880575.56,
408,339.10740674227293,3.3567972,,,,,,,,,,,302139.3,
409,547.1787548784497,3.3567972,,,,,,,,,,,269733.44,
410,640.2234956157384,3.3567972,,,,,,,,,,,351104.78,
411,642.2393037753742,3.3567972,,,,,,,,,,,4689111.5,
412,647.1944146926912,3.3567972,,,,,,,,,,,464885.78,
413,498.25475094681195,3.3735075,,,,,,,,,,,253673.72,
414,568.2389506100877,3.381076,,,,,,,,,,,343742.28,
415,684.2493814102565,3.3856244,,,,,,,,,,,271755.97,
416,728.2390318181695,3.3856244,,,,,,,,,,,358520.12,
417,595.165602541428,3.3966825,,,,,,,,,,,286570.28,
418,339.1072620555849,3.4012325,,,,,,,,,,,540444.1,
419,371.2062159001167,3.4012325,,,,,,,,,,,465906.8,
420,802.3121840324097,3.4012325,,,,,,,,,,,2172549.0,
421,147.04414967733948,3.424426,,,,,,,,,,,346375.78,
422,179.1067529748719,3.424426,,,,,,,,,,,268984.72,
423,197.1174262375973,3.424426,,,,,,,,,,,1.003275E7,
424,309.09689700958273,3.424426,,,,,,,,,,,425740.84,
425,626.2444160468395,3.424426,,,,,,,,,,,1115171.2,
427,242.17514846252317,3.4288867,,,,,,,,,,,1162709.5,
428,568.2376263981627,3.44993,,,,,,,,,,,304812.6,
429,177.05474973285283,3.4574673,,,,,,,,,,,262495.38,
430,598.2497562637963,3.4574673,,,,,,,,,,,749164.44,
431,603.2051214613746,3.4574673,,,,,,,,,,,278194.22,
432,191.14301933386167,3.4774778,,,,,,,,,,,278589.75,
433,447.0922338781654,3.4774778,,,,,,,,,,,1571823.2,
434,457.2408020849776,3.4774778,,,,,,,,,,,340531.88,
435,609.1813456178519,3.4774778,,,,,,,,,,,2261696.2,
436,329.15686462948116,3.48203,,,,,,,,,,,768062.56,
437,352.2327166724824,3.48203,,,,,,,,,,,232944.05,
438,538.2281208135053,3.48203,,,,,,,,,,,381112.34,
439,145.12224688723657,3.4894903,,,,,,,,,,,244357.5,
440,324.2014767128325,3.4894903,,,,,,,,,,,513988.03,
441,802.3122465674313,3.4894903,,,,,,,,,,,793086.9,
442,177.05467116293147,3.5002568,,,,,,,,,,,1988935.5,
443,195.0653011044599,3.5002568,,,,,,,,,,,310872.97,
444,323.11256139052637,3.5002568,,,,,,,,,,,248938.3,
445,339.10753920657777,3.5002568,,,,,,,,,,,2090941.9,
446,485.1656664399825,3.5002568,,,,,,,,,,,603301.56,
447,661.2102694429743,3.5002568,,,,,,,,,,,393582.34,
448,639.2287315027178,3.512746,,,,,,,,,,,266467.88,
449,654.2392509181977,3.512746,,,,,,,,,,,313216.3,
450,656.2549179053801,3.512746,,,,,,,,,,,1986231.5,
451,175.14827134189042,3.525715,,,,,,,,,,,1367462.4,
452,179.07031752919838,3.525715,,,,,,,,,,,265164.62,
453,249.1121898373084,3.5382316,,,,,,,,,,,485421.84,
454,686.2654506291418,3.5382316,,,,,,,,,,,1206180.9,
455,691.2209017274004,3.5382316,,,,,,,,,,,283751.28,
456,193.15888529785988,3.5439732,,,,,,,,,,,840804.25,
457,209.08097034012832,3.5439732,,,,,,,,,,,1297791.5,
458,476.24943472299253,3.5439732,,,,,,,,,,,2495578.0,
459,481.2044118679892,3.5439732,,,,,,,,,,,562470.2,
460,219.10162112999603,3.5858002,,,,,,,,,,,684154.44,
461,602.3021326390163,3.59035,,,,,,,,,,,311758.22,
462,463.12368763133867,3.6041205,,,,,,,,,,,773185.9,
463,377.1807546442618,3.6086707,,,,,,,,,,,243385.44,
464,395.1911628990959,3.6086707,,,,,,,,,,,217924.64,
465,417.1736744250843,3.6086707,,,,,,,,,,,481435.47,
466,477.10312185684035,3.6086707,,,,,,,,,,,1163327.9,
467,661.2102146287834,3.6195204,,,,,,,,,,,246420.08,
468,512.2129255430051,3.6344411,,,,,,,,,,,223519.56,
469,517.16827500745,3.6344411,,,,,,,,,,,343800.9,
472,654.2396092772772,3.6569161,,,,,,,,,,,1601802.6,
473,659.1948552998656,3.6569161,,,,,,,,,,,305525.38,
474,309.097044400488,3.6644287,,,,,,,,,,,249913.48,
475,327.1076781898055,3.6689787,,,,,,,,,,,1009577.9,
477,325.14349455097846,3.6885805,,,,,,,,,,,234614.81,
478,589.1917721365052,3.6885805,,,,,,,,,,,381350.56,
479,624.2290646936672,3.6885805,,,,,,,,,,,2196261.5,
480,629.1841517453242,3.6885805,,,,,,,,,,,374243.28,
481,457.20717299827675,3.7022722,,,,,,,,,,,2204936.0,
482,479.1889765655307,3.7022722,,,,,,,,,,,441042.88,
483,297.09687571226516,3.7296052,,,,,,,,,,,1073374.2,
484,309.096792291528,3.7296052,,,,,,,,,,,438528.16,
485,470.2597158188755,3.7296052,,,,,,,,,,,553950.2,
486,177.05464974759084,3.7341592,,,,,,,,,,,542343.1,
487,339.10718831365915,3.7341592,,,,,,,,,,,552647.0,
488,816.3283414374814,3.7341592,,,,,,,,,,,2547219.2,
489,821.2833047959773,3.7341592,,,,,,,,,,,340974.62,
490,191.14307787380395,3.760453,,,,,,,,,,,214316.6,
491,439.196836855737,3.760453,,,,,,,,,,,295463.16,
492,479.18917083779553,3.760453,,,,,,,,,,,588374.56,
493,502.2650907966294,3.760453,,,,,,,,,,,189880.23,
494,221.1900693770828,3.7880006,,,,,,,,,,,260078.0,
495,441.2462049550696,3.7880006,,,,,,,,,,,812707.6,
496,816.3288363093801,3.7982924,,,,,,,,,,,1158336.9,
499,253.14111930032624,3.8116734,,,,,,,,,,,432178.28,
500,457.20715371486125,3.8162234,,,,,,,,,,,2436908.2,
501,479.1889751114472,3.8162234,,,,,,,,,,,412201.3,
503,410.2019060032215,3.874248,,,,,,,,,,,257285.73,
505,474.23344467305634,3.8982334,,,,,,,,,,,441374.84,
506,675.2247630610004,3.9102478,,,,,,,,,,,422021.5,
507,177.05439089889015,3.921681,,,,,,,,,,,2487081.8,
508,195.06498036345212,3.921681,,,,,,,,,,,364572.12,
509,323.1119565324917,3.921681,,,,,,,,,,,358379.94,
510,339.10700162437377,3.921681,,,,,,,,,,,2610668.0,
511,353.12262561671827,3.921681,,,,,,,,,,,299859.72,
512,485.1646183867328,3.921681,,,,,,,,,,,991544.0,
513,507.1854807444633,3.921681,,,,,,,,,,,302329.12,
514,653.2430360178885,3.921681,,,,,,,,,,,332300.25,
515,670.2695196039322,3.921681,,,,,,,,,,,2531671.2,
517,440.2486324222467,3.9355204,,,,,,,,,,,2.7602546E7,
519,445.20343382472447,3.9355204,,,,,,,,,,,3380829.2,
520,468.27952616461766,3.9355204,,,,,,,,,,,449037.22,
522,181.12203491781295,3.9516163,,,,,,,,,,,216328.73,
523,453.2088276080051,3.9516163,,,,,,,,,,,493611.75,
524,305.10171343548126,3.9739556,,,,,,,,,,,321358.78,
525,323.11222535697374,3.9739556,,,,,,,,,,,2206910.5,
526,527.2461124600151,3.9933598,,,,,,,,,,,1199089.1,
527,203.17936582009642,4.0030594,,,,,,,,,,,428065.8,
528,221.18984750030762,4.0030594,,,,,,,,,,,1470321.5,
529,239.2003890086452,4.0030594,,,,,,,,,,,309344.47,
530,522.2907562791277,4.0030594,,,,,,,,,,,2220080.8,
531,670.2697709292581,4.0030594,,,,,,,,,,,1189116.8,
532,675.2251980769505,4.0030594,,,,,,,,,,,315039.16,
533,295.1020370254306,4.016478,,,,,,,,,,,472408.94,
534,423.22195314058115,4.016478,,,,,,,,,,,229802.56,
535,440.2488542338538,4.016478,,,,,,,,,,,3.7085556E7,
537,445.2036074948988,4.016478,,,,,,,,,,,6244411.5,
538,461.1772440043927,4.016478,,,,,,,,,,,301467.0,
539,468.27964645578373,4.016478,,,,,,,,,,,309824.6,
541,439.2302186895182,4.041755,,,,,,,,,,,291634.53,
542,287.0553373963322,4.0729656,,,,,,,,,,,1.6812586E7,
543,465.1374723006256,4.0908194,,,,,,,,,,,1374323.5,
544,460.1818164720376,4.096776,,,,,,,,,,,1905874.5,
545,593.1867726777164,4.1013255,,,,,,,,,,,232825.67,
546,442.2650789040068,4.1163507,,,,,,,,,,,600242.2,
547,447.22033986991954,4.1163507,,,,,,,,,,,206610.31,
548,455.22551296212896,4.1163507,,,,,,,,,,,261131.78,
550,435.1257931268966,4.14324,,,,,,,,,,,1859067.4,
551,458.20160870397115,4.14324,,,,,,,,,,,324376.16,
552,430.1707921419736,4.1477876,,,,,,,,,,,7205408.0,
553,241.20362840072534,4.164386,,,,,,,,,,,254543.8,
554,179.14309889015527,4.174694,,,,,,,,,,,293465.8,
555,399.1990780780689,4.174694,,,,,,,,,,,328763.47,
556,712.2813095443288,4.1856213,,,,,,,,,,,675627.44,
557,717.236615817527,4.1856213,,,,,,,,,,,459014.4,
558,442.2651680847953,4.1948833,,,,,,,,,,,1685702.4,
559,610.249413331325,4.1948833,,,,,,,,,,,236704.48,
560,342.2640061795339,4.1994333,,,,,,,,,,,471574.34,
561,447.2204049438481,4.1994333,,,,,,,,,,,375265.53,
562,191.14308631878103,4.3002887,,,,,,,,,,,427401.94,
564,258.1126517786398,4.327747,,,,,,,,,,,801493.7,
565,712.2811570438793,4.327747,,,,,,,,,,,338460.44,
566,717.2365849373491,4.327747,,,,,,,,,,,245372.72,
567,257.1284916597372,4.3353367,,,,,,,,,,,1285487.2,
568,483.25638525358033,4.419399,,,,,,,,,,,227248.1,
569,465.1181678406607,4.4315295,,,,,,,,,,,300410.6,
572,504.2805472984975,4.461725,,,,,,,,,,,293261.6,
573,271.06004329767444,4.4914813,,,,,,,,,,,9063504.0,
575,394.20754084919736,4.5581975,,,,,,,,,,,1.1301353E7,
576,399.16241734664226,4.5581975,,,,,,,,,,,2174576.5,
577,422.2383938629438,4.5581975,,,,,,,,,,,310319.2,
578,177.05463245829324,4.586858,,,,,,,,,,,267422.8,
579,381.1179451894978,4.586858,,,,,,,,,,,341888.9,
581,712.281170009747,4.586858,,,,,,,,,,,3241591.0,
582,717.2363534644525,4.586858,,,,,,,,,,,689931.75,
583,301.0706501076653,4.6146245,,,,,,,,,,,2137225.0,
584,203.17946760081057,4.76409,,,,,,,,,,,268393.88,
585,396.22280724335974,4.76409,,,,,,,,,,,753240.75,
588,759.2467903454774,4.876687,,,,,,,,,,,555426.75,
589,754.2916591443537,4.8812456,,,,,,,,,,,1283700.5,
590,257.1284018369776,4.887004,,,,,,,,,,,254602.3,
591,203.17948586411953,4.9169827,,,,,,,,,,,659369.7,
592,221.18993982143635,4.9169827,,,,,,,,,,,328179.8,
594,504.2803515749648,4.9169827,,,,,,,,,,,1042282.44,
595,509.23588349724287,4.9169827,,,,,,,,,,,368475.12,
596,179.143095095403,5.007232,,,,,,,,,,,697813.4,
598,259.12812676523936,5.007232,,,,,,,,,,,281107.6,
601,504.2804469508846,5.053207,,,,,,,,,,,406761.16,
602,600.2951564509344,5.097577,,,,,,,,,,,410449.47,
603,181.12230102499066,5.1518435,,,,,,,,,,,6216683.5,
604,226.1800777277885,5.1518435,,,,,,,,,,,324701.78,
605,465.11810296609957,5.1563916,,,,,,,,,,,568589.94,
606,495.12860238311333,5.1946244,,,,,,,,,,,439644.78,
607,273.18490451220333,5.2691326,,,,,,,,,,,214764.52,
608,465.11831050816465,5.2691326,,,,,,,,,,,1910122.6,
609,291.195497765874,5.2736864,,,,,,,,,,,904594.3,
611,223.13285478317783,5.4172063,,,,,,,,,,,372462.4,
612,796.3021680683216,5.4377832,,,,,,,,,,,533742.3,
613,801.2574567898704,5.4377832,,,,,,,,,,,350964.47,
615,291.19540708333267,5.4935975,,,,,,,,,,,550434.06,
617,177.05471485019012,5.774871,,,,,,,,,,,376109.1,
618,223.09654091499766,5.7794185,,,,,,,,,,,221647.77,
619,343.29563514632224,5.830658,,,,,,,,,,,223794.31,
620,328.2481903997134,5.870422,,,,,,,,,,,275651.53,
621,179.1066663647729,5.889814,,,,,,,,,,,277120.44,
622,295.22679575449064,5.900122,,,,,,,,,,,302072.84,
623,257.18997652922735,5.9859405,,,,,,,,,,,824574.6,
624,275.20060259955477,5.9859405,,,,,,,,,,,1207100.8,
625,311.185203314649,6.0938563,,,,,,,,,,,600913.5,
626,333.2036138423161,6.278961,,,,,,,,,,,442413.06,
627,275.20063425071237,6.2880654,,,,,,,,,,,229359.72,
628,316.28479070934065,6.3596897,,,,,,,,,,,408585.9,
629,333.2037784233548,6.3642397,,,,,,,,,,,248984.33,
630,195.10199048309846,6.4858828,,,,,,,,,,,643155.56,
631,251.1282142595759,6.5007243,,,,,,,,,,,436746.9,
632,351.2548650382524,6.565388,,,,,,,,,,,289988.22,
633,391.24756117961556,6.5965405,,,,,,,,,,,329539.38,
635,318.3016803801713,6.647796,,,,,,,,,,,344894.0,
636,351.25459708758916,6.652344,,,,,,,,,,,329998.94,
637,391.24729450329187,6.659792,,,,,,,,,,,353277.28,
638,288.2535291737221,6.7062335,,,,,,,,,,,241956.03,
641,293.2110528902559,6.786939,,,,,,,,,,,768811.6,
642,518.3242999232858,6.8631344,,,,,,,,,,,365270.16,
643,518.3243452111043,7.0143976,,,,,,,,,,,247644.84,
644,393.26121048003085,7.0280476,,,,,,,,,,,234433.62,
645,353.26861914476547,7.0355706,,,,,,,,,,,323007.88,
646,277.2162313515491,7.0401206,,,,,,,,,,,607884.3,
647,277.2164185921238,7.0968933,,,,,,,,,,,1417696.9,
648,353.26890022939347,7.105995,,,,,,,,,,,217253.61,
649,351.2539751339486,7.200832,,,,,,,,,,,257983.4,
650,293.2114903392325,7.2276816,,,,,,,,,,,611555.7,
651,478.29297847795397,7.293546,,,,,,,,,,,236352.14,
652,327.23171143117133,7.317546,,,,,,,,,,,261201.67,
653,520.3399322025947,7.329642,,,,,,,,,,,659970.4,
654,293.21121399863785,7.339952,,,,,,,,,,,627657.2,
655,353.2694852343385,7.359164,,,,,,,,,,,308590.8,
656,532.3494566705889,7.359164,,,,,,,,,,,711390.44,
657,537.3047595475775,7.359164,,,,,,,,,,,645779.25,
658,478.2928951139678,7.451112,,,,,,,,,,,239685.08,
659,279.2318406854892,7.482651,,,,,,,,,,,701565.25,
660,520.339947313336,7.482651,,,,,,,,,,,622523.3,
661,532.3482196445464,7.5037966,,,,,,,,,,,653084.0,
662,537.3035468347848,7.5037966,,,,,,,,,,,568874.1,
663,353.26859008615537,7.50932,,,,,,,,,,,243647.6,
664,277.21611454164156,7.6612916,,,,,,,,,,,396749.12,
665,295.2266943788906,7.6612916,,,,,,,,,,,1307608.8,
668,295.2266986877357,7.793018,,,,,,,,,,,892819.2,
673,496.33986080892544,7.858911,,,,,,,,,,,435974.7,
678,702.4413276847216,8.176663,,,,,,,,,,,238778.56,
680,409.2734121427096,8.181213,,,,,,,,,,,283568.53,
682,702.4415697285942,8.256979,,,,,,,,,,,261919.33,
685,367.2631642791164,8.281954,,,,,,,,,,,356210.5,
686,375.26817263168584,8.522809,,,,,,,,,,,394410.7,
687,393.2784511371377,8.530267,,,,,,,,,,,384579.34,
692,280.2635066563696,8.732306,,,,,,,,,,,216970.8,
693,313.2735493709839,8.732306,,,,,,,,,,,184615.86,
694,609.4513291385492,8.732306,,,,,,,,,,,733938.5,
695,771.5039370141293,8.732306,,,,,,,,,,,565160.5,
696,829.5062460440198,8.732306,,,,,,,,,,,533474.0,
699,686.4469790562543,8.783121,,,,,,,,,,,223999.62,
703,827.4910574144075,8.819528,,,,,,,,,,,311404.1,
704,279.231828305513,8.92866,,,,,,,,,,,277594.97,
707,259.20561274918896,9.009374,,,,,,,,,,,988876.8,
708,827.4904902444223,9.009374,,,,,,,,,,,277717.34,
713,625.446312781448,9.045478,,,,,,,,,,,285720.72,
714,787.4988725832261,9.045478,,,,,,,,,,,290502.9,
720,827.4910758945628,9.149074,,,,,,,,,,,323841.78,
723,464.3584596361252,9.271356,,,,,,,,,,,1450024.6,
724,820.5207934071176,9.280456,,,,,,,,,,,279969.03,
726,825.4763727991335,9.286297,,,,,,,,,,,324909.66,
732,939.5478953260312,9.346535,,,,,,,,,,,557011.4,
736,621.2704223114957,9.454702,,,,,,,,,,,1577224.8,
740,975.5640703650973,9.538604,,,,,,,,,,,343774.75,
741,611.4670209874766,9.567187,,,,,,,,,,,1539142.4,
742,773.5198269147156,9.571737,,,,,,,,,,,268438.1,
744,970.6090723121819,9.571737,,,,,,,,,,,447165.25,
746,593.2759235249595,9.61971,,,,,,,,,,,573591.75,
747,824.5515862405532,9.657372,,,,,,,,,,,748105.06,
748,829.5060998319238,9.657372,,,,,,,,,,,694023.94,
757,813.5089197548053,9.922999,,,,,,,,,,,238576.67,
758,796.5479661751122,9.945185,,,,,,,,,,,425571.06,
760,611.4669998385467,9.978313,,,,,,,,,,,300040.3,
762,824.5509832726448,10.060648,,,,,,,,,,,255898.83,
763,755.5083874131266,10.065198,,,,,,,,,,,231336.05,
764,773.5189110059733,10.065198,,,,,,,,,,,745002.94,
765,813.5110516963898,10.065198,,,,,,,,,,,1102895.9,
766,611.4667926073221,10.084698,,,,,,,,,,,4654496.0,
767,808.5556823849865,10.096356,,,,,,,,,,,546657.94,
768,836.5871457216982,10.128758,,,,,,,,,,,263720.97,
769,806.5424826599449,10.19761,,,,,,,,,,,329686.16,
770,609.4515207096243,10.206879,,,,,,,,,,,540666.9,
771,627.4621686871183,10.206879,,,,,,,,,,,369310.28,
772,811.4966835643702,10.206879,,,,,,,,,,,716874.9,
775,568.428007650323,10.264972,,,,,,,,,,,874574.0,
777,798.5643014210607,10.299343,,,,,,,,,,,326946.16,
778,607.2919082731806,10.305168,,,,,,,,,,,5362520.0,
782,589.482886561126,10.423354,,,,,,,,,,,545067.2,
783,772.5484583300372,10.460713,,,,,,,,,,,438144.47,
787,537.5354926407821,10.544539,,,,,,,,,,,550241.44,
788,582.5933303931741,10.544539,,,,,,,,,,,196286.27,
791,568.4274622974965,10.745967,,,,,,,,,,,239696.42,
794,774.5640505222285,10.821462,,,,,,,,,,,232426.48,
795,613.4828179162406,10.826012,,,,,,,,,,,637482.75,
796,954.6151591606275,10.826012,,,,,,,,,,,1188166.0,
797,461.3630952843144,10.854666,,,,,,,,,,,236249.08,
798,568.4278638926355,10.854666,,,,,,,,,,,314001.78,
801,461.36271359380993,11.028021,,,,,,,,,,,517853.25,
803,335.25813352378725,11.210164,,,,,,,,,,,345869.03,
804,613.4829754939973,11.210164,,,,,,,,,,,1031602.3,
805,792.5622989337511,11.210164,,,,,,,,,,,2054694.0,
806,797.5172857260281,11.234095,,,,,,,,,,,575182.7,
807,696.5408277966693,11.362531,,,,,,,,,,,277702.0,
808,714.5514415616677,11.362531,,,,,,,,,,,275165.1,
814,429.37293218636063,11.528255,,,,,,,,,,,923970.3,
816,794.5774158871616,11.572759,,,,,,,,,,,312762.94,
817,799.5326562538232,11.572759,,,,,,,,,,,280599.4,
818,932.6304955010036,11.622065,,,,,,,,,,,297000.03,
822,415.3572879065277,11.962567,,,,,,,,,,,554105.3,
823,416.36420159159627,11.962567,,,,,,,,,,,663465.5,
824,431.3522305614782,11.962567,,,,,,,,,,,315679.94,
