structureRankPerFormula	formulaRank	ConfidenceScore	CSI:FingerIDScore	molecularFormula	adduct	InChIkey2D	InChI	name	smiles	xlogp	pubchemids	links	dbflags
1	1	0.40474531692773313	-44.23661253469513	C5H6O5	[M - H2O + H]+	MAIRDOOJJIGWBJ	InChI=1S/C5H6O5/c1-10-4(7)2-3(6)5(8)9/h2H2,1H3,(H,8,9)	Oxac 4-mees	COC(=O)CC(=O)C(=O)O	-0.300000012	128843;25202714	PubChem:(128843 25202714);YMDB Mine;CHEBI:(57927 16859);EcoCyc Mine;MeSH:(128843);KEGG:(C03716);Training Set;PubMed;Biocyc:(CPD-521)	51539626342
2	1	N/A	-51.80617498288342	C5H6O5	[M - H2O + H]+	OXTNCQMOKLOUAM	InChI=1S/C5H6O5/c6-3(1-4(7)8)2-5(9)10/h1-2H2,(H,7,8)(H,9,10)	3-oxopentanedioate	C(C(=O)CC(=O)O)C(=O)O	-0.699999988	68328;6950210	HMDB:(13701);ZINC bio:(ZINC00388410);Plantcyc:(CPD-9778);PubMed;NORMAN:(NS00002494);COCONUT:(CNP0280291);PubChem:(68328 6950210);CHEBI:(88950);PubChem class - bio and metabolites;PubChem class - safety and toxic;Biocyc:(CPD-9778);KEGG Mine	8676321386
3	1	N/A	-64.3854019707943	C5H6O5	[M - H2O + H]+	KPGXRSRHYNQIFN	InChI=1S/C5H6O5/c6-3(5(9)10)1-2-4(7)8/h1-2H2,(H,7,8)(H,9,10)	bmse000064	C(CC(=O)O)C(=O)C(=O)O	-0.899999976	51;164533;5188693;12230915;11528362;11658313;14849157;10374598;10419327;71309423;88056543;87120072;87454198;91971603;91971604;91971780;131801545;134691290	HMDB:(208);PubChem class - food;SuperNatural:(SN00002212 SN00388253);ZINC bio:(ZINC01532519);MeSH:(51 164533 5188693);Plantcyc:(2-KETOGLUTARATE);PubMed;NORMAN:(NS00013803);COCONUT:(CNP0115442 CNP0217859 CNP0391297);KNApSAcK:(769);Natural Products:(UNPD185510);PubChem:(51 164533 5188693 12230915 11528362 11658313 14849157 10374598 10419327 71309423 88056543 87120072 87454198 91971603 91971604 91971780 131801545 134691290);CHEBI:(30916 30915 16810);PubChem class - bio and metabolites;KEGG:(C00026);PubChem class - safety and toxic;YMDB:(153);Biocyc:(NACMUR CPD0-2365 2-KETOGLUTARATE)	221751678
4	1	N/A	-89.3349327660598	C5H6O5	[M - H2O + H]+	PHPQIPPBBQUFII	InChI=1S/C5H6O5/c6-2-3(7)1-4(8)5(9)10/h6H,1-2H2,(H,9,10)	5-hydroxy-2,4-dioxovalerate	C(C(=O)CO)C(=O)C(=O)O	-1.10000002	6326997;5462283	EcoCyc Mine;KEGG:(C05406);PubChem:(6326997 5462283);CHEBI:(86001 28679);Biocyc:(5-OH-2-4-DIOXOPENTANOATE)	17179871522
5	1	N/A	-104.46930163497788	C5H6O5	[M - H2O + H]+	CXJNNMFPXAHDPF	InChI=1S/C5H6O5/c1-2(4(7)8)3(6)5(9)10/h2H,1H3,(H,7,8)(H,9,10)	Methyloxaloacetate	CC(C(=O)C(=O)O)C(=O)O	-0.100000001	440890;4961356;25010773;21396330;25203854;46878458	PubChem:(440890 4961356 25010773 21396330 25203854 46878458);YMDB Mine;CHEBI:(50794 58851 50793 6885);PubChem class - bio and metabolites;EcoCyc Mine;KEGG:(C06030);PubMed;Biocyc:(METHYLOXALO-ACETATE)	51556387170
6	1	N/A	-107.05761820504038	C5H6O5	[M - H2O + H]+	VVOCYQDSDXLBEA	InChI=1S/C5H6O5/c1-9-4(7)3(6)5(8)10-2/h1-2H3	Dimethyl 2-oxomalonate	COC(=O)C(=O)C(=O)OC	-0.269202411	547679	COCONUT:(CNP0423132);Natural Products:(UNPD116831);PubChem:(547679);SuperNatural:(SN00322730);ZINC bio:(ZINC14620055);PubMed	3186754
7	1	N/A	-117.80088274434094	C5H6O5	[M - H2O + H]+	QZKCWTOLHHFWCD	InChI=1S/C5H6O5/c6-2-3(7)1-4(8)5(9)10/h2-3,7H,1H2,(H,9,10)	null	C(C(C=O)O)C(=O)C(=O)O	-1.5	118534747;118534805	PubChem:(118534747 118534805);YMDB Mine;KEGG Mine;PubChem class - bio and metabolites	42966450178
8	1	N/A	-121.69734651670751	C5H6O5	[M - H2O + H]+	TXZJKNIRHCEURY	InChI=1S/C5H6O5/c6-3(5(9)10)1-2-4(7)8/h1,6H,2H2,(H,7,8)(H,9,10)	(Z)-2-hydroxypent-2-enedioic acid	C(C=C(C(=O)O)O)C(=O)O	-0.400000006	444591;90657512	PubChem:(444591 90657512);YMDB Mine;PubChem class - bio and metabolites;EcoCyc Mine;Biocyc:(CPD-16852);KEGG Mine	60146321410
9	1	N/A	-126.84153487896558	C5H6O5	[M - H2O + H]+	AHJCDQGRYVBQQZ	InChI=1S/C5H6O5/c1-10-3(5(8)9)2-4(6)7/h2H,1H3,(H,6,7)(H,8,9)	Methoxymaleic acid	COC(=CC(=O)O)C(=O)O	-0.300000012	191028;5366084;6913632	COCONUT:(CNP0187597);EcoCyc Mine;PubChem:(191028 5366084 6913632);KEGG Mine	25771900930
10	1	N/A	-129.81335139256856	C5H6O5	[M - H2O + H]+	KNLVMPWAIDNOQK	InChI=1S/C5H6O5/c6-3(7)1-5(2-10-5)4(8)9/h1-2H2,(H,6,7)(H,8,9)	Itaconate epoxide	C1C(O1)(CC(=O)O)C(=O)O	-1.20000005	146858;18316814	PubChem:(146858 18316814);YMDB Mine;EcoCyc Mine;MeSH:(146858);PubMed;KEGG Mine	60129542214
11	1	N/A	-129.90130749220995	C5H6O5	[M - H2O + H]+	PCZHMFPIJDMZDK	InChI=1S/C5H6O5/c6-1-3(8)5(10)4(9)2-7/h1,4,7,9H,2H2	null	C(C(C(=O)C(=O)C=O)O)O	-1.79999995	129662294	MeSH:(129662294);PubChem:(129662294);PubMed	70
12	1	N/A	-135.8920691191425	C5H6O5	[M - H2O + H]+	MSRMSILYMSAMRD	InChI=1S/C5H6O5/c6-3(7)1-2-4(10-2)5(8)9/h2,4H,1H2,(H,6,7)(H,8,9)	null	C(C1C(O1)C(=O)O)C(=O)O	-1.0	44246483;55301802;74964710	EcoCyc Mine;PubChem:(44246483 55301802 74964710);KEGG Mine;PubChem class - bio and metabolites	25786580994
13	1	N/A	-141.20215122473968	C5H6O5	[M - H2O + H]+	VCYINFNRMDFDMP	InChI=1S/C5H6O5/c6-3-1-5(9,2-10-3)4(7)8/h9H,1-2H2,(H,7,8)	3-hydroxy-5-oxooxolane-3-carboxylic acid	C1C(=O)OCC1(C(=O)O)O	-1.39999998	14778488;14778487;45084685;134819991	COCONUT:(CNP0159921);Natural Products:(UNPD114880);PubChem:(14778488 14778487 45084685 134819991);SuperNatural:(SN00329049);KEGG:(C21632);PubMed;Biocyc:(CPD-21502)	3180866
14	1	N/A	-184.6865786372755	C5H6O5	[M - H2O + H]+	ATTQQVFOMDCUEZ	InChI=1S/C5H6O5/c6-2-1-10-5(9)4(8)3(2)7/h4,6-8H,1H2	null	C1C(=C(C(C(=O)O1)O)O)O	-1.39999998	9543500	PubChem:(9543500);KEGG Mine;PubChem class - bio and metabolites	8606711810
15	1	N/A	-196.59735637180754	C5H6O5	[M - H2O + H]+	ZZZCUOFIHGPKAK	InChI=1S/C5H6O5/c6-1-2-3(7)4(8)5(9)10-2/h2,6-8H,1H2	Dehydro-D-arabinono-1,4-lactone	C(C1C(=C(C(=O)O1)O)O)O	-0.699999988	54675775;54712606;54730539;117669210	COCONUT:(CNP0083286 CNP0253154);Natural Products:(UNPD11471);PubChem:(54675775 54712606 54730539 117669210);SuperNatural:(SN00329021);CHEBI:(58277 17803);PubChem class - bio and metabolites;KEGG:(C06316);YMDB:(192);Plantcyc:(CPD-1789);Biocyc:(CPD-1789)	20154658
1	1	N/A	-140.67965784607702	C5H4O4	[M + H]+	ITFCYCHHNDTEPX	InChI=1S/C5H4O4/c6-4(7)2-1-3-5(8)9/h1-3H,(H-,6,7,8,9)/p+1	null	C(=CC(=O)O)[CH+]C(=O)O	-0.300000012	136395565;136395566;135471958;135471959	MeSH:(135471958);PubChem:(136395565 136395566 135471958 135471959);PubMed	70
2	1	N/A	-255.7289453553952	C5H4O4	[M + H]+	JVUTYZQGCHCOPB	InChI=1S/C5H4O4/c6-4-2-1-3(9-4)5(7)8/h1-2,6H,(H,7,8)	5-hydroxyfuran-2-carboxylic Acid	C1=C(OC(=C1)O)C(=O)O	0.800000012	4161539	COCONUT:(CNP0082303);HMDB:(59784);PubChem:(4161539);CHEBI:(86395);PubChem class - bio and metabolites;YMDB:(2319);KEGG Mine	8608874538
3	1	N/A	-290.8176038407858	C5H4O4	[M + H]+	IGFDAUIQLNDPME	InChI=1S/C5H4O4/c6-3-1-9-2-4(7)5(3)8/h1-2,6-7H	null	C1=C(C(=O)C(=CO1)O)O	-0.200000003	12315088	COCONUT:(CNP0150760);Natural Products:(UNPD106651);PubChem:(12315088);SuperNatural:(SN00400774);MeSH:(12315088);PubMed	3178566