structureRankPerFormula	formulaRank	ConfidenceScore	CSI:FingerIDScore	molecularFormula	adduct	InChIkey2D	InChI	name	smiles	xlogp	pubchemids	links	dbflags
1	1	0.06541073101792731	-216.1365059925173	C6H9N3O3S	[M + K]+	QLUPQWGVSUSFPS	InChI=1S/C6H9N3O3S/c1-13(12)5-4-8-3-2-7-6(8)9(10)11/h2-3H,4-5H2,1H3	1-(2-methylsulfinylethyl)-2-nitroimidazole	CS(=O)CCN1C=CN=C1[N+](=O)[O-]	-0.290084749	100483	PubChem:(100483);PubChem class - safety and toxic	67108866
2	1	N/A	-287.98488840393776	C6H9N3O3S	[M + K]+	BBTZETLXNQDZKF	InChI=1S/C6H9N3O3S/c1-8(2)13(11,12)9-3-6(4-10)7-5-9/h3-5H,1-2H3	4-formyl-N,N-dimethylimidazole-1-sulfonamide	CN(C)S(=O)(=O)N1C=C(N=C1)C=O	-0.600000024	10397966	PubChem:(10397966);PubChem class - safety and toxic	67108866
1	2	N/A	-419.9199795534668	C7H10NO4P	[M + K]+	IIGNXEUYSWJUFX	InChI=1S/C7H10NO4P/c8-7(13(10,11)12)5-1-3-6(9)4-2-5/h1-4,7,9H,8H2,(H2,10,11,12)	4-08-00-00295 (Beilstein Handbook Reference)	C1=CC(=CC=C1C(N)P(=O)(O)O)O	-3.5999999	176049;101067331;101067332	PubChem class - safety and toxic;PubChem:(176049 101067331 101067332);PubMed	67108930
1	3	N/A	-304.3269748118191	C8H10ClNO3	[M + K]+	BFLJQMNDLRDYQK	InChI=1S/C8H10ClNO3/c9-5-2-7(12)6(11)1-4(5)8(13)3-10/h1-2,8,11-13H,3,10H2	6-Chloronoradrenaline	C1=C(C(=CC(=C1O)O)Cl)C(CN)O	0.0	128000;21629230;21629231;45092939	MeSH:(128000);PubChem:(128000 21629230 21629231 45092939);PubMed	70
2	3	N/A	-328.61317360150343	C8H10ClNO3	[M + K]+	CSNOHCAVEOSPLF	InChI=1S/C8H10ClNO3/c9-7-4(6(12)3-10)1-2-5(11)8(7)13/h1-2,6,11-13H,3,10H2	2-Chloronoradrenaline	C1=CC(=C(C(=C1C(CN)O)Cl)O)O	0.0	127997;53737958;129718955	MeSH:(127997);PubChem:(127997 53737958 129718955);PubMed	70
3	3	N/A	-499.8704576851174	C8H10ClNO3	[M + K]+	CPHWWEVFVFERCX	InChI=1S/C8H10ClNO3/c1-4(11)8(13)3-5(10-2)6(9)7(8)12/h3-4,6-7,11-13H,1H3	null	CC(C1(C=C(C(C1O)Cl)[N+]#[C-])O)O	-0.600000024	10176608	COCONUT:(CNP0280540);Natural Products:(UNPD105660);PubChem:(10176608)	2129922
4	3	N/A	-529.8272550142736	C8H10ClNO3	[M + K]+	XSQKIWCUHSTCDP	InChI=1S/C8H10ClNO3/c1-4(11)8(13)2-5(3-10)6(9)7(8)12/h2,4,6-7,11-13H,1H3	null	CC(C1(C=C(C(C1O)Cl)C#N)O)O	-0.600000024	10104343	COCONUT:(CNP0307170);MeSH:(10104343);PubChem:(10104343);PubMed	2097222