structureRankPerFormula	formulaRank	ConfidenceScore	CSI:FingerIDScore	molecularFormula	adduct	InChIkey2D	InChI	name	smiles	xlogp	pubchemids	links	dbflags
1	1	N/A	-68.13639178842554	C19H34O10	[M + H]+	VXNMHZVTDWLWRX	InChI=1S/C19H34O10/c1-3-5-6-7-10(4-2)28-19-17(25)15(23)14(22)12(29-19)9-27-18-16(24)13(21)11(20)8-26-18/h4,10-25H,2-3,5-9H2,1H3	1-Octen-3-ol-3-o-beta-D-xylopyranosyl(1->6)-beta-D-glucopyranoside	CCCCCC(C=C)OC1C(C(C(C(O1)COC2C(C(C(CO2)O)O)O)O)O)O	-1.10000002	10717104;10788355;10320053;25072882;24094121;44566793;46173957;51692892;51692893;51692894;51692895;101238642;101401716;124900126;124900127;124900128;124900129	HMDB:(32960);SuperNatural:(SN00161339 SN00032666 SN00032664 SN00036977 SN00032665 SN00032667 SN00241170 SN00036976 SN00368641 SN00036978 SN00286805 SN00036975 SN00262593);ZINC bio:(ZINC14616880 ZINC14616881 ZINC14616882 ZINC14616883 ZINC35454840 ZINC35454845 ZINC35454849 ZINC35454853);additional;PubMed;COCONUT:(CNP0289982);KNApSAcK:(36345);Natural Products:(UNPD46566 UNPD25379 UNPD104784 UNPD165825);PubChem:(10717104 10788355 10320053 25072882 24094121 44566793 46173957 51692892 51692893 51692894 51692895 101238642 101401716 124900126 124900127 124900128 124900129);CHEBI:(81219);PubChem class - bio and metabolites;KEGG:(C17614);Training Set	20504954
2	1	N/A	-93.08231885547764	C19H34O10	[M + H]+	MIIBYTMMCOBBBX	InChI=1S/C19H34O10/c1-3-5-6-7-10(4-2)27-19-17(25)15(23)14(22)12(29-19)9-26-18-16(24)13(21)11(8-20)28-18/h4,10-25H,2-3,5-9H2,1H3	null	CCCCCC(C=C)OC1C(C(C(C(O1)COC2C(C(C(O2)CO)O)O)O)O)O	-0.600000024	10960821;102024119	COCONUT:(CNP0259773);Natural Products:(UNPD136571);PubChem:(10960821 102024119);SuperNatural:(SN00394130)	3178498
3	1	N/A	-107.37131327200125	C19H34O10	[M + H]+	MUPQSGHACLOUTE	InChI=1S/C19H34O10/c1-3-5-6-7-11(4-2)28-17-15(23)14(22)13(21)12(29-17)8-26-18-16(24)19(25,9-20)10-27-18/h4,11-18,20-25H,2-3,5-10H2,1H3	null	CCCCCC(C=C)OC1C(C(C(C(O1)COC2C(C(CO2)(CO)O)O)O)O)O	-0.800000012	51136465;52325747;52325748	COCONUT:(CNP0269499);PubChem:(51136465 52325747 52325748);SuperNatural:(SN00039284 SN00039285);ZINC bio:(ZINC49600283 ZINC49600285);additional;Training Set	3694594
1	1	0.12240857083580443	-65.08007331878413	C19H36O11	[M - H2O + H]+	ZHOUHFMRWBOCFO	InChI=1S/C19H36O11/c1-4-10(18(2,3)25)5-6-27-16-14(23)13(22)12(21)11(30-16)7-28-17-15(24)19(26,8-20)9-29-17/h10-17,20-26H,4-9H2,1-3H3	null	CCC(CCOC1C(C(C(C(O1)COC2C(C(CO2)(CO)O)O)O)O)O)C(C)(C)O	-2.4000001	38358311;38358315;45359896	COCONUT:(CNP0347496);PubChem:(38358311 38358315 45359896);SuperNatural:(SN00029643 SN00029644);ZINC bio:(ZINC31164859 ZINC31164863);additional;Training Set	3694594
2	1	N/A	-94.68811161812756	C19H36O11	[M - H2O + H]+	SFYPRNXNFGGELX	InChI=1S/C19H36O11/c1-2-3-4-5-6-7-27-18-16(26)14(24)17(11(9-21)29-18)30-19-15(25)13(23)12(22)10(8-20)28-19/h10-26H,2-9H2,1H3	Nonyl 4-O-Alpha-D-Glucopyranosyl-Beta-D-Glucopyranoside	CCCCCCCOC1C(C(C(C(O1)CO)OC2C(C(C(C(O2)CO)O)O)O)O)O	-1.29999995	11640736;134163615;132274415	PubChem:(11640736 134163615 132274415);PubChem class - bio and metabolites	16777218
3	1	N/A	-99.47884658699176	C19H36O11	[M - H2O + H]+	AZVOPSYKXQPXRO	InChI=1S/C19H36O11/c1-4-18(25,10(2)3)5-6-27-16-14(23)13(22)12(21)11(30-16)7-28-17-15(24)19(26,8-20)9-29-17/h10-17,20-26H,4-9H2,1-3H3	null	CCC(CCOC1C(C(C(C(O1)COC2C(C(CO2)(CO)O)O)O)O)O)(C(C)C)O	-1.73955095	""	COCONUT:(CNP0411055);SuperNatural:(SN00029646 SN00029645)	3145728
4	1	N/A	-118.86969580396584	C19H36O11	[M - H2O + H]+	NTBRODFNCMHLOK	InChI=1S/C19H36O11/c1-21-8-10-14(23-3)16(25-5)17(26-6)19(30-10)28-9-11-13(22-2)12(20)15(24-4)18(27-7)29-11/h10-20H,8-9H2,1-7H3	null	COCC1C(C(C(C(O1)OCC2C(C(C(C(O2)OC)OC)O)OC)OC)OC)OC	-1.31870544	""	COCONUT:(CNP0280266);Natural Products:(UNPD150504);SuperNatural:(SN00358958)	3178496
5	1	N/A	-148.30436472355552	C19H36O11	[M - H2O + H]+	HTBXZRUTMUOBOY	InChI=1S/C19H36O11/c1-2-3-4-5-11(22)6-7-27-17-15(14(24)13(23)12(8-20)29-17)30-18-16(25)19(26,9-21)10-28-18/h11-18,20-26H,2-10H2,1H3	null	CCCCCC(CCOC1C(C(C(C(O1)CO)O)O)OC2C(C(CO2)(CO)O)O)O	-1.20000005	101939202	COCONUT:(CNP0105431);Natural Products:(UNPD4464);PubChem:(101939202);SuperNatural:(SN00251165)	3178498
6	1	N/A	-157.39923817258153	C19H36O11	[M - H2O + H]+	GJQHNBFXPPDVQM	InChI=1S/C19H36O11/c1-4-25-8-10-13(21)12(9-26-5-2)29-19(14(10)22)30-16-11(7-20)28-18(24)17(15(16)23)27-6-3/h10-24H,4-9H2,1-3H3	null	CCOCC1C(C(OC(C1O)OC2C(OC(C(C2O)OCC)O)CO)COCC)O	-2.4000001	139595076;139595077	PubChem:(139595076 139595077);NORMAN:(NS00019475)	262146