structureRankPerFormula	formulaRank	ConfidenceScore	CSI:FingerIDScore	molecularFormula	adduct	InChIkey2D	InChI	name	smiles	xlogp	pubchemids	links	dbflags
1	1	0.3795491703401657	-89.24630667533705	C17H26O9	[M + Na]+	NBCWSGSBMHILQP	InChI=1S/C17H26O9/c1-23-10-6-9(4-3-5-18)7-11(24-2)16(10)26-17-15(22)14(21)13(20)12(8-19)25-17/h6-7,12-15,17-22H,3-5,8H2,1-2H3	Dihydrosyringin	COC1=CC(=CC(=C1OC2C(C(C(C(O2)CO)O)O)O)OC)CCCO	0.0539437234	69086672;71720642	COCONUT:(CNP0103261);KNApSAcK:(31751);Natural Products:(UNPD49838);PubChem:(69086672 71720642);SuperNatural:(SN00246445);PubMed;KEGG Mine	8593113170
2	1	N/A	-107.67988316656307	C17H26O9	[M + Na]+	HRCUWYMASXLOSC	InChI=1S/C17H26O9/c1-8(9-5-10(22-2)16(24-4)11(6-9)23-3)25-17-15(21)14(20)13(19)12(7-18)26-17/h5-6,8,12-15,17-21H,7H2,1-4H3	null	CC(C1=CC(=C(C(=C1)OC)OC)OC)OC2C(C(C(C(O2)CO)O)O)O	-0.200000003	129850569	PubChem:(129850569);MeSH:(129850569)	6
3	1	N/A	-112.00593345192077	C17H26O9	[M + Na]+	KUWOKUQHZUNAMF	InChI=1S/C17H26O9/c1-4-9(19)8-5-10(23-2)16(11(6-8)24-3)26-17-15(22)14(21)13(20)12(7-18)25-17/h5-6,9,12-15,17-22H,4,7H2,1-3H3	null	CCC(C1=CC(=C(C(=C1)OC)OC2C(C(C(C(O2)CO)O)O)O)OC)O	0.0572521351	11122303	COCONUT:(CNP0232189);Natural Products:(UNPD44866);PubChem:(11122303);SuperNatural:(SN00378298)	3178498
4	1	N/A	-115.43790468299584	C17H26O9	[M + Na]+	RWYAWVSDAVROAY	InChI=1S/C17H26O9/c1-17(2,24)12(20)6-8-5-9(19)3-4-10(8)25-16-15(23)14(22)13(21)11(7-18)26-16/h3-5,11-16,18-24H,6-7H2,1-2H3	null	CC(C)(C(CC1=C(C=CC(=C1)O)OC2C(C(C(C(O2)CO)O)O)O)O)O	-1.0	23760115;101882322	COCONUT:(CNP0419820);PubChem:(23760115 101882322);SuperNatural:(SN00033034 SN00033032 SN00033031 SN00033033);ZINC bio:(ZINC35456627 ZINC35456631 ZINC35456635 ZINC35456639)	3153922
5	1	N/A	-131.76574693065643	C17H26O9	[M + Na]+	RFBAFJQPTIZSFM	InChI=1S/C17H26O9/c1-23-11-4-3-9(5-12(11)24-2)10(6-18)8-25-17-16(22)15(21)14(20)13(7-19)26-17/h3-5,10,13-22H,6-8H2,1-2H3	null	COC1=C(C=C(C=C1)C(CO)COC2C(C(C(C(O2)CO)O)O)O)OC	-0.684264421	""	COCONUT:(CNP0119593);Natural Products:(UNPD224814)	2129920
6	1	N/A	-146.77312109091687	C17H26O9	[M + Na]+	VXDHAHZSQCXFQK	InChI=1S/C17H26O9/c1-2-23-10-5-8(6-18)12-9(10)3-4-24-16(12)26-17-15(22)14(21)13(20)11(7-19)25-17/h3-5,9-22H,2,6-7H2,1H3	null	CCOC1C=C(C2C1C=COC2OC3C(C(C(C(O3)CO)O)O)O)CO	-2.0999999	101453905;101453906	COCONUT:(CNP0205429);Natural Products:(UNPD56919 UNPD22121);PubChem:(101453905 101453906);SuperNatural:(SN00287205 SN00289455)	3178498
7	1	N/A	-182.88164571037922	C17H26O9	[M + Na]+	JUJTUEBXXGRSJB	InChI=1S/C17H26O9/c1-3-9-10-4-12(22-2)23-6-8(10)7-24-16(9)26-17-15(21)14(20)13(19)11(5-18)25-17/h3,7,9-21H,1,4-6H2,2H3	null	COC1CC2C(C(OC=C2CO1)OC3C(C(C(C(O3)CO)O)O)O)C=C	-0.681504428	""	COCONUT:(CNP0144512);Natural Products:(UNPD58205 UNPD187025);SuperNatural:(SN00260289 SN00321007)	3178496
8	1	N/A	-228.69956558570715	C17H26O9	[M + Na]+	GJIPHVJRZYUQLH	InChI=1S/C17H26O9/c1-7-3-4-8-9(5-18)15(23-2)25-16(11(7)8)26-17-14(22)13(21)12(20)10(6-19)24-17/h5,7,10-17,19-22H,3-4,6H2,1-2H3	null	CC1CCC2=C(C(OC(C12)OC3C(C(C(C(O3)CO)O)O)O)OC)C=O	-0.631047606	""	COCONUT:(CNP0312175);Natural Products:(UNPD15822);SuperNatural:(SN00330175)	3178496
9	1	N/A	-231.13313759656643	C17H26O9	[M + Na]+	KMHXLGLJTQHEIM	InChI=1S/C17H26O9/c1-7-3-4-8-9(15(22)23-2)6-24-16(11(7)8)26-17-14(21)13(20)12(19)10(5-18)25-17/h6-8,10-14,16-21H,3-5H2,1-2H3	Deoxyloganin	CC1CCC2C1C(OC=C2C(=O)OC)OC3C(C(C(C(O3)CO)O)O)O	0.0	440906;443331;5253702;71472298;102121806	SuperNatural:(SN00402427 SN00156896 SN00390946 SN00289172);MeSH:(440906);Plantcyc:(7-DEOXYLOGANIN);PubMed;COCONUT:(CNP0207238);KNApSAcK:(3077);Natural Products:(UNPD45884 UNPD54650 UNPD104967 UNPD110729);PubChem:(440906 443331 5253702 71472298 102121806);CHEBI:(18370 2315);PubChem class - bio and metabolites;KEGG:(C11648 C06071);Biocyc:(7-DEOXYLOGANIN)	20089206
10	1	N/A	-233.4066864906818	C17H26O9	[M + Na]+	YJDCTTUFSCGSKF	InChI=1S/C17H26O9/c1-10(12(18)7-14(19)20)5-3-4-6-11(2)13(8-15(21)22)26-17(25)9-16(23)24/h3-4,10-13,18H,5-9H2,1-2H3,(H,19,20)(H,21,22)(H,23,24)	null	CC(CC=CCC(C)C(CC(=O)O)OC(=O)CC(=O)O)C(CC(=O)O)O	1.17189312	""	COCONUT:(CNP0365790)	2097152
11	1	N/A	-234.2163303797826	C17H26O9	[M + Na]+	CQTHUIDGEWAXCL	InChI=1S/C17H26O9/c1-6-10(19)3-8-9(15(22)23)5-24-17(12(6)8)26-16-7(2)13(20)14(21)11(4-18)25-16/h5-8,10-14,16-21H,3-4H2,1-2H3,(H,22,23)	null	CC1C(CC2C1C(OC=C2C(=O)O)OC3C(C(C(C(O3)CO)O)O)C)O	-0.431660891	""	COCONUT:(CNP0247846);Natural Products:(UNPD221556)	2129920
12	1	N/A	-245.2282713299597	C17H26O9	[M + Na]+	WMQIBEYREGDWOS	InChI=1S/C17H26O9/c1-3-10-12(19)13(20)14(21)17(25-10)26-16-11-6(2)9(18)4-7(11)8(5-24-16)15(22)23/h5-7,9-14,16-21H,3-4H2,1-2H3,(H,22,23)	null	CCC1C(C(C(C(O1)OC2C3C(C(CC3C(=CO2)C(=O)O)O)C)O)O)O	-0.208780766	""	COCONUT:(CNP0215694);Natural Products:(UNPD220995)	2129920
13	1	N/A	-263.33154006658407	C17H26O9	[M + Na]+	KPNARKFYPKZCHK	InChI=1S/C17H26O9/c1-6-9(4)16(22)23-7-11-12(19)13(20)14(24-10(5)18)17(25-11)26-15(21)8(2)3/h6,8,11-14,17,19-20H,7H2,1-5H3	null	CC=C(C)C(=O)OCC1C(C(C(C(O1)OC(=O)C(C)C)OC(=O)C)O)O	0.868427217	""	COCONUT:(CNP0266606);Natural Products:(UNPD140716);SuperNatural:(SN00392151)	3178496
14	1	N/A	-298.17648832976806	C17H26O9	[M + Na]+	BTDYETCLMPHLPL	InChI=1S/C17H26O9/c1-10(9-17(23)24-4)25-15(21)8-6-14(20)12(3)26-16(22)7-5-13(19)11(2)18/h5-8,10-14,18-20H,9H2,1-4H3	[(E)-3-hydroxy-6-[(2R)-4-methoxy-4-oxobutan-2-yl]oxy-6-oxohex-4-en-2-yl] (E,5S)-4,5-dihydroxyhex-2-enoate	CC(CC(=O)OC)OC(=O)C=CC(C(C)OC(=O)C=CC(C(C)O)O)O	-0.300000012	11057828;11057829;21776635	COCONUT:(CNP0136784);Natural Products:(UNPD128476);PubChem:(11057828 11057829 21776635);SuperNatural:(SN00306551)	3178498
1	2	N/A	-154.62832824801794	C15H20N6O7	[M + H]+	FBNNEFYOBAXXOL	InChI=1S/C15H20N6O7/c1-7(23)20-15(26)27-3-2-16-12-9-13(18-5-17-12)21(6-19-9)14-11(25)10(24)8(4-22)28-14/h5-6,8,10-11,14,22,24-25H,2-4H2,1H3,(H,16,17,18)(H,20,23,26)	2-[[9-[(2R,3R,4S,5R)-3,4-dihydroxy-5-(hydroxymethyl)oxolan-2-yl]purin-6-yl]amino]ethyl N-acetylcarbamate	CC(=O)NC(=O)OCCNC1=C2C(=NC=N1)N(C=N2)C3C(C(C(O3)CO)O)O	-2.1314683	5315593	COCONUT:(CNP0323937);Natural Products:(UNPD8608);PubChem:(5315593);SuperNatural:(SN00297577)	3178498
1	2	N/A	-179.39049438867852	C15H22N6O8	[M - H2O + H]+	QGOUMMOXJUFIGP	InChI=1S/C15H22N6O8/c16-8(1-7-3-17-6-19-7)13(27)20-9(2-11(23)24)15(29)21-10(5-22)14(28)18-4-12(25)26/h3,6,8-10,22H,1-2,4-5,16H2,(H,17,19)(H,18,28)(H,20,27)(H,21,29)(H,23,24)(H,25,26)	Poly(histidyl-aspartyl-seryl-glycine)	C1=C(NC=N1)CC(C(=O)NC(CC(=O)O)C(=O)NC(CO)C(=O)NCC(=O)O)N	-6.30000019	196292;18494136	MeSH:(196292);PubChem:(196292 18494136);PubMed	70
2	2	N/A	-268.29903484525073	C15H22N6O8	[M - H2O + H]+	RCGPTAUNAWTVHT	InChI=1S/C15H22N6O8/c16-7-11(26)10(25)6(2-22)29-14(7)28-3-5(23)9(24)4-1-18-12-8(19-4)13(27)21-15(17)20-12/h1,5-7,9-11,14,22-26H,2-3,16H2,(H3,17,18,20,21,27)	Solfapterin	C1=C(N=C2C(=O)NC(=NC2=N1)N)C(C(COC3C(C(C(C(O3)CO)O)O)N)O)O	-5.30000019	135600348;136703266;137274447	COCONUT:(CNP0350256);MeSH:(135600348 136703266);PubChem:(135600348 136703266 137274447);PubMed	2097222