structureRankPerFormula	formulaRank	ConfidenceScore	CSI:FingerIDScore	molecularFormula	adduct	InChIkey2D	InChI	name	smiles	xlogp	pubchemids	links	dbflags
1	1	0.16756523945078647	-23.25954789269589	C9H8O	[M + H]+	CATOVPRCMWIZLR	InChI=1S/C9H8O/c1-2-8-4-3-5-9(6-8)7-10/h2-7H,1H2	3-Vinylbenzaldehyde	C=CC1=CC(=CC=C1)C=O	2.19511032	39390	PubChem class - safety and toxic;PubChem:(39390);PubMed	67108930
2	1	N/A	-24.858376844622526	C9H8O	[M + H]+	QBFNGLBSVFKILI	InChI=1S/C9H8O/c1-2-8-3-5-9(7-10)6-4-8/h2-7H,1H2	4-Formylstyrene	C=CC1=CC=C(C=C1)C=O	2.20000005	39389	PubChem class - safety and toxic;PubChem:(39389);PubMed	67108930
3	1	N/A	-27.150780839673637	C9H8O	[M + H]+	DHEJIZSVHGOKMJ	InChI=1S/C9H8O/c1-2-8-5-3-4-6-9(8)7-10/h2-7H,1H2	2-vinyl-benzaldehyde	C=CC1=CC=CC=C1C=O	2.19511032	39391	PubChem:(39391);PubMed;PubChem class - bio and metabolites	16777282
4	1	N/A	-35.92033682807487	C9H8O	[M + H]+	KJPRLNWUNMBNBZ	InChI=1S/C9H8O/c10-8-4-7-9-5-2-1-3-6-9/h1-8H	Abion CA	C1=CC=C(C=C1)C=CC=O	2.07160974	307;637511;6428995;12198214;88868197;131859294	HMDB:(3441 32072);PubChem class - food;SuperNatural:(SN00158520 SN00156216);ZINC bio:(ZINC01532777 ZINC13523661);additional;HSDB:(104-55-2);MeSH:(637511);Plantcyc:(CINNAMALDEHYDE);PubMed;NORMAN:(NS00003408);COCONUT:(CNP0279382);KNApSAcK:(35187);Natural Products:(UNPD226313 UNPD2440 UNPD152606);PubChem:(307 637511 6428995 12198214 88868197 131859294);CHEBI:(89729 142921 16731);PubChem class - bio and metabolites;KEGG:(C00903);PubChem class - safety and toxic;YMDB:(1654);Training Set;PubChem class - drug;Biocyc:(CINNAMALDEHYDE)	255847294
5	1	N/A	-59.250193790386	C9H8O	[M + H]+	KUIZKZHDMPERHR	InChI=1S/C9H8O/c1-2-9(10)8-6-4-3-5-7-8/h2-7H,1H2	Acrylophenone	C=CC(=O)C1=CC=CC=C1	2.22651744	13028;11182629;16689057	NORMAN:(NS00037842);COCONUT:(CNP0085771);PubChem:(13028 11182629 16689057);ZINC bio:(ZINC01702416);MeSH:(13028);PubChem class - safety and toxic;PubMed;KEGG Mine	8659411014
6	1	N/A	-67.89584542945308	C9H8O	[M + H]+	ZFBRJUBOJXNIQM	InChI=1S/C9H8O/c1-8(7-10)9-5-3-2-4-6-9/h2-7H,1H2	Atropaldehyde	C=C(C=O)C1=CC=CC=C1	2.0	10312	COCONUT:(CNP0395069);HMDB:(60671);Natural Products:(UNPD49352);PubChem:(10312);SuperNatural:(SN00327904);CHEBI:(80590);ZINC bio:(ZINC02040459);PubChem class - bio and metabolites;MeSH:(10312);KEGG:(C16592);PubMed	19964270
7	1	N/A	-99.5459605211146	C9H8O	[M + H]+	NITUNGCLDSFVDL	InChI=1S/C9H8O/c10-8-4-7-9-5-2-1-3-6-9/h1-3,5-6,10H,8H2	1-Phenyl-1-propyn-3-ol	C1=CC=C(C=C1)C#CCO	1.39999998	123115	PubChem class - safety and toxic;PubChem:(123115);PubMed	67108930
8	1	N/A	-111.87890625892533	C9H8O	[M + H]+	UFOVULIWACVAAC	InChI=1S/C9H8O/c1-3-8-6-4-5-7-9(8)10-2/h1,4-7H,2H3	2-Ethynylanisole	COC1=CC=CC=C1C#C	2.27117133	582912	PubChem:(582912);PubChem class - safety and toxic	67108866
9	1	N/A	-113.51118419486322	C9H8O	[M + H]+	UMJJFEIKYGFCAT	InChI=1S/C9H8O/c10-9-5-7-3-1-2-4-8(7)6-9/h1-4H,5-6H2	bmse000514	C1C(=O)CC2=CC=CC=C21	1.29999995	11983	NORMAN:(NS00034711);PubChem:(11983);CHEBI:(27930);ZINC bio:(ZINC00897211);KEGG:(C07727);PubChem class - safety and toxic;PubMed;Biocyc:(2INDANONE)	67381602
10	1	N/A	-117.95305294388264	C9H8O	[M + H]+	QNXSIUBBGPHDDE	InChI=1S/C9H8O/c10-9-6-5-7-3-1-2-4-8(7)9/h1-4H,5-6H2	1-Indone	C1CC(=O)C2=CC=CC=C21	1.70000005	6735;10975522;11961910;59859217;59859223;87670610;87414342	HMDB:(59602);SuperNatural:(SN00155899);ZINC bio:(ZINC00897152);MeSH:(6735);PubMed;NORMAN:(NS00038249);COCONUT:(CNP0170369);KNApSAcK:(50644);Natural Products:(UNPD25749);PubChem:(6735 10975522 11961910 59859217 59859223 87670610 87414342);CHEBI:(17404);PubChem class - bio and metabolites;KEGG:(C01504);PubChem class - safety and toxic;Biocyc:(1-INDANONE)	87337342
11	1	N/A	-120.36132555239014	C9H8O	[M + H]+	KBIAVTUACPKPFJ	InChI=1S/C9H8O/c1-3-8-4-6-9(10-2)7-5-8/h1,4-7H,2H3	4-Ethynylanisole	COC1=CC=C(C=C1)C#C	2.27117133	251020;12046354	PubChem class - safety and toxic;PubChem:(251020 12046354);PubMed	67108930
12	1	N/A	-128.3880735598234	C9H8O	[M + H]+	QCZORVSTESPHCO	InChI=1S/C9H8O/c1-2-8-3-5-9(7-10)6-4-8/h1,3-6,10H,7H2	4-Ethynylbenzyl alcohol	C#CC1=CC=C(C=C1)CO	1.82618344	11170993	PubChem:(11170993);PubChem class - safety and toxic	67108866
13	1	N/A	-129.97087548883178	C9H8O	[M + H]+	ZZEAGNXMMXSCQP	InChI=1S/C9H8O/c1-6-3-2-4-7-8(6)5-9(7)10/h2-4H,5H2,1H3	2-methylbicyclo[4.2.0]octa-1,3,5-trien-7-one	CC1=C2CC(=O)C2=CC=C1	1.0	2752736	COCONUT:(CNP0057604);PubChem:(2752736);SuperNatural:(SN00125853);ZINC bio:(ZINC03847807)	3153922
14	1	N/A	-131.41239948646412	C9H8O	[M + H]+	MHMVDXUAAIOEOC	InChI=1S/C9H8O/c1-6-2-3-7-5-9(10)8(7)4-6/h2-4H,5H2,1H3	4-methylbicyclo[4.2.0]octa-1(6),2,4-trien-7-one	CC1=CC2=C(CC2=O)C=C1	1.0	2752738	COCONUT:(CNP0035023);PubChem:(2752738);SuperNatural:(SN00125855);ZINC bio:(ZINC03847809)	3153922
15	1	N/A	-132.3420392821834	C9H8O	[M + H]+	UIGLAZDLBZDVBL	InChI=1S/C9H8O/c1-2-9(10)8-6-4-3-5-7-8/h1,3-7,9-10H	ACMC-20apft	C#CC(C1=CC=CC=C1)O	1.79532754	20155;6993954;6999870;72193119	NORMAN:(NS00048255);COCONUT:(CNP0086091);PubChem:(20155 6993954 6999870 72193119);PubChem class - bio and metabolites;PubChem class - safety and toxic;PubMed	86245442
16	1	N/A	-136.3644643280577	C9H8O	[M + H]+	ZKCWIJQOZHADEM	InChI=1S/C9H8O/c1-2-8-5-3-4-6-9(8)7-10/h1,3-6,10H,7H2	2-Ethynylbenzyl alcohol	C#CC1=CC=CC=C1CO	1.29999995	11007947	PubChem:(11007947);PubChem class - safety and toxic	67108866
17	1	N/A	-140.40626199097338	C9H8O	[M + H]+	BMRGTCJDJUHASV	InChI=1S/C9H8O/c10-9-5-4-7-2-1-3-8(7)6-9/h1,3-6,10H,2H2	1H-inden-5-ol	C1C=CC2=C1C=CC(=C2)O	2.17754245	14422837	COCONUT:(CNP0259723);Natural Products:(UNPD90894);PubChem:(14422837);SuperNatural:(SN00237167)	3178498
18	1	N/A	-140.94803179495247	C9H8O	[M + H]+	HUOFKGGCNLSHMK	InChI=1S/C9H8O/c1-6-2-3-8-7(4-6)5-9(8)10/h2-4H,5H2,1H3	3-methylbicyclo[4.2.0]octa-1(6),2,4-trien-7-one	CC1=CC2=C(C=C1)C(=O)C2	1.0	2752737	COCONUT:(CNP0317782);PubChem:(2752737);SuperNatural:(SN00125854);ZINC bio:(ZINC03847808)	3153922
19	1	N/A	-141.29721019088004	C9H8O	[M + H]+	GBGPVUAOTCNZPT	InChI=1S/C9H8O/c1-7-6-8-4-2-3-5-9(8)10-7/h2-6H,1H3	2-methyl-benzofuran	CC1=CC2=CC=CC=C2O1	2.70000005	20263	NORMAN:(NS00047151);COCONUT:(CNP0333088);HMDB:(59847);PubChem class - food;PubChem:(20263);CHEBI:(89722);PubChem class - safety and toxic;PubMed	203685994
20	1	N/A	-141.35616854169407	C9H8O	[M + H]+	KYNSBQPICQTCGU	InChI=1S/C9H8O/c1-2-6-9-8(4-1)5-3-7-10-9/h1-6H,7H2	chromene	C1C=CC2=CC=CC=C2O1	2.29999995	9211;20843378;129806998;129807002	COCONUT:(CNP0050375);PubChem:(9211 20843378 129806998 129807002);SuperNatural:(SN00120354);CHEBI:(35601);ZINC bio:(ZINC02040905);MeSH:(9211);PubChem class - safety and toxic;PubMed	70262886
21	1	N/A	-141.6887205331701	C9H8O	[M + H]+	KWRSKZMCJVFUGU	InChI=1S/C9H8O/c10-9-6-5-7-3-1-2-4-8(7)9/h1-6,9-10H	1-Indenol	C1=CC=C2C(C=CC2=C1)O	1.60000002	316919;12414573;11789243	NORMAN:(NS00056160);PubChem:(316919 12414573 11789243);ZINC bio:(ZINC01766170 ZINC02032278);MeSH:(316919);PubMed;PubChem class - drug;KEGG Mine	8623759430
22	1	N/A	-143.6294216800261	C9H8O	[M + H]+	OMYDFQNJZABHNO	InChI=1S/C9H8O/c1-2-3-4-5-6-7-8-9-10/h10H,8-9H2,1H3	3,5,7-Nonatriyn-1-ol	CC#CC#CC#CCCO	1.39999998	71441695	COCONUT:(CNP0317475);Natural Products:(UNPD77432);PubChem:(71441695)	2129922
23	1	N/A	-148.95777430962514	C9H8O	[M + H]+	AIQRJSXKXVZCJO	InChI=1S/C9H8O/c1-2-8-10-9-6-4-3-5-7-9/h1,3-7H,8H2	ACMC-20ajwx	C#CCOC1=CC=CC=C1	2.21883321	83613	NORMAN:(NS00024408);PubChem class - safety and toxic;PubChem:(83613);PubMed;ZINC bio:(ZINC02169051)	67379266
24	1	N/A	-153.0150258645261	C9H8O	[M + H]+	MFJCPDOGFAYSTF	InChI=1S/C9H8O/c1-2-4-9-7-10-6-5-8(9)3-1/h1-6H,7H2	isochromene	C1C2=CC=CC=C2C=CO1	2.0	9548822;20843377	PubChem:(9548822 20843377);PubMed;CHEBI:(36115)	98
25	1	N/A	-158.83662960587833	C9H8O	[M + H]+	ZRXHLJNBNWVNIM	InChI=1S/C9H8O/c1-7-6-10-9-5-3-2-4-8(7)9/h2-6H,1H3	3-Methylbenzofuran	CC1=COC2=CC=CC=C12	2.70000005	88939;57379446	NORMAN:(NS00026895);PubChem class - safety and toxic;PubChem:(88939 57379446);KEGG Mine	8657305602
26	1	N/A	-161.60616877152398	C9H8O	[M + H]+	CUVVWDAHRRSSII	InChI=1S/C9H8O/c10-6-7-1-2-8-3-4-9(8)5-7/h1-5,10H,6H2	4-hydroxymethylbenzocyclobutene	C1=CC(=CC2=C1C=C2)CO	0.600000024	18965787	PubChem:(18965787);PubChem class - safety and toxic	67108866
27	1	N/A	-163.4747222664201	C9H8O	[M + H]+	IOOGOHRKXRMUEQ	InChI=1S/C9H8O/c1-7-3-2-4-9-8(7)5-6-10-9/h2-6H,1H3	4-Methylbenzofuran	CC1=C2C=COC2=CC=C1	2.70000005	33104	NORMAN:(NS00033568);COCONUT:(CNP0141148);PubChem:(33104);KEGG Mine	8592293890
28	1	N/A	-164.6187954881172	C9H8O	[M + H]+	PRZZTRULFLCGBS	InChI=1S/C9H8O/c1-2-4-9-7-10-6-5-8(9)3-1/h1-5,7H,6H2	3H-isochromene	C1C=C2C=CC=CC2=CO1	1.5	9548821	PubChem:(9548821);CHEBI:(36116)	34
29	1	N/A	-167.06308532338306	C9H8O	[M + H]+	QVPSBOGQLOSHJR	InChI=1S/C9H8O/c1-7-2-3-8-4-5-10-9(8)6-7/h2-6H,1H3	6-Methylbenzofuran	CC1=CC2=C(C=C1)C=CO2	2.70000005	86929	NORMAN:(NS00025591);PubChem:(86929);KEGG Mine	8590196738
30	1	N/A	-170.08175769005683	C9H8O	[M + H]+	NTHWDUBPAAURME	InChI=1S/C9H8O/c1-2-3-4-5-6-7-8-9-10/h1,10H,7-9H2	null	C#CC#CC#CCCCO	1.29999995	130121963	COCONUT:(CNP0288304);Natural Products:(UNPD125056);PubChem:(130121963)	2129922
31	1	N/A	-170.9614024795127	C9H8O	[M + H]+	KCZQNAOFWQGLCN	InChI=1S/C9H8O/c1-7-2-3-9-8(6-7)4-5-10-9/h2-6H,1H3	5-Methylbenzofuran	CC1=CC2=C(C=C1)OC=C2	2.70000005	33103;59374864	NORMAN:(NS00026052);PubChem:(33103 59374864);KEGG Mine	8590196738
32	1	N/A	-183.3101154576648	C9H8O	[M + H]+	PHQXPPBIJBCIMI	InChI=1S/C9H8O/c1-7-3-2-4-8-5-6-10-9(7)8/h2-6H,1H3	7-Methylbenzofuran	CC1=C2C(=CC=C1)C=CO2	2.70000005	33105	NORMAN:(NS00025592);PubChem:(33105);KEGG Mine	8590196738
33	1	N/A	-186.77893126405894	C9H8O	[M + H]+	WHVOFFPTHILKQP	InChI=1S/C9H8O/c1-2-3-4-5-6-7-8-9-10/h1,5,7,10H,8-9H2	nona-3,4-dien-6,8-diyn-1-ol	C#CC#CC=C=CCCO	0.800000012	15560105	COCONUT:(CNP0151369);MeSH:(15560105);Natural Products:(UNPD39894);PubChem:(15560105);PubMed	2129990
34	1	N/A	-189.23247101019484	C9H8O	[M + H]+	JCIDEANDDNSHQC	InChI=1S/C9H8O/c1-2-6-9-8(4-1)5-3-7-10-9/h1-4,6-7H,5H2	4H-chromene	C1C=COC2=CC=CC=C21	2.29999995	136068;70018939;118433445;118434229	PubChem:(136068 70018939 118433445 118434229);PubMed;CHEBI:(35603)	98
35	1	N/A	-194.89143099617462	C9H8O	[M + H]+	UKGCFMYYDATGNN	InChI=1S/C9H8O/c1-2-4-7-6(3-1)5-8-9(7)10-8/h1-4,8-9H,5H2	Indene oxide	C1C2C(O2)C3=CC=CC=C31	1.5	1512567;1512568;92838;11170992;59727200;98048247;135054932	PubChem:(1512567 1512568 92838 11170992 59727200 98048247 135054932);PubMed;Biocyc:(CPD-10096);ZINC bio:(ZINC01433171 ZINC01433172)	10306
36	1	N/A	-235.1025604291928	C9H8O	[M + H]+	GBZVRGRJVDGXNF	InChI=1S/C9H8O/c1-2-3-4-6-9-7-5-8-10-9/h1,6H,5,7-8H2	null	C#CC#CC=C1CCCO1	2.1323874	""	COCONUT:(CNP0210951);Natural Products:(UNPD199391 UNPD220347 UNPD68200)	2129920
1	1	N/A	-39.91338887266309	C9H10O2	[M - H2O + H]+	GJMPSRSMBJLKKB	InChI=1S/C9H10O2/c1-7-3-2-4-8(5-7)6-9(10)11/h2-5H,6H2,1H3,(H,10,11)	3-Tolylacetate	CC1=CC(=CC=C1)CC(=O)O	1.96537805	12121;6951344;101878465	HMDB:(2222);ZINC bio:(ZINC00404470);additional;PubMed;NORMAN:(NS00034931);COCONUT:(CNP0296551);PubChem:(12121 6951344 101878465);YMDB Mine;CHEBI:(88356);PubChem class - bio and metabolites;EcoCyc Mine;PubChem class - safety and toxic;KEGG Mine	60216320106
2	1	N/A	-41.09343523009519	C9H10O2	[M - H2O + H]+	XMIIGOLPHOKFCH	InChI=1S/C9H10O2/c10-9(11)7-6-8-4-2-1-3-5-8/h1-5H,6-7H2,(H,10,11)	bmse000675	C1=CC=C(C=C1)CCC(=O)O	1.93121374	107;3826083;4740700;10678437;12008841;10820731;12216214;12216216;12216217;12216218;12216221;10012096;11263609;16213357;54477072;54477073;71308833;88211622;88212834;90471739;101356082;100943780;123300332;123695614	HMDB:(764);PubChem class - food;SuperNatural:(SN00117446 SN00249518);ZINC bio:(ZINC00154564);additional;MeSH:(107 4740700);Plantcyc:(3-PHENYLPROPIONATE);PubMed;NORMAN:(NS00002042);COCONUT:(CNP0082808 CNP0298094);Natural Products:(UNPD169043);PubChem:(107 3826083 4740700 10678437 12008841 10820731 12216214 12216216 12216217 12216218 12216221 10012096 11263609 16213357 54477072 54477073 71308833 88211622 88212834 90471739 101356082 100943780 123300332 123695614);YMDB Mine;CHEBI:(28631 51057);PubChem class - bio and metabolites;KEGG:(C05629);PubChem class - safety and toxic;Biocyc:(3-PHENYLPROPIONATE)	34581948782
3	1	N/A	-43.731895218578465	C9H10O2	[M - H2O + H]+	RZWGTXHSYZGXKF	InChI=1S/C9H10O2/c1-7-4-2-3-5-8(7)6-9(10)11/h2-5H,6H2,1H3,(H,10,11)	2-Tolylacetic acid	CC1=CC=CC=C1CC(=O)O	1.96537805	69519;6946347;101878464	NORMAN:(NS00035699);PubChem:(69519 6946347 101878464);YMDB Mine;ZINC bio:(ZINC00330698);EcoCyc Mine;PubChem class - safety and toxic;PubMed;KEGG Mine	60196921410
4	1	N/A	-46.57550112191333	C9H10O2	[M - H2O + H]+	GXXXUZIRGXYDFP	InChI=1S/C9H10O2/c1-7-2-4-8(5-3-7)6-9(10)11/h2-5H,6H2,1H3,(H,10,11)	Tolylacetic acid	CC1=CC=C(C=C1)CC(=O)O	1.96537805	248474;7014866;101878466;117627701	NORMAN:(NS00034976);PubChem:(248474 7014866 101878466 117627701);YMDB Mine;ZINC bio:(ZINC02504407);additional;EcoCyc Mine;PubChem class - safety and toxic;PubMed;KEGG Mine	60197445698
5	1	N/A	-62.909344413198845	C9H10O2	[M - H2O + H]+	CRZQGDNQQAALAY	InChI=1S/C9H10O2/c1-11-9(10)7-8-5-3-2-4-6-8/h2-6H,7H2,1H3	Methyl alpha-toluate	COC(=O)CC1=CC=CC=C1	1.89172947	7559;12254368;44251455;101137827	HMDB:(32617);PubChem class - food;SuperNatural:(SN00155788);ZINC bio:(ZINC00388061);HSDB:(101-41-7);MeSH:(7559);PubMed;NORMAN:(NS00001353);COCONUT:(CNP0328249);KNApSAcK:(51576);Natural Products:(UNPD91903);PubChem:(7559 12254368 44251455 101137827);YMDB Mine;PubChem class - bio and metabolites;EcoCyc Mine;PubChem class - safety and toxic;KEGG Mine	60351095390
6	1	N/A	-66.75993416033629	C9H10O2	[M - H2O + H]+	XZRHNAFEYMSXRG	InChI=1S/C9H10O2/c1-6-3-4-7(2)8(5-6)9(10)11/h3-5H,1-2H3,(H,10,11)	Isoxylic acid	CC1=CC(=C(C=C1)C)C(=O)O	2.20000005	11892;5158281	NORMAN:(NS00034554);COCONUT:(CNP0054256 CNP0331077);Natural Products:(UNPD95829);PubChem:(11892 5158281);SuperNatural:(SN00288428 SN00001195);CHEBI:(64826 64825);ZINC bio:(ZINC00157322);PubChem class - safety and toxic;PubMed;KEGG Mine	8660492386
7	1	N/A	-67.18018379993133	C9H10O2	[M - H2O + H]+	YPGCWEMNNLXISK	InChI=1S/C9H10O2/c1-7(9(10)11)8-5-3-2-4-6-8/h2-7H,1H3,(H,10,11)	phenylpropionate	CC(C1=CC=CC=C1)C(=O)O	1.85542953	10296;446626;2724622;5249702;12100581;11309603;11984150;22851226;41097325;88011613;88114684;101178527;101178528;101178529;100986053;101938670;135012567	HMDB:(11743);PubChem class - food;SuperNatural:(SN00268252 SN00333112);ZINC bio:(ZINC00391877 ZINC00391878);additional;MeSH:(10296);Plantcyc:(CPD-19608);PubMed;NORMAN:(NS00006882);COCONUT:(CNP0076116 CNP0224074);Natural Products:(UNPD60733 UNPD20393);PubChem:(10296 446626 2724622 5249702 12100581 11309603 11984150 22851226 41097325 88011613 88114684 101178527 101178528 101178529 100986053 101938670 135012567);CHEBI:(48527 43035 48526);PubChem class - bio and metabolites;EcoCyc Mine;PubChem class - safety and toxic;Biocyc:(CPD-19608);KEGG Mine	25992013934
8	1	N/A	-69.02506821847113	C9H10O2	[M - H2O + H]+	RIZUCYSQUWMQLX	InChI=1S/C9H10O2/c1-6-4-3-5-8(7(6)2)9(10)11/h3-5H,1-2H3,(H,10,11)	hemellitate	CC1=C(C(=CC=C1)C(=O)O)C	2.28711748	11782;6932386	NORMAN:(NS00034348);PubChem:(11782 6932386);CHEBI:(64823 64824);additional;MeSH:(11782 6932386);PubChem class - safety and toxic;PubMed;KEGG Mine	8657829990
9	1	N/A	-77.49172092277414	C9H10O2	[M - H2O + H]+	OPVAJFQBSDUNQA	InChI=1S/C9H10O2/c1-6-3-4-8(9(10)11)5-7(6)2/h3-5H,1-2H3,(H,10,11)	3,4-dimethylbenzoate	CC1=C(C=C(C=C1)C(=O)O)C	2.28711748	12073;3699362	HMDB:(2237);SuperNatural:(SN00267081 SN00155743);ZINC bio:(ZINC00098166);additional;MeSH:(12073 3699362);PubMed;NORMAN:(NS00015549);COCONUT:(CNP0032928 CNP0109169);Natural Products:(UNPD36689);PubChem:(12073 3699362);CHEBI:(64820 64818);PubChem class - bio and metabolites;PubChem class - safety and toxic;Training Set;KEGG Mine	8677810286
10	1	N/A	-81.02084464017662	C9H10O2	[M - H2O + H]+	CGMMPMYKMDITEA	InChI=1S/C9H10O2/c1-2-7-5-3-4-6-8(7)9(10)11/h3-6H,2H2,1H3,(H,10,11)	2-ethylbenzoate	CCC1=CC=CC=C1C(=O)O	2.25295305	34170;6950861	PubChem class - safety and toxic;PubChem:(34170 6950861);PubMed;KEGG Mine	8657043522
11	1	N/A	-81.71578715504953	C9H10O2	[M - H2O + H]+	CPXCDEMFNPKOEF	InChI=1S/C9H10O2/c1-7-4-3-5-8(6-7)9(10)11-2/h3-6H,1-2H3	Methyl 3-toluate	CC1=CC(=CC=C1)C(=O)OC	2.21346879	7435	NORMAN:(NS00040549);COCONUT:(CNP0189828);Natural Products:(UNPD201);PubChem:(7435);SuperNatural:(SN00229005);ZINC bio:(ZINC03875679);MeSH:(7435);PubChem class - safety and toxic;PubMed;KEGG Mine	8660492358
12	1	N/A	-82.94434851583404	C9H10O2	[M - H2O + H]+	UMVOQQDNEYOJOK	InChI=1S/C9H10O2/c1-6-3-7(2)5-8(4-6)9(10)11/h3-5H,1-2H3,(H,10,11)	mesitylenate	CC1=CC(=CC(=C1)C(=O)O)C	2.28711748	10356;6946311;121487914	NORMAN:(NS00031981);COCONUT:(CNP0057677);PubChem:(10356 6946311 121487914);SuperNatural:(SN00001325);CHEBI:(64822 64821);ZINC bio:(ZINC00330139);MeSH:(10356 6946311);PubChem class - safety and toxic;PubMed;KEGG Mine	8660459622
13	1	N/A	-83.63601487669484	C9H10O2	[M - H2O + H]+	BKYWPNROPGQIFZ	InChI=1S/C9H10O2/c1-6-3-4-8(9(10)11)7(2)5-6/h3-5H,1-2H3,(H,10,11)	2,4-dimethylbenzoate	CC1=CC(=C(C=C1)C(=O)O)C	2.28711748	11897;6950159	NORMAN:(NS00034568);COCONUT:(CNP0242042);PubChem:(11897 6950159);SuperNatural:(SN00001374);CHEBI:(64812 64811);ZINC bio:(ZINC00388239);MeSH:(11897);PubChem class - safety and toxic;YMDB:(2315);PubMed;KEGG Mine	8660525158
14	1	N/A	-90.31198689393793	C9H10O2	[M - H2O + H]+	CFIXBVCCQDUDPW	InChI=1S/C9H10O2/c1-7(11)9-4-2-3-8(5-9)6-10/h2-7,11H,1H3	null	CC(C1=CC=CC(=C1)C=O)O	1.57067466	57522053;102041342;124635695	PubChem:(57522053 102041342 124635695);PubChem class - safety and toxic	67108866
15	1	N/A	-92.09107056465861	C9H10O2	[M - H2O + H]+	HCBHQDKBSKYGCK	InChI=1S/C9H10O2/c1-6-4-3-5-7(2)8(6)9(10)11/h3-5H,1-2H3,(H,10,11)	zlchem 286	CC1=C(C(=CC=C1)C)C(=O)O	2.28711748	12439;10654400;6946754;71777152;88949374;101390626;101390628;121487908	NORMAN:(NS00035396);COCONUT:(CNP0362277);PubChem:(12439 10654400 6946754 71777152 88949374 101390626 101390628 121487908);SuperNatural:(SN00001332);CHEBI:(64828 64827);ZINC bio:(ZINC00335492);PubChem class - safety and toxic;PubMed;KEGG Mine	8660459618
16	1	N/A	-92.31192952818158	C9H10O2	[M - H2O + H]+	WVWZECQNFWFVFW	InChI=1S/C9H10O2/c1-7-5-3-4-6-8(7)9(10)11-2/h3-6H,1-2H3	Methyl o-toluate	CC1=CC=CC=C1C(=O)OC	2.21346879	33094	NORMAN:(NS00039340);PubChem class - safety and toxic;PubChem:(33094);PubMed;KEGG Mine	8657305666
17	1	N/A	-92.81493340358487	C9H10O2	[M - H2O + H]+	PQCFUZMQHVIOSM	InChI=1S/C9H10O2/c10-7-6-9(11)8-4-2-1-3-5-8/h1-5,10H,6-7H2	3-Hydroxypropiophenone	C1=CC=C(C=C1)C(=O)CCO	1.31718957	569605	MeSH:(569605);PubChem:(569605);PubMed;PubChem class - bio and metabolites	16777286
18	1	N/A	-95.88154001283173	C9H10O2	[M - H2O + H]+	ZQVKTHRQIXSMGY	InChI=1S/C9H10O2/c1-2-7-3-5-8(6-4-7)9(10)11/h3-6H,2H2,1H3,(H,10,11)	4-ethylbenzoate	CCC1=CC=C(C=C1)C(=O)O	2.25295305	12086;5123904;11240591;16213385;66995339	HMDB:(2097);ZINC bio:(ZINC00132913);additional;MeSH:(12086 5123904);PubMed;NORMAN:(NS00010673);COCONUT:(CNP0225284);PubChem:(12086 5123904 11240591 16213385 66995339);CHEBI:(90074);PubChem class - bio and metabolites;PubChem class - safety and toxic;Training Set;PubChem class - drug;Biocyc:(CPD-9172);KEGG Mine	8710285422
19	1	N/A	-97.02717275805351	C9H10O2	[M - H2O + H]+	BQWQTLKHBHLJAQ	InChI=1S/C9H10O2/c1-11-7-9-4-2-3-8(5-9)6-10/h2-6H,7H2,1H3	3-(methoxymethyl)benzaldehyde	COCC1=CC(=CC=C1)C=O	1.52788198	12245623	PubChem:(12245623);PubChem class - safety and toxic	67108866
20	1	N/A	-105.09563887305849	C9H10O2	[M - H2O + H]+	WLVPRARCUSRDNI	InChI=1S/C9H10O2/c1-7(10)9(11)8-5-3-2-4-6-8/h2-7,10H,1H3	alpha-hydroxypropiophenone	CC(C(=O)C1=CC=CC=C1)O	1.39999998	101121;10130043;11804935	NORMAN:(NS00046783);PubChem:(101121 10130043 11804935);CHEBI:(63553);ZINC bio:(ZINC01594729 ZINC06035988);Plantcyc:(CPD-15061);PubMed;Biocyc:(CPD-15061);KEGG Mine	8590338146
21	1	N/A	-110.40852126296	C9H10O2	[M - H2O + H]+	VNSQYSFEIBZPHF	InChI=1S/C9H10O2/c1-7-4-3-5-8(6-10)9(7)11-2/h3-6H,1-2H3	2-methoxy-3-methylbenzaldehyde	CC1=C(C(=CC=C1)C=O)OC	1.70000005	6484418	PubChem class - safety and toxic;PubChem:(6484418);KEGG Mine	8657043458
22	1	N/A	-111.20616444933486	C9H10O2	[M - H2O + H]+	MYLBIQHZWFWSMH	InChI=1S/C9H10O2/c1-7-5-8(6-10)3-4-9(7)11-2/h3-6H,1-2H3	3-Methyl-4-anisaldehyde	CC1=C(C=CC(=C1)C=O)OC	2.04651833	122936;90049018	NORMAN:(NS00029324);COCONUT:(CNP0009035);PubChem:(122936 90049018);KEGG Mine	8592293890
23	1	N/A	-111.3496656935301	C9H10O2	[M - H2O + H]+	QUKGYYKBILRGFE	InChI=1S/C9H10O2/c1-8(10)11-7-9-5-3-2-4-6-9/h2-6H,7H2,1H3	benzyl-acetate	CC(=O)OCC1=CC=CC=C1	1.72976816	8785;10796927;12205930;12205931;12205933;13905352;101161868;119077188	HMDB:(31310);PubChem class - food;SuperNatural:(SN00155763);ZINC bio:(ZINC00157134);additional;HSDB:(140-11-4);MeSH:(8785);Plantcyc:(CPD-6501);PubMed;NORMAN:(NS00002107);COCONUT:(CNP0361944);KNApSAcK:(35535);Natural Products:(UNPD118698);PubChem:(8785 10796927 12205930 12205931 12205933 13905352 101161868 119077188);CHEBI:(52051);PubChem class - bio and metabolites;KEGG:(C15513);PubChem class - safety and toxic;Biocyc:(CPD-6501)	222210942
24	1	N/A	-112.03968703967172	C9H10O2	[M - H2O + H]+	BAYUSCHCCGXLAY	InChI=1S/C9H10O2/c1-7(10)8-4-3-5-9(6-8)11-2/h3-6H,1-2H3	3-acetanisole	CC(=O)C1=CC(=CC=C1)OC	1.65255427	11460;10534851;102064512	NORMAN:(NS00020529);COCONUT:(CNP0402576);Natural Products:(UNPD58805);PubChem:(11460 10534851 102064512);SuperNatural:(SN00305301);ZINC bio:(ZINC01692471);PubChem class - safety and toxic;PubMed	70557762
25	1	N/A	-113.67414871051845	C9H10O2	[M - H2O + H]+	NGXPBXCMBMHKRQ	InChI=1S/C9H10O2/c10-7-9(11)6-8-4-2-1-3-5-8/h1-5,7,9,11H,6H2	2-hydroxy-3-phenylpropanal	C1=CC=C(C=C1)CC(C=O)O	1.10000002	10964677;17761584;87068877	HMDB:(135276);PubChem:(10964677 17761584 87068877);KEGG Mine;PubChem class - bio and metabolites	8606711818
26	1	N/A	-114.85649520843995	C9H10O2	[M - H2O + H]+	NTPLXRHDUXRPNE	InChI=1S/C9H10O2/c1-7(10)8-3-5-9(11-2)6-4-8/h3-6H,1-2H3	Novatone	CC(=O)C1=CC=C(C=C1)OC	1.65255427	7476;10511048;13001526;72735665;85837329;102064511;122216512;139244496	HMDB:(32570);PubChem class - food;SuperNatural:(SN00043585);ZINC bio:(ZINC00157405);additional;HSDB:(100-06-1);MeSH:(7476);PubMed;NORMAN:(NS00006071);COCONUT:(CNP0278778);Natural Products:(UNPD143444);PubChem:(7476 10511048 13001526 72735665 85837329 102064511 122216512 139244496);CHEBI:(86567);PubChem class - bio and metabolites;PubChem class - safety and toxic;Training Set;KEGG Mine	8812028526
27	1	N/A	-116.23330886328083	C9H10O2	[M - H2O + H]+	QSSJZLPUHJDYKF	InChI=1S/C9H10O2/c1-7-3-5-8(6-4-7)9(10)11-2/h3-6H,1-2H3	Methyl 4-toluate	CC1=CC=C(C=C1)C(=O)OC	2.21346879	7455;12233497;11435054	NORMAN:(NS00003208);COCONUT:(CNP0137727);Natural Products:(UNPD145244);PubChem class - food;PubChem:(7455 12233497 11435054);SuperNatural:(SN00399054);ZINC bio:(ZINC00391965);HSDB:(99-75-2);PubChem class - safety and toxic;PubMed;KEGG Mine	8794710594
28	1	N/A	-119.24570816864605	C9H10O2	[M - H2O + H]+	CJVIGQCGJUDKOE	InChI=1S/C9H10O2/c1-7-3-4-9(11-2)8(5-7)6-10/h3-6H,1-2H3	2-Methoxy-5-methylbenzaldehyde	CC1=CC(=C(C=C1)OC)C=O	2.04651833	591398	PubChem:(591398);PubChem class - safety and toxic	67108866
29	1	N/A	-121.87122866302376	C9H10O2	[M - H2O + H]+	WIMHGKDTXQGFLJ	InChI=1S/C9H10O2/c10-9(11)7-6-8-4-2-1-3-5-8/h1-7,9-11H	(E)-3-phenylprop-2-ene-1,1-diol	C1=CC=C(C=C1)C=CC(O)O	1.54359901	444538;54432533	PubChem:(444538 54432533);KEGG Mine;PubChem class - bio and metabolites	8606711810
30	1	N/A	-122.03380072027616	C9H10O2	[M - H2O + H]+	NFNOAHXEQXMCGT	InChI=1S/C9H10O2/c10-6-7-11-8-9-4-2-1-3-5-9/h1-6H,7-8H2	ACMC-20ahpl	C1=CC=C(C=C1)COCC=O	1.10000002	108989;12465780;59317348;58475015;87402022	NORMAN:(NS00034422);PubChem class - safety and toxic;PubChem:(108989 12465780 59317348 58475015 87402022);PubMed	67371074
31	1	N/A	-122.5292255057208	C9H10O2	[M - H2O + H]+	ZBFFNPODXBJBPW	InChI=1S/C9H10O2/c1-7(10)9(11)8-5-3-2-4-6-8/h2-6,9,11H,1H3	Phenylacetylcarbinol	CC(=O)C(C1=CC=CC=C1)O	1.0	92733;9815225;9920426;101264468	NORMAN:(NS00003919);PubChem:(92733 9815225 9920426 101264468);MeSH:(92733);PubChem class - safety and toxic;PubMed;KEGG Mine	8657305670
32	1	N/A	-123.66794841614266	C9H10O2	[M - H2O + H]+	DWPLEOPKBWNPQV	InChI=1S/C9H10O2/c1-7(10)8-5-3-4-6-9(8)11-2/h3-6H,1-2H3	o-Acetanisole	CC(=O)C1=CC=CC=C1OC	1.65255427	68481;102064513	NORMAN:(NS00022412);COCONUT:(CNP0231240);HMDB:(32569);PubChem:(68481 102064513);ZINC bio:(ZINC01602584);PubChem class - bio and metabolites;MeSH:(68481);PubChem class - safety and toxic;PubMed	86253646
33	1	N/A	-126.0952377106458	C9H10O2	[M - H2O + H]+	NRIVMXXOUOBRAG	InChI=1S/C9H10O2/c1-11-9-4-2-8(3-5-9)6-7-10/h2-5,7H,6H2,1H3	2-(4-methoxyphenyl)ethanal	COC1=CC=C(C=C1)CC=O	1.72477901	79782	NORMAN:(NS00022399);COCONUT:(CNP0207724);Natural Products:(UNPD106272);PubChem class - food;PubChem:(79782);SuperNatural:(SN00257444);ZINC bio:(ZINC02581183);EcoCyc Mine;PubMed;KEGG Mine	25907470402
34	1	N/A	-126.23481104195731	C9H10O2	[M - H2O + H]+	QLUHWZADTAIBKK	InChI=1S/C9H10O2/c1-7-4-3-5-9(11-2)8(7)6-10/h3-6H,1-2H3	2-methoxy-6-methylbenzaldehyde	CC1=C(C(=CC=C1)OC)C=O	1.70000005	640238	COCONUT:(CNP0303374);Natural Products:(UNPD59812);PubChem:(640238);SuperNatural:(SN00264839);ZINC bio:(ZINC14488699)	3186690
35	1	N/A	-127.37769905438282	C9H10O2	[M - H2O + H]+	HCVOPFJFJCPIPT	InChI=1S/C9H10O2/c1-7(10)5-8-3-2-4-9(11)6-8/h2-4,6,11H,5H2,1H3	Ambap64479-84-1	CC(=O)CC1=CC(=CC=C1)O	1.40446329	3017523	NORMAN:(NS00053136);PubChem:(3017523);KEGG Mine	8590196738
36	1	N/A	-127.72471392765522	C9H10O2	[M - H2O + H]+	MTZQAGJQAFMTAQ	InChI=1S/C9H10O2/c1-2-11-9(10)8-6-4-3-5-7-8/h3-7H,2H2,1H3	Benzoic ether	CCOC(=O)C1=CC=CC=C1	2.16113091	7165;12201047;12201048;12201053;11240586;46938983;131844334	HMDB:(33967);PubChem class - food;SuperNatural:(SN00155830);ZINC bio:(ZINC00404389);additional;PubMed;NORMAN:(NS00008338);COCONUT:(CNP0341969);Natural Products:(UNPD61328);PubChem:(7165 12201047 12201048 12201053 11240586 46938983 131844334);PubChem class - bio and metabolites;PubChem class - safety and toxic;Training Set	222093386
37	1	N/A	-128.4151625461742	C9H10O2	[M - H2O + H]+	VWMVAQHMFFZQGD	InChI=1S/C9H10O2/c1-7(10)6-8-2-4-9(11)5-3-8/h2-5,11H,6H2,1H3	4-Hydroxyphenylacetone	CC(=O)CC1=CC=C(C=C1)O	1.40446329	7019274	COCONUT:(CNP0263134);Natural Products:(UNPD77857);PubChem:(7019274);ZINC bio:(ZINC02558108);EcoCyc Mine;MeSH:(7019274);PubChem class - safety and toxic;PubMed;KEGG Mine	25839050822
38	1	N/A	-129.9208318997262	C9H10O2	[M - H2O + H]+	JRHHJNMASOIRDS	InChI=1S/C9H10O2/c1-2-11-9-5-3-8(7-10)4-6-9/h3-7H,2H2,1H3	Homoanisaldehyde	CCOC1=CC=C(C=C1)C=O	1.99418032	24834	NORMAN:(NS00012359);COCONUT:(CNP0125855);HMDB:(33970);Natural Products:(UNPD81894);PubChem class - food;PubChem:(24834);SuperNatural:(SN00264375);ZINC bio:(ZINC00157145);PubChem class - bio and metabolites;PubChem class - safety and toxic;PubMed	221552714
39	1	N/A	-131.08056016343454	C9H10O2	[M - H2O + H]+	YXOGDBMOFMQLEU	InChI=1S/C9H10O2/c1-2-9(11)7-4-3-5-8(10)6-7/h3-6,10H,2H2,1H3	3''-Hydroxypropiophenone	CCC(=O)C1=CC(=CC=C1)O	1.83582604	83141	NORMAN:(NS00024142);PubChem class - safety and toxic;PubChem:(83141);PubMed	67371074
40	1	N/A	-131.20411550372526	C9H10O2	[M - H2O + H]+	RARSHUDCJQSEFJ	InChI=1S/C9H10O2/c1-2-9(11)7-3-5-8(10)6-4-7/h3-6,10H,2H2,1H3	Bio-fren	CCC(=O)C1=CC=C(C=C1)O	1.83582604	6271;14258468	ZINC bio:(ZINC00001890);additional;MeSH:(6271);PubMed;NORMAN:(NS00003309);COCONUT:(CNP0353024);Natural Products:(UNPD72441);PubChem:(6271 14258468);CHEBI:(32352);KEGG:(C13342);PubChem class - safety and toxic;Biocyc:(CPD-16871)	70035814
41	1	N/A	-132.20307883375995	C9H10O2	[M - H2O + H]+	QZMGMXBYJZVAJN	InChI=1S/C9H10O2/c1-2-11-9-5-3-4-8(6-9)7-10/h3-7H,2H2,1H3	3-Ethoxybenzaldehyde	CCOC1=CC=CC(=C1)C=O	1.99418032	89908	NORMAN:(NS00027301);PubChem class - safety and toxic;PubChem:(89908);PubMed;ZINC bio:(ZINC00163359)	67379266
42	1	N/A	-132.3694941079998	C9H10O2	[M - H2O + H]+	YRNDGUSDBCARGC	InChI=1S/C9H10O2/c1-11-7-9(10)8-5-3-2-4-6-8/h2-6H,7H2,1H3	2-Methoxyacetophenone	COCC(=O)C1=CC=CC=C1	1.5	77698	NORMAN:(NS00030847);PubChem:(77698);PubMed;CHEBI:(52400);KEGG Mine	8590196834
43	1	N/A	-132.5630248249196	C9H10O2	[M - H2O + H]+	TVDHPUFLDYYBPO	InChI=1S/C9H10O2/c1-7-3-4-8(6-10)5-9(7)11-2/h3-6H,1-2H3	3-Methoxy-4-methylbenzaldehyde	CC1=C(C=C(C=C1)C=O)OC	2.04651833	4715095	PubChem:(4715095);PubChem class - safety and toxic	67108866
44	1	N/A	-135.36428234565443	C9H10O2	[M - H2O + H]+	CDJJKTLOZJAGIZ	InChI=1S/C9H10O2/c1-7-3-5-9(6-4-7)11-8(2)10/h3-6H,1-2H3	Narceol	CC1=CC=C(C=C1)OC(=O)C	2.2484045	8797	HMDB:(32075);PubChem class - food;SuperNatural:(SN00155840);ZINC bio:(ZINC00409286);MeSH:(8797);PubMed;NORMAN:(NS00006727);COCONUT:(CNP0227103);Natural Products:(UNPD113259);PubChem:(8797);YMDB Mine;CHEBI:(9627);PubChem class - bio and metabolites;KEGG:(C01963);PubChem class - safety and toxic	34581291374
45	1	N/A	-135.42738864925346	C9H10O2	[M - H2O + H]+	OTGAHJPFNKQGAE	InChI=1S/C9H10O2/c1-7-4-3-5-9(6-7)11-8(2)10/h3-6H,1-2H3	Cresatin	CC1=CC(=CC=C1)OC(=O)C	2.2484045	67406	SuperNatural:(SN00011030);ZINC bio:(ZINC04284473);additional;MeSH:(67406);PubMed;NORMAN:(NS00012122);COCONUT:(CNP0423566);PubChem:(67406);YMDB Mine;CHEBI:(134772);Training Set;PubChem class - drug;KEGG Mine	42987184230
46	1	N/A	-136.00061590070413	C9H10O2	[M - H2O + H]+	GSXXASFBNUNZBP	InChI=1S/C9H10O2/c10-7-6-9(11)8-4-2-1-3-5-8/h1-5,7,9,11H,6H2	null	C1=CC=C(C=C1)C(CC=O)O	0.5	12224096;12224097;13061659	HMDB:(135277);PubChem:(12224096 12224097 13061659);YMDB Mine;PubChem class - bio and metabolites;PubMed;KEGG Mine	42966450250
47	1	N/A	-136.32827313161056	C9H10O2	[M - H2O + H]+	YOMSJEATGXXYPX	InChI=1S/C9H10O2/c1-3-7-4-5-8(10)9(6-7)11-2/h3-6,10H,1H2,2H3	Allspice	COC1=C(C=CC(=C1)C=C)O	2.02967095	332;139026123	HMDB:(13744);PubChem class - food;SuperNatural:(SN00156511);ZINC bio:(ZINC01849800);additional;MeSH:(332);Plantcyc:(CPD-1072);PubMed;NORMAN:(NS00005168);COCONUT:(CNP0357819);KNApSAcK:(29546);Natural Products:(UNPD42611);PubChem:(332 139026123);CHEBI:(42438);PubChem class - bio and metabolites;EcoCyc Mine;KEGG:(C17883);PubChem class - safety and toxic;YMDB:(1624);Training Set;Biocyc:(CPD-1072)	17402161534
48	1	N/A	-137.34832798966906	C9H10O2	[M - H2O + H]+	VKQKGJHUFQGOIX	InChI=1S/C9H10O2/c1-11-9-5-3-2-4-8(9)6-7-10/h2-5,7H,6H2,1H3	2-(2-methoxyphenyl)ethanal	COC1=CC=CC=C1CC=O	1.72477901	269548	PubChem:(269548);PubChem class - safety and toxic	67108866
49	1	N/A	-138.20258888012853	C9H10O2	[M - H2O + H]+	RUDZCBJWUDOPTP	InChI=1S/C9H10O2/c1-8(11-7-10)9-5-3-2-4-6-9/h2-8H,1H3	Styralyl formate	CC(C1=CC=CC=C1)OC=O	2.0	346286;76963066;76963067	NORMAN:(NS00045795);COCONUT:(CNP0002788);HMDB:(37715);PubChem class - food;PubChem:(346286 76963066 76963067);PubChem class - bio and metabolites	153354250
50	1	N/A	-139.38867079019406	C9H10O2	[M - H2O + H]+	HLZZDTVXNYNFKH	InChI=1S/C9H10O2/c1-9(6-4-8-11)5-2-3-7-10/h2-8H,1H3	(2E,4E,6E)-4-methylocta-2,4,6-trienedial	CC(=CC=CC=O)C=CC=O	1.29999995	44224057	COCONUT:(CNP0179578);PubChem:(44224057);CHEBI:(53176);PubChem class - bio and metabolites;KEGG:(C20697);Plantcyc:(CPD-13370);PubMed;Biocyc:(CPD-13370);KEGG Mine	8608942434
51	1	N/A	-141.99075017493053	C9H10O2	[M - H2O + H]+	QWAVNXZAQASOML	InChI=1S/C9H10O2/c1-8(10)7-11-9-5-3-2-4-6-9/h2-6H,7H2,1H3	Phenoxyacetone	CC(=O)COC1=CC=CC=C1	1.58823347	69313	NORMAN:(NS00034955);PubChem:(69313);MeSH:(69313);PubChem class - safety and toxic;PubMed;KEGG Mine	8657305670
52	1	N/A	-141.99301560102137	C9H10O2	[M - H2O + H]+	HFSLRPOLEJCQSY	InChI=1S/C9H10O2/c1-3-4-5-6-7-8-9(10)11-2/h3-4,7-8H,1-2H3	null	CC=CC#CC=CC(=O)OC	1.94926226	""	COCONUT:(CNP0382166);Natural Products:(UNPD82451)	2129920
53	1	N/A	-142.19101999830835	C9H10O2	[M - H2O + H]+	JYUMPCCBZLRYNV	InChI=1S/C9H10O2/c1-3-7-4-8(10)6-9(5-7)11-2/h3-6,10H,1H2,2H3	3-ethenyl-5-methoxyphenol	COC1=CC(=CC(=C1)O)C=C	2.29999995	20872618	HMDB:(125532);PubChem:(20872618);KEGG Mine;PubChem class - bio and metabolites	8606711818
54	1	N/A	-143.17603316098732	C9H10O2	[M - H2O + H]+	PTNLHDGQWUGONS	InChI=1S/C9H10O2/c10-7-1-2-8-3-5-9(11)6-4-8/h1-6,10-11H,7H2	bmse000592	C1=CC(=CC=C1C=CCO)O	1.29999995	94274;5280535;10898896;11521112;11535595;12641150;11105620;16109933	HMDB:(3654 135644);SuperNatural:(SN00156126 SN00278545);ZINC bio:(ZINC01529484 ZINC13520456);additional;MeSH:(94274 5280535);Plantcyc:(COUMARYL-ALCOHOL);PubMed;COCONUT:(CNP0243646);KNApSAcK:(31420);Natural Products:(UNPD169879 UNPD228731 UNPD156043);PubChem:(94274 5280535 10898896 11521112 11535595 12641150 11105620 16109933);CHEBI:(64555 28386);PubChem class - bio and metabolites;KEGG:(C02646);PubChem class - safety and toxic;Training Set;Biocyc:(COUMARYL-ALCOHOL)	87746942
55	1	N/A	-144.45532694491197	C9H10O2	[M - H2O + H]+	DYUMLJSJISTVPV	InChI=1S/C9H10O2/c1-2-9(10)11-8-6-4-3-5-7-8/h3-7H,2H2,1H3	Phenyl propionate	CCC(=O)OC1=CC=CC=C1	2.35802794	12497	NORMAN:(NS00020861);COCONUT:(CNP0392371);Natural Products:(UNPD46774);PubChem:(12497);SuperNatural:(SN00261763);ZINC bio:(ZINC01694849);PubChem class - safety and toxic;PubMed	70557762
56	1	N/A	-145.43116297367237	C9H10O2	[M - H2O + H]+	UGNPXYBKDPBTAZ	InChI=1S/C9H10O2/c1-2-9(11)7-3-5-8(10)6-4-7/h2-6,9-11H,1H2	4-(1-hydroxyprop-2-enyl)phenol	C=CC(C1=CC=C(C=C1)O)O	1.5	14018450;45082905;92466577	COCONUT:(CNP0280373);Natural Products:(UNPD44540 UNPD150603);PubChem:(14018450 45082905 92466577);SuperNatural:(SN00256227 SN00380383);ZINC bio:(ZINC14505071 ZINC14505074);PubMed;KEGG Mine	8593121346
57	1	N/A	-146.24071570595797	C9H10O2	[M - H2O + H]+	HPSRCRQFUTWGJS	InChI=1S/C9H10O2/c1-8-4-2-3-5-9(8)6-11-7-10/h2-5,7H,6H2,1H3	(2-methylphenyl)methyl formate	CC1=CC=CC=C1COC=O	2.0	2753149	COCONUT:(CNP0058741);PubChem:(2753149);SuperNatural:(SN00126246);ZINC bio:(ZINC03848394);KEGG Mine	8593088514
58	1	N/A	-148.20964270333485	C9H10O2	[M - H2O + H]+	IAMNVCJECQWBLZ	InChI=1S/C9H10O2/c1-6-5-8(11)3-4-9(6)7(2)10/h3-5,11H,1-2H3	3-methyl-4-acetylphenol	CC1=C(C=CC(=C1)O)C(=O)C	1.60000002	70133	NORMAN:(NS00039203);COCONUT:(CNP0234659);PubChem:(70133);CHEBI:(87314);PubChem class - safety and toxic;PubMed;KEGG Mine	8659402850
59	1	N/A	-149.22131456824866	C9H10O2	[M - H2O + H]+	XXTRGLCPRZQPHJ	InChI=1S/C9H10O2/c1-6-3-8(11)4-7(2)9(6)5-10/h3-5,11H,1-2H3	3,5-Dimethyl-4-formylphenol	CC1=CC(=CC(=C1C=O)C)O	2.12016702	591072	PubChem:(591072);PubChem class - safety and toxic	67108866
60	1	N/A	-149.4239518677843	C9H10O2	[M - H2O + H]+	KWNAUDMYKHHEOA	InChI=1S/C9H10O2/c1-8-2-4-9(5-3-8)11-7-6-10/h2-6H,7H2,1H3	p-Cresoxyacetaldehyde	CC1=CC=C(C=C1)OCC=O	1.79999995	105764	NORMAN:(NS00012968);PubChem class - safety and toxic;PubChem:(105764)	67371010
61	1	N/A	-149.73444188080293	C9H10O2	[M - H2O + H]+	IKDIJXDZEYHZSD	InChI=1S/C9H10O2/c10-8-11-7-6-9-4-2-1-3-5-9/h1-5,8H,6-7H2	Phenethyl formate	C1=CC=C(C=C1)CCOC=O	2.0999999	7711	HMDB:(40428);PubChem class - food;SuperNatural:(SN00156290);ZINC bio:(ZINC01597267);PubMed;NORMAN:(NS00013116);COCONUT:(CNP0271229);Natural Products:(UNPD143734);PubChem:(7711);CHEBI:(87417);PubChem class - bio and metabolites;PubChem class - safety and toxic	221552746
62	1	N/A	-150.989506680522	C9H10O2	[M - H2O + H]+	UYGBSRJODQHNLQ	InChI=1S/C9H10O2/c1-6-3-8(5-10)4-7(2)9(6)11/h3-5,11H,1-2H3	zlchem 510	CC1=CC(=CC(=C1O)C)C=O	2.12016702	75222	NORMAN:(NS00027130);COCONUT:(CNP0331607);KNApSAcK:(32638);Natural Products:(UNPD96561);PubChem:(75222);MeSH:(75222);PubChem class - safety and toxic;PubMed	69501014
63	1	N/A	-153.26741784121768	C9H10O2	[M - H2O + H]+	DLIYAKCMSBOEGO	InChI=1S/C9H10O2/c10-6-2-4-8-3-1-5-9(11)7-8/h1-5,7,10-11H,6H2	null	C1=CC(=CC(=C1)O)C=CCO	1.4671737	12641156;53766065;131404823	HMDB:(135280);PubChem:(12641156 53766065 131404823);KEGG Mine;PubChem class - bio and metabolites	8606711818
64	1	N/A	-153.6984428043225	C9H10O2	[M - H2O + H]+	AMZORBZSQRUXNC	InChI=1S/C9H10O2/c1-7-5-3-4-6-9(7)11-8(2)10/h3-6H,1-2H3	Tolyl acetate	CC1=CC=CC=C1OC(=O)C	2.2484045	10778	HMDB:(32073);PubChem class - food;ZINC bio:(ZINC01095311);MeSH:(10778);PubMed;NORMAN:(NS00012123);COCONUT:(CNP0420473);Natural Products:(UNPD63918);PubChem:(10778);YMDB Mine;PubChem class - bio and metabolites;KEGG Mine	43103068238
65	1	N/A	-154.86916554198757	C9H10O2	[M - H2O + H]+	BICRLKUDLCTJHM	InChI=1S/C9H10O2/c10-9(11)7-6-8-4-2-1-3-5-8/h1-2,5-7H,3-4H2,(H,10,11)	3-(1,4-Cyclohexadienyl)acrylic acid	C1C=CCC(=C1)C=CC(=O)O	1.70000005	3016033;6365418	PubChem:(3016033 6365418);MeSH:(6365418)	6
66	1	N/A	-155.57339622432548	C9H10O2	[M - H2O + H]+	YNPDFBFVMJNGKZ	InChI=1S/C9H10O2/c1-6-3-4-9(11)8(5-6)7(2)10/h3-5,11H,1-2H3	o-Acetyl-p-cresol	CC1=CC(=C(C=C1)O)C(=O)C	1.72620273	15068;57847865	NORMAN:(NS00021663);COCONUT:(CNP0189333);HMDB:(32592);Natural Products:(UNPD180717);PubChem class - food;PubChem:(15068 57847865);PubChem class - bio and metabolites;PubChem class - safety and toxic;PubMed	220495946
67	1	N/A	-156.30671887714075	C9H10O2	[M - H2O + H]+	DUVJMSPTZMCSTQ	InChI=1S/C9H10O2/c1-2-11-9-6-4-3-5-8(9)7-10/h3-7H,2H2,1H3	o-Ethoxybenzaldehyde	CCOC1=CC=CC=C1C=O	1.99418032	11950	NORMAN:(NS00034661);COCONUT:(CNP0187800);Natural Products:(UNPD3694);PubChem:(11950);SuperNatural:(SN00297675);ZINC bio:(ZINC00156749);PubChem class - safety and toxic;PubMed	70557762
68	1	N/A	-159.09070625721228	C9H10O2	[M - H2O + H]+	FXEIWOUGVRUQNK	InChI=1S/C9H10O2/c1-3-7-4-5-9(11-2)8(10)6-7/h3-6,10H,1H2,2H3	null	COC1=C(C=C(C=C1)C=C)O	2.02967095	10441857	COCONUT:(CNP0342720);Natural Products:(UNPD104370);PubChem:(10441857);PubMed;KEGG Mine	8592064578
69	1	N/A	-159.2862588788382	C9H10O2	[M - H2O + H]+	ABFVSIMRPXYNKY	InChI=1S/C9H10O2/c10-8-6-4-2-1-3-5-7-9-11/h4,6,10-11H,7-9H2	null	C(CO)C#CC#CC=CCO	0.400000006	101409097	COCONUT:(CNP0385484);Natural Products:(UNPD11540);PubChem:(101409097)	2129922
70	1	N/A	-161.9200726170627	C9H10O2	[M - H2O + H]+	KDUWXMIHHIVXER	InChI=1S/C9H10O2/c1-2-8(10)7-5-3-4-6-9(7)11/h3-6,11H,2H2,1H3	o-Propiophenol	CCC(=O)C1=CC=CC=C1O	1.83582604	69133;101843222	NORMAN:(NS00003335);PubChem class - safety and toxic;PubChem:(69133 101843222);PubMed	67371074
71	1	N/A	-162.34946272241126	C9H10O2	[M - H2O + H]+	LXBHHIZIQVZGFN	InChI=1S/C9H10O2/c1-6-5-8(7(2)10)3-4-9(6)11/h3-5,11H,1-2H3	zlchem 958	CC1=C(C=CC(=C1)C(=O)C)O	1.72620273	70135	NORMAN:(NS00039206);HMDB:(59824);PubChem:(70135);ZINC bio:(ZINC00164888);PubChem class - bio and metabolites;MeSH:(70135);PubChem class - safety and toxic;PubMed;PubChem class - drug;KEGG Mine	8707645518
72	1	N/A	-164.06265079081834	C9H10O2	[M - H2O + H]+	GEVILTWPAPSGDK	InChI=1S/C9H10O2/c1-6-7(2)9(11)4-3-8(6)5-10/h3-5,11H,1-2H3	Benzaldehyde, 4-hydroxy-2,3-dimethyl-	CC1=C(C=CC(=C1C)O)C=O	2.12016702	14694998	PubChem:(14694998);PubChem class - safety and toxic	67108866
73	1	N/A	-167.61420353921903	C9H10O2	[M - H2O + H]+	IXVJBUVOOUSBJO	InChI=1S/C9H10O2/c10-7-1-3-8(4-2-7)11-9-5-6-9/h1-4,9-10H,5-6H2	null	C1CC1OC2=CC=C(C=C2)O	2.0999999	72221095	PubChem:(72221095);PubChem class - safety and toxic	67108866
74	1	N/A	-168.43413346078708	C9H10O2	[M - H2O + H]+	AMQRNDIFPLIQBP	InChI=1S/C9H10O2/c10-6-2-4-8-3-1-5-9(11)7-8/h1,3,5-7,11H,2,4H2	3-(3-Hydroxyphenyl)propanal	C1=CC(=CC(=C1)O)CCC=O	1.76426315	14995208	HMDB:(135278);PubChem:(14995208);PubChem class - bio and metabolites	16777226
75	1	N/A	-170.2343093051458	C9H10O2	[M - H2O + H]+	WTHUWXPBPNTSHJ	InChI=1S/C9H10O2/c1-6-3-4-7(2)9(11)8(6)5-10/h3-5,11H,1-2H3	2-hydroxy-3,6-dimethylbenzaldehyde	CC1=C(C(=C(C=C1)C)O)C=O	2.29999995	819297	PubChem class - safety and toxic;PubChem:(819297);KEGG Mine	8657043458
76	1	N/A	-171.1011122459054	C9H10O2	[M - H2O + H]+	PKDCAGDBZNELSK	InChI=1S/C9H10O2/c1-2-7-3-5-8(10)9(11)6-4-7/h3-6H,2H2,1H3,(H,10,11)	null	CCC1=CC=C(C(=O)C=C1)O	1.6115582	101409091	COCONUT:(CNP0121485);Natural Products:(UNPD78731);PubChem:(101409091);SuperNatural:(SN00383402)	3178498
77	1	N/A	-171.28300174151764	C9H10O2	[M - H2O + H]+	FHEHIXJLCWUPCZ	InChI=1S/C9H10O2/c1-2-3-7-4-5-8(10)9(11)6-7/h2,4-6,10-11H,1,3H2	4-allylcatechol	C=CCC1=CC(=C(C=C1)O)O	2.06915522	70775	HMDB:(135239);SuperNatural:(SN00001634);ZINC bio:(ZINC00586482);MeSH:(70775);PubMed;COCONUT:(CNP0278721);KNApSAcK:(44457);Natural Products:(UNPD20918);PubChem:(70775);YMDB Mine;PubChem class - bio and metabolites;PubChem class - safety and toxic;KEGG Mine	43036745822
78	1	N/A	-174.57779828461315	C9H10O2	[M - H2O + H]+	WBVRPJQJBNAXEF	InChI=1S/C9H10O2/c1-6-3-4-8(10)9(11)5-7(6)2/h3-5H,1-2H3,(H,10,11)	2-hydroxy-5,6-dimethylcyclohepta-2,4,6-trien-1-one	CC1=CC=C(C(=O)C=C1C)O	1.29999995	2755157	COCONUT:(CNP0120086);PubChem:(2755157);SuperNatural:(SN00127734);ZINC bio:(ZINC03851574)	3153922
79	1	N/A	-174.6546993924777	C9H10O2	[M - H2O + H]+	FDIWLEOZUNUOCT	InChI=1S/C9H10O2/c10-7-3-5-8-4-1-2-6-9(8)11/h1-6,10-11H,7H2	Phenol, 2-(3-hydroxy-1-propenyl)-	C1=CC=C(C(=C1)C=CCO)O	1.29999995	12292573;10898863;53793305	HMDB:(134027);PubChem:(12292573 10898863 53793305);KEGG Mine;PubChem class - bio and metabolites	8606711818
80	1	N/A	-177.05892187710833	C9H10O2	[M - H2O + H]+	REEQXZCFSBLNDH	InChI=1S/C9H10O2/c10-7-1-2-8-3-5-9(11)6-4-8/h3-7,11H,1-2H2	Benzenepropanal,4-hydroxy-	C1=CC(=CC=C1CCC=O)O	1.76426315	11957427	COCONUT:(CNP0088339);HMDB:(135279);PubChem:(11957427);SuperNatural:(SN00159663);CHEBI:(80671);ZINC bio:(ZINC19682852);PubChem class - bio and metabolites;KEGG:(C16706)	19931434
81	1	N/A	-177.7026283731832	C9H10O2	[M - H2O + H]+	BUVQAVHZKJNWBR	InChI=1S/C9H10O2/c1-3-7-6(2)8(10)4-5-9(7)11/h3-5,10-11H,1H2,2H3	null	CC1=C(C=CC(=C1C=C)O)O	2.10331941	53702426	COCONUT:(CNP0119904);Natural Products:(UNPD215256);PubChem:(53702426);PubMed	2129986
82	1	N/A	-177.89456191635378	C9H10O2	[M - H2O + H]+	OIPQGYXJLOKPOX	InChI=1S/C9H10O2/c1-6-9(11-6)7-2-4-8(10)5-3-7/h2-6,9-10H,1H3	Phenol, 4-(3-methyloxiranyl)-	CC1C(O1)C2=CC=C(C=C2)O	1.5	71442297	COCONUT:(CNP0275134);Natural Products:(UNPD186393);PubChem:(71442297);SuperNatural:(SN00386026);KEGG Mine	8593113090
83	1	N/A	-178.69539802236844	C9H10O2	[M - H2O + H]+	PVALSANGMFRTQM	InChI=1S/C9H10O2/c10-6-8-9(11-8)7-4-2-1-3-5-7/h1-5,8-10H,6H2	(2S,3S)-Phenylglycidol	C1=CC=C(C=C1)C2C(O2)CO	0.800000012	89553;149229;150502;180596;188583;12040468;12838586;12838587;22847873;87837821	NORMAN:(NS00015735);HMDB:(135281);PubChem:(89553 149229 150502 180596 188583 12040468 12838586 12838587 22847873 87837821);additional;PubChem class - bio and metabolites;PubChem class - safety and toxic;PubMed;KEGG Mine	8674607178
84	1	N/A	-179.6554815683759	C9H10O2	[M - H2O + H]+	JWRBBXQUYVJOLN	InChI=1S/C9H10O2/c1-7(2)8(6-10)9-4-3-5-11-9/h3-6H,1-2H3	2-(2-Furyl)-3-methyl-2-butenal	CC(=C(C=O)C1=CC=CO1)C	1.89999998	555644	COCONUT:(CNP0137976);HMDB:(40925);Natural Products:(UNPD104922);PubChem:(555644);PubChem class - bio and metabolites	18907146
85	1	N/A	-179.746450140586	C9H10O2	[M - H2O + H]+	JUIQOKRNPGGIPV	InChI=1S/C9H10O2/c1-3-7-5-8(10)6(2)4-9(7)11/h4-5H,3H2,1-2H3	2,5-Cyclohexadiene-1,4-dione, 2-ethyl-5-methyl-	CCC1=CC(=O)C(=CC1=O)C	1.6706512	15664192	COCONUT:(CNP0227006);Natural Products:(UNPD217443);PubChem:(15664192)	2129922
86	1	N/A	-180.37168231471497	C9H10O2	[M - H2O + H]+	MDXYNRAMDATLBT	InChI=1S/C9H10O2/c1-2-3-7-4-5-8(10)9(11)6-7/h2-6,10-11H,1H3	1,2-Benzenediol, 4-(1-propenyl)-	CC=CC1=CC(=C(C=C1)O)O	1.98581016	11768740;53399196;67919245	COCONUT:(CNP0370461);Natural Products:(UNPD48761);PubChem:(11768740 53399196 67919245);SuperNatural:(SN00291992);YMDB Mine;PubMed;KEGG Mine	42952851522
87	1	N/A	-180.86291501963825	C9H10O2	[M - H2O + H]+	ZFUSOVIZZGBORZ	InChI=1S/C9H10O2/c1-6-4-3-5-8(11)9(6)7(2)10/h3-5,11H,1-2H3	1-(2-Hydroxy-6-methylphenyl)ethanone	CC1=C(C(=CC=C1)O)C(=O)C	2.20000005	11159401	COCONUT:(CNP0305756);Natural Products:(UNPD62770);PubChem:(11159401);SuperNatural:(SN00290049);ZINC bio:(ZINC14488641);PubMed	3186754
88	1	N/A	-185.2457291831656	C9H10O2	[M - H2O + H]+	PWFKERWVXUISSK	InChI=1S/C9H10O2/c1-6-3-8(5-10)9(11)4-7(6)2/h3-5,11H,1-2H3	2-hydroxy-4,5-dimethylbenzaldehyde	CC1=CC(=C(C=C1C)O)C=O	2.29999995	7172057	PubChem:(7172057);PubChem class - safety and toxic	67108866
89	1	N/A	-185.3920883549575	C9H10O2	[M - H2O + H]+	FQYUMYWMJTYZTK	InChI=1S/C9H10O2/c1-2-4-8(5-3-1)10-6-9-7-11-9/h1-5,9H,6-7H2	Ageflex PGE	C1C(O1)COC2=CC=CC=C2	1.60000002	1534344;1534345;31217;101900578;102379310;122393487	PubChem class - food;ZINC bio:(ZINC01462351 ZINC01462352);HSDB:(122-60-1);MeSH:(31217);PubMed;NORMAN:(NS00002258);COCONUT:(CNP0261518);PubChem:(1534344 1534345 31217 101900578 102379310 122393487);CHEBI:(82367);PubChem class - bio and metabolites;KEGG:(C19291);PubChem class - safety and toxic	220472166
90	1	N/A	-185.8726768635646	C9H10O2	[M - H2O + H]+	PARWTEYYJSDGQM	InChI=1S/C9H10O2/c1-2-4-7-5-3-6-8(10)9(7)11/h2-3,5-6,10-11H,1,4H2	Enamine_000971	C=CCC1=C(C(=CC=C1)O)O	2.29999995	292101	COCONUT:(CNP0228309);PubChem:(292101);SuperNatural:(SN00047692);ZINC bio:(ZINC00525547);MeSH:(292101);PubMed	3153990
91	1	N/A	-189.7392784787919	C9H10O2	[M - H2O + H]+	KWILSPRXWBUXIR	InChI=1S/C9H10O2/c1-8-9(11-8)6-4-2-3-5-7-10/h8-10H,5,7H2,1H3	null	CC1C(O1)C#CC#CCCO	0.600000024	101409100	COCONUT:(CNP0263330);Natural Products:(UNPD145218);PubChem:(101409100)	2129922
92	1	N/A	-192.26627159440721	C9H10O2	[M - H2O + H]+	FNEJKCGACRPXBT	InChI=1S/C9H10O2/c1-2-7-11-9-6-4-3-5-8(9)10/h2-6,10H,1,7H2	2-(allyloxy)phenol	C=CCOC1=CC=CC=C1O	1.97733283	70772;101834751	NORMAN:(NS00023650);COCONUT:(CNP0343485);PubChem:(70772 101834751);PubMed;ZINC bio:(ZINC02004388)	2367554
93	1	N/A	-192.4515025758664	C9H10O2	[M - H2O + H]+	YUNQCBQEPWAQCZ	InChI=1S/C9H10O2/c1-2-3-7-4-5-8(10)6-9(7)11/h2-6,10-11H,1H3	4-[(E)-prop-1-enyl]benzene-1,3-diol	CC=CC1=C(C=C(C=C1)O)O	2.20000005	19910339;54241034;67918699	COCONUT:(CNP0287059);Natural Products:(UNPD1692);PubChem:(19910339 54241034 67918699);SuperNatural:(SN00367294);KEGG Mine	8593113090
94	1	N/A	-193.21145007908987	C9H10O2	[M - H2O + H]+	QIXDHVDGPXBRRD	InChI=1S/C9H10O2/c1-5-4-8(10)6(2)7(3)9(5)11/h4H,1-3H3	Cumoquinone	CC1=CC(=O)C(=C(C1=O)C)C	1.57577133	70291;135332033	NORMAN:(NS00039575);COCONUT:(CNP0313155);Natural Products:(UNPD71621);PubChem:(70291 135332033);SuperNatural:(SN00236442);PubChem class - safety and toxic;PubMed	70549570
95	1	N/A	-194.00142713789097	C9H10O2	[M - H2O + H]+	KJDODYLPZDSWCP	InChI=1S/C9H10O2/c1-11-7-2-3-8-6(4-7)5-9(8)10/h2-4,9-10H,5H2,1H3	3-methoxybicyclo[4.2.0]octa-1(6),2,4-trien-7-ol	COC1=CC2=C(C=C1)C(C2)O	0.300000012	2752677;2752678;7055558;7055559	COCONUT:(CNP0048694);PubChem:(2752677 2752678 7055558 7055559);SuperNatural:(SN00125762 SN00125763);ZINC bio:(ZINC03847712 ZINC03847713)	3153922
96	1	N/A	-195.80167276460026	C9H10O2	[M - H2O + H]+	UCPFCQBLYDXPTR	InChI=1S/C9H10O2/c1-2-8(7-10)6-9-4-3-5-11-9/h3-7H,2H2,1H3	2-Ethyl-3-furylacrolein	CCC(=CC1=CC=CO1)C=O	2.04597163	61210;6435826;14932864	NORMAN:(NS00041768);COCONUT:(CNP0002698);HMDB:(38355);PubChem class - food;PubChem:(61210 6435826 14932864);PubChem class - bio and metabolites;PubChem class - safety and toxic	220463114
97	1	N/A	-198.34841011076404	C9H10O2	[M - H2O + H]+	TUCYOPUMAOACER	InChI=1S/C9H10O2/c10-9-6-5-7-3-1-2-4-8(7)11-9/h5-6H,1-4H2	5,7-dihydrocoumarin	C1CCC2=C(C1)C=CC(=O)O2	1.5	3964390	COCONUT:(CNP0079762);PubChem:(3964390);SuperNatural:(SN00132409);PubMed;ZINC bio:(ZINC09679106)	3153986
98	1	N/A	-201.31244186363855	C9H10O2	[M - H2O + H]+	CMBANAGVBLPIPT	InChI=1S/C9H10O2/c1-3-7-6(2)8(10)4-5-9(7)11/h4-5H,3H2,1-2H3	2,5-Cyclohexadiene-1,4-dione, 2-ethyl-3-methyl-	CCC1=C(C(=O)C=CC1=O)C	1.6706512	21521488	COCONUT:(CNP0115905);MeSH:(21521488);Natural Products:(UNPD209595);PubChem:(21521488);PubMed	2129990
99	1	N/A	-201.45814166397412	C9H10O2	[M - H2O + H]+	LYINTWKRUWVLBA	InChI=1S/C9H10O2/c1-2-4-8(5-3-1)9-10-6-7-11-9/h1-5,9H,6-7H2	zlchem 911	C1COC(O1)C2=CC=CC=C2	1.29999995	70293;122459849	NORMAN:(NS00041881);PubChem:(70293 122459849);PubMed	262210
100	1	N/A	-203.7702138356163	C9H10O2	[M - H2O + H]+	GVJHMXWXZBNGRQ	InChI=1S/C9H10O2/c10-7-3-5-8-4-1-2-6-9(8)11/h1-2,4,6-7,11H,3,5H2	3-(2-hydroxyphenyl)propanal	C1=CC=C(C(=C1)CCC=O)O	1.76426315	10419351	HMDB:(134026);PubChem:(10419351);PubChem class - bio and metabolites	16777226
101	1	N/A	-203.93140715432168	C9H10O2	[M - H2O + H]+	LYKDOWJROLHYOT	InChI=1S/C9H10O2/c1-6-3-4-8(7(2)10)9(11)5-6/h3-5,11H,1-2H3	2 -Hydroxy-4 -methylacetophenone	CC1=CC(=C(C=C1)C(=O)C)O	2.20000005	81338;21629318	NORMAN:(NS00036812);COCONUT:(CNP0265619);Natural Products:(UNPD140050);PubChem:(81338 21629318);SuperNatural:(SN00290477);YMDB Mine;ZINC bio:(ZINC00157793);MeSH:(81338);PubChem class - safety and toxic;PubMed	34430296134
102	1	N/A	-204.33826476056672	C9H10O2	[M - H2O + H]+	OVKDCYKVNYLEHK	InChI=1S/C9H10O2/c1-2-4-8(5-3-1)9-6-10-7-11-9/h1-5,9H,6-7H2	4-Phenyl-1,3-dioxolane	C1C(OCO1)C2=CC=CC=C2	1.56971133	70634;12384182;12384183	PubChem:(70634 12384182 12384183);NORMAN:(NS00041963)	262146
103	1	N/A	-205.51525211572468	C9H10O2	[M - H2O + H]+	VXUCMXVCGIAHHR	InChI=1S/C9H10O2/c1-2-3-7-4-5-8(10)6-9(7)11/h2,4-6,10-11H,1,3H2	1,3-Benzenediol, 4-(2-propenyl)-	C=CCC1=C(C=C(C=C1)O)O	2.06915522	13898113	COCONUT:(CNP0329689);Natural Products:(UNPD93897);PubChem:(13898113);SuperNatural:(SN00379944);ZINC bio:(ZINC14680037);PubMed;KEGG Mine	8593121346
104	1	N/A	-205.61805008450318	C9H10O2	[M - H2O + H]+	NBHAZVWKRHTWRW	InChI=1S/C9H10O2/c1-2-3-7-6-8(10)4-5-9(7)11/h4-6H,2-3H2,1H3	2,5-Cyclohexadiene-1,4-dione, 2-propyl-	CCCC1=CC(=O)C=CC1=O	1.76553094	15137041	COCONUT:(CNP0227837);Natural Products:(UNPD170180);PubChem:(15137041);SuperNatural:(SN00365223)	3178498
105	1	N/A	-205.93162780125192	C9H10O2	[M - H2O + H]+	MFJCFSDSJMSMQK	InChI=1S/C9H10O2/c1-6-3-4-8(7(2)10)5-9(6)11/h3-5,11H,1-2H3	3-hydroxy-4-methylacetophenone	CC1=C(C=C(C=C1)C(=O)C)O	1.72620273	12282261	COCONUT:(CNP0155281);Natural Products:(UNPD74127);PubChem:(12282261);YMDB Mine;ZINC bio:(ZINC14488646)	34361876482
106	1	N/A	-211.16107031131332	C9H10O2	[M - H2O + H]+	GZCJJOLJSBCUNR	InChI=1S/C9H10O2/c10-8-3-4-9-7(6-8)2-1-5-11-9/h3-4,6,10H,1-2,5H2	2H-1-Benzopyran-6-ol, 3,4-dihydro-	C1CC2=C(C=CC(=C2)O)OC1	1.89999998	15122338	PubChem class - safety and toxic;PubChem:(15122338);PubMed;CHEBI:(78631)	67108962
107	1	N/A	-212.55151180848935	C9H10O2	[M - H2O + H]+	MGSHXMOLUWTMGP	InChI=1S/C9H10O2/c10-8-5-6-11-9-4-2-1-3-7(8)9/h1-4,8,10H,5-6H2	4-Chromanol	C1COC2=CC=CC=C2C1O	1.20000005	92890;640695;7058027	NORMAN:(NS00044213);COCONUT:(CNP0196291);HMDB:(62349);PubChem:(92890 640695 7058027);SuperNatural:(SN00064391);ZINC bio:(ZINC03860965);PubChem class - safety and toxic;PubMed	70525002
108	1	N/A	-215.33479423145388	C9H10O2	[M - H2O + H]+	XQDNBMXUZGAWSZ	InChI=1S/C9H10O2/c10-6-7-1-2-9-8(5-7)3-4-11-9/h1-2,5,10H,3-4,6H2	5-Benzofuranmethanol,2,3-dihydro-	C1COC2=C1C=C(C=C2)CO	1.57548535	2776158	PubChem:(2776158);PubChem class - safety and toxic	67108866
109	1	N/A	-219.5120098372666	C9H10O2	[M - H2O + H]+	YKXXBEOXRPZVCC	InChI=1S/C9H10O2/c10-8-5-6-3-1-2-4-7(6)9(8)11/h1-4,8-11H,5H2	1,2-Indandiol	C1C(C(C2=CC=CC=C21)O)O	0.5	521197;20758;20759;247603;10130042;68820122;90761198;131972358	COCONUT:(CNP0181785);Natural Products:(UNPD91816 UNPD1775);PubChem:(521197 20758 20759 247603 10130042 68820122 90761198 131972358);SuperNatural:(SN00350561 SN00300185);ZINC bio:(ZINC01691216 ZINC02037698 ZINC02037699 ZINC05934839);PubChem class - bio and metabolites;MeSH:(521197);PubChem class - safety and toxic;PubMed;KEGG Mine	8677007430
110	1	N/A	-225.94252635361778	C9H10O2	[M - H2O + H]+	ITMGMSZDAOAVNO	InChI=1S/C9H10O2/c10-6-8-5-7-3-1-2-4-9(7)11-8/h1-4,8,10H,5-6H2	3-Benzofuranmethanol, 2,3-dihydro-	C1C(OC2=CC=CC=C21)CO	1.29999995	2795428;7061744;7061745	PubChem:(2795428 7061744 7061745);PubChem class - safety and toxic	67108866
111	1	N/A	-232.20571982126765	C9H10O2	[M - H2O + H]+	XCJWKDZITVFRQJ	InChI=1S/C9H10O2/c10-7-2-3-8-6(5-7)1-4-9(8)11/h2-3,5,9-11H,1,4H2	Indan-1,5-diol	C1CC2=C(C1O)C=CC(=C2)O	1.10000002	3015955;71600336;86312503;86312504	NORMAN:(NS00057730);PubChem:(3015955 71600336 86312503 86312504);KEGG Mine	8590196738
112	1	N/A	-237.07268760229138	C9H10O2	[M - H2O + H]+	DVWDTZYSDQYULE	InChI=1S/C9H10O2/c1-6(2)5-7-8(10)3-4-9(7)11/h3-6H,1-2H3	null	CC(C)C=C1C(=O)C=CC1=O	1.60000002	76328525	COCONUT:(CNP0423178);PubChem:(76328525);PubMed	2097218
113	1	N/A	-237.60182202150432	C9H10O2	[M - H2O + H]+	XNXNPJAZZGQZRD	InChI=1S/C9H10O2/c10-8-2-1-6-3-9(11)5-7(6)4-8/h1-2,4,9-11H,3,5H2	1H-Indene-2,5-diol, 2,3-dihydro-	C1C(CC2=C1C=CC(=C2)O)O	1.20000005	21555042	PubChem:(21555042);PubChem class - safety and toxic	67108866
114	1	N/A	-237.81016150145712	C9H10O2	[M - H2O + H]+	BWBIFYYKIWPTRV	InChI=1S/C9H10O2/c1-9(2)10-7-5-3-4-6-8(7)11-9/h3-6H,1-2H3	2,2-Dimethyl-1,3-benzodioxole	CC1(OC2=CC=CC=C2O1)C	2.4000001	285869	PubChem class - safety and toxic;PubChem:(285869);PubMed	67108930
115	1	N/A	-244.15108988793983	C9H10O2	[M - H2O + H]+	ZDPVRXUQQGZTEY	InChI=1S/C9H10O2/c10-6-9(7-11-9)8-4-2-1-3-5-8/h1-5,10H,6-7H2	null	C1C(O1)(CO)C2=CC=CC=C2	0.5	11240576;15664896;15664897	MeSH:(11240576);PubChem:(11240576 15664896 15664897);PubMed	70
116	1	N/A	-253.81067474074746	C9H10O2	[M - H2O + H]+	CBXMULHQEVXJDI	InChI=1S/C9H10O2/c1-2-5-9-8(4-1)10-6-3-7-11-9/h1-2,4-5H,3,6-7H2	2H,3H,4H-benzo[b]1,4-dioxepin	C1COC2=CC=CC=C2OC1	1.96813524	81635	PubChem class - safety and toxic;PubChem:(81635);PubMed	67108930
117	1	N/A	-255.83522821574243	C9H10O2	[M - H2O + H]+	ISFGTDAAYLSOFY	InChI=1S/C9H10O2/c1-3-4-7-6(2)8(10)5-9(7)11/h1,8,10H,4-5H2,2H3	2-Cyclopenten-1-one, 4-hydroxy-3-methyl-2-(2-propynyl)-	CC1=C(C(=O)CC1O)CC#C	-0.100000001	156997;12918206;11116226	PubChem:(156997 12918206 11116226);PubChem class - safety and toxic	67108866
118	1	N/A	-314.3128804733049	C9H10O2	[M - H2O + H]+	FHOHBNNKNDJQNB	InChI=1S/C9H10O2/c10-9-5-1-2-6(9)8-4-3-7(5)11-8/h3-8H,1-2H2	null	C1CC2C3C=CC(C1C2=O)O3	0.400000006	2755134;12963202;130624361	COCONUT:(CNP0028498);PubChem:(2755134 12963202 130624361);SuperNatural:(SN00127715);ZINC bio:(ZINC03851548)	3153922