structureRankPerFormula	formulaRank	ConfidenceScore	CSI:FingerIDScore	molecularFormula	adduct	InChIkey2D	InChI	name	smiles	xlogp	pubchemids	links	dbflags
1	1	0.3266911390089531	-44.143940056302455	C21H28O13	[M - H2O + H]+	IDVRYIVYDAOHSS	InChI=1S/C21H28O13/c1-8-14(26)15(27)16(28)21(31-8)34-19-17(29)20(30)32-12(7-22)18(19)33-13(25)5-3-9-2-4-10(23)11(24)6-9/h2-6,8,12,14-24,26-30H,7H2,1H3	Cistanoside F	CC1C(C(C(C(O1)OC2C(C(OC(C2OC(=O)C=CC3=CC(=C(C=C3)O)O)CO)O)O)O)O)O	-2.29999995	10435583;21632980;44429870	COCONUT:(CNP0251008);Natural Products:(UNPD51034 UNPD42799 UNPD230640);PubChem:(10435583 21632980 44429870);SuperNatural:(SN00373840);PubMed;KEGG Mine	8593113154
2	1	N/A	-53.92459340671548	C21H28O13	[M - H2O + H]+	WEJJDCGEHJMOFN	InChI=1S/C21H28O13/c1-8-14(25)16(27)17(28)21(32-8)34-19-15(26)12(33-20(30)18(19)29)7-31-13(24)5-3-9-2-4-10(22)11(23)6-9/h2-6,8,12,14-23,25-30H,7H2,1H3	null	CC1C(C(C(C(O1)OC2C(C(OC(C2O)O)COC(=O)C=CC3=CC(=C(C=C3)O)O)O)O)O)O	-1.65665209	""	COCONUT:(CNP0331949);Natural Products:(UNPD97040);SuperNatural:(SN00365439)	3178496
3	1	N/A	-63.29234572284092	C21H28O13	[M - H2O + H]+	VMCOATNLXZKVSB	InChI=1S/C21H28O13/c1-8-14(25)16(27)18(29)20(32-8)31-7-12-15(26)17(28)19(30)21(33-12)34-13(24)5-3-9-2-4-10(22)11(23)6-9/h2-6,8,12,14-23,25-30H,7H2,1H3	Swertiamacroside	CC1C(C(C(C(O1)OCC2C(C(C(C(O2)OC(=O)C=CC3=CC(=C(C=C3)O)O)O)O)O)O)O)O	-2.29999995	6443992	COCONUT:(CNP0123279);Natural Products:(UNPD47248);PubChem:(6443992);SuperNatural:(SN00162809);MeSH:(6443992);PubMed	3178566
4	1	N/A	-82.79193438654428	C21H28O13	[M - H2O + H]+	NEOPWASNSSMRTJ	InChI=1S/C21H28O13/c1-8-14(26)16(28)17(29)20(31-8)34-19-15(27)12(7-22)32-21(18(19)30)33-13(25)5-3-9-2-4-10(23)11(24)6-9/h2-6,8,12,14-24,26-30H,7H2,1H3	null	CC1C(C(C(C(O1)OC2C(C(OC(C2O)OC(=O)C=CC3=CC(=C(C=C3)O)O)CO)O)O)O)O	-1.65665209	""	COCONUT:(CNP0240206);Natural Products:(UNPD13394);SuperNatural:(SN00233126)	3178496
5	1	N/A	-95.71628945702042	C21H28O13	[M - H2O + H]+	LRYKXLXGPAOURE	InChI=1S/C21H28O13/c1-8-14(26)15(27)17(29)20(31-8)34-19-12(7-22)33-21(18(30)16(19)28)32-11-4-2-9(6-10(11)23)3-5-13(24)25/h2-6,8,12,14-23,26-30H,7H2,1H3,(H,24,25)	null	CC1C(C(C(C(O1)OC2C(OC(C(C2O)O)OC3=C(C=C(C=C3)C=CC(=O)O)O)CO)O)O)O	-1.65665209	""	COCONUT:(CNP0326377);Natural Products:(UNPD92104 UNPD215836);SuperNatural:(SN00271144)	3178496
6	1	N/A	-115.51103079831267	C21H28O13	[M - H2O + H]+	ZPHQZULZLQMWGY	InChI=1S/C21H28O13/c22-7-11-14(25)16(27)18(29)21(33-11)34-19-17(28)15(26)12(32-20(19)30)8-31-13(24)6-3-9-1-4-10(23)5-2-9/h1-6,11-12,14-23,25-30H,7-8H2	null	C1=CC(=CC=C1C=CC(=O)OCC2C(C(C(C(O2)O)OC3C(C(C(C(O3)CO)O)O)O)O)O)O	-2.4000001	45359866;91228446;95224291;95224292;95224293;95224294;124903735;124903736;124903737;124903738	COCONUT:(CNP0347515);PubChem:(45359866 91228446 95224291 95224292 95224293 95224294 124903735 124903736 124903737 124903738);SuperNatural:(SN00040351 SN00040353 SN00040352 SN00040354);ZINC bio:(ZINC67911162 ZINC67911165 ZINC67911168 ZINC67911171);additional;Training Set;PubMed	3694658
7	1	N/A	-119.00500789499246	C21H28O13	[M - H2O + H]+	AQUUQTWLSPTGAA	InChI=1S/C21H28O13/c22-7-11-14(26)15(27)17(29)21(31-11)34-19-12(8-23)32-20(18(30)16(19)28)33-13(25)6-3-9-1-4-10(24)5-2-9/h1-6,11-12,14-24,26-30H,7-8H2	null	C1=CC(=CC=C1C=CC(=O)OC2C(C(C(C(O2)CO)OC3C(C(C(C(O3)CO)O)O)O)O)O)O	-2.17528844	""	COCONUT:(CNP0190682);Natural Products:(UNPD38035 UNPD218115);SuperNatural:(SN00282599)	3178496
8	1	N/A	-129.55800980229017	C21H28O13	[M - H2O + H]+	KARNWFDIYRKBOE	InChI=1S/C21H28O13/c1-9-16(29)17(30)18(31)21(32-9)34-20(14(27)8-23)19(13(26)7-22)33-15(28)5-3-10-2-4-11(24)12(25)6-10/h2-6,8-9,13-14,16-22,24-27,29-31H,7H2,1H3	null	CC1C(C(C(C(O1)OC(C(C=O)O)C(C(CO)O)OC(=O)C=CC2=CC(=C(C=C2)O)O)O)O)O	-2.5999999	101688189;137796530	COCONUT:(CNP0367745);KNApSAcK:(35259);Natural Products:(UNPD68360);PubChem:(101688189 137796530);SuperNatural:(SN00250447);MeSH:(101688189 137796530);PubMed	3178582
9	1	N/A	-129.830716301552	C21H28O13	[M - H2O + H]+	ISIAVDYYQSNUOL	InChI=1S/C21H28O13/c1-30-12-6-9(2-4-10(12)22)3-5-14(24)34-21-19(29)17(27)16(26)13(33-21)8-32-20-18(28)15(25)11(23)7-31-20/h2-6,11,13,15-23,25-29H,7-8H2,1H3	null	COC1=C(C=CC(=C1)C=CC(=O)OC2C(C(C(C(O2)COC3C(C(C(CO3)O)O)O)O)O)O)O	-2.4000001	10791166;44210505;101630444	COCONUT:(CNP0144335);Natural Products:(UNPD167558 UNPD56677);PubChem:(10791166 44210505 101630444);SuperNatural:(SN00337723 SN00330645)	3178498
10	1	N/A	-134.01752979577017	C21H28O13	[M - H2O + H]+	BGDBCTHYYIUEEE	InChI=1S/C21H28O13/c22-10-4-1-9(2-5-10)3-6-13(23)31-7-12-15(25)17(27)19(29)21(34-12)32-8-11-14(24)16(26)18(28)20(30)33-11/h1-6,11-12,14-22,24-30H,7-8H2	null	C1=CC(=CC=C1C=CC(=O)OCC2C(C(C(C(O2)OCC3C(C(C(C(O3)O)O)O)O)O)O)O)O	-2.17528844	""	COCONUT:(CNP0273322)	2097152
11	1	N/A	-149.90520534170432	C21H28O13	[M - H2O + H]+	NHJDASJHYKLVEZ	InChI=1S/C21H28O13/c1-30-11-6-9(2-4-10(11)22)3-5-14(23)33-12-7-31-21(19(28)16(12)25)32-8-13-15(24)17(26)18(27)20(29)34-13/h2-6,12-13,15-22,24-29H,7-8H2,1H3	null	COC1=C(C=CC(=C1)C=CC(=O)OC2COC(C(C2O)O)OCC3C(C(C(C(O3)O)O)O)O)O	-2.4000001	101534512;102056193	COCONUT:(CNP0193338);Natural Products:(UNPD12922);PubChem:(101534512 102056193);SuperNatural:(SN00271781)	3178498
12	1	N/A	-151.06079595220214	C21H28O13	[M - H2O + H]+	IXEXYOPTNNHWKF	InChI=1S/C21H28O13/c22-7-12-15(26)17(28)18(29)20(32-12)34-21(9-23)19(30)16(27)13(33-21)8-31-14(25)6-3-10-1-4-11(24)5-2-10/h1-6,12-13,15-20,22-24,26-30H,7-9H2	null	C1=CC(=CC=C1C=CC(=O)OCC2C(C(C(O2)(CO)OC3C(C(C(C(O3)CO)O)O)O)O)O)O	-2.3965683	11027343;10217603	COCONUT:(CNP0161120);Natural Products:(UNPD171372);PubChem:(11027343 10217603);SuperNatural:(SN00309746)	3178498
13	1	N/A	-153.57695031559024	C21H28O13	[M - H2O + H]+	UTBKBZAPMAXVDW	InChI=1S/C21H28O13/c1-2-11-13(25)14(26)16(28)20(31-11)33-18-15(27)17(29)21(34-19(18)30)32-12(24)6-4-8-3-5-9(22)10(23)7-8/h3-7,11,13-23,25-30H,2H2,1H3	null	CCC1C(C(C(C(O1)OC2C(C(C(OC2O)OC(=O)C=CC3=CC(=C(C=C3)O)O)O)O)O)O)O	-1.06489885	""	COCONUT:(CNP0075209)	2097152
14	1	N/A	-155.34884286071258	C21H28O13	[M - H2O + H]+	FLMDUXSVNZEHLA	InChI=1S/C21H28O13/c22-7-12-15(27)17(29)18(30)20(31-12)34-21(9-24)19(16(28)13(8-23)33-21)32-14(26)6-3-10-1-4-11(25)5-2-10/h1-6,12-13,15-20,22-25,27-30H,7-9H2	[(2S,3S,4R,5R)-4-hydroxy-2,5-bis(hydroxymethyl)-2-[(2R,3R,4S,5S,6R)-3,4,5-trihydroxy-6-(hydroxymethyl)oxan-2-yl]oxyoxolan-3-yl] (E)-3-(4-hydroxyphenyl)prop-2-enoate	C1=CC(=CC=C1C=CC(=O)OC2C(C(OC2(CO)OC3C(C(C(C(O3)CO)O)O)O)CO)O)O	-2.3965683	14542800;101362480	COCONUT:(CNP0260325);Natural Products:(UNPD219929 UNPD224161);PubChem:(14542800 101362480)	2129922
15	1	N/A	-158.44130867371942	C21H28O13	[M - H2O + H]+	PQYVXRPPFDHTSV	InChI=1S/C21H28O13/c22-7-12-16(27)19(30)21(9-23,33-12)34-20-18(29)17(28)15(26)13(32-20)8-31-14(25)6-3-10-1-4-11(24)5-2-10/h1-6,12-13,15-20,22-24,26-30H,7-9H2	null	C1=CC(=CC=C1C=CC(=O)OCC2C(C(C(C(O2)OC3(C(C(C(O3)CO)O)O)CO)O)O)O)O	-2.3965683	56776273;133562237	COCONUT:(CNP0312860);Natural Products:(UNPD224089);PubChem:(56776273 133562237);SuperNatural:(SN00041342);ZINC bio:(ZINC67913821);additional;Training Set	3727362
16	1	N/A	-184.48527340889765	C21H28O13	[M - H2O + H]+	GGQDYIWNYRBHQT	InChI=1S/C21H28O13/c22-7-13(33-21-20(31)19(30)18(29)14(8-23)34-21)17(28)16(27)12(25)9-32-15(26)6-3-10-1-4-11(24)5-2-10/h1-7,12-14,16-21,23-25,27-31H,8-9H2	null	C1=CC(=CC=C1C=CC(=O)OCC(C(C(C(C=O)OC2C(C(C(C(O2)CO)O)O)O)O)O)O)O	-2.70000005	101731098	MeSH:(101731098);PubChem:(101731098);PubMed	70
17	1	N/A	-198.51009168116798	C21H28O13	[M - H2O + H]+	HORSEUYDTNGPHR	InChI=1S/C21H28O13/c1-30-12-6-10(2-4-11(12)22)3-5-14(23)32-8-21(29)9-33-20(18(21)27)31-7-13-15(24)16(25)17(26)19(28)34-13/h2-6,13,15-20,22,24-29H,7-9H2,1H3	null	COC1=C(C=CC(=C1)C=CC(=O)OCC2(COC(C2O)OCC3C(C(C(C(O3)O)O)O)O)O)O	-1.91110158	""	COCONUT:(CNP0123901);Natural Products:(UNPD217547)	2129920
18	1	N/A	-227.15938402792494	C21H28O13	[M - H2O + H]+	FOBCQSVMKGAIJG	InChI=1S/C21H28O13/c1-31-14-6-10(2-4-11(14)23)3-5-16(26)34-15-9-33-21(20(30)19(15)29)32-8-13(25)18(28)17(27)12(24)7-22/h2-7,12-13,15,17-21,23-25,27-30H,8-9H2,1H3	Feruloyated xyloglucan	COC1=C(C=CC(=C1)C=CC(=O)OC2COC(C(C2O)O)OCC(C(C(C(C=O)O)O)O)O)O	-2.70000005	6444001;122361447	MeSH:(6444001);PubChem:(6444001 122361447);PubMed	70
19	1	N/A	-229.31484377293873	C21H28O13	[M - H2O + H]+	WJKBOZUMKGXZHT	InChI=1S/C21H28O13/c1-30-12-6-10(3-5-14(24)25)2-4-11(12)32-19-17(16(27)15(26)13(7-22)33-19)34-20-18(28)21(29,8-23)9-31-20/h2-6,13,15-20,22-23,26-29H,7-9H2,1H3,(H,24,25)	null	COC1=C(C=CC(=C1)C=CC(=O)O)OC2C(C(C(C(O2)CO)O)O)OC3C(C(CO3)(CO)O)O	-1.5	75411925	COCONUT:(CNP0087031);Training Set;PubChem:(75411925)	2113538
20	1	N/A	-272.98796188085606	C21H28O13	[M - H2O + H]+	KFKOXTQAJINBLV	InChI=1S/C21H28O13/c1-21(29,7-14(22)23)8-15(24)32-9-13-16(25)17(26)18(27)20(34-13)33-11-5-4-10(19(28)31-3)6-12(11)30-2/h4-6,13,16-18,20,25-27,29H,7-9H2,1-3H3,(H,22,23)	null	CC(CC(=O)O)(CC(=O)OCC1C(C(C(C(O1)OC2=C(C=C(C=C2)C(=O)OC)OC)O)O)O)O	-1.39999998	53233247	PubChem:(53233247);COCONUT:(CNP0272238)	2097154
21	1	N/A	-290.2532196461962	C21H28O13	[M - H2O + H]+	HXIKOBSBFWQXOF	InChI=1S/C21H28O13/c1-30-19(29)11-8-32-20(34-21-18(28)17(27)16(26)12(6-22)33-21)15-9(2-3-10(11)15)7-31-14(25)5-4-13(23)24/h2,8,10,12,15-18,20-22,26-28H,3-7H2,1H3,(H,23,24)	10-O-succinoylgeniposide	COC(=O)C1=COC(C2C1CC=C2COC(=O)CCC(=O)O)OC3C(C(C(C(O3)CO)O)O)O	-2.29999995	44255239	COCONUT:(CNP0271404);Natural Products:(UNPD115173);PubChem:(44255239);PubMed	2129986
22	1	N/A	-348.762439339265	C21H28O13	[M - H2O + H]+	XECRDGJRKJAVFN	InChI=1S/C21H28O13/c1-8(23)32-12-5-9-10(17(27)29-3)7-31-18(13(9)21(12,2)20(28)30-4)34-19-16(26)15(25)14(24)11(6-22)33-19/h7,11-12,14-16,18-19,22,24-26H,5-6H2,1-4H3	null	CC(=O)OC1CC2=C(C1(C)C(=O)OC)C(OC=C2C(=O)OC)OC3C(C(C(C(O3)CO)O)O)O	-1.31452751	""	COCONUT:(CNP0186979);Natural Products:(UNPD158754);SuperNatural:(SN00260654)	3178496
23	1	N/A	-460.64326592008706	C21H28O13	[M - H2O + H]+	RGAZATYIEXVYLN	InChI=1S/C21H28O13/c1-7-2-8-3-9(4-10(22)13(8)19(29)32-7)33-21-18(28)16(26)15(25)12(34-21)6-31-20-17(27)14(24)11(23)5-30-20/h3-4,7,11-12,14-18,20-28H,2,5-6H2,1H3	(3R)-8-hydroxy-3-methyl-6-[(2S,3R,4S,5S,6R)-3,4,5-trihydroxy-6-[[(2S,3R,4S,5R)-3,4,5-trihydroxyoxan-2-yl]oxymethyl]oxan-2-yl]oxy-3,4-dihydroisochromen-1-one	CC1CC2=C(C(=CC(=C2)OC3C(C(C(C(O3)COC4C(C(C(CO4)O)O)O)O)O)O)O)C(=O)O1	-1.79999995	11670335	COCONUT:(CNP0157810);Natural Products:(UNPD67703);PubChem:(11670335);SuperNatural:(SN00280773)	3178498
24	1	N/A	-502.3575701652202	C21H28O13	[M - H2O + H]+	TWNQFORIHFYPIZ	InChI=1S/C21H28O13/c1-8-2-9-3-10(4-11(23)13(9)18(28)32-8)33-19-16(26)15(25)14(24)12(34-19)5-30-20-17(27)21(29,6-22)7-31-20/h3-4,8,12,14-17,19-20,22-27,29H,2,5-7H2,1H3	(3R)-6-[(2S,3R,4S,5S,6R)-6-[[(2R,3R,4R)-3,4-dihydroxy-4-(hydroxymethyl)oxolan-2-yl]oxymethyl]-3,4,5-trihydroxyoxan-2-yl]oxy-8-hydroxy-3-methyl-3,4-dihydroisochromen-1-one	CC1CC2=C(C(=CC(=C2)OC3C(C(C(C(O3)COC4C(C(CO4)(CO)O)O)O)O)O)O)C(=O)O1	-1.5	11562194	COCONUT:(CNP0103523);Natural Products:(UNPD120006);PubChem:(11562194);SuperNatural:(SN00268927)	3178498
1	1	N/A	-116.4596655650847	C21H26O12	[M + H]+	HRTKMOMTMZCGLF	InChI=1S/C21H26O12/c22-8-14-16(27)18(29)19(30)21(32-14)31-13-5-4-11(24)20(17(13)28)33-15(26)6-2-9-1-3-10(23)12(25)7-9/h1-7,11,13-14,16-25,27-30H,8H2	null	C1=CC(C(C(C1O)OC(=O)C=CC2=CC(=C(C=C2)O)O)O)OC3C(C(C(C(O3)CO)O)O)O	-1.70000005	45359710;51693622;51693623;51693624;51693625;124903531;124903532;124903533;124903534	COCONUT:(CNP0223574);PubChem:(45359710 51693622 51693623 51693624 51693625 124903531 124903532 124903533 124903534);SuperNatural:(SN00033450 SN00033448 SN00033449 SN00037866 SN00037868 SN00037867 SN00033447 SN00037869);ZINC bio:(ZINC31163244 ZINC31163248 ZINC31163253 ZINC31163257 ZINC35458225 ZINC35458230 ZINC35458235 ZINC35458240);additional;Training Set	3694594
2	1	N/A	-153.05350409660235	C21H26O12	[M + H]+	YHDXKMHPOOQARK	InChI=1S/C21H26O12/c1-8-14(23)16(25)18(27)20(30-8)29-7-12-15(24)17(26)19(28)21(33-12)31-10-4-2-9-3-5-13(22)32-11(9)6-10/h2-6,8,12,14-21,23-28H,7H2,1H3	null	CC1C(C(C(C(O1)OCC2C(C(C(C(O2)OC3=CC4=C(C=C3)C=CC(=O)O4)O)O)O)O)O)O	-1.89999998	45359651	COCONUT:(CNP0129790);PubChem:(45359651);SuperNatural:(SN00040130);ZINC bio:(ZINC67910624)	3153922
3	1	N/A	-193.8745589931757	C21H26O12	[M + H]+	RRGLBQDUUWMXGL	InChI=1S/C21H26O12/c1-8-14(24)16(26)18(28)20(29-8)33-19-17(27)15(25)12(7-22)32-21(19)30-10-4-2-9-3-5-13(23)31-11(9)6-10/h2-6,8,12,14-22,24-28H,7H2,1H3	null	CC1C(C(C(C(O1)OC2C(C(C(OC2OC3=CC4=C(C=C3)C=CC(=O)O4)CO)O)O)O)O)O	-1.29999995	102244729	COCONUT:(CNP0047246);PubChem:(102244729);SuperNatural:(SN00030996 SN00030997 SN00030999 SN00030998);ZINC bio:(ZINC35271478 ZINC35271482 ZINC35271485 ZINC35271489)	3153922
4	1	N/A	-234.85911666186266	C21H26O12	[M + H]+	BIOMAEOUQPJBKL	InChI=1S/C21H26O12/c1-8-3-2-4-10-14(8)11(5-13(23)31-10)32-21-19(28)17(26)16(25)12(33-21)7-30-20-18(27)15(24)9(22)6-29-20/h2-5,9,12,15-22,24-28H,6-7H2,1H3	null	CC1=C2C(=CC=C1)OC(=O)C=C2OC3C(C(C(C(O3)COC4C(C(C(CO4)O)O)O)O)O)O	-1.03561425	""	COCONUT:(CNP0271570);Natural Products:(UNPD219628)	2129920
5	1	N/A	-254.78406077010285	C21H26O12	[M + H]+	YZVLLFPKYZYFJE	InChI=1S/C21H26O12/c22-9-4-5-12(14-8(9)2-1-3-10(14)23)32-21-19(29)17(27)16(26)13(33-21)7-31-20-18(28)15(25)11(24)6-30-20/h1-5,11,13,15-29H,6-7H2	null	C1C(C(C(C(O1)OCC2C(C(C(C(O2)OC3=C4C(=C(C=C3)O)C=CC=C4O)O)O)O)O)O)O	-1.79999995	101033300;101033301	COCONUT:(CNP0152992);Natural Products:(UNPD114246 UNPD158108);PubChem:(101033300 101033301);SuperNatural:(SN00258933)	3178498
6	1	N/A	-259.83498909310725	C21H26O12	[M + H]+	VVSLYQRZDNZIIV	InChI=1S/C21H26O12/c1-29-12-6-10(2-4-11(12)23)3-5-16(24)30-9-15-13(7-17(25)31-15)32-21-20(28)19(27)18(26)14(8-22)33-21/h2-6,13-15,18-23,26-28H,7-9H2,1H3	null	COC1=C(C=CC(=C1)C=CC(=O)OCC2C(CC(=O)O2)OC3C(C(C(C(O3)CO)O)O)O)O	-0.699999988	102251685	COCONUT:(CNP0307157);Natural Products:(UNPD22438);PubChem:(102251685);SuperNatural:(SN00391129)	3178498
7	1	N/A	-284.50208469818074	C21H26O12	[M + H]+	JUWZKCKHYLBOCZ	InChI=1S/C21H26O12/c1-21(8-14(23)24,9-15(25)26)33-20-19(30)18(29)17(28)13(32-20)10-31-16(27)7-4-11-2-5-12(22)6-3-11/h2-7,13,17-20,22,28-30H,8-10H2,1H3,(H,23,24)(H,25,26)	null	CC(CC(=O)O)(CC(=O)O)OC1C(C(C(C(O1)COC(=O)C=CC2=CC=C(C=C2)O)O)O)O	-1.10000002	25093966;102522668	COCONUT:(CNP0034811 CNP0295656);Natural Products:(UNPD165817);PubChem:(25093966 102522668);SuperNatural:(SN00260831 SN00163643)	3178498
8	1	N/A	-285.30568122095366	C21H26O12	[M + H]+	UQDQFRQJERKTJN	InChI=1S/C21H26O12/c1-9-3-2-4-10-14(9)11(5-13(23)31-10)32-19-17(26)16(25)15(24)12(33-19)6-29-20-18(27)21(28,7-22)8-30-20/h2-5,12,15-20,22,24-28H,6-8H2,1H3	null	CC1=C2C(=CC=C1)OC(=O)C=C2OC3C(C(C(C(O3)COC4C(C(CO4)(CO)O)O)O)O)O	-1.24727118	""	COCONUT:(CNP0119361);Natural Products:(UNPD41282 UNPD226004);SuperNatural:(SN00243781)	3178496
9	1	N/A	-293.63151433715666	C21H26O12	[M + H]+	NTZOISCFNGTOPB	InChI=1S/C21H26O12/c22-8-21(28)9-30-14(19(21)27)7-29-6-13-16(24)17(25)18(26)20(33-13)31-11-3-1-10-2-4-15(23)32-12(10)5-11/h1-5,13-14,16-20,22,24-28H,6-9H2	null	C1C(C(C(O1)COCC2C(C(C(C(O2)OC3=CC4=C(C=C3)C=CC(=O)O4)O)O)O)O)(CO)O	-1.84482419	""	COCONUT:(CNP0274590);Natural Products:(UNPD193064);SuperNatural:(SN00371448)	3178496
10	1	N/A	-363.9439954823258	C21H26O12	[M + H]+	AOPMSFXOYJXDNJ	InChI=1S/C21H26O12/c1-8(23)10-5-21(33-18(10)28)4-3-9-11(17(27)29-2)7-30-19(13(9)21)32-20-16(26)15(25)14(24)12(6-22)31-20/h3-5,7-9,12-16,19-20,22-26H,6H2,1-2H3	agoniadin	CC(C1=CC2(C=CC3C2C(OC=C3C(=O)OC)OC4C(C(C(C(O4)CO)O)O)O)OC1=O)O	-1.20000005	72319;400630;3453259;10027695;11968843;11969666;23760108;23872040;24893147;54608053;93472755;133554349;137705874	SuperNatural:(SN00239703 SN00229863 SN00395177 SN00038611 SN00038610 SN00036242 SN00038612 SN00276374 SN00343516);ZINC bio:(ZINC04098351 ZINC38139636 ZINC38139637 ZINC38139638);additional;MeSH:(72319 3453259 11969666 54608053 133554349 137705874);PubMed;COCONUT:(CNP0257406);KNApSAcK:(3096);Natural Products:(UNPD135308 UNPD49855 UNPD46108 UNPD167785 UNPD187386 UNPD91740);PubChem:(72319 400630 3453259 10027695 11968843 11969666 23760108 23872040 24893147 54608053 93472755 133554349 137705874);CHEBI:(8275);KEGG:(C09797);Training Set	3727734
11	1	N/A	-416.3176437194556	C21H26O12	[M + H]+	SMEAEECKVOLPJX	InChI=1S/C21H26O12/c1-8(23)10-5-21(33-17(10)27)4-3-9-12(16(26)29-2)7-30-20(13(9)21)32-19-11(6-22)14(24)15(25)18(28)31-19/h3-5,7-9,11,13-15,18-20,22-25,28H,6H2,1-2H3	null	CC(C1=CC2(C=CC3C2C(OC=C3C(=O)OC)OC4C(C(C(C(O4)O)O)O)CO)OC1=O)O	-0.899999976	24066911	COCONUT:(CNP0402449);PubChem:(24066911);SuperNatural:(SN00033739 SN00033742 SN00033740 SN00033741);ZINC bio:(ZINC35459171 ZINC35459174 ZINC35459177 ZINC35459180)	3153922