structureRankPerFormula	formulaRank	ConfidenceScore	CSI:FingerIDScore	molecularFormula	adduct	InChIkey2D	InChI	name	smiles	xlogp	pubchemids	links	dbflags
1	1	0.45009734385196015	-28.812886095214076	C15H18O9	[M - H2O + H]+	WQSDYZZEIBAPIN	InChI=1S/C15H18O9/c16-6-10-12(20)13(21)14(22)15(23-10)24-11(19)4-2-7-1-3-8(17)9(18)5-7/h1-5,10,12-18,20-22H,6H2	1-Caffeoyl-beta-D-glucose	C1=CC(=C(C=C1C=CC(=O)OC2C(C(C(C(O2)CO)O)O)O)O)O	-0.600000024	442778;4484225;6124135;5281761;11674551;50906161;54444762;89716735;89718972;123969668;129848204	HMDB:(36937);SuperNatural:(SN00368000 SN00143294);Plantcyc:(CPD-16550);PubMed;COCONUT:(CNP0201883);KNApSAcK:(2718);Natural Products:(UNPD21429 UNPD44792 UNPD211394 UNPD215989);PubChem:(442778 4484225 6124135 5281761 11674551 50906161 54444762 89716735 89718972 123969668 129848204);CHEBI:(614);PubChem class - bio and metabolites;KEGG:(C10433);Biocyc:(CPD-16550)	20089210
2	1	N/A	-40.198338643614164	C15H18O9	[M - H2O + H]+	QOPSZFXPZWQLOG	InChI=1S/C15H18O9/c16-6-10-12(20)13(21)14(22)15(24-10)23-9-5-7(1-3-8(9)17)2-4-11(18)19/h1-5,10,12-17,20-22H,6H2,(H,18,19)	Caffeic acid 3-glucoside	C1=CC(=C(C=C1C=CC(=O)O)OC2C(C(C(C(O2)CO)O)O)O)O	-0.813954413	442776;4484223;6124133;5281759;21027076;67128639;69501423;131700415;129887345	COCONUT:(CNP0080135 CNP0203493);KNApSAcK:(2716);Natural Products:(UNPD226509 UNPD101477 UNPD226714 UNPD62739);PubChem:(442776 4484223 6124133 5281759 21027076 67128639 69501423 131700415 129887345);SuperNatural:(SN00337954 SN00006988 SN00357374);CHEBI:(3293);ZINC bio:(ZINC04098722);additional;KEGG:(C10431);Training Set;PubMed	3727730
3	1	N/A	-44.833986988080056	C15H18O9	[M - H2O + H]+	JVVFTHAOTNXPOZ	InChI=1S/C15H18O9/c16-8-3-1-7(5-9(8)17)2-4-11(18)23-6-10-12(19)13(20)14(21)15(22)24-10/h1-5,10,12-17,19-22H,6H2	null	C1=CC(=C(C=C1C=CC(=O)OCC2C(C(C(C(O2)O)O)O)O)O)O	-0.813954413	13989580;10427456;101419460;129682275	COCONUT:(CNP0218166);HMDB:(125114);Natural Products:(UNPD25390 UNPD147351 UNPD218098 UNPD136857);PubChem:(13989580 10427456 101419460 129682275);SuperNatural:(SN00324862 SN00231120 SN00397844);YMDB Mine;PubChem class - bio and metabolites;PubMed;KEGG Mine	42969628746
4	1	N/A	-47.84679362402266	C15H18O9	[M - H2O + H]+	OHEYCHKLBCPRLZ	InChI=1S/C15H18O9/c16-6-10-12(20)13(21)14(22)15(24-10)23-9-3-1-7(5-8(9)17)2-4-11(18)19/h1-5,10,12-17,20-22H,6H2,(H,18,19)	Glucocaffeic acid	C1=CC(=C(C=C1C=CC(=O)O)O)OC2C(C(C(C(O2)CO)O)O)O	-0.813954413	271602;6148082;14825516;11382279;23582752;54150205;54609974;90014668;134716627	COCONUT:(CNP0261981);HMDB:(34313);Natural Products:(UNPD13789 UNPD56408 UNPD159681 UNPD226474);PubChem:(271602 6148082 14825516 11382279 23582752 54150205 54609974 90014668 134716627);SuperNatural:(SN00231333 SN00272866);CHEBI:(142393 143038 141765);PubChem class - bio and metabolites;PubMed;KEGG Mine	8609890410
5	1	N/A	-83.99901024537074	C15H18O9	[M - H2O + H]+	PXLLEVQSTHRYFA	InChI=1S/C15H18O9/c16-8-2-3-9(17)7(5-8)1-4-11(18)23-6-10-12(19)13(20)14(21)15(22)24-10/h1-5,10,12-17,19-22H,6H2	null	C1=CC(=C(C=C1O)C=CC(=O)OCC2C(C(C(C(O2)O)O)O)O)O	-1.20000005	44224491;71472936	COCONUT:(CNP0371746);Natural Products:(UNPD218861);PubChem:(44224491 71472936)	2129922
6	1	N/A	-85.88742784406938	C15H18O9	[M - H2O + H]+	HYPGAWDRWVQHEX	InChI=1S/C15H18O9/c16-6-10-12(20)13(21)14(15(22)23-10)24-11(19)4-2-7-1-3-8(17)9(18)5-7/h1-5,10,12-18,20-22H,6H2	null	C1=CC(=C(C=C1C=CC(=O)OC2C(C(C(OC2O)CO)O)O)O)O	-0.600000024	52932060;66958854;87214955	COCONUT:(CNP0183306);Natural Products:(UNPD228689 UNPD11055);PubChem:(52932060 66958854 87214955);SuperNatural:(SN00283491);KEGG Mine	8593113090
7	1	N/A	-94.02314374103209	C15H18O9	[M - H2O + H]+	YBDKOVYTFACGLZ	InChI=1S/C15H18O9/c16-6-10-12(20)14(13(21)15(22)23-10)24-11(19)4-2-7-1-3-8(17)9(18)5-7/h1-5,10,12-18,20-22H,6H2	[(2R,3R,4S,5R,6R)-2,3,5-trihydroxy-6-(hydroxymethyl)oxan-4-yl] (E)-3-(3,4-dihydroxyphenyl)prop-2-enoate	C1=CC(=C(C=C1C=CC(=O)OC2C(C(OC(C2O)O)CO)O)O)O	-0.600000024	11824057;57337917;123742152	COCONUT:(CNP0372999);MeSH:(57337917);Natural Products:(UNPD14696 UNPD199286 UNPD224594);PubChem:(11824057 57337917 123742152);PubMed	2129990
8	1	N/A	-95.18655460616746	C15H18O9	[M - H2O + H]+	NFHJVHYCVATIDN	InChI=1S/C15H18O9/c16-6-10-14(12(20)13(21)15(22)23-10)24-11(19)4-2-7-1-3-8(17)9(18)5-7/h1-5,10,12-18,20-22H,6H2	null	C1=CC(=C(C=C1C=CC(=O)OC2C(OC(C(C2O)O)O)CO)O)O	-1.20000005	57337820;66883643;129848197;129848198	COCONUT:(CNP0299082);Natural Products:(UNPD212332);PubChem:(57337820 66883643 129848197 129848198);PubMed	2129986
9	1	N/A	-113.21364354791397	C15H18O9	[M - H2O + H]+	MEZJUPKSMDJMPD	InChI=1S/C15H18O9/c16-7-3-1-6(5-8(7)17)2-4-9(18)24-15-13(22)11(20)10(19)12(21)14(15)23/h1-5,10-17,19-23H	null	C1=CC(=C(C=C1C=CC(=O)OC2C(C(C(C(C2O)O)O)O)O)O)O	-1.34474134	50918048;69876098;102262571;102262572	COCONUT:(CNP0252947);Natural Products:(UNPD2519 UNPD42991 UNPD15492);PubChem:(50918048 69876098 102262571 102262572);SuperNatural:(SN00307062 SN00397831 SN00318579)	3178498
10	1	N/A	-120.07147828029318	C15H18O9	[M - H2O + H]+	PLVRRSCUONTHAT	InChI=1S/C15H18O9/c16-6-10-11(18)12(19)13(20)15(24-10)23-9(14(21)22)5-7-1-3-8(17)4-2-7/h1-5,10-13,15-20H,6H2,(H,21,22)	(E)-3-(4-hydroxyphenyl)-2-[(2S,3R,4S,5S,6R)-3,4,5-trihydroxy-6-(hydroxymethyl)oxan-2-yl]oxyprop-2-enoic acid	C1=CC(=CC=C1C=C(C(=O)O)OC2C(C(C(C(O2)CO)O)O)O)O	-0.400000006	11111689;14443137;11291931;44452047;44452050;101205389;100960532;100983128;100983131;100983133	COCONUT:(CNP0069301 CNP0204906);Natural Products:(UNPD40212 UNPD992 UNPD128414 UNPD167149);PubChem:(11111689 14443137 11291931 44452047 44452050 101205389 100960532 100983128 100983131 100983133);SuperNatural:(SN00269295 SN00293759 SN00296237 SN00388021)	3178498
11	1	N/A	-125.12785757755407	C15H18O9	[M - H2O + H]+	XNMPDWAFCXKFCV	InChI=1S/C15H18O9/c16-6-10-12(20)13(21)14(22)15(24-10)23-9-4-7(1-2-11(18)19)3-8(17)5-9/h1-5,10,12-17,20-22H,6H2,(H,18,19)	null	C1=C(C=C(C=C1O)OC2C(C(C(C(O2)CO)O)O)O)C=CC(=O)O	-0.813954413	44224490	COCONUT:(CNP0314347);KNApSAcK:(33896);Natural Products:(UNPD73212);PubChem:(44224490);SuperNatural:(SN00351441)	3178514
12	1	N/A	-147.1008223770347	C15H18O9	[M - H2O + H]+	WLGSPCWRHCTPNZ	InChI=1S/C15H18O9/c16-6-2-4-7-3-1-5-8(17)12(7)23-15-11(20)9(18)10(19)13(24-15)14(21)22/h1-5,9-11,13,15-20H,6H2,(H,21,22)	null	C1=CC(=C(C(=C1)O)OC2C(C(C(C(O2)C(=O)O)O)O)O)C=CCO	-0.600000024	131837826	PubChem:(131837826);HMDB:(134073)	10
13	1	N/A	-160.69419934163597	C15H18O9	[M - H2O + H]+	WWMCTKARNRGFBT	InChI=1S/C15H18O9/c16-5-1-2-7-6-8(3-4-9(7)17)23-15-12(20)10(18)11(19)13(24-15)14(21)22/h1-4,6,10-13,15-20H,5H2,(H,21,22)	null	C1=CC(=C(C=C1OC2C(C(C(C(O2)C(=O)O)O)O)O)C=CCO)O	-0.600000024	131837831	PubChem:(131837831);HMDB:(134081)	10
14	1	N/A	-161.50115420014572	C15H18O9	[M - H2O + H]+	YVNSYSYWYRGUNE	InChI=1S/C15H18O9/c16-6-2-4-7-3-1-5-8(9(7)17)23-15-12(20)10(18)11(19)13(24-15)14(21)22/h1-5,10-13,15-20H,6H2,(H,21,22)	null	C1=CC(=C(C(=C1)OC2C(C(C(C(O2)C(=O)O)O)O)O)O)C=CCO	-0.600000024	131837825	PubChem:(131837825);HMDB:(134072)	10
15	1	N/A	-165.47174242118675	C15H18O9	[M - H2O + H]+	VRXXNCFNYAXKAE	InChI=1S/C15H18O9/c1-3-6-4-5-7(16)12(22-2)11(6)23-15-10(19)8(17)9(18)13(24-15)14(20)21/h3-5,8-10,13,15-19H,1H2,2H3,(H,20,21)	null	COC1=C(C=CC(=C1OC2C(C(C(C(O2)C(=O)O)O)O)O)C=C)O	0.400000006	131834424	HMDB:(128049);PubChem:(131834424);PubChem class - bio and metabolites	16777226
16	1	N/A	-168.0662725127774	C15H18O9	[M - H2O + H]+	WPGMRRRAKAJBLF	InChI=1S/C15H18O9/c16-5-1-2-7-6-8(17)3-4-9(7)23-15-12(20)10(18)11(19)13(24-15)14(21)22/h1-4,6,10-13,15-20H,5H2,(H,21,22)	null	C1=CC(=C(C=C1O)C=CCO)OC2C(C(C(C(O2)C(=O)O)O)O)O	-0.600000024	131837832	PubChem:(131837832);HMDB:(134082)	10
17	1	N/A	-175.26690306561622	C15H18O9	[M - H2O + H]+	YFLHDBYZUJBQGB	InChI=1S/C15H18O9/c16-9(17)5-4-7-2-1-3-8(6-7)23-15-12(20)10(18)11(19)13(24-15)14(21)22/h1-3,6,10-13,15,18-20H,4-5H2,(H,16,17)(H,21,22)	3-(2-carboxyethyl)phenyl beta-D-glucopyranosiduronic acid	C1=CC(=CC(=C1)OC2C(C(C(C(O2)C(=O)O)O)O)O)CCC(=O)O	-0.200000003	187486;53463326	HMDB:(124982);PubChem:(187486 53463326);PubChem class - bio and metabolites	16777226
18	1	N/A	-181.79347624045835	C15H18O9	[M - H2O + H]+	HMMPRDNOKOKWJD	InChI=1S/C15H18O9/c16-6-2-4-7-3-1-5-8(17)12(7)23-15-11(20)9(18)10(19)13(24-15)14(21)22/h1,3,5-6,9-11,13,15,17-20H,2,4H2,(H,21,22)	null	C1=CC(=C(C(=C1)O)OC2C(C(C(C(O2)C(=O)O)O)O)O)CCC=O	-0.699999988	131837818	HMDB:(134063);PubChem:(131837818);PubChem class - bio and metabolites	16777226
19	1	N/A	-184.38431127602684	C15H18O9	[M - H2O + H]+	GIKFCNPMZLLEJM	InChI=1S/C15H18O9/c1-3-6-4-5-7(12(22-2)8(6)16)23-15-11(19)9(17)10(18)13(24-15)14(20)21/h3-5,9-11,13,15-19H,1H2,2H3,(H,20,21)	null	COC1=C(C=CC(=C1O)C=C)OC2C(C(C(C(O2)C(=O)O)O)O)O	0.400000006	131834425	HMDB:(128050);PubChem:(131834425);PubChem class - bio and metabolites	16777226
20	1	N/A	-190.57790558677698	C15H18O9	[M - H2O + H]+	ONJARQCEJBZPDT	InChI=1S/C15H18O9/c16-5-8-12(22-8)6-3-1-2-4-7(6)23-15-11(19)9(17)10(18)13(24-15)14(20)21/h1-4,8-13,15-19H,5H2,(H,20,21)	null	C1=CC=C(C(=C1)C2C(O2)CO)OC3C(C(C(C(O3)C(=O)O)O)O)O	-1.10000002	131837828	HMDB:(134077);PubChem:(131837828);PubChem class - bio and metabolites	16777226
21	1	N/A	-192.72813139935172	C15H18O9	[M - H2O + H]+	WROCAMQDRXZFKS	InChI=1S/C15H18O9/c16-10(17)6-11(18)22-7-9-12(19)13(20)14(21)15(24-9)23-8-4-2-1-3-5-8/h1-5,9,12-15,19-21H,6-7H2,(H,16,17)	4-Phenyl-6-O-malonylglucoside	C1=CC=C(C=C1)OC2C(C(C(C(O2)COC(=O)CC(=O)O)O)O)O	-0.435745358	128708	MeSH:(128708);PubChem:(128708);PubMed	70
22	1	N/A	-193.30458874158202	C15H18O9	[M - H2O + H]+	FRYSVEYRXYQGGG	InChI=1S/C15H18O9/c16-6-5-8(17)7-3-1-2-4-9(7)23-15-12(20)10(18)11(19)13(24-15)14(21)22/h1-4,6,8,10-13,15,17-20H,5H2,(H,21,22)	null	C1=CC=C(C(=C1)C(CC=O)O)OC2C(C(C(C(O2)C(=O)O)O)O)O	-1.39999998	131837823	HMDB:(134070);PubChem:(131837823);PubChem class - bio and metabolites	16777226
23	1	N/A	-197.01905350110596	C15H18O9	[M - H2O + H]+	AGTWTWBRVMJZDU	InChI=1S/C15H18O9/c1-3-6-4-7(16)12(8(5-6)22-2)23-15-11(19)9(17)10(18)13(24-15)14(20)21/h3-5,9-11,13,15-19H,1H2,2H3,(H,20,21)	null	COC1=CC(=CC(=C1OC2C(C(C(C(O2)C(=O)O)O)O)O)O)C=C	0.400000006	131834375	HMDB:(128000);PubChem:(131834375);PubChem class - bio and metabolites	16777226
24	1	N/A	-197.53673878691137	C15H18O9	[M - H2O + H]+	QLKZKLMWGVTRRW	InChI=1S/C15H18O9/c16-5-1-2-7-6-8(3-4-9(7)17)23-15-12(20)10(18)11(19)13(24-15)14(21)22/h3-6,10-13,15,17-20H,1-2H2,(H,21,22)	null	C1=CC(=C(C=C1OC2C(C(C(C(O2)C(=O)O)O)O)O)CCC=O)O	-0.699999988	131837820	HMDB:(134066);PubChem:(131837820);PubChem class - bio and metabolites	16777226
25	1	N/A	-198.34369364542118	C15H18O9	[M - H2O + H]+	XWUICOWCLNEBAD	InChI=1S/C15H18O9/c16-6-2-4-7-3-1-5-8(9(7)17)23-15-12(20)10(18)11(19)13(24-15)14(21)22/h1,3,5-6,10-13,15,17-20H,2,4H2,(H,21,22)	null	C1=CC(=C(C(=C1)OC2C(C(C(C(O2)C(=O)O)O)O)O)O)CCC=O	-0.699999988	131837817	HMDB:(134062);PubChem:(131837817);PubChem class - bio and metabolites	16777226
26	1	N/A	-202.75892637620078	C15H18O9	[M - H2O + H]+	UQQFNAKDKOFHKW	InChI=1S/C15H18O9/c16-5-1-2-7-6-8(17)3-4-9(7)23-15-12(20)10(18)11(19)13(24-15)14(21)22/h3-6,10-13,15,17-20H,1-2H2,(H,21,22)	null	C1=CC(=C(C=C1O)CCC=O)OC2C(C(C(C(O2)C(=O)O)O)O)O	-0.699999988	131837821	HMDB:(134067);PubChem:(131837821);PubChem class - bio and metabolites	16777226
27	1	N/A	-203.87715097300827	C15H18O9	[M - H2O + H]+	BQIKJLLVYIJEOY	InChI=1S/C15H18O9/c1-3-6-4-9(22-2)7(16)5-8(6)23-15-12(19)10(17)11(18)13(24-15)14(20)21/h3-5,10-13,15-19H,1H2,2H3,(H,20,21)	null	COC1=C(C=C(C(=C1)C=C)OC2C(C(C(C(O2)C(=O)O)O)O)O)O	0.400000006	131834413	HMDB:(128038);PubChem:(131834413);PubChem class - bio and metabolites	16777226
28	1	N/A	-204.74144603930222	C15H18O9	[M - H2O + H]+	LUCGDAUZBGZDBE	InChI=1S/C15H18O9/c1-3-6-4-7(22-2)9(16)8(5-6)23-15-12(19)10(17)11(18)13(24-15)14(20)21/h3-5,10-13,15-19H,1H2,2H3,(H,20,21)	null	COC1=C(C(=CC(=C1)C=C)OC2C(C(C(C(O2)C(=O)O)O)O)O)O	0.400000006	131834374	HMDB:(127999);PubChem:(131834374);PubChem class - bio and metabolites	16777226
29	1	N/A	-213.7074720122893	C15H18O9	[M - H2O + H]+	CRPJAKFIDGRHLV	InChI=1S/C15H18O9/c16-9(17)6-3-7-1-4-8(5-2-7)23-15-12(20)10(18)11(19)13(24-15)14(21)22/h1-2,4-5,10-13,15,18-20H,3,6H2,(H,16,17)(H,21,22)	null	C1=CC(=CC=C1CCC(=O)O)OC2C(C(C(C(O2)C(=O)O)O)O)O	-0.200000003	102124057;131831702	HMDB:(125169);PubChem:(102124057 131831702);PubChem class - bio and metabolites	16777226
30	1	N/A	-216.68163447825	C15H18O9	[M - H2O + H]+	LGOGKRRBMDGQQC	InChI=1S/C15H18O9/c1-3-6-4-8(22-2)9(5-7(6)16)23-15-12(19)10(17)11(18)13(24-15)14(20)21/h3-5,10-13,15-19H,1H2,2H3,(H,20,21)	null	COC1=C(C=C(C(=C1)C=C)O)OC2C(C(C(C(O2)C(=O)O)O)O)O	0.400000006	131834414	HMDB:(128039);PubChem:(131834414);PubChem class - bio and metabolites	16777226
31	1	N/A	-217.12191622331616	C15H18O9	[M - H2O + H]+	GEOPMYWDFFAMNM	InChI=1S/C15H18O9/c1-6(13(19)20)7-2-4-8(5-3-7)23-15-11(18)9(16)10(17)12(24-15)14(21)22/h2-6,9-12,15-18H,1H3,(H,19,20)(H,21,22)	null	CC(C1=CC=C(C=C1)OC2C(C(C(C(O2)C(=O)O)O)O)O)C(=O)O	0.0	131836224	HMDB:(130014);PubChem:(131836224);PubChem class - bio and metabolites	16777226
32	1	N/A	-240.63115536528173	C15H18O9	[M - H2O + H]+	JFCHPLFFTHMUOP	InChI=1S/C15H18O9/c16-8-3-1-2-7(6-8)4-5-9(17)23-15-12(20)10(18)11(19)13(24-15)14(21)22/h1-3,6,10-13,15-16,18-20H,4-5H2,(H,21,22)	null	C1=CC(=CC(=C1)O)CCC(=O)OC2C(C(C(C(O2)C(=O)O)O)O)O	-0.200000003	131831538	HMDB:(124983);PubChem:(131831538);PubChem class - bio and metabolites	16777226
33	1	N/A	-262.1895581305646	C15H18O9	[M - H2O + H]+	RKRLWZJUPQYOQF	InChI=1S/C15H18O9/c16-3-6-22-13(19)10-1-2-11(14(20)23-7-4-17)12(9-10)15(21)24-8-5-18/h1-2,9,16-18H,3-8H2	Tris(2-hydroxyethyl) benzene-1,2,4-tricarboxylate	C1=CC(=C(C=C1C(=O)OCCO)C(=O)OCCO)C(=O)OCCO	-0.600000024	87301	PubChem:(87301);NORMAN:(NS00025860)	262146
34	1	N/A	-268.97591663696306	C15H18O9	[M - H2O + H]+	VNZYZHRINANJBQ	InChI=1S/C15H18O9/c1-6(7-2-4-8(16)5-3-7)14(22)24-15-11(19)9(17)10(18)12(23-15)13(20)21/h2-6,9-12,15-19H,1H3,(H,20,21)	null	CC(C1=CC=C(C=C1)O)C(=O)OC2C(C(C(C(O2)C(=O)O)O)O)O	0.0	131836225	HMDB:(130015);PubChem:(131836225);PubChem class - bio and metabolites	16777226
35	1	N/A	-278.88646440787545	C15H18O9	[M - H2O + H]+	FCLXAKKPEQUMFK	InChI=1S/C15H18O9/c16-8-4-1-7(2-5-8)3-6-9(17)23-15-12(20)10(18)11(19)13(24-15)14(21)22/h1-2,4-5,10-13,15-16,18-20H,3,6H2,(H,21,22)	null	C1=CC(=CC=C1CCC(=O)OC2C(C(C(C(O2)C(=O)O)O)O)O)O	-0.200000003	131831703	HMDB:(125170);PubChem:(131831703);PubChem class - bio and metabolites	16777226
36	1	N/A	-294.09174713950716	C15H18O9	[M - H2O + H]+	MBNPZIKKKDDLLL	InChI=1S/C15H18O9/c1-6-10(16)11(17)12(14(20)21)24-15(6)23-8-4-3-7(13(18)19)5-9(8)22-2/h3-6,10-12,15-17H,1-2H3,(H,18,19)(H,20,21)	null	CC1C(C(C(OC1OC2=C(C=C(C=C2)C(=O)O)OC)C(=O)O)O)O	0.899999976	124202104	COCONUT:(CNP0084257);HMDB:(60024);PubChem:(124202104);CHEBI:(89555);PubChem class - bio and metabolites	18874410
37	1	N/A	-299.5406587092866	C15H18O9	[M - H2O + H]+	LLZJRXQKKFEGGC	InChI=1S/C15H18O9/c1-21-7-2-6-3-10(17)24-14(6)8(4-7)22-15-13(20)12(19)11(18)9(5-16)23-15/h2,4,9,11-13,15-16,18-20H,3,5H2,1H3	null	COC1=CC(=C2C(=C1)CC(=O)O2)OC3C(C(C(C(O3)CO)O)O)O	-0.542238593	""	COCONUT:(CNP0230830);Natural Products:(UNPD106487);SuperNatural:(SN00242595)	3178496
38	1	N/A	-301.1675591209642	C15H18O9	[M - H2O + H]+	LDXOVBQGKFTZBZ	InChI=1S/C15H18O9/c1-5-8-6(2-3-22-14(8)21)13(9(5)17)24-15-12(20)11(19)10(18)7(4-16)23-15/h2-3,7,9-13,15-20H,1,4H2	null	C=C1C(C(C2=C1C(=O)OC=C2)OC3C(C(C(C(O3)CO)O)O)O)O	-2.79999995	15736680	COCONUT:(CNP0308630);KNApSAcK:(10528);Natural Products:(UNPD14629);PubChem:(15736680);SuperNatural:(SN00395666)	3178514
39	1	N/A	-316.2539648433262	C15H18O9	[M - H2O + H]+	RUZGXSQUGLGGHA	InChI=1S/C15H18O9/c1-21-7-2-6-5-22-14(20)10(6)8(3-7)23-15-13(19)12(18)11(17)9(4-16)24-15/h2-3,9,11-13,15-19H,4-5H2,1H3	null	COC1=CC2=C(C(=C1)OC3C(C(C(C(O3)CO)O)O)O)C(=O)OC2	-0.800000012	73351158	COCONUT:(CNP0207731);Natural Products:(UNPD149288);PubChem:(73351158);SuperNatural:(SN00404559);PubMed	3178562
40	1	N/A	-339.57982066167995	C15H18O9	[M - H2O + H]+	QVYMKCGJCIBZNI	InChI=1S/C15H18O9/c1-21-6-3-5-8(10(18)12(6)22-2)13-14(24-15(5)20)11(19)9(17)7(4-16)23-13/h3,7,9,11,13-14,16-19H,4H2,1-2H3	null	COC1=C(C(=C2C3C(C(C(C(O3)CO)O)O)OC(=O)C2=C1)O)OC	-0.794078708	""	COCONUT:(CNP0292680);Natural Products:(UNPD144144);KEGG Mine	8592064512
41	1	N/A	-359.566013036505	C15H18O9	[M - H2O + H]+	RNJLATHHSLBEFX	InChI=1S/C15H18O9/c1-21-6-3-5-8(13(22-2)10(6)18)15(20)24-14-11(19)9(17)7(4-16)23-12(5)14/h3,7,9,11-12,14,16-19H,4H2,1-2H3	null	COC1=C(C(=C2C(=C1)C3C(C(C(C(O3)CO)O)O)OC2=O)OC)O	-0.600000024	101160773	COCONUT:(CNP0249973);Natural Products:(UNPD33971);PubChem:(101160773);SuperNatural:(SN00297496)	3178498
42	1	N/A	-366.1728468772096	C15H18O9	[M - H2O + H]+	XGGISLAIOOXSRZ	InChI=1S/C15H18O9/c1-5-11(18)13(20)14(21)15(23-5)24-9-4-22-8-3-6(16)2-7(17)10(8)12(9)19/h2-3,5,9,11,13-18,20-21H,4H2,1H3	null	CC1C(C(C(C(O1)OC2COC3=CC(=CC(=C3C2=O)O)O)O)O)O	-0.831886351	""	COCONUT:(CNP0322793);Natural Products:(UNPD84461);SuperNatural:(SN00402060)	3178496
43	1	N/A	-366.3927102066685	C15H18O9	[M - H2O + H]+	LDIHVRNCMSZLND	InChI=1S/C15H18O9/c16-6-10(18)12-13(21)15(23,14(22)24-12)9(5-11(19)20)7-1-3-8(17)4-2-7/h1-4,9-10,12-13,16-18,21,23H,5-6H2,(H,19,20)	null	C1=CC(=CC=C1C(CC(=O)O)C2(C(C(OC2=O)C(CO)O)O)O)O	-1.29999995	101306804	COCONUT:(CNP0219321);Natural Products:(UNPD65170);PubChem:(101306804);SuperNatural:(SN00324238)	3178498
44	1	N/A	-412.86881081004157	C15H18O9	[M - H2O + H]+	FKGJNWNABBXSCS	InChI=1S/C15H18O9/c1-19-10-8(14(17)23-5)7(13(16)22-4)9(15(18)24-6)11(20-2)12(10)21-3/h1-6H3	null	COC1=C(C(=C(C(=C1C(=O)OC)C(=O)OC)C(=O)OC)OC)OC	1.39999998	71676387	COCONUT:(CNP0078645);PubChem:(71676387);SuperNatural:(SN00142309);ZINC bio:(ZINC68601686)	3153922
45	1	N/A	-431.30294905626994	C15H18O9	[M - H2O + H]+	QQTTUAIJJYBAJH	InChI=1S/C15H18O9/c1-19-10-7(13(16)22-4)8(14(17)23-5)11(20-2)12(21-3)9(10)15(18)24-6/h1-6H3	null	COC1=C(C(=C(C(=C1C(=O)OC)C(=O)OC)OC)OC)C(=O)OC	1.39999998	71676390	COCONUT:(CNP0051460);PubChem:(71676390);SuperNatural:(SN00142310);ZINC bio:(ZINC68601690)	3153922
46	1	N/A	-434.3446168553194	C15H18O9	[M - H2O + H]+	GUNXKIKUNNXJKN	InChI=1S/C15H18O9/c1-5-2-6-10(14(21)22-5)7(17)3-8(11(6)18)23-15-13(20)12(19)9(4-16)24-15/h3,5,9,12-13,15-20H,2,4H2,1H3	null	CC1CC2=C(C(=CC(=C2O)OC3C(C(C(O3)CO)O)O)O)C(=O)O1	0.5	132850138	PubChem:(132850138);COCONUT:(CNP0363402)	2097154
1	1	N/A	-118.6767953198407	C15H16O8	[M + H]+	VPAOSFFTKWUGAD	InChI=1S/C15H16O8/c16-6-10-12(18)13(19)14(20)15(23-10)21-8-3-1-7-2-4-11(17)22-9(7)5-8/h1-5,10,12-16,18-20H,6H2	Skimmine	C1=CC(=CC2=C1C=CC(=O)O2)OC3C(C(C(C(O3)CO)O)O)O	-0.195407987	99693;320361;932878;12442834;16637913;20640061;22816386;57515096;124917424	COCONUT:(CNP0236174 CNP0293349);KNApSAcK:(32165);Natural Products:(UNPD25247 UNPD50759 UNPD15138);PubChem:(99693 320361 932878 12442834 16637913 20640061 22816386 57515096 124917424);SuperNatural:(SN00002282 SN00376538);ZINC bio:(ZINC01559620);additional;MeSH:(99693);Training Set;PubMed;Biocyc:(CPD-21593)	3729494
2	1	N/A	-130.5505185051898	C15H16O8	[M + H]+	PWRWGDUCAUFYAW	InChI=1S/C15H16O8/c16-7-3-5-8-4-1-2-6-9(8)22-15-12(19)10(17)11(18)13(23-15)14(20)21/h1-7,10-13,15,17-19H,(H,20,21)	null	C1=CC=C(C(=C1)C=CC=O)OC2C(C(C(C(O2)C(=O)O)O)O)O	-0.100000001	131837800	PubChem:(131837800);HMDB:(134044)	10
3	1	N/A	-142.8549656420496	C15H16O8	[M + H]+	JWGBKORYSKOFCR	InChI=1S/C15H16O8/c16-6-9-11(18)12(19)13(20)15(22-9)21-8-3-1-2-7-4-5-10(17)23-14(7)8/h1-5,9,11-13,15-16,18-20H,6H2	null	C1=CC2=C(C(=C1)OC3C(C(C(C(O3)CO)O)O)O)OC(=O)C=C2	-0.195407987	""	COCONUT:(CNP0373328);Natural Products:(UNPD217094)	2129920
4	1	N/A	-144.64864923997948	C15H16O8	[M + H]+	JHAMNIAYJASPSP	InChI=1S/C15H16O8/c16-6-2-4-8-3-1-5-9(7-8)22-15-12(19)10(17)11(18)13(23-15)14(20)21/h1-7,10-13,15,17-19H,(H,20,21)	null	C1=CC(=CC(=C1)OC2C(C(C(C(O2)C(=O)O)O)O)O)C=CC=O	-0.100000001	131838894	HMDB:(135290);PubChem:(131838894);PubChem class - bio and metabolites	16777226
5	1	N/A	-147.4574382851638	C15H16O8	[M + H]+	UMXDJWMIEHQSHF	InChI=1S/C15H16O8/c16-6-10-12(18)13(19)14(20)15(23-10)22-9-3-1-2-8-7(9)4-5-11(17)21-8/h1-5,10,12-16,18-20H,6H2	null	C1=CC2=C(C=CC(=O)O2)C(=C1)OC3C(C(C(C(O3)CO)O)O)O	-0.300000012	131751353	COCONUT:(CNP0114787);HMDB:(32984);PubChem:(131751353);PubChem class - bio and metabolites	18874378
6	1	N/A	-152.13222783945938	C15H16O8	[M + H]+	UKVUSLAXZMZDCM	InChI=1S/C15H16O8/c16-7-1-2-8-3-5-9(6-4-8)22-15-12(19)10(17)11(18)13(23-15)14(20)21/h1-7,10-13,15,17-19H,(H,20,21)	null	C1=CC(=CC=C1C=CC=O)OC2C(C(C(C(O2)C(=O)O)O)O)O	-0.100000001	131838892	HMDB:(135287);PubChem:(131838892);PubChem class - bio and metabolites	16777226
7	1	N/A	-157.02540697913838	C15H16O8	[M + H]+	ITCLPDPQNXDHDD	InChI=1S/C15H16O8/c16-6-10-11(17)12(18)13(19)15(23-10)22-9-5-7-3-1-2-4-8(7)21-14(9)20/h1-5,10-13,15-19H,6H2	null	C1=CC=C2C(=C1)C=C(C(=O)O2)OC3C(C(C(C(O3)CO)O)O)O	0.0	53934014;87820587;101053239	PubChem:(53934014 87820587 101053239);PubMed;Biocyc:(CPD-21595)	2114
8	1	N/A	-187.11642525161062	C15H16O8	[M + H]+	OLQFUCUMPWIDSC	InChI=1S/C15H16O8/c16-9(7-6-8-4-2-1-3-5-8)22-15-12(19)10(17)11(18)13(23-15)14(20)21/h1-7,10-13,15,17-19H,(H,20,21)	null	C1=CC=C(C=C1)C=CC(=O)OC2C(C(C(C(O2)C(=O)O)O)O)O	0.300000012	131831701	HMDB:(125167 128099);PubChem:(131831701);KEGG Mine;PubChem class - bio and metabolites	8606711818
9	1	N/A	-225.7338954819383	C15H16O8	[M + H]+	YFWWPDXSQPDJRH	InChI=1S/C15H16O8/c1-20-14-8(4-2-7-3-5-10(17)23-13(7)14)21-15-12(19)11(18)9(6-16)22-15/h2-5,9,11-12,15-16,18-19H,6H2,1H3	null	COC1=C(C=CC2=C1OC(=O)C=C2)OC3C(C(C(O3)CO)O)O	0.280435801	""	COCONUT:(CNP0323909);Natural Products:(UNPD86040);SuperNatural:(SN00355382)	3178496
10	1	N/A	-237.08656066003545	C15H16O8	[M + H]+	NESZJGWDJZPTCO	InChI=1S/C15H16O8/c1-8(16)20-13-6-5-12(7-14(13)21-9(2)17)15(22-10(3)18)23-11(4)19/h5-7,15H,1-4H3	3,4-Diacbz diac	CC(=O)OC1=C(C=C(C=C1)C(OC(=O)C)OC(=O)C)OC(=O)C	1.10000002	3085325	MeSH:(3085325);PubChem:(3085325);PubMed	70
11	1	N/A	-259.42745472872133	C15H16O8	[M + H]+	SVRMKLADDRLSAP	InChI=1S/C15H16O8/c16-6-10-11(18)12(19)13-15(22-10)21-9(14(20)23-13)5-7-1-3-8(17)4-2-7/h1-5,10-13,15-19H,6H2	null	C1=CC(=CC=C1C=C2C(=O)OC3C(C(C(OC3O2)CO)O)O)O	0.400000006	102007846;102007847	COCONUT:(CNP0219123);Natural Products:(UNPD19088 UNPD95333 UNPD95482);PubChem:(102007846 102007847);SuperNatural:(SN00355643 SN00324117 SN00291447)	3178498
12	1	N/A	-278.95871243489245	C15H16O8	[M + H]+	RDNRPPQDNQOCBZ	InChI=1S/C15H16O8/c16-9-4-1-8(2-5-9)3-6-11(18)22-7-10(17)14-12(19)13(20)15(21)23-14/h1-6,10,12-14,16-17,19-20H,7H2	null	C1=CC(=CC=C1C=CC(=O)OCC(C2C(C(C(=O)O2)O)O)O)O	-0.11899332	""	COCONUT:(CNP0242246);Natural Products:(UNPD219721)	2129920
13	1	N/A	-294.3983628221617	C15H16O8	[M + H]+	CTGMCYNSUYQXFH	InChI=1S/C15H16O8/c1-21-11-7-9(3-5-10(11)16)4-6-13(17)23-12(15(19)20)8-14(18)22-2/h3-7,12,16H,8H2,1-2H3,(H,19,20)	null	COC1=C(C=CC(=C1)C=CC(=O)OC(CC(=O)OC)C(=O)O)O	1.21927845	""	COCONUT:(CNP0323929);Natural Products:(UNPD95565);SuperNatural:(SN00383504)	3178496
14	1	N/A	-294.47545957582594	C15H16O8	[M + H]+	DNSKQRFLZOQGGI	InChI=1S/C15H16O8/c1-6-2-7-3-8(4-9(17)11(7)14(20)21-6)22-15-13(19)12(18)10(5-16)23-15/h2-4,10,12-13,15-19H,5H2,1H3	null	CC1=CC2=CC(=CC(=C2C(=O)O1)O)OC3C(C(C(O3)CO)O)O	0.899999976	139583721	PubChem:(139583721);COCONUT:(CNP0355236)	2097154
15	1	N/A	-304.18723279418634	C15H16O8	[M + H]+	FZQDBBBREHNBJN	InChI=1S/C15H16O8/c1-21-10-5-3-9(7-11(10)22-2)4-6-14(18)23-12(15(19)20)8-13(16)17/h3-7,12H,8H2,1-2H3,(H,16,17)(H,19,20)	null	COC1=C(C=C(C=C1)C=CC(=O)OC(CC(=O)O)C(=O)O)OC	1.29999995	90471964;97299121;97299122;125183198;125183199;137796546	PubChem:(90471964 97299121 97299122 125183198 125183199 137796546);COCONUT:(CNP0205752)	2097154
16	1	N/A	-310.98891949403225	C15H16O8	[M + H]+	APEOYHMMWLHUAL	InChI=1S/C15H16O8/c1-5-20-15(19)11-6-12(21-8(2)16)14(23-10(4)18)13(7-11)22-9(3)17/h6-7H,5H2,1-4H3	5-(ethoxycarbonyl)benzene-1,2,3-triyl triacetate	CCOC(=O)C1=CC(=C(C(=C1)OC(=O)C)OC(=O)C)OC(=O)C	1.39999998	44668384	COCONUT:(CNP0168184);Natural Products:(UNPD190144);PubChem:(44668384);ZINC bio:(ZINC14775799)	2138114
17	1	N/A	-319.31713345774136	C15H16O8	[M + H]+	FQPIJXGAKOKCQL	InChI=1S/C15H16O8/c1-21-11-7-9(3-5-10(11)16)4-6-14(19)23-12(8-13(17)18)15(20)22-2/h3-7,12,16H,8H2,1-2H3,(H,17,18)	null	COC1=C(C=CC(=C1)C=CC(=O)OC(CC(=O)O)C(=O)OC)O	1.21927845	""	COCONUT:(CNP0160138);Natural Products:(UNPD172248);SuperNatural:(SN00275615)	3178496
18	1	N/A	-346.8399126142587	C15H16O8	[M + H]+	RCKKMKCAIVGNCD	InChI=1S/C15H16O8/c16-6-10-12-15(21,11(18)14(20)22-10)9(13(19)23-12)5-7-1-3-8(17)4-2-7/h1-5,10-12,14,16-18,20-21H,6H2	null	C1=CC(=CC=C1C=C2C(=O)OC3C2(C(C(OC3CO)O)O)O)O	-0.959614754	""	COCONUT:(CNP0265188);Natural Products:(UNPD139815 UNPD189399);SuperNatural:(SN00273945)	3178496
19	1	N/A	-366.37363561226397	C15H16O8	[M + H]+	SMWPODZFOYKZAS	InChI=1S/C15H16O8/c1-22-11-7-9(3-4-10(11)13(18)19)5-6-15(23-2,14(20)21)8-12(16)17/h3-7H,8H2,1-2H3,(H,16,17)(H,18,19)(H,20,21)	null	COC1=C(C=CC(=C1)C=CC(CC(=O)O)(C(=O)O)OC)C(=O)O	0.800000012	85865497;101251749	COCONUT:(CNP0259092);Natural Products:(UNPD136238);PubChem:(85865497 101251749);SuperNatural:(SN00374825);PubMed	3178562
20	1	N/A	-434.5151806670458	C15H16O8	[M + H]+	JVCLQSJXGOABTC	InChI=1S/C15H16O8/c16-6-10(18)12-13(20)15(14(21)22-12)9(5-11(19)23-15)7-1-3-8(17)4-2-7/h1-4,9-10,12-13,16-18,20H,5-6H2	Leucodrin	C1C(C2(C(C(OC2=O)C(CO)O)O)OC1=O)C3=CC=C(C=C3)O	-0.5	193664;270432;6711168;12305005;21607505;21678227;50990699;92246493;92246494;92246495;92246496;92855823;92855824;137322323	COCONUT:(CNP0174980);Natural Products:(UNPD75474 UNPD163644 UNPD197055 UNPD124055);PubChem:(193664 270432 6711168 12305005 21607505 21678227 50990699 92246493 92246494 92246495 92246496 92855823 92855824 137322323);SuperNatural:(SN00403300 SN00359385 SN00274206 SN00313570);MeSH:(193664 270432 12305005 21607505);PubMed	3178566
21	1	N/A	-503.62451876612323	C15H16O8	[M + H]+	QSTNFPFAURLSDG	InChI=1S/C15H16O8/c1-5(16)6-9(17)7-8(10(18)13(6)21-2)12(20)15(23-4)14(22-3)11(7)19/h5,16-18H,1-4H3	null	CC(C1=C(C2=C(C(=C1OC)O)C(=O)C(=C(C2=O)OC)OC)O)O	1.70000005	135858981	Natural Products:(UNPD114003);PubChem:(135858981);SuperNatural:(SN00366485)	1081346
22	1	N/A	-539.2183812039888	C15H16O8	[M + H]+	MLCUICWDVDPTKK	InChI=1S/C15H16O8/c1-5(16)6-9(17)7-8(10(18)13(6)21-2)12(20)15(23-4)14(22-3)11(7)19/h5,16,19-20H,1-4H3	null	CC(C1=C(C(=O)C2=C(C1=O)C(=C(C(=C2O)OC)OC)O)OC)O	0.631353557	""	COCONUT:(CNP0223608);SuperNatural:(SN00366485)	3145728
23	1	N/A	-577.8403461299478	C15H16O8	[M + H]+	RKILODOPILZBRZ	InChI=1S/C15H16O8/c1-14(20)4-6-11(17)10-9(13(19)15(6,21)5-23-14)7(16)3-8(22-2)12(10)18/h3,6,16,18,20-21H,4-5H2,1-2H3	Hydroxydihydrofusarubin	CC1(CC2C(=O)C3=C(C(=CC(=C3O)OC)O)C(=O)C2(CO1)O)O	0.400000006	194402	MeSH:(194402);PubChem:(194402);PubMed	70
24	1	N/A	-597.3910041292766	C15H16O8	[M + H]+	KZCNICMEMSUHNP	InChI=1S/C15H16O8/c1-15(6-11(17)18)9(5-12(19)23-15)8-3-7(22-2)4-10(16)13(8)14(20)21/h3-4,9,16H,5-6H2,1-2H3,(H,17,18)(H,20,21)	null	CC1(C(CC(=O)O1)C2=C(C(=CC(=C2)OC)O)C(=O)O)CC(=O)O	1.0	139584769	PubChem:(139584769);COCONUT:(CNP0256407)	2097154