structureRankPerFormula	formulaRank	ConfidenceScore	CSI:FingerIDScore	molecularFormula	adduct	InChIkey2D	InChI	name	smiles	xlogp	pubchemids	links	dbflags
1	1	0.34401390592468417	-111.59077715814658	C17H24O8	[M + Na]+	HRYIDVZLDQBLFF	InChI=1S/C17H24O8/c18-9-12-14(21)15(22)16(23)17(25-12)24-11(8-13(19)20)7-6-10-4-2-1-3-5-10/h1-5,11-12,14-18,21-23H,6-9H2,(H,19,20)	(3R)-5-phenyl-3-[(2R,3R,4S,5S,6R)-3,4,5-trihydroxy-6-(hydroxymethyl)oxan-2-yl]oxypentanoic acid	C1=CC=C(C=C1)CCC(CC(=O)O)OC2C(C(C(C(O2)CO)O)O)O	-0.200000003	11792570;16681750;44566368;118431220	COCONUT:(CNP0339118 CNP0356654);HMDB:(31695);Natural Products:(UNPD137791);PubChem:(11792570 16681750 44566368 118431220);SuperNatural:(SN00032943 SN00036742 SN00036744 SN00300752 SN00032941 SN00032942 SN00036745 SN00036743 SN00032944);ZINC bio:(ZINC13660224 ZINC13660226 ZINC13660229 ZINC13660232 ZINC35456138 ZINC35456145 ZINC35456150 ZINC35456155);additional;PubChem class - bio and metabolites;Training Set;PubMed	20504650
2	1	N/A	-136.9048243368088	C17H24O8	[M + Na]+	GXSGZLLXMDVQAS	InChI=1S/C17H24O8/c1-9(19)3-4-10-5-6-11(12(7-10)23-2)24-17-16(22)15(21)14(20)13(8-18)25-17/h5-7,13-18,20-22H,3-4,8H2,1-2H3	null	CC(=O)CCC1=CC(=C(C=C1)OC2C(C(C(C(O2)CO)O)O)O)OC	0.0564802364	44160050;74937233;90743708	COCONUT:(CNP0263328);HMDB:(40558);Natural Products:(UNPD173328 UNPD143495);PubChem:(44160050 74937233 90743708);SuperNatural:(SN00291072 SN00322202);PubChem class - bio and metabolites;PubMed	19955786
3	1	N/A	-138.3198373006204	C17H24O8	[M + Na]+	GJDGTVUZKDKLQP	InChI=1S/C17H24O8/c1-4-5-9-6-10(22-2)16(11(7-9)23-3)25-17-15(21)14(20)13(19)12(8-18)24-17/h4,6-7,12-15,17-21H,1,5,8H2,2-3H3	(2S,3R,4S,5S,6R)-2-(2,6-dimethoxy-4-prop-2-enylphenoxy)-6-(hydroxymethyl)oxane-3,4,5-triol	COC1=CC(=CC(=C1OC2C(C(C(C(O2)CO)O)O)O)OC)CC=C	0.681687832	21636226;91560264;91361195	COCONUT:(CNP0332131);KNApSAcK:(21006);Natural Products:(UNPD97349);PubChem:(21636226 91560264 91361195);SuperNatural:(SN00328250);PubMed	3178578
4	1	N/A	-142.83143043510336	C17H24O8	[M + Na]+	ZDLGCAQIENQSSF	InChI=1S/C17H24O8/c1-4-5-9-6-10(22-2)16(11(7-9)23-3)25-17-15(21)14(20)13(19)12(8-18)24-17/h4-7,12-15,17-21H,8H2,1-3H3	null	CC=CC1=CC(=C(C(=C1)OC)OC2C(C(C(C(O2)CO)O)O)O)OC	0.598342836	70698195;77916113;132587082	COCONUT:(CNP0137053);Natural Products:(UNPD195201 UNPD199911 UNPD212018);PubChem:(70698195 77916113 132587082);SuperNatural:(SN00244244);CHEBI:(70615)	3178530
5	1	N/A	-143.41976921186122	C17H24O8	[M + Na]+	GTVICHHGJCEVTN	InChI=1S/C17H24O8/c18-5-3-1-2-4-10-6-11(20)8-12(7-10)24-17-16(23)15(22)14(21)13(9-19)25-17/h1-2,6-8,13-23H,3-5,9H2	null	C1=C(C=C(C=C1O)OC2C(C(C(C(O2)CO)O)O)O)CC=CCCO	0.158674836	44227746;101447980	COCONUT:(CNP0272764);KNApSAcK:(33891);Natural Products:(UNPD1038);PubChem:(44227746 101447980);SuperNatural:(SN00275214)	3178514
6	1	N/A	-161.27397505345763	C17H24O8	[M + Na]+	QNCZLHXPAOQNMW	InChI=1S/C17H24O8/c1-10(19)23-8-2-3-11-4-6-12(7-5-11)24-17-16(22)15(21)14(20)13(9-18)25-17/h4-7,13-18,20-22H,2-3,8-9H2,1H3	null	CC(=O)OCCCC1=CC=C(C=C1)OC2C(C(C(C(O2)CO)O)O)O	0.421269298	""	COCONUT:(CNP0227131);Natural Products:(UNPD101785)	2129920
7	1	N/A	-166.99877878145995	C17H24O8	[M + Na]+	SCOBOZBTFMWPOO	InChI=1S/C17H24O8/c1-22-7-3-4-10-5-6-11(12(8-10)23-2)24-17-16(21)15(20)14(19)13(9-18)25-17/h3-6,8,13-21H,7,9H2,1-2H3	(2R,3S,4R,5R,6S)-2-(hydroxymethyl)-6-[2-methoxy-4-[(E)-3-methoxyprop-1-enyl]phenoxy]oxane-3,4,5-triol	COCC=CC1=CC(=C(C=C1)OC2C(C(C(C(O2)CO)O)O)O)OC	0.0797063932	5319561;22524369;77461174	COCONUT:(CNP0262538);Natural Products:(UNPD18221 UNPD209783 UNPD51800);PubChem:(5319561 22524369 77461174);SuperNatural:(SN00292858 SN00160448);PubMed;KEGG Mine	8593113154
8	1	N/A	-171.04283573759014	C17H24O8	[M + Na]+	YQRYPKYJQISAIL	InChI=1S/C17H24O8/c1-4-5-9-6-11(23-3)12(7-10(9)22-2)24-17-16(21)15(20)14(19)13(8-18)25-17/h4,6-7,13-21H,1,5,8H2,2-3H3	null	COC1=CC(=C(C=C1CC=C)OC)OC2C(C(C(C(O2)CO)O)O)O	0.681687832	90858605	COCONUT:(CNP0320272);Natural Products:(UNPD8117);PubChem:(90858605);SuperNatural:(SN00403124);PubMed	3178562
9	1	N/A	-182.70957625365264	C17H24O8	[M + Na]+	FIMKHSBSARDIIL	InChI=1S/C17H24O8/c1-8(2)3-4-9-5-10(19)13(20)11(6-9)24-17-16(23)15(22)14(21)12(7-18)25-17/h3,5-6,12,14-23H,4,7H2,1-2H3	null	CC(=CCC1=CC(=C(C(=C1)OC2C(C(C(C(O2)CO)O)O)O)O)O)C	0.576440036	""	COCONUT:(CNP0224058);Natural Products:(UNPD212157)	2129920
10	1	N/A	-183.52130386598992	C17H24O8	[M + Na]+	UGJUSFQJEPBFTF	InChI=1S/C17H24O8/c1-9(7-18)2-3-10-6-11(20)4-5-12(10)24-17-16(23)15(22)14(21)13(8-19)25-17/h2,4-6,13-23H,3,7-8H2,1H3	(2S,3R,4S,5S,6R)-2-[4-hydroxy-2-[(Z)-4-hydroxy-3-methylbut-2-enyl]phenoxy]-6-(hydroxymethyl)oxane-3,4,5-triol	CC(=CCC1=C(C=CC(=C1)O)OC2C(C(C(C(O2)CO)O)O)O)CO	0.0578036308	11013709;23242277	COCONUT:(CNP0250792);Natural Products:(UNPD224395 UNPD136979);PubChem:(11013709 23242277);SuperNatural:(SN00357258)	3178498
11	1	N/A	-199.7012659412546	C17H24O8	[M + Na]+	NHVGUAJCULYBFP	InChI=1S/C17H24O8/c1-3-9(2)16(22)23-8-12-13(19)14(20)15(21)17(25-12)24-11-6-4-10(18)5-7-11/h4-7,9,12-15,17-21H,3,8H2,1-2H3	null	CCC(C)C(=O)OCC1C(C(C(C(O1)OC2=CC=C(C=C2)O)O)O)O	0.97374481	44224492;101881016;124582759	PubChem:(44224492 101881016 124582759);COCONUT:(CNP0086938)	2097154
12	1	N/A	-249.17200971904887	C17H24O8	[M + Na]+	FYSKLDZBRXIWLZ	InChI=1S/C17H24O8/c1-2-8-9-5-6-23-16(22)10(9)3-4-11(8)24-17-15(21)14(20)13(19)12(7-18)25-17/h2-3,8-9,11-15,17-21H,1,4-7H2	null	C=CC1C2CCOC(=O)C2=CCC1OC3C(C(C(C(O3)CO)O)O)O	-0.364176124	""	COCONUT:(CNP0344576);Natural Products:(UNPD175863);SuperNatural:(SN00356798)	3178496
13	1	N/A	-272.22338306394494	C17H24O8	[M + Na]+	HVCVPIADBNQJRC	InChI=1S/C17H24O8/c1-6-9-8(23-7(2)18)5-15(3,20)17(22)11(10(9)24-14(6)19)16(4,21)12-13(17)25-12/h6,8-13,20-22H,5H2,1-4H3	null	CC1C2C(CC(C3(C(C2OC1=O)C(C4C3O4)(C)O)O)(C)O)OC(=O)C	-0.952805459	""	COCONUT:(CNP0172436);KNApSAcK:(20695);Natural Products:(UNPD146586);SuperNatural:(SN00401163)	3178512
14	1	N/A	-316.18675118493735	C17H24O8	[M + Na]+	HSZFOPSFGLCWLP	InChI=1S/C17H24O8/c1-7-9-5-6-15(3,21)17(23)11(10(9)25-14(7)20)16(4,22)13(12(17)19)24-8(2)18/h9-13,19,21-23H,1,5-6H2,2-4H3	null	CC(=O)OC1C(C2(C(C1(C)O)C3C(CCC2(C)O)C(=C)C(=O)O3)O)O	-1.20000005	101618858	COCONUT:(CNP0115362);Natural Products:(UNPD24335);PubChem:(101618858);SuperNatural:(SN00327119)	3178498
15	1	N/A	-318.08999406489824	C17H24O8	[M + Na]+	VCLBQBHTILPHKD	InChI=1S/C17H24O8/c1-17(2,3)9-7-8(5-6-10(9)23-4)24-16-13(20)11(18)12(19)14(25-16)15(21)22/h5-7,11-14,16,18-20H,1-4H3,(H,21,22)	null	CC(C)(C)C1=C(C=CC(=C1)OC2C(C(C(C(O2)C(=O)O)O)O)O)OC	1.00819004	""	COCONUT:(CNP0104952);Natural Products:(UNPD150233);SuperNatural:(SN00256334)	3178496
16	1	N/A	-325.2054629456523	C17H24O8	[M + Na]+	IOOLYFLBZFWTHU	InChI=1S/C17H24O8/c1-17(2,3)9-7-8(23-4)5-6-10(9)24-16-13(20)11(18)12(19)14(25-16)15(21)22/h5-7,11-14,16,18-20H,1-4H3,(H,21,22)	null	CC(C)(C)C1=C(C=CC(=C1)OC)OC2C(C(C(C(O2)C(=O)O)O)O)O	1.00819004	""	COCONUT:(CNP0307391);Natural Products:(UNPD648);SuperNatural:(SN00330007)	3178496
17	1	N/A	-338.1198493132082	C17H24O8	[M + Na]+	PWXSALGBFFRJCR	InChI=1S/C17H24O8/c1-8(2)5-12(19)22-7-17-11(23-10(4)18)6-16(21)9(3)15(25-17)24-14(20)13(16)17/h8,11,13-15,20-21H,3,5-7H2,1-2,4H3	null	CC(C)CC(=O)OCC12C(CC3(C1C(OC(C3=C)O2)O)O)OC(=O)C	0.30122745	""	COCONUT:(CNP0335885);Natural Products:(UNPD204670)	2129920
18	1	N/A	-349.1532163228113	C17H24O8	[M + Na]+	STNNWPKHRBGYMO	InChI=1S/C17H24O8/c1-10(23-11(2)18)13(24-12(3)19)8-9-14(22-4)17(21)15-6-5-7-16(20)25-15/h5,7-10,13-15,17,21H,6H2,1-4H3	[(E)-3-acetyloxy-7-hydroxy-6-methoxy-7-(6-oxo-2,3-dihydropyran-2-yl)hept-4-en-2-yl] acetate	CC(C(C=CC(C(C1CC=CC(=O)O1)O)OC)OC(=O)C)OC(=O)C	0.600000024	14757878;14757877;51669496;51669497;51669498;51669499;98642899;98642900;124871476;124871477	COCONUT:(CNP0375023);Natural Products:(UNPD16135);PubChem:(14757878 14757877 51669496 51669497 51669498 51669499 98642899 98642900 124871476 124871477);SuperNatural:(SN00030696 SN00374215 SN00037043 SN00030694 SN00030697 SN00030695 SN00037044 SN00037042 SN00037045);ZINC bio:(ZINC14719122 ZINC14719124 ZINC14719125 ZINC14719127 ZINC34361063 ZINC34361064 ZINC34361065 ZINC34361066);additional;Training Set	3727362
19	1	N/A	-354.3285087418984	C17H24O8	[M + Na]+	FZPVNGODHKVGGJ	InChI=1S/C17H24O8/c1-8(2)5-12(19)24-15-13-16(20)6-11(23-10(4)18)17(13,21)7-22-14(25-15)9(16)3/h8,11,13-15,20-21H,3,5-7H2,1-2,4H3	null	CC(C)CC(=O)OC1C2C3(CC(C2(COC(C3=C)O1)O)OC(=O)C)O	-0.300000012	44482328	COCONUT:(CNP0132063);KNApSAcK:(48232);Natural Products:(UNPD7790);PubChem:(44482328);SuperNatural:(SN00352741)	3178514
20	1	N/A	-358.10640668950606	C17H24O8	[M + Na]+	OFPJQOYOGGSWNY	InChI=1S/C17H24O8/c1-7-2-10(4-8-3-9(19)5-11(20)13(7)8)24-17-16(23)15(22)14(21)12(6-18)25-17/h3,5,7,10,12,14-23H,2,4,6H2,1H3	2-[(5,7-dihydroxy-4-methyl-1,2,3,4-tetrahydronaphthalen-2-yl)oxy]-6-(hydroxymethyl)oxane-3,4,5-triol	CC1CC(CC2=C1C(=CC(=C2)O)O)OC3C(C(C(C(O3)CO)O)O)O	0.0	5317339	COCONUT:(CNP0263373);Natural Products:(UNPD160481);PubChem:(5317339);SuperNatural:(SN00379199 SN00166066)	3178498
21	1	N/A	-362.38625474688126	C17H24O8	[M + Na]+	UQYQOJQOGSEKAC	InChI=1S/C17H24O8/c1-8-6-7-13(23-10(3)18)15(25-12(5)20)17(8)14(24-11(4)19)9(2)22-16(17)21/h8-9,13-15H,6-7H2,1-5H3	null	CC1CCC(C(C12C(C(OC2=O)C)OC(=O)C)OC(=O)C)OC(=O)C	1.22649419	""	COCONUT:(CNP0212484)	2097152
22	1	N/A	-371.2333674633109	C17H24O8	[M + Na]+	FZACMYKAVBLRDR	InChI=1S/C17H24O8/c1-22-12(18)10-5-16(14(20)24-3)7-11(13(19)23-2)8-17(6-10,9-16)15(21)25-4/h10-11H,5-9H2,1-4H3	null	COC(=O)C1CC2(CC(CC(C1)(C2)C(=O)OC)C(=O)OC)C(=O)OC	1.69763589	""	COCONUT:(CNP0028822);SuperNatural:(SN00140649)	3145728
23	1	N/A	-371.51043437830924	C17H24O8	[M + Na]+	GFQYJVLOPVAPGJ	InChI=1S/C17H24O8/c18-17(19)14-1-2-15-16(13-14)25-12-10-23-8-6-21-4-3-20-5-7-22-9-11-24-15/h1-2,13H,3-12H2,(H,18,19)	4''-Carboxybenzo-18-crown 6-Ether	C1COCCOCCOC2=C(C=CC(=C2)C(=O)O)OCCOCCO1	0.589999139	2724805;7064774	PubChem class - safety and toxic;PubChem:(2724805 7064774);PubMed;PubChem class - bio and metabolites	83886146
24	1	N/A	-382.66299804653096	C17H24O8	[M + Na]+	PYLJFGLECGNSHX	InChI=1S/C17H24O8/c1-23-11-4-8(2-3-10(11)20)16-13(7-19)24-12-5-9(6-18)14(21)15(22)17(12)25-16/h2-4,9,12-22H,5-7H2,1H3	null	COC1=C(C=CC(=C1)C2C(OC3CC(C(C(C3O2)O)O)CO)CO)O	-0.557020605	""	COCONUT:(CNP0109584);Natural Products:(UNPD35587);SuperNatural:(SN00271418)	3178496
25	1	N/A	-412.03008543321886	C17H24O8	[M + Na]+	ULIAZBXBSMSWPV	InChI=1S/C17H24O8/c1-8-4-5-13(24-9(2)18)17(25-8)15(21)10-6-12(19)16(3,22)14(20)11(10)7-23-17/h8,12-13,15,19,21-22H,4-7H2,1-3H3	null	CC1CCC(C2(O1)C(C3=C(CO2)C(=O)C(C(C3)O)(C)O)O)OC(=O)C	-1.60000002	139588084	PubChem:(139588084);COCONUT:(CNP0188936)	2097154
26	1	N/A	-431.9105666156039	C17H24O8	[M + Na]+	OYMKKWFQISOWIX	InChI=1S/C17H24O8/c1-8-5-10(19)17(23)14(3,7-24-9(2)18)15(4,22)11-6-16(8,17)12(20)13(21)25-11/h8,11-12,20,22-23H,5-7H2,1-4H3	null	CC1CC(=O)C2(C13CC(C(C2(C)COC(=O)C)(C)O)OC(=O)C3O)O	-0.800000012	11792569;49824178	COCONUT:(CNP0196252);KNApSAcK:(49770);Natural Products:(UNPD194754);PubChem:(11792569 49824178);SuperNatural:(SN00263232);PubMed	3178578
27	1	N/A	-467.9868925344505	C17H24O8	[M + Na]+	JSKQCNUJAIDKCK	InChI=1S/C17H24O8/c1-9-7-17(24,16(22)23)8-13(15(9)21)25-14(20)5-3-10-2-4-11(18)12(19)6-10/h2-6,9,13-16,18-24H,7-8H2,1H3	null	CC1CC(CC(C1O)OC(C=CC2=CC(=C(C=C2)O)O)O)(C(O)O)O	0.380165845	""	COCONUT:(CNP0022053)	2097152