structureRankPerFormula	formulaRank	ConfidenceScore	CSI:FingerIDScore	molecularFormula	adduct	InChIkey2D	InChI	name	smiles	xlogp	pubchemids	links	dbflags
1	2	0.04532220025884892	-230.66626322391576	C20H26O11	[M - H2O + H]+	JJYVNURTNGHITH	InChI=1S/C20H26O11/c21-11-8-28-19(17(26)14(11)23)29-9-12-15(24)16(25)18(27)20(30-12)31-13(22)7-6-10-4-2-1-3-5-10/h1-7,11-12,14-21,23-27H,8-9H2	null	C1C(C(C(C(O1)OCC2C(C(C(C(O2)OC(=O)C=CC3=CC=CC=C3)O)O)O)O)O)O	-1.26358294	""	COCONUT:(CNP0113309);Natural Products:(UNPD28004);SuperNatural:(SN00383777)	3178496
2	2	N/A	-231.7911631553336	C20H26O11	[M - H2O + H]+	DKTTXNXMKHNNQC	InChI=1S/C20H26O11/c1-9(8-21)2-4-11-6-10(7-12(22)18(26)27)3-5-13(11)30-20-16(25)14(23)15(24)17(31-20)19(28)29/h2-3,5-6,12,14-17,20-25H,4,7-8H2,1H3,(H,26,27)(H,28,29)	null	CC(=CCC1=C(C=CC(=C1)CC(C(=O)O)O)OC2C(C(C(C(O2)C(=O)O)O)O)O)CO	-0.100000001	131837204	PubChem:(131837204);HMDB:(133268)	10
3	2	N/A	-243.59933241709885	C20H26O11	[M - H2O + H]+	YQTJLRMOJUIXGL	InChI=1S/C20H26O11/c21-6-5-12(8-22)9-30-20-19(28)18(27)17(26)15(31-20)10-29-16(25)4-2-11-1-3-13(23)14(24)7-11/h1-5,7,15,17-24,26-28H,6,8-10H2	null	C1=CC(=C(C=C1C=CC(=O)OCC2C(C(C(C(O2)OCC(=CCO)CO)O)O)O)O)O	-1.70000005	11004724	COCONUT:(CNP0368685);KNApSAcK:(33042);Natural Products:(UNPD74857);PubChem:(11004724);SuperNatural:(SN00394178)	3178514
4	2	N/A	-245.60832463364164	C20H26O11	[M - H2O + H]+	YQKQOLPNKNHLBO	InChI=1S/C20H26O11/c1-11(22)28-9-14(30-20-19(27)18(26)17(25)15(8-21)31-20)10-29-16(24)7-4-12-2-5-13(23)6-3-12/h2-7,14-15,17-21,23,25-27H,8-10H2,1H3	Regaloside B	CC(=O)OCC(COC(=O)C=CC1=CC=C(C=C1)O)OC2C(C(C(C(O2)CO)O)O)O	-0.5	362764;5387775;5459143;6711438;101609122	COCONUT:(CNP0264523);Natural Products:(UNPD194996 UNPD101968);PubChem:(362764 5387775 5459143 6711438 101609122);SuperNatural:(SN00230180 SN00294125)	3178498
5	2	N/A	-246.2774930109225	C20H26O11	[M - H2O + H]+	HZOUTSKYNLUSNY	InChI=1S/C20H26O11/c1-20(2)12(31-20)7-9-5-8(6-10(21)17(25)26)3-4-11(9)29-19-15(24)13(22)14(23)16(30-19)18(27)28/h3-5,10,12-16,19,21-24H,6-7H2,1-2H3,(H,25,26)(H,27,28)	null	CC1(C(O1)CC2=C(C=CC(=C2)CC(C(=O)O)O)OC3C(C(C(C(O3)C(=O)O)O)O)O)C	-0.200000003	131837213	HMDB:(133278);PubChem:(131837213);PubChem class - bio and metabolites	16777226
6	2	N/A	-249.32161599365517	C20H26O11	[M - H2O + H]+	WTKXHULOWFHFAA	InChI=1S/C20H26O11/c1-10(8-29-16(25)5-3-11-2-4-12(22)13(23)6-11)14(24)9-30-20-19(28)18(27)17(26)15(7-21)31-20/h2-6,14-15,17-24,26-28H,1,7-9H2	[3-hydroxy-2-methylidene-4-[(2R,3R,4S,5S,6R)-3,4,5-trihydroxy-6-(hydroxymethyl)oxan-2-yl]oxybutyl] (E)-3-(3,4-dihydroxyphenyl)prop-2-enoate	C=C(COC(=O)C=CC1=CC(=C(C=C1)O)O)C(COC2C(C(C(C(O2)CO)O)O)O)O	-0.699999988	11236073;58669404;89240526;89241996;91585062;102212683	COCONUT:(CNP0332184);KNApSAcK:(42872);Natural Products:(UNPD97420);PubChem:(11236073 58669404 89240526 89241996 91585062 102212683);SuperNatural:(SN00341895);MeSH:(11236073 102212683);PubMed	3178582
7	2	N/A	-254.62153098655642	C20H26O11	[M - H2O + H]+	ISLUZCZHYWAZAZ	InChI=1S/C20H26O11/c21-8-12(10-30-20-19(28)18(27)17(26)15(9-22)31-20)5-6-29-16(25)4-2-11-1-3-13(23)14(24)7-11/h1-5,7,15,17-24,26-28H,6,8-10H2	null	C1=CC(=C(C=C1C=CC(=O)OCC=C(CO)COC2C(C(C(C(O2)CO)O)O)O)O)O	-1.10000002	10551172	COCONUT:(CNP0229404);Natural Products:(UNPD159879);PubChem:(10551172);SuperNatural:(SN00314173)	3178498
8	2	N/A	-255.47314087219212	C20H26O11	[M - H2O + H]+	PCEPITFOKAOVHN	InChI=1S/C20H26O11/c1-8(2)3-4-10-5-9(7-12(22)18(26)27)6-11(21)16(10)30-20-15(25)13(23)14(24)17(31-20)19(28)29/h3,5-6,12-15,17,20-25H,4,7H2,1-2H3,(H,26,27)(H,28,29)	null	CC(=CCC1=C(C(=CC(=C1)CC(C(=O)O)O)O)OC2C(C(C(C(O2)C(=O)O)O)O)O)C	0.800000012	131837219	HMDB:(133284);PubChem:(131837219);PubChem class - bio and metabolites	16777226
9	2	N/A	-256.6858767234009	C20H26O11	[M - H2O + H]+	RAUZIZCODBWTSB	InChI=1S/C20H26O11/c21-6-5-12(10-30-20-19(28)18(27)17(26)15(8-22)31-20)9-29-16(25)4-2-11-1-3-13(23)14(24)7-11/h1-5,7,15,17-24,26-28H,6,8-10H2	null	C1=CC(=C(C=C1C=CC(=O)OCC(=CCO)COC2C(C(C(C(O2)CO)O)O)O)O)O	-1.10000002	10551173	COCONUT:(CNP0156542);Natural Products:(UNPD175582);PubChem:(10551173);SuperNatural:(SN00323791)	3178498
10	2	N/A	-258.5065054043999	C20H26O11	[M - H2O + H]+	XEEBIXBFIAEQFZ	InChI=1S/C20H26O11/c21-8-11-14(23)17(26)19(29-11)28-9-12-15(24)16(25)18(27)20(30-12)31-13(22)7-6-10-4-2-1-3-5-10/h1-7,11-12,14-21,23-27H,8-9H2	[(2S,3R,4S,5S,6R)-6-[[(2S,3R,4R,5R)-3,4-dihydroxy-5-(hydroxymethyl)oxolan-2-yl]oxymethyl]-3,4,5-trihydroxyoxan-2-yl] (E)-3-phenylprop-2-enoate	C1=CC=C(C=C1)C=CC(=O)OC2C(C(C(C(O2)COC3C(C(C(O3)CO)O)O)O)O)O	-1.5	11525027;101999894;131750995	COCONUT:(CNP0175238);HMDB:(30294);Natural Products:(UNPD146700 UNPD113035);PubChem:(11525027 101999894 131750995);SuperNatural:(SN00296987 SN00312432);PubChem class - bio and metabolites	19955722
11	2	N/A	-266.19539927736525	C20H26O11	[M - H2O + H]+	RJSQOQCGJMWQAQ	InChI=1S/C20H26O11/c1-8(2)3-4-10-5-9(6-11(21)18(26)27)7-12(13(10)22)30-20-16(25)14(23)15(24)17(31-20)19(28)29/h3,5,7,11,14-17,20-25H,4,6H2,1-2H3,(H,26,27)(H,28,29)	null	CC(=CCC1=C(C(=CC(=C1)CC(C(=O)O)O)OC2C(C(C(C(O2)C(=O)O)O)O)O)O)C	0.800000012	131837218	HMDB:(133283);PubChem:(131837218);PubChem class - bio and metabolites	16777226
12	2	N/A	-268.5675974615508	C20H26O11	[M - H2O + H]+	NGOIXUCFVRGSAM	InChI=1S/C20H26O11/c1-10(7-21)15(9-29-20-19(28)18(27)17(26)14(8-22)31-20)30-16(25)5-3-11-2-4-12(23)13(24)6-11/h2-6,14-15,17-24,26-28H,1,7-9H2	[3-(hydroxymethyl)-1-[(2R,3R,4S,5S,6R)-3,4,5-trihydroxy-6-(hydroxymethyl)oxan-2-yl]oxybut-3-en-2-yl] (E)-3-(3,4-dihydroxyphenyl)prop-2-enoate	C=C(CO)C(COC1C(C(C(C(O1)CO)O)O)O)OC(=O)C=CC2=CC(=C(C=C2)O)O	-0.699999988	11464887;58669403;89240525;89241997;91515540	COCONUT:(CNP0195532);KNApSAcK:(42873);Natural Products:(UNPD113617);PubChem:(11464887 58669403 89240525 89241997 91515540);SuperNatural:(SN00272343);MeSH:(11464887);PubMed	3178582
13	2	N/A	-269.71745851818497	C20H26O11	[M - H2O + H]+	DEPDXTXSBNMISF	InChI=1S/C20H26O11/c1-6-7-3-8-18-5-30-19(4-21,20(18,29)15(27)16(28)31-8)14(26)11(24)12(18)17(7,2)13(25)10(23)9(6)22/h7-8,11-15,21-22,24-27,29H,3-5H2,1-2H3	null	CC1=C(C(=O)C(C2(C1CC3C45C2C(C(C(C4(C(C(=O)O3)O)O)(OC5)CO)O)O)C)O)O	-3.01812077	""	COCONUT:(CNP0207317)	2097152
14	2	N/A	-274.02123083054767	C20H26O11	[M - H2O + H]+	GITXIMKDBBTKID	InChI=1S/C20H26O11/c1-8(2)3-4-9-7-10(12(21)15(24)18(26)27)5-6-11(9)30-20-16(25)13(22)14(23)17(31-20)19(28)29/h3,5-7,12-17,20-25H,4H2,1-2H3,(H,26,27)(H,28,29)	null	CC(=CCC1=C(C=CC(=C1)C(C(C(=O)O)O)O)OC2C(C(C(C(O2)C(=O)O)O)O)O)C	0.0	131837209	HMDB:(133273);PubChem:(131837209);PubChem class - bio and metabolites	16777226
15	2	N/A	-277.41754988781776	C20H26O11	[M - H2O + H]+	GAWHIJREKRIDCJ	InChI=1S/C20H26O11/c1-9(8-21)2-4-11-6-10(3-5-12(11)22)7-13(23)19(29)31-20-16(26)14(24)15(25)17(30-20)18(27)28/h2-3,5-6,13-17,20-26H,4,7-8H2,1H3,(H,27,28)	null	CC(=CCC1=C(C=CC(=C1)CC(C(=O)OC2C(C(C(C(O2)C(=O)O)O)O)O)O)O)CO	-0.100000001	131837205	PubChem:(131837205);HMDB:(133269)	10
16	2	N/A	-281.4321297696623	C20H26O11	[M - H2O + H]+	UGOURROVDJZLOI	InChI=1S/C20H26O11/c21-6-5-12(8-22)10-29-20-18(28)17(27)19(15(9-23)30-20)31-16(26)4-2-11-1-3-13(24)14(25)7-11/h1-5,7,15,17-25,27-28H,6,8-10H2	null	C1=CC(=C(C=C1C=CC(=O)OC2C(OC(C(C2O)O)OCC(=CCO)CO)CO)O)O	-1.70000005	11102273	COCONUT:(CNP0314449);KNApSAcK:(33041);Natural Products:(UNPD73376);PubChem:(11102273);SuperNatural:(SN00272004)	3178514
17	2	N/A	-282.5406989399583	C20H26O11	[M - H2O + H]+	QPBBQXZJTIVCTO	InChI=1S/C20H26O11/c1-6-3-7(22)12(25)17(2)8(6)9(23)15-18-5-30-19(4-21,13(26)10(24)11(17)18)20(18,29)14(27)16(28)31-15/h3,8-15,21,23-27,29H,4-5H2,1-2H3	Yadanziolide B	CC1=CC(=O)C(C2(C1C(C3C45C2C(C(C(C4(C(C(=O)O3)O)O)(OC5)CO)O)O)O)C)O	-3.9000001	11744055;73082689	COCONUT:(CNP0247174);Natural Products:(UNPD163936 UNPD148658);PubChem:(11744055 73082689);SuperNatural:(SN00359593 SN00163823);CHEBI:(68932);PubMed	3178594
18	2	N/A	-288.4108463395332	C20H26O11	[M - H2O + H]+	CPSJADJRZYHWCV	InChI=1S/C20H26O11/c1-11(22)28-9-14(30-16(24)7-4-12-2-5-13(23)6-3-12)10-29-20-19(27)18(26)17(25)15(8-21)31-20/h2-7,14-15,17-21,23,25-27H,8-10H2,1H3	null	CC(=O)OCC(COC1C(C(C(C(O1)CO)O)O)O)OC(=O)C=CC2=CC=C(C=C2)O	-0.5	14542292	COCONUT:(CNP0199659);Natural Products:(UNPD154645 UNPD47875);PubChem:(14542292);SuperNatural:(SN00270175)	3178498
19	2	N/A	-292.99620131886223	C20H26O11	[M - H2O + H]+	PBWCLGSLKHWDMR	InChI=1S/C20H26O11/c1-20(2)12(31-20)7-9-5-8(3-4-10(9)21)6-11(22)18(28)30-19-15(25)13(23)14(24)16(29-19)17(26)27/h3-5,11-16,19,21-25H,6-7H2,1-2H3,(H,26,27)	null	CC1(C(O1)CC2=C(C=CC(=C2)CC(C(=O)OC3C(C(C(C(O3)C(=O)O)O)O)O)O)O)C	-0.200000003	131837214	HMDB:(133279);PubChem:(131837214);PubChem class - bio and metabolites	16777226
20	2	N/A	-295.1902546827636	C20H26O11	[M - H2O + H]+	RAEMEFYCJKMHGJ	InChI=1S/C20H26O11/c1-7-3-9(22)11(23)16(2)8(7)4-10-17-6-30-19(28,14(16)17)15(26)18(27,5-21)20(17,29)12(24)13(25)31-10/h3,8,10-12,14-15,21,23-24,26-29H,4-6H2,1-2H3	null	CC1=CC(=O)C(C2(C1CC3C45C2C(C(C(C4(C(C(=O)O3)O)O)(CO)O)O)(OC5)O)C)O	-3.70000005	14589373;137650551	COCONUT:(CNP0371118);Natural Products:(UNPD43773);PubChem:(14589373 137650551)	2129922
21	2	N/A	-301.06017870364497	C20H26O11	[M - H2O + H]+	CWPAVNGWMSAIET	InChI=1S/C20H26O11/c1-8(2)4-5-9-11(21)7-12(10(6-13(22)23)17(9)29-3)30-20-16(26)14(24)15(25)18(31-20)19(27)28/h4,7,14-16,18,20-21,24-26H,5-6H2,1-3H3,(H,22,23)(H,27,28)	null	CC(=CCC1=C(C(=C(C=C1O)OC2C(C(C(C(O2)C(=O)O)O)O)O)CC(=O)O)OC)C	1.0	131831971	HMDB:(125468);PubChem:(131831971);PubChem class - bio and metabolites	16777226
22	2	N/A	-301.06017870364497	C20H26O11	[M - H2O + H]+	AEUGPTABCNBGGK	InChI=1S/C20H26O11/c1-8(2)4-5-9-12(7-11(21)10(6-13(22)23)17(9)29-3)30-20-16(26)14(24)15(25)18(31-20)19(27)28/h4,7,14-16,18,20-21,24-26H,5-6H2,1-3H3,(H,22,23)(H,27,28)	null	CC(=CCC1=C(C=C(C(=C1OC)CC(=O)O)O)OC2C(C(C(C(O2)C(=O)O)O)O)O)C	1.0	131831972	HMDB:(125469);PubChem:(131831972);PubChem class - bio and metabolites	16777226
23	2	N/A	-303.2713722594699	C20H26O11	[M - H2O + H]+	YEXPNHYTWVYJNQ	InChI=1S/C20H26O11/c21-8-12-14(23)16(15(24)18(26)30-12)31-19-17(25)20(27,10-29-19)9-28-13(22)7-6-11-4-2-1-3-5-11/h1-7,12,14-19,21,23-27H,8-10H2	null	C1C(C(C(O1)OC2C(C(OC(C2O)O)CO)O)O)(COC(=O)C=CC3=CC=CC=C3)O	-1.70000005	46184805	COCONUT:(CNP0322915);Natural Products:(UNPD84642);PubChem:(46184805);SuperNatural:(SN00364313);PubMed	3178562
24	2	N/A	-304.94281042555525	C20H26O11	[M - H2O + H]+	KRAHBIWIGGPFLY	InChI=1S/C20H26O11/c21-6-5-12(8-22)10-29-20-18(28)19(17(27)15(9-23)30-20)31-16(26)4-2-11-1-3-13(24)14(25)7-11/h1-5,7,15,17-25,27-28H,6,8-10H2	null	C1=CC(=C(C=C1C=CC(=O)OC2C(C(OC(C2O)OCC(=CCO)CO)CO)O)O)O	-1.10000002	10939140	COCONUT:(CNP0285977);KNApSAcK:(33040);Natural Products:(UNPD49184);PubChem:(10939140);SuperNatural:(SN00309022)	3178514
25	2	N/A	-308.7699073762386	C20H26O11	[M - H2O + H]+	KMRGQPLCYGFMIB	InChI=1S/C20H26O11/c1-10(19(27)28)6-7-29-20-18(26)17(25)16(24)14(31-20)9-30-15(23)5-3-11-2-4-12(21)13(22)8-11/h2-5,8,10,14,16-18,20-22,24-26H,6-7,9H2,1H3,(H,27,28)	null	CC(CCOC1C(C(C(C(O1)COC(=O)C=CC2=CC(=C(C=C2)O)O)O)O)O)C(=O)O	-0.200000003	102497725	COCONUT:(CNP0162063);Natural Products:(UNPD217588);PubChem:(102497725)	2129922
26	2	N/A	-313.65793126421784	C20H26O11	[M - H2O + H]+	DDVZNTDHVGTSJQ	InChI=1S/C20H26O11/c1-20(2,31-19-17(28)15(26)14(25)10(7-21)29-19)11(22)6-9-5-8-3-4-12(23)30-18(8)16(27)13(9)24/h3-5,10-11,14-15,17,19,21-22,24-28H,6-7H2,1-2H3	null	CC(C)(C(CC1=C(C(=C2C(=C1)C=CC(=O)O2)O)O)O)OC3C(C(C(C(O3)CO)O)O)O	-0.42257002	""	COCONUT:(CNP0317866);Natural Products:(UNPD187906);SuperNatural:(SN00366364)	3178496
27	2	N/A	-318.473367266407	C20H26O11	[M - H2O + H]+	USEPPOGQUZNLIQ	InChI=1S/C20H26O11/c1-8(2)3-4-9-7-10(5-6-11(9)21)12(22)15(25)19(29)31-20-16(26)13(23)14(24)17(30-20)18(27)28/h3,5-7,12-17,20-26H,4H2,1-2H3,(H,27,28)	null	CC(=CCC1=C(C=CC(=C1)C(C(C(=O)OC2C(C(C(C(O2)C(=O)O)O)O)O)O)O)O)C	0.0	131837210	HMDB:(133274);PubChem:(131837210);PubChem class - bio and metabolites	16777226
28	2	N/A	-321.53146645534275	C20H26O11	[M - H2O + H]+	ZDUNLUPXTZFTFH	InChI=1S/C20H26O11/c1-8(2)3-4-10-5-9(6-11(21)13(10)23)7-12(22)19(29)31-20-16(26)14(24)15(25)17(30-20)18(27)28/h3,5-6,12,14-17,20-26H,4,7H2,1-2H3,(H,27,28)	null	CC(=CCC1=C(C(=CC(=C1)CC(C(=O)OC2C(C(C(C(O2)C(=O)O)O)O)O)O)O)O)C	0.800000012	131837220	HMDB:(133285);PubChem:(131837220);PubChem class - bio and metabolites	16777226
29	2	N/A	-329.31628543037743	C20H26O11	[M - H2O + H]+	VRVITZYOKKBONB	InChI=1S/C20H26O11/c1-8(2)4-5-9-11(21)7-12(22)10(17(9)29-3)6-13(23)30-20-16(26)14(24)15(25)18(31-20)19(27)28/h4,7,14-16,18,20-22,24-26H,5-6H2,1-3H3,(H,27,28)	null	CC(=CCC1=C(C(=C(C=C1O)O)CC(=O)OC2C(C(C(C(O2)C(=O)O)O)O)O)OC)C	1.0	131831973	HMDB:(125470);PubChem:(131831973);PubChem class - bio and metabolites	16777226
30	2	N/A	-329.87620892863526	C20H26O11	[M - H2O + H]+	XNZYFVWDRMIPQJ	InChI=1S/C20H26O11/c1-8-16(27-3)12-9(5-10(26-2)17(28-4)18(12)31-19(8)25)7-29-20-15(24)14(23)13(22)11(6-21)30-20/h5,11,13-15,20-24H,6-7H2,1-4H3	null	CC1=C(C2=C(C(=C(C=C2COC3C(C(C(C(O3)CO)O)O)O)OC)OC)OC1=O)OC	-0.600000024	38362944	COCONUT:(CNP0029102);PubChem:(38362944);SuperNatural:(SN00030285);ZINC bio:(ZINC31169224)	3153922
31	2	N/A	-339.83738586871266	C20H26O11	[M - H2O + H]+	VVTCPYZZCAWHNS	InChI=1S/C20H26O11/c1-20(2,19(26)27)31-18-17(25)16(24)15(23)13(30-18)9-29-14(22)7-5-10-4-6-11(21)12(8-10)28-3/h4-8,13,15-18,21,23-25H,9H2,1-3H3,(H,26,27)	null	CC(C)(C(=O)O)OC1C(C(C(C(O1)COC(=O)C=CC2=CC(=C(C=C2)O)OC)O)O)O	-0.100000001	71694422	COCONUT:(CNP0023172);PubChem:(71694422);SuperNatural:(SN00041597);ZINC bio:(ZINC72320040)	3153922
32	2	N/A	-355.2581033982215	C20H26O11	[M - H2O + H]+	ADBXRZKLYWWGPL	InChI=1S/C20H26O11/c1-26-11-3-8(17-9-6-29-19(25)10(9)7-28-17)4-12(27-2)18(11)31-20-16(24)15(23)14(22)13(5-21)30-20/h3-4,9-10,13-17,20-24H,5-7H2,1-2H3	null	COC1=CC(=CC(=C1OC2C(C(C(C(O2)CO)O)O)O)OC)C3C4COC(=O)C4CO3	-0.899999976	101615540;101449889	COCONUT:(CNP0177048);Natural Products:(UNPD19826);PubChem:(101615540 101449889);SuperNatural:(SN00338607)	3178498
33	2	N/A	-359.0223221356547	C20H26O11	[M - H2O + H]+	XYVFWDDUZMOSCQ	InChI=1S/C20H26O11/c1-9-4-11(7-16(25)28-9)29-20-19(18(27)17(26)14(8-21)30-20)31-15(24)6-10-2-3-12(22)13(23)5-10/h2-3,5,9,11,14,17-23,26-27H,4,6-8H2,1H3	null	CC1CC(CC(=O)O1)OC2C(C(C(C(O2)CO)O)O)OC(=O)CC3=CC(=C(C=C3)O)O	-0.100000001	11026602	COCONUT:(CNP0192211);KNApSAcK:(33047);Natural Products:(UNPD126641);PubChem:(11026602);SuperNatural:(SN00330984)	3178514
34	2	N/A	-372.69256856452307	C20H26O11	[M - H2O + H]+	SOTBBPMJNXRUFU	InChI=1S/C20H26O11/c1-26-12(22)5-4-9-16(27-2)10-6-7-29-17(10)19(28-3)18(9)31-20-15(25)14(24)13(23)11(8-21)30-20/h6-7,11,13-15,20-21,23-25H,4-5,8H2,1-3H3	null	COC1=C(C(=C(C2=C1C=CO2)OC)OC3C(C(C(C(O3)CO)O)O)O)CCC(=O)OC	0.312889546	""	COCONUT:(CNP0119917);Natural Products:(UNPD224011)	2129920
35	2	N/A	-377.832912691958	C20H26O11	[M - H2O + H]+	LATPURLQALFNIN	InChI=1S/C20H26O11/c1-3-28-11(21)5-4-9-8-10-6-7-29-15(10)18(27-2)16(9)30-20-14(24)12(22)13(23)17(31-20)19(25)26/h6-8,12-14,17,19-20,22-26H,3-5H2,1-2H3	null	CCOC(=O)CCC1=C(C(=C2C(=C1)C=CO2)OC)OC3C(C(C(C(O3)C(O)O)O)O)O	0.410625279	""	COCONUT:(CNP0395869);SuperNatural:(SN00171283)	3145728
36	2	N/A	-399.29673498220967	C20H26O11	[M - H2O + H]+	FVWHVLWMEDLBBR	InChI=1S/C20H26O11/c1-8-3-12(21)20(11(6-27-8)7-29-19(20)26)4-10-5-28-17(25)16(10)31-18-15(24)14(23)13(22)9(2)30-18/h8-9,11,13-15,18,22-24H,3-7H2,1-2H3	null	CC1CC(=O)C2(C(CO1)COC2=O)CC3=C(C(=O)OC3)OC4C(C(C(C(O4)C)O)O)O	-1.70000005	10575183	COCONUT:(CNP0121054);Natural Products:(UNPD136403);PubChem:(10575183);SuperNatural:(SN00225022);MeSH:(10575183);PubMed	3178566