structureRankPerFormula	formulaRank	ConfidenceScore	CSI:FingerIDScore	molecularFormula	adduct	InChIkey2D	InChI	name	smiles	xlogp	pubchemids	links	dbflags
1	1	N/A	-75.17200092408257	C16H20O9	[M + H]+	DUAGQYUORDTXOR	InChI=1S/C16H20O9/c1-2-7-8-3-4-22-14(21)9(8)6-23-15(7)25-16-13(20)12(19)11(18)10(5-17)24-16/h2-3,6-7,10-13,15-20H,1,4-5H2	Gentiopicrin	C=CC1C(OC=C2C1=CCOC2=O)OC3C(C(C(C(O3)CO)O)O)O	-1.20000005	88708;354445;941372;7466452;7466453;7466454;11969636;21593533;21116421;86820659;92150625;91726909;124542922;124680376;124680377;133550453	SuperNatural:(SN00119700 SN00013563 SN00013562 SN00006967 SN00013561 SN00001711 SN00177618);ZINC bio:(ZINC00689809 ZINC01609239 ZINC04098340 ZINC05037522 ZINC05037523 ZINC05037524 ZINC05601178 ZINC05601204 ZINC05601207);additional;MeSH:(88708);PubMed;NORMAN:(NS00052042);COCONUT:(CNP0360743);KNApSAcK:(3082);PubChem:(88708 354445 941372 7466452 7466453 7466454 11969636 21593533 21116421 86820659 92150625 91726909 124542922 124680376 124680377 133550453);CHEBI:(5321);KEGG:(C09782);PubChem class - safety and toxic;Training Set	71065974
2	1	N/A	-102.54815904372043	C16H20O9	[M + H]+	RQNKLYFTEMLYEB	InChI=1S/C16H20O9/c1-2-7-8-3-4-22-14(21)9(8)6-23-15(7)25-16-13(20)12(19)11(18)10(5-17)24-16/h2,6,10-13,15-20H,1,3-5H2	null	C=CC1=C2CCOC(=O)C2=COC1OC3C(C(C(C(O3)CO)O)O)O	-1.5	15559484;10450898	COCONUT:(CNP0105225);Natural Products:(UNPD144300 UNPD130489);PubChem:(15559484 10450898);SuperNatural:(SN00294708 SN00328798);KEGG Mine	8593113090
3	1	N/A	-117.40120370400903	C16H20O9	[M + H]+	FQWZGEBZILOCET	InChI=1S/C16H20O9/c1-23-9-4-2-8(3-5-12(18)19)10(6-9)24-16-15(22)14(21)13(20)11(7-17)25-16/h2-6,11,13-17,20-22H,7H2,1H3,(H,18,19)	null	COC1=CC(=C(C=C1)C=CC(=O)O)OC2C(C(C(C(O2)CO)O)O)O	-0.404225945	24094157;23872107;91337967;118611632;129707764;129850462	COCONUT:(CNP0085526 CNP0331377);Natural Products:(UNPD96239);PubChem:(24094157 23872107 91337967 118611632 129707764 129850462);SuperNatural:(SN00028442 SN00234795 SN00029875);ZINC bio:(ZINC31155500 ZINC31166230);additional;Training Set;PubMed	3727426
4	1	N/A	-150.21054475727274	C16H20O9	[M + H]+	IEMIRSXOYFWPFD	InChI=1S/C16H20O9/c1-23-10-6-8(3-5-12(18)19)2-4-9(10)24-16-15(22)14(21)13(20)11(7-17)25-16/h2-6,11,13-17,20-22H,7H2,1H3,(H,18,19)	(Z)-3-[3-methoxy-4-[(2S,3R,4S,5S,6R)-3,4,5-trihydroxy-6-(hydroxymethyl)oxan-2-yl]oxyphenyl]prop-2-enoic acid	COC1=C(C=CC(=C1)C=CC(=O)O)OC2C(C(C(C(O2)CO)O)O)O	-0.404225945	9820054;11588491;13916048;13916049;24992652;51522668;67157226;73021256;91134292;101354883	COCONUT:(CNP0327207);KNApSAcK:(11171);Natural Products:(UNPD230585 UNPD134989 UNPD229057 UNPD65097 UNPD111918 UNPD210074);PubChem:(9820054 11588491 13916048 13916049 24992652 51522668 67157226 73021256 91134292 101354883);SuperNatural:(SN00306188 SN00294884 SN00313144);CHEBI:(141767 139435 139402);ZINC bio:(ZINC13507279);PubMed;KEGG Mine	8593121394
5	1	N/A	-158.81128187204743	C16H20O9	[M + H]+	LOPCJHUBECHTEA	InChI=1S/C16H20O9/c1-23-9-4-2-8(3-5-12(18)19)6-10(9)24-16-15(22)14(21)13(20)11(7-17)25-16/h2-6,11,13-17,20-22H,7H2,1H3,(H,18,19)	null	COC1=C(C=C(C=C1)C=CC(=O)O)OC2C(C(C(C(O2)CO)O)O)O	-0.404225945	75536013;135563787	COCONUT:(CNP0155348 CNP0245252);Natural Products:(UNPD226702 UNPD16089);PubChem:(75536013 135563787);SuperNatural:(SN00375649 SN00042361);CHEBI:(142427);ZINC bio:(ZINC77257395);KEGG Mine	8593121314
6	1	N/A	-165.511715943065	C16H20O9	[M + H]+	RHLLCIWGXNNMLI	InChI=1S/C16H20O9/c1-23-12(19)5-3-8-2-4-10(9(18)6-8)24-16-15(22)14(21)13(20)11(7-17)25-16/h2-6,11,13-18,20-22H,7H2,1H3	null	COC(=O)C=CC1=CC(=C(C=C1)OC2C(C(C(C(O2)CO)O)O)O)O	-0.404225945	12311282;91128512	COCONUT:(CNP0105550);Natural Products:(UNPD44366);PubChem:(12311282 91128512);SuperNatural:(SN00269844);PubMed	3178562
7	1	N/A	-172.8088532311294	C16H20O9	[M + H]+	JWRQVQWBNRGGPK	InChI=1S/C16H20O9/c1-23-10-6-8(2-4-9(10)18)3-5-12(19)25-16-15(22)14(21)13(20)11(7-17)24-16/h2-6,11,13-18,20-22H,7H2,1H3	1-Feruloyl-D-glucose	COC1=C(C=CC(=C1)C=CC(=O)OC2C(C(C(C(O2)CO)O)O)O)O	-0.300000012	10665929;13962927;13962928;11494143;50906375;53978589;72983454;90824959;131708137;137796839	HMDB:(36938);SuperNatural:(SN00257315 SN00036713);ZINC bio:(ZINC13507070);Plantcyc:(CPD-15281);PubMed;COCONUT:(CNP0267184);KNApSAcK:(37931);Natural Products:(UNPD103712 UNPD107322 UNPD220170);PubChem:(10665929 13962927 13962928 11494143 50906375 53978589 72983454 90824959 131708137 137796839);CHEBI:(81321);PubChem class - bio and metabolites;KEGG:(C17759);Biocyc:(CPD-15281)	20097402
8	1	N/A	-175.36948648782237	C16H20O9	[M + H]+	XAXCCXQRANGWJK	InChI=1S/C16H20O9/c1-23-9-5-4-8(3-2-6-17)10(7-9)24-16-13(20)11(18)12(19)14(25-16)15(21)22/h2-5,7,11-14,16-20H,6H2,1H3,(H,21,22)	null	COC1=CC(=C(C=C1)C=CCO)OC2C(C(C(C(O2)C(=O)O)O)O)O	-0.300000012	131839169	PubChem:(131839169);HMDB:(135658)	10
9	1	N/A	-194.37738949434626	C16H20O9	[M + H]+	VUSUWXXWRAWGIH	InChI=1S/C16H20O9/c1-23-9-4-2-8(10(18)6-9)3-5-12(19)25-16-15(22)14(21)13(20)11(7-17)24-16/h2-6,11,13-18,20-22H,7H2,1H3	null	COC1=CC(=C(C=C1)C=CC(=O)OC2C(C(C(C(O2)CO)O)O)O)O	-0.300000012	131752961	COCONUT:(CNP0200707);HMDB:(40866);PubChem:(131752961);PubChem class - bio and metabolites	18874378
10	1	N/A	-195.22476821091612	C16H20O9	[M + H]+	ZROOQFAPMUQERH	InChI=1S/C16H20O9/c1-23-12(19)3-2-8-4-9(18)6-10(5-8)24-16-15(22)14(21)13(20)11(7-17)25-16/h2-6,11,13-18,20-22H,7H2,1H3	methyl (E)-3-[3-hydroxy-5-[(2S,3R,4S,5S,6R)-3,4,5-trihydroxy-6-(hydroxymethyl)oxan-2-yl]oxyphenyl]prop-2-enoate	COC(=O)C=CC1=CC(=CC(=C1)OC2C(C(C(C(O2)CO)O)O)O)O	-0.404225945	11222008	COCONUT:(CNP0324239);Natural Products:(UNPD70393);PubChem:(11222008);SuperNatural:(SN00333733);PubMed	3178562
11	1	N/A	-196.6637132703596	C16H20O9	[M + H]+	IRNJVDOLJMRZSF	InChI=1S/C16H20O9/c1-3-4-7-5-6-8(17)13(23-2)12(7)24-16-11(20)9(18)10(19)14(25-16)15(21)22/h3,5-6,9-11,14,16-20H,1,4H2,2H3,(H,21,22)	null	COC1=C(C=CC(=C1OC2C(C(C(C(O2)C(=O)O)O)O)O)CC=C)O	0.699999988	131838886	HMDB:(135266);PubChem:(131838886);PubChem class - bio and metabolites	16777226
12	1	N/A	-198.8412484068234	C16H20O9	[M + H]+	WSHSQJSPOLYHLM	InChI=1S/C16H20O9/c1-22-9-4-7-2-3-12(18)23-8(7)5-10(9)24-16-15(21)14(20)13(19)11(6-17)25-16/h4-5,11,13-17,19-21H,2-3,6H2,1H3	6-methoxy-7-[(2S,3R,4S,5S,6R)-3,4,5-trihydroxy-6-(hydroxymethyl)oxan-2-yl]oxy-3,4-dihydrochromen-2-one	COC1=C(C=C2C(=C1)CCC(=O)O2)OC3C(C(C(C(O3)CO)O)O)O	-0.0930259079	11953803	KNApSAcK:(2500);PubChem:(11953803);KEGG Mine	8589934610
13	1	N/A	-199.52916033976737	C16H20O9	[M + H]+	RFTKPXQZIVKVOP	InChI=1S/C16H20O9/c1-23-10-4-2-8(6-9(10)18)3-5-12(19)25-16-15(22)14(21)13(20)11(7-17)24-16/h2-6,11,13-18,20-22H,7H2,1H3	[(3R,4S,5S,6R)-3,4,5-trihydroxy-6-(hydroxymethyl)oxan-2-yl] (E)-3-(3-hydroxy-4-methoxyphenyl)prop-2-enoate	COC1=C(C=C(C=C1)C=CC(=O)OC2C(C(C(C(O2)CO)O)O)O)O	-0.300000012	11566585;67976795;101937123	COCONUT:(CNP0150448);KNApSAcK:(32613);Natural Products:(UNPD181235);PubChem:(11566585 67976795 101937123);SuperNatural:(SN00380845);KEGG Mine	8593113106
14	1	N/A	-211.03108545396358	C16H20O9	[M + H]+	HGNMFTDXSJZWKM	InChI=1S/C16H20O9/c1-3-4-7-5-8(23-2)10(17)9(6-7)24-16-13(20)11(18)12(19)14(25-16)15(21)22/h3,5-6,11-14,16-20H,1,4H2,2H3,(H,21,22)	null	COC1=C(C(=CC(=C1)CC=C)OC2C(C(C(C(O2)C(=O)O)O)O)O)O	0.699999988	131838879	HMDB:(135259);PubChem:(131838879);PubChem class - bio and metabolites	16777226
15	1	N/A	-218.18646611929026	C16H20O9	[M + H]+	PARFVUOPRKGOGQ	InChI=1S/C16H20O9/c1-23-9-4-2-8(3-5-9)6-10(7-17)24-16-13(20)11(18)12(19)14(25-16)15(21)22/h2-5,7,10-14,16,18-20H,6H2,1H3,(H,21,22)	null	COC1=CC=C(C=C1)CC(C=O)OC2C(C(C(C(O2)C(=O)O)O)O)O	-0.300000012	131839243	HMDB:(135743);PubChem:(131839243);PubChem class - bio and metabolites	16777226
16	1	N/A	-218.60830021683077	C16H20O9	[M + H]+	VQZIPBIKCNSIQW	InChI=1S/C16H20O9/c1-3-4-7-5-8(17)13(9(6-7)23-2)24-16-12(20)10(18)11(19)14(25-16)15(21)22/h3,5-6,10-12,14,16-20H,1,4H2,2H3,(H,21,22)	null	COC1=CC(=CC(=C1OC2C(C(C(C(O2)C(=O)O)O)O)O)O)CC=C	0.699999988	131838880	HMDB:(135260);PubChem:(131838880);PubChem class - bio and metabolites	16777226
17	1	N/A	-221.6926437334963	C16H20O9	[M + H]+	KRQZKBUBHSCFLF	InChI=1S/C16H20O9/c1-3-4-7-5-6-8(13(23-2)9(7)17)24-16-12(20)10(18)11(19)14(25-16)15(21)22/h3,5-6,10-12,14,16-20H,1,4H2,2H3,(H,21,22)	null	COC1=C(C=CC(=C1O)CC=C)OC2C(C(C(C(O2)C(=O)O)O)O)O	0.699999988	131838885	HMDB:(135265);PubChem:(131838885);PubChem class - bio and metabolites	16777226
18	1	N/A	-225.5460975398956	C16H20O9	[M + H]+	VFMDFTQFGNDIQZ	InChI=1S/C16H20O9/c1-23-16-15(22)14(21)13(20)11(25-16)7-24-12(19)5-3-8-2-4-9(17)10(18)6-8/h2-6,11,13-18,20-22H,7H2,1H3	null	COC1C(C(C(C(O1)COC(=O)C=CC2=CC(=C(C=C2)O)O)O)O)O	-0.699999988	10948260;72192284;90710350;91093742	COCONUT:(CNP0205329);PubChem:(10948260 72192284 90710350 91093742);SuperNatural:(SN00028577);PubMed;ZINC bio:(ZINC31156476)	3153986
19	1	N/A	-226.99591237313106	C16H20O9	[M + H]+	FLRRQCMZWPQERP	InChI=1S/C16H20O9/c1-7(4-8-2-3-9(18)10(19)5-8)15(23)25-16-14(22)13(21)12(20)11(6-17)24-16/h2-5,11-14,16-22H,6H2,1H3	null	CC(=CC1=CC(=C(C=C1)O)O)C(=O)OC2C(C(C(C(O2)CO)O)O)O	-0.459621549	""	COCONUT:(CNP0182625);Natural Products:(UNPD119733);SuperNatural:(SN00305401);KEGG Mine	8593113088
20	1	N/A	-227.26228745059709	C16H20O9	[M + H]+	YTJIJYVDUIJSOH	InChI=1S/C16H20O9/c1-3-4-7-5-10(23-2)8(17)6-9(7)24-16-13(20)11(18)12(19)14(25-16)15(21)22/h3,5-6,11-14,16-20H,1,4H2,2H3,(H,21,22)	null	COC1=C(C=C(C(=C1)CC=C)OC2C(C(C(C(O2)C(=O)O)O)O)O)O	0.699999988	131838888	HMDB:(135268);PubChem:(131838888);PubChem class - bio and metabolites	16777226
21	1	N/A	-227.69371495565412	C16H20O9	[M + H]+	IQDHBGPTTLZNNJ	InChI=1S/C16H20O9/c1-23-15(22)10(6-8-2-4-9(18)5-3-8)24-16-14(21)13(20)12(19)11(7-17)25-16/h2-6,11-14,16-21H,7H2,1H3	null	COC(=O)C(=CC1=CC=C(C=C1)O)OC2C(C(C(C(O2)CO)O)O)O	-0.100000001	10641969;14464664	COCONUT:(CNP0237278);Natural Products:(UNPD109133);PubChem:(10641969 14464664);SuperNatural:(SN00312293)	3178498
22	1	N/A	-233.22196152083566	C16H20O9	[M + H]+	JHHLFJBBHZKHBS	InChI=1S/C16H20O9/c1-2-8(18)7-3-9-15(23-6-22-9)10(4-7)24-16-14(21)13(20)12(19)11(5-17)25-16/h3-4,11-14,16-17,19-21H,2,5-6H2,1H3	null	CCC(=O)C1=CC2=C(C(=C1)OC3C(C(C(C(O3)CO)O)O)O)OCO2	-0.300000012	101702474	COCONUT:(CNP0237725);Natural Products:(UNPD55136);PubChem:(101702474);SuperNatural:(SN00263140)	3178498
23	1	N/A	-233.84558165139882	C16H20O9	[M + H]+	UXGQCICAYLAUFO	InChI=1S/C16H20O9/c1-22-10-5-7(4-8-6-23-8)2-3-9(10)24-16-13(19)11(17)12(18)14(25-16)15(20)21/h2-3,5,8,11-14,16-19H,4,6H2,1H3,(H,20,21)	null	COC1=C(C=CC(=C1)CC2CO2)OC3C(C(C(C(O3)C(=O)O)O)O)O	-0.100000001	131838882	HMDB:(135262);PubChem:(131838882);PubChem class - bio and metabolites	16777226
24	1	N/A	-234.80035409780066	C16H20O9	[M + H]+	QVEGGBJMPJFHMJ	InChI=1S/C16H20O9/c1-23-9-4-2-8(3-5-9)10(6-7-17)24-16-13(20)11(18)12(19)14(25-16)15(21)22/h2-5,7,10-14,16,18-20H,6H2,1H3,(H,21,22)	null	COC1=CC=C(C=C1)C(CC=O)OC2C(C(C(C(O2)C(=O)O)O)O)O	-0.899999976	131839245	HMDB:(135745);PubChem:(131839245);PubChem class - bio and metabolites	16777226
25	1	N/A	-235.5976039314413	C16H20O9	[M + H]+	LVNFIOGAAUPIPC	InChI=1S/C16H20O9/c1-23-10-6-8(2-4-9(10)17)3-5-12(18)24-7-11-13(19)14(20)15(21)16(22)25-11/h2-6,11,13-17,19-22H,7H2,1H3	Epitope ID:150943	COC1=C(C=CC(=C1)C=CC(=O)OCC2C(C(C(C(O2)O)O)O)O)O	-0.899999976	11725795;15986768;53239758;57498587;90837577;101345697;131831646	COCONUT:(CNP0401148);HMDB:(125101 125187);Natural Products:(UNPD199682 UNPD226557 UNPD121388 UNPD48602);PubChem:(11725795 15986768 53239758 57498587 90837577 101345697 131831646);SuperNatural:(SN00254663);CHEBI:(62282);PubChem class - bio and metabolites;PubMed;KEGG Mine	8609890410
26	1	N/A	-239.9477448512745	C16H20O9	[M + H]+	ADHNTNYEJYJUCU	InChI=1S/C16H20O9/c1-23-10-6-8(2-4-9(10)18)3-5-12(19)25-15-14(21)13(20)11(7-17)24-16(15)22/h2-6,11,13-18,20-22H,7H2,1H3	null	COC1=C(C=CC(=C1)C=CC(=O)OC2C(C(C(OC2O)CO)O)O)O	-0.300000012	53248679	PubChem:(53248679);COCONUT:(CNP0021882)	2097154
27	1	N/A	-241.8243652516777	C16H20O9	[M + H]+	LCKJDTHKWOLZDV	InChI=1S/C16H20O9/c1-6-8(4-9-11(12(6)19)7(18)2-3-23-9)24-16-15(22)14(21)13(20)10(5-17)25-16/h4,10,13-17,19-22H,2-3,5H2,1H3	5-hydroxy-6-methyl-7-[(2S,3R,4S,5S,6R)-3,4,5-trihydroxy-6-(hydroxymethyl)oxan-2-yl]oxy-2,3-dihydrochromen-4-one	CC1=C(C=C2C(=C1O)C(=O)CCO2)OC3C(C(C(C(O3)CO)O)O)O	-0.200000003	5318285	COCONUT:(CNP0202989);Natural Products:(UNPD104086);PubChem:(5318285);SuperNatural:(SN00317114)	3178498
28	1	N/A	-248.60225149053085	C16H20O9	[M + H]+	TUXZCYWDCOQJOS	InChI=1S/C16H20O9/c1-3-4-7-5-9(23-2)10(6-8(7)17)24-16-13(20)11(18)12(19)14(25-16)15(21)22/h3,5-6,11-14,16-20H,1,4H2,2H3,(H,21,22)	null	COC1=C(C=C(C(=C1)CC=C)O)OC2C(C(C(C(O2)C(=O)O)O)O)O	0.699999988	131838887	HMDB:(135267);PubChem:(131838887);PubChem class - bio and metabolites	16777226
29	1	N/A	-257.086688613975	C16H20O9	[M + H]+	SFQCFTYPNMNXPE	InChI=1S/C16H20O9/c1-22-8-4-2-7(3-5-8)13-9(24-13)6-23-16-12(19)10(17)11(18)14(25-16)15(20)21/h2-5,9-14,16-19H,6H2,1H3,(H,20,21)	null	COC1=CC=C(C=C1)C2C(O2)COC3C(C(C(C(O3)C(=O)O)O)O)O	-0.600000024	131839171	HMDB:(135660);PubChem:(131839171);PubChem class - bio and metabolites	16777226
30	1	N/A	-272.9190821047237	C16H20O9	[M + H]+	BKMQASGEGGIBFE	InChI=1S/C16H20O9/c1-7(17)2-3-8-4-5-9(18)10(6-8)24-16-13(21)11(19)12(20)14(25-16)15(22)23/h4-6,11-14,16,18-21H,2-3H2,1H3,(H,22,23)	null	CC(=O)CCC1=CC(=C(C=C1)O)OC2C(C(C(C(O2)C(=O)O)O)O)O	-0.400000006	131839210	HMDB:(135704);PubChem:(131839210);PubChem class - bio and metabolites	16777226
31	1	N/A	-308.00684109924015	C16H20O9	[M + H]+	MRPIXPXTWPNQSB	InChI=1S/C16H20O9/c1-7(17)2-3-8-4-5-10(9(18)6-8)24-16-13(21)11(19)12(20)14(25-16)15(22)23/h4-6,11-14,16,18-21H,2-3H2,1H3,(H,22,23)	null	CC(=O)CCC1=CC(=C(C=C1)OC2C(C(C(C(O2)C(=O)O)O)O)O)O	-0.400000006	131839209	HMDB:(135703);PubChem:(131839209);PubChem class - bio and metabolites	16777226
32	1	N/A	-315.7002966968159	C16H20O9	[M + H]+	KJUZOFSYQLKULW	InChI=1S/C16H20O9/c1-6-4-7-9(3-2-8(18)11(7)15(22)23-6)24-16-14(21)13(20)12(19)10(5-17)25-16/h2-3,6,10,12-14,16-21H,4-5H2,1H3	null	CC1CC2=C(C=CC(=C2C(=O)O1)O)OC3C(C(C(C(O3)CO)O)O)O	0.300000012	139588246	COCONUT:(CNP0244632);Natural Products:(UNPD15348);PubChem:(139588246);SuperNatural:(SN00373011)	3178498
33	1	N/A	-328.432907961169	C16H20O9	[M + H]+	ALFSMVLFWLIEED	InChI=1S/C16H20O9/c17-5-10-13(21)14(22)15(23)16(25-10)24-9-4-3-7(19)11-6(18)1-2-8(20)12(9)11/h3-4,8,10,13-17,19-23H,1-2,5H2	(4S)-4,8-dihydroxy-5-[(2S,3R,4S,5S,6R)-3,4,5-trihydroxy-6-(hydroxymethyl)oxan-2-yl]oxy-3,4-dihydro-2H-naphthalen-1-one	C1CC(=O)C2=C(C=CC(=C2C1O)OC3C(C(C(C(O3)CO)O)O)O)O	-1.10000002	21577031	COCONUT:(CNP0328761);KNApSAcK:(31929);Natural Products:(UNPD92622);PubChem:(21577031);SuperNatural:(SN00260369)	3178514
34	1	N/A	-330.95069365698737	C16H20O9	[M + H]+	FFBSIEIZLWJCOS	InChI=1S/C16H20O9/c1-23-9-4-2-3-8(7-9)5-6-10(17)24-16-13(20)11(18)12(19)14(25-16)15(21)22/h2-4,7,11-14,16,18-20H,5-6H2,1H3,(H,21,22)	null	COC1=CC=CC(=C1)CCC(=O)OC2C(C(C(C(O2)C(=O)O)O)O)O	0.100000001	131834362	HMDB:(127986);PubChem:(131834362);PubChem class - bio and metabolites	16777226
35	1	N/A	-336.7394508875744	C16H20O9	[M + H]+	VSTQVJRVPQBMRF	InChI=1S/C16H20O9/c17-5-10-13(21)14(22)15(23)16(25-10)24-9-4-3-7(19)11-6(18)1-2-8(20)12(9)11/h1-2,9-10,13-18,20-23H,3-5H2	(4S)-5,8-dihydroxy-4-[(2R,3R,4S,5S,6R)-3,4,5-trihydroxy-6-(hydroxymethyl)oxan-2-yl]oxy-3,4-dihydro-2H-naphthalen-1-one	C1CC(=O)C2=C(C=CC(=C2C1OC3C(C(C(C(O3)CO)O)O)O)O)O	-0.800000012	21577030	COCONUT:(CNP0257049);KNApSAcK:(31928);Natural Products:(UNPD124282 UNPD75508);PubChem:(21577030);SuperNatural:(SN00042481 SN00356721);ZINC bio:(ZINC77257607)	3186706
36	1	N/A	-352.7751121552421	C16H20O9	[M + H]+	MZUCFHAKGVFBCL	InChI=1S/C16H20O9/c1-7(8-3-5-9(23-2)6-4-8)15(22)25-16-12(19)10(17)11(18)13(24-16)14(20)21/h3-7,10-13,16-19H,1-2H3,(H,20,21)	null	CC(C1=CC=C(C=C1)OC)C(=O)OC2C(C(C(C(O2)C(=O)O)O)O)O	0.400000006	131836192	HMDB:(129982);PubChem:(131836192);PubChem class - bio and metabolites	16777226
37	1	N/A	-380.65873338983357	C16H20O9	[M + H]+	BQIDYCAZPCUFST	InChI=1S/C16H20O9/c1-9(14-5-11(22-3)6-16(21)25-14)4-15(20)24-8-13(19)12(18)7-23-10(2)17/h4-6,12-13,18-19H,7-8H2,1-3H3	null	CC(=CC(=O)OCC(C(COC(=O)C)O)O)C1=CC(=CC(=O)O1)OC	0.0	71733427	PubChem:(71733427);COCONUT:(CNP0327163)	2097154
38	1	N/A	-396.1276821006406	C16H20O9	[M + H]+	RGHGUQJYNLPWPT	InChI=1S/C16H20O9/c1-21-7-4-6-9(13(23-3)12(7)22-2)14-15(25-16(6)20)11(19)10(18)8(5-17)24-14/h4,8,10-11,14-15,17-19H,5H2,1-3H3	tri-O-methylnorbergenin	COC1=C(C(=C2C3C(C(C(C(O3)CO)O)O)OC(=O)C2=C1)OC)OC	-0.300000012	13420511;11360257;44584185;101018367;101711014;138113912	COCONUT:(CNP0410971);Natural Products:(UNPD164124);PubChem:(13420511 11360257 44584185 101018367 101711014 138113912);SuperNatural:(SN00161029 SN00384101);PubMed	3178562
39	1	N/A	-404.5042568476287	C16H20O9	[M + H]+	KIELUSQRYMCWIK	InChI=1S/C16H20O9/c1-24-12(20)6-10(8-2-4-9(18)5-3-8)16(23)14(21)13(11(19)7-17)25-15(16)22/h2-5,10-11,13-14,17-19,21,23H,6-7H2,1H3	methyl (3R)-3-[(3R,4R,5R)-5-(1,2-dihydroxyethyl)-3,4-dihydroxy-2-oxooxolan-3-yl]-3-(4-hydroxyphenyl)propanoate	COC(=O)CC(C1=CC=C(C=C1)O)C2(C(C(OC2=O)C(CO)O)O)O	-1.0	20056257	COCONUT:(CNP0319466);Natural Products:(UNPD80048);PubChem:(20056257);SuperNatural:(SN00242786)	3178498
40	1	N/A	-405.9566511856076	C16H20O9	[M + H]+	FJVABKOTOFTGEO	InChI=1S/C16H20O9/c1-23-12-5-8(14(19)20)3-4-11(12)25-13-9(17)6-16(22,7-10(13)18)15(21)24-2/h3-5,9-10,13,17-18,22H,6-7H2,1-2H3,(H,19,20)	null	COC1=C(C=CC(=C1)C(=O)O)OC2C(CC(CC2O)(C(=O)OC)O)O	0.0867804959	""	COCONUT:(CNP0204420);Natural Products:(UNPD102159);SuperNatural:(SN00369660)	3178496
41	1	N/A	-407.72526026836186	C16H20O9	[M + H]+	RLGFSACCIOSKQS	InChI=1S/C16H20O9/c17-9-3-1-8(5-10(9)18)2-4-13(20)25-12-7-16(24,15(22)23)6-11(19)14(12)21/h1,3,5,11-12,14,17-19,21,24H,2,4,6-7H2,(H,22,23)	null	C1C(C(C(CC1(C(=O)O)O)OC(=O)CCC2=CC(=C(C=C2)O)O)O)O	-0.600000024	9820055;129012043	PubChem:(9820055 129012043);PubMed;KEGG Mine;PubChem class - bio and metabolites	8606711874
42	1	N/A	-431.59310134095267	C16H20O9	[M + H]+	GPHXRUPNGMRLKA	InChI=1S/C16H20O9/c1-7-3-9(18)4-10(19)12(7)15(23)24-6-16(13(21)8(2)17)5-11(20)14(22)25-16/h3-4,8,11,13,17-21H,5-6H2,1-2H3	null	CC1=CC(=CC(=C1C(=O)OCC2(CC(C(=O)O2)O)C(C(C)O)O)O)O	0.400000006	139588317	COCONUT:(CNP0126730);Natural Products:(UNPD213309);PubChem:(139588317)	2129922
43	1	N/A	-439.852868809742	C16H20O9	[M + H]+	UPELWWMOWRABTA	InChI=1S/C16H20O9/c1-7-3-9(18)4-10(19)12(7)15(23)24-8(2)13(21)16(6-17)5-11(20)14(22)25-16/h3-4,8,11,13,17-21H,5-6H2,1-2H3	null	CC1=CC(=CC(=C1C(=O)OC(C)C(C2(CC(C(=O)O2)O)CO)O)O)O	0.400000006	139584868	COCONUT:(CNP0137688);Natural Products:(UNPD211169);PubChem:(139584868)	2129922
44	1	N/A	-460.5380431553909	C16H20O9	[M + H]+	BPDHZCGFGOWILW	InChI=1S/C16H20O9/c1-7-3-4-15(21)13(7)5-8(25-10(18)9(13)17)16(22,12(20)23-2)14(15)6-24-11(14)19/h7-9,17,21-22H,3-6H2,1-2H3	Veranisatin B	CC1CCC2(C13CC(C(C24COC4=O)(C(=O)OC)O)OC(=O)C3O)O	-1.39999998	127871;5315182;10498456;22524607	COCONUT:(CNP0176730);HMDB:(40664);KNApSAcK:(44375);Natural Products:(UNPD174367 UNPD12299);PubChem:(127871 5315182 10498456 22524607);SuperNatural:(SN00160033 SN00239255);PubChem class - bio and metabolites;MeSH:(127871);PubChem class - safety and toxic;PubMed	87064670
1	1	0.39649090677079457	-34.887039691932735	C16H22O10	[M - H2O + H]+	ZJDOESGVOWAULF	InChI=1S/C16H22O10/c17-3-6-1-2-7-8(14(22)23)5-24-15(10(6)7)26-16-13(21)12(20)11(19)9(4-18)25-16/h1,5,7,9-13,15-21H,2-4H2,(H,22,23)	Geniposidic acid	C1C=C(C2C1C(=COC2OC3C(C(C(C(O3)CO)O)O)O)C(=O)O)CO	-2.70000005	323273;443354;5324103;6325199;12087362;13564418;13564420;10339357;15939127;71774724;90470758;97050366;97050367;97050368;97050369;125041148;125041149;125041150;124511254;129010064;129010420;129362041;129362042;129362043;131698396;131704761;131707480;133612281;138107800	HMDB:(34942);SuperNatural:(SN00377434 SN00007024 SN00177503 SN00298281 SN00300136 SN00166214);ZINC bio:(ZINC04102166);additional;MeSH:(443354);PubMed;COCONUT:(CNP0195240 CNP0305858);KNApSAcK:(10564);Natural Products:(UNPD106583 UNPD162860 UNPD155880);PubChem:(323273 443354 5324103 6325199 12087362 13564418 13564420 10339357 15939127 71774724 90470758 97050366 97050367 97050368 97050369 125041148 125041149 125041150 124511254 129010064 129010420 129362041 129362042 129362043 131698396 131704761 131707480 133612281 138107800);CHEBI:(5301);PubChem class - bio and metabolites;KEGG:(C11673);PubChem class - safety and toxic	87597438
2	1	N/A	-63.049312849552	C16H22O10	[M - H2O + H]+	PUEUIRDVQIKCCG	InChI=1S/C16H22O10/c1-2-7-8(3-4-17)9(14(22)23)6-24-15(7)26-16-13(21)12(20)11(19)10(5-18)25-16/h2,4,6-8,10-13,15-16,18-21H,1,3,5H2,(H,22,23)	Secologanate	C=CC1C(C(=COC1OC2C(C(C(C(O2)CO)O)O)O)C(=O)O)CC=O	-1.89999998	439612;4631412;5321213;22524492;25201445;87341130	COCONUT:(CNP0168831 CNP0173207);KNApSAcK:(34978);Natural Products:(UNPD118067 UNPD138269 UNPD88229);PubChem:(439612 4631412 5321213 22524492 25201445 87341130);SuperNatural:(SN00324181 SN00298632 SN00160612 SN00283801);CHEBI:(9075);KEGG:(C01957);Plantcyc:(SECOLOGANATE);PubMed;Biocyc:(SECOLOGANATE)	3311986
3	1	N/A	-64.54507157355316	C16H22O10	[M - H2O + H]+	HEYZWPRKKUGDCR	InChI=1S/C16H22O10/c1-2-7-14(24-6-8-13(21)23-4-3-16(7,8)22)26-15-12(20)11(19)10(18)9(5-17)25-15/h2,6-7,9-12,14-15,17-20,22H,1,3-5H2	Swertiamarin	C=CC1C(OC=C2C1(CCOC2=O)O)OC3C(C(C(C(O3)CO)O)O)O	-2.0	114700;442435;3515878;6326110;12443156;9951472;23304674;57511435;71730465;72698611;73758648;97043262;97043263;97043264;97043265;125038540;125038541;124519395;124519396;124298533;124300890;124302145;134688812;132399059	SuperNatural:(SN00006969 SN00339875 SN00141614 SN00163463 SN00162802 SN00354994 SN00354849 SN00342100);ZINC bio:(ZINC04098354 ZINC68590454);additional;MeSH:(442435 132399059);PubMed;COCONUT:(CNP0387111);KNApSAcK:(3100);Natural Products:(UNPD58003 UNPD32286 UNPD61068 UNPD70446 UNPD95733 UNPD167309);PubChem:(114700 442435 3515878 6326110 12443156 9951472 23304674 57511435 71730465 72698611 73758648 97043262 97043263 97043264 97043265 125038540 125038541 124519395 124519396 124298533 124300890 124302145 134688812 132399059);CHEBI:(9370);KEGG:(C09800);PubChem class - safety and toxic;Training Set;Biocyc:(CPD-13045)	70838646
4	1	N/A	-70.22339047641576	C16H22O10	[M - H2O + H]+	XYYMELWQHNGIOY	InChI=1S/C16H22O10/c1-23-14(22)7-5-24-15(10-6(7)2-3-8(10)18)26-16-13(21)12(20)11(19)9(4-17)25-16/h2-3,5-6,8-13,15-21H,4H2,1H3	null	COC(=O)C1=COC(C2C1C=CC2O)OC3C(C(C(C(O3)CO)O)O)O	-1.89999998	16203752;101836390	COCONUT:(CNP0319989);KNApSAcK:(29978);Natural Products:(UNPD80797);PubChem:(16203752 101836390);SuperNatural:(SN00349794);MeSH:(16203752);PubMed	3178582
5	1	N/A	-86.5718984838789	C16H22O10	[M - H2O + H]+	LCTYGGXMQYUYHL	InChI=1S/C16H22O10/c1-2-6-7-3-10(18)25-14(22)8(7)5-23-15(6)26-16-13(21)12(20)11(19)9(4-17)24-16/h2,5-7,9-13,15-21H,1,3-4H2	null	C=CC1C2CC(OC(=O)C2=COC1OC3C(C(C(C(O3)CO)O)O)O)O	-1.39999998	71505140;71607801;101012643	COCONUT:(CNP0164948);Natural Products:(UNPD68526 UNPD12670);PubChem:(71505140 71607801 101012643);SuperNatural:(SN00239945 SN00161894);KEGG Mine	8593113090
6	1	N/A	-92.26566549914088	C16H22O10	[M - H2O + H]+	HGYUBLMQZDQRSI	InChI=1S/C16H22O10/c1-5-8(18)2-6-7(14(22)23)4-24-15(10(5)6)26-16-13(21)12(20)11(19)9(3-17)25-16/h4-6,9-13,15-17,19-21H,2-3H2,1H3,(H,22,23)	(1S,4aS,7R,7aS)-7-methyl-6-oxo-1-[(2S,3R,4S,5S,6R)-3,4,5-trihydroxy-6-(hydroxymethyl)oxan-2-yl]oxy-4a,5,7,7a-tetrahydro-1H-cyclopenta[c]pyran-4-carboxylic acid	CC1C2C(CC1=O)C(=COC2OC3C(C(C(C(O3)CO)O)O)O)C(=O)O	-2.0	14137244	COCONUT:(CNP0051813 CNP0284240);Natural Products:(UNPD153639);PubChem:(14137244);SuperNatural:(SN00041273 SN00313380);ZINC bio:(ZINC67913641);Training Set;KEGG Mine	8593137666
7	1	N/A	-94.08172658069574	C16H22O10	[M - H2O + H]+	ONWIFIWSHIQJQH	InChI=1S/C16H22O10/c1-6(18)10-7-2-3-23-14(22)8(7)5-24-15(10)26-16-13(21)12(20)11(19)9(4-17)25-16/h5,7,9-13,15-17,19-21H,2-4H2,1H3	null	CC(=O)C1C2CCOC(=O)C2=COC1OC3C(C(C(C(O3)CO)O)O)O	-2.0999999	101618849	COCONUT:(CNP0191370);Natural Products:(UNPD105240);PubChem:(101618849);SuperNatural:(SN00345877)	3178498
8	1	N/A	-94.3726268362662	C16H22O10	[M - H2O + H]+	JSKCJJNYSGWZDU	InChI=1S/C16H22O10/c1-5-8(18)2-6-7(14(22)23)4-24-15(10(5)6)26-16-13(21)12(20)11(19)9(3-17)25-16/h4,6,8-13,15-21H,1-3H2,(H,22,23)	Gardoside	C=C1C(CC2C1C(OC=C2C(=O)O)OC3C(C(C(C(O3)CO)O)O)O)O	-2.5	5317530;22524229;23640098;46173850;101350248	COCONUT:(CNP0055362 CNP0170112);KNApSAcK:(10556);Natural Products:(UNPD194156);PubChem:(5317530 22524229 23640098 46173850 101350248);SuperNatural:(SN00166184 SN00280177);CHEBI:(80827);KEGG:(C16963);PubMed	3178866
9	1	N/A	-97.60516692886306	C16H22O10	[M - H2O + H]+	VLHNUUYSBSLFOK	InChI=1S/C16H22O10/c1-23-15-11(19)10(18)12(20)16(26-15)25-14-9-6(4-17)2-3-7(9)8(5-24-14)13(21)22/h2,5,7,9-12,14-20H,3-4H2,1H3,(H,21,22)	null	COC1C(C(C(C(O1)OC2C3C(CC=C3CO)C(=CO2)C(=O)O)O)O)O	-1.32879627	""	COCONUT:(CNP0192476);Natural Products:(UNPD19462)	2129920
10	1	N/A	-99.10303132479001	C16H22O10	[M - H2O + H]+	OTGGZHYFDGWERE	InChI=1S/C16H22O10/c17-3-8-11(18)12(19)13(20)16(25-8)26-15-10(9-5-23-9)6-1-2-22-14(21)7(6)4-24-15/h4,6,8-13,15-20H,1-3,5H2	null	C1COC(=O)C2=COC(C(C21)C3CO3)OC4C(C(C(C(O4)CO)O)O)O	-1.76039636	""	COCONUT:(CNP0150790);Natural Products:(UNPD69675);SuperNatural:(SN00284733);KEGG Mine	8593113088
11	1	N/A	-99.70607564036617	C16H22O10	[M - H2O + H]+	ZLWWOVLBOTUVGK	InChI=1S/C16H22O10/c17-3-6-1-2-7-8(14(22)23)5-24-15(10(6)7)26-16-13(21)12(20)11(19)9(4-18)25-16/h2,5-6,9-13,15-21H,1,3-4H2,(H,22,23)	null	C1C=C2C(C1CO)C(OC=C2C(=O)O)OC3C(C(C(C(O3)CO)O)O)O	-2.29999995	102252287	COCONUT:(CNP0202942);Natural Products:(UNPD44190);PubChem:(102252287);SuperNatural:(SN00395248)	3178498
12	1	N/A	-105.81564378023097	C16H22O10	[M - H2O + H]+	AWNFCMRYPKKIHV	InChI=1S/C16H22O10/c1-6-10(7-2-3-23-14(21)8(7)5-24-6)15(22)26-16-13(20)12(19)11(18)9(4-17)25-16/h2,5-6,9-13,15-20,22H,3-4H2,1H3	null	CC1C(C2=CCOC(=O)C2=CO1)C(O)OC3C(C(C(C(O3)CO)O)O)O	-2.29999995	101306831	PubChem:(101306831);KNApSAcK:(10753)	18
13	1	N/A	-111.62217128225836	C16H22O10	[M - H2O + H]+	UJHKVBUVGHLNMO	InChI=1S/C16H22O10/c17-3-6-1-2-7-8(14(22)23)5-24-15(10(6)7)26-16-13(21)12(20)11(19)9(4-18)25-16/h5,7,9,11-13,15-21H,1-4H2,(H,22,23)	(1S,4aS)-7-(hydroxymethyl)-1-[(2S,3R,4S,5S,6R)-3,4,5-trihydroxy-6-(hydroxymethyl)oxan-2-yl]oxy-1,4a,5,6-tetrahydrocyclopenta[c]pyran-4-carboxylic acid	C1CC(=C2C1C(=COC2OC3C(C(C(C(O3)CO)O)O)O)C(=O)O)CO	-2.9000001	21592390;101085817	COCONUT:(CNP0255030);KNApSAcK:(34797);Natural Products:(UNPD103186);PubChem:(21592390 101085817)	2129938
14	1	N/A	-158.430523173375	C16H22O10	[M - H2O + H]+	DYJXNICFFHYULW	InChI=1S/C16H22O10/c1-16-8(26-16)2-5-6(13(21)22)4-23-14(9(5)16)25-15-12(20)11(19)10(18)7(3-17)24-15/h4-5,7-12,14-15,17-20H,2-3H2,1H3,(H,21,22)	null	CC12C(O1)CC3C2C(OC=C3C(=O)O)OC4C(C(C(C(O4)CO)O)O)O	-1.89999998	10761921	COCONUT:(CNP0360045);Natural Products:(UNPD206656 UNPD141797);PubChem:(10761921);SuperNatural:(SN00230028);KEGG Mine	8593113090
15	1	N/A	-176.2686891296096	C16H22O10	[M - H2O + H]+	APHZSLWUGSUBKQ	InChI=1S/C16H22O10/c1-22-8-4-7(15(21)24-3)5-9(23-2)14(8)26-16-13(20)12(19)11(18)10(6-17)25-16/h4-5,10-13,16-20H,6H2,1-3H3	methyl 3,5-dimethoxy-4-[(2S,3R,4S,5S,6R)-3,4,5-trihydroxy-6-(hydroxymethyl)oxan-2-yl]oxybenzoate	COC1=CC(=CC(=C1OC2C(C(C(C(O2)CO)O)O)O)OC)C(=O)OC	-0.502965689	21579142;54575614;53304888	COCONUT:(CNP0251600);Natural Products:(UNPD115401);PubChem:(21579142 54575614 53304888);SuperNatural:(SN00351913)	3178498
16	1	N/A	-191.59049229971436	C16H22O10	[M - H2O + H]+	AZDPGDNGMGSZEZ	InChI=1S/C16H22O10/c1-5-12(26-15-11(20)10(19)9(18)7(2-17)24-15)13-8-6(14(21)25-13)3-23-4-16(5,8)22/h3,5,7-13,15,17-20,22H,2,4H2,1H3	null	CC1C(C2C3C1(COC=C3C(=O)O2)O)OC4C(C(C(C(O4)CO)O)O)O	-2.49953175	""	COCONUT:(CNP0222435);KNApSAcK:(10558);Natural Products:(UNPD134278 UNPD60706);SuperNatural:(SN00370223 SN00230803)	3178512
17	1	N/A	-195.51708399530767	C16H22O10	[M - H2O + H]+	QRWNMJBTANFMHA	InChI=1S/C16H22O10/c1-22-8-4-7(5-9(23-2)14(8)24-3)15(21)26-16-13(20)12(19)11(18)10(6-17)25-16/h4-5,10-13,16-20H,6H2,1-3H3	[(2S,3R,4S,5S,6R)-3,4,5-trihydroxy-6-(hydroxymethyl)oxan-2-yl] 3,4,5-trimethoxybenzoate	COC1=CC(=CC(=C1OC)OC)C(=O)OC2C(C(C(C(O2)CO)O)O)O	-0.400000006	5322109;23928103;51543737;51543738;51722829;51722830;124905133;124905134	COCONUT:(CNP0286465);Natural Products:(UNPD86905);PubChem:(5322109 23928103 51543737 51543738 51722829 51722830 124905133 124905134);SuperNatural:(SN00038448 SN00037295 SN00037296 SN00038447 SN00160664);ZINC bio:(ZINC15251354 ZINC15251357 ZINC36374591 ZINC36374594);additional;Training Set	3727362
18	1	N/A	-258.94892681834045	C16H22O10	[M - H2O + H]+	FVNXZBAOGFIURU	InChI=1S/C16H22O10/c1-5-8(2-6-7(14(21)22)4-24-15(23)10(5)6)25-16-13(20)12(19)11(18)9(3-17)26-16/h6-9,11-13,16-20H,2-4H2,1H3,(H,21,22)	null	CC1=C2C(CC1OC3C(C(C(C(O3)CO)O)O)O)C(COC2=O)C(=O)O	-1.75400424	""	COCONUT:(CNP0107661);Natural Products:(UNPD39991);SuperNatural:(SN00375290)	3178496
19	1	N/A	-259.55014253074427	C16H22O10	[M - H2O + H]+	MUNAARMZXLYJIB	InChI=1S/C16H22O10/c1-24-15(23)10(5-7-2-3-8(18)9(19)4-7)25-16-14(22)13(21)12(20)11(6-17)26-16/h2-4,10-14,16-22H,5-6H2,1H3	null	COC(=O)C(CC1=CC(=C(C=C1)O)O)OC2C(C(C(C(O2)CO)O)O)O	-0.945316613	""	COCONUT:(CNP0286005);Natural Products:(UNPD218899)	2129920