structureRankPerFormula	formulaRank	ConfidenceScore	CSI:FingerIDScore	molecularFormula	adduct	InChIkey2D	InChI	name	smiles	xlogp	pubchemids	links	dbflags
1	1	0.10912678132368692	-145.2228480978378	C12H26N4O2	[M - H2O + H]+	JZGGZNWADMJJCC	InChI=1S/C12H26N4O2/c1-15(2)11(17)13-9-7-5-6-8-10-14-12(18)16(3)4/h5-10H2,1-4H3,(H,13,17)(H,14,18)	1,3-dimethylurea]	CN(C)C(=O)NCCCCCCNC(=O)N(C)C	0.300000012	99644	COCONUT:(CNP0086498);PubChem class - safety and toxic;PubChem:(99644)	69206018
2	1	N/A	-165.2779820927776	C12H26N4O2	[M - H2O + H]+	BLYQHVLDAAOLES	InChI=1S/C12H26N4O2/c1-5-9(6-2)13-15-11(17)12(18)16-14-10(7-3)8-4/h9-10,13-14H,5-8H2,1-4H3,(H,15,17)(H,16,18)	N''1,N''2-di(pentan-3-yl)ethanedihydrazide	CCC(CC)NNC(=O)C(=O)NNC(CC)CC	3.5999999	57143	PubChem:(57143);PubChem class - safety and toxic	67108866
3	1	N/A	-182.07854547889667	C12H26N4O2	[M - H2O + H]+	GRGBENNNGZARRZ	InChI=1S/C12H26N4O2/c13-15-11(17)9-7-5-3-1-2-4-6-8-10-12(18)16-14/h1-10,13-14H2,(H,15,17)(H,16,18)	N 12 (hydrazide)	C(CCCCCC(=O)NN)CCCCC(=O)NN	1.28289402	20013	NORMAN:(NS00030849);PubChem class - safety and toxic;PubChem:(20013);PubMed	67371074
4	1	N/A	-224.27090309340824	C12H26N4O2	[M - H2O + H]+	HDKPQQZMQBYEHX	InChI=1S/C12H26N4O2/c17-12(18)11-16-9-2-5-14-7-6-13-3-1-4-15-8-10-16/h13-15H,1-11H2,(H,17,18)	null	C1CNCCNCCCN(CCNC1)CC(=O)O	-3.20000005	10858164;102177636	COCONUT:(CNP0121902);PubChem:(10858164 102177636);SuperNatural:(SN00142739);PubMed;ZINC bio:(ZINC68604253)	3153986
5	1	N/A	-320.5607188239014	C12H26N4O2	[M - H2O + H]+	DOOQEGLUBXCKJH	InChI=1S/C12H26N4O2/c13-6-8-2-3-9(15)12(17-8)18-11-4-1-7(14)5-10(11)16/h7-12H,1-6,13-16H2	3'',4'',5,6-Tetradeoxyneamine	C1CC(C(CC1N)N)OC2C(CCC(O2)CN)N	-2.0	3041558;102000061	PubChem:(3041558 102000061);PubChem class - safety and toxic	67108866
1	1	N/A	-257.6948268388256	C12H24N4O	[M + H]+	ZJPBVAFZWDAVPW	InChI=1S/C12H24N4O/c1-10(2)6-9-16-12(13)15-8-5-4-7-14-11(3)17/h6H,4-5,7-9H2,1-3H3,(H,14,17)(H3,13,15,16)	Smirnovine	CC(=CCN=C(N)NCCCCNC(=O)C)C	0.800000012	33953	PubChem:(33953);PubChem class - safety and toxic	67108866
2	1	N/A	-317.4794196257258	C12H24N4O	[M + H]+	ZOSKONQHHUEEMF	InChI=1S/C12H24N4O/c1-10(2)6-9-16(12(13)14)8-5-4-7-15-11(3)17/h6H,4-5,7-9H2,1-3H3,(H3,13,14)(H,15,17)	null	CC(=CCN(CCCCNC(=O)C)C(=N)N)C	0.800000012	23620109	COCONUT:(CNP0256229);Natural Products:(UNPD20542);PubChem:(23620109);SuperNatural:(SN00374613)	3178498