structureRankPerFormula	formulaRank	ConfidenceScore	CSI:FingerIDScore	molecularFormula	adduct	InChIkey2D	InChI	name	smiles	xlogp	pubchemids	links	dbflags
1	1	0.6091042777465012	-84.98783940798742	C25H30O12	[M - H2O + H]+	DUNFAZHEVVYXGG	InChI=1S/C25H30O12/c1-12-9-16(36-19(28)6-4-13-3-5-15(27)17(10-13)34-2)14(20(12)24(32)33)7-8-35-25-23(31)22(30)21(29)18(11-26)37-25/h3-7,10,16,18,21-23,25-27,29-31H,8-9,11H2,1-2H3,(H,32,33)	null	CC1=C(C(=CCOC2C(C(C(C(O2)CO)O)O)O)C(C1)OC(=O)C=CC3=CC(=C(C=C3)O)OC)C(=O)O	-0.5	45783210;95224652;95224653;133053892	COCONUT:(CNP0087167 CNP0199022);PubChem:(45783210 95224652 95224653 133053892);SuperNatural:(SN00040918 SN00040917);ZINC bio:(ZINC67912672 ZINC67912675);additional;Training Set	3694594
2	1	N/A	-131.69102146174563	C25H30O12	[M - H2O + H]+	UBIOBPKBEZMDGP	InChI=1S/C25H30O12/c1-33-17-8-12(2-4-15(17)27)3-5-19(29)35-11-13-9-16(28)14-6-7-34-24(20(13)14)37-25-23(32)22(31)21(30)18(10-26)36-25/h2-9,14,16,18,20-28,30-32H,10-11H2,1H3	null	COC1=C(C=CC(=C1)C=CC(=O)OCC2=CC(C3C2C(OC=C3)OC4C(C(C(C(O4)CO)O)O)O)O)O	-0.699999988	101675241	COCONUT:(CNP0128000);Natural Products:(UNPD11030);PubChem:(101675241);SuperNatural:(SN00373563)	3178498
3	1	N/A	-153.47818843569098	C25H30O12	[M - H2O + H]+	GWSHNSLPQBJUFB	InChI=1S/C25H30O12/c1-33-23(32)15-11-34-24(37-25-22(31)21(30)20(29)17(10-26)36-25)19-14(15)7-8-16(19)35-18(28)9-4-12-2-5-13(27)6-3-12/h2-6,9,11,14,16-17,19-22,24-27,29-31H,7-8,10H2,1H3	null	COC(=O)C1=COC(C2C1CCC2OC(=O)C=CC3=CC=C(C=C3)O)OC4C(C(C(C(O4)CO)O)O)O	0.592178822	""	COCONUT:(CNP0081611)	2097152
4	1	N/A	-171.0035130736775	C25H30O12	[M - H2O + H]+	WRFYYMJFUKYKGO	InChI=1S/C25H30O12/c1-25(33)8-14-15(9-25)23(34-11-16(14)22(31)32)37-24-21(20(30)19(29)17(10-26)35-24)36-18(28)7-4-12-2-5-13(27)6-3-12/h2-7,11,14-15,17,19-21,23-24,26-27,29-30,33H,8-10H2,1H3,(H,31,32)	null	CC1(CC2C(C1)C(=COC2OC3C(C(C(C(O3)CO)O)O)OC(=O)C=CC4=CC=C(C=C4)O)C(=O)O)O	0.423314512	""	COCONUT:(CNP0382379)	2097152
5	1	N/A	-174.63525164543992	C25H30O12	[M - H2O + H]+	OMQVUDHHTLVTKU	InChI=1S/C25H30O12/c1-14(26)31-12-6-7-19-8-10-20(11-9-19)36-25-24(35-18(5)30)23(34-17(4)29)22(33-16(3)28)21(37-25)13-32-15(2)27/h6-11,21-25H,12-13H2,1-5H3	null	CC(=O)OCC=CC1=CC=C(C=C1)OC2C(C(C(C(O2)COC(=O)C)OC(=O)C)OC(=O)C)OC(=O)C	1.38900602	""	COCONUT:(CNP0150714);Natural Products:(UNPD180972)	2129920
6	1	N/A	-177.3594241209242	C25H30O12	[M - H2O + H]+	SYHPDMZDZYFZLU	InChI=1S/C25H30O12/c1-32-13-5-2-12(3-6-13)4-7-16(28)35-21-14-8-9-33-23(17(14)25(11-27)22(21)37-25)36-24-20(31)19(30)18(29)15(10-26)34-24/h2-9,14-15,17-24,26-27,29-31H,10-11H2,1H3	[(1aR,6S)-1a-(hydroxymethyl)-2-[(2S,3R,4R,5S,6R)-3,4,5-trihydroxy-6-(hydroxymethyl)oxan-2-yl]oxy-2,5a,6,6a-tetrahydro-1bH-oxireno[5,6]cyclopenta[1,3-c]pyran-6-yl] (E)-3-(4-methoxyphenyl)prop-2-enoate	COC1=CC=C(C=C1)C=CC(=O)OC2C3C=COC(C3C4(C2O4)CO)OC5C(C(C(C(O5)CO)O)O)O	-0.600000024	6325621;23304496;74029757;91895358;129316650;131845785;137795147	COCONUT:(CNP0228900);Natural Products:(UNPD124204);PubChem:(6325621 23304496 74029757 91895358 129316650 131845785 137795147);SuperNatural:(SN00393963 SN00167437)	3178498
7	1	N/A	-188.99956523382866	C25H30O12	[M - H2O + H]+	JRFQPVXQDUFGRY	InChI=1S/C25H30O12/c1-32-13-5-2-12(3-6-13)4-7-16(27)34-11-25-17-14(18(28)22(25)37-25)8-9-33-23(17)36-24-21(31)20(30)19(29)15(10-26)35-24/h2-9,14-15,17-24,26,28-31H,10-11H2,1H3	null	COC1=CC=C(C=C1)C=CC(=O)OCC23C4C(C=COC4OC5C(C(C(C(O5)CO)O)O)O)C(C2O3)O	-0.600000024	101937996;101937997	COCONUT:(CNP0275084);Natural Products:(UNPD7405 UNPD146487);PubChem:(101937996 101937997);SuperNatural:(SN00385815 SN00368888)	3178498
8	1	N/A	-197.94756004393403	C25H30O12	[M - H2O + H]+	WKNWEGPLQYMFIH	InChI=1S/C25H30O12/c1-12(2)9-17-20(29)14(24(33)36-17)7-8-34-25-23(32)22(31)21(30)18(37-25)11-35-19(28)6-4-13-3-5-15(26)16(27)10-13/h3-7,9-10,17-18,20-23,25-27,29-32H,8,11H2,1-2H3	Kodemariosides E	CC(=CC1C(C(=CCOC2C(C(C(C(O2)COC(=O)C=CC3=CC(=C(C=C3)O)O)O)O)O)C(=O)O1)O)C	0.0	46833999;46834000	COCONUT:(CNP0250182);Natural Products:(UNPD131424 UNPD187030);PubChem:(46833999 46834000);SuperNatural:(SN00348072 SN00307282);PubMed	3178562
9	1	N/A	-198.34576692638825	C25H30O12	[M - H2O + H]+	HYYGYDZKTMHQAW	InChI=1S/C25H30O12/c1-12-16(29)8-25(33)14(9-26)11-34-23(19(12)25)37-24-22(21(32)20(31)17(10-27)35-24)36-18(30)7-4-13-2-5-15(28)6-3-13/h2-7,9,11-12,16-17,19-24,27-29,31-33H,8,10H2,1H3	null	CC1C(CC2(C1C(OC=C2C=O)OC3C(C(C(C(O3)CO)O)O)OC(=O)C=CC4=CC=C(C=C4)O)O)O	0.0	101677403	COCONUT:(CNP0144929);Natural Products:(UNPD65083);PubChem:(101677403);SuperNatural:(SN00255443)	3178498
10	1	N/A	-199.6560329229936	C25H30O12	[M - H2O + H]+	OJAGBDHRHPCDLN	InChI=1S/C25H30O12/c1-11-16(35-18(28)7-4-12-2-5-13(27)6-3-12)8-14-15(23(32)33)10-34-24(19(11)14)37-25-22(31)21(30)20(29)17(9-26)36-25/h2-7,10-11,14,16-17,19-22,24-27,29-31H,8-9H2,1H3,(H,32,33)	null	CC1C(CC2C1C(OC=C2C(=O)O)OC3C(C(C(C(O3)CO)O)O)O)OC(=O)C=CC4=CC=C(C=C4)O	0.600000024	23786400;102066680;133554351	COCONUT:(CNP0042132 CNP0165161);Natural Products:(UNPD226713 UNPD48507 UNPD168025);PubChem:(23786400 102066680 133554351);SuperNatural:(SN00376735 SN00038828 SN00365192);ZINC bio:(ZINC38143775);additional;Training Set	3727362
11	1	N/A	-208.72405808485217	C25H30O12	[M - H2O + H]+	BEWQAFYRLCLDCO	InChI=1S/C25H30O12/c1-12-16(35-18(29)7-4-13-2-5-15(28)6-3-13)8-25(33)14(9-26)11-34-23(19(12)25)37-24-22(32)21(31)20(30)17(10-27)36-24/h2-7,9,11-12,16-17,19-24,27-28,30-33H,8,10H2,1H3	2-Propenoic acid, 3-(4-hydroxyphenyl)-, 4-formyl-1-(beta-D-glucopyranosyloxy)-1,4a,5,6,7,7a-hexahydro-4a-hydroxy-7-methylcyclopenta(c)pyran-6-yl ester, (1S-(1alpha,4aalpha,6alpha,7alpha,7aalpha))-	CC1C(CC2(C1C(OC=C2C=O)OC3C(C(C(C(O3)CO)O)O)O)O)OC(=O)C=CC4=CC=C(C=C4)O	0.0	6440701;101701633	COCONUT:(CNP0149408);Natural Products:(UNPD48494);PubChem:(6440701 101701633);SuperNatural:(SN00256904)	3178498
12	1	N/A	-210.81302596116035	C25H30O12	[M - H2O + H]+	IJSGEFGVRVIYTF	InChI=1S/C25H30O12/c1-11-16(28)8-14-15(23(32)33)10-34-24(19(11)14)37-25-22(21(31)20(30)17(9-26)35-25)36-18(29)7-4-12-2-5-13(27)6-3-12/h2-7,10-11,14,16-17,19-22,24-28,30-31H,8-9H2,1H3,(H,32,33)	null	CC1C(CC2C1C(OC=C2C(=O)O)OC3C(C(C(C(O3)CO)O)O)OC(=O)C=CC4=CC=C(C=C4)O)O	0.412091315	""	COCONUT:(CNP0193444);Natural Products:(UNPD154141 UNPD40945);SuperNatural:(SN00258630)	3178496
13	1	N/A	-213.46556962161122	C25H30O12	[M - H2O + H]+	LWORTIDRRYUBBP	InChI=1S/C25H30O12/c1-25(33)9-8-14-15(22(31)32)11-34-23(18(14)25)37-24-21(20(30)19(29)16(10-26)35-24)36-17(28)7-4-12-2-5-13(27)6-3-12/h2-7,11,14,16,18-21,23-24,26-27,29-30,33H,8-10H2,1H3,(H,31,32)	null	CC1(CCC2C1C(OC=C2C(=O)O)OC3C(C(C(C(O3)CO)O)O)OC(=O)C=CC4=CC=C(C=C4)O)O	0.300000012	56776207;95224987;95224988;95224989;95224990;124905105;124905106;124905107;124905108	COCONUT:(CNP0252153 CNP0298736);KNApSAcK:(48768);Natural Products:(UNPD32013 UNPD130462);PubChem:(56776207 95224987 95224988 95224989 95224990 124905105 124905106 124905107 124905108);SuperNatural:(SN00041334 SN00252332 SN00041335 SN00041336 SN00041337 SN00351614);ZINC bio:(ZINC67913783 ZINC67913786 ZINC67913788 ZINC67913790);additional;Training Set	3727378
14	1	N/A	-215.6081423571497	C25H30O12	[M - H2O + H]+	BZOWSEVETQYSBF	InChI=1S/C25H30O12/c1-25(33)9-8-14-15(22(31)32)10-35-23(18(14)25)37-24-21(30)20(29)19(28)16(36-24)11-34-17(27)7-4-12-2-5-13(26)6-3-12/h2-7,10,14,16,18-21,23-24,26,28-30,33H,8-9,11H2,1H3,(H,31,32)	null	CC1(CCC2C1C(OC=C2C(=O)O)OC3C(C(C(C(O3)COC(=O)C=CC4=CC=C(C=C4)O)O)O)O)O	-0.200000003	71816434	COCONUT:(CNP0197027);KNApSAcK:(34407);Natural Products:(UNPD170055);PubChem:(71816434);SuperNatural:(SN00288549)	3178514
15	1	N/A	-243.7924265781134	C25H30O12	[M - H2O + H]+	MJBZYCFAANZGIW	InChI=1S/C25H30O12/c1-33-15-8-11(2-4-13(15)28)3-5-14(29)17-12-6-7-34-23(18(12)25(10-27)22(17)37-25)36-24-21(32)20(31)19(30)16(9-26)35-24/h2-8,12,16-24,26-28,30-32H,9-10H2,1H3	null	COC1=C(C=CC(=C1)C=CC(=O)C2C3C=COC(C3C4(C2O4)CO)OC5C(C(C(C(O5)CO)O)O)O)O	-1.20000005	100973584	PubChem:(100973584);KNApSAcK:(44068)	18
16	1	N/A	-243.81909803716567	C25H30O12	[M - H2O + H]+	VXSSLTVMVRVJGS	InChI=1S/C25H30O12/c1-25(33)17(36-18(29)7-4-12-2-5-14(28)6-3-12)8-15-13(9-26)11-34-23(19(15)25)37-24-22(32)21(31)20(30)16(10-27)35-24/h2-7,9,11,15-17,19-24,27-28,30-33H,8,10H2,1H3	null	CC1(C(CC2C1C(OC=C2C=O)OC3C(C(C(C(O3)CO)O)O)O)OC(=O)C=CC4=CC=C(C=C4)O)O	-0.258963972	""	COCONUT:(CNP0120794);Natural Products:(UNPD222850)	2129920
17	1	N/A	-246.1607727860242	C25H30O12	[M - H2O + H]+	KXECYQPGZKXFOQ	InChI=1S/C25H30O12/c1-24(32)16(36-17(28)8-7-13-5-3-2-4-6-13)9-25(33)14(10-26)12-34-23(21(24)25)37-22-20(31)19(30)18(29)15(11-27)35-22/h2-8,10,12,15-16,18-23,27,29-33H,9,11H2,1H3	2-Propenoic acid, 3-phenyl-, (1S,4aR,6S,7R,7aS)-4-formyl-1-(beta-D-glucopyranosyloxy)-1,4a,5,6,7,7a-hexahydro-4a,7-dihydroxy-7-methylcyclopenta(c)pyran-6-yl ester, (2E)-	CC1(C(CC2(C1C(OC=C2C=O)OC3C(C(C(C(O3)CO)O)O)O)O)OC(=O)C=CC4=CC=CC=C4)O	-0.899999976	6440737	COCONUT:(CNP0328218);KNApSAcK:(10504);Natural Products:(UNPD91877);PubChem:(6440737);SuperNatural:(SN00394354)	3178514
18	1	N/A	-287.33303723535585	C25H30O12	[M - H2O + H]+	POHSETKCBNXRPE	InChI=1S/C25H30O12/c1-2-33-23(32)14-11-35-24(37-25-21(30)20(29)19(28)16(9-26)36-25)17-13(8-15(27)18(14)17)10-34-22(31)12-6-4-3-5-7-12/h3-8,11,15-21,24-30H,2,9-10H2,1H3	null	CCOC(=O)C1=COC(C2C1C(C=C2COC(=O)C3=CC=CC=C3)O)OC4C(C(C(C(O4)CO)O)O)O	-0.899999976	102384366	COCONUT:(CNP0203405);Natural Products:(UNPD161670);PubChem:(102384366);SuperNatural:(SN00403918)	3178498
19	1	N/A	-289.6457631817308	C25H30O12	[M - H2O + H]+	MMUMSXCTUGNSPV	InChI=1S/C25H30O12/c1-34-17-9-15(7-8-16(17)36-23-22(31)21(30)20(29)18(12-26)37-23)13-35-24(32)25(33,11-19(27)28)10-14-5-3-2-4-6-14/h2-9,18,20-23,26,29-31,33H,10-13H2,1H3,(H,27,28)	null	COC1=C(C=CC(=C1)COC(=O)C(CC2=CC=CC=C2)(CC(=O)O)O)OC3C(C(C(C(O3)CO)O)O)O	0.100000001	102333913	COCONUT:(CNP0128017);MeSH:(102333913);Natural Products:(UNPD211419);PubChem:(102333913);PubMed	2129990
20	1	N/A	-314.5548068619245	C25H30O12	[M - H2O + H]+	KTSPZJPSJGQOIQ	InChI=1S/C25H30O12/c26-10-18-20(31)21(32)22(33)24(36-18)37-23-19(30)17(29)11-34-25(23)35-16-8-13(7-15(28)9-16)2-1-12-3-5-14(27)6-4-12/h1-9,17-33H,10-11H2	null	C1C(C(C(C(O1)OC2=CC(=CC(=C2)O)C=CC3=CC=C(C=C3)O)OC4C(C(C(C(O4)CO)O)O)O)O)O	-0.200000003	25155595	COCONUT:(CNP0180583);KNApSAcK:(39677);Natural Products:(UNPD120872);PubChem:(25155595);SuperNatural:(SN00376624);PubMed	3178578
21	1	N/A	-316.3123717131735	C25H30O12	[M - H2O + H]+	VVLKDXOEHPRPBO	InChI=1S/C25H30O12/c1-34-18-8-12(2-4-15(18)27)6-14-11-35-24(32)25(14,33)9-13-3-5-17(16(28)7-13)36-23-22(31)21(30)20(29)19(10-26)37-23/h2-5,7-8,14,19-23,26-31,33H,6,9-11H2,1H3	2(3H)-Furanone, 4-[(3-methoxy-4-hydroxyphenyl)methyl]-3-[[4-(.beta.-D-glucopyranosyloxy)-3-hydroxyphenyl]methyl]dihydro-3-hydroxy-, (3S,4S)-	COC1=C(C=CC(=C1)CC2COC(=O)C2(CC3=CC(=C(C=C3)OC4C(C(C(C(O4)CO)O)O)O)O)O)O	0.400000006	6482078	COCONUT:(CNP0257586);Natural Products:(UNPD122829);PubChem:(6482078);SuperNatural:(SN00362944);PubMed	3178562
22	1	N/A	-328.31486452109766	C25H30O12	[M - H2O + H]+	LMKSVQINZMFLEW	InChI=1S/C25H30O12/c26-14-5-3-12(4-6-14)1-2-13-7-15(27)9-16(8-13)36-25-23(33)21(31)20(30)18(37-25)11-35-24-22(32)19(29)17(28)10-34-24/h1-9,17-33H,10-11H2	null	C1C(C(C(C(O1)OCC2C(C(C(C(O2)OC3=CC(=CC(=C3)O)C=CC4=CC=C(C=C4)O)O)O)O)O)O)O	-0.800000012	25155594;102193051	COCONUT:(CNP0278919);KNApSAcK:(39676);Natural Products:(UNPD149383);PubChem:(25155594 102193051);SuperNatural:(SN00358154);PubMed	3178578
23	1	N/A	-331.5223885304776	C25H30O12	[M - H2O + H]+	AXZMIAQIIFBOLT	InChI=1S/C25H30O12/c26-10-14-6-8-16(9-7-14)35-23-20(19(29)18(28)17(11-27)36-23)37-24-21(30)25(32,13-34-24)12-33-22(31)15-4-2-1-3-5-15/h1-9,17-21,23-24,26-30,32H,10-13H2	[(3S,4R,5S)-5-[(2S,3R,4S,5S,6R)-4,5-dihydroxy-6-(hydroxymethyl)-2-[4-(hydroxymethyl)phenoxy]oxan-3-yl]oxy-3,4-dihydroxyoxolan-3-yl]methyl benzoate	C1C(C(C(O1)OC2C(C(C(OC2OC3=CC=C(C=C3)CO)CO)O)O)O)(COC(=O)C4=CC=CC=C4)O	-0.699999988	11432415	COCONUT:(CNP0299574);KNApSAcK:(31700);Natural Products:(UNPD84348);PubChem:(11432415);SuperNatural:(SN00163324)	3178514
24	1	N/A	-357.87847359547334	C25H30O12	[M - H2O + H]+	LXSZCAUKBBTSFP	InChI=1S/C25H30O12/c1-13(18(35-15(3)26)14(2)11-16-7-5-4-6-8-16)9-10-24-17(27)12-23(37-24,21(30)31)25(34,22(32)33)19(36-24)20(28)29/h4-8,14,17-19,27,34H,1,9-12H2,2-3H3,(H,28,29)(H,30,31)(H,32,33)	5-(4-acetyloxy-5-methyl-3-methylidene-6-phenylhexyl)-2,6-dihydroxy-4,8-dioxabicyclo[3.2.1]octane-1,2,3-tricarboxylic acid	CC(CC1=CC=CC=C1)C(C(=C)CCC23C(CC(O2)(C(C(O3)C(=O)O)(C(=O)O)O)C(=O)O)O)OC(=O)C	1.79999995	10346655;19104622;57045612;67809955;101921603	COCONUT:(CNP0139191);Natural Products:(UNPD192858);PubChem:(10346655 19104622 57045612 67809955 101921603);SuperNatural:(SN00375171)	3178498
25	1	N/A	-386.8393004662607	C25H30O12	[M - H2O + H]+	MMVDOOAKJHDAMB	InChI=1S/C25H30O12/c1-10-8-16-18(11(2)22(28)36-16)21(37-24(30)25(6,31)12(3)33-13(4)26)20(34-14(5)27)15(23(29)32-7)9-17-19(10)35-17/h8-9,12,16-21,31H,2H2,1,3-7H3	methyl 4-(acetyloxy)-5-{[3-(acetyloxy)-2-hydroxy-2-methylbutanoyl]oxy}-10-methyl-6-methylidene-7-oxo-1a,4,5,5a,6,7,8a,10a-octahydrooxireno[7,8]cyclodeca[1,2-b]furan-3-carboxylate	CC1=CC2C(C(C(C(=CC3C1O3)C(=O)OC)OC(=O)C)OC(=O)C(C)(C(C)OC(=O)C)O)C(=C)C(=O)O2	0.200000003	181269;6081509;5359028;11953936;101316811	COCONUT:(CNP0243393);KNApSAcK:(3323);Natural Products:(UNPD17823 UNPD60167 UNPD36913 UNPD1116 UNPD58980);PubChem:(181269 6081509 5359028 11953936 101316811);SuperNatural:(SN00342713 SN00391206 SN00325402 SN00313832);CHEBI:(6726);KEGG:(C09501)	3178802
26	1	N/A	-402.54868416387075	C25H30O12	[M - H2O + H]+	AITJURLVYRYVII	InChI=1S/C25H30O12/c26-10-17-18(28)19(29)20(37-24-21(30)25(32,12-27)13-34-24)23(36-17)35-16-9-5-4-8-15(16)22(31)33-11-14-6-2-1-3-7-14/h1-9,17-21,23-24,26-30,32H,10-13H2	null	C1C(C(C(O1)OC2C(C(C(OC2OC3=CC=CC=C3C(=O)OCC4=CC=CC=C4)CO)O)O)O)(CO)O	-0.100000001	71524141	COCONUT:(CNP0123057);Natural Products:(UNPD219003);PubChem:(71524141)	2129922
27	1	N/A	-408.331067446329	C25H30O12	[M - H2O + H]+	XXCSCQVYTNDURK	InChI=1S/C25H30O12/c1-11-9-24(30)22-23(5,36-22)10-15-7-17(21(29)35-15)18(33-13(3)26)8-16(12(2)20(28)32-6)19(34-14(4)27)25(11,31)37-24/h7,9,15-16,18-19,22,30-31H,2,8,10H2,1,3-6H3	Bipinnatin M	CC1=CC2(C3C(O3)(CC4C=C(C(CC(C(C1(O2)O)OC(=O)C)C(=C)C(=O)OC)OC(=O)C)C(=O)O4)C)O	-0.5	24204496;101860750	COCONUT:(CNP0301959);KNApSAcK:(38597);Natural Products:(UNPD45184);PubChem:(24204496 101860750);SuperNatural:(SN00226474);PubMed	3178578
28	1	N/A	-414.963289191086	C25H30O12	[M - H2O + H]+	RKEWKGLURKYHJJ	InChI=1S/C25H30O12/c1-12(26)32-9-14-16(27)17(28)18(29)20(34-14)35-25-8-15-23(25,11-33-19(30)13-6-4-3-5-7-13)21-36-22(25,2)10-24(15,31)37-21/h3-7,14-18,20-21,27-29,31H,8-11H2,1-2H3	null	CC(=O)OCC1C(C(C(C(O1)OC23CC4C2(C5OC3(CC4(O5)O)C)COC(=O)C6=CC=CC=C6)O)O)O	-1.0	21575212	MeSH:(21575212);PubChem:(21575212);PubMed;CHEBI:(132815)	102
29	1	N/A	-441.0715307837043	C25H30O12	[M - H2O + H]+	JWDZOQCJIIPBOS	InChI=1S/C25H30O12/c1-33-16-5-10(4-13(27)24(16)34-2)12-9-36-14-7-17(25(35-3)22(31)18(14)20(12)29)37-15-6-11(8-26)19(28)23(32)21(15)30/h4-5,7,9,11,14-15,18-19,21,23,26-28,30-32H,6,8H2,1-3H3	null	COC1=CC(=CC(=C1OC)O)C2=COC3C=C(C(=C(C3C2=O)O)OC)OC4CC(C(C(C4O)O)O)CO	-0.0755802616	""	COCONUT:(CNP0156462);SuperNatural:(SN00162170)	3145728
30	1	N/A	-499.9921509739666	C25H30O12	[M - H2O + H]+	ZDBJNNBVIRSCJN	InChI=1S/C25H30O12/c1-9-12-6-14-24-8-34-25(22(32)33-5,19(24)17(21(31)37-14)36-11(3)27)20(30)15(29)18(24)23(12,4)7-13(28)16(9)35-10(2)26/h12,14-15,17-20,29-30H,6-8H2,1-5H3	null	CC1=C(C(=O)CC2(C1CC3C45C2C(C(C(C4C(C(=O)O3)OC(=O)C)(OC5)C(=O)OC)O)O)C)OC(=O)C	-0.410780787	10436763;70697720	COCONUT:(CNP0083943);MeSH:(10436763 70697720);PubChem:(10436763 70697720);PubMed;CHEBI:(65532)	2097254
31	1	N/A	-509.1024205502115	C25H30O12	[M - H2O + H]+	JRJWTHQYOKFMNP	InChI=1S/C25H30O12/c1-10-16(27)18(29)20(31)24(34-10)37-23-12-5-3-2-4-11(12)22(13-6-7-33-9-14(13)23)36-25-21(32)19(30)17(28)15(8-26)35-25/h2-7,10,15-21,24-32H,8-9H2,1H3	null	CC1C(C(C(C(O1)OC2=C3COC=CC3=C(C4=CC=CC=C42)OC5C(C(C(C(O5)CO)O)O)O)O)O)O	-0.600000024	133082019	COCONUT:(CNP0207125);PubChem:(133082019);CHEBI:(140715)	2097186
1	1	N/A	-149.98794001118293	C25H28O11	[M + H]+	VTQUQEWGIJRVHB	InChI=1S/C25H28O11/c26-10-17-20(28)21(29)22(30)25(35-17)36-24-19-14(7-8-15(19)16(12-34-24)23(31)32)11-33-18(27)9-6-13-4-2-1-3-5-13/h1-7,9,12,15,17,19-22,24-26,28-30H,8,10-11H2,(H,31,32)	null	C1C=C(C2C1C(=COC2OC3C(C(C(C(O3)CO)O)O)O)C(=O)O)COC(=O)C=CC4=CC=CC=C4	0.0	23786390	COCONUT:(CNP0283009 CNP0349076);PubChem:(23786390);SuperNatural:(SN00038734);ZINC bio:(ZINC38143600);additional;Training Set	3694594
2	1	N/A	-154.98773626618933	C25H28O11	[M + H]+	OVXNLDIJUODSJZ	InChI=1S/C25H28O11/c1-33-19-12-14(3-2-10-26)5-8-18(19)35-25-24(32)23(31)22(30)20(36-25)13-34-21(29)9-6-15-4-7-16(27)17(28)11-15/h2-9,11-12,20,22-28,30-32H,10,13H2,1H3	null	COC1=C(C=CC(=C1)C=CCO)OC2C(C(C(C(O2)COC(=O)C=CC3=CC(=C(C=C3)O)O)O)O)O	0.899999976	44606239	COCONUT:(CNP0320221);Natural Products:(UNPD81113);PubChem:(44606239);SuperNatural:(SN00301925);MeSH:(44606239);PubMed	3178566
3	1	N/A	-207.52980085108803	C25H28O11	[M + H]+	GHVKFCZLAMJIEW	InChI=1S/C25H28O11/c1-2-15-16-9-10-32-23(31)17(16)12-33-24(15)36-25-22(21(30)20(29)18(11-26)34-25)35-19(28)8-5-13-3-6-14(27)7-4-13/h2-8,12,15-16,18,20-22,24-27,29-30H,1,9-11H2	null	C=CC1C2CCOC(=O)C2=COC1OC3C(C(C(C(O3)CO)O)O)OC(=O)C=CC4=CC=C(C=C4)O	1.39999998	10529508	COCONUT:(CNP0319452);Natural Products:(UNPD110681);PubChem:(10529508);SuperNatural:(SN00384070)	3178498
4	1	N/A	-208.40125196857673	C25H28O11	[M + H]+	QQXTYICRPOOGAI	InChI=1S/C25H28O11/c26-10-16-13-34-23(36-24-22(31)21(30)20(29)17(11-27)35-24)19-15(8-9-25(16,19)32)12-33-18(28)7-6-14-4-2-1-3-5-14/h1-8,10,13,17,19-24,27,29-32H,9,11-12H2	null	C1C=C(C2C1(C(=COC2OC3C(C(C(C(O3)CO)O)O)O)C=O)O)COC(=O)C=CC4=CC=CC=C4	-0.600000024	10839220	COCONUT:(CNP0357427);Natural Products:(UNPD57482);PubChem:(10839220);SuperNatural:(SN00330796)	3178498
5	1	N/A	-209.04551094272722	C25H28O11	[M + H]+	ZDBJIEXNDRVUNP	InChI=1S/C25H28O11/c1-13-16(34-18(28)8-7-14-5-3-2-4-6-14)9-25(32)15(10-26)12-33-23(19(13)25)36-24-22(31)21(30)20(29)17(11-27)35-24/h2-8,10,12,16-17,19-24,27,29-32H,1,9,11H2	null	C=C1C(CC2(C1C(OC=C2C=O)OC3C(C(C(C(O3)CO)O)O)O)O)OC(=O)C=CC4=CC=CC=C4	-0.0311557781	""	COCONUT:(CNP0314496);Natural Products:(UNPD73448);SuperNatural:(SN00367897)	3178496
6	1	N/A	-213.34212605527784	C25H28O11	[M + H]+	OKQWLJRLPMYBTI	InChI=1S/C25H28O11/c1-25(2,34)8-7-14-15(26)10-13(11-16(14)27)4-3-12-5-6-18(17(28)9-12)35-24-21(31)19(29)20(30)22(36-24)23(32)33/h3-11,19-22,24,26-31,34H,1-2H3,(H,32,33)	null	CC(C)(C=CC1=C(C=C(C=C1O)C=CC2=CC(=C(C=C2)OC3C(C(C(C(O3)C(=O)O)O)O)O)O)O)O	1.60000002	131835327	HMDB:(129041);PubChem:(131835327);PubChem class - bio and metabolites	16777226
7	1	N/A	-213.95594726214756	C25H28O11	[M + H]+	BNHNQADMJDCLQA	InChI=1S/C25H28O11/c1-13(26)2-3-14-5-8-19(18(29)11-14)35-25-24(33)23(32)22(31)20(36-25)12-34-21(30)9-6-15-4-7-16(27)17(28)10-15/h4-11,20,22-25,27-29,31-33H,2-3,12H2,1H3	null	CC(=O)CCC1=CC(=C(C=C1)OC2C(C(C(C(O2)COC(=O)C=CC3=CC(=C(C=C3)O)O)O)O)O)O	0.699999988	10458788;101945298	COCONUT:(CNP0191434);Natural Products:(UNPD12704);PubChem:(10458788 101945298);SuperNatural:(SN00398811);MeSH:(10458788);PubMed	3178566
8	1	N/A	-214.51231064220858	C25H28O11	[M + H]+	GWDKPSNHMRUHAF	InChI=1S/C25H28O11/c1-25(2,34)8-7-14-16(27)9-13(10-17(14)28)4-3-12-5-6-15(26)18(11-12)35-24-21(31)19(29)20(30)22(36-24)23(32)33/h3-11,19-22,24,26-31,34H,1-2H3,(H,32,33)	null	CC(C)(C=CC1=C(C=C(C=C1O)C=CC2=CC(=C(C=C2)O)OC3C(C(C(C(O3)C(=O)O)O)O)O)O)O	1.60000002	131835328	HMDB:(129042);PubChem:(131835328);PubChem class - bio and metabolites	16777226
9	1	N/A	-217.72766271683983	C25H28O11	[M + H]+	NBBRWKVPJZPBDO	InChI=1S/C25H28O11/c1-25(2,34)8-7-14-16(27)10-13(4-3-12-5-6-15(26)17(28)9-12)11-18(14)35-24-21(31)19(29)20(30)22(36-24)23(32)33/h3-11,19-22,24,26-31,34H,1-2H3,(H,32,33)	null	CC(C)(C=CC1=C(C=C(C=C1OC2C(C(C(C(O2)C(=O)O)O)O)O)C=CC3=CC(=C(C=C3)O)O)O)O	1.60000002	131835326	HMDB:(129040);PubChem:(131835326);PubChem class - bio and metabolites	16777226
10	1	N/A	-218.12623777879284	C25H28O11	[M + H]+	JAWZNVQVFNJWEU	InChI=1S/C25H28O11/c1-11(2)3-6-14-16(27)7-12(8-17(14)28)4-5-13-9-18(29)19(10-15(13)26)35-25-22(32)20(30)21(31)23(36-25)24(33)34/h3-11,20-23,25-32H,1-2H3,(H,33,34)	null	CC(C)C=CC1=C(C=C(C=C1O)C=CC2=CC(=C(C=C2O)OC3C(C(C(C(O3)C(=O)O)O)O)O)O)O	2.5999999	131835340	HMDB:(129054);PubChem:(131835340);PubChem class - bio and metabolites	16777226
11	1	N/A	-218.37980950337553	C25H28O11	[M + H]+	RWKJHMWTPDTWPD	InChI=1S/C25H28O11/c1-11(2)3-7-14-15(26)10-13(18(28)19(14)29)6-4-12-5-8-17(16(27)9-12)35-25-22(32)20(30)21(31)23(36-25)24(33)34/h3-11,20-23,25-32H,1-2H3,(H,33,34)	null	CC(C)C=CC1=C(C=C(C(=C1O)O)C=CC2=CC(=C(C=C2)OC3C(C(C(C(O3)C(=O)O)O)O)O)O)O	2.5999999	131835333	HMDB:(129047);PubChem:(131835333);PubChem class - bio and metabolites	16777226
12	1	N/A	-220.32503063374656	C25H28O11	[M + H]+	FZQDHBNEAZMWMA	InChI=1S/C25H28O11/c1-11(2)3-7-14-16(27)10-13(18(28)19(14)29)6-4-12-5-8-15(26)17(9-12)35-25-22(32)20(30)21(31)23(36-25)24(33)34/h3-11,20-23,25-32H,1-2H3,(H,33,34)	null	CC(C)C=CC1=C(C=C(C(=C1O)O)C=CC2=CC(=C(C=C2)O)OC3C(C(C(C(O3)C(=O)O)O)O)O)O	2.5999999	131835334	HMDB:(129048);PubChem:(131835334);PubChem class - bio and metabolites	16777226
13	1	N/A	-221.03369917867502	C25H28O11	[M + H]+	TUJXNMDUVMNOCK	InChI=1S/C25H28O11/c1-11(2)3-6-14-16(27)7-12(8-17(14)28)4-5-13-9-19(18(29)10-15(13)26)35-25-22(32)20(30)21(31)23(36-25)24(33)34/h3-11,20-23,25-32H,1-2H3,(H,33,34)	null	CC(C)C=CC1=C(C=C(C=C1O)C=CC2=CC(=C(C=C2O)O)OC3C(C(C(C(O3)C(=O)O)O)O)O)O	2.5999999	131835341	HMDB:(129055);PubChem:(131835341);PubChem class - bio and metabolites	16777226
14	1	N/A	-222.37395790441633	C25H28O11	[M + H]+	NNHKJCSALSOKLU	InChI=1S/C25H28O11/c1-11(2)3-6-14-16(27)7-12(8-17(14)28)4-5-13-9-18(29)19(10-15(13)26)35-25-22(32)20(30)21(31)23(36-25)24(33)34/h3-5,7-10,20-23,25-32H,6H2,1-2H3,(H,33,34)	null	CC(=CCC1=C(C=C(C=C1O)C=CC2=CC(=C(C=C2O)OC3C(C(C(C(O3)C(=O)O)O)O)O)O)O)C	2.79999995	131832042	HMDB:(125563);PubChem:(131832042);PubChem class - bio and metabolites	16777226
15	1	N/A	-223.71870481220844	C25H28O11	[M + H]+	FRKMSLXVQWVHHR	InChI=1S/C25H28O11/c1-11(2)3-7-14-16(27)9-12(4-5-13-6-8-15(26)19(29)18(13)28)10-17(14)35-25-22(32)20(30)21(31)23(36-25)24(33)34/h3-11,20-23,25-32H,1-2H3,(H,33,34)	null	CC(C)C=CC1=C(C=C(C=C1OC2C(C(C(C(O2)C(=O)O)O)O)O)C=CC3=C(C(=C(C=C3)O)O)O)O	2.5999999	131835348	HMDB:(129062);PubChem:(131835348);PubChem class - bio and metabolites	16777226
16	1	N/A	-225.02648221244849	C25H28O11	[M + H]+	FHKBTCMHIZZMIP	InChI=1S/C25H28O11/c1-11(2)3-7-14-17(35-25-22(32)20(30)21(31)23(36-25)24(33)34)10-13(18(28)19(14)29)6-4-12-5-8-15(26)16(27)9-12/h3-11,20-23,25-32H,1-2H3,(H,33,34)	null	CC(C)C=CC1=C(C=C(C(=C1O)O)C=CC2=CC(=C(C=C2)O)O)OC3C(C(C(C(O3)C(=O)O)O)O)O	2.5999999	131835335	HMDB:(129049);PubChem:(131835335);PubChem class - bio and metabolites	16777226
17	1	N/A	-225.2814193042987	C25H28O11	[M + H]+	VJZIQEGTEDPIBU	InChI=1S/C25H28O11/c1-11(2)3-6-14-16(27)7-12(8-17(14)28)4-5-13-9-19(18(29)10-15(13)26)35-25-22(32)20(30)21(31)23(36-25)24(33)34/h3-5,7-10,20-23,25-32H,6H2,1-2H3,(H,33,34)	null	CC(=CCC1=C(C=C(C=C1O)C=CC2=CC(=C(C=C2O)O)OC3C(C(C(C(O3)C(=O)O)O)O)O)O)C	2.79999995	131832040	HMDB:(125561);PubChem:(131832040);PubChem class - bio and metabolites	16777226
18	1	N/A	-226.33650016811288	C25H28O11	[M + H]+	IKGAYQJRWASBHG	InChI=1S/C25H28O11/c1-11(2)3-6-14-16(27)7-12(4-5-13-9-17(28)18(29)10-15(13)26)8-19(14)35-25-22(32)20(30)21(31)23(36-25)24(33)34/h3-11,20-23,25-32H,1-2H3,(H,33,34)	null	CC(C)C=CC1=C(C=C(C=C1OC2C(C(C(C(O2)C(=O)O)O)O)O)C=CC3=CC(=C(C=C3O)O)O)O	2.5999999	131835339	HMDB:(129053);PubChem:(131835339);PubChem class - bio and metabolites	16777226
19	1	N/A	-226.39944281100705	C25H28O11	[M + H]+	UMMHTOWYCBPRGY	InChI=1S/C25H28O11/c1-11(2)3-6-14-15(26)7-12(8-16(14)27)4-5-13-9-17(28)22(18(29)10-13)35-25-21(32)19(30)20(31)23(36-25)24(33)34/h3-11,19-21,23,25-32H,1-2H3,(H,33,34)	null	CC(C)C=CC1=C(C=C(C=C1O)C=CC2=CC(=C(C(=C2)O)OC3C(C(C(C(O3)C(=O)O)O)O)O)O)O	2.5999999	131835345	HMDB:(129059);PubChem:(131835345);PubChem class - bio and metabolites	16777226
20	1	N/A	-227.96642493783196	C25H28O11	[M + H]+	OOKSDBBPIQJYNI	InChI=1S/C25H28O11/c1-11(2)3-7-14-16(27)9-12(4-5-13-6-8-15(26)19(29)18(13)28)10-17(14)35-25-22(32)20(30)21(31)23(36-25)24(33)34/h3-6,8-10,20-23,25-32H,7H2,1-2H3,(H,33,34)	null	CC(=CCC1=C(C=C(C=C1OC2C(C(C(C(O2)C(=O)O)O)O)O)C=CC3=C(C(=C(C=C3)O)O)O)O)C	2.79999995	131832046	HMDB:(125567);PubChem:(131832046);PubChem class - bio and metabolites	16777226
21	1	N/A	-230.58422029373622	C25H28O11	[M + H]+	OCLSYQFNOVWPQF	InChI=1S/C25H28O11/c1-11(2)3-6-14-16(27)7-12(4-5-13-9-17(28)18(29)10-15(13)26)8-19(14)35-25-22(32)20(30)21(31)23(36-25)24(33)34/h3-5,7-10,20-23,25-32H,6H2,1-2H3,(H,33,34)	null	CC(=CCC1=C(C=C(C=C1OC2C(C(C(C(O2)C(=O)O)O)O)O)C=CC3=CC(=C(C=C3O)O)O)O)C	2.79999995	131832041	HMDB:(125562);PubChem:(131832041);PubChem class - bio and metabolites	16777226
22	1	N/A	-230.61951271092147	C25H28O11	[M + H]+	VZFJWIVPDCSPAD	InChI=1S/C25H28O11/c1-11(2)3-6-14-15(26)7-12(8-16(14)27)4-5-13-9-17(28)19(29)18(10-13)35-25-22(32)20(30)21(31)23(36-25)24(33)34/h3-11,20-23,25-32H,1-2H3,(H,33,34)	null	CC(C)C=CC1=C(C=C(C=C1O)C=CC2=CC(=C(C(=C2)OC3C(C(C(C(O3)C(=O)O)O)O)O)O)O)O	2.5999999	131835343	HMDB:(129057);PubChem:(131835343);PubChem class - bio and metabolites	16777226
23	1	N/A	-231.48330508046726	C25H28O11	[M + H]+	FPILJVRBXYSXSF	InChI=1S/C25H28O11/c1-11(2)3-6-14-15(26)7-13(5-4-12-8-16(27)19(29)17(28)9-12)10-18(14)35-25-22(32)20(30)21(31)23(36-25)24(33)34/h3-11,20-23,25-32H,1-2H3,(H,33,34)	null	CC(C)C=CC1=C(C=C(C=C1OC2C(C(C(C(O2)C(=O)O)O)O)O)C=CC3=CC(=C(C(=C3)O)O)O)O	2.5999999	131835344	HMDB:(129058);PubChem:(131835344);PubChem class - bio and metabolites	16777226
24	1	N/A	-235.66735411209788	C25H28O11	[M + H]+	QYDLCCNTBDUAFD	InChI=1S/C25H28O11/c1-11(2)3-7-14-16(27)9-12(10-17(14)28)4-5-13-6-8-15(26)22(18(13)29)35-25-21(32)19(30)20(31)23(36-25)24(33)34/h3-11,19-21,23,25-32H,1-2H3,(H,33,34)	null	CC(C)C=CC1=C(C=C(C=C1O)C=CC2=C(C(=C(C=C2)O)OC3C(C(C(C(O3)C(=O)O)O)O)O)O)O	2.5999999	131835350	HMDB:(129064);PubChem:(131835350);PubChem class - bio and metabolites	16777226
25	1	N/A	-238.5248733034062	C25H28O11	[M + H]+	SQWORFWIWOOUKZ	InChI=1S/C25H28O11/c1-11(2)3-7-14-15(26)9-12(10-16(14)27)4-5-13-6-8-17(19(29)18(13)28)35-25-22(32)20(30)21(31)23(36-25)24(33)34/h3-11,20-23,25-32H,1-2H3,(H,33,34)	null	CC(C)C=CC1=C(C=C(C=C1O)C=CC2=C(C(=C(C=C2)OC3C(C(C(C(O3)C(=O)O)O)O)O)O)O)O	2.5999999	131835349	HMDB:(129063);PubChem:(131835349);PubChem class - bio and metabolites	16777226
26	1	N/A	-239.91507423772148	C25H28O11	[M + H]+	LDOACWDJDRAMIP	InChI=1S/C25H28O11/c1-11(2)3-7-14-16(27)9-12(10-17(14)28)4-5-13-6-8-15(26)22(18(13)29)35-25-21(32)19(30)20(31)23(36-25)24(33)34/h3-6,8-10,19-21,23,25-32H,7H2,1-2H3,(H,33,34)	null	CC(=CCC1=C(C=C(C=C1O)C=CC2=C(C(=C(C=C2)O)OC3C(C(C(C(O3)C(=O)O)O)O)O)O)O)C	2.79999995	131832045	HMDB:(125566);PubChem:(131832045);PubChem class - bio and metabolites	16777226
27	1	N/A	-241.15014949731452	C25H28O11	[M + H]+	WBPZNCHVMHZWPE	InChI=1S/C25H28O11/c1-13(26)2-3-15-5-8-17(28)19(11-15)35-25-24(33)23(32)22(31)20(36-25)12-34-21(30)9-6-14-4-7-16(27)18(29)10-14/h4-11,20,22-25,27-29,31-33H,2-3,12H2,1H3	null	CC(=O)CCC1=CC(=C(C=C1)O)OC2C(C(C(C(O2)COC(=O)C=CC3=CC(=C(C=C3)O)O)O)O)O	0.699999988	10940088	COCONUT:(CNP0406884);KNApSAcK:(32924);Natural Products:(UNPD176979);PubChem:(10940088);SuperNatural:(SN00293771)	3178514
28	1	N/A	-242.7725934290298	C25H28O11	[M + H]+	JKCBUGWUFYIGPZ	InChI=1S/C25H28O11/c1-11(2)3-7-14-15(26)9-12(10-16(14)27)4-5-13-6-8-17(19(29)18(13)28)35-25-22(32)20(30)21(31)23(36-25)24(33)34/h3-6,8-10,20-23,25-32H,7H2,1-2H3,(H,33,34)	null	CC(=CCC1=C(C=C(C=C1O)C=CC2=C(C(=C(C=C2)OC3C(C(C(C(O3)C(=O)O)O)O)O)O)O)O)C	2.79999995	131832047	HMDB:(125568);PubChem:(131832047);PubChem class - bio and metabolites	16777226
29	1	N/A	-243.40395994073742	C25H28O11	[M + H]+	RQUDJCAPSQKWPY	InChI=1S/C25H28O11/c1-11(2)3-6-14-15(26)7-12(8-16(14)27)4-5-13-9-17(28)18(29)10-19(13)35-25-22(32)20(30)21(31)23(36-25)24(33)34/h3-11,20-23,25-32H,1-2H3,(H,33,34)	null	CC(C)C=CC1=C(C=C(C=C1O)C=CC2=CC(=C(C=C2OC3C(C(C(C(O3)C(=O)O)O)O)O)O)O)O	2.5999999	131835338	HMDB:(129052);PubChem:(131835338);PubChem class - bio and metabolites	16777226
30	1	N/A	-246.00005284558716	C25H28O11	[M + H]+	YXSPZJXSFUZZIR	InChI=1S/C25H28O11/c1-11(2)3-7-14-16(27)9-12(10-17(14)28)4-5-13-6-8-15(26)18(29)22(13)35-25-21(32)19(30)20(31)23(36-25)24(33)34/h3-11,19-21,23,25-32H,1-2H3,(H,33,34)	null	CC(C)C=CC1=C(C=C(C=C1O)C=CC2=C(C(=C(C=C2)O)O)OC3C(C(C(C(O3)C(=O)O)O)O)O)O	2.5999999	131835347	HMDB:(129061);PubChem:(131835347);PubChem class - bio and metabolites	16777226
31	1	N/A	-247.65168006636102	C25H28O11	[M + H]+	ZVMYOTOKHCZSTO	InChI=1S/C25H28O11/c1-11(2)3-6-14-15(26)7-12(8-16(14)27)4-5-13-9-17(28)18(29)10-19(13)35-25-22(32)20(30)21(31)23(36-25)24(33)34/h3-5,7-10,20-23,25-32H,6H2,1-2H3,(H,33,34)	null	CC(=CCC1=C(C=C(C=C1O)C=CC2=CC(=C(C=C2OC3C(C(C(C(O3)C(=O)O)O)O)O)O)O)O)C	2.79999995	131832043	HMDB:(125564);PubChem:(131832043);PubChem class - bio and metabolites	16777226
32	1	N/A	-249.23553434056063	C25H28O11	[M + H]+	BAIGQAUOVFCIDH	InChI=1S/C25H28O11/c1-10(2)21-22(35-21)17-14(27)8-12(9-15(17)28)4-3-11-5-6-16(13(26)7-11)34-25-20(31)18(29)19(30)23(36-25)24(32)33/h3-10,18-23,25-31H,1-2H3,(H,32,33)	null	CC(C)C1C(O1)C2=C(C=C(C=C2O)C=CC3=CC(=C(C=C3)OC4C(C(C(C(O4)C(=O)O)O)O)O)O)O	2.0999999	131835360	HMDB:(129074);PubChem:(131835360);PubChem class - bio and metabolites	16777226
33	1	N/A	-250.24777297121076	C25H28O11	[M + H]+	UJOFGSOCIGWWNV	InChI=1S/C25H28O11/c1-11(2)3-7-14-16(27)9-12(10-17(14)28)4-5-13-6-8-15(26)18(29)22(13)35-25-21(32)19(30)20(31)23(36-25)24(33)34/h3-6,8-10,19-21,23,25-32H,7H2,1-2H3,(H,33,34)	null	CC(=CCC1=C(C=C(C=C1O)C=CC2=C(C(=C(C=C2)O)O)OC3C(C(C(C(O3)C(=O)O)O)O)O)O)C	2.79999995	131832048	HMDB:(125569);PubChem:(131832048);PubChem class - bio and metabolites	16777226
34	1	N/A	-250.3999229873271	C25H28O11	[M + H]+	HFPMVKXLCIGZMN	InChI=1S/C25H28O11/c1-11(2)3-5-14-16(27)7-12(8-17(14)28)4-6-15-18(29)9-13(26)10-19(15)35-25-22(32)20(30)21(31)23(36-25)24(33)34/h3-4,6-10,20-23,25-32H,5H2,1-2H3,(H,33,34)	null	CC(=CCC1=C(C=C(C=C1O)C=CC2=C(C=C(C=C2OC3C(C(C(C(O3)C(=O)O)O)O)O)O)O)O)C	2.79999995	131832037	HMDB:(125558);PubChem:(131832037);PubChem class - bio and metabolites	16777226
35	1	N/A	-250.4057189274914	C25H28O11	[M + H]+	CXXLOGXRSCHABO	InChI=1S/C25H28O11/c1-10(2)21-22(35-21)17-14(27)7-12(8-15(17)28)4-3-11-5-6-13(26)16(9-11)34-25-20(31)18(29)19(30)23(36-25)24(32)33/h3-10,18-23,25-31H,1-2H3,(H,32,33)	null	CC(C)C1C(O1)C2=C(C=C(C=C2O)C=CC3=CC(=C(C=C3)O)OC4C(C(C(C(O4)C(=O)O)O)O)O)O	2.0999999	131835361	HMDB:(129075);PubChem:(131835361);PubChem class - bio and metabolites	16777226
36	1	N/A	-252.24926429094617	C25H28O11	[M + H]+	OOYDGLMAKHQJSQ	InChI=1S/C25H28O11/c1-12(11-26)2-6-15-16(27)9-14(10-17(15)28)4-3-13-5-7-19(18(29)8-13)35-25-22(32)20(30)21(31)23(36-25)24(33)34/h2-10,12,20-23,25-32H,11H2,1H3,(H,33,34)	null	CC(CO)C=CC1=C(C=C(C=C1O)C=CC2=CC(=C(C=C2)OC3C(C(C(C(O3)C(=O)O)O)O)O)O)O	1.79999995	131835367	HMDB:(129081);PubChem:(131835367);PubChem class - bio and metabolites	16777226
37	1	N/A	-253.00393921433056	C25H28O11	[M + H]+	KXGKDDFWDYYBHA	InChI=1S/C25H28O11/c1-11(2)3-7-14-16(27)10-13(6-4-12-5-8-15(26)17(28)9-12)18(29)22(14)35-25-21(32)19(30)20(31)23(36-25)24(33)34/h3-11,19-21,23,25-32H,1-2H3,(H,33,34)	null	CC(C)C=CC1=C(C=C(C(=C1OC2C(C(C(C(O2)C(=O)O)O)O)O)O)C=CC3=CC(=C(C=C3)O)O)O	2.5999999	131835332	HMDB:(129046);PubChem:(131835332);PubChem class - bio and metabolites	16777226
38	1	N/A	-253.4194488778769	C25H28O11	[M + H]+	CYXWJLPFNFTOCJ	InChI=1S/C25H28O11/c1-12(11-26)2-6-15-17(28)8-14(9-18(15)29)4-3-13-5-7-16(27)19(10-13)35-25-22(32)20(30)21(31)23(36-25)24(33)34/h2-10,12,20-23,25-32H,11H2,1H3,(H,33,34)	null	CC(CO)C=CC1=C(C=C(C=C1O)C=CC2=CC(=C(C=C2)O)OC3C(C(C(C(O3)C(=O)O)O)O)O)O	1.79999995	131835368	HMDB:(129082);PubChem:(131835368);PubChem class - bio and metabolites	16777226
39	1	N/A	-253.62107100212268	C25H28O11	[M + H]+	GCPBPDSUGDUSQO	InChI=1S/C25H28O11/c1-10(2)21-22(35-21)17-15(28)8-12(4-3-11-5-6-13(26)14(27)7-11)9-16(17)34-25-20(31)18(29)19(30)23(36-25)24(32)33/h3-10,18-23,25-31H,1-2H3,(H,32,33)	null	CC(C)C1C(O1)C2=C(C=C(C=C2OC3C(C(C(C(O3)C(=O)O)O)O)O)C=CC4=CC(=C(C=C4)O)O)O	2.0999999	131835359	HMDB:(129073);PubChem:(131835359);PubChem class - bio and metabolites	16777226
40	1	N/A	-255.64930311326734	C25H28O11	[M + H]+	FONKIODCTZUTBM	InChI=1S/C25H28O11/c1-11(2)3-7-14-16(27)10-13(6-4-12-5-8-15(26)17(28)9-12)22(18(14)29)35-25-21(32)19(30)20(31)23(36-25)24(33)34/h3-11,19-21,23,25-32H,1-2H3,(H,33,34)	null	CC(C)C=CC1=C(C=C(C(=C1O)OC2C(C(C(C(O2)C(=O)O)O)O)O)C=CC3=CC(=C(C=C3)O)O)O	2.5999999	131835331	HMDB:(129045);PubChem:(131835331);PubChem class - bio and metabolites	16777226
41	1	N/A	-256.634800952508	C25H28O11	[M + H]+	DNRQEZKDSGSNNK	InChI=1S/C25H28O11/c1-12(11-26)2-6-15-17(28)9-14(4-3-13-5-7-16(27)18(29)8-13)10-19(15)35-25-22(32)20(30)21(31)23(36-25)24(33)34/h2-10,12,20-23,25-32H,11H2,1H3,(H,33,34)	null	CC(CO)C=CC1=C(C=C(C=C1OC2C(C(C(C(O2)C(=O)O)O)O)O)C=CC3=CC(=C(C=C3)O)O)O	1.79999995	131835366	HMDB:(129080);PubChem:(131835366);PubChem class - bio and metabolites	16777226
42	1	N/A	-258.6162966599336	C25H28O11	[M + H]+	DGXLBXMVDZIBCT	InChI=1S/C25H28O11/c1-11(2)3-5-15-16(27)7-12(4-6-14-17(28)9-13(26)10-18(14)29)8-19(15)35-25-22(32)20(30)21(31)23(36-25)24(33)34/h3-4,6-10,20-23,25-32H,5H2,1-2H3,(H,33,34)	null	CC(=CCC1=C(C=C(C=C1OC2C(C(C(C(O2)C(=O)O)O)O)O)C=CC3=C(C=C(C=C3O)O)O)O)C	2.79999995	131832038	HMDB:(125559);PubChem:(131832038);PubChem class - bio and metabolites	16777226
43	1	N/A	-259.7976113176637	C25H28O11	[M + H]+	NIFYATJDKISVSI	InChI=1S/C25H28O11/c1-10(2)3-5-13-14(26)8-12(9-15(13)27)22-21(35-22)11-4-6-17(16(28)7-11)34-25-20(31)18(29)19(30)23(36-25)24(32)33/h3-10,18-23,25-31H,1-2H3,(H,32,33)	null	CC(C)C=CC1=C(C=C(C=C1O)C2C(O2)C3=CC(=C(C=C3)OC4C(C(C(C(O4)C(=O)O)O)O)O)O)O	1.70000005	131835353	HMDB:(129067);PubChem:(131835353);PubChem class - bio and metabolites	16777226
44	1	N/A	-262.52260518541027	C25H28O11	[M + H]+	QSWANPPMWYGBPQ	InChI=1S/C25H28O11/c1-25(2)18(36-25)10-14-15(27)7-11(8-16(14)28)3-4-12-5-6-13(26)9-17(12)34-24-21(31)19(29)20(30)22(35-24)23(32)33/h3-9,18-22,24,26-31H,10H2,1-2H3,(H,32,33)	null	CC1(C(O1)CC2=C(C=C(C=C2O)C=CC3=C(C=C(C=C3)O)OC4C(C(C(C(O4)C(=O)O)O)O)O)O)C	1.79999995	131832057	HMDB:(125578);PubChem:(131832057);PubChem class - bio and metabolites	16777226
45	1	N/A	-265.685606594258	C25H28O11	[M + H]+	AGLFXTLQOYYFES	InChI=1S/C25H28O11/c1-10(2)3-5-13-15(27)8-12(22-21(35-22)11-4-6-14(26)16(28)7-11)9-17(13)34-25-20(31)18(29)19(30)23(36-25)24(32)33/h3-10,18-23,25-31H,1-2H3,(H,32,33)	null	CC(C)C=CC1=C(C=C(C=C1OC2C(C(C(C(O2)C(=O)O)O)O)O)C3C(O3)C4=CC(=C(C=C4)O)O)O	1.70000005	131835352	HMDB:(129066);PubChem:(131835352);PubChem class - bio and metabolites	16777226
46	1	N/A	-270.655991112726	C25H28O11	[M + H]+	MVTXGAKKLTYFFU	InChI=1S/C25H28O11/c1-11(2)3-8-15-16(27)9-13(18(28)19(15)29)5-4-12-6-7-14(26)10-17(12)35-25-22(32)20(30)21(31)23(36-25)24(33)34/h3-7,9-10,20-23,25-32H,8H2,1-2H3,(H,33,34)	null	CC(=CCC1=C(C=C(C(=C1O)O)C=CC2=C(C=C(C=C2)O)OC3C(C(C(C(O3)C(=O)O)O)O)O)O)C	2.79999995	131832034	HMDB:(125555);PubChem:(131832034);PubChem class - bio and metabolites	16777226
47	1	N/A	-273.59954381584396	C25H28O11	[M + H]+	UXZXJCKZONTHDT	InChI=1S/C25H28O11/c1-10(2)3-5-13-15(27)7-12(8-16(13)28)22-21(35-22)11-4-6-14(26)17(9-11)34-25-20(31)18(29)19(30)23(36-25)24(32)33/h3-10,18-23,25-31H,1-2H3,(H,32,33)	null	CC(C)C=CC1=C(C=C(C=C1O)C2C(O2)C3=CC(=C(C=C3)O)OC4C(C(C(C(O4)C(=O)O)O)O)O)O	1.70000005	131835354	HMDB:(129068);PubChem:(131835354);PubChem class - bio and metabolites	16777226
48	1	N/A	-274.496584221006	C25H28O11	[M + H]+	AMEHMFRAZCWQIZ	InChI=1S/C25H28O11/c1-25(2)18(36-25)10-14-16(28)7-11(3-4-12-5-6-13(26)9-15(12)27)8-17(14)34-24-21(31)19(29)20(30)22(35-24)23(32)33/h3-9,18-22,24,26-31H,10H2,1-2H3,(H,32,33)	null	CC1(C(O1)CC2=C(C=C(C=C2OC3C(C(C(C(O3)C(=O)O)O)O)O)C=CC4=C(C=C(C=C4)O)O)O)C	1.79999995	131832055	HMDB:(125576);PubChem:(131832055);PubChem class - bio and metabolites	16777226
49	1	N/A	-275.20502452154346	C25H28O11	[M + H]+	MHPWKMWQIOIJHD	InChI=1S/C25H28O11/c1-13(26)15-6-8-17(19(11-15)33-3)35-25-24(31)23(30)22(29)20(36-25)12-34-21(28)9-5-14-4-7-16(27)18(10-14)32-2/h4-11,20,22-25,27,29-31H,12H2,1-3H3	null	CC(=O)C1=CC(=C(C=C1)OC2C(C(C(C(O2)COC(=O)C=CC3=CC(=C(C=C3)O)OC)O)O)O)OC	1.10000002	73347939;86579697	COCONUT:(CNP0247103);Natural Products:(UNPD223679);PubChem:(73347939 86579697);PubMed	2129986
50	1	N/A	-277.98972633214186	C25H28O11	[M + H]+	QFHAGEYDALONBG	InChI=1S/C25H28O11/c1-10(2)3-5-13-15(27)7-11(8-16(13)28)21-22(35-21)14-6-4-12(26)9-17(14)34-25-20(31)18(29)19(30)23(36-25)24(32)33/h3-4,6-9,18-23,25-31H,5H2,1-2H3,(H,32,33)	null	CC(=CCC1=C(C=C(C=C1O)C2C(O2)C3=C(C=C(C=C3)O)OC4C(C(C(C(O4)C(=O)O)O)O)O)O)C	1.89999998	131832052	HMDB:(125573);PubChem:(131832052);PubChem class - bio and metabolites	16777226
51	1	N/A	-283.74632491160804	C25H28O11	[M + H]+	REQGHSPIMGGMDK	InChI=1S/C25H28O11/c1-11(2)3-5-14-16(26)7-12(8-17(14)27)4-6-15-18(28)9-13(10-19(15)29)35-25-22(32)20(30)21(31)23(36-25)24(33)34/h3-4,6-10,20-23,25-32H,5H2,1-2H3,(H,33,34)	null	CC(=CCC1=C(C=C(C=C1O)C=CC2=C(C=C(C=C2O)OC3C(C(C(C(O3)C(=O)O)O)O)O)O)O)C	2.79999995	131832039	HMDB:(125560);PubChem:(131832039);PubChem class - bio and metabolites	16777226
52	1	N/A	-286.7643509867529	C25H28O11	[M + H]+	ZNAFFNLFIRJVHR	InChI=1S/C25H28O11/c1-11(2)3-8-15-17(35-25-22(32)20(30)21(31)23(36-25)24(33)34)9-13(18(28)19(15)29)5-4-12-6-7-14(26)10-16(12)27/h3-7,9-10,20-23,25-32H,8H2,1-2H3,(H,33,34)	null	CC(=CCC1=C(C=C(C(=C1O)O)C=CC2=C(C=C(C=C2)O)O)OC3C(C(C(C(O3)C(=O)O)O)O)O)C	2.79999995	131832035	HMDB:(125556);PubChem:(131832035);PubChem class - bio and metabolites	16777226
53	1	N/A	-288.82550956018736	C25H28O11	[M + H]+	VHLRCBWDSVRKOW	InChI=1S/C25H28O11/c1-34-24-16(28)9-5-14(6-11-19(29)30)20(24)17(10-4-13-2-7-15(27)8-3-13)35-25-23(33)22(32)21(31)18(12-26)36-25/h2-11,17-18,21-23,25-28,31-33H,12H2,1H3,(H,29,30)	(Z)-3-[4-hydroxy-2-[(E)-3-(4-hydroxyphenyl)-1-[(2R,3R,4R,5S,6R)-3,4,5-trihydroxy-6-(hydroxymethyl)oxan-2-yl]oxyprop-2-enyl]-3-methoxyphenyl]prop-2-enoic acid	COC1=C(C=CC(=C1C(C=CC2=CC=C(C=C2)O)OC3C(C(C(C(O3)CO)O)O)O)C=CC(=O)O)O	1.0	5321279;22524496	COCONUT:(CNP0355593 CNP0413617);Natural Products:(UNPD60713);PubChem:(5321279 22524496);SuperNatural:(SN00163847 SN00404062)	3178498
54	1	N/A	-291.32470103076855	C25H28O11	[M + H]+	NLFRIENIDLWZJV	InChI=1S/C25H28O11/c1-10(2)3-5-13-15(27)7-11(21-22(35-21)14-6-4-12(26)9-16(14)28)8-17(13)34-25-20(31)18(29)19(30)23(36-25)24(32)33/h3-4,6-9,18-23,25-31H,5H2,1-2H3,(H,32,33)	null	CC(=CCC1=C(C=C(C=C1OC2C(C(C(C(O2)C(=O)O)O)O)O)C3C(O3)C4=C(C=C(C=C4)O)O)O)C	1.89999998	131832050	HMDB:(125571);PubChem:(131832050);PubChem class - bio and metabolites	16777226
55	1	N/A	-298.92343205624763	C25H28O11	[M + H]+	DBWAVYPSLZVPCG	InChI=1S/C25H28O11/c1-25(2)18(36-25)10-14-16(27)7-11(8-17(14)28)3-4-12-5-6-13(9-15(12)26)34-24-21(31)19(29)20(30)22(35-24)23(32)33/h3-9,18-22,24,26-31H,10H2,1-2H3,(H,32,33)	null	CC1(C(O1)CC2=C(C=C(C=C2O)C=CC3=C(C=C(C=C3)OC4C(C(C(C(O4)C(=O)O)O)O)O)O)O)C	1.79999995	131832056	HMDB:(125577);PubChem:(131832056);PubChem class - bio and metabolites	16777226
56	1	N/A	-302.7079263463494	C25H28O11	[M + H]+	XGTOHNSTWDGQLD	InChI=1S/C25H28O11/c1-11(2)3-8-15-17(28)9-13(5-4-12-6-7-14(26)10-16(12)27)18(29)22(15)35-25-21(32)19(30)20(31)23(36-25)24(33)34/h3-7,9-10,19-21,23,25-32H,8H2,1-2H3,(H,33,34)	null	CC(=CCC1=C(C=C(C(=C1OC2C(C(C(C(O2)C(=O)O)O)O)O)O)C=CC3=C(C=C(C=C3)O)O)O)C	2.79999995	131832032	HMDB:(125553);PubChem:(131832032);PubChem class - bio and metabolites	16777226
57	1	N/A	-307.0568179835632	C25H28O11	[M + H]+	ACQYEVNMYVYPEI	InChI=1S/C25H28O11/c1-11(2)3-8-15-17(27)9-13(18(28)19(15)29)5-4-12-6-7-14(10-16(12)26)35-25-22(32)20(30)21(31)23(36-25)24(33)34/h3-7,9-10,20-23,25-32H,8H2,1-2H3,(H,33,34)	null	CC(=CCC1=C(C=C(C(=C1O)O)C=CC2=C(C=C(C=C2)OC3C(C(C(C(O3)C(=O)O)O)O)O)O)O)C	2.79999995	131832033	HMDB:(125554);PubChem:(131832033);PubChem class - bio and metabolites	16777226
58	1	N/A	-308.19216122456845	C25H28O11	[M + H]+	LDTABXJQPODCEY	InChI=1S/C25H28O11/c1-11(2)3-8-15-17(28)9-13(5-4-12-6-7-14(26)10-16(12)27)22(18(15)29)35-25-21(32)19(30)20(31)23(36-25)24(33)34/h3-7,9-10,19-21,23,25-32H,8H2,1-2H3,(H,33,34)	null	CC(=CCC1=C(C=C(C(=C1O)OC2C(C(C(C(O2)C(=O)O)O)O)O)C=CC3=C(C=C(C=C3)O)O)O)C	2.79999995	131832031	HMDB:(125552);PubChem:(131832031);PubChem class - bio and metabolites	16777226
59	1	N/A	-314.3905532029792	C25H28O11	[M + H]+	SGWKGRZIVMGQIV	InChI=1S/C25H28O11/c1-10(2)3-5-13-15(26)7-11(8-16(13)27)21-22(35-21)14-6-4-12(9-17(14)28)34-25-20(31)18(29)19(30)23(36-25)24(32)33/h3-4,6-9,18-23,25-31H,5H2,1-2H3,(H,32,33)	null	CC(=CCC1=C(C=C(C=C1O)C2C(O2)C3=C(C=C(C=C3)OC4C(C(C(C(O4)C(=O)O)O)O)O)O)O)C	1.89999998	131832051	HMDB:(125572);PubChem:(131832051);PubChem class - bio and metabolites	16777226
60	1	N/A	-315.25699843257166	C25H28O11	[M + H]+	YTPCXYPJRFTDCG	InChI=1S/C25H28O11/c1-13(26)16-7-6-15(11-18(16)32-2)35-25-24(31)23(30)22(29)20(36-25)12-34-21(28)9-5-14-4-8-17(27)19(10-14)33-3/h4-11,20,22-25,27,29-31H,12H2,1-3H3	null	CC(=O)C1=C(C=C(C=C1)OC2C(C(C(C(O2)COC(=O)C=CC3=CC(=C(C=C3)O)OC)O)O)O)OC	1.44407964	""	COCONUT:(CNP0376270)	2097152
61	1	N/A	-359.22278550002085	C25H28O11	[M + H]+	WRXFNBLQLDCLSV	InChI=1S/C25H28O11/c26-7-19-20(28)21(29)22(30)25(36-19)35-16-3-1-11(5-15(16)27)23-13-8-32-24(14(13)9-31-23)12-2-4-17-18(6-12)34-10-33-17/h1-6,13-14,19-30H,7-10H2	null	C1C2C(COC2C3=CC4=C(C=C3)OCO4)C(O1)C5=CC(=C(C=C5)OC6C(C(C(C(O6)CO)O)O)O)O	0.300000012	102258114	COCONUT:(CNP0162713);Natural Products:(UNPD81813);PubChem:(102258114);SuperNatural:(SN00402630);KEGG Mine	8593113090
62	1	N/A	-365.45653794822965	C25H28O11	[M + H]+	RCMOKNQXQMXJQY	InChI=1S/C25H28O11/c1-32-18-11-13(8-9-16(18)26)23(30)34-12-19-20(27)21(28)22(29)25(36-19)33-10-4-7-17-14-5-2-3-6-15(14)24(31)35-17/h2-3,5-6,8-9,11,17,19-22,25-29H,4,7,10,12H2,1H3	null	COC1=C(C=CC(=C1)C(=O)OCC2C(C(C(C(O2)OCCCC3C4=CC=CC=C4C(=O)O3)O)O)O)O	1.60928917	""	COCONUT:(CNP0110697);Natural Products:(UNPD177333);SuperNatural:(SN00246533)	3178496
63	1	N/A	-369.65874622469954	C25H28O11	[M + H]+	JSOXYCORCVOYKK	InChI=1S/C25H28O11/c1-11-15(32-3)8-17(35-25-23(30)22(29)21(28)18(9-26)36-25)19-20(27)13(10-34-24(11)19)12-5-6-14(31-2)16(7-12)33-4/h5-8,10,18,21-23,25-26,28-30H,9H2,1-4H3	null	CC1=C2C(=C(C=C1OC)OC3C(C(C(C(O3)CO)O)O)O)C(=O)C(=CO2)C4=CC(=C(C=C4)OC)OC	1.29999995	131835818	HMDB:(129571);PubChem:(131835818);PubChem class - bio and metabolites	16777226
64	1	N/A	-439.0953635566797	C25H28O11	[M + H]+	AAMCJNYIOAHDFN	InChI=1S/C25H28O11/c1-9-19(29)12(26)5-14(36-9)10-3-4-11-16(20(10)30)22(32)17-13(27)6-24(34)8-23(2,33)7-15(28)25(24,35)18(17)21(11)31/h3-4,9,12-14,19,26-27,29-30,33-35H,5-8H2,1-2H3	Urdamycinone F	CC1C(C(CC(O1)C2=C(C3=C(C=C2)C(=O)C4=C(C3=O)C(CC5(C4(C(=O)CC(C5)(C)O)O)O)O)O)O)O	-2.20000005	443817;118701489	COCONUT:(CNP0025449);KEGG:(C12410);PubChem:(443817 118701489);SuperNatural:(SN00214096);CHEBI:(32284)	3146018
65	1	N/A	-440.7729646229399	C25H28O11	[M + H]+	PJKTVOKVIPHPQU	InChI=1S/C25H28O11/c1-11-17(26)19(28)20(29)25(34-11)36-22-15(31-3)10-14-16(23(22)32-4)18(27)24(33-5)21(35-14)12-6-8-13(30-2)9-7-12/h6-11,17,19-20,25-26,28-29H,1-5H3	6-Hydroxykaempferol 3,5,7,4''-tetramethyl ether 6-rhamnoside	CC1C(C(C(C(O1)OC2=C(C=C3C(=C2OC)C(=O)C(=C(O3)C4=CC=C(C=C4)OC)OC)OC)O)O)O	1.60000002	44259762;102317313	COCONUT:(CNP0344082);KNApSAcK:(13827);Natural Products:(UNPD32390);PubChem:(44259762 102317313);SuperNatural:(SN00258919)	3178514
66	1	N/A	-440.93286484795937	C25H28O11	[M + H]+	ZLACPIJRVKLLJM	InChI=1S/C25H28O11/c1-31-19-8-13(15(27)4-5-32-25-23(30)22(29)21(28)20(10-26)36-25)6-14-9-17(35-24(14)19)12-2-3-16-18(7-12)34-11-33-16/h2-3,6-9,15,20-23,25-30H,4-5,10-11H2,1H3	null	COC1=C2C(=CC(=C1)C(CCOC3C(C(C(C(O3)CO)O)O)O)O)C=C(O2)C4=CC5=C(C=C4)OCO5	1.0	23760123;102397349	COCONUT:(CNP0151495);Natural Products:(UNPD155419);PubChem:(23760123 102397349);SuperNatural:(SN00033027 SN00404551 SN00033029 SN00037233 SN00037232 SN00037230 SN00033028 SN00033030 SN00037231);ZINC bio:(ZINC15112220 ZINC15112222 ZINC15112225 ZINC15112228 ZINC35456607 ZINC35456612 ZINC35456617 ZINC35456621);additional;Training Set	3727362
67	1	N/A	-467.4021240161565	C25H28O11	[M + H]+	NJRMZLCAZRKLEM	InChI=1S/C25H28O11/c1-8-6-11-16-13(8)22-35-20-14(15(25(16,20)24(31)33-11)9-2-4-10(27)5-3-9)21(30)34-19-18(29)17(28)12(7-26)32-23(19)36-22/h2-5,8,11-20,22-23,26-29H,6-7H2,1H3	null	CC1CC2C3C1C4OC5C3(C(C5C(=O)OC6C(C(C(OC6O4)CO)O)O)C7=CC=C(C=C7)O)C(=O)O2	0.200000003	15484633;10391419;135017745;135032492;134938981	COCONUT:(CNP0168872);Natural Products:(UNPD167826);PubChem:(15484633 10391419 135017745 135032492 134938981);SuperNatural:(SN00253668);MeSH:(10391419 15484633);PubMed	3178566
68	1	N/A	-473.96916722655743	C25H28O11	[M + H]+	YASLDJVPZBRNGV	InChI=1S/C25H28O11/c1-4-10-7-11(34-25-19(28)17(26)18(27)23(36-25)24(29)30)8-15-16(10)20-13(9-33-15)12-5-6-14(31-2)22(32-3)21(12)35-20/h5-8,13,17-20,23,25-28H,4,9H2,1-3H3,(H,29,30)/p-1	null	CCC1=C2C3C(COC2=CC(=C1)OC4C(C(C(C(O4)C(=O)[O-])O)O)O)C5=C(O3)C(=C(C=C5)OC)OC	1.69164419	""	COCONUT:(CNP0056725 CNP0141301);SuperNatural:(SN00164408)	3145728
69	1	N/A	-483.6807189672369	C25H28O11	[M + H]+	ZFYBKKDWUKPQDX	InChI=1S/C25H28O11/c1-10-13(26)9-14(36-25-22(30)21(29)19(27)11(2)34-25)18-20(28)15(35-23(10)18)6-12-7-16(31-3)24(33-5)17(8-12)32-4/h6-9,11,19,21-22,25-27,29-30H,1-5H3	6-Hydroxy-7-methyl-3'',4'',5''-trimethoxyaurone 4-O-rhamnoside	CC1C(C(C(C(O1)OC2=C3C(=C(C(=C2)O)C)OC(=CC4=CC(=C(C(=C4)OC)OC)OC)C3=O)O)O)O	1.89999998	42607776	COCONUT:(CNP0163328);KNApSAcK:(14668);Natural Products:(UNPD215923 UNPD18869);PubChem:(42607776);SuperNatural:(SN00318002)	3178514
70	1	N/A	-484.97579041064284	C25H28O11	[M + H]+	JSFYFXORWHHVRW	InChI=1S/C25H28O11/c1-10-13(26)9-14-18(23(10)36-25-22(30)21(29)19(27)11(2)34-25)20(28)15(35-14)6-12-7-16(31-3)24(33-5)17(8-12)32-4/h6-9,11,19,21-22,25-27,29-30H,1-5H3	6-Hydroxy-5-methyl-3'',4'',5''-trimethoxyaurone-4-O-alpha-L-rhamnopyranoside	CC1C(C(C(C(O1)OC2=C(C(=CC3=C2C(=O)C(=CC4=CC(=C(C(=C4)OC)OC)OC)O3)O)C)O)O)O	1.89999998	42607775;101366686	COCONUT:(CNP0285671);KNApSAcK:(11146);Natural Products:(UNPD127867 UNPD179362 UNPD226470);PubChem:(42607775 101366686);SuperNatural:(SN00291299 SN00322352)	3178514
71	1	N/A	-486.1711255038939	C25H28O11	[M + H]+	FQFZNUKTSCMCQZ	InChI=1S/C25H28O11/c1-10(2)4-5-11-6-15(33-3)24-17(18(11)28)19(29)13-7-12(8-14(27)23(13)36-24)34-25-22(32)21(31)20(30)16(9-26)35-25/h4,6-8,16,20-22,25-28,30-32H,5,9H2,1-3H3	1,5-dihydroxy-4-methoxy-2-(3-methylbut-2-enyl)-7-[(2S,3R,4S,5S,6R)-3,4,5-trihydroxy-6-(hydroxymethyl)oxan-2-yl]oxyxanthen-9-one	CC(=CCC1=CC(=C2C(=C1O)C(=O)C3=C(O2)C(=CC(=C3)OC4C(C(C(C(O4)CO)O)O)O)O)OC)C	2.5	11968296;21550207	COCONUT:(CNP0209997);KNApSAcK:(37971);Natural Products:(UNPD102300);PubChem:(11968296 21550207);SuperNatural:(SN00304844);MeSH:(11968296);PubMed	3178582
72	1	N/A	-487.6598753009564	C25H28O11	[M + H]+	LJPSVKZHGZCTAI	InChI=1S/C25H28O11/c1-34-12-8-14-19(16(9-12)35-25-24(33)23(32)21(30)17(10-27)36-25)22(31)18-13(20(14)29)6-11(7-15(18)28)4-2-3-5-26/h6-9,17,21,23-28,30,32-33H,2-5,10H2,1H3	null	COC1=CC2=C(C(=C1)OC3C(C(C(C(O3)CO)O)O)O)C(=O)C4=C(C2=O)C=C(C=C4O)CCCCO	1.08021355	""	COCONUT:(CNP0381853);SuperNatural:(SN00171826)	3145728
73	1	N/A	-500.77212228416573	C25H28O11	[M + H]+	YXUMOROUVBISJG	InChI=1S/C25H28O11/c1-30-13-7-5-12(6-8-13)15-9-14(27)19-16(34-15)10-17(23(32-3)24(19)33-4)35-25-21(29)20(28)22(31-2)18(11-26)36-25/h5-10,18,20-22,25-26,28-29H,11H2,1-4H3	null	COC1C(OC(C(C1O)O)OC2=C(C(=C3C(=C2)OC(=CC3=O)C4=CC=C(C=C4)OC)OC)OC)CO	1.66693604	""	COCONUT:(CNP0151724);Natural Products:(UNPD142934);SuperNatural:(SN00267136)	3178496
74	1	N/A	-513.5747864704867	C25H28O11	[M + H]+	RNDAYVNSDZTQEQ	InChI=1S/C25H28O11/c1-11-7-18(28)22-25(5,36-22)10-15-8-17(24(31)35-15)19(33-13(3)26)9-16(12(2)23(30)32-6)21(20(11)29)34-14(4)27/h7-8,15-16,19,21-22H,2,9-10H2,1,3-6H3	Bipinnatin P	CC1=CC(=O)C2C(O2)(CC3C=C(C(CC(C(C1=O)OC(=O)C)C(=C)C(=O)OC)OC(=O)C)C(=O)O3)C	1.10000002	24853540;101860751	KNApSAcK:(38600);PubChem:(24853540 101860751);PubMed	82
75	1	N/A	-519.9109583961067	C25H28O11	[M + H]+	ZZKFDOQILIXHHH	InChI=1S/C25H28O11/c1-9-11-5-15(27)35-13(11)7-23(3)12(9)6-14-24-8-33-25(22(31)32-4,20(29)16(28)18(23)24)19(24)17(21(30)36-14)34-10(2)26/h5,7,9,12,14,16-20,28-29H,6,8H2,1-4H3	Sergiolide	CC1C2CC3C45COC(C4C(C(=O)O3)OC(=O)C)(C(C(C5C2(C=C6C1=CC(=O)O6)C)O)O)C(=O)OC	0.5	5201;134025;5458791;10051845;44575805;95906306;95906307;95906308;95906309	COCONUT:(CNP0215327);KNApSAcK:(3730);Natural Products:(UNPD123019);PubChem:(5201 134025 5458791 10051845 44575805 95906306 95906307 95906308 95906309);SuperNatural:(SN00292410);CHEBI:(9115);MeSH:(5201 134025 5458791 44575805);KEGG:(C08782);PubChem class - safety and toxic;PubMed	70287734
76	1	N/A	-539.6399710959525	C25H28O11	[M + H]+	NEDSAORRUXXBSA	InChI=1S/C25H28O11/c1-9-5-13-12(7-15(27)35-13)23(3)11(9)6-14-24-8-33-25(22(31)32-4,20(29)16(28)18(23)24)19(24)17(21(30)36-14)34-10(2)26/h5,7,9,11,14,16-20,28-29H,6,8H2,1-4H3	null	CC1C=C2C(=CC(=O)O2)C3(C1CC4C56C3C(C(C(C5C(C(=O)O4)OC(=O)C)(OC6)C(=O)OC)O)O)C	0.5	21603996;49798949	COCONUT:(CNP0077484);MeSH:(49798949);PubChem:(21603996 49798949);PubMed	2097222
77	1	N/A	-542.4421685173202	C25H28O11	[M + H]+	PUJQVOZVXPNBAG	InChI=1S/C25H28O11/c1-11-20(28)18(10-26)36-25(21(11)29)34-13-8-16(32-3)19-17(9-13)35-23(24(33-4)22(19)30)12-5-6-14(27)15(7-12)31-2/h5-9,11,18,20-21,25-29H,10H2,1-4H3	null	CC1C(C(OC(C1O)OC2=CC3=C(C(=C2)OC)C(=O)C(=C(O3)C4=CC(=C(C=C4)O)OC)OC)CO)O	1.97980344	""	COCONUT:(CNP0393309)	2097152
78	1	N/A	-546.6666393869357	C25H28O11	[M + H]+	NKMOZRNDIOCVKC	InChI=1S/C25H28O11/c1-11(9-26)21(29)33-16-8-25(5)15(17(12(2)27)23(31)36-25)6-7-24(4)20(35-24)19-18(16)14(22(30)34-19)10-32-13(3)28/h16,19-20,26H,1,6-10H2,2-5H3	null	CC(=O)C1=C2CCC3(C(O3)C4C(=C(C(=O)O4)COC(=O)C)C(CC2(OC1=O)C)OC(=O)C(=C)CO)C	0.667682111	""	COCONUT:(CNP0165497);Natural Products:(UNPD167742);SuperNatural:(SN00362080)	3178496
79	1	N/A	-569.3557805880031	C25H28O11	[M + H]+	SETTUTVEWZFWRZ	InChI=1S/C25H28O11/c1-10-7-15-20-24(5,35-20)9-16-21-25(36-21,23(29)34-16)17(31-12(3)26)8-14(11(2)22(28)30-6)19(18(10)33-15)32-13(4)27/h7,14,16-17,19-21H,2,8-9H2,1,3-6H3	Bipinnatin A	CC1=C2C(C(CC(C34C(O3)C(CC5(C(O5)C(=C1)O2)C)OC4=O)OC(=O)C)C(=C)C(=O)OC)OC(=O)C	1.20000005	196603;10413791;16717543;16052781;20407237;23426141;44311424;101607567;137322475	COCONUT:(CNP0212161);MeSH:(196603 101607567);KNApSAcK:(49430);PubChem:(196603 10413791 16717543 16052781 20407237 23426141 44311424 101607567 137322475);PubMed	2097238
80	1	N/A	-571.1973804280613	C25H28O11	[M + H]+	TXOCZPOCWZSCAS	InChI=1S/C25H28O11/c1-9(2)5-15(27)36-19-20-24-8-34-25(20,23(32)33-4)21(30)18(29)16(24)12-6-13(26)17(28)10(3)11(12)7-14(24)35-22(19)31/h5-6,12,14,16,18-21,26,29-30H,7-8H2,1-4H3	null	CC1=C2CC3C45COC(C4C(C(=O)O3)OC(=O)C=C(C)C)(C(C(C5C2C=C(C1=O)O)O)O)C(=O)OC	0.238852158	""	COCONUT:(CNP0121769);SuperNatural:(SN00163820)	3145728
1	2	N/A	-180.57821101511638	C23H30O11	[M + Na]+	COCNEZCGILVYSK	InChI=1S/C23H30O11/c1-31-16-7-11(3-5-14(16)26)13(9-24)22(12-4-6-15(27)17(8-12)32-2)34-23-21(30)20(29)19(28)18(10-25)33-23/h3-8,13,18-30H,9-10H2,1-2H3	(2R,3R,4S,5S,6R)-2-[(1R,2S)-3-hydroxy-1,2-bis(4-hydroxy-3-methoxyphenyl)propoxy]-6-(hydroxymethyl)oxane-3,4,5-triol	COC1=C(C=CC(=C1)C(CO)C(C2=CC(=C(C=C2)O)OC)OC3C(C(C(C(O3)CO)O)O)O)O	-0.200000003	21668725;21668726;45782988	COCONUT:(CNP0132479);Natural Products:(UNPD81335);PubChem:(21668725 21668726 45782988);SuperNatural:(SN00037185 SN00030976 SN00037184 SN00030973 SN00037183 SN00030974 SN00274170 SN00030975 SN00037182);ZINC bio:(ZINC14860158 ZINC14860159 ZINC14860160 ZINC14860161 ZINC35271359 ZINC35271363 ZINC35271367 ZINC35271371);additional;MeSH:(21668725 21668726);Training Set;PubMed	3727430
2	2	N/A	-187.74934613869482	C23H30O11	[M + Na]+	SUJSUXUCROGYLL	InChI=1S/C23H30O11/c1-31-16-7-11(3-5-14(16)26)13(9-24)19(27)12-4-6-15(17(8-12)32-2)33-23-22(30)21(29)20(28)18(10-25)34-23/h3-8,13,18-30H,9-10H2,1-2H3	(2S,3R,4S,5S,6R)-2-[4-[(1S,2R)-1,3-dihydroxy-2-(4-hydroxy-3-methoxyphenyl)propyl]-2-methoxyphenoxy]-6-(hydroxymethyl)oxane-3,4,5-triol	COC1=C(C=CC(=C1)C(CO)C(C2=CC(=C(C=C2)OC3C(C(C(C(O3)CO)O)O)O)OC)O)O	0.0890213475	11648692;11465803;101380606;101380607;101380608	COCONUT:(CNP0206799);Natural Products:(UNPD61163 UNPD154430);PubChem:(11648692 11465803 101380606 101380607 101380608);SuperNatural:(SN00384005 SN00346585)	3178498
3	2	N/A	-218.63322614498375	C23H30O11	[M + Na]+	HKSCUCBTXKVQSE	InChI=1S/C23H30O11/c24-14-5-7-23(31,8-6-14)9-10-32-22-21(30)20(29)19(28)17(34-22)12-33-18(27)4-2-13-1-3-15(25)16(26)11-13/h1-4,11,17,19-22,25-26,28-31H,5-10,12H2	null	C1CC(CCC1=O)(CCOC2C(C(C(C(O2)COC(=O)C=CC3=CC(=C(C=C3)O)O)O)O)O)O	-0.899999976	44179772	COCONUT:(CNP0222166);Natural Products:(UNPD103981);PubChem:(44179772);SuperNatural:(SN00274608)	3178498
4	2	N/A	-235.39137499654464	C23H30O11	[M + Na]+	TYZRNRJFBKBHEC	InChI=1S/C23H30O11/c1-23(29)9-14(32-20(28)11-3-5-12(30-2)6-4-11)13-7-8-31-21(16(13)23)34-22-19(27)18(26)17(25)15(10-24)33-22/h3-8,13-19,21-22,24-27,29H,9-10H2,1-2H3	[(1S,4aR,5R,7S,7aS)-7-hydroxy-7-methyl-1-[(2S,3R,4S,5S,6R)-3,4,5-trihydroxy-6-(hydroxymethyl)oxan-2-yl]oxy-4a,5,6,7a-tetrahydro-1H-cyclopenta[c]pyran-5-yl] 4-methoxybenzoate	CC1(CC(C2C1C(OC=C2)OC3C(C(C(C(O3)CO)O)O)O)OC(=O)C4=CC=C(C=C4)OC)O	0.0	11477204	COCONUT:(CNP0256107);KNApSAcK:(35964);Natural Products:(UNPD28347);PubChem:(11477204);SuperNatural:(SN00035638 SN00035637 SN00255546 SN00035639 SN00035636);ZINC bio:(ZINC71404453 ZINC71404454 ZINC71404455 ZINC71404456)	3186706
5	2	N/A	-235.55108775975032	C23H30O11	[M + Na]+	SKLNHYQQQAJIRY	InChI=1S/C23H30O11/c1-10-15(25)6-13-14(9-32-22(30)17(10)13)21(29)31-8-11-2-4-12(5-3-11)33-23-20(28)19(27)18(26)16(7-24)34-23/h2-5,9-10,13,15-20,22-28,30H,6-8H2,1H3	null	CC1C(CC2C1C(OC=C2C(=O)OCC3=CC=C(C=C3)OC4C(C(C(C(O4)CO)O)O)O)O)O	-0.0150978025	""	COCONUT:(CNP0121529);Natural Products:(UNPD113648 UNPD118090);SuperNatural:(SN00254007 SN00382553)	3178496
6	2	N/A	-247.54128229154352	C23H30O11	[M + Na]+	WOAKFBVOKJLJFX	InChI=1S/C23H30O11/c1-10-16(24)18(26)20(28)22(32-10)31-9-15-17(25)19(27)21(29)23(34-15)33-14-8-7-13(30-2)11-5-3-4-6-12(11)14/h3-8,10,15-29H,9H2,1-2H3	null	CC1C(C(C(C(O1)OCC2C(C(C(C(O2)OC3=CC=C(C4=CC=CC=C43)OC)O)O)O)O)O)O	-0.699999988	101033302	COCONUT:(CNP0213192);Natural Products:(UNPD147721);PubChem:(101033302);SuperNatural:(SN00391841)	3178498
7	2	N/A	-299.56434476116806	C23H30O11	[M + Na]+	TWGAMDGMZDWSAD	InChI=1S/C23H30O11/c1-8-4-13(32-10(3)25)16-9(2)22(30)34-21(16)17-11(5-12(26)15(8)17)7-31-23-20(29)19(28)18(27)14(6-24)33-23/h5,9,13-14,16-21,23-24,27-29H,4,6-7H2,1-3H3	null	CC1C2C(CC(=C3C(C2OC1=O)C(=CC3=O)COC4C(C(C(C(O4)CO)O)O)O)C)OC(=O)C	-1.60000002	72707492	COCONUT:(CNP0328295);Natural Products:(UNPD225845);PubChem:(72707492)	2129922
8	2	N/A	-319.130130299363	C23H30O11	[M + Na]+	HUBXVMAAQAACAK	InChI=1S/C23H30O11/c1-2-14(11-24)15(9-18(26)27)10-19(28)33-12-17-20(29)21(30)22(31)23(34-17)32-8-7-13-3-5-16(25)6-4-13/h2-6,11,15,17,20-23,25,29-31H,7-10,12H2,1H3,(H,26,27)	null	CC=C(C=O)C(CC(=O)O)CC(=O)OCC1C(C(C(C(O1)OCCC2=CC=C(C=C2)O)O)O)O	-0.600000024	56929880;101792574	COCONUT:(CNP0274868);Natural Products:(UNPD218409);PubChem:(56929880 101792574)	2129922
9	2	N/A	-322.7852217158419	C23H30O11	[M + Na]+	CEKJTYVWDDUTRS	InChI=1S/C23H30O11/c1-11-4-3-5-12(2)23(11,10-25)22(31)34-19-17(28)21(30)32-16(9-24)18(19)33-20(29)13-6-7-14(26)15(27)8-13/h4,6-8,12,16-19,21,24-28,30H,3,5,9-10H2,1-2H3	null	CC1CCC=C(C1(CO)C(=O)OC2C(C(OC(C2OC(=O)C3=CC(=C(C=C3)O)O)CO)O)O)C	0.757505834	""	COCONUT:(CNP0148624);Natural Products:(UNPD182991);SuperNatural:(SN00316718)	3178496
10	2	N/A	-325.8670113838826	C23H30O11	[M + Na]+	DBUHUWAIMGXDHQ	InChI=1S/C23H30O11/c1-21-8-7-14-22(20(33-21)34-23(14,29)10-21,11-30-18(28)12-5-3-2-4-6-12)32-19-17(27)16(26)15(25)13(9-24)31-19/h2-6,13-17,19-20,24-27,29H,7-11H2,1H3	null	CC12CCC3C(C1)(OC(C3(COC(=O)C4=CC=CC=C4)OC5C(C(C(C(O5)CO)O)O)O)O2)O	-0.600000024	6857788;16757918;53486337	COCONUT:(CNP0076584);PubChem:(6857788 16757918 53486337);SuperNatural:(SN00220537)	3145730
11	2	N/A	-393.22009720916475	C23H30O11	[M + Na]+	TWCMVXMQHSVIOJ	InChI=1S/C23H30O11/c1-8-5-11(25)17(27)21(3)10(8)6-12-22-7-32-23(20(30)31-4,18(28)13(26)15(21)22)16(22)14(19(29)34-12)33-9(2)24/h5,10-18,25-28H,6-7H2,1-4H3	null	CC1=CC(C(C2(C1CC3C45C2C(C(C(C4C(C(=O)O3)OC(=O)C)(OC5)C(=O)OC)O)O)C)O)O	-1.20724797	76318697	COCONUT:(CNP0188013);Natural Products:(UNPD35326);PubChem:(76318697);SuperNatural:(SN00290694);PubMed;KEGG Mine	8593113154
12	2	N/A	-407.8866993555307	C23H30O11	[M + Na]+	SIBQZDWSQUHXLT	InChI=1S/C23H30O11/c1-9(2)11-6-12-22-8-32-23(20(30)31-5,17(22)15(19(29)34-12)33-10(3)24)18(28)14(27)16(22)21(11,4)7-13(25)26/h11-12,14-18,27-28H,1,6-8H2,2-5H3,(H,25,26)	null	CC(=C)C1CC2C34COC(C3C(C(=O)O2)OC(=O)C)(C(C(C4C1(C)CC(=O)O)O)O)C(=O)OC	-0.279648751	""	COCONUT:(CNP0182233);Natural Products:(UNPD150884);SuperNatural:(SN00404604)	3178496