structureRankPerFormula	formulaRank	ConfidenceScore	CSI:FingerIDScore	molecularFormula	adduct	InChIkey2D	InChI	name	smiles	xlogp	pubchemids	links	dbflags
1	1	N/A	-123.75290980660448	C21H24O11	[M - H2O + H]+	QZELYOYSRXJAAN	InChI=1S/C21H24O11/c1-29-15-6-10(9-30-20(28)11-3-4-12(23)13(24)7-11)2-5-14(15)31-21-19(27)18(26)17(25)16(8-22)32-21/h2-7,16-19,21-27H,8-9H2,1H3	null	COC1=C(C=CC(=C1)COC(=O)C2=CC(=C(C=C2)O)O)OC3C(C(C(C(O3)CO)O)O)O	0.261904538	""	COCONUT:(CNP0040025);SuperNatural:(SN00033701)	3145728
2	1	N/A	-123.9488764183352	C21H24O11	[M - H2O + H]+	NDBVAHFGLKYPGP	InChI=1S/C21H24O11/c22-12-3-1-10(7-14(12)24)5-6-30-21-19(28)18(27)17(26)16(32-21)9-31-20(29)11-2-4-13(23)15(25)8-11/h1-4,7-8,16-19,21-28H,5-6,9H2	null	C1=CC(=C(C=C1CCOC2C(C(C(C(O2)COC(=O)C3=CC(=C(C=C3)O)O)O)O)O)O)O	0.200000003	10837332	COCONUT:(CNP0155219);Natural Products:(UNPD176753);PubChem:(10837332);SuperNatural:(SN00318742)	3178498
3	1	N/A	-125.1595581738766	C21H24O11	[M - H2O + H]+	AONTYURQWYQJNQ	InChI=1S/C21H24O11/c22-8-16-18(28)19(29)20(30)21(32-16)31-15-7-10(23)6-14(27)17(15)12(25)4-2-9-1-3-11(24)13(26)5-9/h1,3,5-7,16,18-24,26-30H,2,4,8H2	null	C1=CC(=C(C=C1CCC(=O)C2=C(C=C(C=C2OC3C(C(C(C(O3)CO)O)O)O)O)O)O)O	0.5	102068587	COCONUT:(CNP0293735);Natural Products:(UNPD149513);PubChem:(102068587);SuperNatural:(SN00309015);KEGG Mine	8593113090
4	1	N/A	-131.2019142282185	C21H24O11	[M - H2O + H]+	OXGCTSLHCSEIJA	InChI=1S/C21H24O11/c1-29-14-5-3-11(7-13(14)24)20(28)30-9-10-2-4-15(12(23)6-10)31-21-19(27)18(26)17(25)16(8-22)32-21/h2-7,16-19,21-27H,8-9H2,1H3	null	COC1=C(C=C(C=C1)C(=O)OCC2=CC(=C(C=C2)OC3C(C(C(C(O3)CO)O)O)O)O)O	0.261904538	101267903	COCONUT:(CNP0152612);Natural Products:(UNPD179105);PubChem:(101267903);SuperNatural:(SN00288624)	3178498
5	1	N/A	-140.3060069762117	C21H24O11	[M - H2O + H]+	AWNIZJLTUVSVCI	InChI=1S/C21H24O11/c1-29-15-7-11(3-4-12(15)23)20(28)30-9-10-2-5-14(13(24)6-10)31-21-19(27)18(26)17(25)16(8-22)32-21/h2-7,16-19,21-27H,8-9H2,1H3	vanilloylcalleryanin	COC1=C(C=CC(=C1)C(=O)OCC2=CC(=C(C=C2)OC3C(C(C(C(O3)CO)O)O)O)O)O	0.400000006	5315170;22524605	COCONUT:(CNP0169219);Natural Products:(UNPD22126);PubChem:(5315170 22524605);SuperNatural:(SN00160032);PubMed	3178562
6	1	N/A	-141.33142446200333	C21H24O11	[M - H2O + H]+	XJHMLSKQZFKMLL	InChI=1S/C21H24O11/c22-8-16-18(28)19(29)20(30)21(32-16)31-10-6-14(26)17(15(27)7-10)12(24)4-2-9-1-3-11(23)13(25)5-9/h1,3,5-7,16,18-23,25-30H,2,4,8H2	Sieboldin	C1=CC(=C(C=C1CCC(=O)C2=C(C=C(C=C2O)OC3C(C(C(C(O3)CO)O)O)O)O)O)O	0.5	42607701;44596244	COCONUT:(CNP0151329);KNApSAcK:(7993);Natural Products:(UNPD122812 UNPD75700);PubChem:(42607701 44596244);SuperNatural:(SN00284517 SN00226211);PubMed;KEGG Mine	8593113170
7	1	N/A	-143.56777602158303	C21H24O11	[M - H2O + H]+	JUWPDDCLNHOUNO	InChI=1S/C21H24O11/c1-28-14-7-10(3-5-12(14)23)20(27)30-9-16-17(24)18(25)19(26)21(32-16)31-13-6-4-11(22)8-15(13)29-2/h3-8,16-19,21-26H,9H2,1-2H3	null	COC1=C(C=CC(=C1)C(=O)OCC2C(C(C(C(O2)OC3=C(C=C(C=C3)O)OC)O)O)O)O	0.706892431	""	COCONUT:(CNP0317556);Natural Products:(UNPD197714)	2129920
8	1	N/A	-144.23238356694804	C21H24O11	[M - H2O + H]+	UEIWCDIFYPMJSO	InChI=1S/C21H24O11/c1-28-14-7-10(3-5-12(14)22)20(27)30-9-16-17(24)18(25)19(26)21(32-16)31-11-4-6-13(23)15(8-11)29-2/h3-8,16-19,21-26H,9H2,1-2H3	null	COC1=C(C=CC(=C1)C(=O)OCC2C(C(C(C(O2)OC3=CC(=C(C=C3)O)OC)O)O)O)O	0.699999988	71496293	COCONUT:(CNP0176472);Natural Products:(UNPD197715);PubChem:(71496293)	2129922
9	1	N/A	-144.65484694580036	C21H24O11	[M - H2O + H]+	ILCFBPOKGGZIAL	InChI=1S/C21H24O11/c22-8-15-17(28)18(29)19(30)21(31-15)32-20-12(24)6-5-11(16(20)27)14(26)7-13(25)9-1-3-10(23)4-2-9/h1-6,13,15,17-19,21-25,27-30H,7-8H2	null	C1=CC(=CC=C1C(CC(=O)C2=C(C(=C(C=C2)O)OC3C(C(C(C(O3)CO)O)O)O)O)O)O	-0.300000012	44566656	COCONUT:(CNP0324883);Natural Products:(UNPD87368);PubChem:(44566656);SuperNatural:(SN00354428);PubMed	3178562
10	1	N/A	-166.5072142066058	C21H24O11	[M - H2O + H]+	DIZYHORWVKHYCQ	InChI=1S/C21H24O11/c1-29-14-4-2-3-12(24)16(14)20(28)30-9-10-7-11(23)5-6-13(10)31-21-19(27)18(26)17(25)15(8-22)32-21/h2-7,15,17-19,21-27H,8-9H2,1H3	Curculigoside B	COC1=CC=CC(=C1C(=O)OCC2=C(C=CC(=C2)O)OC3C(C(C(C(O3)CO)O)O)O)O	0.899999976	132567;17760122;21716072;70237622	COCONUT:(CNP0223514);KNApSAcK:(31703);Natural Products:(UNPD173962 UNPD26829);PubChem:(132567 17760122 21716072 70237622);SuperNatural:(SN00265143 SN00159803);MeSH:(132567);PubMed	3178582
11	1	N/A	-166.76254771850742	C21H24O11	[M - H2O + H]+	PNALTUDNWNFWBW	InChI=1S/C21H24O11/c22-7-13-15(26)17(28)18(29)21(31-13)32-20-16(27)14-11(25)5-10(24)6-12(14)30-19(20)8-1-3-9(23)4-2-8/h1-6,13,15-29H,7H2	Leucopelargonidin 3-O-glucoside	C1=CC(=CC=C1C2C(C(C3=C(C=C(C=C3O2)O)O)O)OC4C(C(C(C(O4)CO)O)O)O)O	-0.899999976	44257152	COCONUT:(CNP0155799);KNApSAcK:(9015);Natural Products:(UNPD26210 UNPD107824);PubChem:(44257152);SuperNatural:(SN00355295 SN00382081)	3178514
12	1	N/A	-175.46208878399895	C21H24O11	[M - H2O + H]+	LMRXVMJMDFFRNT	InChI=1S/C21H24O11/c22-8-14-17(28)18(29)19(30)21(31-14)32-20-12(24)6-5-11(16(20)27)15(26)13(25)7-9-1-3-10(23)4-2-9/h1-6,13-14,17-19,21-25,27-30H,7-8H2	null	C1=CC(=CC=C1CC(C(=O)C2=C(C(=C(C=C2)O)OC3C(C(C(C(O3)CO)O)O)O)O)O)O	-0.257660329	""	COCONUT:(CNP0048448);SuperNatural:(SN00020150 SN00020151 SN00020153 SN00020152)	3145728
13	1	N/A	-176.91608568153546	C21H24O11	[M - H2O + H]+	YOVYWMDLYSJYPO	InChI=1S/C21H24O11/c22-7-16-17(27)18(28)19(29)21(32-16)31-15-6-10-12(25)4-9(23)5-14(10)30-20(15)8-1-2-11(24)13(26)3-8/h1-5,15-29H,6-7H2	Catechin 3-O-beta-D-glucopyranoside	C1C(C(OC2=CC(=CC(=C21)O)O)C3=CC(=C(C=C3)O)O)OC4C(C(C(C(O4)CO)O)O)O	-0.311804175	14104306;14104301;14104302;14104303;14104308;10161196;10225959;10275796;10297749;21626710;44257073;44257076;44257077;54519629;67378923;68227119;89876546;102460989;102460990;133556435;131999440	COCONUT:(CNP0203745);HMDB:(37943);KNApSAcK:(8842);Natural Products:(UNPD96029 UNPD16838 UNPD162364 UNPD2446 UNPD10756 UNPD127926 UNPD211335 UNPD176735);PubChem:(14104306 14104301 14104302 14104303 14104308 10161196 10225959 10275796 10297749 21626710 44257073 44257076 44257077 54519629 67378923 68227119 89876546 102460989 102460990 133556435 131999440);SuperNatural:(SN00029711 SN00029709 SN00029710 SN00394714 SN00302664 SN00302287 SN00279620 SN00029708);ZINC bio:(ZINC31165288 ZINC31165292 ZINC31165296 ZINC31165300);additional;PubChem class - bio and metabolites;Training Set;PubMed	20504666
14	1	N/A	-179.56902991191114	C21H24O11	[M - H2O + H]+	BHUHTEAJYSUNLI	InChI=1S/C21H24O11/c22-12-3-1-10(2-4-12)5-6-30-21-19(28)18(27)17(26)15(32-21)9-31-20(29)11-7-13(23)16(25)14(24)8-11/h1-4,7-8,15,17-19,21-28H,5-6,9H2	6''-O-Galloylsalidroside	C1=CC(=CC=C1CCOC2C(C(C(C(O2)COC(=O)C3=CC(=C(C(=C3)O)O)O)O)O)O)O	0.200000003	13270048	COCONUT:(CNP0396851);KNApSAcK:(33581);Natural Products:(UNPD112115 UNPD150266 UNPD50292 UNPD200820);PubChem:(13270048);SuperNatural:(SN00385068 SN00247738);PubMed	3178578
15	1	N/A	-182.09134259607694	C21H24O11	[M - H2O + H]+	RSRYGNXPKBDNFQ	InChI=1S/C21H24O11/c22-6-5-10-1-3-12(4-2-10)31-21-19(28)18(27)17(26)15(32-21)9-30-20(29)11-7-13(23)16(25)14(24)8-11/h1-4,7-8,15,17-19,21-28H,5-6,9H2	null	C1=CC(=CC=C1CCO)OC2C(C(C(C(O2)COC(=O)C3=CC(=C(C(=C3)O)O)O)O)O)O	0.30138877	""	COCONUT:(CNP0289876);Natural Products:(UNPD45700);SuperNatural:(SN00237695)	3178496
16	1	N/A	-185.53862903008908	C21H24O11	[M - H2O + H]+	VLFIBROLAXKPQK	InChI=1S/C21H24O11/c22-7-16-17(27)18(28)19(29)21(32-16)30-9-4-12(24)10-6-14(26)20(31-15(10)5-9)8-1-2-11(23)13(25)3-8/h1-5,14,16-29H,6-7H2	Catechin 7-glucoside	C1C(C(OC2=CC(=CC(=C21)O)OC3C(C(C(C(O3)CO)O)O)O)C4=CC(=C(C=C4)O)O)O	-0.311804175	10789789;14282767;14282768;21676369;25159065;44257085;44257086;54591241;69251803;90236747;102026340;101720556;122371970;132532205	COCONUT:(CNP0195978);HMDB:(37949);KNApSAcK:(8853);Natural Products:(UNPD168503 UNPD175364 UNPD191349 UNPD26970 UNPD120873);PubChem:(10789789 14282767 14282768 21676369 25159065 44257085 44257086 54591241 69251803 90236747 102026340 101720556 122371970 132532205);SuperNatural:(SN00323497 SN00029065 SN00390910 SN00391122 SN00322788);ZINC bio:(ZINC31160358);PubChem class - bio and metabolites;PubMed	19963994
17	1	N/A	-188.21205999080738	C21H24O11	[M - H2O + H]+	ZESJTWVSXGZYTD	InChI=1S/C21H24O11/c22-7-16-17(27)18(28)19(29)21(32-16)31-15-5-9(23)4-14-10(15)6-13(26)20(30-14)8-1-2-11(24)12(25)3-8/h1-5,13,16-29H,6-7H2	Catechin 5-O-beta-D-glucopyranoside	C1C(C(OC2=C1C(=CC(=C2)O)OC3C(C(C(C(O3)CO)O)O)O)C4=CC(=C(C=C4)O)O)O	-0.311804175	6324898;14345560;14345561;10343835;25158811;44257081;44257082;91227571;101720557;101431920;102295922;139326834	COCONUT:(CNP0207047);HMDB:(37948);KNApSAcK:(8846);Natural Products:(UNPD182150 UNPD99056 UNPD171444);PubChem:(6324898 14345560 14345561 10343835 25158811 44257081 44257082 91227571 101720557 101431920 102295922 139326834);SuperNatural:(SN00160879 SN00239318 SN00331452);PubChem class - bio and metabolites;PubMed	19955802
18	1	N/A	-188.70045204483586	C21H24O11	[M - H2O + H]+	LMLPGLGFMZTXHQ	InChI=1S/C21H24O11/c1-7-15(26)17(28)18(29)21(30-7)32-20-16(27)14-12(25)5-9(22)6-13(14)31-19(20)8-2-3-10(23)11(24)4-8/h2-7,15-29H,1H3	Catechin-4-ol 3-O-alpha-L-rhamnopyranoside	CC1C(C(C(C(O1)OC2C(C3=C(C=C(C=C3OC2C4=CC(=C(C=C4)O)O)O)O)O)O)O)O	-0.800000012	44257155	KNApSAcK:(9018);PubChem:(44257155);YMDB Mine;KEGG Mine	42949672978
19	1	N/A	-194.8260796029777	C21H24O11	[M - H2O + H]+	BQFNMUSWSUTBJD	InChI=1S/C21H24O11/c1-28-14-7-10(3-5-12(14)24)20(27)32-19-17(25)16(9-22)31-21(18(19)26)30-13-6-4-11(23)8-15(13)29-2/h3-8,16-19,21-26H,9H2,1-2H3	null	COC1=C(C=CC(=C1)C(=O)OC2C(C(OC(C2O)OC3=C(C=C(C=C3)O)OC)CO)O)O	0.706892431	71506508	COCONUT:(CNP0179219);Natural Products:(UNPD223380);PubChem:(71506508)	2129922
20	1	N/A	-196.56362577229729	C21H24O11	[M - H2O + H]+	LTDLFQZRSXJVAN	InChI=1S/C21H24O11/c22-7-16-17(27)18(28)19(29)21(32-16)31-14-2-1-8(3-12(14)25)20-13(26)6-10-11(24)4-9(23)5-15(10)30-20/h1-5,13,16-29H,6-7H2	Catechin 4''-O-beta-D-glucopyranoside	C1C(C(OC2=CC(=CC(=C21)O)O)C3=CC(=C(C=C3)OC4C(C(C(C(O4)CO)O)O)O)O)O	-0.311804175	14282772;25158813;44257089;100947852;122371969	COCONUT:(CNP0286826);KNApSAcK:(8856);Natural Products:(UNPD8731 UNPD156071);PubChem:(14282772 25158813 44257089 100947852 122371969);SuperNatural:(SN00273615 SN00226366)	3178514
21	1	N/A	-196.84850690642557	C21H24O11	[M - H2O + H]+	ZXFZKUOMBZFYFZ	InChI=1S/C21H24O11/c1-10-6-17(25)29-9-15(10)30-16(24)5-3-11-2-4-13(12(23)7-11)31-21-20(28)19(27)18(26)14(8-22)32-21/h2-7,14-15,18-23,26-28H,8-9H2,1H3	null	CC1=CC(=O)OCC1OC(=O)C=CC2=CC(=C(C=C2)OC3C(C(C(C(O3)CO)O)O)O)O	-0.00945189409	""	COCONUT:(CNP0220893);Natural Products:(UNPD131500 UNPD70202);SuperNatural:(SN00366037)	3178496
22	1	N/A	-197.22939615284903	C21H24O11	[M - H2O + H]+	ZZTOVZGFHZQEAT	InChI=1S/C21H24O11/c22-7-16-17(27)18(28)19(29)21(32-16)31-15-3-8(1-2-11(15)24)20-13(26)6-10-12(25)4-9(23)5-14(10)30-20/h1-5,13,16-29H,6-7H2	Catechin 3''-O-beta-D-glucopyranoside	C1C(C(OC2=CC(=CC(=C21)O)O)C3=CC(=C(C=C3)O)OC4C(C(C(C(O4)CO)O)O)O)O	-0.311804175	21626705;25158812;44257088;68663937;73813317;102026326;101656434;101431919;122706219;131750793;139326836	COCONUT:(CNP0385458);HMDB:(29164 37946);KNApSAcK:(8855);Natural Products:(UNPD22174 UNPD79443);PubChem:(21626705 25158812 44257088 68663937 73813317 102026326 101656434 101431919 122706219 131750793 139326836);SuperNatural:(SN00346330 SN00227503);PubChem class - bio and metabolites;Plantcyc:(CPD-19110);PubMed;Biocyc:(CPD-19110)	20088922
23	1	N/A	-203.50121169757992	C21H24O11	[M - H2O + H]+	JZBPBBXZPIGLFM	InChI=1S/C21H24O11/c1-29-10-6-12(24)16(17(25)9-3-4-11(23)13(5-9)30-2)14(7-10)31-21-20(28)19(27)18(26)15(8-22)32-21/h3-7,15,18-24,26-28H,8H2,1-2H3	null	COC1=CC(=C(C(=C1)OC2C(C(C(C(O2)CO)O)O)O)C(=O)C3=CC(=C(C=C3)O)OC)O	0.899999976	71623336	COCONUT:(CNP0124292);Natural Products:(UNPD217060);PubChem:(71623336)	2129922
24	1	N/A	-203.8753557205068	C21H24O11	[M - H2O + H]+	IGIDPVZGPFZHQH	InChI=1S/C21H24O11/c22-8-14-16(27)18(29)19(30)21(31-14)32-20-13(26)7-12(25)15(17(20)28)11(24)6-3-9-1-4-10(23)5-2-9/h1-2,4-5,7,14,16,18-19,21-23,25-30H,3,6,8H2	null	C1=CC(=CC=C1CCC(=O)C2=C(C(=C(C=C2O)O)OC3C(C(C(C(O3)CO)O)O)O)O)O	0.5	102467789	COCONUT:(CNP0200394);Natural Products:(UNPD143689);PubChem:(102467789);SuperNatural:(SN00357832)	3178498
25	1	N/A	-204.15520178592732	C21H24O11	[M - H2O + H]+	LNVWGAALAQOWHF	InChI=1S/C21H24O11/c22-7-14-18(29)19(30)20(31)21(32-14)15-11(24)4-2-9(17(15)28)16(27)13(26)6-8-1-3-10(23)12(25)5-8/h1-5,13-14,18-26,28-31H,6-7H2	Coatline B	C1=CC(=C(C=C1CC(C(=O)C2=C(C(=C(C=C2)O)C3C(C(C(C(O3)CO)O)O)O)O)O)O)O	-0.400000006	21722190;38362081;42607720;102224313;133556525	COCONUT:(CNP0138831);KNApSAcK:(6116);Natural Products:(UNPD193300);PubChem:(21722190 38362081 42607720 102224313 133556525);SuperNatural:(SN00030191);ZINC bio:(ZINC31168395);additional;Training Set	3727378
26	1	N/A	-207.59227279881713	C21H24O11	[M - H2O + H]+	CLYHUDQKDDCBDH	InChI=1S/C21H24O11/c22-10-3-1-2-9(4-10)5-11(23)6-13-14(25)7-12(24)8-15(13)31-21-18(28)16(26)17(27)19(32-21)20(29)30/h1-4,7-8,11,16-19,21-28H,5-6H2,(H,29,30)	null	C1=CC(=CC(=C1)O)CC(CC2=C(C=C(C=C2OC3C(C(C(C(O3)C(=O)O)O)O)O)O)O)O	0.5	131834078	HMDB:(127749);PubChem:(131834078);PubChem class - bio and metabolites	16777226
27	1	N/A	-207.59395512619525	C21H24O11	[M - H2O + H]+	VCPUQYKWJRESOC	InChI=1S/C21H24O11/c22-7-14-17(28)19(30)20(31)21(32-14)16-13(27)6-12(26)15(18(16)29)10(24)4-2-8-1-3-9(23)11(25)5-8/h1,3,5-6,14,17,19-23,25-31H,2,4,7H2	3-(3,4-Dihydroxyphenyl)-1-(3-beta-D-glucopyranosyl-2,4,6-trihydroxyphenyl)-1-propanone	C1=CC(=C(C=C1CCC(=O)C2=C(C=C(C(=C2O)C3C(C(C(C(O3)CO)O)O)O)O)O)O)O	-0.200000003	11282394;16752601;88939844	COCONUT:(CNP0176602);HMDB:(30851);KNApSAcK:(6096);Natural Products:(UNPD3258);PubChem:(11282394 16752601 88939844);SuperNatural:(SN00378635);CHEBI:(79078);PubChem class - bio and metabolites;MeSH:(11282394 16752601);PubChem class - safety and toxic;PubMed	87064702
28	1	N/A	-214.95351164900146	C21H24O11	[M - H2O + H]+	DZGFKDBOJHRIFR	InChI=1S/C21H24O11/c1-11(22)27-10-16-17(28-12(2)23)18(29-13(3)24)19(30-14(4)25)21(31-16)32-20(26)15-8-6-5-7-9-15/h5-9,16-19,21H,10H2,1-4H3	[(2S,3R,4S,5R,6R)-3,4,5-triacetyloxy-6-(acetyloxymethyl)oxan-2-yl] Benzoate	CC(=O)OCC1C(C(C(C(O1)OC(=O)C2=CC=CC=C2)OC(=O)C)OC(=O)C)OC(=O)C	0.901003361	12900808;12900809;11730104;129803385	COCONUT:(CNP0278256);Natural Products:(UNPD21210 UNPD148847);PubChem:(12900808 12900809 11730104 129803385);SuperNatural:(SN00285133 SN00351889)	3178498
29	1	N/A	-217.31073948901638	C21H24O11	[M - H2O + H]+	YIJNZIXWHVONBS	InChI=1S/C21H24O11/c22-8-14-16(27)18(29)19(30)21(31-14)32-20-13(26)7-12(25)15(17(20)28)11(24)6-3-9-1-4-10(23)5-2-9/h1-7,11,14,16,18-19,21-30H,8H2	null	C1=CC(=CC=C1C=CC(C2=C(C(=C(C=C2O)O)OC3C(C(C(C(O3)CO)O)O)O)O)O)O	0.300000012	131751229	COCONUT:(CNP0090635);HMDB:(31967);PubChem:(131751229);PubChem class - bio and metabolites	18874378
30	1	N/A	-223.62022553220368	C21H24O11	[M - H2O + H]+	MJKRDLMPYUENAA	InChI=1S/C21H24O11/c22-11-1-3-13(4-2-11)31-20-19(28)18(27)17(26)14(32-20)10-30-16(25)6-8-21(29)7-5-12(23)9-15(21)24/h1-8,12,14,17-20,22-23,26-29H,9-10H2	Robustaside E	C1C(C=CC(C1=O)(C=CC(=O)OCC2C(C(C(C(O2)OC3=CC=C(C=C3)O)O)O)O)O)O	-1.39999998	50994836	COCONUT:(CNP0313302);Natural Products:(UNPD71816);PubChem:(50994836);CHEBI:(70143);MeSH:(50994836);PubMed	2130022
31	1	N/A	-223.62874874242115	C21H24O11	[M - H2O + H]+	RTZGFWMYQSHAEQ	InChI=1S/C21H24O11/c1-28-14-8-12(7-13(23)19(14)29-2)31-21-18(26)17(25)16(24)15(32-21)9-30-20(27)10-3-5-11(22)6-4-10/h3-8,15-18,21-26H,9H2,1-2H3	null	COC1=CC(=CC(=C1OC)O)OC2C(C(C(C(O2)COC(=O)C3=CC=C(C=C3)O)O)O)O	0.699999988	71497661	COCONUT:(CNP0222698);Natural Products:(UNPD229418);PubChem:(71497661)	2129922
32	1	N/A	-228.8991182322452	C21H24O11	[M - H2O + H]+	IMCNWTRNSWRRIH	InChI=1S/C21H24O11/c22-10(6-13-14(24)7-11(23)8-15(13)25)4-9-2-1-3-12(5-9)31-21-18(28)16(26)17(27)19(32-21)20(29)30/h1-3,5,7-8,10,16-19,21-28H,4,6H2,(H,29,30)	null	C1=CC(=CC(=C1)OC2C(C(C(C(O2)C(=O)O)O)O)O)CC(CC3=C(C=C(C=C3O)O)O)O	0.5	131834080	HMDB:(127751);PubChem:(131834080);PubChem class - bio and metabolites	16777226
33	1	N/A	-230.02750624193413	C21H24O11	[M - H2O + H]+	KSOWHVQOWQYKAL	InChI=1S/C21H24O11/c1-30-11-5-8(3-4-9(11)23)16(25)14-10(24)6-12(31-2)15(18(14)27)21-20(29)19(28)17(26)13(7-22)32-21/h3-6,13,17,19-24,26-29H,7H2,1-2H3	null	COC1=C(C=CC(=C1)C(=O)C2=C(C(=C(C=C2O)OC)C3C(C(C(C(O3)CO)O)O)O)O)O	0.200000003	46206549;90392297	COCONUT:(CNP0126126);Natural Products:(UNPD214468);PubChem:(46206549 90392297)	2129922
34	1	N/A	-231.01213477063644	C21H24O11	[M - H2O + H]+	QEJYOHJPTCBKEB	InChI=1S/C21H24O11/c22-9-15-17(27)19(32-20(29)11-7-13(24)16(26)14(25)8-11)18(28)21(31-15)30-6-5-10-1-3-12(23)4-2-10/h1-4,7-8,15,17-19,21-28H,5-6,9H2	[(2R,3R,4S,5R,6R)-3,5-dihydroxy-2-(hydroxymethyl)-6-[2-(4-hydroxyphenyl)ethoxy]oxan-4-yl] 3,4,5-trihydroxybenzoate	C1=CC(=CC=C1CCOC2C(C(C(C(O2)CO)O)OC(=O)C3=CC(=C(C(=C3)O)O)O)O)O	0.699999988	21669997	COCONUT:(CNP0351427);Natural Products:(UNPD29937 UNPD68783);PubChem:(21669997);SuperNatural:(SN00233652 SN00279118)	3178498
35	1	N/A	-240.46471010488892	C21H24O11	[M - H2O + H]+	ALRJCMWGVUCDIM	InChI=1S/C21H24O11/c22-10-3-1-2-9(4-10)5-11(23)6-13-14(24)7-12(8-15(13)25)31-21-18(28)16(26)17(27)19(32-21)20(29)30/h1-4,7-8,11,16-19,21-28H,5-6H2,(H,29,30)	null	C1=CC(=CC(=C1)O)CC(CC2=C(C=C(C=C2O)OC3C(C(C(C(O3)C(=O)O)O)O)O)O)O	0.5	131834079	HMDB:(127750);PubChem:(131834079);PubChem class - bio and metabolites	16777226
36	1	N/A	-255.0232812538273	C21H24O11	[M - H2O + H]+	DOSNLWKBDZEVFE	InChI=1S/C21H24O11/c1-30-11-4-3-8(5-12(11)31-2)16(25)14-9(23)6-10(24)15(18(14)27)21-20(29)19(28)17(26)13(7-22)32-21/h3-6,13,17,19-24,26-29H,7H2,1-2H3	null	COC1=C(C=C(C=C1)C(=O)C2=C(C=C(C(=C2O)C3C(C(C(C(O3)CO)O)O)O)O)O)OC	0.200000003	10742268	COCONUT:(CNP0203511);MeSH:(10742268);Natural Products:(UNPD177872);PubChem:(10742268);PubMed	2129990
37	1	N/A	-256.4500681418189	C21H24O11	[M - H2O + H]+	ROQVNFSXTFGNBQ	InChI=1S/C21H24O11/c1-8(2)17(31-21-16(26)14(24)15(25)19(32-21)20(27)28)13(23)12-10(29-3)6-4-9-5-7-11(22)30-18(9)12/h4-7,13-17,19,21,23-26H,1H2,2-3H3,(H,27,28)	null	CC(=C)C(C(C1=C(C=CC2=C1OC(=O)C=C2)OC)O)OC3C(C(C(C(O3)C(=O)O)O)O)O	0.300000012	131836764	HMDB:(132716);PubChem:(131836764);PubChem class - bio and metabolites	16777226
38	1	N/A	-264.23779789531335	C21H24O11	[M - H2O + H]+	PWMSPKVTJLJDDS	InChI=1S/C21H24O11/c22-6-14-17(28)18(29)19(30)21(32-14)15-11(25)5-13-8(16(15)27)4-12(26)20(31-13)7-1-2-9(23)10(24)3-7/h1-3,5,12,14,17-30H,4,6H2	6-C-Glucopyranosylcatechin	C1C(C(OC2=C1C(=C(C(=C2)O)C3C(C(C(C(O3)CO)O)O)O)O)C4=CC(=C(C=C4)O)O)O	-1.0	16095188;16095192;21626712;21626716;24871934;44257065;44257067;59010767;101525468;102263680;102263677;123744181;131752183	COCONUT:(CNP0193786);HMDB:(37399 37400);KNApSAcK:(6356);Natural Products:(UNPD140140 UNPD142844 UNPD153767 UNPD12129);PubChem:(16095188 16095192 21626712 21626716 24871934 44257065 44257067 59010767 101525468 102263680 102263677 123744181 131752183);SuperNatural:(SN00383317 SN00333004 SN00361600 SN00398178);PubChem class - bio and metabolites;PubMed	19955802
39	1	N/A	-265.5683224230539	C21H24O11	[M - H2O + H]+	CYOMLWHMAUNSEB	InChI=1S/C21H24O11/c1-8(2)13(23)18(31-21-16(26)14(24)15(25)19(32-21)20(27)28)12-10(29-3)6-4-9-5-7-11(22)30-17(9)12/h4-7,13-16,18-19,21,23-26H,1H2,2-3H3,(H,27,28)	null	CC(=C)C(C(C1=C(C=CC2=C1OC(=O)C=C2)OC)OC3C(C(C(C(O3)C(=O)O)O)O)O)O	0.300000012	131836763	HMDB:(132715);PubChem:(131836763);PubChem class - bio and metabolites	16777226
40	1	N/A	-271.62535349470846	C21H24O11	[M - H2O + H]+	RKWOHFCUNSECLZ	InChI=1S/C21H24O11/c1-21(2,28)7-6-10-11(29-3)8-12-9(4-5-13(22)30-12)17(10)31-20-16(25)14(23)15(24)18(32-20)19(26)27/h4-8,14-16,18,20,23-25,28H,1-3H3,(H,26,27)	null	CC(C)(C=CC1=C(C=C2C(=C1OC3C(C(C(C(O3)C(=O)O)O)O)O)C=CC(=O)O2)OC)O	0.300000012	134819289	PubChem:(134819289);HMDB:(130527)	10
41	1	N/A	-272.30869573556606	C21H24O11	[M - H2O + H]+	AUQDESDXHUUZAY	InChI=1S/C21H24O11/c1-21(2,28)7-6-10-8-9-4-5-11(22)30-16(9)18(15(10)29-3)32-20-14(25)12(23)13(24)17(31-20)19(26)27/h4-8,12-14,17,20,23-25,28H,1-3H3,(H,26,27)	null	CC(C)(C=CC1=C(C(=C2C(=C1)C=CC(=O)O2)OC3C(C(C(C(O3)C(=O)O)O)O)O)OC)O	0.300000012	134819288	PubChem:(134819288);HMDB:(130526)	10
42	1	N/A	-279.7656478817516	C21H24O11	[M - H2O + H]+	XWDHVYPMZCGHNM	InChI=1S/C21H24O11/c22-6-14-16(28)17(29)18(30)21(31-14)15-12(26)5-10(24)8-4-13(27)19(32-20(8)15)7-1-2-9(23)11(25)3-7/h1-3,5,13-14,16-19,21-30H,4,6H2	8-C-Glucopyranosylcatechin	C1C(C(OC2=C1C(=CC(=C2C3C(C(C(C(O3)CO)O)O)O)O)O)C4=CC(=C(C=C4)O)O)O	-1.0	5317057;9911680;14345562;16095186;16095190;21626713;21626717;24872020;44257066;44257068;44257069;102263675;102263676;102263679;131752184;131752730;134780088;134780089	COCONUT:(CNP0170400);HMDB:(37401 37402 39823);KNApSAcK:(6357);Natural Products:(UNPD45462 UNPD102586 UNPD127740);PubChem:(5317057 9911680 14345562 16095186 16095190 21626713 21626717 24872020 44257066 44257068 44257069 102263675 102263676 102263679 131752184 131752730 134780088 134780089);SuperNatural:(SN00376956 SN00275440 SN00271515);additional;PubChem class - bio and metabolites;Training Set	20496410
43	1	N/A	-282.8072161299271	C21H24O11	[M - H2O + H]+	ZRVSAJIGCDWADZ	InChI=1S/C21H24O11/c22-7-15-18(28)13(27)6-16(30-15)32-21-19(29)17-12(26)4-9(23)5-14(17)31-20(21)8-1-2-10(24)11(25)3-8/h1-5,13,15-16,18-29H,6-7H2	null	C1C(C(C(OC1OC2C(C3=C(C=C(C=C3OC2C4=CC(=C(C=C4)O)O)O)O)O)CO)O)O	-0.311804175	""	COCONUT:(CNP0318626);Natural Products:(UNPD78933);SuperNatural:(SN00361421)	3178496
44	1	N/A	-285.58219428289084	C21H24O11	[M - H2O + H]+	HNXHCCCADNYBFC	InChI=1S/C21H24O11/c1-9(8-30-21-17(26)15(24)16(25)19(32-21)20(27)28)12(22)7-11-13(29-2)5-3-10-4-6-14(23)31-18(10)11/h3-6,12,15-17,19,21-22,24-26H,1,7-8H2,2H3,(H,27,28)	null	COC1=C(C2=C(C=C1)C=CC(=O)O2)CC(C(=C)COC3C(C(C(C(O3)C(=O)O)O)O)O)O	0.200000003	131836759	HMDB:(132711);PubChem:(131836759);PubChem class - bio and metabolites	16777226
45	1	N/A	-295.34557086364686	C21H24O11	[M - H2O + H]+	CGKVKUZCZMAZLG	InChI=1S/C21H24O11/c1-9(8-22)13(30-21-17(26)15(24)16(25)19(32-21)20(27)28)7-11-12(29-2)5-3-10-4-6-14(23)31-18(10)11/h3-6,13,15-17,19,21-22,24-26H,1,7-8H2,2H3,(H,27,28)	null	COC1=C(C2=C(C=C1)C=CC(=O)O2)CC(C(=C)CO)OC3C(C(C(C(O3)C(=O)O)O)O)O	0.200000003	131836760	HMDB:(132712);PubChem:(131836760);PubChem class - bio and metabolites	16777226
46	1	N/A	-305.80217507133165	C21H24O11	[M - H2O + H]+	UNDLLXUOCRCTFC	InChI=1S/C21H24O11/c1-21(2,32-20-15(25)13(23)14(24)17(31-20)19(26)27)18-16(30-18)9-6-8-4-5-12(22)29-10(8)7-11(9)28-3/h4-7,13-18,20,23-25H,1-3H3,(H,26,27)	null	CC(C)(C1C(O1)C2=C(C=C3C(=C2)C=CC(=O)O3)OC)OC4C(C(C(C(O4)C(=O)O)O)O)O	0.0	134159984	HMDB:(130523);PubChem:(134159984);PubChem class - bio and metabolites	16777226
47	1	N/A	-315.3650916160173	C21H24O11	[M - H2O + H]+	GQLPAEHHICUKIN	InChI=1S/C21H24O11/c1-21(8-29-21)12(30-20-16(25)14(23)15(24)18(32-20)19(26)27)7-10-11(28-2)5-3-9-4-6-13(22)31-17(9)10/h3-6,12,14-16,18,20,23-25H,7-8H2,1-2H3,(H,26,27)	null	CC1(CO1)C(CC2=C(C=CC3=C2OC(=O)C=C3)OC)OC4C(C(C(C(O4)C(=O)O)O)O)O	0.100000001	131836767	HMDB:(132719);PubChem:(131836767);PubChem class - bio and metabolites	16777226
48	1	N/A	-319.73652401266565	C21H24O11	[M - H2O + H]+	WTUGCYXTKLDIJC	InChI=1S/C21H24O11/c1-21(8-29-20-16(25)14(23)15(24)18(31-20)19(26)27)12(32-21)7-10-11(28-2)5-3-9-4-6-13(22)30-17(9)10/h3-6,12,14-16,18,20,23-25H,7-8H2,1-2H3,(H,26,27)	null	CC1(C(O1)CC2=C(C=CC3=C2OC(=O)C=C3)OC)COC4C(C(C(C(O4)C(=O)O)O)O)O	0.100000001	131836747	HMDB:(132697);PubChem:(131836747);PubChem class - bio and metabolites	16777226
49	1	N/A	-333.3086793841983	C21H24O11	[M - H2O + H]+	STUPIBAVUHRBTK	InChI=1S/C21H24O11/c22-6-11-14(26)17(29)18(30)21(31-11)12-15(27)16(28)13(25)9-5-10(24)19(32-20(9)12)7-2-1-3-8(23)4-7/h1-4,10-11,14,17-19,21-30H,5-6H2	null	C1C(C(OC2=C(C(=C(C(=C21)O)O)O)C3C(C(C(C(O3)CO)O)O)O)C4=CC(=CC=C4)O)O	-1.0	131833088	HMDB:(126706);PubChem:(131833088);PubChem class - bio and metabolites	16777226
50	1	N/A	-333.7492556311701	C21H24O11	[M - H2O + H]+	GUGYGPVEVIKMRU	InChI=1S/C21H24O11/c22-7-13(27)17(28)19(30)20(31)18(29)16-11(25)5-10(24)15-12(26)6-14(32-21(15)16)8-1-3-9(23)4-2-8/h1-5,13-14,17-20,22-25,27-31H,6-7H2	null	C1C(OC2=C(C1=O)C(=CC(=C2C(C(C(C(C(CO)O)O)O)O)O)O)O)C3=CC=C(C=C3)O	-1.03917503	""	COCONUT:(CNP0132798);Natural Products:(UNPD132059);SuperNatural:(SN00295329)	3178496
51	1	N/A	-339.0637644049736	C21H24O11	[M - H2O + H]+	YFBROIIQFRJGDG	InChI=1S/C21H24O11/c1-8(2)11(22)7-10-17-9(4-5-13(23)31-17)6-12(18(10)29-3)30-21-16(26)14(24)15(25)19(32-21)20(27)28/h4-6,11,14-16,19,21-22,24-26H,1,7H2,2-3H3,(H,27,28)	null	CC(=C)C(CC1=C2C(=CC(=C1OC)OC3C(C(C(C(O3)C(=O)O)O)O)O)C=CC(=O)O2)O	0.800000012	131836755	HMDB:(132707);PubChem:(131836755);PubChem class - bio and metabolites	16777226
52	1	N/A	-340.3453496068375	C21H24O11	[M - H2O + H]+	AFCAWRFTSGVRQA	InChI=1S/C21H24O11/c1-8-5-12(24)16-14(29-8)6-13(9(2)17(16)25)31-21-20(30-11(4)23)19(27)18(26)15(32-21)7-28-10(3)22/h5-6,15,18-21,25-27H,7H2,1-4H3	null	CC1=CC(=O)C2=C(C(=C(C=C2O1)OC3C(C(C(C(O3)COC(=O)C)O)O)OC(=O)C)C)O	0.899999976	138756223	COCONUT:(CNP0298555);Natural Products:(UNPD54365);PubChem:(138756223);CHEBI:(144296)	2129954
53	1	N/A	-346.5635070209874	C21H24O11	[M - H2O + H]+	HTPGOAZXUYBWHI	InChI=1S/C21H24O11/c1-21(2)10(32-21)7-9-6-8-4-5-11(22)29-15(8)18(28-3)16(9)30-20-14(25)12(23)13(24)17(31-20)19(26)27/h4-6,10,12-14,17,20,23-25H,7H2,1-3H3,(H,26,27)	null	CC1(C(O1)CC2=C(C(=C3C(=C2)C=CC(=O)O3)OC)OC4C(C(C(C(O4)C(=O)O)O)O)O)C	0.5	131834958	HMDB:(128654);PubChem:(131834958);PubChem class - bio and metabolites	16777226
54	1	N/A	-365.6880173586262	C21H24O11	[M - H2O + H]+	UJNKAFSXGVPPKP	InChI=1S/C21H24O11/c1-21(2)11(32-21)7-9-16-8(4-5-12(22)30-16)6-10(17(9)28-3)29-20-15(25)13(23)14(24)18(31-20)19(26)27/h4-6,11,13-15,18,20,23-25H,7H2,1-3H3,(H,26,27)	null	CC1(C(O1)CC2=C3C(=CC(=C2OC)OC4C(C(C(C(O4)C(=O)O)O)O)O)C=CC(=O)O3)C	0.5	131836745	HMDB:(132695);PubChem:(131836745);PubChem class - bio and metabolites	16777226
55	1	N/A	-370.3999356573255	C21H24O11	[M - H2O + H]+	CCRZCLUIQCKUKD	InChI=1S/C21H24O11/c1-2-3-6-11-10-5-4-7-12(16(10)20(28)30-11)31-21-19(27)18(26)17(25)13(32-21)9-29-15(24)8-14(22)23/h4-7,13,17-19,21,25-27H,2-3,8-9H2,1H3,(H,22,23)	null	CCCC=C1C2=C(C(=CC=C2)OC3C(C(C(C(O3)COC(=O)CC(=O)O)O)O)O)C(=O)O1	0.699999988	100982485;131751618	COCONUT:(CNP0261311);HMDB:(34753);Natural Products:(UNPD60418);PubChem:(100982485 131751618);SuperNatural:(SN00348279);PubChem class - bio and metabolites	19955722
56	1	N/A	-378.61428696211897	C21H24O11	[M - H2O + H]+	JJGMZAXEEBYTLK	InChI=1S/C21H23O11/c22-11-6-12-20(8-29-16(26)9-4-2-1-3-5-9)10(11)7-21(20,28)19(30-12)32-18-15(25)13(23)14(24)17(27)31-18/h1-5,10,12-15,17-19,23-25,27H,6-8H2/q-1	null	C1C2C3(C(C1=O)CC3(C(O2)OC4C(C(C(C(O4)O)O)O)O)[O-])COC(=O)C5=CC=CC=C5	-1.39876521	""	COCONUT:(CNP0066432);SuperNatural:(SN00163562)	3145728
57	1	N/A	-381.4733811689818	C21H24O11	[M - H2O + H]+	FUKNFAWPKJQQOK	InChI=1S/C21H24O11/c1-9(8-22)3-4-10-7-11-5-6-12(23)30-16(11)19(29-2)17(10)31-21-15(26)13(24)14(25)18(32-21)20(27)28/h3,5-7,13-15,18,21-22,24-26H,4,8H2,1-2H3,(H,27,28)	null	CC(=CCC1=C(C(=C2C(=C1)C=CC(=O)O2)OC)OC3C(C(C(C(O3)C(=O)O)O)O)O)CO	0.600000024	131834956	PubChem:(131834956);HMDB:(128652)	10
58	1	N/A	-398.9232941886508	C21H24O11	[M - H2O + H]+	PURNWHCCRVOHRA	InChI=1S/C21H24O11/c1-2-12(22)3-13(23)4-14(24)5-15(25)6-16(26)7-17(27)8-18(28)9-19(29)10-20(30)11-21(31)32/h2-11H2,1H3,(H,31,32)	null	CCC(=O)CC(=O)CC(=O)CC(=O)CC(=O)CC(=O)CC(=O)CC(=O)CC(=O)CC(=O)O	-1.10000002	100950200;102514926	PubChem:(100950200 102514926);PubMed;Biocyc:(CPD-18167)	2114
59	1	N/A	-402.37856224222526	C21H24O11	[M - H2O + H]+	XOWMVIHRMCQHJH	InChI=1S/C21H24O11/c22-11-6-12-20(8-29-16(26)9-4-2-1-3-5-9)10(11)7-21(20,28)19(30-12)32-18-15(25)13(23)14(24)17(27)31-18/h1-5,10,12-15,17-19,23-25,27-28H,6-8H2	null	C1C2C3(C(C1=O)CC3(C(O2)OC4C(C(C(C(O4)O)O)O)O)O)COC(=O)C5=CC=CC=C5	-1.32870448	""	COCONUT:(CNP0416723)	2097152
60	1	N/A	-409.94124169046734	C21H24O11	[M - H2O + H]+	KXDYPPVOPZKXMX	InChI=1S/C21H24O11/c22-5-10-3-12(24)16-13(25)4-14-11(20(16)31-10)2-1-9(7-29-14)8-30-21-19(28)18(27)17(26)15(6-23)32-21/h1,3-4,15,17-19,21-23,25-28H,2,5-8H2	[5-Hydroxy-2-(hydroxymethyl)-4-oxo-8,11-dihydro-4H-oxepino[2,3-h]chromen-9-yl]methyl hexopyranoside	C1C=C(COC2=C1C3=C(C(=C2)O)C(=O)C=C(O3)CO)COC4C(C(C(C(O4)CO)O)O)O	-1.39999998	373657;14034916;92282309;92282311;92282313;92282314	COCONUT:(CNP0313815);Natural Products:(UNPD16777);PubChem:(373657 14034916 92282309 92282311 92282313 92282314);SuperNatural:(SN00325686)	3178498
61	1	N/A	-480.20176462583976	C21H24O11	[M - H2O + H]+	BLUQBEZYLPEUCP	InChI=1S/C21H24O11/c1-9-6-7-14(29-10(2)22)21(31-9)19(30-11(3)23)15-13(8-28-21)17(26)20(5,32-12(4)24)18(27)16(15)25/h8-9,14,19,25H,6-7H2,1-5H3	null	CC1CCC(C2(O1)C(C3=C(C(=O)C(C(=O)C3=CO2)(C)OC(=O)C)O)OC(=O)C)OC(=O)C	0.300000012	75368726;133564760	COCONUT:(CNP0348299);Training Set;PubChem:(75368726 133564760);additional	2637826
1	1	0.4246866280824891	-41.80492385616288	C21H22O10	[M + H]+	OONDLKCAZJZRCW	InChI=1S/C21H22O10/c22-12-3-5-13(6-4-12)30-21-20(28)19(27)18(26)16(31-21)10-29-17(25)8-2-11-1-7-14(23)15(24)9-11/h1-9,16,18-24,26-28H,10H2	null	C1=CC(=CC=C1O)OC2C(C(C(C(O2)COC(=O)C=CC3=CC(=C(C=C3)O)O)O)O)O	0.800000012	15689808;15689809;25060075;25065346;72737673;74423797;91418213;133612181	COCONUT:(CNP0260566);KNApSAcK:(37740);Natural Products:(UNPD124934 UNPD180294 UNPD224467 UNPD130474 UNPD168326);PubChem:(15689808 15689809 25060075 25065346 72737673 74423797 91418213 133612181);SuperNatural:(SN00238662 SN00353336 SN00272387 SN00021116);ZINC bio:(ZINC14855702);additional;Training Set;PubMed	3727442
2	1	N/A	-64.27985742159915	C21H22O10	[M + H]+	ZFMCQFCMYAUUBO	InChI=1S/C21H22O10/c22-12-7-5-11(9-14(12)24)6-8-17(25)29-10-16-18(26)19(27)20(28)21(31-16)30-15-4-2-1-3-13(15)23/h1-9,16,18-24,26-28H,10H2	null	C1=CC=C(C(=C1)O)OC2C(C(C(C(O2)COC(=O)C=CC3=CC(=C(C=C3)O)O)O)O)O	0.800000012	44513070	COCONUT:(CNP0238531);Natural Products:(UNPD115202);PubChem:(44513070);SuperNatural:(SN00333940);MeSH:(44513070);PubMed	3178566
3	1	N/A	-99.08757525523261	C21H22O10	[M + H]+	WSPFHZUPLLNFFO	InChI=1S/C21H22O10/c22-10-16-20(31-17(26)8-2-11-1-7-14(24)15(25)9-11)18(27)19(28)21(30-16)29-13-5-3-12(23)4-6-13/h1-9,16,18-25,27-28H,10H2	null	C1=CC(=CC=C1O)OC2C(C(C(C(O2)CO)OC(=O)C=CC3=CC(=C(C=C3)O)O)O)O	0.800000012	10388193	COCONUT:(CNP0386055);Natural Products:(UNPD37395);PubChem:(10388193);SuperNatural:(SN00349116)	3178498
4	1	N/A	-114.18708977061837	C21H22O10	[M + H]+	SAHZOJQMDIDFST	InChI=1S/C21H22O10/c22-10-16-18(27)19(28)20(21(30-16)29-13-5-3-12(23)4-6-13)31-17(26)8-2-11-1-7-14(24)15(25)9-11/h1-9,16,18-25,27-28H,10H2	[(2S,3R,4R,5S,6R)-4,5-dihydroxy-6-(hydroxymethyl)-2-(4-hydroxyphenoxy)oxan-3-yl] (E)-3-(3,4-dihydroxyphenyl)prop-2-enoate	C1=CC(=CC=C1O)OC2C(C(C(C(O2)CO)O)O)OC(=O)C=CC3=CC(=C(C=C3)O)O	1.39999998	5315597;22524637;131751154	COCONUT:(CNP0105343);HMDB:(31347);Natural Products:(UNPD44854);PubChem:(5315597 22524637 131751154);SuperNatural:(SN00160071);PubChem class - bio and metabolites	19955722
5	1	N/A	-114.67827602698469	C21H22O10	[M + H]+	QMVODIKHHIRSGI	InChI=1S/C21H22O10/c22-9-17-18(27)19(28)20(29)21(31-17)30-11-3-4-12(15(25)8-11)13(23)5-1-10-2-6-14(24)16(26)7-10/h1-8,17-22,24-29H,9H2	coreopsin	C1=CC(=C(C=C1C=CC(=O)C2=C(C=C(C=C2)OC3C(C(C(C(O3)CO)O)O)O)O)O)O	1.0	12303942;12303943;57168663	COCONUT:(CNP0135769);KNApSAcK:(7218);Natural Products:(UNPD228610 UNPD76978 UNPD101410 UNPD172293);PubChem:(12303942 12303943 57168663);SuperNatural:(SN00254600 SN00252676 SN00273075);PubChem class - bio and metabolites;Plantcyc:(CPD-7390);Biocyc:(CPD-7390);KEGG Mine	8610023442
6	1	N/A	-118.77799155424971	C21H22O10	[M + H]+	WQCWELFQKXIPCN	InChI=1S/C21H22O10/c22-9-16-18(27)19(28)20(29)21(31-16)30-15-8-12(24)7-14(26)17(15)13(25)6-3-10-1-4-11(23)5-2-10/h1-8,16,18-24,26-29H,9H2	Isosalipurposide	C1=CC(=CC=C1C=CC(=O)C2=C(C=C(C=C2OC3C(C(C(C(O3)CO)O)O)O)O)O)O	0.283430338	4398471;6090017;5318659;6526201;12818405;22524310;70681502;101614380;125115470;125115471;125115472;125115473;133577796	SuperNatural:(SN00354693 SN00268169 SN00159735 SN00307487 SN00353745);MeSH:(5318659 6526201);Plantcyc:(CPD-8062);PubMed;COCONUT:(CNP0232529);KNApSAcK:(7881);Natural Products:(UNPD44613 UNPD77989 UNPD170465 UNPD222322 UNPD164436);PubChem:(4398471 6090017 5318659 6526201 12818405 22524310 70681502 101614380 125115470 125115471 125115472 125115473 133577796);CHEBI:(80486);PubChem class - bio and metabolites;KEGG:(C16406);Biocyc:(CPD-8062)	20089206
7	1	N/A	-119.23040453364192	C21H22O10	[M + H]+	PENWMDFDBSBQGR	InChI=1S/C21H22O10/c22-12-2-5-14(6-3-12)30-21-20(28)19(27)18(26)16(31-21)10-29-17(25)8-1-11-9-13(23)4-7-15(11)24/h1-9,16,18-24,26-28H,10H2	null	C1=CC(=CC=C1O)OC2C(C(C(C(O2)COC(=O)C=CC3=C(C=CC(=C3)O)O)O)O)O	0.800000012	102478877	COCONUT:(CNP0286092);Natural Products:(UNPD212568);PubChem:(102478877)	2129922
8	1	N/A	-121.56250882066924	C21H22O10	[M + H]+	VKMIKZMFCMZTKS	InChI=1S/C21H22O10/c22-10-16-20(31-17(26)8-6-11-5-7-12(23)14(25)9-11)18(27)19(28)21(30-16)29-15-4-2-1-3-13(15)24/h1-9,16,18-25,27-28H,10H2	null	C1=CC=C(C(=C1)O)OC2C(C(C(C(O2)CO)OC(=O)C=CC3=CC(=C(C=C3)O)O)O)O	0.805632174	""	COCONUT:(CNP0325120);Natural Products:(UNPD206904)	2129920
9	1	N/A	-125.04719070235129	C21H22O10	[M + H]+	KQIQKULTIAJZKL	InChI=1S/C21H22O10/c22-12-1-3-14(4-2-12)30-20-19(27)18(26)17(25)15(31-20)11-29-16(24)7-10-21(28)8-5-13(23)6-9-21/h1-10,15,17-20,22,25-28H,11H2	Robustaside D	C1=CC(=CC=C1O)OC2C(C(C(C(O2)COC(=O)C=CC3(C=CC(=O)C=C3)O)O)O)O	-0.600000024	38358972	COCONUT:(CNP0296149);KNApSAcK:(37742);Natural Products:(UNPD163362);PubChem:(38358972);SuperNatural:(SN00029731);CHEBI:(70146);ZINC bio:(ZINC31165470);Training Set;PubMed	3203186
10	1	N/A	-129.5779561635872	C21H22O10	[M + H]+	XUJRENMDCSKMFE	InChI=1S/C21H22O10/c22-12-4-1-11(2-5-12)3-6-17(25)29-10-16-18(26)19(27)20(28)21(31-16)30-15-8-13(23)7-14(24)9-15/h1-9,16,18-24,26-28H,10H2	[(2R,3S,4R,5R,6S)-6-(3,5-dihydroxyphenoxy)-3,4,5-trihydroxyoxan-2-yl]methyl (E)-3-(4-hydroxyphenyl)prop-2-enoate	C1=CC(=CC=C1C=CC(=O)OCC2C(C(C(C(O2)OC3=CC(=CC(=C3)O)O)O)O)O)O	0.805632174	5321781;22524522	COCONUT:(CNP0357930);Natural Products:(UNPD136428);PubChem:(5321781 22524522);SuperNatural:(SN00159311);PubMed	3178562
11	1	N/A	-132.57146132576898	C21H22O10	[M + H]+	AWENDZQUFCJISN	InChI=1S/C21H22O10/c22-8-17-18(26)19(27)20(28)21(31-17)29-10-2-3-11-13(24)7-15(30-16(11)6-10)9-1-4-12(23)14(25)5-9/h1-6,15,17-23,25-28H,7-8H2	Isocoreopsin	C1C(OC2=C(C1=O)C=CC(=C2)OC3C(C(C(C(O3)CO)O)O)O)C4=CC(=C(C=C4)O)O	0.0	193124;12309899;21126032	COCONUT:(CNP0169752);KNApSAcK:(8279);Natural Products:(UNPD149001 UNPD62036 UNPD152143);PubChem:(193124 12309899 21126032);SuperNatural:(SN00393410 SN00034538 SN00034539 SN00034536 SN00296953 SN00378276 SN00034537);ZINC bio:(ZINC35466134 ZINC35466136 ZINC35466139 ZINC35466141);MeSH:(193124 12309899);PubMed;KEGG Mine	8593121366
12	1	N/A	-138.21759325165894	C21H22O10	[M + H]+	ZYUSTWOCCKABCY	InChI=1S/C21H22O10/c22-9-16-18(27)19(28)20(29)21(31-16)30-12-7-14(25)17(15(26)8-12)13(24)6-3-10-1-4-11(23)5-2-10/h1-8,16,18-23,25-29H,9H2	THC 4''-glucoside	C1=CC(=CC=C1C=CC(=O)C2=C(C=C(C=C2O)OC3C(C(C(C(O3)CO)O)O)O)O)O	0.283430338	11743626;23724744;86289435	COCONUT:(CNP0191417);KNApSAcK:(7882);Natural Products:(UNPD20259 UNPD126578 UNPD222345 UNPD198843);PubChem:(11743626 23724744 86289435);SuperNatural:(SN00390007 SN00312355);CHEBI:(66906 77978);PubChem class - bio and metabolites;KEGG:(C16407);Plantcyc:(CPD-8632);Biocyc:(CPD-8632)	20089138
13	1	N/A	-143.27045249547226	C21H22O10	[M + H]+	BVGZTRWADYNRBE	InChI=1S/C21H22O10/c22-9-17-18(27)19(28)20(29)21(31-17)30-16-6-2-10(7-15(16)26)1-5-13(24)12-4-3-11(23)8-14(12)25/h1-8,17-23,25-29H,9H2	null	C1=CC(=C(C=C1C=CC(=O)C2=C(C=C(C=C2)O)O)O)OC3C(C(C(C(O3)CO)O)O)O	0.283430338	""	COCONUT:(CNP0279087);Natural Products:(UNPD44409);SuperNatural:(SN00255227);KEGG Mine	8593113088
14	1	N/A	-156.05137195707488	C21H22O10	[M + H]+	GAARAMNTPQAIOT	InChI=1S/C21H22O10/c22-9-16-18(27)19(28)20(29)21(31-16)30-12-4-1-10(2-5-12)3-6-13(24)17-14(25)7-11(23)8-15(17)26/h1-8,16,18-23,25-29H,9H2	Chalconaringenin 4-glucoside	C1=CC(=CC=C1C=CC(=O)C2=C(C=C(C=C2O)O)O)OC3C(C(C(C(O3)CO)O)O)O	0.283430338	42607601	COCONUT:(CNP0248984);KNApSAcK:(7878);Natural Products:(UNPD171314);PubChem:(42607601);SuperNatural:(SN00236925);KEGG Mine	8593113106
15	1	N/A	-158.07807663115622	C21H22O10	[M + H]+	RPTYTMSENWYONU	InChI=1S/C21H22O10/c22-9-16-18(27)19(28)20(29)21(31-16)30-15-7-11(23)6-13(25)17(15)14(26)8-12(24)10-4-2-1-3-5-10/h1-7,16,18-23,25,27-29H,8-9H2	2'',4'',6'',beta-Tetrahydroxychalcone 2''-glucoside	C1=CC=C(C=C1)C(=O)CC(=O)C2=C(C=C(C=C2OC3C(C(C(C(O3)CO)O)O)O)O)O	0.139437601	42607637	PubChem:(42607637);KNApSAcK:(7890)	18
16	1	N/A	-166.20846426583236	C21H22O10	[M + H]+	HAVNCBAQNUDYRJ	InChI=1S/C21H22O10/c22-9-16-18(27)19(28)20(29)21(31-16)30-11-6-13(24)17(14(25)7-11)15(26)8-12(23)10-4-2-1-3-5-10/h1-7,16,18-22,24-25,27-29H,8-9H2	2'',4'',6'',beta-Tetrahydroxychalcone 4''-glucoside	C1=CC=C(C=C1)C(=O)CC(=O)C2=C(C=C(C=C2O)OC3C(C(C(C(O3)CO)O)O)O)O	0.139437601	42607638	COCONUT:(CNP0190288);KNApSAcK:(7891);Natural Products:(UNPD1061 UNPD25257);PubChem:(42607638);SuperNatural:(SN00367683 SN00266449)	3178514
17	1	N/A	-169.67159610021392	C21H22O10	[M + H]+	BNNJPJKHDDIDLD	InChI=1S/C21H22O10/c1-8-15(24)17(26)19(28)21(29-8)30-10-3-4-11-14(7-10)31-20(18(27)16(11)25)9-2-5-12(22)13(23)6-9/h2-8,15,17-24,26-28H,1H3	null	CC1C(C(C(C(O1)OC2=CC3=C(C=C2)C(=O)C(C(O3)C4=CC(=C(C=C4)O)O)O)O)O)O	0.0	131752847	COCONUT:(CNP0235198);HMDB:(40536);KNApSAcK:(8687);PubChem:(131752847);PubChem class - bio and metabolites	18874394
18	1	N/A	-178.06247380367077	C21H22O10	[M + H]+	AGNSVGCTVOVJKF	InChI=1S/C21H22O10/c22-9-15-17(27)18(28)19(29)21(30-15)31-20-12(6-8-14(25)16(20)26)13(24)7-3-10-1-4-11(23)5-2-10/h1-8,15,17-19,21-23,25-29H,9H2	null	C1=CC(=CC=C1C=CC(=O)C2=C(C(=C(C=C2)O)O)OC3C(C(C(C(O3)CO)O)O)O)O	0.283430338	""	COCONUT:(CNP0131787);Natural Products:(UNPD38824);SuperNatural:(SN00402337)	3178496
19	1	N/A	-183.40238621056218	C21H22O10	[M + H]+	DLIKSSGEMUFQOK	InChI=1S/C21H22O10/c22-8-16-18(26)19(27)20(28)21(31-16)29-11-5-12(24)17-13(25)7-14(30-15(17)6-11)9-1-3-10(23)4-2-9/h1-6,14,16,18-24,26-28H,7-8H2	Prunin	C1C(OC2=CC(=CC(=C2C1=O)O)OC3C(C(C(C(O3)CO)O)O)O)C4=CC=C(C=C4)O	0.600000024	92794;282013;5320751;12314653;9910767;11305080;25200385;24211954;25243883;40473202;42607902;42633030;51521820;51521821;51402797;51402798;71024663;92448955;90481077;94859294;95861310;124916125;124300887;124350914;133550002;133554326	HMDB:(140590);SuperNatural:(SN00168154 SN00011075 SN00020198 SN00011074 SN00006941 SN00020199 SN00261134 SN00006942);ZINC bio:(ZINC04097895 ZINC04097896 ZINC04348946 ZINC04348951 ZINC13424711 ZINC13424713);additional;MeSH:(282013 9910767 12314653 24211954 25200385 40473202 42607902 124300887);Plantcyc:(NARINGENIN-7-O-BETA-D-GLUCOSIDE);PubMed;NORMAN:(NS00015840);COCONUT:(CNP0269114);KNApSAcK:(998);Natural Products:(UNPD142381 UNPD145857 UNPD8578);PubChem:(92794 282013 5320751 12314653 9910767 11305080 25200385 24211954 25243883 40473202 42607902 42633030 51521820 51521821 51402797 51402798 71024663 92448955 90481077 94859294 95861310 124916125 124300887 124350914 133550002 133554326);CHEBI:(28327);PubChem class - bio and metabolites;KEGG:(C09099);PubChem class - safety and toxic;Training Set;Biocyc:(NARINGENIN-7-O-BETA-D-GLUCOSIDE)	88009086
20	1	N/A	-183.6705500757718	C21H22O10	[M + H]+	KVWSGVFEKANSIE	InChI=1S/C21H22O10/c22-9-16-18(27)19(28)20(29)21(31-16)30-15-8-12(24)4-5-13(15)17(26)14(25)7-10-2-1-3-11(23)6-10/h1-8,16,18-25,27-29H,9H2	null	C1=CC(=CC(=C1)O)C=C(C(=O)C2=C(C=C(C=C2)O)OC3C(C(C(C(O3)CO)O)O)O)O	0.261057228	""	COCONUT:(CNP0333992);Natural Products:(UNPD99882);SuperNatural:(SN00239162)	3178496
21	1	N/A	-183.68167560189588	C21H22O10	[M + H]+	RHWJRXHBNYDTON	InChI=1S/C21H22O10/c22-9-17-18(27)19(28)20(29)21(31-17)30-16-7-10(2-6-14(16)25)1-5-13(24)12-4-3-11(23)8-15(12)26/h1-8,17-23,25-29H,9H2	Monospermoside	C1=CC(=C(C=C1C=CC(=O)C2=C(C=C(C=C2)O)O)OC3C(C(C(C(O3)CO)O)O)O)O	1.0	42607524;91454387	COCONUT:(CNP0411133);Natural Products:(UNPD119426 UNPD141480);PubChem:(42607524 91454387);SuperNatural:(SN00314757 SN00296410);PubMed;KEGG Mine	8593113154
22	1	N/A	-195.29453239498667	C21H22O10	[M + H]+	HZFUHKPAKUYSOB	InChI=1S/C21H22O10/c22-7-15-18(26)19(27)20(28)21(31-15)30-11-5-13(24)16-14(6-11)29-8-12(17(16)25)9-1-3-10(23)4-2-9/h1-6,12,15,18-24,26-28H,7-8H2	dihydrogenistin	C1C(C(=O)C2=C(C=C(C=C2O1)OC3C(C(C(C(O3)CO)O)O)O)O)C4=CC=C(C=C4)O	0.800000012	11070108;10478027;21941294;129663943	COCONUT:(CNP0229775);HMDB:(39935);KNApSAcK:(18998);Natural Products:(UNPD12402 UNPD77032 UNPD183500);PubChem:(11070108 10478027 21941294 129663943);SuperNatural:(SN00343664 SN00235524 SN00336551);CHEBI:(133413);PubChem class - bio and metabolites;MeSH:(11070108);PubMed;KEGG Mine	8609890430
23	1	N/A	-196.14737116291008	C21H22O10	[M + H]+	VJHFYCIZYFWLSS	InChI=1S/C21H22O10/c22-8-13-15(24)17(26)19(28)21(31-13)29-10-6-11(23)14-12(7-10)30-20(18(27)16(14)25)9-4-2-1-3-5-9/h1-7,13,15,17-24,26-28H,8H2	null	C1=CC=C(C=C1)C2C(C(=O)C3=C(C=C(C=C3O2)OC4C(C(C(C(O4)CO)O)O)O)O)O	0.400000006	90658417	PubChem:(90658417);Biocyc:(CPD-14973)	2050
24	1	N/A	-196.34834953574898	C21H22O10	[M + H]+	UDZRSMSFPDAJRD	InChI=1S/C21H22O10/c22-9-15-17(27)18(28)19(29)21(30-15)31-20-14(25)8-6-12(16(20)26)13(24)7-3-10-1-4-11(23)5-2-10/h1-8,15,17-19,21-23,25-29H,9H2	null	C1=CC(=CC=C1C=CC(=O)C2=C(C(=C(C=C2)O)OC3C(C(C(C(O3)CO)O)O)O)O)O	0.283430338	""	COCONUT:(CNP0184596);Natural Products:(UNPD226861)	2129920
25	1	N/A	-200.07197980453665	C21H22O10	[M + H]+	JXAFGBJCGVSENY	InChI=1S/C21H22O10/c22-12(11-6-8-13(23)14(24)9-11)7-5-10-3-1-2-4-15(10)30-21-18(27)16(25)17(26)19(31-21)20(28)29/h1-4,6,8-9,16-19,21,23-27H,5,7H2,(H,28,29)	null	C1=CC=C(C(=C1)CCC(=O)C2=CC(=C(C=C2)O)O)OC3C(C(C(C(O3)C(=O)O)O)O)O	0.899999976	131839010	HMDB:(135418);PubChem:(131839010);PubChem class - bio and metabolites	16777226
26	1	N/A	-200.54335056593408	C21H22O10	[M + H]+	LHUZFXQWLDHPLQ	InChI=1S/C21H22O10/c22-11-8-13(24)15(12(23)7-6-10-4-2-1-3-5-10)14(9-11)30-21-18(27)16(25)17(26)19(31-21)20(28)29/h1-5,8-9,16-19,21-22,24-27H,6-7H2,(H,28,29)	null	C1=CC=C(C=C1)CCC(=O)C2=C(C=C(C=C2OC3C(C(C(C(O3)C(=O)O)O)O)O)O)O	1.39999998	131834457	HMDB:(128100);PubChem:(131834457);PubChem class - bio and metabolites	16777226
27	1	N/A	-200.61817076246055	C21H22O10	[M + H]+	RLGNRAPHBUCAAS	InChI=1S/C21H22O10/c22-8-14-16(26)17(27)18(28)21(30-14)31-20-15(25)12-6-5-11(24)7-13(12)29-19(20)9-1-3-10(23)4-2-9/h1-7,14,16-24,26-28H,8H2	null	C1=CC(=CC=C1C2C(C(=O)C3=C(O2)C=C(C=C3)O)OC4C(C(C(C(O4)CO)O)O)O)O	0.0	101289757	COCONUT:(CNP0308151);KNApSAcK:(8667);Natural Products:(UNPD6566);PubChem:(101289757);SuperNatural:(SN00335235)	3178514
28	1	N/A	-201.23317959446652	C21H22O10	[M + H]+	VBXLXFFUIGVIKE	InChI=1S/C21H22O10/c1-11-20(14(23)8-9-28-11)31-21-19(27)18(26)17(25)15(30-21)10-29-16(24)7-4-12-2-5-13(22)6-3-12/h2-9,15,17-19,21-22,25-27H,10H2,1H3	null	CC1=C(C(=O)C=CO1)OC2C(C(C(C(O2)COC(=O)C=CC3=CC=C(C=C3)O)O)O)O	0.300000012	101528290	COCONUT:(CNP0160975);KNApSAcK:(35663);Natural Products:(UNPD17920 UNPD4647);PubChem:(101528290);SuperNatural:(SN00323905)	3178514
29	1	N/A	-203.18064139376006	C21H22O10	[M + H]+	LIMLMSMLMCKABB	InChI=1S/C21H22O10/c22-12(7-6-10-4-2-1-3-5-10)11-8-13(23)14(24)9-15(11)30-21-18(27)16(25)17(26)19(31-21)20(28)29/h1-5,8-9,16-19,21,23-27H,6-7H2,(H,28,29)	null	C1=CC=C(C=C1)CCC(=O)C2=CC(=C(C=C2OC3C(C(C(C(O3)C(=O)O)O)O)O)O)O	0.899999976	131838982	HMDB:(135383);PubChem:(131838982);PubChem class - bio and metabolites	16777226
30	1	N/A	-209.02946930768172	C21H22O10	[M + H]+	UVOXSNFRLNPJEB	InChI=1S/C21H22O10/c22-8-14-17(26)18(27)19(28)21(31-14)29-11-4-1-9(2-5-11)15(24)20-16(25)12-6-3-10(23)7-13(12)30-20/h1-7,14-15,17-24,26-28H,8H2	null	C1=CC(=CC=C1C(C2C(=O)C3=C(O2)C=C(C=C3)O)O)OC4C(C(C(C(O4)CO)O)O)O	0.400000006	91820476	Plantcyc:(CPD-17480);PubChem:(91820476);PubMed;Biocyc:(CPD-17480);PubChem class - bio and metabolites	16910402
31	1	N/A	-209.73271254998886	C21H22O10	[M + H]+	FCPLEYZZHDFUTE	InChI=1S/C21H22O10/c22-11-6-8-14(24)12(9-11)13(23)7-5-10-3-1-2-4-15(10)30-21-18(27)16(25)17(26)19(31-21)20(28)29/h1-4,6,8-9,16-19,21-22,24-27H,5,7H2,(H,28,29)	null	C1=CC=C(C(=C1)CCC(=O)C2=C(C=CC(=C2)O)O)OC3C(C(C(C(O3)C(=O)O)O)O)O	1.39999998	131838978	HMDB:(135379);PubChem:(131838978);PubChem class - bio and metabolites	16777226
32	1	N/A	-210.27302144083072	C21H22O10	[M + H]+	WXANVFPYSSGKNA	InChI=1S/C21H22O10/c22-8-16-18(26)19(27)20(28)21(31-16)29-9-5-12(24)17-13(25)7-14(30-15(17)6-9)10-3-1-2-4-11(10)23/h1-6,14,16,18-24,26-28H,7-8H2	5,7,2''-Trihydroxyflavanone 7-glucoside	C1C(OC2=CC(=CC(=C2C1=O)O)OC3C(C(C(C(O3)CO)O)O)O)C4=CC=CC=C4O	0.600000024	21769501;42607843	COCONUT:(CNP0172859);KNApSAcK:(8414);Natural Products:(UNPD125491);PubChem:(21769501 42607843);SuperNatural:(SN00391812)	3178514
33	1	N/A	-210.5930920278881	C21H22O10	[M + H]+	ILDJHNMISBFHHG	InChI=1S/C21H22O10/c22-11-6-8-15(30-21-18(27)16(25)17(26)19(31-21)20(28)29)12(9-11)14(24)7-5-10-3-1-2-4-13(10)23/h1-4,6,8-9,16-19,21-23,25-27H,5,7H2,(H,28,29)	null	C1=CC=C(C(=C1)CCC(=O)C2=C(C=CC(=C2)O)OC3C(C(C(C(O3)C(=O)O)O)O)O)O	0.899999976	131838979	HMDB:(135380);PubChem:(131838979);PubChem class - bio and metabolites	16777226
34	1	N/A	-211.28968891681737	C21H22O10	[M + H]+	ZELTVGSWOLCMNY	InChI=1S/C21H22O10/c22-12(7-6-10-4-2-1-3-5-10)15-13(23)8-11(9-14(15)24)30-21-18(27)16(25)17(26)19(31-21)20(28)29/h1-5,8-9,16-19,21,23-27H,6-7H2,(H,28,29)	null	C1=CC=C(C=C1)CCC(=O)C2=C(C=C(C=C2O)OC3C(C(C(C(O3)C(=O)O)O)O)O)O	1.39999998	131834458	HMDB:(128101);PubChem:(131834458);PubChem class - bio and metabolites	16777226
35	1	N/A	-211.74177166625464	C21H22O10	[M + H]+	YJGUPQLHPNNILD	InChI=1S/C21H22O10/c22-11-4-1-10(2-5-11)3-7-14(24)13-9-12(23)6-8-15(13)30-21-18(27)16(25)17(26)19(31-21)20(28)29/h1-2,4-6,8-9,16-19,21-23,25-27H,3,7H2,(H,28,29)	null	C1=CC(=CC=C1CCC(=O)C2=C(C=CC(=C2)O)OC3C(C(C(C(O3)C(=O)O)O)O)O)O	0.899999976	131838975	HMDB:(135376);PubChem:(131838975);PubChem class - bio and metabolites	16777226
36	1	N/A	-211.99499263723519	C21H22O10	[M + H]+	MFQIWHVVFBCURA	InChI=1S/C21H22O10/c22-8-16-18(26)19(27)20(28)21(31-16)30-15-6-11(24)5-14-17(15)12(25)7-13(29-14)9-1-3-10(23)4-2-9/h1-6,13,16,18-24,26-28H,7-8H2	Helichrysin A	C1C(OC2=C(C1=O)C(=CC(=C2)O)OC3C(C(C(C(O3)CO)O)O)O)C4=CC=C(C=C4)O	0.0	1759725;3083618;3483754;5321085;15559669;18604929;22524479;118392132;133564740	HMDB:(33739);SuperNatural:(SN00162334 SN00033055 SN00254313 SN00306450 SN00033056 SN00033054 SN00037394 SN00033057 SN00037393);ZINC bio:(ZINC28537532 ZINC28537536 ZINC35456722 ZINC35456726 ZINC35456730 ZINC35456738);additional;PubMed;COCONUT:(CNP0252815);KNApSAcK:(8204);Natural Products:(UNPD132786 UNPD163238 UNPD85044 UNPD17314);PubChem:(1759725 3083618 3483754 5321085 15559669 18604929 22524479 118392132 133564740);CHEBI:(137496);PubChem class - bio and metabolites;Training Set;KEGG Mine	8610439290
37	1	N/A	-212.95585156241927	C21H22O10	[M + H]+	PHJWEEDABMCBBM	InChI=1S/C21H22O10/c22-13(11-4-8-14(23)15(24)9-11)7-3-10-1-5-12(6-2-10)30-21-18(27)16(25)17(26)19(31-21)20(28)29/h1-2,4-6,8-9,16-19,21,23-27H,3,7H2,(H,28,29)	null	C1=CC(=CC=C1CCC(=O)C2=CC(=C(C=C2)O)O)OC3C(C(C(C(O3)C(=O)O)O)O)O	0.899999976	131839031	HMDB:(135442);PubChem:(131839031);PubChem class - bio and metabolites	16777226
38	1	N/A	-214.92669655703634	C21H22O10	[M + H]+	DBISBBAVAKZRQS	InChI=1S/C21H22O10/c22-12(7-6-10-4-2-1-3-5-10)11-8-14(24)15(9-13(11)23)30-21-18(27)16(25)17(26)19(31-21)20(28)29/h1-5,8-9,16-19,21,23-27H,6-7H2,(H,28,29)	null	C1=CC=C(C=C1)CCC(=O)C2=CC(=C(C=C2O)OC3C(C(C(C(O3)C(=O)O)O)O)O)O	1.39999998	131838981	HMDB:(135382);PubChem:(131838981);PubChem class - bio and metabolites	16777226
39	1	N/A	-215.16545091253337	C21H22O10	[M + H]+	VFERFTSKTZFXRF	InChI=1S/C21H22O10/c22-13(11-5-7-14(23)15(24)9-11)6-4-10-2-1-3-12(8-10)30-21-18(27)16(25)17(26)19(31-21)20(28)29/h1-3,5,7-9,16-19,21,23-27H,4,6H2,(H,28,29)	null	C1=CC(=CC(=C1)OC2C(C(C(C(O2)C(=O)O)O)O)O)CCC(=O)C3=CC(=C(C=C3)O)O	0.899999976	131839026	HMDB:(135436);PubChem:(131839026);PubChem class - bio and metabolites	16777226
40	1	N/A	-216.9051715280994	C21H22O10	[M + H]+	MKFXCLNPCFYGOM	InChI=1S/C21H22O10/c22-13-4-2-1-3-10(13)5-7-14(23)12-9-11(6-8-15(12)24)30-21-18(27)16(25)17(26)19(31-21)20(28)29/h1-4,6,8-9,16-19,21-22,24-27H,5,7H2,(H,28,29)	null	C1=CC=C(C(=C1)CCC(=O)C2=C(C=CC(=C2)OC3C(C(C(C(O3)C(=O)O)O)O)O)O)O	1.39999998	131838980	HMDB:(135381);PubChem:(131838980);PubChem class - bio and metabolites	16777226
41	1	N/A	-217.27743583011576	C21H22O10	[M + H]+	ZLDCOYWFBZIGGL	InChI=1S/C21H22O10/c22-11-4-1-10(2-5-11)3-7-14(23)13-9-12(6-8-15(13)24)30-21-18(27)16(25)17(26)19(31-21)20(28)29/h1-2,4-6,8-9,16-19,21-22,24-27H,3,7H2,(H,28,29)	null	C1=CC(=CC=C1CCC(=O)C2=C(C=CC(=C2)OC3C(C(C(C(O3)C(=O)O)O)O)O)O)O	1.39999998	131838976	HMDB:(135377);PubChem:(131838976);PubChem class - bio and metabolites	16777226
42	1	N/A	-218.12730435235997	C21H22O10	[M + H]+	AOEWZGXJXVRKNJ	InChI=1S/C21H22O10/c22-12(7-6-10-4-2-1-3-5-10)11-8-15(14(24)9-13(11)23)30-21-18(27)16(25)17(26)19(31-21)20(28)29/h1-5,8-9,16-19,21,23-27H,6-7H2,(H,28,29)	null	C1=CC=C(C=C1)CCC(=O)C2=CC(=C(C=C2O)O)OC3C(C(C(C(O3)C(=O)O)O)O)O	1.39999998	131838983	HMDB:(135384);PubChem:(131838983);PubChem class - bio and metabolites	16777226
43	1	N/A	-218.16314955354196	C21H22O10	[M + H]+	DYRDBDVHLCRXAE	InChI=1S/C21H22O10/c22-8-17-18(26)19(27)20(28)21(31-17)30-16-5-9(1-4-12(16)24)14-7-13(25)11-3-2-10(23)6-15(11)29-14/h1-6,14,17-24,26-28H,7-8H2	Isomonospermoside	C1C(OC2=C(C1=O)C=CC(=C2)O)C3=CC(=C(C=C3)O)OC4C(C(C(C(O4)CO)O)O)O	0.0	42607822	COCONUT:(CNP0127833);KNApSAcK:(8278);Natural Products:(UNPD202745 UNPD55330 UNPD82481 UNPD156712);PubChem:(42607822);SuperNatural:(SN00371617 SN00273667 SN00356330);PubMed;KEGG Mine	8593113170
44	1	N/A	-218.31510770080246	C21H22O10	[M + H]+	WVQRZAJIHHRKKV	InChI=1S/C21H22O10/c22-11-3-1-2-10(8-11)4-6-14(24)13-9-12(23)5-7-15(13)30-21-18(27)16(25)17(26)19(31-21)20(28)29/h1-3,5,7-9,16-19,21-23,25-27H,4,6H2,(H,28,29)	null	C1=CC(=CC(=C1)O)CCC(=O)C2=C(C=CC(=C2)O)OC3C(C(C(C(O3)C(=O)O)O)O)O	0.899999976	131838971	HMDB:(135372);PubChem:(131838971);PubChem class - bio and metabolites	16777226
45	1	N/A	-219.0217771471353	C21H22O10	[M + H]+	KSDSYIXRWHRPMN	InChI=1S/C21H22O10/c22-8-16-18(26)19(27)20(28)21(31-16)29-11-3-1-9(2-4-11)14-7-13(25)17-12(24)5-10(23)6-15(17)30-14/h1-6,14,16,18-24,26-28H,7-8H2	Naringenin 4''-O-glucoside	C1C(OC2=CC(=CC(=C2C1=O)O)O)C3=CC=C(C=C3)OC4C(C(C(C(O4)CO)O)O)O	0.600000024	157745;470791;14254850;14254851;42607906;42607907;118392131;139031043	COCONUT:(CNP0265840);KNApSAcK:(8208);Natural Products:(UNPD17764 UNPD140194);PubChem:(157745 470791 14254850 14254851 42607906 42607907 118392131 139031043);SuperNatural:(SN00401100 SN00177549 SN00344125);PubMed;KEGG Mine	8593113170
46	1	N/A	-221.0155304583645	C21H22O10	[M + H]+	YNPUJIONBZSHJT	InChI=1S/C21H22O10/c1-8-15(24)17(26)19(28)21(29-8)30-11-6-12(23)14-13(7-11)31-20(18(27)16(14)25)9-2-4-10(22)5-3-9/h2-8,15,17-24,26-28H,1H3	3,5-dihydroxy-2-(4-hydroxyphenyl)-7-(3,4,5-trihydroxy-6-methyloxan-2-yl)oxy-2,3-dihydrochromen-4-one	CC1C(C(C(C(O1)OC2=CC(=C3C(=C2)OC(C(C3=O)O)C4=CC=C(C=C4)O)O)O)O)O	0.5	5070786;97032103;100927003	COCONUT:(CNP0256533);KNApSAcK:(8675);Natural Products:(UNPD153297 UNPD134812 UNPD172739);PubChem:(5070786 97032103 100927003);SuperNatural:(SN00362232 SN00398438 SN00291387);ZINC bio:(ZINC85341087)	3186706
47	1	N/A	-223.37216381738943	C21H22O10	[M + H]+	ZBEHKJIYTJRPQQ	InChI=1S/C21H22O10/c22-11-4-8-15(24)13(9-11)14(23)7-3-10-1-5-12(6-2-10)30-21-18(27)16(25)17(26)19(31-21)20(28)29/h1-2,4-6,8-9,16-19,21-22,24-27H,3,7H2,(H,28,29)	null	C1=CC(=CC=C1CCC(=O)C2=C(C=CC(=C2)O)O)OC3C(C(C(C(O3)C(=O)O)O)O)O	1.39999998	131838974	HMDB:(135375);PubChem:(131838974);PubChem class - bio and metabolites	16777226
48	1	N/A	-224.1055391023466	C21H22O10	[M + H]+	JMVXRLMOIOTWSB	InChI=1S/C21H22O10/c1-8-18(26)19(27)20(28)21(29-8)30-10-5-13(24)17-14(25)7-15(31-16(17)6-10)9-2-3-11(22)12(23)4-9/h2-6,8,15,18-24,26-28H,7H2,1H3	Eriodictin	CC1C(C(C(C(O1)OC2=CC(=C3C(=O)CC(OC3=C2)C4=CC(=C(C=C4)O)O)O)O)O)O	0.699999988	12308984;12308985;42607969;101789466	COCONUT:(CNP0240516);HMDB:(37480);KNApSAcK:(8292);Natural Products:(UNPD127160 UNPD16634 UNPD96187);PubChem:(12308984 12308985 42607969 101789466);SuperNatural:(SN00297168 SN00370270 SN00254545);PubChem class - bio and metabolites	19955738
49	1	N/A	-224.6955877001863	C21H22O10	[M + H]+	SKJFCRZXRBDTMC	InChI=1S/C21H22O10/c22-12-5-1-10(2-6-12)3-7-13(23)11-4-8-15(14(24)9-11)30-21-18(27)16(25)17(26)19(31-21)20(28)29/h1-2,4-6,8-9,16-19,21-22,24-27H,3,7H2,(H,28,29)	null	C1=CC(=CC=C1CCC(=O)C2=CC(=C(C=C2)OC3C(C(C(C(O3)C(=O)O)O)O)O)O)O	0.899999976	131839033	HMDB:(135444);PubChem:(131839033);PubChem class - bio and metabolites	16777226
50	1	N/A	-226.621314878402	C21H22O10	[M + H]+	DXVCSJFCGCMPOC	InChI=1S/C21H22O10/c22-11-5-7-15(24)13(9-11)14(23)6-4-10-2-1-3-12(8-10)30-21-18(27)16(25)17(26)19(31-21)20(28)29/h1-3,5,7-9,16-19,21-22,24-27H,4,6H2,(H,28,29)	null	C1=CC(=CC(=C1)OC2C(C(C(C(O2)C(=O)O)O)O)O)CCC(=O)C3=C(C=CC(=C3)O)O	1.39999998	131838970	HMDB:(135371);PubChem:(131838970);PubChem class - bio and metabolites	16777226
51	1	N/A	-226.68107639306714	C21H22O10	[M + H]+	OKMZUJIPFVMESH	InChI=1S/C21H22O10/c1-8-16(25)18(27)19(28)21(29-8)31-14-5-3-10-12(23)7-15(30-20(10)17(14)26)9-2-4-11(22)13(24)6-9/h2-6,8,15-16,18-19,21-22,24-28H,7H2,1H3	Isookaninrhamnoside	CC1C(C(C(C(O1)OC2=C(C3=C(C=C2)C(=O)CC(O3)C4=CC(=C(C=C4)O)O)O)O)O)O	0.200000003	42607834	COCONUT:(CNP0275625);KNApSAcK:(8283);Natural Products:(UNPD14689 UNPD149307);PubChem:(42607834);SuperNatural:(SN00316155)	3178514
52	1	N/A	-227.43077610514754	C21H22O10	[M + H]+	SZSOPUDWTRJTPO	InChI=1S/C21H22O10/c22-11-3-1-2-10(8-11)4-6-14(23)13-9-12(5-7-15(13)24)30-21-18(27)16(25)17(26)19(31-21)20(28)29/h1-3,5,7-9,16-19,21-22,24-27H,4,6H2,(H,28,29)	null	C1=CC(=CC(=C1)O)CCC(=O)C2=C(C=CC(=C2)OC3C(C(C(C(O3)C(=O)O)O)O)O)O	1.39999998	131838972	HMDB:(135373);PubChem:(131838972);PubChem class - bio and metabolites	16777226
53	1	N/A	-227.44066571903315	C21H22O10	[M + H]+	PIHGGSZSTVNJMX	InChI=1S/C21H22O10/c22-11-6-7-15(30-21-18(27)16(25)17(26)19(31-21)20(28)29)12(8-11)14(24)9-13(23)10-4-2-1-3-5-10/h1-8,13,16-19,21-23,25-27H,9H2,(H,28,29)	null	C1=CC=C(C=C1)C(CC(=O)C2=C(C=CC(=C2)O)OC3C(C(C(C(O3)C(=O)O)O)O)O)O	0.100000001	131838967	HMDB:(135368);PubChem:(131838967);PubChem class - bio and metabolites	16777226
54	1	N/A	-227.6584992120432	C21H22O10	[M + H]+	WKPJRDCBKCWHOZ	InChI=1S/C21H22O10/c22-11-4-1-10(2-5-11)3-6-13(24)17-14(25)7-12(23)8-15(17)30-9-16-18(26)19(27)20(28)21(29)31-16/h1-8,16,18-23,25-29H,9H2	null	C1=CC(=CC=C1C=CC(=O)C2=C(C=C(C=C2OCC3C(C(C(C(O3)O)O)O)O)O)O)O	0.283430338	""	COCONUT:(CNP0130728);Natural Products:(UNPD17054);SuperNatural:(SN00263127)	3178496
55	1	N/A	-231.63428622378018	C21H22O10	[M + H]+	YATHKKPINSHCJM	InChI=1S/C21H22O10/c22-13-7-6-11(30-21-18(27)16(25)17(26)19(31-21)20(28)29)8-12(13)15(24)9-14(23)10-4-2-1-3-5-10/h1-8,14,16-19,21-23,25-27H,9H2,(H,28,29)	null	C1=CC=C(C=C1)C(CC(=O)C2=C(C=CC(=C2)OC3C(C(C(C(O3)C(=O)O)O)O)O)O)O	0.699999988	131838968	HMDB:(135369);PubChem:(131838968);PubChem class - bio and metabolites	16777226
56	1	N/A	-233.26364441890343	C21H22O10	[M + H]+	TYWSZICLFBSLGY	InChI=1S/C21H22O10/c1-29-14-5-4-10(2-3-11-6-12(22)9-13(23)7-11)8-15(14)30-21-18(26)16(24)17(25)19(31-21)20(27)28/h2-9,16-19,21-26H,1H3,(H,27,28)	null	COC1=C(C=C(C=C1)C=CC2=CC(=CC(=C2)O)O)OC3C(C(C(C(O3)C(=O)O)O)O)O	1.5	131838302	HMDB:(134586);PubChem:(131838302);PubChem class - bio and metabolites	16777226
57	1	N/A	-234.68238792236897	C21H22O10	[M + H]+	BNKVZBIAJSGAQV	InChI=1S/C21H22O10/c22-12-4-2-1-3-10(12)5-7-13(23)11-6-8-15(14(24)9-11)30-21-18(27)16(25)17(26)19(31-21)20(28)29/h1-4,6,8-9,16-19,21-22,24-27H,5,7H2,(H,28,29)	null	C1=CC=C(C(=C1)CCC(=O)C2=CC(=C(C=C2)OC3C(C(C(C(O3)C(=O)O)O)O)O)O)O	0.899999976	131839012	HMDB:(135420);PubChem:(131839012);PubChem class - bio and metabolites	16777226
58	1	N/A	-235.22107200468722	C21H22O10	[M + H]+	PFBCWAXHYYPDIO	InChI=1S/C21H22O10/c1-28-14-9-12(19(25)26)7-8-13(14)30-21-18(24)17(23)16(22)15(31-21)10-29-20(27)11-5-3-2-4-6-11/h2-9,15-18,21-24H,10H2,1H3,(H,25,26)	null	COC1=C(C=CC(=C1)C(=O)O)OC2C(C(C(C(O2)COC(=O)C3=CC=CC=C3)O)O)O	1.03928232	76328130	COCONUT:(CNP0226926);Natural Products:(UNPD223792);PubChem:(76328130);PubMed	2129986
59	1	N/A	-237.58823334841637	C21H22O10	[M + H]+	JYCISWAMFSGQCF	InChI=1S/C21H22O10/c1-8-17(25)19(27)20(28)21(29-8)30-10-2-3-11-12(22)7-15(31-16(11)6-10)9-4-13(23)18(26)14(24)5-9/h2-6,8,15,17,19-21,23-28H,7H2,1H3	null	CC1C(C(C(C(O1)OC2=CC3=C(C=C2)C(=O)CC(O3)C4=CC(=C(C(=C4)O)O)O)O)O)O	0.597938776	""	COCONUT:(CNP0365566);Natural Products:(UNPD17907);SuperNatural:(SN00365427)	3178496
60	1	N/A	-238.0128863829523	C21H22O10	[M + H]+	MNVUMLQHMGRXRR	InChI=1S/C21H22O10/c22-12(10-4-2-1-3-5-10)9-13(23)11-6-7-15(14(24)8-11)30-21-18(27)16(25)17(26)19(31-21)20(28)29/h1-8,12,16-19,21-22,24-27H,9H2,(H,28,29)	null	C1=CC=C(C=C1)C(CC(=O)C2=CC(=C(C=C2)OC3C(C(C(C(O3)C(=O)O)O)O)O)O)O	0.100000001	131839022	HMDB:(135432);PubChem:(131839022);PubChem class - bio and metabolites	16777226
61	1	N/A	-238.6320761237022	C21H22O10	[M + H]+	GWDWMESHFZNPHV	InChI=1S/C21H22O10/c1-29-11-4-2-10(3-5-11)16(24)17(25)13-7-6-12(8-14(13)23)30-21-20(28)19(27)18(26)15(9-22)31-21/h2-8,15,18-23,26-28H,9H2,1H3	null	COC1=CC=C(C=C1)C(=O)C(=O)C2=C(C=C(C=C2)OC3C(C(C(C(O3)CO)O)O)O)O	0.387528509	""	COCONUT:(CNP0270684);Natural Products:(UNPD211180)	2129920
62	1	N/A	-240.06597985071926	C21H22O10	[M + H]+	TXYBXOHMFUMMRH	InChI=1S/C21H22O10/c1-8-18(26)19(27)20(28)21(29-8)31-16-6-10(22)5-15-17(16)13(25)7-14(30-15)9-2-3-11(23)12(24)4-9/h2-6,8,14,18-24,26-28H,7H2,1H3	Eriodictyol 5-O-rhamnoside	CC1C(C(C(C(O1)OC2=CC(=CC3=C2C(=O)CC(O3)C4=CC(=C(C=C4)O)O)O)O)O)O	0.200000003	42607967	COCONUT:(CNP0108314);KNApSAcK:(8289);Natural Products:(UNPD38428);PubChem:(42607967);SuperNatural:(SN00292152)	3178514
63	1	N/A	-240.44541279681312	C21H22O10	[M + H]+	QFDJHQFPTZZSMV	InChI=1S/C21H22O10/c1-9(10-5-3-2-4-6-10)15(24)14-12(23)7-11(22)8-13(14)30-21-18(27)16(25)17(26)19(31-21)20(28)29/h2-9,16-19,21-23,25-27H,1H3,(H,28,29)	null	CC(C1=CC=CC=C1)C(=O)C2=C(C=C(C=C2OC3C(C(C(C(O3)C(=O)O)O)O)O)O)O	1.70000005	131836227	HMDB:(130017);PubChem:(131836227);PubChem class - bio and metabolites	16777226
64	1	N/A	-242.24838152114108	C21H22O10	[M + H]+	HQXUMLNFNXXYCX	InChI=1S/C21H22O10/c22-11-8-12(13(23)7-6-10-4-2-1-3-5-10)18(14(24)9-11)30-21-17(27)15(25)16(26)19(31-21)20(28)29/h1-5,8-9,15-17,19,21-22,24-27H,6-7H2,(H,28,29)	null	C1=CC=C(C=C1)CCC(=O)C2=C(C(=CC(=C2)O)O)OC3C(C(C(C(O3)C(=O)O)O)O)O	0.899999976	131838985	HMDB:(135387);PubChem:(131838985);PubChem class - bio and metabolites	16777226
65	1	N/A	-244.34452061079992	C21H22O10	[M + H]+	RXFNQSPRQDTYGI	InChI=1S/C21H22O10/c22-11-3-1-2-10(6-11)18-13(23)7-9-4-5-12(8-14(9)30-18)29-21-17(26)15(24)16(25)19(31-21)20(27)28/h1-6,8,13,15-19,21-26H,7H2,(H,27,28)	null	C1C(C(OC2=C1C=CC(=C2)OC3C(C(C(C(O3)C(=O)O)O)O)O)C4=CC(=CC=C4)O)O	0.600000024	131838796	HMDB:(135130);PubChem:(131838796);PubChem class - bio and metabolites	16777226
66	1	N/A	-246.56075265280947	C21H22O10	[M + H]+	BDRAFLNAVDEXHK	InChI=1S/C21H22O10/c22-8-14-16(25)18(27)19(28)21(31-14)30-13-7-11(24)15-10(23)6-12(29-20(15)17(13)26)9-4-2-1-3-5-9/h1-5,7,12,14,16,18-19,21-22,24-28H,6,8H2	null	C1C(OC2=C(C1=O)C(=CC(=C2O)OC3C(C(C(C(O3)CO)O)O)O)O)C4=CC=CC=C4	0.600000024	131752464	COCONUT:(CNP0152987);HMDB:(38775);PubChem:(131752464);PubChem class - bio and metabolites	18874378
67	1	N/A	-247.17363921797	C21H22O10	[M + H]+	VQUPQWGKORWZII	InChI=1S/C21H22O10/c1-8-15(25)17(27)18(28)21(29-8)31-20-16(26)14-12(24)6-11(23)7-13(14)30-19(20)9-2-4-10(22)5-3-9/h2-8,15,17-25,27-28H,1H3	Engelitin	CC1C(C(C(C(O1)OC2C(OC3=CC(=CC(=C3C2=O)O)O)C4=CC=C(C=C4)O)O)O)O	0.699999988	5316726;5317046;6453452;9802954;12309470;11972380;22524186;24871252;57351065;73388585;69494113;73897320;76310272;101502357;101937309;122173240;123680944;124931196;124931197;124931198;124931199;131707422;138107394	SuperNatural:(SN00161721 SN00323310 SN00373487 SN00273848 SN00035650 SN00264253 SN00401753 SN00035648 SN00035651 SN00030535 SN00156649 SN00035649 SN00258757);ZINC bio:(ZINC33830716 ZINC71404465 ZINC71404466 ZINC71404467 ZINC71404468);additional;MeSH:(6453452 12309470 122173240);PubMed;COCONUT:(CNP0134044);KNApSAcK:(8672);Natural Products:(UNPD67427 UNPD174085 UNPD38625 UNPD189943 UNPD116542 UNPD126038 UNPD50285 UNPD64742);PubChem:(5316726 5317046 6453452 9802954 12309470 11972380 22524186 24871252 57351065 73388585 69494113 73897320 76310272 101502357 101937309 122173240 123680944 124931196 124931197 124931198 124931199 131707422 138107394);YMDB:(1680);Training Set;KEGG Mine	8593727574
68	1	N/A	-249.1552557365613	C21H22O10	[M + H]+	YEWDHXQWBHKQIJ	InChI=1S/C21H22O10/c22-11(7-6-10-4-2-1-3-5-10)14-13(9-8-12(23)15(14)24)30-21-18(27)16(25)17(26)19(31-21)20(28)29/h1-5,8-9,16-19,21,23-27H,6-7H2,(H,28,29)	null	C1=CC=C(C=C1)CCC(=O)C2=C(C=CC(=C2O)O)OC3C(C(C(C(O3)C(=O)O)O)O)O	1.39999998	131838989	HMDB:(135391);PubChem:(131838989);PubChem class - bio and metabolites	16777226
69	1	N/A	-251.19175114769652	C21H22O10	[M + H]+	NLPMTVAWINPTBA	InChI=1S/C21H22O10/c1-9(10-5-3-2-4-6-10)15(24)14-12(22)7-11(8-13(14)23)30-21-18(27)16(25)17(26)19(31-21)20(28)29/h2-9,16-19,21-23,25-27H,1H3,(H,28,29)	null	CC(C1=CC=CC=C1)C(=O)C2=C(C=C(C=C2O)OC3C(C(C(C(O3)C(=O)O)O)O)O)O	1.70000005	131836228	HMDB:(130018);PubChem:(131836228);PubChem class - bio and metabolites	16777226
70	1	N/A	-251.91327255483154	C21H22O10	[M + H]+	AIPCQJMCAJYCGF	InChI=1S/C21H22O10/c1-28-12-7-8-14(13(9-12)19(25)26)30-21-18(24)17(23)16(22)15(31-21)10-29-20(27)11-5-3-2-4-6-11/h2-9,15-18,21-24H,10H2,1H3,(H,25,26)	null	COC1=CC(=C(C=C1)OC2C(C(C(C(O2)COC(=O)C3=CC=CC=C3)O)O)O)C(=O)O	1.03928232	""	COCONUT:(CNP0200427);Natural Products:(UNPD213040)	2129920
71	1	N/A	-254.22579742960946	C21H22O10	[M + H]+	PXOFJUJFDFKZCO	InChI=1S/C21H22O10/c22-12-5-1-10(2-6-12)3-7-13(23)11-4-8-14(24)15(9-11)30-21-18(27)16(25)17(26)19(31-21)20(28)29/h1-2,4-6,8-9,16-19,21-22,24-27H,3,7H2,(H,28,29)	null	C1=CC(=CC=C1CCC(=O)C2=CC(=C(C=C2)O)OC3C(C(C(C(O3)C(=O)O)O)O)O)O	0.899999976	131839032	HMDB:(135443);PubChem:(131839032);PubChem class - bio and metabolites	16777226
72	1	N/A	-254.26299365568227	C21H22O10	[M + H]+	IMETXANJJGTEBS	InChI=1S/C21H22O10/c22-12(8-6-10-4-2-1-3-5-10)11-7-9-13(23)18(14(11)24)30-21-17(27)15(25)16(26)19(31-21)20(28)29/h1-5,7,9,15-17,19,21,23-27H,6,8H2,(H,28,29)	null	C1=CC=C(C=C1)CCC(=O)C2=C(C(=C(C=C2)O)OC3C(C(C(C(O3)C(=O)O)O)O)O)O	1.39999998	131839018	HMDB:(135428);PubChem:(131839018);PubChem class - bio and metabolites	16777226
73	1	N/A	-254.58879087797936	C21H22O10	[M + H]+	OKUZHNLXZZMMRI	InChI=1S/C21H22O10/c22-12(7-6-10-4-2-1-3-5-10)11-8-13(23)18(14(24)9-11)30-21-17(27)15(25)16(26)19(31-21)20(28)29/h1-5,8-9,15-17,19,21,23-27H,6-7H2,(H,28,29)	null	C1=CC=C(C=C1)CCC(=O)C2=CC(=C(C(=C2)O)OC3C(C(C(C(O3)C(=O)O)O)O)O)O	0.899999976	131839016	HMDB:(135424);PubChem:(131839016);PubChem class - bio and metabolites	16777226
74	1	N/A	-258.51583099353604	C21H22O10	[M + H]+	SDBQYVXWMRNYEI	InChI=1S/C21H22O10/c1-11-19(14(24)8-9-28-11)31-21-18(27)17(26)20(15(10-22)29-21)30-16(25)7-4-12-2-5-13(23)6-3-12/h2-9,15,17-18,20-23,26-27H,10H2,1H3	null	CC1=C(C(=O)C=CO1)OC2C(C(C(C(O2)CO)OC(=O)C=CC3=CC=C(C=C3)O)O)O	0.300000012	122209598	COCONUT:(CNP0252934);Natural Products:(UNPD16904 UNPD211819 UNPD198927);PubChem:(122209598);SuperNatural:(SN00238163);MeSH:(122209598);PubMed	3178566
75	1	N/A	-259.4477402178833	C21H22O10	[M + H]+	IWMAXKLAZSGHQE	InChI=1S/C21H22O10/c22-11(7-6-10-4-2-1-3-5-10)14-12(23)8-9-13(24)18(14)30-21-17(27)15(25)16(26)19(31-21)20(28)29/h1-5,8-9,15-17,19,21,23-27H,6-7H2,(H,28,29)	null	C1=CC=C(C=C1)CCC(=O)C2=C(C=CC(=C2OC3C(C(C(C(O3)C(=O)O)O)O)O)O)O	1.39999998	131838988	HMDB:(135390);PubChem:(131838988);PubChem class - bio and metabolites	16777226
76	1	N/A	-262.5231420673064	C21H22O10	[M + H]+	VFZJHTVDMULTTJ	InChI=1S/C21H22O10/c22-12(8-6-10-4-2-1-3-5-10)11-7-9-13(15(24)14(11)23)30-21-18(27)16(25)17(26)19(31-21)20(28)29/h1-5,7,9,16-19,21,23-27H,6,8H2,(H,28,29)	null	C1=CC=C(C=C1)CCC(=O)C2=C(C(=C(C=C2)OC3C(C(C(C(O3)C(=O)O)O)O)O)O)O	1.39999998	131839019	HMDB:(135429);PubChem:(131839019);PubChem class - bio and metabolites	16777226
77	1	N/A	-264.21259765179235	C21H22O10	[M + H]+	VKTBPNODVAHPFO	InChI=1S/C21H22O10/c22-12-4-2-1-3-10(12)5-7-13(23)11-6-8-14(24)15(9-11)30-21-18(27)16(25)17(26)19(31-21)20(28)29/h1-4,6,8-9,16-19,21-22,24-27H,5,7H2,(H,28,29)	null	C1=CC=C(C(=C1)CCC(=O)C2=CC(=C(C=C2)O)OC3C(C(C(C(O3)C(=O)O)O)O)O)O	0.899999976	131839011	HMDB:(135419);PubChem:(131839011);PubChem class - bio and metabolites	16777226
78	1	N/A	-265.28527283959676	C21H22O10	[M + H]+	AYUSLDUDWINVSS	InChI=1S/C21H22O10/c1-29-15-5-4-10(8-14(15)23)2-3-11-6-12(22)9-13(7-11)30-21-18(26)16(24)17(25)19(31-21)20(27)28/h2-9,16-19,21-26H,1H3,(H,27,28)	null	COC1=C(C=C(C=C1)C=CC2=CC(=CC(=C2)OC3C(C(C(C(O3)C(=O)O)O)O)O)O)O	1.5	131838301	HMDB:(134585);PubChem:(131838301);KEGG Mine;PubChem class - bio and metabolites	8606711818
79	1	N/A	-265.4660127332571	C21H22O10	[M + H]+	HQIJUYWKHMVGNK	InChI=1S/C21H22O10/c22-8-14-17(25)19(27)20(28)21(31-14)30-13-7-12-15(18(26)16(13)24)10(23)6-11(29-12)9-4-2-1-3-5-9/h1-5,7,11,14,17,19-22,24-28H,6,8H2	(2S)-5,6,7-Trihydroxyflavanone 7-glucoside	C1C(OC2=CC(=C(C(=C2C1=O)O)O)OC3C(C(C(C(O3)CO)O)O)O)C4=CC=CC=C4	0.600000024	42608093	COCONUT:(CNP0283150);KNApSAcK:(14315);Natural Products:(UNPD162846);PubChem:(42608093);SuperNatural:(SN00233314)	3178514
80	1	N/A	-267.3025800970405	C21H22O10	[M + H]+	HHNPVMBPSVEIAJ	InChI=1S/C21H22O10/c22-13(7-6-10-4-2-1-3-5-10)12-8-11(9-14(23)15(12)24)30-21-18(27)16(25)17(26)19(31-21)20(28)29/h1-5,8-9,16-19,21,23-27H,6-7H2,(H,28,29)	null	C1=CC=C(C=C1)CCC(=O)C2=C(C(=CC(=C2)OC3C(C(C(C(O3)C(=O)O)O)O)O)O)O	1.39999998	131838986	HMDB:(135388);PubChem:(131838986);PubChem class - bio and metabolites	16777226
81	1	N/A	-267.5430961123758	C21H22O10	[M + H]+	YGRVIPDVJBRDNY	InChI=1S/C21H22O10/c22-12-7-6-11(14(24)9-13(23)10-4-2-1-3-5-10)8-15(12)30-21-18(27)16(25)17(26)19(31-21)20(28)29/h1-8,13,16-19,21-23,25-27H,9H2,(H,28,29)	null	C1=CC=C(C=C1)C(CC(=O)C2=CC(=C(C=C2)O)OC3C(C(C(C(O3)C(=O)O)O)O)O)O	0.100000001	131839021	HMDB:(135431);PubChem:(131839021);PubChem class - bio and metabolites	16777226
82	1	N/A	-268.22468679255115	C21H22O10	[M + H]+	PLVDZVRDRCLHQP	InChI=1S/C21H22O10/c22-8-14-17(27)19(29)20(30)21(31-14)16-13(26)7-12(25)15(18(16)28)11(24)6-10(23)9-4-2-1-3-5-9/h1-5,7,14,17,19-22,25-30H,6,8H2	null	C1=CC=C(C=C1)C(=O)CC(=O)C2=C(C=C(C(=C2O)C3C(C(C(C(O3)CO)O)O)O)O)O	0.100000001	90657444	Plantcyc:(CPD-15091);PubChem:(90657444);PubMed;Biocyc:(CPD-15091);PubChem class - bio and metabolites	16910402
83	1	N/A	-270.2112482428635	C21H22O10	[M + H]+	NMAVBXMKHRWUKS	InChI=1S/C21H22O10/c22-11(7-6-10-4-2-1-3-5-10)14-12(23)8-9-13(15(14)24)30-21-18(27)16(25)17(26)19(31-21)20(28)29/h1-5,8-9,16-19,21,23-27H,6-7H2,(H,28,29)	null	C1=CC=C(C=C1)CCC(=O)C2=C(C=CC(=C2O)OC3C(C(C(C(O3)C(=O)O)O)O)O)O	1.39999998	131838990	HMDB:(135392);PubChem:(131838990);PubChem class - bio and metabolites	16777226
84	1	N/A	-272.4418190629604	C21H22O10	[M + H]+	IYVIYSACNAQDQG	InChI=1S/C21H22O10/c22-11-5-4-9-7-13(23)18(30-14(9)8-11)10-2-1-3-12(6-10)29-21-17(26)15(24)16(25)19(31-21)20(27)28/h1-6,8,13,15-19,21-26H,7H2,(H,27,28)	null	C1C(C(OC2=C1C=CC(=C2)O)C3=CC(=CC=C3)OC4C(C(C(C(O4)C(=O)O)O)O)O)O	0.600000024	131838795	HMDB:(135129);PubChem:(131838795);PubChem class - bio and metabolites	16777226
85	1	N/A	-272.79560187315934	C21H22O10	[M + H]+	ALOAVZSNXPGUGM	InChI=1S/C21H22O10/c22-7-15-16(24)17(25)18(26)20(31-15)29-10-2-3-11-13(6-10)28-8-21(27)12-4-1-9(23)5-14(12)30-19(11)21/h1-6,15-20,22-27H,7-8H2	null	C1C2(C(C3=C(O1)C=C(C=C3)OC4C(C(C(C(O4)CO)O)O)O)OC5=C2C=CC(=C5)O)O	-0.600000024	118724462	COCONUT:(CNP0078896);PubChem:(118724462);PubMed	2097218
86	1	N/A	-272.94307100842417	C21H22O10	[M + H]+	RJRJAVHDRQWPRS	InChI=1S/C21H22O10/c22-12-3-1-2-10(8-12)4-6-13(23)11-5-7-14(24)15(9-11)30-21-18(27)16(25)17(26)19(31-21)20(28)29/h1-3,5,7-9,16-19,21-22,24-27H,4,6H2,(H,28,29)	null	C1=CC(=CC(=C1)O)CCC(=O)C2=CC(=C(C=C2)O)OC3C(C(C(C(O3)C(=O)O)O)O)O	0.899999976	131839027	HMDB:(135437);PubChem:(131839027);PubChem class - bio and metabolites	16777226
87	1	N/A	-275.75655733087086	C21H22O10	[M + H]+	LUGRJXSUUSMJEB	InChI=1S/C21H22O10/c1-8-17(26)18(27)19(28)21(29-8)31-16-7-11-13(24)5-10(22)6-15(11)30-20(16)9-2-3-12(23)14(25)4-9/h2-6,8,17-19,21-28H,7H2,1H3	(2S,3R,4R,5R,6S)-2-[[2-(3,4-dihydroxyphenyl)-5,7-dihydroxy-4H-chromen-3-yl]oxy]-6-methyl-tetrahydropyran-3,4,5-triol	CC1C(C(C(C(O1)OC2=C(OC3=CC(=CC(=C3C2)O)O)C4=CC(=C(C=C4)O)O)O)O)O	0.600000024	71588877	COCONUT:(CNP0165165);Natural Products:(UNPD200078 UNPD168022);PubChem:(71588877);SuperNatural:(SN00239198);PubMed	3178562
88	1	N/A	-282.4027827664979	C21H22O10	[M + H]+	HGNVLYYHGOCQSU	InChI=1S/C21H22O10/c1-8-17(26)18(27)19(28)21(29-8)31-16-7-11-13(24)5-10(22)6-15(11)30-20(16)9-2-3-12(23)14(25)4-9/h2-6,8,16-19,21,26-28H,7H2,1H3,(H3-,22,23,24,25)/p+1	null	CC1C(C(C(C(O1)OC2CC3=C(C=C(C=C3[O+]=C2C4=CC(=C(C=C4)O)O)O)O)O)O)O	0.0	""	COCONUT:(CNP0388108);Natural Products:(UNPD12266);SuperNatural:(SN00312361)	3178496
89	1	N/A	-284.99214754821344	C21H22O10	[M + H]+	SINBBKIPWCXACW	InChI=1S/C21H22O10/c22-12(7-6-10-4-2-1-3-5-10)11-8-13(23)15(24)14(9-11)30-21-18(27)16(25)17(26)19(31-21)20(28)29/h1-5,8-9,16-19,21,23-27H,6-7H2,(H,28,29)	null	C1=CC=C(C=C1)CCC(=O)C2=CC(=C(C(=C2)OC3C(C(C(C(O3)C(=O)O)O)O)O)O)O	0.899999976	131839015	HMDB:(135423);PubChem:(131839015);PubChem class - bio and metabolites	16777226
90	1	N/A	-285.13578071089364	C21H22O10	[M + H]+	NCHVKTCSBHTBLZ	InChI=1S/C21H22O10/c22-8-15-17(26)18(27)19(28)21(31-15)30-13-6-5-11(24)20-16(13)12(25)7-14(29-20)9-1-3-10(23)4-2-9/h1-6,14-15,17-19,21-24,26-28H,7-8H2	null	C1C(OC2=C(C=CC(=C2C1=O)OC3C(C(C(C(O3)CO)O)O)O)O)C4=CC=C(C=C4)O	0.0793023854	""	COCONUT:(CNP0237378);Natural Products:(UNPD178233);SuperNatural:(SN00387915)	3178496
91	1	N/A	-287.70580938047976	C21H22O10	[M + H]+	UXFHGJBARUQTBN	InChI=1S/C21H22O10/c1-8-3-10(29-21-19(26)18(25)17(24)14(7-22)31-21)6-13-15(8)11-4-9(28-2)5-12(23)16(11)20(27)30-13/h3-6,14,17-19,21-26H,7H2,1-2H3	null	CC1=CC(=CC2=C1C3=C(C(=CC(=C3)OC)O)C(=O)O2)OC4C(C(C(C(O4)CO)O)O)O	1.39999998	71566769;102221307	COCONUT:(CNP0125812);Natural Products:(UNPD227440);PubChem:(71566769 102221307)	2129922
92	1	N/A	-287.97640687840493	C21H22O10	[M + H]+	ZIWPWLNTWQUYLO	InChI=1S/C21H22O10/c1-8-16(25)18(27)19(28)21(29-8)31-14-7-12(24)15-11(23)6-13(30-20(15)17(14)26)9-2-4-10(22)5-3-9/h2-5,7-8,13,16,18-19,21-22,24-28H,6H2,1H3	Isocarthamidin 7-O-rhamnoside	CC1C(C(C(C(O1)OC2=C(C3=C(C(=O)CC(O3)C4=CC=C(C=C4)O)C(=C2)O)O)O)O)O	0.699999988	42608114	COCONUT:(CNP0118386);KNApSAcK:(8487);Natural Products:(UNPD81267);PubChem:(42608114);SuperNatural:(SN00301028)	3178514
93	1	N/A	-288.2162074943661	C21H22O10	[M + H]+	LEYVKBSXLJXVAZ	InChI=1S/C21H22O10/c22-8-17-18(26)19(27)20(28)21(31-17)30-16-5-9(1-3-12(16)24)14-4-2-11-13(25)6-10(23)7-15(11)29-14/h1,3-7,17-28H,2,8H2	null	C1C=C(OC2=CC(=CC(=C21)O)O)C3=CC(=C(C=C3)O)OC4C(C(C(C(O4)CO)O)O)O	0.716250002	""	COCONUT:(CNP0184256);Natural Products:(UNPD57278);SuperNatural:(SN00283507)	3178496
94	1	N/A	-291.52725793221936	C21H22O10	[M + H]+	OUXNATLJNAOGHB	InChI=1S/C21H22O10/c22-11-8-12(13(23)7-6-10-4-2-1-3-5-10)15(24)14(9-11)30-21-18(27)16(25)17(26)19(31-21)20(28)29/h1-5,8-9,16-19,21-22,24-27H,6-7H2,(H,28,29)	null	C1=CC=C(C=C1)CCC(=O)C2=C(C(=CC(=C2)O)OC3C(C(C(C(O3)C(=O)O)O)O)O)O	1.39999998	131838984	HMDB:(135386);PubChem:(131838984);PubChem class - bio and metabolites	16777226
95	1	N/A	-296.13542040266293	C21H22O10	[M + H]+	DCYCTHAKHYSDFS	InChI=1S/C21H22O10/c1-8-3-9(28-2)6-13-15(8)11-4-10(5-12(23)16(11)20(27)30-13)29-21-19(26)18(25)17(24)14(7-22)31-21/h3-6,14,17-19,21-26H,7H2,1-2H3	null	CC1=CC(=CC2=C1C3=C(C(=CC(=C3)OC4C(C(C(C(O4)CO)O)O)O)O)C(=O)O2)OC	1.39999998	132556040	PubChem:(132556040);COCONUT:(CNP0354971)	2097154
96	1	N/A	-297.13756951178675	C21H22O10	[M + H]+	VPQWOQSQAVBHEV	InChI=1S/C21H22O10/c22-7-14-17(27)18(28)19(29)21(31-14)16-11(25)5-10(24)15-12(26)6-13(30-20(15)16)8-1-3-9(23)4-2-8/h1-5,13-14,17-19,21-25,27-29H,6-7H2	Isohemiphloin	C1C(OC2=C(C(=CC(=C2C1=O)O)O)C3C(C(C(C(O3)CO)O)O)O)C4=CC=C(C=C4)O	-0.100000001	23502663;23514988;23724768;42607891;56940673;71614557;71614558;91607060;91895349;133561799	COCONUT:(CNP0250418);HMDB:(124767);KNApSAcK:(6092);Natural Products:(UNPD229551);PubChem:(23502663 23514988 23724768 42607891 56940673 71614557 71614558 91607060 91895349 133561799);CHEBI:(80529);PubChem class - bio and metabolites;KEGG:(C16492);PubMed	18907514
97	1	N/A	-307.01852111991457	C21H22O10	[M + H]+	MBUHLVVOKJTTQQ	InChI=1S/C21H22O10/c22-8-15-17(26)18(27)19(28)21(31-15)30-13-6-5-11(24)16-12(25)7-14(29-20(13)16)9-1-3-10(23)4-2-9/h1-6,14-15,17-19,21-24,26-28H,7-8H2	null	C1C(OC2=C(C=CC(=C2C1=O)O)OC3C(C(C(C(O3)CO)O)O)O)C4=CC=C(C=C4)O	0.0793023854	""	COCONUT:(CNP0250342);Natural Products:(UNPD131508);SuperNatural:(SN00254506)	3178496
98	1	N/A	-308.4554930644929	C21H22O10	[M + H]+	HFHXEAICOLMGTA	InChI=1S/C21H22O10/c22-8-13-15(25)16(26)17(27)19(30-13)14-12(24)6-5-11-18(14)31-21(29,20(11)28)7-9-1-3-10(23)4-2-9/h1-6,13,15-17,19,22-27,29H,7-8H2	2,6-dihydroxy-2-[(4-hydroxyphenyl)methyl]-7-[3,4,5-trihydroxy-6-(hydroxymethyl)oxan-2-yl]-1-benzofuran-3-one	C1=CC(=CC=C1CC2(C(=O)C3=C(O2)C(=C(C=C3)O)C4C(C(C(C(O4)CO)O)O)O)O)O	-0.5	9802953;9932617;44465044;59093015;101339126;101339127	COCONUT:(CNP0289755);Natural Products:(UNPD7289 UNPD159053);PubChem:(9802953 9932617 44465044 59093015 101339126 101339127);SuperNatural:(SN00381798 SN00401301);PubMed	3178562
99	1	N/A	-310.120256235662	C21H22O10	[M + H]+	NBNJOUADJFMZFT	InChI=1S/C21H22O10/c22-10-3-1-9(2-4-10)13-7-12(24)17-14(5-11(23)6-15(17)30-13)29-8-16-18(25)19(26)20(27)21(28)31-16/h1-6,13,16,18-23,25-28H,7-8H2	null	C1C(OC2=C(C1=O)C(=CC(=C2)O)OCC3C(C(C(C(O3)O)O)O)O)C4=CC=C(C=C4)O	0.0793023854	""	COCONUT:(CNP0359558)	2097152
100	1	N/A	-312.085769428199	C21H22O10	[M + H]+	QKPKGDDHOGIEOO	InChI=1S/C21H22O10/c22-7-14-17(26)19(28)20(29)21(31-14)16-11(25)6-13-15(18(16)27)10(24)5-12(30-13)8-1-3-9(23)4-2-8/h1-4,6,12,14,17,19-23,25-29H,5,7H2	Hemiphloin	C1C(OC2=C(C1=O)C(=C(C(=C2)O)C3C(C(C(C(O3)CO)O)O)O)O)C4=CC=C(C=C4)O	-0.100000001	160711;23502664;23514987;42607890;44223924;46944556;51683938;51683939;51683940;51683941;58253134;68323445;90923029;124636733;124636734;124839768;124839769;124298563;124298564	SuperNatural:(SN00028934 SN00031055 SN00037320 SN00031057 SN00037323 SN00031058 SN00318278 SN00037321 SN00031056 SN00037322);ZINC bio:(ZINC15268992 ZINC15268994 ZINC15268997 ZINC15268999 ZINC31159286 ZINC35271788 ZINC35271791 ZINC35271794 ZINC35271797);additional;MeSH:(160711);PubMed;COCONUT:(CNP0111281);KNApSAcK:(6091);Natural Products:(UNPD153414 UNPD194273);PubChem:(160711 23502664 23514987 42607890 44223924 46944556 51683938 51683939 51683940 51683941 58253134 68323445 90923029 124636733 124636734 124839768 124839769 124298563 124298564);PubChem class - safety and toxic;Training Set;KEGG Mine	8660770902
101	1	N/A	-313.02300987104763	C21H22O10	[M + H]+	LYAYHRQWYQGYJH	InChI=1S/C21H22O10/c22-8-13-15(25)16(26)17(27)20(30-13)28-10-3-5-21(6-4-10)19(31-21)18-14(24)11-2-1-9(23)7-12(11)29-18/h1-7,10,13,15-20,22-23,25-27H,8H2	null	C1=CC2(C=CC1OC3C(C(C(C(O3)CO)O)O)O)C(O2)C4C(=O)C5=C(O4)C=C(C=C5)O	-0.5	91820014	Plantcyc:(CPD-17479);PubChem:(91820014);PubMed;Biocyc:(CPD-17479);PubChem class - bio and metabolites	16910402
102	1	N/A	-316.61805368921375	C21H22O10	[M + H]+	RXVLWCCRHSJBJV	InChI=1S/C21H22O10/c22-8-16-18(26)19(27)20(21(28)31-16)29-11-5-12(24)17-13(25)7-14(30-15(17)6-11)9-1-3-10(23)4-2-9/h1-6,14,16,18-24,26-28H,7-8H2	null	C1C(OC2=CC(=CC(=C2C1=O)O)OC3C(C(C(OC3O)CO)O)O)C4=CC=C(C=C4)O	0.0793023854	""	COCONUT:(CNP0320294);Natural Products:(UNPD81184);SuperNatural:(SN00359986)	3178496
103	1	N/A	-321.42667590043993	C21H22O10	[M + H]+	MWEQUYGNDXCXGS	InChI=1S/C21H22O10/c1-8-3-9-4-10-5-11(28-2)6-12(14(10)17(24)15(9)20(27)29-8)30-21-19(26)18(25)16(23)13(7-22)31-21/h3-6,13,16,18-19,21-26H,7H2,1-2H3	null	CC1=CC2=CC3=CC(=CC(=C3C(=C2C(=O)O1)O)OC4C(C(C(C(O4)CO)O)O)O)OC	1.5	101844878	COCONUT:(CNP0088097 CNP0198388);Natural Products:(UNPD24296);PubChem:(101844878);SuperNatural:(SN00161411)	3178498
104	1	N/A	-326.22968454734917	C21H22O10	[M + H]+	UTVWZUXFUOQWPD	InChI=1S/C21H22O10/c22-6-13-16(26)18(28)19(29)21(31-13)14-12(24)5-10-15(25)11(7-30-20(10)17(14)27)8-1-3-9(23)4-2-8/h1-5,11,13,16,18-19,21-24,26-29H,6-7H2	null	C1C(C(=O)C2=CC(=C(C(=C2O1)O)C3C(C(C(C(O3)CO)O)O)O)O)C4=CC=C(C=C4)O	-0.499721169	""	COCONUT:(CNP0272744);Natural Products:(UNPD39475);SuperNatural:(SN00369684)	3178496
105	1	N/A	-337.6880049990939	C21H22O10	[M + H]+	CDMUGCVTTUOCFT	InChI=1S/C21H22O10/c1-8-3-11(23)16-12(29-8)5-9-4-10(28-2)6-13(15(9)18(16)25)30-21-20(27)19(26)17(24)14(7-22)31-21/h3-6,14,17,19-22,24-27H,7H2,1-2H3	Rubrofusarin-6-glucoside	CC1=CC(=O)C2=C(C3=C(C=C(C=C3C=C2O1)OC)OC4C(C(C(C(O4)CO)O)O)O)O	1.20000005	332770;3035617	COCONUT:(CNP0228463);Natural Products:(UNPD84003 UNPD115692);PubChem:(332770 3035617);SuperNatural:(SN00298180 SN00274092);MeSH:(3035617);PubMed;KEGG Mine	8593113158
106	1	N/A	-339.1493937945258	C21H22O10	[M + H]+	HKKOALUTOMGGMT	InChI=1S/C21H22O10/c22-5-7-3-9-13(21-20(30)19(29)17(27)12(6-23)31-21)8-1-2-10(24)16(26)15(8)18(28)14(9)11(25)4-7/h1-4,12-13,17,19-27,29-30H,5-6H2	9(10H)-Anthracenone, 10-beta-D-glucopyranosyl-1,2,8-trihydroxy-6-(hydroxymethyl)-, (10R)-	C1=CC(=C(C2=C1C(C3=C(C2=O)C(=CC(=C3)CO)O)C4C(C(C(C(O4)CO)O)O)O)O)O	-0.5	158096;5318137;22524275;53462673;102052685	COCONUT:(CNP0294678);HMDB:(41150);Natural Products:(UNPD36178);PubChem:(158096 5318137 22524275 53462673 102052685);SuperNatural:(SN00159909);PubChem class - bio and metabolites;KEGG Mine	8609890314
107	1	N/A	-342.4647806138418	C21H22O10	[M + H]+	IPGXIZABQUBQSI	InChI=1S/C21H22O10/c1-29-9-4-8-5-10-13(30-21-20(28)19(27)17(25)14(7-22)31-21)3-2-11(23)16(10)18(26)15(8)12(24)6-9/h2-4,6,14,17,19-25,27-28H,5,7H2,1H3	null	COC1=CC(=C2C(=C1)CC3=C(C=CC(=C3C2=O)O)OC4C(C(C(C(O4)CO)O)O)O)O	0.450071454	""	COCONUT:(CNP0113009);Natural Products:(UNPD28656);SuperNatural:(SN00267639)	3178496
108	1	N/A	-342.7621857320903	C21H22O10	[M + H]+	CPUHNROBVJNNPW	InChI=1S/C21H22O10/c22-6-8-4-10-15(12(25)5-8)17(27)14-9(2-1-3-11(14)24)20(10)31-21-19(29)18(28)16(26)13(7-23)30-21/h1-5,13,16,18-26,28-29H,6-7H2	Casanthranol	C1=CC2=C(C(=C1)O)C(=O)C3=C(C2OC4C(C(C(C(O4)CO)O)O)O)C=C(C=C3O)CO	-0.400000006	2098;3010922;6479806;16757884;24728697;51371307;124932899;124932900;124932902;124932904	COCONUT:(CNP0272177);Natural Products:(UNPD1568 UNPD48689);PubChem:(2098 3010922 6479806 16757884 24728697 51371307 124932899 124932900 124932902 124932904);SuperNatural:(SN00006179 SN00006178);ZINC bio:(ZINC03977786 ZINC03977787);MeSH:(2098 51371307);PubChem class - safety and toxic;PubMed;PubChem class - drug	103850054
109	1	N/A	-343.5725327661827	C21H22O10	[M + H]+	ILTHPPRTQUWWGU	InChI=1S/C21H22O10/c22-8-17-19(27)20(28)21(9-23,31-17)30-12-5-13(25)18-14(26)7-15(29-16(18)6-12)10-1-3-11(24)4-2-10/h1-6,15,17,19-20,22-25,27-28H,7-9H2	null	C1C(OC2=CC(=CC(=C2C1=O)O)OC3(C(C(C(O3)CO)O)O)CO)C4=CC=C(C=C4)O	-0.141977504	""	COCONUT:(CNP0419451);Natural Products:(UNPD38671);SuperNatural:(SN00337534)	3178496
110	1	N/A	-348.4515490777506	C21H22O10	[M + H]+	OEOXLIKYYXNOGC	InChI=1S/C21H22O10/c22-6-5-12-8-13(14(10-23)20(28)19(12)27)9-17(21(29)30)31-18(26)4-2-11-1-3-15(24)16(25)7-11/h1-4,7-8,17,22-25,27-28H,5-6,9-10H2,(H,29,30)/p-1	null	C1=CC(=C(C=C1C=CC(=O)OC(CC2=C(C(=C(C(=C2)CCO)O)O)CO)C(=O)[O-])O)O	1.48084819	""	COCONUT:(CNP0052276 CNP0203674);SuperNatural:(SN00167059)	3145728
111	1	N/A	-358.3420224519911	C21H22O10	[M + H]+	GOGTZFIXPWXNHH	InChI=1S/C21H22O10/c1-8-3-10(29-21-19(27)18(26)20(28-2)14(7-22)31-21)6-13-15(8)17(25)16-11(24)4-9(23)5-12(16)30-13/h3-6,14,18-24,26-27H,7H2,1-2H3	null	CC1=CC(=CC2=C1C(=O)C3=C(C=C(C=C3O2)O)O)OC4C(C(C(C(O4)CO)OC)O)O	1.0	23630692;74072909	PubChem:(23630692 74072909);COCONUT:(CNP0349291)	2097154
112	1	N/A	-364.5668264162706	C21H22O10	[M + H]+	FPPVBAMKHUAIOP	InChI=1S/C21H22O10/c1-10(19(24)25)11-3-2-4-14(9-11)29-12-5-7-13(8-6-12)30-17-15(22)18(20(26)27)31-21(28)16(17)23/h2-10,15-18,21-23,28H,1H3,(H,24,25)(H,26,27)	null	CC(C1=CC(=CC=C1)OC2=CC=C(C=C2)OC3C(C(OC(C3O)O)C(=O)O)O)C(=O)O	1.60000002	131769945	PubChem:(131769945);HMDB:(60772)	10
113	1	N/A	-370.74400940083694	C21H22O10	[M + H]+	LJCDCYLYUCZUGL	InChI=1S/C21H22O10/c22-5-7-3-8-13(11(26)4-7)18(28)16-10(25)2-1-9(24)15(16)14(8)21-20(30)19(29)17(27)12(6-23)31-21/h1-4,12,14,17,19-27,29-30H,5-6H2	(10R)-1,5,8-trihydroxy-3-(hydroxymethyl)-10-[(2S,3R,4R,5S,6R)-3,4,5-trihydroxy-6-(hydroxymethyl)oxan-2-yl]-10H-anthracen-9-one	C1=CC(=C2C(=C1O)C(C3=C(C2=O)C(=CC(=C3)CO)O)C4C(C(C(C(O4)CO)O)O)O)O	-0.5	11972367;73157760;101613148	COCONUT:(CNP0319861);HMDB:(40832);Natural Products:(UNPD24872 UNPD41404);PubChem:(11972367 73157760 101613148);SuperNatural:(SN00376250 SN00166629);PubChem class - bio and metabolites;MeSH:(11972367 73157760);PubMed;KEGG Mine	8609890382
114	1	N/A	-380.9799936270155	C21H22O10	[M + H]+	NZPHQXJGYPDNMC	InChI=1S/C21H22O10/c1-25-12-7-9(16(26-2)15(24)17(12)27-3)11-8-10(22)13-14(23)19(28-4)21(30-6)20(29-5)18(13)31-11/h7-8,23-24H,1-6H3	Agehoustin D	COC1=C(C(=C(C(=C1)C2=CC(=O)C3=C(C(=C(C(=C3O2)OC)OC)OC)O)OC)O)OC	2.79999995	13914993	COCONUT:(CNP0111509);KNApSAcK:(3980);Natural Products:(UNPD31581);PubChem:(13914993);SuperNatural:(SN00370632)	3178514
115	1	N/A	-381.1647081782319	C21H22O10	[M + H]+	VISJSUMTZRQQFX	InChI=1S/C21H22O10/c1-8-5-10-15(12(24)6-8)17(26)14-9(3-2-4-11(14)23)21(10,29)31-20-19(28)18(27)16(25)13(7-22)30-20/h2-6,13,16,18-20,22-25,27-29H,7H2,1H3	null	CC1=CC(=C2C(=C1)C(C3=C(C2=O)C(=CC=C3)O)(O)OC4C(C(C(C(O4)CO)O)O)O)O	-0.136462659	""	COCONUT:(CNP0367523);Natural Products:(UNPD182080);SuperNatural:(SN00385905)	3178496
116	1	N/A	-383.8309646118709	C21H22O10	[M + H]+	WRQPROLXESIJKE	InChI=1S/C21H22O10/c22-6-8-4-10-15(12(25)5-8)17(27)14-9(2-1-3-11(14)24)21(10,30)20-19(29)18(28)16(26)13(7-23)31-20/h1-5,13,16,18-20,22-26,28-30H,6-7H2	1,8,10-trihydroxy-3-(hydroxymethyl)-10-[3,4,5-trihydroxy-6-(hydroxymethyl)oxan-2-yl]anthracen-9-one	C1=CC2=C(C(=C1)O)C(=O)C3=C(C2(C4C(C(C(C(O4)CO)O)O)O)O)C=C(C=C3O)CO	-1.20000005	14889735;14889736;14889737;129431886;129431887;129431888;129431889	COCONUT:(CNP0154057);KNApSAcK:(44047);Natural Products:(UNPD20241 UNPD92026);PubChem:(14889735 14889736 14889737 129431886 129431887 129431888 129431889);SuperNatural:(SN00036825 SN00036828 SN00036827 SN00030937 SN00030936 SN00347896 SN00268268 SN00036826 SN00030938 SN00030939);ZINC bio:(ZINC14442630 ZINC14442632 ZINC14442634 ZINC14442636 ZINC35271224 ZINC35271227 ZINC35271231 ZINC35271235);additional;MeSH:(14889737);Training Set;PubMed;KEGG Mine	8593662038
117	1	N/A	-385.188813611802	C21H22O10	[M + H]+	MTRZNLNUNVGZPP	InChI=1S/C21H22O10/c1-7-2-9-14(11(24)3-7)17(27)15-10(4-8(23)5-12(15)25)21(9,30)20-19(29)18(28)16(26)13(6-22)31-20/h2-5,13,16,18-20,22-26,28-30H,6H2,1H3	null	CC1=CC2=C(C(=C1)O)C(=O)C3=C(C2(C4C(C(C(C(O4)CO)O)O)O)O)C=C(C=C3O)O	-0.300000012	73352072;72943853	COCONUT:(CNP0135133);KNApSAcK:(34664);Natural Products:(UNPD197600 UNPD227698);PubChem:(73352072 72943853);SuperNatural:(SN00163188);PubMed	3178578
118	1	N/A	-388.01616974346024	C21H22O10	[M + H]+	LQWYACWFYYOVGS	InChI=1S/C21H22O10/c1-25-11-7-9(10(22)8-12(11)26-2)16-18(27-3)14(23)13-15(24)19(28-4)21(30-6)20(29-5)17(13)31-16/h7-8,22,24H,1-6H3	5,2''-Dihydroxy-3,6,7,8,4'',5''-hexamethoxyflavone	COC1=C(C=C(C(=C1)C2=C(C(=O)C3=C(C(=C(C(=C3O2)OC)OC)OC)O)OC)O)OC	3.0999999	44260086	COCONUT:(CNP0313176);KNApSAcK:(4855);Natural Products:(UNPD71635);PubChem:(44260086);SuperNatural:(SN00372564);PubMed	3178578
119	1	N/A	-397.8209550124585	C21H22O10	[M + H]+	SKTGQBSVCAOCCR	InChI=1S/C21H22O10/c1-25-15-10(22)7-9(8-11(15)23)14-18(27-3)13(24)12-16(26-2)19(28-4)21(30-6)20(29-5)17(12)31-14/h7-8,22-23H,1-6H3	3'',5''-Dihydroxy-3,5,6,7,8,4''-hexamethoxyflavone	COC1=C(C=C(C=C1O)C2=C(C(=O)C3=C(O2)C(=C(C(=C3OC)OC)OC)OC)OC)O	2.5	44260076	COCONUT:(CNP0172391);KNApSAcK:(4866);Natural Products:(UNPD33564);PubChem:(44260076);SuperNatural:(SN00374764)	3178514
120	1	N/A	-398.2685988326257	C21H22O10	[M + H]+	RPWGPITYYOQXEV	InChI=1S/C21H22O10/c1-28-16-5-10-4-14(30-15(10)7-13(16)24)9-2-11(23)6-12(3-9)29-21-20(27)19(26)18(25)17(8-22)31-21/h2-7,17-27H,8H2,1H3	(2S,3R,4S,5S,6R)-2-[3-hydroxy-5-(6-hydroxy-5-methoxy-1-benzofuran-2-yl)phenoxy]-6-(hydroxymethyl)oxane-3,4,5-triol	COC1=C(C=C2C(=C1)C=C(O2)C3=CC(=CC(=C3)OC4C(C(C(C(O4)CO)O)O)O)O)O	1.10000002	11826212	COCONUT:(CNP0226702);KNApSAcK:(19245);Natural Products:(UNPD182752);PubChem:(11826212);SuperNatural:(SN00279641);MeSH:(11826212);PubMed	3178582
121	1	N/A	-398.88483000044795	C21H22O10	[M + H]+	ZTHRLKADVCQFRL	InChI=1S/C21H22O10/c1-30-20-10(24)3-2-8-13(21-19(29)18(28)16(26)12(6-22)31-21)9-4-7(23)5-11(25)14(9)17(27)15(8)20/h2-5,12-13,16,18-19,21-26,28-29H,6H2,1H3	2,6,8-trihydroxy-1-methoxy-10-[(2S,3R,4R,5S,6R)-3,4,5-trihydroxy-6-(hydroxymethyl)oxan-2-yl]-10H-anthracen-9-one	COC1=C(C=CC2=C1C(=O)C3=C(C2C4C(C(C(C(O4)CO)O)O)O)C=C(C=C3O)O)O	0.400000006	11968593;21550387	COCONUT:(CNP0094131);PubChem:(11968593 21550387);SuperNatural:(SN00166612)	3145730
122	1	N/A	-402.97142703632613	C21H22O10	[M + H]+	DUKJDRDRSGUTCH	InChI=1S/C21H22O10/c1-25-10-8-12(27-3)11(26-2)7-9(10)17-20(29-5)15(23)13-14(22)19(28-4)16(24)21(30-6)18(13)31-17/h7-8,22,24H,1-6H3	5,7-Dihydroxy-3,6,8,2'',4'',5''-hexamethoxyflavone	COC1=CC(=C(C=C1C2=C(C(=O)C3=C(C(=C(C(=C3O2)OC)O)OC)O)OC)OC)OC	3.0999999	13942676	COCONUT:(CNP0331047);KNApSAcK:(4856);Natural Products:(UNPD95764);PubChem:(13942676);SuperNatural:(SN00295198);MeSH:(13942676);PubMed	3178582
123	1	N/A	-409.95467742604643	C21H22O10	[M + H]+	BYPUSJHQPRFYGB	InChI=1S/C21H22O10/c22-3-6-28-13-10-14(25)18-17(11-13)31-21(20(27)19(18)26)12-1-2-15(29-7-4-23)16(9-12)30-8-5-24/h1-2,9-11,22-25,27H,3-8H2	null	C1=CC(=C(C=C1C2=C(C(=O)C3=C(C=C(C=C3O2)OCCO)O)O)OCCO)OCCO	1.06499076	57838138	HMDB:(141964);PubChem:(57838138);PubChem class - bio and metabolites	16777226
124	1	N/A	-421.5842036682686	C21H22O10	[M + H]+	PCZSYPUPCOCVGU	InChI=1S/C21H22O10/c22-8-15(26)20(28)21(29)16(27)9-30-12-3-1-10(2-4-12)17-7-14(25)19-13(24)5-11(23)6-18(19)31-17/h1-6,8,15-17,20-21,23-24,26-29H,7,9H2	null	C1C(OC2=CC(=CC(=C2C1=O)O)O)C3=CC=C(C=C3)OCC(C(C(C(C=O)O)O)O)O	-0.0112334248	""	COCONUT:(CNP0389938)	2097152
125	1	N/A	-421.5959969585931	C21H22O10	[M + H]+	GIEYELPGDHOPHM	InChI=1S/C21H22O10/c1-25-11-8-9(7-10(22)16(11)26-2)15-18(27-3)13(23)12-14(24)19(28-4)21(30-6)20(29-5)17(12)31-15/h7-8,22,24H,1-6H3	digicitrin	COC1=CC(=CC(=C1OC)O)C2=C(C(=O)C3=C(C(=C(C(=C3O2)OC)OC)OC)O)OC	3.0999999	10071564	COCONUT:(CNP0197671);KNApSAcK:(4867);Natural Products:(UNPD101632);PubChem:(10071564);SuperNatural:(SN00345275);PubMed	3178578
126	1	N/A	-422.3978466282841	C21H22O10	[M + H]+	STOOYXQBDXLKQY	InChI=1S/C21H22O10/c22-6-8-4-10-14(11(24)5-8)18(27)15-9(16(10)25)2-1-3-12(15)30-21-20(29)19(28)17(26)13(7-23)31-21/h1-5,10,13-14,17,19-24,26,28-29H,6-7H2	null	C1=CC2=C(C(=C1)OC3C(C(C(C(O3)CO)O)O)O)C(=O)C4C(C2=O)C=C(C=C4O)CO	-1.15822411	""	COCONUT:(CNP0097469);SuperNatural:(SN00161966)	3145728
127	1	N/A	-427.5921512885318	C21H22O10	[M + H]+	RHLMGPWZWIZGKM	InChI=1S/C21H22O10/c22-8-15-17(25)18(26)19(27)21(31-15)30-14-7-12(24)5-10-6-13(29-20(28)16(10)14)9-1-3-11(23)4-2-9/h1-5,7,13,15,17-19,21-27H,6,8H2	null	C1C(OC(=O)C2=C1C=C(C=C2OC3C(C(C(C(O3)CO)O)O)O)O)C4=CC=C(C=C4)O	0.5	71663605	COCONUT:(CNP0196486);Natural Products:(UNPD223467);PubChem:(71663605)	2129922
128	1	N/A	-430.1070660392513	C21H22O10	[M + H]+	KQWHLCAYYRCRSN	InChI=1S/C21H22O10/c1-25-10-7-9(8-11(26-2)17(10)27-3)16-15(24)13(22)12-14(23)19(28-4)21(30-6)20(29-5)18(12)31-16/h7-8,23-24H,1-6H3	null	COC1=CC(=CC(=C1OC)OC)C2=C(C(=O)C3=C(C(=C(C(=C3O2)OC)OC)OC)O)O	3.0999999	129848252	COCONUT:(CNP0179304);Natural Products:(UNPD57874);PubChem:(129848252)	2129922
129	1	N/A	-430.9537646761427	C21H22O10	[M + H]+	DBOYOVGKDXGSHO	InChI=1S/C21H22O10/c1-8(22)6-11-7-10-4-3-5-12(14(10)15(24)13(11)9(2)23)30-21-18(27)16(25)17(26)19(31-21)20(28)29/h3-5,7,16-19,21,24-27H,6H2,1-2H3,(H,28,29)	null	CC(=O)CC1=C(C(=C2C(=C1)C=CC=C2OC3C(C(C(C(O3)C(=O)O)O)O)O)O)C(=O)C	0.800000012	25015154;139583869	PubChem:(25015154 139583869);COCONUT:(CNP0343558)	2097154
130	1	N/A	-442.28480146030887	C21H22O10	[M + H]+	QXRNWRWFNALYGH	InChI=1S/C21H22O10/c1-25-10-7-9(8-11(26-2)17(10)27-3)16-20(29-5)14(23)12-13(22)19(28-4)15(24)21(30-6)18(12)31-16/h7-8,22,24H,1-6H3	5,7-Dihydroxy-3,6,8,3'',4'',5''-hexamethoxyflavone	COC1=CC(=CC(=C1OC)OC)C2=C(C(=O)C3=C(C(=C(C(=C3O2)OC)O)OC)O)OC	3.0999999	5386963	COCONUT:(CNP0260071);KNApSAcK:(4868);Natural Products:(UNPD125129);PubChem:(5386963);SuperNatural:(SN00278640);additional;Training Set;PubMed	3719250
131	1	N/A	-466.0310534143469	C21H22O10	[M + H]+	BCMXVOXDVGVCSJ	InChI=1S/C21H22O10/c22-8-15-17(25)18(26)19(27)21(31-15)30-14-6-9(4-5-11(14)23)13-7-10-2-1-3-12(24)16(10)20(28)29-13/h1-6,13,15,17-19,21-27H,7-8H2	null	C1C(OC(=O)C2=C1C=CC=C2O)C3=CC(=C(C=C3)O)OC4C(C(C(C(O4)CO)O)O)O	1.0	10410649	COCONUT:(CNP0196159);Natural Products:(UNPD106175 UNPD53600);PubChem:(10410649);SuperNatural:(SN00230955)	3178498
132	1	N/A	-467.7689812179595	C21H22O10	[M + H]+	OIQPSPHZBHMTHG	InChI=1S/C21H22O10/c1-21(29)6-9-5-8-3-2-4-11(13(8)14(23)12(9)10(22)7-21)30-20-17(26)15(24)16(25)18(31-20)19(27)28/h2-5,15-18,20,23-26,29H,6-7H2,1H3,(H,27,28)	null	CC1(CC2=C(C(=O)C1)C(=C3C(=C2)C=CC=C3OC4C(C(C(C(O4)C(=O)O)O)O)O)O)O	0.800000012	25015155	PubChem:(25015155);COCONUT:(CNP0343244)	2097154
133	1	N/A	-531.8697186599986	C21H22O10	[M + H]+	KYFMITVQPZPXPE	InChI=1S/C21H22O10/c1-28-14-6-10(11(7-22)13(25)8-23)18(29-2)20-16(14)17(26)15-9(21(27)30-3)4-5-12(24)19(15)31-20/h4-6,11,13,22-25H,7-8H2,1-3H3	null	COC1=C2C(=C(C(=C1)C(CO)C(CO)O)OC)OC3=C(C=CC(=C3C2=O)C(=O)OC)O	0.5	122232869	PubChem:(122232869);COCONUT:(CNP0325811)	2097154
134	1	N/A	-549.0893665683946	C21H22O10	[M + H]+	DKOUQCMWADKRSC	InChI=1S/C21H22O10/c1-28-15-6-10(21(27)30-3)16-18(26)17-12(24)4-9(11(7-22)13(25)8-23)5-14(17)31-20(16)19(15)29-2/h4-6,11,13,22-25H,7-8H2,1-3H3	null	COC1=C(C2=C(C(=C1)C(=O)OC)C(=O)C3=C(C=C(C=C3O2)C(CO)C(CO)O)O)OC	1.0	122232811	PubChem:(122232811);COCONUT:(CNP0348582)	2097154