structureRankPerFormula	formulaRank	ConfidenceScore	CSI:FingerIDScore	molecularFormula	adduct	InChIkey2D	InChI	name	smiles	xlogp	pubchemids	links	dbflags
1	1	0.7218629515780913	-2.0575121092426283	C9H8O4	[M - H2O + H]+	QAIPRVGONGVQAS	InChI=1S/C9H8O4/c10-7-3-1-6(5-8(7)11)2-4-9(12)13/h1-5,10-11H,(H,12,13)	Caffeate	C1=CC(=C(C=C1C=CC(=O)O)O)O	0.97017473	2518;1549111;689043;11458067;16109948;46780148;54681167;54691412;54710367;71309625;71434158;76973924;90769002;101215182;100923614;131866465	HMDB:(1964 3501 125102);SuperNatural:(SN00280300 SN00000970 SN00293240);ZINC bio:(ZINC00058172 ZINC04482687);additional;HSDB:(331-39-5);MeSH:(689043);Plantcyc:(CPD-676 CPD-8098);PubMed;NORMAN:(NS00010313);COCONUT:(CNP0082755 CNP0186784);KNApSAcK:(615);Natural Products:(UNPD52427 UNPD121048 UNPD216267);PubChem:(2518 1549111 689043 11458067 16109948 46780148 54681167 54691412 54710367 71309625 71434158 76973924 90769002 101215182 100923614 131866465);CHEBI:(16433 36281 58129 57770 17395);PubChem class - bio and metabolites;EcoCyc Mine;KEGG:(C01197 C01481);PubChem class - safety and toxic;YMDB:(1645);Training Set;PubChem class - drug;Biocyc:(CPD-676 CPD-8098)	17301498750
2	1	N/A	-77.78711950024977	C9H8O4	[M - H2O + H]+	SIUKXCMDYPYCLH	InChI=1S/C9H8O4/c10-7-3-1-2-6(9(7)13)4-5-8(11)12/h1-5,10,13H,(H,11,12)	2,3-dihydroxycinnamate	C1=CC(=C(C(=C1)O)O)C=CC(=O)O	1.20000005	193669;5282146;54724355	HMDB:(32057 140954);SuperNatural:(SN00283043);ZINC bio:(ZINC02504956 ZINC62592267);MeSH:(5282146);PubMed;COCONUT:(CNP0316964);Natural Products:(UNPD76808);PubChem:(193669 5282146 54724355);CHEBI:(58642 48681 32356);PubChem class - bio and metabolites;KEGG:(C12623);Biocyc:(CPD-10796)	19966318
3	1	N/A	-85.60921270179304	C9H8O4	[M - H2O + H]+	WFVBGDQDYLTEJX	InChI=1S/C9H8O4/c10-7-2-1-3-8(11)6(7)4-5-9(12)13/h1-5,10-11H,(H,12,13)	(E)-3-(2,6-dihydroxyphenyl)prop-2-enoic acid	C1=CC(=C(C(=C1)O)C=CC(=O)O)O	1.20000005	22323399;66851299;139243422	COCONUT:(CNP0153086);EcoCyc Mine;Natural Products:(UNPD226596 UNPD186788);PubChem:(22323399 66851299 139243422);KEGG Mine	25771933698
4	1	N/A	-85.70451199404309	C9H8O4	[M - H2O + H]+	JXIPYOZBOMUUCA	InChI=1S/C9H8O4/c10-7-2-3-8(11)6(5-7)1-4-9(12)13/h1-5,10-11H,(H,12,13)	2,5-Dihydroxycinnamic acid	C1=CC(=C(C=C1O)C=CC(=O)O)O	1.20000005	181581;6442618;54740953;97114385	COCONUT:(CNP0110380);HMDB:(134041 140956);Natural Products:(UNPD3402);PubChem:(181581 6442618 54740953 97114385);SuperNatural:(SN00257664);PubChem class - bio and metabolites;EcoCyc Mine;Training Set;PubMed;KEGG Mine	25789775946
5	1	N/A	-95.00618191187323	C9H8O4	[M - H2O + H]+	MFFCZSWTQMCKFP	InChI=1S/C9H8O4/c10-7-3-6(1-2-9(12)13)4-8(11)5-7/h1-5,10-11H,(H,12,13)	3,5-Dihydroxycinnamic acid	C1=C(C=C(C=C1O)O)C=CC(=O)O	1.20000005	193631;6443769;131751262;139243421	COCONUT:(CNP0306704);HMDB:(32131 125527 125589);Natural Products:(UNPD63975);PubChem:(193631 6443769 131751262 139243421);SuperNatural:(SN00294812);PubChem class - bio and metabolites;EcoCyc Mine;MeSH:(6443769);PubMed;KEGG Mine	25789759566
6	1	N/A	-99.00476725867573	C9H8O4	[M - H2O + H]+	HGEFWFBFQKWVMY	InChI=1S/C9H8O4/c10-7-3-1-6(8(11)5-7)2-4-9(12)13/h1-5,10-11H,(H,12,13)	ACMC-20aocu	C1=CC(=C(C=C1O)O)C=CC(=O)O	1.20000005	446611;3359493;23633162;54708747;90657955	HMDB:(126377 132508);SuperNatural:(SN00299501);ZINC bio:(ZINC02043461 ZINC33473296);Plantcyc:(CPD-9800 X-DGAL-HEX-1:5 CPD-14005 CPD-15147);PubMed;COCONUT:(CNP0192872);KNApSAcK:(38786);Natural Products:(UNPD115140 UNPD61817);PubChem:(446611 3359493 23633162 54708747 90657955);YMDB Mine;PubChem class - bio and metabolites;EcoCyc Mine;PubChem class - safety and toxic;Biocyc:(CPD-9800 CPD-14005 CPD-15147);KEGG Mine	60216748122
7	1	N/A	-107.56180445927232	C9H8O4	[M - H2O + H]+	GQYBCIHRWMPOOF	InChI=1S/C9H8O4/c10-7-3-1-6(2-4-7)5-8(11)9(12)13/h1-5,10-11H,(H,12,13)	4-Hydroxy-enol-phenylpyruvate	C1=CC(=CC=C1C=C(C(=O)O)O)O	1.39999998	636708;440642;444783;54703301	COCONUT:(CNP0185306);HMDB:(6915);Natural Products:(UNPD49070);PubChem:(636708 440642 444783 54703301);YMDB Mine;CHEBI:(27683);PubChem class - bio and metabolites;KEGG:(C05350);PubMed;Biocyc:(CPD-21004)	34378647914
8	1	N/A	-139.84368717306796	C9H8O4	[M - H2O + H]+	QNUWEXSGZVBMDV	InChI=1S/C9H8O4/c10-8(11)5-6-2-1-3-7(4-6)9(12)13/h1-4H,5H2,(H,10,11)(H,12,13)	3-(carboxymethyl)benzoic acid	C1=CC(=CC(=C1)C(=O)O)CC(=O)O	0.955733955	268227	PubChem:(268227);COCONUT:(CNP0086934)	2097154
9	1	N/A	-150.39377469122613	C9H8O4	[M - H2O + H]+	UFMBOFGKHIXOTA	InChI=1S/C9H8O4/c1-5-4-6(8(10)11)2-3-7(5)9(12)13/h2-4H,1H3,(H,10,11)(H,12,13)	Methylterephthalic acid	CC1=C(C=CC(=C1)C(=O)O)C(=O)O	1.29999995	228086;22138327	EcoCyc Mine;PubChem class - safety and toxic;PubChem:(228086 22138327);PubMed;KEGG Mine	25836912706
10	1	N/A	-163.90183192931056	C9H8O4	[M - H2O + H]+	CWJJAFQCTXFSTA	InChI=1S/C9H8O4/c1-5-2-3-6(8(10)11)7(4-5)9(12)13/h2-4H,1H3,(H,10,11)(H,12,13)	4-methylphthalate	CC1=CC(=C(C=C1)C(=O)O)C(=O)O	1.27747345	20310;6950362	NORMAN:(NS00031313);PubChem:(20310 6950362);PubChem class - bio and metabolites;EcoCyc Mine;MeSH:(20310);PubChem class - safety and toxic;PubMed;KEGG Mine	25853952070
11	1	N/A	-165.210985829627	C9H8O4	[M - H2O + H]+	IBFJDBNISOJRCW	InChI=1S/C9H8O4/c1-5-3-2-4-6(8(10)11)7(5)9(12)13/h2-4H,1H3,(H,10,11)(H,12,13)	3-Methylphthalate	CC1=C(C(=CC=C1)C(=O)O)C(=O)O	1.27747345	35357;22751737	EcoCyc Mine;MeSH:(35357);PubChem:(35357 22751737);PubMed;KEGG Mine	25769803846
12	1	N/A	-165.35828476445644	C9H8O4	[M - H2O + H]+	ZHQLTKAVLJKSKR	InChI=1S/C9H8O4/c10-8(11)5-6-3-1-2-4-7(6)9(12)13/h1-4H,5H2,(H,10,11)(H,12,13)	Homophthalic acid	C1=CC=C(C(=C1)CC(=O)O)C(=O)O	0.955733955	66643;3576676;22667305	NORMAN:(NS00039333);COCONUT:(CNP0031553 CNP0266947);Natural Products:(UNPD111466);PubChem:(66643 3576676 22667305);SuperNatural:(SN00117971);ZINC bio:(ZINC00265888);PubChem class - bio and metabolites;MeSH:(66643);PubChem class - safety and toxic;PubMed	87334982
13	1	N/A	-166.85747925525297	C9H8O4	[M - H2O + H]+	PNYWALDMLUDDTA	InChI=1S/C9H8O4/c10-7-3-1-2-6(4-7)5-8(11)9(12)13/h1-4,10H,5H2,(H,12,13)	3-Hydroxyphenylpyruvate	C1=CC(=CC(=C1)O)CC(=O)C(=O)O	0.826182008	5318321	COCONUT:(CNP0150167 CNP0228367);HMDB:(11663);Natural Products:(UNPD161889);PubChem:(5318321);SuperNatural:(SN00237100 SN00158540);YMDB Mine;ZINC bio:(ZINC13542398);EcoCyc Mine;PubMed;KEGG Mine	60132728906
14	1	N/A	-169.71841007928555	C9H8O4	[M - H2O + H]+	PMZBHPUNQNKBOA	InChI=1S/C9H8O4/c1-5-2-6(8(10)11)4-7(3-5)9(12)13/h2-4H,1H3,(H,10,11)(H,12,13)	3,5-Dicarboxytoluene	CC1=CC(=CC(=C1)C(=O)O)C(=O)O	1.29999995	68137;6993929	NORMAN:(NS00031983);EcoCyc Mine;PubChem class - safety and toxic;PubChem:(68137 6993929);PubMed	17247240258
15	1	N/A	-170.11979981552597	C9H8O4	[M - H2O + H]+	ZHLWCBHWYUISFY	InChI=1S/C9H8O4/c10-7(8(11)9(12)13)6-4-2-1-3-5-6/h1-5,7,10H,(H,12,13)	(S)-3-hydroxyphenylpyruvate	C1=CC=C(C=C1)C(C(=O)C(=O)O)O	0.699999988	19688953;21954858;71581094;71581093;129664270	COCONUT:(CNP0056799);PubChem:(19688953 21954858 71581094 71581093 129664270);SuperNatural:(SN00215823);CHEBI:(73948 73985);EcoCyc Mine;YMDB:(151);KEGG Mine	25773015074
16	1	N/A	-172.33766448255128	C9H8O4	[M - H2O + H]+	NTBSWACRSMKRRB	InChI=1S/C9H8O4/c10-7-4-2-1-3-6(7)5-8(11)9(12)13/h1-4,10H,5H2,(H,12,13)	3-(2-hydroxyphenyl)-2-oxopropanoic acid	C1=CC=C(C(=C1)CC(=O)C(=O)O)O	0.826182008	5318322	COCONUT:(CNP0131822 CNP0164162);Natural Products:(UNPD159005);PubChem:(5318322);SuperNatural:(SN00158506);YMDB Mine;EcoCyc Mine;KEGG Mine	60132720642
17	1	N/A	-178.7373434068993	C9H8O4	[M - H2O + H]+	NZRDKNBIPVLNHA	InChI=1S/C9H8O4/c1-5(10)6-2-3-8(11)7(4-6)9(12)13/h2-4,11H,1H3,(H,12,13)	5-Acetylsalicylic acid	CC(=O)C1=CC(=C(C=C1)O)C(=O)O	0.716558754	83151;54694281;100995986	NORMAN:(NS00024145);PubChem:(83151 54694281 100995986);additional;PubChem class - safety and toxic;Training Set;PubMed	67911746
18	1	N/A	-181.45063201584668	C9H8O4	[M - H2O + H]+	NGMYCWFGNSXLMP	InChI=1S/C9H8O4/c1-6(10)13-8-4-2-3-7(5-8)9(11)12/h2-5H,1H3,(H,11,12)	ACMC-20anav	CC(=O)OC1=CC=CC(=C1)C(=O)O	1.23876059	238669;17865373	COCONUT:(CNP0151930);Natural Products:(UNPD85769);PubChem:(238669 17865373);SuperNatural:(SN00229736);ZINC bio:(ZINC00403231);PubChem class - safety and toxic	70295554
19	1	N/A	-182.90771557185798	C9H8O4	[M - H2O + H]+	PDAVOLCVHOKLEO	InChI=1S/C9H8O4/c1-7(10)12-13-9(11)8-5-3-2-4-6-8/h2-6H,1H3	Acetozone	CC(=O)OOC(=O)C1=CC=CC=C1	1.89999998	12568;101050316;101050317;101050318;101050319;101050320;101050321;101050322;101050323;101050324	HSDB:(644-31-5);NORMAN:(NS00035696);PubChem class - safety and toxic;PubChem:(12568 101050316 101050317 101050318 101050319 101050320 101050321 101050322 101050323 101050324);PubMed	67371586
20	1	N/A	-184.41786996850715	C9H8O4	[M - H2O + H]+	DMEDOWYXHVUPMO	InChI=1S/C9H8O4/c10-8(11)5-6-1-3-7(4-2-6)9(12)13/h1-4H,5H2,(H,10,11)(H,12,13)	4-Carboxybenzeneacetic acid	C1=CC(=CC=C1CC(=O)O)C(=O)O	0.955733955	220005;36688605;135132430	PubChem class - safety and toxic;PubChem:(220005 36688605 135132430);PubMed	67108930
21	1	N/A	-186.39227326446553	C9H8O4	[M - H2O + H]+	WWYDYZMNFQIYPT	InChI=1S/C9H8O4/c10-8(11)7(9(12)13)6-4-2-1-3-5-6/h1-5,7H,(H,10,11)(H,12,13)	benzylmalonate	C1=CC=C(C=C1)C(C(=O)O)C(=O)O	0.845785499	75791;6950206;11206880	NORMAN:(NS00028035);COCONUT:(CNP0020900);PubChem:(75791 6950206 11206880);ZINC bio:(ZINC08465797);PubChem class - bio and metabolites;MeSH:(75791);PubChem class - safety and toxic;PubMed;Biocyc:(CPD-2462);KEGG Mine	8676190278
22	1	N/A	-189.86639480846657	C9H8O4	[M - H2O + H]+	FPBXWXGOFQSROI	InChI=1S/C9H8O4/c1-5(10)7-4-6(9(12)13)2-3-8(7)11/h2-4,11H,1H3,(H,12,13)	3-acetyl-4-hydroxybenzoate	CC(=O)C1=C(C=CC(=C1)C(=O)O)O	0.716558754	9179245;54680037	PubChem:(9179245 54680037);COCONUT:(CNP0076310)	2097154
23	1	N/A	-190.65868510818774	C9H8O4	[M - H2O + H]+	REIDAMBAPLIATC	InChI=1S/C9H8O4/c1-13-9(12)7-4-2-6(3-5-7)8(10)11/h2-5H,1H3,(H,10,11)	Homoterephthalic acid	COC(=O)C1=CC=C(C=C1)C(=O)O	1.20382488	15513;3614454;76973314	NORMAN:(NS00025513);COCONUT:(CNP0165133);Natural Products:(UNPD115989);PubChem:(15513 3614454 76973314);ZINC bio:(ZINC00163686);HSDB:(1679-64-7);EcoCyc Mine;MeSH:(15513);PubChem class - safety and toxic;PubMed;KEGG Mine	25839313478
24	1	N/A	-191.797008827288	C9H8O4	[M - H2O + H]+	XJKWVPNWHOCFBR	InChI=1S/C9H8O4/c1-13-9(12)7-4-6(5-10)2-3-8(7)11/h2-5,11H,1H3	Methyl 5-Formylsalicylate	COC(=O)C1=C(C=CC(=C1)C=O)O	1.03687441	14363598	PubChem:(14363598);PubChem class - safety and toxic	67108866
25	1	N/A	-192.1989750059018	C9H8O4	[M - H2O + H]+	HRXAQVGNCWFWTL	InChI=1S/C9H8O4/c10-7-3-1-6(2-4-7)8(11)5-9(12)13/h1-4,10H,5H2,(H,12,13)	4-hydroxybenzoyl-acetate	C1=CC(=CC=C1C(=O)CC(=O)O)O	0.899999976	14496584;22006196	COCONUT:(CNP0180291);Natural Products:(UNPD121040);PubChem:(14496584 22006196);SuperNatural:(SN00342375);Plantcyc:(CPD-10599);Biocyc:(CPD-10599);KEGG Mine	8593246210
26	1	N/A	-193.46960285407002	C9H8O4	[M - H2O + H]+	IDTFANFXLFNLMC	InChI=1S/C9H8O4/c1-13-7-4-2-6(3-5-7)8(10)9(11)12/h2-5H,1H3,(H,11,12)	2-(4-methoxyphenyl)-2-oxoacetate	COC1=CC=C(C=C1)C(=O)C(=O)O	1.29999995	584714;17872292	COCONUT:(CNP0281347);Natural Products:(UNPD183146);PubChem:(584714 17872292);SuperNatural:(SN00224117);ZINC bio:(ZINC05359001);PubChem class - safety and toxic;PubMed;KEGG Mine	8660230210
27	1	N/A	-196.7065779319983	C9H8O4	[M - H2O + H]+	WMZNGTSLFSJHMZ	InChI=1S/C9H8O4/c1-13-9(12)7-4-2-3-6(5-7)8(10)11/h2-5H,1H3,(H,10,11)	Monomethyl isophthalate	COC(=O)C1=CC=CC(=C1)C(=O)O	1.20382488	601880;6951279	EcoCyc Mine;PubChem class - safety and toxic;PubChem:(601880 6951279);PubMed;ZINC bio:(ZINC00404191)	17246986306
28	1	N/A	-198.56530358389617	C9H8O4	[M - H2O + H]+	KKADPXVIOXHVKN	InChI=1S/C9H8O4/c10-7-3-1-6(2-4-7)5-8(11)9(12)13/h1-4,10H,5H2,(H,12,13)	Testacid	C1=CC(=CC=C1CC(=O)C(=O)O)O	0.899999976	979;6971070;53998767;135027218	HMDB:(707);SuperNatural:(SN00001772 SN00314247);ZINC bio:(ZINC00895711);additional;MeSH:(979 6971070);Plantcyc:(P-HYDROXY-PHENYLPYRUVATE);PubMed;NORMAN:(NS00015136);COCONUT:(CNP0085792 CNP0412003);Natural Products:(UNPD133631);PubChem:(979 6971070 53998767 135027218);CHEBI:(15999 36242);PubChem class - bio and metabolites;KEGG:(C01179);PubChem class - safety and toxic;YMDB:(958);Training Set;Biocyc:(P-HYDROXY-PHENYLPYRUVATE)	88074606
29	1	N/A	-199.15618003580408	C9H8O4	[M - H2O + H]+	OYNIIKHNXNPSAG	InChI=1S/C9H8O4/c10-5-7-1-3-8(4-2-7)13-6-9(11)12/h1-5H,6H2,(H,11,12)	2-(4-formylphenoxy)acetate	C1=CC(=CC=C1C=O)OCC(=O)O	0.972553551	89177;4413138	NORMAN:(NS00027034);PubChem class - safety and toxic;PubChem:(89177 4413138)	67371010
30	1	N/A	-201.30821510424474	C9H8O4	[M - H2O + H]+	AAOLKUONXGOAGA	InChI=1S/C9H8O4/c1-5-2-6(4-10)3-7(8(5)11)9(12)13/h2-4,11H,1H3,(H,12,13)	Oprea1_539863	CC1=CC(=CC(=C1O)C(=O)O)C=O	1.11052287	80438	NORMAN:(NS00035119);Training Set;PubChem:(80438)	278530
31	1	N/A	-206.10396379064227	C9H8O4	[M - H2O + H]+	FNJSWIPFHMKRAT	InChI=1S/C9H8O4/c1-13-9(12)7-5-3-2-4-6(7)8(10)11/h2-5H,1H3,(H,10,11)	D 3 (ester)	COC(=O)C1=CC=CC=C1C(=O)O	1.20382488	20392;6950538;71750650;102463002	HMDB:(2130);ZINC bio:(ZINC00391887);additional;MeSH:(20392);PubMed;NORMAN:(NS00015621);COCONUT:(CNP0084158);PubChem:(20392 6950538 71750650 102463002);CHEBI:(89749);PubChem class - bio and metabolites;EcoCyc Mine;PubChem class - safety and toxic;Training Set;PubChem class - drug;KEGG Mine	25890152558
32	1	N/A	-212.27282385243302	C9H8O4	[M - H2O + H]+	GDBUZIKSJGRBJP	InChI=1S/C9H8O4/c1-6(10)13-8-4-2-7(3-5-8)9(11)12/h2-5H,1H3,(H,11,12)	bmse010135	CC(=O)OC1=CC=C(C=C1)C(=O)O	1.23876059	16865;5028710	NORMAN:(NS00027422);COCONUT:(CNP0307817);Natural Products:(UNPD15019);PubChem:(16865 5028710);SuperNatural:(SN00336229);CHEBI:(86560);ZINC bio:(ZINC00225517);PubChem class - safety and toxic;PubMed	70557794
33	1	N/A	-212.6296975990629	C9H8O4	[M - H2O + H]+	BSYNRYMUTXBXSQ	InChI=1S/C9H8O4/c1-6(10)13-8-5-3-2-4-7(8)9(11)12/h2-5H,1H3,(H,11,12)	Aceticyl	CC(=O)OC1=CC=CC=C1C(=O)O	1.23876059	2244;450661;3434975;12280114;46780045;53699567;59850305;66995530;67732322;71309054;76973140;90936565;102100677;102100678;102100679	HMDB:(1879);SuperNatural:(SN00262542 SN00000007);ZINC bio:(ZINC00000053);additional;HSDB:(50-78-2);MeSH:(2244);PubMed;NORMAN:(NS00000658);COCONUT:(CNP0300507 CNP0372149);Natural Products:(UNPD585);PubChem:(2244 450661 3434975 12280114 46780045 53699567 59850305 66995530 67732322 71309054 76973140 90936565 102100677 102100678 102100679);CHEBI:(13719 15365);PubChem class - bio and metabolites;KEGG:(C01405);PubChem class - safety and toxic;Training Set;PubChem class - drug;Biocyc:(CPD-524)	121432942
34	1	N/A	-212.73936268036033	C9H8O4	[M - H2O + H]+	ODVLMCWNGKLROU	InChI=1S/C9H8O4/c10-9(11)4-6-1-2-7-8(3-6)13-5-12-7/h1-3H,4-5H2,(H,10,11)	Oprea1_381545	C1OC2=C(O1)C=C(C=C2)CC(=O)O	1.30645657	76115;6921877;57536812;57614588	NORMAN:(NS00028512);COCONUT:(CNP0150801 CNP0369683);PubChem:(76115 6921877 57536812 57614588);SuperNatural:(SN00042868);ZINC bio:(ZINC00058276);PubChem class - safety and toxic;PubMed	70524994
35	1	N/A	-213.00032195445667	C9H8O4	[M - H2O + H]+	ADSJCWKOKYOJSZ	InChI=1S/C9H8O4/c1-13-9(12)6-2-3-8(11)7(4-6)5-10/h2-5,11H,1H3	ACMC-20adzr	COC(=O)C1=CC(=C(C=C1)O)C=O	1.39999998	212595	PubChem:(212595);PubChem class - safety and toxic	67108866
36	1	N/A	-216.34073186699823	C9H8O4	[M - H2O + H]+	LMWSIQGMRIVDCJ	InChI=1S/C9H8O4/c1-13-7-3-2-6(5-10)8(4-7)9(11)12/h2-5H,1H3,(H,11,12)	2-formyl-5-methoxybenzoate	COC1=CC(=C(C=C1)C=O)C(=O)O	0.899999976	7176204;7176205	PubChem class - safety and toxic;PubChem:(7176204 7176205);PubMed	67108930
37	1	N/A	-218.23417062314502	C9H8O4	[M - H2O + H]+	HFDRLLQFITZSMY	InChI=1S/C9H8O4/c1-13-9(12)6-3-2-4-8(11)7(6)5-10/h2-5,11H,1H3	Benzoic acid, 2-formyl-3-hydroxy-, methyl ester	COC(=O)C1=C(C(=CC=C1)O)C=O	1.39999998	14774772	COCONUT:(CNP0356488);Natural Products:(UNPD66055);PubChem:(14774772);SuperNatural:(SN00380148)	3178498
38	1	N/A	-224.35189022205174	C9H8O4	[M - H2O + H]+	ANWMNLAAFDCKMT	InChI=1S/C9H8O4/c10-5-7-3-1-2-4-8(7)13-6-9(11)12/h1-5H,6H2,(H,11,12)	2-(2-formylphenoxy)acetate	C1=CC=C(C(=C1)C=O)OCC(=O)O	0.972553551	46533;4746969	NORMAN:(NS00035171);COCONUT:(CNP0032768);PubChem:(46533 4746969);SuperNatural:(SN00118740);ZINC bio:(ZINC00562681);PubChem class - safety and toxic;PubMed	70524994
39	1	N/A	-229.18805928070296	C9H8O4	[M - H2O + H]+	YIZSVEAVNICESG	InChI=1S/C9H8O4/c1-13-8-4-2-3-6(9(11)12)7(8)5-10/h2-5H,1H3,(H,11,12)	Benzoic acid, 2-formyl-3-methoxy-	COC1=CC=CC(=C1C=O)C(=O)O	1.03687441	12730356	COCONUT:(CNP0254141);Natural Products:(UNPD155797);PubChem:(12730356);SuperNatural:(SN00314156)	3178498
40	1	N/A	-230.01651249278905	C9H8O4	[M - H2O + H]+	YFRDJVJDAXMXSQ	InChI=1S/C9H8O4/c10-6-13-8(9(11)12)7-4-2-1-3-5-7/h1-6,8H,(H,11,12)	formyloxyphenylacetate	C1=CC=C(C=C1)C(C(=O)O)OC=O	1.39999998	119863;12834137;53629088;92290018	NORMAN:(NS00051326);PubChem:(119863 12834137 53629088 92290018);KEGG Mine	8590196738
41	1	N/A	-233.50803045884996	C9H8O4	[M - H2O + H]+	WDYYLHVXCSRDRG	InChI=1S/C9H8O4/c1-13-9(12)8-6(5-10)3-2-4-7(8)11/h2-5,11H,1H3	methyl 2-formyl-6-hydroxybenzoate	COC(=O)C1=C(C=CC=C1O)C=O	1.39999998	346008	COCONUT:(CNP0108141);Natural Products:(UNPD38762);PubChem:(346008);SuperNatural:(SN00368270)	3178498
42	1	N/A	-234.65698090412786	C9H8O4	[M - H2O + H]+	ORHLCMSLZMWBER	InChI=1S/C9H8O4/c10-7-1-4-9(13,5-2-7)6-3-8(11)12/h1-6,13H,(H,11,12)	null	C1=CC(C=CC1=O)(C=CC(=O)O)O	-0.200000003	132353264	PubChem:(132353264);COCONUT:(CNP0086939)	2097154
43	1	N/A	-234.95139331467112	C9H8O4	[M - H2O + H]+	VCLSWKVAHAJSFL	InChI=1S/C9H8O4/c10-9(11)6-2-1-3-7-8(6)13-5-4-12-7/h1-3H,4-5H2,(H,10,11)	Oprea1_251985	C1COC2=C(C=CC=C2O1)C(=O)O	1.20000005	78184;7154158	NORMAN:(NS00016251);PubChem class - safety and toxic;PubChem:(78184 7154158);PubMed;PubChem class - bio and metabolites	84148290
44	1	N/A	-243.4601674568961	C9H8O4	[M - H2O + H]+	MCKJFLUAUQBSEZ	InChI=1S/C9H8O4/c1-13-9-7(5-11)2-6(4-10)3-8(9)12/h2-5,12H,1H3	5-hydroxy-4-methoxybenzene-1,3-dicarbaldehyde	COC1=C(C=C(C=C1O)C=O)C=O	0.5	3756680	PubChem class - safety and toxic;PubChem:(3756680);PubMed	67108930
45	1	N/A	-246.00754577648576	C9H8O4	[M - H2O + H]+	CFKGGYABZGKDEO	InChI=1S/C9H8O4/c1-13-7-4-2-3-6(5-10)8(7)9(11)12/h2-5H,1H3,(H,11,12)	2-formyl-6-methoxybenzoic acid	COC1=CC=CC(=C1C(=O)O)C=O	1.03687441	4097567;7016219	COCONUT:(CNP0251423);Natural Products:(UNPD42026);PubChem:(4097567 7016219);SuperNatural:(SN00309313)	3178498
46	1	N/A	-246.1591522840314	C9H8O4	[M - H2O + H]+	CVXRFXBUWVROPP	InChI=1S/C9H8O4/c1-5-8(12)2-6(3-10)7(4-11)9(5)13/h2-4,12-13H,1H3	null	CC1=C(C=C(C(=C1O)C=O)C=O)O	1.10000002	101282014	PubChem:(101282014);COCONUT:(CNP0338623)	2097154
47	1	N/A	-247.83713117105984	C9H8O4	[M - H2O + H]+	QNJOLQNPVQFSBN	InChI=1S/C9H8O4/c10-6-3-1-2-5(4-6)7-8(13-7)9(11)12/h1-4,7-8,10H,(H,11,12)	null	C1=CC(=CC(=C1)O)C2C(O2)C(=O)O	0.699999988	131839512	EcoCyc Mine;HMDB:(140955);PubChem:(131839512);KEGG Mine;PubChem class - bio and metabolites	25786581002
48	1	N/A	-256.4251017766118	C9H8O4	[M - H2O + H]+	ACOFACMTVIGUGM	InChI=1S/C9H8O4/c1-13-9(12)8(11)6-2-4-7(10)5-3-6/h2-5,10H,1H3	Methyl 4-hydroxybenzoylcarboxylate	COC(=O)C(=O)C1=CC=C(C=C1)O	1.29999995	3084696;88920439	NORMAN:(NS00030366);COCONUT:(CNP0422883);Natural Products:(UNPD217445);PubChem:(3084696 88920439);ZINC bio:(ZINC14504210);KEGG Mine	8592334850
49	1	N/A	-256.48354416596555	C9H8O4	[M - H2O + H]+	JZBJPZFGODGBFM	InChI=1S/C9H8O4/c10-6-4-2-1-3-5(6)7-8(13-7)9(11)12/h1-4,7-8,10H,(H,11,12)	null	C1=CC=C(C(=C1)C2C(O2)C(=O)O)O	0.699999988	131837799	EcoCyc Mine;HMDB:(134040);PubChem:(131837799);KEGG Mine;PubChem class - bio and metabolites	25786581002
50	1	N/A	-259.484929184372	C9H8O4	[M - H2O + H]+	YXZAANSFGURKCL	InChI=1S/C9H8O4/c1-13-9(12)8(11)6-4-2-3-5-7(6)10/h2-5,10H,1H3	methyl 2-(2-hydroxyphenyl)-2-oxoacetate	COC(=O)C(=O)C1=CC=CC=C1O	1.07427287	182159	COCONUT:(CNP0103137);Natural Products:(UNPD5016);PubChem:(182159)	2129922
51	1	N/A	-260.7900449058692	C9H8O4	[M - H2O + H]+	QCHGUEIECOASJU	InChI=1S/C9H8O4/c1-11-9(10)6-2-3-7-8(4-6)13-5-12-7/h2-4H,5H2,1H3	Methyl piperonylate	COC(=O)C1=CC2=C(C=C1)OCO2	1.55454755	67590	NORMAN:(NS00029315);COCONUT:(CNP0297612);Natural Products:(UNPD53317);PubChem:(67590);SuperNatural:(SN00302179);ZINC bio:(ZINC00397788);MeSH:(67590);PubChem class - safety and toxic;PubMed	70557766
52	1	N/A	-262.82218265604735	C9H8O4	[M - H2O + H]+	KBVWPCXFPMMRFY	InChI=1S/C9H8O4/c1-5-2-8(12)9(13)3-7(11)6(5)4-10/h2-4,11H,1H3,(H,12,13)	null	CC1=CC(=O)C(=CC(=C1C=O)O)O	0.5	136759128	PubChem:(136759128);PubMed;Biocyc:(CPD-18148)	2114
53	1	N/A	-265.6095870400444	C9H8O4	[M - H2O + H]+	JNEAWAJKXCLSEX	InChI=1S/C9H8O4/c10-7-1-2-8-6(5-7)3-4-9(11,12)13-8/h1-5,10-12H	null	C1=CC2=C(C=CC(O2)(O)O)C=C1O	0.600000024	101681785	COCONUT:(CNP0192564);Natural Products:(UNPD191812);PubChem:(101681785);SuperNatural:(SN00398691)	3178498
54	1	N/A	-267.536728495026	C9H8O4	[M - H2O + H]+	HMBHAQMOBKLWRX	InChI=1S/C9H8O4/c10-9(11)8-5-12-6-3-1-2-4-7(6)13-8/h1-4,8H,5H2,(H,10,11)	Oprea1_073520	C1C(OC2=CC=CC=C2O1)C(=O)O	0.955808222	687061;687062;2735450;5216175;6921480;6921481	PubChem class - safety and toxic;PubChem:(687061 687062 2735450 5216175 6921480 6921481);PubMed;KEGG Mine;PubChem class - bio and metabolites	8673820738
55	1	N/A	-269.9606877880695	C9H8O4	[M - H2O + H]+	QNJMUNKUQDDPCI	InChI=1S/C9H8O4/c1-6(10)13-7-2-3-8-9(4-7)12-5-11-8/h2-4H,5H2,1H3	1,3-benzodioxol-5-yl acetate	CC(=O)OC1=CC2=C(C=C1)OCO2	1.58948326	67591	PubChem:(67591);NORMAN:(NS00041838)	262146
56	1	N/A	-270.9553318832266	C9H8O4	[M - H2O + H]+	ZQLOGGFKEUYKJR	InChI=1S/C9H8O4/c10-4-8-7(5-13-6-11)2-1-3-9(8)12/h1-4,6,12H,5H2	null	C1=CC(=C(C(=C1)O)C=O)COC=O	1.29999995	86173566	COCONUT:(CNP0331615);Natural Products:(UNPD96580);PubChem:(86173566);SuperNatural:(SN00366905);PubMed	3178562
57	1	N/A	-271.51788499522746	C9H8O4	[M - H2O + H]+	UCVOVUPTIUKZET	InChI=1S/C9H8O4/c10-6-3-1-5(2-4-6)7-8(13-7)9(11)12/h1-4,7-8,10H,(H,11,12)	null	C1=CC(=CC=C1C2C(O2)C(=O)O)O	0.699999988	131832271	HMDB:(125805);PubChem:(131832271);YMDB Mine;KEGG Mine;PubChem class - bio and metabolites	42966450186
58	1	N/A	-273.6369298240824	C9H8O4	[M - H2O + H]+	JWZQJTGQFHIRFQ	InChI=1S/C9H8O4/c10-9(11)6-1-2-7-8(5-6)13-4-3-12-7/h1-2,5H,3-4H2,(H,10,11)	zlchem 485	C1COC2=C(O1)C=CC(=C2)C(=O)O	0.992655516	2758833;7062441	PubChem class - safety and toxic;PubChem:(2758833 7062441);PubMed	67108930
59	1	N/A	-274.2866177267626	C9H8O4	[M - H2O + H]+	YVNRFQCFZVYDRO	InChI=1S/C9H8O4/c1-13-8-3-6(4-10)2-7(5-11)9(8)12/h2-5,12H,1H3	5-Formylvanillin	COC1=CC(=CC(=C1O)C=O)C=O	0.86992389	18035	NORMAN:(NS00028665);COCONUT:(CNP0113703);Natural Products:(UNPD137893);PubChem:(18035);SuperNatural:(SN00269832);ZINC bio:(ZINC00294997);PubChem class - safety and toxic;PubMed	70557762
60	1	N/A	-280.4854928456473	C9H8O4	[M - H2O + H]+	UFQRCNSLWOCOQC	InChI=1S/C9H8O4/c1-9(13-11)7-5-3-2-4-6(7)8(10)12-9/h2-5,11H,1H3	3-Hydroperoxy-3-methylphthalide	CC1(C2=CC=CC=C2C(=O)O1)OO	1.53089774	146131	MeSH:(146131);PubChem:(146131);PubMed	70
61	1	N/A	-289.9742236069172	C9H8O4	[M - H2O + H]+	QNHQEUFMIKRNTB	InChI=1S/C9H8O4/c10-6-3-5-1-2-9(12)13-8(5)4-7(6)11/h3-4,10-11H,1-2H2	2H-1-Benzopyran-2-one, 3,4-dihydro-6,7-dihydroxy-	C1CC(=O)OC2=CC(=C(C=C21)O)O	0.899999976	14701353	COCONUT:(CNP0106848);Natural Products:(UNPD220223);PubChem:(14701353);PubMed;KEGG Mine	8592064578
62	1	N/A	-291.63241169610234	C9H8O4	[M - H2O + H]+	GHJXEUAYEHDQSZ	InChI=1S/C9H8O4/c1-5-2-7-8(13-4-12-7)3-6(5)9(10)11/h2-3H,4H2,1H3,(H,10,11)	6-methyl-1,3-benzodioxole-5-carboxylate	CC1=CC2=C(C=C1C(=O)O)OCO2	1.60000002	2752031;6951033	COCONUT:(CNP0126863);PubChem:(2752031 6951033);SuperNatural:(SN00118547);ZINC bio:(ZINC00402243)	3153922
63	1	N/A	-294.20956038853177	C9H8O4	[M - H2O + H]+	NLRKUCOJGROPHS	InChI=1S/C9H8O4/c1-12-8-6(10)3-2-5-4-13-9(11)7(5)8/h2-3,10H,4H2,1H3	6-Hydroxy-7-methoxyphthalide	COC1=C(C=CC2=C1C(=O)OC2)O	1.0	196075	COCONUT:(CNP0259149);Natural Products:(UNPD5191);PubChem:(196075);SuperNatural:(SN00249452);ZINC bio:(ZINC03645479);MeSH:(196075);PubMed	3186758
64	1	N/A	-295.4129753818493	C9H8O4	[M - H2O + H]+	YJYWSBFTOXPGTL	InChI=1S/C9H8O4/c1-12-6-3-2-5-4-13-9(11)7(5)8(6)10/h2-3,10H,4H2,1H3	7-Hydroxy-6-methoxyphthalide	COC1=C(C2=C(COC2=O)C=C1)O	1.5	152995	COCONUT:(CNP0296376);Natural Products:(UNPD77645);PubChem:(152995);SuperNatural:(SN00280975);ZINC bio:(ZINC06018923);MeSH:(152995);PubMed	3186758
65	1	N/A	-307.19141755558735	C9H8O4	[M - H2O + H]+	WPJOUHBHNOSJMG	InChI=1S/C9H8O4/c10-7-4-13-8-2-1-5(9(11)12)3-6(7)8/h1-3,7,10H,4H2,(H,11,12)	null	C1C(C2=C(O1)C=CC(=C2)C(=O)O)O	0.300000012	122199535;124707681;124707891	PubChem:(122199535 124707681 124707891);COCONUT:(CNP0269611)	2097154
66	1	N/A	-311.28964324443166	C9H8O4	[M - H2O + H]+	QJBPRJDMIUSGLF	InChI=1S/C9H8O4/c1-4-7(10)2-5-6(8(4)11)3-13-9(5)12/h2,10-11H,3H2,1H3	1(3H)-Isobenzofuranone, 4,6-dihydroxy-5-methyl-	CC1=C(C=C2C(=C1O)COC2=O)O	1.0	14824644	COCONUT:(CNP0188074);Natural Products:(UNPD189504);PubChem:(14824644)	2129922
67	1	N/A	-313.567606893115	C9H8O4	[M - H2O + H]+	URTPDSARMPGSPA	InChI=1S/C9H8O4/c1-12-6-4-2-3-5-7(6)9(11)13-8(5)10/h2-4,8,10H,1H3	3-hydroxy-7-methoxy-3H-2-benzofuran-1-one	COC1=CC=CC2=C1C(=O)OC2O	0.800000012	2752583;7055503;7055504	COCONUT:(CNP0087021);PubChem:(2752583 7055503 7055504);SuperNatural:(SN00125680 SN00125679);ZINC bio:(ZINC03847618 ZINC03847619);additional;Training Set;PubMed	3694658
68	1	N/A	-315.1570471424136	C9H8O4	[M - H2O + H]+	NCIYDDIPUGCVKX	InChI=1S/C9H8O4/c1-11-7-3-9-8(12-5-13-9)2-6(7)4-10/h2-4H,5H2,1H3	6-Methoxypiperonal	COC1=CC2=C(C=C1C=O)OCO2	1.20000005	601861	COCONUT:(CNP0252455);Natural Products:(UNPD132496);PubChem:(601861);SuperNatural:(SN00291448);ZINC bio:(ZINC00194086);PubMed;KEGG Mine	8593121346
69	1	N/A	-316.33798971846346	C9H8O4	[M - H2O + H]+	KZIXGEBNIHRZHI	InChI=1S/C9H8O4/c1-12-5-2-3-6-7(4-5)9(11)13-8(6)10/h2-4,9,11H,1H3	3-hydroxy-5-methoxy-3H-2-benzofuran-1-one	COC1=CC2=C(C=C1)C(=O)OC2O	1.12141883	2752582;7055501;7055502	COCONUT:(CNP0334523);PubChem:(2752582 7055501 7055502);SuperNatural:(SN00125678 SN00125677);PubMed;ZINC bio:(ZINC03847616 ZINC03847617)	3153986
70	1	N/A	-316.93476988633256	C9H8O4	[M - H2O + H]+	SADHRUBGJKARDZ	InChI=1S/C9H8O4/c1-11-7-2-6(4-10)9-8(3-7)12-5-13-9/h2-4H,5H2,1H3	1,3-Benzodioxole-4-carboxaldehyde, 6-methoxy-	COC1=CC(=C2C(=C1)OCO2)C=O	1.20000005	71374831	COCONUT:(CNP0301803);Natural Products:(UNPD57920);PubChem:(71374831)	2129922
71	1	N/A	-318.2753226663686	C9H8O4	[M - H2O + H]+	KFOVHCBSJURLKO	InChI=1S/C9H8O4/c1-4-6(10)2-5-3-13-9(12)7(5)8(4)11/h2,10-11H,3H2,1H3	null	CC1=C(C=C2COC(=O)C2=C1O)O	1.60000002	13963319	COCONUT:(CNP0113395);Natural Products:(UNPD27845);PubChem:(13963319);SuperNatural:(SN00271772);ZINC bio:(ZINC13334979);PubMed	3186754
72	1	N/A	-319.83650919789005	C9H8O4	[M - H2O + H]+	GXYQICKPCCBIIX	InChI=1S/C9H8O4/c1-4-5-3-13-9(12)8(5)7(11)2-6(4)10/h2,10-11H,3H2,1H3	5,7-dihydroxy-4-methyl-3H-2-benzofuran-1-one	CC1=C2COC(=O)C2=C(C=C1O)O	1.60000002	14503052	COCONUT:(CNP0263592);KNApSAcK:(38282);Natural Products:(UNPD44212);PubChem:(14503052);SuperNatural:(SN00225832);CHEBI:(68194);ZINC bio:(ZINC13334976);PubMed	3186802
73	1	N/A	-321.2495446419284	C9H8O4	[M - H2O + H]+	LOFRBHZYZCIOJO	InChI=1S/C9H8O4/c1-11-7-2-6(4-10)3-8-9(7)13-5-12-8/h2-4H,5H2,1H3	Myristicin aldehyde	COC1=CC(=CC2=C1OCO2)C=O	1.20000005	22016;23635590	NORMAN:(NS00046731);COCONUT:(CNP0247969);Natural Products:(UNPD105120);PubChem:(22016 23635590);SuperNatural:(SN00061596);ZINC bio:(ZINC02146907);additional;PubChem class - safety and toxic;Training Set;PubMed	71098434
74	1	N/A	-326.81972584767664	C9H8O4	[M - H2O + H]+	DQVAVEZQPWBKEW	InChI=1S/C9H8O4/c1-12-6-2-5-4-13-9(11)8(5)7(10)3-6/h2-3,10H,4H2,1H3	7-hydroxy-5-methoxy-3H-2-benzofuran-1-one	COC1=CC2=C(C(=C1)O)C(=O)OC2	1.5	181107	COCONUT:(CNP0290682);Natural Products:(UNPD160001);PubChem:(181107);SuperNatural:(SN00224143);ZINC bio:(ZINC00384864);PubMed	3186754
75	1	N/A	-331.53076855195343	C9H8O4	[M - H2O + H]+	REIYIBBWPMFGGE	InChI=1S/C9H8O4/c1-12-7-3-6(10)2-5-4-13-9(11)8(5)7/h2-3,10H,4H2,1H3	null	COC1=CC(=CC2=C1C(=O)OC2)O	1.0	85787716	COCONUT:(CNP0188075);Natural Products:(UNPD115311);PubChem:(85787716);SuperNatural:(SN00293102)	3178498
76	1	N/A	-335.07385342621143	C9H8O4	[M - H2O + H]+	VCKWCFFGRPFDLH	InChI=1S/C9H8O4/c10-7-2-9(12)8(11)1-5-3-13-4-6(5)7/h1-2,10H,3-4H2,(H,11,12)	null	C1C2=C(CO1)C(=CC(=O)C(=C2)O)O	-0.899999976	135448996	COCONUT:(CNP0356538);MeSH:(135448996);KNApSAcK:(15976);PubChem:(135448996);PubMed	2097238
77	1	N/A	-337.19747893785666	C9H8O4	[M - H2O + H]+	GLPDBGACWOZVNL	InChI=1S/C9H8O4/c10-5-1-2-6-8(3-5)13-4-7(11)9(6)12/h1-3,7,10-11H,4H2	null	C1C(C(=O)C2=C(O1)C=C(C=C2)O)O	0.5	53493060;76046575	COCONUT:(CNP0344272);Natural Products:(UNPD203155);PubChem:(53493060 76046575);PubMed;CHEBI:(69195)	2130018
78	1	N/A	-340.87906793909394	C9H8O4	[M - H2O + H]+	SFJMPMHMKPKFLE	InChI=1S/C9H8O4/c10-5-2-1-3-7-9(5)6(11)4-8(12)13-7/h1-3,8,10,12H,4H2	4H-1-Benzopyran-4-one, 2,3-dihydro-2,5-dihydroxy-	C1C(OC2=CC=CC(=C2C1=O)O)O	1.10000002	54302739	MeSH:(54302739);PubChem:(54302739);PubMed	70
79	1	N/A	-349.67602318924816	C9H8O4	[M - H2O + H]+	BWONXPWAUSMDDH	InChI=1S/C9H8O4/c10-6-2-1-3-7-5(6)4-8(13-7)9(11)12/h4H,1-3H2,(H,11,12)	Oprea1_063092	C1CC2=C(C=C(O2)C(=O)O)C(=O)C1	1.0	3471008;7040459	PubChem:(3471008 7040459);COCONUT:(CNP0212130)	2097154
80	1	N/A	-359.7811385613839	C9H8O4	[M - H2O + H]+	CFLSTTHDYSASGE	InChI=1S/C9H8O4/c1-9-3-2-4(13-9)5-6(9)8(11)12-7(5)10/h2-6H,1H3	4-methyl-3a,4,7,7a-tetrahydro-4,7-epoxy-2-benzofuran-1,3-dione	CC12C=CC(O1)C3C2C(=O)OC3=O	-0.300000012	277499;5705628;11062990;55250397;71773764;98049503;98049504;98049505;98049506;124536977;124536978	COCONUT:(CNP0361273);PubChem:(277499 5705628 11062990 55250397 71773764 98049503 98049504 98049505 98049506 124536977 124536978);SuperNatural:(SN00136839);PubMed;ZINC bio:(ZINC68568696)	3153986
81	1	N/A	-366.0772743819066	C9H8O4	[M - H2O + H]+	NDDUBDUPYJZIAK	InChI=1S/C9H8O4/c10-5-3-7(12)9-6(11)1-2-13-8(9)4-5/h3-4,10,12H,1-2H2	null	C1COC2=CC(=CC(=C2C1=O)O)O	1.20000005	25094514	COCONUT:(CNP0076889);PubChem:(25094514);KEGG Mine	8592031746
82	1	N/A	-367.7680757527196	C9H8O4	[M - H2O + H]+	FABBWECRHZNMDQ	InChI=1S/C9H8O4/c10-6-2-1-3-7-8(6)5(4-13-7)9(11)12/h4H,1-3H2,(H,11,12)	Oprea1_302148	C1CC2=C(C(=O)C1)C(=CO2)C(=O)O	0.600000024	713937;6925980	PubChem class - safety and toxic;PubChem:(713937 6925980);PubMed;PubChem class - bio and metabolites	83886146
83	1	N/A	-385.969558642897	C9H8O4	[M - H2O + H]+	KMYSBXFLTOEECO	InChI=1S/C9H8O4/c1-5(10)8-6-2-3-12-9(11)7(6)4-13-8/h4H,2-3H2,1H3	1-acetyl-6,7-dihydrofuro[3,4-c]pyran-4-one	CC(=O)C1=C2CCOC(=O)C2=CO1	0.899999976	59053145	MeSH:(59053145);PubChem:(59053145);PubMed	70
84	1	N/A	-409.0766562528825	C9H8O4	[M - H2O + H]+	KPTNNLCZWYVXDW	InChI=1S/C9H8O4/c1-5-4-6(10)9-7(12-5)2-3-8(11)13-9/h4H,2-3H2,1H3	null	CC1=CC(=O)C2=C(O1)CCC(=O)O2	0.400000006	135638842	PubChem:(135638842);COCONUT:(CNP0414572)	2097154
85	1	N/A	-439.7899365866983	C9H8O4	[M - H2O + H]+	NBPJTZQIOVMOFS	InChI=1S/C9H8O4/c1-5-8(10)7(9(11)13-5)6-3-2-4-12-6/h1-4H2	null	C=C1C(=O)C(=C2CCCO2)C(=O)O1	1.10000002	10442289	COCONUT:(CNP0319398);Natural Products:(UNPD167059);PubChem:(10442289);SuperNatural:(SN00285549);MeSH:(10442289);PubMed	3178566
86	1	N/A	-452.5470185216689	C9H8O4	[M - H2O + H]+	LYHNUBGRBFVDSE	InChI=1S/C9H8O4/c10-6-8-3-9(8,7(11)13-6)5-2-1-4(8)12-5/h4-5H,1-3H2	1H,3H-4,7-Epoxy-3a,7a-methanoisobenzofuran-1,3-dione, tetrahydro-, (3a-alpha,4-beta,7-beta,7a-alpha)-	C1CC2C34CC3(C1O2)C(=O)OC4=O	-0.400000006	3065930	PubChem:(3065930);PubChem class - safety and toxic	67108866
87	1	N/A	-453.1472334459879	C9H8O4	[M - H2O + H]+	DTXCZTQREKZNKE	InChI=1S/C9H8O4/c1-5-8-7(9(11)13-5)6(10)3-2-4-12-8/h1-4H2	null	C=C1C2=C(C(=O)CCCO2)C(=O)O1	0.910436809	""	COCONUT:(CNP0133948);Natural Products:(UNPD118062)	2129920
1	1	N/A	-83.20177659315239	C9H6O3	[M + H]+	DPTUTXWBBUARQB	InChI=1S/C9H6O3/c10-7-3-1-2-6-4-5-8(11)12-9(6)7/h1-5,10H	8-Hydroxycoumarin	C1=CC2=C(C(=C1)O)OC(=O)C=C2	1.60000002	122783	COCONUT:(CNP0166688);HMDB:(140949);Natural Products:(UNPD118790);PubChem:(122783);SuperNatural:(SN00353387);ZINC bio:(ZINC06094529);PubChem class - bio and metabolites;EcoCyc Mine;MeSH:(122783);PubMed;KEGG Mine	25789767758
2	1	N/A	-84.53241974885998	C9H6O3	[M + H]+	CJIJXIFQYOPWTF	InChI=1S/C9H6O3/c10-7-2-3-8-6(5-7)1-4-9(11)12-8/h1-5,10H	6-Hydroxycoumaran	C1=CC2=C(C=CC(=O)O2)C=C1O	1.58872116	99477	HMDB:(140948);SuperNatural:(SN00156497);ZINC bio:(ZINC01757340);additional;PubMed;COCONUT:(CNP0194748);Natural Products:(UNPD135856);PubChem:(99477);PubChem class - bio and metabolites;EcoCyc Mine;PubChem class - safety and toxic;Training Set;KEGG Mine	25857417290
3	1	N/A	-85.56594281281784	C9H6O3	[M + H]+	MJKVTPMWOKAVMS	InChI=1S/C9H6O3/c10-7-5-6-3-1-2-4-8(6)12-9(7)11/h1-5,10H	Spectrum_000476	C1=CC=C2C(=C1)C=C(C(=O)O2)O	1.79999995	13650	HMDB:(2149);SuperNatural:(SN00001333);ZINC bio:(ZINC00336205);MeSH:(13650);PubMed;NORMAN:(NS00039762);COCONUT:(CNP0227778);KNApSAcK:(19143);Natural Products:(UNPD109809);PubChem:(13650);CHEBI:(113542);PubChem class - bio and metabolites;EcoCyc Mine;PubChem class - safety and toxic;Biocyc:(CPD-21586);KEGG Mine	25857140862
4	1	N/A	-90.30838087852877	C9H6O3	[M + H]+	ORHBXUUXSCNDEV	InChI=1S/C9H6O3/c10-7-3-1-6-2-4-9(11)12-8(6)5-7/h1-5,10H	Hydrangin	C1=CC(=CC2=C1C=CC(=O)O2)O	1.58872116	5281426;45358955;46781768;57369215;57981635	HMDB:(29865);PubChem class - food;SuperNatural:(SN00000949);ZINC bio:(ZINC00058111);additional;MeSH:(5281426);Plantcyc:(CPD-8186);PubMed;NORMAN:(NS00001324);COCONUT:(CNP0076098 CNP0290746 CNP0291283);KNApSAcK:(2503);Natural Products:(UNPD16064);PubChem:(5281426 45358955 46781768 57369215 57981635);CHEBI:(27510);PubChem class - bio and metabolites;EcoCyc Mine;KEGG:(C09315);PubChem class - safety and toxic;Biocyc:(CPD-8186)	17402079614
5	1	N/A	-103.16063688085316	C9H6O3	[M + H]+	OFFSPAZVIVZPHU	InChI=1S/C9H6O3/c10-9(11)8-5-6-3-1-2-4-7(6)12-8/h1-5H,(H,10,11)	Coumarilic acid	C1=CC=C2C(=C1)C=C(O2)C(=O)O	1.67262781	10331;4277101;60075956;60075957	NORMAN:(NS00031923);COCONUT:(CNP0251705 CNP0322191);Natural Products:(UNPD132119);PubChem:(10331 4277101 60075956 60075957);SuperNatural:(SN00143771);ZINC bio:(ZINC00053963);PubChem class - bio and metabolites;PubChem class - safety and toxic;PubMed	87334978
6	1	N/A	-104.02987440997796	C9H6O3	[M + H]+	VXIXUWQIVKSKSA	InChI=1S/C9H6O3/c10-7-5-9(11)12-8-4-2-1-3-6(7)8/h1-5,10H	4-Coumarinol	C1=CC=C2C(=C1)C(=CC(=O)O2)O	1.29999995	12999350;15564935;21788012;54682930;54718160;76974112;129724011	HMDB:(137904);SuperNatural:(SN00024301);ZINC bio:(ZINC18154848);additional;MeSH:(54682930);PubMed;NORMAN:(NS00014742);COCONUT:(CNP0046029 CNP0411974);Natural Products:(UNPD159568);PubChem:(12999350 15564935 21788012 54682930 54718160 76974112 129724011);CHEBI:(40070 77858);PubChem class - bio and metabolites;EcoCyc Mine;KEGG:(C20414);PubChem class - safety and toxic;Biocyc:(CPD-12111)	17267730798
7	1	N/A	-108.22751655386786	C9H6O3	[M + H]+	CDHSCTCRBLLCBJ	InChI=1S/C9H6O3/c10-7-2-1-3-8-6(7)4-5-9(11)12-8/h1-5,10H	Coumarin, 5-hydroxy-	C1=CC(=C2C=CC(=O)OC2=C1)O	1.60000002	5318179	COCONUT:(CNP0306022);HMDB:(136738);KNApSAcK:(45576);Natural Products:(UNPD63135);PubChem:(5318179);SuperNatural:(SN00158641);PubChem class - bio and metabolites;EcoCyc Mine;PubMed;KEGG Mine	25789759578
8	1	N/A	-121.40691957956415	C9H6O3	[M + H]+	AEKQNAANFVOBCU	InChI=1S/C9H6O3/c10-4-7-1-8(5-11)3-9(2-7)6-12/h1-6H	1,3,5-benzenetricarbaldehyde	C1=C(C=C(C=C1C=O)C=O)C=O	0.300000012	2747968	COCONUT:(CNP0183448);PubChem:(2747968);SuperNatural:(SN00121173);ZINC bio:(ZINC03121795);PubChem class - safety and toxic;PubMed	70262850
9	1	N/A	-123.00865598264326	C9H6O3	[M + H]+	OWBBAPRUYLEWRR	InChI=1S/C9H6O3/c10-7-5-9(11)12-8-4-2-1-3-6(7)8/h1-5,11H	4-oxochromen-2-olate	C1=CC=C2C(=C1)C(=O)C=C(O2)O	1.52846289	21788013;21788014;134854067	NORMAN:(NS00019700);COCONUT:(CNP0038758);Plantcyc:(CPD-12111);PubChem:(21788013 21788014 134854067)	2490370
10	1	N/A	-128.0265247334794	C9H6O3	[M + H]+	GTWXSZIQNTUNKR	InChI=1S/C9H6O3/c10-9(11)7-1-2-8-6(5-7)3-4-12-8/h1-5H,(H,10,11)	1-benzofuran-5-carboxylate	C1=CC2=C(C=CO2)C=C1C(=O)O	1.89999998	595656;6932026	COCONUT:(CNP0314403);Natural Products:(UNPD74687);PubChem:(595656 6932026);SuperNatural:(SN00404107);ZINC bio:(ZINC00158633);PubChem class - bio and metabolites;PubChem class - safety and toxic;PubMed	87072834
11	1	N/A	-131.0985415497433	C9H6O3	[M + H]+	QMHILIQFOBNARN	InChI=1S/C9H6O3/c10-9(11)7-3-1-2-6-4-5-12-8(6)7/h1-5H,(H,10,11)	1-benzofuran-7-carboxylate	C1=CC2=C(C(=C1)C(=O)O)OC=C2	1.89999998	13307983;22922989	PubChem class - safety and toxic;PubChem:(13307983 22922989);PubMed;PubChem class - bio and metabolites	83886146
12	1	N/A	-141.71222430870895	C9H6O3	[M + H]+	WVJCRTSTRGRJJT	InChI=1S/C9H6O3/c10-6-1-2-7-8(11)3-4-12-9(7)5-6/h1-5,10H	7-Hydroxychromone	C1=CC2=C(C=C1O)OC=CC2=O	1.38234663	5409279	NORMAN:(NS00034264);COCONUT:(CNP0338956);KNApSAcK:(44485);Natural Products:(UNPD161576);PubChem:(5409279);SuperNatural:(SN00282688);ZINC bio:(ZINC06093697);PubChem class - safety and toxic;PubMed	70557778
13	1	N/A	-146.1786375120114	C9H6O3	[M + H]+	TWWAWPHAOPTQEU	InChI=1S/C9H6O3/c1-5-3-2-4-6-7(5)9(11)12-8(6)10/h2-4H,1H3	Methylphthalicanhydride	CC1=C2C(=CC=C1)C(=O)OC2=O	1.70000005	98500	NORMAN:(NS00031736);COCONUT:(CNP0034587);PubChem:(98500);SuperNatural:(SN00136821);ZINC bio:(ZINC68568638);PubChem class - safety and toxic;PubMed	70524994
14	1	N/A	-146.29021555822933	C9H6O3	[M + H]+	DCMHKQKYWBSFKE	InChI=1S/C9H6O3/c10-7-5-12-8-4-2-1-3-6(8)9(7)11/h1-5,10H	3-hydroxychromen-4-one	C1=CC=C2C(=C1)C(=O)C(=CO2)O	1.39999998	5174122	MeSH:(5174122);PubChem:(5174122);PubMed	70
15	1	N/A	-148.87047409899125	C9H6O3	[M + H]+	NQFHXFSJVWAIEC	InChI=1S/C9H6O3/c10-7-4-5-2-1-3-6(8(5)7)9(11)12/h1-3H,4H2,(H,11,12)	7-oxobicyclo[4.2.0]octa-1,3,5-triene-5-carboxylate	C1C2=C(C1=O)C(=CC=C2)C(=O)O	0.300000012	2752940;7055775	COCONUT:(CNP0050248);PubChem:(2752940 7055775);SuperNatural:(SN00126068);ZINC bio:(ZINC03848058)	3153922
16	1	N/A	-149.89488421780644	C9H6O3	[M + H]+	RVDHGRQELZPGCO	InChI=1S/C9H6O3/c10-9(11)7-2-1-6-3-4-12-8(6)5-7/h1-5H,(H,10,11)	1-benzofuran-6-carboxylate	C1=CC(=CC2=C1C=CO2)C(=O)O	1.89999998	17867233;17867234	PubChem:(17867233 17867234);PubChem class - safety and toxic	67108866
17	1	N/A	-155.45395121969926	C9H6O3	[M + H]+	ZOXBWJMCXHTKNU	InChI=1S/C9H6O3/c1-5-2-3-6-7(4-5)9(11)12-8(6)10/h2-4H,1H3	Ambap19438-61-0	CC1=CC2=C(C=C1)C(=O)OC2=O	1.70000005	88069	NORMAN:(NS00026339);PubChem class - safety and toxic;PubChem:(88069)	67371010
18	1	N/A	-158.32124354383595	C9H6O3	[M + H]+	BKBGCIJINOXJAF	InChI=1S/C9H6O3/c10-5-1-2-6-7(3-5)9(12)4-8(6)11/h1-3,10H,4H2	1H-Indene-1,3(2H)-dione, 5-hydroxy-	C1C(=O)C2=C(C1=O)C=C(C=C2)O	0.922526598	19034333	PubChem:(19034333);PubChem class - safety and toxic	67108866
19	1	N/A	-163.89982453533756	C9H6O3	[M + H]+	BENJFDPHDCGUAQ	InChI=1S/C9H6O3/c10-9(11)7-5-12-8-4-2-1-3-6(7)8/h1-5H,(H,10,11)	3-Carboxybenzo[b]furan	C1=CC=C2C(=C1)C(=CO2)C(=O)O	1.89999998	595655;6945931	PubChem class - safety and toxic;PubChem:(595655 6945931);PubMed	67108930
20	1	N/A	-176.77028632738663	C9H6O3	[M + H]+	BEXDZXZAOSACHG	InChI=1S/C9H6O3/c1-12-5-2-3-6-7(4-5)9(11)8(6)10/h2-4H,1H3	3-methoxybicyclo[4.2.0]octa-1,3,5-triene-7,8-dione	COC1=CC2=C(C=C1)C(=O)C2=O	0.600000024	839268	COCONUT:(CNP0418435);PubChem:(839268);SuperNatural:(SN00118373);ZINC bio:(ZINC00367516)	3153922
21	1	N/A	-184.710402941698	C9H6O3	[M + H]+	OXRKIXVLGCKTOE	InChI=1S/C9H6O3/c1-12-6-4-2-3-5-7(6)9(11)8(5)10/h2-4H,1H3	5-methoxybicyclo[4.2.0]octa-1(6),2,4-triene-7,8-dione	COC1=CC=CC2=C1C(=O)C2=O	0.600000024	2752805	COCONUT:(CNP0189584);PubChem:(2752805);SuperNatural:(SN00125929);ZINC bio:(ZINC03847885)	3153922
22	1	N/A	-185.92210973952209	C9H6O3	[M + H]+	WFAPIZKLEVLUMX	InChI=1S/C9H6O3/c10-9(11)7-2-1-3-8-6(7)4-5-12-8/h1-5H,(H,10,11)	4-Benzofurancarboxylic acid	C1=CC(=C2C=COC2=C1)C(=O)O	1.89999998	22324117	PubChem:(22324117);PubChem class - safety and toxic	67108866
23	1	N/A	-187.6519593667688	C9H6O3	[M + H]+	QGOGDMXHAWFFJA	InChI=1S/C9H6O3/c10-8-6-4-2-1-3-5-7-9(11)12/h10H,6,8H2,(H,11,12)	null	C(CO)C#CC#CC#CC(=O)O	0.800000012	101409937	COCONUT:(CNP0298248);Natural Products:(UNPD5406);PubChem:(101409937)	2129922
24	1	N/A	-191.48231381853088	C9H6O3	[M + H]+	AKHSBAVQPIRVAG	InChI=1S/C9H6O3/c10-8-5-6-3-1-2-4-7(6)9(11)12-8/h1-4H,5H2	1,3-Isochromandione	C1C2=CC=CC=C2C(=O)OC1=O	1.57428038	12801;134857660	NORMAN:(NS00037049);COCONUT:(CNP0265654);PubChem:(12801 134857660);SuperNatural:(SN00136838);ZINC bio:(ZINC68568695);MeSH:(12801);PubChem class - safety and toxic;PubMed	70524998
25	1	N/A	-218.36565760234143	C9H6O3	[M + H]+	FRPUZPKXFMJGKF	InChI=1S/C9H6O3/c10-8-5-12-9(11)7-4-2-1-3-6(7)8/h1-4H,5H2	null	C1C(=O)C2=CC=CC=C2C(=O)O1	1.39999998	12695679	PubChem:(12695679);NORMAN:(NS00006963)	262146
26	1	N/A	-290.05400679952476	C9H6O3	[M + H]+	NUJROMCGPCNPBN	InChI=1S/C9H6O3/c10-7-1-5-2-8-9(3-6(5)7)12-4-11-8/h2-3H,1,4H2	null	C1C2=CC3=C(C=C2C1=O)OCO3	0.300000012	2752746	COCONUT:(CNP0035339);PubChem:(2752746);SuperNatural:(SN00125863);ZINC bio:(ZINC03847817)	3153922
27	1	N/A	-325.9462555819113	C9H6O3	[M + H]+	YGDJSRSAEUNWRE	InChI=1S/C9H6O3/c10-9-8-7(12-8)5-3-1-2-4-6(5)11-9/h1-4,7-8H	Coumarin 3,4-epoxide	C1=CC=C2C(=C1)C3C(O3)C(=O)O2	1.0	126771	EcoCyc Mine;MeSH:(126771);PubChem:(126771);PubMed;KEGG Mine	25769803846