structureRankPerFormula	formulaRank	ConfidenceScore	CSI:FingerIDScore	molecularFormula	adduct	InChIkey2D	InChI	name	smiles	xlogp	pubchemids	links	dbflags
1	1	0.0996686771925791	-280.8319107615487	C18H29NO10	[M + H]+	BCWTZHAOJWJAHT	InChI=1S/C18H29NO10/c1-10(20)19(6)15(8-26-11(2)21)17(25-7)18(29-14(5)24)16(28-13(4)23)9-27-12(3)22/h15-18H,8-9H2,1-7H3	null	CC(=O)N(C)C(COC(=O)C)C(C(C(COC(=O)C)OC(=O)C)OC(=O)C)OC	-0.828944862	""	COCONUT:(CNP0375285);Natural Products:(UNPD173850);SuperNatural:(SN00404690)	3178496
1	2	N/A	-307.82468017955495	C19H25N5O6	[M + H]+	QENSHQJGWGRPQS	InChI=1S/C19H25N5O6/c20-12(5-6-16(21)26)17(27)24-15(9-25)18(28)23-14(19(29)30)7-10-8-22-13-4-2-1-3-11(10)13/h1-4,8,12,14-15,22,25H,5-7,9,20H2,(H2,21,26)(H,23,28)(H,24,27)(H,29,30)	2-[[2-[(2,5-diamino-5-oxopentanoyl)amino]-3-hydroxypropanoyl]amino]-3-(1H-indol-3-yl)propanoic acid	C1=CC=C2C(=C1)C(=CN2)CC(C(=O)O)NC(=O)C(CO)NC(=O)C(CCC(=O)N)N	-1.62214112	18220813;91667417	PubChem:(18220813 91667417);PubChem class - bio and metabolites	16777218
2	2	N/A	-505.0099463094315	C19H25N5O6	[M + H]+	WXUWJCAMJGPJEC	InChI=1S/C19H25N5O6/c1-28-10-13-9-24(23-22-13)8-11-6-14(18(26)17(11)25)21-19(27)20-12-2-3-15-16(7-12)30-5-4-29-15/h2-3,7,9,11,14,17-18,25-26H,4-6,8,10H2,1H3,(H2,20,21,27)	null	COCC1=CN(N=N1)CC2CC(C(C2O)O)NC(=O)NC3=CC4=C(C=C3)OCCO4	-1.10000002	75529471	PubChem:(75529471);COCONUT:(CNP0133480)	2097154
3	2	N/A	-525.1020403854407	C19H25N5O6	[M + H]+	ZPHSNYNCLNMLMZ	InChI=1S/C19H25N5O6/c1-3-10(2)16(17(27)22-12(18(28)29)8-14(20)25)23-19(30)24-9-15(26)21-11-6-4-5-7-13(11)24/h4-7,10,12,16H,3,8-9H2,1-2H3,(H2,20,25)(H,21,26)(H,22,27)(H,23,30)(H,28,29)	(2S)-4-amino-2-[[(2S)-3-methyl-2-[(3-oxo-2,4-dihydroquinoxaline-1-carbonyl)amino]pentanoyl]amino]-4-oxobutanoic acid	CCC(C)C(C(=O)NC(CC(=O)N)C(=O)O)NC(=O)N1CC(=O)NC2=CC=CC=C21	-0.400000006	16406366;25579803;25579810	COCONUT:(CNP0114164 CNP0263158);PubChem:(16406366 25579803 25579810);SuperNatural:(SN00089570 SN00089569);ZINC bio:(ZINC12889496 ZINC12889504)	3153922
4	2	N/A	-534.6990207996809	C19H25N5O6	[M + H]+	ALAQXPVYAKNGFH	InChI=1S/C19H25N5O6/c1-10(2)16(17(27)22-12(18(28)29)7-8-14(20)25)23-19(30)24-9-15(26)21-11-5-3-4-6-13(11)24/h3-6,10,12,16H,7-9H2,1-2H3,(H2,20,25)(H,21,26)(H,22,27)(H,23,30)(H,28,29)	N-[(3-oxo-3,4-dihydroquinoxalin-1(2H)-yl)carbonyl]-L-valyl-L-glutamine	CC(C)C(C(=O)NC(CCC(=O)N)C(=O)O)NC(=O)N1CC(=O)NC2=CC=CC=C21	-0.400000006	16406397	COCONUT:(CNP0108953 CNP0391072);PubChem:(16406397);SuperNatural:(SN00089584);ZINC bio:(ZINC12889620)	3153922