structureRankPerFormula	formulaRank	ConfidenceScore	CSI:FingerIDScore	molecularFormula	adduct	InChIkey2D	InChI	name	smiles	xlogp	pubchemids	links	dbflags
1	1	N/A	-250.71099719168063	C23H28O12	[M - H2O + H]+	CGNOZLKPYMECML	InChI=1S/C23H28O12/c1-31-15-8-12(9-16(32-2)18(15)26)22(30)34-10-17-19(27)20(28)21(29)23(35-17)33-6-5-11-3-4-13(24)14(25)7-11/h3-4,7-9,17,19-21,23-29H,5-6,10H2,1-2H3	null	COC1=CC(=CC(=C1O)OC)C(=O)OCC2C(C(C(C(O2)OCCC3=CC(=C(C=C3)O)O)O)O)O	0.5	56642348	COCONUT:(CNP0117141);Natural Products:(UNPD229033);PubChem:(56642348)	2129922
2	1	N/A	-273.36762760441025	C23H28O12	[M - H2O + H]+	FCHVXNVDFYXLIL	InChI=1S/C23H28O12/c1-20-8-22(30)13-6-23(20,33-18-16(28)15(27)14(26)12(7-24)32-18)21(13,19(34-20)35-22)9-31-17(29)10-2-4-11(25)5-3-10/h2-5,12-16,18-19,24-28,30H,6-9H2,1H3	Oxypaeoniflora	CC12CC3(C4CC1(C4(C(O2)O3)COC(=O)C5=CC=C(C=C5)O)OC6C(C(C(C(O6)CO)O)O)O)O	-1.39999998	99650;429559;6325768;9892003;13195891;11466099;21577369;21631105;23304550;46882883;46883187;101735484;122130576;122173153;125115299;124910928;124910929;129316862;129539551;129607005;137704782	COCONUT:(CNP0212552);KNApSAcK:(33281);Natural Products:(UNPD101690 UNPD102618 UNPD70549);PubChem:(99650 429559 6325768 9892003 13195891 11466099 21577369 21631105 23304550 46882883 46883187 101735484 122130576 122173153 125115299 124910928 124910929 129316862 129539551 129607005 137704782);SuperNatural:(SN00341935 SN00360682 SN00282874 SN00167987);CHEBI:(132789);MeSH:(99650 429559 13195891 21631105 46882883 122173153 137704782);PubMed;KEGG Mine	8593113206
3	1	N/A	-280.3846404916029	C23H28O12	[M - H2O + H]+	ONGDXTXBZXMGHD	InChI=1S/C23H28O12/c1-32-16-8-12(18(27)14(26)9-24)4-7-15(16)34-23-21(30)20(29)19(28)17(35-23)10-33-22(31)11-2-5-13(25)6-3-11/h2-8,14,17-21,23-30H,9-10H2,1H3	[(2R,3S,4S,5R,6S)-3,4,5-trihydroxy-6-[2-methoxy-4-[(1S,2S)-1,2,3-trihydroxypropyl]phenoxy]oxan-2-yl]methyl 4-hydroxybenzoate	COC1=C(C=CC(=C1)C(C(CO)O)O)OC2C(C(C(C(O2)COC(=O)C3=CC=C(C=C3)O)O)O)O	-1.10000002	11712992	COCONUT:(CNP0327773);Natural Products:(UNPD144808);PubChem:(11712992);SuperNatural:(SN00332070)	3178498
4	1	N/A	-310.7350890904686	C23H28O12	[M - H2O + H]+	JTSLEFJYUVTLOS	InChI=1S/C23H28O12/c1-31-15-8-12(9-16(32-2)18(15)26)22(30)33-10-17-19(27)20(28)21(29)23(35-17)34-14-4-3-11(5-6-24)7-13(14)25/h3-4,7-9,17,19-21,23-29H,5-6,10H2,1-2H3	null	COC1=CC(=CC(=C1O)OC)C(=O)OCC2C(C(C(C(O2)OC3=C(C=C(C=C3)CCO)O)O)O)O	0.300000012	56642472	COCONUT:(CNP0164098);Natural Products:(UNPD210054);PubChem:(56642472)	2129922
5	1	N/A	-314.4638029110252	C23H28O12	[M - H2O + H]+	GUFWXAMCZTYXLV	InChI=1S/C23H28O12/c24-9-18-20(31)21(32)22(33)23(35-18)34-17(19(30)11-2-4-14(27)16(29)8-11)6-5-12(25)10-1-3-13(26)15(28)7-10/h1-4,7-8,17-24,26-33H,5-6,9H2	null	C1=CC(=C(C=C1C(C(CCC(=O)C2=CC(=C(C=C2)O)O)OC3C(C(C(C(O3)CO)O)O)O)O)O)O	-0.899999976	70451366;101664510;101664511	COCONUT:(CNP0224718);KNApSAcK:(36970);Natural Products:(UNPD93913 UNPD111299 UNPD182304 UNPD30922 UNPD176825);PubChem:(70451366 101664510 101664511);SuperNatural:(SN00368778 SN00330066 SN00365586 SN00380492 SN00299598)	3178514
6	1	N/A	-317.70457020842565	C23H28O12	[M - H2O + H]+	ZDQYDJKTKMJWEL	InChI=1S/C23H28O12/c1-30-11-4-2-10(3-5-11)20(28)32-9-23(29)14-12(18-19(23)34-18)6-7-31-21(14)35-22-17(27)16(26)15(25)13(8-24)33-22/h2-7,12-19,21-22,24-27,29H,8-9H2,1H3	[(1aS,1bR,5S,5aS,6S,6aS)-6-hydroxy-5-[(2S,3R,4S,5S,6R)-3,4,5-trihydroxy-6-(hydroxymethyl)oxan-2-yl]oxy-1b,5,5a,6a-tetrahydro-1aH-oxireno[3,4]cyclopenta[1,3-c]pyran-6-yl]methyl 4-methoxybenzoate	COC1=CC=C(C=C1)C(=O)OCC2(C3C(C=COC3OC4C(C(C(C(O4)CO)O)O)O)C5C2O5)O	-1.0	21580487	COCONUT:(CNP0357175);Natural Products:(UNPD84579);PubChem:(21580487);SuperNatural:(SN00265568)	3178498
7	1	N/A	-325.73537143366434	C23H28O12	[M - H2O + H]+	DGJXDWUGRJXZJN	InChI=1S/C23H28O12/c1-30-11-4-2-10(3-5-11)20(29)33-18-12-6-7-31-21(14(12)23(9-25)19(18)35-23)34-22-17(28)16(27)15(26)13(8-24)32-22/h2-7,12-19,21-22,24-28H,8-9H2,1H3	2-(hexopyranosyloxy)-1a-(hydroxymethyl)-1a,1b,2,5a,6,6a-hexahydrooxireno[4,5]cyclopenta[1,2-c]pyran-6-yl 4-methoxybenzoate	COC1=CC=C(C=C1)C(=O)OC2C3C=COC(C3C4(C2O4)CO)OC5C(C(C(C(O5)CO)O)O)O	-1.0	3593392;5705528	COCONUT:(CNP0212010);PubChem:(3593392 5705528);SuperNatural:(SN00136756);ZINC bio:(ZINC68568502);KEGG Mine	8593088514
8	1	N/A	-331.0625584220389	C23H28O12	[M - H2O + H]+	WMNBLIKIHCIFJI	InChI=1S/C23H28O12/c1-31-15-8-12(9-16(32-2)18(15)26)22(30)33-10-17-19(27)20(28)21(29)23(35-17)34-14-7-11(5-6-24)3-4-13(14)25/h3-4,7-9,17,19-21,23-29H,5-6,10H2,1-2H3	null	COC1=CC(=CC(=C1O)OC)C(=O)OCC2C(C(C(C(O2)OC3=C(C=CC(=C3)CCO)O)O)O)O	0.300000012	102251686	COCONUT:(CNP0324570);Natural Products:(UNPD86911);PubChem:(102251686);SuperNatural:(SN00337941)	3178498
9	1	N/A	-338.9773516201288	C23H28O12	[M - H2O + H]+	DRZLUMWMWWVAPK	InChI=1S/C23H28O12/c1-31-15-7-10(2-3-14(15)25)21(30)33-9-11-6-13-12(17(11)26)4-5-32-22(13)35-23-20(29)19(28)18(27)16(8-24)34-23/h2-7,12-13,16-20,22-29H,8-9H2,1H3	null	COC1=C(C=CC(=C1)C(=O)OCC2=CC3C(C2O)C=COC3OC4C(C(C(C(O4)CO)O)O)O)O	-0.654837906	""	COCONUT:(CNP0154488);Natural Products:(UNPD177414);SuperNatural:(SN00287358)	3178496
10	1	N/A	-343.3280039640113	C23H28O12	[M - H2O + H]+	VHNBSWKVDGABEV	InChI=1S/C23H28O12/c1-9-13-14(16(26)19(9)34-21(31)10-5-3-2-4-6-10)11(20(29)30)8-32-22(13)35-23-18(28)17(27)15(25)12(7-24)33-23/h2-6,8-9,12-19,22-28H,7H2,1H3,(H,29,30)	null	CC1C2C(C(C1OC(=O)C3=CC=CC=C3)O)C(=COC2OC4C(C(C(C(O4)CO)O)O)O)C(=O)O	-0.5	45360243;129448955;129448956;129448957;129448958	COCONUT:(CNP0043546 CNP0347898);PubChem:(45360243 129448955 129448956 129448957 129448958);SuperNatural:(SN00040678 SN00040680 SN00040677 SN00040679);ZINC bio:(ZINC67912040 ZINC67912042 ZINC67912045 ZINC67912046);additional;Training Set	3694594
11	1	N/A	-343.6563176880069	C23H28O12	[M - H2O + H]+	VTYVNBXSLBXSGD	InChI=1S/C23H28O12/c1-31-15-7-10(2-3-13(15)25)21(30)33-9-11-6-14(26)12-4-5-32-22(17(11)12)35-23-20(29)19(28)18(27)16(8-24)34-23/h2-7,12,14,16-20,22-29H,8-9H2,1H3	null	COC1=C(C=CC(=C1)C(=O)OCC2=CC(C3C2C(OC=C3)OC4C(C(C(C(O4)CO)O)O)O)O)O	-1.20000005	10529276;10413483;85136115	COCONUT:(CNP0312073);KNApSAcK:(29374);Natural Products:(UNPD107235);PubChem:(10529276 10413483 85136115);SuperNatural:(SN00274245)	3178514
12	1	N/A	-350.5315250916526	C23H28O12	[M - H2O + H]+	AMUCMTSSMZOQRF	InChI=1S/C23H28O12/c1-9-14(33-21(31)10-2-4-11(25)5-3-10)6-12-13(20(29)30)8-32-22(16(9)12)35-23-19(28)18(27)17(26)15(7-24)34-23/h2-5,8-9,12,14-19,22-28H,6-7H2,1H3,(H,29,30)	(1S,4aS,6S,7S,7aS)-6-(4-hydroxybenzoyl)oxy-7-methyl-1-[(2S,3R,4S,5S,6R)-3,4,5-trihydroxy-6-(hydroxymethyl)oxan-2-yl]oxy-1,4a,5,6,7,7a-hexahydrocyclopenta[c]pyran-4-carboxylic acid	CC1C(CC2C1C(OC=C2C(=O)O)OC3C(C(C(C(O3)CO)O)O)O)OC(=O)C4=CC=C(C=C4)O	0.200000003	21579244	COCONUT:(CNP0263885);Natural Products:(UNPD87404);PubChem:(21579244)	2129922
13	1	N/A	-354.91922481331386	C23H28O12	[M - H2O + H]+	MFWOJWBKCUMOEM	InChI=1S/C23H28O12/c1-9-14(25)6-12-13(20(29)30)7-33-22(16(9)12)35-23-19(28)18(27)17(26)15(34-23)8-32-21(31)10-2-4-11(24)5-3-10/h2-5,7,9,12,14-19,22-28H,6,8H2,1H3,(H,29,30)	(1S,4aS,6S,7S,7aS)-6-hydroxy-7-methyl-1-[(2S,3R,4S,5S,6R)-3,4,5-trihydroxy-6-[(4-hydroxybenzoyl)oxymethyl]oxan-2-yl]oxy-1,4a,5,6,7,7a-hexahydrocyclopenta[c]pyran-4-carboxylic acid	CC1C(CC2C1C(OC=C2C(=O)O)OC3C(C(C(C(O3)COC(=O)C4=CC=C(C=C4)O)O)O)O)O	-0.400000006	21579243	COCONUT:(CNP0421928);KNApSAcK:(35528);Natural Products:(UNPD64226);PubChem:(21579243);SuperNatural:(SN00296872)	3178514
14	1	N/A	-362.2879126579069	C23H28O12	[M - H2O + H]+	GDYHXYVZYNLODJ	InChI=1S/C23H28O12/c1-10(8-24)11-3-4-15(16(7-11)32-2)34-23-21(30)20(29)19(28)17(35-23)9-33-22(31)12-5-13(25)18(27)14(26)6-12/h3-7,10,17,19-21,23-30H,8-9H2,1-2H3	[(2R,3S,4R,5R,6S)-3,4,5-trihydroxy-6-[4-(1-hydroxypropan-2-yl)-2-methoxyphenoxy]oxan-2-yl]methyl 3,4,5-trihydroxybenzoate	CC(CO)C1=CC(=C(C=C1)OC2C(C(C(C(O2)COC(=O)C3=CC(=C(C(=C3)O)O)O)O)O)O)OC	0.300000012	5318107;22524273	COCONUT:(CNP0286501);Natural Products:(UNPD192653);PubChem:(5318107 22524273);SuperNatural:(SN00160289)	3178498
15	1	N/A	-372.7771247985462	C23H28O12	[M - H2O + H]+	KDMAVPMMVXQQGH	InChI=1S/C23H28O12/c1-29-14-7-11(5-6-13(14)24)22(28)33-10-17-18(25)19(26)20(27)23(35-17)34-12-8-15(30-2)21(32-4)16(9-12)31-3/h5-9,17-20,23-27H,10H2,1-4H3	[(2R,3S,4S,5R,6S)-3,4,5-trihydroxy-6-(3,4,5-trimethoxyphenoxy)oxan-2-yl]methyl 4-hydroxy-3-methoxybenzoate	COC1=CC(=CC(=C1OC)OC)OC2C(C(C(C(O2)COC(=O)C3=CC(=C(C=C3)O)OC)O)O)O	1.0	11972477;21550919	COCONUT:(CNP0190709);KNApSAcK:(37900);Natural Products:(UNPD189735);PubChem:(11972477 21550919);SuperNatural:(SN00338144 SN00168857)	3178514
16	1	N/A	-380.66296941102854	C23H28O12	[M - H2O + H]+	YOIVRWRNBLZIJO	InChI=1S/C23H28O12/c1-31-13-4-2-11(3-5-13)20(29)34-15-8-12(9-24)16-21(32-7-6-23(15,16)30)35-22-19(28)18(27)17(26)14(10-25)33-22/h2-8,14-19,21-22,24-28,30H,9-10H2,1H3	null	COC1=CC=C(C=C1)C(=O)OC2C=C(C3C2(C=COC3OC4C(C(C(C(O4)CO)O)O)O)O)CO	-1.1589427	""	COCONUT:(CNP0327006);Natural Products:(UNPD174175);SuperNatural:(SN00254305)	3178496
17	1	N/A	-386.1418698043618	C23H28O12	[M - H2O + H]+	VFIIXYQLZKZTSG	InChI=1S/C23H28O12/c1-9-14(26)6-12-13(20(29)30)8-32-22(16(9)12)35-23-19(18(28)17(27)15(7-24)33-23)34-21(31)10-2-4-11(25)5-3-10/h2-5,8-9,12,14-19,22-28H,6-7H2,1H3,(H,29,30)	(1S,4aS,6S,7S,7aS)-1-[(2S,3R,4S,5S,6R)-4,5-dihydroxy-3-(4-hydroxybenzoyl)oxy-6-(hydroxymethyl)oxan-2-yl]oxy-6-hydroxy-7-methyl-1,4a,5,6,7,7a-hexahydrocyclopenta[c]pyran-4-carboxylic acid	CC1C(CC2C1C(OC=C2C(=O)O)OC3C(C(C(C(O3)CO)O)O)OC(=O)C4=CC=C(C=C4)O)O	0.200000003	11409344;44140408	COCONUT:(CNP0291356);Natural Products:(UNPD90870);PubChem:(11409344 44140408);SuperNatural:(SN00375812);PubMed	3178562
18	1	N/A	-388.3031396816537	C23H28O12	[M - H2O + H]+	IUXOFSAPFXGQID	InChI=1S/C23H28O12/c1-23(31)7-6-12-13(19(28)29)8-33-21(15(12)23)35-22-18(27)17(26)16(25)14(34-22)9-32-20(30)10-2-4-11(24)5-3-10/h2-5,8,12,14-18,21-22,24-27,31H,6-7,9H2,1H3,(H,28,29)	null	CC1(CCC2C1C(OC=C2C(=O)O)OC3C(C(C(C(O3)COC(=O)C4=CC=C(C=C4)O)O)O)O)O	-0.600000024	23955877;133554308	COCONUT:(CNP0026167 CNP0157826);Natural Products:(UNPD174422);PubChem:(23955877 133554308);SuperNatural:(SN00038754);ZINC bio:(ZINC38143642);additional;PubChem class - safety and toxic;Training Set	70836226
19	1	N/A	-395.91051569171657	C23H28O12	[M - H2O + H]+	ZFAXRAALWQSKDW	InChI=1S/C23H28O12/c1-12(25)30-11-17-6-8-18(9-7-17)23(34-16(5)29)22(33-15(4)28)21(32-14(3)27)20(31-13(2)26)19(10-24)35-23/h6-9,19-22,24H,10-11H2,1-5H3	Acetylgastrodin	CC(=O)OCC1=CC=C(C=C1)C2(C(C(C(C(O2)CO)OC(=O)C)OC(=O)C)OC(=O)C)OC(=O)C	0.100000001	6453788	MeSH:(6453788);PubChem:(6453788);PubMed	70
20	1	N/A	-417.068927141324	C23H28O12	[M - H2O + H]+	BSMWQZICWPFTBG	InChI=1S/C23H28O12/c1-9-14(33-21(31)10-3-2-4-11(25)5-10)6-12-13(20(29)30)8-32-22(16(9)12)35-23-19(28)18(27)17(26)15(7-24)34-23/h2-5,8-9,12,14-19,22-28H,6-7H2,1H3,(H,29,30)	null	CC1C(CC2C1C(OC=C2C(=O)O)OC3C(C(C(C(O3)CO)O)O)O)OC(=O)C4=CC(=CC=C4)O	0.200000003	102023219;101285202	COCONUT:(CNP0147150);KNApSAcK:(10609);Natural Products:(UNPD52282 UNPD184423);PubChem:(102023219 101285202);SuperNatural:(SN00397046 SN00338448)	3178514
21	1	N/A	-419.390700008613	C23H28O12	[M - H2O + H]+	AQYUONODPUSIMK	InChI=1S/C23H28O12/c1-10-14(33-20(30)11-2-4-13(26)5-3-11)6-23(31)12(7-24)9-32-21(16(10)23)35-22-19(29)18(28)17(27)15(8-25)34-22/h2-5,7,9-10,14-19,21-22,25-29,31H,6,8H2,1H3	[(4aR,6S,7R,7aR)-4-formyl-4a-hydroxy-7-methyl-1-[(2S,3R,4S,5S,6R)-3,4,5-trihydroxy-6-(hydroxymethyl)oxan-2-yl]oxy-5,6,7,7a-tetrahydro-1H-cyclopenta[c]pyran-6-yl] 4-hydroxybenzoate	CC1C(CC2(C1C(OC=C2C=O)OC3C(C(C(C(O3)CO)O)O)O)O)OC(=O)C4=CC=C(C=C4)O	-0.400000006	158172;101701634	COCONUT:(CNP0301179);Natural Products:(UNPD93719);PubChem:(158172 101701634);SuperNatural:(SN00344941)	3178498
22	1	N/A	-419.5257846727018	C23H28O12	[M - H2O + H]+	RFCSGMIUBXUYSE	InChI=1S/C23H28O12/c1-23(31)7-6-12-13(19(28)29)9-32-21(15(12)23)35-22-18(17(27)16(26)14(8-24)33-22)34-20(30)10-2-4-11(25)5-3-10/h2-5,9,12,14-18,21-22,24-27,31H,6-8H2,1H3,(H,28,29)	Negundoside	CC1(CCC2C1C(OC=C2C(=O)O)OC3C(C(C(C(O3)CO)O)O)OC(=O)C4=CC=C(C=C4)O)O	-0.100000001	9935561;16655052;102032626	COCONUT:(CNP0167903 CNP0343930);KNApSAcK:(43759);Natural Products:(UNPD91382 UNPD160291);PubChem:(9935561 16655052 102032626);SuperNatural:(SN00038963);ZINC bio:(ZINC42889182);MeSH:(9935561 16655052 102032626);PubMed	3186774
23	1	N/A	-475.38131362486035	C23H28O12	[M - H2O + H]+	BWQCKMLNNSXWLO	InChI=1S/C23H28O12/c1-23(2,31)13-7-10-11(32-13)8-12(15-9(4-3-5-24)6-14(25)34-19(10)15)33-22-18(28)16(26)17(27)20(35-22)21(29)30/h6,8,13,16-18,20,22,24,26-28,31H,3-5,7H2,1-2H3,(H,29,30)	null	CC(C)(C1CC2=C3C(=C(C=C2O1)OC4C(C(C(C(O4)C(=O)O)O)O)O)C(=CC(=O)O3)CCCO)O	-0.5	131836346	HMDB:(130144);PubChem:(131836346);PubChem class - bio and metabolites	16777226
24	1	N/A	-476.928772804913	C23H28O12	[M - H2O + H]+	CBOLZWMIVPZIMD	InChI=1S/C23H28O12/c1-3-4-9-5-14(25)34-19-10-6-13(23(2,31)8-24)32-11(10)7-12(15(9)19)33-22-18(28)16(26)17(27)20(35-22)21(29)30/h5,7,13,16-18,20,22,24,26-28,31H,3-4,6,8H2,1-2H3,(H,29,30)	null	CCCC1=CC(=O)OC2=C3CC(OC3=CC(=C12)OC4C(C(C(C(O4)C(=O)O)O)O)O)C(C)(CO)O	-0.200000003	131836344	HMDB:(130142);PubChem:(131836344);PubChem class - bio and metabolites	16777226
25	1	N/A	-481.6349108088035	C23H28O12	[M - H2O + H]+	WGWJVSIFWNJGMK	InChI=1S/C23H28O12/c1-12(9-14(11-24)10-13-5-3-2-4-6-13)7-8-21-15(25)16(26)23(35-21,20(31)32)22(33,19(29)30)17(34-21)18(27)28/h2-6,9,14-17,24-26,33H,7-8,10-11H2,1H3,(H,27,28)(H,29,30)(H,31,32)	null	CC(=CC(CC1=CC=CC=C1)CO)CCC23C(C(C(O2)(C(C(O3)C(=O)O)(C(=O)O)O)C(=O)O)O)O	0.5	10391107;139583460	COCONUT:(CNP0238540);Natural Products:(UNPD122804);PubChem:(10391107 139583460);SuperNatural:(SN00342129)	3178498
26	1	N/A	-482.39900384059496	C23H28O12	[M - H2O + H]+	NNOAULQCFAVIGM	InChI=1S/C23H28O12/c1-12(9-13-5-3-2-4-6-13)10-14(11-24)7-8-21-15(25)16(26)23(35-21,20(31)32)22(33,19(29)30)17(34-21)18(27)28/h2-6,10,12,15-17,24-26,33H,7-9,11H2,1H3,(H,27,28)(H,29,30)(H,31,32)	null	CC(CC1=CC=CC=C1)C=C(CCC23C(C(C(O2)(C(C(O3)C(=O)O)(C(=O)O)O)C(=O)O)O)O)CO	0.400000006	10097340;139587366	COCONUT:(CNP0265496);Natural Products:(UNPD73879);PubChem:(10097340 139587366);SuperNatural:(SN00322568)	3178498
27	1	N/A	-490.58674352609347	C23H28O12	[M - H2O + H]+	LMQXCTIIPRAJLF	InChI=1S/C23H28O12/c1-4-10(24)8-6-14(25)34-19-9-5-13(23(2,3)31)32-11(9)7-12(15(8)19)33-22-18(28)16(26)17(27)20(35-22)21(29)30/h6-7,10,13,16-18,20,22,24,26-28,31H,4-5H2,1-3H3,(H,29,30)	null	CCC(C1=CC(=O)OC2=C3CC(OC3=CC(=C12)OC4C(C(C(C(O4)C(=O)O)O)O)O)C(C)(C)O)O	-0.400000006	131836340	HMDB:(130138);PubChem:(131836340);PubChem class - bio and metabolites	16777226
28	1	N/A	-492.8235515280448	C23H28O12	[M - H2O + H]+	OPFFSLQHSCNUPP	InChI=1S/C23H28O12/c1-11(14(24)12(2)10-13-6-4-3-5-7-13)8-9-21-15(25)16(26)23(35-21,20(31)32)22(33,19(29)30)17(34-21)18(27)28/h3-7,12,14-17,24-26,33H,1,8-10H2,2H3,(H,27,28)(H,29,30)(H,31,32)	4,6,7-trihydroxy-1-(4-hydroxy-5-methyl-3-methylidene-6-phenylhexyl)-2,8-dioxabicyclo[3.2.1]octane-3,4,5-tricarboxylic acid	CC(CC1=CC=CC=C1)C(C(=C)CCC23C(C(C(O2)(C(C(O3)C(=O)O)(C(=O)O)O)C(=O)O)O)O)O	0.800000012	10006006;20077161;44323533;44340162;57179157;67755835	COCONUT:(CNP0125871);Natural Products:(UNPD82200);PubChem:(10006006 20077161 44323533 44340162 57179157 67755835);SuperNatural:(SN00267596);PubMed	3178562
29	1	N/A	-502.31408350170096	C23H28O12	[M - H2O + H]+	UJNQOULHMNWHJJ	InChI=1S/C23H28O12/c1-8(24)4-9-5-14(25)34-19-10-6-13(23(2,3)31)32-11(10)7-12(15(9)19)33-22-18(28)16(26)17(27)20(35-22)21(29)30/h5,7-8,13,16-18,20,22,24,26-28,31H,4,6H2,1-3H3,(H,29,30)	null	CC(CC1=CC(=O)OC2=C3CC(OC3=CC(=C12)OC4C(C(C(C(O4)C(=O)O)O)O)O)C(C)(C)O)O	-0.400000006	131836342	HMDB:(130140);PubChem:(131836342);PubChem class - bio and metabolites	16777226
30	1	N/A	-522.762638387621	C23H28O12	[M - H2O + H]+	STMLLOJFOZJAEK	InChI=1S/C23H28O12/c1-23(2,29)13(34-22-17(28)16(27)15(26)12(8-24)33-22)9-32-21-19-11(6-7-31-19)18(30-3)10-4-5-14(25)35-20(10)21/h4-7,12-13,15-17,22,24,26-29H,8-9H2,1-3H3	null	CC(C)(C(COC1=C2C(=C(C3=C1OC(=O)C=C3)OC)C=CO2)OC4C(C(C(C(O4)CO)O)O)O)O	0.0	101629718;131752535	COCONUT:(CNP0222230);HMDB:(39070);Natural Products:(UNPD41574);PubChem:(101629718 131752535);SuperNatural:(SN00304719);PubChem class - bio and metabolites	19955722
31	1	N/A	-536.82317439811	C23H28O12	[M - H2O + H]+	CVNASKZTCXDBBE	InChI=1S/C23H28O12/c1-23(2,35-22-17(29)16(28)15(27)12(8-24)33-22)13(25)9-32-21-19-11(6-7-31-19)18(30-3)10-4-5-14(26)34-20(10)21/h4-7,12-13,15-17,22,24-25,27-29H,8-9H2,1-3H3	null	CC(C)(C(COC1=C2C(=C(C3=C1OC(=O)C=C3)OC)C=CO2)O)OC4C(C(C(C(O4)CO)O)O)O	0.0	101629717;131752534	COCONUT:(CNP0253559);HMDB:(39069);Natural Products:(UNPD176234);PubChem:(101629717 131752534);SuperNatural:(SN00347649);PubChem class - bio and metabolites	19955722
32	1	N/A	-536.82317439811	C23H28O12	[M - H2O + H]+	IDHOCZIKYQXYFE	InChI=1S/C23H28O12/c1-23(2,35-22-17(29)16(28)15(27)12(8-24)33-22)13(25)9-32-18-10-4-5-14(26)34-20(10)21(30-3)19-11(18)6-7-31-19/h4-7,12-13,15-17,22,24-25,27-29H,8-9H2,1-3H3	null	CC(C)(C(COC1=C2C=COC2=C(C3=C1C=CC(=O)O3)OC)O)OC4C(C(C(C(O4)CO)O)O)O	0.0	131752521	COCONUT:(CNP0286518);HMDB:(39026);Natural Products:(UNPD15307);PubChem:(131752521);SuperNatural:(SN00315435);PubChem class - bio and metabolites	19955722
33	1	N/A	-547.4643509083854	C23H28O12	[M - H2O + H]+	JAYTZIVSSDVJBF	InChI=1S/C23H28O12/c1-10-9-11-5-3-4-6-12(11)20(2,13(10)24)7-8-21-14(25)15(26)23(35-21,19(31)32)22(33,18(29)30)16(34-21)17(27)28/h3-6,10,13-16,24-26,33H,7-9H2,1-2H3,(H,27,28)(H,29,30)(H,31,32)	null	CC1CC2=CC=CC=C2C(C1O)(C)CCC34C(C(C(O3)(C(C(O4)C(=O)O)(C(=O)O)O)C(=O)O)O)O	0.400000006	10391108;139583584	COCONUT:(CNP0132028);Natural Products:(UNPD87099);PubChem:(10391108 139583584);SuperNatural:(SN00346306)	3178498
34	1	N/A	-608.9153053694899	C23H28O12	[M - H2O + H]+	BYFGTSAYQQIUCN	InChI=1S/C23H28O12/c1-9(5-7-13(24)25)4-6-11-18(32-3)10(2)12-8-33-22(31)14(12)19(11)34-23-17(28)15(26)16(27)20(35-23)21(29)30/h4,15-17,20,23,26-28H,5-8H2,1-3H3,(H,24,25)(H,29,30)	.beta.-D-	CC1=C2COC(=O)C2=C(C(=C1OC)CC=C(C)CCC(=O)O)OC3C(C(C(C(O3)C(=O)O)O)O)O	1.10000002	182050;6442661;6475538;45039977;49849465;57369639;71750872;74603480;76973700;90657160;92450306;126968905;131705678;131769923;133587568;133587569	COCONUT:(CNP0398390);HMDB:(60634);PubChem:(182050 6442661 6475538 45039977 49849465 57369639 71750872 74603480 76973700 90657160 92450306 126968905 131705678 131769923 133587568 133587569);ZINC bio:(ZINC13550000);additional;PubChem class - bio and metabolites;MeSH:(6442661 131769923);PubChem class - safety and toxic;Training Set;PubMed;Biocyc:(CPD-14604)	86534222
35	1	N/A	-635.9214332148783	C23H28O12	[M - H2O + H]+	QBMSTEZXAMABFF	InChI=1S/C23H28O12/c1-9(4-6-11-15(25)14-12(8-33-22(14)31)10(2)19(11)32-3)5-7-13(24)34-23-18(28)16(26)17(27)20(35-23)21(29)30/h4,16-18,20,23,25-28H,5-8H2,1-3H3,(H,29,30)	mycophenolic acid acyl glucuronide	CC1=C2COC(=O)C2=C(C(=C1OC)CC=C(C)CCC(=O)OC3C(C(C(C(O3)C(=O)O)O)O)O)O	1.60000002	10028772;29984954;46782407;57347612;57369941;71750873;70678773;74603482;93532312;95162728;95162729;91971710;124402873;124402874;124429340;132606732;131700434;133587570;133587571;139024615	HMDB:(60491);PubChem:(10028772 29984954 46782407 57347612 57369941 71750873 70678773 74603482 93532312 95162728 95162729 91971710 124402873 124402874 124429340 132606732 131700434 133587570 133587571 139024615);CHEBI:(66982 64689);PubChem class - bio and metabolites;KEGG:(C20383);Plantcyc:(CPD-14602);PubMed;Biocyc:(CPD-14602)	16910698
36	1	N/A	-638.8160862673428	C23H28O12	[M - H2O + H]+	OCCSGWHBAQZQOW	InChI=1S/C23H28O12/c24-8-13-5-16(28)23(11-26)20(10-25,3-1-15(27)22(23,18(31)32)7-17(29)30)21(13)6-14(35-19(21)33)12-2-4-34-9-12/h2,4,9-11,13-16,19,24,27-28,33H,1,3,5-8H2,(H,29,30)(H,31,32)	null	C1CC2(C3(CC(OC3O)C4=COC=C4)C(CC(C2(C(C1O)(CC(=O)O)C(=O)O)C=O)O)CO)C=O	-2.0999999	131752422	COCONUT:(CNP0347747);HMDB:(38680);Natural Products:(UNPD192414);PubChem:(131752422);PubChem class - bio and metabolites	18907146
1	1	0.27827021084038084	-20.80847023285872	C23H26O11	[M + H]+	UHIGZYLCYRQESL	InChI=1S/C23H26O11/c24-11-18-22(34-19(29)6-3-12-1-4-14(25)16(27)9-12)20(30)21(31)23(33-18)32-8-7-13-2-5-15(26)17(28)10-13/h1-6,9-10,18,20-28,30-31H,7-8,11H2	Calceolarioside A	C1=CC(=C(C=C1CCOC2C(C(C(C(O2)CO)OC(=O)C=CC3=CC(=C(C=C3)O)O)O)O)O)O	0.600000024	5273566;10457774;78380899;117724332;117725316;123981689;133568297;135034771	COCONUT:(CNP0257381);KNApSAcK:(33685);Natural Products:(UNPD72808 UNPD135298 UNPD182055 UNPD226334);PubChem:(5273566 10457774 78380899 117724332 117725316 123981689 133568297 135034771);SuperNatural:(SN00346053 SN00028599 SN00160976);ZINC bio:(ZINC31156700);additional;MeSH:(5273566);Training Set;PubMed;KEGG Mine	8593662038
2	1	N/A	-24.161532492747366	C23H26O11	[M + H]+	KOZSJSLASZUUFT	InChI=1S/C23H26O11/c24-11-18-20(30)22(34-19(29)6-3-12-1-4-14(25)16(27)9-12)21(31)23(33-18)32-8-7-13-2-5-15(26)17(28)10-13/h1-6,9-10,18,20-28,30-31H,7-8,11H2	[(2R,3R,4S,5R,6R)-2-[2-(3,4-dihydroxyphenyl)ethoxy]-3,5-dihydroxy-6-(hydroxymethyl)oxan-4-yl] (E)-3-(3,4-dihydroxyphenyl)prop-2-enoate	C1=CC(=C(C=C1CCOC2C(C(C(C(O2)CO)O)OC(=O)C=CC3=CC(=C(C=C3)O)O)O)O)O	1.10000002	5320625;6915840	COCONUT:(CNP0273704);KNApSAcK:(34207);Natural Products:(UNPD82240 UNPD28420);PubChem:(5320625 6915840);SuperNatural:(SN00278648 SN00272051 SN00168109)	3178514
3	1	N/A	-24.65693154405224	C23H26O11	[M + H]+	LFKQVVDFNHDYNK	InChI=1S/C23H26O11/c24-14-4-1-12(9-16(14)26)3-6-19(28)33-11-18-20(29)21(30)22(31)23(34-18)32-8-7-13-2-5-15(25)17(27)10-13/h1-6,9-10,18,20-27,29-31H,7-8,11H2	Calceolarioside B	C1=CC(=C(C=C1CCOC2C(C(C(C(O2)COC(=O)C=CC3=CC(=C(C=C3)O)O)O)O)O)O)O	0.600000024	5273567;6320302;13962912;78380900	COCONUT:(CNP0167672);KNApSAcK:(33686);Natural Products:(UNPD213734 UNPD34469 UNPD13755 UNPD216219 UNPD48538 UNPD58733 UNPD93179);PubChem:(5273567 6320302 13962912 78380900);SuperNatural:(SN00257400 SN00158730 SN00020671 SN00285990 SN00369669 SN00354409);CHEBI:(68345);ZINC bio:(ZINC14512219);additional;MeSH:(5273567);Training Set;PubMed	3727478
4	1	N/A	-54.564732390946595	C23H26O11	[M + H]+	BBKABLKRAVQMPE	InChI=1S/C23H26O11/c24-11-18-20(30)21(31)22(34-19(29)6-3-12-1-4-14(25)16(27)9-12)23(33-18)32-8-7-13-2-5-15(26)17(28)10-13/h1-6,9-10,18,20-28,30-31H,7-8,11H2	null	C1=CC(=C(C=C1CCOC2C(C(C(C(O2)CO)O)O)OC(=O)C=CC3=CC(=C(C=C3)O)O)O)O	1.10000002	9847922	COCONUT:(CNP0241548);KNApSAcK:(33312);Natural Products:(UNPD24015 UNPD192357 UNPD137490);PubChem:(9847922);SuperNatural:(SN00329631 SN00298855)	3178514
5	1	N/A	-77.46854902176308	C23H26O11	[M + H]+	OGOZNIDPPAXEHW	InChI=1S/C23H26O11/c24-8-7-13-2-5-17(16(27)10-13)33-23-22(31)21(30)20(29)18(34-23)11-32-19(28)6-3-12-1-4-14(25)15(26)9-12/h1-6,9-10,18,20-27,29-31H,7-8,11H2	Ibotanolide B	C1=CC(=C(C=C1CCO)O)OC2C(C(C(C(O2)COC(=O)C=CC3=CC(=C(C=C3)O)O)O)O)O	0.400000006	6442827	COCONUT:(CNP0275228);Natural Products:(UNPD52786);PubChem:(6442827);SuperNatural:(SN00356400)	3178498
6	1	N/A	-84.5529646053081	C23H26O11	[M + H]+	GVSSDFQBUMXNHV	InChI=1S/C23H26O11/c24-11-18-20(29)21(30)22(31)23(34-18)32-8-7-13-2-5-17(16(27)10-13)33-19(28)6-3-12-1-4-14(25)15(26)9-12/h1-6,9-10,18,20-27,29-31H,7-8,11H2	null	C1=CC(=C(C=C1CCOC2C(C(C(C(O2)CO)O)O)O)O)OC(=O)C=CC3=CC(=C(C=C3)O)O	0.796790361	""	COCONUT:(CNP0233047);Natural Products:(UNPD137368);SuperNatural:(SN00261294)	3178496
7	1	N/A	-117.32083124785859	C23H26O11	[M + H]+	UOIKECDNPFWDAD	InChI=1S/C23H26O11/c24-15-5-1-13(2-6-15)4-8-19(27)31-12-18-20(28)21(29)22(30)23(33-18)34-32-10-9-14-3-7-16(25)17(26)11-14/h1-8,11,18,20-26,28-30H,9-10,12H2	null	C1=CC(=CC=C1C=CC(=O)OCC2C(C(C(C(O2)OOCCC3=CC(=C(C=C3)O)O)O)O)O)O	1.38475657	""	COCONUT:(CNP0075227)	2097152
8	1	N/A	-147.202944072156	C23H26O11	[M + H]+	KUBJCXIFHMGBHZ	InChI=1S/C23H26O11/c24-14-5-7-23(31,8-6-14)9-10-32-22-21(30)20(29)19(28)17(34-22)12-33-18(27)4-2-13-1-3-15(25)16(26)11-13/h1-8,11,17,19-22,25-26,28-31H,9-10,12H2	null	C1=CC(=C(C=C1C=CC(=O)OCC2C(C(C(C(O2)OCCC3(C=CC(=O)C=C3)O)O)O)O)O)O	-0.699999988	14015431	COCONUT:(CNP0238635);Natural Products:(UNPD87683 UNPD180306);PubChem:(14015431);SuperNatural:(SN00238954 SN00330761)	3178498
9	1	N/A	-148.36298291733064	C23H26O11	[M + H]+	STEZVHWESYNLGU	InChI=1S/C23H26O11/c24-10-18-20(30)21(31)22(32)23(34-18)33-17(19(29)12-5-7-14(26)16(28)9-12)3-1-2-11-4-6-13(25)15(27)8-11/h4-9,17-32H,3,10H2	Nyasicoside	C1=CC(=C(C=C1C#CCC(C(C2=CC(=C(C=C2)O)O)O)OC3C(C(C(C(O3)CO)O)O)O)O)O	-0.200000003	10648327;10096607;13886494;13886495	COCONUT:(CNP0138356);KNApSAcK:(37565);Natural Products:(UNPD193769);PubChem:(10648327 10096607 13886494 13886495)	2129938
10	1	N/A	-148.56077969230608	C23H26O11	[M + H]+	JWAHEYRSTXPNMP	InChI=1S/C23H26O11/c1-31-17-9-13(11-32-19(27)7-4-12-2-5-14(25)15(26)8-12)3-6-16(17)33-23-22(30)21(29)20(28)18(10-24)34-23/h2-9,18,20-26,28-30H,10-11H2,1H3	null	COC1=C(C=CC(=C1)COC(=O)C=CC2=CC(=C(C=C2)O)O)OC3C(C(C(C(O3)CO)O)O)O	0.757306099	101243962	COCONUT:(CNP0153442);Natural Products:(UNPD43750);PubChem:(101243962);SuperNatural:(SN00305753)	3178498
11	1	N/A	-163.9780399556213	C23H26O11	[M + H]+	HULDVRYZOFHPLX	InChI=1S/C23H26O11/c1-30-16-9-12(3-6-14(16)25)4-8-19(27)34-22-18(11-24)33-23(21(29)20(22)28)32-13-5-7-15(26)17(10-13)31-2/h3-10,18,20-26,28-29H,11H2,1-2H3	null	COC1=C(C=CC(=C1)C=CC(=O)OC2C(OC(C(C2O)O)OC3=CC(=C(C=C3)O)OC)CO)O	1.10000002	10528648;139291883	COCONUT:(CNP0156746);Natural Products:(UNPD175390);PubChem:(10528648 139291883);SuperNatural:(SN00383827)	3178498
12	1	N/A	-185.29511955274336	C23H26O11	[M + H]+	PCTNEFCKNGGWDK	InChI=1S/C23H26O11/c1-30-16-9-12(3-6-14(16)25)4-8-19(26)32-11-18-20(27)21(28)22(29)23(34-18)33-15-7-5-13(24)10-17(15)31-2/h3-10,18,20-25,27-29H,11H2,1-2H3	null	COC1=C(C=CC(=C1)C=CC(=O)OCC2C(C(C(C(O2)OC3=C(C=C(C=C3)O)OC)O)O)O)O	1.20229399	""	COCONUT:(CNP0077314)	2097152
13	1	N/A	-213.74487792603347	C23H26O11	[M + H]+	NKYUUWHIEOUGKB	InChI=1S/C23H26O11/c1-30-11-6-16-19(13(26)8-15(32-16)10-3-4-14(31-2)12(25)5-10)17(7-11)33-23-22(29)21(28)20(27)18(9-24)34-23/h3-7,15,18,20-25,27-29H,8-9H2,1-2H3	Persiconin	COC1=C(C=C(C=C1)C2CC(=O)C3=C(O2)C=C(C=C3OC4C(C(C(C(O4)CO)O)O)O)OC)O	0.300000012	42608082;91884749	COCONUT:(CNP0209508);HMDB:(37482);KNApSAcK:(8301);Natural Products:(UNPD188859 UNPD39905);PubChem:(42608082 91884749);SuperNatural:(SN00234161 SN00228824);PubChem class - bio and metabolites;MeSH:(42608082 91884749);PubMed	19955806
14	1	N/A	-226.12943940097318	C23H26O11	[M + H]+	PKYDZNNHKUQLGS	InChI=1S/C23H26O11/c1-30-14-4-3-10(5-12(14)25)15-8-13(26)19-16(31-2)6-11(7-17(19)33-15)32-23-22(29)21(28)20(27)18(9-24)34-23/h3-7,15,18,20-25,27-29H,8-9H2,1-2H3	Eriodictyol 5,4''-dimethyl ether 7-O-glucoside	COC1=C(C=C(C=C1)C2CC(=O)C3=C(O2)C=C(C=C3OC)OC4C(C(C(C(O4)CO)O)O)O)O	0.300000012	42608068	COCONUT:(CNP0141201);KNApSAcK:(8305);Natural Products:(UNPD145638);PubChem:(42608068);SuperNatural:(SN00363928);KEGG Mine	8593113106
15	1	N/A	-226.73130240050264	C23H26O11	[M + H]+	RHYCZXGHQWDVCP	InChI=1S/C23H26O11/c1-30-11-6-12(25)19-13(26)8-15(32-17(19)7-11)10-3-4-14(16(5-10)31-2)33-23-22(29)21(28)20(27)18(9-24)34-23/h3-7,15,18,20-25,27-29H,8-9H2,1-2H3	null	COC1=CC(=C2C(=O)CC(OC2=C1)C3=CC(=C(C=C3)OC4C(C(C(C(O4)CO)O)O)O)OC)O	0.475964248	""	COCONUT:(CNP0108075);Natural Products:(UNPD210082)	2129920
16	1	N/A	-231.0205224988839	C23H26O11	[M + H]+	VHGJMSVFUPCQGC	InChI=1S/C23H26O11/c1-30-11-6-12(25)19-13(26)8-15(32-17(19)7-11)10-3-4-14(31-2)16(5-10)33-23-22(29)21(28)20(27)18(9-24)34-23/h3-7,15,18,20-25,27-29H,8-9H2,1-2H3	Persicogenin 3''-glucoside	COC1=C(C=C(C=C1)C2CC(=O)C3=C(C=C(C=C3O2)OC)O)OC4C(C(C(C(O4)CO)O)O)O	0.899999976	42608083;74819423;101919793	COCONUT:(CNP0153980);HMDB:(41398);KNApSAcK:(14347);Natural Products:(UNPD177893);PubChem:(42608083 74819423 101919793);SuperNatural:(SN00377169);PubChem class - bio and metabolites	19955738
17	1	N/A	-242.63704827326154	C23H26O11	[M + H]+	LIYUMMBCLLSJKG	InChI=1S/C23H26O11/c1-31-16-9-11(4-7-14(16)26)3-6-13(25)12-5-8-15(22(32-2)18(12)27)33-23-21(30)20(29)19(28)17(10-24)34-23/h3-9,17,19-21,23-24,26-30H,10H2,1-2H3	2'',4'',4-Trihydroxy-3'',3-dimethoxychalcone 4''-O-glucoside	COC1=C(C=CC(=C1)C=CC(=O)C2=C(C(=C(C=C2)OC3C(C(C(C(O3)CO)O)O)O)OC)O)O	1.29999995	42607580;102121821	COCONUT:(CNP0329944);KNApSAcK:(14514);Natural Products:(UNPD94211);PubChem:(42607580 102121821);SuperNatural:(SN00338765)	3178514
18	1	N/A	-243.02780081843937	C23H26O11	[M + H]+	FYXHSRBJYWBBHF	InChI=1S/C23H26O11/c1-31-14-7-4-11(9-16(14)32-2)3-6-13(25)12-5-8-15(19(27)18(12)26)33-23-22(30)21(29)20(28)17(10-24)34-23/h3-9,17,20-24,26-30H,10H2,1-2H3	Okanin 3,4-dimethyl ehter 4''-glucoside	COC1=C(C=C(C=C1)C=CC(=O)C2=C(C(=C(C=C2)OC3C(C(C(C(O3)CO)O)O)O)O)O)OC	1.29999995	42607573	COCONUT:(CNP0181544);KNApSAcK:(7910);Natural Products:(UNPD60082 UNPD11923);PubChem:(42607573);SuperNatural:(SN00389760 SN00255535)	3178514
19	1	N/A	-252.28743204783714	C23H26O11	[M + H]+	DYRNKQIDEAXXHP	InChI=1S/C23H26O11/c1-9-14(33-23-21(30)20(29)19(28)17(8-24)34-23)7-16-18(22(9)31-2)13(27)6-15(32-16)10-3-4-11(25)12(26)5-10/h3-5,7,15,17,19-21,23-26,28-30H,6,8H2,1-2H3	7,3'',4''-Trihydroxy-5-methoxy-6-C-methylflavanone 7-O-glucoside	CC1=C(C=C2C(=C1OC)C(=O)CC(O2)C3=CC(=C(C=C3)O)O)OC4C(C(C(C(O4)CO)O)O)O	0.400000006	158851;42608064	COCONUT:(CNP0350287);KNApSAcK:(8313);PubChem:(158851 42608064)	2097170
20	1	N/A	-265.50987232627443	C23H26O11	[M + H]+	JPYIPXMUZNPMBC	InChI=1S/C23H26O11/c1-30-13-4-3-10(5-15(13)31-2)14-8-12(26)19-16(32-14)6-11(25)7-17(19)33-23-22(29)21(28)20(27)18(9-24)34-23/h3-7,14,18,20-25,27-29H,8-9H2,1-2H3	Eriodictyol 3'',4''-dimethyl ether 5-O-glucoside	COC1=C(C=C(C=C1)C2CC(=O)C3=C(O2)C=C(C=C3OC4C(C(C(C(O4)CO)O)O)O)O)OC	0.300000012	42607987	COCONUT:(CNP0326815);KNApSAcK:(8302);Natural Products:(UNPD89990);PubChem:(42607987);SuperNatural:(SN00331106)	3178514
21	1	N/A	-275.4927471065024	C23H26O11	[M + H]+	GNVCAVGOJWFZOD	InChI=1S/C23H26O11/c24-8-18-20(30)21(31)22(32)23(34-18)33-17-4-2-10(9-1-3-13(25)14(26)5-9)11-6-15(27)16(28)7-12(11)19(17)29/h1-3,5-7,17-32H,4,8H2	null	C1C=C(C2=CC(=C(C=C2C(C1OC3C(C(C(C(O3)CO)O)O)O)O)O)O)C4=CC(=C(C=C4)O)O	-0.600000024	57327973;102387135	COCONUT:(CNP0252246);Natural Products:(UNPD155322);PubChem:(57327973 102387135);SuperNatural:(SN00403324)	3178498
22	1	N/A	-275.9984666097308	C23H26O11	[M + H]+	BJONPLWCFOWHSD	InChI=1S/C23H26O11/c1-11(24)12-5-7-15(17(8-12)31-3)33-23-21(28)20(27)19(26)18(34-23)10-32-22(29)13-4-6-14(25)16(9-13)30-2/h4-9,18-21,23,25-28H,10H2,1-3H3	null	CC(=O)C1=CC(=C(C=C1)OC2C(C(C(C(O2)COC(=O)C3=CC(=C(C=C3)O)OC)O)O)O)OC	0.699999988	11190774	COCONUT:(CNP0290510);KNApSAcK:(42274);Natural Products:(UNPD159839);PubChem:(11190774);SuperNatural:(SN00292297);MeSH:(11190774);PubMed	3178582
23	1	N/A	-276.7053388964826	C23H26O11	[M + H]+	SOOKFNSEQRGYPG	InChI=1S/C23H26O11/c1-30-10-3-4-12(15(6-10)31-2)13-9-32-16-7-11(5-14(25)18(16)19(13)26)33-23-22(29)21(28)20(27)17(8-24)34-23/h3-7,13,17,20-25,27-29H,8-9H2,1-2H3	homoferreirin-7-O-glucoside	COC1=CC(=C(C=C1)C2COC3=CC(=CC(=C3C2=O)O)OC4C(C(C(C(O4)CO)O)O)O)OC	1.10000002	25244804	COCONUT:(CNP0288098);Natural Products:(UNPD197753);PubChem:(25244804);Biocyc:(CPD-4570)	2131970
24	1	N/A	-280.7004141049505	C23H26O11	[M + H]+	JWSNZXGGQXPALL	InChI=1S/C23H26O11/c1-30-11-5-3-10(4-6-11)22-20(28)18(26)16-13(32-22)7-12(31-2)8-14(16)33-23-21(29)19(27)17(25)15(9-24)34-23/h3-8,15,17,19-25,27-29H,9H2,1-2H3	null	COC1=CC=C(C=C1)C2C(C(=O)C3=C(C=C(C=C3O2)OC)OC4C(C(C(C(O4)CO)O)O)O)O	0.24221997	""	COCONUT:(CNP0378884);KNApSAcK:(8685);Natural Products:(UNPD56389)	2129936
25	1	N/A	-282.13060437224	C23H26O11	[M + H]+	WKDMJJFSCAZJHE	InChI=1S/C23H26O11/c1-11(24)32-10-18-20(29)21(30)22(31)23(34-18)33-17-9-14(26)8-16(28)19(17)15(27)7-4-12-2-5-13(25)6-3-12/h2-3,5-6,8-9,18,20-23,25-26,28-31H,4,7,10H2,1H3	Phloretin 2''-O-(6''''-O-acetylglucoside)	CC(=O)OCC1C(C(C(C(O1)OC2=CC(=CC(=C2C(=O)CCC3=CC=C(C=C3)O)O)O)O)O)O	0.800000012	38357854;42607694;133556417	COCONUT:(CNP0106903);KNApSAcK:(14628);Natural Products:(UNPD44314);PubChem:(38357854 42607694 133556417);SuperNatural:(SN00029578);ZINC bio:(ZINC31164431);additional;Training Set	3727378
26	1	N/A	-287.0081506284042	C23H26O11	[M + H]+	SIBLTYYZEFZDAC	InChI=1S/C23H26O11/c1-9-17(26)19(28)20(29)23(32-9)34-22-18(27)16-14(31-3)7-11(30-2)8-15(16)33-21(22)10-4-5-12(24)13(25)6-10/h4-9,17,19-26,28-29H,1-3H3	null	CC1C(C(C(C(O1)OC2C(OC3=CC(=CC(=C3C2=O)OC)OC)C4=CC(=C(C=C4)O)O)O)O)O	0.76085639	""	COCONUT:(CNP0271966);Natural Products:(UNPD157116)	2129920
27	1	N/A	-290.96018595918787	C23H26O11	[M + H]+	NAGOYUWGLIDMHP	InChI=1S/C23H26O11/c1-13(24)30-20-18(12-29-19(28)11-10-17-8-6-5-7-9-17)34-23(33-16(4)27)22(32-15(3)26)21(20)31-14(2)25/h5-11,18,20-23H,12H2,1-4H3	null	CC(=O)OC1C(OC(C(C1OC(=O)C)OC(=O)C)OC(=O)C)COC(=O)C=CC2=CC=CC=C2	1.39640498	""	COCONUT:(CNP0271201);Natural Products:(UNPD226295 UNPD150900)	2129920
28	1	N/A	-292.19293645788815	C23H26O11	[M + H]+	XBAOUURGPFGYBL	InChI=1S/C23H26O11/c24-9-18-19(30)20(31)22-23(33-18)32-17(21(34-22)11-2-4-14(27)16(29)8-11)6-5-12(25)10-1-3-13(26)15(28)7-10/h1-4,7-8,17-24,26-31H,5-6,9H2	Pilosidine	C1=CC(=C(C=C1C2C(OC3C(O2)C(C(C(O3)CO)O)O)CCC(=O)C4=CC(=C(C=C4)O)O)O)O	0.100000001	637865;3013844;10648328;10096608;22297863;57327974;73880721;100964856	COCONUT:(CNP0169900);KNApSAcK:(37645);Natural Products:(UNPD186341 UNPD45014 UNPD53336 UNPD179965);PubChem:(637865 3013844 10648328 10096608 22297863 57327974 73880721 100964856);SuperNatural:(SN00351815 SN00401818 SN00248267 SN00274829);MeSH:(3013844 57327974);PubMed	3178582
29	1	N/A	-296.03083192188774	C23H26O11	[M + H]+	ZDQMLUOMAWRVGE	InChI=1S/C23H26O11/c1-30-13-6-4-3-5-10(13)14-7-11(25)17-12(26)8-15(21(31-2)22(17)32-14)33-23-20(29)19(28)18(27)16(9-24)34-23/h3-6,8,14,16,18-20,23-24,26-29H,7,9H2,1-2H3	null	COC1=CC=CC=C1C2CC(=O)C3=C(O2)C(=C(C=C3O)OC4C(C(C(C(O4)CO)O)O)O)OC	0.899999976	118727141	COCONUT:(CNP0094385);PubChem:(118727141);PubMed	2097218
30	1	N/A	-296.8120507936085	C23H26O11	[M + H]+	YKBVNCYCMMYJRW	InChI=1S/C23H26O11/c1-30-15-8-12(26)17-11(25)7-14(32-22(17)21(15)31-2)10-5-3-4-6-13(10)33-23-20(29)19(28)18(27)16(9-24)34-23/h3-6,8,14,16,18-20,23-24,26-29H,7,9H2,1-2H3	null	COC1=C(C2=C(C(=O)CC(O2)C3=CC=CC=C3OC4C(C(C(C(O4)CO)O)O)O)C(=C1)O)OC	0.475964248	""	COCONUT:(CNP0296505);SuperNatural:(SN00177758)	3145728
31	1	N/A	-299.0994458955948	C23H26O11	[M + H]+	MXIGGCCKAQLWPD	InChI=1S/C23H26O11/c1-3-4-11-5-6-15(16(7-11)31-2)33-23-21(29)20(28)19(27)17(34-23)10-32-22(30)12-8-13(24)18(26)14(25)9-12/h3,5-9,17,19-21,23-29H,1,4,10H2,2H3	null	COC1=C(C=CC(=C1)CC=C)OC2C(C(C(C(O2)COC(=O)C3=CC(=C(C(=C3)O)O)O)O)O)O	1.39999998	44583693;75051748	COCONUT:(CNP0237191);HMDB:(40721);Natural Products:(UNPD176400);PubChem:(44583693 75051748);SuperNatural:(SN00318969);PubChem class - bio and metabolites;PubMed	19955786
32	1	N/A	-300.21997744512873	C23H26O11	[M + H]+	XIMHLIFRXMEWEW	InChI=1S/C23H26O11/c1-8-17(28)16-13(27)6-14(11-5-10(25)3-4-12(11)26)32-22(16)9(2)21(8)34-23-20(31)19(30)18(29)15(7-24)33-23/h3-5,14-15,18-20,23-26,28-31H,6-7H2,1-2H3	Myrciacitrin I	CC1=C(C2=C(C(=C1OC3C(C(C(C(O3)CO)O)O)O)C)OC(CC2=O)C4=C(C=CC(=C4)O)O)O	1.0	183137;53463195;71350768	COCONUT:(CNP0403170);KNApSAcK:(51681);Natural Products:(UNPD187933);PubChem:(183137 53463195 71350768);SuperNatural:(SN00371766);CHEBI:(66417)	3178546
33	1	N/A	-302.4824154216434	C23H26O11	[M + H]+	VOYSOOOEBGYFAP	InChI=1S/C23H26O11/c1-8-17(27)9(2)22-16(18(8)28)12(26)6-14(32-22)11-5-10(25)3-4-13(11)33-23-21(31)20(30)19(29)15(7-24)34-23/h3-5,14-15,19-21,23-25,27-31H,6-7H2,1-2H3	(2S)-6,8-dimethyl-5,7,2'',5''-tetrahydroxyflavanone-2''-O-beta-D-glucopyranoside	CC1=C(C(=C2C(=C1O)C(=O)CC(O2)C3=C(C=CC(=C3)O)OC4C(C(C(C(O4)CO)O)O)O)C)O	1.0	10073779	COCONUT:(CNP0108120);Natural Products:(UNPD38794 UNPD56650);PubChem:(10073779);SuperNatural:(SN00309647);CHEBI:(66419)	3178530
34	1	N/A	-308.143193933528	C23H26O11	[M + H]+	FKOATBHWTWCSFJ	InChI=1S/C23H26O11/c24-8-15-17(25)18(26)19(27)23(33-15)34-22-16-12(6-7-13(16)14(10-32-22)20(28)29)9-31-21(30)11-4-2-1-3-5-11/h1-6,10,13,15-19,22-27H,7-9H2,(H,28,29)	(1S,4aS,7aS)-7-(benzoyloxymethyl)-1-[(2S,3R,4S,5S,6R)-3,4,5-trihydroxy-6-(hydroxymethyl)oxan-2-yl]oxy-1,4a,5,7a-tetrahydrocyclopenta[c]pyran-4-carboxylic acid	C1C=C(C2C1C(=COC2OC3C(C(C(C(O3)CO)O)O)O)C(=O)O)COC(=O)C4=CC=CC=C4	-0.400000006	16757445;101443742	COCONUT:(CNP0294499);Natural Products:(UNPD19158);PubChem:(16757445 101443742);SuperNatural:(SN00287663)	3178498
35	1	N/A	-321.8352253881674	C23H26O11	[M + H]+	MHSKJIBCGCAGQG	InChI=1S/C23H26O11/c1-30-15-8-14-17(19(27)22(15)31-2)12(25)7-13(33-14)10-3-5-11(6-4-10)32-23-21(29)20(28)18(26)16(9-24)34-23/h3-6,8,13,16,18,20-21,23-24,26-29H,7,9H2,1-2H3	null	COC1=C(C(=C2C(=O)CC(OC2=C1)C3=CC=C(C=C3)OC4C(C(C(C(O4)CO)O)O)O)O)OC	0.899999976	10412772	COCONUT:(CNP0399309);Natural Products:(UNPD111451);PubChem:(10412772);SuperNatural:(SN00277355)	3178498
36	1	N/A	-331.88545905137295	C23H26O11	[M + H]+	WWUOCDVEANIMJR	InChI=1S/C23H26O11/c1-2-9-3-4-10(5-13(9)24)20-15(26)8-12-14(25)6-11(7-16(12)33-20)32-23-19(29)17(27)18(28)21(34-23)22(30)31/h3-7,15,17-21,23-29H,2,8H2,1H3,(H,30,31)	null	CCC1=C(C=C(C=C1)C2C(CC3=C(C=C(C=C3O2)OC4C(C(C(C(O4)C(=O)O)O)O)O)O)O)O	1.0	131750802;131834216	HMDB:(29183 127867);PubChem:(131750802 131834216);PubChem class - bio and metabolites	16777226
37	1	N/A	-337.8082728400454	C23H26O11	[M + H]+	YNPRPYLCRQBHMQ	InChI=1S/C23H26O11/c1-10-14(24)7-12-13(20(28)29)8-32-22(16(10)12)34-23-19(27)18(26)17(25)15(33-23)9-31-21(30)11-5-3-2-4-6-11/h2-6,8,12,14-19,22-27H,1,7,9H2,(H,28,29)	(1S,4aS,6S,7aS)-1-[(2S,3R,4S,5S,6R)-6-(benzoyloxymethyl)-3,4,5-trihydroxyoxan-2-yl]oxy-6-hydroxy-7-methylidene-4a,5,6,7a-tetrahydro-1H-cyclopenta[c]pyran-4-carboxylic acid	C=C1C(CC2C1C(OC=C2C(=O)O)OC3C(C(C(C(O3)COC(=O)C4=CC=CC=C4)O)O)O)O	-0.800000012	21579245	COCONUT:(CNP0193216 CNP0291154);KNApSAcK:(35529);Natural Products:(UNPD133282);PubChem:(21579245);SuperNatural:(SN00228248)	3178514
38	1	N/A	-338.01410585614656	C23H26O11	[M + H]+	BJYRNIFAMMOVGW	InChI=1S/C23H26O11/c1-11(24)2-3-12-4-6-14(7-5-12)33-23-21(30)20(29)19(28)17(34-23)10-32-22(31)13-8-15(25)18(27)16(26)9-13/h4-9,17,19-21,23,25-30H,2-3,10H2,1H3	Lindleyin	CC(=O)CCC1=CC=C(C=C1)OC2C(C(C(C(O2)COC(=O)C3=CC(=C(C(=C3)O)O)O)O)O)O	0.300000012	42994;14345581;124914981;124914982	COCONUT:(CNP0407556);HMDB:(30470);KNApSAcK:(37422);Natural Products:(UNPD144283);PubChem:(42994 14345581 124914981 124914982);SuperNatural:(SN00159944);PubChem class - bio and metabolites;MeSH:(42994 14345581);PubChem class - safety and toxic;PubMed	87064670
39	1	N/A	-343.7902535420379	C23H26O11	[M + H]+	MUYXNRKLXILZTM	InChI=1S/C23H26O11/c1-2-9-3-4-10(5-13(9)25)20-14(26)8-12-15(32-20)6-11(24)7-16(12)33-23-19(29)17(27)18(28)21(34-23)22(30)31/h3-7,14,17-21,23-29H,2,8H2,1H3,(H,30,31)	null	CCC1=C(C=C(C=C1)C2C(CC3=C(O2)C=C(C=C3OC4C(C(C(C(O4)C(=O)O)O)O)O)O)O)O	1.0	131750799	PubChem:(131750799);HMDB:(29181)	10
40	1	N/A	-344.2132806957978	C23H26O11	[M + H]+	LLCUFGHGNKZIQM	InChI=1S/C23H26O11/c1-2-13-14-6-7-30-21(29)15(14)9-32-22(13)34-23-19(27)18(26)17(25)16(33-23)10-31-20(28)11-4-3-5-12(24)8-11/h2-5,8-9,13-14,16-19,22-27H,1,6-7,10H2	1H,3H-Pyrano(3,4-c)pyran-1-one, 5-ethenyl-4,4a,5,6-tetrahydro-6-((6-O-(3-hydroxybenzoyl)-beta-D-glucopyranosyl)oxy)-, (4aS,5R,6S)-	C=CC1C2CCOC(=O)C2=COC1OC3C(C(C(C(O3)COC(=O)C4=CC(=CC=C4)O)O)O)O	0.400000006	157077	COCONUT:(CNP0404288);Natural Products:(UNPD135782);PubChem:(157077);SuperNatural:(SN00334306)	3178498
41	1	N/A	-346.6922401943071	C23H26O11	[M + H]+	ATLXNPSZGGLIKL	InChI=1S/C23H26O11/c1-2-9-3-4-10(20-14(26)8-12-13(25)6-11(24)7-16(12)32-20)5-15(9)33-23-19(29)17(27)18(28)21(34-23)22(30)31/h3-7,14,17-21,23-29H,2,8H2,1H3,(H,30,31)	null	CCC1=C(C=C(C=C1)C2C(CC3=C(C=C(C=C3O2)O)O)O)OC4C(C(C(C(O4)C(=O)O)O)O)O	1.0	131834217	HMDB:(127868);PubChem:(131834217);PubChem class - bio and metabolites	16777226
42	1	N/A	-348.7085921498257	C23H26O11	[M + H]+	JDJPVLKZPZDTNT	InChI=1S/C23H26O11/c24-9-17-18(29)19(30)20-22(32-17)31-16-5-6-23(34-21(16)33-20,10-1-3-12(25)14(27)7-10)11-2-4-13(26)15(28)8-11/h1-4,7-8,16-22,24-30H,5-6,9H2	null	C1CC(OC2C1OC3C(O2)C(C(C(O3)CO)O)O)(C4=CC(=C(C=C4)O)O)C5=CC(=C(C=C5)O)O	0.400000006	57327896	COCONUT:(CNP0130521);MeSH:(57327896);Natural Products:(UNPD206484);PubChem:(57327896);PubMed	2129990
43	1	N/A	-355.8482261962692	C23H26O11	[M + H]+	QIEAJYJXGQAYRU	InChI=1S/C23H26O11/c1-11(25)32-22-21(31)20(30)18(10-24)34-23(22)33-14-8-16(28)19(17(29)9-14)15(27)7-4-12-2-5-13(26)6-3-12/h2-3,5-6,8-9,18,20-24,26,28-31H,4,7,10H2,1H3	Phloretin 2''-O-(2''''-O-Acetylglucoside)	CC(=O)OC1C(C(C(OC1OC2=CC(=C(C(=C2)O)C(=O)CCC3=CC=C(C=C3)O)O)CO)O)O	1.39999998	11167490;42607695;74819292;133562820	PubChem:(11167490 42607695 74819292 133562820);KNApSAcK:(14629)	18
44	1	N/A	-384.0995984829384	C23H26O11	[M + H]+	APVZOMYLHCMSDT	InChI=1S/C23H26O11/c1-11(24)2-3-12-4-6-13(7-5-12)33-23-21(30)20(29)19(28)16(34-23)10-32-22(31)14-8-9-15(25)18(27)17(14)26/h4-9,16,19-21,23,25-30H,2-3,10H2,1H3	null	CC(=O)CCC1=CC=C(C=C1)OC2C(C(C(C(O2)COC(=O)C3=C(C(=C(C=C3)O)O)O)O)O)O	0.740071356	""	COCONUT:(CNP0262908);Natural Products:(UNPD56025)	2129920
45	1	N/A	-387.88537080510747	C23H26O11	[M + H]+	YTWFAHOMRIHPON	InChI=1S/C23H26O11/c1-2-13-14-6-7-30-21(29)15(14)10-31-22(13)34-23-18(27)17(26)19(16(9-24)32-23)33-20(28)11-4-3-5-12(25)8-11/h2-5,8,10,13-14,16-19,22-27H,1,6-7,9H2	1H,3H-Pyrano(3,4-c)pyran-1-one, 5-ethenyl-4,4a,5,6-tetrahydro-6-((4-O-(3-hydroxybenzoyl)-beta-D-glucopyranosyl)oxy)-, (4aS,5R,6S)-	C=CC1C2CCOC(=O)C2=COC1OC3C(C(C(C(O3)CO)OC(=O)C4=CC(=CC=C4)O)O)O	0.400000006	157078	COCONUT:(CNP0421088);Natural Products:(UNPD44085);PubChem:(157078);SuperNatural:(SN00251765)	3178498
46	1	N/A	-388.1420008715349	C23H26O11	[M + H]+	VHXWCNIVKFIXLB	InChI=1S/C23H26O11/c1-30-22-17(25)16(24)18(26)23(34-22)33-21-15-12(7-8-13(15)14(10-32-21)19(27)28)9-31-20(29)11-5-3-2-4-6-11/h2-7,10,13,15-18,21-26H,8-9H2,1H3,(H,27,28)	null	COC1C(C(C(C(O1)OC2C3C(CC=C3COC(=O)C4=CC=CC=C4)C(=CO2)C(=O)O)O)O)O	0.610113502	""	COCONUT:(CNP0267373);Natural Products:(UNPD41559);SuperNatural:(SN00231567)	3178496
47	1	N/A	-389.06716422498755	C23H26O11	[M + H]+	LWXYJECUUUSHEJ	InChI=1S/C23H26O11/c1-8-13-15(32-21(27)22(4)9(2)33-22)14(29-10(3)24)11(20(26)28-6)7-12-17(30-12)23(5)18(34-23)16(13)31-19(8)25/h7,9,12-18H,1H2,2-6H3	null	CC1C(O1)(C)C(=O)OC2C3C(C4C(O4)(C5C(O5)C=C(C2OC(=O)C)C(=O)OC)C)OC(=O)C3=C	0.300000012	9805069;101277308;122178695	COCONUT:(CNP0077535);KNApSAcK:(11886);PubChem:(9805069 101277308 122178695);PubMed	2097234
48	1	N/A	-391.8883811294007	C23H26O11	[M + H]+	JNMICFXHQJVPJN	InChI=1S/C23H26O11/c1-31-22-15(21-19(30)18(29)16(27)13(8-24)34-21)20-14(17(28)23(22)32-2)11(26)7-12(33-20)9-3-5-10(25)6-4-9/h3-6,12-13,16,18-19,21,24-25,27-30H,7-8H2,1-2H3	5-hydroxy-2-(4-hydroxyphenyl)-6,7-dimethoxy-8-[(2S,3R,4R,5S,6R)-3,4,5-trihydroxy-6-(hydroxymethyl)oxan-2-yl]-2,3-dihydrochromen-4-one	COC1=C(C(=C2C(=O)CC(OC2=C1C3C(C(C(C(O3)CO)O)O)O)C4=CC=C(C=C4)O)O)OC	0.200000003	11972325	COCONUT:(CNP0150181);Natural Products:(UNPD75978);PubChem:(11972325);SuperNatural:(SN00227021 SN00162992)	3178498
49	1	N/A	-405.6649380467382	C23H26O11	[M + H]+	CDQNENZYZNKVGL	InChI=1S/C23H26O11/c1-30-14-6-5-13(16(24)20(14)31-2)11-7-10-3-4-12(8-15(10)32-9-11)33-23-19(27)17(25)18(26)21(34-23)22(28)29/h3-6,8,11,17-19,21,23-27H,7,9H2,1-2H3,(H,28,29)/p-1	null	COC1=C(C(=C(C=C1)C2CC3=C(C=C(C=C3)OC4C(C(C(C(O4)C(=O)[O-])O)O)O)OC2)O)OC	1.07863116	""	COCONUT:(CNP0241520 CNP0281001);SuperNatural:(SN00162920)	3145728
50	1	N/A	-406.0428013635773	C23H26O11	[M + H]+	JHCLMPIGKNWZOZ	InChI=1S/C23H26O11/c1-2-13-14-6-7-30-21(29)15(14)10-31-22(13)34-23-18(27)19(17(26)16(9-24)32-23)33-20(28)11-4-3-5-12(25)8-11/h2-5,8,10,13-14,16-19,22-27H,1,6-7,9H2	1H,3H-Pyrano(3,4-c)pyran-1-one, 5-ethenyl-4,4a,5,6-tetrahydro-6-((3-O-(3-hydroxybenzoyl)-beta-D-glucopyranosyl)oxy)-, (4aS,5R,6S)-	C=CC1C2CCOC(=O)C2=COC1OC3C(C(C(C(O3)CO)O)OC(=O)C4=CC(=CC=C4)O)O	1.0	157079;50990588	COCONUT:(CNP0265845);Natural Products:(UNPD27126 UNPD89116);PubChem:(157079 50990588);SuperNatural:(SN00371433 SN00358634)	3178498
51	1	N/A	-406.417583690839	C23H26O11	[M + H]+	ATZBXNORGHUKLL	InChI=1S/C23H26O11/c1-30-14-7-11(13-6-10-4-3-5-12(25)17(10)22(29)32-13)8-15(31-2)21(14)34-23-20(28)19(27)18(26)16(9-24)33-23/h3-5,7-8,13,16,18-20,23-28H,6,9H2,1-2H3	null	COC1=CC(=CC(=C1OC2C(C(C(C(O2)CO)O)O)O)OC)C3CC4=C(C(=CC=C4)O)C(=O)O3	0.893091321	""	COCONUT:(CNP0404725);SuperNatural:(SN00029949 SN00029948)	3145728
52	1	N/A	-407.06587589328404	C23H26O11	[M + H]+	KHUVRRVIZOSFTI	InChI=1S/C23H26O11/c1-11(25)2-3-12-4-6-14(7-5-12)32-23-21(20(30)19(29)17(10-24)33-23)34-22(31)13-8-15(26)18(28)16(27)9-13/h4-9,17,19-21,23-24,26-30H,2-3,10H2,1H3	null	CC(=O)CCC1=CC=C(C=C1)OC2C(C(C(C(O2)CO)O)O)OC(=O)C3=CC(=C(C(=C3)O)O)O	0.800000012	14345583;10390322;124914993;124914994	COCONUT:(CNP0249177);HMDB:(39378);Natural Products:(UNPD76889);PubChem:(14345583 10390322 124914993 124914994);SuperNatural:(SN00160963);PubChem class - bio and metabolites	19955722
53	1	N/A	-416.42414847125707	C23H26O11	[M + H]+	PQGHCMRKXHWVRP	InChI=1S/C23H26O11/c1-31-16-6-11(21-13(8-25)12-4-10(7-24)5-14(27)22(12)34-21)2-3-15(16)32-23-20(30)19(29)18(28)17(9-26)33-23/h2-7,13,17-21,23,25-30H,8-9H2,1H3	null	COC1=C(C=CC(=C1)C2C(C3=C(O2)C(=CC(=C3)C=O)O)CO)OC4C(C(C(C(O4)CO)O)O)O	0.0274169501	""	COCONUT:(CNP0128011);Natural Products:(UNPD219106)	2129920
54	1	N/A	-425.0118596010295	C23H26O11	[M + H]+	JUEYFQNVTVNNTO	InChI=1S/C23H26O11/c1-30-14-6-5-13(11-7-10-3-4-12(24)8-15(10)32-9-11)19(20(14)31-2)33-23-18(27)16(25)17(26)21(34-23)22(28)29/h3-6,8,11,16-18,21,23-27H,7,9H2,1-2H3,(H,28,29)	null	COC1=C(C(=C(C=C1)C2CC3=C(C=C(C=C3)O)OC2)OC4C(C(C(C(O4)C(=O)O)O)O)O)OC	1.39999998	102333868	COCONUT:(CNP0031526 CNP0095934);PubChem:(102333868);SuperNatural:(SN00162922)	3145730
55	1	N/A	-425.19317671337967	C23H26O11	[M + H]+	RYAFBXYRFHLYRR	InChI=1S/C23H26O11/c1-30-14-7-11(8-15(31-2)18(14)25)13-6-10-4-3-5-12(17(10)22(29)32-13)33-23-21(28)20(27)19(26)16(9-24)34-23/h3-5,7-8,13,16,19-21,23-28H,6,9H2,1-2H3	3-(4-hydroxy-3,5-dimethoxyphenyl)-8-[(2S,3R,4S,5S,6R)-3,4,5-trihydroxy-6-(hydroxymethyl)oxan-2-yl]oxy-3,4-dihydroisochromen-1-one	COC1=CC(=CC(=C1O)OC)C2CC3=C(C(=CC=C3)OC4C(C(C(C(O4)CO)O)O)O)C(=O)O2	0.800000012	21147012	COCONUT:(CNP0338530);KNApSAcK:(15807);Natural Products:(UNPD2769 UNPD110249 UNPD181348);PubChem:(21147012);SuperNatural:(SN00282282 SN00382932)	3178514
56	1	N/A	-426.72055596668497	C23H26O11	[M + H]+	DWHZKXTZURMQCM	InChI=1S/C23H26O11/c1-11(26)17-13-8-12(6-4-3-5-7-24)32-22(30)18(13)15(9-14(17)31-2)33-23-21(29)20(28)19(27)16(10-25)34-23/h3-7,9,12,16,19-21,23,25,27-29H,8,10H2,1-2H3	null	CC(=O)C1=C(C=C(C2=C1CC(OC2=O)C=CC=CC=O)OC3C(C(C(C(O3)CO)O)O)O)OC	-0.300000012	102212904	COCONUT:(CNP0266107);Natural Products:(UNPD182796);PubChem:(102212904);SuperNatural:(SN00360219)	3178498
57	1	N/A	-431.2897130873242	C23H26O11	[M + H]+	BZBNXWIJKLZMQX	InChI=1S/C23H26O11/c1-10-14-16(32-21(28)22(4)11(2)33-22)15(25)13(20(27)29-5)7-6-8-23(9-30-12(3)24)18(34-23)17(14)31-19(10)26/h6-8,11,14-18,25H,1,9H2,2-5H3	Oxireno(9,10)cyclodeca(1,2-b)furan-5-carboxylic acid, 1a-((acetyloxy)methyl)-7-(((2,3-dimethyloxiranyl)carbonyl)oxy)-1a,6,7,7a,8,9,10a,10b-octahydro-6-hydroxy-8-methylene-9-oxo-, methyl ester	CC1C(O1)(C)C(=O)OC2C3C(C4C(O4)(C=CC=C(C2O)C(=O)OC)COC(=O)C)OC(=O)C3=C	0.800000012	6440610	COCONUT:(CNP0109059);KNApSAcK:(12150);Natural Products:(UNPD133296);PubChem:(6440610);SuperNatural:(SN00364754)	3178514
58	1	N/A	-448.5765602962536	C23H26O11	[M + H]+	PTRBGWJYEOUSLQ	InChI=1S/C23H26O11/c1-29-11-5-9-10(6-12(11)30-2)33-14-7-13(31-3)17(22(32-4)16(14)18(9)25)23-21(28)20(27)19(26)15(8-24)34-23/h5-7,15,19-21,23-24,26-28H,8H2,1-4H3	null	COC1=C(C=C2C(=C1)C(=O)C3=C(C(=C(C=C3O2)OC)C4C(C(C(C(O4)CO)O)O)O)OC)OC	0.400000006	101078505	COCONUT:(CNP0283527);Natural Products:(UNPD153122);PubChem:(101078505)	2129922
59	1	N/A	-452.1704306159397	C23H26O11	[M + H]+	PQDLPSCRBYSFMO	InChI=1S/C23H26O11/c1-26-10-30-15-8-16(24)20-19(9-15)34-22(23(21(20)25)33-13-29-4)14-5-6-17(31-11-27-2)18(7-14)32-12-28-3/h5-9,24H,10-13H2,1-4H3	quercetin 3,3'',4'',7-tetra(methoxymethy) ether	COCOC1=C(C=C(C=C1)C2=C(C(=O)C3=C(C=C(C=C3O2)OCOC)O)OCOC)OCOC	3.29999995	11340548	COCONUT:(CNP0335888);PubChem:(11340548);PubMed	2097218
60	1	N/A	-459.2836843922111	C23H26O11	[M + H]+	JXTROYJRNXSSKW	InChI=1S/C23H26O11/c1-8-10-5-12-22-7-32-23(20(30)31-4,17(22)15(19(29)34-12)33-9(2)24)18(28)14(27)16(22)21(10,3)6-11(25)13(8)26/h6,12,14-18,25,27-28H,5,7H2,1-4H3	null	CC1=C2CC3C45COC(C4C(C(=O)O3)OC(=O)C)(C(C(C5C2(C=C(C1=O)O)C)O)O)C(=O)OC	0.100000001	76315042;101967133	COCONUT:(CNP0274955);Natural Products:(UNPD14638 UNPD40330);PubChem:(76315042 101967133);SuperNatural:(SN00161982 SN00369152);MeSH:(101967133);PubMed	3178566
61	1	N/A	-484.037658860797	C23H26O11	[M + H]+	OWDUGEJCEAPXOX	InChI=1S/C23H26O11/c1-8-16-11(3-10-4-12(26)6-13(27)17(10)19(16)29)5-14(22(8)32-9(2)25)33-23-21(31)20(30)18(28)15(7-24)34-23/h3,5,12,15,18,20-21,23-24,26,28-31H,4,6-7H2,1-2H3	null	CC1=C(C(=CC2=CC3=C(C(=O)CC(C3)O)C(=C12)O)OC4C(C(C(C(O4)CO)O)O)O)OC(=O)C	0.344891101	""	COCONUT:(CNP0188038);Natural Products:(UNPD191487);SuperNatural:(SN00326767)	3178496
62	1	N/A	-527.2467393625827	C23H26O11	[M + H]+	KSXUAYYEMGKRGW	InChI=1S/C23H26O11/c1-10(9-24)12-5-13(26)17(20(28)30-4)18-14(27)7-22(3,33-18)8-15-19-23(34-19,21(29)32-15)16(6-12)31-11(2)25/h9,12,15-19H,1,5-8H2,2-4H3	Bipinnatin Q	CC(=O)OC1CC(CC(=O)C(C2C(=O)CC(O2)(CC3C4C1(O4)C(=O)O3)C)C(=O)OC)C(=C)C=O	-0.400000006	25015157;24853541;101860752	COCONUT:(CNP0358952);MeSH:(24853541);KNApSAcK:(38601);PubChem:(25015157 24853541 101860752);PubMed	2097238
63	1	N/A	-533.0376768635318	C23H26O11	[M + H]+	RULBBRGYIDQXEW	InChI=1S/C23H26O11/c1-4-5-9-6-14(24)33-19-10-7-13(23(2,3)30)31-11(10)8-12(15(9)19)32-22-18(27)16(25)17(26)20(34-22)21(28)29/h4,6,8,13,16-18,20,22,25-27,30H,1,5,7H2,2-3H3,(H,28,29)	null	CC(C)(C1CC2=C3C(=C(C=C2O1)OC4C(C(C(C(O4)C(=O)O)O)O)O)C(=CC(=O)O3)CC=C)O	0.600000024	131836348	HMDB:(130146);PubChem:(131836348);PubChem class - bio and metabolites	16777226
64	1	N/A	-540.8818657728629	C23H26O11	[M + H]+	WZEXHDQIQATNIX	InChI=1S/C23H26O11/c1-22(2,29)17(34-21(28)23(30)8-13(24)19(27)14(25)9-23)10-32-20-11-3-4-18(26)33-16(11)7-15-12(20)5-6-31-15/h3-7,13-14,17,19,24-25,27,29-30H,8-10H2,1-2H3	null	CC(C)(C(COC1=C2C=CC(=O)OC2=CC3=C1C=CO3)OC(=O)C4(CC(C(C(C4)O)O)O)O)O	0.0	10961807	COCONUT:(CNP0251978);Natural Products:(UNPD132247);PubChem:(10961807);SuperNatural:(SN00391576)	3178498
65	1	N/A	-582.7320262790164	C23H26O11	[M + H]+	IRLMRXHNZUJFJB	InChI=1S/C23H26O11/c1-22(2,29)15(33-21(28)23(30)8-13(24)17(27)14(25)9-23)10-32-20-18-12(5-6-31-18)7-11-3-4-16(26)34-19(11)20/h3-7,13-15,17,24-25,27,29-30H,8-10H2,1-2H3	[3-hydroxy-3-methyl-1-(7-oxofuro[3,2-g]chromen-9-yl)oxybutan-2-yl] (3R,5R)-1,3,4,5-tetrahydroxycyclohexane-1-carboxylate	CC(C)(C(COC1=C2C(=CC3=C1OC=C3)C=CC(=O)O2)OC(=O)C4(CC(C(C(C4)O)O)O)O)O	0.690087318	11812811	COCONUT:(CNP0363327);Natural Products:(UNPD116200);PubChem:(11812811);SuperNatural:(SN00308443)	3178498