structureRankPerFormula	formulaRank	ConfidenceScore	CSI:FingerIDScore	molecularFormula	adduct	InChIkey2D	InChI	name	smiles	xlogp	pubchemids	links	dbflags
1	1	N/A	-139.00271632275607	C15H20O8	[M - H2O + H]+	IERQJNGBILWLCY	InChI=1S/C15H20O8/c1-8(17)21-7-11-12(18)13(19)14(20)15(23-11)22-10-5-3-2-4-9(10)6-16/h2-5,11-16,18-20H,6-7H2,1H3	Fragilin	CC(=O)OCC1C(C(C(C(O1)OC2=CC=CC=C2CO)O)O)O	-0.477156132	3084324;11209634	COCONUT:(CNP0210600);Natural Products:(UNPD41606 UNPD56879 UNPD198924);PubChem:(3084324 11209634);SuperNatural:(SN00271125 SN00393793);CHEBI:(137484)	3178530
2	1	N/A	-140.06627265186432	C15H20O8	[M - H2O + H]+	SHZMGEYUEFSGCM	InChI=1S/C15H20O8/c1-6-4-8(17)7-2-3-21-14(10(6)7)23-15-13(20)12(19)11(18)9(5-16)22-15/h2-4,7,9-16,18-20H,5H2,1H3	null	CC1=CC(=O)C2C1C(OC=C2)OC3C(C(C(C(O3)CO)O)O)O	-1.11034679	""	COCONUT:(CNP0250455);Natural Products:(UNPD78092);SuperNatural:(SN00290677)	3178496
3	1	N/A	-142.07897067401294	C15H20O8	[M - H2O + H]+	LIOOJQZRNLJKMU	InChI=1S/C15H20O8/c16-5-1-2-8-3-4-10(9(18)6-8)22-15-14(21)13(20)12(19)11(7-17)23-15/h1-4,6,11-21H,5,7H2	null	C1=CC(=C(C=C1C=CCO)O)OC2C(C(C(C(O2)CO)O)O)O	-0.739750564	101273492	COCONUT:(CNP0149935);Natural Products:(UNPD181727 UNPD220356);PubChem:(101273492);SuperNatural:(SN00320338);KEGG Mine	8593113090
4	1	N/A	-146.75017838758396	C15H20O8	[M - H2O + H]+	NXWQDZYMPJYLPQ	InChI=1S/C15H20O8/c16-6-9(8-4-2-1-3-5-8)14(21)23-15-13(20)12(19)11(18)10(7-17)22-15/h1-5,9-13,15-20H,6-7H2	null	C1=CC=C(C=C1)C(CO)C(=O)OC2C(C(C(C(O2)CO)O)O)O	-0.870131195	""	COCONUT:(CNP0213864);Natural Products:(UNPD161956 UNPD142387);SuperNatural:(SN00335302 SN00262605)	3178496
5	1	N/A	-148.0530709980459	C15H20O8	[M - H2O + H]+	FXEOLMWSBWXMSF	InChI=1S/C15H20O8/c16-7-10-12(19)13(20)14(21)15(23-10)22-9-4-2-1-3-8(9)5-6-11(17)18/h1-4,10,12-16,19-21H,5-7H2,(H,17,18)	Dihydromelilotoside	C1=CC=C(C(=C1)CCC(=O)O)OC2C(C(C(C(O2)CO)O)O)O	-0.275710613	5316728;22524187;73981563	COCONUT:(CNP0049058 CNP0257270);HMDB:(38334);Natural Products:(UNPD63410 UNPD210138);PubChem:(5316728 22524187 73981563);SuperNatural:(SN00273535 SN00160157);additional;PubChem class - bio and metabolites;EcoCyc Mine;PubMed;KEGG Mine	25790283850
6	1	N/A	-148.2324674340186	C15H20O8	[M - H2O + H]+	JKAYPNQEJVZOMU	InChI=1S/C15H20O8/c16-7-10-12(19)13(20)14(21)15(22-10)23-11(18)6-5-8-3-1-2-4-9(8)17/h1-4,10,12-17,19-21H,5-7H2	dihydrocinnacasside	C1=CC=C(C(=C1)CCC(=O)OC2C(C(C(C(O2)CO)O)O)O)O	-0.5	44178764	COCONUT:(CNP0224335);Natural Products:(UNPD42363);PubChem:(44178764);SuperNatural:(SN00268566);PubMed	3178562
7	1	N/A	-151.54881942449003	C15H20O8	[M - H2O + H]+	QKSXDTCOXDRTCI	InChI=1S/C15H20O8/c16-6-10-11(17)12(18)13(19)15(23-10)22-7-9(14(20)21)8-4-2-1-3-5-8/h1-5,9-13,15-19H,6-7H2,(H,20,21)	null	C1=CC=C(C=C1)C(COC2C(C(C(C(O2)CO)O)O)O)C(=O)O	-0.870131195	75528813	COCONUT:(CNP0343267);Natural Products:(UNPD93917 UNPD167482);PubChem:(75528813);SuperNatural:(SN00309192 SN00368943)	3178498
8	1	N/A	-171.18128021184808	C15H20O8	[M - H2O + H]+	RRRGZNGWWIEOLB	InChI=1S/C15H20O8/c1-8(18)21-14-13(20)12(19)11(7-17)23-15(14)22-10-5-3-2-4-9(10)6-16/h2-5,11-17,19-20H,6-7H2,1H3	null	CC(=O)OC1C(C(C(OC1OC2=CC=CC=C2CO)CO)O)O	-0.477156132	137333735	COCONUT:(CNP0226517);Natural Products:(UNPD208498);PubChem:(137333735);CHEBI:(137481)	2129954
9	1	N/A	-177.0339202255058	C15H20O8	[M - H2O + H]+	CTBTYMWZDWFXTH	InChI=1S/C15H20O8/c16-7-10-12(19)13(20)14(21)15(23-10)22-9-4-1-8(2-5-9)3-6-11(17)18/h1-2,4-5,10,12-16,19-21H,3,6-7H2,(H,17,18)	null	C1=CC(=CC=C1CCC(=O)O)OC2C(C(C(C(O2)CO)O)O)O	-0.275710613	101928034	COCONUT:(CNP0298104);Natural Products:(UNPD190393);PubChem:(101928034);SuperNatural:(SN00302690);Training Set;KEGG Mine	8593129474
10	1	N/A	-177.6040973512272	C15H20O8	[M - H2O + H]+	XWODHOVNBAEXRX	InChI=1S/C15H20O8/c1-7(8-2-4-9(17)5-3-8)14(21)23-15-13(20)12(19)11(18)10(6-16)22-15/h2-5,7,10-13,15-20H,6H2,1H3	null	CC(C1=CC=C(C=C1)O)C(=O)OC2C(C(C(C(O2)CO)O)O)O	-0.351494759	""	COCONUT:(CNP0213787);Natural Products:(UNPD4184 UNPD72319);SuperNatural:(SN00225834 SN00345622)	3178496
11	1	N/A	-177.98319606341266	C15H20O8	[M - H2O + H]+	WVKOWKLLVMFWGV	InChI=1S/C15H20O8/c1-21-9-4-2-8(3-5-9)10(17)7-22-15-14(20)13(19)12(18)11(6-16)23-15/h2-5,11-16,18-20H,6-7H2,1H3	null	COC1=CC=C(C=C1)C(=O)COC2C(C(C(C(O2)CO)O)O)O	-0.653626561	""	COCONUT:(CNP0299170);Natural Products:(UNPD54990);SuperNatural:(SN00294323)	3178496
12	1	N/A	-180.79910968192374	C15H20O8	[M - H2O + H]+	NPAQHLFPEOMKAL	InChI=1S/C15H20O8/c16-7-11-12(19)13(20)14(21)15(23-11)22-6-5-10(18)8-1-3-9(17)4-2-8/h1-4,11-17,19-21H,5-7H2	null	C1=CC(=CC=C1C(=O)CCOC2C(C(C(C(O2)CO)O)O)O)O	-1.10000002	10471692	COCONUT:(CNP0291401);Natural Products:(UNPD160741 UNPD42580);PubChem:(10471692);SuperNatural:(SN00289533 SN00029874);CHEBI:(141404);ZINC bio:(ZINC31166226);additional;Training Set	3727394
13	1	N/A	-181.25861155820135	C15H20O8	[M - H2O + H]+	CSTQMOBLRGXKBB	InChI=1S/C15H20O8/c16-7-10-12(19)13(20)14(21)15(23-10)22-9-3-1-2-8(6-9)4-5-11(17)18/h1-3,6,10,12-16,19-21H,4-5,7H2,(H,17,18)	null	C1=CC(=CC(=C1)OC2C(C(C(C(O2)CO)O)O)O)CCC(=O)O	-0.275710613	""	COCONUT:(CNP0233009);Natural Products:(UNPD36696)	2129920
14	1	N/A	-185.82341778522456	C15H20O8	[M - H2O + H]+	AVIUTYMRHHBXPB	InChI=1S/C15H20O8/c1-7(17)9-4-3-8(21-2)5-10(9)22-15-14(20)13(19)12(18)11(6-16)23-15/h3-5,11-16,18-20H,6H2,1-2H3	2-Acetyl-5-methoxyphenyl beta-D-Glucopyranoside	CC(=O)C1=C(C=C(C=C1)OC)OC2C(C(C(C(O2)CO)O)O)O	-0.554370046	442924;4486114;53384347;57375575	COCONUT:(CNP0318081);KNApSAcK:(2706);Natural Products:(UNPD84846);PubChem:(442924 4486114 53384347 57375575);SuperNatural:(SN00157236);CHEBI:(718638 7892);KEGG:(C10717);PubMed	3178866
15	1	N/A	-187.20698281084154	C15H20O8	[M - H2O + H]+	QKSCZMWGZVJJFT	InChI=1S/C15H20O8/c1-7-3-2-4-8(17)11(7)9(18)6-22-15-14(21)13(20)12(19)10(5-16)23-15/h2-4,10,12-17,19-21H,5-6H2,1H3	null	CC1=C(C(=CC=C1)O)C(=O)COC2C(C(C(C(O2)CO)O)O)O	-0.100000001	101458348	COCONUT:(CNP0421763);Natural Products:(UNPD223628);PubChem:(101458348)	2129922
16	1	N/A	-195.8109769307747	C15H20O8	[M - H2O + H]+	SWESETWDPGZBCR	InChI=1S/C15H20O8/c1-2-21-10-5-8(6-16)3-4-9(10)22-15-14(20)13(19)12(18)11(7-17)23-15/h3-6,11-15,17-20H,2,7H2,1H3	Glucoethylvanillin	CCOC1=C(C=CC(=C1)C=O)OC2C(C(C(C(O2)CO)O)O)O	-0.212743938	11163251;21924275;22841405	NORMAN:(NS00008547);COCONUT:(CNP0258809);HMDB:(37682);PubChem class - food;PubChem:(11163251 21924275 22841405);PubChem class - bio and metabolites	153354250
17	1	N/A	-197.81393400516384	C15H20O8	[M - H2O + H]+	BVJMHIAJLGZOHQ	InChI=1S/C15H20O8/c1-7(14(20)21)8-2-4-9(5-3-8)22-15-13(19)12(18)11(17)10(6-16)23-15/h2-5,7,10-13,15-19H,6H2,1H3,(H,20,21)	null	CC(C1=CC=C(C=C1)OC2C(C(C(C(O2)CO)O)O)O)C(=O)O	-0.351494759	""	COCONUT:(CNP0104702);Natural Products:(UNPD135025);SuperNatural:(SN00373920)	3178496
18	1	N/A	-197.97217908047324	C15H20O8	[M - H2O + H]+	OEFVURHDSCIHJB	InChI=1S/C15H20O8/c1-2-21-14(20)8-3-5-9(6-4-8)22-15-13(19)12(18)11(17)10(7-16)23-15/h3-6,10-13,15-19H,2,7H2,1H3	ethyl 4-[3,4,5-trihydroxy-6-(hydroxymethyl)oxan-2-yl]oxybenzoate	CCOC(=O)C1=CC=C(C=C1)OC2C(C(C(C(O2)CO)O)O)O	-0.0457934588	908174;3465344;7086926;11438856	COCONUT:(CNP0364924);PubChem:(908174 3465344 7086926 11438856);SuperNatural:(SN00070980);ZINC bio:(ZINC04062046)	3153922
19	1	N/A	-199.29190499627833	C15H20O8	[M - H2O + H]+	BWTUAYQDFBDCQV	InChI=1S/C15H20O8/c1-8(18)21-14-12(19)11(7-17)23-15(13(14)20)22-10-5-3-2-4-9(10)6-16/h2-5,11-17,19-20H,6-7H2,1H3	null	CC(=O)OC1C(C(OC(C1O)OC2=CC=CC=C2CO)CO)O	-0.477156132	137333736	PubChem:(137333736);CHEBI:(137482)	34
20	1	N/A	-205.2045963869955	C15H20O8	[M - H2O + H]+	WEQVXFUVESXEJQ	InChI=1S/C15H20O8/c1-2-21-15-13(19)12(18)11(17)10(23-15)7-22-14(20)8-3-5-9(16)6-4-8/h3-6,10-13,15-19H,2,7H2,1H3	null	CCOC1C(C(C(C(O1)COC(=O)C2=CC=C(C=C2)O)O)O)O	-0.400000006	101098635	COCONUT:(CNP0212367);Natural Products:(UNPD16383);PubChem:(101098635);SuperNatural:(SN00314862)	3178498
21	1	N/A	-210.38406815300655	C15H20O8	[M - H2O + H]+	GXLXFBBEKMNRQK	InChI=1S/C15H20O8/c1-6-3-8(18)4-9(11(6)7(2)17)22-15-14(21)13(20)12(19)10(5-16)23-15/h3-4,10,12-16,18-21H,5H2,1-2H3	null	CC1=CC(=CC(=C1C(=O)C)OC2C(C(C(C(O2)CO)O)O)O)O	-0.5	56776250	COCONUT:(CNP0398765);PubChem:(56776250);SuperNatural:(SN00041185);ZINC bio:(ZINC67913388);additional;Training Set	3694594
22	1	N/A	-213.42177760201392	C15H20O8	[M - H2O + H]+	QUOZWMJFTQUXON	InChI=1S/C15H20O8/c1-7(17)8-3-4-9(10(5-8)21-2)22-15-14(20)13(19)12(18)11(6-16)23-15/h3-5,11-16,18-20H,6H2,1-2H3	Androsin	CC(=O)C1=CC(=C(C=C1)OC2C(C(C(C(O2)CO)O)O)O)OC	-0.554370046	164648;12306788;10336601;20055279;57121680;67742033;102584714	COCONUT:(CNP0270683);KNApSAcK:(29684);Natural Products:(UNPD149830 UNPD171891);PubChem:(164648 12306788 10336601 20055279 57121680 67742033 102584714);SuperNatural:(SN00315341 SN00011548 SN00160952);ZINC bio:(ZINC05167579);additional;MeSH:(164648);Training Set;PubMed;KEGG Mine	8593662038
23	1	N/A	-215.840587519407	C15H20O8	[M - H2O + H]+	WPYITBHVUBHJHS	InChI=1S/C15H20O8/c1-21-7-10(17)8-2-4-9(5-3-8)22-15-14(20)13(19)12(18)11(6-16)23-15/h2-5,11-16,18-20H,6-7H2,1H3	null	COCC(=O)C1=CC=C(C=C1)OC2C(C(C(C(O2)CO)O)O)O	-0.653626561	""	COCONUT:(CNP0111767);Natural Products:(UNPD96073);SuperNatural:(SN00344839)	3178496
24	1	N/A	-221.43769130051032	C15H20O8	[M - H2O + H]+	XWQIOGZOIREUJW	InChI=1S/C15H20O8/c16-6-9(8-4-2-1-3-5-8)14(20)23-13-12(19)11(18)10(7-17)22-15(13)21/h1-5,9-13,15-19,21H,6-7H2	null	C1=CC=C(C=C1)C(CO)C(=O)OC2C(C(C(OC2O)CO)O)O	-0.870131195	""	COCONUT:(CNP0155292);Natural Products:(UNPD176701);SuperNatural:(SN00258902)	3178496
25	1	N/A	-234.79198226994544	C15H20O8	[M - H2O + H]+	CFJLERBDXYGARW	InChI=1S/C15H20O8/c1-6-3-8(4-9(18)11(6)7(2)17)22-15-14(21)13(20)12(19)10(5-16)23-15/h3-4,10,12-16,18-21H,5H2,1-2H3	null	CC1=CC(=CC(=C1C(=O)C)O)OC2C(C(C(C(O2)CO)O)O)O	-0.480721533	45783012	COCONUT:(CNP0349040);PubChem:(45783012);SuperNatural:(SN00034436);ZINC bio:(ZINC35465909);additional;Training Set	3694594
26	1	N/A	-241.33173727251045	C15H20O8	[M - H2O + H]+	KNHOEAFGAAOPKI	InChI=1S/C15H20O8/c1-6-9(7(2)17)3-8(4-10(6)18)22-15-14(21)13(20)12(19)11(5-16)23-15/h3-4,11-16,18-21H,5H2,1-2H3	null	CC1=C(C=C(C=C1C(=O)C)OC2C(C(C(C(O2)CO)O)O)O)O	-0.480721533	""	COCONUT:(CNP0125111);Natural Products:(UNPD215708)	2129920
27	1	N/A	-246.26027812263735	C15H20O8	[M - H2O + H]+	XEPVGMRVOARCJN	InChI=1S/C15H20O8/c1-7(17)2-8-3-9(18)5-10(4-8)22-15-14(21)13(20)12(19)11(6-16)23-15/h3-5,11-16,18-21H,2,6H2,1H3	null	CC(=O)CC1=CC(=CC(=C1)OC2C(C(C(C(O2)CO)O)O)O)O	-0.802460968	102203237	COCONUT:(CNP0319365);Natural Products:(UNPD221035);PubChem:(102203237)	2129922
28	1	N/A	-325.1283819312049	C15H20O8	[M - H2O + H]+	LZDSGRJZIUFAEV	InChI=1S/C15H20O8/c1-2-22-15-13(21)10(18)12(20)14(23-15)11(19)9(17)7-3-5-8(16)6-4-7/h3-6,10-16,18-21H,2H2,1H3	null	CCOC1C(C(C(C(O1)C(C(=O)C2=CC=C(C=C2)O)O)O)O)O	-0.604842544	""	COCONUT:(CNP0229582)	2097152
29	1	N/A	-328.47056537705424	C15H20O8	[M - H2O + H]+	HAFGKVOAGMMHTR	InChI=1S/C15H20O8/c1-7(16)21-12-10-4-5-19-14-11(10)15(6-20-14,23-9(3)18)13(12)22-8(2)17/h10-14H,4-6H2,1-3H3	null	CC(=O)OC1C2CCOC3C2C(C1OC(=O)C)(CO3)OC(=O)C	0.0	14447015	COCONUT:(CNP0217684);Natural Products:(UNPD99122);PubChem:(14447015)	2129922
30	1	N/A	-338.3366297036174	C15H20O8	[M - H2O + H]+	RMZBPHXCQGMGOD	InChI=1S/C15H20O8/c1-3-4-9-10(8(5-16)6-21-9)14(20)23-15-13(19)12(18)11(17)7(2)22-15/h3-4,6-7,11-13,15-19H,5H2,1-2H3	[(2S,3R,4R,5R,6S)-3,4,5-trihydroxy-6-methyloxan-2-yl] 4-(hydroxymethyl)-2-[(E)-prop-1-enyl]furan-3-carboxylate	CC=CC1=C(C(=CO1)CO)C(=O)OC2C(C(C(C(O2)C)O)O)O	-0.600000024	11723999;101369680;139587176	COCONUT:(CNP0206710);Natural Products:(UNPD49248 UNPD64681);PubChem:(11723999 101369680 139587176);SuperNatural:(SN00266861 SN00352323)	3178498
31	1	N/A	-338.61242135200274	C15H20O8	[M - H2O + H]+	JQYHXAPKBUDBOM	InChI=1S/C15H20O8/c1-3-7-4-5-8(9(6-7)21-2)22-15-12(18)10(16)11(17)13(23-15)14(19)20/h4-6,10-13,15-18H,3H2,1-2H3,(H,19,20)	null	CCC1=CC(=C(C=C1)OC2C(C(C(C(O2)C(=O)O)O)O)O)OC	0.800000012	131834363	HMDB:(127987);PubChem:(131834363);PubChem class - bio and metabolites	16777226
32	1	N/A	-348.0472762904524	C15H20O8	[M - H2O + H]+	WIRBWTZCZVCTCC	InChI=1S/C15H20O8/c1-3-7-4-8(21-2)6-9(5-7)22-15-12(18)10(16)11(17)13(23-15)14(19)20/h4-6,10-13,15-18H,3H2,1-2H3,(H,19,20)	null	CCC1=CC(=CC(=C1)OC2C(C(C(C(O2)C(=O)O)O)O)O)OC	0.800000012	131834410	HMDB:(128035);PubChem:(131834410);PubChem class - bio and metabolites	16777226
33	1	N/A	-359.50647186448333	C15H20O8	[M - H2O + H]+	XHBQCWVVJZZBAX	InChI=1S/C15H20O8/c1-5-7-6(16)4-13(2,23-20)15-9(8(7)21-12(5)18)14(3,19)10(17)11(15)22-15/h6-11,16-17,19-20H,1,4H2,2-3H3	null	CC1(CC(C2C(C3C14C(O4)C(C3(C)O)O)OC(=O)C2=C)O)OO	-1.70000005	11131259;42617543;101169054	COCONUT:(CNP0273707);Natural Products:(UNPD103261 UNPD51610);PubChem:(11131259 42617543 101169054);SuperNatural:(SN00228346)	3178498
34	1	N/A	-427.9654546316756	C15H20O8	[M - H2O + H]+	JCQVKLGHFBILKX	InChI=1S/C15H20O8/c1-6-7(16)3-14(20)12(2)5-22-11(19)15(12,21)8-4-13(6,14)9(17)10(18)23-8/h6-9,16-17,20-21H,3-5H2,1-2H3	null	CC1C(CC2(C13CC(C4(C2(COC4=O)C)O)OC(=O)C3O)O)O	-1.39999998	21629989;102251623;102251625	COCONUT:(CNP0227712);Natural Products:(UNPD55747 UNPD158843 UNPD72494);PubChem:(21629989 102251623 102251625);SuperNatural:(SN00384934 SN00322185 SN00380268)	3178498
35	1	N/A	-430.3964729212113	C15H20O8	[M - H2O + H]+	RIYJLCNQRZRASC	InChI=1S/C15H20O8/c1-6-7(16)3-15(21)13(6)4-8(23-10(18)9(13)17)12(2,20)14(15)5-22-11(14)19/h6-9,16-17,20-21H,3-5H2,1-2H3	null	CC1C(CC2(C13CC(C(C24COC4=O)(C)O)OC(=O)C3O)O)O	-1.33406043	""	COCONUT:(CNP0245126);KNApSAcK:(47144);Natural Products:(UNPD148940);SuperNatural:(SN00248343)	3178512
36	1	N/A	-438.8675749257319	C15H20O8	[M - H2O + H]+	VXDVFPLMCHUTNP	InChI=1S/C15H20O8/c1-6-3-7(16)15(21)12(2)5-22-11(19)14(12,20)8-4-13(6,15)9(17)10(18)23-8/h6-9,16-17,20-21H,3-5H2,1-2H3	Majucin	CC1CC(C2(C13CC(C4(C2(COC4=O)C)O)OC(=O)C3O)O)O	-1.39999998	365773;494843;3086559;15600074;21672427;101792614	COCONUT:(CNP0252955);KNApSAcK:(21767);Natural Products:(UNPD22341 UNPD116188 UNPD12560);PubChem:(365773 494843 3086559 15600074 21672427 101792614);SuperNatural:(SN00303726 SN00337295 SN00362212);PubChem class - safety and toxic	70287378
37	1	N/A	-447.98701699922947	C15H20O8	[M - H2O + H]+	GEVWHIDSUOMVRI	InChI=1S/C15H20O8/c1-6-3-7(16)15(21)13(6)4-8(23-10(18)9(13)17)12(2,20)14(15)5-22-11(14)19/h6-9,16-17,20-21H,3-5H2,1-2H3	Anisatin	CC1CC(C2(C13CC(C(C24COC4=O)(C)O)OC(=O)C3O)O)O	-1.89999998	115121;171029;12306850;10019386;11970036;44575426;134945750	SuperNatural:(SN00232237 SN00157031);additional;MeSH:(115121 171029 11970036 12306850 44575426);PubMed;COCONUT:(CNP0249842);KNApSAcK:(3212);Natural Products:(UNPD131279 UNPD155997);PubChem:(115121 171029 12306850 10019386 11970036 44575426 134945750);CHEBI:(2733);KEGG:(C09294);PubChem class - safety and toxic;Training Set	70828406
38	1	N/A	-455.63652227278186	C15H20O8	[M - H2O + H]+	YXFITIOIIUGHKR	InChI=1S/C15H20O8/c1-11(19)3-4-15(21)13(11)5-7(23-9(17)8(13)16)12(2,20)14(15)6-22-10(14)18/h7-8,16,19-21H,3-6H2,1-2H3	null	CC1(CCC2(C13CC(C(C24COC4=O)(C)O)OC(=O)C3O)O)O	-2.0999999	101602355	COCONUT:(CNP0168595);Natural Products:(UNPD131804);PubChem:(101602355);SuperNatural:(SN00323460)	3178498
39	1	N/A	-464.91852450718113	C15H20O8	[M - H2O + H]+	BBMMSLGOXDWPOL	InChI=1S/C15H20O8/c1-8(16)14-10(18)4-5-11(20-14)15(9(2)17)21-12(3)13(22-14,23-15)6-7-19-12/h10-11,18H,4-7H2,1-3H3	Laurencia sesquiterpene 1	CC(=O)C12C(CCC(O1)C3(OC4(C(O2)(O3)CCO4)C)C(=O)C)O	-0.600000024	5122107;5459083;13846129	COCONUT:(CNP0215864);Natural Products:(UNPD158158);PubChem:(5122107 5459083 13846129);SuperNatural:(SN00277979)	3178498
1	1	0.591529652919884	-48.41689722891724	C15H18O7	[M + H]+	CJGRGYBLAHPYOM	InChI=1S/C15H18O7/c16-8-10-12(18)13(19)14(20)15(21-10)22-11(17)7-6-9-4-2-1-3-5-9/h1-7,10,12-16,18-20H,8H2	trans-cinnamoyl-beta-D-glucoside	C1=CC=C(C=C1)C=CC(=O)OC2C(C(C(C(O2)CO)O)O)O	0.100000001	643713;440242;3340171;5797730;5280653;11197650;22298554;46187718;67368199;91022644;89716737;89719005;123429880;129858053;133556475	HMDB:(30293);SuperNatural:(SN00020438 SN00006883);ZINC bio:(ZINC04096336 ZINC13515203);additional;MeSH:(5280653);Plantcyc:(TRANS-CINNAMOYL-BETA-D-GLUCOSE);PubMed;COCONUT:(CNP0419966);Natural Products:(UNPD7873 UNPD121062 UNPD230530);PubChem:(643713 440242 3340171 5797730 5280653 11197650 22298554 46187718 67368199 91022644 89716737 89719005 123429880 129858053 133556475);CHEBI:(16279);PubChem class - bio and metabolites;KEGG:(C04164);Training Set;Biocyc:(TRANS-CINNAMOYL-BETA-D-GLUCOSE)	20638062
2	1	N/A	-91.53720942595716	C15H18O7	[M + H]+	GNTPQQUJBAFHOR	InChI=1S/C15H18O7/c16-7-1-2-9-3-5-10(6-4-9)21-15-14(20)13(19)12(18)11(8-17)22-15/h3-6,11-20H,7-8H2	D-Mannose Alpha1o P-Hydroxypropynyl-Phenyl	C1=CC(=CC=C1C#CCO)OC2C(C(C(C(O2)CO)O)O)O	-0.429617733	57339134	PubChem:(57339134);PubMed;PubChem class - bio and metabolites	16777282
3	1	N/A	-99.55967391384286	C15H18O7	[M + H]+	CFFMLEQRNNOHLH	InChI=1S/C15H18O7/c16-11(7-6-9-4-2-1-3-5-9)21-8-10-12(17)13(18)14(19)15(20)22-10/h1-7,10,12-15,17-20H,8H2	t-Cinnamoyl glucose	C1=CC=C(C=C1)C=CC(=O)OCC2C(C(C(C(O2)O)O)O)O	-0.5	6454895;10892272;21668944;57209710;102168703;129887079	COCONUT:(CNP0197281);Natural Products:(UNPD39978);PubChem:(6454895 10892272 21668944 57209710 102168703 129887079);SuperNatural:(SN00160726);MeSH:(6454895);PubMed	3178566
4	1	N/A	-113.29809860725253	C15H18O7	[M + H]+	POOVYWIYTSHEES	InChI=1S/C15H18O7/c16-8-10-12(18)13(19)14(15(20)21-10)22-11(17)7-6-9-4-2-1-3-5-9/h1-7,10,12-16,18-20H,8H2	[(2R,3R,4S,5S,6R)-2,4,5-trihydroxy-6-(hydroxymethyl)oxan-3-yl] (E)-3-phenylprop-2-enoate	C1=CC=C(C=C1)C=CC(=O)OC2C(C(C(OC2O)CO)O)O	0.100000001	14345566;11972309;21550792	COCONUT:(CNP0188054);HMDB:(35880);Natural Products:(UNPD49160 UNPD82104);PubChem:(14345566 11972309 21550792);SuperNatural:(SN00334110 SN00164935);PubChem class - bio and metabolites	19955722
5	1	N/A	-221.1052898395026	C15H18O7	[M + H]+	VEGOPIRPQIZFRD	InChI=1S/C15H18O7/c1-8-12(18)13(19)14(20)15(21-8)22-11(17)7-4-9-2-5-10(16)6-3-9/h2-8,12-16,18-20H,1H3	1-(4-Coumaroyl)alpha-rhamnopyranose	CC1C(C(C(C(O1)OC(=O)C=CC2=CC=C(C=C2)O)O)O)O	0.200000003	5316121;6438942;22524169;69163563	COCONUT:(CNP0316127);Natural Products:(UNPD134971);PubChem:(5316121 6438942 22524169 69163563);SuperNatural:(SN00157758);MeSH:(6438942);PubMed	3178566
6	1	N/A	-247.9969788563667	C15H18O7	[M + H]+	FMMQFGNJOTXLGF	InChI=1S/C15H18O7/c16-7-11-12(19)13(20)14(21)15(22-11)10(18)6-3-8-1-4-9(17)5-2-8/h1-6,11-17,19-21H,7H2	null	C1=CC(=CC=C1C=CC(=O)C2C(C(C(C(O2)CO)O)O)O)O	-0.603838563	""	COCONUT:(CNP0133475);Natural Products:(UNPD228857 UNPD200963)	2129920
7	1	N/A	-302.17655132755755	C15H18O7	[M + H]+	YHVJUTOZYWQYSQ	InChI=1S/C15H18O7/c1-8-14(21-9(2)17)12(18)13(19)15(20-8)22-11-5-3-10(7-16)4-6-11/h3-8,12-15,18-19H,1-2H3	null	CC1C(C(C(C(O1)OC2=CC=C(C=C2)C=O)O)O)OC(=O)C	0.300000012	10018247;85094072;129884193	COCONUT:(CNP0361136);HMDB:(39958);Natural Products:(UNPD163939);PubChem:(10018247 85094072 129884193);SuperNatural:(SN00360296);PubChem class - bio and metabolites	19955722
8	1	N/A	-343.6938162115188	C15H18O7	[M + H]+	CCCJAULJBXHHEV	InChI=1S/C15H18O7/c1-9(16)21-8-14(22-10(2)17)15(18)11-5-6-12(19-3)13(7-11)20-4/h5-7,14H,8H2,1-4H3	bmse010011	CC(=O)OCC(C(=O)C1=CC(=C(C=C1)OC)OC)OC(=O)C	1.39999998	21627639	PubChem:(21627639);CHEBI:(86538)	34
9	1	N/A	-368.2581319198458	C15H18O7	[M + H]+	BGIAGGJXJKYPSM	InChI=1S/C15H18O7/c1-7-6-9(16)10-8(2)13(17)20-11(10)12-14(3,21-18)4-5-15(7,12)22-19/h4-5,9-12,16,18-19H,1-2,6H2,3H3	null	CC1(C=CC2(C1C3C(C(CC2=C)O)C(=C)C(=O)O3)OO)OO	0.57772547	""	COCONUT:(CNP0221978);Natural Products:(UNPD146938)	2129920
10	1	N/A	-380.0473690610836	C15H18O7	[M + H]+	LSDUEOPWYFLQEQ	InChI=1S/C15H18O7/c1-5-9-7-3-6(14(19)20-7)10(16)11(17)12-15(2,22-12)4-8(9)21-13(5)18/h3,5,7-12,16-17H,4H2,1-2H3	null	CC1C2C(CC3(C(O3)C(C(C4=CC2OC4=O)O)O)C)OC1=O	-0.600000024	21578071;101731028	COCONUT:(CNP0128990);Natural Products:(UNPD198576);PubChem:(21578071 101731028);KEGG Mine	8592064514
11	1	N/A	-420.01283109591157	C15H18O7	[M + H]+	ILVQHXXGELZSSA	InChI=1S/C15H18O7/c1-3-7(12(16)17)11-15(19)5-4-8-9(13(18)20-2)6-21-14(22-11)10(8)15/h4-8,10-11,14,19H,3H2,1-2H3,(H,16,17)	null	CCC(C1C2(C=CC3C2C(O1)OC=C3C(=O)OC)O)C(=O)O	0.312894285	""	COCONUT:(CNP0141038);Natural Products:(UNPD204203)	2129920
12	1	N/A	-436.33169777471466	C15H18O7	[M + H]+	YMLJQHCWBGQZEQ	InChI=1S/C15H18O7/c1-7(16)10-5-15(22-14(10,2)20)4-3-8-9(12(17)18)6-21-13(19)11(8)15/h3-5,8-9,11,13,19-20H,6H2,1-2H3,(H,17,18)	(1S,4S,4aS,7aS)-3''-acetyl-1,2''-dihydroxy-2''-methylspiro[3,4,4a,7a-tetrahydro-1H-cyclopenta[c]pyran-7,5''-furan]-4-carboxylic acid	CC(=O)C1=CC2(C=CC3C2C(OCC3C(=O)O)O)OC1(C)O	-0.699999988	179720	PubChem:(179720);KNApSAcK:(10732)	18
13	1	N/A	-438.5659604104258	C15H18O7	[M + H]+	HRMPUWIQJNIGTA	InChI=1S/C15H18O7/c1-7-5-6-11(18)13(22-10(4)17)15(7)12(21-9(3)16)8(2)20-14(15)19/h5-8,12-13H,1-4H3	null	CC1C=CC(=O)C(C12C(C(OC2=O)C)OC(=O)C)OC(=O)C	0.732173204	""	COCONUT:(CNP0186518);Natural Products:(UNPD39169);SuperNatural:(SN00332324)	3178496
14	1	N/A	-443.64848605246067	C15H18O7	[M + H]+	MWYGUUCBPMDIGE	InChI=1S/C15H18O7/c1-7(16)9-5-15(22-13(9)18)4-3-8-10(12(17)20-2)6-21-14(19)11(8)15/h3-5,7-8,10-11,14,16,19H,6H2,1-2H3	alpha-allamcidin	CC(C1=CC2(C=CC3C2C(OCC3C(=O)OC)O)OC1=O)O	0.0	44567008;44567009	COCONUT:(CNP0174152);Natural Products:(UNPD127235 UNPD192970);PubChem:(44567008 44567009);SuperNatural:(SN00403644 SN00368174);PubMed	3178562
15	1	N/A	-448.9439110345452	C15H18O7	[M + H]+	SCIDNYISLWFEKY	InChI=1S/C15H18O7/c1-7-4-9(16)6-10(17)12(7)14(19)22-13-11(18)5-8(2)21-15(13)20-3/h4,6,8,13,15-17H,5H2,1-3H3	[(2S,3S,6R)-2-methoxy-6-methyl-4-oxooxan-3-yl] 2,4-dihydroxy-6-methylbenzoate	CC1CC(=O)C(C(O1)OC)OC(=O)C2=C(C=C(C=C2C)O)O	1.89999998	11709350;73069410	COCONUT:(CNP0153160);Natural Products:(UNPD178619);PubChem:(11709350 73069410);SuperNatural:(SN00320304)	3178498
16	1	N/A	-454.4195184305127	C15H18O7	[M + H]+	LZSHEGYGSMDOTG	InChI=1S/C15H18O7/c1-7(16)9-5-15(22-12(9)17)4-3-8-10(15)6-21-14(19)11(8)13(18)20-2/h3-5,7-8,10-11,14,16,19H,6H2,1-2H3	null	CC(C1=CC2(C=CC3C2COC(C3C(=O)OC)O)OC1=O)O	0.600000024	123964288	COCONUT:(CNP0131646);Natural Products:(UNPD204202);PubChem:(123964288);PubMed	2129986
17	1	N/A	-477.46663560024456	C15H18O7	[M + H]+	DWCJGLPGZULWPZ	InChI=1S/C15H18O7/c1-5(2)14(18)6-11(17)22-8(14)7(16)12(3)13(4-20-13)9-10(21-9)15(6,12)19/h6-10,16,18-19H,1,4H2,2-3H3	Hyenanchin	CC(=C)C1(C2C(C3(C4(CO4)C5C(C3(C1C(=O)O2)O)O5)C)O)O	-1.60000002	94265;442276;5281481;22524144;23424087;25117037;102090455;118701356	COCONUT:(CNP0386944);KNApSAcK:(3324);PubChem:(94265 442276 5281481 22524144 23424087 25117037 102090455 118701356);SuperNatural:(SN00157077);CHEBI:(6737);MeSH:(442276 23424087 102090455 118701356);KEGG:(C09502);PubMed	3146102
18	1	N/A	-478.9201100282155	C15H18O7	[M + H]+	YWKBPMIFYCPBKO	InChI=1S/C15H18O7/c1-6-10-7(19-11(6)17)4-13(2)5-14(18)12(22-13)20-8-3-9(16)21-15(8,10)14/h6-8,10,12,18H,3-5H2,1-2H3	null	CC1C2C(CC3(CC4(C25C(CC(=O)O5)OC4O3)O)C)OC1=O	-0.400000006	21578069	COCONUT:(CNP0151366);Natural Products:(UNPD198574);PubChem:(21578069)	2129922
19	1	N/A	-485.59062100029007	C15H18O7	[M + H]+	DCMZJILQTBNYGX	InChI=1S/C15H18O7/c1-15(2,20)13(18)10(17)8-6-7-4-5-9(16)12(21-3)11(7)22-14(8)19/h4-6,10,13,16-18,20H,1-3H3	null	CC(C)(C(C(C1=CC2=C(C(=C(C=C2)O)OC)OC1=O)O)O)O	0.600000024	101722264	COCONUT:(CNP0160011);Natural Products:(UNPD172390);PubChem:(101722264);SuperNatural:(SN00231549)	3178498
20	1	N/A	-499.796866064538	C15H18O7	[M + H]+	HXUUMNXQBBQBOJ	InChI=1S/C15H18O7/c1-6-7(16)3-8-13(2)5-21-12(19)15(13,20)9-4-14(6,8)10(17)11(18)22-9/h3,6-7,9-10,16-17,20H,4-5H2,1-2H3	null	CC1C(C=C2C13CC(C4(C2(COC4=O)C)O)OC(=O)C3O)O	-0.899999976	11544087;11255338;10335540;21629990;134954491	COCONUT:(CNP0272216);KNApSAcK:(45147);Natural Products:(UNPD230440 UNPD60373 UNPD156280);PubChem:(11544087 11255338 10335540 21629990 134954491);SuperNatural:(SN00309227 SN00288292);PubMed	3178578
21	1	N/A	-505.2985431121969	C15H18O7	[M + H]+	BNMDTQMFJGEHPC	InChI=1S/C15H18O7/c1-13(2,18)4-5-11(16)21-7(4)9-14(3)6(12(17)22-9)8-10(20-8)15(5,14)19/h4-10,18-19H,1-3H3	null	CC12C3C4C(C1(C5C(C(C2OC3=O)OC5=O)C(C)(C)O)O)O4	-1.0	11920962;11920963;18557351;18557352;16407152;29146552;45934468;98139597;98139598;137324918	COCONUT:(CNP0244755);Natural Products:(UNPD38480);PubChem:(11920962 11920963 18557351 18557352 16407152 29146552 45934468 98139597 98139598 137324918);SuperNatural:(SN00076740 SN00097196);ZINC bio:(ZINC06624381 ZINC20759011)	3186690
22	1	N/A	-508.203510840501	C15H18O7	[M + H]+	KXYYBBVKQOHNOP	InChI=1S/C15H18O7/c1-6-3-7-15(19)12(2)5-20-11(17)14(12,18)8-4-13(6,15)9(21-7)10(16)22-8/h6-9,18-19H,3-5H2,1-2H3	null	CC1CC2C3(C14CC(C5(C3(COC5=O)C)O)OC(=O)C4O2)O	-0.400000006	44542226;46245454;102032374;102162950	COCONUT:(CNP0314089);Natural Products:(UNPD72796);PubChem:(44542226 46245454 102032374 102162950);SuperNatural:(SN00303396);MeSH:(102162950);PubMed	3178566
23	1	N/A	-509.0046764346624	C15H18O7	[M + H]+	MBNLVIXQRQMLBE	InChI=1S/C15H18O7/c1-15(2,19)11(16)7-21-10-6-9-8(4-5-12(17)22-9)13(18)14(10)20-3/h4-6,11,16,18-19H,7H2,1-3H3	null	CC(C)(C(COC1=C(C(=C2C=CC(=O)OC2=C1)O)OC)O)O	0.800000012	101919846	COCONUT:(CNP0299112);KNApSAcK:(19846);Natural Products:(UNPD54919);PubChem:(101919846)	2129938
24	1	N/A	-510.27992666800696	C15H18O7	[M + H]+	RVHZXKRJJQXPBX	InChI=1S/C15H18O7/c1-4(2)5-6-11(16)20-7(5)8-13(3)14(6,18)9-10(21-9)15(13,19)12(17)22-8/h4-10,18-19H,1-3H3	null	CC(C)C1C2C3C4(C(C1C(=O)O2)(C5C(C4(C(=O)O3)O)O5)O)C	-0.913884401	""	COCONUT:(CNP0157762);Natural Products:(UNPD174488);SuperNatural:(SN00303335)	3178496
25	1	N/A	-511.16226561667645	C15H18O7	[M + H]+	KDOXKRDIRCHNDT	InChI=1S/C15H18O7/c1-22-9-4-2-8(3-5-9)6-10-12(17)13(18)11(16)7-15(10,21)14(19)20/h2-5,10-11,13,16,18,21H,6-7H2,1H3,(H,19,20)	(1r,2r,4s,5r)-1,4,5-Trihydroxy-2-(4-Methoxybenzyl)-3-Oxocyclohexanecarboxylic Acid	COC1=CC=C(C=C1)CC2C(=O)C(C(CC2(C(=O)O)O)O)O	-0.400000006	46241616;46241904;72199517;72200842;70882851	PubChem:(46241616 46241904 72199517 72200842 70882851);PubMed;PubChem class - bio and metabolites	16777282
26	1	N/A	-511.7024903096832	C15H18O7	[M + H]+	VEEVVBLKBPKCLN	InChI=1S/C15H18O7/c1-6-7-3-14(18)12(2)5-20-11(17)15(12,19)8-4-13(6,14)9(21-7)10(16)22-8/h6-9,18-19H,3-5H2,1-2H3	null	CC1C2CC3(C14CC(C5(C3(COC5=O)C)O)OC(=O)C4O2)O	-0.400000006	101361613	COCONUT:(CNP0209287);Natural Products:(UNPD17027);PubChem:(101361613);SuperNatural:(SN00373152);MeSH:(101361613);PubMed	3178566
27	1	N/A	-516.3090448551748	C15H18O7	[M + H]+	DBCWVDSQDSUZCP	InChI=1S/C15H18O7/c1-7(16)3-9-6-10(17)13-8(5-12(19)20)4-11(18)14(21-2)15(13)22-9/h4,7,9,16,18H,3,5-6H2,1-2H3,(H,19,20)	null	CC(CC1CC(=O)C2=C(O1)C(=C(C=C2CC(=O)O)O)OC)O	0.600000024	101911799;101911800	COCONUT:(CNP0178650);PubChem:(101911799 101911800);PubMed	2097218
28	1	N/A	-516.4059617939326	C15H18O7	[M + H]+	OEGGHLYZTCPVMW	InChI=1S/C15H18O7/c1-7(16)3-9-6-10(17)13-8(5-12(19)22-9)4-11(18)15(21-2)14(13)20/h4,7,9,16,18,20H,3,5-6H2,1-2H3	null	CC(CC1CC(=O)C2=C(C(=C(C=C2CC(=O)O1)O)OC)O)O	1.20000005	73213226;139587266	PubChem:(73213226 139587266);COCONUT:(CNP0392391)	2097154
29	1	N/A	-518.8866971860983	C15H18O7	[M + H]+	FRJDBYLRUZXEQA	InChI=1S/C15H18O7/c1-7-3-9(16)6-10(17)13-8(5-12(19)22-7)4-11(18)15(21-2)14(13)20/h4,7,9,16,18,20H,3,5-6H2,1-2H3	(4S,6S)-6,9,11-trihydroxy-10-methoxy-4-methyl-4,5,6,7-tetrahydro-1H-3-benzoxecine-2,8-dione	CC1CC(CC(=O)C2=C(C(=C(C=C2CC(=O)O1)O)OC)O)O	1.20000005	60154235	PubChem:(60154235);COCONUT:(CNP0123163)	2097154
30	1	N/A	-521.1239296156377	C15H18O7	[M + H]+	GOIWXPYLOXGTTQ	InChI=1S/C15H18O7/c1-7-3-4-14(19)12(2)6-21-11(18)15(12,20)8-5-13(7,14)9(16)10(17)22-8/h3-4,7-9,16,19-20H,5-6H2,1-2H3	null	CC1C=CC2(C13CC(C4(C2(COC4=O)C)O)OC(=O)C3O)O	-0.699999988	14447800;21672429	COCONUT:(CNP0212439);KNApSAcK:(45165);Natural Products:(UNPD89893 UNPD70114 UNPD100560);PubChem:(14447800 21672429);SuperNatural:(SN00315965 SN00306808 SN00336558)	3178514
31	1	N/A	-524.3684197354042	C15H18O7	[M + H]+	WUEWJCUSVRCGFI	InChI=1S/C15H18O7/c1-6(17)3-7-8(5-16)14(20)11-9(18)4-10(22-2)15(21)12(11)13(7)19/h4,7-8,13,16,18-19,21H,3,5H2,1-2H3	null	CC(=O)CC1C(C(=O)C2=C(C1O)C(=C(C=C2O)OC)O)CO	-0.400000006	46938752	COCONUT:(CNP0134064);Natural Products:(UNPD199800);PubChem:(46938752);PubMed	2129986
32	1	N/A	-540.9899233352223	C15H18O7	[M + H]+	PKSKJUUWVGTFQJ	InChI=1S/C15H18O7/c1-6-8(16)3-15(20)13(6)4-9(22-11(18)10(13)17)7(2)14(15)5-21-12(14)19/h6-7,9-10,17,20H,3-5H2,1-2H3	ACMC-20dghq	CC1C2CC3(C(C(=O)CC3(C14COC4=O)O)C)C(C(=O)O2)O	-0.899999976	159578;375848;495480;90661837;101529009;102408600;137322919	COCONUT:(CNP0251901);KNApSAcK:(21769);Natural Products:(UNPD13626 UNPD9580);PubChem:(159578 375848 495480 90661837 101529009 102408600 137322919);SuperNatural:(SN00381538 SN00157831);MeSH:(159578);PubChem class - safety and toxic;PubMed	70287446
33	1	N/A	-544.018768651088	C15H18O7	[M + H]+	RYEFFICCPKWYML	InChI=1S/C15H18O7/c1-12(2,18)6-7-10(16)20-8(6)9-13(3)14(7,19)4-5-15(13,22-5)11(17)21-9/h5-9,18-19H,4H2,1-3H3	picrotin	CC12C3C4C(C(C1(CC5C2(O5)C(=O)O3)O)C(=O)O4)C(C)(C)O	-0.800000012	4815;689048;442291;3032291;5701986;5320589;5360689;5458940;6426914;6604154;6604946;6921865;13104804;16757859;16759290;18531116;22524997;23305083;23307259;23308427;23425894;24802495;24867523;50897672;53298484;57402146;71296879;88590524;92527264;91746218;98076171;98076172;98076174;98076175;97050498;98155503;117072375;122173038;124918736;124918737;124918738;124489626;129700528;131704482;137099561;138107236;139265192;138983925	HMDB:(240279);SuperNatural:(SN00006704 SN00159936);ZINC bio:(ZINC03995861 ZINC14655816 ZINC31771386 ZINC71404364);additional;MeSH:(442291);PubMed;NORMAN:(NS00041393);COCONUT:(CNP0211392);KNApSAcK:(3349);PubChem:(4815 689048 442291 3032291 5701986 5320589 5360689 5458940 6426914 6604154 6604946 6921865 13104804 16757859 16759290 18531116 22524997 23305083 23307259 23308427 23425894 24802495 24867523 50897672 53298484 57402146 71296879 88590524 92527264 91746218 98076171 98076172 98076174 98076175 97050498 98155503 117072375 122173038 124918736 124918737 124918738 124489626 129700528 131704482 137099561 138107236 139265192 138983925);CHEBI:(8205);PubChem class - bio and metabolites;KEGG:(C09528);PubChem class - safety and toxic;Training Set	87843198
34	1	N/A	-548.034089599928	C15H18O7	[M + H]+	SCOQIJBVVKZZHE	InChI=1S/C15H18O7/c1-14-10(18)2-3-11(19)15(14,21)13(20)12-8(17)4-7(6-16)5-9(12)22-14/h4-5,10-11,16-19,21H,2-3,6H2,1H3	Microdiplodiasol	CC12C(CCC(C1(C(=O)C3=C(C=C(C=C3O2)CO)O)O)O)O	-0.5	52937070	COCONUT:(CNP0194407);PubChem:(52937070);PubMed;CHEBI:(68283)	2097250
35	1	N/A	-548.218023347068	C15H18O7	[M + H]+	NIAPVSNRQAJRSB	InChI=1S/C15H18O7/c1-6(17)3-7-8(5-16)14(20)11-9(18)4-10(22-2)15(21)12(11)13(7)19/h4,6-8,16-18,21H,3,5H2,1-2H3	5,8-dihydroxy-2-(hydroxymethyl)-3-(2-hydroxypropyl)-6-methoxy-2,3-dihydronaphthalene-1,4-dione	CC(CC1C(C(=O)C2=C(C1=O)C(=C(C=C2O)OC)O)CO)O	1.0	20039320	COCONUT:(CNP0234788);Natural Products:(UNPD29388 UNPD35034);PubChem:(20039320);SuperNatural:(SN00274905 SN00343253)	3178498
36	1	N/A	-552.3329420265877	C15H18O7	[M + H]+	FMSCXBVRXBOZLV	InChI=1S/C15H18O7/c1-5(2)7-8(11(17)18)14(20)4-6-15(22-6)12(19)21-10(9(7)16)13(14,15)3/h6-10,16,20H,1,4H2,2-3H3,(H,17,18)	null	CC(=C)C1C(C2C3(C(C1C(=O)O)(CC4C3(O4)C(=O)O2)O)C)O	0.300000012	5320587	COCONUT:(CNP0399616);Natural Products:(UNPD150801);PubChem:(5320587);SuperNatural:(SN00375366);KEGG Mine	8593113090
37	1	N/A	-560.4942471583894	C15H18O7	[M + H]+	XPACPYUBNPRNDG	InChI=1S/C15H18O7/c1-7-3-4-14(19)12(2)6-21-11(18)15(12,20)8-5-13(7,14)9(16)10(17)22-8/h3,8-9,16,19-20H,4-6H2,1-2H3	null	CC1=CCC2(C13CC(C4(C2(COC4=O)C)O)OC(=O)C3O)O	-0.899999976	11141421;101792615	COCONUT:(CNP0406775);KNApSAcK:(45149);Natural Products:(UNPD14314 UNPD142066);PubChem:(11141421 101792615);SuperNatural:(SN00232106 SN00277836);MeSH:(11141421);PubMed	3178582
38	1	N/A	-582.6158980448445	C15H18O7	[M + H]+	UHLYLCLJRKLDOP	InChI=1S/C15H18O7/c1-15(20)4-6-7(5-22-15)13(18)10-8(16)3-9(21-2)14(19)11(10)12(6)17/h3,6-7,12,16-17,19-20H,4-5H2,1-2H3	null	CC1(CC2C(CO1)C(=O)C3=C(C2O)C(=C(C=C3O)OC)O)O	0.300000012	54756971;54758461;76188452;101537874;101537876	COCONUT:(CNP0132490);Natural Products:(UNPD202760 UNPD202763 UNPD202761 UNPD202762);PubChem:(54756971 54758461 76188452 101537874 101537876);PubMed	2129986
39	1	N/A	-592.8021428213013	C15H18O7	[M + H]+	RNIHHDCNVISFGS	InChI=1S/C15H18O7/c1-7-3-10-12-8(6-16)13(18)21-11(12)5-14(2,19)15(20,22-10)4-9(7)17/h5,7,10,16,19-20H,3-4,6H2,1-2H3	null	CC1CC2C3=C(C(=O)OC3=CC(C(O2)(CC1=O)O)(C)O)CO	-1.5	10968909;101228643	COCONUT:(CNP0179791);Natural Products:(UNPD121312 UNPD229231);PubChem:(10968909 101228643);SuperNatural:(SN00271631)	3178498
40	1	N/A	-599.3644951980394	C15H18O7	[M + H]+	YUHGKFNPDNMLHL	InChI=1S/C15H18O7/c1-7-3-4-13-11(2)6-20-9(16)14(11,18)8-5-12(7,13)15(19,21-8)10(17)22-13/h7-8,18-19H,3-6H2,1-2H3	null	CC1CCC23C14CC(C5(C2(COC5=O)C)O)OC4(C(=O)O3)O	-0.200000003	44542225;46245453;134949921	COCONUT:(CNP0195060);Natural Products:(UNPD166534);PubChem:(44542225 46245453 134949921);SuperNatural:(SN00360106);MeSH:(46245453);PubMed	3178566