structureRankPerFormula	formulaRank	ConfidenceScore	CSI:FingerIDScore	molecularFormula	adduct	InChIkey2D	InChI	name	smiles	xlogp	pubchemids	links	dbflags
1	1	0.2182091638961896	-119.97524251060369	C19H37NO5	[M - H2O + H]+	ULWDPUHFMOBGFJ	InChI=1S/C19H37NO5/c1-5-6-7-8-9-10-11-12-16(21)13-19(24)25-17(14-18(22)23)15-20(2,3)4/h16-17,21H,5-15H2,1-4H3/p+1	3-hydroxylauroylcarnitine	CCCCCCCCCC(CC(=O)OC(CC(=O)O)C[N+](C)(C)C)O	3.5999999	71464535;71464536;136212429;136212430	HMDB:(61638);PubChem:(71464535 71464536 136212429 136212430);YMDB Mine;CHEBI:(73056);PubChem class - bio and metabolites	34376515626
2	1	N/A	-155.51368608664473	C19H37NO5	[M - H2O + H]+	XNUNKAMICLSTHQ	InChI=1S/C19H37NO5/c1-2-3-4-5-6-7-8-9-16-25-17-10-13-20(14-11-18(21)22)15-12-19(23)24/h2-17H2,1H3,(H,21,22)(H,23,24)	3-[2-carboxyethyl(3-decoxypropyl)amino]propanoic acid	CCCCCCCCCCOCCCN(CCC(=O)O)CCC(=O)O	1.70000005	103056	PubChem:(103056);NORMAN:(NS00019414)	262146
3	1	N/A	-180.05405933650604	C19H37NO5	[M - H2O + H]+	PBBJEGGNZPXIGJ	InChI=1S/C19H37NO5/c1-5-6-7-8-9-10-11-12-13-17(21)19(24)25-16(14-18(22)23)15-20(2,3)4/h16-17,21H,5-15H2,1-4H3/p+1	2-Hydroxylauroylcarnitine	CCCCCCCCCCC(C(=O)OC(CC(=O)O)C[N+](C)(C)C)O	4.19999981	53481640;53481641	COCONUT:(CNP0001612);PubChem:(53481640 53481641);YMDB Mine;PubChem class - bio and metabolites	34378612738
4	1	N/A	-213.95292562634566	C19H37NO5	[M - H2O + H]+	VJJZUCVDBNEUFA	InChI=1S/C19H37NO5/c1-14-18(23)11-9-16(20-14)7-5-3-2-4-6-15(13-21)8-10-17(22)12-19(24)25/h14-18,20-23H,2-13H2,1H3,(H,24,25)	null	CC1C(CCC([NH2+]1)CCCCCCC(CCC(CC(=O)[O-])O)CO)O	0.0	""	COCONUT:(CNP0087575 CNP0244481);SuperNatural:(SN00164275)	3145728
5	1	N/A	-316.39961629118073	C19H37NO5	[M - H2O + H]+	BZLIDAVUQDTJQF	InChI=1S/C19H37NO5/c1-7-13(3)16(12-21)20-17(23)9-10-19(5,25-6)18(24)14(4)11-15(22)8-2/h9-10,13-16,18,21-22,24H,7-8,11-12H2,1-6H3,(H,20,23)	null	CCC(C)C(CO)NC(=O)C=CC(C)(C(C(C)CC(CC)O)O)OC	1.79999995	49818157	COCONUT:(CNP0325003);Natural Products:(UNPD8756);PubChem:(49818157);SuperNatural:(SN00300932)	3178498
1	1	N/A	-296.6575374693276	C19H35NO4	[M + H]+	CBWGHEDGUILASE	InChI=1S/C19H35NO4/c1-2-3-6-9-17(21)13-11-16-12-14-18(22)20(16)15-8-5-4-7-10-19(23)24/h16-17,21H,2-15H2,1H3,(H,23,24)	2-(3-hydroxyoctyl)-5-oxo-1-pyrrolidineheptanoic acid	CCCCCC(CCC1CCC(=O)N1CCCCCCC(=O)O)O	3.4000001	44269464;44269486;44269516;51522580;51522582;51522584;51522586	MeSH:(44269516);Training Set;PubChem:(44269464 44269486 44269516 51522580 51522582 51522584 51522586);PubMed;additional	540742
2	1	N/A	-358.8113759048442	C19H35NO4	[M + H]+	FULJNSPGRGQKCD	InChI=1S/C19H35NO4/c1-6-14(17(20)22)16(21)12(4)11-19(8-3)15(24-19)9-10-18(7-2)13(5)23-18/h12-16,21H,6-11H2,1-5H3,(H2,20,22)	(4r,5s)-3-[(2r,3s,4s)-2-Ethyl-5-[(3r)-2-Ethyl-3-[2-[(2r,3r)-2-Ethyl-3-Methyl-Oxiran-2-Yl]ethyl]oxiran-2-Yl]-3-Hydroxy-4-Methyl-Pentanoyl]-4-Methyl-5-Phenyl-1,3-Oxazolidin-2-One	CCC(C(C(C)CC1(C(O1)CCC2(C(O2)C)CC)CC)O)C(=O)N	2.5999999	56684133	PubChem:(56684133);PubChem class - bio and metabolites	16777218
3	1	N/A	-359.7613046188695	C19H35NO4	[M + H]+	ZBZBZKZOFHGNRD	InChI=1S/C19H35NO4/c1-5-6-7-8-9-10-11-12-13-14-19(23)24-17(20(2,3)4)15-16-18(21)22/h10-11,17H,5-9,12-16H2,1-4H3/p+1	null	CCCCCCC=CCCCC(=O)OC(CCC(=O)O)[N+](C)(C)C	4.4000001	91825571;91825572	PubChem:(91825571 91825572);CHEBI:(73053)	34
4	1	N/A	-365.2737255971208	C19H35NO4	[M + H]+	JEOZLTJHDSKQIT	InChI=1S/C19H35NO4/c1-5-6-7-8-9-10-11-12-13-14-19(23)24-17(20(2,3)4)15-16-18(21)22/h13-14,17H,5-12,15-16H2,1-4H3/p+1	trans-2-Dodecenoylcarnitine	CCCCCCCCCC=CC(=O)OC(CCC(=O)O)[N+](C)(C)C	5.19999981	53481671;53481672	COCONUT:(CNP0084166);YMDB:(1530);PubChem:(53481671 53481672);CHEBI:(89717)	2162722
5	1	N/A	-449.9006741385635	C19H35NO4	[M + H]+	TVKRNRXCYDYICD	InChI=1S/C19H35NO4/c1-5-8-17(3,22)15-10-13(2)11-19(24-15)12-20-9-6-7-14(20)18(4,23)16(19)21/h13-16,21-23H,5-12H2,1-4H3	null	CCCC(C)(C1CC(CC2(O1)CN3CCCC3C(C2O)(C)O)C)O	1.39999998	91695446;100987481	COCONUT:(CNP0184809);Natural Products:(UNPD118636);PubChem:(91695446 100987481);SuperNatural:(SN00296084)	3178498