formulaRank	molecularFormula	adduct	precursorFormula	ZodiacScore	SiriusScore	TreeScore	IsotopeScore	numExplainedPeaks	explainedIntensity	medianMassErrorFragmentPeaks(ppm)	medianAbsoluteMassErrorFragmentPeaks(ppm)	massErrorPrecursor(ppm)	lipidClass
1	C20H39N5O6	[M + Na]+	C20H39N5O6	0.6467336683417086	4.703988573298464	1.0000000000000004	3.703988573298463	1	0.0	NaN	NaN	0.8442218436944572	
2	C22H37N5O6	[M + H]+	C22H37N5O6	0.29145728643216084	3.933481541932971	1.0	2.933481541932971	1	0.0	NaN	NaN	-4.293067380953955	
3	C25H39N3O4	[M + Na]+	C25H39N3O4	0.0492462311557789	1.973932737241738	1.0	0.9739327372417379	1	0.0	NaN	NaN	-7.746285986519517	
4	C26H34FN5O2	[M + H]+	C26H34FN5O2	0.0050251256281407045	-0.6094379124341003	-0.6094379124341003	0.0	1	0.0	NaN	NaN	5.808494794636384	
5	C25H41NO5S	[M + H]+	C25H41NO5S	0.004020100502512563	-0.6094379124341003	-0.6094379124341003	0.0	1	0.0	NaN	NaN	3.9060760155129537	
6	C24H39N5OS	[M + Na]+	C24H39N5OS	0.0035175879396984935	-0.6094379124341003	-0.6094379124341003	0.0	1	0.0	NaN	NaN	6.18739658984275	
