structureRankPerFormula	formulaRank	ConfidenceScore	CSI:FingerIDScore	molecularFormula	adduct	InChIkey2D	InChI	name	smiles	xlogp	pubchemids	links	dbflags
1	1	0.09196976100820346	-461.94406829594465	C25H35N5O6	[M + H]+	DXLCLVHVNXYTJQ	InChI=1S/C25H35N5O6/c1-4-14(2)21-25(36)27-15(3)22(33)26-13-20(32)30-11-5-6-19(30)24(35)28-18(23(34)29-21)12-16-7-9-17(31)10-8-16/h7-10,14-15,18-19,21,31H,4-6,11-13H2,1-3H3,(H,26,33)(H,27,36)(H,28,35)(H,29,34)	null	CCC(C)C1C(=O)NC(C(=O)NCC(=O)N2CCCC2C(=O)NC(C(=O)N1)CC3=CC=C(C=C3)O)C	0.989755273	""	COCONUT:(CNP0175559)	2097152
2	1	N/A	-476.7378628730194	C25H35N5O6	[M + H]+	DBUMGRDLKHIWEI	InChI=1S/C25H35N5O6/c1-14(2)11-18-23(34)27-15(3)22(33)26-13-21(32)30-10-4-5-20(30)25(36)29-19(24(35)28-18)12-16-6-8-17(31)9-7-16/h6-9,14-15,18-20,31H,4-5,10-13H2,1-3H3,(H,26,33)(H,27,34)(H,28,35)(H,29,36)	null	CC1C(=O)NCC(=O)N2CCCC2C(=O)NC(C(=O)NC(C(=O)N1)CC(C)C)CC3=CC=C(C=C3)O	1.20000005	10391309	COCONUT:(CNP0248346);Natural Products:(UNPD75079);PubChem:(10391309);SuperNatural:(SN00160964);MeSH:(10391309);PubMed	3178566
3	1	N/A	-502.64230447385404	C25H35N5O6	[M + H]+	QVPGTVRJQRWWFX	InChI=1S/C25H35N5O6/c1-3-16-22(33)29-19(14-31)23(34)28-18(15-9-6-5-7-10-15)13-21(32)26-17(4-2)25(36)30-12-8-11-20(30)24(35)27-16/h5-7,9-10,16-20,31H,3-4,8,11-14H2,1-2H3,(H,26,32)(H,27,35)(H,28,34)(H,29,33)	(3S,7R,10S,13S,16S)-3,13-diethyl-10-(hydroxymethyl)-7-phenyl-1,4,8,11,14-pentazabicyclo[14.3.0]nonadecane-2,5,9,12,15-pentone	CCC1C(=O)NC(C(=O)NC(CC(=O)NC(C(=O)N2CCCC2C(=O)N1)CC)C3=CC=CC=C3)CO	0.600000024	11762842	COCONUT:(CNP0227381);Natural Products:(UNPD68598);PubChem:(11762842);SuperNatural:(SN00325447)	3178498
4	1	N/A	-728.5921448336857	C25H35N5O6	[M + H]+	SJSVZSPSNORISU	InChI=1S/C25H35N5O6/c1-6-18-25(35)36-15(5)20(30-22(32)17(26)12-16-10-8-7-9-11-16)24(34)29-19(13(2)3)23(33)27-14(4)21(31)28-18/h6-11,13-15,17,19-20H,12,26H2,1-5H3,(H,27,33)(H,28,31)(H,29,34)(H,30,32)	null	CC=C1C(=O)OC(C(C(=O)NC(C(=O)NC(C(=O)N1)C)C(C)C)NC(=O)C(CC2=CC=CC=C2)N)C	1.5	53259745;139583516	PubChem:(53259745 139583516);COCONUT:(CNP0361569)	2097154
5	1	N/A	-734.2826884586648	C25H35N5O6	[M + H]+	KJZBTGMKNSYDML	InChI=1S/C25H35N5O6/c26-22(33)18(10-14-13-27-17-9-5-4-8-16(14)17)29-23(34)25(36)11-19(21(32)20(31)12-25)30-24(35)28-15-6-2-1-3-7-15/h4-5,8-9,13,15,18-21,27,31-32,36H,1-3,6-7,10-12H2,(H2,26,33)(H,29,34)(H2,28,30,35)	N-[1-amino-3-(1H-indol-3-yl)-1-oxopropan-2-yl]-3-(cyclohexylcarbamoylamino)-1,4,5-trihydroxycyclohexane-1-carboxamide	C1CCC(CC1)NC(=O)NC2CC(CC(C2O)O)(C(=O)NC(CC3=CNC4=CC=CC=C43)C(=O)N)O	0.637304306	3873803;7134508	COCONUT:(CNP0277726);PubChem:(3873803 7134508);ZINC bio:(ZINC04221861)	2105346
1	1	N/A	-817.1081162145174	C25H37N5O7	[M - H2O + H]+	LOVDUMUKEDKMGN	InChI=1S/C25H37N5O7/c1-17(2)26-24(33)29-9-10-30(25(34)28-11-13-37-14-12-28)21(16-29)22(31)27-20(23(32)36-4)15-18-5-7-19(35-3)8-6-18/h5-8,17,20-21H,9-16H2,1-4H3,(H,26,33)(H,27,31)	methyl (2S)-3-(4-methoxyphenyl)-2-[[(2S)-1-(morpholine-4-carbonyl)-4-(propan-2-ylcarbamoyl)piperazine-2-carbonyl]amino]propanoate	CC(C)NC(=O)N1CCN(C(C1)C(=O)NC(CC2=CC=C(C=C2)OC)C(=O)OC)C(=O)N3CCOCC3	0.5	7164836	COCONUT:(CNP0055710);PubChem:(7164836);SuperNatural:(SN00010875);ZINC bio:(ZINC04277793)	3153922