structureRankPerFormula	formulaRank	ConfidenceScore	CSI:FingerIDScore	molecularFormula	adduct	InChIkey2D	InChI	name	smiles	xlogp	pubchemids	links	dbflags
1	1	N/A	-810.7863493490668	C20H29N5O6	[M + H]+	YNZXWQJZEDLQEG	InChI=1S/C20H29N5O6/c1-20(2,27)11-31-19(26)25-8-6-24(7-9-25)18-22-14-12(17(21)23-18)10-13(28-3)15(29-4)16(14)30-5/h10,27H,6-9,11H2,1-5H3,(H2,21,22,23)	Trimazosine	CC(C)(COC(=O)N1CCN(CC1)C2=NC3=C(C(=C(C=C3C(=N2)N)OC)OC)OC)O	1.20000005	37264;71752797	NORMAN:(NS00002820);COCONUT:(CNP0410794);PubChem:(37264 71752797);CHEBI:(135710);ZINC bio:(ZINC00601252);additional;MeSH:(37264);PubMed	2891878
1	2	0.037202404285585265	-613.125662067627	C18H31N5O6	[M + Na]+	GIBQQARAXHVEGD	InChI=1S/C18H31N5O6/c1-9(24)13(19)18(29)23-8-4-6-12(23)17(28)22-7-3-5-11(22)16(27)21-14(10(2)25)15(20)26/h9-14,24-25H,3-8,19H2,1-2H3,(H2,20,26)(H,21,27)	TPPT-amide	CC(C(C(=O)N1CCCC1C(=O)N2CCCC2C(=O)NC(C(C)O)C(=O)N)N)O	-2.79999995	14539799;14539800;44317616;67114912;71036515;70232549;70307922;75358280;89536218;118058804;118687280;118421941;126611514;126611517;126615419;126616054;126684193;126689959;126455796;130237988;130237991;130238035;130262561;134692364;134692366;134487323;138468791	COCONUT:(CNP0354711);PubChem:(14539799 14539800 44317616 67114912 71036515 70232549 70307922 75358280 89536218 118058804 118687280 118421941 126611514 126611517 126615419 126616054 126684193 126689959 126455796 130237988 130237991 130238035 130262561 134692364 134692366 134487323 138468791);PubChem class - bio and metabolites;MeSH:(14539800);PubMed;PubChem class - drug	52428870
2	2	N/A	-614.1320364019059	C18H31N5O6	[M + Na]+	NGRUVTMTINLBOI	InChI=1S/C18H31N5O6/c19-13(17(26)27)3-1-2-12(10(8-24)4-5-14(20)18(28)29)16(25)15(21)6-11-7-22-9-23-11/h7,9-10,12-15,24H,1-6,8,19-21H2,(H,22,23)(H,26,27)(H,28,29)	Aldol-histidine	C1=C(NC=N1)CC(C(=O)C(CCCC(C(=O)O)N)C(CCC(C(=O)O)N)CO)N	-6.69999981	3016027	PubChem:(3016027);MeSH:(3016027)	6
3	2	N/A	-644.3776617546841	C18H31N5O6	[M + Na]+	QMQOULNLXUTAGV	InChI=1S/C18H31N5O6/c1-11(20-10-24)15(25)21-12(2)17(27)23-9-5-7-14(23)16(26)22-13(18(28)29)6-3-4-8-19/h10-14H,3-9,19H2,1-2H3,(H,20,24)(H,21,25)(H,22,26)(H,28,29)	(2S)-6-amino-2-[[(2S)-1-[(2S)-2-[[(2S)-2-formamidopropanoyl]amino]propanoyl]pyrrolidine-2-carbonyl]amino]hexanoic acid	CC(C(=O)NC(C)C(=O)N1CCCC1C(=O)NC(CCCCN)C(=O)O)NC=O	-1.10734165	6852152	PubChem:(6852152);PubChem class - bio and metabolites	16777218
4	2	N/A	-684.3284737129745	C18H31N5O6	[M + Na]+	BGCOQYLVQDKEMU	InChI=1S/C18H31N5O6/c1-12(2)19-17(26)22-5-6-23(18(27)21-7-9-29-10-8-21)14(11-22)15(24)20-13(3)16(25)28-4/h12-14H,5-11H2,1-4H3,(H,19,26)(H,20,24)	methyl (2R)-2-[[(2S)-1-(morpholine-4-carbonyl)-4-(propan-2-ylcarbamoyl)piperazine-2-carbonyl]amino]propanoate	CC(C)NC(=O)N1CCN(C(C1)C(=O)NC(C)C(=O)OC)C(=O)N2CCOCC2	-1.0	7663841	COCONUT:(CNP0235330);PubChem:(7663841);SuperNatural:(SN00011977);ZINC bio:(ZINC05398468)	3153922