structureRankPerFormula	formulaRank	ConfidenceScore	CSI:FingerIDScore	molecularFormula	adduct	InChIkey2D	InChI	name	smiles	xlogp	pubchemids	links	dbflags
1	1	N/A	-91.2820781923951	C6H8O4	[M - H2O + H]+	MTLYRGWHJZKDFQ	InChI=1S/C6H8O4/c1-4(7)2-5(8)3-6(9)10/h2-3,7-8H,1H3,(H,9,10)	4,6,6-trihydroxyhexa-3,5-dien-2-one	CC(=CC(=CC(=O)O)O)O	0.699999988	54708142;54719885;54723849;54740343;101474533	PubChem:(54708142 54719885 54723849 54740343 101474533);Biocyc:(TRIACETATE);KEGG Mine	8589936642
2	1	N/A	-92.52519387095765	C6H8O4	[M - H2O + H]+	WKRBKYFIJPGYQC	InChI=1S/C6H8O4/c1-4(2-5(7)8)3-6(9)10/h2H,3H2,1H3,(H,7,8)(H,9,10)	3-Methylglutaconate	CC(=CC(=O)O)CC(=O)O	0.300000012	1551552;1551553;99884;911525;5539754;6994904;71309533	HMDB:(522);SuperNatural:(SN00283057 SN00317699 SN00074620);ZINC bio:(ZINC04278207 ZINC04712490);MeSH:(99884 1551553);PubMed;COCONUT:(CNP0045566 CNP0273372);Natural Products:(UNPD145288 UNPD43669);PubChem:(1551552 1551553 99884 911525 5539754 6994904 71309533);CHEBI:(144330 37245);PubChem class - bio and metabolites;EcoCyc Mine;PubChem class - safety and toxic;Biocyc:(CPD-16576);KEGG Mine	25856878702
3	1	N/A	-93.32760078126407	C6H8O4	[M - H2O + H]+	NRSMWHGLCNBZSO	InChI=1S/C6H8O4/c1-2-4(6(9)10)3-5(7)8/h2H,3H2,1H3,(H,7,8)(H,9,10)	3-Methylitaconate	CC=C(CC(=O)O)C(=O)O	0.100000001	128159;6438940;14662356;57452110	PubChem:(128159 6438940 14662356 57452110);YMDB Mine;EcoCyc Mine;MeSH:(128159 6438940);PubMed;KEGG Mine	60129542214
4	1	N/A	-100.66458923223114	C6H8O4	[M - H2O + H]+	YRYDCWGBHNTXLE	InChI=1S/C6H8O4/c7-4-2-1-3-5(8)6(9)10/h1-3,7-8H,4H2,(H,9,10)	null	C(C=CC=C(C(=O)O)O)O	-0.100000001	137348501	PubChem:(137348501);KEGG Mine;PubChem class - bio and metabolites	8606711810
5	1	N/A	-101.19411814812396	C6H8O4	[M - H2O + H]+	CWNNYYIZGGDCHS	InChI=1S/C6H8O4/c1-4(6(9)10)2-3-5(7)8/h1-3H2,(H,7,8)(H,9,10)	2-Methyleneglutarate	C=C(CCC(=O)O)C(=O)O	0.100000001	95155;21703573;21900106;21242171;101215566	PubChem:(95155 21703573 21900106 21242171 101215566);YMDB Mine;CHEBI:(58056 17207);ZINC bio:(ZINC00901561);PubChem class - bio and metabolites;MeSH:(95155 21703573);KEGG:(C02930);PubMed;Biocyc:(2-CH2-GLUTARATE CPD-15100)	34376526182
6	1	N/A	-107.17513723271604	C6H8O4	[M - H2O + H]+	OIYTYGOUZOARSH	InChI=1S/C6H8O4/c1-4(6(8)9)3-5(7)10-2/h1,3H2,2H3,(H,8,9)	4-Methyl itaconate	COC(=O)CC(=C)C(=O)O	0.200000003	81791;6994944	NORMAN:(NS00037509);COCONUT:(CNP0268165);Natural Products:(UNPD145148);PubChem:(81791 6994944);SuperNatural:(SN00385586);YMDB Mine;ZINC bio:(ZINC01728092);EcoCyc Mine;PubChem class - safety and toxic;KEGG Mine	60200099842
7	1	N/A	-111.47303902236665	C6H8O4	[M - H2O + H]+	IZFHMLDRUVYBGK	InChI=1S/C6H8O4/c1-3(5(7)8)4(2)6(9)10/h4H,1H2,2H3,(H,7,8)(H,9,10)	Probes1_000287	CC(C(=C)C(=O)O)C(=O)O	0.400000006	439700;12883954;19428807;21879740;53943099;90658751;101215561;101215562;101215563;101215564;101215565	PubChem:(439700 12883954 19428807 21879740 53943099 90658751 101215561 101215562 101215563 101215564 101215565);CHEBI:(57637 16093);ZINC bio:(ZINC00901339 ZINC00901341);PubChem class - bio and metabolites;KEGG:(C02295);Plantcyc:(2CH2-3CH3-SUCC);PubMed;Biocyc:(2CH2-3CH3-SUCC OLIGOPEPTIDE)	16918882
8	1	N/A	-111.51731524416869	C6H8O4	[M - H2O + H]+	HSBSUGYTMJWPAX	InChI=1S/C6H8O4/c7-5(8)3-1-2-4-6(9)10/h1,3H,2,4H2,(H,7,8)(H,9,10)	2-Hexenedioic acid	C(CC(=O)O)C=CC(=O)O	0.0	10877230;20027755;16214781;53440600	COCONUT:(CNP0419680);HMDB:(13311);Natural Products:(UNPD169139);PubChem:(10877230 20027755 16214781 53440600);YMDB Mine;CHEBI:(49296 36192);ZINC bio:(ZINC59724760);PubChem class - bio and metabolites;EcoCyc Mine;PubMed;KEGG Mine	60148457578
9	1	N/A	-111.87805037593235	C6H8O4	[M - H2O + H]+	JKGHDBJDBRBRNA	InChI=1S/C6H8O4/c1-4(6(9)10)2-3-5(7)8/h2H,3H2,1H3,(H,7,8)(H,9,10)	2-Methylglutaconic acid	CC(=CCC(=O)O)C(=O)O	0.100000001	193896;5787763;6368126;17935310;20849165	COCONUT:(CNP0023661);HMDB:(2266);PubChem:(193896 5787763 6368126 17935310 20849165);SuperNatural:(SN00216165);YMDB Mine;PubChem class - bio and metabolites;EcoCyc Mine;MeSH:(6368126);PubMed;KEGG Mine	60149465166
10	1	N/A	-112.68188638229984	C6H8O4	[M - H2O + H]+	KBFJHOCTSIMQKL	InChI=1S/C6H8O4/c1-4(3-5(7)8)6(9)10-2/h1,3H2,2H3,(H,7,8)	Metadimex	COC(=O)C(=C)CC(=O)O	0.200000003	4613903;21569962	NORMAN:(NS00050203);PubChem:(4613903 21569962);YMDB Mine;ZINC bio:(ZINC05669507);EcoCyc Mine;Training Set;PubMed;KEGG Mine	60129828930
11	1	N/A	-115.6618480628928	C6H8O4	[M - H2O + H]+	ILJSQTXMGCGYMG	InChI=1S/C6H8O4/c1-4(7)2-5(8)3-6(9)10/h2-3H2,1H3,(H,9,10)	Triacetate	CC(=O)CC(=O)CC(=O)O	-0.5	5459844;20397298	KEGG:(C01757);PubChem:(5459844 20397298);PubMed;CHEBI:(57814 16558)	354
12	1	N/A	-116.59075359319527	C6H8O4	[M - H2O + H]+	CGBYBGVMDAPUIH	InChI=1S/C6H8O4/c1-3(5(7)8)4(2)6(9)10/h1-2H3,(H,7,8)(H,9,10)	Dimethylmaleate	CC(=C(C)C(=O)O)C(=O)O	0.300000012	10262;3032309;5371506;5459894;53249654	HMDB:(36232);ZINC bio:(ZINC04654603);Plantcyc:(DIMETHYLMAL-CPD);PubMed;COCONUT:(CNP0229389);Natural Products:(UNPD135054);PubChem:(10262 3032309 5371506 5459894 53249654);YMDB Mine;CHEBI:(136689 23812 17081);PubChem class - bio and metabolites;EcoCyc Mine;KEGG:(C00922);PubChem class - safety and toxic;Biocyc:(DIMETHYLMAL-CPD)	51625765226
13	1	N/A	-136.70551608567402	C6H8O4	[M - H2O + H]+	YHGNXQAFNHCBTK	InChI=1S/C6H8O4/c7-5(8)3-1-2-4-6(9)10/h1-2H,3-4H2,(H,7,8)(H,9,10)	bmse000596	C(C=CCC(=O)O)C(=O)O	-0.100000001	107550;5771588;5351896;6995078	HMDB:(393);SuperNatural:(SN00215755);ZINC bio:(ZINC01736714);additional;MeSH:(5351896);PubMed;NORMAN:(NS00022194);COCONUT:(CNP0098647);PubChem:(107550 5771588 5351896 6995078);CHEBI:(87166 86952);PubChem class - bio and metabolites;PubChem class - safety and toxic;Training Set;KEGG Mine	8677777518
14	1	N/A	-137.219351932095	C6H8O4	[M - H2O + H]+	OMHOEQINEXASKE	InChI=1S/C6H8O4/c1-4(7)3-5(8)6(9)10-2/h3H2,1-2H3	Methyl acetopyruvate	CC(=O)CC(=O)C(=O)OC	-0.100000001	88600	NORMAN:(NS00026691);PubChem class - safety and toxic;PubChem:(88600);PubMed;KEGG Mine	8657305666
15	1	N/A	-143.11952315759606	C6H8O4	[M - H2O + H]+	LOWXIIGCOBSYKX	InChI=1S/C6H8O4/c7-5-1-2-6(8)10-4-3-9-5/h1-4H2	1,4-Dioxocane-5,8-dione	C1CC(=O)OCCOC1=O	-0.400000006	89118	PubChem:(89118);NORMAN:(NS00027006)	262146
16	1	N/A	-145.07560464858838	C6H8O4	[M - H2O + H]+	LYHBGVUSOICOJU	InChI=1S/C6H8O4/c1-2-10-6(9)4-3-5(7)8/h2H,1,3-4H2,(H,7,8)	Vinyl hydrogen succinate	C=COC(=O)CCC(=O)O	0.0	6452009	PubChem:(6452009);NORMAN:(NS00031465)	262146
17	1	N/A	-147.46987132983145	C6H8O4	[M - H2O + H]+	DBJHHAAUYAIFCX	InChI=1S/C6H8O4/c7-3-1-9-6-4(8)2-10-5(3)6/h3,5-7H,1-2H2	1,4:3,6-Dianhydrohex-2-ulose	C1C(C2C(O1)C(=O)CO2)O	-1.20000005	13516879;13516880;13516881;13516882;58500193;89774170	PubChem:(13516879 13516880 13516881 13516882 58500193 89774170);NORMAN:(NS00065759)	262146
18	1	N/A	-147.89129040880795	C6H8O4	[M - H2O + H]+	HMFLBGNCDZYITR	InChI=1S/C6H8O4/c1-2-10-6(9)5(3-7)4-8/h3-5H,2H2,1H3	ethyl 2-formyl-3-oxopropanoate	CCOC(=O)C(C=O)C=O	-0.200000003	11029955	PubChem class - safety and toxic;PubChem:(11029955);PubMed	67108930
19	1	N/A	-152.20040639984407	C6H8O4	[M - H2O + H]+	KTLZQSZGORXBED	InChI=1S/C6H8O4/c1-4(5(7)9-2)6(8)10-3/h1H2,2-3H3	Dimethyl methylenemalonate	COC(=O)C(=C)C(=O)OC	0.800000012	76906	NORMAN:(NS00029543);PubChem:(76906);PubMed	262210
20	1	N/A	-152.20130318844542	C6H8O4	[M - H2O + H]+	ZDZVKPXKLLLOOA	InChI=1S/C6H8O4/c1-2-3-4(5(7)8)6(9)10/h2,4H,1,3H2,(H,7,8)(H,9,10)	Allylmalonic acid	C=CCC(C(=O)O)C(=O)O	0.600000024	75748;7067607	NORMAN:(NS00027976);MeSH:(75748);PubChem class - safety and toxic;PubChem:(75748 7067607);PubMed	67371078
21	1	N/A	-153.40501239123276	C6H8O4	[M - H2O + H]+	XOTJGHCMZOLIPX	InChI=1S/C6H8O4/c7-3-5-4-2(1-8-5)9-6(3)10-4/h2-7H,1H2	1,4:3,6-Dianhydro-.alpha.-d-glucopyranose	C1C2C3C(O1)C(C(O2)O3)O	-1.20000005	549469;22213879;23268959;67203770;101593148;101593149;101213830;102160760;130762426;130804937;130842665;130890823;130944410;131004395;131018818;130990861;131020366;131106650;131194804;138113822;139351385	COCONUT:(CNP0312463);Natural Products:(UNPD70761);PubChem:(549469 22213879 23268959 67203770 101593148 101593149 101213830 102160760 130762426 130804937 130842665 130890823 130944410 131004395 131018818 130990861 131020366 131106650 131194804 138113822 139351385);SuperNatural:(SN00331787);PubMed	3178562
22	1	N/A	-156.01947251187266	C6H8O4	[M - H2O + H]+	JNBLCHLVUYMNLH	InChI=1S/C6H8O4/c1-4(7)9-6(3)10-5(2)8/h3H2,1-2H3	Vinylidene diacetate	CC(=O)OC(=C)OC(=O)C	0.600000024	81698	PubChem:(81698);NORMAN:(NS00044003)	262146
23	1	N/A	-156.64088092333714	C6H8O4	[M - H2O + H]+	CYUZOYPRAQASLN	InChI=1S/C6H8O4/c1-2-6(9)10-4-3-5(7)8/h2H,1,3-4H2,(H,7,8)	Sipomer B-CEA	C=CC(=O)OCCC(=O)O	0.200000003	90558;23431899	NORMAN:(NS00019712);PubChem:(90558 23431899);PubChem class - bio and metabolites;MeSH:(90558);PubChem class - safety and toxic;PubMed	84148294
24	1	N/A	-157.91742998799987	C6H8O4	[M - H2O + H]+	BGMFJTUTJOZHHZ	InChI=1S/C6H8O4/c1-4(3-5(7)8)6(9)10-2/h3H,1-2H3,(H,7,8)	(Z)-4-methoxy-3-methyl-4-oxobut-2-enoate	CC(=CC(=O)O)C(=O)OC	0.300000012	11521098;11789320;23260266;53680793;71404762	COCONUT:(CNP0215692);Natural Products:(UNPD50745);PubChem:(11521098 11789320 23260266 53680793 71404762);SuperNatural:(SN00394125);YMDB Mine;ZINC bio:(ZINC13509194);EcoCyc Mine;KEGG Mine	60132728834
25	1	N/A	-158.36022772531174	C6H8O4	[M - H2O + H]+	ZKKWNLUNMKLFKO	InChI=1S/C6H8O4/c7-2-5(9)6-1-4(8)3-10-6/h1,5,7,9H,2-3H2	5-Diohet-3-furanone	C1C(=O)C=C(O1)C(CO)O	-1.5	197384	MeSH:(197384);PubChem:(197384);PubMed	70
26	1	N/A	-158.51805504467487	C6H8O4	[M - H2O + H]+	OMQDECJEMJISHX	InChI=1S/C6H8O4/c7-2-4-1-5(8)6(9)3-10-4/h1,5,7-8H,2-3H2	4-hydroxy-6-(hydroxymethyl)-4H-pyran-3-one	C1C(=O)C(C=C(O1)CO)O	-1.10000002	5326557	PubChem:(5326557);KEGG Mine;PubChem class - bio and metabolites	8606711810
27	1	N/A	-160.49222864401276	C6H8O4	[M - H2O + H]+	OLUFKMOMLQRPFO	InChI=1S/C6H8O4/c7-5(8)1-4-2-6(9)10-3-4/h4H,1-3H2,(H,7,8)	2-(5-oxooxolan-3-yl)acetate	C1C(COC1=O)CC(=O)O	-0.400000006	21927830;21927831;92469155;92469156	COCONUT:(CNP0303223);Natural Products:(UNPD59640);PubChem:(21927830 21927831 92469155 92469156);SuperNatural:(SN00304802);ZINC bio:(ZINC14724379 ZINC14724381)	3186690
28	1	N/A	-167.87543106435717	C6H8O4	[M - H2O + H]+	CCQPAEQGAVNNIA	InChI=1S/C6H8O4/c7-4(8)6(5(9)10)2-1-3-6/h1-3H2,(H,7,8)(H,9,10)	cbdca(2-)	C1CC(C1)(C(=O)O)C(=O)O	0.400000006	2568;4315819;5237030;6857484;19786399;45038557;54752016	NORMAN:(NS00044937);PubChem:(2568 4315819 5237030 6857484 19786399 45038557 54752016);CHEBI:(35694 35691 35690);ZINC bio:(ZINC00404340);MeSH:(5237030);PubChem class - safety and toxic;PubMed;PubChem class - drug	100933734
29	1	N/A	-170.08437062545582	C6H8O4	[M - H2O + H]+	VHEINOKIVZLNRP	InChI=1S/C6H8O4/c1-2-4(7)3-5(8)6(9)10/h3,8H,2H2,1H3,(H,9,10)	null	CCC(=O)C=C(C(=O)O)O	0.600000024	55302558;76225904;122706421;133675189	PubChem:(55302558 76225904 122706421 133675189);PubChem class - bio and metabolites	16777218
30	1	N/A	-170.47072584894426	C6H8O4	[M - H2O + H]+	GOWOXOGJNQLOIL	InChI=1S/C6H8O4/c1-3-6(9)4(7)2-5(8)10-3/h2-3,6-7,9H,1H3	null	CC1C(C(=CC(=O)O1)O)O	-0.600000024	101408294	COCONUT:(CNP0109001);Natural Products:(UNPD151322);PubChem:(101408294);SuperNatural:(SN00391134)	3178498
31	1	N/A	-173.62693501173922	C6H8O4	[M - H2O + H]+	WNKYVCKDIDTELO	InChI=1S/C6H8O4/c7-3-4-1-2-5(8)6(9)10-4/h1-2,4,6-7,9H,3H2	(2R)-6-hydroxy-2-(hydroxymethyl)-2H-pyran-5-one	C1=CC(=O)C(OC1CO)O	-1.20000005	9833988;9833989;9877399;9942174;15485369;15485370;22976356	PubChem:(9833988 9833989 9877399 9942174 15485369 15485370 22976356);PubChem class - safety and toxic	67108866
32	1	N/A	-174.34370268889703	C6H8O4	[M - H2O + H]+	XUKJGZOHRVCEJL	InChI=1S/C6H8O4/c7-2-4-1-5(8)6(9)3-10-4/h1,4,7-8H,2-3H2	ascopyrone M	C1C(=O)C(=CC(O1)CO)O	-0.800000012	9855505;20752067;25202261	PubChem:(9855505 20752067 25202261);CHEBI:(50070 58806);PubChem class - bio and metabolites;KEGG:(C19822);PubMed;Biocyc:(CPD-9432)	16779618
33	1	N/A	-174.89972748702877	C6H8O4	[M - H2O + H]+	SUSAGCZZQKACKE	InChI=1S/C6H8O4/c7-5(8)3-1-2-4(3)6(9)10/h3-4H,1-2H2,(H,7,8)(H,9,10)	ACMC-20ajfs	C1CC(C1C(=O)O)C(=O)O	-0.200000003	14297;854164;6544483;10888028;11860410;21713164;70004981;86295118;102172428;135193426	NORMAN:(NS00045296);PubChem class - safety and toxic;PubChem:(14297 854164 6544483 10888028 11860410 21713164 70004981 86295118 102172428 135193426);PubMed	67371074
34	1	N/A	-175.88071791673113	C6H8O4	[M - H2O + H]+	WXUISPWOIMGQAO	InChI=1S/C6H8O4/c1-3-4(5(7)8)2-10-6(3)9/h3-4H,2H2,1H3,(H,7,8)	4-methyl-5-oxooxolane-3-carboxylic acid	CC1C(COC1=O)C(=O)O	-0.100000001	3812488;6951611;6951607;6951608;6951609;6951610;6951612;6951613;6951614	COCONUT:(CNP0122387);Natural Products:(UNPD220118);PubChem:(3812488 6951611 6951607 6951608 6951609 6951610 6951612 6951613 6951614)	2129922
35	1	N/A	-178.4717164542676	C6H8O4	[M - H2O + H]+	GXHFUVWIGNLZSC	InChI=1S/C6H8O4/c1-6(2)9-4(7)3-5(8)10-6/h3H2,1-2H3	2,6-dione	CC1(OC(=O)CC(=O)O1)C	0.600000024	16249;10749307;11367066;135026179	NORMAN:(NS00005683);COCONUT:(CNP0197041);PubChem:(16249 10749307 11367066 135026179);SuperNatural:(SN00119972);ZINC bio:(ZINC01697324);MeSH:(16249);PubChem class - safety and toxic;PubMed	70524998
36	1	N/A	-179.6739558167803	C6H8O4	[M - H2O + H]+	LDCRTTXIJACKKU	InChI=1S/C6H8O4/c1-9-5(7)3-4-6(8)10-2/h3-4H,1-2H3	Fumaderm	COC(=O)C=CC(=O)OC	0.453231663	12215;637568;5271565;12201064;22596797;75203543;76283967;88000896	HMDB:(31257);PubChem class - food;SuperNatural:(SN00122248);ZINC bio:(ZINC03843378 ZINC12358876);HSDB:(624-49-7);MeSH:(12215 637568 5271565);PubMed;NORMAN:(NS00002302);COCONUT:(CNP0328522);Natural Products:(UNPD92295);PubChem:(12215 637568 5271565 12201064 22596797 75203543 76283967 88000896);CHEBI:(35460 76004);PubChem class - bio and metabolites;PubChem class - safety and toxic;Training Set;PubChem class - drug	255124078
37	1	N/A	-185.97224119069458	C6H8O4	[M - H2O + H]+	VOLMSPGWNYJHQQ	InChI=1S/C6H8O4/c1-3-5(8)6(9)4(7)2-10-3/h4,7-8H,2H2,1H3	dnd-omi 70 nmol/L	CC1=C(C(=O)C(CO1)O)O	-0.400000006	119838;50918741;98058914	COCONUT:(CNP0283189);KNApSAcK:(29432);Natural Products:(UNPD152824);PubChem:(119838 50918741 98058914);SuperNatural:(SN00357786);MeSH:(119838);PubChem class - safety and toxic;YMDB:(1593);PubMed	70352982
38	1	N/A	-186.16787268461445	C6H8O4	[M - H2O + H]+	BWEICTHJUIJQPH	InChI=1S/C6H8O4/c7-5(8)3-4-1-2-6(9)10-4/h4H,1-3H2,(H,7,8)	2-(5-oxooxolan-2-yl)acetic acid	C1CC(=O)OC1CC(=O)O	-0.300000012	181805;194109;12358177	HMDB:(29171);PubChem:(181805 194109 12358177);ZINC bio:(ZINC03649505 ZINC03649507);PubChem class - bio and metabolites;MeSH:(194109);PubMed;KEGG Mine	8606720078
39	1	N/A	-193.74296814212013	C6H8O4	[M - H2O + H]+	FUJVJJBVXLPRQJ	InChI=1S/C6H8O4/c7-4-6(9)5(8)2-1-3-10-6/h1-2,7,9H,3-4H2	microthecin	C1C=CC(=O)C(O1)(CO)O	-0.800000012	10130020	COCONUT:(CNP0271357);Natural Products:(UNPD4832);PubChem:(10130020);SuperNatural:(SN00252420);CHEBI:(51835);PubChem class - bio and metabolites;MeSH:(10130020);KEGG:(C19821);PubMed;Biocyc:(CPD-9435)	19958118
40	1	N/A	-194.50865694851913	C6H8O4	[M - H2O + H]+	PBEXSRJMCVDBFK	InChI=1S/C6H8O4/c1-9-5-2-6(8)10-3-4(5)7/h2,4,7H,3H2,1H3	null	COC1=CC(=O)OCC1O	-0.699999988	56773935;57503955;95224942	COCONUT:(CNP0353859);PubChem:(56773935 57503955 95224942);additional	2621442
41	1	N/A	-195.43172736761406	C6H8O4	[M - H2O + H]+	APORENQTMOZIOG	InChI=1S/C6H8O4/c1-9-4-2-6(8)10-5(4)3-7/h2,5,7H,3H2,1H3	null	COC1=CC(=O)OC1CO	-0.699999988	56773936;95224943;95224944	COCONUT:(CNP0312282);PubChem:(56773936 95224943 95224944);SuperNatural:(SN00041286 SN00041285);ZINC bio:(ZINC67913672 ZINC67913673);additional;Training Set	3694594
42	1	N/A	-196.1314944598381	C6H8O4	[M - H2O + H]+	MSQPGECJSAMXBT	InChI=1S/C6H8O4/c1-5(7)10-4-3-6(8)9-2/h3-4H,1-2H3	Methyl 3-acetoxyacrylate	CC(=O)OC=CC(=O)OC	0.100000001	103807;6504399;91316389	PubChem:(103807 6504399 91316389);NORMAN:(NS00057770)	262146
43	1	N/A	-198.09698162410004	C6H8O4	[M - H2O + H]+	JJTUDXZGHPGLLC	InChI=1S/C6H8O4/c1-3-5(7)10-4(2)6(8)9-3/h3-4H,1-2H3	Dilactide	CC1C(=O)OC(C(=O)O1)C	0.600000024	7272;107983;5325924;6950374;53959242;53959243;57268272;66787319;71749714;100915810;100915811	NORMAN:(NS00007003);PubChem:(7272 107983 5325924 6950374 53959242 53959243 57268272 66787319 71749714 100915810 100915811);ZINC bio:(ZINC00389770 ZINC00389771 ZINC00389773);MeSH:(7272);PubChem class - safety and toxic;PubMed;PubChem class - drug;Biocyc:(CPD-9549)	100935750
44	1	N/A	-200.29916132737532	C6H8O4	[M - H2O + H]+	FWFMIDXFUGYZMV	InChI=1S/C6H8O4/c7-2-3-1-4(8)6(10)5(3)9/h3,7,9-10H,1-2H2	Hydroxymethylreductic acid	C1C(C(=C(C1=O)O)O)CO	-0.600000024	124245	MeSH:(124245);PubChem:(124245);PubMed	70
45	1	N/A	-204.9110082098365	C6H8O4	[M - H2O + H]+	XLYMOEINVGRTEX	InChI=1S/C6H8O4/c1-2-10-6(9)4-3-5(7)8/h3-4H,2H2,1H3,(H,7,8)	ACMC-20akdq	CCOC(=O)C=CC(=O)O	0.200000003	41331;3623880;5878225;5354457;5358902;50896235;77105944;86733784;131846284	HMDB:(40207);PubChem class - food;SuperNatural:(SN00338266);ZINC bio:(ZINC03861006 ZINC08580828);MeSH:(41331 3623880 5354457 5358902 5878225);PubMed;NORMAN:(NS00013661);COCONUT:(CNP0272269);Natural Products:(UNPD97902 UNPD174686);PubChem:(41331 3623880 5878225 5354457 5358902 50896235 77105944 86733784 131846284);YMDB Mine;PubChem class - bio and metabolites;PubChem class - safety and toxic;Training Set	34581307470
46	1	N/A	-209.57762313372766	C6H8O4	[M - H2O + H]+	AFSQNVVXELRCSM	InChI=1S/C6H7O4/c1-9-5-2-6(8)10-3-4(5)7/h2,4H,3H2,1H3/q-1	null	COC1=CC(=O)OCC1[O-]	-0.273877293	""	COCONUT:(CNP0354588);SuperNatural:(SN00041283 SN00041284)	3145728
47	1	N/A	-215.19814991224055	C6H8O4	[M - H2O + H]+	NAIGHLFEMNFIBQ	InChI=1S/C6H7O4/c1-3-5(8)6(9)4(7)2-10-3/h3,6H,2H2,1H3/q-1	null	CC1C(=O)C(C(=O)CO1)[O-]	-0.697127402	""	COCONUT:(CNP0315159);SuperNatural:(SN00159895)	3145728
48	1	N/A	-217.12112188290814	C6H8O4	[M - H2O + H]+	ZXCYXCIWKAILMP	InChI=1S/C6H8O4/c7-2-4-1-5(8)6(9)3-10-4/h3-4,7,9H,1-2H2	ascopyrone P	C1C(OC=C(C1=O)O)CO	-0.800000012	9920413;13879741;25200830;135390934	PubChem:(9920413 13879741 25200830 135390934);CHEBI:(50071 58807);PubChem class - bio and metabolites;EcoCyc Mine;MeSH:(9920413);KEGG:(C19826);PubMed;Biocyc:(CPD-9433)	17196648806
49	1	N/A	-218.7060628141651	C6H8O4	[M - H2O + H]+	GVGXGZKBPYMXEM	InChI=1S/C6H8O4/c1-6(2)3(7)4(8)10-5(6)9/h5,9H,1-2H3	null	CC1(C(OC(=O)C1=O)O)C	0.100000001	138319155	EcoCyc Mine;PubChem:(138319155);YMDB Mine;Biocyc:(CPD0-2029);KEGG Mine	60129544194
50	1	N/A	-223.4812166698835	C6H8O4	[M - H2O + H]+	WIURKZVZWYELHL	InChI=1S/C6H8O4/c1-3-6(9)4(7)2-5(8)10-3/h5,8-9H,2H2,1H3	4H-Pyran-4-one, 2,3-dihydro-2,5-dihydroxy-6-methyl-	CC1=C(C(=O)CC(O1)O)O	-0.300000012	15351062	COCONUT:(CNP0088707);PubChem:(15351062);SuperNatural:(SN00160781);YMDB Mine;MeSH:(15351062);PubMed;KEGG Mine	42952818758
51	1	N/A	-224.3798072436055	C6H8O4	[M - H2O + H]+	WVBINZLSBQRJFB	InChI=1S/C6H8O4/c1-3-5(8)6(9)4(7)2-10-3/h2-3,5,7-8H,1H3	4H-Pyran-4-one, 2,3-dihydro-3,5-dihydroxy-2-methyl-	CC1C(C(=O)C(=CO1)O)O	-0.300000012	16038313;102515001	COCONUT:(CNP0342251);Natural Products:(UNPD169583);PubChem:(16038313 102515001);SuperNatural:(SN00395333);PubMed;Biocyc:(CPD-18174);KEGG Mine	8593115202
52	1	N/A	-224.45985372482536	C6H8O4	[M - H2O + H]+	NCKMZWFKQTWDTD	InChI=1S/C6H8O4/c7-3-6(10)4(8)1-2-5(6)9/h1-2,4,7-8,10H,3H2	Pentenomycin I	C1=CC(=O)C(C1O)(CO)O	-1.39999998	162082;328263;10261204;11845509;11298030	COCONUT:(CNP0256144);KNApSAcK:(17967);Natural Products:(UNPD175597 UNPD13603);PubChem:(162082 328263 10261204 11845509 11298030);SuperNatural:(SN00274477 SN00305934);MeSH:(162082);PubChem class - safety and toxic;PubMed	70287446
53	1	N/A	-224.8571328938518	C6H8O4	[M - H2O + H]+	WUHVSNZGUSYYOW	InChI=1S/C6H8O4/c1-9-6(8)5-2-4(7)3-10-5/h5H,2-3H2,1H3	null	COC(=O)C1CC(=O)CO1	-0.400000006	45090037;86316670;86316671	PubChem:(45090037 86316670 86316671);PubChem class - safety and toxic	67108866
54	1	N/A	-227.27825281120275	C6H8O4	[M - H2O + H]+	WXLJTVNSBZCUHJ	InChI=1S/C6H8O4/c1-4(7)3-5(2)10-6(8)9/h3H,1-2H3,(H,8,9)	null	CC(=CC(=O)C)OC(=O)O	0.400000006	44151453;74934945;71300815	PubChem:(44151453 74934945 71300815);NORMAN:(NS00065826)	262146
55	1	N/A	-245.06219855432838	C6H8O4	[M - H2O + H]+	UWOCHZAKVUAJQJ	InChI=1S/C6H8O4/c1-6(9)2-4(7)10-5(8)3-6/h9H,2-3H2,1H3	3-Hmg anhydride	CC1(CC(=O)OC(=O)C1)O	-0.899999976	193704;5239430;11819190	MeSH:(193704 5239430);PubChem:(193704 5239430 11819190);PubMed	70
1	1	0.5089653196096486	-40.884915299500584	C6H6O3	[M + H]+	NOEGNKMFWQHSLB	InChI=1S/C6H6O3/c7-3-5-1-2-6(4-8)9-5/h1-3,8H,4H2	Epitope ID:136033	C1=C(OC(=C1)C=O)CO	0.436229497	237332;46781825	HMDB:(34355);PubChem class - food;SuperNatural:(SN00156020);ZINC bio:(ZINC00900788);HSDB:(67-47-0);MeSH:(237332);PubMed;NORMAN:(NS00014938);COCONUT:(CNP0222574);KNApSAcK:(29547);Natural Products:(UNPD172457);PubChem:(237332 46781825);YMDB Mine;CHEBI:(412516);PubChem class - bio and metabolites;KEGG:(C11101);PubChem class - safety and toxic;PubChem class - drug;Biocyc:(CPD-11572)	34614848382
2	1	N/A	-73.07869875095022	C6H6O3	[M + H]+	FPRQARNPKWVCNI	InChI=1S/C6H6O3/c7-5-8-4-6-2-1-3-9-6/h1-3,5H,4H2	Furfuryl formate	C1=COC(=C1)COC=O	0.699999988	556916	PubChem class - food;PubChem:(556916);PubMed	134217794
3	1	N/A	-77.78015077955551	C6H6O3	[M + H]+	HDJLSECJEQSPKW	InChI=1S/C6H6O3/c1-8-6(7)5-3-2-4-9-5/h2-4H,1H3	Methyl 2-furoate	COC(=O)C1=CC=CO1	0.900908411	11902	NORMAN:(NS00012896);COCONUT:(CNP0272116);HMDB:(29750);Natural Products:(UNPD106710);PubChem class - food;PubChem:(11902);PubChem class - bio and metabolites;PubChem class - safety and toxic;PubMed;KEGG Mine	8810430538
4	1	N/A	-101.39740265290052	C6H6O3	[M + H]+	WQGWDDDVZFFDIG	InChI=1S/C6H6O3/c7-4-2-1-3-5(8)6(4)9/h1-3,7-9H	pyrogallol	C1=CC(=C(C(=C1)O)O)O	0.578245044	1057;20187920;45040308;57757653;91577423	HMDB:(13674);PubChem class - food;SuperNatural:(SN00155781);ZINC bio:(ZINC00330141);additional;HSDB:(87-66-1);MeSH:(1057);PubMed;NORMAN:(NS00014915);COCONUT:(CNP0308187);KNApSAcK:(2670);Natural Products:(UNPD65716);PubChem:(1057 20187920 45040308 57757653 91577423);YMDB Mine;CHEBI:(16164);PubChem class - bio and metabolites;EcoCyc Mine;KEGG:(C01108);PubChem class - safety and toxic;PubChem class - drug;Biocyc:(PYROGALLOL)	51795241854
5	1	N/A	-102.61722202515708	C6H6O3	[M + H]+	XPCTZQVDEJYUGT	InChI=1S/C6H6O3/c1-4-6(8)5(7)2-3-9-4/h2-3,8H,1H3	Palatone	CC1=C(C(=O)C=CO1)O	0.400000006	8369;20674398;58185787;131667865	HMDB:(30776);PubChem class - food;SuperNatural:(SN00001231);ZINC bio:(ZINC00164488);additional;HSDB:(118-71-8);MeSH:(8369);Plantcyc:(CPD-15508);PubMed;NORMAN:(NS00012803);COCONUT:(CNP0100395 CNP0287207);KNApSAcK:(37471);Natural Products:(UNPD156476);PubChem:(8369 20674398 58185787 131667865);CHEBI:(69438);PubChem class - bio and metabolites;KEGG:(C11918);PubChem class - safety and toxic;YMDB:(1601);Training Set;PubChem class - drug;Biocyc:(CPD-15508)	255847294
6	1	N/A	-105.13777762623967	C6H6O3	[M + H]+	GYQBROOJXNICMZ	InChI=1S/C6H6O3/c7-2-5-1-6(3-8)9-4-5/h1,3-4,7H,2H2	4-(hydroxymethyl)furan-2-carbaldehyde	C1=C(OC=C1CO)C=O	-0.100000001	5318289	COCONUT:(CNP0105622);Natural Products:(UNPD7236);PubChem:(5318289);SuperNatural:(SN00160313);ZINC bio:(ZINC33831818);PubMed	3186754
7	1	N/A	-109.7814584328988	C6H6O3	[M + H]+	RJGBSYZFOCAGQY	InChI=1S/C6H6O3/c1-8-6-3-2-5(4-7)9-6/h2-4H,1H3	5-Methoxyfuraldehyde	COC1=CC=C(O1)C=O	1.10000002	6208	COCONUT:(CNP0184831);Natural Products:(UNPD143006);PubChem:(6208);SuperNatural:(SN00156631);PubMed	3178562
8	1	N/A	-114.26224792485714	C6H6O3	[M + H]+	WLONNGPPUOEELX	InChI=1S/C6H6O3/c1-8-6-4-9-3-2-5(6)7/h2-4H,1H3	4H-Pyran-4-one, 3-methoxy-	COC1=COC=CC1=O	0.300000012	22645226	COCONUT:(CNP0259077);Natural Products:(UNPD150080);PubChem:(22645226);SuperNatural:(SN00298326)	3178498
9	1	N/A	-114.39321656017383	C6H6O3	[M + H]+	HPIGCVXMBGOWTF	InChI=1S/C6H6O3/c1-4(7)6-5(8)2-3-9-6/h2-3,8H,1H3	iso-maltol	CC(=O)C1=C(C=CO1)O	1.20000005	18898	COCONUT:(CNP0270989);Natural Products:(UNPD143585);PubChem:(18898);PubMed	2129986
10	1	N/A	-117.32884363100763	C6H6O3	[M + H]+	IQXWFHDFTAZGNB	InChI=1S/C6H6O3/c1-4-2-5(7)6(8)3-9-4/h2-3,8H,1H3	Allomaltol	CC1=CC(=O)C(=CO1)O	0.400000006	69521	COCONUT:(CNP0142931);MeSH:(69521);PubChem:(69521);PubMed	2097222
11	1	N/A	-119.23835756164594	C6H6O3	[M + H]+	RSZZMVPSHLKFQY	InChI=1S/C6H6O3/c7-4-5(8)6-2-1-3-9-6/h1-3,7H,4H2	Furyl hydroxymethyl ketone	C1=COC(=C1)C(=O)CO	0.314385742	519466	COCONUT:(CNP0312445);Natural Products:(UNPD70746);PubChem:(519466);SuperNatural:(SN00366527);ZINC bio:(ZINC14442483);PubMed	3186754
12	1	N/A	-124.39631696228257	C6H6O3	[M + H]+	QCDYQQDYXPDABM	InChI=1S/C6H6O3/c7-4-1-5(8)3-6(9)2-4/h1-3,7-9H	1,5-Triol	C1=C(C=C(C=C1O)O)O	0.578245044	359;3726596;49788090;53493034;59884273;71751649;71751650;71772194;118119275;139243800	HMDB:(13675);SuperNatural:(SN00155816);ZINC bio:(ZINC00391883);additional;MeSH:(359);Plantcyc:(CPD-16);PubMed;NORMAN:(NS00013979);COCONUT:(CNP0299558);KNApSAcK:(2665);Natural Products:(UNPD55371);PubChem:(359 3726596 49788090 53493034 59884273 71751649 71751650 71772194 118119275 139243800);YMDB Mine;CHEBI:(16204);PubChem class - bio and metabolites;EcoCyc Mine;KEGG:(C02183);PubChem class - safety and toxic;Training Set;PubChem class - drug;Biocyc:(CPD-16)	51661171070
13	1	N/A	-127.42749480551144	C6H6O3	[M + H]+	OVOCLWJUABOAPL	InChI=1S/C6H6O3/c1-4-2-3-5(9-4)6(7)8/h2-3H,1H3,(H,7,8)	Enamine_005593	CC1=CC=C(O1)C(=O)O	1.20000005	74710;4550827	COCONUT:(CNP0084070);HMDB:(59735);PubChem:(74710 4550827);YMDB Mine;CHEBI:(89918);PubChem class - bio and metabolites;PubChem class - safety and toxic;PubMed;KEGG Mine	43035656298
14	1	N/A	-129.9680169708146	C6H6O3	[M + H]+	GGNQRNBDZQJCCN	InChI=1S/C6H6O3/c7-4-1-2-5(8)6(9)3-4/h1-3,7-9H	bmse000831	C1=CC(=C(C=C1O)O)O	0.578245044	10787;12352770;24796807;57324189	HMDB:(124831);SuperNatural:(SN00295525);ZINC bio:(ZINC00388437);additional;MeSH:(10787);Plantcyc:(CPD-8130);PubMed;NORMAN:(NS00001197);COCONUT:(CNP0187325);KNApSAcK:(31480);Natural Products:(UNPD182026);PubChem:(10787 12352770 24796807 57324189);YMDB Mine;CHEBI:(16971);PubChem class - bio and metabolites;EcoCyc Mine;KEGG:(C02814);PubChem class - safety and toxic;Biocyc:(CPD-8130)	51627600254
15	1	N/A	-135.1748487505481	C6H6O3	[M + H]+	QGILFERGBZSEHB	InChI=1S/C6H6O3/c7-4-3-5-1-2-6(8)9-5/h1-3,7H,4H2	(5Z)-5-(2-hydroxyethylidene)furan-2-one	C1=CC(=O)OC1=CCO	-0.200000003	557507;5367659;6536913	COCONUT:(CNP0169626);Natural Products:(UNPD59367);PubChem:(557507 5367659 6536913);SuperNatural:(SN00378146);PubMed	3178562
16	1	N/A	-138.3800163243583	C6H6O3	[M + H]+	ARJOQCYCJMAIFR	InChI=1S/C6H6O3/c1-3-5(7)9-6(8)4-2/h3-4H,1-2H2	Acryloxide	C=CC(=O)OC(=O)C=C	1.10000002	74919	NORMAN:(NS00045747);MeSH:(74919);PubChem class - safety and toxic;PubChem:(74919);PubMed	67371078
17	1	N/A	-140.26758124348353	C6H6O3	[M + H]+	BNYIQEFWGSXIKQ	InChI=1S/C6H6O3/c1-4-2-3-9-5(4)6(7)8/h2-3H,1H3,(H,7,8)	3-Methyl-2-furoicacid	CC1=C(OC=C1)C(=O)O	1.20000005	78127;7019626;15559131	NORMAN:(NS00031394);PubChem class - safety and toxic;PubChem:(78127 7019626 15559131);PubMed;KEGG Mine	8657305666
18	1	N/A	-144.00026651322884	C6H6O3	[M + H]+	VYSRZETUSAOIMP	InChI=1S/C6H6O3/c7-6(8)4-5-2-1-3-9-5/h1-3H,4H2,(H,7,8)	2-Furylaceticacid	C1=COC(=C1)CC(=O)O	0.652817488	75974;18358928	NORMAN:(NS00028306);PubChem class - safety and toxic;PubChem:(75974 18358928);YMDB Mine;PubMed	34427109442
19	1	N/A	-144.0435704188622	C6H6O3	[M + H]+	NSYSSMYQPLSPOD	InChI=1S/C6H6O3/c1-4-2-5(7)3-6(8)9-4/h2-3,7H,1H3	Spectrum_001904	CC1=CC(=CC(=O)O1)O	0.5	25201324;54675757	SuperNatural:(SN00010797);additional;MeSH:(54675757);Plantcyc:(CPD-6862);PubMed;NORMAN:(NS00015328 NS00036127);COCONUT:(CNP0044217 CNP0150285);Natural Products:(UNPD51407);PubChem:(25201324 54675757);CHEBI:(57778 16458);PubChem class - bio and metabolites;KEGG:(C02752);PubChem class - safety and toxic;Training Set;Biocyc:(CPD-6862)	88000870
20	1	N/A	-151.2180846745929	C6H6O3	[M + H]+	UOJBPVNHCNJBSQ	InChI=1S/C6H6O3/c1-4-2-5(6(7)8)9-3-4/h2-3H,1H3,(H,7,8)	null	CC1=COC(=C1)C(=O)O	0.974556923	12273925	COCONUT:(CNP0234380);Natural Products:(UNPD198649);PubChem:(12273925);KEGG Mine	8592064514
21	1	N/A	-151.8759647489884	C6H6O3	[M + H]+	HITOXZPZGPXYHY	InChI=1S/C6H6O3/c7-5-2-1-4-3-8-6(5)9-4/h1-2,4,6H,3H2	Levoglucosenone	C1C2C=CC(=O)C(O1)O2	-0.200000003	566824;148030;699486;699488;2775344;12898917;12898918;12898919;121440427	COCONUT:(CNP0269404);Natural Products:(UNPD183483);PubChem:(566824 148030 699486 699488 2775344 12898917 12898918 12898919 121440427);SuperNatural:(SN00331049);CHEBI:(30999);ZINC bio:(ZINC00078169 ZINC00078172);MeSH:(699486);PubMed	3186790
22	1	N/A	-152.06150887926566	C6H6O3	[M + H]+	ZKHQSQYLKSSYIP	InChI=1S/C6H6O3/c1-8-6(7)5-2-3-9-4-5/h2-4H,1H3	Methyl 3-furoate	COC(=O)C1=COC=C1	0.753648937	14918	COCONUT:(CNP0209204);Natural Products:(UNPD136837);PubChem class - safety and toxic;PubChem:(14918);SuperNatural:(SN00235122)	70287362
23	1	N/A	-159.3936469793842	C6H6O3	[M + H]+	NPMQEIOINVDLMV	InChI=1S/C6H6O3/c1-3-5(7)6(8)4(2)9-3/h8H,1H2,2H3	4-hydroxy-5-methyl-2-methylene-3-furanone	CC1=C(C(=O)C(=C)O1)O	0.899999976	17755065	COCONUT:(CNP0001437);PubChem:(17755065);YMDB Mine;CHEBI:(76245);PubChem class - bio and metabolites;KEGG:(C20718);Plantcyc:(CPD-10205);PubMed;Biocyc:(CPD-10205)	34378746210
24	1	N/A	-159.79123207379237	C6H6O3	[M + H]+	NSKYVXREJNRHAZ	InChI=1S/C6H6O3/c7-3-5-1-2-6(8)9-4-5/h1-3,7H,4H2	null	C1C(=CO)C=CC(=O)O1	-0.100000001	24822483;74325430;76333232	COCONUT:(CNP0334419);Natural Products:(UNPD17628);PubChem:(24822483 74325430 76333232);PubMed	2129986
25	1	N/A	-160.35919032081813	C6H6O3	[M + H]+	RFTMILUWMDIPHH	InChI=1S/C6H6O3/c1-5(8)2-3-6(9)4-7/h2-4H,1H3	ACMC-20lapj	CC(=O)C=CC(=O)C=O	-0.5	13433797;45085235;57358973	COCONUT:(CNP0003320);HMDB:(32651);PubChem:(13433797 45085235 57358973);ZINC bio:(ZINC15121707);PubChem class - bio and metabolites	18882570
26	1	N/A	-161.29691377787097	C6H6O3	[M + H]+	CLJJIBGKVKTMMW	InChI=1S/C6H6O3/c7-4-2-1-3-6(9)5-8/h1-5,7H	3,5-Hexadienal, 6-hydroxy-2-oxo-	C(=CC(=O)C=O)C=CO	0.100000001	20196322;73665246;129704388	MeSH:(73665246 129704388);PubChem:(20196322 73665246 129704388);PubMed	70
27	1	N/A	-162.39723447950465	C6H6O3	[M + H]+	LCOGJKFAVXDKBI	InChI=1S/C6H6O3/c7-4-1-2-6-8-3-5(4)9-6/h1-2,5-6H,3H2	isolevoglucosenone	C1C2C(=O)C=CC(O1)O2	-0.200000003	3563503;5460915;11378492;51029172;70151967;134833728	MeSH:(5460915);PubChem:(3563503 5460915 11378492 51029172 70151967 134833728);PubMed;CHEBI:(32577)	102
28	1	N/A	-162.8227775429085	C6H6O3	[M + H]+	BANRXGCIPOQDMR	InChI=1S/C6H6O3/c1-4-5(7)2-3-9-6(4)8/h2-3,7H,1H3	2-hydroxy-3-methylpyran-4-one	CC1=C(C=COC1=O)O	0.5	54681620	COCONUT:(CNP0163753 CNP0206261);Natural Products:(UNPD174582);PubChem:(54681620);SuperNatural:(SN00001998 SN00234349);ZINC bio:(ZINC01293553);PubMed	3186754
29	1	N/A	-169.18032597834272	C6H6O3	[M + H]+	CFGQZVOVFIZRMN	InChI=1S/C6H6O3/c1-4-5(6(7)8)2-3-9-4/h2-3H,1H3,(H,7,8)	zlchem 1156	CC1=C(C=CO1)C(=O)O	0.899999976	244756;6930478;56648345	COCONUT:(CNP0152585);PubChem class - safety and toxic;PubChem:(244756 6930478 56648345);ZINC bio:(ZINC00152320);KEGG Mine	8659148802
30	1	N/A	-170.06167517285405	C6H6O3	[M + H]+	RQZSMDBBVOOYQY	InChI=1S/C6H6O3/c1-2-4-3-5(7)9-6(4)8/h2-3,5,7H,1H2	Antibiotic PA147	C=CC1=CC(OC1=O)O	0.5	151143	COCONUT:(CNP0420562);Natural Products:(UNPD43654);PubChem:(151143);SuperNatural:(SN00377327);MeSH:(151143);PubChem class - safety and toxic;PubMed	70287430
31	1	N/A	-173.96418776704235	C6H6O3	[M + H]+	VBPAPWZQQNJDIG	InChI=1S/C6H6O3/c1-2-5(3-4-7)6(8)9/h2-4H,1H2,(H,8,9)	null	C=CC(=CC=O)C(=O)O	0.300000012	54383483;55299371	COCONUT:(CNP0182283);Natural Products:(UNPD16575 UNPD157761);PubChem:(54383483 55299371);SuperNatural:(SN00322602)	3178498
32	1	N/A	-178.9145686136206	C6H6O3	[M + H]+	MFGALGYVFGDXIX	InChI=1S/C6H6O3/c1-3-4(2)6(8)9-5(3)7/h1-2H3	2, 3,4-dimethyl-	CC1=C(C(=O)OC1=O)C	0.600000024	13010	NORMAN:(NS00037820);COCONUT:(CNP0306912);PubChem:(13010);HSDB:(766-39-2);MeSH:(13010);PubChem class - safety and toxic;PubMed	69468742
33	1	N/A	-179.2081174220859	C6H6O3	[M + H]+	NNCHGLIOTHYDFR	InChI=1S/C6H6O3/c7-3-5-4-9-2-1-6(5)8/h1-3,7H,4H2	null	C1C(=CO)C(=O)C=CO1	0.300000012	101406579;129664352;131751152	COCONUT:(CNP0216664);HMDB:(31256);Natural Products:(UNPD11214);PubChem:(101406579 129664352 131751152);SuperNatural:(SN00376723)	3178506
34	1	N/A	-180.78155911623998	C6H6O3	[M + H]+	MGCBXZGOSMSZBJ	InChI=1S/C6H6O3/c7-5-3-1-2-4-6(8)9/h1-5H,(H,8,9)	6-Oxohexa-2,4-dienoic acid	C(=CC=O)C=CC(=O)O	0.100000001	150215;6440125;89003386;132525490	MeSH:(150215 6440125);PubChem:(150215 6440125 89003386 132525490);PubMed;ZINC bio:(ZINC14619631);KEGG Mine	8589942854
35	1	N/A	-183.9457474742795	C6H6O3	[M + H]+	UMYRBJJAPQINKS	InChI=1S/C6H6O3/c1-5(7)9-6-3-2-4-8-6/h2-4H,1H3	2-furyl acetate	CC(=O)OC1=CC=CO1	1.18078303	12719907	COCONUT:(CNP0343204);PubChem:(12719907);PubMed	2097218
36	1	N/A	-185.26719881848487	C6H6O3	[M + H]+	CETVBZLIMCFFGG	InChI=1S/C6H6O3/c7-4-1-2-6(9)3-5-8/h1-5,8H	null	C(=CC(=O)C=CO)C=O	0.100000001	86095789;101689846;133613530	MeSH:(101689846);PubChem:(86095789 101689846 133613530);PubMed	70
37	1	N/A	-186.06567374591938	C6H6O3	[M + H]+	MDVRXWAAVDTLFJ	InChI=1S/C6H6O3/c1-4-2-5(3-9-4)6(7)8/h2-3H,1H3,(H,7,8)	5-methylfuran-3-carboxylic Acid	CC1=CC(=CO1)C(=O)O	0.899999976	179379	COCONUT:(CNP0306402);Natural Products:(UNPD209610);PubChem:(179379);PubMed	2129986
38	1	N/A	-190.89468482661883	C6H6O3	[M + H]+	YSSNQPKBJZJLFT	InChI=1S/C6H6O3/c7-3-1-6(5-9)2-4-8/h1,3-5H,2H2	null	C(C=O)C(=CC=O)C=O	-0.0923649147	""	COCONUT:(CNP0185177);Natural Products:(UNPD118424)	2129920
39	1	N/A	-198.761867182402	C6H6O3	[M + H]+	UUUYAVXPERPSAI	InChI=1S/C6H6O3/c7-6(8)3-5-1-2-9-4-5/h1-2,4H,3H2,(H,7,8)	ACMC-20aist	C1=COC=C1CC(=O)O	0.505558014	818896;4455528	PubChem:(818896 4455528);PubChem class - safety and toxic	67108866
40	1	N/A	-219.65358579775872	C6H6O3	[M + H]+	QNXPRMJHYUHYKW	InChI=1S/C6H6O3/c1-3-5(7)6(8)4(2)9-3/h4H,1H2,2H3	2-methyl-5-methylenefuran-3,4(2H,5H)-dione	CC1C(=O)C(=O)C(=C)O1	0.600000024	72193704	PubChem:(72193704);CHEBI:(76246)	34
41	1	N/A	-224.50913780524806	C6H6O3	[M + H]+	HYMLWHLQFGRFIY	InChI=1S/C6H6O3/c1-4-6(8)5(7)2-3-9-4/h2-4H,1H3	2H-Pyran-3,4-dione, 2-methyl-	CC1C(=O)C(=O)C=CO1	0.0	9824904;129362224;129362225	COCONUT:(CNP0313434);Natural Products:(UNPD71980);PubChem:(9824904 129362224 129362225);SuperNatural:(SN00304673);YMDB Mine;KEGG Mine	42952851458
42	1	N/A	-254.44173477194983	C6H6O3	[M + H]+	HPIMTLHZUBCGFN	InChI=1S/C6H6O3/c1-3-4(7)2-5(8)6(3)9/h9H,2H2,1H3	4-hydroxy-5-methylcyclopent-4-ene-1,3-dione	CC1=C(C(=O)CC1=O)O	0.200000003	3423468	PubChem:(3423468);PubChem class - safety and toxic	67108866
43	1	N/A	-257.7914785758767	C6H6O3	[M + H]+	NMNZZIMBGSGRPN	InChI=1S/C6H6O3/c7-5-3-1-2-4(3)6(8)9-5/h3-4H,1-2H2	3-Oxabicyclo[3.2.0]heptane-2, cis-	C1CC2C1C(=O)OC2=O	0.100000001	138261;11400767;40715759;97292049	PubChem:(138261 11400767 40715759 97292049);PubChem class - safety and toxic	67108866
44	1	N/A	-271.16815314167906	C6H6O3	[M + H]+	IZYQYTLECIJWMX	InChI=1S/C6H6O3/c1-3-2-4(3)5(7)6(8)9/h4H,1-2H2,(H,8,9)	2-keto-4,5-cyclopropylhex-5-enoate	C=C1CC1C(=O)C(=O)O	0.100000001	25200910;25200911	Plantcyc:(CPD-9735);PubChem:(25200910 25200911);Biocyc:(CPD-9735);KEGG Mine;PubChem class - bio and metabolites	8606844930