structureRankPerFormula	formulaRank	ConfidenceScore	CSI:FingerIDScore	molecularFormula	adduct	InChIkey2D	InChI	name	smiles	xlogp	pubchemids	links	dbflags
1	1	0.27490216095853504	-52.332660391674736	C13H20O	[M - H2O + H]+	LAGYWBZWJKHOOJ	InChI=1S/C13H20O/c1-10(9-14)8-12-11(2)6-5-7-13(12,3)4/h6,8-9,12H,5,7H2,1-4H3	3-(2,6,6-Trimethyl-2-cyclohexen-1-yl)methacrylaldehyde	CC1=CCCC(C1C=C(C)C=O)(C)C	3.0999999	106809;6437263;20838852	PubChem:(106809 6437263 20838852);NORMAN:(NS00053532)	262146
2	1	N/A	-59.37449366277948	C13H20O	[M - H2O + H]+	WTXNKMUAUXRDQM	InChI=1S/C13H20O/c1-10-7-8-11(2)13(3,4)12(10)6-5-9-14/h5-7,9,11-12H,8H2,1-4H3	null	CC1CC=C(C(C1(C)C)C=CC=O)C	3.0	14489316;14489317;131284931	COCONUT:(CNP0282873);Natural Products:(UNPD112844);PubChem:(14489316 14489317 131284931);SuperNatural:(SN00401285)	3178498
3	1	N/A	-61.16732246849684	C13H20O	[M - H2O + H]+	UZFLPKAIBPNNCA	InChI=1S/C13H20O/c1-10-6-5-9-13(3,4)12(10)8-7-11(2)14/h6-8,12H,5,9H2,1-4H3	a-ionone	CC1=CCCC(C1C=CC(=O)C)(C)C	3.0	24680;1550719;1550720;90389;638013;1268118;5282108;6437004;5498521	HMDB:(35753 59883);PubChem class - food;SuperNatural:(SN00075404 SN00093023);ZINC bio:(ZINC05842678 ZINC18189423);additional;HSDB:(127-41-3);MeSH:(5282108);PubMed;NORMAN:(NS00012649);COCONUT:(CNP0281790);KNApSAcK:(50769);Natural Products:(UNPD190644 UNPD49403);PubChem:(24680 1550719 1550720 90389 638013 1268118 5282108 6437004 5498521);CHEBI:(32319);PubChem class - bio and metabolites;KEGG:(C12286);PubChem class - safety and toxic;Training Set	222094206
4	1	N/A	-67.30437576963477	C13H20O	[M - H2O + H]+	BGTBFNDXYDYBEY	InChI=1S/C13H20O/c1-5-7-11(14)12-10(2)8-6-9-13(12,3)4/h5,7H,6,8-9H2,1-4H3	damascone	CC=CC(=O)C1=C(CCCC1(C)C)C	3.5	32052;1616260;5374527	HMDB:(32541);PubChem class - food;SuperNatural:(SN00075393);ZINC bio:(ZINC05829535);additional;MeSH:(5374527);PubMed;NORMAN:(NS00008075);COCONUT:(CNP0168178);Natural Products:(UNPD184839);PubChem:(32052 1616260 5374527);YMDB Mine;PubChem class - bio and metabolites;PubChem class - safety and toxic;Training Set	34581831758
5	1	N/A	-67.40242293380845	C13H20O	[M - H2O + H]+	LLJNTMFCLMRXSC	InChI=1S/C13H20O/c1-10(9-14)8-12-11(2)6-5-7-13(12,3)4/h8-9,12H,2,5-7H2,1,3-4H3	3-(2,2-Dimethyl-6-methylenecyclohexyl)methacrylaldehyde	CC(=CC1C(=C)CCCC1(C)C)C=O	3.4000001	106808;6437262;20838851	PubChem:(106808 6437262 20838851);NORMAN:(NS00053580)	262146
6	1	N/A	-67.79977072120626	C13H20O	[M - H2O + H]+	PSQYTAPXSHCGMF	InChI=1S/C13H20O/c1-10-6-5-9-13(3,4)12(10)8-7-11(2)14/h7-8H,5-6,9H2,1-4H3	|A-ionone	CC1=C(C(CCC1)(C)C)C=CC(=O)C	2.9000001	26955;638014;10512031;12224082;16046715;101066481	HMDB:(36565);PubChem class - food;SuperNatural:(SN00064540);ZINC bio:(ZINC03881456 ZINC13548492);HSDB:(14901-07-6);MeSH:(638014);Plantcyc:(CPD-7204);PubMed;NORMAN:(NS00001727);COCONUT:(CNP0261884);KNApSAcK:(29816);Natural Products:(UNPD135144 UNPD218204);PubChem:(26955 638014 10512031 12224082 16046715 101066481);CHEBI:(32325);PubChem class - bio and metabolites;KEGG:(C12287);PubChem class - safety and toxic;YMDB:(1643);Biocyc:(CPD-7204)	221752190
7	1	N/A	-69.92904296294819	C13H20O	[M - H2O + H]+	CRIGTVCBMUKRSL	InChI=1S/C13H20O/c1-5-7-11(14)12-10(2)8-6-9-13(12,3)4/h5,7-8,12H,6,9H2,1-4H3	alpha-Damascone	CC=CC(=O)C1C(=CCCC1(C)C)C	3.20000005	62002;1616242;1616243;1268129;1268130;1268131;1268132;5366077;6436548	HMDB:(36027);PubChem class - food;SuperNatural:(SN00075395 SN00075394);ZINC bio:(ZINC05829553 ZINC05829557);MeSH:(5366077);PubMed;NORMAN:(NS00013180);COCONUT:(CNP0361157);Natural Products:(UNPD60825 UNPD63341);PubChem:(62002 1616242 1616243 1268129 1268130 1268131 1268132 5366077 6436548);CHEBI:(53220);PubChem class - bio and metabolites;PubChem class - safety and toxic	221552750
8	1	N/A	-75.6982257393275	C13H20O	[M - H2O + H]+	FETSKTIMHFKZNF	InChI=1S/C13H20O/c1-9-7-10(2)13(11(3)8-9)6-5-12(4)14/h5-7,10-11,13H,8H2,1-4H3	Iritone	CC1CC(=CC(C1C=CC(=O)C)C)C	2.70000005	106827;1894383;7007006;6285057;7336246;7336247;7336248;6580979;11898410;11898411;124921573;124921574	NORMAN:(NS00012651);MeSH:(6285057);PubChem class - safety and toxic;PubChem:(106827 1894383 7007006 6285057 7336246 7336247 7336248 6580979 11898410 11898411 124921573 124921574);PubMed	67371078
9	1	N/A	-75.99202463423967	C13H20O	[M - H2O + H]+	DBKJZSIBBKOBCN	InChI=1S/C13H20O/c1-9(2)5-12-6-10(3)11(4)7-13(12)8-14/h5-6,8,11-13H,7H2,1-4H3	4,5-dimethyl-2-(2-methylprop-1-enyl)cyclohex-3-ene-1-carbaldehyde	CC1CC(C(C=C1C)C=C(C)C)C=O	2.9000001	170656;170657;170658;170659;20383997;21124895;21124896;21124897;102437541;131077064	PubChem:(170656 170657 170658 170659 20383997 21124895 21124896 21124897 102437541 131077064);NORMAN:(NS00059039)	262146
10	1	N/A	-76.73751680308712	C13H20O	[M - H2O + H]+	DGFJDZRKSVHFAM	InChI=1S/C13H20O/c1-9-7-10(2)12(4)13(8-9)6-5-11(3)14/h5-7,10,12-13H,8H2,1-4H3	3-Buten-2-one,5,6-trimethyl-3-cyclohexen-1-yl)-	CC1C=C(CC(C1C)C=CC(=O)C)C	2.70000005	97764;5355456	NORMAN:(NS00013272);MeSH:(5355456);PubChem:(97764 5355456);PubMed	262214
11	1	N/A	-78.76272838199628	C13H20O	[M - H2O + H]+	SFEOKXHPFMOVRM	InChI=1S/C13H20O/c1-10-6-5-9-13(3,4)12(10)8-7-11(2)14/h7-8,12H,1,5-6,9H2,2-4H3	gamma-Ionon	CC(=O)C=CC1C(=C)CCCC1(C)C	3.20000005	62327;5363741;11194862;11389922;71357960;118976603	NORMAN:(NS00021359);COCONUT:(CNP0190194);HMDB:(34979);Natural Products:(UNPD122400 UNPD155045);PubChem class - food;PubChem:(62327 5363741 11194862 11389922 71357960 118976603);SuperNatural:(SN00289868 SN00321637);CHEBI:(49251 49250);PubChem class - bio and metabolites;PubChem class - safety and toxic;PubMed	221544554
12	1	N/A	-79.94684316096833	C13H20O	[M - H2O + H]+	LIWODPOWBUCDSS	InChI=1S/C13H20O/c1-4-12(10(2)3)13-8-6-5-7-11(13)9-14/h4-5,7,9-13H,1,6,8H2,2-3H3	6-[1-(1-methylethyl)allyl]cyclohex-2-ene-1-carbaldehyde	CC(C)C(C=C)C1CCC=CC1C=O	3.5999999	106994	PubChem:(106994);NORMAN:(NS00054185)	262146
13	1	N/A	-82.20468191293847	C13H20O	[M - H2O + H]+	NELDPSDYTZADSA	InChI=1S/C13H20O/c1-5-6-12(14)11-7-8-13(3,4)9-10(11)2/h5-6,9,11H,7-8H2,1-4H3	1-Crotonyl-2,4,4-trimethylcyclohex-2-ene	CC=CC(=O)C1CCC(C=C1C)(C)C	3.29999995	118097;6438067;91121947	NORMAN:(NS00013182);PubChem class - safety and toxic;PubChem:(118097 6438067 91121947)	67371010
14	1	N/A	-82.50908148618758	C13H20O	[M - H2O + H]+	FFDWBRRFSSVESS	InChI=1S/C13H20O/c1-5-6-13(9-14)11(3)7-10(2)8-12(13)4/h5,7,9,11-12H,1,6,8H2,2-4H3	1-Allyl-2,4,6-trimethylcyclohex-3-ene-1-carbaldehyde	CC1CC(=CC(C1(CC=C)C=O)C)C	2.79999995	109173	PubChem:(109173);NORMAN:(NS00061558)	262146
15	1	N/A	-84.58507884608458	C13H20O	[M - H2O + H]+	GOWIYTQTDKCRDA	InChI=1S/C13H20O/c1-12(2)9-13(3)7-5-4-6-10(13)11(12)8-14/h6,8,11H,4-5,7,9H2,1-3H3	3a,4,5,6-Tetrahydro-2,2,3a-trimethylindancarbaldehyde	CC1(CC2(CCCC=C2C1C=O)C)C	3.29999995	113564	PubChem:(113564);NORMAN:(NS00066255)	262146
16	1	N/A	-84.71191583201316	C13H20O	[M - H2O + H]+	PBEWYCCRRKCGGW	InChI=1S/C13H20O/c1-9(2)12-6-5-10(3)13(7-12)11(4)8-14/h5,8,11-13H,1,6-7H2,2-4H3	2-(2-methyl-5-prop-1-en-2-ylcyclohex-2-en-1-yl)propanal	CC1=CCC(CC1C(C)C=O)C(=C)C	3.20000005	175301;130910843	PubChem:(175301 130910843);NORMAN:(NS00060565)	262146
17	1	N/A	-85.2927968525954	C13H20O	[M - H2O + H]+	OWFZJSXGDOTWSH	InChI=1S/C13H20O/c1-8(2)12-6-13-9(3)4-10(12)5-11(13)7-14/h4,7-8,10-13H,5-6H2,1-3H3	7-Formyl-5-isopropyl-2-methylbicyclo(2.2.2)oct-2-ene	CC1=CC2CC(C1CC2C(C)C)C=O	2.5999999	106866;55250382;124536972;124536973;124536974;124302032	NORMAN:(NS00012745);PubChem class - safety and toxic;PubChem:(106866 55250382 124536972 124536973 124536974 124302032)	67371010
18	1	N/A	-85.55710928424483	C13H20O	[M - H2O + H]+	OSGZAYGTABWPMB	InChI=1S/C13H20O/c1-10(2)13-6-4-12(5-7-13)8-11(3)9-14/h4,9,11,13H,1,5-8H2,2-3H3	2-methyl-3-(4-prop-1-en-2-ylcyclohexen-1-yl)propanal	CC(CC1=CCC(CC1)C(=C)C)C=O	3.29999995	103797	PubChem:(103797);NORMAN:(NS00059979)	262146
19	1	N/A	-86.47606341913888	C13H20O	[M - H2O + H]+	RPBGCXLSUJNODQ	InChI=1S/C13H20O/c1-5-6-12(14)11-8-7-10(2)9-13(11,3)4/h5-7,11H,8-9H2,1-4H3	1-(4,6,6-Trimethyl-3-cyclohexen-1-yl)-2-buten-1-one	CC=CC(=O)C1CC=C(CC1(C)C)C	3.0	3020156;6366006;93483230;93483231;98100323;98100325	PubChem:(3020156 6366006 93483230 93483231 98100323 98100325);NORMAN:(NS00061576)	262146
20	1	N/A	-87.99409052773909	C13H20O	[M - H2O + H]+	OCUCBUXJXISFDG	InChI=1S/C13H20O/c1-5-6-12(14)11-9-10(2)7-8-13(11,3)4/h5-6,9-10H,7-8H2,1-4H3	null	CC=CC(=O)C1=CC(CCC1(C)C)C	3.9000001	101413355	COCONUT:(CNP0199351);Natural Products:(UNPD88201);PubChem:(101413355);SuperNatural:(SN00323855)	3178498
21	1	N/A	-88.68895725460757	C13H20O	[M - H2O + H]+	IXLLBXDECOMIBP	InChI=1S/C13H20O/c1-5-7-11(14)12-10(2)8-6-9-13(12,3)4/h5,7,12H,2,6,8-9H2,1,3-4H3	Z-.beta.-Damascone	CC=CC(=O)C1C(=C)CCCC1(C)C	3.5	6431131;9837013;10035488;10104051;56631748	PubChem:(6431131 9837013 10035488 10104051 56631748);PubChem class - safety and toxic	67108866
22	1	N/A	-89.17663124864649	C13H20O	[M - H2O + H]+	AAPLYDDEQVREDC	InChI=1S/C13H20O/c1-10(9-14)5-7-12-8-6-11(2)13(12,3)4/h5-6,9,12H,7-8H2,1-4H3	ACMC-20matn	CC1=CCC(C1(C)C)CC=C(C)C=O	3.0	3017557;6365609;11106208;15330881;57038430;57255089	PubChem:(3017557 6365609 11106208 15330881 57038430 57255089);NORMAN:(NS00055257)	262146
23	1	N/A	-89.76459792797556	C13H20O	[M - H2O + H]+	GHHCTCHDGTWLFZ	InChI=1S/C13H20O/c1-12(2)8-13(3,9-14)11-7-5-4-6-10(11)12/h7,9-10H,4-6,8H2,1-3H3	3a,4,5,6-Tetrahydro-1,3,3-trimethylindancarbaldehyde	CC1(CC(C2=CCCCC21)(C)C=O)C	2.9000001	175612	PubChem:(175612);NORMAN:(NS00066284)	262146
24	1	N/A	-90.37681573016731	C13H20O	[M - H2O + H]+	LKERFQHZNFIXLI	InChI=1S/C13H20O/c1-8(2)12-6-10-5-11(7-14)13(12)4-9(10)3/h4,7-8,10-13H,5-6H2,1-3H3	7-Isopropyl-5-methylbicyclo(2.2.2)oct-5-ene-2-carbaldehyde	CC1=CC2C(CC1CC2C(C)C)C=O	2.5999999	44149601	PubChem:(44149601);NORMAN:(NS00062643)	262146
25	1	N/A	-93.75805058514437	C13H20O	[M - H2O + H]+	DMGPXLFAXQJGKK	InChI=1S/C13H20O/c1-9(2)12-7-5-10(3)13(12)8-6-11(4)14/h12H,1,5-8H2,2-4H3	4-(2-methyl-5-prop-1-en-2-ylcyclopenten-1-yl)butan-2-one	CC1=C(C(CC1)C(=C)C)CCC(=O)C	2.5	1761700;1761699;3775692	COCONUT:(CNP0215490);PubChem:(1761700 1761699 3775692);SuperNatural:(SN00055632 SN00055631);ZINC bio:(ZINC02106662 ZINC02106663)	3153922
26	1	N/A	-95.59847326005716	C13H20O	[M - H2O + H]+	CZQIKCBGQZBANA	InChI=1S/C13H20O/c1-5-6-7-11-10(2)12(14)8-9-13(11,3)4/h5H,1,6-9H2,2-4H3	5,8-Megastigmadienone-4	CC1=C(C(CCC1=O)(C)C)CCC=C	3.0999999	105426	PubChem:(105426);NORMAN:(NS00022651)	262146
27	1	N/A	-96.40441862711796	C13H20O	[M - H2O + H]+	MQBIZQLCHSZBOI	InChI=1S/C13H20O/c1-11(2)4-3-5-12-6-8-13(10-14)9-7-12/h4,6,10,13H,3,5,7-9H2,1-2H3	Myrac aldehyde	CC(=CCCC1=CCC(CC1)C=O)C	3.0	93199;92256257;92256262	NORMAN:(NS00012703);COCONUT:(CNP0003591);HMDB:(31733);PubChem:(93199 92256257 92256262);PubChem class - bio and metabolites;PubChem class - safety and toxic	86245386
28	1	N/A	-96.47798146830058	C13H20O	[M - H2O + H]+	CVDHBGKYPTUEAA	InChI=1S/C13H20O/c1-5-6-7-11-10(2)12(14)8-9-13(11,3)4/h5-6H,7-9H2,1-4H3	2-Cyclohexen-1-one, 3-(2-butenyl)-2,4,4-trimethyl-	CC=CCC1=C(C(=O)CCC1(C)C)C	3.0	105425;642507;14109911	NORMAN:(NS00053025);COCONUT:(CNP0253391);HMDB:(34671);Natural Products:(UNPD133041 UNPD24856);PubChem:(105425 642507 14109911);SuperNatural:(SN00344898 SN00315801);PubChem class - bio and metabolites	20217866
29	1	N/A	-96.69634961528249	C13H20O	[M - H2O + H]+	POLSEKWMVQFBBA	InChI=1S/C13H20O/c1-13(2)7-3-4-11-8-10(9-14)5-6-12(11)13/h9-10H,3-8H2,1-2H3	2-Naphthaldehyde,1,2,3,4,5,6,7,8-octahydro-5,5-dimethyl- (6CI)	CC1(CCCC2=C1CCC(C2)C=O)C	2.5999999	112134	PubChem:(112134);NORMAN:(NS00013059)	262146
30	1	N/A	-96.98388928702884	C13H20O	[M - H2O + H]+	AQJANVUPNABWRU	InChI=1S/C13H20O/c1-13(2)7-3-4-11-6-5-10(9-14)8-12(11)13/h9-10H,3-8H2,1-2H3	Cyclomugual	CC1(CCCC2=C1CC(CC2)C=O)C	2.5999999	112226;60101091;92278871	NORMAN:(NS00013057);PubChem class - safety and toxic;PubChem:(112226 60101091 92278871)	67371010
31	1	N/A	-100.5001684944838	C13H20O	[M - H2O + H]+	NRVFUNVHEXIEHU	InChI=1S/C13H20O/c1-10-8-9-12(13(10,3)4)7-5-6-11(2)14/h5-6,8,12H,7,9H2,1-4H3	5-(2,2,3-Trimethyl-3-cyclopenten-1-yl)pent-3-en-2-one	CC1=CCC(C1(C)C)CC=CC(=O)C	2.9000001	108356;6504540;98076595	PubChem:(108356 6504540 98076595);NORMAN:(NS00054517)	262146
32	1	N/A	-100.74603694756557	C13H20O	[M - H2O + H]+	VAYVKDRGIHTJMV	InChI=1S/C13H20O/c1-9(6-7-14)12-10-4-5-11(8-10)13(12,2)3/h6-7,10-12H,4-5,8H2,1-3H3	2-Butenal,3-(3,3-dimethylbicyclo[2.2.1]hept-2-yl)-	CC(=CC=O)C1C2CCC(C2)C1(C)C	3.70000005	44150491;53425083	PubChem:(44150491 53425083);NORMAN:(NS00060074)	262146
33	1	N/A	-102.48304613402861	C13H20O	[M - H2O + H]+	NSPDRVIQAXARPO	InChI=1S/C13H20O/c1-4-13(14)11(3)9-12-7-5-10(2)6-8-12/h5,9,12H,4,6-8H2,1-3H3	2-Methyl-1-(4-methyl-3-cyclohexen-1-yl)pent-1-en-3-one	CCC(=O)C(=CC1CCC(=CC1)C)C	2.9000001	3018016;6365674	PubChem:(3018016 6365674);NORMAN:(NS00061797)	262146
34	1	N/A	-103.8342800333318	C13H20O	[M - H2O + H]+	BNAYNPKNDLTBTJ	InChI=1S/C13H20O/c1-8(2)12-6-10-5-11(7-14)13(12)4-9(10)3/h7-8,11-13H,4-6H2,1-3H3	5-methyl-7-(propan-2-yl)bicyclo[2.2.2]oct-4-ene-2-carbaldehyde	CC1=C2CC(C(C1)C(C2)C(C)C)C=O	2.20000005	109261	PubChem:(109261);NORMAN:(NS00012742)	262146
35	1	N/A	-104.90520748291576	C13H20O	[M - H2O + H]+	SPUHUUUOQNMMPE	InChI=1S/C13H20O/c1-8(2)11-5-4-9(3)12-6-10(14)7-13(11)12/h6,8-9,11,13H,4-5,7H2,1-3H3	null	CC1CCC(C2C1=CC(=O)C2)C(C)C	2.9000001	539806	PubChem:(539806);COCONUT:(CNP0092799)	2097154
36	1	N/A	-105.30947368941614	C13H20O	[M - H2O + H]+	IGPRYTURJRKOCT	InChI=1S/C13H20O/c1-9(14)4-5-10-6-7-11-12(8-10)13(11,2)3/h6,11-12H,4-5,7-8H2,1-3H3	(+)-3-Carene, 10-(acetylmethyl)-	CC(=O)CCC1=CCC2C(C1)C2(C)C	2.29999995	561019	PubChem:(561019);COCONUT:(CNP0076013)	2097154
37	1	N/A	-105.44511261803004	C13H20O	[M - H2O + H]+	OOLNKKHZTVAGAN	InChI=1S/C13H20O/c1-13(2)7-3-4-11-8-10(9-14)5-6-12(11)13/h4,9-10,12H,3,5-8H2,1-2H3	Octahydro-5,5-dimethylnaphthalene-2-carbaldehyde	CC1(CCC=C2C1CCC(C2)C=O)C	2.9000001	3034897	PubChem:(3034897);NORMAN:(NS00013058)	262146
38	1	N/A	-105.63469053484827	C13H20O	[M - H2O + H]+	JHFXONHKYKQFRD	InChI=1S/C13H20O/c14-3-1-2-13-7-10-4-11(8-13)6-12(5-10)9-13/h3,10-12H,1-2,4-9H2	null	C1C2CC3CC1CC(C2)(C3)CCC=O	3.5	46943436	PubChem:(46943436);PubChem class - bio and metabolites	16777218
39	1	N/A	-107.2078153849475	C13H20O	[M - H2O + H]+	XEJGJTYRUWUFFD	InChI=1S/C13H20O/c1-5-7-11(14)12-10(2)8-6-9-13(12,3)4/h5-8,10,12H,9H2,1-4H3	8-Damascone	CC=CC(=O)C1C(C=CCC1(C)C)C	3.4000001	42296;5365916;12978217;10198036;38988254;40428704;57034810;54465226;59841772;90951772;91261625;98207281;99644805	NORMAN:(NS00010006);COCONUT:(CNP0091801);HMDB:(35682);PubChem class - food;PubChem:(42296 5365916 12978217 10198036 38988254 40428704 57034810 54465226 59841772 90951772 91261625 98207281 99644805);YMDB Mine;PubChem class - bio and metabolites;PubChem class - safety and toxic;PubMed	34580201546
40	1	N/A	-109.25648299721199	C13H20O	[M - H2O + H]+	RKXHUEKKGCBVSR	InChI=1S/C13H20O/c1-11(2)5-3-6-12-7-4-8-13(9-12)10-14/h5,7,10,13H,3-4,6,8-9H2,1-2H3	Myrac aldehyde 1	CC(=CCCC1=CCCC(C1)C=O)C	3.0	103649	NORMAN:(NS00012964);PubChem class - safety and toxic;PubChem:(103649)	67371010
41	1	N/A	-110.37357636724326	C13H20O	[M - H2O + H]+	SQFRYZPEWOZAKJ	InChI=1S/C13H20O/c1-10-6-5-9-13(3,4)12(10)8-7-11(2)14/h5-6H,7-9H2,1-4H3	Dehydrodihydroionone	CC1=C(C(CC=C1)(C)C)CCC(=O)C	2.4000001	577126	NORMAN:(NS00013261);COCONUT:(CNP0084872);HMDB:(37139);PubChem class - food;PubChem:(577126);CHEBI:(88549);PubChem class - bio and metabolites;KEGG Mine	8743288874
42	1	N/A	-111.97540366103519	C13H20O	[M - H2O + H]+	JXJIQCXXJGRKRJ	InChI=1S/C13H20O/c1-11(2)7-5-8-12(3)9-6-10-13(4)14/h6-7,9-10H,5,8H2,1-4H3	psi-Ionone	CC(=CCCC(=CC=CC(=O)C)C)C	3.9000001	78954;1756999;1757000;1757002;1757003;10821656	HMDB:(32498);PubChem class - food;SuperNatural:(SN00290031);ZINC bio:(ZINC14556357);Plantcyc:(CPD-13371);PubMed;NORMAN:(NS00007490);COCONUT:(CNP0137850);Natural Products:(UNPD2115);PubChem:(78954 1756999 1757000 1757002 1757003 10821656);YMDB Mine;CHEBI:(67207);PubChem class - bio and metabolites;PubChem class - safety and toxic;Biocyc:(CPD-13371);KEGG Mine	43171358826
43	1	N/A	-112.10311139515113	C13H20O	[M - H2O + H]+	WJVCBBRYKVMYMG	InChI=1S/C13H20O/c1-8(2)10-6-12-9(3)4-5-11(12)13(14)7-10/h7-9,11-12H,4-6H2,1-3H3	(1S,3aR,7aS)-1-methyl-6-propan-2-yl-1,2,3,3a,7,7a-hexahydroinden-4-one	CC1CCC2C1CC(=CC2=O)C(C)C	3.0	12967770;122210685	COCONUT:(CNP0267833);Natural Products:(UNPD95990);PubChem:(12967770 122210685);SuperNatural:(SN00297226)	3178498
44	1	N/A	-113.38053899853709	C13H20O	[M - H2O + H]+	PXPDEADJZRXKIF	InChI=1S/C13H20O/c1-8-9(2)12(4,5)11(14)13(6,7)10(8)3/h2H2,1,3-7H3	2,2,3,4,6,6-hexamethyl-5-methylene-3-cyclohexen-1-one	CC1=C(C(C(=O)C(C1=C)(C)C)(C)C)C	2.5999999	3487698	PubChem:(3487698);PubChem class - safety and toxic	67108866
45	1	N/A	-116.75292390146716	C13H20O	[M - H2O + H]+	ZJZOLSQPHYEYOB	InChI=1S/C13H20O/c1-11(2)6-5-9-12-7-3-4-8-13(12)10-14/h6,10H,3-5,7-9H2,1-2H3	null	CC(=CCCC1=C(CCCC1)C=O)C	3.4000001	23219118	PubChem:(23219118);NORMAN:(NS00057397)	262146
46	1	N/A	-117.74347526506926	C13H20O	[M - H2O + H]+	OEVIJAZJVZDBQL	InChI=1S/C13H20O/c1-4-5-8-12(14)11-7-6-9-13(2,3)10-11/h4,7H,1,5-6,8-10H2,2-3H3	1-(5,5-dimethylcyclohexen-1-yl)pent-4-en-1-one	CC1(CCC=C(C1)C(=O)CCC=C)C	3.5999999	92606	NORMAN:(NS00012287);MeSH:(92606);PubChem class - safety and toxic;PubChem:(92606);PubMed	67371078
47	1	N/A	-118.09746523197714	C13H20O	[M - H2O + H]+	ZJKXUGPLOAFMNP	InChI=1S/C13H20O/c1-8(14)5-10-6-11-7-12(9(10)2)13(11,3)4/h10-12H,2,5-7H2,1,3-4H3	.beta.-Pinene, 3-(acetylmethyl)-	CC(=O)CC1CC2CC(C1=C)C2(C)C	2.5	539536	PubChem:(539536);COCONUT:(CNP0076262)	2097154
48	1	N/A	-121.59835370079851	C13H20O	[M - H2O + H]+	OAOCPPMHQWFIRS	InChI=1S/C13H20O/c1-13(2)11-7-6-10(12(13)9-11)5-3-4-8-14/h6,8,11-12H,3-5,7,9H2,1-2H3	Bicyclo(3.1.1)hept-2-ene-2-butanal, 6,6-dimethyl-	CC1(C2CC=C(C1C2)CCCC=O)C	2.5	162285;89306901;89306902	PubChem:(162285 89306901 89306902);NORMAN:(NS00056938)	262146
49	1	N/A	-121.85056855773938	C13H20O	[M - H2O + H]+	PDSPBIIMJJPMBL	InChI=1S/C13H20O/c1-10(2)13-6-4-12(3,5-7-13)8-11(13)9-14/h4,6,9-11H,5,7-8H2,1-3H3	1-Isopropyl-4-methylbicyclo(2.2.2)oct-5-ene-2-carbaldehyde	CC(C)C12CCC(CC1C=O)(C=C2)C	3.5	106964;21118211;21118212;92278748;92278799;102268164;102268166	PubChem:(106964 21118211 21118212 92278748 92278799 102268164 102268166);NORMAN:(NS00012744)	262146
50	1	N/A	-122.32012442733668	C13H20O	[M - H2O + H]+	QCGKUVQFKYIGAV	InChI=1S/C13H20O/c1-8(2)10-6-12-9(3)4-5-11(12)13(14)7-10/h6,8-9,11-12H,4-5,7H2,1-3H3	(1S,3aR,7aR)-1-methyl-6-propan-2-yl-1,2,3,3a,5,7a-hexahydroinden-4-one	CC1CCC2C1C=C(CC2=O)C(C)C	2.70000005	12967769;122210688	COCONUT:(CNP0219226);Natural Products:(UNPD67637);PubChem:(12967769 122210688);SuperNatural:(SN00322607)	3178498
51	1	N/A	-123.77075422450756	C13H20O	[M - H2O + H]+	LXYNULJSTVMWAJ	InChI=1S/C13H20O/c1-10(2)13-6-4-12(3,5-7-13)11(8-13)9-14/h4,6,9-11H,5,7-8H2,1-3H3	4-isopropyl-1-methylbicyclo[2.2.2]oct-5-ene-2-carbaldehyde	CC(C)C12CCC(C=C1)(C(C2)C=O)C	3.5	106943;21118209;21118210;92278746;92278797;102268163;102268165	NORMAN:(NS00012743);PubChem class - safety and toxic;PubChem:(106943 21118209 21118210 92278746 92278797 102268163 102268165)	67371010
52	1	N/A	-125.07712508808729	C13H20O	[M - H2O + H]+	GRCMSFFGWKAZLY	InChI=1S/C13H20O/c1-12(2)10-6-4-5-8-13(10,3)9-7-11(12)14/h6H,4-5,7-9H2,1-3H3	1,1,4a-trimethyl-4,5,6,7-tetrahydro-3H-naphthalen-2-one	CC1(C(=O)CCC2(C1=CCCC2)C)C	3.0999999	535380;21717982;55263459	PubChem:(535380 21717982 55263459);COCONUT:(CNP0086187)	2097154
53	1	N/A	-126.71143331325986	C13H20O	[M - H2O + H]+	BLZZNBSCWYINFA	InChI=1S/C13H20O/c1-10-8-9-12(13(10,3)4)7-5-6-11(2)14/h5,7-8,12H,6,9H2,1-4H3	5-(2,2,3-Trimethyl-3-cyclopenten-1-yl)pent-4-en-2-one	CC1=CCC(C1(C)C)C=CCC(=O)C	2.5999999	108357;6504541	PubChem:(108357 6504541);NORMAN:(NS00055852)	262146
54	1	N/A	-126.93086232541481	C13H20O	[M - H2O + H]+	RFOFRIOMKNGUNG	InChI=1S/C13H20O/c1-9(14)4-7-12-10-5-6-11(8-10)13(12,2)3/h4,7,10-12H,5-6,8H2,1-3H3	4-(3,3-Dimethyl-2-norbornyl)-3-buten-2-one	CC(=O)C=CC1C2CCC(C2)C1(C)C	3.29999995	6452447;20981734;131239797	PubChem:(6452447 20981734 131239797);NORMAN:(NS00056668)	262146
55	1	N/A	-131.2410673041612	C13H20O	[M - H2O + H]+	WJWBVJLPGOYBGM	InChI=1S/C13H20O/c1-3-4-10-13(14)11(2)12-8-6-5-7-9-12/h3,12H,1-2,4-10H2	1,6-Heptadien-3-one, 2-cyclohexyl-	C=CCCC(=O)C(=C)C1CCCCC1	4.0999999	15897831	PubChem:(15897831);PubChem class - safety and toxic	67108866
56	1	N/A	-132.1982547212697	C13H20O	[M - H2O + H]+	WKNLFMXMEHMEGH	InChI=1S/C13H20O/c1-9-5-4-6-12-7-11(10(2)14)8-13(9,12)3/h8-9,12H,4-7H2,1-3H3	null	CC1CCCC2C1(C=C(C2)C(=O)C)C	3.5999999	72189088;101380771;117654909	COCONUT:(CNP0262571);Natural Products:(UNPD47303);PubChem:(72189088 101380771 117654909);SuperNatural:(SN00351922)	3178498
57	1	N/A	-132.44433125091064	C13H20O	[M - H2O + H]+	VNZLXHULMGQBBV	InChI=1S/C13H20O/c1-9-8-10(14)11-12(2,3)6-5-7-13(9,11)4/h8,11H,5-7H2,1-4H3	1H-Inden-1-one, 3a,4,5,6,7,7a-hexahydro-3,3a,7,7-tetramethyl-	CC1=CC(=O)C2C1(CCCC2(C)C)C	3.4000001	12600978;89515399;90388757	PubChem:(12600978 89515399 90388757);PubChem class - safety and toxic	67108866
58	1	N/A	-133.90889019019318	C13H20O	[M - H2O + H]+	JFNVNVBVTVTZIZ	InChI=1S/C13H20O/c1-10-6-5-9-13(3,4)12(10)8-7-11(2)14/h7,10H,5-6,9H2,1-4H3	null	CC1CCCC(C1=C=CC(=O)C)(C)C	3.37259102	""	COCONUT:(CNP0074952)	2097152
59	1	N/A	-135.4433186647209	C13H20O	[M - H2O + H]+	XQKOWLJBFQBFMO	InChI=1S/C13H20O/c1-9(2)10-3-4-12-8-13(14)6-5-11(12)7-10/h8-11H,3-7H2,1-2H3	4,4a,5,6,7,8-Hexahydro-6-isopropyl-2(3H)naphthalenone	CC(C)C1CCC2=CC(=O)CCC2C1	2.9000001	118133	PubChem:(118133);NORMAN:(NS00054456)	262146
60	1	N/A	-137.01690991696555	C13H20O	[M - H2O + H]+	RDSXSBDWUFIODU	InChI=1S/C13H20O/c1-9(2)13-8-11(14)7-10-5-3-4-6-12(10)13/h7,9,12-13H,3-6,8H2,1-2H3	4-propan-2-yl-4,4a,5,6,7,8-hexahydro-3H-naphthalen-2-one	CC(C)C1CC(=O)C=C2C1CCCC2	3.0999999	1788148;1788150;1788151;3661066;6574144	COCONUT:(CNP0364410);PubChem:(1788148 1788150 1788151 3661066 6574144);SuperNatural:(SN00060384 SN00067661 SN00060383);ZINC bio:(ZINC02132734 ZINC02132735 ZINC04026718)	3153922
61	1	N/A	-143.0568958447205	C13H20O	[M - H2O + H]+	SJICFWRZYCWFOK	InChI=1S/C13H20O/c1-10-6-5-9-13(3,4)12(10)8-7-11(2)14/h5-8,11,14H,9H2,1-4H3	dehydro-.beta.-ionol	CC1=C(C(CC=C1)(C)C)C=CC(C)O	2.70000005	6428792;71354538	COCONUT:(CNP0395081);Natural Products:(UNPD51828);PubChem:(6428792 71354538);SuperNatural:(SN00311704)	3178498
62	1	N/A	-151.612741593399	C13H20O	[M - H2O + H]+	FFPUXAKQEIEKNL	InChI=1S/C13H20O/c1-5-6-9-10-7-8-13(4,11(9)14)12(10,2)3/h6,10H,5,7-8H2,1-4H3	4,7,7-trimethyl-2-propylidenebicyclo[2.2.1]heptan-3-one	CCC=C1C2CCC(C1=O)(C2(C)C)C	3.29999995	2750177;7159050;7159051;6377690;23310153;23310154;51521320;98103066;124767793	COCONUT:(CNP0057974);PubChem:(2750177 7159050 7159051 6377690 23310153 23310154 51521320 98103066 124767793);SuperNatural:(SN00129469 SN00132983);ZINC bio:(ZINC04266286 ZINC13404192)	3153922
63	1	N/A	-156.49110511172103	C13H20O	[M - H2O + H]+	MHUYBIUXLMLCJM	InChI=1S/C13H20O/c1-9-10(14)8-11-12(2,3)6-5-7-13(9,11)4/h5,7-10,14H,6H2,1-4H3	null	CC1C(C=C2C1(C=CCC2(C)C)C)O	2.9000001	66963592;101609001;130755643;130875573	COCONUT:(CNP0127931);HMDB:(36684);KNApSAcK:(21957);Natural Products:(UNPD99962);PubChem class - food;PubChem:(66963592 101609001 130755643 130875573);SuperNatural:(SN00225043);PubChem class - bio and metabolites	154173466
64	1	N/A	-165.53793003639385	C13H20O	[M - H2O + H]+	XHWBNIKVUZLLKD	InChI=1S/C13H20O/c1-9-3-5-11(8-14)7-13-10(2)4-6-12(9)13/h3,6,10-11,13-14H,4-5,7-8H2,1-2H3	[(3R,3aR,5R)-3,8-dimethyl-2,3,3a,4,5,6-hexahydroazulen-5-yl]methanol	CC1CC=C2C1CC(CC=C2C)CO	2.20000005	3085916;78302621	PubChem:(3085916 78302621);NORMAN:(NS00022733)	262146
65	1	N/A	-167.66839435051767	C13H20O	[M - H2O + H]+	DUQZZCOYQGZPEG	InChI=1S/C13H20O/c1-5-6-10-12-9(2)7-8-11(14-10)13(12,3)4/h5-7,10-12H,8H2,1-4H3	(2S,6R,7S,8E)-(+)-2,7-Epoxy-4,8-megastigmadiene	CC=CC1C2C(=CCC(C2(C)C)O1)C	2.9000001	572309;5369994;73945303	COCONUT:(CNP0162578);Natural Products:(UNPD160387);PubChem:(572309 5369994 73945303);SuperNatural:(SN00270155)	3178498
66	1	N/A	-173.70555725305275	C13H20O	[M - H2O + H]+	BIXIZZVISIZZDM	InChI=1S/C13H20O/c1-2-3-4-5-6-7-8-9-10-11-12-13-14/h6-7,9-13H,2-5,8H2,1H3	2,4,7-tridecatrienal	CCCCCC=CCC=CC=CC=O	4.19999981	61647;5283364;6421281;6429289;90106722	NORMAN:(NS00053410);COCONUT:(CNP0140048);HMDB:(33545);PubChem class - food;PubChem:(61647 5283364 6421281 6429289 90106722);YMDB Mine;PubChem class - bio and metabolites;PubMed;KEGG Mine	43103027274
67	1	N/A	-178.21918536044316	C13H20O	[M - H2O + H]+	VZNKGWCUZJXNCF	InChI=1S/C13H20O/c1-5-6-11-12-9(2)10(14-11)7-8-13(12,3)4/h5-6,10-12H,2,7-8H2,1,3-4H3	null	CC=CC1C2C(=C)C(O1)CCC2(C)C	2.79999995	73945304;101413332	COCONUT:(CNP0132200);Natural Products:(UNPD89734);PubChem:(73945304 101413332);SuperNatural:(SN00403541)	3178498
68	1	N/A	-181.99863728244478	C13H20O	[M - H2O + H]+	USLRBUJWLBCXJZ	InChI=1S/C13H20O/c14-13-10-5-3-7-12(13)11-6-2-1-4-9(11)8-10/h10,12-14H,1-8H2	1,2,3,4,5,6,7,8,9,10-decahydro-5,9-methanobenzo[8]annulen-11-ol	C1CCC2=C(C1)CC3CCCC2C3O	2.29999995	3674424;11872093;18397697;16395207;98133926;101336487;130634202;130756099;130945442	COCONUT:(CNP0360997);PubChem:(3674424 11872093 18397697 16395207 98133926 101336487 130634202 130756099 130945442);SuperNatural:(SN00066392);ZINC bio:(ZINC04023575)	3153922
69	1	N/A	-185.59567367467122	C13H20O	[M - H2O + H]+	DLEMRFDETAPXPQ	InChI=1S/C13H20O/c1-13(2)5-4-9-8-6-10(12(9)13)11(7-8)14-3/h4-5,8-12H,6-7H2,1-3H3	null	CC1(C=CC2C1C3CC2CC3OC)C	3.0	21150993	PubChem:(21150993);NORMAN:(NS00062220)	262146
70	1	N/A	-193.66659006865413	C13H20O	[M - H2O + H]+	AOANZJQNJMQQPK	InChI=1S/C13H20O/c1-5-6-11-10-7-8-13(3,4)12(14-11)9(10)2/h5-6,10-12H,2,7-8H2,1,3-4H3	null	CC=CC1C2CCC(C(C2=C)O1)(C)C	3.17564178	""	COCONUT:(CNP0275809);Natural Products:(UNPD127731);SuperNatural:(SN00227167)	3178496
71	1	N/A	-198.01823964993216	C13H20O	[M - H2O + H]+	KYOSLSFHZKIUEM	InChI=1S/C13H20O/c1-10-6-7-11-12(2,3)8-5-9-13(11,4)14-10/h6-7H,5,8-9H2,1-4H3	Cycloionone	CC1=CC=C2C(CCCC2(O1)C)(C)C	3.4000001	110664;76969568;76969569	NORMAN:(NS00044240);COCONUT:(CNP0075989);HMDB:(36144);PubChem class - food;PubChem:(110664 76969568 76969569);PubChem class - bio and metabolites	153354250
72	1	N/A	-201.30380074602914	C13H20O	[M - H2O + H]+	VNRPVAMHSZBGBD	InChI=1S/C13H20O/c1-5-13(4,14)11-9-6-7-10(8-9)12(11,2)3/h5-7,9-11,14H,1,8H2,2-4H3	Bicyclo[2.2.1]hept-5-ene-2-methanol,a-ethenyl-a,3,3-trimethyl-	CC1(C2CC(C1C(C)(C=C)O)C=C2)C	2.9000001	44145225	PubChem:(44145225);NORMAN:(NS00059509)	262146
73	1	N/A	-204.65373389864874	C13H20O	[M - H2O + H]+	RQRYGVZUUYYXGA	InChI=1S/C13H20O/c1-10(2)13-6-4-12(5-7-13)8-11(3)9-14/h4-7,10-11,14H,8-9H2,1-3H3	Cyclamen alcohol	CC(C)C1=CC=C(C=C1)CC(C)CO	3.4000001	107334;92278803;92278807	NORMAN:(NS00044405);MeSH:(107334);PubChem class - safety and toxic;PubChem:(107334 92278803 92278807)	67371014
74	1	N/A	-210.1506876120794	C13H20O	[M - H2O + H]+	OKIYXOGGIXBEPO	InChI=1S/C13H20O/c1-4-7-10(3)12-9-6-8-11(5-2)13(12)14/h6,8-10,14H,4-5,7H2,1-3H3	2-ethyl-6-pentan-2-ylphenol	CCCC(C)C1=CC=CC(=C1O)CC	4.5999999	3058294;124389054;124389055	PubChem class - safety and toxic;PubChem:(3058294 124389054 124389055);PubMed	67108930
75	1	N/A	-212.70900149754922	C13H20O	[M - H2O + H]+	IMXWSBUOJQZJJZ	InChI=1S/C13H20O/c1-9-5-6-10(2)13(12(9)4)8-7-11(3)14/h5-6,11,14H,7-8H2,1-4H3	4-(2,3,6-Trimethylphenyl)butan-2-ol	CC1=C(C(=C(C=C1)C)CCC(C)O)C	3.4000001	522200	COCONUT:(CNP0299337);Natural Products:(UNPD55179);PubChem:(522200);SuperNatural:(SN00258729)	3178498
76	1	N/A	-213.92905646551233	C13H20O	[M - H2O + H]+	VQTSUDONSIEYQP	InChI=1S/C13H20O/c1-4-12(14)13(2,3)10-11-8-6-5-7-9-11/h5-9,12,14H,4,10H2,1-3H3	2,2-Dimethyl-1-phenylpentan-3-ol	CCC(C(C)(C)CC1=CC=CC=C1)O	3.5999999	3023089	PubChem:(3023089);NORMAN:(NS00063564)	262146
77	1	N/A	-217.3417547961258	C13H20O	[M - H2O + H]+	LLHPHBPRKKKJBB	InChI=1S/C13H20O/c1-8-10-7-9-5-4-6-13(8,2)11(9)12(10)14-3/h9-12H,1,4-7H2,2-3H3	null	CC12CCCC3C1C(C(C3)C2=C)OC	2.88316917	""	COCONUT:(CNP0380493);SuperNatural:(SN00170360)	3145728
78	1	N/A	-220.31108921781816	C13H20O	[M - H2O + H]+	NMTCMJXRNZCLIH	InChI=1S/C13H20O/c1-5-10(4)12-8-6-7-11(9(2)3)13(12)14/h6-10,14H,5H2,1-4H3	2-sec-Butyl-6-isopropylphenol	CCC(C)C1=CC=CC(=C1O)C(C)C	4.19750929	3058299;25134494;25134495	PubChem class - safety and toxic;PubChem:(3058299 25134494 25134495);PubMed	67108930
79	1	N/A	-222.96886555805014	C13H20O	[M - H2O + H]+	DASIOEIBURQFMM	InChI=1S/C13H20O/c1-4-7-11-8-6-9-12(13(11)14)10(3)5-2/h6,8-10,14H,4-5,7H2,1-3H3	2-sec-Butyl-6-propylphenol	CCCC1=C(C(=CC=C1)C(C)CC)O	4.41708136	3058295;124389048;124389049	PubChem class - safety and toxic;PubChem:(3058295 124389048 124389049);PubMed	67108930
80	1	N/A	-223.65595557624343	C13H20O	[M - H2O + H]+	IZXWIWYERZDWOA	InChI=1S/C13H20O/c1-10(2)8-12-4-6-13(7-5-12)11(3)9-14/h4-7,10-11,14H,8-9H2,1-3H3	Ibuprofen Alcohol	CC(C)CC1=CC=C(C=C1)C(C)CO	3.4000001	595160;11745483;53944194;71749439	PubChem:(595160 11745483 53944194 71749439);NORMAN:(NS00001582)	262146
81	1	N/A	-224.37413132271018	C13H20O	[M - H2O + H]+	BPNNRHSEXOXXJY	InChI=1S/C13H20O/c1-9(2)7-11-5-6-13(14)12(8-11)10(3)4/h5-6,8-10,14H,7H2,1-4H3	4-Isobutyl-2-isopropylphenol	CC(C)CC1=CC(=C(C=C1)O)C(C)C	4.30000019	3022448	PubChem:(3022448);NORMAN:(NS00039638)	262146
82	1	N/A	-226.15069269849627	C13H20O	[M - H2O + H]+	LQCZIRGCOVVBOQ	InChI=1S/C13H20O/c1-8(2)11-6-10(5)13(9(3)4)12(14)7-11/h6-9,14H,1-5H3	Phenol, 3-methyl-2,5-bis(1-methylethyl)-	CC1=CC(=CC(=C1C(C)C)O)C(C)C	4.19999981	20447657	COCONUT:(CNP0172722);HMDB:(29822);Natural Products:(UNPD163217);PubChem:(20447657);SuperNatural:(SN00329643);PubChem class - bio and metabolites	19955722
83	1	N/A	-227.9227015808676	C13H20O	[M - H2O + H]+	ITKKKGJNTAMQRQ	InChI=1S/C13H20O/c1-5-13(14)12-8-11(9(2)3)7-6-10(12)4/h6-9,13-14H,5H2,1-4H3	1-(2-methyl-5-propan-2-ylphenyl)propan-1-ol	CCC(C1=C(C=CC(=C1)C(C)C)C)O	3.5	3019720	PubChem:(3019720);NORMAN:(NS00058512)	262146
84	1	N/A	-228.40970971306805	C13H20O	[M - H2O + H]+	ABPIMHOWWQRNLJ	InChI=1S/C13H20O/c1-8(2)11-6-7-12(9(3)4)13(14)10(11)5/h6-9,14H,1-5H3	2,5-Diisopropyl-6-methylphenol	CC1=C(C=CC(=C1O)C(C)C)C(C)C	4.19999981	3058305	PubChem class - safety and toxic;PubChem:(3058305);PubMed	67108930
85	1	N/A	-229.15141108386067	C13H20O	[M - H2O + H]+	PNTYWMCFKKJDAA	InChI=1S/C13H20O/c1-8(2)11-6-10(5)7-12(9(3)4)13(11)14/h6-9,14H,1-5H3	2,6-Diisopropyl-4-methylphenol	CC1=CC(=C(C(=C1)C(C)C)O)C(C)C	4.19999981	96626	PubChem class - safety and toxic;PubChem:(96626);PubMed;KEGG Mine	8657043522
86	1	N/A	-229.18842015026826	C13H20O	[M - H2O + H]+	ILDNMANLKZLCQO	InChI=1S/C13H20O/c1-5-8-14-13-9-11(4)6-7-12(13)10(2)3/h6-7,9-10H,5,8H2,1-4H3	Propyl thymyl ether	CCCOC1=C(C=CC(=C1)C)C(C)C	4.35942316	57048	PubChem:(57048);PubChem class - safety and toxic	67108866
87	1	N/A	-229.47084889847127	C13H20O	[M - H2O + H]+	DUPDJVDPPBFBPL	InChI=1S/C13H20O/c1-10-6-5-8-12(3,4)13(10)9-7-11(2)14-13/h5-6,11H,1,7-9H2,2-4H3	Vitispirane	CC1CCC2(O1)C(=C)C=CCC2(C)C	3.0999999	6450832;15624540;15624541;91747383;91748031;121488473	COCONUT:(CNP0280652);HMDB:(36818);Natural Products:(UNPD82353 UNPD35996 UNPD98563);PubChem:(6450832 15624540 15624541 91747383 91748031 121488473);SuperNatural:(SN00289105 SN00292111 SN00228884);PubChem class - bio and metabolites;YMDB:(1413)	20021258
88	1	N/A	-231.654576734525	C13H20O	[M - H2O + H]+	NEDVUILHWFLOCF	InChI=1S/C13H20O/c1-9(2)12-7-6-11(5)8-13(12)14-10(3)4/h6-10H,1-5H3	Isopropyl thymyl ether	CC1=CC(=C(C=C1)C(C)C)OC(C)C	4.36273146	57049	PubChem:(57049);PubChem class - safety and toxic	67108866
89	1	N/A	-232.04413401626374	C13H20O	[M - H2O + H]+	QQEUXAUJMUFLIX	InChI=1S/C13H20O/c1-8-10-6-12-9(11(10)7-14)4-3-5-13(8,12)2/h9-12,14H,1,3-7H2,2H3	null	CC12CCCC3C1CC(C3CO)C2=C	2.69977331	""	COCONUT:(CNP0213535);SuperNatural:(SN00170366)	3145728
90	1	N/A	-233.21139493840676	C13H20O	[M - H2O + H]+	KEGGEHPMMDYTGB	InChI=1S/C13H20O/c1-8(2)11-7-6-10(5)12(9(3)4)13(11)14/h6-9,14H,1-5H3	2,6-Diisopropyl-m-cresol	CC1=C(C(=C(C=C1)C(C)C)O)C(C)C	4.19999981	119956	NORMAN:(NS00028484);COCONUT:(CNP0153930);HMDB:(29820);Natural Products:(UNPD177927);PubChem:(119956);SuperNatural:(SN00257674);PubChem class - bio and metabolites;PubChem class - safety and toxic;PubMed;KEGG Mine	8677261386
91	1	N/A	-235.39446462570572	C13H20O	[M - H2O + H]+	BXVWNVFSJFBMTG	InChI=1S/C13H20O/c1-10-6-5-8-12(3,4)13(10)9-7-11(2)14-13/h6-7,9,11H,5,8H2,1-4H3	2,6,10,10-tetramethyl-1-oxaspiro[4.5]deca-3,6-diene	CC1C=CC2(O1)C(=CCCC2(C)C)C	2.9000001	171338	PubChem:(171338);NORMAN:(NS00057529)	262146
92	1	N/A	-238.02913073950447	C13H20O	[M - H2O + H]+	QXVWWADASQRJAU	InChI=1S/C13H20O/c1-4-5-7-11-8-6-9-12(10(2)3)13(11)14/h6,8-10,14H,4-5,7H2,1-3H3	2-Butyl-6-isopropylphenol	CCCCC1=C(C(=CC=C1)C(C)C)O	4.5999999	211162	PubChem class - safety and toxic;PubChem:(211162);PubMed	67108930
93	1	N/A	-239.22170619661856	C13H20O	[M - H2O + H]+	UJBZHJNVIHOWFA	InChI=1S/C13H20O/c1-8(2)11-7-13(14)12(9(3)4)6-10(11)5/h6-9,14H,1-5H3	4-Methyl-2,5-diisopropylphenol	CC1=CC(=C(C=C1C(C)C)O)C(C)C	4.19999981	139921	COCONUT:(CNP0110468);HMDB:(29821);Natural Products:(UNPD33845);PubChem:(139921);SuperNatural:(SN00359221);PubChem class - bio and metabolites	19955722
94	1	N/A	-240.67979656707902	C13H20O	[M - H2O + H]+	VCHHFAUHGLYASU	InChI=1S/C13H20O/c1-8(2)11-6-10(5)7-12(14)13(11)9(3)4/h6-9,14H,1-5H3	null	CC1=CC(=C(C(=C1)O)C(C)C)C(C)C	4.19999981	58446461	COCONUT:(CNP0120356);HMDB:(29825);Natural Products:(UNPD23886);PubChem:(58446461);SuperNatural:(SN00331539);PubChem class - bio and metabolites	19955722
95	1	N/A	-240.7897185266472	C13H20O	[M - H2O + H]+	AKIHZTRJDCMLGB	InChI=1S/C13H20O/c1-6-13(4,5)11-7-9(2)12(14)10(3)8-11/h7-8,14H,6H2,1-5H3	2,6-dimethyl-4-(2-methylbutan-2-yl)phenol	CCC(C)(C)C1=CC(=C(C(=C1)C)O)C	4.5	3348569	PubChem:(3348569);PubChem class - safety and toxic	67108866
96	1	N/A	-242.84401310337333	C13H20O	[M - H2O + H]+	NNSNIMZGXLISCO	InChI=1S/C13H20O/c1-8(2)11-7-12(9(3)4)13(14)6-10(11)5/h6-9,14H,1-5H3	2,4-Diisopropyl-5-methylphenol	CC1=CC(=C(C=C1C(C)C)C(C)C)O	4.19999981	527839	COCONUT:(CNP0105760);HMDB:(29823);Natural Products:(UNPD5917);PubChem:(527839);SuperNatural:(SN00373850);ZINC bio:(ZINC15119192);PubChem class - bio and metabolites	19963914
97	1	N/A	-243.8486761214402	C13H20O	[M - H2O + H]+	KXLQULHLCDGRKG	InChI=1S/C13H20O/c1-9(2)10-6-7-12(14)11(8-10)13(3,4)5/h6-9,14H,1-5H3	2-tert-Butyl-4-isopropylphenol	CC(C)C1=CC(=C(C=C1)O)C(C)(C)C	4.4000001	24240	NORMAN:(NS00037745);PubChem class - safety and toxic;PubChem:(24240)	67371010
98	1	N/A	-244.75922041475823	C13H20O	[M - H2O + H]+	NAOSNNNYJHAZGY	InChI=1S/C13H20O/c1-8(2)11-6-7-12(14)13(9(3)4)10(11)5/h6-9,14H,1-5H3	2,4-Diisopropyl-m-cresol	CC1=C(C=CC(=C1C(C)C)O)C(C)C	4.19999981	169279	NORMAN:(NS00049997);COCONUT:(CNP0321252);HMDB:(29824);Natural Products:(UNPD82477);PubChem class - food;PubChem:(169279);PubChem class - bio and metabolites	153387018
99	1	N/A	-245.4537407804521	C13H20O	[M - H2O + H]+	RRUCICKXWFEVIP	InChI=1S/C13H20O/c1-5-6-7-10-12(2,3)11-8-9-13(10,4)14-11/h5-7,11H,8-9H2,1-4H3	7-Oxabicyclo[2.2.1]heptane, 2-(2-butenylidene)-1,3,3-trimethyl-	CC=CC=C1C(C2CCC1(O2)C)(C)C	2.9000001	14542438;14542439;54282525;88767958;101321340	COCONUT:(CNP0318454);Natural Products:(UNPD78664 UNPD89615 UNPD85579);PubChem:(14542438 14542439 54282525 88767958 101321340);SuperNatural:(SN00276107 SN00387126 SN00394777)	3178498
100	1	N/A	-248.87210697776035	C13H20O	[M - H2O + H]+	MIYLVQHVMLKMCN	InChI=1S/C13H20O/c1-4-12(14)10-13(2,3)11-8-6-5-7-9-11/h5-9,12,14H,4,10H2,1-3H3	5-Methyl-5-phenylhexan-3-ol	CCC(CC(C)(C)C1=CC=CC=C1)O	3.70000005	107362	PubChem:(107362);NORMAN:(NS00046419)	262146
101	1	N/A	-251.92832888906847	C13H20O	[M - H2O + H]+	SYKBGUJIIKIFGG	InChI=1S/C13H20O/c1-8-6-11-9-4-5-10(7-9)12(11)13(8,2)14-3/h6,9-12H,4-5,7H2,1-3H3	null	CC1=CC2C3CCC(C3)C2C1(C)OC	2.5999999	139597189	PubChem:(139597189);NORMAN:(NS00064436)	262146
102	1	N/A	-253.39944269935017	C13H20O	[M - H2O + H]+	RFMGDEQGIOAYPI	InChI=1S/C13H20O/c1-2-6-13(14)8-9-7-12(13)11-5-3-4-10(9)11/h2,9-12,14H,1,3-8H2	8-allyltricyclo[5.2.1.02,6]decan-8-ol	C=CCC1(CC2CC1C3C2CCC3)O	3.20000005	108464	PubChem:(108464);NORMAN:(NS00055934)	262146
103	1	N/A	-254.39895590934094	C13H20O	[M - H2O + H]+	KISBBLYGYMSWPF	InChI=1S/C13H20O/c1-8-9(2)11(4)13(6-7-14)12(5)10(8)3/h14H,6-7H2,1-5H3	2-(2,3,4,5,6-pentamethylphenyl)ethanol	CC1=C(C(=C(C(=C1C)C)CCO)C)C	3.29999995	4084273	PubChem:(4084273);PubChem class - safety and toxic	67108866
104	1	N/A	-254.47545124180442	C13H20O	[M - H2O + H]+	HUXGOQHTDHIKSS	InChI=1S/C13H20O/c1-10-6-7-11-12(2,3)8-5-9-13(11,4)14-10/h5,7,9-10H,6,8H2,1-4H3	Edulan I	CC1CC=C2C(CC=CC2(O1)C)(C)C	3.0	521066;6432427;6432428;22211686;91747161;101821078	COCONUT:(CNP0248497);HMDB:(34959);Natural Products:(UNPD79621 UNPD154234 UNPD143533);PubChem:(521066 6432427 6432428 22211686 91747161 101821078);SuperNatural:(SN00277911 SN00346010 SN00257626);PubChem class - bio and metabolites	19955722
105	1	N/A	-255.89238239254655	C13H20O	[M - H2O + H]+	FIWYWGLEPWBBQU	InChI=1S/C13H20O/c1-2-3-4-5-6-9-12-10-7-8-11-13(12)14/h7-8,10-11,14H,2-6,9H2,1H3	2-Heptylphenol	CCCCCCCC1=CC=CC=C1O	4.60248852	33668	PubChem:(33668);PubChem class - safety and toxic	67108866
106	1	N/A	-257.95511295122185	C13H20O	[M - H2O + H]+	WYTVJTNOJJKEEQ	InChI=1S/C13H20O/c1-9-5-6-10(2)13(12(9)4)8-7-11(3)14-13/h6-9,11-12H,5H2,1-4H3	2,6,9,10-Tetramethyl-1-oxaspiro(4.5)deca-3,6-diene	CC1CC=C(C2(C1C)C=CC(O2)C)C	2.9000001	116740;134612775	NORMAN:(NS00020115);COCONUT:(CNP0029642);HMDB:(36022);PubChem:(116740 134612775);PubChem class - bio and metabolites	19136522
107	1	N/A	-263.0251402205906	C13H20O	[M - H2O + H]+	DOISHLXLWZJLHG	InChI=1S/C13H20O/c1-3-5-8-12-10-6-9-11(7-4-2)13(12)14/h6,9-10,14H,3-5,7-8H2,1-2H3	2-Butyl-6-propylphenol	CCCCC1=CC=CC(=C1O)CCC	4.63665295	211161	PubChem class - safety and toxic;PubChem:(211161);PubMed	67108930
108	1	N/A	-268.3292240528248	C13H20O	[M - H2O + H]+	KNDDEFBFJLKPFE	InChI=1S/C13H20O/c1-2-3-4-5-6-7-12-8-10-13(14)11-9-12/h8-11,14H,2-7H2,1H3	p-Heptylphenol	CCCCCCCC1=CC=C(C=C1)O	4.60248852	16143	NORMAN:(NS00015628);COCONUT:(CNP0020938);PubChem:(16143);CHEBI:(34438);PubChem class - bio and metabolites;KEGG:(C14698);PubChem class - safety and toxic;PubMed	86245730
109	1	N/A	-268.48930752730604	C13H20O	[M - H2O + H]+	IBFSAMQOXINELW	InChI=1S/C13H20O/c1-8-7-11(13(4,5)6)12(14)10(3)9(8)2/h7,14H,1-6H3	Phenol, 6-(1,1-dimethylethyl)-2,3,4-trimethyl-	CC1=CC(=C(C(=C1C)C)O)C(C)(C)C	4.30000019	20526228	PubChem:(20526228);NORMAN:(NS00002690)	262146
110	1	N/A	-270.3814824529936	C13H20O	[M - H2O + H]+	GQRGXESWLIFSLM	InChI=1S/C13H20O/c1-8-3-4-9-7-11(9)12-10(8)5-6-13(12,2)14/h9-12,14H,1,3-7H2,2H3	null	CC1(CCC2C1C3CC3CCC2=C)O	2.86999393	""	COCONUT:(CNP0410255);SuperNatural:(SN00178049)	3145728
111	1	N/A	-272.68472467652566	C13H20O	[M - H2O + H]+	BHQBQWOZHYUVTL	InChI=1S/C13H20O/c1-12(2)8-10-14-11-9-13-6-4-3-5-7-13/h3-7,12H,8-11H2,1-2H3	Anther	CC(C)CCOCCC1=CC=CC=C1	3.70000005	91978	NORMAN:(NS00012662);COCONUT:(CNP0002392);HMDB:(41615);PubChem class - food;PubChem:(91978);PubChem class - bio and metabolites;PubChem class - safety and toxic	220463114
112	1	N/A	-276.32799165793267	C13H20O	[M - H2O + H]+	SEICEBVLIVBNTL	InChI=1S/C13H20O/c1-3-12(2)11-14-10-9-13-7-5-4-6-8-13/h4-8,12H,3,9-11H2,1-2H3	2-(2-methylbutoxy)ethylbenzene	CCC(C)COCCC1=CC=CC=C1	3.70000005	3023979;92953731;92953732	PubChem:(3023979 92953731 92953732);NORMAN:(NS00066724)	262146
113	1	N/A	-279.17029241497085	C13H20O	[M - H2O + H]+	JDJZAKLOMAHING	InChI=1S/C13H20O/c1-3-10-9-7-12(11(10)4-1)13(8-9)5-2-6-14-13/h9-12H,1-8H2	Decahydrospiro(furan-2(3H),5''-(4,7)methano(5H)indene)	C1CC2C(C1)C3CC2CC34CCCO4	3.0999999	109415	NORMAN:(NS00012187);PubChem class - safety and toxic;PubChem:(109415)	67371010
114	1	N/A	-284.1104930322182	C13H20O	[M - H2O + H]+	HNIRLTDJIGVHOG	InChI=1S/C13H20O/c1-2-3-7-11-14-12-10-13-8-5-4-6-9-13/h4-6,8-9H,2-3,7,10-12H2,1H3	2-pentoxyethylbenzene	CCCCCOCCC1=CC=CC=C1	3.79999995	3022447	PubChem:(3022447);NORMAN:(NS00039637)	262146
115	1	N/A	-287.42030759505195	C13H20O	[M - H2O + H]+	CBXXPNJELNWJCH	InChI=1S/C13H20O/c1-2-3-4-8-11-14-12-13-9-6-5-7-10-13/h5-7,9-10H,2-4,8,11-12H2,1H3	Hexoxymethylbenzene	CCCCCCOCC1=CC=CC=C1	3.9000001	3587332;46844234;101932917	PubChem:(3587332 46844234 101932917);PubChem class - safety and toxic	67108866
116	1	N/A	-295.2937942208925	C13H20O	[M - H2O + H]+	DYXAQDSLRRVGHL	InChI=1S/C13H20O/c1-3-4-5-6-7-12-9-8-11(2)10-13(12)14/h8-10,14H,3-7H2,1-2H3	6-Hexyl-m-cresol	CCCCCCC1=C(C=C(C=C1)C)O	4.9000001	38259	PubChem:(38259);PubChem class - safety and toxic	67108866
1	1	N/A	-89.60585486628307	C13H18	[M + H]+	XOFDOXJFXCEFDE	InChI=1S/C13H18/c1-10-6-7-11-12(2,3)8-5-9-13(10,11)4/h5-7,9H,8H2,1-4H3	ACMC-20ausx	CC1=CC=C2C1(C=CCC2(C)C)C	3.70000005	528761;101599337	COCONUT:(CNP0215359);HMDB:(36683);KNApSAcK:(21911);Natural Products:(UNPD122069);PubChem:(528761 101599337);SuperNatural:(SN00249287);PubChem class - bio and metabolites	19955738
2	1	N/A	-120.85008202617921	C13H18	[M + H]+	ZFZCDJRTJOBZBK	InChI=1S/C13H18/c1-10(2)11(3)12(4)13-8-6-5-7-9-13/h5-9,11-12H,1H2,2-4H3	3,4-dimethylpent-4-en-2-ylbenzene	CC(C1=CC=CC=C1)C(C)C(=C)C	4.5999999	3021007;9989726;10374921	PubChem:(3021007 9989726 10374921);NORMAN:(NS00065595)	262146
3	1	N/A	-127.30057192917009	C13H18	[M + H]+	KKCXDWJDGRCIAB	InChI=1S/C13H18/c1-2-4-11(5-3-1)13-9-10-6-7-12(13)8-10/h1-2,6-7,10-13H,3-5,8-9H2	2-(4-Cyclohexenyl)bicyclo(2.2.1)hept-5-ene	C1CC(CC=C1)C2CC3CC2C=C3	4.0	20835;102092081;102092082	PubChem:(20835 102092081 102092082);PubChem class - safety and toxic	67108866
4	1	N/A	-146.95017702789252	C13H18	[M + H]+	ZCCJDSYKFPGANQ	InChI=1S/C13H18/c1-5-6-11-7-9-12(10-8-11)13(2,3)4/h5,7-10H,1,6H2,2-4H3	3-(4-tert-Butylphenyl)-1-propene	CC(C)(C)C1=CC=C(C=C1)CC=C	4.69999981	2757317	PubChem:(2757317);PubChem class - safety and toxic	67108866
5	1	N/A	-152.21826752449704	C13H18	[M + H]+	IJCHLLYFYYRFAP	InChI=1S/C13H18/c1-3-5-7-13-10-8-12(6-4-2)9-11-13/h4,8-11H,2-3,5-7H2,1H3	1-butyl-4-prop-2-enylbenzene	CCCCC1=CC=C(C=C1)CC=C	4.9000001	2757316	PubChem:(2757316);PubChem class - safety and toxic	67108866
6	1	N/A	-154.78773443043565	C13H18	[M + H]+	IRICXAFZMINCTB	InChI=1S/C13H18/c1-5-6-13-9-12(10(2)3)8-7-11(13)4/h5-10H,1-4H3	Verdoracine	CC=CC1=C(C=CC(=C1)C(C)C)C	4.4000001	84398;6537927;21116011	NORMAN:(NS00013160);COCONUT:(CNP0336555);HMDB:(61824);PubChem:(84398 6537927 21116011);CHEBI:(88593);PubChem class - bio and metabolites;PubChem class - safety and toxic	86245418
7	1	N/A	-160.35591020959203	C13H18	[M + H]+	HAJCPKILGSUXNO	InChI=1S/C13H18/c1-4-5-6-12(3)13-9-7-11(2)8-10-13/h4,7-10,12H,1,5-6H2,2-3H3	null	CC1=CC=C(C=C1)C(C)CCC=C	4.52618885	""	COCONUT:(CNP0003610)	2097152
8	1	N/A	-170.9590293487648	C13H18	[M + H]+	LTMQZVLXCLQPCT	InChI=1S/C13H18/c1-10-6-7-12-11(9-10)5-4-8-13(12,2)3/h6-7,9H,4-5,8H2,1-3H3	Ionene	CC1=CC2=C(C=C1)C(CCC2)(C)C	4.5	68057	NORMAN:(NS00022213);COCONUT:(CNP0291363);HMDB:(59826);Natural Products:(UNPD92408);PubChem class - food;PubChem:(68057);YMDB Mine;CHEBI:(87604);PubChem class - safety and toxic;PubMed	34563457130
9	1	N/A	-173.31841857863105	C13H18	[M + H]+	FMZITCJWMYHQFG	InChI=1S/C13H18/c1-7-4-10-6-11(7)13-9-3-2-8(5-9)12(10)13/h2-3,7-13H,4-6H2,1H3	1,2,3,4,4a,5,8,8a-Octahydro-2-methyl-1,4:5,8-dimethanonaphthalene	CC1CC2CC1C3C2C4CC3C=C4	3.70000005	89528;10954026;59169052;59169055;59169061;59169062;59217490;90856331;90898124;91173625;91347357;101700072;101919041;101988386;137325553	PubChem:(89528 10954026 59169052 59169055 59169061 59169062 59217490 90856331 90898124 91173625 91347357 101700072 101919041 101988386 137325553);NORMAN:(NS00051189)	262146
10	1	N/A	-182.8929483104193	C13H18	[M + H]+	VJFBUCVRMBYHAH	InChI=1S/C13H18/c1-9-7-11(3)12-6-4-5-10(2)13(12)8-9/h7-8,10H,4-6H2,1-3H3	1,2,3,4-Tetrahydro-1,5,7-trimethylnaphthalene	CC1CCCC2=C(C=C(C=C12)C)C	4.4000001	529436	COCONUT:(CNP0186855);HMDB:(59696);PubChem:(529436);CHEBI:(89475)	2097194
11	1	N/A	-215.36654076058298	C13H18	[M + H]+	NZIYCOOLMANTHT	InChI=1S/C13H18/c1-11-7-9-13(10-8-11)12-5-3-2-4-6-12/h2-6,11,13H,7-10H2,1H3	Benzene, (4-methylcyclohexyl)-	CC1CCC(CC1)C2=CC=CC=C2	4.32091331	12249382	PubChem:(12249382);PubChem class - safety and toxic	67108866
12	1	N/A	-218.88806173014495	C13H18	[M + H]+	AHHIZGRCBJEBIX	InChI=1S/C13H18/c1-3-7-12(8-4-1)11-13-9-5-2-6-10-13/h1,3-4,7-8,13H,2,5-6,9-11H2	cyclohexylmethylbenzene	C1CCC(CC1)CC2=CC=CC=C2	4.9000001	20444	PubChem class - safety and toxic;PubChem:(20444);PubMed	67108930