structureRankPerFormula	formulaRank	ConfidenceScore	CSI:FingerIDScore	molecularFormula	adduct	InChIkey2D	InChI	name	smiles	xlogp	pubchemids	links	dbflags
1	1	N/A	-184.8450761600169	C16H35NO4	[M - H2O + H]+	QGPVUDVUQJTALV	InChI=1S/C16H36NO4/c1-3-4-5-6-7-8-13-21-15-16(20)14-17(2,9-11-18)10-12-19/h16,18-20H,3-15H2,1-2H3/q+1	bis(2-hydroxyethyl)-(2-hydroxy-3-octoxypropyl)-methylazanium	CCCCCCCCOCC(C[N+](C)(CCO)CCO)O	1.60000002	14415758	PubChem:(14415758);NORMAN:(NS00063320)	262146
1	1	0.6651314847772557	-36.69790789961509	C16H33NO3	[M + H]+	AOMUHOFOVNGZAN	InChI=1S/C16H33NO3/c1-2-3-4-5-6-7-8-9-10-11-16(20)17(12-14-18)13-15-19/h18-19H,2-15H2,1H3	Lalmin D	CCCCCCCCCCCC(=O)N(CCO)CCO	3.5	8430;138396113	HMDB:(32358);PubChem class - food;Maconda:(CON00046);additional;HSDB:(120-40-1);MeSH:(8430);PubMed;NORMAN:(NS00010591);COCONUT:(CNP0388189);PubChem:(8430 138396113);CHEBI:(143726);PubChem class - bio and metabolites;PubChem class - safety and toxic;PubChem class - drug	254543470
2	1	N/A	-108.07730458070323	C16H33NO3	[M + H]+	SIFSGJHNINUHSG	InChI=1S/C16H33NO3/c1-2-3-4-5-6-7-8-9-10-11-16(19)17-12-14-20-15-13-18/h18H,2-15H2,1H3,(H,17,19)	PEG-3 Lauramide	CCCCCCCCCCCC(=O)NCCOCCO	3.9000001	168575	PubChem:(168575);NORMAN:(NS00013947)	262146
3	1	N/A	-162.24480569248206	C16H33NO3	[M + H]+	ZWFIOMMJZOLCQZ	InChI=1S/C16H33NO3/c1-3-4-5-6-7-8-9-10-11-15(18)14-17(2)13-12-16(19)20/h15,18H,3-14H2,1-2H3,(H,19,20)	null	CCCCCCCCCCC(CN(C)CCC(=O)O)O	1.89999998	56842620	PubChem:(56842620);NORMAN:(NS00057506)	262146
4	1	N/A	-200.9342689021856	C16H33NO3	[M + H]+	IHLUAFQQQDFWPJ	InChI=1S/C16H33NO3/c1-2-3-4-5-6-7-8-9-10-11-12-13-20-14-15(17)16(18)19/h15H,2-14,17H2,1H3,(H,18,19)	2-amino-3-tridecoxypropanoic acid	CCCCCCCCCCCCCOCC(C(=O)O)N	2.5999999	3636267;3636268;16395440	COCONUT:(CNP0326494);PubChem:(3636267 3636268 16395440);SuperNatural:(SN00105629);ZINC bio:(ZINC70665010)	3153922
5	1	N/A	-250.94360985457968	C16H33NO3	[M + H]+	SEUBYHFHBZVRCC	InChI=1S/C16H33NO3/c1-2-14(19)9-7-5-3-4-6-8-13-10-11-16(20)15(12-18)17-13/h13-20H,2-12H2,1H3	Prosopinine	CCC(CCCCCCCC1CCC(C(N1)CO)O)O	3.0	42608371	PubChem:(42608371);PubMed;CHEBI:(73903)	98
6	1	N/A	-289.75121085625483	C16H33NO3	[M + H]+	CMBVQXWTMHCRGN	InChI=1S/C16H33NO3/c1-5-8-11-17(12-9-6-2)15(19)20-14-16(4,13-18)10-7-3/h18H,5-14H2,1-4H3	2-(hydroxymethyl)-2-methylpentyl dibutylcarbamate	CCCCN(CCCC)C(=O)OCC(C)(CCC)CO	4.0	212904;124305494;124305495	PubChem:(212904 124305494 124305495);PubChem class - safety and toxic	67108866